# Blender 4.5.4 LTS
# www.blender.org
mtllib El sağ.mtl
o Plane
v 3.565043 0.398300 -0.380585
v 3.707284 0.413334 -0.393085
v 3.792694 0.426941 -0.396044
v 3.871418 0.429287 -0.399949
v 3.444801 0.394072 -0.368122
v 3.348191 0.380520 -0.356561
v 3.274351 0.345163 -0.340156
v 3.213946 0.308345 -0.325237
v 3.154083 0.266892 -0.309491
v 3.089737 0.213321 -0.303811
v 3.011665 0.145402 -0.334096
v 2.937847 0.049614 -0.385955
v 2.917702 -0.072713 -0.401900
v 2.967098 -0.201199 -0.364279
v 3.095477 -0.281856 -0.350706
v 3.217339 -0.319329 -0.361014
v 3.336859 -0.328333 -0.385268
v 3.444881 -0.320612 -0.401701
v 3.549908 -0.295514 -0.411826
v 3.659315 -0.269536 -0.416052
v 3.767542 -0.266454 -0.418729
v 3.878652 -0.272898 -0.421048
v 3.993426 -0.271981 -0.421793
v 4.086160 -0.265150 -0.422726
v 4.254108 -0.258715 -0.420859
v 4.371561 -0.268781 -0.418292
v 4.496582 -0.278352 -0.417336
v 4.605145 -0.268801 -0.415011
v 4.708784 -0.240695 -0.413228
v 4.794053 -0.202286 -0.411383
v 4.861238 -0.154271 -0.410356
v 4.907886 -0.098387 -0.408551
v 4.932744 -0.038497 -0.406562
v 4.937205 0.025525 -0.405149
v 4.920197 0.089297 -0.404045
v 4.878833 0.152133 -0.403689
v 4.804794 0.221151 -0.404677
v 4.709373 0.291637 -0.405215
v 4.624416 0.346103 -0.408038
v 4.544581 0.380018 -0.411839
v 4.461193 0.402615 -0.413347
v 4.366362 0.418957 -0.410818
v 4.284886 0.423232 -0.410324
v 4.204035 0.416909 -0.409646
v 4.124389 0.409896 -0.408322
v 4.035619 0.410538 -0.406412
v 3.952154 0.419999 -0.403193
v 3.867994 0.409242 -0.591955
v 3.789244 0.404257 -0.585652
v 3.699404 0.388119 -0.587827
v 3.562949 0.378899 -0.576268
v 3.441674 0.380146 -0.572546
v 3.324257 0.381240 -0.571630
v 3.237337 0.353666 -0.559006
v 3.181145 0.310723 -0.550270
v 3.131361 0.262158 -0.543738
v 3.083304 0.202985 -0.540455
v 3.030354 0.125404 -0.545042
v 2.989379 0.034822 -0.549058
v 2.985227 -0.074837 -0.551813
v 3.031408 -0.177541 -0.550005
v 3.115538 -0.252930 -0.546398
v 3.228950 -0.301149 -0.551247
v 3.343399 -0.322493 -0.558856
v 3.452488 -0.316822 -0.563741
v 3.561191 -0.291151 -0.574528
v 3.666601 -0.276725 -0.584663
v 3.772627 -0.284910 -0.594775
v 3.876190 -0.293189 -0.600620
v 3.988111 -0.288004 -0.603971
v 4.085144 -0.276385 -0.608411
v 4.263431 -0.274635 -0.610128
v 4.377481 -0.288575 -0.610241
v 4.498652 -0.285277 -0.605609
v 4.609621 -0.258570 -0.598723
v 4.712041 -0.218231 -0.592700
v 4.794069 -0.175501 -0.587709
v 4.854371 -0.132817 -0.587243
v 4.898113 -0.087111 -0.584782
v 4.926046 -0.035077 -0.582416
v 4.939036 0.028889 -0.577007
v 4.930455 0.093723 -0.573177
v 4.896143 0.160984 -0.571665
v 4.830472 0.233858 -0.574632
v 4.741557 0.305265 -0.581708
v 4.656060 0.349035 -0.587140
v 4.561630 0.370880 -0.586726
v 4.477027 0.383331 -0.590004
v 4.384512 0.394596 -0.591519
v 4.302495 0.398327 -0.591557
v 4.221333 0.392324 -0.595391
v 4.134778 0.384136 -0.598121
v 4.041065 0.384775 -0.599779
v 3.947738 0.397227 -0.598857
v 3.683455 0.364832 -0.749220
v 3.542231 0.355119 -0.737769
v 3.658603 0.337294 -0.902799
v 3.507892 0.319470 -0.891970
v 3.585687 0.269784 -1.097161
v 3.473839 0.264435 -1.069167
v 3.470069 0.211373 -1.150058
v 3.565446 0.218138 -1.163677
v 3.470627 0.151975 -1.205540
v 3.557009 0.159891 -1.206640
v 3.489540 0.071454 -1.226440
v 3.491075 0.009176 -1.224738
v 3.471087 -0.069469 -1.197570
v 3.462856 -0.131335 -1.135229
v 3.448883 -0.176397 -1.069365
v 3.541609 0.075335 -1.225457
v 3.560266 0.013032 -1.230764
v 3.600888 -0.071435 -1.207793
v 3.625922 -0.149947 -1.130401
v 3.627149 -0.197785 -1.037665
v 3.422417 0.307794 -0.997289
v 3.312662 0.342413 -0.986425
v 3.417172 0.335634 -0.884892
v 3.307131 0.362318 -0.878762
v 3.212053 0.362048 -0.874539
v 3.211995 0.338813 -0.980997
v 3.139917 0.308992 -0.877409
v 3.143888 0.289214 -0.987131
v 3.082480 0.235147 -0.886039
v 3.089573 0.218403 -0.999623
v 3.049035 0.132427 -0.998712
v 3.041493 0.157938 -0.880759
v 3.020613 0.064534 -0.862241
v 3.032995 0.035963 -0.983835
v 3.047514 -0.065748 -0.970615
v 3.027987 -0.033049 -0.847175
v 3.064270 -0.124304 -0.841970
v 3.091692 -0.154466 -0.961152
v 3.223524 -0.224433 -0.966648
v 3.196569 -0.239454 -0.848733
v 3.303041 -0.273377 -0.867164
v 3.421698 -0.222621 -0.995782
v 3.407798 -0.275504 -0.880999
v 3.611274 -0.244785 -0.899179
v 3.427341 0.361935 -0.731502
v 3.311228 0.377584 -0.733481
v 3.220148 0.365293 -0.728645
v 3.157587 0.315568 -0.727385
v 3.100977 0.251907 -0.729150
v 3.057137 0.186509 -0.725101
v 3.022989 0.104671 -0.717630
v 3.008491 0.009484 -0.706056
v 3.025835 -0.093363 -0.700437
v 3.146456 -0.201204 -0.959225
v 3.117071 -0.191491 -0.841273
v 3.073358 -0.179168 -0.699696
v 3.150622 -0.248891 -0.702849
v 3.262718 -0.300788 -0.714081
v 3.373244 -0.315596 -0.724736
v 3.482404 -0.299150 -0.726078
v 3.638333 0.403534 -0.387658
v 3.633757 0.381401 -0.582975
v 3.612433 0.356816 -0.745636
v 3.573536 0.320430 -0.899177
v 3.527784 0.249088 -1.081514
v 3.514325 0.190841 -1.150079
v 3.513648 0.134688 -1.187930
v 3.536783 -0.183634 -1.035480
v 3.555267 -0.119580 -1.126987
v 3.546770 -0.052668 -1.181737
v 3.530944 0.012415 -1.207182
v 3.519716 0.074939 -1.207434
v 3.516333 -0.251972 -0.890981
v 3.587846 -0.278692 -0.732062
v 3.767283 0.369669 -0.896229
v 3.782902 0.384259 -0.741270
v 3.867383 0.389185 -0.744957
v 3.864790 0.370839 -0.899250
v 3.948991 0.345474 -0.917697
v 3.946561 0.372721 -0.753519
v 4.043586 0.356507 -0.753144
v 4.247353 0.342207 -0.911800
v 4.141369 0.356656 -0.753560
v 4.235792 0.368313 -0.750174
v 4.323666 0.375929 -0.744341
v 4.340868 0.359302 -0.905180
v 4.412081 0.368928 -0.746638
v 4.433213 0.349100 -0.906748
v 4.690796 0.325192 -0.907260
v 4.772918 0.310337 -0.903426
v 4.846635 0.265197 -0.891189
v 4.495547 0.357325 -0.744762
v 4.581898 0.351181 -0.745543
v 4.678177 0.346410 -0.743292
v 4.763141 0.316737 -0.739880
v 4.842409 0.252413 -0.731584
v 4.916904 0.194998 -0.888507
v 4.907071 0.174780 -0.729910
v 4.951635 0.078296 -0.894589
v 4.939321 0.052355 -0.743883
v 4.934503 0.113649 -0.737115
v 4.945304 0.137243 -0.891360
v 4.927228 -0.012230 -0.750833
v 4.942721 0.009215 -0.902927
v 4.900450 -0.064363 -0.753945
v 4.914638 -0.048843 -0.906905
v 4.863209 -0.095646 -0.909697
v 4.797354 -0.127998 -0.913132
v 4.707901 -0.168365 -0.918276
v 4.612733 -0.213909 -0.919094
v 4.503138 -0.255241 -0.921175
v 4.856248 -0.108654 -0.756426
v 4.797343 -0.147634 -0.757762
v 4.712232 -0.194876 -0.766666
v 4.613821 -0.242469 -0.775363
v 4.505282 -0.281258 -0.782458
v 4.375444 -0.275940 -0.918459
v 4.379359 -0.298678 -0.783709
v 4.258436 -0.261993 -0.915282
v 4.261262 -0.283339 -0.780693
v 4.166941 -0.245877 -0.915501
v 4.073448 -0.246531 -0.916763
v 4.168490 -0.270842 -0.776294
v 3.984478 -0.260266 -0.918154
v 3.987593 -0.288035 -0.767458
v 3.891392 -0.272703 -0.919721
v 3.882338 -0.297603 -0.761577
v 3.795071 -0.270487 -0.914906
v 3.783540 -0.292565 -0.753312
v 3.695162 -0.256174 -0.906319
v 3.680873 -0.279212 -0.741286
v 4.080459 -0.276227 -0.772264
v 4.171101 -0.258713 -0.421868
v 4.172998 -0.269037 -0.609061
v 3.314600 -0.232694 -0.981599
v 3.701102 -0.225201 -1.031896
v 3.798455 -0.248437 -1.032749
v 3.893144 -0.244143 -1.031969
v 3.979060 -0.220480 -1.027874
v 4.064828 -0.200716 -1.028274
v 4.168344 -0.201524 -1.024260
v 4.255356 -0.219029 -1.018502
v 4.368352 -0.233674 -1.020411
v 4.494625 -0.216183 -1.020240
v 4.605356 -0.171157 -1.019310
v 4.699555 -0.134351 -1.020666
v 4.790815 -0.113093 -1.019033
v 4.864480 -0.088815 -1.016798
v 4.923600 -0.041341 -1.017264
v 4.952834 0.017613 -1.015000
v 4.961074 0.091239 -1.012158
v 4.953081 0.151336 -1.011829
v 4.922438 0.205738 -1.010882
v 4.847963 0.266200 -1.009661
v 4.777476 0.300162 -1.013087
v 4.700213 0.303248 -1.015846
v 4.622299 0.282553 -1.021967
v 4.536031 0.297179 -1.020455
v 4.444887 0.340792 -1.015924
v 4.347605 0.355170 -1.021725
v 4.249974 0.324055 -1.032221
v 4.157505 0.283122 -1.041697
v 4.058429 0.284438 -1.039253
v 3.948647 0.330090 -1.031537
v 3.859155 0.363212 -1.024689
v 3.748905 0.356198 -1.021964
v 3.621061 0.306245 -1.015810
v 3.548251 0.286851 -1.006614
v 3.498702 0.288069 -0.999881
v 4.149271 0.320406 -0.913249
v 4.049728 0.317965 -0.917650
v 4.601113 0.313504 -0.907298
v 4.516382 0.324235 -0.906892
v 4.153874 0.246341 -1.114691
v 4.073642 0.247516 -1.115522
v 4.167368 0.140048 -1.230063
v 4.098345 0.134722 -1.221772
v 4.122070 0.037426 -1.235280
v 4.160720 0.046450 -1.245967
v 4.102294 -0.063244 -1.210699
v 4.177786 -0.047196 -1.227944
v 4.073293 -0.162172 -1.092147
v 4.161008 -0.162999 -1.087713
v 4.593244 -0.089686 -1.159575
v 4.672096 -0.072102 -1.152631
v 4.661222 -0.033607 -1.204456
v 4.582688 -0.038195 -1.229468
v 4.654207 0.026982 -1.248771
v 4.601553 0.039670 -1.249362
v 4.648150 0.123672 -1.262075
v 4.602411 0.109415 -1.257999
v 4.643189 0.178581 -1.223394
v 4.581138 0.189016 -1.230918
v 4.636126 0.215312 -1.164911
v 4.572777 0.229154 -1.163707
v 4.626614 0.249875 -1.098295
v 4.558794 0.261491 -1.098500
v 4.084201 0.202220 -1.175846
v 4.158300 0.201939 -1.174847
v 4.254017 -0.185156 -1.093083
v 4.371482 -0.206904 -1.102301
v 4.493022 -0.187396 -1.097712
v 4.687092 -0.105049 -1.089817
v 4.600794 -0.132454 -1.090322
v 4.261078 -0.123750 -1.237478
v 4.383402 -0.169908 -1.251862
v 4.489496 -0.139409 -1.246899
v 4.085734 -0.118905 -1.152201
v 4.162604 -0.115547 -1.151178
v 4.254556 -0.151417 -1.167044
v 4.380992 -0.186413 -1.186082
v 4.494268 -0.160088 -1.179933
v 3.982805 -0.188288 -1.104025
v 3.893023 -0.226689 -1.115752
v 3.800932 -0.235415 -1.122456
v 3.705059 -0.201437 -1.126862
v 4.969057 0.086905 -1.147443
v 4.961001 0.145737 -1.148348
v 4.977703 0.073608 -1.259084
v 4.968847 0.130962 -1.262610
v 4.998619 0.049469 -1.430316
v 4.987070 0.104064 -1.439348
v 5.016109 0.034091 -1.558514
v 5.003749 0.088014 -1.565468
v 5.030363 0.018435 -1.711216
v 5.018818 0.072382 -1.718799
v 5.042015 -0.002203 -1.851611
v 5.034080 0.051206 -1.861677
v 5.058016 -0.029098 -1.979914
v 5.051179 0.022952 -1.991438
v 5.073334 -0.063374 -2.115837
v 5.064777 -0.012277 -2.127609
v 5.080471 -0.094281 -2.253098
v 5.070191 -0.045519 -2.260626
v 5.079006 -0.112401 -2.370730
v 5.071379 -0.067649 -2.379459
v 5.054994 -0.132107 -2.437084
v 5.050311 -0.078628 -2.459628
v 4.935381 -0.134035 -2.458994
v 4.934148 -0.074843 -2.479052
v 4.996882 -0.079232 -2.494031
v 4.996726 -0.136277 -2.468643
v 4.931296 0.197736 -1.151453
v 4.855398 0.253350 -1.155956
v 4.937316 0.184540 -1.269139
v 4.860373 0.237799 -1.275125
v 4.953199 0.155339 -1.448371
v 4.876684 0.206800 -1.453750
v 4.967644 0.139396 -1.574073
v 4.890610 0.189561 -1.580307
v 4.983381 0.123925 -1.727670
v 4.906731 0.173952 -1.733844
v 5.001823 0.104302 -1.870187
v 4.926504 0.156367 -1.876163
v 5.018432 0.075477 -1.999635
v 4.941930 0.128887 -2.002934
v 5.028838 0.036862 -2.137461
v 4.955345 0.083444 -2.135193
v 5.035909 0.000984 -2.267301
v 4.968714 0.042200 -2.264541
v 5.043334 -0.026010 -2.387327
v 4.987614 0.007044 -2.397897
v 5.037737 -0.039924 -2.453446
v 4.996358 -0.025027 -2.472508
v 4.783105 0.275184 -1.159937
v 4.712570 0.257327 -1.163870
v 4.788359 0.249036 -1.276212
v 4.724814 0.215292 -1.274685
v 4.808442 0.210008 -1.454271
v 4.755157 0.173259 -1.452484
v 4.822553 0.188330 -1.583552
v 4.771451 0.153812 -1.581765
v 4.840703 0.172320 -1.737325
v 4.794434 0.140456 -1.737311
v 4.866042 0.157892 -1.881334
v 4.822170 0.126178 -1.883266
v 4.885084 0.130213 -2.006969
v 4.844779 0.098999 -2.009460
v 4.902480 0.085385 -2.135045
v 4.865373 0.056576 -2.138431
v 4.922120 0.042497 -2.264614
v 4.886167 0.013291 -2.269195
v 4.943426 0.001061 -2.402365
v 4.908494 -0.032346 -2.408322
v 4.957748 -0.026893 -2.470260
v 4.957170 0.150750 -1.084338
v 4.965256 0.091021 -1.083643
v 4.851393 0.260560 -1.086209
v 4.926925 0.203398 -1.085245
v 4.705178 0.280836 -1.092248
v 4.780187 0.288300 -1.088691
v 4.965657 0.137227 -1.214398
v 4.973950 0.079441 -1.212172
v 4.858467 0.244854 -1.225086
v 4.934737 0.190486 -1.219534
v 4.719882 0.234169 -1.229481
v 4.786939 0.260299 -1.228123
v 4.956977 0.019086 -1.083223
v 4.927073 -0.037613 -1.083004
v 4.863410 -0.083798 -1.083053
v 4.782087 -0.101512 -1.085653
v 4.771034 -0.076707 -1.203051
v 4.864109 -0.075344 -1.204097
v 4.933230 -0.035014 -1.206430
v 4.965342 0.016378 -1.209303
v 4.961023 0.018337 -1.147287
v 4.930160 -0.035867 -1.145706
v 4.863480 -0.079296 -1.144308
v 4.775544 -0.089469 -1.146322
v 4.692547 0.025305 -1.326082
v 4.686328 0.112002 -1.332312
v 4.717975 0.017418 -1.440986
v 4.713267 0.097937 -1.446427
v 4.735446 0.009068 -1.567729
v 4.730846 0.086536 -1.574328
v 4.759987 -0.000474 -1.718793
v 4.756919 0.080002 -1.728562
v 4.785852 -0.017886 -1.869988
v 4.785663 0.065090 -1.878009
v 4.974820 0.120002 -1.332478
v 4.984914 0.062943 -1.326479
v 4.865622 0.226258 -1.343753
v 4.942585 0.172972 -1.339641
v 4.737147 0.198592 -1.338791
v 4.795018 0.234588 -1.340937
v 4.810128 -0.044432 -1.999439
v 4.834708 -0.077854 -2.129437
v 4.860761 -0.104593 -2.259798
v 4.893655 -0.124118 -2.392492
v 4.894072 -0.069273 -2.404534
v 4.811497 0.039952 -2.006598
v 4.834904 0.001972 -2.134692
v 4.860992 -0.034756 -2.265352
v 4.769913 -0.064955 -1.254394
v 4.866367 -0.073784 -1.256932
v 4.936287 -0.036535 -1.255868
v 4.969420 0.013540 -1.257232
v 4.781056 -0.065104 -1.325906
v 4.874256 -0.076193 -1.324683
v 4.943791 -0.040754 -1.322852
v 4.977614 0.008477 -1.324359
v 4.960027 -0.050803 -1.428869
v 4.992527 -0.001723 -1.427291
v 4.977287 -0.065292 -1.557288
v 5.009472 -0.017080 -1.555288
v 4.991175 -0.080115 -1.709115
v 5.023308 -0.031638 -1.708387
v 5.003466 -0.099055 -1.844108
v 5.033778 -0.051620 -1.846645
v 5.021012 -0.125287 -1.969833
v 5.049679 -0.077579 -1.973307
v 5.037971 -0.156687 -2.103671
v 5.065970 -0.110334 -2.108479
v 5.041891 -0.177234 -2.244410
v 5.072919 -0.134826 -2.248230
v 5.039415 -0.176239 -2.368543
v 5.070670 -0.144502 -2.366572
v 4.800838 -0.074717 -1.437730
v 4.891945 -0.086222 -1.432728
v 4.819518 -0.087337 -1.566723
v 4.911451 -0.099762 -1.561859
v 4.839396 -0.100419 -1.718096
v 4.928559 -0.113753 -1.713205
v 4.860034 -0.119794 -1.853571
v 4.945904 -0.132161 -1.844882
v 4.880270 -0.147582 -1.980217
v 4.966554 -0.158993 -1.970496
v 4.902509 -0.177275 -2.112148
v 4.987278 -0.187868 -2.103920
v 4.918764 -0.189754 -2.247326
v 4.993427 -0.202379 -2.242455
v 4.932266 -0.180855 -2.375614
v 4.993595 -0.191601 -2.372525
v 4.456802 0.334794 -1.098896
v 4.352896 0.356499 -1.106728
v 4.463935 0.329451 -1.162582
v 4.356405 0.357399 -1.170013
v 4.465300 0.323630 -1.227464
v 4.357710 0.356221 -1.234398
v 4.460472 0.315726 -1.326100
v 4.357029 0.346379 -1.334399
v 4.357046 0.323027 -1.483554
v 4.456688 0.299011 -1.475674
v 4.377632 0.207551 -2.164349
v 4.470770 0.191802 -2.160620
v 4.472302 0.237650 -2.006720
v 4.376840 0.253611 -2.007311
v 4.371573 0.284812 -1.850801
v 4.468803 0.268379 -1.847483
v 4.460180 0.281648 -1.658269
v 4.362897 0.300197 -1.666276
v 4.377707 0.167217 -2.332730
v 4.470056 0.150806 -2.323164
v 4.381875 0.142337 -2.447327
v 4.473571 0.123610 -2.438297
v 4.388138 0.102372 -2.563008
v 4.478173 0.083424 -2.555902
v 4.398103 0.036924 -2.720698
v 4.483586 0.026100 -2.712132
v 4.408674 -0.011460 -2.852947
v 4.489148 -0.016486 -2.842781
v 4.583905 0.007284 -1.429628
v 4.583764 0.090781 -1.441107
v 4.590397 -0.007312 -1.614126
v 4.588572 0.078317 -1.622965
v 4.600072 -0.015604 -1.821951
v 4.598286 0.070977 -1.829838
v 4.595711 -0.035074 -1.990742
v 4.594996 0.048968 -1.994429
v 4.586214 -0.060329 -2.134248
v 4.585255 0.018958 -2.140505
v 4.583321 -0.089681 -2.281219
v 4.581839 -0.012250 -2.287262
v 4.584728 -0.115611 -2.401558
v 4.583228 -0.040516 -2.408829
v 4.582080 -0.139935 -2.524271
v 4.580858 -0.066830 -2.532013
v 4.576867 -0.168115 -2.679629
v 4.575235 -0.096920 -2.686769
v 4.574206 -0.190356 -2.810598
v 4.573009 -0.123781 -2.817227
v 4.588543 0.027675 -1.305458
v 4.588671 0.104584 -1.313164
v 4.246314 0.314397 -1.111070
v 4.245184 0.304257 -1.173762
v 4.247995 0.295059 -1.234740
v 4.252944 0.290250 -1.331624
v 4.262592 0.271859 -1.477658
v 4.274472 0.249740 -1.663031
v 4.283560 0.235116 -1.850000
v 4.291854 0.206152 -2.004236
v 4.298765 0.164569 -2.162376
v 4.302909 0.128831 -2.330970
v 4.316958 0.067086 -2.556577
v 4.334827 0.002732 -2.718516
v 4.353785 -0.044565 -2.853232
v 4.308057 0.102694 -2.443176
v 4.543730 0.083729 -2.306024
v 4.546771 0.118995 -2.153088
v 4.553135 0.159605 -2.002039
v 4.543686 -0.059335 -2.828281
v 4.556731 0.202780 -1.318781
v 4.553092 0.185631 -1.840043
v 4.542898 -0.022738 -2.698783
v 4.544867 0.194427 -1.640889
v 4.545196 0.021973 -2.543512
v 4.546003 0.201525 -1.459241
v 4.545112 0.056447 -2.423240
v 4.558156 -0.049868 -1.306199
v 4.484282 -0.131361 -1.314766
v 4.551735 -0.069252 -1.432220
v 4.484923 -0.133894 -1.431788
v 4.558247 -0.081633 -1.615823
v 4.494035 -0.141172 -1.613731
v 4.567583 -0.091889 -1.821359
v 4.504438 -0.151036 -1.819817
v 4.566076 -0.104676 -1.990850
v 4.509777 -0.160622 -1.987180
v 4.560172 -0.121053 -2.133032
v 4.511648 -0.172218 -2.130907
v 4.558187 -0.144776 -2.280230
v 4.514612 -0.190424 -2.280057
v 4.559985 -0.165545 -2.399274
v 4.518891 -0.206948 -2.397877
v 4.559253 -0.189164 -2.522662
v 4.521760 -0.227922 -2.522609
v 4.557425 -0.219003 -2.678640
v 4.523907 -0.256420 -2.678288
v 4.556738 -0.241237 -2.809686
v 4.525647 -0.277952 -2.810740
v 4.268641 -0.107792 -1.314524
v 4.385487 -0.156690 -1.318122
v 4.275766 -0.106512 -1.426822
v 4.391441 -0.153949 -1.429386
v 4.285917 -0.119621 -1.620495
v 4.402574 -0.161549 -1.612609
v 4.297262 -0.136524 -1.813613
v 4.413897 -0.172941 -1.816170
v 4.309759 -0.152538 -1.979147
v 4.423414 -0.185057 -1.982899
v 4.323066 -0.169445 -2.124884
v 4.431839 -0.198647 -2.129275
v 4.333413 -0.188784 -2.279457
v 4.440976 -0.215631 -2.279549
v 4.341519 -0.206833 -2.396962
v 4.447943 -0.231211 -2.395737
v 4.349501 -0.229956 -2.524024
v 4.453952 -0.252130 -2.521941
v 4.363018 -0.265581 -2.686612
v 4.460015 -0.282327 -2.679522
v 4.374546 -0.288271 -2.822448
v 4.465599 -0.303294 -2.814110
v 4.182684 0.068487 -1.326089
v 4.203942 -0.022177 -1.319521
v 4.196579 0.083244 -1.452935
v 4.214490 -0.021501 -1.436325
v 4.207163 0.081109 -1.643953
v 4.222963 -0.035100 -1.633087
v 4.213521 0.069827 -1.834545
v 4.230944 -0.053645 -1.822901
v 4.227629 0.046641 -1.993914
v 4.245573 -0.073657 -1.985095
v 4.243137 0.015999 -2.145928
v 4.260411 -0.092863 -2.131470
v 4.252776 -0.011330 -2.306114
v 4.269986 -0.112691 -2.289976
v 4.259133 -0.036707 -2.420105
v 4.277350 -0.133347 -2.407119
v 4.270040 -0.065167 -2.540722
v 4.286641 -0.158511 -2.530172
v 4.288279 -0.110395 -2.696982
v 4.302117 -0.196687 -2.686972
v 4.307958 -0.146637 -2.832636
v 4.319132 -0.225532 -2.822171
v 4.191145 0.167989 -1.327211
v 4.209773 0.182168 -1.462030
v 4.225644 0.174677 -1.651658
v 4.234054 0.163589 -1.843158
v 4.246094 0.138776 -1.999560
v 4.259365 0.104380 -2.156300
v 4.266955 0.073609 -2.321153
v 4.272060 0.047803 -2.432837
v 4.282968 0.014494 -2.548678
v 4.302527 -0.044162 -2.708831
v 4.323020 -0.087176 -2.845684
v 4.421273 -0.075158 -2.996950
v 4.494937 -0.079557 -2.988645
v 4.415721 -0.136180 -3.060675
v 4.497298 -0.139504 -3.054951
v 4.390910 -0.287782 -2.972347
v 4.473140 -0.303249 -2.965877
v 4.407659 -0.251658 -3.044812
v 4.498498 -0.260794 -3.037308
v 4.352515 -0.244801 -2.982273
v 4.361290 -0.130132 -3.002027
v 4.383597 -0.095609 -3.000171
v 4.497525 -0.198625 -3.060995
v 4.413548 -0.199383 -3.066368
v 4.349567 -0.186359 -2.997163
v 4.537610 -0.111715 -2.983472
v 4.556610 -0.168544 -2.979470
v 4.555842 -0.224484 -2.970850
v 4.541217 -0.264682 -2.964194
v 4.517900 -0.289986 -2.962141
v 3.856370 0.360297 -1.107381
v 3.737943 0.346027 -1.105996
v 3.855461 0.356239 -1.170756
v 3.732887 0.332527 -1.169516
v 3.856092 0.350846 -1.223094
v 3.733045 0.320697 -1.219062
v 3.854017 0.323158 -1.450854
v 3.746507 0.293402 -1.451532
v 3.849414 0.292147 -1.695921
v 3.746291 0.270066 -1.697725
v 3.838783 0.251325 -1.931112
v 3.734676 0.235513 -1.932230
v 3.824867 0.209696 -2.147393
v 3.720795 0.193802 -2.148758
v 3.813145 0.157924 -2.358694
v 3.713357 0.143256 -2.360284
v 3.802313 0.123626 -2.560824
v 3.704955 0.111356 -2.559958
v 3.797404 0.090813 -2.712183
v 3.699872 0.082709 -2.707925
v 3.795874 0.056153 -2.817204
v 3.699283 0.049612 -2.813987
v 3.791818 -0.002896 -2.987442
v 3.700338 -0.004646 -2.974198
v 3.787553 -0.102360 -3.234641
v 3.694434 -0.106786 -3.212272
v 3.639116 0.170324 -1.445674
v 3.658795 0.171360 -1.692040
v 3.651075 0.159281 -1.920985
v 3.641440 0.130510 -2.135452
v 3.642625 0.094619 -2.350364
v 3.637034 0.063281 -2.551830
v 3.629678 0.037954 -2.698001
v 3.629015 0.010349 -2.806530
v 3.638141 -0.035846 -2.966736
v 3.953663 0.304426 -1.175039
v 3.951564 0.318098 -1.110497
v 3.955341 0.290067 -1.224351
v 3.937105 0.263782 -1.447293
v 4.026579 0.119669 -1.443237
v 3.930623 0.233890 -1.690111
v 4.003172 0.094537 -1.687194
v 3.920118 0.198425 -1.925326
v 3.993380 0.070032 -1.923935
v 3.907605 0.163020 -2.140910
v 3.980610 0.042819 -2.138740
v 3.888830 0.116765 -2.356887
v 3.952200 0.007337 -2.356675
v 3.872869 0.083086 -2.563035
v 3.929104 -0.017873 -2.564267
v 3.863499 0.055115 -2.714298
v 3.920436 -0.032713 -2.714040
v 3.859062 0.026187 -2.818175
v 3.916260 -0.050684 -2.817956
v 3.849979 -0.027025 -2.988064
v 3.907022 -0.091184 -2.977536
v 3.834187 -0.116621 -3.231373
v 3.879582 -0.175397 -3.205000
v 3.607064 0.086577 -1.447243
v 3.607214 0.024480 -1.446383
v 3.624897 0.098113 -1.689737
v 3.616678 0.032464 -1.688324
v 3.618879 0.094481 -1.916220
v 3.611111 0.030217 -1.914276
v 3.612142 0.075642 -2.130344
v 3.604692 0.013380 -2.129008
v 3.612709 0.048389 -2.345889
v 3.602153 -0.012484 -2.343274
v 3.608823 0.019411 -2.546768
v 3.598504 -0.041447 -2.545541
v 3.601328 -0.004602 -2.692113
v 3.591932 -0.063678 -2.692259
v 3.599965 -0.028473 -2.802680
v 3.591290 -0.083539 -2.803139
v 3.614078 -0.071398 -2.969616
v 3.606208 -0.121085 -2.970615
v 3.663214 -0.139651 -3.228621
v 3.655273 -0.176178 -3.227734
v 4.043314 0.026052 -1.435116
v 4.013199 -0.061403 -1.424914
v 4.014037 0.001766 -1.682177
v 3.982937 -0.084992 -1.675203
v 4.003629 -0.023254 -1.924096
v 3.968019 -0.106269 -1.915666
v 3.988652 -0.049246 -2.138014
v 3.949417 -0.130367 -2.129425
v 3.958063 -0.074179 -2.356678
v 3.921231 -0.157082 -2.353585
v 3.936176 -0.095042 -2.561325
v 3.902839 -0.178888 -2.553324
v 3.929320 -0.106790 -2.710747
v 3.894638 -0.191330 -2.697593
v 3.926773 -0.121927 -2.816303
v 3.893523 -0.206218 -2.807657
v 3.919552 -0.150635 -2.973820
v 3.894037 -0.230241 -2.970829
v 3.867234 -0.249702 -3.212903
v 3.987377 -0.161496 -1.170693
v 3.892761 -0.213081 -1.185043
v 3.802691 -0.225144 -1.192079
v 3.705654 -0.180285 -1.198986
v 3.987931 -0.141358 -1.231174
v 3.889404 -0.197238 -1.256114
v 3.800959 -0.211296 -1.261196
v 3.710303 -0.168069 -1.268711
v 3.618962 -0.060272 -1.281617
v 3.954458 -0.129504 -1.418983
v 3.932539 -0.142686 -1.669900
v 3.916785 -0.152286 -1.909394
v 3.900322 -0.169655 -2.121745
v 3.855792 0.343120 -1.286196
v 3.737340 0.311801 -1.283050
v 3.591362 0.164524 -1.273816
v 3.950150 0.281518 -1.285514
v 4.068057 0.130852 -1.282281
v 3.579047 0.016757 -1.288421
v 3.563939 0.077906 -1.282750
v 4.067382 -0.057712 -1.270724
v 4.093192 0.034668 -1.283119
v 3.878428 -0.197203 -2.346361
v 3.863617 -0.218197 -2.545831
v 3.855195 -0.229235 -2.691061
v 3.855825 -0.243487 -2.804060
v 3.860862 -0.267359 -2.967703
v 3.845081 -0.279321 -3.207451
v 3.994429 -0.121417 -1.286556
v 3.874428 -0.177601 -1.415930
v 3.793598 -0.188131 -1.419831
v 3.859876 -0.177204 -1.668296
v 3.783798 -0.181162 -1.670939
v 3.847829 -0.174500 -1.904632
v 3.769104 -0.172896 -1.903334
v 3.835440 -0.186073 -2.115860
v 3.755470 -0.182386 -2.114838
v 3.822715 -0.213458 -2.337599
v 3.741564 -0.210690 -2.337257
v 3.813136 -0.234577 -2.537076
v 3.733669 -0.235271 -2.537537
v 3.806595 -0.245604 -2.690405
v 3.730449 -0.249721 -2.688905
v 3.816319 -0.284753 -2.969803
v 3.739915 -0.289845 -2.971160
v 3.809652 -0.291071 -3.205356
v 3.736124 -0.290851 -3.206927
v 3.734080 -0.265841 -2.803271
v 3.809481 -0.259971 -2.804157
v 3.714589 -0.153929 -1.423014
v 3.709387 -0.148903 -1.670767
v 3.697691 -0.142628 -1.903599
v 3.687794 -0.154001 -2.117113
v 3.676628 -0.181480 -2.339132
v 3.668992 -0.209357 -2.542516
v 3.665598 -0.229310 -2.693535
v 3.667593 -0.247236 -2.806755
v 3.675440 -0.271008 -2.973460
v 3.687298 -0.273634 -3.208175
v 3.635245 -0.060771 -1.434234
v 3.638694 -0.063337 -1.677755
v 3.632746 -0.065951 -1.908233
v 3.626332 -0.082418 -2.124120
v 3.621492 -0.110508 -2.342519
v 3.617055 -0.141950 -2.546056
v 3.611554 -0.165857 -2.694686
v 3.611977 -0.185525 -2.808025
v 3.624717 -0.214555 -2.975183
v 3.660150 -0.234824 -3.216990
v 3.813083 -0.257823 -3.290887
v 3.720747 -0.254140 -3.293046
v 3.808491 -0.184836 -3.306450
v 3.711616 -0.184994 -3.307446
v 3.324296 0.318388 -1.076957
v 3.327469 0.296863 -1.156705
v 3.213473 0.321456 -1.076032
v 3.211236 0.311658 -1.154502
v 3.145236 0.280817 -1.078734
v 3.136831 0.272736 -1.156577
v 3.093284 0.216145 -1.084136
v 3.085701 0.210382 -1.162184
v 3.053806 0.123176 -1.084614
v 3.051261 0.123526 -1.164103
v 3.041981 0.025151 -1.077878
v 3.042376 0.026851 -1.161642
v 3.059002 -0.072229 -1.069726
v 3.061777 -0.069766 -1.153575
v 3.103098 -0.155286 -1.062490
v 3.107859 -0.152790 -1.145283
v 3.152530 -0.195374 -1.061585
v 3.158436 -0.192187 -1.143459
v 3.217665 -0.213919 -1.067851
v 3.218513 -0.207143 -1.144747
v 3.311190 -0.209553 -1.074994
v 3.312564 -0.192275 -1.145879
v 3.323612 0.280413 -1.218014
v 3.207564 0.304710 -1.217206
v 3.131618 0.267444 -1.218064
v 3.079506 0.205740 -1.221550
v 3.045772 0.121684 -1.224162
v 3.038596 0.025984 -1.220805
v 3.061253 -0.069762 -1.213405
v 3.109910 -0.149989 -1.206708
v 3.161392 -0.187530 -1.206065
v 3.220663 -0.200120 -1.205420
v 3.314133 -0.175110 -1.205749
v 3.436024 0.064521 -1.342690
v 3.433434 0.006891 -1.340925
v 3.403515 0.061822 -1.550063
v 3.402650 0.003010 -1.548311
v 3.383235 0.060142 -1.764108
v 3.386219 -0.000398 -1.760700
v 3.352442 0.039079 -1.978299
v 3.356128 -0.020494 -1.972757
v 3.317648 0.010137 -2.142116
v 3.323023 -0.051550 -2.134269
v 3.285783 -0.028581 -2.313358
v 3.291365 -0.088486 -2.306340
v 3.267688 -0.058669 -2.490485
v 3.273075 -0.120463 -2.489200
v 3.258832 -0.094487 -2.655960
v 3.263241 -0.153861 -2.654391
v 3.235399 -0.166240 -2.891305
v 3.234268 -0.221670 -2.887864
v 3.412636 0.134893 -1.343253
v 3.306427 0.257784 -1.350829
v 3.379882 0.123283 -1.551700
v 3.283147 0.227793 -1.554404
v 3.356604 0.114191 -1.768360
v 3.262973 0.195357 -1.775703
v 3.328076 0.090060 -1.983896
v 3.246759 0.159239 -1.993111
v 3.294664 0.058689 -2.146747
v 3.223932 0.113906 -2.152519
v 3.264582 0.021409 -2.316256
v 3.204279 0.073700 -2.316048
v 3.247913 -0.007360 -2.490878
v 3.194340 0.042250 -2.493234
v 3.241304 -0.044327 -2.657987
v 3.191525 -0.000015 -2.661177
v 3.226622 -0.122654 -2.894213
v 3.188861 -0.090105 -2.898056
v 3.403851 -0.063500 -1.336885
v 3.375410 -0.063225 -1.546424
v 3.359417 -0.067164 -1.758299
v 3.331143 -0.084824 -1.966577
v 3.303261 -0.111660 -2.124527
v 3.274251 -0.148337 -2.300699
v 3.256887 -0.181565 -2.486540
v 3.248954 -0.211226 -2.650484
v 3.223536 -0.263600 -2.881529
v 3.301533 -0.158007 -1.336234
v 3.285825 -0.146763 -1.545599
v 3.268719 -0.144959 -1.755873
v 3.247952 -0.157468 -1.954037
v 3.211571 -0.220541 -2.290605
v 3.198683 -0.250852 -2.480416
v 3.196170 -0.275973 -2.642385
v 3.181984 -0.308329 -2.876507
v 3.215457 -0.185030 -1.334286
v 3.198333 -0.172316 -1.542547
v 3.180918 -0.167077 -1.753042
v 3.152871 -0.206956 -2.101211
v 3.139065 -0.248303 -2.287953
v 3.130351 -0.277889 -2.480147
v 3.128972 -0.302877 -2.638823
v 3.118488 -0.330678 -2.875020
v 3.155522 -0.173366 -1.332920
v 3.136950 -0.161478 -1.541191
v 3.118616 -0.155433 -1.753112
v 3.092851 -0.197846 -2.101233
v 3.083419 -0.241346 -2.288521
v 3.077545 -0.272007 -2.485324
v 3.077400 -0.296760 -2.642329
v 3.074618 -0.325695 -2.874441
v 3.103354 -0.138434 -1.331000
v 3.085332 -0.130181 -1.541455
v 3.068770 -0.126390 -1.757468
v 3.046296 -0.171749 -2.106069
v 3.034716 -0.212838 -2.291525
v 3.029525 -0.243388 -2.490616
v 3.029939 -0.266992 -2.647472
v 3.037931 -0.301652 -2.878302
v 3.053598 -0.068377 -1.334630
v 3.037394 -0.068334 -1.544011
v 3.024426 -0.070924 -1.762547
v 3.003873 -0.120231 -2.114136
v 2.989326 -0.154600 -2.297863
v 2.982882 -0.181184 -2.497457
v 2.986359 -0.205313 -2.656407
v 3.008518 -0.255790 -2.889278
v 3.028251 0.021048 -1.338269
v 3.013418 0.015222 -1.548715
v 3.003515 0.001352 -1.767751
v 2.982781 -0.054907 -2.129441
v 2.969124 -0.084745 -2.307720
v 2.962598 -0.106134 -2.502855
v 2.968032 -0.130777 -2.665150
v 2.994930 -0.186677 -2.898592
v 3.231860 -0.182769 -2.109712
v 3.164623 -0.178556 -1.946263
v 3.103411 -0.167723 -1.945692
v 3.198497 0.286672 -1.354574
v 3.122132 0.253461 -1.354053
v 3.179467 0.253911 -1.554387
v 3.103874 0.223413 -1.554416
v 3.161489 0.214337 -1.776617
v 3.088536 0.185291 -1.775215
v 3.144777 0.178090 -1.994359
v 3.072314 0.147993 -1.991806
v 3.123269 0.127225 -2.151124
v 3.050755 0.096202 -2.149841
v 3.107946 0.089571 -2.314850
v 3.036263 0.060978 -2.316372
v 3.100233 0.060672 -2.495852
v 3.027975 0.035932 -2.495946
v 3.098815 0.007955 -2.665391
v 3.026810 -0.014145 -2.668383
v 3.099898 -0.090446 -2.901105
v 3.036063 -0.114966 -2.901284
v 2.994117 -0.023453 -1.970194
v 3.034289 0.112870 -1.340909
v 3.019531 0.094473 -1.547228
v 3.009197 0.066421 -1.768095
v 2.999481 0.036890 -1.976541
v 2.986733 -0.000919 -2.137036
v 2.973208 -0.032366 -2.310936
v 2.965813 -0.056511 -2.499278
v 2.970128 -0.085122 -2.659424
v 3.067626 0.193080 -1.346504
v 3.051233 0.167561 -1.549485
v 3.039027 0.133238 -1.770379
v 3.027018 0.097254 -1.984312
v 3.010254 0.052499 -2.142961
v 2.995654 0.018308 -2.313362
v 2.987127 -0.006320 -2.496277
v 2.986760 -0.046281 -2.660901
v 2.998246 -0.138002 -2.882157
v 3.015937 -0.093262 -1.960864
v 3.058241 -0.143322 -1.952675
v 3.176990 -0.263421 -2.982375
v 3.069964 -0.283603 -2.983227
v 3.184473 -0.162667 -2.989127
v 3.061172 -0.169669 -2.996217
v 3.102829 0.246637 -0.049659
v 3.105606 0.280288 0.262636
v 3.118404 0.271513 0.560286
v 3.113795 0.201779 0.815414
v 3.116163 0.091096 0.963901
v 3.121845 -0.045515 1.020510
v 3.156445 -0.219298 0.991345
v 3.216840 -0.358861 0.877935
v 3.246998 -0.436442 0.719357
v 3.245724 -0.460845 0.542276
v 3.218484 -0.448352 0.310304
v 3.185523 -0.417016 0.111236
v 3.156012 -0.383712 -0.031295
v 3.120079 -0.339715 -0.168882
v 2.805276 0.047412 -0.283541
v 2.661398 0.037127 -0.416496
v 2.589235 0.040815 -0.552557
v 2.545082 0.038279 -0.679112
v 2.531523 0.037814 -0.825704
v 2.526598 0.023541 -0.943967
v 2.496747 0.007245 -1.049357
v 2.432277 -0.008252 -1.129929
v 2.361968 -0.012480 -1.149283
v 2.801025 -0.086135 -0.336809
v 2.684674 -0.084004 -0.430415
v 2.613078 -0.072360 -0.577232
v 2.568742 -0.070153 -0.699313
v 2.565936 -0.063408 -0.839480
v 2.557767 -0.066686 -0.952248
v 2.520411 -0.072740 -1.059961
v 2.438327 -0.087604 -1.155902
v 2.358603 -0.093088 -1.180952
v 2.966277 -0.293517 -0.166358
v 2.976211 -0.346599 -0.027777
v 2.983973 -0.381736 0.110862
v 2.969953 -0.400315 0.283370
v 2.943377 -0.390127 0.458797
v 2.928860 -0.359030 0.580857
v 2.905742 -0.293014 0.678356
v 2.872743 -0.179407 0.742326
v 2.857801 -0.041143 0.759931
v 2.861757 0.054895 0.732909
v 2.881169 0.145677 0.648367
v 2.911461 0.206492 0.492707
v 2.924617 0.225973 0.252136
v 2.943723 0.179285 -0.069049
v 2.802963 -0.183513 -0.286764
v 2.660486 -0.179461 -0.380905
v 2.578482 -0.172814 -0.551631
v 2.533560 -0.170209 -0.684037
v 2.521189 -0.179231 -0.939716
v 2.489413 -0.175460 -1.045328
v 2.416729 -0.174649 -1.135540
v 2.346609 -0.174164 -1.162926
v 2.529212 -0.175552 -0.829971
v 2.786038 -0.261978 -0.179385
v 2.760072 -0.305860 -0.073032
v 2.731851 -0.321244 0.035832
v 2.691153 -0.312831 0.147706
v 2.653852 -0.285124 0.243106
v 2.613149 -0.196571 0.344715
v 2.597798 -0.116898 0.368172
v 2.605590 0.026690 0.355021
v 2.622447 0.078117 0.324139
v 2.650058 0.130151 0.262410
v 2.597117 -0.030595 0.369180
v 2.685450 0.164269 0.139954
v 2.743423 0.143915 -0.079649
v 2.630649 -0.247493 0.303400
v 2.609748 -0.243416 -0.308725
v 2.506771 -0.240174 -0.509382
v 2.463042 -0.242420 -0.657475
v 2.453838 -0.248839 -0.810523
v 2.446905 -0.247911 -0.919332
v 2.425499 -0.237741 -1.021258
v 2.390364 -0.223420 -1.096061
v 2.338326 -0.229511 -1.106842
v 2.563220 0.122600 -0.286774
v 2.482136 0.117463 -0.469884
v 2.450661 0.116701 -0.624097
v 2.438774 0.105918 -0.790429
v 2.441352 0.084092 -0.924850
v 2.436666 0.050594 -1.040024
v 2.550343 -0.270956 -0.244255
v 2.426704 -0.267666 -0.468472
v 2.380725 -0.275590 -0.634210
v 2.371456 -0.279869 -0.798917
v 2.370307 -0.274854 -0.911304
v 2.358788 -0.261580 -1.007804
v 2.436234 -0.253129 -0.133642
v 2.299796 -0.243500 -0.403912
v 2.252213 -0.255211 -0.609146
v 2.246719 -0.267330 -0.791880
v 2.255216 -0.266988 -0.905559
v 2.266396 -0.253556 -0.999741
v 2.281142 -0.217437 -1.102028
v 2.289773 -0.167373 -1.140973
v 2.298275 -0.090415 -1.146816
v 2.298421 -0.036444 -1.121552
v 2.320110 -0.021309 -1.140475
v 2.319833 -0.095910 -1.171529
v 2.313428 -0.172543 -1.158224
v 2.304131 -0.227805 -1.106969
v 2.307906 -0.265781 -1.003863
v 2.308029 -0.280062 -0.908219
v 2.303535 -0.283915 -0.793245
v 2.311573 -0.276864 -0.618976
v 2.358522 -0.266343 -0.433324
v 2.491137 -0.273048 -0.186724
v 2.399169 -0.220262 -0.096790
v 2.371746 -0.174060 -0.071895
v 2.357720 -0.128974 -0.056787
v 2.351921 -0.078513 -0.049430
v 2.354899 -0.030433 -0.051216
v 2.367145 0.016843 -0.060537
v 2.392720 0.067805 -0.077707
v 2.431959 0.116054 -0.112993
v 2.483574 0.142852 -0.175625
v 2.262763 -0.209368 -0.388310
v 2.237596 -0.162208 -0.380601
v 2.225985 -0.120682 -0.376069
v 2.222933 -0.079804 -0.373000
v 2.227896 -0.038594 -0.371375
v 2.243853 0.007355 -0.375272
v 2.274705 0.060440 -0.385039
v 2.319220 0.111519 -0.404058
v 2.383100 0.137455 -0.427565
v 2.278272 0.008793 -1.021311
v 2.249408 0.042816 -0.901448
v 2.228854 0.061616 -0.752932
v 2.239695 0.065001 -0.576925
v 2.366042 0.059588 -1.041092
v 2.312579 0.046277 -1.032544
v 2.289623 0.080064 -0.905726
v 2.273794 0.099665 -0.754864
v 2.282112 0.110907 -0.584292
v 2.353254 0.098114 -0.913017
v 2.344732 0.120735 -0.768714
v 2.351596 0.135272 -0.599731
v 2.215385 -0.218703 -0.607775
v 2.208878 -0.231183 -0.793712
v 2.223001 -0.229456 -0.907971
v 2.243816 -0.215350 -1.003078
v 2.269663 -0.189638 -1.101784
v 2.267821 -0.097465 -1.101424
v 2.235047 -0.097136 -1.005100
v 2.200761 -0.096489 -0.906665
v 2.172835 -0.095109 -0.793551
v 2.187908 -0.086938 -0.603771
v 2.234358 -0.166542 -1.007721
v 2.192945 -0.164492 -0.609012
v 2.182121 -0.173030 -0.794715
v 2.264506 -0.161116 -1.103228
v 2.205586 -0.171513 -0.909937
v 2.232803 -0.130757 -1.006830
v 2.173153 -0.131446 -0.794833
v 2.264150 -0.133725 -1.102484
v 2.186535 -0.124627 -0.607633
v 2.200418 -0.131665 -0.908683
v 2.211768 0.010616 -0.580374
v 2.196226 -0.039175 -0.590142
v 2.179905 -0.045262 -0.785558
v 2.196726 0.009404 -0.768250
v 2.206699 -0.054284 -0.905225
v 2.221558 -0.005368 -0.902697
v 2.241765 -0.065040 -1.008703
v 2.255090 -0.029470 -1.014121
v 2.282537 -0.054382 -1.110530
v 2.273070 -0.074250 -1.104492
v 3.727207 0.431385 -0.145399
v 3.657085 0.424314 -0.139895
v 3.581382 0.415616 -0.131334
v 3.471689 0.404037 -0.116384
v 3.389437 0.389096 -0.102398
v 3.318034 0.360883 -0.089713
v 3.250396 0.326050 -0.077184
v 3.183968 0.288551 -0.062119
v 3.804286 0.435472 -0.149947
v 3.881817 0.433698 -0.154270
v 3.961659 0.428787 -0.159239
v 4.042060 0.426775 -0.163261
v 4.129968 0.431380 -0.167250
v 4.202261 0.434982 -0.171134
v 4.286095 0.430648 -0.174888
v 4.371464 0.416632 -0.176248
v 4.462732 0.394269 -0.178455
v 4.544055 0.366305 -0.181364
v 4.610402 0.328968 -0.182536
v 4.689481 0.271775 -0.184544
v 4.785793 0.203060 -0.191964
v 4.863330 0.137653 -0.198233
v 4.907829 0.078734 -0.203181
v 4.927579 0.020551 -0.207214
v 4.927836 -0.045112 -0.212039
v 4.907222 -0.109319 -0.218834
v 4.862186 -0.171096 -0.223321
v 4.790891 -0.226589 -0.225174
v 4.701236 -0.266479 -0.226766
v 4.595981 -0.288271 -0.229502
v 4.491980 -0.288259 -0.231287
v 4.363029 -0.273463 -0.230457
v 4.241119 -0.262861 -0.230867
v 4.159019 -0.261882 -0.232108
v 4.078328 -0.264588 -0.233839
v 3.992255 -0.266755 -0.233424
v 3.875304 -0.267337 -0.230599
v 3.761691 -0.270397 -0.227167
v 3.653329 -0.285082 -0.224804
v 3.545198 -0.314668 -0.224111
v 3.436829 -0.345240 -0.218904
v 3.336603 -0.362870 -0.209071
v 3.232053 -0.363295 -0.187919
v 3.206038 0.312132 0.252327
v 3.276932 0.338643 0.241272
v 3.348617 0.365455 0.231216
v 3.427420 0.389128 0.223876
v 3.509008 0.405029 0.214194
v 3.610451 0.418300 0.204703
v 3.687246 0.426476 0.199016
v 3.754966 0.431975 0.196334
v 3.827622 0.435967 0.193960
v 3.900996 0.438071 0.192759
v 3.981070 0.438825 0.190370
v 4.056683 0.438043 0.188387
v 4.138308 0.435329 0.187632
v 4.203351 0.429756 0.187784
v 4.287024 0.416133 0.188576
v 4.377405 0.394235 0.187112
v 4.470940 0.361672 0.187180
v 4.549128 0.323125 0.182504
v 4.608637 0.283981 0.176675
v 4.674964 0.237559 0.172585
v 4.845518 0.113070 0.156803
v 4.890140 0.055110 0.147228
v 4.907341 0.006055 0.138970
v 4.909954 -0.052383 0.127987
v 4.894781 -0.120959 0.113982
v 4.856246 -0.189751 0.101831
v 4.786963 -0.257414 0.092588
v 4.693894 -0.306303 0.081808
v 4.589192 -0.327469 0.071542
v 4.489830 -0.322850 0.062851
v 4.356894 -0.301276 0.054072
v 4.226627 -0.284877 0.047224
v 4.141953 -0.282577 0.038734
v 4.066169 -0.286482 0.029903
v 3.985792 -0.290080 0.022777
v 3.868325 -0.292481 0.013575
v 3.759502 -0.297869 0.005014
v 3.650772 -0.312654 -0.006565
v 3.540373 -0.339285 -0.020268
v 3.435726 -0.372089 -0.029900
v 3.343982 -0.394848 -0.036542
v 3.255155 -0.398923 -0.036533
v 4.762272 0.179451 0.165332
v 3.235775 0.306182 0.561184
v 3.242620 0.237479 0.853270
v 3.237067 0.119035 1.034799
v 3.231588 -0.038523 1.107414
v 3.277563 -0.227562 1.074380
v 3.359963 -0.377961 0.939035
v 3.400329 -0.458722 0.755443
v 3.391666 -0.479299 0.550193
v 3.337173 -0.456990 0.297951
v 3.283536 -0.425355 0.101333
v 3.361335 -0.418031 0.098830
v 3.402303 -0.451327 0.284935
v 3.459257 -0.483957 0.549851
v 3.477913 -0.471777 0.764906
v 3.437268 -0.396349 0.958665
v 3.349766 -0.243019 1.121248
v 3.293247 -0.033682 1.168480
v 3.323946 0.143216 1.103816
v 3.335385 0.266665 0.872478
v 3.315800 0.331619 0.553532
v 3.390219 0.355810 0.546315
v 3.414813 0.296743 0.882073
v 3.408949 0.211724 1.109403
v 3.467666 0.378310 0.540704
v 3.500331 0.330612 0.881623
v 3.505451 0.268201 1.108008
v 3.545119 0.396398 0.531822
v 3.579725 0.358300 0.872878
v 3.591758 0.308060 1.102520
v 3.638564 0.412638 0.523092
v 3.664656 0.380848 0.865474
v 3.675611 0.336594 1.097589
v 3.712804 0.422748 0.517267
v 3.735476 0.395355 0.860696
v 3.746485 0.354835 1.092453
v 3.776925 0.429155 0.515793
v 3.797097 0.403724 0.860661
v 3.808698 0.365678 1.090892
v 3.844654 0.434093 0.514856
v 3.860160 0.408965 0.860238
v 3.869483 0.371694 1.089686
v 3.912814 0.437122 0.515549
v 3.924403 0.410822 0.860464
v 3.935684 0.373524 1.088127
v 3.987906 0.437934 0.514624
v 3.999792 0.409093 0.857245
v 4.010132 0.370863 1.083027
v 4.061521 0.435463 0.514466
v 4.074435 0.402875 0.852092
v 4.079711 0.363510 1.076807
v 4.139643 0.429121 0.516783
v 4.148033 0.392961 0.846765
v 4.150696 0.351966 1.068590
v 4.201287 0.420478 0.518461
v 4.205388 0.381791 0.844792
v 4.210335 0.338982 1.061700
v 4.281932 0.403720 0.518710
v 4.278934 0.362716 0.841690
v 4.282120 0.318791 1.051485
v 4.370464 0.377707 0.513947
v 4.364723 0.332915 0.837873
v 4.366387 0.286903 1.042945
v 4.465964 0.338146 0.509591
v 4.453146 0.291875 0.837301
v 4.444911 0.247356 1.040169
v 4.544820 0.294852 0.503474
v 4.528413 0.247467 0.834761
v 4.502748 0.209441 1.038481
v 4.604061 0.256031 0.496019
v 4.586190 0.205990 0.831169
v 4.549514 0.169572 1.035250
v 4.663084 0.215636 0.489821
v 4.636617 0.163734 0.826135
v 4.587672 0.126320 1.029033
v 4.737839 0.162457 0.483052
v 4.812817 0.092427 0.472292
v 4.850281 0.031879 0.461908
v 4.863666 -0.017528 0.452919
v 4.865782 -0.066719 0.442053
v 4.854935 -0.129111 0.429558
v 4.824037 -0.198248 0.416294
v 4.763899 -0.269864 0.399917
v 4.678907 -0.325755 0.380547
v 4.582466 -0.355050 0.360648
v 4.478447 -0.360792 0.343050
v 4.346673 -0.348536 0.324136
v 4.218266 -0.335396 0.310084
v 4.124927 -0.331595 0.297661
v 4.045611 -0.332998 0.281617
v 3.966737 -0.333451 0.259235
v 3.865815 -0.331031 0.229799
v 3.758277 -0.330425 0.195386
v 3.638324 -0.343056 0.158949
v 3.530681 -0.368063 0.128913
v 3.440338 -0.396574 0.107595
v 4.183235 -0.430986 0.636646
v 4.088395 -0.432714 0.623941
v 4.006910 -0.430861 0.596936
v 3.916720 -0.426831 0.552755
v 3.823680 -0.418812 0.493304
v 3.726231 -0.411717 0.423942
v 3.613880 -0.416020 0.353075
v 3.521710 -0.427311 0.304227
v 3.455668 -0.440653 0.284095
v 4.313210 -0.419767 0.645822
v 4.445593 -0.392311 0.663272
v 4.551356 -0.349017 0.686325
v 4.630588 -0.297215 0.708687
v 4.689527 -0.242085 0.726404
v 4.727571 -0.186473 0.743112
v 4.748409 -0.131631 0.757542
v 4.756390 -0.086243 0.767683
v 4.756485 -0.047948 0.776661
v 4.749660 -0.001953 0.788087
v 4.727394 0.055387 0.802569
v 4.685893 0.115337 0.816807
v 3.542686 -0.484572 0.549187
v 3.602447 -0.483469 0.578440
v 3.691784 -0.483896 0.624295
v 3.782222 -0.485359 0.673001
v 3.882911 -0.482337 0.716888
v 3.985138 -0.476714 0.752662
v 4.070799 -0.471654 0.772743
v 4.164494 -0.462130 0.783510
v 4.297041 -0.436776 0.794827
v 4.423971 -0.391860 0.808825
v 4.524614 -0.334082 0.825857
v 4.596892 -0.275826 0.841790
v 4.642354 -0.225788 0.856423
v 4.665356 -0.179817 0.874531
v 4.674204 -0.133077 0.892998
v 4.672778 -0.096392 0.910743
v 4.667893 -0.065963 0.927232
v 4.660260 -0.025048 0.948935
v 4.645289 0.024272 0.977300
v 4.620820 0.076052 1.008598
v 3.504721 -0.485578 0.545110
v 3.570297 -0.491073 0.748275
v 3.666026 -0.494827 0.798158
v 3.751584 -0.497837 0.822287
v 3.856565 -0.494752 0.846713
v 3.966213 -0.487406 0.864020
v 4.057721 -0.478816 0.874709
v 4.150339 -0.465755 0.879075
v 4.262221 -0.430811 0.933536
v 4.392410 -0.373798 0.944953
v 4.490138 -0.308995 0.953221
v 4.554079 -0.251140 0.960460
v 4.591690 -0.205545 0.966449
v 4.611122 -0.171833 0.972970
v 4.624597 -0.134297 0.980415
v 4.631396 -0.101679 0.989978
v 4.632216 -0.073226 1.001092
v 4.630995 -0.035240 1.016870
v 4.623575 0.008822 1.039292
v 4.606491 0.059362 1.067092
v 4.578113 0.113595 1.087321
v 4.543020 0.156028 1.146374
v 4.494998 0.201786 1.165026
v 4.441782 0.239254 1.167687
v 4.367291 0.278140 1.171321
v 4.283368 0.311074 1.182273
v 4.208539 0.332964 1.193935
v 4.147164 0.346330 1.204674
v 4.077875 0.357591 1.214786
v 4.011893 0.364516 1.221023
v 3.937217 0.366806 1.227090
v 3.867742 0.364001 1.231163
v 3.806925 0.356541 1.234171
v 3.743164 0.343849 1.235711
v 3.672741 0.323973 1.238471
v 3.589408 0.292327 1.241886
v 3.502310 0.246628 1.246432
v 3.411747 0.182295 1.249810
v 3.350147 0.109990 1.257504
v 3.324607 -0.030674 1.279466
v 3.416079 -0.251767 1.236972
v 3.521925 -0.415231 0.980403
v 3.625384 -0.439249 0.999380
v 3.555973 -0.345880 1.265996
v 3.722046 -0.455325 1.014412
v 3.672443 -0.387816 1.281838
v 3.826519 -0.464729 1.023199
v 3.947417 -0.467077 1.026968
v 4.046898 -0.461181 1.028113
v 4.144897 -0.448059 1.015845
v 3.788610 -0.412851 1.291539
v 3.919516 -0.424948 1.299355
v 4.025259 -0.421996 1.303452
v 4.126176 -0.407318 1.298710
v 3.470646 -0.336277 1.916179
v 3.593789 -0.403432 1.939145
v 3.725696 -0.443695 1.959934
v 3.864920 -0.459830 1.978467
v 3.989791 -0.452435 1.987197
v 4.095632 -0.429546 1.988692
v 4.202114 -0.389496 1.989462
v 4.313418 -0.330176 1.991897
v 4.394570 -0.272496 1.988506
v 4.443296 -0.227815 1.982889
v 4.470370 -0.197533 1.980808
v 4.495396 -0.165616 1.982656
v 4.516187 -0.134829 1.982898
v 4.530316 -0.109826 1.982175
v 4.543152 -0.081336 1.980281
v 4.555647 -0.045302 1.976023
v 4.564745 -0.005454 1.971241
v 4.567739 0.035288 1.967936
v 4.561372 0.083688 1.963518
v 4.538465 0.155545 1.958393
v 4.497929 0.220758 1.961762
v 4.437337 0.282632 1.963383
v 4.370760 0.329284 1.963675
v 4.276938 0.375036 1.963612
v 4.185168 0.405373 1.960543
v 4.114348 0.420050 1.956636
v 4.039790 0.428830 1.954840
v 3.975650 0.431472 1.954635
v 3.895590 0.428170 1.957786
v 3.821269 0.418820 1.960830
v 3.363267 -0.220272 1.904260
v 3.291147 -0.011930 1.891432
v 3.310720 0.119196 1.887267
v 3.364641 0.193600 1.893596
v 3.445405 0.260983 1.902805
v 3.532437 0.314184 1.912855
v 3.613810 0.352867 1.924137
v 3.687614 0.381327 1.936009
v 3.754851 0.402509 1.948784
v 3.877046 0.254457 2.789318
v 3.842429 0.243209 2.781965
v 3.804557 0.228296 2.775183
v 3.763052 0.208228 2.768681
v 3.718737 0.180803 2.762780
v 3.678327 0.146786 2.757398
v 3.650671 0.108152 2.753467
v 3.642601 0.040407 2.754890
v 3.677402 -0.061844 2.761499
v 3.911387 0.263109 2.795802
v 3.949689 0.268227 2.794796
v 3.990133 0.270182 2.793306
v 4.023785 0.269035 2.793713
v 4.061428 0.264753 2.795298
v 4.098908 0.257020 2.798028
v 4.146192 0.241131 2.800308
v 4.193907 0.217717 2.800985
v 4.228387 0.193011 2.801009
v 4.259117 0.160871 2.800157
v 4.279862 0.126159 2.798467
v 4.290730 0.089790 2.800217
v 4.293292 0.065383 2.802217
v 4.291378 0.045029 2.803509
v 4.286530 0.024602 2.805512
v 4.280025 0.005977 2.807298
v 4.273390 -0.008612 2.808064
v 4.266135 -0.021423 2.808075
v 4.255698 -0.036800 2.807286
v 4.243133 -0.052921 2.805915
v 4.229544 -0.068314 2.806389
v 4.205449 -0.090684 2.808586
v 4.164462 -0.120150 2.809418
v 4.107687 -0.150839 2.807417
v 4.052577 -0.172065 2.806240
v 3.997797 -0.184154 2.805204
v 3.933223 -0.187968 2.800483
v 3.862158 -0.179717 2.790783
v 3.794018 -0.158553 2.779482
v 3.731221 -0.123549 2.767873
v 3.537094 -0.245609 2.671716
v 3.640707 -0.303250 2.691657
v 3.752528 -0.337813 2.710056
v 3.869931 -0.351408 2.726460
v 3.976250 -0.344771 2.734138
v 4.065495 -0.324973 2.735698
v 4.155638 -0.290354 2.737579
v 4.250346 -0.239126 2.741249
v 4.317276 -0.190629 2.739737
v 4.356719 -0.153717 2.735973
v 4.378277 -0.129155 2.735177
v 4.399211 -0.102401 2.737624
v 4.416392 -0.077010 2.738870
v 4.428106 -0.056302 2.738849
v 4.439003 -0.032468 2.737617
v 4.449776 -0.001713 2.734640
v 4.457808 0.031900 2.731246
v 4.460943 0.065335 2.729253
v 4.457047 0.104333 2.725983
v 4.439101 0.165601 2.722734
v 4.405389 0.221882 2.726009
v 4.353920 0.275533 2.727276
v 4.298700 0.315108 2.727252
v 4.219153 0.354341 2.726246
v 4.140801 0.380328 2.722425
v 4.080612 0.392683 2.717833
v 4.017593 0.399813 2.715265
v 3.963897 0.401673 2.714531
v 3.896291 0.398463 2.716901
v 3.833585 0.390140 2.719303
v 3.448859 -0.147620 2.662036
v 3.388972 0.027664 2.650438
v 3.404997 0.136671 2.648264
v 3.449883 0.198903 2.655044
v 3.517095 0.255329 2.663984
v 3.590218 0.300267 2.673777
v 3.658407 0.333070 2.684586
v 3.720678 0.357493 2.695834
v 3.777383 0.375829 2.707836
v 3.441620 -0.309642 2.538455
v 3.424947 -0.331155 2.360286
v 3.554219 -0.403191 2.385154
v 3.566535 -0.378931 2.562755
v 3.693741 -0.446392 2.408106
v 3.701262 -0.420398 2.585198
v 3.840236 -0.463392 2.428574
v 3.842617 -0.436623 2.605205
v 3.972908 -0.455108 2.438154
v 3.970560 -0.428523 2.614657
v 4.084278 -0.430376 2.440100
v 4.077909 -0.404620 2.616704
v 4.196772 -0.387119 2.442445
v 4.186304 -0.362920 2.619099
v 4.314965 -0.323103 2.447022
v 4.300166 -0.301273 2.623605
v 4.398494 -0.262498 2.445133
v 4.380625 -0.242935 2.621845
v 4.447718 -0.216370 2.440431
v 4.428037 -0.198544 2.617343
v 4.474622 -0.185674 2.439435
v 4.453954 -0.169010 2.616390
v 4.500747 -0.152239 2.442494
v 4.479125 -0.136842 2.619329
v 4.522189 -0.120507 2.444061
v 4.499786 -0.106314 2.620822
v 4.536808 -0.094628 2.444048
v 4.513875 -0.081417 2.620788
v 4.550405 -0.064841 2.442519
v 4.526984 -0.052760 2.619293
v 4.563849 -0.026406 2.438809
v 4.539949 -0.015780 2.615695
v 4.573872 0.015601 2.434576
v 4.549618 0.024637 2.611592
v 4.577784 0.057384 2.432088
v 4.553393 0.064841 2.609185
v 4.572923 0.106121 2.428003
v 4.548704 0.111736 2.605263
v 4.550527 0.182688 2.423939
v 4.527107 0.185404 2.601390
v 4.508458 0.253024 2.428026
v 4.486549 0.253069 2.605380
v 4.444228 0.320075 2.429610
v 4.424648 0.317564 2.606955
v 4.375316 0.369535 2.429582
v 4.358248 0.365132 2.606971
v 4.276043 0.418566 2.428323
v 4.262614 0.412289 2.605789
v 4.178259 0.451041 2.423545
v 4.168424 0.443528 2.601201
v 4.103143 0.466480 2.417799
v 4.096070 0.458387 2.595663
v 4.024498 0.475387 2.414575
v 4.020312 0.466972 2.592538
v 3.957488 0.477706 2.413630
v 3.955757 0.469227 2.591602
v 3.873120 0.473688 2.416551
v 3.874470 0.465391 2.594385
v 3.794870 0.463280 2.419513
v 3.799060 0.455412 2.597193
v 3.335218 -0.191681 2.526588
v 3.314861 -0.208710 2.348222
v 3.263030 0.019458 2.512542
v 3.240142 0.010306 2.333752
v 3.282393 0.150767 2.510003
v 3.260133 0.146510 2.331027
v 3.336607 0.225695 2.518383
v 3.316127 0.224272 2.339465
v 3.417724 0.293585 2.529433
v 3.399977 0.294783 2.350591
v 3.505927 0.347602 2.541533
v 3.491206 0.350942 2.362778
v 3.588137 0.386986 2.554839
v 3.576283 0.391941 2.376231
v 3.663165 0.416277 2.568630
v 3.653982 0.422468 2.390236
v 3.731439 0.438254 2.583269
v 3.724738 0.445389 2.405193
v 4.228096 -0.381842 1.275800
v 4.328365 -0.340462 1.260662
v 4.423454 -0.284411 1.247207
v 4.488158 -0.233598 1.235246
v 4.527766 -0.193766 1.225668
v 4.552113 -0.163282 1.219496
v 4.574169 -0.128817 1.210904
v 4.588642 -0.100977 1.206294
v 4.598186 -0.073166 1.203356
v 4.605519 -0.043286 1.197283
v 4.607849 -0.006192 1.191937
v 4.601133 0.041774 1.187530
v 4.577404 0.103717 1.184280
v 4.534477 0.153062 1.517997
v 4.564782 0.089958 1.529275
v 4.579755 0.033769 1.536235
v 4.580529 -0.009876 1.544196
v 4.573901 -0.047055 1.552678
v 4.563275 -0.078510 1.560502
v 4.551335 -0.106277 1.564563
v 4.536527 -0.131912 1.568833
v 4.514410 -0.164127 1.574877
v 4.489305 -0.194925 1.578455
v 4.455626 -0.229099 1.586189
v 4.398885 -0.275498 1.597370
v 4.311817 -0.330319 1.608601
v 4.209814 -0.378595 1.615759
v 4.109419 -0.411087 1.622145
v 4.007419 -0.429701 1.622164
v 3.893132 -0.434453 1.615218
v 3.758723 -0.419565 1.601476
v 3.634716 -0.385813 1.586032
v 3.514101 -0.329186 1.566695
v 3.396215 -0.221469 1.552521
v 3.320845 -0.023479 1.544655
v 3.342761 0.109038 1.532787
v 3.398681 0.181880 1.530715
v 3.482423 0.247341 1.533189
v 3.568396 0.296574 1.535666
v 3.649758 0.331503 1.539430
v 3.720911 0.355388 1.544030
v 3.785786 0.372176 1.549406
v 3.848643 0.383953 1.553391
v 3.919997 0.389976 1.549563
v 3.996483 0.390443 1.544862
v 4.060549 0.385704 1.541748
v 4.131395 0.375815 1.537189
v 4.196700 0.361957 1.533169
v 4.279185 0.336058 1.528695
v 4.366873 0.297261 1.522979
v 4.436491 0.255118 1.520994
v 4.492593 0.206218 1.518733
v 3.506982 0.396450 -0.374576
v 3.606535 0.400528 -0.384670
v 3.749457 0.420578 -0.394669
v 3.832735 0.429943 -0.397928
v 3.392155 0.389748 -0.362585
v 3.309175 0.364444 -0.348641
v 3.243295 0.326620 -0.332583
v 3.184280 0.288837 -0.317290
v 3.123177 0.241646 -0.303598
v 3.052197 0.181910 -0.313981
v 2.971057 0.101607 -0.361393
v 2.919350 -0.010089 -0.398808
v 2.933124 -0.134077 -0.396557
v 3.036811 -0.248668 -0.359157
v 3.155730 -0.304987 -0.351925
v 3.278278 -0.326435 -0.373274
v 3.392023 -0.326611 -0.394591
v 3.497039 -0.309693 -0.407504
v 3.604362 -0.280711 -0.414449
v 3.713583 -0.265365 -0.417400
v 3.822088 -0.269852 -0.420051
v 3.937463 -0.273553 -0.421484
v 4.041996 -0.268911 -0.422364
v 4.210245 -0.257509 -0.421500
v 4.309130 -0.262806 -0.419546
v 4.435495 -0.274953 -0.417773
v 4.552209 -0.276328 -0.416276
v 4.658177 -0.256481 -0.414062
v 4.753957 -0.222628 -0.412253
v 4.829948 -0.179460 -0.410852
v 4.887299 -0.127018 -0.409560
v 4.922940 -0.068956 -0.407509
v 4.937559 -0.006790 -0.405794
v 4.931439 0.057685 -0.404559
v 4.903162 0.120370 -0.403684
v 4.845872 0.185784 -0.404168
v 4.757473 0.257304 -0.404852
v 4.665371 0.321544 -0.406329
v 4.584357 0.365168 -0.409998
v 4.504389 0.392164 -0.413145
v 4.413533 0.411877 -0.412190
v 4.324380 0.422752 -0.410339
v 4.244436 0.420849 -0.410108
v 4.164865 0.412863 -0.409032
v 4.080384 0.408985 -0.407515
v 3.993146 0.414560 -0.404875
v 3.911357 0.425470 -0.401635
v 3.830164 0.409097 -0.587834
v 3.743406 0.396059 -0.586620
v 3.603287 0.379896 -0.579469
v 3.506223 0.378736 -0.573693
v 3.379863 0.382746 -0.572925
v 3.276412 0.370836 -0.566022
v 3.206924 0.333123 -0.553918
v 3.155979 0.287215 -0.546894
v 3.107694 0.234630 -0.541211
v 3.056846 0.166067 -0.542231
v 3.006782 0.082345 -0.547269
v 2.981324 -0.018775 -0.550765
v 3.002635 -0.128804 -0.551557
v 3.069078 -0.218861 -0.547664
v 3.170294 -0.280356 -0.547827
v 3.287000 -0.315197 -0.555362
v 3.398214 -0.323045 -0.561037
v 3.507090 -0.304690 -0.568677
v 3.614004 -0.281020 -0.579717
v 3.719936 -0.279092 -0.589942
v 3.823706 -0.290357 -0.598292
v 3.932430 -0.292104 -0.602230
v 4.038663 -0.282318 -0.606385
v 4.216245 -0.270005 -0.609462
v 4.317909 -0.282132 -0.610616
v 4.438697 -0.289984 -0.608471
v 4.555315 -0.274409 -0.602176
v 4.662515 -0.239293 -0.595647
v 4.755993 -0.196821 -0.589741
v 4.826578 -0.154326 -0.587312
v 4.878230 -0.110456 -0.586184
v 4.913910 -0.062465 -0.583791
v 4.934762 -0.003965 -0.579877
v 4.937725 0.061360 -0.574785
v 4.916899 0.126772 -0.572021
v 4.867336 0.196679 -0.572508
v 4.786777 0.271559 -0.577913
v 4.699168 0.330818 -0.585166
v 4.608715 0.361873 -0.587029
v 4.519156 0.377521 -0.588048
v 4.430875 0.389354 -0.591212
v 4.342285 0.397756 -0.591269
v 4.262424 0.396234 -0.593231
v 4.178931 0.387773 -0.596989
v 4.088616 0.382884 -0.599079
v 3.993287 0.390003 -0.599941
v 3.906392 0.404532 -0.595997
v 4.037951 0.398293 -0.508129
v 4.128736 0.396959 -0.507601
v 4.211745 0.404499 -0.506735
v 4.291919 0.411509 -0.504945
v 4.372857 0.408558 -0.504856
v 4.467787 0.394898 -0.505343
v 4.551640 0.376935 -0.502107
v 4.639671 0.348019 -0.500390
v 4.725197 0.298332 -0.495592
v 4.817926 0.227202 -0.490940
v 4.887811 0.156522 -0.488089
v 4.926063 0.090580 -0.488003
v 4.938934 0.025684 -0.489912
v 4.929784 -0.038024 -0.493054
v 4.902934 -0.093825 -0.494901
v 4.857610 -0.144393 -0.496994
v 4.794020 -0.189505 -0.497782
v 4.710908 -0.229592 -0.500943
v 4.607716 -0.263679 -0.504427
v 4.497382 -0.281478 -0.509080
v 4.374988 -0.277379 -0.512458
v 4.259847 -0.265466 -0.514282
v 4.086550 -0.270735 -0.515444
v 3.990780 -0.280472 -0.513079
v 3.877137 -0.283203 -0.511931
v 3.769769 -0.274687 -0.508479
v 3.662454 -0.271517 -0.502566
v 3.553782 -0.292564 -0.495214
v 3.447194 -0.317720 -0.484050
v 3.338145 -0.322610 -0.472675
v 3.219763 -0.306193 -0.457253
v 3.101346 -0.262819 -0.451379
v 3.006327 -0.184211 -0.465915
v 2.957264 -0.071210 -0.473209
v 2.971077 0.044978 -0.464669
v 3.025533 0.134349 -0.444276
v 3.087342 0.206736 -0.425902
v 3.142628 0.263637 -0.429655
v 3.196228 0.307531 -0.441432
v 3.253542 0.346837 -0.454098
v 3.334052 0.380097 -0.469593
v 3.442530 0.387415 -0.475923
v 3.564204 0.388543 -0.483417
v 3.703110 0.400691 -0.495120
v 3.790666 0.416437 -0.495836
v 3.869137 0.420485 -0.501073
v 3.949674 0.409791 -0.506092
v 3.581356 0.355381 -0.741833
v 3.692710 0.376540 -0.670556
v 3.555849 0.368412 -0.658953
v 3.541234 0.318108 -0.895624
v 3.672501 0.351712 -0.828653
v 3.523909 0.337834 -0.817698
v 3.511114 0.250065 -1.076725
v 3.495849 0.274119 -1.035682
v 3.471458 0.237836 -1.114807
v 3.573094 0.244679 -1.133138
v 3.527200 0.193902 -1.156494
v 3.524878 0.136996 -1.193839
v 3.469898 0.186056 -1.175469
v 3.562338 0.192984 -1.186189
v 3.487294 0.103752 -1.219678
v 3.490150 0.040451 -1.228136
v 3.490120 -0.023489 -1.215670
v 3.467899 -0.104581 -1.162687
v 3.458239 -0.154454 -1.103540
v 3.538034 0.108006 -1.217057
v 3.549914 0.044548 -1.230539
v 3.573947 -0.021207 -1.224578
v 3.616000 -0.115744 -1.168890
v 3.629407 -0.175589 -1.088309
v 3.588025 -0.187696 -1.036825
v 3.516468 -0.117888 -1.129602
v 3.519474 -0.054264 -1.180836
v 3.513423 0.010916 -1.207098
v 3.507358 0.073791 -1.208562
v 3.441300 0.289874 -1.034740
v 3.369736 0.326145 -0.992754
v 3.466523 0.325270 -0.888347
v 3.362315 0.349584 -0.881709
v 3.416025 0.322324 -0.947742
v 3.308648 0.352873 -0.936813
v 3.256580 0.368198 -0.876137
v 3.258657 0.347207 -0.982250
v 3.211288 0.351388 -0.931385
v 3.173654 0.340754 -0.874772
v 3.174814 0.318177 -0.982637
v 3.140251 0.299006 -0.936482
v 3.109420 0.272708 -0.882224
v 3.115530 0.255766 -0.993825
v 3.084324 0.225454 -0.948286
v 3.066893 0.177066 -1.001442
v 3.059752 0.197813 -0.885657
v 3.043852 0.143670 -0.944968
v 3.028063 0.112853 -0.872149
v 3.037508 0.085256 -0.991990
v 3.025945 0.047804 -0.926602
v 3.036047 -0.014886 -0.976701
v 3.020360 0.015648 -0.853525
v 3.038311 -0.052399 -0.911852
v 3.043444 -0.080718 -0.843665
v 3.067358 -0.114101 -0.965233
v 3.080025 -0.141887 -0.904464
v 3.182509 -0.214786 -0.961687
v 3.152717 -0.217122 -0.843458
v 3.214489 -0.231889 -0.910882
v 3.248444 -0.259155 -0.857529
v 3.355493 -0.279020 -0.874912
v 3.566236 -0.245341 -0.895306
v 3.432619 -0.199048 -1.035133
v 3.421081 0.349296 -0.810176
v 3.488635 0.356806 -0.733687
v 3.435638 0.371997 -0.654917
v 3.308007 0.370989 -0.809037
v 3.367081 0.370727 -0.732466
v 3.316719 0.380847 -0.656995
v 3.226843 0.360534 -0.648578
v 3.215153 0.366435 -0.805423
v 3.261724 0.376455 -0.731579
v 3.186845 0.343911 -0.727191
v 3.128410 0.284063 -0.728573
v 3.077549 0.220301 -0.727773
v 3.012318 0.058679 -0.711752
v 3.013061 -0.042588 -0.702351
v 3.117172 -0.182484 -0.959080
v 3.088316 -0.161033 -0.841047
v 3.134827 -0.197978 -0.903032
v 3.046168 -0.138790 -0.699677
v 3.107335 -0.215702 -0.700435
v 3.204503 -0.278340 -0.707715
v 3.318828 -0.313109 -0.720432
v 3.427703 -0.309830 -0.725771
v 3.670593 0.407636 -0.390594
v 3.663792 0.383577 -0.586302
v 3.644450 0.359330 -0.748862
v 3.612115 0.326129 -0.902168
v 3.546320 0.252452 -1.089048
v 3.502468 0.193225 -1.148126
v 3.502764 0.136272 -1.188462
v 3.499544 -0.170904 -1.060904
v 3.590518 -0.130842 -1.128426
v 3.570658 -0.056597 -1.191035
v 3.547057 0.012794 -1.216222
v 3.531242 0.075216 -1.213763
v 3.462359 -0.264226 -0.886254
v 3.516095 0.105440 -1.199653
v 3.524537 0.043891 -1.210156
v 3.538956 -0.019609 -1.197954
v 3.552438 -0.086761 -1.157973
v 3.553588 -0.149602 -1.088619
v 3.512662 0.162430 -1.172561
v 3.519615 0.221238 -1.117994
v 3.537678 0.270107 -1.045608
v 3.592961 0.339296 -0.825540
v 3.626312 0.370365 -0.666279
v 3.636072 0.392115 -0.489957
v 3.536667 -0.287400 -0.728339
v 3.038545 0.147709 -0.721932
v 3.600459 -0.264343 -0.816238
v 3.500073 -0.278821 -0.809771
v 3.392413 -0.299169 -0.805887
v 3.284634 -0.290841 -0.793446
v 3.173594 -0.245467 -0.777737
v 3.095571 -0.184657 -0.772335
v 3.045485 -0.107551 -0.772921
v 3.017745 -0.010756 -0.778444
v 3.019831 0.085465 -0.792740
v 3.046145 0.172980 -0.806431
v 3.088534 0.244169 -0.811591
v 3.146730 0.314411 -0.806383
v 3.573596 -0.287232 -0.652218
v 3.465174 -0.311488 -0.643998
v 3.355718 -0.322051 -0.642511
v 3.243549 -0.301906 -0.635160
v 3.131694 -0.249903 -0.628100
v 3.052606 -0.176379 -0.626566
v 3.006700 -0.082360 -0.627393
v 3.000196 0.023807 -0.629870
v 3.028008 0.116974 -0.635677
v 3.071671 0.196622 -0.638553
v 3.116595 0.258222 -0.641937
v 3.168782 0.313953 -0.643943
v 3.712101 0.354474 -0.899910
v 3.732162 0.374462 -0.745309
v 3.776090 0.376660 -0.819767
v 3.827654 0.389710 -0.741384
v 3.818696 0.374902 -0.895200
v 3.866574 0.379220 -0.822785
v 3.906276 0.360225 -0.908852
v 3.905541 0.382544 -0.749898
v 3.947846 0.358498 -0.837393
v 3.993579 0.363188 -0.753946
v 3.867631 0.398947 -0.670541
v 3.787040 0.393365 -0.665208
v 4.092910 0.354462 -0.753289
v 4.189320 0.361935 -0.752633
v 4.242226 0.354990 -0.832352
v 3.946558 0.385248 -0.677427
v 4.280054 0.373639 -0.746599
v 4.294375 0.353186 -0.908273
v 4.333359 0.366401 -0.826571
v 4.368086 0.373906 -0.745225
v 4.387760 0.357502 -0.905310
v 4.424007 0.357771 -0.829430
v 4.138664 0.371200 -0.677470
v 4.733341 0.322052 -0.906462
v 4.809752 0.291738 -0.897265
v 4.454292 0.362908 -0.745933
v 4.042467 0.371586 -0.677690
v 4.537373 0.353330 -0.745055
v 4.630153 0.350147 -0.744715
v 4.722066 0.335915 -0.742064
v 4.803411 0.288190 -0.735787
v 4.769053 0.315179 -0.824436
v 4.845065 0.260201 -0.813318
v 4.685102 0.337239 -0.827941
v 4.229171 0.380558 -0.673648
v 4.313288 0.386473 -0.668407
v 4.398323 0.381203 -0.669403
v 4.486152 0.371178 -0.667273
v 4.572047 0.363155 -0.666038
v 4.668890 0.349515 -0.665268
v 4.754261 0.312498 -0.660779
v 4.838243 0.242855 -0.653274
v 4.884829 0.230679 -0.888467
v 4.878405 0.212781 -0.729399
v 4.912243 0.184987 -0.810847
v 4.902164 0.166801 -0.651155
v 4.950261 0.109235 -0.892505
v 4.939108 0.083890 -0.740580
v 4.944643 0.066320 -0.822017
v 4.924932 0.142664 -0.733038
v 4.935885 0.164553 -0.889842
v 4.932368 0.101993 -0.656116
v 4.938201 0.038638 -0.662025
v 4.924613 -0.025394 -0.668392
v 4.934359 -0.000067 -0.830151
v 4.935167 0.019355 -0.747605
v 4.949224 0.043706 -0.898668
v 4.897136 -0.076211 -0.671130
v 4.907207 -0.055225 -0.833853
v 4.915921 -0.039789 -0.752692
v 4.931611 -0.021417 -0.905461
v 4.891097 -0.074138 -0.908286
v 4.832821 -0.112285 -0.911130
v 4.754555 -0.146851 -0.915975
v 4.661061 -0.191051 -0.918867
v 4.560588 -0.235886 -0.920286
v 4.859933 -0.100786 -0.836816
v 4.795515 -0.160982 -0.674143
v 4.712582 -0.206663 -0.681621
v 4.611907 -0.251722 -0.690122
v 4.502061 -0.285765 -0.697971
v 4.854011 -0.120072 -0.673561
v 4.798157 -0.136866 -0.839438
v 4.710634 -0.182570 -0.847186
v 4.614285 -0.230261 -0.852344
v 4.505649 -0.270950 -0.857040
v 4.561612 -0.263522 -0.779369
v 4.664011 -0.219272 -0.771224
v 4.757574 -0.170370 -0.761597
v 4.829479 -0.127856 -0.756592
v 4.880170 -0.087440 -0.755402
v 4.440134 -0.269747 -0.920353
v 4.443413 -0.294051 -0.783832
v 4.378214 -0.291444 -0.855711
v 4.379023 -0.296905 -0.701633
v 4.259725 -0.276713 -0.852168
v 4.313695 -0.271757 -0.916546
v 4.317467 -0.293317 -0.782541
v 4.211250 -0.252420 -0.915055
v 4.120371 -0.243997 -0.916139
v 4.028744 -0.252545 -0.917327
v 4.212727 -0.274993 -0.778503
v 3.938480 -0.267686 -0.919341
v 3.935185 -0.293986 -0.764679
v 3.844028 -0.273624 -0.918156
v 4.124641 -0.271845 -0.774282
v 3.731709 -0.285671 -0.747358
v 3.652436 -0.249046 -0.902648
v 3.832766 -0.296996 -0.757966
v 3.634358 -0.276217 -0.736275
v 3.743948 -0.264042 -0.910646
v 4.939408 0.125957 -0.816546
v 3.688809 -0.270291 -0.825525
v 3.673009 -0.280557 -0.662327
v 4.035544 -0.281869 -0.769994
v 4.129582 -0.261505 -0.422419
v 4.129673 -0.271524 -0.609036
v 4.173252 -0.263347 -0.514801
v 4.170959 -0.272484 -0.696558
v 4.082983 -0.279271 -0.693584
v 3.987466 -0.291272 -0.687841
v 3.878127 -0.298979 -0.682113
v 3.777381 -0.292233 -0.674379
v 4.263247 -0.281771 -0.699795
v 3.790014 -0.283739 -0.836457
v 3.887377 -0.287607 -0.843532
v 3.986743 -0.277086 -0.845911
v 4.077580 -0.264902 -0.847096
v 4.166945 -0.261943 -0.849033
v 3.529743 -0.220533 -0.965453
v 3.620580 -0.221509 -0.974172
v 3.415764 -0.248823 -0.944756
v 3.267271 -0.230472 -0.973899
v 3.312416 -0.252185 -0.928741
v 3.366533 -0.230545 -0.988304
v 3.662533 -0.210821 -1.035014
v 3.747911 -0.239065 -1.031621
v 3.847084 -0.249870 -1.033061
v 3.937118 -0.233335 -1.029669
v 4.019942 -0.208729 -1.027937
v 4.116980 -0.198398 -1.027035
v 4.211812 -0.209057 -1.020753
v 4.308060 -0.228765 -1.018976
v 4.431983 -0.229620 -1.020777
v 4.552660 -0.194867 -1.019511
v 4.653312 -0.150516 -1.020020
v 4.746392 -0.122560 -1.020252
v 4.829665 -0.103143 -1.017622
v 4.896816 -0.067319 -1.017014
v 4.941755 -0.013716 -1.016504
v 4.959103 0.054270 -1.013349
v 4.958904 0.123335 -1.011815
v 4.942886 0.177712 -1.011588
v 4.887797 0.237084 -1.009855
v 4.812148 0.287209 -1.011166
v 4.739580 0.305994 -1.014220
v 4.661673 0.292210 -1.019088
v 4.580140 0.284008 -1.022333
v 4.491102 0.318990 -1.017515
v 4.396829 0.353912 -1.017657
v 4.298248 0.343908 -1.026682
v 4.203516 0.301219 -1.037915
v 4.109945 0.276803 -1.041797
v 4.002342 0.305073 -1.035601
v 3.903112 0.350465 -1.027619
v 3.757651 0.362593 -0.964486
v 3.808553 0.366391 -1.023226
v 3.478094 -0.207373 -1.007982
v 3.861966 0.365799 -0.967493
v 3.948819 0.336482 -0.981545
v 4.249879 0.331776 -0.978570
v 4.345076 0.355900 -0.969339
v 4.439546 0.343967 -0.967293
v 4.612988 0.297249 -0.971342
v 4.525965 0.310831 -0.970339
v 4.696031 0.313923 -0.968678
v 4.775578 0.305302 -0.965330
v 4.847304 0.266975 -0.956964
v 4.920112 0.202202 -0.956226
v 4.949888 0.146122 -0.957689
v 4.957239 0.086720 -0.959161
v 4.948917 0.014810 -0.965239
v 4.920129 -0.044415 -0.968660
v 4.864554 -0.091852 -0.969782
v 4.794720 -0.120073 -0.972764
v 4.704216 -0.151448 -0.975514
v 4.609167 -0.193035 -0.974320
v 4.498714 -0.235551 -0.975043
v 4.371409 -0.254625 -0.973089
v 4.256834 -0.240913 -0.971041
v 4.168292 -0.224131 -0.975386
v 4.067926 -0.223685 -0.978571
v 3.981166 -0.240314 -0.978631
v 3.893007 -0.257387 -0.981567
v 3.797455 -0.258256 -0.979362
v 3.698819 -0.240256 -0.974508
v 3.602138 0.289703 -1.058781
v 3.559256 0.303067 -0.959099
v 3.500324 0.303069 -0.952774
v 3.524512 0.285403 -1.002898
v 3.577788 0.292116 -1.011194
v 3.464768 0.295727 -0.997815
v 3.640759 0.322022 -0.964841
v 4.505953 0.340635 -0.828051
v 4.591028 0.333061 -0.828906
v 4.053366 0.300739 -0.985626
v 4.154513 0.301529 -0.984396
v 4.144737 0.339309 -0.833796
v 4.046220 0.337608 -0.836274
v 4.100008 0.315361 -0.914940
v 4.198683 0.330281 -0.912914
v 3.997948 0.329551 -0.919848
v 4.557933 0.315371 -0.907003
v 4.646032 0.319538 -0.907420
v 4.475535 0.336766 -0.907116
v 4.117051 0.235259 -1.115830
v 4.156096 0.265097 -1.082619
v 4.065920 0.266846 -1.080904
v 4.136865 0.117323 -1.217938
v 4.089799 0.173866 -1.199541
v 4.154766 0.225581 -1.145756
v 4.119637 0.078824 -1.232958
v 4.159606 0.086362 -1.242580
v 4.141247 0.040305 -1.232795
v 4.141507 -0.047689 -1.209893
v 4.120068 -0.008990 -1.227222
v 4.165950 0.003802 -1.242580
v 4.117452 -0.159297 -1.088738
v 4.079166 -0.141340 -1.121647
v 4.169741 -0.086740 -1.187081
v 4.067475 -0.180989 -1.063654
v 4.165017 -0.182042 -1.059237
v 4.631876 -0.072932 -1.154904
v 4.679467 -0.089140 -1.121873
v 4.602882 -0.151527 -1.056499
v 4.666037 -0.054305 -1.180405
v 4.587519 -0.066797 -1.193980
v 4.620894 -0.024990 -1.211349
v 4.619735 0.039947 -1.241648
v 4.657304 -0.007617 -1.225207
v 4.596888 0.004977 -1.241669
v 4.619145 0.111550 -1.252299
v 4.640553 0.075904 -1.260087
v 4.602991 0.074754 -1.256110
v 4.614405 0.169365 -1.222628
v 4.645329 0.155758 -1.244116
v 4.598685 0.143394 -1.250545
v 4.606979 0.209435 -1.164617
v 4.640316 0.197768 -1.196271
v 4.576647 0.212916 -1.194922
v 4.594515 0.246282 -1.099071
v 4.630713 0.232637 -1.132069
v 4.567139 0.244695 -1.131981
v 4.625394 0.266736 -1.062842
v 4.547666 0.279956 -1.062125
v 4.079401 0.226267 -1.147423
v 4.162923 0.174539 -1.200430
v 4.125983 0.184338 -1.175380
v 4.205219 -0.172249 -1.089204
v 4.310465 -0.198788 -1.098544
v 4.432982 -0.203569 -1.101528
v 4.693857 -0.119436 -1.057279
v 4.597735 -0.111686 -1.124712
v 4.644441 -0.114005 -1.089854
v 4.492854 -0.200769 -1.059377
v 4.549905 -0.160247 -1.093307
v 4.368417 -0.218391 -1.061936
v 4.254501 -0.201136 -1.057519
v 4.215530 -0.087596 -1.231981
v 4.320420 -0.153649 -1.245531
v 4.439323 -0.165686 -1.252125
v 4.093923 -0.095110 -1.181931
v 4.159720 -0.140885 -1.117924
v 4.125520 -0.111608 -1.149102
v 4.203944 -0.130194 -1.157471
v 4.316383 -0.173304 -1.178185
v 4.439834 -0.182308 -1.186415
v 4.546631 -0.123794 -1.169276
v 4.537093 -0.093431 -1.238293
v 4.382913 -0.177781 -1.221067
v 4.492489 -0.148385 -1.215454
v 4.257264 -0.136340 -1.202423
v 4.376500 -0.196265 -1.145033
v 4.494033 -0.173578 -1.139197
v 4.253734 -0.168255 -1.129980
v 4.028189 -0.172111 -1.097584
v 3.937825 -0.208544 -1.110353
v 3.847792 -0.236473 -1.119688
v 3.752108 -0.222831 -1.124607
v 3.663367 -0.175233 -1.129445
v 3.703414 -0.212720 -1.082330
v 3.799611 -0.241144 -1.080077
v 3.980069 -0.203346 -1.068332
v 3.893059 -0.234314 -1.075975
v 3.682059 0.331819 -1.019523
v 4.966722 0.118137 -1.147667
v 4.958952 0.148680 -1.115567
v 4.963515 0.092135 -1.051675
v 4.975109 0.103163 -1.260485
v 4.967269 0.134118 -1.238954
v 4.971563 0.083193 -1.181453
v 4.994691 0.076998 -1.434392
v 4.980134 0.112352 -1.382633
v 4.980583 0.068888 -1.288256
v 5.012033 0.061285 -1.561625
v 4.995293 0.095853 -1.499223
v 5.007359 0.041843 -1.490990
v 5.026655 0.045503 -1.714545
v 5.011506 0.080511 -1.640727
v 5.023833 0.026557 -1.633953
v 5.039927 0.024427 -1.856353
v 5.026208 0.062653 -1.792764
v 5.035993 0.008850 -1.783913
v 5.056503 -0.003152 -1.985493
v 5.042608 0.038065 -1.926699
v 5.049546 -0.014667 -1.915826
v 5.071234 -0.037884 -2.121297
v 5.058930 0.005803 -2.058946
v 5.066374 -0.045791 -2.046801
v 5.077403 -0.070401 -2.256531
v 5.068082 -0.029875 -2.195063
v 5.077900 -0.080087 -2.185347
v 5.076859 -0.090912 -2.375381
v 5.072096 -0.058054 -2.323340
v 5.081344 -0.104808 -2.316331
v 5.053171 -0.103909 -2.454409
v 5.064935 -0.074631 -2.425225
v 5.071508 -0.119188 -2.411879
v 4.934826 -0.106101 -2.476140
v 4.965986 -0.078883 -2.494228
v 5.026820 -0.134735 -2.458633
v 5.026406 -0.079560 -2.482465
v 4.964902 -0.136484 -2.468950
v 4.997060 -0.107323 -2.489207
v 4.896442 0.227202 -1.153689
v 4.853445 0.257139 -1.120572
v 4.924665 0.205591 -1.051888
v 4.901911 0.213835 -1.272610
v 4.859337 0.241365 -1.250952
v 4.933187 0.194038 -1.187093
v 4.917557 0.184165 -1.451681
v 4.870561 0.216914 -1.395273
v 4.939379 0.179748 -1.299496
v 4.931573 0.168059 -1.577560
v 4.883449 0.197721 -1.514184
v 4.960173 0.147050 -1.508186
v 4.947452 0.152585 -1.731158
v 4.898156 0.181766 -1.655606
v 4.975241 0.131876 -1.649384
v 4.966287 0.133835 -1.873353
v 4.916679 0.165712 -1.807815
v 4.992437 0.114950 -1.801609
v 4.981936 0.105672 -2.001516
v 4.934744 0.144858 -1.939809
v 5.010729 0.091334 -1.934732
v 4.993234 0.063296 -2.137175
v 4.948853 0.107136 -2.068982
v 5.024405 0.056676 -2.068342
v 5.003028 0.024612 -2.266557
v 4.961413 0.061869 -2.198966
v 5.032270 0.018099 -2.203237
v 5.016473 -0.006454 -2.392986
v 4.978357 0.023605 -2.334492
v 5.040384 -0.014081 -2.330774
v 5.020720 -0.031925 -2.464270
v 4.993567 -0.007411 -2.443538
v 5.042192 -0.034224 -2.429709
v 5.044843 -0.055705 -2.458482
v 4.996995 -0.050291 -2.488593
v 5.061199 -0.046269 -2.383055
v 5.057689 -0.022190 -2.264852
v 5.052065 0.011945 -2.133746
v 5.040421 0.048234 -1.996295
v 5.023268 0.077023 -1.866344
v 5.006088 0.097586 -1.723382
v 4.990623 0.113104 -1.569837
v 4.975110 0.129164 -1.444156
v 4.958240 0.157249 -1.265615
v 4.951312 0.171169 -1.149624
v 4.749020 0.271182 -1.162086
v 4.708520 0.269172 -1.128098
v 4.778936 0.294424 -1.052788
v 4.757464 0.239255 -1.276238
v 4.722067 0.224022 -1.253083
v 4.785224 0.267571 -1.195970
v 4.780664 0.196886 -1.453812
v 4.746115 0.186287 -1.391561
v 4.790687 0.242989 -1.303188
v 4.795747 0.175217 -1.583437
v 4.763112 0.162427 -1.514640
v 4.815418 0.198381 -1.516518
v 4.816189 0.159756 -1.738166
v 4.781881 0.146714 -1.657860
v 4.830601 0.179683 -1.658956
v 4.843121 0.145690 -1.883118
v 4.808447 0.134169 -1.813234
v 4.853349 0.165743 -1.812131
v 4.864001 0.117970 -2.008786
v 4.834095 0.114786 -1.947267
v 4.876351 0.146521 -1.944983
v 4.883060 0.074220 -2.137179
v 4.855127 0.078700 -2.073756
v 4.893631 0.108688 -2.070857
v 4.903273 0.030600 -2.267339
v 4.875623 0.035127 -2.201956
v 4.911891 0.063619 -2.198123
v 4.924299 -0.014463 -2.406227
v 4.897217 -0.010007 -2.342570
v 4.933094 0.020904 -2.336836
v 4.919800 -0.052003 -2.452533
v 4.817680 0.269508 -1.157958
v 4.822124 0.249135 -1.276056
v 4.840015 0.214587 -1.454419
v 4.853852 0.194953 -1.582395
v 4.870615 0.179060 -1.735852
v 4.893040 0.163195 -1.878879
v 4.909907 0.135770 -2.004826
v 4.925432 0.089887 -2.134267
v 4.942527 0.047519 -2.263622
v 4.963737 0.009231 -2.400249
v 4.973584 -0.023932 -2.474267
v 4.951789 -0.014930 -2.447809
v 4.948562 -0.045642 -2.478335
v 4.955354 0.152267 -1.052047
v 4.966987 0.089386 -1.114821
v 4.849414 0.263785 -1.050995
v 4.929170 0.200790 -1.117582
v 4.702842 0.292240 -1.055722
v 4.781465 0.282020 -1.124050
v 4.814705 0.279032 -1.087328
v 4.744008 0.289062 -1.090107
v 4.947221 0.176468 -1.084807
v 4.891976 0.233315 -1.085606
v 4.962990 0.122935 -1.083950
v 4.664438 0.264793 -1.095508
v 4.672746 0.235316 -1.164750
v 4.963418 0.141484 -1.182936
v 4.975776 0.076667 -1.236098
v 4.857138 0.249032 -1.192284
v 4.935956 0.187688 -1.244933
v 4.716615 0.245469 -1.198892
v 4.787584 0.254375 -1.253353
v 4.820770 0.258149 -1.226751
v 4.754689 0.252840 -1.229544
v 4.955359 0.163305 -1.216633
v 4.899602 0.219960 -1.222553
v 4.971645 0.109532 -1.213128
v 4.680293 0.205018 -1.226742
v 4.687162 0.174288 -1.270056
v 4.963279 0.054693 -1.083397
v 4.945846 -0.011006 -1.083118
v 4.898569 -0.063032 -1.082873
v 4.824903 -0.096225 -1.083917
v 4.734393 -0.102666 -1.088094
v 4.955217 0.018814 -1.052192
v 4.925649 -0.039141 -1.053111
v 4.863913 -0.086189 -1.052662
v 4.786376 -0.107123 -1.054902
v 4.714291 -0.055728 -1.202656
v 4.820882 -0.083055 -1.203536
v 4.902523 -0.057777 -1.205111
v 4.953422 -0.010659 -1.207827
v 4.971940 0.047346 -1.210847
v 4.963252 0.017471 -1.179910
v 4.928561 -0.036605 -1.113743
v 4.863314 -0.081522 -1.113394
v 4.778481 -0.095607 -1.116031
v 4.958889 0.018889 -1.114663
v 4.931756 -0.035241 -1.177422
v 4.863716 -0.077138 -1.175039
v 4.773119 -0.083244 -1.175667
v 4.822398 -0.089463 -1.144642
v 4.900439 -0.060033 -1.144801
v 4.949631 -0.010389 -1.146644
v 4.967255 0.052139 -1.147449
v 4.722445 -0.080811 -1.149483
v 4.678689 0.069504 -1.328579
v 4.669771 0.117225 -1.292084
v 4.676457 0.028401 -1.283169
v 4.706181 0.059809 -1.443360
v 4.701144 0.105274 -1.385867
v 4.706513 0.021464 -1.380512
v 4.723693 0.051063 -1.570343
v 4.722075 0.091399 -1.508011
v 4.726690 0.013231 -1.502308
v 4.749612 0.043974 -1.722781
v 4.742785 0.083490 -1.649372
v 4.746881 0.004864 -1.640920
v 4.777461 0.027990 -1.874871
v 4.771480 0.073818 -1.805865
v 4.773135 -0.008035 -1.796634
v 4.971183 0.126303 -1.292753
v 4.990986 0.056479 -1.374685
v 4.862308 0.233085 -1.304476
v 4.947237 0.164397 -1.390814
v 4.729835 0.207634 -1.301086
v 4.801302 0.222879 -1.393497
v 4.827911 0.236424 -1.342692
v 4.765632 0.223271 -1.339994
v 4.963796 0.146040 -1.336136
v 4.907029 0.202411 -1.342527
v 4.981644 0.091878 -1.329050
v 4.708529 0.158168 -1.336056
v 4.731419 0.137855 -1.449777
v 4.748603 0.122349 -1.578475
v 4.773607 0.112892 -1.733863
v 4.802106 0.098429 -1.881148
v 4.798065 -0.029929 -1.936184
v 4.822385 -0.061204 -2.064261
v 4.847124 -0.092138 -2.193515
v 4.876564 -0.115848 -2.329722
v 4.911930 -0.128832 -2.436178
v 4.898691 -0.049236 -2.406202
v 4.854980 -0.065673 -2.263187
v 4.827640 -0.033158 -2.133129
v 4.803208 0.002482 -2.004369
v 4.890975 -0.094259 -2.400635
v 4.826621 0.072438 -2.008453
v 4.848686 0.032051 -2.136996
v 4.871922 -0.008601 -2.267962
v 4.877090 -0.053301 -2.338529
v 4.847134 -0.016575 -2.198100
v 4.823271 0.021677 -2.070589
v 4.911155 -0.078422 -2.450204
v 4.799016 0.054186 -1.943674
v 4.711565 -0.026228 -1.251319
v 4.769454 -0.069982 -1.228258
v 4.821609 -0.079058 -1.256354
v 4.905355 -0.057934 -1.256403
v 4.957016 -0.012799 -1.256287
v 4.975999 0.042998 -1.258111
v 4.967203 0.015109 -1.233451
v 4.934579 -0.035482 -1.231319
v 4.864861 -0.074212 -1.230613
v 4.730758 -0.024739 -1.325598
v 4.829960 -0.080494 -1.325618
v 4.912966 -0.061445 -1.323490
v 4.964896 -0.017026 -1.323368
v 4.773864 -0.063428 -1.285484
v 4.869174 -0.074194 -1.286592
v 4.939032 -0.038112 -1.284978
v 4.972707 0.011458 -1.286529
v 4.983889 0.035097 -1.325165
v 4.980441 -0.026886 -1.427696
v 4.951175 -0.045001 -1.372000
v 4.984426 0.004192 -1.372081
v 4.997243 -0.041930 -1.555773
v 4.968943 -0.057838 -1.489865
v 5.001105 -0.009247 -1.487706
v 5.010801 -0.056587 -1.708347
v 4.984703 -0.072529 -1.632735
v 5.017016 -0.024156 -1.631104
v 5.021687 -0.076094 -1.845147
v 4.997012 -0.088825 -1.779224
v 5.028360 -0.040862 -1.780187
v 5.038082 -0.102096 -1.971231
v 5.011631 -0.111110 -1.906776
v 5.041060 -0.063595 -1.909941
v 5.054429 -0.134290 -2.105658
v 5.030482 -0.141319 -2.035351
v 5.058499 -0.093949 -2.039520
v 5.059776 -0.156684 -2.246227
v 5.041685 -0.168826 -2.174208
v 5.070771 -0.124164 -2.178975
v 5.057133 -0.161804 -2.365953
v 5.039935 -0.181089 -2.310844
v 5.072767 -0.141991 -2.312607
v 5.066191 -0.141549 -2.405726
v 5.077878 -0.129042 -2.366810
v 5.079457 -0.114860 -2.250422
v 5.071920 -0.087089 -2.111717
v 5.056016 -0.053560 -1.975987
v 5.040246 -0.027264 -1.848553
v 5.029524 -0.006960 -1.709239
v 5.015474 0.008098 -1.556282
v 4.998200 0.023454 -1.428015
v 4.848342 -0.090557 -1.435345
v 4.790612 -0.069153 -1.378266
v 4.882242 -0.080392 -1.374766
v 4.867778 -0.104025 -1.564710
v 4.810312 -0.080981 -1.499546
v 4.901914 -0.092874 -1.494249
v 4.886178 -0.117694 -1.716163
v 4.829218 -0.093517 -1.641850
v 4.920217 -0.106559 -1.637410
v 4.905183 -0.136691 -1.847880
v 4.849801 -0.109063 -1.788319
v 4.936976 -0.122044 -1.781620
v 4.925549 -0.164123 -1.973725
v 4.869910 -0.132710 -1.916786
v 4.955709 -0.144613 -1.907154
v 4.947145 -0.192899 -2.106524
v 4.891668 -0.163514 -2.045459
v 4.977982 -0.174276 -2.036117
v 4.957703 -0.204640 -2.243633
v 4.911254 -0.185890 -2.179539
v 4.992046 -0.197327 -2.173241
v 4.963090 -0.191410 -2.373483
v 4.926040 -0.189191 -2.314349
v 4.993378 -0.202201 -2.309625
v 4.753179 -0.033131 -1.439374
v 4.771085 -0.043429 -1.567130
v 4.793280 -0.055141 -1.718083
v 4.816431 -0.073878 -1.861961
v 4.838348 -0.101320 -1.990139
v 4.861871 -0.132669 -2.121183
v 4.883813 -0.151395 -2.253659
v 4.907468 -0.156382 -2.381431
v 5.018768 -0.186207 -2.371067
v 5.020755 -0.192659 -2.242955
v 5.016768 -0.174840 -2.103055
v 4.997966 -0.144808 -1.969420
v 4.978574 -0.118347 -1.843837
v 4.963773 -0.099899 -1.710742
v 4.948431 -0.085407 -1.559329
v 4.929952 -0.071515 -1.430545
v 4.935815 -0.161560 -2.425318
v 4.995131 -0.167081 -2.427897
v 5.043981 -0.159307 -2.412193
v 4.404579 0.355003 -1.102532
v 4.450957 0.337765 -1.059772
v 4.350268 0.355663 -1.067308
v 4.409655 0.355621 -1.165864
v 4.461124 0.332101 -1.132394
v 4.354951 0.357089 -1.140133
v 4.410951 0.353648 -1.230734
v 4.465441 0.326589 -1.192826
v 4.357333 0.357365 -1.199808
v 4.408786 0.343128 -1.331045
v 4.463322 0.320469 -1.270810
v 4.357541 0.352970 -1.278462
v 4.377648 0.231299 -2.083248
v 4.457945 0.308241 -1.395213
v 4.407051 0.321592 -1.481075
v 4.471827 0.215481 -2.081819
v 4.424555 0.207937 -2.163032
v 4.374823 0.271803 -1.931670
v 4.471424 0.255688 -1.930355
v 4.424990 0.254413 -2.007520
v 4.367313 0.292921 -1.760971
v 4.464526 0.275781 -1.754957
v 4.420555 0.285870 -1.849612
v 4.359259 0.310491 -1.572402
v 4.457421 0.289597 -1.564154
v 4.411870 0.300599 -1.663664
v 4.356560 0.335784 -1.403333
v 4.424124 0.166462 -2.329202
v 4.469958 0.169463 -2.244803
v 4.377351 0.185347 -2.251800
v 4.428073 0.140537 -2.444197
v 4.471449 0.136825 -2.385474
v 4.379385 0.154264 -2.395483
v 4.433684 0.099688 -2.560917
v 4.475794 0.106589 -2.492067
v 4.384626 0.126304 -2.499852
v 4.441316 0.037370 -2.717506
v 4.480846 0.054155 -2.633994
v 4.392873 0.069576 -2.641500
v 4.448988 -0.008520 -2.848909
v 4.486219 0.005060 -2.777691
v 4.403142 0.012229 -2.787337
v 4.510796 0.297207 -1.097885
v 4.524278 0.262351 -1.227475
v 4.521995 0.278131 -1.162366
v 4.587698 0.046447 -1.433665
v 4.592696 0.035162 -1.269773
v 4.585349 0.098399 -1.368800
v 4.594115 0.032045 -1.616945
v 4.585798 -0.001309 -1.515784
v 4.584848 0.083596 -1.526286
v 4.604029 0.024480 -1.825083
v 4.596181 -0.011011 -1.719648
v 4.594093 0.075318 -1.728139
v 4.599824 0.003450 -1.991850
v 4.599530 -0.024004 -1.911894
v 4.598340 0.061821 -1.917412
v 4.589797 -0.024008 -2.136353
v 4.590655 -0.047127 -2.062817
v 4.589961 0.034399 -2.067417
v 4.586669 -0.054463 -2.282842
v 4.583810 -0.074934 -2.209079
v 4.582551 0.003212 -2.215493
v 4.588133 -0.082093 -2.404288
v 4.584073 -0.103254 -2.344371
v 4.582505 -0.026904 -2.350846
v 4.585377 -0.106743 -2.527427
v 4.584077 -0.127298 -2.458737
v 4.582760 -0.053284 -2.466450
v 4.579566 -0.134483 -2.682384
v 4.579217 -0.154472 -2.602543
v 4.577837 -0.082229 -2.610033
v 4.576776 -0.158162 -2.813235
v 4.575893 -0.178700 -2.743819
v 4.574193 -0.109120 -2.750675
v 4.561563 -0.090016 -2.822195
v 4.517223 0.005765 -2.705612
v 4.515596 0.057358 -2.549825
v 4.513133 0.095369 -2.431072
v 4.510720 0.122746 -2.315364
v 4.512536 0.161242 -2.157557
v 4.516263 0.205370 -2.004923
v 4.514314 0.234044 -1.844262
v 4.506030 0.245023 -1.650307
v 4.505513 0.256299 -1.468104
v 4.585322 0.017675 -1.358938
v 4.593380 0.107949 -1.277165
v 4.591383 0.064867 -1.309004
v 4.579814 0.149532 -1.316213
v 4.248335 0.318749 -1.075086
v 4.196850 0.277532 -1.112915
v 4.299409 0.342233 -1.109355
v 4.245175 0.309583 -1.143744
v 4.246267 0.298938 -1.202202
v 4.250053 0.293277 -1.277229
v 4.257191 0.282731 -1.398604
v 4.197250 0.250043 -1.174383
v 4.203819 0.223349 -1.232961
v 4.268655 0.259962 -1.567261
v 4.279310 0.242688 -1.759537
v 4.287751 0.222997 -1.929794
v 4.295654 0.185757 -2.080393
v 4.300972 0.145293 -2.250268
v 4.311489 0.088481 -2.493935
v 4.325424 0.035433 -2.636901
v 4.343430 -0.022219 -2.786405
v 4.305258 0.115204 -2.392834
v 4.306841 0.304866 -1.482488
v 4.315255 0.280908 -1.666095
v 4.324128 0.265493 -1.851113
v 4.330688 0.235072 -2.006123
v 4.334091 0.190599 -2.164034
v 4.335932 0.152295 -2.333152
v 4.340631 0.126974 -2.446615
v 4.348083 0.089188 -2.560887
v 4.362087 0.023450 -2.720911
v 4.377081 -0.025163 -2.854275
v 4.301476 0.338447 -1.235570
v 4.300111 0.340755 -1.172572
v 4.302866 0.329065 -1.334123
v 4.567574 0.036216 -2.295760
v 4.571091 0.068954 -2.146757
v 4.579573 0.104038 -1.998188
v 4.520390 -0.034089 -2.835492
v 4.513518 0.263603 -1.321930
v 4.581369 0.127705 -1.835061
v 4.562600 -0.058262 -2.692359
v 4.572453 0.135341 -1.631345
v 4.567240 -0.021661 -2.537476
v 4.571236 0.143980 -1.449974
v 4.568749 0.008381 -2.415456
v 4.543100 -0.040318 -2.762808
v 4.545587 0.040997 -2.478797
v 4.544549 0.100019 -2.232040
v 4.554467 0.175178 -1.925294
v 4.543907 0.197998 -1.545734
v 4.565233 0.197254 -1.270443
v 4.543921 -0.000810 -2.621609
v 4.544195 0.069903 -2.368218
v 4.550079 0.139863 -2.076729
v 4.548913 0.191158 -1.742328
v 4.550441 0.203761 -1.382463
v 4.525463 -0.093463 -1.310276
v 4.486495 -0.133782 -1.277688
v 4.565559 -0.041760 -1.265932
v 4.521917 -0.104802 -1.432603
v 4.483544 -0.131697 -1.365047
v 4.553504 -0.059831 -1.361195
v 4.529520 -0.114497 -1.615338
v 4.488736 -0.137110 -1.516046
v 4.553683 -0.076272 -1.518220
v 4.539296 -0.124695 -1.820930
v 4.499606 -0.145980 -1.718457
v 4.563677 -0.086594 -1.719991
v 4.541155 -0.135086 -1.989380
v 4.507785 -0.155884 -1.908944
v 4.568092 -0.097970 -1.911598
v 4.538940 -0.148135 -2.131959
v 4.510830 -0.165673 -2.058962
v 4.563025 -0.111986 -2.062326
v 4.538928 -0.168761 -2.280097
v 4.512870 -0.181019 -2.207189
v 4.558495 -0.132639 -2.207957
v 4.541774 -0.187112 -2.398657
v 4.516770 -0.198791 -2.341935
v 4.559033 -0.155495 -2.342740
v 4.542765 -0.209398 -2.522715
v 4.520546 -0.216276 -2.455823
v 4.560045 -0.176332 -2.456617
v 4.543040 -0.238663 -2.678571
v 4.522733 -0.242213 -2.600963
v 4.558050 -0.204440 -2.601218
v 4.543502 -0.260679 -2.810146
v 4.525382 -0.267969 -2.743982
v 4.557796 -0.230239 -2.743377
v 4.567130 -0.218052 -2.809608
v 4.568969 -0.195996 -2.678675
v 4.572755 -0.166716 -2.522904
v 4.574727 -0.142513 -2.400072
v 4.573323 -0.119044 -2.280535
v 4.576058 -0.092122 -2.133511
v 4.584314 -0.071025 -1.990887
v 4.587881 -0.054709 -1.821178
v 4.578511 -0.045280 -1.614602
v 4.572234 -0.031298 -1.430164
v 4.578508 -0.009639 -1.304431
v 4.324858 -0.139713 -1.316121
v 4.264990 -0.114110 -1.274277
v 4.384099 -0.162485 -1.282340
v 4.331430 -0.137230 -1.427361
v 4.272010 -0.105144 -1.361706
v 4.387798 -0.153796 -1.365211
v 4.342389 -0.147370 -1.615509
v 4.280517 -0.111862 -1.517513
v 4.396624 -0.156852 -1.513960
v 4.354066 -0.161340 -1.813904
v 4.291501 -0.128082 -1.720298
v 4.408424 -0.167060 -1.716471
v 4.365111 -0.175380 -1.980303
v 4.303310 -0.144608 -1.900105
v 4.418890 -0.178945 -1.904430
v 4.376322 -0.190959 -2.126634
v 4.316568 -0.160671 -2.051640
v 4.427584 -0.191429 -2.055866
v 4.386645 -0.209243 -2.278740
v 4.328624 -0.179072 -2.204062
v 4.436487 -0.207062 -2.206573
v 4.394446 -0.225909 -2.395418
v 4.337721 -0.197869 -2.341610
v 4.444733 -0.223405 -2.340540
v 4.401583 -0.247842 -2.522536
v 4.344993 -0.216774 -2.455317
v 4.450949 -0.240334 -2.454115
v 4.411550 -0.280816 -2.683367
v 4.356046 -0.247598 -2.605716
v 4.457045 -0.267111 -2.601209
v 4.419957 -0.302149 -2.818820
v 4.368823 -0.279390 -2.754823
v 4.462721 -0.294603 -2.746485
v 4.500696 -0.293611 -2.811623
v 4.497310 -0.272498 -2.678106
v 4.493605 -0.243825 -2.522167
v 4.489029 -0.223308 -2.396774
v 4.483298 -0.207774 -2.279998
v 4.476917 -0.190864 -2.130417
v 4.471534 -0.178878 -1.985136
v 4.463738 -0.168487 -1.818250
v 4.452841 -0.158404 -1.612354
v 4.442409 -0.151872 -1.430823
v 4.438404 -0.153669 -1.317687
v 4.189590 0.023261 -1.323386
v 4.173979 0.056835 -1.278939
v 4.195546 -0.030464 -1.274007
v 4.201498 0.030182 -1.445096
v 4.189956 0.077880 -1.382135
v 4.209721 -0.019494 -1.369501
v 4.210297 0.022558 -1.639070
v 4.202567 0.083815 -1.543456
v 4.218960 -0.027164 -1.529011
v 4.216947 0.007508 -1.829012
v 4.210064 0.076661 -1.742673
v 4.226480 -0.044054 -1.731818
v 4.231595 -0.014343 -1.989716
v 4.219673 0.059717 -1.917388
v 4.237610 -0.063656 -1.907362
v 4.246920 -0.039213 -2.138573
v 4.235839 0.031454 -2.068331
v 4.253488 -0.083308 -2.057292
v 4.256594 -0.062535 -2.297830
v 4.248712 0.001866 -2.228918
v 4.265760 -0.102650 -2.212703
v 4.263498 -0.085725 -2.413543
v 4.255909 -0.024255 -2.367370
v 4.273730 -0.122937 -2.352583
v 4.273655 -0.112232 -2.535362
v 4.263537 -0.049100 -2.475314
v 4.281293 -0.144383 -2.463819
v 4.290404 -0.152845 -2.690876
v 4.278945 -0.087448 -2.619139
v 4.294085 -0.177294 -2.608968
v 4.309097 -0.185376 -2.826055
v 4.296732 -0.128764 -2.763122
v 4.309606 -0.212494 -2.753257
v 4.182424 0.153499 -1.275012
v 4.200231 0.178161 -1.388045
v 4.218653 0.179822 -1.552298
v 4.230128 0.169928 -1.750912
v 4.239450 0.153100 -1.924348
v 4.253124 0.121856 -2.075504
v 4.263872 0.088201 -2.242272
v 4.269327 0.060380 -2.382137
v 4.276279 0.034195 -2.485029
v 4.292445 -0.014378 -2.628354
v 4.311625 -0.066902 -2.776709
v 4.214876 0.231387 -1.328940
v 4.230349 0.229387 -1.469668
v 4.245276 0.213877 -1.657455
v 4.254297 0.200947 -1.847070
v 4.264556 0.174169 -2.001973
v 4.274990 0.136535 -2.159781
v 4.281047 0.103548 -2.326870
v 4.286165 0.077456 -2.438430
v 4.296281 0.042993 -2.552416
v 4.315776 -0.019415 -2.714211
v 4.336277 -0.064854 -2.850312
v 4.313200 -0.113936 -2.839557
v 4.293001 -0.074084 -2.703079
v 4.273853 -0.021968 -2.545022
v 4.262673 0.009085 -2.426631
v 4.257050 0.035014 -2.314078
v 4.248170 0.064432 -2.151820
v 4.233245 0.097452 -1.997054
v 4.219963 0.121325 -1.839107
v 4.212732 0.131445 -1.647592
v 4.199013 0.133696 -1.457503
v 4.181851 0.114683 -1.326826
v 4.457495 -0.074507 -2.993708
v 4.492527 -0.046273 -2.918683
v 4.415218 -0.041879 -2.928377
v 4.459030 -0.140619 -3.063848
v 4.495707 -0.110275 -3.033654
v 4.423949 -0.105922 -3.040252
v 4.340491 -0.261474 -2.822312
v 4.325961 -0.236112 -2.686718
v 4.311042 -0.199107 -2.526437
v 4.302423 -0.174969 -2.401187
v 4.294563 -0.155833 -2.283440
v 4.284657 -0.136699 -2.126553
v 4.270313 -0.119472 -1.981069
v 4.256502 -0.101448 -1.817101
v 4.246641 -0.082516 -1.626635
v 4.237515 -0.067457 -1.429846
v 4.228813 -0.067058 -1.315975
v 4.432055 -0.299056 -2.969640
v 4.381711 -0.291881 -2.900583
v 4.469098 -0.307561 -2.893020
v 4.448800 -0.256164 -3.048062
v 4.401143 -0.273773 -3.019223
v 4.479168 -0.287207 -3.013516
v 4.496076 -0.227223 -3.054166
v 4.411079 -0.226548 -3.059157
v 4.376206 -0.247902 -3.027396
v 4.385118 -0.140181 -3.045147
v 4.416224 -0.169900 -3.068007
v 4.498119 -0.169199 -3.062249
v 4.354137 -0.156430 -3.001126
v 4.370775 -0.110436 -3.000802
v 4.397987 -0.082207 -2.998148
v 4.368185 -0.070391 -2.930846
v 4.340035 -0.110066 -2.927876
v 4.397196 -0.115501 -3.040804
v 4.348599 -0.216419 -2.990407
v 4.378358 -0.195718 -3.044910
v 4.455455 -0.201393 -3.071451
v 4.364177 -0.269608 -2.975210
v 4.333476 -0.237021 -2.905849
v 4.325756 -0.167901 -2.918264
v 4.542961 -0.085097 -2.908342
v 4.523712 -0.131106 -3.031677
v 4.521274 -0.090967 -2.984138
v 4.568782 -0.145228 -2.900191
v 4.532430 -0.187346 -3.032536
v 4.549419 -0.138770 -2.982231
v 4.568784 -0.206881 -2.893472
v 4.532688 -0.239790 -3.018675
v 4.558192 -0.197936 -2.975646
v 4.551544 -0.254525 -2.890067
v 4.525530 -0.266144 -3.010318
v 4.550692 -0.246533 -2.966112
v 4.523161 -0.286970 -2.889659
v 4.510051 -0.282274 -3.008367
v 4.500721 -0.299901 -2.962297
v 4.531064 -0.278932 -2.961976
v 3.804330 0.362732 -1.107018
v 3.857374 0.361665 -1.070109
v 3.742454 0.351122 -1.068001
v 3.802951 0.357774 -1.169968
v 3.855705 0.358512 -1.140521
v 3.734744 0.339592 -1.139613
v 3.803363 0.351731 -1.221918
v 3.855725 0.353585 -1.198423
v 3.732449 0.325968 -1.195772
v 3.804114 0.321341 -1.452100
v 3.856129 0.347944 -1.247304
v 3.742126 0.303574 -1.353067
v 3.799478 0.292009 -1.697856
v 3.852310 0.309125 -1.569508
v 3.748045 0.282725 -1.571160
v 3.788011 0.252040 -1.933206
v 3.844832 0.272096 -1.816838
v 3.741490 0.253910 -1.818313
v 3.773624 0.208908 -2.149863
v 3.831789 0.231579 -2.040637
v 3.727189 0.216074 -2.041744
v 3.763649 0.156151 -2.360557
v 3.818827 0.183279 -2.253139
v 3.716690 0.167740 -2.254801
v 3.754114 0.123185 -2.560902
v 3.807328 0.139082 -2.463298
v 3.709193 0.125365 -2.464071
v 3.749789 0.091982 -2.710678
v 3.799091 0.107415 -2.644730
v 3.701767 0.097374 -2.641696
v 3.749003 0.057321 -2.816142
v 3.796624 0.074531 -2.764661
v 3.699198 0.067183 -2.761092
v 3.747495 -0.001177 -2.983616
v 3.794354 0.032080 -2.887144
v 3.699676 0.027654 -2.881201
v 3.745608 -0.105597 -3.231848
v 3.788692 -0.051179 -3.118472
v 3.700020 -0.051140 -3.093870
v 3.656951 0.307862 -1.102906
v 3.643445 0.274968 -1.167893
v 3.642747 0.247730 -1.213135
v 3.615102 0.167384 -1.345515
v 3.653726 0.172009 -1.566175
v 3.656795 0.167397 -1.810065
v 3.645041 0.146599 -2.028653
v 3.641702 0.112604 -2.242877
v 3.640853 0.078051 -2.455660
v 3.632795 0.050215 -2.632470
v 3.628719 0.025264 -2.752336
v 3.630467 -0.008969 -2.873537
v 3.657791 -0.070580 -3.089173
v 3.662797 -0.015630 -2.962418
v 3.658383 0.032017 -2.810327
v 3.658909 0.062396 -2.703172
v 3.686786 0.235367 -1.448480
v 3.697009 0.223924 -1.695177
v 3.687076 0.200509 -1.927039
v 3.675072 0.164432 -2.142586
v 3.672235 0.120616 -2.355817
v 3.665232 0.088990 -2.556322
v 3.954828 0.296669 -1.201442
v 3.952712 0.311609 -1.144496
v 3.949852 0.324172 -1.073475
v 3.901827 0.332641 -1.224265
v 3.901138 0.339459 -1.172856
v 3.901535 0.345378 -1.108437
v 4.013791 0.280334 -1.113324
v 4.020864 0.250646 -1.175940
v 4.025839 0.217637 -1.222476
v 3.943500 0.274326 -1.352283
v 3.985830 0.193169 -1.445531
v 4.081459 0.132848 -1.244753
v 3.971177 0.165699 -1.688503
v 3.933530 0.250092 -1.564514
v 4.011962 0.107995 -1.560772
v 3.960945 0.136364 -1.923945
v 3.925880 0.216103 -1.811052
v 3.997590 0.081979 -1.809149
v 3.948538 0.105492 -2.139183
v 3.914416 0.181751 -2.034184
v 3.988663 0.057536 -2.032376
v 3.924547 0.064019 -2.356659
v 3.898591 0.139881 -2.248516
v 3.967398 0.025058 -2.247023
v 3.904508 0.034235 -2.564018
v 3.880094 0.098294 -2.463967
v 3.938886 -0.007050 -2.464876
v 3.894837 0.013067 -2.714351
v 3.867305 0.068781 -2.647296
v 3.923441 -0.025885 -2.647778
v 3.890128 -0.010080 -2.818083
v 3.861231 0.041780 -2.766065
v 3.918334 -0.040265 -2.765974
v 3.880285 -0.057889 -2.985034
v 3.855488 0.004851 -2.888189
v 3.913236 -0.066454 -2.885539
v 3.857121 -0.141210 -3.224976
v 3.842520 -0.071282 -3.117323
v 3.896017 -0.127478 -3.092566
v 3.814139 -0.103166 -3.233582
v 3.823326 -0.009734 -2.988724
v 3.830188 0.047338 -2.817871
v 3.833252 0.080186 -2.713461
v 3.840446 0.112140 -2.561677
v 3.853294 0.147096 -2.357426
v 3.867843 0.196684 -2.143940
v 3.880973 0.235705 -1.928031
v 3.891408 0.275056 -1.692899
v 3.895292 0.306144 -1.449096
v 3.605021 0.056468 -1.448065
v 3.593361 0.020218 -1.353125
v 3.550668 0.076050 -1.244594
v 3.618384 0.067927 -1.689822
v 3.614832 0.029059 -1.563698
v 3.620251 0.093154 -1.565382
v 3.612563 0.065536 -1.915555
v 3.614771 0.033130 -1.804703
v 3.623353 0.098572 -1.806371
v 3.606102 0.048440 -2.129838
v 3.607466 0.023360 -2.021890
v 3.614591 0.086543 -2.023457
v 3.604930 0.022618 -2.344403
v 3.603151 0.001270 -2.236129
v 3.612170 0.062673 -2.238123
v 3.601264 -0.005788 -2.545746
v 3.600810 -0.027266 -2.448884
v 3.611640 0.033589 -2.451093
v 3.594210 -0.028593 -2.691597
v 3.595077 -0.053544 -2.626339
v 3.604860 0.006773 -2.626699
v 3.593063 -0.050197 -2.802204
v 3.590564 -0.072795 -2.747735
v 3.599689 -0.015617 -2.747465
v 3.607943 -0.090794 -2.969449
v 3.595017 -0.098842 -2.871510
v 3.602966 -0.045896 -2.870520
v 3.657142 -0.154631 -3.228524
v 3.628076 -0.150113 -3.105771
v 3.636891 -0.105962 -3.105898
v 3.623212 -0.054538 -2.969948
v 3.672018 -0.125994 -3.226383
v 3.615044 0.121623 -1.445708
v 3.636398 0.130175 -1.690217
v 3.629925 0.124184 -1.917545
v 3.622141 0.101428 -2.131615
v 3.624090 0.071065 -2.347364
v 3.619569 0.040819 -2.548647
v 3.611875 0.016116 -2.694208
v 3.610798 -0.009542 -2.804022
v 4.032311 -0.017940 -1.429574
v 4.084589 -0.058785 -1.234922
v 4.068975 0.032111 -1.344282
v 4.001599 -0.042677 -1.678697
v 3.994393 -0.071950 -1.544535
v 4.025023 0.015046 -1.552867
v 3.989058 -0.067014 -1.920411
v 3.974964 -0.096054 -1.800137
v 4.007918 -0.010891 -1.807370
v 3.971971 -0.092653 -2.134289
v 3.960077 -0.117682 -2.022959
v 3.998091 -0.036160 -2.032328
v 3.942203 -0.117575 -2.355627
v 3.935376 -0.143809 -2.241264
v 3.974039 -0.061958 -2.246741
v 3.922111 -0.138756 -2.557535
v 3.910387 -0.169145 -2.459264
v 3.945036 -0.085639 -2.463625
v 3.914764 -0.150977 -2.704515
v 3.897783 -0.185737 -2.632423
v 3.931500 -0.101502 -2.644112
v 3.912948 -0.166014 -2.812200
v 3.893073 -0.197696 -2.752587
v 3.927869 -0.113134 -2.763756
v 3.909118 -0.192036 -2.974588
v 3.895500 -0.217569 -2.875342
v 3.925260 -0.134231 -2.883029
v 3.874853 -0.219105 -3.216102
v 3.905701 -0.168572 -3.088976
v 3.884397 -0.241976 -3.098001
v 3.920647 -0.118112 -2.968831
v 3.928679 -0.085666 -2.817861
v 3.932054 -0.070047 -2.713471
v 3.939506 -0.058022 -2.563517
v 3.962879 -0.035913 -2.356853
v 3.993312 -0.006808 -2.138997
v 4.006854 0.019164 -1.924714
v 4.016473 0.043115 -1.685101
v 4.044147 0.067254 -1.439796
v 4.038191 -0.136537 -1.160550
v 3.938831 -0.189477 -1.179044
v 3.847937 -0.225469 -1.189048
v 3.755475 -0.211267 -1.195199
v 3.653640 -0.130974 -1.203573
v 3.705340 -0.190009 -1.165766
v 3.802057 -0.230201 -1.159919
v 3.893008 -0.219721 -1.152328
v 3.985402 -0.174234 -1.138357
v 4.044705 -0.106730 -1.216059
v 3.936984 -0.171921 -1.248267
v 3.844487 -0.210629 -1.259194
v 3.756986 -0.199003 -1.264102
v 3.660995 -0.116222 -1.275099
v 3.611041 -0.063266 -1.241507
v 3.707453 -0.173854 -1.228997
v 3.802504 -0.219630 -1.221280
v 3.891857 -0.206310 -1.215511
v 3.988468 -0.150578 -1.200436
v 3.972139 -0.127576 -1.331201
v 3.942112 -0.135195 -1.538590
v 3.924329 -0.147737 -1.794672
v 3.909229 -0.159298 -2.015786
v 3.855113 0.334713 -1.354270
v 3.734427 0.316782 -1.243091
v 3.575719 0.162526 -1.232821
v 3.954076 0.285834 -1.247482
v 4.047778 0.126992 -1.348527
v 3.569345 0.014311 -1.251251
v 3.585382 0.081341 -1.350788
v 4.040781 -0.057531 -1.332859
v 4.108540 0.035979 -1.249613
v 4.091210 0.076849 -1.283949
v 4.087259 -0.011253 -1.275934
v 3.564743 0.112216 -1.276763
v 3.569865 0.047470 -1.287096
v 3.900038 0.325128 -1.286330
v 4.013680 0.207703 -1.283324
v 3.657205 0.241725 -1.277414
v 3.803926 0.342950 -1.285689
v 3.593174 -0.016905 -1.286400
v 3.889310 -0.183139 -2.233742
v 3.869987 -0.209174 -2.451955
v 3.858562 -0.224301 -2.625093
v 3.854132 -0.235075 -2.747543
v 3.859653 -0.255170 -2.872404
v 3.855266 -0.276499 -3.093978
v 3.857568 -0.268611 -3.209111
v 3.877752 -0.253941 -2.968271
v 3.874392 -0.230464 -2.804977
v 3.874725 -0.215885 -2.693084
v 3.883309 -0.204013 -2.549720
v 3.900110 -0.182395 -2.350527
v 3.925868 -0.154820 -2.125295
v 3.944173 -0.133770 -1.912126
v 3.960395 -0.117699 -1.672216
v 3.986713 -0.098359 -1.422273
v 3.987693 -0.132378 -1.263850
v 4.029059 -0.096996 -1.275942
v 3.832880 -0.187993 -1.418321
v 3.797737 -0.198988 -1.325914
v 3.883944 -0.185394 -1.320638
v 3.821416 -0.183136 -1.669689
v 3.789210 -0.183558 -1.540895
v 3.866307 -0.176416 -1.537605
v 3.808260 -0.176739 -1.903670
v 3.776695 -0.176522 -1.792037
v 3.853831 -0.175628 -1.791406
v 3.795296 -0.186800 -2.114829
v 3.762236 -0.174587 -2.008829
v 3.841756 -0.177678 -2.010412
v 3.782634 -0.214750 -2.336621
v 3.748178 -0.195548 -2.225916
v 3.828868 -0.199138 -2.226599
v 3.774400 -0.237427 -2.536177
v 3.736868 -0.224334 -2.442388
v 3.817589 -0.225555 -2.442098
v 3.769670 -0.249776 -2.689257
v 3.731382 -0.243264 -2.620033
v 3.809103 -0.240702 -2.620482
v 3.779610 -0.289492 -2.970564
v 3.731397 -0.256528 -2.746069
v 3.813800 -0.272405 -2.873939
v 3.774023 -0.292343 -3.206619
v 3.738657 -0.294629 -3.095260
v 3.814255 -0.292214 -3.093651
v 3.737751 -0.278503 -2.874285
v 3.806749 -0.251335 -2.747701
v 3.773243 -0.264918 -2.803479
v 3.831789 -0.287197 -3.205056
v 3.842194 -0.277225 -2.968561
v 3.835893 -0.252767 -2.804134
v 3.834097 -0.238658 -2.690671
v 3.841880 -0.228014 -2.540955
v 3.853973 -0.207369 -2.341398
v 3.870565 -0.180048 -2.118381
v 3.884493 -0.165975 -1.906727
v 3.898056 -0.163029 -1.668419
v 3.917235 -0.156538 -1.414459
v 3.713181 -0.160513 -1.331613
v 3.713268 -0.150988 -1.541979
v 3.703677 -0.145014 -1.791628
v 3.692671 -0.145601 -2.010327
v 3.682162 -0.166689 -2.227850
v 3.672233 -0.196148 -2.445741
v 3.666739 -0.220290 -2.625254
v 3.665785 -0.237450 -2.750127
v 3.671099 -0.260023 -2.877071
v 3.680150 -0.275276 -3.097423
v 3.707763 -0.285253 -3.206267
v 3.705576 -0.284074 -2.972097
v 3.699300 -0.260614 -2.804659
v 3.696326 -0.243616 -2.690891
v 3.699159 -0.226536 -2.539896
v 3.707177 -0.200391 -2.338014
v 3.720628 -0.172527 -2.115413
v 3.732959 -0.162697 -1.903122
v 3.747082 -0.171178 -1.670708
v 3.755121 -0.178513 -1.420857
v 3.627777 -0.059785 -1.344085
v 3.638754 -0.062258 -1.551223
v 3.636247 -0.063769 -1.796722
v 3.629348 -0.072268 -2.016397
v 3.623734 -0.095451 -2.233240
v 3.619437 -0.126575 -2.449021
v 3.614078 -0.155098 -2.627682
v 3.610685 -0.174982 -2.751204
v 3.616055 -0.199761 -2.877953
v 3.639554 -0.226289 -3.102667
v 3.670169 -0.257394 -3.210918
v 3.647360 -0.249079 -2.974953
v 3.637052 -0.223410 -2.808231
v 3.635930 -0.204406 -2.694834
v 3.640386 -0.181802 -2.544786
v 3.646488 -0.151668 -2.340955
v 3.654296 -0.123766 -2.120374
v 3.662014 -0.109662 -1.905383
v 3.670483 -0.111157 -1.673139
v 3.671384 -0.111173 -1.427702
v 3.615218 -0.014512 -1.441197
v 3.621778 -0.012969 -1.683645
v 3.616521 -0.016157 -1.911563
v 3.610322 -0.033238 -2.127116
v 3.606932 -0.060297 -2.342982
v 3.603202 -0.090855 -2.545993
v 3.597062 -0.114039 -2.693561
v 3.596931 -0.133604 -2.805710
v 3.611199 -0.166973 -2.973164
v 3.655957 -0.205341 -3.223544
v 3.767572 -0.254209 -3.297820
v 3.806537 -0.279195 -3.266874
v 3.733165 -0.277734 -3.268610
v 3.759799 -0.188677 -3.311572
v 3.710999 -0.151875 -3.289887
v 3.791946 -0.145651 -3.292969
v 3.808998 -0.224822 -3.303854
v 3.720654 -0.220970 -3.306133
v 3.832962 -0.273502 -3.266727
v 3.844173 -0.252327 -3.273193
v 3.846200 -0.191659 -3.282616
v 3.825331 -0.152242 -3.288696
v 3.685123 -0.163311 -3.289356
v 3.681963 -0.188958 -3.289453
v 3.685968 -0.241969 -3.276496
v 3.699321 -0.267608 -3.267577
v 3.326950 0.306857 -1.120129
v 3.399099 0.291813 -1.076058
v 3.404677 0.253937 -1.153944
v 3.212699 0.315784 -1.119053
v 3.262062 0.327800 -1.076424
v 3.262442 0.315018 -1.156112
v 3.141344 0.276723 -1.121107
v 3.175836 0.304653 -1.076778
v 3.170194 0.296004 -1.154657
v 3.089993 0.213643 -1.125732
v 3.118079 0.251938 -1.081553
v 3.109119 0.244507 -1.159474
v 3.053079 0.122969 -1.126634
v 3.071003 0.171941 -1.085343
v 3.065920 0.169332 -1.163710
v 3.042942 0.025406 -1.122764
v 3.044197 0.074093 -1.081809
v 3.043366 0.075600 -1.163538
v 3.061078 -0.070995 -1.115149
v 3.046633 -0.023886 -1.073818
v 3.048257 -0.021822 -1.158125
v 3.105827 -0.153515 -1.107649
v 3.079208 -0.117912 -1.065667
v 3.082937 -0.115351 -1.148883
v 3.155207 -0.193171 -1.106381
v 3.126885 -0.179851 -1.061067
v 3.132801 -0.177290 -1.143695
v 3.216792 -0.210188 -1.110317
v 3.182766 -0.206602 -1.063978
v 3.186496 -0.201911 -1.143757
v 3.311049 -0.200820 -1.113916
v 3.258150 -0.216065 -1.072338
v 3.257498 -0.206273 -1.146265
v 3.388022 -0.161764 -1.141572
v 3.380269 -0.193094 -1.073719
v 3.318745 0.330618 -1.032429
v 3.213036 0.328828 -1.029288
v 3.146057 0.283957 -1.034005
v 3.093105 0.216480 -1.043204
v 3.052583 0.125851 -1.043393
v 3.038636 0.028479 -1.032761
v 3.054517 -0.071536 -1.022268
v 3.098921 -0.157443 -1.013566
v 3.150998 -0.199243 -1.012127
v 3.222256 -0.218502 -1.019293
v 3.313158 -0.219166 -1.030420
v 3.398978 0.222245 -1.213544
v 3.259368 0.305639 -1.218408
v 3.165729 0.290175 -1.217069
v 3.103252 0.239372 -1.219661
v 3.059911 0.166039 -1.223348
v 3.038555 0.074494 -1.223230
v 3.046024 -0.022470 -1.217383
v 3.083879 -0.114013 -1.209451
v 3.135556 -0.173456 -1.205998
v 3.189130 -0.196265 -1.205635
v 3.259337 -0.196615 -1.206040
v 3.389812 -0.128507 -1.202778
v 3.314532 -0.183784 -1.172345
v 3.220112 -0.204368 -1.172167
v 3.160685 -0.190904 -1.172513
v 3.109472 -0.152272 -1.174168
v 3.062009 -0.069659 -1.182130
v 3.041071 0.027146 -1.190383
v 3.049021 0.123304 -1.192996
v 3.082639 0.208231 -1.189686
v 3.133948 0.270198 -1.183737
v 3.209651 0.308677 -1.182061
v 3.326813 0.288655 -1.184386
v 3.435619 0.036429 -1.342332
v 3.463142 0.067979 -1.270393
v 3.461770 0.008107 -1.268614
v 3.404336 0.033429 -1.549284
v 3.416477 0.062316 -1.440800
v 3.414163 0.004776 -1.439162
v 3.386279 0.031240 -1.762362
v 3.393722 0.062440 -1.656889
v 3.394984 0.002351 -1.654468
v 3.355931 0.010532 -1.975538
v 3.369097 0.051521 -1.875008
v 3.372596 -0.008370 -1.870578
v 3.321881 -0.019929 -2.138533
v 3.335103 0.025734 -2.064023
v 3.339590 -0.035001 -2.057228
v 3.290123 -0.058027 -2.309879
v 3.300626 -0.009016 -2.224777
v 3.306301 -0.069861 -2.216589
v 3.271954 -0.089078 -2.489960
v 3.274775 -0.045148 -2.404955
v 3.280222 -0.105778 -2.400913
v 3.262425 -0.123891 -2.655239
v 3.263563 -0.071780 -2.566209
v 3.268859 -0.133434 -2.565521
v 3.235002 -0.194360 -2.890644
v 3.249864 -0.132409 -2.776819
v 3.251955 -0.187938 -2.774104
v 3.366288 0.198719 -1.346734
v 3.316497 0.270214 -1.273117
v 3.438287 0.143598 -1.264988
v 3.337884 0.177308 -1.553215
v 3.393786 0.128019 -1.442607
v 3.294889 0.243390 -1.447458
v 3.315787 0.156501 -1.772282
v 3.368241 0.119775 -1.659540
v 3.272294 0.211733 -1.663809
v 3.293699 0.126072 -1.988788
v 3.343238 0.103739 -1.880303
v 3.255180 0.178364 -1.889356
v 3.265584 0.087884 -2.150079
v 3.311580 0.075239 -2.069292
v 3.235852 0.136988 -2.077475
v 3.240487 0.049136 -2.316456
v 3.278468 0.039909 -2.228704
v 3.213056 0.092610 -2.230903
v 3.227085 0.018966 -2.491810
v 3.254379 0.005745 -2.406373
v 3.198168 0.057128 -2.406838
v 3.222435 -0.019637 -2.659425
v 3.244434 -0.020704 -2.566906
v 3.192233 0.026472 -2.570144
v 3.214564 -0.102931 -2.895042
v 3.235786 -0.084185 -2.780297
v 3.191403 -0.043641 -2.783282
v 3.233644 -0.143264 -2.891524
v 3.252470 -0.068699 -2.656845
v 3.260435 -0.032374 -2.490613
v 3.278411 -0.003394 -2.315401
v 3.310325 0.034428 -2.144430
v 3.345555 0.063004 -1.980679
v 3.376530 0.084459 -1.765813
v 3.398943 0.087572 -1.550727
v 3.432619 0.092813 -1.342373
v 3.432210 -0.065312 -1.258134
v 3.385890 -0.062997 -1.437146
v 3.368093 -0.063988 -1.652542
v 3.346238 -0.074458 -1.866693
v 3.317148 -0.097005 -2.048572
v 3.288288 -0.129349 -2.208316
v 3.263549 -0.166388 -2.397329
v 3.253566 -0.193932 -2.562556
v 3.238705 -0.238653 -2.769167
v 3.309168 -0.166220 -1.259038
v 3.293632 -0.151426 -1.436140
v 3.277814 -0.144296 -1.651878
v 3.258111 -0.149523 -1.859364
v 3.221854 -0.201219 -2.195440
v 3.203392 -0.237398 -2.389887
v 3.197561 -0.261788 -2.555711
v 3.190761 -0.296180 -2.761214
v 3.219532 -0.193091 -1.258014
v 3.207714 -0.178008 -1.433345
v 3.189457 -0.168146 -1.649308
v 3.158621 -0.190516 -2.024429
v 3.145995 -0.227597 -2.189587
v 3.133585 -0.265023 -2.389372
v 3.129464 -0.288841 -2.553717
v 3.126303 -0.321687 -2.758170
v 3.160066 -0.180993 -1.257764
v 3.147101 -0.166907 -1.431598
v 3.127385 -0.156925 -1.648811
v 3.097764 -0.180464 -2.024134
v 3.087976 -0.219602 -2.189474
v 3.079728 -0.258771 -2.392389
v 3.077168 -0.283029 -2.558720
v 3.076824 -0.315197 -2.760104
v 3.108179 -0.144601 -1.256841
v 3.095098 -0.133912 -1.430224
v 3.076236 -0.126568 -1.651095
v 3.052568 -0.155895 -2.030462
v 3.040003 -0.191980 -2.192904
v 3.031300 -0.230213 -2.396419
v 3.029019 -0.253661 -2.564270
v 3.032661 -0.286795 -2.764734
v 3.058675 -0.069089 -1.261944
v 3.045883 -0.068399 -1.432894
v 3.030103 -0.067946 -1.654568
v 3.010586 -0.106105 -2.039007
v 2.996202 -0.137175 -2.200023
v 2.984907 -0.169638 -2.402688
v 2.983047 -0.190342 -2.572086
v 2.994204 -0.231469 -2.774717
v 3.034350 0.023685 -1.267256
v 3.020689 0.018590 -1.436724
v 3.007954 0.009647 -1.659499
v 2.988869 -0.038839 -2.052145
v 2.975711 -0.070529 -2.213627
v 2.964604 -0.096744 -2.409319
v 2.963427 -0.114483 -2.578825
v 2.977759 -0.160371 -2.784189
v 3.426661 -0.024295 -1.338713
v 3.395848 -0.027390 -1.547225
v 3.380035 -0.031775 -1.759394
v 3.350260 -0.051042 -1.970262
v 3.318821 -0.080398 -2.129957
v 3.287753 -0.116931 -2.303834
v 3.269546 -0.149932 -2.488317
v 3.260076 -0.181684 -2.653018
v 3.232412 -0.242853 -2.883748
v 3.239883 -0.168282 -2.033571
v 3.357128 -0.113686 -1.336388
v 3.335362 -0.107605 -1.546133
v 3.318780 -0.108983 -1.757181
v 3.293981 -0.123951 -1.960539
v 3.272088 -0.149288 -2.117159
v 3.247180 -0.186258 -2.295521
v 3.231804 -0.218215 -2.483384
v 3.226708 -0.245309 -2.646502
v 3.207466 -0.287456 -2.877198
v 3.172313 -0.170610 -1.854309
v 3.253917 -0.180061 -1.335355
v 3.238874 -0.167069 -1.544165
v 3.221631 -0.163082 -1.754342
v 3.203809 -0.174625 -1.949224
v 3.190785 -0.201246 -2.104280
v 3.174068 -0.240663 -2.288367
v 3.163433 -0.270201 -2.479314
v 3.161848 -0.294871 -2.639626
v 3.149608 -0.322692 -2.876477
v 3.110476 -0.159150 -1.854105
v 3.165139 -0.169558 -1.541579
v 3.147157 -0.163614 -1.752508
v 3.131259 -0.175185 -1.944959
v 3.120386 -0.204874 -2.100343
v 3.109333 -0.247726 -2.288017
v 3.102242 -0.277808 -2.482465
v 3.101476 -0.302898 -2.640070
v 3.094903 -0.332133 -2.872928
v 3.183473 -0.181912 -1.333668
v 3.156811 0.274510 -1.355111
v 3.128076 0.262290 -1.275139
v 3.204243 0.297580 -1.275190
v 3.138196 0.242908 -1.554753
v 3.113366 0.240264 -1.449419
v 3.189637 0.271923 -1.449657
v 3.121389 0.203620 -1.776254
v 3.095743 0.204257 -1.663194
v 3.169986 0.233785 -1.663672
v 3.104196 0.167146 -1.993566
v 3.081143 0.167913 -1.888729
v 3.153579 0.197246 -1.890907
v 3.082138 0.115058 -2.150769
v 3.061455 0.122236 -2.075109
v 3.134058 0.153101 -2.077443
v 3.067435 0.078921 -2.315749
v 3.042462 0.075987 -2.229517
v 3.114502 0.106118 -2.229020
v 3.059535 0.052227 -2.496114
v 3.031413 0.048698 -2.408153
v 3.103303 0.075561 -2.407428
v 3.058294 -0.000643 -2.667372
v 3.026267 0.018097 -2.575561
v 3.098559 0.040483 -2.574101
v 3.063283 -0.100607 -2.900258
v 3.030066 -0.065194 -2.789257
v 3.100702 -0.040302 -2.786735
v 3.146253 -0.086413 -2.900615
v 3.146878 0.008949 -2.663221
v 3.148690 0.057070 -2.494763
v 3.156833 0.087911 -2.315176
v 3.173414 0.127418 -2.152300
v 3.194455 0.176590 -1.994647
v 3.209699 0.213796 -1.776833
v 3.228601 0.252005 -1.554518
v 3.248851 0.285157 -1.353339
v 2.998973 -0.009828 -1.873679
v 3.092470 0.226043 -1.350689
v 3.012908 0.055716 -1.548286
v 3.003136 0.034317 -1.768232
v 2.993594 0.007615 -1.973537
v 2.981893 -0.026987 -2.134177
v 2.968564 -0.057076 -2.310019
v 2.961744 -0.079366 -2.501743
v 2.967322 -0.105786 -2.664975
v 3.027495 0.067611 -1.339478
v 3.032545 0.132344 -1.547597
v 3.021424 0.100325 -1.768707
v 3.010944 0.067310 -1.980168
v 2.996502 0.026235 -2.139723
v 2.982392 -0.006761 -2.311896
v 2.974332 -0.031575 -2.497360
v 2.975825 -0.063360 -2.652719
v 2.993739 -0.162677 -2.896586
v 2.979555 -0.112842 -2.768676
v 2.966024 -0.067475 -2.575527
v 2.968405 -0.045252 -2.408404
v 2.979653 -0.017792 -2.219779
v 2.993480 0.018273 -2.059878
v 3.004595 0.052370 -1.877124
v 3.013873 0.080957 -1.657991
v 3.026728 0.105092 -1.437149
v 3.047960 0.155067 -1.343171
v 3.075016 0.198086 -1.552267
v 3.061316 0.161730 -1.772928
v 3.047117 0.124376 -1.988492
v 3.027628 0.075502 -2.146833
v 3.013020 0.040734 -2.315266
v 3.004452 0.016251 -2.495890
v 3.003403 -0.029961 -2.667151
v 3.015554 -0.127032 -2.898466
v 3.059345 0.181876 -1.442064
v 3.044618 0.150775 -1.659114
v 3.033508 0.116114 -1.882443
v 3.018916 0.074943 -2.067409
v 3.002322 0.033597 -2.224300
v 2.990550 0.005605 -2.407393
v 2.985601 -0.020776 -2.574323
v 2.990993 -0.088385 -2.770396
v 3.074534 0.200936 -1.272591
v 3.040819 0.118299 -1.270838
v 3.020128 -0.080389 -1.867125
v 3.037017 -0.024909 -1.336693
v 3.021627 -0.027431 -1.546783
v 3.010510 -0.034959 -1.765541
v 3.001646 -0.058641 -1.965691
v 2.990044 -0.087255 -2.121827
v 2.975682 -0.118665 -2.303069
v 2.969123 -0.142001 -2.501018
v 2.973836 -0.166133 -2.661601
v 3.000073 -0.220509 -2.895816
v 3.063201 -0.132675 -1.860261
v 3.076956 -0.107245 -1.332324
v 3.059776 -0.103152 -1.542255
v 3.044903 -0.101996 -1.759906
v 3.035944 -0.121913 -1.956643
v 3.023688 -0.149102 -2.109188
v 3.010245 -0.187034 -2.294064
v 3.004434 -0.216153 -2.493819
v 3.006217 -0.239956 -2.651462
v 3.020869 -0.282649 -2.881844
v 3.129368 -0.159736 -1.331599
v 3.110903 -0.148973 -1.541148
v 3.093085 -0.143595 -1.754989
v 3.080029 -0.157783 -1.948648
v 3.068891 -0.187377 -2.103345
v 3.059028 -0.230346 -2.289695
v 3.053826 -0.261295 -2.487936
v 3.053831 -0.285365 -2.644637
v 3.055822 -0.316229 -2.874859
v 3.124934 -0.269708 -2.992621
v 3.173521 -0.297882 -2.949060
v 3.102340 -0.316454 -2.948846
v 3.127108 -0.167888 -3.001418
v 3.173577 -0.213890 -2.995539
v 3.068676 -0.224925 -2.999945
v 3.183079 -0.125782 -2.964818
v 3.090505 -0.129673 -2.969276
v 3.212303 -0.143420 -2.958962
v 3.214803 -0.175946 -2.959810
v 3.210296 -0.242222 -2.955980
v 3.204707 -0.272647 -2.948323
v 3.071095 -0.316185 -2.944508
v 3.047018 -0.300190 -2.947140
v 3.031500 -0.267197 -2.958117
v 3.021403 -0.191663 -2.967652
v 3.022923 -0.161418 -2.964327
v 3.045277 -0.144265 -2.966311
v 3.096453 0.227459 -0.181948
v 3.104089 0.266219 0.102741
v 3.112462 0.283178 0.415354
v 3.117171 0.243548 0.697464
v 3.114147 0.149768 0.903247
v 3.117399 0.027648 1.002680
v 3.134308 -0.131504 1.017059
v 3.187078 -0.296439 0.943397
v 3.236679 -0.405190 0.801018
v 3.250014 -0.454312 0.636449
v 3.234257 -0.458162 0.428911
v 3.201620 -0.433660 0.202900
v 3.170999 -0.400697 0.035290
v 3.138615 -0.364152 -0.096552
v 3.103426 -0.309907 -0.254524
v 2.883752 0.045764 -0.323531
v 2.720447 0.034779 -0.344023
v 2.619786 0.040012 -0.487112
v 2.563836 0.039469 -0.614126
v 2.535145 0.038873 -0.752708
v 2.530303 0.031849 -0.888453
v 2.515973 0.015818 -0.997343
v 2.468260 -0.002640 -1.097130
v 2.394953 -0.010644 -1.145514
v 2.863522 -0.079446 -0.351350
v 2.738728 -0.087550 -0.367957
v 2.644300 -0.077636 -0.504983
v 2.586330 -0.070987 -0.638611
v 2.564439 -0.066567 -0.769378
v 2.564470 -0.064113 -0.899092
v 2.544469 -0.068863 -1.005383
v 2.482945 -0.080164 -1.113901
v 2.394664 -0.091445 -1.176271
v 2.964807 -0.253840 -0.257206
v 2.970476 -0.323521 -0.092514
v 2.981800 -0.365769 0.038139
v 2.979881 -0.394095 0.193455
v 2.956160 -0.398339 0.375337
v 2.935408 -0.377665 0.525394
v 2.919354 -0.331495 0.632310
v 2.888671 -0.242176 0.715746
v 2.862438 -0.108035 0.756766
v 2.857830 0.010468 0.752588
v 2.869214 0.101484 0.698633
v 2.897386 0.180911 0.580627
v 2.918350 0.222468 0.382575
v 2.936193 0.213707 0.104388
v 2.987341 0.159660 -0.214168
v 3.048210 -0.317010 -0.167160
v 3.074915 -0.366820 -0.027738
v 3.096279 -0.403297 0.114987
v 3.105800 -0.430639 0.305447
v 3.104555 -0.432638 0.514028
v 3.098026 -0.405080 0.666331
v 3.071948 -0.332351 0.797062
v 3.025907 -0.204194 0.887673
v 3.000770 -0.044908 0.912639
v 2.998755 0.073316 0.871183
v 3.007199 0.177337 0.752217
v 3.026019 0.243392 0.541101
v 3.025798 0.256154 0.262518
v 3.037810 0.219587 -0.048765
v 2.882684 -0.188694 -0.305978
v 2.726101 -0.181278 -0.315153
v 2.612988 -0.176310 -0.466849
v 2.551049 -0.170485 -0.619841
v 2.527278 -0.178313 -0.888586
v 2.510015 -0.177638 -0.991986
v 2.456388 -0.174645 -1.096160
v 2.378068 -0.174517 -1.156199
v 2.528651 -0.172318 -0.757691
v 2.353753 -0.135244 -1.176441
v 2.430640 -0.132804 -1.150191
v 2.511096 -0.125308 -1.055318
v 2.546608 -0.124290 -0.948221
v 2.554848 -0.121373 -0.836972
v 2.556855 -0.122727 -0.694508
v 2.601347 -0.126019 -0.568301
v 2.676603 -0.136054 -0.410108
v 2.803540 -0.137590 -0.319704
v 2.360455 -0.052259 -1.174189
v 2.436992 -0.045723 -1.150339
v 2.514545 -0.028320 -1.057320
v 2.550901 -0.017561 -0.950518
v 2.558105 -0.009636 -0.836148
v 2.566287 -0.014869 -0.695144
v 2.611658 -0.014352 -0.573875
v 2.682467 -0.023303 -0.437297
v 2.799269 -0.026338 -0.336392
v 2.878085 0.114506 -0.188744
v 2.878354 -0.275495 -0.164583
v 2.796668 -0.225988 -0.236617
v 2.773302 -0.288242 -0.125238
v 2.747041 -0.316670 -0.019495
v 2.712462 -0.319851 0.092308
v 2.670985 -0.300762 0.199192
v 2.621806 -0.224939 0.325920
v 2.604355 -0.159869 0.359149
v 2.600494 0.000867 0.363780
v 2.612619 0.052023 0.342390
v 2.635535 0.104803 0.298193
v 2.595719 -0.071569 0.371106
v 2.665075 0.151405 0.213039
v 2.714484 0.163788 0.037011
v 2.767321 0.102506 -0.189452
v 2.840761 0.162635 -0.037960
v 2.640797 -0.267312 0.276911
v 2.870298 -0.326280 -0.038089
v 2.860793 -0.352794 0.089845
v 2.830655 -0.357683 0.234755
v 2.793994 -0.337167 0.370353
v 2.774177 -0.303071 0.459865
v 2.753970 -0.245138 0.526123
v 2.731041 -0.148109 0.566830
v 2.724604 -0.035514 0.575255
v 2.731721 0.038490 0.556808
v 2.751481 0.107859 0.503577
v 2.781786 0.163860 0.401754
v 2.806937 0.192374 0.220678
v 2.637348 -0.215726 -0.345466
v 2.692507 -0.250948 -0.228219
v 2.548634 -0.240429 -0.410323
v 2.479084 -0.240704 -0.587155
v 2.456189 -0.245745 -0.735680
v 2.451399 -0.249695 -0.869209
v 2.438919 -0.243649 -0.970659
v 2.406450 -0.230797 -1.065987
v 2.365628 -0.227599 -1.102046
v 2.339555 -0.205363 -1.140716
v 2.401462 -0.206064 -1.114830
v 2.459598 -0.212836 -1.032942
v 2.486352 -0.220335 -0.928907
v 2.494226 -0.218260 -0.820166
v 2.501427 -0.210782 -0.671029
v 2.545691 -0.211367 -0.531144
v 2.645394 0.130290 -0.174389
v 2.511497 0.118731 -0.385614
v 2.463278 0.117544 -0.546513
v 2.442434 0.112880 -0.708179
v 2.439550 0.096161 -0.861878
v 2.440645 0.069667 -0.983755
v 2.431406 0.024543 -1.091938
v 2.470603 0.034461 -1.040891
v 2.616447 0.087388 -0.359031
v 2.541249 0.085819 -0.512031
v 2.503268 0.083875 -0.651406
v 2.488925 0.077630 -0.808392
v 2.487655 0.058601 -0.934397
v 2.649004 -0.285712 -0.144174
v 2.476495 -0.266004 -0.359447
v 2.396626 -0.271496 -0.555537
v 2.373585 -0.278728 -0.719016
v 2.371181 -0.278351 -0.861114
v 2.366700 -0.269841 -0.958666
v 2.390787 -0.253090 -1.012819
v 2.346890 -0.248202 -1.059876
v 2.407262 -0.265096 -0.913860
v 2.411692 -0.268620 -0.803585
v 2.421352 -0.263674 -0.644914
v 2.465965 -0.258355 -0.488248
v 2.580304 -0.261183 -0.275046
v 2.554099 -0.276611 0.016957
v 2.352903 -0.243484 -0.277219
v 2.268297 -0.248269 -0.511230
v 2.246308 -0.262293 -0.706093
v 2.250281 -0.268672 -0.856034
v 2.260458 -0.262778 -0.951022
v 2.273505 -0.237378 -1.054354
v 2.287900 -0.196433 -1.130032
v 2.296293 -0.129919 -1.147931
v 2.302243 -0.061741 -1.144010
v 2.307952 -0.028604 -1.131088
v 2.334599 -0.094628 -1.178409
v 2.326294 -0.173624 -1.162578
v 2.318526 -0.229441 -1.108211
v 2.331744 -0.265504 -1.005483
v 2.337737 -0.279640 -0.909722
v 2.335819 -0.284729 -0.795538
v 2.344636 -0.279687 -0.625786
v 2.391311 -0.270149 -0.450313
v 2.520652 -0.274926 -0.215120
v 2.337351 -0.015871 -1.146972
v 2.309706 -0.095826 -1.161544
v 2.302869 -0.170572 -1.151530
v 2.291581 -0.224360 -1.104509
v 2.285468 -0.262466 -1.001417
v 2.279773 -0.276087 -0.906490
v 2.273199 -0.277865 -0.792028
v 2.279864 -0.268089 -0.613177
v 2.327134 -0.256786 -0.417323
v 2.462093 -0.265192 -0.158833
v 2.410605 -0.265392 -0.315732
v 2.327650 -0.271092 -0.530542
v 2.304651 -0.281581 -0.709957
v 2.305497 -0.283125 -0.857457
v 2.309042 -0.275183 -0.954776
v 2.305106 -0.249406 -1.058203
v 2.307821 -0.202829 -1.139364
v 2.317559 -0.135491 -1.168698
v 2.320600 -0.058149 -1.164812
v 2.603126 -0.292853 -0.062059
v 2.415857 -0.238467 -0.113230
v 2.384122 -0.197828 -0.083067
v 2.363277 -0.151659 -0.063276
v 2.353867 -0.104104 -0.052069
v 2.352303 -0.054008 -0.049213
v 2.359637 -0.007096 -0.055103
v 2.378106 0.041983 -0.067555
v 2.410910 0.093231 -0.092654
v 2.455547 0.133651 -0.139612
v 2.518552 0.140320 -0.224235
v 2.517113 -0.245178 0.078217
v 2.491198 -0.202701 0.117381
v 2.475806 -0.155636 0.142417
v 2.466279 -0.092474 0.155431
v 2.468298 -0.028778 0.153696
v 2.478400 0.020771 0.142307
v 2.498090 0.068334 0.121640
v 2.530001 0.117465 0.078754
v 2.574044 0.149190 -0.007095
v 2.279000 -0.228135 -0.394545
v 2.248738 -0.186237 -0.383876
v 2.230302 -0.140720 -0.378068
v 2.223561 -0.100337 -0.374443
v 2.224279 -0.059427 -0.371732
v 2.234185 -0.016513 -0.372624
v 2.257464 0.033249 -0.379136
v 2.295203 0.087545 -0.393655
v 2.347629 0.129058 -0.415253
v 2.428058 0.134264 -0.443114
v 2.315754 -0.210043 -0.253750
v 2.288723 -0.163243 -0.238783
v 2.275522 -0.119971 -0.230215
v 2.271245 -0.076199 -0.226007
v 2.274961 -0.034796 -0.227324
v 2.289493 0.011362 -0.234687
v 2.319250 0.064096 -0.248733
v 2.362844 0.113875 -0.276117
v 2.421297 0.139267 -0.316781
v 2.290029 -0.012749 -1.077400
v 2.264223 0.027523 -0.963279
v 2.236069 0.054181 -0.831728
v 2.231250 0.065218 -0.665929
v 2.251524 0.061877 -0.488703
v 2.293570 0.029204 -1.026656
v 2.400382 0.058171 -1.041309
v 2.336613 0.056103 -1.037851
v 2.318129 0.015299 -1.092910
v 2.365149 0.026450 -1.101734
v 2.302044 0.066756 -0.970634
v 2.279261 0.090703 -0.833994
v 2.275073 0.106799 -0.669689
v 2.294783 0.111442 -0.501046
v 2.258409 0.089815 -0.579185
v 2.248962 0.082548 -0.751737
v 2.267390 0.063336 -0.902990
v 2.360959 0.082524 -0.977952
v 2.347328 0.110380 -0.844272
v 2.346143 0.129505 -0.685039
v 2.362087 0.137067 -0.517425
v 2.312838 0.126897 -0.591668
v 2.231578 -0.212814 -0.503462
v 2.305780 0.113133 -0.760944
v 2.318003 0.092064 -0.909070
v 2.395216 0.096532 -0.917904
v 2.389636 0.119512 -0.777693
v 2.398446 0.133075 -0.608339
v 2.208613 -0.225833 -0.707459
v 2.214444 -0.232130 -0.858011
v 2.232661 -0.224243 -0.954190
v 2.256828 -0.202317 -1.056429
v 2.280207 -0.181053 -1.127454
v 2.273900 -0.205448 -1.100846
v 2.252830 -0.237342 -1.000569
v 2.236664 -0.251819 -0.906337
v 2.225906 -0.252521 -0.792663
v 2.231303 -0.239459 -0.607602
v 2.283431 -0.099005 -1.129781
v 2.251544 -0.096822 -1.057077
v 2.218391 -0.096883 -0.954764
v 2.182922 -0.096388 -0.857063
v 2.176879 -0.091416 -0.706213
v 2.199660 -0.083367 -0.495342
v 2.233484 -0.113891 -1.005530
v 2.212648 -0.200361 -0.909331
v 2.193724 -0.202392 -0.794393
v 2.202332 -0.191746 -0.608560
v 2.191243 -0.063832 -0.597473
v 2.211169 0.036627 -0.759140
v 2.234005 0.019465 -0.901558
v 2.265445 -0.010827 -1.017261
v 2.266014 -0.115539 -1.102023
v 2.269622 -0.084269 -1.101816
v 2.237854 -0.190309 -1.005858
v 2.188161 -0.142722 -0.608516
v 2.175802 -0.149869 -0.794832
v 2.266322 -0.174702 -1.102458
v 2.201885 -0.149355 -0.909606
v 2.191167 -0.173385 -0.858967
v 2.183458 -0.169028 -0.709172
v 2.249718 -0.162805 -1.059834
v 2.277043 -0.163681 -1.127797
v 2.219946 -0.169371 -0.957927
v 2.208715 -0.162594 -0.501377
v 2.232902 -0.147399 -1.007867
v 2.172195 -0.114286 -0.794637
v 2.263229 -0.147850 -1.102619
v 2.186442 -0.106788 -0.606673
v 2.200042 -0.114597 -0.907607
v 2.217047 -0.131233 -0.956773
v 2.183357 -0.132211 -0.858451
v 2.248628 -0.130463 -1.058719
v 2.175957 -0.128288 -0.708836
v 2.278400 -0.144273 -1.128880
v 2.200219 -0.122389 -0.498887
v 2.224145 0.037815 -0.577605
v 2.202762 -0.014708 -0.584436
v 2.175388 -0.071615 -0.790759
v 2.186617 -0.018072 -0.777653
v 2.202874 -0.076423 -0.905984
v 2.212658 -0.030313 -0.904061
v 2.237745 -0.081176 -1.006361
v 2.247358 -0.047689 -1.011324
v 2.289737 -0.044340 -1.114594
v 2.276829 -0.064073 -1.106943
v 2.269965 -0.041661 -1.067664
v 2.258112 -0.069455 -1.061240
v 2.224676 -0.059757 -0.956209
v 2.238769 -0.016947 -0.959103
v 2.189140 -0.049514 -0.852723
v 2.205229 0.003665 -0.841624
v 2.185001 -0.041410 -0.693755
v 2.201238 0.011532 -0.677685
v 2.285871 -0.080780 -1.130429
v 2.292018 -0.068760 -1.134676
v 2.206560 -0.039210 -0.486970
v 2.222416 0.008014 -0.484677
v 4.828504 0.169495 -0.195382
v 4.737513 0.237816 -0.187922
v 4.647074 0.302720 -0.182988
v 4.416999 0.406287 -0.177146
v 4.328421 0.424824 -0.175713
v 4.242923 0.434004 -0.173218
v 4.000877 0.427002 -0.161337
v 3.921755 0.431290 -0.156778
v 3.842891 0.435265 -0.152042
v 3.765337 0.434038 -0.147758
v 4.166589 0.433846 -0.169162
v 3.691166 0.428050 -0.142815
v 3.527107 0.410048 -0.124251
v 3.623045 0.420282 -0.136360
v 4.086901 0.428580 -0.165254
v 4.577588 0.349615 -0.182147
v 3.426921 0.397703 -0.109111
v 3.283826 0.343904 -0.083671
v 3.353373 0.376461 -0.095933
v 3.217235 0.307560 -0.069776
v 4.505664 0.380987 -0.180009
v 4.889363 0.107565 -0.200834
v 4.930145 -0.011783 -0.209357
v 4.920324 -0.077614 -0.215432
v 4.888072 -0.140570 -0.221493
v 4.829277 -0.200261 -0.224444
v 4.748473 -0.248703 -0.225856
v 4.648965 -0.279914 -0.228062
v 4.545524 -0.290900 -0.230723
v 4.429862 -0.281502 -0.230967
v 4.297818 -0.266934 -0.230469
v 4.197166 -0.261461 -0.231389
v 4.119087 -0.263115 -0.233064
v 4.038032 -0.265881 -0.233986
v 3.936000 -0.267122 -0.232210
v 3.817200 -0.268018 -0.228867
v 3.707258 -0.275773 -0.225680
v 3.599511 -0.298644 -0.224668
v 3.490276 -0.330888 -0.222038
v 3.386455 -0.356035 -0.215084
v 3.284677 -0.365537 -0.199558
v 3.179338 -0.355164 -0.176503
v 4.920297 0.050307 -0.205244
v 3.169164 0.275808 -0.191388
v 3.233188 0.315944 -0.207983
v 3.297362 0.352026 -0.222414
v 3.367944 0.384659 -0.237667
v 3.455236 0.399968 -0.251797
v 3.570763 0.408204 -0.266970
v 3.645350 0.415505 -0.275157
v 3.715408 0.424399 -0.280917
v 3.796767 0.433045 -0.285227
v 3.875281 0.432744 -0.289296
v 3.955465 0.425301 -0.293194
v 4.036903 0.419675 -0.297145
v 4.125416 0.422314 -0.300750
v 4.201537 0.428404 -0.304056
v 4.283974 0.430292 -0.307125
v 4.366956 0.421727 -0.308254
v 4.459867 0.402776 -0.311394
v 4.542499 0.377624 -0.312272
v 4.614868 0.341352 -0.310038
v 4.697952 0.283832 -0.309809
v 4.794968 0.213425 -0.313922
v 4.870951 0.146378 -0.316650
v 4.914297 0.085917 -0.318921
v 4.933618 0.024179 -0.320913
v 4.932153 -0.041203 -0.323060
v 4.909334 -0.103506 -0.326695
v 4.862732 -0.162701 -0.329029
v 4.792788 -0.213911 -0.329986
v 4.705339 -0.252050 -0.330829
v 4.600904 -0.276098 -0.332261
v 4.494365 -0.279948 -0.333392
v 4.367323 -0.267496 -0.332339
v 4.248087 -0.258024 -0.333611
v 4.166258 -0.257999 -0.334210
v 4.083164 -0.262305 -0.334923
v 3.993814 -0.266145 -0.334025
v 3.878199 -0.266326 -0.331480
v 3.764683 -0.264559 -0.328086
v 3.655959 -0.274414 -0.325226
v 3.547313 -0.303343 -0.322218
v 3.440890 -0.330799 -0.313572
v 3.336174 -0.343442 -0.297869
v 3.222326 -0.340209 -0.271329
v 3.148639 0.268772 -0.055142
v 3.163198 0.298062 0.258254
v 3.242580 0.325382 0.246659
v 3.311797 0.352106 0.235938
v 3.387867 0.378135 0.227515
v 3.466084 0.397739 0.219323
v 3.559911 0.412079 0.209132
v 3.652050 0.422964 0.201339
v 3.720765 0.429419 0.197520
v 3.791009 0.434188 0.195048
v 3.863671 0.437228 0.193358
v 3.941089 0.438608 0.191676
v 4.018449 0.438665 0.189228
v 4.098566 0.436901 0.187888
v 4.170939 0.433249 0.187544
v 4.242909 0.423995 0.188379
v 4.331717 0.406397 0.187821
v 4.424741 0.379154 0.187311
v 4.512827 0.342626 0.185409
v 4.579899 0.303909 0.179368
v 4.639389 0.262073 0.174731
v 4.807142 0.146270 0.161213
v 4.872639 0.082455 0.151948
v 4.901016 0.030614 0.143120
v 4.910486 -0.021476 0.133988
v 4.904879 -0.086135 0.121081
v 4.879062 -0.155307 0.107450
v 4.825191 -0.224655 0.097153
v 4.742983 -0.285081 0.087364
v 4.641021 -0.320361 0.076449
v 4.541406 -0.328103 0.067150
v 4.426891 -0.312842 0.058313
v 4.287336 -0.291432 0.050595
v 4.180358 -0.282297 0.043229
v 4.103784 -0.284282 0.034113
v 4.029411 -0.288489 0.026401
v 3.929244 -0.291259 0.018278
v 3.812407 -0.294382 0.009364
v 3.705700 -0.303811 -0.000262
v 3.595418 -0.324595 -0.013611
v 3.486574 -0.355878 -0.025553
v 3.388914 -0.385532 -0.033801
v 3.298871 -0.399213 -0.037363
v 4.716823 0.210048 0.169313
v 3.194787 0.301819 0.090402
v 3.263263 0.333747 0.077781
v 3.333361 0.364833 0.066910
v 3.408813 0.390209 0.057285
v 3.490271 0.405423 0.045361
v 3.595391 0.418297 0.033082
v 3.671980 0.426912 0.025874
v 3.741216 0.432792 0.021708
v 3.815692 0.435847 0.018055
v 3.891413 0.435536 0.014974
v 3.971782 0.433774 0.010813
v 4.049983 0.433134 0.007475
v 4.135013 0.434888 0.004519
v 4.203293 0.433831 0.002266
v 4.287445 0.424033 0.000592
v 4.375806 0.405458 -0.000495
v 4.467527 0.378164 -0.000866
v 4.547040 0.344996 -0.004791
v 4.609048 0.306528 -0.008667
v 4.681765 0.254003 -0.011871
v 4.774235 0.190368 -0.019877
v 4.854811 0.125358 -0.027694
v 4.899900 0.067448 -0.035330
v 4.918646 0.014434 -0.041735
v 4.920273 -0.048471 -0.049987
v 4.902275 -0.115315 -0.060901
v 4.860135 -0.180555 -0.069387
v 4.789174 -0.241977 -0.074268
v 4.697283 -0.285901 -0.079586
v 4.591753 -0.306767 -0.085401
v 4.490835 -0.303752 -0.089988
v 4.359462 -0.285319 -0.092860
v 4.232841 -0.271912 -0.095349
v 4.150184 -0.270317 -0.099832
v 4.072610 -0.273399 -0.104801
v 3.989536 -0.276075 -0.107217
v 3.870751 -0.277876 -0.109017
v 3.759559 -0.283373 -0.109846
v 3.652233 -0.299026 -0.112894
v 3.543091 -0.327143 -0.118584
v 3.435191 -0.359520 -0.120108
v 3.339285 -0.380499 -0.118997
v 3.243450 -0.383027 -0.109088
v 3.221689 0.315517 0.408091
v 3.241993 0.279519 0.714971
v 3.241111 0.183327 0.959472
v 3.231082 0.045607 1.083915
v 3.246963 -0.133044 1.104689
v 3.319502 -0.310791 1.016718
v 3.386904 -0.426828 0.849865
v 3.402374 -0.475720 0.658520
v 3.367726 -0.471474 0.424382
v 3.185732 0.291378 0.564146
v 3.188380 0.221182 0.843100
v 3.190113 0.106187 1.010516
v 3.192390 -0.042637 1.077530
v 3.233665 -0.224451 1.047104
v 3.307301 -0.371415 0.920434
v 3.343183 -0.451869 0.745281
v 3.337141 -0.474376 0.550784
v 3.291440 -0.455909 0.305979
v 3.212085 -0.394181 -0.034486
v 3.243312 -0.423754 0.105883
v 3.307614 -0.440724 0.189462
v 3.267206 -0.412145 0.029919
v 3.350641 -0.406297 0.031915
v 3.378299 -0.433115 0.179902
v 3.432029 -0.470497 0.415968
v 3.475478 -0.485063 0.664204
v 3.465369 -0.442944 0.862594
v 3.395322 -0.329896 1.049573
v 3.312462 -0.138836 1.160537
v 3.298306 0.057487 1.149664
v 3.331790 0.212362 0.997800
v 3.329868 0.307120 0.718086
v 3.296049 0.340056 0.397152
v 3.277725 0.319231 0.557319
v 3.291046 0.252348 0.862956
v 3.279207 0.130724 1.062139
v 3.264671 -0.035506 1.136075
v 3.315018 -0.235530 1.095817
v 3.400033 -0.386521 0.949620
v 3.441154 -0.464892 0.760814
v 3.429707 -0.482031 0.549764
v 3.372483 -0.455039 0.290411
v 3.322179 -0.423473 0.098827
v 3.368889 0.364485 0.387366
v 3.406842 0.333069 0.718073
v 3.412903 0.251475 1.014539
v 3.368075 0.184836 1.104908
v 3.375277 0.281158 0.878790
v 3.352724 0.343791 0.549710
v 3.447252 0.386752 0.380793
v 3.486774 0.359131 0.715113
v 3.505253 0.297039 1.014430
v 3.457533 0.313831 0.883081
v 3.456473 0.240407 1.110154
v 3.429115 0.367525 0.543640
v 3.526925 0.403214 0.372017
v 3.564071 0.381116 0.705926
v 3.588313 0.331215 1.007380
v 3.624643 0.417484 0.363388
v 3.652710 0.400271 0.697542
v 3.672032 0.357063 1.001356
v 3.622483 0.370352 0.868830
v 3.634408 0.323504 1.100094
v 3.591840 0.404993 0.527229
v 3.504850 0.387706 0.536580
v 3.540020 0.345284 0.877680
v 3.549791 0.290345 1.105223
v 3.700571 0.426152 0.357835
v 3.724947 0.412456 0.692200
v 3.742662 0.373733 0.996442
v 3.702121 0.389105 0.862549
v 3.712753 0.346900 1.094772
v 3.678439 0.418433 0.519628
v 3.766502 0.431903 0.355865
v 3.787499 0.419732 0.691608
v 3.804271 0.383403 0.995911
v 3.836869 0.436585 0.354393
v 3.852684 0.424793 0.691004
v 3.865875 0.388995 0.995442
v 3.907681 0.439750 0.354504
v 3.918344 0.427210 0.691672
v 3.930526 0.390697 0.994957
v 3.985260 0.441230 0.353370
v 3.993163 0.426722 0.689813
v 4.005621 0.388297 0.990674
v 4.059194 0.439891 0.352989
v 4.067640 0.422337 0.687375
v 4.078171 0.381177 0.984516
v 4.138829 0.434802 0.354829
v 4.143529 0.414243 0.686296
v 4.150250 0.370124 0.977214
v 4.202090 0.427065 0.356465
v 4.202636 0.404426 0.686538
v 4.208267 0.357845 0.972921
v 4.284816 0.411440 0.357662
v 4.279669 0.386455 0.685558
v 4.280140 0.338108 0.966265
v 3.744843 0.426204 0.516241
v 3.810560 0.431813 0.515196
v 3.878160 0.435867 0.515194
v 3.950127 0.437849 0.515247
v 4.024175 0.437216 0.514230
v 4.101833 0.432583 0.515507
v 4.170490 0.425432 0.517720
v 4.239312 0.413184 0.519087
v 4.239670 0.373504 0.843537
v 4.176945 0.387874 0.845567
v 4.112807 0.398109 0.849143
v 4.037069 0.406579 0.854832
v 3.961373 0.410457 0.859279
v 3.891323 0.410329 0.860505
v 3.828565 0.406714 0.860455
v 3.766516 0.400065 0.860402
v 3.778165 0.360973 1.091365
v 3.838877 0.369217 1.090294
v 3.901367 0.373147 1.089193
v 3.972864 0.372764 1.085888
v 4.045050 0.367810 1.080137
v 4.116035 0.358006 1.072676
v 4.180790 0.345889 1.065267
v 4.243999 0.330198 1.056876
v 4.374920 0.387269 0.354356
v 4.366661 0.358491 0.681317
v 4.365075 0.306947 0.960615
v 4.320895 0.349303 0.839502
v 4.323659 0.304275 1.046576
v 4.325279 0.392252 0.516642
v 4.470227 0.350493 0.351973
v 4.459647 0.317611 0.678547
v 4.448108 0.266501 0.959573
v 4.409582 0.313431 0.837464
v 4.407730 0.267367 1.041039
v 4.418618 0.359236 0.511741
v 4.548415 0.308861 0.346167
v 4.538460 0.272965 0.673982
v 4.514779 0.225016 0.957956
v 4.493071 0.269517 0.836327
v 4.476012 0.228283 1.039468
v 4.508324 0.316205 0.506838
v 4.607237 0.270033 0.338855
v 4.598086 0.232746 0.668322
v 4.567159 0.183988 0.955011
v 4.558982 0.226473 0.833038
v 4.527227 0.189854 1.036981
v 4.575906 0.275033 0.499716
v 4.669325 0.227900 0.333489
v 4.653583 0.191770 0.662531
v 4.610812 0.141192 0.949960
v 4.611705 0.185232 0.829001
v 4.569402 0.148674 1.033234
v 4.632216 0.236674 0.492765
v 4.698603 0.191478 0.486827
v 4.778135 0.127988 0.477976
v 4.836164 0.060300 0.466850
v 4.858802 0.006304 0.457447
v 4.866048 -0.041047 0.447783
v 4.862320 -0.096483 0.435899
v 4.842696 -0.163007 0.423155
v 4.797651 -0.234720 0.408551
v 4.723746 -0.300795 0.390511
v 4.631248 -0.343669 0.370359
v 4.533008 -0.360677 0.351863
v 4.415043 -0.355955 0.333409
v 4.279130 -0.341126 0.316505
v 4.168057 -0.332395 0.304044
v 4.084355 -0.332087 0.290305
v 4.007943 -0.333569 0.271323
v 3.918214 -0.332506 0.245287
v 3.813272 -0.329720 0.213130
v 3.698595 -0.334860 0.176875
v 3.582137 -0.354483 0.142923
v 3.483572 -0.382550 0.116907
v 4.751609 0.172774 0.326659
v 4.834197 0.103590 0.316891
v 4.876574 0.044238 0.306611
v 4.892302 -0.004424 0.297621
v 4.895220 -0.058364 0.285793
v 4.882677 -0.125721 0.271476
v 4.847881 -0.196580 0.258036
v 4.781589 -0.268706 0.244439
v 4.689989 -0.321902 0.228333
v 4.587907 -0.345069 0.212936
v 4.486876 -0.341873 0.199802
v 4.354386 -0.320764 0.184902
v 4.224368 -0.303342 0.173185
v 4.135309 -0.299840 0.162063
v 4.058294 -0.303191 0.150174
v 3.979948 -0.306135 0.136966
v 3.869787 -0.307137 0.119698
v 3.761237 -0.310326 0.100864
v 3.646606 -0.324543 0.079477
v 3.536415 -0.351149 0.058600
v 3.437593 -0.383089 0.041930
v 3.400208 -0.408786 0.101630
v 4.131973 -0.432594 0.631561
v 4.047921 -0.432039 0.612543
v 3.962839 -0.429258 0.576965
v 3.870167 -0.423236 0.524612
v 3.776783 -0.414347 0.459614
v 3.670018 -0.412505 0.387245
v 3.564138 -0.421142 0.325020
v 3.485990 -0.434050 0.290920
v 3.428889 -0.446473 0.282475
v 4.245138 -0.427053 0.640748
v 4.381505 -0.408235 0.653443
v 4.502228 -0.372228 0.674494
v 4.593789 -0.323793 0.697985
v 4.662598 -0.269816 0.717934
v 4.711016 -0.214368 0.734847
v 4.739870 -0.158421 0.750816
v 4.753689 -0.107535 0.763031
v 4.757180 -0.067129 0.772053
v 4.754366 -0.026446 0.781951
v 4.740995 0.025588 0.795076
v 4.774952 0.075214 0.644323
v 4.804700 0.015288 0.633264
v 4.814298 -0.033149 0.624112
v 4.814618 -0.076910 0.615137
v 4.804403 -0.130874 0.605012
v 4.777876 -0.193317 0.591824
v 4.728251 -0.257709 0.575118
v 4.656044 -0.314121 0.555767
v 4.568554 -0.354862 0.533309
v 4.462654 -0.379296 0.511744
v 4.330279 -0.386486 0.492521
v 4.201802 -0.384736 0.480590
v 4.106788 -0.382893 0.467693
v 4.026236 -0.381773 0.445113
v 3.942812 -0.378735 0.410053
v 3.848126 -0.371941 0.362766
v 3.745097 -0.366932 0.307138
v 3.625896 -0.375604 0.249123
v 3.523894 -0.394636 0.206552
v 3.444680 -0.416266 0.183911
v 4.716110 0.141322 0.655447
v 4.661557 0.140907 0.822152
v 4.708484 0.086139 0.810064
v 3.521845 -0.485221 0.541822
v 3.568460 -0.483884 0.558307
v 3.645355 -0.483419 0.601141
v 3.736724 -0.484868 0.648687
v 3.831184 -0.484444 0.695756
v 3.935412 -0.479559 0.736344
v 4.029438 -0.474221 0.764545
v 4.113585 -0.468174 0.778564
v 4.227966 -0.451898 0.788861
v 4.363310 -0.416529 0.801405
v 4.477843 -0.363843 0.817186
v 4.564243 -0.304259 0.834138
v 4.622806 -0.249812 0.848905
v 4.656115 -0.202870 0.865153
v 4.671291 -0.155934 0.883824
v 4.674347 -0.113235 0.902094
v 4.670550 -0.081569 0.918776
v 4.664690 -0.047025 0.937222
v 4.653892 -0.001003 0.962320
v 4.634286 0.050067 0.993400
v 4.605019 0.101828 1.020781
v 4.650070 0.092531 0.935386
v 4.680451 0.037684 0.912807
v 4.698256 -0.015596 0.891090
v 4.705343 -0.058715 0.874250
v 4.707896 -0.092357 0.861493
v 4.705447 -0.132173 0.847258
v 4.691689 -0.182418 0.830005
v 4.662674 -0.232714 0.811889
v 4.611983 -0.285418 0.795600
v 4.536842 -0.342371 0.776052
v 4.433349 -0.395450 0.755358
v 4.303403 -0.434419 0.739757
v 4.171632 -0.454439 0.730146
v 4.077435 -0.460256 0.718203
v 3.994174 -0.461211 0.693033
v 3.897328 -0.461290 0.649750
v 3.801327 -0.458127 0.593982
v 3.707744 -0.453324 0.529818
v 3.606549 -0.454898 0.467583
v 3.529018 -0.459991 0.426581
v 3.484241 -0.485165 0.548708
v 3.477260 -0.466086 0.412936
v 3.707738 -0.497089 0.809794
v 3.801737 -0.497004 0.835005
v 3.912772 -0.491370 0.856335
v 4.013823 -0.483304 0.870136
v 4.101606 -0.473365 0.877689
v 4.205917 -0.453990 0.885380
v 4.333780 -0.402481 0.940998
v 4.445005 -0.341747 0.948997
v 4.526106 -0.278632 0.957068
v 4.575706 -0.226528 0.963488
v 4.602814 -0.188325 0.969617
v 4.618459 -0.153311 0.976482
v 4.628929 -0.116960 0.984992
v 4.632222 -0.087917 0.995188
v 4.632019 -0.055419 1.008244
v 4.628308 -0.013853 1.027136
v 4.616478 0.033149 1.053202
v 4.593358 0.087083 1.078936
v 4.561930 0.136077 1.097225
v 4.518020 0.181512 1.161813
v 4.470483 0.220533 1.166470
v 4.406902 0.258814 1.168857
v 4.325290 0.295824 1.176162
v 4.243874 0.323406 1.188279
v 4.177753 0.340220 1.199318
v 4.112911 0.352268 1.210081
v 4.045140 0.361667 1.218177
v 3.975159 0.366267 1.224136
v 3.901117 0.366017 1.229349
v 3.836981 0.360867 1.232845
v 3.775676 0.350903 1.234957
v 3.709382 0.335138 1.236942
v 3.632062 0.309644 1.240054
v 3.546732 0.271958 1.244137
v 3.455258 0.215305 1.248348
v 3.377592 0.150266 1.251592
v 3.328186 0.050944 1.269549
v 3.352257 -0.133870 1.275726
v 3.474797 -0.345679 1.099094
v 3.621906 -0.491702 0.785343
v 3.596516 -0.495300 0.671272
v 3.476951 -0.405404 0.969268
v 3.381038 -0.244945 1.159457
v 3.313631 -0.032449 1.208861
v 3.341696 0.118808 1.177851
v 3.410108 0.190134 1.173783
v 3.505085 0.252415 1.170747
v 3.592507 0.295901 1.165535
v 3.676344 0.326198 1.161035
v 3.747039 0.345233 1.156457
v 3.810057 0.356898 1.154207
v 3.870586 0.363384 1.151511
v 3.938557 0.365486 1.148532
v 4.012862 0.362771 1.142728
v 4.080272 0.355442 1.136306
v 4.150168 0.343856 1.126675
v 4.210727 0.330593 1.116992
v 4.283464 0.309793 1.104883
v 4.367204 0.277682 1.094234
v 4.443304 0.238849 1.090548
v 4.496990 0.202663 1.088330
v 4.541707 0.162754 1.081695
v 4.578149 0.118520 1.068377
v 4.608451 0.066523 1.044814
v 4.629255 0.015724 1.010521
v 4.640956 -0.030954 0.981164
v 4.646401 -0.070833 0.959334
v 4.649804 -0.099786 0.943371
v 4.648764 -0.134396 0.927503
v 4.639430 -0.176356 0.912540
v 4.619660 -0.215995 0.898747
v 4.579153 -0.263810 0.887083
v 4.511568 -0.322571 0.874241
v 4.412807 -0.385218 0.860102
v 4.287208 -0.435923 0.846215
v 4.157469 -0.465359 0.830421
v 4.063988 -0.477444 0.821508
v 3.975687 -0.485212 0.806053
v 3.869728 -0.493490 0.779415
v 3.765711 -0.498651 0.745945
v 3.678756 -0.497817 0.711465
v 3.557892 -0.494786 0.647733
v 3.533006 -0.493300 0.654289
v 3.518846 -0.479559 0.767034
v 3.554351 -0.461639 0.873004
v 3.649886 -0.475606 0.891790
v 3.590472 -0.388946 1.125581
v 3.490752 -0.311833 1.255125
v 3.573013 -0.427308 0.990431
v 3.738737 -0.483224 0.909657
v 3.697860 -0.417944 1.140294
v 3.674425 -0.448453 1.007519
v 3.615882 -0.369865 1.274767
v 3.771702 -0.460775 1.019596
v 3.887492 -0.466894 1.025523
v 3.999514 -0.465155 1.027857
v 4.094534 -0.455326 1.026288
v 4.145293 -0.461566 0.934440
v 4.053021 -0.474307 0.938698
v 3.957505 -0.482028 0.933701
v 3.842659 -0.485327 0.924939
v 3.728556 -0.401930 1.287161
v 3.854857 -0.420688 1.295716
v 4.199014 -0.440064 0.988682
v 3.975089 -0.425217 1.301958
v 4.075365 -0.415930 1.303302
v 3.530752 -0.373145 1.926903
v 3.658531 -0.426760 1.949971
v 3.795590 -0.454820 1.969898
v 3.930076 -0.458580 1.984132
v 4.044064 -0.442778 1.988436
v 4.147638 -0.412168 1.988796
v 4.259304 -0.361120 1.990959
v 4.358578 -0.300163 1.990923
v 4.422529 -0.248075 1.985552
v 4.458146 -0.211894 1.981216
v 4.482924 -0.181988 1.981609
v 4.506670 -0.149539 1.983030
v 4.523786 -0.122056 1.982611
v 4.536703 -0.096487 1.981481
v 4.549603 -0.064102 1.978391
v 4.560818 -0.025600 1.973506
v 4.567116 0.014822 1.969494
v 4.566238 0.056883 1.966090
v 4.552026 0.118464 1.960278
v 4.520899 0.189062 1.959506
v 4.468849 0.252950 1.963006
v 4.406247 0.306990 1.963520
v 4.326301 0.352823 1.963876
v 4.228497 0.392637 1.962415
v 4.148908 0.413971 1.958447
v 4.076573 0.425053 1.955493
v 4.008049 0.430954 1.954473
v 3.936862 0.430529 1.955660
v 3.856949 0.424357 1.960558
v 4.137575 -0.425810 1.143075
v 4.036715 -0.439525 1.153836
v 3.934063 -0.443522 1.152234
v 3.807443 -0.435608 1.147880
v 3.414832 -0.290322 1.909499
v 3.318034 -0.117567 1.897686
v 3.292142 0.065876 1.887804
v 3.334755 0.159118 1.889590
v 3.402569 0.228070 1.898095
v 3.489248 0.289700 1.907694
v 3.574043 0.335043 1.918366
v 3.651667 0.368187 1.930046
v 3.721795 0.392604 1.942074
v 3.787626 0.411387 1.956059
v 4.344127 -0.050459 2.785332
v 4.330155 -0.071099 2.784312
v 4.313160 -0.092832 2.782342
v 4.295536 -0.112895 2.782989
v 4.263433 -0.142901 2.786038
v 4.208938 -0.182337 2.787263
v 4.132060 -0.223906 2.784341
v 4.058690 -0.252081 2.782831
v 3.986018 -0.268172 2.781580
v 3.899582 -0.273504 2.775371
v 3.804196 -0.262425 2.762137
v 3.975933 0.338979 2.765531
v 4.362540 -0.014171 2.784316
v 3.883147 0.224805 2.791682
v 3.779946 0.178225 2.774493
v 3.694670 0.077895 2.763832
v 4.041342 0.240457 2.799392
v 4.153170 0.207940 2.804965
v 4.239520 0.133517 2.803510
v 4.258507 0.056619 2.806741
v 4.244625 0.007157 2.811035
v 4.220959 -0.030412 2.809952
v 4.166940 -0.082240 2.812395
v 4.027031 -0.146534 2.809401
v 3.943771 0.239487 2.800729
v 4.188624 0.187265 2.805167
v 4.073796 0.235509 2.801326
v 4.362577 0.146877 2.772254
v 4.377162 0.097211 2.774861
v 3.706204 -0.001125 2.767929
v 3.979009 0.242490 2.798882
v 4.252954 0.101782 2.803437
v 4.183709 0.300438 2.775020
v 4.248286 0.268607 2.775856
v 4.255511 0.038833 2.808135
v 3.713278 -0.234267 2.747216
v 4.353678 -0.033575 2.785318
v 4.238814 -0.004256 2.811338
v 4.380365 0.065363 2.777525
v 4.210091 -0.043630 2.809372
v 4.293365 0.236296 2.775886
v 4.123325 -0.109328 2.811691
v 3.851843 0.213609 2.785688
v 3.975743 -0.153695 2.807278
v 4.070924 0.331681 2.768198
v 4.377815 0.038165 2.779159
v 3.855027 -0.139333 2.791553
v 4.335117 0.192746 2.774851
v 3.742115 0.151066 2.769618
v 4.120047 0.321592 2.771919
v 4.371292 0.010829 2.781904
v 3.587393 -0.277162 2.680912
v 3.695655 -0.323317 2.701225
v 3.811415 -0.347254 2.718884
v 3.925373 -0.350178 2.731449
v 4.022115 -0.336394 2.735259
v 4.109380 -0.309978 2.736296
v 4.204447 -0.265748 2.739652
v 4.287882 -0.213736 2.741156
v 4.339985 -0.170363 2.737755
v 4.368495 -0.140841 2.735047
v 4.388713 -0.116157 2.736284
v 4.408571 -0.089093 2.738477
v 4.422659 -0.066458 2.738984
v 4.433502 -0.045205 2.738433
v 4.444542 -0.017776 2.736313
v 4.454307 0.014988 2.732817
v 4.460026 0.048721 2.730200
v 4.460347 0.082504 2.727895
v 4.449920 0.133746 2.723769
v 4.424689 0.194473 2.723998
v 4.380602 0.249857 2.727033
v 4.328141 0.296258 2.727312
v 4.261185 0.335235 2.727018
v 4.177791 0.369450 2.724637
v 4.109937 0.387610 2.720002
v 4.048616 0.396784 2.716286
v 3.991025 0.401428 2.714628
v 3.931181 0.400667 2.715204
v 3.863689 0.395040 2.719242
v 3.491123 -0.206686 2.666335
v 3.411441 -0.061074 2.656047
v 3.389641 0.092493 2.647835
v 3.425002 0.169975 2.651014
v 3.481391 0.227756 2.659424
v 3.553898 0.279537 2.668754
v 3.625077 0.317933 2.679080
v 3.690311 0.346179 2.690200
v 3.749499 0.367232 2.701531
v 3.805116 0.383596 2.714710
v 4.216499 0.162707 2.804967
v 4.109906 0.225732 2.803697
v 3.612757 0.219812 2.724741
v 3.558240 0.173982 2.717542
v 4.258550 0.074907 2.805465
v 3.521716 0.123239 2.712110
v 4.250420 0.021626 2.809922
v 3.509014 0.034355 2.713913
v 4.231307 -0.016290 2.811049
v 3.557383 -0.107323 2.723243
v 4.194667 -0.059447 2.810728
v 3.870041 0.329577 2.769363
v 4.073571 -0.132450 2.810044
v 3.921071 0.336363 2.767479
v 3.915939 -0.152027 2.800781
v 3.629114 -0.187390 2.731160
v 3.797983 -0.114944 2.781088
v 3.912670 0.233456 2.798353
v 4.019793 0.337468 2.766111
v 4.010774 0.242881 2.798524
v 3.817413 0.198605 2.779884
v 3.824309 0.317937 2.760154
v 3.712436 0.120271 2.765324
v 3.778183 0.302990 2.750425
v 3.747242 -0.076393 2.773397
v 3.727566 0.283099 2.741343
v 3.672144 0.256384 2.732629
v 3.553113 -0.395190 2.500493
v 3.502268 -0.347583 2.549668
v 3.424198 -0.323568 2.475525
v 3.487702 -0.370586 2.371753
v 3.692194 -0.438090 2.523549
v 3.632751 -0.403020 2.574424
v 3.622778 -0.428272 2.397089
v 3.838160 -0.454914 2.544106
v 3.772173 -0.431691 2.595961
v 3.767219 -0.458196 2.419120
v 3.970307 -0.446596 2.553782
v 3.909343 -0.435083 2.611321
v 3.909419 -0.461861 2.434798
v 4.081205 -0.421935 2.555829
v 4.025734 -0.418399 2.616096
v 4.030143 -0.444645 2.439553
v 4.193199 -0.378869 2.558249
v 4.130683 -0.386549 2.617494
v 4.139044 -0.411640 2.440845
v 4.310852 -0.315176 2.562866
v 4.244986 -0.333305 2.621644
v 4.257684 -0.356372 2.445031
v 4.393993 -0.254890 2.561023
v 4.345290 -0.270729 2.623527
v 4.361809 -0.291374 2.446905
v 4.442987 -0.209013 2.556359
v 4.407921 -0.218562 2.619477
v 4.426834 -0.237172 2.442657
v 4.469768 -0.178488 2.555370
v 4.442193 -0.183061 2.616233
v 4.462414 -0.200279 2.439273
v 4.495774 -0.145240 2.558412
v 4.466502 -0.153382 2.617720
v 4.487646 -0.169431 2.440818
v 4.517122 -0.113686 2.559963
v 4.490380 -0.120842 2.620352
v 4.512428 -0.135608 2.443563
v 4.531678 -0.087952 2.559940
v 4.507323 -0.093627 2.620956
v 4.530010 -0.107320 2.444211
v 4.545219 -0.058332 2.558405
v 4.520366 -0.068074 2.620282
v 4.543541 -0.080760 2.443533
v 4.558610 -0.020111 2.554698
v 4.533650 -0.035094 2.617717
v 4.557318 -0.046480 2.440895
v 4.568595 0.021662 2.550468
v 4.545403 0.004301 2.613492
v 4.569503 -0.005535 2.436536
v 4.572494 0.063215 2.547985
v 4.552290 0.044864 2.610327
v 4.576641 0.036623 2.433270
v 4.567651 0.111683 2.543926
v 4.552676 0.085487 2.607555
v 4.577041 0.078840 2.430393
v 4.545343 0.187824 2.539906
v 4.540126 0.147103 2.602615
v 4.564029 0.142879 2.425235
v 4.503448 0.257763 2.544007
v 4.509767 0.220118 2.602935
v 4.532543 0.218770 2.425515
v 4.439497 0.324431 2.545617
v 4.456737 0.286698 2.606638
v 4.477525 0.287985 2.429305
v 4.370891 0.373603 2.545616
v 4.393648 0.342474 2.607023
v 4.412057 0.345976 2.429657
v 4.272073 0.422351 2.544381
v 4.313144 0.389324 2.606706
v 4.328497 0.394689 2.429289
v 4.174742 0.454641 2.539634
v 4.212889 0.430451 2.603860
v 4.224422 0.437448 2.426310
v 4.099976 0.469996 2.533909
v 4.131322 0.452284 2.598282
v 4.139741 0.460141 2.420514
v 4.021694 0.478863 2.530684
v 4.057607 0.463323 2.593787
v 4.063213 0.471604 2.415860
v 3.954990 0.481183 2.529722
v 3.988373 0.468923 2.591748
v 3.991342 0.477403 2.413768
v 3.871001 0.477205 2.532604
v 3.916422 0.468029 2.592380
v 3.916661 0.476445 2.414453
v 3.793093 0.466876 2.535518
v 3.835266 0.461287 2.597164
v 3.832436 0.469406 2.419453
v 3.386182 -0.262804 2.531856
v 3.314399 -0.201710 2.463363
v 3.367591 -0.282517 2.353580
v 3.290107 -0.087438 2.519318
v 3.239893 0.016343 2.448893
v 3.268176 -0.100571 2.340752
v 3.263851 0.097553 2.509428
v 3.259859 0.151951 2.446233
v 3.240975 0.091310 2.330500
v 3.306557 0.190872 2.513409
v 3.315764 0.229349 2.454787
v 3.285089 0.188125 2.334448
v 3.374640 0.260416 2.523794
v 3.399441 0.299498 2.466068
v 3.355434 0.260326 2.344916
v 3.462122 0.322691 2.535330
v 3.490449 0.355334 2.478420
v 3.445892 0.325035 2.356526
v 3.547960 0.368817 2.548067
v 3.575292 0.396065 2.492024
v 3.534698 0.373021 2.369377
v 3.626583 0.402711 2.561729
v 3.652744 0.426372 2.506149
v 3.616091 0.408326 2.383220
v 3.697872 0.427950 2.575593
v 3.723245 0.449118 2.521179
v 3.689945 0.434641 2.397333
v 3.759345 0.455098 2.413773
v 3.764813 0.447565 2.591612
v 3.476638 -0.285315 2.603421
v 3.593542 -0.350221 2.626081
v 3.335829 -0.215401 2.140035
v 3.443917 -0.335443 2.151848
v 3.570483 -0.405954 2.176035
v 3.377068 -0.174870 2.592377
v 3.719655 -0.389089 2.647002
v 3.706982 -0.448261 2.198302
v 3.852002 -0.404324 2.665651
v 3.850417 -0.464968 2.218158
v 3.971813 -0.396775 2.674433
v 3.980184 -0.456933 2.227434
v 4.072353 -0.374416 2.676296
v 4.089255 -0.432772 2.229249
v 4.173883 -0.335381 2.678497
v 4.199383 -0.390488 2.231328
v 4.280542 -0.277656 2.682688
v 4.315024 -0.327888 2.235547
v 4.355913 -0.223021 2.681021
v 4.397063 -0.268428 2.233482
v 4.400328 -0.181445 2.676796
v 4.445523 -0.223072 2.228726
v 4.424605 -0.153781 2.675903
v 4.472064 -0.192820 2.227608
v 4.448182 -0.123651 2.678657
v 4.497676 -0.160001 2.230472
v 4.467535 -0.095057 2.680055
v 4.518729 -0.128791 2.231852
v 4.480731 -0.071736 2.680025
v 4.533076 -0.103351 2.231751
v 4.493007 -0.044894 2.678628
v 4.546381 -0.074106 2.230201
v 4.505148 -0.010257 2.675263
v 4.559511 -0.036461 2.226481
v 4.514201 0.027599 2.671426
v 4.569271 0.004739 2.222245
v 4.517736 0.065256 2.669174
v 4.573010 0.045859 2.219694
v 4.513345 0.109179 2.665498
v 4.568032 0.093931 2.215624
v 4.493121 0.178180 2.661861
v 4.545898 0.168933 2.211477
v 4.455138 0.241560 2.665582
v 4.504630 0.237733 2.215401
v 4.397161 0.301974 2.667040
v 4.441780 0.303286 2.216953
v 4.334965 0.346534 2.667040
v 4.374149 0.351768 2.216953
v 4.245381 0.390709 2.665925
v 4.276978 0.399768 2.215854
v 4.157148 0.419971 2.661627
v 4.181343 0.431564 2.211358
v 4.089369 0.433888 2.656446
v 4.107836 0.446710 2.205930
v 4.018403 0.441926 2.653533
v 4.030824 0.455484 2.202943
v 3.957932 0.444033 2.652677
v 3.965132 0.457809 2.202122
v 3.881789 0.440433 2.655311
v 3.882512 0.453927 2.205052
v 3.811157 0.431078 2.657971
v 3.805877 0.443777 2.208008
v 3.747830 0.414991 2.644972
v 3.737226 0.426298 2.194215
v 3.309506 0.022775 2.579253
v 3.262554 -0.000612 2.126005
v 3.327614 0.145692 2.576851
v 3.282181 0.133157 2.123120
v 3.378320 0.215843 2.584631
v 3.337049 0.209481 2.131114
v 3.454207 0.279418 2.594888
v 3.419231 0.278691 2.141762
v 3.536740 0.330018 2.606121
v 3.508554 0.333768 2.153423
v 3.613677 0.366926 2.618490
v 3.591891 0.373970 2.166331
v 3.683907 0.394385 2.631326
v 3.667949 0.403868 2.179799
v 4.177279 -0.396188 1.287941
v 4.278251 -0.363459 1.267166
v 4.378245 -0.313066 1.253965
v 4.459782 -0.257716 1.240978
v 4.510530 -0.212123 1.229968
v 4.540828 -0.178425 1.222614
v 4.563600 -0.145992 1.215192
v 4.582382 -0.114233 1.208012
v 4.593739 -0.087291 1.205060
v 4.602254 -0.058778 1.200514
v 4.607458 -0.025794 1.194498
v 4.606260 0.015778 1.189361
v 4.591191 0.072532 1.186722
v 4.561355 0.130846 1.175329
v 4.579791 0.108143 1.112310
v 4.605521 0.050331 1.103506
v 4.617417 0.000714 1.092124
v 4.619676 -0.039569 1.084115
v 4.616200 -0.073263 1.079849
v 4.610519 -0.101357 1.076346
v 4.598874 -0.131500 1.074851
v 4.580428 -0.166873 1.076727
v 4.558722 -0.197869 1.077885
v 4.520291 -0.240718 1.080530
v 4.456148 -0.295371 1.083524
v 4.359265 -0.356541 1.086833
v 4.249005 -0.402627 1.098301
v 4.534612 0.151174 1.728315
v 4.571435 0.097514 1.333614
v 4.591456 0.036644 1.341303
v 4.594648 -0.009221 1.350957
v 4.589589 -0.045543 1.360766
v 4.580101 -0.075054 1.370025
v 4.568744 -0.102757 1.374943
v 4.553535 -0.129179 1.380866
v 4.530629 -0.162598 1.390067
v 4.505343 -0.193139 1.396406
v 4.467678 -0.230054 1.406949
v 4.405853 -0.278187 1.420797
v 4.314334 -0.332388 1.435885
v 4.215694 -0.375341 1.448356
v 4.116849 -0.403898 1.460036
v 4.015715 -0.420292 1.461314
v 3.906095 -0.423689 1.455447
v 3.772977 -0.409570 1.444434
v 3.652267 -0.379489 1.431926
v 3.532142 -0.328857 1.414447
v 3.405612 -0.224910 1.398427
v 3.326190 -0.027469 1.397834
v 3.349806 0.107879 1.381179
v 3.407854 0.180620 1.374664
v 3.494564 0.245677 1.373448
v 3.581027 0.293154 1.371716
v 3.663405 0.326322 1.371288
v 3.733970 0.347893 1.371791
v 3.798278 0.362372 1.373076
v 3.859901 0.371706 1.372658
v 3.930385 0.375906 1.368421
v 4.005790 0.374776 1.362823
v 4.070673 0.368792 1.357822
v 4.140354 0.358150 1.349714
v 4.203347 0.344592 1.341307
v 4.281549 0.320928 1.332553
v 4.366885 0.285598 1.323568
v 4.439121 0.245481 1.320608
v 4.493409 0.203321 1.317992
v 4.536927 0.156072 1.316648
v 4.560504 0.083504 1.736019
v 4.570485 0.032108 1.741487
v 4.569115 -0.009604 1.746748
v 4.561131 -0.048058 1.753070
v 4.549518 -0.081912 1.758815
v 4.537152 -0.109910 1.761618
v 4.522833 -0.135019 1.763846
v 4.501624 -0.166213 1.766279
v 4.476739 -0.197447 1.766752
v 4.447046 -0.229187 1.771221
v 4.395253 -0.274308 1.779164
v 4.312153 -0.330398 1.785865
v 4.205581 -0.384638 1.787526
v 4.102431 -0.421215 1.789806
v 3.998963 -0.442138 1.788966
v 3.879464 -0.448362 1.781058
v 3.743261 -0.432862 1.764693
v 3.615634 -0.395628 1.746325
v 3.494426 -0.333385 1.725063
v 3.383330 -0.221656 1.712269
v 3.310332 -0.019066 1.701641
v 3.330764 0.111799 1.694230
v 3.385159 0.185057 1.696944
v 3.466624 0.251185 1.703225
v 3.552598 0.302354 1.709986
v 3.633397 0.339190 1.717993
v 3.705559 0.365521 1.726692
v 3.771322 0.384698 1.736232
v 3.835762 0.398975 1.744764
v 3.908302 0.406850 1.741403
v 3.986283 0.408925 1.737610
v 4.049944 0.405408 1.736399
v 4.122403 0.396213 1.735478
v 4.190383 0.381979 1.735986
v 4.277564 0.353726 1.735825
v 4.368122 0.311227 1.733430
v 4.435526 0.266795 1.732421
v 4.493786 0.210838 1.730540
v 4.515141 0.180709 1.517167
v 4.466178 0.231292 1.520131
v 4.403931 0.276752 1.521647
v 4.324242 0.317571 1.525630
v 4.235667 0.350888 1.531166
v 4.163542 0.369804 1.535087
v 4.095906 0.381211 1.539571
v 4.028821 0.388769 1.543328
v 3.959202 0.390861 1.546966
v 3.882902 0.387698 1.552175
v 3.816815 0.378719 1.552112
v 3.753937 0.364466 1.546619
v 3.686491 0.344594 1.541645
v 3.610044 0.315560 1.537384
v 3.525940 0.274228 1.534373
v 3.438355 0.215456 1.531853
v 3.367710 0.148662 1.530497
v 3.322860 0.054270 1.538459
v 3.348081 -0.124708 1.548718
v 3.453473 -0.287183 1.558484
v 3.574631 -0.360855 1.576427
v 3.695219 -0.405148 1.594147
v 3.826537 -0.429471 1.608809
v 3.952986 -0.434208 1.619635
v 4.059121 -0.421967 1.623075
v 4.159307 -0.396817 1.619324
v 4.261347 -0.356103 1.612448
v 4.358530 -0.302724 1.603361
v 4.430985 -0.250686 1.591517
v 4.474390 -0.210902 1.581684
v 4.502294 -0.179725 1.576629
v 4.526136 -0.147595 1.572005
v 4.544686 -0.118657 1.566393
v 4.557433 -0.092904 1.562859
v 4.568891 -0.063363 1.556924
v 4.577869 -0.029163 1.548434
v 4.581497 0.010747 1.539944
v 4.574295 0.060233 1.533272
v 4.551245 0.121935 1.523085
v 4.083854 0.396194 -0.508015
v 4.171017 0.400116 -0.507254
v 4.252195 0.408756 -0.505819
v 4.330936 0.411573 -0.504606
v 4.420232 0.402572 -0.505440
v 4.510433 0.386631 -0.503836
v 4.595452 0.364495 -0.501289
v 4.681898 0.326285 -0.498302
v 4.772147 0.264142 -0.493082
v 4.856931 0.191123 -0.489210
v 4.910532 0.123183 -0.487735
v 4.935433 0.058173 -0.488720
v 4.936800 -0.006801 -0.491533
v 4.918559 -0.066849 -0.494038
v 4.882598 -0.119705 -0.496050
v 4.828088 -0.167648 -0.497316
v 4.755216 -0.210089 -0.499148
v 4.660882 -0.247912 -0.502605
v 4.553727 -0.275290 -0.506730
v 4.437105 -0.281624 -0.510987
v 4.314360 -0.271068 -0.513584
v 4.130762 -0.266241 -0.515365
v 4.040781 -0.275879 -0.514376
v 3.934737 -0.283285 -0.512475
v 3.822572 -0.279727 -0.510619
v 3.716485 -0.270740 -0.505683
v 3.607995 -0.279623 -0.499294
v 3.500335 -0.306553 -0.489824
v 3.393550 -0.322998 -0.478700
v 3.280011 -0.317247 -0.465019
v 3.158960 -0.288388 -0.451696
v 3.050214 -0.228472 -0.457730
v 2.974391 -0.130122 -0.472228
v 2.957013 -0.011115 -0.470568
v 2.995477 0.092828 -0.455472
v 3.056908 0.172309 -0.433152
v 3.115619 0.237133 -0.425473
v 3.169500 0.286715 -0.435396
v 3.223202 0.327310 -0.447319
v 3.257011 0.358437 -0.932890
v 3.384505 0.386223 -0.473430
v 3.506503 0.387810 -0.479446
v 3.667054 0.395319 -0.493051
v 3.746181 0.408720 -0.495462
v 3.830981 0.420622 -0.497975
v 3.908427 0.416255 -0.503902
v 3.992968 0.403244 -0.507514
v 3.595916 0.369118 -0.662531
v 3.560546 0.337335 -0.821823
v 3.518579 0.269576 -1.041086
v 3.505637 0.222992 -1.114686
v 3.501614 0.165135 -1.171569
v 3.512492 -0.145513 -1.095569
v 3.518784 -0.087245 -1.157889
v 3.517680 -0.020982 -1.197289
v 3.509828 0.042451 -1.210739
v 3.526375 0.105925 -1.205513
v 3.363282 0.338587 -0.942550
v 3.471042 0.283697 -1.026541
v 3.258166 0.374304 -0.807333
v 3.173023 0.330084 -0.932491
v 3.110692 0.263403 -0.942902
v 3.061756 0.186009 -0.949153
v 3.031567 0.097146 -0.936476
v 3.027971 -0.002473 -0.918220
v 3.056766 -0.100242 -0.907375
v 3.105278 -0.173905 -0.902890
v 3.476356 0.341550 -0.813317
v 3.499762 0.368885 -0.655955
v 3.363497 0.360749 -0.809369
v 3.373442 0.377919 -0.656434
v 3.267331 0.374980 -0.653496
v 3.171422 -0.216788 -0.905459
v 3.746533 -0.250681 -0.976534
v 3.505294 0.104996 -1.200928
v 3.538253 0.044350 -1.217697
v 3.557911 -0.020176 -1.208075
v 3.582399 -0.095256 -1.163221
v 3.592643 -0.160228 -1.087847
v 3.524752 0.165694 -1.178421
v 3.534556 0.224207 -1.125317
v 3.561201 0.274351 -1.051916
v 3.629157 0.343485 -0.828551
v 3.656331 0.372193 -0.669647
v 3.605111 0.389944 -0.486833
v 3.552154 -0.269274 -0.812477
v 3.446271 -0.290469 -0.808229
v 3.339293 -0.299971 -0.800835
v 3.227273 -0.271463 -0.784953
v 3.130015 -0.216540 -0.773783
v 3.067778 -0.148783 -0.772167
v 3.028326 -0.060456 -0.774682
v 3.015131 0.038074 -0.784914
v 3.030635 0.131126 -0.800237
v 3.065294 0.209626 -0.810510
v 3.116213 0.279657 -0.809427
v 3.178900 0.345092 -0.804940
v 3.520306 -0.298953 -0.647368
v 3.410372 -0.319976 -0.643188
v 3.300418 -0.316211 -0.639519
v 3.185457 -0.279230 -0.631055
v 3.087614 -0.215625 -0.626769
v 3.025227 -0.131866 -0.626855
v 2.998467 -0.029050 -0.628192
v 3.010808 0.072300 -0.632791
v 3.049184 0.158879 -0.637336
v 3.093632 0.229025 -0.640251
v 3.142154 0.286562 -0.643021
v 3.195526 0.339373 -0.645462
v 3.723529 0.364683 -0.824459
v 3.823869 0.381666 -0.818862
v 3.906196 0.370585 -0.830686
v 3.829451 0.398722 -0.666577
v 3.905473 0.393554 -0.674667
v 4.288154 0.362588 -0.829018
v 4.379278 0.364318 -0.827617
v 4.807386 0.291627 -0.818938
v 4.728680 0.330567 -0.827066
v 4.569565 0.299419 -0.971381
v 3.993141 0.377244 -0.678023
v 4.654929 0.305211 -0.970148
v 4.091198 0.369641 -0.677703
v 4.184785 0.375431 -0.676133
v 4.271657 0.384698 -0.670493
v 4.355280 0.385042 -0.668663
v 4.442519 0.376168 -0.668674
v 4.528177 0.367083 -0.666389
v 4.620498 0.358047 -0.665874
v 4.712577 0.335114 -0.663630
v 4.797040 0.280534 -0.656908
v 3.738811 0.384682 -0.667799
v 4.882030 0.222419 -0.810572
v 4.874095 0.203928 -0.651195
v 4.921075 0.133326 -0.653156
v 4.937936 0.070736 -0.658995
v 4.941436 0.032782 -0.826184
v 4.933414 0.005720 -0.665463
v 4.923279 -0.029154 -0.832437
v 4.912687 -0.052319 -0.670009
v 4.827296 -0.140336 -0.673488
v 4.757021 -0.183306 -0.677214
v 4.663638 -0.229894 -0.685940
v 4.558529 -0.270819 -0.694302
v 4.562422 -0.252012 -0.855074
v 4.663231 -0.206827 -0.850004
v 4.756771 -0.158546 -0.843121
v 4.831738 -0.118747 -0.837702
v 4.877395 -0.098739 -0.672577
v 4.885519 -0.079436 -0.835433
v 4.442995 -0.285359 -0.857044
v 4.441355 -0.295051 -0.700526
v 4.315956 -0.286809 -0.853972
v 4.930313 0.153754 -0.813373
v 4.943931 0.097344 -0.819109
v 3.644294 -0.265214 -0.820565
v 3.623463 -0.280860 -0.657064
v 4.214433 -0.262885 -0.514538
v 4.127316 -0.274411 -0.695269
v 4.037105 -0.285216 -0.690922
v 3.932940 -0.296468 -0.684970
v 3.827264 -0.297320 -0.678807
v 3.725153 -0.285467 -0.668488
v 4.215055 -0.275064 -0.698113
v 4.318561 -0.290840 -0.701196
v 3.838994 -0.287569 -0.840670
v 3.937390 -0.283506 -0.845109
v 4.032988 -0.270478 -0.846485
v 4.122375 -0.261489 -0.847917
v 3.738577 -0.277262 -0.831108
v 4.211329 -0.267470 -0.850479
v 3.262369 -0.244070 -0.919429
v 3.362773 -0.254496 -0.936713
v 3.658465 -0.229893 -0.974420
v 3.904908 0.353944 -0.974444
v 4.547168 0.334676 -0.828299
v 4.297297 0.347089 -0.973682
v 4.393057 0.354443 -0.967273
v 4.736840 0.313874 -0.967541
v 4.811123 0.290094 -0.960996
v 4.886471 0.235563 -0.955680
v 4.939998 0.172968 -0.957082
v 4.955356 0.118210 -0.958014
v 4.955197 0.050739 -0.961989
v 4.937809 -0.016554 -0.967473
v 4.894804 -0.070278 -0.969195
v 4.831897 -0.107262 -0.971020
v 4.751066 -0.134443 -0.974570
v 4.657496 -0.171202 -0.975014
v 4.556603 -0.215590 -0.974624
v 4.435700 -0.249384 -0.974483
v 4.310452 -0.250375 -0.971492
v 4.212069 -0.231248 -0.972728
v 4.118428 -0.221420 -0.977533
v 4.023098 -0.230694 -0.978476
v 3.937983 -0.249993 -0.980137
v 3.846390 -0.260467 -0.981285
v 3.813169 0.369809 -0.964539
v 3.530320 0.300987 -0.955658
v 3.462269 0.310190 -0.950563
v 3.473141 -0.234751 -0.954753
v 3.474953 -0.190939 -1.036517
v 3.578773 -0.217091 -0.971450
v 3.594865 0.309022 -0.962547
v 4.202509 0.314953 -0.982198
v 4.465684 0.349089 -0.829069
v 4.105100 0.295927 -0.985424
v 4.638101 0.335962 -0.828658
v 4.095791 0.335659 -0.834535
v 4.194005 0.346466 -0.833620
v 3.995592 0.346219 -0.838411
v 3.999584 0.316389 -0.984934
v 4.483245 0.327582 -0.968655
v 4.113673 0.256819 -1.083026
v 4.131645 0.152996 -1.199043
v 4.139789 0.079195 -1.229545
v 4.142983 -0.003487 -1.226737
v 4.120065 -0.136973 -1.117645
v 4.116559 -0.178608 -1.061456
v 4.638510 -0.094174 -1.122595
v 4.625431 -0.050648 -1.185438
v 4.620090 0.005803 -1.228912
v 4.618921 0.076328 -1.250711
v 4.617750 0.142462 -1.242311
v 4.611106 0.190991 -1.195356
v 4.601120 0.227513 -1.132479
v 4.588016 0.265813 -1.063532
v 4.121073 0.211437 -1.146937
v 4.649162 -0.132030 -1.056875
v 4.550693 -0.177016 -1.057432
v 4.431090 -0.214987 -1.061443
v 4.308272 -0.212204 -1.059823
v 4.208942 -0.190186 -1.057523
v 4.134084 -0.083121 -1.181509
v 4.440332 -0.173447 -1.221631
v 4.318567 -0.162739 -1.213123
v 4.208684 -0.107923 -1.193773
v 4.542509 -0.106431 -1.204942
v 4.436709 -0.192594 -1.144719
v 4.313478 -0.185656 -1.138929
v 4.548903 -0.142260 -1.131197
v 4.203024 -0.152088 -1.122372
v 3.664601 -0.193761 -1.085747
v 3.749860 -0.230010 -1.080765
v 4.022560 -0.189657 -1.065694
v 3.847462 -0.242292 -1.078647
v 3.937151 -0.219773 -1.072127
v 3.697512 0.343261 -0.965139
v 4.964683 0.121009 -1.115048
v 4.973382 0.106416 -1.237285
v 4.987341 0.084688 -1.378214
v 5.003308 0.069084 -1.494716
v 5.019795 0.053715 -1.636921
v 5.033067 0.035751 -1.787932
v 5.047924 0.011596 -1.921074
v 5.064710 -0.020016 -2.052563
v 5.075150 -0.055256 -2.189809
v 5.078694 -0.082036 -2.319568
v 5.069137 -0.098181 -2.420594
v 4.964785 -0.107542 -2.489304
v 5.027830 -0.106448 -2.477397
v 4.894306 0.230427 -1.118991
v 4.900671 0.217052 -1.248288
v 4.911670 0.193562 -1.393827
v 4.924314 0.175741 -1.511642
v 4.939131 0.160492 -1.652882
v 4.956840 0.143893 -1.805022
v 4.974698 0.121609 -1.937384
v 4.988095 0.085238 -2.069232
v 4.997701 0.043028 -2.201912
v 5.010157 0.007789 -2.333161
v 5.019417 -0.018023 -2.436780
v 5.023617 -0.053388 -2.478393
v 5.056805 -0.053075 -2.427155
v 5.060497 -0.035823 -2.327300
v 5.055144 -0.005976 -2.200357
v 5.047172 0.030518 -2.064658
v 5.032189 0.063773 -1.931278
v 5.014446 0.088196 -1.797459
v 4.998305 0.105611 -1.645115
v 4.982673 0.120867 -1.503898
v 4.968718 0.137894 -1.386966
v 4.956776 0.160370 -1.241621
v 4.949229 0.174151 -1.116422
v 4.746313 0.280298 -1.125964
v 4.756038 0.245614 -1.254100
v 4.772800 0.210560 -1.392715
v 4.788056 0.185068 -1.516227
v 4.804883 0.166841 -1.659240
v 4.829698 0.153438 -1.813538
v 4.854308 0.134212 -1.946828
v 4.873452 0.096982 -2.072791
v 4.892984 0.052442 -2.200465
v 4.913855 0.007546 -2.340213
v 4.821361 0.253513 -1.252436
v 4.833451 0.226029 -1.394742
v 4.846821 0.204168 -1.515813
v 4.861451 0.186664 -1.657662
v 4.881851 0.171686 -1.810160
v 4.902124 0.151914 -1.942454
v 4.917634 0.113799 -2.069444
v 4.933388 0.067991 -2.197476
v 4.953402 0.027404 -2.335215
v 4.816113 0.274526 -1.122260
v 4.970935 -0.006187 -2.446302
v 4.934721 -0.032829 -2.452099
v 4.970537 -0.049212 -2.489351
v 4.813349 0.283369 -1.051704
v 4.741864 0.297692 -1.053751
v 4.945183 0.178278 -1.052141
v 4.889683 0.235911 -1.051263
v 4.961257 0.124307 -1.051821
v 4.663656 0.278837 -1.059488
v 4.667859 0.250183 -1.130385
v 4.819418 0.263749 -1.194192
v 4.752124 0.261673 -1.197916
v 4.953465 0.167202 -1.184687
v 4.898221 0.223501 -1.189799
v 4.969251 0.113846 -1.182002
v 4.677057 0.220400 -1.197942
v 4.682784 0.188915 -1.249041
v 4.944134 -0.011986 -1.052798
v 4.897859 -0.064952 -1.052811
v 4.827119 -0.099569 -1.053443
v 4.961522 0.055200 -1.051785
v 4.740685 -0.112368 -1.056461
v 4.947662 -0.010554 -1.114260
v 4.899434 -0.061447 -1.113373
v 4.823413 -0.092863 -1.114104
v 4.821538 -0.086108 -1.174896
v 4.901471 -0.058713 -1.176027
v 4.951607 -0.010355 -1.178766
v 4.965121 0.053711 -1.114781
v 4.969658 0.049800 -1.180799
v 4.718001 -0.069151 -1.177397
v 4.728077 -0.092066 -1.119260
v 4.661023 0.073420 -1.287063
v 4.694008 0.064798 -1.382802
v 4.714947 0.055041 -1.504714
v 4.735630 0.047983 -1.644155
v 4.763741 0.037236 -1.801175
v 4.824160 0.243883 -1.304217
v 4.760496 0.232451 -1.302569
v 4.960416 0.152563 -1.296012
v 4.903877 0.209153 -1.302671
v 4.977683 0.098238 -1.290089
v 4.696760 0.165612 -1.297334
v 4.720634 0.148356 -1.389085
v 4.739919 0.129024 -1.511633
v 4.760022 0.117520 -1.654345
v 4.788040 0.106751 -1.810323
v 4.909519 -0.061447 -2.443263
v 4.885271 -0.029987 -2.341393
v 4.859847 0.011798 -2.200523
v 4.837755 0.053116 -2.072599
v 4.814896 0.087374 -1.945884
v 4.872157 -0.081240 -2.335115
v 4.840430 -0.049861 -2.196557
v 4.815428 -0.014926 -2.068694
v 4.910884 -0.102350 -2.447621
v 4.790603 0.016662 -1.941234
v 4.711175 -0.039824 -1.225963
v 4.973842 0.045321 -1.234812
v 4.955043 -0.011515 -1.232203
v 4.903688 -0.057527 -1.230926
v 4.820677 -0.080606 -1.229861
v 4.719587 -0.022648 -1.283526
v 4.824460 -0.078787 -1.286625
v 4.908102 -0.059033 -1.285661
v 4.960044 -0.014455 -1.285499
v 4.979190 0.039559 -1.287284
v 4.972007 -0.021104 -1.371751
v 4.989053 -0.034217 -1.488313
v 5.004585 -0.049077 -1.631432
v 5.016001 -0.065582 -1.779409
v 5.029230 -0.088053 -1.908103
v 5.047067 -0.118359 -2.037013
v 5.058654 -0.147219 -2.176319
v 5.058558 -0.162305 -2.311526
v 5.073304 -0.130848 -2.399769
v 5.079997 -0.123769 -2.313948
v 5.076837 -0.102395 -2.181865
v 5.064603 -0.070079 -2.042596
v 5.047530 -0.039419 -1.912272
v 5.034712 -0.016368 -1.781486
v 5.023147 0.000816 -1.631967
v 5.006875 0.015900 -1.488590
v 4.990344 0.029816 -1.372829
v 4.838398 -0.084659 -1.376669
v 4.858243 -0.097234 -1.497101
v 4.876995 -0.110604 -1.640307
v 4.895591 -0.126202 -1.784582
v 4.914969 -0.149464 -1.910293
v 4.937053 -0.179605 -2.039197
v 4.953678 -0.201217 -2.175073
v 4.960757 -0.202890 -2.310610
v 4.762173 -0.038193 -1.500950
v 4.781634 -0.048785 -1.641087
v 4.805041 -0.063429 -1.792354
v 4.827300 -0.086522 -1.926779
v 4.850145 -0.117652 -2.055223
v 4.872782 -0.143748 -2.186830
v 4.895797 -0.156254 -2.321574
v 4.742437 -0.028534 -1.379273
v 5.019078 -0.194535 -2.310032
v 5.020600 -0.185753 -2.173084
v 5.008496 -0.160388 -2.034971
v 4.987694 -0.130556 -1.906248
v 4.970849 -0.108301 -1.779874
v 4.956461 -0.092476 -1.634761
v 4.939462 -0.078281 -1.491831
v 4.920637 -0.065716 -1.373082
v 4.964552 -0.167010 -2.428617
v 4.916627 -0.151200 -2.419092
v 5.022246 -0.164022 -2.422278
v 5.056882 -0.155198 -2.399676
v 4.400771 0.354340 -1.062790
v 4.407583 0.355469 -1.136005
v 4.410793 0.355276 -1.195876
v 4.519313 0.262559 -1.269082
v 4.423519 0.272780 -1.931426
v 4.425142 0.231956 -2.083017
v 4.416278 0.293805 -1.758869
v 4.408595 0.310098 -1.569841
v 4.407408 0.333227 -1.400474
v 4.423939 0.185193 -2.249192
v 4.425686 0.153034 -2.391850
v 4.430663 0.123744 -2.497419
v 4.437393 0.068113 -2.639011
v 4.445023 0.014344 -2.783640
v 4.501053 0.308398 -1.060100
v 4.302070 0.335419 -1.278848
v 4.524475 0.269158 -1.193140
v 4.517690 0.287256 -1.131405
v 4.588729 0.056078 -1.362643
v 4.589612 0.037990 -1.519229
v 4.603642 0.015581 -1.913966
v 4.594536 -0.009813 -2.064276
v 4.587215 -0.039180 -2.211005
v 4.599963 0.028794 -1.722706
v 4.587438 -0.068903 -2.346404
v 4.587486 -0.094151 -2.461849
v 4.582240 -0.121016 -2.605531
v 4.578379 -0.145344 -2.746421
v 4.561997 -0.073078 -2.756172
v 4.564742 -0.040314 -2.615515
v 4.568616 -0.005649 -2.472249
v 4.568036 0.021978 -2.358682
v 4.568461 0.051867 -2.223294
v 4.575318 0.086971 -2.072083
v 4.582042 0.118090 -1.921445
v 4.577169 0.132467 -1.734992
v 4.570374 0.139301 -1.535524
v 4.594966 0.071077 -1.274503
v 4.508712 0.261255 -1.389063
v 4.200551 0.289218 -1.079414
v 4.298886 0.342683 -1.071244
v 4.195829 0.264626 -1.144691
v 4.200045 0.234391 -1.201633
v 4.310681 0.291681 -1.571632
v 4.319863 0.273479 -1.761307
v 4.327782 0.252797 -1.931191
v 4.332772 0.213395 -2.082250
v 4.334874 0.169653 -2.252043
v 4.337963 0.139070 -2.395576
v 4.343662 0.111939 -2.498095
v 4.354690 0.056606 -2.640371
v 4.369031 -0.001802 -2.788200
v 4.586931 0.147276 -1.274948
v 4.299735 0.341574 -1.142554
v 4.300761 0.339906 -1.201859
v 4.304312 0.318218 -1.402496
v 4.518610 -0.013686 -2.770343
v 4.514528 0.078836 -2.485588
v 4.511074 0.140317 -2.239213
v 4.516380 0.222393 -1.928314
v 4.504466 0.250424 -1.555725
v 4.516352 0.030997 -2.627943
v 4.511623 0.108813 -2.377406
v 4.514618 0.183974 -2.079889
v 4.510091 0.240552 -1.749243
v 4.574591 0.148029 -1.375611
v 4.410158 0.349845 -1.274908
v 4.530556 -0.090476 -1.271097
v 4.522356 -0.098894 -1.363391
v 4.524663 -0.109843 -1.517799
v 4.534967 -0.119488 -1.719644
v 4.541197 -0.129868 -1.910643
v 4.540099 -0.140739 -2.060835
v 4.538460 -0.158117 -2.207492
v 4.540298 -0.178146 -2.342363
v 4.542579 -0.197129 -2.456308
v 4.542682 -0.224233 -2.601184
v 4.544041 -0.250088 -2.743754
v 4.568596 -0.206852 -2.743087
v 4.570573 -0.181795 -2.601368
v 4.574299 -0.153838 -2.457192
v 4.574025 -0.131267 -2.343319
v 4.573844 -0.105425 -2.208329
v 4.579948 -0.080827 -2.062618
v 4.587585 -0.062037 -1.911556
v 4.584094 -0.049688 -1.719359
v 4.573983 -0.039470 -1.516507
v 4.574163 -0.020636 -1.359020
v 4.584667 -0.000747 -1.266324
v 4.322479 -0.145690 -1.278596
v 4.327668 -0.136734 -1.362933
v 4.336530 -0.141214 -1.514810
v 4.348309 -0.154269 -1.717330
v 4.359612 -0.168327 -1.901391
v 4.370717 -0.182784 -2.053218
v 4.381727 -0.200087 -2.204759
v 4.390850 -0.217614 -2.340158
v 4.397749 -0.235372 -2.453959
v 4.406512 -0.264190 -2.603389
v 4.415761 -0.293769 -2.751237
v 4.499206 -0.284310 -2.744344
v 4.495482 -0.258097 -2.600635
v 4.491463 -0.232347 -2.454949
v 4.486317 -0.215557 -2.341285
v 4.480026 -0.199123 -2.207204
v 4.474268 -0.184307 -2.057580
v 4.468077 -0.173690 -1.906970
v 4.458552 -0.163266 -1.717120
v 4.447123 -0.154400 -1.514531
v 4.439569 -0.151446 -1.365883
v 4.438462 -0.158757 -1.281963
v 4.180792 0.014024 -1.277385
v 4.196062 0.028782 -1.376337
v 4.206376 0.027710 -1.536754
v 4.213160 0.015852 -1.737677
v 4.223446 -0.002700 -1.912626
v 4.239764 -0.026784 -2.062866
v 4.252418 -0.051015 -2.220597
v 4.260051 -0.074188 -2.359814
v 4.267715 -0.097412 -2.469589
v 4.281779 -0.132215 -2.613523
v 4.298413 -0.169715 -2.756701
v 4.222151 0.232932 -1.393018
v 4.238443 0.221906 -1.559717
v 4.250144 0.207869 -1.755597
v 4.259116 0.189682 -1.927360
v 4.270130 0.155666 -2.078116
v 4.278477 0.118992 -2.246963
v 4.283410 0.090058 -2.388205
v 4.290028 0.063603 -2.489478
v 4.305615 0.012336 -2.632700
v 4.324980 -0.043585 -2.782365
v 4.209027 0.225566 -1.275470
v 4.301816 -0.094645 -2.770101
v 4.283198 -0.047651 -2.624013
v 4.267082 -0.004008 -2.480410
v 4.259742 0.021756 -2.374997
v 4.253407 0.049074 -2.236246
v 4.241129 0.081173 -2.072438
v 4.225772 0.111196 -1.921163
v 4.216368 0.127513 -1.746801
v 4.206785 0.134360 -1.547714
v 4.190484 0.126827 -1.385232
v 4.172803 0.099661 -1.277474
v 4.453537 -0.039400 -2.924200
v 4.459438 -0.108354 -3.039743
v 4.332809 -0.250901 -2.754123
v 4.318208 -0.217370 -2.606962
v 4.306105 -0.185431 -2.458787
v 4.298651 -0.165369 -2.346081
v 4.290090 -0.146124 -2.206819
v 4.277839 -0.127967 -2.053154
v 4.262977 -0.110659 -1.902545
v 4.251260 -0.091943 -1.725554
v 4.241997 -0.073831 -1.522342
v 4.233366 -0.064968 -1.364092
v 4.222925 -0.074245 -1.272822
v 4.425230 -0.305122 -2.896973
v 4.440523 -0.281314 -3.019107
v 4.452906 -0.229110 -3.064012
v 4.381952 -0.166566 -3.047534
v 4.376487 -0.223321 -3.038074
v 4.405186 -0.102733 -3.033916
v 4.387553 -0.053449 -2.930365
v 4.352500 -0.088700 -2.929994
v 4.385339 -0.123154 -3.036919
v 4.457714 -0.171893 -3.072553
v 4.377563 -0.265682 -3.014050
v 4.325916 -0.202395 -2.911570
v 4.330866 -0.136625 -2.923927
v 4.351006 -0.268175 -2.902714
v 4.516902 -0.111296 -3.023297
v 4.521955 -0.061886 -2.913103
v 4.529372 -0.158163 -3.034446
v 4.558821 -0.113730 -2.904104
v 4.532427 -0.215594 -3.027370
v 4.571676 -0.177049 -2.896573
v 4.536202 -0.253246 -3.006271
v 4.561757 -0.232842 -2.891226
v 4.499073 -0.291415 -3.002185
v 4.521697 -0.277214 -3.001831
v 4.539191 -0.272065 -2.889445
v 4.501253 -0.300190 -2.890519
v 3.805795 0.364370 -1.069508
v 3.803397 0.360522 -1.140027
v 3.803042 0.354764 -1.197364
v 3.804305 0.333488 -1.354646
v 3.802625 0.307890 -1.571251
v 3.794514 0.272709 -1.818835
v 3.780566 0.231696 -2.042955
v 3.768312 0.181751 -2.255471
v 3.758610 0.137746 -2.464384
v 3.751244 0.107967 -2.643753
v 3.749219 0.075674 -2.763484
v 3.748610 0.033832 -2.884982
v 3.745569 -0.051359 -3.113811
v 3.668272 0.320656 -1.064384
v 3.648500 0.291879 -1.137783
v 3.641833 0.259698 -1.192111
v 3.670148 -0.046024 -3.052611
v 3.659228 0.011774 -2.876287
v 3.658136 0.048289 -2.756866
v 3.695224 0.230710 -1.568821
v 3.693531 0.213856 -1.814568
v 3.680132 0.184085 -2.035662
v 3.673276 0.142078 -2.249329
v 3.669311 0.103303 -2.460347
v 3.661446 0.075681 -2.637400
v 3.647978 0.243550 -1.236756
v 3.901525 0.335963 -1.200219
v 3.901181 0.342618 -1.142200
v 3.902050 0.347862 -1.071182
v 4.007826 0.293211 -1.077181
v 4.017845 0.266337 -1.146479
v 4.024068 0.233135 -1.200806
v 3.999855 0.202146 -1.350322
v 3.976846 0.180451 -1.562827
v 3.965985 0.150800 -1.809628
v 3.955864 0.122111 -2.032541
v 3.937291 0.084806 -2.247349
v 3.913277 0.047336 -2.464605
v 3.898560 0.023151 -2.647867
v 3.892436 0.002797 -2.766079
v 3.886569 -0.028709 -2.887197
v 3.870274 -0.099552 -3.111595
v 3.818328 -0.055784 -3.119053
v 3.827433 0.024051 -2.888187
v 3.831717 0.064822 -2.765540
v 3.836059 0.096095 -2.646035
v 3.846365 0.128041 -2.463254
v 3.860621 0.171657 -2.250542
v 3.874598 0.217180 -2.037220
v 3.886921 0.255513 -1.813789
v 3.893705 0.292062 -1.566931
v 3.901436 0.329632 -1.247992
v 3.587467 0.051133 -1.353289
v 3.615254 0.062943 -1.565605
v 3.616608 0.068853 -1.806048
v 3.608678 0.058464 -2.022901
v 3.605254 0.036290 -2.237131
v 3.603750 0.008138 -2.449680
v 3.597593 -0.017973 -2.626007
v 3.592615 -0.038539 -2.746979
v 3.596507 -0.066466 -2.870155
v 3.630667 -0.123850 -3.105917
v 3.645625 -0.090233 -3.104191
v 3.630641 0.126916 -1.565165
v 3.634955 0.129458 -1.807378
v 3.624866 0.114415 -2.024802
v 3.622833 0.086670 -2.239446
v 3.622902 0.055447 -2.452752
v 3.615331 0.027902 -2.628802
v 3.610535 0.004321 -2.749171
v 3.589710 0.116345 -1.347034
v 3.613060 -0.028002 -2.871751
v 4.060381 -0.012682 -1.337785
v 4.013010 -0.029065 -1.548498
v 3.994609 -0.055116 -1.804045
v 3.982227 -0.079657 -2.028237
v 3.957419 -0.105330 -2.244559
v 3.930245 -0.129151 -2.461776
v 3.917346 -0.145473 -2.638527
v 3.913281 -0.157389 -2.758487
v 3.913105 -0.177668 -2.879593
v 3.896426 -0.207485 -3.100347
v 3.926300 -0.099139 -2.883944
v 3.930351 -0.076480 -2.765810
v 3.934422 -0.064634 -2.646938
v 3.949141 -0.048381 -2.464616
v 3.979042 -0.021514 -2.247222
v 4.002035 0.006753 -2.033098
v 4.010712 0.030925 -1.808804
v 4.026866 0.056156 -1.557255
v 4.068366 0.073764 -1.347340
v 3.910910 -0.138627 -3.054691
v 3.658242 -0.152290 -1.168729
v 3.754008 -0.216644 -1.162791
v 3.848027 -0.230988 -1.156678
v 3.938537 -0.198462 -1.146219
v 4.033406 -0.154229 -1.129357
v 3.655706 -0.120689 -1.234934
v 3.756521 -0.206203 -1.224478
v 3.847097 -0.219403 -1.218786
v 3.938347 -0.181346 -1.209755
v 4.042833 -0.120079 -1.189528
v 3.290368 0.365818 -0.462383
v 4.105842 0.078371 -1.248842
v 4.104422 -0.010684 -1.241844
v 3.549159 0.109782 -1.237155
v 3.558710 0.045403 -1.249873
v 3.897647 0.317294 -1.353518
v 4.022110 0.211236 -1.245209
v 3.672020 0.239044 -1.348719
v 3.803623 0.348461 -1.246280
v 3.584199 -0.019295 -1.248049
v 3.870439 -0.263767 -3.095263
v 3.877556 -0.241860 -2.872922
v 3.873288 -0.222019 -2.748914
v 3.878134 -0.210562 -2.628100
v 3.890332 -0.194548 -2.456189
v 3.912941 -0.168507 -2.237650
v 3.936029 -0.143138 -2.018925
v 3.951876 -0.126147 -1.797075
v 3.971174 -0.106895 -1.541204
v 4.039816 -0.100300 -1.241660
v 4.008200 -0.096128 -1.333399
v 3.839351 -0.198260 -1.324153
v 3.827078 -0.184405 -1.539412
v 3.814998 -0.179559 -1.791614
v 3.801772 -0.178851 -2.009181
v 3.788644 -0.199947 -2.225636
v 3.778033 -0.227587 -2.441176
v 3.771318 -0.244284 -2.619463
v 3.777295 -0.277550 -2.874076
v 3.777857 -0.295548 -3.094450
v 3.770378 -0.255944 -2.746605
v 3.838645 -0.285774 -3.093365
v 3.840121 -0.264844 -2.873110
v 3.833607 -0.244311 -2.747660
v 3.837182 -0.233916 -2.622505
v 3.847330 -0.219224 -2.446436
v 3.862155 -0.193253 -2.229648
v 3.877892 -0.170838 -2.012796
v 3.891073 -0.164511 -1.792577
v 3.906121 -0.159079 -1.537045
v 3.936933 -0.157446 -1.310399
v 3.706479 -0.288138 -3.095945
v 3.702753 -0.273216 -2.875414
v 3.697040 -0.251086 -2.747719
v 3.697102 -0.235925 -2.622414
v 3.702381 -0.214524 -2.443969
v 3.713710 -0.185409 -2.226487
v 3.726734 -0.164631 -2.009060
v 3.740197 -0.166281 -1.791651
v 3.752061 -0.174014 -1.541133
v 3.756636 -0.188237 -1.327971
v 3.656925 -0.255456 -3.099824
v 3.640871 -0.236872 -2.878401
v 3.635538 -0.213189 -2.751444
v 3.637769 -0.194207 -2.627100
v 3.643238 -0.167218 -2.447708
v 3.650319 -0.136670 -2.230470
v 3.658038 -0.114408 -2.013003
v 3.666541 -0.109655 -1.793333
v 3.672436 -0.111194 -1.545425
v 3.620765 -0.013607 -1.558197
v 3.619851 -0.013272 -1.801117
v 3.613133 -0.023012 -2.019598
v 3.608378 -0.045848 -2.235020
v 3.605426 -0.075883 -2.449048
v 3.599977 -0.103589 -2.627175
v 3.595906 -0.123066 -2.749556
v 3.600928 -0.148347 -2.874899
v 3.630384 -0.187629 -3.104746
v 3.666960 -0.113005 -1.337445
v 3.604666 -0.015445 -1.349761
v 3.770560 -0.277940 -3.270176
v 3.752123 -0.150832 -3.293622
v 3.764621 -0.223565 -3.310562
v 3.825375 -0.281266 -3.258171
v 3.844582 -0.267219 -3.262092
v 3.845665 -0.224631 -3.280081
v 3.843218 -0.164504 -3.278579
v 3.811944 -0.136110 -3.285105
v 3.688917 -0.150054 -3.282346
v 3.676405 -0.170977 -3.283427
v 3.685255 -0.215860 -3.285610
v 3.684687 -0.257213 -3.263438
v 3.711355 -0.278097 -3.259397
v 3.404247 0.272425 -1.117871
v 3.262659 0.320528 -1.119940
v 3.173333 0.299868 -1.119430
v 3.114000 0.248521 -1.123533
v 3.068983 0.170694 -1.126810
v 3.044436 0.074228 -1.125261
v 3.048218 -0.023198 -1.119273
v 3.081614 -0.116323 -1.110931
v 3.129945 -0.177947 -1.106190
v 3.183812 -0.203761 -1.107827
v 3.256413 -0.210959 -1.113203
v 3.384758 -0.177506 -1.110271
v 3.260568 0.336771 -1.029973
v 3.176186 0.310070 -1.030644
v 3.118563 0.253094 -1.038872
v 3.070355 0.173146 -1.044929
v 3.041957 0.077578 -1.038724
v 3.042524 -0.021643 -1.027301
v 3.074699 -0.118745 -1.017400
v 3.123520 -0.183038 -1.011734
v 3.184333 -0.210830 -1.014725
v 3.263761 -0.221736 -1.025193
v 3.372889 -0.210309 -1.033333
v 3.384001 0.310399 -1.035549
v 3.391697 -0.144587 -1.168391
v 3.258898 -0.202034 -1.172969
v 3.188502 -0.199982 -1.172116
v 3.134887 -0.176449 -1.172833
v 3.083916 -0.115106 -1.177545
v 3.047674 -0.021646 -1.186705
v 3.041551 0.075847 -1.192507
v 3.063218 0.168123 -1.191958
v 3.105979 0.241992 -1.186634
v 3.167887 0.293390 -1.181975
v 3.261499 0.310823 -1.183892
v 3.404044 0.237507 -1.180892
v 3.462853 0.038451 -1.271044
v 3.416454 0.034437 -1.440110
v 3.395757 0.033602 -1.655722
v 3.372482 0.022950 -1.872719
v 3.338945 -0.003620 -2.060844
v 3.304994 -0.038836 -2.220890
v 3.279073 -0.074980 -2.402969
v 3.267721 -0.102149 -2.565992
v 3.252020 -0.160258 -2.775574
v 3.383960 0.210097 -1.268586
v 3.350913 0.187678 -1.445000
v 3.326394 0.167502 -1.661916
v 3.305313 0.142617 -1.885080
v 3.280056 0.107578 -2.073752
v 3.251935 0.067899 -2.230248
v 3.232257 0.032888 -2.406618
v 3.224309 0.004873 -2.568232
v 3.219760 -0.061034 -2.781691
v 3.245063 -0.107616 -2.778378
v 3.256525 -0.045496 -2.566360
v 3.267447 -0.019318 -2.405988
v 3.293221 0.015649 -2.227139
v 3.328035 0.049772 -2.066381
v 3.362160 0.075513 -1.877177
v 3.387975 0.087381 -1.657970
v 3.412693 0.089030 -1.441378
v 3.460034 0.098679 -1.267246
v 3.407042 -0.025761 -1.438042
v 3.388568 -0.028540 -1.653307
v 3.366462 -0.039594 -1.868882
v 3.334515 -0.064656 -2.053573
v 3.302560 -0.098258 -2.212857
v 3.276620 -0.134751 -2.399468
v 3.265557 -0.162728 -2.564577
v 3.248834 -0.212707 -2.772007
v 3.344295 -0.109918 -1.436726
v 3.327759 -0.106880 -1.652304
v 3.306717 -0.114956 -1.863204
v 3.282990 -0.135092 -2.041238
v 3.259516 -0.167141 -2.201813
v 3.237562 -0.203807 -2.393460
v 3.229664 -0.229814 -2.559160
v 3.218836 -0.268781 -2.764913
v 3.456789 -0.023971 -1.263350
v 3.374762 -0.119230 -1.257965
v 3.247139 -0.172689 -1.434812
v 3.230436 -0.163483 -1.650660
v 3.212286 -0.166901 -1.856326
v 3.197266 -0.185863 -2.027843
v 3.182570 -0.220744 -2.191465
v 3.167315 -0.257253 -2.388725
v 3.162567 -0.280994 -2.553705
v 3.158058 -0.313771 -2.759008
v 3.257904 -0.188722 -1.258758
v 3.155838 -0.165073 -1.648635
v 3.138697 -0.167025 -1.853399
v 3.125509 -0.187680 -2.023227
v 3.114805 -0.226346 -2.189003
v 3.104900 -0.264788 -2.390726
v 3.101607 -0.288887 -2.555783
v 3.099891 -0.321678 -2.758551
v 3.175143 -0.175190 -1.432388
v 3.187886 -0.189630 -1.257915
v 3.162479 0.284229 -1.275369
v 3.148047 0.260526 -1.450244
v 3.129367 0.222968 -1.663681
v 3.113419 0.186578 -1.890264
v 3.093057 0.141419 -2.076685
v 3.073667 0.094401 -2.229459
v 3.062763 0.066089 -2.407928
v 3.057873 0.032592 -2.575204
v 3.060841 -0.050866 -2.788279
v 3.148103 -0.037040 -2.785029
v 3.146921 0.038676 -2.572270
v 3.151859 0.072327 -2.407071
v 3.164061 0.105882 -2.229962
v 3.184252 0.152423 -2.078250
v 3.202374 0.196160 -1.891011
v 3.218448 0.232724 -1.664063
v 3.239362 0.269839 -1.448867
v 3.255412 0.297189 -1.274961
v 3.019994 0.062657 -1.436942
v 3.007549 0.045924 -1.659159
v 2.998573 0.021895 -1.875538
v 2.988109 -0.009358 -2.056582
v 2.974980 -0.043004 -2.217596
v 2.963953 -0.069275 -2.409509
v 2.962497 -0.088765 -2.578075
v 2.977430 -0.135415 -2.783417
v 2.980761 -0.088524 -2.734068
v 2.973568 -0.044062 -2.573584
v 2.977388 -0.019779 -2.407574
v 2.989001 0.008321 -2.221782
v 3.004088 0.046949 -2.063391
v 3.016532 0.084522 -1.879414
v 3.026476 0.116738 -1.657883
v 3.040090 0.145246 -1.438842
v 3.083864 0.213752 -1.446195
v 3.067670 0.180088 -1.661320
v 3.054860 0.144170 -1.885861
v 3.037465 0.099986 -2.071707
v 3.019464 0.055843 -2.227395
v 3.007989 0.028400 -2.407793
v 3.002691 0.000083 -2.575251
v 3.007339 -0.079049 -2.786739
v 3.054782 0.161880 -1.271714
v 3.098969 0.234412 -1.273974
v 3.033846 0.071615 -1.269329
v 3.029413 -0.026100 -1.435144
v 3.015418 -0.029598 -1.657475
v 3.006142 -0.045325 -1.870687
v 2.996419 -0.072538 -2.045647
v 2.982564 -0.103174 -2.206917
v 2.971131 -0.131865 -2.406603
v 2.969707 -0.150454 -2.576352
v 2.983017 -0.194601 -2.780380
v 3.068976 -0.105057 -1.431054
v 3.051459 -0.100845 -1.652520
v 3.040251 -0.110005 -1.863700
v 3.030404 -0.134404 -2.034186
v 3.016469 -0.167674 -2.195567
v 3.006327 -0.203547 -2.399205
v 3.004166 -0.225932 -2.567862
v 3.011523 -0.262747 -2.769022
v 3.081836 -0.110816 -1.258849
v 3.120976 -0.153852 -1.430644
v 3.101390 -0.144659 -1.649765
v 3.086107 -0.148335 -1.856721
v 3.074360 -0.170506 -2.026870
v 3.063610 -0.208719 -2.190867
v 3.055697 -0.247956 -2.394225
v 3.053395 -0.272016 -2.561419
v 3.054592 -0.303948 -2.761816
v 3.134064 -0.167102 -1.256930
v 3.042597 -0.023656 -1.264808
v 3.136585 -0.306951 -2.953066
v 3.122235 -0.218757 -3.007372
v 3.137772 -0.127057 -2.970688
v 3.206618 -0.126358 -2.952155
v 3.220725 -0.156763 -2.949252
v 3.210089 -0.209641 -2.961789
v 3.196606 -0.289446 -2.936972
v 3.215635 -0.257016 -2.941894
v 3.087465 -0.324801 -2.934606
v 3.057637 -0.313096 -2.935326
v 3.032539 -0.287873 -2.941299
v 3.027884 -0.228622 -2.967350
v 3.012545 -0.173064 -2.956080
v 3.027439 -0.149567 -2.956739
v 3.064080 -0.129236 -2.957921
v 3.061423 -0.344818 -0.092972
v 3.086840 -0.385902 0.039216
v 3.102654 -0.419117 0.204237
v 3.105957 -0.435126 0.413372
v 3.102577 -0.423344 0.595931
v 3.088373 -0.375309 0.734251
v 3.048912 -0.275138 0.849534
v 3.009661 -0.122957 0.908596
v 2.997979 0.018417 0.900509
v 3.001195 0.127606 0.822844
v 3.017705 0.216596 0.657110
v 3.026553 0.256790 0.408720
v 3.030523 0.241924 0.106169
v 3.046037 0.198220 -0.187947
v 3.037994 -0.282159 -0.258273
v 2.388235 -0.134698 -1.170944
v 2.474426 -0.128846 -1.108626
v 2.534099 -0.124430 -1.000972
v 2.553264 -0.122800 -0.896053
v 2.553026 -0.121657 -0.765972
v 2.574271 -0.123648 -0.632630
v 2.633652 -0.131073 -0.489971
v 2.735278 -0.138061 -0.347191
v 2.395434 -0.050011 -1.169768
v 2.479111 -0.037458 -1.109954
v 2.537950 -0.022240 -1.003558
v 2.556614 -0.012374 -0.896621
v 2.559090 -0.011855 -0.765680
v 2.584974 -0.014645 -0.633670
v 2.642679 -0.017693 -0.507249
v 2.735713 -0.027881 -0.373157
v 2.864378 -0.018007 -0.349159
v 2.872647 -0.136057 -0.340058
v 2.929770 0.106905 -0.270075
v 2.882808 -0.236097 -0.239586
v 2.832515 0.126453 -0.135371
v 2.867111 -0.342037 0.023773
v 2.848182 -0.358422 0.161032
v 2.811108 -0.349823 0.306858
v 2.782623 -0.321960 0.419935
v 2.764971 -0.278375 0.495386
v 2.741545 -0.201301 0.550384
v 2.725604 -0.089327 0.574707
v 2.726733 0.004865 0.569648
v 2.739714 0.073393 0.535182
v 2.766914 0.138358 0.460358
v 2.793103 0.183225 0.323401
v 2.827510 0.186766 0.093476
v 2.873886 -0.304913 -0.098556
v 2.711356 -0.219683 -0.273433
v 2.368238 -0.205576 -1.133324
v 2.433195 -0.208884 -1.079800
v 2.476658 -0.217207 -0.980988
v 2.491820 -0.220634 -0.878447
v 2.495354 -0.214169 -0.746806
v 2.518272 -0.210148 -0.604020
v 2.583468 -0.213164 -0.439064
v 2.457927 0.020825 -1.079798
v 2.570441 0.086481 -0.439863
v 2.519354 0.084997 -0.580102
v 2.493302 0.082029 -0.730539
v 2.488605 0.069265 -0.875462
v 2.481678 0.047365 -0.989667
v 2.686193 0.090224 -0.270091
v 2.375989 -0.242709 -1.060774
v 2.410108 -0.267997 -0.863847
v 2.414226 -0.266760 -0.726295
v 2.437144 -0.260736 -0.570670
v 2.512238 -0.257352 -0.383695
v 2.401351 -0.260280 -0.963187
v 2.671262 -0.272517 -0.185290
v 2.336185 -0.054968 -1.171717
v 2.331348 -0.135599 -1.174665
v 2.320477 -0.204523 -1.141858
v 2.323895 -0.250136 -1.059407
v 2.336474 -0.274559 -0.956419
v 2.336761 -0.283191 -0.859098
v 2.337506 -0.283388 -0.713720
v 2.360656 -0.274678 -0.542333
v 2.442776 -0.268636 -0.337065
v 2.379764 -0.256355 -0.295125
v 2.295944 -0.261615 -0.519770
v 2.273492 -0.274083 -0.707341
v 2.276009 -0.278279 -0.856308
v 2.282934 -0.271733 -0.952491
v 2.287920 -0.245908 -1.056029
v 2.297191 -0.200082 -1.135171
v 2.307251 -0.134117 -1.159932
v 2.310239 -0.060999 -1.154766
v 2.578069 -0.287146 -0.021287
v 2.626592 -0.292414 -0.103187
v 2.502785 -0.224641 0.100127
v 2.482575 -0.180545 0.131333
v 2.469976 -0.125606 0.150669
v 2.465952 -0.059284 0.156190
v 2.472400 -0.002719 0.148905
v 2.486750 0.044121 0.133833
v 2.512795 0.093499 0.103668
v 2.549387 0.137299 0.044531
v 2.533918 -0.262576 0.050425
v 2.606722 0.148763 -0.082365
v 2.300897 -0.187242 -0.245452
v 2.280554 -0.141192 -0.233836
v 2.272468 -0.098012 -0.227543
v 2.271990 -0.055506 -0.225892
v 2.280544 -0.012653 -0.230327
v 2.302453 0.037232 -0.240425
v 2.339508 0.090552 -0.260735
v 2.389386 0.131056 -0.294509
v 2.461196 0.135861 -0.345104
v 2.332286 -0.228468 -0.263818
v 2.302536 0.002419 -1.085030
v 2.338636 0.023099 -1.098991
v 2.397527 0.026687 -1.099772
v 2.270991 0.088350 -0.493989
v 2.250646 0.087928 -0.665771
v 2.255441 0.074338 -0.831410
v 2.281099 0.049009 -0.966661
v 2.324437 0.128552 -0.509063
v 2.306874 0.121453 -0.676705
v 2.309797 0.103361 -0.838413
v 2.328495 0.077919 -0.974621
v 2.399166 0.080640 -0.980421
v 2.391267 0.109125 -0.851653
v 2.392065 0.127896 -0.694014
v 2.409115 0.134330 -0.527263
v 2.281280 -0.193633 -1.124071
v 2.244024 -0.246908 -0.951890
v 2.230268 -0.253920 -0.856847
v 2.225307 -0.246988 -0.706367
v 2.263405 -0.222033 -1.054633
v 2.247437 -0.232563 -0.506056
v 2.217257 -0.114282 -0.955494
v 2.182449 -0.115091 -0.857904
v 2.175619 -0.110979 -0.708364
v 2.214645 0.039013 -0.670455
v 2.219084 0.030084 -0.835636
v 2.250094 0.005290 -0.960867
v 2.282105 -0.122260 -1.130772
v 2.281079 -0.086930 -1.125027
v 2.254260 -0.082584 -1.058486
v 2.252374 -0.181847 -1.058458
v 2.201087 -0.202908 -0.858737
v 2.194189 -0.197651 -0.708543
v 2.248501 -0.146259 -1.059717
v 2.276013 -0.172249 -1.124356
v 2.224810 -0.196389 -0.956520
v 2.218493 -0.187959 -0.502236
v 2.217667 -0.148427 -0.957842
v 2.185723 -0.150413 -0.858830
v 2.249687 -0.113414 -1.057472
v 2.177925 -0.146452 -0.709144
v 2.273967 -0.152988 -1.124328
v 2.202997 -0.141236 -0.500178
v 2.199108 -0.103448 -0.497660
v 2.279073 -0.027373 -1.071718
v 2.263100 -0.055748 -1.064242
v 2.220767 -0.078923 -0.955115
v 2.230467 -0.038890 -0.957573
v 2.185074 -0.074307 -0.855617
v 2.195507 -0.023217 -0.847774
v 2.180062 -0.067585 -0.701033
v 2.191686 -0.015151 -0.685730
v 2.286257 -0.072135 -1.128724
v 2.295708 -0.059261 -1.135137
v 2.213068 -0.016276 -0.484896
v 2.202134 -0.061746 -0.491134
v 2.235297 0.034472 -0.485771
v 3.201297 0.296682 -0.199720
v 3.264882 0.334124 -0.215310
v 3.331646 0.369793 -0.230066
v 3.407337 0.394162 -0.244634
v 3.514159 0.404393 -0.259778
v 3.612433 0.411781 -0.271811
v 3.678762 0.419691 -0.278183
v 3.755636 0.429335 -0.283192
v 3.836275 0.434153 -0.287268
v 3.915260 0.429411 -0.291252
v 3.995286 0.421672 -0.295180
v 4.081739 0.420088 -0.299010
v 4.164050 0.425407 -0.302382
v 4.242160 0.430345 -0.305809
v 4.324699 0.427468 -0.307651
v 4.413141 0.413235 -0.309733
v 4.503161 0.391029 -0.312328
v 4.578743 0.361684 -0.311280
v 4.654023 0.315118 -0.309344
v 4.746707 0.249130 -0.311678
v 4.837020 0.178943 -0.315505
v 4.896259 0.115750 -0.317787
v 4.926603 0.055602 -0.319967
v 4.935472 -0.008487 -0.321829
v 4.923553 -0.072797 -0.324840
v 4.889137 -0.133679 -0.328099
v 4.830209 -0.189721 -0.329600
v 4.751479 -0.234640 -0.330360
v 4.653944 -0.266205 -0.331464
v 4.549088 -0.280695 -0.333089
v 4.432686 -0.274589 -0.332828
v 4.303647 -0.261617 -0.332810
v 4.204611 -0.257055 -0.333990
v 4.125463 -0.259955 -0.334625
v 4.040864 -0.264520 -0.334724
v 3.937951 -0.266798 -0.332918
v 3.820353 -0.264999 -0.329806
v 3.710148 -0.267068 -0.326517
v 3.601590 -0.287483 -0.324109
v 3.493595 -0.318471 -0.318656
v 3.389130 -0.339023 -0.307049
v 3.280149 -0.344323 -0.285232
v 3.135922 0.252871 -0.184547
v 3.229490 0.317776 0.083933
v 3.297586 0.349603 0.072083
v 3.370906 0.378732 0.062182
v 3.446730 0.398612 0.051642
v 3.543133 0.412151 0.038858
v 3.637118 0.423115 0.028848
v 3.706024 0.430140 0.023634
v 3.778111 0.434743 0.019804
v 3.853070 0.436031 0.016573
v 3.931664 0.434680 0.012931
v 4.010170 0.433139 0.009034
v 4.093533 0.433925 0.005947
v 4.169446 0.435173 0.003295
v 4.243490 0.430094 0.001385
v 4.331318 0.415853 -0.000119
v 4.421937 0.392777 -0.000456
v 4.509826 0.362079 -0.002497
v 4.578744 0.326990 -0.006968
v 4.642611 0.282112 -0.009915
v 4.727060 0.223010 -0.015505
v 4.818130 0.157400 -0.023887
v 4.881634 0.095281 -0.031614
v 4.911739 0.041392 -0.038553
v 4.921616 -0.015826 -0.045445
v 4.913962 -0.081927 -0.055394
v 4.884707 -0.148117 -0.065672
v 4.827818 -0.212537 -0.072031
v 4.745729 -0.266667 -0.076776
v 4.644314 -0.299361 -0.082545
v 4.542993 -0.308026 -0.087914
v 4.428250 -0.295182 -0.091598
v 4.291685 -0.277161 -0.093972
v 4.188007 -0.269972 -0.097341
v 4.111492 -0.271698 -0.102517
v 4.034355 -0.274920 -0.106232
v 3.932377 -0.276886 -0.108215
v 3.813485 -0.279742 -0.109413
v 3.706048 -0.289622 -0.110878
v 3.597957 -0.311793 -0.115900
v 3.488024 -0.343805 -0.119764
v 3.386448 -0.372085 -0.120271
v 3.291122 -0.384182 -0.115036
v 3.156027 0.285424 0.096915
v 3.188808 0.263620 0.712361
v 3.189385 0.167949 0.941580
v 3.189083 0.036862 1.055674
v 3.206733 -0.133098 1.075129
v 3.271068 -0.305500 0.993498
v 3.331218 -0.419830 0.835400
v 3.345551 -0.469475 0.653569
v 3.317351 -0.468642 0.429815
v 3.196153 -0.376786 -0.102412
v 3.265527 -0.439978 0.196763
v 3.226609 -0.409045 0.031775
v 3.288066 0.293745 0.716534
v 3.287781 0.197400 0.978419
v 3.267197 0.053376 1.113530
v 3.281421 -0.136086 1.130573
v 3.358734 -0.320158 1.032467
v 3.427644 -0.434228 0.857299
v 3.442195 -0.480439 0.661529
v 3.403864 -0.471613 0.419502
v 3.344060 -0.438229 0.183422
v 3.260464 0.327932 0.402529
v 3.372090 0.231094 1.008836
v 3.368530 0.320065 0.718485
v 3.331692 0.352292 0.391890
v 3.458759 0.274490 1.016044
v 3.446953 0.346372 0.717245
v 3.408082 0.376239 0.384009
v 3.630687 0.345116 1.004216
v 3.608484 0.391287 0.701412
v 3.575841 0.410799 0.367460
v 3.485257 0.395465 0.376676
v 3.524546 0.370555 0.710945
v 3.547543 0.315673 1.011108
v 3.709188 0.366509 0.998502
v 3.691227 0.407234 0.694292
v 3.665614 0.422460 0.360103
v 3.733373 0.429204 0.356627
v 3.801419 0.434393 0.354997
v 3.871671 0.438367 0.354419
v 3.946445 0.440744 0.354061
v 4.021763 0.441033 0.352899
v 4.100124 0.437665 0.353794
v 4.170476 0.431584 0.355633
v 4.241117 0.420281 0.357476
v 4.238755 0.396612 0.686464
v 4.173201 0.409911 0.686357
v 4.107079 0.418517 0.686623
v 4.030067 0.425083 0.688499
v 3.955193 0.427378 0.691043
v 3.884784 0.426350 0.691396
v 3.819959 0.422535 0.691244
v 3.756318 0.416476 0.691620
v 3.773880 0.379213 0.995856
v 3.834964 0.386660 0.995689
v 3.897084 0.390343 0.995451
v 3.967590 0.390045 0.993226
v 4.041984 0.385357 0.987829
v 4.115475 0.375871 0.980651
v 4.179563 0.364420 0.974992
v 4.241801 0.349274 0.969868
v 4.321820 0.323987 0.962922
v 4.322179 0.374017 0.683516
v 4.329133 0.400753 0.356227
v 4.407957 0.287354 0.959787
v 4.413511 0.339297 0.679874
v 4.423133 0.370191 0.353224
v 4.483615 0.245648 0.958999
v 4.501678 0.295019 0.676539
v 4.512287 0.329589 0.349551
v 4.542411 0.204532 0.956563
v 4.569925 0.252440 0.671193
v 4.579085 0.289260 0.342376
v 4.589677 0.163071 0.953220
v 4.625345 0.212815 0.665447
v 4.636314 0.249991 0.336068
v 4.795943 0.138503 0.322045
v 4.860379 0.072018 0.311593
v 4.886496 0.019477 0.302185
v 4.895330 -0.029806 0.292172
v 4.891213 -0.090953 0.278706
v 4.868794 -0.160752 0.264612
v 4.818566 -0.233537 0.251475
v 4.738252 -0.298751 0.236580
v 4.638685 -0.337163 0.220294
v 4.539517 -0.346461 0.206421
v 4.423795 -0.332284 0.192297
v 4.285466 -0.310535 0.178682
v 4.176031 -0.300097 0.167712
v 4.096064 -0.301218 0.156194
v 4.021860 -0.304926 0.143963
v 3.927081 -0.306762 0.128701
v 3.815248 -0.307876 0.110522
v 3.704439 -0.315775 0.090382
v 3.590317 -0.336556 0.068718
v 3.485330 -0.367292 0.049564
v 3.393294 -0.396564 0.035971
v 4.793456 0.043714 0.638566
v 4.811087 -0.010178 0.628534
v 4.815512 -0.054565 0.619688
v 4.811133 -0.102431 0.610338
v 4.793663 -0.161400 0.598879
v 4.756129 -0.225847 0.583830
v 4.694490 -0.287537 0.565855
v 4.614060 -0.336538 0.544682
v 4.518850 -0.369263 0.522365
v 4.398554 -0.384689 0.501423
v 4.262914 -0.386054 0.485944
v 4.150705 -0.383632 0.474924
v 4.066026 -0.382383 0.457880
v 3.985709 -0.380686 0.429205
v 3.896514 -0.375688 0.387711
v 3.798597 -0.368344 0.335838
v 3.685703 -0.369491 0.277308
v 3.571700 -0.384307 0.225345
v 3.481863 -0.405623 0.192762
v 3.411020 -0.425634 0.179820
v 4.708277 0.202537 0.330446
v 4.684065 0.168572 0.659403
v 4.747892 0.109035 0.650211
v 4.666696 0.065516 0.924550
v 4.690946 0.010235 0.901466
v 4.702729 -0.038722 0.881993
v 4.707028 -0.075821 0.867700
v 4.707684 -0.110796 0.854762
v 4.700226 -0.156660 0.838945
v 4.679499 -0.207644 0.820762
v 4.640249 -0.258467 0.803809
v 4.577708 -0.313717 0.786289
v 4.488793 -0.370080 0.765439
v 4.370841 -0.417178 0.746678
v 4.234562 -0.446682 0.734576
v 4.120481 -0.458524 0.725180
v 4.036777 -0.460924 0.707806
v 3.946905 -0.461465 0.673387
v 3.848513 -0.460207 0.623169
v 3.755414 -0.455350 0.562520
v 3.656394 -0.453339 0.497342
v 3.563907 -0.457199 0.443327
v 4.631154 0.117769 0.944020
v 3.500761 -0.463079 0.416427
v 3.455427 -0.468605 0.413416
v 3.308121 -0.411346 0.029920
v 3.164001 -0.329269 -0.259478
v 3.175117 0.301710 0.413405
v 3.573255 -0.494309 0.636424
v 3.431733 -0.335982 1.072945
v 3.336921 -0.137534 1.201620
v 3.318387 0.054150 1.195639
v 3.372620 0.159764 1.172755
v 3.456325 0.221953 1.173128
v 3.549936 0.276646 1.168061
v 3.635316 0.312413 1.163289
v 3.713262 0.336939 1.158570
v 3.779183 0.351793 1.155188
v 3.840023 0.360712 1.152906
v 3.903272 0.365008 1.150250
v 3.976040 0.364717 1.145831
v 4.046757 0.359720 1.139773
v 4.115785 0.349936 1.131702
v 4.180567 0.337688 1.121955
v 4.244987 0.321508 1.111170
v 4.324954 0.295081 1.098872
v 4.407622 0.258336 1.091748
v 4.472326 0.220656 1.089538
v 4.520068 0.183402 1.086330
v 4.560855 0.141518 1.074643
v 4.594221 0.093035 1.058671
v 4.620114 0.040634 1.027944
v 4.636117 -0.008165 0.994835
v 4.644135 -0.052301 0.969329
v 4.648383 -0.085779 0.951017
v 4.650140 -0.115780 0.935461
v 4.645167 -0.155271 0.919883
v 4.631432 -0.196019 0.905393
v 4.602478 -0.238438 0.892818
v 4.549118 -0.292034 0.880944
v 4.465933 -0.354423 0.867068
v 4.352932 -0.412677 0.853735
v 4.219712 -0.453531 0.836383
v 4.107058 -0.472698 0.826183
v 4.021544 -0.481343 0.815079
v 3.924230 -0.489421 0.793967
v 3.815813 -0.496753 0.763206
v 3.721208 -0.498851 0.728310
v 3.540087 -0.493942 0.626503
v 3.635344 -0.496305 0.695062
v 3.507670 -0.489531 0.664691
v 3.507442 -0.452276 0.867723
v 3.531124 -0.367121 1.115288
v 3.602856 -0.469241 0.882605
v 3.645646 -0.405535 1.133843
v 3.693985 -0.480222 0.900763
v 4.186690 -0.454054 0.927243
v 4.098356 -0.468584 0.939020
v 4.007351 -0.478738 0.936636
v 3.900993 -0.484289 0.930007
v 3.788114 -0.484944 0.917969
v 4.085926 -0.433658 1.152291
v 3.987962 -0.442954 1.153419
v 3.871339 -0.440962 1.150355
v 3.750331 -0.427881 1.144758
v 3.310270 0.095878 2.576331
v 3.786044 -0.399685 2.657035
v 4.458725 -0.108664 2.679614
v 4.427216 0.273062 2.666751
v 3.779083 0.423721 2.652763
v 3.350214 0.183238 2.580011
v 4.322812 -0.249051 2.682603
v 4.516703 0.046545 2.670244
v 3.413899 0.248355 2.589654
v 4.053339 0.438510 2.654694
v 3.495749 0.306681 2.600360
v 3.914484 -0.402901 2.671342
v 4.474595 -0.083173 2.680181
v 4.368124 0.325309 2.667095
v 3.576075 0.349898 2.612192
v 4.381484 -0.200194 2.678797
v 4.517065 0.084593 2.667647
v 3.649662 0.381666 2.624900
v 3.988483 0.443751 2.652803
v 3.716401 0.405330 2.637813
v 4.023486 -0.387308 2.675752
v 4.486810 -0.059239 2.679552
v 4.292715 0.369196 2.666786
v 4.355277 -0.023767 2.785323
v 4.413588 -0.166943 2.675756
v 4.505313 0.142305 2.663014
v 3.334850 -0.077287 2.585589
v 3.921085 0.442907 2.653418
v 4.121784 -0.357503 2.677013
v 4.499250 -0.028348 2.677153
v 4.198802 0.407722 2.664117
v 3.424761 -0.241456 2.597281
v 4.436358 -0.139144 2.677148
v 4.476882 0.210695 2.663300
v 3.845068 0.436586 2.657927
v 4.228852 -0.307652 2.680864
v 4.510255 0.008551 2.673202
v 3.505397 -0.374049 2.163017
v 4.122392 0.428173 2.658895
v 3.918089 -0.463508 2.224192
v 3.290026 -0.109368 2.132803
v 4.572184 0.067059 2.218003
v 4.036221 -0.446717 2.228769
v 3.263391 0.078921 2.122749
v 4.559211 0.129972 2.212832
v 4.142889 -0.414455 2.229885
v 3.306635 0.174014 2.126329
v 4.528227 0.204235 2.212966
v 4.258958 -0.360436 2.233727
v 3.375581 0.244870 2.136330
v 4.474375 0.271904 2.216651
v 4.360989 -0.296782 2.235315
v 3.464191 0.308365 2.147439
v 4.410206 0.328665 2.217004
v 4.424952 -0.243540 2.230977
v 3.551157 0.355420 2.159749
v 4.328295 0.376401 2.216721
v 4.460028 -0.207208 2.227520
v 3.630862 0.390022 2.173048
v 4.226491 0.418251 2.213971
v 4.484841 -0.176871 2.228899
v 3.703159 0.415785 2.186636
v 4.143657 0.440485 2.208489
v 4.509139 -0.143651 2.231439
v 3.771101 0.435788 2.202488
v 4.068745 0.451752 2.204123
v 4.526410 -0.115824 2.231944
v 3.998319 0.457486 2.202210
v 4.539668 -0.089726 2.231222
v 3.387619 -0.287769 2.145275
v 3.925144 0.456602 2.202969
v 4.553135 -0.056120 2.228569
v 3.637544 -0.430506 2.187616
v 3.842667 0.449755 2.207908
v 4.565022 -0.016003 2.224212
v 3.778930 -0.459845 2.208987
v 3.655520 -0.372796 2.636959
v 4.571949 0.025400 2.220905
v 3.486785 -0.362781 2.487043
v 3.621464 -0.420105 2.512481
v 3.765414 -0.449788 2.534608
v 3.907075 -0.453350 2.550377
v 4.027303 -0.436156 2.555233
v 4.135730 -0.403276 2.556616
v 4.253834 -0.348273 2.560856
v 4.357479 -0.283612 2.562770
v 4.422200 -0.229702 2.558568
v 4.457614 -0.193011 2.555209
v 4.482732 -0.162335 2.556746
v 4.507404 -0.128702 2.559473
v 4.524909 -0.100573 2.560107
v 4.538383 -0.074161 2.559421
v 4.552104 -0.040073 2.556781
v 4.564242 0.000644 2.552427
v 4.571354 0.042568 2.549164
v 4.571753 0.084553 2.546299
v 4.558791 0.148237 2.541182
v 4.527432 0.223704 2.541491
v 4.472649 0.292525 2.545297
v 4.407467 0.350181 2.545677
v 4.324286 0.398611 2.545334
v 4.220691 0.441125 2.542383
v 4.136404 0.463691 2.536615
v 4.060231 0.475096 2.531972
v 3.988690 0.480875 2.529871
v 3.914347 0.479938 2.530529
v 3.830497 0.472957 2.535479
v 3.366991 -0.275175 2.468763
v 3.267843 -0.094050 2.455882
v 3.240735 0.096994 2.445667
v 3.284776 0.193375 2.449706
v 3.354994 0.265222 2.460312
v 3.445249 0.329580 2.472086
v 3.533826 0.377273 2.485098
v 3.614977 0.412335 2.499077
v 3.688581 0.438453 2.513291
v 3.757715 0.458755 2.529769
v 3.533395 -0.320852 2.613875
v 3.673112 -0.210658 2.739299
v 3.950130 0.335807 2.766592
v 4.364174 -0.001647 2.783618
v 3.760338 -0.247896 2.755579
v 3.895745 0.331261 2.769831
v 4.372039 0.024765 2.780810
v 3.853617 -0.267231 2.769742
v 3.595559 -0.153686 2.727607
v 4.376647 0.051968 2.778702
v 3.945446 -0.269630 2.779806
v 3.531470 -0.036492 2.719344
v 4.376892 0.079260 2.776838
v 4.023470 -0.258551 2.782848
v 3.513897 0.087057 2.712750
v 4.368476 0.120565 2.773521
v 4.093890 -0.237252 2.783662
v 3.542275 0.149667 2.715258
v 4.348121 0.169505 2.773691
v 4.170509 -0.201621 2.786330
v 3.587676 0.196280 2.721963
v 4.312600 0.214167 2.776111
v 4.237752 -0.159723 2.787516
v 3.646033 0.238017 2.729410
v 4.270276 0.251598 2.776331
v 4.279798 -0.124759 2.784778
v 3.703367 0.269003 2.737659
v 4.216268 0.283046 2.776081
v 4.302831 -0.100927 2.782600
v 3.755932 0.291808 2.746554
v 4.149094 0.310613 2.774155
v 4.319157 -0.081000 2.783590
v 3.803643 0.308812 2.755640
v 4.094338 0.325279 2.770427
v 4.335157 -0.059192 2.785352
v 3.848496 0.322024 2.766200
v 4.044874 0.332687 2.767437
v 4.346525 -0.040928 2.785767
v 3.998410 0.336426 2.766110
v 4.034771 0.065506 2.814981
v 4.567332 0.127553 1.115259
v 4.613136 0.023931 1.097582
v 4.619468 -0.020312 1.087577
v 4.618348 -0.057256 1.081715
v 4.613776 -0.087636 1.078017
v 4.605683 -0.115615 1.075149
v 4.590074 -0.149386 1.075651
v 4.570670 -0.182069 1.077312
v 4.542198 -0.217500 1.079036
v 4.492273 -0.266649 1.082021
v 4.410721 -0.326461 1.085123
v 4.305248 -0.382259 1.089318
v 4.593866 0.079918 1.109085
v 4.192326 -0.416096 1.121950
v 4.555568 0.127986 1.325418
v 4.583630 0.066044 1.338085
v 4.594685 0.011909 1.345765
v 4.592809 -0.028342 1.355899
v 4.585207 -0.060791 1.365757
v 4.574646 -0.089208 1.372834
v 4.562028 -0.115424 1.377393
v 4.542637 -0.145622 1.385553
v 4.518658 -0.177938 1.393246
v 4.488805 -0.210275 1.401049
v 4.440621 -0.252742 1.413557
v 4.362574 -0.305642 1.428524
v 4.265042 -0.355768 1.442218
v 4.166427 -0.391270 1.454901
v 4.066571 -0.413550 1.461957
v 3.963635 -0.423953 1.459128
v 3.840318 -0.418766 1.450278
v 3.710920 -0.396575 1.438570
v 3.593359 -0.357546 1.423713
v 3.468060 -0.289118 1.405033
v 3.354047 -0.128142 1.399656
v 3.328871 0.051440 1.389976
v 3.375709 0.147810 1.376371
v 3.449158 0.214030 1.373999
v 3.538464 0.271802 1.372566
v 3.623216 0.311271 1.371327
v 3.699978 0.338303 1.371420
v 3.766735 0.355825 1.372446
v 3.828707 0.367662 1.373282
v 3.893746 0.374474 1.370940
v 3.968889 0.375968 1.365548
v 4.038522 0.372427 1.360504
v 4.105694 0.363837 1.354056
v 4.171544 0.352103 1.345453
v 4.240300 0.334352 1.337112
v 4.324736 0.304332 1.327604
v 4.405310 0.265844 1.321561
v 4.468160 0.224675 1.319477
v 4.516084 0.180947 1.316256
v 4.516416 0.181978 1.728594
v 4.466043 0.239795 1.731840
v 4.404028 0.289837 1.732777
v 4.324750 0.333241 1.734672
v 4.231554 0.370035 1.736197
v 4.155695 0.390202 1.735612
v 4.085864 0.401351 1.735843
v 4.018430 0.407918 1.736864
v 3.948407 0.408567 1.739089
v 3.870588 0.403714 1.744090
v 3.803125 0.392526 1.741512
v 3.739010 0.375790 1.731236
v 3.670512 0.353463 1.722291
v 3.593931 0.322282 1.713846
v 3.510022 0.278938 1.706505
v 3.423563 0.218923 1.699983
v 3.355020 0.151336 1.694576
v 3.311753 0.058210 1.696947
v 3.337179 -0.122144 1.706919
v 3.436955 -0.289408 1.717779
v 3.554292 -0.367803 1.735290
v 3.678121 -0.417107 1.755921
v 3.811782 -0.443396 1.773469
v 3.941911 -0.447547 1.786152
v 4.051764 -0.433362 1.790056
v 4.153174 -0.405272 1.788665
v 4.259966 -0.358948 1.786968
v 4.357657 -0.301608 1.783084
v 4.424777 -0.249879 1.774999
v 4.463456 -0.212402 1.768356
v 4.489390 -0.182150 1.766430
v 4.513011 -0.150047 1.765270
v 4.530617 -0.122124 1.762644
v 4.543372 -0.096643 1.760499
v 4.555568 -0.065677 1.756220
v 4.565754 -0.029254 1.749837
v 4.570872 0.010688 1.743949
v 4.567312 0.055632 1.739179
v 4.549441 0.116864 1.731548
vn -0.0546 0.9947 -0.0873
vn -0.1576 0.9826 -0.0987
vn -0.1070 0.9913 -0.0767
vn 0.0528 0.9966 -0.0631
vn -0.0621 0.9968 -0.0504
vn -0.2747 0.9613 0.0200
vn -0.4794 0.8749 0.0685
vn -0.5374 0.8416 0.0538
vn -0.6102 0.7919 0.0241
vn -0.6278 0.7766 -0.0517
vn -0.6272 0.7565 -0.1852
vn -0.7446 0.5082 -0.4328
vn -0.7803 -0.1038 -0.6168
vn -0.5496 -0.7114 -0.4380
vn -0.4024 -0.8884 -0.2207
vn -0.2039 -0.9631 -0.1759
vn -0.0229 -0.9926 -0.1192
vn 0.1571 -0.9851 -0.0702
vn 0.2572 -0.9652 -0.0467
vn 0.1356 -0.9907 -0.0080
vn -0.0350 -0.9980 0.0530
vn -0.0265 -0.9956 0.0896
vn 0.0474 -0.9959 0.0774
vn 0.0826 -0.9954 0.0484
vn -0.0567 -0.9977 0.0370
vn -0.0951 -0.9945 0.0442
vn -0.0032 -1.0000 0.0051
vn 0.1895 -0.9799 -0.0629
vn 0.3386 -0.9345 -0.1100
vn 0.4961 -0.8600 -0.1193
vn 0.6749 -0.7313 -0.0985
vn 0.8522 -0.5196 -0.0610
vn 0.9727 -0.2315 -0.0162
vn 0.9958 0.0861 0.0319
vn 0.9119 0.4036 0.0749
vn 0.7532 0.6481 0.1124
vn 0.6252 0.7678 0.1401
vn 0.5644 0.8131 0.1425
vn 0.4626 0.8822 0.0878
vn 0.3119 0.9500 0.0116
vn 0.2097 0.9772 -0.0335
vn 0.1219 0.9904 -0.0648
vn -0.0121 0.9953 -0.0965
vn -0.0931 0.9883 -0.1205
vn -0.0523 0.9913 -0.1210
vn 0.0542 0.9934 -0.1007
vn 0.1248 0.9892 -0.0765
vn 0.0465 0.9906 -0.1289
vn -0.1459 0.9808 -0.1292
vn -0.1538 0.9801 -0.1253
vn -0.0219 0.9934 -0.1127
vn 0.0290 0.9961 -0.0838
vn -0.1179 0.9929 0.0140
vn -0.4625 0.8789 0.1169
vn -0.6499 0.7519 0.1112
vn -0.7227 0.6873 0.0729
vn -0.7967 0.6036 0.0305
vn -0.8528 0.5189 -0.0583
vn -0.9485 0.2505 -0.1940
vn -0.9426 -0.1833 -0.2791
vn -0.7693 -0.5910 -0.2429
vn -0.5125 -0.8455 -0.1501
vn -0.2819 -0.9574 -0.0630
vn -0.0585 -0.9982 -0.0132
vn 0.1660 -0.9860 -0.0156
vn 0.2132 -0.9770 -0.0021
vn 0.0243 -0.9982 0.0544
vn -0.0968 -0.9907 0.0959
vn -0.0124 -0.9959 0.0900
vn 0.0928 -0.9938 0.0606
vn 0.1162 -0.9922 0.0451
vn -0.1152 -0.9898 0.0843
vn -0.0638 -0.9936 0.0931
vn 0.1307 -0.9911 0.0266
vn 0.3109 -0.9490 -0.0525
vn 0.4162 -0.9027 -0.1087
vn 0.5147 -0.8474 -0.1304
vn 0.6466 -0.7540 -0.1163
vn 0.8066 -0.5849 -0.0857
vn 0.9441 -0.3257 -0.0514
vn 0.9994 -0.0352 -0.0070
vn 0.9525 0.2997 0.0550
vn 0.8110 0.5751 0.1076
vn 0.6687 0.7279 0.1516
vn 0.5399 0.8265 0.1595
vn 0.3223 0.9445 0.0634
vn 0.1739 0.9830 -0.0587
vn 0.1396 0.9823 -0.1253
vn 0.0954 0.9845 -0.1474
vn -0.0160 0.9880 -0.1536
vn -0.0955 0.9837 -0.1525
vn -0.0511 0.9868 -0.1535
vn 0.0754 0.9853 -0.1532
vn 0.1592 0.9769 -0.1425
vn -0.1707 0.9768 -0.1293
vn -0.0016 0.9826 -0.1856
vn -0.2667 0.9535 -0.1404
vn 0.0617 0.9654 -0.2536
vn -0.4557 0.8315 -0.3177
vn 0.2887 0.8556 -0.4297
vn 0.4472 0.6861 -0.5739
vn -0.5272 0.6699 -0.5228
vn 0.6466 0.5121 -0.5654
vn -0.6555 0.4809 -0.5823
vn 0.7761 0.1157 -0.6199
vn 0.7323 -0.1260 -0.6692
vn 0.5321 -0.6069 -0.5903
vn 0.3122 -0.7634 -0.5655
vn 0.2110 -0.8615 -0.4619
vn -0.8245 -0.0326 -0.5649
vn -0.7851 -0.3325 -0.5225
vn -0.6598 -0.5995 -0.4531
vn -0.4727 -0.7514 -0.4604
vn -0.2744 -0.8836 -0.3793
vn 0.2814 0.9246 -0.2568
vn 0.1638 0.9630 -0.2138
vn 0.2070 0.9583 -0.1972
vn 0.1510 0.9782 -0.1427
vn -0.3261 0.9394 -0.1062
vn -0.3209 0.9227 -0.2139
vn -0.7215 0.6904 -0.0535
vn -0.7006 0.6977 -0.1497
vn -0.8283 0.5572 -0.0589
vn -0.8388 0.5292 -0.1282
vn -0.9483 0.2875 -0.1343
vn -0.9352 0.3482 -0.0649
vn -0.9946 0.0759 -0.0709
vn -0.9931 -0.0033 -0.1175
vn -0.9467 -0.3100 -0.0870
vn -0.9705 -0.2267 -0.0818
vn -0.8684 -0.4858 -0.0998
vn -0.8004 -0.5965 -0.0595
vn -0.2178 -0.9651 -0.1456
vn -0.4175 -0.8827 -0.2159
vn -0.2139 -0.9271 -0.3078
vn 0.1135 -0.8869 -0.4477
vn 0.0909 -0.9408 -0.3264
vn -0.0699 -0.9593 -0.2737
vn 0.1123 0.9820 -0.1520
vn 0.0468 0.9969 -0.0636
vn -0.3987 0.9153 0.0563
vn -0.7109 0.6969 0.0949
vn -0.7827 0.6175 0.0782
vn -0.8767 0.4771 0.0610
vn -0.9583 0.2856 -0.0079
vn -0.9939 -0.0091 -0.1103
vn -0.9272 -0.3265 -0.1834
vn -0.4657 -0.8826 -0.0638
vn -0.6539 -0.7464 -0.1236
vn -0.7652 -0.6157 -0.1881
vn -0.5358 -0.8270 -0.1700
vn -0.2943 -0.9449 -0.1435
vn 0.0203 -0.9906 -0.1351
vn 0.1925 -0.9709 -0.1421
vn -0.1152 0.9881 -0.1019
vn -0.0778 0.9898 -0.1191
vn -0.0846 0.9815 -0.1716
vn -0.1262 0.9652 -0.2292
vn -0.2141 0.8412 -0.4965
vn -0.2249 0.6767 -0.7011
vn -0.2075 0.4107 -0.8879
vn 0.0114 -0.8653 -0.5012
vn -0.1276 -0.7406 -0.6597
vn -0.1941 -0.5374 -0.8207
vn -0.2343 -0.2381 -0.9426
vn -0.2171 0.1329 -0.9671
vn 0.1404 -0.9377 -0.3177
vn 0.0992 -0.9880 -0.1185
vn -0.1829 0.9800 -0.0782
vn -0.1512 0.9833 -0.1015
vn 0.0815 0.9884 -0.1283
vn 0.1467 0.9843 -0.0983
vn 0.3022 0.9424 -0.1438
vn 0.2095 0.9645 -0.1607
vn 0.0902 0.9753 -0.2018
vn -0.2281 0.9597 -0.1644
vn -0.0782 0.9765 -0.2007
vn -0.1210 0.9784 -0.1676
vn -0.0052 0.9914 -0.1307
vn -0.0429 0.9957 -0.0820
vn 0.1304 0.9835 -0.1257
vn 0.2291 0.9705 -0.0755
vn -0.0187 0.9854 -0.1694
vn 0.3754 0.9256 -0.0490
vn 0.6279 0.7769 0.0456
vn 0.1280 0.9778 -0.1657
vn 0.0391 0.9850 -0.1680
vn 0.1571 0.9858 -0.0595
vn 0.4928 0.8683 0.0572
vn 0.6923 0.7138 0.1065
vn 0.7952 0.5965 0.1086
vn 0.8317 0.5438 0.1125
vn 0.9959 -0.0220 0.0880
vn 0.9977 -0.0592 0.0324
vn 0.9698 0.2310 0.0780
vn 0.9637 0.2450 0.1059
vn 0.9497 -0.3131 0.0084
vn 0.9598 -0.2712 0.0719
vn 0.8005 -0.5987 -0.0289
vn 0.7930 -0.6087 0.0252
vn 0.5487 -0.8351 -0.0401
vn 0.4032 -0.9061 -0.1281
vn 0.4144 -0.8795 -0.2341
vn 0.3943 -0.8739 -0.2842
vn 0.2603 -0.9187 -0.2970
vn 0.6189 -0.7822 -0.0714
vn 0.5061 -0.8548 -0.1149
vn 0.4638 -0.8762 -0.1306
vn 0.3957 -0.9111 -0.1152
vn 0.2467 -0.9653 -0.0860
vn 0.0028 -0.9541 -0.2994
vn -0.0101 -0.9990 -0.0433
vn -0.1816 -0.9418 -0.2830
vn -0.1703 -0.9848 -0.0348
vn -0.0817 -0.9535 -0.2902
vn 0.0936 -0.9485 -0.3026
vn -0.0387 -0.9968 -0.0693
vn 0.1681 -0.9477 -0.2714
vn 0.1170 -0.9892 -0.0882
vn 0.0658 -0.9744 -0.2149
vn 0.0215 -0.9974 -0.0689
vn -0.1084 -0.9766 -0.1857
vn -0.1156 -0.9914 -0.0610
vn -0.1817 -0.9606 -0.2104
vn -0.0990 -0.9923 -0.0748
vn 0.1068 -0.9897 -0.0954
vn 0.0429 -0.9986 0.0324
vn 0.0168 -0.9985 0.0524
vn -0.0418 -0.9495 -0.3111
vn -0.2967 -0.9215 -0.2508
vn -0.1088 -0.9778 -0.1791
vn 0.1844 -0.9538 -0.2374
vn 0.2733 -0.8913 -0.3618
vn 0.1093 -0.8883 -0.4460
vn -0.0809 -0.8909 -0.4470
vn -0.1825 -0.8958 -0.4052
vn -0.0160 -0.9255 -0.3784
vn 0.2638 -0.8833 -0.3876
vn 0.3655 -0.8241 -0.4327
vn 0.2665 -0.8892 -0.3719
vn 0.2342 -0.9546 -0.1841
vn 0.4709 -0.8795 -0.0679
vn 0.7707 -0.6372 0.0077
vn 0.9653 -0.2548 0.0567
vn 0.9978 0.0054 0.0668
vn 0.9570 0.2812 0.0714
vn 0.7452 0.6648 0.0519
vn 0.5515 0.8340 -0.0169
vn 0.2561 0.9598 -0.1153
vn -0.1485 0.9575 -0.2473
vn -0.0965 0.9399 -0.3274
vn 0.3577 0.9109 -0.2058
vn 0.3464 0.9376 -0.0298
vn -0.0953 0.9953 -0.0147
vn -0.3916 0.9117 -0.1244
vn -0.2406 0.9134 -0.3282
vn 0.2314 0.9277 -0.2928
vn 0.4039 0.9066 -0.1219
vn 0.1695 0.9840 -0.0542
vn -0.2584 0.9634 -0.0718
vn -0.3585 0.9187 -0.1657
vn -0.1624 0.9355 -0.3137
vn 0.1232 0.9338 -0.3359
vn -0.1400 0.9596 -0.2440
vn 0.1455 0.9632 -0.2258
vn -0.0383 0.9700 -0.2399
vn 0.2449 0.9560 -0.1613
vn -0.3904 0.7950 -0.4643
vn 0.3390 0.8369 -0.4298
vn -0.7867 0.3522 -0.5071
vn 0.5162 0.4851 -0.7058
vn 0.4510 -0.0502 -0.8911
vn -0.7687 -0.0630 -0.6365
vn 0.4469 -0.5950 -0.6680
vn -0.5951 -0.5028 -0.6269
vn 0.1751 -0.8341 -0.5231
vn -0.1260 -0.8241 -0.5522
vn 0.4911 -0.7076 -0.5080
vn -0.0419 -0.8712 -0.4892
vn -0.1754 -0.7213 -0.6700
vn 0.6841 -0.5264 -0.5050
vn -0.5189 -0.4867 -0.7028
vn 0.6997 -0.2192 -0.6800
vn -0.5963 0.2795 -0.7526
vn 0.6832 0.1087 -0.7221
vn -0.3977 0.6737 -0.6229
vn 0.6972 0.6106 -0.3757
vn -0.3068 0.8227 -0.4785
vn 0.5740 0.7671 -0.2864
vn -0.1954 0.8742 -0.4445
vn 0.4757 0.8351 -0.2762
vn 0.4275 0.6968 -0.5759
vn -0.5264 0.5998 -0.6026
vn -0.2618 -0.8801 -0.3960
vn -0.0470 -0.9597 -0.2769
vn 0.3518 -0.8847 -0.3057
vn 0.1165 -0.8943 -0.4320
vn 0.4027 -0.7875 -0.4665
vn -0.5312 -0.7841 -0.3210
vn -0.0977 -0.9640 -0.2473
vn 0.5821 -0.7744 -0.2479
vn 0.2898 -0.8001 -0.5252
vn -0.2400 -0.7577 -0.6068
vn -0.3956 -0.8279 -0.3976
vn -0.0768 -0.9635 -0.2566
vn 0.4892 -0.8201 -0.2969
vn 0.3938 -0.8595 -0.3258
vn 0.3037 -0.9343 -0.1865
vn -0.1266 -0.9809 -0.1478
vn -0.4475 -0.8575 -0.2537
vn 0.9977 0.0118 0.0665
vn 0.9585 0.2832 0.0331
vn 0.9960 0.0209 0.0868
vn 0.9533 0.3009 0.0257
vn 0.9889 0.0741 0.1290
vn 0.9299 0.3612 0.0690
vn 0.9916 0.0723 0.1069
vn 0.9203 0.3861 0.0636
vn 0.9956 0.0563 0.0748
vn 0.9280 0.3698 0.0467
vn 0.9948 0.0222 0.0994
vn 0.9468 0.3165 0.0580
vn 0.9921 0.0140 0.1245
vn 0.9497 0.3107 0.0394
vn 0.9968 0.0261 0.0757
vn 0.9372 0.3476 -0.0283
vn 0.9992 0.0347 0.0182
vn 0.9299 0.3644 -0.0502
vn 0.9944 0.0031 -0.1052
vn 0.9453 0.3026 -0.1217
vn 0.7035 -0.4675 -0.5353
vn 0.8068 0.0985 -0.5825
vn -0.4849 -0.5750 -0.6590
vn -0.6147 0.1104 -0.7810
vn 0.1885 0.0055 -0.9821
vn 0.1406 -0.6815 -0.7182
vn 0.7273 0.6859 -0.0248
vn 0.4688 0.8796 -0.0805
vn 0.7217 0.6901 -0.0541
vn 0.3964 0.9097 -0.1236
vn 0.7028 0.7109 -0.0266
vn 0.3500 0.9297 -0.1149
vn 0.6915 0.7224 -0.0036
vn 0.3157 0.9458 -0.0758
vn 0.6947 0.7193 -0.0023
vn 0.3122 0.9480 -0.0611
vn 0.7150 0.6986 -0.0269
vn 0.3526 0.9305 -0.0989
vn 0.7089 0.6970 -0.1078
vn 0.3586 0.9066 -0.2225
vn 0.6656 0.7267 -0.1701
vn 0.3248 0.9034 -0.2800
vn 0.6573 0.7397 -0.1440
vn 0.3106 0.9234 -0.2255
vn 0.6858 0.7141 -0.1405
vn 0.2815 0.9313 -0.2311
vn 0.6814 0.5953 -0.4259
vn 0.2442 0.7031 -0.6678
vn 0.0358 0.9796 -0.1976
vn -0.3844 0.8601 -0.3355
vn -0.1494 0.9613 -0.2313
vn -0.6352 0.6815 -0.3635
vn -0.2799 0.9353 -0.2166
vn -0.7459 0.6274 -0.2238
vn -0.3190 0.9348 -0.1559
vn -0.7389 0.6526 -0.1677
vn -0.3316 0.9336 -0.1358
vn -0.7316 0.6581 -0.1782
vn -0.3170 0.9289 -0.1914
vn -0.7324 0.6397 -0.2331
vn -0.3177 0.8957 -0.3111
vn -0.7315 0.6139 -0.2968
vn -0.3098 0.8814 -0.3567
vn -0.7286 0.6043 -0.3226
vn -0.3481 0.8798 -0.3238
vn -0.7402 0.5980 -0.3074
vn -0.4381 0.8285 -0.3488
vn -0.7551 0.5437 -0.3663
vn -0.4168 0.6475 -0.6380
vn 0.9579 0.2844 0.0386
vn 0.9985 0.0093 0.0544
vn 0.5049 0.8612 -0.0575
vn 0.7288 0.6847 -0.0015
vn -0.2568 0.9154 -0.3101
vn 0.1465 0.9747 -0.1690
vn 0.9564 0.2909 0.0273
vn 0.9972 0.0105 0.0742
vn 0.4300 0.8964 -0.1075
vn 0.7255 0.6870 -0.0413
vn -0.5069 0.7777 -0.3718
vn -0.0655 0.9716 -0.2273
vn 0.9638 -0.2608 0.0548
vn 0.7462 -0.6657 0.0060
vn 0.4099 -0.9088 -0.0774
vn 0.0811 -0.9750 -0.2070
vn -0.2327 -0.9391 -0.2527
vn 0.2972 -0.9536 -0.0479
vn 0.6892 -0.7236 0.0382
vn 0.9500 -0.3011 0.0824
vn 0.9587 -0.2760 0.0687
vn 0.7179 -0.6959 0.0191
vn 0.3533 -0.9331 -0.0668
vn -0.0676 -0.9747 -0.2133
vn -0.8557 -0.4631 -0.2311
vn -0.9022 0.2715 -0.3353
vn -0.8946 -0.4311 -0.1175
vn -0.9397 0.2820 -0.1934
vn -0.9018 -0.4196 -0.1030
vn -0.9411 0.3001 -0.1559
vn -0.9158 -0.3827 -0.1218
vn -0.9352 0.2995 -0.1889
vn -0.9331 -0.3416 -0.1127
vn -0.9253 0.3043 -0.2265
vn 0.9462 0.3205 0.0435
vn 0.9927 0.0451 0.1116
vn 0.3774 0.9166 -0.1320
vn 0.7167 0.6953 -0.0543
vn -0.7151 0.6381 -0.2852
vn -0.2133 0.9481 -0.2358
vn -0.9449 -0.3111 -0.1020
vn -0.9440 -0.3124 -0.1058
vn -0.9391 -0.3100 -0.1486
vn -0.9123 -0.3087 -0.2691
vn -0.9388 0.1208 -0.3225
vn -0.9204 0.2988 -0.2520
vn -0.9231 0.2852 -0.2579
vn -0.9312 0.2531 -0.2624
vn -0.4093 -0.8960 -0.1719
vn 0.2494 -0.9683 0.0160
vn 0.6641 -0.7423 0.0886
vn 0.9406 -0.3189 0.1166
vn -0.4712 -0.8811 -0.0395
vn 0.2253 -0.9692 0.0992
vn 0.6512 -0.7444 0.1474
vn 0.9317 -0.3289 0.1542
vn 0.6529 -0.7360 0.1787
vn 0.9304 -0.3237 0.1717
vn 0.6593 -0.7369 0.1494
vn 0.9321 -0.3343 0.1392
vn 0.6733 -0.7264 0.1381
vn 0.9330 -0.3427 0.1100
vn 0.6920 -0.6932 0.2016
vn 0.9291 -0.3372 0.1516
vn 0.7108 -0.6544 0.2580
vn 0.9270 -0.3178 0.1991
vn 0.7213 -0.6658 0.1907
vn 0.9324 -0.3279 0.1520
vn 0.6748 -0.7358 0.0570
vn 0.9085 -0.4127 0.0655
vn 0.5355 -0.8265 -0.1737
vn 0.8523 -0.5185 -0.0683
vn -0.4954 -0.8687 0.0025
vn 0.2221 -0.9653 0.1371
vn -0.5111 -0.8595 0.0061
vn 0.2229 -0.9673 0.1210
vn -0.5374 -0.8433 0.0113
vn 0.2228 -0.9662 0.1298
vn -0.5583 -0.8273 0.0615
vn 0.2360 -0.9498 0.2052
vn -0.5675 -0.8177 0.0971
vn 0.2473 -0.9340 0.2577
vn -0.5543 -0.8302 0.0586
vn 0.2521 -0.9497 0.1860
vn -0.5552 -0.8309 -0.0375
vn 0.2002 -0.9791 0.0366
vn -0.4754 -0.8423 -0.2541
vn 0.1168 -0.9529 -0.2799
vn 0.4674 0.8839 -0.0181
vn -0.1162 0.9932 0.0058
vn 0.5532 0.8315 -0.0509
vn -0.1248 0.9921 -0.0087
vn 0.6042 0.7925 -0.0830
vn -0.1236 0.9906 -0.0589
vn 0.5917 0.7998 -0.1011
vn -0.1214 0.9835 -0.1338
vn -0.1553 0.9765 -0.1494
vn 0.5484 0.8309 -0.0942
vn -0.1785 0.9491 -0.2594
vn 0.4627 0.8517 -0.2459
vn 0.4619 0.8577 -0.2260
vn -0.1927 0.9472 -0.2564
vn -0.1977 0.9717 -0.1296
vn 0.4787 0.8741 -0.0826
vn 0.5053 0.8619 -0.0437
vn -0.1908 0.9767 -0.0986
vn -0.1549 0.9649 -0.2122
vn 0.4664 0.8633 -0.1927
vn -0.1428 0.9539 -0.2641
vn 0.4804 0.8492 -0.2194
vn -0.1251 0.9202 -0.3708
vn 0.4687 0.8338 -0.2917
vn -0.1573 0.9165 -0.3679
vn 0.4167 0.8644 -0.2814
vn -0.1904 0.9119 -0.3635
vn 0.3767 0.8763 -0.3003
vn 0.9808 -0.1935 0.0237
vn 0.9873 0.1573 -0.0211
vn 0.9788 -0.1962 0.0590
vn 0.9796 0.1977 0.0351
vn 0.9801 -0.1964 0.0300
vn 0.9787 0.2050 0.0052
vn 0.9786 -0.2040 -0.0269
vn 0.9790 0.1838 -0.0883
vn 0.9790 -0.2034 -0.0086
vn 0.9798 0.1801 -0.0873
vn 0.9770 -0.2084 0.0447
vn 0.9804 0.1924 -0.0428
vn 0.9740 -0.2219 0.0465
vn 0.9798 0.1951 -0.0428
vn 0.9768 -0.2138 0.0093
vn 0.9784 0.1931 -0.0734
vn 0.9837 -0.1794 0.0100
vn 0.9767 0.2045 -0.0652
vn 0.9857 -0.1682 -0.0121
vn 0.9759 0.2023 -0.0820
vn 0.9836 -0.1707 -0.0585
vn 0.9870 0.1209 -0.1059
vn -0.5275 0.8422 -0.1119
vn -0.6438 0.7435 -0.1810
vn -0.7414 0.6625 -0.1064
vn -0.7358 0.6706 -0.0943
vn -0.7100 0.6906 -0.1373
vn -0.6985 0.7085 -0.1003
vn -0.6828 0.7209 -0.1187
vn -0.6742 0.7079 -0.2104
vn -0.6770 0.7104 -0.1922
vn -0.6754 0.7171 -0.1720
vn -0.6687 0.6746 -0.3127
vn -0.6726 0.6607 -0.3333
vn -0.6766 0.6572 -0.3321
vn -0.6793 0.6983 -0.2257
vn 0.8411 0.5278 -0.1181
vn 0.8410 0.5162 -0.1623
vn 0.8410 0.5208 -0.1465
vn 0.8128 0.5570 -0.1707
vn 0.8667 0.4907 -0.0902
vn 0.8455 0.5334 -0.0240
vn 0.8203 0.5500 -0.1568
vn 0.8543 0.5197 0.0035
vn 0.8355 0.5248 -0.1628
vn 0.8668 0.4959 -0.0531
vn 0.8430 0.5232 -0.1254
vn 0.8494 -0.5276 -0.0155
vn 0.5646 -0.8243 -0.0417
vn 0.8247 -0.5626 0.0577
vn 0.5115 -0.8579 0.0492
vn 0.8162 -0.5736 0.0695
vn 0.4985 -0.8645 0.0653
vn 0.8219 -0.5673 0.0524
vn 0.5055 -0.8603 0.0667
vn 0.8303 -0.5567 0.0255
vn 0.5369 -0.8411 0.0662
vn 0.8329 -0.5508 0.0532
vn 0.5683 -0.8176 0.0927
vn 0.8188 -0.5652 0.1005
vn 0.5734 -0.8097 0.1246
vn 0.8037 -0.5840 0.1140
vn 0.5697 -0.8092 0.1436
vn 0.8162 -0.5693 0.0984
vn 0.5757 -0.8034 0.1524
vn 0.8489 -0.5204 0.0924
vn 0.5952 -0.7889 0.1532
vn 0.8689 -0.4927 0.0468
vn 0.6085 -0.7878 0.0953
vn -0.6027 -0.7858 -0.1386
vn -0.1098 -0.9876 -0.1122
vn -0.6044 -0.7967 -0.0027
vn -0.1122 -0.9936 0.0137
vn -0.5724 -0.8193 0.0338
vn -0.0850 -0.9953 0.0469
vn -0.5352 -0.8437 0.0417
vn -0.0492 -0.9969 0.0613
vn -0.5192 -0.8535 0.0437
vn -0.0145 -0.9966 0.0806
vn -0.5162 -0.8543 0.0606
vn 0.0183 -0.9944 0.1042
vn -0.5109 -0.8556 0.0830
vn 0.0348 -0.9916 0.1248
vn -0.4950 -0.8617 0.1112
vn 0.0473 -0.9875 0.1504
vn -0.4834 -0.8641 0.1401
vn 0.0635 -0.9814 0.1811
vn -0.4696 -0.8710 0.1440
vn 0.0977 -0.9772 0.1883
vn -0.4623 -0.8859 0.0375
vn 0.1057 -0.9898 0.0952
vn -0.9818 -0.0831 -0.1707
vn -0.8992 -0.3993 -0.1787
vn -0.9962 -0.0298 -0.0822
vn -0.9340 -0.3548 -0.0426
vn -0.9990 0.0223 -0.0397
vn -0.9418 -0.3362 -0.0086
vn -0.9978 0.0300 -0.0590
vn -0.9366 -0.3499 -0.0213
vn -0.9939 0.0160 -0.1093
vn -0.9318 -0.3595 -0.0509
vn -0.9967 0.0066 -0.0811
vn -0.9286 -0.3701 -0.0273
vn -0.9987 0.0007 -0.0517
vn -0.9253 -0.3793 0.0029
vn -0.9976 -0.0134 -0.0674
vn -0.9178 -0.3969 0.0134
vn -0.9944 -0.0039 -0.1053
vn -0.9185 -0.3953 0.0073
vn -0.9916 0.0174 -0.1280
vn -0.9195 -0.3930 -0.0046
vn -0.9819 0.0280 -0.1871
vn -0.9198 -0.3843 -0.0788
vn -0.9593 0.2664 -0.0942
vn -0.9486 0.2992 -0.1034
vn -0.9311 0.3577 -0.0713
vn -0.9178 0.3870 -0.0886
vn -0.9165 0.3672 -0.1589
vn -0.9315 0.3398 -0.1296
vn -0.9410 0.3224 -0.1026
vn -0.9404 0.3091 -0.1419
vn -0.9287 0.3082 -0.2065
vn -0.9121 0.3353 -0.2358
vn -0.8921 0.3619 -0.2706
vn -0.0954 0.8578 -0.5051
vn 0.2985 0.8343 -0.4635
vn -0.2322 0.3789 -0.8958
vn 0.3768 0.3856 -0.8422
vn -0.3842 -0.8986 -0.2117
vn 0.0217 -0.9835 -0.1798
vn -0.2973 -0.5555 -0.7766
vn 0.3554 -0.5477 -0.7574
vn -0.8903 -0.3409 -0.3020
vn -0.8535 0.2993 -0.4265
vn -0.6268 0.6436 -0.4391
vn 0.4525 -0.1305 -0.8822
vn -0.3264 -0.1190 -0.9377
vn -0.9135 0.0085 -0.4067
vn 0.8273 0.4607 -0.3214
vn 0.9470 0.0949 -0.3070
vn 0.9518 -0.1812 -0.2475
vn 0.8382 -0.5264 -0.1427
vn 0.5680 -0.8160 -0.1073
vn 0.1795 0.9821 -0.0573
vn -0.3399 0.9317 -0.1278
vn 0.1852 0.9782 -0.0938
vn -0.4327 0.8731 -0.2245
vn 0.1922 0.9741 -0.1191
vn -0.5128 0.8317 -0.2130
vn 0.1815 0.9762 -0.1189
vn -0.5678 0.8171 -0.0996
vn 0.1945 0.9696 -0.1487
vn -0.5350 0.8406 -0.0846
vn 0.1877 0.9649 -0.1836
vn -0.4573 0.8815 -0.1172
vn 0.1491 0.9625 -0.2266
vn -0.4138 0.8924 -0.1798
vn 0.1227 0.9698 -0.2108
vn -0.3760 0.9110 -0.1695
vn 0.1350 0.9751 -0.1757
vn -0.3637 0.9220 -0.1326
vn 0.1395 0.9542 -0.2645
vn -0.3259 0.9178 -0.2268
vn 0.1247 0.9376 -0.3246
vn -0.2827 0.9112 -0.2998
vn 0.0907 0.9366 -0.3383
vn -0.2476 0.9102 -0.3321
vn -0.0322 0.8668 -0.4976
vn -0.3205 0.8386 -0.4404
vn -0.8437 0.5196 -0.1350
vn -0.8437 0.5364 -0.0218
vn -0.8100 0.5862 -0.0160
vn -0.7784 0.6217 -0.0869
vn -0.7366 0.6680 -0.1055
vn -0.7345 0.6746 -0.0730
vn -0.7161 0.6871 -0.1229
vn -0.6733 0.7089 -0.2102
vn -0.6555 0.7020 -0.2784
vn 0.5735 0.7915 -0.2112
vn 0.4899 0.8593 -0.1468
vn 0.6549 0.7253 -0.2121
vn 0.7635 0.6354 -0.1160
vn 0.9009 0.3928 -0.1847
vn 0.7905 0.6027 -0.1094
vn 0.9379 0.3352 -0.0890
vn 0.7644 0.6304 -0.1354
vn 0.9347 0.3466 -0.0783
vn 0.7314 0.6569 -0.1831
vn 0.9257 0.3495 -0.1445
vn 0.7340 0.6519 -0.1904
vn 0.9266 0.3358 -0.1692
vn 0.7446 0.6491 -0.1555
vn 0.9329 0.3420 -0.1132
vn 0.7103 0.6780 -0.1892
vn 0.9155 0.3915 -0.0927
vn 0.6597 0.7112 -0.2427
vn 0.8883 0.4388 -0.1357
vn 0.6230 0.7315 -0.2773
vn 0.8491 0.4853 -0.2088
vn 0.6347 0.6634 -0.3962
vn 0.9385 0.1563 -0.3080
vn -0.9773 0.1441 -0.1553
vn -0.9826 -0.1500 -0.1100
vn -0.9636 0.2674 -0.0066
vn -0.9993 -0.0381 0.0002
vn -0.9588 0.2831 0.0227
vn -0.9988 -0.0342 0.0352
vn -0.9550 0.2958 -0.0226
vn -0.9991 -0.0357 0.0232
vn -0.9318 0.3598 -0.0471
vn -0.9998 -0.0125 0.0126
vn -0.9290 0.3695 -0.0200
vn -0.9993 -0.0094 0.0349
vn -0.9279 0.3714 -0.0315
vn -0.9991 -0.0188 0.0390
vn -0.9134 0.3896 -0.1178
vn -0.9992 -0.0278 -0.0284
vn -0.8955 0.3852 -0.2228
vn -0.9911 -0.0149 -0.1319
vn -0.8156 0.4420 -0.3734
vn -0.9537 -0.0362 -0.2984
vn 0.9688 -0.1459 -0.2006
vn 0.8490 -0.5049 -0.1557
vn 0.9843 -0.1697 -0.0490
vn 0.8682 -0.4957 -0.0201
vn 0.9799 -0.1983 -0.0226
vn 0.8261 -0.5636 -0.0004
vn 0.9686 -0.2356 -0.0795
vn 0.7987 -0.6014 -0.0180
vn 0.9668 -0.2342 -0.1020
vn 0.8270 -0.5615 -0.0294
vn 0.9770 -0.2062 -0.0544
vn 0.8471 -0.5313 -0.0109
vn 0.9811 -0.1933 -0.0118
vn 0.8437 -0.5363 0.0220
vn 0.9850 -0.1722 0.0098
vn 0.8512 -0.5158 0.0975
vn 0.9883 -0.1384 -0.0640
vn 0.8827 -0.4697 0.0111
vn 0.9115 -0.3471 -0.2205
vn 0.4905 -0.8191 -0.2973
vn 0.3716 -0.9058 -0.2038
vn -0.1297 -0.9760 -0.1748
vn -0.5770 -0.7824 -0.2343
vn 0.5537 -0.7952 -0.2473
vn 0.3911 -0.8957 -0.2114
vn -0.1167 -0.9752 -0.1880
vn -0.6230 -0.7693 -0.1417
vn -0.8127 -0.5591 -0.1643
vn 0.6307 -0.7722 -0.0763
vn 0.5875 -0.8092 -0.0022
vn 0.4836 -0.8752 0.0134
vn 0.4331 -0.8995 0.0583
vn 0.1875 0.9740 -0.1270
vn -0.5467 0.8246 -0.1451
vn -0.8030 0.5402 -0.2517
vn 0.7048 0.6921 -0.1560
vn 0.8331 0.4684 -0.2942
vn -0.9181 -0.3152 -0.2401
vn -0.9490 -0.0228 -0.3146
vn 0.7733 -0.5303 -0.3475
vn 0.9179 -0.0767 -0.3894
vn 0.4803 -0.8749 0.0619
vn 0.5039 -0.8628 0.0418
vn 0.4914 -0.8689 0.0604
vn 0.4980 -0.8527 0.1575
vn 0.5443 -0.8355 0.0752
vn 0.5663 -0.8174 -0.1054
vn 0.5970 -0.7730 -0.2149
vn 0.3460 -0.9355 -0.0711
vn -0.1222 -0.9901 -0.0689
vn 0.2505 -0.9680 -0.0145
vn -0.1565 -0.9875 -0.0189
vn 0.1475 -0.9891 0.0029
vn -0.1843 -0.9829 0.0054
vn 0.1025 -0.9905 0.0915
vn -0.1920 -0.9757 0.1057
vn 0.1193 -0.9862 0.1146
vn -0.1913 -0.9718 0.1380
vn 0.1525 -0.9853 0.0775
vn -0.1529 -0.9822 0.1088
vn 0.1789 -0.9804 0.0822
vn -0.0953 -0.9898 0.1058
vn 0.1954 -0.9765 0.0913
vn -0.0830 -0.9936 0.0772
vn 0.0933 -0.9907 -0.0987
vn -0.0969 -0.9889 -0.1127
vn -0.0669 -0.9841 0.1647
vn 0.1968 -0.9655 0.1705
vn -0.6157 -0.7870 -0.0393
vn -0.6052 -0.7961 0.0043
vn -0.5926 -0.8048 0.0332
vn -0.5897 -0.8007 0.1057
vn -0.6136 -0.7784 0.1324
vn -0.5976 -0.7922 0.1241
vn -0.5424 -0.8317 0.1187
vn -0.5096 -0.8505 0.1303
vn -0.5166 -0.8552 0.0423
vn -0.5748 -0.8103 -0.1141
vn -0.8647 -0.4999 -0.0485
vn -0.8963 -0.4434 0.0109
vn -0.9002 -0.4332 0.0447
vn -0.9002 -0.4298 0.0696
vn -0.9132 -0.4004 0.0764
vn -0.9180 -0.3866 0.0888
vn -0.9107 -0.4037 0.0871
vn -0.9074 -0.4180 0.0438
vn -0.9109 -0.4104 -0.0434
vn -0.9202 -0.3081 -0.2417
vn 0.2783 -0.5251 -0.8043
vn -0.2782 -0.5451 -0.7908
vn 0.2956 0.1473 -0.9439
vn -0.2842 0.1421 -0.9482
vn 0.2424 0.9393 -0.2427
vn 0.3658 0.8875 -0.2804
vn -0.2705 0.9529 -0.1373
vn -0.2150 0.9711 -0.1035
vn -0.6729 0.7391 -0.0304
vn -0.6468 0.7626 -0.0051
vn -0.8585 0.5127 0.0113
vn -0.8645 0.4996 0.0558
vn -0.9650 0.2618 -0.0152
vn -0.9697 0.2363 0.0614
vn -0.9985 -0.0292 -0.0465
vn -0.9984 -0.0483 0.0279
vn -0.9406 -0.3327 -0.0677
vn -0.9369 -0.3492 -0.0180
vn -0.7782 -0.6226 -0.0820
vn -0.7673 -0.6390 -0.0538
vn -0.4331 -0.8981 -0.0762
vn -0.4163 -0.9067 -0.0675
vn -0.1366 -0.9867 -0.0877
vn -0.0755 -0.9918 -0.1035
vn 0.1672 -0.9593 -0.2277
vn 0.3077 -0.9129 -0.2682
vn 0.4829 0.8373 -0.2563
vn -0.1748 0.9787 -0.1079
vn -0.6298 0.7763 -0.0259
vn -0.8587 0.5110 0.0392
vn -0.9698 0.2285 0.0858
vn -0.9937 -0.0715 0.0860
vn -0.9235 -0.3823 0.0324
vn -0.7421 -0.6685 -0.0490
vn -0.3887 -0.9156 -0.1029
vn -0.0171 -0.9909 -0.1334
vn 0.4373 -0.8690 -0.2317
vn 0.9594 0.0572 -0.2761
vn 0.9498 -0.1494 -0.2749
vn 0.9894 0.1017 -0.1041
vn 0.9866 -0.1382 -0.0870
vn 0.9780 0.1717 -0.1188
vn 0.9897 -0.1043 -0.0976
vn 0.9634 0.1791 -0.1993
vn 0.9820 -0.0999 -0.1605
vn 0.9525 0.1824 -0.2438
vn 0.9792 -0.0809 -0.1862
vn 0.9650 0.1934 -0.1769
vn 0.9900 -0.0572 -0.1292
vn 0.9747 0.2001 -0.0997
vn 0.9972 -0.0433 -0.0602
vn 0.9793 0.1700 -0.1094
vn 0.9967 -0.0486 -0.0650
vn 0.9776 0.0086 -0.2103
vn 0.9732 -0.0667 -0.2202
vn 0.8292 0.4982 -0.2533
vn 0.5607 0.8041 -0.1979
vn 0.8324 0.5406 -0.1216
vn 0.5392 0.8240 -0.1739
vn 0.7833 0.6070 -0.1344
vn 0.4708 0.8672 -0.1625
vn 0.7757 0.5909 -0.2218
vn 0.4433 0.8637 -0.2396
vn 0.7634 0.5782 -0.2879
vn 0.3928 0.8660 -0.3096
vn 0.8008 0.5589 -0.2153
vn 0.4160 0.8839 -0.2135
vn 0.8351 0.5322 -0.1392
vn 0.4378 0.8800 -0.1841
vn 0.8502 0.4953 -0.1785
vn 0.3727 0.8813 -0.2907
vn 0.8787 0.4010 -0.2588
vn 0.2684 0.8696 -0.4146
vn 0.7746 -0.5968 -0.2092
vn 0.8067 -0.5873 -0.0656
vn 0.7972 -0.6014 -0.0532
vn 0.8023 -0.5945 -0.0530
vn 0.8347 -0.5495 -0.0373
vn 0.8681 -0.4962 -0.0153
vn 0.8829 -0.4688 0.0260
vn 0.8917 -0.4513 0.0350
vn 0.8681 -0.4891 -0.0851
vn 0.5138 -0.8488 -0.1246
vn 0.5102 -0.8576 -0.0650
vn 0.4788 -0.8776 -0.0228
vn 0.4869 -0.8724 0.0438
vn 0.5862 -0.8047 0.0942
vn 0.5977 -0.7959 0.0966
vn 0.6026 -0.7900 0.1133
vn 0.4981 -0.8649 -0.0621
vn 0.0131 -0.9959 -0.0892
vn 0.0185 -0.9988 -0.0463
vn 0.0004 -0.9999 0.0125
vn 0.0534 -0.9756 0.2129
vn 0.0929 -0.9797 0.1774
vn 0.1046 -0.9846 0.1404
vn 0.1164 -0.9809 0.1561
vn 0.1734 -0.9822 -0.0726
vn -0.3780 -0.9245 -0.0490
vn -0.3578 -0.9337 -0.0099
vn -0.3495 -0.9361 0.0395
vn -0.3280 -0.9151 0.2348
vn -0.3267 -0.9254 0.1920
vn -0.3339 -0.9320 0.1409
vn -0.3526 -0.9239 0.1485
vn -0.3720 -0.9282 0.0018
vn -0.7029 -0.7112 0.0080
vn -0.6647 -0.7464 0.0322
vn -0.6511 -0.7563 0.0635
vn -0.6427 -0.7361 0.2122
vn -0.6567 -0.7356 0.1665
vn -0.6715 -0.7327 0.1104
vn -0.6871 -0.7187 0.1065
vn -0.6918 -0.7220 -0.0124
vn -0.9005 -0.4302 0.0634
vn -0.8917 -0.4484 0.0616
vn -0.8894 -0.4521 0.0683
vn -0.8799 -0.4458 0.1646
vn -0.8918 -0.4362 0.1201
vn -0.9040 -0.4232 0.0604
vn -0.9169 -0.3980 0.0308
vn -0.9326 -0.3289 -0.1486
vn -0.9918 -0.0973 0.0826
vn -0.9932 -0.0995 0.0607
vn -0.9939 -0.0984 0.0502
vn -0.9894 -0.1035 0.1018
vn -0.9925 -0.0998 0.0707
vn -0.9944 -0.1039 0.0167
vn -0.9945 -0.0937 -0.0473
vn -0.9649 -0.1242 -0.2316
vn 0.5399 -0.8349 0.1071
vn 0.0085 -0.9931 0.1172
vn -0.3347 -0.9313 0.1433
vn -0.1255 0.9831 -0.1334
vn -0.6027 0.7964 -0.0500
vn -0.1121 0.9803 -0.1624
vn -0.5805 0.8094 -0.0883
vn -0.1218 0.9813 -0.1493
vn -0.5782 0.8105 -0.0933
vn -0.1186 0.9680 -0.2210
vn -0.5985 0.7899 -0.1338
vn -0.1407 0.9505 -0.2771
vn -0.5955 0.7870 -0.1614
vn -0.1102 0.9804 -0.1633
vn -0.5794 0.8102 -0.0888
vn -0.0678 0.9772 -0.2010
vn -0.5437 0.8279 -0.1378
vn -0.0958 0.9324 -0.3486
vn -0.4647 0.8247 -0.3223
vn -0.1444 0.8883 -0.4360
vn -0.4573 0.7964 -0.3956
vn -0.9919 -0.1032 0.0735
vn -0.9705 0.2321 0.0646
vn -0.9686 0.2470 0.0295
vn -0.9647 0.2632 0.0065
vn -0.9612 0.2756 0.0070
vn -0.9641 0.2645 0.0237
vn -0.9652 0.2606 0.0200
vn -0.9679 0.2504 -0.0204
vn -0.9671 0.2260 -0.1166
vn -0.8462 0.5325 0.0163
vn -0.8400 0.5422 -0.0208
vn -0.8394 0.5419 -0.0415
vn -0.8451 0.5320 -0.0522
vn -0.8473 0.5287 -0.0509
vn -0.8428 0.5375 -0.0281
vn -0.8408 0.5376 -0.0630
vn -0.7958 0.5662 -0.2146
vn -0.8378 0.4583 -0.2966
vn -0.8794 -0.4608 0.1195
vn -0.6375 -0.7566 0.1455
vn 0.4517 -0.4193 -0.7875
vn -0.3033 -0.5202 -0.7984
vn 0.4257 0.2604 -0.8666
vn -0.3491 0.3142 -0.8829
vn -0.4164 0.9023 -0.1118
vn -0.3018 0.9525 -0.0402
vn -0.3020 0.9429 0.1402
vn -0.3969 0.8316 0.3885
vn -0.5536 0.5157 0.6539
vn -0.6422 0.0145 0.7664
vn -0.5549 -0.4761 0.6822
vn -0.3743 -0.7941 0.4789
vn -0.2541 -0.9320 0.2585
vn -0.1765 -0.9836 0.0381
vn -0.1341 -0.9872 -0.0865
vn -0.1452 -0.9753 -0.1666
vn -0.2013 -0.9552 -0.2172
vn -0.2851 -0.9228 -0.2590
vn -0.0101 0.7858 -0.6184
vn 0.6347 0.6487 -0.4200
vn 0.7042 0.6430 -0.3011
vn 0.7929 0.5873 -0.1625
vn 0.7796 0.6234 -0.0598
vn 0.7438 0.6408 -0.1904
vn 0.6860 0.5860 -0.4313
vn 0.3853 0.5971 -0.7036
vn -0.0524 0.6587 -0.7506
vn 0.1184 -0.1679 -0.9787
vn 0.8050 -0.1754 -0.5667
vn 0.9092 -0.1100 -0.4015
vn 0.9814 -0.0845 -0.1726
vn 0.9996 -0.0257 -0.0068
vn 0.9829 -0.0260 -0.1825
vn 0.8738 -0.0271 -0.4856
vn 0.5654 -0.0335 -0.8241
vn 0.0171 0.0253 -0.9995
vn -0.2365 -0.8980 -0.3711
vn -0.1774 -0.9433 -0.2806
vn -0.1917 -0.9665 -0.1707
vn -0.2459 -0.9680 -0.0496
vn -0.3351 -0.9376 0.0928
vn -0.4538 -0.8412 0.2941
vn -0.5843 -0.6573 0.4760
vn -0.7191 -0.3341 0.6093
vn -0.7689 0.0104 0.6393
vn -0.7113 0.4180 0.5651
vn -0.5594 0.7392 0.3751
vn -0.3896 0.9066 0.1622
vn -0.2800 0.9593 -0.0368
vn -0.3136 0.9194 -0.2375
vn 0.0236 -0.7045 -0.7093
vn 0.5881 -0.6619 -0.4647
vn 0.7273 -0.6095 -0.3154
vn 0.8188 -0.5593 -0.1290
vn 0.8221 -0.5513 -0.1421
vn 0.7430 -0.5423 -0.3921
vn 0.5017 -0.5287 -0.6846
vn 0.0734 -0.4662 -0.8816
vn 0.8463 -0.5326 0.0098
vn 0.0297 -0.8875 -0.4599
vn -0.0551 -0.9624 -0.2662
vn -0.1842 -0.9788 -0.0891
vn -0.3204 -0.9462 0.0445
vn -0.4892 -0.8518 0.1873
vn -0.7693 -0.4522 0.4513
vn -0.8394 -0.1629 0.5185
vn -0.7940 0.3857 0.4699
vn -0.6756 0.6302 0.3827
vn -0.4949 0.8292 0.2597
vn -0.8482 0.1076 0.5186
vn -0.2151 0.9763 0.0230
vn 0.0072 0.9677 -0.2518
vn -0.6524 -0.6792 0.3362
vn 0.3216 -0.8945 -0.3107
vn 0.4339 -0.8853 -0.1674
vn 0.5231 -0.8505 -0.0543
vn 0.5194 -0.8545 0.0062
vn 0.4730 -0.8745 -0.1071
vn 0.4245 -0.8655 -0.2660
vn 0.3290 -0.8284 -0.4533
vn 0.0877 -0.8698 -0.4856
vn 0.2366 0.9529 -0.1897
vn 0.3257 0.9392 -0.1092
vn 0.3775 0.9225 -0.0804
vn 0.3545 0.9288 -0.1078
vn 0.3371 0.9206 -0.1969
vn 0.2916 0.8755 -0.3853
vn 0.0722 -0.9863 -0.1486
vn 0.1405 -0.9897 -0.0278
vn 0.1943 -0.9808 0.0161
vn 0.2019 -0.9794 -0.0055
vn 0.1959 -0.9761 -0.0937
vn 0.1637 -0.9587 -0.2324
vn -0.3804 -0.9120 0.1535
vn -0.4505 -0.8749 0.1778
vn -0.4987 -0.8588 0.1172
vn -0.4832 -0.8753 0.0178
vn -0.4981 -0.8597 -0.1133
vn -0.5892 -0.7656 -0.2583
vn -0.6637 -0.5940 -0.4547
vn -0.6911 -0.1208 -0.7126
vn -0.7631 0.1046 -0.6377
vn -0.7749 0.4247 -0.4682
vn -0.5678 0.5512 -0.6113
vn -0.5558 0.0628 -0.8290
vn -0.4353 -0.3138 -0.8438
vn -0.2307 -0.8306 -0.5068
vn -0.0924 -0.9677 -0.2346
vn -0.0697 -0.9940 -0.0845
vn -0.1129 -0.9936 0.0083
vn -0.1600 -0.9840 0.0782
vn -0.1602 -0.9832 0.0877
vn -0.1584 -0.9873 0.0114
vn -0.6234 -0.7236 0.2965
vn -0.7716 -0.5125 0.3768
vn -0.8580 -0.2821 0.4293
vn -0.8913 -0.0564 0.4498
vn -0.8783 0.1900 0.4387
vn -0.8216 0.4088 0.3972
vn -0.7163 0.6115 0.3360
vn -0.5231 0.8192 0.2351
vn -0.1150 0.9931 0.0222
vn -0.7536 -0.6061 0.2545
vn -0.8856 -0.3823 0.2636
vn -0.9494 -0.1748 0.2611
vn -0.9682 0.0050 0.2502
vn -0.9470 0.2145 0.2390
vn -0.8786 0.4220 0.2235
vn -0.7799 0.5897 0.2098
vn -0.5678 0.8077 0.1586
vn -0.0815 0.9966 0.0140
vn -0.7993 0.4890 -0.3493
vn -0.7661 0.5785 -0.2801
vn -0.7758 0.6278 -0.0634
vn -0.8210 0.5616 0.1029
vn -0.0615 0.9089 -0.4125
vn -0.5486 0.7432 -0.3831
vn -0.5094 0.8274 -0.2363
vn -0.5003 0.8604 -0.0971
vn -0.5582 0.8286 0.0440
vn -0.0879 0.9734 -0.2116
vn -0.1045 0.9874 -0.1186
vn -0.0913 0.9953 -0.0334
vn -0.8388 -0.5294 0.1272
vn -0.8446 -0.5350 -0.0184
vn -0.8768 -0.4362 -0.2024
vn -0.9042 -0.3248 -0.2775
vn -0.8948 -0.2443 -0.3736
vn -0.9064 0.0974 -0.4112
vn -0.9451 0.1142 -0.3061
vn -0.9370 0.0841 -0.3391
vn -0.9952 0.0780 -0.0593
vn -0.9915 0.0770 0.1048
vn -0.9505 -0.1232 -0.2853
vn -0.9506 -0.2850 0.1229
vn -0.9525 -0.3003 -0.0500
vn -0.9191 -0.1051 -0.3798
vn -0.9393 -0.2002 -0.2785
vn -0.9547 0.0341 -0.2957
vn -0.9943 -0.0872 -0.0607
vn -0.9040 0.0870 -0.4185
vn -0.9907 -0.0705 0.1161
vn -0.9458 -0.0326 -0.3232
vn -0.9225 0.3708 0.1072
vn -0.9743 0.2018 0.1004
vn -0.9752 0.2148 -0.0530
vn -0.9095 0.4127 -0.0499
vn -0.9180 0.2128 -0.3346
vn -0.8631 0.3949 -0.3147
vn -0.9241 0.2177 -0.3141
vn -0.8660 0.3725 -0.3336
vn -0.8246 0.3678 -0.4299
vn -0.8904 0.2140 -0.4018
vn -0.0893 0.9958 -0.0215
vn -0.1143 0.9930 -0.0293
vn -0.1042 0.9942 -0.0254
vn -0.1220 0.9925 -0.0060
vn -0.2758 0.9611 0.0174
vn -0.4199 0.9074 0.0135
vn -0.4733 0.8809 -0.0048
vn -0.4921 0.8698 -0.0365
vn -0.0277 0.9996 -0.0097
vn 0.0435 0.9990 -0.0126
vn 0.0546 0.9981 -0.0302
vn -0.0079 0.9990 -0.0435
vn -0.0554 0.9976 -0.0409
vn -0.0027 0.9998 -0.0201
vn 0.1030 0.9946 0.0153
vn 0.2040 0.9780 0.0439
vn 0.2814 0.9572 0.0672
vn 0.4058 0.9097 0.0879
vn 0.5506 0.8283 0.1039
vn 0.5802 0.8068 0.1118
vn 0.6021 0.7914 0.1053
vn 0.7181 0.6898 0.0920
vn 0.8833 0.4628 0.0755
vn 0.9865 0.1530 0.0578
vn 0.9878 -0.1514 0.0373
vn 0.8927 -0.4507 0.0015
vn 0.7190 -0.6937 -0.0425
vn 0.5193 -0.8502 -0.0862
vn 0.3058 -0.9450 -0.1158
vn 0.1094 -0.9871 -0.1166
vn -0.0778 -0.9923 -0.0965
vn -0.1120 -0.9908 -0.0759
vn -0.0522 -0.9968 -0.0606
vn 0.0268 -0.9984 -0.0490
vn 0.0420 -0.9982 -0.0432
vn 0.0172 -0.9990 -0.0401
vn 0.0053 -0.9987 -0.0501
vn 0.0615 -0.9947 -0.0822
vn 0.1994 -0.9741 -0.1063
vn 0.2770 -0.9548 -0.1080
vn 0.2211 -0.9652 -0.1398
vn 0.0590 -0.9775 -0.2025
vn -0.1443 -0.9614 -0.2342
vn -0.3389 0.9407 -0.0118
vn -0.3647 0.9309 0.0186
vn -0.3258 0.9447 0.0363
vn -0.2409 0.9698 0.0380
vn -0.1505 0.9883 0.0236
vn -0.1181 0.9929 0.0136
vn -0.0961 0.9953 0.0105
vn -0.0686 0.9976 0.0074
vn -0.0390 0.9992 -0.0002
vn -0.0130 0.9998 -0.0118
vn 0.0030 0.9998 -0.0209
vn 0.0186 0.9997 -0.0182
vn 0.0432 0.9991 -0.0001
vn 0.1182 0.9928 0.0192
vn 0.1917 0.9808 0.0355
vn 0.2794 0.9588 0.0505
vn 0.3803 0.9222 0.0696
vn 0.4987 0.8626 0.0852
vn 0.5749 0.8136 0.0868
vn 0.5627 0.8226 0.0816
vn 0.7123 0.6964 0.0875
vn 0.8865 0.4535 0.0921
vn 0.9827 0.1643 0.0859
vn 0.9925 -0.0988 0.0714
vn 0.9327 -0.3579 0.0439
vn 0.7911 -0.6116 -0.0002
vn 0.5961 -0.8013 -0.0516
vn 0.3387 -0.9356 -0.0998
vn 0.0918 -0.9879 -0.1250
vn -0.1101 -0.9852 -0.1313
vn -0.1386 -0.9820 -0.1285
vn -0.0708 -0.9902 -0.1203
vn 0.0351 -0.9931 -0.1119
vn 0.0631 -0.9916 -0.1133
vn 0.0352 -0.9920 -0.1216
vn 0.0326 -0.9914 -0.1269
vn 0.0958 -0.9872 -0.1273
vn 0.2000 -0.9720 -0.1233
vn 0.2885 -0.9499 -0.1204
vn 0.2950 -0.9447 -0.1435
vn 0.1495 -0.9727 -0.1776
vn -0.0663 -0.9788 -0.1937
vn 0.5850 0.8071 0.0796
vn -0.2840 0.9499 0.1307
vn -0.3401 0.8733 0.3489
vn -0.5145 0.5966 0.6160
vn -0.6231 0.0399 0.7811
vn -0.4874 -0.5317 0.6926
vn -0.2923 -0.8378 0.4611
vn -0.1672 -0.9588 0.2298
vn -0.0785 -0.9969 -0.0057
vn -0.0155 -0.9916 -0.1280
vn -0.0150 -0.9846 -0.1743
vn 0.1816 -0.9612 -0.2077
vn 0.1189 -0.9756 -0.1843
vn -0.0545 -0.9974 -0.0470
vn -0.1975 -0.9613 0.1919
vn -0.3211 -0.8618 0.3928
vn -0.5897 -0.5956 0.5455
vn -0.8254 -0.0188 0.5642
vn -0.6667 0.6101 0.4282
vn -0.3731 0.8772 0.3022
vn -0.3039 0.9441 0.1276
vn -0.2934 0.9482 0.1216
vn -0.3761 0.8908 0.2551
vn -0.5192 0.8002 0.3000
vn -0.2529 0.9615 0.1078
vn -0.3383 0.9163 0.2143
vn -0.4424 0.8632 0.2432
vn -0.1902 0.9781 0.0845
vn -0.2673 0.9466 0.1803
vn -0.3425 0.9160 0.2088
vn -0.1496 0.9867 0.0629
vn -0.2123 0.9650 0.1539
vn -0.2663 0.9459 0.1852
vn -0.1151 0.9922 0.0483
vn -0.1598 0.9777 0.1365
vn -0.1964 0.9652 0.1726
vn -0.0847 0.9956 0.0407
vn -0.1063 0.9862 0.1269
vn -0.1289 0.9781 0.1636
vn -0.0586 0.9976 0.0369
vn -0.0577 0.9908 0.1221
vn -0.0596 0.9855 0.1586
vn -0.0257 0.9990 0.0374
vn -0.0019 0.9924 0.1229
vn 0.0110 0.9877 0.1562
vn 0.0120 0.9990 0.0420
vn 0.0561 0.9903 0.1271
vn 0.0796 0.9846 0.1558
vn 0.0610 0.9969 0.0498
vn 0.1169 0.9839 0.1349
vn 0.1498 0.9761 0.1576
vn 0.1054 0.9927 0.0591
vn 0.1619 0.9760 0.1459
vn 0.1990 0.9662 0.1639
vn 0.1736 0.9825 0.0667
vn 0.2221 0.9627 0.1545
vn 0.2562 0.9516 0.1694
vn 0.2388 0.9680 0.0773
vn 0.2871 0.9438 0.1639
vn 0.3222 0.9301 0.1764
vn 0.3338 0.9383 0.0901
vn 0.3722 0.9120 0.1723
vn 0.4031 0.8965 0.1836
vn 0.4347 0.8947 0.1028
vn 0.4611 0.8691 0.1792
vn 0.4906 0.8503 0.1906
vn 0.5274 0.8428 0.1072
vn 0.5473 0.8158 0.1869
vn 0.5913 0.7794 0.2073
vn 0.5734 0.8122 0.1071
vn 0.6161 0.7614 0.2016
vn 0.6885 0.6818 0.2471
vn 0.5724 0.8118 0.1157
vn 0.6682 0.7064 0.2334
vn 0.7884 0.5291 0.3139
vn 0.6317 0.7623 0.1410
vn 0.7709 0.6080 0.1898
vn 0.9149 0.3335 0.2273
vn 0.9672 0.0943 0.2358
vn 0.9675 -0.1135 0.2259
vn 0.9254 -0.3170 0.2076
vn 0.8180 -0.5486 0.1726
vn 0.6463 -0.7529 0.1242
vn 0.4184 -0.9063 0.0594
vn 0.1942 -0.9807 -0.0219
vn 0.0034 -0.9929 -0.1191
vn -0.0659 -0.9758 -0.2083
vn -0.0383 -0.9669 -0.2524
vn 0.0415 -0.9662 -0.2545
vn 0.0804 -0.9661 -0.2455
vn 0.0628 -0.9675 -0.2448
vn 0.0560 -0.9670 -0.2484
vn 0.1257 -0.9605 -0.2485
vn 0.2323 -0.9405 -0.2482
vn 0.3186 -0.9175 -0.2380
vn 0.3224 -0.9188 -0.2276
vn 0.0653 -0.9655 -0.2521
vn 0.0618 -0.9569 -0.2838
vn 0.0964 -0.9514 -0.2924
vn 0.1152 -0.9450 -0.3060
vn 0.1333 -0.9370 -0.3230
vn 0.1926 -0.9262 -0.3242
vn 0.2484 -0.9180 -0.3090
vn 0.2716 -0.9208 -0.2799
vn 0.2364 -0.9417 -0.2392
vn 0.1381 -0.9766 -0.1648
vn 0.2746 -0.9612 -0.0254
vn 0.4287 -0.8969 0.1081
vn 0.5569 -0.8054 0.2030
vn 0.6829 -0.6805 0.2658
vn 0.8044 -0.4994 0.3217
vn 0.8763 -0.3122 0.3669
vn 0.9058 -0.1558 0.3940
vn 0.9136 -0.0300 0.4055
vn 0.9070 0.1331 0.3995
vn 0.8554 0.3717 0.3607
vn 0.7581 0.5834 0.2914
vn 0.1047 -0.9806 -0.1660
vn 0.1277 -0.9743 -0.1854
vn 0.0970 -0.9717 -0.2153
vn 0.1118 -0.9682 -0.2239
vn 0.1223 -0.9701 -0.2097
vn 0.1073 -0.9769 -0.1851
vn 0.0937 -0.9847 -0.1471
vn 0.1429 -0.9863 -0.0820
vn 0.2504 -0.9677 0.0282
vn 0.3927 -0.9047 0.1654
vn 0.5050 -0.8128 0.2904
vn 0.5820 -0.7208 0.3766
vn 0.6554 -0.6143 0.4393
vn 0.7399 -0.4471 0.5026
vn 0.7832 -0.2987 0.5453
vn 0.8073 -0.2027 0.5543
vn 0.8251 -0.1509 0.5444
vn 0.8517 -0.0753 0.5186
vn 0.8816 0.0740 0.4661
vn 0.8687 0.3010 0.3933
vn -0.0190 -0.9946 -0.1018
vn -0.1167 -0.9867 0.1130
vn -0.0944 -0.9901 0.1034
vn -0.0275 -0.9961 0.0843
vn 0.0344 -0.9977 0.0587
vn 0.0711 -0.9969 0.0329
vn 0.1074 -0.9936 0.0340
vn 0.1721 -0.9836 0.0532
vn 0.3085 -0.9379 0.1588
vn 0.4509 -0.8658 0.2170
vn 0.5722 -0.7779 0.2597
vn 0.6677 -0.6829 0.2963
vn 0.7412 -0.5866 0.3264
vn 0.8276 -0.4459 0.3408
vn 0.8848 -0.3313 0.3278
vn 0.9323 -0.2089 0.2953
vn 0.9606 -0.1051 0.2573
vn 0.9760 -0.0149 0.2174
vn 0.9737 0.1394 0.1804
vn 0.9347 0.3247 0.1448
vn 0.8531 0.5127 0.0971
vn 0.7589 0.6498 0.0423
vn 0.6413 0.7672 0.0124
vn 0.5229 0.8523 -0.0092
vn 0.4145 0.9097 -0.0243
vn 0.3175 0.9476 -0.0363
vn 0.2391 0.9699 -0.0450
vn 0.1752 0.9834 -0.0482
vn 0.1298 0.9904 -0.0474
vn 0.0606 0.9971 -0.0454
vn -0.0089 0.9991 -0.0409
vn -0.0852 0.9958 -0.0347
vn -0.1634 0.9862 -0.0271
vn -0.2336 0.9721 -0.0195
vn -0.3135 0.9495 -0.0128
vn -0.4036 0.9149 -0.0023
vn -0.5232 0.8521 0.0114
vn -0.6395 0.7675 0.0436
vn -0.8802 0.4690 0.0726
vn -0.9909 -0.1021 0.0878
vn -0.7316 -0.6581 0.1779
vn -0.3014 -0.8909 0.3398
vn -0.2510 -0.9270 0.2786
vn -0.4239 -0.8990 0.1103
vn -0.1572 -0.9575 0.2417
vn -0.2775 -0.9568 0.0864
vn -0.0653 -0.9762 0.2068
vn 0.0119 -0.9845 0.1749
vn 0.1023 -0.9809 0.1653
vn 0.2010 -0.9643 0.1722
vn -0.1485 -0.9863 0.0721
vn -0.0341 -0.9973 0.0647
vn 0.0944 -0.9931 0.0698
vn 0.2052 -0.9754 0.0808
vn -0.5678 -0.8200 -0.0719
vn -0.3738 -0.9254 -0.0627
vn -0.1925 -0.9799 -0.0525
vn -0.0229 -0.9989 -0.0408
vn 0.1383 -0.9900 -0.0287
vn 0.2802 -0.9598 -0.0180
vn 0.4117 -0.9113 -0.0070
vn 0.5225 -0.8526 0.0012
vn 0.6311 -0.7757 0.0073
vn 0.7130 -0.7011 0.0118
vn 0.7680 -0.6403 0.0147
vn 0.8066 -0.5909 0.0153
vn 0.8492 -0.5278 0.0151
vn 0.8925 -0.4508 0.0147
vn 0.9291 -0.3696 0.0132
vn 0.9607 -0.2775 0.0109
vn 0.9887 -0.1495 0.0053
vn 0.9996 0.0268 -0.0052
vn 0.9740 0.2257 -0.0192
vn 0.9107 0.4115 -0.0350
vn 0.7716 0.6340 -0.0518
vn 0.6465 0.7601 -0.0653
vn 0.4957 0.8650 -0.0784
vn 0.3740 0.9232 -0.0878
vn 0.2589 0.9612 -0.0952
vn 0.1557 0.9827 -0.1005
vn 0.0867 0.9909 -0.1027
vn -0.0038 0.9945 -0.1047
vn -0.0815 0.9911 -0.1049
vn -0.1744 0.9790 -0.1058
vn -0.8571 -0.5075 -0.0886
vn -0.9867 -0.1234 -0.1055
vn -0.8975 0.4240 -0.1215
vn -0.7021 0.7026 -0.1163
vn -0.5660 0.8168 -0.1113
vn -0.4560 0.8835 -0.1070
vn -0.3745 0.9212 -0.1054
vn -0.3080 0.9456 -0.1050
vn -0.2493 0.9627 -0.1056
vn -0.2575 0.1455 0.9553
vn -0.2350 0.1696 0.9571
vn -0.2304 0.1758 0.9571
vn -0.2278 0.1808 0.9568
vn -0.2353 0.1660 0.9576
vn -0.2551 0.1118 0.9604
vn -0.2596 0.0908 0.9614
vn -0.2533 0.0234 0.9671
vn -0.2315 -0.0683 0.9704
vn -0.1185 0.2343 0.9649
vn 0.0259 0.3092 0.9506
vn 0.0151 0.3076 0.9514
vn -0.0091 0.3044 0.9525
vn -0.0081 0.3021 0.9532
vn 0.0052 0.2925 0.9563
vn 0.0730 0.2555 0.9640
vn 0.1304 0.2214 0.9664
vn 0.1623 0.1884 0.9686
vn 0.2063 0.1109 0.9722
vn 0.2206 0.0919 0.9710
vn 0.2213 0.1001 0.9701
vn 0.2286 0.0557 0.9719
vn 0.2291 0.0348 0.9728
vn 0.2269 0.0269 0.9735
vn 0.2160 -0.0318 0.9759
vn 0.2022 -0.0879 0.9754
vn 0.1917 -0.1154 0.9746
vn 0.1603 -0.1817 0.9702
vn 0.1624 -0.1840 0.9694
vn 0.2142 -0.0922 0.9724
vn 0.1750 -0.1210 0.9771
vn 0.0983 -0.1738 0.9799
vn 0.0573 -0.1972 0.9787
vn 0.0504 -0.2037 0.9777
vn -0.0033 -0.1999 0.9798
vn -0.1034 -0.1720 0.9797
vn -0.1721 -0.1410 0.9749
vn -0.2176 -0.1041 0.9705
vn -0.2222 -0.1089 0.9689
vn -0.4263 -0.4187 0.8018
vn -0.3566 -0.4867 0.7974
vn -0.2384 -0.5711 0.7855
vn -0.1010 -0.6245 0.7745
vn 0.0630 -0.6481 0.7589
vn 0.1832 -0.6391 0.7470
vn 0.2594 -0.6170 0.7429
vn 0.3449 -0.5686 0.7469
vn 0.4520 -0.4767 0.7539
vn 0.5064 -0.4132 0.7568
vn 0.4900 -0.4377 0.7539
vn 0.4972 -0.4221 0.7580
vn 0.5383 -0.3451 0.7688
vn 0.5700 -0.2692 0.7763
vn 0.5979 -0.1811 0.7808
vn 0.6160 -0.0991 0.7815
vn 0.6240 -0.0441 0.7802
vn 0.6249 0.0465 0.7793
vn 0.6128 0.1806 0.7693
vn 0.5995 0.2470 0.7613
vn 0.5380 0.3821 0.7514
vn 0.4530 0.5100 0.7313
vn 0.3551 0.6067 0.7112
vn 0.2552 0.6717 0.6955
vn 0.1417 0.7162 0.6834
vn 0.0691 0.7328 0.6770
vn 0.0374 0.7347 0.6774
vn -0.0021 0.7345 0.6787
vn -0.0220 0.7321 0.6809
vn -0.1941 0.6717 0.7150
vn -0.5258 -0.2414 0.8156
vn -0.5755 -0.0270 0.8173
vn -0.5546 0.2262 0.8008
vn -0.5035 0.3736 0.7790
vn -0.4452 0.4862 0.7519
vn -0.4021 0.5449 0.7358
vn -0.3745 0.5734 0.7287
vn -0.3517 0.5928 0.7245
vn -0.3489 0.5948 0.7242
vn -0.5740 -0.6965 0.4307
vn -0.5919 -0.8060 0.0052
vn -0.3960 -0.9180 0.0209
vn -0.4216 -0.8052 0.4171
vn -0.2081 -0.9776 0.0316
vn -0.2442 -0.8837 0.3993
vn -0.0292 -0.9988 0.0398
vn -0.0654 -0.9199 0.3867
vn 0.1408 -0.9890 0.0449
vn 0.1178 -0.9195 0.3750
vn 0.2884 -0.9563 0.0474
vn 0.2649 -0.8916 0.3673
vn 0.4190 -0.9067 0.0484
vn 0.3813 -0.8495 0.3646
vn 0.5306 -0.8463 0.0483
vn 0.4900 -0.7899 0.3688
vn 0.6438 -0.7638 0.0463
vn 0.6103 -0.6972 0.3761
vn 0.7234 -0.6891 0.0435
vn 0.6844 -0.6221 0.3804
vn 0.7721 -0.6342 0.0412
vn 0.7058 -0.5972 0.3811
vn 0.8049 -0.5921 0.0403
vn 0.7292 -0.5648 0.3865
vn 0.8492 -0.5267 0.0375
vn 0.7777 -0.4904 0.3933
vn 0.8907 -0.4534 0.0344
vn 0.8206 -0.4087 0.3994
vn 0.9278 -0.3719 0.0307
vn 0.8586 -0.3157 0.4040
vn 0.9589 -0.2826 0.0263
vn 0.8867 -0.2211 0.4061
vn 0.9862 -0.1646 0.0199
vn 0.9057 -0.1218 0.4060
vn 0.9999 -0.0084 0.0122
vn 0.9135 0.0185 0.4064
vn 0.9812 0.1932 0.0007
vn 0.8943 0.2077 0.3964
vn 0.9228 0.3851 -0.0111
vn 0.8529 0.3544 0.3834
vn 0.7838 0.6205 -0.0247
vn 0.7404 0.5645 0.3649
vn 0.6606 0.7500 -0.0339
vn 0.6220 0.7041 0.3426
vn 0.5065 0.8612 -0.0427
vn 0.4791 0.8172 0.3203
vn 0.3800 0.9237 -0.0483
vn 0.3536 0.8842 0.3052
vn 0.2594 0.9643 -0.0531
vn 0.2258 0.9287 0.2941
vn 0.1522 0.9867 -0.0574
vn 0.1255 0.9496 0.2871
vn 0.0806 0.9950 -0.0595
vn 0.0676 0.9558 0.2862
vn -0.0113 0.9980 -0.0624
vn -0.0080 0.9582 0.2861
vn -0.0875 0.9941 -0.0644
vn -0.0632 0.9555 0.2881
vn -0.1874 0.9801 -0.0649
vn -0.2081 0.9295 0.3045
vn -0.7893 -0.4135 0.4539
vn -0.8701 -0.4923 -0.0225
vn -0.8855 -0.0819 0.4573
vn -0.9916 -0.1201 -0.0482
vn -0.8255 0.3685 0.4275
vn -0.9027 0.4241 -0.0730
vn -0.6899 0.6122 0.3863
vn -0.7115 0.6985 -0.0765
vn -0.5734 0.7399 0.3518
vn -0.5737 0.8155 -0.0756
vn -0.4840 0.8104 0.3302
vn -0.4652 0.8821 -0.0736
vn -0.4212 0.8491 0.3187
vn -0.3861 0.9197 -0.0717
vn -0.3701 0.8751 0.3117
vn -0.3224 0.9440 -0.0700
vn -0.3345 0.8906 0.3081
vn -0.2668 0.9613 -0.0686
vn 0.3289 -0.9386 0.1041
vn 0.4614 -0.8790 0.1198
vn 0.5770 -0.8066 0.1285
vn 0.6832 -0.7176 0.1356
vn 0.7562 -0.6393 0.1395
vn 0.8270 -0.5440 0.1415
vn 0.8711 -0.4717 0.1368
vn 0.9226 -0.3629 0.1310
vn 0.9589 -0.2570 0.1202
vn 0.9856 -0.1309 0.1074
vn 0.9949 0.0415 0.0917
vn 0.9643 0.2543 0.0741
vn 0.8872 0.4578 0.0570
vn 0.8489 0.5283 0.0120
vn 0.9357 0.3510 0.0368
vn 0.9879 0.1458 0.0534
vn 0.9950 -0.0766 0.0642
vn 0.9691 -0.2371 0.0687
vn 0.9353 -0.3473 0.0676
vn 0.8981 -0.4349 0.0654
vn 0.8474 -0.5276 0.0602
vn 0.8061 -0.5891 0.0564
vn 0.7495 -0.6601 0.0503
vn 0.6832 -0.7291 0.0401
vn 0.5894 -0.8075 0.0257
vn 0.4831 -0.8755 0.0078
vn 0.3685 -0.9295 -0.0143
vn 0.2416 -0.9695 -0.0399
vn 0.1171 -0.9913 -0.0597
vn -0.0283 -0.9966 -0.0771
vn -0.1725 -0.9812 -0.0865
vn -0.3313 -0.9396 -0.0855
vn -0.5074 -0.8587 -0.0723
vn -0.8281 -0.5579 -0.0551
vn -0.9914 -0.1211 -0.0502
vn -0.8982 0.4356 -0.0598
vn -0.6873 0.7241 -0.0581
vn -0.5536 0.8306 -0.0603
vn -0.4374 0.8972 -0.0610
vn -0.3499 0.9345 -0.0647
vn -0.2764 0.9585 -0.0696
vn -0.2134 0.9740 -0.0756
vn -0.1349 0.9875 -0.0811
vn -0.0474 0.9952 -0.0852
vn 0.0268 0.9957 -0.0890
vn 0.1059 0.9903 -0.0898
vn 0.1610 0.9829 -0.0891
vn 0.2468 0.9655 -0.0830
vn 0.3464 0.9353 -0.0720
vn 0.4544 0.8890 -0.0568
vn 0.5891 0.8072 -0.0363
vn 0.7184 0.6955 -0.0129
vn -0.0443 0.9964 -0.0721
vn -0.0836 0.9918 -0.0968
vn -0.1520 0.9844 -0.0889
vn -0.0298 0.9973 -0.0666
vn -0.1355 0.9906 -0.0199
vn -0.4083 0.9112 0.0547
vn -0.5126 0.8562 0.0652
vn -0.5686 0.8216 0.0402
vn -0.6357 0.7719 -0.0039
vn -0.6169 0.7789 -0.1135
vn -0.6688 0.6868 -0.2846
vn -0.7918 0.2117 -0.5729
vn -0.7160 -0.4108 -0.5645
vn -0.4797 -0.8312 -0.2812
vn -0.3062 -0.9317 -0.1955
vn -0.1079 -0.9828 -0.1498
vn 0.0634 -0.9938 -0.0912
vn 0.2305 -0.9714 -0.0570
vn 0.2263 -0.9736 -0.0314
vn 0.0303 -0.9993 0.0221
vn -0.0505 -0.9957 0.0774
vn 0.0119 -0.9960 0.0884
vn 0.0744 -0.9953 0.0625
vn -0.0051 -0.9995 0.0325
vn -0.0884 -0.9951 0.0433
vn -0.0712 -0.9970 0.0318
vn 0.0951 -0.9950 -0.0295
vn 0.2669 -0.9595 -0.0905
vn 0.4150 -0.9019 -0.1195
vn 0.5821 -0.8054 -0.1116
vn 0.7677 -0.6357 -0.0812
vn 0.9232 -0.3824 -0.0392
vn 0.9971 -0.0757 0.0078
vn 0.9667 0.2499 0.0543
vn 0.8367 0.5396 0.0943
vn 0.6800 0.7220 0.1282
vn 0.5887 0.7950 0.1462
vn 0.5291 0.8396 0.1233
vn 0.3811 0.9234 0.0463
vn 0.2565 0.9664 -0.0139
vn 0.1688 0.9844 -0.0497
vn 0.0588 0.9950 -0.0805
vn -0.0669 0.9916 -0.1108
vn -0.0876 0.9884 -0.1239
vn -0.0019 0.9936 -0.1127
vn 0.1031 0.9908 -0.0880
vn 0.1093 0.9917 -0.0673
vn -0.0682 0.9894 -0.1284
vn -0.1722 0.9767 -0.1278
vn -0.0504 0.9920 -0.1158
vn 0.0048 0.9945 -0.1046
vn 0.0056 0.9990 -0.0445
vn -0.2964 0.9520 0.0762
vn -0.5869 0.7999 0.1255
vn -0.6820 0.7258 0.0906
vn -0.7655 0.6410 0.0553
vn -0.8216 0.5700 -0.0063
vn -0.9000 0.4177 -0.1244
vn -0.9671 0.0436 -0.2507
vn -0.8727 -0.4044 -0.2737
vn -0.6446 -0.7385 -0.1979
vn -0.3905 -0.9146 -0.1047
vn -0.1734 -0.9844 -0.0300
vn 0.0591 -0.9982 -0.0120
vn 0.2265 -0.9739 -0.0139
vn 0.1358 -0.9905 0.0223
vn -0.0668 -0.9944 0.0814
vn -0.0715 -0.9926 0.0982
vn 0.0484 -0.9960 0.0753
vn 0.1181 -0.9917 0.0503
vn -0.0600 -0.9959 0.0671
vn -0.1190 -0.9882 0.0967
vn 0.0265 -0.9974 0.0671
vn 0.2324 -0.9725 -0.0153
vn 0.3676 -0.9262 -0.0840
vn 0.4641 -0.8770 -0.1246
vn 0.5745 -0.8087 -0.1267
vn 0.7254 -0.6807 -0.1021
vn 0.8840 -0.4625 -0.0685
vn 0.9818 -0.1872 -0.0322
vn 0.9908 0.1336 0.0236
vn 0.8891 0.4501 0.0834
vn 0.7348 0.6656 0.1301
vn 0.6087 0.7759 0.1654
vn 0.4418 0.8884 0.1243
vn 0.2250 0.9744 -0.0034
vn 0.1514 0.9835 -0.0991
vn 0.1253 0.9822 -0.1397
vn 0.0455 0.9874 -0.1518
vn -0.0682 0.9858 -0.1532
vn -0.0902 0.9842 -0.1526
vn 0.0090 0.9880 -0.1543
vn 0.1312 0.9801 -0.1492
vn 0.1370 0.9815 -0.1341
vn 0.0722 0.9889 -0.1300
vn -0.0468 0.9895 -0.1371
vn -0.0997 0.9851 -0.1403
vn -0.0265 0.9900 -0.1384
vn 0.1004 0.9874 -0.1227
vn 0.1749 0.9804 -0.0909
vn 0.2488 0.9682 -0.0255
vn 0.3967 0.9143 0.0819
vn 0.5519 0.8187 0.1587
vn 0.6440 0.7498 0.1519
vn 0.7822 0.6128 0.1128
vn 0.9335 0.3527 0.0654
vn 0.9997 0.0217 0.0104
vn 0.9572 -0.2865 -0.0415
vn 0.8276 -0.5554 -0.0810
vn 0.6595 -0.7430 -0.1142
vn 0.5038 -0.8544 -0.1275
vn 0.3760 -0.9205 -0.1061
vn 0.2495 -0.9673 -0.0465
vn 0.0580 -0.9977 0.0364
vn -0.0847 -0.9921 0.0928
vn -0.0823 -0.9934 0.0798
vn 0.1044 -0.9927 0.0605
vn 0.0715 -0.9938 0.0855
vn -0.0263 -0.9936 0.1103
vn -0.0743 -0.9923 0.0988
vn 0.0834 -0.9955 0.0461
vn 0.2411 -0.9705 -0.0043
vn 0.1547 -0.9878 -0.0161
vn -0.0494 -0.9980 -0.0396
vn -0.2416 -0.9643 -0.1082
vn -0.4643 -0.8669 -0.1814
vn -0.7144 -0.6273 -0.3101
vn -0.9066 -0.1314 -0.4010
vn -0.8762 0.3787 -0.2981
vn -0.7595 0.6381 -0.1269
vn -0.7292 0.6842 -0.0141
vn -0.6694 0.7413 0.0492
vn -0.5897 0.8022 0.0934
vn -0.4763 0.8726 0.1084
vn -0.2060 0.9782 0.0261
vn -0.0162 0.9978 -0.0639
vn -0.0335 0.9947 -0.0976
vn -0.1635 0.9793 -0.1192
vn -0.1351 0.9841 -0.1149
vn 0.0472 0.9931 -0.1078
vn 0.1447 0.9824 -0.1180
vn -0.0474 0.9820 -0.1826
vn -0.1504 0.9806 -0.1260
vn -0.0140 0.9897 -0.1428
vn -0.0407 0.9672 -0.2506
vn -0.2148 0.9674 -0.1344
vn 0.0236 0.9739 -0.2256
vn 0.0714 0.8524 -0.5179
vn 0.1694 0.9018 -0.3975
vn 0.3742 0.7737 -0.5112
vn -0.4984 0.7566 -0.4232
vn -0.4856 0.6265 -0.6097
vn -0.5325 0.3621 -0.7651
vn 0.5186 0.6061 -0.6031
vn -0.5523 0.5744 -0.6041
vn 0.7372 0.2956 -0.6076
vn 0.7641 0.0013 -0.6451
vn 0.6504 -0.3479 -0.6753
vn 0.3780 -0.6954 -0.6112
vn 0.2618 -0.8292 -0.4938
vn -0.7575 0.2229 -0.6137
vn -0.8179 -0.1977 -0.5404
vn -0.7277 -0.4683 -0.5012
vn -0.5572 -0.6755 -0.4830
vn -0.3796 -0.8266 -0.4154
vn -0.1661 -0.8763 -0.4522
vn 0.1359 -0.7393 -0.6595
vn 0.2095 -0.5301 -0.8216
vn 0.3375 -0.1678 -0.9263
vn 0.4091 0.1660 -0.8973
vn 0.2994 0.9014 -0.3130
vn 0.2738 0.9356 -0.2227
vn 0.1464 0.9616 -0.2322
vn 0.2209 0.9614 -0.1639
vn 0.2498 0.9429 -0.2205
vn 0.1587 0.9704 -0.1820
vn -0.0323 0.9911 -0.1291
vn -0.0450 0.9743 -0.2206
vn -0.3203 0.9264 -0.1979
vn -0.5893 0.8046 -0.0738
vn -0.5649 0.8048 -0.1821
vn -0.7085 0.6893 -0.1515
vn -0.7817 0.6214 -0.0519
vn -0.7747 0.6185 -0.1311
vn -0.8312 0.5386 -0.1375
vn -0.8978 0.4194 -0.1341
vn -0.8811 0.4686 -0.0645
vn -0.9428 0.3068 -0.1301
vn -0.9744 0.2150 -0.0659
vn -0.9816 0.1426 -0.1271
vn -0.9939 0.0215 -0.1083
vn -0.9826 -0.1539 -0.1043
vn -0.9943 -0.0741 -0.0765
vn -0.9558 -0.2832 -0.0791
vn -0.9273 -0.3632 -0.0903
vn -0.8881 -0.4541 -0.0713
vn -0.8326 -0.5509 -0.0577
vn -0.3171 -0.9436 -0.0954
vn -0.5218 -0.8375 -0.1622
vn -0.3162 -0.9284 -0.1953
vn -0.3287 -0.9054 -0.2688
vn -0.0609 -0.9433 -0.3264
vn 0.0406 -0.9518 -0.3040
vn 0.1580 -0.8750 -0.4577
vn 0.1584 0.9712 -0.1782
vn 0.0508 0.9832 -0.1753
vn 0.0704 0.9907 -0.1166
vn 0.1135 0.9880 -0.1046
vn 0.1315 0.9845 -0.1156
vn -0.0328 0.9993 -0.0195
vn -0.4380 0.8938 0.0967
vn -0.3546 0.9350 -0.0077
vn -0.1420 0.9899 0.0002
vn -0.6132 0.7851 0.0875
vn -0.7473 0.6586 0.0879
vn -0.8285 0.5554 0.0718
vn -0.9868 0.1507 -0.0588
vn -0.9732 -0.1696 -0.1553
vn -0.6518 -0.7565 -0.0532
vn -0.7797 -0.6170 -0.1069
vn -0.5546 -0.8285 -0.0768
vn -0.8563 -0.4800 -0.1909
vn -0.6562 -0.7325 -0.1812
vn -0.4194 -0.8942 -0.1565
vn -0.1414 -0.9806 -0.1356
vn 0.1412 -0.9801 -0.1395
vn -0.1400 0.9848 -0.1030
vn -0.1120 0.9861 -0.1228
vn -0.1238 0.9803 -0.1540
vn -0.1967 0.9612 -0.1932
vn -0.3871 0.8224 -0.4169
vn 0.2153 0.6847 -0.6963
vn 0.3482 0.4591 -0.8173
vn 0.1231 -0.8399 -0.5286
vn -0.3496 -0.7398 -0.5749
vn -0.4842 -0.5614 -0.6711
vn -0.5927 -0.2924 -0.7505
vn -0.6195 0.0403 -0.7840
vn 0.1704 -0.9317 -0.3208
vn -0.2077 0.2848 -0.9358
vn -0.2288 -0.0481 -0.9723
vn -0.2243 -0.4065 -0.8857
vn -0.1567 -0.6438 -0.7490
vn -0.0861 -0.8152 -0.5728
vn -0.2155 0.5449 -0.8104
vn -0.2273 0.7700 -0.5962
vn -0.1884 0.8999 -0.3932
vn -0.1064 0.9736 -0.2019
vn -0.0721 0.9876 -0.1398
vn -0.0968 0.9892 -0.1103
vn 0.1773 -0.9749 -0.1349
vn -0.9202 0.3900 0.0345
vn 0.0203 -0.9802 -0.1971
vn 0.1788 -0.9567 -0.2296
vn 0.0658 -0.9698 -0.2348
vn -0.2630 -0.9353 -0.2368
vn -0.4941 -0.8447 -0.2057
vn -0.7248 -0.6685 -0.1667
vn -0.9008 -0.4077 -0.1498
vn -0.9867 -0.1311 -0.0956
vn -0.9852 0.1684 -0.0334
vn -0.9121 0.4099 0.0104
vn -0.8097 0.5860 0.0300
vn -0.7210 0.6913 0.0481
vn 0.1655 -0.9851 -0.0458
vn 0.1838 -0.9808 -0.0647
vn -0.0305 -0.9983 -0.0490
vn -0.3020 -0.9508 -0.0693
vn -0.5399 -0.8298 -0.1412
vn -0.7802 -0.5903 -0.2068
vn -0.9433 -0.2503 -0.2181
vn -0.9835 0.1208 -0.1350
vn -0.9143 0.4049 -0.0104
vn -0.8393 0.5393 0.0684
vn -0.7572 0.6471 0.0890
vn -0.6910 0.7144 0.1101
vn -0.2779 0.9559 -0.0953
vn -0.1894 0.9760 -0.1076
vn -0.1603 0.9834 -0.0847
vn -0.0546 0.9922 -0.1120
vn -0.0178 0.9963 -0.0841
vn 0.1158 0.9862 -0.1187
vn 0.2625 0.9580 -0.1154
vn 0.1867 0.9720 -0.1430
vn 0.2514 0.9550 -0.1572
vn 0.1691 0.9685 -0.1830
vn 0.0569 0.9897 -0.1315
vn -0.1487 0.9815 -0.1209
vn -0.0031 0.9781 -0.2080
vn -0.1194 0.9753 -0.1858
vn -0.1644 0.9719 -0.1687
vn 0.1790 0.9716 -0.1548
vn -0.0808 0.9857 -0.1480
vn -0.1717 0.9781 -0.1180
vn -0.0193 0.9938 -0.1097
vn 0.0751 0.9898 -0.1214
vn 0.1090 0.9919 -0.0652
vn 0.1746 0.9793 -0.1024
vn -0.0606 0.9825 -0.1762
vn 0.1848 0.9769 -0.1077
vn 0.5239 0.8518 0.0024
vn 0.1499 0.9783 -0.1432
vn 0.0786 0.9810 -0.1775
vn 0.0806 0.9805 -0.1791
vn 0.0513 0.9909 -0.1242
vn 0.3281 0.9446 0.0054
vn 0.6118 0.7858 0.0907
vn 0.4402 0.8978 -0.0095
vn 0.6689 0.7395 0.0758
vn 0.0668 0.9896 -0.1270
vn -0.0990 0.9818 -0.1621
vn -0.0046 0.9890 -0.1476
vn 0.1044 0.9841 -0.1437
vn 0.1174 0.9822 -0.1470
vn 0.1009 0.9894 -0.1046
vn 0.2425 0.9700 0.0163
vn 0.5236 0.8425 0.1268
vn 0.6896 0.7115 0.1353
vn 0.7048 0.7046 0.0827
vn 0.7579 0.6426 0.1124
vn 0.8186 0.5619 0.1191
vn 0.8292 0.5490 0.1048
vn 0.9899 0.1033 0.0966
vn 0.9954 0.0801 0.0528
vn 0.9962 -0.0434 0.0753
vn 0.9126 0.3962 0.1009
vn 0.8986 0.4237 0.1140
vn 0.9648 0.2570 0.0552
vn 0.9982 -0.0606 -0.0049
vn 0.9429 -0.3310 -0.0376
vn 0.9553 -0.2902 0.0560
vn 0.9825 -0.1850 0.0194
vn 0.9871 -0.1383 0.0811
vn 0.7990 -0.5973 -0.0701
vn 0.7993 -0.6008 0.0119
vn 0.8885 -0.4587 -0.0082
vn 0.8966 -0.4396 0.0532
vn 0.6732 -0.7394 -0.0061
vn 0.4449 -0.8920 -0.0798
vn 0.4052 -0.8956 -0.1835
vn 0.4143 -0.8699 -0.2675
vn 0.3448 -0.8921 -0.2920
vn 0.5884 -0.8074 -0.0438
vn 0.5193 -0.8452 -0.1265
vn 0.4486 -0.8861 -0.1166
vn 0.3624 -0.9290 -0.0751
vn 0.1994 -0.9798 -0.0145
vn 0.6357 -0.7651 -0.1025
vn 0.4671 -0.8773 -0.1102
vn 0.4547 -0.8754 -0.1642
vn 0.4059 -0.8955 -0.1827
vn 0.2646 -0.9464 -0.1851
vn 0.3346 -0.9368 -0.1025
vn 0.4354 -0.8914 -0.1256
vn 0.4852 -0.8651 -0.1273
vn 0.5470 -0.8318 -0.0949
vn 0.7069 -0.7056 -0.0496
vn 0.1450 -0.9425 -0.3010
vn 0.1317 -0.9892 -0.0644
vn 0.0029 -0.9854 -0.1703
vn -0.0354 -0.9982 0.0488
vn -0.1825 -0.9708 -0.1559
vn -0.1238 -0.9489 -0.2902
vn -0.1300 -0.9910 -0.0317
vn -0.1619 -0.9450 -0.2841
vn 0.0133 -0.9546 -0.2977
vn 0.1508 -0.9437 -0.2946
vn -0.1312 -0.9901 -0.0497
vn 0.1386 -0.9604 -0.2418
vn 0.0854 -0.9933 -0.0776
vn -0.0272 -0.9805 -0.1949
vn 0.0547 -0.9948 -0.0862
vn -0.1327 -0.9892 -0.0628
vn -0.1534 -0.9587 -0.2394
vn -0.0572 -0.9963 -0.0638
vn -0.0122 -0.9953 -0.0965
vn -0.1616 -0.9681 -0.1913
vn 0.9681 0.2281 0.1033
vn -0.1423 -0.9779 -0.1534
vn -0.0404 -0.9992 0.0078
vn 0.1233 -0.9878 -0.0955
vn 0.0714 -0.9967 0.0377
vn 0.0818 -0.9956 0.0450
vn 0.0356 -0.9977 0.0578
vn -0.0081 -0.9999 0.0121
vn 0.1163 -0.9932 -0.0054
vn 0.1070 -0.9943 0.0011
vn 0.0066 -0.9996 0.0261
vn -0.1095 -0.9933 0.0368
vn -0.1463 -0.9880 0.0490
vn -0.1140 -0.9829 -0.1447
vn 0.0361 -0.9872 -0.1555
vn 0.1344 -0.9738 -0.1833
vn 0.0966 -0.9746 -0.2023
vn -0.0677 -0.9816 -0.1785
vn 0.0839 -0.9100 -0.4061
vn -0.1689 -0.9255 -0.3390
vn 0.0974 -0.9098 -0.4036
vn -0.1322 -0.9669 -0.2181
vn -0.1448 -0.9288 -0.3412
vn 0.0438 -0.9168 -0.3971
vn -0.3126 -0.8978 -0.3103
vn -0.2301 -0.9518 -0.2030
vn 0.0456 -0.9804 -0.1915
vn 0.2671 -0.9157 -0.3002
vn 0.2103 -0.8866 -0.4120
vn 0.0108 -0.8891 -0.4575
vn -0.1586 -0.8911 -0.4252
vn -0.1326 -0.9113 -0.3898
vn 0.1296 -0.9179 -0.3750
vn 0.3512 -0.8406 -0.4123
vn 0.3257 -0.8444 -0.4253
vn 0.2245 -0.9334 -0.2799
vn 0.3198 -0.9405 -0.1145
vn 0.6282 -0.7775 -0.0291
vn 0.8942 -0.4459 0.0390
vn 0.9915 -0.1139 0.0634
vn 0.9884 0.1348 0.0695
vn 0.8767 0.4761 0.0688
vn 0.6351 0.7721 0.0205
vn 0.4321 0.8998 -0.0598
vn 0.0498 0.9818 -0.1832
vn -0.2252 0.9284 -0.2956
vn 0.1508 0.9406 -0.3041
vn 0.4300 0.8973 -0.0996
vn 0.1466 0.9892 -0.0021
vn -0.2916 0.9549 -0.0560
vn -0.3813 0.8970 -0.2234
vn 0.0001 0.9321 -0.3623
vn 0.3690 0.9086 -0.1957
vn 0.3372 0.9384 -0.0757
vn -0.2185 0.9729 -0.0752
vn -0.0538 0.9970 -0.0555
vn 0.1347 -0.8700 -0.4743
vn 0.1638 0.9838 -0.0726
vn 0.3549 0.9260 -0.1288
vn -0.3077 0.9395 -0.1503
vn -0.0706 0.9964 -0.0461
vn 0.2862 0.9569 -0.0483
vn -0.0632 0.9617 -0.2668
vn 0.3042 0.9385 -0.1634
vn -0.0900 0.9743 -0.2066
vn 0.3131 0.9464 -0.0793
vn 0.5860 0.8102 0.0137
vn 0.7683 0.6345 0.0839
vn 0.9596 0.2661 0.0914
vn 0.9969 -0.0043 0.0786
vn 0.9636 -0.2593 0.0657
vn 0.7829 -0.6219 0.0186
vn 0.5080 -0.8598 -0.0525
vn 0.3210 -0.9336 -0.1590
vn 0.3454 -0.8830 -0.3178
vn 0.3736 -0.8444 -0.3838
vn 0.2531 -0.8900 -0.3793
vn -0.0050 -0.9241 -0.3822
vn -0.1757 -0.9101 -0.3752
vn -0.0806 -0.9208 -0.3817
vn 0.0973 -0.9176 -0.3853
vn 0.2155 -0.9154 -0.3399
vn 0.1179 -0.9619 -0.2468
vn -0.1054 -0.9751 -0.1950
vn -0.2321 -0.9413 -0.2452
vn -0.4060 0.8875 -0.2182
vn -0.1429 0.9539 -0.2638
vn 0.0981 0.9540 -0.2833
vn -0.0254 0.9398 -0.3407
vn -0.2716 0.9290 -0.2515
vn 0.2231 0.9264 -0.3034
vn -0.3142 0.9376 -0.1488
vn 0.1780 0.9689 -0.1717
vn -0.0075 0.9760 -0.2178
vn 0.1855 0.9517 -0.2447
vn -0.1816 0.9438 -0.2763
vn -0.1059 0.9693 -0.2221
vn 0.1128 0.9695 -0.2175
vn -0.0104 0.9683 -0.2496
vn -0.2144 0.9536 -0.2115
vn 0.2622 0.9472 -0.1844
vn 0.1226 0.9695 -0.2123
vn -0.1183 0.9678 -0.2221
vn 0.2834 0.9526 -0.1106
vn 0.0030 0.8368 -0.5475
vn -0.3146 0.8629 -0.3956
vn 0.2825 0.8878 -0.3633
vn -0.1696 0.3712 -0.9129
vn 0.4503 0.6000 -0.6612
vn -0.4647 0.7093 -0.5300
vn 0.4629 0.2169 -0.8595
vn -0.7898 0.1270 -0.6000
vn -0.2316 -0.0467 -0.9717
vn -0.0986 -0.5080 -0.8557
vn 0.4167 -0.2892 -0.8618
vn -0.7103 -0.2453 -0.6597
vn 0.0232 -0.8164 -0.5770
vn 0.2302 -0.8174 -0.5281
vn -0.3602 -0.6759 -0.6430
vn 0.1345 -0.8596 -0.4929
vn -0.0953 -0.8583 -0.5041
vn 0.2221 -0.7948 -0.5647
vn 0.0370 -0.8875 -0.4592
vn 0.3767 -0.8108 -0.4480
vn -0.1112 -0.8233 -0.5566
vn 0.5553 -0.6416 -0.5291
vn 0.2427 -0.5969 -0.7647
vn 0.0616 -0.3192 -0.9457
vn -0.2859 -0.6075 -0.7411
vn 0.7004 -0.3414 -0.6268
vn -0.0134 0.1456 -0.9893
vn -0.5823 -0.1370 -0.8013
vn 0.6907 -0.0972 -0.7166
vn 0.1207 0.6939 -0.7099
vn -0.4535 0.5094 -0.7313
vn 0.6780 0.3827 -0.6276
vn 0.1471 0.8738 -0.4634
vn -0.3537 0.7777 -0.5197
vn 0.6156 0.7197 -0.3210
vn 0.1472 0.8901 -0.4314
vn -0.2541 0.8473 -0.4664
vn 0.5311 0.8019 -0.2736
vn -0.1408 0.9070 -0.3970
vn 0.4149 0.8726 -0.2578
vn 0.3925 0.7768 -0.4925
vn -0.6182 0.4923 -0.6128
vn -0.0201 0.6792 -0.7336
vn -0.2324 -0.8487 -0.4751
vn -0.2014 -0.9226 -0.3289
vn 0.1629 -0.9508 -0.2635
vn 0.1915 -0.8952 -0.4023
vn 0.4421 -0.7527 -0.4879
vn 0.2622 -0.8289 -0.4941
vn 0.2982 -0.8902 -0.3443
vn 0.4448 -0.8086 -0.3851
vn -0.0302 -0.9466 -0.3211
vn -0.2123 -0.8920 -0.3990
vn -0.6271 -0.6512 -0.4275
vn -0.3623 -0.8933 -0.2661
vn 0.2723 -0.9314 -0.2414
vn 0.3536 -0.7469 -0.5631
vn -0.1735 -0.7952 -0.5809
vn 0.0401 -0.7831 -0.6207
vn -0.3900 -0.7684 -0.5074
vn -0.2958 -0.9033 -0.3106
vn 0.2329 -0.9405 -0.2475
vn 0.5844 -0.7096 -0.3936
vn 0.7171 -0.6238 -0.3109
vn -0.0884 -0.9624 -0.2568
vn 0.5462 -0.7829 -0.2977
vn -0.4675 -0.7991 -0.3779
vn -0.0636 -0.9635 -0.2602
vn 0.4194 -0.8599 -0.2909
vn -0.3247 -0.8577 -0.3987
vn 0.3050 -0.8530 -0.4235
vn 0.4056 -0.8802 -0.2463
vn 0.1039 -0.9830 -0.1514
vn -0.3191 -0.9301 -0.1822
vn -0.5033 -0.7903 -0.3494
vn -0.3708 -0.8956 -0.2457
vn -0.1174 -0.9808 -0.1556
vn 0.3354 -0.8763 -0.3459
vn 0.2497 -0.9464 -0.2047
vn -0.3678 0.9243 -0.1020
vn 0.9887 0.1408 0.0521
vn 0.9586 0.2826 0.0355
vn 0.9983 0.0088 0.0576
vn 0.9858 0.1582 0.0563
vn 0.9549 0.2959 0.0250
vn 0.9973 0.0110 0.0728
vn 0.9703 0.2192 0.1024
vn 0.9389 0.3397 0.0562
vn 0.9945 0.0309 0.0997
vn 0.9690 0.2310 0.0876
vn 0.9229 0.3779 0.0733
vn 0.9891 0.0764 0.1256
vn 0.9752 0.2128 0.0611
vn 0.9216 0.3846 0.0514
vn 0.9940 0.0667 0.0862
vn 0.9830 0.1650 0.0806
vn 0.9381 0.3427 0.0501
vn 0.9962 0.0387 0.0784
vn 0.9845 0.1515 0.0883
vn 0.9507 0.3046 0.0578
vn 0.9925 0.0143 0.1212
vn 0.9848 0.1710 0.0307
vn 0.9444 0.3289 0.0074
vn 0.9940 0.0184 0.1076
vn 0.9810 0.1938 -0.0128
vn 0.9315 0.3603 -0.0509
vn 0.9985 0.0346 0.0425
vn 0.9833 0.1379 -0.1191
vn 0.9349 0.3503 -0.0572
vn 0.9996 0.0212 -0.0171
vn 0.7862 -0.1744 -0.5929
vn 0.9328 0.2106 -0.2923
vn 0.9382 -0.1349 -0.3186
vn -0.5722 -0.2760 -0.7723
vn -0.2109 0.0208 -0.9773
vn 0.4086 -0.6216 -0.6684
vn 0.5298 0.0276 -0.8477
vn -0.1431 -0.6754 -0.7235
vn 0.1726 -0.3682 -0.9136
vn 0.5941 0.8029 -0.0487
vn 0.4870 0.8709 -0.0668
vn 0.7325 0.6806 0.0185
vn 0.5733 0.8148 -0.0860
vn 0.4112 0.9039 -0.1176
vn 0.7267 0.6860 -0.0367
vn 0.5605 0.8255 -0.0658
vn 0.3658 0.9217 -0.1292
vn 0.7201 0.6915 -0.0583
vn 0.5485 0.8355 -0.0336
vn 0.3319 0.9386 -0.0941
vn 0.6960 0.7180 -0.0105
vn 0.5489 0.8354 -0.0267
vn 0.3072 0.9495 -0.0646
vn 0.6904 0.7234 -0.0024
vn 0.5688 0.8202 -0.0609
vn 0.3311 0.9411 -0.0692
vn 0.7046 0.7095 -0.0079
vn 0.5649 0.8086 -0.1643
vn 0.3634 0.9187 -0.1544
vn 0.7183 0.6929 -0.0622
vn 0.5192 0.8249 -0.2237
vn 0.3419 0.8998 -0.2710
vn 0.6877 0.7108 -0.1479
vn 0.5091 0.8419 -0.1787
vn 0.3157 0.9130 -0.2584
vn 0.6546 0.7370 -0.1682
vn 0.5211 0.8366 -0.1692
vn 0.2996 0.9314 -0.2067
vn 0.6685 0.7334 -0.1234
vn 0.5057 0.6585 -0.5574
vn 0.2638 0.8909 -0.3697
vn 0.7026 0.6709 -0.2373
vn 0.7675 0.3599 -0.5304
vn 0.2115 0.3561 -0.9102
vn 0.8439 0.5211 -0.1279
vn 0.8162 0.5694 -0.0986
vn 0.8234 0.5581 -0.1021
vn 0.8555 0.5168 -0.0334
vn 0.8568 0.5153 0.0185
vn 0.8307 0.5562 0.0240
vn 0.8241 0.5657 0.0305
vn 0.8395 0.5429 0.0219
vn 0.8682 0.4960 -0.0130
vn 0.8743 0.4853 0.0053
vn -0.2123 0.9404 -0.2656
vn -0.3187 0.8898 -0.3267
vn 0.2012 0.9681 -0.1495
vn -0.4367 0.8532 -0.2851
vn -0.5712 0.7234 -0.3879
vn -0.0169 0.9764 -0.2153
vn -0.5460 0.8051 -0.2317
vn -0.7358 0.6264 -0.2574
vn -0.1811 0.9557 -0.2321
vn -0.5534 0.8157 -0.1684
vn -0.7454 0.6391 -0.1894
vn -0.3034 0.9342 -0.1877
vn -0.5579 0.8142 -0.1609
vn -0.7333 0.6598 -0.1641
vn -0.3291 0.9344 -0.1364
vn -0.5597 0.7992 -0.2193
vn -0.7317 0.6506 -0.2032
vn -0.3246 0.9334 -0.1531
vn -0.5605 0.7674 -0.3114
vn -0.7327 0.6264 -0.2661
vn -0.3172 0.9150 -0.2494
vn -0.5517 0.7578 -0.3483
vn -0.7295 0.6063 -0.3166
vn -0.3126 0.8828 -0.3507
vn -0.5699 0.7543 -0.3260
vn -0.7312 0.6039 -0.3173
vn -0.3200 0.8837 -0.3415
vn -0.6202 0.6924 -0.3687
vn -0.7530 0.5792 -0.3123
vn -0.3907 0.8632 -0.3197
vn -0.7379 0.4030 -0.5413
vn 0.2840 0.9496 -0.1325
vn 0.1421 0.9740 -0.1767
vn 0.0341 0.9841 -0.1744
vn -0.0219 0.9919 -0.1249
vn -0.0321 0.9941 -0.1031
vn 0.0119 0.9887 -0.1491
vn 0.0194 0.9592 -0.2822
vn 0.0107 0.9421 -0.3353
vn -0.0206 0.9573 -0.2883
vn -0.1018 0.9463 -0.3070
vn -0.1036 0.6982 -0.7084
vn -0.4570 0.7651 -0.4537
vn -0.5000 0.4236 -0.7553
vn 0.9568 0.2864 0.0505
vn 0.9982 0.0108 0.0585
vn 0.5251 0.8500 -0.0425
vn 0.7279 0.6856 -0.0114
vn -0.2018 0.9374 -0.2838
vn 0.0910 0.9793 -0.1808
vn 0.3581 0.9277 -0.1056
vn -0.0790 0.9673 -0.2411
vn 0.8734 0.4865 0.0227
vn 0.6052 0.7956 -0.0262
vn 0.9892 0.1389 0.0471
vn -0.3172 0.8711 -0.3750
vn -0.4353 0.8021 -0.4088
vn 0.9576 0.2864 0.0302
vn 0.9969 0.0138 0.0771
vn 0.4497 0.8881 -0.0952
vn 0.7234 0.6889 -0.0458
vn -0.4468 0.8246 -0.3469
vn -0.1106 0.9664 -0.2320
vn 0.2070 0.9643 -0.1650
vn -0.3295 0.8983 -0.2907
vn 0.8721 0.4893 -0.0071
vn 0.5835 0.8092 -0.0690
vn 0.9878 0.1460 0.0536
vn -0.5449 0.6863 -0.4818
vn -0.6874 0.5147 -0.5125
vn 0.9918 -0.1134 0.0584
vn 0.8845 -0.4651 0.0377
vn 0.5894 -0.8072 -0.0334
vn 0.2178 -0.9673 -0.1301
vn 0.0458 -0.9474 -0.3167
vn 0.9652 -0.2561 0.0520
vn 0.7586 -0.6516 0.0012
vn 0.4388 -0.8951 -0.0787
vn 0.1546 -0.9677 -0.1993
vn -0.3239 -0.8312 -0.4520
vn 0.0224 -0.9923 -0.1216
vn 0.5092 -0.8607 0.0005
vn 0.8512 -0.5206 0.0663
vn 0.9878 -0.1301 0.0851
vn 0.9546 -0.2885 0.0747
vn 0.7326 -0.6805 0.0149
vn 0.3818 -0.9215 -0.0704
vn 0.0075 -0.9777 -0.2098
vn 0.9617 -0.2670 0.0621
vn 0.7031 -0.7107 0.0239
vn 0.3249 -0.9437 -0.0620
vn -0.1458 -0.9628 -0.2274
vn 0.1239 -0.9844 -0.1250
vn 0.5491 -0.8355 -0.0205
vn 0.8694 -0.4915 0.0504
vn 0.9904 -0.1171 0.0733
vn -0.1362 -0.9289 -0.3445
vn -0.9435 -0.0863 -0.3199
vn -0.8339 0.2701 -0.4813
vn -0.7912 -0.4874 -0.3694
vn -0.9845 -0.0571 -0.1661
vn -0.9285 0.2728 -0.2521
vn -0.8819 -0.4421 -0.1638
vn -0.9887 -0.0494 -0.1414
vn -0.9428 0.2938 -0.1577
vn -0.8995 -0.4266 -0.0942
vn -0.9847 -0.0322 -0.1714
vn -0.9383 0.3004 -0.1716
vn -0.9070 -0.4039 -0.1195
vn -0.9823 0.0010 -0.1871
vn -0.9307 0.3014 -0.2073
vn -0.9249 -0.3618 -0.1164
vn 0.9509 0.3078 0.0323
vn 0.9907 0.0618 0.1216
vn 0.3863 0.9134 -0.1279
vn 0.7106 0.7023 -0.0438
vn -0.6835 0.6569 -0.3183
vn -0.2481 0.9403 -0.2330
vn 0.0932 0.9782 -0.1858
vn -0.5017 0.8224 -0.2682
vn 0.8599 0.5104 -0.0041
vn 0.5701 0.8165 -0.0914
vn 0.9800 0.1826 0.0788
vn -0.8255 0.4723 -0.3090
vn -0.8594 0.4667 -0.2088
vn -0.8539 0.4949 -0.1610
vn -0.8452 0.5008 -0.1866
vn -0.8410 0.4869 -0.2357
vn -0.9401 -0.3230 -0.1089
vn -0.9459 -0.3092 -0.0984
vn -0.9416 -0.3130 -0.1239
vn -0.9334 -0.3066 -0.1865
vn -0.7881 -0.3991 -0.4686
vn -0.8844 0.3257 -0.3343
vn -0.9756 0.0004 -0.2194
vn -0.9809 0.0102 -0.1941
vn -0.9807 0.0191 -0.1945
vn -0.9465 -0.0568 -0.3177
vn -0.8394 0.4673 -0.2777
vn -0.8417 0.4538 -0.2925
vn -0.8595 0.4255 -0.2833
vn -0.9396 0.2065 -0.2729
vn -0.9254 0.2750 -0.2607
vn -0.9216 0.2924 -0.2551
vn -0.8526 0.0638 -0.5187
vn -0.9213 0.3035 -0.2431
vn -0.5742 -0.7245 -0.3813
vn -0.3284 -0.9120 -0.2459
vn -0.0741 -0.9959 -0.0524
vn 0.4746 -0.8782 0.0591
vn 0.8335 -0.5420 0.1077
vn 0.9851 -0.1324 0.1102
vn 0.9455 -0.3108 0.0969
vn 0.6760 -0.7343 0.0623
vn 0.2712 -0.9623 -0.0209
vn -0.7058 -0.6962 -0.1311
vn -0.1061 -0.9934 0.0443
vn 0.4541 -0.8815 0.1294
vn 0.8216 -0.5483 0.1558
vn -0.4517 -0.8879 -0.0872
vn 0.2339 -0.9705 0.0590
vn 0.6555 -0.7461 0.1173
vn 0.9355 -0.3259 0.1365
vn 0.9822 -0.1258 0.1395
vn 0.8211 -0.5412 0.1811
vn 0.6514 -0.7397 0.1692
vn 0.9304 -0.3264 0.1666
vn 0.8239 -0.5471 0.1478
vn 0.6550 -0.7359 0.1718
vn 0.9309 -0.3270 0.1631
vn 0.8302 -0.5431 0.1258
vn 0.6657 -0.7343 0.1328
vn 0.9331 -0.3401 0.1171
vn 0.8358 -0.5193 0.1783
vn 0.6821 -0.7128 0.1635
vn 0.9317 -0.3424 0.1214
vn 0.8424 -0.4866 0.2315
vn 0.7019 -0.6712 0.2384
vn 0.9267 -0.3275 0.1841
vn 0.8482 -0.5001 0.1747
vn 0.7190 -0.6508 0.2441
vn 0.9303 -0.3150 0.1881
vn 0.8078 -0.5860 0.0637
vn 0.7075 -0.6962 0.1217
vn 0.9262 -0.3614 0.1072
vn 0.7157 -0.6914 -0.0989
vn 0.6193 -0.7848 -0.0247
vn 0.8821 -0.4708 0.0170
vn 0.7985 -0.5132 -0.3145
vn 0.9647 -0.2526 -0.0746
vn 0.9823 -0.1810 0.0485
vn 0.9833 -0.1394 0.1171
vn 0.9764 -0.1434 0.1617
vn 0.9811 -0.1489 0.1238
vn 0.9867 -0.1340 0.0922
vn 0.9848 -0.1203 0.1250
vn 0.9820 -0.1108 0.1531
vn -0.1152 -0.9899 0.0830
vn -0.4849 -0.8744 -0.0147
vn 0.2223 -0.9669 0.1252
vn -0.1215 -0.9897 0.0759
vn -0.5029 -0.8643 0.0105
vn 0.2228 -0.9655 0.1350
vn -0.1354 -0.9869 0.0881
vn -0.5235 -0.8520 0.0021
vn 0.2220 -0.9684 0.1140
vn -0.1376 -0.9778 0.1581
vn -0.5487 -0.8353 0.0332
vn 0.2282 -0.9597 0.1643
vn -0.1321 -0.9699 0.2047
vn -0.5658 -0.8201 0.0858
vn 0.2424 -0.9400 0.2400
vn -0.1172 -0.9827 0.1437
vn -0.5615 -0.8226 0.0896
vn 0.2526 -0.9367 0.2427
vn -0.1477 -0.9890 0.0078
vn -0.5538 -0.8326 0.0129
vn 0.2347 -0.9656 0.1116
vn -0.1408 -0.9485 -0.2838
vn -0.5378 -0.8354 -0.1137
vn 0.1554 -0.9846 -0.0805
vn -0.7399 -0.6695 -0.0657
vn -0.7551 -0.6532 -0.0555
vn -0.7812 -0.6213 -0.0617
vn -0.8063 -0.5905 -0.0333
vn -0.8244 -0.5659 -0.0108
vn -0.8221 -0.5686 -0.0288
vn -0.8159 -0.5715 -0.0873
vn -0.7674 -0.5991 -0.2285
vn 0.3330 -0.9110 -0.2431
vn 0.4660 -0.8833 0.0507
vn 0.5187 -0.8317 0.1980
vn 0.5110 -0.8159 0.2705
vn 0.4911 -0.8445 0.2137
vn 0.4695 -0.8715 0.1415
vn 0.4589 -0.8771 0.1416
vn 0.4534 -0.8760 0.1643
vn -0.4181 -0.7780 -0.4690
vn 0.1107 -0.8562 -0.5047
vn 0.5133 -0.7611 -0.3965
vn 0.1960 0.9805 0.0161
vn 0.4097 0.9120 -0.0198
vn -0.1096 0.9940 0.0028
vn 0.2410 0.9705 -0.0069
vn 0.5144 0.8571 -0.0294
vn -0.1209 0.9927 0.0001
vn 0.2745 0.9593 -0.0669
vn 0.5850 0.8078 -0.0726
vn -0.1260 0.9917 -0.0275
vn 0.2744 0.9532 -0.1268
vn 0.6051 0.7911 -0.0896
vn -0.1198 0.9881 -0.0968
vn -0.1880 0.9421 -0.2776
vn 0.5713 0.8139 -0.1053
vn 0.2327 0.9640 -0.1289
vn 0.4599 0.8498 -0.2576
vn 0.1683 0.9487 -0.2676
vn -0.1954 0.9605 -0.1984
vn 0.4695 0.8687 -0.1579
vn 0.1592 0.9541 -0.2538
vn -0.1977 0.9761 -0.0899
vn 0.4893 0.8712 -0.0388
vn 0.1661 0.9796 -0.1129
vn -0.1757 0.9761 -0.1281
vn 0.5259 0.8476 -0.0712
vn 0.1879 0.9793 -0.0756
vn -0.1345 0.9789 -0.1537
vn 0.1873 0.9592 -0.2120
vn 0.4646 0.8586 -0.2169
vn -0.1650 0.9592 -0.2296
vn 0.2113 0.9447 -0.2508
vn 0.4726 0.8610 -0.1880
vn -0.1502 0.9639 -0.2198
vn 0.2114 0.9144 -0.3453
vn 0.4810 0.8359 -0.2643
vn -0.1315 0.9364 -0.3255
vn 0.1524 0.9297 -0.3353
vn 0.4444 0.8452 -0.2969
vn -0.1337 0.9133 -0.3847
vn 0.1037 0.9328 -0.3451
vn 0.3943 0.8777 -0.2722
vn -0.1827 0.9190 -0.3495
vn 0.5767 0.8094 -0.1105
vn 0.7427 0.6538 -0.1444
vn 0.6703 0.7286 -0.1407
vn 1.0000 -0.0034 0.0018
vn 0.9572 -0.1654 -0.2374
vn 0.9887 0.1385 -0.0568
vn 0.9987 0.0148 0.0488
vn 0.9794 -0.1962 0.0486
vn 0.9838 0.1790 0.0113
vn 0.9997 0.0149 0.0172
vn 0.9793 -0.1951 0.0537
vn 0.9776 0.2073 0.0376
vn 0.9982 -0.0014 -0.0598
vn 0.9796 -0.2008 -0.0029
vn 0.9798 0.1946 -0.0469
vn 0.9987 -0.0004 -0.0501
vn 0.9785 -0.2043 -0.0295
vn 0.9786 0.1786 -0.1020
vn 1.0000 0.0089 -0.0007
vn 0.9787 -0.2041 0.0204
vn 0.9806 0.1861 -0.0623
vn 1.0000 0.0069 -0.0011
vn 0.9749 -0.2155 0.0566
vn 0.9801 0.1957 -0.0344
vn 0.9994 0.0035 -0.0359
vn 0.9746 -0.2225 0.0249
vn 0.9793 0.1931 -0.0604
vn 0.9995 0.0132 -0.0282
vn 0.9803 -0.1976 0.0047
vn 0.9775 0.1972 -0.0752
vn 0.9990 0.0082 -0.0437
vn 0.9859 -0.1668 0.0099
vn 0.9759 0.2094 -0.0609
vn 0.9127 0.3892 -0.1245
vn 0.6533 0.7252 -0.2176
vn 0.6791 0.6981 -0.2267
vn 0.6891 0.7031 -0.1755
vn 0.6840 0.7120 -0.1588
vn 0.6847 0.6987 -0.2071
vn 0.6846 0.7045 -0.1870
vn 0.6978 0.7145 -0.0507
vn 0.7155 0.6984 -0.0162
vn 0.7394 0.6700 -0.0664
vn 0.9826 -0.1853 -0.0101
vn 0.9556 0.1026 -0.2761
vn 0.9967 -0.0139 -0.0802
vn 0.9491 0.2945 -0.1122
vn -0.4656 0.8790 -0.1025
vn -0.5652 0.7818 -0.2633
vn -0.3627 0.9313 -0.0330
vn -0.5854 0.7972 -0.1477
vn -0.7012 0.6922 -0.1707
vn -0.7483 0.6597 -0.0698
vn -0.7207 0.6815 -0.1274
vn -0.7074 0.6022 -0.3701
vn -0.8623 0.4567 -0.2188
vn -0.7038 0.6991 -0.1257
vn -0.6909 0.7175 -0.0890
vn -0.6768 0.7159 -0.1715
vn -0.6752 0.7053 -0.2161
vn -0.6761 0.7171 -0.1691
vn -0.6753 0.6876 -0.2669
vn -0.6671 0.6644 -0.3369
vn -0.6782 0.6594 -0.3244
vn -0.6778 0.7088 -0.1954
vn -0.4769 0.8659 -0.1508
vn -0.4944 0.8629 -0.1053
vn -0.4887 0.8629 -0.1289
vn -0.4800 0.8448 -0.2362
vn -0.4732 0.8512 -0.2270
vn -0.4620 0.8650 -0.1955
vn -0.4688 0.8469 -0.2511
vn -0.4501 0.8208 -0.3516
vn -0.4624 0.8091 -0.3627
vn -0.4852 0.7995 -0.3541
vn -0.4669 0.8818 -0.0661
vn -0.4217 0.9048 -0.0589
vn -0.4668 0.8760 -0.1217
vn 0.9326 0.3520 -0.0796
vn 0.9324 0.3403 -0.1216
vn 0.9322 0.3438 -0.1134
vn 0.6379 0.7340 -0.2332
vn 0.7595 0.6454 -0.0808
vn 0.9321 0.3622 -0.0062
vn 0.9181 0.3817 -0.1070
vn 0.9366 0.3499 0.0198
vn 0.9273 0.3570 -0.1121
vn 0.9489 0.3129 -0.0410
vn 0.9322 0.3528 -0.0809
vn 0.8147 0.5595 -0.1521
vn 0.8409 0.5206 -0.1475
vn 0.8414 0.5227 -0.1370
vn 0.8438 0.5294 -0.0878
vn 0.8617 0.5068 -0.0254
vn 0.8485 0.5059 -0.1555
vn 0.8279 0.5358 -0.1660
vn 0.8421 0.5275 -0.1122
vn 0.8397 0.5147 -0.1734
vn 0.8480 0.5298 0.0111
vn 0.8686 0.4901 -0.0732
vn 0.7415 -0.6708 -0.0149
vn 0.5878 -0.7960 -0.1444
vn 0.8446 -0.5032 -0.1829
vn 0.6962 -0.7153 0.0593
vn 0.5339 -0.8453 0.0210
vn 0.8355 -0.5482 0.0370
vn 0.6808 -0.7291 0.0695
vn 0.5011 -0.8633 0.0605
vn 0.8184 -0.5707 0.0669
vn 0.6855 -0.7255 0.0615
vn 0.4995 -0.8637 0.0670
vn 0.8178 -0.5718 0.0654
vn 0.7069 -0.7057 0.0469
vn 0.5186 -0.8525 0.0656
vn 0.8263 -0.5621 0.0358
vn 0.7252 -0.6845 0.0737
vn 0.5551 -0.8284 0.0746
vn 0.8332 -0.5521 0.0308
vn 0.7200 -0.6847 0.1130
vn 0.5737 -0.8114 0.1113
vn 0.8279 -0.5552 0.0795
vn 0.7095 -0.6927 0.1297
vn 0.5711 -0.8096 0.1353
vn 0.8091 -0.5766 0.1137
vn 0.7167 -0.6856 0.1278
vn 0.5708 -0.8075 0.1490
vn 0.8059 -0.5824 0.1062
vn 0.7411 -0.6594 0.1259
vn 0.5844 -0.7967 0.1542
vn 0.8321 -0.5466 0.0939
vn 0.7589 -0.6470 0.0739
vn 0.6052 -0.7844 0.1354
vn 0.8628 -0.4992 0.0797
vn 0.9423 -0.3344 0.0177
vn 0.9300 -0.3637 0.0526
vn 0.9057 -0.4200 0.0586
vn 0.8948 -0.4376 0.0885
vn 0.9064 -0.4147 0.0807
vn 0.9182 -0.3951 0.0274
vn 0.9207 -0.3902 0.0018
vn 0.9202 -0.3893 0.0415
vn 0.9166 -0.3944 0.0656
vn 0.9212 -0.3866 0.0439
vn 0.9340 -0.3555 -0.0367
vn -0.3852 -0.9142 -0.1262
vn -0.5770 -0.7825 -0.2339
vn -0.1036 -0.9745 -0.1991
vn -0.3764 -0.9264 0.0040
vn -0.6106 -0.7900 -0.0556
vn -0.1146 -0.9929 -0.0330
vn -0.3393 -0.9398 0.0413
vn -0.5903 -0.8068 0.0222
vn -0.1013 -0.9942 0.0364
vn -0.2976 -0.9531 0.0547
vn -0.5526 -0.8325 0.0399
vn -0.0670 -0.9963 0.0536
vn -0.2723 -0.9597 0.0702
vn -0.5241 -0.8507 0.0417
vn -0.0319 -0.9970 0.0705
vn -0.2537 -0.9631 0.0902
vn -0.5173 -0.8543 0.0502
vn 0.0032 -0.9958 0.0920
vn -0.2378 -0.9651 0.1096
vn -0.5148 -0.8543 0.0713
vn 0.0283 -0.9930 0.1149
vn -0.2202 -0.9657 0.1376
vn -0.5034 -0.8586 0.0973
vn 0.0412 -0.9897 0.1368
vn -0.2041 -0.9636 0.1726
vn -0.4892 -0.8632 0.1251
vn 0.0534 -0.9847 0.1657
vn -0.1787 -0.9672 0.1805
vn -0.4763 -0.8665 0.1494
vn 0.0798 -0.9784 0.1909
vn -0.1686 -0.9831 0.0709
vn -0.4655 -0.8787 0.1059
vn 0.1095 -0.9815 0.1573
vn 0.3901 -0.9148 0.1050
vn 0.3796 -0.9082 0.1764
vn 0.3514 -0.9201 0.1729
vn 0.3397 -0.9280 0.1530
vn 0.3356 -0.9329 0.1310
vn 0.3236 -0.9403 0.1055
vn 0.2860 -0.9550 0.0793
vn 0.2483 -0.9664 0.0666
vn 0.2282 -0.9720 0.0568
vn 0.2223 -0.9745 0.0316
vn 0.2533 -0.9639 -0.0819
vn -0.9560 -0.2297 -0.1826
vn -0.9513 -0.0838 -0.2967
vn -0.8411 -0.4250 -0.3347
vn -0.9819 -0.1777 -0.0652
vn -0.9910 -0.0616 -0.1190
vn -0.9218 -0.3764 -0.0928
vn -0.9899 -0.1394 -0.0259
vn -0.9984 0.0006 -0.0572
vn -0.9402 -0.3401 -0.0197
vn -0.9889 -0.1421 -0.0437
vn -0.9988 0.0316 -0.0364
vn -0.9399 -0.3415 -0.0075
vn -0.9847 -0.1533 -0.0826
vn -0.9955 0.0230 -0.0918
vn -0.9337 -0.3557 -0.0405
vn -0.9850 -0.1637 -0.0553
vn -0.9946 0.0101 -0.1035
vn -0.9300 -0.3648 -0.0457
vn -0.9850 -0.1707 -0.0260
vn -0.9982 0.0049 -0.0601
vn -0.9275 -0.3738 -0.0088
vn -0.9820 -0.1863 -0.0298
vn -0.9985 -0.0071 -0.0546
vn -0.9213 -0.3886 0.0106
vn -0.9824 -0.1788 -0.0531
vn -0.9962 -0.0118 -0.0867
vn -0.9173 -0.3980 0.0110
vn -0.9837 -0.1646 -0.0719
vn -0.9930 0.0067 -0.1182
vn -0.9193 -0.3936 0.0036
vn -0.9785 -0.1534 -0.1380
vn -0.9885 0.0243 -0.1491
vn -0.9195 -0.3918 -0.0314
vn -0.9502 0.2741 -0.1484
vn -0.9552 0.2775 -0.1031
vn -0.9403 0.3278 -0.0915
vn -0.9229 0.3798 -0.0629
vn -0.9153 0.3805 -0.1317
vn -0.9227 0.3525 -0.1561
vn -0.9380 0.3302 -0.1052
vn -0.9417 0.3151 -0.1181
vn -0.9360 0.3064 -0.1731
vn -0.9202 0.3180 -0.2280
vn -0.9030 0.3523 -0.2459
vn -0.8902 0.4492 -0.0759
vn -0.8654 0.4872 -0.1171
vn -0.8430 0.5308 -0.0875
vn -0.8249 0.5557 -0.1039
vn -0.8205 0.5415 -0.1831
vn -0.8340 0.5286 -0.1582
vn -0.8403 0.5242 -0.1383
vn -0.8378 0.5126 -0.1880
vn -0.8273 0.4961 -0.2636
vn -0.8164 0.4995 -0.2897
vn -0.7975 0.5200 -0.3059
vn -0.9532 0.1956 -0.2307
vn -0.9667 0.1800 -0.1817
vn -0.9764 0.1508 -0.1548
vn -0.9844 0.1423 -0.1031
vn -0.9844 0.1585 -0.0762
vn -0.9790 0.1738 -0.1068
vn -0.9714 0.1946 -0.1362
vn -0.9742 0.2133 -0.0741
vn -0.9801 0.1910 -0.0547
vn -0.9873 0.1274 -0.0944
vn -0.9869 0.0836 -0.1380
vn 0.1043 0.8555 -0.5071
vn 0.3500 0.8654 -0.3586
vn -0.1655 0.8971 -0.4096
vn 0.0861 0.4095 -0.9082
vn 0.2872 0.6831 -0.6715
vn -0.0589 0.6985 -0.7132
vn -0.7504 -0.6609 -0.0144
vn -0.7494 -0.6580 0.0745
vn -0.7548 -0.6513 0.0776
vn -0.7591 -0.6478 0.0645
vn -0.7713 -0.6351 0.0417
vn -0.7737 -0.6334 0.0142
vn -0.7750 -0.6320 -0.0035
vn -0.7829 -0.6220 0.0125
vn -0.8032 -0.5955 0.0147
vn -0.8120 -0.5833 -0.0186
vn -0.7854 -0.5983 -0.1591
vn -0.1580 -0.9636 -0.2155
vn -0.4462 -0.8934 -0.0514
vn 0.0760 -0.9971 0.0035
vn -0.0066 -0.6088 -0.7933
vn -0.3039 -0.7971 -0.5218
vn 0.0620 -0.8511 -0.5214
vn 0.4152 -0.3157 -0.8532
vn -0.3222 -0.3235 -0.8897
vn -0.6733 -0.4188 -0.6094
vn -0.6535 0.2589 -0.7112
vn -0.2934 0.0911 -0.9516
vn 0.4427 0.0928 -0.8919
vn -0.8926 0.1457 -0.4266
vn -0.7502 0.5050 -0.4268
vn -0.4089 0.7801 -0.4735
vn -0.6641 0.6546 -0.3612
vn -0.8806 0.3539 -0.3152
vn -0.4400 0.5531 -0.7074
vn -0.9193 -0.1423 -0.3669
vn -0.7081 -0.0529 -0.7042
vn 0.0613 -0.1517 -0.9865
vn -0.7108 -0.6638 -0.2326
vn -0.9186 -0.3665 -0.1480
vn -0.9676 0.0284 -0.2508
vn 0.8177 0.5339 -0.2151
vn 0.6937 0.3876 -0.6071
vn 0.6012 0.7032 -0.3796
vn 0.9746 0.1714 -0.1444
vn 0.7950 -0.0293 -0.6060
vn 0.9095 0.2699 -0.3162
vn 0.9811 -0.1789 -0.0743
vn 0.7686 -0.2725 -0.5788
vn 0.9563 -0.0617 -0.2857
vn 0.8631 -0.5049 -0.0098
vn 0.6859 -0.5133 -0.5158
vn 0.9154 -0.3585 -0.1829
vn 0.5984 -0.8005 0.0323
vn 0.4516 -0.7411 -0.4968
vn 0.3273 -0.9366 -0.1252
vn 0.7268 -0.6767 -0.1176
vn -0.1020 0.9923 -0.0706
vn 0.1741 0.9835 -0.0484
vn -0.2978 0.9509 -0.0843
vn -0.1566 0.9798 -0.1245
vn 0.1829 0.9802 -0.0755
vn -0.3861 0.9042 -0.1828
vn -0.1975 0.9700 -0.1418
vn 0.1887 0.9760 -0.1087
vn -0.4761 0.8456 -0.2415
vn -0.2335 0.9659 -0.1120
vn 0.1917 0.9734 -0.1254
vn -0.5591 0.8192 -0.1279
vn -0.1910 0.9731 -0.1292
vn 0.1869 0.9744 -0.1247
vn -0.5615 0.8236 -0.0804
vn -0.1432 0.9757 -0.1658
vn 0.1963 0.9650 -0.1741
vn -0.4954 0.8628 -0.1010
vn -0.1395 0.9664 -0.2159
vn 0.1698 0.9659 -0.1954
vn -0.4321 0.8906 -0.1416
vn -0.1370 0.9709 -0.1963
vn 0.1317 0.9613 -0.2422
vn -0.3930 0.8979 -0.1982
vn -0.1207 0.9799 -0.1589
vn 0.1254 0.9771 -0.1721
vn -0.3692 0.9199 -0.1320
vn -0.0900 0.9619 -0.2581
vn 0.1415 0.9666 -0.2136
vn -0.3483 0.9220 -0.1692
vn -0.0711 0.9439 -0.3225
vn 0.1320 0.9418 -0.3092
vn -0.3033 0.9109 -0.2799
vn -0.0717 0.9365 -0.3434
vn 0.1150 0.9384 -0.3260
vn -0.2638 0.9140 -0.3083
vn -0.1270 0.8557 -0.5016
vn 0.0408 0.9259 -0.3756
vn -0.2809 0.8829 -0.3764
vn -0.4525 0.8655 -0.2147
vn -0.5339 0.7551 -0.3805
vn -0.6334 0.6743 -0.3797
vn -0.8230 0.5283 -0.2086
vn -0.8512 0.5209 -0.0642
vn -0.8275 0.5615 -0.0058
vn -0.7951 0.6047 -0.0471
vn -0.7557 0.6452 -0.1123
vn -0.7320 0.6762 -0.0840
vn -0.7305 0.6778 -0.0835
vn -0.6940 0.6985 -0.1748
vn -0.6632 0.7090 -0.2396
vn -0.5649 0.7508 -0.3424
vn -0.4726 0.8280 -0.3019
vn -0.5044 0.8244 -0.2570
vn -0.5549 0.8133 -0.1750
vn -0.7478 0.6551 -0.1077
vn -0.7447 0.6660 -0.0430
vn -0.6832 0.7279 -0.0584
vn -0.6352 0.7614 -0.1296
vn -0.5891 0.7966 -0.1354
vn -0.5855 0.8044 -0.1007
vn 0.6158 0.7534 -0.2304
vn 0.5313 0.8283 -0.1779
vn 0.4483 0.8848 -0.1270
vn 0.4942 0.8592 -0.1326
vn 0.4448 0.8877 -0.1188
vn 0.3937 0.9155 -0.0830
vn 0.4754 0.8391 -0.2643
vn 0.5718 0.7291 -0.3760
vn 0.6711 0.6215 -0.4043
vn 0.7329 0.6656 -0.1409
vn 0.8404 0.5217 -0.1467
vn 0.7702 0.4874 -0.4114
vn 0.8797 0.4657 -0.0960
vn 0.7848 0.6114 -0.1008
vn 0.9265 0.3558 -0.1228
vn 0.8656 0.4899 -0.1037
vn 0.7815 0.6110 -0.1263
vn 0.9388 0.3360 -0.0758
vn 0.8463 0.5077 -0.1615
vn 0.7458 0.6490 -0.1502
vn 0.9302 0.3525 -0.1019
vn 0.8521 0.4920 -0.1787
vn 0.7268 0.6555 -0.2053
vn 0.9232 0.3422 -0.1750
vn 0.8621 0.4890 -0.1330
vn 0.7437 0.6482 -0.1636
vn 0.9319 0.3337 -0.1423
vn 0.8320 0.5375 -0.1375
vn 0.7326 0.6602 -0.1656
vn 0.9269 0.3638 -0.0920
vn 0.7876 0.5865 -0.1893
vn 0.6847 0.6949 -0.2199
vn 0.9024 0.4158 -0.1126
vn 0.7504 0.6137 -0.2455
vn 0.6363 0.7267 -0.2590
vn 0.8696 0.4649 -0.1661
vn 0.7969 0.4788 -0.3684
vn 0.6266 0.7164 -0.3070
vn 0.8829 0.3924 -0.2578
vn 0.2977 0.8353 -0.4623
vn 0.3620 0.8762 -0.3183
vn 0.4068 0.8632 -0.2989
vn 0.4496 0.8599 -0.2418
vn 0.4740 0.8626 -0.1769
vn 0.4643 0.8606 -0.2094
vn 0.4814 0.8502 -0.2132
vn 0.5301 0.8306 -0.1703
vn 0.5622 0.8158 -0.1357
vn 0.5542 0.8248 -0.1122
vn -0.9909 -0.0077 -0.1347
vn -0.9520 -0.2430 -0.1860
vn -0.9205 -0.0588 -0.3864
vn -0.9925 0.1224 -0.0025
vn -0.9963 -0.0753 -0.0421
vn -0.9732 0.2211 -0.0623
vn -0.9911 0.1299 0.0299
vn -0.9992 -0.0295 0.0253
vn -0.9586 0.2840 0.0207
vn -0.9909 0.1347 0.0012
vn -0.9987 -0.0390 0.0326
vn -0.9595 0.2818 0.0050
vn -0.9837 0.1791 -0.0172
vn -0.9996 -0.0243 0.0142
vn -0.9436 0.3282 -0.0446
vn -0.9829 0.1838 0.0077
vn -0.9998 -0.0076 0.0197
vn -0.9275 0.3722 -0.0354
vn -0.9841 0.1772 0.0078
vn -0.9988 -0.0141 0.0473
vn -0.9303 0.3664 -0.0131
vn -0.9816 0.1780 -0.0697
vn -0.9997 -0.0230 0.0095
vn -0.9210 0.3829 -0.0725
vn -0.9665 0.1837 -0.1793
vn -0.9966 -0.0285 -0.0770
vn -0.9074 0.3849 -0.1685
vn -0.9201 0.2086 -0.3315
vn -0.9822 0.0045 -0.1880
vn -0.8692 0.4108 -0.2753
vn -0.7907 0.5561 -0.2562
vn -0.5877 0.6870 -0.4273
vn -0.9282 0.3369 -0.1581
vn -0.9138 0.4059 -0.0122
vn -0.9003 0.4352 0.0096
vn -0.8866 0.4597 -0.0513
vn -0.8497 0.5216 -0.0766
vn -0.8456 0.5317 -0.0467
vn -0.8382 0.5401 -0.0752
vn -0.8086 0.5650 -0.1643
vn 0.9240 -0.3333 -0.1874
vn 0.7077 -0.5402 -0.4554
vn 0.9426 -0.1147 -0.3135
vn 0.9382 -0.3445 -0.0328
vn 0.8704 -0.4888 -0.0597
vn 0.9816 -0.1613 -0.1020
vn 0.9188 -0.3947 -0.0086
vn 0.8505 -0.5259 -0.0069
vn 0.9832 -0.1810 -0.0250
vn 0.8989 -0.4352 -0.0501
vn 0.8055 -0.5926 -0.0029
vn 0.9748 -0.2190 -0.0429
vn 0.9101 -0.4089 -0.0676
vn 0.8087 -0.5873 -0.0318
vn 0.9648 -0.2410 -0.1058
vn 0.9256 -0.3772 -0.0323
vn 0.8415 -0.5400 -0.0186
vn 0.9722 -0.2199 -0.0802
vn 0.9260 -0.3774 0.0070
vn 0.8460 -0.5332 -0.0014
vn 0.9798 -0.1980 -0.0296
vn 0.9321 -0.3576 0.0577
vn 0.8446 -0.5317 0.0629
vn 0.9825 -0.1864 0.0024
vn 0.9518 -0.3057 -0.0261
vn 0.8660 -0.4939 0.0783
vn 0.9881 -0.1533 -0.0120
vn 0.9451 -0.1554 -0.2873
vn 0.9849 -0.0180 -0.1723
vn 0.8995 -0.4314 -0.0689
vn 0.9732 0.1880 -0.1325
vn 0.9871 0.1467 -0.0634
vn 0.9923 0.1137 -0.0486
vn 0.9932 0.0783 -0.0859
vn 0.9881 0.0585 -0.1424
vn 0.9908 0.0703 -0.1160
vn 0.9947 0.0901 -0.0500
vn 0.9927 0.0965 -0.0726
vn 0.9691 0.1367 -0.2054
vn 0.4251 -0.8123 -0.3994
vn 0.4888 -0.8404 -0.2339
vn 0.1420 -0.9721 -0.1869
vn -0.3850 -0.9041 -0.1854
vn -0.6636 -0.6763 -0.3199
vn -0.5197 -0.8145 -0.2579
vn -0.1316 -0.9789 -0.1564
vn 0.3443 -0.9197 -0.1887
vn 0.4464 -0.8390 -0.3111
vn 0.5557 -0.7396 -0.3797
vn 0.5213 -0.8266 -0.2122
vn 0.1584 -0.9654 -0.2070
vn -0.3976 -0.9033 -0.1614
vn -0.7449 -0.6518 -0.1422
vn -0.7726 -0.5735 -0.2723
vn -0.6107 -0.7693 -0.1875
vn -0.1231 -0.9737 -0.1919
vn 0.3863 -0.8960 -0.2188
vn 0.5255 -0.8039 -0.2784
vn 0.6135 -0.7739 -0.1574
vn 0.6220 -0.7829 -0.0167
vn 0.5367 -0.8438 -0.0017
vn 0.4446 -0.8949 0.0389
vn 0.1826 0.9754 -0.1237
vn -0.5347 0.8285 -0.1663
vn -0.7693 0.5408 -0.3402
vn 0.6828 0.7095 -0.1744
vn 0.8654 0.4333 -0.2515
vn -0.8794 -0.3443 -0.3287
vn -0.9653 0.0535 -0.2556
vn 0.8078 -0.5207 -0.2762
vn 0.8297 -0.0553 -0.5554
vn 0.9094 0.2083 -0.3600
vn 0.8709 -0.2938 -0.3940
vn -0.9103 0.2700 -0.3139
vn -0.9411 -0.1918 -0.2784
vn 0.5213 0.8440 -0.1262
vn 0.7731 0.5954 -0.2187
vn -0.7059 0.6838 -0.1848
vn -0.2203 0.9661 -0.1345
vn -0.8732 -0.4439 -0.2010
vn 0.4506 -0.8904 0.0650
vn 0.5006 -0.8640 0.0536
vn 0.4976 -0.8666 0.0378
vn 0.4904 -0.8643 0.1115
vn 0.5180 -0.8433 0.1433
vn 0.5649 -0.8251 0.0027
vn 0.7652 -0.6268 -0.1468
vn 0.7310 -0.6807 0.0489
vn 0.6893 -0.7117 0.1351
vn 0.6822 -0.7299 0.0432
vn 0.6926 -0.7211 0.0173
vn 0.6707 -0.7415 0.0190
vn 0.6282 -0.7777 0.0235
vn 0.6687 -0.7435 0.0093
vn 0.7456 -0.6664 -0.0076
vn 0.7407 -0.6632 -0.1073
vn 0.5738 -0.7893 -0.2183
vn 0.6569 -0.7049 -0.2676
vn 0.1246 -0.9895 -0.0734
vn -0.1150 -0.9831 -0.1427
vn 0.3802 -0.9120 -0.1542
vn 0.0507 -0.9985 -0.0201
vn -0.1375 -0.9903 -0.0210
vn 0.3007 -0.9535 -0.0188
vn -0.0174 -0.9998 0.0003
vn -0.1735 -0.9846 -0.0223
vn 0.1962 -0.9804 -0.0199
vn -0.0425 -0.9942 0.0992
vn -0.1891 -0.9803 0.0566
vn 0.1154 -0.9921 0.0481
vn -0.0306 -0.9913 0.1283
vn -0.1943 -0.9716 0.1347
vn 0.1058 -0.9877 0.1154
vn 0.0096 -0.9956 0.0931
vn -0.1775 -0.9760 0.1258
vn 0.1363 -0.9858 0.0984
vn 0.0546 -0.9941 0.0934
vn -0.1228 -0.9876 0.0974
vn 0.1666 -0.9839 0.0654
vn 0.0624 -0.9943 0.0860
vn -0.0763 -0.9877 0.1368
vn 0.2012 -0.9671 0.1557
vn 0.0049 -0.9929 -0.1190
vn -0.1041 -0.9946 0.0051
vn 0.1648 -0.9861 0.0194
vn -0.0679 -0.9873 0.1435
vn 0.1891 -0.9734 0.1290
vn 0.0783 -0.9824 0.1695
vn 0.3402 -0.9362 -0.0885
vn 0.3686 -0.9254 0.0883
vn 0.3388 -0.9258 0.1674
vn 0.3279 -0.9420 0.0718
vn 0.3254 -0.9437 0.0604
vn 0.2979 -0.9501 0.0928
vn 0.2641 -0.9613 0.0791
vn 0.3159 -0.9488 0.0092
vn 0.4279 -0.9038 -0.0065
vn 0.5126 -0.8557 -0.0701
vn -0.6224 -0.7771 -0.0939
vn -0.6094 -0.7929 -0.0037
vn -0.6000 -0.7999 0.0094
vn -0.5868 -0.8066 0.0706
vn -0.6019 -0.7884 0.1273
vn -0.6135 -0.7791 0.1289
vn -0.5703 -0.8126 0.1199
vn -0.5224 -0.8435 0.1247
vn -0.5046 -0.8572 0.1028
vn -0.5471 -0.8369 -0.0192
vn -0.3339 -0.9372 -0.1007
vn -0.2890 -0.9552 0.0641
vn -0.2773 -0.9487 0.1522
vn -0.3115 -0.9432 0.1157
vn -0.3758 -0.9188 0.1209
vn -0.4055 -0.9031 0.1411
vn -0.3882 -0.9150 0.1097
vn -0.3870 -0.9219 0.0183
vn -0.3871 -0.9220 -0.0091
vn -0.3869 -0.9204 -0.0558
vn -0.8392 -0.5344 -0.1010
vn -0.8848 -0.4658 -0.0107
vn -0.9005 -0.4339 0.0277
vn -0.8987 -0.4345 0.0597
vn -0.9060 -0.4166 0.0743
vn -0.9178 -0.3888 0.0802
vn -0.9144 -0.3933 0.0952
vn -0.9089 -0.4116 0.0667
vn -0.9066 -0.4218 0.0079
vn -0.9217 -0.3734 -0.1049
vn -0.7854 -0.5968 -0.1641
vn -0.7392 -0.6734 0.0066
vn -0.7339 -0.6726 0.0944
vn -0.7519 -0.6499 0.1106
vn -0.7810 -0.6139 0.1146
vn -0.7810 -0.6146 0.1110
vn -0.7592 -0.6442 0.0926
vn -0.7617 -0.6464 0.0432
vn -0.7672 -0.6413 0.0125
vn -0.7594 -0.6498 -0.0331
vn -0.9453 -0.3161 -0.0800
vn -0.9753 -0.2209 0.0045
vn -0.9769 -0.2102 0.0400
vn -0.9766 -0.2104 0.0442
vn -0.9809 -0.1902 0.0411
vn -0.9819 -0.1801 0.0593
vn -0.9805 -0.1866 0.0610
vn -0.9808 -0.1949 0.0018
vn -0.9792 -0.1815 -0.0909
vn -0.9462 -0.1451 -0.2892
vn 0.0041 -0.5641 -0.8257
vn 0.0777 -0.8897 -0.4498
vn -0.1134 -0.8831 -0.4554
vn -0.0048 0.1733 -0.9849
vn -0.1774 0.6475 -0.7411
vn 0.0270 0.5912 -0.8061
vn 0.3236 -0.1848 -0.9280
vn -0.2892 -0.2270 -0.9300
vn 0.4408 -0.7263 -0.5274
vn 0.7223 -0.3397 -0.6024
vn 0.7538 0.0754 -0.6527
vn 0.4996 0.4437 -0.7440
vn -0.5451 0.3599 -0.7572
vn -0.7328 -0.0663 -0.6772
vn -0.7188 -0.3529 -0.5990
vn -0.4890 -0.7237 -0.4869
vn 0.3034 0.9177 -0.2565
vn 0.3511 0.8804 -0.3188
vn 0.4784 0.7665 -0.4285
vn -0.2386 0.9642 -0.1155
vn 0.0093 0.9823 -0.1870
vn 0.0977 0.9803 -0.1717
vn -0.6557 0.7550 -0.0112
vn -0.5134 0.8542 -0.0823
vn -0.4685 0.8820 -0.0511
vn -0.8623 0.5044 0.0450
vn -0.7767 0.6299 0.0020
vn -0.7730 0.6337 0.0310
vn -0.9684 0.2473 0.0332
vn -0.9194 0.3932 0.0022
vn -0.9265 0.3704 0.0659
vn -0.9992 -0.0393 -0.0045
vn -0.9927 0.1159 -0.0326
vn -0.9945 0.0940 0.0472
vn -0.9394 -0.3405 -0.0394
vn -0.9825 -0.1774 -0.0577
vn -0.9806 -0.1961 0.0052
vn -0.7747 -0.6292 -0.0629
vn -0.8756 -0.4771 -0.0762
vn -0.8697 -0.4922 -0.0382
vn -0.4314 -0.8997 -0.0663
vn -0.6186 -0.7814 -0.0821
vn -0.6037 -0.7947 -0.0626
vn -0.1114 -0.9894 -0.0929
vn -0.2789 -0.9575 -0.0736
vn -0.2476 -0.9657 -0.0784
vn 0.2401 -0.9409 -0.2390
vn 0.0224 -0.9905 -0.1359
vn 0.1295 -0.9787 -0.1595
vn 0.3695 -0.8289 -0.4201
vn 0.2329 -0.9078 -0.3487
vn 0.1920 0.9535 -0.2322
vn -0.3041 0.9367 -0.1735
vn -0.6926 0.7169 -0.0800
vn -0.8516 0.5214 -0.0537
vn -0.9578 0.2758 -0.0813
vn -0.9956 -0.0174 -0.0918
vn -0.9420 -0.3237 -0.0884
vn -0.7828 -0.6167 -0.0838
vn -0.4307 -0.8993 -0.0757
vn -0.1592 -0.9822 -0.1002
vn 0.0745 -0.9646 -0.2529
vn 0.6238 0.6767 -0.3912
vn 0.1730 0.9705 -0.1680
vn -0.4421 0.8948 -0.0624
vn -0.7622 0.6473 0.0067
vn -0.9254 0.3731 0.0672
vn -0.9926 0.0788 0.0926
vn -0.9719 -0.2263 0.0653
vn -0.8506 -0.5257 -0.0079
vn -0.5770 -0.8126 -0.0823
vn -0.2097 -0.9708 -0.1167
vn 0.2242 -0.9607 -0.1639
vn 0.5294 -0.7643 -0.3681
vn 0.3762 -0.8849 -0.2747
vn -0.0416 -0.9918 -0.1211
vn -0.3987 -0.9130 -0.0865
vn -0.7557 -0.6528 -0.0535
vn -0.9319 -0.3626 0.0070
vn -0.9964 -0.0582 0.0620
vn -0.9698 0.2306 0.0795
vn -0.8633 0.5021 0.0502
vn -0.6400 0.7683 -0.0118
vn -0.1959 0.9754 -0.1012
vn 0.4268 0.8573 -0.2878
vn 0.9605 -0.0443 -0.2747
vn 0.8960 0.0729 -0.4380
vn 0.8795 -0.1357 -0.4562
vn 0.9953 -0.0136 -0.0957
vn 0.9850 0.0697 -0.1576
vn 0.9778 -0.1513 -0.1453
vn 0.9932 0.0408 -0.1088
vn 0.9854 0.1416 -0.0949
vn 0.9901 -0.1182 -0.0758
vn 0.9818 0.0483 -0.1834
vn 0.9707 0.1811 -0.1576
vn 0.9862 -0.1012 -0.1309
vn 0.9740 0.0572 -0.2191
vn 0.9554 0.1787 -0.2350
vn 0.9788 -0.0928 -0.1827
vn 0.9851 0.0738 -0.1555
vn 0.9572 0.1874 -0.2206
vn 0.9837 -0.0681 -0.1664
vn 0.9930 0.0850 -0.0822
vn 0.9711 0.1989 -0.1317
vn 0.9947 -0.0491 -0.0901
vn 0.9938 0.0660 -0.0893
vn 0.9766 0.1939 -0.0931
vn 0.9979 -0.0403 -0.0506
vn 0.9731 -0.0346 -0.2277
vn 0.9845 0.1144 -0.1331
vn 0.9925 -0.0664 -0.1027
vn 0.7367 0.6383 -0.2232
vn 0.5305 0.8183 -0.2214
vn 0.7742 0.5067 -0.3793
vn 0.7279 0.6701 -0.1455
vn 0.8454 0.5085 -0.1634
vn 0.5633 0.8059 -0.1822
vn 0.6651 0.7324 -0.1460
vn 0.8058 0.5811 -0.1145
vn 0.5018 0.8486 -0.1674
vn 0.6467 0.7281 -0.2274
vn 0.7766 0.6063 -0.1714
vn 0.4563 0.8716 -0.1792
vn 0.6156 0.7293 -0.2987
vn 0.7680 0.5802 -0.2714
vn 0.4164 0.8566 -0.3046
vn 0.6466 0.7309 -0.2184
vn 0.7760 0.5728 -0.2640
vn 0.3939 0.8802 -0.2646
vn 0.6789 0.7166 -0.1600
vn 0.8228 0.5434 -0.1667
vn 0.4380 0.8807 -0.1804
vn 0.6675 0.7074 -0.2323
vn 0.8407 0.5211 -0.1472
vn 0.4103 0.8823 -0.2306
vn 0.6508 0.6796 -0.3385
vn 0.8686 0.4514 -0.2043
vn 0.3339 0.8793 -0.3397
vn 0.9579 0.1854 -0.2191
vn 0.9386 0.3156 -0.1396
vn 0.9269 0.3557 -0.1200
vn 0.9076 0.3686 -0.2011
vn 0.8842 0.3802 -0.2715
vn 0.8957 0.3890 -0.2153
vn 0.9082 0.3983 -0.1282
vn 0.9392 0.3249 -0.1114
vn 0.9211 0.2744 -0.2761
vn 0.7060 -0.6121 -0.3562
vn 0.8029 -0.5858 -0.1105
vn 0.8021 -0.5949 -0.0516
vn 0.7959 -0.6027 -0.0571
vn 0.8164 -0.5759 -0.0440
vn 0.8534 -0.5204 -0.0303
vn 0.8771 -0.4803 0.0047
vn 0.8889 -0.4563 0.0396
vn 0.8874 -0.4609 0.0069
vn 0.4839 -0.8572 -0.1760
vn 0.5213 -0.8489 -0.0866
vn 0.4925 -0.8691 -0.0463
vn 0.4755 -0.8797 0.0062
vn 0.5668 -0.8170 0.1062
vn 0.5952 -0.7988 0.0872
vn 0.6017 -0.7908 0.1123
vn 0.5810 -0.8103 0.0769
vn 0.0005 -0.9927 -0.1207
vn 0.0198 -0.9978 -0.0625
vn 0.0099 -0.9996 -0.0248
vn 0.0289 -0.9838 0.1768
vn 0.0762 -0.9748 0.2098
vn 0.1011 -0.9841 0.1462
vn 0.1097 -0.9822 0.1525
vn 0.1305 -0.9852 0.1109
vn -0.3843 -0.9190 -0.0876
vn -0.3674 -0.9298 -0.0202
vn -0.3530 -0.9356 0.0044
vn -0.3304 -0.9223 0.2002
vn -0.3262 -0.9170 0.2296
vn -0.3293 -0.9316 0.1539
vn -0.3415 -0.9285 0.1460
vn -0.3655 -0.9230 0.1200
vn -0.7250 -0.6882 -0.0267
vn -0.6807 -0.7320 0.0299
vn -0.6566 -0.7533 0.0375
vn -0.6382 -0.7465 0.1882
vn -0.6491 -0.7331 0.2032
vn -0.6639 -0.7365 0.1293
vn -0.6802 -0.7252 0.1066
vn -0.6912 -0.7177 0.0847
vn -0.9120 -0.4071 0.0501
vn -0.8936 -0.4437 0.0677
vn -0.8914 -0.4495 0.0579
vn -0.8777 -0.4553 0.1497
vn -0.8852 -0.4393 0.1531
vn -0.8979 -0.4318 0.0857
vn -0.9110 -0.4101 0.0425
vn -0.9252 -0.3795 -0.0064
vn -0.9923 -0.0862 0.0892
vn -0.9922 -0.1008 0.0729
vn -0.9939 -0.0979 0.0510
vn -0.9902 -0.1047 0.0921
vn -0.9905 -0.1004 0.0937
vn -0.9938 -0.1021 0.0445
vn -0.9948 -0.1006 -0.0170
vn -0.9914 -0.0916 -0.0931
vn 0.8934 -0.3669 -0.2591
vn 0.9290 -0.3623 -0.0762
vn 0.9324 -0.3530 -0.0778
vn 0.9309 -0.3471 -0.1141
vn 0.9415 -0.3146 -0.1211
vn 0.9589 -0.2726 -0.0788
vn 0.9685 -0.2479 -0.0210
vn 0.9713 -0.2372 -0.0195
vn 0.9547 -0.2550 -0.1530
vn 0.5108 -0.8555 0.0845
vn 0.6616 -0.7331 -0.1577
vn 0.6803 -0.7302 -0.0635
vn 0.6555 -0.7543 -0.0371
vn 0.6630 -0.7486 -0.0026
vn 0.7116 -0.7017 0.0356
vn 0.7551 -0.6545 0.0391
vn 0.7688 -0.6363 0.0635
vn 0.7776 -0.6240 0.0774
vn 0.7308 -0.6805 -0.0538
vn -0.0016 -0.9982 0.0604
vn 0.2707 -0.9568 -0.1061
vn 0.2617 -0.9633 -0.0596
vn 0.2339 -0.9722 -0.0040
vn 0.2429 -0.9661 0.0874
vn 0.2955 -0.9398 0.1719
vn 0.3417 -0.9285 0.1455
vn 0.3544 -0.9268 0.1242
vn 0.3636 -0.9208 0.1408
vn 0.3138 -0.9456 -0.0861
vn -0.3425 -0.9354 0.0879
vn -0.1833 -0.9826 -0.0291
vn -0.1882 -0.9818 0.0260
vn -0.1780 -0.9749 0.1341
vn -0.1522 -0.9608 0.2318
vn -0.1319 -0.9726 0.1914
vn -0.1295 -0.9808 0.1456
vn -0.1337 -0.9782 0.1587
vn -0.1062 -0.9941 -0.0203
vn -0.1953 -0.9783 -0.0698
vn -0.4021 0.9111 -0.0904
vn -0.6166 0.7863 -0.0380
vn -0.1489 0.9816 -0.1192
vn -0.3778 0.9171 -0.1272
vn -0.5906 0.8042 -0.0667
vn -0.1129 0.9824 -0.1488
vn -0.3763 0.9184 -0.1218
vn -0.5747 0.8122 -0.1001
vn -0.1181 0.9794 -0.1636
vn -0.3869 0.9041 -0.1812
vn -0.5893 0.8024 -0.0947
vn -0.1187 0.9806 -0.1560
vn -0.3964 0.8905 -0.2235
vn -0.6000 0.7808 -0.1743
vn -0.1301 0.9485 -0.2889
vn -0.3757 0.9184 -0.1245
vn -0.5873 0.8007 -0.1186
vn -0.1335 0.9679 -0.2129
vn -0.3274 0.9283 -0.1766
vn -0.5681 0.8181 -0.0893
vn -0.0835 0.9846 -0.1536
vn -0.2835 0.8942 -0.3465
vn -0.5025 0.8325 -0.2333
vn -0.0716 0.9559 -0.2848
vn -0.3209 0.8524 -0.4129
vn -0.4545 0.8118 -0.3667
vn -0.1308 0.9148 -0.3822
vn 0.0196 0.8965 -0.4426
vn 0.1019 0.9387 -0.3294
vn 0.1825 0.9624 -0.2011
vn 0.1556 0.9685 -0.1945
vn 0.1249 0.9441 -0.3052
vn 0.1662 0.9561 -0.2415
vn 0.1757 0.9703 -0.1662
vn 0.2187 0.9585 -0.1826
vn 0.2309 0.9578 -0.1715
vn -0.9932 -0.1007 0.0581
vn -0.7427 0.6694 -0.0150
vn -0.9958 0.0778 0.0490
vn -0.9956 0.0882 0.0308
vn -0.9946 0.0952 0.0411
vn -0.9943 0.0859 0.0635
vn -0.9955 0.0830 0.0460
vn -0.9973 0.0730 -0.0017
vn -0.9935 0.0732 -0.0874
vn -0.9945 0.0697 0.0784
vn -0.9174 0.3978 0.0059
vn -0.9139 0.4057 -0.0174
vn -0.9114 0.4109 -0.0223
vn -0.9157 0.4018 -0.0114
vn -0.9161 0.4010 -0.0032
vn -0.9195 0.3913 -0.0382
vn -0.9102 0.3868 -0.1480
vn -0.9513 0.1491 -0.2697
vn -0.9389 0.2886 -0.1874
vn -0.9685 0.2399 -0.0661
vn -0.9664 0.2568 0.0050
vn -0.9647 0.2620 0.0279
vn -0.9624 0.2713 0.0127
vn -0.9624 0.2715 0.0063
vn -0.9668 0.2552 0.0129
vn -0.9699 0.2384 0.0487
vn -0.9211 0.3869 0.0432
vn -0.7291 0.6824 -0.0522
vn -0.7286 0.6816 -0.0671
vn -0.7452 0.6608 -0.0895
vn -0.7416 0.6630 -0.1026
vn -0.7295 0.6815 -0.0576
vn -0.7132 0.6940 -0.0980
vn -0.6389 0.7172 -0.2784
vn -0.6223 0.6854 -0.3780
vn -0.8424 0.5389 0.0006
vn -0.8387 0.5433 -0.0379
vn -0.8420 0.5378 -0.0421
vn -0.8475 0.5274 -0.0603
vn -0.8444 0.5346 -0.0354
vn -0.8436 0.5360 -0.0336
vn -0.8255 0.5489 -0.1315
vn -0.7999 0.5360 -0.2699
vn -0.8522 0.5224 0.0284
vn -0.9703 0.2291 0.0782
vn -0.8844 -0.4580 0.0902
vn -0.9610 -0.2655 0.0776
vn -0.9603 -0.2715 0.0647
vn -0.9604 -0.2716 0.0619
vn -0.9547 -0.2810 0.0981
vn -0.9530 -0.2718 0.1337
vn -0.9607 -0.2615 0.0936
vn -0.9671 -0.2519 0.0351
vn -0.9723 -0.2335 -0.0115
vn -0.9552 -0.2073 -0.2112
vn -0.6433 -0.7588 0.1022
vn -0.8151 -0.5781 0.0393
vn -0.7888 -0.6126 0.0501
vn -0.7798 -0.6222 0.0689
vn -0.7660 -0.6282 0.1363
vn -0.7699 -0.6087 0.1916
vn -0.7850 -0.6021 0.1457
vn -0.7997 -0.5939 0.0877
vn -0.8162 -0.5729 0.0740
vn -0.8298 -0.5550 -0.0588
vn -0.5509 -0.8342 -0.0236
vn -0.5174 -0.8557 0.0109
vn -0.5034 -0.8624 0.0529
vn -0.4896 -0.8593 0.1477
vn -0.4921 -0.8403 0.2273
vn -0.5001 -0.8464 0.1830
vn -0.5127 -0.8489 0.1287
vn -0.5308 -0.8374 0.1307
vn -0.5367 -0.8438 0.0030
vn 0.1003 -0.4776 -0.8729
vn 0.4021 -0.7973 -0.4501
vn 0.0838 -0.8600 -0.5033
vn 0.0364 0.3396 -0.9399
vn 0.4354 -0.0842 -0.8963
vn -0.3465 -0.1259 -0.9296
vn 0.2506 0.7053 -0.6632
vn -0.1445 0.7516 -0.6436
vn 0.7277 0.3374 -0.5972
vn 0.8424 -0.0198 -0.5385
vn 0.8225 -0.1535 -0.5477
vn 0.7349 -0.4952 -0.4633
vn -0.2954 -0.8460 -0.4439
vn -0.6046 -0.6768 -0.4200
vn -0.7808 -0.3348 -0.5276
vn -0.7790 -0.0491 -0.6251
vn -0.6736 0.3800 -0.6339
vn -0.4130 0.6852 -0.6000
vn -0.5151 0.8524 -0.0896
vn -0.3427 0.9344 -0.0969
vn -0.2923 0.9553 0.0446
vn -0.3323 0.9097 0.2490
vn -0.4800 0.6938 0.5369
vn -0.6138 0.2858 0.7359
vn -0.6224 -0.2404 0.7449
vn -0.4600 -0.6683 0.5846
vn -0.3075 -0.8761 0.3713
vn -0.2105 -0.9675 0.1405
vn -0.1509 -0.9880 -0.0322
vn -0.1318 -0.9823 -0.1330
vn -0.1695 -0.9665 -0.1927
vn -0.2398 -0.9405 -0.2407
vn -0.3388 -0.9059 -0.2539
vn -0.5063 0.6437 -0.5739
vn 0.4876 0.6743 -0.5546
vn 0.6805 0.6514 -0.3356
vn 0.7429 0.6165 -0.2609
vn 0.8031 0.5915 -0.0721
vn 0.7582 0.6428 -0.1094
vn 0.7218 0.6249 -0.2974
vn 0.5820 0.5603 -0.5894
vn 0.1607 0.6406 -0.7508
vn -0.4597 -0.1178 -0.8802
vn 0.6012 -0.1885 -0.7766
vn 0.8859 -0.1407 -0.4421
vn 0.9359 -0.0978 -0.3385
vn 0.9982 -0.0536 -0.0273
vn 0.9970 -0.0198 -0.0751
vn 0.9463 -0.0261 -0.3222
vn 0.7602 -0.0352 -0.6487
vn 0.2853 -0.0085 -0.9584
vn -0.3378 -0.8525 -0.3988
vn -0.1922 -0.9229 -0.3336
vn -0.1794 -0.9580 -0.2235
vn -0.2135 -0.9701 -0.1154
vn -0.2863 -0.9580 0.0180
vn -0.3936 -0.8993 0.1907
vn -0.5160 -0.7633 0.3887
vn -0.6567 -0.5135 0.5524
vn -0.7559 -0.1580 0.6354
vn -0.7548 0.2169 0.6191
vn -0.6487 0.5849 0.4869
vn -0.4636 0.8483 0.2559
vn -0.3289 0.9417 0.0710
vn -0.2652 0.9540 -0.1397
vn -0.4774 0.8489 -0.2268
vn -0.2843 -0.9083 -0.3068
vn -0.2035 -0.9463 -0.2511
vn -0.1703 -0.9697 -0.1752
vn -0.1829 -0.9806 -0.0700
vn -0.2426 -0.9680 0.0649
vn -0.3371 -0.8994 0.2783
vn -0.4633 -0.7419 0.4846
vn -0.6256 -0.4167 0.6595
vn -0.6943 0.0019 0.7196
vn -0.6254 0.4638 0.6275
vn -0.4681 0.7927 0.3905
vn -0.3373 0.9300 0.1459
vn -0.2924 0.9552 -0.0450
vn -0.3717 0.9142 -0.1612
vn -0.3338 -0.7004 -0.6309
vn 0.3832 -0.6846 -0.6200
vn 0.6867 -0.6351 -0.3537
vn 0.7653 -0.5868 -0.2646
vn 0.8387 -0.5423 -0.0497
vn 0.7947 -0.5504 -0.2559
vn 0.6552 -0.5352 -0.5331
vn 0.2864 -0.5067 -0.8132
vn 0.8446 -0.5354 -0.0078
vn 0.0465 -0.2261 -0.9730
vn 0.5551 -0.3091 -0.7722
vn 0.8382 -0.3135 -0.4463
vn 0.9340 -0.3174 -0.1641
vn 0.9506 -0.3103 0.0017
vn 0.9234 -0.3509 -0.1555
vn 0.8438 -0.3880 -0.3707
vn 0.7154 -0.4527 -0.5322
vn 0.0516 -0.4734 -0.8793
vn -0.0184 0.3518 -0.9359
vn 0.5044 0.3005 -0.8095
vn 0.8181 0.3099 -0.4844
vn 0.9216 0.3374 -0.1918
vn 0.9470 0.3201 -0.0263
vn 0.9512 0.2500 -0.1807
vn 0.8833 0.2583 -0.3911
vn 0.8113 0.2181 -0.5424
vn 0.1308 0.2879 -0.9487
vn -0.2786 0.8823 -0.3793
vn -0.1339 -0.8913 -0.4332
vn 0.0311 -0.8271 -0.5613
vn -0.0007 -0.9306 -0.3659
vn -0.1192 -0.9781 -0.1704
vn -0.2495 -0.9681 -0.0213
vn -0.3998 -0.9097 0.1127
vn -0.7146 -0.5761 0.3969
vn -0.8117 -0.3144 0.4921
vn -0.8301 0.2485 0.4992
vn -0.7445 0.5084 0.4327
vn -0.5920 0.7371 0.3259
vn -0.8501 -0.0197 0.5262
vn -0.3655 0.9176 0.1565
vn -0.0944 0.9897 -0.1080
vn 0.0721 0.9156 -0.3955
vn -0.1557 0.9538 -0.2570
vn -0.5788 -0.7706 0.2668
vn -0.1253 -0.9498 -0.2867
vn -0.1980 -0.9701 -0.1400
vn -0.2976 -0.9546 -0.0143
vn -0.4259 -0.8957 0.1277
vn -0.5720 -0.7610 0.3061
vn -0.6991 -0.5521 0.4544
vn -0.7994 -0.2430 0.5495
vn -0.8281 0.0498 0.5583
vn -0.7735 0.3911 0.4987
vn -0.6349 0.6799 0.3668
vn -0.4465 0.8706 0.2066
vn -0.2555 0.9668 -0.0091
vn 0.4550 -0.8012 -0.3887
vn 0.2013 -0.8873 -0.4150
vn 0.3916 -0.8949 -0.2142
vn 0.4792 -0.8686 -0.1261
vn 0.5359 -0.8443 0.0035
vn 0.4951 -0.8680 -0.0391
vn 0.4528 -0.8729 -0.1819
vn 0.3809 -0.8525 -0.3579
vn 0.2047 -0.8580 -0.4712
vn 0.0819 -0.7060 -0.7035
vn 0.4151 -0.7101 -0.5687
vn 0.5935 -0.7368 -0.3239
vn 0.6530 -0.7476 -0.1208
vn 0.6959 -0.7180 0.0123
vn 0.6842 -0.7233 -0.0934
vn 0.5864 -0.7723 -0.2442
vn 0.1546 0.9619 -0.2255
vn 0.2861 0.9467 -0.1482
vn 0.3579 0.9298 -0.0860
vn 0.3737 0.9234 -0.0873
vn 0.3412 0.9288 -0.1449
vn 0.3251 0.9050 -0.2743
vn 0.2889 0.7876 -0.5443
vn 0.5003 0.7772 -0.3816
vn 0.3948 0.8749 -0.2804
vn 0.4814 0.8572 -0.1832
vn 0.5783 0.8070 -0.1194
vn 0.5706 0.8164 -0.0893
vn 0.5423 0.8183 -0.1902
vn 0.0152 -0.9752 -0.2210
vn 0.1118 -0.9909 -0.0747
vn 0.1696 -0.9855 0.0003
vn 0.2045 -0.9787 0.0156
vn 0.1971 -0.9793 -0.0460
vn 0.1896 -0.9698 -0.1536
vn 0.2770 -0.9307 -0.2388
vn 0.1198 -0.9364 -0.3299
vn 0.3194 -0.9424 -0.0995
vn 0.3489 -0.9372 -0.0019
vn 0.3544 -0.9349 -0.0170
vn 0.2808 -0.9553 -0.0929
vn 0.1899 -0.9550 -0.2278
vn -0.3438 -0.9328 0.1078
vn -0.4172 -0.8916 0.1760
vn -0.4815 -0.8621 0.1579
vn -0.4948 -0.8662 0.0701
vn -0.4813 -0.8752 -0.0477
vn -0.5350 -0.8251 -0.1818
vn -0.6474 -0.6853 -0.3335
vn -0.6439 -0.4011 -0.6515
vn -0.7385 0.0187 -0.6740
vn -0.7616 0.2573 -0.5947
vn -0.7403 0.4455 -0.5034
vn -0.2603 0.0495 -0.9643
vn -0.1741 -0.4047 -0.8977
vn -0.0561 -0.8641 -0.5002
vn 0.0525 -0.9712 -0.2324
vn 0.0749 -0.9933 -0.0884
vn 0.0533 -0.9986 -0.0016
vn 0.0217 -0.9986 0.0483
vn -0.0050 -0.9995 0.0318
vn -0.0407 -0.9967 -0.0700
vn -0.2973 0.6369 -0.7113
vn -0.7272 0.0768 -0.6821
vn -0.6002 -0.2120 -0.7712
vn -0.4313 -0.7533 -0.4966
vn -0.3043 -0.9212 -0.2425
vn -0.2529 -0.9635 -0.0884
vn -0.2862 -0.9580 0.0179
vn -0.3265 -0.9398 0.1010
vn -0.3044 -0.9430 0.1344
vn -0.2696 -0.9592 0.0848
vn -0.1562 -0.9861 0.0569
vn -0.1648 -0.9816 0.0960
vn -0.1406 -0.9890 0.0467
vn -0.0871 -0.9955 -0.0385
vn -0.0685 -0.9868 -0.1464
vn -0.1473 -0.9290 -0.3396
vn -0.3349 -0.6003 -0.7263
vn -0.5140 -0.1076 -0.8510
vn -0.5691 0.3038 -0.7641
vn -0.1681 -0.9850 -0.0378
vn -0.5054 -0.8322 0.2283
vn -0.7098 -0.6149 0.3436
vn -0.8221 -0.3987 0.4065
vn -0.8798 -0.1734 0.4426
vn -0.8908 0.0697 0.4490
vn -0.8551 0.3032 0.4205
vn -0.7767 0.5100 0.3697
vn -0.6372 0.7124 0.2941
vn -0.3420 0.9289 0.1419
vn 0.0852 0.9919 -0.0940
vn -0.5513 -0.7940 0.2561
vn -0.7130 -0.5942 0.3722
vn -0.8139 -0.3610 0.4552
vn -0.8615 -0.1011 0.4976
vn -0.8557 0.1575 0.4929
vn -0.8017 0.3928 0.4505
vn -0.6957 0.6083 0.3820
vn -0.5175 0.8121 0.2696
vn -0.1610 0.9864 0.0328
vn -0.6155 -0.7558 0.2233
vn -0.8353 -0.4824 0.2637
vn -0.9240 -0.2774 0.2631
vn -0.9629 -0.0846 0.2562
vn -0.9639 0.1051 0.2448
vn -0.9177 0.3230 0.2313
vn -0.8334 0.5083 0.2170
vn -0.7016 0.6855 0.1945
vn -0.3513 0.9316 0.0936
vn 0.1567 0.9862 -0.0541
vn -0.6907 -0.6612 0.2928
vn -0.8292 -0.4456 0.3374
vn -0.9051 -0.2247 0.3610
vn -0.9306 -0.0254 0.3650
vn -0.9131 0.2091 0.3501
vn -0.8492 0.4249 0.3136
vn -0.7464 0.6090 0.2683
vn -0.5432 0.8171 0.1930
vn -0.0885 0.9960 0.0124
vn -0.7981 0.4734 -0.3728
vn -0.7851 0.5222 -0.3330
vn -0.7576 0.6261 -0.1847
vn -0.8055 0.5913 0.0383
vn -0.8098 0.5654 0.1565
vn -0.7315 0.5803 -0.3580
vn 0.1144 0.9068 -0.4058
vn -0.2863 0.8682 -0.4053
vn -0.5616 0.6820 -0.4685
vn -0.0640 0.8278 -0.5574
vn -0.5304 0.7893 -0.3093
vn -0.4947 0.8530 -0.1665
vn -0.5269 0.8495 -0.0278
vn -0.5748 0.8106 0.1121
vn -0.7201 0.6890 0.0823
vn -0.6607 0.7465 -0.0794
vn -0.6733 0.6926 -0.2588
vn -0.0697 0.9536 -0.2930
vn -0.1014 0.9819 -0.1600
vn -0.0995 0.9919 -0.0791
vn -0.0848 0.9964 0.0042
vn -0.3400 0.9404 -0.0002
vn -0.8091 -0.5548 0.1937
vn -0.3132 0.9432 -0.1110
vn -0.2985 0.9290 -0.2190
vn 0.1206 0.9711 -0.2060
vn 0.1233 0.9854 -0.1175
vn 0.1561 0.9862 -0.0548
vn -0.8426 -0.5348 0.0637
vn -0.8582 -0.4987 -0.1220
vn -0.8934 -0.3754 -0.2469
vn -0.9090 -0.2813 -0.3075
vn -0.7819 -0.2132 -0.5858
vn -0.8356 -0.3785 -0.3981
vn -0.8116 -0.5175 -0.2711
vn -0.7395 -0.6545 -0.1573
vn -0.6949 -0.7191 0.0031
vn -0.6912 -0.7114 0.1266
vn -0.8171 0.0731 -0.5718
vn -0.9395 0.1220 -0.3201
vn -0.9397 0.0971 -0.3278
vn -0.9658 0.0777 -0.2476
vn -0.9940 0.0818 0.0720
vn -0.9882 0.0468 0.1456
vn -0.9504 0.0771 -0.3014
vn -0.9247 -0.2932 -0.2430
vn -0.9150 -0.4018 -0.0368
vn -0.9121 -0.3905 0.1247
vn -0.9854 0.1371 0.1009
vn -0.8511 0.5222 -0.0539
vn -0.8188 0.4900 -0.2990
vn -0.8282 0.4419 -0.3448
vn -0.9011 0.0968 -0.4226
vn -0.9043 0.1541 -0.3982
vn -0.9361 -0.2107 -0.2815
vn -0.9776 -0.1727 0.1205
vn -0.9802 -0.1894 -0.0578
vn -0.9088 -0.1811 -0.3759
vn -0.9457 -0.1110 -0.3053
vn -0.9439 -0.2632 -0.1993
vn -0.9538 -0.2932 0.0656
vn -0.9455 -0.1120 -0.3059
vn -0.8020 -0.0760 -0.5924
vn -0.9466 -0.1504 -0.2851
vn -0.9302 -0.3188 0.1817
vn -0.9563 -0.0359 -0.2903
vn -0.9981 -0.0019 -0.0613
vn -0.9181 0.0048 -0.3964
vn -0.9939 0.0091 0.1103
vn -0.9421 0.0273 -0.3342
vn -0.9498 0.0065 -0.3129
vn -0.9683 -0.0737 -0.2389
vn -0.9474 0.0580 -0.3147
vn -0.9950 -0.0705 0.0705
vn -0.7937 0.0576 -0.6056
vn -0.9794 -0.1149 0.1659
vn -0.8807 0.4610 0.1086
vn -0.9540 0.2816 0.1033
vn -0.9876 0.1465 -0.0559
vn -0.9518 0.3026 -0.0502
vn -0.9297 0.1441 -0.3388
vn -0.8975 0.2963 -0.3265
vn -0.9372 0.1607 -0.3097
vn -0.9019 0.2881 -0.3218
vn -0.7901 0.4174 -0.4489
vn -0.8663 0.2837 -0.4111
vn -0.8550 0.3874 -0.3449
vn -0.9181 0.2302 -0.3227
vn -0.9202 0.2061 -0.3329
vn -0.8656 0.3682 -0.3393
vn -0.9448 0.2253 -0.2381
vn -0.8794 0.4257 -0.2129
vn -0.9778 0.1963 0.0735
vn -0.9239 0.3765 0.0683
vn -0.8016 0.1431 -0.5805
vn -0.7644 0.2318 -0.6016
vn -0.9674 0.2114 0.1392
vn -0.9065 0.3961 0.1461
vn 0.6478 0.7554 0.0990
vn 0.5806 0.8068 0.1099
vn 0.5794 0.8076 0.1096
vn 0.2410 0.9689 0.0556
vn 0.1586 0.9869 0.0310
vn 0.0481 0.9988 -0.0028
vn 0.0306 0.9988 -0.0385
vn 0.0581 0.9981 -0.0206
vn 0.0129 0.9999 -0.0086
vn -0.0646 0.9978 -0.0149
vn -0.0428 0.9985 -0.0331
vn -0.1051 0.9941 -0.0267
vn -0.1025 0.9946 -0.0171
vn -0.1129 0.9932 -0.0293
vn -0.0409 0.9982 -0.0444
vn 0.4866 0.8683 0.0963
vn -0.1806 0.9835 0.0065
vn -0.4521 0.8919 0.0045
vn -0.3647 0.9309 0.0200
vn -0.4876 0.8729 -0.0169
vn 0.3343 0.9392 0.0782
vn 0.8032 0.5897 0.0843
vn 0.9988 0.0001 0.0490
vn 0.9521 -0.3050 0.0214
vn 0.8132 -0.5817 -0.0202
vn 0.6202 -0.7817 -0.0649
vn 0.4126 -0.9050 -0.1041
vn 0.2076 -0.9709 -0.1195
vn 0.0055 -0.9941 -0.1084
vn -0.1155 -0.9897 -0.0851
vn -0.0876 -0.9938 -0.0679
vn -0.0078 -0.9985 -0.0540
vn 0.0411 -0.9981 -0.0457
vn 0.0323 -0.9986 -0.0411
vn 0.0065 -0.9991 -0.0422
vn 0.0210 -0.9977 -0.0644
vn 0.1247 -0.9873 -0.0981
vn 0.2574 -0.9604 -0.1070
vn 0.2631 -0.9576 -0.1176
vn 0.1506 -0.9736 -0.1713
vn -0.0412 -0.9736 -0.2243
vn -0.2348 -0.9422 -0.2389
vn 0.9475 0.3129 0.0663
vn -0.5554 0.8316 -0.0082
vn -0.5056 0.8627 0.0134
vn -0.4615 0.8867 0.0265
vn -0.2945 0.9556 0.0127
vn -0.0983 0.9947 -0.0307
vn -0.0824 0.9946 -0.0634
vn -0.1216 0.9898 -0.0745
vn -0.1270 0.9899 -0.0626
vn -0.0632 0.9974 -0.0350
vn 0.0550 0.9982 -0.0238
vn 0.0929 0.9948 -0.0409
vn 0.0191 0.9975 -0.0680
vn -0.0636 0.9941 -0.0874
vn -0.0604 0.9952 -0.0772
vn 0.0381 0.9986 -0.0369
vn 0.1598 0.9871 0.0014
vn 0.2424 0.9698 0.0283
vn 0.3599 0.9314 0.0536
vn 0.5148 0.8522 0.0937
vn 0.5759 0.8081 0.1234
vn 0.6133 0.7804 0.1219
vn 0.7323 0.6730 0.1041
vn 0.8941 0.4409 0.0787
vn 0.9902 0.1304 0.0503
vn 0.9824 -0.1859 0.0164
vn 0.8728 -0.4872 -0.0274
vn 0.6930 -0.7176 -0.0697
vn 0.4993 -0.8602 -0.1035
vn 0.3134 -0.9426 -0.1152
vn 0.1414 -0.9855 -0.0936
vn -0.0470 -0.9975 -0.0530
vn -0.1014 -0.9944 -0.0282
vn -0.0471 -0.9986 -0.0223
vn 0.0358 -0.9993 -0.0118
vn 0.0570 -0.9983 0.0076
vn 0.0266 -0.9992 0.0290
vn -0.0135 -0.9995 0.0278
vn 0.0163 -0.9997 -0.0189
vn 0.1771 -0.9817 -0.0698
vn 0.2688 -0.9589 -0.0906
vn 0.1800 -0.9756 -0.1255
vn 0.0113 -0.9816 -0.1905
vn -0.1761 -0.9574 -0.2291
vn -0.4676 0.8812 -0.0689
vn -0.3164 0.9482 -0.0280
vn -0.3589 0.9334 0.0047
vn -0.3530 0.9352 0.0291
vn -0.2881 0.9568 0.0397
vn -0.1896 0.9813 0.0314
vn -0.1295 0.9914 0.0174
vn -0.1078 0.9941 0.0116
vn -0.0830 0.9965 0.0094
vn -0.0540 0.9985 0.0043
vn -0.0245 0.9997 -0.0058
vn -0.0045 0.9998 -0.0171
vn 0.0110 0.9997 -0.0218
vn 0.0270 0.9996 -0.0102
vn 0.0765 0.9970 0.0099
vn 0.1548 0.9876 0.0278
vn 0.2344 0.9712 0.0427
vn 0.3262 0.9434 0.0596
vn 0.4399 0.8946 0.0788
vn 0.5483 0.8317 0.0875
vn 0.5755 0.8134 0.0846
vn 0.6340 0.7688 0.0831
vn 0.8062 0.5846 0.0908
vn 0.9466 0.3095 0.0905
vn 0.9963 0.0311 0.0795
vn 0.9720 -0.2273 0.0600
vn 0.8710 -0.4908 0.0234
vn 0.7009 -0.7128 -0.0254
vn 0.4727 -0.8778 -0.0773
vn 0.2110 -0.9706 -0.1158
vn -0.0246 -0.9913 -0.1297
vn -0.1439 -0.9809 -0.1308
vn -0.1129 -0.9858 -0.1246
vn -0.0136 -0.9932 -0.1156
vn 0.0593 -0.9920 -0.1112
vn 0.0518 -0.9918 -0.1172
vn 0.0269 -0.9918 -0.1250
vn 0.0556 -0.9903 -0.1274
vn 0.1460 -0.9812 -0.1262
vn 0.2503 -0.9607 -0.1200
vn 0.3067 -0.9431 -0.1284
vn 0.2429 -0.9565 -0.1615
vn 0.0401 -0.9812 -0.1885
vn 0.5607 0.8242 0.0792
vn -0.4124 0.9101 -0.0406
vn -0.4226 0.9063 -0.0013
vn -0.3693 0.9290 0.0216
vn -0.2529 0.9671 0.0275
vn -0.1376 0.9904 0.0121
vn -0.1135 0.9935 0.0025
vn -0.1022 0.9948 0.0026
vn -0.0690 0.9976 0.0035
vn -0.0228 0.9997 -0.0007
vn 0.0160 0.9998 -0.0139
vn 0.0218 0.9993 -0.0292
vn -0.0047 0.9995 -0.0302
vn -0.0126 0.9999 -0.0108
vn 0.0632 0.9979 0.0142
vn 0.1562 0.9870 0.0384
vn 0.2448 0.9679 0.0563
vn 0.3315 0.9403 0.0771
vn 0.4568 0.8842 0.0976
vn 0.5702 0.8149 0.1038
vn 0.5740 0.8126 0.1009
vn 0.5899 0.8022 0.0923
vn 0.7093 0.6998 0.0848
vn 0.8800 0.4689 0.0758
vn 0.9844 0.1642 0.0637
vn 0.9914 -0.1212 0.0486
vn 0.9143 -0.4046 0.0191
vn 0.7544 -0.6560 -0.0247
vn 0.5551 -0.8286 -0.0730
vn 0.3155 -0.9422 -0.1125
vn 0.0922 -0.9878 -0.1257
vn -0.1013 -0.9880 -0.1164
vn -0.1278 -0.9869 -0.0989
vn -0.0629 -0.9946 -0.0827
vn 0.0283 -0.9968 -0.0747
vn 0.0477 -0.9957 -0.0800
vn 0.0230 -0.9957 -0.0899
vn 0.0228 -0.9945 -0.1020
vn 0.0877 -0.9894 -0.1159
vn 0.2028 -0.9720 -0.1190
vn 0.2818 -0.9530 -0.1111
vn 0.2628 -0.9552 -0.1359
vn 0.1098 -0.9766 -0.1849
vn -0.1048 -0.9716 -0.2122
vn -0.2963 0.9539 0.0481
vn -0.2971 0.9274 0.2272
vn -0.4175 0.7651 0.4903
vn -0.5978 0.3532 0.7196
vn -0.5776 -0.2685 0.7709
vn -0.3829 -0.7235 0.5744
vn -0.2219 -0.9103 0.3494
vn -0.1205 -0.9872 0.1046
vn -0.0417 -0.9959 -0.0804
vn -0.2839 0.9492 0.1355
vn -0.3524 0.8582 0.3732
vn -0.5070 0.5635 0.6523
vn -0.6111 0.0324 0.7909
vn -0.5002 -0.5098 0.6999
vn -0.3068 -0.8226 0.4787
vn -0.1884 -0.9511 0.2449
vn -0.1181 -0.9929 0.0155
vn -0.0807 -0.9912 -0.1045
vn -0.1556 -0.9676 -0.1986
vn -0.0962 -0.9818 -0.1639
vn -0.0068 -0.9872 -0.1593
vn -0.0356 -0.9826 -0.1823
vn 0.1745 -0.9665 -0.1883
vn 0.1650 -0.9636 -0.2105
vn 0.0406 -0.9904 -0.1321
vn -0.1373 -0.9881 0.0694
vn -0.2506 -0.9200 0.3013
vn -0.4340 -0.7677 0.4714
vn -0.7383 -0.3382 0.5835
vn -0.8057 0.3199 0.4985
vn -0.4897 0.7800 0.3897
vn -0.3173 0.9252 0.2080
vn -0.3218 0.9448 0.0612
vn -0.2957 0.9466 0.1286
vn -0.3544 0.8765 0.3257
vn -0.5750 0.6074 0.5481
vn -0.6973 0.0208 0.7165
vn -0.5287 -0.5637 0.6346
vn -0.3190 -0.8489 0.4214
vn -0.1892 -0.9592 0.2100
vn -0.0648 -0.9976 -0.0257
vn 0.0510 -0.9866 -0.1551
vn 0.0804 -0.9783 -0.1907
vn -0.2984 0.9521 0.0676
vn -0.3190 0.9293 0.1861
vn -0.4484 0.8394 0.3071
vn -0.5870 0.7350 0.3394
vn -0.3819 0.8815 0.2777
vn -0.3033 0.9446 0.1255
vn -0.2395 0.9689 0.0626
vn -0.2877 0.9442 0.1601
vn -0.3916 0.8837 0.2564
vn -0.3621 0.9023 0.2339
vn -0.4810 0.8344 0.2690
vn -0.2766 0.9540 0.1159
vn -0.1660 0.9851 0.0452
vn -0.2260 0.9653 0.1306
vn -0.3063 0.9259 0.2211
vn -0.1288 0.9912 0.0294
vn -0.1795 0.9781 0.1052
vn -0.2408 0.9506 0.1959
vn -0.2375 0.9571 0.1660
vn -0.3023 0.9329 0.1957
vn -0.1670 0.9833 0.0729
vn -0.2216 0.9703 0.0968
vn -0.3038 0.9323 0.1965
vn -0.3920 0.8923 0.2240
vn -0.1006 0.9947 0.0198
vn -0.1365 0.9867 0.0882
vn -0.1796 0.9671 0.1805
vn -0.1865 0.9718 0.1441
vn -0.2303 0.9567 0.1778
vn -0.1322 0.9897 0.0546
vn -0.0760 0.9970 0.0140
vn -0.0947 0.9923 0.0794
vn -0.1180 0.9782 0.1709
vn -0.0534 0.9985 0.0086
vn -0.0586 0.9954 0.0756
vn -0.0578 0.9845 0.1656
vn -0.0275 0.9996 0.0042
vn -0.0146 0.9969 0.0773
vn 0.0075 0.9863 0.1647
vn 0.0003 1.0000 0.0032
vn 0.0335 0.9960 0.0833
vn 0.0726 0.9834 0.1661
vn 0.0410 0.9991 0.0079
vn 0.0872 0.9919 0.0929
vn 0.1397 0.9754 0.1704
vn 0.0822 0.9964 0.0185
vn 0.1313 0.9858 0.1047
vn 0.1866 0.9661 0.1783
vn 0.1522 0.9879 0.0290
vn 0.1965 0.9739 0.1137
vn 0.2438 0.9521 0.1848
vn 0.2164 0.9755 0.0405
vn 0.2629 0.9567 0.1245
vn 0.3082 0.9316 0.1924
vn -0.0992 0.9941 0.0438
vn -0.0717 0.9967 0.0384
vn -0.0431 0.9984 0.0366
vn -0.0080 0.9992 0.0392
vn 0.0363 0.9983 0.0455
vn 0.0821 0.9951 0.0545
vn 0.1390 0.9883 0.0629
vn 0.2034 0.9765 0.0715
vn 0.2514 0.9547 0.1590
vn 0.1914 0.9699 0.1504
vn 0.1394 0.9802 0.1404
vn 0.0884 0.9875 0.1304
vn 0.0261 0.9919 0.1246
vn -0.0307 0.9921 0.1220
vn -0.0818 0.9889 0.1238
vn -0.1328 0.9824 0.1310
vn -0.1635 0.9721 0.1679
vn -0.0938 0.9826 0.1605
vn -0.0247 0.9872 0.1573
vn 0.0450 0.9868 0.1558
vn 0.1166 0.9808 0.1562
vn 0.1754 0.9713 0.1605
vn 0.2269 0.9595 0.1667
vn 0.2865 0.9424 0.1728
vn 0.3086 0.9496 0.0552
vn 0.3548 0.9252 0.1344
vn 0.3884 0.8994 0.2007
vn 0.3288 0.9293 0.1685
vn 0.3616 0.9148 0.1801
vn 0.2841 0.9551 0.0835
vn 0.4141 0.9073 0.0725
vn 0.4490 0.8822 0.1423
vn 0.4743 0.8552 0.2092
vn 0.4157 0.8924 0.1758
vn 0.4456 0.8755 0.1869
vn 0.3830 0.9186 0.0970
vn 0.5194 0.8506 0.0812
vn 0.5349 0.8322 0.1461
vn 0.5661 0.7935 0.2235
vn 0.5066 0.8427 0.1825
vn 0.5407 0.8179 0.1967
vn 0.4858 0.8676 0.1061
vn 0.5714 0.8168 0.0796
vn 0.5890 0.7938 0.1514
vn 0.6487 0.7184 0.2514
vn 0.5839 0.7885 0.1930
vn 0.6398 0.7353 0.2236
vn 0.5575 0.8233 0.1068
vn 0.5584 0.8258 0.0788
vn 0.6097 0.7742 0.1697
vn 0.7327 0.6099 0.3018
vn 0.6430 0.7352 0.2144
vn 0.7379 0.6151 0.2779
vn 0.5753 0.8105 0.1099
vn 0.5875 0.7995 0.1253
vn 0.6927 0.7024 0.1635
vn 0.8544 0.4742 0.2127
vn 0.9499 0.2066 0.2345
vn 0.9726 -0.0107 0.2322
vn 0.9526 -0.2121 0.2182
vn 0.8808 -0.4326 0.1924
vn 0.7405 -0.6552 0.1499
vn 0.5368 -0.8384 0.0943
vn 0.3014 -0.9533 0.0202
vn 0.0913 -0.9935 -0.0684
vn -0.0483 -0.9846 -0.1681
vn -0.0619 -0.9696 -0.2366
vn 0.0014 -0.9664 -0.2572
vn 0.0691 -0.9659 -0.2495
vn 0.0762 -0.9668 -0.2438
vn 0.0531 -0.9676 -0.2470
vn 0.0797 -0.9654 -0.2485
vn 0.1793 -0.9517 -0.2492
vn 0.2814 -0.9281 -0.2439
vn 0.3355 -0.9129 -0.2324
vn 0.5978 0.7965 0.0904
vn 0.7337 0.6687 0.1207
vn 0.9014 0.4083 0.1444
vn 0.9789 0.1425 0.1465
vn 0.9865 -0.0952 0.1332
vn 0.9388 -0.3268 0.1087
vn 0.8159 -0.5744 0.0669
vn 0.6289 -0.7773 0.0153
vn 0.3718 -0.9273 -0.0425
vn 0.1193 -0.9886 -0.0923
vn -0.0834 -0.9871 -0.1368
vn -0.1247 -0.9770 -0.1729
vn -0.0659 -0.9801 -0.1874
vn 0.0388 -0.9827 -0.1810
vn 0.0743 -0.9820 -0.1736
vn 0.0469 -0.9835 -0.1747
vn 0.0379 -0.9841 -0.1736
vn 0.1010 -0.9806 -0.1677
vn 0.2075 -0.9646 -0.1630
vn 0.3030 -0.9390 -0.1628
vn 0.3168 -0.9318 -0.1771
vn 0.2706 -0.9371 -0.2206
vn 0.0558 -0.9603 -0.2733
vn 0.0786 -0.9542 -0.2886
vn 0.1088 -0.9484 -0.2979
vn 0.1213 -0.9413 -0.3152
vn 0.1573 -0.9320 -0.3265
vn 0.2253 -0.9209 -0.3180
vn 0.2639 -0.9179 -0.2962
vn 0.2647 -0.9283 -0.2610
vn 0.1850 -0.9593 -0.2135
vn 0.0919 -0.9720 -0.2164
vn 0.1999 -0.9748 -0.0989
vn 0.3551 -0.9337 0.0459
vn 0.4948 -0.8541 0.1604
vn 0.6184 -0.7493 0.2368
vn 0.7472 -0.5961 0.2939
vn 0.8474 -0.4021 0.3468
vn 0.8950 -0.2296 0.3824
vn 0.9113 -0.0895 0.4019
vn 0.9136 0.0386 0.4048
vn 0.8885 0.2483 0.3859
vn 0.8167 0.5106 0.2688
vn 0.9202 0.2400 0.3091
vn 0.9477 0.0327 0.3176
vn 0.9409 -0.1392 0.3088
vn 0.9019 -0.3185 0.2917
vn 0.8094 -0.5269 0.2592
vn 0.6615 -0.7193 0.2120
vn 0.4873 -0.8610 0.1459
vn 0.3151 -0.9479 0.0480
vn 0.1426 -0.9864 -0.0820
vn 0.0345 -0.9774 -0.2085
vn 0.0102 -0.9610 -0.2765
vn 0.0485 -0.9557 -0.2904
vn 0.0862 -0.9542 -0.2865
vn 0.0863 -0.9532 -0.2899
vn 0.0924 -0.9490 -0.3014
vn 0.1666 -0.9367 -0.3079
vn 0.2560 -0.9163 -0.3079
vn 0.3136 -0.9052 -0.2867
vn 0.2988 -0.9197 -0.2546
vn 0.6871 0.6961 0.2084
vn 0.7051 0.6600 0.2595
vn 0.8110 0.4853 0.3268
vn 0.0594 -0.9874 -0.1468
vn 0.1109 -0.9775 -0.1792
vn 0.1026 -0.9749 -0.1975
vn 0.1025 -0.9691 -0.2245
vn 0.1197 -0.9685 -0.2183
vn 0.1184 -0.9729 -0.1985
vn 0.0954 -0.9811 -0.1684
vn 0.1104 -0.9867 -0.1191
vn 0.1881 -0.9816 -0.0326
vn 0.3223 -0.9418 0.0955
vn 0.4545 -0.8599 0.2324
vn 0.5468 -0.7661 0.3378
vn 0.6164 -0.6726 0.4094
vn 0.6992 -0.5383 0.4705
vn 0.7670 -0.3634 0.5288
vn 0.7961 -0.2457 0.5530
vn 0.8165 -0.1713 0.5513
vn 0.8365 -0.1243 0.5337
vn 0.8681 -0.0081 0.4963
vn 0.8848 0.1775 0.4309
vn 0.8343 0.4231 0.3535
vn 0.8219 0.4255 0.3788
vn 0.8684 0.2006 0.4535
vn 0.8678 0.0119 0.4969
vn 0.8553 -0.0998 0.5085
vn 0.8468 -0.1760 0.5020
vn 0.8294 -0.3001 0.4712
vn 0.7806 -0.4688 0.4133
vn 0.6818 -0.6452 0.3448
vn 0.5844 -0.7597 0.2850
vn 0.4855 -0.8516 0.1978
vn 0.3529 -0.9332 0.0677
vn 0.2089 -0.9753 -0.0722
vn 0.1112 -0.9783 -0.1748
vn 0.0779 -0.9697 -0.2313
vn 0.1068 -0.9594 -0.2611
vn 0.1338 -0.9481 -0.2885
vn 0.1476 -0.9396 -0.3088
vn 0.1728 -0.9374 -0.3023
vn 0.1997 -0.9417 -0.2709
vn 0.1951 -0.9513 -0.2388
vn -0.0416 -0.9966 -0.0706
vn 0.1290 -0.9731 -0.1910
vn -0.0646 -0.9936 0.0924
vn 0.0069 -0.9973 0.0730
vn 0.0553 -0.9975 0.0440
vn 0.0871 -0.9958 0.0295
vn 0.1348 -0.9899 0.0428
vn 0.2346 -0.9677 0.0919
vn 0.3777 -0.9061 0.1905
vn 0.5170 -0.8216 0.2402
vn 0.6223 -0.7317 0.2780
vn 0.7064 -0.6348 0.3131
vn 0.7830 -0.5234 0.3361
vn 0.8606 -0.3807 0.3383
vn 0.9086 -0.2777 0.3121
vn 0.9500 -0.1434 0.2773
vn 0.9688 -0.0722 0.2370
vn 0.9783 0.0596 0.1987
vn 0.9600 0.2280 0.1625
vn 0.8994 0.4197 0.1225
vn 0.8007 0.5949 0.0704
vn 0.6999 0.7138 0.0244
vn 0.5831 0.8124 0.0013
vn 0.4670 0.8841 -0.0178
vn 0.3644 0.9307 -0.0304
vn 0.2751 0.9605 -0.0413
vn 0.2053 0.9776 -0.0473
vn 0.1525 0.9871 -0.0479
vn 0.0983 0.9941 -0.0467
vn 0.0252 0.9987 -0.0435
vn -0.0456 0.9982 -0.0380
vn -0.1260 0.9915 -0.0311
vn -0.1976 0.9800 -0.0230
vn -0.2730 0.9619 -0.0164
vn -0.3550 0.9348 -0.0080
vn -0.4625 0.8866 0.0037
vn -0.5764 0.8168 0.0243
vn -0.7509 0.6573 0.0642
vn -0.9752 0.2088 0.0734
vn -0.9193 -0.3756 0.1179
vn -0.4769 -0.8199 0.3167
vn -0.1150 -0.9856 0.1238
vn 0.0108 -0.9993 -0.0358
vn -0.6762 -0.6214 0.3957
vn -0.9487 -0.0675 0.3088
vn -0.8206 0.5120 0.2540
vn -0.5885 0.7865 0.1874
vn -0.4912 0.8608 0.1329
vn -0.3780 0.9198 0.1054
vn -0.2926 0.9523 0.0865
vn -0.2151 0.9735 0.0774
vn -0.1436 0.9872 0.0687
vn -0.0680 0.9957 0.0624
vn 0.0052 0.9984 0.0571
vn 0.0743 0.9957 0.0546
vn 0.1441 0.9881 0.0538
vn 0.1921 0.9797 0.0565
vn 0.2510 0.9661 0.0606
vn 0.3221 0.9443 0.0680
vn 0.4113 0.9083 0.0761
vn 0.5075 0.8576 0.0836
vn 0.6175 0.7801 0.1008
vn 0.7305 0.6692 0.1365
vn 0.8311 0.5133 0.2141
vn 0.9128 0.2998 0.2772
vn 0.9380 0.0894 0.3350
vn 0.9203 -0.0555 0.3873
vn 0.8956 -0.1260 0.4267
vn 0.8661 -0.1991 0.4585
vn 0.8224 -0.3035 0.4811
vn 0.7658 -0.4362 0.4725
vn 0.6789 -0.5922 0.4340
vn 0.6142 -0.6934 0.3768
vn 0.5370 -0.7862 0.3057
vn 0.4251 -0.8796 0.2136
vn 0.2831 -0.9535 0.1034
vn 0.1632 -0.9865 -0.0111
vn 0.1047 -0.9929 -0.0570
vn 0.0947 -0.9924 -0.0787
vn 0.0837 -0.9934 -0.0784
vn 0.0434 -0.9964 -0.0729
vn -0.0047 -0.9981 -0.0617
vn -0.0197 -0.9998 -0.0068
vn -0.0938 -0.9952 0.0260
vn -0.1793 -0.9675 0.1783
vn -0.2085 -0.9421 0.2628
vn -0.1692 -0.9594 0.2255
vn -0.3441 -0.9087 0.2363
vn -0.5497 -0.8253 0.1289
vn -0.2859 -0.9082 0.3055
vn -0.0919 -0.9762 0.1965
vn -0.2241 -0.9533 0.2025
vn -0.2049 -0.9439 0.2589
vn -0.3438 -0.9340 0.0973
vn -0.1104 -0.9682 0.2244
vn -0.0262 -0.9816 0.1893
vn 0.0561 -0.9843 0.1671
vn 0.1491 -0.9745 0.1676
vn 0.1829 -0.9750 0.1266
vn 0.1060 -0.9875 0.1164
vn 0.0424 -0.9912 0.1253
vn -0.0156 -0.9868 0.1611
vn -0.2132 -0.9739 0.0782
vn -0.0910 -0.9936 0.0670
vn 0.2609 -0.9498 0.1724
vn 0.0311 -0.9973 0.0664
vn 0.1503 -0.9859 0.0739
vn -0.4646 -0.8830 -0.0671
vn -0.2817 -0.9578 -0.0576
vn -0.1084 -0.9930 -0.0470
vn 0.0620 -0.9975 -0.0344
vn 0.2101 -0.9774 -0.0235
vn 0.3478 -0.9375 -0.0124
vn 0.4680 -0.8838 -0.0024
vn 0.5789 -0.8154 0.0043
vn 0.6760 -0.7369 0.0098
vn 0.7445 -0.6675 0.0134
vn 0.7856 -0.6186 0.0153
vn 0.8289 -0.5592 0.0152
vn 0.8707 -0.4915 0.0150
vn 0.9118 -0.4103 0.0140
vn 0.9450 -0.3268 0.0123
vn 0.9757 -0.2191 0.0086
vn 0.9977 -0.0678 0.0007
vn 0.9912 0.1316 -0.0122
vn 0.9510 0.3080 -0.0265
vn 0.8448 0.5333 -0.0440
vn 0.7093 0.7025 -0.0584
vn 0.5699 0.8185 -0.0724
vn 0.4355 0.8963 -0.0832
vn 0.3121 0.9456 -0.0919
vn 0.2058 0.9737 -0.0981
vn 0.1192 0.9876 -0.1018
vn 0.0432 0.9937 -0.1038
vn -0.0425 0.9936 -0.1048
vn -0.1269 0.9863 -0.1053
vn 0.2047 -0.9665 0.1546
vn 0.0960 -0.9840 0.1503
vn -0.0168 -0.9878 0.1551
vn -0.1133 -0.9778 0.1764
vn -0.7154 -0.6941 -0.0802
vn -0.9386 -0.3318 -0.0946
vn -0.9786 0.1687 -0.1180
vn -0.7978 0.5909 -0.1194
vn -0.6283 0.7696 -0.1137
vn -0.5073 0.8549 -0.1089
vn -0.4124 0.9048 -0.1060
vn -0.3403 0.9344 -0.1051
vn -0.2777 0.9549 -0.1052
vn -0.2166 0.9705 -0.1059
vn 0.3497 -0.2100 0.9130
vn 0.3108 -0.2817 0.9078
vn 0.3104 -0.2897 0.9054
vn 0.3474 -0.2261 0.9100
vn 0.3015 -0.2734 0.9134
vn 0.2101 -0.3512 0.9124
vn 0.1451 -0.3884 0.9100
vn 0.1043 -0.3978 0.9115
vn 0.0181 -0.3956 0.9182
vn -0.1129 -0.3639 0.9246
vn -0.2110 -0.3159 0.9250
vn 0.0017 0.5017 0.8650
vn 0.3869 -0.0848 0.9182
vn -0.2097 0.0017 0.9778
vn -0.1710 0.0523 0.9839
vn -0.1791 0.0342 0.9832
vn -0.0262 0.1536 0.9878
vn 0.0471 0.1236 0.9912
vn 0.0988 0.0271 0.9947
vn 0.0697 0.0669 0.9953
vn 0.0548 0.0282 0.9981
vn 0.0234 -0.0806 0.9965
vn 0.0579 -0.0499 0.9971
vn -0.0091 -0.0861 0.9962
vn -0.0245 0.1257 0.9918
vn 0.0669 0.0884 0.9938
vn -0.0320 0.1532 0.9877
vn 0.3880 0.1560 0.9084
vn 0.3905 0.1361 0.9105
vn -0.1839 0.0003 0.9829
vn 0.0218 0.1602 0.9868
vn 0.0887 0.0659 0.9939
vn 0.1604 0.4484 0.8793
vn 0.2384 0.3922 0.8884
vn 0.0715 0.0756 0.9946
vn -0.2840 -0.2529 0.9249
vn 0.3717 -0.1568 0.9150
vn 0.0391 -0.0197 0.9990
vn 0.4019 0.0557 0.9140
vn 0.0558 -0.0287 0.9980
vn 0.2969 0.3269 0.8972
vn 0.0209 -0.0911 0.9956
vn -0.1901 0.0227 0.9815
vn -0.0726 -0.0748 0.9946
vn 0.0243 0.5015 0.8648
vn 0.4016 0.0078 0.9158
vn -0.1740 -0.0219 0.9845
vn 0.3569 0.2225 0.9073
vn -0.1720 0.0408 0.9842
vn 0.0665 0.4896 0.8694
vn 0.3975 -0.0166 0.9174
vn -0.3991 -0.4482 0.7999
vn -0.2933 -0.5374 0.7907
vn -0.1761 -0.6006 0.7800
vn -0.0128 -0.6427 0.7660
vn 0.1315 -0.6465 0.7515
vn 0.2263 -0.6293 0.7435
vn 0.2959 -0.5997 0.7435
vn 0.4006 -0.5262 0.7501
vn 0.4843 -0.4414 0.7554
vn 0.5021 -0.4220 0.7548
vn 0.4825 -0.4478 0.7528
vn 0.5165 -0.3892 0.7627
vn 0.5524 -0.3150 0.7718
vn 0.5841 -0.2295 0.7785
vn 0.6084 -0.1400 0.7812
vn 0.6211 -0.0719 0.7805
vn 0.6256 -0.0132 0.7801
vn 0.6212 0.1237 0.7739
vn 0.6063 0.2186 0.7646
vn 0.5777 0.3046 0.7573
vn 0.4927 0.4573 0.7403
vn 0.4032 0.5650 0.7198
vn 0.3075 0.6419 0.7025
vn 0.1962 0.6986 0.6881
vn 0.0975 0.7280 0.6786
vn 0.0560 0.7343 0.6766
vn 0.0171 0.7358 0.6770
vn -0.0102 0.7343 0.6787
vn -0.0706 0.7186 0.6919
vn -0.4705 -0.3560 0.8074
vn -0.5585 -0.1374 0.8181
vn -0.5748 0.1138 0.8103
vn -0.5318 0.3047 0.7901
vn -0.4702 0.4443 0.7626
vn -0.4180 0.5263 0.7404
vn -0.3837 0.5657 0.7299
vn -0.3579 0.5888 0.7247
vn -0.3431 0.6003 0.7225
vn -0.3034 0.6203 0.7233
vn 0.0887 0.0516 0.9947
vn 0.0038 0.1482 0.9890
vn -0.3295 0.2827 0.9008
vn -0.3600 0.2025 0.9107
vn 0.0726 0.0809 0.9941
vn -0.3792 0.1371 0.9151
vn 0.0680 0.0681 0.9954
vn -0.3830 0.0049 0.9237
vn 0.0254 -0.0664 0.9975
vn -0.3519 -0.1363 0.9261
vn 0.0828 -0.0049 0.9966
vn -0.1662 0.4188 0.8927
vn 0.0113 -0.0928 0.9956
vn -0.0010 0.4989 0.8667
vn -0.1396 -0.0497 0.9890
vn -0.3107 -0.2276 0.9229
vn -0.1819 -0.0148 0.9832
vn -0.1656 0.0309 0.9857
vn 0.0063 0.5017 0.8650
vn -0.0059 0.1494 0.9888
vn -0.1780 0.0401 0.9832
vn -0.3178 0.3236 0.8912
vn -0.1730 0.0300 0.9845
vn -0.3025 0.3351 0.8923
vn -0.1720 -0.0299 0.9846
vn -0.3066 0.3276 0.8937
vn -0.3125 0.3170 0.8954
vn -0.4160 -0.8897 0.1882
vn -0.5010 -0.7544 0.4240
vn -0.5996 -0.7784 0.1861
vn -0.4891 -0.8721 0.0139
vn -0.2274 -0.9561 0.1847
vn -0.3307 -0.8511 0.4077
vn -0.3002 -0.9535 0.0268
vn -0.0451 -0.9820 0.1833
vn -0.1598 -0.9056 0.3929
vn -0.1202 -0.9921 0.0359
vn 0.1332 -0.9745 0.1803
vn 0.0316 -0.9243 0.3803
vn 0.0606 -0.9972 0.0428
vn 0.2826 -0.9427 0.1774
vn 0.1955 -0.9079 0.3707
vn 0.2162 -0.9752 0.0464
vn 0.4092 -0.8953 0.1761
vn 0.3260 -0.8720 0.3653
vn 0.3560 -0.9332 0.0481
vn 0.5213 -0.8346 0.1779
vn 0.4324 -0.8241 0.3658
vn 0.4745 -0.8789 0.0485
vn 0.6396 -0.7475 0.1794
vn 0.5536 -0.7448 0.3725
vn 0.5900 -0.8060 0.0474
vn 0.7185 -0.6722 0.1788
vn 0.6541 -0.6547 0.3789
vn 0.6878 -0.7245 0.0450
vn 0.7570 -0.6287 0.1777
vn 0.7015 -0.6026 0.3806
vn 0.7529 -0.6568 0.0420
vn 0.7867 -0.5902 0.1809
vn 0.7103 -0.5907 0.3829
vn 0.7854 -0.6176 0.0410
vn 0.8342 -0.5206 0.1817
vn 0.7546 -0.5275 0.3902
vn 0.8278 -0.5597 0.0390
vn 0.8777 -0.4432 0.1824
vn 0.7998 -0.4506 0.3965
vn 0.8705 -0.4908 0.0360
vn 0.9166 -0.3559 0.1822
vn 0.8400 -0.3644 0.4019
vn 0.9094 -0.4146 0.0327
vn 0.9478 -0.2631 0.1803
vn 0.8741 -0.2676 0.4053
vn 0.9442 -0.3282 0.0286
vn 0.9727 -0.1505 0.1764
vn 0.8972 -0.1733 0.4061
vn 0.9731 -0.2294 0.0234
vn 0.9848 0.0021 0.1735
vn 0.9115 -0.0607 0.4067
vn 0.9957 -0.0912 0.0164
vn 0.9657 0.2027 0.1622
vn 0.9080 0.1175 0.4021
vn 0.9956 0.0936 0.0065
vn 0.9129 0.3801 0.1486
vn 0.8782 0.2761 0.3906
vn 0.9603 0.2789 -0.0046
vn 0.7815 0.6093 0.1341
vn 0.8051 0.4591 0.3755
vn 0.8582 0.5130 -0.0184
vn 0.6570 0.7445 0.1187
vn 0.6795 0.6431 0.3531
vn 0.7213 0.6920 -0.0296
vn 0.5040 0.8574 0.1042
vn 0.5512 0.7658 0.3311
vn 0.5838 0.8110 -0.0386
vn 0.3753 0.9220 0.0950
vn 0.4187 0.8527 0.3123
vn 0.4440 0.8949 -0.0456
vn 0.2495 0.9644 0.0880
vn 0.2855 0.9106 0.2988
vn 0.3150 0.9477 -0.0510
vn 0.1436 0.9862 0.0823
vn 0.1705 0.9417 0.2900
vn 0.2041 0.9774 -0.0554
vn 0.0764 0.9938 0.0811
vn 0.0960 0.9533 0.2864
vn 0.1145 0.9917 -0.0585
vn -0.0103 0.9968 0.0793
vn 0.0294 0.9579 0.2857
vn 0.0357 0.9975 -0.0610
vn -0.0791 0.9937 0.0793
vn -0.0351 0.9574 0.2867
vn -0.0490 0.9968 -0.0634
vn -0.1998 0.9758 0.0885
vn -0.1167 0.9485 0.2946
vn -0.1348 0.9888 -0.0646
vn -0.6812 -0.5825 0.4434
vn -0.8621 -0.4716 0.1854
vn -0.7361 -0.6768 -0.0075
vn -0.8508 -0.2590 0.4572
vn -0.9791 -0.1063 0.1733
vn -0.9457 -0.3233 -0.0349
vn -0.8797 0.1611 0.4473
vn -0.8994 0.4131 0.1432
vn -0.9834 0.1697 -0.0636
vn -0.7605 0.5058 0.4071
vn -0.7230 0.6803 0.1203
vn -0.8054 0.5879 -0.0761
vn -0.6273 0.6868 0.3671
vn -0.5875 0.8026 0.1032
vn -0.6371 0.7670 -0.0763
vn -0.5245 0.7809 0.3393
vn -0.4829 0.8707 0.0934
vn -0.5151 0.8539 -0.0747
vn -0.4506 0.8320 0.3237
vn -0.4081 0.9086 0.0888
vn -0.4231 0.9032 -0.0726
vn -0.3946 0.8632 0.3149
vn -0.3480 0.9335 0.0861
vn -0.3531 0.9329 -0.0708
vn -0.3505 0.8841 0.3092
vn -0.2994 0.9504 0.0847
vn -0.2937 0.9534 -0.0694
vn -0.2340 0.9699 -0.0667
vn -0.2945 0.9045 0.3084
vn -0.5182 -0.5813 0.6273
vn -0.4038 -0.6784 0.6138
vn -0.8641 -0.4969 -0.0809
vn -0.5828 -0.8111 -0.0498
vn -0.3859 -0.9220 -0.0326
vn -0.6783 -0.3381 0.6524
vn -0.2490 -0.7654 0.5935
vn -0.2002 -0.9796 -0.0191
vn -0.0837 -0.8121 0.5775
vn -0.0245 -0.9997 -0.0080
vn 0.0963 -0.8223 0.5609
vn 0.1416 -0.9899 0.0004
vn 0.2352 -0.8015 0.5498
vn 0.2874 -0.9578 0.0062
vn 0.3364 -0.7672 0.5461
vn 0.4189 -0.9080 0.0103
vn 0.4368 -0.7109 0.5511
vn 0.5299 -0.8480 0.0120
vn 0.5536 -0.6156 0.5609
vn 0.6407 -0.7677 0.0117
vn 0.6193 -0.5437 0.5664
vn 0.7207 -0.6932 0.0106
vn 0.6238 -0.5391 0.5660
vn 0.7725 -0.6349 0.0094
vn 0.6395 -0.5142 0.5716
vn 0.8070 -0.5906 0.0080
vn 0.6854 -0.4375 0.5821
vn 0.8501 -0.5266 0.0054
vn 0.7245 -0.3549 0.5908
vn 0.8913 -0.4533 0.0024
vn 0.7585 -0.2608 0.5972
vn 0.9277 -0.3732 -0.0012
vn 0.7818 -0.1693 0.6002
vn 0.9587 -0.2843 -0.0055
vn 0.7947 -0.0882 0.6005
vn 0.9865 -0.1636 -0.0121
vn 0.7984 0.0326 0.6012
vn 0.9998 -0.0027 -0.0217
vn 0.7811 0.2013 0.5911
vn 0.9797 0.1975 -0.0339
vn 0.7527 0.3118 0.5799
vn 0.9197 0.3899 -0.0464
vn 0.6635 0.4933 0.5625
vn 0.7797 0.6232 -0.0605
vn 0.5585 0.6313 0.5381
vn 0.6569 0.7508 -0.0698
vn 0.4332 0.7410 0.5131
vn 0.5038 0.8602 -0.0788
vn 0.3170 0.8089 0.4951
vn 0.3790 0.9215 -0.0850
vn 0.1931 0.8547 0.4819
vn 0.2608 0.9612 -0.0903
vn 0.1026 0.8743 0.4743
vn 0.1545 0.9834 -0.0947
vn 0.0560 0.8788 0.4739
vn 0.0826 0.9918 -0.0972
vn -0.0057 0.8800 0.4749
vn -0.0100 0.9949 -0.1001
vn -0.0452 0.8773 0.4778
vn -0.0879 0.9909 -0.1022
vn -0.2071 0.8390 0.5031
vn -0.1820 0.9777 -0.1046
vn -0.3516 0.7837 0.5120
vn -0.2563 0.9607 -0.1068
vn -0.7505 -0.0565 0.6584
vn -0.9866 -0.1230 -0.1073
vn -0.7104 0.3064 0.6336
vn -0.8969 0.4234 -0.1280
vn -0.6182 0.5135 0.5951
vn -0.7041 0.6991 -0.1244
vn -0.5283 0.6401 0.5578
vn -0.5675 0.8147 -0.1188
vn -0.4594 0.7096 0.5343
vn -0.4587 0.8813 -0.1138
vn -0.4119 0.7468 0.5222
vn -0.3786 0.9189 -0.1106
vn -0.3727 0.7721 0.5148
vn -0.3138 0.9433 -0.1084
vn 0.2644 -0.9600 0.0922
vn 0.3958 -0.9113 0.1130
vn 0.5210 -0.8444 0.1247
vn 0.6330 -0.7628 0.1323
vn 0.7236 -0.6763 0.1379
vn 0.7907 -0.5957 0.1408
vn 0.8530 -0.5027 0.1401
vn 0.8939 -0.4279 0.1337
vn 0.9453 -0.3006 0.1266
vn 0.9718 -0.2066 0.1137
vn 0.9939 -0.0453 0.1001
vn 0.9862 0.1432 0.0829
vn 0.9319 0.3567 0.0653
vn 0.8295 0.5565 0.0463
vn 0.8701 0.4892 0.0595
vn 0.9495 0.2998 0.0922
vn 0.9870 0.1086 0.1182
vn 0.9881 -0.0557 0.1433
vn 0.9711 -0.1678 0.1697
vn 0.9390 -0.2836 0.1943
vn 0.8909 -0.4011 0.2131
vn 0.8417 -0.4908 0.2250
vn 0.7640 -0.6057 0.2220
vn 0.6891 -0.6923 0.2141
vn 0.5832 -0.7869 0.2018
vn 0.4617 -0.8671 0.1869
vn 0.3270 -0.9299 0.1685
vn 0.8881 0.4596 -0.0088
vn 0.9092 0.4135 0.0492
vn 0.9770 0.2031 0.0651
vn 0.9967 -0.0244 0.0777
vn 0.9766 -0.1972 0.0854
vn 0.9436 -0.3193 0.0880
vn 0.9063 -0.4130 0.0891
vn 0.8535 -0.5139 0.0865
vn 0.8120 -0.5775 0.0852
vn 0.7469 -0.6601 0.0802
vn 0.6761 -0.7333 0.0723
vn 0.5749 -0.8159 0.0609
vn 0.4654 -0.8839 0.0470
vn 0.3426 -0.9391 0.0266
vn 0.2187 -0.9758 0.0001
vn 0.1030 -0.9945 -0.0179
vn -0.0349 -0.9989 -0.0319
vn -0.1647 -0.9857 -0.0359
vn -0.3090 -0.9506 -0.0300
vn -0.4726 -0.8812 -0.0127
vn -0.8070 -0.5906 -0.0011
vn -0.9931 -0.1169 -0.0101
vn -0.8943 0.4470 -0.0208
vn -0.6699 0.7420 -0.0277
vn -0.5411 0.8401 -0.0380
vn -0.4217 0.9058 -0.0422
vn -0.3313 0.9423 -0.0479
vn -0.2536 0.9658 -0.0536
vn -0.1874 0.9804 -0.0604
vn -0.1085 0.9918 -0.0670
vn -0.0266 0.9970 -0.0722
vn 0.0451 0.9960 -0.0766
vn 0.1179 0.9900 -0.0781
vn 0.1661 0.9830 -0.0782
vn 0.2402 0.9680 -0.0732
vn 0.3287 0.9423 -0.0628
vn 0.4303 0.9014 -0.0478
vn 0.5517 0.8336 -0.0282
vn 0.6771 0.7359 -0.0038
vn 0.7998 0.5998 0.0235
vn 0.9595 0.2816 0.0122
vn 0.9962 0.0819 0.0282
vn 0.9921 -0.1192 0.0389
vn 0.9642 -0.2617 0.0434
vn 0.9315 -0.3611 0.0430
vn 0.8946 -0.4449 0.0419
vn 0.8477 -0.5291 0.0386
vn 0.8057 -0.5913 0.0359
vn 0.7590 -0.6503 0.0319
vn 0.6989 -0.7148 0.0240
vn 0.6122 -0.7906 0.0125
vn 0.5059 -0.8626 -0.0018
vn 0.3943 -0.9188 -0.0190
vn 0.2642 -0.9637 -0.0391
vn 0.1300 -0.9899 -0.0560
vn -0.0236 -0.9971 -0.0720
vn -0.1820 -0.9798 -0.0833
vn -0.3540 -0.9311 -0.0875
vn -0.5409 -0.8369 -0.0838
vn -0.8449 -0.5291 -0.0785
vn -0.9892 -0.1227 -0.0808
vn -0.8991 0.4280 -0.0919
vn -0.6976 0.7112 -0.0871
vn -0.5622 0.8226 -0.0853
vn -0.4496 0.8893 -0.0835
vn -0.3655 0.9269 -0.0847
vn -0.2961 0.9512 -0.0874
vn -0.2356 0.9676 -0.0912
vn -0.1586 0.9828 -0.0946
vn -0.0673 0.9931 -0.0965
vn 0.0090 0.9951 -0.0988
vn 0.0947 0.9906 -0.0984
vn 0.1577 0.9827 -0.0968
vn 0.2538 0.9630 -0.0906
vn 0.3629 0.9283 -0.0807
vn 0.4784 0.8755 -0.0674
vn 0.6235 0.7803 -0.0493
vn 0.7519 0.6586 -0.0299
vn 0.7841 0.6206 -0.0012
vn 0.6564 0.7540 -0.0243
vn 0.5178 0.8542 -0.0476
vn 0.4005 0.9140 -0.0647
vn 0.2932 0.9528 -0.0782
vn 0.2015 0.9757 -0.0867
vn 0.1322 0.9871 -0.0898
vn 0.0694 0.9936 -0.0897
vn -0.0109 0.9961 -0.0873
vn -0.0890 0.9926 -0.0831
vn -0.1787 0.9808 -0.0786
vn -0.2435 0.9672 -0.0725
vn -0.3125 0.9475 -0.0670
vn -0.3902 0.9186 -0.0626
vn -0.4933 0.8678 -0.0604
vn -0.6138 0.7873 -0.0594
vn -0.7909 0.6091 -0.0583
vn -0.9818 0.1810 -0.0579
vn -0.9335 -0.3555 -0.0475
vn -0.6601 -0.7484 -0.0645
vn -0.4113 -0.9080 -0.0801
vn -0.2514 -0.9639 -0.0874
vn -0.1004 -0.9914 -0.0834
vn 0.0476 -0.9965 -0.0685
vn 0.1797 -0.9824 -0.0506
vn 0.3052 -0.9519 -0.0274
vn 0.4275 -0.9040 -0.0023
vn 0.5367 -0.8436 0.0169
vn 0.6402 -0.7675 0.0336
vn 0.7191 -0.6934 0.0456
vn 0.7776 -0.6264 0.0538
vn 0.8292 -0.5558 0.0584
vn 0.8702 -0.4888 0.0626
vn 0.9205 -0.3850 0.0670
vn 0.9506 -0.3029 0.0684
vn 0.9849 -0.1597 0.0673
vn 0.9979 0.0260 0.0597
vn 0.9653 0.2572 0.0457
vn 0.8992 0.4367 0.0254
vn 0.0110 0.9909 -0.1344
vn -0.0887 0.9863 -0.1389
vn -0.0776 0.9870 -0.1407
vn 0.0406 0.9904 -0.1323
vn 0.1426 0.9837 -0.1096
vn 0.2087 0.9759 -0.0634
vn 0.3078 0.9512 0.0240
vn 0.4883 0.8626 0.1319
vn 0.5963 0.7862 0.1624
vn 0.7056 0.6958 0.1342
vn 0.8638 0.4958 0.0895
vn 0.9807 0.1915 0.0392
vn 0.9902 -0.1388 -0.0176
vn 0.9016 -0.4282 -0.0618
vn 0.7451 -0.6596 -0.0991
vn 0.5771 -0.8072 -0.1242
vn 0.4377 -0.8908 -0.1219
vn 0.3164 -0.9452 -0.0803
vn 0.1616 -0.9868 -0.0065
vn -0.0303 -0.9969 0.0733
vn -0.1039 -0.9903 0.0919
vn 0.0813 -0.9951 0.0555
vn 0.1009 -0.9924 0.0711
vn 0.0271 -0.9946 0.1002
vn -0.0699 -0.9914 0.1105
vn -0.0223 -0.9968 0.0762
vn 0.1888 -0.9819 0.0162
vn 0.2291 -0.9733 -0.0130
vn 0.0498 -0.9985 -0.0223
vn -0.1433 -0.9872 -0.0707
vn -0.3477 -0.9264 -0.1443
vn -0.5817 -0.7785 -0.2357
vn -0.8366 -0.3993 -0.3750
vn -0.9181 0.1370 -0.3719
vn -0.8073 0.5527 -0.2069
vn -0.7398 0.6698 -0.0639
vn -0.7099 0.7039 0.0230
vn -0.6237 0.7785 0.0711
vn -0.5477 0.8294 0.1102
vn -0.0350 0.9799 -0.1962
vn -0.0689 0.9973 -0.0267
vn -0.0164 0.9962 -0.0860
vn -0.1304 0.9846 -0.1160
vn -0.1717 0.9780 -0.1187
vn -0.0545 0.9925 -0.1099
vn 0.1229 0.9862 -0.1113
vn 0.1227 0.9846 -0.1244
vn -0.0459 0.9887 -0.1425
vn -0.0475 0.9742 -0.2206
vn 0.0074 0.9075 -0.4201
vn 0.1420 0.7788 -0.6111
vn 0.2861 0.5790 -0.7635
vn 0.1201 -0.8125 -0.5705
vn 0.1660 -0.6476 -0.7436
vn 0.2663 -0.3641 -0.8925
vn 0.3822 0.0064 -0.9240
vn -0.5762 0.2170 -0.7880
vn 0.2492 0.9499 -0.1888
vn 0.2360 0.9036 -0.3576
vn -0.0699 0.9959 -0.0577
vn -0.5749 0.7995 -0.1742
vn -0.7753 0.6158 -0.1405
vn -0.8892 0.4366 -0.1369
vn -0.9790 0.1654 -0.1189
vn -0.9870 -0.1295 -0.0956
vn -0.9043 -0.4218 -0.0654
vn -0.7155 -0.6963 -0.0569
vn 0.0928 0.9735 -0.2091
vn 0.0242 0.9904 -0.1360
vn 0.1819 0.9728 -0.1433
vn 0.0725 0.9943 -0.0784
vn -0.2217 0.9740 0.0472
vn -0.4107 -0.9030 -0.1263
vn -0.1894 -0.9592 -0.2101
vn 0.3903 0.3245 -0.8616
vn -0.6174 -0.1273 -0.7762
vn -0.5451 -0.4429 -0.7118
vn -0.4158 -0.6576 -0.6283
vn -0.2700 -0.8165 -0.5103
vn -0.5079 0.4961 -0.7043
vn -0.4472 0.7340 -0.5111
vn -0.3226 0.8914 -0.3183
vn -0.1589 0.9718 -0.1740
vn -0.1059 0.9853 -0.1343
vn -0.0635 0.9925 -0.1043
vn 0.1205 -0.9683 -0.2187
vn 0.1687 -0.9581 -0.2316
vn -0.0999 -0.9660 -0.2386
vn -0.3888 -0.8933 -0.2257
vn -0.6081 -0.7724 -0.1833
vn -0.8254 -0.5416 -0.1593
vn -0.9531 -0.2749 -0.1268
vn -0.9977 0.0235 -0.0641
vn -0.9556 0.2947 -0.0067
vn -0.8587 0.5122 0.0195
vn -0.7701 0.6364 0.0435
vn -0.6028 0.7973 0.0313
vn 0.2116 -0.9755 -0.0604
vn 0.0962 -0.9937 -0.0582
vn -0.1718 -0.9838 -0.0504
vn -0.4186 -0.9024 -0.1021
vn -0.6669 -0.7234 -0.1788
vn -0.8735 -0.4335 -0.2214
vn -0.9802 -0.0613 -0.1882
vn -0.9558 0.2852 -0.0715
vn -0.8752 0.4822 0.0380
vn -0.8001 0.5941 0.0826
vn -0.7216 0.6853 0.0980
vn -0.6110 0.7833 0.1149
vn -0.2282 0.9687 -0.0976
vn -0.0308 0.9947 -0.0978
vn 0.2220 0.9656 -0.1357
vn -0.0692 0.9898 -0.1248
vn 0.1579 0.9773 -0.1414
vn -0.1180 0.9835 -0.1371
vn 0.0915 0.9912 -0.0955
vn 0.5767 0.8161 0.0387
vn 0.2576 0.9640 -0.0654
vn 0.1453 0.9624 -0.2294
vn 0.1433 0.9753 -0.1683
vn -0.1788 0.9502 -0.2551
vn 0.0034 0.9837 -0.1799
vn -0.0982 0.9806 -0.1697
vn -0.0647 0.9859 -0.1543
vn 0.0593 0.9879 -0.1436
vn 0.1234 0.9814 -0.1468
vn 0.1023 0.9855 -0.1351
vn 0.1395 0.9889 -0.0522
vn 0.3893 0.9174 0.0825
vn 0.6188 0.7726 0.1420
vn -0.1724 0.9776 -0.1206
vn 0.7386 0.6662 0.1032
vn 0.7557 0.6437 0.1203
vn 0.9061 0.4146 0.0845
vn 0.9952 0.0957 0.0228
vn 0.9846 -0.1615 0.0663
vn 0.9796 -0.1993 -0.0238
vn 0.8942 -0.4461 0.0373
vn 0.8812 -0.4698 -0.0530
vn 0.5680 -0.8146 -0.1172
vn 0.4837 -0.8661 -0.1264
vn 0.4097 -0.9069 -0.0987
vn 0.2940 -0.9546 -0.0473
vn 0.3493 -0.9185 -0.1853
vn 0.4385 -0.8811 -0.1772
vn 0.4606 -0.8764 -0.1408
vn 0.5040 -0.8603 -0.0768
vn 0.7145 -0.6943 -0.0866
vn 0.6931 -0.7207 -0.0147
vn 0.1500 -0.9721 -0.1803
vn 0.0866 -0.9960 0.0211
vn -0.1281 -0.9789 -0.1592
vn 0.9089 0.4003 0.1173
vn 0.9925 0.0848 0.0881
vn -0.0844 -0.9813 -0.1728
vn 0.0655 -0.9976 -0.0213
vn -0.0266 -0.9974 0.0668
vn 0.0739 -0.9973 -0.0002
vn 0.1234 -0.9923 -0.0050
vn 0.0694 -0.9975 0.0129
vn -0.0645 -0.9973 0.0350
vn -0.1049 -0.9941 0.0289
vn -0.0967 -0.9948 0.0307
vn -0.1276 -0.9901 0.0578
vn -0.0476 -0.9877 -0.1490
vn 0.1037 -0.9805 -0.1668
vn 0.1309 -0.9714 -0.1980
vn 0.0299 -0.9806 -0.1938
vn -0.1473 -0.9785 -0.1444
vn -0.1555 -0.9742 -0.1637
vn -0.2404 -0.9321 -0.2710
vn -0.0231 -0.9213 -0.3883
vn -0.2273 -0.9298 -0.2895
vn 0.3028 0.9487 -0.0909
vn 0.0927 0.9736 -0.2086
vn -0.2340 0.9682 -0.0883
vn 0.1271 0.9914 -0.0302
vn 0.1155 0.9831 -0.1424
vn 0.4738 0.8802 -0.0278
vn 0.6671 0.7431 0.0527
vn 0.8865 0.4527 0.0952
vn 0.9888 0.1225 0.0850
vn 0.9899 -0.1218 0.0732
vn 0.8967 -0.4401 0.0482
vn 0.6506 -0.7593 -0.0158
vn 0.3807 -0.9196 -0.0966
vn 0.3209 -0.9160 -0.2406
vn 0.3697 -0.8540 -0.3661
vn 0.3385 -0.8594 -0.3833
vn 0.1327 -0.9153 -0.3803
vn -0.1222 -0.9175 -0.3784
vn -0.1560 -0.9127 -0.3777
vn 0.0089 -0.9230 -0.3847
vn 0.1770 -0.9111 -0.3723
vn 0.1949 -0.9355 -0.2946
vn 0.0069 -0.9779 -0.2091
vn -0.0288 0.9972 -0.0692
vn -0.0316 0.9579 -0.2854
vn 0.1935 0.9466 -0.2578
vn 0.1539 -0.9019 -0.4036
vn 0.1355 -0.8479 -0.5126
vn -0.0589 -0.9209 -0.3853
vn -0.2326 0.9480 -0.2172
vn -0.2895 0.9311 -0.2219
vn 0.2091 0.9691 -0.1306
vn -0.0049 0.9585 -0.2849
vn -0.0384 0.9819 -0.1856
vn -0.0095 0.9730 -0.2306
vn -0.1580 0.9672 -0.1990
vn 0.2109 0.9593 -0.1879
vn 0.3156 0.9309 -0.1838
vn 0.3561 0.9294 -0.0965
vn 0.0026 0.8850 -0.4655
vn -0.0817 0.5593 -0.8249
vn -0.2189 0.1695 -0.9609
vn -0.1995 -0.2567 -0.9457
vn 0.0332 -0.7999 -0.5993
vn 0.0157 -0.8495 -0.5274
vn 0.2376 -0.8145 -0.5292
vn 0.2289 -0.7394 -0.6332
vn 0.1693 -0.4483 -0.8777
vn 0.0032 -0.1421 -0.9899
vn 0.0389 0.4636 -0.8852
vn 0.1506 0.8341 -0.5307
vn 0.1474 0.8848 -0.4421
vn 0.1478 0.9079 -0.3923
vn -0.0029 0.7790 -0.6270
vn 0.2916 -0.8397 -0.4581
vn 0.3887 -0.8311 -0.3977
vn 0.1403 -0.9390 -0.3139
vn -0.1602 -0.9210 -0.3552
vn -0.1838 -0.8737 -0.4503
vn 0.0138 -0.7165 -0.6975
vn 0.2606 -0.9308 -0.2565
vn -0.3349 -0.8948 -0.2954
vn -0.5023 -0.7044 -0.5016
vn 0.6511 -0.6496 -0.3926
vn 0.1959 -0.9498 -0.2440
vn -0.2494 -0.9144 -0.3189
vn 0.5136 -0.7670 -0.3847
vn -0.3018 -0.8151 -0.4944
vn -0.4081 -0.8536 -0.3238
vn -0.2751 -0.9432 -0.1864
vn 0.2528 -0.8704 -0.4225
vn 0.0786 -0.9837 -0.1618
vn 0.3417 -0.8998 -0.2712
vn -0.3256 0.9406 -0.0963
vn 0.9891 0.1393 0.0480
vn 0.9871 0.1511 0.0522
vn 0.9752 0.2016 0.0914
vn 0.9680 0.2291 0.1028
vn 0.9714 0.2268 0.0698
vn 0.9799 0.1885 0.0648
vn 0.9839 0.1526 0.0935
vn 0.9852 0.1586 0.0653
vn 0.9826 0.1859 0.0005
vn 0.9828 0.1810 -0.0361
vn 0.9489 0.0200 -0.3149
vn -0.1948 -0.3547 -0.9145
vn 0.4994 -0.3131 -0.8078
vn 0.5993 0.7998 -0.0355
vn 0.5775 0.8128 -0.0766
vn 0.5665 0.8199 -0.0833
vn 0.5539 0.8313 -0.0462
vn 0.5460 0.8373 -0.0281
vn 0.5580 0.8291 -0.0347
vn 0.5736 0.8121 -0.1075
vn 0.5430 0.8135 -0.2082
vn 0.5069 0.8358 -0.2108
vn 0.5170 0.8420 -0.1541
vn 0.5121 0.8112 -0.2823
vn 0.5177 0.3449 -0.7830
vn 0.8582 0.4431 -0.2591
vn 0.8248 0.5582 -0.0897
vn 0.8153 0.5681 -0.1125
vn 0.8397 0.5384 -0.0715
vn 0.8618 0.5073 0.0001
vn 0.8441 0.5356 0.0238
vn 0.8237 0.5665 0.0255
vn 0.8297 0.5573 0.0318
vn 0.8508 0.5254 0.0073
vn 0.8701 0.4928 -0.0095
vn 0.8742 0.4853 0.0151
vn -0.1463 0.9564 -0.2526
vn -0.3862 0.8744 -0.2937
vn -0.5275 0.8099 -0.2564
vn -0.5532 0.8092 -0.1982
vn -0.5548 0.8175 -0.1545
vn -0.5591 0.8086 -0.1834
vn -0.5616 0.7836 -0.2656
vn -0.5551 0.7586 -0.3412
vn -0.5561 0.7586 -0.3394
vn -0.5916 0.7371 -0.3266
vn 0.1718 0.9696 -0.1744
vn 0.0650 0.9803 -0.1865
vn 0.0034 0.9885 -0.1512
vn -0.0358 0.9936 -0.1073
vn -0.0111 0.9934 -0.1144
vn 0.0211 0.9774 -0.2106
vn 0.0153 0.9439 -0.3299
vn 0.0016 0.9496 -0.3135
vn -0.0599 0.9583 -0.2793
vn 0.3218 0.9396 -0.1165
vn -0.1093 0.8960 -0.4303
vn -0.6355 0.5858 -0.5029
vn -0.1588 0.3531 -0.9220
vn 0.3943 0.9147 -0.0886
vn -0.0142 0.9754 -0.2201
vn 0.8727 0.4867 0.0398
vn 0.6150 0.7885 -0.0088
vn 0.9887 0.1393 0.0547
vn -0.2683 0.9023 -0.3374
vn -0.3742 0.8366 -0.4001
vn 0.2451 0.9578 -0.1502
vn -0.2728 0.9206 -0.2793
vn 0.8735 0.4867 -0.0036
vn 0.5891 0.8057 -0.0614
vn 0.9882 0.1429 0.0549
vn -0.4931 0.7583 -0.4265
vn -0.6020 0.5887 -0.5395
vn 0.8901 -0.4544 0.0337
vn 0.6081 -0.7930 -0.0374
vn 0.2663 -0.9554 -0.1274
vn 0.9920 -0.1124 0.0578
vn 0.1331 -0.9444 -0.3006
vn 0.8775 -0.4774 0.0456
vn 0.5698 -0.8214 -0.0246
vn 0.1710 -0.9771 -0.1268
vn 0.0752 -0.9893 -0.1247
vn 0.5285 -0.8488 -0.0153
vn 0.8604 -0.5067 0.0551
vn 0.9913 -0.1142 0.0648
vn 0.9891 -0.1235 0.0805
vn -0.2281 -0.8946 -0.3843
vn -0.0442 -0.9431 -0.3295
vn -0.8649 -0.1092 -0.4899
vn -0.9714 -0.0689 -0.2274
vn -0.9896 -0.0517 -0.1342
vn -0.9859 -0.0436 -0.1616
vn -0.9840 -0.0162 -0.1772
vn 0.1179 0.9767 -0.1793
vn -0.4729 0.8371 -0.2748
vn 0.8655 0.5008 -0.0118
vn 0.5716 0.8154 -0.0918
vn 0.9836 0.1678 0.0662
vn -0.7754 0.4919 -0.3959
vn -0.8495 0.4621 -0.2547
vn -0.8594 0.4811 -0.1734
vn -0.8485 0.5018 -0.1679
vn -0.8428 0.4950 -0.2112
vn -0.8565 0.2590 -0.4465
vn -0.8773 0.3841 -0.2878
vn -0.8469 0.4458 -0.2898
vn -0.8399 0.4595 -0.2888
vn -0.8399 0.4771 -0.2589
vn -0.9692 -0.0149 -0.2459
vn -0.9788 0.0058 -0.2048
vn -0.9815 0.0162 -0.1907
vn -0.8449 -0.1538 -0.5124
vn -0.9806 0.0139 -0.1954
vn -0.4376 -0.7600 -0.4805
vn 0.9867 -0.1328 0.0941
vn 0.8421 -0.5324 0.0856
vn 0.4911 -0.8707 0.0275
vn -0.0318 -0.9945 -0.0999
vn -0.6660 -0.7148 -0.2131
vn -0.0965 -0.9953 0.0019
vn 0.4616 -0.8820 0.0944
vn 0.8262 -0.5479 0.1313
vn 0.9833 -0.1308 0.1266
vn 0.8207 -0.5444 0.1737
vn 0.8218 -0.5431 0.1725
vn 0.8270 -0.5476 0.1271
vn 0.8331 -0.5341 0.1441
vn 0.8386 -0.5012 0.2134
vn 0.8472 -0.4837 0.2196
vn 0.8360 -0.5361 0.1171
vn 0.7663 -0.6425 0.0034
vn 0.9360 -0.2761 -0.2183
vn 0.9757 -0.2189 0.0069
vn 0.9850 -0.1525 0.0807
vn 0.9792 -0.1383 0.1487
vn 0.9772 -0.1485 0.1520
vn 0.9849 -0.1429 0.0980
vn 0.9865 -0.1270 0.1031
vn 0.9828 -0.1129 0.1463
vn 0.9820 -0.1171 0.1485
vn -0.1114 -0.9913 0.0697
vn -0.1177 -0.9894 0.0847
vn -0.1286 -0.9891 0.0723
vn -0.1379 -0.9831 0.1204
vn -0.1366 -0.9724 0.1893
vn -0.1227 -0.9737 0.1922
vn -0.1270 -0.9889 0.0772
vn -0.1590 -0.9822 -0.0998
vn -0.7474 -0.6624 -0.0506
vn -0.7670 -0.6384 -0.0644
vn -0.7941 -0.6058 -0.0496
vn -0.8175 -0.5757 -0.0185
vn -0.8251 -0.5648 -0.0132
vn -0.8192 -0.5709 -0.0551
vn -0.8048 -0.5781 -0.1343
vn -0.7270 -0.6802 -0.0936
vn 0.4071 -0.9117 -0.0550
vn 0.5020 -0.8561 0.1232
vn 0.5181 -0.8163 0.2556
vn 0.5023 -0.8275 0.2508
vn 0.4792 -0.8605 0.1728
vn 0.4633 -0.8766 0.1301
vn 0.4555 -0.8758 0.1598
vn 0.4524 -0.8785 0.1534
vn -0.1171 -0.8545 -0.5061
vn -0.7027 -0.6035 -0.3768
vn 0.3181 -0.8220 -0.4724
vn 0.6753 -0.6930 -0.2524
vn 0.1706 0.9853 0.0129
vn 0.2194 0.9756 0.0088
vn 0.2603 0.9649 -0.0332
vn 0.7616 0.6410 -0.0956
vn 0.1616 0.9688 -0.1880
vn 0.1612 0.9458 -0.2820
vn 0.1736 0.9824 -0.0689
vn 0.2086 0.9723 -0.1053
vn 0.2570 0.9565 -0.1379
vn 0.1776 0.9552 -0.2367
vn 0.1985 0.9572 -0.2104
vn 0.2185 0.9259 -0.3082
vn 0.1871 0.9164 -0.3537
vn 0.1209 0.9394 -0.3207
vn 0.5068 0.8552 -0.1080
vn -0.4701 0.8786 -0.0844
vn 0.7062 0.6892 -0.1618
vn 0.6303 0.7671 -0.1194
vn 0.9994 -0.0090 -0.0340
vn 0.9995 0.0060 0.0317
vn 0.9996 0.0059 -0.0265
vn 0.9977 -0.0033 -0.0680
vn 0.9997 0.0049 -0.0228
vn 0.9987 0.0186 0.0465
vn 0.9999 0.0096 0.0092
vn 0.9998 0.0038 -0.0218
vn 0.9993 0.0073 -0.0378
vn 0.9996 0.0162 -0.0237
vn 0.9138 0.3925 -0.1039
vn 0.9229 0.3673 -0.1154
vn 0.9306 0.3526 -0.0984
vn 0.9325 0.3538 -0.0723
vn 0.9329 0.3465 -0.0977
vn 0.9315 0.3384 -0.1335
vn 0.9330 0.3542 -0.0638
vn 0.9321 0.3613 0.0267
vn 0.9434 0.3315 -0.0090
vn 0.9666 -0.0361 -0.2536
vn 0.7499 0.6568 -0.0791
vn -0.4766 0.8487 -0.2292
vn -0.3333 0.9422 -0.0339
vn -0.6424 0.6973 -0.3179
vn -0.7796 0.5141 -0.3578
vn -0.4875 0.8629 -0.1333
vn -0.4939 0.8643 -0.0949
vn -0.4834 0.8548 -0.1888
vn -0.4778 0.8425 -0.2487
vn -0.4653 0.8620 -0.2010
vn -0.4667 0.8583 -0.2132
vn -0.4608 0.8340 -0.3034
vn -0.4493 0.8119 -0.3726
vn -0.4794 0.8060 -0.3471
vn 0.9199 0.3049 -0.2465
vn -0.3910 0.9192 -0.0462
vn -0.4496 0.8909 -0.0643
vn -0.4684 0.8709 -0.1490
vn 0.6447 0.7348 -0.2108
vn 0.6876 0.6959 -0.2074
vn 0.6849 0.7060 -0.1799
vn 0.6910 0.7126 -0.1213
vn 0.7279 0.6844 -0.0430
vn 0.6659 0.7098 -0.2299
vn 0.6861 0.7111 -0.1538
vn 0.6827 0.6974 -0.2181
vn 0.7050 0.7092 -0.0108
vn 0.9512 0.3000 -0.0718
vn 0.2800 0.9548 -0.0999
vn 0.7529 -0.6428 -0.1413
vn 0.7163 -0.6967 0.0389
vn 0.6852 -0.7253 0.0667
vn 0.6808 -0.7292 0.0682
vn 0.6948 -0.7173 0.0522
vn 0.7184 -0.6936 0.0535
vn 0.7252 -0.6818 0.0960
vn 0.7135 -0.6895 0.1248
vn 0.7102 -0.6920 0.1294
vn 0.7279 -0.6738 0.1269
vn 0.7535 -0.6481 0.1105
vn 0.9391 -0.3407 0.0452
vn 0.9179 -0.3934 0.0522
vn 0.8972 -0.4358 0.0720
vn 0.8987 -0.4283 0.0941
vn 0.9137 -0.4025 0.0564
vn 0.9201 -0.3917 0.0045
vn 0.9210 -0.3891 0.0177
vn 0.9179 -0.3922 0.0598
vn 0.9177 -0.3926 0.0605
vn 0.9267 -0.3754 0.0162
vn 0.9176 -0.3278 -0.2249
vn -0.3777 -0.9019 -0.2095
vn -0.3853 -0.9216 -0.0471
vn -0.3600 -0.9325 0.0294
vn -0.3173 -0.9471 0.0485
vn -0.2829 -0.9572 0.0616
vn -0.2628 -0.9615 0.0803
vn -0.2457 -0.9643 0.0990
vn -0.2288 -0.9656 0.1234
vn -0.2130 -0.9648 0.1540
vn -0.1915 -0.9640 0.1846
vn -0.1700 -0.9751 0.1425
vn 0.3910 -0.9075 0.1535
vn 0.3645 -0.9140 0.1780
vn 0.3435 -0.9247 0.1639
vn 0.3374 -0.9306 0.1415
vn 0.3323 -0.9355 0.1202
vn 0.3072 -0.9474 0.0898
vn 0.2651 -0.9615 0.0727
vn 0.2367 -0.9697 0.0614
vn 0.2220 -0.9738 0.0491
vn 0.2335 -0.9723 -0.0073
vn 0.2698 -0.9465 -0.1773
vn -0.9132 -0.2376 -0.3312
vn -0.9721 -0.2070 -0.1107
vn -0.9874 -0.1530 -0.0402
vn -0.9902 -0.1372 -0.0245
vn -0.9865 -0.1481 -0.0699
vn -0.9844 -0.1591 -0.0758
vn -0.9854 -0.1663 -0.0360
vn -0.9835 -0.1791 -0.0239
vn -0.9818 -0.1854 -0.0415
vn -0.9833 -0.1711 -0.0620
vn -0.9824 -0.1600 -0.0962
vn -0.8780 0.4670 -0.1050
vn -0.8539 0.5088 -0.1094
vn -0.8326 0.5485 -0.0770
vn -0.8205 0.5513 -0.1510
vn -0.8259 0.5330 -0.1837
vn -0.8391 0.5268 -0.1354
vn -0.8394 0.5191 -0.1609
vn -0.8337 0.5050 -0.2233
vn -0.8212 0.4930 -0.2872
vn -0.8096 0.5101 -0.2904
vn -0.8937 0.4410 -0.0830
vn -0.9611 0.1922 -0.1983
vn -0.9713 0.1640 -0.1722
vn -0.9813 0.1430 -0.1288
vn -0.9852 0.1491 -0.0845
vn -0.9825 0.1666 -0.0830
vn -0.9742 0.1830 -0.1319
vn -0.9720 0.2060 -0.1132
vn -0.9765 0.2097 -0.0491
vn -0.9842 0.1609 -0.0742
vn -0.9885 0.0989 -0.1147
vn -0.9677 0.0879 -0.2363
vn 0.1005 0.9102 -0.4018
vn 0.1019 0.7022 -0.7046
vn -0.7487 -0.6615 0.0428
vn -0.7521 -0.6541 0.0806
vn -0.7564 -0.6502 0.0718
vn -0.7654 -0.6413 0.0540
vn -0.7736 -0.6330 0.0294
vn -0.7740 -0.6332 0.0002
vn -0.7771 -0.6294 0.0027
vn -0.7928 -0.6092 0.0181
vn -0.8101 -0.5862 0.0041
vn -0.8063 -0.5873 -0.0707
vn -0.7298 -0.6204 -0.2872
vn -0.1712 -0.9848 -0.0286
vn -0.0954 -0.8447 -0.5267
vn 0.0422 -0.3705 -0.9279
vn -0.6863 0.0972 -0.7208
vn -0.7074 -0.2159 -0.6730
vn -0.3237 0.7124 -0.6226
vn -0.4666 0.7943 -0.3891
vn -0.7810 0.5234 -0.3406
vn -0.6601 0.4469 -0.6037
vn 0.0730 0.0948 -0.9928
vn -0.6061 -0.6510 -0.4570
vn -0.9684 -0.1418 -0.2052
vn -0.9401 0.1849 -0.2862
vn -0.7464 -0.6595 -0.0894
vn 0.5576 0.6290 -0.5417
vn 0.6249 0.7278 -0.2824
vn 0.7768 0.1522 -0.6111
vn 0.9170 0.3571 -0.1779
vn 0.7821 -0.1708 -0.5994
vn 0.9940 -0.0146 -0.1087
vn 0.8251 -0.3802 -0.4179
vn 0.9380 -0.3444 -0.0395
vn 0.2790 -0.8822 -0.3794
vn 0.6606 -0.6671 -0.3444
vn 0.7521 -0.6589 0.0148
vn 0.3676 -0.9295 0.0309
vn -0.0784 0.9955 -0.0526
vn -0.1288 0.9866 -0.0999
vn -0.1803 0.9737 -0.1391
vn -0.2309 0.9648 -0.1257
vn -0.2191 0.9695 -0.1097
vn -0.1618 0.9748 -0.1536
vn -0.1384 0.9736 -0.1818
vn -0.1390 0.9629 -0.2312
vn -0.1319 0.9791 -0.1548
vn -0.1045 0.9741 -0.2006
vn -0.0800 0.9483 -0.3072
vn -0.0642 0.9434 -0.3255
vn -0.1046 0.9167 -0.3857
vn -0.4090 0.9023 -0.1361
vn -0.4950 0.8136 -0.3050
vn -0.5730 0.6967 -0.4316
vn -0.4590 0.8244 -0.3311
vn -0.4865 0.8295 -0.2744
vn -0.5286 0.8173 -0.2293
vn -0.7562 0.6512 -0.0636
vn -0.7163 0.6965 -0.0427
vn -0.6571 0.7485 -0.0892
vn -0.6096 0.7780 -0.1522
vn -0.5844 0.8045 -0.1063
vn -0.5760 0.8079 -0.1246
vn -0.6835 0.6894 -0.2399
vn 0.4713 0.8722 -0.1311
vn 0.4191 0.9024 -0.1005
vn 0.3668 0.9274 -0.0734
vn 0.4221 0.8787 -0.2229
vn 0.5266 0.7891 -0.3163
vn 0.6140 0.6654 -0.4245
vn 0.8045 0.5623 -0.1914
vn 0.8681 0.4844 -0.1085
vn 0.8766 0.4712 -0.0980
vn 0.8544 0.5049 -0.1231
vn 0.8446 0.5011 -0.1885
vn 0.8611 0.4852 -0.1522
vn 0.8514 0.5090 -0.1264
vn 0.8099 0.5634 -0.1634
vn 0.7647 0.6073 -0.2153
vn 0.7680 0.5745 -0.2829
vn 0.3354 0.8737 -0.3524
vn 0.3848 0.8710 -0.3054
vn 0.4279 0.8593 -0.2802
vn 0.4673 0.8605 -0.2030
vn 0.4703 0.8645 -0.1774
vn 0.4665 0.8536 -0.2319
vn 0.5051 0.8436 -0.1825
vn 0.5502 0.8195 -0.1602
vn 0.5637 0.8180 -0.1142
vn 0.5090 0.8511 -0.1289
vn -0.9684 -0.1099 -0.2241
vn -0.9956 0.0770 -0.0526
vn -0.9906 0.1345 0.0241
vn -0.9919 0.1258 0.0196
vn -0.9875 0.1572 -0.0144
vn -0.9823 0.1871 -0.0083
vn -0.9837 0.1787 0.0190
vn -0.9835 0.1787 -0.0265
vn -0.9768 0.1755 -0.1225
vn -0.9511 0.2034 -0.2323
vn -0.7190 0.6173 -0.3195
vn -0.9247 0.3747 -0.0669
vn -0.9048 0.4256 0.0127
vn -0.8965 0.4427 -0.0157
vn -0.8677 0.4911 -0.0771
vn -0.8436 0.5336 -0.0607
vn -0.8457 0.5316 -0.0469
vn -0.8230 0.5546 -0.1225
vn -0.9191 0.2998 -0.2556
vn -0.8025 0.5599 -0.2063
vn 0.8956 -0.3164 -0.3126
vn 0.9376 -0.3377 -0.0827
vn 0.9310 -0.3649 -0.0127
vn 0.9063 -0.4221 -0.0219
vn 0.9007 -0.4285 -0.0713
vn 0.9200 -0.3887 -0.0499
vn 0.9266 -0.3757 -0.0147
vn 0.9271 -0.3731 0.0361
vn 0.9418 -0.3342 0.0363
vn 0.9630 -0.2421 -0.1186
vn 0.9815 0.1697 -0.0892
vn 0.9901 0.1293 -0.0539
vn 0.9937 0.0959 -0.0580
vn 0.9910 0.0648 -0.1174
vn 0.9874 0.0609 -0.1461
vn 0.9939 0.0822 -0.0741
vn 0.9945 0.0923 -0.0502
vn 0.9864 0.1110 -0.1210
vn 0.9389 0.1716 -0.2984
vn 0.9650 0.1935 -0.1768
vn -0.5896 -0.7235 -0.3590
vn -0.3579 -0.9151 -0.1857
vn 0.1247 -0.9788 -0.1623
vn 0.4546 -0.8590 -0.2356
vn 0.3655 -0.8332 -0.4150
vn -0.7180 -0.6581 -0.2268
vn -0.3970 -0.9004 -0.1782
vn 0.1541 -0.9654 -0.2103
vn 0.5097 -0.8289 -0.2305
vn 0.4864 -0.7798 -0.3940
vn -0.3644 0.9279 0.0788
vn 0.8221 0.2326 -0.5197
vn 0.7834 -0.2904 -0.5496
vn -0.8792 0.2452 -0.4084
vn -0.9080 -0.2254 -0.3532
vn 0.5375 0.8346 -0.1206
vn 0.7370 0.6141 -0.2823
vn -0.7267 0.6690 -0.1562
vn -0.2096 0.9680 -0.1382
vn -0.8293 -0.4677 -0.3057
vn 0.7514 -0.6593 -0.0266
vn 0.7082 -0.6960 0.1186
vn 0.6818 -0.7258 0.0919
vn 0.6875 -0.7260 0.0193
vn 0.6888 -0.7247 0.0201
vn 0.6444 -0.7645 0.0195
vn 0.6369 -0.7706 0.0213
vn 0.7102 -0.7040 -0.0015
vn 0.7596 -0.6496 -0.0330
vn 0.6183 -0.7218 -0.3110
vn 0.6969 -0.6863 -0.2081
vn 0.1501 -0.9765 -0.1547
vn 0.0891 -0.9958 -0.0221
vn 0.0130 -0.9996 -0.0257
vn -0.0355 -0.9981 0.0507
vn -0.0406 -0.9911 0.1270
vn -0.0131 -0.9935 0.1133
vn 0.0335 -0.9962 0.0805
vn 0.0772 -0.9854 0.1518
vn 0.0337 -0.9994 0.0111
vn 0.0702 -0.9885 0.1337
vn 0.3679 -0.9297 0.0179
vn 0.3534 -0.9228 0.1538
vn 0.3310 -0.9357 0.1223
vn 0.3270 -0.9436 0.0514
vn 0.3170 -0.9452 0.0785
vn 0.2750 -0.9567 0.0957
vn 0.2774 -0.9597 0.0456
vn 0.3708 -0.9286 -0.0096
vn 0.4762 -0.8792 -0.0148
vn 0.5330 -0.8306 -0.1613
vn -0.3164 -0.9486 -0.0017
vn -0.2748 -0.9530 0.1279
vn -0.2896 -0.9476 0.1348
vn -0.3431 -0.9326 0.1122
vn -0.3987 -0.9074 0.1327
vn -0.3983 -0.9070 0.1366
vn -0.3846 -0.9208 0.0650
vn -0.3887 -0.9213 -0.0087
vn -0.3848 -0.9229 -0.0138
vn -0.3926 -0.9120 -0.1192
vn -0.7633 -0.6438 -0.0543
vn -0.7306 -0.6799 0.0630
vn -0.7413 -0.6633 0.1027
vn -0.7672 -0.6308 0.1159
vn -0.7863 -0.6076 0.1120
vn -0.7693 -0.6300 0.1064
vn -0.7572 -0.6495 0.0696
vn -0.7664 -0.6420 0.0229
vn -0.7640 -0.6452 -0.0005
vn -0.9667 -0.2544 -0.0281
vn -0.9774 -0.2097 0.0265
vn -0.9761 -0.2128 0.0452
vn -0.9786 -0.2014 0.0412
vn -0.9821 -0.1824 0.0466
vn -0.9808 -0.1823 0.0695
vn -0.9810 -0.1907 0.0343
vn -0.9799 -0.1955 -0.0403
vn -0.9767 -0.1528 -0.1509
vn -0.7545 -0.6510 -0.0836
vn -0.9100 -0.3894 -0.1422
vn -0.0059 -0.8885 -0.4588
vn -0.0770 0.6235 -0.7780
vn 0.0137 -0.2101 -0.9776
vn 0.2819 -0.9080 -0.3099
vn 0.7136 -0.5819 -0.3901
vn 0.7501 -0.1395 -0.6464
vn 0.7398 0.3404 -0.5804
vn 0.2596 0.6852 -0.6805
vn -0.4563 0.6496 -0.6082
vn -0.8193 0.1537 -0.5523
vn -0.7286 -0.2074 -0.6528
vn -0.7296 -0.5571 -0.3966
vn -0.3131 -0.8915 -0.3274
vn 0.4123 0.8279 -0.3802
vn 0.0545 0.9834 -0.1728
vn -0.4851 0.8723 -0.0619
vn -0.7738 0.6329 0.0256
vn -0.9241 0.3794 0.0463
vn -0.9945 0.1037 0.0141
vn -0.9822 -0.1866 -0.0225
vn -0.8736 -0.4837 -0.0530
vn -0.6152 -0.7855 -0.0669
vn -0.2709 -0.9599 -0.0715
vn 0.0744 -0.9867 -0.1444
vn 0.3055 -0.8781 -0.3681
vn -0.0296 0.9777 -0.2078
vn -0.5464 0.8281 -0.1254
vn -0.7795 0.6240 -0.0548
vn -0.9108 0.4072 -0.0679
vn -0.9876 0.1292 -0.0887
vn -0.9817 -0.1670 -0.0911
vn -0.8787 -0.4695 -0.0862
vn -0.6215 -0.7794 -0.0791
vn -0.2796 -0.9568 -0.0796
vn -0.0382 -0.9871 -0.1553
vn 0.1416 -0.9191 -0.3676
vn 0.3060 0.9156 -0.2609
vn 0.4403 -0.7816 -0.4419
vn 0.1823 -0.9684 -0.1702
vn -0.2240 -0.9695 -0.0992
vn -0.5887 -0.8050 -0.0738
vn -0.8621 -0.5060 -0.0249
vn -0.9773 -0.2084 0.0376
vn -0.9933 0.0863 0.0765
vn -0.9268 0.3689 0.0707
vn -0.7697 0.6380 0.0214
vn -0.4568 0.8881 -0.0514
vn 0.1369 0.9754 -0.1730
vn 0.5449 0.7081 -0.4492
vn 0.8945 -0.0287 -0.4462
vn 0.9877 -0.0379 -0.1514
vn 0.9962 0.0177 -0.0854
vn 0.9881 0.0483 -0.1461
vn 0.9756 0.0508 -0.2135
vn 0.9784 0.0651 -0.1964
vn 0.9902 0.0813 -0.1133
vn 0.9938 0.0830 -0.0739
vn 0.9923 0.0250 -0.1214
vn 0.6926 0.6572 -0.2973
vn 0.7470 0.6425 -0.1708
vn 0.6940 0.7066 -0.1384
vn 0.6533 0.7371 -0.1727
vn 0.6298 0.7225 -0.2850
vn 0.6223 0.7357 -0.2674
vn 0.6700 0.7213 -0.1757
vn 0.6734 0.7158 -0.1848
vn 0.6665 0.6936 -0.2731
vn 0.9516 0.2616 -0.1611
vn 0.9313 0.3446 -0.1183
vn 0.9197 0.3621 -0.1521
vn 0.8927 0.3758 -0.2486
vn 0.8877 0.3817 -0.2576
vn 0.9005 0.4007 -0.1690
vn 0.9238 0.3687 -0.1034
vn 0.9431 0.2898 -0.1627
vn 0.8587 0.2787 -0.4300
vn 0.9212 -0.3660 -0.1324
vn 0.9321 -0.3567 -0.0635
vn 0.9306 -0.3522 -0.0994
vn 0.9346 -0.3341 -0.1220
vn 0.9504 -0.2920 -0.1071
vn 0.9648 -0.2588 -0.0473
vn 0.9713 -0.2376 -0.0096
vn 0.9677 -0.2463 -0.0532
vn 0.6834 -0.7239 -0.0943
vn 0.6671 -0.7434 -0.0482
vn 0.6528 -0.7572 -0.0239
vn 0.6848 -0.7284 0.0222
vn 0.7369 -0.6750 0.0374
vn 0.7642 -0.6432 0.0469
vn 0.7745 -0.6276 0.0789
vn 0.7680 -0.6386 0.0485
vn 0.8214 -0.3600 -0.4424
vn 0.6083 -0.7533 -0.2502
vn 0.2721 -0.9591 -0.0782
vn 0.2464 -0.9684 -0.0374
vn 0.2313 -0.9722 0.0373
vn 0.2668 -0.9534 0.1405
vn 0.3220 -0.9314 0.1698
vn 0.3514 -0.9280 0.1239
vn 0.3593 -0.9229 0.1383
vn 0.3552 -0.9300 0.0945
vn 0.2540 -0.9570 -0.1401
vn -0.1850 -0.9827 -0.0111
vn -0.1863 -0.9796 0.0757
vn -0.1658 -0.9667 0.1948
vn -0.1399 -0.9636 0.2278
vn -0.1292 -0.9794 0.1552
vn -0.1307 -0.9792 0.1550
vn -0.1319 -0.9836 0.1231
vn -0.1876 -0.9813 -0.0422
vn -0.2020 -0.9738 -0.1044
vn -0.4224 0.9032 -0.0758
vn -0.3870 0.9157 -0.1082
vn -0.3742 0.9176 -0.1339
vn -0.3815 0.9158 -0.1255
vn -0.3929 0.8881 -0.2386
vn -0.3900 0.9058 -0.1655
vn -0.3553 0.9267 -0.1224
vn -0.2962 0.9159 -0.2711
vn -0.3022 0.8739 -0.3807
vn 0.0560 0.9268 -0.3712
vn 0.1505 0.9516 -0.2680
vn 0.1813 0.9680 -0.1734
vn 0.1299 0.9603 -0.2469
vn 0.1442 0.9396 -0.3104
vn 0.1722 0.9691 -0.1765
vn 0.1936 0.9647 -0.1787
vn 0.2345 0.9557 -0.1779
vn 0.2073 0.9640 -0.1665
vn -0.9953 0.0721 0.0650
vn -0.9959 0.0834 0.0353
vn -0.9951 0.0931 0.0336
vn -0.9944 0.0911 0.0532
vn -0.9945 0.0846 0.0614
vn -0.9966 0.0784 0.0256
vn -0.9966 0.0702 -0.0439
vn -0.9832 0.1090 -0.1466
vn -0.9034 0.3856 -0.1877
vn -0.9172 0.3882 -0.0900
vn -0.9178 0.3967 -0.0133
vn -0.9159 0.4015 -0.0021
vn -0.9135 0.4063 -0.0221
vn -0.9120 0.4099 -0.0183
vn -0.9157 0.4018 -0.0115
vn -0.9192 0.3929 0.0266
vn -0.7352 0.6772 -0.0304
vn -0.7256 0.6848 -0.0678
vn -0.7375 0.6720 -0.0675
vn -0.7463 0.6561 -0.1121
vn -0.7340 0.6749 -0.0758
vn -0.7258 0.6853 -0.0596
vn -0.6822 0.7077 -0.1839
vn -0.6146 0.7135 -0.3364
vn -0.9232 0.3800 0.0572
vn -0.7524 0.6587 -0.0044
vn -0.9933 0.0726 0.0896
vn -0.9594 -0.2724 0.0737
vn -0.9612 -0.2698 0.0581
vn -0.9579 -0.2771 0.0757
vn -0.9525 -0.2787 0.1225
vn -0.9563 -0.2654 0.1227
vn -0.9642 -0.2579 0.0624
vn -0.9701 -0.2424 0.0091
vn -0.9730 -0.2241 -0.0555
vn -0.7986 -0.5995 0.0527
vn -0.7842 -0.6185 0.0503
vn -0.7723 -0.6273 0.0999
vn -0.7656 -0.6198 0.1724
vn -0.7770 -0.6030 0.1810
vn -0.7922 -0.6004 0.1095
vn -0.8088 -0.5829 0.0780
vn -0.8237 -0.5649 0.0483
vn -0.8343 -0.5511 0.0141
vn -0.5324 -0.8465 0.0039
vn -0.5091 -0.8605 0.0212
vn -0.4955 -0.8631 0.0978
vn -0.4897 -0.8492 0.1977
vn -0.4952 -0.8404 0.2204
vn -0.5059 -0.8503 0.1449
vn -0.5214 -0.8435 0.1293
vn -0.5392 -0.8354 0.1063
vn -0.5662 -0.8219 -0.0632
vn -0.9658 -0.2479 0.0760
vn 0.2193 -0.8390 -0.4980
vn 0.0501 -0.0875 -0.9949
vn 0.0155 0.7395 -0.6730
vn 0.5915 0.6286 -0.5051
vn 0.9086 0.1134 -0.4019
vn 0.8286 -0.0816 -0.5538
vn 0.6507 -0.7028 -0.2876
vn 0.8904 -0.2808 -0.3583
vn -0.0987 -0.9540 -0.2830
vn -0.5132 -0.8276 -0.2275
vn -0.7850 -0.5404 -0.3028
vn -0.7826 -0.1772 -0.5967
vn -0.8702 0.1314 -0.4748
vn -0.5909 0.6426 -0.4878
vn -0.3112 0.7898 -0.5286
vn -0.2355 -0.9292 -0.2847
vn -0.1823 -0.9597 -0.2139
vn -0.1696 -0.9770 -0.1290
vn -0.2085 -0.9780 -0.0073
vn -0.2862 -0.9438 0.1652
vn -0.3948 -0.8344 0.3847
vn -0.5450 -0.6061 0.5793
vn -0.6775 -0.2094 0.7051
vn -0.6752 0.2439 0.6962
vn -0.5572 0.6417 0.5270
vn -0.3862 0.8871 0.2526
vn -0.3075 0.9502 0.0512
vn -0.3117 0.9422 -0.1234
vn -0.4766 0.8655 -0.1539
vn -0.3670 -0.8777 -0.3080
vn 0.2982 -0.2761 -0.9137
vn 0.7339 -0.3151 -0.6018
vn 0.9024 -0.3163 -0.2926
vn 0.9479 -0.3120 -0.0640
vn 0.9461 -0.3235 -0.0171
vn 0.8742 -0.3717 -0.3124
vn 0.8112 -0.4167 -0.4102
vn 0.4977 -0.4758 -0.7252
vn 0.2355 0.3292 -0.9144
vn 0.7044 0.2893 -0.6481
vn 0.8860 0.3296 -0.3262
vn 0.9361 0.3403 -0.0889
vn 0.9597 0.2770 -0.0471
vn 0.9083 0.2549 -0.3317
vn 0.8700 0.2399 -0.4308
vn 0.6356 0.2274 -0.7378
vn -0.4973 0.2727 -0.8236
vn -0.4351 -0.4290 -0.7916
vn -0.4843 0.8059 -0.3405
vn -0.2090 -0.8391 -0.5022
vn -0.1224 0.9179 -0.3774
vn -0.1579 -0.9655 -0.2069
vn -0.2440 -0.9665 -0.0796
vn -0.3572 -0.9325 0.0527
vn -0.5025 -0.8365 0.2186
vn -0.6360 -0.6696 0.3837
vn -0.7565 -0.4078 0.5113
vn -0.8217 -0.0896 0.5629
vn -0.8136 0.2201 0.5382
vn -0.7168 0.5373 0.4444
vn -0.5385 0.7940 0.2820
vn -0.3506 0.9297 0.1129
vn -0.1903 0.9731 -0.1297
vn -0.1114 -0.9237 -0.3667
vn 0.2880 -0.8097 -0.5112
vn 0.2425 -0.7135 -0.6574
vn 0.5359 -0.7197 -0.4413
vn 0.6284 -0.7477 -0.2146
vn 0.6764 -0.7355 -0.0394
vn 0.7050 -0.7092 -0.0005
vn 0.6318 -0.7492 -0.1989
vn 0.5424 -0.7901 -0.2857
vn 0.4631 0.7341 -0.4967
vn 0.4395 0.8712 -0.2185
vn 0.5313 0.8322 -0.1589
vn 0.5902 0.8027 -0.0851
vn 0.5519 0.8238 -0.1294
vn 0.5277 0.8044 -0.2727
vn 0.2885 0.8906 -0.3517
vn 0.2297 -0.9164 -0.3276
vn 0.3313 -0.9425 -0.0435
vn 0.3627 -0.9319 0.0080
vn 0.3206 -0.9455 -0.0575
vn 0.2432 -0.9597 -0.1412
vn 0.3062 -0.9378 -0.1633
vn 0.1085 -0.9419 -0.3178
vn -0.2842 0.3474 -0.8936
vn -0.2265 -0.1723 -0.9587
vn -0.1172 -0.6706 -0.7325
vn 0.0049 -0.9424 -0.3346
vn 0.0744 -0.9861 -0.1483
vn 0.0654 -0.9969 -0.0440
vn 0.0383 -0.9988 0.0291
vn 0.0069 -0.9986 0.0515
vn -0.0177 -0.9998 -0.0100
vn -0.2868 -0.9508 0.1175
vn -0.3211 -0.9381 0.1297
vn -0.3123 -0.9480 0.0621
vn -0.2628 -0.9642 -0.0356
vn -0.2650 -0.9518 -0.1542
vn -0.3671 -0.8650 -0.3420
vn -0.5076 -0.5047 -0.6983
vn -0.6818 -0.0397 -0.7304
vn -0.7389 0.2543 -0.6240
vn -0.2548 -0.9662 0.0381
vn -0.0769 -0.9890 -0.1267
vn -0.6435 -0.6947 0.3213
vn -0.7695 -0.4836 0.4171
vn -0.8440 -0.2367 0.4812
vn -0.8645 0.0348 0.5014
vn -0.8347 0.2789 0.4748
vn -0.7569 0.5002 0.4207
vn -0.6196 0.7100 0.3347
vn -0.3572 0.9194 0.1645
vn -0.4450 -0.8769 0.1816
vn 0.0093 0.9952 -0.0969
vn -0.7731 -0.5471 0.3211
vn -0.8745 -0.3344 0.3514
vn -0.9223 -0.1271 0.3649
vn -0.9283 0.0902 0.3606
vn -0.8861 0.3216 0.3338
vn -0.8035 0.5189 0.2919
vn -0.6676 0.7051 0.2390
vn -0.3428 0.9324 0.1150
vn 0.1327 0.9879 -0.0806
vn -0.5634 -0.7904 0.2403
vn -0.7419 0.5379 -0.4004
vn -0.2942 0.7942 -0.5317
vn 0.1123 0.8214 -0.5592
vn -0.7230 0.6752 0.1461
vn -0.6925 0.7213 0.0088
vn -0.6518 0.7379 -0.1748
vn -0.7056 0.6316 -0.3213
vn -0.3512 0.9345 0.0583
vn -0.3253 0.9437 -0.0601
vn -0.3057 0.9383 -0.1614
vn -0.2891 0.9094 -0.2989
vn 0.1240 0.9502 -0.2861
vn 0.1166 0.9809 -0.1557
vn 0.1399 0.9864 -0.0857
vn 0.1625 0.9859 -0.0393
vn -0.7868 -0.3134 -0.5318
vn -0.7753 -0.5925 -0.2189
vn -0.7101 -0.6995 -0.0802
vn -0.6946 -0.7161 0.0690
vn -0.8412 -0.4393 -0.3152
vn -0.6633 -0.7257 0.1829
vn -0.9452 0.0540 -0.3220
vn -0.9692 0.0030 -0.2462
vn -0.9974 0.0115 0.0713
vn -0.8748 0.4810 0.0574
vn -0.8248 0.5297 -0.1980
vn -0.8255 0.4506 -0.3399
vn -0.8079 0.0693 -0.5852
vn -0.8475 0.1218 -0.5166
vn -0.9321 0.1699 -0.3199
vn -0.9318 -0.1940 -0.3067
vn -0.9186 -0.3597 -0.1635
vn -0.9146 -0.3994 0.0628
vn -0.9510 -0.0184 -0.3087
vn -0.8412 -0.1645 -0.5150
vn -0.9330 -0.2410 -0.2672
vn -0.8873 -0.4203 0.1899
vn -0.9515 -0.0644 -0.3007
vn -0.9605 -0.1645 -0.2243
vn -0.9429 0.0945 -0.3195
vn -0.9820 -0.1763 0.0684
vn -0.8381 0.0075 -0.5455
vn -0.9611 -0.2143 0.1743
vn -0.9874 -0.0309 0.1554
vn -0.8179 0.4477 -0.3613
vn -0.8945 0.3009 -0.3307
vn -0.9322 0.1467 -0.3308
vn -0.8995 0.2796 -0.3357
vn -0.9581 0.1492 -0.2447
vn -0.9207 0.3174 -0.2269
vn -0.9876 0.1388 0.0730
vn -0.9585 0.2755 0.0728
vn -0.8138 0.2317 -0.5330
vn -0.7550 0.3320 -0.5655
vn -0.9417 0.3053 0.1412
vn -0.9822 0.1249 0.1402
vn -0.8643 0.4792 0.1529
vn -0.5296 0.8482 0.0056
vn -0.4859 0.8738 0.0200
vn -0.4053 0.9138 0.0268
vn -0.1714 0.9852 -0.0099
vn -0.0760 0.9959 -0.0487
vn -0.1037 0.9920 -0.0720
vn -0.1285 0.9891 -0.0715
vn -0.1086 0.9929 -0.0490
vn -0.0011 0.9997 -0.0255
vn 0.0886 0.9956 -0.0298
vn 0.0672 0.9963 -0.0542
vn -0.0290 0.9964 -0.0802
vn -0.0771 0.9932 -0.0869
vn -0.0199 0.9981 -0.0590
vn 0.1043 0.9944 -0.0160
vn 0.2018 0.9793 0.0157
vn 0.2932 0.9552 0.0402
vn 0.4396 0.8953 0.0718
vn 0.5611 0.8201 0.1127
vn 0.5856 0.8008 0.1257
vn 0.6623 0.7405 0.1141
vn 0.8157 0.5711 0.0923
vn 0.9546 0.2908 0.0644
vn 0.9990 -0.0284 0.0349
vn 0.9394 -0.3427 -0.0050
vn 0.7890 -0.6124 -0.0493
vn 0.5945 -0.7993 -0.0881
vn 0.4046 -0.9074 -0.1135
vn 0.2291 -0.9674 -0.1080
vn 0.0425 -0.9963 -0.0741
vn -0.0964 -0.9947 -0.0368
vn -0.0815 -0.9964 -0.0246
vn -0.0014 -0.9998 -0.0182
vn 0.0533 -0.9986 -0.0031
vn 0.0471 -0.9987 0.0190
vn 0.0048 -0.9994 0.0338
vn -0.0153 -0.9998 0.0090
vn 0.0848 -0.9952 -0.0480
vn 0.2497 -0.9648 -0.0821
vn 0.2416 -0.9649 -0.1029
vn 0.0976 -0.9827 -0.1577
vn -0.0782 -0.9734 -0.2156
vn -0.5540 0.8316 -0.0387
vn -0.4255 0.9048 -0.0181
vn -0.4039 0.9147 0.0116
vn -0.3194 0.9472 0.0280
vn -0.1835 0.9828 0.0205
vn -0.1187 0.9929 0.0059
vn -0.1106 0.9939 0.0019
vn -0.0877 0.9961 0.0034
vn -0.0474 0.9989 0.0025
vn 0.0005 1.0000 -0.0063
vn 0.0229 0.9995 -0.0221
vn 0.0118 0.9994 -0.0325
vn -0.0163 0.9996 -0.0221
vn 0.0159 0.9999 0.0015
vn 0.1104 0.9935 0.0270
vn 0.2028 0.9781 0.0477
vn 0.2847 0.9563 0.0660
vn 0.3887 0.9171 0.0885
vn 0.5250 0.8449 0.1023
vn 0.5827 0.8061 0.1034
vn 0.5701 0.8159 0.0967
vn 0.6353 0.7672 0.0885
vn 0.7989 0.5961 0.0807
vn 0.9447 0.3202 0.0701
vn 0.9982 0.0200 0.0571
vn 0.9638 -0.2640 0.0363
vn 0.8426 -0.5385 -0.0018
vn 0.6590 -0.7505 -0.0488
vn 0.4380 -0.8939 -0.0952
vn 0.2017 -0.9718 -0.1225
vn -0.0184 -0.9922 -0.1233
vn -0.1342 -0.9851 -0.1077
vn -0.1018 -0.9907 -0.0903
vn -0.0124 -0.9970 -0.0770
vn 0.0462 -0.9960 -0.0762
vn 0.0373 -0.9957 -0.0848
vn 0.0163 -0.9953 -0.0956
vn 0.0460 -0.9930 -0.1091
vn 0.1426 -0.9825 -0.1200
vn 0.2535 -0.9606 -0.1137
vn 0.2860 -0.9509 -0.1181
vn 0.2036 -0.9658 -0.1605
vn 0.0022 -0.9792 -0.2028
vn -0.3810 0.9220 -0.0685
vn -0.3035 0.9221 0.2399
vn -0.4267 0.7368 0.5245
vn -0.5785 0.3267 0.7474
vn -0.5826 -0.2554 0.7716
vn -0.3954 -0.7025 0.5917
vn -0.2401 -0.8999 0.3641
vn -0.1480 -0.9814 0.1220
vn -0.0953 -0.9939 -0.0559
vn -0.1947 -0.9561 -0.2188
vn -0.0808 -0.9867 -0.1409
vn -0.1222 -0.9759 -0.1809
vn -0.3065 0.9268 0.2170
vn -0.4507 0.7744 0.4440
vn -0.6765 0.3522 0.6468
vn -0.6324 -0.3006 0.7139
vn -0.4154 -0.7453 0.5216
vn -0.2465 -0.9139 0.3224
vn -0.1311 -0.9875 0.0873
vn 0.0009 -0.9944 -0.1054
vn 0.0767 -0.9800 -0.1838
vn -0.3134 0.9480 0.0547
vn -0.4822 0.8072 0.3404
vn -0.3225 0.9257 0.1977
vn -0.3162 0.9464 0.0657
vn -0.4232 0.8616 0.2801
vn -0.3076 0.9356 0.1735
vn -0.2725 0.9598 0.0669
vn -0.2716 0.9398 0.2073
vn -0.2001 0.9728 0.1170
vn -0.1439 0.9889 0.0365
vn -0.2004 0.9782 0.0547
vn -0.2582 0.9551 0.1455
vn -0.3489 0.9067 0.2372
vn -0.2098 0.9597 0.1872
vn -0.1584 0.9827 0.0956
vn -0.1144 0.9932 0.0239
vn -0.0880 0.9960 0.0167
vn -0.0648 0.9978 0.0113
vn -0.0407 0.9992 0.0061
vn -0.0146 0.9999 0.0031
vn 0.0197 0.9998 0.0046
vn 0.0601 0.9981 0.0129
vn 0.1160 0.9930 0.0238
vn 0.1826 0.9826 0.0345
vn 0.2263 0.9668 0.1188
vn 0.1634 0.9805 0.1094
vn 0.1084 0.9892 0.0989
vn 0.0614 0.9943 0.0876
vn 0.0084 0.9968 0.0798
vn -0.0376 0.9964 0.0758
vn -0.0766 0.9941 0.0769
vn -0.1149 0.9899 0.0830
vn -0.1494 0.9731 0.1752
vn -0.0874 0.9820 0.1675
vn -0.0260 0.9860 0.1648
vn 0.0394 0.9855 0.1651
vn 0.1081 0.9799 0.1677
vn 0.1640 0.9710 0.1742
vn 0.2144 0.9597 0.1817
vn 0.2733 0.9433 0.1883
vn 0.3474 0.9169 0.1967
vn 0.3077 0.9426 0.1298
vn 0.2598 0.9645 0.0472
vn 0.4302 0.8792 0.2049
vn 0.4010 0.9055 0.1387
vn 0.3589 0.9312 0.0642
vn 0.5209 0.8262 0.2147
vn 0.4958 0.8563 0.1446
vn 0.4707 0.8788 0.0784
vn 0.6084 0.7578 0.2358
vn 0.5663 0.8108 0.1479
vn 0.5551 0.8278 0.0810
vn 0.6897 0.6709 0.2725
vn 0.6015 0.7830 0.1584
vn 0.5686 0.8189 0.0786
vn 0.6530 0.7501 0.1043
vn 0.8272 0.5455 0.1350
vn 0.9508 0.2719 0.1482
vn 0.9898 0.0222 0.1410
vn 0.9702 -0.2087 0.1229
vn 0.8868 -0.4534 0.0897
vn 0.7314 -0.6806 0.0421
vn 0.5066 -0.8621 -0.0134
vn 0.2402 -0.9683 -0.0692
vn 0.0044 -0.9934 -0.1144
vn -0.1231 -0.9799 -0.1573
vn -0.1046 -0.9775 -0.1829
vn -0.0110 -0.9825 -0.1861
vn 0.0670 -0.9821 -0.1761
vn 0.0644 -0.9827 -0.1734
vn 0.0357 -0.9839 -0.1752
vn 0.0592 -0.9836 -0.1706
vn 0.1527 -0.9743 -0.1654
vn 0.2604 -0.9519 -0.1614
vn 0.3256 -0.9304 -0.1684
vn 0.2666 -0.9459 -0.1850
vn 0.8793 0.3745 0.2943
vn 0.9404 0.1257 0.3159
vn 0.9477 -0.0525 0.3148
vn 0.9264 -0.2255 0.3014
vn 0.8637 -0.4205 0.2779
vn 0.7410 -0.6283 0.2369
vn 0.5755 -0.7972 0.1825
vn 0.3995 -0.9112 0.1008
vn 0.2285 -0.9735 -0.0133
vn 0.0762 -0.9857 -0.1504
vn 0.0123 -0.9679 -0.2509
vn 0.0250 -0.9573 -0.2881
vn 0.0714 -0.9548 -0.2886
vn 0.0903 -0.9538 -0.2866
vn 0.0839 -0.9516 -0.2955
vn 0.1201 -0.9445 -0.3056
vn 0.2147 -0.9263 -0.3095
vn 0.2905 -0.9086 -0.3000
vn 0.3191 -0.9081 -0.2711
vn 0.2458 -0.9404 -0.2351
vn 0.5639 0.8218 0.0819
vn 0.6350 0.7498 0.1860
vn 0.7495 0.6180 0.2373
vn 0.8537 0.3103 0.4181
vn 0.8713 0.0998 0.4805
vn 0.8613 -0.0568 0.5049
vn 0.8510 -0.1333 0.5079
vn 0.8403 -0.2318 0.4900
vn 0.8114 -0.3780 0.4458
vn 0.7347 -0.5636 0.3776
vn 0.6306 -0.7090 0.3157
vn 0.5384 -0.8058 0.2467
vn 0.4237 -0.8953 0.1375
vn 0.2791 -0.9602 -0.0049
vn 0.1510 -0.9800 -0.1293
vn 0.0857 -0.9743 -0.2084
vn 0.0882 -0.9649 -0.2476
vn 0.1235 -0.9536 -0.2747
vn 0.1407 -0.9433 -0.3006
vn 0.1580 -0.9374 -0.3103
vn 0.1875 -0.9394 -0.2870
vn 0.1990 -0.9461 -0.2555
vn 0.7776 0.5297 0.3386
vn 0.1712 -0.9608 -0.2180
vn 0.0835 -0.9834 -0.1611
vn 0.0670 -0.9801 -0.1866
vn -0.2706 -0.9335 -0.2354
vn -0.2866 0.9570 0.0445
vn 0.0470 -0.9951 -0.0869
vn -0.4603 -0.7903 0.4044
vn -0.8583 -0.3673 0.3584
vn -0.9280 0.2542 0.2726
vn -0.6857 0.6916 0.2270
vn -0.5372 0.8289 0.1561
vn -0.4339 0.8933 0.1173
vn -0.3324 0.9383 0.0948
vn -0.2531 0.9640 0.0812
vn -0.1795 0.9810 0.0732
vn -0.1060 0.9922 0.0651
vn -0.0309 0.9977 0.0596
vn 0.0393 0.9977 0.0556
vn 0.1116 0.9923 0.0538
vn 0.1687 0.9841 0.0550
vn 0.2207 0.9736 0.0581
vn 0.2833 0.9569 0.0640
vn 0.3652 0.9281 0.0722
vn 0.4583 0.8853 0.0793
vn 0.5624 0.8218 0.0908
vn 0.6725 0.7312 0.1145
vn 0.7816 0.5984 0.1761
vn 0.8775 0.4112 0.2468
vn 0.9336 0.1867 0.3059
vn 0.9319 0.0110 0.3626
vn 0.9071 -0.1026 0.4083
vn 0.8831 -0.1526 0.4437
vn 0.8449 -0.2524 0.4717
vn 0.7988 -0.3599 0.4820
vn 0.7209 -0.5224 0.4554
vn 0.6459 -0.6453 0.4079
vn 0.5785 -0.7401 0.3428
vn 0.4875 -0.8326 0.2629
vn 0.3535 -0.9215 0.1605
vn 0.2169 -0.9754 0.0391
vn 0.1269 -0.9912 -0.0377
vn 0.0960 -0.9928 -0.0711
vn 0.0924 -0.9925 -0.0803
vn 0.0675 -0.9949 -0.0753
vn 0.0159 -0.9974 -0.0707
vn -0.0120 -0.9974 -0.0710
vn -0.0058 -0.9990 -0.0436
vn -0.1354 -0.9893 0.0546
vn -0.2271 -0.9312 0.2850
vn -0.4182 -0.8689 0.2648
vn -0.1961 -0.9499 0.2436
vn -0.2813 -0.9346 0.2178
vn -0.1333 -0.9685 0.2105
vn 0.2343 -0.9631 0.1326
vn 0.1418 -0.9825 0.1211
vn 0.0727 -0.9905 0.1168
vn 0.0148 -0.9898 0.1416
vn -0.0518 -0.9823 0.1799
vn 0.1493 -0.9772 0.1511
vn 0.0393 -0.9878 0.1509
vn -0.0648 -0.9843 0.1643
vn -0.1686 -0.9674 0.1889
vn -0.7464 0.1413 0.6504
vn -0.1734 -0.7917 0.5857
vn 0.6639 -0.4754 0.5773
vn 0.6093 0.5715 0.5497
vn -0.3101 0.8015 0.5113
vn -0.6682 0.4178 0.6156
vn 0.4990 -0.6647 0.5561
vn 0.7980 -0.0388 0.6015
vn -0.5703 0.5869 0.5747
vn 0.0797 0.8770 0.4739
vn -0.4904 0.6808 0.5441
vn 0.0114 -0.8226 0.5686
vn 0.7056 -0.3974 0.5867
vn 0.4967 0.6910 0.5253
vn -0.4342 0.7303 0.5274
vn 0.5943 -0.5729 0.5645
vn 0.7929 0.1228 0.5968
vn -0.3914 0.7605 0.5181
vn 0.0240 0.8802 0.4739
vn -0.3600 0.7795 0.5126
vn 0.1711 -0.8143 0.5546
vn 0.7421 -0.3100 0.5944
vn 0.3783 0.7766 0.5038
vn 0.3422 -0.1090 0.9333
vn 0.6282 -0.5334 0.5664
vn 0.7693 0.2551 0.5858
vn -0.7256 -0.2040 0.6572
vn -0.0249 0.8792 0.4759
vn 0.2890 -0.7857 0.5470
vn 0.7718 -0.2132 0.5991
vn 0.2514 0.8362 0.4875
vn -0.5952 -0.4858 0.6401
vn 0.6227 -0.5392 0.5670
vn 0.7175 0.3959 0.5731
vn -0.0993 0.8677 0.4871
vn 0.3819 -0.7446 0.5475
vn 0.7893 -0.1282 0.6004
vn -0.4786 -0.8771 -0.0404
vn 0.1408 0.8675 0.4772
vn 0.0631 -0.9980 -0.0033
vn -0.9405 -0.3268 -0.0931
vn 0.9947 0.0994 -0.0278
vn 0.2157 -0.9764 0.0035
vn -0.9782 0.1678 -0.1222
vn 0.9583 0.2829 -0.0395
vn 0.3554 -0.9347 0.0085
vn -0.7983 0.5886 -0.1273
vn 0.8540 0.5175 -0.0541
vn 0.4747 -0.8801 0.0115
vn -0.6304 0.7667 -0.1215
vn 0.7178 0.6932 -0.0653
vn 0.5880 -0.8088 0.0120
vn -0.5090 0.8529 -0.1161
vn 0.5802 0.8110 -0.0747
vn 0.6846 -0.7288 0.0112
vn -0.4160 0.9024 -0.1120
vn 0.4420 0.8932 -0.0820
vn 0.7513 -0.6599 0.0099
vn -0.3451 0.9322 -0.1094
vn 0.3153 0.9449 -0.0879
vn 0.7874 -0.6164 0.0089
vn -0.2842 0.9527 -0.1076
vn 0.2063 0.9741 -0.0927
vn 0.8293 -0.5588 0.0067
vn -0.2241 0.9688 -0.1059
vn 0.1165 0.9885 -0.0961
vn 0.8711 -0.4910 0.0040
vn 0.0376 0.9944 -0.0987
vn 0.9099 -0.4148 0.0007
vn -0.7285 -0.6820 -0.0647
vn -0.0486 0.9937 -0.1011
vn 0.9439 -0.3303 -0.0032
vn -0.2914 -0.9563 -0.0254
vn -0.1341 0.9856 -0.1033
vn 0.9732 -0.2299 -0.0084
vn -0.1134 -0.9935 -0.0134
vn -0.3244 -0.7286 0.6032
vn 0.9960 -0.0879 -0.0165
vn -0.5060 -0.8419 0.1875
vn -0.3195 -0.9290 0.1865
vn -0.1391 -0.9730 0.1840
vn 0.0492 -0.9821 0.1818
vn 0.2106 -0.9611 0.1788
vn 0.3485 -0.9205 0.1765
vn 0.4638 -0.8682 0.1767
vn 0.5836 -0.7921 0.1788
vn 0.6844 -0.7067 0.1795
vn 0.7435 -0.6447 0.1776
vn 0.7670 -0.6161 0.1793
vn 0.8114 -0.5556 0.1815
vn 0.8566 -0.4828 0.1822
vn 0.8974 -0.4017 0.1825
vn 0.9333 -0.3098 0.1814
vn 0.9610 -0.2112 0.1785
vn 0.9812 -0.0808 0.1753
vn 0.9802 0.1049 0.1682
vn 0.9463 0.2831 0.1561
vn 0.8538 0.5009 0.1416
vn 0.7179 0.6847 0.1259
vn 0.5809 0.8063 0.1111
vn 0.4410 0.8920 0.0993
vn 0.3078 0.9471 0.0910
vn 0.1934 0.9774 0.0848
vn 0.1086 0.9907 0.0816
vn 0.0335 0.9962 0.0800
vn -0.0442 0.9959 0.0790
vn -0.1297 0.9880 0.0834
vn -0.7340 -0.6529 0.1870
vn -0.9352 -0.3047 0.1806
vn -0.9722 0.1716 0.1593
vn -0.8115 0.5695 0.1308
vn -0.6497 0.7521 0.1107
vn -0.5306 0.8420 0.0975
vn -0.4430 0.8919 0.0907
vn -0.3769 0.9221 0.0873
vn -0.3223 0.9428 0.0848
vn -0.2638 0.9606 0.0876
vn -0.4681 -0.6285 0.6212
vn -0.2960 -0.2330 0.9264
vn 0.0113 0.4930 0.8700
vn 0.3621 -0.0420 0.9312
vn -0.2339 -0.2911 0.9277
vn -0.0237 0.4762 0.8790
vn 0.3705 -0.0044 0.9288
vn -0.1600 -0.3383 0.9273
vn -0.3192 -0.2007 0.9262
vn 0.3716 0.0158 0.9283
vn -0.0373 -0.3794 0.9245
vn -0.3670 -0.0666 0.9278
vn 0.3705 0.1263 0.9202
vn 0.0754 -0.3913 0.9172
vn -0.3774 0.0742 0.9231
vn 0.3713 0.1633 0.9141
vn 0.1347 -0.3855 0.9128
vn -0.3584 0.1749 0.9171
vn 0.3659 0.1784 0.9134
vn 0.1669 -0.3714 0.9134
vn -0.3274 0.2687 0.9059
vn 0.3111 0.2856 0.9064
vn 0.2422 -0.3161 0.9173
vn -0.3022 0.3205 0.8977
vn 0.2514 0.3667 0.8957
vn 0.3012 -0.2532 0.9193
vn -0.2891 0.3369 0.8960
vn 0.1894 0.4225 0.8863
vn 0.2969 -0.2577 0.9195
vn -0.2812 0.3423 0.8965
vn 0.1117 0.4644 0.8785
vn 0.2703 -0.2977 0.9156
vn -0.2842 0.3370 0.8976
vn 0.0370 0.4873 0.8725
vn 0.2873 -0.2617 0.9214
vn -0.2538 0.3516 0.9011
vn 0.0235 0.4902 0.8713
vn 0.3122 -0.1954 0.9297
vn 0.0101 0.4898 0.8718
vn -0.0490 0.0246 0.9985
vn 0.8181 0.5730 0.0492
vn 0.9740 0.2007 0.1052
vn 0.9911 0.0252 0.1311
vn 0.9801 -0.1232 0.1559
vn 0.9594 -0.2143 0.1832
vn 0.9133 -0.3528 0.2037
vn 0.8705 -0.4396 0.2211
vn 0.8017 -0.5540 0.2245
vn 0.7305 -0.6469 0.2189
vn 0.6386 -0.7409 0.2080
vn 0.5260 -0.8277 0.1955
vn 0.3912 -0.9033 0.1764
vn 0.9159 0.3940 0.0765
vn 0.2649 -0.9507 0.1611
vn 0.8600 0.5088 0.0377
vn 0.9480 0.3131 0.0577
vn 0.9940 0.0823 0.0719
vn 0.9903 -0.1119 0.0823
vn 0.9584 -0.2718 0.0869
vn 0.9296 -0.3575 0.0893
vn 0.8766 -0.4733 0.0875
vn 0.8361 -0.5417 0.0862
vn 0.7792 -0.6212 0.0831
vn 0.7146 -0.6953 0.0765
vn 0.6290 -0.7745 0.0671
vn 0.5208 -0.8519 0.0543
vn 0.4053 -0.9134 0.0381
vn 0.2792 -0.9601 0.0130
vn 0.1615 -0.9868 -0.0100
vn 0.0362 -0.9990 -0.0253
vn -0.0997 -0.9944 -0.0355
vn -0.2368 -0.9709 -0.0344
vn -0.3823 -0.9238 -0.0223
vn -0.6208 -0.7840 -0.0032
vn -0.9299 -0.3677 -0.0038
vn -0.9815 0.1907 -0.0186
vn -0.7787 0.6270 -0.0224
vn -0.5990 0.8000 -0.0339
vn -0.4799 0.8764 -0.0401
vn -0.3729 0.9268 -0.0450
vn -0.2918 0.9551 -0.0507
vn -0.2191 0.9740 -0.0568
vn -0.1513 0.9864 -0.0639
vn -0.0656 0.9954 -0.0697
vn 0.0086 0.9972 -0.0747
vn 0.0848 0.9934 -0.0776
vn 0.1414 0.9868 -0.0785
vn 0.2006 0.9767 -0.0764
vn 0.2815 0.9571 -0.0688
vn 0.3786 0.9239 -0.0555
vn 0.4877 0.8721 -0.0391
vn 0.6168 0.7870 -0.0159
vn 0.7373 0.6755 0.0089
vn 0.8223 0.5687 -0.0200
vn 0.6893 0.7234 -0.0392
vn 0.5481 0.8343 -0.0593
vn 0.4213 0.9039 -0.0743
vn 0.3044 0.9486 -0.0863
vn 0.2038 0.9745 -0.0942
vn 0.1245 0.9874 -0.0980
vn 0.0543 0.9936 -0.0988
vn -0.0294 0.9948 -0.0978
vn -0.1113 0.9892 -0.0955
vn -0.2020 0.9749 -0.0932
vn -0.2646 0.9602 -0.0892
vn -0.3301 0.9400 -0.0859
vn -0.4044 0.9107 -0.0838
vn -0.5029 0.8603 -0.0841
vn -0.6236 0.7769 -0.0862
vn -0.7967 0.5977 -0.0894
vn -0.9807 0.1733 -0.0901
vn -0.9367 -0.3419 -0.0752
vn -0.6914 -0.7178 -0.0819
vn -0.4404 -0.8936 -0.0865
vn -0.2669 -0.9599 -0.0863
vn -0.1030 -0.9916 -0.0788
vn 0.0571 -0.9963 -0.0638
vn 0.1975 -0.9791 -0.0480
vn 0.3304 -0.9434 -0.0291
vn 0.4516 -0.8922 -0.0097
vn 0.5602 -0.8284 0.0054
vn 0.6595 -0.7515 0.0189
vn 0.7322 -0.6805 0.0284
vn 0.7815 -0.6230 0.0343
vn 0.8283 -0.5590 0.0372
vn 0.8699 -0.4915 0.0403
vn 0.9154 -0.4003 0.0427
vn 0.9472 -0.3178 0.0435
vn 0.9799 -0.1950 0.0419
vn 0.9990 -0.0269 0.0345
vn 0.9814 0.1907 0.0206
vn 0.9321 0.3623 0.0023
vt 0.000000 0.000000
s 1
f 93/1/93 1766/1/1766 5015/1/5014 1763/1/1763
f 1766/1/1766 46/1/46 1716/1/1716 5015/1/5014
f 5015/1/5014 1716/1/1716 45/1/45 1767/1/1767
f 1763/1/1763 5015/1/5014 1767/1/1767 92/1/92
f 92/1/92 1767/1/1767 5016/1/5015 1762/1/1762
f 1767/1/1767 45/1/45 1715/1/1715 5016/1/5015
f 5016/1/5015 1715/1/1715 44/1/44 1768/1/1768
f 1762/1/1762 5016/1/5015 1768/1/1768 91/1/91
f 91/1/91 1768/1/1768 5017/1/5016 1761/1/1761
f 1768/1/1768 44/1/44 1714/1/1714 5017/1/5016
f 5017/1/5016 1714/1/1714 43/1/43 1769/1/1769
f 1761/1/1761 5017/1/5016 1769/1/1769 90/1/90
f 90/1/90 1769/1/1769 5018/1/5017 1760/1/1760
f 1769/1/1769 43/1/43 1713/1/1713 5018/1/5017
f 5018/1/5017 1713/1/1713 42/1/42 1770/1/1770
f 1760/1/1760 5018/1/5017 1770/1/1770 89/1/89
f 89/1/89 1770/1/1770 5019/1/5018 1759/1/1759
f 1770/1/1770 42/1/42 1712/1/1712 5019/1/5018
f 5019/1/5018 1712/1/1712 41/1/41 1771/1/1771
f 1759/1/1759 5019/1/5018 1771/1/1771 88/1/88
f 88/1/88 1771/1/1771 5020/1/5019 1758/1/1758
f 1771/1/1771 41/1/41 1711/1/1711 5020/1/5019
f 5020/1/5019 1711/1/1711 40/1/40 1772/1/1772
f 1758/1/1758 5020/1/5019 1772/1/1772 87/1/87
f 87/1/87 1772/1/1772 5021/1/5020 1757/1/1757
f 1772/1/1772 40/1/40 1710/1/1710 5021/1/5020
f 5021/1/5020 1710/1/1710 39/1/39 1773/1/1773
f 1757/1/1757 5021/1/5020 1773/1/1773 86/1/86
f 86/1/86 1773/1/1773 5022/1/5021 1756/1/1756
f 1773/1/1773 39/1/39 1709/1/1709 5022/1/5021
f 5022/1/5021 1709/1/1709 38/1/38 1774/1/1774
f 1756/1/1756 5022/1/5021 1774/1/1774 85/1/85
f 85/1/85 1774/1/1774 5023/1/5022 1755/1/1755
f 1774/1/1774 38/1/38 1708/1/1708 5023/1/5022
f 5023/1/5022 1708/1/1708 37/1/37 1775/1/1775
f 1755/1/1755 5023/1/5022 1775/1/1775 84/1/84
f 84/1/84 1775/1/1775 5024/1/5023 1754/1/1754
f 1775/1/1775 37/1/37 1707/1/1707 5024/1/5023
f 5024/1/5023 1707/1/1707 36/1/36 1776/1/1776
f 1754/1/1754 5024/1/5023 1776/1/1776 83/1/83
f 83/1/83 1776/1/1776 5025/1/5024 1753/1/1753
f 1776/1/1776 36/1/36 1706/1/1706 5025/1/5024
f 5025/1/5024 1706/1/1706 35/1/35 1777/1/1777
f 1753/1/1753 5025/1/5024 1777/1/1777 82/1/82
f 82/1/82 1777/1/1777 5026/1/5025 1752/1/1752
f 1777/1/1777 35/1/35 1705/1/1705 5026/1/5025
f 5026/1/5025 1705/1/1705 34/1/34 1778/1/1778
f 1752/1/1752 5026/1/5025 1778/1/1778 81/1/81
f 81/1/81 1778/1/1778 5027/1/5026 1751/1/1751
f 1778/1/1778 34/1/34 1704/1/1704 5027/1/5026
f 5027/1/5026 1704/1/1704 33/1/33 1779/1/1779
f 1751/1/1751 5027/1/5026 1779/1/1779 80/1/80
f 80/1/80 1779/1/1779 5028/1/5027 1750/1/1750
f 1779/1/1779 33/1/33 1703/1/1703 5028/1/5027
f 5028/1/5027 1703/1/1703 32/1/32 1780/1/1780
f 1750/1/1750 5028/1/5027 1780/1/1780 79/1/79
f 79/1/79 1780/1/1780 5029/1/5028 1749/1/1749
f 1780/1/1780 32/1/32 1702/1/1702 5029/1/5028
f 5029/1/5028 1702/1/1702 31/1/31 1781/1/1781
f 1749/1/1749 5029/1/5028 1781/1/1781 78/1/78
f 78/1/78 1781/1/1781 5030/1/5029 1748/1/1748
f 1781/1/1781 31/1/31 1701/1/1701 5030/1/5029
f 5030/1/5029 1701/1/1701 30/1/30 1782/1/1782
f 1748/1/1748 5030/1/5029 1782/1/1782 77/1/77
f 77/1/77 1782/1/1782 5031/1/5030 1747/1/1747
f 1782/1/1782 30/1/30 1700/1/1700 5031/1/5030
f 5031/1/5030 1700/1/1700 29/1/29 1783/1/1783
f 1747/1/1747 5031/1/5030 1783/1/1783 76/1/76
f 76/1/76 1783/1/1783 5032/1/5031 1746/1/1746
f 1783/1/1783 29/1/29 1699/1/1699 5032/1/5031
f 5032/1/5031 1699/1/1699 28/1/28 1784/1/1784
f 1746/1/1746 5032/1/5031 1784/1/1784 75/1/75
f 75/1/75 1784/1/1784 5033/1/5032 1745/1/1745
f 1784/1/1784 28/1/28 1698/1/1698 5033/1/5032
f 5033/1/5032 1698/1/1698 27/1/27 1785/1/1785
f 1745/1/1745 5033/1/5032 1785/1/1785 74/1/74
f 74/1/74 1785/1/1785 5034/1/5033 1744/1/1744
f 1785/1/1785 27/1/27 1697/1/1697 5034/1/5033
f 5034/1/5033 1697/1/1697 26/1/26 1786/1/1786
f 1744/1/1744 5034/1/5033 1786/1/1786 73/1/73
f 73/1/73 1786/1/1786 5035/1/5034 1743/1/1743
f 1786/1/1786 26/1/26 1696/1/1696 5035/1/5034
f 5035/1/5034 1696/1/1696 25/1/25 1787/1/1787
f 1743/1/1743 5035/1/5034 1787/1/1787 72/1/72
f 228/1/228 2055/1/2055 5036/1/5035 2054/1/2054
f 2055/1/2055 227/1/227 2053/1/2053 5036/1/5035
f 5036/1/5035 2053/1/2053 24/1/24 1788/1/1788
f 2054/1/2054 5036/1/5035 1788/1/1788 71/1/71
f 71/1/71 1788/1/1788 5037/1/5036 1741/1/1741
f 1788/1/1788 24/1/24 1694/1/1694 5037/1/5036
f 5037/1/5036 1694/1/1694 23/1/23 1789/1/1789
f 1741/1/1741 5037/1/5036 1789/1/1789 70/1/70
f 70/1/70 1789/1/1789 5038/1/5037 1740/1/1740
f 1789/1/1789 23/1/23 1693/1/1693 5038/1/5037
f 5038/1/5037 1693/1/1693 22/1/22 1790/1/1790
f 1740/1/1740 5038/1/5037 1790/1/1790 69/1/69
f 69/1/69 1790/1/1790 5039/1/5038 1739/1/1739
f 1790/1/1790 22/1/22 1692/1/1692 5039/1/5038
f 5039/1/5038 1692/1/1692 21/1/21 1791/1/1791
f 1739/1/1739 5039/1/5038 1791/1/1791 68/1/68
f 68/1/68 1791/1/1791 5040/1/5039 1738/1/1738
f 1791/1/1791 21/1/21 1691/1/1691 5040/1/5039
f 5040/1/5039 1691/1/1691 20/1/20 1792/1/1792
f 1738/1/1738 5040/1/5039 1792/1/1792 67/1/67
f 67/1/67 1792/1/1792 5041/1/5040 1737/1/1737
f 1792/1/1792 20/1/20 1690/1/1690 5041/1/5040
f 5041/1/5040 1690/1/1690 19/1/19 1793/1/1793
f 1737/1/1737 5041/1/5040 1793/1/1793 66/1/66
f 66/1/66 1793/1/1793 5042/1/5041 1736/1/1736
f 1793/1/1793 19/1/19 1689/1/1689 5042/1/5041
f 5042/1/5041 1689/1/1689 18/1/18 1794/1/1794
f 1736/1/1736 5042/1/5041 1794/1/1794 65/1/65
f 65/1/65 1794/1/1794 5043/1/5042 1735/1/1735
f 1794/1/1794 18/1/18 1688/1/1688 5043/1/5042
f 5043/1/5042 1688/1/1688 17/1/17 1795/1/1795
f 1735/1/1735 5043/1/5042 1795/1/1795 64/1/64
f 64/1/64 1795/1/1795 5044/1/5043 1734/1/1734
f 1795/1/1795 17/1/17 1687/1/1687 5044/1/5043
f 5044/1/5043 1687/1/1687 16/1/16 1796/1/1796
f 1734/1/1734 5044/1/5043 1796/1/1796 63/1/63
f 63/1/63 1796/1/1796 5045/1/5044 1733/1/1733
f 1796/1/1796 16/1/16 1686/1/1686 5045/1/5044
f 5045/1/5044 1686/1/1686 15/1/15 1797/1/1797
f 1733/1/1733 5045/1/5044 1797/1/1797 62/1/62
f 62/1/62 1797/1/1797 5046/1/5045 1732/1/1732
f 1797/1/1797 15/1/15 1685/1/1685 5046/1/5045
f 5046/1/5045 1685/1/1685 14/1/14 1798/1/1798
f 1732/1/1732 5046/1/5045 1798/1/1798 61/1/61
f 61/1/61 1798/1/1798 5047/1/5046 1731/1/1731
f 1798/1/1798 14/1/14 1684/1/1684 5047/1/5046
f 5047/1/5046 1684/1/1684 13/1/13 1799/1/1799
f 1731/1/1731 5047/1/5046 1799/1/1799 60/1/60
f 60/1/60 1799/1/1799 5048/1/5047 1730/1/1730
f 1799/1/1799 13/1/13 1683/1/1683 5048/1/5047
f 5048/1/5047 1683/1/1683 12/1/12 1800/1/1800
f 1730/1/1730 5048/1/5047 1800/1/1800 59/1/59
f 59/1/59 1800/1/1800 5049/1/5048 1729/1/1729
f 1800/1/1800 12/1/12 1682/1/1682 5049/1/5048
f 5049/1/5048 1682/1/1682 11/1/11 1801/1/1801
f 1729/1/1729 5049/1/5048 1801/1/1801 58/1/58
f 58/1/58 1801/1/1801 5050/1/5049 1728/1/1728
f 1801/1/1801 11/1/11 1681/1/1681 5050/1/5049
f 5050/1/5049 1681/1/1681 10/1/10 1802/1/1802
f 1728/1/1728 5050/1/5049 1802/1/1802 57/1/57
f 57/1/57 1802/1/1802 5051/1/5050 1727/1/1727
f 1802/1/1802 10/1/10 1680/1/1680 5051/1/5050
f 5051/1/5050 1680/1/1680 9/1/9 1803/1/1803
f 1727/1/1727 5051/1/5050 1803/1/1803 56/1/56
f 56/1/56 1803/1/1803 5052/1/5051 1726/1/1726
f 1803/1/1803 9/1/9 1679/1/1679 5052/1/5051
f 5052/1/5051 1679/1/1679 8/1/8 1804/1/1804
f 1726/1/1726 5052/1/5051 1804/1/1804 55/1/55
f 55/1/55 1804/1/1804 5053/1/5052 1725/1/1725
f 1804/1/1804 8/1/8 1678/1/1678 5053/1/5052
f 5053/1/5052 1678/1/1678 7/1/7 1805/1/1805
f 1725/1/1725 5053/1/5052 1805/1/1805 54/1/54
f 116/1/116 1849/1/1849 5054/1/5053 1847/1/1847
f 1849/1/1849 120/1/120 1850/1/1850 5054/1/5053
f 5054/1/5053 1850/1/1850 119/1/119 1848/1/1848
f 1847/1/1847 5054/1/5053 1848/1/1848 118/1/118
f 53/1/53 1806/1/1806 5055/1/5054 1723/1/1723
f 1806/1/1806 6/1/6 1676/1/1676 5055/1/5054
f 5055/1/5054 1676/1/1676 5/1/5 1807/1/1807
f 1723/1/1723 5055/1/5054 1807/1/1807 52/1/52
f 52/1/52 1807/1/1807 5056/1/5055 1722/1/1722
f 1807/1/1807 5/1/5 1672/1/1672 5056/1/5055
f 5056/1/5055 1672/1/1672 1/1/1 1808/1/1808
f 1722/1/1722 5056/1/5055 1808/1/1808 51/1/51
f 156/1/156 1921/1/1921 5057/1/5056 1899/1/1899
f 1921/1/1921 155/1/155 1898/1/1898 5057/1/5056
f 5057/1/5056 1898/1/1898 2/1/2 1809/1/1809
f 1899/1/1899 5057/1/5056 1809/1/1809 50/1/50
f 50/1/50 1809/1/1809 5058/1/5057 1720/1/1720
f 1809/1/1809 2/1/2 1674/1/1674 5058/1/5057
f 5058/1/5057 1674/1/1674 3/1/3 1810/1/1810
f 1720/1/1720 5058/1/5057 1810/1/1810 49/1/49
f 49/1/49 1810/1/1810 5059/1/5058 1719/1/1719
f 1810/1/1810 3/1/3 1675/1/1675 5059/1/5058
f 5059/1/5058 1675/1/1675 4/1/4 1811/1/1811
f 1719/1/1719 5059/1/5058 1811/1/1811 48/1/48
f 47/1/47 1812/1/1812 5060/1/5059 1718/1/1718
f 1812/1/1812 94/1/94 1765/1/1765 5060/1/5059
f 5060/1/5059 1765/1/1765 48/1/48 1811/1/1811
f 1718/1/1718 5060/1/5059 1811/1/1811 4/1/4
f 47/1/47 1717/1/1717 5061/1/5060 1812/1/1812
f 1717/1/1717 46/1/46 1766/1/1766 5061/1/5060
f 5061/1/5060 1766/1/1766 93/1/93 1764/1/1764
f 1812/1/1812 5061/1/5060 1764/1/1764 94/1/94
f 156/1/156 1920/1/1920 5062/1/5061 1721/1/1721
f 1920/1/1920 157/1/157 1813/1/1813 5062/1/5061
f 5062/1/5061 1813/1/1813 96/1/96 1815/1/1815
f 1721/1/1721 5062/1/5061 1815/1/1815 51/1/51
f 157/1/157 1919/1/1919 5063/1/5062 1813/1/1813
f 1919/1/1919 158/1/158 1816/1/1816 5063/1/5062
f 5063/1/5062 1816/1/1816 98/1/98 1818/1/1818
f 1813/1/1813 5063/1/5062 1818/1/1818 96/1/96
f 262/1/262 1918/1/1918 5064/1/5063 2137/1/2137
f 1918/1/1918 159/1/159 1819/1/1819 5064/1/5063
f 5064/1/5063 1819/1/1819 100/1/100 1820/1/1820
f 2137/1/2137 5064/1/5063 1820/1/1820 263/1/263
f 160/1/160 1903/1/1903 5065/1/5064 1917/1/1917
f 1903/1/1903 101/1/101 1821/1/1821 5065/1/5064
f 5065/1/5064 1821/1/1821 100/1/100 1819/1/1819
f 1917/1/1917 5065/1/5064 1819/1/1819 159/1/159
f 160/1/160 1916/1/1916 5066/1/5065 1903/1/1903
f 1916/1/1916 161/1/161 1904/1/1904 5066/1/5065
f 5066/1/5065 1904/1/1904 103/1/103 1825/1/1825
f 1903/1/1903 5066/1/5065 1825/1/1825 101/1/101
f 162/1/162 1905/1/1905 5067/1/5066 1915/1/1915
f 1905/1/1905 109/1/109 1831/1/1831 5067/1/5066
f 5067/1/5066 1831/1/1831 108/1/108 1838/1/1838
f 1915/1/1915 5067/1/5066 1838/1/1838 163/1/163
f 163/1/163 1838/1/1838 5068/1/5067 1914/1/1914
f 1838/1/1838 108/1/108 1830/1/1830 5068/1/5067
f 5068/1/5067 1830/1/1830 107/1/107 1839/1/1839
f 1914/1/1914 5068/1/5067 1839/1/1839 164/1/164
f 164/1/164 1839/1/1839 5069/1/5068 1913/1/1913
f 1839/1/1839 107/1/107 1829/1/1829 5069/1/5068
f 5069/1/5068 1829/1/1829 106/1/106 1840/1/1840
f 1913/1/1913 5069/1/5068 1840/1/1840 165/1/165
f 165/1/165 1840/1/1840 5070/1/5069 1912/1/1912
f 1840/1/1840 106/1/106 1828/1/1828 5070/1/5069
f 5070/1/5069 1828/1/1828 105/1/105 1841/1/1841
f 1912/1/1912 5070/1/5069 1841/1/1841 166/1/166
f 161/1/161 1824/1/1824 5071/1/5070 1911/1/1911
f 1824/1/1824 104/1/104 1832/1/1832 5071/1/5070
f 5071/1/5070 1832/1/1832 110/1/110 1909/1/1909
f 1911/1/1911 5071/1/5070 1909/1/1909 166/1/166
f 116/1/116 1847/1/1847 5072/1/5071 1843/1/1843
f 1847/1/1847 118/1/118 1845/1/1845 5072/1/5071
f 5072/1/5071 1845/1/1845 117/1/117 1846/1/1846
f 1843/1/1843 5072/1/5071 1846/1/1846 115/1/115
f 263/1/263 1820/1/1820 5073/1/5072 2139/1/2139
f 100/1/100 1842/1/1842 5073/1/5072 1820/1/1820
f 115/1/115 2139/1/2139 5073/1/5072 1842/1/1842
f 118/1/118 1848/1/1848 5074/1/5073 1879/1/1879
f 1848/1/1848 119/1/119 1883/1/1883 5074/1/5073
f 5074/1/5073 1883/1/1883 141/1/141 1884/1/1884
f 1879/1/1879 5074/1/5073 1884/1/1884 140/1/140
f 120/1/120 1852/1/1852 5075/1/5074 1850/1/1850
f 1852/1/1852 122/1/122 1853/1/1853 5075/1/5074
f 5075/1/5074 1853/1/1853 121/1/121 1851/1/1851
f 1850/1/1850 5075/1/5074 1851/1/1851 119/1/119
f 122/1/122 1855/1/1855 5076/1/5075 1853/1/1853
f 1855/1/1855 124/1/124 1856/1/1856 5076/1/5075
f 5076/1/5075 1856/1/1856 123/1/123 1854/1/1854
f 1853/1/1853 5076/1/5075 1854/1/1854 121/1/121
f 126/1/126 1858/1/1858 5077/1/5076 1859/1/1859
f 1858/1/1858 123/1/123 1856/1/1856 5077/1/5076
f 5077/1/5076 1856/1/1856 124/1/124 1857/1/1857
f 1859/1/1859 5077/1/5076 1857/1/1857 125/1/125
f 128/1/128 1862/1/1862 5078/1/5077 1861/1/1861
f 1862/1/1862 127/1/127 1860/1/1860 5078/1/5077
f 5078/1/5077 1860/1/1860 126/1/126 1859/1/1859
f 1861/1/1861 5078/1/5077 1859/1/1859 125/1/125
f 130/1/130 1864/1/1864 5079/1/5078 1865/1/1865
f 1864/1/1864 127/1/127 1862/1/1862 5079/1/5078
f 5079/1/5078 1862/1/1862 128/1/128 1863/1/1863
f 1865/1/1865 5079/1/5078 1863/1/1863 129/1/129
f 132/1/132 1868/1/1868 5080/1/5079 1867/1/1867
f 1868/1/1868 131/1/131 1866/1/1866 5080/1/5079
f 5080/1/5079 1866/1/1866 130/1/130 1865/1/1865
f 1867/1/1867 5080/1/5079 1865/1/1865 129/1/129
f 149/1/149 1891/1/1891 5081/1/5080 1892/1/1892
f 1891/1/1891 131/1/131 1868/1/1868 5081/1/5080
f 5081/1/5080 1868/1/1868 132/1/132 1890/1/1890
f 1892/1/1892 5081/1/5080 1890/1/1890 148/1/148
f 139/1/139 1877/1/1877 5082/1/5081 1876/1/1876
f 1877/1/1877 96/1/96 1818/1/1818 5082/1/5081
f 5082/1/5081 1818/1/1818 98/1/98 1844/1/1844
f 1876/1/1876 5082/1/5081 1844/1/1844 117/1/117
f 52/1/52 1722/1/1722 5083/1/5082 1878/1/1878
f 1722/1/1722 51/1/51 1815/1/1815 5083/1/5082
f 5083/1/5082 1815/1/1815 96/1/96 1877/1/1877
f 1878/1/1878 5083/1/5082 1877/1/1877 139/1/139
f 118/1/118 1879/1/1879 5084/1/5083 1845/1/1845
f 1879/1/1879 140/1/140 1880/1/1880 5084/1/5083
f 5084/1/5083 1880/1/1880 139/1/139 1876/1/1876
f 1845/1/1845 5084/1/5083 1876/1/1876 117/1/117
f 53/1/53 1723/1/1723 5085/1/5084 1881/1/1881
f 1723/1/1723 52/1/52 1878/1/1878 5085/1/5084
f 5085/1/5084 1878/1/1878 139/1/139 1880/1/1880
f 1881/1/1881 5085/1/5084 1880/1/1880 140/1/140
f 53/1/53 1881/1/1881 5086/1/5085 1724/1/1724
f 1881/1/1881 140/1/140 1884/1/1884 5086/1/5085
f 5086/1/5085 1884/1/1884 141/1/141 1882/1/1882
f 1724/1/1724 5086/1/5085 1882/1/1882 54/1/54
f 134/1/134 1870/1/1870 5087/1/5086 1871/1/1871
f 1870/1/1870 149/1/149 1892/1/1892 5087/1/5086
f 5087/1/5086 1892/1/1892 148/1/148 1869/1/1869
f 1871/1/1871 5087/1/5086 1869/1/1869 133/1/133
f 231/1/231 2132/1/2132 5088/1/5087 2074/1/2074
f 2132/1/2132 222/1/222 2048/1/2048 5088/1/5087
f 5088/1/5087 2048/1/2048 224/1/224 2133/1/2133
f 2074/1/2074 5088/1/5087 2133/1/2133 230/1/230
f 103/1/103 1904/1/1904 5089/1/5088 1827/1/1827
f 1904/1/1904 161/1/161 1911/1/1911 5089/1/5088
f 5089/1/5088 1911/1/1911 166/1/166 1841/1/1841
f 1827/1/1827 5089/1/5088 1841/1/1841 105/1/105
f 111/1/111 1908/1/1908 5090/1/5089 1833/1/1833
f 1908/1/1908 165/1/165 1912/1/1912 5090/1/5089
f 5090/1/5089 1912/1/1912 166/1/166 1909/1/1909
f 1833/1/1833 5090/1/5089 1909/1/1909 110/1/110
f 112/1/112 1907/1/1907 5091/1/5090 1834/1/1834
f 1907/1/1907 164/1/164 1913/1/1913 5091/1/5090
f 5091/1/5090 1913/1/1913 165/1/165 1908/1/1908
f 1834/1/1834 5091/1/5090 1908/1/1908 111/1/111
f 113/1/113 1906/1/1906 5092/1/5091 1835/1/1835
f 1906/1/1906 163/1/163 1914/1/1914 5092/1/5091
f 5092/1/5091 1914/1/1914 164/1/164 1907/1/1907
f 1835/1/1835 5092/1/5091 1907/1/1907 112/1/112
f 114/1/114 1837/1/1837 5093/1/5092 1836/1/1836
f 1837/1/1837 162/1/162 1915/1/1915 5093/1/5092
f 5093/1/5092 1915/1/1915 163/1/163 1906/1/1906
f 1836/1/1836 5093/1/5092 1906/1/1906 113/1/113
f 102/1/102 1826/1/1826 5094/1/5093 1823/1/1823
f 1826/1/1826 104/1/104 1824/1/1824 5094/1/5093
f 5094/1/5093 1824/1/1824 161/1/161 1916/1/1916
f 1823/1/1823 5094/1/5093 1916/1/1916 160/1/160
f 102/1/102 1823/1/1823 5095/1/5094 1822/1/1822
f 1823/1/1823 160/1/160 1917/1/1917 5095/1/5094
f 5095/1/5094 1917/1/1917 159/1/159 1902/1/1902
f 1822/1/1822 5095/1/5094 1902/1/1902 99/1/99
f 261/1/261 2134/1/2134 5096/1/5095 2138/1/2138
f 2134/1/2134 99/1/99 1902/1/1902 5096/1/5095
f 5096/1/5095 1902/1/1902 159/1/159 1918/1/1918
f 2138/1/2138 5096/1/5095 1918/1/1918 262/1/262
f 95/1/95 1817/1/1817 5097/1/5096 1900/1/1900
f 1817/1/1817 97/1/97 1901/1/1901 5097/1/5096
f 5097/1/5096 1901/1/1901 158/1/158 1919/1/1919
f 1900/1/1900 5097/1/5096 1919/1/1919 157/1/157
f 50/1/50 1814/1/1814 5098/1/5097 1899/1/1899
f 1814/1/1814 95/1/95 1900/1/1900 5098/1/5097
f 5098/1/5097 1900/1/1900 157/1/157 1920/1/1920
f 1899/1/1899 5098/1/5097 1920/1/1920 156/1/156
f 51/1/51 1808/1/1808 5099/1/5098 1721/1/1721
f 1808/1/1808 1/1/1 1673/1/1673 5099/1/5098
f 5099/1/5098 1673/1/1673 155/1/155 1921/1/1921
f 1721/1/1721 5099/1/5098 1921/1/1921 156/1/156
f 168/1/168 1922/1/1922 5100/1/5099 1924/1/1924
f 1922/1/1922 154/1/154 1925/1/1925 5100/1/5099
f 5100/1/5099 1925/1/1925 167/1/167 1874/1/1874
f 1924/1/1924 5100/1/5099 1874/1/1874 138/1/138
f 154/1/154 1897/1/1897 5101/1/5100 1925/1/1925
f 1897/1/1897 153/1/153 1926/1/1926 5101/1/5100
f 5101/1/5100 1926/1/1926 137/1/137 1910/1/1910
f 1925/1/1925 5101/1/5100 1910/1/1910 167/1/167
f 153/1/153 1896/1/1896 5102/1/5101 1926/1/1926
f 1896/1/1896 152/1/152 1927/1/1927 5102/1/5101
f 5102/1/5101 1927/1/1927 135/1/135 1873/1/1873
f 1926/1/1926 5102/1/5101 1873/1/1873 137/1/137
f 152/1/152 1895/1/1895 5103/1/5102 1927/1/1927
f 1895/1/1895 151/1/151 1928/1/1928 5103/1/5102
f 5103/1/5102 1928/1/1928 134/1/134 1872/1/1872
f 1927/1/1927 5103/1/5102 1872/1/1872 135/1/135
f 151/1/151 1894/1/1894 5104/1/5103 1928/1/1928
f 1894/1/1894 150/1/150 1929/1/1929 5104/1/5103
f 5104/1/5103 1929/1/1929 149/1/149 1870/1/1870
f 1928/1/1928 5104/1/5103 1870/1/1870 134/1/134
f 150/1/150 1893/1/1893 5105/1/5104 1929/1/1929
f 1893/1/1893 147/1/147 1930/1/1930 5105/1/5104
f 5105/1/5104 1930/1/1930 131/1/131 1891/1/1891
f 1929/1/1929 5105/1/5104 1891/1/1891 149/1/149
f 147/1/147 1889/1/1889 5106/1/5105 1930/1/1930
f 1889/1/1889 146/1/146 1931/1/1931 5106/1/5105
f 5106/1/5105 1931/1/1931 130/1/130 1866/1/1866
f 1930/1/1930 5106/1/5105 1866/1/1866 131/1/131
f 146/1/146 1888/1/1888 5107/1/5106 1931/1/1931
f 1888/1/1888 145/1/145 1932/1/1932 5107/1/5106
f 5107/1/5106 1932/1/1932 127/1/127 1864/1/1864
f 1931/1/1931 5107/1/5106 1864/1/1864 130/1/130
f 145/1/145 1923/1/1923 5108/1/5107 1932/1/1932
f 1923/1/1923 144/1/144 1933/1/1933 5108/1/5107
f 5108/1/5107 1933/1/1933 126/1/126 1860/1/1860
f 1932/1/1932 5108/1/5107 1860/1/1860 127/1/127
f 144/1/144 1887/1/1887 5109/1/5108 1933/1/1933
f 1887/1/1887 143/1/143 1934/1/1934 5109/1/5108
f 5109/1/5108 1934/1/1934 123/1/123 1858/1/1858
f 1933/1/1933 5109/1/5108 1858/1/1858 126/1/126
f 143/1/143 1886/1/1886 5110/1/5109 1934/1/1934
f 1886/1/1886 142/1/142 1935/1/1935 5110/1/5109
f 5110/1/5109 1935/1/1935 121/1/121 1854/1/1854
f 1934/1/1934 5110/1/5109 1854/1/1854 123/1/123
f 121/1/121 1935/1/1935 5111/1/5110 1851/1/1851
f 1935/1/1935 142/1/142 1885/1/1885 5111/1/5110
f 5111/1/5110 1885/1/1885 141/1/141 1883/1/1883
f 1851/1/1851 5111/1/5110 1883/1/1883 119/1/119
f 168/1/168 1936/1/1936 5112/1/5111 1922/1/1922
f 1936/1/1936 66/1/66 1736/1/1736 5112/1/5111
f 5112/1/5111 1736/1/1736 65/1/65 1937/1/1937
f 1922/1/1922 5112/1/5111 1937/1/1937 154/1/154
f 154/1/154 1937/1/1937 5113/1/5112 1897/1/1897
f 1937/1/1937 65/1/65 1735/1/1735 5113/1/5112
f 5113/1/5112 1735/1/1735 64/1/64 1938/1/1938
f 1897/1/1897 5113/1/5112 1938/1/1938 153/1/153
f 153/1/153 1938/1/1938 5114/1/5113 1896/1/1896
f 1938/1/1938 64/1/64 1734/1/1734 5114/1/5113
f 5114/1/5113 1734/1/1734 63/1/63 1939/1/1939
f 1896/1/1896 5114/1/5113 1939/1/1939 152/1/152
f 152/1/152 1939/1/1939 5115/1/5114 1895/1/1895
f 1939/1/1939 63/1/63 1733/1/1733 5115/1/5114
f 5115/1/5114 1733/1/1733 62/1/62 1940/1/1940
f 1895/1/1895 5115/1/5114 1940/1/1940 151/1/151
f 151/1/151 1940/1/1940 5116/1/5115 1894/1/1894
f 1940/1/1940 62/1/62 1732/1/1732 5116/1/5115
f 5116/1/5115 1732/1/1732 61/1/61 1941/1/1941
f 1894/1/1894 5116/1/5115 1941/1/1941 150/1/150
f 150/1/150 1941/1/1941 5117/1/5116 1893/1/1893
f 1941/1/1941 61/1/61 1731/1/1731 5117/1/5116
f 5117/1/5116 1731/1/1731 60/1/60 1942/1/1942
f 1893/1/1893 5117/1/5116 1942/1/1942 147/1/147
f 147/1/147 1942/1/1942 5118/1/5117 1889/1/1889
f 1942/1/1942 60/1/60 1730/1/1730 5118/1/5117
f 5118/1/5117 1730/1/1730 59/1/59 1943/1/1943
f 1889/1/1889 5118/1/5117 1943/1/1943 146/1/146
f 146/1/146 1943/1/1943 5119/1/5118 1888/1/1888
f 1943/1/1943 59/1/59 1729/1/1729 5119/1/5118
f 5119/1/5118 1729/1/1729 58/1/58 1944/1/1944
f 1888/1/1888 5119/1/5118 1944/1/1944 145/1/145
f 145/1/145 1944/1/1944 5120/1/5119 1923/1/1923
f 1944/1/1944 58/1/58 1728/1/1728 5120/1/5119
f 5120/1/5119 1728/1/1728 57/1/57 1945/1/1945
f 1923/1/1923 5120/1/5119 1945/1/1945 144/1/144
f 144/1/144 1945/1/1945 5121/1/5120 1887/1/1887
f 1945/1/1945 57/1/57 1727/1/1727 5121/1/5120
f 5121/1/5120 1727/1/1727 56/1/56 1946/1/1946
f 1887/1/1887 5121/1/5120 1946/1/1946 143/1/143
f 143/1/143 1946/1/1946 5122/1/5121 1886/1/1886
f 1946/1/1946 56/1/56 1726/1/1726 5122/1/5121
f 5122/1/5121 1726/1/1726 55/1/55 1947/1/1947
f 1886/1/1886 5122/1/5121 1947/1/1947 142/1/142
f 55/1/55 1725/1/1725 5123/1/5122 1947/1/1947
f 1725/1/1725 54/1/54 1882/1/1882 5123/1/5122
f 5123/1/5122 1882/1/1882 141/1/141 1885/1/1885
f 1947/1/1947 5123/1/5122 1885/1/1885 142/1/142
f 95/1/95 1949/1/1949 5124/1/5123 1817/1/1817
f 1949/1/1949 170/1/170 1950/1/1950 5124/1/5123
f 5124/1/5123 1950/1/1950 169/1/169 1948/1/1948
f 1817/1/1817 5124/1/5123 1948/1/1948 97/1/97
f 170/1/170 1951/1/1951 5125/1/5124 1950/1/1950
f 1951/1/1951 171/1/171 1953/1/1953 5125/1/5124
f 5125/1/5124 1953/1/1953 172/1/172 1952/1/1952
f 1950/1/1950 5125/1/5124 1952/1/1952 169/1/169
f 171/1/171 1955/1/1955 5126/1/5125 1953/1/1953
f 1955/1/1955 174/1/174 1956/1/1956 5126/1/5125
f 5126/1/5125 1956/1/1956 173/1/173 1954/1/1954
f 1953/1/1953 5126/1/5125 1954/1/1954 172/1/172
f 170/1/170 1959/1/1959 5127/1/5126 1951/1/1951
f 1959/1/1959 49/1/49 1719/1/1719 5127/1/5126
f 5127/1/5126 1719/1/1719 48/1/48 1958/1/1958
f 1951/1/1951 5127/1/5126 1958/1/1958 171/1/171
f 171/1/171 1958/1/1958 5128/1/5127 1955/1/1955
f 1958/1/1958 48/1/48 1765/1/1765 5128/1/5127
f 5128/1/5127 1765/1/1765 94/1/94 1963/1/1963
f 1955/1/1955 5128/1/5127 1963/1/1963 174/1/174
f 180/1/180 1965/1/1965 5129/1/5128 1966/1/1966
f 1965/1/1965 176/1/176 1962/1/1962 5129/1/5128
f 5129/1/5128 1962/1/1962 178/1/178 1964/1/1964
f 1966/1/1966 5129/1/5128 1964/1/1964 179/1/179
f 180/1/180 1966/1/1966 5130/1/5129 1968/1/1968
f 1966/1/1966 179/1/179 1967/1/1967 5130/1/5129
f 5130/1/5129 1967/1/1967 181/1/181 1969/1/1969
f 1968/1/1968 5130/1/5129 1969/1/1969 182/1/182
f 185/1/185 1972/1/1972 5131/1/5130 1980/1/1980
f 1972/1/1972 184/1/184 1979/1/1979 5131/1/5130
f 5131/1/5130 1979/1/1979 189/1/189 1978/1/1978
f 1980/1/1980 5131/1/5130 1978/1/1978 190/1/190
f 184/1/184 1971/1/1971 5132/1/5131 1979/1/1979
f 1971/1/1971 183/1/183 1981/1/1981 5132/1/5131
f 5132/1/5131 1981/1/1981 188/1/188 1977/1/1977
f 1979/1/1979 5132/1/5131 1977/1/1977 189/1/189
f 266/1/266 2111/1/2111 5133/1/5132 2150/1/2150
f 2111/1/2111 251/1/251 2095/1/2095 5133/1/5132
f 5133/1/5132 2095/1/2095 252/1/252 2112/1/2112
f 2150/1/2150 5133/1/5132 2112/1/2112 267/1/267
f 174/1/174 1963/1/1963 5134/1/5133 1957/1/1957
f 1963/1/1963 94/1/94 1764/1/1764 5134/1/5133
f 5134/1/5133 1764/1/1764 93/1/93 1974/1/1974
f 1957/1/1957 5134/1/5133 1974/1/1974 175/1/175
f 183/1/183 2113/1/2113 5135/1/5134 2151/1/2151
f 2113/1/2113 250/1/250 2094/1/2094 5135/1/5134
f 5135/1/5134 2094/1/2094 251/1/251 2111/1/2111
f 2151/1/2151 5135/1/5134 2111/1/2111 266/1/266
f 175/1/175 1974/1/1974 5136/1/5135 1960/1/1960
f 1974/1/1974 93/1/93 1763/1/1763 5136/1/5135
f 5136/1/5135 1763/1/1763 92/1/92 1970/1/1970
f 1960/1/1960 5136/1/5135 1970/1/1970 177/1/177
f 177/1/177 1970/1/1970 5137/1/5136 1961/1/1961
f 1970/1/1970 92/1/92 1762/1/1762 5137/1/5136
f 5137/1/5136 1762/1/1762 91/1/91 1982/1/1982
f 1961/1/1961 5137/1/5136 1982/1/1982 178/1/178
f 178/1/178 1982/1/1982 5138/1/5137 1964/1/1964
f 1982/1/1982 91/1/91 1761/1/1761 5138/1/5137
f 5138/1/5137 1761/1/1761 90/1/90 1983/1/1983
f 1964/1/1964 5138/1/5137 1983/1/1983 179/1/179
f 179/1/179 1983/1/1983 5139/1/5138 1967/1/1967
f 1983/1/1983 90/1/90 1760/1/1760 5139/1/5138
f 5139/1/5138 1760/1/1760 89/1/89 1984/1/1984
f 1967/1/1967 5139/1/5138 1984/1/1984 181/1/181
f 181/1/181 1984/1/1984 5140/1/5139 1973/1/1973
f 1984/1/1984 89/1/89 1759/1/1759 5140/1/5139
f 5140/1/5139 1759/1/1759 88/1/88 1985/1/1985
f 1973/1/1973 5140/1/5139 1985/1/1985 186/1/186
f 186/1/186 1985/1/1985 5141/1/5140 1975/1/1975
f 1985/1/1985 88/1/88 1758/1/1758 5141/1/5140
f 5141/1/5140 1758/1/1758 87/1/87 1986/1/1986
f 1975/1/1975 5141/1/5140 1986/1/1986 187/1/187
f 187/1/187 1986/1/1986 5142/1/5141 1976/1/1976
f 1986/1/1986 87/1/87 1757/1/1757 5142/1/5141
f 5142/1/5141 1757/1/1757 86/1/86 1987/1/1987
f 1976/1/1976 5142/1/5141 1987/1/1987 188/1/188
f 188/1/188 1987/1/1987 5143/1/5142 1977/1/1977
f 1987/1/1987 86/1/86 1756/1/1756 5143/1/5142
f 5143/1/5142 1756/1/1756 85/1/85 1988/1/1988
f 1977/1/1977 5143/1/5142 1988/1/1988 189/1/189
f 189/1/189 1988/1/1988 5144/1/5143 1978/1/1978
f 1988/1/1988 85/1/85 1755/1/1755 5144/1/5143
f 5144/1/5143 1755/1/1755 84/1/84 1989/1/1989
f 1978/1/1978 5144/1/5143 1989/1/1989 190/1/190
f 49/1/49 1959/1/1959 5145/1/5144 1720/1/1720
f 1959/1/1959 170/1/170 1949/1/1949 5145/1/5144
f 5145/1/5144 1949/1/1949 95/1/95 1814/1/1814
f 1720/1/1720 5145/1/5144 1814/1/1814 50/1/50
f 190/1/190 1991/1/1991 5146/1/5145 1980/1/1980
f 1991/1/1991 192/1/192 1992/1/1992 5146/1/5145
f 5146/1/5145 1992/1/1992 191/1/191 1990/1/1990
f 1980/1/1980 5146/1/5145 1990/1/1990 185/1/185
f 83/1/83 1993/1/1993 5147/1/5146 1754/1/1754
f 1993/1/1993 192/1/192 1991/1/1991 5147/1/5146
f 5147/1/5146 1991/1/1991 190/1/190 1989/1/1989
f 1754/1/1754 5147/1/5146 1989/1/1989 84/1/84
f 82/1/82 1999/1/1999 5148/1/5147 1753/1/1753
f 1999/1/1999 195/1/195 1997/1/1997 5148/1/5147
f 5148/1/5147 1997/1/1997 192/1/192 1993/1/1993
f 1753/1/1753 5148/1/5147 1993/1/1993 83/1/83
f 81/1/81 2000/1/2000 5149/1/5148 1752/1/1752
f 2000/1/2000 194/1/194 1995/1/1995 5149/1/5148
f 5149/1/5148 1995/1/1995 195/1/195 1999/1/1999
f 1752/1/1752 5149/1/5148 1999/1/1999 82/1/82
f 193/1/193 1996/1/1996 5150/1/5149 2004/1/2004
f 1996/1/1996 194/1/194 2003/1/2003 5150/1/5149
f 5150/1/5149 2003/1/2003 197/1/197 2002/1/2002
f 2004/1/2004 5150/1/5149 2002/1/2002 198/1/198
f 80/1/80 2001/1/2001 5151/1/5150 1751/1/1751
f 2001/1/2001 197/1/197 2003/1/2003 5151/1/5150
f 5151/1/5150 2003/1/2003 194/1/194 2000/1/2000
f 1751/1/1751 5151/1/5150 2000/1/2000 81/1/81
f 198/1/198 2002/1/2002 5152/1/5151 2008/1/2008
f 2002/1/2002 197/1/197 2007/1/2007 5152/1/5151
f 5152/1/5151 2007/1/2007 199/1/199 2006/1/2006
f 2008/1/2008 5152/1/5151 2006/1/2006 200/1/200
f 79/1/79 2005/1/2005 5153/1/5152 1750/1/1750
f 2005/1/2005 199/1/199 2007/1/2007 5153/1/5152
f 5153/1/5152 2007/1/2007 197/1/197 2001/1/2001
f 1750/1/1750 5153/1/5152 2001/1/2001 80/1/80
f 206/1/206 2019/1/2019 5154/1/5153 2027/1/2027
f 2019/1/2019 78/1/78 1748/1/1748 5154/1/5153
f 5154/1/5153 1748/1/1748 77/1/77 2015/1/2015
f 2027/1/2027 5154/1/5153 2015/1/2015 207/1/207
f 207/1/207 2015/1/2015 5155/1/5154 2026/1/2026
f 2015/1/2015 77/1/77 1747/1/1747 5155/1/5154
f 5155/1/5154 1747/1/1747 76/1/76 2016/1/2016
f 2026/1/2026 5155/1/5154 2016/1/2016 208/1/208
f 208/1/208 2016/1/2016 5156/1/5155 2025/1/2025
f 2016/1/2016 76/1/76 1746/1/1746 5156/1/5155
f 5156/1/5155 1746/1/1746 75/1/75 2017/1/2017
f 2025/1/2025 5156/1/5155 2017/1/2017 209/1/209
f 209/1/209 2017/1/2017 5157/1/5156 2024/1/2024
f 2017/1/2017 75/1/75 1745/1/1745 5157/1/5156
f 5157/1/5156 1745/1/1745 74/1/74 2018/1/2018
f 2024/1/2024 5157/1/5156 2018/1/2018 210/1/210
f 204/1/204 2022/1/2022 5158/1/5157 2013/1/2013
f 2022/1/2022 209/1/209 2024/1/2024 5158/1/5157
f 5158/1/5157 2024/1/2024 210/1/210 2023/1/2023
f 2013/1/2013 5158/1/5157 2023/1/2023 205/1/205
f 203/1/203 2021/1/2021 5159/1/5158 2012/1/2012
f 2021/1/2021 208/1/208 2025/1/2025 5159/1/5158
f 5159/1/5158 2025/1/2025 209/1/209 2022/1/2022
f 2012/1/2012 5159/1/5158 2022/1/2022 204/1/204
f 202/1/202 2020/1/2020 5160/1/5159 2011/1/2011
f 2020/1/2020 207/1/207 2026/1/2026 5160/1/5159
f 5160/1/5159 2026/1/2026 208/1/208 2021/1/2021
f 2011/1/2011 5160/1/5159 2021/1/2021 203/1/203
f 201/1/201 2014/1/2014 5161/1/5160 2010/1/2010
f 2014/1/2014 206/1/206 2027/1/2027 5161/1/5160
f 5161/1/5160 2027/1/2027 207/1/207 2020/1/2020
f 2010/1/2010 5161/1/5160 2020/1/2020 202/1/202
f 78/1/78 2019/1/2019 5162/1/5161 1749/1/1749
f 2019/1/2019 206/1/206 2028/1/2028 5162/1/5161
f 5162/1/5161 2028/1/2028 199/1/199 2005/1/2005
f 1749/1/1749 5162/1/5161 2005/1/2005 79/1/79
f 200/1/200 2006/1/2006 5163/1/5162 2009/1/2009
f 2006/1/2006 199/1/199 2028/1/2028 5163/1/5162
f 5163/1/5162 2028/1/2028 206/1/206 2014/1/2014
f 2009/1/2009 5163/1/5162 2014/1/2014 201/1/201
f 210/1/210 2030/1/2030 5164/1/5163 2023/1/2023
f 2030/1/2030 212/1/212 2031/1/2031 5164/1/5163
f 5164/1/5163 2031/1/2031 211/1/211 2029/1/2029
f 2023/1/2023 5164/1/5163 2029/1/2029 205/1/205
f 73/1/73 2032/1/2032 5165/1/5164 1744/1/1744
f 2032/1/2032 212/1/212 2030/1/2030 5165/1/5164
f 5165/1/5164 2030/1/2030 210/1/210 2018/1/2018
f 1744/1/1744 5165/1/5164 2018/1/2018 74/1/74
f 212/1/212 2035/1/2035 5166/1/5165 2031/1/2031
f 2035/1/2035 214/1/214 2033/1/2033 5166/1/5165
f 5166/1/5165 2033/1/2033 213/1/213 2034/1/2034
f 2031/1/2031 5166/1/5165 2034/1/2034 211/1/211
f 191/1/191 1992/1/1992 5167/1/5166 1998/1/1998
f 1992/1/1992 192/1/192 1997/1/1997 5167/1/5166
f 5167/1/5166 1997/1/1997 195/1/195 2049/1/2049
f 1998/1/1998 5167/1/5166 2049/1/2049 196/1/196
f 193/1/193 1994/1/1994 5168/1/5167 1996/1/1996
f 1994/1/1994 196/1/196 2049/1/2049 5168/1/5167
f 5168/1/5167 2049/1/2049 195/1/195 1995/1/1995
f 1996/1/1996 5168/1/5167 1995/1/1995 194/1/194
f 168/1/168 1924/1/1924 5169/1/5168 2047/1/2047
f 1924/1/1924 138/1/138 2045/1/2045 5169/1/5168
f 5169/1/5168 2045/1/2045 224/1/224 2050/1/2050
f 2047/1/2047 5169/1/5168 2050/1/2050 225/1/225
f 67/1/67 1737/1/1737 5170/1/5169 2051/1/2051
f 1737/1/1737 66/1/66 1936/1/1936 5170/1/5169
f 5170/1/5169 1936/1/1936 168/1/168 2047/1/2047
f 2051/1/2051 5170/1/5169 2047/1/2047 225/1/225
f 72/1/72 1787/1/1787 5171/1/5170 1742/1/1742
f 1787/1/1787 25/1/25 1695/1/1695 5171/1/5170
f 5171/1/5170 1695/1/1695 227/1/227 2055/1/2055
f 1742/1/1742 5171/1/5170 2055/1/2055 228/1/228
f 217/1/217 2056/1/2056 5172/1/5171 2043/1/2043
f 2056/1/2056 228/1/228 2054/1/2054 5172/1/5171
f 5172/1/5171 2054/1/2054 71/1/71 2057/1/2057
f 2043/1/2043 5172/1/5171 2057/1/2057 226/1/226
f 226/1/226 2057/1/2057 5173/1/5172 2052/1/2052
f 2057/1/2057 71/1/71 1741/1/1741 5173/1/5172
f 5173/1/5172 1741/1/1741 70/1/70 2058/1/2058
f 2052/1/2052 5173/1/5172 2058/1/2058 219/1/219
f 219/1/219 2058/1/2058 5174/1/5173 2041/1/2041
f 2058/1/2058 70/1/70 1740/1/1740 5174/1/5173
f 5174/1/5173 1740/1/1740 69/1/69 2059/1/2059
f 2041/1/2041 5174/1/5173 2059/1/2059 221/1/221
f 221/1/221 2059/1/2059 5175/1/5174 2046/1/2046
f 2059/1/2059 69/1/69 1739/1/1739 5175/1/5174
f 5175/1/5174 1739/1/1739 68/1/68 2060/1/2060
f 2046/1/2046 5175/1/5174 2060/1/2060 223/1/223
f 68/1/68 1738/1/1738 5176/1/5175 2060/1/2060
f 1738/1/1738 67/1/67 2051/1/2051 5176/1/5175
f 5176/1/5175 2051/1/2051 225/1/225 2044/1/2044
f 2060/1/2060 5176/1/5175 2044/1/2044 223/1/223
f 228/1/228 2056/1/2056 5177/1/5176 1742/1/1742
f 2056/1/2056 217/1/217 2039/1/2039 5177/1/5176
f 5177/1/5176 2039/1/2039 214/1/214 2061/1/2061
f 1742/1/1742 5177/1/5176 2061/1/2061 72/1/72
f 73/1/73 1743/1/1743 5178/1/5177 2032/1/2032
f 1743/1/1743 72/1/72 2061/1/2061 5178/1/5177
f 5178/1/5177 2061/1/2061 214/1/214 2035/1/2035
f 2032/1/2032 5178/1/5177 2035/1/2035 212/1/212
f 223/1/223 2062/1/2062 5179/1/5178 2046/1/2046
f 2062/1/2062 222/1/222 2042/1/2042 5179/1/5178
f 5179/1/5178 2042/1/2042 220/1/220 2063/1/2063
f 2046/1/2046 5179/1/5178 2063/1/2063 221/1/221
f 221/1/221 2063/1/2063 5180/1/5179 2041/1/2041
f 2063/1/2063 220/1/220 2040/1/2040 5180/1/5179
f 5180/1/5179 2040/1/2040 218/1/218 2064/1/2064
f 2041/1/2041 5180/1/5179 2064/1/2064 219/1/219
f 219/1/219 2064/1/2064 5181/1/5180 2052/1/2052
f 2064/1/2064 218/1/218 2038/1/2038 5181/1/5180
f 5181/1/5180 2038/1/2038 216/1/216 2065/1/2065
f 2052/1/2052 5181/1/5180 2065/1/2065 226/1/226
f 226/1/226 2065/1/2065 5182/1/5181 2043/1/2043
f 2065/1/2065 216/1/216 2037/1/2037 5182/1/5181
f 5182/1/5181 2037/1/2037 215/1/215 2066/1/2066
f 2043/1/2043 5182/1/5181 2066/1/2066 217/1/217
f 223/1/223 2044/1/2044 5183/1/5182 2062/1/2062
f 2044/1/2044 225/1/225 2050/1/2050 5183/1/5182
f 5183/1/5182 2050/1/2050 224/1/224 2048/1/2048
f 2062/1/2062 5183/1/5182 2048/1/2048 222/1/222
f 213/1/213 2033/1/2033 5184/1/5183 2036/1/2036
f 2033/1/2033 214/1/214 2039/1/2039 5184/1/5183
f 5184/1/5183 2039/1/2039 217/1/217 2066/1/2066
f 2036/1/2036 5184/1/5183 2066/1/2066 215/1/215
f 229/1/229 2071/1/2071 5185/1/5184 2070/1/2070
f 2071/1/2071 135/1/135 1872/1/1872 5185/1/5184
f 5185/1/5184 1872/1/1872 134/1/134 1871/1/1871
f 2070/1/2070 5185/1/5184 1871/1/1871 133/1/133
f 135/1/135 2071/1/2071 5186/1/5185 1873/1/1873
f 2071/1/2071 229/1/229 2072/1/2072 5186/1/5185
f 5186/1/5185 2072/1/2072 136/1/136 2069/1/2069
f 1873/1/1873 5186/1/5185 2069/1/2069 137/1/137
f 224/1/224 2045/1/2045 5187/1/5186 2133/1/2133
f 2045/1/2045 138/1/138 2068/1/2068 5187/1/5186
f 5187/1/5186 2068/1/2068 114/1/114 2073/1/2073
f 2133/1/2133 5187/1/5186 2073/1/2073 230/1/230
f 259/1/259 2106/1/2106 5188/1/5187 2102/1/2102
f 2106/1/2106 172/1/172 1954/1/1954 5188/1/5187
f 5188/1/5187 1954/1/1954 173/1/173 2107/1/2107
f 2102/1/2102 5188/1/5187 2107/1/2107 258/1/258
f 187/1/187 2142/1/2142 5189/1/5188 1975/1/1975
f 2142/1/2142 266/1/266 2150/1/2150 5189/1/5188
f 5189/1/5188 2150/1/2150 267/1/267 2141/1/2141
f 1975/1/1975 5189/1/5188 2141/1/2141 186/1/186
f 255/1/255 2108/1/2108 5190/1/5189 2098/1/2098
f 2108/1/2108 176/1/176 1965/1/1965 5190/1/5189
f 5190/1/5189 1965/1/1965 180/1/180 2109/1/2109
f 2098/1/2098 5190/1/5189 2109/1/2109 254/1/254
f 254/1/254 2109/1/2109 5191/1/5190 2097/1/2097
f 2109/1/2109 180/1/180 1968/1/1968 5191/1/5190
f 5191/1/5190 1968/1/1968 182/1/182 2110/1/2110
f 2097/1/2097 5191/1/5190 2110/1/2110 253/1/253
f 250/1/250 2113/1/2113 5192/1/5191 2093/1/2093
f 2113/1/2113 183/1/183 1971/1/1971 5192/1/5191
f 5192/1/5191 1971/1/1971 184/1/184 2114/1/2114
f 2093/1/2093 5192/1/5191 2114/1/2114 249/1/249
f 249/1/249 2114/1/2114 5193/1/5192 2092/1/2092
f 2114/1/2114 184/1/184 1972/1/1972 5193/1/5192
f 5193/1/5192 1972/1/1972 185/1/185 2115/1/2115
f 2092/1/2092 5193/1/5192 2115/1/2115 248/1/248
f 248/1/248 2115/1/2115 5194/1/5193 2091/1/2091
f 2115/1/2115 185/1/185 1990/1/1990 5194/1/5193
f 5194/1/5193 1990/1/1990 191/1/191 2116/1/2116
f 2091/1/2091 5194/1/5193 2116/1/2116 247/1/247
f 247/1/247 2116/1/2116 5195/1/5194 2090/1/2090
f 2116/1/2116 191/1/191 1998/1/1998 5195/1/5194
f 5195/1/5194 1998/1/1998 196/1/196 2117/1/2117
f 2090/1/2090 5195/1/5194 2117/1/2117 246/1/246
f 246/1/246 2117/1/2117 5196/1/5195 2089/1/2089
f 2117/1/2117 196/1/196 1994/1/1994 5196/1/5195
f 5196/1/5195 1994/1/1994 193/1/193 2118/1/2118
f 2089/1/2089 5196/1/5195 2118/1/2118 245/1/245
f 245/1/245 2118/1/2118 5197/1/5196 2088/1/2088
f 2118/1/2118 193/1/193 2004/1/2004 5197/1/5196
f 5197/1/5196 2004/1/2004 198/1/198 2119/1/2119
f 2088/1/2088 5197/1/5196 2119/1/2119 244/1/244
f 244/1/244 2119/1/2119 5198/1/5197 2087/1/2087
f 2119/1/2119 198/1/198 2008/1/2008 5198/1/5197
f 5198/1/5197 2008/1/2008 200/1/200 2120/1/2120
f 2087/1/2087 5198/1/5197 2120/1/2120 243/1/243
f 243/1/243 2120/1/2120 5199/1/5198 2086/1/2086
f 2120/1/2120 200/1/200 2009/1/2009 5199/1/5198
f 5199/1/5198 2009/1/2009 201/1/201 2121/1/2121
f 2086/1/2086 5199/1/5198 2121/1/2121 242/1/242
f 242/1/242 2121/1/2121 5200/1/5199 2085/1/2085
f 2121/1/2121 201/1/201 2010/1/2010 5200/1/5199
f 5200/1/5199 2010/1/2010 202/1/202 2122/1/2122
f 2085/1/2085 5200/1/5199 2122/1/2122 241/1/241
f 241/1/241 2122/1/2122 5201/1/5200 2084/1/2084
f 2122/1/2122 202/1/202 2011/1/2011 5201/1/5200
f 5201/1/5200 2011/1/2011 203/1/203 2123/1/2123
f 2084/1/2084 5201/1/5200 2123/1/2123 240/1/240
f 240/1/240 2123/1/2123 5202/1/5201 2083/1/2083
f 2123/1/2123 203/1/203 2012/1/2012 5202/1/5201
f 5202/1/5201 2012/1/2012 204/1/204 2124/1/2124
f 2083/1/2083 5202/1/5201 2124/1/2124 239/1/239
f 239/1/239 2124/1/2124 5203/1/5202 2082/1/2082
f 2124/1/2124 204/1/204 2013/1/2013 5203/1/5202
f 5203/1/5202 2013/1/2013 205/1/205 2125/1/2125
f 2082/1/2082 5203/1/5202 2125/1/2125 238/1/238
f 238/1/238 2125/1/2125 5204/1/5203 2081/1/2081
f 2125/1/2125 205/1/205 2029/1/2029 5204/1/5203
f 5204/1/5203 2029/1/2029 211/1/211 2126/1/2126
f 2081/1/2081 5204/1/5203 2126/1/2126 237/1/237
f 237/1/237 2126/1/2126 5205/1/5204 2080/1/2080
f 2126/1/2126 211/1/211 2034/1/2034 5205/1/5204
f 5205/1/5204 2034/1/2034 213/1/213 2127/1/2127
f 2080/1/2080 5205/1/5204 2127/1/2127 236/1/236
f 236/1/236 2127/1/2127 5206/1/5205 2079/1/2079
f 2127/1/2127 213/1/213 2036/1/2036 5206/1/5205
f 5206/1/5205 2036/1/2036 215/1/215 2128/1/2128
f 2079/1/2079 5206/1/5205 2128/1/2128 235/1/235
f 235/1/235 2128/1/2128 5207/1/5206 2078/1/2078
f 2128/1/2128 215/1/215 2037/1/2037 5207/1/5206
f 5207/1/5206 2037/1/2037 216/1/216 2129/1/2129
f 2078/1/2078 5207/1/5206 2129/1/2129 234/1/234
f 234/1/234 2129/1/2129 5208/1/5207 2077/1/2077
f 2129/1/2129 216/1/216 2038/1/2038 5208/1/5207
f 5208/1/5207 2038/1/2038 218/1/218 2130/1/2130
f 2077/1/2077 5208/1/5207 2130/1/2130 233/1/233
f 233/1/233 2130/1/2130 5209/1/5208 2076/1/2076
f 2130/1/2130 218/1/218 2040/1/2040 5209/1/5208
f 5209/1/5208 2040/1/2040 220/1/220 2131/1/2131
f 2076/1/2076 5209/1/5208 2131/1/2131 232/1/232
f 232/1/232 2131/1/2131 5210/1/5209 2075/1/2075
f 2131/1/2131 220/1/220 2042/1/2042 5210/1/5209
f 5210/1/5209 2042/1/2042 222/1/222 2132/1/2132
f 2075/1/2075 5210/1/5209 2132/1/2132 231/1/231
f 172/1/172 2106/1/2106 5211/1/5210 1952/1/1952
f 2106/1/2106 259/1/259 2104/1/2104 5211/1/5210
f 5211/1/5210 2104/1/2104 260/1/260 2103/1/2103
f 1952/1/1952 5211/1/5210 2103/1/2103 169/1/169
f 158/1/158 2135/1/2135 5212/1/5211 1816/1/1816
f 2135/1/2135 262/1/262 2137/1/2137 5212/1/5211
f 5212/1/5211 2137/1/2137 263/1/263 2136/1/2136
f 1816/1/1816 5212/1/5211 2136/1/2136 98/1/98
f 98/1/98 2136/1/2136 5213/1/5212 1844/1/1844
f 2136/1/2136 263/1/263 2139/1/2139 5213/1/5212
f 5213/1/5212 2139/1/2139 115/1/115 1846/1/1846
f 1844/1/1844 5213/1/5212 1846/1/1846 117/1/117
f 137/1/137 2069/1/2069 5214/1/5213 1910/1/1910
f 2069/1/2069 136/1/136 2105/1/2105 5214/1/5213
f 5214/1/5213 2105/1/2105 162/1/162 2067/1/2067
f 1910/1/1910 5214/1/5213 2067/1/2067 167/1/167
f 136/1/136 1875/1/1875 5215/1/5214 2105/1/2105
f 109/1/109 1905/1/1905 5215/1/5214 1875/1/1875
f 162/1/162 2105/1/2105 5215/1/5214 1905/1/1905
f 138/1/138 1874/1/1874 5216/1/5215 2068/1/2068
f 1874/1/1874 167/1/167 2067/1/2067 5216/1/5215
f 5216/1/5215 2067/1/2067 162/1/162 1837/1/1837
f 2068/1/2068 5216/1/5215 1837/1/1837 114/1/114
f 97/1/97 2140/1/2140 5217/1/5216 1901/1/1901
f 2140/1/2140 261/1/261 2138/1/2138 5217/1/5216
f 5217/1/5216 2138/1/2138 262/1/262 2135/1/2135
f 1901/1/1901 5217/1/5216 2135/1/2135 158/1/158
f 176/1/176 2108/1/2108 5218/1/5217 2148/1/2148
f 2108/1/2108 255/1/255 2099/1/2099 5218/1/5217
f 5218/1/5217 2099/1/2099 256/1/256 2144/1/2144
f 2148/1/2148 5218/1/5217 2144/1/2144 264/1/264
f 186/1/186 2141/1/2141 5219/1/5218 1973/1/1973
f 2141/1/2141 267/1/267 2152/1/2152 5219/1/5218
f 5219/1/5218 2152/1/2152 182/1/182 1969/1/1969
f 1973/1/1973 5219/1/5218 1969/1/1969 181/1/181
f 265/1/265 2147/1/2147 5220/1/5219 2143/1/2143
f 2147/1/2147 264/1/264 2144/1/2144 5220/1/5219
f 5220/1/5219 2144/1/2144 256/1/256 2100/1/2100
f 2143/1/2143 5220/1/5219 2100/1/2100 257/1/257
f 188/1/188 1981/1/1981 5221/1/5220 1976/1/1976
f 1981/1/1981 183/1/183 2151/1/2151 5221/1/5220
f 5221/1/5220 2151/1/2151 266/1/266 2142/1/2142
f 1976/1/1976 5221/1/5220 2142/1/2142 187/1/187
f 175/1/175 1960/1/1960 5222/1/5221 2146/1/2146
f 1960/1/1960 177/1/177 2145/1/2145 5222/1/5221
f 5222/1/5221 2145/1/2145 264/1/264 2147/1/2147
f 2146/1/2146 5222/1/5221 2147/1/2147 265/1/265
f 178/1/178 1962/1/1962 5223/1/5222 1961/1/1961
f 1962/1/1962 176/1/176 2148/1/2148 5223/1/5222
f 5223/1/5222 2148/1/2148 264/1/264 2145/1/2145
f 1961/1/1961 5223/1/5222 2145/1/2145 177/1/177
f 174/1/174 1957/1/1957 5224/1/5223 1956/1/1956
f 1957/1/1957 175/1/175 2146/1/2146 5224/1/5223
f 5224/1/5223 2146/1/2146 265/1/265 2149/1/2149
f 1956/1/1956 5224/1/5223 2149/1/2149 173/1/173
f 257/1/257 2101/1/2101 5225/1/5224 2143/1/2143
f 2101/1/2101 258/1/258 2107/1/2107 5225/1/5224
f 5225/1/5224 2107/1/2107 173/1/173 2149/1/2149
f 2143/1/2143 5225/1/5224 2149/1/2149 265/1/265
f 253/1/253 2110/1/2110 5226/1/5225 2096/1/2096
f 2110/1/2110 182/1/182 2152/1/2152 5226/1/5225
f 5226/1/5225 2152/1/2152 267/1/267 2112/1/2112
f 2096/1/2096 5226/1/5225 2112/1/2112 252/1/252
f 256/1/256 2154/1/2154 5227/1/5226 2100/1/2100
f 2154/1/2154 268/1/268 2153/1/2153 5227/1/5226
f 5227/1/5226 2153/1/2153 269/1/269 2155/1/2155
f 2100/1/2100 5227/1/5226 2155/1/2155 257/1/257
f 293/1/293 2194/1/2194 5228/1/5227 2195/1/2195
f 2194/1/2194 270/1/270 2156/1/2156 5228/1/5227
f 5228/1/5227 2156/1/2156 271/1/271 2157/1/2157
f 2195/1/2195 5228/1/5227 2157/1/2157 292/1/292
f 273/1/273 2161/1/2161 5229/1/5228 2160/1/2160
f 2161/1/2161 272/1/272 2159/1/2159 5229/1/5228
f 5229/1/5228 2159/1/2159 271/1/271 2156/1/2156
f 2160/1/2160 5229/1/5228 2156/1/2156 270/1/270
f 273/1/273 2164/1/2164 5230/1/5229 2161/1/2161
f 2164/1/2164 275/1/275 2162/1/2162 5230/1/5229
f 5230/1/5229 2162/1/2162 274/1/274 2163/1/2163
f 2161/1/2161 5230/1/5229 2163/1/2163 272/1/272
f 303/1/303 2210/1/2210 5231/1/5230 2211/1/2211
f 2210/1/2210 277/1/277 2165/1/2165 5231/1/5230
f 5231/1/5230 2165/1/2165 276/1/276 2166/1/2166
f 2211/1/2211 5231/1/5230 2166/1/2166 302/1/302
f 235/1/235 2078/1/2078 5232/1/5231 2169/1/2169
f 2078/1/2078 234/1/234 2168/1/2168 5232/1/5231
f 5232/1/5231 2168/1/2168 276/1/276 2165/1/2165
f 2169/1/2169 5232/1/5231 2165/1/2165 277/1/277
f 298/1/298 2200/1/2200 5233/1/5232 2201/1/2201
f 2200/1/2200 278/1/278 2170/1/2170 5233/1/5232
f 5233/1/5232 2170/1/2170 279/1/279 2171/1/2171
f 2201/1/2201 5233/1/5232 2171/1/2171 297/1/297
f 281/1/281 2175/1/2175 5234/1/5233 2174/1/2174
f 2175/1/2175 280/1/280 2173/1/2173 5234/1/5233
f 5234/1/5233 2173/1/2173 279/1/279 2170/1/2170
f 2174/1/2174 5234/1/5233 2170/1/2170 278/1/278
f 281/1/281 2178/1/2178 5235/1/5234 2175/1/2175
f 2178/1/2178 283/1/283 2176/1/2176 5235/1/5234
f 5235/1/5234 2176/1/2176 282/1/282 2177/1/2177
f 2175/1/2175 5235/1/5234 2177/1/2177 280/1/280
f 283/1/283 2181/1/2181 5236/1/5235 2176/1/2176
f 2181/1/2181 285/1/285 2179/1/2179 5236/1/5235
f 5236/1/5235 2179/1/2179 284/1/284 2180/1/2180
f 2176/1/2176 5236/1/5235 2180/1/2180 282/1/282
f 285/1/285 2184/1/2184 5237/1/5236 2179/1/2179
f 2184/1/2184 287/1/287 2182/1/2182 5237/1/5236
f 5237/1/5236 2182/1/2182 286/1/286 2183/1/2183
f 2179/1/2179 5237/1/5236 2183/1/2183 284/1/284
f 287/1/287 2187/1/2187 5238/1/5237 2182/1/2182
f 2187/1/2187 289/1/289 2185/1/2185 5238/1/5237
f 5238/1/5237 2185/1/2185 288/1/288 2186/1/2186
f 2182/1/2182 5238/1/5237 2186/1/2186 286/1/286
f 289/1/289 2190/1/2190 5239/1/5238 2185/1/2185
f 2190/1/2190 291/1/291 2188/1/2188 5239/1/5238
f 5239/1/5238 2188/1/2188 290/1/290 2189/1/2189
f 2185/1/2185 5239/1/5238 2189/1/2189 288/1/288
f 252/1/252 2095/1/2095 5240/1/5239 2192/1/2192
f 2095/1/2095 251/1/251 2191/1/2191 5240/1/5239
f 5240/1/5239 2191/1/2191 290/1/290 2188/1/2188
f 2192/1/2192 5240/1/5239 2188/1/2188 291/1/291
f 268/1/268 2158/1/2158 5241/1/5240 2153/1/2153
f 2158/1/2158 293/1/293 2195/1/2195 5241/1/5240
f 5241/1/5240 2195/1/2195 292/1/292 2193/1/2193
f 2153/1/2153 5241/1/5240 2193/1/2193 269/1/269
f 239/1/239 2172/1/2172 5242/1/5241 2083/1/2083
f 2172/1/2172 298/1/298 2201/1/2201 5242/1/5241
f 5242/1/5241 2201/1/2201 297/1/297 2199/1/2199
f 2083/1/2083 5242/1/5241 2199/1/2199 240/1/240
f 239/1/239 2082/1/2082 5243/1/5242 2172/1/2172
f 2082/1/2082 238/1/238 2202/1/2202 5243/1/5242
f 5243/1/5242 2202/1/2202 296/1/296 2203/1/2203
f 2172/1/2172 5243/1/5242 2203/1/2203 298/1/298
f 238/1/238 2081/1/2081 5244/1/5243 2202/1/2202
f 2081/1/2081 237/1/237 2204/1/2204 5244/1/5243
f 5244/1/5243 2204/1/2204 295/1/295 2198/1/2198
f 2202/1/2202 5244/1/5243 2198/1/2198 296/1/296
f 237/1/237 2080/1/2080 5245/1/5244 2204/1/2204
f 2080/1/2080 236/1/236 2205/1/2205 5245/1/5244
f 5245/1/5244 2205/1/2205 294/1/294 2197/1/2197
f 2204/1/2204 5245/1/5244 2197/1/2197 295/1/295
f 236/1/236 2079/1/2079 5246/1/5245 2205/1/2205
f 2079/1/2079 235/1/235 2169/1/2169 5246/1/5245
f 5246/1/5245 2169/1/2169 277/1/277 2196/1/2196
f 2205/1/2205 5246/1/5245 2196/1/2196 294/1/294
f 275/1/275 2167/1/2167 5247/1/5246 2162/1/2162
f 2167/1/2167 303/1/303 2211/1/2211 5247/1/5246
f 5247/1/5246 2211/1/2211 302/1/302 2209/1/2209
f 2162/1/2162 5247/1/5246 2209/1/2209 274/1/274
f 301/1/301 2218/1/2218 5248/1/5247 2208/1/2208
f 2218/1/2218 306/1/306 2214/1/2214 5248/1/5247
f 5248/1/5247 2214/1/2214 305/1/305 2217/1/2217
f 2208/1/2208 5248/1/5247 2217/1/2217 300/1/300
f 300/1/300 2217/1/2217 5249/1/5248 2207/1/2207
f 2217/1/2217 305/1/305 2213/1/2213 5249/1/5248
f 5249/1/5248 2213/1/2213 304/1/304 2219/1/2219
f 2207/1/2207 5249/1/5248 2219/1/2219 299/1/299
f 303/1/303 2167/1/2167 5250/1/5249 2212/1/2212
f 2167/1/2167 275/1/275 2206/1/2206 5250/1/5249
f 5250/1/5249 2206/1/2206 299/1/299 2219/1/2219
f 2212/1/2212 5250/1/5249 2219/1/2219 304/1/304
f 278/1/278 2215/1/2215 5251/1/5250 2174/1/2174
f 2215/1/2215 306/1/306 2218/1/2218 5251/1/5250
f 5251/1/5250 2218/1/2218 301/1/301 2216/1/2216
f 2174/1/2174 5251/1/5250 2216/1/2216 281/1/281
f 296/1/296 2198/1/2198 5252/1/5251 2221/1/2221
f 2198/1/2198 295/1/295 2220/1/2220 5252/1/5251
f 5252/1/5251 2220/1/2220 305/1/305 2214/1/2214
f 2221/1/2221 5252/1/5251 2214/1/2214 306/1/306
f 295/1/295 2197/1/2197 5253/1/5252 2220/1/2220
f 2197/1/2197 294/1/294 2222/1/2222 5253/1/5252
f 5253/1/5252 2222/1/2222 304/1/304 2213/1/2213
f 2220/1/2220 5253/1/5252 2213/1/2213 305/1/305
f 278/1/278 2200/1/2200 5254/1/5253 2215/1/2215
f 2200/1/2200 298/1/298 2203/1/2203 5254/1/5253
f 5254/1/5253 2203/1/2203 296/1/296 2221/1/2221
f 2215/1/2215 5254/1/5253 2221/1/2221 306/1/306
f 294/1/294 2196/1/2196 5255/1/5254 2222/1/2222
f 2196/1/2196 277/1/277 2210/1/2210 5255/1/5254
f 5255/1/5254 2210/1/2210 303/1/303 2212/1/2212
f 2222/1/2222 5255/1/5254 2212/1/2212 304/1/304
f 114/1/114 1836/1/1836 5256/1/5255 2073/1/2073
f 1836/1/1836 113/1/113 2227/1/2227 5256/1/5255
f 5256/1/5255 2227/1/2227 310/1/310 2228/1/2228
f 2073/1/2073 5256/1/5255 2228/1/2228 230/1/230
f 230/1/230 2228/1/2228 5257/1/5256 2074/1/2074
f 2228/1/2228 310/1/310 2226/1/2226 5257/1/5256
f 5257/1/5256 2226/1/2226 309/1/309 2229/1/2229
f 2074/1/2074 5257/1/5256 2229/1/2229 231/1/231
f 233/1/233 2230/1/2230 5258/1/5257 2077/1/2077
f 2230/1/2230 307/1/307 2223/1/2223 5258/1/5257
f 5258/1/5257 2223/1/2223 276/1/276 2168/1/2168
f 2077/1/2077 5258/1/5257 2168/1/2168 234/1/234
f 231/1/231 2229/1/2229 5259/1/5258 2075/1/2075
f 2229/1/2229 309/1/309 2225/1/2225 5259/1/5258
f 5259/1/5258 2225/1/2225 308/1/308 2231/1/2231
f 2075/1/2075 5259/1/5258 2231/1/2231 232/1/232
f 232/1/232 2231/1/2231 5260/1/5259 2076/1/2076
f 2231/1/2231 308/1/308 2224/1/2224 5260/1/5259
f 5260/1/5259 2224/1/2224 307/1/307 2230/1/2230
f 2076/1/2076 5260/1/5259 2230/1/2230 233/1/233
f 97/1/97 1948/1/1948 5261/1/5260 2140/1/2140
f 1948/1/1948 169/1/169 2103/1/2103 5261/1/5260
f 5261/1/5260 2103/1/2103 260/1/260 2232/1/2232
f 2140/1/2140 5261/1/5260 2232/1/2232 261/1/261
f 381/1/381 2362/1/2362 5262/1/5261 2371/1/2371
f 2362/1/2362 311/1/311 2233/1/2233 5262/1/5261
f 5262/1/5261 2233/1/2233 312/1/312 2234/1/2234
f 2371/1/2371 5262/1/5261 2234/1/2234 380/1/380
f 387/1/387 2375/1/2375 5263/1/5262 2384/1/2384
f 2375/1/2375 313/1/313 2236/1/2236 5263/1/5262
f 5263/1/5262 2236/1/2236 314/1/314 2237/1/2237
f 2384/1/2384 5263/1/5262 2237/1/2237 386/1/386
f 415/1/415 2430/1/2430 5264/1/5263 2439/1/2439
f 2430/1/2430 315/1/315 2239/1/2239 5264/1/5263
f 5264/1/5263 2239/1/2239 316/1/316 2240/1/2240
f 2439/1/2439 5264/1/5263 2240/1/2240 414/1/414
f 315/1/315 2244/1/2244 5265/1/5264 2239/1/2239
f 2244/1/2244 317/1/317 2242/1/2242 5265/1/5264
f 5265/1/5264 2242/1/2242 318/1/318 2243/1/2243
f 2239/1/2239 5265/1/5264 2243/1/2243 316/1/316
f 317/1/317 2247/1/2247 5266/1/5265 2242/1/2242
f 2247/1/2247 319/1/319 2245/1/2245 5266/1/5265
f 5266/1/5265 2245/1/2245 320/1/320 2246/1/2246
f 2242/1/2242 5266/1/5265 2246/1/2246 318/1/318
f 319/1/319 2250/1/2250 5267/1/5266 2245/1/2245
f 2250/1/2250 321/1/321 2248/1/2248 5267/1/5266
f 5267/1/5266 2248/1/2248 322/1/322 2249/1/2249
f 2245/1/2245 5267/1/5266 2249/1/2249 320/1/320
f 321/1/321 2253/1/2253 5268/1/5267 2248/1/2248
f 2253/1/2253 323/1/323 2251/1/2251 5268/1/5267
f 5268/1/5267 2251/1/2251 324/1/324 2252/1/2252
f 2248/1/2248 5268/1/5267 2252/1/2252 322/1/322
f 323/1/323 2256/1/2256 5269/1/5268 2251/1/2251
f 2256/1/2256 325/1/325 2254/1/2254 5269/1/5268
f 5269/1/5268 2254/1/2254 326/1/326 2255/1/2255
f 2251/1/2251 5269/1/5268 2255/1/2255 324/1/324
f 325/1/325 2259/1/2259 5270/1/5269 2254/1/2254
f 2259/1/2259 327/1/327 2257/1/2257 5270/1/5269
f 5270/1/5269 2257/1/2257 328/1/328 2258/1/2258
f 2254/1/2254 5270/1/5269 2258/1/2258 326/1/326
f 327/1/327 2262/1/2262 5271/1/5270 2257/1/2257
f 2262/1/2262 329/1/329 2260/1/2260 5271/1/5270
f 5271/1/5270 2260/1/2260 330/1/330 2261/1/2261
f 2257/1/2257 5271/1/5270 2261/1/2261 328/1/328
f 329/1/329 2265/1/2265 5272/1/5271 2260/1/2260
f 2265/1/2265 331/1/331 2263/1/2263 5272/1/5271
f 5272/1/5271 2263/1/2263 332/1/332 2264/1/2264
f 2260/1/2260 5272/1/5271 2264/1/2264 330/1/330
f 336/1/336 2270/1/2270 5273/1/5272 2271/1/2271
f 2270/1/2270 333/1/333 2266/1/2266 5273/1/5272
f 5273/1/5272 2266/1/2266 334/1/334 2267/1/2267
f 2271/1/2271 5273/1/5272 2267/1/2267 335/1/335
f 331/1/331 2268/1/2268 5274/1/5273 2263/1/2263
f 2268/1/2268 336/1/336 2271/1/2271 5274/1/5273
f 5274/1/5273 2271/1/2271 335/1/335 2269/1/2269
f 2263/1/2263 5274/1/5273 2269/1/2269 332/1/332
f 383/1/383 2364/1/2364 5275/1/5274 2370/1/2370
f 2364/1/2364 337/1/337 2272/1/2272 5275/1/5274
f 5275/1/5274 2272/1/2272 338/1/338 2273/1/2273
f 2370/1/2370 5275/1/5274 2273/1/2273 382/1/382
f 389/1/389 2377/1/2377 5276/1/5275 2383/1/2383
f 2377/1/2377 339/1/339 2275/1/2275 5276/1/5275
f 5276/1/5275 2275/1/2275 340/1/340 2276/1/2276
f 2383/1/2383 5276/1/5275 2276/1/2276 388/1/388
f 417/1/417 2432/1/2432 5277/1/5276 2438/1/2438
f 2432/1/2432 341/1/341 2278/1/2278 5277/1/5276
f 5277/1/5276 2278/1/2278 342/1/342 2279/1/2279
f 2438/1/2438 5277/1/5276 2279/1/2279 416/1/416
f 341/1/341 2283/1/2283 5278/1/5277 2278/1/2278
f 2283/1/2283 343/1/343 2281/1/2281 5278/1/5277
f 5278/1/5277 2281/1/2281 344/1/344 2282/1/2282
f 2278/1/2278 5278/1/5277 2282/1/2282 342/1/342
f 343/1/343 2286/1/2286 5279/1/5278 2281/1/2281
f 2286/1/2286 345/1/345 2284/1/2284 5279/1/5278
f 5279/1/5278 2284/1/2284 346/1/346 2285/1/2285
f 2281/1/2281 5279/1/5278 2285/1/2285 344/1/344
f 345/1/345 2289/1/2289 5280/1/5279 2284/1/2284
f 2289/1/2289 347/1/347 2287/1/2287 5280/1/5279
f 5280/1/5279 2287/1/2287 348/1/348 2288/1/2288
f 2284/1/2284 5280/1/5279 2288/1/2288 346/1/346
f 347/1/347 2292/1/2292 5281/1/5280 2287/1/2287
f 2292/1/2292 349/1/349 2290/1/2290 5281/1/5280
f 5281/1/5280 2290/1/2290 350/1/350 2291/1/2291
f 2287/1/2287 5281/1/5280 2291/1/2291 348/1/348
f 349/1/349 2295/1/2295 5282/1/5281 2290/1/2290
f 2295/1/2295 351/1/351 2293/1/2293 5282/1/5281
f 5282/1/5281 2293/1/2293 352/1/352 2294/1/2294
f 2290/1/2290 5282/1/5281 2294/1/2294 350/1/350
f 351/1/351 2298/1/2298 5283/1/5282 2293/1/2293
f 2298/1/2298 353/1/353 2296/1/2296 5283/1/5282
f 5283/1/5282 2296/1/2296 354/1/354 2297/1/2297
f 2293/1/2293 5283/1/5282 2297/1/2297 352/1/352
f 353/1/353 2301/1/2301 5284/1/5283 2296/1/2296
f 2301/1/2301 355/1/355 2299/1/2299 5284/1/5283
f 5284/1/5283 2299/1/2299 356/1/356 2300/1/2300
f 2296/1/2296 5284/1/5283 2300/1/2300 354/1/354
f 355/1/355 2304/1/2304 5285/1/5284 2299/1/2299
f 2304/1/2304 357/1/357 2302/1/2302 5285/1/5284
f 5285/1/5284 2302/1/2302 358/1/358 2303/1/2303
f 2299/1/2299 5285/1/5284 2303/1/2303 356/1/356
f 335/1/335 2306/1/2306 5286/1/5285 2269/1/2269
f 2306/1/2306 358/1/358 2302/1/2302 5286/1/5285
f 5286/1/5285 2302/1/2302 357/1/357 2305/1/2305
f 2269/1/2269 5286/1/5285 2305/1/2305 332/1/332
f 330/1/330 2264/1/2264 5287/1/5286 2307/1/2307
f 2264/1/2264 332/1/332 2305/1/2305 5287/1/5286
f 5287/1/5286 2305/1/2305 357/1/357 2304/1/2304
f 2307/1/2307 5287/1/5286 2304/1/2304 355/1/355
f 328/1/328 2261/1/2261 5288/1/5287 2308/1/2308
f 2261/1/2261 330/1/330 2307/1/2307 5288/1/5287
f 5288/1/5287 2307/1/2307 355/1/355 2301/1/2301
f 2308/1/2308 5288/1/5287 2301/1/2301 353/1/353
f 326/1/326 2258/1/2258 5289/1/5288 2309/1/2309
f 2258/1/2258 328/1/328 2308/1/2308 5289/1/5288
f 5289/1/5288 2308/1/2308 353/1/353 2298/1/2298
f 2309/1/2309 5289/1/5288 2298/1/2298 351/1/351
f 324/1/324 2255/1/2255 5290/1/5289 2310/1/2310
f 2255/1/2255 326/1/326 2309/1/2309 5290/1/5289
f 5290/1/5289 2309/1/2309 351/1/351 2295/1/2295
f 2310/1/2310 5290/1/5289 2295/1/2295 349/1/349
f 322/1/322 2252/1/2252 5291/1/5290 2311/1/2311
f 2252/1/2252 324/1/324 2310/1/2310 5291/1/5290
f 5291/1/5290 2310/1/2310 349/1/349 2292/1/2292
f 2311/1/2311 5291/1/5290 2292/1/2292 347/1/347
f 320/1/320 2249/1/2249 5292/1/5291 2312/1/2312
f 2249/1/2249 322/1/322 2311/1/2311 5292/1/5291
f 5292/1/5291 2311/1/2311 347/1/347 2289/1/2289
f 2312/1/2312 5292/1/5291 2289/1/2289 345/1/345
f 318/1/318 2246/1/2246 5293/1/5292 2313/1/2313
f 2246/1/2246 320/1/320 2312/1/2312 5293/1/5292
f 5293/1/5292 2312/1/2312 345/1/345 2286/1/2286
f 2313/1/2313 5293/1/5292 2286/1/2286 343/1/343
f 316/1/316 2243/1/2243 5294/1/5293 2314/1/2314
f 2243/1/2243 318/1/318 2313/1/2313 5294/1/5293
f 5294/1/5293 2313/1/2313 343/1/343 2283/1/2283
f 2314/1/2314 5294/1/5293 2283/1/2283 341/1/341
f 414/1/414 2240/1/2240 5295/1/5294 2437/1/2437
f 2240/1/2240 316/1/316 2314/1/2314 5295/1/5294
f 5295/1/5294 2314/1/2314 341/1/341 2432/1/2432
f 2437/1/2437 5295/1/5294 2432/1/2432 417/1/417
f 386/1/386 2237/1/2237 5296/1/5295 2382/1/2382
f 2237/1/2237 314/1/314 2315/1/2315 5296/1/5295
f 5296/1/5295 2315/1/2315 339/1/339 2377/1/2377
f 2382/1/2382 5296/1/5295 2377/1/2377 389/1/389
f 383/1/383 2369/1/2369 5297/1/5296 2364/1/2364
f 2369/1/2369 380/1/380 2234/1/2234 5297/1/5296
f 5297/1/5296 2234/1/2234 312/1/312 2316/1/2316
f 2364/1/2364 5297/1/5296 2316/1/2316 337/1/337
f 385/1/385 2366/1/2366 5298/1/5297 2368/1/2368
f 2366/1/2366 359/1/359 2317/1/2317 5298/1/5297
f 5298/1/5297 2317/1/2317 360/1/360 2318/1/2318
f 2368/1/2368 5298/1/5297 2318/1/2318 384/1/384
f 391/1/391 2379/1/2379 5299/1/5298 2381/1/2381
f 2379/1/2379 361/1/361 2320/1/2320 5299/1/5298
f 5299/1/5298 2320/1/2320 362/1/362 2321/1/2321
f 2381/1/2381 5299/1/5298 2321/1/2321 390/1/390
f 419/1/419 2434/1/2434 5300/1/5299 2436/1/2436
f 2434/1/2434 363/1/363 2323/1/2323 5300/1/5299
f 5300/1/5299 2323/1/2323 364/1/364 2324/1/2324
f 2436/1/2436 5300/1/5299 2324/1/2324 418/1/418
f 363/1/363 2328/1/2328 5301/1/5300 2323/1/2323
f 2328/1/2328 365/1/365 2326/1/2326 5301/1/5300
f 5301/1/5300 2326/1/2326 366/1/366 2327/1/2327
f 2323/1/2323 5301/1/5300 2327/1/2327 364/1/364
f 365/1/365 2331/1/2331 5302/1/5301 2326/1/2326
f 2331/1/2331 367/1/367 2329/1/2329 5302/1/5301
f 5302/1/5301 2329/1/2329 368/1/368 2330/1/2330
f 2326/1/2326 5302/1/5301 2330/1/2330 366/1/366
f 367/1/367 2334/1/2334 5303/1/5302 2329/1/2329
f 2334/1/2334 369/1/369 2332/1/2332 5303/1/5302
f 5303/1/5302 2332/1/2332 370/1/370 2333/1/2333
f 2329/1/2329 5303/1/5302 2333/1/2333 368/1/368
f 369/1/369 2337/1/2337 5304/1/5303 2332/1/2332
f 2337/1/2337 371/1/371 2335/1/2335 5304/1/5303
f 5304/1/5303 2335/1/2335 372/1/372 2336/1/2336
f 2332/1/2332 5304/1/5303 2336/1/2336 370/1/370
f 371/1/371 2340/1/2340 5305/1/5304 2335/1/2335
f 2340/1/2340 373/1/373 2338/1/2338 5305/1/5304
f 5305/1/5304 2338/1/2338 374/1/374 2339/1/2339
f 2335/1/2335 5305/1/5304 2339/1/2339 372/1/372
f 373/1/373 2343/1/2343 5306/1/5305 2338/1/2338
f 2343/1/2343 375/1/375 2341/1/2341 5306/1/5305
f 5306/1/5305 2341/1/2341 376/1/376 2342/1/2342
f 2338/1/2338 5306/1/5305 2342/1/2342 374/1/374
f 375/1/375 2346/1/2346 5307/1/5306 2341/1/2341
f 2346/1/2346 377/1/377 2344/1/2344 5307/1/5306
f 5307/1/5306 2344/1/2344 378/1/378 2345/1/2345
f 2341/1/2341 5307/1/5306 2345/1/2345 376/1/376
f 391/1/391 2380/1/2380 5308/1/5307 2379/1/2379
f 2380/1/2380 388/1/388 2276/1/2276 5308/1/5307
f 5308/1/5307 2276/1/2276 340/1/340 2349/1/2349
f 2379/1/2379 5308/1/5307 2349/1/2349 361/1/361
f 419/1/419 2435/1/2435 5309/1/5308 2434/1/2434
f 2435/1/2435 416/1/416 2279/1/2279 5309/1/5308
f 5309/1/5308 2279/1/2279 342/1/342 2350/1/2350
f 2434/1/2434 5309/1/5308 2350/1/2350 363/1/363
f 363/1/363 2350/1/2350 5310/1/5309 2328/1/2328
f 2350/1/2350 342/1/342 2282/1/2282 5310/1/5309
f 5310/1/5309 2282/1/2282 344/1/344 2351/1/2351
f 2328/1/2328 5310/1/5309 2351/1/2351 365/1/365
f 365/1/365 2351/1/2351 5311/1/5310 2331/1/2331
f 2351/1/2351 344/1/344 2285/1/2285 5311/1/5310
f 5311/1/5310 2285/1/2285 346/1/346 2352/1/2352
f 2331/1/2331 5311/1/5310 2352/1/2352 367/1/367
f 367/1/367 2352/1/2352 5312/1/5311 2334/1/2334
f 2352/1/2352 346/1/346 2288/1/2288 5312/1/5311
f 5312/1/5311 2288/1/2288 348/1/348 2353/1/2353
f 2334/1/2334 5312/1/5311 2353/1/2353 369/1/369
f 369/1/369 2353/1/2353 5313/1/5312 2337/1/2337
f 2353/1/2353 348/1/348 2291/1/2291 5313/1/5312
f 5313/1/5312 2291/1/2291 350/1/350 2354/1/2354
f 2337/1/2337 5313/1/5312 2354/1/2354 371/1/371
f 371/1/371 2354/1/2354 5314/1/5313 2340/1/2340
f 2354/1/2354 350/1/350 2294/1/2294 5314/1/5313
f 5314/1/5313 2294/1/2294 352/1/352 2355/1/2355
f 2340/1/2340 5314/1/5313 2355/1/2355 373/1/373
f 373/1/373 2355/1/2355 5315/1/5314 2343/1/2343
f 2355/1/2355 352/1/352 2297/1/2297 5315/1/5314
f 5315/1/5314 2297/1/2297 354/1/354 2356/1/2356
f 2343/1/2343 5315/1/5314 2356/1/2356 375/1/375
f 375/1/375 2356/1/2356 5316/1/5315 2346/1/2346
f 2356/1/2356 354/1/354 2300/1/2300 5316/1/5315
f 5316/1/5315 2300/1/2300 356/1/356 2357/1/2357
f 2346/1/2346 5316/1/5315 2357/1/2357 377/1/377
f 385/1/385 2367/1/2367 5317/1/5316 2366/1/2366
f 2367/1/2367 382/1/382 2273/1/2273 5317/1/5316
f 5317/1/5316 2273/1/2273 338/1/338 2348/1/2348
f 2366/1/2366 5317/1/5316 2348/1/2348 359/1/359
f 358/1/358 2358/1/2358 5318/1/5317 2303/1/2303
f 2358/1/2358 379/1/379 2359/1/2359 5318/1/5317
f 5318/1/5317 2359/1/2359 377/1/377 2357/1/2357
f 2303/1/2303 5318/1/5317 2357/1/2357 356/1/356
f 377/1/377 2359/1/2359 5319/1/5318 2344/1/2344
f 2359/1/2359 379/1/379 2360/1/2360 5319/1/5318
f 5319/1/5318 2360/1/2360 334/1/334 2347/1/2347
f 2344/1/2344 5319/1/5318 2347/1/2347 378/1/378
f 334/1/334 2360/1/2360 5320/1/5319 2267/1/2267
f 2360/1/2360 379/1/379 2358/1/2358 5320/1/5319
f 5320/1/5319 2358/1/2358 358/1/358 2306/1/2306
f 2267/1/2267 5320/1/5319 2306/1/2306 335/1/335
f 249/1/249 2092/1/2092 5321/1/5320 2319/1/2319
f 2092/1/2092 248/1/248 2363/1/2363 5321/1/5320
f 5321/1/5320 2363/1/2363 382/1/382 2367/1/2367
f 2319/1/2319 5321/1/5320 2367/1/2367 385/1/385
f 249/1/249 2319/1/2319 5322/1/5321 2093/1/2093
f 2319/1/2319 385/1/385 2368/1/2368 5322/1/5321
f 5322/1/5321 2368/1/2368 384/1/384 2365/1/2365
f 2093/1/2093 5322/1/5321 2365/1/2365 250/1/250
f 247/1/247 2090/1/2090 5323/1/5322 2274/1/2274
f 2090/1/2090 246/1/246 2361/1/2361 5323/1/5322
f 5323/1/5322 2361/1/2361 380/1/380 2369/1/2369
f 2274/1/2274 5323/1/5322 2369/1/2369 383/1/383
f 247/1/247 2274/1/2274 5324/1/5323 2091/1/2091
f 2274/1/2274 383/1/383 2370/1/2370 5324/1/5323
f 5324/1/5323 2370/1/2370 382/1/382 2363/1/2363
f 2091/1/2091 5324/1/5323 2363/1/2363 248/1/248
f 245/1/245 2235/1/2235 5325/1/5324 2089/1/2089
f 2235/1/2235 381/1/381 2371/1/2371 5325/1/5324
f 5325/1/5324 2371/1/2371 380/1/380 2361/1/2361
f 2089/1/2089 5325/1/5324 2361/1/2361 246/1/246
f 250/1/250 2365/1/2365 5326/1/5325 2094/1/2094
f 2365/1/2365 384/1/384 2372/1/2372 5326/1/5325
f 5326/1/5325 2372/1/2372 290/1/290 2191/1/2191
f 2094/1/2094 5326/1/5325 2191/1/2191 251/1/251
f 288/1/288 2189/1/2189 5327/1/5326 2373/1/2373
f 2189/1/2189 290/1/290 2372/1/2372 5327/1/5326
f 5327/1/5326 2372/1/2372 384/1/384 2318/1/2318
f 2373/1/2373 5327/1/5326 2318/1/2318 360/1/360
f 359/1/359 2348/1/2348 5328/1/5327 2322/1/2322
f 2348/1/2348 338/1/338 2376/1/2376 5328/1/5327
f 5328/1/5327 2376/1/2376 388/1/388 2380/1/2380
f 2322/1/2322 5328/1/5327 2380/1/2380 391/1/391
f 359/1/359 2322/1/2322 5329/1/5328 2317/1/2317
f 2322/1/2322 391/1/391 2381/1/2381 5329/1/5328
f 5329/1/5328 2381/1/2381 390/1/390 2378/1/2378
f 2317/1/2317 5329/1/5328 2378/1/2378 360/1/360
f 312/1/312 2374/1/2374 5330/1/5329 2316/1/2316
f 2374/1/2374 386/1/386 2382/1/2382 5330/1/5329
f 5330/1/5329 2382/1/2382 389/1/389 2277/1/2277
f 2316/1/2316 5330/1/5329 2277/1/2277 337/1/337
f 337/1/337 2277/1/2277 5331/1/5330 2272/1/2272
f 2277/1/2277 389/1/389 2383/1/2383 5331/1/5330
f 5331/1/5330 2383/1/2383 388/1/388 2376/1/2376
f 2272/1/2272 5331/1/5330 2376/1/2376 338/1/338
f 311/1/311 2238/1/2238 5332/1/5331 2233/1/2233
f 2238/1/2238 387/1/387 2384/1/2384 5332/1/5331
f 5332/1/5331 2384/1/2384 386/1/386 2374/1/2374
f 2233/1/2233 5332/1/5331 2374/1/2374 312/1/312
f 286/1/286 2186/1/2186 5333/1/5332 2385/1/2385
f 2186/1/2186 288/1/288 2373/1/2373 5333/1/5332
f 5333/1/5332 2373/1/2373 360/1/360 2378/1/2378
f 2385/1/2385 5333/1/5332 2378/1/2378 390/1/390
f 284/1/284 2183/1/2183 5334/1/5333 2386/1/2386
f 2183/1/2183 286/1/286 2385/1/2385 5334/1/5333
f 5334/1/5333 2385/1/2385 390/1/390 2321/1/2321
f 2386/1/2386 5334/1/5333 2321/1/2321 362/1/362
f 392/1/392 2392/1/2392 5335/1/5334 2388/1/2388
f 2392/1/2392 244/1/244 2087/1/2087 5335/1/5334
f 5335/1/5334 2087/1/2087 243/1/243 2393/1/2393
f 2388/1/2388 5335/1/5334 2393/1/2393 393/1/393
f 393/1/393 2393/1/2393 5336/1/5335 2389/1/2389
f 2393/1/2393 243/1/243 2086/1/2086 5336/1/5335
f 5336/1/5335 2086/1/2086 242/1/242 2394/1/2394
f 2389/1/2389 5336/1/5335 2394/1/2394 394/1/394
f 394/1/394 2394/1/2394 5337/1/5336 2390/1/2390
f 2394/1/2394 242/1/242 2085/1/2085 5337/1/5336
f 5337/1/5336 2085/1/2085 241/1/241 2395/1/2395
f 2390/1/2390 5337/1/5336 2395/1/2395 395/1/395
f 244/1/244 2392/1/2392 5338/1/5337 2088/1/2088
f 2392/1/2392 392/1/392 2387/1/2387 5338/1/5337
f 5338/1/5337 2387/1/2387 381/1/381 2235/1/2235
f 2088/1/2088 5338/1/5337 2235/1/2235 245/1/245
f 241/1/241 2084/1/2084 5339/1/5338 2395/1/2395
f 2084/1/2084 240/1/240 2199/1/2199 5339/1/5338
f 5339/1/5338 2199/1/2199 297/1/297 2391/1/2391
f 2395/1/2395 5339/1/5338 2391/1/2391 395/1/395
f 400/1/400 2405/1/2405 5340/1/5339 2411/1/2411
f 2405/1/2405 392/1/392 2388/1/2388 5340/1/5339
f 5340/1/5339 2388/1/2388 393/1/393 2402/1/2402
f 2411/1/2411 5340/1/5339 2402/1/2402 401/1/401
f 401/1/401 2402/1/2402 5341/1/5340 2410/1/2410
f 2402/1/2402 393/1/393 2389/1/2389 5341/1/5340
f 5341/1/5340 2389/1/2389 394/1/394 2403/1/2403
f 2410/1/2410 5341/1/5340 2403/1/2403 402/1/402
f 402/1/402 2403/1/2403 5342/1/5341 2409/1/2409
f 2403/1/2403 394/1/394 2390/1/2390 5342/1/5341
f 5342/1/5341 2390/1/2390 395/1/395 2404/1/2404
f 2409/1/2409 5342/1/5341 2404/1/2404 403/1/403
f 397/1/397 2407/1/2407 5343/1/5342 2397/1/2397
f 2407/1/2407 402/1/402 2409/1/2409 5343/1/5342
f 5343/1/5342 2409/1/2409 403/1/403 2408/1/2408
f 2397/1/2397 5343/1/5342 2408/1/2408 396/1/396
f 398/1/398 2406/1/2406 5344/1/5343 2398/1/2398
f 2406/1/2406 401/1/401 2410/1/2410 5344/1/5343
f 5344/1/5343 2410/1/2410 402/1/402 2407/1/2407
f 2398/1/2398 5344/1/5343 2407/1/2407 397/1/397
f 399/1/399 2401/1/2401 5345/1/5344 2399/1/2399
f 2401/1/2401 400/1/400 2411/1/2411 5345/1/5344
f 5345/1/5344 2411/1/2411 401/1/401 2406/1/2406
f 2399/1/2399 5345/1/5344 2406/1/2406 398/1/398
f 311/1/311 2362/1/2362 5346/1/5345 2412/1/2412
f 2362/1/2362 381/1/381 2387/1/2387 5346/1/5345
f 5346/1/5345 2387/1/2387 392/1/392 2405/1/2405
f 2412/1/2412 5346/1/5345 2405/1/2405 400/1/400
f 387/1/387 2238/1/2238 5347/1/5346 2400/1/2400
f 2238/1/2238 311/1/311 2412/1/2412 5347/1/5346
f 5347/1/5346 2412/1/2412 400/1/400 2401/1/2401
f 2400/1/2400 5347/1/5346 2401/1/2401 399/1/399
f 279/1/279 2173/1/2173 5348/1/5347 2413/1/2413
f 2173/1/2173 280/1/280 2396/1/2396 5348/1/5347
f 5348/1/5347 2396/1/2396 396/1/396 2408/1/2408
f 2413/1/2413 5348/1/5347 2408/1/2408 403/1/403
f 297/1/297 2171/1/2171 5349/1/5348 2391/1/2391
f 2171/1/2171 279/1/279 2413/1/2413 5349/1/5348
f 5349/1/5348 2413/1/2413 403/1/403 2404/1/2404
f 2391/1/2391 5349/1/5348 2404/1/2404 395/1/395
f 284/1/284 2415/1/2415 5350/1/5349 2180/1/2180
f 2415/1/2415 405/1/405 2414/1/2414 5350/1/5349
f 5350/1/5349 2414/1/2414 404/1/404 2416/1/2416
f 2180/1/2180 5350/1/5349 2416/1/2416 282/1/282
f 405/1/405 2418/1/2418 5351/1/5350 2414/1/2414
f 2418/1/2418 407/1/407 2417/1/2417 5351/1/5350
f 5351/1/5350 2417/1/2417 406/1/406 2419/1/2419
f 2414/1/2414 5351/1/5350 2419/1/2419 404/1/404
f 407/1/407 2421/1/2421 5352/1/5351 2417/1/2417
f 2421/1/2421 409/1/409 2420/1/2420 5352/1/5351
f 5352/1/5351 2420/1/2420 408/1/408 2422/1/2422
f 2417/1/2417 5352/1/5351 2422/1/2422 406/1/406
f 409/1/409 2424/1/2424 5353/1/5352 2420/1/2420
f 2424/1/2424 411/1/411 2423/1/2423 5353/1/5352
f 5353/1/5352 2423/1/2423 410/1/410 2425/1/2425
f 2420/1/2420 5353/1/5352 2425/1/2425 408/1/408
f 411/1/411 2427/1/2427 5354/1/5353 2423/1/2423
f 2427/1/2427 413/1/413 2426/1/2426 5354/1/5353
f 5354/1/5353 2426/1/2426 412/1/412 2428/1/2428
f 2423/1/2423 5354/1/5353 2428/1/2428 410/1/410
f 361/1/361 2349/1/2349 5355/1/5354 2325/1/2325
f 2349/1/2349 340/1/340 2431/1/2431 5355/1/5354
f 5355/1/5354 2431/1/2431 416/1/416 2435/1/2435
f 2325/1/2325 5355/1/5354 2435/1/2435 419/1/419
f 361/1/361 2325/1/2325 5356/1/5355 2320/1/2320
f 2325/1/2325 419/1/419 2436/1/2436 5356/1/5355
f 5356/1/5355 2436/1/2436 418/1/418 2433/1/2433
f 2320/1/2320 5356/1/5355 2433/1/2433 362/1/362
f 314/1/314 2429/1/2429 5357/1/5356 2315/1/2315
f 2429/1/2429 414/1/414 2437/1/2437 5357/1/5356
f 5357/1/5356 2437/1/2437 417/1/417 2280/1/2280
f 2315/1/2315 5357/1/5356 2280/1/2280 339/1/339
f 339/1/339 2280/1/2280 5358/1/5357 2275/1/2275
f 2280/1/2280 417/1/417 2438/1/2438 5358/1/5357
f 5358/1/5357 2438/1/2438 416/1/416 2431/1/2431
f 2275/1/2275 5358/1/5357 2431/1/2431 340/1/340
f 313/1/313 2241/1/2241 5359/1/5358 2236/1/2236
f 2241/1/2241 415/1/415 2439/1/2439 5359/1/5358
f 5359/1/5358 2439/1/2439 414/1/414 2429/1/2429
f 2236/1/2236 5359/1/5358 2429/1/2429 314/1/314
f 362/1/362 2433/1/2433 5360/1/5359 2386/1/2386
f 2433/1/2433 418/1/418 2440/1/2440 5360/1/5359
f 5360/1/5359 2440/1/2440 405/1/405 2415/1/2415
f 2386/1/2386 5360/1/5359 2415/1/2415 284/1/284
f 418/1/418 2324/1/2324 5361/1/5360 2440/1/2440
f 2324/1/2324 364/1/364 2441/1/2441 5361/1/5360
f 5361/1/5360 2441/1/2441 407/1/407 2418/1/2418
f 2440/1/2440 5361/1/5360 2418/1/2418 405/1/405
f 364/1/364 2327/1/2327 5362/1/5361 2441/1/2441
f 2327/1/2327 366/1/366 2442/1/2442 5362/1/5361
f 5362/1/5361 2442/1/2442 409/1/409 2421/1/2421
f 2441/1/2441 5362/1/5361 2421/1/2421 407/1/407
f 366/1/366 2330/1/2330 5363/1/5362 2442/1/2442
f 2330/1/2330 368/1/368 2443/1/2443 5363/1/5362
f 5363/1/5362 2443/1/2443 411/1/411 2424/1/2424
f 2442/1/2442 5363/1/5362 2424/1/2424 409/1/409
f 368/1/368 2333/1/2333 5364/1/5363 2443/1/2443
f 2333/1/2333 370/1/370 2444/1/2444 5364/1/5363
f 5364/1/5363 2444/1/2444 413/1/413 2427/1/2427
f 2443/1/2443 5364/1/5363 2427/1/2427 411/1/411
f 334/1/334 2461/1/2461 5365/1/5364 2347/1/2347
f 424/1/424 2450/1/2450 5365/1/5364 2461/1/2461
f 378/1/378 2347/1/2347 5365/1/5364 2450/1/2450
f 378/1/378 2450/1/2450 5366/1/5365 2345/1/2345
f 2450/1/2450 424/1/424 2458/1/2458 5366/1/5365
f 5366/1/5365 2458/1/2458 427/1/427 2457/1/2457
f 2345/1/2345 5366/1/5365 2457/1/2457 376/1/376
f 376/1/376 2457/1/2457 5367/1/5366 2342/1/2342
f 2457/1/2457 427/1/427 2459/1/2459 5367/1/5366
f 5367/1/5366 2459/1/2459 426/1/426 2456/1/2456
f 2342/1/2342 5367/1/5366 2456/1/2456 374/1/374
f 374/1/374 2456/1/2456 5368/1/5367 2339/1/2339
f 2456/1/2456 426/1/426 2460/1/2460 5368/1/5367
f 5368/1/5367 2460/1/2460 425/1/425 2455/1/2455
f 2339/1/2339 5368/1/5367 2455/1/2455 372/1/372
f 372/1/372 2455/1/2455 5369/1/5368 2336/1/2336
f 2455/1/2455 425/1/425 2462/1/2462 5369/1/5368
f 5369/1/5368 2462/1/2462 413/1/413 2444/1/2444
f 2336/1/2336 5369/1/5368 2444/1/2444 370/1/370
f 424/1/424 2454/1/2454 5370/1/5369 2458/1/2458
f 2454/1/2454 423/1/423 2448/1/2448 5370/1/5369
f 5370/1/5369 2448/1/2448 422/1/422 2451/1/2451
f 2458/1/2458 5370/1/5369 2451/1/2451 427/1/427
f 427/1/427 2451/1/2451 5371/1/5370 2459/1/2459
f 2451/1/2451 422/1/422 2447/1/2447 5371/1/5370
f 5371/1/5370 2447/1/2447 421/1/421 2452/1/2452
f 2459/1/2459 5371/1/5370 2452/1/2452 426/1/426
f 426/1/426 2452/1/2452 5372/1/5371 2460/1/2460
f 2452/1/2452 421/1/421 2446/1/2446 5372/1/5371
f 5372/1/5371 2446/1/2446 420/1/420 2453/1/2453
f 2460/1/2460 5372/1/5371 2453/1/2453 425/1/425
f 424/1/424 2461/1/2461 5373/1/5372 2454/1/2454
f 2461/1/2461 334/1/334 2266/1/2266 5373/1/5372
f 5373/1/5372 2266/1/2266 333/1/333 2449/1/2449
f 2454/1/2454 5373/1/5372 2449/1/2449 423/1/423
f 412/1/412 2426/1/2426 5374/1/5373 2445/1/2445
f 2426/1/2426 413/1/413 2462/1/2462 5374/1/5373
f 5374/1/5373 2462/1/2462 425/1/425 2453/1/2453
f 2445/1/2445 5374/1/5373 2453/1/2453 420/1/420
f 282/1/282 2463/1/2463 5375/1/5374 2177/1/2177
f 2463/1/2463 428/1/428 2464/1/2464 5375/1/5374
f 5375/1/5374 2464/1/2464 396/1/396 2396/1/2396
f 2177/1/2177 5375/1/5374 2396/1/2396 280/1/280
f 387/1/387 2400/1/2400 5376/1/5375 2375/1/2375
f 2400/1/2400 399/1/399 2469/1/2469 5376/1/5375
f 5376/1/5375 2469/1/2469 431/1/431 2468/1/2468
f 2375/1/2375 5376/1/5375 2468/1/2468 313/1/313
f 399/1/399 2399/1/2399 5377/1/5376 2469/1/2469
f 2399/1/2399 398/1/398 2470/1/2470 5377/1/5376
f 5377/1/5376 2470/1/2470 430/1/430 2467/1/2467
f 2469/1/2469 5377/1/5376 2467/1/2467 431/1/431
f 398/1/398 2398/1/2398 5378/1/5377 2470/1/2470
f 2398/1/2398 397/1/397 2471/1/2471 5378/1/5377
f 5378/1/5377 2471/1/2471 429/1/429 2466/1/2466
f 2470/1/2470 5378/1/5377 2466/1/2466 430/1/430
f 397/1/397 2397/1/2397 5379/1/5378 2471/1/2471
f 2397/1/2397 396/1/396 2464/1/2464 5379/1/5378
f 5379/1/5378 2464/1/2464 428/1/428 2465/1/2465
f 2471/1/2471 5379/1/5378 2465/1/2465 429/1/429
f 404/1/404 2472/1/2472 5380/1/5379 2416/1/2416
f 2472/1/2472 432/1/432 2476/1/2476 5380/1/5379
f 5380/1/5379 2476/1/2476 428/1/428 2463/1/2463
f 2416/1/2416 5380/1/5379 2463/1/2463 282/1/282
f 429/1/429 2465/1/2465 5381/1/5380 2477/1/2477
f 2465/1/2465 428/1/428 2476/1/2476 5381/1/5380
f 5381/1/5380 2476/1/2476 432/1/432 2473/1/2473
f 2477/1/2477 5381/1/5380 2473/1/2473 433/1/433
f 430/1/430 2466/1/2466 5382/1/5381 2478/1/2478
f 2466/1/2466 429/1/429 2477/1/2477 5382/1/5381
f 5382/1/5381 2477/1/2477 433/1/433 2474/1/2474
f 2478/1/2478 5382/1/5381 2474/1/2474 434/1/434
f 431/1/431 2467/1/2467 5383/1/5382 2479/1/2479
f 2467/1/2467 430/1/430 2478/1/2478 5383/1/5382
f 5383/1/5382 2478/1/2478 434/1/434 2475/1/2475
f 2479/1/2479 5383/1/5382 2475/1/2475 435/1/435
f 415/1/415 2241/1/2241 5384/1/5383 2480/1/2480
f 2241/1/2241 313/1/313 2468/1/2468 5384/1/5383
f 5384/1/5383 2468/1/2468 431/1/431 2479/1/2479
f 2480/1/2480 5384/1/5383 2479/1/2479 435/1/435
f 434/1/434 2482/1/2482 5385/1/5384 2475/1/2475
f 2482/1/2482 436/1/436 2481/1/2481 5385/1/5384
f 5385/1/5384 2481/1/2481 437/1/437 2483/1/2483
f 2475/1/2475 5385/1/5384 2483/1/2483 435/1/435
f 436/1/436 2485/1/2485 5386/1/5385 2481/1/2481
f 2485/1/2485 438/1/438 2484/1/2484 5386/1/5385
f 5386/1/5385 2484/1/2484 439/1/439 2486/1/2486
f 2481/1/2481 5386/1/5385 2486/1/2486 437/1/437
f 438/1/438 2488/1/2488 5387/1/5386 2484/1/2484
f 2488/1/2488 440/1/440 2487/1/2487 5387/1/5386
f 5387/1/5386 2487/1/2487 441/1/441 2489/1/2489
f 2484/1/2484 5387/1/5386 2489/1/2489 439/1/439
f 440/1/440 2491/1/2491 5388/1/5387 2487/1/2487
f 2491/1/2491 442/1/442 2490/1/2490 5388/1/5387
f 5388/1/5387 2490/1/2490 443/1/443 2492/1/2492
f 2487/1/2487 5388/1/5387 2492/1/2492 441/1/441
f 442/1/442 2494/1/2494 5389/1/5388 2490/1/2490
f 2494/1/2494 444/1/444 2493/1/2493 5389/1/5388
f 5389/1/5388 2493/1/2493 445/1/445 2495/1/2495
f 2490/1/2490 5389/1/5388 2495/1/2495 443/1/443
f 444/1/444 2497/1/2497 5390/1/5389 2493/1/2493
f 2497/1/2497 446/1/446 2496/1/2496 5390/1/5389
f 5390/1/5389 2496/1/2496 447/1/447 2498/1/2498
f 2493/1/2493 5390/1/5389 2498/1/2498 445/1/445
f 446/1/446 2500/1/2500 5391/1/5390 2496/1/2496
f 2500/1/2500 448/1/448 2499/1/2499 5391/1/5390
f 5391/1/5390 2499/1/2499 449/1/449 2501/1/2501
f 2496/1/2496 5391/1/5390 2501/1/2501 447/1/447
f 448/1/448 2503/1/2503 5392/1/5391 2499/1/2499
f 2503/1/2503 450/1/450 2502/1/2502 5392/1/5391
f 5392/1/5391 2502/1/2502 451/1/451 2504/1/2504
f 2499/1/2499 5392/1/5391 2504/1/2504 449/1/449
f 331/1/331 2265/1/2265 5393/1/5392 2505/1/2505
f 329/1/329 2506/1/2506 5393/1/5392 2265/1/2265
f 451/1/451 2505/1/2505 5393/1/5392 2506/1/2506
f 329/1/329 2262/1/2262 5394/1/5393 2506/1/2506
f 2262/1/2262 327/1/327 2507/1/2507 5394/1/5393
f 5394/1/5393 2507/1/2507 449/1/449 2504/1/2504
f 2506/1/2506 5394/1/5393 2504/1/2504 451/1/451
f 327/1/327 2259/1/2259 5395/1/5394 2507/1/2507
f 2259/1/2259 325/1/325 2508/1/2508 5395/1/5394
f 5395/1/5394 2508/1/2508 447/1/447 2501/1/2501
f 2507/1/2507 5395/1/5394 2501/1/2501 449/1/449
f 325/1/325 2256/1/2256 5396/1/5395 2508/1/2508
f 2256/1/2256 323/1/323 2509/1/2509 5396/1/5395
f 5396/1/5395 2509/1/2509 445/1/445 2498/1/2498
f 2508/1/2508 5396/1/5395 2498/1/2498 447/1/447
f 323/1/323 2253/1/2253 5397/1/5396 2509/1/2509
f 2253/1/2253 321/1/321 2510/1/2510 5397/1/5396
f 5397/1/5396 2510/1/2510 443/1/443 2495/1/2495
f 2509/1/2509 5397/1/5396 2495/1/2495 445/1/445
f 321/1/321 2250/1/2250 5398/1/5397 2510/1/2510
f 2250/1/2250 319/1/319 2511/1/2511 5398/1/5397
f 5398/1/5397 2511/1/2511 441/1/441 2492/1/2492
f 2510/1/2510 5398/1/5397 2492/1/2492 443/1/443
f 319/1/319 2247/1/2247 5399/1/5398 2511/1/2511
f 2247/1/2247 317/1/317 2512/1/2512 5399/1/5398
f 5399/1/5398 2512/1/2512 439/1/439 2489/1/2489
f 2511/1/2511 5399/1/5398 2489/1/2489 441/1/441
f 317/1/317 2244/1/2244 5400/1/5399 2512/1/2512
f 2244/1/2244 315/1/315 2513/1/2513 5400/1/5399
f 5400/1/5399 2513/1/2513 437/1/437 2486/1/2486
f 2512/1/2512 5400/1/5399 2486/1/2486 439/1/439
f 315/1/315 2430/1/2430 5401/1/5400 2513/1/2513
f 2430/1/2430 415/1/415 2480/1/2480 5401/1/5400
f 5401/1/5400 2480/1/2480 435/1/435 2483/1/2483
f 2513/1/2513 5401/1/5400 2483/1/2483 437/1/437
f 432/1/432 2515/1/2515 5402/1/5401 2473/1/2473
f 2515/1/2515 452/1/452 2514/1/2514 5402/1/5401
f 5402/1/5401 2514/1/2514 453/1/453 2516/1/2516
f 2473/1/2473 5402/1/5401 2516/1/2516 433/1/433
f 452/1/452 2518/1/2518 5403/1/5402 2514/1/2514
f 2518/1/2518 454/1/454 2517/1/2517 5403/1/5402
f 5403/1/5402 2517/1/2517 455/1/455 2519/1/2519
f 2514/1/2514 5403/1/5402 2519/1/2519 453/1/453
f 454/1/454 2521/1/2521 5404/1/5403 2517/1/2517
f 2521/1/2521 456/1/456 2520/1/2520 5404/1/5403
f 5404/1/5403 2520/1/2520 457/1/457 2522/1/2522
f 2517/1/2517 5404/1/5403 2522/1/2522 455/1/455
f 456/1/456 2524/1/2524 5405/1/5404 2520/1/2520
f 2524/1/2524 458/1/458 2523/1/2523 5405/1/5404
f 5405/1/5404 2523/1/2523 459/1/459 2525/1/2525
f 2520/1/2520 5405/1/5404 2525/1/2525 457/1/457
f 458/1/458 2527/1/2527 5406/1/5405 2523/1/2523
f 2527/1/2527 460/1/460 2526/1/2526 5406/1/5405
f 5406/1/5405 2526/1/2526 461/1/461 2528/1/2528
f 2523/1/2523 5406/1/5405 2528/1/2528 459/1/459
f 460/1/460 2530/1/2530 5407/1/5406 2526/1/2526
f 2530/1/2530 462/1/462 2529/1/2529 5407/1/5406
f 5407/1/5406 2529/1/2529 463/1/463 2531/1/2531
f 2526/1/2526 5407/1/5406 2531/1/2531 461/1/461
f 462/1/462 2533/1/2533 5408/1/5407 2529/1/2529
f 2533/1/2533 464/1/464 2532/1/2532 5408/1/5407
f 5408/1/5407 2532/1/2532 465/1/465 2534/1/2534
f 2529/1/2529 5408/1/5407 2534/1/2534 463/1/463
f 464/1/464 2536/1/2536 5409/1/5408 2532/1/2532
f 2536/1/2536 466/1/466 2535/1/2535 5409/1/5408
f 5409/1/5408 2535/1/2535 467/1/467 2537/1/2537
f 2532/1/2532 5409/1/5408 2537/1/2537 465/1/465
f 452/1/452 2538/1/2538 5410/1/5409 2518/1/2518
f 2538/1/2538 406/1/406 2422/1/2422 5410/1/5409
f 5410/1/5409 2422/1/2422 408/1/408 2539/1/2539
f 2518/1/2518 5410/1/5409 2539/1/2539 454/1/454
f 454/1/454 2539/1/2539 5411/1/5410 2521/1/2521
f 2539/1/2539 408/1/408 2425/1/2425 5411/1/5410
f 5411/1/5410 2425/1/2425 410/1/410 2540/1/2540
f 2521/1/2521 5411/1/5410 2540/1/2540 456/1/456
f 456/1/456 2540/1/2540 5412/1/5411 2524/1/2524
f 2540/1/2540 410/1/410 2428/1/2428 5412/1/5411
f 5412/1/5411 2428/1/2428 412/1/412 2541/1/2541
f 2524/1/2524 5412/1/5411 2541/1/2541 458/1/458
f 458/1/458 2541/1/2541 5413/1/5412 2527/1/2527
f 2541/1/2541 412/1/412 2445/1/2445 5413/1/5412
f 5413/1/5412 2445/1/2445 420/1/420 2542/1/2542
f 2527/1/2527 5413/1/5412 2542/1/2542 460/1/460
f 460/1/460 2542/1/2542 5414/1/5413 2530/1/2530
f 2542/1/2542 420/1/420 2446/1/2446 5414/1/5413
f 5414/1/5413 2446/1/2446 421/1/421 2543/1/2543
f 2530/1/2530 5414/1/5413 2543/1/2543 462/1/462
f 462/1/462 2543/1/2543 5415/1/5414 2533/1/2533
f 2543/1/2543 421/1/421 2447/1/2447 5415/1/5414
f 5415/1/5414 2447/1/2447 422/1/422 2544/1/2544
f 2533/1/2533 5415/1/5414 2544/1/2544 464/1/464
f 464/1/464 2544/1/2544 5416/1/5415 2536/1/2536
f 2544/1/2544 422/1/422 2448/1/2448 5416/1/5415
f 5416/1/5415 2448/1/2448 423/1/423 2545/1/2545
f 2536/1/2536 5416/1/5415 2545/1/2545 466/1/466
f 404/1/404 2419/1/2419 5417/1/5416 2472/1/2472
f 2419/1/2419 406/1/406 2538/1/2538 5417/1/5416
f 5417/1/5416 2538/1/2538 452/1/452 2515/1/2515
f 2472/1/2472 5417/1/5416 2515/1/2515 432/1/432
f 467/1/467 2546/1/2546 5418/1/5417 2537/1/2537
f 2546/1/2546 450/1/450 2503/1/2503 5418/1/5417
f 5418/1/5417 2503/1/2503 448/1/448 2547/1/2547
f 2537/1/2537 5418/1/5417 2547/1/2547 465/1/465
f 465/1/465 2547/1/2547 5419/1/5418 2534/1/2534
f 2547/1/2547 448/1/448 2500/1/2500 5419/1/5418
f 5419/1/5418 2500/1/2500 446/1/446 2548/1/2548
f 2534/1/2534 5419/1/5418 2548/1/2548 463/1/463
f 463/1/463 2548/1/2548 5420/1/5419 2531/1/2531
f 2548/1/2548 446/1/446 2497/1/2497 5420/1/5419
f 5420/1/5419 2497/1/2497 444/1/444 2549/1/2549
f 2531/1/2531 5420/1/5419 2549/1/2549 461/1/461
f 461/1/461 2549/1/2549 5421/1/5420 2528/1/2528
f 2549/1/2549 444/1/444 2494/1/2494 5421/1/5420
f 5421/1/5420 2494/1/2494 442/1/442 2550/1/2550
f 2528/1/2528 5421/1/5420 2550/1/2550 459/1/459
f 459/1/459 2550/1/2550 5422/1/5421 2525/1/2525
f 2550/1/2550 442/1/442 2491/1/2491 5422/1/5421
f 5422/1/5421 2491/1/2491 440/1/440 2551/1/2551
f 2525/1/2525 5422/1/5421 2551/1/2551 457/1/457
f 457/1/457 2551/1/2551 5423/1/5422 2522/1/2522
f 2551/1/2551 440/1/440 2488/1/2488 5423/1/5422
f 5423/1/5422 2488/1/2488 438/1/438 2552/1/2552
f 2522/1/2522 5423/1/5422 2552/1/2552 455/1/455
f 455/1/455 2552/1/2552 5424/1/5423 2519/1/2519
f 2552/1/2552 438/1/438 2485/1/2485 5424/1/5423
f 5424/1/5423 2485/1/2485 436/1/436 2553/1/2553
f 2519/1/2519 5424/1/5423 2553/1/2553 453/1/453
f 434/1/434 2474/1/2474 5425/1/5424 2482/1/2482
f 2474/1/2474 433/1/433 2516/1/2516 5425/1/5424
f 5425/1/5424 2516/1/2516 453/1/453 2553/1/2553
f 2482/1/2482 5425/1/5424 2553/1/2553 436/1/436
f 336/1/336 2555/1/2555 5426/1/5425 2270/1/2270
f 2555/1/2555 467/1/467 2535/1/2535 5426/1/5425
f 5426/1/5425 2535/1/2535 466/1/466 2554/1/2554
f 2270/1/2270 5426/1/5425 2554/1/2554 333/1/333
f 423/1/423 2449/1/2449 5427/1/5426 2545/1/2545
f 333/1/333 2554/1/2554 5427/1/5426 2449/1/2449
f 466/1/466 2545/1/2545 5427/1/5426 2554/1/2554
f 336/1/336 2268/1/2268 5428/1/5427 2555/1/2555
f 2268/1/2268 331/1/331 2556/1/2556 5428/1/5427
f 5428/1/5427 2556/1/2556 450/1/450 2546/1/2546
f 2555/1/2555 5428/1/5427 2546/1/2546 467/1/467
f 450/1/450 2556/1/2556 5429/1/5428 2502/1/2502
f 331/1/331 2505/1/2505 5429/1/5428 2556/1/2556
f 451/1/451 2502/1/2502 5429/1/5428 2505/1/2505
f 253/1/253 2558/1/2558 5430/1/5429 2097/1/2097
f 2558/1/2558 468/1/468 2557/1/2557 5430/1/5429
f 5430/1/5429 2557/1/2557 469/1/469 2559/1/2559
f 2097/1/2097 5430/1/5429 2559/1/2559 254/1/254
f 468/1/468 2561/1/2561 5431/1/5430 2557/1/2557
f 2561/1/2561 470/1/470 2560/1/2560 5431/1/5430
f 5431/1/5430 2560/1/2560 471/1/471 2562/1/2562
f 2557/1/2557 5431/1/5430 2562/1/2562 469/1/469
f 470/1/470 2564/1/2564 5432/1/5431 2560/1/2560
f 2564/1/2564 472/1/472 2563/1/2563 5432/1/5431
f 5432/1/5431 2563/1/2563 473/1/473 2565/1/2565
f 2560/1/2560 5432/1/5431 2565/1/2565 471/1/471
f 474/1/474 2567/1/2567 5433/1/5432 2681/1/2681
f 2567/1/2567 472/1/472 2600/1/2600 5433/1/5432
f 5433/1/5432 2600/1/2600 287/1/287 2693/1/2693
f 2681/1/2681 5433/1/5432 2693/1/2693 536/1/536
f 483/1/483 2575/1/2575 5434/1/5433 2579/1/2579
f 2575/1/2575 480/1/480 2576/1/2576 5434/1/5433
f 5434/1/5433 2576/1/2576 481/1/481 2574/1/2574
f 2579/1/2579 5434/1/5433 2574/1/2574 482/1/482
f 480/1/480 2572/1/2572 5435/1/5434 2576/1/2576
f 2572/1/2572 479/1/479 2573/1/2573 5435/1/5434
f 5435/1/5434 2573/1/2573 478/1/478 2569/1/2569
f 2576/1/2576 5435/1/5434 2569/1/2569 481/1/481
f 484/1/484 2578/1/2578 5436/1/5435 2582/1/2582
f 2578/1/2578 483/1/483 2579/1/2579 5436/1/5435
f 5436/1/5435 2579/1/2579 482/1/482 2577/1/2577
f 2582/1/2582 5436/1/5435 2577/1/2577 485/1/485
f 477/1/477 2581/1/2581 5437/1/5436 2571/1/2571
f 2581/1/2581 484/1/484 2582/1/2582 5437/1/5436
f 5437/1/5436 2582/1/2582 485/1/485 2580/1/2580
f 2571/1/2571 5437/1/5436 2580/1/2580 476/1/476
f 474/1/474 2570/1/2570 5438/1/5437 2566/1/2566
f 2570/1/2570 477/1/477 2571/1/2571 5438/1/5437
f 5438/1/5437 2571/1/2571 476/1/476 2583/1/2583
f 2566/1/2566 5438/1/5437 2583/1/2583 475/1/475
f 479/1/479 2585/1/2585 5439/1/5438 2573/1/2573
f 2585/1/2585 487/1/487 2584/1/2584 5439/1/5438
f 5439/1/5438 2584/1/2584 486/1/486 2586/1/2586
f 2573/1/2573 5439/1/5438 2586/1/2586 478/1/478
f 487/1/487 2588/1/2588 5440/1/5439 2584/1/2584
f 2588/1/2588 489/1/489 2587/1/2587 5440/1/5439
f 5440/1/5439 2587/1/2587 488/1/488 2589/1/2589
f 2584/1/2584 5440/1/5439 2589/1/2589 486/1/486
f 489/1/489 2591/1/2591 5441/1/5440 2587/1/2587
f 2591/1/2591 491/1/491 2590/1/2590 5441/1/5440
f 5441/1/5440 2590/1/2590 490/1/490 2592/1/2592
f 2587/1/2587 5441/1/5440 2592/1/2592 488/1/488
f 491/1/491 2594/1/2594 5442/1/5441 2590/1/2590
f 2594/1/2594 493/1/493 2593/1/2593 5442/1/5441
f 5442/1/5441 2593/1/2593 492/1/492 2595/1/2595
f 2590/1/2590 5442/1/5441 2595/1/2595 490/1/490
f 493/1/493 2597/1/2597 5443/1/5442 2593/1/2593
f 2597/1/2597 495/1/495 2596/1/2596 5443/1/5442
f 5443/1/5442 2596/1/2596 494/1/494 2598/1/2598
f 2593/1/2593 5443/1/5442 2598/1/2598 492/1/492
f 253/1/253 2096/1/2096 5444/1/5443 2558/1/2558
f 2096/1/2096 252/1/252 2192/1/2192 5444/1/5443
f 5444/1/5443 2192/1/2192 291/1/291 2599/1/2599
f 2558/1/2558 5444/1/5443 2599/1/2599 468/1/468
f 475/1/475 2676/1/2676 5445/1/5444 2568/1/2568
f 2676/1/2676 521/1/521 2651/1/2651 5445/1/5444
f 5445/1/5444 2651/1/2651 520/1/520 2674/1/2674
f 2568/1/2568 5445/1/5444 2674/1/2674 473/1/473
f 289/1/289 2187/1/2187 5446/1/5445 2601/1/2601
f 2187/1/2187 287/1/287 2600/1/2600 5446/1/5445
f 5446/1/5445 2600/1/2600 472/1/472 2564/1/2564
f 2601/1/2601 5446/1/5445 2564/1/2564 470/1/470
f 291/1/291 2190/1/2190 5447/1/5446 2599/1/2599
f 2190/1/2190 289/1/289 2601/1/2601 5447/1/5446
f 5447/1/5446 2601/1/2601 470/1/470 2561/1/2561
f 2599/1/2599 5447/1/5446 2561/1/2561 468/1/468
f 516/1/516 2642/1/2642 5448/1/5447 2644/1/2644
f 2642/1/2642 496/1/496 2602/1/2602 5448/1/5447
f 5448/1/5447 2602/1/2602 497/1/497 2604/1/2604
f 2644/1/2644 5448/1/5447 2604/1/2604 517/1/517
f 496/1/496 2606/1/2606 5449/1/5448 2602/1/2602
f 2606/1/2606 498/1/498 2605/1/2605 5449/1/5448
f 5449/1/5448 2605/1/2605 499/1/499 2607/1/2607
f 2602/1/2602 5449/1/5448 2607/1/2607 497/1/497
f 500/1/500 2612/1/2612 5450/1/5449 2608/1/2608
f 2612/1/2612 502/1/502 2611/1/2611 5450/1/5449
f 5450/1/5449 2611/1/2611 503/1/503 2613/1/2613
f 2608/1/2608 5450/1/5449 2613/1/2613 501/1/501
f 502/1/502 2615/1/2615 5451/1/5450 2611/1/2611
f 2615/1/2615 504/1/504 2614/1/2614 5451/1/5450
f 5451/1/5450 2614/1/2614 505/1/505 2616/1/2616
f 2611/1/2611 5451/1/5450 2616/1/2616 503/1/503
f 504/1/504 2618/1/2618 5452/1/5451 2614/1/2614
f 2618/1/2618 506/1/506 2617/1/2617 5452/1/5451
f 5452/1/5451 2617/1/2617 507/1/507 2619/1/2619
f 2614/1/2614 5452/1/5451 2619/1/2619 505/1/505
f 499/1/499 2605/1/2605 5453/1/5452 2610/1/2610
f 2605/1/2605 498/1/498 2609/1/2609 5453/1/5452
f 5453/1/5452 2609/1/2609 500/1/500 2608/1/2608
f 2610/1/2610 5453/1/5452 2608/1/2608 501/1/501
f 506/1/506 2621/1/2621 5454/1/5453 2617/1/2617
f 2621/1/2621 508/1/508 2620/1/2620 5454/1/5453
f 5454/1/5453 2620/1/2620 509/1/509 2622/1/2622
f 2617/1/2617 5454/1/5453 2622/1/2622 507/1/507
f 508/1/508 2624/1/2624 5455/1/5454 2620/1/2620
f 2624/1/2624 510/1/510 2623/1/2623 5455/1/5454
f 5455/1/5454 2623/1/2623 511/1/511 2625/1/2625
f 2620/1/2620 5455/1/5454 2625/1/2625 509/1/509
f 510/1/510 2627/1/2627 5456/1/5455 2623/1/2623
f 2627/1/2627 512/1/512 2626/1/2626 5456/1/5455
f 5456/1/5455 2626/1/2626 513/1/513 2628/1/2628
f 2623/1/2623 5456/1/5455 2628/1/2628 511/1/511
f 512/1/512 2630/1/2630 5457/1/5456 2626/1/2626
f 2630/1/2630 514/1/514 2629/1/2629 5457/1/5456
f 5457/1/5456 2629/1/2629 515/1/515 2631/1/2631
f 2626/1/2626 5457/1/5456 2631/1/2631 513/1/513
f 515/1/515 2632/1/2632 5458/1/5457 2631/1/2631
f 2632/1/2632 535/1/535 2688/1/2688 5458/1/5457
f 5458/1/5457 2688/1/2688 538/1/538 2683/1/2683
f 2631/1/2631 5458/1/5457 2683/1/2683 513/1/513
f 513/1/513 2683/1/2683 5459/1/5458 2628/1/2628
f 2683/1/2683 538/1/538 2694/1/2694 5459/1/5458
f 5459/1/5458 2694/1/2694 540/1/540 2685/1/2685
f 2628/1/2628 5459/1/5458 2685/1/2685 511/1/511
f 511/1/511 2685/1/2685 5460/1/5459 2625/1/2625
f 2685/1/2685 540/1/540 2689/1/2689 5460/1/5459
f 5460/1/5459 2689/1/2689 542/1/542 2687/1/2687
f 2625/1/2625 5460/1/5459 2687/1/2687 509/1/509
f 509/1/509 2687/1/2687 5461/1/5460 2622/1/2622
f 2687/1/2687 542/1/542 2695/1/2695 5461/1/5460
f 5461/1/5460 2695/1/2695 532/1/532 2677/1/2677
f 2622/1/2622 5461/1/5460 2677/1/2677 507/1/507
f 507/1/507 2677/1/2677 5462/1/5461 2619/1/2619
f 2677/1/2677 532/1/532 2690/1/2690 5462/1/5461
f 5462/1/5461 2690/1/2690 533/1/533 2678/1/2678
f 2619/1/2619 5462/1/5461 2678/1/2678 505/1/505
f 505/1/505 2678/1/2678 5463/1/5462 2616/1/2616
f 2678/1/2678 533/1/533 2696/1/2696 5463/1/5462
f 5463/1/5462 2696/1/2696 534/1/534 2679/1/2679
f 2616/1/2616 5463/1/5462 2679/1/2679 503/1/503
f 503/1/503 2679/1/2679 5464/1/5463 2613/1/2613
f 2679/1/2679 534/1/534 2691/1/2691 5464/1/5463
f 5464/1/5463 2691/1/2691 537/1/537 2682/1/2682
f 2613/1/2613 5464/1/5463 2682/1/2682 501/1/501
f 501/1/501 2682/1/2682 5465/1/5464 2610/1/2610
f 2682/1/2682 537/1/537 2697/1/2697 5465/1/5464
f 5465/1/5464 2697/1/2697 539/1/539 2684/1/2684
f 2610/1/2610 5465/1/5464 2684/1/2684 499/1/499
f 499/1/499 2684/1/2684 5466/1/5465 2607/1/2607
f 2684/1/2684 539/1/539 2692/1/2692 5466/1/5465
f 5466/1/5465 2692/1/2692 541/1/541 2686/1/2686
f 2607/1/2607 5466/1/5465 2686/1/2686 497/1/497
f 283/1/283 2603/1/2603 5467/1/5466 2181/1/2181
f 2603/1/2603 516/1/516 2644/1/2644 5467/1/5466
f 5467/1/5466 2644/1/2644 517/1/517 2643/1/2643
f 2181/1/2181 5467/1/5466 2643/1/2643 285/1/285
f 477/1/477 2570/1/2570 5468/1/5467 2641/1/2641
f 2570/1/2570 474/1/474 2681/1/2681 5468/1/5467
f 5468/1/5467 2681/1/2681 536/1/536 2698/1/2698
f 2641/1/2641 5468/1/5467 2698/1/2698 541/1/541
f 518/1/518 2647/1/2647 5469/1/5468 2646/1/2646
f 2647/1/2647 268/1/268 2154/1/2154 5469/1/5468
f 5469/1/5468 2154/1/2154 256/1/256 2099/1/2099
f 2646/1/2646 5469/1/5468 2099/1/2099 255/1/255
f 255/1/255 2098/1/2098 5470/1/5469 2646/1/2646
f 2098/1/2098 254/1/254 2559/1/2559 5470/1/5469
f 5470/1/5469 2559/1/2559 469/1/469 2648/1/2648
f 2646/1/2646 5470/1/5469 2648/1/2648 518/1/518
f 293/1/293 2158/1/2158 5471/1/5470 2653/1/2653
f 2158/1/2158 268/1/268 2647/1/2647 5471/1/5470
f 5471/1/5470 2647/1/2647 518/1/518 2649/1/2649
f 2653/1/2653 5471/1/5470 2649/1/2649 519/1/519
f 270/1/270 2194/1/2194 5472/1/5471 2654/1/2654
f 2194/1/2194 293/1/293 2653/1/2653 5472/1/5471
f 5472/1/5471 2653/1/2653 519/1/519 2650/1/2650
f 2654/1/2654 5472/1/5471 2650/1/2650 520/1/520
f 522/1/522 2664/1/2664 5473/1/5472 2655/1/2655
f 2664/1/2664 476/1/476 2580/1/2580 5473/1/5472
f 5473/1/5472 2580/1/2580 485/1/485 2665/1/2665
f 2655/1/2655 5473/1/5472 2665/1/2665 523/1/523
f 523/1/523 2665/1/2665 5474/1/5473 2656/1/2656
f 2665/1/2665 485/1/485 2577/1/2577 5474/1/5473
f 5474/1/5473 2577/1/2577 482/1/482 2666/1/2666
f 2656/1/2656 5474/1/5473 2666/1/2666 524/1/524
f 524/1/524 2666/1/2666 5475/1/5474 2657/1/2657
f 2666/1/2666 482/1/482 2574/1/2574 5475/1/5474
f 5475/1/5474 2574/1/2574 481/1/481 2667/1/2667
f 2657/1/2657 5475/1/5474 2667/1/2667 525/1/525
f 525/1/525 2667/1/2667 5476/1/5475 2658/1/2658
f 2667/1/2667 481/1/481 2569/1/2569 5476/1/5475
f 5476/1/5475 2569/1/2569 478/1/478 2668/1/2668
f 2658/1/2658 5476/1/5475 2668/1/2668 526/1/526
f 526/1/526 2668/1/2668 5477/1/5476 2659/1/2659
f 2668/1/2668 478/1/478 2586/1/2586 5477/1/5476
f 5477/1/5476 2586/1/2586 486/1/486 2669/1/2669
f 2659/1/2659 5477/1/5476 2669/1/2669 527/1/527
f 527/1/527 2669/1/2669 5478/1/5477 2663/1/2663
f 2669/1/2669 486/1/486 2589/1/2589 5478/1/5477
f 5478/1/5477 2589/1/2589 488/1/488 2670/1/2670
f 2663/1/2663 5478/1/5477 2670/1/2670 531/1/531
f 531/1/531 2670/1/2670 5479/1/5478 2660/1/2660
f 2670/1/2670 488/1/488 2592/1/2592 5479/1/5478
f 5479/1/5478 2592/1/2592 490/1/490 2671/1/2671
f 2660/1/2660 5479/1/5478 2671/1/2671 528/1/528
f 528/1/528 2671/1/2671 5480/1/5479 2661/1/2661
f 2671/1/2671 490/1/490 2595/1/2595 5480/1/5479
f 5480/1/5479 2595/1/2595 492/1/492 2672/1/2672
f 2661/1/2661 5480/1/5479 2672/1/2672 529/1/529
f 529/1/529 2672/1/2672 5481/1/5480 2662/1/2662
f 2672/1/2672 492/1/492 2598/1/2598 5481/1/5480
f 5481/1/5480 2598/1/2598 494/1/494 2673/1/2673
f 2662/1/2662 5481/1/5480 2673/1/2673 530/1/530
f 285/1/285 2643/1/2643 5482/1/5481 2184/1/2184
f 2643/1/2643 517/1/517 2645/1/2645 5482/1/5481
f 5482/1/5481 2645/1/2645 536/1/536 2693/1/2693
f 2184/1/2184 5482/1/5481 2693/1/2693 287/1/287
f 471/1/471 2675/1/2675 5483/1/5482 2562/1/2562
f 2675/1/2675 519/1/519 2649/1/2649 5483/1/5482
f 5483/1/5482 2649/1/2649 518/1/518 2648/1/2648
f 2562/1/2562 5483/1/5482 2648/1/2648 469/1/469
f 473/1/473 2674/1/2674 5484/1/5483 2565/1/2565
f 2674/1/2674 520/1/520 2650/1/2650 5484/1/5483
f 5484/1/5483 2650/1/2650 519/1/519 2675/1/2675
f 2565/1/2565 5484/1/5483 2675/1/2675 471/1/471
f 476/1/476 2664/1/2664 5485/1/5484 2583/1/2583
f 2664/1/2664 522/1/522 2652/1/2652 5485/1/5484
f 5485/1/5484 2652/1/2652 521/1/521 2676/1/2676
f 2583/1/2583 5485/1/5484 2676/1/2676 475/1/475
f 535/1/535 2680/1/2680 5486/1/5485 2688/1/2688
f 2680/1/2680 495/1/495 2597/1/2597 5486/1/5485
f 5486/1/5485 2597/1/2597 493/1/493 2633/1/2633
f 2688/1/2688 5486/1/5485 2633/1/2633 538/1/538
f 540/1/540 2634/1/2634 5487/1/5486 2689/1/2689
f 2634/1/2634 491/1/491 2591/1/2591 5487/1/5486
f 5487/1/5486 2591/1/2591 489/1/489 2635/1/2635
f 2689/1/2689 5487/1/5486 2635/1/2635 542/1/542
f 532/1/532 2636/1/2636 5488/1/5487 2690/1/2690
f 2636/1/2636 487/1/487 2585/1/2585 5488/1/5487
f 5488/1/5487 2585/1/2585 479/1/479 2637/1/2637
f 2690/1/2690 5488/1/5487 2637/1/2637 533/1/533
f 534/1/534 2638/1/2638 5489/1/5488 2691/1/2691
f 2638/1/2638 480/1/480 2575/1/2575 5489/1/5488
f 5489/1/5488 2575/1/2575 483/1/483 2639/1/2639
f 2691/1/2691 5489/1/5488 2639/1/2639 537/1/537
f 539/1/539 2640/1/2640 5490/1/5489 2692/1/2692
f 2640/1/2640 484/1/484 2581/1/2581 5490/1/5489
f 5490/1/5489 2581/1/2581 477/1/477 2641/1/2641
f 2692/1/2692 5490/1/5489 2641/1/2641 541/1/541
f 538/1/538 2633/1/2633 5491/1/5490 2694/1/2694
f 2633/1/2633 493/1/493 2594/1/2594 5491/1/5490
f 5491/1/5490 2594/1/2594 491/1/491 2634/1/2634
f 2694/1/2694 5491/1/5490 2634/1/2634 540/1/540
f 542/1/542 2635/1/2635 5492/1/5491 2695/1/2695
f 2635/1/2635 489/1/489 2588/1/2588 5492/1/5491
f 5492/1/5491 2588/1/2588 487/1/487 2636/1/2636
f 2695/1/2695 5492/1/5491 2636/1/2636 532/1/532
f 533/1/533 2637/1/2637 5493/1/5492 2696/1/2696
f 2637/1/2637 479/1/479 2572/1/2572 5493/1/5492
f 5493/1/5492 2572/1/2572 480/1/480 2638/1/2638
f 2696/1/2696 5493/1/5492 2638/1/2638 534/1/534
f 537/1/537 2639/1/2639 5494/1/5493 2697/1/2697
f 2639/1/2639 483/1/483 2578/1/2578 5494/1/5493
f 5494/1/5493 2578/1/2578 484/1/484 2640/1/2640
f 2697/1/2697 5494/1/5493 2640/1/2640 539/1/539
f 536/1/536 2645/1/2645 5495/1/5494 2698/1/2698
f 2645/1/2645 517/1/517 2604/1/2604 5495/1/5494
f 5495/1/5494 2604/1/2604 497/1/497 2686/1/2686
f 2698/1/2698 5495/1/5494 2686/1/2686 541/1/541
f 473/1/473 2563/1/2563 5496/1/5495 2568/1/2568
f 2563/1/2563 472/1/472 2567/1/2567 5496/1/5495
f 5496/1/5495 2567/1/2567 474/1/474 2566/1/2566
f 2568/1/2568 5496/1/5495 2566/1/2566 475/1/475
f 301/1/301 2700/1/2700 5497/1/5496 2216/1/2216
f 2700/1/2700 544/1/544 2699/1/2699 5497/1/5496
f 5497/1/5496 2699/1/2699 543/1/543 2701/1/2701
f 2216/1/2216 5497/1/5496 2701/1/2701 281/1/281
f 544/1/544 2703/1/2703 5498/1/5497 2699/1/2699
f 2703/1/2703 546/1/546 2702/1/2702 5498/1/5497
f 5498/1/5497 2702/1/2702 545/1/545 2704/1/2704
f 2699/1/2699 5498/1/5497 2704/1/2704 543/1/543
f 546/1/546 2706/1/2706 5499/1/5498 2702/1/2702
f 2706/1/2706 548/1/548 2705/1/2705 5499/1/5498
f 5499/1/5498 2705/1/2705 547/1/547 2707/1/2707
f 2702/1/2702 5499/1/5498 2707/1/2707 545/1/545
f 548/1/548 2709/1/2709 5500/1/5499 2705/1/2705
f 2709/1/2709 550/1/550 2708/1/2708 5500/1/5499
f 5500/1/5499 2708/1/2708 549/1/549 2710/1/2710
f 2705/1/2705 5500/1/5499 2710/1/2710 547/1/547
f 550/1/550 2712/1/2712 5501/1/5500 2708/1/2708
f 2712/1/2712 552/1/552 2711/1/2711 5501/1/5500
f 5501/1/5500 2711/1/2711 551/1/551 2713/1/2713
f 2708/1/2708 5501/1/5500 2713/1/2713 549/1/549
f 552/1/552 2715/1/2715 5502/1/5501 2711/1/2711
f 2715/1/2715 554/1/554 2714/1/2714 5502/1/5501
f 5502/1/5501 2714/1/2714 553/1/553 2716/1/2716
f 2711/1/2711 5502/1/5501 2716/1/2716 551/1/551
f 554/1/554 2718/1/2718 5503/1/5502 2714/1/2714
f 2718/1/2718 556/1/556 2717/1/2717 5503/1/5502
f 5503/1/5502 2717/1/2717 555/1/555 2719/1/2719
f 2714/1/2714 5503/1/5502 2719/1/2719 553/1/553
f 556/1/556 2721/1/2721 5504/1/5503 2717/1/2717
f 2721/1/2721 558/1/558 2720/1/2720 5504/1/5503
f 5504/1/5503 2720/1/2720 557/1/557 2722/1/2722
f 2717/1/2717 5504/1/5503 2722/1/2722 555/1/555
f 558/1/558 2724/1/2724 5505/1/5504 2720/1/2720
f 2724/1/2724 560/1/560 2723/1/2723 5505/1/5504
f 5505/1/5504 2723/1/2723 559/1/559 2725/1/2725
f 2720/1/2720 5505/1/5504 2725/1/2725 557/1/557
f 560/1/560 2727/1/2727 5506/1/5505 2723/1/2723
f 2727/1/2727 562/1/562 2726/1/2726 5506/1/5505
f 5506/1/5505 2726/1/2726 561/1/561 2728/1/2728
f 2723/1/2723 5506/1/5505 2728/1/2728 559/1/559
f 562/1/562 2730/1/2730 5507/1/5506 2726/1/2726
f 2730/1/2730 564/1/564 2729/1/2729 5507/1/5506
f 5507/1/5506 2729/1/2729 563/1/563 2731/1/2731
f 2726/1/2726 5507/1/5506 2731/1/2731 561/1/561
f 563/1/563 2732/1/2732 5508/1/5507 2731/1/2731
f 2732/1/2732 514/1/514 2630/1/2630 5508/1/5507
f 5508/1/5507 2630/1/2630 512/1/512 2733/1/2733
f 2731/1/2731 5508/1/5507 2733/1/2733 561/1/561
f 561/1/561 2733/1/2733 5509/1/5508 2728/1/2728
f 2733/1/2733 512/1/512 2627/1/2627 5509/1/5508
f 5509/1/5508 2627/1/2627 510/1/510 2734/1/2734
f 2728/1/2728 5509/1/5508 2734/1/2734 559/1/559
f 559/1/559 2734/1/2734 5510/1/5509 2725/1/2725
f 2734/1/2734 510/1/510 2624/1/2624 5510/1/5509
f 5510/1/5509 2624/1/2624 508/1/508 2735/1/2735
f 2725/1/2725 5510/1/5509 2735/1/2735 557/1/557
f 557/1/557 2735/1/2735 5511/1/5510 2722/1/2722
f 2735/1/2735 508/1/508 2621/1/2621 5511/1/5510
f 5511/1/5510 2621/1/2621 506/1/506 2736/1/2736
f 2722/1/2722 5511/1/5510 2736/1/2736 555/1/555
f 555/1/555 2736/1/2736 5512/1/5511 2719/1/2719
f 2736/1/2736 506/1/506 2618/1/2618 5512/1/5511
f 5512/1/5511 2618/1/2618 504/1/504 2737/1/2737
f 2719/1/2719 5512/1/5511 2737/1/2737 553/1/553
f 553/1/553 2737/1/2737 5513/1/5512 2716/1/2716
f 2737/1/2737 504/1/504 2615/1/2615 5513/1/5512
f 5513/1/5512 2615/1/2615 502/1/502 2738/1/2738
f 2716/1/2716 5513/1/5512 2738/1/2738 551/1/551
f 551/1/551 2738/1/2738 5514/1/5513 2713/1/2713
f 2738/1/2738 502/1/502 2612/1/2612 5514/1/5513
f 5514/1/5513 2612/1/2612 500/1/500 2739/1/2739
f 2713/1/2713 5514/1/5513 2739/1/2739 549/1/549
f 549/1/549 2739/1/2739 5515/1/5514 2710/1/2710
f 2739/1/2739 500/1/500 2609/1/2609 5515/1/5514
f 5515/1/5514 2609/1/2609 498/1/498 2740/1/2740
f 2710/1/2710 5515/1/5514 2740/1/2740 547/1/547
f 547/1/547 2740/1/2740 5516/1/5515 2707/1/2707
f 2740/1/2740 498/1/498 2606/1/2606 5516/1/5515
f 5516/1/5515 2606/1/2606 496/1/496 2741/1/2741
f 2707/1/2707 5516/1/5515 2741/1/2741 545/1/545
f 545/1/545 2741/1/2741 5517/1/5516 2704/1/2704
f 2741/1/2741 496/1/496 2642/1/2642 5517/1/5516
f 5517/1/5516 2642/1/2642 516/1/516 2742/1/2742
f 2704/1/2704 5517/1/5516 2742/1/2742 543/1/543
f 283/1/283 2178/1/2178 5518/1/5517 2603/1/2603
f 2178/1/2178 281/1/281 2701/1/2701 5518/1/5517
f 5518/1/5517 2701/1/2701 543/1/543 2742/1/2742
f 2603/1/2603 5518/1/5517 2742/1/2742 516/1/516
f 299/1/299 2744/1/2744 5519/1/5518 2207/1/2207
f 2744/1/2744 565/1/565 2743/1/2743 5519/1/5518
f 5519/1/5518 2743/1/2743 566/1/566 2745/1/2745
f 2207/1/2207 5519/1/5518 2745/1/2745 300/1/300
f 565/1/565 2747/1/2747 5520/1/5519 2743/1/2743
f 2747/1/2747 567/1/567 2746/1/2746 5520/1/5519
f 5520/1/5519 2746/1/2746 568/1/568 2748/1/2748
f 2743/1/2743 5520/1/5519 2748/1/2748 566/1/566
f 567/1/567 2750/1/2750 5521/1/5520 2746/1/2746
f 2750/1/2750 569/1/569 2749/1/2749 5521/1/5520
f 5521/1/5520 2749/1/2749 570/1/570 2751/1/2751
f 2746/1/2746 5521/1/5520 2751/1/2751 568/1/568
f 569/1/569 2753/1/2753 5522/1/5521 2749/1/2749
f 2753/1/2753 571/1/571 2752/1/2752 5522/1/5521
f 5522/1/5521 2752/1/2752 572/1/572 2754/1/2754
f 2749/1/2749 5522/1/5521 2754/1/2754 570/1/570
f 571/1/571 2756/1/2756 5523/1/5522 2752/1/2752
f 2756/1/2756 573/1/573 2755/1/2755 5523/1/5522
f 5523/1/5522 2755/1/2755 574/1/574 2757/1/2757
f 2752/1/2752 5523/1/5522 2757/1/2757 572/1/572
f 573/1/573 2759/1/2759 5524/1/5523 2755/1/2755
f 2759/1/2759 575/1/575 2758/1/2758 5524/1/5523
f 5524/1/5523 2758/1/2758 576/1/576 2760/1/2760
f 2755/1/2755 5524/1/5523 2760/1/2760 574/1/574
f 575/1/575 2762/1/2762 5525/1/5524 2758/1/2758
f 2762/1/2762 577/1/577 2761/1/2761 5525/1/5524
f 5525/1/5524 2761/1/2761 578/1/578 2763/1/2763
f 2758/1/2758 5525/1/5524 2763/1/2763 576/1/576
f 577/1/577 2765/1/2765 5526/1/5525 2761/1/2761
f 2765/1/2765 579/1/579 2764/1/2764 5526/1/5525
f 5526/1/5525 2764/1/2764 580/1/580 2766/1/2766
f 2761/1/2761 5526/1/5525 2766/1/2766 578/1/578
f 579/1/579 2768/1/2768 5527/1/5526 2764/1/2764
f 2768/1/2768 581/1/581 2767/1/2767 5527/1/5526
f 5527/1/5526 2767/1/2767 582/1/582 2769/1/2769
f 2764/1/2764 5527/1/5526 2769/1/2769 580/1/580
f 581/1/581 2771/1/2771 5528/1/5527 2767/1/2767
f 2771/1/2771 583/1/583 2770/1/2770 5528/1/5527
f 5528/1/5527 2770/1/2770 584/1/584 2772/1/2772
f 2767/1/2767 5528/1/5527 2772/1/2772 582/1/582
f 583/1/583 2774/1/2774 5529/1/5528 2770/1/2770
f 2774/1/2774 585/1/585 2773/1/2773 5529/1/5528
f 5529/1/5528 2773/1/2773 586/1/586 2775/1/2775
f 2770/1/2770 5529/1/5528 2775/1/2775 584/1/584
f 586/1/586 2776/1/2776 5530/1/5529 2775/1/2775
f 2776/1/2776 564/1/564 2730/1/2730 5530/1/5529
f 5530/1/5529 2730/1/2730 562/1/562 2777/1/2777
f 2775/1/2775 5530/1/5529 2777/1/2777 584/1/584
f 584/1/584 2777/1/2777 5531/1/5530 2772/1/2772
f 2777/1/2777 562/1/562 2727/1/2727 5531/1/5530
f 5531/1/5530 2727/1/2727 560/1/560 2778/1/2778
f 2772/1/2772 5531/1/5530 2778/1/2778 582/1/582
f 582/1/582 2778/1/2778 5532/1/5531 2769/1/2769
f 2778/1/2778 560/1/560 2724/1/2724 5532/1/5531
f 5532/1/5531 2724/1/2724 558/1/558 2779/1/2779
f 2769/1/2769 5532/1/5531 2779/1/2779 580/1/580
f 580/1/580 2779/1/2779 5533/1/5532 2766/1/2766
f 2779/1/2779 558/1/558 2721/1/2721 5533/1/5532
f 5533/1/5532 2721/1/2721 556/1/556 2780/1/2780
f 2766/1/2766 5533/1/5532 2780/1/2780 578/1/578
f 578/1/578 2780/1/2780 5534/1/5533 2763/1/2763
f 2780/1/2780 556/1/556 2718/1/2718 5534/1/5533
f 5534/1/5533 2718/1/2718 554/1/554 2781/1/2781
f 2763/1/2763 5534/1/5533 2781/1/2781 576/1/576
f 576/1/576 2781/1/2781 5535/1/5534 2760/1/2760
f 2781/1/2781 554/1/554 2715/1/2715 5535/1/5534
f 5535/1/5534 2715/1/2715 552/1/552 2782/1/2782
f 2760/1/2760 5535/1/5534 2782/1/2782 574/1/574
f 574/1/574 2782/1/2782 5536/1/5535 2757/1/2757
f 2782/1/2782 552/1/552 2712/1/2712 5536/1/5535
f 5536/1/5535 2712/1/2712 550/1/550 2783/1/2783
f 2757/1/2757 5536/1/5535 2783/1/2783 572/1/572
f 572/1/572 2783/1/2783 5537/1/5536 2754/1/2754
f 2783/1/2783 550/1/550 2709/1/2709 5537/1/5536
f 5537/1/5536 2709/1/2709 548/1/548 2784/1/2784
f 2754/1/2754 5537/1/5536 2784/1/2784 570/1/570
f 570/1/570 2784/1/2784 5538/1/5537 2751/1/2751
f 2784/1/2784 548/1/548 2706/1/2706 5538/1/5537
f 5538/1/5537 2706/1/2706 546/1/546 2785/1/2785
f 2751/1/2751 5538/1/5537 2785/1/2785 568/1/568
f 568/1/568 2785/1/2785 5539/1/5538 2748/1/2748
f 2785/1/2785 546/1/546 2703/1/2703 5539/1/5538
f 5539/1/5538 2703/1/2703 544/1/544 2786/1/2786
f 2748/1/2748 5539/1/5538 2786/1/2786 566/1/566
f 301/1/301 2208/1/2208 5540/1/5539 2700/1/2700
f 2208/1/2208 300/1/300 2745/1/2745 5540/1/5539
f 5540/1/5539 2745/1/2745 566/1/566 2786/1/2786
f 2700/1/2700 5540/1/5539 2786/1/2786 544/1/544
f 273/1/273 2788/1/2788 5541/1/5540 2164/1/2164
f 2788/1/2788 587/1/587 2787/1/2787 5541/1/5540
f 5541/1/5540 2787/1/2787 588/1/588 2789/1/2789
f 2164/1/2164 5541/1/5540 2789/1/2789 275/1/275
f 587/1/587 2791/1/2791 5542/1/5541 2787/1/2787
f 2791/1/2791 589/1/589 2790/1/2790 5542/1/5541
f 5542/1/5541 2790/1/2790 590/1/590 2792/1/2792
f 2787/1/2787 5542/1/5541 2792/1/2792 588/1/588
f 589/1/589 2794/1/2794 5543/1/5542 2790/1/2790
f 2794/1/2794 591/1/591 2793/1/2793 5543/1/5542
f 5543/1/5542 2793/1/2793 592/1/592 2795/1/2795
f 2790/1/2790 5543/1/5542 2795/1/2795 590/1/590
f 591/1/591 2797/1/2797 5544/1/5543 2793/1/2793
f 2797/1/2797 593/1/593 2796/1/2796 5544/1/5543
f 5544/1/5543 2796/1/2796 594/1/594 2798/1/2798
f 2793/1/2793 5544/1/5543 2798/1/2798 592/1/592
f 593/1/593 2800/1/2800 5545/1/5544 2796/1/2796
f 2800/1/2800 595/1/595 2799/1/2799 5545/1/5544
f 5545/1/5544 2799/1/2799 596/1/596 2801/1/2801
f 2796/1/2796 5545/1/5544 2801/1/2801 594/1/594
f 595/1/595 2803/1/2803 5546/1/5545 2799/1/2799
f 2803/1/2803 597/1/597 2802/1/2802 5546/1/5545
f 5546/1/5545 2802/1/2802 598/1/598 2804/1/2804
f 2799/1/2799 5546/1/5545 2804/1/2804 596/1/596
f 597/1/597 2806/1/2806 5547/1/5546 2802/1/2802
f 2806/1/2806 599/1/599 2805/1/2805 5547/1/5546
f 5547/1/5546 2805/1/2805 600/1/600 2807/1/2807
f 2802/1/2802 5547/1/5546 2807/1/2807 598/1/598
f 599/1/599 2809/1/2809 5548/1/5547 2805/1/2805
f 2809/1/2809 601/1/601 2808/1/2808 5548/1/5547
f 5548/1/5547 2808/1/2808 602/1/602 2810/1/2810
f 2805/1/2805 5548/1/5547 2810/1/2810 600/1/600
f 601/1/601 2812/1/2812 5549/1/5548 2808/1/2808
f 2812/1/2812 603/1/603 2811/1/2811 5549/1/5548
f 5549/1/5548 2811/1/2811 604/1/604 2813/1/2813
f 2808/1/2808 5549/1/5548 2813/1/2813 602/1/602
f 603/1/603 2815/1/2815 5550/1/5549 2811/1/2811
f 2815/1/2815 605/1/605 2814/1/2814 5550/1/5549
f 5550/1/5549 2814/1/2814 606/1/606 2816/1/2816
f 2811/1/2811 5550/1/5549 2816/1/2816 604/1/604
f 605/1/605 2818/1/2818 5551/1/5550 2814/1/2814
f 2818/1/2818 607/1/607 2817/1/2817 5551/1/5550
f 5551/1/5550 2817/1/2817 608/1/608 2819/1/2819
f 2814/1/2814 5551/1/5550 2819/1/2819 606/1/606
f 609/1/609 2831/1/2831 5552/1/5551 2821/1/2821
f 2831/1/2831 521/1/521 2652/1/2652 5552/1/5551
f 5552/1/5551 2652/1/2652 522/1/522 2832/1/2832
f 2821/1/2821 5552/1/5551 2832/1/2832 610/1/610
f 610/1/610 2832/1/2832 5553/1/5552 2822/1/2822
f 2832/1/2832 522/1/522 2655/1/2655 5553/1/5552
f 5553/1/5552 2655/1/2655 523/1/523 2833/1/2833
f 2822/1/2822 5553/1/5552 2833/1/2833 611/1/611
f 611/1/611 2833/1/2833 5554/1/5553 2823/1/2823
f 2833/1/2833 523/1/523 2656/1/2656 5554/1/5553
f 5554/1/5553 2656/1/2656 524/1/524 2834/1/2834
f 2823/1/2823 5554/1/5553 2834/1/2834 612/1/612
f 612/1/612 2834/1/2834 5555/1/5554 2824/1/2824
f 2834/1/2834 524/1/524 2657/1/2657 5555/1/5554
f 5555/1/5554 2657/1/2657 525/1/525 2835/1/2835
f 2824/1/2824 5555/1/5554 2835/1/2835 613/1/613
f 613/1/613 2835/1/2835 5556/1/5555 2825/1/2825
f 2835/1/2835 525/1/525 2658/1/2658 5556/1/5555
f 5556/1/5555 2658/1/2658 526/1/526 2836/1/2836
f 2825/1/2825 5556/1/5555 2836/1/2836 614/1/614
f 614/1/614 2836/1/2836 5557/1/5556 2826/1/2826
f 2836/1/2836 526/1/526 2659/1/2659 5557/1/5556
f 5557/1/5556 2659/1/2659 527/1/527 2837/1/2837
f 2826/1/2826 5557/1/5556 2837/1/2837 615/1/615
f 615/1/615 2837/1/2837 5558/1/5557 2827/1/2827
f 2837/1/2837 527/1/527 2663/1/2663 5558/1/5557
f 5558/1/5557 2663/1/2663 531/1/531 2838/1/2838
f 2827/1/2827 5558/1/5557 2838/1/2838 616/1/616
f 616/1/616 2838/1/2838 5559/1/5558 2828/1/2828
f 2838/1/2838 531/1/531 2660/1/2660 5559/1/5558
f 5559/1/5558 2660/1/2660 528/1/528 2839/1/2839
f 2828/1/2828 5559/1/5558 2839/1/2839 617/1/617
f 617/1/617 2839/1/2839 5560/1/5559 2829/1/2829
f 2839/1/2839 528/1/528 2661/1/2661 5560/1/5559
f 5560/1/5559 2661/1/2661 529/1/529 2840/1/2840
f 2829/1/2829 5560/1/5559 2840/1/2840 618/1/618
f 618/1/618 2840/1/2840 5561/1/5560 2830/1/2830
f 2840/1/2840 529/1/529 2662/1/2662 5561/1/5560
f 5561/1/5560 2662/1/2662 530/1/530 2841/1/2841
f 2830/1/2830 5561/1/5560 2841/1/2841 619/1/619
f 521/1/521 2831/1/2831 5562/1/5561 2651/1/2651
f 2831/1/2831 609/1/609 2820/1/2820 5562/1/5561
f 5562/1/5561 2820/1/2820 270/1/270 2654/1/2654
f 2651/1/2651 5562/1/5561 2654/1/2654 520/1/520
f 619/1/619 2842/1/2842 5563/1/5562 2830/1/2830
f 2842/1/2842 607/1/607 2818/1/2818 5563/1/5562
f 5563/1/5562 2818/1/2818 605/1/605 2843/1/2843
f 2830/1/2830 5563/1/5562 2843/1/2843 618/1/618
f 618/1/618 2843/1/2843 5564/1/5563 2829/1/2829
f 2843/1/2843 605/1/605 2815/1/2815 5564/1/5563
f 5564/1/5563 2815/1/2815 603/1/603 2844/1/2844
f 2829/1/2829 5564/1/5563 2844/1/2844 617/1/617
f 617/1/617 2844/1/2844 5565/1/5564 2828/1/2828
f 2844/1/2844 603/1/603 2812/1/2812 5565/1/5564
f 5565/1/5564 2812/1/2812 601/1/601 2845/1/2845
f 2828/1/2828 5565/1/5564 2845/1/2845 616/1/616
f 616/1/616 2845/1/2845 5566/1/5565 2827/1/2827
f 2845/1/2845 601/1/601 2809/1/2809 5566/1/5565
f 5566/1/5565 2809/1/2809 599/1/599 2846/1/2846
f 2827/1/2827 5566/1/5565 2846/1/2846 615/1/615
f 615/1/615 2846/1/2846 5567/1/5566 2826/1/2826
f 2846/1/2846 599/1/599 2806/1/2806 5567/1/5566
f 5567/1/5566 2806/1/2806 597/1/597 2847/1/2847
f 2826/1/2826 5567/1/5566 2847/1/2847 614/1/614
f 614/1/614 2847/1/2847 5568/1/5567 2825/1/2825
f 2847/1/2847 597/1/597 2803/1/2803 5568/1/5567
f 5568/1/5567 2803/1/2803 595/1/595 2848/1/2848
f 2825/1/2825 5568/1/5567 2848/1/2848 613/1/613
f 613/1/613 2848/1/2848 5569/1/5568 2824/1/2824
f 2848/1/2848 595/1/595 2800/1/2800 5569/1/5568
f 5569/1/5568 2800/1/2800 593/1/593 2849/1/2849
f 2824/1/2824 5569/1/5568 2849/1/2849 612/1/612
f 612/1/612 2849/1/2849 5570/1/5569 2823/1/2823
f 2849/1/2849 593/1/593 2797/1/2797 5570/1/5569
f 5570/1/5569 2797/1/2797 591/1/591 2850/1/2850
f 2823/1/2823 5570/1/5569 2850/1/2850 611/1/611
f 611/1/611 2850/1/2850 5571/1/5570 2822/1/2822
f 2850/1/2850 591/1/591 2794/1/2794 5571/1/5570
f 5571/1/5570 2794/1/2794 589/1/589 2851/1/2851
f 2822/1/2822 5571/1/5570 2851/1/2851 610/1/610
f 610/1/610 2851/1/2851 5572/1/5571 2821/1/2821
f 2851/1/2851 589/1/589 2791/1/2791 5572/1/5571
f 5572/1/5571 2791/1/2791 587/1/587 2852/1/2852
f 2821/1/2821 5572/1/5571 2852/1/2852 609/1/609
f 273/1/273 2160/1/2160 5573/1/5572 2788/1/2788
f 2160/1/2160 270/1/270 2820/1/2820 5573/1/5572
f 5573/1/5572 2820/1/2820 609/1/609 2852/1/2852
f 2788/1/2788 5573/1/5572 2852/1/2852 587/1/587
f 495/1/495 2854/1/2854 5574/1/5573 2596/1/2596
f 2854/1/2854 621/1/621 2853/1/2853 5574/1/5573
f 5574/1/5573 2853/1/2853 620/1/620 2855/1/2855
f 2596/1/2596 5574/1/5573 2855/1/2855 494/1/494
f 621/1/621 2857/1/2857 5575/1/5574 2853/1/2853
f 2857/1/2857 623/1/623 2856/1/2856 5575/1/5574
f 5575/1/5574 2856/1/2856 622/1/622 2858/1/2858
f 2853/1/2853 5575/1/5574 2858/1/2858 620/1/620
f 608/1/608 2859/1/2859 5576/1/5575 2819/1/2819
f 2859/1/2859 585/1/585 2774/1/2774 5576/1/5575
f 5576/1/5575 2774/1/2774 583/1/583 2860/1/2860
f 2819/1/2819 5576/1/5575 2860/1/2860 606/1/606
f 606/1/606 2860/1/2860 5577/1/5576 2816/1/2816
f 2860/1/2860 583/1/583 2771/1/2771 5577/1/5576
f 5577/1/5576 2771/1/2771 581/1/581 2861/1/2861
f 2816/1/2816 5577/1/5576 2861/1/2861 604/1/604
f 604/1/604 2861/1/2861 5578/1/5577 2813/1/2813
f 2861/1/2861 581/1/581 2768/1/2768 5578/1/5577
f 5578/1/5577 2768/1/2768 579/1/579 2862/1/2862
f 2813/1/2813 5578/1/5577 2862/1/2862 602/1/602
f 602/1/602 2862/1/2862 5579/1/5578 2810/1/2810
f 2862/1/2862 579/1/579 2765/1/2765 5579/1/5578
f 5579/1/5578 2765/1/2765 577/1/577 2863/1/2863
f 2810/1/2810 5579/1/5578 2863/1/2863 600/1/600
f 600/1/600 2863/1/2863 5580/1/5579 2807/1/2807
f 2863/1/2863 577/1/577 2762/1/2762 5580/1/5579
f 5580/1/5579 2762/1/2762 575/1/575 2864/1/2864
f 2807/1/2807 5580/1/5579 2864/1/2864 598/1/598
f 598/1/598 2864/1/2864 5581/1/5580 2804/1/2804
f 2864/1/2864 575/1/575 2759/1/2759 5581/1/5580
f 5581/1/5580 2759/1/2759 573/1/573 2865/1/2865
f 2804/1/2804 5581/1/5580 2865/1/2865 596/1/596
f 596/1/596 2865/1/2865 5582/1/5581 2801/1/2801
f 2865/1/2865 573/1/573 2756/1/2756 5582/1/5581
f 5582/1/5581 2756/1/2756 571/1/571 2866/1/2866
f 2801/1/2801 5582/1/5581 2866/1/2866 594/1/594
f 594/1/594 2866/1/2866 5583/1/5582 2798/1/2798
f 2866/1/2866 571/1/571 2753/1/2753 5583/1/5582
f 5583/1/5582 2753/1/2753 569/1/569 2867/1/2867
f 2798/1/2798 5583/1/5582 2867/1/2867 592/1/592
f 592/1/592 2867/1/2867 5584/1/5583 2795/1/2795
f 2867/1/2867 569/1/569 2750/1/2750 5584/1/5583
f 5584/1/5583 2750/1/2750 567/1/567 2868/1/2868
f 2795/1/2795 5584/1/5583 2868/1/2868 590/1/590
f 590/1/590 2868/1/2868 5585/1/5584 2792/1/2792
f 2868/1/2868 567/1/567 2747/1/2747 5585/1/5584
f 5585/1/5584 2747/1/2747 565/1/565 2869/1/2869
f 2792/1/2792 5585/1/5584 2869/1/2869 588/1/588
f 299/1/299 2206/1/2206 5586/1/5585 2744/1/2744
f 2206/1/2206 275/1/275 2789/1/2789 5586/1/5585
f 5586/1/5585 2789/1/2789 588/1/588 2869/1/2869
f 2744/1/2744 5586/1/5585 2869/1/2869 565/1/565
f 585/1/585 2871/1/2871 5587/1/5586 2773/1/2773
f 2871/1/2871 624/1/624 2870/1/2870 5587/1/5586
f 5587/1/5586 2870/1/2870 625/1/625 2872/1/2872
f 2773/1/2773 5587/1/5586 2872/1/2872 586/1/586
f 624/1/624 2874/1/2874 5588/1/5587 2870/1/2870
f 2874/1/2874 626/1/626 2873/1/2873 5588/1/5587
f 5588/1/5587 2873/1/2873 627/1/627 2875/1/2875
f 2870/1/2870 5588/1/5587 2875/1/2875 625/1/625
f 631/1/631 2876/1/2876 5589/1/5588 2890/1/2890
f 2876/1/2876 627/1/627 2873/1/2873 5589/1/5588
f 5589/1/5588 2873/1/2873 626/1/626 2877/1/2877
f 2890/1/2890 5589/1/5588 2877/1/2877 632/1/632
f 633/1/633 2882/1/2882 5590/1/5589 2889/1/2889
f 2882/1/2882 629/1/629 2879/1/2879 5590/1/5589
f 5590/1/5589 2879/1/2879 622/1/622 2880/1/2880
f 2889/1/2889 5590/1/5589 2880/1/2880 632/1/632
f 628/1/628 2888/1/2888 5591/1/5590 2878/1/2878
f 2888/1/2888 633/1/633 2889/1/2889 5591/1/5590
f 5591/1/5590 2889/1/2889 632/1/632 2877/1/2877
f 2878/1/2878 5591/1/5590 2877/1/2877 626/1/626
f 622/1/622 2887/1/2887 5592/1/5591 2858/1/2858
f 630/1/630 2884/1/2884 5592/1/5591 2887/1/2887
f 620/1/620 2858/1/2858 5592/1/5591 2884/1/2884
f 530/1/530 2673/1/2673 5593/1/5592 2885/1/2885
f 2673/1/2673 494/1/494 2855/1/2855 5593/1/5592
f 5593/1/5592 2855/1/2855 620/1/620 2884/1/2884
f 2885/1/2885 5593/1/5592 2884/1/2884 630/1/630
f 619/1/619 2841/1/2841 5594/1/5593 2886/1/2886
f 2841/1/2841 530/1/530 2885/1/2885 5594/1/5593
f 5594/1/5593 2885/1/2885 630/1/630 2883/1/2883
f 2886/1/2886 5594/1/5593 2883/1/2883 629/1/629
f 629/1/629 2883/1/2883 5595/1/5594 2879/1/2879
f 630/1/630 2887/1/2887 5595/1/5594 2883/1/2883
f 622/1/622 2879/1/2879 5595/1/5594 2887/1/2887
f 623/1/623 2881/1/2881 5596/1/5595 2856/1/2856
f 2881/1/2881 631/1/631 2890/1/2890 5596/1/5595
f 5596/1/5595 2890/1/2890 632/1/632 2880/1/2880
f 2856/1/2856 5596/1/5595 2880/1/2880 622/1/622
f 626/1/626 2874/1/2874 5597/1/5596 2878/1/2878
f 624/1/624 2891/1/2891 5597/1/5596 2874/1/2874
f 628/1/628 2878/1/2878 5597/1/5596 2891/1/2891
f 607/1/607 2893/1/2893 5598/1/5597 2817/1/2817
f 2893/1/2893 633/1/633 2888/1/2888 5598/1/5597
f 5598/1/5597 2888/1/2888 628/1/628 2892/1/2892
f 2817/1/2817 5598/1/5597 2892/1/2892 608/1/608
f 619/1/619 2886/1/2886 5599/1/5598 2842/1/2842
f 2886/1/2886 629/1/629 2882/1/2882 5599/1/5598
f 5599/1/5598 2882/1/2882 633/1/633 2893/1/2893
f 2842/1/2842 5599/1/5598 2893/1/2893 607/1/607
f 608/1/608 2892/1/2892 5600/1/5599 2859/1/2859
f 2892/1/2892 628/1/628 2891/1/2891 5600/1/5599
f 5600/1/5599 2891/1/2891 624/1/624 2871/1/2871
f 2859/1/2859 5600/1/5599 2871/1/2871 585/1/585
f 623/1/623 2857/1/2857 5601/1/5600 2895/1/2895
f 621/1/621 2896/1/2896 5601/1/5600 2857/1/2857
f 634/1/634 2895/1/2895 5601/1/5600 2896/1/2896
f 535/1/535 2894/1/2894 5602/1/5601 2680/1/2680
f 2894/1/2894 634/1/634 2896/1/2896 5602/1/5601
f 5602/1/5601 2896/1/2896 621/1/621 2854/1/2854
f 2680/1/2680 5602/1/5601 2854/1/2854 495/1/495
f 623/1/623 2895/1/2895 5603/1/5602 2881/1/2881
f 2895/1/2895 634/1/634 2899/1/2899 5603/1/5602
f 5603/1/5602 2899/1/2899 635/1/635 2898/1/2898
f 2881/1/2881 5603/1/5602 2898/1/2898 631/1/631
f 535/1/535 2632/1/2632 5604/1/5603 2894/1/2894
f 2632/1/2632 515/1/515 2897/1/2897 5604/1/5603
f 5604/1/5603 2897/1/2897 635/1/635 2899/1/2899
f 2894/1/2894 5604/1/5603 2899/1/2899 634/1/634
f 631/1/631 2898/1/2898 5605/1/5604 2876/1/2876
f 2898/1/2898 635/1/635 2902/1/2902 5605/1/5604
f 5605/1/5604 2902/1/2902 636/1/636 2901/1/2901
f 2876/1/2876 5605/1/5604 2901/1/2901 627/1/627
f 515/1/515 2629/1/2629 5606/1/5605 2897/1/2897
f 2629/1/2629 514/1/514 2900/1/2900 5606/1/5605
f 5606/1/5605 2900/1/2900 636/1/636 2902/1/2902
f 2897/1/2897 5606/1/5605 2902/1/2902 635/1/635
f 636/1/636 2905/1/2905 5607/1/5606 2901/1/2901
f 637/1/637 2904/1/2904 5607/1/5606 2905/1/2905
f 627/1/627 2901/1/2901 5607/1/5606 2904/1/2904
f 514/1/514 2732/1/2732 5608/1/5607 2900/1/2900
f 2732/1/2732 563/1/563 2903/1/2903 5608/1/5607
f 5608/1/5607 2903/1/2903 637/1/637 2905/1/2905
f 2900/1/2900 5608/1/5607 2905/1/2905 636/1/636
f 638/1/638 2908/1/2908 5609/1/5608 2907/1/2907
f 625/1/625 2875/1/2875 5609/1/5608 2908/1/2908
f 627/1/627 2907/1/2907 5609/1/5608 2875/1/2875
f 627/1/627 2904/1/2904 5610/1/5609 2907/1/2907
f 637/1/637 2909/1/2909 5610/1/5609 2904/1/2904
f 638/1/638 2907/1/2907 5610/1/5609 2909/1/2909
f 564/1/564 2906/1/2906 5611/1/5610 2729/1/2729
f 2906/1/2906 638/1/638 2909/1/2909 5611/1/5610
f 5611/1/5610 2909/1/2909 637/1/637 2903/1/2903
f 2729/1/2729 5611/1/5610 2903/1/2903 563/1/563
f 564/1/564 2776/1/2776 5612/1/5611 2906/1/2906
f 2776/1/2776 586/1/586 2872/1/2872 5612/1/5611
f 5612/1/5611 2872/1/2872 625/1/625 2908/1/2908
f 2906/1/2906 5612/1/5611 2908/1/2908 638/1/638
f 259/1/259 2911/1/2911 5613/1/5612 2104/1/2104
f 2911/1/2911 639/1/639 2910/1/2910 5613/1/5612
f 5613/1/5612 2910/1/2910 640/1/640 2912/1/2912
f 2104/1/2104 5613/1/5612 2912/1/2912 260/1/260
f 639/1/639 2914/1/2914 5614/1/5613 2910/1/2910
f 2914/1/2914 641/1/641 2913/1/2913 5614/1/5613
f 5614/1/5613 2913/1/2913 642/1/642 2915/1/2915
f 2910/1/2910 5614/1/5613 2915/1/2915 640/1/640
f 641/1/641 2917/1/2917 5615/1/5614 2913/1/2913
f 2917/1/2917 643/1/643 2916/1/2916 5615/1/5614
f 5615/1/5614 2916/1/2916 644/1/644 2918/1/2918
f 2913/1/2913 5615/1/5614 2918/1/2918 642/1/642
f 749/1/749 3122/1/3122 5616/1/5615 3138/1/3138
f 3122/1/3122 645/1/645 2919/1/2919 5616/1/5615
f 5616/1/5615 2919/1/2919 646/1/646 2921/1/2921
f 3138/1/3138 5616/1/5615 2921/1/2921 750/1/750
f 645/1/645 2923/1/2923 5617/1/5616 2919/1/2919
f 2923/1/2923 647/1/647 2922/1/2922 5617/1/5616
f 5617/1/5616 2922/1/2922 648/1/648 2924/1/2924
f 2919/1/2919 5617/1/5616 2924/1/2924 646/1/646
f 647/1/647 2926/1/2926 5618/1/5617 2922/1/2922
f 2926/1/2926 649/1/649 2925/1/2925 5618/1/5617
f 5618/1/5617 2925/1/2925 650/1/650 2927/1/2927
f 2922/1/2922 5618/1/5617 2927/1/2927 648/1/648
f 649/1/649 2929/1/2929 5619/1/5618 2925/1/2925
f 2929/1/2929 651/1/651 2928/1/2928 5619/1/5618
f 5619/1/5618 2928/1/2928 652/1/652 2930/1/2930
f 2925/1/2925 5619/1/5618 2930/1/2930 650/1/650
f 651/1/651 2932/1/2932 5620/1/5619 2928/1/2928
f 2932/1/2932 653/1/653 2931/1/2931 5620/1/5619
f 5620/1/5619 2931/1/2931 654/1/654 2933/1/2933
f 2928/1/2928 5620/1/5619 2933/1/2933 652/1/652
f 653/1/653 2935/1/2935 5621/1/5620 2931/1/2931
f 2935/1/2935 655/1/655 2934/1/2934 5621/1/5620
f 5621/1/5620 2934/1/2934 656/1/656 2936/1/2936
f 2931/1/2931 5621/1/5620 2936/1/2936 654/1/654
f 655/1/655 2938/1/2938 5622/1/5621 2934/1/2934
f 2938/1/2938 657/1/657 2937/1/2937 5622/1/5621
f 5622/1/5621 2937/1/2937 658/1/658 2939/1/2939
f 2934/1/2934 5622/1/5621 2939/1/2939 656/1/656
f 657/1/657 2941/1/2941 5623/1/5622 2937/1/2937
f 2941/1/2941 659/1/659 2940/1/2940 5623/1/5622
f 5623/1/5622 2940/1/2940 660/1/660 2942/1/2942
f 2937/1/2937 5623/1/5622 2942/1/2942 658/1/658
f 659/1/659 2944/1/2944 5624/1/5623 2940/1/2940
f 2944/1/2944 661/1/661 2943/1/2943 5624/1/5623
f 5624/1/5623 2943/1/2943 662/1/662 2945/1/2945
f 2940/1/2940 5624/1/5623 2945/1/2945 660/1/660
f 661/1/661 2947/1/2947 5625/1/5624 2943/1/2943
f 2947/1/2947 663/1/663 2946/1/2946 5625/1/5624
f 5625/1/5624 2946/1/2946 664/1/664 2948/1/2948
f 2943/1/2943 5625/1/5624 2948/1/2948 662/1/662
f 99/1/99 2134/1/2134 5626/1/5625 2949/1/2949
f 2134/1/2134 261/1/261 2232/1/2232 5626/1/5625
f 5626/1/5625 2232/1/2232 260/1/260 2912/1/2912
f 2949/1/2949 5626/1/5625 2912/1/2912 640/1/640
f 102/1/102 1822/1/1822 5627/1/5626 2950/1/2950
f 1822/1/1822 99/1/99 2949/1/2949 5627/1/5626
f 5627/1/5626 2949/1/2949 640/1/640 2915/1/2915
f 2950/1/2950 5627/1/5626 2915/1/2915 642/1/642
f 104/1/104 1826/1/1826 5628/1/5627 2951/1/2951
f 1826/1/1826 102/1/102 2950/1/2950 5628/1/5627
f 5628/1/5627 2950/1/2950 642/1/642 2918/1/2918
f 2951/1/2951 5628/1/5627 2918/1/2918 644/1/644
f 673/1/673 2962/1/2962 5629/1/5628 2961/1/2961
f 662/1/662 2948/1/2948 5629/1/5628 2962/1/2962
f 664/1/664 2961/1/2961 5629/1/5628 2948/1/2948
f 662/1/662 2962/1/2962 5630/1/5629 2945/1/2945
f 2962/1/2962 673/1/673 2960/1/2960 5630/1/5629
f 5630/1/5629 2960/1/2960 672/1/672 2963/1/2963
f 2945/1/2945 5630/1/5629 2963/1/2963 660/1/660
f 660/1/660 2963/1/2963 5631/1/5630 2942/1/2942
f 2963/1/2963 672/1/672 2959/1/2959 5631/1/5630
f 5631/1/5630 2959/1/2959 671/1/671 2964/1/2964
f 2942/1/2942 5631/1/5630 2964/1/2964 658/1/658
f 665/1/665 2965/1/2965 5632/1/5631 2953/1/2953
f 2965/1/2965 646/1/646 2924/1/2924 5632/1/5631
f 5632/1/5631 2924/1/2924 648/1/648 2966/1/2966
f 2953/1/2953 5632/1/5631 2966/1/2966 666/1/666
f 666/1/666 2966/1/2966 5633/1/5632 2954/1/2954
f 2966/1/2966 648/1/648 2927/1/2927 5633/1/5632
f 5633/1/5632 2927/1/2927 650/1/650 2967/1/2967
f 2954/1/2954 5633/1/5632 2967/1/2967 667/1/667
f 667/1/667 2967/1/2967 5634/1/5633 2955/1/2955
f 2967/1/2967 650/1/650 2930/1/2930 5634/1/5633
f 5634/1/5633 2930/1/2930 652/1/652 2968/1/2968
f 2955/1/2955 5634/1/5633 2968/1/2968 668/1/668
f 668/1/668 2968/1/2968 5635/1/5634 2956/1/2956
f 2968/1/2968 652/1/652 2933/1/2933 5635/1/5634
f 5635/1/5634 2933/1/2933 654/1/654 2969/1/2969
f 2956/1/2956 5635/1/5634 2969/1/2969 669/1/669
f 669/1/669 2969/1/2969 5636/1/5635 2957/1/2957
f 2969/1/2969 654/1/654 2936/1/2936 5636/1/5635
f 5636/1/5635 2936/1/2936 656/1/656 2970/1/2970
f 2957/1/2957 5636/1/5635 2970/1/2970 670/1/670
f 658/1/658 2964/1/2964 5637/1/5636 2939/1/2939
f 2964/1/2964 671/1/671 2958/1/2958 5637/1/5636
f 5637/1/5636 2958/1/2958 670/1/670 2970/1/2970
f 2939/1/2939 5637/1/5636 2970/1/2970 656/1/656
f 750/1/750 3137/1/3137 5638/1/5637 3123/1/3123
f 3137/1/3137 751/1/751 3124/1/3124 5638/1/5637
f 5638/1/5637 3124/1/3124 104/1/104 2951/1/2951
f 3123/1/3123 5638/1/5637 2951/1/2951 644/1/644
f 676/1/676 2974/1/2974 5639/1/5638 2971/1/2971
f 2974/1/2974 643/1/643 2917/1/2917 5639/1/5638
f 5639/1/5638 2917/1/2917 641/1/641 2975/1/2975
f 2971/1/2971 5639/1/5638 2975/1/2975 674/1/674
f 641/1/641 2914/1/2914 5640/1/5639 2975/1/2975
f 2914/1/2914 639/1/639 2976/1/2976 5640/1/5639
f 5640/1/5639 2976/1/2976 675/1/675 2972/1/2972
f 2975/1/2975 5640/1/5639 2972/1/2972 674/1/674
f 258/1/258 2973/1/2973 5641/1/5640 2102/1/2102
f 2973/1/2973 675/1/675 2976/1/2976 5641/1/5640
f 5641/1/5640 2976/1/2976 639/1/639 2911/1/2911
f 2102/1/2102 5641/1/5640 2911/1/2911 259/1/259
f 258/1/258 2101/1/2101 5642/1/5641 2973/1/2973
f 2101/1/2101 257/1/257 2155/1/2155 5642/1/5641
f 5642/1/5641 2155/1/2155 269/1/269 2977/1/2977
f 2973/1/2973 5642/1/5641 2977/1/2977 675/1/675
f 292/1/292 2978/1/2978 5643/1/5642 2193/1/2193
f 2978/1/2978 674/1/674 2972/1/2972 5643/1/5642
f 5643/1/5642 2972/1/2972 675/1/675 2977/1/2977
f 2193/1/2193 5643/1/5642 2977/1/2977 269/1/269
f 271/1/271 2979/1/2979 5644/1/5643 2157/1/2157
f 2979/1/2979 676/1/676 2971/1/2971 5644/1/5643
f 5644/1/5643 2971/1/2971 674/1/674 2978/1/2978
f 2157/1/2157 5644/1/5643 2978/1/2978 292/1/292
f 753/1/753 3126/1/3126 5645/1/5644 3136/1/3136
f 3126/1/3126 678/1/678 2981/1/2981 5645/1/5644
f 5645/1/5644 2981/1/2981 677/1/677 2980/1/2980
f 3136/1/3136 5645/1/5644 2980/1/2980 752/1/752
f 678/1/678 2985/1/2985 5646/1/5645 2981/1/2981
f 2985/1/2985 680/1/680 2983/1/2983 5646/1/5645
f 5646/1/5645 2983/1/2983 679/1/679 2984/1/2984
f 2981/1/2981 5646/1/5645 2984/1/2984 677/1/677
f 680/1/680 2988/1/2988 5647/1/5646 2983/1/2983
f 2988/1/2988 682/1/682 2986/1/2986 5647/1/5646
f 5647/1/5646 2986/1/2986 681/1/681 2987/1/2987
f 2983/1/2983 5647/1/5646 2987/1/2987 679/1/679
f 682/1/682 2991/1/2991 5648/1/5647 2986/1/2986
f 2991/1/2991 684/1/684 2989/1/2989 5648/1/5647
f 5648/1/5647 2989/1/2989 683/1/683 2990/1/2990
f 2986/1/2986 5648/1/5647 2990/1/2990 681/1/681
f 684/1/684 2994/1/2994 5649/1/5648 2989/1/2989
f 2994/1/2994 686/1/686 2992/1/2992 5649/1/5648
f 5649/1/5648 2992/1/2992 685/1/685 2993/1/2993
f 2989/1/2989 5649/1/5648 2993/1/2993 683/1/683
f 686/1/686 2997/1/2997 5650/1/5649 2992/1/2992
f 2997/1/2997 688/1/688 2995/1/2995 5650/1/5649
f 5650/1/5649 2995/1/2995 687/1/687 2996/1/2996
f 2992/1/2992 5650/1/5649 2996/1/2996 685/1/685
f 688/1/688 3000/1/3000 5651/1/5650 2995/1/2995
f 3000/1/3000 690/1/690 2998/1/2998 5651/1/5650
f 5651/1/5650 2998/1/2998 689/1/689 2999/1/2999
f 2995/1/2995 5651/1/5650 2999/1/2999 687/1/687
f 690/1/690 3003/1/3003 5652/1/5651 2998/1/2998
f 3003/1/3003 692/1/692 3001/1/3001 5652/1/5651
f 5652/1/5651 3001/1/3001 691/1/691 3002/1/3002
f 2998/1/2998 5652/1/5651 3002/1/3002 689/1/689
f 692/1/692 3006/1/3006 5653/1/5652 3001/1/3001
f 3006/1/3006 694/1/694 3004/1/3004 5653/1/5652
f 5653/1/5652 3004/1/3004 693/1/693 3005/1/3005
f 3001/1/3001 5653/1/5652 3005/1/3005 691/1/691
f 694/1/694 3009/1/3009 5654/1/5653 3004/1/3004
f 3009/1/3009 696/1/696 3007/1/3007 5654/1/5653
f 5654/1/5653 3007/1/3007 695/1/695 3008/1/3008
f 3004/1/3004 5654/1/5653 3008/1/3008 693/1/693
f 695/1/695 3010/1/3010 5655/1/5654 3008/1/3008
f 3010/1/3010 663/1/663 2947/1/2947 5655/1/5654
f 5655/1/5654 2947/1/2947 661/1/661 3011/1/3011
f 3008/1/3008 5655/1/5654 3011/1/3011 693/1/693
f 693/1/693 3011/1/3011 5656/1/5655 3005/1/3005
f 3011/1/3011 661/1/661 2944/1/2944 5656/1/5655
f 5656/1/5655 2944/1/2944 659/1/659 3012/1/3012
f 3005/1/3005 5656/1/5655 3012/1/3012 691/1/691
f 691/1/691 3012/1/3012 5657/1/5656 3002/1/3002
f 3012/1/3012 659/1/659 2941/1/2941 5657/1/5656
f 5657/1/5656 2941/1/2941 657/1/657 3013/1/3013
f 3002/1/3002 5657/1/5656 3013/1/3013 689/1/689
f 689/1/689 3013/1/3013 5658/1/5657 2999/1/2999
f 3013/1/3013 657/1/657 2938/1/2938 5658/1/5657
f 5658/1/5657 2938/1/2938 655/1/655 3014/1/3014
f 2999/1/2999 5658/1/5657 3014/1/3014 687/1/687
f 687/1/687 3014/1/3014 5659/1/5658 2996/1/2996
f 3014/1/3014 655/1/655 2935/1/2935 5659/1/5658
f 5659/1/5658 2935/1/2935 653/1/653 3015/1/3015
f 2996/1/2996 5659/1/5658 3015/1/3015 685/1/685
f 685/1/685 3015/1/3015 5660/1/5659 2993/1/2993
f 3015/1/3015 653/1/653 2932/1/2932 5660/1/5659
f 5660/1/5659 2932/1/2932 651/1/651 3016/1/3016
f 2993/1/2993 5660/1/5659 3016/1/3016 683/1/683
f 683/1/683 3016/1/3016 5661/1/5660 2990/1/2990
f 3016/1/3016 651/1/651 2929/1/2929 5661/1/5660
f 5661/1/5660 2929/1/2929 649/1/649 3017/1/3017
f 2990/1/2990 5661/1/5660 3017/1/3017 681/1/681
f 681/1/681 3017/1/3017 5662/1/5661 2987/1/2987
f 3017/1/3017 649/1/649 2926/1/2926 5662/1/5661
f 5662/1/5661 2926/1/2926 647/1/647 3018/1/3018
f 2987/1/2987 5662/1/5661 3018/1/3018 679/1/679
f 679/1/679 3018/1/3018 5663/1/5662 2984/1/2984
f 3018/1/3018 647/1/647 2923/1/2923 5663/1/5662
f 5663/1/5662 2923/1/2923 645/1/645 3019/1/3019
f 2984/1/2984 5663/1/5662 3019/1/3019 677/1/677
f 749/1/749 2920/1/2920 5664/1/5663 3135/1/3135
f 2920/1/2920 643/1/643 2974/1/2974 5664/1/5663
f 5664/1/5663 2974/1/2974 676/1/676 3125/1/3125
f 3135/1/3135 5664/1/5663 3125/1/3125 752/1/752
f 755/1/755 3128/1/3128 5665/1/5664 3134/1/3134
f 3128/1/3128 697/1/697 3020/1/3020 5665/1/5664
f 5665/1/5664 3020/1/3020 698/1/698 3021/1/3021
f 3134/1/3134 5665/1/5664 3021/1/3021 754/1/754
f 697/1/697 3025/1/3025 5666/1/5665 3020/1/3020
f 3025/1/3025 699/1/699 3023/1/3023 5666/1/5665
f 5666/1/5665 3023/1/3023 700/1/700 3024/1/3024
f 3020/1/3020 5666/1/5665 3024/1/3024 698/1/698
f 699/1/699 3028/1/3028 5667/1/5666 3023/1/3023
f 3028/1/3028 701/1/701 3026/1/3026 5667/1/5666
f 5667/1/5666 3026/1/3026 702/1/702 3027/1/3027
f 3023/1/3023 5667/1/5666 3027/1/3027 700/1/700
f 701/1/701 3031/1/3031 5668/1/5667 3026/1/3026
f 3031/1/3031 703/1/703 3029/1/3029 5668/1/5667
f 5668/1/5667 3029/1/3029 704/1/704 3030/1/3030
f 3026/1/3026 5668/1/5667 3030/1/3030 702/1/702
f 703/1/703 3034/1/3034 5669/1/5668 3029/1/3029
f 3034/1/3034 705/1/705 3032/1/3032 5669/1/5668
f 5669/1/5668 3032/1/3032 706/1/706 3033/1/3033
f 3029/1/3029 5669/1/5668 3033/1/3033 704/1/704
f 705/1/705 3037/1/3037 5670/1/5669 3032/1/3032
f 3037/1/3037 707/1/707 3035/1/3035 5670/1/5669
f 5670/1/5669 3035/1/3035 708/1/708 3036/1/3036
f 3032/1/3032 5670/1/5669 3036/1/3036 706/1/706
f 707/1/707 3040/1/3040 5671/1/5670 3035/1/3035
f 3040/1/3040 709/1/709 3038/1/3038 5671/1/5670
f 5671/1/5670 3038/1/3038 710/1/710 3039/1/3039
f 3035/1/3035 5671/1/5670 3039/1/3039 708/1/708
f 709/1/709 3043/1/3043 5672/1/5671 3038/1/3038
f 3043/1/3043 711/1/711 3041/1/3041 5672/1/5671
f 5672/1/5671 3041/1/3041 712/1/712 3042/1/3042
f 3038/1/3038 5672/1/5671 3042/1/3042 710/1/710
f 711/1/711 3046/1/3046 5673/1/5672 3041/1/3041
f 3046/1/3046 713/1/713 3044/1/3044 5673/1/5672
f 5673/1/5672 3044/1/3044 714/1/714 3045/1/3045
f 3041/1/3041 5673/1/5672 3045/1/3045 712/1/712
f 713/1/713 3049/1/3049 5674/1/5673 3044/1/3044
f 3049/1/3049 715/1/715 3047/1/3047 5674/1/5673
f 5674/1/5673 3047/1/3047 716/1/716 3048/1/3048
f 3044/1/3044 5674/1/5673 3048/1/3048 714/1/714
f 673/1/673 2961/1/2961 5675/1/5674 3050/1/3050
f 2961/1/2961 664/1/664 3051/1/3051 5675/1/5674
f 5675/1/5674 3051/1/3051 715/1/715 3049/1/3049
f 3050/1/3050 5675/1/5674 3049/1/3049 713/1/713
f 697/1/697 3052/1/3052 5676/1/5675 3025/1/3025
f 3052/1/3052 665/1/665 2953/1/2953 5676/1/5675
f 5676/1/5675 2953/1/2953 666/1/666 3053/1/3053
f 3025/1/3025 5676/1/5675 3053/1/3053 699/1/699
f 699/1/699 3053/1/3053 5677/1/5676 3028/1/3028
f 3053/1/3053 666/1/666 2954/1/2954 5677/1/5676
f 5677/1/5676 2954/1/2954 667/1/667 3054/1/3054
f 3028/1/3028 5677/1/5676 3054/1/3054 701/1/701
f 701/1/701 3054/1/3054 5678/1/5677 3031/1/3031
f 3054/1/3054 667/1/667 2955/1/2955 5678/1/5677
f 5678/1/5677 2955/1/2955 668/1/668 3055/1/3055
f 3031/1/3031 5678/1/5677 3055/1/3055 703/1/703
f 703/1/703 3055/1/3055 5679/1/5678 3034/1/3034
f 3055/1/3055 668/1/668 2956/1/2956 5679/1/5678
f 5679/1/5678 2956/1/2956 669/1/669 3056/1/3056
f 3034/1/3034 5679/1/5678 3056/1/3056 705/1/705
f 705/1/705 3056/1/3056 5680/1/5679 3037/1/3037
f 3056/1/3056 669/1/669 2957/1/2957 5680/1/5679
f 5680/1/5679 2957/1/2957 670/1/670 3057/1/3057
f 3037/1/3037 5680/1/5679 3057/1/3057 707/1/707
f 707/1/707 3057/1/3057 5681/1/5680 3040/1/3040
f 3057/1/3057 670/1/670 2958/1/2958 5681/1/5680
f 5681/1/5680 2958/1/2958 671/1/671 3058/1/3058
f 3040/1/3040 5681/1/5680 3058/1/3058 709/1/709
f 709/1/709 3058/1/3058 5682/1/5681 3043/1/3043
f 3058/1/3058 671/1/671 2959/1/2959 5682/1/5681
f 5682/1/5681 2959/1/2959 672/1/672 3059/1/3059
f 3043/1/3043 5682/1/5681 3059/1/3059 711/1/711
f 755/1/755 3133/1/3133 5683/1/5682 3128/1/3128
f 3133/1/3133 751/1/751 2952/1/2952 5683/1/5682
f 5683/1/5682 2952/1/2952 665/1/665 3052/1/3052
f 3128/1/3128 5683/1/5682 3052/1/3052 697/1/697
f 672/1/672 2960/1/2960 5684/1/5683 3059/1/3059
f 2960/1/2960 673/1/673 3050/1/3050 5684/1/5683
f 5684/1/5683 3050/1/3050 713/1/713 3046/1/3046
f 3059/1/3059 5684/1/5683 3046/1/3046 711/1/711
f 756/1/756 3129/1/3129 5685/1/5684 3132/1/3132
f 3129/1/3129 718/1/718 3060/1/3060 5685/1/5684
f 5685/1/5684 3060/1/3060 717/1/717 3062/1/3062
f 3132/1/3132 5685/1/5684 3062/1/3062 757/1/757
f 718/1/718 3064/1/3064 5686/1/5685 3060/1/3060
f 3064/1/3064 720/1/720 3063/1/3063 5686/1/5685
f 5686/1/5685 3063/1/3063 719/1/719 3065/1/3065
f 3060/1/3060 5686/1/5685 3065/1/3065 717/1/717
f 720/1/720 3067/1/3067 5687/1/5686 3063/1/3063
f 3067/1/3067 722/1/722 3066/1/3066 5687/1/5686
f 5687/1/5686 3066/1/3066 721/1/721 3068/1/3068
f 3063/1/3063 5687/1/5686 3068/1/3068 719/1/719
f 722/1/722 3070/1/3070 5688/1/5687 3066/1/3066
f 3070/1/3070 724/1/724 3069/1/3069 5688/1/5687
f 5688/1/5687 3069/1/3069 723/1/723 3071/1/3071
f 3066/1/3066 5688/1/5687 3071/1/3071 721/1/721
f 724/1/724 3073/1/3073 5689/1/5688 3069/1/3069
f 3073/1/3073 726/1/726 3072/1/3072 5689/1/5688
f 5689/1/5688 3072/1/3072 725/1/725 3074/1/3074
f 3069/1/3069 5689/1/5688 3074/1/3074 723/1/723
f 726/1/726 3076/1/3076 5690/1/5689 3072/1/3072
f 3076/1/3076 728/1/728 3075/1/3075 5690/1/5689
f 5690/1/5689 3075/1/3075 727/1/727 3077/1/3077
f 3072/1/3072 5690/1/5689 3077/1/3077 725/1/725
f 728/1/728 3079/1/3079 5691/1/5690 3075/1/3075
f 3079/1/3079 730/1/730 3078/1/3078 5691/1/5690
f 5691/1/5690 3078/1/3078 729/1/729 3080/1/3080
f 3075/1/3075 5691/1/5690 3080/1/3080 727/1/727
f 730/1/730 3082/1/3082 5692/1/5691 3078/1/3078
f 3082/1/3082 732/1/732 3081/1/3081 5692/1/5691
f 5692/1/5691 3081/1/3081 731/1/731 3083/1/3083
f 3078/1/3078 5692/1/5691 3083/1/3083 729/1/729
f 732/1/732 3085/1/3085 5693/1/5692 3081/1/3081
f 3085/1/3085 734/1/734 3084/1/3084 5693/1/5692
f 5693/1/5692 3084/1/3084 733/1/733 3086/1/3086
f 3081/1/3081 5693/1/5692 3086/1/3086 731/1/731
f 734/1/734 3089/1/3089 5694/1/5693 3084/1/3084
f 3089/1/3089 735/1/735 3087/1/3087 5694/1/5693
f 5694/1/5693 3087/1/3087 696/1/696 3088/1/3088
f 3084/1/3084 5694/1/5693 3088/1/3088 733/1/733
f 733/1/733 3090/1/3090 5695/1/5694 3086/1/3086
f 3090/1/3090 694/1/694 3006/1/3006 5695/1/5694
f 5695/1/5694 3006/1/3006 692/1/692 3091/1/3091
f 3086/1/3086 5695/1/5694 3091/1/3091 731/1/731
f 731/1/731 3091/1/3091 5696/1/5695 3083/1/3083
f 3091/1/3091 692/1/692 3003/1/3003 5696/1/5695
f 5696/1/5695 3003/1/3003 690/1/690 3092/1/3092
f 3083/1/3083 5696/1/5695 3092/1/3092 729/1/729
f 729/1/729 3092/1/3092 5697/1/5696 3080/1/3080
f 3092/1/3092 690/1/690 3000/1/3000 5697/1/5696
f 5697/1/5696 3000/1/3000 688/1/688 3093/1/3093
f 3080/1/3080 5697/1/5696 3093/1/3093 727/1/727
f 727/1/727 3093/1/3093 5698/1/5697 3077/1/3077
f 3093/1/3093 688/1/688 2997/1/2997 5698/1/5697
f 5698/1/5697 2997/1/2997 686/1/686 3094/1/3094
f 3077/1/3077 5698/1/5697 3094/1/3094 725/1/725
f 725/1/725 3094/1/3094 5699/1/5698 3074/1/3074
f 3094/1/3094 686/1/686 2994/1/2994 5699/1/5698
f 5699/1/5698 2994/1/2994 684/1/684 3095/1/3095
f 3074/1/3074 5699/1/5698 3095/1/3095 723/1/723
f 723/1/723 3095/1/3095 5700/1/5699 3071/1/3071
f 3095/1/3095 684/1/684 2991/1/2991 5700/1/5699
f 5700/1/5699 2991/1/2991 682/1/682 3096/1/3096
f 3071/1/3071 5700/1/5699 3096/1/3096 721/1/721
f 721/1/721 3096/1/3096 5701/1/5700 3068/1/3068
f 3096/1/3096 682/1/682 2988/1/2988 5701/1/5700
f 5701/1/5700 2988/1/2988 680/1/680 3097/1/3097
f 3068/1/3068 5701/1/5700 3097/1/3097 719/1/719
f 719/1/719 3097/1/3097 5702/1/5701 3065/1/3065
f 3097/1/3097 680/1/680 2985/1/2985 5702/1/5701
f 5702/1/5701 2985/1/2985 678/1/678 3098/1/3098
f 3065/1/3065 5702/1/5701 3098/1/3098 717/1/717
f 753/1/753 3131/1/3131 5703/1/5702 3126/1/3126
f 3131/1/3131 757/1/757 3062/1/3062 5703/1/5702
f 5703/1/5702 3062/1/3062 717/1/717 3098/1/3098
f 3126/1/3126 5703/1/5702 3098/1/3098 678/1/678
f 694/1/694 3090/1/3090 5704/1/5703 3009/1/3009
f 733/1/733 3088/1/3088 5704/1/5703 3090/1/3090
f 696/1/696 3009/1/3009 5704/1/5703 3088/1/3088
f 112/1/112 3103/1/3103 5705/1/5704 1835/1/1835
f 3103/1/3103 739/1/739 3104/1/3104 5705/1/5704
f 5705/1/5704 3104/1/3104 310/1/310 2227/1/2227
f 1835/1/1835 5705/1/5704 2227/1/2227 113/1/113
f 310/1/310 3104/1/3104 5706/1/5705 2226/1/2226
f 3104/1/3104 739/1/739 3102/1/3102 5706/1/5705
f 5706/1/5705 3102/1/3102 738/1/738 3105/1/3105
f 2226/1/2226 5706/1/5705 3105/1/3105 309/1/309
f 309/1/309 3105/1/3105 5707/1/5706 2225/1/2225
f 3105/1/3105 738/1/738 3101/1/3101 5707/1/5706
f 5707/1/5706 3101/1/3101 737/1/737 3106/1/3106
f 2225/1/2225 5707/1/5706 3106/1/3106 308/1/308
f 308/1/308 3106/1/3106 5708/1/5707 2224/1/2224
f 3106/1/3106 737/1/737 3100/1/3100 5708/1/5707
f 5708/1/5707 3100/1/3100 736/1/736 3107/1/3107
f 2224/1/2224 5708/1/5707 3107/1/3107 307/1/307
f 302/1/302 2166/1/2166 5709/1/5708 3099/1/3099
f 2166/1/2166 276/1/276 2223/1/2223 5709/1/5708
f 5709/1/5708 2223/1/2223 307/1/307 3107/1/3107
f 3099/1/3099 5709/1/5708 3107/1/3107 736/1/736
f 744/1/744 3112/1/3112 5710/1/5709 3113/1/3113
f 3112/1/3112 743/1/743 3114/1/3114 5710/1/5709
f 5710/1/5709 3114/1/3114 739/1/739 3103/1/3103
f 3113/1/3113 5710/1/5709 3103/1/3103 112/1/112
f 739/1/739 3114/1/3114 5711/1/5710 3102/1/3102
f 3114/1/3114 743/1/743 3111/1/3111 5711/1/5710
f 5711/1/5710 3111/1/3111 742/1/742 3115/1/3115
f 3102/1/3102 5711/1/5710 3115/1/3115 738/1/738
f 738/1/738 3115/1/3115 5712/1/5711 3101/1/3101
f 3115/1/3115 742/1/742 3110/1/3110 5712/1/5711
f 5712/1/5711 3110/1/3110 741/1/741 3116/1/3116
f 3101/1/3101 5712/1/5711 3116/1/3116 737/1/737
f 737/1/737 3116/1/3116 5713/1/5712 3100/1/3100
f 3116/1/3116 741/1/741 3109/1/3109 5713/1/5712
f 5713/1/5712 3109/1/3109 740/1/740 3117/1/3117
f 3100/1/3100 5713/1/5712 3117/1/3117 736/1/736
f 274/1/274 2209/1/2209 5714/1/5713 3108/1/3108
f 2209/1/2209 302/1/302 3099/1/3099 5714/1/5713
f 5714/1/5713 3099/1/3099 736/1/736 3117/1/3117
f 3108/1/3108 5714/1/5713 3117/1/3117 740/1/740
f 53/1/53 1724/1/1724 5715/1/5714 1806/1/1806
f 1724/1/1724 54/1/54 1805/1/1805 5715/1/5714
f 5715/1/5714 1805/1/1805 7/1/7 1677/1/1677
f 1806/1/1806 5715/1/5714 1677/1/1677 6/1/6
f 271/1/271 2159/1/2159 5716/1/5715 2982/1/2982
f 2159/1/2159 272/1/272 3130/1/3130 5716/1/5715
f 5716/1/5715 3130/1/3130 757/1/757 3131/1/3131
f 2982/1/2982 5716/1/5715 3131/1/3131 753/1/753
f 274/1/274 3061/1/3061 5717/1/5716 2163/1/2163
f 3061/1/3061 756/1/756 3132/1/3132 5717/1/5716
f 5717/1/5716 3132/1/3132 757/1/757 3130/1/3130
f 2163/1/2163 5717/1/5716 3130/1/3130 272/1/272
f 110/1/110 1832/1/1832 5718/1/5717 3022/1/3022
f 1832/1/1832 104/1/104 3124/1/3124 5718/1/5717
f 5718/1/5717 3124/1/3124 751/1/751 3133/1/3133
f 3022/1/3022 5718/1/5717 3133/1/3133 755/1/755
f 110/1/110 3022/1/3022 5719/1/5718 1833/1/1833
f 3022/1/3022 755/1/755 3134/1/3134 5719/1/5718
f 5719/1/5718 3134/1/3134 754/1/754 3127/1/3127
f 1833/1/1833 5719/1/5718 3127/1/3127 111/1/111
f 645/1/645 3122/1/3122 5720/1/5719 3019/1/3019
f 3122/1/3122 749/1/749 3135/1/3135 5720/1/5719
f 5720/1/5719 3135/1/3135 752/1/752 2980/1/2980
f 3019/1/3019 5720/1/5719 2980/1/2980 677/1/677
f 271/1/271 2982/1/2982 5721/1/5720 2979/1/2979
f 2982/1/2982 753/1/753 3136/1/3136 5721/1/5720
f 5721/1/5720 3136/1/3136 752/1/752 3125/1/3125
f 2979/1/2979 5721/1/5720 3125/1/3125 676/1/676
f 646/1/646 2965/1/2965 5722/1/5721 2921/1/2921
f 2965/1/2965 665/1/665 2952/1/2952 5722/1/5721
f 5722/1/5721 2952/1/2952 751/1/751 3137/1/3137
f 2921/1/2921 5722/1/5721 3137/1/3137 750/1/750
f 643/1/643 2920/1/2920 5723/1/5722 2916/1/2916
f 2920/1/2920 749/1/749 3138/1/3138 5723/1/5722
f 5723/1/5722 3138/1/3138 750/1/750 3123/1/3123
f 2916/1/2916 5723/1/5722 3123/1/3123 644/1/644
f 111/1/111 3127/1/3127 5724/1/5723 1834/1/1834
f 3127/1/3127 754/1/754 3139/1/3139 5724/1/5723
f 5724/1/5723 3139/1/3139 744/1/744 3113/1/3113
f 1834/1/1834 5724/1/5723 3113/1/3113 112/1/112
f 763/1/763 3146/1/3146 5725/1/5724 3145/1/3145
f 3146/1/3146 735/1/735 3089/1/3089 5725/1/5724
f 5725/1/5724 3089/1/3089 734/1/734 3147/1/3147
f 3145/1/3145 5725/1/5724 3147/1/3147 762/1/762
f 762/1/762 3147/1/3147 5726/1/5725 3144/1/3144
f 3147/1/3147 734/1/734 3085/1/3085 5726/1/5725
f 5726/1/5725 3085/1/3085 732/1/732 3148/1/3148
f 3144/1/3144 5726/1/5725 3148/1/3148 761/1/761
f 761/1/761 3148/1/3148 5727/1/5726 3143/1/3143
f 3148/1/3148 732/1/732 3082/1/3082 5727/1/5726
f 5727/1/5726 3082/1/3082 730/1/730 3149/1/3149
f 3143/1/3143 5727/1/5726 3149/1/3149 760/1/760
f 760/1/760 3149/1/3149 5728/1/5727 3142/1/3142
f 3149/1/3149 730/1/730 3079/1/3079 5728/1/5727
f 5728/1/5727 3079/1/3079 728/1/728 3150/1/3150
f 3142/1/3142 5728/1/5727 3150/1/3150 759/1/759
f 759/1/759 3150/1/3150 5729/1/5728 3141/1/3141
f 3150/1/3150 728/1/728 3076/1/3076 5729/1/5728
f 5729/1/5728 3076/1/3076 726/1/726 3151/1/3151
f 3141/1/3141 5729/1/5728 3151/1/3151 758/1/758
f 758/1/758 3151/1/3151 5730/1/5729 3140/1/3140
f 3151/1/3151 726/1/726 3073/1/3073 5730/1/5729
f 5730/1/5729 3073/1/3073 724/1/724 3152/1/3152
f 3140/1/3140 5730/1/5729 3152/1/3152 748/1/748
f 748/1/748 3152/1/3152 5731/1/5730 3121/1/3121
f 3152/1/3152 724/1/724 3070/1/3070 5731/1/5730
f 5731/1/5730 3070/1/3070 722/1/722 3153/1/3153
f 3121/1/3121 5731/1/5730 3153/1/3153 747/1/747
f 747/1/747 3153/1/3153 5732/1/5731 3120/1/3120
f 3153/1/3153 722/1/722 3067/1/3067 5732/1/5731
f 5732/1/5731 3067/1/3067 720/1/720 3154/1/3154
f 3120/1/3120 5732/1/5731 3154/1/3154 746/1/746
f 746/1/746 3154/1/3154 5733/1/5732 3119/1/3119
f 3154/1/3154 720/1/720 3064/1/3064 5733/1/5732
f 5733/1/5732 3064/1/3064 718/1/718 3155/1/3155
f 3119/1/3119 5733/1/5732 3155/1/3155 745/1/745
f 756/1/756 3061/1/3061 5734/1/5733 3157/1/3157
f 3061/1/3061 274/1/274 3108/1/3108 5734/1/5733
f 5734/1/5733 3108/1/3108 740/1/740 3156/1/3156
f 3157/1/3157 5734/1/5733 3156/1/3156 764/1/764
f 764/1/764 3118/1/3118 5735/1/5734 3157/1/3157
f 3118/1/3118 745/1/745 3155/1/3155 5735/1/5734
f 5735/1/5734 3155/1/3155 718/1/718 3129/1/3129
f 3157/1/3157 5735/1/5734 3129/1/3129 756/1/756
f 742/1/742 3159/1/3159 5736/1/5735 3110/1/3110
f 3159/1/3159 766/1/766 3158/1/3158 5736/1/5735
f 5736/1/5735 3158/1/3158 765/1/765 3160/1/3160
f 3110/1/3110 5736/1/5735 3160/1/3160 741/1/741
f 766/1/766 3162/1/3162 5737/1/5736 3158/1/3158
f 3162/1/3162 768/1/768 3161/1/3161 5737/1/5736
f 5737/1/5736 3161/1/3161 767/1/767 3163/1/3163
f 3158/1/3158 5737/1/5736 3163/1/3163 765/1/765
f 768/1/768 3165/1/3165 5738/1/5737 3161/1/3161
f 3165/1/3165 770/1/770 3164/1/3164 5738/1/5737
f 5738/1/5737 3164/1/3164 769/1/769 3166/1/3166
f 3161/1/3161 5738/1/5737 3166/1/3166 767/1/767
f 770/1/770 3168/1/3168 5739/1/5738 3164/1/3164
f 3168/1/3168 772/1/772 3167/1/3167 5739/1/5738
f 5739/1/5738 3167/1/3167 771/1/771 3169/1/3169
f 3164/1/3164 5739/1/5738 3169/1/3169 769/1/769
f 772/1/772 3171/1/3171 5740/1/5739 3167/1/3167
f 3171/1/3171 774/1/774 3170/1/3170 5740/1/5739
f 5740/1/5739 3170/1/3170 773/1/773 3172/1/3172
f 3167/1/3167 5740/1/5739 3172/1/3172 771/1/771
f 774/1/774 3174/1/3174 5741/1/5740 3170/1/3170
f 3174/1/3174 776/1/776 3173/1/3173 5741/1/5740
f 5741/1/5740 3173/1/3173 775/1/775 3175/1/3175
f 3170/1/3170 5741/1/5740 3175/1/3175 773/1/773
f 776/1/776 3177/1/3177 5742/1/5741 3173/1/3173
f 3177/1/3177 778/1/778 3176/1/3176 5742/1/5741
f 5742/1/5741 3176/1/3176 777/1/777 3178/1/3178
f 3173/1/3173 5742/1/5741 3178/1/3178 775/1/775
f 783/1/783 3185/1/3185 5743/1/5742 3187/1/3187
f 3185/1/3185 780/1/780 3179/1/3179 5743/1/5742
f 5743/1/5742 3179/1/3179 779/1/779 3181/1/3181
f 3187/1/3187 5743/1/5742 3181/1/3181 784/1/784
f 780/1/780 3183/1/3183 5744/1/5743 3179/1/3179
f 3183/1/3183 782/1/782 3182/1/3182 5744/1/5743
f 5744/1/5743 3182/1/3182 781/1/781 3184/1/3184
f 3179/1/3179 5744/1/5743 3184/1/3184 779/1/779
f 778/1/778 3180/1/3180 5745/1/5744 3176/1/3176
f 3180/1/3180 783/1/783 3187/1/3187 5745/1/5744
f 5745/1/5744 3187/1/3187 784/1/784 3186/1/3186
f 3176/1/3176 5745/1/5744 3186/1/3186 777/1/777
f 781/1/781 3188/1/3188 5746/1/5745 3184/1/3184
f 3188/1/3188 763/1/763 3145/1/3145 5746/1/5745
f 5746/1/5745 3145/1/3145 762/1/762 3189/1/3189
f 3184/1/3184 5746/1/5745 3189/1/3189 779/1/779
f 779/1/779 3189/1/3189 5747/1/5746 3181/1/3181
f 3189/1/3189 762/1/762 3144/1/3144 5747/1/5746
f 5747/1/5746 3144/1/3144 761/1/761 3190/1/3190
f 3181/1/3181 5747/1/5746 3190/1/3190 784/1/784
f 784/1/784 3190/1/3190 5748/1/5747 3186/1/3186
f 3190/1/3190 761/1/761 3143/1/3143 5748/1/5747
f 5748/1/5747 3143/1/3143 760/1/760 3191/1/3191
f 3186/1/3186 5748/1/5747 3191/1/3191 777/1/777
f 777/1/777 3191/1/3191 5749/1/5748 3178/1/3178
f 3191/1/3191 760/1/760 3142/1/3142 5749/1/5748
f 5749/1/5748 3142/1/3142 759/1/759 3192/1/3192
f 3178/1/3178 5749/1/5748 3192/1/3192 775/1/775
f 775/1/775 3192/1/3192 5750/1/5749 3175/1/3175
f 3192/1/3192 759/1/759 3141/1/3141 5750/1/5749
f 5750/1/5749 3141/1/3141 758/1/758 3193/1/3193
f 3175/1/3175 5750/1/5749 3193/1/3193 773/1/773
f 773/1/773 3193/1/3193 5751/1/5750 3172/1/3172
f 3193/1/3193 758/1/758 3140/1/3140 5751/1/5750
f 5751/1/5750 3140/1/3140 748/1/748 3194/1/3194
f 3172/1/3172 5751/1/5750 3194/1/3194 771/1/771
f 771/1/771 3194/1/3194 5752/1/5751 3169/1/3169
f 3194/1/3194 748/1/748 3121/1/3121 5752/1/5751
f 5752/1/5751 3121/1/3121 747/1/747 3195/1/3195
f 3169/1/3169 5752/1/5751 3195/1/3195 769/1/769
f 769/1/769 3195/1/3195 5753/1/5752 3166/1/3166
f 3195/1/3195 747/1/747 3120/1/3120 5753/1/5752
f 5753/1/5752 3120/1/3120 746/1/746 3196/1/3196
f 3166/1/3166 5753/1/5752 3196/1/3196 767/1/767
f 767/1/767 3196/1/3196 5754/1/5753 3163/1/3163
f 3196/1/3196 746/1/746 3119/1/3119 5754/1/5753
f 5754/1/5753 3119/1/3119 745/1/745 3197/1/3197
f 3163/1/3163 5754/1/5753 3197/1/3197 765/1/765
f 740/1/740 3109/1/3109 5755/1/5754 3156/1/3156
f 741/1/741 3160/1/3160 5755/1/5754 3109/1/3109
f 765/1/765 3197/1/3197 5755/1/5754 3160/1/3160
f 745/1/745 3118/1/3118 5755/1/5754 3197/1/3197
f 764/1/764 3156/1/3156 5755/1/5754 3118/1/3118
f 794/1/794 3208/1/3208 5756/1/5755 3207/1/3207
f 3208/1/3208 782/1/782 3183/1/3183 5756/1/5755
f 5756/1/5755 3183/1/3183 780/1/780 3209/1/3209
f 3207/1/3207 5756/1/5755 3209/1/3209 793/1/793
f 793/1/793 3209/1/3209 5757/1/5756 3206/1/3206
f 3209/1/3209 780/1/780 3185/1/3185 5757/1/5756
f 5757/1/5756 3185/1/3185 783/1/783 3210/1/3210
f 3206/1/3206 5757/1/5756 3210/1/3210 792/1/792
f 792/1/792 3210/1/3210 5758/1/5757 3205/1/3205
f 3210/1/3210 783/1/783 3180/1/3180 5758/1/5757
f 5758/1/5757 3180/1/3180 778/1/778 3211/1/3211
f 3205/1/3205 5758/1/5757 3211/1/3211 791/1/791
f 791/1/791 3211/1/3211 5759/1/5758 3204/1/3204
f 3211/1/3211 778/1/778 3177/1/3177 5759/1/5758
f 5759/1/5758 3177/1/3177 776/1/776 3212/1/3212
f 3204/1/3204 5759/1/5758 3212/1/3212 790/1/790
f 790/1/790 3212/1/3212 5760/1/5759 3203/1/3203
f 3212/1/3212 776/1/776 3174/1/3174 5760/1/5759
f 5760/1/5759 3174/1/3174 774/1/774 3213/1/3213
f 3203/1/3203 5760/1/5759 3213/1/3213 789/1/789
f 789/1/789 3213/1/3213 5761/1/5760 3202/1/3202
f 3213/1/3213 774/1/774 3171/1/3171 5761/1/5760
f 5761/1/5760 3171/1/3171 772/1/772 3214/1/3214
f 3202/1/3202 5761/1/5760 3214/1/3214 788/1/788
f 788/1/788 3214/1/3214 5762/1/5761 3201/1/3201
f 3214/1/3214 772/1/772 3168/1/3168 5762/1/5761
f 5762/1/5761 3168/1/3168 770/1/770 3215/1/3215
f 3201/1/3201 5762/1/5761 3215/1/3215 787/1/787
f 787/1/787 3215/1/3215 5763/1/5762 3200/1/3200
f 3215/1/3215 770/1/770 3165/1/3165 5763/1/5762
f 5763/1/5762 3165/1/3165 768/1/768 3216/1/3216
f 3200/1/3200 5763/1/5762 3216/1/3216 786/1/786
f 786/1/786 3216/1/3216 5764/1/5763 3199/1/3199
f 3216/1/3216 768/1/768 3162/1/3162 5764/1/5763
f 5764/1/5763 3162/1/3162 766/1/766 3217/1/3217
f 3199/1/3199 5764/1/5763 3217/1/3217 785/1/785
f 742/1/742 3111/1/3111 5765/1/5764 3159/1/3159
f 3111/1/3111 743/1/743 3198/1/3198 5765/1/5764
f 5765/1/5764 3198/1/3198 785/1/785 3217/1/3217
f 3159/1/3159 5765/1/5764 3217/1/3217 766/1/766
f 804/1/804 3228/1/3228 5766/1/5765 3227/1/3227
f 3228/1/3228 794/1/794 3207/1/3207 5766/1/5765
f 5766/1/5765 3207/1/3207 793/1/793 3229/1/3229
f 3227/1/3227 5766/1/5765 3229/1/3229 803/1/803
f 803/1/803 3229/1/3229 5767/1/5766 3226/1/3226
f 3229/1/3229 793/1/793 3206/1/3206 5767/1/5766
f 5767/1/5766 3206/1/3206 792/1/792 3230/1/3230
f 3226/1/3226 5767/1/5766 3230/1/3230 802/1/802
f 802/1/802 3230/1/3230 5768/1/5767 3225/1/3225
f 3230/1/3230 792/1/792 3205/1/3205 5768/1/5767
f 5768/1/5767 3205/1/3205 791/1/791 3231/1/3231
f 3225/1/3225 5768/1/5767 3231/1/3231 801/1/801
f 801/1/801 3231/1/3231 5769/1/5768 3224/1/3224
f 3231/1/3231 791/1/791 3204/1/3204 5769/1/5768
f 5769/1/5768 3204/1/3204 790/1/790 3232/1/3232
f 3224/1/3224 5769/1/5768 3232/1/3232 800/1/800
f 800/1/800 3232/1/3232 5770/1/5769 3223/1/3223
f 3232/1/3232 790/1/790 3203/1/3203 5770/1/5769
f 5770/1/5769 3203/1/3203 789/1/789 3233/1/3233
f 3223/1/3223 5770/1/5769 3233/1/3233 799/1/799
f 799/1/799 3233/1/3233 5771/1/5770 3222/1/3222
f 3233/1/3233 789/1/789 3202/1/3202 5771/1/5770
f 5771/1/5770 3202/1/3202 788/1/788 3234/1/3234
f 3222/1/3222 5771/1/5770 3234/1/3234 798/1/798
f 798/1/798 3234/1/3234 5772/1/5771 3221/1/3221
f 3234/1/3234 788/1/788 3201/1/3201 5772/1/5771
f 5772/1/5771 3201/1/3201 787/1/787 3235/1/3235
f 3221/1/3221 5772/1/5771 3235/1/3235 797/1/797
f 797/1/797 3235/1/3235 5773/1/5772 3220/1/3220
f 3235/1/3235 787/1/787 3200/1/3200 5773/1/5772
f 5773/1/5772 3200/1/3200 786/1/786 3236/1/3236
f 3220/1/3220 5773/1/5772 3236/1/3236 796/1/796
f 796/1/796 3236/1/3236 5774/1/5773 3219/1/3219
f 3236/1/3236 786/1/786 3199/1/3199 5774/1/5773
f 5774/1/5773 3199/1/3199 785/1/785 3237/1/3237
f 3219/1/3219 5774/1/5773 3237/1/3237 795/1/795
f 795/1/795 3238/1/3238 5775/1/5774 3219/1/3219
f 3238/1/3238 698/1/698 3024/1/3024 5775/1/5774
f 5775/1/5774 3024/1/3024 700/1/700 3239/1/3239
f 3219/1/3219 5775/1/5774 3239/1/3239 796/1/796
f 796/1/796 3239/1/3239 5776/1/5775 3220/1/3220
f 3239/1/3239 700/1/700 3027/1/3027 5776/1/5775
f 5776/1/5775 3027/1/3027 702/1/702 3240/1/3240
f 3220/1/3220 5776/1/5775 3240/1/3240 797/1/797
f 797/1/797 3240/1/3240 5777/1/5776 3221/1/3221
f 3240/1/3240 702/1/702 3030/1/3030 5777/1/5776
f 5777/1/5776 3030/1/3030 704/1/704 3241/1/3241
f 3221/1/3221 5777/1/5776 3241/1/3241 798/1/798
f 798/1/798 3241/1/3241 5778/1/5777 3222/1/3222
f 3241/1/3241 704/1/704 3033/1/3033 5778/1/5777
f 5778/1/5777 3033/1/3033 706/1/706 3242/1/3242
f 3222/1/3222 5778/1/5777 3242/1/3242 799/1/799
f 799/1/799 3242/1/3242 5779/1/5778 3223/1/3223
f 3242/1/3242 706/1/706 3036/1/3036 5779/1/5778
f 5779/1/5778 3036/1/3036 708/1/708 3243/1/3243
f 3223/1/3223 5779/1/5778 3243/1/3243 800/1/800
f 800/1/800 3243/1/3243 5780/1/5779 3224/1/3224
f 3243/1/3243 708/1/708 3039/1/3039 5780/1/5779
f 5780/1/5779 3039/1/3039 710/1/710 3244/1/3244
f 3224/1/3224 5780/1/5779 3244/1/3244 801/1/801
f 801/1/801 3244/1/3244 5781/1/5780 3225/1/3225
f 3244/1/3244 710/1/710 3042/1/3042 5781/1/5780
f 5781/1/5780 3042/1/3042 712/1/712 3245/1/3245
f 3225/1/3225 5781/1/5780 3245/1/3245 802/1/802
f 802/1/802 3245/1/3245 5782/1/5781 3226/1/3226
f 3245/1/3245 712/1/712 3045/1/3045 5782/1/5781
f 5782/1/5781 3045/1/3045 714/1/714 3246/1/3246
f 3226/1/3226 5782/1/5781 3246/1/3246 803/1/803
f 803/1/803 3246/1/3246 5783/1/5782 3227/1/3227
f 3246/1/3246 714/1/714 3048/1/3048 5783/1/5782
f 5783/1/5782 3048/1/3048 716/1/716 3247/1/3247
f 3227/1/3227 5783/1/5782 3247/1/3247 804/1/804
f 743/1/743 3112/1/3112 5784/1/5783 3198/1/3198
f 3112/1/3112 744/1/744 3218/1/3218 5784/1/5783
f 5784/1/5783 3218/1/3218 795/1/795 3237/1/3237
f 3198/1/3198 5784/1/5783 3237/1/3237 785/1/785
f 698/1/698 3238/1/3238 5785/1/5784 3021/1/3021
f 3238/1/3238 795/1/795 3218/1/3218 5785/1/5784
f 5785/1/5784 3218/1/3218 744/1/744 3139/1/3139
f 3021/1/3021 5785/1/5784 3139/1/3139 754/1/754
f 782/1/782 3250/1/3250 5786/1/5785 3182/1/3182
f 3250/1/3250 806/1/806 3248/1/3248 5786/1/5785
f 5786/1/5785 3248/1/3248 805/1/805 3249/1/3249
f 3182/1/3182 5786/1/5785 3249/1/3249 781/1/781
f 663/1/663 3253/1/3253 5787/1/5786 2946/1/2946
f 3253/1/3253 807/1/807 3251/1/3251 5787/1/5786
f 5787/1/5786 3251/1/3251 808/1/808 3252/1/3252
f 2946/1/2946 5787/1/5786 3252/1/3252 664/1/664
f 805/1/805 3248/1/3248 5788/1/5787 3254/1/3254
f 3248/1/3248 806/1/806 3255/1/3255 5788/1/5787
f 5788/1/5787 3255/1/3255 808/1/808 3251/1/3251
f 3254/1/3254 5788/1/5787 3251/1/3251 807/1/807
f 781/1/781 3249/1/3249 5789/1/5788 3188/1/3188
f 805/1/805 3256/1/3256 5789/1/5788 3249/1/3249
f 763/1/763 3188/1/3188 5789/1/5788 3256/1/3256
f 763/1/763 3256/1/3256 5790/1/5789 3146/1/3146
f 805/1/805 3257/1/3257 5790/1/5789 3256/1/3256
f 735/1/735 3146/1/3146 5790/1/5789 3257/1/3257
f 696/1/696 3087/1/3087 5791/1/5790 3258/1/3258
f 3087/1/3087 735/1/735 3257/1/3257 5791/1/5790
f 5791/1/5790 3257/1/3257 805/1/805 3254/1/3254
f 3258/1/3258 5791/1/5790 3254/1/3254 807/1/807
f 695/1/695 3007/1/3007 5792/1/5791 3259/1/3259
f 696/1/696 3258/1/3258 5792/1/5791 3007/1/3007
f 807/1/807 3259/1/3259 5792/1/5791 3258/1/3258
f 663/1/663 3010/1/3010 5793/1/5792 3253/1/3253
f 695/1/695 3259/1/3259 5793/1/5792 3010/1/3010
f 807/1/807 3253/1/3253 5793/1/5792 3259/1/3259
f 715/1/715 3051/1/3051 5794/1/5793 3260/1/3260
f 664/1/664 3252/1/3252 5794/1/5793 3051/1/3051
f 808/1/808 3260/1/3260 5794/1/5793 3252/1/3252
f 716/1/716 3047/1/3047 5795/1/5794 3261/1/3261
f 715/1/715 3260/1/3260 5795/1/5794 3047/1/3047
f 808/1/808 3261/1/3261 5795/1/5794 3260/1/3260
f 716/1/716 3261/1/3261 5796/1/5795 3247/1/3247
f 3261/1/3261 808/1/808 3255/1/3255 5796/1/5795
f 5796/1/5795 3255/1/3255 806/1/806 3262/1/3262
f 3247/1/3247 5796/1/5795 3262/1/3262 804/1/804
f 804/1/804 3262/1/3262 5797/1/5796 3228/1/3228
f 806/1/806 3263/1/3263 5797/1/5796 3262/1/3262
f 794/1/794 3228/1/3228 5797/1/5796 3263/1/3263
f 782/1/782 3208/1/3208 5798/1/5797 3250/1/3250
f 794/1/794 3263/1/3263 5798/1/5797 3208/1/3208
f 806/1/806 3250/1/3250 5798/1/5797 3263/1/3263
f 100/1/100 1821/1/1821 5799/1/5798 3265/1/3265
f 1821/1/1821 101/1/101 3266/1/3266 5799/1/5798
f 5799/1/5798 3266/1/3266 810/1/810 3264/1/3264
f 3265/1/3265 5799/1/5798 3264/1/3264 809/1/809
f 809/1/809 3264/1/3264 5800/1/5799 3268/1/3268
f 3264/1/3264 810/1/810 3269/1/3269 5800/1/5799
f 5800/1/5799 3269/1/3269 812/1/812 3267/1/3267
f 3268/1/3268 5800/1/5799 3267/1/3267 811/1/811
f 811/1/811 3267/1/3267 5801/1/5800 3271/1/3271
f 3267/1/3267 812/1/812 3272/1/3272 5801/1/5800
f 5801/1/5800 3272/1/3272 814/1/814 3270/1/3270
f 3271/1/3271 5801/1/5800 3270/1/3270 813/1/813
f 813/1/813 3270/1/3270 5802/1/5801 3274/1/3274
f 3270/1/3270 814/1/814 3275/1/3275 5802/1/5801
f 5802/1/5801 3275/1/3275 816/1/816 3273/1/3273
f 3274/1/3274 5802/1/5801 3273/1/3273 815/1/815
f 815/1/815 3273/1/3273 5803/1/5802 3277/1/3277
f 3273/1/3273 816/1/816 3278/1/3278 5803/1/5802
f 5803/1/5802 3278/1/3278 818/1/818 3276/1/3276
f 3277/1/3277 5803/1/5802 3276/1/3276 817/1/817
f 817/1/817 3276/1/3276 5804/1/5803 3280/1/3280
f 3276/1/3276 818/1/818 3281/1/3281 5804/1/5803
f 5804/1/5803 3281/1/3281 820/1/820 3279/1/3279
f 3280/1/3280 5804/1/5803 3279/1/3279 819/1/819
f 819/1/819 3279/1/3279 5805/1/5804 3283/1/3283
f 3279/1/3279 820/1/820 3284/1/3284 5805/1/5804
f 5805/1/5804 3284/1/3284 822/1/822 3282/1/3282
f 3283/1/3283 5805/1/5804 3282/1/3282 821/1/821
f 821/1/821 3282/1/3282 5806/1/5805 3286/1/3286
f 3282/1/3282 822/1/822 3287/1/3287 5806/1/5805
f 5806/1/5805 3287/1/3287 824/1/824 3285/1/3285
f 3286/1/3286 5806/1/5805 3285/1/3285 823/1/823
f 823/1/823 3285/1/3285 5807/1/5806 3289/1/3289
f 3285/1/3285 824/1/824 3290/1/3290 5807/1/5806
f 5807/1/5806 3290/1/3290 826/1/826 3288/1/3288
f 3289/1/3289 5807/1/5806 3288/1/3288 825/1/825
f 825/1/825 3288/1/3288 5808/1/5807 3292/1/3292
f 3288/1/3288 826/1/826 3293/1/3293 5808/1/5807
f 5808/1/5807 3293/1/3293 828/1/828 3291/1/3291
f 3292/1/3292 5808/1/5807 3291/1/3291 827/1/827
f 827/1/827 3291/1/3291 5809/1/5808 3295/1/3295
f 3291/1/3291 828/1/828 3296/1/3296 5809/1/5808
f 5809/1/5808 3296/1/3296 830/1/830 3294/1/3294
f 3295/1/3295 5809/1/5808 3294/1/3294 829/1/829
f 108/1/108 1831/1/1831 5810/1/5809 3297/1/3297
f 1831/1/1831 109/1/109 3298/1/3298 5810/1/5809
f 5810/1/5809 3298/1/3298 829/1/829 3294/1/3294
f 3297/1/3297 5810/1/5809 3294/1/3294 830/1/830
f 809/1/809 3268/1/3268 5811/1/5810 3299/1/3299
f 3268/1/3268 811/1/811 3300/1/3300 5811/1/5810
f 5811/1/5810 3300/1/3300 120/1/120 1849/1/1849
f 3299/1/3299 5811/1/5810 1849/1/1849 116/1/116
f 811/1/811 3271/1/3271 5812/1/5811 3300/1/3300
f 3271/1/3271 813/1/813 3301/1/3301 5812/1/5811
f 5812/1/5811 3301/1/3301 122/1/122 1852/1/1852
f 3300/1/3300 5812/1/5811 1852/1/1852 120/1/120
f 813/1/813 3274/1/3274 5813/1/5812 3301/1/3301
f 3274/1/3274 815/1/815 3302/1/3302 5813/1/5812
f 5813/1/5812 3302/1/3302 124/1/124 1855/1/1855
f 3301/1/3301 5813/1/5812 1855/1/1855 122/1/122
f 815/1/815 3277/1/3277 5814/1/5813 3302/1/3302
f 3277/1/3277 817/1/817 3303/1/3303 5814/1/5813
f 5814/1/5813 3303/1/3303 125/1/125 1857/1/1857
f 3302/1/3302 5814/1/5813 1857/1/1857 124/1/124
f 817/1/817 3280/1/3280 5815/1/5814 3303/1/3303
f 3280/1/3280 819/1/819 3304/1/3304 5815/1/5814
f 5815/1/5814 3304/1/3304 128/1/128 1861/1/1861
f 3303/1/3303 5815/1/5814 1861/1/1861 125/1/125
f 819/1/819 3283/1/3283 5816/1/5815 3304/1/3304
f 3283/1/3283 821/1/821 3305/1/3305 5816/1/5815
f 5816/1/5815 3305/1/3305 129/1/129 1863/1/1863
f 3304/1/3304 5816/1/5815 1863/1/1863 128/1/128
f 821/1/821 3286/1/3286 5817/1/5816 3305/1/3305
f 3286/1/3286 823/1/823 3306/1/3306 5817/1/5816
f 5817/1/5816 3306/1/3306 132/1/132 1867/1/1867
f 3305/1/3305 5817/1/5816 1867/1/1867 129/1/129
f 823/1/823 3289/1/3289 5818/1/5817 3306/1/3306
f 3289/1/3289 825/1/825 3307/1/3307 5818/1/5817
f 5818/1/5817 3307/1/3307 148/1/148 1890/1/1890
f 3306/1/3306 5818/1/5817 1890/1/1890 132/1/132
f 825/1/825 3292/1/3292 5819/1/5818 3307/1/3307
f 3292/1/3292 827/1/827 3308/1/3308 5819/1/5818
f 5819/1/5818 3308/1/3308 133/1/133 1869/1/1869
f 3307/1/3307 5819/1/5818 1869/1/1869 148/1/148
f 827/1/827 3295/1/3295 5820/1/5819 3308/1/3308
f 3295/1/3295 829/1/829 3309/1/3309 5820/1/5819
f 5820/1/5819 3309/1/3309 229/1/229 2070/1/2070
f 3308/1/3308 5820/1/5819 2070/1/2070 133/1/133
f 136/1/136 2072/1/2072 5821/1/5820 1875/1/1875
f 2072/1/2072 229/1/229 3309/1/3309 5821/1/5820
f 5821/1/5820 3309/1/3309 829/1/829 3298/1/3298
f 1875/1/1875 5821/1/5820 3298/1/3298 109/1/109
f 100/1/100 3265/1/3265 5822/1/5821 1842/1/1842
f 3265/1/3265 809/1/809 3299/1/3299 5822/1/5821
f 5822/1/5821 3299/1/3299 116/1/116 1843/1/1843
f 1842/1/1842 5822/1/5821 1843/1/1843 115/1/115
f 108/1/108 3297/1/3297 5823/1/5822 1830/1/1830
f 3297/1/3297 830/1/830 3322/1/3322 5823/1/5822
f 5823/1/5822 3322/1/3322 841/1/841 3321/1/3321
f 1830/1/1830 5823/1/5822 3321/1/3321 107/1/107
f 830/1/830 3296/1/3296 5824/1/5823 3322/1/3322
f 3296/1/3296 828/1/828 3323/1/3323 5824/1/5823
f 5824/1/5823 3323/1/3323 840/1/840 3320/1/3320
f 3322/1/3322 5824/1/5823 3320/1/3320 841/1/841
f 828/1/828 3293/1/3293 5825/1/5824 3323/1/3323
f 3293/1/3293 826/1/826 3324/1/3324 5825/1/5824
f 5825/1/5824 3324/1/3324 839/1/839 3319/1/3319
f 3323/1/3323 5825/1/5824 3319/1/3319 840/1/840
f 826/1/826 3290/1/3290 5826/1/5825 3324/1/3324
f 3290/1/3290 824/1/824 3325/1/3325 5826/1/5825
f 5826/1/5825 3325/1/3325 838/1/838 3318/1/3318
f 3324/1/3324 5826/1/5825 3318/1/3318 839/1/839
f 824/1/824 3287/1/3287 5827/1/5826 3325/1/3325
f 3287/1/3287 822/1/822 3326/1/3326 5827/1/5826
f 5827/1/5826 3326/1/3326 837/1/837 3317/1/3317
f 3325/1/3325 5827/1/5826 3317/1/3317 838/1/838
f 822/1/822 3284/1/3284 5828/1/5827 3326/1/3326
f 3284/1/3284 820/1/820 3327/1/3327 5828/1/5827
f 5828/1/5827 3327/1/3327 836/1/836 3316/1/3316
f 3326/1/3326 5828/1/5827 3316/1/3316 837/1/837
f 820/1/820 3281/1/3281 5829/1/5828 3327/1/3327
f 3281/1/3281 818/1/818 3328/1/3328 5829/1/5828
f 5829/1/5828 3328/1/3328 835/1/835 3315/1/3315
f 3327/1/3327 5829/1/5828 3315/1/3315 836/1/836
f 818/1/818 3278/1/3278 5830/1/5829 3328/1/3328
f 3278/1/3278 816/1/816 3329/1/3329 5830/1/5829
f 5830/1/5829 3329/1/3329 834/1/834 3314/1/3314
f 3328/1/3328 5830/1/5829 3314/1/3314 835/1/835
f 816/1/816 3275/1/3275 5831/1/5830 3329/1/3329
f 3275/1/3275 814/1/814 3330/1/3330 5831/1/5830
f 5831/1/5830 3330/1/3330 833/1/833 3313/1/3313
f 3329/1/3329 5831/1/5830 3313/1/3313 834/1/834
f 814/1/814 3272/1/3272 5832/1/5831 3330/1/3330
f 3272/1/3272 812/1/812 3331/1/3331 5832/1/5831
f 5832/1/5831 3331/1/3331 832/1/832 3312/1/3312
f 3330/1/3330 5832/1/5831 3312/1/3312 833/1/833
f 812/1/812 3269/1/3269 5833/1/5832 3331/1/3331
f 3269/1/3269 810/1/810 3332/1/3332 5833/1/5832
f 5833/1/5832 3332/1/3332 831/1/831 3311/1/3311
f 3331/1/3331 5833/1/5832 3311/1/3311 832/1/832
f 103/1/103 3310/1/3310 5834/1/5833 1825/1/1825
f 3310/1/3310 831/1/831 3332/1/3332 5834/1/5833
f 5834/1/5833 3332/1/3332 810/1/810 3266/1/3266
f 1825/1/1825 5834/1/5833 3266/1/3266 101/1/101
f 105/1/105 1828/1/1828 5835/1/5834 3334/1/3334
f 1828/1/1828 106/1/106 3335/1/3335 5835/1/5834
f 5835/1/5834 3335/1/3335 843/1/843 3333/1/3333
f 3334/1/3334 5835/1/5834 3333/1/3333 842/1/842
f 842/1/842 3333/1/3333 5836/1/5835 3337/1/3337
f 3333/1/3333 843/1/843 3338/1/3338 5836/1/5835
f 5836/1/5835 3338/1/3338 845/1/845 3336/1/3336
f 3337/1/3337 5836/1/5835 3336/1/3336 844/1/844
f 844/1/844 3336/1/3336 5837/1/5836 3340/1/3340
f 3336/1/3336 845/1/845 3341/1/3341 5837/1/5836
f 5837/1/5836 3341/1/3341 847/1/847 3339/1/3339
f 3340/1/3340 5837/1/5836 3339/1/3339 846/1/846
f 846/1/846 3339/1/3339 5838/1/5837 3343/1/3343
f 3339/1/3339 847/1/847 3344/1/3344 5838/1/5837
f 5838/1/5837 3344/1/3344 849/1/849 3342/1/3342
f 3343/1/3343 5838/1/5837 3342/1/3342 848/1/848
f 848/1/848 3342/1/3342 5839/1/5838 3346/1/3346
f 3342/1/3342 849/1/849 3347/1/3347 5839/1/5838
f 5839/1/5838 3347/1/3347 851/1/851 3345/1/3345
f 3346/1/3346 5839/1/5838 3345/1/3345 850/1/850
f 850/1/850 3345/1/3345 5840/1/5839 3349/1/3349
f 3345/1/3345 851/1/851 3350/1/3350 5840/1/5839
f 5840/1/5839 3350/1/3350 853/1/853 3348/1/3348
f 3349/1/3349 5840/1/5839 3348/1/3348 852/1/852
f 852/1/852 3348/1/3348 5841/1/5840 3352/1/3352
f 3348/1/3348 853/1/853 3353/1/3353 5841/1/5840
f 5841/1/5840 3353/1/3353 855/1/855 3351/1/3351
f 3352/1/3352 5841/1/5840 3351/1/3351 854/1/854
f 854/1/854 3351/1/3351 5842/1/5841 3355/1/3355
f 3351/1/3351 855/1/855 3356/1/3356 5842/1/5841
f 5842/1/5841 3356/1/3356 857/1/857 3354/1/3354
f 3355/1/3355 5842/1/5841 3354/1/3354 856/1/856
f 856/1/856 3354/1/3354 5843/1/5842 3358/1/3358
f 3354/1/3354 857/1/857 3359/1/3359 5843/1/5842
f 5843/1/5842 3359/1/3359 859/1/859 3357/1/3357
f 3358/1/3358 5843/1/5842 3357/1/3357 858/1/858
f 831/1/831 3310/1/3310 5844/1/5843 3361/1/3361
f 3310/1/3310 103/1/103 3362/1/3362 5844/1/5843
f 5844/1/5843 3362/1/3362 860/1/860 3360/1/3360
f 3361/1/3361 5844/1/5843 3360/1/3360 861/1/861
f 861/1/861 3360/1/3360 5845/1/5844 3365/1/3365
f 3360/1/3360 860/1/860 3364/1/3364 5845/1/5844
f 5845/1/5844 3364/1/3364 862/1/862 3363/1/3363
f 3365/1/3365 5845/1/5844 3363/1/3363 863/1/863
f 863/1/863 3363/1/3363 5846/1/5845 3368/1/3368
f 3363/1/3363 862/1/862 3367/1/3367 5846/1/5845
f 5846/1/5845 3367/1/3367 864/1/864 3366/1/3366
f 3368/1/3368 5846/1/5845 3366/1/3366 865/1/865
f 865/1/865 3366/1/3366 5847/1/5846 3371/1/3371
f 3366/1/3366 864/1/864 3370/1/3370 5847/1/5846
f 5847/1/5846 3370/1/3370 866/1/866 3369/1/3369
f 3371/1/3371 5847/1/5846 3369/1/3369 867/1/867
f 867/1/867 3369/1/3369 5848/1/5847 3374/1/3374
f 3369/1/3369 866/1/866 3373/1/3373 5848/1/5847
f 5848/1/5847 3373/1/3373 868/1/868 3372/1/3372
f 3374/1/3374 5848/1/5847 3372/1/3372 869/1/869
f 869/1/869 3372/1/3372 5849/1/5848 3377/1/3377
f 3372/1/3372 868/1/868 3376/1/3376 5849/1/5848
f 5849/1/5848 3376/1/3376 870/1/870 3375/1/3375
f 3377/1/3377 5849/1/5848 3375/1/3375 871/1/871
f 871/1/871 3375/1/3375 5850/1/5849 3380/1/3380
f 3375/1/3375 870/1/870 3379/1/3379 5850/1/5849
f 5850/1/5849 3379/1/3379 872/1/872 3378/1/3378
f 3380/1/3380 5850/1/5849 3378/1/3378 873/1/873
f 873/1/873 3378/1/3378 5851/1/5850 3383/1/3383
f 3378/1/3378 872/1/872 3382/1/3382 5851/1/5850
f 5851/1/5850 3382/1/3382 874/1/874 3381/1/3381
f 3383/1/3383 5851/1/5850 3381/1/3381 875/1/875
f 875/1/875 3381/1/3381 5852/1/5851 3386/1/3386
f 3381/1/3381 874/1/874 3385/1/3385 5852/1/5851
f 5852/1/5851 3385/1/3385 876/1/876 3384/1/3384
f 3386/1/3386 5852/1/5851 3384/1/3384 877/1/877
f 876/1/876 3385/1/3385 5853/1/5852 3387/1/3387
f 3385/1/3385 874/1/874 3388/1/3388 5853/1/5852
f 5853/1/5852 3388/1/3388 856/1/856 3358/1/3358
f 3387/1/3387 5853/1/5852 3358/1/3358 858/1/858
f 874/1/874 3382/1/3382 5854/1/5853 3388/1/3388
f 3382/1/3382 872/1/872 3389/1/3389 5854/1/5853
f 5854/1/5853 3389/1/3389 854/1/854 3355/1/3355
f 3388/1/3388 5854/1/5853 3355/1/3355 856/1/856
f 872/1/872 3379/1/3379 5855/1/5854 3389/1/3389
f 3379/1/3379 870/1/870 3390/1/3390 5855/1/5854
f 5855/1/5854 3390/1/3390 852/1/852 3352/1/3352
f 3389/1/3389 5855/1/5854 3352/1/3352 854/1/854
f 870/1/870 3376/1/3376 5856/1/5855 3390/1/3390
f 3376/1/3376 868/1/868 3391/1/3391 5856/1/5855
f 5856/1/5855 3391/1/3391 850/1/850 3349/1/3349
f 3390/1/3390 5856/1/5855 3349/1/3349 852/1/852
f 868/1/868 3373/1/3373 5857/1/5856 3391/1/3391
f 3373/1/3373 866/1/866 3392/1/3392 5857/1/5856
f 5857/1/5856 3392/1/3392 848/1/848 3346/1/3346
f 3391/1/3391 5857/1/5856 3346/1/3346 850/1/850
f 866/1/866 3370/1/3370 5858/1/5857 3392/1/3392
f 3370/1/3370 864/1/864 3393/1/3393 5858/1/5857
f 5858/1/5857 3393/1/3393 846/1/846 3343/1/3343
f 3392/1/3392 5858/1/5857 3343/1/3343 848/1/848
f 864/1/864 3367/1/3367 5859/1/5858 3393/1/3393
f 3367/1/3367 862/1/862 3394/1/3394 5859/1/5858
f 5859/1/5858 3394/1/3394 844/1/844 3340/1/3340
f 3393/1/3393 5859/1/5858 3340/1/3340 846/1/846
f 862/1/862 3364/1/3364 5860/1/5859 3394/1/3394
f 3364/1/3364 860/1/860 3395/1/3395 5860/1/5859
f 5860/1/5859 3395/1/3395 842/1/842 3337/1/3337
f 3394/1/3394 5860/1/5859 3337/1/3337 844/1/844
f 105/1/105 3334/1/3334 5861/1/5860 1827/1/1827
f 3334/1/3334 842/1/842 3395/1/3395 5861/1/5860
f 5861/1/5860 3395/1/3395 860/1/860 3362/1/3362
f 1827/1/1827 5861/1/5860 3362/1/3362 103/1/103
f 878/1/878 3397/1/3397 5862/1/5861 3453/1/3453
f 3397/1/3397 879/1/879 3454/1/3454 5862/1/5861
f 5862/1/5861 3454/1/3454 845/1/845 3338/1/3338
f 3453/1/3453 5862/1/5861 3338/1/3338 843/1/843
f 879/1/879 3398/1/3398 5863/1/5862 3454/1/3454
f 3398/1/3398 880/1/880 3455/1/3455 5863/1/5862
f 5863/1/5862 3455/1/3455 847/1/847 3341/1/3341
f 3454/1/3454 5863/1/5862 3341/1/3341 845/1/845
f 880/1/880 3399/1/3399 5864/1/5863 3455/1/3455
f 3399/1/3399 881/1/881 3456/1/3456 5864/1/5863
f 5864/1/5863 3456/1/3456 849/1/849 3344/1/3344
f 3455/1/3455 5864/1/5863 3344/1/3344 847/1/847
f 881/1/881 3400/1/3400 5865/1/5864 3456/1/3456
f 3400/1/3400 882/1/882 3457/1/3457 5865/1/5864
f 5865/1/5864 3457/1/3457 851/1/851 3347/1/3347
f 3456/1/3456 5865/1/5864 3347/1/3347 849/1/849
f 882/1/882 3401/1/3401 5866/1/5865 3457/1/3457
f 3401/1/3401 883/1/883 3458/1/3458 5866/1/5865
f 5866/1/5865 3458/1/3458 853/1/853 3350/1/3350
f 3457/1/3457 5866/1/5865 3350/1/3350 851/1/851
f 883/1/883 3402/1/3402 5867/1/5866 3458/1/3458
f 3402/1/3402 884/1/884 3459/1/3459 5867/1/5866
f 5867/1/5866 3459/1/3459 855/1/855 3353/1/3353
f 3458/1/3458 5867/1/5866 3353/1/3353 853/1/853
f 884/1/884 3403/1/3403 5868/1/5867 3459/1/3459
f 3403/1/3403 885/1/885 3460/1/3460 5868/1/5867
f 5868/1/5867 3460/1/3460 857/1/857 3356/1/3356
f 3459/1/3459 5868/1/5867 3356/1/3356 855/1/855
f 885/1/885 3404/1/3404 5869/1/5868 3460/1/3460
f 3404/1/3404 886/1/886 3461/1/3461 5869/1/5868
f 5869/1/5868 3461/1/3461 859/1/859 3359/1/3359
f 3460/1/3460 5869/1/5868 3359/1/3359 857/1/857
f 887/1/887 3406/1/3406 5870/1/5869 3463/1/3463
f 3406/1/3406 888/1/888 3464/1/3464 5870/1/5869
f 5870/1/5869 3464/1/3464 879/1/879 3397/1/3397
f 3463/1/3463 5870/1/5869 3397/1/3397 878/1/878
f 888/1/888 3407/1/3407 5871/1/5870 3464/1/3464
f 3407/1/3407 889/1/889 3465/1/3465 5871/1/5870
f 5871/1/5870 3465/1/3465 880/1/880 3398/1/3398
f 3464/1/3464 5871/1/5870 3398/1/3398 879/1/879
f 889/1/889 3408/1/3408 5872/1/5871 3465/1/3465
f 3408/1/3408 890/1/890 3466/1/3466 5872/1/5871
f 5872/1/5871 3466/1/3466 881/1/881 3399/1/3399
f 3465/1/3465 5872/1/5871 3399/1/3399 880/1/880
f 890/1/890 3462/1/3462 5873/1/5872 3466/1/3466
f 3462/1/3462 935/1/935 3467/1/3467 5873/1/5872
f 5873/1/5872 3467/1/3467 882/1/882 3400/1/3400
f 3466/1/3466 5873/1/5872 3400/1/3400 881/1/881
f 935/1/935 3409/1/3409 5874/1/5873 3467/1/3467
f 3409/1/3409 891/1/891 3468/1/3468 5874/1/5873
f 5874/1/5873 3468/1/3468 883/1/883 3401/1/3401
f 3467/1/3467 5874/1/5873 3401/1/3401 882/1/882
f 891/1/891 3410/1/3410 5875/1/5874 3468/1/3468
f 3410/1/3410 892/1/892 3469/1/3469 5875/1/5874
f 5875/1/5874 3469/1/3469 884/1/884 3402/1/3402
f 3468/1/3468 5875/1/5874 3402/1/3402 883/1/883
f 892/1/892 3411/1/3411 5876/1/5875 3469/1/3469
f 3411/1/3411 893/1/893 3470/1/3470 5876/1/5875
f 5876/1/5875 3470/1/3470 885/1/885 3403/1/3403
f 3469/1/3469 5876/1/5875 3403/1/3403 884/1/884
f 893/1/893 3412/1/3412 5877/1/5876 3470/1/3470
f 3412/1/3412 894/1/894 3471/1/3471 5877/1/5876
f 5877/1/5876 3471/1/3471 886/1/886 3404/1/3404
f 3470/1/3470 5877/1/5876 3404/1/3404 885/1/885
f 107/1/107 3396/1/3396 5878/1/5877 1829/1/1829
f 3396/1/3396 878/1/878 3453/1/3453 5878/1/5877
f 5878/1/5877 3453/1/3453 843/1/843 3335/1/3335
f 1829/1/1829 5878/1/5877 3335/1/3335 106/1/106
f 841/1/841 3405/1/3405 5879/1/5878 3321/1/3321
f 3405/1/3405 887/1/887 3463/1/3463 5879/1/5878
f 5879/1/5878 3463/1/3463 878/1/878 3396/1/3396
f 3321/1/3321 5879/1/5878 3396/1/3396 107/1/107
f 895/1/895 3414/1/3414 5880/1/5879 3473/1/3473
f 3414/1/3414 896/1/896 3474/1/3474 5880/1/5879
f 5880/1/5879 3474/1/3474 888/1/888 3406/1/3406
f 3473/1/3473 5880/1/5879 3406/1/3406 887/1/887
f 896/1/896 3415/1/3415 5881/1/5880 3474/1/3474
f 3415/1/3415 897/1/897 3475/1/3475 5881/1/5880
f 5881/1/5880 3475/1/3475 889/1/889 3407/1/3407
f 3474/1/3474 5881/1/5880 3407/1/3407 888/1/888
f 897/1/897 3472/1/3472 5882/1/5881 3475/1/3475
f 3472/1/3472 936/1/936 3476/1/3476 5882/1/5881
f 5882/1/5881 3476/1/3476 890/1/890 3408/1/3408
f 3475/1/3475 5882/1/5881 3408/1/3408 889/1/889
f 936/1/936 3416/1/3416 5883/1/5882 3476/1/3476
f 3416/1/3416 898/1/898 3477/1/3477 5883/1/5882
f 5883/1/5882 3477/1/3477 935/1/935 3462/1/3462
f 3476/1/3476 5883/1/5882 3462/1/3462 890/1/890
f 898/1/898 3417/1/3417 5884/1/5883 3477/1/3477
f 3417/1/3417 899/1/899 3478/1/3478 5884/1/5883
f 5884/1/5883 3478/1/3478 891/1/891 3409/1/3409
f 3477/1/3477 5884/1/5883 3409/1/3409 935/1/935
f 899/1/899 3418/1/3418 5885/1/5884 3478/1/3478
f 3418/1/3418 900/1/900 3479/1/3479 5885/1/5884
f 5885/1/5884 3479/1/3479 892/1/892 3410/1/3410
f 3478/1/3478 5885/1/5884 3410/1/3410 891/1/891
f 900/1/900 3419/1/3419 5886/1/5885 3479/1/3479
f 3419/1/3419 901/1/901 3480/1/3480 5886/1/5885
f 5886/1/5885 3480/1/3480 893/1/893 3411/1/3411
f 3479/1/3479 5886/1/5885 3411/1/3411 892/1/892
f 901/1/901 3420/1/3420 5887/1/5886 3480/1/3480
f 3420/1/3420 902/1/902 3481/1/3481 5887/1/5886
f 5887/1/5886 3481/1/3481 894/1/894 3412/1/3412
f 3480/1/3480 5887/1/5886 3412/1/3412 893/1/893
f 840/1/840 3413/1/3413 5888/1/5887 3320/1/3320
f 3413/1/3413 895/1/895 3473/1/3473 5888/1/5887
f 5888/1/5887 3473/1/3473 887/1/887 3405/1/3405
f 3320/1/3320 5888/1/5887 3405/1/3405 841/1/841
f 904/1/904 3423/1/3423 5889/1/5888 3483/1/3483
f 3423/1/3423 905/1/905 3484/1/3484 5889/1/5888
f 5889/1/5888 3484/1/3484 897/1/897 3415/1/3415
f 3483/1/3483 5889/1/5888 3415/1/3415 896/1/896
f 905/1/905 3482/1/3482 5890/1/5889 3484/1/3484
f 3482/1/3482 937/1/937 3485/1/3485 5890/1/5889
f 5890/1/5889 3485/1/3485 936/1/936 3472/1/3472
f 3484/1/3484 5890/1/5889 3472/1/3472 897/1/897
f 937/1/937 3424/1/3424 5891/1/5890 3485/1/3485
f 3424/1/3424 906/1/906 3486/1/3486 5891/1/5890
f 5891/1/5890 3486/1/3486 898/1/898 3416/1/3416
f 3485/1/3485 5891/1/5890 3416/1/3416 936/1/936
f 906/1/906 3425/1/3425 5892/1/5891 3486/1/3486
f 3425/1/3425 907/1/907 3487/1/3487 5892/1/5891
f 5892/1/5891 3487/1/3487 899/1/899 3417/1/3417
f 3486/1/3486 5892/1/5891 3417/1/3417 898/1/898
f 907/1/907 3426/1/3426 5893/1/5892 3487/1/3487
f 3426/1/3426 908/1/908 3488/1/3488 5893/1/5892
f 5893/1/5892 3488/1/3488 900/1/900 3418/1/3418
f 3487/1/3487 5893/1/5892 3418/1/3418 899/1/899
f 908/1/908 3427/1/3427 5894/1/5893 3488/1/3488
f 3427/1/3427 909/1/909 3489/1/3489 5894/1/5893
f 5894/1/5893 3489/1/3489 901/1/901 3419/1/3419
f 3488/1/3488 5894/1/5893 3419/1/3419 900/1/900
f 909/1/909 3428/1/3428 5895/1/5894 3489/1/3489
f 3428/1/3428 910/1/910 3490/1/3490 5895/1/5894
f 5895/1/5894 3490/1/3490 902/1/902 3420/1/3420
f 3489/1/3489 5895/1/5894 3420/1/3420 901/1/901
f 896/1/896 3414/1/3414 5896/1/5895 3483/1/3483
f 3414/1/3414 895/1/895 3491/1/3491 5896/1/5895
f 5896/1/5895 3491/1/3491 903/1/903 3422/1/3422
f 3483/1/3483 5896/1/5895 3422/1/3422 904/1/904
f 839/1/839 3421/1/3421 5897/1/5896 3319/1/3319
f 3421/1/3421 903/1/903 3491/1/3491 5897/1/5896
f 5897/1/5896 3491/1/3491 895/1/895 3413/1/3413
f 3319/1/3319 5897/1/5896 3413/1/3413 840/1/840
f 833/1/833 3312/1/3312 5898/1/5897 3493/1/3493
f 3312/1/3312 832/1/832 3494/1/3494 5898/1/5897
f 5898/1/5897 3494/1/3494 938/1/938 3492/1/3492
f 3493/1/3493 5898/1/5897 3492/1/3492 939/1/939
f 939/1/939 3492/1/3492 5899/1/5898 3496/1/3496
f 3492/1/3492 938/1/938 3497/1/3497 5899/1/5898
f 5899/1/5898 3497/1/3497 940/1/940 3495/1/3495
f 3496/1/3496 5899/1/5898 3495/1/3495 941/1/941
f 941/1/941 3495/1/3495 5900/1/5899 3499/1/3499
f 3495/1/3495 940/1/940 3500/1/3500 5900/1/5899
f 5900/1/5899 3500/1/3500 942/1/942 3498/1/3498
f 3499/1/3499 5900/1/5899 3498/1/3498 943/1/943
f 943/1/943 3498/1/3498 5901/1/5900 3502/1/3502
f 3498/1/3498 942/1/942 3503/1/3503 5901/1/5900
f 5901/1/5900 3503/1/3503 944/1/944 3501/1/3501
f 3502/1/3502 5901/1/5900 3501/1/3501 945/1/945
f 945/1/945 3501/1/3501 5902/1/5901 3505/1/3505
f 3501/1/3501 944/1/944 3506/1/3506 5902/1/5901
f 5902/1/5901 3506/1/3506 946/1/946 3504/1/3504
f 3505/1/3505 5902/1/5901 3504/1/3504 947/1/947
f 947/1/947 3504/1/3504 5903/1/5902 3508/1/3508
f 3504/1/3504 946/1/946 3509/1/3509 5903/1/5902
f 5903/1/5902 3509/1/3509 948/1/948 3507/1/3507
f 3508/1/3508 5903/1/5902 3507/1/3507 949/1/949
f 949/1/949 3507/1/3507 5904/1/5903 3511/1/3511
f 3507/1/3507 948/1/948 3512/1/3512 5904/1/5903
f 5904/1/5903 3512/1/3512 950/1/950 3510/1/3510
f 3511/1/3511 5904/1/5903 3510/1/3510 951/1/951
f 951/1/951 3510/1/3510 5905/1/5904 3514/1/3514
f 3510/1/3510 950/1/950 3515/1/3515 5905/1/5904
f 5905/1/5904 3515/1/3515 952/1/952 3513/1/3513
f 3514/1/3514 5905/1/5904 3513/1/3513 953/1/953
f 953/1/953 3513/1/3513 5906/1/5905 3517/1/3517
f 3513/1/3513 952/1/952 3518/1/3518 5906/1/5905
f 5906/1/5905 3518/1/3518 954/1/954 3516/1/3516
f 3517/1/3517 5906/1/5905 3516/1/3516 955/1/955
f 954/1/954 3518/1/3518 5907/1/5906 3519/1/3519
f 3518/1/3518 952/1/952 3520/1/3520 5907/1/5906
f 5907/1/5906 3520/1/3520 875/1/875 3386/1/3386
f 3519/1/3519 5907/1/5906 3386/1/3386 877/1/877
f 952/1/952 3515/1/3515 5908/1/5907 3520/1/3520
f 3515/1/3515 950/1/950 3521/1/3521 5908/1/5907
f 5908/1/5907 3521/1/3521 873/1/873 3383/1/3383
f 3520/1/3520 5908/1/5907 3383/1/3383 875/1/875
f 950/1/950 3512/1/3512 5909/1/5908 3521/1/3521
f 3512/1/3512 948/1/948 3522/1/3522 5909/1/5908
f 5909/1/5908 3522/1/3522 871/1/871 3380/1/3380
f 3521/1/3521 5909/1/5908 3380/1/3380 873/1/873
f 948/1/948 3509/1/3509 5910/1/5909 3522/1/3522
f 3509/1/3509 946/1/946 3523/1/3523 5910/1/5909
f 5910/1/5909 3523/1/3523 869/1/869 3377/1/3377
f 3522/1/3522 5910/1/5909 3377/1/3377 871/1/871
f 946/1/946 3506/1/3506 5911/1/5910 3523/1/3523
f 3506/1/3506 944/1/944 3524/1/3524 5911/1/5910
f 5911/1/5910 3524/1/3524 867/1/867 3374/1/3374
f 3523/1/3523 5911/1/5910 3374/1/3374 869/1/869
f 944/1/944 3503/1/3503 5912/1/5911 3524/1/3524
f 3503/1/3503 942/1/942 3525/1/3525 5912/1/5911
f 5912/1/5911 3525/1/3525 865/1/865 3371/1/3371
f 3524/1/3524 5912/1/5911 3371/1/3371 867/1/867
f 942/1/942 3500/1/3500 5913/1/5912 3525/1/3525
f 3500/1/3500 940/1/940 3526/1/3526 5913/1/5912
f 5913/1/5912 3526/1/3526 863/1/863 3368/1/3368
f 3525/1/3525 5913/1/5912 3368/1/3368 865/1/865
f 940/1/940 3497/1/3497 5914/1/5913 3526/1/3526
f 3497/1/3497 938/1/938 3527/1/3527 5914/1/5913
f 5914/1/5913 3527/1/3527 861/1/861 3365/1/3365
f 3526/1/3526 5914/1/5913 3365/1/3365 863/1/863
f 831/1/831 3361/1/3361 5915/1/5914 3311/1/3311
f 3361/1/3361 861/1/861 3527/1/3527 5915/1/5914
f 5915/1/5914 3527/1/3527 938/1/938 3494/1/3494
f 3311/1/3311 5915/1/5914 3494/1/3494 832/1/832
f 957/1/957 3553/1/3553 5916/1/5915 3537/1/3537
f 3553/1/3553 958/1/958 3530/1/3530 5916/1/5915
f 5916/1/5915 3530/1/3530 928/1/928 3446/1/3446
f 3537/1/3537 5916/1/5915 3446/1/3446 927/1/927
f 958/1/958 3552/1/3552 5917/1/5916 3530/1/3530
f 3552/1/3552 959/1/959 3531/1/3531 5917/1/5916
f 5917/1/5916 3531/1/3531 929/1/929 3447/1/3447
f 3530/1/3530 5917/1/5916 3447/1/3447 928/1/928
f 959/1/959 3551/1/3551 5918/1/5917 3531/1/3531
f 3551/1/3551 960/1/960 3532/1/3532 5918/1/5917
f 5918/1/5917 3532/1/3532 956/1/956 3528/1/3528
f 3531/1/3531 5918/1/5917 3528/1/3528 929/1/929
f 960/1/960 3550/1/3550 5919/1/5918 3532/1/3532
f 3550/1/3550 961/1/961 3533/1/3533 5919/1/5918
f 5919/1/5918 3533/1/3533 930/1/930 3448/1/3448
f 3532/1/3532 5919/1/5918 3448/1/3448 956/1/956
f 961/1/961 3549/1/3549 5920/1/5919 3533/1/3533
f 3549/1/3549 962/1/962 3534/1/3534 5920/1/5919
f 5920/1/5919 3534/1/3534 931/1/931 3449/1/3449
f 3533/1/3533 5920/1/5919 3449/1/3449 930/1/930
f 962/1/962 3548/1/3548 5921/1/5920 3534/1/3534
f 3548/1/3548 963/1/963 3535/1/3535 5921/1/5920
f 5921/1/5920 3535/1/3535 932/1/932 3450/1/3450
f 3534/1/3534 5921/1/5920 3450/1/3450 931/1/931
f 963/1/963 3547/1/3547 5922/1/5921 3535/1/3535
f 3547/1/3547 964/1/964 3536/1/3536 5922/1/5921
f 5922/1/5921 3536/1/3536 933/1/933 3451/1/3451
f 3535/1/3535 5922/1/5921 3451/1/3451 932/1/932
f 934/1/934 3452/1/3452 5923/1/5922 3545/1/3545
f 3452/1/3452 933/1/933 3536/1/3536 5923/1/5922
f 5923/1/5922 3536/1/3536 964/1/964 3546/1/3546
f 3545/1/3545 5923/1/5922 3546/1/3546 973/1/973
f 972/1/972 3570/1/3570 5924/1/5923 3544/1/3544
f 973/1/973 3546/1/3546 5924/1/5923 3570/1/3570
f 964/1/964 3544/1/3544 5924/1/5923 3546/1/3546
f 971/1/971 3569/1/3569 5925/1/5924 3543/1/3543
f 3569/1/3569 972/1/972 3544/1/3544 5925/1/5924
f 5925/1/5924 3544/1/3544 964/1/964 3547/1/3547
f 3543/1/3543 5925/1/5924 3547/1/3547 963/1/963
f 970/1/970 3568/1/3568 5926/1/5925 3542/1/3542
f 3568/1/3568 971/1/971 3543/1/3543 5926/1/5925
f 5926/1/5925 3543/1/3543 963/1/963 3548/1/3548
f 3542/1/3542 5926/1/5925 3548/1/3548 962/1/962
f 969/1/969 3567/1/3567 5927/1/5926 3541/1/3541
f 3567/1/3567 970/1/970 3542/1/3542 5927/1/5926
f 5927/1/5926 3542/1/3542 962/1/962 3549/1/3549
f 3541/1/3541 5927/1/5926 3549/1/3549 961/1/961
f 968/1/968 3566/1/3566 5928/1/5927 3540/1/3540
f 3566/1/3566 969/1/969 3541/1/3541 5928/1/5927
f 5928/1/5927 3541/1/3541 961/1/961 3550/1/3550
f 3540/1/3540 5928/1/5927 3550/1/3550 960/1/960
f 967/1/967 3565/1/3565 5929/1/5928 3539/1/3539
f 3565/1/3565 968/1/968 3540/1/3540 5929/1/5928
f 5929/1/5928 3540/1/3540 960/1/960 3551/1/3551
f 3539/1/3539 5929/1/5928 3551/1/3551 959/1/959
f 966/1/966 3564/1/3564 5930/1/5929 3538/1/3538
f 3564/1/3564 967/1/967 3539/1/3539 5930/1/5929
f 5930/1/5929 3539/1/3539 959/1/959 3552/1/3552
f 3538/1/3538 5930/1/5929 3552/1/3552 958/1/958
f 965/1/965 3563/1/3563 5931/1/5930 3554/1/3554
f 3563/1/3563 966/1/966 3538/1/3538 5931/1/5930
f 5931/1/5930 3538/1/3538 958/1/958 3553/1/3553
f 3554/1/3554 5931/1/5930 3553/1/3553 957/1/957
f 939/1/939 3496/1/3496 5932/1/5931 3529/1/3529
f 3496/1/3496 941/1/941 3555/1/3555 5932/1/5931
f 5932/1/5931 3555/1/3555 966/1/966 3563/1/3563
f 3529/1/3529 5932/1/5931 3563/1/3563 965/1/965
f 941/1/941 3499/1/3499 5933/1/5932 3555/1/3555
f 3499/1/3499 943/1/943 3556/1/3556 5933/1/5932
f 5933/1/5932 3556/1/3556 967/1/967 3564/1/3564
f 3555/1/3555 5933/1/5932 3564/1/3564 966/1/966
f 943/1/943 3502/1/3502 5934/1/5933 3556/1/3556
f 3502/1/3502 945/1/945 3557/1/3557 5934/1/5933
f 5934/1/5933 3557/1/3557 968/1/968 3565/1/3565
f 3556/1/3556 5934/1/5933 3565/1/3565 967/1/967
f 945/1/945 3505/1/3505 5935/1/5934 3557/1/3557
f 3505/1/3505 947/1/947 3558/1/3558 5935/1/5934
f 5935/1/5934 3558/1/3558 969/1/969 3566/1/3566
f 3557/1/3557 5935/1/5934 3566/1/3566 968/1/968
f 947/1/947 3508/1/3508 5936/1/5935 3558/1/3558
f 3508/1/3508 949/1/949 3559/1/3559 5936/1/5935
f 5936/1/5935 3559/1/3559 970/1/970 3567/1/3567
f 3558/1/3558 5936/1/5935 3567/1/3567 969/1/969
f 949/1/949 3511/1/3511 5937/1/5936 3559/1/3559
f 3511/1/3511 951/1/951 3560/1/3560 5937/1/5936
f 5937/1/5936 3560/1/3560 971/1/971 3568/1/3568
f 3559/1/3559 5937/1/5936 3568/1/3568 970/1/970
f 951/1/951 3514/1/3514 5938/1/5937 3560/1/3560
f 3514/1/3514 953/1/953 3561/1/3561 5938/1/5937
f 5938/1/5937 3561/1/3561 972/1/972 3569/1/3569
f 3560/1/3560 5938/1/5937 3569/1/3569 971/1/971
f 953/1/953 3517/1/3517 5939/1/5938 3561/1/3561
f 3517/1/3517 955/1/955 3562/1/3562 5939/1/5938
f 5939/1/5938 3562/1/3562 973/1/973 3570/1/3570
f 3561/1/3561 5939/1/5938 3570/1/3570 972/1/972
f 834/1/834 3571/1/3571 5940/1/5939 3314/1/3314
f 3571/1/3571 965/1/965 3554/1/3554 5940/1/5939
f 5940/1/5939 3554/1/3554 957/1/957 3572/1/3572
f 3314/1/3314 5940/1/5939 3572/1/3572 835/1/835
f 833/1/833 3493/1/3493 5941/1/5940 3313/1/3313
f 3493/1/3493 939/1/939 3529/1/3529 5941/1/5940
f 5941/1/5940 3529/1/3529 965/1/965 3571/1/3571
f 3313/1/3313 5941/1/5940 3571/1/3571 834/1/834
f 835/1/835 3572/1/3572 5942/1/5941 3315/1/3315
f 3572/1/3572 957/1/957 3537/1/3537 5942/1/5941
f 5942/1/5941 3537/1/3537 927/1/927 3445/1/3445
f 3315/1/3315 5942/1/5941 3445/1/3445 836/1/836
f 927/1/927 3446/1/3446 5943/1/5942 3574/1/3574
f 3446/1/3446 928/1/928 3575/1/3575 5943/1/5942
f 5943/1/5942 3575/1/3575 920/1/920 3438/1/3438
f 3574/1/3574 5943/1/5942 3438/1/3438 919/1/919
f 928/1/928 3447/1/3447 5944/1/5943 3575/1/3575
f 3447/1/3447 929/1/929 3576/1/3576 5944/1/5943
f 5944/1/5943 3576/1/3576 921/1/921 3439/1/3439
f 3575/1/3575 5944/1/5943 3439/1/3439 920/1/920
f 929/1/929 3528/1/3528 5945/1/5944 3576/1/3576
f 3528/1/3528 956/1/956 3577/1/3577 5945/1/5944
f 5945/1/5944 3577/1/3577 974/1/974 3573/1/3573
f 3576/1/3576 5945/1/5944 3573/1/3573 921/1/921
f 956/1/956 3448/1/3448 5946/1/5945 3577/1/3577
f 3448/1/3448 930/1/930 3578/1/3578 5946/1/5945
f 5946/1/5945 3578/1/3578 922/1/922 3440/1/3440
f 3577/1/3577 5946/1/5945 3440/1/3440 974/1/974
f 930/1/930 3449/1/3449 5947/1/5946 3578/1/3578
f 3449/1/3449 931/1/931 3579/1/3579 5947/1/5946
f 5947/1/5946 3579/1/3579 923/1/923 3441/1/3441
f 3578/1/3578 5947/1/5946 3441/1/3441 922/1/922
f 931/1/931 3450/1/3450 5948/1/5947 3579/1/3579
f 3450/1/3450 932/1/932 3580/1/3580 5948/1/5947
f 5948/1/5947 3580/1/3580 924/1/924 3442/1/3442
f 3579/1/3579 5948/1/5947 3442/1/3442 923/1/923
f 932/1/932 3451/1/3451 5949/1/5948 3580/1/3580
f 3451/1/3451 933/1/933 3581/1/3581 5949/1/5948
f 5949/1/5948 3581/1/3581 925/1/925 3443/1/3443
f 3580/1/3580 5949/1/5948 3443/1/3443 924/1/924
f 933/1/933 3452/1/3452 5950/1/5949 3581/1/3581
f 3452/1/3452 934/1/934 3582/1/3582 5950/1/5949
f 5950/1/5949 3582/1/3582 926/1/926 3444/1/3444
f 3581/1/3581 5950/1/5949 3444/1/3444 925/1/925
f 919/1/919 3438/1/3438 5951/1/5950 3584/1/3584
f 3438/1/3438 920/1/920 3585/1/3585 5951/1/5950
f 5951/1/5950 3585/1/3585 912/1/912 3430/1/3430
f 3584/1/3584 5951/1/5950 3430/1/3430 911/1/911
f 920/1/920 3439/1/3439 5952/1/5951 3585/1/3585
f 3439/1/3439 921/1/921 3586/1/3586 5952/1/5951
f 5952/1/5951 3586/1/3586 913/1/913 3431/1/3431
f 3585/1/3585 5952/1/5951 3431/1/3431 912/1/912
f 921/1/921 3573/1/3573 5953/1/5952 3586/1/3586
f 3573/1/3573 974/1/974 3587/1/3587 5953/1/5952
f 5953/1/5952 3587/1/3587 975/1/975 3583/1/3583
f 3586/1/3586 5953/1/5952 3583/1/3583 913/1/913
f 974/1/974 3440/1/3440 5954/1/5953 3587/1/3587
f 3440/1/3440 922/1/922 3588/1/3588 5954/1/5953
f 5954/1/5953 3588/1/3588 914/1/914 3432/1/3432
f 3587/1/3587 5954/1/5953 3432/1/3432 975/1/975
f 922/1/922 3441/1/3441 5955/1/5954 3588/1/3588
f 3441/1/3441 923/1/923 3589/1/3589 5955/1/5954
f 5955/1/5954 3589/1/3589 915/1/915 3433/1/3433
f 3588/1/3588 5955/1/5954 3433/1/3433 914/1/914
f 923/1/923 3442/1/3442 5956/1/5955 3589/1/3589
f 3442/1/3442 924/1/924 3590/1/3590 5956/1/5955
f 5956/1/5955 3590/1/3590 916/1/916 3434/1/3434
f 3589/1/3589 5956/1/5955 3434/1/3434 915/1/915
f 924/1/924 3443/1/3443 5957/1/5956 3590/1/3590
f 3443/1/3443 925/1/925 3591/1/3591 5957/1/5956
f 5957/1/5956 3591/1/3591 917/1/917 3435/1/3435
f 3590/1/3590 5957/1/5956 3435/1/3435 916/1/916
f 925/1/925 3444/1/3444 5958/1/5957 3591/1/3591
f 3444/1/3444 926/1/926 3592/1/3592 5958/1/5957
f 5958/1/5957 3592/1/3592 918/1/918 3436/1/3436
f 3591/1/3591 5958/1/5957 3436/1/3436 917/1/917
f 837/1/837 3437/1/3437 5959/1/5958 3317/1/3317
f 3437/1/3437 919/1/919 3584/1/3584 5959/1/5958
f 5959/1/5958 3584/1/3584 911/1/911 3429/1/3429
f 3317/1/3317 5959/1/5958 3429/1/3429 838/1/838
f 911/1/911 3430/1/3430 5960/1/5959 3593/1/3593
f 3430/1/3430 912/1/912 3594/1/3594 5960/1/5959
f 5960/1/5959 3594/1/3594 904/1/904 3422/1/3422
f 3593/1/3593 5960/1/5959 3422/1/3422 903/1/903
f 912/1/912 3431/1/3431 5961/1/5960 3594/1/3594
f 3431/1/3431 913/1/913 3595/1/3595 5961/1/5960
f 5961/1/5960 3595/1/3595 905/1/905 3423/1/3423
f 3594/1/3594 5961/1/5960 3423/1/3423 904/1/904
f 913/1/913 3583/1/3583 5962/1/5961 3595/1/3595
f 3583/1/3583 975/1/975 3596/1/3596 5962/1/5961
f 5962/1/5961 3596/1/3596 937/1/937 3482/1/3482
f 3595/1/3595 5962/1/5961 3482/1/3482 905/1/905
f 975/1/975 3432/1/3432 5963/1/5962 3596/1/3596
f 3432/1/3432 914/1/914 3597/1/3597 5963/1/5962
f 5963/1/5962 3597/1/3597 906/1/906 3424/1/3424
f 3596/1/3596 5963/1/5962 3424/1/3424 937/1/937
f 914/1/914 3433/1/3433 5964/1/5963 3597/1/3597
f 3433/1/3433 915/1/915 3598/1/3598 5964/1/5963
f 5964/1/5963 3598/1/3598 907/1/907 3425/1/3425
f 3597/1/3597 5964/1/5963 3425/1/3425 906/1/906
f 915/1/915 3434/1/3434 5965/1/5964 3598/1/3598
f 3434/1/3434 916/1/916 3599/1/3599 5965/1/5964
f 5965/1/5964 3599/1/3599 908/1/908 3426/1/3426
f 3598/1/3598 5965/1/5964 3426/1/3426 907/1/907
f 916/1/916 3435/1/3435 5966/1/5965 3599/1/3599
f 3435/1/3435 917/1/917 3600/1/3600 5966/1/5965
f 5966/1/5965 3600/1/3600 909/1/909 3427/1/3427
f 3599/1/3599 5966/1/5965 3427/1/3427 908/1/908
f 917/1/917 3436/1/3436 5967/1/5966 3600/1/3600
f 3436/1/3436 918/1/918 3601/1/3601 5967/1/5966
f 5967/1/5966 3601/1/3601 910/1/910 3428/1/3428
f 3600/1/3600 5967/1/5966 3428/1/3428 909/1/909
f 838/1/838 3429/1/3429 5968/1/5967 3318/1/3318
f 3429/1/3429 911/1/911 3593/1/3593 5968/1/5967
f 5968/1/5967 3593/1/3593 903/1/903 3421/1/3421
f 3318/1/3318 5968/1/5967 3421/1/3421 839/1/839
f 836/1/836 3445/1/3445 5969/1/5968 3316/1/3316
f 3445/1/3445 927/1/927 3574/1/3574 5969/1/5968
f 5969/1/5968 3574/1/3574 919/1/919 3437/1/3437
f 3316/1/3316 5969/1/5968 3437/1/3437 837/1/837
f 894/1/894 3481/1/3481 5970/1/5969 3603/1/3603
f 3481/1/3481 902/1/902 3604/1/3604 5970/1/5969
f 5970/1/5969 3604/1/3604 977/1/977 3602/1/3602
f 3603/1/3603 5970/1/5969 3602/1/3602 976/1/976
f 976/1/976 3602/1/3602 5971/1/5970 3606/1/3606
f 3602/1/3602 977/1/977 3607/1/3607 5971/1/5970
f 5971/1/5970 3607/1/3607 979/1/979 3605/1/3605
f 3606/1/3606 5971/1/5970 3605/1/3605 978/1/978
f 877/1/877 3608/1/3608 5972/1/5971 3519/1/3519
f 3608/1/3608 978/1/978 3605/1/3605 5972/1/5971
f 5972/1/5971 3605/1/3605 979/1/979 3609/1/3609
f 3519/1/3519 5972/1/5971 3609/1/3609 954/1/954
f 877/1/877 3384/1/3384 5973/1/5972 3608/1/3608
f 876/1/876 3610/1/3610 5973/1/5972 3384/1/3384
f 978/1/978 3608/1/3608 5973/1/5972 3610/1/3610
f 876/1/876 3387/1/3387 5974/1/5973 3610/1/3610
f 858/1/858 3611/1/3611 5974/1/5973 3387/1/3387
f 978/1/978 3610/1/3610 5974/1/5973 3611/1/3611
f 859/1/859 3612/1/3612 5975/1/5974 3357/1/3357
f 3612/1/3612 976/1/976 3606/1/3606 5975/1/5974
f 5975/1/5974 3606/1/3606 978/1/978 3611/1/3611
f 3357/1/3357 5975/1/5974 3611/1/3611 858/1/858
f 894/1/894 3603/1/3603 5976/1/5975 3471/1/3471
f 976/1/976 3613/1/3613 5976/1/5975 3603/1/3603
f 886/1/886 3471/1/3471 5976/1/5975 3613/1/3613
f 859/1/859 3461/1/3461 5977/1/5976 3612/1/3612
f 886/1/886 3613/1/3613 5977/1/5976 3461/1/3461
f 976/1/976 3612/1/3612 5977/1/5976 3613/1/3613
f 902/1/902 3490/1/3490 5978/1/5977 3604/1/3604
f 910/1/910 3614/1/3614 5978/1/5977 3490/1/3490
f 977/1/977 3604/1/3604 5978/1/5977 3614/1/3614
f 910/1/910 3601/1/3601 5979/1/5978 3614/1/3614
f 918/1/918 3615/1/3615 5979/1/5978 3601/1/3601
f 977/1/977 3614/1/3614 5979/1/5978 3615/1/3615
f 918/1/918 3592/1/3592 5980/1/5979 3615/1/3615
f 926/1/926 3616/1/3616 5980/1/5979 3592/1/3592
f 977/1/977 3615/1/3615 5980/1/5979 3616/1/3616
f 934/1/934 3617/1/3617 5981/1/5980 3582/1/3582
f 3617/1/3617 979/1/979 3607/1/3607 5981/1/5980
f 5981/1/5980 3607/1/3607 977/1/977 3616/1/3616
f 3582/1/3582 5981/1/5980 3616/1/3616 926/1/926
f 973/1/973 3618/1/3618 5982/1/5981 3545/1/3545
f 979/1/979 3617/1/3617 5982/1/5981 3618/1/3618
f 934/1/934 3545/1/3545 5982/1/5981 3617/1/3617
f 973/1/973 3562/1/3562 5983/1/5982 3618/1/3618
f 955/1/955 3619/1/3619 5983/1/5982 3562/1/3562
f 979/1/979 3618/1/3618 5983/1/5982 3619/1/3619
f 955/1/955 3516/1/3516 5984/1/5983 3619/1/3619
f 954/1/954 3609/1/3609 5984/1/5983 3516/1/3516
f 979/1/979 3619/1/3619 5984/1/5983 3609/1/3609
f 1012/1/1012 3668/1/3668 5985/1/5984 3654/1/3654
f 3668/1/3668 993/1/993 3633/1/3633 5985/1/5984
f 5985/1/5984 3633/1/3633 992/1/992 3669/1/3669
f 3654/1/3654 5985/1/5984 3669/1/3669 1013/1/1013
f 1013/1/1013 3669/1/3669 5986/1/5985 3655/1/3655
f 3669/1/3669 992/1/992 3632/1/3632 5986/1/5985
f 5986/1/5985 3632/1/3632 991/1/991 3670/1/3670
f 3655/1/3655 5986/1/5985 3670/1/3670 1014/1/1014
f 1014/1/1014 3670/1/3670 5987/1/5986 3656/1/3656
f 3670/1/3670 991/1/991 3631/1/3631 5987/1/5986
f 5987/1/5986 3631/1/3631 990/1/990 3671/1/3671
f 3656/1/3656 5987/1/5986 3671/1/3671 1015/1/1015
f 1015/1/1015 3671/1/3671 5988/1/5987 3657/1/3657
f 3671/1/3671 990/1/990 3630/1/3630 5988/1/5987
f 5988/1/5987 3630/1/3630 989/1/989 3672/1/3672
f 3657/1/3657 5988/1/5987 3672/1/3672 1016/1/1016
f 1016/1/1016 3672/1/3672 5989/1/5988 3658/1/3658
f 3672/1/3672 989/1/989 3629/1/3629 5989/1/5988
f 5989/1/5988 3629/1/3629 988/1/988 3673/1/3673
f 3658/1/3658 5989/1/5988 3673/1/3673 1017/1/1017
f 1017/1/1017 3673/1/3673 5990/1/5989 3659/1/3659
f 3673/1/3673 988/1/988 3628/1/3628 5990/1/5989
f 5990/1/5989 3628/1/3628 987/1/987 3674/1/3674
f 3659/1/3659 5990/1/5989 3674/1/3674 1018/1/1018
f 1018/1/1018 3674/1/3674 5991/1/5990 3660/1/3660
f 3674/1/3674 987/1/987 3627/1/3627 5991/1/5990
f 5991/1/5990 3627/1/3627 986/1/986 3675/1/3675
f 3660/1/3660 5991/1/5990 3675/1/3675 1019/1/1019
f 1019/1/1019 3675/1/3675 5992/1/5991 3661/1/3661
f 3675/1/3675 986/1/986 3626/1/3626 5992/1/5991
f 5992/1/5991 3626/1/3626 985/1/985 3676/1/3676
f 3661/1/3661 5992/1/5991 3676/1/3676 1020/1/1020
f 1020/1/1020 3676/1/3676 5993/1/5992 3662/1/3662
f 3676/1/3676 985/1/985 3625/1/3625 5993/1/5992
f 5993/1/5992 3625/1/3625 984/1/984 3677/1/3677
f 3662/1/3662 5993/1/5992 3677/1/3677 1021/1/1021
f 1021/1/1021 3677/1/3677 5994/1/5993 3663/1/3663
f 3677/1/3677 984/1/984 3624/1/3624 5994/1/5993
f 5994/1/5993 3624/1/3624 983/1/983 3678/1/3678
f 3663/1/3663 5994/1/5993 3678/1/3678 1022/1/1022
f 1022/1/1022 3678/1/3678 5995/1/5994 3664/1/3664
f 3678/1/3678 983/1/983 3623/1/3623 5995/1/5994
f 5995/1/5994 3623/1/3623 982/1/982 3679/1/3679
f 3664/1/3664 5995/1/5994 3679/1/3679 1023/1/1023
f 1023/1/1023 3679/1/3679 5996/1/5995 3665/1/3665
f 3679/1/3679 982/1/982 3622/1/3622 5996/1/5995
f 5996/1/5995 3622/1/3622 981/1/981 3680/1/3680
f 3665/1/3665 5996/1/5995 3680/1/3680 1024/1/1024
f 1024/1/1024 3680/1/3680 5997/1/5996 3666/1/3666
f 3680/1/3680 981/1/981 3621/1/3621 5997/1/5996
f 5997/1/5996 3621/1/3621 980/1/980 3681/1/3681
f 3666/1/3666 5997/1/5996 3681/1/3681 1025/1/1025
f 10/1/10 1681/1/1681 5998/1/5997 3620/1/3620
f 1681/1/1681 11/1/11 3667/1/3667 5998/1/5997
f 5998/1/5997 3667/1/3667 1025/1/1025 3681/1/3681
f 3620/1/3620 5998/1/5997 3681/1/3681 980/1/980
f 14/1/14 1685/1/1685 5999/1/5998 3653/1/3653
f 1685/1/1685 15/1/15 3634/1/3634 5999/1/5998
f 5999/1/5998 3634/1/3634 993/1/993 3668/1/3668
f 3653/1/3653 5999/1/5998 3668/1/3668 1012/1/1012
f 1033/1/1033 3691/1/3691 6000/1/5999 3689/1/3689
f 3691/1/3691 1011/1/1011 3652/1/3652 6000/1/5999
f 6000/1/5999 3652/1/3652 1010/1/1010 3692/1/3692
f 3689/1/3689 6000/1/5999 3692/1/3692 1032/1/1032
f 1032/1/1032 3692/1/3692 6001/1/6000 3688/1/3688
f 3692/1/3692 1010/1/1010 3651/1/3651 6001/1/6000
f 6001/1/6000 3651/1/3651 1009/1/1009 3693/1/3693
f 3688/1/3688 6001/1/6000 3693/1/3693 1031/1/1031
f 1031/1/1031 3693/1/3693 6002/1/6001 3687/1/3687
f 3693/1/3693 1009/1/1009 3650/1/3650 6002/1/6001
f 6002/1/6001 3650/1/3650 1008/1/1008 3694/1/3694
f 3687/1/3687 6002/1/6001 3694/1/3694 1030/1/1030
f 1030/1/1030 3694/1/3694 6003/1/6002 3686/1/3686
f 3694/1/3694 1008/1/1008 3649/1/3649 6003/1/6002
f 6003/1/6002 3649/1/3649 1007/1/1007 3695/1/3695
f 3686/1/3686 6003/1/6002 3695/1/3695 1034/1/1034
f 1034/1/1034 3695/1/3695 6004/1/6003 3690/1/3690
f 3695/1/3695 1007/1/1007 3648/1/3648 6004/1/6003
f 6004/1/6003 3648/1/3648 1006/1/1006 3696/1/3696
f 3690/1/3690 6004/1/6003 3696/1/3696 1029/1/1029
f 1029/1/1029 3696/1/3696 6005/1/6004 3685/1/3685
f 3696/1/3696 1006/1/1006 3647/1/3647 6005/1/6004
f 6005/1/6004 3647/1/3647 1005/1/1005 3697/1/3697
f 3685/1/3685 6005/1/6004 3697/1/3697 1028/1/1028
f 1028/1/1028 3697/1/3697 6006/1/6005 3684/1/3684
f 3697/1/3697 1005/1/1005 3646/1/3646 6006/1/6005
f 6006/1/6005 3646/1/3646 1004/1/1004 3698/1/3698
f 3684/1/3684 6006/1/6005 3698/1/3698 1027/1/1027
f 1027/1/1027 3698/1/3698 6007/1/6006 3683/1/3683
f 3698/1/3698 1004/1/1004 3645/1/3645 6007/1/6006
f 6007/1/6006 3645/1/3645 1003/1/1003 3699/1/3699
f 3683/1/3683 6007/1/6006 3699/1/3699 1026/1/1026
f 1011/1/1011 3700/1/3700 6008/1/6007 3652/1/3652
f 3700/1/3700 1002/1/1002 3643/1/3643 6008/1/6007
f 6008/1/6007 3643/1/3643 1001/1/1001 3701/1/3701
f 3652/1/3652 6008/1/6007 3701/1/3701 1010/1/1010
f 1010/1/1010 3701/1/3701 6009/1/6008 3651/1/3651
f 3701/1/3701 1001/1/1001 3642/1/3642 6009/1/6008
f 6009/1/6008 3642/1/3642 1000/1/1000 3702/1/3702
f 3651/1/3651 6009/1/6008 3702/1/3702 1009/1/1009
f 1009/1/1009 3702/1/3702 6010/1/6009 3650/1/3650
f 3702/1/3702 1000/1/1000 3641/1/3641 6010/1/6009
f 6010/1/6009 3641/1/3641 999/1/999 3703/1/3703
f 3650/1/3650 6010/1/6009 3703/1/3703 1008/1/1008
f 1008/1/1008 3703/1/3703 6011/1/6010 3649/1/3649
f 3703/1/3703 999/1/999 3640/1/3640 6011/1/6010
f 6011/1/6010 3640/1/3640 998/1/998 3704/1/3704
f 3649/1/3649 6011/1/6010 3704/1/3704 1007/1/1007
f 1007/1/1007 3704/1/3704 6012/1/6011 3648/1/3648
f 3704/1/3704 998/1/998 3639/1/3639 6012/1/6011
f 6012/1/6011 3639/1/3639 997/1/997 3705/1/3705
f 3648/1/3648 6012/1/6011 3705/1/3705 1006/1/1006
f 1006/1/1006 3705/1/3705 6013/1/6012 3647/1/3647
f 3705/1/3705 997/1/997 3638/1/3638 6013/1/6012
f 6013/1/6012 3638/1/3638 996/1/996 3706/1/3706
f 3647/1/3647 6013/1/6012 3706/1/3706 1005/1/1005
f 1005/1/1005 3706/1/3706 6014/1/6013 3646/1/3646
f 3706/1/3706 996/1/996 3637/1/3637 6014/1/6013
f 6014/1/6013 3637/1/3637 995/1/995 3707/1/3707
f 3646/1/3646 6014/1/6013 3707/1/3707 1004/1/1004
f 1004/1/1004 3707/1/3707 6015/1/6014 3645/1/3645
f 3707/1/3707 995/1/995 3636/1/3636 6015/1/6014
f 6015/1/6014 3636/1/3636 994/1/994 3708/1/3708
f 3645/1/3645 6015/1/6014 3708/1/3708 1003/1/1003
f 12/1/12 1683/1/1683 6016/1/6015 3635/1/3635
f 1683/1/1683 13/1/13 3644/1/3644 6016/1/6015
f 6016/1/6015 3644/1/3644 1003/1/1003 3708/1/3708
f 3635/1/3635 6016/1/6015 3708/1/3708 994/1/994
f 13/1/13 1684/1/1684 6017/1/6016 3644/1/3644
f 1684/1/1684 14/1/14 3682/1/3682 6017/1/6016
f 6017/1/6016 3682/1/3682 1026/1/1026 3699/1/3699
f 3644/1/3644 6017/1/6016 3699/1/3699 1003/1/1003
f 11/1/11 1682/1/1682 6018/1/6017 3667/1/3667
f 1682/1/1682 12/1/12 3635/1/3635 6018/1/6017
f 6018/1/6017 3635/1/3635 994/1/994 3709/1/3709
f 3667/1/3667 6018/1/6017 3709/1/3709 1025/1/1025
f 1012/1/1012 3710/1/3710 6019/1/6018 3653/1/3653
f 3710/1/3710 1035/1/1035 3711/1/3711 6019/1/6018
f 6019/1/6018 3711/1/3711 1026/1/1026 3682/1/3682
f 3653/1/3653 6019/1/6018 3682/1/3682 14/1/14
f 1025/1/1025 3709/1/3709 6020/1/6019 3725/1/3725
f 994/1/994 3724/1/3724 6020/1/6019 3709/1/3709
f 1047/1/1047 3725/1/3725 6020/1/6019 3724/1/3724
f 1036/1/1036 3727/1/3727 6021/1/6020 3713/1/3713
f 3727/1/3727 1013/1/1013 3655/1/3655 6021/1/6020
f 6021/1/6020 3655/1/3655 1014/1/1014 3728/1/3728
f 3713/1/3713 6021/1/6020 3728/1/3728 1037/1/1037
f 1037/1/1037 3728/1/3728 6022/1/6021 3714/1/3714
f 3728/1/3728 1014/1/1014 3656/1/3656 6022/1/6021
f 6022/1/6021 3656/1/3656 1015/1/1015 3729/1/3729
f 3714/1/3714 6022/1/6021 3729/1/3729 1038/1/1038
f 1038/1/1038 3729/1/3729 6023/1/6022 3715/1/3715
f 3729/1/3729 1015/1/1015 3657/1/3657 6023/1/6022
f 6023/1/6022 3657/1/3657 1016/1/1016 3730/1/3730
f 3715/1/3715 6023/1/6022 3730/1/3730 1039/1/1039
f 1039/1/1039 3730/1/3730 6024/1/6023 3726/1/3726
f 3730/1/3730 1016/1/1016 3658/1/3658 6024/1/6023
f 6024/1/6023 3658/1/3658 1017/1/1017 3731/1/3731
f 3726/1/3726 6024/1/6023 3731/1/3731 1048/1/1048
f 1048/1/1048 3731/1/3731 6025/1/6024 3716/1/3716
f 3731/1/3731 1017/1/1017 3659/1/3659 6025/1/6024
f 6025/1/6024 3659/1/3659 1018/1/1018 3732/1/3732
f 3716/1/3716 6025/1/6024 3732/1/3732 1040/1/1040
f 1040/1/1040 3732/1/3732 6026/1/6025 3717/1/3717
f 3732/1/3732 1018/1/1018 3660/1/3660 6026/1/6025
f 6026/1/6025 3660/1/3660 1019/1/1019 3733/1/3733
f 3717/1/3717 6026/1/6025 3733/1/3733 1041/1/1041
f 1041/1/1041 3733/1/3733 6027/1/6026 3721/1/3721
f 3733/1/3733 1019/1/1019 3661/1/3661 6027/1/6026
f 6027/1/6026 3661/1/3661 1020/1/1020 3734/1/3734
f 3721/1/3721 6027/1/6026 3734/1/3734 1045/1/1045
f 1045/1/1045 3734/1/3734 6028/1/6027 3718/1/3718
f 3734/1/3734 1020/1/1020 3662/1/3662 6028/1/6027
f 6028/1/6027 3662/1/3662 1021/1/1021 3735/1/3735
f 3718/1/3718 6028/1/6027 3735/1/3735 1042/1/1042
f 1042/1/1042 3735/1/3735 6029/1/6028 3719/1/3719
f 3735/1/3735 1021/1/1021 3663/1/3663 6029/1/6028
f 6029/1/6028 3663/1/3663 1022/1/1022 3736/1/3736
f 3719/1/3719 6029/1/6028 3736/1/3736 1043/1/1043
f 1043/1/1043 3736/1/3736 6030/1/6029 3720/1/3720
f 3736/1/3736 1022/1/1022 3664/1/3664 6030/1/6029
f 6030/1/6029 3664/1/3664 1023/1/1023 3737/1/3737
f 3720/1/3720 6030/1/6029 3737/1/3737 1044/1/1044
f 1044/1/1044 3737/1/3737 6031/1/6030 3722/1/3722
f 3737/1/3737 1023/1/1023 3665/1/3665 6031/1/6030
f 6031/1/6030 3665/1/3665 1024/1/1024 3738/1/3738
f 3722/1/3722 6031/1/6030 3738/1/3738 1046/1/1046
f 1025/1/1025 3725/1/3725 6032/1/6031 3666/1/3666
f 3725/1/3725 1047/1/1047 3723/1/3723 6032/1/6031
f 6032/1/6031 3723/1/3723 1046/1/1046 3738/1/3738
f 3666/1/3666 6032/1/6031 3738/1/3738 1024/1/1024
f 1013/1/1013 3727/1/3727 6033/1/6032 3654/1/3654
f 3727/1/3727 1036/1/1036 3712/1/3712 6033/1/6032
f 6033/1/6032 3712/1/3712 1035/1/1035 3710/1/3710
f 3654/1/3654 6033/1/6032 3710/1/3710 1012/1/1012
f 1027/1/1027 3683/1/3683 6034/1/6033 3739/1/3739
f 3683/1/3683 1026/1/1026 3711/1/3711 6034/1/6033
f 6034/1/6033 3711/1/3711 1035/1/1035 3740/1/3740
f 3739/1/3739 6034/1/6033 3740/1/3740 1049/1/1049
f 1056/1/1056 3748/1/3748 6035/1/6034 3747/1/3747
f 3748/1/3748 1033/1/1033 3689/1/3689 6035/1/6034
f 6035/1/6034 3689/1/3689 1032/1/1032 3749/1/3749
f 3747/1/3747 6035/1/6034 3749/1/3749 1055/1/1055
f 1055/1/1055 3749/1/3749 6036/1/6035 3746/1/3746
f 3749/1/3749 1032/1/1032 3688/1/3688 6036/1/6035
f 6036/1/6035 3688/1/3688 1031/1/1031 3750/1/3750
f 3746/1/3746 6036/1/6035 3750/1/3750 1054/1/1054
f 1054/1/1054 3750/1/3750 6037/1/6036 3745/1/3745
f 3750/1/3750 1031/1/1031 3687/1/3687 6037/1/6036
f 6037/1/6036 3687/1/3687 1030/1/1030 3751/1/3751
f 3745/1/3745 6037/1/6036 3751/1/3751 1053/1/1053
f 1053/1/1053 3751/1/3751 6038/1/6037 3744/1/3744
f 3751/1/3751 1030/1/1030 3686/1/3686 6038/1/6037
f 6038/1/6037 3686/1/3686 1034/1/1034 3752/1/3752
f 3744/1/3744 6038/1/6037 3752/1/3752 1052/1/1052
f 1052/1/1052 3752/1/3752 6039/1/6038 3743/1/3743
f 3752/1/3752 1034/1/1034 3690/1/3690 6039/1/6038
f 6039/1/6038 3690/1/3690 1029/1/1029 3753/1/3753
f 3743/1/3743 6039/1/6038 3753/1/3753 1051/1/1051
f 1051/1/1051 3753/1/3753 6040/1/6039 3742/1/3742
f 3753/1/3753 1029/1/1029 3685/1/3685 6040/1/6039
f 6040/1/6039 3685/1/3685 1028/1/1028 3754/1/3754
f 3742/1/3742 6040/1/6039 3754/1/3754 1050/1/1050
f 1028/1/1028 3684/1/3684 6041/1/6040 3754/1/3754
f 3684/1/3684 1027/1/1027 3739/1/3739 6041/1/6040
f 6041/1/6040 3739/1/3739 1049/1/1049 3741/1/3741
f 3754/1/3754 6041/1/6040 3741/1/3741 1050/1/1050
f 1062/1/1062 3762/1/3762 6042/1/6041 3761/1/3761
f 1000/1/1000 3642/1/3642 6042/1/6041 3762/1/3762
f 1001/1/1001 3761/1/3761 6042/1/6041 3642/1/3642
f 1057/1/1057 3763/1/3763 6043/1/6042 3756/1/3756
f 3763/1/3763 995/1/995 3637/1/3637 6043/1/6042
f 6043/1/6042 3637/1/3637 996/1/996 3764/1/3764
f 3756/1/3756 6043/1/6042 3764/1/3764 1058/1/1058
f 1058/1/1058 3764/1/3764 6044/1/6043 3757/1/3757
f 3764/1/3764 996/1/996 3638/1/3638 6044/1/6043
f 6044/1/6043 3638/1/3638 997/1/997 3765/1/3765
f 3757/1/3757 6044/1/6043 3765/1/3765 1059/1/1059
f 1059/1/1059 3765/1/3765 6045/1/6044 3758/1/3758
f 3765/1/3765 997/1/997 3639/1/3639 6045/1/6044
f 6045/1/6044 3639/1/3639 998/1/998 3766/1/3766
f 3758/1/3758 6045/1/6044 3766/1/3766 1060/1/1060
f 1060/1/1060 3766/1/3766 6046/1/6045 3759/1/3759
f 3766/1/3766 998/1/998 3640/1/3640 6046/1/6045
f 6046/1/6045 3640/1/3640 999/1/999 3767/1/3767
f 3759/1/3759 6046/1/6045 3767/1/3767 1061/1/1061
f 1000/1/1000 3762/1/3762 6047/1/6046 3641/1/3641
f 3762/1/3762 1062/1/1062 3760/1/3760 6047/1/6046
f 6047/1/6046 3760/1/3760 1061/1/1061 3767/1/3767
f 3641/1/3641 6047/1/6046 3767/1/3767 999/1/999
f 995/1/995 3763/1/3763 6048/1/6047 3636/1/3636
f 3763/1/3763 1057/1/1057 3755/1/3755 6048/1/6047
f 6048/1/6047 3755/1/3755 1047/1/1047 3724/1/3724
f 3636/1/3636 6048/1/6047 3724/1/3724 994/1/994
f 1055/1/1055 3746/1/3746 6049/1/6048 3747/1/3747
f 3746/1/3746 1054/1/1054 3774/1/3774 6049/1/6048
f 6049/1/6048 3774/1/3774 1068/1/1068 3775/1/3775
f 3747/1/3747 6049/1/6048 3775/1/3775 1056/1/1056
f 1067/1/1067 3776/1/3776 6050/1/6049 3772/1/3772
f 3776/1/3776 1053/1/1053 3744/1/3744 6050/1/6049
f 6050/1/6049 3744/1/3744 1052/1/1052 3777/1/3777
f 3772/1/3772 6050/1/6049 3777/1/3777 1066/1/1066
f 1066/1/1066 3777/1/3777 6051/1/6050 3771/1/3771
f 3777/1/3777 1052/1/1052 3743/1/3743 6051/1/6050
f 6051/1/6050 3743/1/3743 1051/1/1051 3778/1/3778
f 3771/1/3771 6051/1/6050 3778/1/3778 1065/1/1065
f 1065/1/1065 3778/1/3778 6052/1/6051 3770/1/3770
f 3778/1/3778 1051/1/1051 3742/1/3742 6052/1/6051
f 6052/1/6051 3742/1/3742 1050/1/1050 3779/1/3779
f 3770/1/3770 6052/1/6051 3779/1/3779 1064/1/1064
f 1064/1/1064 3779/1/3779 6053/1/6052 3769/1/3769
f 3779/1/3779 1050/1/1050 3741/1/3741 6053/1/6052
f 6053/1/6052 3741/1/3741 1049/1/1049 3780/1/3780
f 3769/1/3769 6053/1/6052 3780/1/3780 1063/1/1063
f 1054/1/1054 3745/1/3745 6054/1/6053 3774/1/3774
f 3745/1/3745 1053/1/1053 3776/1/3776 6054/1/6053
f 6054/1/6053 3776/1/3776 1067/1/1067 3773/1/3773
f 3774/1/3774 6054/1/6053 3773/1/3773 1068/1/1068
f 1035/1/1035 3712/1/3712 6055/1/6054 3740/1/3740
f 3712/1/3712 1036/1/1036 3768/1/3768 6055/1/6054
f 6055/1/6054 3768/1/3768 1063/1/1063 3780/1/3780
f 3740/1/3740 6055/1/6054 3780/1/3780 1049/1/1049
f 1079/1/1079 3801/1/3801 6056/1/6055 3819/1/3819
f 3801/1/3801 1002/1/1002 3700/1/3700 6056/1/6055
f 6056/1/6055 3700/1/3700 1011/1/1011 3792/1/3792
f 3819/1/3819 6056/1/6055 3792/1/3792 1080/1/1080
f 1080/1/1080 3792/1/3792 6057/1/6056 3818/1/3818
f 3792/1/3792 1011/1/1011 3691/1/3691 6057/1/6056
f 6057/1/6056 3691/1/3691 1033/1/1033 3793/1/3793
f 3818/1/3818 6057/1/6056 3793/1/3793 1081/1/1081
f 1081/1/1081 3793/1/3793 6058/1/6057 3817/1/3817
f 3793/1/3793 1033/1/1033 3748/1/3748 6058/1/6057
f 6058/1/6057 3748/1/3748 1056/1/1056 3794/1/3794
f 3817/1/3817 6058/1/6057 3794/1/3794 1082/1/1082
f 1082/1/1082 3794/1/3794 6059/1/6058 3816/1/3816
f 3794/1/3794 1056/1/1056 3775/1/3775 6059/1/6058
f 6059/1/6058 3775/1/3775 1068/1/1068 3795/1/3795
f 3816/1/3816 6059/1/6058 3795/1/3795 1083/1/1083
f 1083/1/1083 3795/1/3795 6060/1/6059 3815/1/3815
f 3795/1/3795 1068/1/1068 3773/1/3773 6060/1/6059
f 6060/1/6059 3773/1/3773 1067/1/1067 3796/1/3796
f 3815/1/3815 6060/1/6059 3796/1/3796 1084/1/1084
f 1084/1/1084 3796/1/3796 6061/1/6060 3814/1/3814
f 3796/1/3796 1067/1/1067 3772/1/3772 6061/1/6060
f 6061/1/6060 3772/1/3772 1066/1/1066 3797/1/3797
f 3814/1/3814 6061/1/6060 3797/1/3797 1085/1/1085
f 1085/1/1085 3797/1/3797 6062/1/6061 3813/1/3813
f 3797/1/3797 1066/1/1066 3771/1/3771 6062/1/6061
f 6062/1/6061 3771/1/3771 1065/1/1065 3798/1/3798
f 3813/1/3813 6062/1/6061 3798/1/3798 1086/1/1086
f 1086/1/1086 3798/1/3798 6063/1/6062 3812/1/3812
f 3798/1/3798 1065/1/1065 3770/1/3770 6063/1/6062
f 6063/1/6062 3770/1/3770 1064/1/1064 3799/1/3799
f 3812/1/3812 6063/1/6062 3799/1/3799 1087/1/1087
f 1087/1/1087 3799/1/3799 6064/1/6063 3811/1/3811
f 3799/1/3799 1064/1/1064 3769/1/3769 6064/1/6063
f 6064/1/6063 3769/1/3769 1063/1/1063 3800/1/3800
f 3811/1/3811 6064/1/6063 3800/1/3800 1088/1/1088
f 1070/1/1070 3809/1/3809 6065/1/6064 3782/1/3782
f 3809/1/3809 1087/1/1087 3811/1/3811 6065/1/6064
f 6065/1/6064 3811/1/3811 1088/1/1088 3810/1/3810
f 3782/1/3782 6065/1/6064 3810/1/3810 1069/1/1069
f 1071/1/1071 3808/1/3808 6066/1/6065 3783/1/3783
f 3808/1/3808 1086/1/1086 3812/1/3812 6066/1/6065
f 6066/1/6065 3812/1/3812 1087/1/1087 3809/1/3809
f 3783/1/3783 6066/1/6065 3809/1/3809 1070/1/1070
f 1072/1/1072 3807/1/3807 6067/1/6066 3784/1/3784
f 3807/1/3807 1085/1/1085 3813/1/3813 6067/1/6066
f 6067/1/6066 3813/1/3813 1086/1/1086 3808/1/3808
f 3784/1/3784 6067/1/6066 3808/1/3808 1071/1/1071
f 1073/1/1073 3806/1/3806 6068/1/6067 3785/1/3785
f 3806/1/3806 1084/1/1084 3814/1/3814 6068/1/6067
f 6068/1/6067 3814/1/3814 1085/1/1085 3807/1/3807
f 3785/1/3785 6068/1/6067 3807/1/3807 1072/1/1072
f 1074/1/1074 3805/1/3805 6069/1/6068 3786/1/3786
f 3805/1/3805 1083/1/1083 3815/1/3815 6069/1/6068
f 6069/1/6068 3815/1/3815 1084/1/1084 3806/1/3806
f 3786/1/3786 6069/1/6068 3806/1/3806 1073/1/1073
f 1075/1/1075 3804/1/3804 6070/1/6069 3787/1/3787
f 3804/1/3804 1082/1/1082 3816/1/3816 6070/1/6069
f 6070/1/6069 3816/1/3816 1083/1/1083 3805/1/3805
f 3787/1/3787 6070/1/6069 3805/1/3805 1074/1/1074
f 1076/1/1076 3803/1/3803 6071/1/6070 3788/1/3788
f 3803/1/3803 1081/1/1081 3817/1/3817 6071/1/6070
f 6071/1/6070 3817/1/3817 1082/1/1082 3804/1/3804
f 3788/1/3788 6071/1/6070 3804/1/3804 1075/1/1075
f 1077/1/1077 3802/1/3802 6072/1/6071 3789/1/3789
f 3802/1/3802 1080/1/1080 3818/1/3818 6072/1/6071
f 6072/1/6071 3818/1/3818 1081/1/1081 3803/1/3803
f 3789/1/3789 6072/1/6071 3803/1/3803 1076/1/1076
f 1078/1/1078 3791/1/3791 6073/1/6072 3790/1/3790
f 3791/1/3791 1079/1/1079 3819/1/3819 6073/1/6072
f 6073/1/6072 3819/1/3819 1080/1/1080 3802/1/3802
f 3790/1/3790 6073/1/6072 3802/1/3802 1077/1/1077
f 1037/1/1037 3714/1/3714 6074/1/6073 3820/1/3820
f 3714/1/3714 1038/1/1038 3781/1/3781 6074/1/6073
f 6074/1/6073 3781/1/3781 1069/1/1069 3810/1/3810
f 3820/1/3820 6074/1/6073 3810/1/3810 1088/1/1088
f 1036/1/1036 3713/1/3713 6075/1/6074 3768/1/3768
f 3713/1/3713 1037/1/1037 3820/1/3820 6075/1/6074
f 6075/1/6074 3820/1/3820 1088/1/1088 3800/1/3800
f 3768/1/3768 6075/1/6074 3800/1/3800 1063/1/1063
f 1089/1/1089 3831/1/3831 6076/1/6075 3822/1/3822
f 3831/1/3831 1039/1/1039 3726/1/3726 6076/1/6075
f 6076/1/6075 3726/1/3726 1048/1/1048 3832/1/3832
f 3822/1/3822 6076/1/6075 3832/1/3832 1090/1/1090
f 1090/1/1090 3832/1/3832 6077/1/6076 3823/1/3823
f 3832/1/3832 1048/1/1048 3716/1/3716 6077/1/6076
f 6077/1/6076 3716/1/3716 1040/1/1040 3833/1/3833
f 3823/1/3823 6077/1/6076 3833/1/3833 1091/1/1091
f 1091/1/1091 3833/1/3833 6078/1/6077 3824/1/3824
f 3833/1/3833 1040/1/1040 3717/1/3717 6078/1/6077
f 6078/1/6077 3717/1/3717 1041/1/1041 3834/1/3834
f 3824/1/3824 6078/1/6077 3834/1/3834 1092/1/1092
f 1092/1/1092 3834/1/3834 6079/1/6078 3825/1/3825
f 3834/1/3834 1041/1/1041 3721/1/3721 6079/1/6078
f 6079/1/6078 3721/1/3721 1045/1/1045 3835/1/3835
f 3825/1/3825 6079/1/6078 3835/1/3835 1093/1/1093
f 1093/1/1093 3835/1/3835 6080/1/6079 3826/1/3826
f 3835/1/3835 1045/1/1045 3718/1/3718 6080/1/6079
f 6080/1/6079 3718/1/3718 1042/1/1042 3836/1/3836
f 3826/1/3826 6080/1/6079 3836/1/3836 1094/1/1094
f 1094/1/1094 3836/1/3836 6081/1/6080 3827/1/3827
f 3836/1/3836 1042/1/1042 3719/1/3719 6081/1/6080
f 6081/1/6080 3719/1/3719 1043/1/1043 3837/1/3837
f 3827/1/3827 6081/1/6080 3837/1/3837 1095/1/1095
f 1095/1/1095 3837/1/3837 6082/1/6081 3828/1/3828
f 3837/1/3837 1043/1/1043 3720/1/3720 6082/1/6081
f 6082/1/6081 3720/1/3720 1044/1/1044 3838/1/3838
f 3828/1/3828 6082/1/6081 3838/1/3838 1096/1/1096
f 1096/1/1096 3838/1/3838 6083/1/6082 3829/1/3829
f 3838/1/3838 1044/1/1044 3722/1/3722 6083/1/6082
f 6083/1/6082 3722/1/3722 1046/1/1046 3839/1/3839
f 3829/1/3829 6083/1/6082 3839/1/3839 1097/1/1097
f 1039/1/1039 3831/1/3831 6084/1/6083 3715/1/3715
f 3831/1/3831 1089/1/1089 3821/1/3821 6084/1/6083
f 6084/1/6083 3821/1/3821 1069/1/1069 3781/1/3781
f 3715/1/3715 6084/1/6083 3781/1/3781 1038/1/1038
f 1046/1/1046 3723/1/3723 6085/1/6084 3839/1/3839
f 3723/1/3723 1047/1/1047 3755/1/3755 6085/1/6084
f 6085/1/6084 3755/1/3755 1057/1/1057 3830/1/3830
f 3839/1/3839 6085/1/6084 3830/1/3830 1097/1/1097
f 1098/1/1098 3850/1/3850 6086/1/6085 3841/1/3841
f 3850/1/3850 1089/1/1089 3822/1/3822 6086/1/6085
f 6086/1/6085 3822/1/3822 1090/1/1090 3851/1/3851
f 3841/1/3841 6086/1/6085 3851/1/3851 1099/1/1099
f 1099/1/1099 3851/1/3851 6087/1/6086 3842/1/3842
f 3851/1/3851 1090/1/1090 3823/1/3823 6087/1/6086
f 6087/1/6086 3823/1/3823 1091/1/1091 3852/1/3852
f 3842/1/3842 6087/1/6086 3852/1/3852 1100/1/1100
f 1100/1/1100 3852/1/3852 6088/1/6087 3843/1/3843
f 3852/1/3852 1091/1/1091 3824/1/3824 6088/1/6087
f 6088/1/6087 3824/1/3824 1092/1/1092 3853/1/3853
f 3843/1/3843 6088/1/6087 3853/1/3853 1101/1/1101
f 1101/1/1101 3853/1/3853 6089/1/6088 3844/1/3844
f 3853/1/3853 1092/1/1092 3825/1/3825 6089/1/6088
f 6089/1/6088 3825/1/3825 1093/1/1093 3854/1/3854
f 3844/1/3844 6089/1/6088 3854/1/3854 1102/1/1102
f 1102/1/1102 3854/1/3854 6090/1/6089 3845/1/3845
f 3854/1/3854 1093/1/1093 3826/1/3826 6090/1/6089
f 6090/1/6089 3826/1/3826 1094/1/1094 3855/1/3855
f 3845/1/3845 6090/1/6089 3855/1/3855 1103/1/1103
f 1103/1/1103 3855/1/3855 6091/1/6090 3846/1/3846
f 3855/1/3855 1094/1/1094 3827/1/3827 6091/1/6090
f 6091/1/6090 3827/1/3827 1095/1/1095 3856/1/3856
f 3846/1/3846 6091/1/6090 3856/1/3856 1104/1/1104
f 1104/1/1104 3856/1/3856 6092/1/6091 3847/1/3847
f 3856/1/3856 1095/1/1095 3828/1/3828 6092/1/6091
f 6092/1/6091 3828/1/3828 1096/1/1096 3857/1/3857
f 3847/1/3847 6092/1/6091 3857/1/3857 1105/1/1105
f 1105/1/1105 3857/1/3857 6093/1/6092 3848/1/3848
f 3857/1/3857 1096/1/1096 3829/1/3829 6093/1/6092
f 6093/1/6092 3829/1/3829 1097/1/1097 3858/1/3858
f 3848/1/3848 6093/1/6092 3858/1/3858 1106/1/1106
f 1057/1/1057 3756/1/3756 6094/1/6093 3830/1/3830
f 3756/1/3756 1058/1/1058 3849/1/3849 6094/1/6093
f 6094/1/6093 3849/1/3849 1106/1/1106 3858/1/3858
f 3830/1/3830 6094/1/6093 3858/1/3858 1097/1/1097
f 1070/1/1070 3782/1/3782 6095/1/6094 3840/1/3840
f 3782/1/3782 1069/1/1069 3821/1/3821 6095/1/6094
f 6095/1/6094 3821/1/3821 1089/1/1089 3850/1/3850
f 3840/1/3840 6095/1/6094 3850/1/3850 1098/1/1098
f 1078/1/1078 3859/1/3859 6096/1/6095 3791/1/3791
f 3859/1/3859 1107/1/1107 3864/1/3864 6096/1/6095
f 6096/1/6095 3864/1/3864 1112/1/1112 3867/1/3867
f 3791/1/3791 6096/1/6095 3867/1/3867 1079/1/1079
f 1079/1/1079 3867/1/3867 6097/1/6096 3801/1/3801
f 3867/1/3867 1112/1/1112 3866/1/3866 6097/1/6096
f 6097/1/6096 3866/1/3866 1111/1/1111 3868/1/3868
f 3801/1/3801 6097/1/6096 3868/1/3868 1002/1/1002
f 1002/1/1002 3868/1/3868 6098/1/6097 3643/1/3643
f 3868/1/3868 1111/1/1111 3865/1/3865 6098/1/6097
f 6098/1/6097 3865/1/3865 1062/1/1062 3761/1/3761
f 3643/1/3643 6098/1/6097 3761/1/3761 1001/1/1001
f 1104/1/1104 3847/1/3847 6099/1/6098 3863/1/3863
f 3847/1/3847 1105/1/1105 3872/1/3872 6099/1/6098
f 6099/1/6098 3872/1/3872 1115/1/1115 3873/1/3873
f 3863/1/3863 6099/1/6098 3873/1/3873 1110/1/1110
f 1110/1/1110 3873/1/3873 6100/1/6099 3862/1/3862
f 3873/1/3873 1115/1/1115 3871/1/3871 6100/1/6099
f 6100/1/6099 3871/1/3871 1114/1/1114 3874/1/3874
f 3862/1/3862 6100/1/6099 3874/1/3874 1109/1/1109
f 1109/1/1109 3874/1/3874 6101/1/6100 3861/1/3861
f 3874/1/3874 1114/1/1114 3870/1/3870 6101/1/6100
f 6101/1/6100 3870/1/3870 1113/1/1113 3875/1/3875
f 3861/1/3861 6101/1/6100 3875/1/3875 1108/1/1108
f 1108/1/1108 3875/1/3875 6102/1/6101 3860/1/3860
f 3875/1/3875 1113/1/1113 3869/1/3869 6102/1/6101
f 6102/1/6101 3869/1/3869 1112/1/1112 3864/1/3864
f 3860/1/3860 6102/1/6101 3864/1/3864 1107/1/1107
f 1106/1/1106 3879/1/3879 6103/1/6102 3848/1/3848
f 3879/1/3879 1118/1/1118 3880/1/3880 6103/1/6102
f 6103/1/6102 3880/1/3880 1115/1/1115 3872/1/3872
f 3848/1/3848 6103/1/6102 3872/1/3872 1105/1/1105
f 1115/1/1115 3880/1/3880 6104/1/6103 3871/1/3871
f 3880/1/3880 1118/1/1118 3878/1/3878 6104/1/6103
f 6104/1/6103 3878/1/3878 1117/1/1117 3882/1/3882
f 3871/1/3871 6104/1/6103 3882/1/3882 1114/1/1114
f 1114/1/1114 3882/1/3882 6105/1/6104 3870/1/3870
f 3882/1/3882 1117/1/1117 3877/1/3877 6105/1/6104
f 6105/1/6104 3877/1/3877 1116/1/1116 3883/1/3883
f 3870/1/3870 6105/1/6104 3883/1/3883 1113/1/1113
f 1111/1/1111 3866/1/3866 6106/1/6105 3876/1/3876
f 3866/1/3866 1112/1/1112 3869/1/3869 6106/1/6105
f 6106/1/6105 3869/1/3869 1113/1/1113 3883/1/3883
f 3876/1/3876 6106/1/6105 3883/1/3883 1116/1/1116
f 1061/1/1061 3760/1/3760 6107/1/6106 3884/1/3884
f 3760/1/3760 1062/1/1062 3865/1/3865 6107/1/6106
f 6107/1/6106 3865/1/3865 1111/1/1111 3876/1/3876
f 3884/1/3884 6107/1/6106 3876/1/3876 1116/1/1116
f 1060/1/1060 3759/1/3759 6108/1/6107 3885/1/3885
f 3759/1/3759 1061/1/1061 3884/1/3884 6108/1/6107
f 6108/1/6107 3884/1/3884 1116/1/1116 3877/1/3877
f 3885/1/3885 6108/1/6107 3877/1/3877 1117/1/1117
f 1059/1/1059 3758/1/3758 6109/1/6108 3886/1/3886
f 3758/1/3758 1060/1/1060 3885/1/3885 6109/1/6108
f 6109/1/6108 3885/1/3885 1117/1/1117 3878/1/3878
f 3886/1/3886 6109/1/6108 3878/1/3878 1118/1/1118
f 1059/1/1059 3886/1/3886 6110/1/6109 3757/1/3757
f 3886/1/3886 1118/1/1118 3879/1/3879 6110/1/6109
f 6110/1/6109 3879/1/3879 1106/1/1106 3849/1/3849
f 3757/1/3757 6110/1/6109 3849/1/3849 1058/1/1058
f 1076/1/1076 3788/1/3788 6111/1/6110 3891/1/3891
f 1075/1/1075 3892/1/3892 6111/1/6110 3788/1/3788
f 1123/1/1123 3891/1/3891 6111/1/6110 3892/1/3892
f 1122/1/1122 3893/1/3893 6112/1/6111 3889/1/3889
f 3893/1/3893 1074/1/1074 3786/1/3786 6112/1/6111
f 6112/1/6111 3786/1/3786 1073/1/1073 3894/1/3894
f 3889/1/3889 6112/1/6111 3894/1/3894 1121/1/1121
f 1121/1/1121 3894/1/3894 6113/1/6112 3888/1/3888
f 3894/1/3894 1073/1/1073 3785/1/3785 6113/1/6112
f 6113/1/6112 3785/1/3785 1072/1/1072 3895/1/3895
f 3888/1/3888 6113/1/6112 3895/1/3895 1120/1/1120
f 1120/1/1120 3895/1/3895 6114/1/6113 3887/1/3887
f 3895/1/3895 1072/1/1072 3784/1/3784 6114/1/6113
f 6114/1/6113 3784/1/3784 1071/1/1071 3896/1/3896
f 3887/1/3887 6114/1/6113 3896/1/3896 1119/1/1119
f 1075/1/1075 3787/1/3787 6115/1/6114 3892/1/3892
f 3787/1/3787 1074/1/1074 3893/1/3893 6115/1/6114
f 6115/1/6114 3893/1/3893 1122/1/1122 3890/1/3890
f 3892/1/3892 6115/1/6114 3890/1/3890 1123/1/1123
f 1071/1/1071 3783/1/3783 6116/1/6115 3896/1/3896
f 3783/1/3783 1070/1/1070 3840/1/3840 6116/1/6115
f 6116/1/6115 3840/1/3840 1098/1/1098 3881/1/3881
f 3896/1/3896 6116/1/6115 3881/1/3881 1119/1/1119
f 1125/1/1125 3903/1/3903 6117/1/6116 3899/1/3899
f 3903/1/3903 1134/1/1134 3929/1/3929 6117/1/6116
f 6117/1/6116 3929/1/3929 1138/1/1138 3928/1/3928
f 3899/1/3899 6117/1/6116 3928/1/3928 1126/1/1126
f 1126/1/1126 3928/1/3928 6118/1/6117 3900/1/3900
f 3928/1/3928 1138/1/1138 3930/1/3930 6118/1/6117
f 6118/1/6117 3930/1/3930 1135/1/1135 3925/1/3925
f 3900/1/3900 6118/1/6117 3925/1/3925 1127/1/1127
f 1127/1/1127 3925/1/3925 6119/1/6118 3901/1/3901
f 3925/1/3925 1135/1/1135 3932/1/3932 6119/1/6118
f 6119/1/6118 3932/1/3932 1137/1/1137 3927/1/3927
f 3901/1/3901 6119/1/6118 3927/1/3927 1128/1/1128
f 1139/1/1139 3935/1/3935 6120/1/6119 3952/1/3952
f 3935/1/3935 1110/1/1110 3862/1/3862 6120/1/6119
f 6120/1/6119 3862/1/3862 1109/1/1109 3908/1/3908
f 3952/1/3952 6120/1/6119 3908/1/3908 1142/1/1142
f 1142/1/1142 3908/1/3908 6121/1/6120 3950/1/3950
f 3908/1/3908 1109/1/1109 3861/1/3861 6121/1/6120
f 6121/1/6120 3861/1/3861 1108/1/1108 3909/1/3909
f 3950/1/3950 6121/1/6120 3909/1/3909 1144/1/1144
f 1144/1/1144 3909/1/3909 6122/1/6121 3948/1/3948
f 3909/1/3909 1108/1/1108 3860/1/3860 6122/1/6121
f 6122/1/6121 3860/1/3860 1107/1/1107 3910/1/3910
f 3948/1/3948 6122/1/6121 3910/1/3910 1146/1/1146
f 1077/1/1077 3789/1/3789 6123/1/6122 3897/1/3897
f 3789/1/3789 1076/1/1076 3933/1/3933 6123/1/6122
f 6123/1/6122 3933/1/3933 1136/1/1136 3911/1/3911
f 3897/1/3897 6123/1/6122 3911/1/3911 1124/1/1124
f 1077/1/1077 3897/1/3897 6124/1/6123 3953/1/3953
f 1124/1/1124 3912/1/3912 6124/1/6123 3897/1/3897
f 1148/1/1148 3953/1/3953 6124/1/6123 3912/1/3912
f 1145/1/1145 3946/1/3946 6125/1/6124 3941/1/3941
f 3946/1/3946 1148/1/1148 3912/1/3912 6125/1/6124
f 6125/1/6124 3912/1/3912 1124/1/1124 3898/1/3898
f 3941/1/3941 6125/1/6124 3898/1/3898 1125/1/1125
f 1122/1/1122 3913/1/3913 6126/1/6125 3890/1/3890
f 3913/1/3913 1129/1/1129 3920/1/3920 6126/1/6125
f 6126/1/6125 3920/1/3920 1132/1/1132 3916/1/3916
f 3890/1/3890 6126/1/6125 3916/1/3916 1123/1/1123
f 1133/1/1133 3904/1/3904 6127/1/6126 3918/1/3918
f 3904/1/3904 1121/1/1121 3888/1/3888 6127/1/6126
f 6127/1/6126 3888/1/3888 1120/1/1120 3905/1/3905
f 3918/1/3918 6127/1/6126 3905/1/3905 1131/1/1131
f 1131/1/1131 3905/1/3905 6128/1/6127 3919/1/3919
f 3905/1/3905 1120/1/1120 3887/1/3887 6128/1/6127
f 6128/1/6127 3887/1/3887 1119/1/1119 3906/1/3906
f 3919/1/3919 6128/1/6127 3906/1/3906 1130/1/1130
f 1129/1/1129 3924/1/3924 6129/1/6128 3920/1/3920
f 3924/1/3924 1134/1/1134 3931/1/3931 6129/1/6128
f 6129/1/6128 3931/1/3931 1136/1/1136 3926/1/3926
f 3920/1/3920 6129/1/6128 3926/1/3926 1132/1/1132
f 1076/1/1076 3891/1/3891 6130/1/6129 3921/1/3921
f 1123/1/1123 3916/1/3916 6130/1/6129 3891/1/3891
f 1132/1/1132 3921/1/3921 6130/1/6129 3916/1/3916
f 1129/1/1129 3913/1/3913 6131/1/6130 3922/1/3922
f 3913/1/3913 1122/1/1122 3889/1/3889 6131/1/6130
f 6131/1/6130 3889/1/3889 1121/1/1121 3904/1/3904
f 3922/1/3922 6131/1/6130 3904/1/3904 1133/1/1133
f 1098/1/1098 3841/1/3841 6132/1/6131 3881/1/3881
f 3841/1/3841 1099/1/1099 3923/1/3923 6132/1/6131
f 6132/1/6131 3923/1/3923 1130/1/1130 3906/1/3906
f 3881/1/3881 6132/1/6131 3906/1/3906 1119/1/1119
f 1134/1/1134 3924/1/3924 6133/1/6132 3929/1/3929
f 3924/1/3924 1129/1/1129 3922/1/3922 6133/1/6132
f 6133/1/6132 3922/1/3922 1133/1/1133 3917/1/3917
f 3929/1/3929 6133/1/6132 3917/1/3917 1138/1/1138
f 1138/1/1138 3917/1/3917 6134/1/6133 3930/1/3930
f 3917/1/3917 1133/1/1133 3918/1/3918 6134/1/6133
f 6134/1/6133 3918/1/3918 1131/1/1131 3915/1/3915
f 3930/1/3930 6134/1/6133 3915/1/3915 1135/1/1135
f 1134/1/1134 3903/1/3903 6135/1/6134 3931/1/3931
f 3903/1/3903 1125/1/1125 3898/1/3898 6135/1/6134
f 6135/1/6134 3898/1/3898 1124/1/1124 3911/1/3911
f 3931/1/3931 6135/1/6134 3911/1/3911 1136/1/1136
f 1135/1/1135 3915/1/3915 6136/1/6135 3932/1/3932
f 3915/1/3915 1131/1/1131 3919/1/3919 6136/1/6135
f 6136/1/6135 3919/1/3919 1130/1/1130 3914/1/3914
f 3932/1/3932 6136/1/6135 3914/1/3914 1137/1/1137
f 1076/1/1076 3921/1/3921 6137/1/6136 3933/1/3933
f 1132/1/1132 3926/1/3926 6137/1/6136 3921/1/3921
f 1136/1/1136 3933/1/3933 6137/1/6136 3926/1/3926
f 1099/1/1099 3842/1/3842 6138/1/6137 3923/1/3923
f 3842/1/3842 1100/1/1100 3934/1/3934 6138/1/6137
f 6138/1/6137 3934/1/3934 1137/1/1137 3914/1/3914
f 3923/1/3923 6138/1/6137 3914/1/3914 1130/1/1130
f 1100/1/1100 3843/1/3843 6139/1/6138 3934/1/3934
f 3843/1/3843 1101/1/1101 3902/1/3902 6139/1/6138
f 6139/1/6138 3902/1/3902 1128/1/1128 3927/1/3927
f 3934/1/3934 6139/1/6138 3927/1/3927 1137/1/1137
f 1107/1/1107 3859/1/3859 6140/1/6139 3910/1/3910
f 3859/1/3859 1078/1/1078 3943/1/3943 6140/1/6139
f 6140/1/6139 3943/1/3943 1147/1/1147 3945/1/3945
f 3910/1/3910 6140/1/6139 3945/1/3945 1146/1/1146
f 1146/1/1146 3945/1/3945 6141/1/6140 3942/1/3942
f 3945/1/3945 1147/1/1147 3944/1/3944 6141/1/6140
f 6141/1/6140 3944/1/3944 1148/1/1148 3946/1/3946
f 3942/1/3942 6141/1/6140 3946/1/3946 1145/1/1145
f 1126/1/1126 3939/1/3939 6142/1/6141 3899/1/3899
f 3939/1/3939 1143/1/1143 3947/1/3947 6142/1/6141
f 6142/1/6141 3947/1/3947 1145/1/1145 3941/1/3941
f 3899/1/3899 6142/1/6141 3941/1/3941 1125/1/1125
f 1143/1/1143 3940/1/3940 6143/1/6142 3947/1/3947
f 3940/1/3940 1144/1/1144 3948/1/3948 6143/1/6142
f 6143/1/6142 3948/1/3948 1146/1/1146 3942/1/3942
f 3947/1/3947 6143/1/6142 3942/1/3942 1145/1/1145
f 1127/1/1127 3937/1/3937 6144/1/6143 3900/1/3900
f 3937/1/3937 1141/1/1141 3949/1/3949 6144/1/6143
f 6144/1/6143 3949/1/3949 1143/1/1143 3939/1/3939
f 3900/1/3900 6144/1/6143 3939/1/3939 1126/1/1126
f 1141/1/1141 3938/1/3938 6145/1/6144 3949/1/3949
f 3938/1/3938 1142/1/1142 3950/1/3950 6145/1/6144
f 6145/1/6144 3950/1/3950 1144/1/1144 3940/1/3940
f 3949/1/3949 6145/1/6144 3940/1/3940 1143/1/1143
f 1128/1/1128 3907/1/3907 6146/1/6145 3901/1/3901
f 3907/1/3907 1140/1/1140 3951/1/3951 6146/1/6145
f 6146/1/6145 3951/1/3951 1141/1/1141 3937/1/3937
f 3901/1/3901 6146/1/6145 3937/1/3937 1127/1/1127
f 1140/1/1140 3936/1/3936 6147/1/6146 3951/1/3951
f 3936/1/3936 1139/1/1139 3952/1/3952 6147/1/6146
f 6147/1/6146 3952/1/3952 1142/1/1142 3938/1/3938
f 3951/1/3951 6147/1/6146 3938/1/3938 1141/1/1141
f 1147/1/1147 3954/1/3954 6148/1/6147 3944/1/3944
f 1077/1/1077 3953/1/3953 6148/1/6147 3954/1/3954
f 1148/1/1148 3944/1/3944 6148/1/6147 3953/1/3953
f 1078/1/1078 3790/1/3790 6149/1/6148 3943/1/3943
f 1077/1/1077 3954/1/3954 6149/1/6148 3790/1/3790
f 1147/1/1147 3943/1/3943 6149/1/6148 3954/1/3954
f 1102/1/1102 3845/1/3845 6150/1/6149 3955/1/3955
f 3845/1/3845 1103/1/1103 3956/1/3956 6150/1/6149
f 6150/1/6149 3956/1/3956 1139/1/1139 3936/1/3936
f 3955/1/3955 6150/1/6149 3936/1/3936 1140/1/1140
f 1101/1/1101 3844/1/3844 6151/1/6150 3902/1/3902
f 3844/1/3844 1102/1/1102 3955/1/3955 6151/1/6150
f 6151/1/6150 3955/1/3955 1140/1/1140 3907/1/3907
f 3902/1/3902 6151/1/6150 3907/1/3907 1128/1/1128
f 1103/1/1103 3846/1/3846 6152/1/6151 3956/1/3956
f 3846/1/3846 1104/1/1104 3863/1/3863 6152/1/6151
f 6152/1/6151 3863/1/3863 1110/1/1110 3935/1/3935
f 3956/1/3956 6152/1/6151 3935/1/3935 1139/1/1139
f 1156/1/1156 3976/1/3976 6153/1/6152 4000/1/4000
f 3976/1/3976 1155/1/1155 4001/1/4001 6153/1/6152
f 6153/1/6152 4001/1/4001 8/1/8 1679/1/1679
f 4000/1/4000 6153/1/6152 1679/1/1679 9/1/9
f 1155/1/1155 3974/1/3974 6154/1/6153 4001/1/4001
f 3974/1/3974 1154/1/1154 4002/1/4002 6154/1/6153
f 6154/1/6153 4002/1/4002 7/1/7 1678/1/1678
f 4001/1/4001 6154/1/6153 1678/1/1678 8/1/8
f 1154/1/1154 3975/1/3975 6155/1/6154 4002/1/4002
f 3975/1/3975 1153/1/1153 4003/1/4003 6155/1/6154
f 6155/1/6154 4003/1/4003 6/1/6 1677/1/1677
f 4002/1/4002 6155/1/6154 1677/1/1677 7/1/7
f 1153/1/1153 3973/1/3973 6156/1/6155 4003/1/4003
f 3973/1/3973 1152/1/1152 4004/1/4004 6156/1/6155
f 6156/1/6155 4004/1/4004 5/1/5 1676/1/1676
f 4003/1/4003 6156/1/6155 1676/1/1676 6/1/6
f 1152/1/1152 3969/1/3969 6157/1/6156 4004/1/4004
f 3969/1/3969 1151/1/1151 4005/1/4005 6157/1/6156
f 6157/1/6156 4005/1/4005 1/1/1 1672/1/1672
f 4004/1/4004 6157/1/6156 1672/1/1672 5/1/5
f 1151/1/1151 3970/1/3970 6158/1/6157 4005/1/4005
f 3970/1/3970 1150/1/1150 4006/1/4006 6158/1/6157
f 6158/1/6157 4006/1/4006 155/1/155 1673/1/1673
f 4005/1/4005 6158/1/6157 1673/1/1673 1/1/1
f 1150/1/1150 3968/1/3968 6159/1/6158 4006/1/4006
f 3968/1/3968 1149/1/1149 4007/1/4007 6159/1/6158
f 6159/1/6158 4007/1/4007 2/1/2 1898/1/1898
f 4006/1/4006 6159/1/6158 1898/1/1898 155/1/155
f 1149/1/1149 3966/1/3966 6160/1/6159 4007/1/4007
f 3966/1/3966 1157/1/1157 4008/1/4008 6160/1/6159
f 6160/1/6159 4008/1/4008 3/1/3 1674/1/1674
f 4007/1/4007 6160/1/6159 1674/1/1674 2/1/2
f 1157/1/1157 3965/1/3965 6161/1/6160 4008/1/4008
f 3965/1/3965 1158/1/1158 4009/1/4009 6161/1/6160
f 6161/1/6160 4009/1/4009 4/1/4 1675/1/1675
f 4008/1/4008 6161/1/6160 1675/1/1675 3/1/3
f 1158/1/1158 3964/1/3964 6162/1/6161 4009/1/4009
f 3964/1/3964 1159/1/1159 4010/1/4010 6162/1/6161
f 6162/1/6161 4010/1/4010 47/1/47 1718/1/1718
f 4009/1/4009 6162/1/6161 1718/1/1718 4/1/4
f 1159/1/1159 3963/1/3963 6163/1/6162 4010/1/4010
f 3963/1/3963 1160/1/1160 4011/1/4011 6163/1/6162
f 6163/1/6162 4011/1/4011 46/1/46 1717/1/1717
f 4010/1/4010 6163/1/6162 1717/1/1717 47/1/47
f 1160/1/1160 3971/1/3971 6164/1/6163 4011/1/4011
f 3971/1/3971 1161/1/1161 4012/1/4012 6164/1/6163
f 6164/1/6163 4012/1/4012 45/1/45 1716/1/1716
f 4011/1/4011 6164/1/6163 1716/1/1716 46/1/46
f 1161/1/1161 3967/1/3967 6165/1/6164 4012/1/4012
f 3967/1/3967 1162/1/1162 4013/1/4013 6165/1/6164
f 6165/1/6164 4013/1/4013 44/1/44 1715/1/1715
f 4012/1/4012 6165/1/6164 1715/1/1715 45/1/45
f 1162/1/1162 3962/1/3962 6166/1/6165 4013/1/4013
f 3962/1/3962 1163/1/1163 4014/1/4014 6166/1/6165
f 6166/1/6165 4014/1/4014 43/1/43 1714/1/1714
f 4013/1/4013 6166/1/6165 1714/1/1714 44/1/44
f 1163/1/1163 3961/1/3961 6167/1/6166 4014/1/4014
f 3961/1/3961 1164/1/1164 4015/1/4015 6167/1/6166
f 6167/1/6166 4015/1/4015 42/1/42 1713/1/1713
f 4014/1/4014 6167/1/6166 1713/1/1713 43/1/43
f 1164/1/1164 3960/1/3960 6168/1/6167 4015/1/4015
f 3960/1/3960 1165/1/1165 4016/1/4016 6168/1/6167
f 6168/1/6167 4016/1/4016 41/1/41 1712/1/1712
f 4015/1/4015 6168/1/6167 1712/1/1712 42/1/42
f 1165/1/1165 3977/1/3977 6169/1/6168 4016/1/4016
f 3977/1/3977 1166/1/1166 4017/1/4017 6169/1/6168
f 6169/1/6168 4017/1/4017 40/1/40 1711/1/1711
f 4016/1/4016 6169/1/6168 1711/1/1711 41/1/41
f 1166/1/1166 3972/1/3972 6170/1/6169 4017/1/4017
f 3972/1/3972 1167/1/1167 4018/1/4018 6170/1/6169
f 6170/1/6169 4018/1/4018 39/1/39 1710/1/1710
f 4017/1/4017 6170/1/6169 1710/1/1710 40/1/40
f 1167/1/1167 3959/1/3959 6171/1/6170 4018/1/4018
f 3959/1/3959 1168/1/1168 4019/1/4019 6171/1/6170
f 6171/1/6170 4019/1/4019 38/1/38 1709/1/1709
f 4018/1/4018 6171/1/6170 1709/1/1709 39/1/39
f 1168/1/1168 3958/1/3958 6172/1/6171 4019/1/4019
f 3958/1/3958 1169/1/1169 4020/1/4020 6172/1/6171
f 6172/1/6171 4020/1/4020 37/1/37 1708/1/1708
f 4019/1/4019 6172/1/6171 1708/1/1708 38/1/38
f 1169/1/1169 3957/1/3957 6173/1/6172 4020/1/4020
f 3957/1/3957 1170/1/1170 4021/1/4021 6173/1/6172
f 6173/1/6172 4021/1/4021 36/1/36 1707/1/1707
f 4020/1/4020 6173/1/6172 1707/1/1707 37/1/37
f 1170/1/1170 3978/1/3978 6174/1/6173 4021/1/4021
f 3978/1/3978 1171/1/1171 4022/1/4022 6174/1/6173
f 6174/1/6173 4022/1/4022 35/1/35 1706/1/1706
f 4021/1/4021 6174/1/6173 1706/1/1706 36/1/36
f 1171/1/1171 3999/1/3999 6175/1/6174 4022/1/4022
f 3999/1/3999 1172/1/1172 4023/1/4023 6175/1/6174
f 6175/1/6174 4023/1/4023 34/1/34 1705/1/1705
f 4022/1/4022 6175/1/6174 1705/1/1705 35/1/35
f 1172/1/1172 3979/1/3979 6176/1/6175 4023/1/4023
f 3979/1/3979 1173/1/1173 4024/1/4024 6176/1/6175
f 6176/1/6175 4024/1/4024 33/1/33 1704/1/1704
f 4023/1/4023 6176/1/6175 1704/1/1704 34/1/34
f 1173/1/1173 3980/1/3980 6177/1/6176 4024/1/4024
f 3980/1/3980 1174/1/1174 4025/1/4025 6177/1/6176
f 6177/1/6176 4025/1/4025 32/1/32 1703/1/1703
f 4024/1/4024 6177/1/6176 1703/1/1703 33/1/33
f 1174/1/1174 3981/1/3981 6178/1/6177 4025/1/4025
f 3981/1/3981 1175/1/1175 4026/1/4026 6178/1/6177
f 6178/1/6177 4026/1/4026 31/1/31 1702/1/1702
f 4025/1/4025 6178/1/6177 1702/1/1702 32/1/32
f 1175/1/1175 3982/1/3982 6179/1/6178 4026/1/4026
f 3982/1/3982 1176/1/1176 4027/1/4027 6179/1/6178
f 6179/1/6178 4027/1/4027 30/1/30 1701/1/1701
f 4026/1/4026 6179/1/6178 1701/1/1701 31/1/31
f 1176/1/1176 3983/1/3983 6180/1/6179 4027/1/4027
f 3983/1/3983 1177/1/1177 4028/1/4028 6180/1/6179
f 6180/1/6179 4028/1/4028 29/1/29 1700/1/1700
f 4027/1/4027 6180/1/6179 1700/1/1700 30/1/30
f 1177/1/1177 3984/1/3984 6181/1/6180 4028/1/4028
f 3984/1/3984 1178/1/1178 4029/1/4029 6181/1/6180
f 6181/1/6180 4029/1/4029 28/1/28 1699/1/1699
f 4028/1/4028 6181/1/6180 1699/1/1699 29/1/29
f 1178/1/1178 3985/1/3985 6182/1/6181 4029/1/4029
f 3985/1/3985 1179/1/1179 4030/1/4030 6182/1/6181
f 6182/1/6181 4030/1/4030 27/1/27 1698/1/1698
f 4029/1/4029 6182/1/6181 1698/1/1698 28/1/28
f 1179/1/1179 3986/1/3986 6183/1/6182 4030/1/4030
f 3986/1/3986 1180/1/1180 4031/1/4031 6183/1/6182
f 6183/1/6182 4031/1/4031 26/1/26 1697/1/1697
f 4030/1/4030 6183/1/6182 1697/1/1697 27/1/27
f 1180/1/1180 3987/1/3987 6184/1/6183 4031/1/4031
f 3987/1/3987 1181/1/1181 4032/1/4032 6184/1/6183
f 6184/1/6183 4032/1/4032 25/1/25 1696/1/1696
f 4031/1/4031 6184/1/6183 1696/1/1696 26/1/26
f 1181/1/1181 3988/1/3988 6185/1/6184 4032/1/4032
f 3988/1/3988 1182/1/1182 4033/1/4033 6185/1/6184
f 6185/1/6184 4033/1/4033 227/1/227 1695/1/1695
f 4032/1/4032 6185/1/6184 1695/1/1695 25/1/25
f 1182/1/1182 3989/1/3989 6186/1/6185 4033/1/4033
f 3989/1/3989 1183/1/1183 4034/1/4034 6186/1/6185
f 6186/1/6185 4034/1/4034 24/1/24 2053/1/2053
f 4033/1/4033 6186/1/6185 2053/1/2053 227/1/227
f 1183/1/1183 3990/1/3990 6187/1/6186 4034/1/4034
f 3990/1/3990 1184/1/1184 4035/1/4035 6187/1/6186
f 6187/1/6186 4035/1/4035 23/1/23 1694/1/1694
f 4034/1/4034 6187/1/6186 1694/1/1694 24/1/24
f 1184/1/1184 3991/1/3991 6188/1/6187 4035/1/4035
f 3991/1/3991 1185/1/1185 4036/1/4036 6188/1/6187
f 6188/1/6187 4036/1/4036 22/1/22 1693/1/1693
f 4035/1/4035 6188/1/6187 1693/1/1693 23/1/23
f 1185/1/1185 3992/1/3992 6189/1/6188 4036/1/4036
f 3992/1/3992 1186/1/1186 4037/1/4037 6189/1/6188
f 6189/1/6188 4037/1/4037 21/1/21 1692/1/1692
f 4036/1/4036 6189/1/6188 1692/1/1692 22/1/22
f 1186/1/1186 3993/1/3993 6190/1/6189 4037/1/4037
f 3993/1/3993 1187/1/1187 4038/1/4038 6190/1/6189
f 6190/1/6189 4038/1/4038 20/1/20 1691/1/1691
f 4037/1/4037 6190/1/6189 1691/1/1691 21/1/21
f 1187/1/1187 3994/1/3994 6191/1/6190 4038/1/4038
f 3994/1/3994 1188/1/1188 4039/1/4039 6191/1/6190
f 6191/1/6190 4039/1/4039 19/1/19 1690/1/1690
f 4038/1/4038 6191/1/6190 1690/1/1690 20/1/20
f 1188/1/1188 3995/1/3995 6192/1/6191 4039/1/4039
f 3995/1/3995 1189/1/1189 4040/1/4040 6192/1/6191
f 6192/1/6191 4040/1/4040 18/1/18 1689/1/1689
f 4039/1/4039 6192/1/6191 1689/1/1689 19/1/19
f 1189/1/1189 3996/1/3996 6193/1/6192 4040/1/4040
f 3996/1/3996 1190/1/1190 4041/1/4041 6193/1/6192
f 6193/1/6192 4041/1/4041 17/1/17 1688/1/1688
f 4040/1/4040 6193/1/6192 1688/1/1688 18/1/18
f 1190/1/1190 3997/1/3997 6194/1/6193 4041/1/4041
f 3997/1/3997 1191/1/1191 4042/1/4042 6194/1/6193
f 6194/1/6193 4042/1/4042 16/1/16 1687/1/1687
f 4041/1/4041 6194/1/6193 1687/1/1687 17/1/17
f 9/1/9 1680/1/1680 6195/1/6194 4000/1/4000
f 1680/1/1680 10/1/10 3620/1/3620 6195/1/6194
f 6195/1/6194 3620/1/3620 980/1/980 4043/1/4043
f 4000/1/4000 6195/1/6194 4043/1/4043 1156/1/1156
f 1192/1/1192 4045/1/4045 6196/1/6195 4087/1/4087
f 4045/1/4045 1193/1/1193 4088/1/4088 6196/1/6195
f 6196/1/6195 4088/1/4088 1155/1/1155 3976/1/3976
f 4087/1/4087 6196/1/6195 3976/1/3976 1156/1/1156
f 1193/1/1193 4046/1/4046 6197/1/6196 4088/1/4088
f 4046/1/4046 1194/1/1194 4089/1/4089 6197/1/6196
f 6197/1/6196 4089/1/4089 1154/1/1154 3974/1/3974
f 4088/1/4088 6197/1/6196 3974/1/3974 1155/1/1155
f 1194/1/1194 4047/1/4047 6198/1/6197 4089/1/4089
f 4047/1/4047 1195/1/1195 4090/1/4090 6198/1/6197
f 6198/1/6197 4090/1/4090 1153/1/1153 3975/1/3975
f 4089/1/4089 6198/1/6197 3975/1/3975 1154/1/1154
f 1195/1/1195 4048/1/4048 6199/1/6198 4090/1/4090
f 4048/1/4048 1196/1/1196 4091/1/4091 6199/1/6198
f 6199/1/6198 4091/1/4091 1152/1/1152 3973/1/3973
f 4090/1/4090 6199/1/6198 3973/1/3973 1153/1/1153
f 1196/1/1196 4049/1/4049 6200/1/6199 4091/1/4091
f 4049/1/4049 1197/1/1197 4092/1/4092 6200/1/6199
f 6200/1/6199 4092/1/4092 1151/1/1151 3969/1/3969
f 4091/1/4091 6200/1/6199 3969/1/3969 1152/1/1152
f 1197/1/1197 4050/1/4050 6201/1/6200 4092/1/4092
f 4050/1/4050 1198/1/1198 4093/1/4093 6201/1/6200
f 6201/1/6200 4093/1/4093 1150/1/1150 3970/1/3970
f 4092/1/4092 6201/1/6200 3970/1/3970 1151/1/1151
f 1198/1/1198 4051/1/4051 6202/1/6201 4093/1/4093
f 4051/1/4051 1199/1/1199 4094/1/4094 6202/1/6201
f 6202/1/6201 4094/1/4094 1149/1/1149 3968/1/3968
f 4093/1/4093 6202/1/6201 3968/1/3968 1150/1/1150
f 1199/1/1199 4052/1/4052 6203/1/6202 4094/1/4094
f 4052/1/4052 1200/1/1200 4095/1/4095 6203/1/6202
f 6203/1/6202 4095/1/4095 1157/1/1157 3966/1/3966
f 4094/1/4094 6203/1/6202 3966/1/3966 1149/1/1149
f 1200/1/1200 4053/1/4053 6204/1/6203 4095/1/4095
f 4053/1/4053 1201/1/1201 4096/1/4096 6204/1/6203
f 6204/1/6203 4096/1/4096 1158/1/1158 3965/1/3965
f 4095/1/4095 6204/1/6203 3965/1/3965 1157/1/1157
f 1201/1/1201 4054/1/4054 6205/1/6204 4096/1/4096
f 4054/1/4054 1202/1/1202 4097/1/4097 6205/1/6204
f 6205/1/6204 4097/1/4097 1159/1/1159 3964/1/3964
f 4096/1/4096 6205/1/6204 3964/1/3964 1158/1/1158
f 1202/1/1202 4055/1/4055 6206/1/6205 4097/1/4097
f 4055/1/4055 1203/1/1203 4098/1/4098 6206/1/6205
f 6206/1/6205 4098/1/4098 1160/1/1160 3963/1/3963
f 4097/1/4097 6206/1/6205 3963/1/3963 1159/1/1159
f 1203/1/1203 4056/1/4056 6207/1/6206 4098/1/4098
f 4056/1/4056 1204/1/1204 4099/1/4099 6207/1/6206
f 6207/1/6206 4099/1/4099 1161/1/1161 3971/1/3971
f 4098/1/4098 6207/1/6206 3971/1/3971 1160/1/1160
f 1204/1/1204 4057/1/4057 6208/1/6207 4099/1/4099
f 4057/1/4057 1205/1/1205 4100/1/4100 6208/1/6207
f 6208/1/6207 4100/1/4100 1162/1/1162 3967/1/3967
f 4099/1/4099 6208/1/6207 3967/1/3967 1161/1/1161
f 1205/1/1205 4058/1/4058 6209/1/6208 4100/1/4100
f 4058/1/4058 1206/1/1206 4101/1/4101 6209/1/6208
f 6209/1/6208 4101/1/4101 1163/1/1163 3962/1/3962
f 4100/1/4100 6209/1/6208 3962/1/3962 1162/1/1162
f 1206/1/1206 4059/1/4059 6210/1/6209 4101/1/4101
f 4059/1/4059 1207/1/1207 4102/1/4102 6210/1/6209
f 6210/1/6209 4102/1/4102 1164/1/1164 3961/1/3961
f 4101/1/4101 6210/1/6209 3961/1/3961 1163/1/1163
f 1207/1/1207 4060/1/4060 6211/1/6210 4102/1/4102
f 4060/1/4060 1208/1/1208 4103/1/4103 6211/1/6210
f 6211/1/6210 4103/1/4103 1165/1/1165 3960/1/3960
f 4102/1/4102 6211/1/6210 3960/1/3960 1164/1/1164
f 1208/1/1208 4061/1/4061 6212/1/6211 4103/1/4103
f 4061/1/4061 1209/1/1209 4104/1/4104 6212/1/6211
f 6212/1/6211 4104/1/4104 1166/1/1166 3977/1/3977
f 4103/1/4103 6212/1/6211 3977/1/3977 1165/1/1165
f 1209/1/1209 4062/1/4062 6213/1/6212 4104/1/4104
f 4062/1/4062 1210/1/1210 4105/1/4105 6213/1/6212
f 6213/1/6212 4105/1/4105 1167/1/1167 3972/1/3972
f 4104/1/4104 6213/1/6212 3972/1/3972 1166/1/1166
f 1210/1/1210 4063/1/4063 6214/1/6213 4105/1/4105
f 4063/1/4063 1211/1/1211 4106/1/4106 6214/1/6213
f 6214/1/6213 4106/1/4106 1168/1/1168 3959/1/3959
f 4105/1/4105 6214/1/6213 3959/1/3959 1167/1/1167
f 1211/1/1211 4086/1/4086 6215/1/6214 4106/1/4106
f 4086/1/4086 1234/1/1234 4107/1/4107 6215/1/6214
f 6215/1/6214 4107/1/4107 1169/1/1169 3958/1/3958
f 4106/1/4106 6215/1/6214 3958/1/3958 1168/1/1168
f 1234/1/1234 4064/1/4064 6216/1/6215 4107/1/4107
f 4064/1/4064 1212/1/1212 4108/1/4108 6216/1/6215
f 6216/1/6215 4108/1/4108 1170/1/1170 3957/1/3957
f 4107/1/4107 6216/1/6215 3957/1/3957 1169/1/1169
f 1212/1/1212 4065/1/4065 6217/1/6216 4108/1/4108
f 4065/1/4065 1213/1/1213 4109/1/4109 6217/1/6216
f 6217/1/6216 4109/1/4109 1171/1/1171 3978/1/3978
f 4108/1/4108 6217/1/6216 3978/1/3978 1170/1/1170
f 1213/1/1213 4066/1/4066 6218/1/6217 4109/1/4109
f 4066/1/4066 1214/1/1214 4110/1/4110 6218/1/6217
f 6218/1/6217 4110/1/4110 1172/1/1172 3999/1/3999
f 4109/1/4109 6218/1/6217 3999/1/3999 1171/1/1171
f 1214/1/1214 4067/1/4067 6219/1/6218 4110/1/4110
f 4067/1/4067 1215/1/1215 4111/1/4111 6219/1/6218
f 6219/1/6218 4111/1/4111 1173/1/1173 3979/1/3979
f 4110/1/4110 6219/1/6218 3979/1/3979 1172/1/1172
f 1215/1/1215 4068/1/4068 6220/1/6219 4111/1/4111
f 4068/1/4068 1216/1/1216 4112/1/4112 6220/1/6219
f 6220/1/6219 4112/1/4112 1174/1/1174 3980/1/3980
f 4111/1/4111 6220/1/6219 3980/1/3980 1173/1/1173
f 1216/1/1216 4069/1/4069 6221/1/6220 4112/1/4112
f 4069/1/4069 1217/1/1217 4113/1/4113 6221/1/6220
f 6221/1/6220 4113/1/4113 1175/1/1175 3981/1/3981
f 4112/1/4112 6221/1/6220 3981/1/3981 1174/1/1174
f 1217/1/1217 4070/1/4070 6222/1/6221 4113/1/4113
f 4070/1/4070 1218/1/1218 4114/1/4114 6222/1/6221
f 6222/1/6221 4114/1/4114 1176/1/1176 3982/1/3982
f 4113/1/4113 6222/1/6221 3982/1/3982 1175/1/1175
f 1218/1/1218 4071/1/4071 6223/1/6222 4114/1/4114
f 4071/1/4071 1219/1/1219 4115/1/4115 6223/1/6222
f 6223/1/6222 4115/1/4115 1177/1/1177 3983/1/3983
f 4114/1/4114 6223/1/6222 3983/1/3983 1176/1/1176
f 1219/1/1219 4072/1/4072 6224/1/6223 4115/1/4115
f 4072/1/4072 1220/1/1220 4116/1/4116 6224/1/6223
f 6224/1/6223 4116/1/4116 1178/1/1178 3984/1/3984
f 4115/1/4115 6224/1/6223 3984/1/3984 1177/1/1177
f 1220/1/1220 4073/1/4073 6225/1/6224 4116/1/4116
f 4073/1/4073 1221/1/1221 4117/1/4117 6225/1/6224
f 6225/1/6224 4117/1/4117 1179/1/1179 3985/1/3985
f 4116/1/4116 6225/1/6224 3985/1/3985 1178/1/1178
f 1221/1/1221 4074/1/4074 6226/1/6225 4117/1/4117
f 4074/1/4074 1222/1/1222 4118/1/4118 6226/1/6225
f 6226/1/6225 4118/1/4118 1180/1/1180 3986/1/3986
f 4117/1/4117 6226/1/6225 3986/1/3986 1179/1/1179
f 1222/1/1222 4075/1/4075 6227/1/6226 4118/1/4118
f 4075/1/4075 1223/1/1223 4119/1/4119 6227/1/6226
f 6227/1/6226 4119/1/4119 1181/1/1181 3987/1/3987
f 4118/1/4118 6227/1/6226 3987/1/3987 1180/1/1180
f 1223/1/1223 4076/1/4076 6228/1/6227 4119/1/4119
f 4076/1/4076 1224/1/1224 4120/1/4120 6228/1/6227
f 6228/1/6227 4120/1/4120 1182/1/1182 3988/1/3988
f 4119/1/4119 6228/1/6227 3988/1/3988 1181/1/1181
f 1224/1/1224 4077/1/4077 6229/1/6228 4120/1/4120
f 4077/1/4077 1225/1/1225 4121/1/4121 6229/1/6228
f 6229/1/6228 4121/1/4121 1183/1/1183 3989/1/3989
f 4120/1/4120 6229/1/6228 3989/1/3989 1182/1/1182
f 1225/1/1225 4078/1/4078 6230/1/6229 4121/1/4121
f 4078/1/4078 1226/1/1226 4122/1/4122 6230/1/6229
f 6230/1/6229 4122/1/4122 1184/1/1184 3990/1/3990
f 4121/1/4121 6230/1/6229 3990/1/3990 1183/1/1183
f 1226/1/1226 4079/1/4079 6231/1/6230 4122/1/4122
f 4079/1/4079 1227/1/1227 4123/1/4123 6231/1/6230
f 6231/1/6230 4123/1/4123 1185/1/1185 3991/1/3991
f 4122/1/4122 6231/1/6230 3991/1/3991 1184/1/1184
f 1227/1/1227 4080/1/4080 6232/1/6231 4123/1/4123
f 4080/1/4080 1228/1/1228 4124/1/4124 6232/1/6231
f 6232/1/6231 4124/1/4124 1186/1/1186 3992/1/3992
f 4123/1/4123 6232/1/6231 3992/1/3992 1185/1/1185
f 1228/1/1228 4081/1/4081 6233/1/6232 4124/1/4124
f 4081/1/4081 1229/1/1229 4125/1/4125 6233/1/6232
f 6233/1/6232 4125/1/4125 1187/1/1187 3993/1/3993
f 4124/1/4124 6233/1/6232 3993/1/3993 1186/1/1186
f 1229/1/1229 4082/1/4082 6234/1/6233 4125/1/4125
f 4082/1/4082 1230/1/1230 4126/1/4126 6234/1/6233
f 6234/1/6233 4126/1/4126 1188/1/1188 3994/1/3994
f 4125/1/4125 6234/1/6233 3994/1/3994 1187/1/1187
f 1230/1/1230 4083/1/4083 6235/1/6234 4126/1/4126
f 4083/1/4083 1231/1/1231 4127/1/4127 6235/1/6234
f 6235/1/6234 4127/1/4127 1189/1/1189 3995/1/3995
f 4126/1/4126 6235/1/6234 3995/1/3995 1188/1/1188
f 1231/1/1231 4084/1/4084 6236/1/6235 4127/1/4127
f 4084/1/4084 1232/1/1232 4128/1/4128 6236/1/6235
f 6236/1/6235 4128/1/4128 1190/1/1190 3996/1/3996
f 4127/1/4127 6236/1/6235 3996/1/3996 1189/1/1189
f 1232/1/1232 4085/1/4085 6237/1/6236 4128/1/4128
f 4085/1/4085 1233/1/1233 4129/1/4129 6237/1/6236
f 6237/1/6236 4129/1/4129 1191/1/1191 3997/1/3997
f 4128/1/4128 6237/1/6236 3997/1/3997 1190/1/1190
f 981/1/981 4044/1/4044 6238/1/6237 3621/1/3621
f 4044/1/4044 1192/1/1192 4087/1/4087 6238/1/6237
f 6238/1/6237 4087/1/4087 1156/1/1156 4043/1/4043
f 3621/1/3621 6238/1/6237 4043/1/4043 980/1/980
f 1235/1/1235 4139/1/4139 6239/1/6238 4131/1/4131
f 4139/1/4139 982/1/982 3623/1/3623 6239/1/6238
f 6239/1/6238 3623/1/3623 983/1/983 4140/1/4140
f 4131/1/4131 6239/1/6238 4140/1/4140 1236/1/1236
f 1236/1/1236 4140/1/4140 6240/1/6239 4132/1/4132
f 4140/1/4140 983/1/983 3624/1/3624 6240/1/6239
f 6240/1/6239 3624/1/3624 984/1/984 4141/1/4141
f 4132/1/4132 6240/1/6239 4141/1/4141 1237/1/1237
f 1237/1/1237 4141/1/4141 6241/1/6240 4133/1/4133
f 4141/1/4141 984/1/984 3625/1/3625 6241/1/6240
f 6241/1/6240 3625/1/3625 985/1/985 4142/1/4142
f 4133/1/4133 6241/1/6240 4142/1/4142 1238/1/1238
f 1238/1/1238 4142/1/4142 6242/1/6241 4134/1/4134
f 4142/1/4142 985/1/985 3626/1/3626 6242/1/6241
f 6242/1/6241 3626/1/3626 986/1/986 4143/1/4143
f 4134/1/4134 6242/1/6241 4143/1/4143 1239/1/1239
f 1239/1/1239 4143/1/4143 6243/1/6242 4135/1/4135
f 4143/1/4143 986/1/986 3627/1/3627 6243/1/6242
f 6243/1/6242 3627/1/3627 987/1/987 4144/1/4144
f 4135/1/4135 6243/1/6242 4144/1/4144 1240/1/1240
f 1240/1/1240 4144/1/4144 6244/1/6243 4136/1/4136
f 4144/1/4144 987/1/987 3628/1/3628 6244/1/6243
f 6244/1/6243 3628/1/3628 988/1/988 4145/1/4145
f 4136/1/4136 6244/1/6243 4145/1/4145 1241/1/1241
f 1241/1/1241 4145/1/4145 6245/1/6244 4137/1/4137
f 4145/1/4145 988/1/988 3629/1/3629 6245/1/6244
f 6245/1/6244 3629/1/3629 989/1/989 4146/1/4146
f 4137/1/4137 6245/1/6244 4146/1/4146 1242/1/1242
f 1242/1/1242 4146/1/4146 6246/1/6245 4138/1/4138
f 4146/1/4146 989/1/989 3630/1/3630 6246/1/6245
f 6246/1/6245 3630/1/3630 990/1/990 4147/1/4147
f 4138/1/4138 6246/1/6245 4147/1/4147 1243/1/1243
f 993/1/993 3998/1/3998 6247/1/6246 3633/1/3633
f 3998/1/3998 1191/1/1191 4129/1/4129 6247/1/6246
f 6247/1/6246 4129/1/4129 1233/1/1233 4148/1/4148
f 3633/1/3633 6247/1/6246 4148/1/4148 992/1/992
f 991/1/991 4149/1/4149 6248/1/6247 3631/1/3631
f 4149/1/4149 1244/1/1244 4150/1/4150 6248/1/6247
f 6248/1/6247 4150/1/4150 1243/1/1243 4147/1/4147
f 3631/1/3631 6248/1/6247 4147/1/4147 990/1/990
f 991/1/991 3632/1/3632 6249/1/6248 4149/1/4149
f 3632/1/3632 992/1/992 4148/1/4148 6249/1/6248
f 6249/1/6248 4148/1/4148 1233/1/1233 4151/1/4151
f 4149/1/4149 6249/1/6248 4151/1/4151 1244/1/1244
f 1254/1/1254 4163/1/4163 6250/1/6249 4161/1/4161
f 4163/1/4163 1235/1/1235 4131/1/4131 6250/1/6249
f 6250/1/6249 4131/1/4131 1236/1/1236 4164/1/4164
f 4161/1/4161 6250/1/6249 4164/1/4164 1253/1/1253
f 1253/1/1253 4164/1/4164 6251/1/6250 4160/1/4160
f 4164/1/4164 1236/1/1236 4132/1/4132 6251/1/6250
f 6251/1/6250 4132/1/4132 1237/1/1237 4165/1/4165
f 4160/1/4160 6251/1/6250 4165/1/4165 1252/1/1252
f 1252/1/1252 4165/1/4165 6252/1/6251 4159/1/4159
f 4165/1/4165 1237/1/1237 4133/1/4133 6252/1/6251
f 6252/1/6251 4133/1/4133 1238/1/1238 4166/1/4166
f 4159/1/4159 6252/1/6251 4166/1/4166 1251/1/1251
f 1251/1/1251 4166/1/4166 6253/1/6252 4158/1/4158
f 4166/1/4166 1238/1/1238 4134/1/4134 6253/1/6252
f 6253/1/6252 4134/1/4134 1239/1/1239 4167/1/4167
f 4158/1/4158 6253/1/6252 4167/1/4167 1250/1/1250
f 1250/1/1250 4167/1/4167 6254/1/6253 4157/1/4157
f 4167/1/4167 1239/1/1239 4135/1/4135 6254/1/6253
f 6254/1/6253 4135/1/4135 1240/1/1240 4168/1/4168
f 4157/1/4157 6254/1/6253 4168/1/4168 1249/1/1249
f 1249/1/1249 4168/1/4168 6255/1/6254 4156/1/4156
f 4168/1/4168 1240/1/1240 4136/1/4136 6255/1/6254
f 6255/1/6254 4136/1/4136 1241/1/1241 4169/1/4169
f 4156/1/4156 6255/1/6254 4169/1/4169 1248/1/1248
f 1248/1/1248 4169/1/4169 6256/1/6255 4155/1/4155
f 4169/1/4169 1241/1/1241 4137/1/4137 6256/1/6255
f 6256/1/6255 4137/1/4137 1242/1/1242 4170/1/4170
f 4155/1/4155 6256/1/6255 4170/1/4170 1247/1/1247
f 1247/1/1247 4170/1/4170 6257/1/6256 4154/1/4154
f 4170/1/4170 1242/1/1242 4138/1/4138 6257/1/6256
f 6257/1/6256 4138/1/4138 1243/1/1243 4171/1/4171
f 4154/1/4154 6257/1/6256 4171/1/4171 1246/1/1246
f 1246/1/1246 4171/1/4171 6258/1/6257 4153/1/4153
f 4171/1/4171 1243/1/1243 4150/1/4150 6258/1/6257
f 6258/1/6257 4150/1/4150 1244/1/1244 4172/1/4172
f 4153/1/4153 6258/1/6257 4172/1/4172 1245/1/1245
f 1193/1/1193 4045/1/4045 6259/1/6258 4162/1/4162
f 4045/1/4045 1192/1/1192 4130/1/4130 6259/1/6258
f 6259/1/6258 4130/1/4130 1235/1/1235 4163/1/4163
f 4162/1/4162 6259/1/6258 4163/1/4163 1254/1/1254
f 1257/1/1257 4175/1/4175 6260/1/6259 4176/1/4176
f 4175/1/4175 1256/1/1256 4177/1/4177 6260/1/6259
f 6260/1/6259 4177/1/4177 1253/1/1253 4160/1/4160
f 4176/1/4176 6260/1/6259 4160/1/4160 1252/1/1252
f 1253/1/1253 4177/1/4177 6261/1/6260 4161/1/4161
f 4177/1/4177 1256/1/1256 4174/1/4174 6261/1/6260
f 6261/1/6260 4174/1/4174 1255/1/1255 4178/1/4178
f 4161/1/4161 6261/1/6260 4178/1/4178 1254/1/1254
f 1194/1/1194 4046/1/4046 6262/1/6261 4173/1/4173
f 4046/1/4046 1193/1/1193 4162/1/4162 6262/1/6261
f 6262/1/6261 4162/1/4162 1254/1/1254 4178/1/4178
f 4173/1/4173 6262/1/6261 4178/1/4178 1255/1/1255
f 1257/1/1257 4183/1/4183 6263/1/6262 4175/1/4175
f 4183/1/4183 1260/1/1260 4181/1/4181 6263/1/6262
f 6263/1/6262 4181/1/4181 1259/1/1259 4182/1/4182
f 4175/1/4175 6263/1/6262 4182/1/4182 1256/1/1256
f 1256/1/1256 4182/1/4182 6264/1/6263 4174/1/4174
f 4182/1/4182 1259/1/1259 4180/1/4180 6264/1/6263
f 6264/1/6263 4180/1/4180 1258/1/1258 4184/1/4184
f 4174/1/4174 6264/1/6263 4184/1/4184 1255/1/1255
f 1195/1/1195 4047/1/4047 6265/1/6264 4179/1/4179
f 4047/1/4047 1194/1/1194 4173/1/4173 6265/1/6264
f 6265/1/6264 4173/1/4173 1255/1/1255 4184/1/4184
f 4179/1/4179 6265/1/6264 4184/1/4184 1258/1/1258
f 1263/1/1263 4192/1/4192 6266/1/6265 4187/1/4187
f 4192/1/4192 1266/1/1266 4190/1/4190 6266/1/6265
f 6266/1/6265 4190/1/4190 1265/1/1265 4191/1/4191
f 4187/1/4187 6266/1/6265 4191/1/4191 1262/1/1262
f 1262/1/1262 4191/1/4191 6267/1/6266 4186/1/4186
f 4191/1/4191 1265/1/1265 4189/1/4189 6267/1/6266
f 6267/1/6266 4189/1/4189 1264/1/1264 4193/1/4193
f 4186/1/4186 6267/1/6266 4193/1/4193 1261/1/1261
f 1197/1/1197 4049/1/4049 6268/1/6267 4188/1/4188
f 4049/1/4049 1196/1/1196 4185/1/4185 6268/1/6267
f 6268/1/6267 4185/1/4185 1261/1/1261 4193/1/4193
f 4188/1/4188 6268/1/6267 4193/1/4193 1264/1/1264
f 1196/1/1196 4048/1/4048 6269/1/6268 4185/1/4185
f 4048/1/4048 1195/1/1195 4179/1/4179 6269/1/6268
f 6269/1/6268 4179/1/4179 1258/1/1258 4194/1/4194
f 4185/1/4185 6269/1/6268 4194/1/4194 1261/1/1261
f 1259/1/1259 4195/1/4195 6270/1/6269 4180/1/4180
f 4195/1/4195 1262/1/1262 4186/1/4186 6270/1/6269
f 6270/1/6269 4186/1/4186 1261/1/1261 4194/1/4194
f 4180/1/4180 6270/1/6269 4194/1/4194 1258/1/1258
f 1260/1/1260 4196/1/4196 6271/1/6270 4181/1/4181
f 4196/1/4196 1263/1/1263 4187/1/4187 6271/1/6270
f 6271/1/6270 4187/1/4187 1262/1/1262 4195/1/4195
f 4181/1/4181 6271/1/6270 4195/1/4195 1259/1/1259
f 1266/1/1266 4201/1/4201 6272/1/6271 4190/1/4190
f 4201/1/4201 1269/1/1269 4199/1/4199 6272/1/6271
f 6272/1/6271 4199/1/4199 1268/1/1268 4200/1/4200
f 4190/1/4190 6272/1/6271 4200/1/4200 1265/1/1265
f 1265/1/1265 4200/1/4200 6273/1/6272 4189/1/4189
f 4200/1/4200 1268/1/1268 4198/1/4198 6273/1/6272
f 6273/1/6272 4198/1/4198 1267/1/1267 4202/1/4202
f 4189/1/4189 6273/1/6272 4202/1/4202 1264/1/1264
f 1198/1/1198 4050/1/4050 6274/1/6273 4197/1/4197
f 4050/1/4050 1197/1/1197 4188/1/4188 6274/1/6273
f 6274/1/6273 4188/1/4188 1264/1/1264 4202/1/4202
f 4197/1/4197 6274/1/6273 4202/1/4202 1267/1/1267
f 1199/1/1199 4051/1/4051 6275/1/6274 4203/1/4203
f 4051/1/4051 1198/1/1198 4197/1/4197 6275/1/6274
f 6275/1/6274 4197/1/4197 1267/1/1267 4227/1/4227
f 4203/1/4203 6275/1/6274 4227/1/4227 1270/1/1270
f 1200/1/1200 4052/1/4052 6276/1/6275 4206/1/4206
f 4052/1/4052 1199/1/1199 4203/1/4203 6276/1/6275
f 6276/1/6275 4203/1/4203 1270/1/1270 4228/1/4228
f 4206/1/4206 6276/1/6275 4228/1/4228 1273/1/1273
f 1201/1/1201 4053/1/4053 6277/1/6276 4209/1/4209
f 4053/1/4053 1200/1/1200 4206/1/4206 6277/1/6276
f 6277/1/6276 4206/1/4206 1273/1/1273 4229/1/4229
f 4209/1/4209 6277/1/6276 4229/1/4229 1276/1/1276
f 1202/1/1202 4054/1/4054 6278/1/6277 4212/1/4212
f 4054/1/4054 1201/1/1201 4209/1/4209 6278/1/6277
f 6278/1/6277 4209/1/4209 1276/1/1276 4230/1/4230
f 4212/1/4212 6278/1/6277 4230/1/4230 1279/1/1279
f 1203/1/1203 4055/1/4055 6279/1/6278 4215/1/4215
f 4055/1/4055 1202/1/1202 4212/1/4212 6279/1/6278
f 6279/1/6278 4212/1/4212 1279/1/1279 4231/1/4231
f 4215/1/4215 6279/1/6278 4231/1/4231 1282/1/1282
f 1204/1/1204 4056/1/4056 6280/1/6279 4218/1/4218
f 4056/1/4056 1203/1/1203 4215/1/4215 6280/1/6279
f 6280/1/6279 4215/1/4215 1282/1/1282 4232/1/4232
f 4218/1/4218 6280/1/6279 4232/1/4232 1285/1/1285
f 1205/1/1205 4057/1/4057 6281/1/6280 4221/1/4221
f 4057/1/4057 1204/1/1204 4218/1/4218 6281/1/6280
f 6281/1/6280 4218/1/4218 1285/1/1285 4233/1/4233
f 4221/1/4221 6281/1/6280 4233/1/4233 1288/1/1288
f 1206/1/1206 4058/1/4058 6282/1/6281 4224/1/4224
f 4058/1/4058 1205/1/1205 4221/1/4221 6282/1/6281
f 6282/1/6281 4221/1/4221 1288/1/1288 4234/1/4234
f 4224/1/4224 6282/1/6281 4234/1/4234 1291/1/1291
f 1289/1/1289 4235/1/4235 6283/1/6282 4222/1/4222
f 4235/1/4235 1292/1/1292 4225/1/4225 6283/1/6282
f 6283/1/6282 4225/1/4225 1291/1/1291 4234/1/4234
f 4222/1/4222 6283/1/6282 4234/1/4234 1288/1/1288
f 1286/1/1286 4236/1/4236 6284/1/6283 4219/1/4219
f 4236/1/4236 1289/1/1289 4222/1/4222 6284/1/6283
f 6284/1/6283 4222/1/4222 1288/1/1288 4233/1/4233
f 4219/1/4219 6284/1/6283 4233/1/4233 1285/1/1285
f 1283/1/1283 4237/1/4237 6285/1/6284 4216/1/4216
f 4237/1/4237 1286/1/1286 4219/1/4219 6285/1/6284
f 6285/1/6284 4219/1/4219 1285/1/1285 4232/1/4232
f 4216/1/4216 6285/1/6284 4232/1/4232 1282/1/1282
f 1280/1/1280 4238/1/4238 6286/1/6285 4213/1/4213
f 4238/1/4238 1283/1/1283 4216/1/4216 6286/1/6285
f 6286/1/6285 4216/1/4216 1282/1/1282 4231/1/4231
f 4213/1/4213 6286/1/6285 4231/1/4231 1279/1/1279
f 1277/1/1277 4239/1/4239 6287/1/6286 4210/1/4210
f 4239/1/4239 1280/1/1280 4213/1/4213 6287/1/6286
f 6287/1/6286 4213/1/4213 1279/1/1279 4230/1/4230
f 4210/1/4210 6287/1/6286 4230/1/4230 1276/1/1276
f 1274/1/1274 4240/1/4240 6288/1/6287 4207/1/4207
f 4240/1/4240 1277/1/1277 4210/1/4210 6288/1/6287
f 6288/1/6287 4210/1/4210 1276/1/1276 4229/1/4229
f 4207/1/4207 6288/1/6287 4229/1/4229 1273/1/1273
f 1271/1/1271 4241/1/4241 6289/1/6288 4204/1/4204
f 4241/1/4241 1274/1/1274 4207/1/4207 6289/1/6288
f 6289/1/6288 4207/1/4207 1273/1/1273 4228/1/4228
f 4204/1/4204 6289/1/6288 4228/1/4228 1270/1/1270
f 1268/1/1268 4242/1/4242 6290/1/6289 4198/1/4198
f 4242/1/4242 1271/1/1271 4204/1/4204 6290/1/6289
f 6290/1/6289 4204/1/4204 1270/1/1270 4227/1/4227
f 4198/1/4198 6290/1/6289 4227/1/4227 1267/1/1267
f 1269/1/1269 4243/1/4243 6291/1/6290 4199/1/4199
f 4243/1/4243 1272/1/1272 4205/1/4205 6291/1/6290
f 6291/1/6290 4205/1/4205 1271/1/1271 4242/1/4242
f 4199/1/4199 6291/1/6290 4242/1/4242 1268/1/1268
f 1272/1/1272 4244/1/4244 6292/1/6291 4205/1/4205
f 4244/1/4244 1275/1/1275 4208/1/4208 6292/1/6291
f 6292/1/6291 4208/1/4208 1274/1/1274 4241/1/4241
f 4205/1/4205 6292/1/6291 4241/1/4241 1271/1/1271
f 1275/1/1275 4245/1/4245 6293/1/6292 4208/1/4208
f 4245/1/4245 1278/1/1278 4211/1/4211 6293/1/6292
f 6293/1/6292 4211/1/4211 1277/1/1277 4240/1/4240
f 4208/1/4208 6293/1/6292 4240/1/4240 1274/1/1274
f 1278/1/1278 4246/1/4246 6294/1/6293 4211/1/4211
f 4246/1/4246 1281/1/1281 4214/1/4214 6294/1/6293
f 6294/1/6293 4214/1/4214 1280/1/1280 4239/1/4239
f 4211/1/4211 6294/1/6293 4239/1/4239 1277/1/1277
f 1281/1/1281 4247/1/4247 6295/1/6294 4214/1/4214
f 4247/1/4247 1284/1/1284 4217/1/4217 6295/1/6294
f 6295/1/6294 4217/1/4217 1283/1/1283 4238/1/4238
f 4214/1/4214 6295/1/6294 4238/1/4238 1280/1/1280
f 1284/1/1284 4248/1/4248 6296/1/6295 4217/1/4217
f 4248/1/4248 1287/1/1287 4220/1/4220 6296/1/6295
f 6296/1/6295 4220/1/4220 1286/1/1286 4237/1/4237
f 4217/1/4217 6296/1/6295 4237/1/4237 1283/1/1283
f 1287/1/1287 4249/1/4249 6297/1/6296 4220/1/4220
f 4249/1/4249 1290/1/1290 4223/1/4223 6297/1/6296
f 6297/1/6296 4223/1/4223 1289/1/1289 4236/1/4236
f 4220/1/4220 6297/1/6296 4236/1/4236 1286/1/1286
f 1290/1/1290 4250/1/4250 6298/1/6297 4223/1/4223
f 4250/1/4250 1293/1/1293 4226/1/4226 6298/1/6297
f 6298/1/6297 4226/1/4226 1292/1/1292 4235/1/4235
f 4223/1/4223 6298/1/6297 4235/1/4235 1289/1/1289
f 1293/1/1293 4255/1/4255 6299/1/6298 4226/1/4226
f 4255/1/4255 1296/1/1296 4253/1/4253 6299/1/6298
f 6299/1/6298 4253/1/4253 1295/1/1295 4254/1/4254
f 4226/1/4226 6299/1/6298 4254/1/4254 1292/1/1292
f 1292/1/1292 4254/1/4254 6300/1/6299 4225/1/4225
f 4254/1/4254 1295/1/1295 4252/1/4252 6300/1/6299
f 6300/1/6299 4252/1/4252 1294/1/1294 4256/1/4256
f 4225/1/4225 6300/1/6299 4256/1/4256 1291/1/1291
f 1207/1/1207 4059/1/4059 6301/1/6300 4251/1/4251
f 4059/1/4059 1206/1/1206 4224/1/4224 6301/1/6300
f 6301/1/6300 4224/1/4224 1291/1/1291 4256/1/4256
f 4251/1/4251 6301/1/6300 4256/1/4256 1294/1/1294
f 1296/1/1296 4261/1/4261 6302/1/6301 4253/1/4253
f 4261/1/4261 1299/1/1299 4259/1/4259 6302/1/6301
f 6302/1/6301 4259/1/4259 1298/1/1298 4260/1/4260
f 4253/1/4253 6302/1/6301 4260/1/4260 1295/1/1295
f 1295/1/1295 4260/1/4260 6303/1/6302 4252/1/4252
f 4260/1/4260 1298/1/1298 4258/1/4258 6303/1/6302
f 6303/1/6302 4258/1/4258 1297/1/1297 4262/1/4262
f 4252/1/4252 6303/1/6302 4262/1/4262 1294/1/1294
f 1208/1/1208 4060/1/4060 6304/1/6303 4257/1/4257
f 4060/1/4060 1207/1/1207 4251/1/4251 6304/1/6303
f 6304/1/6303 4251/1/4251 1294/1/1294 4262/1/4262
f 4257/1/4257 6304/1/6303 4262/1/4262 1297/1/1297
f 1299/1/1299 4267/1/4267 6305/1/6304 4259/1/4259
f 4267/1/4267 1302/1/1302 4265/1/4265 6305/1/6304
f 6305/1/6304 4265/1/4265 1301/1/1301 4266/1/4266
f 4259/1/4259 6305/1/6304 4266/1/4266 1298/1/1298
f 1298/1/1298 4266/1/4266 6306/1/6305 4258/1/4258
f 4266/1/4266 1301/1/1301 4264/1/4264 6306/1/6305
f 6306/1/6305 4264/1/4264 1300/1/1300 4268/1/4268
f 4258/1/4258 6306/1/6305 4268/1/4268 1297/1/1297
f 1209/1/1209 4061/1/4061 6307/1/6306 4263/1/4263
f 4061/1/4061 1208/1/1208 4257/1/4257 6307/1/6306
f 6307/1/6306 4257/1/4257 1297/1/1297 4268/1/4268
f 4263/1/4263 6307/1/6306 4268/1/4268 1300/1/1300
f 1302/1/1302 4273/1/4273 6308/1/6307 4265/1/4265
f 4273/1/4273 1305/1/1305 4271/1/4271 6308/1/6307
f 6308/1/6307 4271/1/4271 1304/1/1304 4272/1/4272
f 4265/1/4265 6308/1/6307 4272/1/4272 1301/1/1301
f 1301/1/1301 4272/1/4272 6309/1/6308 4264/1/4264
f 4272/1/4272 1304/1/1304 4270/1/4270 6309/1/6308
f 6309/1/6308 4270/1/4270 1303/1/1303 4274/1/4274
f 4264/1/4264 6309/1/6308 4274/1/4274 1300/1/1300
f 1210/1/1210 4062/1/4062 6310/1/6309 4269/1/4269
f 4062/1/4062 1209/1/1209 4263/1/4263 6310/1/6309
f 6310/1/6309 4263/1/4263 1300/1/1300 4274/1/4274
f 4269/1/4269 6310/1/6309 4274/1/4274 1303/1/1303
f 1305/1/1305 4279/1/4279 6311/1/6310 4271/1/4271
f 4279/1/4279 1308/1/1308 4277/1/4277 6311/1/6310
f 6311/1/6310 4277/1/4277 1307/1/1307 4278/1/4278
f 4271/1/4271 6311/1/6310 4278/1/4278 1304/1/1304
f 1304/1/1304 4278/1/4278 6312/1/6311 4270/1/4270
f 4278/1/4278 1307/1/1307 4276/1/4276 6312/1/6311
f 6312/1/6311 4276/1/4276 1306/1/1306 4280/1/4280
f 4270/1/4270 6312/1/6311 4280/1/4280 1303/1/1303
f 1211/1/1211 4063/1/4063 6313/1/6312 4275/1/4275
f 4063/1/4063 1210/1/1210 4269/1/4269 6313/1/6312
f 6313/1/6312 4269/1/4269 1303/1/1303 4280/1/4280
f 4275/1/4275 6313/1/6312 4280/1/4280 1306/1/1306
f 1309/1/1309 4282/1/4282 6314/1/6313 4302/1/4302
f 4282/1/4282 1310/1/1310 4303/1/4303 6314/1/6313
f 6314/1/6313 4303/1/4303 1212/1/1212 4064/1/4064
f 4302/1/4302 6314/1/6313 4064/1/4064 1234/1/1234
f 1310/1/1310 4283/1/4283 6315/1/6314 4303/1/4303
f 4283/1/4283 1311/1/1311 4304/1/4304 6315/1/6314
f 6315/1/6314 4304/1/4304 1213/1/1213 4065/1/4065
f 4303/1/4303 6315/1/6314 4065/1/4065 1212/1/1212
f 1311/1/1311 4284/1/4284 6316/1/6315 4304/1/4304
f 4284/1/4284 1312/1/1312 4305/1/4305 6316/1/6315
f 6316/1/6315 4305/1/4305 1214/1/1214 4066/1/4066
f 4304/1/4304 6316/1/6315 4066/1/4066 1213/1/1213
f 1312/1/1312 4285/1/4285 6317/1/6316 4305/1/4305
f 4285/1/4285 1313/1/1313 4306/1/4306 6317/1/6316
f 6317/1/6316 4306/1/4306 1215/1/1215 4067/1/4067
f 4305/1/4305 6317/1/6316 4067/1/4067 1214/1/1214
f 1313/1/1313 4286/1/4286 6318/1/6317 4306/1/4306
f 4286/1/4286 1314/1/1314 4307/1/4307 6318/1/6317
f 6318/1/6317 4307/1/4307 1216/1/1216 4068/1/4068
f 4306/1/4306 6318/1/6317 4068/1/4068 1215/1/1215
f 1314/1/1314 4287/1/4287 6319/1/6318 4307/1/4307
f 4287/1/4287 1315/1/1315 4308/1/4308 6319/1/6318
f 6319/1/6318 4308/1/4308 1217/1/1217 4069/1/4069
f 4307/1/4307 6319/1/6318 4069/1/4069 1216/1/1216
f 1315/1/1315 4288/1/4288 6320/1/6319 4308/1/4308
f 4288/1/4288 1316/1/1316 4309/1/4309 6320/1/6319
f 6320/1/6319 4309/1/4309 1218/1/1218 4070/1/4070
f 4308/1/4308 6320/1/6319 4070/1/4070 1217/1/1217
f 1316/1/1316 4289/1/4289 6321/1/6320 4309/1/4309
f 4289/1/4289 1317/1/1317 4310/1/4310 6321/1/6320
f 6321/1/6320 4310/1/4310 1219/1/1219 4071/1/4071
f 4309/1/4309 6321/1/6320 4071/1/4071 1218/1/1218
f 1317/1/1317 4290/1/4290 6322/1/6321 4310/1/4310
f 4290/1/4290 1318/1/1318 4311/1/4311 6322/1/6321
f 6322/1/6321 4311/1/4311 1220/1/1220 4072/1/4072
f 4310/1/4310 6322/1/6321 4072/1/4072 1219/1/1219
f 1318/1/1318 4291/1/4291 6323/1/6322 4311/1/4311
f 4291/1/4291 1319/1/1319 4312/1/4312 6323/1/6322
f 6323/1/6322 4312/1/4312 1221/1/1221 4073/1/4073
f 4311/1/4311 6323/1/6322 4073/1/4073 1220/1/1220
f 1319/1/1319 4292/1/4292 6324/1/6323 4312/1/4312
f 4292/1/4292 1320/1/1320 4313/1/4313 6324/1/6323
f 6324/1/6323 4313/1/4313 1222/1/1222 4074/1/4074
f 4312/1/4312 6324/1/6323 4074/1/4074 1221/1/1221
f 1320/1/1320 4293/1/4293 6325/1/6324 4313/1/4313
f 4293/1/4293 1321/1/1321 4314/1/4314 6325/1/6324
f 6325/1/6324 4314/1/4314 1223/1/1223 4075/1/4075
f 4313/1/4313 6325/1/6324 4075/1/4075 1222/1/1222
f 1321/1/1321 4294/1/4294 6326/1/6325 4314/1/4314
f 4294/1/4294 1322/1/1322 4315/1/4315 6326/1/6325
f 6326/1/6325 4315/1/4315 1224/1/1224 4076/1/4076
f 4314/1/4314 6326/1/6325 4076/1/4076 1223/1/1223
f 1322/1/1322 4295/1/4295 6327/1/6326 4315/1/4315
f 4295/1/4295 1323/1/1323 4316/1/4316 6327/1/6326
f 6327/1/6326 4316/1/4316 1225/1/1225 4077/1/4077
f 4315/1/4315 6327/1/6326 4077/1/4077 1224/1/1224
f 1323/1/1323 4296/1/4296 6328/1/6327 4316/1/4316
f 4296/1/4296 1324/1/1324 4317/1/4317 6328/1/6327
f 6328/1/6327 4317/1/4317 1226/1/1226 4078/1/4078
f 4316/1/4316 6328/1/6327 4078/1/4078 1225/1/1225
f 1324/1/1324 4297/1/4297 6329/1/6328 4317/1/4317
f 4297/1/4297 1325/1/1325 4318/1/4318 6329/1/6328
f 6329/1/6328 4318/1/4318 1227/1/1227 4079/1/4079
f 4317/1/4317 6329/1/6328 4079/1/4079 1226/1/1226
f 1325/1/1325 4298/1/4298 6330/1/6329 4318/1/4318
f 4298/1/4298 1326/1/1326 4319/1/4319 6330/1/6329
f 6330/1/6329 4319/1/4319 1228/1/1228 4080/1/4080
f 4318/1/4318 6330/1/6329 4080/1/4080 1227/1/1227
f 1326/1/1326 4299/1/4299 6331/1/6330 4319/1/4319
f 4299/1/4299 1327/1/1327 4320/1/4320 6331/1/6330
f 6331/1/6330 4320/1/4320 1229/1/1229 4081/1/4081
f 4319/1/4319 6331/1/6330 4081/1/4081 1228/1/1228
f 1327/1/1327 4300/1/4300 6332/1/6331 4320/1/4320
f 4300/1/4300 1328/1/1328 4321/1/4321 6332/1/6331
f 6332/1/6331 4321/1/4321 1230/1/1230 4082/1/4082
f 4320/1/4320 6332/1/6331 4082/1/4082 1229/1/1229
f 1328/1/1328 4301/1/4301 6333/1/6332 4321/1/4321
f 4301/1/4301 1329/1/1329 4322/1/4322 6333/1/6332
f 6333/1/6332 4322/1/4322 1231/1/1231 4083/1/4083
f 4321/1/4321 6333/1/6332 4083/1/4083 1230/1/1230
f 1231/1/1231 4322/1/4322 6334/1/6333 4084/1/4084
f 4322/1/4322 1329/1/1329 4323/1/4323 6334/1/6333
f 6334/1/6333 4323/1/4323 1245/1/1245 4152/1/4152
f 4084/1/4084 6334/1/6333 4152/1/4152 1232/1/1232
f 1349/1/1349 4343/1/4343 6335/1/6334 4344/1/4344
f 4343/1/4343 1348/1/1348 4345/1/4345 6335/1/6334
f 6335/1/6334 4345/1/4345 1311/1/1311 4283/1/4283
f 4344/1/4344 6335/1/6334 4283/1/4283 1310/1/1310
f 1348/1/1348 4342/1/4342 6336/1/6335 4345/1/4345
f 4342/1/4342 1347/1/1347 4346/1/4346 6336/1/6335
f 6336/1/6335 4346/1/4346 1312/1/1312 4284/1/4284
f 4345/1/4345 6336/1/6335 4284/1/4284 1311/1/1311
f 1347/1/1347 4341/1/4341 6337/1/6336 4346/1/4346
f 4341/1/4341 1346/1/1346 4347/1/4347 6337/1/6336
f 6337/1/6336 4347/1/4347 1313/1/1313 4285/1/4285
f 4346/1/4346 6337/1/6336 4285/1/4285 1312/1/1312
f 1346/1/1346 4340/1/4340 6338/1/6337 4347/1/4347
f 4340/1/4340 1345/1/1345 4348/1/4348 6338/1/6337
f 6338/1/6337 4348/1/4348 1314/1/1314 4286/1/4286
f 4347/1/4347 6338/1/6337 4286/1/4286 1313/1/1313
f 1345/1/1345 4339/1/4339 6339/1/6338 4348/1/4348
f 4339/1/4339 1344/1/1344 4349/1/4349 6339/1/6338
f 6339/1/6338 4349/1/4349 1315/1/1315 4287/1/4287
f 4348/1/4348 6339/1/6338 4287/1/4287 1314/1/1314
f 1344/1/1344 4338/1/4338 6340/1/6339 4349/1/4349
f 4338/1/4338 1343/1/1343 4350/1/4350 6340/1/6339
f 6340/1/6339 4350/1/4350 1316/1/1316 4288/1/4288
f 4349/1/4349 6340/1/6339 4288/1/4288 1315/1/1315
f 1343/1/1343 4337/1/4337 6341/1/6340 4350/1/4350
f 4337/1/4337 1342/1/1342 4351/1/4351 6341/1/6340
f 6341/1/6340 4351/1/4351 1317/1/1317 4289/1/4289
f 4350/1/4350 6341/1/6340 4289/1/4289 1316/1/1316
f 1342/1/1342 4336/1/4336 6342/1/6341 4351/1/4351
f 4336/1/4336 1341/1/1341 4352/1/4352 6342/1/6341
f 6342/1/6341 4352/1/4352 1318/1/1318 4290/1/4290
f 4351/1/4351 6342/1/6341 4290/1/4290 1317/1/1317
f 1341/1/1341 4335/1/4335 6343/1/6342 4352/1/4352
f 4335/1/4335 1340/1/1340 4353/1/4353 6343/1/6342
f 6343/1/6342 4353/1/4353 1319/1/1319 4291/1/4291
f 4352/1/4352 6343/1/6342 4291/1/4291 1318/1/1318
f 1340/1/1340 4334/1/4334 6344/1/6343 4353/1/4353
f 4334/1/4334 1339/1/1339 4354/1/4354 6344/1/6343
f 6344/1/6343 4354/1/4354 1320/1/1320 4292/1/4292
f 4353/1/4353 6344/1/6343 4292/1/4292 1319/1/1319
f 1339/1/1339 4333/1/4333 6345/1/6344 4354/1/4354
f 4333/1/4333 1330/1/1330 4355/1/4355 6345/1/6344
f 6345/1/6344 4355/1/4355 1321/1/1321 4293/1/4293
f 4354/1/4354 6345/1/6344 4293/1/4293 1320/1/1320
f 1330/1/1330 4324/1/4324 6346/1/6345 4355/1/4355
f 4324/1/4324 1331/1/1331 4356/1/4356 6346/1/6345
f 6346/1/6345 4356/1/4356 1322/1/1322 4294/1/4294
f 4355/1/4355 6346/1/6345 4294/1/4294 1321/1/1321
f 1331/1/1331 4325/1/4325 6347/1/6346 4356/1/4356
f 4325/1/4325 1332/1/1332 4357/1/4357 6347/1/6346
f 6347/1/6346 4357/1/4357 1323/1/1323 4295/1/4295
f 4356/1/4356 6347/1/6346 4295/1/4295 1322/1/1322
f 1332/1/1332 4326/1/4326 6348/1/6347 4357/1/4357
f 4326/1/4326 1333/1/1333 4358/1/4358 6348/1/6347
f 6348/1/6347 4358/1/4358 1324/1/1324 4296/1/4296
f 4357/1/4357 6348/1/6347 4296/1/4296 1323/1/1323
f 1333/1/1333 4327/1/4327 6349/1/6348 4358/1/4358
f 4327/1/4327 1334/1/1334 4359/1/4359 6349/1/6348
f 6349/1/6348 4359/1/4359 1325/1/1325 4297/1/4297
f 4358/1/4358 6349/1/6348 4297/1/4297 1324/1/1324
f 1334/1/1334 4328/1/4328 6350/1/6349 4359/1/4359
f 4328/1/4328 1335/1/1335 4360/1/4360 6350/1/6349
f 6350/1/6349 4360/1/4360 1326/1/1326 4298/1/4298
f 4359/1/4359 6350/1/6349 4298/1/4298 1325/1/1325
f 1335/1/1335 4329/1/4329 6351/1/6350 4360/1/4360
f 4329/1/4329 1336/1/1336 4361/1/4361 6351/1/6350
f 6351/1/6350 4361/1/4361 1327/1/1327 4299/1/4299
f 4360/1/4360 6351/1/6350 4299/1/4299 1326/1/1326
f 1336/1/1336 4330/1/4330 6352/1/6351 4361/1/4361
f 4330/1/4330 1337/1/1337 4362/1/4362 6352/1/6351
f 6352/1/6351 4362/1/4362 1328/1/1328 4300/1/4300
f 4361/1/4361 6352/1/6351 4300/1/4300 1327/1/1327
f 1337/1/1337 4331/1/4331 6353/1/6352 4362/1/4362
f 4331/1/4331 1338/1/1338 4363/1/4363 6353/1/6352
f 6353/1/6352 4363/1/4363 1329/1/1329 4301/1/4301
f 4362/1/4362 6353/1/6352 4301/1/4301 1328/1/1328
f 1245/1/1245 4323/1/4323 6354/1/6353 4153/1/4153
f 4323/1/4323 1329/1/1329 4363/1/4363 6354/1/6353
f 6354/1/6353 4363/1/4363 1338/1/1338 4332/1/4332
f 4153/1/4153 6354/1/6353 4332/1/4332 1246/1/1246
f 1234/1/1234 4086/1/4086 6355/1/6354 4302/1/4302
f 4086/1/4086 1211/1/1211 4275/1/4275 6355/1/6354
f 6355/1/6354 4275/1/4275 1306/1/1306 4281/1/4281
f 4302/1/4302 6355/1/6354 4281/1/4281 1309/1/1309
f 1307/1/1307 4365/1/4365 6356/1/6355 4276/1/4276
f 4365/1/4365 1350/1/1350 4364/1/4364 6356/1/6355
f 6356/1/6355 4364/1/4364 1309/1/1309 4281/1/4281
f 4276/1/4276 6356/1/6355 4281/1/4281 1306/1/1306
f 1309/1/1309 4364/1/4364 6357/1/6356 4282/1/4282
f 4364/1/4364 1350/1/1350 4366/1/4366 6357/1/6356
f 6357/1/6356 4366/1/4366 1349/1/1349 4344/1/4344
f 4282/1/4282 6357/1/6356 4344/1/4344 1310/1/1310
f 1370/1/1370 4386/1/4386 6358/1/6357 4388/1/4388
f 4386/1/4386 1369/1/1369 4389/1/4389 6358/1/6357
f 6358/1/6357 4389/1/4389 1349/1/1349 4366/1/4366
f 4388/1/4388 6358/1/6357 4366/1/4366 1350/1/1350
f 1369/1/1369 4385/1/4385 6359/1/6358 4389/1/4389
f 4385/1/4385 1368/1/1368 4390/1/4390 6359/1/6358
f 6359/1/6358 4390/1/4390 1348/1/1348 4343/1/4343
f 4389/1/4389 6359/1/6358 4343/1/4343 1349/1/1349
f 1368/1/1368 4384/1/4384 6360/1/6359 4390/1/4390
f 4384/1/4384 1367/1/1367 4391/1/4391 6360/1/6359
f 6360/1/6359 4391/1/4391 1347/1/1347 4342/1/4342
f 4390/1/4390 6360/1/6359 4342/1/4342 1348/1/1348
f 1367/1/1367 4383/1/4383 6361/1/6360 4391/1/4391
f 4383/1/4383 1366/1/1366 4392/1/4392 6361/1/6360
f 6361/1/6360 4392/1/4392 1346/1/1346 4341/1/4341
f 4391/1/4391 6361/1/6360 4341/1/4341 1347/1/1347
f 1366/1/1366 4382/1/4382 6362/1/6361 4392/1/4392
f 4382/1/4382 1365/1/1365 4393/1/4393 6362/1/6361
f 6362/1/6361 4393/1/4393 1345/1/1345 4340/1/4340
f 4392/1/4392 6362/1/6361 4340/1/4340 1346/1/1346
f 1365/1/1365 4381/1/4381 6363/1/6362 4393/1/4393
f 4381/1/4381 1364/1/1364 4394/1/4394 6363/1/6362
f 6363/1/6362 4394/1/4394 1344/1/1344 4339/1/4339
f 4393/1/4393 6363/1/6362 4339/1/4339 1345/1/1345
f 1364/1/1364 4380/1/4380 6364/1/6363 4394/1/4394
f 4380/1/4380 1363/1/1363 4395/1/4395 6364/1/6363
f 6364/1/6363 4395/1/4395 1343/1/1343 4338/1/4338
f 4394/1/4394 6364/1/6363 4338/1/4338 1344/1/1344
f 1363/1/1363 4379/1/4379 6365/1/6364 4395/1/4395
f 4379/1/4379 1362/1/1362 4396/1/4396 6365/1/6364
f 6365/1/6364 4396/1/4396 1342/1/1342 4337/1/4337
f 4395/1/4395 6365/1/6364 4337/1/4337 1343/1/1343
f 1362/1/1362 4378/1/4378 6366/1/6365 4396/1/4396
f 4378/1/4378 1361/1/1361 4397/1/4397 6366/1/6365
f 6366/1/6365 4397/1/4397 1341/1/1341 4336/1/4336
f 4396/1/4396 6366/1/6365 4336/1/4336 1342/1/1342
f 1361/1/1361 4377/1/4377 6367/1/6366 4397/1/4397
f 4377/1/4377 1360/1/1360 4398/1/4398 6367/1/6366
f 6367/1/6366 4398/1/4398 1340/1/1340 4335/1/4335
f 4397/1/4397 6367/1/6366 4335/1/4335 1341/1/1341
f 1360/1/1360 4376/1/4376 6368/1/6367 4398/1/4398
f 4376/1/4376 1359/1/1359 4399/1/4399 6368/1/6367
f 6368/1/6367 4399/1/4399 1339/1/1339 4334/1/4334
f 4398/1/4398 6368/1/6367 4334/1/4334 1340/1/1340
f 1359/1/1359 4375/1/4375 6369/1/6368 4399/1/4399
f 4375/1/4375 1358/1/1358 4400/1/4400 6369/1/6368
f 6369/1/6368 4400/1/4400 1330/1/1330 4333/1/4333
f 4399/1/4399 6369/1/6368 4333/1/4333 1339/1/1339
f 1358/1/1358 4374/1/4374 6370/1/6369 4400/1/4400
f 4374/1/4374 1357/1/1357 4401/1/4401 6370/1/6369
f 6370/1/6369 4401/1/4401 1331/1/1331 4324/1/4324
f 4400/1/4400 6370/1/6369 4324/1/4324 1330/1/1330
f 1357/1/1357 4373/1/4373 6371/1/6370 4401/1/4401
f 4373/1/4373 1356/1/1356 4402/1/4402 6371/1/6370
f 6371/1/6370 4402/1/4402 1332/1/1332 4325/1/4325
f 4401/1/4401 6371/1/6370 4325/1/4325 1331/1/1331
f 1356/1/1356 4372/1/4372 6372/1/6371 4402/1/4402
f 4372/1/4372 1355/1/1355 4403/1/4403 6372/1/6371
f 6372/1/6371 4403/1/4403 1333/1/1333 4326/1/4326
f 4402/1/4402 6372/1/6371 4326/1/4326 1332/1/1332
f 1355/1/1355 4371/1/4371 6373/1/6372 4403/1/4403
f 4371/1/4371 1354/1/1354 4404/1/4404 6373/1/6372
f 6373/1/6372 4404/1/4404 1334/1/1334 4327/1/4327
f 4403/1/4403 6373/1/6372 4327/1/4327 1333/1/1333
f 1354/1/1354 4370/1/4370 6374/1/6373 4404/1/4404
f 4370/1/4370 1353/1/1353 4405/1/4405 6374/1/6373
f 6374/1/6373 4405/1/4405 1335/1/1335 4328/1/4328
f 4404/1/4404 6374/1/6373 4328/1/4328 1334/1/1334
f 1353/1/1353 4369/1/4369 6375/1/6374 4405/1/4405
f 4369/1/4369 1352/1/1352 4406/1/4406 6375/1/6374
f 6375/1/6374 4406/1/4406 1336/1/1336 4329/1/4329
f 4405/1/4405 6375/1/6374 4329/1/4329 1335/1/1335
f 1352/1/1352 4368/1/4368 6376/1/6375 4406/1/4406
f 4368/1/4368 1351/1/1351 4407/1/4407 6376/1/6375
f 6376/1/6375 4407/1/4407 1337/1/1337 4330/1/4330
f 4406/1/4406 6376/1/6375 4330/1/4330 1336/1/1336
f 1308/1/1308 4387/1/4387 6377/1/6376 4277/1/4277
f 4387/1/4387 1370/1/1370 4388/1/4388 6377/1/6376
f 6377/1/6376 4388/1/4388 1350/1/1350 4365/1/4365
f 4277/1/4277 6377/1/6376 4365/1/4365 1307/1/1307
f 1337/1/1337 4407/1/4407 6378/1/6377 4331/1/4331
f 4407/1/4407 1351/1/1351 4367/1/4367 6378/1/6377
f 6378/1/6377 4367/1/4367 1371/1/1371 4409/1/4409
f 4331/1/4331 6378/1/6377 4409/1/4409 1338/1/1338
f 1247/1/1247 4154/1/4154 6379/1/6378 4408/1/4408
f 4154/1/4154 1246/1/1246 4332/1/4332 6379/1/6378
f 6379/1/6378 4332/1/4332 1338/1/1338 4409/1/4409
f 4408/1/4408 6379/1/6378 4409/1/4409 1371/1/1371
f 1233/1/1233 4085/1/4085 6380/1/6379 4151/1/4151
f 4085/1/4085 1232/1/1232 4152/1/4152 6380/1/6379
f 6380/1/6379 4152/1/4152 1245/1/1245 4172/1/4172
f 4151/1/4151 6380/1/6379 4172/1/4172 1244/1/1244
f 16/1/16 4042/1/4042 6381/1/6380 1686/1/1686
f 4042/1/4042 1191/1/1191 3998/1/3998 6381/1/6380
f 6381/1/6380 3998/1/3998 993/1/993 3634/1/3634
f 1686/1/1686 6381/1/6380 3634/1/3634 15/1/15
f 982/1/982 4139/1/4139 6382/1/6381 3622/1/3622
f 4139/1/4139 1235/1/1235 4130/1/4130 6382/1/6381
f 6382/1/6381 4130/1/4130 1192/1/1192 4044/1/4044
f 3622/1/3622 6382/1/6381 4044/1/4044 981/1/981
f 1351/1/1351 4368/1/4368 6383/1/6382 4491/1/4490
f 1352/1/1352 4450/1/4450 6383/1/6382 4368/1/4368
f 1372/1/1372 4491/1/4490 6383/1/6382 4450/1/4450
f 1412/1/1412 4448/1/4448 6384/1/6383 4451/1/3628
f 4448/1/4448 1411/1/1411 4452/1/4451 6384/1/6383
f 6384/1/6383 4452/1/4451 1250/1/1250 4157/1/4157
f 4451/1/3628 6384/1/6383 4157/1/4157 1249/1/1249
f 1411/1/1411 4447/1/4447 6385/1/6384 4452/1/4451
f 4447/1/4447 1410/1/1410 4453/1/4452 6385/1/6384
f 6385/1/6384 4453/1/4452 1251/1/1251 4158/1/4158
f 4452/1/4451 6385/1/6384 4158/1/4158 1250/1/1250
f 1410/1/1410 4446/1/4446 6386/1/6385 4453/1/4452
f 4446/1/4446 1409/1/1409 4454/1/4453 6386/1/6385
f 6386/1/6385 4454/1/4453 1252/1/1252 4159/1/4159
f 4453/1/4452 6386/1/6385 4159/1/4159 1251/1/1251
f 1409/1/1409 4445/1/4445 6387/1/6386 4454/1/4453
f 4445/1/4445 1408/1/1408 4455/1/4454 6387/1/6386
f 6387/1/6386 4455/1/4454 1257/1/1257 4176/1/4176
f 4454/1/4453 6387/1/6386 4176/1/4176 1252/1/1252
f 1408/1/1408 4444/1/4444 6388/1/6387 4455/1/4454
f 4444/1/4444 1407/1/1407 4456/1/4455 6388/1/6387
f 6388/1/6387 4456/1/4455 1260/1/1260 4183/1/4183
f 4455/1/4454 6388/1/6387 4183/1/4183 1257/1/1257
f 1407/1/1407 4443/1/4443 6389/1/6388 4456/1/4455
f 4443/1/4443 1406/1/1406 4457/1/4456 6389/1/6388
f 6389/1/6388 4457/1/4456 1263/1/1263 4196/1/4196
f 4456/1/4455 6389/1/6388 4196/1/4196 1260/1/1260
f 1406/1/1406 4442/1/4442 6390/1/6389 4457/1/4456
f 4442/1/4442 1405/1/1405 4458/1/4457 6390/1/6389
f 6390/1/6389 4458/1/4457 1266/1/1266 4192/1/4192
f 4457/1/4456 6390/1/6389 4192/1/4192 1263/1/1263
f 1405/1/1405 4441/1/4441 6391/1/6390 4458/1/4457
f 4441/1/4441 1404/1/1404 4459/1/4458 6391/1/6390
f 6391/1/6390 4459/1/4458 1269/1/1269 4201/1/4201
f 4458/1/4457 6391/1/6390 4201/1/4201 1266/1/1266
f 1404/1/1404 4440/1/4440 6392/1/6391 4459/1/4458
f 4440/1/4440 1403/1/1403 4460/1/4459 6392/1/6391
f 6392/1/6391 4460/1/4459 1272/1/1272 4243/1/4243
f 4459/1/4458 6392/1/6391 4243/1/4243 1269/1/1269
f 1403/1/1403 4439/1/4439 6393/1/6392 4460/1/4459
f 4439/1/4439 1402/1/1402 4461/1/4460 6393/1/6392
f 6393/1/6392 4461/1/4460 1275/1/1275 4244/1/4244
f 4460/1/4459 6393/1/6392 4244/1/4244 1272/1/1272
f 1402/1/1402 4438/1/4438 6394/1/6393 4461/1/4460
f 4438/1/4438 1401/1/1401 4462/1/4461 6394/1/6393
f 6394/1/6393 4462/1/4461 1278/1/1278 4245/1/4245
f 4461/1/4460 6394/1/6393 4245/1/4245 1275/1/1275
f 1401/1/1401 4437/1/4437 6395/1/6394 4462/1/4461
f 4437/1/4437 1400/1/1400 4463/1/4462 6395/1/6394
f 6395/1/6394 4463/1/4462 1281/1/1281 4246/1/4246
f 4462/1/4461 6395/1/6394 4246/1/4246 1278/1/1278
f 1400/1/1400 4436/1/4436 6396/1/6395 4463/1/4462
f 4436/1/4436 1399/1/1399 4464/1/4463 6396/1/6395
f 6396/1/6395 4464/1/4463 1284/1/1284 4247/1/4247
f 4463/1/4462 6396/1/6395 4247/1/4247 1281/1/1281
f 1399/1/1399 4435/1/4435 6397/1/6396 4464/1/4463
f 4435/1/4435 1398/1/1398 4465/1/4464 6397/1/6396
f 6397/1/6396 4465/1/4464 1287/1/1287 4248/1/4248
f 4464/1/4463 6397/1/6396 4248/1/4248 1284/1/1284
f 1398/1/1398 4434/1/4434 6398/1/6397 4465/1/4464
f 4434/1/4434 1397/1/1397 4466/1/4465 6398/1/6397
f 6398/1/6397 4466/1/4465 1290/1/1290 4249/1/4249
f 4465/1/4464 6398/1/6397 4249/1/4249 1287/1/1287
f 1397/1/1397 4433/1/4433 6399/1/6398 4466/1/4465
f 4433/1/4433 1396/1/1396 4467/1/4466 6399/1/6398
f 6399/1/6398 4467/1/4466 1293/1/1293 4250/1/4250
f 4466/1/4465 6399/1/6398 4250/1/4250 1290/1/1290
f 1396/1/1396 4432/1/4432 6400/1/6399 4467/1/4466
f 4432/1/4432 1395/1/1395 4468/1/4467 6400/1/6399
f 6400/1/6399 4468/1/4467 1296/1/1296 4255/1/4255
f 4467/1/4466 6400/1/6399 4255/1/4255 1293/1/1293
f 1395/1/1395 4431/1/4431 6401/1/6400 4468/1/4467
f 4431/1/4431 1394/1/1394 4469/1/4468 6401/1/6400
f 6401/1/6400 4469/1/4468 1299/1/1299 4261/1/4261
f 4468/1/4467 6401/1/6400 4261/1/4261 1296/1/1296
f 1394/1/1394 4430/1/4430 6402/1/6401 4469/1/4468
f 4430/1/4430 1393/1/1393 4470/1/4469 6402/1/6401
f 6402/1/6401 4470/1/4469 1302/1/1302 4267/1/4267
f 4469/1/4468 6402/1/6401 4267/1/4267 1299/1/1299
f 1393/1/1393 4429/1/4429 6403/1/6402 4470/1/4469
f 4429/1/4429 1392/1/1392 4471/1/4470 6403/1/6402
f 6403/1/6402 4471/1/4470 1305/1/1305 4273/1/4273
f 4470/1/4469 6403/1/6402 4273/1/4273 1302/1/1302
f 1392/1/1392 4428/1/4428 6404/1/6403 4471/1/4470
f 4428/1/4428 1391/1/1391 4472/1/4471 6404/1/6403
f 6404/1/6403 4472/1/4471 1308/1/1308 4279/1/4279
f 4471/1/4470 6404/1/6403 4279/1/4279 1305/1/1305
f 1391/1/1391 4427/1/4427 6405/1/6404 4472/1/4471
f 4427/1/4427 1390/1/1390 4473/1/4472 6405/1/6404
f 6405/1/6404 4473/1/4472 1370/1/1370 4387/1/4387
f 4472/1/4471 6405/1/6404 4387/1/4387 1308/1/1308
f 1390/1/1390 4426/1/4426 6406/1/6405 4473/1/4472
f 4426/1/4426 1389/1/1389 4474/1/4473 6406/1/6405
f 6406/1/6405 4474/1/4473 1369/1/1369 4386/1/4386
f 4473/1/4472 6406/1/6405 4386/1/4386 1370/1/1370
f 1389/1/1389 4425/1/4425 6407/1/6406 4474/1/4473
f 4425/1/4425 1388/1/1388 4475/1/4474 6407/1/6406
f 6407/1/6406 4475/1/4474 1368/1/1368 4385/1/4385
f 4474/1/4473 6407/1/6406 4385/1/4385 1369/1/1369
f 1388/1/1388 4424/1/4424 6408/1/6407 4475/1/4474
f 4424/1/4424 1387/1/1387 4476/1/4475 6408/1/6407
f 6408/1/6407 4476/1/4475 1367/1/1367 4384/1/4384
f 4475/1/4474 6408/1/6407 4384/1/4384 1368/1/1368
f 1387/1/1387 4423/1/4423 6409/1/6408 4476/1/4475
f 4423/1/4423 1386/1/1386 4477/1/4476 6409/1/6408
f 6409/1/6408 4477/1/4476 1366/1/1366 4383/1/4383
f 4476/1/4475 6409/1/6408 4383/1/4383 1367/1/1367
f 1386/1/1386 4422/1/4422 6410/1/6409 4477/1/4476
f 4422/1/4422 1385/1/1385 4478/1/4477 6410/1/6409
f 6410/1/6409 4478/1/4477 1365/1/1365 4382/1/4382
f 4477/1/4476 6410/1/6409 4382/1/4382 1366/1/1366
f 1385/1/1385 4421/1/4421 6411/1/6410 4478/1/4477
f 4421/1/4421 1384/1/1384 4479/1/4478 6411/1/6410
f 6411/1/6410 4479/1/4478 1364/1/1364 4381/1/4381
f 4478/1/4477 6411/1/6410 4381/1/4381 1365/1/1365
f 1384/1/1384 4420/1/4420 6412/1/6411 4479/1/4478
f 4420/1/4420 1383/1/1383 4480/1/4479 6412/1/6411
f 6412/1/6411 4480/1/4479 1363/1/1363 4380/1/4380
f 4479/1/4478 6412/1/6411 4380/1/4380 1364/1/1364
f 1383/1/1383 4419/1/4419 6413/1/6412 4480/1/4479
f 4419/1/4419 1382/1/1382 4481/1/4480 6413/1/6412
f 6413/1/6412 4481/1/4480 1362/1/1362 4379/1/4379
f 4480/1/4479 6413/1/6412 4379/1/4379 1363/1/1363
f 1382/1/1382 4418/1/4418 6414/1/6413 4481/1/4480
f 4418/1/4418 1381/1/1381 4482/1/4481 6414/1/6413
f 6414/1/6413 4482/1/4481 1361/1/1361 4378/1/4378
f 4481/1/4480 6414/1/6413 4378/1/4378 1362/1/1362
f 1381/1/1381 4417/1/4417 6415/1/6414 4482/1/4481
f 4417/1/4417 1380/1/1380 4483/1/4482 6415/1/6414
f 6415/1/6414 4483/1/4482 1360/1/1360 4377/1/4377
f 4482/1/4481 6415/1/6414 4377/1/4377 1361/1/1361
f 1380/1/1380 4416/1/4416 6416/1/6415 4483/1/4482
f 4416/1/4416 1379/1/1379 4484/1/4483 6416/1/6415
f 6416/1/6415 4484/1/4483 1359/1/1359 4376/1/4376
f 4483/1/4482 6416/1/6415 4376/1/4376 1360/1/1360
f 1379/1/1379 4415/1/4415 6417/1/6416 4484/1/4483
f 4415/1/4415 1378/1/1378 4485/1/4484 6417/1/6416
f 6417/1/6416 4485/1/4484 1358/1/1358 4375/1/4375
f 4484/1/4483 6417/1/6416 4375/1/4375 1359/1/1359
f 1378/1/1378 4414/1/4414 6418/1/6417 4485/1/4484
f 4414/1/4414 1377/1/1377 4486/1/4485 6418/1/6417
f 6418/1/6417 4486/1/4485 1357/1/1357 4374/1/4374
f 4485/1/4484 6418/1/6417 4374/1/4374 1358/1/1358
f 1377/1/1377 4413/1/4413 6419/1/6418 4486/1/4485
f 4413/1/4413 1376/1/1376 4487/1/4486 6419/1/6418
f 6419/1/6418 4487/1/4486 1356/1/1356 4373/1/4373
f 4486/1/4485 6419/1/6418 4373/1/4373 1357/1/1357
f 1376/1/1376 4412/1/4412 6420/1/6419 4487/1/4486
f 4412/1/4412 1375/1/1375 4488/1/4487 6420/1/6419
f 6420/1/6419 4488/1/4487 1355/1/1355 4372/1/4372
f 4487/1/4486 6420/1/6419 4372/1/4372 1356/1/1356
f 1375/1/1375 4411/1/4411 6421/1/6420 4488/1/4487
f 4411/1/4411 1374/1/1374 4489/1/4488 6421/1/6420
f 6421/1/6420 4489/1/4488 1354/1/1354 4371/1/4371
f 4488/1/4487 6421/1/6420 4371/1/4371 1355/1/1355
f 1374/1/1374 4410/1/4410 6422/1/6421 4489/1/4488
f 4410/1/4410 1373/1/1373 4490/1/4489 6422/1/6421
f 6422/1/6421 4490/1/4489 1353/1/1353 4370/1/4370
f 4489/1/4488 6422/1/6421 4370/1/4370 1354/1/1354
f 1351/1/1351 4491/1/4490 6423/1/6422 4367/1/4367
f 1372/1/1372 4492/1/4491 6423/1/6422 4491/1/4490
f 1371/1/1371 4367/1/4367 6423/1/6422 4492/1/4491
f 1353/1/1353 4490/1/4489 6424/1/6423 4369/1/4369
f 4490/1/4489 1373/1/1373 4449/1/4449 6424/1/6423
f 6424/1/6423 4449/1/4449 1372/1/1372 4450/1/4450
f 4369/1/4369 6424/1/6423 4450/1/4450 1352/1/1352
f 1248/1/1248 4155/1/4155 6425/1/6424 4493/1/4492
f 4155/1/4155 1247/1/1247 4408/1/4408 6425/1/6424
f 6425/1/6424 4408/1/4408 1371/1/1371 4492/1/4491
f 4493/1/4492 6425/1/6424 4492/1/4491 1372/1/1372
f 1248/1/1248 4493/1/4492 6426/1/6425 4156/1/4156
f 4493/1/4492 1372/1/1372 4494/1/4493 6426/1/6425
f 6426/1/6425 4494/1/4493 1412/1/1412 4451/1/3628
f 4156/1/4156 6426/1/6425 4451/1/3628 1249/1/1249
f 1414/1/1414 4497/1/4496 6427/1/6426 4496/1/4495
f 4497/1/4496 1411/1/1411 4448/1/4448 6427/1/6426
f 6427/1/6426 4448/1/4448 1412/1/1412 4498/1/4497
f 4496/1/4495 6427/1/6426 4498/1/4497 1413/1/1413
f 1373/1/1373 4495/1/4494 6428/1/6427 4449/1/4449
f 4495/1/4494 1413/1/1413 4498/1/4497 6428/1/6427
f 6428/1/6427 4498/1/4497 1412/1/1412 4494/1/4493
f 4449/1/4449 6428/1/6427 4494/1/4493 1372/1/1372
f 1414/1/1414 4496/1/4495 6429/1/6428 4502/1/4501
f 4496/1/4495 1413/1/1413 4501/1/4500 6429/1/6428
f 6429/1/6428 4501/1/4500 1415/1/1415 4500/1/4499
f 4502/1/4501 6429/1/6428 4500/1/4499 1416/1/1416
f 1374/1/1374 4499/1/4498 6430/1/6429 4410/1/4410
f 4499/1/4498 1415/1/1415 4501/1/4500 6430/1/6429
f 6430/1/6429 4501/1/4500 1413/1/1413 4495/1/4494
f 4410/1/4410 6430/1/6429 4495/1/4494 1373/1/1373
f 1378/1/1378 4415/1/4415 6431/1/6430 4507/1/4506
f 1379/1/1379 4513/1/4512 6431/1/6430 4415/1/4415
f 1420/1/1420 4507/1/4506 6431/1/6430 4513/1/4512
f 1420/1/1420 4506/1/4505 6432/1/6431 4507/1/4506
f 4506/1/4505 1419/1/1419 4508/1/4507 6432/1/6431
f 6432/1/6431 4508/1/4507 1377/1/1377 4414/1/4414
f 4507/1/4506 6432/1/6431 4414/1/4414 1378/1/1378
f 1419/1/1419 4505/1/4504 6433/1/6432 4508/1/4507
f 4505/1/4504 1418/1/1418 4509/1/4508 6433/1/6432
f 6433/1/6432 4509/1/4508 1376/1/1376 4413/1/4413
f 4508/1/4507 6433/1/6432 4413/1/4413 1377/1/1377
f 1418/1/1418 4504/1/4503 6434/1/6433 4509/1/4508
f 4504/1/4503 1417/1/1417 4510/1/4509 6434/1/6433
f 6434/1/6433 4510/1/4509 1375/1/1375 4412/1/4412
f 4509/1/4508 6434/1/6433 4412/1/4412 1376/1/1376
f 1375/1/1375 4510/1/4509 6435/1/6434 4411/1/4411
f 4510/1/4509 1417/1/1417 4503/1/4502 6435/1/6434
f 6435/1/6434 4503/1/4502 1415/1/1415 4499/1/4498
f 4411/1/4411 6435/1/6434 4499/1/4498 1374/1/1374
f 1424/1/1424 4515/1/4514 6436/1/6435 4545/1/4544
f 4515/1/4514 1423/1/1423 4546/1/4545 6436/1/6435
f 6436/1/6435 4546/1/4545 1419/1/1419 4506/1/4505
f 4545/1/4544 6436/1/6435 4506/1/4505 1420/1/1420
f 1423/1/1423 4514/1/4513 6437/1/6436 4546/1/4545
f 4514/1/4513 1422/1/1422 4547/1/4546 6437/1/6436
f 6437/1/6436 4547/1/4546 1418/1/1418 4505/1/4504
f 4546/1/4545 6437/1/6436 4505/1/4504 1419/1/1419
f 1422/1/1422 4512/1/4511 6438/1/6437 4547/1/4546
f 4512/1/4511 1421/1/1421 4548/1/4547 6438/1/6437
f 6438/1/6437 4548/1/4547 1417/1/1417 4504/1/4503
f 4547/1/4546 6438/1/6437 4504/1/4503 1418/1/1418
f 1421/1/1421 4511/1/4510 6439/1/6438 4548/1/4547
f 4511/1/4510 1416/1/1416 4500/1/4499 6439/1/6438
f 6439/1/6438 4500/1/4499 1415/1/1415 4503/1/4502
f 4548/1/4547 6439/1/6438 4503/1/4502 1417/1/1417
f 1606/1/1606 4770/1/4769 6440/1/6439 4859/1/4858
f 4770/1/4769 1604/1/1604 4857/1/4856 6440/1/6439
f 6440/1/6439 4857/1/4856 1534/1/1534 4641/1/4640
f 4859/1/4858 6440/1/6439 4641/1/4640 1535/1/1535
f 1547/1/1547 4684/1/4683 6441/1/6440 4799/1/4798
f 4684/1/4683 1549/1/1549 4801/1/4800 6441/1/6440
f 6441/1/6440 4801/1/4800 1506/1/1506 4612/1/4611
f 4799/1/4798 6441/1/6440 4612/1/4611 1505/1/1505
f 1565/1/1565 4711/1/4710 6442/1/6441 4817/1/4816
f 4711/1/4710 1567/1/1567 4819/1/4818 6442/1/6441
f 6442/1/6441 4819/1/4818 1515/1/1515 4621/1/4620
f 4817/1/4816 6442/1/6441 4621/1/4620 1514/1/1514
f 1583/1/1583 4738/1/4737 6443/1/6442 4835/1/4834
f 4738/1/4737 1585/1/1585 4837/1/4836 6443/1/6442
f 6443/1/6442 4837/1/4836 1524/1/1524 4630/1/4629
f 4835/1/4834 6443/1/6442 4630/1/4629 1523/1/1523
f 1601/1/1601 4792/1/4791 6444/1/6443 4853/1/4852
f 4792/1/4791 1618/1/1618 4855/1/4854 6444/1/6443
f 6444/1/6443 4855/1/4854 1541/1/1541 4648/1/4647
f 4853/1/4852 6444/1/6443 4648/1/4647 1532/1/1532
f 1608/1/1608 4773/1/4772 6445/1/6444 4861/1/4860
f 4773/1/4772 1606/1/1606 4859/1/4858 6445/1/6444
f 6445/1/6444 4859/1/4858 1535/1/1535 4642/1/4641
f 4861/1/4860 6445/1/6444 4642/1/4641 1536/1/1536
f 1557/1/1557 4699/1/4698 6446/1/6445 4809/1/4808
f 4699/1/4698 1559/1/1559 4811/1/4810 6446/1/6445
f 6446/1/6445 4811/1/4810 1511/1/1511 4617/1/4616
f 4809/1/4808 6446/1/6445 4617/1/4616 1510/1/1510
f 1575/1/1575 4726/1/4725 6447/1/6446 4827/1/4826
f 4726/1/4725 1577/1/1577 4829/1/4828 6447/1/6446
f 6447/1/6446 4829/1/4828 1520/1/1520 4626/1/4625
f 4827/1/4826 6447/1/6446 4626/1/4625 1519/1/1519
f 1610/1/1610 4776/1/4775 6448/1/6447 4863/1/4862
f 4776/1/4775 1608/1/1608 4861/1/4860 6448/1/6447
f 6448/1/6447 4861/1/4860 1536/1/1536 4643/1/4642
f 4863/1/4862 6448/1/6447 4643/1/4642 1537/1/1537
f 1593/1/1593 4753/1/4752 6449/1/6448 4845/1/4844
f 4753/1/4752 1595/1/1595 4847/1/4846 6449/1/6448
f 6449/1/6448 4847/1/4846 1529/1/1529 4635/1/4634
f 4845/1/4844 6449/1/6448 4635/1/4634 1528/1/1528
f 1612/1/1612 4779/1/4778 6450/1/6449 4865/1/4864
f 4779/1/4778 1610/1/1610 4863/1/4862 6450/1/6449
f 6450/1/6449 4863/1/4862 1537/1/1537 4644/1/4643
f 4865/1/4864 6450/1/6449 4644/1/4643 1538/1/1538
f 1549/1/1549 4687/1/4686 6451/1/6450 4801/1/4800
f 4687/1/4686 1551/1/1551 4803/1/4802 6451/1/6450
f 6451/1/6450 4803/1/4802 1507/1/1507 4613/1/4612
f 4801/1/4800 6451/1/6450 4613/1/4612 1506/1/1506
f 1567/1/1567 4714/1/4713 6452/1/6451 4819/1/4818
f 4714/1/4713 1569/1/1569 4821/1/4820 6452/1/6451
f 6452/1/6451 4821/1/4820 1516/1/1516 4622/1/4621
f 4819/1/4818 6452/1/6451 4622/1/4621 1515/1/1515
f 1585/1/1585 4741/1/4740 6453/1/6452 4837/1/4836
f 4741/1/4740 1587/1/1587 4839/1/4838 6453/1/6452
f 6453/1/6452 4839/1/4838 1525/1/1525 4631/1/4630
f 4837/1/4836 6453/1/6452 4631/1/4630 1524/1/1524
f 1614/1/1614 4782/1/4781 6454/1/6453 4867/1/4866
f 4782/1/4781 1612/1/1612 4865/1/4864 6454/1/6453
f 6454/1/6453 4865/1/4864 1538/1/1538 4645/1/4644
f 4867/1/4866 6454/1/6453 4645/1/4644 1539/1/1539
f 1559/1/1559 4702/1/4701 6455/1/6454 4811/1/4810
f 4702/1/4701 1561/1/1561 4813/1/4812 6455/1/6454
f 6455/1/6454 4813/1/4812 1512/1/1512 4618/1/4617
f 4811/1/4810 6455/1/6454 4618/1/4617 1511/1/1511
f 1577/1/1577 4729/1/4728 6456/1/6455 4829/1/4828
f 4729/1/4728 1579/1/1579 4831/1/4830 6456/1/6455
f 6456/1/6455 4831/1/4830 1521/1/1521 4627/1/4626
f 4829/1/4828 6456/1/6455 4627/1/4626 1520/1/1520
f 1616/1/1616 4785/1/4784 6457/1/6456 4869/1/4868
f 4785/1/4784 1614/1/1614 4867/1/4866 6457/1/6456
f 6457/1/6456 4867/1/4866 1539/1/1539 4646/1/4645
f 4869/1/4868 6457/1/6456 4646/1/4645 1540/1/1540
f 1595/1/1595 4756/1/4755 6458/1/6457 4847/1/4846
f 4756/1/4755 1597/1/1597 4849/1/4848 6458/1/6457
f 6458/1/6457 4849/1/4848 1530/1/1530 4636/1/4635
f 4847/1/4846 6458/1/6457 4636/1/4635 1529/1/1529
f 1618/1/1618 4788/1/4787 6459/1/6458 4855/1/4854
f 4788/1/4787 1616/1/1616 4869/1/4868 6459/1/6458
f 6459/1/6458 4869/1/4868 1540/1/1540 4647/1/4646
f 4855/1/4854 6459/1/6458 4647/1/4646 1541/1/1541
f 1551/1/1551 4690/1/4689 6460/1/6459 4803/1/4802
f 4690/1/4689 1553/1/1553 4805/1/4804 6460/1/6459
f 6460/1/6459 4805/1/4804 1508/1/1508 4614/1/4613
f 4803/1/4802 6460/1/6459 4614/1/4613 1507/1/1507
f 1569/1/1569 4717/1/4716 6461/1/6460 4821/1/4820
f 4717/1/4716 1571/1/1571 4823/1/4822 6461/1/6460
f 6461/1/6460 4823/1/4822 1517/1/1517 4623/1/4622
f 4821/1/4820 6461/1/6460 4623/1/4622 1516/1/1516
f 1587/1/1587 4744/1/4743 6462/1/6461 4839/1/4838
f 4744/1/4743 1589/1/1589 4841/1/4840 6462/1/6461
f 6462/1/6461 4841/1/4840 1526/1/1526 4632/1/4631
f 4839/1/4838 6462/1/6461 4632/1/4631 1525/1/1525
f 1516/1/1516 4623/1/4622 6463/1/6462 4595/1/4594
f 4623/1/4622 1517/1/1517 4571/1/4570 6463/1/6462
f 6463/1/6462 4571/1/4570 1488/1/1488 4579/1/4578
f 4595/1/4594 6463/1/6462 4579/1/4578 1489/1/1489
f 1561/1/1561 4705/1/4704 6464/1/6463 4813/1/4812
f 4705/1/4704 1563/1/1563 4815/1/4814 6464/1/6463
f 6464/1/6463 4815/1/4814 1513/1/1513 4619/1/4618
f 4813/1/4812 6464/1/6463 4619/1/4618 1512/1/1512
f 1579/1/1579 4732/1/4731 6465/1/6464 4831/1/4830
f 4732/1/4731 1581/1/1581 4833/1/4832 6465/1/6464
f 6465/1/6464 4833/1/4832 1522/1/1522 4628/1/4627
f 4831/1/4830 6465/1/6464 4628/1/4627 1521/1/1521
f 1604/1/1604 4767/1/4766 6466/1/6465 4857/1/4856
f 4767/1/4766 1602/1/1602 4798/1/4797 6466/1/6465
f 6466/1/6465 4798/1/4797 1533/1/1533 4640/1/4639
f 4857/1/4856 6466/1/6465 4640/1/4639 1534/1/1534
f 1597/1/1597 4759/1/4758 6467/1/6466 4849/1/4848
f 4759/1/4758 1599/1/1599 4851/1/4850 6467/1/6466
f 6467/1/6466 4851/1/4850 1531/1/1531 4637/1/4636
f 4849/1/4848 6467/1/6466 4637/1/4636 1530/1/1530
f 1553/1/1553 4693/1/4692 6468/1/6467 4805/1/4804
f 4693/1/4692 1555/1/1555 4807/1/4806 6468/1/6467
f 6468/1/6467 4807/1/4806 1509/1/1509 4615/1/4614
f 4805/1/4804 6468/1/6467 4615/1/4614 1508/1/1508
f 1571/1/1571 4720/1/4719 6469/1/6468 4823/1/4822
f 4720/1/4719 1573/1/1573 4825/1/4824 6469/1/6468
f 6469/1/6468 4825/1/4824 1518/1/1518 4624/1/4623
f 4823/1/4822 6469/1/6468 4624/1/4623 1517/1/1517
f 1589/1/1589 4747/1/4746 6470/1/6469 4841/1/4840
f 4747/1/4746 1591/1/1591 4843/1/4842 6470/1/6469
f 6470/1/6469 4843/1/4842 1527/1/1527 4633/1/4632
f 4841/1/4840 6470/1/6469 4633/1/4632 1526/1/1526
f 1602/1/1602 4764/1/4763 6471/1/6470 4798/1/4797
f 4764/1/4763 1542/1/1542 4793/1/4792 6471/1/6470
f 6471/1/6470 4793/1/4792 1503/1/1503 4639/1/4638
f 4798/1/4797 6471/1/6470 4639/1/4638 1533/1/1533
f 1563/1/1563 4708/1/4707 6472/1/6471 4815/1/4814
f 4708/1/4707 1565/1/1565 4817/1/4816 6472/1/6471
f 6472/1/6471 4817/1/4816 1514/1/1514 4620/1/4619
f 4815/1/4814 6472/1/6471 4620/1/4619 1513/1/1513
f 1581/1/1581 4735/1/4734 6473/1/6472 4833/1/4832
f 4735/1/4734 1583/1/1583 4835/1/4834 6473/1/6472
f 6473/1/6472 4835/1/4834 1523/1/1523 4629/1/4628
f 4833/1/4832 6473/1/6472 4629/1/4628 1522/1/1522
f 1599/1/1599 4762/1/4761 6474/1/6473 4851/1/4850
f 4762/1/4761 1601/1/1601 4853/1/4852 6474/1/6473
f 6474/1/6473 4853/1/4852 1532/1/1532 4638/1/4637
f 4851/1/4850 6474/1/6473 4638/1/4637 1531/1/1531
f 1555/1/1555 4696/1/4695 6475/1/6474 4807/1/4806
f 4696/1/4695 1557/1/1557 4809/1/4808 6475/1/6474
f 6475/1/6474 4809/1/4808 1510/1/1510 4616/1/4615
f 4807/1/4806 6475/1/6474 4616/1/4615 1509/1/1509
f 1573/1/1573 4723/1/4722 6476/1/6475 4825/1/4824
f 4723/1/4722 1575/1/1575 4827/1/4826 6476/1/6475
f 6476/1/6475 4827/1/4826 1519/1/1519 4625/1/4624
f 4825/1/4824 6476/1/6475 4625/1/4624 1518/1/1518
f 1425/1/1425 4516/1/4515 6477/1/6476 4796/1/4795
f 4516/1/4515 1426/1/1426 4797/1/4796 6477/1/6476
f 6477/1/6476 4797/1/4796 1544/1/1544 4679/1/4678
f 4796/1/4795 6477/1/6476 4679/1/4678 1543/1/1543
f 1591/1/1591 4750/1/4749 6478/1/6477 4843/1/4842
f 4750/1/4749 1593/1/1593 4845/1/4844 6478/1/6477
f 6478/1/6477 4845/1/4844 1528/1/1528 4634/1/4633
f 4843/1/4842 6478/1/6477 4634/1/4633 1527/1/1527
f 1428/1/1428 4519/1/4518 6479/1/6478 4802/1/4801
f 4519/1/4518 1429/1/1429 4804/1/4803 6479/1/6478
f 6479/1/6478 4804/1/4803 1550/1/1550 4688/1/4687
f 4802/1/4801 6479/1/6478 4688/1/4687 1548/1/1548
f 1456/1/1456 4550/1/4549 6480/1/6479 4858/1/4857
f 4550/1/4549 1455/1/1455 4795/1/4794 6480/1/6479
f 6480/1/6479 4795/1/4794 1603/1/1603 4769/1/4768
f 4858/1/4857 6480/1/6479 4769/1/4768 1605/1/1605
f 1442/1/1442 4533/1/4532 6481/1/6480 4830/1/4829
f 4533/1/4532 1443/1/1443 4832/1/4831 6481/1/6480
f 6481/1/6480 4832/1/4831 1578/1/1578 4730/1/4729
f 4830/1/4829 6481/1/6480 4730/1/4729 1576/1/1576
f 1429/1/1429 4520/1/4519 6482/1/6481 4804/1/4803
f 4520/1/4519 1430/1/1430 4806/1/4805 6482/1/6481
f 6482/1/6481 4806/1/4805 1552/1/1552 4691/1/4690
f 4804/1/4803 6482/1/6481 4691/1/4690 1550/1/1550
f 1457/1/1457 4551/1/4550 6483/1/6482 4860/1/4859
f 4551/1/4550 1456/1/1456 4858/1/4857 6483/1/6482
f 6483/1/6482 4858/1/4857 1605/1/1605 4772/1/4771
f 4860/1/4859 6483/1/6482 4772/1/4771 1607/1/1607
f 1443/1/1443 4534/1/4533 6484/1/6483 4832/1/4831
f 4534/1/4533 1444/1/1444 4834/1/4833 6484/1/6483
f 6484/1/6483 4834/1/4833 1580/1/1580 4733/1/4732
f 4832/1/4831 6484/1/6483 4733/1/4732 1578/1/1578
f 1430/1/1430 4521/1/4520 6485/1/6484 4806/1/4805
f 4521/1/4520 1431/1/1431 4808/1/4807 6485/1/6484
f 6485/1/6484 4808/1/4807 1554/1/1554 4694/1/4693
f 4806/1/4805 6485/1/6484 4694/1/4693 1552/1/1552
f 1458/1/1458 4552/1/4551 6486/1/6485 4862/1/4861
f 4552/1/4551 1457/1/1457 4860/1/4859 6486/1/6485
f 6486/1/6485 4860/1/4859 1607/1/1607 4775/1/4774
f 4862/1/4861 6486/1/6485 4775/1/4774 1609/1/1609
f 1444/1/1444 4535/1/4534 6487/1/6486 4834/1/4833
f 4535/1/4534 1445/1/1445 4836/1/4835 6487/1/6486
f 6487/1/6486 4836/1/4835 1582/1/1582 4736/1/4735
f 4834/1/4833 6487/1/6486 4736/1/4735 1580/1/1580
f 1431/1/1431 4522/1/4521 6488/1/6487 4808/1/4807
f 4522/1/4521 1432/1/1432 4810/1/4809 6488/1/6487
f 6488/1/6487 4810/1/4809 1556/1/1556 4697/1/4696
f 4808/1/4807 6488/1/6487 4697/1/4696 1554/1/1554
f 1459/1/1459 4553/1/4552 6489/1/6488 4864/1/4863
f 4553/1/4552 1458/1/1458 4862/1/4861 6489/1/6488
f 6489/1/6488 4862/1/4861 1609/1/1609 4778/1/4777
f 4864/1/4863 6489/1/6488 4778/1/4777 1611/1/1611
f 1445/1/1445 4536/1/4535 6490/1/6489 4836/1/4835
f 4536/1/4535 1446/1/1446 4838/1/4837 6490/1/6489
f 6490/1/6489 4838/1/4837 1584/1/1584 4739/1/4738
f 4836/1/4835 6490/1/6489 4739/1/4738 1582/1/1582
f 1432/1/1432 4523/1/4522 6491/1/6490 4810/1/4809
f 4523/1/4522 1433/1/1433 4812/1/4811 6491/1/6490
f 6491/1/6490 4812/1/4811 1558/1/1558 4700/1/4699
f 4810/1/4809 6491/1/6490 4700/1/4699 1556/1/1556
f 1460/1/1460 4554/1/4553 6492/1/6491 4866/1/4865
f 4554/1/4553 1459/1/1459 4864/1/4863 6492/1/6491
f 6492/1/6491 4864/1/4863 1611/1/1611 4781/1/4780
f 4866/1/4865 6492/1/6491 4781/1/4780 1613/1/1613
f 1446/1/1446 4537/1/4536 6493/1/6492 4838/1/4837
f 4537/1/4536 1447/1/1447 4840/1/4839 6493/1/6492
f 6493/1/6492 4840/1/4839 1586/1/1586 4742/1/4741
f 4838/1/4837 6493/1/6492 4742/1/4741 1584/1/1584
f 1433/1/1433 4524/1/4523 6494/1/6493 4812/1/4811
f 4524/1/4523 1434/1/1434 4814/1/4813 6494/1/6493
f 6494/1/6493 4814/1/4813 1560/1/1560 4703/1/4702
f 4812/1/4811 6494/1/6493 4703/1/4702 1558/1/1558
f 1461/1/1461 4555/1/4554 6495/1/6494 4868/1/4867
f 4555/1/4554 1460/1/1460 4866/1/4865 6495/1/6494
f 6495/1/6494 4866/1/4865 1613/1/1613 4784/1/4783
f 4868/1/4867 6495/1/6494 4784/1/4783 1615/1/1615
f 1447/1/1447 4538/1/4537 6496/1/6495 4840/1/4839
f 4538/1/4537 1448/1/1448 4842/1/4841 6496/1/6495
f 6496/1/6495 4842/1/4841 1588/1/1588 4745/1/4744
f 4840/1/4839 6496/1/6495 4745/1/4744 1586/1/1586
f 1434/1/1434 4525/1/4524 6497/1/6496 4814/1/4813
f 4525/1/4524 1435/1/1435 4816/1/4815 6497/1/6496
f 6497/1/6496 4816/1/4815 1562/1/1562 4706/1/4705
f 4814/1/4813 6497/1/6496 4706/1/4705 1560/1/1560
f 1462/1/1462 4556/1/4555 6498/1/6497 4870/1/4869
f 4556/1/4555 1461/1/1461 4868/1/4867 6498/1/6497
f 6498/1/6497 4868/1/4867 1615/1/1615 4787/1/4786
f 4870/1/4869 6498/1/6497 4787/1/4786 1617/1/1617
f 1448/1/1448 4539/1/4538 6499/1/6498 4842/1/4841
f 4539/1/4538 1449/1/1449 4844/1/4843 6499/1/6498
f 6499/1/6498 4844/1/4843 1590/1/1590 4748/1/4747
f 4842/1/4841 6499/1/6498 4748/1/4747 1588/1/1588
f 1435/1/1435 4526/1/4525 6500/1/6499 4816/1/4815
f 4526/1/4525 1436/1/1436 4818/1/4817 6500/1/6499
f 6500/1/6499 4818/1/4817 1564/1/1564 4709/1/4708
f 4816/1/4815 6500/1/6499 4709/1/4708 1562/1/1562
f 1463/1/1463 4557/1/4556 6501/1/6500 4856/1/4855
f 4557/1/4556 1462/1/1462 4870/1/4869 6501/1/6500
f 6501/1/6500 4870/1/4869 1617/1/1617 4790/1/4789
f 4856/1/4855 6501/1/6500 4790/1/4789 1619/1/1619
f 1449/1/1449 4540/1/4539 6502/1/6501 4844/1/4843
f 4540/1/4539 1450/1/1450 4846/1/4845 6502/1/6501
f 6502/1/6501 4846/1/4845 1592/1/1592 4751/1/4750
f 4844/1/4843 6502/1/6501 4751/1/4750 1590/1/1590
f 1436/1/1436 4527/1/4526 6503/1/6502 4818/1/4817
f 4527/1/4526 1437/1/1437 4820/1/4819 6503/1/6502
f 6503/1/6502 4820/1/4819 1566/1/1566 4712/1/4711
f 4818/1/4817 6503/1/6502 4712/1/4711 1564/1/1564
f 1454/1/1454 4558/1/4557 6504/1/6503 4854/1/4853
f 4558/1/4557 1463/1/1463 4856/1/4855 6504/1/6503
f 6504/1/6503 4856/1/4855 1619/1/1619 4791/1/4790
f 4854/1/4853 6504/1/6503 4791/1/4790 1600/1/1600
f 1450/1/1450 4541/1/4540 6505/1/6504 4846/1/4845
f 4541/1/4540 1451/1/1451 4848/1/4847 6505/1/6504
f 6505/1/6504 4848/1/4847 1594/1/1594 4754/1/4753
f 4846/1/4845 6505/1/6504 4754/1/4753 1592/1/1592
f 1437/1/1437 4528/1/4527 6506/1/6505 4820/1/4819
f 4528/1/4527 1438/1/1438 4822/1/4821 6506/1/6505
f 6506/1/6505 4822/1/4821 1568/1/1568 4715/1/4714
f 4820/1/4819 6506/1/6505 4715/1/4714 1566/1/1566
f 1451/1/1451 4542/1/4541 6507/1/6506 4848/1/4847
f 4542/1/4541 1452/1/1452 4850/1/4849 6507/1/6506
f 6507/1/6506 4850/1/4849 1596/1/1596 4757/1/4756
f 4848/1/4847 6507/1/6506 4757/1/4756 1594/1/1594
f 1438/1/1438 4529/1/4528 6508/1/6507 4822/1/4821
f 4529/1/4528 1439/1/1439 4824/1/4823 6508/1/6507
f 6508/1/6507 4824/1/4823 1570/1/1570 4718/1/4717
f 4822/1/4821 6508/1/6507 4718/1/4717 1568/1/1568
f 1455/1/1455 4549/1/4548 6509/1/6508 4795/1/4794
f 4549/1/4548 1425/1/1425 4796/1/4795 6509/1/6508
f 6509/1/6508 4796/1/4795 1543/1/1543 4766/1/4765
f 4795/1/4794 6509/1/6508 4766/1/4765 1603/1/1603
f 1452/1/1452 4543/1/4542 6510/1/6509 4850/1/4849
f 4543/1/4542 1453/1/1453 4852/1/4851 6510/1/6509
f 6510/1/6509 4852/1/4851 1598/1/1598 4760/1/4759
f 4850/1/4849 6510/1/6509 4760/1/4759 1596/1/1596
f 1439/1/1439 4530/1/4529 6511/1/6510 4824/1/4823
f 4530/1/4529 1440/1/1440 4826/1/4825 6511/1/6510
f 6511/1/6510 4826/1/4825 1572/1/1572 4721/1/4720
f 4824/1/4823 6511/1/6510 4721/1/4720 1570/1/1570
f 1426/1/1426 4517/1/4516 6512/1/6511 4797/1/4796
f 4517/1/4516 1427/1/1427 4800/1/4799 6512/1/6511
f 6512/1/6511 4800/1/4799 1546/1/1546 4682/1/4681
f 4797/1/4796 6512/1/6511 4682/1/4681 1544/1/1544
f 1453/1/1453 4544/1/4543 6513/1/6512 4852/1/4851
f 4544/1/4543 1454/1/1454 4854/1/4853 6513/1/6512
f 6513/1/6512 4854/1/4853 1600/1/1600 4763/1/4762
f 4852/1/4851 6513/1/6512 4763/1/4762 1598/1/1598
f 1440/1/1440 4531/1/4530 6514/1/6513 4826/1/4825
f 4531/1/4530 1441/1/1441 4828/1/4827 6514/1/6513
f 6514/1/6513 4828/1/4827 1574/1/1574 4724/1/4723
f 4826/1/4825 6514/1/6513 4724/1/4723 1572/1/1572
f 1427/1/1427 4518/1/4517 6515/1/6514 4800/1/4799
f 4518/1/4517 1428/1/1428 4802/1/4801 6515/1/6514
f 6515/1/6514 4802/1/4801 1548/1/1548 4685/1/4684
f 4800/1/4799 6515/1/6514 4685/1/4684 1546/1/1546
f 1545/1/1545 4681/1/4680 6516/1/6515 4794/1/4793
f 4681/1/4680 1547/1/1547 4799/1/4798 6516/1/6515
f 6516/1/6515 4799/1/4798 1505/1/1505 4611/1/4610
f 4794/1/4793 6516/1/6515 4611/1/4610 1504/1/1504
f 1441/1/1441 4532/1/4531 6517/1/6516 4828/1/4827
f 4532/1/4531 1442/1/1442 4830/1/4829 6517/1/6516
f 6517/1/6516 4830/1/4829 1576/1/1576 4727/1/4726
f 4828/1/4827 6517/1/6516 4727/1/4726 1574/1/1574
f 1545/1/1545 4677/1/4676 6518/1/6517 4676/1/4675
f 4677/1/4676 1542/1/1542 4678/1/4677 6518/1/6517
f 6518/1/6517 4678/1/4677 1543/1/1543 4679/1/4678
f 4676/1/4675 6518/1/6517 4679/1/4678 1544/1/1544
f 1547/1/1547 4681/1/4680 6519/1/6518 4680/1/4679
f 4681/1/4680 1545/1/1545 4676/1/4675 6519/1/6518
f 6519/1/6518 4676/1/4675 1544/1/1544 4682/1/4681
f 4680/1/4679 6519/1/6518 4682/1/4681 1546/1/1546
f 1549/1/1549 4684/1/4683 6520/1/6519 4683/1/4682
f 4684/1/4683 1547/1/1547 4680/1/4679 6520/1/6519
f 6520/1/6519 4680/1/4679 1546/1/1546 4685/1/4684
f 4683/1/4682 6520/1/6519 4685/1/4684 1548/1/1548
f 1551/1/1551 4687/1/4686 6521/1/6520 4686/1/4685
f 4687/1/4686 1549/1/1549 4683/1/4682 6521/1/6520
f 6521/1/6520 4683/1/4682 1548/1/1548 4688/1/4687
f 4686/1/4685 6521/1/6520 4688/1/4687 1550/1/1550
f 1553/1/1553 4690/1/4689 6522/1/6521 4689/1/4688
f 4690/1/4689 1551/1/1551 4686/1/4685 6522/1/6521
f 6522/1/6521 4686/1/4685 1550/1/1550 4691/1/4690
f 4689/1/4688 6522/1/6521 4691/1/4690 1552/1/1552
f 1555/1/1555 4693/1/4692 6523/1/6522 4692/1/4691
f 4693/1/4692 1553/1/1553 4689/1/4688 6523/1/6522
f 6523/1/6522 4689/1/4688 1552/1/1552 4694/1/4693
f 4692/1/4691 6523/1/6522 4694/1/4693 1554/1/1554
f 1557/1/1557 4696/1/4695 6524/1/6523 4695/1/4694
f 4696/1/4695 1555/1/1555 4692/1/4691 6524/1/6523
f 6524/1/6523 4692/1/4691 1554/1/1554 4697/1/4696
f 4695/1/4694 6524/1/6523 4697/1/4696 1556/1/1556
f 1559/1/1559 4699/1/4698 6525/1/6524 4698/1/4697
f 4699/1/4698 1557/1/1557 4695/1/4694 6525/1/6524
f 6525/1/6524 4695/1/4694 1556/1/1556 4700/1/4699
f 4698/1/4697 6525/1/6524 4700/1/4699 1558/1/1558
f 1561/1/1561 4702/1/4701 6526/1/6525 4701/1/4700
f 4702/1/4701 1559/1/1559 4698/1/4697 6526/1/6525
f 6526/1/6525 4698/1/4697 1558/1/1558 4703/1/4702
f 4701/1/4700 6526/1/6525 4703/1/4702 1560/1/1560
f 1563/1/1563 4705/1/4704 6527/1/6526 4704/1/4703
f 4705/1/4704 1561/1/1561 4701/1/4700 6527/1/6526
f 6527/1/6526 4701/1/4700 1560/1/1560 4706/1/4705
f 4704/1/4703 6527/1/6526 4706/1/4705 1562/1/1562
f 1565/1/1565 4708/1/4707 6528/1/6527 4707/1/4706
f 4708/1/4707 1563/1/1563 4704/1/4703 6528/1/6527
f 6528/1/6527 4704/1/4703 1562/1/1562 4709/1/4708
f 4707/1/4706 6528/1/6527 4709/1/4708 1564/1/1564
f 1567/1/1567 4711/1/4710 6529/1/6528 4710/1/4709
f 4711/1/4710 1565/1/1565 4707/1/4706 6529/1/6528
f 6529/1/6528 4707/1/4706 1564/1/1564 4712/1/4711
f 4710/1/4709 6529/1/6528 4712/1/4711 1566/1/1566
f 1569/1/1569 4714/1/4713 6530/1/6529 4713/1/4712
f 4714/1/4713 1567/1/1567 4710/1/4709 6530/1/6529
f 6530/1/6529 4710/1/4709 1566/1/1566 4715/1/4714
f 4713/1/4712 6530/1/6529 4715/1/4714 1568/1/1568
f 1571/1/1571 4717/1/4716 6531/1/6530 4716/1/4715
f 4717/1/4716 1569/1/1569 4713/1/4712 6531/1/6530
f 6531/1/6530 4713/1/4712 1568/1/1568 4718/1/4717
f 4716/1/4715 6531/1/6530 4718/1/4717 1570/1/1570
f 1573/1/1573 4720/1/4719 6532/1/6531 4719/1/4718
f 4720/1/4719 1571/1/1571 4716/1/4715 6532/1/6531
f 6532/1/6531 4716/1/4715 1570/1/1570 4721/1/4720
f 4719/1/4718 6532/1/6531 4721/1/4720 1572/1/1572
f 1575/1/1575 4723/1/4722 6533/1/6532 4722/1/4721
f 4723/1/4722 1573/1/1573 4719/1/4718 6533/1/6532
f 6533/1/6532 4719/1/4718 1572/1/1572 4724/1/4723
f 4722/1/4721 6533/1/6532 4724/1/4723 1574/1/1574
f 1577/1/1577 4726/1/4725 6534/1/6533 4725/1/4724
f 4726/1/4725 1575/1/1575 4722/1/4721 6534/1/6533
f 6534/1/6533 4722/1/4721 1574/1/1574 4727/1/4726
f 4725/1/4724 6534/1/6533 4727/1/4726 1576/1/1576
f 1579/1/1579 4729/1/4728 6535/1/6534 4728/1/4727
f 4729/1/4728 1577/1/1577 4725/1/4724 6535/1/6534
f 6535/1/6534 4725/1/4724 1576/1/1576 4730/1/4729
f 4728/1/4727 6535/1/6534 4730/1/4729 1578/1/1578
f 1581/1/1581 4732/1/4731 6536/1/6535 4731/1/4730
f 4732/1/4731 1579/1/1579 4728/1/4727 6536/1/6535
f 6536/1/6535 4728/1/4727 1578/1/1578 4733/1/4732
f 4731/1/4730 6536/1/6535 4733/1/4732 1580/1/1580
f 1583/1/1583 4735/1/4734 6537/1/6536 4734/1/4733
f 4735/1/4734 1581/1/1581 4731/1/4730 6537/1/6536
f 6537/1/6536 4731/1/4730 1580/1/1580 4736/1/4735
f 4734/1/4733 6537/1/6536 4736/1/4735 1582/1/1582
f 1585/1/1585 4738/1/4737 6538/1/6537 4737/1/4736
f 4738/1/4737 1583/1/1583 4734/1/4733 6538/1/6537
f 6538/1/6537 4734/1/4733 1582/1/1582 4739/1/4738
f 4737/1/4736 6538/1/6537 4739/1/4738 1584/1/1584
f 1587/1/1587 4741/1/4740 6539/1/6538 4740/1/4739
f 4741/1/4740 1585/1/1585 4737/1/4736 6539/1/6538
f 6539/1/6538 4737/1/4736 1584/1/1584 4742/1/4741
f 4740/1/4739 6539/1/6538 4742/1/4741 1586/1/1586
f 1589/1/1589 4744/1/4743 6540/1/6539 4743/1/4742
f 4744/1/4743 1587/1/1587 4740/1/4739 6540/1/6539
f 6540/1/6539 4740/1/4739 1586/1/1586 4745/1/4744
f 4743/1/4742 6540/1/6539 4745/1/4744 1588/1/1588
f 1591/1/1591 4747/1/4746 6541/1/6540 4746/1/4745
f 4747/1/4746 1589/1/1589 4743/1/4742 6541/1/6540
f 6541/1/6540 4743/1/4742 1588/1/1588 4748/1/4747
f 4746/1/4745 6541/1/6540 4748/1/4747 1590/1/1590
f 1593/1/1593 4750/1/4749 6542/1/6541 4749/1/4748
f 4750/1/4749 1591/1/1591 4746/1/4745 6542/1/6541
f 6542/1/6541 4746/1/4745 1590/1/1590 4751/1/4750
f 4749/1/4748 6542/1/6541 4751/1/4750 1592/1/1592
f 1595/1/1595 4753/1/4752 6543/1/6542 4752/1/4751
f 4753/1/4752 1593/1/1593 4749/1/4748 6543/1/6542
f 6543/1/6542 4749/1/4748 1592/1/1592 4754/1/4753
f 4752/1/4751 6543/1/6542 4754/1/4753 1594/1/1594
f 1597/1/1597 4756/1/4755 6544/1/6543 4755/1/4754
f 4756/1/4755 1595/1/1595 4752/1/4751 6544/1/6543
f 6544/1/6543 4752/1/4751 1594/1/1594 4757/1/4756
f 4755/1/4754 6544/1/6543 4757/1/4756 1596/1/1596
f 1599/1/1599 4759/1/4758 6545/1/6544 4758/1/4757
f 4759/1/4758 1597/1/1597 4755/1/4754 6545/1/6544
f 6545/1/6544 4755/1/4754 1596/1/1596 4760/1/4759
f 4758/1/4757 6545/1/6544 4760/1/4759 1598/1/1598
f 1601/1/1601 4762/1/4761 6546/1/6545 4761/1/4760
f 4762/1/4761 1599/1/1599 4758/1/4757 6546/1/6545
f 6546/1/6545 4758/1/4757 1598/1/1598 4763/1/4762
f 4761/1/4760 6546/1/6545 4763/1/4762 1600/1/1600
f 1542/1/1542 4764/1/4763 6547/1/6546 4678/1/4677
f 4764/1/4763 1602/1/1602 4765/1/4764 6547/1/6546
f 6547/1/6546 4765/1/4764 1603/1/1603 4766/1/4765
f 4678/1/4677 6547/1/6546 4766/1/4765 1543/1/1543
f 1602/1/1602 4767/1/4766 6548/1/6547 4765/1/4764
f 4767/1/4766 1604/1/1604 4768/1/4767 6548/1/6547
f 6548/1/6547 4768/1/4767 1605/1/1605 4769/1/4768
f 4765/1/4764 6548/1/6547 4769/1/4768 1603/1/1603
f 1604/1/1604 4770/1/4769 6549/1/6548 4768/1/4767
f 4770/1/4769 1606/1/1606 4771/1/4770 6549/1/6548
f 6549/1/6548 4771/1/4770 1607/1/1607 4772/1/4771
f 4768/1/4767 6549/1/6548 4772/1/4771 1605/1/1605
f 1606/1/1606 4773/1/4772 6550/1/6549 4771/1/4770
f 4773/1/4772 1608/1/1608 4774/1/4773 6550/1/6549
f 6550/1/6549 4774/1/4773 1609/1/1609 4775/1/4774
f 4771/1/4770 6550/1/6549 4775/1/4774 1607/1/1607
f 1608/1/1608 4776/1/4775 6551/1/6550 4774/1/4773
f 4776/1/4775 1610/1/1610 4777/1/4776 6551/1/6550
f 6551/1/6550 4777/1/4776 1611/1/1611 4778/1/4777
f 4774/1/4773 6551/1/6550 4778/1/4777 1609/1/1609
f 1610/1/1610 4779/1/4778 6552/1/6551 4777/1/4776
f 4779/1/4778 1612/1/1612 4780/1/4779 6552/1/6551
f 6552/1/6551 4780/1/4779 1613/1/1613 4781/1/4780
f 4777/1/4776 6552/1/6551 4781/1/4780 1611/1/1611
f 1612/1/1612 4782/1/4781 6553/1/6552 4780/1/4779
f 4782/1/4781 1614/1/1614 4783/1/4782 6553/1/6552
f 6553/1/6552 4783/1/4782 1615/1/1615 4784/1/4783
f 4780/1/4779 6553/1/6552 4784/1/4783 1613/1/1613
f 1614/1/1614 4785/1/4784 6554/1/6553 4783/1/4782
f 4785/1/4784 1616/1/1616 4786/1/4785 6554/1/6553
f 6554/1/6553 4786/1/4785 1617/1/1617 4787/1/4786
f 4783/1/4782 6554/1/6553 4787/1/4786 1615/1/1615
f 1616/1/1616 4788/1/4787 6555/1/6554 4786/1/4785
f 4788/1/4787 1618/1/1618 4789/1/4788 6555/1/6554
f 6555/1/6554 4789/1/4788 1619/1/1619 4790/1/4789
f 4786/1/4785 6555/1/6554 4790/1/4789 1617/1/1617
f 1600/1/1600 4791/1/4790 6556/1/6555 4761/1/4760
f 4791/1/4790 1619/1/1619 4789/1/4788 6556/1/6555
f 6556/1/6555 4789/1/4788 1618/1/1618 4792/1/4791
f 4761/1/4760 6556/1/6555 4792/1/4791 1601/1/1601
f 1542/1/1542 4677/1/4676 6557/1/6556 4793/1/4792
f 4677/1/4676 1545/1/1545 4794/1/4793 6557/1/6556
f 6557/1/6556 4794/1/4793 1504/1/1504 4610/1/4609
f 4793/1/4792 6557/1/6556 4610/1/4609 1503/1/1503
f 1503/1/1503 4610/1/4609 6558/1/6557 4664/1/4663
f 4610/1/4609 1504/1/1504 4594/1/4593 6558/1/6557
f 6558/1/6557 4594/1/4593 1501/1/1501 4665/1/4664
f 4664/1/4663 6558/1/6557 4665/1/4664 1502/1/1502
f 1530/1/1530 4637/1/4636 6559/1/6558 4570/1/4569
f 4637/1/4636 1531/1/1531 4662/1/4661 6559/1/6558
f 6559/1/6558 4662/1/4661 1474/1/1474 4589/1/4588
f 4570/1/4569 6559/1/6558 4589/1/4588 1475/1/1475
f 1517/1/1517 4624/1/4623 6560/1/6559 4571/1/4570
f 4624/1/4623 1518/1/1518 4609/1/4608 6560/1/6559
f 6560/1/6559 4609/1/4608 1487/1/1487 4655/1/4654
f 4571/1/4570 6560/1/6559 4655/1/4654 1488/1/1488
f 1504/1/1504 4611/1/4610 6561/1/6560 4594/1/4593
f 4611/1/4610 1505/1/1505 4569/1/4568 6561/1/6560
f 6561/1/6560 4569/1/4568 1500/1/1500 4605/1/4604
f 4594/1/4593 6561/1/6560 4605/1/4604 1501/1/1501
f 1531/1/1531 4638/1/4637 6562/1/6561 4662/1/4661
f 4638/1/4637 1532/1/1532 4660/1/4659 6562/1/6561
f 6562/1/6561 4660/1/4659 1473/1/1473 4583/1/4582
f 4662/1/4661 6562/1/6561 4583/1/4582 1474/1/1474
f 1518/1/1518 4625/1/4624 6563/1/6562 4609/1/4608
f 4625/1/4624 1519/1/1519 4604/1/4603 6563/1/6562
f 6563/1/6562 4604/1/4603 1486/1/1486 4593/1/4592
f 4609/1/4608 6563/1/6562 4593/1/4592 1487/1/1487
f 1505/1/1505 4612/1/4611 6564/1/6563 4569/1/4568
f 4612/1/4611 1506/1/1506 4568/1/4567 6564/1/6563
f 6564/1/6563 4568/1/4567 1499/1/1499 4663/1/4662
f 4569/1/4568 6564/1/6563 4663/1/4662 1500/1/1500
f 1533/1/1533 4639/1/4638 6565/1/6564 4658/1/4657
f 4639/1/4638 1503/1/1503 4664/1/4663 6565/1/6564
f 6565/1/6564 4664/1/4663 1502/1/1502 4673/1/4672
f 4658/1/4657 6565/1/6564 4673/1/4672 1472/1/1472
f 1519/1/1519 4626/1/4625 6566/1/6565 4604/1/4603
f 4626/1/4625 1520/1/1520 4597/1/4596 6566/1/6565
f 6566/1/6565 4597/1/4596 1485/1/1485 4578/1/4577
f 4604/1/4603 6566/1/6565 4578/1/4577 1486/1/1486
f 1506/1/1506 4613/1/4612 6567/1/6566 4568/1/4567
f 4613/1/4612 1507/1/1507 4567/1/4566 6567/1/6566
f 6567/1/6566 4567/1/4566 1498/1/1498 4602/1/4601
f 4568/1/4567 6567/1/6566 4602/1/4601 1499/1/1499
f 1534/1/1534 4640/1/4639 6568/1/6567 4656/1/4655
f 4640/1/4639 1533/1/1533 4658/1/4657 6568/1/6567
f 6568/1/6567 4658/1/4657 1472/1/1472 4588/1/4587
f 4656/1/4655 6568/1/6567 4588/1/4587 1471/1/1471
f 1520/1/1520 4627/1/4626 6569/1/6568 4597/1/4596
f 4627/1/4626 1521/1/1521 4587/1/4586 6569/1/6568
f 6569/1/6568 4587/1/4586 1484/1/1484 4653/1/4652
f 4597/1/4596 6569/1/6568 4653/1/4652 1485/1/1485
f 1507/1/1507 4614/1/4613 6570/1/6569 4567/1/4566
f 4614/1/4613 1508/1/1508 4566/1/4565 6570/1/6569
f 6570/1/6569 4566/1/4565 1497/1/1497 4582/1/4581
f 4567/1/4566 6570/1/6569 4582/1/4581 1498/1/1498
f 1535/1/1535 4641/1/4640 6571/1/6570 4654/1/4653
f 4641/1/4640 1534/1/1534 4656/1/4655 6571/1/6570
f 6571/1/6570 4656/1/4655 1471/1/1471 4574/1/4573
f 4654/1/4653 6571/1/6570 4574/1/4573 1470/1/1470
f 1521/1/1521 4628/1/4627 6572/1/6571 4587/1/4586
f 4628/1/4627 1522/1/1522 4586/1/4585 6572/1/6571
f 6572/1/6571 4586/1/4585 1483/1/1483 4590/1/4589
f 4587/1/4586 6572/1/6571 4590/1/4589 1484/1/1484
f 1508/1/1508 4615/1/4614 6573/1/6572 4566/1/4565
f 4615/1/4614 1509/1/1509 4565/1/4564 6573/1/6572
f 6573/1/6572 4565/1/4564 1496/1/1496 4661/1/4660
f 4566/1/4565 6573/1/6572 4661/1/4660 1497/1/1497
f 1536/1/1536 4642/1/4641 6574/1/6573 4652/1/4651
f 4642/1/4641 1535/1/1535 4654/1/4653 6574/1/6573
f 6574/1/6573 4654/1/4653 1470/1/1470 4671/1/4670
f 4652/1/4651 6574/1/6573 4671/1/4670 1469/1/1469
f 1522/1/1522 4629/1/4628 6575/1/6574 4586/1/4585
f 4629/1/4628 1523/1/1523 4606/1/4605 6575/1/6574
f 6575/1/6574 4606/1/4605 1482/1/1482 4577/1/4576
f 4586/1/4585 6575/1/6574 4577/1/4576 1483/1/1483
f 1509/1/1509 4616/1/4615 6576/1/6575 4565/1/4564
f 4616/1/4615 1510/1/1510 4564/1/4563 6576/1/6575
f 6576/1/6575 4564/1/4563 1495/1/1495 4600/1/4599
f 4565/1/4564 6576/1/6575 4600/1/4599 1496/1/1496
f 1537/1/1537 4643/1/4642 6577/1/6576 4651/1/4650
f 4643/1/4642 1536/1/1536 4652/1/4651 6577/1/6576
f 6577/1/6576 4652/1/4651 1469/1/1469 4607/1/4606
f 4651/1/4650 6577/1/6576 4607/1/4606 1468/1/1468
f 1523/1/1523 4630/1/4629 6578/1/6577 4606/1/4605
f 4630/1/4629 1524/1/1524 4599/1/4598 6578/1/6577
f 6578/1/6577 4599/1/4598 1481/1/1481 4649/1/4648
f 4606/1/4605 6578/1/6577 4649/1/4648 1482/1/1482
f 1510/1/1510 4617/1/4616 6579/1/6578 4564/1/4563
f 4617/1/4616 1511/1/1511 4563/1/4562 6579/1/6578
f 6579/1/6578 4563/1/4562 1494/1/1494 4581/1/4580
f 4564/1/4563 6579/1/6578 4581/1/4580 1495/1/1495
f 1538/1/1538 4644/1/4643 6580/1/6579 4675/1/4674
f 4644/1/4643 1537/1/1537 4651/1/4650 6580/1/6579
f 6580/1/6579 4651/1/4650 1468/1/1468 4573/1/4572
f 4675/1/4674 6580/1/6579 4573/1/4572 1467/1/1467
f 1524/1/1524 4631/1/4630 6581/1/6580 4599/1/4598
f 4631/1/4630 1525/1/1525 4592/1/4591 6581/1/6580
f 6581/1/6580 4592/1/4591 1480/1/1480 4584/1/4583
f 4599/1/4598 6581/1/6580 4584/1/4583 1481/1/1481
f 1511/1/1511 4618/1/4617 6582/1/6581 4563/1/4562
f 4618/1/4617 1512/1/1512 4562/1/4561 6582/1/6581
f 6582/1/6581 4562/1/4561 1493/1/1493 4659/1/4658
f 4563/1/4562 6582/1/6581 4659/1/4658 1494/1/1494
f 1539/1/1539 4645/1/4644 6583/1/6582 4674/1/4673
f 4645/1/4644 1538/1/1538 4675/1/4674 6583/1/6582
f 6583/1/6582 4675/1/4674 1467/1/1467 4669/1/4668
f 4674/1/4673 6583/1/6582 4669/1/4668 1466/1/1466
f 1525/1/1525 4632/1/4631 6584/1/6583 4592/1/4591
f 4632/1/4631 1526/1/1526 4591/1/4590 6584/1/6583
f 6584/1/6583 4591/1/4590 1479/1/1479 4576/1/4575
f 4592/1/4591 6584/1/6583 4576/1/4575 1480/1/1480
f 1512/1/1512 4619/1/4618 6585/1/6584 4562/1/4561
f 4619/1/4618 1513/1/1513 4561/1/4560 6585/1/6584
f 6585/1/6584 4561/1/4560 1492/1/1492 4598/1/4597
f 4562/1/4561 6585/1/6584 4598/1/4597 1493/1/1493
f 1540/1/1540 4646/1/4645 6586/1/6585 4672/1/4671
f 4646/1/4645 1539/1/1539 4674/1/4673 6586/1/6585
f 6586/1/6585 4674/1/4673 1466/1/1466 4601/1/4600
f 4672/1/4671 6586/1/6585 4601/1/4600 1465/1/1465
f 1526/1/1526 4633/1/4632 6587/1/6586 4591/1/4590
f 4633/1/4632 1527/1/1527 4608/1/4607 6587/1/6586
f 6587/1/6586 4608/1/4607 1478/1/1478 4650/1/4649
f 4591/1/4590 6587/1/6586 4650/1/4649 1479/1/1479
f 1513/1/1513 4620/1/4619 6588/1/6587 4561/1/4560
f 4620/1/4619 1514/1/1514 4560/1/4559 6588/1/6587
f 6588/1/6587 4560/1/4559 1491/1/1491 4580/1/4579
f 4561/1/4560 6588/1/6587 4580/1/4579 1492/1/1492
f 1541/1/1541 4647/1/4646 6589/1/6588 4670/1/4669
f 4647/1/4646 1540/1/1540 4672/1/4671 6589/1/6588
f 6589/1/6588 4672/1/4671 1465/1/1465 4572/1/4571
f 4670/1/4669 6589/1/6588 4572/1/4571 1464/1/1464
f 1527/1/1527 4634/1/4633 6590/1/6589 4608/1/4607
f 4634/1/4633 1528/1/1528 4603/1/4602 6590/1/6589
f 6590/1/6589 4603/1/4602 1477/1/1477 4585/1/4584
f 4608/1/4607 6590/1/6589 4585/1/4584 1478/1/1478
f 1514/1/1514 4621/1/4620 6591/1/6590 4560/1/4559
f 4621/1/4620 1515/1/1515 4559/1/4558 6591/1/6590
f 6591/1/6590 4559/1/4558 1490/1/1490 4657/1/4656
f 4560/1/4559 6591/1/6590 4657/1/4656 1491/1/1491
f 1532/1/1532 4648/1/4647 6592/1/6591 4660/1/4659
f 4648/1/4647 1541/1/1541 4670/1/4669 6592/1/6591
f 6592/1/6591 4670/1/4669 1464/1/1464 4666/1/4665
f 4660/1/4659 6592/1/6591 4666/1/4665 1473/1/1473
f 1528/1/1528 4635/1/4634 6593/1/6592 4603/1/4602
f 4635/1/4634 1529/1/1529 4667/1/4666 6593/1/6592
f 6593/1/6592 4667/1/4666 1476/1/1476 4575/1/4574
f 4603/1/4602 6593/1/6592 4575/1/4574 1477/1/1477
f 1515/1/1515 4622/1/4621 6594/1/6593 4559/1/4558
f 4622/1/4621 1516/1/1516 4595/1/4594 6594/1/6593
f 6594/1/6593 4595/1/4594 1489/1/1489 4596/1/4595
f 4559/1/4558 6594/1/6593 4596/1/4595 1490/1/1490
f 1529/1/1529 4636/1/4635 6595/1/6594 4667/1/4666
f 4636/1/4635 1530/1/1530 4570/1/4569 6595/1/6594
f 6595/1/6594 4570/1/4569 1475/1/1475 4668/1/4667
f 4667/1/4666 6595/1/6594 4668/1/4667 1476/1/1476
f 1465/1/1465 4601/1/4600 6596/1/6595 4572/1/4571
f 1466/1/1466 4669/1/4668 6596/1/6595 4601/1/4600
f 1467/1/1467 4573/1/4572 6596/1/6595 4669/1/4668
f 1468/1/1468 4607/1/4606 6596/1/6595 4573/1/4572
f 1469/1/1469 4671/1/4670 6596/1/6595 4607/1/4606
f 1470/1/1470 4574/1/4573 6596/1/6595 4671/1/4670
f 1471/1/1471 4588/1/4587 6596/1/6595 4574/1/4573
f 1472/1/1472 4673/1/4672 6596/1/6595 4588/1/4587
f 1502/1/1502 4665/1/4664 6596/1/6595 4673/1/4672
f 1501/1/1501 4605/1/4604 6596/1/6595 4665/1/4664
f 1500/1/1500 4663/1/4662 6596/1/6595 4605/1/4604
f 1499/1/1499 4602/1/4601 6596/1/6595 4663/1/4662
f 1498/1/1498 4582/1/4581 6596/1/6595 4602/1/4601
f 1497/1/1497 4661/1/4660 6596/1/6595 4582/1/4581
f 1496/1/1496 4600/1/4599 6596/1/6595 4661/1/4660
f 1495/1/1495 4581/1/4580 6596/1/6595 4600/1/4599
f 1494/1/1494 4659/1/4658 6596/1/6595 4581/1/4580
f 1493/1/1493 4598/1/4597 6596/1/6595 4659/1/4658
f 1492/1/1492 4580/1/4579 6596/1/6595 4598/1/4597
f 1491/1/1491 4657/1/4656 6596/1/6595 4580/1/4579
f 1490/1/1490 4596/1/4595 6596/1/6595 4657/1/4656
f 1489/1/1489 4579/1/4578 6596/1/6595 4596/1/4595
f 1488/1/1488 4655/1/4654 6596/1/6595 4579/1/4578
f 1487/1/1487 4593/1/4592 6596/1/6595 4655/1/4654
f 1486/1/1486 4578/1/4577 6596/1/6595 4593/1/4592
f 1485/1/1485 4653/1/4652 6596/1/6595 4578/1/4577
f 1484/1/1484 4590/1/4589 6596/1/6595 4653/1/4652
f 1483/1/1483 4577/1/4576 6596/1/6595 4590/1/4589
f 1482/1/1482 4649/1/4648 6596/1/6595 4577/1/4576
f 1481/1/1481 4584/1/4583 6596/1/6595 4649/1/4648
f 1480/1/1480 4576/1/4575 6596/1/6595 4584/1/4583
f 1479/1/1479 4650/1/4649 6596/1/6595 4576/1/4575
f 1478/1/1478 4585/1/4584 6596/1/6595 4650/1/4649
f 1477/1/1477 4575/1/4574 6596/1/6595 4585/1/4584
f 1476/1/1476 4668/1/4667 6596/1/6595 4575/1/4574
f 1475/1/1475 4589/1/4588 6596/1/6595 4668/1/4667
f 1474/1/1474 4583/1/4582 6596/1/6595 4589/1/4588
f 1473/1/1473 4666/1/4665 6596/1/6595 4583/1/4582
f 1464/1/1464 4572/1/4571 6596/1/6595 4666/1/4665
f 1392/1/1392 4884/1/4883 6597/1/6596 4428/1/4428
f 1632/1/1632 4885/1/4884 6597/1/6596 4884/1/4883
f 1391/1/1391 4428/1/4428 6597/1/6596 4885/1/4884
f 1631/1/1631 4882/1/4881 6598/1/6597 4886/1/4885
f 4882/1/4881 1630/1/1630 4887/1/4886 6598/1/6597
f 6598/1/6597 4887/1/4886 1389/1/1389 4426/1/4426
f 4886/1/4885 6598/1/6597 4426/1/4426 1390/1/1390
f 1630/1/1630 4881/1/4880 6599/1/6598 4887/1/4886
f 4881/1/4880 1629/1/1629 4888/1/4887 6599/1/6598
f 6599/1/6598 4888/1/4887 1388/1/1388 4425/1/4425
f 4887/1/4886 6599/1/6598 4425/1/4425 1389/1/1389
f 1629/1/1629 4880/1/4879 6600/1/6599 4888/1/4887
f 4880/1/4879 1628/1/1628 4889/1/4888 6600/1/6599
f 6600/1/6599 4889/1/4888 1387/1/1387 4424/1/4424
f 4888/1/4887 6600/1/6599 4424/1/4424 1388/1/1388
f 1628/1/1628 4879/1/4878 6601/1/6600 4889/1/4888
f 4879/1/4878 1627/1/1627 4890/1/4889 6601/1/6600
f 6601/1/6600 4890/1/4889 1386/1/1386 4423/1/4423
f 4889/1/4888 6601/1/6600 4423/1/4423 1387/1/1387
f 1627/1/1627 4878/1/4877 6602/1/6601 4890/1/4889
f 4878/1/4877 1626/1/1626 4891/1/4890 6602/1/6601
f 6602/1/6601 4891/1/4890 1385/1/1385 4422/1/4422
f 4890/1/4889 6602/1/6601 4422/1/4422 1386/1/1386
f 1626/1/1626 4877/1/4876 6603/1/6602 4891/1/4890
f 4877/1/4876 1625/1/1625 4892/1/4891 6603/1/6602
f 6603/1/6602 4892/1/4891 1384/1/1384 4421/1/4421
f 4891/1/4890 6603/1/6602 4421/1/4421 1385/1/1385
f 1625/1/1625 4876/1/4875 6604/1/6603 4892/1/4891
f 4876/1/4875 1624/1/1624 4893/1/4892 6604/1/6603
f 6604/1/6603 4893/1/4892 1383/1/1383 4420/1/4420
f 4892/1/4891 6604/1/6603 4420/1/4420 1384/1/1384
f 1624/1/1624 4875/1/4874 6605/1/6604 4893/1/4892
f 4875/1/4874 1623/1/1623 4894/1/4893 6605/1/6604
f 6605/1/6604 4894/1/4893 1382/1/1382 4419/1/4419
f 4893/1/4892 6605/1/6604 4419/1/4419 1383/1/1383
f 1623/1/1623 4874/1/4873 6606/1/6605 4894/1/4893
f 4874/1/4873 1622/1/1622 4895/1/4894 6606/1/6605
f 6606/1/6605 4895/1/4894 1381/1/1381 4418/1/4418
f 4894/1/4893 6606/1/6605 4418/1/4418 1382/1/1382
f 1622/1/1622 4873/1/4872 6607/1/6606 4895/1/4894
f 4873/1/4872 1621/1/1621 4896/1/4895 6607/1/6606
f 6607/1/6606 4896/1/4895 1380/1/1380 4417/1/4417
f 4895/1/4894 6607/1/6606 4417/1/4417 1381/1/1381
f 1621/1/1621 4872/1/4871 6608/1/6607 4896/1/4895
f 4872/1/4871 1620/1/1620 4897/1/4896 6608/1/6607
f 6608/1/6607 4897/1/4896 1379/1/1379 4416/1/4416
f 4896/1/4895 6608/1/6607 4416/1/4416 1380/1/1380
f 1391/1/1391 4885/1/4884 6609/1/6608 4427/1/4427
f 4885/1/4884 1632/1/1632 4883/1/4882 6609/1/6608
f 6609/1/6608 4883/1/4882 1631/1/1631 4886/1/4885
f 4427/1/4427 6609/1/6608 4886/1/4885 1390/1/1390
f 1379/1/1379 4897/1/4896 6610/1/6609 4513/1/4512
f 4897/1/4896 1620/1/1620 4871/1/4870 6610/1/6609
f 6610/1/6609 4871/1/4870 1424/1/1424 4545/1/4544
f 4513/1/4512 6610/1/6609 4545/1/4544 1420/1/1420
f 1633/1/1633 5014/1/5013 6611/1/6610 4937/1/4936
f 5014/1/5013 1634/1/1634 4899/1/4898 6611/1/6610
f 6611/1/6610 4899/1/4898 1632/1/1632 4884/1/4883
f 4937/1/4936 6611/1/6610 4884/1/4883 1392/1/1392
f 1634/1/1634 5013/1/5012 6612/1/6611 4899/1/4898
f 5013/1/5012 1635/1/1635 4900/1/4899 6612/1/6611
f 6612/1/6611 4900/1/4899 1631/1/1631 4883/1/4882
f 4899/1/4898 6612/1/6611 4883/1/4882 1632/1/1632
f 1635/1/1635 5012/1/5011 6613/1/6612 4900/1/4899
f 5012/1/5011 1636/1/1636 4901/1/4900 6613/1/6612
f 6613/1/6612 4901/1/4900 1630/1/1630 4882/1/4881
f 4900/1/4899 6613/1/6612 4882/1/4881 1631/1/1631
f 1636/1/1636 5011/1/5010 6614/1/6613 4901/1/4900
f 5011/1/5010 1637/1/1637 4902/1/4901 6614/1/6613
f 6614/1/6613 4902/1/4901 1629/1/1629 4881/1/4880
f 4901/1/4900 6614/1/6613 4881/1/4880 1630/1/1630
f 1637/1/1637 5010/1/5009 6615/1/6614 4902/1/4901
f 5010/1/5009 1638/1/1638 4903/1/4902 6615/1/6614
f 6615/1/6614 4903/1/4902 1628/1/1628 4880/1/4879
f 4902/1/4901 6615/1/6614 4880/1/4879 1629/1/1629
f 1638/1/1638 5009/1/5008 6616/1/6615 4903/1/4902
f 5009/1/5008 1639/1/1639 4904/1/4903 6616/1/6615
f 6616/1/6615 4904/1/4903 1627/1/1627 4879/1/4878
f 4903/1/4902 6616/1/6615 4879/1/4878 1628/1/1628
f 1639/1/1639 5008/1/5007 6617/1/6616 4904/1/4903
f 5008/1/5007 1640/1/1640 4905/1/4904 6617/1/6616
f 6617/1/6616 4905/1/4904 1626/1/1626 4878/1/4877
f 4904/1/4903 6617/1/6616 4878/1/4877 1627/1/1627
f 1640/1/1640 5007/1/5006 6618/1/6617 4905/1/4904
f 5007/1/5006 1641/1/1641 4906/1/4905 6618/1/6617
f 6618/1/6617 4906/1/4905 1625/1/1625 4877/1/4876
f 4905/1/4904 6618/1/6617 4877/1/4876 1626/1/1626
f 1641/1/1641 5006/1/5005 6619/1/6618 4906/1/4905
f 5006/1/5005 1642/1/1642 4907/1/4906 6619/1/6618
f 6619/1/6618 4907/1/4906 1624/1/1624 4876/1/4875
f 4906/1/4905 6619/1/6618 4876/1/4875 1625/1/1625
f 1642/1/1642 5005/1/5004 6620/1/6619 4907/1/4906
f 5005/1/5004 1643/1/1643 4908/1/4907 6620/1/6619
f 6620/1/6619 4908/1/4907 1623/1/1623 4875/1/4874
f 4907/1/4906 6620/1/6619 4875/1/4874 1624/1/1624
f 1643/1/1643 5004/1/5003 6621/1/6620 4908/1/4907
f 5004/1/5003 1644/1/1644 4909/1/4908 6621/1/6620
f 6621/1/6620 4909/1/4908 1622/1/1622 4874/1/4873
f 4908/1/4907 6621/1/6620 4874/1/4873 1623/1/1623
f 1644/1/1644 5003/1/5002 6622/1/6621 4909/1/4908
f 5003/1/5002 1645/1/1645 4910/1/4909 6622/1/6621
f 6622/1/6621 4910/1/4909 1621/1/1621 4873/1/4872
f 4909/1/4908 6622/1/6621 4873/1/4872 1622/1/1622
f 1645/1/1645 5002/1/5001 6623/1/6622 4910/1/4909
f 5002/1/5001 1646/1/1646 4911/1/4910 6623/1/6622
f 6623/1/6622 4911/1/4910 1620/1/1620 4872/1/4871
f 4910/1/4909 6623/1/6622 4872/1/4871 1621/1/1621
f 1646/1/1646 5001/1/5000 6624/1/6623 4911/1/4910
f 5001/1/5000 1647/1/1647 4912/1/4911 6624/1/6623
f 6624/1/6623 4912/1/4911 1424/1/1424 4871/1/4870
f 4911/1/4910 6624/1/6623 4871/1/4870 1620/1/1620
f 1647/1/1647 5000/1/4999 6625/1/6624 4912/1/4911
f 5000/1/4999 1648/1/1648 4913/1/4912 6625/1/6624
f 6625/1/6624 4913/1/4912 1423/1/1423 4515/1/4514
f 4912/1/4911 6625/1/6624 4515/1/4514 1424/1/1424
f 1648/1/1648 4999/1/4998 6626/1/6625 4913/1/4912
f 4999/1/4998 1649/1/1649 4914/1/4913 6626/1/6625
f 6626/1/6625 4914/1/4913 1422/1/1422 4514/1/4513
f 4913/1/4912 6626/1/6625 4514/1/4513 1423/1/1423
f 1649/1/1649 4998/1/4997 6627/1/6626 4914/1/4913
f 4998/1/4997 1650/1/1650 4915/1/4914 6627/1/6626
f 6627/1/6626 4915/1/4914 1421/1/1421 4512/1/4511
f 4914/1/4913 6627/1/6626 4512/1/4511 1422/1/1422
f 1650/1/1650 4997/1/4996 6628/1/6627 4915/1/4914
f 4997/1/4996 1651/1/1651 4916/1/4915 6628/1/6627
f 6628/1/6627 4916/1/4915 1416/1/1416 4511/1/4510
f 4915/1/4914 6628/1/6627 4511/1/4510 1421/1/1421
f 1651/1/1651 4996/1/4995 6629/1/6628 4916/1/4915
f 4996/1/4995 1652/1/1652 4917/1/4916 6629/1/6628
f 6629/1/6628 4917/1/4916 1414/1/1414 4502/1/4501
f 4916/1/4915 6629/1/6628 4502/1/4501 1416/1/1416
f 1652/1/1652 4995/1/4994 6630/1/6629 4917/1/4916
f 4995/1/4994 1653/1/1653 4918/1/4917 6630/1/6629
f 6630/1/6629 4918/1/4917 1411/1/1411 4497/1/4496
f 4917/1/4916 6630/1/6629 4497/1/4496 1414/1/1414
f 1653/1/1653 4994/1/4993 6631/1/6630 4918/1/4917
f 4994/1/4993 1654/1/1654 4919/1/4918 6631/1/6630
f 6631/1/6630 4919/1/4918 1410/1/1410 4447/1/4447
f 4918/1/4917 6631/1/6630 4447/1/4447 1411/1/1411
f 1654/1/1654 4993/1/4992 6632/1/6631 4919/1/4918
f 4993/1/4992 1655/1/1655 4920/1/4919 6632/1/6631
f 6632/1/6631 4920/1/4919 1409/1/1409 4446/1/4446
f 4919/1/4918 6632/1/6631 4446/1/4446 1410/1/1410
f 1655/1/1655 4992/1/4991 6633/1/6632 4920/1/4919
f 4992/1/4991 1656/1/1656 4921/1/4920 6633/1/6632
f 6633/1/6632 4921/1/4920 1408/1/1408 4445/1/4445
f 4920/1/4919 6633/1/6632 4445/1/4445 1409/1/1409
f 1656/1/1656 4991/1/4990 6634/1/6633 4921/1/4920
f 4991/1/4990 1657/1/1657 4922/1/4921 6634/1/6633
f 6634/1/6633 4922/1/4921 1407/1/1407 4444/1/4444
f 4921/1/4920 6634/1/6633 4444/1/4444 1408/1/1408
f 1657/1/1657 4990/1/4989 6635/1/6634 4922/1/4921
f 4990/1/4989 1658/1/1658 4923/1/4922 6635/1/6634
f 6635/1/6634 4923/1/4922 1406/1/1406 4443/1/4443
f 4922/1/4921 6635/1/6634 4443/1/4443 1407/1/1407
f 1658/1/1658 4989/1/4988 6636/1/6635 4923/1/4922
f 4989/1/4988 1659/1/1659 4924/1/4923 6636/1/6635
f 6636/1/6635 4924/1/4923 1405/1/1405 4442/1/4442
f 4923/1/4922 6636/1/6635 4442/1/4442 1406/1/1406
f 1659/1/1659 4988/1/4987 6637/1/6636 4924/1/4923
f 4988/1/4987 1660/1/1660 4925/1/4924 6637/1/6636
f 6637/1/6636 4925/1/4924 1404/1/1404 4441/1/4441
f 4924/1/4923 6637/1/6636 4441/1/4441 1405/1/1405
f 1660/1/1660 4987/1/4986 6638/1/6637 4925/1/4924
f 4987/1/4986 1661/1/1661 4926/1/4925 6638/1/6637
f 6638/1/6637 4926/1/4925 1403/1/1403 4440/1/4440
f 4925/1/4924 6638/1/6637 4440/1/4440 1404/1/1404
f 1661/1/1661 4986/1/4985 6639/1/6638 4926/1/4925
f 4986/1/4985 1662/1/1662 4927/1/4926 6639/1/6638
f 6639/1/6638 4927/1/4926 1402/1/1402 4439/1/4439
f 4926/1/4925 6639/1/6638 4439/1/4439 1403/1/1403
f 1662/1/1662 4985/1/4984 6640/1/6639 4927/1/4926
f 4985/1/4984 1663/1/1663 4928/1/4927 6640/1/6639
f 6640/1/6639 4928/1/4927 1401/1/1401 4438/1/4438
f 4927/1/4926 6640/1/6639 4438/1/4438 1402/1/1402
f 1663/1/1663 4984/1/4983 6641/1/6640 4928/1/4927
f 4984/1/4983 1664/1/1664 4929/1/4928 6641/1/6640
f 6641/1/6640 4929/1/4928 1400/1/1400 4437/1/4437
f 4928/1/4927 6641/1/6640 4437/1/4437 1401/1/1401
f 1664/1/1664 4983/1/4982 6642/1/6641 4929/1/4928
f 4983/1/4982 1665/1/1665 4930/1/4929 6642/1/6641
f 6642/1/6641 4930/1/4929 1399/1/1399 4436/1/4436
f 4929/1/4928 6642/1/6641 4436/1/4436 1400/1/1400
f 1665/1/1665 4982/1/4981 6643/1/6642 4930/1/4929
f 4982/1/4981 1666/1/1666 4931/1/4930 6643/1/6642
f 6643/1/6642 4931/1/4930 1398/1/1398 4435/1/4435
f 4930/1/4929 6643/1/6642 4435/1/4435 1399/1/1399
f 1666/1/1666 4981/1/4980 6644/1/6643 4931/1/4930
f 4981/1/4980 1667/1/1667 4932/1/4931 6644/1/6643
f 6644/1/6643 4932/1/4931 1397/1/1397 4434/1/4434
f 4931/1/4930 6644/1/6643 4434/1/4434 1398/1/1398
f 1667/1/1667 4980/1/4979 6645/1/6644 4932/1/4931
f 4980/1/4979 1668/1/1668 4933/1/4932 6645/1/6644
f 6645/1/6644 4933/1/4932 1396/1/1396 4433/1/4433
f 4932/1/4931 6645/1/6644 4433/1/4433 1397/1/1397
f 1668/1/1668 4979/1/4978 6646/1/6645 4933/1/4932
f 4979/1/4978 1669/1/1669 4934/1/4933 6646/1/6645
f 6646/1/6645 4934/1/4933 1395/1/1395 4432/1/4432
f 4933/1/4932 6646/1/6645 4432/1/4432 1396/1/1396
f 1669/1/1669 4978/1/4977 6647/1/6646 4934/1/4933
f 4978/1/4977 1670/1/1670 4935/1/4934 6647/1/6646
f 6647/1/6646 4935/1/4934 1394/1/1394 4431/1/4431
f 4934/1/4933 6647/1/6646 4431/1/4431 1395/1/1395
f 1670/1/1670 4977/1/4976 6648/1/6647 4935/1/4934
f 4977/1/4976 1671/1/1671 4936/1/4935 6648/1/6647
f 6648/1/6647 4936/1/4935 1393/1/1393 4430/1/4430
f 4935/1/4934 6648/1/6647 4430/1/4430 1394/1/1394
f 1671/1/1671 4976/1/4975 6649/1/6648 4936/1/4935
f 4976/1/4975 1633/1/1633 4937/1/4936 6649/1/6648
f 6649/1/6648 4937/1/4936 1392/1/1392 4429/1/4429
f 4936/1/4935 6649/1/6648 4429/1/4429 1393/1/1393
f 1445/1/1445 4535/1/4534 6650/1/6649 4975/1/4974
f 4535/1/4534 1444/1/1444 4898/1/4897 6650/1/6649
f 6650/1/6649 4898/1/4897 1633/1/1633 4976/1/4975
f 4975/1/4974 6650/1/6649 4976/1/4975 1671/1/1671
f 1446/1/1446 4536/1/4535 6651/1/6650 4974/1/4973
f 4536/1/4535 1445/1/1445 4975/1/4974 6651/1/6650
f 6651/1/6650 4975/1/4974 1671/1/1671 4977/1/4976
f 4974/1/4973 6651/1/6650 4977/1/4976 1670/1/1670
f 1447/1/1447 4537/1/4536 6652/1/6651 4973/1/4972
f 4537/1/4536 1446/1/1446 4974/1/4973 6652/1/6651
f 6652/1/6651 4974/1/4973 1670/1/1670 4978/1/4977
f 4973/1/4972 6652/1/6651 4978/1/4977 1669/1/1669
f 1448/1/1448 4538/1/4537 6653/1/6652 4972/1/4971
f 4538/1/4537 1447/1/1447 4973/1/4972 6653/1/6652
f 6653/1/6652 4973/1/4972 1669/1/1669 4979/1/4978
f 4972/1/4971 6653/1/6652 4979/1/4978 1668/1/1668
f 1449/1/1449 4539/1/4538 6654/1/6653 4971/1/4970
f 4539/1/4538 1448/1/1448 4972/1/4971 6654/1/6653
f 6654/1/6653 4972/1/4971 1668/1/1668 4980/1/4979
f 4971/1/4970 6654/1/6653 4980/1/4979 1667/1/1667
f 1450/1/1450 4540/1/4539 6655/1/6654 4970/1/4969
f 4540/1/4539 1449/1/1449 4971/1/4970 6655/1/6654
f 6655/1/6654 4971/1/4970 1667/1/1667 4981/1/4980
f 4970/1/4969 6655/1/6654 4981/1/4980 1666/1/1666
f 1451/1/1451 4541/1/4540 6656/1/6655 4969/1/4968
f 4541/1/4540 1450/1/1450 4970/1/4969 6656/1/6655
f 6656/1/6655 4970/1/4969 1666/1/1666 4982/1/4981
f 4969/1/4968 6656/1/6655 4982/1/4981 1665/1/1665
f 1452/1/1452 4542/1/4541 6657/1/6656 4968/1/4967
f 4542/1/4541 1451/1/1451 4969/1/4968 6657/1/6656
f 6657/1/6656 4969/1/4968 1665/1/1665 4983/1/4982
f 4968/1/4967 6657/1/6656 4983/1/4982 1664/1/1664
f 1453/1/1453 4543/1/4542 6658/1/6657 4967/1/4966
f 4543/1/4542 1452/1/1452 4968/1/4967 6658/1/6657
f 6658/1/6657 4968/1/4967 1664/1/1664 4984/1/4983
f 4967/1/4966 6658/1/6657 4984/1/4983 1663/1/1663
f 1454/1/1454 4544/1/4543 6659/1/6658 4966/1/4965
f 4544/1/4543 1453/1/1453 4967/1/4966 6659/1/6658
f 6659/1/6658 4967/1/4966 1663/1/1663 4985/1/4984
f 4966/1/4965 6659/1/6658 4985/1/4984 1662/1/1662
f 1463/1/1463 4558/1/4557 6660/1/6659 4965/1/4964
f 4558/1/4557 1454/1/1454 4966/1/4965 6660/1/6659
f 6660/1/6659 4966/1/4965 1662/1/1662 4986/1/4985
f 4965/1/4964 6660/1/6659 4986/1/4985 1661/1/1661
f 1462/1/1462 4557/1/4556 6661/1/6660 4964/1/4963
f 4557/1/4556 1463/1/1463 4965/1/4964 6661/1/6660
f 6661/1/6660 4965/1/4964 1661/1/1661 4987/1/4986
f 4964/1/4963 6661/1/6660 4987/1/4986 1660/1/1660
f 1461/1/1461 4556/1/4555 6662/1/6661 4963/1/4962
f 4556/1/4555 1462/1/1462 4964/1/4963 6662/1/6661
f 6662/1/6661 4964/1/4963 1660/1/1660 4988/1/4987
f 4963/1/4962 6662/1/6661 4988/1/4987 1659/1/1659
f 1460/1/1460 4555/1/4554 6663/1/6662 4962/1/4961
f 4555/1/4554 1461/1/1461 4963/1/4962 6663/1/6662
f 6663/1/6662 4963/1/4962 1659/1/1659 4989/1/4988
f 4962/1/4961 6663/1/6662 4989/1/4988 1658/1/1658
f 1459/1/1459 4554/1/4553 6664/1/6663 4961/1/4960
f 4554/1/4553 1460/1/1460 4962/1/4961 6664/1/6663
f 6664/1/6663 4962/1/4961 1658/1/1658 4990/1/4989
f 4961/1/4960 6664/1/6663 4990/1/4989 1657/1/1657
f 1458/1/1458 4553/1/4552 6665/1/6664 4960/1/4959
f 4553/1/4552 1459/1/1459 4961/1/4960 6665/1/6664
f 6665/1/6664 4961/1/4960 1657/1/1657 4991/1/4990
f 4960/1/4959 6665/1/6664 4991/1/4990 1656/1/1656
f 1457/1/1457 4552/1/4551 6666/1/6665 4959/1/4958
f 4552/1/4551 1458/1/1458 4960/1/4959 6666/1/6665
f 6666/1/6665 4960/1/4959 1656/1/1656 4992/1/4991
f 4959/1/4958 6666/1/6665 4992/1/4991 1655/1/1655
f 1456/1/1456 4551/1/4550 6667/1/6666 4958/1/4957
f 4551/1/4550 1457/1/1457 4959/1/4958 6667/1/6666
f 6667/1/6666 4959/1/4958 1655/1/1655 4993/1/4992
f 4958/1/4957 6667/1/6666 4993/1/4992 1654/1/1654
f 1455/1/1455 4550/1/4549 6668/1/6667 4957/1/4956
f 4550/1/4549 1456/1/1456 4958/1/4957 6668/1/6667
f 6668/1/6667 4958/1/4957 1654/1/1654 4994/1/4993
f 4957/1/4956 6668/1/6667 4994/1/4993 1653/1/1653
f 1425/1/1425 4549/1/4548 6669/1/6668 4956/1/4955
f 4549/1/4548 1455/1/1455 4957/1/4956 6669/1/6668
f 6669/1/6668 4957/1/4956 1653/1/1653 4995/1/4994
f 4956/1/4955 6669/1/6668 4995/1/4994 1652/1/1652
f 1426/1/1426 4516/1/4515 6670/1/6669 4955/1/4954
f 4516/1/4515 1425/1/1425 4956/1/4955 6670/1/6669
f 6670/1/6669 4956/1/4955 1652/1/1652 4996/1/4995
f 4955/1/4954 6670/1/6669 4996/1/4995 1651/1/1651
f 1427/1/1427 4517/1/4516 6671/1/6670 4954/1/4953
f 4517/1/4516 1426/1/1426 4955/1/4954 6671/1/6670
f 6671/1/6670 4955/1/4954 1651/1/1651 4997/1/4996
f 4954/1/4953 6671/1/6670 4997/1/4996 1650/1/1650
f 1428/1/1428 4518/1/4517 6672/1/6671 4953/1/4952
f 4518/1/4517 1427/1/1427 4954/1/4953 6672/1/6671
f 6672/1/6671 4954/1/4953 1650/1/1650 4998/1/4997
f 4953/1/4952 6672/1/6671 4998/1/4997 1649/1/1649
f 1429/1/1429 4519/1/4518 6673/1/6672 4952/1/4951
f 4519/1/4518 1428/1/1428 4953/1/4952 6673/1/6672
f 6673/1/6672 4953/1/4952 1649/1/1649 4999/1/4998
f 4952/1/4951 6673/1/6672 4999/1/4998 1648/1/1648
f 1430/1/1430 4520/1/4519 6674/1/6673 4951/1/4950
f 4520/1/4519 1429/1/1429 4952/1/4951 6674/1/6673
f 6674/1/6673 4952/1/4951 1648/1/1648 5000/1/4999
f 4951/1/4950 6674/1/6673 5000/1/4999 1647/1/1647
f 1431/1/1431 4521/1/4520 6675/1/6674 4950/1/4949
f 4521/1/4520 1430/1/1430 4951/1/4950 6675/1/6674
f 6675/1/6674 4951/1/4950 1647/1/1647 5001/1/5000
f 4950/1/4949 6675/1/6674 5001/1/5000 1646/1/1646
f 1432/1/1432 4522/1/4521 6676/1/6675 4949/1/4948
f 4522/1/4521 1431/1/1431 4950/1/4949 6676/1/6675
f 6676/1/6675 4950/1/4949 1646/1/1646 5002/1/5001
f 4949/1/4948 6676/1/6675 5002/1/5001 1645/1/1645
f 1433/1/1433 4523/1/4522 6677/1/6676 4948/1/4947
f 4523/1/4522 1432/1/1432 4949/1/4948 6677/1/6676
f 6677/1/6676 4949/1/4948 1645/1/1645 5003/1/5002
f 4948/1/4947 6677/1/6676 5003/1/5002 1644/1/1644
f 1434/1/1434 4524/1/4523 6678/1/6677 4947/1/4946
f 4524/1/4523 1433/1/1433 4948/1/4947 6678/1/6677
f 6678/1/6677 4948/1/4947 1644/1/1644 5004/1/5003
f 4947/1/4946 6678/1/6677 5004/1/5003 1643/1/1643
f 1435/1/1435 4525/1/4524 6679/1/6678 4946/1/4945
f 4525/1/4524 1434/1/1434 4947/1/4946 6679/1/6678
f 6679/1/6678 4947/1/4946 1643/1/1643 5005/1/5004
f 4946/1/4945 6679/1/6678 5005/1/5004 1642/1/1642
f 1436/1/1436 4526/1/4525 6680/1/6679 4945/1/4944
f 4526/1/4525 1435/1/1435 4946/1/4945 6680/1/6679
f 6680/1/6679 4946/1/4945 1642/1/1642 5006/1/5005
f 4945/1/4944 6680/1/6679 5006/1/5005 1641/1/1641
f 1437/1/1437 4527/1/4526 6681/1/6680 4944/1/4943
f 4527/1/4526 1436/1/1436 4945/1/4944 6681/1/6680
f 6681/1/6680 4945/1/4944 1641/1/1641 5007/1/5006
f 4944/1/4943 6681/1/6680 5007/1/5006 1640/1/1640
f 1438/1/1438 4528/1/4527 6682/1/6681 4943/1/4942
f 4528/1/4527 1437/1/1437 4944/1/4943 6682/1/6681
f 6682/1/6681 4944/1/4943 1640/1/1640 5008/1/5007
f 4943/1/4942 6682/1/6681 5008/1/5007 1639/1/1639
f 1439/1/1439 4529/1/4528 6683/1/6682 4942/1/4941
f 4529/1/4528 1438/1/1438 4943/1/4942 6683/1/6682
f 6683/1/6682 4943/1/4942 1639/1/1639 5009/1/5008
f 4942/1/4941 6683/1/6682 5009/1/5008 1638/1/1638
f 1440/1/1440 4530/1/4529 6684/1/6683 4941/1/4940
f 4530/1/4529 1439/1/1439 4942/1/4941 6684/1/6683
f 6684/1/6683 4942/1/4941 1638/1/1638 5010/1/5009
f 4941/1/4940 6684/1/6683 5010/1/5009 1637/1/1637
f 1441/1/1441 4531/1/4530 6685/1/6684 4940/1/4939
f 4531/1/4530 1440/1/1440 4941/1/4940 6685/1/6684
f 6685/1/6684 4941/1/4940 1637/1/1637 5011/1/5010
f 4940/1/4939 6685/1/6684 5011/1/5010 1636/1/1636
f 1442/1/1442 4532/1/4531 6686/1/6685 4939/1/4938
f 4532/1/4531 1441/1/1441 4940/1/4939 6686/1/6685
f 6686/1/6685 4940/1/4939 1636/1/1636 5012/1/5011
f 4939/1/4938 6686/1/6685 5012/1/5011 1635/1/1635
f 1443/1/1443 4533/1/4532 6687/1/6686 4938/1/4937
f 4533/1/4532 1442/1/1442 4939/1/4938 6687/1/6686
f 6687/1/6686 4939/1/4938 1635/1/1635 5013/1/5012
f 4938/1/4937 6687/1/6686 5013/1/5012 1634/1/1634
f 1444/1/1444 4534/1/4533 6688/1/6687 4898/1/4897
f 4534/1/4533 1443/1/1443 4938/1/4937 6688/1/6687
f 6688/1/6687 4938/1/4937 1634/1/1634 5014/1/5013
f 4898/1/4897 6688/1/6687 5014/1/5013 1633/1/1633
