time,position_x,position_y,position_z,speed_ms,speed_kmh,forward_speed,sideways_speed,acceleration_ms2,yaw,yaw_rate,raw_steer_x,raw_throttle_y,raw_brake_z,steer_input,handlebar_angle,steer_rate,throttle,brake,is_grounded,harsh_brake,harsh_steer,high_side_slip,high_yaw_rate,risk_score
0.1469,185.2042,0.1168,102.8923,0.0000,0.0000,0.0000,0.0000,0.0000,270.0000,0.0000,-0.0147,-0.1026,0.3079,0.0000,0.0000,0.0000,0.0000,0.0000,1,0,0,0,0,0.0000
0.2053,185.2042,0.0864,102.8923,0.0001,0.0002,0.0000,0.0001,0.0011,270.0010,0.0178,-0.0147,-0.1026,0.3079,0.0000,0.0000,0.0000,0.0000,0.0000,1,0,0,0,0,0.0010
0.4590,185.2042,0.0864,102.8924,0.0001,0.0002,0.0000,0.0001,0.0000,270.0025,0.0059,-0.0147,-0.1026,0.3079,0.0000,0.0000,0.0000,0.0000,0.0000,1,0,0,0,0,0.0003
0.5500,185.2042,0.0864,102.8924,0.0001,0.0002,0.0000,0.0001,0.0000,270.0031,0.0057,-0.0147,-0.1026,0.3079,0.0000,0.0000,0.0000,0.0000,0.0000,1,0,0,0,0,0.0003
0.6738,185.2042,0.0864,102.8924,0.0001,0.0002,0.0000,0.0001,0.0000,270.0038,0.0059,-0.0147,-0.1026,0.3079,0.0000,0.0000,0.0000,0.0000,0.0000,1,0,0,0,0,0.0003
0.7410,185.2042,0.0864,102.8924,0.0001,0.0002,0.0000,0.0001,0.0000,270.0042,0.0054,-0.0147,-0.1026,0.3079,0.0000,0.0000,0.0000,0.0000,0.0000,1,0,0,0,0,0.0003
0.7967,185.2042,0.0864,102.8924,0.0001,0.0002,0.0000,0.0001,0.0000,270.0044,0.0044,-0.0147,-0.1026,0.3079,0.0000,0.0000,0.0000,0.0000,0.0000,1,0,0,0,0,0.0002
0.8523,185.2042,0.0864,102.8923,0.0001,0.0002,0.0000,0.0001,0.0000,270.0047,0.0055,-0.0147,-0.1026,0.3079,0.0000,0.0000,0.0000,0.0000,0.0000,1,0,0,0,0,0.0003
0.9079,185.2042,0.0864,102.8924,0.0001,0.0002,0.0000,0.0001,0.0000,270.0050,0.0055,-0.0147,-0.1026,0.3079,0.0000,0.0000,0.0000,0.0000,0.0000,1,0,0,0,0,0.0003
0.9635,185.2042,0.0864,102.8923,0.0001,0.0002,0.0000,0.0001,0.0000,270.0053,0.0055,-0.0147,-0.1026,0.3079,0.0000,0.0000,0.0000,0.0000,0.0000,1,0,0,0,0,0.0003
1.0197,185.2042,0.0864,102.8924,0.0001,0.0002,0.0000,0.0001,0.0000,270.0056,0.0049,-0.0147,-0.1026,0.3079,0.0000,0.0000,0.0000,0.0000,0.0000,1,0,0,0,0,0.0003
1.0736,185.2043,0.0864,102.8924,0.0001,0.0002,0.0000,0.0001,0.0000,270.0059,0.0051,-0.0147,-0.1026,0.3079,0.0000,0.0000,0.0000,0.0000,0.0000,1,0,0,0,0,0.0003
1.1291,185.2042,0.0864,102.8924,0.0001,0.0002,0.0000,0.0001,0.0000,270.0062,0.0055,-0.0147,-0.1026,0.3079,0.0000,0.0000,0.0000,0.0000,0.0000,1,0,0,0,0,0.0003
1.2001,185.2042,0.0864,102.8924,0.0001,0.0002,0.0000,0.0001,0.0000,270.0065,0.0052,-0.0147,-0.1026,0.3079,0.0000,0.0000,0.0000,0.0000,0.0000,1,0,0,0,0,0.0003
1.2548,185.2042,0.0864,102.8924,0.0001,0.0002,0.0000,0.0001,0.0000,270.0068,0.0050,-0.0147,-0.1026,0.3079,0.0000,0.0000,0.0000,0.0000,0.0000,1,0,0,0,0,0.0003
1.3109,185.2043,0.0864,102.8924,0.0001,0.0002,0.0000,0.0001,0.0000,270.0070,0.0038,-0.0147,-0.1026,0.3079,0.0000,0.0000,0.0000,0.0000,0.0000,1,0,0,0,0,0.0002
1.3662,185.2042,0.0864,102.8924,0.0001,0.0002,0.0000,0.0001,0.0000,270.0072,0.0033,-0.0147,-0.1026,0.3079,0.0000,0.0000,0.0000,0.0000,0.0000,1,0,0,0,0,0.0002
1.4351,185.2042,0.0864,102.8924,0.0001,0.0002,0.0000,0.0001,0.0000,270.0075,0.0040,-0.0147,-0.1026,0.3079,0.0000,0.0000,0.0000,0.0000,0.0000,1,0,0,0,0,0.0002
1.4901,185.2042,0.0864,102.8924,0.0001,0.0002,0.0000,0.0001,0.0000,270.0077,0.0039,-0.0147,-0.1026,0.3079,0.0000,0.0000,0.0000,0.0000,0.0000,1,0,0,0,0,0.0002
1.5472,185.2043,0.0864,102.8924,0.0001,0.0002,0.0000,0.0001,0.0000,270.0079,0.0037,-0.0147,-0.1026,0.3079,0.0000,0.0000,0.0000,0.0000,0.0000,1,0,0,0,0,0.0002
1.6025,185.2042,0.0864,102.8924,0.0001,0.0002,0.0000,0.0001,0.0000,270.0081,0.0039,-0.0147,-0.1026,0.3079,0.0000,0.0000,0.0000,0.0000,0.0000,1,0,0,0,0,0.0002
1.6572,185.2042,0.0864,102.8923,0.0001,0.0002,0.0000,0.0001,0.0000,270.0083,0.0028,-0.0147,-0.1026,0.3079,0.0000,0.0000,0.0000,0.0000,0.0000,1,0,0,0,0,0.0002
1.7155,185.2042,0.0864,102.8924,0.0001,0.0002,0.0000,0.0001,0.0000,270.0085,0.0037,-0.0147,-0.1026,0.3079,0.0000,0.0000,0.0000,0.0000,0.0000,1,0,0,0,0,0.0002
1.7840,185.2042,0.0864,102.8924,0.0001,0.0002,0.0000,0.0001,0.0000,270.0087,0.0036,-0.0147,-0.1026,0.3079,0.0000,0.0000,0.0000,0.0000,0.0000,1,0,0,0,0,0.0002
1.8401,185.2042,0.0864,102.8924,0.0001,0.0002,0.0000,0.0001,0.0000,270.0089,0.0038,-0.0147,-0.1026,0.3079,0.0000,0.0000,0.0000,0.0000,0.0000,1,0,0,0,0,0.0002
1.8938,185.2042,0.0864,102.8924,0.0001,0.0002,0.0000,0.0001,0.0000,270.0092,0.0040,-0.0147,-0.1026,0.3079,0.0000,0.0000,0.0000,0.0000,0.0000,1,0,0,0,0,0.0002
1.9505,185.2042,0.0864,102.8923,0.0001,0.0002,0.0000,0.0001,0.0000,270.0093,0.0027,-0.0147,-0.1026,0.3079,0.0000,0.0000,0.0000,0.0000,0.0000,1,0,0,0,0,0.0001
2.0057,185.2042,0.0864,102.8924,0.0001,0.0002,0.0000,0.0001,0.0000,270.0095,0.0039,-0.0147,-0.1026,0.3079,0.0000,0.0000,0.0000,0.0000,0.0000,1,0,0,0,0,0.0002
2.0617,185.2042,0.0864,102.8924,0.0001,0.0002,0.0000,0.0001,0.0000,270.0097,0.0038,-0.0147,-0.1026,0.3079,0.0000,0.0000,0.0000,0.0000,0.0000,1,0,0,0,0,0.0002
2.1170,185.2042,0.0864,102.8924,0.0001,0.0002,0.0000,0.0001,0.0000,270.0099,0.0039,-0.0147,-0.1026,0.3079,0.0000,0.0000,0.0000,0.0000,0.0000,1,0,0,0,0,0.0002
2.1716,185.2042,0.0864,102.8923,0.0001,0.0002,0.0000,0.0001,0.0000,270.0103,0.0056,-0.0147,-0.1026,0.3079,0.0000,0.0000,0.0000,0.0000,0.0000,1,0,0,0,0,0.0003
2.2414,185.2042,0.0864,102.8924,0.0001,0.0002,0.0000,0.0001,0.0000,270.0106,0.0052,-0.0147,-0.1026,0.3079,0.0000,0.0000,0.0000,0.0000,0.0000,1,0,0,0,0,0.0003
2.2971,185.2042,0.0864,102.8924,0.0001,0.0002,0.0000,0.0001,0.0000,270.0109,0.0055,-0.0147,-0.1026,0.3079,0.0000,0.0000,0.0000,0.0000,0.0000,1,0,0,0,0,0.0003
2.3541,185.2042,0.0864,102.8924,0.0001,0.0002,0.0000,0.0001,0.0000,270.0113,0.0059,-0.0147,-0.1026,0.3079,0.0000,0.0000,0.0000,0.0000,0.0000,1,0,0,0,0,0.0003
2.4075,185.2042,0.0864,102.8924,0.0001,0.0002,0.0000,0.0001,0.0000,270.0115,0.0040,-0.0147,-0.1026,0.3079,0.0000,0.0000,0.0000,0.0000,0.0000,1,0,0,0,0,0.0002
2.4654,185.2042,0.0864,102.8924,0.0001,0.0002,0.0000,0.0001,0.0000,270.0118,0.0063,-0.0147,-0.1026,0.3079,0.0000,0.0000,0.0000,0.0000,0.0000,1,0,0,0,0,0.0004
2.5203,185.2042,0.0864,102.8924,0.0001,0.0002,0.0000,0.0001,0.0000,270.0121,0.0056,-0.0147,-0.1026,0.3079,0.0000,0.0000,0.0000,0.0000,0.0000,1,0,0,0,0,0.0003
2.5742,185.2042,0.0864,102.8924,0.0001,0.0002,0.0000,0.0001,0.0000,270.0124,0.0045,-0.0147,-0.1026,0.3079,0.0000,0.0000,0.0000,0.0000,0.0000,1,0,0,0,0,0.0003
2.6294,185.2042,0.0864,102.8924,0.0001,0.0002,0.0000,0.0001,0.0000,270.0127,0.0055,-0.0147,-0.1026,0.3079,0.0000,0.0000,0.0000,0.0000,0.0000,1,0,0,0,0,0.0003
2.6859,185.2042,0.0864,102.8923,0.0001,0.0002,0.0000,0.0001,0.0000,270.0131,0.0076,-0.0147,-0.1026,0.3079,0.0000,0.0000,0.0000,0.0000,0.0000,1,0,0,0,0,0.0004
2.7402,185.2042,0.0864,102.8924,0.0001,0.0002,0.0000,0.0001,0.0000,270.0134,0.0056,-0.0147,-0.1026,0.3079,0.0000,0.0000,0.0000,0.0000,0.0000,1,0,0,0,0,0.0003
2.8143,185.2042,0.0864,102.8924,0.0001,0.0002,0.0000,0.0001,0.0000,270.0139,0.0062,-0.0147,-0.1026,0.3079,0.0000,0.0000,0.0000,0.0000,0.0000,1,0,0,0,0,0.0003
2.8798,185.2042,0.0864,102.8924,0.0001,0.0002,0.0000,0.0001,0.0000,270.0143,0.0061,-0.0147,-0.1026,0.3079,0.0000,0.0000,0.0000,0.0000,0.0000,1,0,0,0,0,0.0003
2.9353,185.2042,0.0864,102.8924,0.0001,0.0002,0.0000,0.0001,0.0000,270.0146,0.0061,-0.0147,-0.1026,0.3079,0.0000,0.0000,0.0000,0.0000,0.0000,1,0,0,0,0,0.0003
2.9907,185.2042,0.0864,102.8923,0.0001,0.0002,0.0000,0.0001,0.0000,270.0150,0.0061,-0.0147,-0.1026,0.3079,0.0000,0.0000,0.0000,0.0000,0.0000,1,0,0,0,0,0.0003
3.0466,185.2042,0.0864,102.8924,0.0001,0.0002,0.0000,0.0001,0.0000,270.0152,0.0049,-0.0147,-0.1026,0.3079,0.0000,0.0000,0.0000,0.0000,0.0000,1,0,0,0,0,0.0003
3.1150,185.2042,0.0864,102.8924,0.0001,0.0002,0.0000,0.0001,0.0000,270.0155,0.0040,-0.0147,-0.1026,0.3079,0.0000,0.0000,0.0000,0.0000,0.0000,1,0,0,0,0,0.0002
3.1716,185.2042,0.0864,102.8924,0.0001,0.0002,0.0000,0.0001,0.0000,270.0158,0.0054,-0.0147,-0.1026,0.3079,0.0000,0.0000,0.0000,0.0000,0.0000,1,0,0,0,0,0.0003
3.2266,185.2042,0.0864,102.8923,0.0001,0.0002,0.0000,0.0001,0.0000,270.0161,0.0050,-0.0147,-0.1026,0.3079,0.0000,0.0000,0.0000,0.0000,0.0000,1,0,0,0,0,0.0003
3.2826,185.2043,0.0864,102.8924,0.0001,0.0002,0.0000,0.0001,0.0000,270.0164,0.0049,-0.0147,-0.1026,0.3079,0.0000,0.0000,0.0000,0.0000,0.0000,1,0,0,0,0,0.0003
3.3521,185.2042,0.0864,102.8924,0.0001,0.0002,0.0000,0.0001,0.0000,270.0167,0.0053,-0.0147,-0.1026,0.3079,0.0000,0.0000,0.0000,0.0000,0.0000,1,0,0,0,0,0.0003
3.4083,185.2042,0.0864,102.8924,0.0001,0.0002,0.0000,0.0001,0.0000,270.0170,0.0054,-0.0147,-0.1026,0.3079,0.0000,0.0000,0.0000,0.0000,0.0000,1,0,0,0,0,0.0003
3.4625,185.2042,0.0864,102.8924,0.0001,0.0002,0.0000,0.0001,0.0000,270.0173,0.0045,-0.0147,-0.1026,0.3079,0.0000,0.0000,0.0000,0.0000,0.0000,1,0,0,0,0,0.0003
3.5332,185.2042,0.0864,102.8924,0.0001,0.0002,0.0000,0.0001,0.0000,270.0176,0.0052,-0.0147,-0.1026,0.3079,0.0000,0.0000,0.0000,0.0000,0.0000,1,0,0,0,0,0.0003
3.5879,185.2042,0.0864,102.8924,0.0001,0.0002,0.0000,0.0001,0.0000,270.0179,0.0045,-0.0147,-0.1026,0.3079,0.0000,0.0000,0.0000,0.0000,0.0000,1,0,0,0,0,0.0002
3.6431,185.2042,0.0864,102.8924,0.0001,0.0002,0.0000,0.0001,0.0000,270.0181,0.0044,-0.0147,-0.1026,0.3079,0.0000,0.0000,0.0000,0.0000,0.0000,1,0,0,0,0,0.0002
3.7022,185.2042,0.0864,102.8924,0.0001,0.0002,0.0000,0.0001,0.0000,270.0183,0.0036,-0.0147,-0.1026,0.3079,0.0000,0.0000,0.0000,0.0000,0.0000,1,0,0,0,0,0.0002
3.7547,185.2042,0.0864,102.8923,0.0001,0.0002,0.0000,0.0001,0.0000,270.0186,0.0041,-0.0147,-0.1026,0.3079,0.0000,0.0000,0.0000,0.0000,0.0000,1,0,0,0,0,0.0002
3.8096,185.2042,0.0864,102.8923,0.0001,0.0002,0.0000,0.0001,0.0000,270.0187,0.0033,-0.0147,-0.1026,0.3079,0.0000,0.0000,0.0000,0.0000,0.0000,1,0,0,0,0,0.0002
4.0837,185.2042,0.0864,102.8924,0.0001,0.0002,0.0000,0.0001,0.0000,270.0197,0.0037,-0.0147,-0.1026,0.3079,0.0000,0.0000,0.0000,0.0000,0.0000,1,0,0,0,0,0.0002
4.1510,185.2042,0.0864,102.8924,0.0001,0.0002,0.0000,0.0001,0.0000,270.0200,0.0036,-0.0147,-0.1026,0.3079,0.0000,0.0000,0.0000,0.0000,0.0000,1,0,0,0,0,0.0002
4.2150,185.2043,0.0864,102.8924,0.0001,0.0002,0.0000,0.0001,0.0000,270.0203,0.0043,-0.0147,-0.1026,0.3079,0.0000,0.0000,0.0000,0.0000,0.0000,1,0,0,0,0,0.0002
4.2833,185.2042,0.0864,102.8924,0.0001,0.0002,0.0000,0.0001,0.0000,270.0205,0.0031,-0.0147,-0.1026,0.3079,0.0000,0.0000,0.0000,0.0000,0.0000,1,0,0,0,0,0.0002
4.3399,185.2042,0.0864,102.8924,0.0001,0.0002,0.0000,0.0001,0.0000,270.0207,0.0038,-0.0147,-0.1026,0.3079,0.0000,0.0000,0.0000,0.0000,0.0000,1,0,0,0,0,0.0002
4.4265,185.2042,0.0864,102.8924,0.0001,0.0002,0.0000,0.0001,0.0000,270.0211,0.0046,-0.0147,-0.1026,0.3079,0.0000,0.0000,0.0000,0.0000,0.0000,1,0,0,0,0,0.0003
4.5056,185.2042,0.0864,102.8924,0.0001,0.0002,0.0000,0.0001,0.0000,270.0215,0.0050,-0.0147,-0.1026,0.3079,0.0000,0.0000,0.0000,0.0000,0.0000,1,0,0,0,0,0.0003
4.5636,185.2042,0.0864,102.8924,0.0001,0.0002,0.0000,0.0001,0.0000,270.0218,0.0058,-0.0147,-0.1026,0.3079,0.0000,0.0000,0.0000,0.0000,0.0000,1,0,0,0,0,0.0003
4.6654,185.2043,0.0864,102.8924,0.0001,0.0002,0.0000,0.0001,0.0000,270.0223,0.0048,-0.0147,-0.1026,0.3079,0.0000,0.0000,0.0000,0.0000,0.0000,1,0,0,0,0,0.0003
4.7278,185.2042,0.0864,102.8924,0.0001,0.0002,0.0000,0.0001,0.0000,270.0226,0.0044,-0.0147,-0.1026,0.3079,0.0000,0.0000,0.0000,0.0000,0.0000,1,0,0,0,0,0.0002
4.7824,185.2042,0.0864,102.8924,0.0001,0.0002,0.0000,0.0001,0.0000,270.0228,0.0045,-0.0147,-0.1026,0.3079,0.0000,0.0000,0.0000,0.0000,0.0000,1,0,0,0,0,0.0002
4.8387,185.2042,0.0864,102.8924,0.0001,0.0002,0.0000,0.0001,0.0000,270.0231,0.0049,-0.0147,-0.1026,0.3079,0.0000,0.0000,0.0000,0.0000,0.0000,1,0,0,0,0,0.0003
4.8944,185.2042,0.0864,102.8924,0.0001,0.0002,0.0000,0.0001,0.0000,270.0234,0.0049,-0.0147,-0.1026,0.3079,0.0000,0.0000,0.0000,0.0000,0.0000,1,0,0,0,0,0.0003
4.9647,185.2042,0.0864,102.8924,0.0001,0.0002,0.0000,0.0001,0.0000,270.0239,0.0069,-0.0147,-0.1026,0.3079,0.0000,0.0000,0.0000,0.0000,0.0000,1,0,0,0,0,0.0004
5.0193,185.2042,0.0864,102.8924,0.0001,0.0002,0.0000,0.0001,0.0000,270.0242,0.0056,-0.0147,-0.1026,0.3079,0.0000,0.0000,0.0000,0.0000,0.0000,1,0,0,0,0,0.0003
5.0887,185.2042,0.0864,102.8924,0.0001,0.0002,0.0000,0.0001,0.0000,270.0247,0.0070,-0.0147,-0.1026,0.3079,0.0000,0.0000,0.0000,0.0000,0.0000,1,0,0,0,0,0.0004
5.1447,185.2042,0.0864,102.8924,0.0001,0.0002,0.0000,0.0001,0.0000,270.0250,0.0055,-0.0147,-0.1026,0.3079,0.0000,0.0000,0.0000,0.0000,0.0000,1,0,0,0,0,0.0003
5.1991,185.2042,0.0864,102.8924,0.0001,0.0002,0.0000,0.0001,0.0000,270.0253,0.0062,-0.0147,-0.1026,0.3079,0.0000,0.0000,0.0000,0.0000,0.0000,1,0,0,0,0,0.0003
5.2544,185.2042,0.0864,102.8924,0.0001,0.0002,0.0000,0.0001,0.0000,270.0256,0.0061,-0.0147,-0.1026,0.3079,0.0000,0.0000,0.0000,0.0000,0.0000,1,0,0,0,0,0.0003
5.3104,185.2042,0.0864,102.8924,0.0001,0.0002,0.0000,0.0001,0.0000,270.0259,0.0055,-0.0147,-0.1026,0.3079,0.0000,0.0000,0.0000,0.0000,0.0000,1,0,0,0,0,0.0003
5.3686,185.2042,0.0864,102.8924,0.0001,0.0002,0.0000,0.0001,0.0000,270.0262,0.0047,-0.0147,-0.1026,0.3079,0.0000,0.0000,0.0000,0.0000,0.0000,1,0,0,0,0,0.0003
5.4221,185.2043,0.0864,102.8924,0.0001,0.0002,0.0000,0.0001,0.0000,270.0265,0.0051,-0.0147,-0.1026,0.3079,0.0000,0.0000,0.0000,0.0000,0.0000,1,0,0,0,0,0.0003
5.4932,185.2043,0.0864,102.8924,0.0001,0.0002,0.0000,0.0001,0.0000,270.0268,0.0047,-0.0147,-0.1026,0.3079,0.0000,0.0000,0.0000,0.0000,0.0000,1,0,0,0,0,0.0003
5.5578,185.2043,0.0864,102.8924,0.0001,0.0002,0.0000,0.0001,0.0000,270.0272,0.0052,-0.0147,-0.1026,0.3079,0.0000,0.0000,0.0000,0.0000,0.0000,1,0,0,0,0,0.0003
5.6154,185.2042,0.0864,102.8924,0.0001,0.0002,0.0000,0.0001,0.0000,270.0275,0.0053,-0.0147,-0.1026,0.3079,0.0000,0.0000,0.0000,0.0000,0.0000,1,0,0,0,0,0.0003
5.6710,185.2042,0.0864,102.8924,0.0001,0.0002,0.0000,0.0001,0.0000,270.0277,0.0044,-0.0147,-0.1026,0.3079,0.0000,0.0000,0.0000,0.0000,0.0000,1,0,0,0,0,0.0002
5.7274,185.2042,0.0864,102.8924,0.0001,0.0002,0.0000,0.0001,0.0000,270.0280,0.0054,-0.0147,-0.1026,0.3079,0.0000,0.0000,0.0000,0.0000,0.0000,1,0,0,0,0,0.0003
5.7829,185.2042,0.0864,102.8924,0.0001,0.0002,0.0000,0.0001,0.0000,270.0283,0.0055,-0.0147,-0.1026,0.3079,0.0000,0.0000,0.0000,0.0000,0.0000,1,0,0,0,0,0.0003
5.8386,185.2042,0.0864,102.8924,0.0001,0.0002,0.0000,0.0001,0.0000,270.0286,0.0049,-0.0147,-0.1026,0.3079,0.0000,0.0000,0.0000,0.0000,0.0000,1,0,0,0,0,0.0003
5.8930,185.2042,0.0864,102.8924,0.0001,0.0002,0.0000,0.0001,0.0000,270.0288,0.0039,-0.0147,-0.1026,0.3079,0.0000,0.0000,0.0000,0.0000,0.0000,1,0,0,0,0,0.0002
5.9490,185.2042,0.0864,102.8924,0.0001,0.0002,0.0000,0.0001,0.0000,270.0290,0.0038,-0.0147,-0.1026,0.3079,0.0000,0.0000,0.0000,0.0000,0.0000,1,0,0,0,0,0.0002
6.0071,185.2042,0.0864,102.8923,0.0001,0.0002,0.0000,0.0001,0.0000,270.0293,0.0042,-0.0147,-0.1026,0.3079,0.0000,0.0000,0.0000,0.0000,0.0000,1,0,0,0,0,0.0002
6.0740,185.2042,0.0864,102.8924,0.0001,0.0002,0.0000,0.0001,0.0000,270.0295,0.0032,-0.0147,-0.1026,0.3079,0.0000,0.0000,0.0000,0.0000,0.0000,1,0,0,0,0,0.0002
6.1290,185.2042,0.0864,102.8924,0.0001,0.0002,0.0000,0.0001,0.0000,270.0297,0.0039,-0.0147,-0.1026,0.3079,0.0000,0.0000,0.0000,0.0000,0.0000,1,0,0,0,0,0.0002
6.1910,185.2042,0.0864,102.8924,0.0001,0.0002,0.0000,0.0001,0.0000,270.0299,0.0030,-0.0147,-0.1026,0.3079,0.0000,0.0000,0.0000,0.0000,0.0000,1,0,0,0,0,0.0002
6.2547,185.2042,0.0864,102.8924,0.0001,0.0002,0.0000,0.0001,0.0000,270.0301,0.0038,-0.0147,-0.1026,0.3079,0.0000,0.0000,0.0000,0.0000,0.0000,1,0,0,0,0,0.0002
6.3482,185.2043,0.0864,102.8924,0.0001,0.0002,0.0000,0.0001,0.0000,270.0304,0.0033,-0.0147,-0.1026,0.3079,0.0000,0.0000,0.0000,0.0000,0.0000,1,0,0,0,0,0.0002
6.5936,185.2042,0.0864,102.8923,0.0001,0.0002,0.0000,0.0001,0.0000,270.0314,0.0039,-0.0147,-0.1026,0.3079,0.0000,0.0000,0.0000,0.0000,0.0000,1,0,0,0,0,0.0002
6.6911,185.2042,0.0864,102.8924,0.0001,0.0002,0.0000,0.0001,0.0000,270.0317,0.0031,-0.0147,-0.1026,0.3079,0.0000,0.0000,0.0000,0.0000,0.0000,1,0,0,0,0,0.0002
6.7446,185.2042,0.0864,102.8924,0.0001,0.0002,0.0000,0.0001,0.0000,270.0319,0.0046,-0.0147,-0.1026,0.3079,0.0000,0.0000,0.0000,0.0000,0.0000,1,0,0,0,0,0.0003
6.8182,185.2042,0.0864,102.8924,0.0001,0.0002,0.0000,0.0001,0.0000,270.0323,0.0058,-0.0147,-0.1026,0.3079,0.0000,0.0000,0.0000,0.0000,0.0000,1,0,0,0,0,0.0003
6.8767,185.2042,0.0864,102.8924,0.0001,0.0002,0.0000,0.0001,0.0000,270.0327,0.0052,-0.0147,-0.1026,0.3079,0.0000,0.0000,0.0000,0.0000,0.0000,1,0,0,0,0,0.0003
6.9428,185.2042,0.0864,102.8924,0.0001,0.0002,0.0000,0.0001,0.0000,270.0330,0.0055,-0.0147,-0.1026,0.3079,0.0000,0.0000,0.0000,0.0000,0.0000,1,0,0,0,0,0.0003
7.0015,185.2042,0.0864,102.8924,0.0001,0.0002,0.0000,0.0001,0.0000,270.0333,0.0052,-0.0147,-0.1026,0.3079,0.0000,0.0000,0.0000,0.0000,0.0000,1,0,0,0,0,0.0003
7.0546,185.2042,0.0864,102.8924,0.0001,0.0002,0.0000,0.0001,0.0000,270.0336,0.0057,-0.0147,-0.1026,0.3079,0.0000,0.0000,0.0000,0.0000,0.0000,1,0,0,0,0,0.0003
7.1107,185.2042,0.0864,102.8924,0.0001,0.0002,0.0000,0.0001,0.0000,270.0339,0.0054,-0.0147,-0.1026,0.3079,0.0000,0.0000,0.0000,0.0000,0.0000,1,0,0,0,0,0.0003
7.1635,185.2042,0.0864,102.8923,0.0001,0.0002,0.0000,0.0001,0.0000,270.0342,0.0058,-0.0147,-0.1026,0.3079,0.0000,0.0000,0.0000,0.0000,0.0000,1,0,0,0,0,0.0003
7.2323,185.2042,0.0864,102.8924,0.0001,0.0002,0.0000,0.0001,0.0000,270.0346,0.0058,-0.0147,-0.1026,0.3079,0.0000,0.0000,0.0000,0.0000,0.0000,1,0,0,0,0,0.0003
7.2999,185.2042,0.0864,102.8924,0.0001,0.0002,0.0000,0.0001,0.0000,270.0351,0.0068,-0.0147,-0.1026,0.3079,0.0000,0.0000,0.0000,0.0000,0.0000,1,0,0,0,0,0.0004
7.3586,185.2042,0.0864,102.8924,0.0001,0.0002,0.0000,0.0001,0.0000,270.0355,0.0062,-0.0147,-0.1026,0.3079,0.0000,0.0000,0.0000,0.0000,0.0000,1,0,0,0,0,0.0003
7.4259,185.2042,0.0864,102.8924,0.0001,0.0002,0.0000,0.0001,0.0000,270.0359,0.0059,-0.0147,-0.1026,0.3079,0.0000,0.0000,0.0000,0.0000,0.0000,1,0,0,0,0,0.0003
7.4807,185.2042,0.0864,102.8924,0.0001,0.0002,0.0000,0.0001,0.0000,270.0362,0.0061,-0.0147,-0.1026,0.3079,0.0000,0.0000,0.0000,0.0000,0.0000,1,0,0,0,0,0.0003
7.5387,185.2042,0.0864,102.8924,0.0001,0.0002,0.0000,0.0001,0.0000,270.0366,0.0068,-0.0147,-0.1026,0.3079,0.0000,0.0000,0.0000,0.0000,0.0000,1,0,0,0,0,0.0004
7.5910,185.2042,0.0864,102.8924,0.0001,0.0002,0.0000,0.0001,0.0000,270.0369,0.0052,-0.0147,-0.1026,0.3079,0.0000,0.0000,0.0000,0.0000,0.0000,1,0,0,0,0,0.0003
7.6469,185.2042,0.0864,102.8924,0.0001,0.0002,0.0000,0.0001,0.0000,270.0371,0.0049,-0.0147,-0.1026,0.3079,0.0000,0.0000,0.0000,0.0000,0.0000,1,0,0,0,0,0.0003
7.7104,185.2042,0.0864,102.8924,0.0001,0.0002,0.0000,0.0001,0.0000,270.0375,0.0053,-0.0147,-0.1026,0.3079,0.0000,0.0000,0.0000,0.0000,0.0000,1,0,0,0,0,0.0003
7.7879,185.2042,0.0864,102.8924,0.0001,0.0002,0.0000,0.0001,0.0000,270.0379,0.0055,-0.0147,-0.1026,0.3079,0.0000,0.0000,0.0000,0.0000,0.0000,1,0,0,0,0,0.0003
7.8718,185.2043,0.0864,102.8924,0.0001,0.0002,0.0000,0.0001,0.0000,270.0384,0.0058,-0.0147,-0.1026,0.3079,0.0000,0.0000,0.0000,0.0000,0.0000,1,0,0,0,0,0.0003
7.9249,185.2042,0.0864,102.8924,0.0001,0.0002,0.0000,0.0001,0.0000,270.0386,0.0046,-0.0147,-0.1026,0.3079,0.0000,0.0000,0.0000,0.0000,0.0000,1,0,0,0,0,0.0003
7.9800,185.2042,0.0864,102.8923,0.0001,0.0002,0.0000,0.0001,0.0000,270.0389,0.0055,-0.0147,-0.1026,0.3079,0.0000,0.0000,0.0000,0.0000,0.0000,1,0,0,0,0,0.0003
8.0366,185.2042,0.0864,102.8924,0.0001,0.0002,0.0000,0.0001,0.0000,270.0393,0.0065,-0.0147,-0.1026,0.3079,0.0000,0.0000,0.0000,0.0000,0.0000,1,0,0,0,0,0.0004
8.0934,185.2042,0.0864,102.8924,0.0001,0.0002,0.0000,0.0001,0.0000,270.0396,0.0054,-0.0147,-0.1026,0.3079,0.0000,0.0000,0.0000,0.0000,0.0000,1,0,0,0,0,0.0003
8.1467,185.2042,0.0864,102.8924,0.0001,0.0002,0.0000,0.0001,0.0000,270.0398,0.0034,-0.0147,-0.1026,0.3079,0.0000,0.0000,0.0000,0.0000,0.0000,1,0,0,0,0,0.0002
8.2028,185.2042,0.0864,102.8924,0.0001,0.0002,0.0000,0.0001,0.0000,270.0400,0.0043,-0.0147,-0.1026,0.3079,0.0000,0.0000,0.0000,0.0000,0.0000,1,0,0,0,0,0.0002
8.2588,185.2042,0.0864,102.8924,0.0001,0.0002,0.0000,0.0001,0.0000,270.0403,0.0044,-0.0147,-0.1026,0.3079,0.0000,0.0000,0.0000,0.0000,0.0000,1,0,0,0,0,0.0002
8.3282,185.2042,0.0864,102.8924,0.0001,0.0002,0.0000,0.0001,0.0000,270.0405,0.0035,-0.0147,-0.1026,0.3079,0.0000,0.0000,0.0000,0.0000,0.0000,1,0,0,0,0,0.0002
8.3976,185.2042,0.0864,102.8924,0.0001,0.0002,0.0000,0.0001,0.0000,270.0408,0.0035,-0.0147,-0.1026,0.3079,0.0000,0.0000,0.0000,0.0000,0.0000,1,0,0,0,0,0.0002
8.4663,185.2042,0.0864,102.8924,0.0001,0.0002,0.0000,0.0001,0.0000,270.0410,0.0036,-0.0147,-0.1026,0.3079,0.0000,0.0000,0.0000,0.0000,0.0000,1,0,0,0,0,0.0002
8.5217,185.2042,0.0864,102.8924,0.0001,0.0002,0.0000,0.0001,0.0000,270.0412,0.0033,-0.0147,-0.1026,0.3079,0.0000,0.0000,0.0000,0.0000,0.0000,1,0,0,0,0,0.0002
8.5784,185.2042,0.0864,102.8924,0.0001,0.0002,0.0000,0.0001,0.0000,270.0414,0.0032,-0.0147,-0.1026,0.3079,0.0000,0.0000,0.0000,0.0000,0.0000,1,0,0,0,0,0.0002
8.6324,185.2042,0.0864,102.8924,0.0001,0.0002,0.0000,0.0001,0.0000,270.0416,0.0034,-0.0147,-0.1026,0.3079,0.0000,0.0000,0.0000,0.0000,0.0000,1,0,0,0,0,0.0002
8.6922,185.2042,0.0864,102.8924,0.0001,0.0002,0.0000,0.0001,0.0000,270.0418,0.0041,-0.0147,-0.1026,0.3079,0.0000,0.0000,0.0000,0.0000,0.0000,1,0,0,0,0,0.0002
8.7438,185.2042,0.0864,102.8924,0.0001,0.0002,0.0000,0.0001,0.0000,270.0419,0.0024,-0.0147,-0.1026,0.3079,0.0000,0.0000,0.0000,0.0000,0.0000,1,0,0,0,0,0.0001
8.8004,185.2042,0.0864,102.8924,0.0001,0.0002,0.0000,0.0001,0.0000,270.0421,0.0038,-0.0147,-0.1026,0.3079,0.0000,0.0000,0.0000,0.0000,0.0000,1,0,0,0,0,0.0002
8.8689,185.2042,0.0864,102.8924,0.0001,0.0002,0.0000,0.0001,0.0000,270.0424,0.0031,-0.0147,-0.1026,0.3079,0.0000,0.0000,0.0000,0.0000,0.0000,1,0,0,0,0,0.0002
8.9235,185.2042,0.0864,102.8924,0.0001,0.0002,0.0000,0.0001,0.0000,270.0426,0.0039,-0.0147,-0.1026,0.3079,0.0000,0.0000,0.0000,0.0000,0.0000,1,0,0,0,0,0.0002
8.9792,185.2042,0.0864,102.8924,0.0001,0.0002,0.0000,0.0001,0.0000,270.0428,0.0038,-0.0147,-0.1026,0.3079,0.0000,0.0000,0.0000,0.0000,0.0000,1,0,0,0,0,0.0002
9.0351,185.2042,0.0864,102.8924,0.0001,0.0002,0.0000,0.0001,0.0000,270.0431,0.0049,-0.0147,-0.1026,0.3079,0.0000,0.0000,0.0000,0.0000,0.0000,1,0,0,0,0,0.0003
9.0900,185.2042,0.0864,102.8924,0.0001,0.0002,0.0000,0.0001,0.0000,270.0433,0.0050,-0.0147,-0.1026,0.3079,0.0000,0.0000,0.0000,0.0000,0.0000,1,0,0,0,0,0.0003
9.1451,185.2042,0.0864,102.8924,0.0001,0.0002,0.0000,0.0001,0.0000,270.0436,0.0055,-0.0147,-0.1026,0.3079,0.0000,0.0000,0.0000,0.0000,0.0000,1,0,0,0,0,0.0003
9.2022,185.2043,0.0864,102.8924,0.0001,0.0002,0.0000,0.0001,0.0000,270.0439,0.0053,-0.0147,-0.1026,0.3079,0.0000,0.0000,0.0000,0.0000,0.0000,1,0,0,0,0,0.0003
9.2713,185.2043,0.0864,102.8924,0.0001,0.0002,0.0000,0.0001,0.0000,270.0443,0.0053,-0.0147,-0.1026,0.3079,0.0000,0.0000,0.0000,0.0000,0.0000,1,0,0,0,0,0.0003
9.3266,185.2042,0.0864,102.8924,0.0001,0.0002,0.0000,0.0001,0.0000,270.0446,0.0055,-0.0147,-0.1026,0.3079,0.0000,0.0000,0.0000,0.0000,0.0000,1,0,0,0,0,0.0003
9.3829,185.2042,0.0864,102.8924,0.0001,0.0002,0.0000,0.0001,0.0000,270.0449,0.0054,-0.0147,-0.1026,0.3079,0.0000,0.0000,0.0000,0.0000,0.0000,1,0,0,0,0,0.0003
9.4520,185.2042,0.0864,102.8924,0.0001,0.0002,0.0000,0.0001,0.0000,270.0453,0.0053,-0.0147,-0.1026,0.3079,0.0000,0.0000,0.0000,0.0000,0.0000,1,0,0,0,0,0.0003
9.5086,185.2042,0.0864,102.8924,0.0001,0.0002,0.0000,0.0001,0.0000,270.0457,0.0065,-0.0147,-0.1026,0.3079,0.0000,0.0000,0.0000,0.0000,0.0000,1,0,0,0,0,0.0004
9.5623,185.2042,0.0864,102.8924,0.0001,0.0002,0.0000,0.0001,0.0000,270.0460,0.0057,-0.0147,-0.1026,0.3079,0.0000,0.0000,0.0000,0.0000,0.0000,1,0,0,0,0,0.0003
9.6184,185.2042,0.0864,102.8924,0.0001,0.0002,0.0000,0.0001,0.0000,270.0463,0.0060,-0.0147,-0.1026,0.3079,0.0000,0.0000,0.0000,0.0000,0.0000,1,0,0,0,0,0.0003
9.6751,185.2042,0.0864,102.8924,0.0001,0.0002,0.0000,0.0001,0.0000,270.0466,0.0059,-0.0147,-0.1026,0.3079,0.0000,0.0000,0.0000,0.0000,0.0000,1,0,0,0,0,0.0003
9.7307,185.2042,0.0864,102.8923,0.0001,0.0002,0.0000,0.0001,0.0000,270.0469,0.0055,-0.0147,-0.1026,0.3079,0.0000,0.0000,0.0000,0.0000,0.0000,1,0,0,0,0,0.0003
9.7851,185.2042,0.0864,102.8924,0.0001,0.0002,0.0000,0.0001,0.0000,270.0473,0.0062,-0.0147,-0.1026,0.3079,0.0000,0.0000,0.0000,0.0000,0.0000,1,0,0,0,0,0.0003
9.8429,185.2042,0.0864,102.8923,0.0001,0.0002,0.0000,0.0001,0.0000,270.0476,0.0058,-0.0147,-0.1026,0.3079,0.0000,0.0000,0.0000,0.0000,0.0000,1,0,0,0,0,0.0003
9.8959,185.2042,0.0864,102.8924,0.0001,0.0002,0.0000,0.0001,0.0000,270.0479,0.0058,-0.0147,-0.1026,0.3079,0.0000,0.0000,0.0000,0.0000,0.0000,1,0,0,0,0,0.0003
9.9659,185.2042,0.0864,102.8924,0.0001,0.0002,0.0000,0.0001,0.0000,270.0482,0.0035,-0.0147,-0.1026,0.3079,0.0000,0.0000,0.0000,0.0000,0.0000,1,0,0,0,0,0.0002
10.0228,185.2042,0.0864,102.8924,0.0001,0.0002,0.0000,0.0001,0.0000,270.0484,0.0048,-0.0147,-0.1026,0.3079,0.0000,0.0000,0.0000,0.0000,0.0000,1,0,0,0,0,0.0003
10.0765,185.2043,0.0864,102.8923,0.0001,0.0002,0.0000,0.0001,0.0000,270.0487,0.0051,-0.0147,-0.1026,0.3079,0.0000,0.0000,0.0000,0.0000,0.0000,1,0,0,0,0,0.0003
10.1338,185.2042,0.0864,102.8924,0.0001,0.0002,0.0000,0.0001,0.0000,270.0490,0.0053,-0.0147,-0.1026,0.3079,0.0000,0.0000,0.0000,0.0000,0.0000,1,0,0,0,0,0.0003
10.1881,185.2042,0.0864,102.8924,0.0001,0.0002,0.0000,0.0001,0.0000,270.0493,0.0056,-0.0147,-0.1026,0.3079,0.0000,0.0000,0.0000,0.0000,0.0000,1,0,0,0,0,0.0003
10.2437,185.2042,0.0864,102.8924,0.0001,0.0002,0.0000,0.0001,0.0000,270.0496,0.0055,-0.0147,-0.1026,0.3079,0.0000,0.0000,0.0000,0.0000,0.0000,1,0,0,0,0,0.0003
10.2995,185.2042,0.0864,102.8924,0.0001,0.0002,0.0000,0.0001,0.0000,270.0499,0.0055,-0.0147,-0.1026,0.3079,0.0000,0.0000,0.0000,0.0000,0.0000,1,0,0,0,0,0.0003
10.3545,185.2042,0.0864,102.8923,0.0001,0.0002,0.0000,0.0001,0.0000,270.0502,0.0056,-0.0147,-0.1026,0.3079,0.0000,0.0000,0.0000,0.0000,0.0000,1,0,0,0,0,0.0003
10.4112,185.2042,0.0864,102.8924,0.0001,0.0002,0.0000,0.0001,0.0000,270.0505,0.0043,-0.0147,-0.1026,0.3079,0.0000,0.0000,0.0000,0.0000,0.0000,1,0,0,0,0,0.0002
10.4661,185.2042,0.0864,102.8924,0.0001,0.0002,0.0000,0.0001,0.0000,270.0507,0.0044,-0.0147,-0.1026,0.3079,0.0000,0.0000,0.0000,0.0000,0.0000,1,0,0,0,0,0.0002
10.5350,185.2042,0.0864,102.8924,0.0001,0.0002,0.0000,0.0001,0.0000,270.0510,0.0040,-0.0147,-0.1026,0.3079,0.0000,0.0000,0.0000,0.0000,0.0000,1,0,0,0,0,0.0002
10.5913,185.2042,0.0864,102.8924,0.0001,0.0002,0.0000,0.0001,0.0000,270.0512,0.0038,-0.0147,-0.1026,0.3079,0.0000,0.0000,0.0000,0.0000,0.0000,1,0,0,0,0,0.0002
10.6460,185.2042,0.0864,102.8923,0.0001,0.0002,0.0000,0.0001,0.0000,270.0514,0.0033,-0.0147,-0.1026,0.3079,0.0000,0.0000,0.0000,0.0000,0.0000,1,0,0,0,0,0.0002
10.7158,185.2042,0.0864,102.8924,0.0001,0.0002,0.0000,0.0001,0.0000,270.0516,0.0035,-0.0147,-0.1026,0.3079,0.0000,0.0000,0.0000,0.0000,0.0000,1,0,0,0,0,0.0002
10.7708,185.2042,0.0864,102.8923,0.0001,0.0002,0.0000,0.0001,0.0000,270.0518,0.0033,-0.0147,-0.1026,0.3079,0.0000,0.0000,0.0000,0.0000,0.0000,1,0,0,0,0,0.0002
10.8270,185.2043,0.0864,102.8924,0.0001,0.0002,0.0000,0.0001,0.0000,270.0520,0.0038,-0.0147,-0.1026,0.3079,0.0000,0.0000,0.0000,0.0000,0.0000,1,0,0,0,0,0.0002
10.8819,185.2042,0.0864,102.8923,0.0001,0.0002,0.0000,0.0001,0.0000,270.0522,0.0039,-0.0147,-0.1026,0.3079,0.0000,0.0000,0.0000,0.0000,0.0000,1,0,0,0,0,0.0002
10.9379,185.2042,0.0864,102.8924,0.0001,0.0002,0.0000,0.0001,0.0000,270.0524,0.0033,-0.0147,-0.1026,0.3079,0.0000,0.0000,0.0000,0.0000,0.0000,1,0,0,0,0,0.0002
10.9958,185.2042,0.0864,102.8924,0.0001,0.0002,0.0000,0.0001,0.0000,270.0526,0.0037,-0.0147,-0.1026,0.3079,0.0000,0.0000,0.0000,0.0000,0.0000,1,0,0,0,0,0.0002
11.0622,185.2042,0.0864,102.8924,0.0001,0.0002,0.0000,0.0001,0.0000,270.0529,0.0032,-0.0147,-0.1026,0.3079,0.0000,0.0000,0.0000,0.0000,0.0000,1,0,0,0,0,0.0002
11.1172,185.2042,0.0864,102.8924,0.0001,0.0002,0.0000,0.0001,0.0000,270.0531,0.0039,-0.0147,-0.1026,0.3079,0.0000,0.0000,0.0000,0.0000,0.0000,1,0,0,0,0,0.0002
11.1744,185.2042,0.0864,102.8924,0.0001,0.0002,0.0000,0.0001,0.0000,270.0533,0.0037,-0.0147,-0.1026,0.3079,0.0000,0.0000,0.0000,0.0000,0.0000,1,0,0,0,0,0.0002
11.2303,185.2042,0.0864,102.8924,0.0001,0.0002,0.0000,0.0001,0.0000,270.0535,0.0033,-0.0147,-0.1026,0.3079,0.0000,0.0000,0.0000,0.0000,0.0000,1,0,0,0,0,0.0002
11.2857,185.2042,0.0864,102.8924,0.0001,0.0002,0.0000,0.0001,0.0000,270.0536,0.0033,-0.0147,-0.1026,0.3079,0.0000,0.0000,0.0000,0.0000,0.0000,1,0,0,0,0,0.0002
11.3409,185.2042,0.0864,102.8924,0.0001,0.0002,0.0000,0.0001,0.0000,270.0540,0.0055,-0.0147,-0.1026,0.3079,0.0000,0.0000,0.0000,0.0000,0.0000,1,0,0,0,0,0.0003
11.3968,185.2042,0.0864,102.8924,0.0001,0.0002,0.0000,0.0001,0.0000,270.0542,0.0049,-0.0147,-0.1026,0.3079,0.0000,0.0000,0.0000,0.0000,0.0000,1,0,0,0,0,0.0003
11.4520,185.2042,0.0864,102.8924,0.0001,0.0002,0.0000,0.0001,0.0000,270.0545,0.0050,-0.0147,-0.1026,0.3079,0.0000,0.0000,0.0000,0.0000,0.0000,1,0,0,0,0,0.0003
11.5088,185.2042,0.0864,102.8924,0.0001,0.0002,0.0000,0.0001,0.0000,270.0548,0.0054,-0.0147,-0.1026,0.3079,0.0000,0.0000,0.0000,0.0000,0.0000,1,0,0,0,0,0.0003
11.5774,185.2042,0.0864,102.8924,0.0001,0.0002,0.0000,0.0001,0.0000,270.0552,0.0062,-0.0147,-0.1026,0.3079,0.0000,0.0000,0.0000,0.0000,0.0000,1,0,0,0,0,0.0003
11.6324,185.2042,0.0864,102.8924,0.0001,0.0002,0.0000,0.0001,0.0000,270.0555,0.0044,-0.0147,-0.1026,0.3079,0.0000,0.0000,0.0000,0.0000,0.0000,1,0,0,0,0,0.0002
11.6885,185.2042,0.0864,102.8924,0.0001,0.0002,0.0000,0.0001,0.0000,270.0558,0.0065,-0.0147,-0.1026,0.3079,0.0000,0.0000,0.0000,0.0000,0.0000,1,0,0,0,0,0.0004
11.7436,185.2042,0.0864,102.8924,0.0001,0.0002,0.0000,0.0001,0.0000,270.0561,0.0039,-0.0147,-0.1026,0.3079,0.0000,0.0000,0.0000,0.0000,0.0000,1,0,0,0,0,0.0002
11.8126,185.2042,0.0864,102.8924,0.0001,0.0002,0.0000,0.0001,0.0000,270.0565,0.0066,-0.0147,-0.1026,0.3079,0.0000,0.0000,0.0000,0.0000,0.0000,1,0,0,0,0,0.0004
11.8727,185.2042,0.0864,102.8924,0.0001,0.0002,0.0000,0.0001,0.0000,270.0569,0.0056,-0.0147,-0.1026,0.3079,0.0000,0.0000,0.0000,0.0000,0.0000,1,0,0,0,0,0.0003
11.9280,185.2042,0.0864,102.8924,0.0001,0.0002,0.0000,0.0001,0.0000,270.0572,0.0061,-0.0147,-0.1026,0.3079,0.0000,0.0000,0.0000,0.0000,0.0000,1,0,0,0,0,0.0003
12.0030,185.2042,0.0864,102.8924,0.0001,0.0002,0.0000,0.0001,0.0000,270.0576,0.0061,-0.0147,-0.1026,0.3079,0.0000,0.0000,0.0000,0.0000,0.0000,1,0,0,0,0,0.0003
12.0620,185.2042,0.0864,102.8924,0.0001,0.0002,0.0000,0.0001,0.0000,270.0580,0.0057,-0.0147,-0.1026,0.3079,0.0000,0.0000,0.0000,0.0000,0.0000,1,0,0,0,0,0.0003
12.1317,185.2042,0.0864,102.8924,0.0001,0.0002,0.0000,0.0001,0.0000,270.0583,0.0053,-0.0147,-0.1026,0.3079,0.0000,0.0000,0.0000,0.0000,0.0000,1,0,0,0,0,0.0003
12.2030,185.2042,0.0864,102.8924,0.0001,0.0002,0.0000,0.0001,0.0000,270.0588,0.0064,-0.0147,-0.1026,0.3079,0.0000,0.0000,0.0000,0.0000,0.0000,1,0,0,0,0,0.0004
12.2808,185.2042,0.0864,102.8923,0.0001,0.0002,0.0000,0.0001,0.0000,270.0591,0.0035,-0.0147,-0.1026,0.3079,0.0000,0.0000,0.0000,0.0000,0.0000,1,0,0,0,0,0.0002
12.3415,185.2042,0.0864,102.8924,0.0001,0.0002,0.0000,0.0001,0.0000,270.0593,0.0040,-0.0147,-0.1026,0.3079,0.0000,0.0000,0.0000,0.0000,0.0000,1,0,0,0,0,0.0002
12.3950,185.2042,0.0864,102.8924,0.0001,0.0002,0.0000,0.0001,0.0000,270.0596,0.0057,-0.0147,-0.1026,0.3079,0.0000,0.0000,0.0000,0.0000,0.0000,1,0,0,0,0,0.0003
12.4513,185.2042,0.0864,102.8924,0.0001,0.0002,0.0000,0.0001,0.0000,270.0599,0.0054,-0.0147,-0.1026,0.3079,0.0000,0.0000,0.0000,0.0000,0.0000,1,0,0,0,0,0.0003
12.5071,185.2042,0.0864,102.8924,0.0001,0.0002,0.0000,0.0001,0.0000,270.0602,0.0055,-0.0147,-0.1026,0.3079,0.0000,0.0000,0.0000,0.0000,0.0000,1,0,0,0,0,0.0003
12.5628,185.2042,0.0864,102.8924,0.0001,0.0002,0.0000,0.0001,0.0000,270.0605,0.0055,-0.0147,-0.1026,0.3079,0.0000,0.0000,0.0000,0.0000,0.0000,1,0,0,0,0,0.0003
12.6166,185.2042,0.0864,102.8924,0.0001,0.0002,0.0000,0.0001,0.0000,270.0609,0.0057,-0.0147,-0.1026,0.3079,0.0000,0.0000,0.0000,0.0000,0.0000,1,0,0,0,0,0.0003
12.6873,185.2042,0.0864,102.8924,0.0001,0.0002,0.0000,0.0001,0.0000,270.0612,0.0052,-0.0147,-0.1026,0.3079,0.0000,0.0000,0.0000,0.0000,0.0000,1,0,0,0,0,0.0003
12.7436,185.2042,0.0864,102.8924,0.0001,0.0002,0.0000,0.0001,0.0000,270.0616,0.0065,-0.0147,-0.1026,0.3079,0.0000,0.0000,0.0000,0.0000,0.0000,1,0,0,0,0,0.0004
12.8127,185.2043,0.0864,102.8924,0.0001,0.0002,0.0000,0.0001,0.0000,270.0618,0.0035,-0.0147,-0.1026,0.3079,0.0000,0.0000,0.0000,0.0000,0.0000,1,0,0,0,0,0.0002
12.8700,185.2042,0.0864,102.8924,0.0001,0.0002,0.0000,0.0001,0.0000,270.0620,0.0037,-0.0147,-0.1026,0.3079,0.0000,0.0000,0.0000,0.0000,0.0000,1,0,0,0,0,0.0002
12.9238,185.2042,0.0864,102.8924,0.0001,0.0002,0.0000,0.0001,0.0000,270.0622,0.0034,-0.0147,-0.1026,0.3079,0.0000,0.0000,0.0000,0.0000,0.0000,1,0,0,0,0,0.0002
12.9784,185.2043,0.0864,102.8924,0.0001,0.0002,0.0000,0.0001,0.0000,270.0624,0.0039,-0.0147,-0.1026,0.3079,0.0000,0.0000,0.0000,0.0000,0.0000,1,0,0,0,0,0.0002
13.0349,185.2042,0.0864,102.8924,0.0001,0.0002,0.0000,0.0001,0.0000,270.0627,0.0038,-0.0147,-0.1026,0.3079,0.0000,0.0000,0.0000,0.0000,0.0000,1,0,0,0,0,0.0002
13.0909,185.2042,0.0864,102.8924,0.0001,0.0002,0.0000,0.0001,0.0000,270.0628,0.0027,-0.0147,-0.1026,0.3079,0.0000,0.0000,0.0000,0.0000,0.0000,1,0,0,0,0,0.0002
13.1454,185.2042,0.0864,102.8924,0.0001,0.0002,0.0000,0.0001,0.0000,270.0630,0.0039,-0.0147,-0.1026,0.3079,0.0000,0.0000,0.0000,0.0000,0.0000,1,0,0,0,0,0.0002
13.2020,185.2042,0.0864,102.8923,0.0001,0.0002,0.0000,0.0001,0.0000,270.0632,0.0038,-0.0147,-0.1026,0.3079,0.0000,0.0000,0.0000,0.0000,0.0000,1,0,0,0,0,0.0002
13.2699,185.2042,0.0864,102.8923,0.0001,0.0002,0.0000,0.0001,0.0000,270.0635,0.0036,-0.0147,-0.1026,0.3079,0.0000,0.0000,0.0000,0.0000,0.0000,1,0,0,0,0,0.0002
13.3761,185.2042,0.0864,102.8924,0.0001,0.0002,0.0000,0.0001,0.0000,270.0639,0.0037,-0.0147,-0.1026,0.3079,0.0000,0.0000,0.0000,0.0000,0.0000,1,0,0,0,0,0.0002
13.4441,185.2042,0.0864,102.8924,0.0001,0.0002,0.0000,0.0001,0.0000,270.0641,0.0027,-0.0147,-0.1026,0.3079,0.0000,0.0000,0.0000,0.0000,0.0000,1,0,0,0,0,0.0001
13.5202,185.2042,0.0864,102.8924,0.0001,0.0002,0.0000,0.0001,0.0000,270.0643,0.0036,-0.0147,-0.1026,0.3079,0.0000,0.0000,0.0000,0.0000,0.0000,1,0,0,0,0,0.0002
13.5814,185.2042,0.0864,102.8924,0.0001,0.0002,0.0000,0.0001,0.0000,270.0645,0.0035,-0.0147,-0.1026,0.3079,0.0000,0.0000,0.0000,0.0000,0.0000,1,0,0,0,0,0.0002
13.6319,185.2043,0.0864,102.8924,0.0001,0.0002,0.0000,0.0001,0.0000,270.0648,0.0048,-0.0147,-0.1026,0.3079,0.0000,0.0000,0.0000,0.0000,0.0000,1,0,0,0,0,0.0003
13.6883,185.2042,0.0864,102.8924,0.0001,0.0002,0.0000,0.0001,0.0000,270.0651,0.0049,-0.0147,-0.1026,0.3079,0.0000,0.0000,0.0000,0.0000,0.0000,1,0,0,0,0,0.0003
13.7424,185.2042,0.0864,102.8924,0.0001,0.0002,0.0000,0.0001,0.0000,270.0654,0.0056,-0.0147,-0.1026,0.3079,0.0000,0.0000,0.0000,0.0000,0.0000,1,0,0,0,0,0.0003
13.8122,185.2042,0.0864,102.8924,0.0001,0.0002,0.0000,0.0001,0.0000,270.0657,0.0052,-0.0147,-0.1026,0.3079,0.0000,0.0000,0.0000,0.0000,0.0000,1,0,0,0,0,0.0003
13.8672,185.2043,0.0864,102.8923,0.0001,0.0002,0.0000,0.0001,0.0000,270.0660,0.0055,-0.0147,-0.1026,0.3079,0.0000,0.0000,0.0000,0.0000,0.0000,1,0,0,0,0,0.0003
13.9228,185.2042,0.0864,102.8924,0.0001,0.0002,0.0000,0.0001,0.0000,270.0663,0.0055,-0.0147,-0.1026,0.3079,0.0000,0.0000,0.0000,0.0000,0.0000,1,0,0,0,0,0.0003
13.9787,185.2043,0.0864,102.8924,0.0001,0.0002,0.0000,0.0001,0.0000,270.0667,0.0055,-0.0147,-0.1026,0.3079,0.0000,0.0000,0.0000,0.0000,0.0000,1,0,0,0,0,0.0003
14.0341,185.2042,0.0864,102.8923,0.0001,0.0002,0.0000,0.0001,0.0000,270.0670,0.0055,-0.0147,-0.1026,0.3079,0.0000,0.0000,0.0000,0.0000,0.0000,1,0,0,0,0,0.0003
14.0895,185.2042,0.0864,102.8924,0.0001,0.0002,0.0000,0.0001,0.0000,270.0673,0.0061,-0.0147,-0.1026,0.3079,0.0000,0.0000,0.0000,0.0000,0.0000,1,0,0,0,0,0.0003
14.1468,185.2042,0.0864,102.8923,0.0001,0.0002,0.0000,0.0001,0.0000,270.0676,0.0059,-0.0147,-0.1026,0.3079,0.0000,0.0000,0.0000,0.0000,0.0000,1,0,0,0,0,0.0003
14.2003,185.2042,0.0864,102.8923,0.0001,0.0002,0.0000,0.0001,0.0000,270.0679,0.0057,-0.0147,-0.1026,0.3079,0.0000,0.0000,0.0000,0.0000,0.0000,1,0,0,0,0,0.0003
14.2569,185.2043,0.0864,102.8924,0.0001,0.0002,0.0000,0.0001,0.0000,270.0683,0.0059,-0.0147,-0.1026,0.3079,0.0000,0.0000,0.0000,0.0000,0.0000,1,0,0,0,0,0.0003
14.3276,185.2042,0.0864,102.8924,0.0001,0.0002,0.0000,0.0001,0.0000,270.0687,0.0056,-0.0147,-0.1026,0.3079,0.0000,0.0000,0.0000,0.0000,0.0000,1,0,0,0,0,0.0003
14.3818,185.2042,0.0864,102.8924,0.0001,0.0002,0.0000,0.0001,0.0000,270.0690,0.0056,-0.0147,-0.1026,0.3079,0.0000,0.0000,0.0000,0.0000,0.0000,1,0,0,0,0,0.0003
14.4367,185.2042,0.0864,102.8924,0.0001,0.0002,0.0000,0.0001,0.0000,270.0693,0.0061,-0.0147,-0.1026,0.3079,0.0000,0.0000,0.0000,0.0000,0.0000,1,0,0,0,0,0.0003
14.5008,185.2042,0.0864,102.8923,0.0001,0.0002,0.0000,0.0001,0.0000,270.0697,0.0062,-0.0147,-0.1026,0.3079,0.0000,0.0000,0.0000,0.0000,0.0000,1,0,0,0,0,0.0003
14.5820,185.2042,0.0864,102.8924,0.0001,0.0002,0.0000,0.0001,0.0000,270.0700,0.0041,-0.0147,-0.1026,0.3079,0.0000,0.0000,0.0000,0.0000,0.0000,1,0,0,0,0,0.0002
14.6598,185.2042,0.0864,102.8924,0.0001,0.0002,0.0000,0.0001,0.0000,270.0704,0.0047,-0.0147,-0.1026,0.3079,0.0000,0.0000,0.0000,0.0000,0.0000,1,0,0,0,0,0.0003
14.7148,185.2042,0.0864,102.8924,0.0001,0.0002,0.0000,0.0001,0.0000,270.0707,0.0050,-0.0147,-0.1026,0.3079,0.0000,0.0000,0.0000,0.0000,0.0000,1,0,0,0,0,0.0003
14.7696,185.2042,0.0864,102.8924,0.0001,0.0002,0.0000,0.0001,0.0000,270.0710,0.0056,-0.0147,-0.1026,0.3079,0.0000,0.0000,0.0000,0.0000,0.0000,1,0,0,0,0,0.0003
14.8306,185.2042,0.0864,102.8924,0.0001,0.0002,0.0000,0.0001,0.0000,270.0713,0.0055,-0.0147,-0.1026,0.3079,0.0000,0.0000,0.0000,0.0000,0.0000,1,0,0,0,0,0.0003
14.8972,185.2042,0.0864,102.8924,0.0001,0.0002,0.0000,0.0001,0.0000,270.0717,0.0050,-0.0147,-0.1026,0.3079,0.0000,0.0000,0.0000,0.0000,0.0000,1,0,0,0,0,0.0003
14.9563,185.2042,0.0864,102.8924,0.0001,0.0002,0.0000,0.0001,0.0000,270.0720,0.0052,-0.0147,-0.1026,0.3079,0.0000,0.0000,0.0000,0.0000,0.0000,1,0,0,0,0,0.0003
15.0197,185.2042,0.0864,102.8924,0.0001,0.0002,0.0000,0.0001,0.0000,270.0723,0.0058,-0.0147,-0.1026,0.3079,0.0000,0.0000,0.0000,0.0000,0.0000,1,0,0,0,0,0.0003
15.0754,185.2042,0.0864,102.8924,0.0001,0.0002,0.0000,0.0001,0.0000,270.0726,0.0049,-0.0147,-0.1026,0.3079,0.0000,0.0000,0.0000,0.0000,0.0000,1,0,0,0,0,0.0003
15.1312,185.2042,0.0864,102.8924,0.0001,0.0002,0.0000,0.0001,0.0000,270.0728,0.0033,-0.0147,-0.1026,0.3079,0.0000,0.0000,0.0000,0.0000,0.0000,1,0,0,0,0,0.0002
15.1876,185.2042,0.0864,102.8924,0.0001,0.0002,0.0000,0.0001,0.0000,270.0729,0.0027,-0.0147,-0.1026,0.3079,0.0000,0.0000,0.0000,0.0000,0.0000,1,0,0,0,0,0.0002
15.2426,185.2042,0.0864,102.8924,0.0001,0.0002,0.0000,0.0001,0.0000,270.0732,0.0039,-0.0147,-0.1026,0.3079,0.0000,0.0000,0.0000,0.0000,0.0000,1,0,0,0,0,0.0002
15.3001,185.2042,0.0864,102.8923,0.0001,0.0002,0.0000,0.0001,0.0000,270.0734,0.0037,-0.0147,-0.1026,0.3079,0.0000,0.0000,0.0000,0.0000,0.0000,1,0,0,0,0,0.0002
15.3544,185.2042,0.0864,102.8924,0.0001,0.0002,0.0000,0.0001,0.0000,270.0735,0.0034,-0.0147,-0.1026,0.3079,0.0000,0.0000,0.0000,0.0000,0.0000,1,0,0,0,0,0.0002
15.4274,185.2042,0.0864,102.8924,0.0001,0.0002,0.0000,0.0001,0.0000,270.0737,0.0025,-0.0147,-0.1026,0.3079,0.0000,0.0000,0.0000,0.0000,0.0000,1,0,0,0,0,0.0001
15.4924,185.2042,0.0864,102.8923,0.0001,0.0002,0.0000,0.0001,0.0000,270.0740,0.0038,-0.0147,-0.1026,0.3079,0.0000,0.0000,0.0000,0.0000,0.0000,1,0,0,0,0,0.0002
15.5484,185.2042,0.0864,102.8923,0.0001,0.0002,0.0000,0.0001,0.0000,270.0742,0.0033,-0.0147,-0.1026,0.3079,0.0000,0.0000,0.0000,0.0000,0.0000,1,0,0,0,0,0.0002
15.6027,185.2042,0.0864,102.8924,0.0001,0.0002,0.0000,0.0001,0.0000,270.0743,0.0034,-0.0147,-0.1026,0.3079,0.0000,0.0000,0.0000,0.0000,0.0000,1,0,0,0,0,0.0002
15.6687,185.2042,0.0864,102.8924,0.0001,0.0002,0.0000,0.0001,0.0000,270.0745,0.0028,-0.0147,-0.1026,0.3079,0.0000,0.0000,0.0000,0.0000,0.0000,1,0,0,0,0,0.0002
15.7308,185.2042,0.0864,102.8924,0.0001,0.0002,0.0000,0.0001,0.0000,270.0748,0.0039,-0.0147,-0.1026,0.3079,0.0000,0.0000,0.0000,0.0000,0.0000,1,0,0,0,0,0.0002
15.7846,185.2042,0.0864,102.8923,0.0001,0.0002,0.0000,0.0001,0.0000,270.0750,0.0034,-0.0147,-0.1026,0.3079,0.0000,0.0000,0.0000,0.0000,0.0000,1,0,0,0,0,0.0002
15.8397,185.2042,0.0864,102.8924,0.0001,0.0002,0.0000,0.0001,0.0000,270.0752,0.0044,-0.0147,-0.1026,0.3079,0.0000,0.0000,0.0000,0.0000,0.0000,1,0,0,0,0,0.0002
15.8968,185.2043,0.0864,102.8924,0.0001,0.0002,0.0000,0.0001,0.0000,270.0754,0.0032,-0.0147,-0.1026,0.3079,0.0000,0.0000,0.0000,0.0000,0.0000,1,0,0,0,0,0.0002
15.9650,185.2042,0.0864,102.8924,0.0001,0.0002,0.0000,0.0001,0.0000,270.0757,0.0045,-0.0147,-0.1026,0.3079,0.0000,0.0000,0.0000,0.0000,0.0000,1,0,0,0,0,0.0002
16.0240,185.2042,0.0864,102.8924,0.0001,0.0002,0.0000,0.0001,0.0000,270.0760,0.0052,-0.0147,-0.1026,0.3079,0.0000,0.0000,0.0000,0.0000,0.0000,1,0,0,0,0,0.0003
16.0756,185.2043,0.0864,102.8924,0.0001,0.0002,0.0000,0.0001,0.0000,270.0763,0.0053,-0.0147,-0.1026,0.3079,0.0000,0.0000,0.0000,0.0000,0.0000,1,0,0,0,0,0.0003
16.1307,185.2042,0.0864,102.8924,0.0001,0.0002,0.0000,0.0001,0.0000,270.0765,0.0050,-0.0147,-0.1026,0.3079,0.0000,0.0000,0.0000,0.0000,0.0000,1,0,0,0,0,0.0003
16.1935,185.2042,0.0864,102.8923,0.0001,0.0002,0.0000,0.0001,0.0000,270.0768,0.0044,-0.0147,-0.1026,0.3079,0.0000,0.0000,0.0000,0.0000,0.0000,1,0,0,0,0,0.0002
16.2720,185.2042,0.0864,102.8924,0.0001,0.0002,0.0000,0.0001,0.0000,270.0772,0.0051,-0.0147,-0.1026,0.3079,0.0000,0.0000,0.0000,0.0000,0.0000,1,0,0,0,0,0.0003
16.3262,185.2042,0.0864,102.8923,0.0001,0.0002,0.0000,0.0001,0.0000,270.0775,0.0056,-0.0147,-0.1026,0.3079,0.0000,0.0000,0.0000,0.0000,0.0000,1,0,0,0,0,0.0003
16.3823,185.2042,0.0864,102.8924,0.0001,0.0002,0.0000,0.0001,0.0000,270.0778,0.0044,-0.0147,-0.1026,0.3079,0.0000,0.0000,0.0000,0.0000,0.0000,1,0,0,0,0,0.0002
16.4365,185.2043,0.0864,102.8924,0.0001,0.0002,0.0000,0.0001,0.0000,270.0781,0.0056,-0.0147,-0.1026,0.3079,0.0000,0.0000,0.0000,0.0000,0.0000,1,0,0,0,0,0.0003
16.5068,185.2042,0.0864,102.8924,0.0001,0.0002,0.0000,0.0001,0.0000,270.0785,0.0061,-0.0147,-0.1026,0.3079,0.0000,0.0000,0.0000,0.0000,0.0000,1,0,0,0,0,0.0003
16.5629,185.2042,0.0864,102.8923,0.0001,0.0002,0.0000,0.0001,0.0000,270.0788,0.0060,-0.0147,-0.1026,0.3079,0.0000,0.0000,0.0000,0.0000,0.0000,1,0,0,0,0,0.0003
16.6171,185.2042,0.0864,102.8924,0.0001,0.0002,0.0000,0.0001,0.0000,270.0792,0.0062,-0.0147,-0.1026,0.3079,0.0000,0.0000,0.0000,0.0000,0.0000,1,0,0,0,0,0.0003
16.6736,185.2042,0.0864,102.8924,0.0001,0.0002,0.0000,0.0001,0.0000,270.0795,0.0054,-0.0147,-0.1026,0.3079,0.0000,0.0000,0.0000,0.0000,0.0000,1,0,0,0,0,0.0003
16.7297,185.2043,0.0864,102.8924,0.0001,0.0002,0.0000,0.0001,0.0000,270.0798,0.0060,-0.0147,-0.1026,0.3079,0.0000,0.0000,0.0000,0.0000,0.0000,1,0,0,0,0,0.0003
16.7839,185.2042,0.0864,102.8923,0.0001,0.0002,0.0000,0.0001,0.0000,270.0801,0.0062,-0.0147,-0.1026,0.3079,0.0000,0.0000,0.0000,0.0000,0.0000,1,0,0,0,0,0.0003
16.8396,185.2042,0.0864,102.8924,0.0001,0.0002,0.0000,0.0001,0.0000,270.0804,0.0055,-0.0147,-0.1026,0.3079,0.0000,0.0000,0.0000,0.0000,0.0000,1,0,0,0,0,0.0003
16.8960,185.2042,0.0864,102.8924,0.0001,0.0002,0.0000,0.0001,0.0000,270.0807,0.0054,-0.0147,-0.1026,0.3079,0.0000,0.0000,0.0000,0.0000,0.0000,1,0,0,0,0,0.0003
16.9511,185.2042,0.0864,102.8924,0.0001,0.0002,0.0000,0.0001,0.0000,270.0810,0.0044,-0.0147,-0.1026,0.3079,0.0000,0.0000,0.0000,0.0000,0.0000,1,0,0,0,0,0.0002
17.0071,185.2042,0.0864,102.8924,0.0001,0.0002,0.0000,0.0001,0.0000,270.0813,0.0054,-0.0147,-0.1026,0.3079,0.0000,0.0000,0.0000,0.0000,0.0000,1,0,0,0,0,0.0003
17.0782,185.2042,0.0864,102.8924,0.0001,0.0002,0.0000,0.0001,0.0000,270.0817,0.0051,-0.0147,-0.1026,0.3079,0.0000,0.0000,0.0000,0.0000,0.0000,1,0,0,0,0,0.0003
17.1312,185.2042,0.0864,102.8924,0.0001,0.0002,0.0000,0.0001,0.0000,270.0819,0.0052,-0.0147,-0.1026,0.3079,0.0000,0.0000,0.0000,0.0000,0.0000,1,0,0,0,0,0.0003
17.1882,185.2042,0.0864,102.8923,0.0001,0.0002,0.0000,0.0001,0.0000,270.0822,0.0048,-0.0147,-0.1026,0.3079,0.0000,0.0000,0.0000,0.0000,0.0000,1,0,0,0,0,0.0003
17.2430,185.2043,0.0864,102.8924,0.0001,0.0002,0.0000,0.0001,0.0000,270.0825,0.0056,-0.0147,-0.1026,0.3079,0.0000,0.0000,0.0000,0.0000,0.0000,1,0,0,0,0,0.0003
17.3150,185.2042,0.0864,102.8924,0.0001,0.0002,0.0000,0.0001,0.0000,270.0829,0.0051,-0.0147,-0.1026,0.3079,0.0000,0.0000,0.0000,0.0000,0.0000,1,0,0,0,0,0.0003
17.3684,185.2042,0.0864,102.8924,0.0001,0.0002,0.0000,0.0001,0.0000,270.0832,0.0057,-0.0147,-0.1026,0.3079,0.0000,0.0000,0.0000,0.0000,0.0000,1,0,0,0,0,0.0003
17.4227,185.2042,0.0864,102.8924,0.0001,0.0002,0.0000,0.0001,0.0000,270.0835,0.0056,-0.0147,-0.1026,0.3079,0.0000,0.0000,0.0000,0.0000,0.0000,1,0,0,0,0,0.0003
17.4785,185.2042,0.0864,102.8924,0.0001,0.0002,0.0000,0.0001,0.0000,270.0837,0.0033,-0.0147,-0.1026,0.3079,0.0000,0.0000,0.0000,0.0000,0.0000,1,0,0,0,0,0.0002
17.5350,185.2042,0.0864,102.8924,0.0001,0.0002,0.0000,0.0001,0.0000,270.0839,0.0038,-0.0147,-0.1026,0.3079,0.0000,0.0000,0.0000,0.0000,0.0000,1,0,0,0,0,0.0002
17.6040,185.2042,0.0864,102.8924,0.0001,0.0002,0.0000,0.0001,0.0000,270.0841,0.0035,-0.0147,-0.1026,0.3079,0.0000,0.0000,0.0000,0.0000,0.0000,1,0,0,0,0,0.0002
17.6633,185.2042,0.0864,102.8923,0.0001,0.0002,0.0000,0.0001,0.0000,270.0844,0.0041,-0.0147,-0.1026,0.3079,0.0000,0.0000,0.0000,0.0000,0.0000,1,0,0,0,0,0.0002
17.7289,185.2042,0.0864,102.8924,0.0001,0.0002,0.0000,0.0001,0.0000,270.0846,0.0037,-0.0147,-0.1026,0.3079,0.0000,0.0000,0.0000,0.0000,0.0000,1,0,0,0,0,0.0002
17.7847,185.2042,0.0864,102.8923,0.0001,0.0002,0.0000,0.0001,0.0000,270.0848,0.0038,-0.0147,-0.1026,0.3079,0.0000,0.0000,0.0000,0.0000,0.0000,1,0,0,0,0,0.0002
17.8411,185.2042,0.0864,102.8924,0.0001,0.0002,0.0000,0.0001,0.0000,270.0850,0.0032,-0.0147,-0.1026,0.3079,0.0000,0.0000,0.0000,0.0000,0.0000,1,0,0,0,0,0.0002
17.8962,185.2042,0.0864,102.8924,0.0001,0.0002,0.0000,0.0001,0.0000,270.0852,0.0033,-0.0147,-0.1026,0.3079,0.0000,0.0000,0.0000,0.0000,0.0000,1,0,0,0,0,0.0002
17.9502,185.2042,0.0864,102.8923,0.0001,0.0002,0.0000,0.0001,0.0000,270.0854,0.0040,-0.0147,-0.1026,0.3079,0.0000,0.0000,0.0000,0.0000,0.0000,1,0,0,0,0,0.0002
18.0168,185.2042,0.0864,102.8924,0.0001,0.0002,0.0000,0.0001,0.0000,270.0857,0.0037,-0.0147,-0.1026,0.3079,0.0000,0.0000,0.0000,0.0000,0.0000,1,0,0,0,0,0.0002
18.1051,185.2042,0.0864,102.8924,0.0001,0.0002,0.0000,0.0001,0.0000,270.0860,0.0035,-0.0147,-0.1026,0.3079,0.0000,0.0000,0.0000,0.0000,0.0000,1,0,0,0,0,0.0002
18.1754,185.2042,0.0864,102.8924,0.0001,0.0002,0.0000,0.0001,0.0000,270.0862,0.0035,-0.0147,-0.1026,0.3079,0.0000,0.0000,0.0000,0.0000,0.0000,1,0,0,0,0,0.0002
18.2285,185.2042,0.0864,102.8923,0.0001,0.0002,0.0000,0.0001,0.0000,270.0864,0.0040,-0.0147,-0.1026,0.3079,0.0000,0.0000,0.0000,0.0000,0.0000,1,0,0,0,0,0.0002
18.2885,185.2042,0.0864,102.8924,0.0001,0.0002,0.0000,0.0001,0.0000,270.0867,0.0051,-0.0147,-0.1026,0.3079,0.0000,0.0000,0.0000,0.0000,0.0000,1,0,0,0,0,0.0003
18.3469,185.2042,0.0864,102.8924,0.0001,0.0002,0.0000,0.0001,0.0000,270.0870,0.0052,-0.0147,-0.1026,0.3079,0.0000,0.0000,0.0000,0.0000,0.0000,1,0,0,0,0,0.0003
18.3981,185.2042,0.0864,102.8923,0.0001,0.0002,0.0000,0.0001,0.0000,270.0873,0.0060,-0.0147,-0.1026,0.3079,0.0000,0.0000,0.0000,0.0000,0.0000,1,0,0,0,0,0.0003
18.4512,185.2042,0.0864,102.8924,0.0001,0.0002,0.0000,0.0001,0.0000,270.0876,0.0052,-0.0147,-0.1026,0.3079,0.0000,0.0000,0.0000,0.0000,0.0000,1,0,0,0,0,0.0003
18.5167,185.2042,0.0864,102.8924,0.0001,0.0002,0.0000,0.0001,0.0000,270.0880,0.0051,-0.0147,-0.1026,0.3079,0.0000,0.0000,0.0000,0.0000,0.0000,1,0,0,0,0,0.0003
18.5902,185.2042,0.0864,102.8924,0.0001,0.0002,0.0000,0.0001,0.0000,270.0883,0.0050,-0.0147,-0.1026,0.3079,0.0000,0.0000,0.0000,0.0000,0.0000,1,0,0,0,0,0.0003
18.6465,185.2042,0.0864,102.8924,0.0001,0.0002,0.0000,0.0001,0.0000,270.0886,0.0054,-0.0147,-0.1026,0.3079,0.0000,0.0000,0.0000,0.0000,0.0000,1,0,0,0,0,0.0003
18.7352,185.2042,0.0864,102.8923,0.0001,0.0002,0.0000,0.0001,0.0000,270.0891,0.0055,-0.0147,-0.1026,0.3079,0.0000,0.0000,0.0000,0.0000,0.0000,1,0,0,0,0,0.0003
18.8151,185.2042,0.0864,102.8924,0.0001,0.0002,0.0000,0.0001,0.0000,270.0897,0.0069,-0.0147,-0.1026,0.3079,0.0000,0.0000,0.0000,0.0000,0.0000,1,0,0,0,0,0.0004
18.8728,185.2042,0.0864,102.8924,0.0001,0.0002,0.0000,0.0001,0.0000,270.0900,0.0053,-0.0147,-0.1026,0.3079,0.0000,0.0000,0.0000,0.0000,0.0000,1,0,0,0,0,0.0003
18.9317,185.2042,0.0864,102.8924,0.0001,0.0002,0.0000,0.0001,0.0000,270.0903,0.0057,-0.0147,-0.1026,0.3079,0.0000,0.0000,0.0000,0.0000,0.0000,1,0,0,0,0,0.0003
19.0037,185.2042,0.0864,102.8924,0.0001,0.0002,0.0000,0.0001,0.0000,270.0908,0.0064,-0.0147,-0.1026,0.3079,0.0000,0.0000,0.0000,0.0000,0.0000,1,0,0,0,0,0.0004
19.0657,185.2042,0.0864,102.8924,0.0001,0.0002,0.0000,0.0001,0.0000,270.0911,0.0049,-0.0147,-0.1026,0.3079,0.0000,0.0000,0.0000,0.0000,0.0000,1,0,0,0,0,0.0003
19.3030,185.2042,0.0864,102.8924,0.0001,0.0002,0.0000,0.0001,0.0000,270.0923,0.0054,-0.0147,-0.1026,0.3079,0.0000,0.0000,0.0000,0.0000,0.0000,1,0,0,0,0,0.0003
19.3595,185.2042,0.0864,102.8924,0.0001,0.0002,0.0000,0.0001,0.0000,270.0927,0.0054,-0.0147,-0.1026,0.3079,0.0000,0.0000,0.0000,0.0000,0.0000,1,0,0,0,0,0.0003
19.4131,185.2042,0.0864,102.8924,0.0001,0.0002,0.0000,0.0001,0.0000,270.0929,0.0046,-0.0147,-0.1026,0.3079,0.0000,0.0000,0.0000,0.0000,0.0000,1,0,0,0,0,0.0003
19.4662,185.2042,0.0864,102.8924,0.0001,0.0002,0.0000,0.0001,0.0000,270.0932,0.0057,-0.0147,-0.1026,0.3079,0.0000,0.0000,0.0000,0.0000,0.0000,1,0,0,0,0,0.0003
19.5225,185.2042,0.0864,102.8924,0.0001,0.0002,0.0000,0.0001,0.0000,270.0935,0.0049,-0.0147,-0.1026,0.3079,0.0000,0.0000,0.0000,0.0000,0.0000,1,0,0,0,0,0.0003
19.5771,185.2042,0.0864,102.8924,0.0001,0.0002,0.0000,0.0001,0.0000,270.0938,0.0050,-0.0147,-0.1026,0.3079,0.0000,0.0000,0.0000,0.0000,0.0000,1,0,0,0,0,0.0003
19.6321,185.2042,0.0864,102.8924,0.0001,0.0002,0.0000,0.0001,0.0000,270.0941,0.0055,-0.0147,-0.1026,0.3079,0.0000,0.0000,0.0000,0.0000,0.0000,1,0,0,0,0,0.0003
19.7052,185.2042,0.0864,102.8924,0.0001,0.0002,0.0000,0.0001,0.0000,270.0945,0.0059,-0.0147,-0.1026,0.3079,0.0000,0.0000,0.0000,0.0000,0.0000,1,0,0,0,0,0.0003
19.7716,185.2042,0.0864,102.8924,0.0001,0.0002,0.0000,0.0001,0.0000,270.0947,0.0037,-0.0147,-0.1026,0.3079,0.0000,0.0000,0.0000,0.0000,0.0000,1,0,0,0,0,0.0002
19.8282,185.2042,0.0864,102.8923,0.0001,0.0002,0.0000,0.0001,0.0000,270.0949,0.0032,-0.0147,-0.1026,0.3079,0.0000,0.0000,0.0000,0.0000,0.0000,1,0,0,0,0,0.0002
19.8864,185.2042,0.0864,102.8924,0.0001,0.0002,0.0000,0.0001,0.0000,270.0951,0.0031,-0.0147,-0.1026,0.3079,0.0000,0.0000,0.0000,0.0000,0.0000,1,0,0,0,0,0.0002
19.9662,185.2042,0.0864,102.8924,0.0001,0.0002,0.0000,0.0001,0.0000,270.0954,0.0042,-0.0147,-0.1026,0.3079,0.0000,0.0000,0.0000,0.0000,0.0000,1,0,0,0,0,0.0002
20.0205,185.2042,0.0864,102.8924,0.0001,0.0002,0.0000,0.0001,0.0000,270.0956,0.0034,-0.0147,-0.1026,0.3079,0.0000,0.0000,0.0000,0.0000,0.0000,1,0,0,0,0,0.0002
20.0756,185.2042,0.0864,102.8924,0.0001,0.0002,0.0000,0.0001,0.0000,270.0958,0.0039,-0.0147,-0.1026,0.3079,0.0000,0.0000,0.0000,0.0000,0.0000,1,0,0,0,0,0.0002
20.1316,185.2042,0.0864,102.8924,0.0001,0.0002,0.0000,0.0001,0.0000,270.0960,0.0038,-0.0147,-0.1026,0.3079,0.0000,0.0000,0.0000,0.0000,0.0000,1,0,0,0,0,0.0002
20.2111,185.2042,0.0864,102.8924,0.0001,0.0002,0.0000,0.0001,0.0000,270.0963,0.0035,-0.0147,-0.1026,0.3079,0.0000,0.0000,0.0000,0.0000,0.0000,1,0,0,0,0,0.0002
20.2859,185.2042,0.0864,102.8924,0.0001,0.0002,0.0000,0.0001,0.0000,270.0966,0.0037,-0.0147,-0.1026,0.3079,0.0000,0.0000,0.0000,0.0000,0.0000,1,0,0,0,0,0.0002
20.3424,185.2042,0.0864,102.8924,0.0001,0.0002,0.0000,0.0001,0.0000,270.0968,0.0038,-0.0147,-0.1026,0.3079,0.0000,0.0000,0.0000,0.0000,0.0000,1,0,0,0,0,0.0002
20.3971,185.2042,0.0864,102.8924,0.0001,0.0002,0.0000,0.0001,0.0000,270.0970,0.0033,-0.0147,-0.1026,0.3079,0.0000,0.0000,0.0000,0.0000,0.0000,1,0,0,0,0,0.0002
20.4515,185.2042,0.0864,102.8924,0.0001,0.0002,0.0000,0.0001,0.0000,270.0972,0.0034,-0.0147,-0.1026,0.3079,0.0000,0.0000,0.0000,0.0000,0.0000,1,0,0,0,0,0.0002
20.5243,185.2042,0.0864,102.8923,0.0001,0.0002,0.0000,0.0001,0.0000,270.0974,0.0038,-0.0147,-0.1026,0.3079,0.0000,0.0000,0.0000,0.0000,0.0000,1,0,0,0,0,0.0002
20.5777,185.2042,0.0864,102.8923,0.0001,0.0002,0.0000,0.0001,0.0000,270.0977,0.0040,-0.0147,-0.1026,0.3079,0.0000,0.0000,0.0000,0.0000,0.0000,1,0,0,0,0,0.0002
20.6329,185.2042,0.0864,102.8923,0.0001,0.0002,0.0000,0.0001,0.0000,270.0979,0.0050,-0.0147,-0.1026,0.3079,0.0000,0.0000,0.0000,0.0000,0.0000,1,0,0,0,0,0.0003
20.6882,185.2042,0.0864,102.8924,0.0001,0.0002,0.0000,0.0001,0.0000,270.0982,0.0050,-0.0147,-0.1026,0.3079,0.0000,0.0000,0.0000,0.0000,0.0000,1,0,0,0,0,0.0003
20.7453,185.2042,0.0864,102.8924,0.0001,0.0002,0.0000,0.0001,0.0000,270.0985,0.0053,-0.0147,-0.1026,0.3079,0.0000,0.0000,0.0000,0.0000,0.0000,1,0,0,0,0,0.0003
20.8009,185.2042,0.0864,102.8924,0.0001,0.0002,0.0000,0.0001,0.0000,270.0988,0.0055,-0.0147,-0.1026,0.3079,0.0000,0.0000,0.0000,0.0000,0.0000,1,0,0,0,0,0.0003
20.8689,185.2042,0.0864,102.8924,0.0001,0.0002,0.0000,0.0001,0.0000,270.0992,0.0063,-0.0147,-0.1026,0.3079,0.0000,0.0000,0.0000,0.0000,0.0000,1,0,0,0,0,0.0003
20.9251,185.2042,0.0864,102.8924,0.0001,0.0002,0.0000,0.0001,0.0000,270.0995,0.0054,-0.0147,-0.1026,0.3079,0.0000,0.0000,0.0000,0.0000,0.0000,1,0,0,0,0,0.0003
20.9794,185.2042,0.0864,102.8924,0.0001,0.0002,0.0000,0.0001,0.0000,270.0999,0.0056,-0.0147,-0.1026,0.3079,0.0000,0.0000,0.0000,0.0000,0.0000,1,0,0,0,0,0.0003
21.0497,185.2042,0.0864,102.8924,0.0001,0.0002,0.0000,0.0001,0.0000,270.1002,0.0052,-0.0147,-0.1026,0.3079,0.0000,0.0000,0.0000,0.0000,0.0000,1,0,0,0,0,0.0003
21.1171,185.2042,0.0864,102.8924,0.0001,0.0002,0.0000,0.0001,0.0000,270.1006,0.0054,-0.0147,-0.1026,0.3079,0.0000,0.0000,0.0000,0.0000,0.0000,1,0,0,0,0,0.0003
21.1719,185.2042,0.0864,102.8923,0.0001,0.0002,0.0000,0.0001,0.0000,270.1010,0.0067,-0.0147,-0.1026,0.3079,0.0000,0.0000,0.0000,0.0000,0.0000,1,0,0,0,0,0.0004
21.2266,185.2043,0.0864,102.8924,0.0001,0.0002,0.0000,0.0001,0.0000,270.1013,0.0056,-0.0147,-0.1026,0.3079,0.0000,0.0000,0.0000,0.0000,0.0000,1,0,0,0,0,0.0003
21.2812,185.2042,0.0864,102.8924,0.0001,0.0002,0.0000,0.0001,0.0000,270.1016,0.0061,-0.0147,-0.1026,0.3079,0.0000,0.0000,0.0000,0.0000,0.0000,1,0,0,0,0,0.0003
21.3375,185.2042,0.0864,102.8924,0.0001,0.0002,0.0000,0.0001,0.0000,270.1019,0.0060,-0.0147,-0.1026,0.3079,0.0000,0.0000,0.0000,0.0000,0.0000,1,0,0,0,0,0.0003
21.3969,185.2042,0.0864,102.8924,0.0001,0.0002,0.0000,0.0001,0.0000,270.1022,0.0051,-0.0147,-0.1026,0.3079,0.0000,0.0000,0.0000,0.0000,0.0000,1,0,0,0,0,0.0003
21.4491,185.2043,0.0864,102.8924,0.0001,0.0002,0.0000,0.0001,0.0000,270.1025,0.0058,-0.0147,-0.1026,0.3079,0.0000,0.0000,0.0000,0.0000,0.0000,1,0,0,0,0,0.0003
21.5046,185.2042,0.0864,102.8924,0.0001,0.0002,0.0000,0.0001,0.0000,270.1028,0.0049,-0.0147,-0.1026,0.3079,0.0000,0.0000,0.0000,0.0000,0.0000,1,0,0,0,0,0.0003
21.5740,185.2042,0.0864,102.8924,0.0001,0.0002,0.0000,0.0001,0.0000,270.1031,0.0035,-0.0147,-0.1026,0.3079,0.0000,0.0000,0.0000,0.0000,0.0000,1,0,0,0,0,0.0002
21.6323,185.2043,0.0864,102.8924,0.0001,0.0002,0.0000,0.0001,0.0000,270.1033,0.0047,-0.0147,-0.1026,0.3079,0.0000,0.0000,0.0000,0.0000,0.0000,1,0,0,0,0,0.0003
21.6889,185.2042,0.0864,102.8924,0.0001,0.0002,0.0000,0.0001,0.0000,270.1036,0.0043,-0.0147,-0.1026,0.3079,0.0000,0.0000,0.0000,0.0000,0.0000,1,0,0,0,0,0.0002
21.7399,185.2042,0.0864,102.8924,0.0001,0.0002,0.0000,0.0001,0.0000,270.1039,0.0060,-0.0147,-0.1026,0.3079,0.0000,0.0000,0.0000,0.0000,0.0000,1,0,0,0,0,0.0003
21.7995,185.2042,0.0864,102.8924,0.0001,0.0002,0.0000,0.0001,0.0000,270.1042,0.0051,-0.0147,-0.1026,0.3079,0.0000,0.0000,0.0000,0.0000,0.0000,1,0,0,0,0,0.0003
21.8516,185.2042,0.0864,102.8924,0.0001,0.0002,0.0000,0.0001,0.0000,270.1045,0.0059,-0.0147,-0.1026,0.3079,0.0000,0.0000,0.0000,0.0000,0.0000,1,0,0,0,0,0.0003
21.9086,185.2042,0.0864,102.8924,0.0001,0.0002,0.0000,0.0001,0.0000,270.1048,0.0054,-0.0147,-0.1026,0.3079,0.0000,0.0000,0.0000,0.0000,0.0000,1,0,0,0,0,0.0003
21.9639,185.2042,0.0864,102.8924,0.0001,0.0002,0.0000,0.0001,0.0000,270.1051,0.0055,-0.0147,-0.1026,0.3079,0.0000,0.0000,0.0000,0.0000,0.0000,1,0,0,0,0,0.0003
22.0192,185.2042,0.0864,102.8924,0.0001,0.0002,0.0000,0.0001,0.0000,270.1054,0.0055,-0.0147,-0.1026,0.3079,0.0000,0.0000,0.0000,0.0000,0.0000,1,0,0,0,0,0.0003
22.0778,185.2042,0.0864,102.8924,0.0001,0.0002,0.0000,0.0001,0.0000,270.1056,0.0031,-0.0147,-0.1026,0.3079,0.0000,0.0000,0.0000,0.0000,0.0000,1,0,0,0,0,0.0002
22.1453,185.2042,0.0864,102.8924,0.0001,0.0002,0.0000,0.0001,0.0000,270.1059,0.0041,-0.0147,-0.1026,0.3079,0.0000,0.0000,0.0000,0.0000,0.0000,1,0,0,0,0,0.0002
22.1992,185.2042,0.0864,102.8924,0.0001,0.0002,0.0000,0.0001,0.0000,270.1060,0.0028,-0.0147,-0.1026,0.3079,0.0000,0.0000,0.0000,0.0000,0.0000,1,0,0,0,0,0.0002
22.2555,185.2042,0.0864,102.8924,0.0001,0.0002,0.0000,0.0001,0.0000,270.1063,0.0043,-0.0147,-0.1026,0.3079,0.0000,0.0000,0.0000,0.0000,0.0000,1,0,0,0,0,0.0002
22.3098,185.2042,0.0864,102.8924,0.0001,0.0002,0.0000,0.0001,0.0000,270.1064,0.0034,-0.0147,-0.1026,0.3079,0.0000,0.0000,0.0000,0.0000,0.0000,1,0,0,0,0,0.0002
22.3659,185.2042,0.0864,102.8924,0.0001,0.0002,0.0000,0.0001,0.0000,270.1067,0.0038,-0.0147,-0.1026,0.3079,0.0000,0.0000,0.0000,0.0000,0.0000,1,0,0,0,0,0.0002
22.4204,185.2042,0.0864,102.8924,0.0001,0.0002,0.0000,0.0001,0.0000,270.1068,0.0034,-0.0147,-0.1026,0.3079,0.0000,0.0000,0.0000,0.0000,0.0000,1,0,0,0,0,0.0002
22.4763,185.2042,0.0864,102.8924,0.0001,0.0002,0.0000,0.0001,0.0000,270.1071,0.0038,-0.0147,-0.1026,0.3079,0.0000,0.0000,0.0000,0.0000,0.0000,1,0,0,0,0,0.0002
22.5323,185.2042,0.0864,102.8924,0.0001,0.0002,0.0000,0.0001,0.0000,270.1073,0.0044,-0.0147,-0.1026,0.3079,0.0000,0.0000,0.0000,0.0000,0.0000,1,0,0,0,0,0.0002
22.5903,185.2042,0.0864,102.8923,0.0001,0.0002,0.0000,0.0001,0.0000,270.1075,0.0037,-0.0147,-0.1026,0.3079,0.0000,0.0000,0.0000,0.0000,0.0000,1,0,0,0,0,0.0002
22.6609,185.2042,0.0864,102.8924,0.0001,0.0002,0.0000,0.0001,0.0000,270.1077,0.0030,-0.0147,-0.1026,0.3079,0.0000,0.0000,0.0000,0.0000,0.0000,1,0,0,0,0,0.0002
22.7129,185.2042,0.0864,102.8924,0.0001,0.0002,0.0000,0.0001,0.0000,270.1079,0.0041,-0.0147,-0.1026,0.3079,0.0000,0.0000,0.0000,0.0000,0.0000,1,0,0,0,0,0.0002
22.7697,185.2042,0.0864,102.8923,0.0001,0.0002,0.0000,0.0001,0.0000,270.1081,0.0032,-0.0147,-0.1026,0.3079,0.0000,0.0000,0.0000,0.0000,0.0000,1,0,0,0,0,0.0002
22.8261,185.2042,0.0864,102.8924,0.0001,0.0002,0.0000,0.0001,0.0000,270.1084,0.0043,-0.0147,-0.1026,0.3079,0.0000,0.0000,0.0000,0.0000,0.0000,1,0,0,0,0,0.0002
22.9014,185.2043,0.0864,102.8924,0.0001,0.0002,0.0000,0.0001,0.0000,270.1088,0.0053,-0.0147,-0.1026,0.3079,0.0000,0.0000,0.0000,0.0000,0.0000,1,0,0,0,0,0.0003
22.9810,185.2042,0.0864,102.8924,0.0001,0.0002,0.0000,0.0001,0.0000,270.1091,0.0046,-0.0147,-0.1026,0.3079,0.0000,0.0000,0.0000,0.0000,0.0000,1,0,0,0,0,0.0003
23.0345,185.2042,0.0864,102.8924,0.0001,0.0002,0.0000,0.0001,0.0000,270.1094,0.0051,-0.0147,-0.1026,0.3079,0.0000,0.0000,0.0000,0.0000,0.0000,1,0,0,0,0,0.0003
23.0900,185.2042,0.0864,102.8923,0.0001,0.0002,0.0000,0.0001,0.0000,270.1096,0.0044,-0.0147,-0.1026,0.3079,0.0000,0.0000,0.0000,0.0000,0.0000,1,0,0,0,0,0.0002
23.1455,185.2042,0.0864,102.8924,0.0001,0.0002,0.0000,0.0001,0.0000,270.1099,0.0049,-0.0147,-0.1026,0.3079,0.0000,0.0000,0.0000,0.0000,0.0000,1,0,0,0,0,0.0003
23.2155,185.2042,0.0864,102.8924,0.0001,0.0002,0.0000,0.0001,0.0000,270.1103,0.0052,-0.0147,-0.1026,0.3079,0.0000,0.0000,0.0000,0.0000,0.0000,1,0,0,0,0,0.0003
23.2728,185.2042,0.0864,102.8923,0.0001,0.0002,0.0000,0.0001,0.0000,270.1106,0.0053,-0.0147,-0.1026,0.3079,0.0000,0.0000,0.0000,0.0000,0.0000,1,0,0,0,0,0.0003
23.3281,185.2042,0.0864,102.8924,0.0001,0.0002,0.0000,0.0001,0.0000,270.1109,0.0055,-0.0147,-0.1026,0.3079,0.0000,0.0000,0.0000,0.0000,0.0000,1,0,0,0,0,0.0003
23.3848,185.2043,0.0864,102.8924,0.0001,0.0002,0.0000,0.0001,0.0000,270.1113,0.0065,-0.0147,-0.1026,0.3079,0.0000,0.0000,0.0000,0.0000,0.0000,1,0,0,0,0,0.0004
23.4377,185.2042,0.0864,102.8924,0.0001,0.0002,0.0000,0.0001,0.0000,270.1116,0.0069,-0.0147,-0.1026,0.3079,0.0000,0.0000,0.0000,0.0000,0.0000,1,0,0,0,0,0.0004
23.4950,185.2042,0.0864,102.8924,0.0001,0.0002,0.0000,0.0001,0.0000,270.1119,0.0053,-0.0147,-0.1026,0.3079,0.0000,0.0000,0.0000,0.0000,0.0000,1,0,0,0,0,0.0003
23.5501,185.2042,0.0864,102.8924,0.0001,0.0002,0.0000,0.0001,0.0000,270.1123,0.0061,-0.0147,-0.1026,0.3079,0.0000,0.0000,0.0000,0.0000,0.0000,1,0,0,0,0,0.0003
23.6039,185.2043,0.0864,102.8924,0.0001,0.0002,0.0000,0.0001,0.0000,270.1126,0.0062,-0.0147,-0.1026,0.3079,0.0000,0.0000,0.0000,0.0000,0.0000,1,0,0,0,0,0.0003
23.6670,185.2042,0.0864,102.8923,0.0001,0.0002,0.0000,0.0001,0.0000,270.1130,0.0058,-0.0147,-0.1026,0.3079,0.0000,0.0000,0.0000,0.0000,0.0000,1,0,0,0,0,0.0003
23.7293,185.2042,0.0864,102.8923,0.0001,0.0002,0.0000,0.0001,0.0000,270.1133,0.0054,-0.0147,-0.1026,0.3079,0.0000,0.0000,0.0000,0.0000,0.0000,1,0,0,0,0,0.0003
23.7924,185.2042,0.0864,102.8923,0.0001,0.0002,0.0000,0.0001,0.0000,270.1137,0.0058,-0.0147,-0.1026,0.3079,0.0000,0.0000,0.0000,0.0000,0.0000,1,0,0,0,0,0.0003
23.8709,185.2042,0.0864,102.8924,0.0001,0.0002,0.0000,0.0001,0.0000,270.1141,0.0051,-0.0147,-0.1026,0.3079,0.0000,0.0000,0.0000,0.0000,0.0000,1,0,0,0,0,0.0003
23.9238,185.2042,0.0864,102.8924,0.0001,0.0002,0.0000,0.0001,0.0000,270.1143,0.0046,-0.0147,-0.1026,0.3079,0.0000,0.0000,0.0000,0.0000,0.0000,1,0,0,0,0,0.0003
23.9790,185.2042,0.0864,102.8924,0.0001,0.0002,0.0000,0.0001,0.0000,270.1146,0.0055,-0.0147,-0.1026,0.3079,0.0000,0.0000,0.0000,0.0000,0.0000,1,0,0,0,0,0.0003
24.0341,185.2043,0.0864,102.8924,0.0001,0.0002,0.0000,0.0001,0.0000,270.1149,0.0055,-0.0147,-0.1026,0.3079,0.0000,0.0000,0.0000,0.0000,0.0000,1,0,0,0,0,0.0003
24.0904,185.2043,0.0864,102.8924,0.0001,0.0002,0.0000,0.0001,0.0000,270.1152,0.0043,-0.0147,-0.1026,0.3079,0.0000,0.0000,0.0000,0.0000,0.0000,1,0,0,0,0,0.0002
24.1473,185.2042,0.0864,102.8923,0.0001,0.0002,0.0000,0.0001,0.0000,270.1154,0.0043,-0.0147,-0.1026,0.3079,0.0000,0.0000,0.0000,0.0000,0.0000,1,0,0,0,0,0.0002
24.2017,185.2042,0.0864,102.8924,0.0001,0.0002,0.0000,0.0001,0.0000,270.1157,0.0056,-0.0147,-0.1026,0.3079,0.0000,0.0000,0.0000,0.0000,0.0000,1,0,0,0,0,0.0003
24.2703,185.2042,0.0864,102.8924,0.0001,0.0002,0.0000,0.0001,0.0000,270.1160,0.0044,-0.0147,-0.1026,0.3079,0.0000,0.0000,0.0000,0.0000,0.0000,1,0,0,0,0,0.0002
24.3407,185.2042,0.0864,102.8924,0.0001,0.0002,0.0000,0.0001,0.0000,270.1163,0.0043,-0.0147,-0.1026,0.3079,0.0000,0.0000,0.0000,0.0000,0.0000,1,0,0,0,0,0.0002
24.3965,185.2042,0.0864,102.8924,0.0001,0.0002,0.0000,0.0001,0.0000,270.1165,0.0038,-0.0147,-0.1026,0.3079,0.0000,0.0000,0.0000,0.0000,0.0000,1,0,0,0,0,0.0002
24.4538,185.2042,0.0864,102.8923,0.0001,0.0002,0.0000,0.0001,0.0000,270.1168,0.0048,-0.0147,-0.1026,0.3079,0.0000,0.0000,0.0000,0.0000,0.0000,1,0,0,0,0,0.0003
24.5064,185.2042,0.0864,102.8924,0.0001,0.0002,0.0000,0.0001,0.0000,270.1169,0.0023,-0.0147,-0.1026,0.3079,0.0000,0.0000,0.0000,0.0000,0.0000,1,0,0,0,0,0.0001
24.5621,185.2042,0.0864,102.8924,0.0001,0.0002,0.0000,0.0001,0.0000,270.1172,0.0044,-0.0147,-0.1026,0.3079,0.0000,0.0000,0.0000,0.0000,0.0000,1,0,0,0,0,0.0002
24.6177,185.2042,0.0864,102.8923,0.0001,0.0002,0.0000,0.0001,0.0000,270.1174,0.0033,-0.0147,-0.1026,0.3079,0.0000,0.0000,0.0000,0.0000,0.0000,1,0,0,0,0,0.0002
24.6761,185.2043,0.0864,102.8924,0.0001,0.0002,0.0000,0.0001,0.0000,270.1176,0.0042,-0.0147,-0.1026,0.3079,0.0000,0.0000,0.0000,0.0000,0.0000,1,0,0,0,0,0.0002
24.7296,185.2042,0.0864,102.8924,0.0001,0.0002,0.0000,0.0001,0.0000,270.1177,0.0023,-0.0147,-0.1026,0.3079,0.0000,0.0000,0.0000,0.0000,0.0000,1,0,0,0,0,0.0001
24.7999,185.2042,0.0864,102.8924,0.0001,0.0002,0.0000,0.0001,0.0000,270.1180,0.0039,-0.0147,-0.1026,0.3079,0.0000,0.0000,0.0000,0.0000,0.0000,1,0,0,0,0,0.0002
24.8530,185.2042,0.0864,102.8924,0.0001,0.0002,0.0000,0.0001,0.0000,270.1182,0.0040,-0.0147,-0.1026,0.3079,0.0000,0.0000,0.0000,0.0000,0.0000,1,0,0,0,0,0.0002
24.9089,185.2042,0.0864,102.8924,0.0001,0.0002,0.0000,0.0001,0.0000,270.1184,0.0033,-0.0147,-0.1026,0.3079,0.0000,0.0000,0.0000,0.0000,0.0000,1,0,0,0,0,0.0002
24.9719,185.2042,0.0864,102.8924,0.0001,0.0002,0.0000,0.0001,0.0000,270.1186,0.0029,-0.0147,-0.1026,0.3079,0.0000,0.0000,0.0000,0.0000,0.0000,1,0,0,0,0,0.0002
25.0481,185.2042,0.0864,102.8924,0.0001,0.0002,0.0000,0.0001,0.0000,270.1189,0.0040,-0.0147,-0.1026,0.3079,0.0000,0.0000,0.0000,0.0000,0.0000,1,0,0,0,0,0.0002
25.1349,185.2042,0.0864,102.8923,0.0001,0.0002,0.0000,0.0001,0.0000,270.1192,0.0035,-0.0147,-0.1026,0.3079,0.0000,0.0000,0.0000,0.0000,0.0000,1,0,0,0,0,0.0002
25.1903,185.2042,0.0864,102.8924,0.0001,0.0002,0.0000,0.0001,0.0000,270.1195,0.0055,-0.0147,-0.1026,0.3079,0.0000,0.0000,0.0000,0.0000,0.0000,1,0,0,0,0,0.0003
25.2472,185.2042,0.0864,102.8924,0.0001,0.0002,0.0000,0.0001,0.0000,270.1198,0.0054,-0.0147,-0.1026,0.3079,0.0000,0.0000,0.0000,0.0000,0.0000,1,0,0,0,0,0.0003
25.3020,185.2042,0.0864,102.8924,0.0001,0.0002,0.0000,0.0001,0.0000,270.1201,0.0056,-0.0147,-0.1026,0.3079,0.0000,0.0000,0.0000,0.0000,0.0000,1,0,0,0,0,0.0003
25.3695,185.2042,0.0864,102.8924,0.0001,0.0002,0.0000,0.0001,0.0000,270.1205,0.0054,-0.0147,-0.1026,0.3079,0.0000,0.0000,0.0000,0.0000,0.0000,1,0,0,0,0,0.0003
25.4265,185.2042,0.0864,102.8923,0.0001,0.0002,0.0000,0.0001,0.0000,270.1208,0.0054,-0.0147,-0.1026,0.3079,0.0000,0.0000,0.0000,0.0000,0.0000,1,0,0,0,0,0.0003
25.4971,185.2042,0.0864,102.8924,0.0001,0.0002,0.0000,0.0001,0.0000,270.1212,0.0052,-0.0147,-0.1026,0.3079,0.0000,0.0000,0.0000,0.0000,0.0000,1,0,0,0,0,0.0003
25.5594,185.2042,0.0864,102.8924,0.0001,0.0002,0.0000,0.0001,0.0000,270.1214,0.0044,-0.0147,-0.1026,0.3079,0.0000,0.0000,0.0000,0.0000,0.0000,1,0,0,0,0,0.0002
25.6183,185.2042,0.0864,102.8924,0.0001,0.0002,0.0000,0.0001,0.0000,270.1217,0.0047,-0.0147,-0.1026,0.3079,0.0000,0.0000,0.0000,0.0000,0.0000,1,0,0,0,0,0.0003
25.6748,185.2042,0.0864,102.8924,0.0001,0.0002,0.0000,0.0001,0.0000,270.1221,0.0065,-0.0147,-0.1026,0.3079,0.0000,0.0000,0.0000,0.0000,0.0000,1,0,0,0,0,0.0004
25.7336,185.2042,0.0864,102.8924,0.0001,0.0002,0.0000,0.0001,0.0000,270.1224,0.0052,-0.0147,-0.1026,0.3079,0.0000,0.0000,0.0000,0.0000,0.0000,1,0,0,0,0,0.0003
25.7873,185.2042,0.0864,102.8923,0.0001,0.0002,0.0000,0.0001,0.0000,270.1227,0.0063,-0.0147,-0.1026,0.3079,0.0000,0.0000,0.0000,0.0000,0.0000,1,0,0,0,0,0.0003
25.8404,185.2042,0.0864,102.8924,0.0001,0.0002,0.0000,0.0001,0.0000,270.1230,0.0052,-0.0147,-0.1026,0.3079,0.0000,0.0000,0.0000,0.0000,0.0000,1,0,0,0,0,0.0003
25.9120,185.2042,0.0864,102.8924,0.0001,0.0002,0.0000,0.0001,0.0000,270.1234,0.0060,-0.0147,-0.1026,0.3079,0.0000,0.0000,0.0000,0.0000,0.0000,1,0,0,0,0,0.0003
25.9678,185.2042,0.0864,102.8924,0.0001,0.0002,0.0000,0.0001,0.0000,270.1237,0.0060,-0.0147,-0.1026,0.3079,0.0000,0.0000,0.0000,0.0000,0.0000,1,0,0,0,0,0.0003
26.0218,185.2042,0.0864,102.8924,0.0001,0.0002,0.0000,0.0001,0.0000,270.1241,0.0062,-0.0147,-0.1026,0.3079,0.0000,0.0000,0.0000,0.0000,0.0000,1,0,0,0,0,0.0003
26.0782,185.2042,0.0864,102.8923,0.0001,0.0002,0.0000,0.0001,0.0000,270.1244,0.0054,-0.0147,-0.1026,0.3079,0.0000,0.0000,0.0000,0.0000,0.0000,1,0,0,0,0,0.0003
26.1346,185.2042,0.0864,102.8924,0.0001,0.0002,0.0000,0.0001,0.0000,270.1247,0.0054,-0.0147,-0.1026,0.3079,0.0000,0.0000,0.0000,0.0000,0.0000,1,0,0,0,0,0.0003
26.1899,185.2042,0.0864,102.8924,0.0001,0.0002,0.0000,0.0001,0.0000,270.1249,0.0039,-0.0147,-0.1026,0.3079,0.0000,0.0000,0.0000,0.0000,0.0000,1,0,0,0,0,0.0002
26.2605,185.2042,0.0864,102.8924,0.0001,0.0002,0.0000,0.0001,0.0000,270.1252,0.0048,-0.0147,-0.1026,0.3079,0.0000,0.0000,0.0000,0.0000,0.0000,1,0,0,0,0,0.0003
26.3177,185.2042,0.0864,102.8924,0.0001,0.0002,0.0000,0.0001,0.0000,270.1255,0.0053,-0.0147,-0.1026,0.3079,0.0000,0.0000,0.0000,0.0000,0.0000,1,0,0,0,0,0.0003
26.3773,185.2042,0.0864,102.8924,0.0001,0.0002,0.0000,0.0001,0.0000,270.1259,0.0061,-0.0147,-0.1026,0.3079,0.0000,0.0000,0.0000,0.0000,0.0000,1,0,0,0,0,0.0003
26.4412,185.2042,0.0864,102.8924,0.0001,0.0002,0.0000,0.0001,0.0000,270.1263,0.0053,-0.0147,-0.1026,0.3079,0.0000,0.0000,0.0000,0.0000,0.0000,1,0,0,0,0,0.0003
26.5097,185.2042,0.0864,102.8924,0.0001,0.0002,0.0000,0.0001,0.0000,270.1266,0.0049,-0.0147,-0.1026,0.3079,0.0000,0.0000,0.0000,0.0000,0.0000,1,0,0,0,0,0.0003
26.5658,185.2042,0.0864,102.8924,0.0001,0.0002,0.0000,0.0001,0.0000,270.1269,0.0049,-0.0147,-0.1026,0.3079,0.0000,0.0000,0.0000,0.0000,0.0000,1,0,0,0,0,0.0003
26.6214,185.2042,0.0864,102.8924,0.0001,0.0002,0.0000,0.0001,0.0000,270.1271,0.0038,-0.0147,-0.1026,0.3079,0.0000,0.0000,0.0000,0.0000,0.0000,1,0,0,0,0,0.0002
26.6756,185.2042,0.0864,102.8924,0.0001,0.0002,0.0000,0.0001,0.0000,270.1273,0.0045,-0.0147,-0.1026,0.3079,0.0000,0.0000,0.0000,0.0000,0.0000,1,0,0,0,0,0.0003
26.7315,185.2042,0.0864,102.8924,0.0001,0.0002,0.0000,0.0001,0.0000,270.1275,0.0033,-0.0147,-0.1026,0.3079,0.0000,0.0000,0.0000,0.0000,0.0000,1,0,0,0,0,0.0002
26.7895,185.2042,0.0864,102.8924,0.0001,0.0002,0.0000,0.0001,0.0000,270.1277,0.0026,-0.0147,-0.1026,0.3079,0.0000,0.0000,0.0000,0.0000,0.0000,1,0,0,0,0,0.0001
26.8422,185.2042,0.0864,102.8924,0.0001,0.0002,0.0000,0.0001,0.0000,270.1279,0.0040,-0.0147,-0.1026,0.3079,0.0000,0.0000,0.0000,0.0000,0.0000,1,0,0,0,0,0.0002
26.8990,185.2043,0.0864,102.8924,0.0001,0.0002,0.0000,0.0001,0.0000,270.1281,0.0032,-0.0147,-0.1026,0.3079,0.0000,0.0000,0.0000,0.0000,0.0000,1,0,0,0,0,0.0002
26.9661,185.2042,0.0864,102.8924,0.0001,0.0002,0.0000,0.0001,0.0000,270.1283,0.0036,-0.0147,-0.1026,0.3079,0.0000,0.0000,0.0000,0.0000,0.0000,1,0,0,0,0,0.0002
27.0263,185.2042,0.0864,102.8924,0.0001,0.0002,0.0000,0.0001,0.0000,270.1285,0.0030,-0.0147,-0.1026,0.3079,0.0000,0.0000,0.0000,0.0000,0.0000,1,0,0,0,0,0.0002
27.0779,185.2042,0.0864,102.8924,0.0001,0.0002,0.0000,0.0001,0.0000,270.1287,0.0047,-0.0147,-0.1026,0.3079,0.0000,0.0000,0.0000,0.0000,0.0000,1,0,0,0,0,0.0003
27.1322,185.2042,0.0864,102.8924,0.0001,0.0002,0.0000,0.0001,0.0000,270.1289,0.0039,-0.0147,-0.1026,0.3079,0.0000,0.0000,0.0000,0.0000,0.0000,1,0,0,0,0,0.0002
27.1883,185.2043,0.0864,102.8924,0.0001,0.0002,0.0000,0.0001,0.0000,270.1292,0.0038,-0.0147,-0.1026,0.3079,0.0000,0.0000,0.0000,0.0000,0.0000,1,0,0,0,0,0.0002
27.2422,185.2042,0.0864,102.8923,0.0001,0.0002,0.0000,0.0001,0.0000,270.1293,0.0034,-0.0147,-0.1026,0.3079,0.0000,0.0000,0.0000,0.0000,0.0000,1,0,0,0,0,0.0002
27.2998,185.2042,0.0864,102.8923,0.0001,0.0002,0.0000,0.0001,0.0000,270.1295,0.0026,-0.0147,-0.1026,0.3079,0.0000,0.0000,0.0000,0.0000,0.0000,1,0,0,0,0,0.0001
27.3549,185.2042,0.0864,102.8923,0.0001,0.0002,0.0000,0.0001,0.0000,270.1297,0.0039,-0.0147,-0.1026,0.3079,0.0000,0.0000,0.0000,0.0000,0.0000,1,0,0,0,0,0.0002
27.4131,185.2042,0.0864,102.8923,0.0001,0.0002,0.0000,0.0001,0.0000,270.1299,0.0031,-0.0147,-0.1026,0.3079,0.0000,0.0000,0.0000,0.0000,0.0000,1,0,0,0,0,0.0002
27.4677,185.2042,0.0864,102.8924,0.0001,0.0002,0.0000,0.0001,0.0000,270.1301,0.0034,-0.0147,-0.1026,0.3079,0.0000,0.0000,0.0000,0.0000,0.0000,1,0,0,0,0,0.0002
27.5359,185.2042,0.0864,102.8924,0.0001,0.0002,0.0000,0.0001,0.0000,270.1304,0.0054,-0.0147,-0.1026,0.3079,0.0000,0.0000,0.0000,0.0000,0.0000,1,0,0,0,0,0.0003
27.5908,185.2042,0.0864,102.8924,0.0001,0.0002,0.0000,0.0001,0.0000,270.1307,0.0056,-0.0147,-0.1026,0.3079,0.0000,0.0000,0.0000,0.0000,0.0000,1,0,0,0,0,0.0003
27.6474,185.2042,0.0864,102.8923,0.0001,0.0002,0.0000,0.0001,0.0000,270.1310,0.0043,-0.0147,-0.1026,0.3079,0.0000,0.0000,0.0000,0.0000,0.0000,1,0,0,0,0,0.0002
27.7017,185.2042,0.0864,102.8924,0.0001,0.0002,0.0000,0.0001,0.0000,270.1313,0.0056,-0.0147,-0.1026,0.3079,0.0000,0.0000,0.0000,0.0000,0.0000,1,0,0,0,0,0.0003
27.7567,185.2042,0.0864,102.8924,0.0001,0.0002,0.0000,0.0001,0.0000,270.1315,0.0044,-0.0147,-0.1026,0.3079,0.0000,0.0000,0.0000,0.0000,0.0000,1,0,0,0,0,0.0002
27.8152,185.2042,0.0864,102.8924,0.0001,0.0002,0.0000,0.0001,0.0000,270.1318,0.0042,-0.0147,-0.1026,0.3079,0.0000,0.0000,0.0000,0.0000,0.0000,1,0,0,0,0,0.0002
27.8729,185.2043,0.0864,102.8924,0.0001,0.0002,0.0000,0.0001,0.0000,270.1321,0.0063,-0.0147,-0.1026,0.3079,0.0000,0.0000,0.0000,0.0000,0.0000,1,0,0,0,0,0.0004
27.9254,185.2042,0.0864,102.8924,0.0001,0.0002,0.0000,0.0001,0.0000,270.1324,0.0047,-0.0147,-0.1026,0.3079,0.0000,0.0000,0.0000,0.0000,0.0000,1,0,0,0,0,0.0003
27.9856,185.2042,0.0864,102.8924,0.0001,0.0002,0.0000,0.0001,0.0000,270.1327,0.0051,-0.0147,-0.1026,0.3079,0.0000,0.0000,0.0000,0.0000,0.0000,1,0,0,0,0,0.0003
28.0632,185.2042,0.0864,102.8924,0.0001,0.0002,0.0000,0.0001,0.0000,270.1331,0.0055,-0.0147,-0.1026,0.3079,0.0000,0.0000,0.0000,0.0000,0.0000,1,0,0,0,0,0.0003
28.1197,185.2042,0.0864,102.8924,0.0001,0.0002,0.0000,0.0001,0.0000,270.1335,0.0059,-0.0147,-0.1026,0.3079,0.0000,0.0000,0.0000,0.0000,0.0000,1,0,0,0,0,0.0003
28.1732,185.2042,0.0864,102.8924,0.0001,0.0002,0.0000,0.0001,0.0000,270.1338,0.0063,-0.0147,-0.1026,0.3079,0.0000,0.0000,0.0000,0.0000,0.0000,1,0,0,0,0,0.0003
28.2284,185.2042,0.0864,102.8924,0.0001,0.0002,0.0000,0.0001,0.0000,270.1341,0.0061,-0.0147,-0.1026,0.3079,0.0000,0.0000,0.0000,0.0000,0.0000,1,0,0,0,0,0.0003
28.2838,185.2042,0.0864,102.8924,0.0001,0.0002,0.0000,0.0001,0.0000,270.1345,0.0061,-0.0147,-0.1026,0.3079,0.0000,0.0000,0.0000,0.0000,0.0000,1,0,0,0,0,0.0003
28.3391,185.2042,0.0864,102.8924,0.0001,0.0002,0.0000,0.0001,0.0000,270.1348,0.0055,-0.0147,-0.1026,0.3079,0.0000,0.0000,0.0000,0.0000,0.0000,1,0,0,0,0,0.0003
28.3951,185.2043,0.0864,102.8924,0.0001,0.0002,0.0000,0.0001,0.0000,270.1351,0.0065,-0.0147,-0.1026,0.3079,0.0000,0.0000,0.0000,0.0000,0.0000,1,0,0,0,0,0.0004
28.4530,185.2042,0.0864,102.8924,0.0001,0.0002,0.0000,0.0001,0.0000,270.1354,0.0053,-0.0147,-0.1026,0.3079,0.0000,0.0000,0.0000,0.0000,0.0000,1,0,0,0,0,0.0003
28.5091,185.2042,0.0864,102.8924,0.0001,0.0002,0.0000,0.0001,0.0000,270.1357,0.0038,-0.0147,-0.1026,0.3079,0.0000,0.0000,0.0000,0.0000,0.0000,1,0,0,0,0,0.0002
28.5620,185.2042,0.0864,102.8924,0.0001,0.0002,0.0000,0.0001,0.0000,270.1359,0.0052,-0.0147,-0.1026,0.3079,0.0000,0.0000,0.0000,0.0000,0.0000,1,0,0,0,0,0.0003
28.6342,185.2042,0.0864,102.8924,0.0001,0.0002,0.0000,0.0001,0.0000,270.1363,0.0051,-0.0147,-0.1026,0.3079,0.0000,0.0000,0.0000,0.0000,0.0000,1,0,0,0,0,0.0003
28.6871,185.2042,0.0864,102.8924,0.0001,0.0002,0.0000,0.0001,0.0000,270.1365,0.0046,-0.0147,-0.1026,0.3079,0.0000,0.0000,0.0000,0.0000,0.0000,1,0,0,0,0,0.0003
28.7559,185.2042,0.0864,102.8924,0.0001,0.0002,0.0000,0.0001,0.0000,270.1368,0.0044,-0.0147,-0.1026,0.3079,0.0000,0.0000,0.0000,0.0000,0.0000,1,0,0,0,0,0.0002
28.8136,185.2043,0.0864,102.8924,0.0001,0.0002,0.0000,0.0001,0.0000,270.1371,0.0053,-0.0147,-0.1026,0.3079,0.0000,0.0000,0.0000,0.0000,0.0000,1,0,0,0,0,0.0003
28.8672,185.2042,0.0864,102.8924,0.0001,0.0002,0.0000,0.0001,0.0000,270.1374,0.0051,-0.0147,-0.1026,0.3079,0.0000,0.0000,0.0000,0.0000,0.0000,1,0,0,0,0,0.0003
28.9230,185.2042,0.0864,102.8923,0.0001,0.0002,0.0000,0.0001,0.0000,270.1377,0.0049,-0.0147,-0.1026,0.3079,0.0000,0.0000,0.0000,0.0000,0.0000,1,0,0,0,0,0.0003
28.9787,185.2042,0.0864,102.8924,0.0001,0.0002,0.0000,0.0001,0.0000,270.1380,0.0055,-0.0147,-0.1026,0.3079,0.0000,0.0000,0.0000,0.0000,0.0000,1,0,0,0,0,0.0003
29.0358,185.2042,0.0864,102.8924,0.0001,0.0002,0.0000,0.0001,0.0000,270.1382,0.0043,-0.0147,-0.1026,0.3079,0.0000,0.0000,0.0000,0.0000,0.0000,1,0,0,0,0,0.0002
29.0900,185.2042,0.0864,102.8924,0.0001,0.0002,0.0000,0.0001,0.0000,270.1384,0.0028,-0.0147,-0.1026,0.3079,0.0000,0.0000,0.0000,0.0000,0.0000,1,0,0,0,0,0.0002
29.1591,185.2042,0.0864,102.8924,0.0001,0.0002,0.0000,0.0001,0.0000,270.1386,0.0035,-0.0147,-0.1026,0.3079,0.0000,0.0000,0.0000,0.0000,0.0000,1,0,0,0,0,0.0002
29.2152,185.2042,0.0864,102.8924,0.0001,0.0002,0.0000,0.0001,0.0000,270.1389,0.0043,-0.0147,-0.1026,0.3079,0.0000,0.0000,0.0000,0.0000,0.0000,1,0,0,0,0,0.0002
29.2713,185.2042,0.0864,102.8924,0.0001,0.0002,0.0000,0.0001,0.0000,270.1391,0.0038,-0.0147,-0.1026,0.3079,0.0000,0.0000,0.0000,0.0000,0.0000,1,0,0,0,0,0.0002
29.3253,185.2042,0.0864,102.8924,0.0001,0.0002,0.0000,0.0001,0.0000,270.1392,0.0023,-0.0147,-0.1026,0.3079,0.0000,0.0000,0.0000,0.0000,0.0000,1,0,0,0,0,0.0001
29.3842,185.2042,0.0864,102.8924,0.0001,0.0002,0.0000,0.0001,0.0000,270.1395,0.0047,-0.0147,-0.1026,0.3079,0.0000,0.0000,0.0000,0.0000,0.0000,1,0,0,0,0,0.0003
29.4368,185.2042,0.0864,102.8924,0.0001,0.0002,0.0000,0.0001,0.0000,270.1396,0.0023,-0.0147,-0.1026,0.3079,0.0000,0.0000,0.0000,0.0000,0.0000,1,0,0,0,0,0.0001
29.4930,185.2042,0.0864,102.8923,0.0001,0.0002,0.0000,0.0001,0.0000,270.1399,0.0043,-0.0147,-0.1026,0.3079,0.0000,0.0000,0.0000,0.0000,0.0000,1,0,0,0,0,0.0002
29.5535,185.2042,0.0864,102.8924,0.0001,0.0002,0.0000,0.0001,0.0000,270.1400,0.0030,-0.0147,-0.1026,0.3079,0.0000,0.0000,0.0000,0.0000,0.0000,1,0,0,0,0,0.0002
29.6039,185.2042,0.0864,102.8924,0.0001,0.0002,0.0000,0.0001,0.0000,270.1402,0.0036,-0.0147,-0.1026,0.3079,0.0000,0.0000,0.0000,0.0000,0.0000,1,0,0,0,0,0.0002
29.6595,185.2042,0.0864,102.8924,0.0001,0.0002,0.0000,0.0001,0.0000,270.1404,0.0038,-0.0147,-0.1026,0.3079,0.0000,0.0000,0.0000,0.0000,0.0000,1,0,0,0,0,0.0002
29.7289,185.2042,0.0864,102.8924,0.0001,0.0002,0.0000,0.0001,0.0000,270.1407,0.0035,-0.0147,-0.1026,0.3079,0.0000,0.0000,0.0000,0.0000,0.0000,1,0,0,0,0,0.0002
29.7863,185.2042,0.0864,102.8924,0.0001,0.0002,0.0000,0.0001,0.0000,270.1409,0.0037,-0.0147,-0.1026,0.3079,0.0000,0.0000,0.0000,0.0000,0.0000,1,0,0,0,0,0.0002
29.8396,185.2043,0.0864,102.8924,0.0001,0.0002,0.0000,0.0001,0.0000,270.1411,0.0034,-0.0147,-0.1026,0.3079,0.0000,0.0000,0.0000,0.0000,0.0000,1,0,0,0,0,0.0002
29.9000,185.2042,0.0864,102.8924,0.0001,0.0002,0.0000,0.0001,0.0000,270.1414,0.0045,-0.0147,-0.1026,0.3079,0.0000,0.0000,0.0000,0.0000,0.0000,1,0,0,0,0,0.0003
29.9529,185.2043,0.0864,102.8924,0.0001,0.0002,0.0000,0.0001,0.0000,270.1417,0.0058,-0.0147,-0.1026,0.3079,0.0000,0.0000,0.0000,0.0000,0.0000,1,0,0,0,0,0.0003
30.0203,185.2042,0.0864,102.8924,0.0001,0.0002,0.0000,0.0001,0.0000,270.1420,0.0054,-0.0147,-0.1026,0.3079,0.0000,0.0000,0.0000,0.0000,0.0000,1,0,0,0,0,0.0003
30.0927,185.2042,0.0864,102.8924,0.0001,0.0002,0.0000,0.0001,0.0000,270.1425,0.0059,-0.0147,-0.1026,0.3079,0.0000,0.0000,0.0000,0.0000,0.0000,1,0,0,0,0,0.0003
30.1455,185.2042,0.0864,102.8924,0.0001,0.0002,0.0000,0.0001,0.0000,270.1427,0.0046,-0.0147,-0.1026,0.3079,0.0000,0.0000,0.0000,0.0000,0.0000,1,0,0,0,0,0.0003
30.2269,185.2042,0.0864,102.8924,0.0001,0.0002,0.0000,0.0001,0.0000,270.1432,0.0060,-0.0147,-0.1026,0.3079,0.0000,0.0000,0.0000,0.0000,0.0000,1,0,0,0,0,0.0003
30.3002,185.2042,0.0864,102.8924,0.0001,0.0002,0.0000,0.0001,0.0000,270.1435,0.0042,-0.0147,-0.1026,0.3079,0.0000,0.0000,0.0000,0.0000,0.0000,1,0,0,0,0,0.0002
30.3697,185.2043,0.0864,102.8924,0.0001,0.0002,0.0000,0.0001,0.0000,270.1439,0.0061,-0.0147,-0.1026,0.3079,0.0000,0.0000,0.0000,0.0000,0.0000,1,0,0,0,0,0.0003
30.4238,185.2042,0.0864,102.8924,0.0001,0.0002,0.0000,0.0001,0.0000,270.1442,0.0045,-0.0147,-0.1026,0.3079,0.0000,0.0000,0.0000,0.0000,0.0000,1,0,0,0,0,0.0003
30.4799,185.2042,0.0864,102.8924,0.0001,0.0002,0.0000,0.0001,0.0000,270.1445,0.0054,-0.0147,-0.1026,0.3079,0.0000,0.0000,0.0000,0.0000,0.0000,1,0,0,0,0,0.0003
30.5352,185.2042,0.0864,102.8924,0.0001,0.0002,0.0000,0.0001,0.0000,270.1448,0.0061,-0.0147,-0.1026,0.3079,0.0000,0.0000,0.0000,0.0000,0.0000,1,0,0,0,0,0.0003
30.5905,185.2042,0.0864,102.8924,0.0001,0.0002,0.0000,0.0001,0.0000,270.1451,0.0061,-0.0147,-0.1026,0.3079,0.0000,0.0000,0.0000,0.0000,0.0000,1,0,0,0,0,0.0003
30.6460,185.2042,0.0864,102.8924,0.0001,0.0002,0.0000,0.0001,0.0000,270.1454,0.0055,-0.0147,-0.1026,0.3079,0.0000,0.0000,0.0000,0.0000,0.0000,1,0,0,0,0,0.0003
30.7012,185.2042,0.0864,102.8924,0.0001,0.0002,0.0000,0.0001,0.0000,270.1458,0.0066,-0.0147,-0.1026,0.3079,0.0000,0.0000,0.0000,0.0000,0.0000,1,0,0,0,0,0.0004
30.7578,185.2042,0.0864,102.8924,0.0001,0.0002,0.0000,0.0001,0.0000,270.1461,0.0059,-0.0147,-0.1026,0.3079,0.0000,0.0000,0.0000,0.0000,0.0000,1,0,0,0,0,0.0003
30.8279,185.2042,0.0864,102.8924,0.0001,0.0002,0.0000,0.0001,0.0000,270.1466,0.0065,-0.0147,-0.1026,0.3079,0.0000,0.0000,0.0000,0.0000,0.0000,1,0,0,0,0,0.0004
30.8829,185.2042,0.0864,102.8924,0.0001,0.0002,0.0000,0.0001,0.0000,270.1469,0.0050,-0.0147,-0.1026,0.3079,0.0000,0.0000,0.0000,0.0000,0.0000,1,0,0,0,0,0.0003
30.9382,185.2042,0.0864,102.8924,0.0001,0.0002,0.0000,0.0001,0.0000,270.1472,0.0050,-0.0147,-0.1026,0.3079,0.0000,0.0000,0.0000,0.0000,0.0000,1,0,0,0,0,0.0003
30.9935,185.2043,0.0864,102.8924,0.0001,0.0002,0.0000,0.0001,0.0000,270.1475,0.0055,-0.0147,-0.1026,0.3079,0.0000,0.0000,0.0000,0.0000,0.0000,1,0,0,0,0,0.0003
31.0524,185.2042,0.0864,102.8924,0.0001,0.0002,0.0000,0.0001,0.0000,270.1478,0.0052,-0.0147,-0.1026,0.3079,0.0000,0.0000,0.0000,0.0000,0.0000,1,0,0,0,0,0.0003
31.1056,185.2042,0.0864,102.8924,0.0001,0.0002,0.0000,0.0001,0.0000,270.1481,0.0057,-0.0147,-0.1026,0.3079,0.0000,0.0000,0.0000,0.0000,0.0000,1,0,0,0,0,0.0003
31.1599,185.2042,0.0864,102.8924,0.0001,0.0002,0.0000,0.0001,0.0000,270.1484,0.0056,-0.0147,-0.1026,0.3079,0.0000,0.0000,0.0000,0.0000,0.0000,1,0,0,0,0,0.0003
31.2169,185.2042,0.0864,102.8923,0.0001,0.0002,0.0000,0.0001,0.0000,270.1487,0.0053,-0.0147,-0.1026,0.3079,0.0000,0.0000,0.0000,0.0000,0.0000,1,0,0,0,0,0.0003
31.2706,185.2042,0.0864,102.8924,0.0001,0.0002,0.0000,0.0001,0.0000,270.1490,0.0057,-0.0147,-0.1026,0.3079,0.0000,0.0000,0.0000,0.0000,0.0000,1,0,0,0,0,0.0003
31.3397,185.2042,0.0864,102.8924,0.0001,0.0002,0.0000,0.0001,0.0000,270.1492,0.0035,-0.0147,-0.1026,0.3079,0.0000,0.0000,0.0000,0.0000,0.0000,1,0,0,0,0,0.0002
31.3962,185.2042,0.0864,102.8924,0.0001,0.0002,0.0000,0.0001,0.0000,270.1494,0.0032,-0.0147,-0.1026,0.3079,0.0000,0.0000,0.0000,0.0000,0.0000,1,0,0,0,0,0.0002
31.4520,185.2042,0.0864,102.8924,0.0001,0.0002,0.0000,0.0001,0.0000,270.1496,0.0033,-0.0147,-0.1026,0.3079,0.0000,0.0000,0.0000,0.0000,0.0000,1,0,0,0,0,0.0002
31.5099,185.2042,0.0864,102.8924,0.0001,0.0002,0.0000,0.0001,0.0000,270.1498,0.0037,-0.0147,-0.1026,0.3079,0.0000,0.0000,0.0000,0.0000,0.0000,1,0,0,0,0,0.0002
31.5665,185.2042,0.0864,102.8924,0.0001,0.0002,0.0000,0.0001,0.0000,270.1500,0.0038,-0.0147,-0.1026,0.3079,0.0000,0.0000,0.0000,0.0000,0.0000,1,0,0,0,0,0.0002
31.6175,185.2042,0.0864,102.8923,0.0001,0.0002,0.0000,0.0001,0.0000,270.1502,0.0036,-0.0147,-0.1026,0.3079,0.0000,0.0000,0.0000,0.0000,0.0000,1,0,0,0,0,0.0002
31.6725,185.2042,0.0864,102.8924,0.0001,0.0002,0.0000,0.0001,0.0000,270.1504,0.0033,-0.0147,-0.1026,0.3079,0.0000,0.0000,0.0000,0.0000,0.0000,1,0,0,0,0,0.0002
31.7323,185.2042,0.0864,102.8924,0.0001,0.0002,0.0000,0.0001,0.0000,270.1506,0.0036,-0.0147,-0.1026,0.3079,0.0000,0.0000,0.0000,0.0000,0.0000,1,0,0,0,0,0.0002
31.7864,185.2042,0.0864,102.8924,0.0001,0.0002,0.0000,0.0001,0.0000,270.1508,0.0034,-0.0147,-0.1026,0.3079,0.0000,0.0000,0.0000,0.0000,0.0000,1,0,0,0,0,0.0002
31.8408,185.2042,0.0864,102.8924,0.0001,0.0002,0.0000,0.0001,0.0000,270.1509,0.0028,-0.0147,-0.1026,0.3079,0.0000,0.0000,0.0000,0.0000,0.0000,1,0,0,0,0,0.0002
31.9095,185.2042,0.0864,102.8924,0.0001,0.0002,0.0000,0.0001,0.0000,270.1512,0.0036,-0.0147,-0.1026,0.3079,0.0000,0.0000,0.0000,0.0000,0.0000,1,0,0,0,0,0.0002
31.9661,185.2042,0.0864,102.8924,0.0001,0.0002,0.0000,0.0001,0.0000,270.1514,0.0032,-0.0147,-0.1026,0.3079,0.0000,0.0000,0.0000,0.0000,0.0000,1,0,0,0,0,0.0002
32.0205,185.2042,0.0864,102.8924,0.0001,0.0002,0.0000,0.0001,0.0000,270.1516,0.0039,-0.0147,-0.1026,0.3079,0.0000,0.0000,0.0000,0.0000,0.0000,1,0,0,0,0,0.0002
32.0778,185.2042,0.0864,102.8924,0.0001,0.0002,0.0000,0.0001,0.0000,270.1517,0.0027,-0.0147,-0.1026,0.3079,0.0000,0.0000,0.0000,0.0000,0.0000,1,0,0,0,0,0.0001
32.1348,185.2042,0.0864,102.8924,0.0001,0.0002,0.0000,0.0001,0.0000,270.1520,0.0043,-0.0147,-0.1026,0.3079,0.0000,0.0000,0.0000,0.0000,0.0000,1,0,0,0,0,0.0002
32.1875,185.2042,0.0864,102.8924,0.0001,0.0002,0.0000,0.0001,0.0000,270.1522,0.0046,-0.0147,-0.1026,0.3079,0.0000,0.0000,0.0000,0.0000,0.0000,1,0,0,0,0,0.0003
32.2433,185.2042,0.0864,102.8924,0.0001,0.0002,0.0000,0.0001,0.0000,270.1525,0.0049,-0.0147,-0.1026,0.3079,0.0000,0.0000,0.0000,0.0000,0.0000,1,0,0,0,0,0.0003
32.2986,185.2042,0.0864,102.8924,0.0001,0.0002,0.0000,0.0001,0.0000,270.1528,0.0050,-0.0147,-0.1026,0.3079,0.0000,0.0000,0.0000,0.0000,0.0000,1,0,0,0,0,0.0003
32.3941,185.2042,0.0864,102.8924,0.0001,0.0002,0.0000,0.0001,0.0000,270.1533,0.0057,-0.0147,-0.1026,0.3079,0.0000,0.0000,0.0000,0.0000,0.0000,1,0,0,0,0,0.0003
32.4817,185.2042,0.0864,102.8924,0.0001,0.0002,0.0000,0.0001,0.0000,270.1538,0.0056,-0.0147,-0.1026,0.3079,0.0000,0.0000,0.0000,0.0000,0.0000,1,0,0,0,0,0.0003
32.5342,185.2042,0.0864,102.8924,0.0001,0.0002,0.0000,0.0001,0.0000,270.1541,0.0058,-0.0147,-0.1026,0.3079,0.0000,0.0000,0.0000,0.0000,0.0000,1,0,0,0,0,0.0003
32.5907,185.2042,0.0864,102.8924,0.0001,0.0002,0.0000,0.0001,0.0000,270.1544,0.0054,-0.0147,-0.1026,0.3079,0.0000,0.0000,0.0000,0.0000,0.0000,1,0,0,0,0,0.0003
32.6452,185.2042,0.0864,102.8924,0.0001,0.0002,0.0000,0.0001,0.0000,270.1547,0.0050,-0.0147,-0.1026,0.3079,0.0000,0.0000,0.0000,0.0000,0.0000,1,0,0,0,0,0.0003
32.7011,185.2043,0.0864,102.8924,0.0001,0.0002,0.0000,0.0001,0.0000,270.1550,0.0060,-0.0147,-0.1026,0.3079,0.0000,0.0000,0.0000,0.0000,0.0000,1,0,0,0,0,0.0003
32.7628,185.2042,0.0864,102.8924,0.0001,0.0002,0.0000,0.0001,0.0000,270.1554,0.0054,-0.0147,-0.1026,0.3079,0.0000,0.0000,0.0000,0.0000,0.0000,1,0,0,0,0,0.0003
32.8156,185.2042,0.0864,102.8923,0.0001,0.0002,0.0000,0.0001,0.0000,270.1557,0.0064,-0.0147,-0.1026,0.3079,0.0000,0.0000,0.0000,0.0000,0.0000,1,0,0,0,0,0.0004
32.8677,185.2042,0.0864,102.8924,0.0001,0.0002,0.0000,0.0001,0.0000,270.1560,0.0059,-0.0147,-0.1026,0.3079,0.0000,0.0000,0.0000,0.0000,0.0000,1,0,0,0,0,0.0003
32.9239,185.2042,0.0864,102.8923,0.0001,0.0002,0.0000,0.0001,0.0000,270.1563,0.0060,-0.0147,-0.1026,0.3079,0.0000,0.0000,0.0000,0.0000,0.0000,1,0,0,0,0,0.0003
32.9789,185.2042,0.0864,102.8923,0.0001,0.0002,0.0000,0.0001,0.0000,270.1567,0.0061,-0.0147,-0.1026,0.3079,0.0000,0.0000,0.0000,0.0000,0.0000,1,0,0,0,0,0.0003
33.0491,185.2042,0.0864,102.8924,0.0001,0.0002,0.0000,0.0001,0.0000,270.1571,0.0057,-0.0147,-0.1026,0.3079,0.0000,0.0000,0.0000,0.0000,0.0000,1,0,0,0,0,0.0003
33.1039,185.2043,0.0864,102.8924,0.0001,0.0002,0.0000,0.0001,0.0000,270.1574,0.0061,-0.0147,-0.1026,0.3079,0.0000,0.0000,0.0000,0.0000,0.0000,1,0,0,0,0,0.0003
33.1594,185.2042,0.0864,102.8924,0.0001,0.0002,0.0000,0.0001,0.0000,270.1577,0.0055,-0.0147,-0.1026,0.3079,0.0000,0.0000,0.0000,0.0000,0.0000,1,0,0,0,0,0.0003
33.2149,185.2043,0.0864,102.8924,0.0001,0.0002,0.0000,0.0001,0.0000,270.1580,0.0055,-0.0147,-0.1026,0.3079,0.0000,0.0000,0.0000,0.0000,0.0000,1,0,0,0,0,0.0003
33.2845,185.2042,0.0864,102.8924,0.0001,0.0002,0.0000,0.0001,0.0000,270.1584,0.0053,-0.0147,-0.1026,0.3079,0.0000,0.0000,0.0000,0.0000,0.0000,1,0,0,0,0,0.0003
33.3392,185.2042,0.0864,102.8924,0.0001,0.0002,0.0000,0.0001,0.0000,270.1587,0.0056,-0.0147,-0.1026,0.3079,0.0000,0.0000,0.0000,0.0000,0.0000,1,0,0,0,0,0.0003
33.3959,185.2042,0.0864,102.8924,0.0001,0.0002,0.0000,0.0001,0.0000,270.1590,0.0054,-0.0147,-0.1026,0.3079,0.0000,0.0000,0.0000,0.0000,0.0000,1,0,0,0,0,0.0003
33.4517,185.2042,0.0864,102.8924,0.0001,0.0002,0.0000,0.0001,0.0000,270.1593,0.0055,-0.0147,-0.1026,0.3079,0.0000,0.0000,0.0000,0.0000,0.0000,1,0,0,0,0,0.0003
33.5061,185.2042,0.0864,102.8924,0.0001,0.0002,0.0000,0.0001,0.0000,270.1596,0.0056,-0.0147,-0.1026,0.3079,0.0000,0.0000,0.0000,0.0000,0.0000,1,0,0,0,0,0.0003
33.5759,185.2042,0.0864,102.8924,0.0001,0.0002,0.0000,0.0001,0.0000,270.1600,0.0052,-0.0147,-0.1026,0.3079,0.0000,0.0000,0.0000,0.0000,0.0000,1,0,0,0,0,0.0003
33.6313,185.2042,0.0864,102.8924,0.0001,0.0002,0.0000,0.0001,0.0000,270.1602,0.0044,-0.0147,-0.1026,0.3079,0.0000,0.0000,0.0000,0.0000,0.0000,1,0,0,0,0,0.0002
33.6886,185.2042,0.0864,102.8924,0.0001,0.0002,0.0000,0.0001,0.0000,270.1605,0.0043,-0.0147,-0.1026,0.3079,0.0000,0.0000,0.0000,0.0000,0.0000,1,0,0,0,0,0.0002
33.7426,185.2042,0.0864,102.8924,0.0001,0.0002,0.0000,0.0001,0.0000,270.1606,0.0023,-0.0147,-0.1026,0.3079,0.0000,0.0000,0.0000,0.0000,0.0000,1,0,0,0,0,0.0001
33.7993,185.2042,0.0864,102.8924,0.0001,0.0002,0.0000,0.0001,0.0000,270.1608,0.0038,-0.0147,-0.1026,0.3079,0.0000,0.0000,0.0000,0.0000,0.0000,1,0,0,0,0,0.0002
33.8541,185.2042,0.0864,102.8924,0.0001,0.0002,0.0000,0.0001,0.0000,270.1610,0.0039,-0.0147,-0.1026,0.3079,0.0000,0.0000,0.0000,0.0000,0.0000,1,0,0,0,0,0.0002
33.9092,185.2042,0.0864,102.8924,0.0001,0.0002,0.0000,0.0001,0.0000,270.1612,0.0033,-0.0147,-0.1026,0.3079,0.0000,0.0000,0.0000,0.0000,0.0000,1,0,0,0,0,0.0002
33.9683,185.2043,0.0864,102.8924,0.0001,0.0002,0.0000,0.0001,0.0000,270.1614,0.0041,-0.0147,-0.1026,0.3079,0.0000,0.0000,0.0000,0.0000,0.0000,1,0,0,0,0,0.0002
34.0222,185.2042,0.0864,102.8924,0.0001,0.0002,0.0000,0.0001,0.0000,270.1616,0.0034,-0.0147,-0.1026,0.3079,0.0000,0.0000,0.0000,0.0000,0.0000,1,0,0,0,0,0.0002
34.0759,185.2042,0.0864,102.8924,0.0001,0.0002,0.0000,0.0001,0.0000,270.1618,0.0034,-0.0147,-0.1026,0.3079,0.0000,0.0000,0.0000,0.0000,0.0000,1,0,0,0,0,0.0002
34.1411,185.2042,0.0864,102.8924,0.0001,0.0002,0.0000,0.0001,0.0000,270.1620,0.0037,-0.0147,-0.1026,0.3079,0.0000,0.0000,0.0000,0.0000,0.0000,1,0,0,0,0,0.0002
34.2050,185.2042,0.0864,102.8924,0.0001,0.0002,0.0000,0.0001,0.0000,270.1623,0.0038,-0.0147,-0.1026,0.3079,0.0000,0.0000,0.0000,0.0000,0.0000,1,0,0,0,0,0.0002
34.2567,185.2042,0.0864,102.8924,0.0001,0.0002,0.0000,0.0001,0.0000,270.1625,0.0035,-0.0147,-0.1026,0.3079,0.0000,0.0000,0.0000,0.0000,0.0000,1,0,0,0,0,0.0002
34.3124,185.2043,0.0864,102.8924,0.0001,0.0002,0.0000,0.0001,0.0000,270.1626,0.0027,-0.0147,-0.1026,0.3079,0.0000,0.0000,0.0000,0.0000,0.0000,1,0,0,0,0,0.0002
34.3679,185.2042,0.0864,102.8924,0.0001,0.0002,0.0000,0.0001,0.0000,270.1628,0.0039,-0.0147,-0.1026,0.3079,0.0000,0.0000,0.0000,0.0000,0.0000,1,0,0,0,0,0.0002
34.4242,185.2042,0.0864,102.8923,0.0001,0.0002,0.0000,0.0001,0.0000,270.1631,0.0043,-0.0147,-0.1026,0.3079,0.0000,0.0000,0.0000,0.0000,0.0000,1,0,0,0,0,0.0002
34.4799,185.2042,0.0864,102.8924,0.0001,0.0002,0.0000,0.0001,0.0000,270.1634,0.0055,-0.0147,-0.1026,0.3079,0.0000,0.0000,0.0000,0.0000,0.0000,1,0,0,0,0,0.0003
34.5368,185.2042,0.0864,102.8924,0.0001,0.0002,0.0000,0.0001,0.0000,270.1637,0.0054,-0.0147,-0.1026,0.3079,0.0000,0.0000,0.0000,0.0000,0.0000,1,0,0,0,0,0.0003
34.5901,185.2043,0.0864,102.8924,0.0001,0.0002,0.0000,0.0001,0.0000,270.1640,0.0057,-0.0147,-0.1026,0.3079,0.0000,0.0000,0.0000,0.0000,0.0000,1,0,0,0,0,0.0003
34.6619,185.2042,0.0864,102.8924,0.0001,0.0002,0.0000,0.0001,0.0000,270.1644,0.0051,-0.0147,-0.1026,0.3079,0.0000,0.0000,0.0000,0.0000,0.0000,1,0,0,0,0,0.0003
34.7167,185.2042,0.0864,102.8923,0.0001,0.0002,0.0000,0.0001,0.0000,270.1647,0.0056,-0.0147,-0.1026,0.3079,0.0000,0.0000,0.0000,0.0000,0.0000,1,0,0,0,0,0.0003
34.7702,185.2042,0.0864,102.8924,0.0001,0.0002,0.0000,0.0001,0.0000,270.1650,0.0057,-0.0147,-0.1026,0.3079,0.0000,0.0000,0.0000,0.0000,0.0000,1,0,0,0,0,0.0003
34.8273,185.2042,0.0864,102.8924,0.0001,0.0002,0.0000,0.0001,0.0000,270.1653,0.0053,-0.0147,-0.1026,0.3079,0.0000,0.0000,0.0000,0.0000,0.0000,1,0,0,0,0,0.0003
34.8849,185.2042,0.0864,102.8924,0.0001,0.0002,0.0000,0.0001,0.0000,270.1656,0.0053,-0.0147,-0.1026,0.3079,0.0000,0.0000,0.0000,0.0000,0.0000,1,0,0,0,0,0.0003
34.9376,185.2042,0.0864,102.8924,0.0001,0.0002,0.0000,0.0001,0.0000,270.1660,0.0070,-0.0147,-0.1026,0.3079,0.0000,0.0000,0.0000,0.0000,0.0000,1,0,0,0,0,0.0004
34.9949,185.2042,0.0864,102.8924,0.0001,0.0002,0.0000,0.0001,0.0000,270.1663,0.0053,-0.0147,-0.1026,0.3079,0.0000,0.0000,0.0000,0.0000,0.0000,1,0,0,0,0,0.0003
35.0495,185.2042,0.0864,102.8924,0.0001,0.0002,0.0000,0.0001,0.0000,270.1666,0.0056,-0.0147,-0.1026,0.3079,0.0000,0.0000,0.0000,0.0000,0.0000,1,0,0,0,0,0.0003
35.1058,185.2042,0.0864,102.8924,0.0001,0.0002,0.0000,0.0001,0.0000,270.1669,0.0065,-0.0147,-0.1026,0.3079,0.0000,0.0000,0.0000,0.0000,0.0000,1,0,0,0,0,0.0004
35.1610,185.2042,0.0864,102.8924,0.0001,0.0002,0.0000,0.0001,0.0000,270.1672,0.0055,-0.0147,-0.1026,0.3079,0.0000,0.0000,0.0000,0.0000,0.0000,1,0,0,0,0,0.0003
35.2294,185.2042,0.0864,102.8923,0.0001,0.0002,0.0000,0.0001,0.0000,270.1676,0.0058,-0.0147,-0.1026,0.3079,0.0000,0.0000,0.0000,0.0000,0.0000,1,0,0,0,0,0.0003
35.2848,185.2042,0.0864,102.8924,0.0001,0.0002,0.0000,0.0001,0.0000,270.1680,0.0061,-0.0147,-0.1026,0.3079,0.0000,0.0000,0.0000,0.0000,0.0000,1,0,0,0,0,0.0003
35.3399,185.2042,0.0864,102.8924,0.0001,0.0002,0.0000,0.0001,0.0000,270.1683,0.0055,-0.0147,-0.1026,0.3079,0.0000,0.0000,0.0000,0.0000,0.0000,1,0,0,0,0,0.0003
35.3960,185.2043,0.0864,102.8924,0.0001,0.0002,0.0000,0.0001,0.0000,270.1686,0.0054,-0.0147,-0.1026,0.3079,0.0000,0.0000,0.0000,0.0000,0.0000,1,0,0,0,0,0.0003
35.4512,185.2042,0.0864,102.8924,0.0001,0.0002,0.0000,0.0001,0.0000,270.1689,0.0050,-0.0147,-0.1026,0.3079,0.0000,0.0000,0.0000,0.0000,0.0000,1,0,0,0,0,0.0003
35.5062,185.2042,0.0864,102.8924,0.0001,0.0002,0.0000,0.0001,0.0000,270.1691,0.0050,-0.0147,-0.1026,0.3079,0.0000,0.0000,0.0000,0.0000,0.0000,1,0,0,0,0,0.0003
35.5626,185.2042,0.0864,102.8924,0.0001,0.0002,0.0000,0.0001,0.0000,270.1694,0.0054,-0.0147,-0.1026,0.3079,0.0000,0.0000,0.0000,0.0000,0.0000,1,0,0,0,0,0.0003
35.6172,185.2042,0.0864,102.8924,0.0001,0.0002,0.0000,0.0001,0.0000,270.1697,0.0056,-0.0147,-0.1026,0.3079,0.0000,0.0000,0.0000,0.0000,0.0000,1,0,0,0,0,0.0003
35.6743,185.2042,0.0864,102.8924,0.0001,0.0002,0.0000,0.0001,0.0000,270.1700,0.0053,-0.0147,-0.1026,0.3079,0.0000,0.0000,0.0000,0.0000,0.0000,1,0,0,0,0,0.0003
35.7577,185.2042,0.0864,102.8924,0.0001,0.0002,0.0000,0.0001,0.0000,270.1705,0.0059,-0.0147,-0.1026,0.3079,0.0000,0.0000,0.0000,0.0000,0.0000,1,0,0,0,0,0.0003
35.8125,185.2042,0.0864,102.8924,0.0001,0.0002,0.0000,0.0001,0.0000,270.1708,0.0056,-0.0147,-0.1026,0.3079,0.0000,0.0000,0.0000,0.0000,0.0000,1,0,0,0,0,0.0003
35.8857,185.2042,0.0864,102.8924,0.0001,0.0002,0.0000,0.0001,0.0000,270.1711,0.0038,-0.0147,-0.1026,0.3079,0.0000,0.0000,0.0000,0.0000,0.0000,1,0,0,0,0,0.0002
35.9542,185.2042,0.0864,102.8924,0.0001,0.0002,0.0000,0.0001,0.0000,270.1714,0.0040,-0.0147,-0.1026,0.3079,0.0000,0.0000,0.0000,0.0000,0.0000,1,0,0,0,0,0.0002
36.0082,185.2042,0.0864,102.8924,0.0001,0.0002,0.0000,0.0001,0.0000,270.1715,0.0023,-0.0147,-0.1026,0.3079,0.0000,0.0000,0.0000,0.0000,0.0000,1,0,0,0,0,0.0001
36.0632,185.2042,0.0864,102.8924,0.0001,0.0002,0.0000,0.0001,0.0000,270.1717,0.0033,-0.0147,-0.1026,0.3079,0.0000,0.0000,0.0000,0.0000,0.0000,1,0,0,0,0,0.0002
36.1215,185.2042,0.0864,102.8924,0.0001,0.0002,0.0000,0.0001,0.0000,270.1719,0.0042,-0.0147,-0.1026,0.3079,0.0000,0.0000,0.0000,0.0000,0.0000,1,0,0,0,0,0.0002
36.1756,185.2042,0.0864,102.8924,0.0001,0.0002,0.0000,0.0001,0.0000,270.1721,0.0034,-0.0147,-0.1026,0.3079,0.0000,0.0000,0.0000,0.0000,0.0000,1,0,0,0,0,0.0002
36.2338,185.2043,0.0864,102.8924,0.0001,0.0002,0.0000,0.0001,0.0000,270.1723,0.0026,-0.0147,-0.1026,0.3079,0.0000,0.0000,0.0000,0.0000,0.0000,1,0,0,0,0,0.0001
36.3038,185.2042,0.0864,102.8924,0.0001,0.0002,0.0000,0.0001,0.0000,270.1725,0.0035,-0.0147,-0.1026,0.3079,0.0000,0.0000,0.0000,0.0000,0.0000,1,0,0,0,0,0.0002
36.3560,185.2042,0.0864,102.8923,0.0001,0.0002,0.0000,0.0001,0.0000,270.1727,0.0035,-0.0147,-0.1026,0.3079,0.0000,0.0000,0.0000,0.0000,0.0000,1,0,0,0,0,0.0002
36.4134,185.2042,0.0864,102.8924,0.0001,0.0002,0.0000,0.0001,0.0000,270.1729,0.0032,-0.0147,-0.1026,0.3079,0.0000,0.0000,0.0000,0.0000,0.0000,1,0,0,0,0,0.0002
36.4673,185.2042,0.0864,102.8924,0.0001,0.0002,0.0000,0.0001,0.0000,270.1730,0.0028,-0.0147,-0.1026,0.3079,0.0000,0.0000,0.0000,0.0000,0.0000,1,0,0,0,0,0.0002
36.5227,185.2042,0.0864,102.8923,0.0001,0.0002,0.0000,0.0001,0.0000,270.1732,0.0039,-0.0147,-0.1026,0.3079,0.0000,0.0000,0.0000,0.0000,0.0000,1,0,0,0,0,0.0002
36.5764,185.2042,0.0864,102.8924,0.0001,0.0002,0.0000,0.0001,0.0000,270.1735,0.0040,-0.0147,-0.1026,0.3079,0.0000,0.0000,0.0000,0.0000,0.0000,1,0,0,0,0,0.0002
36.6478,185.2042,0.0864,102.8924,0.0001,0.0002,0.0000,0.0001,0.0000,270.1737,0.0030,-0.0147,-0.1026,0.3079,0.0000,0.0000,0.0000,0.0000,0.0000,1,0,0,0,0,0.0002
36.7044,185.2042,0.0864,102.8924,0.0001,0.0002,0.0000,0.0001,0.0000,270.1739,0.0032,-0.0147,-0.1026,0.3079,0.0000,0.0000,0.0000,0.0000,0.0000,1,0,0,0,0,0.0002
36.7732,185.2042,0.0864,102.8924,0.0001,0.0002,0.0000,0.0001,0.0000,270.1741,0.0040,-0.0147,-0.1026,0.3079,0.0000,0.0000,0.0000,0.0000,0.0000,1,0,0,0,0,0.0002
36.8604,185.2042,0.0864,102.8923,0.0001,0.0002,0.0000,0.0001,0.0000,270.1746,0.0053,-0.0147,-0.1026,0.3079,0.0000,0.0000,0.0000,0.0000,0.0000,1,0,0,0,0,0.0003
36.9217,185.2042,0.0864,102.8923,0.0001,0.0002,0.0000,0.0001,0.0000,270.1749,0.0055,-0.0147,-0.1026,0.3079,0.0000,0.0000,0.0000,0.0000,0.0000,1,0,0,0,0,0.0003
36.9769,185.2042,0.0864,102.8924,0.0001,0.0002,0.0000,0.0001,0.0000,270.1752,0.0055,-0.0147,-0.1026,0.3079,0.0000,0.0000,0.0000,0.0000,0.0000,1,0,0,0,0,0.0003
37.0335,185.2042,0.0864,102.8924,0.0001,0.0002,0.0000,0.0001,0.0000,270.1755,0.0054,-0.0147,-0.1026,0.3079,0.0000,0.0000,0.0000,0.0000,0.0000,1,0,0,0,0,0.0003
37.0873,185.2042,0.0864,102.8924,0.0001,0.0002,0.0000,0.0001,0.0000,270.1758,0.0057,-0.0147,-0.1026,0.3079,0.0000,0.0000,0.0000,0.0000,0.0000,1,0,0,0,0,0.0003
37.1437,185.2042,0.0864,102.8924,0.0001,0.0002,0.0000,0.0001,0.0000,270.1761,0.0054,-0.0147,-0.1026,0.3079,0.0000,0.0000,0.0000,0.0000,0.0000,1,0,0,0,0,0.0003
37.1995,185.2042,0.0864,102.8923,0.0001,0.0002,0.0000,0.0001,0.0000,270.1765,0.0055,-0.0147,-0.1026,0.3079,0.0000,0.0000,0.0000,0.0000,0.0000,1,0,0,0,0,0.0003
37.2548,185.2042,0.0864,102.8924,0.0001,0.0002,0.0000,0.0001,0.0000,270.1768,0.0055,-0.0147,-0.1026,0.3079,0.0000,0.0000,0.0000,0.0000,0.0000,1,0,0,0,0,0.0003
37.3105,185.2042,0.0864,102.8924,0.0001,0.0002,0.0000,0.0001,0.0000,270.1771,0.0060,-0.0147,-0.1026,0.3079,0.0000,0.0000,0.0000,0.0000,0.0000,1,0,0,0,0,0.0003
37.3659,185.2042,0.0864,102.8924,0.0001,0.0002,0.0000,0.0001,0.0000,270.1774,0.0061,-0.0147,-0.1026,0.3079,0.0000,0.0000,0.0000,0.0000,0.0000,1,0,0,0,0,0.0003
37.4358,185.2042,0.0864,102.8924,0.0001,0.0002,0.0000,0.0001,0.0000,270.1778,0.0052,-0.0147,-0.1026,0.3079,0.0000,0.0000,0.0000,0.0000,0.0000,1,0,0,0,0,0.0003
37.4901,185.2043,0.0864,102.8924,0.0001,0.0002,0.0000,0.0001,0.0000,270.1781,0.0062,-0.0147,-0.1026,0.3079,0.0000,0.0000,0.0000,0.0000,0.0000,1,0,0,0,0,0.0003
37.5455,185.2042,0.0864,102.8924,0.0001,0.0002,0.0000,0.0001,0.0000,270.1785,0.0061,-0.0147,-0.1026,0.3079,0.0000,0.0000,0.0000,0.0000,0.0000,1,0,0,0,0,0.0003
37.6013,185.2042,0.0864,102.8924,0.0001,0.0002,0.0000,0.0001,0.0000,270.1788,0.0055,-0.0147,-0.1026,0.3079,0.0000,0.0000,0.0000,0.0000,0.0000,1,0,0,0,0,0.0003
37.6704,185.2042,0.0864,102.8924,0.0001,0.0002,0.0000,0.0001,0.0000,270.1792,0.0057,-0.0147,-0.1026,0.3079,0.0000,0.0000,0.0000,0.0000,0.0000,1,0,0,0,0,0.0003
37.7262,185.2043,0.0864,102.8923,0.0001,0.0002,0.0000,0.0001,0.0000,270.1794,0.0049,-0.0147,-0.1026,0.3079,0.0000,0.0000,0.0000,0.0000,0.0000,1,0,0,0,0,0.0003
37.7853,185.2042,0.0864,102.8924,0.0001,0.0002,0.0000,0.0001,0.0000,270.1798,0.0062,-0.0147,-0.1026,0.3079,0.0000,0.0000,0.0000,0.0000,0.0000,1,0,0,0,0,0.0003
37.8372,185.2042,0.0864,102.8924,0.0001,0.0002,0.0000,0.0001,0.0000,270.1801,0.0047,-0.0147,-0.1026,0.3079,0.0000,0.0000,0.0000,0.0000,0.0000,1,0,0,0,0,0.0003
37.8939,185.2042,0.0864,102.8924,0.0001,0.0002,0.0000,0.0001,0.0000,270.1803,0.0048,-0.0147,-0.1026,0.3079,0.0000,0.0000,0.0000,0.0000,0.0000,1,0,0,0,0,0.0003
37.9632,185.2042,0.0864,102.8924,0.0001,0.0002,0.0000,0.0001,0.0000,270.1807,0.0048,-0.0147,-0.1026,0.3079,0.0000,0.0000,0.0000,0.0000,0.0000,1,0,0,0,0,0.0003
38.0179,185.2042,0.0864,102.8924,0.0001,0.0002,0.0000,0.0001,0.0000,270.1810,0.0056,-0.0147,-0.1026,0.3079,0.0000,0.0000,0.0000,0.0000,0.0000,1,0,0,0,0,0.0003
38.0734,185.2042,0.0864,102.8924,0.0001,0.0002,0.0000,0.0001,0.0000,270.1812,0.0044,-0.0147,-0.1026,0.3079,0.0000,0.0000,0.0000,0.0000,0.0000,1,0,0,0,0,0.0002
38.1290,185.2042,0.0864,102.8924,0.0001,0.0002,0.0000,0.0001,0.0000,270.1815,0.0055,-0.0147,-0.1026,0.3079,0.0000,0.0000,0.0000,0.0000,0.0000,1,0,0,0,0,0.0003
38.1850,185.2042,0.0864,102.8924,0.0001,0.0002,0.0000,0.0001,0.0000,270.1818,0.0055,-0.0147,-0.1026,0.3079,0.0000,0.0000,0.0000,0.0000,0.0000,1,0,0,0,0,0.0003
38.2404,185.2042,0.0864,102.8924,0.0001,0.0002,0.0000,0.0001,0.0000,270.1821,0.0044,-0.0147,-0.1026,0.3079,0.0000,0.0000,0.0000,0.0000,0.0000,1,0,0,0,0,0.0002
38.2956,185.2042,0.0864,102.8924,0.0001,0.0002,0.0000,0.0001,0.0000,270.1822,0.0028,-0.0147,-0.1026,0.3079,0.0000,0.0000,0.0000,0.0000,0.0000,1,0,0,0,0,0.0002
38.3515,185.2042,0.0864,102.8924,0.0001,0.0002,0.0000,0.0001,0.0000,270.1824,0.0038,-0.0147,-0.1026,0.3079,0.0000,0.0000,0.0000,0.0000,0.0000,1,0,0,0,0,0.0002
38.4227,185.2042,0.0864,102.8924,0.0001,0.0002,0.0000,0.0001,0.0000,270.1826,0.0030,-0.0147,-0.1026,0.3079,0.0000,0.0000,0.0000,0.0000,0.0000,1,0,0,0,0,0.0002
38.4904,185.2042,0.0864,102.8924,0.0001,0.0002,0.0000,0.0001,0.0000,270.1829,0.0036,-0.0147,-0.1026,0.3079,0.0000,0.0000,0.0000,0.0000,0.0000,1,0,0,0,0,0.0002
38.5612,185.2042,0.0864,102.8924,0.0001,0.0002,0.0000,0.0001,0.0000,270.1831,0.0030,-0.0147,-0.1026,0.3079,0.0000,0.0000,0.0000,0.0000,0.0000,1,0,0,0,0,0.0002
38.6148,185.2042,0.0864,102.8924,0.0001,0.0002,0.0000,0.0001,0.0000,270.1833,0.0040,-0.0147,-0.1026,0.3079,0.0000,0.0000,0.0000,0.0000,0.0000,1,0,0,0,0,0.0002
38.6800,185.2042,0.0864,102.8924,0.0001,0.0002,0.0000,0.0001,0.0000,270.1835,0.0033,-0.0147,-0.1026,0.3079,0.0000,0.0000,0.0000,0.0000,0.0000,1,0,0,0,0,0.0002
38.7535,185.2042,0.0864,102.8924,0.0001,0.0002,0.0000,0.0001,0.0000,270.1838,0.0041,-0.0147,-0.1026,0.3079,0.0000,0.0000,0.0000,0.0000,0.0000,1,0,0,0,0,0.0002
38.8095,185.2043,0.0864,102.8924,0.0001,0.0002,0.0000,0.0001,0.0000,270.1840,0.0027,-0.0147,-0.1026,0.3079,0.0000,0.0000,0.0000,0.0000,0.0000,1,0,0,0,0,0.0002
38.8655,185.2042,0.0864,102.8924,0.0001,0.0002,0.0000,0.0001,0.0000,270.1842,0.0038,-0.0147,-0.1026,0.3079,0.0000,0.0000,0.0000,0.0000,0.0000,1,0,0,0,0,0.0002
38.9209,185.2042,0.0864,102.8923,0.0001,0.0002,0.0000,0.0001,0.0000,270.1844,0.0033,-0.0147,-0.1026,0.3079,0.0000,0.0000,0.0000,0.0000,0.0000,1,0,0,0,0,0.0002
38.9834,185.2042,0.0864,102.8924,0.0001,0.0002,0.0000,0.0001,0.0000,270.1846,0.0039,-0.0147,-0.1026,0.3079,0.0000,0.0000,0.0000,0.0000,0.0000,1,0,0,0,0,0.0002
39.0346,185.2042,0.0864,102.8924,0.0001,0.0002,0.0000,0.0001,0.0000,270.1848,0.0030,-0.0147,-0.1026,0.3079,0.0000,0.0000,0.0000,0.0000,0.0000,1,0,0,0,0,0.0002
39.0896,185.2042,0.0864,102.8924,0.0001,0.0002,0.0000,0.0001,0.0000,270.1851,0.0050,-0.0147,-0.1026,0.3079,0.0000,0.0000,0.0000,0.0000,0.0000,1,0,0,0,0,0.0003
39.1569,185.2042,0.0864,102.8923,0.0001,0.0002,0.0000,0.0001,0.0000,270.1854,0.0054,-0.0147,-0.1026,0.3079,0.0000,0.0000,0.0000,0.0000,0.0000,1,0,0,0,0,0.0003
39.2159,185.2042,0.0864,102.8923,0.0001,0.0002,0.0000,0.0001,0.0000,270.1857,0.0052,-0.0147,-0.1026,0.3079,0.0000,0.0000,0.0000,0.0000,0.0000,1,0,0,0,0,0.0003
39.2686,185.2042,0.0864,102.8924,0.0001,0.0002,0.0000,0.0001,0.0000,270.1860,0.0052,-0.0147,-0.1026,0.3079,0.0000,0.0000,0.0000,0.0000,0.0000,1,0,0,0,0,0.0003
39.3243,185.2042,0.0864,102.8924,0.0001,0.0002,0.0000,0.0001,0.0000,270.1863,0.0049,-0.0147,-0.1026,0.3079,0.0000,0.0000,0.0000,0.0000,0.0000,1,0,0,0,0,0.0003
39.3800,185.2042,0.0864,102.8924,0.0001,0.0002,0.0000,0.0001,0.0000,270.1865,0.0044,-0.0147,-0.1026,0.3079,0.0000,0.0000,0.0000,0.0000,0.0000,1,0,0,0,0,0.0002
39.4351,185.2042,0.0864,102.8924,0.0001,0.0002,0.0000,0.0001,0.0000,270.1868,0.0055,-0.0147,-0.1026,0.3079,0.0000,0.0000,0.0000,0.0000,0.0000,1,0,0,0,0,0.0003
39.4900,185.2042,0.0864,102.8924,0.0001,0.0002,0.0000,0.0001,0.0000,270.1871,0.0045,-0.0147,-0.1026,0.3079,0.0000,0.0000,0.0000,0.0000,0.0000,1,0,0,0,0,0.0002
39.5458,185.2042,0.0864,102.8924,0.0001,0.0002,0.0000,0.0001,0.0000,270.1874,0.0055,-0.0147,-0.1026,0.3079,0.0000,0.0000,0.0000,0.0000,0.0000,1,0,0,0,0,0.0003
39.6058,185.2042,0.0864,102.8924,0.0001,0.0002,0.0000,0.0001,0.0000,270.1878,0.0066,-0.0147,-0.1026,0.3079,0.0000,0.0000,0.0000,0.0000,0.0000,1,0,0,0,0,0.0004
39.6575,185.2042,0.0864,102.8924,0.0001,0.0002,0.0000,0.0001,0.0000,270.1880,0.0053,-0.0147,-0.1026,0.3079,0.0000,0.0000,0.0000,0.0000,0.0000,1,0,0,0,0,0.0003
39.7143,185.2042,0.0864,102.8924,0.0001,0.0002,0.0000,0.0001,0.0000,270.1884,0.0054,-0.0147,-0.1026,0.3079,0.0000,0.0000,0.0000,0.0000,0.0000,1,0,0,0,0,0.0003
39.7686,185.2042,0.0864,102.8924,0.0001,0.0002,0.0000,0.0001,0.0000,270.1887,0.0062,-0.0147,-0.1026,0.3079,0.0000,0.0000,0.0000,0.0000,0.0000,1,0,0,0,0,0.0003
39.8243,185.2042,0.0864,102.8924,0.0001,0.0002,0.0000,0.0001,0.0000,270.1890,0.0060,-0.0147,-0.1026,0.3079,0.0000,0.0000,0.0000,0.0000,0.0000,1,0,0,0,0,0.0003
39.8801,185.2042,0.0864,102.8924,0.0001,0.0002,0.0000,0.0001,0.0000,270.1893,0.0055,-0.0147,-0.1026,0.3079,0.0000,0.0000,0.0000,0.0000,0.0000,1,0,0,0,0,0.0003
39.9367,185.2042,0.0864,102.8924,0.0001,0.0002,0.0000,0.0001,0.0000,270.1897,0.0059,-0.0147,-0.1026,0.3079,0.0000,0.0000,0.0000,0.0000,0.0000,1,0,0,0,0,0.0003
39.9911,185.2042,0.0864,102.8924,0.0001,0.0002,0.0000,0.0001,0.0000,270.1900,0.0062,-0.0147,-0.1026,0.3079,0.0000,0.0000,0.0000,0.0000,0.0000,1,0,0,0,0,0.0003
40.0471,185.2042,0.0864,102.8924,0.0001,0.0002,0.0000,0.0001,0.0000,270.1903,0.0054,-0.0147,-0.1026,0.3079,0.0000,0.0000,0.0000,0.0000,0.0000,1,0,0,0,0,0.0003
40.1156,185.2042,0.0864,102.8924,0.0001,0.0002,0.0000,0.0001,0.0000,270.1907,0.0062,-0.0147,-0.1026,0.3079,0.0000,0.0000,0.0000,0.0000,0.0000,1,0,0,0,0,0.0003
40.1712,185.2042,0.0864,102.8924,0.0001,0.0002,0.0000,0.0001,0.0000,270.1910,0.0055,-0.0147,-0.1026,0.3079,0.0000,0.0000,0.0000,0.0000,0.0000,1,0,0,0,0,0.0003
40.2281,185.2042,0.0864,102.8923,0.0001,0.0002,0.0000,0.0001,0.0000,270.1913,0.0054,-0.0147,-0.1026,0.3079,0.0000,0.0000,0.0000,0.0000,0.0000,1,0,0,0,0,0.0003
40.2979,185.2042,0.0864,102.8924,0.0001,0.0002,0.0000,0.0001,0.0000,270.1917,0.0048,-0.0147,-0.1026,0.3079,0.0000,0.0000,0.0000,0.0000,0.0000,1,0,0,0,0,0.0003
40.3511,185.2042,0.0864,102.8924,0.0001,0.0002,0.0000,0.0001,0.0000,270.1920,0.0052,-0.0147,-0.1026,0.3079,0.0000,0.0000,0.0000,0.0000,0.0000,1,0,0,0,0,0.0003
40.4069,185.2042,0.0864,102.8924,0.0001,0.0002,0.0000,0.0001,0.0000,270.1922,0.0044,-0.0147,-0.1026,0.3079,0.0000,0.0000,0.0000,0.0000,0.0000,1,0,0,0,0,0.0002
40.4702,185.2042,0.0864,102.8924,0.0001,0.0002,0.0000,0.0001,0.0000,270.1925,0.0048,-0.0147,-0.1026,0.3079,0.0000,0.0000,0.0000,0.0000,0.0000,1,0,0,0,0,0.0003
40.5337,185.2042,0.0864,102.8924,0.0001,0.0002,0.0000,0.0001,0.0000,270.1928,0.0048,-0.0147,-0.1026,0.3079,0.0000,0.0000,0.0000,0.0000,0.0000,1,0,0,0,0,0.0003
40.5926,185.2042,0.0864,102.8924,0.0001,0.0002,0.0000,0.0001,0.0000,270.1930,0.0031,-0.0147,-0.1026,0.3079,0.0000,0.0000,0.0000,0.0000,0.0000,1,0,0,0,0,0.0002
40.6594,185.2042,0.0864,102.8923,0.0001,0.0002,0.0000,0.0001,0.0000,270.1932,0.0037,-0.0147,-0.1026,0.3079,0.0000,0.0000,0.0000,0.0000,0.0000,1,0,0,0,0,0.0002
40.7247,185.2042,0.0864,102.8924,0.0001,0.0002,0.0000,0.0001,0.0000,270.1934,0.0028,-0.0147,-0.1026,0.3079,0.0000,0.0000,0.0000,0.0000,0.0000,1,0,0,0,0,0.0002
40.7819,185.2043,0.0864,102.8924,0.0001,0.0002,0.0000,0.0001,0.0000,270.1937,0.0043,-0.0147,-0.1026,0.3079,0.0000,0.0000,0.0000,0.0000,0.0000,1,0,0,0,0,0.0002
40.8387,185.2042,0.0864,102.8924,0.0001,0.0002,0.0000,0.0001,0.0000,270.1939,0.0038,-0.0147,-0.1026,0.3079,0.0000,0.0000,0.0000,0.0000,0.0000,1,0,0,0,0,0.0002
40.8950,185.2043,0.0864,102.8924,0.0001,0.0002,0.0000,0.0001,0.0000,270.1941,0.0033,-0.0147,-0.1026,0.3079,0.0000,0.0000,0.0000,0.0000,0.0000,1,0,0,0,0,0.0002
40.9508,185.2042,0.0864,102.8924,0.0001,0.0002,0.0000,0.0001,0.0000,270.1942,0.0027,-0.0147,-0.1026,0.3079,0.0000,0.0000,0.0000,0.0000,0.0000,1,0,0,0,0,0.0002
41.0058,185.2043,0.0864,102.8924,0.0001,0.0002,0.0000,0.0001,0.0000,270.1944,0.0039,-0.0147,-0.1026,0.3079,0.0000,0.0000,0.0000,0.0000,0.0000,1,0,0,0,0,0.0002
41.0624,185.2042,0.0864,102.8924,0.0001,0.0002,0.0000,0.0001,0.0000,270.1946,0.0038,-0.0147,-0.1026,0.3079,0.0000,0.0000,0.0000,0.0000,0.0000,1,0,0,0,0,0.0002
41.1186,185.2042,0.0864,102.8924,0.0001,0.0002,0.0000,0.0001,0.0000,270.1948,0.0033,-0.0147,-0.1026,0.3079,0.0000,0.0000,0.0000,0.0000,0.0000,1,0,0,0,0,0.0002
41.1856,185.2042,0.0864,102.8924,0.0001,0.0002,0.0000,0.0001,0.0000,270.1951,0.0036,-0.0147,-0.1026,0.3079,0.0000,0.0000,0.0000,0.0000,0.0000,1,0,0,0,0,0.0002
41.2403,185.2042,0.0864,102.8924,0.0001,0.0002,0.0000,0.0001,0.0000,270.1953,0.0033,-0.0147,-0.1026,0.3079,0.0000,0.0000,0.0000,0.0000,0.0000,1,0,0,0,0,0.0002
41.2975,185.2042,0.0864,102.8924,0.0001,0.0002,0.0000,0.0001,0.0000,270.1954,0.0032,-0.0147,-0.1026,0.3079,0.0000,0.0000,0.0000,0.0000,0.0000,1,0,0,0,0,0.0002
41.3513,185.2042,0.0864,102.8923,0.0001,0.0002,0.0000,0.0001,0.0000,270.1956,0.0034,-0.0147,-0.1026,0.3079,0.0000,0.0000,0.0000,0.0000,0.0000,1,0,0,0,0,0.0002
41.4072,185.2043,0.0864,102.8924,0.0001,0.0002,0.0000,0.0001,0.0000,270.1958,0.0038,-0.0147,-0.1026,0.3079,0.0000,0.0000,0.0000,0.0000,0.0000,1,0,0,0,0,0.0002
41.4655,185.2042,0.0864,102.8924,0.0001,0.0002,0.0000,0.0001,0.0000,270.1960,0.0037,-0.0147,-0.1026,0.3079,0.0000,0.0000,0.0000,0.0000,0.0000,1,0,0,0,0,0.0002
41.5253,185.2042,0.0864,102.8924,0.0001,0.0002,0.0000,0.0001,0.0000,270.1964,0.0061,-0.0147,-0.1026,0.3079,0.0000,0.0000,0.0000,0.0000,0.0000,1,0,0,0,0,0.0003
41.5878,185.2042,0.0864,102.8924,0.0001,0.0002,0.0000,0.0001,0.0000,270.1967,0.0049,-0.0147,-0.1026,0.3079,0.0000,0.0000,0.0000,0.0000,0.0000,1,0,0,0,0,0.0003
41.6433,185.2042,0.0864,102.8924,0.0001,0.0002,0.0000,0.0001,0.0000,270.1970,0.0055,-0.0147,-0.1026,0.3079,0.0000,0.0000,0.0000,0.0000,0.0000,1,0,0,0,0,0.0003
41.6990,185.2042,0.0864,102.8924,0.0001,0.0002,0.0000,0.0001,0.0000,270.1973,0.0055,-0.0147,-0.1026,0.3079,0.0000,0.0000,0.0000,0.0000,0.0000,1,0,0,0,0,0.0003
41.7694,185.2042,0.0864,102.8924,0.0001,0.0002,0.0000,0.0001,0.0000,270.1977,0.0052,-0.0147,-0.1026,0.3079,0.0000,0.0000,0.0000,0.0000,0.0000,1,0,0,0,0,0.0003
41.8234,185.2042,0.0864,102.8924,0.0001,0.0002,0.0000,0.0001,0.0000,270.1979,0.0034,-0.0147,-0.1026,0.3079,0.0000,0.0000,0.0000,0.0000,0.0000,1,0,0,0,0,0.0002
41.8796,185.2042,0.0864,102.8924,0.0001,0.0002,0.0000,0.0001,0.0000,270.1982,0.0054,-0.0147,-0.1026,0.3079,0.0000,0.0000,0.0000,0.0000,0.0000,1,0,0,0,0,0.0003
41.9353,185.2042,0.0864,102.8924,0.0001,0.0002,0.0000,0.0001,0.0000,270.1984,0.0044,-0.0147,-0.1026,0.3079,0.0000,0.0000,0.0000,0.0000,0.0000,1,0,0,0,0,0.0002
41.9908,185.2042,0.0864,102.8924,0.0001,0.0002,0.0000,0.0001,0.0000,270.1987,0.0055,-0.0147,-0.1026,0.3079,0.0000,0.0000,0.0000,0.0000,0.0000,1,0,0,0,0,0.0003
42.0466,185.2042,0.0864,102.8924,0.0001,0.0002,0.0000,0.0001,0.0000,270.1990,0.0055,-0.0147,-0.1026,0.3079,0.0000,0.0000,0.0000,0.0000,0.0000,1,0,0,0,0,0.0003
42.1015,185.2042,0.0864,102.8924,0.0001,0.0002,0.0000,0.0001,0.0000,270.1994,0.0061,-0.0147,-0.1026,0.3079,0.0000,0.0000,0.0000,0.0000,0.0000,1,0,0,0,0,0.0003
42.1587,185.2042,0.0864,102.8924,0.0001,0.0002,0.0000,0.0001,0.0000,270.1998,0.0069,-0.0147,-0.1026,0.3079,0.0000,0.0000,0.0000,0.0000,0.0000,1,0,0,0,0,0.0004
42.2148,185.2042,0.0864,102.8924,0.0001,0.0002,0.0000,0.0001,0.0000,270.2001,0.0060,-0.0147,-0.1026,0.3079,0.0000,0.0000,0.0000,0.0000,0.0000,1,0,0,0,0,0.0003
42.2965,185.2042,0.0864,102.8924,0.0001,0.0002,0.0000,0.0001,0.0000,270.2006,0.0056,-0.0147,-0.1026,0.3079,0.0000,0.0000,0.0000,0.0000,0.0000,1,0,0,0,0,0.0003
42.3514,185.2042,0.0864,102.8924,0.0001,0.0002,0.0000,0.0001,0.0000,270.2009,0.0056,-0.0147,-0.1026,0.3079,0.0000,0.0000,0.0000,0.0000,0.0000,1,0,0,0,0,0.0003
42.4071,185.2042,0.0864,102.8924,0.0001,0.0002,0.0000,0.0001,0.0000,270.2012,0.0060,-0.0147,-0.1026,0.3079,0.0000,0.0000,0.0000,0.0000,0.0000,1,0,0,0,0,0.0003
42.4626,185.2042,0.0864,102.8924,0.0001,0.0002,0.0000,0.0001,0.0000,270.2015,0.0050,-0.0147,-0.1026,0.3079,0.0000,0.0000,0.0000,0.0000,0.0000,1,0,0,0,0,0.0003
42.5184,185.2042,0.0864,102.8924,0.0001,0.0002,0.0000,0.0001,0.0000,270.2018,0.0049,-0.0147,-0.1026,0.3079,0.0000,0.0000,0.0000,0.0000,0.0000,1,0,0,0,0,0.0003
42.5745,185.2042,0.0864,102.8924,0.0001,0.0002,0.0000,0.0001,0.0000,270.2020,0.0049,-0.0147,-0.1026,0.3079,0.0000,0.0000,0.0000,0.0000,0.0000,1,0,0,0,0,0.0003
42.6457,185.2042,0.0864,102.8924,0.0001,0.0002,0.0000,0.0001,0.0000,270.2024,0.0051,-0.0147,-0.1026,0.3079,0.0000,0.0000,0.0000,0.0000,0.0000,1,0,0,0,0,0.0003
42.7013,185.2042,0.0864,102.8924,0.0001,0.0002,0.0000,0.0001,0.0000,270.2027,0.0055,-0.0147,-0.1026,0.3079,0.0000,0.0000,0.0000,0.0000,0.0000,1,0,0,0,0,0.0003
42.7560,185.2043,0.0864,102.8924,0.0001,0.0002,0.0000,0.0001,0.0000,270.2029,0.0045,-0.0147,-0.1026,0.3079,0.0000,0.0000,0.0000,0.0000,0.0000,1,0,0,0,0,0.0002
42.8249,185.2042,0.0864,102.8923,0.0001,0.0002,0.0000,0.0001,0.0000,270.2033,0.0053,-0.0147,-0.1026,0.3079,0.0000,0.0000,0.0000,0.0000,0.0000,1,0,0,0,0,0.0003
42.8824,185.2042,0.0864,102.8923,0.0001,0.0002,0.0000,0.0001,0.0000,270.2036,0.0048,-0.0147,-0.1026,0.3079,0.0000,0.0000,0.0000,0.0000,0.0000,1,0,0,0,0,0.0003
42.9355,185.2042,0.0864,102.8923,0.0001,0.0002,0.0000,0.0001,0.0000,270.2038,0.0040,-0.0147,-0.1026,0.3079,0.0000,0.0000,0.0000,0.0000,0.0000,1,0,0,0,0,0.0002
42.9931,185.2042,0.0864,102.8924,0.0001,0.0002,0.0000,0.0001,0.0000,270.2040,0.0037,-0.0147,-0.1026,0.3079,0.0000,0.0000,0.0000,0.0000,0.0000,1,0,0,0,0,0.0002
43.0470,185.2042,0.0864,102.8924,0.0001,0.0002,0.0000,0.0001,0.0000,270.2042,0.0028,-0.0147,-0.1026,0.3079,0.0000,0.0000,0.0000,0.0000,0.0000,1,0,0,0,0,0.0002
43.1064,185.2042,0.0864,102.8924,0.0001,0.0002,0.0000,0.0001,0.0000,270.2044,0.0036,-0.0147,-0.1026,0.3079,0.0000,0.0000,0.0000,0.0000,0.0000,1,0,0,0,0,0.0002
43.1603,185.2042,0.0864,102.8924,0.0001,0.0002,0.0000,0.0001,0.0000,270.2046,0.0040,-0.0147,-0.1026,0.3079,0.0000,0.0000,0.0000,0.0000,0.0000,1,0,0,0,0,0.0002
43.2127,185.2042,0.0864,102.8924,0.0001,0.0002,0.0000,0.0001,0.0000,270.2048,0.0041,-0.0147,-0.1026,0.3079,0.0000,0.0000,0.0000,0.0000,0.0000,1,0,0,0,0,0.0002
43.2702,185.2043,0.0864,102.8924,0.0001,0.0002,0.0000,0.0001,0.0000,270.2050,0.0037,-0.0147,-0.1026,0.3079,0.0000,0.0000,0.0000,0.0000,0.0000,1,0,0,0,0,0.0002
43.3235,185.2042,0.0864,102.8924,0.0001,0.0002,0.0000,0.0001,0.0000,270.2052,0.0029,-0.0147,-0.1026,0.3079,0.0000,0.0000,0.0000,0.0000,0.0000,1,0,0,0,0,0.0002
43.3935,185.2042,0.0864,102.8924,0.0001,0.0002,0.0000,0.0001,0.0000,270.2054,0.0035,-0.0147,-0.1026,0.3079,0.0000,0.0000,0.0000,0.0000,0.0000,1,0,0,0,0,0.0002
43.4497,185.2042,0.0864,102.8924,0.0001,0.0002,0.0000,0.0001,0.0000,270.2056,0.0038,-0.0147,-0.1026,0.3079,0.0000,0.0000,0.0000,0.0000,0.0000,1,0,0,0,0,0.0002
43.5048,185.2042,0.0864,102.8924,0.0001,0.0002,0.0000,0.0001,0.0000,270.2059,0.0044,-0.0147,-0.1026,0.3079,0.0000,0.0000,0.0000,0.0000,0.0000,1,0,0,0,0,0.0002
43.5599,185.2042,0.0864,102.8924,0.0001,0.0002,0.0000,0.0001,0.0000,270.2061,0.0033,-0.0147,-0.1026,0.3079,0.0000,0.0000,0.0000,0.0000,0.0000,1,0,0,0,0,0.0002
43.6153,185.2042,0.0864,102.8923,0.0001,0.0002,0.0000,0.0001,0.0000,270.2063,0.0039,-0.0147,-0.1026,0.3079,0.0000,0.0000,0.0000,0.0000,0.0000,1,0,0,0,0,0.0002
43.6705,185.2043,0.0864,102.8924,0.0001,0.0002,0.0000,0.0001,0.0000,270.2065,0.0033,-0.0147,-0.1026,0.3079,0.0000,0.0000,0.0000,0.0000,0.0000,1,0,0,0,0,0.0002
43.7261,185.2042,0.0864,102.8924,0.0001,0.0002,0.0000,0.0001,0.0000,270.2067,0.0038,-0.0147,-0.1026,0.3079,0.0000,0.0000,0.0000,0.0000,0.0000,1,0,0,0,0,0.0002
43.7828,185.2042,0.0864,102.8924,0.0001,0.0002,0.0000,0.0001,0.0000,270.2069,0.0043,-0.0147,-0.1026,0.3079,0.0000,0.0000,0.0000,0.0000,0.0000,1,0,0,0,0,0.0002
43.8385,185.2042,0.0864,102.8924,0.0001,0.0002,0.0000,0.0001,0.0000,270.2072,0.0055,-0.0147,-0.1026,0.3079,0.0000,0.0000,0.0000,0.0000,0.0000,1,0,0,0,0,0.0003
43.9074,185.2042,0.0864,102.8924,0.0001,0.0002,0.0000,0.0001,0.0000,270.2076,0.0053,-0.0147,-0.1026,0.3079,0.0000,0.0000,0.0000,0.0000,0.0000,1,0,0,0,0,0.0003
43.9637,185.2042,0.0864,102.8924,0.0001,0.0002,0.0000,0.0001,0.0000,270.2079,0.0054,-0.0147,-0.1026,0.3079,0.0000,0.0000,0.0000,0.0000,0.0000,1,0,0,0,0,0.0003
44.0187,185.2042,0.0864,102.8924,0.0001,0.0002,0.0000,0.0001,0.0000,270.2082,0.0056,-0.0147,-0.1026,0.3079,0.0000,0.0000,0.0000,0.0000,0.0000,1,0,0,0,0,0.0003
44.0767,185.2042,0.0864,102.8924,0.0001,0.0002,0.0000,0.0001,0.0000,270.2085,0.0053,-0.0147,-0.1026,0.3079,0.0000,0.0000,0.0000,0.0000,0.0000,1,0,0,0,0,0.0003
44.1439,185.2042,0.0864,102.8924,0.0001,0.0002,0.0000,0.0001,0.0000,270.2088,0.0045,-0.0147,-0.1026,0.3079,0.0000,0.0000,0.0000,0.0000,0.0000,1,0,0,0,0,0.0003
44.2014,185.2042,0.0864,102.8924,0.0001,0.0002,0.0000,0.0001,0.0000,270.2091,0.0053,-0.0147,-0.1026,0.3079,0.0000,0.0000,0.0000,0.0000,0.0000,1,0,0,0,0,0.0003
44.2551,185.2042,0.0864,102.8924,0.0001,0.0002,0.0000,0.0001,0.0000,270.2093,0.0040,-0.0147,-0.1026,0.3079,0.0000,0.0000,0.0000,0.0000,0.0000,1,0,0,0,0,0.0002
44.3096,185.2042,0.0864,102.8924,0.0001,0.0002,0.0000,0.0001,0.0000,270.2096,0.0050,-0.0147,-0.1026,0.3079,0.0000,0.0000,0.0000,0.0000,0.0000,1,0,0,0,0,0.0003
44.3792,185.2042,0.0864,102.8924,0.0001,0.0002,0.0000,0.0001,0.0000,270.2101,0.0070,-0.0147,-0.1026,0.3079,0.0000,0.0000,0.0000,0.0000,0.0000,1,0,0,0,0,0.0004
44.4495,185.2042,0.0864,102.8924,0.0001,0.0002,0.0000,0.0001,0.0000,270.2105,0.0056,-0.0147,-0.1026,0.3079,0.0000,0.0000,0.0000,0.0000,0.0000,1,0,0,0,0,0.0003
44.5052,185.2042,0.0864,102.8924,0.0001,0.0002,0.0000,0.0001,0.0000,270.2108,0.0060,-0.0147,-0.1026,0.3079,0.0000,0.0000,0.0000,0.0000,0.0000,1,0,0,0,0,0.0003
44.5597,185.2042,0.0864,102.8923,0.0001,0.0002,0.0000,0.0001,0.0000,270.2111,0.0056,-0.0147,-0.1026,0.3079,0.0000,0.0000,0.0000,0.0000,0.0000,1,0,0,0,0,0.0003
44.6291,185.2042,0.0864,102.8923,0.0001,0.0002,0.0000,0.0001,0.0000,270.2115,0.0062,-0.0147,-0.1026,0.3079,0.0000,0.0000,0.0000,0.0000,0.0000,1,0,0,0,0,0.0003
44.6854,185.2042,0.0864,102.8924,0.0001,0.0002,0.0000,0.0001,0.0000,270.2119,0.0054,-0.0147,-0.1026,0.3079,0.0000,0.0000,0.0000,0.0000,0.0000,1,0,0,0,0,0.0003
44.7440,185.2042,0.0864,102.8924,0.0001,0.0002,0.0000,0.0001,0.0000,270.2122,0.0052,-0.0147,-0.1026,0.3079,0.0000,0.0000,0.0000,0.0000,0.0000,1,0,0,0,0,0.0003
44.7961,185.2042,0.0864,102.8924,0.0001,0.0002,0.0000,0.0001,0.0000,270.2124,0.0047,-0.0147,-0.1026,0.3079,0.0000,0.0000,0.0000,0.0000,0.0000,1,0,0,0,0,0.0003
44.8519,185.2042,0.0864,102.8924,0.0001,0.0002,0.0000,0.0001,0.0000,270.2126,0.0044,-0.0147,-0.1026,0.3079,0.0000,0.0000,0.0000,0.0000,0.0000,1,0,0,0,0,0.0002
44.9068,185.2042,0.0864,102.8924,0.0001,0.0002,0.0000,0.0001,0.0000,270.2130,0.0056,-0.0147,-0.1026,0.3079,0.0000,0.0000,0.0000,0.0000,0.0000,1,0,0,0,0,0.0003
44.9625,185.2042,0.0864,102.8923,0.0001,0.0002,0.0000,0.0001,0.0000,270.2133,0.0055,-0.0147,-0.1026,0.3079,0.0000,0.0000,0.0000,0.0000,0.0000,1,0,0,0,0,0.0003
45.0316,185.2042,0.0864,102.8924,0.0001,0.0002,0.0000,0.0001,0.0000,270.2136,0.0053,-0.0147,-0.1026,0.3079,0.0000,0.0000,0.0000,0.0000,0.0000,1,0,0,0,0,0.0003
45.1028,185.2042,0.0864,102.8923,0.0001,0.0002,0.0000,0.0001,0.0000,270.2140,0.0051,-0.0147,-0.1026,0.3079,0.0000,0.0000,0.0000,0.0000,0.0000,1,0,0,0,0,0.0003
45.1600,185.2042,0.0864,102.8924,0.0001,0.0002,0.0000,0.0001,0.0000,270.2143,0.0048,-0.0147,-0.1026,0.3079,0.0000,0.0000,0.0000,0.0000,0.0000,1,0,0,0,0,0.0003
45.2123,185.2042,0.0864,102.8924,0.0001,0.0002,0.0000,0.0001,0.0000,270.2145,0.0052,-0.0147,-0.1026,0.3079,0.0000,0.0000,0.0000,0.0000,0.0000,1,0,0,0,0,0.0003
45.2678,185.2042,0.0864,102.8924,0.0001,0.0002,0.0000,0.0001,0.0000,270.2148,0.0038,-0.0147,-0.1026,0.3079,0.0000,0.0000,0.0000,0.0000,0.0000,1,0,0,0,0,0.0002
45.3234,185.2042,0.0864,102.8924,0.0001,0.0002,0.0000,0.0001,0.0000,270.2150,0.0038,-0.0147,-0.1026,0.3079,0.0000,0.0000,0.0000,0.0000,0.0000,1,0,0,0,0,0.0002
45.3808,185.2042,0.0864,102.8924,0.0001,0.0002,0.0000,0.0001,0.0000,270.2151,0.0032,-0.0147,-0.1026,0.3079,0.0000,0.0000,0.0000,0.0000,0.0000,1,0,0,0,0,0.0002
45.4350,185.2042,0.0864,102.8924,0.0001,0.0002,0.0000,0.0001,0.0000,270.2153,0.0034,-0.0147,-0.1026,0.3079,0.0000,0.0000,0.0000,0.0000,0.0000,1,0,0,0,0,0.0002
45.5044,185.2042,0.0864,102.8924,0.0001,0.0002,0.0000,0.0001,0.0000,270.2156,0.0035,-0.0147,-0.1026,0.3079,0.0000,0.0000,0.0000,0.0000,0.0000,1,0,0,0,0,0.0002
45.5752,185.2042,0.0864,102.8923,0.0001,0.0002,0.0000,0.0001,0.0000,270.2158,0.0034,-0.0147,-0.1026,0.3079,0.0000,0.0000,0.0000,0.0000,0.0000,1,0,0,0,0,0.0002
45.6322,185.2042,0.0864,102.8924,0.0001,0.0002,0.0000,0.0001,0.0000,270.2161,0.0043,-0.0147,-0.1026,0.3079,0.0000,0.0000,0.0000,0.0000,0.0000,1,0,0,0,0,0.0002
45.6865,185.2042,0.0864,102.8923,0.0001,0.0002,0.0000,0.0001,0.0000,270.2162,0.0028,-0.0147,-0.1026,0.3079,0.0000,0.0000,0.0000,0.0000,0.0000,1,0,0,0,0,0.0002
45.7397,185.2042,0.0864,102.8923,0.0001,0.0002,0.0000,0.0001,0.0000,270.2164,0.0029,-0.0147,-0.1026,0.3079,0.0000,0.0000,0.0000,0.0000,0.0000,1,0,0,0,0,0.0002
45.7963,185.2042,0.0864,102.8924,0.0001,0.0002,0.0000,0.0001,0.0000,270.2166,0.0043,-0.0147,-0.1026,0.3079,0.0000,0.0000,0.0000,0.0000,0.0000,1,0,0,0,0,0.0002
45.8534,185.2042,0.0864,102.8924,0.0001,0.0002,0.0000,0.0001,0.0000,270.2168,0.0037,-0.0147,-0.1026,0.3079,0.0000,0.0000,0.0000,0.0000,0.0000,1,0,0,0,0,0.0002
45.9077,185.2043,0.0864,102.8924,0.0001,0.0002,0.0000,0.0001,0.0000,270.2170,0.0034,-0.0147,-0.1026,0.3079,0.0000,0.0000,0.0000,0.0000,0.0000,1,0,0,0,0,0.0002
45.9625,185.2042,0.0864,102.8924,0.0001,0.0002,0.0000,0.0001,0.0000,270.2172,0.0028,-0.0147,-0.1026,0.3079,0.0000,0.0000,0.0000,0.0000,0.0000,1,0,0,0,0,0.0002
46.0187,185.2042,0.0864,102.8923,0.0001,0.0002,0.0000,0.0001,0.0000,270.2174,0.0038,-0.0147,-0.1026,0.3079,0.0000,0.0000,0.0000,0.0000,0.0000,1,0,0,0,0,0.0002
46.0888,185.2043,0.0864,102.8924,0.0001,0.0002,0.0000,0.0001,0.0000,270.2177,0.0039,-0.0147,-0.1026,0.3079,0.0000,0.0000,0.0000,0.0000,0.0000,1,0,0,0,0,0.0002
46.1429,185.2042,0.0864,102.8924,0.0001,0.0002,0.0000,0.0001,0.0000,270.2179,0.0045,-0.0147,-0.1026,0.3079,0.0000,0.0000,0.0000,0.0000,0.0000,1,0,0,0,0,0.0003
46.1983,185.2042,0.0864,102.8923,0.0001,0.0002,0.0000,0.0001,0.0000,270.2182,0.0055,-0.0147,-0.1026,0.3079,0.0000,0.0000,0.0000,0.0000,0.0000,1,0,0,0,0,0.0003
46.2566,185.2043,0.0864,102.8924,0.0001,0.0002,0.0000,0.0001,0.0000,270.2185,0.0052,-0.0147,-0.1026,0.3079,0.0000,0.0000,0.0000,0.0000,0.0000,1,0,0,0,0,0.0003
46.3100,185.2042,0.0864,102.8924,0.0001,0.0002,0.0000,0.0001,0.0000,270.2188,0.0051,-0.0147,-0.1026,0.3079,0.0000,0.0000,0.0000,0.0000,0.0000,1,0,0,0,0,0.0003
46.3663,185.2043,0.0864,102.8924,0.0001,0.0002,0.0000,0.0001,0.0000,270.2191,0.0049,-0.0147,-0.1026,0.3079,0.0000,0.0000,0.0000,0.0000,0.0000,1,0,0,0,0,0.0003
46.4219,185.2042,0.0864,102.8923,0.0001,0.0002,0.0000,0.0001,0.0000,270.2193,0.0044,-0.0147,-0.1026,0.3079,0.0000,0.0000,0.0000,0.0000,0.0000,1,0,0,0,0,0.0002
46.4762,185.2042,0.0864,102.8924,0.0001,0.0002,0.0000,0.0001,0.0000,270.2196,0.0051,-0.0147,-0.1026,0.3079,0.0000,0.0000,0.0000,0.0000,0.0000,1,0,0,0,0,0.0003
46.5318,185.2042,0.0864,102.8924,0.0001,0.0002,0.0000,0.0001,0.0000,270.2198,0.0049,-0.0147,-0.1026,0.3079,0.0000,0.0000,0.0000,0.0000,0.0000,1,0,0,0,0,0.0003
46.6022,185.2042,0.0864,102.8924,0.0001,0.0002,0.0000,0.0001,0.0000,270.2202,0.0043,-0.0147,-0.1026,0.3079,0.0000,0.0000,0.0000,0.0000,0.0000,1,0,0,0,0,0.0002
46.6711,185.2042,0.0864,102.8924,0.0001,0.0002,0.0000,0.0001,0.0000,270.2205,0.0053,-0.0147,-0.1026,0.3079,0.0000,0.0000,0.0000,0.0000,0.0000,1,0,0,0,0,0.0003
46.7275,185.2042,0.0864,102.8924,0.0001,0.0002,0.0000,0.0001,0.0000,270.2208,0.0054,-0.0147,-0.1026,0.3079,0.0000,0.0000,0.0000,0.0000,0.0000,1,0,0,0,0,0.0003
46.7825,185.2042,0.0864,102.8923,0.0001,0.0002,0.0000,0.0001,0.0000,270.2212,0.0061,-0.0147,-0.1026,0.3079,0.0000,0.0000,0.0000,0.0000,0.0000,1,0,0,0,0,0.0003
46.8380,185.2042,0.0864,102.8924,0.0001,0.0002,0.0000,0.0001,0.0000,270.2215,0.0061,-0.0147,-0.1026,0.3079,0.0000,0.0000,0.0000,0.0000,0.0000,1,0,0,0,0,0.0003
46.8927,185.2042,0.0864,102.8924,0.0001,0.0002,0.0000,0.0001,0.0000,270.2218,0.0056,-0.0147,-0.1026,0.3079,0.0000,0.0000,0.0000,0.0000,0.0000,1,0,0,0,0,0.0003
46.9491,185.2042,0.0864,102.8924,0.0001,0.0002,0.0000,0.0001,0.0000,270.2221,0.0059,-0.0147,-0.1026,0.3079,0.0000,0.0000,0.0000,0.0000,0.0000,1,0,0,0,0,0.0003
47.0051,185.2042,0.0864,102.8924,0.0001,0.0002,0.0000,0.0001,0.0000,270.2225,0.0060,-0.0147,-0.1026,0.3079,0.0000,0.0000,0.0000,0.0000,0.0000,1,0,0,0,0,0.0003
47.0632,185.2042,0.0864,102.8924,0.0001,0.0002,0.0000,0.0001,0.0000,270.2228,0.0052,-0.0147,-0.1026,0.3079,0.0000,0.0000,0.0000,0.0000,0.0000,1,0,0,0,0,0.0003
47.1153,185.2042,0.0864,102.8924,0.0001,0.0002,0.0000,0.0001,0.0000,270.2231,0.0064,-0.0147,-0.1026,0.3079,0.0000,0.0000,0.0000,0.0000,0.0000,1,0,0,0,0,0.0004
47.1844,185.2042,0.0864,102.8923,0.0001,0.0002,0.0000,0.0001,0.0000,270.2234,0.0049,-0.0147,-0.1026,0.3079,0.0000,0.0000,0.0000,0.0000,0.0000,1,0,0,0,0,0.0003
47.2411,185.2042,0.0864,102.8924,0.0001,0.0002,0.0000,0.0001,0.0000,270.2237,0.0043,-0.0147,-0.1026,0.3079,0.0000,0.0000,0.0000,0.0000,0.0000,1,0,0,0,0,0.0002
47.2991,185.2042,0.0864,102.8924,0.0001,0.0002,0.0000,0.0001,0.0000,270.2241,0.0063,-0.0147,-0.1026,0.3079,0.0000,0.0000,0.0000,0.0000,0.0000,1,0,0,0,0,0.0004
47.3520,185.2042,0.0864,102.8924,0.0001,0.0002,0.0000,0.0001,0.0000,270.2243,0.0046,-0.0147,-0.1026,0.3079,0.0000,0.0000,0.0000,0.0000,0.0000,1,0,0,0,0,0.0003
47.4109,185.2043,0.0864,102.8924,0.0001,0.0002,0.0000,0.0001,0.0000,270.2246,0.0052,-0.0147,-0.1026,0.3079,0.0000,0.0000,0.0000,0.0000,0.0000,1,0,0,0,0,0.0003
47.4776,185.2043,0.0864,102.8924,0.0001,0.0002,0.0000,0.0001,0.0000,270.2249,0.0050,-0.0147,-0.1026,0.3079,0.0000,0.0000,0.0000,0.0000,0.0000,1,0,0,0,0,0.0003
47.5327,185.2042,0.0864,102.8924,0.0001,0.0002,0.0000,0.0001,0.0000,270.2252,0.0050,-0.0147,-0.1026,0.3079,0.0000,0.0000,0.0000,0.0000,0.0000,1,0,0,0,0,0.0003
47.5886,185.2042,0.0864,102.8924,0.0001,0.0002,0.0000,0.0001,0.0000,270.2255,0.0044,-0.0147,-0.1026,0.3079,0.0000,0.0000,0.0000,0.0000,0.0000,1,0,0,0,0,0.0002
47.6432,185.2042,0.0864,102.8924,0.0001,0.0002,0.0000,0.0001,0.0000,270.2257,0.0039,-0.0147,-0.1026,0.3079,0.0000,0.0000,0.0000,0.0000,0.0000,1,0,0,0,0,0.0002
47.7132,185.2042,0.0864,102.8923,0.0001,0.0002,0.0000,0.0001,0.0000,270.2259,0.0035,-0.0147,-0.1026,0.3079,0.0000,0.0000,0.0000,0.0000,0.0000,1,0,0,0,0,0.0002
47.7688,185.2042,0.0864,102.8924,0.0001,0.0002,0.0000,0.0001,0.0000,270.2261,0.0033,-0.0147,-0.1026,0.3079,0.0000,0.0000,0.0000,0.0000,0.0000,1,0,0,0,0,0.0002
47.8242,185.2042,0.0864,102.8924,0.0001,0.0002,0.0000,0.0001,0.0000,270.2263,0.0033,-0.0147,-0.1026,0.3079,0.0000,0.0000,0.0000,0.0000,0.0000,1,0,0,0,0,0.0002
47.8932,185.2042,0.0864,102.8924,0.0001,0.0002,0.0000,0.0001,0.0000,270.2265,0.0031,-0.0147,-0.1026,0.3079,0.0000,0.0000,0.0000,0.0000,0.0000,1,0,0,0,0,0.0002
47.9489,185.2043,0.0864,102.8924,0.0001,0.0002,0.0000,0.0001,0.0000,270.2267,0.0038,-0.0147,-0.1026,0.3079,0.0000,0.0000,0.0000,0.0000,0.0000,1,0,0,0,0,0.0002
48.0050,185.2042,0.0864,102.8924,0.0001,0.0002,0.0000,0.0001,0.0000,270.2269,0.0033,-0.0147,-0.1026,0.3079,0.0000,0.0000,0.0000,0.0000,0.0000,1,0,0,0,0,0.0002
48.0597,185.2042,0.0864,102.8924,0.0001,0.0002,0.0000,0.0001,0.0000,270.2271,0.0028,-0.0147,-0.1026,0.3079,0.0000,0.0000,0.0000,0.0000,0.0000,1,0,0,0,0,0.0002
48.1157,185.2042,0.0864,102.8924,0.0001,0.0002,0.0000,0.0001,0.0000,270.2273,0.0038,-0.0147,-0.1026,0.3079,0.0000,0.0000,0.0000,0.0000,0.0000,1,0,0,0,0,0.0002
48.1708,185.2042,0.0864,102.8924,0.0001,0.0002,0.0000,0.0001,0.0000,270.2275,0.0039,-0.0147,-0.1026,0.3079,0.0000,0.0000,0.0000,0.0000,0.0000,1,0,0,0,0,0.0002
48.2411,185.2043,0.0864,102.8924,0.0001,0.0002,0.0000,0.0001,0.0000,270.2278,0.0039,-0.0147,-0.1026,0.3079,0.0000,0.0000,0.0000,0.0000,0.0000,1,0,0,0,0,0.0002
48.2974,185.2042,0.0864,102.8924,0.0001,0.0002,0.0000,0.0001,0.0000,270.2280,0.0038,-0.0147,-0.1026,0.3079,0.0000,0.0000,0.0000,0.0000,0.0000,1,0,0,0,0,0.0002
48.3530,185.2042,0.0864,102.8924,0.0001,0.0002,0.0000,0.0001,0.0000,270.2282,0.0038,-0.0147,-0.1026,0.3079,0.0000,0.0000,0.0000,0.0000,0.0000,1,0,0,0,0,0.0002
48.4072,185.2042,0.0864,102.8923,0.0001,0.0002,0.0000,0.0001,0.0000,270.2284,0.0034,-0.0147,-0.1026,0.3079,0.0000,0.0000,0.0000,0.0000,0.0000,1,0,0,0,0,0.0002
48.4630,185.2043,0.0864,102.8924,0.0001,0.0002,0.0000,0.0001,0.0000,270.2286,0.0038,-0.0147,-0.1026,0.3079,0.0000,0.0000,0.0000,0.0000,0.0000,1,0,0,0,0,0.0002
48.5178,185.2042,0.0864,102.8924,0.0001,0.0002,0.0000,0.0001,0.0000,270.2288,0.0045,-0.0147,-0.1026,0.3079,0.0000,0.0000,0.0000,0.0000,0.0000,1,0,0,0,0,0.0002
48.5748,185.2042,0.0864,102.8924,0.0001,0.0002,0.0000,0.0001,0.0000,270.2291,0.0054,-0.0147,-0.1026,0.3079,0.0000,0.0000,0.0000,0.0000,0.0000,1,0,0,0,0,0.0003
48.6291,185.2042,0.0864,102.8924,0.0001,0.0002,0.0000,0.0001,0.0000,270.2294,0.0051,-0.0147,-0.1026,0.3079,0.0000,0.0000,0.0000,0.0000,0.0000,1,0,0,0,0,0.0003
48.6847,185.2042,0.0864,102.8924,0.0001,0.0002,0.0000,0.0001,0.0000,270.2297,0.0049,-0.0147,-0.1026,0.3079,0.0000,0.0000,0.0000,0.0000,0.0000,1,0,0,0,0,0.0003
48.7413,185.2042,0.0864,102.8923,0.0001,0.0002,0.0000,0.0001,0.0000,270.2300,0.0054,-0.0147,-0.1026,0.3079,0.0000,0.0000,0.0000,0.0000,0.0000,1,0,0,0,0,0.0003
48.8104,185.2042,0.0864,102.8924,0.0001,0.0002,0.0000,0.0001,0.0000,270.2303,0.0053,-0.0147,-0.1026,0.3079,0.0000,0.0000,0.0000,0.0000,0.0000,1,0,0,0,0,0.0003
48.8656,185.2042,0.0864,102.8924,0.0001,0.0002,0.0000,0.0001,0.0000,270.2307,0.0055,-0.0147,-0.1026,0.3079,0.0000,0.0000,0.0000,0.0000,0.0000,1,0,0,0,0,0.0003
48.9238,185.2042,0.0864,102.8924,0.0001,0.0002,0.0000,0.0001,0.0000,270.2309,0.0047,-0.0147,-0.1026,0.3079,0.0000,0.0000,0.0000,0.0000,0.0000,1,0,0,0,0,0.0003
48.9775,185.2043,0.0864,102.8924,0.0001,0.0002,0.0000,0.0001,0.0000,270.2312,0.0051,-0.0147,-0.1026,0.3079,0.0000,0.0000,0.0000,0.0000,0.0000,1,0,0,0,0,0.0003
49.0323,185.2042,0.0864,102.8924,0.0001,0.0002,0.0000,0.0001,0.0000,270.2315,0.0056,-0.0147,-0.1026,0.3079,0.0000,0.0000,0.0000,0.0000,0.0000,1,0,0,0,0,0.0003
49.0885,185.2042,0.0864,102.8923,0.0001,0.0002,0.0000,0.0001,0.0000,270.2319,0.0065,-0.0147,-0.1026,0.3079,0.0000,0.0000,0.0000,0.0000,0.0000,1,0,0,0,0,0.0004
49.1439,185.2042,0.0864,102.8923,0.0001,0.0002,0.0000,0.0001,0.0000,270.2322,0.0055,-0.0147,-0.1026,0.3079,0.0000,0.0000,0.0000,0.0000,0.0000,1,0,0,0,0,0.0003
49.1990,185.2042,0.0864,102.8923,0.0001,0.0002,0.0000,0.0001,0.0000,270.2325,0.0061,-0.0147,-0.1026,0.3079,0.0000,0.0000,0.0000,0.0000,0.0000,1,0,0,0,0,0.0003
49.2544,185.2042,0.0864,102.8924,0.0001,0.0002,0.0000,0.0001,0.0000,270.2328,0.0061,-0.0147,-0.1026,0.3079,0.0000,0.0000,0.0000,0.0000,0.0000,1,0,0,0,0,0.0003
49.3242,185.2042,0.0864,102.8924,0.0001,0.0002,0.0000,0.0001,0.0000,270.2332,0.0057,-0.0147,-0.1026,0.3079,0.0000,0.0000,0.0000,0.0000,0.0000,1,0,0,0,0,0.0003
49.3790,185.2042,0.0864,102.8924,0.0001,0.0002,0.0000,0.0001,0.0000,270.2336,0.0061,-0.0147,-0.1026,0.3079,0.0000,0.0000,0.0000,0.0000,0.0000,1,0,0,0,0,0.0003
49.4356,185.2042,0.0864,102.8923,0.0001,0.0002,0.0000,0.0001,0.0000,270.2339,0.0054,-0.0147,-0.1026,0.3079,0.0000,0.0000,0.0000,0.0000,0.0000,1,0,0,0,0,0.0003
49.4900,185.2042,0.0864,102.8924,0.0001,0.0002,0.0000,0.0001,0.0000,270.2342,0.0056,-0.0147,-0.1026,0.3079,0.0000,0.0000,0.0000,0.0000,0.0000,1,0,0,0,0,0.0003
49.5599,185.2042,0.0864,102.8924,0.0001,0.0002,0.0000,0.0001,0.0000,270.2345,0.0044,-0.0147,-0.1026,0.3079,0.0000,0.0000,0.0000,0.0000,0.0000,1,0,0,0,0,0.0002
49.6161,185.2042,0.0864,102.8924,0.0001,0.0002,0.0000,0.0001,0.0000,270.2348,0.0049,-0.0147,-0.1026,0.3079,0.0000,0.0000,0.0000,0.0000,0.0000,1,0,0,0,0,0.0003
49.6715,185.2042,0.0864,102.8924,0.0001,0.0002,0.0000,0.0001,0.0000,270.2350,0.0050,-0.0147,-0.1026,0.3079,0.0000,0.0000,0.0000,0.0000,0.0000,1,0,0,0,0,0.0003
49.7269,185.2042,0.0864,102.8924,0.0001,0.0002,0.0000,0.0001,0.0000,270.2354,0.0055,-0.0147,-0.1026,0.3079,0.0000,0.0000,0.0000,0.0000,0.0000,1,0,0,0,0,0.0003
49.7836,185.2042,0.0864,102.8924,0.0001,0.0002,0.0000,0.0001,0.0000,270.2357,0.0054,-0.0147,-0.1026,0.3079,0.0000,0.0000,0.0000,0.0000,0.0000,1,0,0,0,0,0.0003
49.8386,185.2042,0.0864,102.8924,0.0001,0.0002,0.0000,0.0001,0.0000,270.2359,0.0044,-0.0147,-0.1026,0.3079,0.0000,0.0000,0.0000,0.0000,0.0000,1,0,0,0,0,0.0002
49.9069,185.2042,0.0864,102.8924,0.0001,0.0002,0.0000,0.0001,0.0000,270.2363,0.0063,-0.0147,-0.1026,0.3079,0.0000,0.0000,0.0000,0.0000,0.0000,1,0,0,0,0,0.0003
49.9630,185.2042,0.0864,102.8924,0.0001,0.0002,0.0000,0.0001,0.0000,270.2366,0.0043,-0.0147,-0.1026,0.3079,0.0000,0.0000,0.0000,0.0000,0.0000,1,0,0,0,0,0.0002
50.0213,185.2042,0.0864,102.8924,0.0001,0.0002,0.0000,0.0001,0.0000,270.2367,0.0026,-0.0147,-0.1026,0.3079,0.0000,0.0000,0.0000,0.0000,0.0000,1,0,0,0,0,0.0001
50.0741,185.2042,0.0864,102.8924,0.0001,0.0002,0.0000,0.0001,0.0000,270.2369,0.0040,-0.0147,-0.1026,0.3079,0.0000,0.0000,0.0000,0.0000,0.0000,1,0,0,0,0,0.0002
50.1298,185.2042,0.0864,102.8924,0.0001,0.0002,0.0000,0.0001,0.0000,270.2371,0.0033,-0.0147,-0.1026,0.3079,0.0000,0.0000,0.0000,0.0000,0.0000,1,0,0,0,0,0.0002
50.1845,185.2043,0.0864,102.8924,0.0001,0.0002,0.0000,0.0001,0.0000,270.2373,0.0033,-0.0147,-0.1026,0.3079,0.0000,0.0000,0.0000,0.0000,0.0000,1,0,0,0,0,0.0002
50.2407,185.2042,0.0864,102.8924,0.0001,0.0002,0.0000,0.0001,0.0000,270.2375,0.0033,-0.0147,-0.1026,0.3079,0.0000,0.0000,0.0000,0.0000,0.0000,1,0,0,0,0,0.0002
50.2961,185.2042,0.0864,102.8924,0.0001,0.0002,0.0000,0.0001,0.0000,270.2377,0.0039,-0.0147,-0.1026,0.3079,0.0000,0.0000,0.0000,0.0000,0.0000,1,0,0,0,0,0.0002
50.3619,185.2042,0.0864,102.8924,0.0001,0.0002,0.0000,0.0001,0.0000,270.2379,0.0037,-0.0147,-0.1026,0.3079,0.0000,0.0000,0.0000,0.0000,0.0000,1,0,0,0,0,0.0002
50.4373,185.2042,0.0864,102.8924,0.0001,0.0002,0.0000,0.0001,0.0000,270.2382,0.0032,-0.0147,-0.1026,0.3079,0.0000,0.0000,0.0000,0.0000,0.0000,1,0,0,0,0,0.0002
50.4905,185.2042,0.0864,102.8924,0.0001,0.0002,0.0000,0.0001,0.0000,270.2384,0.0040,-0.0147,-0.1026,0.3079,0.0000,0.0000,0.0000,0.0000,0.0000,1,0,0,0,0,0.0002
50.5462,185.2042,0.0864,102.8924,0.0001,0.0002,0.0000,0.0001,0.0000,270.2386,0.0027,-0.0147,-0.1026,0.3079,0.0000,0.0000,0.0000,0.0000,0.0000,1,0,0,0,0,0.0002
50.6019,185.2042,0.0864,102.8924,0.0001,0.0002,0.0000,0.0001,0.0000,270.2388,0.0038,-0.0147,-0.1026,0.3079,0.0000,0.0000,0.0000,0.0000,0.0000,1,0,0,0,0,0.0002
50.6598,185.2042,0.0864,102.8923,0.0001,0.0002,0.0000,0.0001,0.0000,270.2390,0.0032,-0.0147,-0.1026,0.3079,0.0000,0.0000,0.0000,0.0000,0.0000,1,0,0,0,0,0.0002
50.7131,185.2042,0.0864,102.8924,0.0001,0.0002,0.0000,0.0001,0.0000,270.2391,0.0034,-0.0147,-0.1026,0.3079,0.0000,0.0000,0.0000,0.0000,0.0000,1,0,0,0,0,0.0002
50.7708,185.2042,0.0864,102.8924,0.0001,0.0002,0.0000,0.0001,0.0000,270.2393,0.0032,-0.0147,-0.1026,0.3079,0.0000,0.0000,0.0000,0.0000,0.0000,1,0,0,0,0,0.0002
50.8237,185.2042,0.0864,102.8924,0.0001,0.0002,0.0000,0.0001,0.0000,270.2396,0.0046,-0.0147,-0.1026,0.3079,0.0000,0.0000,0.0000,0.0000,0.0000,1,0,0,0,0,0.0003
50.8794,185.2042,0.0864,102.8924,0.0001,0.0002,0.0000,0.0001,0.0000,270.2399,0.0055,-0.0147,-0.1026,0.3079,0.0000,0.0000,0.0000,0.0000,0.0000,1,0,0,0,0,0.0003
50.9348,185.2042,0.0864,102.8923,0.0001,0.0002,0.0000,0.0001,0.0000,270.2402,0.0055,-0.0147,-0.1026,0.3079,0.0000,0.0000,0.0000,0.0000,0.0000,1,0,0,0,0,0.0003
51.0058,185.2043,0.0864,102.8924,0.0001,0.0002,0.0000,0.0001,0.0000,270.2406,0.0060,-0.0147,-0.1026,0.3079,0.0000,0.0000,0.0000,0.0000,0.0000,1,0,0,0,0,0.0003
51.0601,185.2042,0.0864,102.8924,0.0001,0.0002,0.0000,0.0001,0.0000,270.2409,0.0056,-0.0147,-0.1026,0.3079,0.0000,0.0000,0.0000,0.0000,0.0000,1,0,0,0,0,0.0003
51.1158,185.2042,0.0864,102.8924,0.0001,0.0002,0.0000,0.0001,0.0000,270.2412,0.0055,-0.0147,-0.1026,0.3079,0.0000,0.0000,0.0000,0.0000,0.0000,1,0,0,0,0,0.0003
51.1719,185.2042,0.0864,102.8924,0.0001,0.0002,0.0000,0.0001,0.0000,270.2415,0.0049,-0.0147,-0.1026,0.3079,0.0000,0.0000,0.0000,0.0000,0.0000,1,0,0,0,0,0.0003
51.2276,185.2042,0.0864,102.8923,0.0001,0.0002,0.0000,0.0001,0.0000,270.2418,0.0049,-0.0147,-0.1026,0.3079,0.0000,0.0000,0.0000,0.0000,0.0000,1,0,0,0,0,0.0003
51.2832,185.2043,0.0864,102.8924,0.0001,0.0002,0.0000,0.0001,0.0000,270.2421,0.0055,-0.0147,-0.1026,0.3079,0.0000,0.0000,0.0000,0.0000,0.0000,1,0,0,0,0,0.0003
51.3539,185.2042,0.0864,102.8924,0.0001,0.0002,0.0000,0.0001,0.0000,270.2424,0.0047,-0.0147,-0.1026,0.3079,0.0000,0.0000,0.0000,0.0000,0.0000,1,0,0,0,0,0.0003
51.4072,185.2042,0.0864,102.8924,0.0001,0.0002,0.0000,0.0001,0.0000,270.2427,0.0057,-0.0147,-0.1026,0.3079,0.0000,0.0000,0.0000,0.0000,0.0000,1,0,0,0,0,0.0003
51.4642,185.2042,0.0864,102.8924,0.0001,0.0002,0.0000,0.0001,0.0000,270.2431,0.0064,-0.0147,-0.1026,0.3079,0.0000,0.0000,0.0000,0.0000,0.0000,1,0,0,0,0,0.0004
51.5321,185.2042,0.0864,102.8924,0.0001,0.0002,0.0000,0.0001,0.0000,270.2435,0.0058,-0.0147,-0.1026,0.3079,0.0000,0.0000,0.0000,0.0000,0.0000,1,0,0,0,0,0.0003
51.5894,185.2042,0.0864,102.8924,0.0001,0.0002,0.0000,0.0001,0.0000,270.2438,0.0053,-0.0147,-0.1026,0.3079,0.0000,0.0000,0.0000,0.0000,0.0000,1,0,0,0,0,0.0003
51.6435,185.2042,0.0864,102.8924,0.0001,0.0002,0.0000,0.0001,0.0000,270.2441,0.0068,-0.0147,-0.1026,0.3079,0.0000,0.0000,0.0000,0.0000,0.0000,1,0,0,0,0,0.0004
51.6985,185.2042,0.0864,102.8924,0.0001,0.0002,0.0000,0.0001,0.0000,270.2444,0.0056,-0.0147,-0.1026,0.3079,0.0000,0.0000,0.0000,0.0000,0.0000,1,0,0,0,0,0.0003
51.7544,185.2042,0.0864,102.8924,0.0001,0.0002,0.0000,0.0001,0.0000,270.2448,0.0055,-0.0147,-0.1026,0.3079,0.0000,0.0000,0.0000,0.0000,0.0000,1,0,0,0,0,0.0003
51.8092,185.2042,0.0864,102.8924,0.0001,0.0002,0.0000,0.0001,0.0000,270.2451,0.0061,-0.0147,-0.1026,0.3079,0.0000,0.0000,0.0000,0.0000,0.0000,1,0,0,0,0,0.0003
51.8794,185.2042,0.0864,102.8924,0.0001,0.0002,0.0000,0.0001,0.0000,270.2454,0.0048,-0.0147,-0.1026,0.3079,0.0000,0.0000,0.0000,0.0000,0.0000,1,0,0,0,0,0.0003
51.9387,185.2043,0.0864,102.8924,0.0001,0.0002,0.0000,0.0001,0.0000,270.2457,0.0052,-0.0147,-0.1026,0.3079,0.0000,0.0000,0.0000,0.0000,0.0000,1,0,0,0,0,0.0003
51.9914,185.2042,0.0864,102.8923,0.0001,0.0002,0.0000,0.0001,0.0000,270.2460,0.0046,-0.0147,-0.1026,0.3079,0.0000,0.0000,0.0000,0.0000,0.0000,1,0,0,0,0,0.0003
52.0595,185.2042,0.0864,102.8924,0.0001,0.0002,0.0000,0.0001,0.0000,270.2464,0.0063,-0.0147,-0.1026,0.3079,0.0000,0.0000,0.0000,0.0000,0.0000,1,0,0,0,0,0.0003
52.1151,185.2042,0.0864,102.8924,0.0001,0.0002,0.0000,0.0001,0.0000,270.2466,0.0044,-0.0147,-0.1026,0.3079,0.0000,0.0000,0.0000,0.0000,0.0000,1,0,0,0,0,0.0002
52.1704,185.2042,0.0864,102.8924,0.0001,0.0002,0.0000,0.0001,0.0000,270.2469,0.0055,-0.0147,-0.1026,0.3079,0.0000,0.0000,0.0000,0.0000,0.0000,1,0,0,0,0,0.0003
52.2271,185.2042,0.0864,102.8924,0.0001,0.0002,0.0000,0.0001,0.0000,270.2473,0.0054,-0.0147,-0.1026,0.3079,0.0000,0.0000,0.0000,0.0000,0.0000,1,0,0,0,0,0.0003
52.2823,185.2042,0.0864,102.8924,0.0001,0.0002,0.0000,0.0001,0.0000,270.2475,0.0044,-0.0147,-0.1026,0.3079,0.0000,0.0000,0.0000,0.0000,0.0000,1,0,0,0,0,0.0002
52.3375,185.2042,0.0864,102.8924,0.0001,0.0002,0.0000,0.0001,0.0000,270.2477,0.0033,-0.0147,-0.1026,0.3079,0.0000,0.0000,0.0000,0.0000,0.0000,1,0,0,0,0,0.0002
52.3943,185.2043,0.0864,102.8924,0.0001,0.0002,0.0000,0.0001,0.0000,270.2479,0.0038,-0.0147,-0.1026,0.3079,0.0000,0.0000,0.0000,0.0000,0.0000,1,0,0,0,0,0.0002
52.4485,185.2042,0.0864,102.8924,0.0001,0.0002,0.0000,0.0001,0.0000,270.2481,0.0039,-0.0147,-0.1026,0.3079,0.0000,0.0000,0.0000,0.0000,0.0000,1,0,0,0,0,0.0002
52.5057,185.2042,0.0864,102.8924,0.0001,0.0002,0.0000,0.0001,0.0000,270.2483,0.0032,-0.0147,-0.1026,0.3079,0.0000,0.0000,0.0000,0.0000,0.0000,1,0,0,0,0,0.0002
52.5607,185.2043,0.0864,102.8924,0.0001,0.0002,0.0000,0.0001,0.0000,270.2484,0.0028,-0.0147,-0.1026,0.3079,0.0000,0.0000,0.0000,0.0000,0.0000,1,0,0,0,0,0.0002
52.6294,185.2042,0.0864,102.8924,0.0001,0.0002,0.0000,0.0001,0.0000,270.2487,0.0036,-0.0147,-0.1026,0.3079,0.0000,0.0000,0.0000,0.0000,0.0000,1,0,0,0,0,0.0002
52.6848,185.2042,0.0864,102.8924,0.0001,0.0002,0.0000,0.0001,0.0000,270.2489,0.0033,-0.0147,-0.1026,0.3079,0.0000,0.0000,0.0000,0.0000,0.0000,1,0,0,0,0,0.0002
52.7429,185.2042,0.0864,102.8924,0.0001,0.0002,0.0000,0.0001,0.0000,270.2491,0.0032,-0.0147,-0.1026,0.3079,0.0000,0.0000,0.0000,0.0000,0.0000,1,0,0,0,0,0.0002
52.7981,185.2042,0.0864,102.8924,0.0001,0.0002,0.0000,0.0001,0.0000,270.2492,0.0033,-0.0147,-0.1026,0.3079,0.0000,0.0000,0.0000,0.0000,0.0000,1,0,0,0,0,0.0002
52.8522,185.2043,0.0864,102.8924,0.0001,0.0002,0.0000,0.0001,0.0000,270.2495,0.0039,-0.0147,-0.1026,0.3079,0.0000,0.0000,0.0000,0.0000,0.0000,1,0,0,0,0,0.0002
52.9078,185.2042,0.0864,102.8924,0.0001,0.0002,0.0000,0.0001,0.0000,270.2497,0.0038,-0.0147,-0.1026,0.3079,0.0000,0.0000,0.0000,0.0000,0.0000,1,0,0,0,0,0.0002
52.9651,185.2042,0.0864,102.8924,0.0001,0.0002,0.0000,0.0001,0.0000,270.2499,0.0037,-0.0147,-0.1026,0.3079,0.0000,0.0000,0.0000,0.0000,0.0000,1,0,0,0,0,0.0002
53.0178,185.2042,0.0864,102.8924,0.0001,0.0002,0.0000,0.0001,0.0000,270.2501,0.0041,-0.0147,-0.1026,0.3079,0.0000,0.0000,0.0000,0.0000,0.0000,1,0,0,0,0,0.0002
53.0738,185.2042,0.0864,102.8924,0.0001,0.0002,0.0000,0.0001,0.0000,270.2502,0.0027,-0.0147,-0.1026,0.3079,0.0000,0.0000,0.0000,0.0000,0.0000,1,0,0,0,0,0.0002
53.1435,185.2042,0.0864,102.8924,0.0001,0.0002,0.0000,0.0001,0.0000,270.2505,0.0044,-0.0147,-0.1026,0.3079,0.0000,0.0000,0.0000,0.0000,0.0000,1,0,0,0,0,0.0002
53.2026,185.2042,0.0864,102.8924,0.0001,0.0002,0.0000,0.0001,0.0000,270.2509,0.0057,-0.0147,-0.1026,0.3079,0.0000,0.0000,0.0000,0.0000,0.0000,1,0,0,0,0,0.0003
53.2572,185.2042,0.0864,102.8924,0.0001,0.0002,0.0000,0.0001,0.0000,270.2511,0.0039,-0.0147,-0.1026,0.3079,0.0000,0.0000,0.0000,0.0000,0.0000,1,0,0,0,0,0.0002
53.3094,185.2042,0.0864,102.8924,0.0001,0.0002,0.0000,0.0001,0.0000,270.2514,0.0059,-0.0147,-0.1026,0.3079,0.0000,0.0000,0.0000,0.0000,0.0000,1,0,0,0,0,0.0003
53.3653,185.2043,0.0864,102.8924,0.0001,0.0002,0.0000,0.0001,0.0000,270.2517,0.0055,-0.0147,-0.1026,0.3079,0.0000,0.0000,0.0000,0.0000,0.0000,1,0,0,0,0,0.0003
53.4208,185.2042,0.0864,102.8924,0.0001,0.0002,0.0000,0.0001,0.0000,270.2520,0.0055,-0.0147,-0.1026,0.3079,0.0000,0.0000,0.0000,0.0000,0.0000,1,0,0,0,0,0.0003
53.4765,185.2042,0.0864,102.8924,0.0001,0.0002,0.0000,0.0001,0.0000,270.2523,0.0055,-0.0147,-0.1026,0.3079,0.0000,0.0000,0.0000,0.0000,0.0000,1,0,0,0,0,0.0003
53.5455,185.2042,0.0864,102.8924,0.0001,0.0002,0.0000,0.0001,0.0000,270.2527,0.0053,-0.0147,-0.1026,0.3079,0.0000,0.0000,0.0000,0.0000,0.0000,1,0,0,0,0,0.0003
53.6149,185.2042,0.0864,102.8924,0.0001,0.0002,0.0000,0.0001,0.0000,270.2531,0.0062,-0.0147,-0.1026,0.3079,0.0000,0.0000,0.0000,0.0000,0.0000,1,0,0,0,0,0.0003
53.6846,185.2043,0.0864,102.8924,0.0001,0.0002,0.0000,0.0001,0.0000,270.2535,0.0057,-0.0147,-0.1026,0.3079,0.0000,0.0000,0.0000,0.0000,0.0000,1,0,0,0,0,0.0003
53.7402,185.2042,0.0864,102.8924,0.0001,0.0002,0.0000,0.0001,0.0000,270.2538,0.0060,-0.0147,-0.1026,0.3079,0.0000,0.0000,0.0000,0.0000,0.0000,1,0,0,0,0,0.0003
53.7959,185.2043,0.0864,102.8924,0.0001,0.0002,0.0000,0.0001,0.0000,270.2542,0.0055,-0.0147,-0.1026,0.3079,0.0000,0.0000,0.0000,0.0000,0.0000,1,0,0,0,0,0.0003
53.8508,185.2043,0.0864,102.8924,0.0001,0.0002,0.0000,0.0001,0.0000,270.2545,0.0061,-0.0147,-0.1026,0.3079,0.0000,0.0000,0.0000,0.0000,0.0000,1,0,0,0,0,0.0003
53.9070,185.2042,0.0864,102.8923,0.0001,0.0002,0.0000,0.0001,0.0000,270.2548,0.0060,-0.0147,-0.1026,0.3079,0.0000,0.0000,0.0000,0.0000,0.0000,1,0,0,0,0,0.0003
53.9652,185.2042,0.0864,102.8924,0.0001,0.0002,0.0000,0.0001,0.0000,270.2551,0.0052,-0.0147,-0.1026,0.3079,0.0000,0.0000,0.0000,0.0000,0.0000,1,0,0,0,0,0.0003
54.0176,185.2042,0.0864,102.8924,0.0001,0.0002,0.0000,0.0001,0.0000,270.2555,0.0064,-0.0147,-0.1026,0.3079,0.0000,0.0000,0.0000,0.0000,0.0000,1,0,0,0,0,0.0004
54.0749,185.2042,0.0864,102.8924,0.0001,0.0002,0.0000,0.0001,0.0000,270.2558,0.0059,-0.0147,-0.1026,0.3079,0.0000,0.0000,0.0000,0.0000,0.0000,1,0,0,0,0,0.0003
54.1291,185.2042,0.0864,102.8924,0.0001,0.0002,0.0000,0.0001,0.0000,270.2561,0.0056,-0.0147,-0.1026,0.3079,0.0000,0.0000,0.0000,0.0000,0.0000,1,0,0,0,0,0.0003
54.1841,185.2042,0.0864,102.8924,0.0001,0.0002,0.0000,0.0001,0.0000,270.2564,0.0055,-0.0147,-0.1026,0.3079,0.0000,0.0000,0.0000,0.0000,0.0000,1,0,0,0,0,0.0003
54.2540,185.2042,0.0864,102.8924,0.0001,0.0002,0.0000,0.0001,0.0000,270.2567,0.0048,-0.0147,-0.1026,0.3079,0.0000,0.0000,0.0000,0.0000,0.0000,1,0,0,0,0,0.0003
54.3098,185.2042,0.0864,102.8924,0.0001,0.0002,0.0000,0.0001,0.0000,270.2570,0.0044,-0.0147,-0.1026,0.3079,0.0000,0.0000,0.0000,0.0000,0.0000,1,0,0,0,0,0.0002
54.3648,185.2043,0.0864,102.8924,0.0001,0.0002,0.0000,0.0001,0.0000,270.2573,0.0050,-0.0147,-0.1026,0.3079,0.0000,0.0000,0.0000,0.0000,0.0000,1,0,0,0,0,0.0003
54.4204,185.2043,0.0864,102.8924,0.0001,0.0002,0.0000,0.0001,0.0000,270.2576,0.0055,-0.0147,-0.1026,0.3079,0.0000,0.0000,0.0000,0.0000,0.0000,1,0,0,0,0,0.0003
54.4763,185.2043,0.0864,102.8924,0.0001,0.0002,0.0000,0.0001,0.0000,270.2579,0.0055,-0.0147,-0.1026,0.3079,0.0000,0.0000,0.0000,0.0000,0.0000,1,0,0,0,0,0.0003
54.5318,185.2042,0.0864,102.8924,0.0001,0.0002,0.0000,0.0001,0.0000,270.2582,0.0055,-0.0147,-0.1026,0.3079,0.0000,0.0000,0.0000,0.0000,0.0000,1,0,0,0,0,0.0003
54.5871,185.2042,0.0864,102.8924,0.0001,0.0002,0.0000,0.0001,0.0000,270.2584,0.0044,-0.0147,-0.1026,0.3079,0.0000,0.0000,0.0000,0.0000,0.0000,1,0,0,0,0,0.0002
54.6446,185.2042,0.0864,102.8924,0.0001,0.0002,0.0000,0.0001,0.0000,270.2586,0.0037,-0.0147,-0.1026,0.3079,0.0000,0.0000,0.0000,0.0000,0.0000,1,0,0,0,0,0.0002
54.7122,185.2042,0.0864,102.8924,0.0001,0.0002,0.0000,0.0001,0.0000,270.2589,0.0036,-0.0147,-0.1026,0.3079,0.0000,0.0000,0.0000,0.0000,0.0000,1,0,0,0,0,0.0002
54.7825,185.2043,0.0864,102.8924,0.0001,0.0002,0.0000,0.0001,0.0000,270.2591,0.0035,-0.0147,-0.1026,0.3079,0.0000,0.0000,0.0000,0.0000,0.0000,1,0,0,0,0,0.0002
54.8509,185.2042,0.0864,102.8924,0.0001,0.0002,0.0000,0.0001,0.0000,270.2593,0.0031,-0.0147,-0.1026,0.3079,0.0000,0.0000,0.0000,0.0000,0.0000,1,0,0,0,0,0.0002
54.9209,185.2042,0.0864,102.8924,0.0001,0.0002,0.0000,0.0001,0.0000,270.2596,0.0031,-0.0147,-0.1026,0.3079,0.0000,0.0000,0.0000,0.0000,0.0000,1,0,0,0,0,0.0002
54.9769,185.2042,0.0864,102.8923,0.0001,0.0002,0.0000,0.0001,0.0000,270.2597,0.0027,-0.0147,-0.1026,0.3079,0.0000,0.0000,0.0000,0.0000,0.0000,1,0,0,0,0,0.0002
55.0321,185.2042,0.0864,102.8924,0.0001,0.0002,0.0000,0.0001,0.0000,270.2599,0.0033,-0.0147,-0.1026,0.3079,0.0000,0.0000,0.0000,0.0000,0.0000,1,0,0,0,0,0.0002
55.0887,185.2042,0.0864,102.8924,0.0001,0.0002,0.0000,0.0001,0.0000,270.2601,0.0032,-0.0147,-0.1026,0.3079,0.0000,0.0000,0.0000,0.0000,0.0000,1,0,0,0,0,0.0002
55.1433,185.2042,0.0864,102.8924,0.0001,0.0002,0.0000,0.0001,0.0000,270.2603,0.0034,-0.0147,-0.1026,0.3079,0.0000,0.0000,0.0000,0.0000,0.0000,1,0,0,0,0,0.0002
55.1987,185.2042,0.0864,102.8924,0.0001,0.0002,0.0000,0.0001,0.0000,270.2604,0.0033,-0.0147,-0.1026,0.3079,0.0000,0.0000,0.0000,0.0000,0.0000,1,0,0,0,0,0.0002
55.2537,185.2042,0.0864,102.8923,0.0001,0.0002,0.0000,0.0001,0.0000,270.2607,0.0039,-0.0147,-0.1026,0.3079,0.0000,0.0000,0.0000,0.0000,0.0000,1,0,0,0,0,0.0002
55.3238,185.2042,0.0864,102.8924,0.0001,0.0002,0.0000,0.0001,0.0000,270.2609,0.0039,-0.0147,-0.1026,0.3079,0.0000,0.0000,0.0000,0.0000,0.0000,1,0,0,0,0,0.0002
55.3788,185.2042,0.0864,102.8924,0.0001,0.0002,0.0000,0.0001,0.0000,270.2611,0.0039,-0.0147,-0.1026,0.3079,0.0000,0.0000,0.0000,0.0000,0.0000,1,0,0,0,0,0.0002
55.4496,185.2042,0.0864,102.8924,0.0001,0.0002,0.0000,0.0001,0.0000,270.2614,0.0034,-0.0147,-0.1026,0.3079,0.0000,0.0000,0.0000,0.0000,0.0000,1,0,0,0,0,0.0002
55.5043,185.2042,0.0864,102.8924,0.0001,0.0002,0.0000,0.0001,0.0000,270.2617,0.0050,-0.0147,-0.1026,0.3079,0.0000,0.0000,0.0000,0.0000,0.0000,1,0,0,0,0,0.0003
55.5660,185.2042,0.0864,102.8924,0.0001,0.0002,0.0000,0.0001,0.0000,270.2620,0.0049,-0.0147,-0.1026,0.3079,0.0000,0.0000,0.0000,0.0000,0.0000,1,0,0,0,0,0.0003
55.6297,185.2042,0.0864,102.8924,0.0001,0.0002,0.0000,0.0001,0.0000,270.2623,0.0053,-0.0147,-0.1026,0.3079,0.0000,0.0000,0.0000,0.0000,0.0000,1,0,0,0,0,0.0003
55.6865,185.2042,0.0864,102.8924,0.0001,0.0002,0.0000,0.0001,0.0000,270.2626,0.0059,-0.0147,-0.1026,0.3079,0.0000,0.0000,0.0000,0.0000,0.0000,1,0,0,0,0,0.0003
55.7404,185.2042,0.0864,102.8924,0.0001,0.0002,0.0000,0.0001,0.0000,270.2629,0.0057,-0.0147,-0.1026,0.3079,0.0000,0.0000,0.0000,0.0000,0.0000,1,0,0,0,0,0.0003
55.7958,185.2042,0.0864,102.8924,0.0001,0.0002,0.0000,0.0001,0.0000,270.2632,0.0044,-0.0147,-0.1026,0.3079,0.0000,0.0000,0.0000,0.0000,0.0000,1,0,0,0,0,0.0002
55.8798,185.2042,0.0864,102.8924,0.0001,0.0002,0.0000,0.0001,0.0000,270.2637,0.0058,-0.0147,-0.1026,0.3079,0.0000,0.0000,0.0000,0.0000,0.0000,1,0,0,0,0,0.0003
55.9496,185.2042,0.0864,102.8924,0.0001,0.0002,0.0000,0.0001,0.0000,270.2640,0.0053,-0.0147,-0.1026,0.3079,0.0000,0.0000,0.0000,0.0000,0.0000,1,0,0,0,0,0.0003
56.0060,185.2042,0.0864,102.8924,0.0001,0.0002,0.0000,0.0001,0.0000,270.2643,0.0054,-0.0147,-0.1026,0.3079,0.0000,0.0000,0.0000,0.0000,0.0000,1,0,0,0,0,0.0003
56.0596,185.2043,0.0864,102.8924,0.0001,0.0002,0.0000,0.0001,0.0000,270.2646,0.0057,-0.0147,-0.1026,0.3079,0.0000,0.0000,0.0000,0.0000,0.0000,1,0,0,0,0,0.0003
56.1162,185.2042,0.0864,102.8924,0.0001,0.0002,0.0000,0.0001,0.0000,270.2650,0.0059,-0.0147,-0.1026,0.3079,0.0000,0.0000,0.0000,0.0000,0.0000,1,0,0,0,0,0.0003
56.1705,185.2043,0.0864,102.8924,0.0001,0.0002,0.0000,0.0001,0.0000,270.2653,0.0062,-0.0147,-0.1026,0.3079,0.0000,0.0000,0.0000,0.0000,0.0000,1,0,0,0,0,0.0003
56.2268,185.2043,0.0864,102.8924,0.0001,0.0002,0.0000,0.0001,0.0000,270.2656,0.0054,-0.0147,-0.1026,0.3079,0.0000,0.0000,0.0000,0.0000,0.0000,1,0,0,0,0,0.0003
56.2829,185.2042,0.0864,102.8924,0.0001,0.0002,0.0000,0.0001,0.0000,270.2659,0.0054,-0.0147,-0.1026,0.3079,0.0000,0.0000,0.0000,0.0000,0.0000,1,0,0,0,0,0.0003
56.3379,185.2042,0.0864,102.8923,0.0001,0.0002,0.0000,0.0001,0.0000,270.2663,0.0067,-0.0147,-0.1026,0.3079,0.0000,0.0000,0.0000,0.0000,0.0000,1,0,0,0,0,0.0004
56.4217,185.2042,0.0864,102.8924,0.0001,0.0002,0.0000,0.0001,0.0000,270.2668,0.0062,-0.0147,-0.1026,0.3079,0.0000,0.0000,0.0000,0.0000,0.0000,1,0,0,0,0,0.0003
56.4765,185.2042,0.0864,102.8924,0.0001,0.0002,0.0000,0.0001,0.0000,270.2671,0.0045,-0.0147,-0.1026,0.3079,0.0000,0.0000,0.0000,0.0000,0.0000,1,0,0,0,0,0.0002
56.5316,185.2042,0.0864,102.8924,0.0001,0.0002,0.0000,0.0001,0.0000,270.2673,0.0050,-0.0147,-0.1026,0.3079,0.0000,0.0000,0.0000,0.0000,0.0000,1,0,0,0,0,0.0003
56.5874,185.2042,0.0864,102.8924,0.0001,0.0002,0.0000,0.0001,0.0000,270.2676,0.0055,-0.0147,-0.1026,0.3079,0.0000,0.0000,0.0000,0.0000,0.0000,1,0,0,0,0,0.0003
56.6452,185.2043,0.0864,102.8924,0.0001,0.0002,0.0000,0.0001,0.0000,270.2680,0.0063,-0.0147,-0.1026,0.3079,0.0000,0.0000,0.0000,0.0000,0.0000,1,0,0,0,0,0.0004
56.6984,185.2043,0.0864,102.8924,0.0001,0.0002,0.0000,0.0001,0.0000,270.2682,0.0040,-0.0147,-0.1026,0.3079,0.0000,0.0000,0.0000,0.0000,0.0000,1,0,0,0,0,0.0002
56.7541,185.2042,0.0864,102.8924,0.0001,0.0002,0.0000,0.0001,0.0000,270.2685,0.0049,-0.0147,-0.1026,0.3079,0.0000,0.0000,0.0000,0.0000,0.0000,1,0,0,0,0,0.0003
56.8093,185.2042,0.0864,102.8924,0.0001,0.0002,0.0000,0.0001,0.0000,270.2688,0.0055,-0.0147,-0.1026,0.3079,0.0000,0.0000,0.0000,0.0000,0.0000,1,0,0,0,0,0.0003
56.8652,185.2042,0.0864,102.8924,0.0001,0.0002,0.0000,0.0001,0.0000,270.2691,0.0055,-0.0147,-0.1026,0.3079,0.0000,0.0000,0.0000,0.0000,0.0000,1,0,0,0,0,0.0003
56.9212,185.2042,0.0864,102.8924,0.0001,0.0002,0.0000,0.0001,0.0000,270.2694,0.0054,-0.0147,-0.1026,0.3079,0.0000,0.0000,0.0000,0.0000,0.0000,1,0,0,0,0,0.0003
56.9927,185.2042,0.0864,102.8924,0.0001,0.0002,0.0000,0.0001,0.0000,270.2697,0.0034,-0.0147,-0.1026,0.3079,0.0000,0.0000,0.0000,0.0000,0.0000,1,0,0,0,0,0.0002
57.0459,185.2043,0.0864,102.8924,0.0001,0.0002,0.0000,0.0001,0.0000,270.2698,0.0034,-0.0147,-0.1026,0.3079,0.0000,0.0000,0.0000,0.0000,0.0000,1,0,0,0,0,0.0002
57.1050,185.2042,0.0864,102.8924,0.0001,0.0002,0.0000,0.0001,0.0000,270.2701,0.0041,-0.0147,-0.1026,0.3079,0.0000,0.0000,0.0000,0.0000,0.0000,1,0,0,0,0,0.0002
57.1569,185.2043,0.0864,102.8924,0.0001,0.0002,0.0000,0.0001,0.0000,270.2703,0.0035,-0.0147,-0.1026,0.3079,0.0000,0.0000,0.0000,0.0000,0.0000,1,0,0,0,0,0.0002
57.2133,185.2043,0.0864,102.8924,0.0001,0.0002,0.0000,0.0001,0.0000,270.2704,0.0033,-0.0147,-0.1026,0.3079,0.0000,0.0000,0.0000,0.0000,0.0000,1,0,0,0,0,0.0002
57.2680,185.2043,0.0864,102.8924,0.0001,0.0002,0.0000,0.0001,0.0000,270.2706,0.0033,-0.0147,-0.1026,0.3079,0.0000,0.0000,0.0000,0.0000,0.0000,1,0,0,0,0,0.0002
57.3242,185.2042,0.0864,102.8923,0.0001,0.0002,0.0000,0.0001,0.0000,270.2708,0.0038,-0.0147,-0.1026,0.3079,0.0000,0.0000,0.0000,0.0000,0.0000,1,0,0,0,0,0.0002
57.3807,185.2043,0.0864,102.8924,0.0001,0.0002,0.0000,0.0001,0.0000,270.2711,0.0038,-0.0147,-0.1026,0.3079,0.0000,0.0000,0.0000,0.0000,0.0000,1,0,0,0,0,0.0002
57.4344,185.2043,0.0864,102.8924,0.0001,0.0002,0.0000,0.0001,0.0000,270.2712,0.0034,-0.0147,-0.1026,0.3079,0.0000,0.0000,0.0000,0.0000,0.0000,1,0,0,0,0,0.0002
57.5055,185.2042,0.0864,102.8924,0.0001,0.0002,0.0000,0.0001,0.0000,270.2715,0.0034,-0.0147,-0.1026,0.3079,0.0000,0.0000,0.0000,0.0000,0.0000,1,0,0,0,0,0.0002
57.5600,185.2042,0.0864,102.8924,0.0001,0.0002,0.0000,0.0001,0.0000,270.2717,0.0034,-0.0147,-0.1026,0.3079,0.0000,0.0000,0.0000,0.0000,0.0000,1,0,0,0,0,0.0002
57.6167,185.2043,0.0864,102.8924,0.0001,0.0002,0.0000,0.0001,0.0000,270.2719,0.0038,-0.0147,-0.1026,0.3079,0.0000,0.0000,0.0000,0.0000,0.0000,1,0,0,0,0,0.0002
57.6735,185.2042,0.0864,102.8924,0.0001,0.0002,0.0000,0.0001,0.0000,270.2721,0.0032,-0.0147,-0.1026,0.3079,0.0000,0.0000,0.0000,0.0000,0.0000,1,0,0,0,0,0.0002
57.7269,185.2042,0.0864,102.8924,0.0001,0.0002,0.0000,0.0001,0.0000,270.2722,0.0029,-0.0147,-0.1026,0.3079,0.0000,0.0000,0.0000,0.0000,0.0000,1,0,0,0,0,0.0002
57.7825,185.2042,0.0864,102.8924,0.0001,0.0002,0.0000,0.0001,0.0000,270.2725,0.0055,-0.0147,-0.1026,0.3079,0.0000,0.0000,0.0000,0.0000,0.0000,1,0,0,0,0,0.0003
57.8381,185.2042,0.0864,102.8923,0.0001,0.0002,0.0000,0.0001,0.0000,270.2728,0.0055,-0.0147,-0.1026,0.3079,0.0000,0.0000,0.0000,0.0000,0.0000,1,0,0,0,0,0.0003
57.8938,185.2042,0.0864,102.8924,0.0001,0.0002,0.0000,0.0001,0.0000,270.2731,0.0055,-0.0147,-0.1026,0.3079,0.0000,0.0000,0.0000,0.0000,0.0000,1,0,0,0,0,0.0003
57.9490,185.2042,0.0864,102.8924,0.0001,0.0002,0.0000,0.0001,0.0000,270.2734,0.0055,-0.0147,-0.1026,0.3079,0.0000,0.0000,0.0000,0.0000,0.0000,1,0,0,0,0,0.0003
58.0042,185.2042,0.0864,102.8924,0.0001,0.0002,0.0000,0.0001,0.0000,270.2737,0.0044,-0.0147,-0.1026,0.3079,0.0000,0.0000,0.0000,0.0000,0.0000,1,0,0,0,0,0.0002
58.0687,185.2042,0.0864,102.8924,0.0001,0.0002,0.0000,0.0001,0.0000,270.2740,0.0047,-0.0147,-0.1026,0.3079,0.0000,0.0000,0.0000,0.0000,0.0000,1,0,0,0,0,0.0003
58.1452,185.2042,0.0864,102.8924,0.0001,0.0002,0.0000,0.0001,0.0000,270.2744,0.0056,-0.0147,-0.1026,0.3079,0.0000,0.0000,0.0000,0.0000,0.0000,1,0,0,0,0,0.0003
58.2030,185.2042,0.0864,102.8924,0.0001,0.0002,0.0000,0.0001,0.0000,270.2747,0.0053,-0.0147,-0.1026,0.3079,0.0000,0.0000,0.0000,0.0000,0.0000,1,0,0,0,0,0.0003
58.2559,185.2042,0.0864,102.8924,0.0001,0.0002,0.0000,0.0001,0.0000,270.2750,0.0058,-0.0147,-0.1026,0.3079,0.0000,0.0000,0.0000,0.0000,0.0000,1,0,0,0,0,0.0003
58.3111,185.2042,0.0864,102.8924,0.0001,0.0002,0.0000,0.0001,0.0000,270.2753,0.0050,-0.0147,-0.1026,0.3079,0.0000,0.0000,0.0000,0.0000,0.0000,1,0,0,0,0,0.0003
58.3707,185.2042,0.0864,102.8924,0.0001,0.0002,0.0000,0.0001,0.0000,270.2756,0.0051,-0.0147,-0.1026,0.3079,0.0000,0.0000,0.0000,0.0000,0.0000,1,0,0,0,0,0.0003
58.4218,185.2042,0.0864,102.8923,0.0001,0.0002,0.0000,0.0001,0.0000,270.2759,0.0066,-0.0147,-0.1026,0.3079,0.0000,0.0000,0.0000,0.0000,0.0000,1,0,0,0,0,0.0004
58.4819,185.2042,0.0864,102.8924,0.0001,0.0002,0.0000,0.0001,0.0000,270.2762,0.0051,-0.0147,-0.1026,0.3079,0.0000,0.0000,0.0000,0.0000,0.0000,1,0,0,0,0,0.0003
58.5387,185.2042,0.0864,102.8923,0.0001,0.0002,0.0000,0.0001,0.0000,270.2766,0.0059,-0.0147,-0.1026,0.3079,0.0000,0.0000,0.0000,0.0000,0.0000,1,0,0,0,0,0.0003
58.6034,185.2042,0.0864,102.8924,0.0001,0.0002,0.0000,0.0001,0.0000,270.2770,0.0061,-0.0147,-0.1026,0.3079,0.0000,0.0000,0.0000,0.0000,0.0000,1,0,0,0,0,0.0003
58.6603,185.2042,0.0864,102.8924,0.0001,0.0002,0.0000,0.0001,0.0000,270.2773,0.0059,-0.0147,-0.1026,0.3079,0.0000,0.0000,0.0000,0.0000,0.0000,1,0,0,0,0,0.0003
58.7146,185.2042,0.0864,102.8924,0.0001,0.0002,0.0000,0.0001,0.0000,270.2776,0.0062,-0.0147,-0.1026,0.3079,0.0000,0.0000,0.0000,0.0000,0.0000,1,0,0,0,0,0.0003
58.7693,185.2042,0.0864,102.8924,0.0001,0.0002,0.0000,0.0001,0.0000,270.2780,0.0067,-0.0147,-0.1026,0.3079,0.0000,0.0000,0.0000,0.0000,0.0000,1,0,0,0,0,0.0004
58.8237,185.2042,0.0864,102.8923,0.0001,0.0002,0.0000,0.0001,0.0000,270.2783,0.0056,-0.0147,-0.1026,0.3079,0.0000,0.0000,0.0000,0.0000,0.0000,1,0,0,0,0,0.0003
58.8797,185.2042,0.0864,102.8924,0.0001,0.0002,0.0000,0.0001,0.0000,270.2786,0.0054,-0.0147,-0.1026,0.3079,0.0000,0.0000,0.0000,0.0000,0.0000,1,0,0,0,0,0.0003
58.9361,185.2042,0.0864,102.8924,0.0001,0.0002,0.0000,0.0001,0.0000,270.2789,0.0054,-0.0147,-0.1026,0.3079,0.0000,0.0000,0.0000,0.0000,0.0000,1,0,0,0,0,0.0003
59.2783,185.2042,0.0864,102.8924,0.0001,0.0002,0.0000,0.0001,0.0000,270.2805,0.0046,0.0000,0.0000,0.0000,0.0000,0.0000,0.0000,0.0000,0.0000,1,0,0,0,0,0.0003
