time,position_x,position_y,position_z,speed_ms,speed_kmh,forward_speed,sideways_speed,acceleration_ms2,yaw,yaw_rate,raw_steer_x,raw_throttle_y,raw_brake_z,steer_input,handlebar_angle,steer_rate,throttle,brake,is_grounded,harsh_brake,harsh_steer,high_side_slip,high_yaw_rate,risk_score
0.2592,185.2043,0.0864,102.8924,0.0001,0.0003,0.0000,0.0001,0.0003,270.0020,0.0075,0.0000,0.0000,0.0000,0.0000,0.0000,0.0000,0.0000,0.0000,1,0,0,0,0,0.0004
0.3469,185.2042,0.0864,102.8924,0.0001,0.0003,0.0000,0.0001,0.0000,270.0026,0.0066,0.0000,0.0000,0.0000,0.0000,0.0000,0.0000,0.0000,0.0000,1,0,0,0,0,0.0004
0.5989,185.2042,0.0864,102.8924,0.0000,0.0000,0.0000,0.0000,-0.0003,270.0029,0.0015,0.0000,0.0000,0.0000,0.0000,0.0000,0.0000,0.0000,0.0000,1,0,0,0,0,0.0001
0.6652,185.2042,0.0864,102.8924,0.0000,0.0000,0.0000,0.0000,0.0000,270.0029,0.0000,0.0000,0.0000,0.0000,0.0000,0.0000,0.0000,0.0000,0.0000,1,0,0,0,0,0.0000
0.7200,185.2042,0.0864,102.8924,0.0000,0.0000,0.0000,0.0000,0.0000,270.0029,0.0000,0.0000,0.0000,0.0000,0.0000,0.0000,0.0000,0.0000,0.0000,1,0,0,0,0,0.0000
0.7749,185.2042,0.0864,102.8924,0.0000,0.0000,0.0000,0.0000,0.0000,270.0029,0.0000,0.0000,0.0000,0.0000,0.0000,0.0000,0.0000,0.0000,0.0000,1,0,0,0,0,0.0000
0.8329,185.2042,0.0864,102.8924,0.0000,0.0000,0.0000,0.0000,0.0000,270.0029,0.0000,0.0000,0.0000,0.0000,0.0000,0.0000,0.0000,0.0000,0.0000,1,0,0,0,0,0.0000
0.8860,185.2042,0.0864,102.8924,0.0000,0.0000,0.0000,0.0000,0.0000,270.0029,0.0000,0.0000,0.0000,0.0000,0.0000,0.0000,0.0000,0.0000,0.0000,1,0,0,0,0,0.0000
0.9415,185.2042,0.0864,102.8924,0.0000,0.0000,0.0000,0.0000,0.0000,270.0029,0.0000,0.0000,0.0000,0.0000,0.0000,0.0000,0.0000,0.0000,0.0000,1,0,0,0,0,0.0000
0.9971,185.2042,0.0864,102.8924,0.0000,0.0000,0.0000,0.0000,0.0000,270.0029,0.0000,0.0000,0.0000,0.0000,0.0000,0.0000,0.0000,0.0000,0.0000,1,0,0,0,0,0.0000
1.0524,185.2042,0.0864,102.8924,0.0000,0.0000,0.0000,0.0000,0.0000,270.0029,0.0000,0.0000,0.0000,0.0000,0.0000,0.0000,0.0000,0.0000,0.0000,1,0,0,0,0,0.0000
1.1225,185.2042,0.0864,102.8924,0.0000,0.0000,0.0000,0.0000,0.0000,270.0029,0.0000,0.0000,0.0000,0.0000,0.0000,0.0000,0.0000,0.0000,0.0000,1,0,0,0,0,0.0000
1.1777,185.2042,0.0864,102.8924,0.0000,0.0000,0.0000,0.0000,0.0000,270.0029,0.0000,0.0000,0.0000,0.0000,0.0000,0.0000,0.0000,0.0000,0.0000,1,0,0,0,0,0.0000
1.2342,185.2042,0.0864,102.8924,0.0000,0.0000,0.0000,0.0000,0.0000,270.0029,0.0000,0.0000,0.0000,0.0000,0.0000,0.0000,0.0000,0.0000,0.0000,1,0,0,0,0,0.0000
1.2886,185.2042,0.0864,102.8924,0.0000,0.0000,0.0000,0.0000,0.0000,270.0029,0.0000,0.0000,0.0000,0.0000,0.0000,0.0000,0.0000,0.0000,0.0000,1,0,0,0,0,0.0000
1.3452,185.2042,0.0864,102.8924,0.0000,0.0000,0.0000,0.0000,0.0000,270.0029,0.0000,0.0000,0.0000,0.0000,0.0000,0.0000,0.0000,0.0000,0.0000,1,0,0,0,0,0.0000
1.4061,185.2042,0.0864,102.8924,0.0000,0.0000,0.0000,0.0000,0.0000,270.0029,0.0000,0.0000,0.0000,0.0000,0.0000,0.0000,0.0000,0.0000,0.0000,1,0,0,0,0,0.0000
1.4828,185.2042,0.0864,102.8924,0.0000,0.0000,0.0000,0.0000,0.0000,270.0029,0.0000,0.0000,0.0000,0.0000,0.0000,0.0000,0.0000,0.0000,0.0000,1,0,0,0,0,0.0000
1.5393,185.2042,0.0864,102.8924,0.0000,0.0000,0.0000,0.0000,0.0000,270.0029,0.0000,0.0000,0.0000,0.0000,0.0000,0.0000,0.0000,0.0000,0.0000,1,0,0,0,0,0.0000
1.6087,185.2042,0.0864,102.8924,0.0000,0.0000,0.0000,0.0000,0.0000,270.0029,0.0000,0.0000,0.0000,0.0000,0.0000,0.0000,0.0000,0.0000,0.0000,1,0,0,0,0,0.0000
1.6635,185.2042,0.0864,102.8924,0.0000,0.0000,0.0000,0.0000,0.0000,270.0029,0.0000,0.0000,0.0000,0.0000,0.0000,0.0000,0.0000,0.0000,0.0000,1,0,0,0,0,0.0000
1.7333,185.2042,0.0864,102.8924,0.0000,0.0000,0.0000,0.0000,0.0000,270.0029,0.0000,0.0000,0.0000,0.0000,0.0000,0.0000,0.0000,0.0000,0.0000,1,0,0,0,0,0.0000
1.7886,185.2042,0.0864,102.8924,0.0000,0.0000,0.0000,0.0000,0.0000,270.0029,0.0000,0.0000,0.0000,0.0000,0.0000,0.0000,0.0000,0.0000,0.0000,1,0,0,0,0,0.0000
1.8609,185.2042,0.0864,102.8924,0.0000,0.0000,0.0000,0.0000,0.0000,270.0029,0.0000,0.0000,0.0000,0.0000,0.0000,0.0000,0.0000,0.0000,0.0000,1,0,0,0,0,0.0000
1.9161,185.2042,0.0864,102.8924,0.0000,0.0000,0.0000,0.0000,0.0000,270.0029,0.0000,0.0000,0.0000,0.0000,0.0000,0.0000,0.0000,0.0000,0.0000,1,0,0,0,0,0.0000
1.9692,185.2042,0.0864,102.8924,0.0000,0.0000,0.0000,0.0000,0.0000,270.0029,0.0000,0.0000,0.0000,0.0000,0.0000,0.0000,0.0000,0.0000,0.0000,1,0,0,0,0,0.0000
2.0245,185.2042,0.0864,102.8924,0.0000,0.0000,0.0000,0.0000,0.0000,270.0029,0.0000,0.0000,0.0000,0.0000,0.0000,0.0000,0.0000,0.0000,0.0000,1,0,0,0,0,0.0000
2.0802,185.2042,0.0864,102.8924,0.0000,0.0000,0.0000,0.0000,0.0000,270.0029,0.0000,0.0000,0.0000,0.0000,0.0000,0.0000,0.0000,0.0000,0.0000,1,0,0,0,0,0.0000
2.1497,185.2042,0.0864,102.8924,0.0000,0.0000,0.0000,0.0000,0.0000,270.0029,0.0000,0.0000,0.0000,0.0000,0.0000,0.0000,0.0000,0.0000,0.0000,1,0,0,0,0,0.0000
2.2051,185.2042,0.0864,102.8924,0.0000,0.0000,0.0000,0.0000,0.0000,270.0029,0.0000,0.0000,0.0000,0.0000,0.0000,0.0000,0.0000,0.0000,0.0000,1,0,0,0,0,0.0000
2.2604,185.2042,0.0864,102.8924,0.0000,0.0000,0.0000,0.0000,0.0000,270.0029,0.0000,0.0000,0.0000,0.0000,0.0000,0.0000,0.0000,0.0000,0.0000,1,0,0,0,0,0.0000
2.3161,185.2042,0.0864,102.8924,0.0000,0.0000,0.0000,0.0000,0.0000,270.0029,0.0000,0.0000,0.0000,0.0000,0.0000,0.0000,0.0000,0.0000,0.0000,1,0,0,0,0,0.0000
2.3868,185.2042,0.0864,102.8924,0.0000,0.0000,0.0000,0.0000,0.0000,270.0029,0.0000,0.0000,0.0000,0.0000,0.0000,0.0000,0.0000,0.0000,0.0000,1,0,0,0,0,0.0000
2.4552,185.2042,0.0864,102.8924,0.0000,0.0000,0.0000,0.0000,0.0000,270.0029,0.0000,0.0000,0.0000,0.0000,0.0000,0.0000,0.0000,0.0000,0.0000,1,0,0,0,0,0.0000
2.5283,185.2042,0.0864,102.8924,0.0000,0.0000,0.0000,0.0000,0.0000,270.0029,0.0000,0.0000,0.0000,0.0000,0.0000,0.0000,0.0000,0.0000,0.0000,1,0,0,0,0,0.0000
2.5808,185.2042,0.0864,102.8924,0.0000,0.0000,0.0000,0.0000,0.0000,270.0029,0.0000,0.0000,0.0000,0.0000,0.0000,0.0000,0.0000,0.0000,0.0000,1,0,0,0,0,0.0000
2.6365,185.2042,0.0864,102.8924,0.0000,0.0000,0.0000,0.0000,0.0000,270.0029,0.0000,0.0000,0.0000,0.0000,0.0000,0.0000,0.0000,0.0000,0.0000,1,0,0,0,0,0.0000
2.7052,185.2042,0.0864,102.8924,0.0000,0.0000,0.0000,0.0000,0.0000,270.0029,0.0000,0.0000,0.0000,0.0000,0.0000,0.0000,0.0000,0.0000,0.0000,1,0,0,0,0,0.0000
2.7608,185.2042,0.0864,102.8924,0.0000,0.0000,0.0000,0.0000,0.0000,270.0029,0.0000,0.0000,0.0000,0.0000,0.0000,0.0000,0.0000,0.0000,0.0000,1,0,0,0,0,0.0000
2.8162,185.2042,0.0864,102.8924,0.0000,0.0000,0.0000,0.0000,0.0000,270.0029,0.0000,0.0000,0.0000,0.0000,0.0000,0.0000,0.0000,0.0000,0.0000,1,0,0,0,0,0.0000
2.8719,185.2042,0.0864,102.8924,0.0000,0.0000,0.0000,0.0000,0.0000,270.0029,0.0000,0.0000,0.0000,0.0000,0.0000,0.0000,0.0000,0.0000,0.0000,1,0,0,0,0,0.0000
2.9306,185.2042,0.0864,102.8924,0.0000,0.0000,0.0000,0.0000,0.0000,270.0029,0.0000,0.0000,0.0000,0.0000,0.0000,0.0000,0.0000,0.0000,0.0000,1,0,0,0,0,0.0000
2.9828,185.2042,0.0864,102.8924,0.0000,0.0000,0.0000,0.0000,0.0000,270.0029,0.0000,0.0000,0.0000,0.0000,0.0000,0.0000,0.0000,0.0000,0.0000,1,0,0,0,0,0.0000
3.0387,185.2042,0.0864,102.8924,0.0000,0.0000,0.0000,0.0000,0.0000,270.0029,0.0000,0.0000,0.0000,0.0000,0.0000,0.0000,0.0000,0.0000,0.0000,1,0,0,0,0,0.0000
3.0939,185.2042,0.0864,102.8924,0.0000,0.0000,0.0000,0.0000,0.0000,270.0029,0.0000,0.0000,0.0000,0.0000,0.0000,0.0000,0.0000,0.0000,0.0000,1,0,0,0,0,0.0000
3.1498,185.2042,0.0864,102.8924,0.0000,0.0000,0.0000,0.0000,0.0000,270.0029,0.0000,0.0000,0.0000,0.0000,0.0000,0.0000,0.0000,0.0000,0.0000,1,0,0,0,0,0.0000
3.2057,185.2042,0.0864,102.8924,0.0000,0.0000,0.0000,0.0000,0.0000,270.0029,0.0000,0.0000,0.0000,0.0000,0.0000,0.0000,0.0000,0.0000,0.0000,1,0,0,0,0,0.0000
3.2607,185.2042,0.0864,102.8924,0.0000,0.0000,0.0000,0.0000,0.0000,270.0029,0.0000,0.0000,0.0000,0.0000,0.0000,0.0000,0.0000,0.0000,0.0000,1,0,0,0,0,0.0000
3.3177,185.2042,0.0864,102.8924,0.0000,0.0000,0.0000,0.0000,0.0000,270.0029,0.0000,0.0000,0.0000,0.0000,0.0000,0.0000,0.0000,0.0000,0.0000,1,0,0,0,0,0.0000
3.3730,185.2042,0.0864,102.8924,0.0000,0.0000,0.0000,0.0000,0.0000,270.0029,0.0000,0.0000,0.0000,0.0000,0.0000,0.0000,0.0000,0.0000,0.0000,1,0,0,0,0,0.0000
3.4289,185.2042,0.0864,102.8924,0.0000,0.0000,0.0000,0.0000,0.0000,270.0029,0.0000,0.0000,0.0000,0.0000,0.0000,0.0000,0.0000,0.0000,0.0000,1,0,0,0,0,0.0000
3.4977,185.2042,0.0864,102.8924,0.0000,0.0000,0.0000,0.0000,0.0000,270.0029,0.0000,0.0000,0.0000,0.0000,0.0000,0.0000,0.0000,0.0000,0.0000,1,0,0,0,0,0.0000
3.5533,185.2042,0.0864,102.8924,0.0000,0.0000,0.0000,0.0000,0.0000,270.0029,0.0000,0.0000,0.0000,0.0000,0.0000,0.0000,0.0000,0.0000,0.0000,1,0,0,0,0,0.0000
3.6087,185.2042,0.0864,102.8924,0.0000,0.0000,0.0000,0.0000,0.0000,270.0029,0.0000,0.0000,0.0000,0.0000,0.0000,0.0000,0.0000,0.0000,0.0000,1,0,0,0,0,0.0000
3.6645,185.2042,0.0864,102.8924,0.0000,0.0000,0.0000,0.0000,0.0000,270.0029,0.0000,0.0000,0.0000,0.0000,0.0000,0.0000,0.0000,0.0000,0.0000,1,0,0,0,0,0.0000
3.7204,185.2042,0.0864,102.8924,0.0000,0.0000,0.0000,0.0000,0.0000,270.0029,0.0000,0.0000,0.0000,0.0000,0.0000,0.0000,0.0000,0.0000,0.0000,1,0,0,0,0,0.0000
3.7893,185.2042,0.0864,102.8924,0.0000,0.0000,0.0000,0.0000,0.0000,270.0029,0.0000,0.0000,0.0000,0.0000,0.0000,0.0000,0.0000,0.0000,0.0000,1,0,0,0,0,0.0000
3.8448,185.2042,0.0864,102.8924,0.0000,0.0000,0.0000,0.0000,0.0000,270.0029,0.0000,0.0000,0.0000,0.0000,0.0000,0.0000,0.0000,0.0000,0.0000,1,0,0,0,0,0.0000
3.9005,185.2042,0.0864,102.8924,0.0000,0.0000,0.0000,0.0000,0.0000,270.0029,0.0000,0.0000,0.0000,0.0000,0.0000,0.0000,0.0000,0.0000,0.0000,1,0,0,0,0,0.0000
3.9561,185.2042,0.0864,102.8924,0.0000,0.0000,0.0000,0.0000,0.0000,270.0029,0.0000,0.0000,0.0000,0.0000,0.0000,0.0000,0.0000,0.0000,0.0000,1,0,0,0,0,0.0000
4.0119,185.2042,0.0864,102.8924,0.0000,0.0000,0.0000,0.0000,0.0000,270.0029,0.0000,0.0000,0.0000,0.0000,0.0000,0.0000,0.0000,0.0000,0.0000,1,0,0,0,0,0.0000
4.0818,185.2042,0.0864,102.8924,0.0000,0.0000,0.0000,0.0000,0.0000,270.0029,0.0000,0.0000,0.0000,0.0000,0.0000,0.0000,0.0000,0.0000,0.0000,1,0,0,0,0,0.0000
4.1511,185.2042,0.0864,102.8924,0.0000,0.0000,0.0000,0.0000,0.0000,270.0029,0.0000,0.0000,0.0000,0.0000,0.0000,0.0000,0.0000,0.0000,0.0000,1,0,0,0,0,0.0000
4.2064,185.2042,0.0864,102.8924,0.0000,0.0000,0.0000,0.0000,0.0000,270.0029,0.0000,0.0000,0.0000,0.0000,0.0000,0.0000,0.0000,0.0000,0.0000,1,0,0,0,0,0.0000
4.2613,185.2042,0.0864,102.8924,0.0000,0.0000,0.0000,0.0000,0.0000,270.0029,0.0000,0.0000,0.0000,0.0000,0.0000,0.0000,0.0000,0.0000,0.0000,1,0,0,0,0,0.0000
4.3165,185.2042,0.0864,102.8924,0.0000,0.0000,0.0000,0.0000,0.0000,270.0029,0.0000,0.0000,0.0000,0.0000,0.0000,0.0000,0.0000,0.0000,0.0000,1,0,0,0,0,0.0000
4.3726,185.2042,0.0864,102.8924,0.0000,0.0000,0.0000,0.0000,0.0000,270.0029,0.0000,0.0000,0.0000,0.0000,0.0000,0.0000,0.0000,0.0000,0.0000,1,0,0,0,0,0.0000
4.4281,185.2042,0.0864,102.8924,0.0000,0.0000,0.0000,0.0000,0.0000,270.0029,0.0000,0.0000,0.0000,0.0000,0.0000,0.0000,0.0000,0.0000,0.0000,1,0,0,0,0,0.0000
4.4850,185.2042,0.0864,102.8924,0.0000,0.0000,0.0000,0.0000,0.0000,270.0029,0.0000,0.0000,0.0000,0.0000,0.0000,0.0000,0.0000,0.0000,0.0000,1,0,0,0,0,0.0000
4.5523,185.2042,0.0864,102.8924,0.0000,0.0000,0.0000,0.0000,0.0000,270.0029,0.0000,0.0000,0.0000,0.0000,0.0000,0.0000,0.0000,0.0000,0.0000,1,0,0,0,0,0.0000
4.6107,185.2042,0.0864,102.8924,0.0000,0.0000,0.0000,0.0000,0.0000,270.0029,0.0000,0.0000,0.0000,0.0000,0.0000,0.0000,0.0000,0.0000,0.0000,1,0,0,0,0,0.0000
4.6651,185.2042,0.0864,102.8924,0.0000,0.0000,0.0000,0.0000,0.0000,270.0029,0.0000,0.0000,0.0000,0.0000,0.0000,0.0000,0.0000,0.0000,0.0000,1,0,0,0,0,0.0000
4.7189,185.2042,0.0864,102.8924,0.0000,0.0000,0.0000,0.0000,0.0000,270.0029,0.0000,0.0000,0.0000,0.0000,0.0000,0.0000,0.0000,0.0000,0.0000,1,0,0,0,0,0.0000
4.7745,185.2042,0.0864,102.8924,0.0000,0.0000,0.0000,0.0000,0.0000,270.0029,0.0000,0.0000,0.0000,0.0000,0.0000,0.0000,0.0000,0.0000,0.0000,1,0,0,0,0,0.0000
4.8300,185.2042,0.0864,102.8924,0.0000,0.0000,0.0000,0.0000,0.0000,270.0029,0.0000,0.0000,0.0000,0.0000,0.0000,0.0000,0.0000,0.0000,0.0000,1,0,0,0,0,0.0000
4.8855,185.2042,0.0864,102.8924,0.0000,0.0000,0.0000,0.0000,0.0000,270.0029,0.0000,0.0000,0.0000,0.0000,0.0000,0.0000,0.0000,0.0000,0.0000,1,0,0,0,0,0.0000
4.9420,185.2042,0.0864,102.8924,0.0000,0.0000,0.0000,0.0000,0.0000,270.0029,0.0000,0.0000,0.0000,0.0000,0.0000,0.0000,0.0000,0.0000,0.0000,1,0,0,0,0,0.0000
5.0003,185.2042,0.0864,102.8924,0.0000,0.0000,0.0000,0.0000,0.0000,270.0029,0.0000,0.0000,0.0000,0.0000,0.0000,0.0000,0.0000,0.0000,0.0000,1,0,0,0,0,0.0000
5.0533,185.2042,0.0864,102.8924,0.0000,0.0000,0.0000,0.0000,0.0000,270.0029,0.0000,0.0000,0.0000,0.0000,0.0000,0.0000,0.0000,0.0000,0.0000,1,0,0,0,0,0.0000
5.1079,185.2042,0.0864,102.8924,0.0000,0.0000,0.0000,0.0000,0.0000,270.0029,0.0000,0.0000,0.0000,0.0000,0.0000,0.0000,0.0000,0.0000,0.0000,1,0,0,0,0,0.0000
5.1639,185.2042,0.0864,102.8924,0.0000,0.0000,0.0000,0.0000,0.0000,270.0029,0.0000,0.0000,0.0000,0.0000,0.0000,0.0000,0.0000,0.0000,0.0000,1,0,0,0,0,0.0000
5.2189,185.2042,0.0864,102.8924,0.0000,0.0000,0.0000,0.0000,0.0000,270.0029,0.0000,0.0000,0.0000,0.0000,0.0000,0.0000,0.0000,0.0000,0.0000,1,0,0,0,0,0.0000
5.2779,185.2042,0.0864,102.8924,0.0000,0.0000,0.0000,0.0000,0.0000,270.0029,0.0000,0.0000,0.0000,0.0000,0.0000,0.0000,0.0000,0.0000,0.0000,1,0,0,0,0,0.0000
5.3308,185.2042,0.0864,102.8924,0.0000,0.0000,0.0000,0.0000,0.0000,270.0029,0.0000,0.0000,0.0000,0.0000,0.0000,0.0000,0.0000,0.0000,0.0000,1,0,0,0,0,0.0000
5.3862,185.2042,0.0864,102.8924,0.0000,0.0000,0.0000,0.0000,0.0000,270.0029,0.0000,0.0000,0.0000,0.0000,0.0000,0.0000,0.0000,0.0000,0.0000,1,0,0,0,0,0.0000
5.4420,185.2042,0.0864,102.8924,0.0000,0.0000,0.0000,0.0000,0.0000,270.0029,0.0000,0.0000,0.0000,0.0000,0.0000,0.0000,0.0000,0.0000,0.0000,1,0,0,0,0,0.0000
5.4968,185.2042,0.0864,102.8924,0.0000,0.0000,0.0000,0.0000,0.0000,270.0029,0.0000,0.0000,0.0000,0.0000,0.0000,0.0000,0.0000,0.0000,0.0000,1,0,0,0,0,0.0000
5.5522,185.2042,0.0864,102.8924,0.0000,0.0000,0.0000,0.0000,0.0000,270.0029,0.0000,0.0000,0.0000,0.0000,0.0000,0.0000,0.0000,0.0000,0.0000,1,0,0,0,0,0.0000
5.6078,185.2042,0.0864,102.8924,0.0000,0.0000,0.0000,0.0000,0.0000,270.0029,0.0000,0.0000,0.0000,0.0000,0.0000,0.0000,0.0000,0.0000,0.0000,1,0,0,0,0,0.0000
5.6654,185.2042,0.0864,102.8924,0.0000,0.0000,0.0000,0.0000,0.0000,270.0029,0.0000,0.0000,0.0000,0.0000,0.0000,0.0000,0.0000,0.0000,0.0000,1,0,0,0,0,0.0000
5.7330,185.2042,0.0864,102.8924,0.0000,0.0000,0.0000,0.0000,0.0000,270.0029,0.0000,0.0000,0.0000,0.0000,0.0000,0.0000,0.0000,0.0000,0.0000,1,0,0,0,0,0.0000
5.7886,185.2042,0.0864,102.8924,0.0000,0.0000,0.0000,0.0000,0.0000,270.0029,0.0000,0.0000,0.0000,0.0000,0.0000,0.0000,0.0000,0.0000,0.0000,1,0,0,0,0,0.0000
5.8451,185.2042,0.0864,102.8924,0.0000,0.0000,0.0000,0.0000,0.0000,270.0029,0.0000,0.0000,0.0000,0.0000,0.0000,0.0000,0.0000,0.0000,0.0000,1,0,0,0,0,0.0000
5.9006,185.2042,0.0864,102.8924,0.0000,0.0000,0.0000,0.0000,0.0000,270.0029,0.0000,0.0000,0.0000,0.0000,0.0000,0.0000,0.0000,0.0000,0.0000,1,0,0,0,0,0.0000
5.9558,185.2042,0.0864,102.8924,0.0000,0.0000,0.0000,0.0000,0.0000,270.0029,0.0000,0.0000,0.0000,0.0000,0.0000,0.0000,0.0000,0.0000,0.0000,1,0,0,0,0,0.0000
6.0113,185.2042,0.0864,102.8924,0.0000,0.0000,0.0000,0.0000,0.0000,270.0029,0.0000,0.0000,0.0000,0.0000,0.0000,0.0000,0.0000,0.0000,0.0000,1,0,0,0,0,0.0000
6.0668,185.2042,0.0864,102.8924,0.0000,0.0000,0.0000,0.0000,0.0000,270.0029,0.0000,0.0000,0.0000,0.0000,0.0000,0.0000,0.0000,0.0000,0.0000,1,0,0,0,0,0.0000
6.1216,185.2042,0.0864,102.8924,0.0000,0.0000,0.0000,0.0000,0.0000,270.0029,0.0000,0.0000,0.0000,0.0000,0.0000,0.0000,0.0000,0.0000,0.0000,1,0,0,0,0,0.0000
6.1776,185.2042,0.0864,102.8924,0.0000,0.0000,0.0000,0.0000,0.0000,270.0029,0.0000,0.0000,0.0000,0.0000,0.0000,0.0000,0.0000,0.0000,0.0000,1,0,0,0,0,0.0000
6.2334,185.2042,0.0864,102.8924,0.0000,0.0000,0.0000,0.0000,0.0000,270.0029,0.0000,0.0000,0.0000,0.0000,0.0000,0.0000,0.0000,0.0000,0.0000,1,0,0,0,0,0.0000
6.2892,185.2042,0.0864,102.8924,0.0000,0.0000,0.0000,0.0000,0.0000,270.0029,0.0000,0.0000,0.0000,0.0000,0.0000,0.0000,0.0000,0.0000,0.0000,1,0,0,0,0,0.0000
6.3444,185.2042,0.0864,102.8924,0.0000,0.0000,0.0000,0.0000,0.0000,270.0029,0.0000,0.0000,0.0000,0.0000,0.0000,0.0000,0.0000,0.0000,0.0000,1,0,0,0,0,0.0000
6.3999,185.2042,0.0864,102.8924,0.0000,0.0000,0.0000,0.0000,0.0000,270.0029,0.0000,0.0000,0.0000,0.0000,0.0000,0.0000,0.0000,0.0000,0.0000,1,0,0,0,0,0.0000
6.4550,185.2042,0.0864,102.8924,0.0000,0.0000,0.0000,0.0000,0.0000,270.0029,0.0000,0.0000,0.0000,0.0000,0.0000,0.0000,0.0000,0.0000,0.0000,1,0,0,0,0,0.0000
6.5105,185.2042,0.0864,102.8924,0.0000,0.0000,0.0000,0.0000,0.0000,270.0029,0.0000,0.0000,0.0000,0.0000,0.0000,0.0000,0.0000,0.0000,0.0000,1,0,0,0,0,0.0000
6.5679,185.2042,0.0864,102.8924,0.0000,0.0000,0.0000,0.0000,0.0000,270.0029,0.0000,0.0000,0.0000,0.0000,0.0000,0.0000,0.0000,0.0000,0.0000,1,0,0,0,0,0.0000
6.6233,185.2042,0.0864,102.8924,0.0000,0.0000,0.0000,0.0000,0.0000,270.0029,0.0000,0.0000,0.0000,0.0000,0.0000,0.0000,0.0000,0.0000,0.0000,1,0,0,0,0,0.0000
6.6776,185.2042,0.0864,102.8924,0.0000,0.0000,0.0000,0.0000,0.0000,270.0029,0.0000,0.0000,0.0000,0.0000,0.0000,0.0000,0.0000,0.0000,0.0000,1,0,0,0,0,0.0000
6.7341,185.2042,0.0864,102.8924,0.0000,0.0000,0.0000,0.0000,0.0000,270.0029,0.0000,0.0000,0.0000,0.0000,0.0000,0.0000,0.0000,0.0000,0.0000,1,0,0,0,0,0.0000
6.7893,185.2042,0.0864,102.8924,0.0000,0.0000,0.0000,0.0000,0.0000,270.0029,0.0000,0.0000,0.0000,0.0000,0.0000,0.0000,0.0000,0.0000,0.0000,1,0,0,0,0,0.0000
6.8453,185.2042,0.0864,102.8924,0.0000,0.0000,0.0000,0.0000,0.0000,270.0029,0.0000,0.0000,0.0000,0.0000,0.0000,0.0000,0.0000,0.0000,0.0000,1,0,0,0,0,0.0000
6.8998,185.2042,0.0864,102.8924,0.0000,0.0000,0.0000,0.0000,0.0000,270.0029,0.0000,0.0000,0.0000,0.0000,0.0000,0.0000,0.0000,0.0000,0.0000,1,0,0,0,0,0.0000
6.9714,185.2042,0.0864,102.8924,0.0000,0.0000,0.0000,0.0000,0.0000,270.0029,0.0000,0.0000,0.0000,0.0000,0.0000,0.0000,0.0000,0.0000,0.0000,1,0,0,0,0,0.0000
7.0255,185.2042,0.0864,102.8924,0.0000,0.0000,0.0000,0.0000,0.0000,270.0029,0.0000,0.0000,0.0000,0.0000,0.0000,0.0000,0.0000,0.0000,0.0000,1,0,0,0,0,0.0000
7.0804,185.2042,0.0864,102.8924,0.0000,0.0000,0.0000,0.0000,0.0000,270.0029,0.0000,0.0000,0.0000,0.0000,0.0000,0.0000,0.0000,0.0000,0.0000,1,0,0,0,0,0.0000
7.1359,185.2042,0.0864,102.8924,0.0000,0.0000,0.0000,0.0000,0.0000,270.0029,0.0000,0.0000,0.0000,0.0000,0.0000,0.0000,0.0000,0.0000,0.0000,1,0,0,0,0,0.0000
7.2031,185.2042,0.0864,102.8924,0.0000,0.0000,0.0000,0.0000,0.0000,270.0029,0.0000,0.0000,0.0000,0.0000,0.0000,0.0000,0.0000,0.0000,0.0000,1,0,0,0,0,0.0000
7.4106,185.2042,0.0864,102.8924,0.0000,0.0000,0.0000,0.0000,0.0000,270.0029,0.0000,0.0000,0.0000,0.0000,0.0000,0.0000,0.0000,0.0000,0.0000,1,0,0,0,0,0.0000
7.4701,185.2042,0.0864,102.8924,0.0000,0.0000,0.0000,0.0000,0.0000,270.0029,0.0000,0.0000,0.0000,0.0000,0.0000,0.0000,0.0000,0.0000,0.0000,1,0,0,0,0,0.0000
7.5259,185.2042,0.0864,102.8924,0.0000,0.0000,0.0000,0.0000,0.0000,270.0029,0.0000,0.0000,0.0000,0.0000,0.0000,0.0000,0.0000,0.0000,0.0000,1,0,0,0,0,0.0000
7.5805,185.2042,0.0864,102.8924,0.0000,0.0000,0.0000,0.0000,0.0000,270.0029,0.0000,0.0000,0.0000,0.0000,0.0000,0.0000,0.0000,0.0000,0.0000,1,0,0,0,0,0.0000
7.6387,185.2042,0.0864,102.8924,0.0000,0.0000,0.0000,0.0000,0.0000,270.0029,0.0000,0.0000,0.0000,0.0000,0.0000,0.0000,0.0000,0.0000,0.0000,1,0,0,0,0,0.0000
7.6934,185.2042,0.0864,102.8924,0.0000,0.0000,0.0000,0.0000,0.0000,270.0029,0.0000,0.0000,0.0000,0.0000,0.0000,0.0000,0.0000,0.0000,0.0000,1,0,0,0,0,0.0000
7.7474,185.2042,0.0864,102.8924,0.0000,0.0000,0.0000,0.0000,0.0000,270.0029,0.0000,0.0000,0.0000,0.0000,0.0000,0.0000,0.0000,0.0000,0.0000,1,0,0,0,0,0.0000
7.8050,185.2042,0.0864,102.8924,0.0000,0.0000,0.0000,0.0000,0.0000,270.0029,0.0000,0.0000,0.0000,0.0000,0.0000,0.0000,0.0000,0.0000,0.0000,1,0,0,0,0,0.0000
7.8611,185.2042,0.0864,102.8924,0.0000,0.0000,0.0000,0.0000,0.0000,270.0029,0.0000,0.0000,0.0000,0.0000,0.0000,0.0000,0.0000,0.0000,0.0000,1,0,0,0,0,0.0000
7.9145,185.2042,0.0864,102.8924,0.0000,0.0000,0.0000,0.0000,0.0000,270.0029,0.0000,0.0000,0.0000,0.0000,0.0000,0.0000,0.0000,0.0000,0.0000,1,0,0,0,0,0.0000
7.9716,185.2042,0.0864,102.8924,0.0000,0.0000,0.0000,0.0000,0.0000,270.0029,0.0000,0.0000,0.0000,0.0000,0.0000,0.0000,0.0000,0.0000,0.0000,1,0,0,0,0,0.0000
8.0247,185.2042,0.0864,102.8924,0.0000,0.0000,0.0000,0.0000,0.0000,270.0029,0.0000,0.0000,0.0000,0.0000,0.0000,0.0000,0.0000,0.0000,0.0000,1,0,0,0,0,0.0000
8.0811,185.2042,0.0864,102.8924,0.0000,0.0000,0.0000,0.0000,0.0000,270.0029,0.0000,0.0000,0.0000,0.0000,0.0000,0.0000,0.0000,0.0000,0.0000,1,0,0,0,0,0.0000
8.1358,185.2042,0.0864,102.8924,0.0000,0.0000,0.0000,0.0000,0.0000,270.0029,0.0000,0.0000,0.0000,0.0000,0.0000,0.0000,0.0000,0.0000,0.0000,1,0,0,0,0,0.0000
8.1931,185.2042,0.0864,102.8924,0.0000,0.0000,0.0000,0.0000,0.0000,270.0029,0.0000,0.0000,0.0000,0.0000,0.0000,0.0000,0.0000,0.0000,0.0000,1,0,0,0,0,0.0000
8.2470,185.2042,0.0864,102.8924,0.0000,0.0000,0.0000,0.0000,0.0000,270.0029,0.0000,0.0000,0.0000,0.0000,0.0000,0.0000,0.0000,0.0000,0.0000,1,0,0,0,0,0.0000
8.3171,185.2042,0.0864,102.8924,0.0000,0.0000,0.0000,0.0000,0.0000,270.0029,0.0000,0.0000,0.0000,0.0000,0.0000,0.0000,0.0000,0.0000,0.0000,1,0,0,0,0,0.0000
8.3723,185.2042,0.0864,102.8924,0.0000,0.0000,0.0000,0.0000,0.0000,270.0029,0.0000,0.0000,0.0000,0.0000,0.0000,0.0000,0.0000,0.0000,0.0000,1,0,0,0,0,0.0000
8.4314,185.2042,0.0864,102.8924,0.0000,0.0000,0.0000,0.0000,0.0000,270.0029,0.0000,0.0000,0.0000,0.0000,0.0000,0.0000,0.0000,0.0000,0.0000,1,0,0,0,0,0.0000
8.4849,185.2042,0.0864,102.8924,0.0000,0.0000,0.0000,0.0000,0.0000,270.0029,0.0000,0.0000,0.0000,0.0000,0.0000,0.0000,0.0000,0.0000,0.0000,1,0,0,0,0,0.0000
8.5393,185.2042,0.0864,102.8924,0.0000,0.0000,0.0000,0.0000,0.0000,270.0029,0.0000,0.0000,0.0000,0.0000,0.0000,0.0000,0.0000,0.0000,0.0000,1,0,0,0,0,0.0000
8.5975,185.2042,0.0864,102.8924,0.0000,0.0000,0.0000,0.0000,0.0000,270.0029,0.0000,0.0000,0.0000,0.0000,0.0000,0.0000,0.0000,0.0000,0.0000,1,0,0,0,0,0.0000
8.6502,185.2042,0.0864,102.8924,0.0000,0.0000,0.0000,0.0000,0.0000,270.0029,0.0000,0.0000,0.0000,0.0000,0.0000,0.0000,0.0000,0.0000,0.0000,1,0,0,0,0,0.0000
8.7076,185.2042,0.0864,102.8924,0.0000,0.0000,0.0000,0.0000,0.0000,270.0029,0.0000,0.0000,0.0000,0.0000,0.0000,0.0000,0.0000,0.0000,0.0000,1,0,0,0,0,0.0000
8.7614,185.2042,0.0864,102.8924,0.0000,0.0000,0.0000,0.0000,0.0000,270.0029,0.0000,0.0000,0.0000,0.0000,0.0000,0.0000,0.0000,0.0000,0.0000,1,0,0,0,0,0.0000
8.8197,185.2042,0.0864,102.8924,0.0000,0.0000,0.0000,0.0000,0.0000,270.0029,0.0000,0.0000,0.0000,0.0000,0.0000,0.0000,0.0000,0.0000,0.0000,1,0,0,0,0,0.0000
8.8725,185.2042,0.0864,102.8924,0.0000,0.0000,0.0000,0.0000,0.0000,270.0029,0.0000,0.0000,0.0000,0.0000,0.0000,0.0000,0.0000,0.0000,0.0000,1,0,0,0,0,0.0000
8.9417,185.2042,0.0864,102.8924,0.0000,0.0000,0.0000,0.0000,0.0000,270.0029,0.0000,0.0000,0.0000,0.0000,0.0000,0.0000,0.0000,0.0000,0.0000,1,0,0,0,0,0.0000
8.9978,185.2042,0.0864,102.8924,0.0000,0.0000,0.0000,0.0000,0.0000,270.0029,0.0000,0.0000,0.0000,0.0000,0.0000,0.0000,0.0000,0.0000,0.0000,1,0,0,0,0,0.0000
9.0671,185.2042,0.0864,102.8924,0.0000,0.0000,0.0000,0.0000,0.0000,270.0029,0.0000,0.0000,0.0000,0.0000,0.0000,0.0000,0.0000,0.0000,0.0000,1,0,0,0,0,0.0000
9.1229,185.2042,0.0864,102.8924,0.0000,0.0000,0.0000,0.0000,0.0000,270.0029,0.0000,0.0000,0.0000,0.0000,0.0000,0.0000,0.0000,0.0000,0.0000,1,0,0,0,0,0.0000
9.1783,185.2042,0.0864,102.8924,0.0000,0.0000,0.0000,0.0000,0.0000,270.0029,0.0000,0.0000,0.0000,0.0000,0.0000,0.0000,0.0000,0.0000,0.0000,1,0,0,0,0,0.0000
9.2339,185.2042,0.0864,102.8924,0.0000,0.0000,0.0000,0.0000,0.0000,270.0029,0.0000,0.0000,0.0000,0.0000,0.0000,0.0000,0.0000,0.0000,0.0000,1,0,0,0,0,0.0000
9.2891,185.2042,0.0864,102.8924,0.0000,0.0000,0.0000,0.0000,0.0000,270.0029,0.0000,0.0000,0.0000,0.0000,0.0000,0.0000,0.0000,0.0000,0.0000,1,0,0,0,0,0.0000
9.3449,185.2042,0.0864,102.8924,0.0000,0.0000,0.0000,0.0000,0.0000,270.0029,0.0000,0.0000,0.0000,0.0000,0.0000,0.0000,0.0000,0.0000,0.0000,1,0,0,0,0,0.0000
9.4004,185.2042,0.0864,102.8924,0.0000,0.0000,0.0000,0.0000,0.0000,270.0029,0.0000,0.0000,0.0000,0.0000,0.0000,0.0000,0.0000,0.0000,0.0000,1,0,0,0,0,0.0000
9.4552,185.2042,0.0864,102.8924,0.0000,0.0000,0.0000,0.0000,0.0000,270.0029,0.0000,0.0000,0.0000,0.0000,0.0000,0.0000,0.0000,0.0000,0.0000,1,0,0,0,0,0.0000
9.5120,185.2042,0.0864,102.8924,0.0000,0.0000,0.0000,0.0000,0.0000,270.0029,0.0000,0.0000,0.0000,0.0000,0.0000,0.0000,0.0000,0.0000,0.0000,1,0,0,0,0,0.0000
9.5663,185.2042,0.0864,102.8924,0.0000,0.0000,0.0000,0.0000,0.0000,270.0029,0.0000,0.0000,0.0000,0.0000,0.0000,0.0000,0.0000,0.0000,0.0000,1,0,0,0,0,0.0000
9.6169,185.2042,0.0864,102.8924,0.0000,0.0000,0.0000,0.0000,0.0000,270.0029,0.0000,0.0000,0.0000,0.0000,0.0000,0.0000,0.0000,0.0000,0.0000,1,0,0,0,0,0.0000
9.6780,185.2042,0.0864,102.8924,0.0000,0.0000,0.0000,0.0000,0.0000,270.0029,0.0000,0.0000,0.0000,0.0000,0.0000,0.0000,0.0000,0.0000,0.0000,1,0,0,0,0,0.0000
9.7335,185.2042,0.0864,102.8924,0.0000,0.0000,0.0000,0.0000,0.0000,270.0029,0.0000,0.0000,0.0000,0.0000,0.0000,0.0000,0.0000,0.0000,0.0000,1,0,0,0,0,0.0000
9.7965,185.2042,0.0864,102.8924,0.0000,0.0000,0.0000,0.0000,0.0000,270.0029,0.0000,0.0000,0.0000,0.0000,0.0000,0.0000,0.0000,0.0000,0.0000,1,0,0,0,0,0.0000
9.8736,185.2042,0.0864,102.8924,0.0000,0.0000,0.0000,0.0000,0.0000,270.0029,0.0000,0.0000,0.0000,0.0000,0.0000,0.0000,0.0000,0.0000,0.0000,1,0,0,0,0,0.0000
9.9303,185.2042,0.0864,102.8924,0.0000,0.0000,0.0000,0.0000,0.0000,270.0029,0.0000,0.0000,0.0000,0.0000,0.0000,0.0000,0.0000,0.0000,0.0000,1,0,0,0,0,0.0000
9.9836,185.2042,0.0864,102.8924,0.0000,0.0000,0.0000,0.0000,0.0000,270.0029,0.0000,0.0000,0.0000,0.0000,0.0000,0.0000,0.0000,0.0000,0.0000,1,0,0,0,0,0.0000
10.0417,185.2042,0.0864,102.8924,0.0000,0.0000,0.0000,0.0000,0.0000,270.0029,0.0000,0.0000,0.0000,0.0000,0.0000,0.0000,0.0000,0.0000,0.0000,1,0,0,0,0,0.0000
10.0950,185.2042,0.0864,102.8924,0.0000,0.0000,0.0000,0.0000,0.0000,270.0029,0.0000,0.0000,0.0000,0.0000,0.0000,0.0000,0.0000,0.0000,0.0000,1,0,0,0,0,0.0000
10.1496,185.2042,0.0864,102.8924,0.0000,0.0000,0.0000,0.0000,0.0000,270.0029,0.0000,0.0000,0.0000,0.0000,0.0000,0.0000,0.0000,0.0000,0.0000,1,0,0,0,0,0.0000
10.2192,185.2042,0.0864,102.8924,0.0000,0.0000,0.0000,0.0000,0.0000,270.0029,0.0000,0.0000,0.0000,0.0000,0.0000,0.0000,0.0000,0.0000,0.0000,1,0,0,0,0,0.0000
10.2753,185.2042,0.0864,102.8924,0.0000,0.0000,0.0000,0.0000,0.0000,270.0029,0.0000,0.0000,0.0000,0.0000,0.0000,0.0000,0.0000,0.0000,0.0000,1,0,0,0,0,0.0000
10.3316,185.2042,0.0864,102.8924,0.0000,0.0000,0.0000,0.0000,0.0000,270.0029,0.0000,0.0000,0.0000,0.0000,0.0000,0.0000,0.0000,0.0000,0.0000,1,0,0,0,0,0.0000
10.3860,185.2042,0.0864,102.8924,0.0000,0.0000,0.0000,0.0000,0.0000,270.0029,0.0000,0.0000,0.0000,0.0000,0.0000,0.0000,0.0000,0.0000,0.0000,1,0,0,0,0,0.0000
10.4432,185.2042,0.0864,102.8924,0.0000,0.0000,0.0000,0.0000,0.0000,270.0029,0.0000,0.0000,0.0000,0.0000,0.0000,0.0000,0.0000,0.0000,0.0000,1,0,0,0,0,0.0000
10.4981,185.2042,0.0864,102.8924,0.0000,0.0000,0.0000,0.0000,0.0000,270.0029,0.0000,0.0000,0.0000,0.0000,0.0000,0.0000,0.0000,0.0000,0.0000,1,0,0,0,0,0.0000
10.5536,185.2042,0.0864,102.8924,0.0000,0.0000,0.0000,0.0000,0.0000,270.0029,0.0000,0.0000,0.0000,0.0000,0.0000,0.0000,0.0000,0.0000,0.0000,1,0,0,0,0,0.0000
10.6269,185.2042,0.0864,102.8924,0.0000,0.0000,0.0000,0.0000,0.0000,270.0029,0.0000,0.0000,0.0000,0.0000,0.0000,0.0000,0.0000,0.0000,0.0000,1,0,0,0,0,0.0000
10.6776,185.2042,0.0864,102.8924,0.0000,0.0000,0.0000,0.0000,0.0000,270.0029,0.0000,0.0000,0.0000,0.0000,0.0000,0.0000,0.0000,0.0000,0.0000,1,0,0,0,0,0.0000
10.7334,185.2042,0.0864,102.8924,0.0000,0.0000,0.0000,0.0000,0.0000,270.0029,0.0000,0.0000,0.0000,0.0000,0.0000,0.0000,0.0000,0.0000,0.0000,1,0,0,0,0,0.0000
10.7891,185.2042,0.0864,102.8924,0.0000,0.0000,0.0000,0.0000,0.0000,270.0029,0.0000,0.0000,0.0000,0.0000,0.0000,0.0000,0.0000,0.0000,0.0000,1,0,0,0,0,0.0000
10.8588,185.2042,0.0864,102.8924,0.0000,0.0000,0.0000,0.0000,0.0000,270.0029,0.0000,0.0000,0.0000,0.0000,0.0000,0.0000,0.0000,0.0000,0.0000,1,0,0,0,0,0.0000
10.9179,185.2042,0.0864,102.8924,0.0000,0.0000,0.0000,0.0000,0.0000,270.0029,0.0000,0.0000,0.0000,0.0000,0.0000,0.0000,0.0000,0.0000,0.0000,1,0,0,0,0,0.0000
10.9692,185.2042,0.0864,102.8924,0.0000,0.0000,0.0000,0.0000,0.0000,270.0029,0.0000,0.0000,0.0000,0.0000,0.0000,0.0000,0.0000,0.0000,0.0000,1,0,0,0,0,0.0000
11.0212,185.2042,0.0864,102.8924,0.0001,0.0003,0.0000,0.0001,0.0016,270.0031,0.0023,0.0000,0.0000,0.0000,0.0000,0.0000,0.0000,0.0000,0.0000,1,0,0,0,0,0.0001
11.0816,185.2042,0.0864,102.8924,0.0001,0.0003,0.0000,0.0001,0.0000,270.0035,0.0081,0.0000,0.0000,0.0000,0.0000,0.0000,0.0000,0.0000,0.0000,1,0,0,0,0,0.0004
11.1358,185.2042,0.0864,102.8924,0.0001,0.0003,0.0000,0.0001,0.0000,270.0039,0.0073,0.0000,0.0000,0.0000,0.0000,0.0000,0.0000,0.0000,0.0000,1,0,0,0,0,0.0004
11.2064,185.2042,0.0864,102.8924,0.0001,0.0003,0.0000,0.0001,0.0000,270.0045,0.0073,0.0000,0.0000,0.0000,0.0000,0.0000,0.0000,0.0000,0.0000,1,0,0,0,0,0.0004
11.2648,185.2042,0.0864,102.8924,0.0001,0.0003,0.0000,0.0001,0.0000,270.0049,0.0073,0.0000,0.0000,0.0000,0.0000,0.0000,0.0000,0.0000,0.0000,1,0,0,0,0,0.0004
11.3187,185.2042,0.0864,102.8924,0.0001,0.0003,0.0000,0.0001,0.0000,270.0053,0.0085,0.0000,0.0000,0.0000,0.0000,0.0000,0.0000,0.0000,0.0000,1,0,0,0,0,0.0005
11.3730,185.2042,0.0864,102.8924,0.0001,0.0003,0.0000,0.0001,0.0000,270.0058,0.0079,0.0000,0.0000,0.0000,0.0000,0.0000,0.0000,0.0000,0.0000,1,0,0,0,0,0.0004
11.4283,185.2042,0.0864,102.8924,0.0001,0.0003,0.0000,0.0001,0.0000,270.0062,0.0083,0.0000,0.0000,0.0000,0.0000,0.0000,0.0000,0.0000,0.0000,1,0,0,0,0,0.0005
11.4838,185.2042,0.0864,102.8924,0.0001,0.0003,0.0000,0.0001,0.0000,270.0067,0.0094,0.0000,0.0000,0.0000,0.0000,0.0000,0.0000,0.0000,0.0000,1,0,0,0,0,0.0005
11.5396,185.2042,0.0864,102.8924,0.0001,0.0003,0.0000,0.0001,0.0000,270.0072,0.0088,0.0000,0.0000,0.0000,0.0000,0.0000,0.0000,0.0000,0.0000,1,0,0,0,0,0.0005
11.6057,185.2042,0.0864,102.8924,0.0001,0.0003,0.0000,0.0001,0.0000,270.0078,0.0088,0.0000,0.0000,0.0000,0.0000,0.0000,0.0000,0.0000,0.0000,1,0,0,0,0,0.0005
11.6650,185.2042,0.0864,102.8924,0.0001,0.0003,0.0000,0.0001,0.0000,270.0082,0.0067,0.0000,0.0000,0.0000,0.0000,0.0000,0.0000,0.0000,0.0000,1,0,0,0,0,0.0004
11.7361,185.2042,0.0864,102.8924,0.0001,0.0003,0.0000,0.0001,0.0000,270.0088,0.0082,0.0000,0.0000,0.0000,0.0000,0.0000,0.0000,0.0000,0.0000,1,0,0,0,0,0.0005
11.7884,185.2042,0.0864,102.8924,0.0001,0.0003,0.0000,0.0001,0.0000,270.0092,0.0070,0.0000,0.0000,0.0000,0.0000,0.0000,0.0000,0.0000,0.0000,1,0,0,0,0,0.0004
11.8451,185.2042,0.0864,102.8924,0.0001,0.0003,0.0000,0.0001,0.0000,270.0095,0.0065,0.0000,0.0000,0.0000,0.0000,0.0000,0.0000,0.0000,0.0000,1,0,0,0,0,0.0004
11.9020,185.2042,0.0864,102.8924,0.0001,0.0003,0.0000,0.0001,0.0000,270.0099,0.0070,0.0000,0.0000,0.0000,0.0000,0.0000,0.0000,0.0000,0.0000,1,0,0,0,0,0.0004
11.9561,185.2043,0.0864,102.8924,0.0001,0.0003,0.0000,0.0001,0.0000,270.0103,0.0068,0.0000,0.0000,0.0000,0.0000,0.0000,0.0000,0.0000,0.0000,1,0,0,0,0,0.0004
12.0149,185.2042,0.0864,102.8924,0.0001,0.0003,0.0000,0.0001,0.0000,270.0107,0.0073,0.0000,0.0000,0.0000,0.0000,0.0000,0.0000,0.0000,0.0000,1,0,0,0,0,0.0004
12.0670,185.2042,0.0864,102.8924,0.0001,0.0003,0.0000,0.0001,0.0000,270.0112,0.0088,0.0000,0.0000,0.0000,0.0000,0.0000,0.0000,0.0000,0.0000,1,0,0,0,0,0.0005
12.1361,185.2042,0.0864,102.8924,0.0001,0.0003,0.0000,0.0001,0.0000,270.0117,0.0071,0.0000,0.0000,0.0000,0.0000,0.0000,0.0000,0.0000,0.0000,1,0,0,0,0,0.0004
12.2053,185.2042,0.0864,102.8924,0.0001,0.0003,0.0000,0.0001,0.0000,270.0122,0.0079,0.0000,0.0000,0.0000,0.0000,0.0000,0.0000,0.0000,0.0000,1,0,0,0,0,0.0004
12.2760,185.2042,0.0864,102.8924,0.0002,0.0007,0.0000,0.0002,0.0016,269.9923,-0.2812,-1.0000,1.0000,0.0000,-0.4447,-6.1275,86.5811,0.2097,0.0000,1,0,0,0,0,4.8257
12.3314,185.2042,0.0864,102.8923,0.0007,0.0025,-0.0002,0.0007,0.0088,269.7894,-3.6667,-1.0000,1.0000,0.0000,-0.6917,-21.0904,270.4245,0.5612,0.0000,1,0,0,0,0,10.2037
12.3874,185.2042,0.0864,102.8922,0.0012,0.0044,0.0002,0.0012,0.0096,269.3838,-7.2383,-1.0000,1.0000,0.0000,-0.8288,-34.3109,235.8933,0.7563,0.0000,1,0,0,0,0,10.4021
12.4430,185.2041,0.0864,102.8920,0.0016,0.0057,0.0004,0.0015,0.0063,268.8758,-9.1455,0.0000,1.0000,0.0000,-0.6953,-43.8881,172.4397,0.8647,0.0000,1,0,0,0,0,10.0881
12.4980,185.2041,0.0864,102.8918,0.0025,0.0090,0.0020,0.0015,0.0167,268.5333,-6.2251,0.0000,1.0000,0.0000,-0.3861,-38.7394,93.5715,0.9249,0.0000,1,0,0,0,0,5.5443
12.5665,185.2029,0.0864,102.8916,0.0393,0.1415,0.0393,0.0014,0.5371,268.2793,-3.7049,0.0000,1.0000,0.0000,-0.1694,-23.9936,215.0609,0.9670,0.0000,1,0,0,0,0,10.2058
12.6253,185.1995,0.0864,102.8913,0.0838,0.3017,0.0838,0.0017,0.7572,268.1857,-1.5927,0.0000,1.0000,0.0000,-0.0941,-15.7156,140.8652,0.9817,0.0000,1,0,0,0,0,7.9143
12.6774,185.1939,0.0864,102.8910,0.1359,0.4892,0.1359,0.0020,1.0002,268.1304,-1.0617,0.0000,1.0000,0.0000,-0.0522,-9.7542,114.5244,0.9898,0.0000,1,0,0,0,0,6.4215
12.7470,185.1823,0.0864,102.8904,0.2037,0.7332,0.2037,0.0023,0.9739,268.0430,-1.2556,-1.0000,1.0000,0.0000,-0.2355,-5.0599,67.4378,0.9950,0.0000,1,0,0,0,0,3.8163
12.8038,185.1691,0.0864,102.8897,0.2626,0.9455,0.2626,0.0019,1.0367,267.6849,-6.2953,-1.0000,1.0000,0.0000,-0.5755,-15.1321,177.0831,0.9972,0.0000,1,0,0,0,0,10.1877
12.8595,185.1529,0.0864,102.8888,0.3227,1.1616,0.3227,0.0014,1.0791,267.1320,-9.9374,-1.0000,1.0000,0.0000,-0.7643,-28.4258,238.9099,0.9985,0.0000,1,0,0,0,0,10.5521
12.9144,185.1335,0.0864,102.8876,0.3834,1.3801,0.3834,0.0008,1.1057,266.4652,-12.1500,-1.0000,1.0000,0.0000,-0.8691,-40.8774,226.9043,0.9991,0.0000,1,0,0,0,0,10.6750
12.9864,185.1032,0.0864,102.8853,0.4567,1.6439,0.4567,0.0000,1.0171,265.5777,-12.3155,-1.0000,1.0000,0.0000,-0.9354,-47.8234,96.3855,0.9996,0.0000,1,0,0,0,0,6.0389
13.0393,185.0773,0.0864,102.8831,0.5179,1.8645,0.5179,0.0004,1.1596,264.8465,-13.8397,0.0000,1.0000,0.0000,-0.7544,-52.8729,95.5734,0.9998,0.0000,1,0,0,0,0,6.0892
13.0944,185.0471,0.0864,102.8801,0.5793,2.0856,0.5793,0.0008,1.1128,264.3979,-8.1308,0.0000,1.0000,0.0000,-0.4189,-44.2761,155.8025,0.9999,0.0000,1,0,0,0,0,9.1278
13.1502,185.0131,0.0864,102.8766,0.6408,2.3068,0.6408,0.0020,1.1027,264.1437,-4.5599,0.0000,1.0000,0.0000,-0.2326,-28.8068,277.5480,0.9999,0.0000,1,0,0,0,0,10.3003
13.2052,184.9763,0.0864,102.8725,0.7021,2.5277,0.7021,0.0030,1.1156,263.9989,-2.6331,0.0000,1.0000,0.0000,-0.1292,-18.8596,180.8344,1.0000,0.0000,1,0,0,0,0,10.2098
13.2616,184.9365,0.0864,102.8680,0.6745,2.4281,0.6745,0.0037,-0.4907,263.9227,-1.3507,0.0000,0.0000,0.0000,-0.0717,-11.7793,125.5498,0.7026,0.0000,1,0,0,0,0,7.1329
13.3172,184.9074,0.0864,102.8646,0.3756,1.3521,0.3756,0.0037,-5.3734,263.8937,-0.5218,0.0000,0.0000,0.0000,-0.0398,-8.0621,66.8268,0.3901,0.0000,1,0,0,0,0,3.7416
13.3721,184.8952,0.0864,102.8631,0.1236,0.4449,0.1236,0.0023,-4.5906,263.8757,-0.3274,0.0000,1.0000,0.0000,-0.0221,-4.5586,63.8220,0.6613,0.0000,1,0,0,0,0,3.5639
13.4438,184.8922,0.0864,102.8626,0.0016,0.0056,0.0003,0.0015,-1.7009,263.8546,-0.2939,0.0000,1.0000,0.0000,-0.0097,-2.3871,30.2667,0.8514,0.0000,1,0,0,0,0,1.6978
13.4987,184.8921,0.0864,102.8624,0.0019,0.0067,0.0009,0.0016,0.0057,263.8394,-0.2786,0.0000,1.0000,0.0000,-0.0054,-1.3100,19.6243,0.9175,0.0000,1,0,0,0,0,1.1057
13.5532,184.8917,0.0864,102.8622,0.0199,0.0717,0.0199,0.0014,0.3313,263.8292,-0.1870,0.0000,1.0000,0.0000,-0.0030,-0.7498,10.2779,0.9542,0.0000,1,0,0,0,0,0.5814
13.6084,184.8899,0.0864,102.8618,0.0492,0.1771,0.0492,0.0015,0.5307,263.8239,-0.0963,0.0000,1.0000,0.0000,-0.0019,-0.4255,5.8812,0.9714,0.0000,1,0,0,0,0,0.3321
13.6779,184.8842,0.0864,102.8610,0.1166,0.4199,0.1166,0.0020,0.9698,263.8155,-0.1198,0.0000,1.0000,0.0000,-0.0008,-0.1950,3.3143,0.9874,0.0000,1,0,0,0,0,0.1908
13.7337,184.8764,0.0864,102.8600,0.1717,0.6180,0.1717,0.0023,0.9860,263.8100,-0.0995,0.0000,1.0000,0.0000,-0.0005,-0.1104,1.5146,0.9930,0.0000,1,0,0,0,0,0.0897
13.7888,184.8656,0.0864,102.8586,0.2295,0.8263,0.2295,0.0026,1.0504,263.8047,-0.0958,0.0000,1.0000,0.0000,-0.0003,-0.0627,0.8669,0.9961,0.0000,1,0,0,0,0,0.0535
13.8583,184.8474,0.0864,102.8563,0.3011,1.0839,0.3011,0.0027,1.0293,263.7482,-0.8128,-1.0000,1.0000,0.0000,-0.2098,-0.0295,0.4776,0.9981,0.0000,1,0,0,0,0,0.0717
13.9139,184.8292,0.0864,102.8541,0.3615,1.3015,0.3615,0.0020,1.0886,263.3968,-6.3274,-1.0000,1.0000,0.0000,-0.5612,-11.3827,204.4388,0.9989,0.0000,1,0,0,0,0,10.3515
13.9702,184.8072,0.0864,102.8513,0.4224,1.5208,0.4224,0.0011,1.0812,262.8408,-9.8697,-1.0000,1.0000,0.0000,-0.7564,-26.9114,275.6247,0.9994,0.0000,1,0,0,0,0,10.5483
14.0249,184.7827,0.0864,102.8479,0.4837,1.7412,0.4837,0.0015,1.1196,262.3990,-8.0763,0.0000,1.0000,0.0000,-0.4200,-32.4763,101.7409,0.9997,0.0000,1,0,0,0,0,6.1010
14.0807,184.7542,0.0864,102.8439,0.5450,1.9621,0.5450,0.0023,1.1005,262.1486,-4.4904,0.0000,1.0000,0.0000,-0.2332,-25.9109,117.7382,0.9998,0.0000,1,0,0,0,0,6.8537
14.1502,184.7141,0.0864,102.8380,0.6187,2.2272,0.6187,0.0032,1.0597,261.9856,-2.3455,0.0000,1.0000,0.0000,-0.1151,-16.5139,135.2256,0.9999,0.0000,1,0,0,0,0,7.7197
14.2196,184.6687,0.0864,102.8312,0.7047,2.5371,0.7047,0.0039,1.2384,261.8915,-1.3544,0.0000,1.0000,0.0000,-0.0505,-9.7325,97.5876,1.0000,0.0000,1,0,0,0,0,5.5806
14.2890,184.6182,0.0864,102.8236,0.7784,2.8024,0.7784,0.0044,1.0633,261.8505,-0.5922,0.0000,1.0000,0.0000,-0.0249,-5.1176,66.5796,1.0000,0.0000,1,0,0,0,0,3.8168
14.3475,184.5714,0.0864,102.8166,0.8400,3.0240,0.8400,0.0047,1.0507,261.8300,-0.3491,0.0000,1.0000,0.0000,-0.0138,-2.9900,36.3221,1.0000,0.0000,1,0,0,0,0,2.1215
14.4006,184.5257,0.0864,102.8097,0.9014,3.2451,0.9014,0.0050,1.1572,261.8163,-0.2587,0.0000,1.0000,0.0000,-0.0077,-1.7535,23.2927,1.0000,0.0000,1,0,0,0,0,1.3912
14.4561,184.4746,0.0864,102.8020,0.9630,3.4667,0.9630,0.0052,1.1097,261.8065,-0.1766,0.0000,1.0000,0.0000,-0.0043,-1.0021,13.5460,1.0000,0.0000,1,0,0,0,0,0.8433
14.5113,184.4205,0.0864,102.7938,1.0243,3.6875,1.0243,0.0054,1.1110,261.7988,-0.1388,0.0000,1.0000,0.0000,-0.0024,-0.5711,7.8072,1.0000,0.0000,1,0,0,0,0,0.5203
14.5670,184.3625,0.0864,102.7850,1.0858,3.9091,1.0858,0.0055,1.1039,261.7923,-0.1171,0.0000,1.0000,0.0000,-0.0013,-0.3239,4.4340,1.0000,0.0000,1,0,0,0,0,0.3295
14.6226,184.3012,0.0864,102.7758,1.1474,4.1306,1.1474,0.0057,1.1068,261.7864,-0.1065,0.0000,1.0000,0.0000,-0.0007,-0.1824,2.5447,1.0000,0.0000,1,0,0,0,0,0.2218
14.6920,184.2200,0.0864,102.7636,1.2212,4.3963,1.2212,0.0059,1.0641,261.7800,-0.0924,0.0000,1.0000,0.0000,-0.0004,-0.0892,1.3443,1.0000,0.0000,1,0,0,0,0,0.1518
14.7482,184.1502,0.0864,102.7531,1.2826,4.6173,1.2826,0.0060,1.0914,261.7746,-0.0949,0.0000,1.0000,0.0000,-0.0002,-0.0500,0.6971,1.0000,0.0000,1,0,0,0,0,0.1140
14.8057,184.0754,0.0864,102.7419,1.3441,4.8389,1.3441,0.0061,1.0707,261.7694,-0.0908,0.0000,1.0000,0.0000,-0.0001,-0.0276,0.3892,1.0000,0.0000,1,0,0,0,0,0.0947
14.8599,184.0016,0.0864,102.7308,1.4056,5.0600,1.4056,0.0062,1.1346,261.7644,-0.0930,0.0000,1.0000,0.0000,-0.0001,-0.0153,0.2271,1.0000,0.0000,1,0,0,0,0,0.0841
14.9140,183.9247,0.0864,102.7192,1.4671,5.2814,1.4670,0.0063,1.1366,261.7593,-0.0931,0.0000,1.0000,0.0000,0.0000,-0.0083,0.1288,1.0000,0.0000,1,0,0,0,0,0.0770
14.9853,183.8184,0.0864,102.7033,1.5530,5.5910,1.5530,0.0065,1.2061,261.7524,-0.0976,0.0000,1.0000,0.0000,0.0000,-0.0042,0.0580,1.0000,0.0000,1,0,0,0,0,0.0712
15.0399,183.7332,0.0864,102.6905,1.6022,5.7679,1.6022,0.0065,0.9003,261.7484,-0.0727,0.0000,1.0000,0.0000,0.0000,-0.0023,0.0345,1.0000,0.0000,1,0,0,0,0,0.0671
15.0959,183.6424,0.0864,102.6769,1.6638,5.9897,1.6638,0.0066,1.0998,261.7435,-0.0877,0.0000,1.0000,0.0000,0.0000,-0.0013,0.0185,1.0000,0.0000,1,0,0,0,0,0.0656
15.1514,183.5491,0.0864,102.6629,1.7252,6.2106,1.7252,0.0067,1.1053,261.7386,-0.0885,0.0000,1.0000,0.0000,0.0000,-0.0007,0.0100,1.0000,0.0000,1,0,0,0,0,0.0638
15.2064,183.4532,0.0864,102.6485,1.7867,6.4321,1.7867,0.0068,1.1183,261.7336,-0.0915,0.0000,1.0000,0.0000,0.0000,-0.0004,0.0058,1.0000,0.0000,1,0,0,0,0,0.0624
15.2610,183.3548,0.0864,102.6338,1.8482,6.6534,1.8482,0.0069,1.1262,261.7286,-0.0900,0.0000,1.0000,0.0000,0.0000,-0.0002,0.0033,1.0000,0.0000,1,0,0,0,0,0.0609
15.3187,183.2472,0.0864,102.6177,1.9220,6.9193,1.9220,0.0070,1.2791,261.7227,-0.1025,0.0000,1.0000,0.0000,0.0000,-0.0001,0.0017,1.0000,0.0000,1,0,0,0,0,0.0603
15.3725,183.1438,0.0864,102.6022,1.9712,7.0963,1.9712,0.0070,0.9155,261.7188,-0.0739,0.0000,1.0000,0.0000,0.0000,-0.0001,0.0010,1.0000,0.0000,1,0,0,0,0,0.0575
15.4283,183.0330,0.0864,102.5856,2.0327,7.3177,2.0327,0.0071,1.1013,261.7138,-0.0880,0.0000,1.0000,0.0000,0.0000,0.0000,0.0005,1.0000,0.0000,1,0,0,0,0,0.0572
15.4978,182.8903,0.0864,102.5642,2.1188,7.6276,2.1188,0.0072,1.2388,261.7069,-0.1001,0.0000,1.0000,0.0000,0.0000,0.0000,0.0003,1.0000,0.0000,1,0,0,0,0,0.0565
15.5698,182.7368,0.0864,102.5412,2.1926,7.8932,2.1926,0.0073,1.0246,261.7010,-0.0822,0.0000,1.0000,0.0000,0.0000,0.0000,0.0001,1.0000,0.0000,1,0,0,0,0,0.0542
15.6230,182.6198,0.0864,102.5237,2.2540,8.1145,2.2540,0.0073,1.1549,261.6961,-0.0912,0.0000,1.0000,0.0000,0.0000,0.0000,0.0001,1.0000,0.0000,1,0,0,0,0,0.0538
15.6786,182.4942,0.0864,102.5048,2.3155,8.3358,2.3155,0.0074,1.1066,261.6913,-0.0873,0.0000,1.0000,0.0000,0.0000,0.0000,0.0000,1.0000,0.0000,1,0,0,0,0,0.0527
15.7347,182.3641,0.0864,102.4853,2.3770,8.5571,2.3770,0.0074,1.0960,261.6863,-0.0876,0.0000,1.0000,0.0000,0.0000,0.0000,0.0000,1.0000,0.0000,1,0,0,0,0,0.0518
15.7899,182.2325,0.0864,102.4656,2.4384,8.7784,2.4384,0.0104,1.1128,261.7530,1.2059,1.0000,1.0000,0.0000,0.2097,0.0000,0.0000,1.0000,0.0000,1,0,0,0,0,0.1309
15.8453,182.0973,0.0864,102.4455,2.4999,8.9997,2.4998,0.0257,1.1098,262.2379,8.7538,1.0000,1.0000,0.0000,0.5612,10.1150,182.5946,1.0000,0.0000,1,0,1,0,0,30.6403
15.9022,181.9547,0.0864,102.4250,2.5613,9.2206,2.5609,0.0426,1.0782,263.0097,13.5654,1.0000,1.0000,0.0000,0.7563,26.3863,285.9810,1.0000,0.0000,1,0,1,0,0,31.0030
15.9559,181.8166,0.0864,102.4064,2.6224,9.4408,2.6221,0.0445,1.1381,263.6180,11.3181,0.0000,1.0000,0.0000,0.4200,32.3586,111.1146,1.0000,0.0000,1,0,0,0,0,7.0563
16.0160,181.6584,0.0864,102.3867,2.6836,9.6608,2.6833,0.0368,1.0176,263.9565,5.6350,0.0000,1.0000,0.0000,0.2332,25.8902,107.6983,1.0000,0.0000,1,0,0,0,0,6.5020
16.3493,180.7064,0.0864,102.2844,3.0521,10.9877,3.0521,0.0100,1.1057,264.3498,1.1800,0.0000,1.0000,0.0000,0.0068,21.3960,13.4824,1.0000,0.0000,1,0,0,0,0,0.8635
16.4137,180.5085,0.0864,102.2642,3.1259,11.2533,3.1259,0.0091,1.1471,264.3507,0.0138,0.0000,1.0000,0.0000,0.0034,0.3395,327.3530,1.0000,0.0000,1,0,1,0,0,30.0443
16.4673,180.3399,0.0864,102.2469,3.1874,11.4747,3.1874,0.0087,1.1464,264.3488,-0.0364,0.0000,1.0000,0.0000,0.0019,0.2482,1.7028,1.0000,0.0000,1,0,0,0,0,0.1374
16.5231,180.1613,0.0864,102.2287,3.2489,11.6961,3.2489,0.0084,1.1022,264.3454,-0.0602,0.0000,1.0000,0.0000,0.0010,0.1608,1.5655,1.0000,0.0000,1,0,0,0,0,0.1292
16.5784,179.9807,0.0864,102.2103,3.3104,11.9173,3.3103,0.0083,1.1104,264.3415,-0.0706,0.0000,1.0000,0.0000,0.0006,0.1002,1.0955,1.0000,0.0000,1,0,0,0,0,0.1024
16.6326,179.8006,0.0864,102.1919,3.3719,12.1388,3.3719,0.0082,1.1356,264.3371,-0.0811,0.0000,1.0000,0.0000,0.0003,0.0603,0.7369,1.0000,0.0000,1,0,0,0,0,0.0821
16.6883,179.6123,0.0864,102.1727,3.4333,12.3600,3.4333,0.0082,1.1044,264.3325,-0.0834,0.0000,1.0000,0.0000,0.0002,0.0366,0.4254,1.0000,0.0000,1,0,0,0,0,0.0641
16.7436,179.4218,0.0864,102.1533,3.4948,12.5814,3.4948,0.0082,1.1119,264.3277,-0.0867,0.0000,1.0000,0.0000,0.0001,0.0215,0.2738,1.0000,0.0000,1,0,0,0,0,0.0552
16.7989,179.2277,0.0864,102.1335,3.5563,12.8028,3.5563,0.0082,1.1109,264.3227,-0.0899,0.0000,1.0000,0.0000,0.0001,0.0125,0.1629,1.0000,0.0000,1,0,0,0,0,0.0486
16.8551,179.0272,0.0864,102.1130,3.6178,13.0240,3.6178,0.0082,1.0937,264.3177,-0.0885,0.0000,1.0000,0.0000,0.0000,0.0071,0.0946,1.0000,0.0000,1,0,0,0,0,0.0442
16.9093,178.8307,0.0864,102.0929,3.6793,13.2455,3.6793,0.0082,1.1361,264.3127,-0.0919,0.0000,1.0000,0.0000,0.0000,0.0039,0.0591,1.0000,0.0000,1,0,0,0,0,0.0420
16.9647,178.6261,0.0864,102.0720,3.7407,13.4667,3.7407,0.0083,1.1080,264.3079,-0.0881,0.0000,1.0000,0.0000,0.0000,0.0020,0.0346,1.0000,0.0000,1,0,0,0,0,0.0399
17.0345,178.3638,0.0864,102.0452,3.8145,13.7322,3.8145,0.0083,1.0567,264.3020,-0.0839,0.0000,1.0000,0.0000,0.0000,0.0012,0.0117,1.0000,0.0000,1,0,0,0,0,0.0378
17.0901,178.1513,0.0864,102.0234,3.8760,13.9538,3.8760,0.0083,1.1082,264.2971,-0.0879,0.0000,1.0000,0.0000,0.0000,0.0007,0.0093,1.0000,0.0000,1,0,0,0,0,0.0375
17.1465,177.9320,0.0864,102.0010,3.9375,14.1750,3.9375,0.0140,1.0897,264.3783,1.4399,1.0000,1.0000,0.0000,0.2097,0.0004,0.0054,1.0000,0.0000,1,0,0,0,0,0.1335
17.2029,177.7088,0.0864,101.9784,3.9989,14.3962,3.9987,0.0445,1.0879,264.9637,10.3657,1.0000,1.0000,0.0000,0.5612,11.9016,210.7273,1.0000,0.0000,1,0,1,0,0,30.7427
17.2571,177.4912,0.0864,101.9576,4.0601,14.6164,4.0595,0.0731,1.1283,265.8060,15.5362,0.0000,1.0000,0.0000,0.5466,26.5111,269.4765,1.0000,0.0000,1,0,1,0,0,31.1331
17.3121,177.2673,0.0864,101.9382,4.1211,14.8359,4.1205,0.0704,1.1103,266.3338,9.6125,0.0000,1.0000,0.0000,0.3035,25.7003,14.7674,1.0000,0.0000,1,0,0,0,0,1.6108
17.3829,176.9734,0.0864,101.9160,4.2067,15.1440,4.2064,0.0509,1.2083,266.7029,5.2103,0.0000,1.0000,0.0000,0.1332,18.8651,96.4916,1.0000,0.0000,1,0,0,0,0,5.8315
17.4408,176.7289,0.0864,101.8995,4.2680,15.3647,4.2678,0.0377,1.0590,266.8297,2.1912,0.0000,1.0000,0.0000,0.0740,12.2763,113.8301,1.0000,0.0000,1,0,0,0,0,6.5783
17.4942,176.5002,0.0864,101.8851,4.3293,15.5855,4.3292,0.0278,1.1489,266.8984,1.2875,0.0000,1.0000,0.0000,0.0411,7.6555,86.5633,1.0000,0.0000,1,0,0,0,0,4.9770
17.5482,176.2652,0.0864,101.8710,4.3785,15.7626,4.3785,0.0154,0.9097,266.8387,-1.1050,-1.0000,1.0000,0.0000,-0.1840,4.6364,55.8325,1.0000,0.0000,1,0,0,0,0,3.2160
17.6182,175.9562,0.0864,101.8526,4.4645,16.0722,4.4643,0.0434,1.2290,265.8850,-13.6251,-1.0000,1.0000,0.0000,-0.6419,-11.1459,225.4803,1.0000,0.0000,1,0,1,0,0,30.9028
17.6742,175.7052,0.0864,101.8359,4.5256,16.2922,4.5248,0.0849,1.0914,264.8142,-19.1223,-1.0000,1.0000,0.0000,-0.8012,-27.9069,299.3248,1.0000,0.0000,1,0,1,0,0,31.3439
17.7288,175.4575,0.0864,101.8165,4.5864,16.5112,4.5856,0.0900,1.1140,263.9879,-15.1358,0.0000,1.0000,0.0000,-0.4449,-35.9512,147.3471,1.0000,0.0000,1,0,1,0,0,29.3212
17.7844,175.2023,0.0864,101.7932,4.6473,16.7303,4.6468,0.0712,1.0955,263.5240,-8.3513,0.0000,1.0000,0.0000,-0.2470,-28.0008,143.1274,1.0000,0.0000,1,0,1,0,0,28.6452
17.8400,174.9436,0.0864,101.7666,4.7085,16.9506,4.7082,0.0492,1.1000,263.2627,-4.6962,0.0000,1.0000,0.0000,-0.1372,-19.2885,156.5845,1.0000,0.0000,1,0,1,0,0,29.1166
17.8953,174.6835,0.0864,101.7378,4.7699,17.1715,4.7698,0.0307,1.1104,263.1145,-2.6820,0.0000,1.0000,0.0000,-0.0762,-12.4639,123.5142,1.0000,0.0000,1,0,1,0,0,27.1076
17.9513,174.4163,0.0864,101.7066,4.8312,17.3925,4.8312,0.0172,1.0946,263.0296,-1.5144,0.0000,1.0000,0.0000,-0.0423,-7.8709,81.8948,1.0000,0.0000,1,0,0,0,0,4.6872
18.0090,174.1380,0.0864,101.6732,4.8927,17.6139,4.8927,0.0079,1.0663,262.9799,-0.8614,0.0000,1.0000,0.0000,-0.0235,-5.2747,45.0123,1.0000,0.0000,1,0,0,0,0,2.5727
18.0628,173.8751,0.0864,101.6410,4.9543,17.8354,4.9542,0.0297,1.1432,263.3809,7.4516,1.0000,1.0000,0.0000,0.4317,0.9062,114.8570,1.0000,0.0000,1,0,0,0,0,6.8848
18.1191,173.5967,0.0864,101.6074,5.0156,18.0561,5.0149,0.0826,1.0890,264.2724,15.8374,1.0000,1.0000,0.0000,0.6844,17.0865,287.4476,1.0000,0.0000,1,0,1,0,0,31.1268
18.1736,173.3238,0.0864,101.5768,5.0762,18.2742,5.0745,0.1301,1.1130,265.4421,21.4851,1.0000,1.0000,0.0000,0.8248,31.7838,269.9652,1.0000,0.0000,1,0,1,0,0,31.5781
18.2289,173.0430,0.0864,101.5490,5.1361,18.4898,5.1333,0.1672,1.0833,266.7712,24.0367,1.0000,1.0000,0.0000,0.9027,42.2517,189.3061,1.0000,0.0000,1,0,1,0,0,31.8238
18.2844,172.7570,0.0864,101.5259,5.1952,18.7027,5.1921,0.1788,1.0638,268.0036,22.1748,0.0000,1.0000,0.0000,0.6486,49.3856,128.3628,1.0000,0.0000,1,0,1,0,0,28.8794
18.3397,172.4690,0.0864,101.5084,5.2546,18.9164,5.2524,0.1488,1.0742,268.7110,12.7987,0.0000,1.0000,0.0000,0.3601,40.7283,156.6329,1.0000,0.0000,1,0,1,0,0,29.8376
18.3951,172.1766,0.0864,101.4954,5.3147,19.1330,5.3136,0.1113,1.0856,269.1037,7.0849,0.0000,1.0000,0.0000,0.2000,26.5269,256.2342,1.0000,0.0000,1,0,1,0,0,30.7077
18.4790,171.7276,0.0864,101.4820,5.3999,19.4396,5.3994,0.0686,1.0156,269.3771,3.2615,0.0000,1.0000,0.0000,0.0878,17.0285,113.2819,1.0000,0.0000,1,0,0,0,0,6.6652
18.5362,171.4164,0.0864,101.4757,5.4611,19.6601,5.4609,0.0482,1.0700,269.4746,1.7028,0.0000,1.0000,0.0000,0.0487,8.6751,145.8797,1.0000,0.0000,1,0,1,0,0,28.3313
18.5898,171.1222,0.0864,101.4710,5.5225,19.8809,5.5224,0.0346,1.1455,269.5351,1.1298,0.0000,1.0000,0.0000,0.0271,4.6438,75.3006,1.0000,0.0000,1,0,0,0,0,4.3402
18.6465,170.8068,0.0864,101.4668,5.5840,20.1022,5.5839,0.0257,1.0831,269.5714,0.6382,0.0000,1.0000,0.0000,0.0150,3.1205,26.8361,1.0000,0.0000,1,0,0,0,0,1.5953
18.7012,170.4998,0.0864,101.4633,5.6454,20.3235,5.6454,0.0199,1.1252,269.5941,0.4156,0.0000,1.0000,0.0000,0.0083,1.8092,24.0021,1.0000,0.0000,1,0,0,0,0,1.4095
18.7595,170.1688,0.0864,101.4599,5.7192,20.5890,5.7191,0.0157,1.2649,269.6115,0.2990,0.0000,1.0000,0.0000,0.0041,1.0178,13.5774,1.0000,0.0000,1,0,0,0,0,0.8120
18.8121,169.8665,0.0864,101.4570,5.7684,20.7661,5.7683,0.0140,0.9347,269.6199,0.1594,0.0000,1.0000,0.0000,0.0026,0.5810,8.2977,1.0000,0.0000,1,0,0,0,0,0.5064
18.8832,169.4533,0.0864,101.4533,5.8544,21.0760,5.8544,0.0113,1.2106,269.6168,-0.0429,0.0000,1.0000,0.0000,0.0011,0.2834,4.1855,1.0000,0.0000,1,0,0,0,0,0.2638
18.9371,169.1361,0.0864,101.4505,5.9159,21.2972,5.9159,0.0103,1.1394,269.6133,-0.0645,0.0000,1.0000,0.0000,0.0006,0.1619,2.2526,1.0000,0.0000,1,0,0,0,0,0.1547
18.9927,168.8059,0.0864,101.4476,5.9774,21.5186,5.9774,0.0096,1.1061,269.6091,-0.0758,0.0000,1.0000,0.0000,0.0003,0.0898,1.2966,1.0000,0.0000,1,0,0,0,0,0.1004
19.0486,168.4708,0.0864,101.4448,6.0389,21.7399,6.0388,0.0293,1.1015,269.8106,3.6095,1.0000,1.0000,0.0000,0.2976,0.0482,0.7446,1.0000,0.0000,1,0,0,0,0,0.3146
19.1043,168.1330,0.0864,101.4424,6.1002,21.9607,6.0995,0.0923,1.1010,270.6415,14.9163,1.0000,1.0000,0.0000,0.6100,12.5410,224.2772,1.0000,0.0000,1,0,1,0,0,31.0556
19.1599,167.7923,0.0864,101.4423,6.1608,22.1788,6.1592,0.1378,1.0892,271.6426,17.9994,0.0000,1.0000,0.0000,0.4860,27.5424,269.7119,1.0000,0.0000,1,0,1,0,0,31.3354
19.2169,167.4394,0.0864,101.4464,6.2212,22.3962,6.2199,0.1274,1.0587,272.2228,10.1718,0.0000,1.0000,0.0000,0.2699,26.4377,19.3655,1.0000,0.0000,1,0,0,0,0,1.9481
19.2708,167.1026,0.0864,101.4540,6.2818,22.6146,6.2810,0.1005,1.1252,272.5445,5.9656,0.0000,1.0000,0.0000,0.1499,19.5584,127.6005,1.0000,0.0000,1,0,1,0,0,27.6604
19.3395,166.6689,0.0864,101.4681,6.3550,22.8782,6.3547,0.0693,1.0655,272.7462,2.9351,0.0000,1.0000,0.0000,0.0740,11.7197,114.0701,1.0000,0.0000,1,0,0,0,0,6.6639
19.4091,166.2246,0.0864,101.4857,6.4286,23.1428,6.4284,0.0461,1.0564,272.8434,1.3973,0.0000,1.0000,0.0000,0.0365,6.7013,72.1200,1.0000,0.0000,1,0,0,0,0,4.1920
19.4656,165.8604,0.0864,101.5017,6.4900,23.3640,6.4899,0.0330,1.0890,272.8834,0.7091,0.0000,1.0000,0.0000,0.0203,3.6501,54.0780,1.0000,0.0000,1,0,0,0,0,3.1199
19.5207,165.5012,0.0864,101.5181,6.5515,23.5853,6.5514,0.0246,1.1150,272.4023,-8.7251,-1.0000,1.0000,0.0000,-0.4335,-1.4695,92.8567,1.0000,0.0000,1,0,0,0,0,5.6997
19.5776,165.1265,0.0864,101.5342,6.6127,23.8057,6.6118,0.1069,1.0748,271.3531,-18.4207,-1.0000,1.0000,0.0000,-0.6854,-18.3581,296.5133,1.0000,0.0000,1,0,1,0,0,31.2658
19.6343,164.7502,0.0864,101.5466,6.6730,24.0229,6.6706,0.1815,1.0652,269.9827,-24.1899,-1.0000,1.0000,0.0000,-0.8253,-32.7834,254.6214,1.0000,0.0000,1,0,1,0,0,31.7519
19.7020,164.2960,0.0864,101.5531,6.7438,24.2777,6.7396,0.2369,1.0458,268.2176,-26.0886,0.0000,1.0000,0.0000,-0.7041,-45.8701,193.4207,1.0000,0.0000,1,0,1,0,0,31.9764
19.7569,163.9234,0.0864,101.5500,6.8024,24.4885,6.7992,0.2070,1.0655,267.3206,-16.3204,0.0000,1.0000,0.0000,-0.3910,-39.7656,111.0663,1.0000,0.0000,1,0,0,0,0,7.5336
19.8133,163.5383,0.0864,101.5397,6.8620,24.7031,6.8602,0.1551,1.0578,266.8179,-8.9210,0.0000,1.0000,0.0000,-0.2171,-28.4801,200.2802,1.0000,0.0000,1,0,1,0,0,30.8347
19.8677,163.1630,0.0864,101.5247,6.9226,24.9215,6.9224,0.0535,1.1142,267.0529,4.3162,1.0000,1.0000,0.0000,0.3242,-12.9560,285.0720,1.0000,0.0000,1,0,1,0,0,30.3557
19.9382,162.6727,0.0864,101.5026,7.0084,25.2304,7.0075,0.1128,1.2178,268.4810,20.2698,1.0000,1.0000,0.0000,0.7034,13.4917,375.4024,1.0000,0.0000,1,0,1,0,0,31.3676
19.9963,162.2638,0.0864,101.4871,7.0687,25.4475,7.0657,0.2077,1.0369,269.9122,24.6079,1.0000,1.0000,0.0000,0.8353,32.2880,323.1767,1.0000,0.0000,1,0,1,0,0,31.8079
20.0483,161.8950,0.0864,101.4785,7.1272,25.6580,7.1218,0.2782,1.1251,271.5222,30.9732,1.0000,1.0000,0.0000,0.9086,42.2980,192.5635,1.0000,0.0000,1,0,1,0,0,32.3062
20.1039,161.4977,0.0864,101.4774,7.1839,25.8621,7.1764,0.3282,1.0208,273.2360,30.8534,1.0000,1.0000,0.0000,0.9492,49.4061,127.9698,1.0000,0.0000,1,0,1,0,0,29.5088
20.1596,161.0958,0.0864,101.4862,7.2394,26.0620,7.2316,0.3365,0.9952,274.7826,27.7260,0.0000,1.0000,0.0000,0.6744,53.8623,79.8866,1.0000,0.0000,1,0,0,0,0,6.6756
20.2148,160.6956,0.0864,101.5052,7.2958,26.2648,7.2905,0.2764,1.0213,275.6686,16.0642,0.0000,1.0000,0.0000,0.3745,43.6648,184.8945,1.0000,0.0000,1,0,1,0,0,31.4607
20.2710,160.2856,0.0864,101.5338,7.3541,26.4747,7.3512,0.2051,1.0383,276.1604,8.7590,0.0000,1.0000,0.0000,0.2079,29.9908,243.5248,1.0000,0.0000,1,0,1,0,0,30.9050
20.3261,159.8803,0.0864,101.5686,7.4139,26.6902,7.4125,0.1445,1.0863,276.4326,4.9398,0.0000,1.0000,0.0000,0.1155,19.5995,188.5458,1.0000,0.0000,1,0,1,0,0,30.5668
20.3955,159.3656,0.0864,101.6191,7.4868,26.9525,7.4863,0.0917,1.0495,276.6029,2.4521,0.0000,1.0000,0.0000,0.0570,10.8998,125.2756,1.0000,0.0000,1,0,1,0,0,27.2797
20.4662,158.8366,0.0864,101.6755,7.5603,27.2170,7.5600,0.0576,1.0388,276.6844,1.1524,0.0000,1.0000,0.0000,0.0281,5.7521,72.8058,1.0000,0.0000,1,0,0,0,0,4.2231
20.5211,158.4221,0.0864,101.7216,7.6217,27.4380,7.6216,0.0396,1.1180,276.7178,0.6073,0.0000,1.0000,0.0000,0.0156,3.3518,43.7060,1.0000,0.0000,1,0,0,0,0,2.5399
20.5795,157.9777,0.0864,101.7720,7.6954,27.7033,7.6954,0.0031,1.2617,276.4989,-3.7480,-1.0000,1.0000,0.0000,-0.2897,1.8737,25.3078,1.0000,0.0000,1,0,0,0,0,1.6202
20.6342,157.5582,0.0864,101.8195,7.7444,27.8800,7.7440,0.0821,0.8976,275.7770,-13.1993,-1.0000,1.0000,0.0000,-0.5563,-11.6508,247.2959,1.0000,0.0000,1,0,1,0,0,30.8923
20.6872,157.1481,0.0864,101.8633,7.8052,28.0988,7.8034,0.1707,1.1464,274.5738,-22.6929,0.0000,1.0000,0.0000,-0.5440,-26.1642,273.7330,1.0000,0.0000,1,0,1,0,0,31.5888
20.7432,156.7112,0.0864,101.9045,7.8652,28.3149,7.8634,0.1705,1.0718,273.8166,-13.5248,0.0000,1.0000,0.0000,-0.3021,-26.4077,4.3480,1.0000,0.0000,1,0,0,0,0,1.3182
20.7996,156.2672,0.0864,101.9407,7.9255,28.5319,7.9243,0.1374,1.0691,273.3940,-7.4935,0.0000,1.0000,0.0000,-0.1677,-19.5954,120.7923,1.0000,0.0000,1,0,1,0,0,27.3871
20.8557,155.8219,0.0864,101.9728,7.9863,28.7507,7.9856,0.1053,1.0835,273.1647,-4.0879,0.0000,1.0000,0.0000,-0.0931,-13.2032,113.9683,1.0000,0.0000,1,0,0,0,0,6.7564
20.9098,155.3889,0.0864,102.0010,8.0474,28.9706,8.0470,0.0742,1.1291,273.0391,-2.3225,0.0000,1.0000,0.0000,-0.0517,-8.6778,83.6545,1.0000,0.0000,1,0,0,0,0,4.9148
20.9671,154.9270,0.0864,102.0283,8.1087,29.1913,8.1086,0.0440,1.0708,272.9713,-1.1833,0.0000,1.0000,0.0000,-0.0287,-5.2584,59.7203,1.0000,0.0000,1,0,0,0,0,3.4649
21.0233,154.4699,0.0864,102.0539,8.1702,29.4125,8.1701,0.0326,1.0934,272.9289,-0.7547,0.0000,1.0000,0.0000,-0.0159,-3.1035,38.3379,1.0000,0.0000,1,0,0,0,0,2.2316
21.0778,154.0233,0.0864,102.0780,8.2316,29.6336,8.2315,0.0201,1.1266,272.9059,-0.4211,0.0000,1.0000,0.0000,-0.0089,-1.8323,23.3254,1.0000,0.0000,1,0,0,0,0,1.3558
21.1322,153.5739,0.0864,102.1014,8.2931,29.8550,8.2931,0.0083,1.1302,272.8924,-0.2490,0.0000,1.0000,0.0000,-0.0049,-1.0590,14.2082,1.0000,0.0000,1,0,0,0,0,0.8182
21.1883,153.1072,0.0864,102.1251,8.3546,30.0766,8.3546,0.0015,1.0965,272.8804,-0.2132,0.0000,1.0000,0.0000,-0.0027,-0.6072,8.0499,1.0000,0.0000,1,0,0,0,0,0.4618
21.2435,152.6451,0.0864,102.1482,8.4161,30.2980,8.4161,0.0026,1.1154,272.8716,-0.1594,0.0000,1.0000,0.0000,-0.0015,-0.3362,4.9150,1.0000,0.0000,1,0,0,0,0,0.2866
21.2988,152.1784,0.0864,102.1713,8.4776,30.5193,8.4776,0.0051,1.1118,272.8646,-0.1281,0.0000,1.0000,0.0000,-0.0008,-0.1944,2.5638,1.0000,0.0000,1,0,0,0,0,0.1586
21.3607,151.6528,0.0864,102.1971,8.4622,30.4638,8.4622,0.0069,-0.2489,272.8574,-0.1163,0.0000,0.0000,0.0000,-0.0004,-0.1104,1.3562,0.7026,0.0000,1,0,0,0,0,0.0940
21.4253,151.1162,0.0864,102.2233,8.0813,29.0928,8.0813,0.0078,-5.8900,272.8510,-0.0991,0.0000,0.0000,0.0000,-0.0002,-0.0486,0.9565,0.3468,0.0000,1,0,0,0,0,0.0732
21.4796,150.6893,0.0864,102.2440,7.5995,27.3582,7.5995,0.0083,-8.8865,272.8459,-0.0940,0.0000,0.0000,0.0000,-0.0001,-0.0282,0.3759,0.1926,0.0000,1,0,0,0,0,0.0425
21.5350,150.2811,0.0864,102.2638,7.0385,25.3387,7.0385,0.0085,-10.1153,272.8409,-0.0891,0.0000,0.0000,0.0000,-0.0001,-0.0161,0.2185,0.1069,0.0000,1,0,0,0,0,0.0353
21.5919,149.8958,0.0864,102.2823,6.4334,23.1604,6.4334,0.0087,-10.6333,272.8360,-0.0858,0.0000,0.0000,0.0000,0.0000,-0.0089,0.1266,0.0594,0.0000,1,0,0,0,0,0.0320
21.6481,149.5506,0.0864,102.2989,5.8040,20.8945,5.8040,0.0087,-11.2026,272.8311,-0.0874,0.0000,0.0000,0.0000,0.0000,-0.0049,0.0703,0.0330,0.0000,1,0,0,0,0,0.0313
21.7059,149.2331,0.0864,102.3140,5.1609,18.5794,5.1609,0.0087,-11.1201,272.8262,-0.0844,0.0000,0.0000,0.0000,0.0000,-0.0028,0.0371,0.0183,0.0000,1,0,0,0,0,0.0320
21.7573,148.9837,0.0864,102.3258,4.5103,16.2372,4.5103,0.0086,-12.6758,272.8214,-0.0951,0.0000,0.0000,0.0000,0.0000,-0.0015,0.0243,0.0102,0.0000,1,0,0,0,0,0.0354
21.8132,148.7475,0.0864,102.3369,3.8556,13.8800,3.8555,0.0085,-11.7135,272.8165,-0.0874,0.0000,0.0000,0.0000,0.0000,-0.0009,0.0120,0.0056,0.0000,1,0,0,0,0,0.0387
21.8688,148.5488,0.0864,102.3461,3.1984,11.5142,3.1984,0.0083,-11.8031,272.8116,-0.0877,0.0000,0.0000,0.0000,0.0000,-0.0005,0.0068,0.0031,0.0000,1,0,0,0,0,0.0444
21.9242,148.3876,0.0864,102.3535,2.5400,9.1440,2.5400,0.0081,-11.8872,272.8067,-0.0882,0.0000,0.0000,0.0000,0.0000,-0.0003,0.0039,0.0017,0.0000,1,0,0,0,0,0.0527
21.9799,148.2623,0.0864,102.3591,1.8809,6.7712,1.8809,0.0076,-11.8457,272.8018,-0.0889,0.0000,0.0000,0.0000,0.0000,-0.0001,0.0022,0.0010,0.0000,1,0,0,0,0,0.0657
22.0323,148.1778,0.0864,102.3628,1.3533,4.8719,1.3533,0.0070,-10.0666,272.7979,-0.0745,0.0000,0.0000,0.0000,0.0000,-0.0001,0.0014,0.0006,0.0000,1,0,0,0,0,0.0819
22.0877,148.1239,0.0864,102.3650,0.6936,2.4970,0.6936,0.0057,-11.9013,272.7929,-0.0892,0.0000,0.0000,0.0000,0.0000,0.0000,0.0005,0.0003,0.0000,1,0,0,0,0,0.1290
22.1428,148.1066,0.0864,102.3655,0.0338,0.1215,0.0337,0.0018,-11.9682,272.7878,-0.0919,0.0000,0.0000,0.0000,0.0000,0.0000,0.0004,0.0002,0.0000,1,0,0,0,0,0.0051
22.2128,148.1066,0.0864,102.3655,0.0001,0.0003,0.0000,0.0001,-0.4816,272.7879,0.0009,0.0000,0.0000,0.0000,0.0000,0.0000,0.0001,0.0001,0.0000,1,0,0,0,0,0.0001
22.2678,148.1066,0.0864,102.3655,0.0001,0.0003,0.0000,0.0001,0.0000,272.7883,0.0067,0.0000,0.0000,0.0000,0.0000,0.0000,0.0001,0.0000,0.0000,1,0,0,0,0,0.0004
22.3238,148.1066,0.0864,102.3655,0.0001,0.0003,0.0000,0.0001,0.0000,272.7887,0.0076,0.0000,0.0000,0.0000,0.0000,0.0000,0.0000,0.0000,0.0000,1,0,0,0,0,0.0004
22.3796,148.1066,0.0864,102.3655,0.0001,0.0003,0.0000,0.0001,0.0000,272.7891,0.0071,0.0000,0.0000,0.0000,0.0000,0.0000,0.0000,0.0000,0.0000,1,0,0,0,0,0.0004
22.4350,148.1066,0.0864,102.3655,0.0001,0.0003,0.0000,0.0001,0.0000,272.7895,0.0072,0.0000,0.0000,0.0000,0.0000,0.0000,0.0000,0.0000,0.0000,1,0,0,0,0,0.0004
22.4906,148.1066,0.0864,102.3655,0.0001,0.0003,0.0000,0.0001,0.0000,272.7899,0.0071,0.0000,0.0000,0.0000,0.0000,0.0000,0.0000,0.0000,0.0000,1,0,0,0,0,0.0004
22.5496,148.1066,0.0864,102.3655,0.0001,0.0003,0.0000,0.0001,0.0000,272.7903,0.0067,0.0000,0.0000,0.0000,0.0000,0.0000,0.0000,0.0000,0.0000,1,0,0,0,0,0.0004
22.6050,148.1065,0.0864,102.3655,0.0001,0.0003,0.0000,0.0001,0.0000,272.7907,0.0072,0.0000,0.0000,0.0000,0.0000,0.0000,0.0000,0.0000,0.0000,1,0,0,0,0,0.0004
22.6642,148.1066,0.0864,102.3655,0.0001,0.0003,0.0000,0.0001,0.0000,272.7910,0.0057,0.0000,0.0000,0.0000,0.0000,0.0000,0.0000,0.0000,0.0000,1,0,0,0,0,0.0003
22.7447,148.1066,0.0864,102.3655,0.0001,0.0003,0.0000,0.0001,0.0000,272.7915,0.0061,0.0000,0.0000,0.0000,0.0000,0.0000,0.0000,0.0000,0.0000,1,0,0,0,0,0.0003
22.7992,148.1066,0.0864,102.3655,0.0001,0.0003,0.0000,0.0001,0.0000,272.7918,0.0050,0.0000,0.0000,0.0000,0.0000,0.0000,0.0000,0.0000,0.0000,1,0,0,0,0,0.0003
22.8543,148.1066,0.0864,102.3655,0.0001,0.0003,0.0000,0.0001,0.0000,272.7921,0.0061,0.0000,0.0000,0.0000,0.0000,0.0000,0.0000,0.0000,0.0000,1,0,0,0,0,0.0003
22.9096,148.1066,0.0864,102.3655,0.0001,0.0003,0.0000,0.0001,0.0000,272.7924,0.0055,0.0000,0.0000,0.0000,0.0000,0.0000,0.0000,0.0000,0.0000,1,0,0,0,0,0.0003
22.9660,148.1066,0.0864,102.3655,0.0001,0.0003,0.0000,0.0001,0.0000,272.7928,0.0070,0.0000,0.0000,0.0000,0.0000,0.0000,0.0000,0.0000,0.0000,1,0,0,0,0,0.0004
23.0220,148.1066,0.0864,102.3655,0.0001,0.0003,0.0000,0.0001,0.0000,272.7932,0.0060,0.0000,0.0000,0.0000,0.0000,0.0000,0.0000,0.0000,0.0000,1,0,0,0,0,0.0003
23.0795,148.1066,0.0864,102.3655,0.0001,0.0003,0.0000,0.0001,0.0000,272.7935,0.0053,0.0000,0.0000,0.0000,0.0000,0.0000,0.0000,0.0000,0.0000,1,0,0,0,0,0.0003
23.1327,148.1066,0.0864,102.3655,0.0001,0.0003,0.0000,0.0001,0.0000,272.7938,0.0069,0.0000,0.0000,0.0000,0.0000,0.0000,0.0000,0.0000,0.0000,1,0,0,0,0,0.0004
23.1891,148.1066,0.0864,102.3655,0.0001,0.0003,0.0000,0.0001,0.0000,272.7941,0.0054,0.0000,0.0000,0.0000,0.0000,0.0000,0.0000,0.0000,0.0000,1,0,0,0,0,0.0003
23.2433,148.1066,0.0864,102.3655,0.0001,0.0003,0.0000,0.0001,0.0000,272.7944,0.0045,0.0000,0.0000,0.0000,0.0000,0.0000,0.0000,0.0000,0.0000,1,0,0,0,0,0.0002
23.2990,148.1066,0.0864,102.3655,0.0001,0.0003,0.0000,0.0001,0.0000,272.7947,0.0066,0.0000,0.0000,0.0000,0.0000,0.0000,0.0000,0.0000,0.0000,1,0,0,0,0,0.0004
23.3568,148.1066,0.0864,102.3655,0.0001,0.0003,0.0000,0.0001,0.0000,272.7950,0.0053,0.0000,0.0000,0.0000,0.0000,0.0000,0.0000,0.0000,0.0000,1,0,0,0,0,0.0003
23.4095,148.1066,0.0864,102.3655,0.0001,0.0003,0.0000,0.0001,0.0000,272.7953,0.0046,0.0000,0.0000,0.0000,0.0000,0.0000,0.0000,0.0000,0.0000,1,0,0,0,0,0.0003
23.4704,148.1066,0.0864,102.3655,0.0001,0.0003,0.0000,0.0001,0.0000,272.7957,0.0060,0.0000,0.0000,0.0000,0.0000,0.0000,0.0000,0.0000,0.0000,1,0,0,0,0,0.0003
23.5461,148.1066,0.0864,102.3655,0.0001,0.0003,0.0000,0.0001,0.0000,272.7961,0.0056,0.0000,0.0000,0.0000,0.0000,0.0000,0.0000,0.0000,0.0000,1,0,0,0,0,0.0003
23.6035,148.1066,0.0864,102.3655,0.0001,0.0003,0.0000,0.0001,0.0000,272.7964,0.0053,0.0000,0.0000,0.0000,0.0000,0.0000,0.0000,0.0000,0.0000,1,0,0,0,0,0.0003
23.6572,148.1066,0.0864,102.3655,0.0001,0.0003,0.0000,0.0001,0.0000,272.7968,0.0068,0.0000,0.0000,0.0000,0.0000,0.0000,0.0000,0.0000,0.0000,1,0,0,0,0,0.0004
23.7266,148.1066,0.0864,102.3655,0.0001,0.0003,0.0000,0.0001,0.0000,272.7971,0.0053,0.0000,0.0000,0.0000,0.0000,0.0000,0.0000,0.0000,0.0000,1,0,0,0,0,0.0003
23.7862,148.1066,0.0864,102.3655,0.0001,0.0003,0.0000,0.0001,0.0000,272.7975,0.0072,0.0000,0.0000,0.0000,0.0000,0.0000,0.0000,0.0000,0.0000,1,0,0,0,0,0.0004
23.8405,148.1066,0.0864,102.3655,0.0001,0.0003,0.0000,0.0001,0.0000,272.7979,0.0068,0.0000,0.0000,0.0000,0.0000,0.0000,0.0000,0.0000,0.0000,1,0,0,0,0,0.0004
23.9109,148.1066,0.0864,102.3655,0.0001,0.0003,0.0000,0.0001,0.0000,272.7984,0.0069,0.0000,0.0000,0.0000,0.0000,0.0000,0.0000,0.0000,0.0000,1,0,0,0,0,0.0004
23.9653,148.1066,0.0864,102.3655,0.0001,0.0003,0.0000,0.0001,0.0000,272.7988,0.0073,0.0000,0.0000,0.0000,0.0000,0.0000,0.0000,0.0000,0.0000,1,0,0,0,0,0.0004
24.0214,148.1066,0.0864,102.3655,0.0001,0.0003,0.0000,0.0001,0.0000,272.7992,0.0071,0.0000,0.0000,0.0000,0.0000,0.0000,0.0000,0.0000,0.0000,1,0,0,0,0,0.0004
24.0772,148.1066,0.0864,102.3655,0.0001,0.0003,0.0000,0.0001,0.0000,272.7995,0.0060,0.0000,0.0000,0.0000,0.0000,0.0000,0.0000,0.0000,0.0000,1,0,0,0,0,0.0003
24.1464,148.1065,0.0864,102.3655,0.0001,0.0003,0.0000,0.0001,0.0000,272.7999,0.0057,0.0000,0.0000,0.0000,0.0000,0.0000,0.0000,0.0000,0.0000,1,0,0,0,0,0.0003
24.2008,148.1066,0.0864,102.3655,0.0001,0.0003,0.0000,0.0001,0.0000,272.8002,0.0056,0.0000,0.0000,0.0000,0.0000,0.0000,0.0000,0.0000,0.0000,1,0,0,0,0,0.0003
24.2571,148.1066,0.0864,102.3655,0.0001,0.0003,0.0000,0.0001,0.0000,272.8006,0.0060,0.0000,0.0000,0.0000,0.0000,0.0000,0.0000,0.0000,0.0000,1,0,0,0,0,0.0003
24.3129,148.1066,0.0864,102.3655,0.0001,0.0003,0.0000,0.0001,0.0000,272.8009,0.0060,0.0000,0.0000,0.0000,0.0000,0.0000,0.0000,0.0000,0.0000,1,0,0,0,0,0.0003
24.3679,148.1066,0.0864,102.3655,0.0001,0.0003,0.0000,0.0001,0.0000,272.8012,0.0061,0.0000,0.0000,0.0000,0.0000,0.0000,0.0000,0.0000,0.0000,1,0,0,0,0,0.0003
24.4236,148.1066,0.0864,102.3655,0.0001,0.0003,0.0000,0.0001,0.0000,272.8016,0.0060,0.0000,0.0000,0.0000,0.0000,0.0000,0.0000,0.0000,0.0000,1,0,0,0,0,0.0003
24.4788,148.1066,0.0864,102.3655,0.0001,0.0003,0.0000,0.0001,0.0000,272.8019,0.0061,0.0000,0.0000,0.0000,0.0000,0.0000,0.0000,0.0000,0.0000,1,0,0,0,0,0.0003
24.5349,148.1066,0.0864,102.3655,0.0001,0.0003,0.0000,0.0001,0.0000,272.8023,0.0065,0.0000,0.0000,0.0000,0.0000,0.0000,0.0000,0.0000,0.0000,1,0,0,0,0,0.0004
24.5906,148.1066,0.0864,102.3655,0.0001,0.0003,0.0000,0.0001,0.0000,272.8026,0.0060,0.0000,0.0000,0.0000,0.0000,0.0000,0.0000,0.0000,0.0000,1,0,0,0,0,0.0003
24.6462,148.1066,0.0864,102.3655,0.0001,0.0003,0.0000,0.0001,0.0000,272.8028,0.0038,0.0000,0.0000,0.0000,0.0000,0.0000,0.0000,0.0000,0.0000,1,0,0,0,0,0.0002
24.7028,148.1066,0.0864,102.3655,0.0001,0.0003,0.0000,0.0001,0.0000,272.8031,0.0049,0.0000,0.0000,0.0000,0.0000,0.0000,0.0000,0.0000,0.0000,1,0,0,0,0,0.0003
24.7573,148.1066,0.0864,102.3655,0.0001,0.0003,0.0000,0.0001,0.0000,272.8034,0.0056,0.0000,0.0000,0.0000,0.0000,0.0000,0.0000,0.0000,0.0000,1,0,0,0,0,0.0003
24.9319,148.1065,0.0864,102.3655,0.0001,0.0003,0.0000,0.0001,0.0000,272.8043,0.0052,0.0000,0.0000,0.0000,0.0000,0.0000,0.0000,0.0000,0.0000,1,0,0,0,0,0.0003
25.0104,148.1066,0.0864,102.3655,0.0003,0.0012,-0.0001,0.0003,0.0031,272.8040,-0.0035,0.0000,1.0000,0.0000,0.0000,0.0000,0.0000,0.2974,0.0000,1,0,0,0,0,0.0002
25.0625,148.1066,0.0864,102.3655,0.0007,0.0025,-0.0002,0.0007,0.0071,272.8021,-0.0369,0.0000,1.0000,0.0000,0.0000,0.0000,0.0000,0.5612,0.0000,1,0,0,0,0,0.0020
25.1241,148.1065,0.0864,102.3653,0.0013,0.0047,0.0002,0.0013,0.0102,272.7245,-1.2595,-1.0000,1.0000,0.0000,-0.2974,0.0000,0.0000,0.7834,0.0000,1,0,0,0,0,0.0700
25.1873,148.1064,0.0864,102.3652,0.0017,0.0060,0.0004,0.0016,0.0055,272.3106,-6.5501,-1.0000,1.0000,0.0000,-0.6532,-17.6657,279.5377,0.8931,0.0000,1,0,0,0,0,10.3639
25.2455,148.1063,0.0864,102.3650,0.0085,0.0306,0.0084,0.0014,0.1174,271.7834,-9.0466,-1.0000,1.0000,0.0000,-0.8074,-30.7319,224.2292,0.9406,0.0000,1,0,0,0,0,10.5026
25.2994,148.1052,0.0864,102.3649,0.0393,0.1416,0.0393,0.0014,0.5722,271.3676,-7.7185,0.0000,1.0000,0.0000,-0.4483,-35.9980,97.7335,0.9670,0.0000,1,0,0,0,0,5.8584
25.3537,148.1028,0.0864,102.3648,0.0016,0.0058,0.0004,0.0016,-0.6945,271.1528,-3.9535,0.0000,0.0000,0.0000,-0.2490,-29.4516,120.5002,0.6843,0.0000,1,0,0,0,0,6.9141
25.4859,148.1028,0.0864,102.3645,0.0014,0.0052,0.0003,0.0014,-0.0013,271.0006,-1.1518,0.0000,1.0000,0.0000,-0.0607,-18.6840,81.5066,0.8199,0.0000,1,0,0,0,0,4.5921
25.5481,148.1027,0.0864,102.3643,0.0017,0.0061,0.0004,0.0016,0.0042,270.9626,-0.6112,0.0000,1.0000,0.0000,-0.0337,-3.1738,249.0988,0.9000,0.0000,1,0,0,0,0,10.0340
25.6056,148.1024,0.0864,102.3641,0.0112,0.0402,0.0111,0.0014,0.1644,270.9369,-0.4461,0.0000,1.0000,0.0000,-0.0187,-2.3217,14.8112,0.9445,0.0000,1,0,0,0,0,0.8476
25.6598,148.1009,0.0864,102.3640,0.0439,0.1581,0.0439,0.0015,0.6047,270.9221,-0.2726,0.0000,1.0000,0.0000,-0.0104,-1.5378,14.4672,0.9692,0.0000,1,0,0,0,0,0.8189
25.7175,148.0970,0.0864,102.3639,0.0896,0.3224,0.0895,0.0018,0.7917,270.9118,-0.1790,0.0000,1.0000,0.0000,-0.0058,-0.9830,9.6267,0.9829,0.0000,1,0,0,0,0,0.5448
25.7715,148.0906,0.0864,102.3638,0.1422,0.5119,0.1422,0.0018,0.9738,270.6874,-4.1519,-1.0000,1.0000,0.0000,-0.4479,-6.9072,109.6129,0.9905,0.0000,1,0,0,0,0,6.3203
25.8281,148.0807,0.0864,102.3637,0.1989,0.7159,0.1988,0.0017,1.0021,270.2192,-8.2798,-1.0000,1.0000,0.0000,-0.6934,-20.6884,243.6955,0.9947,0.0000,1,0,0,0,0,10.4600
25.8817,148.0683,0.0864,102.3635,0.2576,0.9274,0.2576,0.0014,1.0955,269.6090,-11.3776,-1.0000,1.0000,0.0000,-0.8298,-33.9138,246.6086,0.9971,0.0000,1,0,0,0,0,10.6321
25.9378,148.0521,0.0864,102.3632,0.3176,1.1435,0.3176,0.0010,1.0697,268.9147,-12.3719,-1.0000,1.0000,0.0000,-0.9055,-43.7500,175.2669,0.9984,0.0000,1,0,0,0,0,10.4244
25.9927,148.0328,0.0864,102.3626,0.3783,1.3618,0.3783,0.0005,1.1041,268.1688,-13.5788,-1.0000,1.0000,0.0000,-0.9475,-50.2784,118.8492,0.9991,0.0000,1,0,0,0,0,7.3571
26.0505,148.0090,0.0864,102.3616,0.4393,1.5815,0.4393,0.0001,1.0558,267.3898,-13.4774,-1.0000,1.0000,0.0000,-0.9709,-54.2190,68.1738,0.9995,0.0000,1,0,0,0,0,4.5362
26.1038,147.9838,0.0864,102.3602,0.5006,1.8021,0.5006,0.0006,1.1499,266.8224,-10.6489,0.0000,1.0000,0.0000,-0.5391,-50.6322,67.3220,0.9997,0.0000,1,0,0,0,0,4.3505
26.1603,147.9537,0.0864,102.3583,0.5619,2.0228,0.5619,0.0017,1.0849,266.5016,-5.6783,0.0000,1.0000,0.0000,-0.2993,-37.7298,228.3556,0.9998,0.0000,1,0,0,0,0,10.3619
26.2149,147.9213,0.0864,102.3560,0.6233,2.2440,0.6233,0.0027,1.1258,266.3193,-3.3389,0.0000,1.0000,0.0000,-0.1662,-24.6644,239.3199,0.9999,0.0000,1,0,0,0,0,10.2500
26.2743,147.8823,0.0864,102.3532,0.6971,2.5096,0.6971,0.0035,1.2429,266.1999,-2.0127,0.0000,1.0000,0.0000,-0.0821,-15.6629,151.6800,1.0000,0.0000,1,0,0,0,0,8.6148
26.3266,147.8447,0.0864,102.3504,0.7463,2.6866,0.7463,0.0046,0.9391,266.2086,0.1679,1.0000,1.0000,0.0000,0.1584,-9.1465,124.4697,1.0000,0.0000,1,0,0,0,0,7.0174
26.3955,147.7905,0.0864,102.3465,0.8200,2.9518,0.8199,0.0090,1.0694,266.6492,6.3926,1.0000,1.0000,0.0000,0.5846,9.9104,276.5452,1.0000,0.0000,1,0,0,0,0,10.5192
26.4512,147.7430,0.0864,102.3433,0.8813,3.1728,0.8813,0.0125,1.1029,267.2584,10.9467,1.0000,1.0000,0.0000,0.7693,26.2279,293.1830,1.0000,0.0000,1,0,0,0,0,10.8214
26.5069,147.6919,0.0864,102.3404,0.9550,3.4382,0.9549,0.0162,1.3241,268.1465,15.9540,1.0000,1.0000,0.0000,0.8861,38.6080,222.4004,1.0000,0.0000,1,0,0,0,0,11.1400
26.5646,147.6353,0.0864,102.3378,1.0163,3.6587,1.0161,0.0187,1.0608,268.9621,14.1247,1.0000,1.0000,0.0000,0.9368,47.2130,149.0312,1.0000,0.0000,1,0,1,0,0,29.3401
26.6177,147.5800,0.0864,102.3361,1.0653,3.8352,1.0651,0.0205,0.9238,269.6448,12.8590,1.0000,1.0000,0.0000,0.9605,52.4595,98.8106,1.0000,0.0000,1,0,0,0,0,6.4925
26.6738,147.5182,0.0864,102.3350,1.1389,4.0999,1.1386,0.0231,1.3108,270.7027,18.8641,1.0000,1.0000,0.0000,0.9805,55.5514,55.1356,1.0000,0.0000,1,0,0,0,0,4.4148
26.7299,147.4529,0.0864,102.3348,1.2000,4.3201,1.1998,0.0251,1.0901,271.6060,16.1001,1.0000,1.0000,0.0000,0.9892,57.4648,34.1023,1.0000,0.0000,1,0,0,0,0,3.1023
26.7845,147.3860,0.0864,102.3356,1.2613,4.5408,1.2612,0.0202,1.1231,272.1411,9.8006,-1.0000,1.0000,0.0000,0.2519,54.1474,60.7661,1.0000,0.0000,1,0,0,0,0,4.1612
26.8407,147.3136,0.0864,102.3373,1.3227,4.7617,1.3227,0.0092,1.0903,272.0339,-1.9035,-1.0000,1.0000,0.0000,-0.3049,25.5473,508.2428,1.0000,0.0000,1,0,1,0,0,30.2097
26.8959,147.2392,0.0864,102.3394,1.3842,4.9830,1.3842,0.0011,1.1138,271.5495,-8.7765,-1.0000,1.0000,0.0000,-0.6140,0.0771,461.4113,1.0000,0.0000,1,0,1,0,0,30.4994
26.9508,147.1620,0.0864,102.3413,1.4334,5.1602,1.4334,0.0077,0.8974,271.0015,-9.9929,-1.0000,1.0000,0.0000,-0.7589,-22.3135,408.3188,1.0000,0.0000,1,0,1,0,0,30.6357
27.0064,147.0803,0.0864,102.3426,1.5071,5.4257,1.5071,0.0151,1.3264,270.0240,-17.5778,-1.0000,1.0000,0.0000,-0.8810,-38.7698,295.9391,1.0000,0.0000,1,0,1,0,0,31.1268
27.0762,146.9728,0.0864,102.3429,1.5808,5.6908,1.5806,0.0205,1.0545,268.9384,-15.5477,-1.0000,1.0000,0.0000,-0.9413,-47.4069,123.6952,1.0000,0.0000,1,0,1,0,0,27.9299
27.1332,146.8811,0.0864,102.3417,1.6421,5.9116,1.6419,0.0239,1.0764,267.9861,-16.7129,-1.0000,1.0000,0.0000,-0.9674,-52.5531,90.3153,1.0000,0.0000,1,0,0,0,0,6.1647
27.1897,146.7867,0.0864,102.3390,1.7034,6.1324,1.7032,0.0269,1.0861,267.0063,-17.3522,-1.0000,1.0000,0.0000,-0.9819,-55.7498,56.6108,1.0000,0.0000,1,0,0,0,0,4.3457
27.2427,146.6948,0.0864,102.3348,1.7647,6.3529,1.7645,0.0295,1.1545,266.0068,-18.8319,-1.0000,1.0000,0.0000,-0.9899,-57.5823,34.5286,1.0000,0.0000,1,0,0,0,0,3.2151
27.3011,146.5903,0.0864,102.3283,1.8259,6.5734,1.8257,0.0319,1.0492,264.9923,-17.3831,-1.0000,1.0000,0.0000,-0.9944,-58.6573,18.4192,1.0000,0.0000,1,0,0,0,0,2.2514
27.3546,146.4912,0.0864,102.3205,1.8872,6.7938,1.8869,0.0343,1.1432,263.9653,-19.1788,-1.0000,1.0000,0.0000,-0.9969,-59.2315,10.7215,1.0000,0.0000,1,0,0,0,0,1.9336
27.4098,146.3860,0.0864,102.3103,1.9484,7.0141,1.9481,0.0327,1.1093,263.0553,-16.4957,0.0000,1.0000,0.0000,-0.7009,-59.5653,6.0521,1.0000,0.0000,1,0,0,0,0,1.5043
27.4657,146.2761,0.0864,102.2979,2.0097,7.2348,2.0095,0.0232,1.0961,262.5291,-9.4076,0.0000,1.0000,0.0000,-0.3892,-46.9393,225.7269,1.0000,0.0000,1,0,1,0,0,30.6960
27.5224,146.1615,0.0864,102.2836,2.0711,7.4559,2.0710,0.0137,1.0847,262.2319,-5.2485,0.0000,1.0000,0.0000,-0.2161,-30.8368,284.4168,1.0000,0.0000,1,0,1,0,0,30.3911
27.5921,146.0157,0.0864,102.2640,2.1448,7.7212,2.1448,0.0066,1.0565,262.4544,3.1887,1.0000,1.0000,0.0000,0.3997,-11.2400,280.9200,1.0000,0.0000,1,0,1,0,0,30.2236
27.6457,145.8999,0.0864,102.2484,2.2062,7.9424,2.2061,0.0251,1.1462,263.0652,11.3936,1.0000,1.0000,0.0000,0.6667,14.4244,478.7254,1.0000,0.0000,1,0,1,0,0,30.8035
27.7153,145.7449,0.0864,102.2284,2.2798,8.2073,2.2794,0.0425,1.0569,264.0687,14.4157,1.0000,1.0000,0.0000,0.8354,32.7702,263.5339,1.0000,0.0000,1,0,1,0,0,31.0806
27.7725,145.6133,0.0864,102.2131,2.3531,8.4713,2.3528,0.0413,1.2822,264.8055,12.8809,0.0000,1.0000,0.0000,0.4124,37.4238,81.3600,1.0000,0.0000,1,0,0,0,0,5.4989
27.8291,145.4796,0.0864,102.1991,2.4144,8.6918,2.4142,0.0330,1.0836,265.1256,5.6623,0.0000,1.0000,0.0000,0.2290,28.8836,151.0687,1.0000,0.0000,1,0,1,0,0,28.9121
27.8828,145.3490,0.0864,102.1865,2.4634,8.8683,2.4633,0.0265,0.9114,265.2752,2.7823,0.0000,1.0000,0.0000,0.1430,19.5776,173.0443,1.0000,0.0000,1,0,1,0,0,29.9293
27.9375,145.2131,0.0864,102.1741,2.5248,9.0892,2.5247,0.0200,1.1236,265.3848,2.0059,0.0000,1.0000,0.0000,0.0794,12.5467,128.7277,1.0000,0.0000,1,0,1,0,0,27.3821
27.9926,145.0725,0.0864,102.1618,2.5863,9.3105,2.5862,0.0156,1.1155,265.4439,1.0731,0.0000,1.0000,0.0000,0.0441,7.8392,85.4144,1.0000,0.0000,1,0,0,0,0,4.8951
28.0638,144.8859,0.0864,102.1460,2.6723,9.6202,2.6722,0.0178,1.2077,265.6244,2.5343,1.0000,1.0000,0.0000,0.3168,4.1477,51.8280,1.0000,0.0000,1,0,0,0,0,3.1199
28.1192,144.7369,0.0864,102.1338,2.7337,9.8414,2.7335,0.0346,1.1095,266.2132,10.6323,1.0000,1.0000,0.0000,0.6206,15.1263,198.2555,1.0000,0.0000,1,0,1,0,0,30.7807
28.1764,144.5792,0.0864,102.1218,2.7949,10.0615,2.7945,0.0460,1.0680,266.9145,12.2466,0.0000,1.0000,0.0000,0.4919,29.2967,247.4557,1.0000,0.0000,1,0,1,0,0,30.9274
28.2293,144.4302,0.0864,102.1119,2.8561,10.2819,2.8558,0.0412,1.1571,267.3210,7.6856,0.0000,1.0000,0.0000,0.2732,27.5492,33.0383,1.0000,0.0000,1,0,0,0,0,2.4788
28.2844,144.2717,0.0864,102.1026,2.9174,10.5026,2.9172,0.0326,1.1131,267.5463,4.0903,0.0000,1.0000,0.0000,0.1517,19.8264,140.1987,1.0000,0.0000,1,0,1,0,0,28.1834
28.3398,144.1089,0.0864,102.0942,2.9787,10.7233,2.9786,0.0248,1.1074,267.6704,2.2407,0.0000,1.0000,0.0000,0.0842,12.3434,135.1598,1.0000,0.0000,1,0,1,0,0,27.7582
28.3960,143.9402,0.0864,102.0861,3.0401,10.9445,3.0401,0.0190,1.0932,267.7376,1.1966,0.0000,1.0000,0.0000,0.0468,7.8756,79.4841,1.0000,0.0000,1,0,0,0,0,4.5758
28.4521,143.7683,0.0864,102.0783,3.1016,11.1658,3.1016,0.0150,1.0959,267.7731,0.6316,0.0000,1.0000,0.0000,0.0260,5.4175,43.8186,1.0000,0.0000,1,0,0,0,0,2.5418
28.5206,143.5536,0.0864,102.0691,3.1753,11.4312,3.1752,0.0328,1.0763,268.2690,7.2402,1.0000,1.0000,0.0000,0.5192,9.2828,56.4292,1.0000,0.0000,1,0,0,0,0,3.6921
28.5757,143.3771,0.0864,102.0624,3.2366,11.6518,3.2363,0.0480,1.1116,268.9223,11.8522,0.0000,1.0000,0.0000,0.4356,24.3247,272.8810,1.0000,0.0000,1,0,1,0,0,30.8811
28.6319,143.1937,0.0864,102.0569,3.2978,11.8722,3.2975,0.0443,1.0898,269.3027,6.7706,0.0000,1.0000,0.0000,0.2419,22.5427,31.7224,1.0000,0.0000,1,0,0,0,0,2.3398
28.7011,142.9629,0.0864,102.0518,3.3714,12.1369,3.3712,0.0336,1.0621,269.5424,3.4626,0.0000,1.0000,0.0000,0.1194,16.1847,91.8494,1.0000,0.0000,1,0,0,0,0,5.4447
28.7565,142.7745,0.0864,102.0489,3.4327,12.3578,3.4326,0.0303,1.1087,269.7261,3.3187,1.0000,1.0000,0.0000,0.2760,10.3880,104.7149,1.0000,0.0000,1,0,0,0,0,6.1341
28.8120,142.5820,0.0864,102.0467,3.4941,12.5786,3.4937,0.0491,1.1041,270.3377,11.0106,1.0000,1.0000,0.0000,0.5980,17.0497,119.9222,1.0000,0.0000,1,0,0,0,0,7.4850
28.8676,142.3860,0.0864,102.0459,3.5552,12.7987,3.5544,0.0730,1.1000,271.2477,16.3740,1.0000,1.0000,0.0000,0.7768,29.4588,223.2884,1.0000,0.0000,1,0,1,0,0,31.2176
28.9374,142.1348,0.0864,102.0484,3.6279,13.0606,3.6266,0.0975,1.0417,272.5586,18.7669,1.0000,1.0000,0.0000,0.8898,41.8059,176.7633,1.0000,0.0000,1,0,1,0,0,31.2660
28.9974,141.9150,0.0864,102.0544,3.7005,13.3217,3.6994,0.0896,1.2093,273.4926,15.5716,0.0000,1.0000,0.0000,0.4392,42.8630,17.6228,1.0000,0.0000,1,0,0,0,0,2.2072
29.0507,141.7165,0.0864,102.0629,3.7612,13.5404,3.7606,0.0696,1.1394,273.8984,7.6127,0.0000,1.0000,0.0000,0.2439,29.8216,244.6739,1.0000,0.0000,1,0,1,0,0,30.7005
29.1038,141.5159,0.0864,102.0736,3.8100,13.7161,3.8097,0.0543,0.9202,274.0881,3.5765,0.0000,1.0000,0.0000,0.1523,20.2480,180.4404,1.0000,0.0000,1,0,1,0,0,30.4123
29.1732,141.2488,0.0864,102.0901,3.8959,14.0252,3.8957,0.0342,1.2367,274.2634,2.5246,0.0000,1.0000,0.0000,0.0669,12.8790,106.1490,1.0000,0.0000,1,0,0,0,0,6.1690
29.2446,140.9687,0.0864,102.1090,3.9695,14.2903,3.9695,0.0234,1.0313,274.3305,0.9399,0.0000,1.0000,0.0000,0.0330,6.7789,85.4383,1.0000,0.0000,1,0,0,0,0,4.8871
29.2982,140.7550,0.0864,102.1240,4.0310,14.5117,4.0310,0.0052,1.1480,273.9673,-6.7815,-1.0000,1.0000,0.0000,-0.4264,-1.9031,162.0967,1.0000,0.0000,1,0,1,0,0,29.4015
29.3675,140.4737,0.0864,102.1431,4.1046,14.7767,4.1043,0.0518,1.0625,272.9579,-14.5664,-1.0000,1.0000,0.0000,-0.7168,-20.6649,270.7641,1.0000,0.0000,1,0,1,0,0,30.9987
29.4240,140.2401,0.0864,102.1567,4.1658,14.9968,4.1650,0.0790,1.0814,271.9432,-17.9469,0.0000,1.0000,0.0000,-0.6331,-35.5980,264.1192,1.0000,0.0000,1,0,1,0,0,31.2816
29.4785,140.0115,0.0864,102.1670,4.2267,15.2161,4.2261,0.0714,1.1176,271.3141,-11.5466,0.0000,1.0000,0.0000,-0.3515,-32.9642,48.3410,1.0000,0.0000,1,0,0,0,0,3.5804
29.5360,139.7667,0.0864,102.1752,4.2878,15.4361,4.2875,0.0525,1.0630,270.9604,-6.1520,0.0000,1.0000,0.0000,-0.1952,-22.6020,180.2322,1.0000,0.0000,1,0,1,0,0,30.5254
29.5898,139.5342,0.0864,102.1808,4.3491,15.6568,4.3490,0.0343,1.1397,270.7606,-3.7140,0.0000,1.0000,0.0000,-0.1084,-16.6275,111.0566,1.0000,0.0000,1,0,0,0,0,6.4943
29.6455,139.2901,0.0864,102.1851,4.4105,15.8778,4.4105,0.0200,1.1023,270.6469,-2.0424,0.0000,1.0000,0.0000,-0.0602,-10.3764,112.2201,1.0000,0.0000,1,0,0,0,0,6.4161
29.7011,139.0430,0.0864,102.1885,4.4720,16.0991,4.4720,0.0099,1.1057,270.5811,-1.1829,0.0000,1.0000,0.0000,-0.0334,-5.6164,85.6156,1.0000,0.0000,1,0,0,0,0,4.8555
29.7703,138.7305,0.0864,102.1917,4.5580,16.4089,4.5580,0.0210,1.2427,270.2454,-4.8472,-1.0000,1.0000,0.0000,-0.3901,-4.5439,15.4879,1.0000,0.0000,1,0,0,0,0,1.1989
29.8260,138.4755,0.0864,102.1934,4.6194,16.6298,4.6190,0.0596,1.1029,269.4231,-14.7817,-1.0000,1.0000,0.0000,-0.6613,-17.6928,236.3472,1.0000,0.0000,1,0,1,0,0,31.0148
29.8815,138.2176,0.0864,102.1930,4.6805,16.8496,4.6797,0.0848,1.0994,268.4948,-16.7143,0.0000,1.0000,0.0000,-0.5145,-31.8935,255.6841,1.0000,0.0000,1,0,1,0,0,31.2003
29.9371,137.9561,0.0864,102.1895,4.7414,17.0689,4.7408,0.0740,1.0956,267.9536,-9.7346,0.0000,1.0000,0.0000,-0.2857,-27.8947,71.9391,1.0000,0.0000,1,0,0,0,0,4.7716
29.9926,137.6915,0.0864,102.1830,4.8025,17.2891,4.8022,0.0538,1.1012,267.6492,-5.4811,0.0000,1.0000,0.0000,-0.1586,-20.2854,137.0101,1.0000,0.0000,1,0,1,0,0,28.0843
30.0623,137.3547,0.0864,102.1716,4.8761,17.5541,4.8760,0.0317,1.0566,267.4528,-2.8191,0.0000,1.0000,0.0000,-0.0783,-13.3130,100.0585,1.0000,0.0000,1,0,0,0,0,5.8131
30.1193,137.0755,0.0864,102.1603,4.9375,17.7751,4.9375,0.0181,1.0778,267.3647,-1.5457,0.0000,1.0000,0.0000,-0.0435,-8.1758,90.1878,1.0000,0.0000,1,0,0,0,0,5.1513
30.1739,136.8045,0.0864,102.1484,4.9990,17.9965,4.9990,0.0086,1.1258,267.3133,-0.9421,0.0000,1.0000,0.0000,-0.0241,-4.4172,68.8170,1.0000,0.0000,1,0,0,0,0,3.9012
30.2429,136.4572,0.0864,102.1324,5.0728,18.2621,5.0726,0.0410,1.0685,267.8672,8.0219,1.0000,1.0000,0.0000,0.4944,3.4185,113.4817,1.0000,0.0000,1,0,0,0,0,6.8713
30.2982,136.1751,0.0864,102.1203,5.1340,18.4823,5.1331,0.0925,1.1058,268.8036,16.9320,0.0000,1.0000,0.0000,0.6083,23.1575,356.9086,1.0000,0.0000,1,0,1,0,0,31.2109
30.3533,135.8910,0.0864,102.1107,5.1947,18.7010,5.1938,0.0990,1.1041,269.4628,11.9771,0.0000,1.0000,0.0000,0.3378,25.0273,33.9746,1.0000,0.0000,1,0,0,0,0,2.8387
30.4237,135.5228,0.0864,102.1025,5.2678,18.9640,5.2672,0.0785,1.0380,269.8793,5.9183,0.0000,1.0000,0.0000,0.1667,19.4753,78.8843,1.0000,0.0000,1,0,0,0,0,4.9347
30.4787,135.2311,0.0864,102.0986,5.3289,19.1840,5.3286,0.0589,1.1106,270.0588,3.2617,0.0000,1.0000,0.0000,0.0926,13.3163,111.9315,1.0000,0.0000,1,0,0,0,0,6.5653
30.5346,134.9310,0.0864,102.0964,5.3902,19.4047,5.3900,0.0428,1.0953,270.1568,1.7511,0.0000,1.0000,0.0000,0.0514,8.6337,83.6746,1.0000,0.0000,1,0,0,0,0,4.8649
30.5919,134.6204,0.0864,102.0954,5.4638,19.6698,5.4638,0.0292,1.2871,270.2165,1.0426,0.0000,1.0000,0.0000,0.0254,5.2988,58.2801,1.0000,0.0000,1,0,0,0,0,3.3759
30.6454,134.3265,0.0864,102.0950,5.5130,19.8469,5.5130,0.0230,0.9185,270.2367,0.3772,0.0000,1.0000,0.0000,0.0159,2.7676,47.2588,1.0000,0.0000,1,0,0,0,0,2.7089
30.7151,133.9396,0.0864,102.0953,5.5991,20.1567,5.5991,0.0162,1.2356,270.2525,0.2270,0.0000,1.0000,0.0000,0.0070,1.6454,16.1136,1.0000,0.0000,1,0,0,0,0,0.9511
30.7702,133.6296,0.0864,102.0958,5.6606,20.3780,5.6604,0.0411,1.1151,270.5747,5.8460,1.0000,1.0000,0.0000,0.3793,4.3507,49.0800,1.0000,0.0000,1,0,0,0,0,3.1605
30.8262,133.3113,0.0864,102.0972,5.7217,20.5983,5.7209,0.0987,1.0934,271.4704,16.0033,1.0000,1.0000,0.0000,0.6553,17.2460,230.3983,1.0000,0.0000,1,0,1,0,0,31.1479
30.8816,132.9927,0.0864,102.1013,5.7822,20.8160,5.7801,0.1556,1.0910,272.6903,22.0061,1.0000,1.0000,0.0000,0.8086,28.4924,202.8761,1.0000,0.0000,1,0,1,0,0,31.6261
30.9369,132.6718,0.0864,102.1098,5.8416,21.0298,5.8381,0.2016,1.0743,274.0954,25.4212,1.0000,1.0000,0.0000,0.8937,40.4469,216.2868,1.0000,0.0000,1,0,1,0,0,31.9301
30.9938,132.3383,0.0864,102.1250,5.9001,21.2403,5.8954,0.2362,1.0276,275.6077,26.5751,1.0000,1.0000,0.0000,0.9410,48.1802,135.8929,1.0000,0.0000,1,0,1,0,0,29.6264
31.0481,132.0171,0.0864,102.1467,5.9580,21.4489,5.9540,0.2194,1.0660,276.7086,20.2565,0.0000,1.0000,0.0000,0.5225,48.9984,15.0555,1.0000,0.0000,1,0,0,0,0,2.5141
31.1040,131.6839,0.0864,102.1763,6.0170,21.6610,6.0145,0.1720,1.0543,277.3208,10.9537,0.0000,1.0000,0.0000,0.2901,36.9283,215.9352,1.0000,0.0000,1,0,1,0,0,31.0373
31.1731,131.2683,0.0864,102.2210,6.0890,21.9205,6.0879,0.1165,1.0430,277.7074,5.5948,0.0000,1.0000,0.0000,0.1432,22.8963,203.0871,1.0000,0.0000,1,0,1,0,0,30.5978
31.2294,130.9263,0.0864,102.2621,6.1498,22.1394,6.1493,0.0811,1.0799,277.8736,2.9516,0.0000,1.0000,0.0000,0.0795,13.8669,160.3557,1.0000,0.0000,1,0,1,0,0,29.2703
31.2980,130.5053,0.0864,102.3159,6.2234,22.4044,6.2234,0.0064,1.0732,277.3187,-8.0901,-1.0000,1.0000,0.0000,-0.4671,-0.2804,206.2466,1.0000,0.0000,1,0,1,0,0,30.4649
31.3545,130.1549,0.0864,102.3605,6.2848,22.6252,6.2841,0.0928,1.0863,276.2586,-18.7743,-1.0000,1.0000,0.0000,-0.7041,-17.3028,301.4783,1.0000,0.0000,1,0,1,0,0,31.2644
31.4094,129.8102,0.0864,102.4013,6.3453,22.8430,6.3431,0.1679,1.1015,274.9040,-24.6600,-1.0000,1.0000,0.0000,-0.8357,-33.1491,288.4727,1.0000,0.0000,1,0,1,0,0,31.7668
31.4750,129.3940,0.0864,102.4439,6.4162,23.0983,6.4117,0.2412,1.0816,273.0613,-28.1108,-1.0000,1.0000,0.0000,-0.9189,-43.3832,156.1224,1.0000,0.0000,1,0,1,0,0,30.7990
31.5503,128.9088,0.0864,102.4807,6.4964,23.3870,6.4897,0.2947,1.0642,270.7538,-30.6148,-1.0000,1.0000,0.0000,-0.9644,-52.5089,121.0773,1.0000,0.0000,1,0,1,0,0,29.1079
31.6057,128.5483,0.0864,102.4976,6.5530,23.5907,6.5474,0.2706,1.0222,269.5507,-21.7407,0.0000,1.0000,0.0000,-0.5355,-51.7644,13.4528,1.0000,0.0000,1,0,0,0,0,2.5746
31.6610,128.1842,0.0864,102.5061,6.6109,23.7992,6.6076,0.2093,1.0467,268.8770,-12.1732,0.0000,1.0000,0.0000,-0.2974,-37.9925,248.8433,1.0000,0.0000,1,0,1,0,0,31.1513
31.7150,127.8256,0.0864,102.5074,6.6704,24.0136,6.6689,0.1434,1.1023,268.4999,-6.9790,0.0000,1.0000,0.0000,-0.1651,-25.4627,231.9243,1.0000,0.0000,1,0,1,0,0,30.7102
31.7841,127.3627,0.0864,102.5021,6.7432,24.2755,6.7427,0.0848,1.0537,268.2574,-3.5116,0.0000,1.0000,0.0000,-0.0815,-13.3900,174.8257,1.0000,0.0000,1,0,1,0,0,30.0962
31.8429,126.9643,0.0864,102.4934,6.8045,24.4961,6.8043,0.0517,1.0415,268.1494,-1.8372,0.0000,1.0000,0.0000,-0.0453,-8.1900,88.4045,1.0000,0.0000,1,0,0,0,0,5.1274
31.8966,126.5970,0.0864,102.4837,6.8659,24.7173,6.8659,0.0184,1.1439,268.6099,8.5717,1.0000,1.0000,0.0000,0.4196,0.7378,166.1668,1.0000,0.0000,1,0,1,0,0,29.7478
31.9513,126.2203,0.0864,102.4740,6.9272,24.9380,6.9262,0.1185,1.1218,269.6712,19.4225,1.0000,1.0000,0.0000,0.6777,16.4056,286.7351,1.0000,0.0000,1,0,1,0,0,31.3357
32.0070,125.8325,0.0864,102.4672,6.9873,25.1543,6.9843,0.2061,1.0777,271.0707,25.1013,1.0000,1.0000,0.0000,0.8210,31.8934,277.7802,1.0000,0.0000,1,0,1,0,0,31.8369
32.0620,125.4471,0.0864,102.4663,7.0458,25.3650,7.0410,0.2597,1.0652,272.5463,26.8630,0.0000,1.0000,0.0000,0.6910,42.6372,195.5983,1.0000,0.0000,1,0,1,0,0,32.0454
32.1179,125.0514,0.0864,102.4735,7.1040,25.5744,7.1004,0.2254,1.0401,273.4459,16.0840,0.0000,1.0000,0.0000,0.3837,39.0966,63.2980,1.0000,0.0000,1,0,0,0,0,4.8861
32.1729,124.6591,0.0864,102.4878,7.1632,25.7874,7.1610,0.1760,1.0747,273.9442,9.0529,0.0000,1.0000,0.0000,0.2130,27.8091,205.0690,1.0000,0.0000,1,0,1,0,0,30.8715
32.2287,124.2587,0.0864,102.5079,7.2234,26.0043,7.2223,0.1278,1.0810,274.2189,4.9289,0.0000,1.0000,0.0000,0.1183,19.1622,155.1391,1.0000,0.0000,1,0,1,0,0,29.1580
32.2856,123.8466,0.0864,102.5327,7.2842,26.2233,7.2837,0.0894,1.0690,274.3700,2.6547,0.0000,1.0000,0.0000,0.0657,11.9769,126.2711,1.0000,0.0000,1,0,1,0,0,27.3467
32.3436,123.4234,0.0864,102.5609,7.3455,26.4440,7.3455,0.0031,1.0575,273.9159,-7.8337,-1.0000,1.0000,0.0000,-0.4082,1.3689,182.9843,1.0000,0.0000,1,0,1,0,0,30.4416
32.3979,123.0230,0.0864,102.5875,7.4069,26.6648,7.4061,0.1082,1.1284,272.8276,-20.0140,-1.0000,1.0000,0.0000,-0.6714,-16.0684,320.6878,1.0000,0.0000,1,0,1,0,0,31.3310
32.4653,122.5221,0.0864,102.6157,7.4791,26.9247,7.4757,0.2236,1.0714,271.0642,-26.1724,-1.0000,1.0000,0.0000,-0.8378,-33.9215,264.9803,1.0000,0.0000,1,0,1,0,0,31.9024
32.5210,122.1039,0.0864,102.6316,7.5378,27.1360,7.5341,0.2342,1.0534,269.9304,-20.3519,0.0000,1.0000,0.0000,-0.4652,-37.7073,67.9512,1.0000,0.0000,1,0,0,0,0,5.3718
32.5766,121.6830,0.0864,102.6399,7.5969,27.3489,7.5946,0.1898,1.0640,269.2958,-11.4143,0.0000,1.0000,0.0000,-0.2583,-29.5712,146.3453,1.0000,0.0000,1,0,1,0,0,29.1392
32.6317,121.2627,0.0864,102.6419,7.6570,27.5651,7.6557,0.1371,1.0900,268.9396,-6.4655,0.0000,1.0000,0.0000,-0.1434,-20.4707,165.1981,1.0000,0.0000,1,0,1,0,0,29.8054
32.6871,120.8369,0.0864,102.6392,7.7178,27.7842,7.7173,0.0921,1.0991,268.7388,-3.6268,0.0000,1.0000,0.0000,-0.0796,-13.0108,134.7363,1.0000,0.0000,1,0,1,0,0,27.8659
32.7425,120.4072,0.0864,102.6332,7.7790,28.0044,7.7789,0.0413,1.1036,268.7567,0.3226,1.0000,1.0000,0.0000,0.1655,-7.6675,96.3949,1.0000,0.0000,1,0,0,0,0,5.4529
32.7983,119.9710,0.0864,102.6255,7.8405,28.2256,7.8401,0.0717,1.1004,269.5489,14.1857,1.0000,1.0000,0.0000,0.5366,7.1745,265.7794,1.0000,0.0000,1,0,1,0,0,30.9253
32.8536,119.5358,0.0864,102.6197,7.9012,28.4443,7.8989,0.1905,1.0994,270.8604,23.7316,1.0000,1.0000,0.0000,0.7427,23.4946,295.3147,1.0000,0.0000,1,0,1,0,0,31.6800
32.9096,119.0913,0.0864,102.6192,7.9602,28.6566,7.9549,0.2889,1.0522,272.4656,28.6503,1.0000,1.0000,0.0000,0.8571,36.0458,224.0073,1.0000,0.0000,1,0,1,0,0,32.1361
32.9647,118.6509,0.0864,102.6273,8.0175,28.8630,8.0121,0.2927,1.0404,273.6609,21.6896,0.0000,1.0000,0.0000,0.4759,39.5265,63.1625,1.0000,0.0000,1,0,0,0,0,5.2616
33.0340,118.0930,0.0864,102.6496,8.0991,29.1569,8.0963,0.2141,1.1780,274.4988,12.0903,0.0000,1.0000,0.0000,0.2089,28.3064,161.8939,1.0000,0.0000,1,0,1,0,0,30.0623
33.0897,117.6418,0.0864,102.6756,8.1590,29.3725,8.1575,0.1552,1.0763,274.7893,5.2213,0.0000,1.0000,0.0000,0.1160,18.7226,172.2545,1.0000,0.0000,1,0,1,0,0,30.1452
33.1472,117.1721,0.0864,102.7077,8.2196,29.5906,8.2189,0.1083,1.0536,274.9492,2.7791,0.0000,1.0000,0.0000,0.0644,11.7491,121.2406,1.0000,0.0000,1,0,1,0,0,27.0877
33.2008,116.7318,0.0864,102.7410,8.2809,29.8111,8.2809,0.0031,1.1436,274.4586,-9.1609,-1.0000,1.0000,0.0000,-0.4090,3.1529,160.5232,1.0000,0.0000,1,0,1,0,0,29.4325
33.2567,116.2687,0.0864,102.7764,8.3422,30.0319,8.3411,0.1330,1.0971,273.2864,-20.9667,-1.0000,1.0000,0.0000,-0.6718,-14.8197,321.4676,1.0000,0.0000,1,0,1,0,0,31.4039
33.3124,115.8037,0.0864,102.8083,8.4021,30.2477,8.3983,0.2534,1.0761,271.7297,-27.9419,-1.0000,1.0000,0.0000,-0.8178,-30.7478,285.9114,1.0000,0.0000,1,0,1,0,0,32.0047
33.3682,115.3342,0.0864,102.8328,8.4598,30.4552,8.4527,0.3467,1.0334,269.9549,-31.8151,-1.0000,1.0000,0.0000,-0.8988,-41.3980,190.9108,1.0000,0.0000,1,0,1,0,0,32.3823
33.4247,114.8551,0.0864,102.8469,8.5158,30.6570,8.5090,0.3399,0.9919,268.6427,-23.2270,0.0000,1.0000,0.0000,-0.4991,-43.5642,38.3423,1.0000,0.0000,1,0,0,0,0,4.0193
33.4811,114.3726,0.0864,102.8498,8.5730,30.8627,8.5687,0.2700,1.0116,267.9091,-12.9842,0.0000,1.0000,0.0000,-0.2771,-35.5020,142.7035,1.0000,0.0000,1,0,1,0,0,29.1217
33.5481,113.7966,0.0864,102.8418,8.6446,31.1205,8.6442,0.0805,1.0697,268.2428,4.9853,1.0000,1.0000,0.0000,0.3696,-15.3163,301.5823,1.0000,0.0000,1,0,1,0,0,30.4167
33.6039,113.3122,0.0864,102.8306,8.7060,31.3416,8.7054,0.1011,1.0997,269.3796,20.3507,1.0000,1.0000,0.0000,0.6499,9.6715,447.3103,1.0000,0.0000,1,0,1,0,0,31.3047
33.6594,112.8281,0.0864,102.8216,8.7663,31.5585,8.7626,0.2533,1.0868,270.9368,28.0917,1.0000,1.0000,0.0000,0.8056,27.0373,313.2836,1.0000,0.0000,1,0,1,0,0,31.9941
33.7287,112.2177,0.0864,102.8204,8.8350,31.8061,8.8266,0.3867,0.9917,273.1102,31.3352,1.0000,1.0000,0.0000,0.9040,42.0142,215.9346,1.0000,0.0000,1,0,1,0,0,32.3973
33.7887,111.6861,0.0864,102.8334,8.8999,32.0396,8.8891,0.4378,1.0815,275.2016,34.8670,0.0000,1.0000,0.0000,0.6552,48.9781,116.0983,1.0000,0.0000,1,0,0,0,0,9.1248
33.8416,111.2145,0.0864,102.8577,8.9432,32.1955,8.9349,0.3852,0.8180,276.0281,15.6155,0.0000,1.0000,0.0000,0.4093,41.0419,149.9286,1.0000,0.0000,1,0,1,0,0,29.8430
33.9092,110.6095,0.0864,102.9040,9.0113,32.4405,9.0070,0.2763,1.0071,276.7244,10.3042,0.0000,1.0000,0.0000,0.2020,27.2791,203.6721,1.0000,0.0000,1,0,1,0,0,31.0323
33.9645,110.1122,0.0864,102.9515,9.0703,32.6532,9.0682,0.1958,1.0695,277.0253,5.4468,0.0000,1.0000,0.0000,0.1122,17.6129,175.0083,1.0000,0.0000,1,0,1,0,0,30.3491
34.0205,109.6046,0.0864,103.0059,9.1306,32.8702,9.1296,0.1344,1.0751,277.1909,2.9535,0.0000,1.0000,0.0000,0.0623,9.9408,136.8436,1.0000,0.0000,1,0,1,0,0,27.9873
34.0759,109.1005,0.0864,103.0639,9.1916,33.0897,9.1911,0.0909,1.1015,277.2810,1.6282,0.0000,1.0000,0.0000,0.0346,6.8017,56.6958,1.0000,0.0000,1,0,0,0,0,3.3885
34.1319,108.5872,0.0864,103.1256,9.2528,33.3102,9.2528,0.0398,1.0933,277.1906,-1.6129,-1.0000,1.0000,0.0000,-0.1905,3.8313,53.0184,1.0000,0.0000,1,0,0,0,0,3.0996
34.1907,108.0446,0.0864,103.1915,9.3265,33.5753,9.3256,0.1285,1.2514,276.0073,-20.1146,-1.0000,1.0000,0.0000,-0.6004,-9.0664,219.2356,1.0000,0.0000,1,0,1,0,0,31.3242
34.2428,107.5610,0.0864,103.2470,9.3747,33.7489,9.3714,0.2474,0.9267,274.7859,-23.4647,-1.0000,1.0000,0.0000,-0.7504,-25.8284,322.0262,1.0000,0.0000,1,0,1,0,0,31.6994
34.2998,107.0270,0.0864,103.3003,9.4440,33.9985,9.4374,0.3532,1.2155,272.8718,-33.5614,0.0000,1.0000,0.0000,-0.5794,-37.9567,212.6525,1.0000,0.0000,1,0,1,0,0,32.4255
34.3537,106.5191,0.0864,103.3405,9.4895,34.1620,9.4839,0.3242,0.8442,272.1044,-14.2581,0.0000,1.0000,0.0000,-0.3619,-33.8477,76.3439,1.0000,0.0000,1,0,0,0,0,5.5458
34.4238,105.8518,0.0864,103.3792,9.5712,34.4564,9.5687,0.2211,1.1660,271.3820,-10.3021,0.0000,1.0000,0.0000,-0.1588,-23.0769,153.5938,1.0000,0.0000,1,0,1,0,0,29.4518
34.4795,105.3174,0.0864,103.4014,9.6313,34.6726,9.6301,0.1529,1.0779,271.1270,-4.5745,0.0000,1.0000,0.0000,-0.0882,-13.4708,172.3829,1.0000,0.0000,1,0,1,0,0,30.0691
34.5351,104.7805,0.0864,103.4183,9.6921,34.8916,9.6916,0.1003,1.0934,270.9828,-2.5931,0.0000,1.0000,0.0000,-0.0490,-9.5221,70.9979,1.0000,0.0000,1,0,0,0,0,4.2436
34.5912,104.2357,0.0864,103.4316,9.7531,35.1112,9.7519,0.1564,1.0881,270.2579,-12.9297,-1.0000,1.0000,0.0000,-0.4719,-9.7147,3.4364,1.0000,0.0000,1,0,0,0,0,1.1498
34.6453,103.7062,0.0864,103.4398,9.8130,35.3269,9.8090,0.2794,1.1066,268.8548,-25.9153,-1.0000,1.0000,0.0000,-0.7068,-22.3774,233.8788,1.0000,0.0000,1,0,1,0,0,31.8668
34.7190,102.9811,0.0864,103.4378,9.8816,35.5736,9.8725,0.4230,0.9308,266.6829,-29.4971,-1.0000,1.0000,0.0000,-0.8552,-37.4487,204.6856,1.0000,0.0000,1,0,1,0,0,32.2808
34.7734,102.4419,0.0864,103.4222,9.9360,35.7696,9.9271,0.4203,1.0005,265.3014,-25.3857,0.0000,1.0000,0.0000,-0.4749,-39.8910,44.8799,1.0000,0.0000,1,0,0,0,0,4.5382
34.8259,101.9188,0.0864,103.3951,9.9920,35.9711,9.9863,0.3369,1.0646,264.5295,-14.6839,0.0000,1.0000,0.0000,-0.2637,-31.2400,164.5736,1.0000,0.0000,1,0,1,0,0,30.4645
34.8953,101.2249,0.0864,103.3446,10.0620,36.2233,10.0595,0.2271,1.0096,264.0370,-7.0983,0.0000,1.0000,0.0000,-0.1302,-20.1598,159.6987,1.0000,0.0000,1,0,1,0,0,29.6051
34.9515,100.6602,0.0864,103.2947,10.1221,36.4395,10.1205,0.1782,1.0695,263.6733,-6.4762,-1.0000,1.0000,0.0000,-0.2820,-11.8438,148.0877,1.0000,0.0000,1,0,1,0,0,28.8510
35.0068,100.1016,0.0864,103.2392,10.1820,36.6553,10.1787,0.2613,1.0845,262.5460,-20.3925,-1.0000,1.0000,0.0000,-0.6013,-18.6371,122.8827,1.0000,0.0000,1,0,1,0,0,28.3447
35.0623,99.5385,0.0864,103.1750,10.2402,36.8645,10.2339,0.3576,1.0475,261.0375,-27.1868,0.0000,1.0000,0.0000,-0.5689,-30.7981,219.1782,1.0000,0.0000,1,0,1,0,0,32.0342
35.1181,98.9704,0.0864,103.0993,10.2972,37.0698,10.2919,0.3294,1.0215,260.0946,-16.8975,0.0000,1.0000,0.0000,-0.3159,-29.2794,27.2156,1.0000,0.0000,1,0,0,0,0,2.9306
35.1744,98.3949,0.0864,103.0120,10.3554,37.2795,10.3523,0.2556,1.0342,259.5672,-9.3600,0.0000,1.0000,0.0000,-0.1754,-21.6570,135.2776,1.0000,0.0000,1,0,1,0,0,28.4057
35.2288,97.8377,0.0864,102.9193,10.4151,37.4943,10.4135,0.1817,1.0974,259.2711,-5.4450,0.0000,1.0000,0.0000,-0.0974,-14.2511,136.2093,1.0000,0.0000,1,0,1,0,0,28.1313
35.2859,97.2494,0.0864,102.8152,10.4757,37.7126,10.4750,0.1218,1.0606,259.1040,-2.9231,0.0000,1.0000,0.0000,-0.0541,-9.1273,89.6234,1.0000,0.0000,1,0,0,0,0,5.3159
35.3410,96.6802,0.0864,102.7103,10.5369,37.9328,10.5366,0.0779,1.1108,259.0088,-1.7296,0.0000,1.0000,0.0000,-0.0300,-5.4763,66.2991,1.0000,0.0000,1,0,0,0,0,3.8903
35.3953,96.1162,0.0864,102.6040,10.5983,38.1539,10.5981,0.0604,1.1309,259.6333,11.5023,1.0000,1.0000,0.0000,0.4280,2.9458,155.1187,1.0000,0.0000,1,0,1,0,0,29.3422
35.4535,95.5077,0.0864,102.4909,10.6709,38.4153,10.6670,0.2894,1.2479,261.3738,29.9047,1.0000,1.0000,0.0000,0.7177,18.7324,271.2420,1.0000,0.0000,1,0,1,0,0,32.0682
35.5083,94.9304,0.0864,102.3909,10.7169,38.5809,10.7095,0.3977,0.8394,262.7177,24.5275,0.0000,1.0000,0.0000,0.6140,33.3855,267.4397,1.0000,0.0000,1,0,1,0,0,31.9194
35.5660,94.3175,0.0864,102.2969,10.7843,38.8236,10.7780,0.3691,1.1690,263.9011,20.5194,0.0000,1.0000,0.0000,0.3031,31.7795,27.8469,1.0000,0.0000,1,0,0,0,0,3.2004
35.6179,93.7613,0.0864,102.2220,10.8303,38.9891,10.8260,0.3056,0.8850,264.3339,8.3344,0.0000,1.0000,0.0000,0.1893,21.4637,198.6345,1.0000,0.0000,1,0,1,0,0,30.8863
35.6895,92.9881,0.0864,102.1305,10.9133,39.2878,10.9115,0.1959,1.1586,264.7363,5.6191,0.0000,1.0000,0.0000,0.0831,14.0866,103.0136,1.0000,0.0000,1,0,0,0,0,6.3044
35.7442,92.3928,0.0864,102.0673,10.9734,39.5041,10.9705,0.2504,1.0978,265.5706,15.2444,1.0000,1.0000,0.0000,0.4909,12.7202,24.9676,1.0000,0.0000,1,0,0,0,0,2.5763
35.7983,91.8006,0.0864,102.0111,11.0318,39.7144,11.0249,0.3889,1.0803,267.1133,28.5288,1.0000,1.0000,0.0000,0.7173,24.0539,209.5843,1.0000,0.0000,1,0,1,0,0,32.1137
35.8541,91.1863,0.0864,101.9635,11.0867,39.9121,11.0741,0.5288,0.9852,269.0546,34.8262,1.0000,1.0000,0.0000,0.8430,35.7079,209.0761,1.0000,0.0000,1,0,1,0,0,32.6502
35.9092,90.5750,0.0864,101.9309,11.1376,40.0954,11.1220,0.5892,0.9241,270.9185,33.8242,0.0000,1.0000,0.0000,0.6154,44.9553,167.8074,1.0000,0.0000,1,0,1,0,0,31.9953
35.9646,89.9562,0.0864,101.9150,11.1889,40.2800,11.1777,0.5015,0.9245,271.9883,19.2830,0.0000,1.0000,0.0000,0.3417,38.0428,124.6004,1.0000,0.0000,1,0,1,0,0,28.6659
36.0202,89.3330,0.0864,101.9145,11.2437,40.4772,11.2373,0.3796,0.9851,272.5819,10.6778,0.0000,1.0000,0.0000,0.1898,24.7855,238.4774,1.0000,0.0000,1,0,1,0,0,31.0997
36.0900,88.5465,0.0864,101.9302,11.3134,40.7281,11.3106,0.2512,0.9989,272.9555,5.3554,0.0000,1.0000,0.0000,0.0937,16.8439,113.8305,1.0000,0.0000,1,0,0,0,0,6.9545
36.1462,87.9092,0.0864,101.9523,11.3734,40.9441,11.3721,0.1665,1.0671,273.1217,2.9554,0.0000,1.0000,0.0000,0.0520,10.2158,117.8855,1.0000,0.0000,1,0,0,0,0,6.9330
36.2006,87.2903,0.0864,101.9793,11.4342,41.1631,11.4337,0.1049,1.1197,273.2185,1.7821,0.0000,1.0000,0.0000,0.0289,5.3617,89.3335,1.0000,0.0000,1,0,0,0,0,5.1997
36.2724,86.4676,0.0864,102.0201,11.5078,41.4281,11.5076,0.0667,1.0254,272.5629,-9.1314,-1.0000,1.0000,0.0000,-0.4305,-2.9032,115.1094,1.0000,0.0000,1,0,0,0,0,6.9891
36.3260,85.8489,0.0864,102.0497,11.5684,41.6463,11.5648,0.2911,1.1294,271.0639,-27.9303,-1.0000,1.0000,0.0000,-0.6838,-18.2090,285.1897,1.0000,0.0000,1,0,1,0,0,31.9292
36.3819,85.2008,0.0864,102.0724,11.6255,41.8519,11.6155,0.4829,1.0215,269.1146,-34.8628,-1.0000,1.0000,0.0000,-0.8244,-31.8089,243.2370,1.0000,0.0000,1,0,1,0,0,32.5600
36.4368,84.5617,0.0864,102.0808,11.6777,42.0396,11.6621,0.6026,0.9504,267.0624,-37.4146,0.0000,1.0000,0.0000,-0.6928,-42.8184,200.7144,1.0000,0.0000,1,0,1,0,0,32.8527
36.4925,83.9103,0.0864,102.0714,11.7285,42.2227,11.7162,0.5375,0.9138,265.8069,-22.5564,0.0000,1.0000,0.0000,-0.3847,-37.5946,93.8519,1.0000,0.0000,1,0,0,0,0,7.1545
36.5503,83.2312,0.0864,102.0440,11.7826,42.4174,11.7753,0.4137,0.9353,265.1057,-12.1283,0.0000,1.0000,0.0000,-0.2136,-27.5503,173.7302,1.0000,0.0000,1,0,1,0,0,30.8521
36.6052,82.5837,0.0864,102.0048,11.8401,42.6243,11.8372,0.2614,1.0467,264.8768,-4.1681,1.0000,1.0000,0.0000,0.0911,-17.9024,175.7197,1.0000,0.0000,1,0,1,0,0,30.3249
36.6593,81.9426,0.0864,101.9582,11.9006,42.8423,11.9006,0.0141,1.1184,265.7757,16.6014,1.0000,1.0000,0.0000,0.4953,4.2228,408.6514,1.0000,0.0000,1,0,1,0,0,30.9400
36.7286,81.1178,0.0864,101.8986,11.9732,43.1035,11.9683,0.3434,1.0478,267.8035,29.2815,1.0000,1.0000,0.0000,0.7509,21.2761,246.2494,1.0000,0.0000,1,0,1,0,0,32.0570
36.7842,80.4509,0.0864,101.8606,12.0289,43.3040,12.0158,0.5602,1.0007,269.9219,38.0753,1.0000,1.0000,0.0000,0.8617,36.0187,264.9767,1.0000,0.0000,1,0,1,0,0,32.8139
36.8396,79.7833,0.0864,101.8405,12.0747,43.4691,12.0585,0.6254,0.8279,272.1934,40.9981,0.0000,1.0000,0.0000,0.8122,46.9979,198.1642,1.0000,0.0000,1,0,1,0,0,33.0546
36.9091,78.9416,0.0864,101.8475,12.1438,43.7178,12.1317,0.5424,0.9938,274.0818,27.1631,0.0000,1.0000,0.0000,0.3564,40.5832,92.2671,1.0000,0.0000,1,0,0,0,0,7.3050
36.9783,78.0999,0.0864,101.8801,12.2092,43.9532,12.2028,0.3979,0.9451,274.8292,10.8015,0.0000,1.0000,0.0000,0.1759,25.3767,219.7640,1.0000,0.0000,1,0,1,0,0,31.0889
37.0354,77.4030,0.0864,101.9215,12.2671,44.1614,12.2638,0.2850,1.0138,275.1520,5.6579,0.0000,1.0000,0.0000,0.0977,17.3066,141.4698,1.0000,0.0000,1,0,1,0,0,28.5223
37.0896,76.7376,0.0864,101.9695,12.3268,44.3763,12.3257,0.1617,1.1002,275.1609,0.1637,-1.0000,1.0000,0.0000,-0.1554,10.2313,130.4040,1.0000,0.0000,1,0,1,0,0,27.4505
37.1598,75.8733,0.0864,102.0378,12.4002,44.6408,12.3993,0.1507,1.0477,273.7962,-19.4612,-1.0000,1.0000,0.0000,-0.5831,-8.2737,263.8976,1.0000,0.0000,1,0,1,0,0,31.2635
37.2144,75.1964,0.0864,102.0873,12.4596,44.8546,12.4528,0.4124,1.0877,271.9302,-34.1778,-1.0000,1.0000,0.0000,-0.7685,-26.4280,332.5210,1.0000,0.0000,1,0,1,0,0,32.3952
37.2707,74.4937,0.0864,102.1264,12.5137,45.0494,12.4982,0.6240,0.9605,269.7077,-39.4417,-1.0000,1.0000,0.0000,-0.8715,-40.5525,250.6538,1.0000,0.0000,1,0,1,0,0,32.9391
37.3412,73.6096,0.0864,102.1463,12.5821,45.2957,12.5697,0.5593,0.9705,267.6145,-29.6922,0.0000,1.0000,0.0000,-0.3824,-40.4792,1.0402,1.0000,0.0000,1,0,0,0,0,2.3741
37.3954,72.9269,0.0864,102.1418,12.6250,45.4501,12.6164,0.4667,0.7917,266.9963,-11.4124,0.0000,1.0000,0.0000,-0.2389,-29.1970,208.2790,1.0000,0.0000,1,0,1,0,0,31.1885
37.4505,72.2287,0.0864,102.1232,12.6816,45.6536,12.6773,0.3283,1.0245,266.5953,-7.2666,1.0000,1.0000,0.0000,-0.0216,-17.6102,209.9834,1.0000,0.0000,1,0,1,0,0,30.7920
37.5201,71.3446,0.0864,102.0869,12.7660,45.9577,12.7657,0.0875,1.2145,267.8867,18.5698,1.0000,1.0000,0.0000,0.5517,0.0403,253.8105,1.0000,0.0000,1,0,1,0,0,31.1345
37.5773,70.6126,0.0864,102.0569,12.8261,46.1739,12.8202,0.3903,1.0491,269.7219,32.0501,1.0000,1.0000,0.0000,0.7510,19.5271,340.3300,1.0000,0.0000,1,0,1,0,0,32.2370
37.6313,69.9201,0.0864,102.0381,12.8807,46.3705,12.8651,0.6333,1.0128,271.9480,41.2970,1.0000,1.0000,0.0000,0.8618,34.5443,278.5833,1.0000,0.0000,1,0,1,0,0,33.0318
37.7006,69.0251,0.0864,102.0451,12.9300,46.5481,12.9149,0.6259,0.7112,274.7266,40.0519,0.0000,1.0000,0.0000,0.7221,46.3711,170.4786,1.0000,0.0000,1,0,1,0,0,32.4223
37.7586,68.2749,0.0864,102.0822,12.9792,46.7253,12.9663,0.5800,0.8487,276.1241,24.1000,0.0000,1.0000,0.0000,0.4010,39.2787,122.3094,1.0000,0.0000,1,0,1,0,0,28.8042
37.8119,67.5838,0.0864,102.1332,13.0327,46.9176,13.0240,0.4741,1.0028,276.8999,14.5618,0.0000,1.0000,0.0000,0.2226,31.0001,155.3803,1.0000,0.0000,1,0,1,0,0,29.9869
37.8689,66.8422,0.0864,102.2024,13.0892,47.1210,13.0844,0.3522,0.9906,277.3298,7.5387,0.0000,1.0000,0.0000,0.1236,18.1106,226.0434,1.0000,0.0000,1,0,1,0,0,30.8224
37.9235,66.1298,0.0864,102.2793,13.1480,47.3327,13.1463,0.2092,1.0768,277.3902,1.1068,-1.0000,1.0000,0.0000,-0.1410,12.3689,105.1165,1.0000,0.0000,1,0,0,0,0,6.1400
37.9793,65.4001,0.0864,102.3641,13.2091,47.5528,13.2089,0.0850,1.0970,276.3129,-19.3282,-1.0000,1.0000,0.0000,-0.5230,-7.3038,352.9336,1.0000,0.0000,1,0,1,0,0,31.1703
38.0344,64.6755,0.0864,102.4464,13.2691,47.7689,13.2633,0.3920,1.0897,274.4781,-33.3127,-1.0000,1.0000,0.0000,-0.7352,-23.8783,300.9354,1.0000,0.0000,1,0,1,0,0,32.2938
38.0897,63.9434,0.0864,102.5185,13.3238,47.9656,13.3088,0.6314,0.9875,272.2796,-39.7413,0.0000,1.0000,0.0000,-0.7419,-36.9872,236.9629,1.0000,0.0000,1,0,1,0,0,32.9187
38.1452,63.2044,0.0864,102.5711,13.3725,48.1411,13.3597,0.5852,0.8784,270.8020,-26.6174,0.0000,1.0000,0.0000,-0.4120,-35.8833,19.8874,1.0000,0.0000,1,0,0,0,0,3.2401
38.2016,62.4488,0.0864,102.6060,13.4259,48.3332,13.4172,0.4819,0.9451,269.9774,-14.6070,0.0000,1.0000,0.0000,-0.2288,-28.0606,138.5584,1.0000,0.0000,1,0,1,0,0,29.0475
38.2579,61.6927,0.0864,102.6255,13.4824,48.5367,13.4777,0.3562,1.0059,269.5161,-8.2063,0.0000,1.0000,0.0000,-0.1270,-18.9263,162.5150,1.0000,0.0000,1,0,1,0,0,29.8808
38.3130,60.9479,0.0864,102.6336,13.5413,48.7488,13.5391,0.2472,1.0685,269.2570,-4.7000,0.0000,1.0000,0.0000,-0.0705,-11.8734,127.9413,1.0000,0.0000,1,0,1,0,0,27.6428
38.3817,60.0150,0.0864,102.6340,13.6143,49.0116,13.6142,0.0659,1.0627,270.1886,13.5606,1.0000,1.0000,0.0000,0.4715,2.0001,201.9582,1.0000,0.0000,1,0,1,0,0,30.8260
38.4368,59.2624,0.0864,102.6350,13.6746,49.2285,13.6691,0.3876,1.0929,271.9507,31.9585,1.0000,1.0000,0.0000,0.7066,19.8717,324.1268,1.0000,0.0000,1,0,1,0,0,32.2007
38.4922,58.5028,0.0864,102.6468,13.7288,49.4236,13.7133,0.6515,0.9777,274.1938,40.4646,1.0000,1.0000,0.0000,0.8371,34.3896,261.8895,1.0000,0.0000,1,0,1,0,0,32.9599
38.5500,57.7094,0.0864,102.6865,13.7681,49.5651,13.7522,0.6620,0.6801,276.7076,43.5111,1.0000,1.0000,0.0000,0.9095,45.1615,186.4503,1.0000,0.0000,1,0,1,0,0,33.1385
38.6113,56.8682,0.0864,102.7696,13.8148,49.7332,13.8005,0.6282,0.7621,279.5659,46.6308,0.0000,1.0000,0.0000,0.6579,50.1163,80.8350,1.0000,0.0000,1,0,0,0,0,7.7635
38.6741,56.0073,0.0864,102.8884,13.8759,49.9532,13.8687,0.4453,0.9730,280.5180,15.1654,-1.0000,1.0000,0.0000,-0.0506,32.7194,277.0990,1.0000,0.0000,1,0,1,0,0,31.3239
38.7285,55.2598,0.0864,103.0069,13.9348,50.1652,13.9346,0.0653,1.0818,279.5822,-17.1866,-1.0000,1.0000,0.0000,-0.4728,13.0346,361.5393,1.0000,0.0000,1,0,1,0,0,31.0251
38.7850,54.4814,0.0864,103.1342,13.9957,50.3844,13.9920,0.3203,1.0779,277.7770,-31.9514,-1.0000,1.0000,0.0000,-0.7073,-12.7321,456.0515,1.0000,0.0000,1,0,1,0,0,32.1184
38.8392,53.7315,0.0864,103.2492,14.0518,50.5863,14.0373,0.6368,1.0363,275.4836,-42.3787,-1.0000,1.0000,0.0000,-0.8375,-33.0182,374.8671,1.0000,0.0000,1,0,1,0,0,33.0341
38.9091,52.7536,0.0864,103.3656,14.0991,50.7568,14.0833,0.6670,0.6766,272.3807,-44.3355,-1.0000,1.0000,0.0000,-0.9198,-42.8013,139.7824,1.0000,0.0000,1,0,1,0,0,30.9384
38.9794,51.7633,0.0864,103.4255,14.1430,50.9148,14.1269,0.6736,0.6245,269.0762,-47.0297,-1.0000,1.0000,0.0000,-0.9604,-51.2185,119.7959,1.0000,0.0000,1,0,0,0,0,9.9825
39.0480,50.7920,0.0864,103.4249,14.1855,51.0679,14.1693,0.6773,0.6202,265.6683,-49.6927,-1.0000,1.0000,0.0000,-0.9804,-55.5947,63.8118,1.0000,0.0000,1,0,0,0,0,7.0220
39.1086,49.9329,0.0864,103.3747,14.2295,51.2263,14.2153,0.6362,0.7264,262.5665,-51.2040,0.0000,1.0000,0.0000,-0.6929,-57.5474,32.2336,1.0000,0.0000,1,0,0,0,0,5.3061
39.1594,49.2123,0.0864,103.3036,14.2678,51.3641,14.2552,0.5989,0.7532,261.3439,-24.0546,0.0000,1.0000,0.0000,-0.4328,-45.9751,227.6961,1.0000,0.0000,1,0,1,0,0,31.9660
39.2162,48.4059,0.0864,103.2047,14.3211,51.5559,14.3117,0.5175,0.9377,260.4355,-15.9898,0.0000,1.0000,0.0000,-0.2403,-32.6036,235.3470,1.0000,0.0000,1,0,1,0,0,31.4304
39.2702,47.6384,0.0864,103.0952,14.3771,51.7576,14.3717,0.3924,1.0371,259.9277,-9.4000,0.0000,1.0000,0.0000,-0.1335,-21.1557,211.9353,1.0000,0.0000,1,0,1,0,0,30.9317
39.3409,46.6317,0.0864,102.9348,14.4595,52.0542,14.4576,0.2374,1.1656,259.5674,-5.0966,0.0000,1.0000,0.0000,-0.0586,-11.6398,134.5993,1.0000,0.0000,1,0,1,0,0,28.0072
39.3955,45.8524,0.0864,102.8018,14.5203,52.2732,14.5203,0.0291,1.1147,260.2919,13.2757,1.0000,1.0000,0.0000,0.4122,-2.9014,160.1130,1.0000,0.0000,1,0,1,0,0,29.6628
39.4507,45.0611,0.0864,102.6659,14.5809,52.4913,14.5759,0.3829,1.0977,262.0150,31.2192,1.0000,1.0000,0.0000,0.6736,15.0835,325.8649,1.0000,0.0000,1,0,1,0,0,32.1283
39.5063,44.2594,0.0864,102.5375,14.6342,52.6832,14.6192,0.6627,0.9586,264.2981,41.0677,1.0000,1.0000,0.0000,0.8188,33.0604,323.3528,1.0000,0.0000,1,0,1,0,0,32.9608
39.5765,43.2381,0.0864,102.4142,14.6795,52.8461,14.6638,0.6774,0.6445,267.4395,44.7455,1.0000,1.0000,0.0000,0.9105,42.9128,140.3370,1.0000,0.0000,1,0,1,0,0,30.9745
39.6454,42.2269,0.0864,102.3469,14.7316,53.0337,14.7191,0.6071,0.7563,269.6455,32.0062,0.0000,1.0000,0.0000,0.4495,43.5660,9.4761,1.0000,0.0000,1,0,0,0,0,2.9227
39.7183,41.1519,0.0864,102.3117,14.8062,53.3024,14.7978,0.4983,1.0245,270.8521,16.5652,0.0000,1.0000,0.0000,0.1973,29.4463,193.8503,1.0000,0.0000,1,0,1,0,0,31.4251
39.7699,40.3863,0.0864,102.3024,14.8514,53.4649,14.8460,0.3999,0.8744,271.2054,6.8438,0.0000,1.0000,0.0000,0.1232,17.1646,237.8888,1.0000,0.0000,1,0,1,0,0,30.7841
39.8270,39.5358,0.0864,102.3037,14.9217,53.7181,14.9193,0.2678,1.2310,271.5012,5.1768,0.0000,1.0000,0.0000,0.0608,11.9838,90.6672,1.0000,0.0000,1,0,0,0,0,5.5939
39.8818,38.7171,0.0864,102.3132,14.9698,53.8913,14.9685,0.1988,0.8781,271.6080,1.9492,0.0000,1.0000,0.0000,0.0380,7.0802,89.5107,1.0000,0.0000,1,0,0,0,0,5.2803
39.9363,37.8987,0.0864,102.3287,15.0300,54.1081,15.0264,0.3324,1.1042,272.5604,17.4602,1.0000,1.0000,0.0000,0.4658,11.4973,80.9794,1.0000,0.0000,1,0,0,0,0,5.8006
39.9920,37.0615,0.0864,102.3541,15.0869,54.3127,15.0748,0.6036,1.0219,274.4449,33.8883,1.0000,1.0000,0.0000,0.7034,24.1972,228.3708,1.0000,0.0000,1,0,1,0,0,32.4828
40.0614,36.0144,0.0864,102.4195,15.1464,54.5270,15.1333,0.6307,0.8576,277.5267,44.3999,0.0000,1.0000,0.0000,0.5724,37.3384,189.3317,1.0000,0.0000,1,0,1,0,0,33.0913
40.1167,35.1789,0.0864,102.5043,15.1968,54.7084,15.1855,0.5862,0.9101,278.7720,22.4915,0.0000,1.0000,0.0000,0.3179,32.3185,90.6605,1.0000,0.0000,1,0,0,0,0,6.8649
40.1884,34.0958,0.0864,102.6408,15.2625,54.9449,15.2555,0.4618,0.9162,279.5586,10.9719,0.0000,1.0000,0.0000,0.1569,23.7746,119.1848,1.0000,0.0000,1,0,0,0,0,7.6848
40.2427,33.2744,0.0864,102.7598,15.3199,55.1517,15.3172,0.2905,1.0584,279.7000,2.6059,-1.0000,1.0000,0.0000,-0.1226,14.7928,165.4737,1.0000,0.0000,1,0,1,0,0,29.6222
40.2977,32.4400,0.0864,102.8890,15.3807,55.3706,15.3804,0.0930,1.1053,278.5342,-21.1924,-1.0000,1.0000,0.0000,-0.5128,-3.4791,332.1451,1.0000,0.0000,1,0,1,0,0,31.2680
40.3672,31.3815,0.0864,103.0490,15.4515,55.6252,15.4408,0.5751,1.0189,276.0286,-36.0848,-1.0000,1.0000,0.0000,-0.7595,-24.5060,302.8291,1.0000,0.0000,1,0,1,0,0,32.5630
40.4368,30.3107,0.0864,103.1771,15.5003,55.8012,15.4851,0.6872,0.7015,272.8903,-45.0447,-1.0000,1.0000,0.0000,-0.8813,-39.6987,218.0601,1.0000,0.0000,1,0,1,0,0,33.1675
40.4955,29.4023,0.0864,103.2354,15.5414,55.9489,15.5258,0.6956,0.6996,269.4382,-58.8500,-1.0000,1.0000,0.0000,-0.9414,-47.2835,129.3056,1.0000,0.0000,1,0,1,0,0,31.1244
40.5476,28.5916,0.0864,103.2463,15.5677,56.0438,15.5520,0.6999,0.5056,267.0434,-45.9450,-1.0000,1.0000,0.0000,-0.9634,-53.4466,118.2389,1.0000,0.0000,1,0,0,0,0,9.7957
40.6034,27.7225,0.0864,103.2132,15.5998,56.1594,15.5840,0.7033,0.5750,263.9893,-54.7237,-1.0000,1.0000,0.0000,-0.9797,-55.9842,45.4686,1.0000,0.0000,1,0,0,0,0,6.2425
40.6728,26.6432,0.0864,103.1063,15.6438,56.3178,15.6279,0.7060,0.6337,259.6485,-62.5167,-1.0000,1.0000,0.0000,-0.9911,-57.6658,24.2191,1.0000,0.0000,1,0,0,0,0,5.4956
40.7449,25.5302,0.0864,102.9174,15.6811,56.4520,15.6651,0.7076,0.5172,255.8939,-52.0781,-1.0000,1.0000,0.0000,-0.9956,-58.8721,16.7324,1.0000,0.0000,1,0,0,0,0,4.4996
40.7987,24.7086,0.0864,102.7250,15.7119,56.5627,15.6959,0.7085,0.5722,252.7508,-58.4618,-1.0000,1.0000,0.0000,-0.9976,-59.3748,9.3496,1.0000,0.0000,1,0,0,0,0,4.4437
40.8540,23.8746,0.0864,102.4814,15.7426,56.6733,15.7266,0.7093,0.5560,249.5985,-57.0567,-1.0000,1.0000,0.0000,-0.9986,-59.6993,5.8732,1.0000,0.0000,1,0,0,0,0,4.1719
40.9243,22.8321,0.0864,102.1052,15.7793,56.8053,15.7633,0.7102,0.5213,245.8065,-53.9189,-1.0000,1.0000,0.0000,-0.9993,-59.8273,1.8205,1.0000,0.0000,1,0,0,0,0,3.7718
40.9822,21.9929,0.0864,101.7402,15.8159,56.9371,15.7999,0.7108,0.6319,242.0060,-65.5971,-1.0000,1.0000,0.0000,-0.9997,-59.9120,1.4608,1.0000,0.0000,1,0,0,0,0,4.3996
41.0382,21.2021,0.0864,101.3413,15.8461,57.0461,15.8302,0.7114,0.5408,238.8331,-56.6898,-1.0000,1.0000,0.0000,-0.9998,-59.9484,0.6505,1.0000,0.0000,1,0,0,0,0,3.8590
41.0917,20.4661,0.0864,100.9182,15.8704,57.1336,15.8545,0.7121,0.4540,236.2911,-47.4818,-1.0000,1.0000,0.0000,-0.9999,-59.9714,0.4303,1.0000,0.0000,1,0,0,0,0,3.3348
41.1460,19.7431,0.0864,100.4487,15.9006,57.2421,15.8846,0.7127,0.5553,233.1093,-58.6324,-1.0000,1.0000,0.0000,-0.9999,-59.9845,0.2409,1.0000,0.0000,1,0,0,0,0,3.9431
41.2024,19.0187,0.0864,99.9193,15.9308,57.3510,15.9149,0.7133,0.5367,229.9227,-56.5262,-1.0000,1.0000,0.0000,-1.0000,-59.9913,0.1204,1.0000,0.0000,1,0,0,0,0,3.8187
41.2592,18.3187,0.0864,99.3439,15.9669,57.4809,15.9510,0.7138,0.6351,226.0927,-67.4057,-1.0000,1.0000,0.0000,-1.0000,-59.9952,0.0687,1.0000,0.0000,1,0,0,0,0,4.4192
41.3154,17.6584,0.0864,98.7349,15.9969,57.5889,15.9810,0.7145,0.5336,222.8959,-56.8581,-1.0000,1.0000,0.0000,-1.0000,-59.9975,0.0406,1.0000,0.0000,1,0,0,0,0,3.8310
41.3696,17.0542,0.0864,98.1125,16.0208,57.6749,16.0048,0.7151,0.4408,220.3352,-47.2566,-1.0000,1.0000,0.0000,-1.0000,-59.9985,0.0196,1.0000,0.0000,1,0,0,0,0,3.2960
41.4249,16.4723,0.0864,97.4424,16.0505,57.7820,16.0346,0.7157,0.5374,217.1301,-57.9083,-1.0000,1.0000,0.0000,-1.0000,-59.9992,0.0121,1.0000,0.0000,1,0,0,0,0,3.8867
41.4794,15.9358,0.0864,96.7505,16.0804,57.8894,16.0644,0.7163,0.5475,213.9204,-58.9015,-1.0000,1.0000,0.0000,-1.0000,-59.9996,0.0069,1.0000,0.0000,1,0,0,0,0,3.9409
41.5362,15.4172,0.0864,95.9983,16.1161,58.0178,16.1001,0.7168,0.6286,210.0628,-67.9591,-1.0000,1.0000,0.0000,-1.0000,-59.9998,0.0032,1.0000,0.0000,1,0,0,0,0,4.4429
41.5912,14.9560,0.0864,95.2406,16.1398,58.1032,16.1238,0.7175,0.4309,207.4874,-46.8194,-1.0000,1.0000,0.0000,-1.0000,-59.9999,0.0021,1.0000,0.0000,1,0,0,0,0,3.2680
41.6473,14.5293,0.0864,94.4417,16.1752,58.2307,16.1593,0.7180,0.6322,203.6188,-69.0060,-1.0000,1.0000,0.0000,-1.0000,-59.9999,0.0011,1.0000,0.0000,1,0,0,0,0,4.4996
41.7028,14.1516,0.0864,93.6266,16.2048,58.3371,16.1888,0.7186,0.5324,200.3901,-58.1673,-1.0000,1.0000,0.0000,-1.0000,-60.0000,0.0006,1.0000,0.0000,1,0,0,0,0,3.8967
41.7569,13.8273,0.0864,92.8107,16.2291,58.4247,16.2148,0.6810,0.4493,198.0110,-43.9324,0.0000,1.0000,0.0000,-0.7903,-60.0000,0.0003,1.0000,0.0000,1,0,0,0,0,3.0701
41.8123,13.5324,0.0864,91.9609,16.2725,58.5809,16.2607,0.6194,0.7838,196.1854,-32.9870,0.0000,1.0000,0.0000,-0.4388,-48.3796,209.9672,1.0000,0.0000,1,0,1,0,0,32.4036
41.8679,13.2573,0.0864,91.0961,16.3250,58.7699,16.3150,0.5708,0.9430,195.1662,-18.3091,0.0000,1.0000,0.0000,-0.2437,-33.5124,267.0693,1.0000,0.0000,1,0,1,0,0,31.5416
41.9245,12.9933,0.0864,90.2087,16.3804,58.9694,16.3741,0.4527,0.9792,194.5979,-10.0391,0.0000,1.0000,0.0000,-0.1353,-21.6665,209.2828,1.0000,0.0000,1,0,1,0,0,30.9723
41.9808,12.7433,0.0864,89.3194,16.4502,59.2207,16.4474,0.3056,1.2404,194.2350,-6.4486,0.0000,1.0000,0.0000,-0.0668,-13.3238,148.2400,1.0000,0.0000,1,0,1,0,0,28.8725
42.0352,12.5101,0.0864,88.4539,16.4981,59.3933,16.4966,0.2256,0.8810,194.1001,-2.4790,0.0000,1.0000,0.0000,-0.0417,-7.9290,99.1463,1.0000,0.0000,1,0,0,0,0,5.8510
42.0901,12.2808,0.0864,87.5768,16.5588,59.6116,16.5581,0.1488,1.1059,193.9981,-1.8607,0.0000,1.0000,0.0000,-0.0232,-4.5942,60.8223,1.0000,0.0000,1,0,0,0,0,3.6172
42.1455,12.0528,0.0864,86.6862,16.6200,59.8319,16.6197,0.0948,1.1046,193.9392,-1.0636,0.0000,1.0000,0.0000,-0.0129,-2.6988,34.2102,1.0000,0.0000,1,0,0,0,0,2.0452
42.2015,11.8245,0.0864,85.7814,16.6813,60.0527,16.6809,0.1176,1.0950,193.6927,-4.4004,-1.0000,1.0000,0.0000,-0.2168,-1.5431,20.6291,1.0000,0.0000,1,0,0,0,0,1.4962
42.2570,11.6019,0.0864,84.8806,16.7416,60.2696,16.7363,0.4219,1.0856,192.2271,-26.4037,-1.0000,1.0000,0.0000,-0.5651,-12.4886,197.1882,1.0000,0.0000,1,0,1,0,0,31.8449
42.3129,11.3907,0.0864,83.9665,16.7922,60.4518,16.7783,0.6834,0.9048,189.9377,-40.9291,-1.0000,1.0000,0.0000,-0.7585,-27.8098,273.9117,1.0000,0.0000,1,0,1,0,0,32.8843
42.3705,11.2070,0.0864,83.0163,16.8457,60.6444,16.8346,0.6118,0.9294,187.8904,-35.5752,0.0000,1.0000,0.0000,-0.3744,-32.7579,85.9808,1.0000,0.0000,1,0,0,0,0,7.2979
42.4384,11.0209,0.0864,81.8862,16.9103,60.8770,16.9020,0.5281,0.9519,186.8735,-14.9821,0.0000,1.0000,0.0000,-0.1848,-23.9995,129.0367,1.0000,0.0000,1,0,1,0,0,28.4695
42.4932,10.8875,0.0864,80.9666,16.9669,61.0807,16.9621,0.4040,1.0316,186.4295,-8.0907,0.0000,1.0000,0.0000,-0.1026,-14.6725,169.9816,1.0000,0.0000,1,0,1,0,0,30.2500
42.5621,10.7376,0.0864,79.8057,17.0357,61.3284,17.0255,0.5883,0.9990,184.8446,-23.0175,-1.0000,1.0000,0.0000,-0.5570,-16.6989,29.4275,1.0000,0.0000,1,0,0,0,0,3.4316
42.6316,10.6196,0.0864,78.6255,17.0874,61.5145,17.0733,0.6928,0.7436,182.0263,-40.5413,-1.0000,1.0000,0.0000,-0.7813,-30.5042,198.5946,1.0000,0.0000,1,0,1,0,0,32.8605
42.6873,10.5718,0.0864,77.6742,17.1221,61.6394,17.1072,0.7133,0.6232,179.1848,-51.0273,-1.0000,1.0000,0.0000,-0.8786,-40.7775,184.4833,1.0000,0.0000,1,0,1,0,0,33.4598
42.7470,10.5746,0.0864,76.6516,17.1619,61.7827,17.1489,0.6663,0.6672,175.8840,-55.3203,0.0000,1.0000,0.0000,-0.6427,-48.3010,126.0947,1.0000,0.0000,1,0,1,0,0,30.6609
42.8004,10.6174,0.0864,75.7350,17.1984,61.9142,17.1873,0.6180,0.6835,174.5761,-24.4850,0.0000,1.0000,0.0000,-0.4014,-40.7304,141.7273,1.0000,0.0000,1,0,1,0,0,29.7731
42.8535,10.6819,0.0864,74.8223,17.2516,62.1058,17.2423,0.5663,1.0022,173.6047,-18.2903,0.0000,1.0000,0.0000,-0.2229,-28.7669,225.2502,1.0000,0.0000,1,0,1,0,0,31.5085
42.9091,10.7661,0.0864,73.8655,17.3074,62.3067,17.3015,0.4520,1.0042,173.0620,-9.7643,0.0000,1.0000,0.0000,-0.1238,-19.1837,172.4326,1.0000,0.0000,1,0,1,0,0,30.5138
42.9645,10.8641,0.0864,72.9088,17.3656,62.5160,17.3624,0.3293,1.0481,172.7579,-5.4830,0.0000,1.0000,0.0000,-0.0687,-11.8740,131.7786,1.0000,0.0000,1,0,1,0,0,27.9101
43.0202,10.9728,0.0864,71.9470,17.4255,62.7317,17.4240,0.2269,1.0772,172.5864,-3.0815,0.0000,1.0000,0.0000,-0.0382,-6.6638,93.6459,1.0000,0.0000,1,0,0,0,0,5.5690
43.0770,11.0917,0.0864,70.9612,17.4862,62.9503,17.4856,0.1501,1.0676,172.4889,-1.7151,0.0000,1.0000,0.0000,-0.0212,-4.4770,38.4535,1.0000,0.0000,1,0,0,0,0,2.3603
43.1315,11.2099,0.0864,70.0148,17.5475,63.1712,17.5468,0.1649,1.1268,173.4186,17.0774,1.0000,1.0000,0.0000,0.4330,3.0658,138.5527,1.0000,0.0000,1,0,1,0,0,28.7871
43.2026,11.3568,0.0864,68.7734,17.6239,63.4462,17.6101,0.6978,1.0748,176.4731,42.9726,1.0000,1.0000,0.0000,0.7512,22.4016,272.0315,1.0000,0.0000,1,0,1,0,0,32.9813
43.2568,11.4352,0.0864,67.8192,17.6582,63.5693,17.6434,0.7219,0.6302,179.3037,52.1453,1.0000,1.0000,0.0000,0.8618,36.2060,254.3032,1.0000,0.0000,1,0,1,0,0,33.5102
43.3121,11.4665,0.0864,66.8430,17.6826,63.6574,17.6674,0.7331,0.4427,181.7738,44.6848,1.0000,1.0000,0.0000,0.9137,45.2582,163.7553,1.0000,0.0000,1,0,1,0,0,32.2019
43.3820,11.4290,0.0864,65.6074,17.7221,63.7995,17.7064,0.7445,0.5649,186.3371,65.3364,1.0000,1.0000,0.0000,0.9621,52.0772,97.6340,1.0000,0.0000,1,0,0,0,0,9.6840
43.4399,11.3300,0.0864,64.5849,17.7486,63.8951,17.7329,0.7486,0.4587,189.6998,58.0485,1.0000,1.0000,0.0000,0.9790,55.3707,56.8527,1.0000,0.0000,1,0,0,0,0,7.0160
43.4925,11.1885,0.0864,63.6607,17.7832,64.0195,17.7711,0.6557,0.6565,192.1113,45.8106,0.0000,1.0000,0.0000,0.5436,53.4253,36.9572,1.0000,0.0000,1,0,0,0,0,5.1513
43.5484,11.0032,0.0864,62.6842,17.8319,64.1950,17.8217,0.6040,0.8731,193.4502,23.9839,0.0000,1.0000,0.0000,0.3018,39.7513,244.9307,1.0000,0.0000,1,0,1,0,0,31.8405
43.6174,10.7450,0.0864,61.4777,17.8978,64.4320,17.8905,0.5125,0.9533,194.2958,12.2419,0.0000,1.0000,0.0000,0.1490,23.2878,238.3501,1.0000,0.0000,1,0,1,0,0,31.1096
43.6731,10.5200,0.0864,60.5064,17.9550,64.6382,17.9508,0.3913,1.0293,194.6609,6.5642,0.0000,1.0000,0.0000,0.0827,15.1809,145.7493,1.0000,0.0000,1,0,1,0,0,28.7888
43.7288,10.2824,0.0864,59.5322,18.0140,64.8505,18.0119,0.2808,1.0582,194.8619,3.6053,0.0000,1.0000,0.0000,0.0459,9.0012,110.8432,1.0000,0.0000,1,0,0,0,0,6.5920
43.7842,10.0377,0.0864,58.5631,18.0745,65.0682,18.0735,0.1943,1.0914,194.9716,1.9798,0.0000,1.0000,0.0000,0.0255,5.2630,67.4856,1.0000,0.0000,1,0,0,0,0,4.0204
43.8407,9.7815,0.0864,57.5720,18.1354,65.2874,18.1349,0.1316,1.0769,195.0305,1.0415,0.0000,1.0000,0.0000,0.0142,3.0417,39.2882,1.0000,0.0000,1,0,0,0,0,2.3494
43.8954,9.5294,0.0864,56.6113,18.1966,65.5076,18.1963,0.0884,1.1190,195.0611,0.5601,0.0000,1.0000,0.0000,0.0079,1.7006,24.5290,1.0000,0.0000,1,0,0,0,0,1.4667
43.9650,9.2040,0.0864,55.3841,18.2703,65.7729,18.2702,0.0549,1.0586,195.0778,0.2393,0.0000,1.0000,0.0000,0.0039,0.8742,11.8705,1.0000,0.0000,1,0,0,0,0,0.7178
44.0366,8.8659,0.0864,54.1178,18.3562,66.0824,18.3555,0.1634,1.2013,195.5226,6.2159,1.0000,1.0000,0.0000,0.2991,0.4325,6.1719,1.0000,0.0000,1,0,0,0,0,0.8218
44.0903,8.6078,0.0864,53.1657,18.4156,66.2961,18.4066,0.5752,1.1060,197.3006,33.1290,1.0000,1.0000,0.0000,0.6108,12.9016,232.3338,1.0000,0.0000,1,0,1,0,0,32.3090
44.1620,8.2365,0.0864,51.8951,18.4755,66.5119,18.4655,0.6082,0.8353,199.0626,24.5500,0.0000,1.0000,0.0000,0.3015,23.7694,151.4257,1.0000,0.0000,1,0,1,0,0,30.2702
44.2178,7.9239,0.0864,50.9121,18.5317,66.7143,18.5299,0.2596,1.0082,198.7962,-4.7790,-1.0000,1.0000,0.0000,-0.2773,12.7500,197.6632,1.0000,0.0000,1,0,1,0,0,30.4757
44.2705,7.6203,0.0864,49.9825,18.5928,66.9340,18.5901,0.3178,1.1584,197.0503,-33.1377,-1.0000,1.0000,0.0000,-0.5987,-10.1498,434.6570,1.0000,0.0000,1,0,1,0,0,32.0974
44.3399,7.2342,0.0864,48.7490,18.6500,67.1401,18.6359,0.7248,0.8251,193.8988,-45.4109,-1.0000,1.0000,0.0000,-0.8019,-26.8493,240.6249,1.0000,0.0000,1,0,1,0,0,33.1058
44.3954,6.9735,0.0864,47.7464,18.6807,67.2505,18.6658,0.7461,0.5523,190.7990,-55.8483,-1.0000,1.0000,0.0000,-0.8900,-40.1169,239.0387,1.0000,0.0000,1,0,1,0,0,33.7018
44.4648,6.7264,0.0864,46.4731,18.7133,67.3678,18.6978,0.7600,0.4697,186.7850,-57.8495,-1.0000,1.0000,0.0000,-0.9457,-49.2570,131.7294,1.0000,0.0000,1,0,1,0,0,31.1413
44.5200,6.5974,0.0864,45.4461,18.7383,67.4580,18.7227,0.7662,0.4531,183.3071,-62.9114,-1.0000,1.0000,0.0000,-0.9698,-53.6860,80.1159,1.0000,0.0000,1,0,0,0,0,8.5593
44.5756,6.5309,0.0864,44.4061,18.7624,67.5448,18.7466,0.7699,0.4339,179.7634,-63.7595,-1.0000,1.0000,0.0000,-0.9833,-56.2900,46.8502,1.0000,0.0000,1,0,0,0,0,6.7605
44.6316,6.5295,0.0864,43.3544,18.7859,67.6293,18.7700,0.7722,0.4189,176.1815,-63.9368,-1.0000,1.0000,0.0000,-0.9907,-57.9288,29.2525,1.0000,0.0000,1,0,0,0,0,5.7938
44.6868,6.5882,0.0864,42.3197,18.8184,67.7461,18.8065,0.6680,0.5889,173.6192,-46.4793,0.0000,1.0000,0.0000,-0.5501,-50.1527,141.0601,1.0000,0.0000,1,0,1,0,0,30.9513
44.7452,6.6913,0.0864,41.2239,18.8768,67.9564,18.8672,0.6018,1.0002,171.9940,-27.8281,0.0000,1.0000,0.0000,-0.2716,-35.8374,245.1120,1.0000,0.0000,1,0,1,0,0,32.0243
44.8017,6.8139,0.0864,40.1635,18.9320,68.1551,18.9246,0.5281,0.9773,171.2855,-12.5444,0.0000,1.0000,0.0000,-0.1508,-26.2299,170.1140,1.0000,0.0000,1,0,1,0,0,30.5661
44.8824,7.0173,0.0864,38.6460,19.0125,68.4451,19.0092,0.3550,0.9981,170.7903,-6.1356,0.0000,1.0000,0.0000,-0.0662,-13.2112,161.3002,1.0000,0.0000,1,0,1,0,0,29.5821
44.9368,7.1687,0.0864,37.6202,19.0723,68.6604,19.0715,0.1742,1.0981,170.8543,1.1748,1.0000,1.0000,0.0000,0.1729,-6.5361,122.5715,1.0000,0.0000,1,0,1,0,0,27.0118
44.9921,7.3282,0.0864,36.5766,19.1335,68.8805,19.1307,0.3267,1.1061,172.3577,27.2005,1.0000,1.0000,0.0000,0.5408,5.9506,225.9174,1.0000,0.0000,1,0,1,0,0,31.7673
45.0481,7.4818,0.0864,35.5138,19.1842,69.0630,19.1705,0.7226,0.9042,174.8285,44.0830,1.0000,1.0000,0.0000,0.7450,25.0000,339.8680,1.0000,0.0000,1,0,1,0,0,33.0141
45.1060,7.5960,0.0864,34.4099,19.2156,69.1760,19.2009,0.7511,0.5434,177.8397,52.0890,1.0000,1.0000,0.0000,0.8584,34.0163,155.9697,1.0000,0.0000,1,0,1,0,0,32.1451
45.1597,7.6460,0.0864,33.3783,19.2425,69.2731,19.2272,0.7673,0.5022,181.1526,61.6763,1.0000,1.0000,0.0000,0.9214,44.3346,192.0945,1.0000,0.0000,1,0,1,0,0,34.0246
45.2155,7.6371,0.0864,32.3025,19.2729,69.3825,19.2626,0.6288,0.5434,183.7212,45.9675,-1.0000,1.0000,0.0000,0.3615,50.8009,115.7230,1.0000,0.0000,1,0,0,0,0,9.4722
45.2700,7.5942,0.0864,31.2523,19.3285,69.5825,19.3262,0.2953,1.0202,183.6040,-2.1504,-1.0000,1.0000,0.0000,-0.2440,26.1738,452.1534,1.0000,0.0000,1,0,1,0,0,30.3486
45.3404,7.5272,0.0864,29.8907,19.4013,69.8446,19.3964,0.4355,1.0345,181.4203,-31.0220,-1.0000,1.0000,0.0000,-0.6268,-5.1063,444.3666,1.0000,0.0000,1,0,1,0,0,32.0601
45.3970,7.4903,0.0864,28.7922,19.4458,70.0049,19.4318,0.7374,0.7867,178.6845,-48.3571,-1.0000,1.0000,0.0000,-0.7928,-25.9218,367.9231,1.0000,0.0000,1,0,1,0,0,33.2553
45.4516,7.5060,0.0864,27.7293,19.4752,70.1107,19.4603,0.7613,0.5380,175.5042,-58.2190,-1.0000,1.0000,0.0000,-0.8849,-38.7494,234.8227,1.0000,0.0000,1,0,1,0,0,33.8208
45.5074,7.5840,0.0864,26.6442,19.5008,70.2030,19.4855,0.7748,0.4596,172.0754,-61.4124,-1.0000,1.0000,0.0000,-0.9361,-47.3855,154.6814,1.0000,0.0000,1,0,1,0,0,32.6012
45.5777,7.7662,0.0864,25.2845,19.5546,70.3964,19.5464,0.5659,0.7643,169.3888,-38.2287,1.0000,1.0000,0.0000,-0.1134,-45.0976,32.5555,1.0000,0.0000,1,0,0,0,0,4.3665
45.6311,7.9346,0.0864,24.2520,19.6006,70.5623,19.5995,0.2086,0.8623,169.8739,9.0797,1.0000,1.0000,0.0000,0.3046,-19.7443,474.4923,1.0000,0.0000,1,0,1,0,0,30.6641
45.6867,8.1159,0.0864,23.1767,19.6616,70.7817,19.6570,0.4236,1.0975,171.7623,34.0018,1.0000,1.0000,0.0000,0.6138,5.6435,457.1224,1.0000,0.0000,1,0,1,0,0,32.2122
45.7565,8.3154,0.0864,21.8166,19.7184,70.9863,19.7040,0.7542,0.8143,175.7157,56.6377,1.0000,1.0000,0.0000,0.8305,28.6438,329.5110,1.0000,0.0000,1,0,1,0,0,33.7203
45.8258,8.4262,0.0864,20.4534,19.7501,71.1004,19.7348,0.7775,0.4571,179.7249,57.8315,1.0000,1.0000,0.0000,0.9163,43.1312,208.9799,1.0000,0.0000,1,0,1,0,0,33.8033
45.8814,8.4418,0.0864,19.3554,19.7734,71.1842,19.7577,0.7873,0.4189,183.2740,63.8614,1.0000,1.0000,0.0000,0.9535,50.0236,124.0176,1.0000,0.0000,1,0,1,0,0,31.0349
45.9369,8.3886,0.0864,18.2580,19.7952,71.2628,19.7794,0.7910,0.3928,186.9199,65.6418,1.0000,1.0000,0.0000,0.9742,54.2261,75.6628,1.0000,0.0000,1,0,0,0,0,8.4496
45.9960,8.2549,0.0864,17.0959,19.8166,71.3396,19.8006,0.7944,0.3611,190.6252,62.7232,1.0000,1.0000,0.0000,0.9857,56.6856,41.6345,1.0000,0.0000,1,0,0,0,0,6.3989
46.0478,8.0800,0.0864,16.0831,19.8560,71.4815,19.8479,0.5659,0.7608,192.1878,30.1518,-1.0000,1.0000,0.0000,0.1026,50.7405,114.7202,1.0000,0.0000,1,0,0,0,0,8.4760
46.1176,7.8162,0.0864,14.7213,19.9266,71.7359,19.9266,0.0566,1.0133,191.0239,-16.6897,-1.0000,1.0000,0.0000,-0.4557,13.6145,532.3762,1.0000,0.0000,1,0,1,0,0,30.9698
46.1728,7.6057,0.0864,13.6398,19.9857,71.9484,19.9731,0.7075,1.0694,188.6905,-42.2728,-1.0000,1.0000,0.0000,-0.6978,-17.1142,556.6921,1.0000,0.0000,1,0,1,0,0,32.8795
46.2423,7.3920,0.0864,12.2703,19.8796,71.5667,19.8651,0.7609,-1.5249,185.0553,-52.2829,-1.0000,1.0000,0.0000,-0.8508,-32.7882,225.4266,1.0000,0.0000,1,0,1,0,0,33.4788
46.2978,7.2904,0.0864,11.1702,19.9056,71.6603,19.8904,0.7790,0.4680,181.6617,-61.1073,-1.0000,1.0000,0.0000,-0.9172,-45.5519,229.8328,1.0000,0.0000,1,0,1,0,0,33.9818
46.3542,7.2558,0.0864,10.0478,19.9333,71.7599,19.9176,0.7904,0.4906,177.3559,-76.3645,-1.0000,1.0000,0.0000,-0.9591,-50.3064,84.3232,1.0000,0.0000,1,0,0,0,0,9.5219
46.4104,7.2931,0.0864,8.9286,19.9547,71.8370,19.9388,0.7957,0.3814,173.6621,-65.7726,-1.0000,1.0000,0.0000,-0.9773,-54.4700,74.1386,1.0000,0.0000,1,0,0,0,0,8.3710
46.4649,7.3991,0.0864,7.8463,19.9754,71.9114,19.9594,0.7989,0.3792,169.9159,-68.7612,-1.0000,1.0000,0.0000,-0.9874,-57.2436,50.9082,1.0000,0.0000,1,0,0,0,0,7.2482
46.5345,7.6283,0.0864,6.4729,19.8681,71.5250,19.8600,0.5666,-1.5400,167.5821,-33.4889,1.0000,1.0000,0.0000,-0.1043,-52.4064,69.4097,1.0000,0.0000,1,0,0,0,0,6.1444
46.5893,7.8381,0.0864,5.4035,19.9264,71.7350,19.9262,0.0821,1.0649,168.3974,14.8828,1.0000,1.0000,0.0000,0.3868,-14.9500,683.7244,1.0000,0.0000,1,0,1,0,0,30.8886
46.6589,8.1090,0.0864,4.0421,19.9978,71.9922,19.9859,0.6915,1.0274,171.0637,38.3426,1.0000,1.0000,0.0000,0.6973,10.3809,364.2739,1.0000,0.0000,1,0,1,0,0,32.6488
46.7146,8.2943,0.0864,2.9473,19.8864,71.5910,19.8719,0.7578,-1.9987,174.0370,53.3217,1.0000,1.0000,0.0000,0.8319,29.6318,345.2256,1.0000,0.0000,1,0,1,0,0,33.5339
46.7703,8.4199,0.0864,1.8473,19.9129,71.6863,19.8977,0.7781,0.4760,177.3709,59.9166,1.0000,1.0000,0.0000,0.9067,41.9936,222.1694,1.0000,0.0000,1,0,1,0,0,33.9148
46.8255,8.4796,0.0864,0.7491,19.9362,71.7702,19.9205,0.7896,0.4221,180.9103,64.1086,1.0000,1.0000,0.0000,0.9482,50.2508,149.5593,1.0000,0.0000,1,0,1,0,0,32.4645
46.8949,8.4575,0.0864,-0.6349,19.9620,71.8631,19.9461,0.7970,0.3718,185.3054,63.3283,1.0000,1.0000,0.0000,0.9744,54.2565,57.7191,1.0000,0.0000,1,0,0,0,0,7.3237
46.9644,8.3236,0.0864,-2.0172,19.9904,71.9654,19.9743,0.8018,0.4085,190.5376,75.2393,1.0000,1.0000,0.0000,0.9888,57.1583,41.7276,1.0000,0.0000,1,0,0,0,0,7.0998
47.0343,8.0789,0.0864,-3.3899,19.8820,71.5752,19.8728,0.6031,-1.5504,193.5506,43.0969,-1.0000,1.0000,0.0000,0.2437,56.1275,14.7451,1.0000,0.0000,1,0,0,0,0,3.6685
47.1034,7.7869,0.0864,-4.7342,19.9513,71.8246,19.9511,0.0820,1.0032,192.8178,-10.6094,-1.0000,1.0000,0.0000,-0.3861,21.0004,508.5518,1.0000,0.0000,1,0,1,0,0,30.6511
47.1733,7.4862,0.0864,-6.0965,19.8680,71.5250,19.8559,0.6936,-1.1915,190.1399,-38.3284,-1.0000,1.0000,0.0000,-0.6969,-11.2264,461.2643,1.0000,0.0000,1,0,1,0,0,32.6530
47.2283,7.2843,0.0864,-7.1719,19.9012,71.6441,19.8868,0.7563,0.6016,187.1629,-54.1011,-1.0000,1.0000,0.0000,-0.8317,-33.1476,398.3726,1.0000,0.0000,1,0,1,0,0,33.5757
47.2844,7.1385,0.0864,-8.2800,19.9279,71.7405,19.9128,0.7766,0.4769,183.8179,-59.6020,-1.0000,1.0000,0.0000,-0.9066,-43.2346,179.7334,1.0000,0.0000,1,0,1,0,0,33.8810
47.3540,7.0515,0.0864,-9.6645,19.9605,71.8576,19.9448,0.7910,0.4677,178.8107,-71.9715,-1.0000,1.0000,0.0000,-0.9590,-50.2413,100.7114,1.0000,0.0000,1,0,0,0,0,10.1879
47.4090,7.0603,0.0864,-10.7621,19.9818,71.9346,19.9660,0.7963,0.3891,175.1132,-67.2597,-1.0000,1.0000,0.0000,-0.9772,-54.8473,83.7854,1.0000,0.0000,1,0,0,0,0,8.9892
47.4664,7.1450,0.0864,-11.9060,20.0023,72.0084,19.9863,0.7996,0.3571,171.3631,-65.3465,-1.0000,1.0000,0.0000,-0.9874,-56.6768,31.8799,1.0000,0.0000,1,0,0,0,0,6.0011
47.5207,7.2913,0.0864,-12.9770,19.8913,71.6088,19.8822,0.6030,-2.0423,169.1586,-40.5621,1.0000,1.0000,0.0000,-0.2509,-53.8321,52.3422,1.0000,0.0000,1,0,0,0,0,5.6161
47.5758,7.4718,0.0864,-14.0593,19.9483,71.8139,19.9473,0.2030,1.0339,169.5681,7.4320,1.0000,1.0000,0.0000,0.3054,-21.7780,581.7903,1.0000,0.0000,1,0,1,0,0,30.5656
47.6317,7.6638,0.0864,-15.1588,20.0092,72.0331,20.0042,0.4450,1.0895,171.4858,34.3145,1.0000,1.0000,0.0000,0.6143,-1.1672,368.8057,1.0000,0.0000,1,0,1,0,0,32.2400
47.6869,7.8405,0.0864,-16.2434,19.9001,71.6403,19.8861,0.7461,-1.9761,174.2324,49.7481,1.0000,1.0000,0.0000,0.7858,21.9477,418.6719,1.0000,0.0000,1,0,1,0,0,33.3262
47.7422,7.9676,0.0864,-17.3376,19.9285,71.7425,19.9135,0.7718,0.5130,177.4437,58.0443,1.0000,1.0000,0.0000,0.8811,38.9952,308.1358,1.0000,0.0000,1,0,1,0,0,33.8056
47.8132,8.0382,0.0864,-18.7507,19.9574,71.8465,19.9418,0.7882,0.4070,181.6308,59.0027,1.0000,1.0000,0.0000,0.9413,47.2178,115.8682,1.0000,0.0000,1,0,0,0,0,10.3075
47.8815,8.0005,0.0864,-20.1141,19.9834,71.9401,19.9675,0.7967,0.3809,186.0084,64.0806,1.0000,1.0000,0.0000,0.9710,53.4488,91.2112,1.0000,0.0000,1,0,0,0,0,9.2253
47.9518,7.8495,0.0864,-21.5107,19.8635,71.5086,19.8474,0.7999,-1.7038,190.4962,63.7961,1.0000,1.0000,0.0000,0.9857,56.7533,46.9747,1.0000,0.0000,1,0,0,0,0,6.7580
48.0076,7.6489,0.0864,-22.5993,19.8877,71.5957,19.8716,0.8004,0.4341,194.9976,80.8059,1.0000,1.0000,0.0000,0.9929,58.1848,25.6973,1.0000,0.0000,1,0,0,0,0,6.5206
48.0619,7.3849,0.0864,-23.6476,19.9058,71.6607,19.8938,0.6907,0.3322,197.5249,46.5087,-1.0000,1.0000,0.0000,0.5762,58.9937,14.8862,1.0000,0.0000,1,0,0,0,0,3.9313
48.1314,6.9916,0.0864,-24.9758,19.9806,71.9301,19.9795,0.2057,1.0774,197.5803,0.7971,-1.0000,1.0000,0.0000,-0.3083,28.9923,431.8877,1.0000,0.0000,1,0,1,0,0,30.1987
48.1869,6.6674,0.0864,-26.0344,19.8923,71.6121,19.8875,0.4358,-1.5911,195.6482,-34.8001,-1.0000,1.0000,0.0000,-0.6159,-0.3843,529.1263,1.0000,0.0000,1,0,1,0,0,32.2620
48.2570,6.2820,0.0864,-27.3761,19.9424,71.7927,19.9283,0.7514,0.7156,192.2699,-48.2007,-1.0000,1.0000,0.0000,-0.8104,-25.2542,354.8416,1.0000,0.0000,1,0,1,0,0,33.2430
48.3119,6.0379,0.0864,-28.4447,19.9700,71.8918,19.9549,0.7743,0.5012,188.9770,-59.9408,-1.0000,1.0000,0.0000,-0.8947,-38.8445,247.3866,1.0000,0.0000,1,0,1,0,0,33.9116
48.3681,5.8526,0.0864,-29.5523,19.9940,71.9785,19.9785,0.7873,0.4284,185.4521,-62.7143,-1.0000,1.0000,0.0000,-0.9415,-48.1120,164.8852,1.0000,0.0000,1,0,1,0,0,33.2350
48.4246,5.7373,0.0864,-30.6713,19.8718,71.5384,19.8560,0.7913,-2.1653,181.8055,-64.5952,-1.0000,1.0000,0.0000,-0.9675,-52.8535,83.9890,1.0000,0.0000,1,0,0,0,0,8.8520
48.4797,5.6953,0.0864,-31.7674,19.8931,71.6152,19.8772,0.7956,0.3867,178.0981,-67.1889,-1.0000,1.0000,0.0000,-0.9820,-55.8461,54.2344,1.0000,0.0000,1,0,0,0,0,7.3457
48.5359,5.7254,0.0864,-32.8856,19.9135,71.6887,19.8975,0.7982,0.3632,174.3485,-66.7110,-1.0000,1.0000,0.0000,-0.9900,-57.7292,33.5034,1.0000,0.0000,1,0,0,0,0,6.1687
48.5926,5.8308,0.0864,-34.0099,19.9338,71.7617,19.9177,0.8017,0.3577,170.5780,-66.5152,-1.0000,1.0000,0.0000,-0.9944,-58.7029,17.1769,1.0000,0.0000,1,0,0,0,0,5.2528
48.6504,6.0154,0.0864,-35.1468,19.9546,71.8365,19.9406,0.7455,0.3595,167.0378,-61.2891,0.0000,1.0000,0.0000,-0.7872,-59.3119,10.5431,1.0000,0.0000,1,0,0,0,0,4.5511
48.7019,6.2296,0.0864,-36.1524,20.0003,72.0012,19.9939,0.5063,0.8892,165.9938,-20.2831,1.0000,1.0000,0.0000,0.0076,-44.0377,296.7488,1.0000,0.0000,1,0,1,0,0,31.5066
48.7577,6.4150,0.0864,-36.9655,11.0637,39.8293,11.0637,0.0129,-159.9761,166.8747,15.7684,1.0000,1.0000,1.0000,0.4489,-9.4706,618.7902,1.0000,1.0000,1,1,1,0,0,55.8935
48.8118,6.5170,0.0864,-37.4061,6.1925,22.2929,6.1915,0.1085,-90.1551,168.1332,23.2929,1.0000,1.0000,1.0000,0.6940,13.9214,432.9333,1.0000,1.0000,1,1,1,0,0,56.5568
48.8677,6.5746,0.0864,-37.6643,3.4872,12.5539,3.4861,0.0878,-48.3253,169.3043,20.9186,1.0000,1.0000,1.0000,0.8301,26.5357,225.3336,1.0000,1.0000,1,1,1,0,0,56.5400
48.9232,6.6046,0.0864,-37.8090,1.9851,7.1464,1.9845,0.0480,-27.0983,170.3355,18.6038,1.0000,1.0000,1.0000,0.9057,40.6329,254.3174,1.0000,1.0000,1,1,1,0,0,56.3959
48.9803,6.6203,0.0864,-37.8943,1.1513,4.1446,1.1511,0.0203,-14.5983,171.2625,16.2300,1.0000,1.0000,1.0000,0.9476,48.7829,142.6894,1.0000,1.0000,1,1,1,0,0,54.0936
49.0342,6.6278,0.0864,-37.9418,0.6884,2.4783,0.6884,0.0070,-8.5837,172.1212,15.9228,1.0000,1.0000,1.0000,0.9709,54.2149,100.7332,1.0000,1.0000,1,0,0,0,0,11.6335
49.0898,6.6319,0.0864,-37.9719,0.4315,1.5535,0.4315,0.0016,-4.6214,172.9392,14.7180,1.0000,1.0000,1.0000,0.9838,56.0469,32.9599,1.0000,1.0000,1,0,0,0,0,7.6488
49.1455,6.6342,0.0864,-37.9915,0.2889,1.0402,0.2889,0.0004,-2.5608,173.7341,14.2732,1.0000,1.0000,1.0000,0.9910,58.0293,35.5984,1.0000,1.0000,1,0,0,0,0,7.7706
49.2155,6.6364,0.0864,-38.0143,0.3626,1.3053,0.3626,0.0009,1.0517,174.6758,13.4469,1.0000,1.0000,0.0000,0.9956,58.8679,11.9740,1.0000,0.0000,1,0,0,0,0,1.4123
49.2708,6.6381,0.0864,-38.0362,0.4241,1.5269,0.4241,0.0016,1.1130,175.2384,10.1758,0.0000,1.0000,0.0000,0.5528,53.3414,99.9546,1.0000,0.0000,1,0,0,0,0,6.1184
49.3260,6.6399,0.0864,-38.0615,0.4858,1.7488,0.4858,0.0026,1.1169,175.5518,5.6787,0.0000,1.0000,0.0000,0.3070,38.8594,262.3967,1.0000,0.0000,1,0,0,0,0,10.3155
49.3831,6.6419,0.0864,-38.0912,0.5473,1.9702,0.5473,0.0034,1.0764,175.7252,3.0342,0.0000,1.0000,0.0000,0.1705,25.8025,228.5532,1.0000,0.0000,1,0,0,0,0,10.2616
49.4372,6.6440,0.0864,-38.1226,0.6087,2.1915,0.6087,0.0041,1.1368,175.8199,1.7504,0.0000,1.0000,0.0000,0.0946,16.1466,178.5449,1.0000,0.0000,1,0,0,0,0,10.1166
49.4952,6.6464,0.0864,-38.1599,0.6824,2.4568,0.6824,0.0047,1.2704,175.8769,0.9836,0.0000,1.0000,0.0000,0.0467,9.5845,113.1338,1.0000,0.0000,1,0,0,0,0,6.4430
49.5482,6.6487,0.0864,-38.1972,0.7317,2.6340,0.7317,0.0051,0.9292,175.8959,0.3579,0.0000,1.0000,0.0000,0.0292,5.6243,74.7239,1.0000,0.0000,1,0,0,0,0,4.2747
49.6186,6.6521,0.0864,-38.2516,0.8178,2.9440,0.8177,0.0055,1.2238,175.9097,0.1967,0.0000,1.0000,0.0000,0.0128,2.9897,37.4517,1.0000,0.0000,1,0,0,0,0,2.1931
49.6886,6.6559,0.0864,-38.3112,0.8915,3.2093,0.8915,0.0059,1.0523,175.9113,0.0229,0.0000,1.0000,0.0000,0.0063,1.5182,21.0093,1.0000,0.0000,1,0,0,0,0,1.2674
49.7437,6.6591,0.0864,-38.3618,0.9530,3.4308,0.9530,0.0061,1.1174,175.9091,-0.0410,0.0000,1.0000,0.0000,0.0035,0.8581,11.9872,1.0000,0.0000,1,0,0,0,0,0.7647
49.7992,6.6626,0.0864,-38.4163,1.0144,3.6518,1.0144,0.0063,1.1057,175.9051,-0.0709,0.0000,1.0000,0.0000,0.0019,0.4730,6.9373,1.0000,0.0000,1,0,0,0,0,0.4832
49.8541,6.6663,0.0864,-38.4734,1.0759,3.8731,1.0758,0.0065,1.1199,175.9002,-0.0895,0.0000,1.0000,0.0000,0.0011,0.2710,3.6805,1.0000,0.0000,1,0,0,0,0,0.3007
49.9092,6.6702,0.0864,-38.5342,1.1374,4.0946,1.1374,0.0067,1.1154,175.8948,-0.0990,0.0000,1.0000,0.0000,0.0006,0.1514,2.1682,1.0000,0.0000,1,0,0,0,0,0.2147
49.9654,6.6747,0.0864,-38.5996,1.1989,4.3159,1.1989,0.0000,1.0936,175.8985,0.0660,0.0000,1.0000,0.0000,0.0003,0.0860,1.1628,1.0000,0.0000,1,0,0,0,0,0.0685
50.0201,6.6796,0.0864,-38.6666,1.2603,4.5370,1.2603,0.0025,1.1234,175.9022,0.0681,0.0000,1.0000,0.0000,0.0002,0.0416,0.8115,1.0000,0.0000,1,0,0,0,0,0.0789
50.0898,6.6864,0.0864,-38.7567,1.3342,4.8029,1.3341,0.0038,1.0604,175.9068,0.0655,0.0000,1.0000,0.0000,0.0001,0.0235,0.2596,1.0000,0.0000,1,0,0,0,0,0.0603
50.1590,6.6935,0.0864,-38.8515,1.4080,5.0687,1.4080,0.0044,1.0661,175.9114,0.0674,0.0000,1.0000,0.0000,0.0000,0.0117,0.1714,1.0000,0.0000,1,0,0,0,0,0.0598
50.2147,6.6995,0.0864,-38.9317,1.4694,5.2900,1.4694,0.0047,1.1031,175.9155,0.0731,0.0000,1.0000,0.0000,0.0000,0.0066,0.0909,1.0000,0.0000,1,0,0,0,0,0.0574
50.2704,6.7058,0.0864,-39.0152,1.5309,5.5111,1.5309,0.0051,1.1029,175.9197,0.0762,0.0000,1.0000,0.0000,0.0000,0.0036,0.0539,1.0000,0.0000,1,0,0,0,0,0.0568
50.3275,6.7125,0.0864,-39.1043,1.6047,5.7770,1.6047,0.0054,1.2954,175.9251,0.0934,0.0000,1.0000,0.0000,0.0000,0.0020,0.0285,1.0000,0.0000,1,0,0,0,0,0.0575
50.3813,6.7191,0.0864,-39.1917,1.6539,5.9540,1.6539,0.0057,0.9133,175.9288,0.0686,0.0000,1.0000,0.0000,0.0000,0.0011,0.0166,1.0000,0.0000,1,0,0,0,0,0.0566
50.4388,6.7264,0.0864,-39.2886,1.7276,6.2193,1.7276,0.0061,1.2821,175.9346,0.1011,0.0000,1.0000,0.0000,0.0000,0.0005,0.0097,1.0000,0.0000,1,0,0,0,0,0.0591
50.4930,6.7335,0.0864,-39.3834,1.7768,6.3966,1.7768,0.0064,0.9077,175.9386,0.0737,0.0000,1.0000,0.0000,0.0000,0.0003,0.0035,1.0000,0.0000,1,0,0,0,0,0.0584
50.5486,6.7411,0.0864,-39.4839,1.8383,6.6180,1.8383,0.0068,1.1061,175.9438,0.0936,0.0000,1.0000,0.0000,0.0000,0.0002,0.0027,1.0000,0.0000,1,0,0,0,0,0.0607
50.6033,6.7488,0.0864,-39.5860,1.8998,6.8393,1.8998,0.0071,1.1248,175.9471,0.0606,0.0000,1.0000,0.0000,0.0000,0.0001,0.0018,1.0000,0.0000,1,0,0,0,0,0.0595
50.6728,6.7589,0.0864,-39.7207,1.9859,7.1491,1.9859,0.0071,1.2374,175.9402,-0.0992,0.0000,1.0000,0.0000,0.0000,0.0001,0.0006,1.0000,0.0000,1,0,0,0,0,0.0592
50.7286,6.7673,0.0864,-39.8326,2.0474,7.3705,2.0474,0.0071,1.1027,175.9353,-0.0887,0.0000,1.0000,0.0000,0.0000,0.0000,0.0004,1.0000,0.0000,1,0,0,0,0,0.0573
50.7843,6.7760,0.0864,-39.9479,2.1088,7.5918,2.1088,0.0072,1.1030,175.9304,-0.0876,0.0000,1.0000,0.0000,0.0000,0.0000,0.0002,1.0000,0.0000,1,0,0,0,0,0.0561
50.8561,6.7875,0.0864,-40.1014,2.1826,7.8574,2.1826,0.0073,1.0280,175.9245,-0.0816,0.0000,1.0000,0.0000,0.0000,0.0000,0.0001,1.0000,0.0000,1,0,0,0,0,0.0544
50.9237,6.7988,0.0864,-40.2512,2.2564,8.1231,2.2564,0.0073,1.0915,175.9187,-0.0866,0.0000,1.0000,0.0000,0.0000,0.0000,0.0001,1.0000,0.0000,1,0,0,0,0,0.0535
50.9794,6.8084,0.0864,-40.3784,2.3179,8.3445,2.3179,0.0074,1.1039,175.9138,-0.0877,0.0000,1.0000,0.0000,0.0000,0.0000,0.0000,1.0000,0.0000,1,0,0,0,0,0.0526
51.0483,6.8207,0.0864,-40.5404,2.3917,8.6100,2.3917,0.0065,1.0705,175.4784,-6.3190,-1.0000,1.0000,0.0000,-0.5064,-8.8939,129.0887,1.0000,0.0000,1,0,1,0,0,27.5631
51.1038,6.8314,0.0864,-40.6748,2.4532,8.8317,2.4531,0.0225,1.1088,174.7516,-13.0911,-1.0000,1.0000,0.0000,-0.7259,-25.5563,300.1206,1.0000,0.0000,1,0,1,0,0,30.8651
51.1595,6.8437,0.0864,-40.8128,2.5146,9.0525,2.5145,0.0249,1.1027,174.1666,-10.5142,0.0000,1.0000,0.0000,-0.4031,-29.7642,75.6254,1.0000,0.0000,1,0,0,0,0,4.9339
51.2152,6.8575,0.0864,-40.9542,2.5759,9.2733,2.5758,0.0182,1.1005,173.8369,-5.9173,0.0000,1.0000,0.0000,-0.2238,-22.7850,125.2764,1.0000,0.0000,1,0,1,0,0,27.3945
51.2700,6.8725,0.0864,-41.0967,2.6374,9.4947,2.6374,0.0106,1.1214,173.6502,-3.4043,0.0000,1.0000,0.0000,-0.1243,-15.8713,126.0618,1.0000,0.0000,1,0,1,0,0,27.2529
51.3259,6.8889,0.0864,-41.2452,2.6989,9.7161,2.6989,0.0045,1.1006,173.5435,-1.9089,0.0000,1.0000,0.0000,-0.0690,-11.3954,80.0853,1.0000,0.0000,1,0,0,0,0,4.5801
51.3811,6.9060,0.0864,-41.3950,2.7604,9.9373,2.7604,0.0001,1.1147,173.4817,-1.1222,0.0000,1.0000,0.0000,-0.0383,-6.2255,93.7892,1.0000,0.0000,1,0,0,0,0,5.2732
51.4386,6.9245,0.0864,-41.5551,2.8342,10.2030,2.8342,0.0034,1.2812,173.4395,-0.7328,0.0000,1.0000,0.0000,-0.0189,-3.7831,42.4049,1.0000,0.0000,1,0,0,0,0,2.4144
51.4925,6.9424,0.0864,-41.7081,2.8834,10.3803,2.8834,0.0048,0.9143,173.4222,-0.3218,0.0000,1.0000,0.0000,-0.0118,-2.5433,23.0166,1.0000,0.0000,1,0,0,0,0,1.3215
51.5485,6.9616,0.0864,-41.8705,2.9572,10.6458,2.9571,0.0062,1.3164,173.4050,-0.3067,0.0000,1.0000,0.0000,-0.0058,-1.4536,19.4510,1.0000,0.0000,1,0,0,0,0,1.1293
51.6183,6.9861,0.0864,-42.0778,3.0310,10.9114,3.0309,0.0070,1.0571,173.3934,-0.1652,0.0000,1.0000,0.0000,-0.0029,-0.7157,10.5699,1.0000,0.0000,1,0,0,0,0,0.6311
51.6729,7.0058,0.0864,-42.2434,3.0924,11.1326,3.0924,0.0074,1.1270,173.3861,-0.1355,0.0000,1.0000,0.0000,-0.0016,-0.4050,5.6994,1.0000,0.0000,1,0,0,0,0,0.3602
51.7458,7.0327,0.0864,-42.4701,3.1663,11.3985,3.1662,0.0077,1.0123,173.3787,-0.1012,0.0000,1.0000,0.0000,-0.0008,-0.2034,2.7623,1.0000,0.0000,1,0,0,0,0,0.1955
51.7980,7.0524,0.0864,-42.6357,3.2277,11.6199,3.2277,0.0079,1.1795,173.3732,-0.1059,0.0000,1.0000,0.0000,-0.0004,-0.1119,1.7553,1.0000,0.0000,1,0,0,0,0,0.1399
51.8587,7.0759,0.0864,-42.8325,3.2892,11.8410,3.2892,0.0079,1.0108,173.3679,-0.0874,0.0000,1.0000,0.0000,-0.0002,-0.0574,0.8977,1.0000,0.0000,1,0,0,0,0,0.0909
51.9089,7.0956,0.0864,-42.9982,3.3506,12.0623,3.3506,0.0080,1.2240,173.3627,-0.1021,0.0000,1.0000,0.0000,-0.0001,-0.0328,0.4890,1.0000,0.0000,1,0,0,0,0,0.0688
51.9787,7.1236,0.0864,-43.2329,3.4244,12.3280,3.4244,0.0081,1.0581,173.3568,-0.0849,0.0000,1.0000,0.0000,-0.0001,-0.0182,0.2091,1.0000,0.0000,1,0,0,0,0,0.0517
52.0478,7.1520,0.0864,-43.4707,3.4983,12.5937,3.4982,0.0081,1.0680,173.3509,-0.0848,0.0000,1.0000,0.0000,0.0000,-0.0088,0.1368,1.0000,0.0000,1,0,0,0,0,0.0471
52.1035,7.1753,0.0864,-43.6662,3.5721,12.8594,3.5721,0.0082,1.3249,173.3451,-0.1046,0.0000,1.0000,0.0000,0.0000,-0.0048,0.0712,1.0000,0.0000,1,0,0,0,0,0.0442
52.1590,7.1990,0.0864,-43.8645,3.6335,13.0807,3.6335,0.0082,1.1072,173.3402,-0.0868,0.0000,1.0000,0.0000,0.0000,-0.0023,0.0454,1.0000,0.0000,1,0,0,0,0,0.0414
52.2292,7.2295,0.0864,-44.1198,3.7073,13.3462,3.7073,0.0013,1.0514,173.1727,-2.3890,-1.0000,1.0000,0.0000,-0.2974,-0.0013,0.0144,1.0000,0.0000,1,0,0,0,0,0.1388
52.2982,7.2607,0.0864,-44.3764,3.7809,13.6114,3.7808,0.0374,1.0670,172.3373,-12.0981,-1.0000,1.0000,0.0000,-0.6532,-16.5624,239.8568,1.0000,0.0000,1,0,1,0,0,30.8207
52.3675,7.2950,0.0864,-44.6389,3.8544,13.8759,3.8537,0.0726,1.0602,171.1122,-17.6787,-1.0000,1.0000,0.0000,-0.8288,-34.1345,253.5734,1.0000,0.0000,1,0,1,0,0,31.2647
52.4382,7.3354,0.0864,-44.9116,3.9394,14.1818,3.9381,0.1027,1.2013,169.4367,-23.6842,-1.0000,1.0000,0.0000,-0.9249,-45.9053,166.3867,1.0000,0.0000,1,0,1,0,0,30.9506
52.4923,7.3709,0.0864,-45.1230,3.9997,14.3990,3.9980,0.1177,1.1155,168.1540,-23.7201,-1.0000,1.0000,0.0000,-0.9583,-52.1329,115.1604,1.0000,0.0000,1,0,0,0,0,8.1571
52.5624,7.4239,0.0864,-45.4004,4.0717,14.6582,4.0696,0.1307,1.0281,166.5620,-22.7336,-1.0000,1.0000,0.0000,-0.9794,-55.1184,42.6327,1.0000,0.0000,1,0,0,0,0,4.1131
52.6327,7.4858,0.0864,-45.6828,4.1435,14.9168,4.1421,0.1092,1.0206,165.4676,-15.5491,0.0000,1.0000,0.0000,-0.4835,-49.3462,82.0095,1.0000,0.0000,1,0,0,0,0,5.8154
52.6878,7.5396,0.0864,-45.9062,4.2041,15.1349,4.2034,0.0785,1.1008,164.9874,-8.7253,0.0000,1.0000,0.0000,-0.2685,-35.2039,256.9706,1.0000,0.0000,1,0,1,0,0,30.7647
52.7423,7.5967,0.0864,-46.1301,4.2654,15.3554,4.2653,0.0264,1.1232,165.1173,2.3814,1.0000,1.0000,0.0000,0.2957,-16.4619,343.5980,1.0000,0.0000,1,0,1,0,0,30.2250
52.7978,7.6570,0.0864,-46.3609,4.3268,15.5764,4.3267,0.0328,1.1056,165.8105,12.4862,1.0000,1.0000,0.0000,0.6089,6.6329,415.9784,1.0000,0.0000,1,0,1,0,0,30.8074
52.8672,7.7324,0.0864,-46.6542,4.4002,15.8407,4.3993,0.0910,1.0583,167.0501,17.8691,1.0000,1.0000,0.0000,0.8069,28.4927,315.1010,1.0000,0.0000,1,0,1,0,0,31.3028
52.9369,7.8053,0.0864,-46.9550,4.4846,16.1446,4.4825,0.1373,1.2117,168.7883,24.9481,1.0000,1.0000,0.0000,0.9153,42.1911,196.6142,1.0000,0.0000,1,0,1,0,0,31.8451
52.9922,7.8595,0.0864,-47.1986,4.5442,16.3593,4.5415,0.1592,1.0774,170.1306,24.2531,1.0000,1.0000,0.0000,0.9530,49.5969,133.8143,1.0000,0.0000,1,0,1,0,0,29.3069
53.0480,7.9099,0.0864,-47.4486,4.6033,16.5717,4.5999,0.1747,1.0576,171.5200,24.8974,1.0000,1.0000,0.0000,0.9739,54.0204,79.2671,1.0000,0.0000,1,0,0,0,0,6.3562
53.1033,7.9548,0.0864,-47.7003,4.6621,16.7835,4.6584,0.1860,1.0647,172.9397,25.6927,1.0000,1.0000,0.0000,0.9855,56.6814,48.1539,1.0000,0.0000,1,0,0,0,0,4.7012
53.1633,7.9976,0.0864,-47.9783,4.7205,16.9937,4.7165,0.1946,0.9732,174.3804,24.0201,1.0000,1.0000,0.0000,0.9919,57.9832,21.7038,1.0000,0.0000,1,0,0,0,0,3.1586
53.2150,8.0290,0.0864,-48.2220,4.7787,17.2033,4.7744,0.2015,1.1248,175.8367,28.1306,1.0000,1.0000,0.0000,0.9955,58.8698,17.1262,1.0000,0.0000,1,0,0,0,0,3.1468
53.2707,8.0569,0.0864,-48.4880,4.8368,17.4123,4.8323,0.2073,1.0428,177.3056,26.3818,1.0000,1.0000,0.0000,0.9975,59.3561,8.7351,1.0000,0.0000,1,0,0,0,0,2.5939
53.3330,8.0804,0.0864,-48.7900,4.8947,17.6210,4.8901,0.2124,0.9310,178.7855,23.7691,1.0000,1.0000,0.0000,0.9986,59.6451,4.6419,1.0000,0.0000,1,0,0,0,0,2.2294
53.3862,8.0938,0.0864,-49.0520,4.9525,17.8290,4.9477,0.2172,1.0848,180.2754,27.9754,1.0000,1.0000,0.0000,0.9992,59.8118,3.1301,1.0000,0.0000,1,0,0,0,0,2.3860
53.4389,8.1008,0.0864,-49.3140,5.0102,18.0366,5.0053,0.2218,1.0959,181.7748,28.4903,1.0000,1.0000,0.0000,0.9996,59.8951,1.5821,1.0000,0.0000,1,0,0,0,0,2.3348
53.4938,8.1013,0.0864,-49.5905,5.0678,18.2441,5.0627,0.2263,1.0493,183.2833,27.4720,1.0000,1.0000,0.0000,0.9998,59.9391,0.8017,1.0000,0.0000,1,0,0,0,0,2.2405
53.5507,8.0942,0.0864,-49.8803,5.1252,18.4507,5.1200,0.2307,1.0089,184.8009,26.6718,1.0000,1.0000,0.0000,0.9999,59.9678,0.5038,1.0000,0.0000,1,0,0,0,0,2.1849
53.6032,8.0806,0.0864,-50.1504,5.1828,18.6579,5.1781,0.2193,1.0960,186.1378,25.4566,0.0000,1.0000,0.0000,0.7025,59.9814,0.2592,1.0000,0.0000,1,0,0,0,0,2.0634
53.6729,8.0525,0.0864,-50.5131,5.2530,18.9106,5.2504,0.1643,1.0065,187.0094,12.4973,0.0000,1.0000,0.0000,0.3468,45.5554,206.8304,1.0000,0.0000,1,0,1,0,0,31.1634
53.7338,8.0206,0.0864,-50.8333,5.3129,19.1265,5.3116,0.1184,0.9844,187.3874,6.2066,0.0000,1.0000,0.0000,0.1926,30.2971,250.5400,1.0000,0.0000,1,0,1,0,0,30.6791
53.7979,7.9819,0.0864,-51.1741,5.3859,19.3894,5.3859,0.0301,1.1399,187.0171,-5.7791,-1.0000,1.0000,0.0000,-0.4113,10.5460,308.2466,1.0000,0.0000,1,0,1,0,0,30.4050
53.8539,7.9466,0.0864,-51.4755,5.4474,19.6108,5.4472,0.0497,1.0980,186.0990,-16.3929,-1.0000,1.0000,0.0000,-0.6731,-12.6488,414.1674,1.0000,0.0000,1,0,1,0,0,31.0477
53.9093,7.9131,0.0864,-51.7770,5.5085,19.8305,5.5073,0.1152,1.1030,184.8808,-22.0101,-1.0000,1.0000,0.0000,-0.8185,-30.3918,320.5739,1.0000,0.0000,1,0,1,0,0,31.5366
53.9645,7.8831,0.0864,-52.0816,5.5686,20.0471,5.5662,0.1641,1.0887,183.4909,-25.1572,-1.0000,1.0000,0.0000,-0.8992,-41.6405,203.6031,1.0000,0.0000,1,0,1,0,0,31.8397
54.0203,7.8583,0.0864,-52.3932,5.6279,20.2605,5.6244,0.1991,1.0623,182.0012,-26.6931,-1.0000,1.0000,0.0000,-0.9440,-49.0686,133.0983,1.0000,0.0000,1,0,1,0,0,29.4079
54.0753,7.8402,0.0864,-52.7040,5.6864,20.4711,5.6820,0.2237,1.0634,180.4518,-28.1611,-1.0000,1.0000,0.0000,-0.9689,-53.6685,83.6047,1.0000,0.0000,1,0,0,0,0,6.7993
54.1454,7.8280,0.0864,-53.1049,5.7558,20.7209,5.7506,0.2441,0.9901,178.5446,-27.2216,-1.0000,1.0000,0.0000,-0.9847,-56.7166,43.5066,1.0000,0.0000,1,0,0,0,0,4.5654
54.2004,7.8276,0.0864,-53.4230,5.8131,20.9270,5.8074,0.2561,1.0420,176.9295,-29.3911,-1.0000,1.0000,0.0000,-0.9915,-58.1447,25.9879,1.0000,0.0000,1,0,0,0,0,3.7374
54.2578,7.8363,0.0864,-53.7586,5.8815,21.1735,5.8755,0.2669,1.1927,174.9697,-34.1363,-1.0000,1.0000,0.0000,-0.9958,-58.9323,13.7176,1.0000,0.0000,1,0,0,0,0,3.3392
54.3207,7.8572,0.0864,-54.1296,5.9384,21.3782,5.9329,0.2547,0.9040,173.5265,-22.9489,0.0000,1.0000,0.0000,-0.7003,-59.4386,8.0512,1.0000,0.0000,1,0,0,0,0,2.3656
54.3812,7.8879,0.0864,-54.4898,6.0082,21.6297,6.0062,0.1568,1.1541,172.9101,-10.1826,1.0000,1.0000,0.0000,0.0297,-36.9896,370.8876,1.0000,0.0000,1,0,1,0,0,30.9571
54.4368,7.9227,0.0864,-54.8235,6.0690,21.8484,6.0689,0.0345,1.0928,173.4209,9.1880,1.0000,1.0000,0.0000,0.4612,-8.9000,505.2844,1.0000,0.0000,1,0,1,0,0,30.5958
54.5065,7.9694,0.0864,-55.2468,6.1425,22.1131,6.1418,0.0934,1.0541,174.6956,18.2723,1.0000,1.0000,0.0000,0.7340,15.2390,346.0131,1.0000,0.0000,1,0,1,0,0,31.2431
54.5616,8.0043,0.0864,-55.5850,6.2031,22.3312,6.2007,0.1726,1.0998,176.0590,24.7547,1.0000,1.0000,0.0000,0.8523,35.4447,366.8654,1.0000,0.0000,1,0,1,0,0,31.7925
54.6182,8.0354,0.0864,-55.9361,6.2621,22.5434,6.2579,0.2292,1.0422,177.5727,26.7602,1.0000,1.0000,0.0000,0.9180,43.3611,139.9554,1.0000,0.0000,1,0,1,0,0,29.8111
54.6729,8.0590,0.0864,-56.2798,6.3201,22.7522,6.3143,0.2687,1.0594,179.1741,29.2497,1.0000,1.0000,0.0000,0.9545,50.1731,124.4224,1.0000,0.0000,1,0,1,0,0,29.1751
54.7425,8.0774,0.0864,-56.7218,6.3880,22.9966,6.3809,0.3004,0.9754,181.1634,28.5785,1.0000,1.0000,0.0000,0.9775,54.9870,69.1550,1.0000,0.0000,1,0,0,0,0,6.1350
54.7985,8.0817,0.0864,-57.0807,6.4438,23.1978,6.4360,0.3183,0.9991,182.8559,30.2680,1.0000,1.0000,0.0000,0.9875,57.0328,36.5860,1.0000,0.0000,1,0,0,0,0,4.4550
54.8546,8.0758,0.0864,-57.4443,6.4992,23.3970,6.4907,0.3313,0.9853,184.5690,30.4981,1.0000,1.0000,0.0000,0.9931,58.3754,23.9019,1.0000,0.0000,1,0,0,0,0,3.7868
54.9140,8.0579,0.0864,-57.8317,6.5650,23.6340,6.5560,0.3430,1.1085,186.6447,34.9599,1.0000,1.0000,0.0000,0.9966,59.0752,11.7877,1.0000,0.0000,1,0,0,0,0,3.3808
54.9697,8.0298,0.0864,-58.1978,6.6196,23.8305,6.6103,0.3507,0.9799,188.3875,31.2776,1.0000,1.0000,0.0000,0.9981,59.4975,7.5784,1.0000,0.0000,1,0,0,0,0,2.9534
55.0215,7.9936,0.0864,-58.5398,6.6631,23.9871,6.6536,0.3560,0.8399,189.7891,27.0665,1.0000,1.0000,0.0000,0.9988,59.7257,4.4067,1.0000,0.0000,1,0,0,0,0,2.5499
55.0819,7.9387,0.0864,-58.9406,6.7281,24.2211,6.7183,0.3633,1.0758,191.9029,34.9885,1.0000,1.0000,0.0000,0.9994,59.8353,1.8139,1.0000,0.0000,1,0,0,0,0,2.8546
55.1363,7.8776,0.0864,-59.3024,6.7821,24.4155,6.7720,0.3689,0.9939,193.6741,32.5973,1.0000,1.0000,0.0000,0.9997,59.9102,1.3795,1.0000,0.0000,1,0,0,0,0,2.7036
55.2024,7.7882,0.0864,-59.7439,6.8486,24.6549,6.8444,0.2398,1.0054,194.4203,11.2827,-1.0000,1.0000,0.0000,-0.0129,43.0528,254.8784,1.0000,0.0000,1,0,1,0,0,31.1521
55.2563,7.7061,0.0864,-60.1052,6.9083,24.8698,6.9078,0.0804,1.1080,193.8815,-9.9990,-1.0000,1.0000,0.0000,-0.4519,10.3027,607.7183,1.0000,0.0000,1,0,1,0,0,30.7301
55.3120,7.6173,0.0864,-60.4811,6.9696,25.0907,6.9694,0.0604,1.1013,192.7757,-19.8499,-1.0000,1.0000,0.0000,-0.6956,-8.9053,344.7854,1.0000,0.0000,1,0,1,0,0,31.2329
55.3673,7.5298,0.0864,-60.8581,7.0305,25.3096,7.0284,0.1689,1.0992,191.3493,-25.7781,-1.0000,1.0000,0.0000,-0.8310,-28.3428,351.2875,1.0000,0.0000,1,0,1,0,0,31.7924
55.4244,7.4438,0.0864,-61.2517,7.0897,25.5229,7.0854,0.2470,1.0374,189.7401,-28.1809,-1.0000,1.0000,0.0000,-0.9062,-41.1327,223.9840,1.0000,0.0000,1,0,1,0,0,32.0882
55.4786,7.3689,0.0864,-61.6297,7.1474,25.7306,7.1410,0.3014,1.0650,188.0250,-31.6620,-1.0000,1.0000,0.0000,-0.9479,-48.8764,142.9542,1.0000,0.0000,1,0,1,0,0,30.3335
55.5478,7.2859,0.0864,-62.1192,7.2146,25.9727,7.2064,0.3448,0.9723,185.8864,-30.9156,-1.0000,1.0000,0.0000,-0.9743,-54.0186,74.3360,1.0000,0.0000,1,0,0,0,0,6.5643
55.6034,7.2308,0.0864,-62.5179,7.2695,26.1703,7.2602,0.3689,0.9874,184.0639,-32.7783,-1.0000,1.0000,0.0000,-0.9857,-56.4826,44.3172,1.0000,0.0000,1,0,0,0,0,5.0443
55.6600,7.1866,0.0864,-62.9285,7.3237,26.3652,7.3135,0.3860,0.9563,182.2182,-32.6093,-1.0000,1.0000,0.0000,-0.9921,-58.0969,28.5192,1.0000,0.0000,1,0,0,0,0,4.1866
55.7177,7.1545,0.0864,-63.3515,7.3774,26.5586,7.3666,0.3986,0.9307,180.3558,-32.2628,-1.0000,1.0000,0.0000,-0.9956,-58.8842,13.6386,1.0000,0.0000,1,0,0,0,0,3.3606
55.7742,7.1364,0.0864,-63.7699,7.4307,26.7504,7.4194,0.4084,0.9422,178.4806,-33.1636,-1.0000,1.0000,0.0000,-0.9976,-59.3643,8.4918,1.0000,0.0000,1,0,0,0,0,3.1386
55.8271,7.1318,0.0864,-64.1640,7.4836,26.9410,7.4720,0.4164,1.0018,176.5946,-35.6890,-1.0000,1.0000,0.0000,-0.9986,-59.6503,5.4110,1.0000,0.0000,1,0,0,0,0,3.1180
55.8957,7.1441,0.0864,-64.6793,7.5467,27.1683,7.5348,0.4247,0.9204,174.3189,-33.1754,-1.0000,1.0000,0.0000,-0.9993,-59.8275,2.5839,1.0000,0.0000,1,0,0,0,0,2.8309
55.9653,7.1781,0.0864,-65.2063,7.6097,27.3948,7.5974,0.4322,0.9032,172.0306,-32.8499,-1.0000,1.0000,0.0000,-0.9997,-59.9178,1.2964,1.0000,0.0000,1,0,0,0,0,2.7490
56.0207,7.2211,0.0864,-65.6271,7.6619,27.5829,7.6494,0.4380,0.9440,170.1145,-34.6059,-1.0000,1.0000,0.0000,-0.9998,-59.9578,0.7223,1.0000,0.0000,1,0,0,0,0,2.8203
56.0810,7.2842,0.0864,-66.0867,7.7244,27.8078,7.7116,0.4448,1.0361,167.8043,-38.3170,-1.0000,1.0000,0.0000,-0.9999,-59.9728,0.2481,1.0000,0.0000,1,0,0,0,0,3.0062
56.1332,7.3526,0.0864,-66.4855,7.7764,27.9951,7.7650,0.4204,0.9961,166.1092,-32.4569,0.0000,1.0000,0.0000,-0.7025,-59.9858,0.2493,1.0000,0.0000,1,0,0,0,0,2.6279
56.1869,7.4357,0.0864,-66.8953,7.8199,28.1518,7.8140,0.3039,0.8113,165.6727,-8.1383,1.0000,1.0000,0.0000,-0.0634,-38.6504,397.8201,1.0000,0.0000,1,0,1,0,0,31.0351
56.2446,7.5358,0.0864,-67.3375,7.8911,28.4078,7.8908,0.0690,1.2323,166.3248,11.2971,1.0000,1.0000,0.0000,0.4751,-16.0854,390.9383,1.0000,0.0000,1,0,1,0,0,30.7587
56.2979,7.6325,0.0864,-67.7479,7.9402,28.5846,7.9398,0.0723,0.9217,167.2682,17.7114,1.0000,1.0000,0.0000,0.6721,10.8317,505.3452,1.0000,0.0000,1,0,1,0,0,31.1205
56.3543,7.7339,0.0864,-68.1864,8.0008,28.8029,7.9980,0.2131,1.0744,168.7684,26.5796,1.0000,1.0000,0.0000,0.8179,28.8920,319.9780,1.0000,0.0000,1,0,1,0,0,31.8762
56.4106,7.8295,0.0864,-68.6285,8.0705,29.0538,8.0637,0.3321,1.2385,170.8393,36.7935,1.0000,1.0000,0.0000,0.9101,41.3254,220.8977,1.0000,0.0000,1,0,1,0,0,32.6613
56.4647,7.9130,0.0864,-69.0584,8.1151,29.2143,8.1059,0.3869,0.8239,172.3140,27.2503,1.0000,1.0000,0.0000,0.9439,49.1426,144.4547,1.0000,0.0000,1,0,1,0,0,30.2544
56.5355,8.0062,0.0864,-69.6279,8.1901,29.4843,8.1777,0.4509,1.0594,174.9944,37.8686,1.0000,1.0000,0.0000,0.9754,54.2830,72.6231,1.0000,0.0000,1,0,0,0,0,6.9643
56.5902,8.0640,0.0864,-70.0739,8.2418,29.6705,8.2278,0.4798,0.9445,176.9553,35.8138,1.0000,1.0000,0.0000,0.9863,57.1186,51.7904,1.0000,0.0000,1,0,0,0,0,5.7401
56.6458,8.1085,0.0864,-70.5309,8.2926,29.8532,8.2775,0.4999,0.9134,178.9395,35.7100,1.0000,1.0000,0.0000,0.9924,58.0957,17.5841,1.0000,0.0000,1,0,0,0,0,3.8651
56.7154,8.1431,0.0864,-71.1093,8.3526,30.0693,8.3366,0.5169,0.8620,181.3418,34.4996,1.0000,1.0000,0.0000,0.9963,59.0555,13.7846,1.0000,0.0000,1,0,0,0,0,3.6108
56.7730,8.1532,0.0864,-71.5913,8.4020,30.2470,8.3854,0.5274,0.8579,183.3570,35.0153,1.0000,1.0000,0.0000,0.9979,59.4977,7.6824,1.0000,0.0000,1,0,0,0,0,3.3137
56.8258,8.1473,0.0864,-72.0367,8.4511,30.4239,8.4341,0.5360,0.9295,185.3822,38.3116,1.0000,1.0000,0.0000,0.9988,59.7154,4.1189,1.0000,0.0000,1,0,0,0,0,3.3087
56.8812,8.1252,0.0864,-72.5053,8.5009,30.6032,8.4879,0.4691,0.8997,186.8288,26.1343,0.0000,1.0000,0.0000,0.5546,55.7275,72.0474,1.0000,0.0000,1,0,0,0,0,6.2822
56.9506,8.0774,0.0864,-73.0957,8.5656,30.8362,8.5590,0.3366,0.9326,187.7441,13.1859,0.0000,1.0000,0.0000,0.2738,37.0945,268.4248,1.0000,0.0000,1,0,1,0,0,31.3220
57.0065,8.0264,0.0864,-73.5735,8.6234,31.0441,8.6201,0.2381,1.0330,188.1403,7.0875,0.0000,1.0000,0.0000,0.1520,21.6959,275.4644,1.0000,0.0000,1,0,1,0,0,30.8079
57.0623,7.9677,0.0864,-74.0533,8.6830,31.2587,8.6814,0.1628,1.0673,188.3590,3.9169,0.0000,1.0000,0.0000,0.0844,15.1665,116.9313,1.0000,0.0000,1,0,0,0,0,6.9950
57.1173,7.9046,0.0864,-74.5278,8.7433,31.4761,8.7413,0.1873,1.0995,189.0767,13.0686,1.0000,1.0000,0.0000,0.4916,13.4387,31.4608,1.0000,0.0000,1,0,0,0,0,2.7953
57.1869,7.8160,0.0864,-75.1325,8.8144,31.7319,8.8095,0.2933,1.0214,190.7151,23.5433,1.0000,1.0000,0.0000,0.7490,26.7316,191.0135,1.0000,0.0000,1,0,1,0,0,31.8072
57.2426,7.7349,0.0864,-75.6187,8.8714,31.9369,8.8631,0.3821,1.0220,192.4325,30.8335,1.0000,1.0000,0.0000,0.8606,38.2475,206.7549,1.0000,0.0000,1,0,1,0,0,32.3591
57.2976,7.6435,0.0864,-76.0999,8.9266,32.1359,8.9188,0.3735,1.0048,193.7181,23.3660,0.0000,1.0000,0.0000,0.4779,39.9435,30.8261,1.0000,0.0000,1,0,0,0,0,3.6383
57.3670,7.5121,0.0864,-76.7086,9.0063,32.4227,9.0023,0.2675,1.1474,194.6193,12.9773,0.0000,1.0000,0.0000,0.2097,29.3694,152.2634,1.0000,0.0000,1,0,1,0,0,29.6256
57.4233,7.3951,0.0864,-77.2036,9.0654,32.6353,9.0624,0.2309,1.0485,195.1950,10.2230,1.0000,1.0000,0.0000,0.4139,19.5144,175.0057,1.0000,0.0000,1,0,1,0,0,30.6725
57.4922,7.2415,0.0864,-77.8107,9.1359,32.8892,9.1306,0.3118,1.0249,196.7375,22.4130,1.0000,1.0000,0.0000,0.7107,26.4831,101.2598,1.0000,0.0000,1,0,0,0,0,7.3826
57.5499,7.1013,0.0864,-78.3211,9.1926,33.0932,9.1839,0.3987,0.9810,198.4366,29.4198,1.0000,1.0000,0.0000,0.8393,36.6924,176.7704,1.0000,0.0000,1,0,1,0,0,32.1055
57.6170,6.9218,0.0864,-78.9135,9.2573,33.3265,9.2467,0.4438,0.9659,200.4753,30.3918,0.0000,1.0000,0.0000,0.6233,45.5137,131.5010,1.0000,0.0000,1,0,1,0,0,29.7131
57.6908,6.7010,0.0864,-79.5630,9.3345,33.6043,9.3288,0.3257,1.0456,201.6828,16.3604,0.0000,1.0000,0.0000,0.2735,35.8535,130.8914,1.0000,0.0000,1,0,1,0,0,28.7040
57.7458,6.5231,0.0864,-80.0466,9.3927,33.8138,9.3898,0.2337,1.0575,202.1021,7.6180,0.0000,1.0000,0.0000,0.1519,21.8219,254.9249,1.0000,0.0000,1,0,1,0,0,30.7964
57.8024,6.3321,0.0864,-80.5436,9.4521,34.0277,9.4487,0.2539,1.0514,202.9626,15.2249,1.0000,1.0000,0.0000,0.5291,18.2561,63.0912,1.0000,0.0000,1,0,0,0,0,4.7539
57.8571,6.1390,0.0864,-81.0257,9.5105,34.2377,9.5043,0.3430,1.0647,204.4164,26.5414,1.0000,1.0000,0.0000,0.7385,27.7981,174.2025,1.0000,0.0000,1,0,1,0,0,31.6934
57.9235,5.8918,0.0864,-81.6084,9.5786,34.4828,9.5726,0.3370,1.0265,205.7303,19.8070,0.0000,1.0000,0.0000,0.3646,32.2302,66.8117,1.0000,0.0000,1,0,0,0,0,5.3399
57.9790,5.6733,0.0864,-82.0949,9.6363,34.6907,9.6326,0.2682,1.0399,206.3000,10.2604,0.0000,1.0000,0.0000,0.2024,25.0678,128.9986,1.0000,0.0000,1,0,1,0,0,28.1541
58.0511,5.3762,0.0864,-82.7257,9.7066,34.9439,9.7019,0.3044,0.9758,207.5246,16.9873,1.0000,1.0000,0.0000,0.6063,22.6416,33.6570,1.0000,0.0000,1,0,0,0,0,3.2839
58.1035,5.1505,0.0864,-83.1830,9.7639,35.1499,9.7558,0.3968,1.0924,209.1271,30.5972,1.0000,1.0000,0.0000,0.7814,32.4838,187.9152,1.0000,0.0000,1,0,1,0,0,32.3094
58.1587,4.9008,0.0864,-83.6634,9.8183,35.3459,9.8062,0.4882,0.9847,211.0155,34.1532,1.0000,1.0000,0.0000,0.8786,41.8855,170.0420,1.0000,0.0000,1,0,1,0,0,32.0900
58.2140,4.6375,0.0864,-84.1394,9.8703,35.5330,9.8579,0.4942,0.9406,212.6188,29.0128,0.0000,1.0000,0.0000,0.5572,44.6625,50.2515,1.0000,0.0000,1,0,0,0,0,5.1547
58.2851,4.2786,0.0864,-84.7446,9.9350,35.7658,9.9276,0.3813,0.9104,213.6332,14.2785,0.0000,1.0000,0.0000,0.2751,34.0280,149.6960,1.0000,0.0000,1,0,1,0,0,29.6854
58.3397,3.9895,0.0864,-85.2057,9.9914,35.9691,9.9843,0.3778,1.0342,214.7371,20.2163,1.0000,1.0000,0.0000,0.5975,28.4085,102.9148,1.0000,0.0000,1,0,0,0,0,7.4077
58.4091,3.6057,0.0864,-85.7868,10.0688,36.2476,10.0578,0.4704,1.1138,217.0981,34.0014,1.0000,1.0000,0.0000,0.8233,36.0721,110.3650,1.0000,0.0000,1,0,0,0,0,8.7212
58.4658,3.2767,0.0864,-86.2553,10.1211,36.4360,10.1061,0.5519,0.9226,219.0944,35.1883,1.0000,1.0000,0.0000,0.9019,45.5920,167.8043,1.0000,0.0000,1,0,1,0,0,32.0954
58.5202,2.9472,0.0864,-86.6975,10.1701,36.6122,10.1516,0.6130,0.9003,221.2257,39.2002,1.0000,1.0000,0.0000,0.9455,50.7618,95.0850,1.0000,0.0000,1,0,0,0,0,8.3644
58.5924,2.4841,0.0864,-87.2693,10.2248,36.8093,10.2078,0.5898,0.7585,223.5982,32.8697,0.0000,1.0000,0.0000,0.6757,54.4088,50.5269,1.0000,0.0000,1,0,0,0,0,5.4984
58.6459,2.1234,0.0864,-87.6821,10.2753,36.9909,10.2635,0.4917,0.9433,224.7059,20.7110,0.0000,1.0000,0.0000,0.3752,40.8945,252.6874,1.0000,0.0000,1,0,1,0,0,31.8685
58.7163,1.6298,0.0864,-88.2152,10.3406,37.2261,10.3321,0.4188,0.9266,225.8677,16.4814,1.0000,1.0000,0.0000,0.5606,30.5645,146.5429,1.0000,0.0000,1,0,1,0,0,29.6644
58.7698,1.2430,0.0864,-88.6127,10.3954,37.4235,10.3845,0.4760,1.0254,227.4641,29.8512,1.0000,1.0000,0.0000,0.7560,36.1598,104.6291,1.0000,0.0000,1,0,0,0,0,8.1580
58.8254,0.8292,0.0864,-89.0181,10.4479,37.6124,10.4335,0.5473,0.9441,229.3397,33.7495,0.0000,1.0000,0.0000,0.7535,42.6817,117.3489,1.0000,0.0000,1,0,0,0,0,9.1801
58.8947,0.2949,0.0864,-89.5104,10.5101,37.8363,10.4995,0.4723,0.8973,230.7681,20.6024,0.0000,1.0000,0.0000,0.3720,37.4303,75.7466,1.0000,0.0000,1,0,0,0,0,6.0268
58.9501,-0.1450,0.0864,-89.8939,10.5651,38.0345,10.5587,0.3697,0.9942,231.4395,12.1276,1.0000,1.0000,0.0000,0.3175,25.5105,215.2884,1.0000,0.0000,1,0,1,0,0,31.1987
59.0201,-0.7150,0.0864,-90.3694,10.6442,38.3191,10.6354,0.4323,1.1294,233.2949,26.5038,1.0000,1.0000,0.0000,0.7005,27.3552,26.3513,1.0000,0.0000,1,0,0,0,0,3.5456
59.0750,-1.1736,0.0864,-90.7341,10.6982,38.5134,10.6850,0.5306,0.9824,235.1601,33.9576,1.0000,1.0000,0.0000,0.8337,38.4792,202.5213,1.0000,0.0000,1,0,1,0,0,32.6304
59.1306,-1.6491,0.0864,-91.0930,10.7493,38.6976,10.7357,0.5423,0.9208,236.7836,29.2093,0.0000,1.0000,0.0000,0.5323,42.4600,71.6211,1.0000,0.0000,1,0,0,0,0,6.3585
59.1872,-2.1452,0.0864,-91.4465,10.8021,38.8876,10.7930,0.4438,0.9331,237.6855,15.9504,0.0000,1.0000,0.0000,0.2956,35.1969,128.4388,1.0000,0.0000,1,0,1,0,0,28.6379
59.2422,-2.6386,0.0864,-91.7812,10.8574,39.0867,10.8484,0.4418,1.0043,238.8771,21.6346,1.0000,1.0000,0.0000,0.6088,28.4736,122.0706,1.0000,0.0000,1,0,1,0,0,28.5939
59.2975,-3.1436,0.0864,-92.1080,10.9114,39.2809,10.8988,0.5239,0.9760,240.6227,31.5752,1.0000,1.0000,0.0000,0.7828,35.8039,132.5972,1.0000,0.0000,1,0,1,0,0,29.8410
59.3537,-3.6675,0.0864,-92.4289,10.9631,39.4672,10.9500,0.5362,0.9209,242.1934,27.9522,0.0000,1.0000,0.0000,0.5040,40.2821,79.6899,1.0000,0.0000,1,0,0,0,0,6.7138
59.4087,-4.1906,0.0864,-92.7307,11.0163,39.6587,11.0077,0.4357,0.9672,243.0599,15.7624,0.0000,1.0000,0.0000,0.2799,33.5556,122.3588,1.0000,0.0000,1,0,1,0,0,28.2666
59.4648,-4.7342,0.0864,-93.0286,11.0728,39.8621,11.0681,0.3235,1.0065,243.5399,8.5493,0.0000,1.0000,0.0000,0.1554,23.0864,186.4677,1.0000,0.0000,1,0,1,0,0,30.9132
59.5353,-5.4276,0.0864,-93.3917,11.1425,40.1129,11.1365,0.3644,0.9887,244.7930,17.7804,1.0000,1.0000,0.0000,0.5831,19.6153,49.2512,1.0000,0.0000,1,0,0,0,0,4.2145
59.5890,-5.9641,0.0864,-93.6600,11.1985,40.3145,11.1880,0.4844,1.0427,246.5133,32.0301,1.0000,1.0000,0.0000,0.7685,32.1389,233.1822,1.0000,0.0000,1,0,1,0,0,32.4284
59.6443,-6.5247,0.0864,-93.9251,11.2507,40.5026,11.2345,0.6046,0.9455,248.5645,37.1251,1.0000,1.0000,0.0000,0.8714,38.9114,122.5749,1.0000,0.0000,1,0,1,0,0,29.6783
59.7008,-7.1085,0.0864,-94.1794,11.2951,40.6624,11.2777,0.6269,0.7853,250.8031,39.6246,1.0000,1.0000,0.0000,0.9286,46.9126,141.6248,1.0000,0.0000,1,0,1,0,0,30.9020
59.7556,-7.6863,0.0864,-94.4042,11.3374,40.8146,11.3198,0.6307,0.7716,253.1487,42.8059,1.0000,1.0000,0.0000,0.9604,51.5567,84.7549,1.0000,0.0000,1,0,0,0,0,7.9211
59.8113,-8.2849,0.0864,-94.6091,11.3788,40.9638,11.3612,0.6330,0.7439,255.5564,43.2199,1.0000,1.0000,0.0000,0.9780,55.7090,74.5353,1.0000,0.0000,1,0,0,0,0,7.3764
59.8666,-8.8901,0.0864,-94.7880,11.4198,41.1113,11.4022,0.6346,0.7400,258.0016,44.1582,1.0000,1.0000,0.0000,0.9878,57.3934,30.4174,1.0000,0.0000,1,0,0,0,0,4.9766
59.9223,-9.5075,0.0864,-94.9420,11.4605,41.2576,11.4428,0.6357,0.7308,260.4704,44.3818,1.0000,1.0000,0.0000,0.9932,58.4499,18.9941,1.0000,0.0000,1,0,0,0,0,4.3530
59.9785,-10.1400,0.0864,-95.0707,11.5009,41.4033,11.4833,0.6369,0.7195,262.9574,44.2266,1.0000,1.0000,0.0000,0.9962,59.1132,11.7952,1.0000,0.0000,1,0,0,0,0,3.9430
60.0294,-10.7188,0.0864,-95.1634,11.5411,41.5478,11.5234,0.6376,0.7889,265.4660,49.2892,1.0000,1.0000,0.0000,0.9979,59.3317,4.2931,1.0000,0.0000,1,0,0,0,0,3.8054
60.0935,-11.4548,0.0864,-95.2469,11.5811,41.6918,11.5634,0.6385,0.6241,267.9836,39.2894,1.0000,1.0000,0.0000,0.9988,59.7261,6.1543,1.0000,0.0000,1,0,0,0,0,3.3516
60.1447,-12.0472,0.0864,-95.2867,11.6217,41.8380,11.6053,0.6174,0.7935,270.3399,46.0406,0.0000,1.0000,0.0000,0.7897,59.8189,1.8134,1.0000,0.0000,1,0,0,0,0,3.4554
60.1999,-12.6908,0.0864,-95.3075,11.6708,42.0147,11.6571,0.5653,0.8878,271.7559,25.6060,0.0000,1.0000,0.0000,0.4385,47.1792,228.5739,1.0000,0.0000,1,0,1,0,0,32.1491
60.2563,-13.3497,0.0864,-95.3113,11.7238,42.2057,11.7151,0.4513,0.9419,272.5421,13.9557,0.0000,1.0000,0.0000,0.2435,37.0818,179.2249,1.0000,0.0000,1,0,1,0,0,31.3097
60.3113,-13.9967,0.0864,-95.3015,11.7802,42.4088,11.7756,0.3309,1.0245,272.9778,7.9135,0.0000,1.0000,0.0000,0.1352,23.6362,244.1935,1.0000,0.0000,1,0,1,0,0,30.8610
60.3703,-14.6923,0.0864,-95.2801,11.8391,42.6209,11.8369,0.2312,0.9998,273.2184,4.0816,0.0000,1.0000,0.0000,0.0751,12.6969,185.6452,1.0000,0.0000,1,0,1,0,0,30.5197
60.4247,-15.3374,0.0864,-95.2533,11.8995,42.8380,11.8984,0.1573,1.1089,273.3502,2.4246,0.0000,1.0000,0.0000,0.0417,8.3248,80.3902,1.0000,0.0000,1,0,0,0,0,4.7991
60.4919,-16.1386,0.0864,-95.2141,11.9726,43.1014,11.9716,0.1590,1.0887,273.7495,5.9421,1.0000,1.0000,0.0000,0.3180,5.5656,41.0642,1.0000,0.0000,1,0,0,0,0,2.8107
60.5483,-16.8153,0.0864,-95.1757,12.0325,43.3170,12.0281,0.3245,1.0609,275.0722,23.4313,1.0000,1.0000,0.0000,0.6213,19.9443,254.7161,1.0000,0.0000,1,0,1,0,0,31.7063
60.6078,-17.5316,0.0864,-95.1246,12.1001,43.5605,12.0904,0.4856,1.1365,277.0592,33.3860,0.0000,1.0000,0.0000,0.5156,30.1631,171.6957,1.0000,0.0000,1,0,1,0,0,31.9954
60.6584,-18.1416,0.0864,-95.0688,12.1438,43.7178,12.1353,0.4547,0.8647,277.8610,15.8671,0.0000,1.0000,0.0000,0.3221,28.7129,28.6993,1.0000,0.0000,1,0,0,0,0,3.0375
60.7287,-18.9925,0.0864,-94.9731,12.2233,44.0037,12.2190,0.3222,1.1298,278.6086,10.6343,0.0000,1.0000,0.0000,0.1413,20.1027,122.4817,1.0000,0.0000,1,0,1,0,0,27.7908
60.7845,-19.6712,0.0864,-94.8849,12.2824,44.2165,12.2802,0.2313,1.0575,278.8671,4.6267,0.0000,1.0000,0.0000,0.0785,11.8659,147.3973,1.0000,0.0000,1,0,1,0,0,28.7283
60.8387,-20.3317,0.0864,-94.7924,12.3307,44.3906,12.3305,0.0721,0.8924,278.4646,-7.4278,-1.0000,1.0000,0.0000,-0.3264,2.2297,177.8172,1.0000,0.0000,1,0,1,0,0,30.3792
60.9098,-21.2032,0.0864,-94.6690,12.4160,44.6975,12.4122,0.3072,1.1987,276.3608,-29.5804,-1.0000,1.0000,0.0000,-0.7044,-16.0705,257.3103,1.0000,0.0000,1,0,1,0,0,32.0145
60.9777,-22.0418,0.0864,-94.5630,12.4832,44.9395,12.4697,0.5813,0.9903,273.8102,-37.5657,-1.0000,1.0000,0.0000,-0.8541,-34.4300,270.3999,1.0000,0.0000,1,0,1,0,0,32.7855
61.0477,-22.9127,0.0864,-94.4831,12.5377,45.1357,12.5229,0.6086,0.7796,271.2570,-36.5217,0.0000,1.0000,0.0000,-0.6306,-44.8441,148.9680,1.0000,0.0000,1,0,1,0,0,31.0331
61.1029,-23.6053,0.0864,-94.4447,12.5888,45.3197,12.5770,0.5444,0.9258,270.0547,-21.7783,0.0000,1.0000,0.0000,-0.3501,-35.0806,176.8550,1.0000,0.0000,1,0,1,0,0,31.6838
61.1583,-24.3047,0.0864,-94.4225,12.6432,45.5156,12.6362,0.4220,0.9811,269.3832,-12.1106,0.0000,1.0000,0.0000,-0.1944,-24.6028,188.9574,1.0000,0.0000,1,0,1,0,0,31.1735
61.2139,-25.0087,0.0864,-94.4132,12.7007,45.7227,12.6972,0.3014,1.0358,269.0071,-6.7710,0.0000,1.0000,0.0000,-0.1080,-17.7464,123.4378,1.0000,0.0000,1,0,1,0,0,27.5898
61.2695,-25.7167,0.0864,-94.4135,12.7604,45.9374,12.7588,0.2036,1.0725,268.7993,-3.7371,0.0000,1.0000,0.0000,-0.0599,-9.9694,139.8669,1.0000,0.0000,1,0,1,0,0,28.2173
61.3405,-26.6262,0.0864,-94.4227,12.8454,46.2434,12.8448,0.1194,1.1966,268.6481,-2.1276,0.0000,1.0000,0.0000,-0.0263,-6.2480,52.3801,1.0000,0.0000,1,0,0,0,0,3.1677
61.3947,-27.3239,0.0864,-94.4339,12.9066,46.4638,12.9066,0.0081,1.1289,268.9281,5.1637,1.0000,1.0000,0.0000,0.2828,-2.1683,75.2461,1.0000,0.0000,1,0,0,0,0,4.4766
61.4505,-28.0457,0.0864,-94.4466,12.9677,46.6839,12.9653,0.2495,1.0953,270.2562,23.7923,1.0000,1.0000,0.0000,0.6018,8.5740,192.4432,1.0000,0.0000,1,0,1,0,0,31.6104
61.5201,-28.9501,0.0864,-94.4534,13.0365,46.9312,13.0248,0.5502,0.9875,272.6497,34.3987,1.0000,1.0000,0.0000,0.8034,28.1590,281.4749,1.0000,0.0000,1,0,1,0,0,32.5442
61.5751,-29.6640,0.0864,-94.4413,12.8767,46.3561,12.8612,0.6309,-2.9058,274.8120,39.3306,1.0000,0.0000,0.0000,0.8908,42.1493,254.4724,0.5553,0.0000,1,0,1,0,0,32.9199
61.6310,-30.3737,0.0864,-94.4048,12.4855,44.9478,12.4698,0.6253,-6.9955,276.8777,36.9422,1.0000,0.0000,0.0000,0.9394,47.2373,90.9877,0.3083,0.0000,1,0,0,0,0,7.8584
61.6873,-31.0609,0.0864,-94.3459,11.9686,43.0870,11.9527,0.6166,-9.1767,278.8301,34.6607,1.0000,0.0000,0.0000,0.9663,52.5784,94.8224,0.1712,0.0000,1,0,0,0,0,7.9663
61.7417,-31.6929,0.0864,-94.2716,11.4714,41.2971,11.4548,0.6176,-9.1520,280.7610,35.5430,1.0000,1.0000,0.0000,0.9813,56.2115,66.8768,0.3925,0.0000,1,0,0,0,0,6.4975
61.8113,-32.4709,0.0864,-94.1519,11.1738,40.2257,11.1592,0.5712,-4.2740,282.6964,27.7934,0.0000,1.0000,0.0000,0.5461,52.2990,56.1841,0.7001,0.0000,1,0,0,0,0,5.4322
61.8811,-33.2327,0.0864,-94.0080,11.0616,39.8219,11.0531,0.4339,-1.6062,283.7085,14.4931,0.0000,1.0000,0.0000,0.2696,34.7515,251.2954,0.8520,0.0000,1,0,1,0,0,31.3935
61.9360,-33.8256,0.0864,-93.8808,11.0422,39.7519,11.0377,0.3144,-0.3540,284.1658,8.3325,0.0000,1.0000,0.0000,0.1497,21.1178,248.3839,0.9178,0.0000,1,0,1,0,0,30.8900
61.9919,-34.4273,0.0864,-93.7423,11.0590,39.8122,11.0567,0.2218,0.2998,284.4267,4.6690,0.0000,1.0000,0.0000,0.0831,14.6383,115.9585,0.9544,0.0000,1,0,0,0,0,7.0024
62.0608,-35.1697,0.0864,-93.5618,11.1138,40.0096,11.1118,0.2084,0.7953,285.0921,9.6522,1.0000,1.0000,0.0000,0.4119,8.9494,82.5253,0.9800,0.0000,1,0,0,0,0,5.4023
62.1318,-35.9351,0.0864,-93.3656,11.1728,40.2221,11.1664,0.3796,0.8321,286.8504,24.7895,1.0000,1.0000,0.0000,0.7097,20.5524,163.5825,0.9901,0.0000,1,0,1,0,0,30.9748
62.2027,-36.7001,0.0864,-93.1516,11.2327,40.4376,11.2190,0.5542,0.8444,289.2116,33.3047,1.0000,1.0000,0.0000,0.8567,38.4940,253.0696,0.9951,0.0000,1,0,1,0,0,32.5903
62.2699,-37.4230,0.0864,-92.9249,11.2913,40.6487,11.2788,0.5323,0.8719,290.9180,25.3712,0.0000,1.0000,0.0000,0.4229,39.4700,14.5113,0.9976,0.0000,1,0,0,0,0,2.9228
62.3267,-38.0313,0.0864,-92.7153,11.3547,40.8768,11.3456,0.4533,1.1149,292.0672,20.2221,1.0000,1.0000,0.0000,0.5062,28.8717,186.5001,0.9988,0.0000,1,0,1,0,0,31.7223
62.3947,-38.7564,0.0864,-92.4453,11.4188,41.1078,11.4060,0.5401,0.9440,294.0513,29.1900,1.0000,1.0000,0.0000,0.7562,32.8628,58.7147,0.9994,0.0000,1,0,0,0,0,5.5930
62.4528,-39.3721,0.0864,-92.1958,11.4685,41.2867,11.4517,0.6208,0.8560,296.1188,35.6030,1.0000,1.0000,0.0000,0.8646,41.1758,143.1520,0.9997,0.0000,1,0,1,0,0,30.7428
62.5057,-39.9274,0.0864,-91.9497,11.5167,41.4603,11.5027,0.5688,0.9119,297.6583,29.1232,0.0000,1.0000,0.0000,0.4801,42.5320,25.6577,0.9998,0.0000,1,0,0,0,0,3.7843
62.5610,-40.5042,0.0864,-91.6749,11.5693,41.6493,11.5579,0.5114,0.9484,298.8237,21.0475,1.0000,1.0000,0.0000,0.5640,33.9119,155.6820,0.9999,0.0000,1,0,1,0,0,30.4814
62.6309,-41.2260,0.0864,-91.3057,11.6322,41.8758,11.6171,0.5920,0.9000,300.9519,30.4441,1.0000,1.0000,0.0000,0.7848,37.7908,55.4898,1.0000,0.0000,1,0,0,0,0,5.5375
62.6861,-41.7889,0.0864,-90.9947,11.6782,42.0415,11.6613,0.6275,0.8342,303.0876,38.7026,1.0000,1.0000,0.0000,0.8805,43.9242,111.1453,1.0000,0.0000,1,0,0,0,0,9.1308
62.7557,-42.4838,0.0864,-90.5708,11.7290,42.2243,11.7118,0.6344,0.7298,305.8789,40.1312,1.0000,1.0000,0.0000,0.9410,50.6327,96.4513,1.0000,0.0000,1,0,0,0,0,8.3992
62.8109,-43.0218,0.0864,-90.2071,11.7700,42.3719,11.7527,0.6377,0.7418,308.3099,43.9837,1.0000,1.0000,0.0000,0.9672,54.7507,74.5050,1.0000,0.0000,1,0,0,0,0,7.3955
62.8678,-43.5605,0.0864,-89.8080,11.8103,42.5171,11.7930,0.6399,0.7096,310.7946,43.6997,1.0000,1.0000,0.0000,0.9818,56.2762,26.8298,1.0000,0.0000,1,0,0,0,0,4.7310
62.9370,-44.1937,0.0864,-89.2882,11.8661,42.7180,11.8487,0.6420,0.8063,314.3250,51.0071,1.0000,1.0000,0.0000,0.9920,58.0712,25.9345,1.0000,0.0000,1,0,0,0,0,5.0861
62.9915,-44.6731,0.0864,-88.8531,11.8976,42.8313,11.8802,0.6426,0.5777,316.3592,37.3251,1.0000,1.0000,0.0000,0.9950,58.8713,14.6809,1.0000,0.0000,1,0,0,0,0,3.6994
63.0506,-45.1726,0.0864,-88.3565,11.9449,43.0015,11.9275,0.6438,0.7998,319.4261,51.9081,1.0000,1.0000,0.0000,0.9975,59.4246,9.3642,1.0000,0.0000,1,0,0,0,0,4.2124
63.1064,-45.6238,0.0864,-87.8643,11.9841,43.1429,11.9668,0.6445,0.7037,321.9925,45.9709,1.0000,1.0000,0.0000,0.9986,59.6717,4.4262,1.0000,0.0000,1,0,0,0,0,3.6065
63.1728,-46.1327,0.0864,-87.2508,12.0310,43.3117,12.0137,0.6453,0.7060,325.0827,46.5394,1.0000,1.0000,0.0000,0.9993,59.8091,2.0686,1.0000,0.0000,1,0,0,0,0,3.5050
63.2341,-46.5739,0.0864,-86.6587,12.0699,43.4517,12.0526,0.6458,0.6349,327.6656,42.1494,1.0000,1.0000,0.0000,0.9996,59.8975,1.4429,1.0000,0.0000,1,0,0,0,0,3.2244
63.2846,-46.9159,0.0864,-86.1534,12.1088,43.5918,12.0916,0.6466,0.7708,330.2549,51.2987,1.0000,1.0000,0.0000,0.9998,59.9451,0.9430,1.0000,0.0000,1,0,0,0,0,3.7033
63.3397,-47.2664,0.0864,-85.5840,12.1476,43.7314,12.1304,0.6472,0.7032,332.8506,47.0692,1.0000,1.0000,0.0000,0.9999,59.9684,0.4225,1.0000,0.0000,1,0,0,0,0,3.4376
63.3993,-47.6170,0.0864,-84.9495,12.1863,43.8707,12.1691,0.6478,0.6494,335.4523,43.6668,1.0000,1.0000,0.0000,0.9999,59.9827,0.2412,1.0000,0.0000,1,0,0,0,0,3.2367
63.4653,-47.9698,0.0864,-84.2250,12.2327,44.0377,12.2155,0.6485,0.7026,338.5824,47.4211,1.0000,1.0000,0.0000,1.0000,59.9916,0.1341,1.0000,0.0000,1,0,0,0,0,3.4372
63.5340,-48.2961,0.0864,-83.4484,12.2789,44.2039,12.2617,0.6492,0.6718,341.7211,45.6599,1.0000,1.0000,0.0000,1.0000,59.9961,0.0661,1.0000,0.0000,1,0,0,0,0,3.3335
63.5894,-48.5272,0.0864,-82.8085,12.3171,44.3417,12.3000,0.6499,0.6921,344.3431,47.4036,1.0000,1.0000,0.0000,1.0000,59.9981,0.0348,1.0000,0.0000,1,0,0,0,0,3.4269
63.6458,-48.7329,0.0864,-82.1439,12.3553,44.4792,12.3382,0.6509,0.6772,346.9833,46.8186,1.0000,1.0000,0.0000,1.0000,59.9987,0.0116,1.0000,0.0000,1,0,0,0,0,3.3919
63.7015,-48.9060,0.0864,-81.4760,12.3934,44.6161,12.3762,0.6515,0.6821,349.6294,47.4614,1.0000,1.0000,0.0000,1.0000,59.9993,0.0102,1.0000,0.0000,1,0,0,0,0,3.4259
63.7595,-49.0532,0.0864,-80.7714,12.4390,44.7805,12.4219,0.6520,0.7878,352.8027,54.7320,1.0000,1.0000,0.0000,1.0000,59.9996,0.0057,1.0000,0.0000,1,0,0,0,0,3.8272
63.8119,-49.1572,0.0864,-80.1264,12.4694,44.8898,12.4523,0.6523,0.5786,354.9196,40.3525,1.0000,1.0000,0.0000,1.0000,59.9998,0.0039,1.0000,0.0000,1,0,0,0,0,3.0267
63.8816,-49.2517,0.0864,-79.2613,12.5230,45.0826,12.5060,0.6512,0.7689,358.6346,53.3307,1.0000,1.0000,0.0000,1.0000,59.9999,0.0011,1.0000,0.0000,1,0,0,0,0,3.7429
63.9372,-49.2908,0.0864,-78.5648,12.5613,45.2207,12.5444,0.6518,0.6896,1.2958,47.8300,1.0000,1.0000,0.0000,1.0000,60.0000,0.0010,1.0000,0.0000,1,0,0,0,0,3.4357
63.9952,-49.2970,0.0864,-77.8356,12.5993,45.3575,12.5823,0.6546,0.6552,3.9618,45.9796,1.0000,1.0000,0.0000,1.0000,60.0000,0.0003,1.0000,0.0000,1,0,0,0,0,3.3337
64.0496,-49.2707,0.0864,-77.1503,12.6370,45.4930,12.6200,0.6552,0.6924,6.6331,49.1367,1.0000,1.0000,0.0000,1.0000,60.0000,0.0002,1.0000,0.0000,1,0,0,0,0,3.5076
64.1069,-49.2106,0.0864,-76.4272,12.6805,45.6497,12.6661,0.6031,0.7589,8.5383,33.2309,0.0000,1.0000,0.0000,0.5553,55.5239,78.0699,1.0000,0.0000,1,0,0,0,0,6.8968
64.1600,-49.1346,0.0864,-75.7569,12.7323,45.8361,12.7212,0.5313,0.9752,9.5967,19.9310,0.0000,1.0000,0.0000,0.3083,38.5574,319.5157,1.0000,0.0000,1,0,1,0,0,31.7332
64.2295,-49.0134,0.0864,-74.8788,12.7984,46.0744,12.7926,0.3858,0.9530,10.2650,9.6216,0.0000,1.0000,0.0000,0.1522,25.6321,186.0872,1.0000,0.0000,1,0,1,0,0,30.9867
64.2841,-48.9045,0.0864,-74.1862,12.8567,46.2841,12.8537,0.2753,1.0654,10.5533,5.2746,0.0000,1.0000,0.0000,0.0845,14.3231,206.8808,1.0000,0.0000,1,0,1,0,0,30.6142
64.3394,-48.7860,0.0864,-73.4848,12.9165,46.4994,12.9151,0.1896,1.0837,10.7118,2.8698,0.0000,1.0000,0.0000,0.0469,9.8511,81.0040,1.0000,0.0000,1,0,0,0,0,4.8798
64.3983,-48.6527,0.0864,-72.7333,12.9773,46.7183,12.9770,0.0897,1.0314,10.6228,-1.5097,-1.0000,1.0000,0.0000,-0.1836,5.6832,70.7099,1.0000,0.0000,1,0,0,0,0,4.1159
64.4506,-48.5316,0.0864,-72.0636,13.0387,46.9392,13.0376,0.1634,1.1726,9.4727,-21.9802,-1.0000,1.0000,0.0000,-0.5467,-6.4675,232.2274,1.0000,0.0000,1,0,1,0,0,31.4091
64.5204,-48.3760,0.0864,-71.1644,13.1092,47.1930,13.1001,0.4875,1.0100,7.1812,-32.8289,-1.0000,1.0000,0.0000,-0.7762,-26.7019,289.8857,1.0000,0.0000,1,0,1,0,0,32.3817
64.5903,-48.2432,0.0864,-70.2553,13.1668,47.4005,13.1508,0.6482,0.8245,4.3685,-40.2336,-1.0000,1.0000,0.0000,-0.8895,-41.2279,207.7867,1.0000,0.0000,1,0,1,0,0,32.9736
64.6448,-48.1689,0.0864,-69.5409,13.2125,47.5650,13.1989,0.5984,0.8394,2.6131,-32.2382,0.0000,1.0000,0.0000,-0.4939,-41.8316,11.0862,1.0000,0.0000,1,0,0,0,0,3.0863
64.7004,-48.1122,0.0864,-68.8063,13.2650,47.7541,13.2550,0.5155,0.9443,1.6339,-17.6012,0.0000,1.0000,0.0000,-0.2743,-33.5110,149.5602,1.0000,0.0000,1,0,1,0,0,29.8696
64.7580,-48.0696,0.0864,-68.0418,13.3321,47.9956,13.3271,0.3651,1.1647,1.0104,-10.8283,0.0000,1.0000,0.0000,-0.1354,-23.0957,180.8638,1.0000,0.0000,1,0,1,0,0,31.0123
64.8252,-48.0363,0.0864,-67.1450,13.4013,48.2448,13.3939,0.4457,1.0306,359.6126,-20.8120,-1.0000,1.0000,0.0000,-0.5732,-18.9885,61.1534,1.0000,0.0000,1,0,0,0,0,5.0525
64.8838,-48.0225,0.0864,-66.3572,13.4557,48.4404,13.4412,0.6251,0.9261,357.6589,-33.2902,-1.0000,1.0000,0.0000,-0.7630,-28.7604,166.5137,1.0000,0.0000,1,0,1,0,0,31.7970
64.9394,-48.0297,0.0864,-65.6090,13.5044,48.6159,13.4915,0.5903,0.8779,356.1284,-27.5712,0.0000,1.0000,0.0000,-0.4237,-35.2254,116.4619,1.0000,0.0000,1,0,0,0,0,8.6575
64.9920,-48.0541,0.0864,-64.8974,13.5577,48.8076,13.5487,0.4918,1.0119,355.2743,-16.2273,0.0000,1.0000,0.0000,-0.2353,-28.1187,135.0183,1.0000,0.0000,1,0,1,0,0,28.9467
65.0502,-48.0973,0.0864,-64.1082,13.6142,49.0112,13.6112,0.2889,0.9718,355.1461,-2.2022,1.0000,1.0000,0.0000,0.1668,-17.1369,188.7252,1.0000,0.0000,1,0,1,0,0,30.4407
65.1032,-48.1461,0.0864,-63.3870,13.6748,49.2293,13.6746,0.0694,1.1434,356.2936,21.6522,1.0000,1.0000,0.0000,0.5373,2.3201,367.1567,1.0000,0.0000,1,0,1,0,0,31.2790
65.1741,-48.2103,0.0864,-62.4165,13.7463,49.4867,13.7379,0.4796,1.0079,358.6332,32.9817,1.0000,1.0000,0.0000,0.7716,21.4298,269.3842,1.0000,0.0000,1,0,1,0,0,32.3557
65.2418,-48.2503,0.0864,-61.4855,13.8027,49.6896,13.7869,0.6596,0.8331,1.5231,42.7179,1.0000,1.0000,0.0000,0.8873,38.5965,253.7585,1.0000,0.0000,1,0,1,0,0,33.0900
65.2985,-48.2480,0.0864,-60.7011,13.8405,49.8258,13.8244,0.6671,0.6664,4.1491,46.2755,1.0000,1.0000,0.0000,0.9374,47.2118,151.8180,1.0000,0.0000,1,0,1,0,0,31.7282
65.3528,-48.2133,0.0864,-59.9499,13.8833,49.9799,13.8706,0.5944,0.7894,5.9943,34.0111,-1.0000,1.0000,0.0000,0.4095,44.6791,46.6835,1.0000,0.0000,1,0,0,0,0,5.1253
65.4101,-48.1553,0.0864,-59.1548,13.9379,50.1765,13.9340,0.3309,0.9530,6.0002,0.1025,-1.0000,1.0000,0.0000,-0.2173,22.3530,389.6057,1.0000,0.0000,1,0,1,0,0,30.3619
65.4780,-48.0740,0.0864,-58.2094,14.0106,50.4381,14.0098,0.1463,1.0705,4.3636,-24.1079,-1.0000,1.0000,0.0000,-0.6136,-3.4165,379.5974,1.0000,0.0000,1,0,1,0,0,31.4960
65.5335,-48.0110,0.0864,-57.4321,14.0696,50.6506,14.0607,0.5010,1.0628,2.2611,-37.8700,-1.0000,1.0000,0.0000,-0.7855,-23.4160,360.2267,1.0000,0.0000,1,0,1,0,0,32.6380
65.5904,-47.9638,0.0864,-56.6306,14.1244,50.8477,14.1088,0.6637,0.9618,359.2768,-52.4057,-1.0000,1.0000,0.0000,-0.8941,-39.9855,290.9688,1.0000,0.0000,1,0,1,0,0,33.6162
65.6470,-47.9516,0.0864,-55.8306,14.1639,50.9899,14.1499,0.6283,0.6978,356.9416,-41.2674,0.0000,1.0000,0.0000,-0.6438,-46.6796,118.2984,1.0000,0.0000,1,0,0,0,0,9.5301
65.7004,-47.9676,0.0864,-55.0739,14.2034,51.1321,14.1909,0.5940,0.7402,355.8094,-21.2152,0.0000,1.0000,0.0000,-0.4021,-37.7096,168.0796,1.0000,0.0000,1,0,1,0,0,31.1437
65.7568,-48.0033,0.0864,-54.2714,14.2679,51.3645,14.2600,0.4758,1.1438,354.8507,-16.9880,0.0000,1.0000,0.0000,-0.1985,-27.6486,178.2775,1.0000,0.0000,1,0,1,0,0,31.3483
65.8111,-48.0525,0.0864,-53.4969,14.3132,51.5276,14.3094,0.3297,0.8346,354.6854,-3.0430,1.0000,1.0000,0.0000,0.0857,-17.3277,190.0514,1.0000,0.0000,1,0,1,0,0,30.5146
65.8693,-48.1154,0.0864,-52.6638,14.3859,51.7893,14.3855,0.1118,1.2488,356.0289,23.0789,1.0000,1.0000,0.0000,0.5487,1.4129,321.9358,1.0000,0.0000,1,0,1,0,0,31.3988
65.9239,-48.1738,0.0864,-51.8791,14.4455,52.0038,14.4389,0.4354,1.0911,357.8373,33.1184,0.0000,1.0000,0.0000,0.5397,21.0876,360.3184,1.0000,0.0000,1,0,1,0,0,32.2920
65.9779,-48.2217,0.0864,-51.1000,14.4904,52.1656,14.4823,0.4852,0.8327,358.7935,17.7229,0.0000,1.0000,0.0000,0.3371,23.9623,53.2795,1.0000,0.0000,1,0,0,0,0,4.4468
66.0476,-48.2648,0.0864,-50.0878,14.5695,52.4502,14.5644,0.3861,1.1341,359.6855,12.7949,0.0000,1.0000,0.0000,0.1479,18.4763,78.6898,1.0000,0.0000,1,0,0,0,0,5.4800
66.1029,-48.2860,0.0864,-49.2812,14.6280,52.6609,14.6252,0.2881,1.0587,359.9943,5.5836,0.0000,1.0000,0.0000,0.0821,12.7496,103.5754,1.0000,0.0000,1,0,0,0,0,6.3598
66.1582,-48.2988,0.0864,-48.4708,14.6879,52.8765,14.6865,0.2041,1.0826,0.1640,3.0697,0.0000,1.0000,0.0000,0.0456,8.1833,82.5637,1.0000,0.0000,1,0,0,0,0,4.9659
66.2158,-48.3057,0.0864,-47.6226,14.7487,53.0954,14.7480,0.1404,1.0548,0.2564,1.6024,0.0000,1.0000,0.0000,0.0253,5.2130,51.5325,1.0000,0.0000,1,0,0,0,0,3.0947
66.2698,-48.3082,0.0864,-46.8258,14.8098,53.3153,14.8095,0.0952,1.1331,0.3057,0.9137,0.0000,1.0000,0.0000,0.0141,3.0095,40.8623,1.0000,0.0000,1,0,0,0,0,2.4173
66.3251,-48.3082,0.0864,-46.0042,14.8711,53.5361,14.8710,0.0643,1.1075,0.3309,0.4565,0.0000,1.0000,0.0000,0.0078,1.6260,24.9856,1.0000,0.0000,1,0,0,0,0,1.4784
66.3949,-48.3057,0.0864,-44.9648,14.9448,53.8013,14.9447,0.0408,1.0564,0.3442,0.1905,0.0000,1.0000,0.0000,0.0039,0.9563,9.6037,1.0000,0.0000,1,0,0,0,0,0.5850
66.4510,-48.3026,0.0864,-44.1243,15.0063,54.0226,15.0062,0.0286,1.0954,0.3477,0.0615,0.0000,1.0000,0.0000,0.0021,0.5287,7.6204,1.0000,0.0000,1,0,0,0,0,0.4554
66.5078,-48.2989,0.0864,-43.2695,15.0677,54.2439,15.0677,0.0226,1.0813,0.3539,0.1099,0.0000,1.0000,0.0000,0.0012,0.2615,4.7007,1.0000,0.0000,1,0,0,0,0,0.2898
66.5757,-48.2949,0.0864,-42.2449,15.1414,54.5089,15.1393,0.2487,1.0858,359.1682,-17.4841,-1.0000,1.0000,0.0000,-0.5058,-6.1935,95.1809,1.0000,0.0000,1,0,0,0,0,6.5055
66.6454,-48.3009,0.0864,-41.1866,15.2237,54.8054,15.2192,0.3690,1.1812,357.7665,-20.1068,0.0000,1.0000,0.0000,-0.2220,-17.1759,157.5449,1.0000,0.0000,1,0,1,0,0,30.2331
66.7006,-48.3179,0.0864,-40.3442,15.2823,55.0163,15.2792,0.3108,1.0606,357.2751,-8.8936,0.0000,1.0000,0.0000,-0.1232,-13.6354,64.0702,1.0000,0.0000,1,0,0,0,0,4.3586
66.7554,-48.3443,0.0864,-39.5060,15.3419,55.2310,15.3402,0.2322,1.0882,356.9994,-5.0327,0.0000,1.0000,0.0000,-0.0684,-10.3822,59.3794,1.0000,0.0000,1,0,0,0,0,3.8055
66.8247,-48.3883,0.0864,-38.4415,15.4147,55.4930,15.4140,0.1497,1.0500,356.8217,-2.5632,0.0000,1.0000,0.0000,-0.0338,-6.0977,61.8212,1.0000,0.0000,1,0,0,0,0,3.7226
66.8951,-48.4413,0.0864,-37.3548,15.4881,55.7570,15.4878,0.0902,1.0417,356.7308,-1.2911,0.0000,1.0000,0.0000,-0.0167,-3.2499,40.4440,1.0000,0.0000,1,0,0,0,0,2.4059
66.9499,-48.4862,0.0864,-36.5066,15.5494,55.9777,15.5493,0.0562,1.1198,356.6889,-0.7650,0.0000,1.0000,0.0000,-0.0093,-1.7574,27.2695,1.0000,0.0000,1,0,0,0,0,1.6117
67.0068,-48.5353,0.0864,-35.6200,15.6108,56.1990,15.6108,0.0333,1.0790,356.6634,-0.4477,0.0000,1.0000,0.0000,-0.0051,-1.0763,11.9507,1.0000,0.0000,1,0,0,0,0,0.7208
67.0614,-48.5838,0.0864,-34.7675,15.6724,56.4206,15.6724,0.0181,1.1275,356.6471,-0.2986,0.0000,1.0000,0.0000,-0.0029,-0.7038,6.8247,1.0000,0.0000,1,0,0,0,0,0.4131
67.1309,-48.6471,0.0864,-33.6779,15.7461,56.6860,15.7461,0.0069,1.0615,356.6340,-0.1893,0.0000,1.0000,0.0000,-0.0014,-0.3528,5.0528,1.0000,0.0000,1,0,0,0,0,0.2978
67.1863,-48.6983,0.0864,-32.8055,15.8076,56.9073,15.8076,0.0012,1.1101,356.6259,-0.1455,0.0000,1.0000,0.0000,-0.0008,-0.1863,3.0063,1.0000,0.0000,1,0,0,0,0,0.1763
67.2416,-48.7501,0.0864,-31.9300,15.8691,57.1288,15.8690,0.0567,1.1112,356.8228,3.5568,1.0000,1.0000,0.0000,0.2092,0.9506,20.5379,1.0000,0.0000,1,0,0,0,0,1.3922
67.2986,-48.8016,0.0864,-31.0253,15.9298,57.3474,15.9258,0.3594,1.0657,358.2065,24.2860,1.0000,1.0000,0.0000,0.5609,14.1430,231.5411,1.0000,0.0000,1,0,1,0,0,31.6876
67.3667,-48.8468,0.0864,-29.9396,15.9995,57.5983,15.9850,0.6823,1.0240,1.4065,47.0202,1.0000,1.0000,0.0000,0.8073,28.5835,212.1915,1.0000,0.0000,1,0,1,0,0,33.2519
67.4248,-48.8447,0.0864,-29.0080,16.0351,57.7263,16.0199,0.6981,0.6114,4.1601,47.3280,1.0000,1.0000,0.0000,0.8930,40.4534,204.0144,1.0000,0.0000,1,0,1,0,0,33.2824
67.4778,-48.8015,0.0864,-28.1587,16.0703,57.8532,16.0570,0.6539,0.6654,6.7176,48.2687,0.0000,1.0000,0.0000,0.6432,48.0737,143.8158,1.0000,0.0000,1,0,1,0,0,31.2817
67.5330,-48.7220,0.0864,-27.2754,16.1180,58.0248,16.1067,0.6029,0.8647,8.1825,26.5754,0.0000,1.0000,0.0000,0.3571,38.8051,168.1450,1.0000,0.0000,1,0,1,0,0,31.3789
67.6027,-48.5920,0.0864,-26.1561,16.1830,58.2587,16.1750,0.5087,0.9309,9.1081,13.2623,0.0000,1.0000,0.0000,0.1763,26.3111,179.0339,1.0000,0.0000,1,0,1,0,0,31.1546
67.6730,-48.4370,0.0864,-25.0267,16.2515,58.5055,16.2475,0.3633,0.9753,9.5632,6.4749,0.0000,1.0000,0.0000,0.0870,15.8338,149.0422,1.0000,0.0000,1,0,1,0,0,28.9752
67.7278,-48.3038,0.0864,-24.1458,16.3107,58.7186,16.3087,0.2578,1.0818,9.7588,3.5737,0.0000,1.0000,0.0000,0.0483,8.4211,135.4713,1.0000,0.0000,1,0,1,0,0,27.9618
67.7842,-48.1584,0.0864,-23.2348,16.3712,58.9362,16.3702,0.1771,1.0706,9.8655,1.8900,0.0000,1.0000,0.0000,0.0268,5.1812,57.3935,1.0000,0.0000,1,0,0,0,0,3.4558
67.8537,-47.9731,0.0864,-22.1093,16.4446,59.2006,16.4435,0.1922,1.0568,8.6631,-17.2997,-1.0000,1.0000,0.0000,-0.4931,-5.1376,148.4641,1.0000,0.0000,1,0,1,0,0,29.3844
67.9083,-47.8324,0.0864,-21.2206,16.5030,59.4109,16.4921,0.6015,1.0700,6.5725,-38.2929,-1.0000,1.0000,0.0000,-0.7185,-21.8354,305.8438,1.0000,0.0000,1,0,1,0,0,32.6741
67.9669,-47.7076,0.0864,-20.2595,16.5506,59.5821,16.5358,0.6993,0.8108,3.3939,-54.2051,-1.0000,1.0000,0.0000,-0.8611,-34.8146,221.3382,1.0000,0.0000,1,0,1,0,0,33.6452
68.0192,-47.6373,0.0864,-19.3963,16.5773,59.6783,16.5621,0.7099,0.5112,1.0426,-44.9647,-1.0000,1.0000,0.0000,-0.9132,-44.5288,185.7685,1.0000,0.0000,1,0,1,0,0,33.1404
68.0747,-47.6091,0.0864,-18.4770,16.6087,59.7913,16.5932,0.7179,0.5665,357.9553,-55.6928,-1.0000,1.0000,0.0000,-0.9518,-51.4453,124.7678,1.0000,0.0000,1,0,1,0,0,30.6739
68.1450,-47.6460,0.0864,-17.3075,16.6504,59.9413,16.6346,0.7237,0.5919,353.4833,-63.5533,-1.0000,1.0000,0.0000,-0.9789,-54.9951,50.4477,1.0000,0.0000,1,0,0,0,0,6.9854
68.2138,-47.7572,0.0864,-16.1672,16.6966,60.1076,16.6847,0.6294,0.6721,350.8600,-38.1625,0.0000,1.0000,0.0000,-0.4832,-49.3856,81.6038,1.0000,0.0000,1,0,0,0,0,7.2191
68.2700,-47.8826,0.0864,-15.2362,16.7483,60.2939,16.7381,0.5838,0.9213,349.7180,-20.3265,0.0000,1.0000,0.0000,-0.2683,-35.0904,254.4405,1.0000,0.0000,1,0,1,0,0,31.6521
68.3297,-48.0365,0.0864,-14.2456,16.8031,60.4910,16.7926,0.5916,0.9162,348.6705,-17.5301,-1.0000,1.0000,0.0000,-0.4464,-25.3299,163.3455,1.0000,0.0000,1,0,1,0,0,30.5767
68.3810,-48.1882,0.0864,-13.3966,16.8498,60.6591,16.8364,0.6719,0.9109,346.6542,-39.3391,-1.0000,1.0000,0.0000,-0.6926,-29.2594,76.6659,1.0000,0.0000,1,0,0,0,0,7.0428
68.4499,-48.4412,0.0864,-12.2622,16.8946,60.8206,16.8800,0.7031,0.6511,343.4841,-46.0197,-1.0000,1.0000,0.0000,-0.8483,-38.6134,135.7898,1.0000,0.0000,1,0,1,0,0,30.7248
68.5053,-48.6943,0.0864,-11.3601,16.9274,60.9385,16.9122,0.7170,0.5912,340.5051,-53.7676,-1.0000,1.0000,0.0000,-0.9157,-46.2557,137.9354,1.0000,0.0000,1,0,1,0,0,31.2856
68.5611,-48.9978,0.0864,-10.4646,16.9579,61.0483,16.9424,0.7250,0.5466,337.3615,-56.3209,-1.0000,1.0000,0.0000,-0.9532,-52.4569,111.1005,1.0000,0.0000,1,0,0,0,0,9.9425
68.6314,-49.4515,0.0864,-9.3605,16.9984,61.1943,16.9827,0.7309,0.5768,332.8127,-64.6800,-1.0000,1.0000,0.0000,-0.9795,-55.3956,41.7863,1.0000,0.0000,1,0,0,0,0,6.5598
68.6857,-49.8568,0.0864,-8.5302,17.0209,61.2751,17.0051,0.7331,0.4131,330.1704,-48.6410,-1.0000,1.0000,0.0000,-0.9872,-57.3613,36.1852,1.0000,0.0000,1,0,0,0,0,5.3586
68.7589,-50.4773,0.0864,-7.4484,17.0598,61.4151,17.0439,0.7353,0.5313,325.5061,-63.7165,-1.0000,1.0000,0.0000,-0.9944,-58.6548,17.6696,1.0000,0.0000,1,0,0,0,0,5.1679
68.8132,-50.9905,0.0864,-6.6779,17.0871,61.5137,17.0713,0.7363,0.5050,322.1552,-61.7901,-1.0000,1.0000,0.0000,-0.9969,-59.3216,12.2969,1.0000,0.0000,1,0,0,0,0,4.7623
68.8665,-51.5376,0.0864,-5.9494,17.1145,61.6122,17.0986,0.7371,0.5136,318.7942,-63.0689,-1.0000,1.0000,0.0000,-0.9983,-59.5997,5.2175,1.0000,0.0000,1,0,0,0,0,4.4397
68.9225,-52.1573,0.0864,-5.2169,17.1417,61.7100,17.1258,0.7377,0.4848,315.4341,-59.9695,-1.0000,1.0000,0.0000,-0.9990,-59.7400,2.5046,1.0000,0.0000,1,0,0,0,0,4.1163
68.9792,-52.8282,0.0864,-4.5136,17.1690,61.8084,17.1531,0.7385,0.4822,312.0665,-59.4238,-1.0000,1.0000,0.0000,-0.9995,-59.8638,2.1843,1.0000,0.0000,1,0,0,0,0,4.0679
69.0334,-53.5099,0.0864,-3.8782,17.1959,61.9053,17.1800,0.7391,0.4962,308.6868,-62.3049,-1.0000,1.0000,0.0000,-0.9997,-59.9140,0.9259,1.0000,0.0000,1,0,0,0,0,4.1576
69.0936,-54.3089,0.0864,-3.2197,17.2229,62.0024,17.2070,0.7398,0.4483,305.3024,-56.2445,-1.0000,1.0000,0.0000,-0.9998,-59.9516,0.6252,1.0000,0.0000,1,0,0,0,0,3.8038
69.1587,-55.2210,0.0864,-2.5651,17.2551,62.1184,17.2392,0.7405,0.4945,301.2352,-62.4380,-1.0000,1.0000,0.0000,-0.9999,-59.9771,0.3907,1.0000,0.0000,1,0,0,0,0,4.1342
69.2150,-56.0452,0.0864,-2.0509,17.2819,62.2147,17.2660,0.7411,0.4756,297.8412,-60.3189,-1.0000,1.0000,0.0000,-1.0000,-59.9868,0.1729,1.0000,0.0000,1,0,0,0,0,4.0039
69.2706,-56.8903,0.0864,-1.5914,17.3086,62.3109,17.2927,0.7417,0.4802,294.4430,-61.0901,-1.0000,1.0000,0.0000,-1.0000,-59.9932,0.1154,1.0000,0.0000,1,0,0,0,0,4.0431
69.3250,-57.7419,0.0864,-1.1875,17.3436,62.4369,17.3314,0.6509,0.6436,292.0181,-44.5716,0.0000,1.0000,0.0000,-0.5553,-53.4889,119.5531,1.0000,0.0000,1,0,0,0,0,9.6810
69.3949,-58.8576,0.0864,-0.7102,17.4036,62.6528,17.3934,0.5935,0.8584,290.4795,-22.0258,0.0000,1.0000,0.0000,-0.2741,-37.5960,227.5140,1.0000,0.0000,1,0,1,0,0,31.7352
69.4645,-59.9856,0.0864,-0.2601,17.4812,62.9324,17.4754,0.4499,1.1154,289.6321,-12.1696,0.0000,1.0000,0.0000,-0.1203,-22.1873,221.2824,1.0000,0.0000,1,0,1,0,0,31.0621
69.5205,-60.9021,0.0864,0.0879,17.5395,63.1421,17.5364,0.3274,1.0404,289.3340,-5.3232,0.0000,1.0000,0.0000,-0.0668,-13.3098,158.5284,1.0000,0.0000,1,0,1,0,0,29.3829
69.5754,-61.8069,0.0864,0.4204,17.5991,63.3569,17.5957,0.3480,1.0868,288.7448,-10.7356,-1.0000,1.0000,0.0000,-0.3345,-8.0580,95.6855,1.0000,0.0000,1,0,0,0,0,6.2089
69.6329,-62.7621,0.0864,0.7599,17.6562,63.5622,17.6439,0.6591,0.9915,286.9374,-31.4227,-1.0000,1.0000,0.0000,-0.6305,-17.9261,171.5659,1.0000,0.0000,1,0,1,0,0,31.8371
69.6871,-63.6718,0.0864,1.0572,17.6951,63.7023,17.6810,0.7061,0.7186,284.3928,-46.9890,-1.0000,1.0000,0.0000,-0.7948,-28.1796,189.3419,1.0000,0.0000,1,0,1,0,0,33.2091
69.7418,-64.6051,0.0864,1.3161,17.7280,63.8207,17.7131,0.7262,0.6014,281.4361,-54.0502,-1.0000,1.0000,0.0000,-0.8861,-41.3155,240.1319,1.0000,0.0000,1,0,1,0,0,33.6173
69.8141,-65.8613,0.0864,1.5834,17.7633,63.9480,17.7479,0.7394,0.4884,277.5952,-53.0594,-1.0000,1.0000,0.0000,-0.9438,-48.8967,104.7302,1.0000,0.0000,1,0,0,0,0,9.3905
69.8676,-66.8009,0.0864,1.7246,17.7994,64.0777,17.7875,0.6496,0.6744,275.2594,-43.7059,0.0000,1.0000,0.0000,-0.5240,-47.3797,28.3855,1.0000,0.0000,1,0,0,0,0,4.5525
69.9217,-67.7592,0.0864,1.8355,17.8490,64.2563,17.8389,0.5997,0.9162,273.9582,-24.0355,0.0000,1.0000,0.0000,-0.2910,-34.5358,237.2418,1.0000,0.0000,1,0,1,0,0,31.8393
69.9774,-68.7502,0.0864,1.9296,17.9039,64.4540,17.8963,0.5216,0.9858,273.2320,-13.0389,0.0000,1.0000,0.0000,-0.1616,-23.9130,190.7340,1.0000,0.0000,1,0,1,0,0,31.1613
70.0403,-69.8726,0.0864,2.0173,17.8719,64.3387,17.8675,0.3950,-0.5091,272.8349,-6.3160,0.0000,0.0000,0.0000,-0.0897,-16.8507,112.3388,0.7026,0.0000,1,0,0,0,0,6.9235
70.1025,-70.9712,0.0864,2.0888,17.4883,62.9579,17.4864,0.2599,-6.1628,272.6036,-3.7156,0.0000,0.0000,0.0000,-0.0443,-8.0245,141.8075,0.3468,0.0000,1,0,1,0,0,28.3075
70.4359,-76.2283,0.0864,2.3427,13.9157,50.0964,13.9157,0.0078,-10.7178,272.3887,-0.6449,0.0000,0.0000,0.0000,-0.0013,-7.1317,2.6783,0.0102,0.0000,1,0,0,0,0,0.1931
