time,position_x,position_y,position_z,speed_ms,speed_kmh,forward_speed,sideways_speed,acceleration_ms2,yaw,yaw_rate,raw_steer_x,raw_throttle_y,raw_brake_z,steer_input,handlebar_angle,steer_rate,throttle,brake,is_grounded,harsh_brake,harsh_steer,high_side_slip,high_yaw_rate,risk_score
0.1355,185.2042,0.1146,102.8923,0.0000,0.0000,0.0000,0.0000,0.0000,270.0000,0.0000,-0.1066,-0.1026,0.3216,-0.2248,0.0000,0.0000,0.0000,0.0000,1,0,0,0,0,0.0000
0.1952,185.2042,0.0864,102.8924,0.0001,0.0003,0.0000,0.0001,0.0013,270.0012,0.0199,-0.1066,-0.1026,0.3216,-0.2485,-14.1339,236.7119,0.0000,0.0000,1,0,0,0,0,10.0011
0.2460,185.2042,0.0864,102.8924,0.0001,0.0003,0.0000,0.0001,-0.0001,270.0016,0.0072,-0.1066,-0.1026,0.3216,-0.2587,-14.6306,9.7835,0.0000,0.0000,1,0,0,0,0,0.5439
0.3242,185.2042,0.0864,102.8924,0.0001,0.0003,0.0000,0.0001,0.0000,270.0021,0.0070,-0.1026,-0.1026,0.3196,-0.2597,-15.2063,7.3640,0.0000,0.0000,1,0,0,0,0,0.4095
0.3858,185.2042,0.0864,102.8924,0.0001,0.0003,0.0000,0.0001,0.0000,270.0025,0.0064,-0.0929,-0.1026,0.3196,-0.2458,-15.2486,0.6873,0.0000,0.0000,1,0,0,0,0,0.0385
0.4429,185.2042,0.0864,102.8924,0.0001,0.0003,0.0000,0.0001,0.0000,270.0029,0.0069,-0.0929,-0.1026,0.3196,-0.2380,-14.8841,6.3783,0.0000,0.0000,1,0,0,0,0,0.3547
0.4944,185.2042,0.0864,102.8924,0.0001,0.0003,0.0000,0.0001,0.0000,270.0033,0.0077,-0.0929,-0.1026,0.3196,-0.2347,-14.4604,8.2335,0.0000,0.0000,1,0,0,0,0,0.4578
0.5503,185.2042,0.0864,102.8924,0.0001,0.0003,0.0000,0.0001,0.0000,270.0037,0.0071,-0.0929,-0.1026,0.3196,-0.2333,-14.2023,4.6182,0.0000,0.0000,1,0,0,0,0,0.2570
0.6139,185.2043,0.0864,102.8924,0.0001,0.0003,0.0000,0.0001,0.0000,270.0042,0.0077,-0.0929,-0.1026,0.3196,-0.2326,-14.0804,1.9156,0.0000,0.0000,1,0,0,0,0,0.1068
0.6743,185.2042,0.0864,102.8924,0.0001,0.0003,0.0000,0.0001,0.0000,270.0044,0.0035,-0.0929,-0.1026,0.3196,-0.2324,-14.0075,1.2085,0.0000,0.0000,1,0,0,0,0,0.0673
0.7335,185.2042,0.0864,102.8924,0.0001,0.0003,0.0000,0.0001,0.0000,270.0048,0.0062,-0.0929,-0.1026,0.3196,-0.2323,-13.9707,0.6214,0.0000,0.0000,1,0,0,0,0,0.0349
0.7955,185.2042,0.0864,102.8924,0.0001,0.0003,0.0000,0.0001,0.0000,270.0051,0.0049,-0.0929,-0.1026,0.3196,-0.2322,-13.9509,0.3188,0.0000,0.0000,1,0,0,0,0,0.0180
0.8544,185.2042,0.0864,102.8924,0.0001,0.0003,0.0000,0.0001,0.0000,270.0054,0.0052,-0.0929,-0.1026,0.3216,-0.2322,-13.9412,0.1646,0.0000,0.0000,1,0,0,0,0,0.0094
0.9166,185.2042,0.0864,102.8924,0.0001,0.0003,0.0000,0.0001,0.0000,270.0057,0.0059,-0.0987,-0.1026,0.3216,-0.2363,-13.9549,0.2206,0.0000,0.0000,1,0,0,0,0,0.0126
0.9684,185.2042,0.0864,102.8924,0.0001,0.0003,0.0000,0.0001,0.0000,270.0060,0.0059,-0.1026,-0.1026,0.3216,-0.2461,-14.1994,4.7206,0.0000,0.0000,1,0,0,0,0,0.2626
1.0324,185.2042,0.0864,102.8924,0.0001,0.0003,0.0000,0.0001,0.0000,270.0064,0.0057,-0.1066,-0.1026,0.3216,-0.2583,-14.5555,5.5700,0.0000,0.0000,1,0,0,0,0,0.3098
1.0859,185.2042,0.0864,102.8924,0.0001,0.0003,0.0000,0.0001,0.0000,270.0067,0.0046,-0.1105,-0.1026,0.3216,-0.2671,-15.2160,12.3438,0.0000,0.0000,1,0,0,0,0,0.6860
1.1414,185.2042,0.0864,102.8924,0.0001,0.0003,0.0000,0.0001,0.0000,270.0070,0.0055,-0.1124,-0.1026,0.3216,-0.2751,-15.8243,10.9609,0.0000,0.0000,1,0,0,0,0,0.6092
1.1924,185.2042,0.0864,102.8924,0.0001,0.0003,0.0000,0.0001,0.0000,270.0072,0.0048,-0.1124,-0.1026,0.3216,-0.2785,-16.2005,7.3775,0.0000,0.0000,1,0,0,0,0,0.4101
1.2476,185.2043,0.0864,102.8924,0.0001,0.0003,0.0000,0.0001,0.0000,270.0075,0.0050,-0.1124,-0.1026,0.3216,-0.2800,-16.4836,5.1249,0.0000,0.0000,1,0,0,0,0,0.2850
1.3043,185.2042,0.0864,102.8924,0.0001,0.0003,0.0000,0.0001,0.0000,270.0078,0.0048,-0.1124,-0.1026,0.3216,-0.2806,-16.6470,2.8820,0.0000,0.0000,1,0,0,0,0,0.1604
1.3556,185.2042,0.0864,102.8924,0.0001,0.0003,0.0000,0.0001,0.0000,270.0080,0.0048,-0.1105,-0.0968,0.3216,-0.2789,-16.7333,1.6815,0.0000,0.0000,1,0,0,0,0,0.0937
1.4191,185.2042,0.0864,102.8924,0.0001,0.0003,0.0000,0.0001,0.0000,270.0083,0.0043,-0.1007,-0.0811,0.3216,-0.2677,-16.5961,2.1617,0.0000,0.0000,1,0,0,0,0,0.1203
1.4792,185.2042,0.0864,102.8924,0.0001,0.0003,0.0000,0.0001,0.0000,270.0086,0.0056,-0.0948,-0.0713,0.3216,-0.2502,-16.0353,9.3352,0.0000,0.0000,1,0,0,0,0,0.5189
1.5477,185.2042,0.0864,102.8924,0.0001,0.0003,0.0000,0.0001,0.0000,270.0089,0.0045,-0.0870,-0.0655,0.3216,-0.2316,-15.4113,9.1038,0.0000,0.0000,1,0,0,0,0,0.5060
1.5986,185.2042,0.0864,102.8924,0.0001,0.0003,0.0000,0.0001,0.0000,270.0092,0.0060,-0.0753,-0.0635,0.3216,-0.2117,-14.1829,24.1349,0.0000,0.0000,1,0,0,0,0,1.3412
1.6585,185.2042,0.0864,102.8924,0.0001,0.0003,0.0000,0.0001,0.0000,270.0094,0.0036,-0.0675,-0.0596,0.3216,-0.1904,-13.1679,16.9545,0.0000,0.0000,1,0,0,0,0,0.9421
1.7189,185.2043,0.0864,102.8923,0.0001,0.0003,0.0000,0.0001,0.0000,270.0097,0.0040,-0.0616,-0.0596,0.3216,-0.1734,-11.9503,20.1423,0.0000,0.0000,1,0,0,0,0,1.1192
1.7790,185.2043,0.0864,102.8924,0.0001,0.0003,0.0000,0.0001,0.0000,270.0100,0.0056,-0.0577,-0.0596,0.3216,-0.1560,-10.8362,18.5329,0.0000,0.0000,1,0,0,0,0,1.0299
1.8292,185.2042,0.0864,102.8924,0.0001,0.0003,0.0000,0.0001,0.0000,270.0103,0.0055,-0.0557,-0.0596,0.3216,-0.1478,-10.0407,15.8611,0.0000,0.0000,1,0,0,0,0,0.8815
1.8798,185.2042,0.0864,102.8923,0.0001,0.0003,0.0000,0.0001,0.0000,270.0106,0.0066,-0.0538,-0.0596,0.3216,-0.1402,-9.3287,14.0750,0.0000,0.0000,1,0,0,0,0,0.7823
1.9301,185.2042,0.0864,102.8924,0.0001,0.0003,0.0000,0.0001,0.0000,270.0109,0.0049,-0.0538,-0.0596,0.3216,-0.1374,-8.8714,9.0925,0.0000,0.0000,1,0,0,0,0,0.5054
1.9879,185.2043,0.0864,102.8924,0.0001,0.0003,0.0000,0.0001,0.0000,270.0113,0.0074,-0.0538,-0.0596,0.3216,-0.1355,-8.4973,6.4702,0.0000,0.0000,1,0,0,0,0,0.3599
2.0574,185.2042,0.0864,102.8924,0.0001,0.0003,0.0000,0.0001,0.0000,270.0117,0.0053,-0.0538,-0.0596,0.3216,-0.1349,-8.3091,2.7086,0.0000,0.0000,1,0,0,0,0,0.1508
2.1200,185.2042,0.0864,102.8924,0.0001,0.0003,0.0000,0.0001,0.0000,270.0120,0.0049,-0.0518,-0.0596,0.3216,-0.1327,-8.1438,2.6416,0.0000,0.0000,1,0,0,0,0,0.1470
2.1784,185.2042,0.0864,102.8923,0.0001,0.0003,0.0000,0.0001,0.0000,270.0124,0.0068,-0.0518,-0.0596,0.3216,-0.1307,-8.0196,2.1233,0.0000,0.0000,1,0,0,0,0,0.1183
2.2296,185.2042,0.0864,102.8924,0.0001,0.0003,0.0000,0.0001,0.0000,270.0126,0.0054,-0.0499,-0.0596,0.3216,-0.1288,-7.9035,2.2684,0.0000,0.0000,1,0,0,0,0,0.1263
2.2907,185.2042,0.0864,102.8923,0.0001,0.0003,0.0000,0.0001,0.0000,270.0131,0.0080,-0.0499,-0.0596,0.3216,-0.1262,-7.7675,2.2281,0.0000,0.0000,1,0,0,0,0,0.1242
2.3429,185.2043,0.0864,102.8924,0.0001,0.0003,0.0000,0.0001,0.0000,270.0135,0.0070,-0.0499,-0.0596,0.3216,-0.1253,-7.6519,2.2144,0.0000,0.0000,1,0,0,0,0,0.1234
2.3941,185.2042,0.0864,102.8923,0.0001,0.0003,0.0000,0.0001,0.0000,270.0138,0.0066,-0.0499,-0.0596,0.3216,-0.1250,-7.5891,1.2260,0.0000,0.0000,1,0,0,0,0,0.0685
2.4519,185.2042,0.0864,102.8924,0.0001,0.0003,0.0000,0.0001,0.0000,270.0142,0.0069,-0.0479,-0.0538,0.3216,-0.1234,-7.5247,1.1141,0.0000,0.0000,1,0,0,0,0,0.0623
2.5047,185.2042,0.0864,102.8924,0.0001,0.0003,0.0000,0.0001,0.0000,270.0146,0.0075,-0.0479,-0.0381,0.3216,-0.1214,-7.4267,1.8561,0.0000,0.0000,1,0,0,0,0,0.1035
2.5725,185.2042,0.0864,102.8924,0.0001,0.0003,0.0000,0.0001,0.0000,270.0151,0.0067,-0.0479,-0.0225,0.3216,-0.1204,-7.3460,1.1903,0.0000,0.0000,1,0,0,0,0,0.0665
2.6355,185.2043,0.0864,102.8924,0.0001,0.0004,0.0000,0.0001,0.0007,270.0150,-0.0019,-0.0479,0.0323,0.3216,-0.1200,-7.2615,1.3409,0.0158,0.0000,1,0,0,0,0,0.0746
2.6871,185.2042,0.0864,102.8924,0.0001,0.0005,0.0000,0.0001,0.0004,270.0135,-0.0284,-0.0479,-0.6481,0.3216,-0.1199,-7.2280,0.6501,0.0229,0.0000,1,0,0,0,0,0.0377
2.7379,185.2042,0.0864,102.8924,0.0001,0.0004,0.0000,0.0001,-0.0005,270.0129,-0.0114,-0.0479,-0.3235,0.3216,-0.1199,-7.2112,0.3304,0.0129,0.0000,1,0,0,0,0,0.0190
2.7917,185.2042,0.0864,102.8924,0.0001,0.0003,0.0000,0.0001,-0.0003,270.0128,-0.0017,-0.0479,-0.8514,0.3216,-0.1198,-7.2014,0.1824,0.0063,0.0000,1,0,0,0,0,0.0102
2.8535,185.2042,0.0864,102.8924,0.0001,0.0003,0.0000,0.0001,-0.0002,270.0130,0.0030,-0.0479,-0.9726,0.3216,-0.1198,-7.1954,0.0963,0.0027,0.0000,1,0,0,0,0,0.0055
2.9118,185.2042,0.0864,102.8924,0.0001,0.0003,0.0000,0.0001,-0.0001,270.0132,0.0042,-0.0479,-0.9883,0.3216,-0.1198,-7.1922,0.0555,0.0013,0.0000,1,0,0,0,0,0.0033
2.9653,185.2042,0.0864,102.8924,0.0001,0.0003,0.0000,0.0001,0.0000,270.0136,0.0063,-0.0479,-0.9883,0.3216,-0.1198,-7.1908,0.0258,0.0006,0.0000,1,0,0,0,0,0.0018
3.0263,185.2042,0.0864,102.8924,0.0001,0.0003,0.0000,0.0001,0.0000,270.0140,0.0070,-0.0479,-0.9883,0.3216,-0.1198,-7.1901,0.0126,0.0003,0.0000,1,0,0,0,0,0.0011
3.0967,185.2042,0.0864,102.8924,0.0001,0.0003,0.0000,0.0001,0.0000,270.0145,0.0065,-0.0479,-0.9883,0.3216,-0.1198,-7.1897,0.0051,0.0001,0.0000,1,0,0,0,0,0.0006
3.1560,185.2042,0.0864,102.8924,0.0001,0.0003,0.0000,0.0001,0.0000,270.0150,0.0082,-0.0479,-0.9883,0.3216,-0.1198,-7.1894,0.0045,0.0001,0.0000,1,0,0,0,0,0.0007
3.2116,185.2042,0.0864,102.8924,0.0001,0.0003,0.0000,0.0001,0.0000,270.0153,0.0055,-0.0479,-0.9883,0.3216,-0.1198,-7.1894,0.0014,0.0000,0.0000,1,0,0,0,0,0.0004
3.2630,185.2042,0.0864,102.8924,0.0001,0.0003,0.0000,0.0001,0.0000,270.0155,0.0048,-0.0479,-0.9883,0.3216,-0.1198,-7.1893,0.0006,0.0000,0.0000,1,0,0,0,0,0.0003
3.3195,185.2042,0.0864,102.8924,0.0001,0.0003,0.0000,0.0001,0.0000,270.0159,0.0070,-0.0479,-0.9883,0.3216,-0.1198,-7.1893,0.0003,0.0000,0.0000,1,0,0,0,0,0.0004
3.3844,185.2042,0.0864,102.8924,0.0001,0.0003,0.0000,0.0001,0.0000,270.0162,0.0052,-0.0479,-0.9883,0.3216,-0.1198,-7.1893,0.0001,0.0000,0.0000,1,0,0,0,0,0.0003
3.4389,185.2043,0.0864,102.8924,0.0001,0.0003,0.0000,0.0001,0.0000,270.0165,0.0056,-0.0479,-0.9883,0.3216,-0.1198,-7.1893,0.0001,0.0000,0.0000,1,0,0,0,0,0.0003
3.4902,185.2043,0.0864,102.8924,0.0001,0.0003,0.0000,0.0001,0.0000,270.0169,0.0065,-0.0479,-0.1300,0.3216,-0.1198,-7.1893,0.0000,0.0000,0.0000,1,0,0,0,0,0.0004
3.5486,185.2042,0.0864,102.8924,0.0001,0.0004,0.0000,0.0001,0.0007,270.0162,-0.0110,-0.0479,-0.5582,0.3216,-0.1198,-7.1893,0.0000,0.0161,0.0000,1,0,0,0,0,0.0006
3.6057,185.2042,0.0864,102.8924,0.0001,0.0003,0.0000,0.0001,-0.0004,270.0158,-0.0075,-0.0479,-0.8788,0.3216,-0.1198,-7.1893,0.0000,0.0079,0.0000,1,0,0,0,0,0.0004
3.6638,185.2042,0.0864,102.8924,0.0001,0.0003,0.0000,0.0001,-0.0002,270.0157,-0.0011,-0.0479,-0.9824,0.3216,-0.1198,-7.1893,0.0000,0.0033,0.0000,1,0,0,0,0,0.0001
3.7165,185.2042,0.0864,102.8924,0.0001,0.0003,0.0000,0.0001,-0.0001,270.0158,0.0012,-0.0479,-0.9883,0.3216,-0.1198,-7.1893,0.0000,0.0019,0.0000,1,0,0,0,0,0.0001
3.7792,185.2042,0.0864,102.8924,0.0001,0.0003,0.0000,0.0001,0.0000,270.0160,0.0024,-0.0479,-0.9883,0.3216,-0.1198,-7.1893,0.0000,0.0008,0.0000,1,0,0,0,0,0.0001
3.8326,185.2042,0.0864,102.8924,0.0001,0.0003,0.0000,0.0001,0.0000,270.0163,0.0063,-0.0479,-0.9883,0.3216,-0.1198,-7.1893,0.0000,0.0004,0.0000,1,0,0,0,0,0.0003
3.8903,185.2043,0.0864,102.8924,0.0001,0.0003,0.0000,0.0001,0.0000,270.0166,0.0053,-0.0479,-0.9883,0.3216,-0.1198,-7.1893,0.0000,0.0002,0.0000,1,0,0,0,0,0.0003
3.9426,185.2043,0.0864,102.8924,0.0001,0.0003,0.0000,0.0001,0.0000,270.0170,0.0070,-0.0479,-0.9883,0.3216,-0.1198,-7.1893,0.0000,0.0001,0.0000,1,0,0,0,0,0.0004
4.0000,185.2042,0.0864,102.8924,0.0001,0.0003,0.0000,0.0001,0.0000,270.0173,0.0053,-0.0499,-0.9883,0.3216,-0.1222,-7.2145,0.4393,0.0000,0.0000,1,0,0,0,0,0.0247
4.0534,185.2043,0.0864,102.8924,0.0001,0.0003,0.0000,0.0001,0.0000,270.0176,0.0057,-0.0499,-0.9883,0.3216,-0.1236,-7.2952,1.5124,0.0000,0.0000,1,0,0,0,0,0.0843
4.1194,185.2043,0.0864,102.8924,0.0001,0.0003,0.0000,0.0001,0.0000,270.0179,0.0046,-0.0499,-0.9883,0.3216,-0.1243,-7.3610,0.9961,0.0000,0.0000,1,0,0,0,0,0.0556
4.1829,185.2042,0.0864,102.8924,0.0001,0.0003,0.0000,0.0001,0.0000,270.0179,0.0000,-0.0499,-0.9883,0.3216,-0.1245,-7.4253,1.0123,0.0000,0.0000,1,0,0,0,0,0.0562
4.2331,185.2042,0.0864,102.8924,0.0001,0.0003,0.0000,0.0001,0.0000,270.0179,0.0000,-0.0499,-0.9883,0.3216,-0.1246,-7.4510,0.5121,0.0000,0.0000,1,0,0,0,0,0.0284
4.2846,185.2042,0.0864,102.8924,0.0001,0.0003,0.0000,0.0001,0.0000,270.0179,0.0000,-0.0499,-0.9883,0.3216,-0.1247,-7.4641,0.2536,0.0000,0.0000,1,0,0,0,0,0.0141
4.3430,185.2042,0.0864,102.8924,0.0001,0.0003,0.0000,0.0001,0.0000,270.0179,0.0000,-0.0499,-0.9883,0.3216,-0.1247,-7.4734,0.1597,0.0000,0.0000,1,0,0,0,0,0.0089
4.3952,185.2042,0.0864,102.8924,0.0001,0.0003,0.0000,0.0001,0.0000,270.0179,0.0000,-0.0518,-0.9883,0.3216,-0.1261,-7.4864,0.2491,0.0000,0.0000,1,0,0,0,0,0.0138
4.4539,185.2042,0.0864,102.8924,0.0001,0.0003,0.0000,0.0001,0.0000,270.0179,0.0000,-0.0518,-0.9883,0.3216,-0.1283,-7.5702,1.4287,0.0000,0.0000,1,0,0,0,0,0.0794
4.5070,185.2042,0.0864,102.8924,0.0001,0.0003,0.0000,0.0001,0.0000,270.0179,0.0000,-0.0518,-0.9883,0.3216,-0.1290,-7.6454,1.4160,0.0000,0.0000,1,0,0,0,0,0.0787
4.5659,185.2042,0.0864,102.8924,0.0001,0.0003,0.0000,0.0001,0.0000,270.0179,0.0000,-0.0518,-0.9883,0.3216,-0.1294,-7.7014,0.9502,0.0000,0.0000,1,0,0,0,0,0.0528
4.6380,185.2042,0.0864,102.8924,0.0001,0.0003,0.0000,0.0001,0.0000,270.0179,0.0000,-0.0518,-0.9883,0.3216,-0.1295,-7.7319,0.4233,0.0000,0.0000,1,0,0,0,0,0.0235
4.6899,185.2042,0.0864,102.8924,0.0001,0.0003,0.0000,0.0001,0.0000,270.0179,0.0000,-0.0518,-0.9883,0.3216,-0.1296,-7.7571,0.4853,0.0000,0.0000,1,0,0,0,0,0.0270
4.7511,185.2042,0.0864,102.8924,0.0001,0.0003,0.0000,0.0001,0.0000,270.0179,0.0000,-0.0518,-0.9883,0.3216,-0.1296,-7.7658,0.1425,0.0000,0.0000,1,0,0,0,0,0.0079
4.8016,185.2042,0.0864,102.8924,0.0001,0.0003,0.0000,0.0001,0.0000,270.0179,0.0000,-0.0518,-0.9883,0.3216,-0.1296,-7.7703,0.0882,0.0000,0.0000,1,0,0,0,0,0.0049
4.8521,185.2042,0.0864,102.8924,0.0001,0.0003,0.0000,0.0001,0.0000,270.0179,0.0000,-0.0518,-0.9883,0.3216,-0.1296,-7.7724,0.0425,0.0000,0.0000,1,0,0,0,0,0.0024
4.9040,185.2042,0.0864,102.8924,0.0001,0.0003,0.0000,0.0001,0.0000,270.0179,0.0000,-0.0518,-0.9883,0.3216,-0.1296,-7.7737,0.0248,0.0000,0.0000,1,0,0,0,0,0.0014
4.9630,185.2042,0.0864,102.8924,0.0001,0.0003,0.0000,0.0001,0.0000,270.0179,0.0000,-0.0518,-0.9883,0.3216,-0.1296,-7.7745,0.0130,0.0000,0.0000,1,0,0,0,0,0.0007
5.0138,185.2042,0.0864,102.8924,0.0001,0.0003,0.0000,0.0001,0.0000,270.0179,0.0000,-0.0518,-0.9883,0.3216,-0.1296,-7.7748,0.0068,0.0000,0.0000,1,0,0,0,0,0.0004
5.0786,185.2042,0.0864,102.8924,0.0001,0.0003,0.0000,0.0001,0.0000,270.0179,0.0000,-0.0518,-0.9883,0.3216,-0.1296,-7.7751,0.0036,0.0000,0.0000,1,0,0,0,0,0.0002
5.1474,185.2042,0.0864,102.8924,0.0001,0.0003,0.0000,0.0001,0.0000,270.0179,0.0000,-0.0518,-0.9883,0.3216,-0.1296,-7.7751,0.0013,0.0000,0.0000,1,0,0,0,0,0.0001
5.2064,185.2042,0.0864,102.8924,0.0001,0.0003,0.0000,0.0001,0.0000,270.0179,0.0000,-0.0518,-0.9883,0.3216,-0.1296,-7.7752,0.0009,0.0000,0.0000,1,0,0,0,0,0.0001
5.2713,185.2042,0.0864,102.8924,0.0001,0.0003,0.0000,0.0001,0.0000,270.0179,0.0000,-0.0518,-0.9883,0.3216,-0.1296,-7.7752,0.0002,0.0000,0.0000,1,0,0,0,0,0.0000
5.3258,185.2042,0.0864,102.8924,0.0001,0.0003,0.0000,0.0001,0.0000,270.0179,0.0000,-0.0518,-0.9883,0.3216,-0.1296,-7.7752,0.0001,0.0000,0.0000,1,0,0,0,0,0.0000
5.3827,185.2042,0.0864,102.8924,0.0001,0.0003,0.0000,0.0001,0.0000,270.0179,0.0000,-0.0518,-0.9883,0.3216,-0.1296,-7.7752,0.0001,0.0000,0.0000,1,0,0,0,0,0.0000
5.4348,185.2042,0.0864,102.8924,0.0001,0.0003,0.0000,0.0001,0.0000,270.0179,0.0000,-0.0518,-0.9883,0.3216,-0.1296,-7.7752,0.0000,0.0000,0.0000,1,0,0,0,0,0.0000
5.4869,185.2042,0.0864,102.8924,0.0001,0.0003,0.0000,0.0001,0.0000,270.0179,0.0000,-0.0518,-0.9883,0.3216,-0.1296,-7.7752,0.0000,0.0000,0.0000,1,0,0,0,0,0.0000
5.5438,185.2042,0.0864,102.8924,0.0001,0.0003,0.0000,0.0001,0.0000,270.0179,0.0000,-0.0518,-0.9883,0.3216,-0.1296,-7.7752,0.0000,0.0000,0.0000,1,0,0,0,0,0.0000
5.5969,185.2042,0.0864,102.8924,0.0001,0.0003,0.0000,0.0001,0.0000,270.0179,0.0000,-0.0518,-0.9902,0.3216,-0.1296,-7.7752,0.0000,0.0000,0.0000,1,0,0,0,0,0.0000
5.6605,185.2042,0.0864,102.8924,0.0001,0.0003,0.0000,0.0001,0.0000,270.0179,0.0000,-0.0518,-0.9902,0.3216,-0.1296,-7.7752,0.0000,0.0000,0.0000,1,0,0,0,0,0.0000
5.7225,185.2042,0.0864,102.8924,0.0001,0.0003,0.0000,0.0001,0.0000,270.0179,0.0000,-0.0518,-0.9902,0.3216,-0.1296,-7.7752,0.0000,0.0000,0.0000,1,0,0,0,0,0.0000
5.7753,185.2043,0.0864,102.8924,0.0001,0.0003,0.0000,0.0001,0.0000,270.0179,0.0000,-0.0518,-0.9902,0.3216,-0.1296,-7.7752,0.0000,0.0000,0.0000,1,0,0,0,0,0.0000
5.8261,185.2042,0.0864,102.8924,0.0001,0.0003,0.0000,0.0001,0.0000,270.0179,0.0000,-0.0518,-0.9902,0.3216,-0.1296,-7.7752,0.0000,0.0000,0.0000,1,0,0,0,0,0.0000
5.8807,185.2042,0.0864,102.8924,0.0001,0.0003,0.0000,0.0001,0.0000,270.0179,0.0000,-0.0518,-0.9902,0.3216,-0.1296,-7.7752,0.0000,0.0000,0.0000,1,0,0,0,0,0.0000
5.9389,185.2042,0.0864,102.8924,0.0001,0.0003,0.0000,0.0001,0.0000,270.0179,0.0000,-0.0518,-0.9902,0.3216,-0.1296,-7.7752,0.0000,0.0000,0.0000,1,0,0,0,0,0.0000
5.9935,185.2042,0.0864,102.8924,0.0001,0.0003,0.0000,0.0001,0.0000,270.0179,0.0000,-0.0518,-0.9902,0.3216,-0.1296,-7.7752,0.0000,0.0000,0.0000,1,0,0,0,0,0.0000
6.0486,185.2042,0.0864,102.8924,0.0001,0.0003,0.0000,0.0001,0.0000,270.0179,0.0000,-0.0518,-0.9902,0.3216,-0.1296,-7.7752,0.0000,0.0000,0.0000,1,0,0,0,0,0.0000
6.1042,185.2042,0.0864,102.8924,0.0001,0.0003,0.0000,0.0001,0.0000,270.0179,0.0000,-0.0518,-0.9902,0.3216,-0.1296,-7.7752,0.0000,0.0000,0.0000,1,0,0,0,0,0.0000
6.1812,185.2042,0.0864,102.8924,0.0001,0.0003,0.0000,0.0001,0.0000,270.0179,0.0000,-0.0538,-0.9902,0.3216,-0.1324,-7.8037,0.3698,0.0000,0.0000,1,0,0,0,0,0.0205
6.2316,185.2042,0.0864,102.8924,0.0001,0.0003,0.0000,0.0001,0.0000,270.0179,0.0000,-0.0538,-0.9902,0.3216,-0.1336,-7.9084,2.0771,0.0000,0.0000,1,0,0,0,0,0.1154
6.2841,185.2042,0.0864,102.8924,0.0001,0.0003,0.0000,0.0001,0.0000,270.0179,0.0000,-0.0538,-0.9902,0.3216,-0.1341,-7.9648,1.0761,0.0000,0.0000,1,0,0,0,0,0.0598
6.3341,185.2042,0.0864,102.8924,0.0001,0.0003,0.0000,0.0001,0.0000,270.0179,0.0000,-0.0538,-0.9902,0.3216,-0.1343,-8.0046,0.7938,0.0000,0.0000,1,0,0,0,0,0.0441
6.3964,185.2042,0.0864,102.8924,0.0001,0.0003,0.0000,0.0001,0.0000,270.0179,0.0000,-0.0538,-0.9902,0.3216,-0.1344,-8.0351,0.4907,0.0000,0.0000,1,0,0,0,0,0.0273
6.4529,185.2042,0.0864,102.8924,0.0001,0.0003,0.0000,0.0001,0.0000,270.0179,0.0000,-0.0538,-0.9902,0.3216,-0.1344,-8.0515,0.2897,0.0000,0.0000,1,0,0,0,0,0.0161
6.5049,185.2042,0.0864,102.8924,0.0001,0.0003,0.0000,0.0001,0.0000,270.0179,0.0000,-0.0538,-0.9902,0.3216,-0.1345,-8.0590,0.1449,0.0000,0.0000,1,0,0,0,0,0.0081
6.5566,185.2042,0.0864,102.8924,0.0001,0.0003,0.0000,0.0001,0.0000,270.0179,0.0000,-0.0538,-0.9902,0.3216,-0.1345,-8.0632,0.0802,0.0000,0.0000,1,0,0,0,0,0.0045
6.6073,185.2043,0.0864,102.8924,0.0001,0.0003,0.0000,0.0001,0.0000,270.0179,0.0000,-0.0538,-0.9902,0.3216,-0.1345,-8.0653,0.0416,0.0000,0.0000,1,0,0,0,0,0.0023
6.6689,185.2042,0.0864,102.8924,0.0001,0.0003,0.0000,0.0001,0.0000,270.0179,0.0000,-0.0538,-0.9902,0.3216,-0.1345,-8.0668,0.0247,0.0000,0.0000,1,0,0,0,0,0.0014
6.7194,185.2042,0.0864,102.8924,0.0001,0.0003,0.0000,0.0001,0.0000,270.0179,0.0000,-0.0538,-0.9902,0.3216,-0.1345,-8.0675,0.0146,0.0000,0.0000,1,0,0,0,0,0.0008
6.7754,185.2042,0.0864,102.8924,0.0001,0.0003,0.0000,0.0001,0.0000,270.0179,0.0000,-0.0538,-0.9902,0.3216,-0.1345,-8.0679,0.0061,0.0000,0.0000,1,0,0,0,0,0.0003
6.8386,185.2042,0.0864,102.8924,0.0001,0.0003,0.0000,0.0001,0.0000,270.0179,0.0000,-0.0538,-0.9902,0.3216,-0.1345,-8.0681,0.0029,0.0000,0.0000,1,0,0,0,0,0.0002
6.8909,185.2042,0.0864,102.8924,0.0001,0.0003,0.0000,0.0001,0.0000,270.0179,0.0000,-0.0538,-0.9902,0.3216,-0.1345,-8.0681,0.0014,0.0000,0.0000,1,0,0,0,0,0.0001
6.9464,185.2043,0.0864,102.8924,0.0001,0.0003,0.0000,0.0001,0.0000,270.0179,0.0000,-0.0538,-0.9902,0.3216,-0.1345,-8.0682,0.0007,0.0000,0.0000,1,0,0,0,0,0.0000
7.0043,185.2042,0.0864,102.8924,0.0001,0.0003,0.0000,0.0001,0.0000,270.0179,0.0000,-0.0538,-0.9902,0.3216,-0.1345,-8.0682,0.0003,0.0000,0.0000,1,0,0,0,0,0.0000
7.0599,185.2043,0.0864,102.8924,0.0001,0.0003,0.0000,0.0001,0.0000,270.0179,0.0000,-0.0538,-0.9902,0.3216,-0.1345,-8.0682,0.0001,0.0000,0.0000,1,0,0,0,0,0.0000
7.1180,185.2043,0.0864,102.8924,0.0001,0.0003,0.0000,0.0001,0.0000,270.0179,0.0000,-0.0538,-0.9902,0.3216,-0.1345,-8.0682,0.0001,0.0000,0.0000,1,0,0,0,0,0.0000
7.1705,185.2042,0.0864,102.8924,0.0001,0.0003,0.0000,0.0001,0.0000,270.0179,0.0000,-0.0538,-0.9902,0.3216,-0.1345,-8.0682,0.0000,0.0000,0.0000,1,0,0,0,0,0.0000
7.2210,185.2042,0.0864,102.8924,0.0001,0.0003,0.0000,0.0001,0.0000,270.0179,0.0000,-0.0538,-0.9902,0.3216,-0.1345,-8.0682,0.0000,0.0000,0.0000,1,0,0,0,0,0.0000
7.2806,185.2042,0.0864,102.8924,0.0001,0.0003,0.0000,0.0001,0.0000,270.0179,0.0000,-0.0538,-0.9902,0.3216,-0.1345,-8.0682,0.0000,0.0000,0.0000,1,0,0,0,0,0.0000
7.3307,185.2042,0.0864,102.8924,0.0001,0.0003,0.0000,0.0001,0.0000,270.0179,0.0000,-0.0538,-0.9902,0.3216,-0.1345,-8.0682,0.0000,0.0000,0.0000,1,0,0,0,0,0.0000
7.3816,185.2042,0.0864,102.8924,0.0001,0.0003,0.0000,0.0001,0.0000,270.0179,0.0000,-0.0538,-0.9902,0.3216,-0.1345,-8.0682,0.0000,0.0000,0.0000,1,0,0,0,0,0.0000
7.4375,185.2042,0.0864,102.8924,0.0001,0.0003,0.0000,0.0001,0.0000,270.0179,0.0000,-0.0538,-0.9902,0.3216,-0.1345,-8.0682,0.0000,0.0000,0.0000,1,0,0,0,0,0.0000
7.4974,185.2043,0.0864,102.8924,0.0001,0.0003,0.0000,0.0001,0.0000,270.0179,0.0000,-0.0538,-0.9902,0.3216,-0.1345,-8.0682,0.0000,0.0000,0.0000,1,0,0,0,0,0.0000
7.5548,185.2042,0.0864,102.8924,0.0001,0.0003,0.0000,0.0001,0.0000,270.0179,0.0000,-0.0538,-0.9902,0.3216,-0.1345,-8.0682,0.0000,0.0000,0.0000,1,0,0,0,0,0.0000
7.6069,185.2042,0.0864,102.8924,0.0001,0.0003,0.0000,0.0001,0.0000,270.0179,0.0000,-0.0538,-0.9902,0.3216,-0.1345,-8.0682,0.0000,0.0000,0.0000,1,0,0,0,0,0.0000
7.6580,185.2042,0.0864,102.8924,0.0001,0.0003,0.0000,0.0001,0.0000,270.0179,0.0000,-0.0538,-0.9902,0.3216,-0.1345,-8.0682,0.0000,0.0000,0.0000,1,0,0,0,0,0.0000
7.7251,185.2042,0.0864,102.8924,0.0001,0.0003,0.0000,0.0001,0.0000,270.0179,0.0000,-0.0538,-0.9902,0.3216,-0.1345,-8.0682,0.0000,0.0000,0.0000,1,0,0,0,0,0.0000
7.7810,185.2042,0.0864,102.8924,0.0001,0.0003,0.0000,0.0001,0.0000,270.0179,0.0000,-0.0538,-0.9902,0.3216,-0.1345,-8.0682,0.0000,0.0000,0.0000,1,0,0,0,0,0.0000
7.8339,185.2042,0.0864,102.8924,0.0001,0.0003,0.0000,0.0001,0.0000,270.0179,0.0000,-0.0538,-0.9902,0.3216,-0.1345,-8.0682,0.0000,0.0000,0.0000,1,0,0,0,0,0.0000
7.8947,185.2042,0.0864,102.8924,0.0001,0.0003,0.0000,0.0001,0.0000,270.0179,0.0000,-0.0538,-0.9902,0.3216,-0.1345,-8.0682,0.0000,0.0000,0.0000,1,0,0,0,0,0.0000
7.9565,185.2042,0.0864,102.8924,0.0001,0.0003,0.0000,0.0001,0.0000,270.0179,0.0000,-0.0538,-0.9902,0.3216,-0.1345,-8.0682,0.0000,0.0000,0.0000,1,0,0,0,0,0.0000
8.0068,185.2042,0.0864,102.8924,0.0001,0.0003,0.0000,0.0001,0.0000,270.0179,0.0000,-0.0538,-0.9902,0.3216,-0.1345,-8.0682,0.0000,0.0000,0.0000,1,0,0,0,0,0.0000
8.0650,185.2042,0.0864,102.8924,0.0001,0.0003,0.0000,0.0001,0.0000,270.0179,0.0000,-0.0538,-0.9902,0.3216,-0.1345,-8.0682,0.0000,0.0000,0.0000,1,0,0,0,0,0.0000
8.1256,185.2042,0.0864,102.8924,0.0001,0.0003,0.0000,0.0001,0.0000,270.0179,0.0000,-0.0538,-0.9902,0.3216,-0.1345,-8.0682,0.0000,0.0000,0.0000,1,0,0,0,0,0.0000
8.1804,185.2042,0.0864,102.8924,0.0001,0.0003,0.0000,0.0001,0.0000,270.0179,0.0000,-0.0538,-0.9902,0.3216,-0.1345,-8.0682,0.0000,0.0000,0.0000,1,0,0,0,0,0.0000
8.2513,185.2043,0.0864,102.8924,0.0001,0.0003,0.0000,0.0001,0.0000,270.0179,0.0000,-0.0538,-0.9902,0.3216,-0.1345,-8.0682,0.0000,0.0000,0.0000,1,0,0,0,0,0.0000
8.3132,185.2042,0.0864,102.8924,0.0001,0.0003,0.0000,0.0001,0.0000,270.0179,0.0000,-0.0538,-0.9902,0.3216,-0.1345,-8.0682,0.0000,0.0000,0.0000,1,0,0,0,0,0.0000
8.3756,185.2042,0.0864,102.8924,0.0001,0.0003,0.0000,0.0001,0.0000,270.0179,0.0000,-0.0538,-0.9902,0.3216,-0.1345,-8.0682,0.0000,0.0000,0.0000,1,0,0,0,0,0.0000
8.4310,185.2042,0.0864,102.8924,0.0001,0.0003,0.0000,0.0001,0.0000,270.0179,0.0000,-0.0538,-0.9902,0.3216,-0.1345,-8.0682,0.0000,0.0000,0.0000,1,0,0,0,0,0.0000
8.4833,185.2042,0.0864,102.8924,0.0001,0.0003,0.0000,0.0001,0.0000,270.0179,0.0000,-0.0538,-0.9902,0.3216,-0.1345,-8.0682,0.0000,0.0000,0.0000,1,0,0,0,0,0.0000
8.5424,185.2042,0.0864,102.8924,0.0001,0.0003,0.0000,0.0001,0.0000,270.0179,0.0000,-0.0538,-0.9902,0.3216,-0.1345,-8.0682,0.0000,0.0000,0.0000,1,0,0,0,0,0.0000
8.6013,185.2042,0.0864,102.8924,0.0001,0.0003,0.0000,0.0001,0.0000,270.0179,0.0000,-0.0538,-0.9902,0.3216,-0.1345,-8.0682,0.0000,0.0000,0.0000,1,0,0,0,0,0.0000
8.6540,185.2042,0.0864,102.8924,0.0001,0.0003,0.0000,0.0001,0.0000,270.0179,0.0000,-0.0538,-0.9902,0.3216,-0.1345,-8.0682,0.0000,0.0000,0.0000,1,0,0,0,0,0.0000
8.7065,185.2042,0.0864,102.8924,0.0001,0.0003,0.0000,0.0001,0.0000,270.0179,0.0000,-0.0538,-0.9902,0.3216,-0.1345,-8.0682,0.0000,0.0000,0.0000,1,0,0,0,0,0.0000
8.7671,185.2042,0.0864,102.8924,0.0001,0.0003,0.0000,0.0001,0.0000,270.0179,0.0000,-0.0538,-0.9902,0.3216,-0.1345,-8.0682,0.0000,0.0000,0.0000,1,0,0,0,0,0.0000
8.8204,185.2042,0.0864,102.8924,0.0001,0.0003,0.0000,0.0001,0.0000,270.0179,0.0000,-0.0538,-0.9902,0.3216,-0.1345,-8.0682,0.0000,0.0000,0.0000,1,0,0,0,0,0.0000
8.8759,185.2042,0.0864,102.8924,0.0001,0.0003,0.0000,0.0001,0.0000,270.0179,0.0000,-0.0538,-0.9902,0.3216,-0.1345,-8.0682,0.0000,0.0000,0.0000,1,0,0,0,0,0.0000
8.9340,185.2042,0.0864,102.8924,0.0001,0.0003,0.0000,0.0001,0.0000,270.0179,0.0000,-0.0538,-0.9902,0.3216,-0.1345,-8.0682,0.0000,0.0000,0.0000,1,0,0,0,0,0.0000
8.9928,185.2042,0.0864,102.8924,0.0001,0.0003,0.0000,0.0001,0.0000,270.0179,0.0000,-0.0538,-0.9902,0.3216,-0.1345,-8.0682,0.0000,0.0000,0.0000,1,0,0,0,0,0.0000
9.0456,185.2042,0.0864,102.8924,0.0001,0.0003,0.0000,0.0001,0.0000,270.0179,0.0000,-0.0538,-0.9902,0.3216,-0.1345,-8.0682,0.0000,0.0000,0.0000,1,0,0,0,0,0.0000
9.1049,185.2043,0.0864,102.8924,0.0001,0.0003,0.0000,0.0001,0.0000,270.0179,0.0000,-0.0538,-0.9902,0.3216,-0.1345,-8.0682,0.0000,0.0000,0.0000,1,0,0,0,0,0.0000
9.1607,185.2042,0.0864,102.8924,0.0001,0.0003,0.0000,0.0001,0.0000,270.0179,0.0000,-0.0538,-0.9902,0.3216,-0.1345,-8.0682,0.0000,0.0000,0.0000,1,0,0,0,0,0.0000
9.2117,185.2042,0.0864,102.8924,0.0001,0.0003,0.0000,0.0001,0.0000,270.0179,0.0000,-0.0538,-0.9902,0.3216,-0.1345,-8.0682,0.0000,0.0000,0.0000,1,0,0,0,0,0.0000
9.2765,185.2042,0.0864,102.8924,0.0001,0.0003,0.0000,0.0001,0.0000,270.0179,0.0000,-0.0557,-0.9902,0.3216,-0.1359,-8.0682,0.0000,0.0000,0.0000,1,0,0,0,0,0.0000
9.3298,185.2042,0.0864,102.8924,0.0001,0.0003,0.0000,0.0001,0.0000,270.0179,0.0000,-0.0557,-0.9902,0.3216,-0.1379,-8.1513,1.5569,0.0000,0.0000,1,0,0,0,0,0.0865
9.3890,185.2042,0.0864,102.8924,0.0001,0.0003,0.0000,0.0001,0.0000,270.0179,0.0000,-0.0557,-0.9902,0.3216,-0.1387,-8.2336,1.3930,0.0000,0.0000,1,0,0,0,0,0.0774
9.4449,185.2042,0.0864,102.8924,0.0001,0.0003,0.0000,0.0001,0.0000,270.0179,0.0000,-0.0557,-0.9902,0.3216,-0.1391,-8.2832,0.8859,0.0000,0.0000,1,0,0,0,0,0.0492
9.5020,185.2042,0.0864,102.8924,0.0001,0.0003,0.0000,0.0001,0.0000,270.0179,0.0000,-0.0557,-0.9902,0.3216,-0.1393,-8.3209,0.6602,0.0000,0.0000,1,0,0,0,0,0.0367
9.5603,185.2042,0.0864,102.8924,0.0001,0.0003,0.0000,0.0001,0.0000,270.0179,0.0000,-0.0557,-0.9902,0.3216,-0.1393,-8.3397,0.3225,0.0000,0.0000,1,0,0,0,0,0.0179
9.6150,185.2042,0.0864,102.8924,0.0001,0.0003,0.0000,0.0001,0.0000,270.0179,0.0000,-0.0557,-0.9902,0.3216,-0.1393,-8.3491,0.1726,0.0000,0.0000,1,0,0,0,0,0.0096
9.6735,185.2042,0.0864,102.8924,0.0001,0.0003,0.0000,0.0001,0.0000,270.0179,0.0000,-0.0557,-0.9902,0.3216,-0.1393,-8.3553,0.1055,0.0000,0.0000,1,0,0,0,0,0.0059
9.7312,185.2042,0.0864,102.8924,0.0001,0.0003,0.0000,0.0001,0.0000,270.0179,0.0000,-0.0557,-0.9902,0.3216,-0.1393,-8.3580,0.0474,0.0000,0.0000,1,0,0,0,0,0.0026
9.8063,185.2042,0.0864,102.8924,0.0001,0.0003,0.0000,0.0001,0.0000,270.0179,0.0000,-0.0557,-0.9902,0.3216,-0.1394,-8.3596,0.0216,0.0000,0.0000,1,0,0,0,0,0.0012
9.8677,185.2042,0.0864,102.8924,0.0001,0.0003,0.0000,0.0001,0.0000,270.0179,0.0000,-0.0557,-0.9902,0.3216,-0.1394,-8.3606,0.0163,0.0000,0.0000,1,0,0,0,0,0.0009
9.9372,185.2042,0.0864,102.8924,0.0001,0.0003,0.0000,0.0001,0.0000,270.0179,0.0000,-0.0557,-0.9902,0.3216,-0.1394,-8.3609,0.0042,0.0000,0.0000,1,0,0,0,0,0.0002
9.9999,185.2042,0.0864,102.8924,0.0001,0.0003,0.0000,0.0001,0.0000,270.0179,0.0000,-0.0557,-0.9902,0.3216,-0.1394,-8.3611,0.0022,0.0000,0.0000,1,0,0,0,0,0.0001
10.0508,185.2042,0.0864,102.8924,0.0001,0.0003,0.0000,0.0001,0.0000,270.0179,0.0000,-0.0557,-0.9902,0.3216,-0.1394,-8.3611,0.0009,0.0000,0.0000,1,0,0,0,0,0.0001
10.1044,185.2042,0.0864,102.8924,0.0001,0.0003,0.0000,0.0001,0.0000,270.0179,0.0000,-0.0596,-0.9902,0.3216,-0.1425,-8.3924,0.5833,0.0000,0.0000,1,0,0,0,0,0.0324
10.1580,185.2042,0.0864,102.8924,0.0001,0.0003,0.0000,0.0001,0.0000,270.0179,0.0000,-0.0596,-0.9902,0.3216,-0.1463,-8.5278,2.5278,0.0000,0.0000,1,0,0,0,0,0.1404
10.2203,185.2042,0.0864,102.8924,0.0001,0.0003,0.0000,0.0001,0.0000,270.0179,0.0000,-0.0596,-0.9902,0.3216,-0.1479,-8.6864,2.5454,0.0000,0.0000,1,0,0,0,0,0.1414
10.2707,185.2043,0.0864,102.8924,0.0001,0.0003,0.0000,0.0001,0.0000,270.0179,0.0000,-0.0596,-0.9902,0.3216,-0.1486,-8.7888,2.0308,0.0000,0.0000,1,0,0,0,0,0.1128
10.3329,185.2042,0.0864,102.8924,0.0001,0.0003,0.0000,0.0001,0.0000,270.0179,0.0000,-0.0596,-0.9902,0.3216,-0.1489,-8.8642,1.2121,0.0000,0.0000,1,0,0,0,0,0.0673
10.3895,185.2042,0.0864,102.8924,0.0001,0.0003,0.0000,0.0001,0.0000,270.0179,0.0000,-0.0596,-0.9902,0.3216,-0.1490,-8.9024,0.6748,0.0000,0.0000,1,0,0,0,0,0.0375
10.4493,185.2043,0.0864,102.8924,0.0001,0.0003,0.0000,0.0001,0.0000,270.0179,0.0000,-0.0596,-0.9902,0.3216,-0.1491,-8.9257,0.3898,0.0000,0.0000,1,0,0,0,0,0.0217
10.5084,185.2043,0.0864,102.8924,0.0001,0.0003,0.0000,0.0001,0.0000,270.0179,0.0000,-0.0596,-0.9902,0.3216,-0.1491,-8.9335,0.1317,0.0000,0.0000,1,0,0,0,0,0.0073
10.5684,185.2042,0.0864,102.8924,0.0001,0.0003,0.0000,0.0001,0.0000,270.0179,0.0000,-0.0596,-0.9902,0.3216,-0.1491,-8.9423,0.1458,0.0000,0.0000,1,0,0,0,0,0.0081
10.6233,185.2042,0.0864,102.8924,0.0001,0.0003,0.0000,0.0001,0.0000,270.0179,0.0000,-0.0616,-0.9902,0.3216,-0.1511,-8.9605,0.3314,0.0000,0.0000,1,0,0,0,0,0.0184
10.6775,185.2042,0.0864,102.8924,0.0001,0.0003,0.0000,0.0001,0.0000,270.0179,0.0000,-0.0616,-0.9902,0.3216,-0.1525,-9.0340,1.3567,0.0000,0.0000,1,0,0,0,0,0.0754
10.7304,185.2042,0.0864,102.8924,0.0001,0.0003,0.0000,0.0001,0.0000,270.0179,0.0000,-0.0616,-0.9902,0.3216,-0.1534,-9.1023,1.2908,0.0000,0.0000,1,0,0,0,0,0.0717
10.7876,185.2042,0.0864,102.8924,0.0003,0.0010,-0.0001,0.0003,0.0035,270.0112,-0.1174,-0.0616,0.5073,0.3196,-0.1537,-9.1642,1.0825,0.1946,0.0000,1,0,0,0,0,0.0667
10.8386,185.2042,0.0864,102.8923,0.0014,0.0049,0.0002,0.0013,0.0213,269.9596,-1.0127,-0.0616,0.6696,0.3196,-0.1539,-9.1835,0.3785,0.6053,0.0000,1,0,0,0,0,0.0773
10.8895,185.2038,0.0864,102.8921,0.0452,0.1628,0.0452,0.0015,0.8625,269.8768,-1.6267,-0.0616,0.7400,0.3196,-0.1540,-9.2156,0.6311,0.8069,0.0000,1,0,0,0,0,0.1254
10.9396,185.1987,0.0864,102.8920,0.1824,0.6567,0.1824,0.0020,2.7370,269.8013,-1.5064,-0.0616,0.7439,0.3196,-0.1540,-9.2263,0.2137,0.8910,0.0000,1,0,0,0,0,0.0956
10.9924,185.1831,0.0864,102.8917,0.4254,1.5314,0.4254,0.0027,4.5982,269.6967,-1.9792,-0.0616,0.7439,0.3196,-0.1540,-9.2325,0.1174,0.9466,0.0000,1,0,0,0,0,0.1165
11.0426,185.1560,0.0864,102.8913,0.6506,2.3421,0.6506,0.0031,4.4892,269.6064,-1.8001,-0.0616,0.7439,0.3196,-0.1540,-9.2359,0.0681,0.9699,0.0000,1,0,0,0,0,0.1748
11.0938,185.1146,0.0864,102.8907,0.9518,3.4265,0.9518,0.0033,5.8793,269.4863,-2.3444,-0.0616,0.7439,0.3196,-0.1540,-9.2378,0.0369,0.9853,0.0000,1,0,0,0,0,0.1840
11.1548,185.0464,0.0864,102.8898,1.2644,4.5519,1.2644,0.0031,5.1261,269.3587,-2.0922,-0.0616,0.7439,0.3196,-0.1540,-9.2390,0.0189,0.9928,0.0000,1,0,0,0,0,0.1546
11.2048,184.9745,0.0864,102.8887,1.5825,5.6970,1.5825,0.0027,6.3598,269.2241,-2.6920,-0.0616,0.7439,0.3196,-0.1540,-9.2395,0.0106,0.9965,0.0000,1,0,0,0,0,0.1759
11.2576,184.8832,0.0864,102.8871,1.9034,6.8522,1.9034,0.0020,6.0823,269.0825,-2.6835,-0.0616,0.7439,0.3196,-0.1540,-9.2398,0.0052,0.9983,0.0000,1,0,0,0,0,0.1652
11.3108,184.7748,0.0864,102.8851,2.1611,7.7799,2.1611,0.0012,4.8389,268.9644,-2.2178,-0.0616,0.7439,0.3196,-0.1540,-9.2399,0.0029,0.9990,0.0000,1,0,0,0,0,0.1318
11.3667,184.6433,0.0864,102.8824,2.5484,9.1742,2.5484,0.0002,6.9373,268.7791,-3.3191,-0.0616,0.7439,0.3196,-0.1540,-9.2400,0.0018,0.9996,0.0000,1,0,0,0,0,0.1856
11.4205,184.4995,0.0864,102.8791,2.8069,10.1048,2.8069,0.0014,4.8048,268.6503,-2.3949,-0.0616,0.7439,0.3196,-0.1540,-9.2401,0.0007,0.9998,0.0000,1,0,0,0,0,0.1404
11.4787,184.3248,0.0864,102.8748,3.1949,11.5015,3.1949,0.0033,6.6617,268.4487,-3.4605,-0.0616,0.7341,0.3196,-0.1540,-9.2401,0.0003,0.9999,0.0000,1,0,0,0,0,0.2077
11.5411,184.1157,0.0864,102.8690,3.5182,12.6656,3.5182,0.0052,5.1815,268.2734,-2.8088,-0.0616,0.7263,0.3196,-0.1540,-9.2401,0.0002,1.0000,0.0000,1,0,0,0,0,0.1782
11.5975,183.9072,0.0864,102.8626,3.8417,13.8300,3.8417,0.0073,5.7342,268.0914,-3.2277,-0.0616,0.7126,0.3196,-0.1540,-9.2401,0.0001,1.0000,0.0000,1,0,0,0,0,0.2077
11.6531,183.6836,0.0864,102.8551,4.1650,14.9941,4.1650,0.0095,5.8154,267.9024,-3.3980,-0.0616,0.6911,0.3196,-0.1540,-9.2401,0.0000,1.0000,0.0000,1,0,0,0,0,0.2231
11.7042,183.4622,0.0864,102.8471,4.4885,16.1586,4.4885,0.0119,6.3330,267.7070,-3.8263,-0.0616,0.6638,0.3196,-0.1540,-9.2401,0.0000,1.0000,0.0000,1,0,0,0,0,0.2524
11.7582,183.2119,0.0864,102.8373,4.8119,17.3229,4.8119,0.0145,5.9916,267.5048,-3.7455,-0.0616,0.6266,0.3196,-0.1540,-9.2401,0.0000,1.0000,0.0000,1,0,0,0,0,0.2533
11.8154,182.9282,0.0864,102.8252,5.1325,18.4771,5.1325,0.0173,5.6057,267.2961,-3.6499,-0.0616,0.5797,0.3196,-0.1540,-9.2401,0.0000,0.9922,0.0000,1,0,0,0,0,0.2533
11.8682,182.6502,0.0864,102.8125,5.4303,19.5491,5.4303,0.0200,5.6410,267.0830,-4.0361,-0.0616,0.5601,0.3196,-0.1540,-9.2401,0.0000,0.9659,0.0000,1,0,0,0,0,0.2795
11.9282,182.3165,0.0864,102.7961,5.6918,20.4905,5.6918,0.0225,4.3513,266.8673,-3.5893,-0.0616,0.5308,0.3196,-0.1540,-9.2401,0.0000,0.9301,0.0000,1,0,0,0,0,0.2588
11.9866,181.9774,0.0864,102.7782,5.9154,21.2955,5.9154,0.0248,3.8303,266.6499,-3.7248,-0.0616,0.5152,0.3196,-0.1540,-9.2401,0.0000,0.8975,0.0000,1,0,0,0,0,0.2698
12.0432,181.6367,0.0864,102.7589,6.1048,21.9774,6.1048,0.0268,3.3465,266.4312,-3.8637,-0.0616,0.4976,0.3196,-0.1540,-9.2401,0.0000,0.8676,0.0000,1,0,0,0,0,0.2804
12.0962,181.3089,0.0864,102.7391,6.2628,22.5463,6.2628,0.0284,2.9827,266.2116,-4.1438,-0.0616,0.4819,0.3196,-0.1540,-9.2401,0.0000,0.8399,0.0000,1,0,0,0,0,0.2983
12.1541,180.9428,0.0864,102.7157,6.3895,23.0024,6.3895,0.0298,2.1888,265.9919,-3.7960,-0.0616,0.4663,0.3196,-0.1540,-9.2401,0.0000,0.8118,0.0000,1,0,0,0,0,0.2809
12.2126,180.5661,0.0864,102.6901,6.5006,23.4023,6.5006,0.0310,1.8980,265.7288,-4.4946,-0.0616,0.4428,0.3196,-0.1540,-9.2401,0.0000,0.7776,0.0000,1,0,0,0,0,0.3211
12.2707,180.1881,0.0864,102.6629,6.5523,23.5885,6.5523,0.0315,0.8906,265.5116,-3.7414,-0.0616,0.4076,0.3196,-0.1540,-9.2401,0.0000,0.7383,0.0000,1,0,0,0,0,0.2801
12.3286,179.8091,0.0864,102.6342,6.5524,23.5887,6.5523,0.0316,0.0010,265.2985,-3.6772,-0.0616,0.3627,0.3196,-0.1540,-9.2401,0.0000,0.6852,0.0000,1,0,0,0,0,0.2765
12.3843,179.4471,0.0864,102.6054,6.4864,23.3511,6.4863,0.0308,-1.1852,265.0919,-3.7099,-0.0616,0.3373,0.3196,-0.1540,-9.2401,0.0000,0.6273,0.0000,1,0,0,0,0,0.2774
12.4347,179.1244,0.0864,102.5786,6.3627,22.9057,6.3626,0.0294,-2.4571,264.8924,-3.9618,-0.0616,0.3158,0.3196,-0.1540,-9.2401,0.0000,0.5793,0.0000,1,0,0,0,0,0.2894
12.4969,178.7349,0.0864,102.5448,6.1956,22.3042,6.1956,0.0277,-2.6834,264.6998,-3.0940,-0.0616,0.3079,0.3196,-0.1540,-9.2401,0.0000,0.5463,0.0000,1,0,0,0,0,0.2389
12.5501,178.4121,0.0864,102.5156,6.0031,21.6112,6.0030,0.0256,-3.6188,264.5132,-3.5060,-0.0616,0.3079,0.3196,-0.1540,-9.2401,0.0000,0.5294,0.0000,1,0,0,0,0,0.2589
12.6039,178.0966,0.0864,102.4860,5.7981,20.8730,5.7980,0.0236,-3.8165,264.3319,-3.3753,-0.0616,0.3079,0.3196,-0.1540,-9.2401,0.0000,0.5211,0.0000,1,0,0,0,0,0.2485
12.6568,177.7963,0.0864,102.4569,5.5870,20.1132,5.5869,0.0215,-3.9857,264.1553,-3.3344,-0.0616,0.3079,0.3196,-0.1540,-9.2401,0.0000,0.5171,0.0000,1,0,0,0,0,0.2429
12.7080,177.5164,0.0864,102.4289,5.4159,19.4974,5.4159,0.0199,-3.3443,264.0175,-2.6939,-0.0616,0.3079,0.3196,-0.1540,-9.2401,0.0000,0.5154,0.0000,1,0,0,0,0,0.2048
12.7666,177.2082,0.0864,102.3971,5.1575,18.5669,5.1574,0.0175,-4.4105,263.8165,-3.4301,-0.0616,0.3079,0.3196,-0.1540,-9.2401,0.0000,0.5141,0.0000,1,0,0,0,0,0.2414
12.8281,176.8990,0.0864,102.3641,4.9412,17.7882,4.9412,0.0156,-3.5148,263.6540,-2.6418,-0.0616,0.3079,0.3196,-0.1540,-9.2401,0.0000,0.5137,0.0000,1,0,0,0,0,0.1943
12.8966,176.5723,0.0864,102.3281,4.6813,16.8527,4.6813,0.0135,-3.7944,263.4648,-2.7614,-0.0616,0.3079,0.3196,-0.1540,-9.2401,0.0000,0.5134,0.0000,1,0,0,0,0,0.1967
12.9475,176.3412,0.0864,102.3019,4.4621,16.0635,4.4621,0.0117,-4.3028,263.3124,-2.9925,-0.0616,0.2923,0.3196,-0.1540,-9.2401,0.0000,0.5070,0.0000,1,0,0,0,0,0.2057
12.9980,176.1230,0.0864,102.2765,4.2644,15.3519,4.2644,0.0103,-3.9207,263.1959,-2.3110,-0.0616,0.2375,0.3196,-0.1540,-9.2401,0.0000,0.4692,0.0000,1,0,0,0,0,0.1645
13.0581,175.8802,0.0864,102.2476,3.8705,13.9337,3.8705,0.0074,-6.5484,263.0370,-2.6409,-0.0616,0.1515,0.3196,-0.1540,-9.2401,0.0000,0.3699,0.0000,1,0,0,0,0,0.1755
13.1154,175.6721,0.0864,102.2223,3.4225,12.3209,3.4225,0.0046,-7.8155,262.9240,-1.9715,-0.0616,0.0616,0.3196,-0.1540,-9.2401,0.0000,0.2610,0.0000,1,0,0,0,0,0.1296
13.1703,175.5011,0.0864,102.2010,2.8501,10.2602,2.8501,0.0014,-10.4311,262.8326,-1.6644,-0.0616,-0.0049,0.3196,-0.1540,-9.2401,0.0000,0.1473,0.0000,1,0,0,0,0,0.1001
13.2281,175.3577,0.0864,102.1828,2.1722,7.8199,2.1722,0.0015,-11.7297,262.7638,-1.1919,-0.0616,-0.0596,0.3196,-0.1540,-9.2401,0.0000,0.0721,0.0000,1,0,0,0,0,0.0765
13.2790,175.2665,0.0864,102.1709,1.4388,5.1798,1.4388,0.0036,-14.4137,262.7146,-0.9663,-0.0616,-0.0870,0.3196,-0.1540,-9.2401,0.0000,0.0353,0.0000,1,0,0,0,0,0.0915
13.3358,175.2056,0.0864,102.1628,0.6783,2.4419,0.6783,0.0043,-13.3768,262.6833,-0.5502,-0.0616,-0.0909,0.3196,-0.1540,-9.2401,0.0000,0.0173,0.0000,1,0,0,0,0,0.1250
13.4085,175.1885,0.0864,102.1604,0.0001,0.0002,0.0000,0.0001,-9.3341,262.6697,-0.1869,-0.0616,-0.0909,0.3196,-0.1540,-9.2401,0.0000,0.0073,0.0000,1,0,0,0,0,0.0104
13.4588,175.1885,0.0864,102.1604,0.0001,0.0003,0.0000,0.0001,0.0005,262.6695,-0.0055,-0.0616,-0.0909,0.3196,-0.1540,-9.2401,0.0000,0.0036,0.0000,1,0,0,0,0,0.0003
13.5154,175.1885,0.0864,102.1604,0.0001,0.0003,0.0000,0.0001,0.0000,262.6695,0.0005,-0.0616,-0.0909,0.3196,-0.1540,-9.2401,0.0000,0.0018,0.0000,1,0,0,0,0,0.0000
13.5785,175.1885,0.0864,102.1604,0.0001,0.0003,0.0000,0.0001,0.0000,262.6695,0.0000,-0.0616,-0.0909,0.3196,-0.1540,-9.2401,0.0000,0.0007,0.0000,1,0,0,0,0,0.0000
13.6410,175.1885,0.0864,102.1604,0.0001,0.0003,0.0000,0.0001,0.0000,262.6695,0.0000,-0.0616,-0.0909,0.3196,-0.1540,-9.2401,0.0000,0.0004,0.0000,1,0,0,0,0,0.0000
13.6999,175.1885,0.0864,102.1604,0.0001,0.0003,0.0000,0.0001,0.0000,262.6695,0.0000,-0.0616,-0.0909,0.3196,-0.1540,-9.2401,0.0000,0.0002,0.0000,1,0,0,0,0,0.0000
13.7627,175.1885,0.0864,102.1604,0.0001,0.0003,0.0000,0.0001,0.0000,262.6695,0.0000,-0.0616,-0.0909,0.3196,-0.1540,-9.2401,0.0000,0.0001,0.0000,1,0,0,0,0,0.0000
13.8146,175.1885,0.0864,102.1604,0.0001,0.0003,0.0000,0.0001,0.0000,262.6695,0.0000,-0.0616,-0.0909,0.3196,-0.1540,-9.2401,0.0000,0.0000,0.0000,1,0,0,0,0,0.0000
13.8649,175.1885,0.0864,102.1604,0.0001,0.0003,0.0000,0.0001,0.0000,262.6695,0.0000,-0.0616,-0.0909,0.3196,-0.1540,-9.2401,0.0000,0.0000,0.0000,1,0,0,0,0,0.0000
13.9173,175.1885,0.0864,102.1604,0.0001,0.0003,0.0000,0.0001,0.0000,262.6695,0.0000,-0.0616,-0.0909,0.3196,-0.1540,-9.2401,0.0000,0.0000,0.0000,1,0,0,0,0,0.0000
13.9805,175.1885,0.0864,102.1604,0.0001,0.0003,0.0000,0.0001,0.0000,262.6695,0.0000,-0.0616,-0.0909,0.3196,-0.1540,-9.2401,0.0000,0.0000,0.0000,1,0,0,0,0,0.0000
14.0366,175.1885,0.0864,102.1604,0.0001,0.0003,0.0000,0.0001,0.0000,262.6695,0.0000,-0.0616,-0.0909,0.3196,-0.1540,-9.2401,0.0000,0.0000,0.0000,1,0,0,0,0,0.0000
14.0926,175.1885,0.0864,102.1604,0.0001,0.0003,0.0000,0.0001,0.0000,262.6695,0.0000,-0.0616,-0.0909,0.3196,-0.1540,-9.2401,0.0000,0.0000,0.0000,1,0,0,0,0,0.0000
14.1443,175.1885,0.0864,102.1604,0.0001,0.0003,0.0000,0.0001,0.0000,262.6695,0.0000,-0.0616,-0.0909,0.3196,-0.1540,-9.2401,0.0000,0.0000,0.0000,1,0,0,0,0,0.0000
14.1962,175.1885,0.0864,102.1604,0.0001,0.0003,0.0000,0.0001,0.0000,262.6695,0.0000,-0.0616,-0.0909,0.3196,-0.1540,-9.2401,0.0000,0.0000,0.0000,1,0,0,0,0,0.0000
14.2566,175.1885,0.0864,102.1604,0.0001,0.0003,0.0000,0.0001,0.0000,262.6695,0.0000,-0.0616,-0.0909,0.3196,-0.1540,-9.2401,0.0000,0.0000,0.0000,1,0,0,0,0,0.0000
14.3117,175.1885,0.0864,102.1604,0.0001,0.0003,0.0000,0.0001,0.0000,262.6695,0.0000,-0.0616,-0.0909,0.3196,-0.1540,-9.2401,0.0000,0.0000,0.0000,1,0,0,0,0,0.0000
14.3623,175.1885,0.0864,102.1604,0.0001,0.0003,0.0000,0.0001,0.0000,262.6695,0.0000,-0.0616,-0.0909,0.3196,-0.1540,-9.2401,0.0000,0.0000,0.0000,1,0,0,0,0,0.0000
14.4383,175.1885,0.0864,102.1604,0.0001,0.0003,0.0000,0.0001,0.0000,262.6695,0.0000,-0.0616,-0.0909,0.3196,-0.1540,-9.2401,0.0000,0.0000,0.0000,1,0,0,0,0,0.0000
14.4920,175.1885,0.0864,102.1604,0.0001,0.0003,0.0000,0.0001,0.0000,262.6695,0.0000,-0.0596,-0.0909,0.3196,-0.1512,-9.1925,0.8858,0.0000,0.0000,1,0,0,0,0,0.0492
14.5450,175.1885,0.0864,102.1604,0.0001,0.0003,0.0000,0.0001,0.0000,262.6695,0.0000,-0.0596,-0.0909,0.3196,-0.1500,-9.1151,1.4596,0.0000,0.0000,1,0,0,0,0,0.0811
14.5954,175.1885,0.0864,102.1604,0.0001,0.0003,0.0000,0.0001,0.0000,262.6695,0.0000,-0.0596,-0.0909,0.3196,-0.1496,-9.0524,1.2470,0.0000,0.0000,1,0,0,0,0,0.0693
14.6483,175.1885,0.0864,102.1604,0.0001,0.0003,0.0000,0.0001,0.0000,262.6695,0.0000,-0.0596,-0.0909,0.3196,-0.1493,-9.0122,0.7578,0.0000,0.0000,1,0,0,0,0,0.0421
14.7067,175.1885,0.0864,102.1604,0.0001,0.0003,0.0000,0.0001,0.0000,262.6695,0.0000,-0.0596,-0.0909,0.3196,-0.1492,-8.9810,0.5353,0.0000,0.0000,1,0,0,0,0,0.0297
14.7588,175.1885,0.0864,102.1604,0.0001,0.0003,0.0000,0.0001,0.0000,262.6695,0.0000,-0.0596,-0.0909,0.3196,-0.1492,-8.9658,0.2921,0.0000,0.0000,1,0,0,0,0,0.0162
14.8166,175.1885,0.0864,102.1604,0.0001,0.0003,0.0000,0.0001,0.0000,262.6695,0.0000,-0.0596,-0.0909,0.3196,-0.1491,-8.9569,0.1540,0.0000,0.0000,1,0,0,0,0,0.0086
14.8748,175.1885,0.0864,102.1604,0.0001,0.0003,0.0000,0.0001,0.0000,262.6695,0.0000,-0.0596,-0.0909,0.3196,-0.1491,-8.9523,0.0778,0.0000,0.0000,1,0,0,0,0,0.0043
14.9507,175.1885,0.0864,102.1604,0.0001,0.0003,0.0000,0.0001,0.0000,262.6695,0.0000,-0.0596,-0.0909,0.3196,-0.1491,-8.9496,0.0360,0.0000,0.0000,1,0,0,0,0,0.0020
15.0025,175.1885,0.0864,102.1604,0.0001,0.0003,0.0000,0.0001,0.0000,262.6695,0.0000,-0.0596,-0.0909,0.3196,-0.1491,-8.9481,0.0281,0.0000,0.0000,1,0,0,0,0,0.0016
15.0538,175.1885,0.0864,102.1604,0.0001,0.0003,0.0000,0.0001,0.0000,262.6695,0.0000,-0.0596,-0.0909,0.3196,-0.1491,-8.9477,0.0091,0.0000,0.0000,1,0,0,0,0,0.0005
15.1153,175.1885,0.0864,102.1604,0.0001,0.0003,0.0000,0.0001,0.0000,262.6695,0.0000,-0.0596,-0.0909,0.3196,-0.1491,-8.9474,0.0045,0.0000,0.0000,1,0,0,0,0,0.0003
15.1797,175.1885,0.0864,102.1604,0.0001,0.0003,0.0000,0.0001,0.0000,262.6695,0.0000,-0.0596,-0.0909,0.3196,-0.1491,-8.9472,0.0023,0.0000,0.0000,1,0,0,0,0,0.0001
15.2381,175.1885,0.0864,102.1604,0.0001,0.0003,0.0000,0.0001,0.0000,262.6695,0.0000,-0.0596,-0.0909,0.3196,-0.1491,-8.9472,0.0012,0.0000,0.0000,1,0,0,0,0,0.0001
15.3006,175.1885,0.0864,102.1604,0.0001,0.0003,0.0000,0.0001,0.0000,262.6695,0.0000,-0.0596,-0.0909,0.3196,-0.1491,-8.9472,0.0005,0.0000,0.0000,1,0,0,0,0,0.0000
15.3532,175.1885,0.0864,102.1604,0.0001,0.0003,0.0000,0.0001,0.0000,262.6695,0.0000,-0.0596,-0.0870,0.3196,-0.1491,-8.9471,0.0002,0.0000,0.0000,1,0,0,0,0,0.0000
15.4061,175.1885,0.0864,102.1604,0.0001,0.0003,0.0000,0.0001,0.0000,262.6695,0.0000,-0.0596,-0.0870,0.3196,-0.1491,-8.9471,0.0001,0.0000,0.0000,1,0,0,0,0,0.0000
15.4641,175.1885,0.0864,102.1604,0.0001,0.0003,0.0000,0.0001,0.0000,262.6695,0.0000,-0.0596,-0.0752,0.3196,-0.1491,-8.9471,0.0000,0.0000,0.0000,1,0,0,0,0,0.0000
15.5167,175.1885,0.0864,102.1604,0.0001,0.0003,0.0000,0.0001,0.0000,262.6695,0.0000,-0.0596,-0.0479,0.3196,-0.1491,-8.9471,0.0000,0.0000,0.0000,1,0,0,0,0,0.0000
15.5750,175.1885,0.0864,102.1604,0.0001,0.0003,0.0000,0.0001,-0.0001,262.6694,-0.0021,-0.0596,0.0069,0.3196,-0.1491,-8.9471,0.0000,0.0091,0.0000,1,0,0,0,0,0.0001
15.6284,175.1885,0.0864,102.1604,0.0002,0.0008,-0.0001,0.0002,0.0025,262.6617,-0.1428,-0.0596,0.0440,0.3196,-0.1491,-8.9471,0.0000,0.1617,0.0000,1,0,0,0,0,0.0079
15.6835,175.1885,0.0864,102.1603,0.0010,0.0037,0.0001,0.0010,0.0146,262.6216,-0.7300,-0.0596,0.1124,0.3196,-0.1491,-8.9471,0.0000,0.5253,0.0000,1,0,0,0,0,0.0406
15.7362,175.1883,0.0864,102.1601,0.0189,0.0681,0.0189,0.0014,0.3395,262.5456,-1.4416,-0.0596,0.1652,0.3196,-0.1491,-8.9471,0.0000,0.7677,0.0000,1,0,0,0,0,0.0801
15.7868,175.1841,0.0864,102.1594,0.1709,0.6151,0.1709,0.0020,2.9986,262.4563,-1.7620,-0.0596,0.1926,0.3196,-0.1491,-8.9471,0.0000,0.8863,0.0000,1,0,0,0,0,0.0979
15.8419,175.1693,0.0864,102.1572,0.4104,1.4775,0.4104,0.0027,4.3483,262.3555,-1.8292,-0.0596,0.2317,0.3196,-0.1491,-8.9471,0.0000,0.9444,0.0000,1,0,0,0,0,0.1016
15.9007,175.1378,0.0864,102.1527,0.6929,2.4945,0.6929,0.0032,4.8080,262.2457,-1.8698,-0.0596,0.2708,0.3196,-0.1491,-8.9471,0.0000,0.9728,0.0000,1,0,0,0,0,0.1722
15.9541,175.0936,0.0864,102.1464,0.9963,3.5866,0.9963,0.0033,5.6841,262.1281,-2.2031,-0.0596,0.3021,0.3196,-0.1491,-8.9471,0.0000,0.9867,0.0000,1,0,0,0,0,0.1725
16.0094,175.0312,0.0864,102.1374,1.3098,4.7153,1.3098,0.0032,5.6658,262.0034,-2.2528,-0.0596,0.3138,0.3196,-0.1491,-8.9471,0.0000,0.9935,0.0000,1,0,0,0,0,0.1616
16.0601,174.9588,0.0864,102.1270,1.5646,5.6324,1.5646,0.0028,5.0209,261.8988,-2.0620,-0.0596,0.3138,0.3196,-0.1491,-8.9471,0.0000,0.9963,0.0000,1,0,0,0,0,0.1418
16.1232,174.8483,0.0864,102.1108,1.9496,7.0186,1.9496,0.0020,6.1041,261.7339,-2.6134,-0.0596,0.3138,0.3196,-0.1491,-8.9471,0.0000,0.9984,0.0000,1,0,0,0,0,0.1607
16.1754,174.7398,0.0864,102.0948,2.2718,8.1786,2.2718,0.0011,6.1766,261.5892,-2.7745,-0.0596,0.3138,0.3196,-0.1491,-8.9471,0.0000,0.9992,0.0000,1,0,0,0,0,0.1611
16.2332,174.6012,0.0864,102.0740,2.5948,9.3414,2.5948,0.0002,5.5845,261.4380,-2.6150,-0.0596,0.3138,0.3196,-0.1491,-8.9471,0.0000,0.9996,0.0000,1,0,0,0,0,0.1462
16.2875,174.4537,0.0864,102.0516,2.9179,10.5045,2.9179,0.0016,5.9569,261.2802,-2.9094,-0.0596,0.3138,0.3196,-0.1491,-8.9471,0.0000,0.9998,0.0000,1,0,0,0,0,0.1697
16.3377,174.3020,0.0864,102.0281,3.1766,11.4359,3.1766,0.0029,5.1447,261.1492,-2.6035,-0.0596,0.3138,0.3196,-0.1491,-8.9471,0.0000,0.9999,0.0000,1,0,0,0,0,0.1583
16.3954,174.1101,0.0864,101.9981,3.5647,12.8328,3.5647,0.0050,6.7285,260.9450,-3.5406,-0.0596,0.3138,0.3196,-0.1491,-8.9471,0.0000,1.0000,0.0000,1,0,0,0,0,0.2178
16.4520,173.9032,0.0864,101.9651,3.8881,13.9971,3.8881,0.0070,5.7145,260.7676,-3.1358,-0.0596,0.3138,0.3196,-0.1491,-8.9471,0.0000,1.0000,0.0000,1,0,0,0,0,0.2014
16.5095,173.6741,0.0864,101.9279,4.2115,15.1614,4.2115,0.0092,5.6220,260.5837,-3.1955,-0.0596,0.3138,0.3196,-0.1491,-8.9471,0.0000,1.0000,0.0000,1,0,0,0,0,0.2105
16.5647,173.4368,0.0864,101.8886,4.5350,16.3261,4.5350,0.0116,5.8670,260.3940,-3.4416,-0.0577,0.3138,0.3196,-0.1477,-8.9471,0.0000,1.0000,0.0000,1,0,0,0,0,0.2295
16.6162,173.1995,0.0864,101.8487,4.7937,17.2573,4.7937,0.0135,5.0224,260.2395,-2.9984,-0.0577,0.3138,0.3196,-0.1460,-8.8745,1.4099,1.0000,0.0000,1,0,0,0,0,0.2871
16.6694,172.9384,0.0864,101.8040,5.1171,18.4217,5.1171,0.0157,6.0784,260.0448,-3.6601,-0.0557,0.3138,0.3196,-0.1422,-8.7627,2.1019,1.0000,0.0000,1,0,0,0,0,0.3663
16.7221,172.6640,0.0864,101.7562,5.4407,19.5864,5.4406,0.0179,6.1421,259.8488,-3.7203,-0.0538,0.3138,0.3196,-0.1382,-8.5999,3.0907,1.0000,0.0000,1,0,0,0,0,0.4278
16.7798,172.3452,0.0864,101.6996,5.7640,20.7504,5.7640,0.0200,5.6002,259.6536,-3.3806,-0.0518,0.3138,0.3196,-0.1333,-8.3360,4.5695,1.0000,0.0000,1,0,0,0,0,0.4937
16.8355,172.0198,0.0864,101.6406,6.0875,21.9149,6.0874,0.0221,5.8083,259.4582,-3.5100,-0.0499,0.3138,0.3196,-0.1292,-8.1282,3.7317,1.0000,0.0000,1,0,0,0,0,0.4567
16.8855,171.7123,0.0864,101.5840,6.4109,23.0791,6.4108,0.0241,6.4610,259.2623,-3.9125,-0.0499,0.3138,0.3196,-0.1267,-7.8964,4.6318,1.0000,0.0000,1,0,0,0,0,0.5311
16.9356,171.3903,0.0864,101.5238,6.6696,24.0105,6.6695,0.0273,5.1647,259.1098,-3.0447,-0.0499,0.3138,0.3196,-0.1257,-7.7386,3.1503,1.0000,0.0000,1,0,0,0,0,0.4055
16.9858,171.0534,0.0864,101.4597,6.9930,25.1748,6.9930,0.0283,6.4425,258.9181,-3.8188,-0.0499,0.3138,0.3196,-0.1251,-7.6389,1.9845,1.0000,0.0000,1,0,0,0,0,0.3832
17.0387,170.6836,0.0864,101.3882,7.3164,26.3391,7.3163,0.0304,6.1216,258.7215,-3.7219,-0.0499,0.3138,0.3196,-0.1249,-7.5731,1.2454,1.0000,0.0000,1,0,0,0,0,0.3383
17.0957,170.2666,0.0864,101.3062,7.6398,27.5034,7.6398,0.0330,5.6713,258.5196,-3.5395,-0.0499,0.3138,0.3196,-0.1248,-7.5265,0.8180,1.0000,0.0000,1,0,0,0,0,0.3068
17.1540,169.8214,0.0864,101.2171,7.9632,28.6676,7.9631,0.0402,5.5458,258.3077,-3.6337,-0.0499,0.3138,0.3196,-0.1247,-7.5052,0.3657,1.0000,0.0000,1,0,0,0,0,0.2980
17.2074,169.3974,0.0864,101.1307,8.2865,29.8315,8.2864,0.0427,6.0617,258.0844,-4.1864,-0.0499,0.3138,0.3196,-0.1247,-7.4945,0.1994,1.0000,0.0000,1,0,0,0,0,0.3210
17.2619,168.9470,0.0864,101.0372,8.6100,30.9959,8.6098,0.0457,5.9258,257.8564,-4.1772,-0.0479,0.3138,0.3196,-0.1233,-7.4829,0.2134,1.0000,0.0000,1,0,0,0,0,0.3236
17.3127,168.5132,0.0864,100.9456,8.8686,31.9271,8.8685,0.0476,5.0948,257.6772,-3.5308,-0.0440,0.3138,0.3196,-0.1172,-7.3817,1.9937,1.0000,0.0000,1,0,0,0,0,0.3875
17.3632,168.0678,0.0864,100.8498,9.1920,33.0911,9.1918,0.0486,6.4088,257.4632,-4.2415,-0.0381,0.3138,0.3196,-0.1076,-7.0860,5.8614,1.0000,0.0000,1,0,0,0,0,0.6405
17.4189,167.5590,0.0864,100.7385,9.5152,34.2548,9.5151,0.0479,5.7955,257.2663,-3.5295,-0.0323,0.3138,0.3196,-0.0951,-6.6030,8.6578,1.0000,0.0000,1,0,0,0,0,0.7526
17.4747,167.0325,0.0864,100.6214,9.8387,35.4193,9.8386,0.0457,5.7952,257.0903,-3.1532,-0.0245,0.3138,0.3196,-0.0810,-5.9439,11.8085,1.0000,0.0000,1,0,0,0,0,0.9008
17.5411,166.3840,0.0864,100.4746,10.2267,36.8161,10.2266,0.0407,5.8467,256.9131,-2.6709,-0.0225,0.3138,0.3196,-0.0656,-5.3200,9.4028,1.0000,0.0000,1,0,0,0,0,0.7305
17.5940,165.8499,0.0864,100.3519,10.5502,37.9806,10.5501,0.0304,6.1186,256.8245,-1.6752,-0.0147,0.3138,0.3196,-0.0282,-3.8676,27.4708,1.0000,0.0000,1,0,0,0,0,1.6625
17.6596,165.1647,0.0864,100.1928,10.8736,39.1449,10.8736,0.0185,4.9252,256.7828,-0.6353,-0.0108,0.3138,0.3196,-0.0121,-2.4761,21.1900,1.0000,0.0000,1,0,0,0,0,1.2381
17.7129,164.5909,0.0864,100.0585,11.1971,40.3094,11.1971,0.0089,6.0704,256.7616,-0.3980,-0.0069,0.3138,0.3196,-0.0052,-1.3895,20.3930,1.0000,0.0000,1,0,0,0,0,1.1670
17.7646,164.0198,0.0864,99.9243,11.5206,41.4740,11.5206,0.0022,6.2667,256.7494,-0.2359,-0.0069,0.3138,0.3196,-0.0022,-0.8218,10.9967,1.0000,0.0000,1,0,0,0,0,0.6269
17.8204,163.3850,0.0864,99.7747,11.8439,42.6382,11.8439,0.0021,5.7901,256.7412,-0.1475,-0.0069,0.3138,0.3196,-0.0010,-0.4553,6.5632,1.0000,0.0000,1,0,0,0,0,0.3755
17.8706,162.7997,0.0864,99.6365,12.1027,43.5698,12.1027,0.0042,5.1570,256.7358,-0.1064,-0.0069,0.3138,0.3196,-0.0005,-0.2570,3.9511,1.0000,0.0000,1,0,0,0,0,0.2306
17.9278,162.1143,0.0864,99.4745,12.4908,44.9669,12.4908,0.0064,6.7782,256.7289,-0.1205,-0.0069,0.3138,0.3196,-0.0002,-0.1325,2.1735,1.0000,0.0000,1,0,0,0,0,0.1352
17.9788,161.4890,0.0864,99.3265,12.7496,45.8985,12.7496,0.0071,5.0797,256.7246,-0.0845,-0.0069,0.3138,0.3196,-0.0001,-0.0730,1.1697,1.0000,0.0000,1,0,0,0,0,0.0780
18.0512,160.5745,0.0864,99.1101,13.2024,47.5286,13.2024,0.0080,6.2517,256.7175,-0.0986,-0.0069,0.3138,0.3196,0.0000,-0.0387,0.4724,1.0000,0.0000,1,0,0,0,0,0.0408
18.1086,159.8283,0.0864,98.9334,13.5259,48.6931,13.5259,0.0082,5.6331,256.7123,-0.0898,-0.0069,0.3138,0.3196,0.0000,-0.0146,0.4203,1.0000,0.0000,1,0,0,0,0,0.0375
18.1621,159.1176,0.0864,98.7649,13.8493,49.8575,13.8493,0.0084,6.0549,256.7072,-0.0971,-0.0069,0.3138,0.3196,0.0000,-0.0075,0.1323,1.0000,0.0000,1,0,0,0,0,0.0219
18.2175,158.3620,0.0864,98.5859,14.1728,51.0220,14.1728,0.0085,5.8296,256.7020,-0.0935,-0.0069,0.3138,0.3196,0.0000,-0.0038,0.0669,1.0000,0.0000,1,0,0,0,0,0.0179
18.2781,157.5172,0.0864,98.3855,14.4963,52.1865,14.4963,0.0084,5.3398,256.6968,-0.0846,-0.0069,0.3138,0.3196,0.0000,-0.0019,0.0322,1.0000,0.0000,1,0,0,0,0,0.0152
18.3301,156.7752,0.0864,98.2095,14.8196,53.3507,14.8196,0.0085,6.2163,256.6917,-0.0986,-0.0108,0.3138,0.3196,0.0000,-0.0009,0.0179,1.0000,0.0000,1,0,0,0,0,0.0150
18.3892,155.9148,0.0864,98.0054,15.1432,54.5155,15.1432,0.0083,5.4821,256.6865,-0.0879,-0.0166,0.3138,0.3196,0.0000,-0.0005,0.0081,1.0000,0.0000,1,0,0,0,0,0.0136
18.4445,155.0898,0.0864,97.8095,15.4666,55.6798,15.4666,0.0010,5.8419,256.6425,-0.7955,-0.0245,0.3138,0.3196,-0.0274,-0.3207,5.7842,1.0000,0.0000,1,0,0,0,0,0.3665
18.5034,154.1942,0.0864,97.5966,15.7901,56.8442,15.7900,0.0244,5.4979,256.5178,-2.1200,-0.0323,0.3138,0.3196,-0.0538,-1.5297,20.5512,1.0000,0.0000,1,0,0,0,0,1.2827
18.5674,153.1968,0.0864,97.3579,16.1781,58.2411,16.1780,0.0612,6.0568,256.2721,-3.8342,-0.0420,0.3138,0.3196,-0.0826,-2.5780,16.3628,1.0000,0.0000,1,0,0,0,0,1.1788
18.6305,152.1935,0.0864,97.1149,16.5661,59.6380,16.5658,0.1036,6.1561,255.9257,-5.4967,-0.0538,0.3138,0.3196,-0.1101,-4.5788,31.7429,1.0000,0.0000,1,0,0,0,0,2.1627
18.6805,151.3817,0.0864,96.9152,16.8246,60.5687,16.8241,0.1339,5.1663,255.6402,-5.7043,-0.0596,0.3060,0.3196,-0.1272,-5.8617,25.6344,1.0000,0.0000,1,0,0,0,0,1.8604
18.7428,150.3531,0.0864,96.6569,17.2122,61.9640,17.2113,0.1789,6.2253,255.1404,-8.0289,-0.0655,0.2845,0.3196,-0.1470,-7.1414,20.5555,1.0000,0.0000,1,0,0,0,0,1.7440
18.8006,149.3790,0.0864,96.4058,17.5349,63.1256,17.5336,0.2140,5.5753,254.6713,-8.1049,-0.0675,0.2454,0.3196,-0.1590,-8.2716,19.5281,1.0000,0.0000,1,0,0,0,0,1.7182
18.8529,148.4851,0.0864,96.1688,17.8573,64.2861,17.8556,0.2454,6.1715,254.1654,-9.6844,-0.0694,0.2121,0.3196,-0.1673,-9.0203,14.3333,1.0000,0.0000,1,0,0,0,0,1.5404
18.9055,147.5710,0.0864,95.9194,18.1794,65.4458,18.1773,0.2731,6.1215,253.6309,-10.1583,-0.0714,0.1750,0.3196,-0.1736,-9.6266,11.5226,1.0000,0.0000,1,0,0,0,0,1.4298
18.9635,146.5484,0.0864,95.6312,18.5012,66.6043,18.4988,0.2967,5.5519,253.0765,-9.5642,-0.0714,0.1554,0.3196,-0.1764,-10.0801,7.8240,1.0000,0.0000,1,0,0,0,0,1.2066
19.0145,145.6352,0.0864,95.3652,18.8229,67.7624,18.8202,0.3162,6.3049,252.5091,-11.1188,-0.0714,0.1378,0.3196,-0.1775,-10.3378,5.0491,1.0000,0.0000,1,0,0,0,0,1.1502
19.0668,144.6852,0.0864,95.0796,19.0801,68.6885,19.0773,0.3300,4.9129,252.0479,-8.8090,-0.0714,0.1320,0.3196,-0.1780,-10.4888,2.8853,1.0000,0.0000,1,0,0,0,0,0.9091
19.1228,143.6564,0.0864,94.7597,19.4015,69.8453,19.3984,0.3449,5.7436,251.4639,-10.4383,-0.0694,0.1320,0.3196,-0.1775,-10.6019,2.0207,1.0000,0.0000,1,0,0,0,0,0.9589
19.1736,142.7101,0.0864,94.4557,19.7226,71.0013,19.7194,0.3537,6.3210,250.8877,-11.3421,-0.0616,0.1320,0.3196,-0.1687,-10.5396,1.2250,1.0000,0.0000,1,0,0,0,0,0.9671
19.2267,141.7087,0.0864,94.1237,20.0438,72.1577,20.0408,0.3476,6.0486,250.3586,-9.9635,-0.0499,0.1320,0.3196,-0.1480,-10.1883,6.6161,1.0000,0.0000,1,0,0,0,0,1.1813
19.2823,140.6580,0.0864,93.7645,19.8427,71.4338,19.8402,0.3181,-3.6140,249.9167,-7.9397,-0.0342,0.1320,0.3196,-0.1176,-9.1373,18.8867,1.0000,0.0000,1,0,0,0,0,1.7308
19.3338,139.6914,0.0864,93.4248,19.8428,71.4339,19.8408,0.2774,0.0008,249.6543,-5.1046,-0.0166,0.1320,0.3196,-0.0795,-7.7546,26.8903,1.0000,0.0000,1,0,0,0,0,1.9872
19.3873,138.6871,0.0864,93.0638,19.9072,71.6658,19.9062,0.2011,1.2032,249.4845,-3.1712,-0.0029,0.1281,0.3196,-0.0342,-5.5061,41.9925,1.0000,0.0000,1,0,0,0,0,2.6606
19.4464,137.5811,0.0864,92.6591,19.9704,71.8934,19.9699,0.1318,1.0702,249.4086,-1.2847,0.0107,0.0948,0.3196,-0.0147,-3.2857,37.6010,0.9931,0.0000,1,0,0,0,0,2.2593
19.4965,136.7603,0.0906,92.4025,10.7316,38.6336,10.6886,0.9589,-184.2172,254.2186,95.9090,0.0186,0.0420,0.3216,-0.0063,-1.9986,25.6643,0.7992,0.0000,1,0,0,0,1,28.0944
19.5482,136.2100,0.0871,92.2932,10.1577,36.5676,10.1530,0.3093,-11.1054,264.0449,190.1524,0.0264,-0.0107,0.3235,0.0316,-0.6975,25.1772,0.4488,0.0000,1,0,0,0,1,31.8554
19.6096,135.8146,0.0841,92.2559,1.7912,6.4485,1.7907,0.0444,-136.2622,265.3924,21.9465,0.0322,-0.0596,0.3216,0.0579,0.6375,21.7429,0.2196,0.0000,1,0,0,0,0,2.7987
19.6645,135.7881,0.0862,92.2572,0.0017,0.0061,0.0012,0.0012,-32.5742,265.5966,3.7168,0.0381,-0.0948,0.3216,0.0783,2.6069,35.8474,0.1075,0.0000,1,0,0,0,0,2.1980
19.7212,135.7881,0.0864,92.2572,0.0001,0.0003,0.0000,0.0001,-0.0288,265.6013,0.0846,0.0420,-0.0948,0.3216,0.0907,4.0020,24.6225,0.0526,0.0000,1,0,0,0,0,1.3726
19.7716,135.7881,0.0864,92.2572,0.0002,0.0009,-0.0001,0.0002,0.0034,265.6013,-0.0006,0.0440,-0.0948,0.3216,0.0996,4.8202,16.2185,0.0257,0.0000,1,0,0,0,0,0.9011
19.8371,135.7881,0.0864,92.2572,0.0004,0.0013,-0.0002,0.0003,0.0019,265.6009,-0.0065,0.0440,-0.0948,0.3216,0.1062,5.5366,10.9486,0.0109,0.0000,1,0,0,0,0,0.6086
19.8934,135.7881,0.0864,92.2572,0.0001,0.0003,0.0001,0.0001,-0.0051,265.6002,-0.0119,0.0459,-0.0948,0.3216,0.1107,6.0590,9.2805,0.0053,0.0000,1,0,0,0,0,0.5162
19.9464,135.7881,0.0864,92.2572,0.0001,0.0004,0.0001,0.0001,0.0006,265.6000,-0.0046,0.0459,-0.0948,0.3216,0.1127,6.3863,6.1645,0.0030,0.0000,1,0,0,0,0,0.3427
19.9979,135.7881,0.0864,92.2572,0.0002,0.0006,0.0000,0.0002,0.0008,265.5998,-0.0042,0.0459,-0.0948,0.3216,0.1139,6.5929,4.0177,0.0015,0.0000,1,0,0,0,0,0.2234
20.0491,135.7881,0.0864,92.2573,0.0001,0.0002,0.0000,0.0001,-0.0020,265.5999,0.0024,0.0459,-0.0948,0.3216,0.1144,6.7158,2.3997,0.0007,0.0000,1,0,0,0,0,0.1334
20.0995,135.7881,0.0864,92.2572,0.0000,0.0002,0.0000,0.0000,-0.0002,265.5998,-0.0018,0.0459,-0.0948,0.3216,0.1146,6.7895,1.4606,0.0004,0.0000,1,0,0,0,0,0.0812
20.1632,135.7881,0.0864,92.2572,0.0000,0.0002,0.0000,0.0000,0.0000,265.5999,0.0014,0.0459,-0.0948,0.3216,0.1147,6.8377,0.7584,0.0002,0.0000,1,0,0,0,0,0.0422
20.2148,135.7881,0.0864,92.2572,0.0000,0.0002,0.0000,0.0000,0.0000,265.5999,0.0000,0.0459,-0.0948,0.3216,0.1148,6.8626,0.4810,0.0001,0.0000,1,0,0,0,0,0.0267
20.2681,135.7881,0.0864,92.2572,0.0000,0.0001,0.0000,0.0000,-0.0001,265.5998,-0.0017,0.0459,-0.0948,0.3196,0.1148,6.8736,0.2061,0.0000,0.0000,1,0,0,0,0,0.0115
20.3207,135.7881,0.0864,92.2572,0.0000,0.0001,0.0000,0.0000,-0.0001,265.5997,-0.0017,0.0401,-0.0948,0.3196,0.1102,6.8317,0.7956,0.0000,0.0000,1,0,0,0,0,0.0443
20.3795,135.7881,0.0864,92.2572,0.0000,0.0001,0.0000,0.0000,0.0000,265.5997,0.0000,0.0303,-0.0948,0.3196,0.0943,6.4353,6.7376,0.0000,0.0000,1,0,0,0,0,0.3743
20.4611,135.7881,0.0864,92.2572,0.0000,0.0001,0.0000,0.0000,0.0000,265.5997,0.0000,0.0166,-0.0948,0.3196,0.0398,5.5989,10.2479,0.0000,0.0000,1,0,0,0,0,0.5693
20.5150,135.7881,0.0864,92.2572,0.0000,0.0001,0.0000,0.0000,0.0000,265.5997,0.0000,-0.0010,-0.0948,0.3196,0.0171,3.1149,46.0996,0.0000,0.0000,1,0,0,0,0,2.5611
20.5687,135.7881,0.0864,92.2572,0.0000,0.0001,0.0000,0.0000,0.0000,265.5997,0.0000,-0.0147,-0.0948,0.3196,0.0074,1.9963,20.8280,0.0000,0.0000,1,0,0,0,0,1.1571
20.6203,135.7881,0.0864,92.2572,0.0000,0.0001,0.0000,0.0000,0.0000,265.5997,0.0000,-0.0284,-0.0948,0.3196,-0.0275,0.8955,21.3227,0.0000,0.0000,1,0,0,0,0,1.1846
20.6744,135.7881,0.0864,92.2572,0.0000,0.0001,0.0000,0.0000,0.0000,265.5997,0.0000,-0.0420,-0.0948,0.3196,-0.0636,-1.1957,38.6455,0.0000,0.0000,1,0,0,0,0,2.1470
20.7367,135.7881,0.0864,92.2572,0.0000,0.0001,0.0000,0.0000,0.0000,265.5997,0.0000,-0.0518,-0.0948,0.3196,-0.1010,-3.0869,30.3942,0.0000,0.0000,1,0,0,0,0,1.6886
20.7891,135.7881,0.0864,92.2572,0.0000,0.0001,0.0000,0.0000,0.0000,265.5997,0.0000,-0.0596,-0.0948,0.3196,-0.1225,-5.0125,36.7373,0.0000,0.0000,1,0,0,0,0,2.0410
20.8412,135.7881,0.0864,92.2572,0.0000,0.0001,0.0000,0.0000,0.0000,265.5997,0.0000,-0.0655,-0.0948,0.3196,-0.1428,-6.3298,25.2589,0.0000,0.0000,1,0,0,0,0,1.4033
20.9013,135.7881,0.0864,92.2572,0.0000,0.0001,0.0000,0.0000,0.0000,265.5997,0.0000,-0.0675,-0.0948,0.3196,-0.1575,-7.8437,25.2208,0.0000,0.0000,1,0,0,0,0,1.4012
20.9587,135.7881,0.0864,92.2572,0.0000,0.0001,0.0000,0.0000,0.0000,265.5997,0.0000,-0.0694,-0.0948,0.3196,-0.1677,-8.9015,18.4099,0.0000,0.0000,1,0,0,0,0,1.0228
21.0121,135.7881,0.0864,92.2572,0.0000,0.0001,0.0000,0.0000,0.0000,265.5997,0.0000,-0.0694,-0.0948,0.3196,-0.1706,-9.5168,11.5186,0.0000,0.0000,1,0,0,0,0,0.6399
21.0697,135.7881,0.0864,92.2572,0.0000,0.0001,0.0000,0.0000,0.0000,265.5997,0.0000,-0.0694,-0.0948,0.3196,-0.1725,-9.9171,6.9505,0.0000,0.0000,1,0,0,0,0,0.3861
21.1258,135.7881,0.0864,92.2573,0.0000,0.0001,0.0000,0.0000,0.0000,265.5997,0.0000,-0.0636,-0.0948,0.3196,-0.1685,-10.1264,3.7292,0.0000,0.0000,1,0,0,0,0,0.2072
21.1841,135.7881,0.0864,92.2573,0.0000,0.0001,0.0000,0.0000,0.0000,265.5997,0.0000,-0.0499,-0.0948,0.3196,-0.1515,-9.9076,3.7535,0.0000,0.0000,1,0,0,0,0,0.2085
21.2425,135.7881,0.0864,92.2572,0.0000,0.0001,0.0000,0.0000,0.0000,265.5997,0.0000,-0.0342,-0.0948,0.3196,-0.1225,-8.9867,15.7786,0.0000,0.0000,1,0,0,0,0,0.8766
21.2946,135.7881,0.0864,92.2572,0.0000,0.0001,0.0000,0.0000,0.0000,265.5997,0.0000,-0.0225,-0.0948,0.3196,-0.0908,-7.8499,21.8076,0.0000,0.0000,1,0,0,0,0,1.2115
21.3515,135.7881,0.0864,92.2572,0.0000,0.0001,0.0000,0.0000,0.0000,265.5997,0.0000,-0.0088,-0.0948,0.3196,-0.0390,-5.6539,38.6437,0.0000,0.0000,1,0,0,0,0,2.1469
21.4042,135.7881,0.0864,92.2572,0.0000,0.0001,0.0000,0.0000,0.0000,265.5997,0.0000,0.0029,-0.0948,0.3196,-0.0168,-3.6570,37.8861,0.0000,0.0000,1,0,0,0,0,2.1048
21.4615,135.7881,0.0864,92.2573,0.0000,0.0001,0.0000,0.0000,0.0000,265.5997,0.0000,0.0088,-0.0948,0.3196,-0.0072,-2.1148,26.9041,0.0000,0.0000,1,0,0,0,0,1.4947
21.5135,135.7881,0.0864,92.2572,0.0000,0.0001,0.0000,0.0000,0.0000,265.5997,0.0000,0.0127,-0.0948,0.3196,-0.0031,-1.2318,16.9612,0.0000,0.0000,1,0,0,0,0,0.9423
21.5664,135.7881,0.0864,92.2573,0.0000,0.0001,0.0000,0.0000,0.0000,265.5997,0.0000,0.0146,-0.0948,0.3196,-0.0016,-0.6959,10.1380,0.0000,0.0000,1,0,0,0,0,0.5632
21.6246,135.7881,0.0864,92.2572,0.0000,0.0001,0.0000,0.0000,0.0000,265.5997,0.0000,0.0146,-0.0948,0.3196,-0.0006,-0.3601,5.7747,0.0000,0.0000,1,0,0,0,0,0.3208
21.6832,135.7881,0.0864,92.2572,0.0000,0.0001,0.0000,0.0000,0.0000,265.5997,0.0000,0.0146,-0.0948,0.3196,-0.0002,-0.2247,2.3102,0.0000,0.0000,1,0,0,0,0,0.1283
21.7368,135.7881,0.0864,92.2572,0.0000,0.0001,0.0000,0.0000,0.0000,265.5997,0.0000,0.0107,-0.0948,0.3196,-0.0001,-0.0916,2.4834,0.0000,0.0000,1,0,0,0,0,0.1380
21.7892,135.7881,0.0864,92.2572,0.0000,0.0002,0.0000,0.0000,0.0001,265.6000,0.0052,0.0029,-0.0948,0.3196,-0.0001,-0.0496,0.8014,0.0000,0.0000,1,0,0,0,0,0.0448
21.8515,135.7881,0.0864,92.2572,0.0000,0.0002,0.0000,0.0000,0.0000,265.6000,0.0000,-0.0069,-0.0948,0.3196,0.0000,-0.0242,0.4080,0.0000,0.0000,1,0,0,0,0,0.0227
21.9026,135.7881,0.0864,92.2572,0.0000,0.0002,0.0000,0.0000,0.0000,265.5999,-0.0018,-0.0166,-0.0948,0.3196,0.0000,-0.0124,0.2299,0.0000,0.0000,1,0,0,0,0,0.0129
21.9637,135.7881,0.0864,92.2573,0.0000,0.0001,0.0000,0.0000,-0.0001,265.5997,-0.0030,-0.0206,-0.0948,0.3196,-0.0204,-0.1661,2.5116,0.0000,0.0000,1,0,0,0,0,0.1397
22.0264,135.7881,0.0864,92.2572,0.0000,0.0001,0.0000,0.0000,0.0000,265.5997,0.0000,-0.0264,-0.0948,0.3196,-0.0468,-1.2024,16.5452,0.0000,0.0000,1,0,0,0,0,0.9192
22.0776,135.7881,0.0864,92.2572,0.0000,0.0001,0.0000,0.0000,0.0000,265.5997,0.0000,-0.0284,-0.0948,0.3196,-0.0576,-2.1543,18.5719,0.0000,0.0000,1,0,0,0,0,1.0318
22.1298,135.7881,0.0864,92.2572,0.0000,0.0001,0.0000,0.0000,0.0000,265.5997,0.0000,-0.0284,-0.0948,0.3196,-0.0652,-2.9496,15.2317,0.0000,0.0000,1,0,0,0,0,0.8462
22.2050,135.7881,0.0864,92.2572,0.0000,0.0001,0.0000,0.0000,0.0000,265.5997,0.0000,-0.0284,-0.0948,0.3196,-0.0692,-3.5185,7.5632,0.0000,0.0000,1,0,0,0,0,0.4202
22.2552,135.7881,0.0864,92.2572,0.0000,0.0001,0.0000,0.0000,0.0000,265.5997,0.0000,-0.0303,-0.0948,0.3196,-0.0724,-3.9528,8.6538,0.0000,0.0000,1,0,0,0,0,0.4808
22.3125,135.7881,0.0864,92.2573,0.0000,0.0001,0.0000,0.0000,0.0000,265.5997,0.0000,-0.0303,-0.0948,0.3196,-0.0746,-4.1812,3.9880,0.0000,0.0000,1,0,0,0,0,0.2216
22.3671,135.7881,0.0864,92.2572,0.0000,0.0001,0.0000,0.0000,0.0000,265.5997,0.0000,-0.0303,-0.0948,0.3196,-0.0753,-4.3416,2.9412,0.0000,0.0000,1,0,0,0,0,0.1634
22.4250,135.7881,0.0864,92.2572,0.0000,0.0001,0.0000,0.0000,0.0000,265.5997,0.0000,-0.0303,-0.0948,0.3196,-0.0756,-4.4417,1.7269,0.0000,0.0000,1,0,0,0,0,0.0959
22.4766,135.7881,0.0864,92.2572,0.0000,0.0001,0.0000,0.0000,0.0000,265.5997,0.0000,-0.0303,-0.0948,0.3196,-0.0757,-4.4885,0.9067,0.0000,0.0000,1,0,0,0,0,0.0504
22.5286,135.7881,0.0864,92.2572,0.0000,0.0001,0.0000,0.0000,0.0000,265.5997,0.0000,-0.0303,-0.0948,0.3196,-0.0757,-4.5151,0.5119,0.0000,0.0000,1,0,0,0,0,0.0284
22.5798,135.7881,0.0864,92.2572,0.0000,0.0001,0.0000,0.0000,0.0000,265.5997,0.0000,-0.0303,-0.0948,0.3196,-0.0758,-4.5297,0.2856,0.0000,0.0000,1,0,0,0,0,0.0159
22.6344,135.7881,0.0864,92.2573,0.0000,0.0001,0.0000,0.0000,0.0000,265.5997,0.0000,-0.0303,-0.0948,0.3196,-0.0758,-4.5384,0.1584,0.0000,0.0000,1,0,0,0,0,0.0088
22.6930,135.7881,0.0864,92.2573,0.0000,0.0001,0.0000,0.0000,0.0000,265.5997,0.0000,-0.0303,-0.0948,0.3196,-0.0758,-4.5433,0.0839,0.0000,0.0000,1,0,0,0,0,0.0047
22.7543,135.7881,0.0864,92.2572,0.0000,0.0001,0.0000,0.0000,0.0000,265.5997,0.0000,-0.0303,-0.0948,0.3196,-0.0758,-4.5458,0.0399,0.0000,0.0000,1,0,0,0,0,0.0022
22.8125,135.7881,0.0864,92.2573,0.0000,0.0001,0.0000,0.0000,0.0000,265.5997,0.0000,-0.0303,-0.0948,0.3196,-0.0758,-4.5469,0.0205,0.0000,0.0000,1,0,0,0,0,0.0011
22.8627,135.7881,0.0864,92.2572,0.0000,0.0001,0.0000,0.0000,0.0000,265.5997,0.0000,-0.0303,-0.0948,0.3196,-0.0758,-4.5474,0.0093,0.0000,0.0000,1,0,0,0,0,0.0005
22.9292,135.7881,0.0864,92.2572,0.0000,0.0001,0.0000,0.0000,0.0000,265.5997,0.0000,-0.0303,-0.0948,0.3196,-0.0758,-4.5477,0.0042,0.0000,0.0000,1,0,0,0,0,0.0002
22.9823,135.7881,0.0864,92.2572,0.0000,0.0001,0.0000,0.0000,0.0000,265.5997,0.0000,-0.0303,-0.0948,0.3196,-0.0758,-4.5478,0.0027,0.0000,0.0000,1,0,0,0,0,0.0001
23.0334,135.7881,0.0864,92.2572,0.0000,0.0001,0.0000,0.0000,0.0000,265.5997,0.0000,-0.0303,-0.0948,0.3196,-0.0758,-4.5479,0.0011,0.0000,0.0000,1,0,0,0,0,0.0001
23.0906,135.7881,0.0864,92.2572,0.0000,0.0001,0.0000,0.0000,0.0000,265.5997,0.0000,-0.0303,-0.0948,0.3196,-0.0758,-4.5479,0.0005,0.0000,0.0000,1,0,0,0,0,0.0000
23.1461,135.7881,0.0864,92.2572,0.0000,0.0001,0.0000,0.0000,0.0000,265.5997,0.0000,-0.0303,-0.0948,0.3196,-0.0758,-4.5479,0.0003,0.0000,0.0000,1,0,0,0,0,0.0000
23.2048,135.7881,0.0864,92.2572,0.0000,0.0001,0.0000,0.0000,0.0000,265.5997,0.0000,-0.0323,-0.0948,0.3196,-0.0772,-4.5528,0.0826,0.0000,0.0000,1,0,0,0,0,0.0046
23.2633,135.7881,0.0864,92.2572,0.0000,0.0001,0.0000,0.0000,0.0000,265.5997,0.0000,-0.0362,-0.0948,0.3196,-0.0819,-4.6439,1.5571,0.0000,0.0000,1,0,0,0,0,0.0865
23.3247,135.7881,0.0864,92.2572,0.0000,0.0001,0.0000,0.0000,0.0000,265.5997,0.0000,-0.0381,-0.0948,0.3196,-0.0897,-4.9171,4.4507,0.0000,0.0000,1,0,0,0,0,0.2473
23.3811,135.7881,0.0864,92.2572,0.0000,0.0001,0.0000,0.0000,0.0000,265.5997,0.0000,-0.0381,-0.0948,0.3196,-0.0929,-5.2211,5.3938,0.0000,0.0000,1,0,0,0,0,0.2997
23.4334,135.7881,0.0864,92.2573,0.0000,0.0001,0.0000,0.0000,0.0000,265.5997,0.0000,-0.0342,-0.0948,0.3196,-0.0915,-5.4066,3.5459,0.0000,0.0000,1,0,0,0,0,0.1970
23.4943,135.7881,0.0864,92.2572,0.0000,0.0001,0.0000,0.0000,0.0000,265.5997,0.0000,-0.0166,-0.0948,0.3196,-0.0654,-5.2469,2.6204,0.0000,0.0000,1,0,0,0,0,0.1456
23.5445,135.7881,0.0864,92.2572,0.0000,0.0001,0.0000,0.0000,0.0000,265.5997,0.0000,-0.0029,-0.0948,0.3196,-0.0281,-4.0086,24.6641,0.0000,0.0000,1,0,0,0,0,1.3702
23.5975,135.7881,0.0864,92.2572,0.0000,0.0001,0.0000,0.0000,0.0000,265.5997,0.0000,0.0127,-0.0948,0.3196,-0.0143,-2.6888,24.8986,0.0000,0.0000,1,0,0,0,0,1.3833
23.6555,135.7881,0.0864,92.2572,0.0000,0.0001,0.0000,0.0000,0.0000,265.5997,0.0000,0.0322,-0.0948,0.3196,0.0293,-1.1861,25.9037,0.0000,0.0000,1,0,0,0,0,1.4391
23.7102,135.7881,0.0864,92.2572,0.0000,0.0001,0.0000,0.0000,0.0000,265.5997,0.0000,0.0518,-0.0948,0.3196,0.0784,0.7477,35.3753,0.0000,0.0000,1,0,0,0,0,1.9653
23.7657,135.7881,0.0864,92.2572,0.0000,0.0001,0.0000,0.0000,0.0000,265.5997,0.0000,0.0733,-0.0948,0.3196,0.1272,3.6531,52.3382,0.0000,0.0000,1,0,0,0,0,2.9077
23.8173,135.7881,0.0864,92.2572,0.0000,0.0001,0.0000,0.0000,0.0000,265.5997,0.0000,0.0909,-0.0948,0.3196,0.1707,5.8894,43.3571,0.0000,0.0000,1,0,0,0,0,2.4087
23.8692,135.7881,0.0864,92.2572,0.0000,0.0001,0.0000,0.0000,0.0000,265.5997,0.0000,0.1085,-0.0948,0.3196,0.2211,8.5680,51.6271,0.0000,0.0000,1,0,0,0,0,2.8682
23.9258,135.7881,0.0864,92.2572,0.0000,0.0001,0.0000,0.0000,0.0000,265.5997,0.0000,0.1300,-0.0948,0.3196,0.2719,11.8794,58.5082,0.0000,0.0000,1,0,0,0,0,3.2505
23.9758,135.7881,0.0864,92.2572,0.0000,0.0001,0.0000,0.0000,0.0000,265.5997,0.0000,0.1398,-0.0948,0.3255,0.3064,14.6232,54.8487,0.0000,0.0000,1,0,0,0,0,3.0471
24.0291,135.7881,0.0864,92.2572,0.0000,0.0001,0.0000,0.0000,0.0000,265.5997,0.0000,0.1613,-0.0948,0.3235,0.3527,17.1719,47.7812,0.0000,0.0000,1,0,0,0,0,2.6545
24.0810,135.7881,0.0864,92.2572,0.0000,0.0001,0.0000,0.0000,0.0000,265.5997,0.0000,0.1750,-0.0752,0.3294,0.3935,19.4489,43.8974,0.0000,0.0000,1,0,0,0,0,2.4387
24.1405,135.7881,0.0864,92.2572,0.0000,0.0001,0.0000,0.0000,0.0000,265.5997,0.0000,0.1828,-0.0107,0.3548,0.4264,22.3380,48.5452,0.0000,0.0000,1,0,0,0,0,2.6970
24.1997,135.7881,0.0864,92.2573,0.0002,0.0007,0.0000,0.0002,0.0025,265.6191,0.3275,0.1886,0.0851,0.3451,0.4537,24.5667,37.6694,0.1437,0.0000,1,0,0,0,0,2.1109
24.2649,135.7881,0.0864,92.2572,0.0000,0.0001,0.0000,0.0000,-0.0023,265.6513,0.4949,0.1945,-0.2297,0.3372,0.4730,25.9636,21.4341,0.0609,0.0000,1,0,0,0,0,1.2183
24.3289,135.7881,0.0864,92.2572,0.0006,0.0023,-0.0002,0.0006,0.0094,265.7162,1.0132,0.1965,0.2219,0.3216,0.4813,27.5953,25.4680,0.3933,0.0000,1,0,0,0,0,1.4712
24.3848,135.7880,0.0864,92.2571,0.0018,0.0065,0.0005,0.0017,0.0209,265.8979,3.2540,0.1965,0.2845,0.3216,0.4869,28.3966,14.3505,0.7031,0.0000,1,0,0,0,0,0.9780
24.4433,135.7851,0.0864,92.2567,0.1416,0.5099,0.1416,0.0021,2.3890,266.2076,5.2913,0.1965,0.2923,0.3216,0.4896,28.8871,8.3806,0.8741,0.0000,1,0,0,0,0,0.7596
24.4978,135.7726,0.0864,92.2557,0.3721,1.3397,0.3721,0.0037,4.2284,266.5120,5.5828,0.1965,0.2923,0.3196,0.4905,29.1451,4.7318,0.9384,0.0000,1,0,0,0,0,0.5730
24.5559,135.7442,0.0864,92.2537,0.6501,2.3405,0.6501,0.0059,4.7813,266.8472,5.7650,0.1965,0.2923,0.3196,0.4909,29.2980,2.6294,0.9699,0.0000,1,0,0,0,0,0.6025
24.6096,135.7025,0.0864,92.2510,0.9513,3.4247,0.9513,0.0087,5.6112,267.2084,6.7301,0.1965,0.2923,0.3196,0.4910,29.3781,1.4928,0.9852,0.0000,1,0,0,0,0,0.5934
24.6706,135.6356,0.0864,92.2473,1.2638,4.5497,1.2638,0.0120,5.1223,267.5935,6.3118,0.1965,0.2923,0.3196,0.4911,29.4225,0.7279,0.9928,0.0000,1,0,0,0,0,0.5330
24.7316,135.5479,0.0864,92.2430,1.6458,5.9249,1.6457,0.0166,6.2684,268.0852,8.0689,0.1965,0.2864,0.3196,0.4911,29.4468,0.3994,0.9969,0.0000,1,0,0,0,0,0.6219
24.7921,135.4394,0.0864,92.2386,1.9670,7.0810,1.9668,0.0210,5.3073,268.5190,7.1696,0.1965,0.2884,0.3196,0.4911,29.4583,0.1892,0.9985,0.0000,1,0,0,0,0,0.5692
24.8465,135.3238,0.0864,92.2347,2.2892,8.2410,2.2890,0.0260,5.9232,268.9745,8.3731,0.1965,0.2884,0.3196,0.4911,29.4640,0.1058,0.9993,0.0000,1,0,0,0,0,0.6412
24.9076,135.1735,0.0864,92.2308,2.6119,9.4029,2.6117,0.0314,5.2824,269.4521,7.8167,0.1984,0.2884,0.3196,0.4925,29.4759,0.1935,0.9996,0.0000,1,0,0,0,0,0.6253
24.9614,135.0231,0.0864,92.2282,2.9349,10.5656,2.9347,0.0374,6.0065,269.9536,9.3269,0.1984,0.2884,0.3196,0.4945,29.5444,1.2749,0.9998,0.0000,1,0,0,0,0,0.7802
25.0180,134.8467,0.0864,92.2266,3.2580,11.7287,3.2577,0.0439,5.7063,270.4781,9.2632,0.1984,0.2884,0.3196,0.4954,29.6314,1.5371,0.9999,0.0000,1,0,0,0,0,0.8023
25.0696,134.6694,0.0864,92.2264,3.5810,12.8917,3.5807,0.0511,6.2562,271.0267,10.6245,0.2004,0.2884,0.3196,0.4985,29.7253,1.8172,1.0000,0.0000,1,0,0,0,0,0.9052
25.1303,134.4413,0.0864,92.2283,3.9042,14.0550,3.9037,0.0587,5.3245,271.5994,9.4365,0.2004,0.2884,0.3196,0.4999,29.8473,2.0109,1.0000,0.0000,1,0,0,0,0,0.8615
25.1803,134.2452,0.0862,92.2329,3.8298,13.7871,3.8297,0.0167,-1.4864,272.0491,8.9856,0.2023,0.2884,0.3196,0.5029,29.9586,2.2223,1.0000,0.0000,1,0,0,0,0,0.6880
25.2382,134.0174,0.0864,92.2411,4.0902,14.7247,4.0901,0.0314,4.5021,272.6147,9.7753,0.2023,0.2884,0.3196,0.5045,30.1021,2.4809,1.0000,0.0000,1,0,0,0,0,0.7962
25.2968,133.7672,0.0864,92.2517,4.4136,15.8888,4.4133,0.0471,5.5178,273.2290,10.4835,0.2043,0.2884,0.3196,0.5067,30.1809,1.3450,1.0000,0.0000,1,0,0,0,0,0.8173
25.3510,133.5179,0.0864,92.2644,4.7367,17.0521,4.7363,0.0641,5.9590,273.8690,11.8027,0.2043,0.2884,0.3196,0.5090,30.3546,3.2033,1.0000,0.0000,1,0,0,0,0,1.0366
25.4048,133.2540,0.0864,92.2799,5.0597,18.2149,5.0590,0.0823,6.0102,274.5331,12.3573,0.2043,0.2884,0.3196,0.5099,30.4563,1.8933,1.0000,0.0000,1,0,0,0,0,1.0357
25.4587,132.9728,0.0864,92.2990,5.3826,19.3773,5.3817,0.0970,5.9916,275.2229,12.7998,0.2062,0.2884,0.3196,0.5131,30.5877,2.4373,1.0000,0.0000,1,0,0,0,0,1.1169
25.5093,132.6933,0.0864,92.3209,5.7052,20.5388,5.7041,0.1102,6.3685,275.9378,14.1109,0.2062,0.2884,0.3196,0.5145,30.7061,2.3367,1.0000,0.0000,1,0,0,0,0,1.2036
25.5687,132.3471,0.0864,92.3520,6.0278,21.6999,6.0265,0.1230,5.4327,276.6793,12.4892,0.2102,0.2884,0.3196,0.5187,30.8384,2.2293,1.0000,0.0000,1,0,0,0,0,1.1238
25.6300,131.9691,0.0864,92.3910,6.4146,23.0925,6.4131,0.1391,6.3143,277.6098,15.1890,0.2121,0.2884,0.3196,0.5258,31.1095,4.4245,1.0000,0.0000,1,0,0,0,0,1.4148
25.6858,131.6062,0.0864,92.4335,6.7368,24.2523,6.7351,0.1475,5.7707,278.4267,14.6318,0.2160,0.2884,0.3196,0.5325,31.4209,5.5783,1.0000,0.0000,1,0,0,0,0,1.4511
25.7375,131.2547,0.0864,92.4798,6.9945,25.1800,6.9927,0.1547,4.9857,279.1069,13.1600,0.2180,0.2884,0.3196,0.5370,31.7412,6.1974,1.0000,0.0000,1,0,0,0,0,1.4071
25.8122,130.7210,0.0864,92.5587,7.4452,26.8026,7.4430,0.1813,6.0343,280.3474,16.6075,0.2180,0.2884,0.3196,0.5425,32.0754,4.4741,1.0000,0.0000,1,0,0,0,0,1.5365
25.8663,130.3154,0.0864,92.6253,7.7668,27.9604,7.7642,0.2007,5.9437,281.2668,16.9926,0.2180,0.2884,0.3196,0.5439,32.3732,5.5040,1.0000,0.0000,1,0,0,0,0,1.6374
25.9197,129.8999,0.0864,92.6999,8.0881,29.1170,8.0853,0.2120,6.0187,282.2062,17.5985,0.2180,0.2884,0.3196,0.5445,32.5210,2.7689,1.0000,0.0000,1,0,0,0,0,1.5247
25.9748,129.4550,0.0864,92.7873,8.4094,30.2737,8.4064,0.2219,5.8254,283.1635,17.3551,0.2180,0.2864,0.3196,0.5447,32.5958,1.3562,1.0000,0.0000,1,0,0,0,0,1.4354
26.0281,129.0103,0.0864,92.8822,8.6663,31.1985,8.6631,0.2321,4.8227,283.9465,14.7012,0.2180,0.2728,0.3196,0.5448,32.6437,0.8980,1.0000,0.0000,1,0,0,0,0,1.2684
26.0852,128.5176,0.0864,92.9958,9.0490,32.5765,9.0456,0.2492,6.7041,285.1434,20.9622,0.2102,0.1945,0.3196,0.5378,32.6378,0.1035,0.9932,0.0000,1,0,0,0,0,1.5834
26.1369,128.0583,0.0864,93.1095,9.2245,33.2081,9.2208,0.2602,3.3891,285.9099,14.8062,0.1965,0.1144,0.3196,0.5190,32.2976,6.5709,0.8478,0.0000,1,0,0,0,0,1.6108
26.1877,127.6046,0.0864,93.2287,9.2022,33.1280,9.1986,0.2566,-0.4383,286.7578,16.7014,0.1808,0.0401,0.3196,0.4883,31.3512,18.6396,0.5790,0.0000,1,0,0,0,0,2.3817
26.2379,127.1645,0.0864,93.3505,8.9512,32.2245,8.9481,0.2378,-4.9961,287.3228,11.2456,0.1652,-0.0068,0.3196,0.4575,30.0635,25.6352,0.3429,0.0000,1,0,0,0,0,2.4475
26.2949,126.6911,0.0864,93.4880,8.4157,30.2966,8.4133,0.2030,-9.4103,287.8951,10.0568,0.1476,-0.0518,0.3196,0.4157,27.9382,37.3447,0.1678,0.0000,1,0,0,0,0,2.9952
26.3535,126.2413,0.0864,93.6245,7.6097,27.3949,7.6081,0.1571,-13.7445,288.4223,8.9903,0.1202,-0.0791,0.3196,0.3565,25.4157,43.0133,0.0712,0.0000,1,0,0,0,0,3.1988
26.4097,125.8506,0.0864,93.7474,6.8747,24.7490,6.8737,0.1208,-13.0733,288.7460,5.7573,0.0968,-0.0889,0.3196,0.2992,22.6490,49.2131,0.0348,0.0000,1,0,0,0,0,3.3174
26.4675,125.4921,0.0864,93.8633,6.1133,22.0078,6.1126,0.0890,-13.1668,288.9789,4.0274,0.0694,-0.0909,0.3196,0.2392,19.3682,56.7308,0.0170,0.0000,1,0,0,0,0,3.5938
26.5313,125.1486,0.0864,93.9770,5.1831,18.6591,5.1827,0.0587,-14.5915,289.1611,2.8579,0.0499,-0.0909,0.3196,0.1745,15.7100,57.3855,0.0072,0.0000,1,0,0,0,0,3.5166
26.5875,124.8913,0.0864,94.0636,4.4017,15.8462,4.4016,0.0399,-13.9109,289.2497,1.5773,0.0244,-0.0909,0.3196,0.1197,12.1465,63.4429,0.0035,0.0000,1,0,0,0,0,3.7482
26.6409,124.6856,0.0864,94.1335,3.6177,13.0238,3.6176,0.0261,-14.6627,289.2897,0.7488,0.0068,-0.0909,0.3196,0.0559,8.8235,62.1465,0.0017,0.0000,1,0,0,0,0,3.6026
26.6996,124.5044,0.0864,94.1955,2.8324,10.1966,2.8323,0.0171,-13.3882,289.3002,0.1790,-0.0127,-0.0909,0.3196,0.0240,5.4349,57.7682,0.0008,0.0000,1,0,0,0,0,3.3097
26.7531,124.3791,0.0864,94.2385,2.0465,7.3674,2.0465,0.0115,-14.6812,289.2969,-0.0610,-0.0264,-0.0909,0.3196,-0.0148,3.3230,39.4536,0.0004,0.0000,1,0,0,0,0,2.2799
26.8146,124.2826,0.0864,94.2716,1.2602,4.5367,1.2602,0.0080,-12.7857,289.2820,-0.2436,-0.0420,-0.0909,0.3196,-0.0604,0.3121,48.9581,0.0002,0.0000,1,0,0,0,0,2.8285
26.8670,124.2403,0.0864,94.2859,0.4738,1.7057,0.4738,0.0050,-15.0140,289.2665,-0.2954,-0.0518,-0.0791,0.3196,-0.0946,-2.3629,51.0724,0.0001,0.0000,1,0,0,0,0,2.8538
26.9186,124.2325,0.0864,94.2884,0.0000,0.0001,0.0000,0.0000,-9.1859,289.2593,-0.1396,-0.0616,-0.0713,0.3196,-0.1238,-4.3521,38.5677,0.0000,0.0000,1,0,0,0,0,2.1504
26.9711,124.2325,0.0864,94.2884,0.0000,0.0001,0.0000,0.0000,0.0000,289.2595,0.0046,-0.0714,-0.0713,0.3196,-0.1476,-6.0677,32.6332,0.0000,0.0000,1,0,0,0,0,1.8132
27.0224,124.2325,0.0864,94.2884,0.0000,0.0001,0.0000,0.0000,0.0000,289.2598,0.0060,-0.0792,-0.0635,0.3196,-0.1725,-7.8041,33.9109,0.0000,0.0000,1,0,0,0,0,1.8843
27.0855,124.2325,0.0864,94.2884,0.0000,0.0001,0.0000,0.0000,0.0000,289.2602,0.0058,-0.0870,-0.0459,0.3196,-0.1980,-9.5188,27.1523,0.0000,0.0000,1,0,0,0,0,1.5088
27.1467,124.2325,0.0864,94.2884,0.0000,0.0001,0.0000,0.0000,0.0000,289.2605,0.0045,-0.0909,-0.0264,0.3196,-0.2133,-11.0444,24.9378,0.0000,0.0000,1,0,0,0,0,1.3857
27.1970,124.2325,0.0864,94.2884,0.0000,0.0001,0.0000,0.0000,0.0000,289.2607,0.0049,-0.0968,-0.0127,0.3196,-0.2268,-12.0479,19.9410,0.0000,0.0000,1,0,0,0,0,1.1081
27.2544,124.2325,0.0864,94.2884,0.0000,0.0001,0.0000,0.0000,0.0000,289.2607,0.0000,-0.0987,-0.0088,0.3196,-0.2378,-13.0419,17.3136,0.0000,0.0000,1,0,0,0,0,0.9619
27.3056,124.2325,0.0864,94.2884,0.0000,0.0001,0.0000,0.0000,0.0000,289.2607,0.0000,-0.1007,-0.0068,0.3196,-0.2442,-13.7384,13.5967,0.0000,0.0000,1,0,0,0,0,0.7554
27.3629,124.2325,0.0864,94.2884,0.0000,0.0001,0.0000,0.0000,0.0000,289.2607,0.0000,-0.1026,-0.0049,0.3196,-0.2509,-14.1494,7.1719,0.0000,0.0000,1,0,0,0,0,0.3984
27.4197,124.2325,0.0864,94.2884,0.0000,0.0001,0.0000,0.0000,0.0004,289.2607,-0.0005,-0.1026,0.0049,0.3196,-0.2542,-14.7465,10.5204,0.0038,0.0000,1,0,0,0,0,0.5845
27.4761,124.2325,0.0864,94.2884,0.0002,0.0006,0.0000,0.0002,0.0024,289.2587,-0.0352,-0.1026,0.0088,0.3196,-0.2556,-15.0426,5.2499,0.0243,0.0000,1,0,0,0,0,0.2936
27.5308,124.2325,0.0864,94.2885,0.0003,0.0010,-0.0001,0.0003,0.0018,289.2546,-0.0741,-0.1026,0.0127,0.3196,-0.2562,-15.1873,2.6438,0.0392,0.0000,1,0,0,0,0,0.1510
27.5905,124.2325,0.0864,94.2885,0.0001,0.0003,0.0000,0.0001,-0.0034,289.2443,-0.1740,-0.1046,0.0303,0.3196,-0.2584,-15.3048,1.9704,0.0831,0.0000,1,0,0,0,0,0.1191
27.6527,124.2325,0.0864,94.2885,0.0002,0.0007,0.0000,0.0002,0.0020,289.2183,-0.4171,-0.1046,0.0440,0.3196,-0.2604,-15.4445,2.2451,0.1513,0.0000,1,0,0,0,0,0.1479
27.7163,124.2325,0.0864,94.2884,0.0002,0.0009,-0.0001,0.0002,0.0008,289.1856,-0.5144,-0.1066,0.0616,0.3196,-0.2638,-15.5906,2.2960,0.1786,0.0000,1,0,0,0,0,0.1561
27.7725,124.2325,0.0864,94.2884,0.0001,0.0002,0.0000,0.0001,-0.0033,289.1616,-0.4276,-0.1085,0.0851,0.3196,-0.2678,-15.7775,3.3272,0.0758,0.0000,1,0,0,0,0,0.2086
27.8319,124.2325,0.0864,94.2884,0.0003,0.0009,-0.0001,0.0003,0.0034,289.1533,-0.1399,-0.1085,0.1066,0.3196,-0.2698,-15.9593,3.0633,0.0371,0.0000,1,0,0,0,0,0.1780
27.8913,124.2325,0.0864,94.2885,0.0001,0.0005,0.0000,0.0001,-0.0021,289.1501,-0.0529,-0.1085,0.1242,0.3196,-0.2706,-16.1048,2.4485,0.0181,0.0000,1,0,0,0,0,0.1390
27.9437,124.2325,0.0864,94.2885,0.0001,0.0003,0.0000,0.0001,-0.0012,289.1487,-0.0274,-0.1085,0.1242,0.3196,-0.2710,-16.1722,1.2849,0.0089,0.0000,1,0,0,0,0,0.0729
28.0045,124.2325,0.0864,94.2885,0.0000,0.0002,0.0000,0.0000,-0.0005,289.1480,-0.0105,-0.1085,0.1281,0.3196,-0.2712,-16.2217,0.8145,0.0043,0.0000,1,0,0,0,0,0.0458
28.0599,124.2325,0.0864,94.2885,0.0000,0.0001,0.0000,0.0000,-0.0002,289.1479,-0.0017,-0.1085,0.1281,0.3196,-0.2712,-16.2487,0.4868,0.0021,0.0000,1,0,0,0,0,0.0271
28.1170,124.2325,0.0864,94.2885,0.0000,0.0001,0.0000,0.0000,-0.0001,289.1480,0.0011,-0.1085,0.1281,0.3196,-0.2712,-16.2614,0.2222,0.0009,0.0000,1,0,0,0,0,0.0124
28.1694,124.2325,0.0864,94.2885,0.0000,0.0001,0.0000,0.0000,0.0000,289.1480,0.0000,-0.1085,0.1281,0.3196,-0.2713,-16.2682,0.1317,0.0005,0.0000,1,0,0,0,0,0.0073
28.2222,124.2325,0.0864,94.2885,0.0000,0.0001,0.0000,0.0000,0.0000,289.1483,0.0046,-0.1085,0.1281,0.3196,-0.2713,-16.2720,0.0710,0.0002,0.0000,1,0,0,0,0,0.0042
28.2746,124.2325,0.0864,94.2885,0.0002,0.0007,0.0000,0.0002,0.0033,289.1369,-0.2169,-0.1085,0.1281,0.3196,-0.2713,-16.2739,0.0364,0.1490,0.0000,1,0,0,0,0,0.0141
28.3299,124.2325,0.0864,94.2884,0.0005,0.0016,-0.0001,0.0004,0.0047,289.0923,-0.8072,-0.1085,0.1281,0.3196,-0.2713,-16.2750,0.0189,0.2909,0.0000,1,0,0,0,0,0.0459
28.3984,124.2325,0.0864,94.2883,0.0006,0.0021,-0.0001,0.0006,0.0020,289.0167,-1.1024,-0.1085,0.1261,0.3196,-0.2713,-16.2755,0.0075,0.3676,0.0000,1,0,0,0,0,0.0617
28.4596,124.2325,0.0864,94.2883,0.0006,0.0020,-0.0001,0.0005,-0.0006,288.9497,-1.0941,-0.1085,0.0831,0.3196,-0.2713,-16.2758,0.0057,0.3483,0.0000,1,0,0,0,0,0.0611
28.5215,124.2325,0.0864,94.2882,0.0003,0.0012,-0.0001,0.0003,-0.0038,288.8876,-1.0045,-0.1085,0.0069,0.3196,-0.2713,-16.2759,0.0019,0.2190,0.0000,1,0,0,0,0,0.0559
28.5731,124.2325,0.0864,94.2882,0.0001,0.0004,0.0000,0.0001,-0.0040,288.8608,-0.5180,-0.1085,-0.0655,0.3196,-0.2713,-16.2760,0.0009,0.1071,0.0000,1,0,0,0,0,0.0288
28.6337,124.2325,0.0864,94.2882,0.0000,0.0001,0.0000,0.0000,-0.0017,288.8479,-0.2131,-0.1085,-0.1007,0.3196,-0.2713,-16.2760,0.0004,0.0524,0.0000,1,0,0,0,0,0.0119
28.6840,124.2325,0.0864,94.2882,0.0002,0.0007,0.0000,0.0002,0.0033,288.8428,-0.1019,-0.1085,-0.1007,0.3196,-0.2713,-16.2760,0.0002,0.0257,0.0000,1,0,0,0,0,0.0057
28.7435,124.2325,0.0864,94.2882,0.0001,0.0004,0.0000,0.0001,-0.0015,288.8406,-0.0374,-0.1085,-0.1007,0.3196,-0.2713,-16.2760,0.0001,0.0126,0.0000,1,0,0,0,0,0.0021
28.8029,124.2325,0.0864,94.2882,0.0001,0.0002,0.0000,0.0001,-0.0007,288.8397,-0.0149,-0.1085,-0.1007,0.3196,-0.2713,-16.2760,0.0000,0.0061,0.0000,1,0,0,0,0,0.0008
28.8538,124.2325,0.0864,94.2882,0.0000,0.0001,0.0000,0.0000,-0.0004,288.8394,-0.0060,-0.1085,-0.1007,0.3196,-0.2713,-16.2760,0.0000,0.0030,0.0000,1,0,0,0,0,0.0003
28.9118,124.2325,0.0864,94.2882,0.0000,0.0001,0.0000,0.0000,-0.0002,288.8394,0.0005,-0.1085,-0.0811,0.3196,-0.2713,-16.2760,0.0000,0.0015,0.0000,1,0,0,0,0,0.0000
28.9709,124.2325,0.0864,94.2882,0.0000,0.0001,0.0000,0.0000,-0.0001,288.8395,0.0021,-0.1085,-0.0244,0.3196,-0.2713,-16.2760,0.0000,0.0007,0.0000,1,0,0,0,0,0.0001
29.0288,124.2325,0.0864,94.2882,0.0001,0.0003,0.0000,0.0001,0.0009,288.8393,-0.0042,-0.1085,0.0108,0.3196,-0.2713,-16.2760,0.0000,0.0087,0.0000,1,0,0,0,0,0.0002
29.0872,124.2325,0.0864,94.2882,0.0003,0.0011,-0.0001,0.0003,0.0040,288.8358,-0.0606,-0.1085,0.0323,0.3196,-0.2713,-16.2760,0.0000,0.0436,0.0000,1,0,0,0,0,0.0034
29.1508,124.2325,0.0864,94.2883,0.0002,0.0006,0.0000,0.0002,-0.0024,288.8158,-0.3137,-0.1085,0.0675,0.3196,-0.2713,-16.2760,0.0000,0.1288,0.0000,1,0,0,0,0,0.0174
29.2061,124.2325,0.0864,94.2882,0.0003,0.0012,-0.0001,0.0003,0.0030,288.7823,-0.6062,-0.1085,0.1026,0.3196,-0.2713,-16.2760,0.0000,0.2194,0.0000,1,0,0,0,0,0.0337
29.2588,124.2325,0.0864,94.2882,0.0005,0.0017,-0.0001,0.0004,0.0027,288.7427,-0.7513,-0.1085,0.1281,0.3196,-0.2713,-16.2760,0.0000,0.2978,0.0000,1,0,0,0,0,0.0417
29.3207,124.2325,0.0864,94.2881,0.0006,0.0023,-0.0002,0.0006,0.0030,288.6631,-1.2844,-0.1085,0.1496,0.3196,-0.2713,-16.2760,0.0000,0.4001,0.0000,1,0,0,0,0,0.0714
29.3814,124.2325,0.0864,94.2880,0.0008,0.0028,-0.0002,0.0008,0.0021,288.5814,-1.3474,-0.1085,0.1672,0.3196,-0.2713,-16.2760,0.0000,0.4693,0.0000,1,0,0,0,0,0.0749
29.4379,124.2325,0.0864,94.2879,0.0011,0.0040,0.0001,0.0011,0.0058,288.4651,-2.0568,-0.1085,0.1848,0.3196,-0.2713,-16.2760,0.0000,0.5434,0.0000,1,0,0,0,0,0.1143
29.4992,124.2324,0.0864,94.2878,0.0014,0.0049,0.0002,0.0013,0.0041,288.3541,-1.8110,-0.1085,0.2023,0.3196,-0.2713,-16.2760,0.0000,0.6024,0.0000,1,0,0,0,0,0.1006
29.5535,124.2323,0.0864,94.2876,0.0016,0.0056,0.0004,0.0015,0.0038,288.2322,-2.2451,-0.1085,0.2102,0.3196,-0.2713,-16.2760,0.0000,0.6493,0.0000,1,0,0,0,0,0.1247
29.6062,124.2321,0.0864,94.2875,0.0017,0.0061,0.0004,0.0016,0.0024,288.1027,-2.4604,-0.1085,0.2141,0.3196,-0.2713,-16.2760,0.0000,0.6780,0.0000,1,0,0,0,0,0.1367
29.6645,124.2320,0.0864,94.2873,0.0018,0.0065,0.0005,0.0017,0.0019,287.9677,-2.3152,-0.1085,0.2180,0.3196,-0.2713,-16.2760,0.0000,0.7023,0.0000,1,0,0,0,0,0.1286
29.7145,124.2318,0.0864,94.2872,0.0026,0.0093,0.0020,0.0016,0.0156,287.8573,-2.2046,-0.1066,0.2180,0.3196,-0.2699,-16.2622,0.2770,0.7129,0.0000,1,0,0,0,0,0.1379
29.7684,124.2314,0.0864,94.2872,0.0119,0.0430,0.0119,0.0014,0.1738,287.7239,-2.4748,-0.1007,0.2180,0.3196,-0.2613,-16.0755,3.4639,0.7199,0.0000,1,0,0,0,0,0.3299
29.8264,124.2302,0.0864,94.2873,0.0302,0.1087,0.0302,0.0014,0.3147,287.5718,-2.6228,-0.0929,0.2180,0.3196,-0.2470,-15.6691,7.0100,0.7238,0.0000,1,0,0,0,0,0.5352
29.8844,124.2281,0.0864,94.2878,0.0482,0.1735,0.0482,0.0015,0.3106,287.4522,-2.0642,-0.0851,0.2180,0.3196,-0.2317,-15.0188,11.2212,0.7252,0.0000,1,0,0,0,0,0.7381
29.9424,124.2249,0.0864,94.2887,0.0671,0.2417,0.0671,0.0016,0.3265,287.3405,-1.9231,-0.0772,0.2180,0.3196,-0.2123,-14.4097,10.4892,0.7260,0.0000,1,0,0,0,0,0.6896
29.9956,124.2209,0.0864,94.2897,0.0890,0.3203,0.0890,0.0017,0.4101,287.2381,-1.9254,-0.0675,0.2258,0.3196,-0.1912,-13.1672,23.3514,0.7327,0.0000,1,0,0,0,0,1.4043
30.0503,124.2152,0.0864,94.2913,0.1412,0.5084,0.1412,0.0019,0.9556,287.1412,-1.7718,-0.0596,0.2512,0.3196,-0.1718,-12.0528,20.3778,0.7744,0.0000,1,0,0,0,0,1.2305
30.1112,124.2042,0.0864,94.2945,0.2432,0.8754,0.2432,0.0023,1.6758,287.0486,-1.5222,-0.0518,0.2473,0.3196,-0.1515,-10.8472,19.8203,0.8128,0.0000,1,0,0,0,0,1.1857
30.1634,124.1885,0.0864,94.2991,0.3894,1.4020,0.3894,0.0028,2.8001,286.9600,-1.6964,-0.0459,0.2884,0.3196,-0.1345,-9.7124,21.7231,0.8656,0.0000,1,0,0,0,0,1.3011
30.2151,124.1649,0.0864,94.3060,0.5466,1.9679,0.5466,0.0032,3.0413,286.8768,-1.6091,-0.0420,0.1359,0.3196,-0.1201,-8.6854,19.8712,0.7596,0.0000,1,0,0,0,0,1.2820
30.2759,124.1312,0.0864,94.3159,0.6330,2.2786,0.6329,0.0035,1.4198,286.8047,-1.1855,-0.0381,0.3021,0.3196,-0.1084,-7.7791,14.9056,0.8338,0.0000,1,0,0,0,0,0.9768
30.3375,124.0874,0.0864,94.3288,0.8828,3.1780,0.8828,0.0038,4.0561,286.7158,-1.4443,-0.0342,0.3314,0.3196,-0.0953,-6.9077,14.1466,0.9295,0.0000,1,0,0,0,0,0.9311
30.3909,124.0367,0.0864,94.3437,1.0972,3.9500,1.0972,0.0040,4.0121,286.6563,-1.1141,-0.0342,0.3607,0.3196,-0.0905,-6.2271,12.7358,0.9602,0.0000,1,0,0,0,0,0.8240
30.4558,123.9563,0.0864,94.3673,1.4523,5.2284,1.4523,0.0041,5.4761,286.5663,-1.3873,-0.0323,0.3725,0.3196,-0.0843,-5.7683,7.0738,0.9831,0.0000,1,0,0,0,0,0.5128
30.5147,123.8640,0.0864,94.3943,1.8263,6.5748,1.8263,0.0041,6.3493,286.4741,-1.5657,-0.0323,0.3725,0.3196,-0.0820,-5.2668,8.5145,0.9928,0.0000,1,0,0,0,0,0.5935
30.5700,123.7600,0.0864,94.4247,2.1445,7.7201,2.1445,0.0038,5.7472,286.3942,-1.4428,-0.0323,0.3725,0.3196,-0.0812,-5.0796,3.3821,0.9965,0.0000,1,0,0,0,0,0.2947
30.6202,123.6511,0.0864,94.4564,2.4010,8.6436,2.4010,0.0035,5.1166,286.3280,-1.3202,-0.0323,0.3725,0.3196,-0.0810,-4.9765,2.0566,0.9980,0.0000,1,0,0,0,0,0.2093
30.6753,123.5153,0.0864,94.4958,2.7231,9.8032,2.7231,0.0029,5.8457,286.2422,-1.5564,-0.0323,0.3725,0.3196,-0.0808,-4.9175,1.0702,0.9990,0.0000,1,0,0,0,0,0.1620
30.7348,123.3495,0.0864,94.5437,3.0458,10.9649,3.0458,0.0022,5.4179,286.1530,-1.4987,-0.0323,0.3725,0.3196,-0.0807,-4.8779,0.6643,0.9995,0.0000,1,0,0,0,0,0.1311
30.7849,123.1946,0.0864,94.5883,3.3688,12.1279,3.3688,0.0014,6.4495,286.0602,-1.8516,-0.0323,0.3725,0.3196,-0.0807,-4.8621,0.3159,0.9998,0.0000,1,0,0,0,0,0.1268
30.8358,123.0230,0.0864,94.6374,3.6275,13.0591,3.6275,0.0006,5.0874,285.9835,-1.5095,-0.0323,0.3725,0.3196,-0.0807,-4.8521,0.1974,0.9999,0.0000,1,0,0,0,0,0.0975
30.8858,122.8398,0.0864,94.6896,3.9509,14.2232,3.9509,0.0004,6.4637,285.8845,-1.9794,-0.0323,0.3744,0.3196,-0.0807,-4.8471,0.1006,0.9999,0.0000,1,0,0,0,0,0.1169
30.9362,122.6411,0.0864,94.7460,4.2744,15.3877,4.2744,0.0015,6.4132,285.7820,-2.0324,-0.0323,0.3744,0.3196,-0.0807,-4.8444,0.0532,1.0000,0.0000,1,0,0,0,0,0.1210
30.9889,122.4182,0.0864,94.8089,4.5330,16.3189,4.5330,0.0065,4.9146,285.7015,-1.5284,-0.0323,0.3744,0.3196,-0.0807,-4.8427,0.0324,1.0000,0.0000,1,0,0,0,0,0.1084
31.0404,122.1851,0.0864,94.8745,4.8564,17.4832,4.8564,0.0052,6.2802,285.6035,-1.9022,-0.0323,0.3744,0.3196,-0.0807,-4.8418,0.0159,1.0000,0.0000,1,0,0,0,0,0.1226
31.0948,121.9224,0.0864,94.9478,5.1799,18.6476,5.1799,0.0052,5.9413,285.5019,-1.8678,-0.0323,0.3744,0.3196,-0.0807,-4.8414,0.0085,1.0000,0.0000,1,0,0,0,0,0.1193
31.1473,121.6530,0.0864,95.0225,5.5034,19.8121,5.5034,0.0060,6.1575,285.3968,-2.0001,-0.0323,0.3744,0.3196,-0.0807,-4.8411,0.0043,1.0000,0.0000,1,0,0,0,0,0.1276
31.2069,121.3287,0.0864,95.1119,5.8268,20.9765,5.8268,0.0071,5.4318,285.2881,-1.8250,-0.0323,0.3744,0.3196,-0.0807,-4.8410,0.0020,1.0000,0.0000,1,0,0,0,0,0.1198
31.2574,121.0379,0.0864,95.1914,6.0855,21.9079,6.0855,0.0081,5.1223,285.1988,-1.7690,-0.0323,0.3744,0.3196,-0.0807,-4.8410,0.0010,1.0000,0.0000,1,0,0,0,0,0.1184
31.3081,120.7315,0.0864,95.2749,6.4089,23.0721,6.4089,0.0136,6.3810,285.0804,-2.3364,-0.0342,0.3744,0.3196,-0.0821,-4.8457,0.0923,1.0000,0.0000,1,0,0,0,0,0.1668
31.3598,120.4041,0.0864,95.3634,6.7325,24.2368,6.7324,0.0142,6.2588,284.9554,-2.4164,-0.0342,0.3744,0.3196,-0.0841,-4.9152,1.3461,1.0000,0.0000,1,0,0,0,0,0.2407
31.4111,120.0635,0.0864,95.4547,6.9912,25.1684,6.9912,0.0151,5.0372,284.8525,-2.0042,-0.0362,0.3744,0.3196,-0.0862,-5.0014,1.6779,1.0000,0.0000,1,0,0,0,0,0.2370
31.4870,119.5331,0.0864,95.5956,7.4441,26.7987,7.4441,0.0181,5.9694,284.6597,-2.5416,-0.0362,0.3744,0.3196,-0.0891,-5.1400,1.8268,1.0000,0.0000,1,0,0,0,0,0.2792
31.5481,119.0818,0.0864,95.7141,7.8322,28.1959,7.8322,0.0240,6.3483,284.4773,-2.9836,-0.0420,0.3627,0.3196,-0.0958,-5.3559,3.5306,1.0000,0.0000,1,0,0,0,0,0.4079
31.6066,118.6304,0.0864,95.8315,8.1556,29.3600,8.1555,0.0285,5.5345,284.2993,-3.0450,-0.0440,0.3392,0.3196,-0.1025,-5.6696,5.3693,1.0000,0.0000,1,0,0,0,0,0.5198
31.6701,118.1178,0.0864,95.9630,8.5436,30.7571,8.5436,0.0350,6.1130,284.0626,-3.7289,-0.0479,0.3021,0.3196,-0.1120,-6.0463,5.9343,1.0000,0.0000,1,0,0,0,0,0.5982
31.7273,117.6368,0.0864,96.0848,8.8155,31.7357,8.8154,0.0413,4.7517,283.8436,-3.8294,-0.0557,0.2258,0.3196,-0.1243,-6.5620,9.0149,0.9078,0.0000,1,0,0,0,0,0.7839
31.7815,117.1694,0.0864,96.2015,8.9306,32.1501,8.9305,0.0473,2.1229,283.6085,-4.3344,-0.0596,0.1496,0.3196,-0.1376,-7.2173,12.0832,0.7407,0.0000,1,0,0,0,0,0.9916
31.8316,116.7360,0.0864,96.3081,8.8642,31.9112,8.8641,0.0503,-1.3248,283.4188,-3.7866,-0.0655,0.0733,0.3196,-0.1474,-7.8281,12.1929,0.5634,0.0000,1,0,0,0,0,0.9730
31.8823,116.3056,0.0864,96.4125,8.5515,30.7854,8.5513,0.0512,-6.1643,283.1849,-4.6116,-0.0714,0.0186,0.3196,-0.1622,-8.4651,12.5572,0.3389,0.0000,1,0,0,0,0,1.0437
31.9373,115.8606,0.0864,96.5187,8.0168,28.8603,8.0166,0.0487,-9.7299,282.9625,-4.0458,-0.0753,-0.0244,0.3196,-0.1752,-9.2452,14.1947,0.1671,0.0000,1,0,0,0,0,1.1045
32.0007,115.3863,0.0864,96.6298,7.3534,26.4722,7.3532,0.0441,-10.4605,282.7515,-3.3276,-0.0812,-0.0674,0.3196,-0.1892,-9.9619,11.3004,0.0818,0.0000,1,0,0,0,0,0.9026
32.0600,114.9877,0.0864,96.7215,6.4774,23.3188,6.4773,0.0366,-14.7788,282.5139,-4.0090,-0.0851,-0.0909,0.3196,-0.2018,-11.0793,18.8541,0.0347,0.0000,1,0,0,0,0,1.3550
32.1123,114.6734,0.0864,96.7926,5.7165,20.5793,5.7164,0.0296,-14.5397,282.3331,-3.4536,-0.0870,-0.0909,0.3196,-0.2099,-11.6597,11.0895,0.0170,0.0000,1,0,0,0,0,0.8856
32.1716,114.3619,0.0864,96.8618,4.9423,17.7924,4.9423,0.0223,-13.0446,282.1708,-2.7347,-0.0870,-0.0909,0.3196,-0.2143,-12.2242,9.5117,0.0083,0.0000,1,0,0,0,0,0.7481
32.2244,114.1251,0.0864,96.9136,4.1619,14.9827,4.1618,0.0152,-14.8058,282.0297,-2.6769,-0.0890,-0.0909,0.3196,-0.2175,-12.5881,6.9023,0.0041,0.0000,1,0,0,0,0,0.5871
32.2786,113.9214,0.0864,96.9574,3.5352,12.7268,3.5352,0.0101,-11.5582,281.9323,-1.7974,-0.0890,-0.0909,0.3196,-0.2200,-12.8548,4.9208,0.0023,0.0000,1,0,0,0,0,0.4160
32.3287,113.7693,0.0864,96.9897,2.7503,9.9012,2.7503,0.0044,-15.6515,281.8307,-2.0265,-0.0890,-0.0909,0.3196,-0.2214,-13.0396,3.6837,0.0011,0.0000,1,0,0,0,0,0.3411
32.3828,113.6440,0.0864,97.0159,1.9646,7.0726,1.9646,0.0001,-14.5347,281.7524,-1.4480,-0.0890,-0.0909,0.3196,-0.2220,-13.1724,2.4573,0.0005,0.0000,1,0,0,0,0,0.2178
32.4405,113.5548,0.0864,97.0342,1.1785,4.2425,1.1785,0.0030,-13.6208,281.6977,-0.9475,-0.0890,-0.0909,0.3196,-0.2222,-13.2543,1.4187,0.0003,0.0000,1,0,0,0,0,0.1702
32.5133,113.5082,0.0864,97.0435,0.0776,0.2793,0.0775,0.0021,-15.1239,281.6607,-0.5081,-0.0890,-0.0909,0.3196,-0.2224,-13.2973,0.5905,0.0001,0.0000,1,0,0,0,0,0.0610
32.5696,113.5074,0.0864,97.0436,0.0000,0.0001,0.0000,0.0000,-1.3760,281.6599,-0.0141,-0.0890,-0.0909,0.3196,-0.2224,-13.3250,0.4914,0.0000,0.0000,1,0,0,0,0,0.0281
32.6233,113.5074,0.0864,97.0436,0.0000,0.0001,0.0000,0.0000,0.0000,281.6601,0.0040,-0.0890,-0.0909,0.3196,-0.2224,-13.3353,0.1920,0.0000,0.0000,1,0,0,0,0,0.0109
32.6769,113.5074,0.0864,97.0436,0.0000,0.0001,0.0000,0.0000,0.0000,281.6601,0.0000,-0.0890,-0.0909,0.3196,-0.2224,-13.3405,0.0980,0.0000,0.0000,1,0,0,0,0,0.0054
32.7276,113.5074,0.0864,97.0436,0.0000,0.0001,0.0000,0.0000,0.0000,281.6601,0.0000,-0.0890,-0.0909,0.3196,-0.2224,-13.3433,0.0546,0.0000,0.0000,1,0,0,0,0,0.0030
32.7787,113.5074,0.0864,97.0436,0.0000,0.0001,0.0000,0.0000,0.0000,281.6601,0.0000,-0.0890,-0.0909,0.3196,-0.2224,-13.3447,0.0273,0.0000,0.0000,1,0,0,0,0,0.0015
32.8419,113.5074,0.0864,97.0436,0.0000,0.0001,0.0000,0.0000,0.0000,281.6601,0.0000,-0.0890,-0.0909,0.3196,-0.2224,-13.3455,0.0132,0.0000,0.0000,1,0,0,0,0,0.0007
32.9036,113.5074,0.0864,97.0436,0.0000,0.0001,0.0000,0.0000,0.0000,281.6601,0.0000,-0.0890,-0.0909,0.3196,-0.2224,-13.3459,0.0067,0.0000,0.0000,1,0,0,0,0,0.0004
32.9605,113.5074,0.0864,97.0436,0.0000,0.0001,0.0000,0.0000,0.0000,281.6601,0.0000,-0.0890,-0.0909,0.3196,-0.2224,-13.3461,0.0035,0.0000,0.0000,1,0,0,0,0,0.0002
33.0314,113.5074,0.0864,97.0436,0.0000,0.0001,0.0000,0.0000,0.0000,281.6601,0.0000,-0.0890,-0.0909,0.3196,-0.2224,-13.3462,0.0013,0.0000,0.0000,1,0,0,0,0,0.0001
33.0845,113.5074,0.0864,97.0436,0.0000,0.0001,0.0000,0.0000,0.0000,281.6601,0.0000,-0.0890,-0.0909,0.3196,-0.2224,-13.3463,0.0009,0.0000,0.0000,1,0,0,0,0,0.0001
33.1402,113.5074,0.0864,97.0436,0.0000,0.0001,0.0000,0.0000,0.0000,281.6601,0.0000,-0.0890,-0.0909,0.3196,-0.2224,-13.3463,0.0004,0.0000,0.0000,1,0,0,0,0,0.0000
33.1957,113.5074,0.0864,97.0436,0.0000,0.0001,0.0000,0.0000,0.0000,281.6601,0.0000,-0.0890,-0.0909,0.3196,-0.2224,-13.3463,0.0001,0.0000,0.0000,1,0,0,0,0,0.0000
33.2475,113.5074,0.0864,97.0436,0.0000,0.0001,0.0000,0.0000,0.0000,281.6601,0.0000,-0.0890,-0.0909,0.3196,-0.2224,-13.3463,0.0001,0.0000,0.0000,1,0,0,0,0,0.0000
33.3020,113.5074,0.0864,97.0436,0.0000,0.0001,0.0000,0.0000,0.0000,281.6601,0.0000,-0.0890,-0.0909,0.3196,-0.2224,-13.3463,0.0000,0.0000,0.0000,1,0,0,0,0,0.0000
33.3533,113.5074,0.0864,97.0436,0.0000,0.0001,0.0000,0.0000,0.0000,281.6601,0.0000,-0.0890,-0.0909,0.3196,-0.2224,-13.3463,0.0000,0.0000,0.0000,1,0,0,0,0,0.0000
33.4071,113.5074,0.0864,97.0436,0.0000,0.0001,0.0000,0.0000,0.0000,281.6601,0.0000,-0.0890,-0.0909,0.3196,-0.2224,-13.3463,0.0000,0.0000,0.0000,1,0,0,0,0,0.0000
33.4614,113.5074,0.0864,97.0436,0.0000,0.0001,0.0000,0.0000,0.0000,281.6601,0.0000,-0.0890,-0.0909,0.3196,-0.2224,-13.3463,0.0000,0.0000,0.0000,1,0,0,0,0,0.0000
33.5134,113.5074,0.0864,97.0436,0.0000,0.0001,0.0000,0.0000,0.0000,281.6601,0.0000,-0.0890,-0.0909,0.3196,-0.2224,-13.3463,0.0000,0.0000,0.0000,1,0,0,0,0,0.0000
33.5638,113.5074,0.0864,97.0436,0.0000,0.0001,0.0000,0.0000,0.0000,281.6601,0.0000,-0.0890,-0.0909,0.3196,-0.2224,-13.3463,0.0000,0.0000,0.0000,1,0,0,0,0,0.0000
33.6178,113.5074,0.0864,97.0436,0.0000,0.0001,0.0000,0.0000,0.0000,281.6601,0.0000,-0.0890,-0.0909,0.3196,-0.2224,-13.3463,0.0000,0.0000,0.0000,1,0,0,0,0,0.0000
33.6679,113.5074,0.0864,97.0436,0.0000,0.0001,0.0000,0.0000,0.0000,281.6601,0.0000,-0.0890,-0.0929,0.3196,-0.2224,-13.3463,0.0000,0.0000,0.0000,1,0,0,0,0,0.0000
33.7182,113.5074,0.0864,97.0436,0.0000,0.0001,0.0000,0.0000,0.0000,281.6601,0.0000,-0.0890,-0.0929,0.3196,-0.2224,-13.3463,0.0000,0.0000,0.0000,1,0,0,0,0,0.0000
33.7753,113.5074,0.0864,97.0436,0.0000,0.0001,0.0000,0.0000,0.0000,281.6601,0.0000,-0.0890,-0.0929,0.3196,-0.2224,-13.3463,0.0000,0.0000,0.0000,1,0,0,0,0,0.0000
33.8278,113.5074,0.0864,97.0436,0.0000,0.0001,0.0000,0.0000,0.0000,281.6601,0.0000,-0.0890,-0.0929,0.3196,-0.2224,-13.3463,0.0000,0.0000,0.0000,1,0,0,0,0,0.0000
33.8880,113.5074,0.0864,97.0436,0.0000,0.0001,0.0000,0.0000,0.0000,281.6601,0.0000,-0.0890,-0.0929,0.3196,-0.2224,-13.3463,0.0000,0.0000,0.0000,1,0,0,0,0,0.0000
33.9387,113.5074,0.0864,97.0436,0.0000,0.0001,0.0000,0.0000,0.0000,281.6601,0.0000,-0.0890,-0.0929,0.3196,-0.2224,-13.3463,0.0000,0.0000,0.0000,1,0,0,0,0,0.0000
33.9897,113.5074,0.0864,97.0436,0.0000,0.0001,0.0000,0.0000,0.0000,281.6601,0.0000,-0.0890,-0.0929,0.3196,-0.2224,-13.3463,0.0000,0.0000,0.0000,1,0,0,0,0,0.0000
34.0542,113.5074,0.0864,97.0436,0.0000,0.0001,0.0000,0.0000,0.0000,281.6601,0.0000,-0.0890,-0.0929,0.3196,-0.2224,-13.3463,0.0000,0.0000,0.0000,1,0,0,0,0,0.0000
34.1105,113.5074,0.0864,97.0436,0.0000,0.0001,0.0000,0.0000,0.0000,281.6601,0.0000,-0.0890,-0.0929,0.3196,-0.2224,-13.3463,0.0000,0.0000,0.0000,1,0,0,0,0,0.0000
34.1610,113.5074,0.0864,97.0436,0.0000,0.0001,0.0000,0.0000,0.0000,281.6601,0.0000,-0.0890,-0.0929,0.3196,-0.2224,-13.3463,0.0000,0.0000,0.0000,1,0,0,0,0,0.0000
34.2167,113.5074,0.0864,97.0436,0.0000,0.0001,0.0000,0.0000,0.0000,281.6601,0.0000,-0.0890,-0.0929,0.3196,-0.2224,-13.3463,0.0000,0.0000,0.0000,1,0,0,0,0,0.0000
34.2679,113.5074,0.0864,97.0436,0.0000,0.0001,0.0000,0.0000,0.0000,281.6601,0.0000,-0.0909,-0.0870,0.3196,-0.2244,-13.3625,0.3166,0.0000,0.0000,1,0,0,0,0,0.0176
34.3299,113.5074,0.0864,97.0436,0.0000,0.0001,0.0000,0.0000,0.0000,281.6601,0.0000,-0.0909,-0.0557,0.3196,-0.2261,-13.4417,1.2773,0.0000,0.0000,1,0,0,0,0,0.0710
34.3889,113.5074,0.0864,97.0436,0.0000,0.0001,0.0000,0.0000,0.0000,281.6601,0.0000,-0.0909,-0.0401,0.3196,-0.2269,-13.5235,1.3865,0.0000,0.0000,1,0,0,0,0,0.0770
34.4473,113.5074,0.0864,97.0436,0.0000,0.0001,0.0000,0.0000,0.0000,281.6601,0.0000,-0.0909,-0.0283,0.3196,-0.2271,-13.5743,0.8699,0.0000,0.0000,1,0,0,0,0,0.0483
34.4987,113.5074,0.0864,97.0436,0.0000,0.0001,0.0000,0.0000,0.0000,281.6601,0.0000,-0.0909,-0.0107,0.3196,-0.2272,-13.6001,0.5030,0.0000,0.0000,1,0,0,0,0,0.0279
34.5679,113.5074,0.0864,97.0436,0.0001,0.0004,0.0000,0.0001,0.0011,281.6508,-0.1353,-0.0909,0.0342,0.3196,-0.2273,-13.6179,0.2566,0.1057,0.0000,1,0,0,0,0,0.0218
34.6265,113.5074,0.0864,97.0436,0.0005,0.0016,-0.0001,0.0004,0.0058,281.6172,-0.5717,-0.0909,0.0812,0.3196,-0.2273,-13.6306,0.2163,0.2913,0.0000,1,0,0,0,0,0.0438
34.6848,113.5074,0.0864,97.0435,0.0009,0.0031,-0.0001,0.0009,0.0071,281.5531,-1.1017,-0.0909,0.1164,0.3196,-0.2273,-13.6347,0.0710,0.4918,0.0000,1,0,0,0,0,0.0652
34.7351,113.5074,0.0864,97.0434,0.0018,0.0064,0.0005,0.0017,0.0180,281.4522,-2.0056,-0.0909,0.1437,0.3196,-0.2273,-13.6368,0.0409,0.6982,0.0000,1,0,0,0,0,0.1137
34.7940,113.5051,0.0864,97.0436,0.1013,0.3648,0.1013,0.0017,1.6878,281.3263,-2.1353,-0.0909,0.1809,0.3196,-0.2273,-13.6381,0.0217,0.8523,0.0000,1,0,0,0,0,0.1198
34.8443,113.4955,0.0864,97.0454,0.3158,1.1370,0.3158,0.0023,4.2727,281.1810,-2.8928,-0.0909,0.2023,0.3196,-0.2273,-13.6386,0.0117,0.9277,0.0000,1,0,0,0,0,0.1614
34.9046,113.4694,0.0864,97.0503,0.5859,2.1093,0.5859,0.0027,4.4755,281.0210,-2.6520,-0.0909,0.2297,0.3196,-0.2273,-13.6390,0.0053,0.9646,0.0000,1,0,0,0,0,0.2175
34.9633,113.4264,0.0864,97.0583,0.8833,3.1799,0.8833,0.0027,5.0681,280.8486,-2.9373,-0.0909,0.2454,0.3196,-0.2273,-13.6391,0.0029,0.9827,0.0000,1,0,0,0,0,0.2096
35.0145,113.3736,0.0864,97.0681,1.1940,4.2985,1.1940,0.0023,6.0664,280.6652,-3.5820,-0.0909,0.2532,0.3196,-0.2273,-13.6392,0.0014,0.9915,0.0000,1,0,0,0,0,0.2280
35.0809,113.2834,0.0864,97.0847,1.5752,5.6706,1.5752,0.0013,5.7380,280.4312,-3.5231,-0.0909,0.2532,0.3196,-0.2273,-13.6392,0.0005,0.9964,0.0000,1,0,0,0,0,0.2077
35.1325,113.1962,0.0864,97.1005,1.8959,6.8253,1.8959,0.0000,6.2236,280.2250,-4.0000,-0.0909,0.2532,0.3196,-0.2273,-13.6393,0.0005,0.9982,0.0000,1,0,0,0,0,0.2223
35.1842,113.0934,0.0864,97.1189,2.1536,7.7531,2.1536,0.0013,4.9834,280.0528,-3.3294,-0.0909,0.2532,0.3196,-0.2273,-13.6393,0.0002,0.9990,0.0000,1,0,0,0,0,0.1941
35.2414,112.9617,0.0864,97.1420,2.4762,8.9144,2.4762,0.0032,5.6330,279.8286,-3.9150,-0.0909,0.2532,0.3196,-0.2273,-13.6393,0.0001,0.9995,0.0000,1,0,0,0,0,0.2370
35.2957,112.8194,0.0864,97.1664,2.7994,10.0778,2.7994,0.0054,5.9565,279.5944,-4.3173,-0.0909,0.2532,0.3196,-0.2273,-13.6393,0.0000,0.9998,0.0000,1,0,0,0,0,0.2689
35.3548,112.6451,0.0864,97.1958,3.1873,11.4743,3.1873,0.0084,6.5643,279.3001,-4.9796,-0.0909,0.2532,0.3196,-0.2273,-13.6393,0.0000,0.9999,0.0000,1,0,0,0,0,0.3163
35.4143,112.4492,0.0864,97.2279,3.5107,12.6386,3.5107,0.0113,5.4356,279.0441,-4.3024,-0.0909,0.2532,0.3196,-0.2273,-13.6393,0.0000,1.0000,0.0000,1,0,0,0,0,0.2873
35.4757,112.2255,0.0864,97.2637,3.8988,14.0358,3.8988,0.0150,6.3162,278.7237,-5.2148,-0.0909,0.2532,0.3196,-0.2273,-13.6393,0.0000,1.0000,0.0000,1,0,0,0,0,0.3476
35.5358,111.9854,0.0864,97.3009,4.2222,15.1998,4.2221,0.0185,5.3804,278.4458,-4.6241,-0.0909,0.2551,0.3196,-0.2273,-13.6393,0.0000,1.0000,0.0000,1,0,0,0,0,0.3226
35.6032,111.6914,0.0864,97.3450,4.6103,16.5971,4.6103,0.0230,5.7632,278.0992,-5.1466,-0.0909,0.2551,0.3196,-0.2273,-13.6393,0.0000,1.0000,0.0000,1,0,0,0,0,0.3607
35.6546,111.4491,0.0864,97.3801,4.9337,17.7613,4.9336,0.0266,6.2852,277.8035,-5.7472,-0.0851,0.2551,0.3196,-0.2212,-13.5944,0.8730,1.0000,0.0000,1,0,0,0,0,0.4488
35.7150,111.1449,0.0864,97.4227,5.2570,18.9254,5.2570,0.0297,5.3538,277.5124,-4.8198,-0.0772,0.2551,0.3196,-0.2078,-13.2535,5.6439,1.0000,0.0000,1,0,0,0,0,0.6661
35.7698,110.8503,0.0864,97.4624,5.5804,20.0895,5.5803,0.0319,5.8989,277.2324,-5.1070,-0.0694,0.2551,0.3196,-0.1919,-12.6505,10.9982,1.0000,0.0000,1,0,0,0,0,0.9804
35.8225,110.5511,0.0864,97.5014,5.9038,21.2536,5.9037,0.0333,6.1453,276.9661,-5.0611,-0.0636,0.2551,0.3196,-0.1769,-11.8777,14.6879,1.0000,0.0000,1,0,0,0,0,1.1818
35.8828,110.1883,0.0864,97.5468,6.2272,22.4179,6.2271,0.0342,5.3631,276.7148,-4.1672,-0.0557,0.2551,0.3196,-0.1600,-11.0160,14.2886,1.0000,0.0000,1,0,0,0,0,1.1076
35.9338,109.8646,0.0864,97.5860,6.5506,23.5822,6.5505,0.0341,6.3363,276.4827,-4.5471,-0.0499,0.2551,0.3196,-0.1431,-10.0746,18.4443,1.0000,0.0000,1,0,0,0,0,1.3554
35.9923,109.4751,0.0864,97.6314,6.8739,24.7462,6.8739,0.0337,5.5293,276.2674,-3.6830,-0.0459,0.2551,0.3196,-0.1293,-9.0952,16.7493,1.0000,0.0000,1,0,0,0,0,1.2088
36.0463,109.0972,0.0864,97.6740,7.1973,25.9103,7.1972,0.0331,5.9819,276.0676,-3.6960,-0.0420,0.2551,0.3196,-0.1169,-8.2917,14.8641,1.0000,0.0000,1,0,0,0,0,1.1001
36.1118,108.6168,0.0864,97.7262,7.5854,27.3076,7.5854,0.0325,5.9298,275.8430,-3.4316,-0.0401,0.2551,0.3196,-0.1066,-7.5511,11.3147,1.0000,0.0000,1,0,0,0,0,0.8835
36.1630,108.2234,0.0864,97.7676,7.8442,28.2390,7.8441,0.0323,5.0509,275.7009,-2.7733,-0.0362,0.2551,0.3196,-0.0991,-6.7442,15.7529,1.0000,0.0000,1,0,0,0,0,1.0909
36.2206,107.7629,0.0864,97.8145,8.2322,29.6360,8.2322,0.0315,6.7397,275.5008,-3.4748,-0.0323,0.2551,0.3196,-0.0891,-6.1474,10.3636,1.0000,0.0000,1,0,0,0,0,0.8262
36.2740,107.3182,0.0864,97.8584,8.4909,30.5673,8.4908,0.0311,4.8416,275.3753,-2.3493,-0.0284,0.2551,0.3196,-0.0822,-5.6539,9.2382,1.0000,0.0000,1,0,0,0,0,0.6987
36.3245,106.8832,0.0864,97.9002,8.8144,31.7317,8.8143,0.0297,6.4150,275.2316,-2.8501,-0.0245,0.2551,0.3196,-0.0720,-5.1998,9.0047,1.0000,0.0000,1,0,0,0,0,0.7092
36.3824,106.3647,0.0864,97.9487,9.1377,32.8959,9.1377,0.0280,5.5764,275.1024,-2.2281,-0.0225,0.2551,0.3196,-0.0634,-4.5554,11.1131,1.0000,0.0000,1,0,0,0,0,0.7871
36.4349,105.8788,0.0864,97.9929,9.4612,34.0603,9.4612,0.0255,6.1681,274.9881,-2.1800,-0.0186,0.2551,0.3196,-0.0486,-4.0870,8.9314,1.0000,0.0000,1,0,0,0,0,0.6578
36.4909,105.3425,0.0864,98.0405,9.7846,35.2247,9.7846,0.0178,5.7787,274.9244,-1.1380,-0.0186,0.2551,0.3196,-0.0209,-3.0316,18.8569,1.0000,0.0000,1,0,0,0,0,1.1381
36.5463,104.7935,0.0864,98.0883,10.1081,36.3891,10.1081,0.0094,5.8361,274.8934,-0.5584,-0.0186,0.2551,0.3196,-0.0090,-1.9909,18.7788,1.0000,0.0000,1,0,0,0,0,1.0883
36.5967,104.2789,0.0864,98.1326,10.3669,37.3208,10.3669,0.0041,5.1366,274.8796,-0.2738,-0.0186,0.2551,0.3196,-0.0046,-1.1908,15.8782,1.0000,0.0000,1,0,0,0,0,0.9033
36.6586,103.6254,0.0864,98.1882,10.7550,38.7181,10.7550,0.0015,6.2621,274.8669,-0.2048,-0.0186,0.2551,0.3196,-0.0017,-0.6346,8.9739,1.0000,0.0000,1,0,0,0,0,0.5121
36.7116,103.0496,0.0864,98.2370,11.0784,39.8822,11.0784,0.0045,6.1071,274.8597,-0.1366,-0.0186,0.2551,0.3196,-0.0007,-0.3569,5.2444,1.0000,0.0000,1,0,0,0,0,0.3050
36.7683,102.4153,0.0864,98.2905,11.4020,41.0470,11.4020,0.0012,5.7104,274.8101,-0.8752,-0.0225,0.2551,0.3196,-0.0310,-0.6440,5.0661,1.0000,0.0000,1,0,0,0,0,0.3316
36.8236,101.7777,0.0864,98.3439,11.7254,42.2113,11.7254,0.0121,5.8433,274.7132,-1.7512,-0.0245,0.2551,0.3196,-0.0474,-1.3988,13.6378,1.0000,0.0000,1,0,0,0,0,0.8704
36.8802,101.1067,0.0864,98.3995,12.0488,43.3757,12.0488,0.0231,5.7104,274.5892,-2.1890,-0.0245,0.2551,0.3196,-0.0552,-2.2950,15.8214,1.0000,0.0000,1,0,0,0,0,1.0293
36.9415,100.3603,0.0864,98.4600,12.4370,44.7731,12.4369,0.0337,6.3387,274.4222,-2.7266,-0.0264,0.2551,0.3196,-0.0604,-2.9066,9.9877,1.0000,0.0000,1,0,0,0,0,0.7470
36.9995,99.6328,0.0864,98.5176,12.7603,45.9372,12.7603,0.0415,5.5736,274.2699,-2.6262,-0.0264,0.2551,0.3196,-0.0636,-3.3542,7.7159,1.0000,0.0000,1,0,0,0,0,0.6234
37.0604,98.8484,0.0864,98.5777,13.0838,47.1015,13.0837,0.0492,5.3131,274.1045,-2.7168,-0.0303,0.2551,0.3196,-0.0692,-3.6699,5.1852,1.0000,0.0000,1,0,0,0,0,0.4954
37.1104,98.1868,0.0864,98.6267,13.4071,48.2657,13.4070,0.0580,6.4578,273.9187,-3.7102,-0.0342,0.2551,0.3196,-0.0771,-3.9912,6.4168,1.0000,0.0000,1,0,0,0,0,0.6275
37.1688,97.3970,0.0864,98.6830,13.7305,49.4297,13.7303,0.0682,5.5379,273.7115,-3.5481,-0.0381,0.2551,0.3196,-0.0846,-4.4543,7.9318,1.0000,0.0000,1,0,0,0,0,0.7122
37.2195,96.6958,0.0864,98.7309,14.0538,50.5938,14.0536,0.0794,6.3865,273.4809,-4.5554,-0.0401,0.2551,0.3196,-0.0921,-4.8590,7.9932,1.0000,0.0000,1,0,0,0,0,0.7819
37.2757,95.8999,0.0864,98.7825,14.3771,51.7575,14.3768,0.0916,5.7520,273.2274,-4.5115,-0.0420,0.2551,0.3196,-0.0991,-5.2972,7.7968,1.0000,0.0000,1,0,0,0,0,0.7793
37.3369,95.0113,0.0864,98.8365,14.7003,52.9210,14.6999,0.1032,5.2770,272.9568,-4.4170,-0.0420,0.2551,0.3196,-0.1025,-5.6923,6.4512,1.0000,0.0000,1,0,0,0,0,0.7091
37.3876,94.2585,0.0864,98.8789,15.0234,54.0842,15.0230,0.1139,6.3682,272.6729,-5.5966,-0.0440,0.2551,0.3196,-0.1064,-5.9600,5.2766,1.0000,0.0000,1,0,0,0,0,0.7177
37.4498,93.3156,0.0864,98.9278,15.3465,55.2474,15.3460,0.1241,5.1968,272.3764,-4.7687,-0.0440,0.2551,0.3196,-0.1084,-6.2161,4.1183,1.0000,0.0000,1,0,0,0,0,0.6151
37.5065,92.4363,0.0864,98.9689,15.6696,56.4106,15.6690,0.1332,5.7022,272.0717,-5.3766,-0.0440,0.2551,0.3196,-0.1093,-6.3875,3.0247,1.0000,0.0000,1,0,0,0,0,0.5942
37.5655,91.5006,0.0864,99.0076,16.0573,57.8061,16.0566,0.1425,6.5701,271.6979,-6.3350,-0.0440,0.2551,0.3196,-0.1097,-6.4895,1.7288,1.0000,0.0000,1,0,0,0,0,0.5811
37.6191,90.6321,0.0864,99.0390,16.3802,58.9686,16.3795,0.1497,6.0186,271.3805,-5.9165,-0.0440,0.2551,0.3196,-0.1099,-6.5394,0.9308,1.0000,0.0000,1,0,0,0,0,0.5175
37.6745,89.7185,0.0864,99.0672,16.7032,60.1314,16.7024,0.1565,5.8369,271.0580,-5.8288,-0.0440,0.2551,0.3196,-0.1099,-6.5680,0.5173,1.0000,0.0000,1,0,0,0,0,0.4931
37.7313,88.7623,0.0864,99.0915,17.0261,61.2938,17.0253,0.1632,5.6853,270.7306,-5.7641,-0.0440,0.2551,0.3196,-0.1100,-6.5833,0.2692,1.0000,0.0000,1,0,0,0,0,0.4790
37.7892,87.7667,0.0864,99.1111,17.3489,62.4560,17.3481,0.1699,5.5684,270.3983,-5.7308,-0.0440,0.2532,0.3196,-0.1100,-6.5910,0.1318,1.0000,0.0000,1,0,0,0,0,0.4726
37.8434,86.8198,0.0864,99.1243,17.6718,63.6183,17.6709,0.1764,5.9674,270.0614,-6.2279,-0.0440,0.2532,0.3196,-0.1100,-6.5944,0.0630,1.0000,0.0000,1,0,0,0,0,0.4993
37.9049,85.7227,0.0864,99.1331,17.9945,64.7803,17.9936,0.1833,5.2475,269.7195,-5.5584,-0.0440,0.2532,0.3196,-0.1100,-6.5967,0.0374,1.0000,0.0000,1,0,0,0,0,0.4636
37.9605,84.7116,0.0864,99.1350,18.3173,65.9422,18.3163,0.1900,5.8032,269.3729,-6.2321,-0.0440,0.2532,0.3196,-0.1100,-6.5978,0.0202,1.0000,0.0000,1,0,0,0,0,0.5029
38.0189,83.6300,0.0864,99.1304,18.7046,67.3365,18.7035,0.1979,6.6284,268.9505,-7.2291,-0.0440,0.2532,0.3196,-0.1100,-6.5983,0.0085,1.0000,0.0000,1,0,0,0,0,0.5608
38.0709,82.6509,0.0864,99.1205,18.9627,68.2658,18.9616,0.2049,4.9648,268.6611,-5.5660,-0.0479,0.2532,0.3196,-0.1133,-6.6357,0.7187,1.0000,0.0000,1,0,0,0,0,0.5112
38.1338,81.4458,0.0864,99.1005,19.3499,69.6595,19.3486,0.2219,6.1567,268.1937,-7.4331,-0.0538,0.2532,0.3196,-0.1237,-6.8528,3.4537,1.0000,0.0000,1,0,0,0,0,0.7769
38.1861,80.4256,0.0864,99.0769,19.6723,70.8203,19.6708,0.2447,6.1613,267.7568,-8.3470,-0.0596,0.2532,0.3196,-0.1365,-7.2767,8.0993,1.0000,0.0000,1,0,0,0,0,1.1003
38.2434,79.2911,0.0864,99.0428,19.9946,71.9806,19.9928,0.2722,5.6279,267.2765,-8.3874,-0.0616,0.2532,0.3196,-0.1461,-7.9167,11.1761,1.0000,0.0000,1,0,0,0,0,1.2910
38.2955,78.2522,0.0864,99.0041,20.0359,72.1292,20.0337,0.2945,0.7919,266.7717,-9.6881,-0.0616,0.2532,0.3196,-0.1506,-8.4017,9.3084,1.0000,0.0000,1,0,0,0,0,1.2759
38.3466,77.2332,0.0864,98.9585,20.0358,72.1287,20.0334,0.3076,-0.0025,266.3611,-8.0322,-0.0616,0.2532,0.3196,-0.1523,-8.7119,6.0668,1.0000,0.0000,1,0,0,0,0,1.0135
38.4096,75.9801,0.0864,98.8918,19.9070,71.6654,19.9045,0.3173,-2.0438,265.7471,-9.7493,-0.0577,0.2532,0.3196,-0.1490,-8.9133,3.1971,1.0000,0.0000,1,0,0,0,0,0.9583
38.4604,74.9694,0.0864,98.8291,19.9070,71.6652,19.9045,0.3136,-0.0007,265.3636,-7.5482,-0.0499,0.2532,0.3196,-0.1375,-8.7318,3.5728,1.0000,0.0000,1,0,0,0,0,0.8541
38.5197,73.7896,0.0864,98.7458,20.0358,72.1288,20.0336,0.2928,2.1717,264.8513,-8.6419,-0.0381,0.2532,0.3196,-0.1172,-8.2058,8.8708,1.0000,0.0000,1,0,0,0,0,1.1921
38.5786,72.6191,0.0864,98.6532,19.8427,71.4336,19.8409,0.2636,-3.2798,264.4937,-6.0733,-0.0303,0.2375,0.3196,-0.0974,-7.2588,16.0855,1.0000,0.0000,1,0,0,0,0,1.4303
38.6294,71.6104,0.0864,98.5660,19.9072,71.6659,19.9059,0.2286,1.2703,264.2010,-5.7612,-0.0225,0.2395,0.3196,-0.0782,-6.3317,18.2488,1.0000,0.0000,1,0,0,0,0,1.5062
38.6920,70.3670,0.0864,98.4504,19.9718,71.8986,19.9711,0.1726,1.0320,264.0337,-2.6717,-0.0127,0.2473,0.3196,-0.0336,-4.5328,28.7229,1.0000,0.0000,1,0,0,0,0,1.8738
38.7524,69.1665,0.0864,98.3322,19.8427,71.4336,19.8424,0.1047,-2.1366,263.9496,-1.3908,-0.0029,0.2473,0.3196,-0.0122,-2.8021,28.6292,1.0000,0.0000,1,0,0,0,0,1.7469
38.8098,68.0301,0.0864,98.2163,19.9073,71.6663,19.9072,0.0639,1.1271,263.9192,-0.5301,0.0088,0.2473,0.3196,-0.0052,-1.5451,21.9221,1.0000,0.0000,1,0,0,0,0,1.2955
38.8618,66.9988,0.0864,98.1089,19.9720,71.8994,19.9720,0.0363,1.2447,263.9034,-0.3051,0.0186,0.2493,0.3196,-0.0023,-0.8990,12.4228,1.0000,0.0000,1,0,0,0,0,0.7343
38.9120,66.0039,0.0864,98.0040,19.9721,71.8994,19.9721,0.0068,0.0005,263.9435,0.8000,0.0264,0.2493,0.3196,0.0270,-0.1243,15.4436,1.0000,0.0000,1,0,0,0,0,0.9075
38.9639,64.9732,0.0864,97.8949,20.0368,72.1324,20.0367,0.0404,1.2452,264.0950,2.9155,0.0361,0.2493,0.3196,0.0575,1.1410,24.3523,1.0000,0.0000,1,0,0,0,0,1.5451
39.0158,63.9436,0.0864,97.7870,20.0367,72.1323,20.0366,0.0792,-0.0006,264.2852,3.6659,0.0381,0.2493,0.3196,0.0756,2.4841,25.8877,1.0000,0.0000,1,0,0,0,0,1.7012
39.0743,62.7849,0.0864,97.6682,19.9073,71.6664,19.9069,0.1362,-2.2134,264.6259,5.8276,0.0401,0.2493,0.3196,0.0909,3.8735,23.7633,1.0000,0.0000,1,0,0,0,0,1.7466
39.1264,61.7504,0.0864,97.5652,19.9072,71.6660,19.9066,0.1638,-0.0018,264.8748,4.7739,0.0401,0.2493,0.3196,0.0954,4.7203,16.2383,1.0000,0.0000,1,0,0,0,0,1.2907
39.1949,60.3901,0.0864,97.4362,19.8427,71.4335,19.8417,0.1943,-0.9433,265.3334,6.6979,0.0401,0.2493,0.3196,0.0987,5.2469,7.6916,1.0000,0.0000,1,0,0,0,0,0.9463
39.2533,59.2299,0.0864,97.3326,19.9073,71.6661,19.9061,0.2108,1.1047,265.6708,5.7695,0.0401,0.2493,0.3196,0.0995,5.6732,7.2908,1.0000,0.0000,1,0,0,0,0,0.8844
39.3096,58.1124,0.0864,97.2389,19.9717,71.8982,19.9705,0.2208,1.1463,266.0064,5.9674,0.0401,0.2493,0.3196,0.0999,5.8337,2.8531,1.0000,0.0000,1,0,0,0,0,0.6559
39.3621,57.0682,0.0864,97.1569,20.0362,72.1304,20.0350,0.2252,1.2284,266.3362,6.2804,0.0401,0.2493,0.3196,0.1000,5.9183,1.6113,1.0000,0.0000,1,0,0,0,0,0.6070
39.4156,56.0027,0.0864,97.0790,20.0362,72.1303,20.0349,0.2269,-0.0005,266.6002,4.9309,0.0401,0.2493,0.3196,0.1001,5.9604,0.7857,1.0000,0.0000,1,0,0,0,0,0.4875
39.4690,54.9420,0.0864,97.0073,19.8427,71.4336,19.8414,0.2282,-3.6269,266.9306,6.1920,0.0401,0.2493,0.3196,0.1001,5.9833,0.4286,1.0000,0.0000,1,0,0,0,0,0.5404
39.5229,53.8691,0.0864,96.9407,19.9072,71.6660,19.9059,0.2292,1.1966,267.2605,6.1180,0.0401,0.2493,0.3196,0.1001,5.9947,0.2121,1.0000,0.0000,1,0,0,0,0,0.5244
39.5766,52.8015,0.0864,96.8804,19.9717,71.8981,19.9704,0.2299,1.2022,267.5907,6.1562,0.0401,0.2493,0.3196,0.1001,6.0015,0.1263,1.0000,0.0000,1,0,0,0,0,0.5217
39.6368,51.6000,0.0864,96.8196,20.0362,72.1302,20.0349,0.2303,1.0700,267.9211,5.4813,0.0401,0.2493,0.3196,0.1001,6.0049,0.0567,1.0000,0.0000,1,0,0,0,0,0.4801
39.7105,50.1345,0.0864,96.7556,19.9717,71.8982,19.9704,0.2305,-0.8756,268.3833,6.2785,0.0401,0.2493,0.3196,0.1001,6.0067,0.0242,1.0000,0.0000,1,0,0,0,0,0.5232
39.7688,48.9712,0.0864,96.7128,20.0362,72.1304,20.0349,0.2307,1.1058,268.7137,5.6641,0.0401,0.2493,0.3196,0.1001,6.0076,0.0164,1.0000,0.0000,1,0,0,0,0,0.4883
39.8201,47.9488,0.0864,96.6810,19.8427,71.4337,19.8414,0.2301,-3.7718,269.0428,6.4143,0.0381,0.2493,0.3196,0.0987,6.0016,0.1169,1.0000,0.0000,1,0,0,0,0,0.5368
39.8808,46.7398,0.0864,96.6504,19.9072,71.6661,19.9060,0.2259,1.0633,269.3589,5.2066,0.0342,0.2493,0.3196,0.0936,5.8880,1.8713,1.0000,0.0000,1,0,0,0,0,0.5635
39.9416,45.5269,0.0864,96.6272,20.0362,72.1304,20.0351,0.2167,2.1212,269.7125,5.8153,0.0322,0.2493,0.3196,0.0865,5.6318,4.2144,1.0000,0.0000,1,0,0,0,0,0.7195
40.0011,44.3399,0.0864,96.6115,19.8426,71.4334,19.8416,0.2053,-3.2518,269.9835,4.5520,0.0303,0.2493,0.3196,0.0804,5.3137,5.3427,1.0000,0.0000,1,0,0,0,0,0.7049
40.0605,43.1565,0.0864,96.6023,19.9719,71.8987,19.9710,0.1908,2.1765,270.2806,5.0031,0.0244,0.2493,0.3196,0.0716,4.8993,6.9776,1.0000,0.0000,1,0,0,0,0,0.8089
40.1126,42.1175,0.0864,96.5992,19.9719,71.8987,19.9711,0.1751,0.0000,270.4465,3.1842,0.0186,0.2493,0.3196,0.0541,4.5090,7.4920,1.0000,0.0000,1,0,0,0,0,0.7246
40.1710,40.9528,0.0864,96.6007,19.8426,71.4334,19.8422,0.1260,-2.2149,270.5658,2.0443,0.0107,0.2493,0.3196,0.0196,3.1813,22.7532,1.0000,0.0000,1,0,0,0,0,1.4729
40.2288,39.8015,0.0864,96.6061,19.9074,71.6665,19.9072,0.0868,1.1200,270.6013,0.6140,0.0029,0.2493,0.3196,0.0084,2.3160,14.9709,1.0000,0.0000,1,0,0,0,0,0.9312
40.2800,38.7801,0.0864,96.6130,19.9073,71.6664,19.9072,0.0627,-0.0003,270.6122,0.2126,-0.0049,0.2493,0.3196,0.0043,1.1879,22.0169,1.0000,0.0000,1,0,0,0,0,1.2822
40.3344,37.6955,0.0864,96.6219,19.9721,71.8994,19.9720,0.0418,1.1898,270.6161,0.0713,-0.0088,0.2493,0.3196,0.0018,0.6476,9.9338,1.0000,0.0000,1,0,0,0,0,0.5872
40.3958,36.4696,0.0864,96.6329,19.8427,71.4337,19.8427,0.0265,-2.1052,270.6143,-0.0283,-0.0108,0.2493,0.3196,0.0007,0.3450,4.9255,1.0000,0.0000,1,0,0,0,0,0.2952
40.4464,35.4620,0.0864,96.6425,19.8427,71.4336,19.8427,0.0200,-0.0009,270.6114,-0.0585,-0.0108,0.2493,0.3196,0.0003,0.1858,3.1479,1.0000,0.0000,1,0,0,0,0,0.1932
40.5044,34.3066,0.0864,96.6537,19.9721,71.8996,19.9721,0.0144,2.2328,270.6059,-0.0937,-0.0108,0.2493,0.3196,0.0001,0.0958,1.5523,1.0000,0.0000,1,0,0,0,0,0.1023
40.5635,33.1266,0.0864,96.6653,20.0367,72.1322,20.0367,0.0116,1.0926,270.6009,-0.0846,-0.0108,0.2493,0.3196,0.0001,0.0494,0.7849,1.0000,0.0000,1,0,0,0,0,0.0570
40.6142,32.1155,0.0864,96.6752,20.0368,72.1323,20.0368,0.0100,0.0007,270.5968,-0.0813,-0.0108,0.2493,0.3177,0.0000,0.0258,0.4654,1.0000,0.0000,1,0,0,0,0,0.0379
40.6660,31.0842,0.0864,96.6855,19.8427,71.4337,19.8427,0.0046,-3.7497,270.5914,-0.1050,-0.0108,0.2493,0.1261,0.0000,0.0139,0.2310,1.0000,0.0000,1,0,0,0,0,0.0222
40.7184,30.0407,0.0864,96.6963,19.7923,71.2523,19.7923,0.0035,-0.9619,270.5855,-0.1124,-0.0108,0.2493,-0.1730,0.0000,0.0073,0.1249,1.0000,0.0443,1,0,0,0,0,0.2371
40.7760,28.9279,0.0864,96.7076,18.3310,65.9916,18.3310,0.0013,-25.3572,270.5804,-0.0884,-0.0108,0.2493,-0.6872,0.0000,0.0035,0.0669,1.0000,0.2958,1,0,0,0,0,1.4886
40.8336,27.9932,0.0864,96.7168,14.0194,50.4697,14.0194,0.0037,-74.8920,270.5752,-0.0901,-0.0108,0.2532,-0.9355,0.0000,0.0018,0.0296,1.0000,0.6353,1,0,0,0,0,3.1869
40.8853,27.3972,0.0864,96.7225,9.2296,33.2264,9.2296,0.0047,-92.6037,270.5701,-0.0985,-0.0108,0.2591,-0.9922,0.0000,0.0009,0.0161,1.0000,0.8424,1,1,0,0,0,24.2261
40.9472,26.9472,0.0864,96.7266,5.6989,20.5161,5.6989,0.0048,-56.9773,270.5650,-0.0822,-0.0108,0.2591,-1.0000,0.0000,0.0004,0.0078,1.0000,0.9363,1,1,0,0,0,24.6993
40.9990,26.7209,0.0864,96.7285,3.5015,12.6053,3.5015,0.0048,-42.4690,270.5598,-0.1003,-0.0108,0.2591,-1.0000,0.0000,0.0002,0.0042,1.0000,0.9744,1,1,0,0,0,24.8984
41.0490,26.5789,0.0864,96.7295,2.2229,8.0023,2.2229,0.0046,-25.5684,270.5546,-0.1037,-0.0108,0.2591,-1.0000,0.0000,0.0001,0.0021,1.0000,0.9897,1,1,0,0,0,24.9857
41.1030,26.4767,0.0864,96.7302,1.6120,5.8033,1.6120,0.0044,-11.3204,270.5505,-0.0764,-0.0108,0.2591,-1.0000,0.0000,0.0001,0.0010,1.0000,0.9950,1,1,0,0,0,25.0201
41.1559,26.4064,0.0864,96.7306,1.1562,4.1621,1.1561,0.0040,-8.6117,270.5454,-0.0969,-0.0108,0.2591,-1.0000,0.0000,0.0000,0.0006,1.0000,0.9980,1,1,0,0,0,25.0478
41.2077,26.3539,0.0864,96.7308,0.9017,3.2461,0.9017,0.0037,-4.9070,270.5402,-0.0995,-0.0108,0.2591,-1.0000,0.0000,0.0000,0.0003,1.0000,0.9992,1,0,0,0,0,5.0637
41.2622,26.3089,0.0864,96.7309,0.7600,2.7360,0.7600,0.0035,-2.6036,270.5351,-0.0942,-0.0108,0.2591,-1.0000,0.0000,0.0000,0.0001,1.0000,0.9997,1,0,0,0,0,5.0729
41.3218,26.2661,0.0864,96.7311,0.6812,2.4523,0.6812,0.0034,-1.3216,270.5299,-0.0870,-0.0108,0.2591,-1.0000,0.0000,0.0000,0.0001,1.0000,0.9999,1,0,0,0,0,5.0780
41.3783,26.2291,0.0864,96.7311,0.6375,2.2949,0.6375,0.0033,-0.7745,270.5247,-0.0913,-0.0108,0.2591,-1.0000,0.0000,0.0000,0.0000,1.0000,0.9999,1,0,0,0,0,5.0814
41.4304,26.1966,0.0864,96.7312,0.6132,2.2075,0.6132,0.0032,-0.4654,270.5195,-0.1000,-0.0108,0.2591,-1.0000,0.0000,0.0000,0.0000,1.0000,1.0000,1,0,0,0,0,5.0838
41.4816,26.1656,0.0864,96.7312,0.5997,2.1588,0.5996,0.0032,-0.2646,270.5144,-0.1009,-0.0108,0.2591,-1.0000,0.0000,0.0000,0.0000,1.0000,1.0000,1,0,0,0,0,5.0850
41.5332,26.1348,0.0864,96.7313,0.5933,2.1359,0.5933,0.0032,-0.1228,270.5102,-0.0810,-0.0108,0.2591,-1.0000,0.0000,0.0000,0.0000,1.0000,1.0000,1,0,0,0,0,5.0842
41.5977,26.0967,0.0864,96.7313,0.5880,2.1167,0.5880,0.0031,-0.0827,270.5040,-0.0966,-0.0108,0.2591,-1.0000,0.0000,0.0000,0.0000,1.0000,1.0000,1,0,0,0,0,5.0856
41.6489,26.0667,0.0864,96.7313,0.5857,2.1085,0.5857,0.0031,-0.0447,270.4987,-0.1024,-0.0108,0.2591,-1.0000,0.0000,0.0000,0.0000,1.0000,1.0000,1,0,0,0,0,5.0861
41.7095,26.0313,0.0864,96.7314,0.5844,2.1038,0.5844,0.0031,-0.0214,270.4935,-0.0857,-0.0108,0.2591,-1.0000,0.0000,0.0000,0.0000,1.0000,1.0000,1,0,0,0,0,5.0852
41.7776,25.9915,0.0864,96.7314,0.5836,2.1009,0.5836,0.0031,-0.0119,270.4872,-0.0927,-0.0108,0.2591,-1.0000,0.0000,0.0000,0.0000,1.0000,1.0000,1,0,0,0,0,5.0856
41.8314,25.9601,0.0864,96.7315,0.5832,2.0996,0.5832,0.0031,-0.0065,270.4821,-0.0960,-0.0108,0.2591,-1.0000,0.0000,0.0000,0.0000,1.0000,1.0000,1,0,0,0,0,5.0859
41.8829,25.9301,0.0864,96.7315,0.5830,2.0989,0.5830,0.0031,-0.0038,270.4768,-0.1019,-0.0108,0.2591,-1.0000,0.0000,0.0000,0.0000,1.0000,1.0000,1,0,0,0,0,5.0863
41.9435,25.8948,0.0864,96.7315,0.5829,2.0985,0.5829,0.0031,-0.0017,270.4716,-0.0856,-0.0108,0.2591,-1.0000,0.0000,0.0000,0.0000,1.0000,1.0000,1,0,0,0,0,5.0853
41.9946,25.8650,0.0864,96.7315,0.5829,2.0984,0.5829,0.0031,-0.0008,270.4664,-0.1026,-0.0108,0.2591,-1.0000,0.0000,0.0000,0.0000,1.0000,1.0000,1,0,0,0,0,5.0863
42.0468,25.8345,0.0864,96.7315,0.5828,2.0982,0.5828,0.0031,-0.0008,270.4612,-0.0993,-0.0108,0.2591,-1.0000,0.0000,0.0000,0.0000,1.0000,1.0000,1,0,0,0,0,5.0862
42.1079,25.7989,0.0864,96.7315,0.5846,2.1046,0.5846,0.0031,0.0292,270.4559,-0.0860,-0.0108,0.2591,-0.9550,0.0000,0.0000,0.0000,1.0000,0.9850,1,0,0,0,0,5.0103
42.1662,25.7643,0.0864,96.7315,0.6103,2.1972,0.6103,0.0032,0.4412,270.4507,-0.0890,-0.0108,0.2591,-0.5406,0.0000,0.0000,0.0000,1.0000,0.8189,1,0,0,0,0,4.1790
42.2181,25.7301,0.0864,96.7315,0.7231,2.6033,0.7231,0.0037,2.1737,270.4455,-0.1006,-0.0108,0.2591,0.0596,0.0000,0.0000,0.0000,1.0000,0.4256,1,0,0,0,0,2.2092
42.2907,25.6680,0.0864,96.7316,0.9852,3.5466,0.9851,0.0044,3.6093,270.4393,-0.0858,-0.0108,0.2591,0.2727,0.0000,0.0000,0.0000,1.0000,0.1427,1,0,0,0,0,0.7858
42.3427,25.6088,0.0864,96.7317,1.2578,4.5280,1.2578,0.0051,5.2373,270.4341,-0.1003,-0.0108,0.2591,0.3040,0.0000,0.0000,0.0000,1.0000,0.0574,1,0,0,0,0,0.3535
42.3950,25.5353,0.0864,96.7319,1.5554,5.5995,1.5554,0.0057,5.6931,270.4289,-0.0998,-0.0108,0.2591,0.3040,0.0000,0.0000,0.0000,1.0000,0.0231,1,0,0,0,0,0.1761
42.4472,25.4470,0.0864,96.7322,1.8661,6.7180,1.8661,0.0062,5.9508,270.4237,-0.0994,-0.0108,0.2591,0.3040,0.0000,0.0000,0.0000,1.0000,0.0093,1,0,0,0,0,0.1021
42.5084,25.3236,0.0864,96.7326,2.1835,7.8605,2.1835,0.0067,5.1845,270.4185,-0.0853,-0.0108,0.2591,0.3040,0.0000,0.0000,0.0000,1.0000,0.0037,1,0,0,0,0,0.0691
42.5684,25.1820,0.0864,96.7332,2.5041,9.0147,2.5041,0.0070,5.3440,270.4133,-0.0865,-0.0108,0.2591,0.3040,0.0000,0.0000,0.0000,1.0000,0.0015,1,0,0,0,0,0.0542
42.6263,25.0256,0.0864,96.7338,2.8908,10.4068,2.8908,0.0074,6.6868,270.4071,-0.1061,-0.0108,0.2591,0.3040,0.0000,0.0000,0.0000,1.0000,0.0005,1,0,0,0,0,0.0468
42.6790,24.8662,0.0864,96.7345,3.1491,11.3367,3.1491,0.0075,4.9005,270.4030,-0.0782,-0.0108,0.2591,0.3040,0.0000,0.0000,0.0000,1.0000,0.0002,1,0,0,0,0,0.0415
42.7410,24.6577,0.0864,96.7354,3.5369,12.7330,3.5369,0.0078,6.2507,270.3969,-0.0993,-0.0108,0.2591,0.3040,0.0000,0.0000,0.0000,1.0000,0.0001,1,0,0,0,0,0.0391
42.7998,24.4396,0.0864,96.7363,3.8603,13.8971,3.8603,0.0080,5.5016,270.3917,-0.0872,-0.0127,0.2591,0.3040,0.0000,0.0000,0.0000,1.0000,0.0000,1,0,0,0,0,0.0360
42.8596,24.1971,0.0864,96.7374,4.2484,15.2941,4.2483,0.0082,6.4921,270.3856,-0.1031,-0.0147,0.2591,0.3040,0.0000,0.0000,0.0000,1.0000,0.0000,1,0,0,0,0,0.0347
42.9174,23.9428,0.0864,96.7385,4.5718,16.4586,4.5718,0.0083,5.5952,270.3804,-0.0897,-0.0186,0.2591,0.3040,0.0000,0.0000,0.0000,1.0000,0.0000,1,0,0,0,0,0.0323
42.9757,23.6663,0.0864,96.7398,4.8953,17.6230,4.8953,0.0075,5.5426,270.3637,-0.2855,-0.0225,0.2591,0.3040,-0.0212,-0.2161,3.7025,1.0000,0.0000,1,0,0,0,0,0.2445
43.0259,23.4128,0.0864,96.7409,5.2187,18.7874,5.2187,0.0047,6.4467,270.3124,-1.0219,-0.0225,0.2591,0.3040,-0.0412,-1.0380,16.3821,1.0000,0.0000,1,0,0,0,0,0.9805
43.0794,23.1261,0.0864,96.7421,5.5421,19.9516,5.5421,0.0017,6.0420,270.2415,-1.3255,-0.0245,0.2591,0.3040,-0.0517,-1.8929,15.9708,1.0000,0.0000,1,0,0,0,0,0.9655
43.1370,22.7992,0.0864,96.7432,5.8656,21.1161,5.8656,0.0012,5.6193,270.1576,-1.4569,-0.0245,0.2591,0.3040,-0.0571,-2.6087,12.4364,1.0000,0.0000,1,0,0,0,0,0.7750
43.1897,22.4832,0.0864,96.7439,6.1244,22.0479,6.1244,0.0033,4.9152,270.0851,-1.3764,-0.0245,0.2591,0.3040,-0.0591,-3.0475,8.3324,1.0000,0.0000,1,0,0,0,0,0.5476
43.2401,22.1654,0.0864,96.7442,6.4478,23.2121,6.4478,0.0055,6.4133,269.9901,-1.8840,-0.0245,0.2591,0.3040,-0.0603,-3.3038,5.0823,1.0000,0.0000,1,0,0,0,0,0.3998
43.2921,21.8220,0.0864,96.7442,6.7713,24.3766,6.7713,0.0074,6.2166,269.8914,-1.8985,-0.0245,0.2591,0.3040,-0.0608,-3.4576,2.9554,1.0000,0.0000,1,0,0,0,0,0.2861
43.3465,21.4463,0.0864,96.7436,7.0947,25.5411,7.0947,0.0093,5.9488,269.7894,-1.8757,-0.0245,0.2591,0.3040,-0.0610,-3.5581,1.8487,1.0000,0.0000,1,0,0,0,0,0.2265
43.4072,21.0068,0.0864,96.7421,7.4182,26.7054,7.4182,0.0111,5.3320,269.6846,-1.7272,-0.0245,0.2591,0.3040,-0.0611,-3.6140,0.9212,1.0000,0.0000,1,0,0,0,0,0.1695
43.4616,20.5943,0.0864,96.7400,7.7416,27.8698,7.7416,0.0128,5.9433,269.5772,-1.9739,-0.0245,0.2591,0.3040,-0.0611,-3.6396,0.4718,1.0000,0.0000,1,0,0,0,0,0.1606
43.5120,20.1968,0.0864,96.7374,8.0651,29.0343,8.0651,0.0145,6.4160,269.4669,-2.1864,-0.0245,0.2591,0.3040,-0.0611,-3.6535,0.2748,1.0000,0.0000,1,0,0,0,0,0.1637
43.5730,19.6957,0.0864,96.7331,8.3885,30.1987,8.3885,0.0164,5.3004,269.3540,-1.8508,-0.0245,0.2591,0.3040,-0.0611,-3.6615,0.1318,1.0000,0.0000,1,0,0,0,0,0.1394
43.6329,19.1832,0.0864,96.7277,8.7120,31.3632,8.7120,0.0183,5.4034,269.2384,-1.9316,-0.0245,0.2591,0.3040,-0.0611,-3.6655,0.0657,1.0000,0.0000,1,0,0,0,0,0.1424
43.6945,18.6340,0.0864,96.7208,9.1001,32.7604,9.1001,0.0205,6.3021,269.0961,-2.3106,-0.0245,0.2591,0.3040,-0.0611,-3.6673,0.0298,1.0000,0.0000,1,0,0,0,0,0.1638
43.7542,18.0804,0.0864,96.7127,9.4235,33.9248,9.4235,0.0226,5.4143,268.9746,-2.0338,-0.0245,0.2591,0.3040,-0.0612,-3.6682,0.0153,1.0000,0.0000,1,0,0,0,0,0.1498
43.8287,17.3610,0.0864,96.7003,9.8763,35.5547,9.8763,0.0254,6.0799,268.8000,-2.3450,-0.0245,0.2591,0.3040,-0.0612,-3.6687,0.0058,1.0000,0.0000,1,0,0,0,0,0.1692
43.8798,16.8487,0.0864,96.6904,10.1997,36.7190,10.1997,0.0275,6.3289,268.6720,-2.5044,-0.0245,0.2591,0.3040,-0.0612,-3.6689,0.0043,1.0000,0.0000,1,0,0,0,0,0.1798
43.9329,16.2995,0.0864,96.6786,10.4585,37.6504,10.4584,0.0294,4.8659,268.5676,-1.9630,-0.0245,0.2591,0.3040,-0.0612,-3.6690,0.0014,1.0000,0.0000,1,0,0,0,0,0.1513
43.9876,15.7181,0.0864,96.6649,10.7819,38.8149,10.7819,0.0316,5.9207,268.4348,-2.4315,-0.0245,0.2591,0.3040,-0.0612,-3.6690,0.0007,1.0000,0.0000,1,0,0,0,0,0.1791
44.0453,15.0850,0.0864,96.6485,11.1700,40.2120,11.1700,0.0343,6.7236,268.2719,-2.8223,-0.0245,0.2591,0.3040,-0.0612,-3.6690,0.0004,1.0000,0.0000,1,0,0,0,0,0.2028
44.1005,14.4615,0.0864,96.6310,11.4935,41.3764,11.4934,0.0367,5.8604,268.1332,-2.5126,-0.0245,0.2591,0.3040,-0.0612,-3.6690,0.0002,1.0000,0.0000,1,0,0,0,0,0.1874
44.1550,13.8285,0.0864,96.6117,11.7521,42.3076,11.7521,0.0388,4.7464,268.0203,-2.0720,-0.0245,0.2591,0.3040,-0.0612,-3.6690,0.0001,1.0000,0.0000,1,0,0,0,0,0.1646
44.2060,13.2198,0.0864,96.5918,12.0756,43.4721,12.0755,0.0412,6.3360,267.8769,-2.8089,-0.0245,0.2591,0.3040,-0.0612,-3.6690,0.0000,1.0000,0.0000,1,0,0,0,0,0.2073
44.2594,12.5671,0.0864,96.5690,12.3990,44.6362,12.3989,0.0437,6.0577,267.7308,-2.7366,-0.0245,0.2591,0.3040,-0.0612,-3.6690,0.0000,1.0000,0.0000,1,0,0,0,0,0.2050
44.3192,11.8165,0.0864,96.5409,12.7223,45.8004,12.7222,0.0465,5.4080,267.5820,-2.4875,-0.0245,0.2591,0.3040,-0.0612,-3.6690,0.0000,1.0000,0.0000,1,0,0,0,0,0.1930
44.3771,11.0700,0.0864,96.5110,13.0457,46.9646,13.0456,0.0492,5.5862,267.4306,-2.6157,-0.0245,0.2591,0.3040,-0.0612,-3.6690,0.0000,1.0000,0.0000,1,0,0,0,0,0.2019
44.4284,10.3917,0.0864,96.4821,13.3691,48.1289,13.3690,0.0519,6.2997,267.2765,-3.0019,-0.0245,0.2591,0.3040,-0.0612,-3.6690,0.0000,1.0000,0.0000,1,0,0,0,0,0.2250
44.4804,9.6896,0.0864,96.4504,13.6925,49.2929,13.6924,0.0547,6.2225,267.1197,-3.0181,-0.0245,0.2591,0.3040,-0.0612,-3.6690,0.0000,1.0000,0.0000,1,0,0,0,0,0.2275
44.5379,8.8953,0.0864,96.4126,14.0158,50.4570,14.0157,0.0576,5.6290,266.9600,-2.7791,-0.0245,0.2591,0.3040,-0.0612,-3.6690,0.0000,1.0000,0.0000,1,0,0,0,0,0.2161
44.5890,8.1721,0.0864,96.3762,14.3392,51.6212,14.3391,0.0605,6.3233,266.7978,-3.1727,-0.0245,0.2591,0.3040,-0.0612,-3.6690,0.0000,1.0000,0.0000,1,0,0,0,0,0.2395
44.6391,7.4496,0.0864,96.3381,14.5979,52.5524,14.5978,0.0630,5.1679,266.6661,-2.6303,-0.0245,0.2591,0.3040,-0.0612,-3.6690,0.0000,1.0000,0.0000,1,0,0,0,0,0.2109
44.6898,6.7030,0.0864,96.2968,14.9212,53.7164,14.9211,0.0660,6.3769,266.4990,-3.2952,-0.0245,0.2591,0.3040,-0.0612,-3.6690,0.0000,1.0000,0.0000,1,0,0,0,0,0.2494
44.7402,5.9459,0.0864,96.2530,15.1799,54.6477,15.1798,0.0686,5.1310,266.3635,-2.6877,-0.0245,0.2591,0.3040,-0.0612,-3.6690,0.0000,1.0000,0.0000,1,0,0,0,0,0.2171
44.7944,5.1146,0.0864,96.2026,15.5033,55.8118,15.5031,0.0717,5.9600,266.1918,-3.1650,-0.0245,0.2591,0.3040,-0.0612,-3.6690,0.0000,1.0000,0.0000,1,0,0,0,0,0.2452
44.8607,4.0770,0.0864,96.1364,15.8913,57.2086,15.8911,0.0756,5.8583,265.9821,-3.1669,-0.0245,0.2610,0.3040,-0.0612,-3.6690,0.0000,1.0000,0.0000,1,0,0,0,0,0.2473
44.9164,3.1839,0.0864,96.0765,16.2146,58.3726,16.2144,0.0789,5.7986,265.8044,-3.1853,-0.0245,0.2630,0.3040,-0.0612,-3.6690,0.0000,1.0000,0.0000,1,0,0,0,0,0.2500
44.9701,2.3064,0.0864,96.0151,16.5379,59.5364,16.5377,0.0796,6.0178,265.6338,-3.1760,-0.0186,0.2649,0.3040,-0.0494,-3.6368,0.6007,1.0000,0.0000,1,0,0,0,0,0.2820
45.0265,1.3689,0.0864,95.9467,16.8612,60.7003,16.8611,0.0623,5.7415,265.5397,-1.6708,-0.0147,0.2688,0.3040,-0.0212,-2.8554,13.8750,1.0000,0.0000,1,0,0,0,0,0.9191
45.0847,0.3800,0.0864,95.8720,17.1846,61.8646,17.1846,0.0413,5.5528,265.4958,-0.7535,-0.0088,0.2728,0.3040,-0.0091,-1.7709,18.6211,1.0000,0.0000,1,0,0,0,0,1.1124
45.1401,-0.5785,0.0864,95.7984,17.5081,63.0290,17.5080,0.0312,5.8402,265.4841,-0.2116,-0.0049,0.2864,0.3040,-0.0039,-1.1151,11.8415,1.0000,0.0000,1,0,0,0,0,0.6964
45.1944,-1.5365,0.0864,95.7242,17.8315,64.1933,17.8315,0.0217,5.9497,265.4797,-0.0814,-0.0010,0.3060,0.3040,-0.0017,-0.5933,9.5984,1.0000,0.0000,1,0,0,0,0,0.5561
45.2529,-2.5864,0.0864,95.6422,18.1549,65.3576,18.1549,0.0125,5.5302,265.4766,-0.0527,-0.0010,0.3412,0.3040,-0.0007,-0.3275,4.5458,1.0000,0.0000,1,0,0,0,0,0.2658
45.3109,-3.6459,0.0864,95.5587,18.5430,66.7549,18.5430,0.0026,6.6998,265.4690,-0.1322,0.0029,0.3646,0.3040,-0.0003,-0.1646,2.8110,1.0000,0.0000,1,0,0,0,0,0.1656
45.3787,-4.9119,0.0864,95.4582,18.9312,68.1523,18.9312,0.0024,5.7194,265.4622,-0.0994,0.0029,0.3803,0.3040,-0.0001,-0.0898,1.1016,1.0000,0.0000,1,0,0,0,0,0.0686
45.4377,-6.0341,0.0864,95.3688,19.2547,69.3167,19.2547,0.0047,5.4831,265.4571,-0.0869,0.0049,0.4116,0.3040,0.0000,-0.0371,0.8934,1.0000,0.0000,1,0,0,0,0,0.0581
45.4897,-7.0393,0.0864,95.2886,19.5781,70.4813,19.5781,0.0061,6.2245,265.4520,-0.0987,0.0068,0.4292,0.3040,0.0000,-0.0193,0.3428,1.0000,0.0000,1,0,0,0,0,0.0292
45.5473,-8.1725,0.0864,95.1979,19.9016,71.6457,19.9016,0.0068,5.6124,265.4469,-0.0879,0.0088,0.4467,0.3040,0.0000,-0.0096,0.1686,1.0000,0.0000,1,0,0,0,0,0.0194
45.6002,-9.2241,0.0864,95.1137,19.9721,71.8996,19.9721,0.0073,1.3326,265.4417,-0.0980,0.0107,0.4604,0.3040,0.0000,-0.0054,0.0798,1.0000,0.0000,1,0,0,0,0,0.0154
45.6567,-10.3472,0.0864,95.0237,20.0368,72.1323,20.0368,0.0084,1.1446,265.4410,-0.0130,0.0146,0.4800,0.3040,0.0000,-0.0025,0.0506,1.0000,0.0000,1,0,0,0,0,0.0098
45.7100,-11.4065,0.0864,94.9386,19.8427,71.4336,19.8427,0.0110,-3.6445,265.4468,0.1089,0.0166,0.4878,0.3040,0.0000,-0.0014,0.0215,1.0000,0.0000,1,0,0,0,0,0.0155
45.7684,-12.5658,0.0864,94.8456,19.9073,71.6664,19.9073,0.0198,1.1075,265.4727,0.4433,0.0205,0.5073,0.3040,0.0204,0.1643,2.8380,1.0000,0.0000,1,0,0,0,0,0.1972
45.8211,-13.6135,0.0864,94.7616,19.9721,71.8994,19.9720,0.0463,1.2275,265.5839,2.1091,0.0225,0.5210,0.3040,0.0404,0.9882,15.6265,1.0000,0.0000,1,0,0,0,0,1.0201
45.8740,-14.6663,0.0864,94.6786,19.9720,71.8993,19.9719,0.0623,-0.0004,265.7065,2.3157,0.0264,0.5347,0.3040,0.0513,1.8167,15.6448,1.0000,0.0000,1,0,0,0,0,1.0446
45.9261,-15.7018,0.0864,94.5984,20.0367,72.1321,20.0365,0.0934,1.2418,265.8920,3.5638,0.0264,0.5445,0.3040,0.0597,2.5882,14.8210,1.0000,0.0000,1,0,0,0,0,1.0913
45.9765,-16.7054,0.0864,94.5226,19.8427,71.4338,19.8424,0.1186,-3.8447,266.1038,4.1987,0.0303,0.5601,0.3040,0.0680,3.1877,11.8833,1.0000,0.0000,1,0,0,0,0,0.9831
46.0285,-17.7373,0.0864,94.4472,19.8427,71.4337,19.8422,0.1366,-0.0003,266.2937,3.6559,0.0342,0.5797,0.3040,0.0749,3.6686,9.2609,1.0000,0.0000,1,0,0,0,0,0.8208
46.0831,-18.8229,0.0864,94.3714,19.9072,71.6661,19.9066,0.1586,1.1819,266.5591,4.8610,0.0361,0.5992,0.3040,0.0837,4.2327,10.3310,1.0000,0.0000,1,0,0,0,0,0.9635
46.1428,-20.0123,0.0864,94.2930,20.0365,72.1313,20.0357,0.1809,2.1621,266.9052,5.7901,0.0381,0.6168,0.3040,0.0904,4.7368,8.4355,1.0000,0.0000,1,0,0,0,0,0.9257
46.2017,-21.1850,0.0864,94.2212,19.8427,71.4338,19.8418,0.1946,-3.2899,267.2096,5.1699,0.0401,0.6344,0.3040,0.0939,5.1496,7.0095,1.0000,0.0000,1,0,0,0,0,0.8237
46.2610,-22.3638,0.0864,94.1550,19.9072,71.6659,19.9061,0.2062,1.0876,267.5267,5.3510,0.0401,0.6520,0.3040,0.0975,5.4657,5.3341,1.0000,0.0000,1,0,0,0,0,0.7490
46.3135,-23.4090,0.0864,94.1017,19.9718,71.8984,19.9706,0.2154,1.2308,267.8519,6.1952,0.0420,0.6696,0.3040,0.0997,5.6841,4.1603,1.0000,0.0000,1,0,0,0,0,0.7371
46.3739,-24.6130,0.0864,94.0468,20.0363,72.1306,20.0350,0.2236,1.0681,268.1877,5.5606,0.0420,0.6696,0.3040,0.1028,5.8950,3.4920,1.0000,0.0000,1,0,0,0,0,0.6704
46.4268,-25.6679,0.0864,94.0048,19.8427,71.4337,19.8414,0.2298,-3.6547,268.5298,6.4583,0.0420,0.6696,0.3040,0.1040,6.0558,3.0356,1.0000,0.0000,1,0,0,0,0,0.7011
46.4785,-26.6978,0.0864,93.9692,19.9072,71.6657,19.9058,0.2343,1.2467,268.8741,6.6603,0.0420,0.6696,0.3040,0.1046,6.1602,2.0201,1.0000,0.0000,1,0,0,0,0,0.6588
46.5296,-27.7151,0.0864,93.9397,19.9072,71.6659,19.9058,0.2364,0.0008,269.1507,5.4164,0.0420,0.6696,0.3040,0.1048,6.2168,1.1089,1.0000,0.0000,1,0,0,0,0,0.5406
46.5846,-28.8118,0.0864,93.9141,19.9716,71.8979,19.9703,0.2361,1.1716,269.4967,6.2902,0.0420,0.6696,0.3040,0.1049,6.2574,0.7380,1.0000,0.0000,1,0,0,0,0,0.5678
46.6367,-29.8502,0.0864,93.8963,20.0362,72.1302,20.0349,0.2293,1.2396,269.8430,6.6522,0.0420,0.6696,0.3040,0.1050,6.2757,0.3519,1.0000,0.0000,1,0,0,0,0,0.5608
46.6978,-31.0692,0.0864,93.8829,19.9072,71.6659,19.9058,0.2338,-2.1087,270.2587,6.7966,0.0420,0.6696,0.3040,0.1050,6.2885,0.2082,1.0000,0.0000,1,0,0,0,0,0.5653
46.7565,-32.2395,0.0864,93.8773,19.9717,71.8981,19.9703,0.2371,1.0989,270.6053,5.9045,0.0420,0.6696,0.3040,0.1050,6.2952,0.1148,1.0000,0.0000,1,0,0,0,0,0.5125
46.8159,-33.4245,0.0864,93.8792,20.0362,72.1302,20.0347,0.2392,1.0854,270.9521,5.8392,0.0420,0.6696,0.3040,0.1050,6.2982,0.0503,1.0000,0.0000,1,0,0,0,0,0.5062
46.8667,-34.4383,0.0864,93.8868,19.8427,71.4336,19.8412,0.2400,-3.8064,271.2989,6.8228,0.0420,0.6696,0.3040,0.1050,6.2996,0.0268,1.0000,0.0000,1,0,0,0,0,0.5620
46.9327,-35.7515,0.0864,93.9049,19.9716,71.8978,19.9702,0.2409,1.9559,271.7146,6.3062,0.0420,0.6696,0.3040,0.1050,6.3003,0.0119,1.0000,0.0000,1,0,0,0,0,0.5320
46.9842,-36.7798,0.0864,93.9257,19.9717,71.8979,19.9702,0.2410,0.0007,271.9919,5.3777,0.0420,0.6540,0.3040,0.1050,6.3008,0.0094,1.0000,0.0000,1,0,0,0,0,0.4803
47.0396,-37.8850,0.0864,93.9544,20.0362,72.1302,20.0347,0.2414,1.1647,272.3387,6.2588,0.0420,0.6247,0.3040,0.1050,6.3010,0.0034,1.0000,0.0000,1,0,0,0,0,0.5286
47.0954,-38.9956,0.0864,93.9900,19.8426,71.4334,19.8412,0.2411,-3.4710,272.6855,6.2197,0.0420,0.5758,0.3040,0.1050,6.3011,0.0018,1.0000,0.0000,1,0,0,0,0,0.5279
47.1554,-40.1908,0.0864,94.0359,19.9717,71.8980,19.9702,0.2383,2.1503,273.0900,6.7408,0.0381,0.5152,0.3040,0.1000,6.2343,1.1129,1.0000,0.0000,1,0,0,0,0,0.6153
47.2066,-41.2102,0.0864,94.0811,19.9717,71.8980,19.9703,0.2317,0.0003,273.3425,4.9341,0.0342,0.4526,0.3040,0.0933,6.0038,4.5059,1.0000,0.0000,1,0,0,0,0,0.6984
47.2689,-42.4515,0.0864,94.1436,19.8427,71.4338,19.8416,0.2157,-2.0697,273.6842,5.4847,0.0283,0.3568,0.3040,0.0814,5.6182,6.1884,1.0000,0.0000,1,0,0,0,0,0.8116
47.3191,-43.4511,0.0864,94.1994,19.8427,71.4337,19.8417,0.2010,-0.0005,273.8825,3.9478,0.0225,0.3099,0.3040,0.0717,5.1067,10.1828,1.0000,0.0000,1,0,0,0,0,0.9370
47.3695,-44.4538,0.0864,94.2599,19.9073,71.6664,19.9066,0.1702,1.2825,274.0644,3.6103,0.0146,0.2454,0.3040,0.0400,4.3459,15.0986,1.0000,0.0000,1,0,0,0,0,1.1676
47.4394,-45.8451,0.0864,94.3501,20.0365,72.1314,20.0362,0.1150,1.8490,274.1511,1.2410,0.0068,0.2121,0.3040,0.0145,2.9178,20.4398,1.0000,0.0000,1,0,0,0,0,1.2906
47.4988,-47.0255,0.0864,94.4306,19.9074,71.6666,19.9073,0.0717,-2.1741,274.1786,0.4625,-0.0049,0.1730,0.3040,0.0053,1.5601,22.8620,1.0000,0.0000,1,0,0,0,0,1.3498
47.5539,-48.1225,0.0864,94.5074,19.9645,71.8722,19.9645,0.0476,1.0355,274.1844,0.1051,-0.0147,0.1339,0.3040,0.0023,0.8354,13.1369,0.9765,0.0000,1,0,0,0,0,0.7714
47.6064,-49.1648,0.0864,94.5814,19.9251,71.7305,19.9251,0.0325,-0.7509,274.1790,-0.1018,-0.0206,0.0987,0.3040,-0.0068,0.4882,6.6212,0.8773,0.0000,1,0,0,0,0,0.3979
47.6672,-50.3777,0.0864,94.6682,19.9652,71.8746,19.9652,0.0108,0.6575,274.0626,-1.9123,-0.0264,0.0577,0.3040,-0.0415,-0.5705,17.3899,0.6409,0.0000,1,0,0,0,0,1.0804
47.7249,-51.5201,0.0864,94.7495,19.7520,71.1072,19.7519,0.0488,-3.6999,273.8968,-2.8784,-0.0342,0.0225,0.3040,-0.0614,-1.9258,23.5244,0.4312,0.0000,1,0,0,0,0,1.5039
47.7751,-52.5010,0.0864,94.8179,19.3031,69.4911,19.3029,0.0814,-8.9337,273.6871,-4.1722,-0.0362,-0.0088,0.3040,-0.0776,-2.9932,21.2413,0.2265,0.0000,1,0,0,0,0,1.4751
47.8251,-53.4537,0.0864,94.8824,18.8163,67.7385,18.8160,0.1014,-9.7299,273.5007,-3.7267,-0.0420,-0.0361,0.3040,-0.0890,-3.9183,18.4888,0.1279,0.0000,1,0,0,0,0,1.3150
47.8869,-54.5890,0.0864,94.9559,17.9785,64.7225,17.9781,0.1215,-13.5691,273.1978,-4.9048,-0.0459,-0.0713,0.3040,-0.1024,-4.8738,15.4765,0.0542,0.0000,1,0,0,0,0,1.2336
47.9383,-55.4970,0.0864,95.0114,17.3832,62.5794,17.3827,0.1303,-11.5762,272.9834,-4.1700,-0.0499,-0.0909,0.3040,-0.1117,-5.5728,13.5920,0.0306,0.0000,1,0,0,0,0,1.0992
47.9911,-56.3926,0.0864,95.0628,16.6188,59.8277,16.6182,0.1361,-14.4674,272.7061,-5.2477,-0.0538,-0.0968,0.3040,-0.1213,-6.3114,13.9792,0.0150,0.0000,1,0,0,0,0,1.1910
48.0450,-57.2665,0.0864,95.1093,15.8429,57.0344,15.8423,0.1391,-14.3960,272.4168,-5.3688,-0.0596,-0.0968,0.3040,-0.1339,-6.9858,12.5131,0.0073,0.0000,1,0,0,0,0,1.1251
48.0963,-58.0602,0.0864,95.1481,15.0614,54.2209,15.0607,0.1392,-15.2489,272.1180,-5.8301,-0.0596,-0.0968,0.3040,-0.1426,-7.6315,12.5998,0.0036,0.0000,1,0,0,0,0,1.1625
48.1474,-58.8152,0.0864,95.1817,14.4341,51.9626,14.4334,0.1362,-12.2640,271.8816,-4.6208,-0.0596,-0.0968,0.3040,-0.1458,-8.1251,9.6489,0.0020,0.0000,1,0,0,0,0,0.9342
48.1993,-59.5430,0.0864,95.2106,13.6486,49.1349,13.6480,0.1285,-15.1526,271.5957,-5.5156,-0.0596,-0.0968,0.3040,-0.1477,-8.4356,5.9891,0.0010,0.0000,1,0,0,0,0,0.7804
48.2505,-60.2251,0.0864,95.2346,13.0196,46.8707,13.0191,0.1206,-12.2746,271.3766,-4.2758,-0.0596,-0.0968,0.3040,-0.1484,-8.6610,4.3996,0.0006,0.0000,1,0,0,0,0,0.6209
48.3084,-60.9516,0.0864,95.2566,12.0758,43.4728,12.0753,0.1072,-16.2942,271.0616,-5.4380,-0.0616,-0.0968,0.3040,-0.1520,-8.8511,3.2825,0.0002,0.0000,1,0,0,0,0,0.6176
48.3619,-61.5804,0.0864,95.2729,11.4465,41.2074,11.4460,0.1045,-11.7637,270.8703,-3.5770,-0.0616,-0.0968,0.3040,-0.1530,-9.0043,2.8640,0.0001,0.0000,1,0,0,0,0,0.4948
48.4133,-62.1456,0.0864,95.2855,10.6597,38.3749,10.6593,0.0953,-15.3235,270.6446,-4.3952,-0.0616,-0.0968,0.3040,-0.1536,-9.0926,1.7191,0.0001,0.0000,1,0,0,0,0,0.4738
48.4723,-62.7493,0.0864,95.2961,9.8730,35.5427,9.8727,0.0803,-13.3354,270.4349,-3.5549,-0.0616,-0.0968,0.3040,-0.1538,-9.1524,1.0131,0.0000,0.0000,1,0,0,0,0,0.3757
48.5236,-63.2343,0.0864,95.3029,9.0863,32.7105,9.0860,0.0739,-15.3222,270.2319,-3.9525,-0.0596,-0.0968,0.3040,-0.1525,-9.1894,0.7207,0.0000,0.0000,1,0,0,0,0,0.3816
48.5771,-63.6996,0.0864,95.3076,8.2995,29.8782,8.2993,0.0568,-14.7243,270.0595,-3.2264,-0.0518,-0.0968,0.3040,-0.1432,-9.0563,2.4898,0.0000,0.0000,1,0,0,0,0,0.4202
48.6370,-64.1731,0.0864,95.3103,7.5129,27.0463,7.5127,0.0424,-13.1319,269.9092,-2.5096,-0.0440,-0.0968,0.3040,-0.1280,-8.5747,8.0408,0.0000,0.0000,1,0,0,0,0,0.6709
48.6924,-64.5661,0.0864,95.3111,6.7263,24.2145,6.7262,0.0295,-14.1868,269.7917,-2.1190,-0.0323,-0.0968,0.3040,-0.1061,-7.8398,13.2541,0.0000,0.0000,1,0,0,0,0,0.9199
48.7541,-64.9520,0.0864,95.3107,5.7824,20.8166,5.7824,0.0161,-15.3016,269.6947,-1.5733,-0.0186,-0.0968,0.3040,-0.0695,-6.5844,20.3510,0.0000,0.0000,1,0,0,0,0,1.2598
48.8131,-65.2706,0.0864,95.3095,4.9958,17.9850,4.9958,0.0065,-13.3363,269.6574,-0.6318,-0.0069,-0.0968,0.3040,-0.0299,-4.6997,31.9558,0.0000,0.0000,1,0,0,0,0,1.8298
48.8727,-65.5426,0.0864,95.3079,4.2093,15.1537,4.2093,0.0001,-13.1976,269.6404,-0.2852,0.0029,-0.0968,0.3040,-0.0128,-2.8155,31.6186,0.0000,0.0000,1,0,0,0,0,1.7730
48.9234,-65.7343,0.0864,95.3064,3.4227,12.3218,3.4227,0.0040,-15.4903,269.6310,-0.1851,0.0088,-0.0909,0.3040,-0.0055,-1.6546,22.8610,0.0000,0.0000,1,0,0,0,0,1.2980
48.9870,-65.9231,0.0864,95.3048,2.4789,8.9239,2.4789,0.0062,-14.8437,269.6231,-0.1243,0.0146,-0.0889,0.3040,-0.0020,-0.9890,10.4666,0.0000,0.0000,1,0,0,0,0,0.6256
49.0424,-66.0409,0.0864,95.3036,1.6923,6.0923,1.6923,0.0065,-14.2022,269.6176,-0.0992,0.0186,-0.0791,0.3040,-0.0009,-0.4588,9.5734,0.0000,0.0000,1,0,0,0,0,0.5953
49.0934,-66.1109,0.0864,95.3027,1.0631,3.8270,1.0630,0.0061,-12.3497,269.6159,-0.0335,0.0225,-0.0557,0.3040,0.0255,0.1171,11.3034,0.0000,0.0000,1,0,0,0,0,0.7158
49.1510,-66.1457,0.0864,95.3021,0.1192,0.4291,0.1192,0.0027,-16.3621,269.6136,-0.0397,0.0244,-0.0303,0.3040,0.0470,1.2531,19.6930,0.0000,0.0000,1,0,0,0,0,1.0963
49.2073,-66.1470,0.0864,95.3021,0.0001,0.0004,0.0000,0.0001,-2.1185,269.6128,-0.0152,0.0264,0.0147,0.3040,0.0564,2.1969,16.7894,0.0183,0.0000,1,0,0,0,0,0.9336
49.2600,-66.1470,0.0864,95.3021,0.0001,0.0004,0.0000,0.0001,0.0002,269.6149,0.0411,0.0283,0.0499,0.3040,0.0635,2.8923,13.1960,0.1115,0.0000,1,0,0,0,0,0.7354
49.3144,-66.1470,0.0864,95.3020,0.0006,0.0021,-0.0001,0.0006,0.0085,269.6250,0.1849,0.0303,0.1066,0.3040,0.0696,3.4181,9.6554,0.3676,0.0000,1,0,0,0,0,0.5467
49.3713,-66.1470,0.0864,95.3019,0.0015,0.0053,0.0003,0.0014,0.0154,269.6439,0.3317,0.0303,0.1476,0.3040,0.0731,3.9032,8.5310,0.6286,0.0000,1,0,0,0,0,0.4924
49.4287,-66.1483,0.0864,95.3017,0.0864,0.3109,0.0863,0.0017,1.4778,269.6809,0.6444,0.0342,0.1809,0.3040,0.0786,4.1868,4.9365,0.8425,0.0000,1,0,0,0,0,0.3100
49.4829,-66.1570,0.0864,95.3015,0.2460,0.8857,0.2460,0.0024,2.9452,269.7156,0.6412,0.0342,0.2004,0.3040,0.0820,4.5616,6.9140,0.9111,0.0000,1,0,0,0,0,0.4197
49.5361,-66.1777,0.0864,95.3012,0.5038,1.8138,0.5038,0.0035,4.8492,269.7668,0.9631,0.0361,0.2551,0.3040,0.0868,4.8126,4.7199,0.9565,0.0000,1,0,0,0,0,0.4213
49.5953,-66.2173,0.0864,95.3007,0.8557,3.0806,0.8557,0.0050,5.9399,269.8394,1.2240,0.0381,0.2669,0.3040,0.0922,5.1252,5.2785,0.9815,0.0000,1,0,0,0,0,0.4483
49.6480,-66.2687,0.0864,95.3002,1.1029,3.9703,1.1028,0.0059,4.6942,269.8936,1.0306,0.0401,0.2669,0.3040,0.0956,5.3627,4.5097,0.9896,0.0000,1,0,0,0,0,0.3883
49.7016,-66.3370,0.0864,95.2997,1.4187,5.1072,1.4186,0.0072,5.8887,269.9683,1.3925,0.0420,0.2669,0.3040,0.0996,5.6070,4.5564,0.9949,0.0000,1,0,0,0,0,0.4063
49.7568,-66.4245,0.0864,95.2992,1.7383,6.2580,1.7383,0.0085,5.7915,270.0508,1.4944,0.0420,0.2669,0.3040,0.1027,5.8408,4.2348,0.9975,0.0000,1,0,0,0,0,0.3916
49.8117,-66.5290,0.0864,95.2988,2.0599,7.4158,2.0599,0.0099,5.8571,270.1395,1.6157,0.0420,0.2669,0.3040,0.1040,6.0324,3.4900,0.9988,0.0000,1,0,0,0,0,0.3554
49.8636,-66.6437,0.0864,95.2986,2.3824,8.5767,2.3824,0.0113,6.2188,270.2336,1.8156,0.0420,0.2669,0.3040,0.1046,6.1422,2.1177,0.9994,0.0000,1,0,0,0,0,0.2895
49.9156,-66.7745,0.0864,95.2985,2.6408,9.5069,2.6408,0.0124,4.9701,270.3124,1.5150,0.0420,0.2669,0.3040,0.1048,6.2064,1.2341,0.9997,0.0000,1,0,0,0,0,0.2232
49.9744,-66.9413,0.0864,95.2987,3.0286,10.9030,3.0286,0.0143,6.5977,270.4372,2.1224,0.0440,0.2669,0.3040,0.1069,6.2661,1.0160,0.9999,0.0000,1,0,0,0,0,0.2451
50.0275,-67.1093,0.0864,95.2993,3.2873,11.8341,3.2872,0.0156,4.8696,270.5260,1.6732,0.0440,0.2669,0.3040,0.1084,6.3607,1.7806,0.9999,0.0000,1,0,0,0,0,0.2631
50.0888,-67.3240,0.0864,95.3004,3.6753,13.2311,3.6753,0.0178,6.3222,270.6666,2.2906,0.0440,0.2669,0.3040,0.1093,6.4557,1.5481,1.0000,0.0000,1,0,0,0,0,0.2859
50.1496,-67.5582,0.0864,95.3022,3.9987,14.3954,3.9987,0.0196,5.3193,270.7896,2.0217,0.0440,0.2669,0.3040,0.1097,6.5182,1.0275,1.0000,0.0000,1,0,0,0,0,0.2430
50.2104,-67.8140,0.0864,95.3047,4.3868,15.7924,4.3867,0.0220,6.3835,270.9438,2.5371,0.0440,0.2669,0.3040,0.1098,6.5538,0.5856,1.0000,0.0000,1,0,0,0,0,0.2487
50.2664,-68.0686,0.0864,95.3079,4.7102,16.9568,4.7102,0.0240,5.7777,271.0777,2.3926,0.0440,0.2669,0.3040,0.1099,6.5741,0.3633,1.0000,0.0000,1,0,0,0,0,0.2297
50.3190,-68.3244,0.0864,95.3116,5.0336,18.1209,5.0335,0.0262,6.1474,271.2165,2.6375,0.0440,0.2669,0.3040,0.1099,6.5832,0.1737,1.0000,0.0000,1,0,0,0,0,0.2343
50.3724,-68.6002,0.0864,95.3162,5.3570,19.2851,5.3569,0.0284,6.0630,271.3600,2.6920,0.0440,0.2669,0.3040,0.1099,6.5879,0.0868,1.0000,0.0000,1,0,0,0,0,0.2340
50.4247,-68.8870,0.0864,95.3217,5.6157,20.2166,5.6157,0.0302,4.9445,271.4784,2.2614,0.0440,0.2669,0.3040,0.1099,6.5908,0.0569,1.0000,0.0000,1,0,0,0,0,0.2095
50.4750,-69.1779,0.0864,95.3279,5.9391,21.3806,5.9390,0.0327,6.4221,271.6306,3.0235,0.0440,0.2669,0.3040,0.1099,6.5924,0.0301,1.0000,0.0000,1,0,0,0,0,0.2522
50.5337,-69.5357,0.0864,95.3366,6.2624,22.5448,6.2623,0.0351,5.5089,271.7876,2.6748,0.0440,0.2669,0.3040,0.1099,6.5933,0.0168,1.0000,0.0000,1,0,0,0,0,0.2337
50.5918,-69.9096,0.0864,95.3466,6.5858,23.7090,6.5857,0.0377,5.5650,271.9495,2.7848,0.0440,0.2669,0.3040,0.1099,6.5938,0.0075,1.0000,0.0000,1,0,0,0,0,0.2411
50.6493,-70.2987,0.0864,95.3583,6.9738,25.1058,6.9737,0.0349,6.7510,272.1498,3.4855,0.0440,0.2669,0.3040,0.1099,6.5940,0.0035,1.0000,0.0000,1,0,0,0,0,0.2689
50.7068,-70.7070,0.0864,95.3723,7.2972,26.2701,7.2972,0.0313,5.6292,272.3217,2.9921,0.0440,0.2669,0.3040,0.1099,6.5941,0.0019,1.0000,0.0000,1,0,0,0,0,0.2308
50.7596,-71.0994,0.0864,95.3872,7.5560,27.2016,7.5559,0.0307,4.8961,272.4627,2.6690,0.0440,0.2669,0.3040,0.1099,6.5941,0.0008,1.0000,0.0000,1,0,0,0,0,0.2092
50.8186,-71.5561,0.0864,95.4060,7.9441,28.5989,7.9441,0.0319,6.5862,272.6799,3.6854,0.0440,0.2669,0.3040,0.1099,6.5942,0.0005,1.0000,0.0000,1,0,0,0,0,0.2651
50.8781,-72.0382,0.0864,95.4272,8.2674,29.7628,8.2673,0.0401,5.4276,272.8665,3.1324,0.0440,0.2669,0.3040,0.1099,6.5942,0.0002,1.0000,0.0000,1,0,0,0,0,0.2469
50.9283,-72.4599,0.0864,95.4467,8.5908,30.9270,8.5907,0.0493,6.4509,273.0581,3.8216,0.0440,0.2669,0.3040,0.1099,6.5942,0.0001,1.0000,0.0000,1,0,0,0,0,0.2984
50.9883,-72.9843,0.0864,95.4723,8.9142,32.0911,8.9140,0.0558,5.3852,273.2545,3.2699,0.0440,0.2669,0.3040,0.1099,6.5942,0.0000,1.0000,0.0000,1,0,0,0,0,0.2755
51.0475,-73.5216,0.0864,95.5003,9.2375,33.2550,9.2373,0.0610,5.4608,273.4557,3.4000,0.0440,0.2669,0.3040,0.1099,6.5942,0.0000,1.0000,0.0000,1,0,0,0,0,0.2879
51.1097,-74.1077,0.0864,95.5330,9.6254,34.6516,9.6252,0.0664,6.2408,273.7036,3.9870,0.0440,0.2669,0.3040,0.1099,6.5942,0.0000,1.0000,0.0000,1,0,0,0,0,0.3250
51.1724,-74.7220,0.0864,95.5696,10.0134,36.0481,10.0131,0.0715,6.1818,273.9582,4.0574,0.0440,0.2669,0.3040,0.1099,6.5942,0.0000,1.0000,0.0000,1,0,0,0,0,0.3325
51.2311,-75.3170,0.0864,95.6075,10.3366,37.2117,10.3363,0.0754,5.5082,274.1748,3.6919,0.0420,0.2669,0.3040,0.1085,6.5901,0.0703,1.0000,0.0000,1,0,0,0,0,0.3184
51.2920,-75.9554,0.0864,95.6505,10.6599,38.3755,10.6596,0.0776,5.3091,274.3857,3.4637,0.0361,0.2669,0.3040,0.1010,6.4393,2.4764,1.0000,0.0000,1,0,0,0,0,0.4393
51.3536,-76.6226,0.0864,95.6983,11.0478,39.7720,11.0475,0.0764,6.3012,274.6117,3.6703,0.0264,0.2669,0.3040,0.0838,5.9977,7.1722,1.0000,0.0000,1,0,0,0,0,0.7061
51.4119,-77.2746,0.0864,95.7474,11.3709,40.9354,11.3707,0.0679,5.5429,274.7460,2.3031,0.0146,0.2669,0.3040,0.0461,5.0785,15.7671,1.0000,0.0000,1,0,0,0,0,1.0934
51.4663,-77.9015,0.0864,95.7965,11.6943,42.0996,11.6942,0.0517,5.9364,274.8039,1.0627,0.0049,0.2669,0.3040,0.0198,3.5404,28.2328,1.0000,0.0000,1,0,0,0,0,1.6939
51.5238,-78.5816,0.0864,95.8513,12.0178,43.2639,12.0177,0.0373,5.6254,274.8263,0.3907,-0.0069,0.2669,0.3040,0.0085,1.9957,26.8691,1.0000,0.0000,1,0,0,0,0,1.5609
51.5773,-79.2316,0.0864,95.9044,12.3412,44.4283,12.3412,0.0268,6.0468,274.8333,0.1295,-0.0166,0.2669,0.3040,0.0037,1.1694,15.4469,1.0000,0.0000,1,0,0,0,0,0.8979
51.6356,-79.9593,0.0864,95.9646,12.6646,45.5926,12.6646,0.0152,5.5444,274.8117,-0.3699,-0.0245,0.2669,0.3040,-0.0210,0.3872,13.4097,1.0000,0.0000,1,0,0,0,0,0.7836
51.6965,-80.7395,0.0864,96.0292,13.0527,46.9898,13.0527,0.0092,6.3785,274.6877,-2.0367,-0.0303,0.2669,0.3040,-0.0532,-1.0138,23.0250,1.0000,0.0000,1,0,0,0,0,1.4029
51.7568,-81.5342,0.0864,96.0944,13.3762,48.1543,13.3762,0.0320,5.3624,274.5218,-2.7512,-0.0362,0.2669,0.3040,-0.0730,-2.5192,24.9558,1.0000,0.0000,1,0,0,0,0,1.5752
51.8104,-82.2573,0.0864,96.1525,13.6995,49.3183,13.6994,0.0537,6.0393,274.3131,-3.8971,-0.0401,0.2669,0.3040,-0.0871,-3.5567,19.3791,1.0000,0.0000,1,0,0,0,0,1.3519
51.8681,-83.0557,0.0864,96.2146,14.0229,50.4825,14.0228,0.0719,5.6033,274.0784,-4.0677,-0.0420,0.2669,0.3040,-0.0970,-4.7094,19.9706,1.0000,0.0000,1,0,0,0,0,1.4124
51.9271,-83.8919,0.0864,96.2767,14.4109,51.8793,14.4106,0.0896,6.5767,273.7749,-5.1445,-0.0420,0.2669,0.3040,-0.1022,-5.3707,11.2095,1.0000,0.0000,1,0,0,0,0,1.0018
51.9845,-84.7261,0.0864,96.3354,14.7342,53.0429,14.7338,0.1030,5.6257,273.4991,-4.7994,-0.0420,0.2669,0.3040,-0.1038,-5.8150,7.7343,1.0000,0.0000,1,0,0,0,0,0.8012
52.0382,-85.5232,0.0864,96.3882,15.0573,54.2063,15.0569,0.1136,6.0176,273.2161,-5.2699,-0.0420,0.2669,0.3040,-0.1046,-6.0184,3.7872,1.0000,0.0000,1,0,0,0,0,0.6163
52.0944,-86.3751,0.0864,96.4407,15.3804,55.3694,15.3799,0.1223,5.7529,272.9273,-5.1424,-0.0420,0.2669,0.3040,-0.1049,-6.1688,2.6767,1.0000,0.0000,1,0,0,0,0,0.5537
52.1463,-87.1789,0.0864,96.4866,15.6389,56.3000,15.6384,0.1285,4.9793,272.6925,-4.5238,-0.0420,0.2669,0.3040,-0.1050,-6.2270,1.1225,1.0000,0.0000,1,0,0,0,0,0.4370
52.2114,-88.2090,0.0864,96.5401,16.0265,57.6955,16.0259,0.1367,5.9580,272.3345,-5.5023,-0.0420,0.2669,0.3040,-0.1051,-6.2670,0.6141,1.0000,0.0000,1,0,0,0,0,0.4678
52.2697,-89.1545,0.0864,96.5839,16.3495,58.8583,16.3489,0.1432,5.5317,272.0310,-5.1976,-0.0420,0.2669,0.3040,-0.1051,-6.2876,0.3538,1.0000,0.0000,1,0,0,0,0,0.4398
52.3356,-90.2441,0.0864,96.6281,16.7371,60.2536,16.7364,0.1506,5.8900,271.6607,-5.6274,-0.0420,0.2669,0.3040,-0.1051,-6.2970,0.1424,1.0000,0.0000,1,0,0,0,0,0.4556
52.3893,-91.1532,0.0864,96.6598,17.0600,61.4161,17.0593,0.1568,6.0070,271.3470,-5.8359,-0.0420,0.2669,0.3040,-0.1051,-6.3014,0.0824,1.0000,0.0000,1,0,0,0,0,0.4666
52.4408,-92.0402,0.0864,96.6863,17.3830,62.5788,17.3822,0.1628,6.2700,271.0287,-6.1782,-0.0420,0.2669,0.3040,-0.1051,-6.3036,0.0417,1.0000,0.0000,1,0,0,0,0,0.4861
52.4951,-92.9912,0.0864,96.7098,17.7058,63.7410,17.7050,0.1690,5.9502,270.7059,-5.9498,-0.0420,0.2669,0.3040,-0.1051,-6.3047,0.0208,1.0000,0.0000,1,0,0,0,0,0.4749
52.5514,-93.9973,0.0864,96.7291,18.0288,64.9036,18.0279,0.1754,5.7304,270.3785,-5.8101,-0.0420,0.2669,0.3040,-0.1051,-6.3052,0.0092,1.0000,0.0000,1,0,0,0,0,0.4692
52.6063,-94.9949,0.0864,96.7428,18.3516,66.0656,18.3507,0.1817,5.8820,270.0466,-6.0481,-0.0420,0.2669,0.3040,-0.1051,-6.3055,0.0052,1.0000,0.0000,1,0,0,0,0,0.4848
52.6581,-95.9519,0.0864,96.7506,18.6098,66.9952,18.6088,0.1871,4.9887,269.7777,-5.1948,-0.0420,0.2669,0.3040,-0.1051,-6.3057,0.0026,1.0000,0.0000,1,0,0,0,0,0.4396
52.7186,-97.0908,0.0864,96.7534,18.9971,68.3895,18.9961,0.1949,6.3986,269.3688,-6.7557,-0.0420,0.2669,0.3040,-0.1051,-6.3057,0.0013,1.0000,0.0000,1,0,0,0,0,0.5293
52.7744,-98.1606,0.0864,96.7494,19.3197,69.5511,19.3187,0.2011,5.7777,269.0244,-6.1656,-0.0401,0.2669,0.3040,-0.1037,-6.3017,0.0729,1.0000,0.0000,1,0,0,0,0,0.5027
52.8334,-99.3090,0.0864,96.7382,19.6425,70.7129,19.6414,0.2046,5.4763,268.6863,-5.7381,-0.0362,0.2669,0.3040,-0.0990,-6.1985,1.7497,1.0000,0.0000,1,0,0,0,0,0.5722
52.8837,-100.3050,0.0864,96.7227,19.9652,71.8746,19.9641,0.2036,6.4160,268.3640,-6.4090,-0.0342,0.2669,0.3040,-0.0927,-5.9845,4.2555,1.0000,0.0000,1,0,0,0,0,0.7454
52.9353,-101.3344,0.0864,96.7013,19.9718,71.8985,19.9708,0.1992,0.1287,268.1205,-4.7155,-0.0323,0.2669,0.3040,-0.0873,-5.6939,5.6279,1.0000,0.0000,1,0,0,0,0,0.7243
52.9859,-102.3435,0.0864,96.6752,20.0365,72.1313,20.0356,0.1901,1.2779,267.8357,-5.6285,-0.0303,0.2669,0.3040,-0.0811,-5.4106,5.5998,1.0000,0.0000,1,0,0,0,0,0.7661
53.0366,-103.3542,0.0864,96.6442,19.8427,71.4337,19.8419,0.1804,-3.8225,267.5655,-5.3305,-0.0303,0.2669,0.3040,-0.0781,-5.0833,6.4565,1.0000,0.0000,1,0,0,0,0,0.7912
53.1081,-104.7779,0.0864,96.5925,19.9718,71.8986,19.9711,0.1725,1.8058,267.2495,-4.4189,-0.0303,0.2669,0.3040,-0.0766,-4.8674,3.0189,1.0000,0.0000,1,0,0,0,0,0.5428
53.1588,-105.7877,0.0864,96.5505,20.0365,72.1314,20.0358,0.1682,1.2760,266.9886,-5.1484,-0.0303,0.2669,0.3040,-0.0762,-4.7032,3.2403,1.0000,0.0000,1,0,0,0,0,0.5919
53.2089,-106.7870,0.0864,96.5046,20.0365,72.1313,20.0358,0.1660,-0.0004,266.7808,-4.1455,-0.0303,0.2669,0.3040,-0.0760,-4.6362,1.3368,1.0000,0.0000,1,0,0,0,0,0.4288
53.2613,-107.8302,0.0864,96.4522,19.8427,71.4338,19.8421,0.1637,-3.6990,266.5213,-4.9535,-0.0303,0.2669,0.3040,-0.0759,-4.5987,0.7155,1.0000,0.0000,1,0,0,0,0,0.4387
53.3193,-108.9840,0.0864,96.3889,19.9073,71.6663,19.9066,0.1626,1.1134,266.2622,-4.4667,-0.0303,0.2669,0.3040,-0.0758,-4.5729,0.4461,1.0000,0.0000,1,0,0,0,0,0.3955
53.3816,-110.2251,0.0864,96.3147,20.0365,72.1314,20.0359,0.1620,2.0729,265.9513,-4.9882,-0.0303,0.2669,0.3040,-0.0758,-4.5602,0.2037,1.0000,0.0000,1,0,0,0,0,0.4097
53.4404,-111.3959,0.0864,96.2388,19.8426,71.4335,19.8420,0.1606,-3.2962,265.6949,-4.3593,-0.0284,0.2669,0.3040,-0.0739,-4.5414,0.3184,1.0000,0.0000,1,0,0,0,0,0.3813
53.4950,-112.4807,0.0864,96.1635,19.9073,71.6662,19.9067,0.1559,1.1847,265.4520,-4.4502,-0.0245,0.2669,0.3040,-0.0684,-4.4298,2.0449,1.0000,0.0000,1,0,0,0,0,0.4783
53.5560,-113.6934,0.0864,96.0738,19.9719,71.8987,19.9714,0.1364,1.0586,265.2650,-3.0675,-0.0147,0.2669,0.3040,-0.0391,-3.9787,7.3969,1.0000,0.0000,1,0,0,0,0,0.6838
53.6190,-114.9461,0.0864,95.9756,19.8427,71.4339,19.8425,0.0895,-2.0498,265.1681,-1.5383,-0.0088,0.2669,0.3040,-0.0142,-2.8220,18.3643,1.0000,0.0000,1,0,0,0,0,1.1733
53.6709,-115.9768,0.0864,95.8919,19.9073,71.6664,19.9073,0.0561,1.2447,265.1335,-0.6651,-0.0010,0.2669,0.3040,-0.0061,-1.6048,23.4575,1.0000,0.0000,1,0,0,0,0,1.3824
53.7283,-117.1186,0.0864,95.7970,19.9720,71.8993,19.9720,0.0325,1.1261,265.1158,-0.3096,0.0088,0.2669,0.3040,-0.0026,-0.9119,12.0575,1.0000,0.0000,1,0,0,0,0,0.7114
53.7793,-118.1321,0.0864,95.7116,19.9721,71.8994,19.9721,0.0196,0.0006,265.1069,-0.1729,0.0127,0.2669,0.3040,-0.0013,-0.4978,8.1196,1.0000,0.0000,1,0,0,0,0,0.4755
53.8428,-119.3925,0.0864,95.6043,19.8427,71.4336,19.8427,0.0089,-2.0405,265.0998,-0.1126,0.0186,0.2669,0.3040,-0.0005,-0.2645,3.6795,1.0000,0.0000,1,0,0,0,0,0.2174
53.8989,-120.5073,0.0864,95.5089,19.9073,71.6663,19.9073,0.0209,1.1512,265.1713,1.2741,0.0225,0.2669,0.3040,0.0304,0.4750,13.1708,1.0000,0.0000,1,0,0,0,0,0.8183
53.9496,-121.5145,0.0864,95.4229,19.9721,71.8996,19.9720,0.0564,1.2785,265.3106,2.7475,0.0244,0.2669,0.3040,0.0471,1.3924,18.0973,1.0000,0.0000,1,0,0,0,0,1.2004
54.0114,-122.7441,0.0864,95.3199,20.0368,72.1323,20.0366,0.0781,1.0455,265.4873,2.8587,0.0283,0.2669,0.3040,0.0586,2.3394,15.3176,1.0000,0.0000,1,0,0,0,0,1.0683
54.0714,-123.9344,0.0864,95.2226,19.9074,71.6665,19.9070,0.1141,-2.1583,265.7402,4.2179,0.0303,0.2669,0.3040,0.0683,3.1184,12.9938,1.0000,0.0000,1,0,0,0,0,1.0422
54.1312,-125.1246,0.0864,95.1288,19.9719,71.8990,19.9715,0.1377,1.0787,265.9777,3.9671,0.0322,0.2669,0.3040,0.0749,3.6760,9.3136,1.0000,0.0000,1,0,0,0,0,0.8412
54.1838,-126.1696,0.0864,95.0498,20.0365,72.1314,20.0359,0.1571,1.2292,266.2352,4.9019,0.0342,0.2669,0.3040,0.0806,4.2397,10.7305,1.0000,0.0000,1,0,0,0,0,0.9861
54.2457,-127.4014,0.0864,94.9616,19.9072,71.6660,19.9065,0.1749,-2.0867,266.5640,5.3062,0.0361,0.2669,0.3040,0.0856,4.5926,5.6957,1.0000,0.0000,1,0,0,0,0,0.7430
54.3076,-128.6322,0.0864,94.8793,19.9718,71.8985,19.9710,0.1843,1.0438,266.8516,4.6489,0.0361,0.2669,0.3040,0.0883,4.9284,5.4267,1.0000,0.0000,1,0,0,0,0,0.6982
54.3649,-129.7728,0.0864,94.8092,20.0364,72.1312,20.0356,0.1843,1.1287,267.1448,5.1205,0.0361,0.2669,0.3040,0.0895,5.1539,3.9384,1.0000,0.0000,1,0,0,0,0,0.6413
54.4172,-130.8145,0.0864,94.7503,19.8426,71.4335,19.8417,0.1909,-3.7027,267.4406,5.6513,0.0361,0.2669,0.3040,0.0900,5.2703,2.2251,1.0000,0.0000,1,0,0,0,0,0.5819
54.4679,-131.8240,0.0864,94.6975,19.9072,71.6660,19.9062,0.1985,1.2728,267.7372,5.8459,0.0361,0.2669,0.3040,0.0902,5.3363,1.3010,1.0000,0.0000,1,0,0,0,0,0.5466
54.5198,-132.8576,0.0864,94.6482,19.9073,71.6662,19.9062,0.2019,0.0009,267.9749,4.5797,0.0361,0.2669,0.3040,0.0903,5.3741,0.7284,1.0000,0.0000,1,0,0,0,0,0.4470
54.5721,-133.8977,0.0864,94.6035,19.9718,71.8984,19.9707,0.2050,1.2357,268.2722,5.6947,0.0361,0.2669,0.3040,0.0903,5.3948,0.3948,1.0000,0.0000,1,0,0,0,0,0.4923
54.6423,-135.2977,0.0864,94.5512,19.8427,71.4339,19.8417,0.2067,-1.8372,268.6296,5.0886,0.0361,0.2200,0.3040,0.0904,5.4090,0.2032,1.0000,0.0000,1,0,0,0,0,0.4502
54.6951,-136.3482,0.0864,94.5179,19.8571,71.4857,19.8561,0.2060,0.2731,268.9215,5.5323,0.0361,0.0381,0.3040,0.0904,5.4165,0.1407,0.7745,0.0000,1,0,0,0,0,0.4708
54.7532,-137.4985,0.0864,94.4872,19.6413,70.7087,19.6403,0.1978,-3.7094,269.1887,4.5921,0.0361,-0.0889,0.3040,0.0904,5.4193,0.0493,0.3790,0.0000,1,0,0,0,0,0.4090
54.8052,-138.5064,0.0864,94.4652,19.1337,68.8813,19.1328,0.1863,-9.7661,269.4361,4.7601,0.0361,-0.1124,0.3040,0.0904,5.4207,0.0259,0.1854,0.0000,1,0,0,0,0,0.4119
54.8655,-139.6391,0.0864,94.4455,18.4834,66.5401,18.4826,0.1733,-10.7934,269.6689,3.8640,0.0361,-0.1202,0.3040,0.0904,5.4215,0.0142,0.0907,0.0000,1,0,0,0,0,0.3561
54.9262,-140.7347,0.0864,94.4317,17.6144,63.4118,17.6137,0.1580,-14.3086,269.9324,4.3387,0.0361,-0.1222,0.3040,0.0904,5.4219,0.0068,0.0385,0.0000,1,0,0,0,0,0.3759
54.9836,-141.7243,0.0864,94.4234,16.8558,60.6808,16.8552,0.1449,-13.2254,270.1384,3.5906,0.0342,-0.1222,0.3040,0.0884,5.4073,0.2560,0.0188,0.0000,1,0,0,0,0,0.3427
55.0359,-142.5879,0.0864,94.4195,16.0827,57.8978,16.0822,0.1316,-14.7670,270.3293,3.6459,0.0342,-0.1222,0.3040,0.0868,5.3291,1.4931,0.0092,0.0000,1,0,0,0,0,0.4083
55.0937,-143.4961,0.0864,94.4187,15.3027,55.0896,15.3022,0.1191,-13.5047,270.5084,3.1008,0.0342,-0.1222,0.3040,0.0860,5.2530,1.3164,0.0045,0.0000,1,0,0,0,0,0.3621
55.1654,-144.5591,0.0864,94.4220,14.3622,51.7039,14.3618,0.1053,-13.1069,270.7099,2.8087,0.0342,-0.1222,0.3040,0.0857,5.2009,0.7269,0.0019,0.0000,1,0,0,0,0,0.3064
55.2175,-145.2850,0.0864,94.4268,13.5768,48.8766,13.5765,0.0951,-15.0748,270.8674,3.0226,0.0342,-0.1222,0.3040,0.0856,5.1629,0.7293,0.0009,0.0000,1,0,0,0,0,0.3135
55.2770,-146.0666,0.0864,94.4343,12.7907,46.0465,12.7904,0.0855,-13.2248,271.0156,2.4935,0.0342,-0.1222,0.3040,0.0855,5.1471,0.2660,0.0005,0.0000,1,0,0,0,0,0.2536
55.3273,-146.6885,0.0864,94.4420,12.0044,43.2157,12.0041,0.0768,-15.6374,271.1548,2.7680,0.0342,-0.1222,0.3040,0.0855,5.1397,0.1465,0.0002,0.0000,1,0,0,0,0,0.2579
55.3874,-147.3857,0.0864,94.4525,11.2178,40.3841,11.2176,0.0683,-13.0724,271.2834,2.1378,0.0322,-0.1222,0.3040,0.0836,5.1124,0.4538,0.0001,0.0000,1,0,0,0,0,0.2353
55.4491,-148.0472,0.0864,94.4641,10.2739,36.9861,10.2738,0.0586,-15.2963,271.4217,2.2409,0.0322,-0.1222,0.3040,0.0817,5.0253,1.4118,0.0000,0.0000,1,0,0,0,0,0.2885
55.4995,-148.5470,0.0864,94.4741,9.6446,34.7205,9.6445,0.0526,-12.5057,271.5057,1.6701,0.0322,-0.1222,0.3040,0.0812,4.9516,1.4641,0.0000,0.0000,1,0,0,0,0,0.2559
55.5496,-149.0089,0.0864,94.4841,8.8580,31.8886,8.8578,0.0460,-15.6875,271.6027,1.9335,0.0322,-0.1222,0.3040,0.0808,4.9070,0.8901,0.0000,0.0000,1,0,0,0,0,0.2347
55.6037,-149.4675,0.0864,94.4949,8.0714,29.0570,8.0713,0.0400,-14.5414,271.6909,1.6305,0.0322,-0.1222,0.3040,0.0807,4.8763,0.5669,0.0000,0.0000,1,0,0,0,0,0.1964
55.6540,-149.8565,0.0864,94.5047,7.4421,26.7917,7.4421,0.0355,-12.5182,271.7551,1.2780,0.0322,-0.1222,0.3040,0.0807,4.8595,0.3346,0.0000,0.0000,1,0,0,0,0,0.1612
55.7068,-150.2265,0.0864,94.5144,6.6555,23.9598,6.6554,0.0306,-14.8913,271.8277,1.3744,0.0322,-0.1222,0.3040,0.0806,4.8493,0.1939,0.0000,0.0000,1,0,0,0,0,0.1560
55.7597,-150.5578,0.0864,94.5236,5.8689,21.1280,5.8688,0.0261,-14.8564,271.8916,1.2069,0.0322,-0.1222,0.3040,0.0806,4.8436,0.1078,0.0000,0.0000,1,0,0,0,0,0.1398
55.8111,-150.8414,0.0864,94.5318,5.0823,18.2963,5.0823,0.0222,-15.3179,271.9470,1.0781,0.0322,-0.1222,0.3040,0.0806,4.8403,0.0643,0.0000,0.0000,1,0,0,0,0,0.1289
55.8735,-151.1354,0.0864,94.5405,4.2958,15.4647,4.2957,0.0186,-12.5972,271.9938,0.7493,0.0322,-0.1222,0.3040,0.0806,4.8382,0.0325,0.0000,0.0000,1,0,0,0,0,0.1083
55.9269,-151.3430,0.0864,94.5468,3.5092,12.6332,3.5092,0.0155,-14.7421,272.0320,0.7161,0.0322,-0.1222,0.3040,0.0806,4.8373,0.0172,0.0000,0.0000,1,0,0,0,0,0.1069
55.9866,-151.5276,0.0864,94.5525,2.7227,9.8016,2.7226,0.0127,-13.1767,272.0616,0.4969,0.0322,-0.1222,0.3040,0.0806,4.8368,0.0083,0.0000,0.0000,1,0,0,0,0,0.0980
56.0459,-151.6609,0.0864,94.5566,1.7787,6.4034,1.7787,0.0098,-15.9194,272.0859,0.4086,0.0322,-0.1222,0.3040,0.0806,4.8366,0.0041,0.0000,0.0000,1,0,0,0,0,0.1052
56.0982,-151.7372,0.0864,94.5589,1.1495,4.1381,1.1495,0.0078,-12.0307,272.0951,0.1768,0.0322,-0.1222,0.3040,0.0806,4.8365,0.0022,0.0000,0.0000,1,0,0,0,0,0.1116
56.1583,-151.7769,0.0864,94.5599,0.2056,0.7402,0.2056,0.0035,-15.6849,272.0988,0.0603,0.0322,-0.1222,0.3040,0.0806,4.8364,0.0009,0.0000,0.0000,1,0,0,0,0,0.0034
56.2187,-151.7790,0.0864,94.5599,0.0001,0.0002,0.0000,0.0001,-3.4062,272.0981,-0.0101,0.0322,-0.1222,0.3040,0.0806,4.8364,0.0005,0.0000,0.0000,1,0,0,0,0,0.0006
56.2720,-151.7790,0.0864,94.5599,0.0001,0.0002,0.0000,0.0001,0.0000,272.0984,0.0057,0.0322,-0.1222,0.3040,0.0806,4.8364,0.0002,0.0000,0.0000,1,0,0,0,0,0.0003
56.3329,-151.7790,0.0864,94.5599,0.0001,0.0002,0.0000,0.0001,0.0000,272.0989,0.0080,0.0322,-0.1222,0.3040,0.0806,4.8364,0.0001,0.0000,0.0000,1,0,0,0,0,0.0005
56.3931,-151.7790,0.0864,94.5599,0.0001,0.0002,0.0000,0.0001,0.0000,272.0993,0.0066,0.0322,-0.1222,0.3040,0.0806,4.8363,0.0001,0.0000,0.0000,1,0,0,0,0,0.0004
56.4521,-151.7790,0.0864,94.5599,0.0001,0.0002,0.0000,0.0001,0.0000,272.0996,0.0047,0.0322,-0.1222,0.3040,0.0806,4.8363,0.0000,0.0000,0.0000,1,0,0,0,0,0.0003
56.5103,-151.7790,0.0864,94.5599,0.0001,0.0002,0.0000,0.0001,0.0000,272.1000,0.0063,0.0322,-0.1222,0.3040,0.0806,4.8363,0.0000,0.0000,0.0000,1,0,0,0,0,0.0003
56.5630,-151.7790,0.0864,94.5599,0.0001,0.0002,0.0000,0.0001,0.0000,272.1001,0.0029,0.0322,-0.1222,0.3040,0.0806,4.8363,0.0000,0.0000,0.0000,1,0,0,0,0,0.0002
56.6157,-151.7790,0.0864,94.5599,0.0001,0.0002,0.0000,0.0001,0.0000,272.1001,0.0000,0.0322,-0.1222,0.3040,0.0806,4.8363,0.0000,0.0000,0.0000,1,0,0,0,0,0.0000
56.6678,-151.7790,0.0864,94.5599,0.0001,0.0002,0.0000,0.0001,0.0000,272.1001,0.0000,0.0322,-0.1222,0.3040,0.0806,4.8363,0.0000,0.0000,0.0000,1,0,0,0,0,0.0000
56.7206,-151.7790,0.0864,94.5599,0.0001,0.0002,0.0000,0.0001,0.0000,272.1001,0.0000,0.0322,-0.1222,0.3040,0.0806,4.8363,0.0000,0.0000,0.0000,1,0,0,0,0,0.0000
56.7812,-151.7790,0.0864,94.5599,0.0001,0.0002,0.0000,0.0001,0.0000,272.1001,0.0000,0.0322,-0.1222,0.3040,0.0806,4.8363,0.0000,0.0000,0.0000,1,0,0,0,0,0.0000
56.8433,-151.7790,0.0864,94.5599,0.0001,0.0002,0.0000,0.0001,0.0000,272.1001,0.0000,0.0322,-0.1222,0.3040,0.0806,4.8363,0.0000,0.0000,0.0000,1,0,0,0,0,0.0000
56.9048,-151.7790,0.0864,94.5599,0.0001,0.0002,0.0000,0.0001,0.0000,272.1001,0.0000,0.0322,-0.1222,0.3040,0.0806,4.8363,0.0000,0.0000,0.0000,1,0,0,0,0,0.0000
56.9614,-151.7790,0.0864,94.5599,0.0001,0.0002,0.0000,0.0001,0.0000,272.1001,0.0000,0.0322,-0.1222,0.3040,0.0806,4.8363,0.0000,0.0000,0.0000,1,0,0,0,0,0.0000
57.0164,-151.7790,0.0864,94.5599,0.0001,0.0002,0.0000,0.0001,0.0000,272.1001,0.0000,0.0322,-0.1222,0.3040,0.0806,4.8363,0.0000,0.0000,0.0000,1,0,0,0,0,0.0000
57.0673,-151.7790,0.0864,94.5599,0.0001,0.0002,0.0000,0.0001,0.0000,272.1001,0.0000,0.0322,-0.1222,0.3040,0.0806,4.8363,0.0000,0.0000,0.0000,1,0,0,0,0,0.0000
57.1277,-151.7790,0.0864,94.5599,0.0001,0.0002,0.0000,0.0001,0.0000,272.1001,0.0000,0.0322,-0.1222,0.3040,0.0806,4.8363,0.0000,0.0000,0.0000,1,0,0,0,0,0.0000
57.1832,-151.7790,0.0864,94.5599,0.0001,0.0002,0.0000,0.0001,0.0000,272.1001,0.0000,0.0322,-0.1222,0.3040,0.0806,4.8363,0.0000,0.0000,0.0000,1,0,0,0,0,0.0000
57.2465,-151.7790,0.0864,94.5599,0.0001,0.0002,0.0000,0.0001,0.0000,272.1001,0.0000,0.0322,-0.1222,0.3040,0.0806,4.8363,0.0000,0.0000,0.0000,1,0,0,0,0,0.0000
57.3004,-151.7790,0.0864,94.5599,0.0001,0.0002,0.0000,0.0001,0.0000,272.1001,0.0000,0.0322,-0.1222,0.3040,0.0806,4.8363,0.0000,0.0000,0.0000,1,0,0,0,0,0.0000
57.3514,-151.7790,0.0864,94.5599,0.0001,0.0002,0.0000,0.0001,0.0000,272.1001,0.0000,0.0322,-0.1222,0.3040,0.0806,4.8363,0.0000,0.0000,0.0000,1,0,0,0,0,0.0000
57.4097,-151.7790,0.0864,94.5599,0.0001,0.0002,0.0000,0.0001,0.0000,272.1001,0.0000,0.0322,-0.1222,0.3040,0.0806,4.8363,0.0000,0.0000,0.0000,1,0,0,0,0,0.0000
57.4621,-151.7790,0.0864,94.5599,0.0001,0.0002,0.0000,0.0001,0.0000,272.1001,0.0000,0.0322,-0.1222,0.3040,0.0806,4.8363,0.0000,0.0000,0.0000,1,0,0,0,0,0.0000
57.5187,-151.7790,0.0864,94.5599,0.0001,0.0002,0.0000,0.0001,0.0000,272.1001,0.0000,0.0322,-0.1222,0.3040,0.0806,4.8363,0.0000,0.0000,0.0000,1,0,0,0,0,0.0000
57.5804,-151.7790,0.0864,94.5599,0.0001,0.0002,0.0000,0.0001,-0.0001,272.1001,0.0000,0.0322,-0.1222,0.3040,0.0806,4.8363,0.0000,0.0000,0.0000,1,0,0,0,0,0.0000
57.6351,-151.7790,0.0864,94.5599,0.0001,0.0002,0.0000,0.0001,0.0000,272.1001,0.0000,0.0303,-0.1222,0.3040,0.0782,4.8092,0.4957,0.0000,0.0000,1,0,0,0,0,0.0275
57.6957,-151.7790,0.0864,94.5599,0.0001,0.0002,0.0000,0.0001,0.0000,272.1001,0.0000,0.0283,-0.1222,0.3040,0.0754,4.7199,1.4761,0.0000,0.0000,1,0,0,0,0,0.0820
57.7536,-151.7790,0.0864,94.5599,0.0001,0.0002,0.0000,0.0001,0.0000,272.1001,0.0000,0.0244,-0.1222,0.3040,0.0683,4.5076,3.6620,0.0000,0.0000,1,0,0,0,0,0.2034
57.8077,-151.7790,0.0864,94.5599,0.0001,0.0002,0.0000,0.0001,0.0000,272.1001,0.0000,0.0205,-0.1222,0.3040,0.0616,4.2151,5.4057,0.0000,0.0000,1,0,0,0,0,0.3003
57.8662,-151.7790,0.0864,94.5599,0.0001,0.0002,0.0000,0.0001,0.0000,272.1001,0.0000,0.0166,-0.1222,0.3040,0.0224,3.2284,16.8783,0.0000,0.0000,1,0,0,0,0,0.9377
57.9193,-151.7790,0.0864,94.5599,0.0001,0.0002,0.0000,0.0001,0.0000,272.1001,0.0000,0.0127,-0.1222,0.3040,0.0114,2.1720,19.8810,0.0000,0.0000,1,0,0,0,0,1.1045
57.9754,-151.7790,0.0864,94.5599,0.0001,0.0002,0.0000,0.0001,0.0000,272.1001,0.0000,0.0068,-0.1222,0.3040,0.0041,1.2270,16.8651,0.0000,0.0000,1,0,0,0,0,0.9370
58.0298,-151.7790,0.0864,94.5599,0.0001,0.0002,0.0000,0.0001,0.0000,272.1001,0.0000,0.0049,-0.1222,0.3040,0.0021,0.7355,9.0228,0.0000,0.0000,1,0,0,0,0,0.5013
58.0907,-151.7790,0.0864,94.5599,0.0001,0.0002,0.0000,0.0001,0.0000,272.1001,0.0000,0.0010,-0.1222,0.3040,0.0008,0.3809,5.8229,0.0000,0.0000,1,0,0,0,0,0.3235
58.1502,-151.7790,0.0864,94.5599,0.0001,0.0002,0.0000,0.0001,0.0000,272.1001,0.0000,-0.0049,-0.1222,0.3040,0.0003,0.1929,3.1646,0.0000,0.0000,1,0,0,0,0,0.1758
58.2143,-151.7790,0.0864,94.5599,0.0001,0.0002,0.0000,0.0001,0.0000,272.1001,0.0000,-0.0069,-0.1222,0.3040,0.0001,0.0950,1.5265,0.0000,0.0000,1,0,0,0,0,0.0848
58.2645,-151.7790,0.0864,94.5599,0.0001,0.0002,0.0000,0.0001,0.0000,272.1003,0.0030,-0.0108,-0.1222,0.3040,0.0001,0.0503,0.8888,0.0000,0.0000,1,0,0,0,0,0.0495
58.3259,-151.7790,0.0864,94.5599,0.0001,0.0002,0.0000,0.0001,0.0000,272.1005,0.0030,-0.0166,-0.1144,0.3040,0.0000,0.0239,0.4300,0.0000,0.0000,1,0,0,0,0,0.0241
58.3772,-151.7790,0.0864,94.5599,0.0001,0.0002,0.0000,0.0001,0.0000,272.1007,0.0042,-0.0206,-0.0889,0.3040,-0.0080,0.0125,0.2239,0.0000,0.0000,1,0,0,0,0,0.0127
58.4284,-151.7790,0.0864,94.5599,0.0001,0.0002,0.0000,0.0001,0.0000,272.1007,0.0000,-0.0225,-0.0479,0.3040,-0.0307,-0.5468,10.9067,0.0000,0.0000,1,0,0,0,0,0.6059
58.4893,-151.7790,0.0864,94.5599,0.0001,0.0005,0.0000,0.0001,0.0012,272.1007,0.0005,-0.0225,0.0147,0.3040,-0.0470,-1.5530,16.5398,0.0217,0.0000,1,0,0,0,0,0.9189
58.5490,-151.7790,0.0864,94.5599,0.0002,0.0009,-0.0001,0.0002,0.0019,272.0968,-0.0659,-0.0225,0.0636,0.3040,-0.0523,-2.3358,13.1075,0.1733,0.0000,1,0,0,0,0,0.7319
58.5990,-151.7790,0.0864,94.5598,0.0007,0.0026,-0.0002,0.0007,0.0093,272.0836,-0.2629,-0.0225,0.1320,0.3040,-0.0546,-2.7756,8.7918,0.4302,0.0000,1,0,0,0,0,0.5030
58.6579,-151.7792,0.0864,94.5597,0.0191,0.0687,0.0190,0.0013,0.3123,272.0536,-0.5104,-0.0245,0.1691,0.3040,-0.0569,-3.0402,4.4962,0.7126,0.0000,1,0,0,0,0,0.2781
58.7135,-151.7845,0.0864,94.5597,0.1970,0.7092,0.1970,0.0020,3.1967,272.0164,-0.6684,-0.0264,0.2454,0.3040,-0.0617,-3.2862,4.4209,0.8594,0.0000,1,0,0,0,0,0.2827
58.7767,-151.8069,0.0864,94.5602,0.5480,1.9729,0.5480,0.0030,5.5597,271.9615,-0.8695,-0.0264,0.3060,0.3040,-0.0645,-3.5760,4.5903,0.9403,0.0000,1,0,0,0,0,0.3859
58.8291,-151.8429,0.0864,94.5612,0.8225,2.9611,0.8225,0.0035,5.2356,271.9204,-0.7829,-0.0264,0.3607,0.3040,-0.0652,-3.7317,2.9695,0.9663,0.0000,1,0,0,0,0,0.2730
58.8891,-151.9060,0.0864,94.5630,1.2626,4.5453,1.2626,0.0040,7.3312,271.8536,-1.1140,-0.0264,0.4057,0.3040,-0.0657,-3.8394,1.7930,0.9857,0.0000,1,0,0,0,0,0.2094
58.9405,-151.9791,0.0864,94.5651,1.5656,5.6361,1.5656,0.0041,5.8953,271.8058,-0.9292,-0.0264,0.4135,0.3040,-0.0659,-3.8912,1.0094,0.9919,0.0000,1,0,0,0,0,0.1472
59.0021,-152.0908,0.0864,94.5682,2.0270,7.2972,2.0270,0.0040,7.4963,271.7296,-1.2381,-0.0264,0.4213,0.3040,-0.0660,-3.9272,0.5840,0.9966,0.0000,1,0,0,0,0,0.1310
59.0534,-152.2041,0.0864,94.5713,2.4145,8.6922,2.4145,0.0037,7.5406,271.6623,-1.3107,-0.0264,0.4213,0.3040,-0.0660,-3.9441,0.3293,0.9983,0.0000,1,0,0,0,0,0.1141
59.1038,-152.3332,0.0864,94.5747,2.7255,9.8119,2.7255,0.0033,6.1716,271.6058,-1.1196,-0.0264,0.4213,0.3040,-0.0660,-3.9516,0.1482,0.9991,0.0000,1,0,0,0,0,0.0885
59.1550,-152.4826,0.0864,94.5786,3.1149,11.2136,3.1149,0.0027,7.6042,271.5323,-1.4353,-0.0245,0.4213,0.3040,-0.0653,-3.9563,0.0925,0.9995,0.0000,1,0,0,0,0,0.0977
59.2152,-152.6816,0.0864,94.5836,3.5046,12.6164,3.5046,0.0020,6.4762,271.4587,-1.2233,-0.0206,0.4252,0.3040,-0.0602,-3.8702,1.4318,0.9998,0.0000,1,0,0,0,0,0.1561
59.2796,-152.9226,0.0864,94.5893,3.9724,14.3008,3.9724,0.0031,7.2716,271.4051,-0.8338,-0.0147,0.4331,0.3040,-0.0219,-3.2002,10.4118,0.9999,0.0000,1,0,0,0,0,0.6363
59.3318,-153.1395,0.0864,94.5944,4.3624,15.7047,4.3624,0.0045,7.4707,271.3839,-0.4057,-0.0069,0.4526,0.3040,-0.0094,-1.9590,23.7780,1.0000,0.0000,1,0,0,0,0,1.3590
59.3915,-153.4113,0.0864,94.6005,4.7524,17.1088,4.7524,0.0057,6.5271,271.3718,-0.2033,-0.0029,0.4604,0.3040,-0.0040,-1.1384,13.7340,1.0000,0.0000,1,0,0,0,0,0.7923
59.4432,-153.6668,0.0864,94.6062,5.1425,18.5129,5.1425,0.0066,7.5412,271.3637,-0.1552,0.0029,0.4604,0.3040,-0.0017,-0.6775,8.9111,1.0000,0.0000,1,0,0,0,0,0.5229
59.5045,-153.9938,0.0864,94.6135,5.5325,19.9171,5.5325,0.0071,6.3651,271.3576,-0.1001,0.0068,0.4604,0.3040,-0.0007,-0.3498,5.3476,1.0000,0.0000,1,0,0,0,0,0.3220
59.5626,-154.3282,0.0864,94.6209,6.0006,21.6021,6.0006,0.0077,8.0551,271.3512,-0.1108,0.0107,0.4604,0.3040,-0.0003,-0.1786,2.9458,1.0000,0.0000,1,0,0,0,0,0.1890
59.6143,-154.6454,0.0864,94.6279,6.3126,22.7255,6.3126,0.0078,6.0441,271.3472,-0.0768,0.0146,0.4604,0.3040,-0.0001,-0.0996,1.5298,1.0000,0.0000,1,0,0,0,0,0.1078
59.6742,-155.0370,0.0864,94.6365,6.7807,24.4104,6.7807,0.0080,7.8082,271.3415,-0.0947,0.0166,0.4604,0.3040,-0.0001,-0.0494,0.8379,1.0000,0.0000,1,0,0,0,0,0.0696
59.7361,-155.4680,0.0864,94.6460,7.1707,25.8146,7.1707,0.0089,6.3018,271.3441,0.0419,0.0205,0.4604,0.3040,0.0147,0.0328,1.3275,1.0000,0.0000,1,0,0,0,0,0.0948
59.7900,-155.8651,0.0864,94.6548,7.5608,27.2189,7.5608,0.0140,7.2384,271.3896,0.8443,0.0225,0.4604,0.3040,0.0384,0.6043,10.6046,1.0000,0.0000,1,0,0,0,0,0.6638
59.8480,-156.3153,0.0864,94.6650,7.9508,28.6230,7.9508,0.0204,6.7232,271.4665,1.3251,0.0283,0.4604,0.3040,0.0540,1.9314,22.8758,1.0000,0.0000,1,0,0,0,0,1.3830
59.9034,-156.7674,0.0864,94.6756,8.3409,30.0271,8.3408,0.0272,7.0394,271.5679,1.8304,0.0303,0.4604,0.3040,0.0644,2.7066,13.9922,1.0000,0.0000,1,0,0,0,0,0.9279
59.9652,-157.2970,0.0864,94.6887,8.8088,31.7119,8.8088,0.0352,7.5753,271.7148,2.3785,0.0322,0.4604,0.3040,0.0740,3.4818,12.5472,1.0000,0.0000,1,0,0,0,0,0.8892
60.0220,-157.8076,0.0864,94.7024,9.1989,33.1159,9.1988,0.0418,6.8644,271.8565,2.4934,0.0342,0.4604,0.3040,0.0806,4.0985,10.8551,1.0000,0.0000,1,0,0,0,0,0.8098
60.0748,-158.3025,0.0864,94.7166,9.5889,34.5199,9.5887,0.0482,7.3853,272.0117,2.9392,0.0361,0.4604,0.3040,0.0853,4.4994,7.5916,1.0000,0.0000,1,0,0,0,0,0.6604
60.1361,-158.9010,0.0864,94.7352,9.9788,35.9237,9.9787,0.0543,6.3668,272.1792,2.7344,0.0361,0.4604,0.3040,0.0882,4.8797,6.2097,1.0000,0.0000,1,0,0,0,0,0.5785
60.1895,-159.4446,0.0864,94.7537,10.3687,37.3274,10.3685,0.0599,7.2977,272.3549,3.2883,0.0361,0.4604,0.3040,0.0894,5.1094,4.2985,1.0000,0.0000,1,0,0,0,0,0.5081
60.2453,-160.0340,0.0864,94.7753,10.7587,38.7311,10.7585,0.0650,6.9832,272.5367,3.2567,0.0361,0.4604,0.3040,0.0900,5.2546,2.6005,1.0000,0.0000,1,0,0,0,0,0.4161
60.2986,-160.6167,0.0864,94.7984,11.1485,40.1346,11.1483,0.0705,7.3175,272.7280,3.5893,0.0381,0.4604,0.3040,0.0930,5.3434,1.6669,1.0000,0.0000,1,0,0,0,0,0.3869
60.3620,-161.3360,0.0864,94.8292,11.6164,41.8189,11.6161,0.0774,7.3790,272.9691,3.8024,0.0381,0.4604,0.3040,0.0944,5.5110,2.6431,1.0000,0.0000,1,0,0,0,0,0.4580
60.4234,-162.0590,0.0864,94.8630,12.0062,43.2224,12.0059,0.0827,6.3547,273.1772,3.3934,0.0381,0.4604,0.3040,0.0949,5.6007,1.4624,1.0000,0.0000,1,0,0,0,0,0.3731
60.4786,-162.7327,0.0864,94.8972,12.3961,44.6260,12.3958,0.0810,7.0533,273.4005,4.0392,0.0381,0.4604,0.3040,0.0951,5.6548,0.9784,1.0000,0.0000,1,0,0,0,0,0.3768
60.5312,-163.3930,0.0864,94.9333,12.7860,46.0295,12.7857,0.0897,7.4172,273.6298,4.3626,0.0381,0.4604,0.3040,0.0952,5.6819,0.5150,1.0000,0.0000,1,0,0,0,0,0.3762
60.5830,-164.0625,0.0864,94.9722,13.0978,47.1521,13.0975,0.0901,6.0217,273.8124,3.5259,0.0381,0.4604,0.3040,0.0952,5.6966,0.2853,1.0000,0.0000,1,0,0,0,0,0.3149
60.6350,-164.7545,0.0864,95.0150,13.4876,48.5553,13.4872,0.0977,7.4858,274.0462,4.4894,0.0381,0.4604,0.3040,0.0952,5.7046,0.1519,1.0000,0.0000,1,0,0,0,0,0.3666
60.6951,-165.5759,0.0864,95.0687,13.9553,50.2392,13.9549,0.1068,7.7881,274.3269,4.6738,0.0381,0.4624,0.3040,0.0952,5.7099,0.0896,1.0000,0.0000,1,0,0,0,0,0.3794
60.7456,-166.2862,0.0864,95.1180,14.2671,51.3617,14.2667,0.1119,6.1729,274.5180,3.7840,0.0381,0.4624,0.3040,0.0953,5.7124,0.0484,1.0000,0.0000,1,0,0,0,0,0.3306
60.8172,-167.3235,0.0864,95.1945,14.8127,53.3258,14.8122,0.1207,7.6184,274.8603,4.7792,0.0381,0.4624,0.3040,0.0953,5.7139,0.0211,1.0000,0.0000,1,0,0,0,0,0.3889
60.8759,-168.1993,0.0864,95.2633,15.2024,54.7286,15.2019,0.1267,6.6459,275.1108,4.2727,0.0381,0.4624,0.3040,0.0953,5.7147,0.0141,1.0000,0.0000,1,0,0,0,0,0.3632
60.9280,-168.9972,0.0864,95.3294,15.5921,56.1315,15.5915,0.1329,7.4801,275.3664,4.9059,0.0381,0.4624,0.3040,0.0953,5.7150,0.0051,1.0000,0.0000,1,0,0,0,0,0.4006
60.9814,-169.8356,0.0864,95.4023,15.9038,57.2538,15.9032,0.1359,5.8315,275.5679,3.7705,0.0322,0.4624,0.3040,0.0902,5.6605,1.0186,1.0000,0.0000,1,0,0,0,0,0.3942
61.0412,-170.7972,0.0864,95.4905,16.3714,58.9369,16.3709,0.1284,7.8144,275.8491,4.6993,0.0283,0.4624,0.3040,0.0793,5.3682,4.8865,1.0000,0.0000,1,0,0,0,0,0.6502
61.1007,-171.7770,0.0864,95.5853,16.7610,60.3397,16.7606,0.1172,6.5549,276.0536,3.4405,0.0225,0.4624,0.3040,0.0679,4.8651,8.4632,1.0000,0.0000,1,0,0,0,0,0.7662
61.1507,-172.6201,0.0864,95.6701,17.1508,61.7429,17.1505,0.1106,7.7923,276.2183,3.2926,0.0186,0.4624,0.3040,0.0441,4.2899,11.4982,1.0000,0.0000,1,0,0,0,0,0.9185
61.2026,-173.5123,0.0864,95.7625,17.4627,62.8657,17.4625,0.0914,6.0159,276.2849,1.2845,0.0146,0.4624,0.3040,0.0225,3.1163,22.6384,1.0000,0.0000,1,0,0,0,0,1.4075
61.2584,-174.4940,0.0864,95.8666,17.8526,64.2693,17.8525,0.0659,6.9812,276.3224,0.6710,0.0107,0.4624,0.3040,0.0097,2.0447,19.1882,1.0000,0.0000,1,0,0,0,0,1.1587
61.3130,-175.4740,0.0864,95.9723,18.2426,65.6734,18.2426,0.0457,7.1491,276.3362,0.2523,0.0049,0.4624,0.3040,0.0041,1.1742,15.9554,1.0000,0.0000,1,0,0,0,0,0.9380
61.3654,-176.4348,0.0864,96.0770,18.6326,67.0775,18.6326,0.0315,7.4429,276.3394,0.0623,-0.0010,0.4624,0.3040,0.0018,0.6611,9.7918,1.0000,0.0000,1,0,0,0,0,0.5728
61.4171,-177.4026,0.0864,96.1830,19.0226,68.4815,19.0226,0.0223,7.5329,276.3383,-0.0224,-0.0049,0.4409,0.3040,0.0008,0.3826,5.3791,1.0000,0.0000,1,0,0,0,0,0.3177
61.4767,-178.5388,0.0864,96.3080,19.4126,69.8855,19.4126,0.0163,6.5510,276.3352,-0.0513,-0.0069,0.4194,0.3040,0.0003,0.2044,2.9929,1.0000,0.0000,1,0,0,0,0,0.1817
61.5411,-179.7959,0.0864,96.4465,19.8808,71.5709,19.8808,0.0122,7.2679,276.3304,-0.0753,-0.0108,0.3979,0.3040,0.0001,0.1001,1.6185,1.0000,0.0000,1,0,0,0,0,0.1033
61.5990,-180.9437,0.0864,96.5731,20.0120,72.0433,20.0120,0.0100,2.2664,276.3257,-0.0796,-0.0147,0.3725,0.3040,0.0001,0.0486,0.8897,1.0000,0.0000,1,0,0,0,0,0.0614
61.6602,-182.1552,0.0864,96.7067,19.9340,71.7624,19.9340,0.0086,-1.2753,276.3210,-0.0768,-0.0147,0.3333,0.3040,0.0000,0.0234,0.4127,1.0000,0.0000,1,0,0,0,0,0.0337
61.7127,-183.1971,0.0864,96.8216,19.8560,71.4816,19.8560,0.0080,-1.4842,276.3163,-0.0894,-0.0186,0.2786,0.3040,0.0000,0.0122,0.2123,1.0000,0.0000,1,0,0,0,0,0.0228
61.7687,-184.3068,0.0864,96.9438,20.0120,72.0431,20.0120,0.0022,2.7862,276.2813,-0.6258,-0.0225,0.2102,0.3040,-0.0218,-0.2670,4.9878,1.0000,0.0000,1,0,0,0,0,0.3135
61.8227,-185.3752,0.0864,97.0612,19.9154,71.6953,19.9153,0.0331,-1.7907,276.1560,-2.3217,-0.0245,0.0948,0.3040,-0.0439,-1.0503,14.5155,0.9161,0.0000,1,0,0,0,0,0.9604
61.8748,-186.4088,0.0864,97.1737,19.8451,71.4422,19.8450,0.0638,-1.3486,275.9838,-3.3050,-0.0284,0.0166,0.3040,-0.0579,-2.0599,19.3695,0.5993,0.0000,1,0,0,0,0,1.3079
61.9282,-187.4581,0.0864,97.2861,19.5671,70.4416,19.5669,0.0864,-5.2016,275.7913,-3.6025,-0.0323,-0.0577,0.3040,-0.0687,-2.8687,15.1371,0.2932,0.0000,1,0,0,0,0,1.1074
61.9864,-188.5773,0.0864,97.4032,19.0634,68.6281,19.0631,0.1034,-8.6625,275.5804,-3.6269,-0.0342,-0.0850,0.3040,-0.0783,-3.6786,13.9263,0.1435,0.0000,1,0,0,0,0,1.0565
62.0489,-189.7428,0.0864,97.5215,18.4491,66.4166,18.4487,0.1137,-9.8285,275.3609,-3.5110,-0.0362,-0.1026,0.3040,-0.0848,-4.3551,10.8231,0.0702,0.0000,1,0,0,0,0,0.8888
62.1065,-190.7773,0.0864,97.6227,17.6432,63.5155,17.6428,0.1192,-13.9834,275.0898,-4.7046,-0.0381,-0.1065,0.3040,-0.0915,-4.8618,8.7940,0.0298,0.0000,1,0,0,0,0,0.8512
62.1596,-191.6946,0.0864,97.7093,17.0858,61.5087,17.0853,0.1195,-10.5010,274.9101,-3.3849,-0.0381,-0.1085,0.3040,-0.0934,-5.1934,6.2454,0.0168,0.0000,1,0,0,0,0,0.6400
62.2111,-192.5513,0.0864,97.7870,16.3780,58.9607,16.3776,0.1152,-13.7318,274.6930,-4.2114,-0.0401,-0.1085,0.3040,-0.0973,-5.4517,5.0105,0.0082,0.0000,1,0,0,0,0,0.6178
62.2679,-193.4552,0.0864,97.8661,15.6638,56.3897,15.6634,0.1184,-12.5919,274.4742,-3.8574,-0.0401,-0.1085,0.3040,-0.0990,-5.6938,4.2690,0.0040,0.0000,1,0,0,0,0,0.5648
62.3204,-194.2565,0.0864,97.9334,14.9466,53.8076,14.9461,0.1117,-13.6403,274.2624,-4.0284,-0.0401,-0.1085,0.3040,-0.0997,-5.8219,2.4366,0.0020,0.0000,1,0,0,0,0,0.4712
62.3719,-195.0069,0.0864,97.9936,14.2278,51.2199,14.2274,0.1007,-13.9600,274.0598,-3.9360,-0.0401,-0.1085,0.3040,-0.1000,-5.9068,1.6494,0.0010,0.0000,1,0,0,0,0,0.4165
62.4240,-195.7316,0.0864,98.0491,13.6523,49.1481,13.6519,0.0927,-11.0434,273.9042,-2.9843,-0.0401,-0.1085,0.3040,-0.1001,-5.9517,0.8615,0.0005,0.0000,1,0,0,0,0,0.3155
62.4768,-196.4296,0.0864,98.1000,12.9325,46.5570,12.9322,0.0828,-13.6437,273.7186,-3.5184,-0.0401,-0.1085,0.3040,-0.1002,-5.9787,0.5111,0.0003,0.0000,1,0,0,0,0,0.3199
62.5368,-197.1809,0.0864,98.1522,12.2126,43.9653,12.2124,0.0735,-11.9883,273.5427,-2.9303,-0.0401,-0.1085,0.3040,-0.1002,-5.9960,0.2877,0.0001,0.0000,1,0,0,0,0,0.2691
62.5970,-197.8865,0.0864,98.1986,11.3486,40.8550,11.3484,0.0628,-14.3619,273.3445,-3.2949,-0.0401,-0.1085,0.3040,-0.1002,-6.0046,0.1442,0.0001,0.0000,1,0,0,0,0,0.2741
62.6576,-198.5505,0.0864,98.2399,10.6285,38.2627,10.6284,0.0547,-11.8780,273.1899,-2.5487,-0.0401,-0.1085,0.3040,-0.1002,-6.0088,0.0693,0.0000,0.0000,1,0,0,0,0,0.2226
62.7100,-199.0863,0.0864,98.2717,9.9085,35.6708,9.9084,0.0469,-13.7347,273.0451,-2.7629,-0.0401,-0.1085,0.3040,-0.1002,-6.0107,0.0360,0.0000,0.0000,1,0,0,0,0,0.2265
62.7660,-199.6194,0.0864,98.3017,9.1885,33.0787,9.1884,0.0397,-12.8591,272.9100,-2.4123,-0.0401,-0.1085,0.3040,-0.1002,-6.0118,0.0197,0.0000,0.0000,1,0,0,0,0,0.1999
62.8212,-200.1053,0.0864,98.3278,8.4685,30.4867,8.4685,0.0331,-13.0457,272.7832,-2.2975,-0.0420,-0.1085,0.3040,-0.1026,-6.0393,0.4979,0.0000,0.0000,1,0,0,0,0,0.2140
62.8799,-200.5789,0.0864,98.3520,7.7486,27.8950,7.7486,0.0273,-12.2652,272.6640,-2.0313,-0.0420,-0.1085,0.3040,-0.1040,-6.1110,1.2210,0.0000,0.0000,1,0,0,0,0,0.2335
62.9326,-200.9657,0.0864,98.3708,7.0286,25.3030,7.0286,0.0217,-13.6707,272.5540,-2.0895,-0.0420,-0.1085,0.3040,-0.1046,-6.1960,1.6149,0.0000,0.0000,1,0,0,0,0,0.2522
62.9866,-201.3252,0.0864,98.3875,6.3086,22.7111,6.3086,0.0166,-13.3293,272.4538,-1.8537,-0.0420,-0.1085,0.3040,-0.1049,-6.2432,0.8727,0.0000,0.0000,1,0,0,0,0,0.1909
63.0390,-201.6378,0.0864,98.4013,5.5887,20.1192,5.5887,0.0119,-13.7479,272.3636,-1.7220,-0.0420,-0.1085,0.3040,-0.1050,-6.2681,0.4758,0.0000,0.0000,1,0,0,0,0,0.1539
63.1007,-201.9606,0.0864,98.4150,4.8687,17.5274,4.8687,0.0077,-11.6588,272.2837,-1.2948,-0.0420,-0.1085,0.3040,-0.1051,-6.2867,0.3021,0.0000,0.0000,1,0,0,0,0,0.1124
63.1599,-202.2237,0.0864,98.4255,4.0048,14.4173,4.0048,0.0033,-14.5997,272.2011,-1.3956,-0.0420,-0.1085,0.3040,-0.1051,-6.2961,0.1588,0.0000,0.0000,1,0,0,0,0,0.0986
63.2114,-202.4156,0.0864,98.4329,3.4289,12.3439,3.4289,0.0009,-11.1805,272.1542,-0.9105,-0.0420,-0.1085,0.3040,-0.1051,-6.3005,0.0846,0.0000,0.0000,1,0,0,0,0,0.0591
63.2625,-202.5720,0.0864,98.4386,2.7089,9.7520,2.7089,0.0017,-14.1013,272.1049,-0.9665,-0.0420,-0.1085,0.3040,-0.1051,-6.3029,0.0472,0.0000,0.0000,1,0,0,0,0,0.0656
63.3206,-202.7089,0.0864,98.4434,1.9889,7.1602,1.9889,0.0035,-12.3825,272.0658,-0.6724,-0.0420,-0.1085,0.3040,-0.1051,-6.3044,0.0255,0.0000,0.0000,1,0,0,0,0,0.0652
63.3723,-202.7939,0.0864,98.4461,1.2690,4.5683,1.2690,0.0045,-13.9371,272.0367,-0.5618,-0.0420,-0.1085,0.3040,-0.1051,-6.3050,0.0124,0.0000,0.0000,1,0,0,0,0,0.0852
63.4238,-202.8441,0.0864,98.4476,0.6930,2.4950,0.6930,0.0044,-11.1882,272.0209,-0.3071,-0.0420,-0.1085,0.3040,-0.1051,-6.3054,0.0070,0.0000,0.0000,1,0,0,0,0,0.1133
63.4747,-202.8600,0.0864,98.4480,0.0012,0.0043,0.0002,0.0012,-13.5876,272.0098,-0.2182,-0.0420,-0.1085,0.3040,-0.1051,-6.3056,0.0040,0.0000,0.0000,1,0,0,0,0,0.0123
63.5270,-202.8600,0.0864,98.4479,0.0001,0.0002,0.0000,0.0001,-0.0215,272.0101,0.0047,-0.0420,-0.1085,0.3040,-0.1051,-6.3057,0.0017,0.0000,0.0000,1,0,0,0,0,0.0004
63.5883,-202.8600,0.0864,98.4479,0.0001,0.0002,0.0000,0.0001,0.0000,272.0104,0.0050,-0.0420,-0.1085,0.3040,-0.1051,-6.3057,0.0010,0.0000,0.0000,1,0,0,0,0,0.0003
63.6403,-202.8600,0.0864,98.4479,0.0001,0.0002,0.0000,0.0001,0.0000,272.0107,0.0059,-0.0420,-0.1085,0.3040,-0.1051,-6.3058,0.0004,0.0000,0.0000,1,0,0,0,0,0.0004
63.7024,-202.8600,0.0864,98.4479,0.0001,0.0002,0.0000,0.0001,0.0000,272.0110,0.0049,-0.0420,-0.1085,0.3040,-0.1051,-6.3058,0.0002,0.0000,0.0000,1,0,0,0,0,0.0003
63.7575,-202.8600,0.0864,98.4479,0.0001,0.0002,0.0000,0.0001,0.0000,272.0113,0.0055,-0.0420,-0.1085,0.3040,-0.1051,-6.3058,0.0001,0.0000,0.0000,1,0,0,0,0,0.0003
63.8110,-202.8600,0.0864,98.4479,0.0001,0.0002,0.0000,0.0001,0.0000,272.0116,0.0057,-0.0420,-0.1085,0.3040,-0.1051,-6.3058,0.0001,0.0000,0.0000,1,0,0,0,0,0.0003
63.8621,-202.8600,0.0864,98.4479,0.0001,0.0002,0.0000,0.0001,0.0000,272.0119,0.0060,-0.0420,-0.1085,0.3040,-0.1051,-6.3058,0.0000,0.0000,0.0000,1,0,0,0,0,0.0003
63.9263,-202.8600,0.0864,98.4479,0.0001,0.0002,0.0000,0.0001,0.0000,272.0123,0.0057,-0.0420,-0.1085,0.3040,-0.1051,-6.3058,0.0000,0.0000,0.0000,1,0,0,0,0,0.0003
63.9818,-202.8600,0.0864,98.4479,0.0001,0.0002,0.0000,0.0001,0.0000,272.0127,0.0077,-0.0420,-0.1085,0.3040,-0.1051,-6.3058,0.0000,0.0000,0.0000,1,0,0,0,0,0.0004
64.0335,-202.8600,0.0864,98.4479,0.0001,0.0002,0.0000,0.0001,0.0000,272.0131,0.0071,-0.0420,-0.1085,0.3040,-0.1051,-6.3058,0.0000,0.0000,0.0000,1,0,0,0,0,0.0004
64.0933,-202.8600,0.0864,98.4479,0.0001,0.0002,0.0000,0.0001,0.0000,272.0135,0.0071,-0.0420,-0.1085,0.3040,-0.1051,-6.3058,0.0000,0.0000,0.0000,1,0,0,0,0,0.0004
64.1543,-202.8600,0.0864,98.4479,0.0001,0.0004,0.0000,0.0001,0.0008,272.0140,0.0085,-0.0420,-0.1085,0.3040,-0.1051,-6.3058,0.0000,0.0000,0.0000,1,0,0,0,0,0.0005
64.2157,-202.8600,0.0864,98.4479,0.0001,0.0004,0.0000,0.0001,0.0000,272.0145,0.0084,-0.0420,-0.1085,0.3040,-0.1051,-6.3058,0.0000,0.0000,0.0000,1,0,0,0,0,0.0005
64.2758,-202.8600,0.0864,98.4479,0.0001,0.0004,0.0000,0.0001,0.0000,272.0149,0.0066,-0.0420,-0.1085,0.3040,-0.1051,-6.3058,0.0000,0.0000,0.0000,1,0,0,0,0,0.0004
64.3368,-202.8601,0.0864,98.4479,0.0001,0.0004,0.0000,0.0001,0.0000,272.0154,0.0080,-0.0420,-0.1085,0.3040,-0.1051,-6.3058,0.0000,0.0000,0.0000,1,0,0,0,0,0.0004
64.3884,-202.8600,0.0864,98.4479,0.0001,0.0004,0.0000,0.0001,0.0000,272.0157,0.0059,-0.0420,-0.1085,0.3040,-0.1051,-6.3058,0.0000,0.0000,0.0000,1,0,0,0,0,0.0003
64.4418,-202.8600,0.0864,98.4479,0.0001,0.0004,0.0000,0.0001,0.0000,272.0161,0.0080,-0.0420,-0.1085,0.3040,-0.1051,-6.3058,0.0000,0.0000,0.0000,1,0,0,0,0,0.0004
64.4946,-202.8600,0.0864,98.4479,0.0001,0.0004,0.0000,0.0001,0.0000,272.0165,0.0075,-0.0420,-0.1085,0.3040,-0.1051,-6.3058,0.0000,0.0000,0.0000,1,0,0,0,0,0.0004
64.5552,-202.8600,0.0864,98.4479,0.0001,0.0004,0.0000,0.0001,0.0000,272.0170,0.0076,-0.0420,-0.1085,0.3040,-0.1051,-6.3058,0.0000,0.0000,0.0000,1,0,0,0,0,0.0004
64.6119,-202.8600,0.0864,98.4479,0.0001,0.0004,0.0000,0.0001,0.0000,272.0174,0.0070,-0.0420,-0.1085,0.3040,-0.1051,-6.3058,0.0000,0.0000,0.0000,1,0,0,0,0,0.0004
64.6652,-202.8600,0.0864,98.4479,0.0001,0.0004,0.0000,0.0001,0.0000,272.0179,0.0103,-0.0420,-0.1085,0.3040,-0.1051,-6.3058,0.0000,0.0000,0.0000,1,0,0,0,0,0.0006
64.7277,-202.8600,0.0864,98.4479,0.0001,0.0004,0.0000,0.0001,0.0000,272.0186,0.0112,-0.0420,-0.1085,0.3040,-0.1051,-6.3058,0.0000,0.0000,0.0000,1,0,0,0,0,0.0006
64.7867,-202.8600,0.0864,98.4479,0.0001,0.0004,0.0000,0.0001,0.0000,272.0192,0.0098,-0.0420,-0.1085,0.3040,-0.1051,-6.3058,0.0000,0.0000,0.0000,1,0,0,0,0,0.0005
64.8394,-202.8600,0.0864,98.4479,0.0001,0.0004,0.0000,0.0001,0.0000,272.0198,0.0104,-0.0420,-0.1085,0.3040,-0.1051,-6.3058,0.0000,0.0000,0.0000,1,0,0,0,0,0.0006
64.8976,-202.8600,0.0864,98.4479,0.0001,0.0004,0.0000,0.0001,0.0000,272.0204,0.0105,-0.0420,-0.1085,0.3040,-0.1051,-6.3058,0.0000,0.0000,0.0000,1,0,0,0,0,0.0006
64.9510,-202.8600,0.0864,98.4479,0.0001,0.0004,0.0000,0.0001,0.0000,272.0209,0.0103,-0.0420,-0.1085,0.3040,-0.1051,-6.3058,0.0000,0.0000,0.0000,1,0,0,0,0,0.0006
65.0100,-202.8600,0.0864,98.4479,0.0001,0.0004,0.0000,0.0001,0.0000,272.0215,0.0098,-0.0420,-0.1026,0.3040,-0.1051,-6.3058,0.0000,0.0000,0.0000,1,0,0,0,0,0.0005
65.0612,-202.8600,0.0864,98.4479,0.0001,0.0004,0.0000,0.0001,0.0000,272.0221,0.0113,-0.0420,-0.0635,0.3040,-0.1051,-6.3058,0.0000,0.0000,0.0000,1,0,0,0,0,0.0006
65.1131,-202.8600,0.0864,98.4479,0.0001,0.0004,0.0000,0.0001,0.0000,272.0226,0.0106,-0.0420,-0.0283,0.3040,-0.1051,-6.3058,0.0000,0.0000,0.0000,1,0,0,0,0,0.0006
65.1648,-202.8600,0.0864,98.4479,0.0001,0.0005,0.0000,0.0001,0.0006,272.0229,0.0053,-0.0420,0.0108,0.3040,-0.1051,-6.3058,0.0000,0.0103,0.0000,1,0,0,0,0,0.0003
65.2215,-202.8600,0.0864,98.4480,0.0001,0.0002,0.0000,0.0001,-0.0016,272.0189,-0.0705,-0.0420,0.0381,0.3040,-0.1051,-6.3058,0.0000,0.1034,0.0000,1,0,0,0,0,0.0039
65.2772,-202.8600,0.0864,98.4479,0.0003,0.0012,-0.0001,0.0003,0.0049,272.0051,-0.2480,-0.0401,0.0694,0.3040,-0.1032,-6.2813,0.4390,0.2550,0.0000,1,0,0,0,0,0.0382
65.3308,-202.8600,0.0864,98.4479,0.0007,0.0026,-0.0002,0.0007,0.0072,271.9776,-0.5130,-0.0381,0.1164,0.3040,-0.1001,-6.1999,1.5188,0.4678,0.0000,1,0,0,0,0,0.1129
65.3874,-202.8600,0.0864,98.4478,0.0011,0.0040,-0.0003,0.0011,0.0071,271.9349,-0.7541,-0.0362,0.1417,0.3040,-0.0960,-6.0304,2.9941,0.6888,0.0000,1,0,0,0,0,0.2082
65.4532,-202.8601,0.0864,98.4475,0.0017,0.0060,0.0001,0.0017,0.0083,271.8672,-1.0301,-0.0362,0.1535,0.3040,-0.0925,-5.8492,2.7571,0.8670,0.0000,1,0,0,0,0,0.2104
65.5063,-202.8601,0.0864,98.4473,0.0020,0.0070,0.0002,0.0019,0.0054,271.8011,-1.2443,-0.0362,0.1535,0.3040,-0.0913,-5.6519,3.7155,0.9349,0.0000,1,0,0,0,0,0.2755
65.5579,-202.8603,0.0864,98.4471,0.0713,0.2567,0.0713,0.0017,1.3442,271.7330,-1.3203,-0.0362,0.1535,0.3040,-0.0908,-5.5601,1.7789,0.9682,0.0000,1,0,0,0,0,0.1722
65.6146,-202.8733,0.0864,98.4473,0.4373,1.5743,0.4373,0.0026,6.4523,271.6675,-1.1556,-0.0362,0.1476,0.3040,-0.0906,-5.5010,1.0426,0.9823,0.0000,1,0,0,0,0,0.1221
65.6712,-202.9073,0.0864,98.4481,0.8012,2.8844,0.8012,0.0032,6.4310,271.5992,-1.2064,-0.0362,0.1144,0.3040,-0.0905,-5.4670,0.6002,0.9164,0.0000,1,0,0,0,0,0.1606
65.7265,-202.9589,0.0864,98.4492,1.0476,3.7714,1.0476,0.0035,4.4567,271.5361,-1.1420,-0.0342,0.0694,0.3040,-0.0885,-5.4348,0.5841,0.7332,0.0000,1,0,0,0,0,0.1466
65.7862,-203.0222,0.0864,98.4506,1.0269,3.6968,1.0269,0.0038,-0.3475,271.4865,-0.8312,-0.0342,0.0108,0.3040,-0.0868,-5.3466,1.4765,0.4546,0.0000,1,0,0,0,0,0.1843
65.8450,-203.0732,0.0864,98.4516,0.7089,2.5521,0.7089,0.0039,-5.3998,271.4542,-0.5473,-0.0342,-0.0596,0.3040,-0.0861,-5.2582,1.5017,0.2225,0.0000,1,0,0,0,0,0.1965
65.9102,-203.0979,0.0864,98.4520,0.1100,0.3959,0.1100,0.0021,-9.1980,271.4330,-0.3252,-0.0342,-0.1007,0.3040,-0.0858,-5.2030,0.8475,0.0944,0.0000,1,0,0,0,0,0.0652
65.9665,-203.0981,0.0864,98.4519,0.0000,0.0001,0.0000,0.0000,-1.9507,271.4271,-0.1056,-0.0342,-0.1046,0.3040,-0.0857,-5.1734,0.5245,0.0462,0.0000,1,0,0,0,0,0.0350
66.0240,-203.0981,0.0864,98.4519,0.0001,0.0004,0.0000,0.0001,0.0017,271.4259,-0.0202,-0.0342,-0.1046,0.3040,-0.0856,-5.1520,0.3730,0.0196,0.0000,1,0,0,0,0,0.0218
66.0780,-203.0981,0.0864,98.4519,0.0001,0.0003,0.0000,0.0001,-0.0005,271.4257,-0.0040,-0.0342,-0.1046,0.3040,-0.0856,-5.1439,0.1498,0.0111,0.0000,1,0,0,0,0,0.0085
66.1415,-203.0981,0.0864,98.4519,0.0001,0.0003,0.0000,0.0001,-0.0003,271.4257,-0.0010,-0.0342,-0.1046,0.3040,-0.0856,-5.1389,0.0792,0.0047,0.0000,1,0,0,0,0,0.0045
66.1979,-203.0981,0.0864,98.4519,0.0001,0.0002,0.0000,0.0001,-0.0001,271.4257,0.0011,-0.0342,-0.1046,0.3040,-0.0856,-5.1362,0.0472,0.0023,0.0000,1,0,0,0,0,0.0027
66.2602,-203.0981,0.0864,98.4519,0.0001,0.0002,0.0000,0.0001,-0.0001,271.4259,0.0029,-0.0342,-0.1046,0.3040,-0.0856,-5.1351,0.0183,0.0010,0.0000,1,0,0,0,0,0.0012
66.3211,-203.0981,0.0864,98.4519,0.0001,0.0002,0.0000,0.0001,0.0000,271.4262,0.0050,-0.0342,-0.1046,0.3040,-0.0856,-5.1344,0.0102,0.0005,0.0000,1,0,0,0,0,0.0008
66.3726,-203.0981,0.0864,98.4519,0.0001,0.0002,0.0000,0.0001,0.0000,271.4265,0.0059,-0.0342,-0.1046,0.3040,-0.0856,-5.1342,0.0052,0.0002,0.0000,1,0,0,0,0,0.0006
66.4240,-203.0981,0.0864,98.4519,0.0001,0.0002,0.0000,0.0001,0.0000,271.4268,0.0059,-0.0342,-0.1046,0.3040,-0.0856,-5.1340,0.0025,0.0001,0.0000,1,0,0,0,0,0.0005
66.4758,-203.0981,0.0864,98.4519,0.0001,0.0002,0.0000,0.0001,0.0000,271.4270,0.0041,-0.0342,-0.1046,0.3040,-0.0856,-5.1340,0.0011,0.0001,0.0000,1,0,0,0,0,0.0003
66.5358,-203.0981,0.0864,98.4519,0.0001,0.0002,0.0000,0.0001,0.0000,271.4270,0.0000,-0.0342,-0.1046,0.3040,-0.0856,-5.1339,0.0009,0.0000,0.0000,1,0,0,0,0,0.0000
66.5884,-203.0981,0.0864,98.4519,0.0001,0.0002,0.0000,0.0001,0.0000,271.4270,0.0000,-0.0342,-0.1046,0.3040,-0.0856,-5.1339,0.0003,0.0000,0.0000,1,0,0,0,0,0.0000
66.6454,-203.0981,0.0864,98.4519,0.0001,0.0002,0.0000,0.0001,0.0000,271.4270,0.0000,-0.0342,-0.1046,0.3040,-0.0856,-5.1339,0.0002,0.0000,0.0000,1,0,0,0,0,0.0000
66.6986,-203.0981,0.0864,98.4519,0.0001,0.0002,0.0000,0.0001,0.0000,271.4270,0.0000,-0.0342,-0.1046,0.3040,-0.0856,-5.1339,0.0001,0.0000,0.0000,1,0,0,0,0,0.0000
66.7574,-203.0981,0.0864,98.4519,0.0001,0.0002,0.0000,0.0001,0.0000,271.4270,0.0000,-0.0342,-0.1046,0.3040,-0.0856,-5.1339,0.0000,0.0000,0.0000,1,0,0,0,0,0.0000
66.8225,-203.0981,0.0864,98.4519,0.0001,0.0002,0.0000,0.0001,0.0000,271.4270,0.0000,-0.0342,-0.1046,0.3040,-0.0856,-5.1339,0.0000,0.0000,0.0000,1,0,0,0,0,0.0000
66.8792,-203.0981,0.0864,98.4519,0.0001,0.0002,0.0000,0.0001,0.0000,271.4270,0.0000,-0.0342,-0.1046,0.3040,-0.0856,-5.1339,0.0000,0.0000,0.0000,1,0,0,0,0,0.0000
66.9387,-203.0981,0.0864,98.4519,0.0001,0.0002,0.0000,0.0001,0.0000,271.4270,0.0000,-0.0342,-0.1046,0.3040,-0.0856,-5.1339,0.0000,0.0000,0.0000,1,0,0,0,0,0.0000
66.9891,-203.0981,0.0864,98.4519,0.0001,0.0002,0.0000,0.0001,0.0000,271.4270,0.0000,-0.0342,-0.1046,0.3040,-0.0856,-5.1339,0.0000,0.0000,0.0000,1,0,0,0,0,0.0000
67.0410,-203.0981,0.0864,98.4519,0.0001,0.0002,0.0000,0.0001,0.0000,271.4270,0.0000,-0.0342,-0.1046,0.3040,-0.0856,-5.1339,0.0000,0.0000,0.0000,1,0,0,0,0,0.0000
67.0939,-203.0981,0.0864,98.4519,0.0001,0.0002,0.0000,0.0001,0.0000,271.4270,0.0000,-0.0342,-0.1046,0.3040,-0.0856,-5.1339,0.0000,0.0000,0.0000,1,0,0,0,0,0.0000
67.1460,-203.0981,0.0864,98.4519,0.0001,0.0002,0.0000,0.0001,0.0000,271.4270,0.0000,-0.0342,-0.1046,0.3040,-0.0856,-5.1339,0.0000,0.0000,0.0000,1,0,0,0,0,0.0000
67.2061,-203.0981,0.0864,98.4519,0.0001,0.0002,0.0000,0.0001,0.0000,271.4270,0.0000,-0.0342,-0.1046,0.3040,-0.0856,-5.1339,0.0000,0.0000,0.0000,1,0,0,0,0,0.0000
67.2643,-203.0981,0.0864,98.4519,0.0001,0.0002,0.0000,0.0001,0.0000,271.4270,0.0000,-0.0342,-0.1046,0.3040,-0.0856,-5.1339,0.0000,0.0000,0.0000,1,0,0,0,0,0.0000
67.3172,-203.0981,0.0864,98.4519,0.0001,0.0002,0.0000,0.0001,0.0000,271.4270,0.0000,-0.0342,-0.1046,0.3060,-0.0856,-5.1339,0.0000,0.0000,0.0000,1,0,0,0,0,0.0000
67.3760,-203.0981,0.0864,98.4519,0.0001,0.0002,0.0000,0.0001,0.0000,271.4270,0.0000,-0.0342,-0.1046,0.3060,-0.0856,-5.1339,0.0000,0.0000,0.0000,1,0,0,0,0,0.0000
67.4268,-203.0981,0.0864,98.4519,0.0001,0.0002,0.0000,0.0001,0.0000,271.4270,0.0000,-0.0342,-0.1046,0.3060,-0.0856,-5.1339,0.0000,0.0000,0.0000,1,0,0,0,0,0.0000
67.4873,-203.0981,0.0864,98.4519,0.0001,0.0002,0.0000,0.0001,0.0000,271.4270,0.0000,-0.0342,-0.1026,0.3060,-0.0856,-5.1339,0.0000,0.0000,0.0000,1,0,0,0,0,0.0000
67.5489,-203.0981,0.0864,98.4519,0.0001,0.0002,0.0000,0.0001,0.0000,271.4270,0.0000,-0.0323,-0.0616,0.3060,-0.0842,-5.1287,0.0852,0.0000,0.0000,1,0,0,0,0,0.0047
67.6017,-203.0981,0.0864,98.4519,0.0001,0.0002,0.0000,0.0001,0.0000,271.4270,0.0000,-0.0323,-0.0146,0.3060,-0.0822,-5.0625,1.2521,0.0000,0.0000,1,0,0,0,0,0.0696
67.6617,-203.0981,0.0864,98.4519,0.0001,0.0003,0.0000,0.0001,0.0004,271.4253,-0.0295,-0.0284,0.0381,0.3060,-0.0778,-4.9392,2.0558,0.0823,0.0000,1,0,0,0,0,0.1158
67.7212,-203.0981,0.0864,98.4519,0.0006,0.0021,-0.0001,0.0006,0.0085,271.4102,-0.2537,-0.0264,0.1046,0.3060,-0.0715,-4.7130,3.7989,0.3606,0.0000,1,0,0,0,0,0.2251
67.7753,-203.0981,0.0864,98.4518,0.0060,0.0217,0.0059,0.0012,0.1003,271.3860,-0.4473,-0.0245,0.1594,0.3060,-0.0669,-4.4570,4.7325,0.6197,0.0000,1,0,0,0,0,0.2878
67.8257,-203.1021,0.0864,98.4517,0.1753,0.6312,0.1753,0.0018,3.3661,271.3499,-0.7177,-0.0225,0.2141,0.3060,-0.0617,-4.1855,5.3973,0.8139,0.0000,1,0,0,0,0,0.3397
67.8761,-203.1174,0.0864,98.4519,0.4183,1.5057,0.4182,0.0025,4.8140,271.3174,-0.6423,-0.0225,0.2551,0.3060,-0.0590,-3.9229,5.2038,0.8950,0.0000,1,0,0,0,0,0.3248
67.9360,-203.1564,0.0864,98.4526,0.8709,3.1352,0.8709,0.0035,7.5637,271.2755,-0.7002,-0.0186,0.3001,0.3060,-0.0289,-3.3072,10.2875,0.9554,0.0000,1,0,0,0,0,0.6714
67.9959,-203.2213,0.0864,98.4537,1.2879,4.6366,1.2879,0.0043,6.9520,271.2574,-0.3032,-0.0147,0.3177,0.3060,-0.0124,-2.2106,18.2802,0.9782,0.0000,1,0,0,0,0,1.0828
68.0507,-203.3047,0.0864,98.4552,1.7218,6.1986,1.7218,0.0050,7.9264,271.2466,-0.1968,-0.0108,0.3470,0.3060,-0.0053,-1.2587,17.3895,0.9893,0.0000,1,0,0,0,0,1.0207
68.1148,-203.4326,0.0864,98.4576,2.2530,8.1107,2.2530,0.0057,8.2808,271.2381,-0.1327,-0.0069,0.3764,0.3060,-0.0019,-0.7730,7.5715,0.9955,0.0000,1,0,0,0,0,0.4659
68.1654,-203.5567,0.0864,98.4599,2.6996,9.7187,2.6996,0.0062,8.8247,271.2325,-0.1091,-0.0010,0.4116,0.3060,-0.0008,-0.3837,7.6929,0.9978,0.0000,1,0,0,0,0,0.4676
68.2166,-203.7034,0.0864,98.4626,3.0582,11.0096,3.0582,0.0064,7.0078,271.2286,-0.0769,0.0010,0.4155,0.3060,-0.0004,-0.2097,3.3993,0.9988,0.0000,1,0,0,0,0,0.2246
68.2702,-203.8794,0.0864,98.4660,3.5073,12.6264,3.5073,0.0067,8.3867,271.2239,-0.0883,0.0029,0.4155,0.3060,-0.0002,-0.1139,1.7899,0.9994,0.0000,1,0,0,0,0,0.1330
68.3248,-204.0830,0.0864,98.4699,3.9568,14.2446,3.9568,0.0069,8.2217,271.2195,-0.0804,0.0049,0.4155,0.3060,-0.0001,-0.0626,0.9388,0.9997,0.0000,1,0,0,0,0,0.0829
68.3853,-204.3363,0.0864,98.4748,4.4066,15.8637,4.4066,0.0071,7.4434,271.2152,-0.0707,0.0049,0.4155,0.3060,0.0000,-0.0310,0.5223,0.9999,0.0000,1,0,0,0,0,0.0571
68.4450,-204.6156,0.0864,98.4802,4.9465,17.8073,4.9465,0.0073,9.0397,271.2101,-0.0858,0.0049,0.4155,0.3060,0.0000,-0.0150,0.2686,0.9999,0.0000,1,0,0,0,0,0.0418
68.4982,-204.8889,0.0864,98.4855,5.3964,19.4270,5.3964,0.0074,8.4536,271.2057,-0.0820,0.0068,0.4174,0.3060,0.0000,-0.0075,0.1405,1.0000,0.0000,1,0,0,0,0,0.0329
68.5557,-205.2102,0.0864,98.4918,5.8464,21.0470,5.8464,0.0075,7.8245,271.2014,-0.0748,0.0068,0.4272,0.3060,0.0000,-0.0038,0.0642,1.0000,0.0000,1,0,0,0,0,0.0269
68.6064,-205.5156,0.0864,98.4978,6.2064,22.3429,6.2064,0.0075,7.0971,271.1980,-0.0674,0.0088,0.4350,0.3060,0.0000,-0.0019,0.0367,1.0000,0.0000,1,0,0,0,0,0.0238
68.6588,-205.8527,0.0864,98.5043,6.6563,23.9627,6.6563,0.0075,8.5986,271.1936,-0.0840,0.0107,0.4428,0.3060,0.0000,-0.0010,0.0179,1.0000,0.0000,1,0,0,0,0,0.0226
68.7136,-206.2296,0.0864,98.5117,7.1063,25.5828,7.1063,0.0076,8.2104,271.1894,-0.0774,0.0146,0.4467,0.3060,0.0000,-0.0005,0.0089,1.0000,0.0000,1,0,0,0,0,0.0208
68.7665,-206.6162,0.0864,98.5193,7.5563,27.2027,7.5563,0.0076,8.5085,271.1850,-0.0825,0.0186,0.4506,0.3060,0.0000,-0.0003,0.0047,1.0000,0.0000,1,0,0,0,0,0.0200
68.8210,-207.0391,0.0864,98.5275,8.0063,28.8227,8.0063,0.0117,8.2446,271.2155,0.5586,0.0225,0.4546,0.3060,0.0312,0.4031,7.3903,1.0000,0.0000,1,0,0,0,0,0.4636
68.8815,-207.5359,0.0864,98.5374,8.4563,30.4426,8.4563,0.0185,7.4394,271.2844,1.1387,0.0244,0.4546,0.3060,0.0474,1.4379,17.1076,1.0000,0.0000,1,0,0,0,0,1.0466
68.9325,-207.9775,0.0864,98.5464,8.9063,32.0626,8.9062,0.0261,8.8296,271.3797,1.8707,0.0283,0.4546,0.3060,0.0587,2.3040,16.9951,1.0000,0.0000,1,0,0,0,0,1.0920
68.9841,-208.4457,0.0864,98.5565,9.2662,33.3583,9.2661,0.0322,6.9806,271.4720,1.7911,0.0303,0.4546,0.3060,0.0666,2.9627,12.7746,1.0000,0.0000,1,0,0,0,0,0.8613
69.0343,-208.9228,0.0864,98.5674,9.7162,34.9783,9.7161,0.0398,8.9539,271.6040,2.6252,0.0322,0.4546,0.3060,0.0732,3.5227,11.1445,1.0000,0.0000,1,0,0,0,0,0.8264
69.0853,-209.4277,0.0864,98.5799,10.0762,36.2742,10.0761,0.0456,7.0592,271.7208,2.2908,0.0322,0.4546,0.3060,0.0768,4.0099,9.5528,1.0000,0.0000,1,0,0,0,0,0.7258
69.1357,-209.9474,0.0864,98.5937,10.5260,37.8937,10.5259,0.0524,8.9301,271.8764,3.0883,0.0322,0.4565,0.3060,0.0790,4.3338,6.4303,1.0000,0.0000,1,0,0,0,0,0.6034
69.1860,-210.4869,0.0864,98.6092,10.8860,39.1894,10.8858,0.0571,7.1488,272.0063,2.5816,0.0322,0.4565,0.3060,0.0798,4.5386,4.0685,1.0000,0.0000,1,0,0,0,0,0.4482
69.2382,-211.0684,0.0864,98.6274,11.3358,40.8089,11.3357,0.0627,8.6169,272.1744,3.2196,0.0322,0.4565,0.3060,0.0803,4.6716,2.5466,1.0000,0.0000,1,0,0,0,0,0.4034
69.2983,-211.7643,0.0864,98.6510,11.8757,42.7524,11.8755,0.0689,8.9885,272.3822,3.4599,0.0303,0.4565,0.3060,0.0791,4.7495,1.2976,1.0000,0.0000,1,0,0,0,0,0.3513
69.3546,-212.4431,0.0864,98.6761,12.3255,44.3718,12.3253,0.0728,7.9916,272.5554,3.0756,0.0283,0.4565,0.3060,0.0764,4.7182,0.5562,1.0000,0.0000,1,0,0,0,0,0.2904
69.4080,-213.1104,0.0864,98.7027,12.6853,45.6672,12.6851,0.0749,6.7407,272.6914,2.5491,0.0283,0.4565,0.3060,0.0737,4.5985,2.2424,1.0000,0.0000,1,0,0,0,0,0.3548
69.4646,-213.8438,0.0864,98.7341,13.2251,47.6105,13.2249,0.0773,9.5288,272.8889,3.4866,0.0264,0.4565,0.3060,0.0688,4.4340,2.9033,1.0000,0.0000,1,0,0,0,0,0.4427
69.5193,-214.5757,0.0864,98.7675,13.5850,48.9059,13.5848,0.0786,6.5857,273.0191,2.3820,0.0264,0.4565,0.3060,0.0674,4.2436,3.4850,1.0000,0.0000,1,0,0,0,0,0.4128
69.5754,-215.3528,0.0864,98.8053,14.1248,50.8492,14.1245,0.0818,9.6144,273.2160,3.5070,0.0264,0.4565,0.3060,0.0665,4.1462,1.7347,1.0000,0.0000,1,0,0,0,0,0.3781
69.6359,-216.2187,0.0864,98.8500,14.5746,52.4685,14.5743,0.0849,7.4348,273.3832,2.7642,0.0264,0.4565,0.3060,0.0662,4.0475,1.6320,1.0000,0.0000,1,0,0,0,0,0.3316
69.6931,-217.0646,0.0864,98.8963,15.0244,54.0879,15.0242,0.0885,7.8623,273.5536,2.9769,0.0244,0.4565,0.3060,0.0653,4.0037,0.7662,1.0000,0.0000,1,0,0,0,0,0.2963
69.7432,-217.8263,0.0864,98.9401,15.4742,55.7072,15.4740,0.0864,8.9848,273.7022,2.9692,0.0186,0.4565,0.3060,0.0435,3.8221,3.6271,1.0000,0.0000,1,0,0,0,0,0.4502
69.7964,-218.6582,0.0864,98.9901,15.8340,57.0025,15.8339,0.0725,6.7614,273.7629,1.1401,0.0146,0.4565,0.3099,0.0221,2.8041,19.1291,1.0000,0.0000,1,0,0,0,0,1.1948
69.8584,-219.6564,0.0864,99.0524,16.3740,58.9463,16.3739,0.0497,8.7069,273.8008,0.6117,0.0068,0.4565,0.3099,0.0080,1.7927,16.3104,1.0000,0.0000,1,0,0,0,0,0.9857
69.9218,-220.7081,0.0864,99.1198,16.9139,60.8901,16.9139,0.0325,8.5234,273.8117,0.1725,0.0029,0.4565,0.3099,0.0029,0.9858,12.7377,1.0000,0.0000,1,0,0,0,0,0.7461
69.9797,-221.6979,0.0864,99.1841,17.3638,62.5098,17.3638,0.0229,7.7679,273.8127,0.0163,-0.0049,0.4565,0.3099,0.0013,0.5027,8.3395,1.0000,0.0000,1,0,0,0,0,0.4840
70.0314,-222.6052,0.0864,99.2434,17.8138,64.1298,17.8138,0.0168,8.6968,273.8107,-0.0389,-0.0069,0.4565,0.3099,0.0005,0.2830,4.2473,1.0000,0.0000,1,0,0,0,0,0.2522
70.0972,-223.7908,0.0864,99.3214,18.3538,66.0737,18.3538,0.0123,8.2020,273.8066,-0.0612,-0.0147,0.4565,0.3099,0.0002,0.1594,1.8770,1.0000,0.0000,1,0,0,0,0,0.1177
70.1480,-224.7297,0.0864,99.3832,18.7139,67.3699,18.7139,0.0086,7.0883,273.7985,-0.1610,-0.0206,0.4565,0.3099,-0.0079,0.0735,1.6904,1.0000,0.0000,1,0,0,0,0,0.1098
70.2005,-225.7201,0.0864,99.4484,19.1638,68.9897,19.1638,0.0159,8.5853,273.7100,-1.6887,-0.0245,0.4565,0.3099,-0.0365,-0.5739,12.3545,1.0000,0.0000,1,0,0,0,0,0.7926
70.2529,-226.7334,0.0864,99.5145,19.6138,70.6097,19.6137,0.0501,8.5807,273.5498,-3.0538,-0.0284,0.4565,0.3099,-0.0543,-1.5076,17.8025,1.0000,0.0000,1,0,0,0,0,1.1970
70.3030,-227.7217,0.0864,99.5776,19.9737,71.9054,19.9736,0.0795,7.1892,273.3813,-3.3660,-0.0323,0.4565,0.3099,-0.0663,-2.5558,20.9374,1.0000,0.0000,1,0,0,0,0,1.4099
70.3616,-228.8903,0.0864,99.6497,19.8680,71.5248,19.8677,0.1155,-1.8032,273.1300,-4.2857,-0.0342,0.4565,0.3099,-0.0773,-3.4945,16.0087,1.0000,0.0000,1,0,0,0,0,1.2146
70.4188,-230.0315,0.0864,99.7167,19.8680,71.5248,19.8674,0.1558,0.0002,272.7905,-5.9299,-0.0362,0.4565,0.3099,-0.0857,-4.2808,13.7364,1.0000,0.0000,1,0,0,0,0,1.2102
70.4740,-231.1292,0.0864,99.7768,20.0478,72.1721,20.0471,0.1706,3.2615,272.4931,-5.3944,-0.0362,0.4565,0.3099,-0.0884,-4.7592,8.6767,1.0000,0.0000,1,0,0,0,0,0.9094
70.5376,-232.3980,0.0864,99.8400,19.9579,71.8485,19.9571,0.1805,-1.4122,272.1899,-4.7638,-0.0362,0.4565,0.3099,-0.0896,-5.0560,4.6628,1.0000,0.0000,1,0,0,0,0,0.6593
70.6020,-233.6814,0.0864,99.8966,19.9579,71.8483,19.9570,0.1877,-0.0009,271.8230,-5.6997,-0.0362,0.4565,0.3099,-0.0901,-5.2357,2.7918,1.0000,0.0000,1,0,0,0,0,0.6128
70.6584,-234.8072,0.0864,99.9400,19.8679,71.5246,19.8670,0.1908,-1.5933,271.5179,-5.4065,-0.0362,0.4565,0.3099,-0.0903,-5.3375,1.8033,1.0000,0.0000,1,0,0,0,0,0.5446
70.7097,-235.8293,0.0864,99.9744,20.0478,72.1721,20.0468,0.1997,3.5097,271.2119,-5.9723,-0.0362,0.4565,0.3099,-0.0904,-5.3774,0.7801,1.0000,0.0000,1,0,0,0,0,0.5246
70.7674,-236.9812,0.0864,100.0075,19.9579,71.8484,19.9569,0.2010,-1.5566,270.9042,-5.3273,-0.0362,0.4350,0.3099,-0.0904,-5.4026,0.4361,1.0000,0.0000,1,0,0,0,0,0.4713
70.8200,-238.0318,0.0864,100.0320,19.8680,71.5248,19.8670,0.1990,-1.7088,270.5966,-5.8457,-0.0362,0.3666,0.3099,-0.0904,-5.4144,0.2244,1.0000,0.0000,1,0,0,0,0,0.4875
70.8743,-239.1132,0.0864,100.0515,20.0477,72.1716,20.0467,0.1983,3.3132,270.2893,-5.6669,-0.0362,0.2767,0.3099,-0.0904,-5.4200,0.1027,1.0000,0.0000,1,0,0,0,0,0.4689
70.9250,-240.1251,0.0864,100.0646,19.8680,71.5248,19.8670,0.2004,-3.5448,270.0342,-5.0331,-0.0440,0.1848,0.3099,-0.0969,-5.4760,1.1041,1.0000,0.0000,1,0,0,0,0,0.4923
70.9771,-241.1660,0.0864,100.0727,20.0335,72.1207,20.0324,0.2165,3.1737,269.6684,-7.0124,-0.0577,0.1222,0.3099,-0.1175,-5.8560,7.2848,0.9570,0.0000,1,0,0,0,0,0.9564
71.0325,-242.2722,0.0864,100.0751,19.8680,71.5248,19.8665,0.2495,-2.9867,269.2188,-8.1129,-0.0753,0.0655,0.3099,-0.1510,-6.9336,19.4455,0.7494,0.0000,1,0,0,0,0,1.7194
71.0894,-243.4026,0.0864,100.0701,19.8851,71.5864,19.8829,0.2944,0.3010,268.6793,-9.4946,-0.0948,0.0420,0.3099,-0.1890,-8.6435,30.0908,0.5293,0.0000,1,0,0,0,0,2.4213
71.1506,-244.6152,0.0864,100.0547,19.7073,70.9464,19.7043,0.3466,-2.9032,268.0437,-10.3775,-0.1124,0.0323,0.3099,-0.2301,-10.7450,34.3151,0.3815,0.0000,1,0,0,0,0,2.7467
71.2082,-245.7381,0.0864,100.0295,19.3102,69.5167,19.3058,0.4129,-6.9016,267.1484,-15.5603,-0.1300,0.0186,0.3099,-0.2824,-13.1156,41.1985,0.2464,0.0000,1,0,0,0,0,3.4740
71.2603,-246.7361,0.0864,99.9967,18.9525,68.2290,18.9471,0.4528,-6.8544,266.4852,-12.7082,-0.1457,-0.0029,0.3099,-0.3157,-15.4711,45.1375,0.1617,0.0000,1,0,0,0,0,3.5720
71.3203,-247.8514,0.0864,99.9464,18.2901,65.8443,18.2832,0.5017,-11.0505,265.4056,-18.0094,-0.1633,-0.0538,0.3099,-0.3659,-18.0890,43.6721,0.0686,0.0000,1,0,0,0,0,3.8382
71.3790,-248.3571,0.2186,99.8803,0.5406,1.9460,0.1600,0.5163,-302.0210,263.1699,-38.0423,-0.1750,-0.0948,0.3099,-0.4016,-20.6566,43.6904,0.0336,0.0000,1,0,0,0,0,18.8683
71.4346,-248.3585,0.2318,99.8563,0.3718,1.3384,0.1031,0.3572,-3.0410,264.5981,25.7309,-0.1867,-0.1026,0.3099,-0.4321,-22.7317,37.3860,0.0164,0.0000,1,0,0,0,0,3.5065
71.4852,-248.3632,0.2077,99.8405,0.3077,1.1077,0.1423,0.2728,-1.2649,265.4186,16.1964,-0.1945,-0.1085,0.3099,-0.4589,-24.7451,39.7439,0.0080,0.0000,1,0,0,0,0,3.1078
71.5355,-248.3702,0.1619,99.8277,0.2837,1.0213,0.1781,0.2209,-0.4769,265.5889,3.3866,-0.2043,-0.1085,0.3099,-0.4814,-26.2771,30.4574,0.0045,0.0000,1,0,0,0,0,1.8802
71.5894,-248.3766,0.0936,99.8177,0.0083,0.0299,0.0018,0.0081,-5.1070,265.5342,-1.0147,-0.2161,-0.1104,0.3099,-0.5092,-28.0385,32.6636,0.0022,0.0000,1,0,0,0,0,1.8710
71.6408,-248.3766,0.0864,99.8174,0.0009,0.0031,0.0002,0.0009,-0.1450,265.5254,-0.1724,-0.2219,-0.1104,0.3099,-0.5308,-29.6240,30.8884,0.0011,0.0000,1,0,0,0,0,1.7256
71.6973,-248.3766,0.0864,99.8173,0.0004,0.0014,0.0001,0.0004,-0.0083,265.5208,-0.0804,-0.2258,-0.1104,0.3099,-0.5483,-30.8324,21.3712,0.0005,0.0000,1,0,0,0,0,1.1918
71.7502,-248.3766,0.0864,99.8173,0.0002,0.0009,0.0000,0.0002,-0.0031,265.5190,-0.0346,-0.2297,-0.1104,0.3099,-0.5601,-32.1707,25.3064,0.0003,0.0000,1,0,0,0,0,1.4078
71.8038,-248.3766,0.0864,99.8172,0.0001,0.0003,0.0000,0.0001,-0.0031,265.5178,-0.0228,-0.2317,-0.1104,0.3099,-0.5701,-32.9542,14.6289,0.0001,0.0000,1,0,0,0,0,0.8140
71.8631,-248.3766,0.0864,99.8172,0.0001,0.0002,0.0000,0.0000,-0.0004,265.5171,-0.0118,-0.2317,-0.1104,0.3099,-0.5759,-33.7468,13.3544,0.0001,0.0000,1,0,0,0,0,0.7426
71.9231,-248.3766,0.0864,99.8172,0.0000,0.0000,0.0000,0.0000,-0.0006,265.5169,-0.0020,-0.2317,-0.1104,0.3099,-0.5778,-34.2109,7.7398,0.0000,0.0000,1,0,0,0,0,0.4301
71.9855,-248.3766,0.0864,99.8172,0.0000,0.0000,0.0000,0.0000,0.0000,265.5169,0.0000,-0.2317,-0.1104,0.3099,-0.5787,-34.4677,4.1150,0.0000,0.0000,1,0,0,0,0,0.2286
72.0466,-248.3766,0.0864,99.8172,0.0000,0.0000,0.0000,0.0000,0.0000,265.5169,0.0000,-0.2317,-0.1104,0.3099,-0.5790,-34.6100,2.3276,0.0000,0.0000,1,0,0,0,0,0.1293
72.1065,-248.3766,0.0864,99.8172,0.0000,0.0000,0.0000,0.0000,0.0000,265.5169,0.0000,-0.2317,-0.1104,0.3099,-0.5791,-34.6833,1.2250,0.0000,0.0000,1,0,0,0,0,0.0681
72.1592,-248.3766,0.0864,99.8172,0.0000,0.0000,0.0000,0.0000,0.0000,265.5169,0.0000,-0.2278,-0.1104,0.3099,-0.5765,-34.6944,0.2102,0.0000,0.0000,1,0,0,0,0,0.0117
72.2120,-248.3766,0.0864,99.8172,0.0000,0.0000,0.0000,0.0000,0.0000,265.5169,0.0000,-0.2239,-0.1104,0.3099,-0.5697,-34.5662,2.4293,0.0000,0.0000,1,0,0,0,0,0.1350
72.2626,-248.3766,0.0864,99.8172,0.0000,0.0000,0.0000,0.0000,0.0000,265.5169,0.0000,-0.2200,-0.1104,0.3099,-0.5613,-34.2888,5.4721,0.0000,0.0000,1,0,0,0,0,0.3040
72.3143,-248.3766,0.0864,99.8172,0.0000,0.0000,0.0000,0.0000,0.0000,265.5169,0.0000,-0.2161,-0.1104,0.3099,-0.5519,-33.8765,7.9830,0.0000,0.0000,1,0,0,0,0,0.4435
72.3769,-248.3766,0.0864,99.8172,0.0000,0.0000,0.0000,0.0000,0.0000,265.5169,0.0000,-0.2102,-0.1104,0.3099,-0.5381,-33.2561,9.9111,0.0000,0.0000,1,0,0,0,0,0.5506
72.4329,-248.3766,0.0864,99.8172,0.0000,0.0000,0.0000,0.0000,0.0000,265.5169,0.0000,-0.2063,-0.1104,0.3099,-0.5271,-32.5615,12.4098,0.0000,0.0000,1,0,0,0,0,0.6894
72.4829,-248.3766,0.0864,99.8172,0.0000,0.0000,0.0000,0.0000,0.0000,265.5169,0.0000,-0.2023,-0.1104,0.3099,-0.5177,-31.9968,11.2859,0.0000,0.0000,1,0,0,0,0,0.6270
72.5371,-248.3766,0.0864,99.8172,0.0000,0.0000,0.0000,0.0000,0.0000,265.5169,0.0000,-0.1984,-0.1104,0.3099,-0.5062,-31.2885,13.0735,0.0000,0.0000,1,0,0,0,0,0.7263
72.5944,-248.3766,0.0864,99.8172,0.0000,0.0000,0.0000,0.0000,0.0000,265.5169,0.0000,-0.1906,-0.1104,0.3099,-0.4909,-30.5676,12.5834,0.0000,0.0000,1,0,0,0,0,0.6991
72.6616,-248.3766,0.0864,99.8172,0.0000,0.0000,0.0000,0.0000,0.0000,265.5169,0.0000,-0.1867,-0.1104,0.3099,-0.4776,-29.8623,10.4924,0.0000,0.0000,1,0,0,0,0,0.5829
72.7117,-248.3766,0.0864,99.8172,0.0000,0.0000,0.0000,0.0000,0.0000,265.5169,0.0000,-0.1809,-0.1104,0.3099,-0.4666,-29.1243,14.7299,0.0000,0.0000,1,0,0,0,0,0.8183
72.7619,-248.3766,0.0864,99.8172,0.0000,0.0000,0.0000,0.0000,0.0000,265.5169,0.0000,-0.1750,-0.1104,0.3099,-0.4524,-28.3780,14.8533,0.0000,0.0000,1,0,0,0,0,0.8252
72.8223,-248.3766,0.0864,99.8172,0.0000,0.0000,0.0000,0.0000,0.0000,265.5169,0.0000,-0.1652,-0.1104,0.3099,-0.4342,-27.5201,14.2000,0.0000,0.0000,1,0,0,0,0,0.7889
72.8807,-248.3766,0.0864,99.8172,0.0000,0.0000,0.0000,0.0000,0.0000,265.5169,0.0000,-0.1554,-0.1104,0.3099,-0.4128,-26.3780,19.5887,0.0000,0.0000,1,0,0,0,0,1.0883
72.9420,-248.3766,0.0864,99.8172,0.0000,0.0000,0.0000,0.0000,0.0000,265.5169,0.0000,-0.1417,-0.1104,0.3099,-0.3827,-25.0667,21.3815,0.0000,0.0000,1,0,0,0,0,1.1879
72.9968,-248.3766,0.0864,99.8172,0.0000,0.0000,0.0000,0.0000,0.0000,265.5169,0.0000,-0.1320,-0.1104,0.3099,-0.3567,-23.6107,26.5358,0.0000,0.0000,1,0,0,0,0,1.4742
73.0521,-248.3766,0.0864,99.8172,0.0000,0.0000,0.0000,0.0000,0.0000,265.5169,0.0000,-0.1203,-0.1104,0.3099,-0.3298,-22.1086,27.1873,0.0000,0.0000,1,0,0,0,0,1.5104
73.1057,-248.3766,0.0864,99.8172,0.0000,0.0000,0.0000,0.0000,0.0000,265.5169,0.0000,-0.1105,-0.1104,0.3099,-0.3033,-20.6871,26.5289,0.0000,0.0000,1,0,0,0,0,1.4738
73.1573,-248.3766,0.0864,99.8172,0.0000,0.0000,0.0000,0.0000,0.0000,265.5169,0.0000,-0.1007,-0.1104,0.3099,-0.2805,-19.2502,27.8242,0.0000,0.0000,1,0,0,0,0,1.5458
73.2085,-248.3766,0.0864,99.8172,0.0000,0.0000,0.0000,0.0000,0.0000,265.5169,0.0000,-0.0929,-0.1104,0.3099,-0.2572,-17.7219,29.8575,0.0000,0.0000,1,0,0,0,0,1.6588
73.2597,-248.3766,0.0864,99.8172,0.0000,0.0000,0.0000,0.0000,0.0000,265.5169,0.0000,-0.0831,-0.1104,0.3099,-0.2370,-16.4606,24.6421,0.0000,0.0000,1,0,0,0,0,1.3690
73.3172,-248.3766,0.0864,99.8172,0.0000,0.0000,0.0000,0.0000,0.0000,265.5169,0.0000,-0.0753,-0.1104,0.3099,-0.2102,-14.7517,29.7220,0.0000,0.0000,1,0,0,0,0,1.6512
73.3697,-248.3766,0.0864,99.8172,0.0000,0.0000,0.0000,0.0000,0.0000,265.5169,0.0000,-0.0714,-0.1104,0.3099,-0.1960,-13.4913,24.0155,0.0000,0.0000,1,0,0,0,0,1.3342
73.4222,-248.3766,0.0864,99.8172,0.0000,0.0000,0.0000,0.0000,0.0000,265.5169,0.0000,-0.0675,-0.1104,0.3099,-0.1813,-12.4892,19.0854,0.0000,0.0000,1,0,0,0,0,1.0603
73.4831,-248.3766,0.0864,99.8172,0.0000,0.0000,0.0000,0.0000,0.0000,265.5169,0.0000,-0.0636,-0.1104,0.3099,-0.1677,-11.3801,18.2175,0.0000,0.0000,1,0,0,0,0,1.0121
73.5353,-248.3766,0.0864,99.8172,0.0000,0.0000,0.0000,0.0000,0.0000,265.5169,0.0000,-0.0616,-0.1104,0.3099,-0.1610,-10.6224,14.5163,0.0000,0.0000,1,0,0,0,0,0.8065
73.5969,-248.3766,0.0864,99.8172,0.0000,0.0000,0.0000,0.0000,0.0000,265.5169,0.0000,-0.0596,-0.1104,0.3099,-0.1534,-9.9839,10.3514,0.0000,0.0000,1,0,0,0,0,0.5751
73.6543,-248.3766,0.0864,99.8172,0.0000,0.0000,0.0000,0.0000,0.0000,265.5169,0.0000,-0.0596,-0.1104,0.3099,-0.1510,-9.5124,8.2201,0.0000,0.0000,1,0,0,0,0,0.4567
73.7148,-248.3766,0.0864,99.8172,0.0000,0.0000,0.0000,0.0000,0.0000,265.5169,0.0000,-0.0596,-0.1104,0.3099,-0.1499,-9.2519,4.3067,0.0000,0.0000,1,0,0,0,0,0.2393
73.7711,-248.3766,0.0864,99.8172,0.0000,0.0000,0.0000,0.0000,0.0000,265.5169,0.0000,-0.0596,-0.1104,0.3099,-0.1494,-9.1102,2.5146,0.0000,0.0000,1,0,0,0,0,0.1397
73.8298,-248.3766,0.0864,99.8172,0.0000,0.0000,0.0000,0.0000,0.0000,265.5169,0.0000,-0.0577,-0.1104,0.3099,-0.1485,-9.0306,1.3570,0.0000,0.0000,1,0,0,0,0,0.0754
73.8830,-248.3766,0.0864,99.8172,0.0000,0.0000,0.0000,0.0000,0.0000,265.5169,0.0000,-0.0577,-0.1104,0.3099,-0.1461,-8.9397,1.7083,0.0000,0.0000,1,0,0,0,0,0.0949
73.9430,-248.3766,0.0864,99.8172,0.0000,0.0000,0.0000,0.0000,0.0000,265.5169,0.0000,-0.0577,-0.1104,0.3099,-0.1450,-8.8271,1.8755,0.0000,0.0000,1,0,0,0,0,0.1042
73.9994,-248.3766,0.0864,99.8172,0.0000,0.0000,0.0000,0.0000,0.0000,265.5169,0.0000,-0.0577,-0.1104,0.3099,-0.1446,-8.7596,1.1975,0.0000,0.0000,1,0,0,0,0,0.0665
74.0568,-248.3766,0.0864,99.8172,0.0000,0.0000,0.0000,0.0000,0.0000,265.5169,0.0000,-0.0577,-0.1104,0.3099,-0.1444,-8.7061,0.9339,0.0000,0.0000,1,0,0,0,0,0.0519
74.1205,-248.3766,0.0864,99.8172,0.0000,0.0000,0.0000,0.0000,0.0000,265.5169,0.0000,-0.0577,-0.1104,0.3099,-0.1443,-8.6820,0.3771,0.0000,0.0000,1,0,0,0,0,0.0209
74.1736,-248.3766,0.0864,99.8172,0.0000,0.0000,0.0000,0.0000,0.0000,265.5169,0.0000,-0.0577,-0.1104,0.3099,-0.1443,-8.6691,0.2431,0.0000,0.0000,1,0,0,0,0,0.0135
74.2283,-248.3766,0.0864,99.8172,0.0000,0.0000,0.0000,0.0000,0.0000,265.5169,0.0000,-0.0577,-0.1104,0.3099,-0.1442,-8.6618,0.1344,0.0000,0.0000,1,0,0,0,0,0.0075
74.2888,-248.3766,0.0864,99.8172,0.0000,0.0000,0.0000,0.0000,0.0000,265.5169,0.0000,-0.0577,-0.1104,0.3099,-0.1442,-8.6579,0.0642,0.0000,0.0000,1,0,0,0,0,0.0036
74.3489,-248.3766,0.0864,99.8172,0.0000,0.0000,0.0000,0.0000,0.0000,265.5169,0.0000,-0.0577,-0.1104,0.3099,-0.1442,-8.6560,0.0320,0.0000,0.0000,1,0,0,0,0,0.0018
74.4003,-248.3766,0.0864,99.8172,0.0000,0.0000,0.0000,0.0000,0.0000,265.5169,0.0000,-0.0577,-0.1104,0.3099,-0.1442,-8.6551,0.0162,0.0000,0.0000,1,0,0,0,0,0.0009
74.4586,-248.3766,0.0864,99.8172,0.0000,0.0000,0.0000,0.0000,0.0000,265.5169,0.0000,-0.0577,-0.1104,0.3099,-0.1442,-8.6546,0.0084,0.0000,0.0000,1,0,0,0,0,0.0005
74.5117,-248.3766,0.0864,99.8172,0.0000,0.0000,0.0000,0.0000,0.0000,265.5169,0.0000,-0.0577,-0.1104,0.3099,-0.1442,-8.6544,0.0042,0.0000,0.0000,1,0,0,0,0,0.0002
74.5628,-248.3766,0.0864,99.8172,0.0000,0.0000,0.0000,0.0000,0.0000,265.5169,0.0000,-0.0577,-0.1104,0.3099,-0.1442,-8.6543,0.0024,0.0000,0.0000,1,0,0,0,0,0.0001
74.6139,-248.3766,0.0864,99.8172,0.0000,0.0000,0.0000,0.0000,0.0000,265.5169,0.0000,-0.0577,-0.1104,0.3099,-0.1442,-8.6542,0.0013,0.0000,0.0000,1,0,0,0,0,0.0001
74.6695,-248.3766,0.0864,99.8172,0.0000,0.0000,0.0000,0.0000,0.0000,265.5169,0.0000,-0.0577,-0.1104,0.3099,-0.1442,-8.6542,0.0006,0.0000,0.0000,1,0,0,0,0,0.0000
74.7220,-248.3766,0.0864,99.8172,0.0000,0.0000,0.0000,0.0000,0.0000,265.5169,0.0000,-0.0577,-0.1104,0.3099,-0.1442,-8.6542,0.0002,0.0000,0.0000,1,0,0,0,0,0.0000
74.7722,-248.3766,0.0864,99.8172,0.0000,0.0000,0.0000,0.0000,0.0000,265.5169,0.0000,-0.0577,-0.1104,0.3099,-0.1442,-8.6542,0.0002,0.0000,0.0000,1,0,0,0,0,0.0000
74.8279,-248.3766,0.0864,99.8172,0.0000,0.0000,0.0000,0.0000,0.0000,265.5169,0.0000,-0.0577,-0.1104,0.3099,-0.1442,-8.6542,0.0001,0.0000,0.0000,1,0,0,0,0,0.0000
74.8823,-248.3766,0.0864,99.8172,0.0000,0.0000,0.0000,0.0000,0.0000,265.5169,0.0000,-0.0577,-0.1104,0.3099,-0.1442,-8.6542,0.0000,0.0000,0.0000,1,0,0,0,0,0.0000
74.9343,-248.3766,0.0864,99.8172,0.0000,0.0000,0.0000,0.0000,0.0000,265.5169,0.0000,-0.0577,-0.1104,0.3099,-0.1442,-8.6542,0.0000,0.0000,0.0000,1,0,0,0,0,0.0000
74.9859,-248.3766,0.0864,99.8172,0.0000,0.0000,0.0000,0.0000,0.0000,265.5169,0.0000,-0.0577,-0.1104,0.3099,-0.1442,-8.6542,0.0000,0.0000,0.0000,1,0,0,0,0,0.0000
75.0393,-248.3766,0.0864,99.8172,0.0000,0.0000,0.0000,0.0000,0.0000,265.5169,0.0000,-0.0577,-0.1104,0.3099,-0.1442,-8.6542,0.0000,0.0000,0.0000,1,0,0,0,0,0.0000
