time,position_x,position_y,position_z,speed_ms,speed_kmh,forward_speed,sideways_speed,acceleration_ms2,yaw,yaw_rate,raw_steer_x,raw_throttle_y,raw_brake_z,steer_input,handlebar_angle,steer_rate,throttle,brake,is_grounded,harsh_brake,harsh_steer,high_side_slip,high_yaw_rate,risk_score
0.1173,185.2042,0.1429,102.8923,0.0000,0.0000,0.0000,0.0000,0.0000,270.0000,0.0000,-0.0929,-0.0929,0.3060,-0.1814,0.0000,0.0000,0.0000,0.0000,1,0,0,0,0,0.0000
0.1776,185.2043,0.0865,102.8924,0.0001,0.0003,0.0000,0.0001,0.0015,270.0011,0.0187,-0.0929,-0.0929,0.3060,-0.2138,-11.4116,189.1180,0.0000,0.0000,1,0,0,0,0,10.0010
0.2450,185.2042,0.0864,102.8924,0.0001,0.0003,0.0000,0.0001,-0.0003,270.0016,0.0063,-0.0929,-0.0929,0.3060,-0.2255,-12.4866,15.9672,0.0000,0.0000,1,0,0,0,0,0.8874
0.3229,185.2042,0.0864,102.8924,0.0001,0.0003,0.0000,0.0001,0.0000,270.0021,0.0070,-0.0929,-0.0929,0.3060,-0.2302,-13.1240,8.1768,0.0000,0.0000,1,0,0,0,0,0.4547
0.3893,185.2042,0.0864,102.8924,0.0001,0.0003,0.0000,0.0001,0.0000,270.0026,0.0069,-0.0929,-0.0929,0.3060,-0.2315,-13.6591,8.0654,0.0000,0.0000,1,0,0,0,0,0.4485
0.4532,185.2042,0.0864,102.8924,0.0001,0.0003,0.0000,0.0001,0.0000,270.0030,0.0067,-0.0929,-0.0929,0.3060,-0.2319,-13.7976,2.1674,0.0000,0.0000,1,0,0,0,0,0.1208
0.5355,185.2042,0.0864,102.8924,0.0001,0.0003,0.0000,0.0001,0.0000,270.0036,0.0074,-0.0929,-0.0929,0.3060,-0.2321,-13.8558,0.7065,0.0000,0.0000,1,0,0,0,0,0.0397
0.5901,185.2042,0.0864,102.8924,0.0001,0.0003,0.0000,0.0001,0.0000,270.0040,0.0078,-0.0929,-0.0929,0.3060,-0.2322,-13.9094,0.9809,0.0000,0.0000,1,0,0,0,0,0.0549
0.6456,185.2042,0.0864,102.8924,0.0001,0.0003,0.0000,0.0001,0.0000,270.0043,0.0050,-0.0929,-0.0929,0.3060,-0.2322,-13.9210,0.2097,0.0000,0.0000,1,0,0,0,0,0.0119
0.7044,185.2042,0.0864,102.8924,0.0001,0.0003,0.0000,0.0001,0.0000,270.0046,0.0047,-0.0929,-0.0929,0.3060,-0.2322,-13.9266,0.0955,0.0000,0.0000,1,0,0,0,0,0.0056
0.7598,185.2043,0.0864,102.8924,0.0001,0.0003,0.0000,0.0001,0.0000,270.0049,0.0055,-0.0929,-0.0929,0.3060,-0.2322,-13.9293,0.0491,0.0000,0.0000,1,0,0,0,0,0.0030
0.8145,185.2042,0.0864,102.8924,0.0001,0.0003,0.0000,0.0001,0.0000,270.0052,0.0056,-0.0929,-0.0929,0.3060,-0.2322,-13.9308,0.0259,0.0000,0.0000,1,0,0,0,0,0.0017
0.8665,185.2042,0.0864,102.8924,0.0001,0.0003,0.0000,0.0001,0.0000,270.0055,0.0059,-0.0929,-0.0929,0.3060,-0.2322,-13.9315,0.0135,0.0000,0.0000,1,0,0,0,0,0.0011
0.9287,185.2042,0.0864,102.8923,0.0001,0.0003,0.0000,0.0001,0.0000,270.0058,0.0049,-0.0929,-0.0929,0.3060,-0.2322,-13.9319,0.0066,0.0000,0.0000,1,0,0,0,0,0.0006
0.9858,185.2042,0.0864,102.8924,0.0001,0.0003,0.0000,0.0001,0.0000,270.0061,0.0053,-0.0929,-0.0929,0.3060,-0.2322,-13.9321,0.0037,0.0000,0.0000,1,0,0,0,0,0.0005
1.0437,185.2042,0.0864,102.8924,0.0001,0.0003,0.0000,0.0001,0.0000,270.0065,0.0063,-0.0929,-0.0929,0.3060,-0.2322,-13.9322,0.0016,0.0000,0.0000,1,0,0,0,0,0.0004
1.0947,185.2042,0.0864,102.8924,0.0001,0.0003,0.0000,0.0001,0.0000,270.0067,0.0048,-0.0929,-0.0929,0.3060,-0.2322,-13.9322,0.0008,0.0000,0.0000,1,0,0,0,0,0.0003
1.1530,185.2042,0.0864,102.8924,0.0001,0.0003,0.0000,0.0001,0.0000,270.0070,0.0052,-0.0929,-0.0929,0.3060,-0.2322,-13.9322,0.0004,0.0000,0.0000,1,0,0,0,0,0.0003
1.2072,185.2042,0.0864,102.8924,0.0001,0.0003,0.0000,0.0001,0.0000,270.0073,0.0045,-0.0929,-0.0929,0.3060,-0.2322,-13.9322,0.0002,0.0000,0.0000,1,0,0,0,0,0.0003
1.2583,185.2042,0.0864,102.8924,0.0001,0.0003,0.0000,0.0001,0.0000,270.0075,0.0054,-0.0929,-0.0929,0.3060,-0.2322,-13.9322,0.0001,0.0000,0.0000,1,0,0,0,0,0.0003
1.3183,185.2042,0.0864,102.8924,0.0001,0.0003,0.0000,0.0001,0.0000,270.0078,0.0046,-0.0929,-0.0929,0.3060,-0.2322,-13.9323,0.0000,0.0000,0.0000,1,0,0,0,0,0.0003
1.3799,185.2042,0.0864,102.8924,0.0001,0.0003,0.0000,0.0001,0.0000,270.0081,0.0050,-0.0929,-0.0929,0.3060,-0.2322,-13.9323,0.0000,0.0000,0.0000,1,0,0,0,0,0.0003
1.4409,185.2043,0.0864,102.8924,0.0001,0.0003,0.0000,0.0001,0.0000,270.0084,0.0045,-0.0929,-0.0929,0.3060,-0.2322,-13.9323,0.0000,0.0000,0.0000,1,0,0,0,0,0.0003
1.4970,185.2042,0.0864,102.8924,0.0001,0.0003,0.0000,0.0001,0.0000,270.0087,0.0049,-0.0929,-0.0929,0.3060,-0.2322,-13.9323,0.0000,0.0000,0.0000,1,0,0,0,0,0.0003
1.5507,185.2042,0.0864,102.8924,0.0001,0.0003,0.0000,0.0001,0.0000,270.0089,0.0045,-0.0929,-0.0929,0.3060,-0.2322,-13.9323,0.0000,0.0000,0.0000,1,0,0,0,0,0.0003
1.6097,185.2042,0.0864,102.8924,0.0001,0.0003,0.0000,0.0001,0.0000,270.0092,0.0057,-0.0929,-0.0929,0.3060,-0.2322,-13.9323,0.0000,0.0000,0.0000,1,0,0,0,0,0.0003
1.6655,185.2042,0.0864,102.8924,0.0001,0.0003,0.0000,0.0001,0.0000,270.0095,0.0044,-0.0929,-0.0929,0.3060,-0.2322,-13.9323,0.0000,0.0000,0.0000,1,0,0,0,0,0.0002
1.7200,185.2042,0.0864,102.8924,0.0001,0.0003,0.0000,0.0001,0.0000,270.0097,0.0034,-0.0929,-0.0929,0.3060,-0.2322,-13.9323,0.0000,0.0000,0.0000,1,0,0,0,0,0.0002
1.7772,185.2042,0.0864,102.8924,0.0001,0.0003,0.0000,0.0001,0.0000,270.0100,0.0059,-0.0929,-0.0909,0.3060,-0.2322,-13.9323,0.0000,0.0000,0.0000,1,0,0,0,0,0.0003
1.8327,185.2043,0.0864,102.8924,0.0001,0.0003,0.0000,0.0001,0.0000,270.0103,0.0060,-0.0929,-0.0713,0.3060,-0.2322,-13.9323,0.0000,0.0000,0.0000,1,0,0,0,0,0.0003
1.8926,185.2042,0.0864,102.8924,0.0001,0.0003,0.0000,0.0001,0.0000,270.0107,0.0056,-0.0929,-0.0616,0.3060,-0.2322,-13.9323,0.0000,0.0000,0.0000,1,0,0,0,0,0.0003
1.9492,185.2042,0.0864,102.8924,0.0001,0.0003,0.0000,0.0001,0.0000,270.0110,0.0059,-0.0929,-0.0322,0.3060,-0.2322,-13.9323,0.0000,0.0000,0.0000,1,0,0,0,0,0.0003
2.0027,185.2042,0.0864,102.8924,0.0001,0.0003,0.0000,0.0001,0.0000,270.0114,0.0063,-0.0929,-0.0010,0.3060,-0.2322,-13.9323,0.0000,0.0000,0.0000,1,0,0,0,0,0.0003
2.0638,185.2042,0.0864,102.8924,0.0001,0.0003,0.0000,0.0001,0.0004,270.0112,-0.0030,-0.0929,0.0362,0.3060,-0.2322,-13.9323,0.0000,0.0084,0.0000,1,0,0,0,0,0.0002
2.1140,185.2042,0.0864,102.8924,0.0000,0.0001,0.0000,0.0000,-0.0011,270.0054,-0.1143,-0.0929,0.1105,0.3060,-0.2322,-13.9323,0.0000,0.0639,0.0000,1,0,0,0,0,0.0063
2.1749,185.2042,0.0864,102.8924,0.0002,0.0006,0.0000,0.0002,0.0021,269.9890,-0.2704,-0.0929,0.1613,0.3060,-0.2322,-13.9323,0.0000,0.1335,0.0000,1,0,0,0,0,0.0150
2.2316,185.2042,0.0864,102.8923,0.0003,0.0012,-0.0001,0.0003,0.0032,269.9525,-0.6434,-0.0929,0.2141,0.3060,-0.2322,-13.9323,0.0000,0.2324,0.0000,1,0,0,0,0,0.0357
2.2888,185.2042,0.0864,102.8923,0.0005,0.0017,-0.0001,0.0005,0.0023,269.9086,-0.7671,-0.0929,0.2512,0.3060,-0.2322,-13.9323,0.0000,0.3054,0.0000,1,0,0,0,0,0.0426
2.3427,185.2043,0.0864,102.8922,0.0006,0.0021,-0.0001,0.0006,0.0020,269.8540,-1.0126,-0.0929,0.2708,0.3060,-0.2322,-13.9323,0.0000,0.3653,0.0000,1,0,0,0,0,0.0563
2.4009,185.2043,0.0864,102.8921,0.0007,0.0023,-0.0002,0.0006,0.0011,269.7922,-1.0613,-0.0929,0.2728,0.3060,-0.2322,-13.9323,0.0000,0.4013,0.0000,1,0,0,0,0,0.0590
2.4563,185.2042,0.0864,102.8920,0.0007,0.0025,-0.0002,0.0007,0.0006,269.7266,-1.1846,-0.0929,0.2728,0.3060,-0.2322,-13.9323,0.0000,0.4189,0.0000,1,0,0,0,0,0.0658
2.5185,185.2042,0.0864,102.8920,0.0007,0.0025,-0.0002,0.0007,0.0003,269.6591,-1.0854,-0.0929,0.2728,0.3060,-0.2322,-13.9323,0.0000,0.4275,0.0000,1,0,0,0,0,0.0603
2.5805,185.2042,0.0864,102.8919,0.0007,0.0026,-0.0002,0.0007,0.0001,269.5769,-1.3268,-0.0929,0.2728,0.3060,-0.2322,-13.9323,0.0000,0.4323,0.0000,1,0,0,0,0,0.0737
2.6359,185.2042,0.0864,102.8918,0.0007,0.0026,-0.0002,0.0007,0.0001,269.5078,-1.2471,-0.0929,0.2728,0.3060,-0.2322,-13.9323,0.0000,0.4340,0.0000,1,0,0,0,0,0.0693
2.6972,185.2042,0.0864,102.8917,0.0007,0.0026,-0.0002,0.0007,0.0000,269.4386,-1.1290,-0.0929,0.2728,0.3060,-0.2322,-13.9323,0.0000,0.4349,0.0000,1,0,0,0,0,0.0627
2.7495,185.2042,0.0864,102.8916,0.0007,0.0026,-0.0002,0.0007,0.0000,269.3695,-1.3213,-0.0929,0.2728,0.3060,-0.2322,-13.9323,0.0000,0.4353,0.0000,1,0,0,0,0,0.0734
2.8076,185.2042,0.0864,102.8916,0.0007,0.0026,-0.0002,0.0007,0.0000,269.3002,-1.1909,-0.0929,0.2728,0.3060,-0.2322,-13.9323,0.0000,0.4356,0.0000,1,0,0,0,0,0.0662
2.8585,185.2042,0.0864,102.8915,0.0007,0.0026,-0.0002,0.0007,0.0000,269.2308,-1.3649,-0.0929,0.2728,0.3060,-0.2322,-13.9323,0.0000,0.4357,0.0000,1,0,0,0,0,0.0758
2.9116,185.2042,0.0864,102.8914,0.0007,0.0026,-0.0002,0.0007,0.0000,269.1614,-1.3059,-0.0929,0.2728,0.3060,-0.2322,-13.9323,0.0000,0.4357,0.0000,1,0,0,0,0,0.0726
2.9624,185.2042,0.0864,102.8913,0.0007,0.0026,-0.0002,0.0007,0.0000,269.1060,-1.0909,-0.0929,0.2728,0.3060,-0.2322,-13.9323,0.0000,0.4357,0.0000,1,0,0,0,0,0.0606
3.0234,185.2042,0.0864,102.8913,0.0007,0.0026,-0.0002,0.0007,0.0000,269.0229,-1.3642,-0.0929,0.2728,0.3060,-0.2322,-13.9323,0.0000,0.4357,0.0000,1,0,0,0,0,0.0758
3.0884,185.2042,0.0864,102.8912,0.0007,0.0026,-0.0002,0.0007,0.0000,268.9397,-1.2785,-0.0929,0.2728,0.3060,-0.2322,-13.9323,0.0000,0.4358,0.0000,1,0,0,0,0,0.0710
3.1412,185.2042,0.0864,102.8911,0.0007,0.0026,-0.0002,0.0007,0.0000,268.8842,-1.0516,-0.0929,0.2728,0.3060,-0.2322,-13.9323,0.0000,0.4358,0.0000,1,0,0,0,0,0.0584
3.1976,185.2042,0.0864,102.8910,0.0007,0.0026,-0.0002,0.0007,0.0000,268.8010,-1.4735,-0.0929,0.2728,0.3060,-0.2322,-13.9323,0.0000,0.4358,0.0000,1,0,0,0,0,0.0819
3.2492,185.2042,0.0864,102.8910,0.0007,0.0026,-0.0002,0.0007,0.0000,268.7456,-1.0755,-0.0929,0.2728,0.3060,-0.2322,-13.9323,0.0000,0.4358,0.0000,1,0,0,0,0,0.0597
3.3091,185.2042,0.0864,102.8909,0.0007,0.0026,-0.0002,0.0007,0.0000,268.6624,-1.3874,-0.0929,0.2728,0.3060,-0.2322,-13.9323,0.0000,0.4358,0.0000,1,0,0,0,0,0.0771
3.3614,185.2043,0.0864,102.8908,0.0007,0.0026,-0.0002,0.0007,0.0000,268.6070,-1.0599,-0.0929,0.2728,0.3060,-0.2322,-13.9323,0.0000,0.4358,0.0000,1,0,0,0,0,0.0589
3.4250,185.2042,0.0864,102.8907,0.0007,0.0026,-0.0002,0.0007,0.0000,268.5238,-1.3096,-0.0929,0.2728,0.3060,-0.2322,-13.9323,0.0000,0.4358,0.0000,1,0,0,0,0,0.0728
3.4819,185.2042,0.0864,102.8906,0.0007,0.0026,-0.0002,0.0007,0.0000,268.4546,-1.2162,-0.0929,0.2728,0.3060,-0.2322,-13.9323,0.0000,0.4358,0.0000,1,0,0,0,0,0.0676
3.5346,185.2043,0.0864,102.8906,0.0007,0.0026,-0.0002,0.0007,0.0000,268.3852,-1.3163,-0.0929,0.2728,0.3060,-0.2322,-13.9323,0.0000,0.4358,0.0000,1,0,0,0,0,0.0731
3.6027,185.2042,0.0864,102.8905,0.0007,0.0026,-0.0002,0.0007,0.0000,268.3020,-1.2224,-0.0929,0.2728,0.3060,-0.2322,-13.9323,0.0000,0.4358,0.0000,1,0,0,0,0,0.0679
3.6702,185.2042,0.0864,102.8904,0.0007,0.0026,-0.0002,0.0007,0.0000,268.2188,-1.2310,-0.0929,0.2728,0.3060,-0.2322,-13.9323,0.0000,0.4358,0.0000,1,0,0,0,0,0.0684
3.7246,185.2042,0.0864,102.8903,0.0007,0.0026,-0.0002,0.0007,0.0000,268.1494,-1.2758,-0.0929,0.2728,0.3060,-0.2322,-13.9323,0.0000,0.4358,0.0000,1,0,0,0,0,0.0709
3.7797,185.2042,0.0864,102.8902,0.0007,0.0026,-0.0002,0.0007,0.0000,268.0800,-1.2603,-0.0929,0.2728,0.3060,-0.2322,-13.9323,0.0000,0.4358,0.0000,1,0,0,0,0,0.0700
3.8327,185.2042,0.0864,102.8902,0.0007,0.0026,-0.0002,0.0007,0.0000,268.0107,-1.3066,-0.0929,0.2728,0.3060,-0.2322,-13.9323,0.0000,0.4358,0.0000,1,0,0,0,0,0.0726
3.8937,185.2042,0.0864,102.8901,0.0007,0.0026,-0.0002,0.0007,0.0000,267.9413,-1.1384,-0.0929,0.2728,0.3060,-0.2322,-13.9323,0.0000,0.4358,0.0000,1,0,0,0,0,0.0632
3.9512,185.2042,0.0864,102.8900,0.0007,0.0026,-0.0002,0.0007,0.0000,267.8720,-1.2054,-0.0929,0.2728,0.3060,-0.2322,-13.9323,0.0000,0.4358,0.0000,1,0,0,0,0,0.0670
4.0088,185.2042,0.0864,102.8899,0.0007,0.0026,-0.0002,0.0007,0.0000,267.7887,-1.4455,-0.0929,0.2728,0.3060,-0.2322,-13.9323,0.0000,0.4358,0.0000,1,0,0,0,0,0.0803
4.0654,185.2042,0.0864,102.8898,0.0007,0.0026,-0.0002,0.0007,0.0000,267.7194,-1.2251,-0.0929,0.2728,0.3060,-0.2322,-13.9323,0.0000,0.4358,0.0000,1,0,0,0,0,0.0681
4.1266,185.2042,0.0864,102.8897,0.0007,0.0026,-0.0002,0.0007,0.0000,267.6500,-1.1328,-0.0929,0.2728,0.3060,-0.2322,-13.9323,0.0000,0.4358,0.0000,1,0,0,0,0,0.0629
4.1791,185.2042,0.0864,102.8897,0.0007,0.0026,-0.0002,0.0007,0.0000,267.5807,-1.3211,-0.0929,0.2728,0.3060,-0.2322,-13.9323,0.0000,0.4358,0.0000,1,0,0,0,0,0.0734
4.2417,185.2042,0.0864,102.8896,0.0007,0.0026,-0.0002,0.0007,0.0000,267.4974,-1.3312,-0.0929,0.2747,0.3060,-0.2322,-13.9323,0.0000,0.4369,0.0000,1,0,0,0,0,0.0740
4.2955,185.2042,0.0864,102.8895,0.0007,0.0026,-0.0002,0.0007,0.0000,267.4418,-1.0329,-0.0929,0.2747,0.3060,-0.2322,-13.9323,0.0000,0.4379,0.0000,1,0,0,0,0,0.0574
4.3514,185.2042,0.0864,102.8894,0.0007,0.0026,-0.0002,0.0007,0.0000,267.3580,-1.4998,-0.0929,0.2747,0.3060,-0.2322,-13.9323,0.0000,0.4386,0.0000,1,0,0,0,0,0.0833
4.4083,185.2042,0.0864,102.8894,0.0007,0.0026,-0.0002,0.0007,0.0000,267.2881,-1.2283,-0.0929,0.2747,0.3060,-0.2322,-13.9323,0.0000,0.4389,0.0000,1,0,0,0,0,0.0682
4.4640,185.2042,0.0864,102.8893,0.0007,0.0026,-0.0002,0.0007,0.0000,267.2182,-1.2544,-0.0929,0.2747,0.3060,-0.2322,-13.9323,0.0000,0.4390,0.0000,1,0,0,0,0,0.0697
4.5145,185.2043,0.0864,102.8892,0.0007,0.0026,-0.0002,0.0007,0.0000,267.1624,-1.1068,-0.0929,0.2747,0.3060,-0.2322,-13.9323,0.0000,0.4391,0.0000,1,0,0,0,0,0.0615
4.5719,185.2042,0.0864,102.8891,0.0007,0.0026,-0.0002,0.0007,0.0000,267.0925,-1.2172,-0.0929,0.2747,0.3060,-0.2322,-13.9323,0.0000,0.4391,0.0000,1,0,0,0,0,0.0676
4.6347,185.2042,0.0864,102.8891,0.0007,0.0026,-0.0002,0.0007,0.0000,267.0088,-1.3325,-0.0929,0.2747,0.3060,-0.2322,-13.9323,0.0000,0.4391,0.0000,1,0,0,0,0,0.0740
4.6921,185.2042,0.0864,102.8890,0.0007,0.0026,-0.0002,0.0007,0.0000,266.9390,-1.2175,-0.0929,0.2747,0.3060,-0.2322,-13.9323,0.0000,0.4391,0.0000,1,0,0,0,0,0.0676
4.7512,185.2042,0.0864,102.8889,0.0007,0.0026,-0.0002,0.0007,0.0000,266.8551,-1.4189,-0.0929,0.2747,0.3060,-0.2322,-13.9323,0.0000,0.4391,0.0000,1,0,0,0,0,0.0788
4.8025,185.2042,0.0864,102.8888,0.0007,0.0026,-0.0002,0.0007,0.0000,266.7992,-1.0884,-0.0929,0.2747,0.3060,-0.2322,-13.9323,0.0000,0.4391,0.0000,1,0,0,0,0,0.0605
4.8615,185.2042,0.0864,102.8887,0.0007,0.0026,-0.0002,0.0007,0.0000,266.7293,-1.1852,-0.0929,0.2747,0.3060,-0.2322,-13.9323,0.0000,0.4391,0.0000,1,0,0,0,0,0.0658
4.9138,185.2042,0.0864,102.8887,0.0007,0.0026,-0.0002,0.0007,0.0000,266.6595,-1.3352,-0.0929,0.2747,0.3060,-0.2322,-13.9323,0.0000,0.4391,0.0000,1,0,0,0,0,0.0742
4.9763,185.2042,0.0864,102.8886,0.0007,0.0026,-0.0002,0.0007,0.0000,266.5758,-1.3382,-0.0929,0.2747,0.3060,-0.2322,-13.9323,0.0000,0.4391,0.0000,1,0,0,0,0,0.0743
5.0321,185.2042,0.0864,102.8885,0.0007,0.0026,-0.0002,0.0007,0.0000,266.5060,-1.2511,-0.0929,0.2747,0.3060,-0.2322,-13.9323,0.0000,0.4391,0.0000,1,0,0,0,0,0.0695
5.0847,185.2042,0.0864,102.8884,0.0007,0.0026,-0.0002,0.0007,0.0000,266.4362,-1.3265,-0.0929,0.2747,0.3060,-0.2322,-13.9323,0.0000,0.4391,0.0000,1,0,0,0,0,0.0737
5.1546,185.2042,0.0864,102.8883,0.0007,0.0026,-0.0002,0.0007,0.0000,266.3524,-1.1993,-0.0929,0.2747,0.3060,-0.2322,-13.9323,0.0000,0.4391,0.0000,1,0,0,0,0,0.0666
5.2129,185.2042,0.0864,102.8883,0.0007,0.0026,-0.0002,0.0007,0.0000,266.2827,-1.1970,-0.0929,0.2747,0.3060,-0.2322,-13.9323,0.0000,0.4391,0.0000,1,0,0,0,0,0.0665
5.2653,185.2042,0.0864,102.8882,0.0007,0.0026,-0.0002,0.0007,0.0000,266.2129,-1.3318,-0.0929,0.2747,0.3060,-0.2322,-13.9323,0.0000,0.4391,0.0000,1,0,0,0,0,0.0740
5.3214,185.2043,0.0864,102.8881,0.0007,0.0026,-0.0002,0.0007,0.0000,266.1431,-1.2438,-0.0929,0.2747,0.3060,-0.2322,-13.9323,0.0000,0.4391,0.0000,1,0,0,0,0,0.0691
5.3765,185.2042,0.0864,102.8880,0.0007,0.0026,-0.0002,0.0007,0.0000,266.0732,-1.2680,-0.0929,0.2747,0.3060,-0.2322,-13.9323,0.0000,0.4391,0.0000,1,0,0,0,0,0.0704
5.4278,185.2042,0.0864,102.8880,0.0007,0.0026,-0.0002,0.0007,0.0000,266.0174,-1.0879,-0.0929,0.2747,0.3060,-0.2322,-13.9323,0.0000,0.4391,0.0000,1,0,0,0,0,0.0604
5.4859,185.2042,0.0864,102.8879,0.0007,0.0026,-0.0002,0.0007,0.0002,265.9331,-1.4526,-0.0929,0.2981,0.3060,-0.2322,-13.9323,0.0000,0.4470,0.0000,1,0,0,0,0,0.0807
5.5377,185.2042,0.0864,102.8878,0.0008,0.0028,-0.0002,0.0008,0.0009,265.8742,-1.1346,-0.0929,0.3177,0.3060,-0.2322,-13.9323,0.0000,0.4722,0.0000,1,0,0,0,0,0.0630
5.5954,185.2043,0.0864,102.8877,0.0010,0.0037,0.0001,0.0010,0.0043,265.7763,-1.6971,-0.0929,0.3588,0.3060,-0.2322,-13.9323,0.0000,0.5253,0.0000,1,0,0,0,0,0.0943
5.6476,185.2043,0.0864,102.8876,0.0012,0.0043,0.0002,0.0012,0.0029,265.7041,-1.3846,-0.0929,0.3822,0.3060,-0.2322,-13.9323,0.0000,0.5618,0.0000,1,0,0,0,0,0.0769
5.7046,185.2042,0.0864,102.8874,0.0014,0.0050,0.0003,0.0014,0.0036,265.6060,-1.7201,-0.0929,0.4135,0.3060,-0.2322,-13.9323,0.0000,0.6092,0.0000,1,0,0,0,0,0.0956
5.7625,185.2041,0.0864,102.8872,0.0016,0.0059,0.0004,0.0016,0.0044,265.4760,-2.2452,-0.0929,0.4350,0.3060,-0.2322,-13.9323,0.0000,0.6671,0.0000,1,0,0,0,0,0.1247
5.8241,185.2040,0.0864,102.8870,0.0018,0.0063,0.0004,0.0017,0.0018,265.3606,-1.8736,-0.0929,0.4350,0.3060,-0.2322,-13.9323,0.0000,0.6918,0.0000,1,0,0,0,0,0.1041
5.8772,185.2039,0.0864,102.8868,0.0018,0.0065,0.0005,0.0017,0.0010,265.2422,-2.2305,-0.0929,0.4350,0.3060,-0.2322,-13.9323,0.0000,0.7039,0.0000,1,0,0,0,0,0.1239
5.9280,185.2039,0.0864,102.8866,0.0019,0.0069,0.0009,0.0017,0.0023,265.1223,-2.3607,-0.0929,0.4350,0.3060,-0.2322,-13.9323,0.0000,0.7099,0.0000,1,0,0,0,0,0.1312
5.9888,185.2037,0.0864,102.8864,0.0046,0.0164,0.0043,0.0015,0.0431,265.0023,-1.9706,-0.0929,0.4350,0.3060,-0.2322,-13.9323,0.0000,0.7127,0.0000,1,0,0,0,0,0.1095
6.0415,185.2034,0.0864,102.8862,0.0100,0.0361,0.0099,0.0014,0.1039,264.8856,-2.2192,-0.0929,0.4350,0.3060,-0.2322,-13.9323,0.0000,0.7142,0.0000,1,0,0,0,0,0.1233
6.0931,185.2028,0.0864,102.8860,0.0153,0.0550,0.0152,0.0014,0.1018,264.7927,-1.7972,-0.0929,0.4350,0.3060,-0.2322,-13.9323,0.0000,0.7148,0.0000,1,0,0,0,0,0.0998
6.1434,185.2018,0.0864,102.8857,0.0223,0.0803,0.0223,0.0014,0.1397,264.6770,-2.2998,-0.0929,0.4350,0.3060,-0.2322,-13.9323,0.0000,0.7151,0.0000,1,0,0,0,0,0.1278
6.2005,185.2003,0.0864,102.8854,0.0296,0.1067,0.0296,0.0014,0.1288,264.5616,-2.0222,-0.0929,0.4350,0.3060,-0.2322,-13.9323,0.0000,0.7153,0.0000,1,0,0,0,0,0.1123
6.2592,185.1984,0.0864,102.8851,0.0372,0.1339,0.0372,0.0014,0.1285,264.4465,-1.9623,-0.0929,0.4350,0.3060,-0.2322,-13.9323,0.0000,0.7154,0.0000,1,0,0,0,0,0.1090
6.3125,185.1962,0.0864,102.8847,0.0448,0.1612,0.0448,0.0015,0.1423,264.3311,-2.1648,-0.0929,0.4350,0.3060,-0.2322,-13.9323,0.0000,0.7155,0.0000,1,0,0,0,0,0.1203
6.3707,185.1934,0.0864,102.8842,0.0524,0.1886,0.0524,0.0015,0.1307,264.2153,-1.9870,-0.0929,0.4350,0.3060,-0.2322,-13.9323,0.0000,0.7155,0.0000,1,0,0,0,0,0.1104
6.4289,185.1901,0.0864,102.8837,0.0616,0.2219,0.0616,0.0016,0.1588,264.0762,-2.3910,-0.0929,0.4350,0.3060,-0.2322,-13.9323,0.0000,0.7155,0.0000,1,0,0,0,0,0.1328
6.4818,185.1867,0.0864,102.8832,0.0678,0.2439,0.0677,0.0016,0.1160,263.9832,-1.7606,-0.0929,0.4350,0.3060,-0.2322,-13.9323,0.0000,0.7155,0.0000,1,0,0,0,0,0.0978
6.5386,185.1827,0.0864,102.8826,0.0769,0.2770,0.0769,0.0017,0.1616,263.8434,-2.4593,-0.0929,0.4350,0.3060,-0.2322,-13.9323,0.0000,0.7155,0.0000,1,0,0,0,0,0.1366
6.5961,185.1781,0.0864,102.8819,0.0846,0.3045,0.0846,0.0017,0.1327,263.7267,-2.0285,-0.0929,0.4350,0.3060,-0.2322,-13.9323,0.0000,0.7155,0.0000,1,0,0,0,0,0.1127
6.6513,185.1733,0.0864,102.8812,0.0923,0.3322,0.0923,0.0018,0.1394,263.6097,-2.1192,-0.0929,0.4350,0.3060,-0.2322,-13.9323,0.0000,0.7155,0.0000,1,0,0,0,0,0.1177
6.7083,185.1679,0.0864,102.8804,0.1010,0.3637,0.1010,0.0018,0.1535,263.4925,-2.0565,-0.0929,0.4389,0.3060,-0.2322,-13.9323,0.0000,0.7179,0.0000,1,0,0,0,0,0.1143
6.7700,185.1609,0.0864,102.8794,0.1312,0.4725,0.1312,0.0019,0.4903,263.3718,-1.9580,-0.0929,0.4897,0.3060,-0.2322,-13.9323,0.0000,0.7510,0.0000,1,0,0,0,0,0.1088
6.8231,185.1517,0.0864,102.8781,0.2201,0.7922,0.2200,0.0022,1.6723,263.2415,-2.4542,-0.0929,0.5445,0.3060,-0.2322,-13.9323,0.0000,0.8149,0.0000,1,0,0,0,0,0.1363
6.8814,185.1340,0.0864,102.8758,0.3854,1.3875,0.3854,0.0025,2.8325,263.0969,-2.4763,-0.0929,0.5914,0.3060,-0.2322,-13.9323,0.0000,0.8865,0.0000,1,0,0,0,0,0.1376
6.9349,185.1065,0.0864,102.8722,0.6252,2.2508,0.6252,0.0028,4.4868,262.9360,-3.0108,-0.0929,0.6403,0.3060,-0.2322,-13.9323,0.0000,0.9445,0.0000,1,0,0,0,0,0.2340
6.9859,185.0677,0.0864,102.8671,0.9077,3.2676,0.9077,0.0027,5.5388,262.7612,-3.4285,-0.0929,0.6735,0.3060,-0.2322,-13.9323,0.0000,0.9728,0.0000,1,0,0,0,0,0.2352
7.0369,185.0153,0.0864,102.8602,1.1493,4.1376,1.1493,0.0023,4.7369,262.6125,-2.9130,-0.0929,0.6950,0.3060,-0.2322,-13.9323,0.0000,0.9847,0.0000,1,0,0,0,0,0.1924
7.0878,184.9486,0.0864,102.8512,1.4615,5.2614,1.4615,0.0015,6.1321,262.4167,-3.8468,-0.0929,0.7302,0.3060,-0.2322,-13.9323,0.0000,0.9925,0.0000,1,0,0,0,0,0.2296
7.1379,184.8689,0.0864,102.8403,1.7794,6.4057,1.7794,0.0004,6.3427,262.2104,-4.1179,-0.0929,0.7380,0.3060,-0.2322,-13.9323,0.0000,0.9963,0.0000,1,0,0,0,0,0.2320
7.1969,184.7565,0.0864,102.8247,2.1002,7.5606,2.1002,0.0012,5.4365,261.9935,-3.6755,-0.0929,0.7380,0.3060,-0.2322,-13.9323,0.0000,0.9982,0.0000,1,0,0,0,0,0.2126
7.2515,184.6349,0.0864,102.8074,2.4223,8.7201,2.4223,0.0031,5.8988,261.7664,-4.1593,-0.0929,0.7380,0.3060,-0.2322,-13.9323,0.0000,0.9991,0.0000,1,0,0,0,0,0.2500
7.3019,184.5075,0.0864,102.7889,2.6805,9.6498,2.6805,0.0048,5.1243,261.5773,-3.7513,-0.0929,0.7380,0.3060,-0.2322,-13.9323,0.0000,0.9995,0.0000,1,0,0,0,0,0.2354
7.3672,184.3208,0.0864,102.7610,3.0682,11.0454,3.0682,0.0078,5.9418,261.2814,-4.5347,-0.0929,0.7380,0.3060,-0.2322,-13.9323,0.0000,0.9998,0.0000,1,0,0,0,0,0.2901
7.4192,184.1545,0.0864,102.7355,3.3915,12.2095,3.3915,0.0106,6.2122,261.0237,-4.9519,-0.0929,0.7380,0.3060,-0.2322,-13.9323,0.0000,0.9999,0.0000,1,0,0,0,0,0.3220
7.4819,183.9337,0.0864,102.7008,3.7795,13.6063,3.7795,0.0143,6.1905,260.7010,-5.1477,-0.0929,0.7380,0.3060,-0.2322,-13.9323,0.0000,1.0000,0.0000,1,0,0,0,0,0.3428
7.5355,183.7268,0.0864,102.6673,4.0383,14.5378,4.0382,0.0171,4.8235,260.4778,-4.1620,-0.0929,0.7380,0.3060,-0.2322,-13.9323,0.0000,1.0000,0.0000,1,0,0,0,0,0.2947
7.5970,183.4695,0.0864,102.6244,4.4263,15.9347,4.4263,0.0214,6.3126,260.1307,-5.6456,-0.0929,0.7380,0.3060,-0.2322,-13.9323,0.0000,1.0000,0.0000,1,0,0,0,0,0.3863
7.6601,183.1834,0.0864,102.5752,4.8143,17.3316,4.8143,0.0261,6.1537,259.7701,-5.7197,-0.0909,0.7380,0.3060,-0.2303,-13.9273,0.0783,1.0000,0.0000,1,0,0,0,0,0.4034
7.7125,182.9283,0.0864,102.5300,5.0731,18.2631,5.0730,0.0293,4.9344,259.5240,-4.6930,-0.0909,0.7341,0.3060,-0.2288,-13.8432,1.6042,1.0000,0.0000,1,0,0,0,0,0.4366
7.7697,182.6326,0.0864,102.4761,5.3964,19.4271,5.3963,0.0336,5.6581,259.2088,-5.5155,-0.0909,0.7341,0.3060,-0.2280,-13.7668,1.3375,1.0000,0.0000,1,0,0,0,0,0.4740
7.8310,182.2947,0.0864,102.4126,5.7846,20.8245,5.7845,0.0389,6.3296,258.8183,-6.3677,-0.0909,0.7341,0.3060,-0.2276,-13.7128,0.8803,1.0000,0.0000,1,0,0,0,0,0.5036
7.8861,181.9727,0.0864,102.3503,6.1078,21.9882,6.1077,0.0437,5.8597,258.4822,-6.0919,-0.0909,0.7341,0.3060,-0.2274,-13.6777,0.6356,1.0000,0.0000,1,0,0,0,0,0.4812
7.9368,181.6624,0.0864,102.2884,6.4312,23.1523,6.4310,0.0488,6.3868,258.1363,-6.8334,-0.0909,0.7341,0.3060,-0.2274,-13.6613,0.3247,1.0000,0.0000,1,0,0,0,0,0.5115
7.9895,181.3238,0.0864,102.2191,6.6898,24.0832,6.6896,0.0532,4.9047,257.8525,-5.3833,-0.0909,0.7341,0.3060,-0.2273,-13.6515,0.1862,1.0000,0.0000,1,0,0,0,0,0.4286
8.0484,180.9276,0.0864,102.1356,7.0777,25.4798,7.0775,0.0598,6.5905,257.4149,-7.4344,-0.0909,0.7341,0.3060,-0.2273,-13.6455,0.1014,1.0000,0.0000,1,0,0,0,0,0.5453
8.1021,180.5493,0.0864,102.0535,7.3363,26.4105,7.3360,0.0637,4.8123,257.1229,-5.4343,-0.0792,0.7341,0.3060,-0.2164,-13.4959,2.7851,1.0000,0.0000,1,0,0,0,0,0.5868
8.1525,180.1794,0.0864,101.9709,7.6595,27.5743,7.6592,0.0656,6.4080,256.7799,-6.7985,-0.0675,0.7341,0.3060,-0.1938,-12.9543,10.7356,1.0000,0.0000,1,0,0,0,0,1.1026
8.2033,179.7930,0.0864,101.8825,7.9828,28.7380,7.9825,0.0647,6.3634,256.4696,-6.1096,-0.0538,0.7341,0.3060,-0.1675,-11.9976,18.8331,1.0000,0.0000,1,0,0,0,0,1.5073
8.2601,179.3447,0.0864,101.7773,8.3060,29.9016,8.3058,0.0604,5.6976,256.2063,-4.6404,-0.0381,0.7341,0.3060,-0.1348,-10.4505,27.2711,1.0000,0.0000,1,0,0,0,0,1.8820
8.3111,178.9262,0.0864,101.6768,8.5646,30.8327,8.5645,0.0543,5.0678,256.0381,-3.2960,-0.0264,0.7341,0.3060,-0.1036,-9.0727,26.9976,1.0000,0.0000,1,0,0,0,0,1.7780
8.3621,178.4941,0.0864,101.5712,8.8880,31.9968,8.8879,0.0424,6.3459,255.8919,-2.8692,-0.0147,0.7341,0.3060,-0.0551,-7.0037,40.6021,1.0000,0.0000,1,0,0,0,0,2.4867
8.4130,178.0481,0.0864,101.4607,9.1467,32.9283,9.1467,0.0302,5.0817,255.8329,-1.1580,-0.0088,0.7341,0.3060,-0.0280,-4.7947,43.3840,1.0000,0.0000,1,0,0,0,0,2.5241
8.4662,177.5666,0.0864,101.3401,9.4702,34.0927,9.4702,0.0168,6.0798,255.7948,-0.7176,-0.0010,0.7341,0.3060,-0.0120,-2.9361,34.9365,1.0000,0.0000,1,0,0,0,0,2.0075
8.5279,176.9882,0.0864,101.1941,9.8583,35.4897,9.8583,0.0057,6.2867,255.7724,-0.3629,0.0068,0.7341,0.3060,-0.0044,-1.6610,20.6572,1.0000,0.0000,1,0,0,0,0,1.1765
8.5836,176.4475,0.0864,101.0571,10.1818,36.6544,10.1818,0.0000,5.8041,255.7618,-0.1894,0.0166,0.7341,0.3060,-0.0019,-0.8729,14.1386,1.0000,0.0000,1,0,0,0,0,0.7960
8.6351,175.9332,0.0864,100.9264,10.4405,37.5858,10.4405,0.0062,5.0301,255.7753,0.2625,0.0244,0.7341,0.3060,0.0221,-0.1845,13.3836,1.0000,0.0000,1,0,0,0,0,0.7670
8.6907,175.3597,0.0864,100.7806,10.7640,38.7503,10.7639,0.0212,5.8107,255.8596,1.5139,0.0361,0.7302,0.3060,0.0560,1.1759,24.4390,1.0000,0.0000,1,0,0,0,0,1.4713
8.7655,174.5614,0.0864,100.5783,11.2167,40.3802,11.2166,0.0481,6.0546,256.0862,3.0310,0.0459,0.7283,0.3060,0.0925,2.7967,21.6739,1.0000,0.0000,1,0,0,0,0,1.4368
8.8219,173.9380,0.0864,100.4218,11.5401,41.5443,11.5399,0.0692,5.7314,256.3180,4.1083,0.0596,0.7283,0.3060,0.1185,5.0224,39.4500,1.0000,0.0000,1,0,0,0,0,2.5098
8.8723,173.3660,0.0864,100.2798,11.8634,42.7081,11.8630,0.0923,6.4191,256.6108,5.8132,0.0674,0.7283,0.3060,0.1428,6.3582,26.5246,1.0000,0.0000,1,0,0,0,0,1.9133
8.9224,172.7821,0.0864,100.1370,12.1219,43.6389,12.1214,0.1114,5.1606,256.8859,5.4917,0.0733,0.7283,0.3060,0.1601,7.6779,26.3408,1.0000,0.0000,1,0,0,0,0,1.9063
8.9837,172.0471,0.0864,99.9609,12.5095,45.0341,12.5087,0.1414,6.3175,257.3661,7.8270,0.0811,0.7283,0.3060,0.1845,9.0804,22.8618,1.0000,0.0000,1,0,0,0,0,1.8745
9.0355,171.4097,0.0864,99.8123,12.8322,46.1959,12.8311,0.1646,6.2375,257.8248,8.8650,0.0870,0.7283,0.3060,0.2005,10.2742,23.0736,1.0000,0.0000,1,0,0,0,0,1.9667
9.0857,170.7762,0.0864,99.6686,13.0903,47.1251,13.0890,0.1869,5.1445,258.2316,8.1084,0.0929,0.7283,0.3060,0.2139,11.1939,18.3291,1.0000,0.0000,1,0,0,0,0,1.6829
9.1377,170.1029,0.0864,99.5208,13.4127,48.2857,13.4110,0.2141,6.1934,258.7841,10.6137,0.0968,0.7283,0.3060,0.2290,12.2510,20.3100,1.0000,0.0000,1,0,0,0,0,1.9574
9.1955,169.3364,0.0864,99.3593,13.7348,49.4452,13.7327,0.2371,5.5764,259.3682,10.1140,0.1007,0.7283,0.3060,0.2405,13.2023,16.4689,1.0000,0.0000,1,0,0,0,0,1.7358
9.2495,168.6005,0.0864,99.2113,14.0567,50.6040,14.0542,0.2609,5.9546,259.9860,11.4277,0.1046,0.7283,0.3060,0.2500,13.9529,13.8862,1.0000,0.0000,1,0,0,0,0,1.6847
9.3080,167.7845,0.0864,99.0556,14.3782,51.7615,14.3754,0.2839,5.5008,260.6364,11.1282,0.1065,0.7283,0.3060,0.2579,14.6150,11.3281,1.0000,0.0000,1,0,0,0,0,1.5437
9.3666,166.9451,0.0864,98.9050,14.6995,52.9182,14.6963,0.3057,5.4822,261.3145,11.5695,0.1065,0.7283,0.3060,0.2627,15.1846,9.7184,1.0000,0.0000,1,0,0,0,0,1.4946
9.4197,166.1664,0.0864,98.7744,15.0205,54.0736,15.0169,0.3255,6.0470,262.0118,13.1377,0.1065,0.7283,0.3060,0.2648,15.5175,6.2716,1.0000,0.0000,1,0,0,0,0,1.4033
9.4747,165.3413,0.0864,98.6453,15.3413,55.2286,15.3374,0.3433,5.8336,262.7240,12.9502,0.1065,0.7283,0.3060,0.2656,15.7214,3.7074,1.0000,0.0000,1,0,0,0,0,1.2611
9.5337,164.4339,0.0864,98.5148,15.6619,56.3827,15.6577,0.3597,5.4264,263.4492,12.2742,0.1065,0.7283,0.3060,0.2660,15.8422,2.0453,1.0000,0.0000,1,0,0,0,0,1.1400
9.5858,163.6159,0.0864,98.4074,15.9822,57.5358,15.9778,0.3754,6.1486,264.1865,14.1544,0.1065,0.7283,0.3060,0.2662,15.9042,1.1893,1.0000,0.0000,1,0,0,0,0,1.2048
9.6423,162.7104,0.0864,98.2996,16.3023,58.6884,16.2977,0.3906,5.6711,264.9358,13.2708,0.1065,0.7283,0.3060,0.2663,15.9396,0.6266,1.0000,0.0000,1,0,0,0,0,1.1315
9.7011,161.7463,0.0864,98.1978,16.6223,59.8401,16.6173,0.4056,5.4385,265.6965,12.9331,0.1065,0.7283,0.3060,0.2663,15.9590,0.3298,1.0000,0.0000,1,0,0,0,0,1.1029
9.7541,160.8599,0.0864,98.1159,16.9421,60.9915,16.9369,0.4211,6.0385,266.4702,14.6062,0.1085,0.7283,0.3060,0.2677,15.9749,0.3010,1.0000,0.0000,1,0,0,0,0,1.2010
9.8111,159.8872,0.0864,98.0388,17.2616,62.1419,17.2561,0.4381,5.6067,267.2621,13.8960,0.1085,0.7283,0.3060,0.2697,16.0688,1.6468,1.0000,0.0000,1,0,0,0,0,1.2442
9.8674,158.9061,0.0864,97.9746,17.5810,63.2914,17.5750,0.4563,5.6666,268.0725,14.3805,0.1124,0.7283,0.3060,0.2733,16.1483,1.4116,1.0000,0.0000,1,0,0,0,0,1.2666
9.9239,157.9040,0.0864,97.9231,17.9638,64.6696,17.9573,0.4827,6.7805,269.0822,17.8843,0.1144,0.7185,0.3060,0.2802,16.3736,3.9915,1.0000,0.0000,1,0,0,0,0,1.6184
9.9821,156.8517,0.0864,97.8845,18.2824,65.8166,18.2754,0.5060,5.4777,269.9526,14.9636,0.1144,0.6696,0.3060,0.2834,16.6615,4.9479,1.0000,0.0000,1,0,0,0,0,1.5214
10.0450,155.6903,0.0864,97.8603,18.6007,66.9623,18.5932,0.5282,5.0539,270.8417,14.1192,0.1144,0.6227,0.3060,0.2849,16.8739,3.3728,1.0000,0.0000,1,0,0,0,0,1.3977
10.0965,154.7231,0.0864,97.8551,18.9158,68.0969,18.9078,0.5491,6.1187,271.7448,17.5337,0.1124,0.5836,0.3060,0.2847,16.9875,2.2060,0.9928,0.0000,1,0,0,0,0,1.5321
10.1555,153.5985,0.0864,97.8661,19.2075,69.1469,19.1992,0.5621,4.9476,272.6386,15.1616,0.1046,0.5562,0.3060,0.2750,16.8922,1.6167,0.9642,0.0000,1,0,0,0,0,1.3711
10.2174,152.3991,0.0864,97.8980,19.4996,70.1984,19.4916,0.5564,4.7154,273.6422,16.2015,0.0909,0.5093,0.3060,0.2505,16.3383,8.9416,0.9090,0.0000,1,0,0,0,0,1.8248
10.2786,151.2018,0.0864,97.9494,19.6791,70.8446,19.6718,0.5343,2.9359,274.3987,12.3737,0.0791,0.4702,0.3060,0.2266,15.2447,17.8872,0.8526,0.0000,1,0,0,0,0,2.0884
10.3315,150.1587,0.0864,98.0095,19.7977,71.2717,19.7914,0.4985,2.2427,275.0669,12.6312,0.0655,0.4350,0.3060,0.1983,14.0108,23.3267,0.7973,0.0000,1,0,0,0,0,2.3754
10.3819,149.1617,0.0864,98.0790,19.8524,71.4685,19.8473,0.4488,1.0848,275.6288,11.1509,0.0518,0.4076,0.3060,0.1650,12.4784,30.4069,0.7386,0.0000,1,0,0,0,0,2.6479
10.4373,148.0651,0.0864,98.1677,19.8516,71.4657,19.8478,0.3890,-0.0138,276.0798,8.1380,0.0401,0.3939,0.3060,0.1320,10.8709,29.0105,0.6940,0.0000,1,0,0,0,0,2.3577
10.4970,146.8854,0.0864,98.2756,19.8135,71.3284,19.8108,0.3245,-0.6386,276.4250,5.7800,0.0244,0.3920,0.3060,0.0985,8.8680,33.5338,0.6671,0.0000,1,0,0,0,0,2.4298
10.5473,145.8944,0.0864,98.3748,19.7563,71.1227,19.7548,0.2441,-1.1354,276.6385,4.2418,0.0127,0.3920,0.3060,0.0464,6.7407,42.2657,0.6540,0.0000,1,0,0,0,0,2.7690
10.6043,144.7764,0.0864,98.4939,19.6901,70.8843,19.6894,0.1656,-1.1617,276.7305,1.6137,-0.0010,0.3920,0.3060,0.0199,4.1757,45.0012,0.6475,0.0000,1,0,0,0,0,2.7159
10.6581,143.7256,0.0864,98.6107,19.6197,70.6307,19.6193,0.1096,-1.3097,276.7654,0.6503,-0.0088,0.3920,0.3060,0.0086,2.5045,31.0749,0.6444,0.0000,1,0,0,0,0,1.8463
10.7164,142.5912,0.0864,98.7400,19.5471,70.3696,19.5470,0.0691,-1.2442,276.7717,0.1073,-0.0206,0.3920,0.3060,-0.0043,1.3823,19.2510,0.6428,0.0000,1,0,0,0,0,1.1285
10.7689,141.5733,0.0864,98.8578,19.4735,70.1045,19.4735,0.0211,-1.4026,276.6908,-1.5412,-0.0264,0.3920,0.3060,-0.0369,0.2319,21.9083,0.6421,0.0000,1,0,0,0,0,1.3190
10.8416,140.1713,0.0864,99.0205,19.3689,69.7280,19.3688,0.0395,-1.4394,276.4835,-2.8522,-0.0362,0.3509,0.3060,-0.0669,-1.5556,24.6008,0.6157,0.0000,1,0,0,0,0,1.5558
10.8996,139.0598,0.0864,99.1479,19.2254,69.2115,19.2252,0.0856,-2.4741,276.2391,-4.2155,-0.0440,0.2942,0.3060,-0.0882,-3.5519,34.4265,0.5545,0.0000,1,0,0,0,0,2.2136
10.9509,138.0843,0.0864,99.2574,19.0113,68.4406,19.0109,0.1254,-4.1688,275.9418,-5.7882,-0.0499,0.2649,0.3060,-0.1066,-4.5448,19.3311,0.4929,0.0000,1,0,0,0,0,1.4945
11.0018,137.1289,0.0864,99.3613,18.7377,67.4558,18.7371,0.1576,-5.3760,275.6046,-6.6273,-0.0538,0.2454,0.3060,-0.1217,-5.6737,22.1861,0.4444,0.0000,1,0,0,0,0,1.7269
11.0623,136.0107,0.0864,99.4779,18.4146,66.2924,18.4136,0.1844,-5.3426,275.2313,-6.1711,-0.0616,0.2258,0.3060,-0.1383,-6.7661,18.0579,0.4021,0.0000,1,0,0,0,0,1.4962
11.1129,135.0922,0.0864,99.5688,18.0533,64.9919,18.0521,0.2047,-7.1417,274.8295,-7.9418,-0.0655,0.2180,0.3060,-0.1504,-7.7064,18.5892,0.3736,0.0000,1,0,0,0,0,1.6440
11.1641,134.1785,0.0864,99.6542,17.7441,63.8786,17.7427,0.2177,-6.0328,274.4907,-6.6097,-0.0714,0.2043,0.3060,-0.1615,-8.4280,14.0781,0.3532,0.0000,1,0,0,0,0,1.3333
11.2143,133.3014,0.0864,99.7309,17.3328,62.3981,17.3313,0.2306,-8.1912,274.0446,-8.8862,-0.0753,0.1945,0.3060,-0.1750,-9.1781,14.9393,0.3302,0.0000,1,0,0,0,0,1.5232
11.2652,132.4312,0.0864,99.8014,16.9852,61.1465,16.9835,0.2381,-6.8302,273.6747,-7.2658,-0.0772,0.1828,0.3060,-0.1834,-10.0060,16.2659,0.3108,0.0000,1,0,0,0,0,1.5175
11.3168,131.5704,0.0864,99.8652,16.5252,59.4908,16.5234,0.2443,-8.9183,273.1974,-9.2553,-0.0831,0.1672,0.3060,-0.1965,-10.6878,13.2199,0.2856,0.0000,1,0,0,0,0,1.4703
11.3742,130.6387,0.0864,99.9272,16.0382,57.7373,16.0363,0.2472,-8.4879,272.7078,-8.5327,-0.0870,0.1496,0.3060,-0.2071,-11.4367,13.0506,0.2604,0.0000,1,0,0,0,0,1.4303
11.4312,129.7419,0.0864,99.9794,15.5165,55.8594,15.5145,0.2477,-9.1479,272.2165,-8.6156,-0.0890,0.1222,0.3060,-0.2145,-12.0615,10.9560,0.2250,0.0000,1,0,0,0,0,1.3267
11.4899,128.8528,0.0864,100.0240,14.8312,53.3923,14.8291,0.2482,-11.6883,271.6369,-9.8854,-0.0890,0.0890,0.3060,-0.2195,-12.5977,9.1469,0.1742,0.0000,1,0,0,0,0,1.3084
11.5456,128.0417,0.0864,100.0581,14.2058,51.1407,14.2038,0.2358,-11.2233,271.1720,-8.3425,-0.0909,0.0616,0.3060,-0.2236,-12.9056,5.5248,0.1276,0.0000,1,0,0,0,0,1.0193
11.6069,127.1903,0.0864,100.0861,13.5308,48.7108,13.5291,0.2150,-10.9995,270.7279,-7.2371,-0.0909,0.0381,0.3060,-0.2257,-13.2243,5.1931,0.0849,0.0000,1,0,0,0,0,0.9289
11.6580,126.5181,0.0864,100.1026,12.8095,46.1142,12.8080,0.1936,-14.1368,270.3088,-8.2135,-0.0909,0.0147,0.3060,-0.2266,-13.3906,3.2593,0.0446,0.0000,1,0,0,0,0,0.8641
11.7087,125.8845,0.0864,100.1136,12.2075,43.9471,12.2063,0.1767,-11.8778,269.9922,-6.2474,-0.0909,0.0010,0.3060,-0.2270,-13.5010,2.1781,0.0252,0.0000,1,0,0,0,0,0.6852
11.7671,125.1979,0.0864,100.1205,11.2838,40.6216,11.2827,0.1546,-15.8127,269.5538,-7.5041,-0.0909,-0.0342,0.3060,-0.2272,-13.5670,1.1296,0.0107,0.0000,1,0,0,0,0,0.6851
11.8223,124.5931,0.0864,100.1222,10.5044,37.8159,10.5036,0.1318,-14.1234,269.2209,-6.0330,-0.0909,-0.0499,0.3060,-0.2273,-13.6004,0.6061,0.0052,0.0000,1,0,0,0,0,0.5571
11.8734,124.0709,0.0864,100.1203,9.8781,35.5610,9.8774,0.1153,-12.2424,268.9723,-4.8596,-0.0909,-0.0596,0.3060,-0.2273,-13.6123,0.2327,0.0030,0.0000,1,0,0,0,0,0.4580
11.9256,123.5761,0.0864,100.1159,9.0933,32.7357,9.0927,0.1020,-15.0396,268.6797,-5.6078,-0.0870,-0.0596,0.3060,-0.2246,-13.6134,0.0198,0.0014,0.0000,1,0,0,0,0,0.4809
11.9837,123.0702,0.0864,100.1084,8.3074,29.9066,8.3070,0.0831,-13.5146,268.4125,-4.5936,-0.0851,-0.0596,0.3060,-0.2182,-13.4328,3.1044,0.0007,0.0000,1,0,0,0,0,0.5778
12.0349,122.6645,0.0864,100.1001,7.5211,27.0761,7.5208,0.0663,-15.3578,268.1739,-4.6621,-0.0851,-0.0596,0.3060,-0.2150,-13.2448,3.6728,0.0003,0.0000,1,0,0,0,0,0.5952
12.0890,122.2766,0.0864,100.0903,6.7347,24.2449,6.7345,0.0517,-14.5563,267.9601,-3.9567,-0.0851,-0.0596,0.3060,-0.2137,-13.0352,3.8793,0.0002,0.0000,1,0,0,0,0,0.5504
12.1406,121.9445,0.0864,100.0804,6.1055,21.9796,6.1053,0.0415,-12.1797,267.8060,-2.9819,-0.0851,-0.0596,0.3060,-0.2132,-12.9325,1.9874,0.0001,0.0000,1,0,0,0,0,0.3781
12.1974,121.6234,0.0864,100.0694,5.3189,19.1481,5.3188,0.0303,-13.8647,267.6342,-3.0297,-0.0851,-0.0791,0.3060,-0.2129,-12.8499,1.4560,0.0000,0.0000,1,0,0,0,0,0.3348
12.2477,121.3769,0.0864,100.0601,4.5324,16.3165,4.5323,0.0207,-15.6404,267.4850,-2.9656,-0.0851,-0.0948,0.3060,-0.2128,-12.8116,0.7625,0.0000,0.0000,1,0,0,0,0,0.2757
12.2984,121.1644,0.0864,100.0514,3.9031,14.0513,3.9031,0.0142,-12.4045,267.3821,-2.0287,-0.0851,-0.0948,0.3060,-0.2127,-12.7899,0.4278,0.0000,0.0000,1,0,0,0,0,0.1910
12.3504,120.9848,0.0864,100.0434,3.1166,11.2196,3.1166,0.0073,-15.1296,267.2738,-2.0838,-0.0851,-0.0987,0.3060,-0.2127,-12.7760,0.2674,0.0000,0.0000,1,0,0,0,0,0.1656
12.4068,120.8329,0.0864,100.0362,2.3300,8.3881,2.3300,0.0019,-13.9391,267.1882,-1.5165,-0.0831,-0.0987,0.3060,-0.2113,-12.7631,0.2281,0.0000,0.0000,1,0,0,0,0,0.1089
12.4655,120.7227,0.0864,100.0307,1.3861,4.9901,1.3861,0.0011,-16.0898,267.1235,-1.1029,-0.0772,-0.0987,0.3060,-0.2021,-12.5871,3.0010,0.0000,0.0000,1,0,0,0,0,0.2401
12.5155,120.6676,0.0864,100.0278,0.7569,2.7250,0.7569,0.0034,-12.5839,267.1036,-0.3973,-0.0714,-0.0987,0.3060,-0.1931,-12.2564,6.6142,0.0000,0.0000,1,0,0,0,0,0.4579
12.5658,120.6475,0.0864,100.0265,0.0013,0.0047,0.0002,0.0013,-14.9953,267.0989,-0.0933,-0.0694,-0.0987,0.3060,-0.1823,-11.7907,9.2410,0.0000,0.0000,1,0,0,0,0,0.5186
12.6345,120.6475,0.0864,100.0265,0.0001,0.0002,0.0000,0.0001,-0.0181,267.0986,-0.0044,-0.0675,-0.0987,0.3060,-0.1739,-11.2342,8.1038,0.0000,0.0000,1,0,0,0,0,0.4505
12.6882,120.6475,0.0864,100.0265,0.0001,0.0002,0.0000,0.0001,0.0000,267.0982,-0.0074,-0.0636,-0.0987,0.3060,-0.1674,-10.6966,10.0235,0.0000,0.0000,1,0,0,0,0,0.5573
12.7454,120.6475,0.0864,100.0265,0.0001,0.0002,0.0000,0.0001,0.0000,267.0978,-0.0069,-0.0616,-0.0987,0.3060,-0.1618,-10.2850,7.1854,0.0000,0.0000,1,0,0,0,0,0.3996
12.8008,120.6475,0.0864,100.0265,0.0001,0.0002,0.0000,0.0001,0.0000,267.0974,-0.0088,-0.0616,-0.0987,0.3060,-0.1573,-9.9208,6.5811,0.0000,0.0000,1,0,0,0,0,0.3661
12.8572,120.6475,0.0864,100.0265,0.0001,0.0002,0.0000,0.0001,0.0000,267.0968,-0.0092,-0.0577,-0.0987,0.3060,-0.1519,-9.6017,5.6561,0.0000,0.0000,1,0,0,0,0,0.3147
12.9135,120.6475,0.0864,100.0265,0.0001,0.0002,0.0000,0.0001,0.0000,267.0964,-0.0081,-0.0557,-0.0987,0.3060,-0.1468,-9.2567,6.1326,0.0000,0.0000,1,0,0,0,0,0.3412
12.9675,120.6475,0.0864,100.0265,0.0001,0.0002,0.0000,0.0001,0.0000,267.0961,-0.0056,-0.0538,-0.0987,0.3060,-0.1411,-8.9944,4.8531,0.0000,0.0000,1,0,0,0,0,0.2699
13.0296,120.6475,0.0864,100.0265,0.0001,0.0002,0.0000,0.0001,0.0000,267.0958,-0.0049,-0.0538,-0.0987,0.3060,-0.1373,-8.6296,5.8763,0.0000,0.0000,1,0,0,0,0,0.3267
13.0859,120.6475,0.0864,100.0265,0.0001,0.0002,0.0000,0.0001,0.0000,267.0955,-0.0049,-0.0518,-0.0987,0.3060,-0.1329,-8.3321,5.2833,0.0000,0.0000,1,0,0,0,0,0.2938
13.1396,120.6475,0.0864,100.0265,0.0001,0.0002,0.0000,0.0001,0.0000,267.0952,-0.0062,-0.0518,-0.0987,0.3060,-0.1310,-8.1214,3.9223,0.0000,0.0000,1,0,0,0,0,0.2183
13.1995,120.6475,0.0864,100.0265,0.0001,0.0002,0.0000,0.0001,0.0000,267.0948,-0.0061,-0.0499,-0.0987,0.3060,-0.1282,-7.9590,2.7088,0.0000,0.0000,1,0,0,0,0,0.1508
13.2496,120.6475,0.0864,100.0265,0.0001,0.0002,0.0000,0.0001,0.0000,267.0945,-0.0049,-0.0499,-0.0987,0.3060,-0.1265,-7.8150,2.8782,0.0000,0.0000,1,0,0,0,0,0.1602
13.2998,120.6475,0.0864,100.0265,0.0001,0.0002,0.0000,0.0001,0.0000,267.0942,-0.0061,-0.0499,-0.0987,0.3060,-0.1255,-7.6851,2.5882,0.0000,0.0000,1,0,0,0,0,0.1441
13.3503,120.6475,0.0864,100.0265,0.0001,0.0002,0.0000,0.0001,0.0000,267.0940,-0.0048,-0.0479,-0.0987,0.3060,-0.1237,-7.5985,1.7119,0.0000,0.0000,1,0,0,0,0,0.0954
13.4224,120.6475,0.0864,100.0265,0.0001,0.0002,0.0000,0.0001,0.0000,267.0937,-0.0042,-0.0479,-0.0987,0.3060,-0.1210,-7.4687,1.8029,0.0000,0.0000,1,0,0,0,0,0.1004
13.4783,120.6475,0.0864,100.0265,0.0001,0.0002,0.0000,0.0001,0.0000,267.0937,0.0000,-0.0479,-0.0831,0.3060,-0.1203,-7.3325,2.4360,0.0000,0.0000,1,0,0,0,0,0.1353
13.5286,120.6475,0.0864,100.0265,0.0001,0.0002,0.0000,0.0001,0.0000,267.0937,0.0000,-0.0479,-0.0713,0.3060,-0.1201,-7.2729,1.1823,0.0000,0.0000,1,0,0,0,0,0.0657
13.5902,120.6475,0.0864,100.0265,0.0001,0.0002,0.0000,0.0001,0.0000,267.0937,0.0000,-0.0479,-0.0361,0.3060,-0.1199,-7.2344,0.6262,0.0000,0.0000,1,0,0,0,0,0.0348
13.6501,120.6475,0.0864,100.0265,0.0001,0.0002,0.0000,0.0001,0.0000,267.0937,0.0000,-0.0479,-0.0146,0.3060,-0.1199,-7.2122,0.3697,0.0000,0.0000,1,0,0,0,0,0.0205
13.7028,120.6475,0.0864,100.0265,0.0001,0.0003,0.0000,0.0001,0.0000,267.0936,-0.0017,-0.0479,0.0245,0.3060,-0.1198,-7.2012,0.2097,0.0010,0.0000,1,0,0,0,0,0.0117
13.7551,120.6475,0.0864,100.0265,0.0001,0.0004,0.0000,0.0001,0.0006,267.0924,-0.0233,-0.0479,0.0577,0.3060,-0.1198,-7.1957,0.1052,0.0213,0.0000,1,0,0,0,0,0.0071
13.8165,120.6475,0.0864,100.0265,0.0001,0.0002,0.0000,0.0001,-0.0007,267.0882,-0.0677,-0.0479,0.1085,0.3060,-0.1198,-7.1926,0.0509,0.0744,0.0000,1,0,0,0,0,0.0066
13.8700,120.6475,0.0864,100.0265,0.0002,0.0006,0.0000,0.0002,0.0022,267.0798,-0.1572,-0.0479,0.1574,0.3060,-0.1198,-7.1910,0.0290,0.1418,0.0000,1,0,0,0,0,0.0103
13.9435,120.6475,0.0864,100.0264,0.0004,0.0014,-0.0001,0.0004,0.0029,267.0583,-0.2920,-0.0479,0.2297,0.3060,-0.1198,-7.1901,0.0124,0.2634,0.0000,1,0,0,0,0,0.0169
13.9935,120.6475,0.0864,100.0264,0.0005,0.0018,-0.0001,0.0005,0.0021,267.0409,-0.3490,-0.0479,0.2591,0.3060,-0.1198,-7.1896,0.0092,0.3253,0.0000,1,0,0,0,0,0.0199
14.0536,120.6475,0.0864,100.0263,0.0006,0.0021,-0.0001,0.0006,0.0015,267.0107,-0.5031,-0.0459,0.2610,0.3060,-0.1167,-7.1303,0.9881,0.3770,0.0000,1,0,0,0,0,0.0828
14.1068,120.6475,0.0864,100.0262,0.0006,0.0022,-0.0001,0.0006,0.0005,266.9893,-0.4018,-0.0459,0.2610,0.3060,-0.1158,-7.0500,1.5082,0.3938,0.0000,1,0,0,0,0,0.1061
14.1659,120.6475,0.0864,100.0262,0.0006,0.0023,-0.0002,0.0006,0.0004,266.9563,-0.5591,-0.0459,0.2610,0.3060,-0.1152,-6.9842,1.1141,0.4063,0.0000,1,0,0,0,0,0.0930
14.2212,120.6476,0.0864,100.0261,0.0006,0.0023,-0.0002,0.0006,0.0001,266.9283,-0.5044,-0.0459,0.2610,0.3060,-0.1150,-6.9469,0.6743,0.4110,0.0000,1,0,0,0,0,0.0655
14.2768,120.6476,0.0864,100.0260,0.0006,0.0023,-0.0002,0.0006,0.0001,266.9001,-0.5080,-0.0459,0.2630,0.3060,-0.1149,-6.9207,0.4702,0.4137,0.0000,1,0,0,0,0,0.0543
14.3298,120.6476,0.0864,100.0259,0.0007,0.0024,-0.0002,0.0006,0.0003,266.8773,-0.4314,-0.0440,0.2767,0.3060,-0.1141,-6.9083,0.2353,0.4224,0.0000,1,0,0,0,0,0.0370
14.3802,120.6477,0.0864,100.0259,0.0007,0.0025,-0.0002,0.0007,0.0007,266.8484,-0.5713,-0.0440,0.2923,0.3060,-0.1118,-6.8385,1.3840,0.4414,0.0000,1,0,0,0,0,0.1086
14.4329,120.6477,0.0864,100.0258,0.0007,0.0027,-0.0002,0.0007,0.0008,266.8190,-0.5584,-0.0420,0.3099,0.3060,-0.1080,-6.7223,2.2040,0.4664,0.0000,1,0,0,0,0,0.1535
14.4915,120.6477,0.0864,100.0257,0.0009,0.0032,0.0000,0.0009,0.0027,266.7905,-0.4871,-0.0362,0.3373,0.3060,-0.1008,-6.5010,3.7753,0.4982,0.0000,1,0,0,0,0,0.2368
14.5451,120.6477,0.0864,100.0256,0.0011,0.0040,0.0001,0.0011,0.0041,266.7644,-0.4865,-0.0323,0.3705,0.3060,-0.0911,-6.1340,6.8490,0.5416,0.0000,1,0,0,0,0,0.4075
14.5994,120.6477,0.0864,100.0254,0.0013,0.0048,0.0003,0.0013,0.0041,266.7408,-0.4339,-0.0284,0.3959,0.3060,-0.0814,-5.7290,7.4599,0.5895,0.0000,1,0,0,0,0,0.4385
14.6583,120.6476,0.0864,100.0253,0.0016,0.0057,0.0004,0.0015,0.0041,266.7210,-0.3362,-0.0206,0.4311,0.3060,-0.0681,-5.0709,11.1696,0.6409,0.0000,1,0,0,0,0,0.6392
14.7131,120.6475,0.0864,100.0251,0.0018,0.0066,0.0005,0.0018,0.0047,266.7145,-0.1198,-0.0147,0.4624,0.3060,-0.0293,-3.9472,20.5087,0.6943,0.0000,1,0,0,0,0,1.1460
14.7633,120.6473,0.0864,100.0249,0.0221,0.0796,0.0221,0.0015,0.4040,266.7160,0.0298,-0.0108,0.4995,0.3060,-0.0126,-2.6574,25.6896,0.7500,0.0000,1,0,0,0,0,1.4289
14.8169,120.6445,0.0864,100.0246,0.0871,0.3135,0.0871,0.0017,1.2128,266.7173,0.0239,-0.0069,0.5328,0.3060,-0.0064,-1.5826,20.0664,0.8004,0.0000,1,0,0,0,0,1.1161
14.8732,120.6353,0.0864,100.0238,0.2324,0.8366,0.2324,0.0024,2.5800,266.7210,0.0672,-0.0029,0.5660,0.3060,-0.0027,-0.9060,12.0127,0.8646,0.0000,1,0,0,0,0,0.6711
14.9310,120.6145,0.0864,100.0224,0.5009,1.8032,0.5009,0.0034,4.6462,266.7270,0.1025,0.0049,0.6129,0.3060,-0.0010,-0.4825,7.3289,0.9385,0.0000,1,0,0,0,0,0.5151
14.9816,120.5840,0.0864,100.0204,0.7210,2.5955,0.7210,0.0041,4.3474,266.7314,0.0868,0.0068,0.6247,0.3060,-0.0005,-0.3252,3.1071,0.9653,0.0000,1,0,0,0,0,0.2632
15.0386,120.5337,0.0864,100.0172,1.0188,3.6677,1.0188,0.0049,5.2256,266.7369,0.0980,0.0107,0.6481,0.3060,-0.0002,-0.1437,3.1836,0.9830,0.0000,1,0,0,0,0,0.2551
15.1047,120.4529,0.0864,100.0121,1.3928,5.0140,1.3928,0.0058,5.6556,266.7439,0.1057,0.0146,0.6755,0.3060,-0.0001,-0.0719,1.0863,0.9928,0.0000,1,0,0,0,0,0.1288
15.1558,120.3736,0.0864,100.0072,1.7109,6.1591,1.7108,0.0064,6.2347,266.7498,0.1143,0.0186,0.6755,0.3060,0.0000,-0.0338,0.7466,0.9965,0.0000,1,0,0,0,0,0.1041
15.2204,120.2517,0.0864,99.9998,2.0961,7.5459,2.0961,0.0074,5.9616,266.7693,0.3032,0.0205,0.6755,0.3060,0.0252,0.1386,2.6679,0.9985,0.0000,1,0,0,0,0,0.2182
15.2754,120.1288,0.0864,99.9924,2.4184,8.7062,2.4184,0.0087,5.8537,266.8097,0.7327,0.0225,0.6755,0.3060,0.0420,1.1849,19.0025,0.9993,0.0000,1,0,0,0,0,1.1506
15.3280,119.9950,0.0864,99.9844,2.6767,9.6362,2.6767,0.0099,4.9132,266.8520,0.8045,0.0244,0.6755,0.3060,0.0504,1.9913,15.3382,0.9996,0.0000,1,0,0,0,0,0.9523
15.3873,119.8249,0.0864,99.9744,3.0645,11.0320,3.0644,0.0117,6.5437,266.9290,1.2999,0.0283,0.6755,0.3060,0.0603,2.6720,11.4875,0.9998,0.0000,1,0,0,0,0,0.7675
15.4428,119.6470,0.0864,99.9642,3.3878,12.1961,3.3878,0.0134,5.8252,267.0074,1.4118,0.0342,0.6755,0.3060,0.0714,3.2899,11.1320,0.9999,0.0000,1,0,0,0,0,0.7563
15.4977,119.4536,0.0864,99.9534,3.7111,13.3601,3.7111,0.0155,5.8917,267.1011,1.7072,0.0361,0.6755,0.3060,0.0814,3.7118,7.6872,1.0000,0.0000,1,0,0,0,0,0.5846
15.5642,119.1957,0.0864,99.9393,4.0992,14.7572,4.0992,0.0185,5.8367,267.2338,1.9956,0.0420,0.6755,0.3060,0.0940,4.6207,13.6691,1.0000,0.0000,1,0,0,0,0,0.9378
15.6225,118.9479,0.0864,99.9264,4.4226,15.9214,4.4226,0.0209,5.5380,267.3568,2.1062,0.0459,0.6755,0.3060,0.1050,5.3765,12.9444,1.0000,0.0000,1,0,0,0,0,0.9072
15.6845,118.6636,0.0864,99.9121,4.8107,17.3184,4.8106,0.0246,6.2670,267.5242,2.7048,0.0518,0.6755,0.3060,0.1191,6.0616,11.0641,1.0000,0.0000,1,0,0,0,0,0.8416
15.7349,118.4152,0.0864,99.9003,5.0694,18.2499,5.0693,0.0274,5.1268,267.6512,2.5153,0.0538,0.6755,0.3060,0.1266,6.6941,12.5315,1.0000,0.0000,1,0,0,0,0,0.9171
15.7961,118.0943,0.0864,99.8858,5.4575,19.6469,5.4574,0.0319,6.3436,267.8574,3.3716,0.0538,0.6755,0.3060,0.1316,7.2521,9.1218,1.0000,0.0000,1,0,0,0,0,0.7818
15.8469,117.8110,0.0864,99.8738,5.7162,20.5782,5.7161,0.0348,5.0894,268.0030,2.8637,0.0557,0.6755,0.3060,0.1344,7.5761,6.3740,1.0000,0.0000,1,0,0,0,0,0.6044
15.8979,117.5120,0.0864,99.8619,6.0395,21.7422,6.0394,0.0386,6.3478,268.1948,3.7654,0.0557,0.6755,0.3060,0.1372,7.8660,5.6903,1.0000,0.0000,1,0,0,0,0,0.6211
15.9511,117.1834,0.0864,99.8498,6.3628,22.9062,6.3627,0.0423,6.0732,268.3952,3.7638,0.0557,0.6755,0.3060,0.1384,8.0615,3.6724,1.0000,0.0000,1,0,0,0,0,0.5129
16.0163,116.7587,0.0864,99.8357,6.6862,24.0703,6.6860,0.0459,4.9635,268.6027,3.1849,0.0557,0.6755,0.3060,0.1389,8.1752,1.7452,1.0000,0.0000,1,0,0,0,0,0.3770
16.0722,116.3744,0.0864,99.8244,7.0095,25.2344,7.0094,0.0496,5.7835,268.8167,3.8291,0.0557,0.6774,0.3060,0.1391,8.2811,1.8951,1.0000,0.0000,1,0,0,0,0,0.4243
16.1223,116.0142,0.0864,99.8151,7.3328,26.3982,7.3326,0.0535,6.4471,269.0373,4.3982,0.0577,0.6774,0.3060,0.1400,8.3139,0.6529,1.0000,0.0000,1,0,0,0,0,0.3900
16.1725,115.6389,0.0864,99.8066,7.5915,27.3293,7.5913,0.0569,5.1501,269.2215,3.6679,0.0596,0.6774,0.3060,0.1434,8.4014,1.7435,1.0000,0.0000,1,0,0,0,0,0.4130
16.2255,115.2269,0.0864,99.7987,7.9148,28.4931,7.9145,0.0619,6.1008,269.4645,4.5856,0.0616,0.6774,0.3060,0.1480,8.5722,3.2223,1.0000,0.0000,1,0,0,0,0,0.5511
16.2763,114.8168,0.0864,99.7925,8.2380,29.6569,8.2378,0.0680,6.3693,269.7254,5.1401,0.0655,0.6774,0.3060,0.1556,8.8258,4.9971,1.0000,0.0000,1,0,0,0,0,0.6870
16.3392,114.2879,0.0864,99.7867,8.5612,30.8204,8.5609,0.0748,5.1380,270.0055,4.4529,0.0694,0.6774,0.3060,0.1629,9.1766,5.5767,1.0000,0.0000,1,0,0,0,0,0.6883
16.3895,113.8479,0.0864,99.7840,8.8844,31.9840,8.8840,0.0830,6.4209,270.3093,6.0358,0.0713,0.6774,0.3060,0.1717,9.6293,8.9929,1.0000,0.0000,1,0,0,0,0,0.9751
16.4396,113.3959,0.0864,99.7832,9.2076,33.1472,9.2071,0.0913,6.4563,270.6307,6.4213,0.0713,0.6696,0.3060,0.1755,10.0018,7.4426,1.0000,0.0000,1,0,0,0,0,0.9190
16.4926,112.9009,0.0864,99.7847,9.4660,34.0778,9.4655,0.0974,4.8738,270.8967,5.0167,0.0713,0.6403,0.3060,0.1769,10.2624,4.9146,1.0000,0.0000,1,0,0,0,0,0.7061
16.5522,112.3253,0.0864,99.7896,9.8533,35.4719,9.8527,0.1062,6.4985,271.3069,6.8836,0.0694,0.5914,0.3060,0.1771,10.4774,3.6073,0.9980,0.0000,1,0,0,0,0,0.7446
16.6025,111.8239,0.0864,99.7967,10.0960,36.3454,10.0954,0.1102,4.8267,271.5782,5.3961,0.0635,0.5523,0.3060,0.1701,10.4884,0.2187,0.9708,0.0000,1,0,0,0,0,0.4757
16.6617,111.2172,0.0864,99.8087,10.4003,37.4410,10.3997,0.1113,5.1400,271.9563,6.3864,0.0538,0.5073,0.3060,0.1523,10.1436,5.8231,0.9106,0.0000,1,0,0,0,0,0.8388
16.7212,110.5930,0.0864,99.8248,10.5803,38.0892,10.5798,0.1069,3.0237,272.2315,4.6211,0.0459,0.4624,0.3060,0.1335,9.3411,13.4767,0.8454,0.0000,1,0,0,0,0,1.1570
16.7743,110.0292,0.0864,99.8423,10.6853,38.4670,10.6848,0.0990,1.9793,272.4659,4.4195,0.0381,0.4135,0.3060,0.1143,8.4290,17.1999,0.7742,0.0000,1,0,0,0,0,1.3401
16.8261,109.4749,0.0864,99.8620,10.7092,38.5531,10.7088,0.0905,0.4609,272.6222,3.0163,0.0303,0.3744,0.3060,0.0980,7.3822,20.1943,0.7125,0.0000,1,0,0,0,0,1.4162
16.8788,108.9122,0.0864,99.8841,10.6476,38.3312,10.6473,0.0780,-1.1692,272.7771,2.9390,0.0225,0.3040,0.3060,0.0774,6.4290,18.0859,0.6137,0.0000,1,0,0,0,0,1.2779
16.9365,108.3028,0.0864,99.9102,10.4780,37.7210,10.4779,0.0624,-2.9355,272.8779,1.7445,0.0146,0.2551,0.3060,0.0421,4.8572,27.2194,0.5207,0.0000,1,0,0,0,0,1.6985
16.9881,107.7697,0.0864,99.9344,10.2099,36.7556,10.2098,0.0449,-5.1983,272.9175,0.7691,0.0088,0.2082,0.3060,0.0181,3.3543,29.1355,0.4324,0.0000,1,0,0,0,0,1.7273
17.0449,107.2005,0.0864,99.9613,9.8548,35.4774,9.8548,0.0313,-6.2536,272.9307,0.2311,0.0029,0.1848,0.3060,0.0078,2.3548,17.6042,0.3623,0.0000,1,0,0,0,0,1.0384
17.0952,106.7150,0.0864,99.9848,9.4353,33.9673,9.4353,0.0223,-8.3400,272.9329,0.0437,-0.0049,0.1730,0.3060,0.0033,1.1665,23.6247,0.3135,0.0000,1,0,0,0,0,1.3503
17.1479,106.2279,0.0864,100.0086,9.0716,32.6578,9.0716,0.0174,-6.9041,272.9313,-0.0301,-0.0088,0.1730,0.3060,0.0017,0.6522,9.7613,0.2919,0.0000,1,0,0,0,0,0.5728
17.2000,105.7687,0.0864,100.0313,8.5986,30.9551,8.5986,0.0137,-9.0695,272.9276,-0.0702,-0.0147,0.1730,0.3060,0.0007,0.3860,5.1044,0.2775,0.0000,1,0,0,0,0,0.3115
17.2615,105.2578,0.0864,100.0565,8.0175,28.8632,8.0175,0.0114,-9.4607,272.9222,-0.0884,-0.0186,0.1730,0.3060,0.0003,0.1914,3.1679,0.2696,0.0000,1,0,0,0,0,0.2022
17.3147,104.8419,0.0864,100.0771,7.6262,27.4545,7.6262,0.0090,-7.3504,272.9076,-0.2734,-0.0206,0.1730,0.3060,-0.0203,-0.1839,7.0501,0.2671,0.0000,1,0,0,0,0,0.4246
17.3741,104.4069,0.0864,100.0985,7.0365,25.3314,7.0365,0.0044,-9.9192,272.8546,-0.8916,-0.0206,0.1730,0.3060,-0.0401,-1.0879,15.2049,0.2652,0.0000,1,0,0,0,0,0.9037
17.4287,104.0353,0.0864,100.1166,6.5438,23.5578,6.5438,0.0019,-9.0307,272.8008,-0.9862,-0.0206,0.1730,0.3060,-0.0465,-1.8706,14.3482,0.2645,0.0000,1,0,0,0,0,0.8564
17.4851,103.6788,0.0864,100.1338,6.0399,21.7437,6.0399,0.0008,-8.9293,272.7446,-0.9966,-0.0245,0.1281,0.3060,-0.0525,-2.4099,9.5553,0.2415,0.0000,1,0,0,0,0,0.5881
17.5614,103.2454,0.0864,100.1542,5.2455,18.8838,5.2455,0.0004,-10.4209,272.6624,-1.0777,-0.0284,0.0812,0.3060,-0.0644,-2.9308,6.8334,0.1648,0.0000,1,0,0,0,0,0.4407
17.6183,102.9629,0.0864,100.1671,4.5924,16.5327,4.5924,0.0006,-11.4697,272.6004,-1.0891,-0.0420,0.0147,0.3060,-0.0834,-3.7903,15.0940,0.0911,0.0000,1,0,0,0,0,0.9011
17.6720,102.7327,0.0864,100.1773,3.8732,13.9434,3.8732,0.0012,-13.3859,272.5368,-1.1842,-0.0499,-0.0322,0.3060,-0.1023,-4.6560,16.1115,0.0446,0.0000,1,0,0,0,0,0.9656
17.7350,102.5119,0.0864,100.1868,3.1195,11.2301,3.1195,0.0021,-11.9682,272.4733,-1.0085,-0.0596,-0.0733,0.3060,-0.1260,-5.7465,17.3164,0.0218,0.0000,1,0,0,0,0,1.0281
17.7857,102.3737,0.0864,100.1925,2.3490,8.4566,2.3490,0.0032,-15.2012,272.4141,-1.1669,-0.0694,-0.0811,0.3060,-0.1478,-6.9434,23.6169,0.0107,0.0000,1,0,0,0,0,1.3975
17.8385,102.2675,0.0864,100.1967,1.5704,5.6534,1.5704,0.0043,-14.7342,272.3643,-0.9436,-0.0753,-0.0811,0.3060,-0.1676,-8.1446,22.7286,0.0052,0.0000,1,0,0,0,0,1.3560
17.8932,102.1991,0.0864,100.1991,0.9444,3.3999,0.9444,0.0046,-11.4570,272.3342,-0.5496,-0.0831,-0.0811,0.3060,-0.1842,-9.2006,19.3290,0.0029,0.0000,1,0,0,0,0,1.1775
17.9447,102.1735,0.0864,100.1999,0.1600,0.5760,0.1600,0.0028,-15.2145,272.3121,-0.4285,-0.0890,-0.0811,0.3060,-0.2028,-10.4097,23.4507,0.0014,0.0000,1,0,0,0,0,1.3266
17.9948,102.1728,0.0864,100.1999,0.0001,0.0002,0.0000,0.0001,-3.1955,272.3088,-0.0658,-0.0890,-0.0811,0.3060,-0.2140,-11.4113,20.0108,0.0007,0.0000,1,0,0,0,0,1.1154
18.0522,102.1728,0.0864,100.1999,0.0001,0.0002,0.0000,0.0001,0.0000,272.3090,0.0032,-0.0909,-0.0811,0.3060,-0.2207,-12.1461,12.7954,0.0003,0.0000,1,0,0,0,0,0.7110
18.1055,102.1728,0.0864,100.1999,0.0001,0.0002,0.0000,0.0001,0.0000,272.3093,0.0057,-0.0909,-0.0791,0.3060,-0.2245,-12.3773,4.3397,0.0002,0.0000,1,0,0,0,0,0.2414
18.1610,102.1728,0.0864,100.1999,0.0001,0.0002,0.0000,0.0001,0.0000,272.3096,0.0055,-0.0909,-0.0342,0.3060,-0.2261,-13.2601,15.9166,0.0001,0.0000,1,0,0,0,0,0.8846
18.2262,102.1728,0.0864,100.1999,0.0001,0.0003,0.0000,0.0001,0.0002,272.3098,0.0028,-0.0909,0.0303,0.3060,-0.2269,-13.4440,2.8177,0.0045,0.0000,1,0,0,0,0,0.1567
18.2783,102.1728,0.0864,100.1999,0.0000,0.0000,0.0000,0.0000,-0.0014,272.3068,-0.0581,-0.0890,0.1066,0.3060,-0.2263,-13.5391,1.8279,0.0489,0.0000,1,0,0,0,0,0.1048
18.3376,102.1728,0.0864,100.1999,0.0002,0.0008,-0.0001,0.0002,0.0037,272.2859,-0.3510,-0.0831,0.2004,0.3060,-0.2169,-13.4297,1.8422,0.1680,0.0000,1,0,0,0,0,0.1218
18.3957,102.1728,0.0864,100.1998,0.0005,0.0017,-0.0001,0.0005,0.0041,272.2507,-0.6078,-0.0772,0.3021,0.3060,-0.2062,-13.0611,6.3522,0.2984,0.0000,1,0,0,0,0,0.3867
18.4528,102.1728,0.0864,100.1998,0.0007,0.0026,-0.0002,0.0007,0.0045,272.1980,-0.9218,-0.0714,0.3744,0.3060,-0.1942,-12.5452,9.0267,0.4389,0.0000,1,0,0,0,0,0.5527
18.5090,102.1728,0.0864,100.1997,0.0011,0.0039,0.0001,0.0011,0.0062,272.1317,-1.1795,-0.0675,0.3881,0.3060,-0.1818,-11.9999,9.7048,0.5354,0.0000,1,0,0,0,0,0.6047
18.5649,102.1727,0.0864,100.1995,0.0013,0.0046,0.0002,0.0013,0.0039,272.0589,-1.3028,-0.0636,0.3881,0.3060,-0.1705,-11.2228,13.9034,0.5861,0.0000,1,0,0,0,0,0.8448
18.6186,102.1727,0.0864,100.1994,0.0014,0.0050,0.0003,0.0014,0.0020,271.9859,-1.3605,-0.0577,0.3881,0.3060,-0.1578,-10.5336,12.8397,0.6109,0.0000,1,0,0,0,0,0.7889
18.6812,102.1726,0.0864,100.1992,0.0014,0.0052,0.0003,0.0014,0.0009,271.9147,-1.1374,-0.0577,0.3881,0.3060,-0.1500,-9.8445,11.0138,0.6230,0.0000,1,0,0,0,0,0.6751
18.7361,102.1725,0.0864,100.1990,0.0015,0.0053,0.0003,0.0014,0.0005,271.8456,-1.2574,-0.0518,0.3881,0.3060,-0.1413,-9.2699,10.4619,0.6289,0.0000,1,0,0,0,0,0.6511
18.7927,102.1724,0.0864,100.1989,0.0015,0.0054,0.0003,0.0015,0.0003,271.7676,-1.3783,-0.0459,0.3881,0.3060,-0.1283,-8.6645,10.6878,0.6322,0.0000,1,0,0,0,0,0.6703
18.8485,102.1723,0.0864,100.1987,0.0015,0.0054,0.0003,0.0015,0.0001,271.7069,-1.0878,-0.0440,0.3881,0.3060,-0.1192,-8.0878,10.3464,0.6334,0.0000,1,0,0,0,0,0.6352
18.9046,102.1723,0.0864,100.1986,0.0015,0.0054,0.0003,0.0015,0.0001,271.6496,-1.0211,-0.0420,0.3881,0.3060,-0.1116,-7.4867,10.7039,0.6340,0.0000,1,0,0,0,0,0.6514
18.9578,102.1722,0.0864,100.1984,0.0015,0.0054,0.0003,0.0015,0.0000,271.6054,-0.8302,-0.0420,0.3881,0.3060,-0.1084,-7.0443,8.3126,0.6343,0.0000,1,0,0,0,0,0.5079
19.0102,102.1721,0.0864,100.1983,0.0015,0.0054,0.0003,0.0015,0.0002,271.5517,-1.0259,-0.0381,0.3939,0.3060,-0.1027,-6.7059,6.4628,0.6369,0.0000,1,0,0,0,0,0.4160
19.0622,102.1721,0.0864,100.1981,0.0016,0.0056,0.0003,0.0015,0.0008,271.5000,-0.9949,-0.0362,0.4018,0.3060,-0.0966,-6.3848,6.1757,0.6461,0.0000,1,0,0,0,0,0.3984
19.1148,102.1720,0.0864,100.1980,0.0016,0.0058,0.0004,0.0016,0.0012,271.4499,-0.9519,-0.0323,0.4174,0.3060,-0.0899,-5.9808,7.6798,0.6605,0.0000,1,0,0,0,0,0.4795
19.1774,102.1719,0.0864,100.1977,0.0017,0.0062,0.0004,0.0017,0.0016,271.4021,-0.7631,-0.0264,0.4350,0.3060,-0.0785,-5.5131,7.4671,0.6832,0.0000,1,0,0,0,0,0.4572
19.2362,102.1718,0.0864,100.1975,0.0018,0.0066,0.0005,0.0018,0.0019,271.3587,-0.7382,-0.0166,0.4506,0.3060,-0.0573,-4.8632,11.0642,0.7080,0.0000,1,0,0,0,0,0.6557
19.2888,102.1714,0.0864,100.1974,0.0167,0.0600,0.0166,0.0014,0.2823,271.3330,-0.4899,-0.0108,0.4624,0.3060,-0.0246,-3.6891,22.3298,0.7327,0.0000,1,0,0,0,0,1.2678
19.3473,102.1691,0.0864,100.1973,0.0702,0.2529,0.0702,0.0016,0.9145,271.3181,-0.2548,-0.0029,0.4800,0.3060,-0.0089,-2.1926,25.5486,0.7610,0.0000,1,0,0,0,0,1.4335
19.4055,102.1632,0.0864,100.1972,0.1498,0.5391,0.1497,0.0020,1.3672,271.3099,-0.1406,0.0068,0.5113,0.3060,-0.0038,-1.2568,16.0886,0.7946,0.0000,1,0,0,0,0,0.9016
19.4632,102.1514,0.0864,100.1973,0.2766,0.9959,0.2766,0.0026,2.1970,271.3033,-0.1136,0.0146,0.5464,0.3060,-0.0017,-0.7106,9.4585,0.8420,0.0000,1,0,0,0,0,0.5318
19.5160,102.1326,0.0864,100.1975,0.4596,1.6547,0.4596,0.0033,3.4681,271.3004,-0.0549,0.0205,0.5816,0.3060,0.0140,-0.2789,8.1826,0.8947,0.0000,1,0,0,0,0,0.4576
19.5783,102.0966,0.0864,100.1980,0.7036,2.5331,0.7036,0.0041,3.9188,271.3163,0.2558,0.0244,0.6208,0.3060,0.0400,0.7366,16.3081,0.9472,0.0000,1,0,0,0,0,1.0084
19.6356,102.0470,0.0864,100.1988,0.9881,3.5571,0.9881,0.0051,4.9606,271.3482,0.5561,0.0264,0.6442,0.3060,0.0548,1.9714,21.5329,0.9742,0.0000,1,0,0,0,0,1.3049
19.6932,101.9794,0.0864,100.2000,1.3549,4.8775,1.3548,0.0064,6.3711,271.4011,0.9177,0.0283,0.6813,0.3060,0.0650,2.8479,15.2273,0.9890,0.0000,1,0,0,0,0,0.9678
19.7528,101.8898,0.0864,100.2017,1.6701,6.0124,1.6701,0.0075,5.2911,271.4530,0.8723,0.0283,0.6970,0.3060,0.0683,3.3941,9.1667,0.9946,0.0000,1,0,0,0,0,0.6247
19.8052,101.7943,0.0864,100.2037,1.9896,7.1627,1.9896,0.0085,6.0956,271.5098,1.0835,0.0283,0.6989,0.3060,0.0698,3.8058,7.8552,0.9974,0.0000,1,0,0,0,0,0.5609
19.8592,101.6793,0.0864,100.2062,2.3111,8.3200,2.3111,0.0096,5.9486,271.5706,1.1248,0.0283,0.6989,0.3060,0.0704,3.9898,3.4047,0.9987,0.0000,1,0,0,0,0,0.3140
19.9109,101.5534,0.0864,100.2091,2.5691,9.2487,2.5691,0.0104,4.9944,271.6218,0.9903,0.0283,0.6989,0.3060,0.0706,4.1070,2.2685,0.9993,0.0000,1,0,0,0,0,0.2420
19.9682,101.3956,0.0864,100.2130,2.8920,10.4111,2.8919,0.0116,5.6295,271.6892,1.1765,0.0303,0.6989,0.3060,0.0721,4.1953,1.5393,0.9996,0.0000,1,0,0,0,0,0.2109
20.0277,101.2115,0.0864,100.2177,3.2798,11.8074,3.2798,0.0131,6.5183,271.7774,1.4817,0.0303,0.6989,0.3060,0.0744,4.3074,1.8840,0.9998,0.0000,1,0,0,0,0,0.2469
20.0889,101.0009,0.0864,100.2235,3.6031,12.9713,3.6031,0.0144,5.2859,271.8559,1.2832,0.0303,0.6989,0.3060,0.0752,4.4050,1.5949,0.9999,0.0000,1,0,0,0,0,0.2197
20.1532,100.7559,0.0864,100.2306,3.9912,14.3682,3.9911,0.0160,6.0324,271.9551,1.5428,0.0303,0.6989,0.3060,0.0755,4.4552,0.7803,1.0000,0.0000,1,0,0,0,0,0.1892
20.2074,100.5309,0.0864,100.2375,4.3146,15.5324,4.3145,0.0174,5.9711,272.0416,1.5970,0.0303,0.6989,0.3060,0.0756,4.5054,0.9284,1.0000,0.0000,1,0,0,0,0,0.2008
20.4136,99.5182,0.0864,100.2723,5.5436,19.9568,5.5435,0.0232,5.9599,272.4010,1.7426,0.0303,0.6989,0.3060,0.0757,4.5158,0.0500,1.0000,0.0000,1,0,0,0,0,0.1623
20.4805,99.1365,0.0864,100.2870,5.9316,21.3537,5.9315,0.0269,5.8017,272.5457,2.1641,0.0420,0.6989,0.3060,0.0944,4.5432,0.4097,1.0000,0.0000,1,0,0,0,0,0.2111
20.5370,98.7939,0.0864,100.3009,6.2551,22.5183,6.2550,0.0314,5.7255,272.6927,2.6014,0.0499,0.6989,0.3060,0.1087,5.7414,21.2090,1.0000,0.0000,1,0,0,0,0,1.3980
20.5951,98.4218,0.0864,100.3168,6.5784,23.6822,6.5783,0.0367,5.5603,272.8645,2.9548,0.0538,0.6989,0.3060,0.1216,6.3464,10.4037,1.0000,0.0000,1,0,0,0,0,0.8258
20.6647,97.9511,0.0864,100.3385,6.9665,25.0794,6.9664,0.0436,5.5804,273.0985,3.3647,0.0557,0.6989,0.3060,0.1317,6.9366,8.4864,1.0000,0.0000,1,0,0,0,0,0.7522
20.7199,97.5572,0.0864,100.3579,7.2898,26.2433,7.2896,0.0492,5.8520,273.3106,3.8395,0.0557,0.6989,0.3060,0.1360,7.6254,12.4684,1.0000,0.0000,1,0,0,0,0,1.0072
20.7706,97.1804,0.0864,100.3777,7.6131,27.4071,7.6129,0.0548,6.3818,273.5363,4.4540,0.0577,0.6989,0.3060,0.1407,7.9614,6.6332,1.0000,0.0000,1,0,0,0,0,0.7240
20.8234,96.7716,0.0864,100.4006,7.8717,28.3382,7.8715,0.0590,4.8939,273.7248,3.5672,0.0577,0.6989,0.3060,0.1424,8.2156,4.8084,1.0000,0.0000,1,0,0,0,0,0.5778
20.8866,96.2615,0.0864,100.4312,8.2596,29.7347,8.2594,0.0652,6.1396,274.0178,4.6375,0.0577,0.6989,0.3060,0.1435,8.4118,3.1055,1.0000,0.0000,1,0,0,0,0,0.5485
20.9699,95.5542,0.0864,100.4775,8.7768,31.5965,8.7765,0.0730,6.2115,274.4244,4.8837,0.0577,0.6989,0.3060,0.1440,8.4684,0.6804,1.0000,0.0000,1,0,0,0,0,0.4339
21.0336,94.9861,0.0864,100.5179,9.1000,32.7601,9.0997,0.0777,5.0744,274.6870,4.1217,0.0577,0.6989,0.3060,0.1441,8.6314,2.5579,1.0000,0.0000,1,0,0,0,0,0.4991
21.0919,94.4456,0.0864,100.5590,9.4879,34.1564,9.4875,0.0836,6.6519,275.0107,5.5519,0.0577,0.6989,0.3060,0.1441,8.6392,0.1343,1.0000,0.0000,1,0,0,0,0,0.4481
21.1445,93.9408,0.0864,100.5996,9.7464,35.0870,9.7460,0.0874,4.9102,275.2316,4.1958,0.0577,0.6989,0.3060,0.1441,8.6443,0.0966,1.0000,0.0000,1,0,0,0,0,0.3730
21.2052,93.3394,0.0864,100.6510,10.1342,36.4830,10.1337,0.0935,6.3929,275.5704,5.5862,0.0577,0.6989,0.3060,0.1442,8.6468,0.0414,1.0000,0.0000,1,0,0,0,0,0.4510
21.2576,92.8024,0.0864,100.6995,10.4573,37.6462,10.4568,0.0987,6.1589,275.8597,5.5141,0.0577,0.6989,0.3060,0.1442,8.6482,0.0262,1.0000,0.0000,1,0,0,0,0,0.4493
21.3200,92.1437,0.0864,100.7623,10.7804,38.8094,10.7799,0.1038,5.1827,276.1553,4.7422,0.0577,0.6989,0.3060,0.1442,8.6489,0.0109,1.0000,0.0000,1,0,0,0,0,0.4085
21.3780,91.5111,0.0864,100.8261,11.1035,39.9725,11.1029,0.1092,5.5710,276.4572,5.2058,0.0577,0.6989,0.3060,0.1442,8.6492,0.0062,1.0000,0.0000,1,0,0,0,0,0.4371
21.4311,90.9148,0.0864,100.8894,11.4265,41.1353,11.4259,0.1137,6.0792,276.7594,5.6870,0.0518,0.6989,0.3060,0.1387,8.5807,1.2892,1.0000,0.0000,1,0,0,0,0,0.5368
21.4821,90.3268,0.0864,100.9547,11.7495,42.2984,11.7490,0.1158,6.3295,277.0499,5.6913,0.0459,0.6989,0.3060,0.1289,8.3271,4.9691,1.0000,0.0000,1,0,0,0,0,0.7401
21.5394,89.6492,0.0864,101.0333,12.0726,43.4613,12.0720,0.1149,5.6385,277.3197,4.7098,0.0401,0.6989,0.3060,0.1163,7.8167,8.9083,1.0000,0.0000,1,0,0,0,0,0.8993
21.5921,89.0096,0.0864,101.1107,12.3956,44.6240,12.3951,0.1106,6.1281,277.5603,4.5653,0.0322,0.6989,0.3060,0.0995,7.1805,12.0714,1.0000,0.0000,1,0,0,0,0,1.0582
21.6473,88.3235,0.0864,101.1968,12.7187,45.7872,12.7182,0.1029,5.8591,277.7641,3.6944,0.0264,0.6989,0.3060,0.0828,6.3833,14.4554,1.0000,0.0000,1,0,0,0,0,1.1297
21.7068,87.5643,0.0864,101.2955,13.0418,46.9506,13.0415,0.0930,5.4336,277.9321,2.8246,0.0205,0.6989,0.3060,0.0661,5.7068,11.3748,1.0000,0.0000,1,0,0,0,0,0.8958
21.7628,86.8302,0.0864,101.3937,13.3652,48.1145,13.3649,0.0741,5.7669,278.0265,1.6842,0.0088,0.6989,0.3060,0.0284,3.9377,31.5549,1.0000,0.0000,1,0,0,0,0,1.9298
21.8144,86.1397,0.0864,101.4879,13.6884,49.2783,13.6883,0.0538,6.2718,278.0648,0.7437,0.0010,0.6989,0.3060,0.0122,2.6067,25.8243,1.0000,0.0000,1,0,0,0,0,1.5349
21.8665,85.4260,0.0864,101.5870,13.9472,50.2099,13.9471,0.0342,4.9651,278.0853,0.3923,-0.0069,0.6970,0.3060,0.0062,1.5678,19.9335,1.0000,0.0000,1,0,0,0,0,1.1660
21.9175,84.7128,0.0864,101.6872,14.2706,51.3740,14.2706,0.0189,6.3421,278.0961,0.2131,-0.0206,0.6911,0.3060,-0.0053,0.9359,12.3935,1.0000,0.0000,1,0,0,0,0,0.7202
21.9813,83.7996,0.0864,101.8163,14.6588,52.7715,14.6588,0.0130,6.0862,278.0003,-1.5024,-0.0303,0.6892,0.3060,-0.0458,-0.3201,19.6920,1.0000,0.0000,1,0,0,0,0,1.1908
22.0332,83.0394,0.0864,101.9234,14.9175,53.7030,14.9175,0.0332,4.9865,277.8732,-2.4495,-0.0401,0.6872,0.3060,-0.0694,-1.8197,28.8984,1.0000,0.0000,1,0,0,0,0,1.7749
22.0895,82.1966,0.0864,102.0408,15.3056,55.1002,15.3055,0.0707,6.8929,277.5868,-5.0867,-0.0479,0.6872,0.3060,-0.0979,-3.4379,28.7392,1.0000,0.0000,1,0,0,0,0,1.9485
22.1492,81.2822,0.0864,102.1655,15.6289,56.2640,15.6285,0.1039,5.4120,277.2781,-5.1675,-0.0557,0.6872,0.3060,-0.1189,-4.9822,25.8552,1.0000,0.0000,1,0,0,0,0,1.8232
22.2126,80.2885,0.0864,102.2966,16.0166,57.6597,16.0160,0.1433,6.1149,276.8336,-7.0107,-0.0616,0.6872,0.3060,-0.1391,-6.2469,19.9459,1.0000,0.0000,1,0,0,0,0,1.6318
22.2676,79.4066,0.0864,102.4081,16.3395,58.8222,16.3386,0.1734,5.8678,276.4152,-7.6029,-0.0636,0.6872,0.3060,-0.1495,-7.6305,25.1425,1.0000,0.0000,1,0,0,0,0,1.9784
22.3294,78.3950,0.0864,102.5296,16.6622,59.9841,16.6610,0.2016,5.2243,275.9594,-7.3785,-0.0694,0.6872,0.3060,-0.1608,-8.5207,14.4109,1.0000,0.0000,1,0,0,0,0,1.3920
22.3816,77.5227,0.0864,102.6281,16.9847,61.1449,16.9832,0.2284,6.1805,275.4672,-9.4336,-0.0714,0.6872,0.3060,-0.1700,-9.1847,12.7263,1.0000,0.0000,1,0,0,0,0,1.4329
22.4331,76.6453,0.0864,102.7209,17.3070,62.3050,17.3051,0.2526,6.2542,274.9478,-10.0815,-0.0714,0.6872,0.3060,-0.1748,-9.7471,10.9152,1.0000,0.0000,1,0,0,0,0,1.3854
22.4840,75.7632,0.0864,102.8075,17.5646,63.2326,17.5625,0.2694,5.0645,274.5201,-8.4055,-0.0714,0.6872,0.3060,-0.1766,-10.1228,7.3847,1.0000,0.0000,1,0,0,0,0,1.1073
22.5459,74.6687,0.0864,102.9053,17.9508,64.6230,17.9485,0.2910,6.2390,273.8619,-10.6322,-0.0733,0.6872,0.3060,-0.1797,-10.4017,4.5054,1.0000,0.0000,1,0,0,0,0,1.0841
22.6049,73.6047,0.0864,102.9898,18.2725,65.7809,18.2698,0.3128,5.4543,273.2793,-9.8796,-0.0831,0.6872,0.3060,-0.1922,-10.7435,5.7948,1.0000,0.0000,1,0,0,0,0,1.1276
22.6563,72.6594,0.0864,103.0560,18.5939,66.9380,18.5908,0.3408,6.2471,272.6472,-12.2861,-0.0851,0.6872,0.3060,-0.2035,-11.2618,10.0744,1.0000,0.0000,1,0,0,0,0,1.5172
22.7274,71.3260,0.0864,103.1342,18.9791,68.3248,18.9754,0.3746,5.4147,271.8444,-11.2849,-0.0870,0.6872,0.3060,-0.2113,-11.8445,8.1906,1.0000,0.0000,1,0,0,0,0,1.3780
22.7784,70.3526,0.0864,103.1798,19.2997,69.4791,19.2956,0.4022,6.2933,271.1412,-13.8017,-0.0890,0.6872,0.3060,-0.2176,-12.4454,11.7943,1.0000,0.0000,1,0,0,0,0,1.7346
22.8362,69.2296,0.0864,103.2197,19.6200,70.6321,19.6153,0.4295,5.5419,270.4096,-12.6581,-0.0909,0.6872,0.3060,-0.2232,-12.8509,7.0162,1.0000,0.0000,1,0,0,0,0,1.4214
22.8905,68.1565,0.0864,103.2449,19.9400,71.7840,19.9348,0.4544,5.8910,269.6572,-13.8536,-0.0909,0.6872,0.3060,-0.2255,-13.1457,5.4279,1.0000,0.0000,1,0,0,0,0,1.4130
22.9410,67.1510,0.0864,103.2569,19.9705,71.8939,19.9650,0.4697,0.6051,269.0473,-12.0877,-0.0909,0.6872,0.3001,-0.2264,-13.3330,3.7125,1.0000,0.0000,1,0,0,0,0,1.2306
23.0012,65.9491,0.0864,103.2560,19.8427,71.4336,19.8368,0.4828,-2.1225,268.1289,-15.2471,-0.0909,0.6872,0.1417,-0.2270,-13.4788,2.4210,1.0000,0.0000,1,0,0,0,0,1.3465
23.0520,64.9379,0.0864,103.2422,19.8781,71.5610,19.8722,0.4841,0.6967,267.5168,-12.0512,-0.0909,0.6872,-0.1926,-0.2272,-13.5467,1.3372,1.0000,0.0585,1,0,0,0,0,1.4014
23.1094,63.8451,0.0864,103.2133,17.9930,64.7747,17.9878,0.4325,-32.8360,266.7680,-13.0428,-0.0909,0.6892,-0.6716,-0.2272,-13.5946,0.8343,1.0000,0.3318,1,0,0,0,0,2.7905
23.1677,62.9494,0.0864,103.1772,12.5892,45.3211,12.5863,0.2717,-92.6984,265.9982,-13.2050,-0.0909,0.6970,-0.9140,-0.2273,-13.6160,0.3672,1.0000,0.6864,1,0,0,0,0,4.5098
23.2390,62.2377,0.0864,103.1381,7.4827,26.9378,7.4817,0.1253,-71.6285,265.4326,-7.9343,-0.0909,0.6989,-0.9727,-0.2273,-13.6277,0.1632,1.0000,0.8699,1,1,0,0,0,25.0508
23.2993,61.8891,0.0864,103.1141,4.2080,15.1489,4.2078,0.0465,-54.3161,265.0275,-6.7191,-0.0909,0.6989,-1.0000,-0.2273,-13.6347,0.1167,1.0000,0.9534,1,1,0,0,0,25.3123
23.3615,61.6778,0.0864,103.0971,2.6380,9.4967,2.6379,0.0174,-25.2409,264.7654,-4.2134,-0.0909,0.6989,-1.0000,-0.2273,-13.6370,0.0371,1.0000,0.9812,1,1,0,0,0,25.2415
23.4181,61.5586,0.0864,103.0865,1.7347,6.2450,1.7347,0.0051,-15.9569,264.5426,-3.9356,-0.0909,0.6989,-1.0000,-0.2273,-13.6383,0.0220,1.0000,0.9925,1,1,0,0,0,25.2266
23.4788,61.4733,0.0864,103.0782,1.1544,4.1559,1.1544,0.0001,-9.5612,264.3037,-3.9365,-0.0909,0.6989,-1.0000,-0.2273,-13.6388,0.0083,1.0000,0.9975,1,1,0,0,0,25.2077
23.5321,61.4183,0.0864,103.0725,0.9009,3.2432,0.9009,0.0015,-4.7510,264.1176,-3.4879,-0.0909,0.6989,-1.0000,-0.2273,-13.6390,0.0046,1.0000,0.9990,1,0,0,0,0,5.2133
23.5915,61.3692,0.0864,103.0672,0.7596,2.7347,0.7596,0.0019,-2.3795,263.9376,-3.0324,-0.0909,0.6989,-1.0000,-0.2273,-13.6392,0.0022,1.0000,0.9996,1,0,0,0,0,5.2044
23.6437,61.3318,0.0864,103.0630,0.6810,2.4517,0.6810,0.0021,-1.5068,263.7611,-3.3819,-0.0909,0.6989,-1.0000,-0.2273,-13.6392,0.0012,1.0000,0.9998,1,0,0,0,0,5.2331
23.7015,61.2940,0.0864,103.0586,0.6374,2.2947,0.6374,0.0021,-0.7547,263.5865,-3.0205,-0.0909,0.6989,-1.0000,-0.2273,-13.6392,0.0005,1.0000,0.9999,1,0,0,0,0,5.2180
23.7574,61.2592,0.0864,103.0544,0.6132,2.2075,0.6132,0.0022,-0.4326,263.4131,-3.0984,-0.0909,0.6989,-1.0000,-0.2273,-13.6393,0.0002,1.0000,1.0000,1,0,0,0,0,5.2251
23.8080,61.2287,0.0864,103.0507,0.6018,2.1663,0.6017,0.0022,-0.2262,263.2748,-2.7344,-0.0909,0.6989,-1.0000,-0.2273,-13.6393,0.0002,1.0000,1.0000,1,0,0,0,0,5.2061
23.8637,61.1958,0.0864,103.0466,0.5933,2.1360,0.5933,0.0022,-0.1513,263.1022,-3.0988,-0.0909,0.6989,-1.0000,-0.2273,-13.6393,0.0001,1.0000,1.0000,1,0,0,0,0,5.2273
23.9188,61.1635,0.0864,103.0424,0.5886,2.1190,0.5886,0.0022,-0.0858,262.9299,-3.1273,-0.0909,0.6989,-1.0000,-0.2273,-13.6393,0.0000,1.0000,1.0000,1,0,0,0,0,5.2294
23.9787,61.1287,0.0864,103.0378,0.5857,2.1084,0.5857,0.0022,-0.0487,262.7232,-3.4497,-0.0909,0.6989,-1.0000,-0.2273,-13.6393,0.0000,1.0000,1.0000,1,0,0,0,0,5.2478
24.0407,61.0927,0.0864,103.0329,0.5844,2.1039,0.5844,0.0022,-0.0204,262.5510,-2.7772,-0.0909,0.6989,-1.0000,-0.2273,-13.6393,0.0000,1.0000,1.0000,1,0,0,0,0,5.2104
24.1017,61.0575,0.0864,103.0280,0.5835,2.1008,0.5835,0.0022,-0.0143,262.3445,-3.3880,-0.0909,0.6989,-1.0000,-0.2273,-13.6393,0.0000,1.0000,1.0000,1,0,0,0,0,5.2446
24.1555,61.0264,0.0864,103.0236,0.5832,2.0995,0.5832,0.0022,-0.0064,262.1724,-3.1990,-0.0909,0.6989,-1.0000,-0.2273,-13.6393,0.0000,1.0000,1.0000,1,0,0,0,0,5.2342
24.2088,60.9956,0.0864,103.0192,0.5831,2.0991,0.5831,0.0022,-0.0020,262.0347,-2.5825,-0.0909,0.6989,-1.0000,-0.2273,-13.6393,0.0000,1.0000,1.0000,1,0,0,0,0,5.1997
24.2796,60.9548,0.0864,103.0131,0.5830,2.0986,0.5829,0.0022,-0.0020,261.7937,-3.4032,-0.0909,0.6989,-1.0000,-0.2273,-13.6393,0.0000,1.0000,1.0000,1,0,0,0,0,5.2455
24.3326,60.9243,0.0864,103.0085,0.5828,2.0981,0.5828,0.0022,-0.0029,261.6216,-3.2490,-0.0909,0.6989,-1.0000,-0.2273,-13.6393,0.0000,1.0000,1.0000,1,0,0,0,0,5.2370
24.3914,60.8904,0.0864,103.0032,0.5829,2.0983,0.5829,0.0022,0.0010,261.4495,-2.9267,-0.0909,0.6989,-1.0000,-0.2273,-13.6393,0.0000,1.0000,1.0000,1,0,0,0,0,5.2190
24.4540,60.8544,0.0864,102.9975,0.5828,2.0982,0.5828,0.0022,-0.0004,261.2429,-3.3009,-0.0909,0.6989,-1.0000,-0.2273,-13.6393,0.0000,1.0000,1.0000,1,0,0,0,0,5.2399
24.5133,60.8203,0.0864,102.9920,0.5838,2.1017,0.5838,0.0022,0.0164,261.0708,-2.9035,-0.0909,0.6989,-0.9609,-0.2273,-13.6393,0.0000,1.0000,0.9899,1,0,0,0,0,5.1673
24.5746,60.7846,0.0864,102.9861,0.5988,2.1558,0.5988,0.0022,0.2449,260.8988,-2.8032,-0.0890,0.6989,-0.7068,-0.2259,-13.6300,0.1520,1.0000,0.8917,1,0,0,0,0,4.6784
24.6360,60.7457,0.0864,102.9796,0.7040,2.5343,0.7040,0.0024,1.7131,260.6931,-3.3521,-0.0890,0.6989,-0.1222,-0.2237,-13.5510,1.2863,1.0000,0.4981,1,0,0,0,0,2.7984
24.6861,60.7070,0.0864,102.9730,0.8556,3.0800,0.8556,0.0024,3.0280,260.5535,-2.7868,-0.0890,0.6989,0.2356,-0.2231,-13.4787,1.4435,1.0000,0.2404,1,0,0,0,0,1.4795
24.7489,60.6440,0.0864,102.9621,1.1593,4.1734,1.1593,0.0022,4.8368,260.3369,-3.4508,-0.0890,0.6989,0.3001,-0.2227,-13.4205,0.9275,1.0000,0.0806,1,0,0,0,0,0.6747
24.8086,60.5664,0.0864,102.9485,1.5095,5.4342,1.5095,0.0014,5.8657,260.1086,-3.8237,-0.0890,0.6989,0.3060,-0.2225,-13.3830,0.6286,1.0000,0.0270,1,0,0,0,0,0.3968
24.8680,60.4701,0.0864,102.9314,1.8185,6.5467,1.8185,0.0004,5.1951,259.9084,-3.3638,-0.0890,0.6989,0.3060,-0.2225,-13.3659,0.2862,1.0000,0.0109,1,0,0,0,0,0.2601
24.9202,60.3695,0.0864,102.9133,2.1350,7.6859,2.1350,0.0011,6.0621,259.6989,-4.0140,-0.0890,0.6989,0.3060,-0.2225,-13.3573,0.1653,1.0000,0.0044,1,0,0,0,0,0.2617
24.9780,60.2404,0.0864,102.8896,2.4553,8.8390,2.4553,0.0029,5.5489,259.4798,-3.7957,-0.0890,0.6989,0.3060,-0.2224,-13.3515,0.0999,1.0000,0.0018,1,0,0,0,0,0.2428
25.0300,60.1080,0.0864,102.8650,2.7127,9.7659,2.7127,0.0046,4.9530,259.2977,-3.5042,-0.0890,0.6989,0.3060,-0.2224,-13.3492,0.0457,1.0000,0.0008,1,0,0,0,0,0.2268
25.0811,59.9628,0.0864,102.8374,3.0354,10.9274,3.0354,0.0069,6.3136,259.0612,-4.6269,-0.0890,0.6989,0.3060,-0.2224,-13.3478,0.0263,1.0000,0.0003,1,0,0,0,0,0.2944
25.1400,59.7772,0.0864,102.8015,3.3584,12.0904,3.3584,0.0096,5.4828,258.8150,-4.1783,-0.0890,0.6989,0.3060,-0.2224,-13.3471,0.0129,1.0000,0.0001,1,0,0,0,0,0.2763
25.1980,59.5752,0.0864,102.7616,3.7464,13.4870,3.7464,0.0131,6.6912,258.5068,-5.3160,-0.0890,0.6989,0.3060,-0.2224,-13.3467,0.0066,1.0000,0.0000,1,0,0,0,0,0.3482
25.2533,59.3647,0.0864,102.7191,4.0698,14.6512,4.0698,0.0163,5.8443,258.2393,-4.8351,-0.0890,0.6989,0.3060,-0.2224,-13.3465,0.0033,1.0000,0.0000,1,0,0,0,0,0.3290
25.3226,59.0767,0.0864,102.6595,4.4579,16.0483,4.4578,0.0205,5.6015,257.9054,-4.8187,-0.0890,0.6989,0.3060,-0.2224,-13.3464,0.0012,1.0000,0.0000,1,0,0,0,0,0.3369
25.3865,58.7870,0.0864,102.5980,4.8460,17.4455,4.8459,0.0251,6.0682,257.5576,-5.4391,-0.0890,0.6989,0.3060,-0.2224,-13.3463,0.0011,1.0000,0.0000,1,0,0,0,0,0.3800
25.4370,58.5421,0.0864,102.5448,5.1047,18.3768,5.1046,0.0284,5.1259,257.3179,-4.7490,-0.0890,0.6989,0.3060,-0.2224,-13.3463,0.0003,1.0000,0.0000,1,0,0,0,0,0.3473
25.4909,58.2649,0.0864,102.4832,5.4281,19.5410,5.4280,0.0327,6.0013,257.0096,-5.7216,-0.0890,0.6989,0.3060,-0.2224,-13.3463,0.0002,1.0000,0.0000,1,0,0,0,0,0.4082
25.5414,57.9905,0.0864,102.4209,5.7513,20.7048,5.7512,0.0372,6.4039,256.6915,-6.3004,-0.0890,0.6989,0.2825,-0.2224,-13.3463,0.0001,1.0000,0.0000,1,0,0,0,0,0.4470
25.6022,57.6409,0.0864,102.3396,6.0748,21.8692,6.0746,0.0420,5.3156,256.3638,-5.3855,-0.0890,0.7009,0.2629,-0.2224,-13.3463,0.0000,1.0000,0.0000,1,0,0,0,0,0.4029
25.6634,57.2689,0.0864,102.2508,6.4627,23.2659,6.4626,0.0479,6.3411,255.9584,-6.6266,-0.0870,0.7009,0.2629,-0.2210,-13.3463,0.0000,1.0000,0.0000,1,0,0,0,0,0.4794
25.7181,56.9186,0.0864,102.1651,6.7214,24.1969,6.7212,0.0519,4.7274,255.6832,-5.0297,-0.0851,0.7009,0.2629,-0.2186,-13.2785,1.2391,1.0000,0.0000,1,0,0,0,0,0.4642
25.7700,56.5713,0.0864,102.0780,7.0447,25.3609,7.0445,0.0566,6.2329,255.3359,-6.6945,-0.0851,0.7009,0.2629,-0.2152,-13.1419,2.6340,1.0000,0.0000,1,0,0,0,0,0.6388
25.8383,56.0925,0.0864,101.9548,7.3736,26.5449,7.3733,0.0620,4.8163,254.9112,-6.2196,-0.0851,0.7009,-0.1535,-0.2136,-13.0077,1.9653,1.0000,0.0469,1,0,0,0,0,0.8151
25.8923,55.7180,0.0864,101.8559,6.8255,24.5718,6.8253,0.0580,-10.1363,254.5576,-6.5391,-0.0851,0.7009,-0.5855,-0.2131,-12.8734,2.4839,1.0000,0.3278,1,0,0,0,0,2.2676
25.9461,55.3954,0.0864,101.7686,5.6009,20.1633,5.6008,0.0443,-22.7881,254.2300,-6.0970,-0.0851,0.7009,-0.6325,-0.2128,-12.8250,0.8993,1.0000,0.5013,1,0,0,0,0,3.0138
25.9967,55.1504,0.0864,101.7007,4.3235,15.5646,4.3234,0.0288,-25.2296,253.9397,-5.7325,-0.0831,0.7009,-0.7498,-0.2113,-12.7927,0.6393,1.0000,0.6179,1,0,0,0,0,3.5433
26.0516,54.9480,0.0864,101.6433,3.3540,12.0746,3.3540,0.0179,-17.6483,253.7355,-3.7178,-0.0831,0.7009,-0.9101,-0.2096,-12.7115,1.4772,1.0000,0.7509,1,1,0,0,0,24.1229
26.1084,54.8003,0.0864,101.6004,2.1757,7.8324,2.1757,0.0064,-20.7610,253.4693,-4.6896,-0.0831,0.7028,-0.9629,-0.2084,-12.6177,1.6527,1.0000,0.8838,1,1,0,0,0,24.8153
26.1605,54.7053,0.0864,101.5722,1.6395,5.9023,1.6395,0.0022,-10.2839,253.3120,-3.0170,-0.0812,0.7028,-0.9785,-0.2074,-12.5610,1.0885,1.0000,0.9299,1,1,0,0,0,24.8977
26.2222,54.6255,0.0864,101.5481,1.1340,4.0824,1.1340,0.0008,-8.2032,253.0974,-3.4829,-0.0812,0.7028,-1.0000,-0.2045,-12.4472,1.8458,1.0000,0.9720,1,1,0,0,0,25.1672
26.2789,54.5708,0.0864,101.5312,0.8963,3.2266,0.8963,0.0018,-4.1900,252.9302,-2.9476,-0.0812,0.7028,-1.0000,-0.2036,-12.3360,1.9601,1.0000,0.9887,1,0,0,0,0,5.2458
26.3474,54.5179,0.0864,101.5147,0.7400,2.6640,0.7400,0.0021,-2.2813,252.7368,-2.8217,-0.0812,0.7028,-1.0000,-0.2032,-12.2707,0.9537,1.0000,0.9962,1,0,0,0,0,5.2341
26.3994,54.4832,0.0864,101.5036,0.6708,2.4147,0.6708,0.0022,-1.3318,252.5791,-3.0339,-0.0812,0.7028,-1.0000,-0.2030,-12.2207,0.9606,1.0000,0.9985,1,0,0,0,0,5.2643
26.4505,54.4514,0.0864,101.4934,0.6380,2.2969,0.6380,0.0023,-0.6408,252.4541,-2.4490,-0.0812,0.7028,-1.0000,-0.2030,-12.2017,0.3728,1.0000,0.9993,1,0,0,0,0,5.2062
26.5069,54.4180,0.0864,101.4826,0.6101,2.1965,0.6101,0.0023,-0.4945,252.2695,-3.2711,-0.0792,0.7028,-1.0000,-0.1998,-12.1373,1.1408,1.0000,0.9998,1,0,0,0,0,5.3003
26.5622,54.3862,0.0864,101.4722,0.5999,2.1596,0.5999,0.0023,-0.1849,252.1478,-2.1993,-0.0792,0.7028,-1.0000,-0.1989,-12.0451,1.6669,1.0000,0.9999,1,0,0,0,0,5.2716
26.6172,54.3552,0.0864,101.4619,0.5924,2.1326,0.5924,0.0023,-0.1368,251.9965,-2.7520,-0.0792,0.7028,-1.0000,-0.1983,-11.9754,1.2678,1.0000,1.0000,1,0,0,0,0,5.2814
26.6783,54.3210,0.0864,101.4505,0.5894,2.1220,0.5894,0.0023,-0.0482,251.8164,-2.9475,-0.0772,0.7028,-0.9472,-0.1957,-11.9072,1.1160,1.0000,0.9838,1,0,0,0,0,5.2041
26.7288,54.2926,0.0864,101.4409,0.6082,2.1896,0.6082,0.0024,0.3721,251.6680,-2.9380,-0.0772,0.7028,-0.6696,-0.1942,-11.8019,2.0859,1.0000,0.8636,1,0,0,0,0,4.6557
26.7819,54.2606,0.0864,101.4301,0.6739,2.4261,0.6739,0.0025,1.2365,251.5491,-2.2395,-0.0772,0.7028,-0.1574,-0.1936,-11.7225,1.4945,1.0000,0.5782,1,0,0,0,0,3.1535
26.8385,54.2194,0.0864,101.4160,0.8558,3.0808,0.8558,0.0026,3.2164,251.3978,-2.6758,-0.0772,0.7028,0.1828,-0.1933,-11.6609,1.0895,1.0000,0.2360,1,0,0,0,0,1.4354
26.8961,54.1649,0.0864,101.3973,1.1610,4.1795,1.1610,0.0026,5.2967,251.2090,-3.2765,-0.0772,0.7028,0.2903,-0.1932,-11.6253,0.6183,1.0000,0.0791,1,0,0,0,0,0.6451
26.9572,54.0901,0.0864,101.3715,1.4514,5.2252,1.4514,0.0021,4.7569,251.0439,-2.7031,-0.0772,0.7028,0.3001,-0.1931,-11.6059,0.3163,1.0000,0.0318,1,0,0,0,0,0.3486
27.0118,54.0072,0.0864,101.3427,1.7585,6.3307,1.7585,0.0013,5.6179,250.8710,-3.1623,-0.0772,0.7028,0.3001,-0.1931,-11.5949,0.2016,1.0000,0.0128,1,0,0,0,0,0.2621
27.0736,53.8946,0.0864,101.3033,2.1377,7.6959,2.1377,0.0001,6.1419,250.6530,-3.5321,-0.0772,0.7028,0.3021,-0.1931,-11.5892,0.0929,1.0000,0.0043,1,0,0,0,0,0.2234
27.1364,53.7587,0.0864,101.2553,2.4580,8.8487,2.4580,0.0016,5.0926,250.4621,-3.0362,-0.0772,0.7028,0.3021,-0.1931,-11.5864,0.0439,1.0000,0.0017,1,0,0,0,0,0.1896
27.1979,53.6052,0.0864,101.2005,2.8445,10.2403,2.8445,0.0038,6.2886,250.2220,-3.9057,-0.0772,0.7028,0.3021,-0.1931,-11.5851,0.0212,1.0000,0.0006,1,0,0,0,0,0.2410
27.2565,53.4399,0.0864,101.1409,3.1673,11.4024,3.1673,0.0059,5.5090,250.0127,-3.5718,-0.0772,0.7028,0.2532,-0.1931,-11.5845,0.0113,1.0000,0.0002,1,0,0,0,0,0.2282
27.3176,53.2476,0.0864,101.0709,3.5501,12.7803,3.5501,0.0087,6.2608,249.7504,-4.2905,-0.0772,0.7028,-0.0284,-0.1931,-11.5842,0.0046,1.0000,0.0087,1,0,0,0,0,0.3191
27.3757,53.0513,0.0864,100.9986,3.5828,12.8982,3.5828,0.0102,0.5642,249.5247,-3.8876,-0.0772,0.7028,-0.4878,-0.1931,-11.5840,0.0022,1.0000,0.2482,1,0,0,0,0,1.4997
27.4367,52.8608,0.0864,100.9276,3.0083,10.8300,3.0083,0.0082,-9.4166,249.3044,-3.6116,-0.0772,0.7048,-0.9218,-0.1931,-11.5840,0.0015,1.0000,0.6183,1,0,0,0,0,3.3330
27.4954,52.7212,0.0864,100.8749,2.0682,7.4456,2.0682,0.0033,-16.0177,249.0652,-4.0754,-0.0753,0.7048,-0.9863,-0.1917,-11.5791,0.0832,1.0000,0.8534,1,1,0,0,0,24.5221
27.5498,52.6292,0.0864,100.8396,1.5768,5.6766,1.5768,0.0008,-9.0358,248.9226,-2.6218,-0.0753,0.7048,-1.0000,-0.1900,-11.5141,1.1948,1.0000,0.9280,1,1,0,0,0,24.8596
27.6065,52.5600,0.0864,100.8127,1.0996,3.9585,1.0996,0.0013,-8.4196,248.7281,-3.4316,-0.0733,0.7048,-1.0000,-0.1857,-11.3797,2.3706,1.0000,0.9759,1,1,0,0,0,25.2197
27.6590,52.5110,0.0864,100.7934,0.9115,3.2813,0.9115,0.0019,-3.5790,248.6065,-2.3123,-0.0733,0.7048,-1.0000,-0.1845,-11.2422,2.6173,1.0000,0.9883,1,0,0,0,0,5.2470
27.7215,52.4636,0.0864,100.7745,0.7476,2.6915,0.7476,0.0023,-2.6216,248.4307,-2.8136,-0.0733,0.7048,-1.0000,-0.1837,-11.1372,1.6802,1.0000,0.9961,1,0,0,0,0,5.2753
27.7824,52.4237,0.0864,100.7584,0.6750,2.4301,0.6750,0.0023,-1.1925,248.2874,-2.3531,-0.0733,0.7048,-1.0000,-0.1835,-11.0708,1.0900,1.0000,0.9984,1,0,0,0,0,5.2352
27.8434,52.3872,0.0864,100.7435,0.6286,2.2630,0.6286,0.0024,-0.7613,248.1175,-2.7878,-0.0733,0.7048,-1.0000,-0.1834,-11.0356,0.5772,1.0000,0.9995,1,0,0,0,0,5.2407
27.8989,52.3554,0.0864,100.7305,0.6083,2.1900,0.6083,0.0024,-0.3655,247.9767,-2.5357,-0.0733,0.7048,-1.0000,-0.1833,-11.0165,0.3434,1.0000,0.9998,1,0,0,0,0,5.2174
27.9649,52.3188,0.0864,100.7153,0.5954,2.1435,0.5954,0.0024,-0.1956,247.8083,-2.5512,-0.0733,0.7048,-1.0000,-0.1833,-11.0073,0.1397,1.0000,0.9999,1,0,0,0,0,5.2089
28.0232,52.2869,0.0864,100.7021,0.5898,2.1234,0.5898,0.0024,-0.0955,247.6682,-2.4010,-0.0733,0.7048,-1.0000,-0.1833,-11.0026,0.0811,1.0000,1.0000,1,0,0,0,0,5.1981
28.0805,52.2558,0.0864,100.6890,0.5867,2.1121,0.5867,0.0024,-0.0550,247.5284,-2.4443,-0.0733,0.7048,-1.0000,-0.1833,-11.0001,0.0435,1.0000,1.0000,1,0,0,0,0,5.1988
28.1426,52.2223,0.0864,100.6749,0.5847,2.1049,0.5847,0.0024,-0.0321,247.3607,-2.7002,-0.0733,0.7048,-1.0000,-0.1833,-10.9989,0.0185,1.0000,1.0000,1,0,0,0,0,5.2120
28.1997,52.1916,0.0864,100.6618,0.5877,2.1157,0.5877,0.0024,0.0522,247.2210,-2.4461,-0.0733,0.7048,-0.8377,-0.1833,-10.9984,0.0094,1.0000,0.9601,1,0,0,0,0,4.9975
28.2570,52.1592,0.0864,100.6479,0.6580,2.3688,0.6580,0.0025,1.2255,247.0807,-2.4457,-0.0733,0.7048,-0.0049,-0.1833,-10.9982,0.0041,1.0000,0.5677,1,0,0,0,0,3.0324
28.3229,52.1126,0.0864,100.6278,0.8937,3.2173,0.8937,0.0028,3.5807,246.9081,-2.6217,-0.0733,0.7048,0.2610,-0.1833,-10.9981,0.0017,1.0000,0.1904,1,0,0,0,0,1.1438
28.3790,52.0596,0.0864,100.6048,1.1554,4.1596,1.1554,0.0027,4.6619,246.7581,-2.6710,-0.0733,0.7048,0.3001,-0.1833,-10.9980,0.0011,1.0000,0.0766,1,0,0,0,0,0.5662
28.4303,51.9984,0.0864,100.5783,1.4471,5.2095,1.4471,0.0023,5.6821,246.6012,-3.0566,-0.0733,0.7048,0.3001,-0.1833,-10.9980,0.0005,1.0000,0.0308,1,0,0,0,0,0.3477
28.4959,51.9015,0.0864,100.5359,1.8174,6.5426,1.8174,0.0014,5.6523,246.4032,-3.0223,-0.0733,0.7048,0.3001,-0.1833,-10.9980,0.0002,1.0000,0.0103,1,0,0,0,0,0.2310
28.5527,51.7995,0.0864,100.4910,2.1343,7.6834,2.1343,0.0003,5.5739,246.2298,-3.0507,-0.0733,0.7048,0.3021,-0.1833,-10.9980,0.0001,1.0000,0.0042,1,0,0,0,0,0.1922
28.6107,51.6781,0.0864,100.4373,2.4546,8.8366,2.4546,0.0011,5.5273,246.0484,-3.1288,-0.0733,0.7048,0.3021,-0.1833,-10.9980,0.0000,1.0000,0.0017,1,0,0,0,0,0.1892
28.6682,51.5402,0.0864,100.3758,2.7767,9.9961,2.7767,0.0028,5.5947,245.8591,-3.2888,-0.0733,0.7048,0.3021,-0.1833,-10.9980,0.0000,1.0000,0.0007,1,0,0,0,0,0.2014
28.7263,51.3834,0.0864,100.3053,3.0994,11.1580,3.0994,0.0048,5.5541,245.6618,-3.3963,-0.0733,0.7048,0.3021,-0.1833,-10.9980,0.0000,1.0000,0.0003,1,0,0,0,0,0.2133
28.7764,51.2339,0.0864,100.2376,3.4226,12.3215,3.4226,0.0070,6.4532,245.4565,-4.0990,-0.0733,0.7048,0.3021,-0.1833,-10.9980,0.0000,1.0000,0.0001,1,0,0,0,0,0.2588
28.8288,51.0637,0.0864,100.1599,3.7460,13.4854,3.7459,0.0094,6.1728,245.2431,-4.0739,-0.0733,0.7048,0.3021,-0.1833,-10.9980,0.0000,1.0000,0.0000,1,0,0,0,0,0.2640
28.8813,50.8789,0.0864,100.0748,4.0047,14.4169,4.0047,0.0115,4.9327,245.0666,-3.3652,-0.0733,0.7048,0.3021,-0.1833,-10.9980,0.0000,1.0000,0.0000,1,0,0,0,0,0.2302
28.9327,50.6836,0.0864,99.9842,4.3281,15.5812,4.3281,0.0143,6.2836,244.8389,-4.4248,-0.0733,0.7048,0.3021,-0.1833,-10.9980,0.0000,1.0000,0.0000,1,0,0,0,0,0.2954
28.9862,50.4661,0.0864,99.8823,4.6515,16.7453,4.6515,0.0173,6.0429,244.6031,-4.4049,-0.0733,0.7048,0.3021,-0.1833,-10.9980,0.0000,1.0000,0.0000,1,0,0,0,0,0.3006
29.0456,50.2079,0.0864,99.7602,4.9749,17.9097,4.9749,0.0206,5.4527,244.3594,-4.1098,-0.0733,0.7048,0.3021,-0.1833,-10.9980,0.0000,1.0000,0.0000,1,0,0,0,0,0.2904
29.1035,49.9382,0.0864,99.6313,5.2983,19.0739,5.2983,0.0240,5.5789,244.1077,-4.3422,-0.0733,0.7048,0.3021,-0.1833,-10.9980,0.0000,1.0000,0.0000,1,0,0,0,0,0.3093
29.1580,49.6692,0.0864,99.5014,5.6217,20.2382,5.6216,0.0277,5.9395,243.8478,-4.7719,-0.0733,0.7048,0.3021,-0.1833,-10.9980,0.0000,1.0000,0.0000,1,0,0,0,0,0.3390
29.2095,49.4008,0.0864,99.3704,5.9451,21.4023,5.9450,0.0315,6.2728,243.5801,-5.1930,-0.0733,0.7048,0.3021,-0.1833,-10.9980,0.0000,1.0000,0.0000,1,0,0,0,0,0.3679
29.2620,49.1138,0.0864,99.2288,6.2685,22.5665,6.2684,0.0355,6.1618,243.3044,-5.2541,-0.0733,0.7048,0.3021,-0.1833,-10.9980,0.0000,1.0000,0.0000,1,0,0,0,0,0.3768
29.3199,48.7815,0.0864,99.0631,6.5918,23.7307,6.5917,0.0398,5.5899,243.0205,-4.9060,-0.0733,0.7048,0.3021,-0.1833,-10.9980,0.0000,1.0000,0.0000,1,0,0,0,0,0.3630
29.3715,48.4709,0.0864,98.9065,6.9152,24.8946,6.9150,0.0442,6.2623,242.7286,-5.6543,-0.0733,0.7048,0.3021,-0.1833,-10.9980,0.0000,1.0000,0.0000,1,0,0,0,0,0.4099
29.4311,48.0957,0.0864,98.7149,7.2386,26.0588,7.2384,0.0489,5.4209,242.4286,-5.0286,-0.0733,0.7048,0.2942,-0.1833,-10.9980,0.0000,1.0000,0.0000,1,0,0,0,0,0.3806
29.4816,47.7645,0.0864,98.5438,7.5619,27.2227,7.5617,0.0536,6.4021,242.1207,-6.0970,-0.0733,0.7048,0.0303,-0.1833,-10.9980,0.0000,1.0000,0.0000,1,0,0,0,0,0.4451
29.5450,47.3401,0.0864,98.3217,7.4007,26.6425,7.4005,0.0545,-2.5453,241.8074,-4.9492,-0.0733,0.7048,-0.5543,-0.1833,-10.9980,0.0000,1.0000,0.2320,1,0,0,0,0,1.5454
29.6024,46.9993,0.0864,98.1409,6.0325,21.7169,6.0323,0.0426,-23.8109,241.5103,-5.1701,-0.0733,0.7048,-0.8905,-0.1833,-10.9980,0.0000,1.0000,0.5793,1,0,0,0,0,3.2896
29.6644,46.7330,0.0864,97.9975,3.9011,14.0438,3.9010,0.0214,-34.3636,241.2076,-4.8799,-0.0733,0.7068,-0.9824,-0.1833,-10.9980,0.0000,1.0000,0.8370,1,1,0,0,0,24.5385
29.7171,46.5836,0.0864,97.9159,2.5692,9.2492,2.5692,0.0089,-25.3041,241.0000,-3.9451,-0.0733,0.7068,-0.9980,-0.1833,-10.9980,0.0000,1.0000,0.9314,1,1,0,0,0,24.9283
29.7746,46.4755,0.0864,97.8561,1.7255,6.2116,1.7255,0.0023,-14.6618,240.8203,-3.1229,-0.0733,0.7068,-0.9980,-0.1833,-10.9980,0.0000,1.0000,0.9712,1,1,0,0,0,25.0495
29.8338,46.4007,0.0864,97.8142,1.2289,4.4239,1.2289,0.0007,-8.3981,240.6577,-2.7498,-0.0733,0.7068,-0.9980,-0.1833,-10.9980,0.0000,1.0000,0.9873,1,1,0,0,0,25.0971
29.8975,46.3429,0.0864,97.7813,0.9059,3.2613,0.9059,0.0019,-5.0674,240.4753,-2.8624,-0.0733,0.7068,-0.9980,-0.1833,-10.9980,0.0000,1.0000,0.9944,1,0,0,0,0,5.1628
29.9506,46.3046,0.0864,97.7594,0.7637,2.7495,0.7637,0.0022,-2.6770,240.3290,-2.7532,-0.0733,0.7068,-0.9980,-0.1833,-10.9980,0.0000,1.0000,0.9966,1,0,0,0,0,5.1797
30.0078,46.2687,0.0864,97.7386,0.6842,2.4630,0.6842,0.0023,-1.3902,240.1856,-2.5062,-0.0733,0.7068,-0.9980,-0.1833,-10.9980,0.0000,1.0000,0.9975,1,0,0,0,0,5.1776
30.0601,46.2388,0.0864,97.7212,0.6398,2.3032,0.6398,0.0024,-0.8492,240.0438,-2.7119,-0.0733,0.7068,-0.9980,-0.1833,-10.9980,0.0000,1.0000,0.9978,1,0,0,0,0,5.1951
30.1166,46.2082,0.0864,97.7033,0.6150,2.2142,0.6150,0.0024,-0.4377,239.9029,-2.4941,-0.0733,0.7068,-0.9980,-0.1833,-10.9980,0.0000,1.0000,0.9980,1,0,0,0,0,5.1862
30.1722,46.1791,0.0864,97.6861,0.6012,2.1643,0.6012,0.0024,-0.2487,239.7624,-2.5260,-0.0733,0.7068,-0.9980,-0.1833,-10.9980,0.0000,1.0000,0.9980,1,0,0,0,0,5.1897
30.2271,46.1509,0.0864,97.6694,0.5936,2.1370,0.5936,0.0024,-0.1387,239.6223,-2.5562,-0.0733,0.7068,-0.9980,-0.1833,-10.9980,0.0000,1.0000,0.9980,1,0,0,0,0,5.1922
30.2821,46.1229,0.0864,97.6528,0.5893,2.1214,0.5893,0.0024,-0.0784,239.4822,-2.5452,-0.0733,0.7068,-0.9980,-0.1833,-10.9980,0.0000,1.0000,0.9980,1,0,0,0,0,5.1921
30.3435,46.0920,0.0864,97.6342,0.5870,2.1130,0.5870,0.0024,-0.0380,239.3423,-2.2799,-0.0733,0.7068,-0.9980,-0.1833,-10.9980,0.0000,1.0000,0.9980,1,0,0,0,0,5.1775
30.3938,46.0667,0.0864,97.6190,0.5856,2.1080,0.5856,0.0024,-0.0277,239.2024,-2.7808,-0.0733,0.7068,-0.9980,-0.1833,-10.9980,0.0000,1.0000,0.9980,1,0,0,0,0,5.2056
30.4575,46.0349,0.0864,97.5997,0.5849,2.1058,0.5849,0.0024,-0.0099,239.0625,-2.1952,-0.0733,0.7068,-0.9980,-0.1833,-10.9980,0.0000,1.0000,0.9980,1,0,0,0,0,5.1730
30.5176,46.0048,0.0864,97.5813,0.5844,2.1037,0.5844,0.0024,-0.0094,238.8946,-2.7905,-0.0733,0.7068,-0.9980,-0.1833,-10.9980,0.0000,1.0000,0.9980,1,0,0,0,0,5.2063
30.5742,45.9767,0.0864,97.5640,0.5841,2.1028,0.5841,0.0024,-0.0047,238.7548,-2.4717,-0.0733,0.7068,-0.9922,-0.1833,-10.9980,0.0000,1.0000,0.9978,1,0,0,0,0,5.1871
30.6305,45.9486,0.0864,97.5467,0.5937,2.1374,0.5937,0.0024,0.1710,238.6149,-2.4858,-0.0733,0.7068,-0.7771,-0.1833,-10.9980,0.0000,1.0000,0.9217,1,0,0,0,0,4.8069
30.6848,45.9196,0.0864,97.5288,0.6831,2.4593,0.6831,0.0026,1.6462,238.4741,-2.5910,-0.0733,0.7068,0.0596,-0.1833,-10.9980,0.0000,1.0000,0.4911,1,0,0,0,0,2.6556
30.7359,45.8865,0.0864,97.5081,0.8390,3.0205,0.8390,0.0027,3.0549,238.3592,-2.2516,-0.0733,0.7068,0.2649,-0.1833,-10.9980,0.0000,1.0000,0.2370,1,0,0,0,0,1.3588
30.7890,45.8423,0.0864,97.4806,1.0902,3.9249,1.0902,0.0027,4.7282,238.2106,-2.7985,-0.0733,0.7068,0.3099,-0.1833,-10.9980,0.0000,1.0000,0.0953,1,0,0,0,0,0.6697
30.8412,45.7874,0.0864,97.4462,1.3762,4.9544,1.3762,0.0024,5.4743,238.0554,-2.9705,-0.0733,0.7068,0.3138,-0.1833,-10.9980,0.0000,1.0000,0.0384,1,0,0,0,0,0.3831
30.8991,45.7124,0.0864,97.3990,1.6809,6.0511,1.6809,0.0018,5.2687,237.8929,-2.8090,-0.0733,0.7068,0.3138,-0.1833,-10.9980,0.0000,1.0000,0.0154,1,0,0,0,0,0.2489
30.9537,45.6270,0.0864,97.3451,1.9952,7.1827,1.9952,0.0008,5.7530,237.7228,-3.1132,-0.0733,0.7068,0.3138,-0.1833,-10.9980,0.0000,1.0000,0.0062,1,0,0,0,0,0.2099
31.0096,45.5250,0.0864,97.2803,2.3143,8.3314,2.3143,0.0005,5.7099,237.5449,-3.1845,-0.0733,0.6794,0.3138,-0.1833,-10.9980,0.0000,1.0000,0.0025,1,0,0,0,0,0.1927
31.0608,45.4183,0.0864,97.2122,2.6359,9.4891,2.6359,0.0021,6.2817,237.3590,-3.6303,-0.0733,0.6208,0.3138,-0.1833,-10.9980,0.0000,1.0000,0.0010,1,0,0,0,0,0.2184
31.1115,45.3002,0.0864,97.1364,2.8892,10.4013,2.8892,0.0035,4.9943,237.2051,-3.0347,-0.0733,0.5503,0.3138,-0.1833,-10.9980,0.0000,0.9849,0.0005,1,0,0,0,0,0.1892
31.1696,45.1518,0.0864,97.0406,3.1674,11.4027,3.1674,0.0052,4.7924,236.9767,-3.9349,-0.0733,0.4252,0.3138,-0.1833,-10.9980,0.0000,0.8599,0.0002,1,0,0,0,0,0.2439
31.2202,45.0155,0.0864,96.9520,3.2394,11.6617,3.2394,0.0057,1.4197,236.8331,-2.8327,-0.0733,0.3353,0.3138,-0.1833,-10.9980,0.0000,0.7464,0.0001,1,0,0,0,0,0.1841
31.2749,44.8681,0.0864,96.8556,3.1793,11.4453,3.1793,0.0053,-1.0996,236.6693,-2.9978,-0.0733,0.2493,0.3138,-0.1833,-10.9980,0.0000,0.5933,0.0000,1,0,0,0,0,0.1915
31.3308,44.7243,0.0864,96.7610,2.9571,10.6456,2.9571,0.0038,-3.9710,236.5261,-2.5589,-0.0733,0.1789,0.3138,-0.1833,-10.9980,0.0000,0.4525,0.0000,1,0,0,0,0,0.1616
31.3848,44.5993,0.0864,96.6783,2.5838,9.3017,2.5838,0.0017,-6.9242,236.4063,-2.2213,-0.0733,0.1085,0.3138,-0.1833,-10.9980,0.0000,0.3199,0.0000,1,0,0,0,0,0.1330
31.4369,44.4968,0.0864,96.6100,2.0713,7.4567,2.0713,0.0008,-9.8184,236.3123,-1.8019,-0.0733,0.0557,0.3138,-0.1833,-10.9980,0.0000,0.2014,0.0000,1,0,0,0,0,0.1062
31.4893,44.4174,0.0864,96.5568,1.5723,5.6602,1.5723,0.0026,-9.5335,236.2566,-1.0634,-0.0733,0.0147,0.3138,-0.1833,-10.9980,0.0000,0.1173,0.0000,1,0,0,0,0,0.0842
31.5440,44.3640,0.0864,96.5208,0.8722,3.1401,0.8722,0.0040,-12.7892,236.2099,-0.8536,-0.0733,-0.0322,0.3138,-0.1833,-10.9980,0.0000,0.0574,0.0000,1,0,0,0,0,0.1160
31.6008,44.3429,0.0864,96.5063,0.1280,0.4610,0.1280,0.0025,-13.1139,236.1856,-0.4275,-0.0733,-0.0518,0.3138,-0.1833,-10.9980,0.0000,0.0281,0.0000,1,0,0,0,0,0.0238
31.6530,44.3428,0.0864,96.5062,0.0001,0.0002,0.0000,0.0001,-2.4511,236.1806,-0.0959,-0.0733,-0.0557,0.3138,-0.1833,-10.9980,0.0000,0.0137,0.0000,1,0,0,0,0,0.0053
31.7116,44.3428,0.0864,96.5062,0.0000,0.0000,0.0000,0.0000,-0.0009,236.1794,-0.0219,-0.0733,-0.0577,0.3138,-0.1833,-10.9980,0.0000,0.0067,0.0000,1,0,0,0,0,0.0012
31.7627,44.3428,0.0864,96.5062,0.0000,0.0001,0.0000,0.0000,0.0005,236.1790,-0.0078,-0.0733,-0.0577,0.3138,-0.1833,-10.9980,0.0000,0.0033,0.0000,1,0,0,0,0,0.0004
31.8135,44.3428,0.0864,96.5062,0.0000,0.0001,0.0000,0.0000,0.0003,236.1788,-0.0030,-0.0733,-0.0577,0.3138,-0.1833,-10.9980,0.0000,0.0016,0.0000,1,0,0,0,0,0.0002
31.8752,44.3428,0.0864,96.5062,0.0000,0.0002,0.0000,0.0000,0.0001,236.1788,0.0005,-0.0733,-0.0596,0.3138,-0.1833,-10.9980,0.0000,0.0008,0.0000,1,0,0,0,0,0.0000
31.9264,44.3428,0.0864,96.5062,0.0000,0.0002,0.0000,0.0000,0.0001,236.1788,0.0000,-0.0733,-0.0596,0.3138,-0.1833,-10.9980,0.0000,0.0004,0.0000,1,0,0,0,0,0.0000
32.0014,44.3428,0.0864,96.5062,0.0001,0.0002,0.0000,0.0000,0.0000,236.1791,0.0041,-0.0714,-0.0596,0.3138,-0.1802,-10.9683,0.3949,0.0001,0.0000,1,0,0,0,0,0.0222
32.0589,44.3428,0.0864,96.5062,0.0001,0.0002,0.0000,0.0000,0.0000,236.1794,0.0040,-0.0714,-0.0596,0.3138,-0.1792,-10.8637,1.8212,0.0001,0.0000,1,0,0,0,0,0.1014
32.1234,44.3428,0.0864,96.5062,0.0001,0.0002,0.0000,0.0000,0.0000,236.1797,0.0045,-0.0714,-0.0596,0.3138,-0.1787,-10.7887,1.1627,0.0000,0.0000,1,0,0,0,0,0.0648
32.1801,44.3428,0.0864,96.5062,0.0001,0.0002,0.0000,0.0000,0.0000,236.1798,0.0032,-0.0714,-0.0596,0.3138,-0.1785,-10.7488,0.7020,0.0000,0.0000,1,0,0,0,0,0.0392
32.2349,44.3428,0.0864,96.5062,0.0001,0.0002,0.0000,0.0000,0.0000,236.1798,0.0000,-0.0714,-0.0596,0.3138,-0.1785,-10.7288,0.3666,0.0000,0.0000,1,0,0,0,0,0.0204
32.2858,44.3428,0.0864,96.5062,0.0001,0.0002,0.0000,0.0000,0.0000,236.1798,0.0000,-0.0714,-0.0596,0.3138,-0.1784,-10.7191,0.1906,0.0000,0.0000,1,0,0,0,0,0.0106
32.3397,44.3428,0.0864,96.5062,0.0001,0.0002,0.0000,0.0000,0.0000,236.1798,0.0000,-0.0714,-0.0596,0.3138,-0.1784,-10.7125,0.1212,0.0000,0.0000,1,0,0,0,0,0.0067
32.4012,44.3428,0.0864,96.5062,0.0001,0.0002,0.0000,0.0000,0.0000,236.1798,0.0000,-0.0714,-0.0596,0.3138,-0.1784,-10.7085,0.0651,0.0000,0.0000,1,0,0,0,0,0.0036
32.4513,44.3428,0.0864,96.5062,0.0001,0.0002,0.0000,0.0000,0.0000,236.1798,0.0000,-0.0714,-0.0596,0.3138,-0.1784,-10.7070,0.0309,0.0000,0.0000,1,0,0,0,0,0.0017
32.5117,44.3428,0.0864,96.5062,0.0001,0.0002,0.0000,0.0000,0.0000,236.1798,0.0000,-0.0714,-0.0596,0.3138,-0.1784,-10.7061,0.0153,0.0000,0.0000,1,0,0,0,0,0.0008
32.5743,44.3428,0.0864,96.5062,0.0001,0.0002,0.0000,0.0000,0.0000,236.1798,0.0000,-0.0694,-0.0596,0.3138,-0.1753,-10.6465,0.9525,0.0000,0.0000,1,0,0,0,0,0.0529
32.6281,44.3428,0.0864,96.5062,0.0001,0.0002,0.0000,0.0000,0.0000,236.1798,0.0000,-0.0694,-0.0596,0.3138,-0.1743,-10.5620,1.5674,0.0000,0.0000,1,0,0,0,0,0.0871
32.6875,44.3428,0.0864,96.5062,0.0001,0.0002,0.0000,0.0000,0.0000,236.1798,0.0000,-0.0694,-0.0596,0.3138,-0.1739,-10.5027,0.9994,0.0000,0.0000,1,0,0,0,0,0.0555
32.7409,44.3428,0.0864,96.5062,0.0001,0.0002,0.0000,0.0000,0.0000,236.1798,0.0000,-0.0694,-0.0596,0.3138,-0.1737,-10.4603,0.7937,0.0000,0.0000,1,0,0,0,0,0.0441
32.7961,44.3428,0.0864,96.5062,0.0001,0.0002,0.0000,0.0000,0.0000,236.1798,0.0000,-0.0694,-0.0596,0.3138,-0.1736,-10.4392,0.3835,0.0000,0.0000,1,0,0,0,0,0.0213
32.8522,44.3428,0.0864,96.5062,0.0001,0.0002,0.0000,0.0000,0.0000,236.1798,0.0000,-0.0694,-0.0596,0.3138,-0.1736,-10.4270,0.2171,0.0000,0.0000,1,0,0,0,0,0.0121
32.9094,44.3428,0.0864,96.5062,0.0001,0.0002,0.0000,0.0000,0.0000,236.1798,0.0000,-0.0694,-0.0596,0.3138,-0.1735,-10.4194,0.1331,0.0000,0.0000,1,0,0,0,0,0.0074
32.9623,44.3428,0.0864,96.5062,0.0001,0.0002,0.0000,0.0000,0.0000,236.1798,0.0000,-0.0694,-0.0596,0.3138,-0.1735,-10.4162,0.0598,0.0000,0.0000,1,0,0,0,0,0.0033
33.0275,44.3428,0.0864,96.5062,0.0001,0.0002,0.0000,0.0000,0.0000,236.1798,0.0000,-0.0694,-0.0596,0.3138,-0.1735,-10.4142,0.0307,0.0000,0.0000,1,0,0,0,0,0.0017
33.0814,44.3428,0.0864,96.5062,0.0001,0.0002,0.0000,0.0000,0.0000,236.1798,0.0000,-0.0694,-0.0596,0.3138,-0.1735,-10.4129,0.0237,0.0000,0.0000,1,0,0,0,0,0.0013
33.1357,44.3428,0.0864,96.5062,0.0001,0.0002,0.0000,0.0000,0.0000,236.1798,0.0000,-0.0694,-0.0596,0.3138,-0.1735,-10.4125,0.0077,0.0000,0.0000,1,0,0,0,0,0.0004
33.1876,44.3428,0.0864,96.5062,0.0001,0.0002,0.0000,0.0000,0.0000,236.1798,0.0000,-0.0694,-0.0596,0.3138,-0.1735,-10.4122,0.0049,0.0000,0.0000,1,0,0,0,0,0.0003
33.2501,44.3428,0.0864,96.5062,0.0001,0.0002,0.0000,0.0000,0.0000,236.1798,0.0000,-0.0694,-0.0596,0.3138,-0.1735,-10.4121,0.0020,0.0000,0.0000,1,0,0,0,0,0.0001
33.3117,44.3428,0.0864,96.5062,0.0001,0.0002,0.0000,0.0000,0.0000,236.1798,0.0000,-0.0694,-0.0596,0.3138,-0.1735,-10.4121,0.0011,0.0000,0.0000,1,0,0,0,0,0.0001
33.3692,44.3428,0.0864,96.5062,0.0001,0.0002,0.0000,0.0000,0.0000,236.1798,0.0000,-0.0694,-0.0596,0.3138,-0.1735,-10.4120,0.0005,0.0000,0.0000,1,0,0,0,0,0.0000
33.4390,44.3428,0.0864,96.5062,0.0001,0.0002,0.0000,0.0000,0.0000,236.1798,0.0000,-0.0694,-0.0596,0.3138,-0.1735,-10.4120,0.0002,0.0000,0.0000,1,0,0,0,0,0.0000
33.4968,44.3428,0.0864,96.5062,0.0001,0.0002,0.0000,0.0000,0.0000,236.1798,0.0000,-0.0694,-0.0596,0.3138,-0.1735,-10.4120,0.0001,0.0000,0.0000,1,0,0,0,0,0.0000
33.5505,44.3428,0.0864,96.5062,0.0001,0.0002,0.0000,0.0000,0.0000,236.1798,0.0000,-0.0694,-0.0596,0.3138,-0.1735,-10.4120,0.0000,0.0000,0.0000,1,0,0,0,0,0.0000
33.6123,44.3428,0.0864,96.5062,0.0001,0.0002,0.0000,0.0000,0.0000,236.1798,0.0000,-0.0694,-0.0596,0.3138,-0.1735,-10.4120,0.0000,0.0000,0.0000,1,0,0,0,0,0.0000
33.6646,44.3428,0.0864,96.5062,0.0001,0.0002,0.0000,0.0000,0.0000,236.1798,0.0000,-0.0694,-0.0596,0.3138,-0.1735,-10.4120,0.0000,0.0000,0.0000,1,0,0,0,0,0.0000
33.7206,44.3428,0.0864,96.5062,0.0001,0.0002,0.0000,0.0000,0.0000,236.1798,0.0000,-0.0694,-0.0596,0.3138,-0.1735,-10.4120,0.0000,0.0000,0.0000,1,0,0,0,0,0.0000
33.7724,44.3428,0.0864,96.5062,0.0001,0.0002,0.0000,0.0000,0.0000,236.1798,0.0000,-0.0694,-0.0596,0.3138,-0.1735,-10.4120,0.0000,0.0000,0.0000,1,0,0,0,0,0.0000
33.8332,44.3428,0.0864,96.5062,0.0001,0.0002,0.0000,0.0000,0.0000,236.1798,0.0000,-0.0694,-0.0596,0.3138,-0.1735,-10.4120,0.0000,0.0000,0.0000,1,0,0,0,0,0.0000
33.8904,44.3428,0.0864,96.5062,0.0001,0.0002,0.0000,0.0000,0.0000,236.1798,0.0000,-0.0694,-0.0596,0.3138,-0.1735,-10.4120,0.0000,0.0000,0.0000,1,0,0,0,0,0.0000
33.9434,44.3428,0.0864,96.5062,0.0001,0.0002,0.0000,0.0000,0.0000,236.1798,0.0000,-0.0694,-0.0596,0.3138,-0.1735,-10.4120,0.0000,0.0000,0.0000,1,0,0,0,0,0.0000
33.9938,44.3428,0.0864,96.5062,0.0001,0.0002,0.0000,0.0000,0.0000,236.1798,0.0000,-0.0694,-0.0596,0.3138,-0.1735,-10.4120,0.0000,0.0000,0.0000,1,0,0,0,0,0.0000
34.0574,44.3428,0.0864,96.5062,0.0001,0.0002,0.0000,0.0000,0.0000,236.1798,0.0000,-0.0694,-0.0596,0.3138,-0.1735,-10.4120,0.0000,0.0000,0.0000,1,0,0,0,0,0.0000
34.1093,44.3428,0.0864,96.5062,0.0001,0.0002,0.0000,0.0000,0.0000,236.1798,0.0000,-0.0694,-0.0596,0.3138,-0.1735,-10.4120,0.0000,0.0000,0.0000,1,0,0,0,0,0.0000
34.1619,44.3428,0.0864,96.5062,0.0001,0.0002,0.0000,0.0000,0.0000,236.1798,0.0000,-0.0694,-0.0596,0.3138,-0.1735,-10.4120,0.0000,0.0000,0.0000,1,0,0,0,0,0.0000
34.2230,44.3428,0.0864,96.5062,0.0001,0.0002,0.0000,0.0000,0.0000,236.1798,0.0000,-0.0694,-0.0596,0.3138,-0.1735,-10.4120,0.0000,0.0000,0.0000,1,0,0,0,0,0.0000
34.2756,44.3428,0.0864,96.5062,0.0001,0.0002,0.0000,0.0000,0.0000,236.1798,0.0000,-0.0694,-0.0596,0.3138,-0.1735,-10.4120,0.0000,0.0000,0.0000,1,0,0,0,0,0.0000
34.3357,44.3428,0.0864,96.5062,0.0001,0.0002,0.0000,0.0000,0.0000,236.1798,0.0000,-0.0694,-0.0596,0.3138,-0.1735,-10.4120,0.0000,0.0000,0.0000,1,0,0,0,0,0.0000
34.3866,44.3428,0.0864,96.5062,0.0001,0.0002,0.0000,0.0000,0.0000,236.1798,0.0000,-0.0694,-0.0596,0.3138,-0.1735,-10.4120,0.0000,0.0000,0.0000,1,0,0,0,0,0.0000
34.4439,44.3428,0.0864,96.5062,0.0001,0.0002,0.0000,0.0000,0.0000,236.1798,0.0000,-0.0694,-0.0596,0.3138,-0.1735,-10.4120,0.0000,0.0000,0.0000,1,0,0,0,0,0.0000
34.5019,44.3428,0.0864,96.5062,0.0001,0.0002,0.0000,0.0000,0.0000,236.1798,0.0000,-0.0694,-0.0596,0.3138,-0.1735,-10.4120,0.0000,0.0000,0.0000,1,0,0,0,0,0.0000
34.5694,44.3428,0.0864,96.5062,0.0001,0.0002,0.0000,0.0000,0.0000,236.1798,0.0000,-0.0694,-0.0596,0.3138,-0.1735,-10.4120,0.0000,0.0000,0.0000,1,0,0,0,0,0.0000
34.6222,44.3428,0.0864,96.5062,0.0001,0.0002,0.0000,0.0000,0.0000,236.1798,0.0000,-0.0694,-0.0596,0.3138,-0.1735,-10.4120,0.0000,0.0000,0.0000,1,0,0,0,0,0.0000
34.6822,44.3428,0.0864,96.5062,0.0001,0.0002,0.0000,0.0000,0.0000,236.1798,0.0000,-0.0694,-0.0596,0.3138,-0.1735,-10.4120,0.0000,0.0000,0.0000,1,0,0,0,0,0.0000
34.7345,44.3428,0.0864,96.5062,0.0001,0.0002,0.0000,0.0000,0.0000,236.1798,0.0000,-0.0694,-0.0596,0.3138,-0.1735,-10.4120,0.0000,0.0000,0.0000,1,0,0,0,0,0.0000
34.7873,44.3428,0.0864,96.5062,0.0001,0.0002,0.0000,0.0000,0.0000,236.1798,0.0000,-0.0694,-0.0596,0.3138,-0.1735,-10.4120,0.0000,0.0000,0.0000,1,0,0,0,0,0.0000
34.8493,44.3428,0.0864,96.5062,0.0001,0.0002,0.0000,0.0000,0.0000,236.1798,0.0000,-0.0694,-0.0596,0.3138,-0.1735,-10.4120,0.0000,0.0000,0.0000,1,0,0,0,0,0.0000
34.9027,44.3428,0.0864,96.5062,0.0001,0.0002,0.0000,0.0000,0.0000,236.1798,0.0000,-0.0694,-0.0596,0.3138,-0.1735,-10.4120,0.0000,0.0000,0.0000,1,0,0,0,0,0.0000
34.9639,44.3428,0.0864,96.5062,0.0001,0.0002,0.0000,0.0000,0.0000,236.1798,0.0000,-0.0694,-0.0596,0.3138,-0.1735,-10.4120,0.0000,0.0000,0.0000,1,0,0,0,0,0.0000
35.0159,44.3428,0.0864,96.5062,0.0001,0.0002,0.0000,0.0000,0.0000,236.1798,0.0000,-0.0694,-0.0596,0.3138,-0.1735,-10.4120,0.0000,0.0000,0.0000,1,0,0,0,0,0.0000
35.0878,44.3428,0.0864,96.5062,0.0001,0.0002,0.0000,0.0000,0.0000,236.1798,0.0000,-0.0694,-0.0596,0.3138,-0.1735,-10.4120,0.0000,0.0000,0.0000,1,0,0,0,0,0.0000
35.1382,44.3428,0.0864,96.5062,0.0001,0.0002,0.0000,0.0000,0.0000,236.1798,0.0000,-0.0694,-0.0596,0.3138,-0.1735,-10.4120,0.0000,0.0000,0.0000,1,0,0,0,0,0.0000
35.1890,44.3428,0.0864,96.5062,0.0001,0.0002,0.0000,0.0000,0.0000,236.1798,0.0000,-0.0694,-0.0596,0.3138,-0.1735,-10.4120,0.0000,0.0000,0.0000,1,0,0,0,0,0.0000
35.2482,44.3428,0.0864,96.5062,0.0001,0.0002,0.0000,0.0000,0.0000,236.1798,0.0000,-0.0714,-0.0596,0.3138,-0.1749,-10.4162,0.0715,0.0000,0.0000,1,0,0,0,0,0.0040
35.2997,44.3428,0.0864,96.5062,0.0001,0.0002,0.0000,0.0000,0.0000,236.1798,0.0000,-0.0772,-0.0596,0.3138,-0.1829,-10.5621,2.8340,0.0000,0.0000,1,0,0,0,0,0.1574
35.3508,44.3428,0.0864,96.5062,0.0001,0.0002,0.0000,0.0000,0.0000,236.1798,0.0000,-0.0831,-0.0596,0.3138,-0.1920,-10.8615,5.8594,0.0000,0.0000,1,0,0,0,0,0.3255
35.4097,44.3428,0.0864,96.5062,0.0001,0.0002,0.0000,0.0000,0.0000,236.1798,0.0000,-0.0870,-0.0596,0.3138,-0.2052,-11.4054,9.2265,0.0000,0.0000,1,0,0,0,0,0.5126
35.4636,44.3428,0.0864,96.5062,0.0001,0.0002,0.0000,0.0000,0.0000,236.1798,0.0000,-0.0870,-0.0596,0.3138,-0.2113,-11.9184,9.5272,0.0000,0.0000,1,0,0,0,0,0.5293
35.5170,44.3428,0.0864,96.5062,0.0001,0.0002,0.0000,0.0000,0.0000,236.1798,0.0000,-0.0870,-0.0596,0.3138,-0.2149,-12.3732,8.5192,0.0000,0.0000,1,0,0,0,0,0.4733
35.5680,44.3428,0.0864,96.5062,0.0001,0.0002,0.0000,0.0000,0.0000,236.1798,0.0000,-0.0870,-0.0577,0.3138,-0.2164,-12.6428,5.2833,0.0000,0.0000,1,0,0,0,0,0.2935
35.6186,44.3428,0.0864,96.5062,0.0001,0.0002,0.0000,0.0000,0.0000,236.1798,0.0000,-0.0870,-0.0557,0.3138,-0.2170,-12.8095,3.2957,0.0000,0.0000,1,0,0,0,0,0.1831
35.6749,44.3428,0.0864,96.5062,0.0001,0.0002,0.0000,0.0000,0.0000,236.1798,0.0000,-0.0870,-0.0440,0.3138,-0.2173,-12.9328,2.1874,0.0000,0.0000,1,0,0,0,0,0.1215
35.7341,44.3428,0.0864,96.5062,0.0001,0.0002,0.0000,0.0000,0.0000,236.1798,0.0000,-0.0870,-0.0225,0.3138,-0.2175,-12.9884,0.9404,0.0000,0.0000,1,0,0,0,0,0.0522
35.7862,44.3428,0.0864,96.5062,0.0001,0.0002,0.0000,0.0000,0.0000,236.1798,0.0000,-0.0870,0.0029,0.3138,-0.2175,-13.0204,0.6138,0.0000,0.0000,1,0,0,0,0,0.0341
35.8435,44.3428,0.0864,96.5062,0.0000,0.0001,0.0000,0.0000,-0.0002,236.1798,0.0000,-0.0870,0.0225,0.3138,-0.2175,-13.0365,0.2812,0.0006,0.0000,1,0,0,0,0,0.0156
35.9006,44.3428,0.0864,96.5062,0.0002,0.0008,0.0001,0.0002,0.0033,236.1782,-0.0283,-0.0870,0.0420,0.3138,-0.2175,-13.0449,0.1464,0.0141,0.0000,1,0,0,0,0,0.0097
35.9548,44.3428,0.0864,96.5062,0.0001,0.0004,0.0000,0.0001,-0.0022,236.1738,-0.0816,-0.0870,0.0636,0.3138,-0.2176,-13.0490,0.0752,0.0401,0.0000,1,0,0,0,0,0.0087
36.0050,44.3428,0.0864,96.5062,0.0002,0.0008,-0.0001,0.0002,0.0022,236.1669,-0.1369,-0.0870,0.0831,0.3138,-0.2176,-13.0509,0.0393,0.0645,0.0000,1,0,0,0,0,0.0098
36.0675,44.3429,0.0864,96.5062,0.0003,0.0011,-0.0001,0.0003,0.0013,236.1512,-0.2519,-0.0890,-0.1222,0.3157,-0.2183,-13.0522,0.0197,0.0821,0.0000,1,0,0,0,0,0.0151
36.1208,44.3429,0.0864,96.5062,0.0001,0.0004,0.0000,0.0001,-0.0036,236.1426,-0.1609,-0.0890,-0.8104,0.3157,-0.2207,-13.0901,0.7122,0.0402,0.0000,1,0,0,0,0,0.0485
36.1710,44.3429,0.0864,96.5062,0.0000,0.0001,0.0000,0.0000,-0.0016,236.1391,-0.0693,-0.0890,-0.9746,0.3157,-0.2215,-13.1897,1.9829,0.0227,0.0000,1,0,0,0,0,0.1140
36.2215,44.3429,0.0864,96.5061,0.0002,0.0006,0.0001,0.0002,0.0028,236.1360,-0.0628,-0.0890,-0.9902,0.3157,-0.2221,-13.2418,1.0321,0.0111,0.0000,1,0,0,0,0,0.0608
36.2795,44.3429,0.0864,96.5061,0.0001,0.0002,0.0000,0.0001,-0.0019,236.1344,-0.0269,-0.0890,-0.9902,0.3157,-0.2223,-13.2906,0.8419,0.0054,0.0000,1,0,0,0,0,0.0483
36.3301,44.3429,0.0864,96.5061,0.0000,0.0000,0.0000,0.0000,-0.0009,236.1338,-0.0115,-0.0890,-0.9902,0.3157,-0.2224,-13.3139,0.4610,0.0031,0.0000,1,0,0,0,0,0.0262
36.3899,44.3429,0.0864,96.5061,0.0000,0.0001,0.0000,0.0000,0.0003,236.1337,-0.0025,-0.0890,-0.9902,0.3157,-0.2224,-13.3290,0.2521,0.0013,0.0000,1,0,0,0,0,0.0141
36.4434,44.3429,0.0864,96.5061,0.0000,0.0001,0.0000,0.0000,0.0002,236.1337,0.0011,-0.0890,-0.9902,0.3157,-0.2224,-13.3373,0.1553,0.0006,0.0000,1,0,0,0,0,0.0087
36.4999,44.3429,0.0864,96.5061,0.0000,0.0002,0.0000,0.0000,0.0001,236.1339,0.0032,-0.0890,-0.9902,0.3157,-0.2224,-13.3416,0.0750,0.0003,0.0000,1,0,0,0,0,0.0043
36.5561,44.3429,0.0864,96.5061,0.0000,0.0002,0.0000,0.0000,0.0001,236.1342,0.0049,-0.0890,-0.9902,0.3157,-0.2224,-13.3439,0.0418,0.0002,0.0000,1,0,0,0,0,0.0026
36.6142,44.3429,0.0864,96.5061,0.0000,0.0002,0.0000,0.0000,0.0000,236.1345,0.0047,-0.0890,-0.9902,0.3157,-0.2224,-13.3451,0.0208,0.0001,0.0000,1,0,0,0,0,0.0014
36.6644,44.3429,0.0864,96.5061,0.0001,0.0002,0.0000,0.0000,0.0000,236.1347,0.0052,-0.0890,-0.9902,0.3157,-0.2224,-13.3457,0.0109,0.0000,0.0000,1,0,0,0,0,0.0009
36.7162,44.3429,0.0864,96.5061,0.0001,0.0002,0.0000,0.0000,0.0000,236.1350,0.0050,-0.0890,-0.9902,0.3157,-0.2224,-13.3460,0.0057,0.0000,0.0000,1,0,0,0,0,0.0006
36.7738,44.3429,0.0864,96.5061,0.0001,0.0002,0.0000,0.0000,0.0000,236.1353,0.0053,-0.0890,-0.9902,0.3157,-0.2224,-13.3461,0.0032,0.0000,0.0000,1,0,0,0,0,0.0005
36.8242,44.3429,0.0864,96.5061,0.0001,0.0002,0.0000,0.0000,0.0000,236.1355,0.0051,-0.0890,-0.9902,0.3157,-0.2224,-13.3462,0.0016,0.0000,0.0000,1,0,0,0,0,0.0004
36.8769,44.3429,0.0864,96.5061,0.0001,0.0002,0.0000,0.0000,0.0000,236.1358,0.0052,-0.0890,-0.9902,0.3157,-0.2224,-13.3463,0.0008,0.0000,0.0000,1,0,0,0,0,0.0003
36.9352,44.3429,0.0864,96.5061,0.0001,0.0002,0.0000,0.0000,0.0000,236.1361,0.0042,-0.0890,-0.9902,0.3157,-0.2224,-13.3463,0.0004,0.0000,0.0000,1,0,0,0,0,0.0003
37.0003,44.3429,0.0864,96.5061,0.0001,0.0002,0.0000,0.0000,0.0000,236.1364,0.0049,-0.0890,-0.9902,0.3157,-0.2224,-13.3463,0.0002,0.0000,0.0000,1,0,0,0,0,0.0003
37.0574,44.3429,0.0864,96.5061,0.0001,0.0002,0.0000,0.0000,0.0000,236.1367,0.0048,-0.0890,-0.9902,0.3157,-0.2224,-13.3463,0.0001,0.0000,0.0000,1,0,0,0,0,0.0003
37.1189,44.3429,0.0864,96.5061,0.0001,0.0002,0.0000,0.0000,0.0000,236.1369,0.0045,-0.0890,-0.9902,0.3157,-0.2224,-13.3463,0.0000,0.0000,0.0000,1,0,0,0,0,0.0002
37.1828,44.3429,0.0864,96.5061,0.0001,0.0002,0.0000,0.0000,0.0000,236.1372,0.0038,-0.0890,-0.9902,0.3157,-0.2224,-13.3463,0.0000,0.0000,0.0000,1,0,0,0,0,0.0002
37.2390,44.3429,0.0864,96.5061,0.0001,0.0002,0.0000,0.0000,0.0000,236.1374,0.0043,-0.0890,-0.9902,0.3157,-0.2224,-13.3463,0.0000,0.0000,0.0000,1,0,0,0,0,0.0002
37.2895,44.3429,0.0864,96.5061,0.0001,0.0002,0.0000,0.0000,0.0000,236.1377,0.0054,-0.0890,-0.9902,0.3157,-0.2224,-13.3463,0.0000,0.0000,0.0000,1,0,0,0,0,0.0003
37.3403,44.3429,0.0864,96.5061,0.0001,0.0002,0.0000,0.0000,0.0000,236.1379,0.0042,-0.0890,-0.9902,0.3157,-0.2224,-13.3463,0.0000,0.0000,0.0000,1,0,0,0,0,0.0002
37.3912,44.3429,0.0864,96.5061,0.0001,0.0002,0.0000,0.0000,0.0000,236.1382,0.0054,-0.0890,-0.9902,0.3157,-0.2224,-13.3463,0.0000,0.0000,0.0000,1,0,0,0,0,0.0003
37.4418,44.3429,0.0864,96.5061,0.0001,0.0002,0.0000,0.0000,0.0000,236.1385,0.0054,-0.0890,-0.9902,0.3157,-0.2224,-13.3463,0.0000,0.0000,0.0000,1,0,0,0,0,0.0003
37.4937,44.3429,0.0864,96.5061,0.0001,0.0002,0.0000,0.0000,0.0000,236.1386,0.0035,-0.0890,-0.9902,0.3157,-0.2224,-13.3463,0.0000,0.0000,0.0000,1,0,0,0,0,0.0002
37.5547,44.3429,0.0864,96.5061,0.0001,0.0002,0.0000,0.0000,0.0000,236.1386,0.0000,-0.0890,-0.9902,0.3157,-0.2224,-13.3463,0.0000,0.0000,0.0000,1,0,0,0,0,0.0000
37.6132,44.3429,0.0864,96.5061,0.0001,0.0002,0.0000,0.0000,0.0000,236.1386,0.0000,-0.0890,-0.9902,0.3157,-0.2224,-13.3463,0.0000,0.0000,0.0000,1,0,0,0,0,0.0000
37.6723,44.3429,0.0864,96.5061,0.0001,0.0002,0.0000,0.0000,0.0000,236.1386,0.0000,-0.0890,-0.9902,0.3157,-0.2224,-13.3463,0.0000,0.0000,0.0000,1,0,0,0,0,0.0000
37.7292,44.3429,0.0864,96.5061,0.0001,0.0002,0.0000,0.0000,0.0000,236.1386,0.0000,-0.0890,-0.9902,0.3157,-0.2224,-13.3463,0.0000,0.0000,0.0000,1,0,0,0,0,0.0000
37.7843,44.3429,0.0864,96.5061,0.0001,0.0002,0.0000,0.0000,0.0000,236.1386,0.0000,-0.0890,-0.9902,0.3157,-0.2224,-13.3463,0.0000,0.0000,0.0000,1,0,0,0,0,0.0000
37.8405,44.3429,0.0864,96.5061,0.0001,0.0002,0.0000,0.0000,0.0000,236.1386,0.0000,-0.0890,-0.9902,0.3157,-0.2224,-13.3463,0.0000,0.0000,0.0000,1,0,0,0,0,0.0000
37.8995,44.3429,0.0864,96.5061,0.0001,0.0002,0.0000,0.0000,0.0000,236.1386,0.0000,-0.0890,-0.9902,0.3157,-0.2224,-13.3463,0.0000,0.0000,0.0000,1,0,0,0,0,0.0000
37.9647,44.3429,0.0864,96.5061,0.0001,0.0002,0.0000,0.0000,0.0000,236.1386,0.0000,-0.0890,-0.9902,0.3157,-0.2224,-13.3463,0.0000,0.0000,0.0000,1,0,0,0,0,0.0000
38.0221,44.3429,0.0864,96.5061,0.0001,0.0002,0.0000,0.0000,0.0000,236.1386,0.0000,-0.0890,-0.9902,0.3157,-0.2224,-13.3463,0.0000,0.0000,0.0000,1,0,0,0,0,0.0000
38.0806,44.3429,0.0864,96.5061,0.0001,0.0002,0.0000,0.0000,0.0000,236.1386,0.0000,-0.0890,-0.9902,0.3157,-0.2224,-13.3463,0.0000,0.0000,0.0000,1,0,0,0,0,0.0000
38.1393,44.3429,0.0864,96.5061,0.0001,0.0002,0.0000,0.0000,0.0000,236.1386,0.0000,-0.0890,-0.9902,0.3157,-0.2224,-13.3463,0.0000,0.0000,0.0000,1,0,0,0,0,0.0000
38.2005,44.3429,0.0864,96.5061,0.0001,0.0002,0.0000,0.0000,0.0000,236.1386,0.0000,-0.0890,-0.9902,0.3157,-0.2224,-13.3463,0.0000,0.0000,0.0000,1,0,0,0,0,0.0000
38.2652,44.3429,0.0864,96.5061,0.0001,0.0002,0.0000,0.0000,0.0000,236.1386,0.0000,-0.0890,-0.9902,0.3157,-0.2224,-13.3463,0.0000,0.0000,0.0000,1,0,0,0,0,0.0000
38.3169,44.3429,0.0864,96.5061,0.0001,0.0002,0.0000,0.0000,0.0000,236.1386,0.0000,-0.0890,-0.9902,0.3157,-0.2224,-13.3463,0.0000,0.0000,0.0000,1,0,0,0,0,0.0000
38.3721,44.3429,0.0864,96.5061,0.0001,0.0002,0.0000,0.0000,0.0000,236.1386,0.0000,-0.0890,-0.9902,0.3157,-0.2224,-13.3463,0.0000,0.0000,0.0000,1,0,0,0,0,0.0000
38.4299,44.3429,0.0864,96.5061,0.0001,0.0002,0.0000,0.0000,0.0000,236.1386,0.0000,-0.0890,-0.9902,0.3157,-0.2224,-13.3463,0.0000,0.0000,0.0000,1,0,0,0,0,0.0000
38.4842,44.3429,0.0864,96.5061,0.0001,0.0002,0.0000,0.0000,0.0000,236.1386,0.0000,-0.0890,-0.9902,0.3157,-0.2224,-13.3463,0.0000,0.0000,0.0000,1,0,0,0,0,0.0000
38.5384,44.3429,0.0864,96.5061,0.0001,0.0002,0.0000,0.0000,0.0000,236.1386,0.0000,-0.0890,-0.9902,0.3157,-0.2224,-13.3463,0.0000,0.0000,0.0000,1,0,0,0,0,0.0000
38.5907,44.3429,0.0864,96.5061,0.0001,0.0002,0.0000,0.0000,0.0000,236.1386,0.0000,-0.0890,-0.9902,0.3157,-0.2224,-13.3463,0.0000,0.0000,0.0000,1,0,0,0,0,0.0000
38.6519,44.3429,0.0864,96.5061,0.0001,0.0002,0.0000,0.0000,0.0000,236.1386,0.0000,-0.0890,-0.9902,0.3157,-0.2224,-13.3463,0.0000,0.0000,0.0000,1,0,0,0,0,0.0000
38.7064,44.3429,0.0864,96.5061,0.0001,0.0002,0.0000,0.0000,0.0000,236.1386,0.0000,-0.0890,-0.9902,0.3157,-0.2224,-13.3463,0.0000,0.0000,0.0000,1,0,0,0,0,0.0000
38.7645,44.3429,0.0864,96.5061,0.0001,0.0002,0.0000,0.0000,0.0000,236.1386,0.0000,-0.0890,-0.9902,0.3157,-0.2224,-13.3463,0.0000,0.0000,0.0000,1,0,0,0,0,0.0000
38.8154,44.3429,0.0864,96.5061,0.0001,0.0002,0.0000,0.0000,0.0000,236.1386,0.0000,-0.0890,-0.9902,0.3157,-0.2224,-13.3463,0.0000,0.0000,0.0000,1,0,0,0,0,0.0000
38.8656,44.3429,0.0864,96.5061,0.0001,0.0002,0.0000,0.0000,0.0000,236.1386,0.0000,-0.0890,-0.9902,0.3157,-0.2224,-13.3463,0.0000,0.0000,0.0000,1,0,0,0,0,0.0000
38.9205,44.3429,0.0864,96.5061,0.0001,0.0002,0.0000,0.0000,0.0000,236.1386,0.0000,-0.0890,-0.9902,0.3157,-0.2224,-13.3463,0.0000,0.0000,0.0000,1,0,0,0,0,0.0000
38.9770,44.3429,0.0864,96.5061,0.0001,0.0002,0.0000,0.0000,0.0000,236.1386,0.0000,-0.0890,-0.9902,0.3157,-0.2224,-13.3463,0.0000,0.0000,0.0000,1,0,0,0,0,0.0000
39.0313,44.3429,0.0864,96.5061,0.0001,0.0002,0.0000,0.0000,0.0000,236.1386,0.0000,-0.0890,-0.9902,0.3157,-0.2224,-13.3463,0.0000,0.0000,0.0000,1,0,0,0,0,0.0000
39.0830,44.3429,0.0864,96.5061,0.0001,0.0002,0.0000,0.0000,0.0000,236.1386,0.0000,-0.0890,-0.9902,0.3157,-0.2224,-13.3463,0.0000,0.0000,0.0000,1,0,0,0,0,0.0000
39.1425,44.3429,0.0864,96.5061,0.0001,0.0002,0.0000,0.0000,0.0000,236.1386,0.0000,-0.0890,-0.9902,0.3157,-0.2224,-13.3463,0.0000,0.0000,0.0000,1,0,0,0,0,0.0000
39.1993,44.3429,0.0864,96.5061,0.0001,0.0002,0.0000,0.0000,0.0000,236.1386,0.0000,-0.0890,-0.9902,0.3157,-0.2224,-13.3463,0.0000,0.0000,0.0000,1,0,0,0,0,0.0000
39.2583,44.3429,0.0864,96.5061,0.0001,0.0002,0.0000,0.0000,0.0000,236.1386,0.0000,-0.0890,-0.7263,0.3157,-0.2224,-13.3463,0.0000,0.0000,0.0000,1,0,0,0,0,0.0000
39.3217,44.3429,0.0864,96.5061,0.0003,0.0010,-0.0001,0.0003,0.0036,236.1345,-0.0650,-0.0890,0.2141,0.3157,-0.2224,-13.3463,0.0000,0.0798,0.0000,1,0,0,0,0,0.0036
39.3733,44.3429,0.0864,96.5060,0.0041,0.0146,0.0038,0.0015,0.0731,236.0967,-0.7332,-0.0890,0.3079,0.3157,-0.2224,-13.3463,0.0000,0.2894,0.0000,1,0,0,0,0,0.0407
39.4315,44.3403,0.0864,96.5041,0.1303,0.4690,0.1303,0.0019,2.1687,236.0417,-0.9438,-0.0890,0.1945,0.3157,-0.2224,-13.3463,0.0000,0.3326,0.0000,1,0,0,0,0,0.0524
39.4826,44.3336,0.0864,96.4993,0.1668,0.6004,0.1668,0.0021,0.7143,235.9988,-0.8414,-0.0890,0.1026,0.3157,-0.2224,-13.3463,0.0000,0.2721,0.0000,1,0,0,0,0,0.0467
39.5397,44.3307,0.0864,96.4972,0.0005,0.0018,-0.0001,0.0005,-2.9079,235.9569,-0.7318,-0.0890,-0.0381,0.3157,-0.2224,-13.3463,0.0000,0.1279,0.0000,1,0,0,0,0,0.0407
39.5965,44.3308,0.0864,96.4971,0.0002,0.0008,-0.0001,0.0002,-0.0053,235.9432,-0.2420,-0.0890,-0.0968,0.3157,-0.2224,-13.3463,0.0000,0.0626,0.0000,1,0,0,0,0,0.0134
39.6584,44.3308,0.0864,96.4972,0.0000,0.0001,0.0000,0.0000,-0.0029,235.9371,-0.0996,-0.0890,-0.1026,0.3157,-0.2224,-13.3463,0.0000,0.0306,0.0000,1,0,0,0,0,0.0055
39.7086,44.3308,0.0864,96.4971,0.0000,0.0001,0.0000,0.0000,0.0002,235.9343,-0.0548,-0.0890,-0.1026,0.3157,-0.2224,-13.3463,0.0000,0.0150,0.0000,1,0,0,0,0,0.0030
39.7661,44.3308,0.0864,96.4971,0.0000,0.0002,0.0000,0.0000,0.0001,235.9331,-0.0212,-0.0890,-0.1026,0.3157,-0.2224,-13.3463,0.0000,0.0073,0.0000,1,0,0,0,0,0.0012
39.8246,44.3308,0.0864,96.4972,0.0000,0.0001,0.0000,0.0000,-0.0004,235.9326,-0.0089,-0.0890,-0.1026,0.3157,-0.2224,-13.3463,0.0000,0.0036,0.0000,1,0,0,0,0,0.0005
39.8816,44.3308,0.0864,96.4971,0.0000,0.0001,0.0000,0.0000,0.0002,235.9324,-0.0032,-0.0890,-0.1026,0.3157,-0.2224,-13.3463,0.0000,0.0018,0.0000,1,0,0,0,0,0.0002
39.9321,44.3308,0.0864,96.4972,0.0000,0.0002,0.0000,0.0000,0.0001,235.9324,0.0000,-0.0890,-0.1026,0.3157,-0.2224,-13.3463,0.0000,0.0009,0.0000,1,0,0,0,0,0.0000
39.9859,44.3308,0.0864,96.4971,0.0000,0.0002,0.0000,0.0000,0.0001,235.9325,0.0026,-0.0890,-0.1026,0.3157,-0.2224,-13.3463,0.0000,0.0004,0.0000,1,0,0,0,0,0.0001
40.0379,44.3308,0.0864,96.4971,0.0000,0.0002,0.0000,0.0000,0.0000,235.9326,0.0026,-0.0890,-0.1026,0.3157,-0.2224,-13.3463,0.0000,0.0002,0.0000,1,0,0,0,0,0.0001
40.0994,44.3308,0.0864,96.4971,0.0000,0.0002,0.0000,0.0000,0.0000,235.9329,0.0035,-0.0890,-0.1026,0.3157,-0.2224,-13.3463,0.0000,0.0001,0.0000,1,0,0,0,0,0.0002
40.1513,44.3308,0.0864,96.4971,0.0001,0.0002,0.0000,0.0000,0.0000,235.9329,0.0000,-0.0890,-0.1026,0.3157,-0.2224,-13.3463,0.0000,0.0000,0.0000,1,0,0,0,0,0.0000
40.2108,44.3308,0.0864,96.4971,0.0001,0.0002,0.0000,0.0000,0.0000,235.9329,0.0000,-0.0890,-0.1026,0.3157,-0.2224,-13.3463,0.0000,0.0000,0.0000,1,0,0,0,0,0.0000
40.2661,44.3308,0.0864,96.4971,0.0001,0.0002,0.0000,0.0000,0.0000,235.9329,0.0000,-0.0890,-0.1026,0.3157,-0.2224,-13.3463,0.0000,0.0000,0.0000,1,0,0,0,0,0.0000
40.3167,44.3308,0.0864,96.4971,0.0001,0.0002,0.0000,0.0000,0.0000,235.9329,0.0000,-0.0890,-0.1026,0.3157,-0.2224,-13.3463,0.0000,0.0000,0.0000,1,0,0,0,0,0.0000
40.3751,44.3308,0.0864,96.4971,0.0001,0.0002,0.0000,0.0000,0.0000,235.9329,0.0000,-0.0890,-0.1026,0.3157,-0.2224,-13.3463,0.0000,0.0000,0.0000,1,0,0,0,0,0.0000
40.4401,44.3308,0.0864,96.4971,0.0001,0.0002,0.0000,0.0000,0.0000,235.9329,0.0000,-0.0890,-0.1026,0.3157,-0.2224,-13.3463,0.0000,0.0000,0.0000,1,0,0,0,0,0.0000
40.4937,44.3308,0.0864,96.4971,0.0001,0.0002,0.0000,0.0000,0.0000,235.9329,0.0000,-0.0890,-0.1026,0.3157,-0.2224,-13.3463,0.0000,0.0000,0.0000,1,0,0,0,0,0.0000
40.5521,44.3308,0.0864,96.4972,0.0001,0.0002,0.0000,0.0000,0.0000,235.9329,0.0000,-0.0890,-0.1026,0.3157,-0.2224,-13.3463,0.0000,0.0000,0.0000,1,0,0,0,0,0.0000
40.6127,44.3308,0.0864,96.4971,0.0001,0.0002,0.0000,0.0000,0.0000,235.9329,0.0000,-0.0890,-0.1026,0.3157,-0.2224,-13.3463,0.0000,0.0000,0.0000,1,0,0,0,0,0.0000
40.6689,44.3308,0.0864,96.4971,0.0001,0.0002,0.0000,0.0000,0.0000,235.9329,0.0000,-0.0890,-0.1026,0.3157,-0.2224,-13.3463,0.0000,0.0000,0.0000,1,0,0,0,0,0.0000
40.7293,44.3308,0.0864,96.4971,0.0001,0.0002,0.0000,0.0000,0.0000,235.9329,0.0000,-0.0890,-0.1026,0.3157,-0.2224,-13.3463,0.0000,0.0000,0.0000,1,0,0,0,0,0.0000
40.7803,44.3308,0.0864,96.4971,0.0001,0.0002,0.0000,0.0000,0.0000,235.9329,0.0000,-0.0890,-0.1026,0.3157,-0.2224,-13.3463,0.0000,0.0000,0.0000,1,0,0,0,0,0.0000
40.8358,44.3308,0.0864,96.4971,0.0001,0.0002,0.0000,0.0000,0.0000,235.9329,0.0000,-0.0890,-0.1026,0.3157,-0.2224,-13.3463,0.0000,0.0000,0.0000,1,0,0,0,0,0.0000
40.9012,44.3308,0.0864,96.4971,0.0001,0.0002,0.0000,0.0000,0.0000,235.9329,0.0000,-0.0890,-0.1026,0.3157,-0.2224,-13.3463,0.0000,0.0000,0.0000,1,0,0,0,0,0.0000
40.9598,44.3308,0.0864,96.4971,0.0001,0.0002,0.0000,0.0000,0.0000,235.9329,0.0000,-0.0890,-0.1026,0.3157,-0.2224,-13.3463,0.0000,0.0000,0.0000,1,0,0,0,0,0.0000
41.0223,44.3308,0.0864,96.4971,0.0001,0.0002,0.0000,0.0000,0.0000,235.9329,0.0000,-0.0890,-0.1026,0.3157,-0.2224,-13.3463,0.0000,0.0000,0.0000,1,0,0,0,0,0.0000
41.0783,44.3308,0.0864,96.4971,0.0001,0.0002,0.0000,0.0000,0.0000,235.9329,0.0000,-0.0890,-0.1026,0.3157,-0.2224,-13.3463,0.0000,0.0000,0.0000,1,0,0,0,0,0.0000
41.1313,44.3308,0.0864,96.4971,0.0001,0.0002,0.0000,0.0000,0.0000,235.9329,0.0000,-0.0890,-0.1026,0.3157,-0.2224,-13.3463,0.0000,0.0000,0.0000,1,0,0,0,0,0.0000
41.1817,44.3308,0.0864,96.4971,0.0001,0.0002,0.0000,0.0000,0.0000,235.9329,0.0000,-0.0890,-0.1026,0.3157,-0.2224,-13.3463,0.0000,0.0000,0.0000,1,0,0,0,0,0.0000
41.2418,44.3308,0.0864,96.4971,0.0001,0.0002,0.0000,0.0000,0.0000,235.9329,0.0000,-0.0890,-0.1026,0.3157,-0.2224,-13.3463,0.0000,0.0000,0.0000,1,0,0,0,0,0.0000
41.3029,44.3308,0.0864,96.4971,0.0001,0.0002,0.0000,0.0000,0.0000,235.9329,0.0000,-0.0890,-0.1026,0.3157,-0.2224,-13.3463,0.0000,0.0000,0.0000,1,0,0,0,0,0.0000
41.3622,44.3308,0.0864,96.4972,0.0001,0.0002,0.0000,0.0000,0.0000,235.9329,0.0000,-0.0890,-0.1026,0.3157,-0.2224,-13.3463,0.0000,0.0000,0.0000,1,0,0,0,0,0.0000
41.4135,44.3308,0.0864,96.4971,0.0001,0.0002,0.0000,0.0000,0.0000,235.9329,0.0000,-0.0890,-0.1026,0.3157,-0.2224,-13.3463,0.0000,0.0000,0.0000,1,0,0,0,0,0.0000
41.4644,44.3308,0.0864,96.4971,0.0001,0.0002,0.0000,0.0000,0.0000,235.9329,0.0000,-0.0890,-0.1026,0.3157,-0.2224,-13.3463,0.0000,0.0000,0.0000,1,0,0,0,0,0.0000
41.5156,44.3308,0.0864,96.4971,0.0001,0.0002,0.0000,0.0000,0.0000,235.9329,0.0000,-0.0890,-0.1026,0.3157,-0.2224,-13.3463,0.0000,0.0000,0.0000,1,0,0,0,0,0.0000
41.5761,44.3308,0.0864,96.4971,0.0001,0.0002,0.0000,0.0000,0.0000,235.9329,0.0000,-0.0890,-0.1026,0.3157,-0.2224,-13.3463,0.0000,0.0000,0.0000,1,0,0,0,0,0.0000
41.6270,44.3308,0.0864,96.4971,0.0001,0.0002,0.0000,0.0000,0.0000,235.9329,0.0000,-0.0890,-0.1026,0.3157,-0.2224,-13.3463,0.0000,0.0000,0.0000,1,0,0,0,0,0.0000
41.6775,44.3308,0.0864,96.4971,0.0001,0.0002,0.0000,0.0000,0.0000,235.9329,0.0000,-0.0890,-0.1026,0.3157,-0.2224,-13.3463,0.0000,0.0000,0.0000,1,0,0,0,0,0.0000
41.7285,44.3308,0.0864,96.4971,0.0001,0.0002,0.0000,0.0000,0.0000,235.9329,0.0000,-0.0890,-0.1026,0.3157,-0.2224,-13.3463,0.0000,0.0000,0.0000,1,0,0,0,0,0.0000
41.7996,44.3308,0.0864,96.4971,0.0001,0.0002,0.0000,0.0000,0.0000,235.9329,0.0000,-0.0890,-0.1026,0.3157,-0.2224,-13.3463,0.0000,0.0000,0.0000,1,0,0,0,0,0.0000
41.8554,44.3308,0.0864,96.4971,0.0001,0.0002,0.0000,0.0000,0.0000,235.9329,0.0000,-0.0890,-0.1026,0.3157,-0.2224,-13.3463,0.0000,0.0000,0.0000,1,0,0,0,0,0.0000
41.9134,44.3308,0.0864,96.4971,0.0001,0.0002,0.0000,0.0000,0.0000,235.9329,0.0000,-0.0890,-0.1026,0.3157,-0.2224,-13.3463,0.0000,0.0000,0.0000,1,0,0,0,0,0.0000
41.9760,44.3308,0.0864,96.4971,0.0001,0.0002,0.0000,0.0000,0.0000,235.9329,0.0000,-0.0890,-0.1026,0.3157,-0.2224,-13.3463,0.0000,0.0000,0.0000,1,0,0,0,0,0.0000
42.0345,44.3308,0.0864,96.4971,0.0001,0.0002,0.0000,0.0000,0.0000,235.9329,0.0000,-0.0890,-0.1026,0.3157,-0.2224,-13.3463,0.0000,0.0000,0.0000,1,0,0,0,0,0.0000
42.0927,44.3308,0.0864,96.4971,0.0001,0.0002,0.0000,0.0000,0.0000,235.9329,0.0000,-0.0890,-0.1026,0.3157,-0.2224,-13.3463,0.0000,0.0000,0.0000,1,0,0,0,0,0.0000
42.1487,44.3308,0.0864,96.4972,0.0001,0.0002,0.0000,0.0000,0.0000,235.9329,0.0000,-0.0890,-0.1026,0.3157,-0.2224,-13.3463,0.0000,0.0000,0.0000,1,0,0,0,0,0.0000
42.2019,44.3308,0.0864,96.4971,0.0001,0.0002,0.0000,0.0000,0.0000,235.9329,0.0000,-0.0890,-0.1026,0.3157,-0.2224,-13.3463,0.0000,0.0000,0.0000,1,0,0,0,0,0.0000
42.2526,44.3308,0.0864,96.4971,0.0001,0.0002,0.0000,0.0000,0.0000,235.9329,0.0000,-0.0890,-0.1026,0.3157,-0.2224,-13.3463,0.0000,0.0000,0.0000,1,0,0,0,0,0.0000
42.3203,44.3308,0.0864,96.4971,0.0001,0.0002,0.0000,0.0000,0.0000,235.9329,0.0000,-0.0890,-0.1026,0.3157,-0.2224,-13.3463,0.0000,0.0000,0.0000,1,0,0,0,0,0.0000
42.3804,44.3308,0.0864,96.4971,0.0001,0.0002,0.0000,0.0000,0.0000,235.9329,0.0000,-0.0890,-0.1026,0.3157,-0.2224,-13.3463,0.0000,0.0000,0.0000,1,0,0,0,0,0.0000
42.4392,44.3308,0.0864,96.4971,0.0001,0.0002,0.0000,0.0000,0.0000,235.9329,0.0000,-0.0890,-0.1026,0.3157,-0.2224,-13.3463,0.0000,0.0000,0.0000,1,0,0,0,0,0.0000
42.4918,44.3308,0.0864,96.4971,0.0001,0.0002,0.0000,0.0000,0.0000,235.9329,0.0000,-0.0890,-0.1026,0.3157,-0.2224,-13.3463,0.0000,0.0000,0.0000,1,0,0,0,0,0.0000
42.5510,44.3308,0.0864,96.4971,0.0001,0.0002,0.0000,0.0000,0.0000,235.9329,0.0000,-0.0890,-0.1026,0.3157,-0.2224,-13.3463,0.0000,0.0000,0.0000,1,0,0,0,0,0.0000
42.6039,44.3308,0.0864,96.4971,0.0001,0.0002,0.0000,0.0000,0.0000,235.9329,0.0000,-0.0890,-0.1026,0.3157,-0.2224,-13.3463,0.0000,0.0000,0.0000,1,0,0,0,0,0.0000
42.6622,44.3308,0.0864,96.4971,0.0001,0.0002,0.0000,0.0000,0.0000,235.9329,0.0000,-0.0890,-0.1026,0.3157,-0.2224,-13.3463,0.0000,0.0000,0.0000,1,0,0,0,0,0.0000
42.7221,44.3308,0.0864,96.4971,0.0001,0.0002,0.0000,0.0000,0.0000,235.9329,0.0000,-0.0890,-0.1026,0.3157,-0.2224,-13.3463,0.0000,0.0000,0.0000,1,0,0,0,0,0.0000
42.7769,44.3308,0.0864,96.4971,0.0001,0.0002,0.0000,0.0000,0.0000,235.9329,0.0000,-0.0890,-0.1026,0.3157,-0.2224,-13.3463,0.0000,0.0000,0.0000,1,0,0,0,0,0.0000
42.8363,44.3308,0.0864,96.4971,0.0001,0.0002,0.0000,0.0000,0.0000,235.9329,0.0000,-0.0890,-0.1026,0.3157,-0.2224,-13.3463,0.0000,0.0000,0.0000,1,0,0,0,0,0.0000
42.8919,44.3308,0.0864,96.4971,0.0001,0.0002,0.0000,0.0000,0.0000,235.9329,0.0000,-0.0890,-0.1026,0.3157,-0.2224,-13.3463,0.0000,0.0000,0.0000,1,0,0,0,0,0.0000
42.9486,44.3308,0.0864,96.4971,0.0001,0.0002,0.0000,0.0000,0.0000,235.9329,0.0000,-0.0890,-0.1026,0.3157,-0.2224,-13.3463,0.0000,0.0000,0.0000,1,0,0,0,0,0.0000
43.0094,44.3308,0.0864,96.4971,0.0001,0.0002,0.0000,0.0000,0.0000,235.9329,0.0000,-0.0890,-0.1026,0.3157,-0.2224,-13.3463,0.0000,0.0000,0.0000,1,0,0,0,0,0.0000
43.0683,44.3308,0.0864,96.4972,0.0001,0.0002,0.0000,0.0000,0.0000,235.9329,0.0000,-0.0890,-0.1026,0.3157,-0.2224,-13.3463,0.0000,0.0000,0.0000,1,0,0,0,0,0.0000
43.1267,44.3308,0.0864,96.4971,0.0001,0.0002,0.0000,0.0000,0.0000,235.9329,0.0000,-0.0890,-0.1026,0.3157,-0.2224,-13.3463,0.0000,0.0000,0.0000,1,0,0,0,0,0.0000
43.1857,44.3308,0.0864,96.4971,0.0001,0.0002,0.0000,0.0000,0.0000,235.9329,0.0000,-0.0890,-0.1026,0.3157,-0.2224,-13.3463,0.0000,0.0000,0.0000,1,0,0,0,0,0.0000
43.2403,44.3308,0.0864,96.4971,0.0001,0.0002,0.0000,0.0000,0.0000,235.9329,0.0000,-0.0890,-0.1026,0.3157,-0.2224,-13.3463,0.0000,0.0000,0.0000,1,0,0,0,0,0.0000
43.2931,44.3308,0.0864,96.4971,0.0001,0.0002,0.0000,0.0000,0.0000,235.9329,0.0000,-0.0890,-0.1026,0.3157,-0.2224,-13.3463,0.0000,0.0000,0.0000,1,0,0,0,0,0.0000
43.3531,44.3308,0.0864,96.4971,0.0001,0.0002,0.0000,0.0000,0.0000,235.9329,0.0000,-0.0890,-0.1026,0.3157,-0.2224,-13.3463,0.0000,0.0000,0.0000,1,0,0,0,0,0.0000
43.4058,44.3308,0.0864,96.4972,0.0001,0.0002,0.0000,0.0000,0.0000,235.9329,0.0000,-0.0890,-0.1026,0.3157,-0.2224,-13.3463,0.0000,0.0000,0.0000,1,0,0,0,0,0.0000
43.4636,44.3308,0.0864,96.4971,0.0001,0.0002,0.0000,0.0000,0.0000,235.9329,0.0000,-0.0890,-0.1026,0.3157,-0.2224,-13.3463,0.0000,0.0000,0.0000,1,0,0,0,0,0.0000
43.5215,44.3308,0.0864,96.4971,0.0001,0.0002,0.0000,0.0000,0.0000,235.9329,0.0000,-0.0890,-0.1026,0.3157,-0.2224,-13.3463,0.0000,0.0000,0.0000,1,0,0,0,0,0.0000
43.5855,44.3308,0.0864,96.4971,0.0001,0.0002,0.0000,0.0000,0.0000,235.9329,0.0000,-0.0890,-0.1026,0.3157,-0.2224,-13.3463,0.0000,0.0000,0.0000,1,0,0,0,0,0.0000
43.6436,44.3308,0.0864,96.4971,0.0001,0.0002,0.0000,0.0000,0.0000,235.9329,0.0000,-0.0890,-0.1026,0.3157,-0.2224,-13.3463,0.0000,0.0000,0.0000,1,0,0,0,0,0.0000
43.7015,44.3308,0.0864,96.4971,0.0001,0.0002,0.0000,0.0000,0.0000,235.9329,0.0000,-0.0890,-0.1026,0.3157,-0.2224,-13.3463,0.0000,0.0000,0.0000,1,0,0,0,0,0.0000
43.7535,44.3308,0.0864,96.4971,0.0001,0.0002,0.0000,0.0000,0.0000,235.9329,0.0000,-0.0890,-0.1026,0.3157,-0.2224,-13.3463,0.0000,0.0000,0.0000,1,0,0,0,0,0.0000
43.8052,44.3308,0.0864,96.4971,0.0001,0.0002,0.0000,0.0000,0.0000,235.9329,0.0000,-0.0890,-0.1026,0.3157,-0.2224,-13.3463,0.0000,0.0000,0.0000,1,0,0,0,0,0.0000
43.8681,44.3308,0.0864,96.4971,0.0001,0.0002,0.0000,0.0000,0.0000,235.9329,0.0000,-0.0890,-0.1026,0.3157,-0.2224,-13.3463,0.0000,0.0000,0.0000,1,0,0,0,0,0.0000
43.9310,44.3308,0.0864,96.4971,0.0001,0.0002,0.0000,0.0000,0.0000,235.9329,0.0000,-0.0890,-0.1026,0.3157,-0.2224,-13.3463,0.0000,0.0000,0.0000,1,0,0,0,0,0.0000
43.9901,44.3308,0.0864,96.4971,0.0001,0.0002,0.0000,0.0000,0.0000,235.9329,0.0000,-0.0890,-0.1026,0.3157,-0.2224,-13.3463,0.0000,0.0000,0.0000,1,0,0,0,0,0.0000
44.0447,44.3308,0.0864,96.4971,0.0001,0.0002,0.0000,0.0000,0.0000,235.9329,0.0000,-0.0890,-0.1026,0.3157,-0.2224,-13.3463,0.0000,0.0000,0.0000,1,0,0,0,0,0.0000
44.0949,44.3308,0.0864,96.4971,0.0001,0.0002,0.0000,0.0000,0.0000,235.9329,0.0000,-0.0890,-0.1026,0.3157,-0.2224,-13.3463,0.0000,0.0000,0.0000,1,0,0,0,0,0.0000
44.1517,44.3308,0.0864,96.4971,0.0001,0.0002,0.0000,0.0000,0.0000,235.9329,0.0000,-0.0890,-0.1026,0.3157,-0.2224,-13.3463,0.0000,0.0000,0.0000,1,0,0,0,0,0.0000
44.2049,44.3308,0.0864,96.4971,0.0001,0.0002,0.0000,0.0000,0.0000,235.9329,0.0000,-0.0890,-0.1026,0.3157,-0.2224,-13.3463,0.0000,0.0000,0.0000,1,0,0,0,0,0.0000
44.2555,44.3308,0.0864,96.4971,0.0001,0.0002,0.0000,0.0000,0.0000,235.9329,0.0000,-0.0890,-0.1026,0.3157,-0.2224,-13.3463,0.0000,0.0000,0.0000,1,0,0,0,0,0.0000
44.3065,44.3308,0.0864,96.4971,0.0001,0.0002,0.0000,0.0000,0.0000,235.9329,0.0000,-0.0890,-0.1026,0.3157,-0.2224,-13.3463,0.0000,0.0000,0.0000,1,0,0,0,0,0.0000
44.3678,44.3308,0.0864,96.4971,0.0001,0.0002,0.0000,0.0000,0.0000,235.9329,0.0000,-0.0890,-0.1026,0.3157,-0.2224,-13.3463,0.0000,0.0000,0.0000,1,0,0,0,0,0.0000
44.4282,44.3308,0.0864,96.4971,0.0001,0.0002,0.0000,0.0000,0.0000,235.9329,0.0000,-0.0890,-0.1026,0.3157,-0.2224,-13.3463,0.0000,0.0000,0.0000,1,0,0,0,0,0.0000
44.4783,44.3308,0.0864,96.4972,0.0001,0.0002,0.0000,0.0000,0.0000,235.9329,0.0000,-0.0890,-0.1026,0.3157,-0.2224,-13.3463,0.0000,0.0000,0.0000,1,0,0,0,0,0.0000
44.5339,44.3308,0.0864,96.4971,0.0001,0.0002,0.0000,0.0000,0.0000,235.9329,0.0000,-0.0890,-0.1026,0.3157,-0.2224,-13.3463,0.0000,0.0000,0.0000,1,0,0,0,0,0.0000
44.5928,44.3308,0.0864,96.4971,0.0001,0.0002,0.0000,0.0000,0.0000,235.9329,0.0000,-0.0890,-0.1026,0.3157,-0.2224,-13.3463,0.0000,0.0000,0.0000,1,0,0,0,0,0.0000
44.6439,44.3308,0.0864,96.4971,0.0001,0.0002,0.0000,0.0000,0.0000,235.9329,0.0000,-0.0890,-0.1026,0.3157,-0.2224,-13.3463,0.0000,0.0000,0.0000,1,0,0,0,0,0.0000
44.7059,44.3308,0.0864,96.4971,0.0001,0.0002,0.0000,0.0000,0.0000,235.9329,0.0000,-0.0890,-0.1026,0.3157,-0.2224,-13.3463,0.0000,0.0000,0.0000,1,0,0,0,0,0.0000
44.7576,44.3308,0.0864,96.4971,0.0001,0.0002,0.0000,0.0000,0.0000,235.9329,0.0000,-0.0890,-0.1026,0.3157,-0.2224,-13.3463,0.0000,0.0000,0.0000,1,0,0,0,0,0.0000
44.8144,44.3308,0.0864,96.4971,0.0001,0.0002,0.0000,0.0000,0.0000,235.9329,0.0000,-0.0890,-0.1026,0.3157,-0.2224,-13.3463,0.0000,0.0000,0.0000,1,0,0,0,0,0.0000
44.8713,44.3308,0.0864,96.4971,0.0001,0.0002,0.0000,0.0000,0.0000,235.9329,0.0000,-0.0890,-0.1026,0.3157,-0.2224,-13.3463,0.0000,0.0000,0.0000,1,0,0,0,0,0.0000
44.9245,44.3308,0.0864,96.4971,0.0001,0.0002,0.0000,0.0000,0.0000,235.9329,0.0000,-0.0890,-0.1026,0.3157,-0.2224,-13.3463,0.0000,0.0000,0.0000,1,0,0,0,0,0.0000
44.9830,44.3308,0.0864,96.4971,0.0001,0.0002,0.0000,0.0000,0.0000,235.9329,0.0000,-0.0890,-0.1026,0.3157,-0.2224,-13.3463,0.0000,0.0000,0.0000,1,0,0,0,0,0.0000
45.0445,44.3308,0.0864,96.4971,0.0001,0.0002,0.0000,0.0000,0.0000,235.9329,0.0000,-0.0890,-0.1026,0.3157,-0.2224,-13.3463,0.0000,0.0000,0.0000,1,0,0,0,0,0.0000
45.1026,44.3308,0.0864,96.4972,0.0001,0.0002,0.0000,0.0000,0.0000,235.9329,0.0000,-0.0890,-0.1026,0.3157,-0.2224,-13.3463,0.0000,0.0000,0.0000,1,0,0,0,0,0.0000
45.1629,44.3308,0.0864,96.4972,0.0001,0.0002,0.0000,0.0000,0.0000,235.9329,0.0000,-0.0890,-0.1026,0.3157,-0.2224,-13.3463,0.0000,0.0000,0.0000,1,0,0,0,0,0.0000
45.2136,44.3308,0.0864,96.4971,0.0001,0.0002,0.0000,0.0000,0.0000,235.9329,0.0000,-0.0890,-0.1026,0.3157,-0.2224,-13.3463,0.0000,0.0000,0.0000,1,0,0,0,0,0.0000
45.2660,44.3308,0.0864,96.4971,0.0001,0.0002,0.0000,0.0000,0.0000,235.9329,0.0000,-0.0890,-0.1026,0.3157,-0.2224,-13.3463,0.0000,0.0000,0.0000,1,0,0,0,0,0.0000
45.3287,44.3308,0.0864,96.4971,0.0001,0.0002,0.0000,0.0000,0.0000,235.9329,0.0000,-0.0890,-0.1026,0.3157,-0.2224,-13.3463,0.0000,0.0000,0.0000,1,0,0,0,0,0.0000
45.3874,44.3308,0.0864,96.4971,0.0001,0.0002,0.0000,0.0000,0.0000,235.9329,0.0000,-0.0890,-0.1026,0.3157,-0.2224,-13.3463,0.0000,0.0000,0.0000,1,0,0,0,0,0.0000
45.4516,44.3308,0.0864,96.4971,0.0001,0.0002,0.0000,0.0000,0.0000,235.9329,0.0000,-0.0890,-0.1026,0.3157,-0.2224,-13.3463,0.0000,0.0000,0.0000,1,0,0,0,0,0.0000
45.5047,44.3308,0.0864,96.4971,0.0001,0.0002,0.0000,0.0000,0.0000,235.9329,0.0000,-0.0890,-0.1026,0.3157,-0.2224,-13.3463,0.0000,0.0000,0.0000,1,0,0,0,0,0.0000
45.5554,44.3308,0.0864,96.4972,0.0001,0.0002,0.0000,0.0000,0.0000,235.9329,0.0000,-0.0890,-0.1026,0.3157,-0.2224,-13.3463,0.0000,0.0000,0.0000,1,0,0,0,0,0.0000
45.6060,44.3308,0.0864,96.4971,0.0001,0.0002,0.0000,0.0000,0.0000,235.9329,0.0000,-0.0890,-0.1026,0.3157,-0.2224,-13.3463,0.0000,0.0000,0.0000,1,0,0,0,0,0.0000
45.6622,44.3308,0.0864,96.4971,0.0001,0.0002,0.0000,0.0000,0.0000,235.9329,0.0000,-0.0890,-0.1026,0.3157,-0.2224,-13.3463,0.0000,0.0000,0.0000,1,0,0,0,0,0.0000
45.7196,44.3308,0.0864,96.4971,0.0001,0.0002,0.0000,0.0000,0.0000,235.9329,0.0000,-0.0890,-0.1026,0.3157,-0.2224,-13.3463,0.0000,0.0000,0.0000,1,0,0,0,0,0.0000
45.7705,44.3308,0.0864,96.4971,0.0001,0.0002,0.0000,0.0000,0.0000,235.9329,0.0000,-0.0890,-0.1026,0.3157,-0.2224,-13.3463,0.0000,0.0000,0.0000,1,0,0,0,0,0.0000
45.8260,44.3308,0.0864,96.4971,0.0001,0.0002,0.0000,0.0000,0.0000,235.9329,0.0000,-0.0890,-0.1026,0.3157,-0.2224,-13.3463,0.0000,0.0000,0.0000,1,0,0,0,0,0.0000
45.8784,44.3308,0.0864,96.4972,0.0001,0.0002,0.0000,0.0000,0.0000,235.9329,0.0000,-0.0890,-0.1026,0.3157,-0.2224,-13.3463,0.0000,0.0000,0.0000,1,0,0,0,0,0.0000
45.9404,44.3308,0.0864,96.4971,0.0001,0.0002,0.0000,0.0000,0.0000,235.9329,0.0000,-0.0890,-0.1026,0.3157,-0.2224,-13.3463,0.0000,0.0000,0.0000,1,0,0,0,0,0.0000
45.9942,44.3308,0.0864,96.4971,0.0001,0.0002,0.0000,0.0000,0.0000,235.9329,0.0000,-0.0890,-0.1026,0.3157,-0.2224,-13.3463,0.0000,0.0000,0.0000,1,0,0,0,0,0.0000
