time,position_x,position_y,position_z,speed_ms,speed_kmh,forward_speed,sideways_speed,acceleration_ms2,yaw,yaw_rate,raw_steer_x,raw_throttle_y,raw_brake_z,steer_input,handlebar_angle,steer_rate,throttle,brake,is_grounded,harsh_brake,harsh_steer,high_side_slip,high_yaw_rate,risk_score
0.1066,185.2042,0.1697,102.8923,0.0000,0.0000,0.0000,0.0000,0.0000,270.0000,0.0000,-0.0890,-0.1124,0.3099,-0.1648,0.0000,0.0000,0.0000,0.0000,1,0,0,0,0,0.0000
0.1741,185.2042,0.0880,102.8923,0.0006,0.0021,-0.0001,0.0006,0.0087,270.0007,0.0109,-0.0890,-0.1124,0.3099,-0.2015,-9.8903,146.5971,0.0000,0.0000,1,0,0,0,0,8.1449
0.2346,185.2042,0.0864,102.8924,0.0001,0.0002,0.0000,0.0001,-0.0088,270.0012,0.0081,-0.0890,-0.1124,0.3099,-0.2148,-12.0944,36.4164,0.0000,0.0000,1,0,0,0,0,2.0236
0.3092,185.2042,0.0864,102.8924,0.0001,0.0002,0.0000,0.0001,0.0000,270.0016,0.0053,-0.0890,-0.1124,0.3099,-0.2197,-12.6188,7.0295,0.0000,0.0000,1,0,0,0,0,0.3908
0.3667,185.2042,0.0864,102.8924,0.0001,0.0002,0.0000,0.0001,0.0000,270.0020,0.0069,-0.0890,-0.1124,0.3099,-0.2214,-13.0467,7.4445,0.0000,0.0000,1,0,0,0,0,0.4140
0.4181,185.2042,0.0864,102.8924,0.0001,0.0002,0.0000,0.0001,0.0000,270.0023,0.0047,-0.0890,-0.1124,0.3099,-0.2219,-13.1612,2.2270,0.0000,0.0000,1,0,0,0,0,0.1240
0.4707,185.2043,0.0864,102.8924,0.0001,0.0002,0.0000,0.0001,0.0000,270.0026,0.0070,-0.0890,-0.1124,0.3099,-0.2222,-13.2475,1.6410,0.0000,0.0000,1,0,0,0,0,0.0916
0.5410,185.2043,0.0864,102.8924,0.0001,0.0002,0.0000,0.0001,0.0000,270.0030,0.0052,-0.0890,-0.1124,0.3099,-0.2224,-13.2814,0.4817,0.0000,0.0000,1,0,0,0,0,0.0271
0.5941,185.2042,0.0864,102.8924,0.0001,0.0002,0.0000,0.0001,0.0000,270.0033,0.0057,-0.0890,-0.1124,0.3099,-0.2224,-13.3240,0.8024,0.0000,0.0000,1,0,0,0,0,0.0449
0.6469,185.2042,0.0864,102.8923,0.0001,0.0002,0.0000,0.0001,0.0000,270.0037,0.0069,-0.0890,-0.1124,0.3099,-0.2224,-13.3343,0.1962,0.0000,0.0000,1,0,0,0,0,0.0113
0.6987,185.2042,0.0864,102.8924,0.0001,0.0002,0.0000,0.0001,0.0000,270.0039,0.0047,-0.0890,-0.1124,0.3099,-0.2224,-13.3398,0.1060,0.0000,0.0000,1,0,0,0,0,0.0062
0.7572,185.2042,0.0864,102.8924,0.0001,0.0002,0.0000,0.0001,0.0000,270.0043,0.0063,-0.0890,-0.1124,0.3099,-0.2224,-13.3431,0.0567,0.0000,0.0000,1,0,0,0,0,0.0035
0.8080,185.2042,0.0864,102.8924,0.0001,0.0002,0.0000,0.0001,0.0000,270.0045,0.0036,-0.0890,-0.1124,0.3099,-0.2224,-13.3447,0.0301,0.0000,0.0000,1,0,0,0,0,0.0019
0.8699,185.2042,0.0864,102.8924,0.0001,0.0002,0.0000,0.0001,0.0000,270.0048,0.0059,-0.0890,-0.1124,0.3099,-0.2224,-13.3455,0.0134,0.0000,0.0000,1,0,0,0,0,0.0011
0.9279,185.2042,0.0864,102.8924,0.0001,0.0002,0.0000,0.0001,0.0000,270.0051,0.0053,-0.0890,-0.1124,0.3099,-0.2224,-13.3459,0.0073,0.0000,0.0000,1,0,0,0,0,0.0007
0.9849,185.2042,0.0864,102.8924,0.0001,0.0002,0.0000,0.0001,0.0000,270.0054,0.0048,-0.0890,-0.1124,0.3099,-0.2224,-13.3461,0.0037,0.0000,0.0000,1,0,0,0,0,0.0005
1.0469,185.2042,0.0864,102.8924,0.0001,0.0002,0.0000,0.0001,0.0000,270.0057,0.0054,-0.0890,-0.1124,0.3099,-0.2224,-13.3462,0.0013,0.0000,0.0000,1,0,0,0,0,0.0004
1.1039,185.2042,0.0864,102.8924,0.0001,0.0002,0.0000,0.0001,0.0000,270.0060,0.0054,-0.0890,-0.1124,0.3099,-0.2224,-13.3463,0.0011,0.0000,0.0000,1,0,0,0,0,0.0004
1.1624,185.2042,0.0864,102.8924,0.0001,0.0002,0.0000,0.0001,0.0000,270.0063,0.0052,-0.0890,-0.1124,0.3099,-0.2224,-13.3463,0.0003,0.0000,0.0000,1,0,0,0,0,0.0003
1.2240,185.2043,0.0864,102.8924,0.0001,0.0002,0.0000,0.0001,0.0000,270.0067,0.0050,-0.0890,-0.1124,0.3099,-0.2224,-13.3463,0.0002,0.0000,0.0000,1,0,0,0,0,0.0003
1.2765,185.2042,0.0864,102.8924,0.0001,0.0002,0.0000,0.0001,0.0000,270.0069,0.0046,-0.0890,-0.1124,0.3099,-0.2224,-13.3463,0.0001,0.0000,0.0000,1,0,0,0,0,0.0003
1.3279,185.2042,0.0864,102.8923,0.0001,0.0002,0.0000,0.0001,0.0000,270.0071,0.0036,-0.0890,-0.1124,0.3099,-0.2224,-13.3463,0.0000,0.0000,0.0000,1,0,0,0,0,0.0002
1.3908,185.2042,0.0864,102.8924,0.0001,0.0002,0.0000,0.0001,0.0000,270.0073,0.0039,-0.0890,-0.1124,0.3099,-0.2224,-13.3463,0.0000,0.0000,0.0000,1,0,0,0,0,0.0002
1.4536,185.2042,0.0864,102.8924,0.0001,0.0002,0.0000,0.0001,0.0000,270.0075,0.0034,-0.0890,-0.1124,0.3099,-0.2224,-13.3463,0.0000,0.0000,0.0000,1,0,0,0,0,0.0002
1.5162,185.2042,0.0864,102.8924,0.0001,0.0002,0.0000,0.0001,0.0000,270.0078,0.0039,-0.0890,-0.1124,0.3099,-0.2224,-13.3463,0.0000,0.0000,0.0000,1,0,0,0,0,0.0002
1.5772,185.2042,0.0864,102.8924,0.0001,0.0002,0.0000,0.0001,0.0000,270.0080,0.0035,-0.0890,-0.1124,0.3099,-0.2224,-13.3463,0.0000,0.0000,0.0000,1,0,0,0,0,0.0002
1.6382,185.2042,0.0864,102.8924,0.0001,0.0002,0.0000,0.0001,0.0000,270.0082,0.0035,-0.0890,-0.1124,0.3099,-0.2224,-13.3463,0.0000,0.0000,0.0000,1,0,0,0,0,0.0002
1.6947,185.2042,0.0864,102.8924,0.0001,0.0002,0.0000,0.0001,0.0000,270.0084,0.0038,-0.0890,-0.1124,0.3099,-0.2224,-13.3463,0.0000,0.0000,0.0000,1,0,0,0,0,0.0002
1.7488,185.2042,0.0864,102.8924,0.0001,0.0002,0.0000,0.0001,0.0000,270.0086,0.0034,-0.0890,-0.1124,0.3099,-0.2224,-13.3463,0.0000,0.0000,0.0000,1,0,0,0,0,0.0002
1.7989,185.2042,0.0864,102.8924,0.0001,0.0002,0.0000,0.0001,0.0000,270.0088,0.0037,-0.0890,-0.1124,0.3099,-0.2224,-13.3463,0.0000,0.0000,0.0000,1,0,0,0,0,0.0002
1.8492,185.2042,0.0864,102.8924,0.0001,0.0002,0.0000,0.0001,0.0000,270.0090,0.0036,-0.0890,-0.1124,0.3099,-0.2224,-13.3463,0.0000,0.0000,0.0000,1,0,0,0,0,0.0002
1.9087,185.2042,0.0864,102.8924,0.0001,0.0002,0.0000,0.0001,0.0000,270.0092,0.0036,-0.0890,-0.1124,0.3099,-0.2224,-13.3463,0.0000,0.0000,0.0000,1,0,0,0,0,0.0002
1.9667,185.2042,0.0864,102.8923,0.0001,0.0002,0.0000,0.0001,0.0000,270.0094,0.0037,-0.0890,-0.1124,0.3099,-0.2224,-13.3463,0.0000,0.0000,0.0000,1,0,0,0,0,0.0002
2.0318,185.2042,0.0864,102.8924,0.0001,0.0002,0.0000,0.0001,0.0000,270.0096,0.0037,-0.0890,-0.1124,0.3099,-0.2224,-13.3463,0.0000,0.0000,0.0000,1,0,0,0,0,0.0002
2.0925,185.2042,0.0864,102.8924,0.0001,0.0002,0.0000,0.0001,0.0000,270.0098,0.0030,-0.0890,-0.1124,0.3099,-0.2224,-13.3463,0.0000,0.0000,0.0000,1,0,0,0,0,0.0002
2.1457,185.2042,0.0864,102.8924,0.0001,0.0002,0.0000,0.0001,0.0000,270.0101,0.0057,-0.0890,-0.1124,0.3099,-0.2224,-13.3463,0.0000,0.0000,0.0000,1,0,0,0,0,0.0003
2.2067,185.2042,0.0864,102.8924,0.0001,0.0002,0.0000,0.0001,0.0000,270.0104,0.0050,-0.0890,-0.1124,0.3099,-0.2224,-13.3463,0.0000,0.0000,0.0000,1,0,0,0,0,0.0003
2.2669,185.2042,0.0864,102.8924,0.0001,0.0002,0.0000,0.0001,0.0000,270.0108,0.0061,-0.0890,-0.1124,0.3099,-0.2224,-13.3463,0.0000,0.0000,0.0000,1,0,0,0,0,0.0003
2.3229,185.2042,0.0864,102.8924,0.0001,0.0002,0.0000,0.0001,0.0000,270.0111,0.0054,-0.0890,-0.1124,0.3099,-0.2224,-13.3463,0.0000,0.0000,0.0000,1,0,0,0,0,0.0003
2.3763,185.2042,0.0864,102.8924,0.0001,0.0002,0.0000,0.0001,0.0000,270.0114,0.0046,-0.0890,-0.1124,0.3099,-0.2224,-13.3463,0.0000,0.0000,0.0000,1,0,0,0,0,0.0003
2.4366,185.2042,0.0864,102.8924,0.0001,0.0002,0.0000,0.0001,0.0000,270.0117,0.0051,-0.0890,-0.1124,0.3099,-0.2224,-13.3463,0.0000,0.0000,0.0000,1,0,0,0,0,0.0003
2.4897,185.2043,0.0864,102.8924,0.0001,0.0002,0.0000,0.0001,0.0000,270.0120,0.0057,-0.0890,-0.1124,0.3099,-0.2224,-13.3463,0.0000,0.0000,0.0000,1,0,0,0,0,0.0003
2.5488,185.2042,0.0864,102.8924,0.0001,0.0002,0.0000,0.0001,0.0000,270.0123,0.0052,-0.0890,-0.1124,0.3099,-0.2224,-13.3463,0.0000,0.0000,0.0000,1,0,0,0,0,0.0003
2.6054,185.2042,0.0864,102.8924,0.0001,0.0002,0.0000,0.0001,0.0000,270.0126,0.0054,-0.0890,-0.1124,0.3099,-0.2224,-13.3463,0.0000,0.0000,0.0000,1,0,0,0,0,0.0003
2.6607,185.2042,0.0864,102.8924,0.0001,0.0002,0.0000,0.0001,0.0000,270.0129,0.0066,-0.0890,-0.1124,0.3099,-0.2224,-13.3463,0.0000,0.0000,0.0000,1,0,0,0,0,0.0004
2.7126,185.2042,0.0864,102.8924,0.0001,0.0002,0.0000,0.0001,0.0000,270.0133,0.0071,-0.0890,-0.1124,0.3099,-0.2224,-13.3463,0.0000,0.0000,0.0000,1,0,0,0,0,0.0004
2.7689,185.2042,0.0864,102.8924,0.0001,0.0002,0.0000,0.0001,0.0000,270.0136,0.0054,-0.0890,-0.1124,0.3099,-0.2224,-13.3463,0.0000,0.0000,0.0000,1,0,0,0,0,0.0003
2.8220,185.2042,0.0864,102.8924,0.0001,0.0002,0.0000,0.0001,0.0000,270.0139,0.0063,-0.0890,-0.1124,0.3099,-0.2224,-13.3463,0.0000,0.0000,0.0000,1,0,0,0,0,0.0004
2.8752,185.2042,0.0864,102.8924,0.0001,0.0002,0.0000,0.0001,0.0000,270.0143,0.0063,-0.0890,-0.1124,0.3099,-0.2224,-13.3463,0.0000,0.0000,0.0000,1,0,0,0,0,0.0004
2.9334,185.2043,0.0864,102.8924,0.0001,0.0002,0.0000,0.0001,0.0000,270.0146,0.0058,-0.0890,-0.1124,0.3099,-0.2224,-13.3463,0.0000,0.0000,0.0000,1,0,0,0,0,0.0003
2.9958,185.2042,0.0864,102.8924,0.0001,0.0002,0.0000,0.0001,0.0000,270.0150,0.0054,-0.0890,-0.1124,0.3099,-0.2224,-13.3463,0.0000,0.0000,0.0000,1,0,0,0,0,0.0003
3.0582,185.2042,0.0864,102.8924,0.0001,0.0002,0.0000,0.0001,0.0000,270.0153,0.0049,-0.0890,-0.1124,0.3099,-0.2224,-13.3463,0.0000,0.0000,0.0000,1,0,0,0,0,0.0003
3.1160,185.2042,0.0864,102.8924,0.0001,0.0002,0.0000,0.0001,0.0000,270.0155,0.0042,-0.0890,-0.1124,0.3099,-0.2224,-13.3463,0.0000,0.0000,0.0000,1,0,0,0,0,0.0002
3.1708,185.2042,0.0864,102.8923,0.0001,0.0002,0.0000,0.0001,0.0000,270.0158,0.0056,-0.0890,-0.1124,0.3099,-0.2224,-13.3463,0.0000,0.0000,0.0000,1,0,0,0,0,0.0003
3.2326,185.2042,0.0864,102.8924,0.0001,0.0002,0.0000,0.0001,0.0000,270.0161,0.0054,-0.0890,-0.1124,0.3099,-0.2224,-13.3463,0.0000,0.0000,0.0000,1,0,0,0,0,0.0003
3.2860,185.2042,0.0864,102.8924,0.0001,0.0002,0.0000,0.0001,0.0000,270.0164,0.0051,-0.0890,-0.1124,0.3099,-0.2224,-13.3463,0.0000,0.0000,0.0000,1,0,0,0,0,0.0003
3.3447,185.2042,0.0864,102.8923,0.0001,0.0002,0.0000,0.0001,0.0000,270.0167,0.0052,-0.0890,-0.1124,0.3099,-0.2224,-13.3463,0.0000,0.0000,0.0000,1,0,0,0,0,0.0003
3.3970,185.2042,0.0864,102.8924,0.0001,0.0002,0.0000,0.0001,0.0000,270.0170,0.0053,-0.0890,-0.1124,0.3099,-0.2224,-13.3463,0.0000,0.0000,0.0000,1,0,0,0,0,0.0003
3.4566,185.2042,0.0864,102.8923,0.0001,0.0002,0.0000,0.0001,0.0000,270.0173,0.0046,-0.0890,-0.1124,0.3099,-0.2224,-13.3463,0.0000,0.0000,0.0000,1,0,0,0,0,0.0003
3.5174,185.2042,0.0864,102.8924,0.0001,0.0002,0.0000,0.0001,0.0000,270.0175,0.0040,-0.0890,-0.1124,0.3099,-0.2224,-13.3463,0.0000,0.0000,0.0000,1,0,0,0,0,0.0002
3.5727,185.2042,0.0864,102.8924,0.0001,0.0002,0.0000,0.0001,0.0000,270.0178,0.0055,-0.0890,-0.1124,0.3099,-0.2224,-13.3463,0.0000,0.0000,0.0000,1,0,0,0,0,0.0003
3.6332,185.2042,0.0864,102.8923,0.0001,0.0002,0.0000,0.0001,0.0000,270.0181,0.0040,-0.0890,-0.1124,0.3099,-0.2224,-13.3463,0.0000,0.0000,0.0000,1,0,0,0,0,0.0002
3.6969,185.2042,0.0864,102.8924,0.0001,0.0002,0.0000,0.0001,0.0000,270.0183,0.0043,-0.0890,-0.1124,0.3099,-0.2224,-13.3463,0.0000,0.0000,0.0000,1,0,0,0,0,0.0002
3.7565,185.2043,0.0864,102.8924,0.0001,0.0002,0.0000,0.0001,0.0000,270.0186,0.0036,-0.0890,-0.1124,0.3099,-0.2224,-13.3463,0.0000,0.0000,0.0000,1,0,0,0,0,0.0002
3.8159,185.2043,0.0864,102.8924,0.0001,0.0002,0.0000,0.0001,0.0000,270.0187,0.0031,-0.0890,-0.1124,0.3099,-0.2224,-13.3463,0.0000,0.0000,0.0000,1,0,0,0,0,0.0002
3.8661,185.2042,0.0864,102.8924,0.0001,0.0002,0.0000,0.0001,0.0000,270.0190,0.0055,-0.0890,-0.1124,0.3099,-0.2224,-13.3463,0.0000,0.0000,0.0000,1,0,0,0,0,0.0003
3.9278,185.2042,0.0864,102.8924,0.0001,0.0002,0.0000,0.0001,0.0000,270.0192,0.0030,-0.0890,-0.1124,0.3099,-0.2224,-13.3463,0.0000,0.0000,0.0000,1,0,0,0,0,0.0002
3.9793,185.2042,0.0864,102.8923,0.0001,0.0002,0.0000,0.0001,0.0000,270.0194,0.0047,-0.0890,-0.1124,0.3099,-0.2224,-13.3463,0.0000,0.0000,0.0000,1,0,0,0,0,0.0003
4.0412,185.2042,0.0864,102.8923,0.0001,0.0002,0.0000,0.0001,0.0000,270.0197,0.0035,-0.0890,-0.1124,0.3099,-0.2224,-13.3463,0.0000,0.0000,0.0000,1,0,0,0,0,0.0002
4.1000,185.2042,0.0864,102.8924,0.0001,0.0002,0.0000,0.0001,0.0000,270.0198,0.0031,-0.0890,-0.1124,0.3099,-0.2224,-13.3463,0.0000,0.0000,0.0000,1,0,0,0,0,0.0002
4.1554,185.2042,0.0864,102.8924,0.0001,0.0002,0.0000,0.0001,0.0000,270.0200,0.0033,-0.0890,-0.1124,0.3099,-0.2224,-13.3463,0.0000,0.0000,0.0000,1,0,0,0,0,0.0002
4.2109,185.2042,0.0864,102.8924,0.0001,0.0002,0.0000,0.0001,0.0000,270.0203,0.0044,-0.0890,-0.1124,0.3099,-0.2224,-13.3463,0.0000,0.0000,0.0000,1,0,0,0,0,0.0002
4.2671,185.2042,0.0864,102.8923,0.0001,0.0002,0.0000,0.0001,0.0000,270.0204,0.0033,-0.0890,-0.1124,0.3099,-0.2224,-13.3463,0.0000,0.0000,0.0000,1,0,0,0,0,0.0002
4.3321,185.2042,0.0864,102.8923,0.0001,0.0002,0.0000,0.0001,0.0000,270.0207,0.0038,-0.0890,-0.1124,0.3099,-0.2224,-13.3463,0.0000,0.0000,0.0000,1,0,0,0,0,0.0002
4.3827,185.2042,0.0864,102.8924,0.0001,0.0002,0.0000,0.0001,0.0000,270.0209,0.0036,-0.0890,-0.1124,0.3099,-0.2224,-13.3463,0.0000,0.0000,0.0000,1,0,0,0,0,0.0002
4.4430,185.2042,0.0864,102.8924,0.0001,0.0002,0.0000,0.0001,0.0000,270.0212,0.0051,-0.0890,-0.1124,0.3099,-0.2224,-13.3463,0.0000,0.0000,0.0000,1,0,0,0,0,0.0003
4.4969,185.2043,0.0864,102.8924,0.0001,0.0002,0.0000,0.0001,0.0000,270.0215,0.0057,-0.0890,-0.1124,0.3099,-0.2224,-13.3463,0.0000,0.0000,0.0000,1,0,0,0,0,0.0003
4.5495,185.2042,0.0864,102.8924,0.0001,0.0002,0.0000,0.0001,0.0000,270.0217,0.0046,-0.0890,-0.1124,0.3099,-0.2224,-13.3463,0.0000,0.0000,0.0000,1,0,0,0,0,0.0003
4.6042,185.2042,0.0864,102.8924,0.0001,0.0002,0.0000,0.0001,0.0000,270.0220,0.0045,-0.0890,-0.1124,0.3099,-0.2224,-13.3463,0.0000,0.0000,0.0000,1,0,0,0,0,0.0002
4.6554,185.2042,0.0864,102.8924,0.0001,0.0002,0.0000,0.0001,0.0000,270.0223,0.0060,-0.0890,-0.1124,0.3099,-0.2224,-13.3463,0.0000,0.0000,0.0000,1,0,0,0,0,0.0003
4.7138,185.2042,0.0864,102.8924,0.0001,0.0002,0.0000,0.0001,0.0000,270.0225,0.0042,-0.0890,-0.1124,0.3099,-0.2224,-13.3463,0.0000,0.0000,0.0000,1,0,0,0,0,0.0002
4.7663,185.2043,0.0864,102.8924,0.0001,0.0002,0.0000,0.0001,0.0000,270.0228,0.0046,-0.0890,-0.1124,0.3099,-0.2224,-13.3463,0.0000,0.0000,0.0000,1,0,0,0,0,0.0003
4.8199,185.2042,0.0864,102.8924,0.0001,0.0002,0.0000,0.0001,0.0000,270.0231,0.0057,-0.0890,-0.1124,0.3099,-0.2224,-13.3463,0.0000,0.0000,0.0000,1,0,0,0,0,0.0003
4.8727,185.2042,0.0864,102.8924,0.0001,0.0002,0.0000,0.0001,0.0000,270.0233,0.0035,-0.0890,-0.1124,0.3099,-0.2224,-13.3463,0.0000,0.0000,0.0000,1,0,0,0,0,0.0002
4.9250,185.2043,0.0864,102.8923,0.0001,0.0002,0.0000,0.0001,0.0000,270.0236,0.0070,-0.0890,-0.1124,0.3099,-0.2224,-13.3463,0.0000,0.0000,0.0000,1,0,0,0,0,0.0004
4.9760,185.2042,0.0864,102.8923,0.0001,0.0002,0.0000,0.0001,0.0000,270.0239,0.0060,-0.0890,-0.1124,0.3099,-0.2224,-13.3463,0.0000,0.0000,0.0000,1,0,0,0,0,0.0003
5.0318,185.2042,0.0864,102.8924,0.0001,0.0002,0.0000,0.0001,0.0000,270.0243,0.0060,-0.0890,-0.1124,0.3099,-0.2224,-13.3463,0.0000,0.0000,0.0000,1,0,0,0,0,0.0003
5.0928,185.2042,0.0864,102.8924,0.0001,0.0002,0.0000,0.0001,0.0000,270.0247,0.0065,-0.0890,-0.1124,0.3099,-0.2224,-13.3463,0.0000,0.0000,0.0000,1,0,0,0,0,0.0004
5.1658,185.2043,0.0864,102.8924,0.0001,0.0002,0.0000,0.0001,0.0000,270.0251,0.0059,-0.0890,-0.1124,0.3099,-0.2224,-13.3463,0.0000,0.0000,0.0000,1,0,0,0,0,0.0003
5.2202,185.2042,0.0864,102.8924,0.0001,0.0002,0.0000,0.0001,0.0000,270.0254,0.0062,-0.0890,-0.1124,0.3099,-0.2224,-13.3463,0.0000,0.0000,0.0000,1,0,0,0,0,0.0003
5.2758,185.2042,0.0864,102.8923,0.0001,0.0002,0.0000,0.0001,0.0000,270.0258,0.0060,-0.0890,-0.1124,0.3099,-0.2224,-13.3463,0.0000,0.0000,0.0000,1,0,0,0,0,0.0003
5.3261,185.2042,0.0864,102.8924,0.0001,0.0002,0.0000,0.0001,0.0000,270.0260,0.0048,-0.0890,-0.1124,0.3099,-0.2224,-13.3463,0.0000,0.0000,0.0000,1,0,0,0,0,0.0003
5.3780,185.2042,0.0864,102.8924,0.0001,0.0002,0.0000,0.0001,0.0000,270.0262,0.0047,-0.0890,-0.1124,0.3099,-0.2224,-13.3463,0.0000,0.0000,0.0000,1,0,0,0,0,0.0003
5.4299,185.2042,0.0864,102.8923,0.0001,0.0002,0.0000,0.0001,0.0000,270.0266,0.0059,-0.0890,-0.1124,0.3099,-0.2224,-13.3463,0.0000,0.0000,0.0000,1,0,0,0,0,0.0003
5.4824,185.2042,0.0864,102.8924,0.0001,0.0002,0.0000,0.0001,0.0000,270.0268,0.0041,-0.0890,-0.1124,0.3099,-0.2224,-13.3463,0.0000,0.0000,0.0000,1,0,0,0,0,0.0002
5.5401,185.2042,0.0864,102.8924,0.0001,0.0002,0.0000,0.0001,0.0000,270.0271,0.0058,-0.0890,-0.1124,0.3099,-0.2224,-13.3463,0.0000,0.0000,0.0000,1,0,0,0,0,0.0003
5.5966,185.2042,0.0864,102.8924,0.0001,0.0002,0.0000,0.0001,0.0000,270.0274,0.0054,-0.0890,-0.1124,0.3099,-0.2224,-13.3463,0.0000,0.0000,0.0000,1,0,0,0,0,0.0003
5.6543,185.2042,0.0864,102.8924,0.0001,0.0002,0.0000,0.0001,0.0000,270.0277,0.0048,-0.0890,-0.1124,0.3099,-0.2224,-13.3463,0.0000,0.0000,0.0000,1,0,0,0,0,0.0003
5.7053,185.2042,0.0864,102.8924,0.0001,0.0002,0.0000,0.0001,0.0000,270.0279,0.0042,-0.0890,-0.1124,0.3099,-0.2224,-13.3463,0.0000,0.0000,0.0000,1,0,0,0,0,0.0002
5.7570,185.2042,0.0864,102.8923,0.0001,0.0002,0.0000,0.0001,0.0000,270.0282,0.0059,-0.0890,-0.1124,0.3099,-0.2224,-13.3463,0.0000,0.0000,0.0000,1,0,0,0,0,0.0003
5.8093,185.2042,0.0864,102.8924,0.0001,0.0002,0.0000,0.0001,0.0000,270.0285,0.0053,-0.0890,-0.1124,0.3099,-0.2224,-13.3463,0.0000,0.0000,0.0000,1,0,0,0,0,0.0003
5.8601,185.2042,0.0864,102.8924,0.0001,0.0002,0.0000,0.0001,0.0000,270.0287,0.0036,-0.0890,-0.1124,0.3099,-0.2224,-13.3463,0.0000,0.0000,0.0000,1,0,0,0,0,0.0002
5.9156,185.2042,0.0864,102.8924,0.0001,0.0002,0.0000,0.0001,0.0000,270.0289,0.0039,-0.0890,-0.1124,0.3099,-0.2224,-13.3463,0.0000,0.0000,0.0000,1,0,0,0,0,0.0002
5.9670,185.2042,0.0864,102.8924,0.0001,0.0002,0.0000,0.0001,0.0000,270.0291,0.0042,-0.0890,-0.1124,0.3099,-0.2224,-13.3463,0.0000,0.0000,0.0000,1,0,0,0,0,0.0002
6.0195,185.2042,0.0864,102.8924,0.0001,0.0002,0.0000,0.0001,0.0000,270.0293,0.0041,-0.0890,-0.1124,0.3099,-0.2224,-13.3463,0.0000,0.0000,0.0000,1,0,0,0,0,0.0002
6.0787,185.2042,0.0864,102.8924,0.0001,0.0002,0.0000,0.0001,0.0000,270.0295,0.0031,-0.0890,-0.1124,0.3099,-0.2224,-13.3463,0.0000,0.0000,0.0000,1,0,0,0,0,0.0002
6.1311,185.2042,0.0864,102.8924,0.0001,0.0002,0.0000,0.0001,0.0000,270.0297,0.0041,-0.0890,-0.1124,0.3099,-0.2224,-13.3463,0.0000,0.0000,0.0000,1,0,0,0,0,0.0002
6.1940,185.2042,0.0864,102.8924,0.0001,0.0002,0.0000,0.0001,0.0000,270.0299,0.0034,-0.0890,-0.1124,0.3099,-0.2224,-13.3463,0.0000,0.0000,0.0000,1,0,0,0,0,0.0002
6.2517,185.2042,0.0864,102.8924,0.0001,0.0002,0.0000,0.0001,0.0000,270.0301,0.0037,-0.0890,-0.1124,0.3099,-0.2224,-13.3463,0.0000,0.0000,0.0000,1,0,0,0,0,0.0002
6.3088,185.2042,0.0864,102.8924,0.0001,0.0002,0.0000,0.0001,0.0000,270.0303,0.0037,-0.0890,-0.1124,0.3099,-0.2224,-13.3463,0.0000,0.0000,0.0000,1,0,0,0,0,0.0002
6.3648,185.2042,0.0864,102.8924,0.0001,0.0002,0.0000,0.0001,0.0000,270.0305,0.0033,-0.0890,-0.1124,0.3099,-0.2224,-13.3463,0.0000,0.0000,0.0000,1,0,0,0,0,0.0002
6.4265,185.2042,0.0864,102.8924,0.0001,0.0002,0.0000,0.0001,0.0000,270.0307,0.0030,-0.0890,-0.1124,0.3099,-0.2224,-13.3463,0.0000,0.0000,0.0000,1,0,0,0,0,0.0002
6.4769,185.2042,0.0864,102.8924,0.0001,0.0002,0.0000,0.0001,0.0000,270.0309,0.0042,-0.0890,-0.1124,0.3099,-0.2224,-13.3463,0.0000,0.0000,0.0000,1,0,0,0,0,0.0002
6.5271,185.2042,0.0864,102.8924,0.0001,0.0002,0.0000,0.0001,0.0000,270.0311,0.0043,-0.0890,-0.1124,0.3099,-0.2224,-13.3463,0.0000,0.0000,0.0000,1,0,0,0,0,0.0002
6.5849,185.2042,0.0864,102.8924,0.0001,0.0002,0.0000,0.0001,0.0000,270.0313,0.0032,-0.0890,-0.1124,0.3099,-0.2224,-13.3463,0.0000,0.0000,0.0000,1,0,0,0,0,0.0002
6.6404,185.2042,0.0864,102.8923,0.0001,0.0002,0.0000,0.0001,0.0000,270.0315,0.0038,-0.0890,-0.1124,0.3099,-0.2224,-13.3463,0.0000,0.0000,0.0000,1,0,0,0,0,0.0002
6.7089,185.2042,0.0864,102.8924,0.0001,0.0002,0.0000,0.0001,0.0000,270.0317,0.0031,-0.0890,-0.1124,0.3099,-0.2224,-13.3463,0.0000,0.0000,0.0000,1,0,0,0,0,0.0002
6.7730,185.2042,0.0864,102.8924,0.0001,0.0002,0.0000,0.0001,0.0000,270.0321,0.0057,-0.0890,-0.1124,0.3099,-0.2224,-13.3463,0.0000,0.0000,0.0000,1,0,0,0,0,0.0003
6.8304,185.2042,0.0864,102.8924,0.0001,0.0002,0.0000,0.0001,0.0000,270.0324,0.0053,-0.0890,-0.1124,0.3099,-0.2224,-13.3463,0.0000,0.0000,0.0000,1,0,0,0,0,0.0003
6.8837,185.2042,0.0864,102.8924,0.0001,0.0002,0.0000,0.0001,0.0000,270.0327,0.0057,-0.0890,-0.1124,0.3099,-0.2224,-13.3463,0.0000,0.0000,0.0000,1,0,0,0,0,0.0003
6.9338,185.2042,0.0864,102.8923,0.0001,0.0002,0.0000,0.0001,0.0000,270.0330,0.0049,-0.0890,-0.1124,0.3099,-0.2224,-13.3463,0.0000,0.0000,0.0000,1,0,0,0,0,0.0003
6.9878,185.2042,0.0864,102.8924,0.0001,0.0002,0.0000,0.0001,0.0000,270.0333,0.0057,-0.0890,-0.1124,0.3099,-0.2224,-13.3463,0.0000,0.0000,0.0000,1,0,0,0,0,0.0003
7.0471,185.2042,0.0864,102.8924,0.0001,0.0002,0.0000,0.0001,0.0000,270.0336,0.0051,-0.0890,-0.1124,0.3099,-0.2224,-13.3463,0.0000,0.0000,0.0000,1,0,0,0,0,0.0003
7.1048,185.2042,0.0864,102.8924,0.0001,0.0002,0.0000,0.0001,0.0000,270.0339,0.0063,-0.0890,-0.1124,0.3099,-0.2224,-13.3463,0.0000,0.0000,0.0000,1,0,0,0,0,0.0004
7.1636,185.2042,0.0864,102.8923,0.0001,0.0002,0.0000,0.0001,0.0000,270.0342,0.0052,-0.0890,-0.1124,0.3099,-0.2224,-13.3463,0.0000,0.0000,0.0000,1,0,0,0,0,0.0003
7.2225,185.2042,0.0864,102.8924,0.0001,0.0002,0.0000,0.0001,0.0000,270.0346,0.0057,-0.0890,-0.1124,0.3099,-0.2224,-13.3463,0.0000,0.0000,0.0000,1,0,0,0,0,0.0003
7.2802,185.2042,0.0864,102.8924,0.0001,0.0002,0.0000,0.0001,0.0000,270.0349,0.0064,-0.0890,-0.1124,0.3099,-0.2224,-13.3463,0.0000,0.0000,0.0000,1,0,0,0,0,0.0004
7.3390,185.2042,0.0864,102.8924,0.0001,0.0002,0.0000,0.0001,0.0000,270.0354,0.0073,-0.0890,-0.1124,0.3099,-0.2224,-13.3463,0.0000,0.0000,0.0000,1,0,0,0,0,0.0004
7.3964,185.2042,0.0864,102.8924,0.0001,0.0002,0.0000,0.0001,0.0000,270.0357,0.0064,-0.0890,-0.1124,0.3099,-0.2224,-13.3463,0.0000,0.0000,0.0000,1,0,0,0,0,0.0004
7.4489,185.2042,0.0864,102.8924,0.0001,0.0002,0.0000,0.0001,0.0000,270.0361,0.0064,-0.0890,-0.1124,0.3099,-0.2224,-13.3463,0.0000,0.0000,0.0000,1,0,0,0,0,0.0004
7.5019,185.2042,0.0864,102.8924,0.0001,0.0002,0.0000,0.0001,0.0000,270.0363,0.0046,-0.0890,-0.1124,0.3099,-0.2224,-13.3463,0.0000,0.0000,0.0000,1,0,0,0,0,0.0003
7.5601,185.2042,0.0864,102.8924,0.0001,0.0002,0.0000,0.0001,0.0000,270.0367,0.0068,-0.0890,-0.1124,0.3099,-0.2224,-13.3463,0.0000,0.0000,0.0000,1,0,0,0,0,0.0004
7.6187,185.2043,0.0864,102.8924,0.0001,0.0002,0.0000,0.0001,0.0000,270.0370,0.0057,-0.0890,-0.1124,0.3099,-0.2224,-13.3463,0.0000,0.0000,0.0000,1,0,0,0,0,0.0003
7.6780,185.2042,0.0864,102.8923,0.0001,0.0002,0.0000,0.0001,0.0000,270.0373,0.0041,-0.0890,-0.1124,0.3099,-0.2224,-13.3463,0.0000,0.0000,0.0000,1,0,0,0,0,0.0002
7.7465,185.2042,0.0864,102.8924,0.0001,0.0002,0.0000,0.0001,0.0000,270.0377,0.0053,-0.0890,-0.1124,0.3099,-0.2224,-13.3463,0.0000,0.0000,0.0000,1,0,0,0,0,0.0003
7.8036,185.2042,0.0864,102.8924,0.0001,0.0002,0.0000,0.0001,0.0000,270.0380,0.0064,-0.0890,-0.1124,0.3099,-0.2224,-13.3463,0.0000,0.0000,0.0000,1,0,0,0,0,0.0004
7.8663,185.2042,0.0864,102.8924,0.0001,0.0002,0.0000,0.0001,0.0000,270.0383,0.0049,-0.0890,-0.1124,0.3099,-0.2224,-13.3463,0.0000,0.0000,0.0000,1,0,0,0,0,0.0003
7.9352,185.2042,0.0864,102.8924,0.0001,0.0002,0.0000,0.0001,0.0000,270.0387,0.0053,-0.0890,-0.1124,0.3099,-0.2224,-13.3463,0.0000,0.0000,0.0000,1,0,0,0,0,0.0003
7.9874,185.2042,0.0864,102.8924,0.0001,0.0002,0.0000,0.0001,0.0000,270.0390,0.0058,-0.0890,-0.1124,0.3099,-0.2224,-13.3463,0.0000,0.0000,0.0000,1,0,0,0,0,0.0003
8.0386,185.2042,0.0864,102.8924,0.0001,0.0002,0.0000,0.0001,0.0000,270.0393,0.0060,-0.0890,-0.1124,0.3099,-0.2224,-13.3463,0.0000,0.0000,0.0000,1,0,0,0,0,0.0003
8.0934,185.2042,0.0864,102.8924,0.0001,0.0002,0.0000,0.0001,0.0000,270.0396,0.0056,-0.0890,-0.1124,0.3099,-0.2224,-13.3463,0.0000,0.0000,0.0000,1,0,0,0,0,0.0003
8.1444,185.2042,0.0864,102.8924,0.0001,0.0002,0.0000,0.0001,0.0000,270.0398,0.0036,-0.0890,-0.1124,0.3099,-0.2224,-13.3463,0.0000,0.0000,0.0000,1,0,0,0,0,0.0002
8.1947,185.2043,0.0864,102.8924,0.0001,0.0002,0.0000,0.0001,0.0000,270.0400,0.0049,-0.0890,-0.1124,0.3099,-0.2224,-13.3463,0.0000,0.0000,0.0000,1,0,0,0,0,0.0003
8.2605,185.2042,0.0864,102.8924,0.0001,0.0002,0.0000,0.0001,0.0000,270.0403,0.0037,-0.0890,-0.1124,0.3099,-0.2224,-13.3463,0.0000,0.0000,0.0000,1,0,0,0,0,0.0002
8.3187,185.2042,0.0864,102.8923,0.0001,0.0002,0.0000,0.0001,0.0000,270.0405,0.0037,-0.0890,-0.1124,0.3099,-0.2224,-13.3463,0.0000,0.0000,0.0000,1,0,0,0,0,0.0002
8.3741,185.2042,0.0864,102.8924,0.0001,0.0002,0.0000,0.0001,0.0000,270.0407,0.0039,-0.0890,-0.1124,0.3099,-0.2224,-13.3463,0.0000,0.0000,0.0000,1,0,0,0,0,0.0002
8.4246,185.2042,0.0864,102.8924,0.0001,0.0002,0.0000,0.0001,0.0000,270.0409,0.0030,-0.0890,-0.1124,0.3099,-0.2224,-13.3463,0.0000,0.0000,0.0000,1,0,0,0,0,0.0002
8.4749,185.2042,0.0864,102.8924,0.0001,0.0002,0.0000,0.0001,0.0000,270.0410,0.0036,-0.0890,-0.1124,0.3099,-0.2224,-13.3463,0.0000,0.0000,0.0000,1,0,0,0,0,0.0002
8.5374,185.2042,0.0864,102.8924,0.0001,0.0002,0.0000,0.0001,0.0000,270.0413,0.0039,-0.0890,-0.1124,0.3099,-0.2224,-13.3463,0.0000,0.0000,0.0000,1,0,0,0,0,0.0002
8.5977,185.2042,0.0864,102.8924,0.0001,0.0002,0.0000,0.0001,0.0000,270.0415,0.0030,-0.0890,-0.1124,0.3099,-0.2224,-13.3463,0.0000,0.0000,0.0000,1,0,0,0,0,0.0002
8.6493,185.2042,0.0864,102.8924,0.0001,0.0002,0.0000,0.0001,0.0000,270.0416,0.0030,-0.0890,-0.1124,0.3099,-0.2224,-13.3463,0.0000,0.0000,0.0000,1,0,0,0,0,0.0002
8.7025,185.2042,0.0864,102.8924,0.0001,0.0002,0.0000,0.0001,0.0000,270.0418,0.0040,-0.0890,-0.1124,0.3099,-0.2224,-13.3463,0.0000,0.0000,0.0000,1,0,0,0,0,0.0002
8.7721,185.2042,0.0864,102.8924,0.0001,0.0002,0.0000,0.0001,0.0000,270.0421,0.0035,-0.0890,-0.1124,0.3099,-0.2224,-13.3463,0.0000,0.0000,0.0000,1,0,0,0,0,0.0002
8.8299,185.2043,0.0864,102.8924,0.0001,0.0002,0.0000,0.0001,0.0000,270.0423,0.0032,-0.0890,-0.1124,0.3099,-0.2224,-13.3463,0.0000,0.0000,0.0000,1,0,0,0,0,0.0002
8.8913,185.2042,0.0864,102.8924,0.0001,0.0002,0.0000,0.0001,0.0000,270.0425,0.0035,-0.0890,-0.1124,0.3099,-0.2224,-13.3463,0.0000,0.0000,0.0000,1,0,0,0,0,0.0002
8.9428,185.2042,0.0864,102.8924,0.0001,0.0002,0.0000,0.0001,0.0000,270.0426,0.0030,-0.0890,-0.1124,0.3099,-0.2224,-13.3463,0.0000,0.0000,0.0000,1,0,0,0,0,0.0002
8.9936,185.2042,0.0864,102.8924,0.0001,0.0002,0.0000,0.0001,0.0000,270.0429,0.0054,-0.0890,-0.1124,0.3099,-0.2224,-13.3463,0.0000,0.0000,0.0000,1,0,0,0,0,0.0003
9.0448,185.2042,0.0864,102.8924,0.0001,0.0002,0.0000,0.0001,0.0000,270.0431,0.0042,-0.0890,-0.1124,0.3099,-0.2224,-13.3463,0.0000,0.0000,0.0000,1,0,0,0,0,0.0002
9.0981,185.2042,0.0864,102.8923,0.0001,0.0002,0.0000,0.0001,0.0000,270.0434,0.0052,-0.0890,-0.1124,0.3099,-0.2224,-13.3463,0.0000,0.0000,0.0000,1,0,0,0,0,0.0003
9.1539,185.2042,0.0864,102.8924,0.0001,0.0002,0.0000,0.0001,0.0000,270.0437,0.0055,-0.0890,-0.1124,0.3099,-0.2224,-13.3463,0.0000,0.0000,0.0000,1,0,0,0,0,0.0003
9.2112,185.2042,0.0864,102.8924,0.0001,0.0002,0.0000,0.0001,0.0000,270.0439,0.0043,-0.0890,-0.1124,0.3099,-0.2224,-13.3463,0.0000,0.0000,0.0000,1,0,0,0,0,0.0002
9.2643,185.2042,0.0864,102.8924,0.0001,0.0002,0.0000,0.0001,0.0000,270.0443,0.0058,-0.0890,-0.1124,0.3099,-0.2224,-13.3463,0.0000,0.0000,0.0000,1,0,0,0,0,0.0003
9.3189,185.2042,0.0864,102.8924,0.0001,0.0002,0.0000,0.0001,0.0000,270.0446,0.0056,-0.0890,-0.1124,0.3099,-0.2224,-13.3463,0.0000,0.0000,0.0000,1,0,0,0,0,0.0003
9.3817,185.2042,0.0864,102.8924,0.0001,0.0002,0.0000,0.0001,0.0000,270.0449,0.0058,-0.0890,-0.1124,0.3099,-0.2224,-13.3463,0.0000,0.0000,0.0000,1,0,0,0,0,0.0003
9.4379,185.2042,0.0864,102.8924,0.0001,0.0002,0.0000,0.0001,0.0000,270.0452,0.0054,-0.0890,-0.1124,0.3099,-0.2224,-13.3463,0.0000,0.0000,0.0000,1,0,0,0,0,0.0003
9.5001,185.2042,0.0864,102.8924,0.0001,0.0002,0.0000,0.0001,0.0000,270.0456,0.0054,-0.0890,-0.1124,0.3099,-0.2224,-13.3463,0.0000,0.0000,0.0000,1,0,0,0,0,0.0003
9.5573,185.2042,0.0864,102.8924,0.0001,0.0002,0.0000,0.0001,0.0000,270.0460,0.0069,-0.0890,-0.1124,0.3099,-0.2224,-13.3463,0.0000,0.0000,0.0000,1,0,0,0,0,0.0004
9.6117,185.2043,0.0864,102.8923,0.0001,0.0002,0.0000,0.0001,0.0000,270.0462,0.0050,-0.0890,-0.1124,0.3099,-0.2224,-13.3463,0.0000,0.0000,0.0000,1,0,0,0,0,0.0003
9.6642,185.2042,0.0864,102.8923,0.0001,0.0002,0.0000,0.0001,0.0000,270.0466,0.0064,-0.0890,-0.1124,0.3099,-0.2224,-13.3463,0.0000,0.0000,0.0000,1,0,0,0,0,0.0004
9.7199,185.2042,0.0864,102.8924,0.0001,0.0002,0.0000,0.0001,0.0000,270.0469,0.0055,-0.0890,-0.1124,0.3099,-0.2224,-13.3463,0.0000,0.0000,0.0000,1,0,0,0,0,0.0003
9.7722,185.2042,0.0864,102.8923,0.0001,0.0002,0.0000,0.0001,0.0000,270.0472,0.0064,-0.0890,-0.1124,0.3099,-0.2224,-13.3463,0.0000,0.0000,0.0000,1,0,0,0,0,0.0004
9.8232,185.2042,0.0864,102.8924,0.0001,0.0002,0.0000,0.0001,0.0000,270.0475,0.0054,-0.0890,-0.1124,0.3099,-0.2224,-13.3463,0.0000,0.0000,0.0000,1,0,0,0,0,0.0003
9.8793,185.2042,0.0864,102.8924,0.0001,0.0002,0.0000,0.0001,0.0000,270.0479,0.0065,-0.0890,-0.1124,0.3099,-0.2224,-13.3463,0.0000,0.0000,0.0000,1,0,0,0,0,0.0004
9.9350,185.2042,0.0864,102.8924,0.0001,0.0002,0.0000,0.0001,0.0000,270.0481,0.0044,-0.0890,-0.1124,0.3099,-0.2224,-13.3463,0.0000,0.0000,0.0000,1,0,0,0,0,0.0002
9.9938,185.2042,0.0864,102.8924,0.0001,0.0002,0.0000,0.0001,0.0000,270.0483,0.0042,-0.0890,-0.1124,0.3099,-0.2224,-13.3463,0.0000,0.0000,0.0000,1,0,0,0,0,0.0002
10.0460,185.2042,0.0864,102.8924,0.0001,0.0002,0.0000,0.0001,0.0000,270.0486,0.0053,-0.0890,-0.1124,0.3099,-0.2224,-13.3463,0.0000,0.0000,0.0000,1,0,0,0,0,0.0003
10.1051,185.2042,0.0864,102.8924,0.0001,0.0002,0.0000,0.0001,0.0000,270.0489,0.0047,-0.0890,-0.1124,0.3099,-0.2224,-13.3463,0.0000,0.0000,0.0000,1,0,0,0,0,0.0003
10.1579,185.2042,0.0864,102.8924,0.0001,0.0002,0.0000,0.0001,0.0000,270.0492,0.0058,-0.0890,-0.1124,0.3099,-0.2224,-13.3463,0.0000,0.0000,0.0000,1,0,0,0,0,0.0003
10.2198,185.2042,0.0864,102.8924,0.0001,0.0002,0.0000,0.0001,0.0000,270.0495,0.0049,-0.0890,-0.1124,0.3099,-0.2224,-13.3463,0.0000,0.0000,0.0000,1,0,0,0,0,0.0003
10.2711,185.2042,0.0864,102.8923,0.0001,0.0002,0.0000,0.0001,0.0000,270.0498,0.0060,-0.0890,-0.1124,0.3099,-0.2224,-13.3463,0.0000,0.0000,0.0000,1,0,0,0,0,0.0003
10.3414,185.2042,0.0864,102.8923,0.0001,0.0002,0.0000,0.0001,0.0000,270.0502,0.0052,-0.0890,-0.1124,0.3099,-0.2224,-13.3463,0.0000,0.0000,0.0000,1,0,0,0,0,0.0003
10.3966,185.2042,0.0864,102.8924,0.0001,0.0002,0.0000,0.0001,0.0000,270.0504,0.0050,-0.0890,-0.1124,0.3099,-0.2224,-13.3463,0.0000,0.0000,0.0000,1,0,0,0,0,0.0003
10.4568,185.2042,0.0864,102.8924,0.0001,0.0002,0.0000,0.0001,0.0000,270.0507,0.0046,-0.0890,-0.1124,0.3099,-0.2224,-13.3463,0.0000,0.0000,0.0000,1,0,0,0,0,0.0003
10.5089,185.2043,0.0864,102.8924,0.0001,0.0002,0.0000,0.0001,0.0000,270.0509,0.0035,-0.0890,-0.1124,0.3099,-0.2224,-13.3463,0.0000,0.0000,0.0000,1,0,0,0,0,0.0002
10.5596,185.2042,0.0864,102.8924,0.0001,0.0002,0.0000,0.0001,0.0000,270.0511,0.0036,-0.0890,-0.1124,0.3099,-0.2224,-13.3463,0.0000,0.0000,0.0000,1,0,0,0,0,0.0002
10.6112,185.2042,0.0864,102.8924,0.0001,0.0002,0.0000,0.0001,0.0000,270.0512,0.0030,-0.0890,-0.1124,0.3099,-0.2224,-13.3463,0.0000,0.0000,0.0000,1,0,0,0,0,0.0002
10.6698,185.2042,0.0864,102.8923,0.0001,0.0002,0.0000,0.0001,0.0000,270.0515,0.0042,-0.0890,-0.1124,0.3099,-0.2224,-13.3463,0.0000,0.0000,0.0000,1,0,0,0,0,0.0002
10.7198,185.2042,0.0864,102.8924,0.0001,0.0002,0.0000,0.0001,0.0000,270.0516,0.0030,-0.0890,-0.1124,0.3099,-0.2224,-13.3463,0.0000,0.0000,0.0000,1,0,0,0,0,0.0002
10.7767,185.2042,0.0864,102.8924,0.0001,0.0002,0.0000,0.0001,0.0000,270.0518,0.0032,-0.0890,-0.1124,0.3099,-0.2224,-13.3463,0.0000,0.0000,0.0000,1,0,0,0,0,0.0002
10.8301,185.2042,0.0864,102.8924,0.0001,0.0002,0.0000,0.0001,0.0000,270.0520,0.0040,-0.0890,-0.1124,0.3099,-0.2224,-13.3463,0.0000,0.0000,0.0000,1,0,0,0,0,0.0002
10.8890,185.2042,0.0864,102.8924,0.0001,0.0002,0.0000,0.0001,0.0000,270.0522,0.0036,-0.0890,-0.1124,0.3099,-0.2224,-13.3463,0.0000,0.0000,0.0000,1,0,0,0,0,0.0002
10.9493,185.2042,0.0864,102.8924,0.0001,0.0002,0.0000,0.0001,0.0000,270.0525,0.0040,-0.0890,-0.1124,0.3099,-0.2224,-13.3463,0.0000,0.0000,0.0000,1,0,0,0,0,0.0002
11.0049,185.2042,0.0864,102.8924,0.0001,0.0002,0.0000,0.0001,0.0000,270.0527,0.0033,-0.0890,-0.1124,0.3099,-0.2224,-13.3463,0.0000,0.0000,0.0000,1,0,0,0,0,0.0002
11.0630,185.2042,0.0864,102.8924,0.0001,0.0002,0.0000,0.0001,0.0000,270.0529,0.0032,-0.0890,-0.1124,0.3099,-0.2224,-13.3463,0.0000,0.0000,0.0000,1,0,0,0,0,0.0002
11.1244,185.2043,0.0864,102.8924,0.0001,0.0002,0.0000,0.0001,0.0000,270.0531,0.0040,-0.0890,-0.1124,0.3099,-0.2224,-13.3463,0.0000,0.0000,0.0000,1,0,0,0,0,0.0002
11.1783,185.2042,0.0864,102.8924,0.0001,0.0002,0.0000,0.0001,0.0000,270.0533,0.0040,-0.0890,-0.1124,0.3099,-0.2224,-13.3463,0.0000,0.0000,0.0000,1,0,0,0,0,0.0002
11.2287,185.2042,0.0864,102.8924,0.0001,0.0002,0.0000,0.0001,0.0000,270.0535,0.0030,-0.0890,-0.1124,0.3099,-0.2224,-13.3463,0.0000,0.0000,0.0000,1,0,0,0,0,0.0002
11.2911,185.2042,0.0864,102.8924,0.0001,0.0002,0.0000,0.0001,0.0000,270.0537,0.0039,-0.0890,-0.1124,0.3099,-0.2224,-13.3463,0.0000,0.0000,0.0000,1,0,0,0,0,0.0002
11.3512,185.2042,0.0864,102.8924,0.0001,0.0002,0.0000,0.0001,0.0000,270.0540,0.0051,-0.0890,-0.1124,0.3099,-0.2224,-13.3463,0.0000,0.0000,0.0000,1,0,0,0,0,0.0003
11.4061,185.2042,0.0864,102.8924,0.0001,0.0002,0.0000,0.0001,0.0000,270.0543,0.0050,-0.0890,-0.1124,0.3099,-0.2224,-13.3463,0.0000,0.0000,0.0000,1,0,0,0,0,0.0003
11.4594,185.2042,0.0864,102.8924,0.0001,0.0002,0.0000,0.0001,0.0000,270.0546,0.0052,-0.0890,-0.1124,0.3099,-0.2224,-13.3463,0.0000,0.0000,0.0000,1,0,0,0,0,0.0003
11.5106,185.2042,0.0864,102.8924,0.0001,0.0002,0.0000,0.0001,0.0000,270.0548,0.0048,-0.0890,-0.1124,0.3099,-0.2224,-13.3463,0.0000,0.0000,0.0000,1,0,0,0,0,0.0003
11.5715,185.2042,0.0864,102.8924,0.0001,0.0002,0.0000,0.0001,0.0000,270.0552,0.0060,-0.0890,-0.1124,0.3099,-0.2224,-13.3463,0.0000,0.0000,0.0000,1,0,0,0,0,0.0003
11.6283,185.2042,0.0864,102.8924,0.0001,0.0002,0.0000,0.0001,0.0000,270.0555,0.0054,-0.0890,-0.1124,0.3099,-0.2224,-13.3463,0.0000,0.0000,0.0000,1,0,0,0,0,0.0003
11.6905,185.2042,0.0864,102.8924,0.0001,0.0002,0.0000,0.0001,0.0000,270.0558,0.0059,-0.0890,-0.1124,0.3099,-0.2224,-13.3463,0.0000,0.0000,0.0000,1,0,0,0,0,0.0003
11.7506,185.2042,0.0864,102.8924,0.0001,0.0002,0.0000,0.0001,0.0000,270.0562,0.0051,-0.0890,-0.1104,0.3099,-0.2224,-13.3463,0.0000,0.0000,0.0000,1,0,0,0,0,0.0003
11.8024,185.2042,0.0864,102.8924,0.0001,0.0002,0.0000,0.0001,0.0000,270.0565,0.0059,-0.0890,-0.1104,0.3099,-0.2224,-13.3463,0.0000,0.0000,0.0000,1,0,0,0,0,0.0003
11.8601,185.2042,0.0864,102.8924,0.0001,0.0002,0.0000,0.0001,0.0000,270.0568,0.0053,-0.0890,-0.0948,0.3099,-0.2224,-13.3463,0.0000,0.0000,0.0000,1,0,0,0,0,0.0003
11.9185,185.2042,0.0864,102.8924,0.0001,0.0002,0.0000,0.0001,0.0000,270.0571,0.0063,-0.0890,-0.0850,0.3099,-0.2224,-13.3463,0.0000,0.0000,0.0000,1,0,0,0,0,0.0003
11.9738,185.2042,0.0864,102.8924,0.0001,0.0002,0.0000,0.0001,0.0000,270.0574,0.0055,-0.0890,-0.0831,0.3099,-0.2224,-13.3463,0.0000,0.0000,0.0000,1,0,0,0,0,0.0003
12.0338,185.2042,0.0864,102.8924,0.0001,0.0002,0.0000,0.0001,0.0000,270.0578,0.0066,-0.0890,-0.0694,0.3099,-0.2224,-13.3463,0.0000,0.0000,0.0000,1,0,0,0,0,0.0004
12.0880,185.2042,0.0864,102.8924,0.0001,0.0002,0.0000,0.0001,0.0000,270.0582,0.0062,-0.0890,-0.0596,0.3099,-0.2224,-13.3463,0.0000,0.0000,0.0000,1,0,0,0,0,0.0003
12.1472,185.2042,0.0864,102.8924,0.0001,0.0002,0.0000,0.0001,0.0000,270.0585,0.0052,-0.0890,-0.0557,0.3099,-0.2224,-13.3463,0.0000,0.0000,0.0000,1,0,0,0,0,0.0003
12.2115,185.2042,0.0864,102.8924,0.0001,0.0002,0.0000,0.0001,0.0000,270.0588,0.0057,-0.0890,-0.0596,0.3099,-0.2224,-13.3463,0.0000,0.0000,0.0000,1,0,0,0,0,0.0003
12.2671,185.2042,0.0864,102.8924,0.0001,0.0002,0.0000,0.0001,0.0000,270.0591,0.0038,-0.0890,-0.0674,0.3099,-0.2224,-13.3463,0.0000,0.0000,0.0000,1,0,0,0,0,0.0002
12.3249,185.2042,0.0864,102.8924,0.0001,0.0002,0.0000,0.0001,0.0000,270.0593,0.0042,-0.0890,-0.0322,0.3099,-0.2224,-13.3463,0.0000,0.0000,0.0000,1,0,0,0,0,0.0002
12.3802,185.2042,0.0864,102.8924,0.0001,0.0002,0.0000,0.0001,0.0000,270.0596,0.0050,-0.0890,-0.0049,0.3099,-0.2224,-13.3463,0.0000,0.0000,0.0000,1,0,0,0,0,0.0003
12.4304,185.2042,0.0864,102.8924,0.0001,0.0003,0.0000,0.0001,0.0002,270.0596,0.0012,-0.0890,0.0127,0.3099,-0.2224,-13.3463,0.0000,0.0048,0.0000,1,0,0,0,0,0.0001
12.4881,185.2042,0.0864,102.8924,0.0002,0.0006,0.0000,0.0002,0.0014,270.0563,-0.0571,-0.0890,0.0284,0.3099,-0.2224,-13.3463,0.0000,0.0360,0.0000,1,0,0,0,0,0.0032
12.5445,185.2042,0.0864,102.8924,0.0001,0.0002,0.0000,0.0001,-0.0016,270.0479,-0.1493,-0.0890,0.0459,0.3099,-0.2224,-13.3463,0.0000,0.0718,0.0000,1,0,0,0,0,0.0083
12.5948,185.2042,0.0864,102.8924,0.0001,0.0004,0.0000,0.0001,0.0011,270.0370,-0.2172,-0.0890,0.0596,0.3099,-0.2224,-13.3463,0.0000,0.1016,0.0000,1,0,0,0,0,0.0121
12.6453,185.2042,0.0864,102.8923,0.0002,0.0007,0.0000,0.0002,0.0014,270.0181,-0.3734,-0.0890,0.0792,0.3099,-0.2224,-13.3463,0.0000,0.1404,0.0000,1,0,0,0,0,0.0207
12.6976,185.2042,0.0864,102.8923,0.0003,0.0010,-0.0001,0.0003,0.0015,269.9978,-0.3891,-0.0890,0.1046,0.3099,-0.2224,-13.3463,0.0000,0.1845,0.0000,1,0,0,0,0,0.0216
12.7557,185.2043,0.0864,102.8923,0.0004,0.0015,-0.0001,0.0004,0.0024,269.9559,-0.7205,-0.0890,0.1378,0.3099,-0.2224,-13.3463,0.0000,0.2605,0.0000,1,0,0,0,0,0.0400
12.8060,185.2042,0.0864,102.8922,0.0005,0.0017,-0.0001,0.0005,0.0015,269.9208,-0.6975,-0.0890,0.1437,0.3099,-0.2224,-13.3463,0.0000,0.3027,0.0000,1,0,0,0,0,0.0387
12.8592,185.2042,0.0864,102.8922,0.0005,0.0019,-0.0001,0.0005,0.0010,269.8718,-0.9222,-0.0890,0.1437,0.3099,-0.2224,-13.3463,0.0000,0.3316,0.0000,1,0,0,0,0,0.0512
12.9095,185.2043,0.0864,102.8921,0.0006,0.0021,-0.0001,0.0006,0.0008,269.8190,-1.0491,-0.0890,0.1515,0.3099,-0.2224,-13.3463,0.0000,0.3545,0.0000,1,0,0,0,0,0.0583
12.9605,185.2042,0.0864,102.8920,0.0006,0.0022,-0.0001,0.0006,0.0005,269.7746,-0.8698,-0.0890,0.1594,0.3099,-0.2224,-13.3463,0.0000,0.3688,0.0000,1,0,0,0,0,0.0483
13.0122,185.2042,0.0864,102.8919,0.0007,0.0023,-0.0002,0.0006,0.0009,269.7163,-1.1291,-0.0890,0.1730,0.3099,-0.2224,-13.3463,0.0000,0.3935,0.0000,1,0,0,0,0,0.0627
13.0679,185.2042,0.0864,102.8919,0.0008,0.0029,0.0000,0.0008,0.0026,269.6523,-1.1476,-0.0890,0.1867,0.3099,-0.2224,-13.3463,0.0000,0.4250,0.0000,1,0,0,0,0,0.0638
13.1183,185.2042,0.0864,102.8918,0.0009,0.0033,0.0001,0.0009,0.0025,269.5963,-1.1124,-0.0890,0.2004,0.3099,-0.2224,-13.3463,0.0000,0.4545,0.0000,1,0,0,0,0,0.0618
13.1764,185.2042,0.0864,102.8917,0.0011,0.0039,0.0002,0.0011,0.0026,269.5051,-1.5682,-0.0890,0.2063,0.3099,-0.2224,-13.3463,0.0000,0.4897,0.0000,1,0,0,0,0,0.0871
13.2340,185.2041,0.0864,102.8915,0.0011,0.0041,0.0002,0.0011,0.0012,269.4253,-1.3859,-0.0890,0.2141,0.3099,-0.2224,-13.3463,0.0000,0.5055,0.0000,1,0,0,0,0,0.0770
13.2985,185.2040,0.0864,102.8914,0.0013,0.0047,0.0003,0.0013,0.0025,269.3238,-1.5742,-0.0890,0.2336,0.3099,-0.2224,-13.3463,0.0000,0.5425,0.0000,1,0,0,0,0,0.0875
13.3538,185.2039,0.0864,102.8912,0.0015,0.0053,0.0004,0.0014,0.0029,269.2323,-1.6545,-0.0890,0.2493,0.3099,-0.2224,-13.3463,0.0000,0.5791,0.0000,1,0,0,0,0,0.0919
13.4104,185.2038,0.0864,102.8911,0.0088,0.0318,0.0087,0.0012,0.1301,269.1359,-1.7048,-0.0890,0.2630,0.3099,-0.2224,-13.3463,0.0000,0.6142,0.0000,1,0,0,0,0,0.0947
13.4646,185.2025,0.0864,102.8909,0.0564,0.2031,0.0564,0.0013,0.8778,269.0375,-1.8142,-0.0890,0.2845,0.3099,-0.2224,-13.3463,0.0000,0.6549,0.0000,1,0,0,0,0,0.1008
13.5248,185.1967,0.0864,102.8906,0.1531,0.5511,0.1531,0.0017,1.6061,268.9308,-1.7722,-0.0890,0.2962,0.3099,-0.2224,-13.3463,0.0000,0.6971,0.0000,1,0,0,0,0,0.0985
13.5762,185.1859,0.0864,102.8903,0.2830,1.0186,0.2829,0.0021,2.5277,268.8165,-2.2252,-0.0890,0.2962,0.3099,-0.2224,-13.3463,0.0000,0.7192,0.0000,1,0,0,0,0,0.1236
13.6362,185.1649,0.0864,102.8896,0.4292,1.5450,0.4292,0.0024,2.4346,268.6960,-2.0067,-0.0890,0.2962,0.3099,-0.2224,-13.3463,0.0000,0.7301,0.0000,1,0,0,0,0,0.1115
13.6929,185.1363,0.0864,102.8887,0.5834,2.1002,0.5834,0.0026,2.7218,268.5699,-2.2262,-0.0890,0.2962,0.3099,-0.2224,-13.3463,0.0000,0.7354,0.0000,1,0,0,0,0,0.1912
13.7452,185.1017,0.0864,102.8876,0.7415,2.6695,0.7415,0.0027,3.0234,268.4386,-2.5088,-0.0890,0.2962,0.3099,-0.2224,-13.3463,0.0000,0.7380,0.0000,1,0,0,0,0,0.1937
13.8058,185.0519,0.0864,102.8860,0.9008,3.2428,0.9008,0.0026,2.6252,268.3024,-2.2457,-0.0890,0.2923,0.3099,-0.2224,-13.3463,0.0000,0.7368,0.0000,1,0,0,0,0,0.1682
13.8596,184.9989,0.0864,102.8841,1.0563,3.8026,1.0563,0.0024,2.8925,268.1619,-2.6126,-0.0890,0.2923,0.3099,-0.2224,-13.3463,0.0000,0.7337,0.0000,1,0,0,0,0,0.1797
13.9100,184.9421,0.0864,102.8821,1.2096,4.3545,1.2096,0.0022,3.0435,268.0172,-2.8745,-0.0890,0.2923,0.3099,-0.2224,-13.3463,0.0000,0.7321,0.0000,1,0,0,0,0,0.1865
13.9700,184.8653,0.0864,102.8791,1.3617,4.9021,1.3617,0.0018,2.5355,267.8679,-2.4886,-0.0890,0.2923,0.3099,-0.2224,-13.3463,0.0000,0.7314,0.0000,1,0,0,0,0,0.1579
14.0270,184.7832,0.0864,102.8758,1.5124,5.4448,1.5124,0.0013,2.6430,267.7143,-2.6924,-0.0890,0.2903,0.3099,-0.2224,-13.3463,0.0000,0.7293,0.0000,1,0,0,0,0,0.1628
14.0876,184.6863,0.0864,102.8716,1.6944,6.0998,1.6944,0.0007,3.0033,267.5247,-3.1288,-0.0851,0.2942,0.3099,-0.2191,-13.3376,0.1444,0.7326,0.0000,1,0,0,0,0,0.1881
14.1443,184.5863,0.0864,102.8671,1.8487,6.6553,1.8487,0.0002,2.7184,267.3663,-2.7907,-0.0812,0.2942,0.3099,-0.2113,-13.1342,3.5832,0.7341,0.0000,1,0,0,0,0,0.3557
14.1959,184.4878,0.0864,102.8624,1.9730,7.1027,1.9730,0.0002,2.4087,267.2414,-2.4208,-0.0772,0.2942,0.3099,-0.2028,-12.7911,6.6491,0.7347,0.0000,1,0,0,0,0,0.5054
14.2510,184.3743,0.0864,102.8567,2.1288,7.6638,2.1288,0.0007,2.8300,267.0873,-2.7983,-0.0753,0.2942,0.3099,-0.1948,-12.3118,8.7030,0.7352,0.0000,1,0,0,0,0,0.6436
14.3054,184.2537,0.0864,102.8504,2.2868,8.2325,2.2868,0.0012,2.9023,266.9330,-2.8354,-0.0753,0.2962,0.3099,-0.1910,-11.9325,6.9692,0.7379,0.0000,1,0,0,0,0,0.5526
14.3637,184.1152,0.0864,102.8428,2.4789,8.9241,2.4789,0.0020,3.2963,266.7445,-3.2336,-0.0753,0.2962,0.3099,-0.1892,-11.6542,4.7743,0.7393,0.0000,1,0,0,0,0,0.4569
14.4173,183.9793,0.0864,102.8349,2.6077,9.3878,2.6077,0.0026,2.4041,266.6172,-2.3769,-0.0733,0.2962,0.3099,-0.1863,-11.4755,3.3349,0.7398,0.0000,1,0,0,0,0,0.3323
14.4857,183.7936,0.0864,102.8237,2.8338,10.2016,2.8338,0.0037,3.3033,266.3908,-3.3082,-0.0733,0.2962,0.3099,-0.1842,-11.2978,2.5964,0.7402,0.0000,1,0,0,0,0,0.3475
14.5365,183.6469,0.0864,102.8145,2.9632,10.6675,2.9632,0.0044,2.5474,266.2593,-2.5871,-0.0714,0.2962,0.3099,-0.1818,-11.1276,3.3503,0.7403,0.0000,1,0,0,0,0,0.3521
14.5930,183.4754,0.0864,102.8032,3.1250,11.2499,3.1250,0.0051,2.8679,266.0960,-2.8952,-0.0655,0.2962,0.3099,-0.1744,-10.9080,3.8940,0.7404,0.0000,1,0,0,0,0,0.4019
14.6447,183.3099,0.0864,102.7919,3.2868,11.8323,3.2867,0.0057,3.1284,265.9374,-3.0679,-0.0596,0.2962,0.3099,-0.1638,-10.5829,6.2861,0.7404,0.0000,1,0,0,0,0,0.5456
14.7015,183.1193,0.0864,102.7784,3.4487,12.4154,3.4487,0.0059,2.8520,265.7872,-2.6442,-0.0538,0.2962,0.3099,-0.1499,-9.9705,10.7818,0.7404,0.0000,1,0,0,0,0,0.7717
14.7517,182.9430,0.0864,102.7654,3.5782,12.8814,3.5782,0.0060,2.5769,265.6737,-2.2595,-0.0499,0.2962,0.3099,-0.1396,-9.3541,12.2724,0.7404,0.0000,1,0,0,0,0,0.8325
14.8140,182.7139,0.0864,102.7480,3.7724,13.5807,3.7724,0.0059,3.1163,265.5135,-2.5692,-0.0459,0.2962,0.3099,-0.1263,-8.6488,11.3139,0.7404,0.0000,1,0,0,0,0,0.7949
14.8715,182.4929,0.0864,102.7307,3.9343,14.1634,3.9343,0.0059,2.8171,265.3869,-2.2044,-0.0440,0.2962,0.3099,-0.1190,-7.9550,12.0770,0.7404,0.0000,1,0,0,0,0,0.8160
14.9238,182.2832,0.0864,102.7138,4.0962,14.7462,4.0962,0.0060,3.0928,265.2640,-2.3472,-0.0440,0.2962,0.3099,-0.1139,-7.4572,9.5093,0.7404,0.0000,1,0,0,0,0,0.6807
14.9749,182.0710,0.0864,102.6962,4.2581,15.3292,4.2581,0.0063,3.1719,265.1419,-2.3916,-0.0440,0.2962,0.3099,-0.1116,-7.1463,6.0891,0.7404,0.0000,1,0,0,0,0,0.4933
15.0303,181.8319,0.0864,102.6760,4.4200,15.9120,4.4200,0.0068,2.9188,265.0188,-2.2206,-0.0440,0.2962,0.3099,-0.1107,-6.8967,4.5000,0.7404,0.0000,1,0,0,0,0,0.3965
15.0841,181.5920,0.0864,102.6552,4.5499,16.3795,4.5499,0.0074,2.4182,264.9189,-1.8589,-0.0440,0.2981,0.3099,-0.1103,-6.7563,2.6149,0.7417,0.0000,1,0,0,0,0,0.2729
15.1354,181.3545,0.0864,102.6341,4.7144,16.9719,4.7144,0.0082,3.2025,264.7921,-2.4683,-0.0440,0.2981,0.3099,-0.1101,-6.6874,1.3404,0.7435,0.0000,1,0,0,0,0,0.2376
15.1879,181.1039,0.0864,102.6114,4.8805,17.5697,4.8805,0.0090,3.1642,264.6630,-2.4613,-0.0440,0.2981,0.3099,-0.1100,-6.6499,0.7146,0.7444,0.0000,1,0,0,0,0,0.2042
15.2413,180.8406,0.0864,102.5870,5.0471,18.1695,5.0471,0.0100,3.1198,264.5313,-2.4647,-0.0440,0.2981,0.3099,-0.1100,-6.6245,0.4760,0.7449,0.0000,1,0,0,0,0,0.1930
15.2951,180.5666,0.0864,102.5610,5.1806,18.6503,5.1806,0.0108,2.4821,264.4243,-1.9898,-0.0440,0.2981,0.3099,-0.1100,-6.6124,0.2250,0.7451,0.0000,1,0,0,0,0,0.1544
15.3579,180.2361,0.0864,102.5289,5.3812,19.3723,5.3812,0.0121,3.1954,264.2607,-2.6067,-0.0440,0.2981,0.3099,-0.1100,-6.6055,0.1107,0.7452,0.0000,1,0,0,0,0,0.1846
15.4144,179.9286,0.0864,102.4982,5.5484,19.9743,5.5484,0.0132,2.9591,264.1216,-2.4607,-0.0440,0.2981,0.3099,-0.1100,-6.6019,0.0632,0.7453,0.0000,1,0,0,0,0,0.1758
15.4735,179.5969,0.0864,102.4644,5.7492,20.6970,5.7492,0.0145,3.3985,263.9515,-2.8794,-0.0440,0.2981,0.3099,-0.1100,-6.6003,0.0270,0.7453,0.0000,1,0,0,0,0,0.1992
15.5338,179.2477,0.0864,102.4278,5.9146,21.2926,5.9146,0.0157,2.7443,263.8071,-2.3949,-0.0440,0.2962,0.3099,-0.1100,-6.5995,0.0138,0.7428,0.0000,1,0,0,0,0,0.1735
15.5862,178.9356,0.0864,102.3944,6.0795,21.8863,6.0795,0.0168,3.1467,263.6604,-2.8003,-0.0440,0.2981,0.3099,-0.1100,-6.5991,0.0067,0.7437,0.0000,1,0,0,0,0,0.1974
15.6482,178.5555,0.0864,102.3527,6.2456,22.4841,6.2456,0.0181,2.6758,263.5110,-2.4071,-0.0440,0.2981,0.3099,-0.1100,-6.5989,0.0030,0.7445,0.0000,1,0,0,0,0,0.1774
15.7032,178.2093,0.0864,102.3138,6.4123,23.0843,6.4123,0.0194,3.0325,263.3592,-2.7610,-0.0440,0.2981,0.3099,-0.1100,-6.5988,0.0017,0.7449,0.0000,1,0,0,0,0,0.1988
15.7662,177.8014,0.0864,102.2668,6.6128,23.8059,6.6127,0.0209,3.1798,263.1736,-2.9445,-0.0440,0.2981,0.3099,-0.1100,-6.5988,0.0007,0.7452,0.0000,1,0,0,0,0,0.2110
15.8206,177.4399,0.0864,102.2242,6.7794,24.4058,6.7793,0.0222,3.0625,263.0164,-2.8899,-0.0440,0.2942,0.3099,-0.1100,-6.5988,0.0004,0.7434,0.0000,1,0,0,0,0,0.2097
15.8727,177.0861,0.0864,102.1816,6.9094,24.8739,6.9094,0.0233,2.4992,262.8889,-2.4485,-0.0440,0.2942,0.3099,-0.1100,-6.5988,0.0002,0.7400,0.0000,1,0,0,0,0,0.1867
15.9321,176.6729,0.0864,102.1306,7.1007,25.5627,7.1007,0.0249,3.2213,262.6952,-3.2624,-0.0440,0.2942,0.3099,-0.1100,-6.5988,0.0001,0.7374,0.0000,1,0,0,0,0,0.2338
15.9878,176.2766,0.0864,102.0807,7.2588,26.1316,7.2587,0.0262,2.8383,262.5313,-2.9443,-0.0440,0.2962,0.3099,-0.1100,-6.5988,0.0000,0.7371,0.0000,1,0,0,0,0,0.2178
16.0499,175.8240,0.0864,102.0223,7.4182,26.7056,7.4182,0.0271,2.5656,262.3700,-2.5948,-0.0362,0.2962,0.3099,-0.1033,-6.5011,1.5719,0.7388,0.0000,1,0,0,0,0,0.2863
16.1074,175.3957,0.0864,101.9657,7.6111,27.3998,7.6110,0.0261,3.3545,262.1951,-3.0418,-0.0303,0.2962,0.3099,-0.0882,-6.1571,5.9828,0.7398,0.0000,1,0,0,0,0,0.5527
16.1653,174.9550,0.0864,101.9062,7.7724,27.9806,7.7723,0.0240,2.7870,262.0692,-2.1754,-0.0245,0.2962,0.3099,-0.0745,-5.4548,12.1336,0.7401,0.0000,1,0,0,0,0,0.8412
16.2181,174.5442,0.0864,101.8498,7.9340,28.5625,7.9340,0.0211,3.0578,261.9612,-2.0429,-0.0206,0.2962,0.3099,-0.0627,-4.8560,11.3268,0.7403,0.0000,1,0,0,0,0,0.7827
16.2772,174.0756,0.0864,101.7843,8.0957,29.1447,8.0957,0.0149,2.7366,261.8961,-1.1016,-0.0147,0.2962,0.3099,-0.0270,-3.5921,21.3905,0.7404,0.0000,1,0,0,0,0,1.2771
16.3322,173.6306,0.0864,101.7214,8.2576,29.7275,8.2576,0.0077,2.9442,261.8653,-0.5605,-0.0127,0.2962,0.3099,-0.0116,-2.4896,20.0489,0.7404,0.0000,1,0,0,0,0,1.1590
16.3853,173.1926,0.0864,101.6590,8.4212,30.3162,8.4212,0.0022,3.0801,261.8494,-0.2995,-0.0088,0.2981,0.3099,-0.0050,-1.4709,19.1853,0.7429,0.0000,1,0,0,0,0,1.0864
16.4404,172.7292,0.0864,101.5925,8.5868,30.9125,8.5868,0.0016,3.0038,261.8400,-0.1699,-0.0049,0.2981,0.3099,-0.0021,-0.8047,12.0841,0.7441,0.0000,1,0,0,0,0,0.6836
16.4933,172.2766,0.0864,101.5274,8.7199,31.3915,8.7199,0.0035,2.5184,261.8347,-0.1017,-0.0029,0.2981,0.3099,-0.0011,-0.4535,6.6469,0.7447,0.0000,1,0,0,0,0,0.3810
16.5495,171.7860,0.0864,101.4567,8.8867,31.9921,8.8867,0.0052,2.9673,261.8293,-0.0961,-0.0029,0.2981,0.3099,-0.0005,-0.2997,2.7338,0.7450,0.0000,1,0,0,0,0,0.1659
16.6003,171.3346,0.0864,101.3916,9.0538,32.5936,9.0538,0.0053,3.2896,261.8299,0.0126,-0.0010,0.2981,0.3099,-0.0002,-0.1287,3.3683,0.7452,0.0000,1,0,0,0,0,0.1967
16.6634,170.7628,0.0864,101.3090,9.2544,33.3159,9.2544,0.0077,3.1776,261.8356,0.0899,-0.0010,0.2981,0.3099,-0.0001,-0.0645,1.0164,0.7453,0.0000,1,0,0,0,0,0.0740
16.7226,170.2166,0.0864,101.2301,9.4217,33.9181,9.4217,0.0089,2.8292,261.8405,0.0831,-0.0010,0.2981,0.3099,0.0000,-0.0330,0.5336,0.7453,0.0000,1,0,0,0,0,0.0484
16.7835,169.6433,0.0864,101.1473,9.6224,34.6407,9.6224,0.0076,3.2969,261.8407,0.0035,-0.0049,0.2981,0.3099,0.0000,-0.0150,0.2950,0.7453,0.0000,1,0,0,0,0,0.0285
16.8395,169.1059,0.0864,101.0698,9.7897,35.2429,9.7897,0.0076,2.9854,261.8364,-0.0762,-0.0147,0.2981,0.3099,0.0000,-0.0070,0.1421,0.7453,0.0000,1,0,0,0,0,0.0238
16.8914,168.5996,0.0864,100.9967,9.9235,35.7248,9.9235,0.0061,2.5784,261.8247,-0.2263,-0.0206,0.2981,0.3099,-0.0147,-0.0491,0.8111,0.7453,0.0000,1,0,0,0,0,0.0669
16.9501,168.0174,0.0864,100.9125,10.1215,36.4372,10.1215,0.0040,3.3709,261.7420,-1.4081,-0.0284,0.2942,0.3099,-0.0471,-1.0307,16.7180,0.7413,0.0000,1,0,0,0,0,1.0129
17.0053,167.4611,0.0864,100.8318,10.2809,37.0112,10.2809,0.0154,2.8891,261.6249,-2.1225,-0.0362,0.2923,0.3099,-0.0692,-2.1529,20.3362,0.7362,0.0000,1,0,0,0,0,1.2702
17.0716,166.7820,0.0864,100.7322,10.4372,37.5740,10.4372,0.0276,2.3594,261.4709,-2.3235,-0.0401,0.2942,0.3099,-0.0855,-3.1634,15.2492,0.7355,0.0000,1,0,0,0,0,1.0159
17.1253,166.2227,0.0864,100.6491,10.5937,38.1373,10.5936,0.0389,2.9134,261.2882,-3.4023,-0.0440,0.2942,0.3099,-0.0986,-4.7119,28.8353,0.7355,0.0000,1,0,0,0,0,1.8461
17.1763,165.6836,0.0864,100.5677,10.7519,38.7068,10.7518,0.0496,3.0977,261.0794,-4.0887,-0.0499,0.2962,0.3099,-0.1111,-5.4555,14.5622,0.7380,0.0000,1,0,0,0,0,1.1053
17.2319,165.0887,0.0864,100.4762,10.9119,39.2830,10.9118,0.0599,2.8795,260.8463,-4.1930,-0.0538,0.2962,0.3099,-0.1222,-6.2249,13.8421,0.7393,0.0000,1,0,0,0,0,1.0842
17.2898,164.4599,0.0864,100.3772,11.0736,39.8648,11.0733,0.0704,2.7913,260.5866,-4.4854,-0.0596,0.2981,0.3099,-0.1347,-6.9946,13.2934,0.7416,0.0000,1,0,0,0,0,1.0831
17.3496,163.8004,0.0864,100.2705,11.2710,40.5756,11.2707,0.0832,3.3004,260.2404,-5.7877,-0.0636,0.2981,0.3099,-0.1474,-7.7776,13.0873,0.7437,0.0000,1,0,0,0,0,1.1593
17.4062,163.1671,0.0864,100.1651,11.4369,41.1727,11.4365,0.0936,2.9295,259.9267,-5.5403,-0.0655,0.2981,0.3099,-0.1564,-8.4294,11.5132,0.7445,0.0000,1,0,0,0,0,1.0701
17.4650,162.5000,0.0864,100.0505,11.6033,41.7718,11.6028,0.1028,2.8308,259.5971,-5.6057,-0.0655,0.2981,0.3099,-0.1606,-9.0177,10.0073,0.7449,0.0000,1,0,0,0,0,1.0003
17.5183,161.8869,0.0864,99.9420,11.7699,42.3718,11.7694,0.1103,3.1264,259.2585,-6.3528,-0.0655,0.2981,0.3099,-0.1624,-9.3360,5.9711,0.7451,0.0000,1,0,0,0,0,0.8252
17.5778,161.1939,0.0864,99.8152,11.9367,42.9722,11.9362,0.1165,2.8054,258.9139,-5.7960,-0.0655,0.2981,0.3099,-0.1632,-9.5200,3.0942,0.7452,0.0000,1,0,0,0,0,0.6402
17.6348,160.5209,0.0864,99.6880,12.1036,43.5728,12.1029,0.1216,2.9290,258.5646,-6.1323,-0.0655,0.2981,0.3099,-0.1635,-9.7006,3.1707,0.7453,0.0000,1,0,0,0,0,0.6675
17.6966,159.7802,0.0864,99.5430,12.3037,44.2933,12.3031,0.1267,3.2362,258.1410,-6.8498,-0.0636,0.2981,0.3099,-0.1623,-9.7553,0.8841,0.7453,0.0000,1,0,0,0,0,0.5841
17.7481,159.1561,0.0864,99.4170,12.4372,44.7739,12.4365,0.1290,2.5946,257.8611,-5.4401,-0.0616,0.2981,0.3099,-0.1587,-9.6914,1.2404,0.7453,0.0000,1,0,0,0,0,0.5267
17.8046,158.4624,0.0864,99.2726,12.6373,45.4944,12.6367,0.1309,3.5404,257.4461,-7.3413,-0.0596,0.2981,0.3099,-0.1549,-9.5533,2.4439,0.7453,0.0000,1,0,0,0,0,0.6990
17.8606,157.7669,0.0864,99.1235,12.8042,46.0950,12.8035,0.1320,2.9803,257.1049,-6.0960,-0.0596,0.2981,0.3099,-0.1516,-9.3810,3.0783,0.7453,0.0000,1,0,0,0,0,0.6643
17.9210,157.0068,0.0864,98.9554,12.9727,46.7017,12.9720,0.1334,2.7887,256.7646,-5.6297,-0.0596,0.3001,0.3099,-0.1502,-9.3377,0.7164,0.7478,0.0000,1,0,0,0,0,0.5068
17.9806,156.2470,0.0864,98.7823,13.1506,47.3420,13.1499,0.1336,2.9822,256.4318,-5.5808,-0.0518,0.3079,0.3099,-0.1419,-8.9593,6.3451,0.7591,0.0000,1,0,0,0,0,0.8149
18.0314,155.5922,0.0864,98.6291,13.3397,48.0230,13.3391,0.1312,3.7279,256.1166,-6.2115,-0.0459,0.3158,0.3099,-0.1307,-8.5930,7.2183,0.7706,0.0000,1,0,0,0,0,0.8936
18.0852,154.8888,0.0864,98.4605,13.5425,48.7529,13.5419,0.1257,3.7654,255.8274,-5.3711,-0.0420,0.3177,0.3099,-0.1174,-8.2341,6.6652,0.7819,0.0000,1,0,0,0,0,0.8080
18.1474,154.0651,0.0864,98.2581,13.7546,49.5164,13.7541,0.1162,3.4136,255.5763,-4.0406,-0.0284,0.3177,0.3099,-0.0962,-7.1417,17.5813,0.7882,0.0000,1,0,0,0,0,1.3279
18.2214,153.0655,0.0864,98.0062,14.0607,50.6185,14.0604,0.0960,4.1330,255.3025,-3.6966,-0.0206,0.3197,0.3099,-0.0684,-6.0480,14.7652,0.7945,0.0000,1,0,0,0,0,1.1280
18.2761,152.3151,0.0864,97.8132,14.2920,51.4513,14.2918,0.0718,4.2326,255.1949,-1.9689,-0.0069,0.3314,0.3099,-0.0294,-4.1600,34.5461,0.8094,0.0000,1,0,0,0,0,2.1040
18.3303,151.5587,0.0864,97.6162,14.5394,52.3418,14.5393,0.0470,4.5611,255.1455,-0.9115,-0.0010,0.3373,0.3099,-0.0126,-2.8012,25.0532,0.8237,0.0000,1,0,0,0,0,1.4909
18.3886,150.7315,0.0864,97.3987,14.8103,53.3172,14.8103,0.0279,4.6477,255.1214,-0.4125,0.0068,0.3568,0.3099,-0.0054,-1.5356,21.7103,0.8504,0.0000,1,0,0,0,0,1.2573
18.4424,149.9535,0.0864,97.1930,15.1173,54.4222,15.1173,0.0147,5.7076,255.1085,-0.2418,0.0146,0.3744,0.3099,-0.0023,-0.9149,11.5426,0.8860,0.0000,1,0,0,0,0,0.6693
18.4997,149.1066,0.0864,96.9683,15.4697,55.6909,15.4697,0.0050,6.1510,255.1050,-0.0602,0.0225,0.3979,0.3099,0.0077,-0.4669,7.8192,0.9306,0.0000,1,0,0,0,0,0.4426
18.5523,148.3092,0.0864,96.7563,15.8684,57.1262,15.8684,0.0188,7.5708,255.1800,1.4244,0.0303,0.4116,0.3099,0.0419,0.3703,15.8978,0.9660,0.0000,1,0,0,0,0,0.9801
18.6099,147.4149,0.0864,96.5187,16.2933,58.6559,16.2932,0.0529,7.3825,255.3430,2.8325,0.0401,0.4292,0.3099,0.0703,1.9948,28.2230,0.9834,0.0000,1,0,0,0,0,1.7740
18.6707,146.4428,0.0864,96.2621,16.8193,60.5495,16.8190,0.0979,8.6518,255.6321,4.7542,0.0459,0.4526,0.3099,0.0950,3.5673,25.8657,0.9929,0.0000,1,0,0,0,0,1.7885
18.7337,145.4047,0.0864,95.9914,17.2638,62.1497,17.2633,0.1360,7.0567,255.9413,4.9088,0.0538,0.4702,0.3099,0.1138,4.9563,22.0511,0.9965,0.0000,1,0,0,0,0,1.6160
18.7875,144.4920,0.0864,95.7573,17.7108,63.7588,17.7099,0.1750,8.3025,256.3103,6.8544,0.0577,0.4741,0.3099,0.1297,6.2767,24.5275,0.9983,0.0000,1,0,0,0,0,1.8917
18.8392,143.5938,0.0864,95.5315,18.1588,65.3717,18.1576,0.2123,8.6718,256.7278,8.0797,0.0616,0.5073,0.3099,0.1415,7.1679,17.2491,0.9992,0.0000,1,0,0,0,0,1.5825
18.9010,142.4910,0.0864,95.2613,18.6071,66.9857,18.6055,0.2484,7.2582,257.1907,7.4958,0.0674,0.5308,0.3099,0.1541,8.0333,14.0112,0.9996,0.0000,1,0,0,0,0,1.3951
18.9520,141.5561,0.0864,95.0392,19.0556,68.6000,19.0534,0.2844,8.7922,257.6978,9.9413,0.0694,0.5464,0.3099,0.1637,8.7929,14.8915,0.9998,0.0000,1,0,0,0,0,1.6035
19.0029,140.6010,0.0864,94.8194,19.4141,69.8909,19.4116,0.3116,7.0421,258.1299,8.4861,0.0713,0.5523,0.3099,0.1699,9.3401,10.7461,0.9999,0.0000,1,0,0,0,0,1.3092
19.0590,139.5225,0.0864,94.5803,19.9517,71.8260,19.9486,0.3514,9.5774,258.8182,12.2645,0.0733,0.5601,0.3099,0.1777,9.9223,10.3731,1.0000,0.0000,1,0,0,0,0,1.5218
19.1150,138.4290,0.0864,94.3483,19.8680,71.5249,19.8644,0.3779,-1.4948,259.4218,10.7835,0.0772,0.5621,0.3099,0.1840,10.3989,8.5164,1.0000,0.0000,1,0,0,0,0,1.3575
19.1735,137.2852,0.0864,94.1172,20.0468,72.1683,20.0428,0.4005,3.0555,260.0481,10.7068,0.0791,0.5621,0.3099,0.1911,10.8390,7.5224,1.0000,0.0000,1,0,0,0,0,1.3124
19.2235,136.3039,0.0864,93.9290,19.8680,71.5249,19.8637,0.4161,-3.5693,260.5692,10.4050,0.0831,0.5621,0.3099,0.1982,11.1837,6.8837,1.0000,0.0000,1,0,0,0,0,1.2746
19.2795,135.2043,0.0864,93.7296,20.0466,72.1678,20.0418,0.4382,3.1915,261.2500,12.1659,0.0870,0.5640,0.3099,0.2084,11.7604,10.3063,1.0000,0.0000,1,0,0,0,0,1.5763
19.3307,134.1972,0.0864,93.5582,19.9572,71.8459,19.9519,0.4584,-1.7453,261.9679,14.0122,0.0909,0.5640,0.3099,0.2187,12.2461,9.4794,1.0000,0.0000,1,0,0,0,0,1.6496
19.3808,133.2100,0.0864,93.4014,19.8680,71.5248,19.8623,0.4748,-1.7830,262.7242,15.1150,0.0948,0.5621,0.3099,0.2278,12.7658,10.3865,1.0000,0.0000,1,0,0,0,0,1.7752
19.4389,132.0628,0.0864,93.2334,20.0463,72.1667,20.0402,0.4926,3.0671,263.4999,13.3443,0.0948,0.5601,0.3099,0.2330,13.3346,9.7837,1.0000,0.0000,1,0,0,0,0,1.6535
19.4906,131.0402,0.0864,93.0969,19.8680,71.5247,19.8616,0.5036,-3.4490,264.1287,12.1609,0.0948,0.5621,0.3099,0.2350,13.6831,6.7417,1.0000,0.0000,1,0,0,0,0,1.4304
19.5435,129.9919,0.0864,92.9700,20.0461,72.1659,20.0394,0.5191,3.3677,264.9180,14.9255,0.0948,0.5601,0.3099,0.2361,13.8954,4.0150,1.0000,0.0000,1,0,0,0,0,1.4406
19.5940,128.9902,0.0864,92.8614,19.9570,71.8451,19.9502,0.5201,-1.7638,265.7065,15.6068,0.0948,0.5601,0.3099,0.2366,14.0331,2.7243,1.0000,0.0000,1,0,0,0,0,1.4093
19.6510,127.8582,0.0864,92.7539,19.8680,71.5247,19.8611,0.5235,-1.5629,266.4964,13.8709,0.0948,0.5621,0.3099,0.2369,14.1230,1.5789,1.0000,0.0000,1,0,0,0,0,1.2535
19.7056,126.7723,0.0864,92.6655,20.0460,72.1656,20.0390,0.5307,3.2602,267.2857,14.4548,0.0948,0.5660,0.3099,0.2369,14.1699,0.8583,1.0000,0.0000,1,0,0,0,0,1.2479
19.7642,125.6046,0.0864,92.5867,19.9570,71.8452,19.9499,0.5337,-1.5173,268.0756,13.4655,0.0948,0.5680,0.3099,0.2370,14.1952,0.4320,1.0000,0.0000,1,0,0,0,0,1.1733
19.8170,124.5533,0.0864,92.5301,19.8680,71.5247,19.8608,0.5357,-1.6883,268.8660,14.9922,0.0948,0.5680,0.3099,0.2370,14.2075,0.2329,1.0000,0.0000,1,0,0,0,0,1.2503
19.8707,123.4817,0.0864,92.4866,20.0459,72.1652,20.0387,0.5380,3.3092,269.6557,14.6882,0.0948,0.5680,0.3099,0.2370,14.2136,0.1140,1.0000,0.0000,1,0,0,0,0,1.2249
19.9277,122.3450,0.0864,92.4560,19.9570,71.8450,19.9497,0.5380,-1.5607,270.4456,13.8616,0.0948,0.5464,0.3099,0.2370,14.2173,0.0642,1.0000,0.0000,1,0,0,0,0,1.1780
19.9843,121.2158,0.0864,92.4416,19.8680,71.5247,19.8608,0.5339,-1.5733,271.2223,13.7326,0.0870,0.5289,0.3099,0.2291,14.1290,1.5615,1.0000,0.0000,1,0,0,0,0,1.2527
20.0458,119.9875,0.0864,92.4438,20.0461,72.1659,20.0393,0.5213,2.8944,271.9647,12.0642,0.0752,0.4937,0.3099,0.2124,13.6852,7.2118,1.0000,0.0000,1,0,0,0,0,1.4610
20.0966,118.9748,0.0864,92.4594,19.9572,71.8458,19.9512,0.4884,-1.7504,272.6286,13.0699,0.0635,0.4448,0.3099,0.1874,12.9325,14.8176,1.0000,0.0000,1,0,0,0,0,1.9164
20.1544,117.8213,0.0864,92.4914,19.8680,71.5248,19.8629,0.4485,-1.5425,273.2071,10.0073,0.0538,0.4076,0.3099,0.1637,11.6777,21.7070,1.0000,0.0000,1,0,0,0,0,2.1005
20.2045,116.8222,0.0864,92.5303,20.0417,72.1503,20.0376,0.4055,3.4680,273.7101,10.0391,0.0499,0.3861,0.3099,0.1443,10.4462,24.5791,0.9870,0.0000,1,0,0,0,0,2.2267
20.2546,115.8240,0.0864,92.5787,19.8679,71.5246,19.8645,0.3718,-3.4702,274.0724,7.2341,0.0479,0.4018,0.3099,0.1327,9.4738,19.4169,0.9874,0.0000,1,0,0,0,0,1.7613
20.3072,114.7747,0.0864,92.6388,20.0442,72.1591,20.0413,0.3388,3.3470,274.4951,8.0293,0.0479,0.4174,0.3099,0.1253,8.6612,15.4315,0.9939,0.0000,1,0,0,0,0,1.5569
20.3595,113.7355,0.0864,92.7068,19.9569,71.8449,19.9544,0.3151,-1.6713,274.9033,7.8176,0.0479,0.4409,0.3099,0.1221,8.0386,11.9249,0.9970,0.0000,1,0,0,0,0,1.3336
20.4204,112.5227,0.0864,92.7961,19.8680,71.5248,19.8657,0.3030,-1.4595,275.3170,6.7897,0.0538,0.4252,0.3099,0.1274,7.7059,5.4613,0.9985,0.0000,1,0,0,0,0,0.9094
20.4756,111.4238,0.0864,92.8861,20.0470,72.1692,20.0447,0.3048,3.2408,275.7579,7.9840,0.0596,0.4174,0.3099,0.1369,7.8115,1.9115,0.9993,0.0000,1,0,0,0,0,0.7778
20.5359,110.2253,0.0864,92.9937,20.0471,72.1696,20.0446,0.3155,0.0020,276.3239,9.3822,0.0596,0.4213,0.3099,0.1446,8.1444,5.5191,0.9997,0.0000,1,0,0,0,0,1.0639
20.5861,109.2290,0.0864,93.0912,19.8680,71.5249,19.8654,0.3219,-3.5712,276.7124,7.7484,0.0596,0.4272,0.3099,0.1468,8.4168,5.4335,0.9998,0.0000,1,0,0,0,0,0.9753
20.6432,108.0951,0.0864,93.2111,20.0471,72.1697,20.0444,0.3293,3.1361,277.2027,8.5848,0.0596,0.4370,0.3099,0.1481,8.6050,3.2953,0.9999,0.0000,1,0,0,0,0,0.9064
20.7012,106.9445,0.0864,93.3427,19.9575,71.8472,19.9548,0.3300,-1.5431,277.6849,8.3046,0.0518,0.4037,0.3099,0.1417,8.7010,1.6527,1.0000,0.0000,1,0,0,0,0,0.8012
20.7520,105.9398,0.0864,93.4660,19.8679,71.5244,19.8654,0.3168,-1.7681,278.1190,8.5603,0.0420,0.3412,0.3099,0.1246,8.3680,6.5664,0.9453,0.0000,1,0,0,0,0,1.0795
20.8066,104.8598,0.0864,93.6069,19.9797,71.9268,19.9776,0.2875,2.0459,278.4758,6.5308,0.0264,0.2786,0.3099,0.0991,7.6481,13.1753,0.8370,0.0000,1,0,0,0,0,1.3106
20.8666,103.6736,0.0864,93.7706,19.9723,71.9002,19.9709,0.2381,-0.1231,278.7214,4.0901,0.0127,0.2200,0.3099,0.0584,6.1328,25.2406,0.7271,0.0000,1,0,0,0,0,1.8083
20.9270,102.4831,0.0864,93.9427,19.8816,71.5739,19.8810,0.1592,-1.5019,278.8425,2.0066,-0.0049,0.1828,0.3099,0.0212,4.0727,34.1290,0.5945,0.0000,1,0,0,0,0,2.1277
20.9879,101.2867,0.0864,94.1212,19.8053,71.2990,19.8050,0.1009,-1.2530,278.8634,0.3436,-0.0245,0.1085,0.3099,-0.0071,2.3126,28.8866,0.4723,0.0000,1,0,0,0,0,1.7003
21.0380,100.3122,0.0864,94.2690,19.5670,70.4413,19.5670,0.0335,-4.7618,278.7642,-1.9835,-0.0362,0.0557,0.3099,-0.0486,0.4971,36.2835,0.3212,0.0000,1,0,0,0,0,2.1516
21.0913,99.2891,0.0864,94.4250,19.1729,69.0223,19.1728,0.0321,-7.3902,278.5652,-3.7301,-0.0499,0.0010,0.3099,-0.0845,-1.8024,43.1133,0.1841,0.0000,1,0,0,0,0,2.6276
21.1544,98.1092,0.0864,94.6038,18.6485,67.1346,18.6483,0.0920,-8.3143,278.2798,-4.5259,-0.0616,-0.0440,0.3099,-0.1202,-3.5857,28.2766,0.0901,0.0000,1,0,0,0,0,1.8964
21.2060,97.1718,0.0864,94.7433,18.0548,64.9971,18.0542,0.1433,-11.4896,277.9195,-6.9725,-0.0753,-0.0831,0.3099,-0.1539,-6.0898,48.4573,0.0441,0.0000,1,0,0,0,0,3.1985
21.2631,96.1700,0.0864,94.8884,17.4268,62.7365,17.4258,0.1858,-11.0042,277.4946,-7.4454,-0.0870,-0.0987,0.3099,-0.1855,-8.1850,36.7155,0.0216,0.0000,1,0,0,0,0,2.6133
21.3132,95.3203,0.0864,95.0071,16.7819,60.4148,16.7805,0.2174,-12.8746,277.0225,-9.4259,-0.0929,-0.1007,0.3099,-0.2099,-9.8295,32.8302,0.0106,0.0000,1,0,0,0,0,2.5418
21.3701,94.3895,0.0864,95.1312,16.1286,58.0630,16.1269,0.2381,-11.4764,276.5192,-8.8406,-0.0987,-0.1065,0.3099,-0.2301,-11.6422,31.8449,0.0052,0.0000,1,0,0,0,0,2.4818
21.4232,93.5542,0.0864,95.2364,15.4712,55.6962,15.4692,0.2468,-12.3781,276.0072,-9.6401,-0.0987,-0.1026,0.3099,-0.2397,-12.8707,23.1298,0.0025,0.0000,1,0,0,0,0,2.0598
21.4764,92.7510,0.0864,95.3313,14.9437,53.7973,14.9417,0.2459,-9.9240,275.6036,-7.5929,-0.0987,-0.0987,0.3099,-0.2432,-13.6428,14.5267,0.0014,0.0000,1,0,0,0,0,1.4757
21.5336,91.9227,0.0864,95.4223,14.2834,51.4201,14.2814,0.2379,-11.5410,275.1121,-8.5904,-0.1007,-0.1026,0.3099,-0.2472,-14.2234,10.1476,0.0007,0.0000,1,0,0,0,0,1.2908
21.5872,91.1810,0.0864,95.4974,13.6226,49.0413,13.6207,0.2253,-12.3217,274.6359,-8.8795,-0.1007,-0.0987,0.3099,-0.2498,-14.5580,6.2377,0.0003,0.0000,1,0,0,0,0,1.0879
21.6450,90.4190,0.0864,95.5682,12.8294,46.1859,12.8278,0.2061,-13.7235,274.0904,-9.4397,-0.1007,-0.0987,0.3099,-0.2510,-14.8132,4.4171,0.0001,0.0000,1,0,0,0,0,1.0108
21.6950,89.7915,0.0864,95.6213,12.3007,44.2823,12.2992,0.1922,-10.5737,273.7436,-6.9336,-0.1007,-0.0968,0.3099,-0.2514,-14.9310,2.3540,0.0001,0.0000,1,0,0,0,0,0.7504
21.7466,89.1742,0.0864,95.6691,11.6398,41.9032,11.6385,0.1742,-12.8041,273.3300,-8.0133,-0.1007,-0.0968,0.3099,-0.2516,-15.0133,1.5961,0.0000,0.0000,1,0,0,0,0,0.7584
21.7970,88.6025,0.0864,95.7092,11.1111,39.9998,11.1099,0.1599,-10.5005,273.0150,-6.2556,-0.1007,-0.1241,0.3099,-0.2517,-15.0536,0.7996,0.0000,0.0000,1,0,0,0,0,0.6079
21.8486,88.0476,0.0864,95.7444,10.4504,37.6214,10.4494,0.1420,-12.8070,272.6435,-7.2023,-0.0987,-0.0948,0.3099,-0.2493,-15.0495,0.0802,0.0000,0.0000,1,0,0,0,0,0.6084
21.8990,87.5360,0.0864,95.7734,9.9219,35.7187,9.9210,0.1280,-10.4938,272.3647,-5.5347,-0.0968,-0.0909,0.3099,-0.2473,-14.9786,1.4072,0.0000,0.0000,1,0,0,0,0,0.5791
21.9512,87.0370,0.0864,95.7986,9.2614,33.3409,9.2607,0.1107,-12.6347,272.0412,-6.1895,-0.0948,-0.0674,0.3099,-0.2423,-14.8522,2.4185,0.0000,0.0000,1,0,0,0,0,0.6575
22.0135,86.4841,0.0864,95.8229,8.4689,30.4880,8.4684,0.0909,-12.7165,271.6909,-5.6214,-0.0909,-0.0440,0.3099,-0.2348,-14.5766,4.4213,0.0000,0.0000,1,0,0,0,0,0.7189
22.0720,86.0078,0.0864,95.8408,7.8086,28.1110,7.8082,0.0756,-11.3031,271.4301,-4.4640,-0.0890,-0.0459,0.3099,-0.2286,-14.2197,6.1107,0.0000,0.0000,1,0,0,0,0,0.7327
22.1239,85.6185,0.0864,95.8533,7.1484,25.7342,7.1481,0.0613,-12.7210,271.1989,-4.4541,-0.0831,-0.0010,0.3099,-0.2180,-13.8563,7.0017,0.0000,0.0000,1,0,0,0,0,0.7650
22.1910,85.1618,0.0864,95.8656,6.3820,22.9753,6.3819,0.0461,-11.4130,270.9584,-3.5822,-0.0772,0.0284,0.3099,-0.2041,-13.3109,8.1218,0.0340,0.0000,1,0,0,0,0,0.7585
22.2477,84.8150,0.0864,95.8732,5.8004,20.8816,5.8003,0.0355,-10.2509,270.7831,-3.0897,-0.0694,0.0733,0.3099,-0.1889,-12.4919,14.4370,0.0972,0.0000,1,0,0,0,0,1.0654
22.3127,84.4562,0.0864,95.8795,5.2239,18.8059,5.2238,0.0255,-8.8778,270.5956,-2.8861,-0.0596,0.1378,0.3099,-0.1683,-11.6491,12.9771,0.2146,0.0000,1,0,0,0,0,0.9544
22.3673,84.1796,0.0864,95.8832,4.8605,17.4976,4.8604,0.0191,-6.6532,270.4567,-2.5432,-0.0518,0.1535,0.3099,-0.1490,-10.5848,19.4842,0.2966,0.0000,1,0,0,0,0,1.2826
22.4181,83.9388,0.0864,95.8858,4.6176,16.6232,4.6175,0.0150,-4.7844,270.3566,-1.9729,-0.0479,0.1594,0.3099,-0.1368,-9.6693,18.0333,0.3351,0.0000,1,0,0,0,0,1.1601
22.4785,83.6692,0.0864,95.8878,4.3077,15.5078,4.3077,0.0101,-5.1317,270.2222,-2.2249,-0.0440,0.1633,0.3099,-0.1217,-8.6397,17.0521,0.3768,0.0000,1,0,0,0,0,1.1061
22.5295,83.4536,0.0864,95.8889,4.1224,14.8408,4.1224,0.0077,-3.6265,270.1409,-1.5925,-0.0440,0.1633,0.3099,-0.1160,-7.9274,13.9420,0.3904,0.0000,1,0,0,0,0,0.8909
22.5893,83.2151,0.0864,95.8896,3.8489,13.8560,3.8489,0.0049,-4.5783,270.0272,-1.9030,-0.0440,0.1398,0.3099,-0.1122,-7.3396,9.8372,0.3808,0.0000,1,0,0,0,0,0.6712
22.6414,83.0195,0.0864,95.8897,3.6492,13.1370,3.6492,0.0034,-3.8334,269.9566,-1.3543,-0.0440,0.1378,0.3099,-0.1111,-7.0282,5.9783,0.3646,0.0000,1,0,0,0,0,0.4215
22.7030,82.8046,0.0864,95.8894,3.3243,11.9675,3.3243,0.0016,-5.2732,269.8578,-1.6040,-0.0440,0.1222,0.3099,-0.1104,-6.8492,2.9044,0.3379,0.0000,1,0,0,0,0,0.2575
22.7568,82.6330,0.0864,95.8889,3.0193,10.8694,3.0193,0.0002,-5.6699,269.7827,-1.3966,-0.0440,0.1124,0.3099,-0.1102,-6.7165,2.4667,0.3096,0.0000,1,0,0,0,0,0.2155
22.8088,82.4827,0.0864,95.8882,2.7576,9.9275,2.7576,0.0008,-5.0299,269.7279,-1.0525,-0.0420,0.1085,0.3099,-0.1077,-6.6154,1.9445,0.2942,0.0000,1,0,0,0,0,0.1709
22.8705,82.3258,0.0864,95.8872,2.3460,8.4456,2.3460,0.0022,-6.6718,269.6540,-1.1985,-0.0420,0.1085,0.3099,-0.1060,-6.5063,1.7678,0.2810,0.0000,1,0,0,0,0,0.1786
22.9306,82.1958,0.0864,95.8861,1.9943,7.1796,1.9943,0.0030,-5.8520,269.5989,-0.9156,-0.0420,0.1085,0.3099,-0.1055,-6.4175,1.4778,0.2760,0.0000,1,0,0,0,0,0.1558
22.9813,82.1042,0.0864,95.8852,1.6389,5.9001,1.6389,0.0037,-7.0110,269.5492,-0.9812,-0.0420,0.1085,0.3099,-0.1053,-6.3728,0.8818,0.2736,0.0000,1,0,0,0,0,0.1373
23.0326,82.0280,0.0864,95.8843,1.2817,4.6140,1.2816,0.0041,-6.9614,269.5047,-0.8664,-0.0420,0.1085,0.3099,-0.1052,-6.3453,0.5355,0.2724,0.0000,1,0,0,0,0,0.1256
23.0870,81.9661,0.0864,95.8835,0.9937,3.5774,0.9937,0.0041,-5.2978,269.4731,-0.5823,-0.0420,0.0968,0.3099,-0.1051,-6.3264,0.3480,0.2669,0.0000,1,0,0,0,0,0.1143
23.1470,81.9207,0.0864,95.8827,0.5269,1.8969,0.5269,0.0037,-7.7829,269.4341,-0.6492,-0.0381,0.0616,0.3099,-0.1024,-6.3001,0.4377,0.2221,0.0000,1,0,0,0,0,0.1662
23.2205,81.9018,0.0864,95.8822,0.0072,0.0260,0.0071,0.0013,-7.0705,269.4079,-0.3575,-0.0342,0.0890,0.3099,-0.0927,-6.0930,2.8181,0.2071,0.0000,1,0,0,0,0,0.1764
23.2718,81.9018,0.0864,95.8822,0.0004,0.0014,-0.0001,0.0004,-0.1334,269.3937,-0.2751,-0.0264,0.1281,0.3099,-0.0813,-5.6234,9.1419,0.2422,0.0000,1,0,0,0,0,0.5232
23.3341,81.9018,0.0864,95.8821,0.0006,0.0020,-0.0001,0.0005,0.0028,269.3749,-0.3022,-0.0225,0.1828,0.3099,-0.0661,-5.0068,9.8958,0.3387,0.0000,1,0,0,0,0,0.5666
23.3968,81.9018,0.0864,95.8821,0.0010,0.0035,0.0001,0.0010,0.0067,269.3598,-0.2415,-0.0147,0.2493,0.3099,-0.0284,-3.9225,17.2998,0.4676,0.0000,1,0,0,0,0,0.9745
23.4521,81.9017,0.0864,95.8819,0.0014,0.0049,0.0003,0.0013,0.0072,269.3459,-0.2512,-0.0127,0.2649,0.3099,-0.0122,-2.4462,26.7074,0.5577,0.0000,1,0,0,0,0,1.4977
23.5135,81.9013,0.0864,95.8817,0.0266,0.0957,0.0266,0.0012,0.4104,269.3336,-0.1993,-0.0088,0.2708,0.3099,-0.0044,-1.3875,17.2373,0.6381,0.0000,1,0,0,0,0,0.9687
23.5640,81.8987,0.0864,95.8816,0.0771,0.2774,0.0770,0.0015,1.0006,269.3291,-0.0907,-0.0069,0.2767,0.3099,-0.0023,-0.8217,11.2150,0.6597,0.0000,1,0,0,0,0,0.6281
23.6229,81.8912,0.0864,95.8813,0.1800,0.6481,0.1800,0.0020,1.7466,269.3231,-0.1020,-0.0069,0.2767,0.3099,-0.0008,-0.4323,6.6043,0.6779,0.0000,1,0,0,0,0,0.3726
23.6739,81.8801,0.0864,95.8810,0.2534,0.9122,0.2534,0.0023,1.4384,269.3193,-0.0742,-0.0069,0.2708,0.3099,-0.0004,-0.2392,3.7883,0.6762,0.0000,1,0,0,0,0,0.2146
23.7358,81.8610,0.0864,95.8806,0.3598,1.2951,0.3597,0.0027,1.7181,269.3138,-0.0882,-0.0069,0.2669,0.3099,-0.0002,-0.1362,1.6634,0.6716,0.0000,1,0,0,0,0,0.0973
23.7863,81.8409,0.0864,95.8801,0.4351,1.5665,0.4351,0.0030,1.4939,269.3103,-0.0695,-0.0069,0.2845,0.3099,-0.0001,-0.0607,1.4962,0.6851,0.0000,1,0,0,0,0,0.0870
23.8401,81.8142,0.0864,95.8796,0.5419,1.9507,0.5419,0.0034,1.9816,269.3059,-0.0822,-0.0069,0.2786,0.3099,0.0000,-0.0340,0.4957,0.6925,0.0000,1,0,0,0,0,0.1250
23.8908,81.7841,0.0864,95.8789,0.6446,2.3206,0.6446,0.0037,2.0281,269.3015,-0.0862,-0.0069,0.2728,0.3099,0.0000,-0.0183,0.3100,0.6847,0.0000,1,0,0,0,0,0.1077
23.9409,81.7497,0.0864,95.8783,0.7288,2.6237,0.7288,0.0039,1.6806,269.2980,-0.0694,-0.0069,0.2845,0.3099,0.0000,-0.0100,0.1652,0.6935,0.0000,1,0,0,0,0,0.0935
24.0017,81.7011,0.0864,95.8774,0.8667,3.1200,0.8667,0.0043,2.2679,269.2928,-0.0864,-0.0069,0.2728,0.3099,0.0000,-0.0047,0.0866,0.6965,0.0000,1,0,0,0,0,0.0832
24.0631,81.6444,0.0864,95.8763,0.9758,3.5130,0.9758,0.0045,1.7774,269.2885,-0.0701,-0.0069,0.2786,0.3099,0.0000,-0.0022,0.0417,0.6925,0.0000,1,0,0,0,0,0.0754
24.1272,81.5771,0.0864,95.8751,1.1157,4.0164,1.1157,0.0048,2.1817,269.2833,-0.0814,-0.0049,0.2864,0.3099,0.0000,-0.0010,0.0180,0.7046,0.0000,1,0,0,0,0,0.0698
24.1772,81.5184,0.0864,95.8741,1.2406,4.4660,1.2406,0.0050,2.4973,269.2789,-0.0867,-0.0049,0.2767,0.3099,0.0000,-0.0005,0.0104,0.7055,0.0000,1,0,0,0,0,0.0660
24.2281,81.4529,0.0864,95.8730,1.3347,4.8050,1.3347,0.0052,1.8501,269.2754,-0.0690,-0.0049,0.2786,0.3099,0.0000,-0.0003,0.0044,0.6992,0.0000,1,0,0,0,0,0.0621
24.2811,81.3789,0.0864,95.8717,1.4569,5.2447,1.4568,0.0054,2.3068,269.2711,-0.0818,-0.0049,0.2903,0.3099,0.0000,-0.0001,0.0026,0.7102,0.0000,1,0,0,0,0,0.0598
24.3348,81.2971,0.0864,95.8703,1.5962,5.7463,1.5962,0.0055,2.5912,269.2667,-0.0812,-0.0049,0.3021,0.3099,0.0000,-0.0001,0.0013,0.7281,0.0000,1,0,0,0,0,0.0566
24.3941,81.1979,0.0864,95.8686,1.7544,6.3159,1.7544,0.0057,2.6703,269.2624,-0.0737,-0.0049,0.3021,0.3099,0.0000,0.0000,0.0006,0.7419,0.0000,1,0,0,0,0,0.0529
24.4533,81.0884,0.0864,95.8668,1.9262,6.9345,1.9262,0.0059,2.9027,269.2581,-0.0727,-0.0049,0.3079,0.3099,0.0000,0.0000,0.0003,0.7538,0.0000,1,0,0,0,0,0.0498
24.5046,80.9843,0.0864,95.8651,2.1108,7.5989,2.1108,0.0061,3.5975,269.2537,-0.0857,-0.0029,0.3118,0.3099,0.0000,0.0000,0.0002,0.7651,0.0000,1,0,0,0,0,0.0478
24.5574,80.8677,0.0864,95.8631,2.3056,8.3000,2.3055,0.0062,3.6865,269.2493,-0.0820,-0.0029,0.3118,0.3099,0.0000,0.0000,0.0001,0.7725,0.0000,1,0,0,0,0,0.0451
24.6177,80.7224,0.0864,95.8608,2.5057,9.0204,2.5057,0.0064,3.3183,269.2450,-0.0724,-0.0010,0.3118,0.3099,0.0000,0.0000,0.0000,0.7761,0.0000,1,0,0,0,0,0.0422
24.6681,80.5910,0.0864,95.8587,2.7084,9.7504,2.7084,0.0065,4.0276,269.2407,-0.0855,-0.0010,0.3118,0.3099,0.0000,0.0000,0.0000,0.7779,0.0000,1,0,0,0,0,0.0409
24.7190,80.4488,0.0864,95.8564,2.8716,10.3379,2.8716,0.0066,3.2061,269.2372,-0.0684,0.0010,0.3118,0.3099,0.0000,0.0000,0.0000,0.7786,0.0000,1,0,0,0,0,0.0383
24.7701,80.2962,0.0864,95.8539,3.0762,11.0744,3.0762,0.0067,4.0004,269.2328,-0.0847,0.0029,0.3118,0.3099,0.0000,0.0000,0.0000,0.7791,0.0000,1,0,0,0,0,0.0376
24.8293,80.1077,0.0864,95.8509,3.2813,11.8126,3.2813,0.0068,3.4663,269.2285,-0.0733,0.0029,0.3118,0.3099,0.0000,0.0000,0.0000,0.7794,0.0000,1,0,0,0,0,0.0353
24.8870,79.9113,0.0864,95.8478,3.5233,12.6837,3.5233,0.0070,4.1920,269.2233,-0.0899,0.0029,0.3021,0.3099,0.0000,0.0000,0.0000,0.7711,0.0000,1,0,0,0,0,0.0347
24.9426,79.7111,0.0864,95.8447,3.7071,13.3454,3.7070,0.0071,3.3053,269.2190,-0.0779,0.0029,0.2942,0.3099,0.0000,0.0000,0.0000,0.7537,0.0000,1,0,0,0,0,0.0329
24.9997,79.4953,0.0864,95.8412,3.8769,13.9569,3.8769,0.0071,2.9752,269.2147,-0.0748,0.0029,0.2942,0.3099,0.0000,0.0000,0.0000,0.7444,0.0000,1,0,0,0,0,0.0317
25.0602,79.2557,0.0864,95.8374,4.0395,14.5422,4.0395,0.0072,2.6851,269.2104,-0.0716,0.0029,0.2923,0.3099,0.0000,0.0000,0.0000,0.7387,0.0000,1,0,0,0,0,0.0305
25.1112,79.0459,0.0864,95.8341,4.2003,15.1211,4.2003,0.0072,3.1572,269.2061,-0.0839,0.0029,0.3001,0.3099,0.0000,0.0000,0.0000,0.7417,0.0000,1,0,0,0,0,0.0305
25.1679,78.8030,0.0864,95.8303,4.3747,15.7491,4.3747,0.0073,3.0723,269.2018,-0.0758,0.0049,0.3099,0.3099,0.0000,0.0000,0.0000,0.7578,0.0000,1,0,0,0,0,0.0291
25.2210,78.5665,0.0864,95.8265,4.5622,16.4240,4.5622,0.0073,3.5340,269.1974,-0.0828,0.0068,0.3099,0.3099,0.0000,0.0000,0.0000,0.7664,0.0000,1,0,0,0,0,0.0287
25.2833,78.2763,0.0864,95.8219,4.7578,17.1280,4.7578,0.0073,3.1391,269.1931,-0.0691,0.0068,0.3118,0.3099,0.0000,0.0000,0.0000,0.7732,0.0000,1,0,0,0,0,0.0269
25.3337,78.0313,0.0864,95.8180,4.9584,17.8502,4.9584,0.0074,3.9795,269.1888,-0.0854,0.0107,0.3118,0.3099,0.0000,0.0000,0.0000,0.7764,0.0000,1,0,0,0,0,0.0271
25.3910,77.7417,0.0864,95.8134,5.1614,18.5812,5.1614,0.0074,3.5438,269.1845,-0.0751,0.0146,0.3118,0.3099,0.0000,0.0000,0.0000,0.7780,0.0000,1,0,0,0,0,0.0257
25.4485,77.4388,0.0864,95.8086,5.3656,19.3161,5.3656,0.0074,3.5487,269.1801,-0.0759,0.0186,0.3118,0.3099,0.0000,0.0000,0.0000,0.7788,0.0000,1,0,0,0,0,0.0250
25.4987,77.1644,0.0864,95.8043,5.5704,20.0533,5.5704,0.0090,4.0774,269.1934,0.2643,0.0225,0.3118,0.3099,0.0266,0.3012,5.9969,0.7792,0.0000,1,0,0,0,0,0.3721
25.5493,76.8787,0.0864,95.7997,5.7344,20.6439,5.7344,0.0117,3.2448,269.2292,0.7086,0.0264,0.3118,0.3099,0.0449,1.1857,17.4948,0.7794,0.0000,1,0,0,0,0,1.0419
25.6093,76.5274,0.0864,95.7943,5.9806,21.5301,5.9806,0.0168,4.1023,269.3161,1.4478,0.0342,0.3118,0.3099,0.0679,2.2737,18.1299,0.7795,0.0000,1,0,0,0,0,1.1299
25.6678,76.1720,0.0864,95.7892,6.1859,22.2691,6.1858,0.0213,3.5082,269.4137,1.6680,0.0381,0.3118,0.3099,0.0815,3.4208,19.6053,0.7795,0.0000,1,0,0,0,0,1.2334
25.7285,75.7901,0.0864,95.7842,6.3911,23.0078,6.3910,0.0254,3.3817,269.5274,1.8739,0.0401,0.3118,0.3099,0.0901,4.3670,15.5935,0.7796,0.0000,1,0,0,0,0,1.0299
25.7999,75.3234,0.0864,95.7790,6.6785,24.0425,6.6784,0.0304,4.0272,269.7060,2.5023,0.0401,0.3118,0.3099,0.0971,5.0236,9.2001,0.7796,0.0000,1,0,0,0,0,0.7185
25.8551,74.9492,0.0864,95.7757,6.8838,24.7817,6.8837,0.0336,3.7155,269.8443,2.5028,0.0420,0.3118,0.3099,0.1016,5.5539,9.5963,0.7796,0.0000,1,0,0,0,0,0.7454
25.9110,74.5593,0.0864,95.7731,7.0891,25.5207,7.0890,0.0365,3.6750,269.9895,2.5987,0.0420,0.3118,0.3099,0.1035,5.8734,5.7183,0.7796,0.0000,1,0,0,0,0,0.5392
25.9708,74.1292,0.0864,95.7712,7.2943,26.2595,7.2942,0.0390,3.4310,270.1400,2.5159,0.0440,0.3118,0.3099,0.1058,6.0695,3.2799,0.7796,0.0000,1,0,0,0,0,0.4022
26.0218,73.7517,0.0864,95.7706,7.4995,26.9982,7.4994,0.0417,4.0215,270.2976,3.0891,0.0440,0.3118,0.3099,0.1081,6.2395,3.3316,0.7796,0.0000,1,0,0,0,0,0.4401
26.0812,73.3007,0.0864,95.7709,7.7048,27.7373,7.7047,0.0445,3.4607,270.4634,2.7948,0.0459,0.3118,0.3099,0.1119,6.4317,3.2386,0.7796,0.0000,1,0,0,0,0,0.4219
26.1413,72.8300,0.0864,95.7727,7.9511,28.6238,7.9509,0.0480,4.0919,270.6709,3.4480,0.0459,0.3118,0.3099,0.1137,6.6162,3.0668,0.7796,0.0000,1,0,0,0,0,0.4524
26.1930,72.4153,0.0864,95.7755,8.1152,29.2146,8.1150,0.0500,3.1777,270.8130,2.7505,0.0459,0.3118,0.3099,0.1143,6.7232,2.0717,0.7796,0.0000,1,0,0,0,0,0.3603
26.2527,71.9239,0.0864,95.7802,8.3615,30.1014,8.3613,0.0533,4.1275,271.0327,3.6818,0.0479,0.3118,0.3099,0.1170,6.8208,1.6349,0.7796,0.0000,1,0,0,0,0,0.3910
26.3149,71.3970,0.0864,95.7871,8.5667,30.8401,8.5665,0.0564,3.2949,271.2255,3.0965,0.0499,0.3118,0.3099,0.1210,6.9453,2.0001,0.7796,0.0000,1,0,0,0,0,0.3820
26.3656,70.9584,0.0864,95.7942,8.7719,31.5788,8.7717,0.0600,4.0546,271.4275,3.9901,0.0518,0.3118,0.3099,0.1245,7.1445,3.9360,0.7796,0.0000,1,0,0,0,0,0.5429
26.4221,70.4573,0.0864,95.8040,8.9770,32.3173,8.9768,0.0638,3.6295,271.6389,3.7408,0.0518,0.3118,0.3099,0.1273,7.3721,4.0257,0.7796,0.0000,1,0,0,0,0,0.5380
26.4831,69.9032,0.0864,95.8169,9.1822,33.0559,9.1819,0.0673,3.3625,271.8571,3.5757,0.0518,0.3118,0.3099,0.1286,7.5351,2.6714,0.7796,0.0000,1,0,0,0,0,0.4571
26.5331,69.4388,0.0864,95.8294,9.3873,33.7945,9.3871,0.0708,4.1023,272.0801,4.4607,0.0518,0.3118,0.3099,0.1291,7.6326,1.9500,0.7796,0.0000,1,0,0,0,0,0.4693
26.5851,68.9460,0.0864,95.8443,9.5924,34.5328,9.5922,0.0740,3.9425,272.3073,4.3677,0.0518,0.3118,0.3099,0.1293,7.6871,1.0473,0.7796,0.0000,1,0,0,0,0,0.4165
26.6382,68.4324,0.0864,95.8618,9.7566,35.1236,9.7563,0.0763,3.0892,272.4919,3.4737,0.0518,0.3118,0.3099,0.1294,7.7269,0.7504,0.7796,0.0000,1,0,0,0,0,0.3520
26.6937,67.8848,0.0864,95.8825,9.9617,35.8620,9.9613,0.0792,3.6954,272.7259,4.2161,0.0518,0.3118,0.3099,0.1295,7.7474,0.3681,0.7796,0.0000,1,0,0,0,0,0.3740
26.7450,67.3693,0.0864,95.9040,10.1668,36.6004,10.1664,0.0822,4.0033,272.9636,4.6394,0.0518,0.3118,0.3099,0.1295,7.7574,0.1966,0.7796,0.0000,1,0,0,0,0,0.3900
26.8001,66.8035,0.0864,95.9297,10.3719,37.3387,10.3715,0.0852,3.7179,273.2048,4.3726,0.0518,0.3118,0.3099,0.1295,7.7636,0.1127,0.7796,0.0000,1,0,0,0,0,0.3723
26.8552,66.2279,0.0864,95.9583,10.5769,38.0769,10.5766,0.0881,3.7256,273.4497,4.4494,0.0518,0.3118,0.3099,0.1295,7.7672,0.0654,0.7796,0.0000,1,0,0,0,0,0.3758
26.9159,65.5799,0.0864,95.9933,10.7819,38.8150,10.7816,0.0910,3.3752,273.6982,4.0907,0.0518,0.3118,0.3099,0.1295,7.7690,0.0289,0.7796,0.0000,1,0,0,0,0,0.3555
26.9730,64.9591,0.0864,96.0297,10.9870,39.5532,10.9866,0.0932,3.5947,273.9454,4.3346,0.0459,0.3118,0.3099,0.1246,7.6897,1.3910,0.7796,0.0000,1,0,0,0,0,0.4454
27.0306,64.3195,0.0864,96.0700,11.2331,40.4390,11.2327,0.0929,4.2678,274.2241,4.8328,0.0381,0.3118,0.3099,0.1114,7.4149,4.7654,0.7796,0.0000,1,0,0,0,0,0.6573
27.0936,63.6072,0.0864,96.1181,11.4380,41.1767,11.4376,0.0880,3.2537,274.4228,3.1552,0.0283,0.3099,0.3099,0.0914,6.7711,10.2224,0.7789,0.0000,1,0,0,0,0,0.8585
27.1494,62.9641,0.0864,96.1642,11.6408,41.9070,11.6406,0.0788,3.6353,274.5793,2.8039,0.0186,0.3099,0.3099,0.0638,5.7422,18.4400,0.7768,0.0000,1,0,0,0,0,1.2818
27.2006,62.3641,0.0864,96.2091,11.8421,42.6315,11.8419,0.0612,3.9307,274.6577,1.5311,0.0107,0.3099,0.3099,0.0274,4.2982,28.2007,0.7757,0.0000,1,0,0,0,0,1.7292
27.2537,61.7323,0.0864,96.2579,12.0426,43.3533,12.0425,0.0438,3.7770,274.6893,0.5968,0.0010,0.3099,0.3099,0.0118,2.6741,30.5954,0.7752,0.0000,1,0,0,0,0,1.7875
27.3080,61.0756,0.0864,96.3098,12.2428,44.0742,12.2428,0.0307,3.6881,274.7007,0.2096,-0.0069,0.3099,0.3099,0.0051,1.5708,20.3178,0.7749,0.0000,1,0,0,0,0,1.1781
27.3694,60.3197,0.0864,96.3703,12.4429,44.7946,12.4429,0.0217,3.2568,274.7032,0.0412,-0.0147,0.3099,0.3099,0.0022,0.8450,11.8133,0.7748,0.0000,1,0,0,0,0,0.6848
27.4311,59.5476,0.0864,96.4326,12.6829,45.6585,12.6829,0.0145,3.8913,274.6978,-0.0876,-0.0206,0.3099,0.3099,-0.0072,0.4223,6.8551,0.7748,0.0000,1,0,0,0,0,0.4028
27.4817,58.9038,0.0864,96.4847,12.8429,46.2344,12.8429,0.0041,3.1617,274.6552,-0.8420,-0.0206,0.3099,0.3099,-0.0289,-0.2929,14.1353,0.7747,0.0000,1,0,0,0,0,0.8369
27.5327,58.2458,0.0864,96.5379,13.0428,46.9540,13.0428,0.0108,3.9206,274.5634,-1.8016,-0.0225,0.3099,0.3099,-0.0441,-1.2201,18.1843,0.7747,0.0000,1,0,0,0,0,1.1227
27.5841,57.5725,0.0864,96.5922,13.2427,47.6736,13.2426,0.0303,3.8863,274.4565,-2.0790,-0.0225,0.3099,0.3099,-0.0510,-2.0205,15.5612,0.7747,0.0000,1,0,0,0,0,1.0144
27.6368,56.8735,0.0864,96.6481,13.4027,48.2496,13.4026,0.0413,3.0393,274.3624,-1.7861,-0.0225,0.3099,0.3099,-0.0536,-2.5500,10.0591,0.7747,0.0000,1,0,0,0,0,0.7043
27.6953,56.0851,0.0864,96.7100,13.6437,49.1174,13.6436,0.0531,4.1211,274.2064,-2.6670,-0.0225,0.3118,0.3099,-0.0553,-2.9377,6.6270,0.7768,0.0000,1,0,0,0,0,0.5747
27.7469,55.3790,0.0864,96.7641,13.8062,49.7023,13.8061,0.0543,3.1477,274.1023,-2.0180,-0.0225,0.3118,0.3099,-0.0558,-3.1359,3.8410,0.7780,0.0000,1,0,0,0,0,0.3845
27.8028,54.6032,0.0864,96.8217,14.0103,50.4369,14.0102,0.0538,3.6508,273.9678,-2.4050,-0.0225,0.3118,0.3099,-0.0561,-3.2442,1.9377,0.7788,0.0000,1,0,0,0,0,0.2988
27.8760,53.5697,0.0864,96.8955,14.2969,51.4690,14.2968,0.0553,3.9164,273.7715,-2.6824,-0.0225,0.3118,0.3099,-0.0562,-3.3104,0.9035,0.7793,0.0000,1,0,0,0,0,0.2572
27.9302,52.7913,0.0864,96.9489,14.5020,52.2073,14.5019,0.0568,3.7830,273.6292,-2.6253,-0.0225,0.3118,0.3099,-0.0562,-3.3496,0.7227,0.7794,0.0000,1,0,0,0,0,0.2447
27.9812,52.0493,0.0864,96.9981,14.6662,52.7981,14.6660,0.0582,3.2189,273.5141,-2.2566,-0.0225,0.3118,0.3099,-0.0563,-3.3616,0.2352,0.7795,0.0000,1,0,0,0,0,0.1979
28.0375,51.2179,0.0864,97.0512,14.8713,53.5368,14.8712,0.0599,3.6410,273.3688,-2.5779,-0.0225,0.3118,0.3099,-0.0563,-3.3681,0.1154,0.7795,0.0000,1,0,0,0,0,0.2101
28.0939,50.3741,0.0864,97.1030,15.0765,54.2754,15.0764,0.0617,3.6385,273.2221,-2.6025,-0.0225,0.3118,0.3099,-0.0563,-3.3725,0.0784,0.7796,0.0000,1,0,0,0,0,0.2103
28.1460,49.5845,0.0864,97.1495,15.2815,55.0132,15.2813,0.0634,3.9367,273.0736,-2.8511,-0.0225,0.3079,0.3099,-0.0563,-3.3741,0.0308,0.7783,0.0000,1,0,0,0,0,0.2223
28.2038,48.6953,0.0864,97.1996,15.4818,55.7345,15.4817,0.0652,3.4628,272.9239,-2.5883,-0.0225,0.3040,0.3099,-0.0563,-3.3751,0.0182,0.7727,0.0000,1,0,0,0,0,0.2080
28.2546,47.9044,0.0864,97.2422,15.6711,56.4161,15.6710,0.0668,3.7253,272.7730,-2.9694,-0.0225,0.3021,0.3099,-0.0563,-3.3756,0.0085,0.7619,0.0000,1,0,0,0,0,0.2294
28.3175,46.9147,0.0864,97.2929,15.8914,57.2089,15.8912,0.0688,3.5051,272.5903,-2.9079,-0.0225,0.3060,0.3099,-0.0563,-3.3758,0.0040,0.7611,0.0000,1,0,0,0,0,0.2267
28.3885,45.7805,0.0864,97.3473,16.1149,58.0136,16.1147,0.0709,3.1492,272.4055,-2.6039,-0.0225,0.3021,0.3099,-0.0563,-3.3759,0.0018,0.7611,0.0000,1,0,0,0,0,0.2108
28.4386,44.9692,0.0864,97.3840,16.3031,58.6911,16.3029,0.0726,3.7538,272.2498,-3.1042,-0.0225,0.3099,0.3099,-0.0563,-3.3760,0.0012,0.7669,0.0000,1,0,0,0,0,0.2393
28.4897,44.1332,0.0864,97.4197,16.4579,59.2486,16.4578,0.0742,3.0303,272.1240,-2.4616,-0.0225,0.3099,0.3099,-0.0563,-3.3760,0.0005,0.7703,0.0000,1,0,0,0,0,0.2044
28.5450,43.2185,0.0864,97.4564,16.6526,59.9493,16.6524,0.0764,3.5216,271.9644,-2.8882,-0.0245,0.2981,0.3099,-0.0577,-3.3826,0.1191,0.7664,0.0000,1,0,0,0,0,0.2359
28.6045,42.2214,0.0864,97.4936,16.8304,60.5894,16.8302,0.0814,2.9852,271.7919,-2.8960,-0.0323,0.2942,0.3099,-0.0650,-3.5075,2.0960,0.7485,0.0000,1,0,0,0,0,0.3499
28.6581,41.3145,0.0864,97.5247,16.9962,61.1864,16.9960,0.0939,3.0935,271.5818,-3.9192,-0.0401,0.2903,0.3099,-0.0808,-3.9321,7.9220,0.7411,0.0000,1,0,0,0,0,0.7408
28.7192,40.2723,0.0864,97.5570,17.1637,61.7893,17.1633,0.1193,2.7442,271.2599,-5.2757,-0.0518,0.2708,0.3099,-0.1056,-4.7793,13.8816,0.7062,0.0000,1,0,0,0,0,1.1686
28.7695,39.4066,0.0864,97.5805,17.2596,62.1347,17.2590,0.1427,1.9070,270.9924,-5.3151,-0.0596,0.2825,0.3099,-0.1255,-5.8805,21.8868,0.7030,0.0000,1,0,0,0,0,1.6353
28.8198,38.5352,0.0864,97.6006,17.3800,62.5678,17.3790,0.1773,2.3910,270.5934,-7.9306,-0.0714,0.2864,0.3099,-0.1510,-7.0485,23.2131,0.7052,0.0000,1,0,0,0,0,1.8832
28.8799,37.4866,0.0864,97.6189,17.5125,63.0450,17.5112,0.2161,2.2052,270.1217,-7.8467,-0.0831,0.3021,0.3099,-0.1756,-8.4810,23.8320,0.7235,0.0000,1,0,0,0,0,1.9450
28.9321,36.5689,0.0864,97.6286,17.6688,63.6078,17.6669,0.2595,2.9967,269.5699,-10.5778,-0.0909,0.3060,0.3099,-0.2014,-9.8680,26.5875,0.7439,0.0000,1,0,0,0,0,2.2850
28.9885,35.5674,0.0864,97.6315,17.8374,64.2145,17.8348,0.3037,2.9878,268.9476,-11.0324,-0.0987,0.3001,0.3099,-0.2227,-11.2905,25.2172,0.7487,0.0000,1,0,0,0,0,2.2692
29.0496,34.4707,0.0864,97.6241,18.0413,64.9488,18.0378,0.3561,3.3349,268.1139,-13.6313,-0.1066,0.2981,0.3099,-0.2463,-12.8192,24.9954,0.7493,0.0000,1,0,0,0,0,2.4420
29.1101,33.3764,0.0864,97.6040,18.1945,65.5002,18.1902,0.3971,2.5351,267.3578,-12.5140,-0.1105,0.2864,0.3099,-0.2625,-14.0612,20.5559,0.7279,0.0000,1,0,0,0,0,2.1646
29.1704,32.2750,0.0864,97.5700,18.3401,66.0243,18.3350,0.4341,2.4142,266.5570,-13.2798,-0.1144,0.2942,0.3099,-0.2750,-15.2046,18.9614,0.7302,0.0000,1,0,0,0,0,2.1462
29.2208,31.3466,0.0864,97.5295,18.4920,66.5713,18.4861,0.4674,3.0121,265.7234,-16.5276,-0.1144,0.3001,0.3099,-0.2813,-15.9132,14.0484,0.7389,0.0000,1,0,0,0,0,2.0778
29.2743,30.3544,0.0864,97.4742,18.6521,67.1477,18.6454,0.4997,2.9919,264.8695,-15.9550,-0.1144,0.2923,0.3099,-0.2840,-16.4642,10.2950,0.7423,0.0000,1,0,0,0,0,1.8602
29.3332,29.2539,0.0864,97.3973,18.8119,67.7227,18.8047,0.5181,2.7119,264.0054,-14.6725,-0.1144,0.2981,0.3099,-0.2851,-16.7685,5.1680,0.7442,0.0000,1,0,0,0,0,1.5154
29.3903,28.1797,0.0864,97.3057,18.9667,68.2800,18.9594,0.5264,2.7136,263.1464,-15.0559,-0.1066,0.2884,0.3099,-0.2775,-16.8536,1.4915,0.7335,0.0000,1,0,0,0,0,1.3356
29.4516,27.0162,0.0864,97.1879,19.1464,68.9270,19.1394,0.5173,2.9287,262.1772,-15.7926,-0.0909,0.2981,0.3099,-0.2517,-16.3712,7.8613,0.7356,0.0000,1,0,0,0,0,1.7194
29.5127,25.8512,0.0864,97.0512,19.2877,69.4356,19.2814,0.4921,2.3149,261.4544,-11.8431,-0.0733,0.2884,0.3099,-0.2204,-15.2838,17.8171,0.7233,0.0000,1,0,0,0,0,2.0305
29.5713,24.7259,0.0864,96.9023,19.4572,70.0458,19.4522,0.4402,2.8922,260.7246,-12.4538,-0.0557,0.2981,0.3099,-0.1775,-13.5545,29.5083,0.7303,0.0000,1,0,0,0,0,2.6706
29.6314,23.5642,0.0864,96.7330,19.6078,70.5882,19.6041,0.3843,2.5054,260.2401,-8.0568,-0.0381,0.2981,0.3099,-0.1379,-11.4637,34.7734,0.7358,0.0000,1,0,0,0,0,2.6734
29.6925,22.3747,0.0864,96.5456,19.7943,71.2593,19.7919,0.3050,3.0488,259.8191,-6.8861,-0.0206,0.2981,0.3099,-0.0908,-9.0996,38.6603,0.7378,0.0000,1,0,0,0,0,2.7614
29.7441,21.3648,0.0864,96.3772,19.9155,71.6959,19.9141,0.2395,2.3516,259.6624,-3.0380,-0.0029,0.2864,0.3099,-0.0462,-6.5702,49.0455,0.7293,0.0000,1,0,0,0,0,3.0739
29.8019,20.2299,0.0864,96.1804,19.8985,71.6346,19.8978,0.1610,-0.2949,259.5673,-1.6454,0.0107,0.2942,0.3099,-0.0199,-4.1874,41.2415,0.7324,0.0000,1,0,0,0,0,2.5039
29.8593,19.1013,0.0864,95.9792,19.9014,71.6451,19.9013,0.0817,0.0511,259.5486,-0.3251,0.0244,0.3040,0.3099,0.0160,-2.1703,35.1098,0.7452,0.0000,1,0,0,0,0,2.0302
29.9245,17.8228,0.0864,95.7475,19.9035,71.6527,19.9035,0.0056,0.0324,259.6770,1.9693,0.0381,0.3060,0.3099,0.0573,-0.1598,30.8393,0.7549,0.0000,1,0,0,0,0,1.8270
29.9819,16.6968,0.0864,95.5428,19.9411,71.7879,19.9409,0.0894,0.6539,259.9937,5.5168,0.0557,0.3060,0.3099,0.1012,2.7428,50.5706,0.7596,0.0000,1,0,0,0,0,3.1832
30.0340,15.6758,0.0864,95.3589,19.9026,71.6494,19.9021,0.1497,-0.7392,260.2895,5.6869,0.0655,0.2942,0.3099,0.1273,4.5112,33.9939,0.7507,0.0000,1,0,0,0,0,2.3173
30.0866,14.6412,0.0864,95.1761,19.8680,71.5250,19.8668,0.2200,-0.6570,260.7424,8.6072,0.0733,0.2571,0.3099,0.1546,6.5615,38.9630,0.7122,0.0000,1,0,0,0,0,2.8089
30.1389,13.6149,0.0864,94.9999,19.9714,71.8971,19.9695,0.2798,1.9775,261.2628,9.9545,0.0772,0.2649,0.3099,0.1741,8.0993,29.4182,0.6798,0.0000,1,0,0,0,0,2.3975
30.2013,12.3851,0.0864,94.7979,19.9194,71.7098,19.9167,0.3279,-0.8326,261.8329,9.1224,0.0791,0.3099,0.3099,0.1868,9.5206,22.7429,0.7163,0.0000,1,0,0,0,0,2.0172
30.2577,11.2753,0.0864,94.6254,19.9027,71.6497,19.8993,0.3664,-0.2963,262.4406,10.7882,0.0811,0.3158,0.3099,0.1955,10.6312,19.7173,0.7532,0.0000,1,0,0,0,0,1.9709
30.3084,10.2746,0.0864,94.4790,19.9068,71.6644,19.9029,0.3948,0.0803,263.0702,12.4164,0.0811,0.3158,0.3099,0.1997,11.1970,11.1567,0.7717,0.0000,1,0,0,0,0,1.6071
30.3672,9.1131,0.0864,94.3207,19.9087,71.6714,19.9044,0.4137,0.0333,263.7099,10.8846,0.0811,0.3158,0.3099,0.2015,11.6421,7.5734,0.7807,0.0000,1,0,0,0,0,1.3372
30.4189,8.0896,0.0864,94.1921,19.9096,71.6746,19.9051,0.4260,0.0170,264.3541,12.4586,0.0811,0.3158,0.3099,0.2023,11.8829,4.6580,0.7851,0.0000,1,0,0,0,0,1.2719
30.4755,6.9661,0.0864,94.0628,19.9100,71.6761,19.9053,0.4343,0.0077,265.0027,11.4437,0.0831,0.3158,0.3099,0.2045,12.0290,2.5769,0.7873,0.0000,1,0,0,0,0,1.1061
30.5289,5.9064,0.0864,93.9526,19.9103,71.6770,19.9054,0.4427,0.0044,265.6637,12.3776,0.0850,0.3158,0.3099,0.2087,12.2064,3.3225,0.7883,0.0000,1,0,0,0,0,1.2058
30.5815,4.8627,0.0864,93.8553,19.9104,71.6775,19.9053,0.4522,0.0025,266.3408,12.8906,0.0870,0.3158,0.3099,0.2137,12.4297,4.2510,0.7889,0.0000,1,0,0,0,0,1.2930
30.6402,3.6956,0.0864,93.7601,19.9104,71.6776,19.9051,0.4625,0.0005,267.0353,11.8322,0.0909,0.3158,0.3099,0.2200,12.7149,4.8584,0.7891,0.0000,1,0,0,0,0,1.2757
30.6965,2.5745,0.0864,93.6823,19.9105,71.6776,19.9048,0.4738,0.0003,267.7483,12.6601,0.0929,0.3158,0.3099,0.2256,13.0434,5.8337,0.7892,0.0000,1,0,0,0,0,1.3843
30.7560,1.3890,0.0864,93.6149,19.9104,71.6775,19.9045,0.4853,-0.0005,268.4796,12.2856,0.0948,0.3158,0.3099,0.2312,13.4013,6.0120,0.7893,0.0000,1,0,0,0,0,1.3822
30.8206,0.1006,0.0864,93.5596,19.9527,71.8296,19.9464,0.5009,0.6537,269.3847,14.0028,0.0987,0.3158,0.3099,0.2394,13.7703,5.7095,0.7893,0.0000,1,0,0,0,0,1.4717
30.8763,-1.0099,0.0864,93.5273,19.9526,71.8295,19.9460,0.5137,-0.0005,270.1602,13.9288,0.1007,0.3158,0.3099,0.2450,14.1899,7.5359,0.7893,0.0000,1,0,0,0,0,1.5787
30.9275,-2.0312,0.0864,93.5104,19.9526,71.8292,19.9456,0.5269,-0.0016,270.9557,15.5380,0.1026,0.3158,0.3099,0.2512,14.5011,6.0786,0.7893,0.0000,1,0,0,0,0,1.5970
30.9867,-3.2122,0.0864,93.5066,19.9524,71.8288,19.9451,0.5400,-0.0021,271.7712,13.7765,0.1046,0.3158,0.3099,0.2570,14.9021,6.7739,0.7893,0.0000,1,0,0,0,0,1.5476
31.0407,-4.2891,0.0864,93.5182,19.9523,71.8284,19.9447,0.5526,-0.0020,272.6043,15.4357,0.1065,0.3158,0.3099,0.2623,15.2694,6.8061,0.7893,0.0000,1,0,0,0,0,1.6511
31.0939,-5.3503,0.0864,93.5441,19.9523,71.8281,19.9443,0.5642,-0.0014,273.4521,15.9352,0.1085,0.3158,0.3099,0.2670,15.5439,5.1583,0.7893,0.0000,1,0,0,0,0,1.5960
31.1484,-6.4376,0.0864,93.5860,19.9522,71.8278,19.9440,0.5700,-0.0015,274.3199,15.9127,0.1085,0.3158,0.3099,0.2694,15.8168,5.0048,0.7893,0.0000,1,0,0,0,0,1.5906
31.2078,-7.6203,0.0864,93.6496,19.9521,71.8275,19.9437,0.5782,-0.0014,275.1956,14.7523,0.1104,0.3158,0.3099,0.2732,16.0609,4.1113,0.7893,0.0000,1,0,0,0,0,1.4827
31.2672,-8.8037,0.0864,93.7321,19.9521,71.8274,19.9434,0.5876,-0.0004,276.0765,14.8154,0.1104,0.3158,0.3099,0.2748,16.2717,3.5463,0.7893,0.0000,1,0,0,0,0,1.4619
31.3175,-9.8037,0.0864,93.8168,19.9520,71.8271,19.9431,0.5936,-0.0017,276.9572,17.5071,0.1104,0.3158,0.3099,0.2755,16.3873,2.2983,0.7893,0.0000,1,0,0,0,0,1.5465
31.3686,-10.8183,0.0864,93.9168,19.9519,71.8269,19.9429,0.5992,-0.0013,277.8473,17.4208,0.1104,0.3158,0.3079,0.2758,16.4587,1.3972,0.7893,0.0000,1,0,0,0,0,1.4959
31.4273,-11.9816,0.0864,94.0494,19.9519,71.8268,19.9428,0.6006,-0.0005,278.7381,15.1794,0.1104,0.3158,0.3079,0.2760,16.5098,0.8699,0.7893,0.0000,1,0,0,0,0,1.3432
31.4810,-13.0441,0.0864,94.1874,19.9519,71.8267,19.9428,0.6006,-0.0003,279.6271,16.5540,0.1104,0.3158,0.2981,0.2760,16.5309,0.3944,0.7893,0.0000,1,0,0,0,0,1.3931
31.5341,-14.0915,0.0864,94.3396,19.9099,71.6756,19.9010,0.5944,-0.7914,280.3340,13.3264,0.1104,0.3158,0.1984,0.2761,16.5491,0.3433,0.7893,0.0000,1,0,0,0,0,1.2072
31.5846,-15.0878,0.0864,94.4991,19.9099,71.6755,19.9009,0.5981,-0.0007,281.2170,17.4637,0.1104,0.3158,0.1574,0.2761,16.5557,0.1299,0.7893,0.0000,1,0,0,0,0,1.4280
31.6358,-16.0928,0.0864,94.6743,19.9100,71.6759,19.9011,0.5955,0.0023,282.0848,16.9742,0.0987,0.3158,0.0225,0.2660,16.4561,1.9495,0.7893,0.0000,1,0,0,0,0,1.5000
31.6882,-17.1204,0.0864,94.8687,19.9769,71.9167,19.9684,0.5802,1.2769,282.7382,12.4708,0.0870,0.3158,-0.0733,0.2480,16.0230,8.2662,0.7893,0.0239,1,0,0,0,0,1.7072
31.7394,-18.1134,0.0864,95.0709,19.4136,69.8889,19.4065,0.5259,-10.9825,283.4662,14.1942,0.0713,0.3158,-0.1965,0.2158,15.1140,17.7222,0.7893,0.1048,1,0,0,0,0,2.7035
31.7913,-19.0655,0.0864,95.2777,17.7827,64.0179,17.7777,0.4259,-31.4544,284.0562,11.3795,0.0518,0.3158,-0.3900,0.1775,13.4296,32.4866,0.7893,0.2322,1,0,0,0,0,3.9571
31.8441,-19.9262,0.0864,95.4756,15.4847,55.7450,15.4815,0.3157,-43.5019,284.3945,6.4050,0.0264,0.3158,-0.6638,0.1344,11.5811,34.9939,0.7893,0.3983,1,0,0,0,0,4.5970
31.9074,-20.7265,0.0864,95.6686,10.7423,38.6722,10.7413,0.1443,-74.9754,284.6300,3.7222,0.0010,0.3177,-0.8847,0.0525,8.3216,51.5306,0.7911,0.6727,1,0,0,0,0,6.6344
31.9658,-21.2192,0.0864,95.7918,7.0064,25.2230,7.0061,0.0586,-63.9153,284.6808,0.8704,-0.0264,0.3255,-0.9785,0.0123,5.0058,56.7283,0.7978,0.8427,1,1,0,0,0,27.5391
32.0182,-21.4944,0.0864,95.8619,4.1595,14.9741,4.1594,0.0195,-54.3039,284.6479,-0.6287,-0.0479,-0.6481,-0.9922,-0.0519,1.8266,60.6418,0.4787,0.9302,1,1,0,0,0,28.1250
32.0747,-21.6610,0.0864,95.9046,2.1180,7.6249,2.1180,0.0066,-36.1588,284.5886,-1.0497,-0.0675,-0.9335,-0.9941,-0.1089,-1.5439,59.6986,0.2342,0.9676,1,1,0,0,0,28.2595
32.1289,-21.7340,0.0864,95.9232,0.7952,2.8627,0.7952,0.0035,-24.4244,284.5419,-0.8621,-0.0851,-0.9843,-1.0000,-0.1597,-4.9877,63.5847,0.1146,0.9854,1,0,0,0,0,8.5741
32.1917,-21.7533,0.0864,95.9280,0.0000,0.0002,0.0000,0.0000,-12.6627,284.5157,-0.4180,-0.0987,-0.9883,-0.9980,-0.2093,-8.1046,49.6375,0.0486,0.9935,1,0,0,0,0,7.7484
32.2516,-21.7533,0.0864,95.9280,0.0002,0.0006,0.0000,0.0002,0.0021,284.5123,-0.0571,-0.1026,-0.9883,-0.9961,-0.2340,-10.8462,45.7687,0.0238,0.9954,1,0,0,0,0,7.5229
32.3027,-21.7533,0.0864,95.9280,0.0001,0.0004,0.0000,0.0001,-0.0015,284.5106,-0.0334,-0.1046,-0.9883,-0.9980,-0.2493,-12.5552,33.4299,0.0116,0.9965,1,0,0,0,0,6.8415
32.3649,-21.7533,0.0864,95.9280,0.0001,0.0002,0.0000,0.0001,-0.0006,284.5097,-0.0137,-0.1046,-0.9883,-1.0000,-0.2563,-13.9696,22.7389,0.0057,0.9984,1,0,0,0,0,6.2562
32.4232,-21.7533,0.0864,95.9280,0.0000,0.0001,0.0000,0.0000,-0.0004,284.5094,-0.0052,-0.1046,-0.9883,-1.0000,-0.2596,-14.7834,13.9617,0.0024,0.9995,1,0,0,0,0,5.7733
32.4825,-21.7533,0.0864,95.9280,0.0000,0.0001,0.0000,0.0000,-0.0001,284.5094,0.0005,-0.1046,-0.9883,-1.0000,-0.2607,-15.2323,7.5636,0.0012,0.9998,1,0,0,0,0,5.4192
32.5416,-21.7533,0.0864,95.9280,0.0000,0.0001,0.0000,0.0000,-0.0001,284.5095,0.0005,-0.1046,-0.9883,-1.0000,-0.2612,-15.4577,3.8157,0.0006,0.9999,1,0,0,0,0,5.2116
32.6011,-21.7533,0.0864,95.9280,0.0000,0.0001,0.0000,0.0000,0.0000,284.5098,0.0051,-0.1046,-0.7282,-1.0000,-0.2614,-15.5742,1.9602,0.0002,1.0000,1,0,0,0,0,5.1090
32.6609,-21.7533,0.0864,95.9281,0.0002,0.0006,0.0000,0.0002,0.0022,284.5026,-0.1194,-0.1046,0.1906,-0.9922,-0.2614,-15.6335,0.9907,0.1224,0.9981,1,0,0,0,0,5.0524
32.7133,-21.7533,0.0864,95.9280,0.0008,0.0029,0.0000,0.0008,0.0126,284.4464,-1.0738,-0.1046,0.3099,-0.8319,-0.2615,-15.6597,0.4997,0.4320,0.9310,1,0,0,0,0,4.7423
32.7720,-21.7534,0.0864,95.9279,0.0081,0.0291,0.0080,0.0012,0.1237,284.3427,-1.7648,-0.1046,0.3275,-0.3021,-0.2615,-15.6754,0.2682,0.6266,0.6304,1,0,0,0,0,3.2649
32.8273,-21.7561,0.0864,95.9284,0.1069,0.3848,0.1069,0.0015,1.7865,284.2183,-2.2504,-0.1046,0.3275,0.1417,-0.2615,-15.6824,0.1268,0.7247,0.2862,1,0,0,0,0,1.5631
32.8821,-21.7657,0.0864,95.9307,0.2620,0.9433,0.2620,0.0020,2.8284,284.0798,-2.5252,-0.1046,0.2903,0.2864,-0.2615,-15.6864,0.0729,0.7499,0.1151,1,0,0,0,0,0.7200
32.9343,-21.7821,0.0864,95.9346,0.4000,1.4401,0.4000,0.0023,2.6453,283.9391,-2.6971,-0.1046,0.2884,0.3040,-0.2615,-15.6881,0.0322,0.7245,0.0463,1,0,0,0,0,0.3832
32.9954,-21.8099,0.0864,95.9412,0.5503,1.9812,0.5503,0.0025,2.4623,283.7928,-2.3964,-0.1026,0.3118,0.3040,-0.2596,-15.6724,0.2573,0.7458,0.0186,1,0,0,0,0,0.3074
33.0576,-21.8494,0.0864,95.9506,0.7737,2.7853,0.7737,0.0025,3.5873,283.6080,-2.9675,-0.0968,0.3216,0.3040,-0.2504,-15.4925,2.8895,0.7776,0.0062,1,0,0,0,0,0.4042
33.1164,-21.8992,0.0864,95.9624,0.9850,3.5459,0.9850,0.0022,3.5945,283.4484,-2.7165,-0.0948,0.3236,0.3040,-0.2432,-15.1411,5.9791,0.7917,0.0025,1,0,0,0,0,0.5299
33.1680,-21.9538,0.0864,95.9752,1.2093,4.3533,1.2092,0.0019,4.3443,283.2851,-3.1618,-0.0909,0.3236,0.3040,-0.2345,-14.7613,7.3560,0.8005,0.0010,1,0,0,0,0,0.6126
33.2287,-22.0317,0.0864,95.9933,1.4409,5.1871,1.4409,0.0013,3.8157,283.1202,-2.7164,-0.0831,0.3255,0.3040,-0.2235,-14.2721,8.0587,0.8060,0.0004,1,0,0,0,0,0.6146
33.2827,-22.1138,0.0864,96.0122,1.6782,6.0416,1.6782,0.0007,4.3938,282.9562,-3.0365,-0.0792,0.3255,0.3040,-0.2118,-13.7007,10.5782,0.8100,0.0002,1,0,0,0,0,0.7636
33.3390,-22.2125,0.0864,96.0346,1.9186,6.9070,1.9186,0.0000,4.2706,282.7945,-2.8727,-0.0733,0.3255,0.3040,-0.1982,-12.9866,12.6861,0.8119,0.0001,1,0,0,0,0,0.8650
33.4008,-22.3361,0.0864,96.0625,2.2089,7.9521,2.2089,0.0007,4.7036,282.6070,-3.0373,-0.0675,0.3255,0.3040,-0.1814,-12.1286,13.9007,0.8130,0.0000,1,0,0,0,0,0.9461
33.4638,-22.4794,0.0864,96.0943,2.4516,8.8257,2.4516,0.0013,3.8458,282.4589,-2.3473,-0.0557,0.3255,0.3040,-0.1621,-11.1929,14.8291,0.8134,0.0000,1,0,0,0,0,0.9623
33.5230,-22.6293,0.0864,96.1272,2.7432,9.8757,2.7432,0.0016,4.9289,282.2975,-2.7287,-0.0459,0.3255,0.3040,-0.1382,-10.0140,19.9230,0.8136,0.0000,1,0,0,0,0,1.2674
33.5863,-22.8064,0.0864,96.1657,2.9863,10.7507,2.9863,0.0018,3.8395,282.1766,-1.9090,-0.0401,0.3255,0.3040,-0.1198,-8.8494,18.3965,0.8137,0.0000,1,0,0,0,0,1.1370
33.6459,-22.9887,0.0864,96.2048,3.2782,11.8016,3.2782,0.0016,4.9004,282.0494,-2.1347,-0.0342,0.3255,0.3040,-0.0992,-7.5867,21.1979,0.8137,0.0000,1,0,0,0,0,1.3035
33.7060,-23.1884,0.0864,96.2473,3.5215,12.6773,3.5215,0.0015,4.0447,281.9540,-1.5873,-0.0323,0.3255,0.3040,-0.0886,-6.5602,17.0677,0.8137,0.0000,1,0,0,0,0,1.0427
33.7586,-23.3757,0.0864,96.2868,3.7648,13.5531,3.7648,0.0015,4.6262,281.8640,-1.7113,-0.0303,0.3255,0.3040,-0.0813,-5.8123,14.2213,0.8138,0.0000,1,0,0,0,0,0.8910
33.8159,-23.5933,0.0864,96.3324,4.0080,14.4286,4.0080,0.0017,4.2455,281.7761,-1.5337,-0.0303,0.3255,0.3040,-0.0782,-5.2787,9.3156,0.8138,0.0000,1,0,0,0,0,0.6090
33.8660,-23.7951,0.0864,96.3744,4.2026,15.1293,4.2026,0.0020,3.8872,281.7054,-1.4117,-0.0303,0.3255,0.3040,-0.0770,-4.9933,5.6997,0.8138,0.0000,1,0,0,0,0,0.4024
33.9272,-24.0566,0.0864,96.4284,4.4945,16.1804,4.4945,0.0027,4.7681,281.5976,-1.7618,-0.0303,0.3255,0.3040,-0.0762,-4.7722,3.6112,0.8138,0.0000,1,0,0,0,0,0.3077
33.9869,-24.3273,0.0864,96.4838,4.7378,17.0560,4.7378,0.0036,4.0721,281.5054,-1.5435,-0.0303,0.3255,0.3040,-0.0760,-4.6602,1.8750,0.8138,0.0000,1,0,0,0,0,0.2012
34.0417,-24.5890,0.0864,96.5370,4.9811,17.9318,4.9811,0.0044,4.4417,281.4109,-1.7256,-0.0303,0.3255,0.3040,-0.0759,-4.6112,0.8949,0.8138,0.0000,1,0,0,0,0,0.1589
34.1007,-24.8856,0.0864,96.5967,5.2729,18.9826,5.2729,0.0057,4.9448,281.2927,-2.0023,-0.0323,0.3255,0.3040,-0.0782,-4.5983,0.2191,0.8138,0.0000,1,0,0,0,0,0.1396
34.1598,-25.1973,0.0864,96.6590,5.5162,19.8583,5.5162,0.0072,4.1214,281.1862,-1.8035,-0.0342,0.3255,0.3040,-0.0824,-4.7136,1.9547,0.8138,0.0000,1,0,0,0,0,0.2284
34.2127,-25.4896,0.0864,96.7169,5.7595,20.7343,5.7595,0.0091,4.5974,281.0713,-2.1714,-0.0381,0.3255,0.3040,-0.0878,-4.8987,3.4969,0.8138,0.0000,1,0,0,0,0,0.3385
34.2675,-25.8051,0.0864,96.7788,6.0028,21.6102,6.0028,0.0113,4.4396,280.9458,-2.2902,-0.0401,0.3255,0.3040,-0.0940,-5.1698,4.9462,0.8138,0.0000,1,0,0,0,0,0.4304
34.3206,-26.1229,0.0864,96.8406,6.1973,22.3104,6.1973,0.0135,3.6652,280.8370,-2.0503,-0.0420,0.3255,0.3040,-0.0990,-5.4636,5.5362,0.8138,0.0000,1,0,0,0,0,0.4543
34.3795,-26.4904,0.0864,96.9112,6.4893,23.3615,6.4893,0.0171,4.9536,280.6594,-3.0132,-0.0459,0.3255,0.3040,-0.1071,-5.8402,6.3893,0.8138,0.0000,1,0,0,0,0,0.5618
34.4301,-26.8182,0.0864,96.9734,6.6839,24.0622,6.6839,0.0199,3.8442,280.5301,-2.5532,-0.0479,0.3255,0.3040,-0.1129,-6.1818,6.7473,0.8138,0.0000,1,0,0,0,0,0.5613
34.4802,-27.1534,0.0864,97.0362,6.9272,24.9379,6.9272,0.0235,4.8558,280.3571,-3.4542,-0.0499,0.3255,0.3040,-0.1188,-6.5499,7.3476,0.8138,0.0000,1,0,0,0,0,0.6509
34.5347,-27.5308,0.0864,97.1059,7.1704,25.8134,7.1703,0.0273,4.4605,280.1721,-3.3932,-0.0518,0.3255,0.3040,-0.1241,-6.9096,6.5974,0.8138,0.0000,1,0,0,0,0,0.6121
34.5954,-27.9656,0.0864,97.1849,7.4136,26.6890,7.4135,0.0312,4.0126,279.9764,-3.2284,-0.0518,0.3255,0.3040,-0.1272,-7.2431,5.5029,0.8138,0.0000,1,0,0,0,0,0.5481
34.6472,-28.3500,0.0864,97.2535,7.6568,27.5646,7.6567,0.0349,4.6941,279.7723,-3.9390,-0.0538,0.3255,0.3040,-0.1305,-7.4540,4.0703,0.8138,0.0000,1,0,0,0,0,0.5133
34.7044,-28.7880,0.0864,97.3304,7.9001,28.4402,7.8999,0.0442,4.2532,279.5571,-3.7633,-0.0577,0.3255,0.3040,-0.1355,-7.7074,4.4309,0.8138,0.0000,1,0,0,0,0,0.5391
34.7643,-29.2626,0.0864,97.4123,8.1433,29.3157,8.1431,0.0543,4.0554,279.3271,-3.8339,-0.0596,0.3255,0.3040,-0.1419,-8.0521,5.7483,0.8138,0.0000,1,0,0,0,0,0.6324
34.8173,-29.6947,0.0864,97.4854,8.3863,30.1908,8.3861,0.0624,4.5929,279.0836,-4.6014,-0.0596,0.3255,0.3040,-0.1460,-8.3565,5.7514,0.8138,0.0000,1,0,0,0,0,0.6867
34.8733,-30.1659,0.0864,97.5634,8.6294,31.0660,8.6292,0.0669,4.3361,278.8307,-4.5119,-0.0616,0.3255,0.3060,-0.1492,-8.6136,4.5861,0.8138,0.0000,1,0,0,0,0,0.6218
34.9247,-30.6103,0.0864,97.6348,8.8725,31.9409,8.8722,0.0658,4.7264,278.5676,-5.1151,-0.0616,0.3255,0.3079,-0.1519,-8.8052,3.7260,0.8138,0.0000,1,0,0,0,0,0.6024
34.9784,-31.0870,0.0864,97.7091,9.1155,32.8158,9.1153,0.0676,4.5255,278.2934,-5.1070,-0.0636,0.3255,0.3118,-0.1559,-9.0313,4.2096,0.8138,0.0000,1,0,0,0,0,0.6288
35.0287,-31.5446,0.0864,97.7783,9.3101,33.5163,9.3098,0.0703,3.8729,278.0663,-4.5196,-0.0655,0.3275,0.3118,-0.1588,-9.2122,3.6004,0.8144,0.0000,1,0,0,0,0,0.5643
35.0896,-32.1144,0.0864,97.8617,9.6072,34.5859,9.6069,0.0761,4.8791,277.7080,-5.8840,-0.0675,0.3294,0.3118,-0.1647,-9.4275,3.5367,0.8197,0.0000,1,0,0,0,0,0.6421
35.1419,-32.6173,0.0864,97.9327,9.8079,35.3085,9.8076,0.0812,3.8386,277.4553,-4.8330,-0.0714,0.3294,0.3118,-0.1710,-9.7862,6.8576,0.8213,0.0000,1,0,0,0,0,0.7737
35.1921,-33.1119,0.0864,98.0001,10.0601,36.2164,10.0597,0.0889,5.0234,277.1194,-6.6906,-0.0753,0.3294,0.3118,-0.1800,-10.1217,6.6836,0.8225,0.0000,1,0,0,0,0,0.8755
35.2433,-33.6290,0.0864,98.0679,10.3132,37.1274,10.3127,0.0976,4.9373,276.7615,-6.9824,-0.0792,0.3294,0.3118,-0.1884,-10.5140,7.6549,0.8230,0.0000,1,0,0,0,0,0.9552
35.2957,-34.1698,0.0864,98.1359,10.5159,37.8572,10.5154,0.1052,3.8720,276.4600,-5.7587,-0.0792,0.3294,0.3118,-0.1931,-10.9808,8.9162,0.8232,0.0000,1,0,0,0,0,0.9654
35.3564,-34.8134,0.0864,98.2128,10.8200,38.9521,10.8194,0.1164,5.0058,275.9865,-7.7931,-0.0812,0.3294,0.3118,-0.1994,-11.3989,6.8807,0.8234,0.0000,1,0,0,0,0,0.9766
35.4149,-35.4490,0.0864,98.2843,11.0736,39.8649,11.0729,0.1255,4.3383,275.5759,-7.0267,-0.0831,0.3294,0.3118,-0.2033,-11.7479,5.9725,0.8235,0.0000,1,0,0,0,0,0.8922
35.4670,-36.0292,0.0864,98.3456,11.3271,40.7776,11.3263,0.1345,4.8640,275.1503,-8.1651,-0.0851,0.3294,0.3118,-0.2073,-12.0295,5.4009,0.8235,0.0000,1,0,0,0,0,0.9318
35.5200,-36.6324,0.0864,98.4053,11.5805,41.6899,11.5796,0.1439,4.7796,274.7086,-8.3298,-0.0870,0.3294,0.3118,-0.2117,-12.2519,4.1953,0.8235,0.0000,1,0,0,0,0,0.8822
35.5702,-37.2156,0.0864,98.4591,11.7833,42.4199,11.7823,0.1517,4.0410,274.3435,-7.2763,-0.0870,0.3294,0.3118,-0.2146,-12.5190,5.3219,0.8235,0.0000,1,0,0,0,0,0.8930
35.6224,-37.8342,0.0864,98.5117,12.0366,43.3319,12.0356,0.1610,4.8572,273.8758,-8.9672,-0.0890,0.3294,0.3118,-0.2170,-12.7168,3.7927,0.8235,0.0000,1,0,0,0,0,0.9095
35.6816,-38.5524,0.0864,98.5673,12.2899,44.2436,12.2887,0.1707,4.2749,273.3936,-8.1401,-0.0890,0.3294,0.3118,-0.2201,-12.9281,3.5679,0.8235,0.0000,1,0,0,0,0,0.8588
35.7356,-39.2211,0.0864,98.6135,12.5431,45.1551,12.5418,0.1800,4.6901,272.8997,-9.1481,-0.0890,0.3294,0.3118,-0.2214,-13.1004,3.1904,0.8235,0.0000,1,0,0,0,0,0.9008
35.7917,-39.9305,0.0864,98.6566,12.7962,46.0664,12.7948,0.1890,4.5119,272.3964,-8.9698,-0.0890,0.3294,0.3118,-0.2220,-13.2053,1.8699,0.8235,0.0000,1,0,0,0,0,0.8237
35.8440,-40.6043,0.0864,98.6921,13.0493,46.9776,13.0478,0.1974,4.8436,271.8847,-9.7935,-0.0890,0.3294,0.3118,-0.2223,-13.2630,1.1051,0.8235,0.0000,1,0,0,0,0,0.8324
35.8995,-41.3347,0.0864,98.7243,13.3023,47.8882,13.3007,0.2057,4.5531,271.3651,-9.3524,-0.0890,0.3294,0.3118,-0.2224,-13.3000,0.6658,0.8235,0.0000,1,0,0,0,0,0.7886
35.9587,-42.1282,0.0864,98.7521,13.5552,48.7987,13.5535,0.2131,4.2756,270.8419,-8.8450,-0.0851,0.3294,0.3118,-0.2186,-13.2959,0.0700,0.8235,0.0000,1,0,0,0,0,0.7311
36.0095,-42.8224,0.0864,98.7703,13.8081,49.7092,13.8064,0.2171,4.9791,270.3287,-10.1023,-0.0792,0.3294,0.3118,-0.2091,-13.1201,3.4600,0.8235,0.0000,1,0,0,0,0,0.9893
36.0620,-43.5525,0.0864,98.7834,14.0104,50.4375,14.0087,0.2170,3.8533,269.9359,-7.4815,-0.0714,0.3294,0.3118,-0.1967,-12.6911,8.1707,0.8235,0.0000,1,0,0,0,0,1.1019
36.1124,-44.2655,0.0864,98.7903,14.2633,51.3479,14.2617,0.2126,5.0155,269.4739,-9.1633,-0.0675,0.3294,0.3118,-0.1815,-12.2014,9.7131,0.8235,0.0000,1,0,0,0,0,1.2722
36.1632,-44.9962,0.0864,98.7918,14.4657,52.0765,14.4642,0.2074,3.9801,269.1257,-6.8482,-0.0596,0.3294,0.3118,-0.1687,-11.2751,18.2164,0.8235,0.0000,1,0,0,0,0,1.6075
36.2175,-45.7899,0.0864,98.7874,14.7188,52.9876,14.7175,0.1976,4.6603,268.7246,-7.3841,-0.0538,0.3294,0.3118,-0.1514,-10.4536,15.1265,0.8235,0.0000,1,0,0,0,0,1.4520
36.2771,-46.6761,0.0864,98.7755,15.0227,54.0816,15.0216,0.1826,5.0984,268.2941,-7.2232,-0.0440,0.3294,0.3118,-0.1300,-9.4492,16.8529,0.8235,0.0000,1,0,0,0,0,1.5199
36.3364,-47.5726,0.0864,98.7567,15.2761,54.9938,15.2751,0.1674,4.2796,267.9832,-5.2512,-0.0362,0.3294,0.3118,-0.1112,-8.3292,18.9158,0.8235,0.0000,1,0,0,0,0,1.5070
36.3879,-48.3653,0.0864,98.7352,15.5295,55.9064,15.5288,0.1502,4.9217,267.7158,-5.1927,-0.0303,0.3294,0.3118,-0.0939,-7.2214,21.5089,0.8235,0.0000,1,0,0,0,0,1.6285
36.4406,-49.1891,0.0864,98.7084,15.7324,56.6367,15.7318,0.1367,3.8477,267.5291,-3.5413,-0.0245,0.3294,0.3118,-0.0815,-6.3417,16.6845,0.8235,0.0000,1,0,0,0,0,1.2539
36.4976,-50.0934,0.0864,98.6746,16.0369,57.7329,16.0365,0.1151,5.3450,267.2962,-4.0868,-0.0206,0.3294,0.3118,-0.0638,-5.3337,17.6947,0.8235,0.0000,1,0,0,0,0,1.3177
36.5533,-50.9922,0.0864,98.6371,16.2907,58.6467,16.2905,0.0870,4.5545,267.1844,-2.0068,-0.0127,0.3294,0.3118,-0.0274,-4.1084,21.9855,0.8235,0.0000,1,0,0,0,0,1.4130
36.6217,-52.1155,0.0864,98.5860,16.5956,59.7441,16.5955,0.0525,4.4538,267.1269,-0.8395,-0.0069,0.3294,0.3118,-0.0100,-2.5602,22.6184,0.8235,0.0000,1,0,0,0,0,1.3507
36.6752,-53.0071,0.0864,98.5435,16.8496,60.6586,16.8496,0.0355,4.7540,267.1105,-0.3067,-0.0029,0.3294,0.3118,-0.0043,-1.3738,22.2028,0.8235,0.0000,1,0,0,0,0,1.2821
36.7258,-53.8632,0.0864,98.5019,17.0529,61.3904,17.0529,0.0269,4.0183,267.1074,-0.0621,-0.0010,0.3294,0.3118,-0.0022,-0.8092,11.1627,0.8235,0.0000,1,0,0,0,0,0.6472
36.7763,-54.7305,0.0864,98.4591,17.3070,62.3052,17.3070,0.0182,5.0258,267.1021,-0.1038,0.0029,0.3294,0.3118,-0.0009,-0.4706,6.6955,0.8235,0.0000,1,0,0,0,0,0.3935
36.8293,-55.6527,0.0864,98.4131,17.5103,63.0372,17.5103,0.0091,3.8344,267.1021,-0.0006,0.0068,0.3294,0.3118,-0.0005,-0.2653,3.8726,0.8235,0.0000,1,0,0,0,0,0.2230
36.8880,-56.6882,0.0864,98.3608,17.8152,64.1346,17.8152,0.0015,5.1950,267.0960,-0.1045,0.0107,0.3294,0.3118,-0.0002,-0.1297,2.3096,0.8235,0.0000,1,0,0,0,0,0.1354
36.9471,-57.7461,0.0864,98.3071,18.0693,65.0495,18.0693,0.0019,4.3037,267.0915,-0.0760,0.0127,0.3294,0.3118,-0.0001,-0.0662,1.0759,0.8235,0.0000,1,0,0,0,0,0.0656
37.0018,-58.7405,0.0864,98.2563,18.3234,65.9642,18.3234,0.0040,4.6434,267.0872,-0.0786,0.0127,0.3294,0.3118,0.0000,-0.0347,0.5753,0.8235,0.0000,1,0,0,0,0,0.0396
37.0530,-59.6843,0.0864,98.2079,18.5776,66.8792,18.5776,0.0053,4.9599,267.0829,-0.0840,0.0127,0.3294,0.3118,0.0000,-0.0190,0.3078,0.8235,0.0000,1,0,0,0,0,0.0260
37.1045,-60.6437,0.0864,98.1587,18.7808,67.6110,18.7808,0.0056,3.9517,267.0795,-0.0664,0.0127,0.3294,0.3118,0.0000,-0.0094,0.1850,0.8235,0.0000,1,0,0,0,0,0.0185
37.1631,-61.7517,0.0864,98.1017,19.0858,68.7087,19.0858,0.0063,5.2014,267.0743,-0.0885,0.0127,0.3294,0.3118,0.0000,-0.0046,0.0825,0.8235,0.0000,1,0,0,0,0,0.0145
37.2246,-62.9303,0.0864,98.0410,19.3399,69.6235,19.3399,0.0064,4.1347,267.0700,-0.0695,0.0127,0.3294,0.3138,0.0000,-0.0022,0.0387,0.8235,0.0000,1,0,0,0,0,0.0110
37.2781,-63.9711,0.0864,97.9873,19.5940,70.5383,19.5940,0.0065,4.7463,267.0656,-0.0815,0.0107,0.3294,0.3138,0.0000,-0.0011,0.0204,0.8235,0.0000,1,0,0,0,0,0.0106
37.3371,-65.1343,0.0864,97.9272,19.8481,71.4531,19.8481,0.0065,4.3033,267.0613,-0.0729,0.0029,0.3294,0.3118,0.0000,-0.0005,0.0101,0.8235,0.0000,1,0,0,0,0,0.0095
37.3874,-66.1335,0.0864,97.8754,19.9189,71.7079,19.9189,0.0066,1.4091,267.0570,-0.0857,0.0010,0.3294,0.3118,0.0000,-0.0003,0.0052,0.8235,0.0000,1,0,0,0,0,0.0100
37.4384,-67.1491,0.0864,97.8228,19.9188,71.7076,19.9188,0.0065,-0.0014,267.0536,-0.0676,0.0010,0.3294,0.3235,0.0000,-0.0001,0.0026,0.8235,0.0000,1,0,0,0,0,0.0088
37.4886,-68.1493,0.0864,97.7709,19.9697,71.8908,19.9697,0.0066,1.0130,267.0493,-0.0851,0.0010,0.3294,0.3157,0.0000,-0.0001,0.0014,0.8235,0.0000,1,0,0,0,0,0.0098
37.5527,-69.4267,0.0864,97.7045,19.8681,71.5250,19.8681,0.0067,-1.5854,267.0442,-0.0805,0.0010,0.3294,0.3216,0.0000,0.0000,0.0006,0.8235,0.0000,1,0,0,0,0,0.0095
37.6076,-70.5202,0.0864,97.6477,19.9188,71.7077,19.9188,0.0029,0.9237,267.0397,-0.0811,-0.0010,0.3294,0.3216,0.0000,0.0000,0.0004,0.8235,0.0000,1,0,0,0,0,0.0067
37.6675,-71.7137,0.0864,97.5860,19.9696,71.8907,19.9696,0.0037,0.8481,267.0349,-0.0810,-0.0010,0.3294,0.3216,0.0000,0.0000,0.0002,0.8235,0.0000,1,0,0,0,0,0.0073
37.7204,-72.7666,0.0864,97.5315,20.0205,72.0738,20.0205,0.0007,0.9626,267.0306,-0.0808,0.0010,0.3294,0.3216,0.0000,0.0000,0.0001,0.8235,0.0000,1,0,0,0,0,0.0050
37.7811,-73.9757,0.0864,97.4685,19.8680,71.5249,19.8680,0.0031,-2.5117,267.0263,-0.0709,0.0068,0.3294,0.3216,0.0000,0.0000,0.0000,0.8235,0.0000,1,0,0,0,0,0.0063
37.8396,-75.1399,0.0864,97.4077,19.9188,71.7076,19.9188,0.0044,0.8682,267.0219,-0.0741,0.0107,0.3294,0.3216,0.0000,0.0000,0.0000,0.8235,0.0000,1,0,0,0,0,0.0075
37.8925,-76.1935,0.0864,97.3525,19.9697,71.8908,19.9697,0.0054,0.9618,267.0177,-0.0802,0.0166,0.3294,0.3216,0.0000,0.0000,0.0000,0.8235,0.0000,1,0,0,0,0,0.0085
37.9425,-77.1913,0.0864,97.3002,20.0205,72.0736,20.0205,0.0060,1.0143,267.0134,-0.0859,0.0186,0.3294,0.3216,0.0000,0.0000,0.0000,0.8235,0.0000,1,0,0,0,0,0.0093
38.0074,-78.4828,0.0864,97.2323,19.9188,71.7078,19.9188,0.0201,-1.5668,267.0524,0.6008,0.0205,0.3294,0.3196,0.0252,0.1319,2.0342,0.8235,0.0000,1,0,0,0,0,0.1615
38.0632,-79.5933,0.0864,97.1741,19.9696,71.8907,19.9696,0.0503,0.9110,267.1720,2.1446,0.0244,0.3294,0.3196,0.0453,1.2330,19.7438,0.8235,0.0000,1,0,0,0,0,1.2538
38.1158,-80.6419,0.0864,97.1201,19.9697,71.8908,19.9695,0.0752,0.0006,267.3038,2.5047,0.0303,0.3294,0.3196,0.0571,2.0773,16.0408,0.8235,0.0000,1,0,0,0,0,1.0868
38.1666,-81.6538,0.0864,97.0696,20.0204,72.0734,20.0201,0.1071,0.9989,267.5115,4.0911,0.0322,0.3294,0.3196,0.0701,2.7236,12.7278,0.8235,0.0000,1,0,0,0,0,1.0146
38.2212,-82.7420,0.0864,97.0179,19.8680,71.5249,19.8676,0.1360,-2.7896,267.7574,4.5021,0.0361,0.3294,0.3196,0.0813,3.7581,18.9418,0.8235,0.0000,1,0,0,0,0,1.4051
38.2723,-83.7590,0.0864,96.9725,19.8680,71.5248,19.8674,0.1559,-0.0009,267.9748,4.2567,0.0381,0.3294,0.3196,0.0877,4.3496,11.5833,0.8235,0.0000,1,0,0,0,0,0.9977
38.3310,-84.9295,0.0864,96.9248,19.9694,71.8899,19.9686,0.1809,1.7261,268.3275,6.0034,0.0401,0.3294,0.3196,0.0939,4.9282,9.8482,0.8235,0.0000,1,0,0,0,0,1.0165
38.3823,-85.9520,0.0864,96.8875,19.9693,71.8896,19.9684,0.1941,-0.0015,268.5813,4.9474,0.0440,0.3294,0.3196,0.0997,5.3852,8.9086,0.8235,0.0000,1,0,0,0,0,0.9156
38.4359,-87.0219,0.0864,96.8536,20.0200,72.0720,20.0189,0.2116,0.9447,268.9200,6.3136,0.0499,0.3294,0.3196,0.1105,5.7976,7.6878,0.8235,0.0000,1,0,0,0,0,0.9364
38.4895,-88.0896,0.0864,96.8251,19.8680,71.5247,19.8666,0.2334,-2.8385,269.2961,7.0223,0.0538,0.3294,0.3196,0.1224,6.3823,10.9162,0.8235,0.0000,1,0,0,0,0,1.1728
38.5460,-89.2157,0.0864,96.8014,19.9187,71.7071,19.9170,0.2571,0.8970,269.7110,7.3432,0.0577,0.3294,0.3118,0.1340,7.0650,12.0822,0.8235,0.0000,1,0,0,0,0,1.2728
38.5977,-90.2456,0.0864,96.7862,19.9691,71.8886,19.9671,0.2798,0.9759,270.1574,8.6422,0.0616,0.3294,0.3118,0.1429,7.6110,10.5710,0.8235,0.0000,1,0,0,0,0,1.2776
38.6487,-91.2629,0.0864,96.7776,19.9691,71.8886,19.9669,0.2962,0.0000,270.5339,7.3819,0.0635,0.3294,0.3118,0.1491,8.1632,10.8270,0.8235,0.0000,1,0,0,0,0,1.2341
38.7002,-92.2906,0.0864,96.7761,20.0195,72.0701,20.0170,0.3149,0.9790,271.0240,9.5168,0.0635,0.3294,0.3118,0.1546,8.6422,9.3006,0.8235,0.0000,1,0,0,0,0,1.2813
38.7510,-93.3050,0.0864,96.7818,19.8680,71.5249,19.8653,0.3283,-2.9786,271.5255,9.8630,0.0635,0.3294,0.3118,0.1570,8.9799,6.6420,0.8235,0.0000,1,0,0,0,0,1.1648
38.8039,-94.3582,0.0864,96.7959,19.8681,71.5251,19.8652,0.3357,0.0009,271.9301,7.6541,0.0635,0.3294,0.3118,0.1579,9.2275,4.6853,0.8235,0.0000,1,0,0,0,0,0.9390
38.8625,-95.5264,0.0864,96.8215,19.9688,71.8876,19.9658,0.3434,1.7185,272.5390,10.3907,0.0635,0.3294,0.3118,0.1585,9.3587,2.2383,0.8235,0.0000,1,0,0,0,0,0.9596
38.9136,-96.5451,0.0864,96.8525,19.9688,71.8878,19.9658,0.3463,0.0007,272.9460,7.9660,0.0635,0.3294,0.3118,0.1586,9.4317,1.4291,0.8235,0.0000,1,0,0,0,0,0.7821
38.9756,-97.7825,0.0864,96.9011,19.8680,71.5248,19.8649,0.3492,-1.6248,273.5575,9.8530,0.0635,0.3294,0.3118,0.1587,9.4813,0.7993,0.8235,0.0000,1,0,0,0,0,0.8554
39.0362,-98.9879,0.0864,96.9602,19.9183,71.7060,19.9153,0.3502,0.8312,274.0665,8.4052,0.0635,0.3294,0.3118,0.1588,9.5056,0.4001,0.8235,0.0000,1,0,0,0,0,0.7529
39.0956,-100.1715,0.0864,97.0296,20.0192,72.0690,20.0161,0.3517,1.6965,274.6778,10.2865,0.0635,0.3294,0.3118,0.1588,9.5172,0.1953,0.8235,0.0000,1,0,0,0,0,0.8459
39.1492,-101.2390,0.0864,97.1019,20.0192,72.0691,20.0161,0.3518,0.0005,275.0854,7.6027,0.0635,0.3294,0.3118,0.1588,9.5231,0.1100,0.8235,0.0000,1,0,0,0,0,0.6921
39.2003,-102.2538,0.0864,97.1792,19.8680,71.5248,19.8649,0.3519,-2.9613,275.5952,9.9858,0.0635,0.3294,0.3118,0.1588,9.5255,0.0469,0.8235,0.0000,1,0,0,0,0,0.8231
39.2562,-103.3641,0.0864,97.2732,19.9183,71.7060,19.9153,0.3508,0.9005,276.1007,9.0426,0.0577,0.3294,0.3118,0.1553,9.5079,0.3135,0.8235,0.0000,1,0,0,0,0,0.7840
39.3113,-104.4585,0.0864,97.3757,19.9688,71.8876,19.9659,0.3405,0.9154,276.5731,8.5721,0.0499,0.3294,0.3118,0.1416,9.2584,4.5289,0.8235,0.0000,1,0,0,0,0,0.9836
39.3715,-105.6544,0.0864,97.4984,20.0193,72.0695,20.0168,0.3192,0.8387,276.9924,6.9599,0.0401,0.3294,0.3118,0.1233,8.5611,11.5759,0.8235,0.0000,1,0,0,0,0,1.2690
39.4250,-106.7134,0.0864,97.6160,19.8680,71.5249,19.8660,0.2859,-2.8303,277.3391,6.4865,0.0283,0.3314,0.3118,0.0985,7.5674,18.5876,0.8257,0.0000,1,0,0,0,0,1.6089
39.4841,-107.8833,0.0864,97.7544,19.9708,71.8950,19.9695,0.2311,1.7399,277.6367,5.0358,0.0166,0.3314,0.3118,0.0565,6.1779,23.5181,0.8272,0.0000,1,0,0,0,0,1.7599
39.5350,-108.8921,0.0864,97.8799,19.9712,71.8965,19.9704,0.1799,0.0082,277.7308,1.8474,0.0107,0.3314,0.3118,0.0288,4.5496,31.9507,0.8278,0.0000,1,0,0,0,0,2.0128
39.5854,-109.8885,0.0864,98.0080,20.0232,72.0836,20.0229,0.1228,1.0325,277.7841,1.0595,0.0010,0.3314,0.3099,0.0124,2.8482,33.7924,0.8281,0.0000,1,0,0,0,0,2.0282
39.6388,-110.9464,0.0864,98.1471,19.8680,71.5247,19.8678,0.0807,-2.9038,277.8046,0.3830,-0.0069,0.3314,0.3099,0.0053,1.8009,19.5866,0.8283,0.0000,1,0,0,0,0,1.1703
39.7058,-112.2682,0.0864,98.3239,19.9717,71.8981,19.9717,0.0482,1.5503,277.8113,0.0999,-0.0127,0.3314,0.3099,0.0019,0.9527,12.6773,0.8283,0.0000,1,0,0,0,0,0.7460
39.7595,-113.3305,0.0864,98.4674,19.9718,71.8986,19.9718,0.0342,0.0022,277.8112,-0.0023,-0.0186,0.3314,0.3099,0.0010,0.4456,9.4375,0.8284,0.0000,1,0,0,0,0,0.5501
39.8111,-114.3517,0.0864,98.6059,20.0238,72.0855,20.0238,0.0041,1.0055,277.7455,-1.2712,-0.0206,0.3314,0.3099,-0.0289,-0.2281,13.0454,0.8284,0.0000,1,0,0,0,0,0.7985
39.8673,-115.4608,0.0864,98.7563,19.8680,71.5249,19.8680,0.0301,-2.7748,277.6185,-2.2641,-0.0225,0.3314,0.3099,-0.0431,-1.1570,16.5507,0.8284,0.0000,1,0,0,0,0,1.0680
39.9217,-116.5373,0.0864,98.9012,19.9199,71.7117,19.9198,0.0591,0.9528,277.4584,-2.9385,-0.0225,0.3314,0.3099,-0.0506,-2.0742,16.8344,0.8284,0.0000,1,0,0,0,0,1.1430
39.9744,-117.5786,0.0864,99.0396,19.9718,71.8985,19.9717,0.0799,0.9853,277.2832,-3.3261,-0.0225,0.3314,0.3099,-0.0538,-2.5503,9.0405,0.8284,0.0000,1,0,0,0,0,0.7470
40.0293,-118.6656,0.0864,99.1817,20.0236,72.0850,20.0234,0.0939,0.9430,277.1014,-3.3090,-0.0225,0.3314,0.3099,-0.0552,-2.9197,6.7239,0.8284,0.0000,1,0,0,0,0,0.6277
40.0866,-119.7980,0.0864,99.3266,19.8681,71.5250,19.8678,0.1012,-2.7184,276.9222,-3.1310,-0.0225,0.3314,0.3099,-0.0558,-3.1375,3.8053,0.8284,0.0000,1,0,0,0,0,0.4618
40.1371,-120.7980,0.0864,99.4519,19.8680,71.5248,19.8677,0.1046,-0.0014,276.7791,-2.8307,-0.0264,0.3314,0.3099,-0.0582,-3.2467,2.1614,0.8284,0.0000,1,0,0,0,0,0.3563
40.1881,-121.8077,0.0864,99.5755,19.9199,71.7115,19.9195,0.1169,1.0166,276.5680,-4.1400,-0.0342,0.3314,0.3099,-0.0695,-3.4993,4.9511,0.8284,0.0000,1,0,0,0,0,0.5931
40.2463,-122.9599,0.0864,99.7128,19.9717,71.8980,19.9712,0.1367,0.8907,276.3123,-4.3961,-0.0381,0.3314,0.3099,-0.0822,-4.0593,9.6269,0.8284,0.0000,1,0,0,0,0,0.8817
40.3077,-124.1763,0.0864,99.8527,19.8680,71.5248,19.8673,0.1630,-1.6895,275.9574,-5.7831,-0.0420,0.3314,0.3099,-0.0961,-4.7750,11.6647,0.8284,0.0000,1,0,0,0,0,1.0924
40.3585,-125.1833,0.0864,99.9645,19.8680,71.5248,19.8671,0.1878,-0.0001,275.6923,-5.2174,-0.0440,0.3314,0.3099,-0.1029,-5.4166,12.6255,0.8284,0.0000,1,0,0,0,0,1.1331
40.4098,-126.2015,0.0864,100.0728,19.9198,71.7111,19.9187,0.2042,1.0079,275.3460,-6.7425,-0.0440,0.3314,0.3099,-0.1069,-5.8290,8.0311,0.8284,0.0000,1,0,0,0,0,0.9745
40.4618,-127.2336,0.0864,100.1772,19.9715,71.8976,19.9704,0.2147,0.9956,274.9916,-6.8147,-0.0440,0.3314,0.3099,-0.1087,-6.1191,5.5761,0.8284,0.0000,1,0,0,0,0,0.8496
40.5236,-128.4616,0.0864,100.2941,20.0232,72.0836,20.0220,0.2225,0.8361,274.6322,-5.8150,-0.0459,0.3314,0.3099,-0.1108,-6.3547,3.8131,0.8284,0.0000,1,0,0,0,0,0.7016
40.5828,-129.6367,0.0864,100.3986,19.9197,71.7110,19.9183,0.2394,-1.7487,274.1885,-7.4973,-0.0459,0.3314,0.3099,-0.1134,-6.5600,3.4688,0.8284,0.0000,1,0,0,0,0,0.7895
40.6397,-130.7665,0.0864,100.4920,19.9714,71.8971,19.9700,0.2432,0.9097,273.8148,-6.5736,-0.0459,0.3314,0.3099,-0.1142,-6.6983,2.4333,0.8284,0.0000,1,0,0,0,0,0.6831
40.6931,-131.8290,0.0864,100.5728,20.0231,72.0831,20.0216,0.2432,0.9673,273.4396,-7.0246,-0.0459,0.3314,0.3099,-0.1146,-6.7868,1.6566,0.8284,0.0000,1,0,0,0,0,0.6645
40.7550,-133.0617,0.0864,100.6582,19.8680,71.5247,19.8665,0.2433,-2.5043,273.0635,-6.0716,-0.0459,0.3314,0.3099,-0.1147,-6.8353,0.7823,0.8284,0.0000,1,0,0,0,0,0.5645
40.8060,-134.0757,0.0864,100.7216,19.9196,71.7106,19.9181,0.2432,1.0131,272.6877,-7.3742,-0.0459,0.3314,0.3099,-0.1148,-6.8620,0.5243,0.8284,0.0000,1,0,0,0,0,0.6220
40.8589,-135.1296,0.0864,100.7810,19.9197,71.7108,19.9182,0.2436,0.0013,272.3868,-5.6858,-0.0459,0.3314,0.3099,-0.1148,-6.8745,0.2372,0.8284,0.0000,1,0,0,0,0,0.5125
40.9156,-136.2585,0.0864,100.8373,20.0231,72.0832,20.0216,0.2437,1.8258,271.9352,-7.9709,-0.0459,0.3314,0.3099,-0.1149,-6.8835,0.1588,0.8284,0.0000,1,0,0,0,0,0.6342
40.9657,-137.2574,0.0864,100.8808,20.0231,72.0832,20.0216,0.2439,0.0003,271.6342,-6.0070,-0.0459,0.3314,0.3099,-0.1149,-6.8872,0.0735,0.8284,0.0000,1,0,0,0,0,0.5205
41.0188,-138.3167,0.0864,100.9204,19.8680,71.5249,19.8665,0.2436,-2.9180,271.2578,-7.0819,-0.0459,0.3314,0.3099,-0.1149,-6.8892,0.0375,0.8284,0.0000,1,0,0,0,0,0.5794
41.0811,-139.5574,0.0864,100.9584,19.9767,71.9159,19.9752,0.2438,1.7442,270.8059,-7.2570,-0.0459,0.3470,0.3099,-0.1149,-6.8905,0.0210,0.8422,0.0000,1,0,0,0,0,0.5874
41.1311,-140.5551,0.0864,100.9823,19.9876,71.9553,19.9861,0.2444,0.2188,270.5031,-6.0558,-0.0459,0.3646,0.3099,-0.1149,-6.8911,0.0116,0.8682,0.0000,1,0,0,0,0,0.5205
41.1901,-141.7340,0.0864,101.0028,20.0684,72.2462,20.0669,0.2457,1.3691,270.1220,-6.4579,-0.0459,0.3822,0.3099,-0.1149,-6.8914,0.0055,0.9040,0.0000,1,0,0,0,0,0.5427
41.2531,-142.9902,0.0864,101.0156,20.0237,72.0854,20.0222,0.2470,-0.7091,269.6611,-7.3150,-0.0459,0.3959,0.3099,-0.1149,-6.8916,0.0024,0.9493,0.0000,1,0,0,0,0,0.5916
41.3122,-144.1681,0.0864,101.0190,19.9522,71.8280,19.9507,0.2484,-1.2102,269.2744,-6.5466,-0.0459,0.4057,0.3099,-0.1149,-6.8917,0.0016,0.9752,0.0000,1,0,0,0,0,0.5506
41.3633,-145.1888,0.0864,101.0151,19.8680,71.5247,19.8664,0.2493,-1.6478,268.8862,-7.5924,-0.0459,0.4057,0.3099,-0.1149,-6.8917,0.0006,0.9879,0.0000,1,0,0,0,0,0.6101
41.4255,-146.4308,0.0864,101.0020,19.8680,71.5247,19.8664,0.2532,0.0000,268.4232,-7.4418,-0.0459,0.4076,0.3099,-0.1149,-6.8917,0.0003,0.9948,0.0000,1,0,0,0,0,0.6046
41.4856,-147.6283,0.0864,100.9807,20.0464,72.1669,20.0448,0.2546,2.9713,268.0430,-6.3319,-0.0459,0.4096,0.3099,-0.1149,-6.8917,0.0001,0.9975,0.0000,1,0,0,0,0,0.5423
41.5435,-148.7829,0.0864,100.9522,19.9574,71.8468,19.9558,0.2566,-1.5361,267.6581,-6.6484,-0.0459,0.4096,0.3099,-0.1149,-6.8917,0.0001,0.9988,0.0000,1,0,0,0,0,0.5622
41.5949,-149.8088,0.0864,100.9199,19.8681,71.5250,19.8664,0.2538,-1.7394,267.2704,-7.5451,-0.0459,0.4096,0.3099,-0.1149,-6.8917,0.0000,0.9994,0.0000,1,0,0,0,0,0.6108
41.6468,-150.8442,0.0864,100.8807,19.9577,71.8476,19.9561,0.2532,1.7249,266.9592,-5.9899,-0.0459,0.4096,0.3099,-0.1149,-6.8917,0.0000,0.9997,0.0000,1,0,0,0,0,0.5231
41.6977,-151.8597,0.0864,100.8357,19.8680,71.5247,19.8664,0.2523,-1.7617,266.5698,-7.6493,-0.0459,0.4096,0.3099,-0.1149,-6.8917,0.0000,0.9998,0.0000,1,0,0,0,0,0.6154
41.7595,-153.0909,0.0864,100.7727,19.8679,71.5246,19.8664,0.2517,-0.0006,266.1027,-7.5641,-0.0459,0.4096,0.3099,-0.1149,-6.8917,0.0000,0.9999,0.0000,1,0,0,0,0,0.6103
41.8123,-154.1422,0.0864,100.7115,19.9577,71.8478,19.9561,0.2519,1.7001,265.7915,-5.8925,-0.0459,0.4096,0.3099,-0.1149,-6.8917,0.0000,1.0000,0.0000,1,0,0,0,0,0.5167
41.8640,-155.1716,0.0864,100.6450,19.8680,71.5246,19.8664,0.2516,-1.7376,265.4019,-7.5398,-0.0459,0.4096,0.3099,-0.1149,-6.8917,0.0000,1.0000,0.0000,1,0,0,0,0,0.6088
41.9156,-156.1987,0.0864,100.5721,20.0475,72.1710,20.0459,0.2518,3.4789,265.0128,-7.5394,-0.0459,0.4096,0.3099,-0.1149,-6.8917,0.0000,1.0000,0.0000,1,0,0,0,0,0.6073
41.9766,-157.4137,0.0864,100.4774,19.9555,71.8397,19.9539,0.2515,-1.5067,264.6239,-6.3694,-0.0459,0.3803,0.3099,-0.1149,-6.8917,0.0000,0.9899,0.0000,1,0,0,0,0,0.5429
42.0296,-158.4677,0.0864,100.3878,19.8680,71.5248,19.8664,0.2506,-1.6506,264.2379,-7.2820,-0.0459,0.3177,0.3099,-0.1149,-6.8917,0.0000,0.9196,0.0000,1,0,0,0,0,0.5937
42.0800,-159.4688,0.0864,100.2964,19.8680,71.5248,19.8665,0.2486,0.0003,263.9346,-6.0198,-0.0459,0.2747,0.3099,-0.1149,-6.8917,0.0000,0.8290,0.0000,1,0,0,0,0,0.5222
42.1409,-160.6772,0.0864,100.1779,19.8844,71.5837,19.8829,0.2438,0.2686,263.4914,-7.2802,-0.0459,0.1945,0.3099,-0.1149,-6.8917,0.0000,0.6696,0.0000,1,0,0,0,0,0.5884
42.1940,-161.7288,0.0864,100.0676,19.8708,71.5348,19.8694,0.2381,-0.2556,263.1342,-6.7192,-0.0459,0.1320,0.3099,-0.1149,-6.8917,0.0000,0.5230,0.0000,1,0,0,0,0,0.5531
42.2567,-162.9611,0.0864,99.9301,19.6945,70.9001,19.6931,0.2309,-2.8139,262.7894,-5.5046,-0.0459,0.0772,0.3099,-0.1149,-6.8917,0.0000,0.3801,0.0000,1,0,0,0,0,0.4817
42.3106,-164.0061,0.0864,99.8066,19.3681,69.7253,19.3669,0.2214,-6.0535,262.4583,-6.1404,-0.0459,0.0420,0.3099,-0.1149,-6.8917,0.0000,0.2533,0.0000,1,0,0,0,0,0.5126
42.3693,-165.1198,0.0864,99.6682,18.8266,67.7759,18.8255,0.2075,-9.2247,262.0792,-6.4596,-0.0459,0.0225,0.3099,-0.1149,-6.8917,0.0000,0.1498,0.0000,1,0,0,0,0,0.5242
42.4253,-166.1534,0.0864,99.5335,18.2932,65.8554,18.2921,0.1952,-9.5239,261.7772,-5.3914,-0.0459,0.0127,0.3099,-0.1149,-6.8917,0.0000,0.0936,0.0000,1,0,0,0,0,0.4596
42.4803,-167.1365,0.0864,99.3998,17.7079,63.7485,17.7070,0.1824,-10.6499,261.4873,-5.2750,-0.0459,0.0010,0.3099,-0.1149,-6.8917,0.0000,0.0516,0.0000,1,0,0,0,0,0.4475
42.5363,-168.1036,0.0864,99.2630,17.0853,61.5071,17.0845,0.1694,-11.1230,261.2093,-4.9664,-0.0459,-0.0107,0.3099,-0.1149,-6.8917,0.0000,0.0252,0.0000,1,0,0,0,0,0.4246
42.5870,-168.9495,0.0864,99.1390,16.5728,59.6619,16.5720,0.1593,-10.0990,260.9949,-4.2234,-0.0459,-0.0107,0.3099,-0.1149,-6.8917,0.0000,0.0142,0.0000,1,0,0,0,0,0.3788
42.6437,-169.8593,0.0864,99.0013,15.9228,57.3221,15.9221,0.1468,-11.4553,260.7366,-4.5538,-0.0459,-0.0107,0.3099,-0.1149,-6.8917,0.0000,0.0070,0.0000,1,0,0,0,0,0.3913
42.7036,-170.7777,0.0864,98.8577,15.1361,54.4900,15.1355,0.1387,-13.1476,260.4415,-4.9318,-0.0459,-0.0127,0.3099,-0.1149,-6.8917,0.0000,0.0030,0.0000,1,0,0,0,0,0.4114
42.7693,-171.7366,0.0864,98.7032,14.3460,51.6454,14.3454,0.1310,-12.0315,260.1591,-4.2993,-0.0459,-0.0127,0.3099,-0.1149,-6.8917,0.0000,0.0013,0.0000,1,0,0,0,0,0.3758
42.8259,-172.5227,0.0864,98.5726,13.6865,49.2715,13.6860,0.1148,-11.6375,259.9361,-3.9364,-0.0459,-0.0127,0.3099,-0.1149,-6.8917,0.0000,0.0006,0.0000,1,0,0,0,0,0.3445
42.8847,-173.2976,0.0864,98.4401,13.0267,46.8961,13.0263,0.1014,-11.2259,259.7233,-3.6199,-0.0459,-0.0127,0.3099,-0.1149,-6.8917,0.0000,0.0003,0.0000,1,0,0,0,0,0.3179
42.9390,-173.9776,0.0864,98.3208,12.3667,44.5201,12.3664,0.0897,-12.1468,259.5209,-3.7248,-0.0459,-0.0127,0.3099,-0.1149,-6.8917,0.0000,0.0001,0.0000,1,0,0,0,0,0.3157
42.9949,-174.6408,0.0864,98.2018,11.7066,42.1437,11.7063,0.0793,-11.8063,259.3286,-3.4386,-0.0459,-0.0127,0.3099,-0.1149,-6.8917,0.0000,0.0001,0.0000,1,0,0,0,0,0.2927
43.0453,-175.2060,0.0864,98.0983,11.1785,40.2427,11.1783,0.0718,-10.4938,259.1821,-2.9123,-0.0459,-0.0127,0.3099,-0.1149,-6.8917,0.0000,0.0000,0.0000,1,0,0,0,0,0.2581
43.1024,-175.8117,0.0864,97.9852,10.3863,37.3906,10.3861,0.0610,-13.8578,258.9747,-3.6277,-0.0459,-0.0127,0.3099,-0.1149,-6.8917,0.0000,0.0000,0.0000,1,0,0,0,0,0.2897
43.1635,-176.4159,0.0864,97.8701,9.7262,35.0144,9.7261,0.0530,-10.8116,258.8133,-2.6438,-0.0459,-0.0127,0.3099,-0.1149,-6.8917,0.0000,0.0000,0.0000,1,0,0,0,0,0.2285
43.2264,-176.9931,0.0864,97.7581,8.9342,32.1630,8.9341,0.0439,-12.5799,258.6331,-2.8626,-0.0459,-0.0127,0.3099,-0.1149,-6.8917,0.0000,0.0000,0.0000,1,0,0,0,0,0.2328
43.2845,-177.4843,0.0864,97.6611,8.2740,29.7866,8.2740,0.0370,-11.3614,258.4940,-2.3925,-0.0459,-0.0127,0.3099,-0.1149,-6.8917,0.0000,0.0000,0.0000,1,0,0,0,0,0.2000
43.3447,-177.9513,0.0864,97.5674,7.6140,27.4104,7.6139,0.0307,-10.9725,258.3653,-2.1409,-0.0459,-0.0127,0.3099,-0.1149,-6.8917,0.0000,0.0000,0.0000,1,0,0,0,0,0.1794
43.3961,-178.3165,0.0864,97.4932,6.9539,25.0341,6.9539,0.0247,-12.8371,258.2470,-2.3003,-0.0440,-0.0127,0.3099,-0.1141,-6.8917,0.0000,0.0000,0.0000,1,0,0,0,0,0.1811
43.4494,-178.6624,0.0864,97.4220,6.2939,22.6581,6.2939,0.0191,-12.3889,258.1409,-1.9907,-0.0420,-0.0127,0.3099,-0.1110,-6.8360,1.0472,0.0000,0.0000,1,0,0,0,0,0.2144
43.5094,-179.0121,0.0864,97.3492,5.6339,20.2821,5.6339,0.0138,-11.0060,258.0500,-1.5160,-0.0342,-0.0127,0.3099,-0.1011,-6.6443,3.1956,0.0000,0.0000,1,0,0,0,0,0.2985
43.5701,-179.3233,0.0864,97.2837,4.8419,17.4308,4.8419,0.0076,-13.0459,257.9659,-1.3859,-0.0284,-0.0127,0.3099,-0.0846,-6.0930,9.0812,0.0000,0.0000,1,0,0,0,0,0.6051
43.6323,-179.5977,0.0864,97.2253,4.1819,15.0547,4.1819,0.0031,-10.6038,257.9167,-0.7908,-0.0186,-0.0127,0.3099,-0.0594,-5.3014,12.7170,0.0000,0.0000,1,0,0,0,0,0.7616
43.6889,-179.8081,0.0864,97.1802,3.5219,12.6787,3.5219,0.0010,-11.6629,257.8926,-0.4249,-0.0108,-0.0127,0.3099,-0.0255,-3.7624,27.1954,0.0000,0.0000,1,0,0,0,0,1.5386
43.7410,-179.9684,0.0864,97.1456,2.8619,10.3028,2.8619,0.0037,-12.6800,257.8812,-0.2187,-0.0069,-0.0127,0.3099,-0.0110,-2.3453,27.2270,0.0000,0.0000,1,0,0,0,0,1.5442
43.7932,-180.0978,0.0864,97.1175,2.2019,7.9269,2.2019,0.0051,-12.6355,257.8745,-0.1285,-0.0049,-0.0146,0.3099,-0.0047,-1.4539,17.0665,0.0000,0.0000,1,0,0,0,0,0.9903
43.8534,-180.2076,0.0864,97.0935,1.5419,5.5509,1.5419,0.0055,-10.9555,257.8694,-0.0856,-0.0029,-0.0186,0.3099,-0.0020,-0.7778,11.2231,0.0000,0.0000,1,0,0,0,0,0.6822
43.9090,-180.2715,0.0864,97.0794,0.8818,3.1745,0.8818,0.0051,-11.8814,257.8647,-0.0835,-0.0029,-0.0186,0.3099,-0.0009,-0.3856,7.0581,0.0000,0.0000,1,0,0,0,0,0.4835
43.9630,-180.2991,0.0864,97.0732,0.2218,0.7985,0.2218,0.0031,-12.2212,257.8603,-0.0814,-0.0010,-0.0186,0.3099,-0.0004,-0.2253,2.9696,0.0000,0.0000,1,0,0,0,0,0.1695
44.0144,-180.3010,0.0864,97.0727,0.0001,0.0003,0.0000,0.0001,-4.3160,257.8589,-0.0279,-0.0010,-0.0186,0.3099,-0.0002,-0.1151,2.1454,0.0000,0.0000,1,0,0,0,0,0.1207
44.0737,-180.3010,0.0864,97.0727,0.0001,0.0003,0.0000,0.0001,0.0000,257.8592,0.0046,-0.0010,-0.0186,0.3099,-0.0001,-0.0593,0.9393,0.0000,0.0000,1,0,0,0,0,0.0524
44.1253,-180.3010,0.0864,97.0727,0.0001,0.0003,0.0000,0.0001,0.0000,257.8594,0.0053,-0.0010,-0.0186,0.3099,0.0000,-0.0334,0.5027,0.0000,0.0000,1,0,0,0,0,0.0282
44.1761,-180.3010,0.0864,97.0727,0.0001,0.0003,0.0000,0.0001,0.0000,257.8597,0.0048,-0.0010,-0.0186,0.3099,0.0000,-0.0167,0.3280,0.0000,0.0000,1,0,0,0,0,0.0185
44.2280,-180.3010,0.0864,97.0727,0.0001,0.0003,0.0000,0.0001,0.0000,257.8600,0.0059,-0.0010,-0.0186,0.3099,0.0000,-0.0096,0.1378,0.0000,0.0000,1,0,0,0,0,0.0080
44.2785,-180.3010,0.0864,97.0727,0.0001,0.0003,0.0000,0.0001,0.0000,257.8603,0.0066,-0.0010,-0.0186,0.3099,0.0000,-0.0052,0.0872,0.0000,0.0000,1,0,0,0,0,0.0052
44.3413,-180.3010,0.0864,97.0727,0.0001,0.0003,0.0000,0.0001,0.0000,257.8607,0.0058,0.0010,-0.0186,0.3099,0.0000,-0.0026,0.0416,0.0000,0.0000,1,0,0,0,0,0.0026
44.3982,-180.3010,0.0864,97.0727,0.0001,0.0003,0.0000,0.0001,0.0000,257.8610,0.0059,0.0029,-0.0186,0.3099,0.0000,-0.0011,0.0262,0.0000,0.0000,1,0,0,0,0,0.0018
44.4490,-180.3010,0.0864,97.0727,0.0001,0.0003,0.0000,0.0001,0.0000,257.8613,0.0060,0.0029,-0.0186,0.3099,0.0000,-0.0006,0.0093,0.0000,0.0000,1,0,0,0,0,0.0008
44.5033,-180.3010,0.0864,97.0727,0.0001,0.0003,0.0000,0.0001,0.0000,257.8616,0.0056,0.0029,-0.0186,0.3099,0.0000,-0.0003,0.0054,0.0000,0.0000,1,0,0,0,0,0.0006
44.5570,-180.3010,0.0864,97.0727,0.0001,0.0003,0.0000,0.0001,0.0000,257.8619,0.0057,0.0029,-0.0186,0.3099,0.0000,-0.0002,0.0027,0.0000,0.0000,1,0,0,0,0,0.0005
44.6114,-180.3010,0.0864,97.0727,0.0001,0.0003,0.0000,0.0001,0.0000,257.8622,0.0050,0.0029,-0.0186,0.3099,0.0000,-0.0001,0.0014,0.0000,0.0000,1,0,0,0,0,0.0004
44.6709,-180.3010,0.0864,97.0727,0.0001,0.0003,0.0000,0.0001,0.0000,257.8624,0.0026,0.0029,-0.0186,0.3099,0.0000,0.0000,0.0007,0.0000,0.0000,1,0,0,0,0,0.0002
44.7222,-180.3010,0.0864,97.0727,0.0001,0.0003,0.0000,0.0001,0.0000,257.8626,0.0054,0.0029,-0.0186,0.3099,0.0000,0.0000,0.0003,0.0000,0.0000,1,0,0,0,0,0.0003
44.7831,-180.3010,0.0864,97.0727,0.0001,0.0003,0.0000,0.0001,0.0000,257.8628,0.0030,0.0029,-0.0186,0.3099,0.0000,0.0000,0.0002,0.0000,0.0000,1,0,0,0,0,0.0002
44.8497,-180.3010,0.0864,97.0727,0.0001,0.0003,0.0000,0.0001,0.0000,257.8631,0.0037,0.0029,-0.0186,0.3099,0.0000,0.0000,0.0001,0.0000,0.0000,1,0,0,0,0,0.0002
44.9035,-180.3010,0.0864,97.0727,0.0001,0.0003,0.0000,0.0001,0.0000,257.8633,0.0045,0.0029,-0.0186,0.3099,0.0000,0.0000,0.0000,0.0000,0.0000,1,0,0,0,0,0.0003
44.9612,-180.3010,0.0864,97.0727,0.0001,0.0003,0.0000,0.0001,0.0000,257.8635,0.0037,0.0029,-0.0186,0.3099,0.0000,0.0000,0.0000,0.0000,0.0000,1,0,0,0,0,0.0002
45.0130,-180.3010,0.0864,97.0727,0.0001,0.0003,0.0000,0.0001,0.0000,257.8637,0.0035,0.0029,-0.0186,0.3099,0.0000,0.0000,0.0000,0.0000,0.0000,1,0,0,0,0,0.0002
45.0666,-180.3010,0.0864,97.0727,0.0001,0.0003,0.0000,0.0001,0.0000,257.8639,0.0034,0.0029,-0.0186,0.3099,0.0000,0.0000,0.0000,0.0000,0.0000,1,0,0,0,0,0.0002
45.1287,-180.3010,0.0864,97.0727,0.0001,0.0003,0.0000,0.0001,0.0000,257.8641,0.0034,0.0010,-0.0186,0.3099,0.0000,0.0000,0.0000,0.0000,0.0000,1,0,0,0,0,0.0002
45.1882,-180.3010,0.0864,97.0727,0.0001,0.0003,0.0000,0.0001,0.0000,257.8643,0.0036,-0.0010,-0.0186,0.3099,0.0000,0.0000,0.0000,0.0000,0.0000,1,0,0,0,0,0.0002
45.2509,-180.3010,0.0864,97.0727,0.0001,0.0003,0.0000,0.0001,0.0000,257.8643,0.0000,-0.0029,-0.0186,0.3099,0.0000,0.0000,0.0000,0.0000,0.0000,1,0,0,0,0,0.0000
45.3100,-180.3010,0.0864,97.0727,0.0001,0.0003,0.0000,0.0001,0.0000,257.8643,0.0000,-0.0029,-0.0186,0.3099,0.0000,0.0000,0.0000,0.0000,0.0000,1,0,0,0,0,0.0000
45.3827,-180.3010,0.0864,97.0727,0.0001,0.0003,0.0000,0.0001,0.0000,257.8643,0.0000,-0.0029,-0.0186,0.3099,0.0000,0.0000,0.0000,0.0000,0.0000,1,0,0,0,0,0.0000
45.4365,-180.3010,0.0864,97.0727,0.0001,0.0003,0.0000,0.0001,0.0000,257.8643,0.0000,-0.0049,-0.0186,0.3099,0.0000,0.0000,0.0000,0.0000,0.0000,1,0,0,0,0,0.0000
45.4973,-180.3010,0.0864,97.0727,0.0001,0.0003,0.0000,0.0001,0.0000,257.8643,0.0000,-0.0049,-0.0186,0.3099,0.0000,0.0000,0.0000,0.0000,0.0000,1,0,0,0,0,0.0000
45.5510,-180.3010,0.0864,97.0727,0.0001,0.0003,0.0000,0.0001,0.0000,257.8643,0.0000,-0.0069,-0.0186,0.3099,0.0000,0.0000,0.0000,0.0000,0.0000,1,0,0,0,0,0.0000
45.6013,-180.3010,0.0864,97.0727,0.0001,0.0003,0.0000,0.0001,0.0000,257.8643,0.0000,-0.0069,-0.0186,0.3099,0.0000,0.0000,0.0000,0.0000,0.0000,1,0,0,0,0,0.0000
45.6522,-180.3010,0.0864,97.0727,0.0001,0.0003,0.0000,0.0001,0.0000,257.8643,0.0000,-0.0069,-0.0186,0.3099,0.0000,0.0000,0.0000,0.0000,0.0000,1,0,0,0,0,0.0000
45.7075,-180.3010,0.0864,97.0727,0.0001,0.0003,0.0000,0.0001,0.0000,257.8643,0.0000,-0.0088,-0.0264,0.3099,0.0000,0.0000,0.0000,0.0000,0.0000,1,0,0,0,0,0.0000
45.7587,-180.3010,0.0864,97.0727,0.0001,0.0003,0.0000,0.0001,0.0000,257.8643,0.0000,-0.0088,-0.0577,0.3099,0.0000,0.0000,0.0000,0.0000,0.0000,1,0,0,0,0,0.0000
45.8215,-180.3010,0.0864,97.0727,0.0001,0.0003,0.0000,0.0001,0.0000,257.8643,0.0000,-0.0127,-0.0909,0.3099,0.0000,0.0000,0.0000,0.0000,0.0000,1,0,0,0,0,0.0000
45.8716,-180.3010,0.0864,97.0727,0.0001,0.0003,0.0000,0.0001,0.0000,257.8643,0.0000,-0.0127,-0.1065,0.3099,0.0000,0.0000,0.0000,0.0000,0.0000,1,0,0,0,0,0.0000
45.9305,-180.3010,0.0864,97.0727,0.0001,0.0003,0.0000,0.0001,0.0000,257.8643,0.0000,-0.0147,-0.1085,0.3099,0.0000,0.0000,0.0000,0.0000,0.0000,1,0,0,0,0,0.0000
45.9872,-180.3010,0.0864,97.0727,0.0001,0.0003,0.0000,0.0001,0.0000,257.8643,0.0000,-0.0147,-0.1085,0.3099,0.0000,0.0000,0.0000,0.0000,0.0000,1,0,0,0,0,0.0000
46.0430,-180.3010,0.0864,97.0727,0.0001,0.0003,0.0000,0.0001,0.0000,257.8643,0.0000,-0.0147,-0.1085,0.3099,0.0000,0.0000,0.0000,0.0000,0.0000,1,0,0,0,0,0.0000
46.0944,-180.3010,0.0864,97.0727,0.0001,0.0003,0.0000,0.0001,0.0000,257.8643,0.0000,-0.0147,-0.1085,0.3099,0.0000,0.0000,0.0000,0.0000,0.0000,1,0,0,0,0,0.0000
46.1501,-180.3010,0.0864,97.0727,0.0001,0.0003,0.0000,0.0001,0.0000,257.8643,0.0000,-0.0147,-0.1085,0.3099,0.0000,0.0000,0.0000,0.0000,0.0000,1,0,0,0,0,0.0000
46.2004,-180.3010,0.0864,97.0727,0.0001,0.0003,0.0000,0.0001,0.0000,257.8643,0.0000,-0.0147,-0.1085,0.3099,0.0000,0.0000,0.0000,0.0000,0.0000,1,0,0,0,0,0.0000
46.2615,-180.3010,0.0864,97.0727,0.0001,0.0003,0.0000,0.0001,0.0000,257.8643,0.0000,-0.0147,-0.1085,0.3099,0.0000,0.0000,0.0000,0.0000,0.0000,1,0,0,0,0,0.0000
46.3212,-180.3010,0.0864,97.0727,0.0001,0.0003,0.0000,0.0001,0.0000,257.8643,0.0000,-0.0147,-0.1085,0.3099,0.0000,0.0000,0.0000,0.0000,0.0000,1,0,0,0,0,0.0000
46.3817,-180.3010,0.0864,97.0727,0.0001,0.0003,0.0000,0.0001,0.0000,257.8643,0.0000,-0.0147,-0.1085,0.3099,0.0000,0.0000,0.0000,0.0000,0.0000,1,0,0,0,0,0.0000
46.4404,-180.3010,0.0864,97.0727,0.0001,0.0003,0.0000,0.0001,0.0000,257.8643,0.0000,-0.0166,-0.1085,0.3099,0.0000,0.0000,0.0000,0.0000,0.0000,1,0,0,0,0,0.0000
46.4940,-180.3010,0.0864,97.0727,0.0001,0.0003,0.0000,0.0001,0.0000,257.8643,0.0000,-0.0225,-0.0948,0.3099,-0.0087,0.0000,0.0000,0.0000,0.0000,1,0,0,0,0,0.0000
46.5562,-180.3010,0.0864,97.0727,0.0001,0.0003,0.0000,0.0001,0.0000,257.8643,0.0000,-0.0264,-0.0831,0.3099,-0.0432,-0.8224,13.2055,0.0000,0.0000,1,0,0,0,0,0.7336
46.6079,-180.3010,0.0864,97.0727,0.0001,0.0003,0.0000,0.0001,0.0000,257.8643,0.0000,-0.0342,-0.0674,0.3099,-0.0614,-1.9308,21.4517,0.0000,0.0000,1,0,0,0,0,1.1918
46.6598,-180.3010,0.0864,97.0727,0.0001,0.0003,0.0000,0.0001,0.0000,257.8643,0.0000,-0.0420,-0.0440,0.3099,-0.0827,-3.0636,21.8298,0.0000,0.0000,1,0,0,0,0,1.2128
46.7190,-180.3010,0.0864,97.0727,0.0001,0.0003,0.0000,0.0001,0.0000,257.8643,0.0000,-0.0499,-0.0146,0.3099,-0.1029,-4.3766,22.1848,0.0000,0.0000,1,0,0,0,0,1.2325
46.7726,-180.3010,0.0864,97.0727,0.0001,0.0003,0.0000,0.0001,0.0000,257.8643,0.0000,-0.0596,0.0010,0.3099,-0.1241,-5.7318,25.2702,0.0004,0.0000,1,0,0,0,0,1.4039
46.8237,-180.3010,0.0864,97.0727,0.0000,0.0001,0.0000,0.0000,-0.0007,257.8622,-0.0425,-0.0636,0.0420,0.3099,-0.1411,-6.7209,19.3791,0.0442,0.0000,1,0,0,0,0,1.0790
46.8843,-180.3010,0.0864,97.0727,0.0001,0.0004,0.0000,0.0001,0.0014,257.8544,-0.1274,-0.0675,0.0694,0.3099,-0.1551,-7.8354,18.3864,0.1007,0.0000,1,0,0,0,0,1.0285
46.9427,-180.3010,0.0864,97.0727,0.0003,0.0012,-0.0001,0.0003,0.0038,257.8313,-0.3957,-0.0714,0.1281,0.3099,-0.1682,-8.8452,17.2752,0.2242,0.0000,1,0,0,0,0,0.9817
47.0019,-180.3010,0.0864,97.0726,0.0005,0.0019,-0.0001,0.0005,0.0029,257.7968,-0.5827,-0.0733,0.1457,0.3099,-0.1768,-9.6416,13.4576,0.3194,0.0000,1,0,0,0,0,0.7800
47.0557,-180.3010,0.0864,97.0725,0.0006,0.0021,-0.0001,0.0006,0.0014,257.7532,-0.8117,-0.0753,0.1378,0.3099,-0.1833,-10.2086,10.5453,0.3603,0.0000,1,0,0,0,0,0.6309
47.1079,-180.3010,0.0864,97.0725,0.0006,0.0022,-0.0002,0.0006,0.0005,257.7153,-0.7257,-0.0753,0.1339,0.3099,-0.1857,-10.6408,8.2768,0.3734,0.0000,1,0,0,0,0,0.5001
47.1583,-180.3010,0.0864,97.0724,0.0006,0.0023,-0.0002,0.0006,0.0004,257.6661,-0.9761,-0.0753,0.1417,0.3099,-0.1871,-10.8911,4.9693,0.3850,0.0000,1,0,0,0,0,0.3303
47.2163,-180.3010,0.0864,97.0723,0.0007,0.0024,-0.0002,0.0006,0.0003,257.6152,-0.8765,-0.0753,0.1417,0.3099,-0.1877,-11.0798,3.2493,0.3952,0.0000,1,0,0,0,0,0.2292
47.2725,-180.3010,0.0864,97.0722,0.0007,0.0025,-0.0001,0.0007,0.0006,257.5628,-0.9336,-0.0753,0.1437,0.3099,-0.1880,-11.1795,1.7744,0.4030,0.0000,1,0,0,0,0,0.1504
47.3312,-180.3010,0.0864,97.0722,0.0007,0.0026,-0.0001,0.0007,0.0006,257.4983,-1.0993,-0.0753,0.1457,0.3099,-0.1881,-11.2362,0.9669,0.4102,0.0000,1,0,0,0,0,0.1148
47.3863,-180.3009,0.0864,97.0721,0.0007,0.0026,-0.0001,0.0007,0.0001,257.4437,-0.9898,-0.0753,0.1437,0.3099,-0.1882,-11.2619,0.4658,0.4113,0.0000,1,0,0,0,0,0.0809
47.4457,-180.3010,0.0864,97.0720,0.0008,0.0028,0.0000,0.0008,0.0007,257.3883,-0.9331,-0.0753,0.1515,0.3099,-0.1882,-11.2766,0.2475,0.4198,0.0000,1,0,0,0,0,0.0656
47.5062,-180.3010,0.0864,97.0719,0.0008,0.0029,0.0000,0.0008,0.0006,257.3317,-0.9357,-0.0694,0.1515,0.3099,-0.1853,-11.2801,0.0587,0.4265,0.0000,1,0,0,0,0,0.0552
47.5645,-180.3010,0.0864,97.0718,0.0008,0.0030,0.0000,0.0008,0.0003,257.2666,-1.1177,-0.0596,0.1515,0.3099,-0.1682,-10.9675,5.3678,0.4302,0.0000,1,0,0,0,0,0.3603
47.6157,-180.3010,0.0864,97.0717,0.0008,0.0030,0.0000,0.0008,0.0001,257.2276,-0.7605,-0.0440,0.1515,0.3099,-0.1459,-10.2910,13.2119,0.4314,0.0000,1,0,0,0,0,0.7762
47.6709,-180.3010,0.0864,97.0716,0.0008,0.0030,0.0000,0.0008,0.0001,257.1870,-0.7350,-0.0303,0.1515,0.3099,-0.1130,-9.0214,22.9905,0.4322,0.0000,1,0,0,0,0,1.3181
47.7262,-180.3010,0.0864,97.0714,0.0008,0.0030,0.0000,0.0008,0.0000,257.1573,-0.5384,-0.0127,0.1515,0.3099,-0.0652,-7.2244,32.4821,0.4326,0.0000,1,0,0,0,0,1.8345
47.7778,-180.3010,0.0864,97.0713,0.0008,0.0029,0.0000,0.0008,-0.0007,257.1411,-0.3124,0.0010,0.1457,0.3099,-0.0280,-5.1941,39.3631,0.4246,0.0000,1,0,0,0,0,2.2042
47.8283,-180.3010,0.0864,97.0713,0.0008,0.0028,0.0000,0.0008,-0.0004,257.1335,-0.1517,0.0146,0.1496,0.3099,-0.0143,-3.2905,37.6952,0.4214,0.0000,1,0,0,0,0,2.1026
47.8889,-180.3010,0.0864,97.0712,0.0008,0.0030,0.0000,0.0008,0.0009,257.1308,-0.0448,0.0264,0.1515,0.3099,0.0282,-1.4141,30.9601,0.4324,0.0000,1,0,0,0,0,1.7225
47.9510,-180.3010,0.0864,97.0710,0.0008,0.0029,0.0000,0.0008,-0.0005,257.1395,0.1406,0.0361,0.1554,0.3099,0.0600,0.5478,31.6024,0.4263,0.0000,1,0,0,0,0,1.7635
48.0027,-180.3010,0.0864,97.0709,0.0011,0.0039,0.0002,0.0011,0.0056,257.1571,0.3402,0.0459,0.2082,0.3099,0.0870,2.7333,42.2221,0.4947,0.0000,1,0,0,0,0,2.3646
48.0556,-180.3010,0.0864,97.0708,0.0015,0.0053,0.0004,0.0014,0.0072,257.1844,0.5169,0.0538,0.2415,0.3099,0.1088,4.1305,26.4393,0.5801,0.0000,1,0,0,0,0,1.4976
48.1165,-180.3018,0.0864,97.0704,0.0424,0.1528,0.0424,0.0013,0.6719,257.2290,0.7307,0.0616,0.2806,0.3099,0.1315,5.7246,26.1438,0.6714,0.0000,1,0,0,0,0,1.4930
48.1672,-180.3074,0.0864,97.0690,0.1978,0.7122,0.1978,0.0020,3.0647,257.2969,1.3405,0.0733,0.3118,0.3099,0.1558,7.1024,27.1751,0.7735,0.0000,1,0,0,0,0,1.5842
48.2261,-180.3258,0.0864,97.0647,0.4530,1.6306,0.4529,0.0032,4.3345,257.3918,1.6119,0.0831,0.3373,0.3099,0.1807,8.7204,27.4885,0.8572,0.0000,1,0,0,0,0,1.6167
48.2797,-180.3585,0.0864,97.0571,0.7957,2.8644,0.7956,0.0048,6.3934,257.5177,2.3484,0.0889,0.3686,0.3099,0.2016,10.1227,26.1603,0.9288,0.0000,1,0,0,0,0,1.6745
48.3385,-180.4161,0.0864,97.0440,1.1931,4.2952,1.1931,0.0069,6.7616,257.6726,2.6348,0.0948,0.3939,0.3099,0.2180,11.3823,21.4289,0.9652,0.0000,1,0,0,0,0,1.4238
48.3953,-180.4956,0.0864,97.0262,1.6174,5.8228,1.6174,0.0096,7.4714,257.8546,3.2053,0.0968,0.3959,0.3099,0.2308,12.5643,20.8130,0.9830,0.0000,1,0,0,0,0,1.4231
48.4518,-180.5992,0.0864,97.0034,2.1432,7.7155,2.1431,0.0135,9.3047,258.1040,4.4132,0.0987,0.3959,0.3099,0.2403,13.3025,13.0633,0.9928,0.0000,1,0,0,0,0,1.0655
48.5117,-180.7365,0.0864,96.9738,2.5878,9.3160,2.5877,0.0173,7.4183,258.3344,3.8439,0.1007,0.3959,0.3099,0.2447,13.9641,11.0398,0.9965,0.0000,1,0,0,0,0,0.9273
48.5758,-180.9144,0.0864,96.9361,3.1248,11.2493,3.1247,0.0226,8.3844,258.6365,4.7176,0.1007,0.3959,0.3099,0.2491,14.4330,7.3216,0.9985,0.0000,1,0,0,0,0,0.7774
48.6345,-181.1060,0.0864,96.8965,3.5736,12.8648,3.5735,0.0275,7.6480,258.9077,4.6215,0.1007,0.3939,0.3099,0.2506,14.7403,5.2371,0.9993,0.0000,1,0,0,0,0,0.6633
48.6946,-181.3311,0.0864,96.8511,4.0229,14.4823,4.0227,0.0329,7.4640,259.1961,4.7914,0.1026,0.3920,0.3099,0.2531,14.9281,3.1187,0.9996,0.0000,1,0,0,0,0,0.5623
48.7455,-181.5440,0.0864,96.8092,4.4725,16.1009,4.4723,0.0390,8.8400,259.5032,6.0374,0.1046,0.3920,0.3099,0.2558,15.0817,3.0207,0.9998,0.0000,1,0,0,0,0,0.6340
48.7987,-181.7890,0.0864,96.7621,4.9222,17.7201,4.9220,0.0457,8.4506,259.8302,6.1445,0.1046,0.3959,0.3099,0.2590,15.2587,3.3259,0.9999,0.0000,1,0,0,0,0,0.6654
48.8581,-182.0890,0.0864,96.7062,5.3720,19.3391,5.3717,0.0531,7.5795,260.1773,5.8506,0.1065,0.3959,0.3099,0.2628,15.4521,3.2587,1.0000,0.0000,1,0,0,0,0,0.6542
48.9095,-182.3719,0.0864,96.6551,5.8217,20.9582,5.8214,0.0611,8.7488,260.5450,7.1517,0.1085,0.3979,0.3099,0.2662,15.6414,3.6836,1.0000,0.0000,1,0,0,0,0,0.7595
48.9601,-182.6713,0.0864,96.6027,6.1814,22.2531,6.1810,0.0680,7.1050,260.8546,6.1162,0.1085,0.3979,0.3099,0.2686,15.8313,3.7501,1.0000,0.0000,1,0,0,0,0,0.7132
49.0201,-183.0531,0.0864,96.5384,6.7211,24.1958,6.7206,0.0796,8.9941,261.3464,8.1968,0.1124,0.3900,0.3099,0.2748,16.0890,4.2953,1.0000,0.0000,1,0,0,0,0,0.8716
49.0711,-183.4010,0.0864,96.4822,7.0807,25.4906,7.0802,0.0882,7.0463,261.6970,6.8676,0.1163,0.3959,0.3099,0.2822,16.3972,6.0388,1.0000,0.0000,1,0,0,0,0,0.9039
49.1223,-183.7712,0.0864,96.4248,7.5302,27.1089,7.5296,0.1005,8.7791,262.1638,9.1163,0.1202,0.3959,0.3099,0.2913,16.7470,6.8315,1.0000,0.0000,1,0,0,0,0,1.0862
49.1725,-184.1550,0.0864,96.3680,7.8897,28.4030,7.8889,0.1110,7.1604,262.5587,7.8669,0.1202,0.3959,0.3099,0.2958,17.1644,8.3126,1.0000,0.0000,1,0,0,0,0,1.1098
49.2241,-184.5703,0.0864,96.3097,8.3392,30.0210,8.3382,0.1250,8.7245,263.0782,10.0841,0.1241,0.3959,0.3099,0.3027,17.5720,7.9129,1.0000,0.0000,1,0,0,0,0,1.2246
49.2763,-185.0139,0.0864,96.2510,8.7883,31.6381,8.7872,0.1401,8.5919,263.6285,10.5270,0.1261,0.3979,0.3099,0.3095,17.9162,6.5843,1.0000,0.0000,1,0,0,0,0,1.1898
49.3396,-185.5807,0.0864,96.1812,9.3272,33.5779,9.3258,0.1592,8.5171,264.3263,11.0292,0.1280,0.4037,0.3099,0.3151,18.3269,6.4907,1.0000,0.0000,1,0,0,0,0,1.2294
49.3900,-186.0556,0.0864,96.1275,9.6863,34.8708,9.6848,0.1733,7.1299,264.8199,9.7982,0.1300,0.4076,0.3099,0.3189,18.6438,6.2927,1.0000,0.0000,1,0,0,0,0,1.1623
49.4496,-186.6442,0.0864,96.0667,10.1350,36.4860,10.1332,0.1922,7.5301,265.4650,10.8277,0.1319,0.4076,0.3099,0.3231,18.9657,5.4018,1.0000,0.0000,1,0,0,0,0,1.1861
49.5099,-187.2700,0.0864,96.0095,10.6733,38.4238,10.6712,0.2079,8.9226,266.2690,13.3279,0.1319,0.4076,0.3099,0.3274,19.2821,5.2442,1.0000,0.0000,1,0,0,0,0,1.3240
49.5639,-187.8556,0.0864,95.9628,11.1217,40.0380,11.1193,0.2288,8.3034,266.9635,12.8601,0.1339,0.4076,0.3099,0.3308,19.5064,4.1542,1.0000,0.0000,1,0,0,0,0,1.2538
49.6233,-188.5276,0.0864,95.9169,11.5698,41.6513,11.5671,0.2495,7.5429,267.6845,12.1348,0.1339,0.4076,0.3099,0.3330,19.7181,3.5626,1.0000,0.0000,1,0,0,0,0,1.1956
49.6773,-189.1637,0.0864,95.8812,12.0177,43.2636,12.0146,0.2701,8.2902,268.4289,13.7810,0.1339,0.4076,0.3099,0.3340,19.8753,2.9111,1.0000,0.0000,1,0,0,0,0,1.2645
49.7368,-189.8922,0.0864,95.8496,12.4653,44.8750,12.4619,0.2906,7.5211,269.1949,12.8707,0.1339,0.4076,0.3099,0.3344,19.9651,1.5079,1.0000,0.0000,1,0,0,0,0,1.1485
49.7949,-190.6310,0.0864,95.8274,13.0021,46.8076,12.9983,0.3156,9.2415,270.1418,16.2995,0.1339,0.4076,0.3099,0.3346,20.0211,0.9650,1.0000,0.0000,1,0,0,0,0,1.3232
49.8460,-191.3040,0.0864,95.8161,13.3598,48.0952,13.3557,0.3322,6.9970,270.7893,12.6681,0.1339,0.4096,0.3099,0.3347,20.0511,0.5867,1.0000,0.0000,1,0,0,0,0,1.1094
49.8980,-192.0088,0.0864,95.8130,13.8066,49.7036,13.8020,0.3537,8.6080,271.6171,15.9477,0.1339,0.4096,0.3099,0.3347,20.0653,0.2728,1.0000,0.0000,1,0,0,0,0,1.2854
49.9614,-192.9005,0.0864,95.8219,14.3424,51.6326,14.3374,0.3800,8.4392,272.6371,16.0649,0.1339,0.4096,0.3099,0.3347,20.0752,0.1568,1.0000,0.0000,1,0,0,0,0,1.2986
50.0186,-193.7310,0.0864,95.8432,14.7885,53.2386,14.7830,0.4024,7.8033,273.5090,15.2511,0.1319,0.4096,0.3099,0.3340,20.0804,0.0902,1.0000,0.0000,1,0,0,0,0,1.2604
50.0711,-194.5160,0.0864,95.8746,15.1453,54.5229,15.1395,0.4181,6.7972,274.2103,13.3624,0.1241,0.4096,0.3099,0.3261,19.9704,2.0951,1.0000,0.0000,1,0,0,0,0,1.2728
50.1261,-195.3620,0.0864,95.9207,15.5910,56.1276,15.5851,0.4298,8.1039,275.0621,15.4873,0.1124,0.4096,0.3099,0.3057,19.4739,9.0270,1.0000,0.0000,1,0,0,0,0,1.7755
50.1814,-196.2362,0.0864,95.9813,16.0367,57.7320,16.0309,0.4315,8.0588,275.8666,14.5470,0.0987,0.4096,0.3099,0.2792,18.3668,20.0186,1.0000,0.0000,1,0,0,0,0,2.3239
50.2329,-197.0712,0.0864,96.0508,16.4826,59.3372,16.4772,0.4205,8.6618,276.5969,14.1854,0.0811,0.4096,0.3099,0.2437,17.1156,24.3060,1.0000,0.0000,1,0,0,0,0,2.5210
50.2868,-197.9666,0.0864,96.1371,16.9289,60.9440,16.9242,0.3975,8.2849,277.2371,11.8844,0.0635,0.4076,0.3099,0.2056,15.3857,32.1115,1.0000,0.0000,1,0,0,0,0,2.7964
50.3425,-198.9161,0.0864,96.2406,17.3757,62.5524,17.3719,0.3591,8.0170,277.7592,9.3679,0.0381,0.4076,0.3099,0.1561,13.1185,40.6830,1.0000,0.0000,1,0,0,0,0,3.0906
50.3946,-199.8250,0.0864,96.3495,17.8233,64.1639,17.8207,0.3040,8.5928,278.1348,7.2104,0.0225,0.4076,0.3099,0.1057,10.8581,43.3877,1.0000,0.0000,1,0,0,0,0,3.0668
50.4470,-200.7615,0.0864,96.4702,18.1820,65.4553,18.1804,0.2440,6.8363,278.3051,3.2459,-0.0010,0.3998,0.3099,0.0538,7.7383,59.4581,1.0000,0.0000,1,0,0,0,0,3.6849
50.5073,-201.8622,0.0864,96.6200,18.7210,67.3957,18.7204,0.1556,8.9524,278.4107,1.7543,-0.0245,0.3822,0.3099,0.0100,4.8054,48.7119,1.0000,0.0000,1,0,0,0,0,2.9284
50.5694,-203.0286,0.0864,96.7847,19.1707,69.0145,19.1706,0.0683,7.2320,278.3238,-1.3989,-0.0420,0.3607,0.3099,-0.0478,1.6606,50.5799,1.0000,0.0000,1,0,0,0,0,2.9411
50.6292,-204.1795,0.0864,96.9495,19.7079,70.9486,19.7079,0.0519,8.9836,277.9878,-5.6174,-0.0616,0.3412,0.3099,-0.1072,-1.6975,56.1534,0.9933,0.0000,1,0,0,0,0,3.4712
50.6890,-205.3570,0.0864,97.1164,19.8680,71.5250,19.8674,0.1558,2.6773,277.5349,-7.5729,-0.0772,0.3392,0.3099,-0.1511,-4.8626,52.9243,0.9810,0.0000,1,0,0,0,0,3.4786
50.7405,-206.3750,0.0864,97.2567,20.0367,72.1321,20.0351,0.2506,3.2740,276.9595,-11.1709,-0.0851,0.3392,0.3099,-0.1830,-7.3109,47.5320,0.9749,0.0000,1,0,0,0,0,3.4488
50.7923,-207.3992,0.0864,97.3917,19.8680,71.5247,19.8655,0.3136,-3.2580,276.4387,-10.0592,-0.0870,0.3392,0.3099,-0.1995,-9.3576,39.5247,0.9724,0.0000,1,0,0,0,0,2.9914
50.8436,-208.4139,0.0864,97.5174,20.0342,72.1230,20.0307,0.3740,3.2439,275.7470,-13.5011,-0.0870,0.3392,0.3099,-0.2098,-10.7371,26.9283,0.9708,0.0000,1,0,0,0,0,2.5261
50.8942,-209.4170,0.0864,97.6327,19.9508,71.8227,19.9465,0.4140,-1.6472,275.0339,-14.0829,-0.0870,0.3392,0.3099,-0.2142,-11.6789,18.5978,0.9699,0.0000,1,0,0,0,0,2.1269
50.9472,-210.4698,0.0864,97.7428,20.0322,72.1158,20.0274,0.4363,1.5354,274.4567,-10.8873,-0.0870,0.3373,0.3099,-0.2159,-12.2926,11.5773,0.9672,0.0000,1,0,0,0,0,1.5747
51.0065,-211.6469,0.0864,97.8520,20.0311,72.1119,20.0259,0.4563,-0.0181,273.5863,-14.6797,-0.0870,0.3373,0.3099,-0.2169,-12.6636,6.2565,0.9651,0.0000,1,0,0,0,0,1.5048
51.0570,-212.6513,0.0864,97.9332,19.8680,71.5248,19.8626,0.4622,-3.2288,273.0103,-11.4052,-0.0831,0.3373,0.3099,-0.2134,-12.7809,2.3234,0.9644,0.0000,1,0,0,0,0,1.1116
51.1109,-213.7247,0.0864,98.0075,20.0305,72.1099,20.0252,0.4606,3.0141,272.3142,-12.9092,-0.0753,0.3373,0.3099,-0.2033,-12.6602,2.2401,0.9640,0.0000,1,0,0,0,0,1.1865
51.1610,-214.7207,0.0864,98.0651,19.9492,71.8171,19.9442,0.4480,-1.6254,271.6559,-13.1567,-0.0714,0.3373,0.3099,-0.1920,-12.2851,7.4948,0.9638,0.0000,1,0,0,0,0,1.4842
51.2197,-215.8915,0.0864,98.1190,19.8681,71.5250,19.8634,0.4291,-1.3818,271.0390,-10.5032,-0.0655,0.3373,0.3099,-0.1788,-11.7305,9.4445,0.9637,0.0000,1,0,0,0,0,1.4322
51.2768,-217.0296,0.0864,98.1578,20.0306,72.1103,20.0265,0.4052,2.8482,270.4701,-9.9669,-0.0577,0.3373,0.3099,-0.1633,-10.9499,13.6741,0.9636,0.0000,1,0,0,0,0,1.6169
51.3310,-218.1100,0.0864,98.1828,19.9494,71.8177,19.9458,0.3771,-1.4996,269.9493,-9.6092,-0.0557,0.3373,0.3099,-0.1505,-10.2699,12.5459,0.9636,0.0000,1,0,0,0,0,1.5144
51.3922,-219.3322,0.0864,98.1984,19.8679,71.5246,19.8648,0.3530,-1.3290,269.4581,-8.0179,-0.0557,0.3373,0.3099,-0.1441,-9.4735,13.0006,0.9636,0.0000,1,0,0,0,0,1.4342
51.4513,-220.5112,0.0864,98.2013,19.8681,71.5251,19.8653,0.3325,0.0024,268.8855,-9.6935,-0.0557,0.3373,0.3099,-0.1411,-8.9649,8.6091,0.9636,0.0000,1,0,0,0,0,1.2678
51.5037,-221.5564,0.0864,98.1945,19.9495,71.8182,19.9469,0.3238,1.5529,268.5082,-7.1956,-0.0557,0.3373,0.3099,-0.1402,-8.7119,4.8251,0.9636,0.0000,1,0,0,0,0,0.9113
51.5627,-222.7322,0.0864,98.1765,19.9496,71.8184,19.9471,0.3151,0.0010,267.9446,-9.5621,-0.0557,0.3373,0.3099,-0.1397,-8.5622,2.5413,0.9636,0.0000,1,0,0,0,0,0.9093
51.6239,-223.9539,0.0864,98.1467,19.8681,71.5250,19.8656,0.3121,-1.3304,267.4724,-7.7085,-0.0596,0.3373,0.3099,-0.1422,-8.4693,1.5163,0.9636,0.0000,1,0,0,0,0,0.7481
51.6745,-224.9627,0.0864,98.1135,20.0311,72.1121,20.0286,0.3183,3.2237,266.9747,-9.8388,-0.0675,0.3373,0.3099,-0.1537,-8.6496,3.5639,0.9636,0.0000,1,0,0,0,0,0.9829
51.7376,-226.2196,0.0864,98.0613,20.0310,72.1117,20.0281,0.3420,-0.0016,266.3063,-10.5973,-0.0792,0.3373,0.3099,-0.1762,-9.2185,9.0208,0.9636,0.0000,1,0,0,0,0,1.3460
51.7905,-227.2738,0.0864,98.0075,19.8680,71.5249,19.8646,0.3695,-3.0807,265.7964,-9.6369,-0.0909,0.3373,0.3099,-0.1982,-10.1305,17.2361,0.9636,0.0000,1,0,0,0,0,1.7719
51.8469,-228.3975,0.0864,97.9392,20.0307,72.1104,20.0264,0.4149,2.8835,265.0782,-12.7349,-0.1026,0.3373,0.3099,-0.2260,-11.5863,25.8135,0.9636,0.0000,1,0,0,0,0,2.4523
51.9080,-229.6131,0.0864,97.8514,20.0303,72.1092,20.0244,0.4885,-0.0055,264.0844,-16.2616,-0.1183,0.3373,0.3099,-0.2625,-13.1607,25.7593,0.9636,0.0000,1,0,0,0,0,2.7003
51.9584,-230.6152,0.0864,97.7668,19.8680,71.5248,19.8608,0.5361,-3.2190,263.3418,-14.7249,-0.1261,0.3373,0.3099,-0.2859,-14.6949,30.4250,0.9636,0.0000,1,0,0,0,0,2.9131
52.0119,-231.6778,0.0864,97.6626,20.0294,72.1059,20.0206,0.5927,3.0178,262.3359,-18.8065,-0.1359,0.3373,0.3099,-0.3115,-16.2229,28.5662,0.9636,0.0000,1,0,0,0,0,3.0757
52.0814,-233.0549,0.0864,97.5022,19.8680,71.5249,19.8585,0.6158,-2.3224,260.7950,-22.1736,-0.1437,0.3373,0.3099,-0.3414,-18.0122,25.7481,0.9636,0.0000,1,0,0,0,0,3.1272
52.1317,-234.0482,0.0864,97.3653,19.9480,71.8128,19.9383,0.6221,1.5893,259.8534,-18.7150,-0.1515,0.3373,0.3099,-0.3583,-19.6313,32.1814,0.9636,0.0000,1,0,0,0,0,3.2953
52.1824,-235.0464,0.0864,97.2085,19.8680,71.5249,19.8583,0.6236,-1.5797,258.6207,-24.3570,-0.1594,0.3373,0.3099,-0.3765,-20.7553,22.2094,0.9636,0.0000,1,0,0,0,0,3.0578
52.2347,-236.0727,0.0864,97.0259,19.9478,71.8120,19.9379,0.6278,1.5247,257.5917,-19.6741,-0.1652,0.3373,0.3099,-0.3914,-21.7867,19.7202,0.9636,0.0000,1,0,0,0,0,2.6606
52.2890,-237.1360,0.0864,96.8126,19.8680,71.5248,19.8580,0.6313,-1.4680,256.2475,-24.7288,-0.1711,0.3373,0.3099,-0.4092,-22.9409,21.2331,0.9636,0.0000,1,0,0,0,0,3.0301
52.3457,-238.2396,0.0864,96.5638,20.0270,72.0973,20.0169,0.6370,2.8058,254.8432,-24.7742,-0.1789,0.3373,0.3099,-0.4280,-24.1645,21.5852,0.9636,0.0000,1,0,0,0,0,3.0526
52.3962,-239.2153,0.0864,96.3190,19.9474,71.8107,19.9371,0.6402,-1.5777,253.3794,-29.0044,-0.1867,0.3373,0.3099,-0.4459,-25.1426,19.3810,0.9636,0.0000,1,0,0,0,0,3.1695
52.4528,-240.3050,0.0864,96.0165,19.8680,71.5248,19.8576,0.6430,-1.4011,251.8611,-26.7893,-0.1887,0.3373,0.3099,-0.4598,-26.1123,17.1100,0.9636,0.0000,1,0,0,0,0,2.9243
52.5135,-241.4617,0.0864,95.6601,20.0264,72.0951,20.0159,0.6472,2.6111,250.3030,-25.6843,-0.1945,0.3373,0.3099,-0.4721,-27.1178,16.5757,0.9636,0.0000,1,0,0,0,0,2.8326
52.5746,-242.6140,0.0864,95.2664,20.0262,72.0943,20.0156,0.6503,-0.0036,248.3816,-31.4653,-0.1984,0.3373,0.3099,-0.4855,-27.9866,14.2282,0.9636,0.0000,1,0,0,0,0,3.0256
52.6274,-243.6006,0.0864,94.8973,19.9471,71.8094,19.9364,0.6520,-1.4979,246.7389,-31.0920,-0.2043,0.3373,0.3099,-0.4970,-28.7264,14.0024,0.9636,0.0000,1,0,0,0,0,2.9956
52.6878,-244.7167,0.0864,94.4417,19.8680,71.5248,19.8572,0.6547,-1.3080,245.0553,-27.8626,-0.2102,0.3373,0.3099,-0.5102,-29.4579,12.1058,0.9636,0.0000,1,0,0,0,0,2.7148
52.7414,-245.6931,0.0864,94.0081,20.0256,72.0921,20.0147,0.6603,2.9424,243.3177,-32.4468,-0.2200,0.3373,0.3099,-0.5286,-30.2790,15.3314,0.9636,0.0000,1,0,0,0,0,3.1489
52.8009,-246.7626,0.0864,93.4927,19.9467,71.8080,19.9356,0.6642,-1.3253,241.5149,-30.2750,-0.2297,0.3373,0.3099,-0.5489,-31.3617,18.1817,0.9636,0.0000,1,0,0,0,0,3.1915
52.8633,-247.8628,0.0864,92.9138,19.9465,71.8072,19.9352,0.6696,-0.0035,239.2602,-36.1768,-0.2375,0.3373,0.3099,-0.5728,-32.5865,19.6517,0.9636,0.0000,1,0,0,0,0,3.6051
52.9137,-248.7385,0.0864,92.4149,19.8680,71.5248,19.8566,0.6734,-1.5537,237.3098,-38.6309,-0.2434,0.3373,0.3099,-0.5914,-33.6550,21.1644,0.9636,0.0000,1,0,0,0,0,3.8304
52.9745,-249.7702,0.0864,91.7790,20.0244,72.0877,20.0128,0.6807,2.5720,235.3090,-32.9142,-0.2493,0.3373,0.3099,-0.6078,-34.8448,19.5726,0.9636,0.0000,1,0,0,0,0,3.4258
53.0333,-250.7432,0.0864,91.1274,19.9459,71.8052,19.9343,0.6813,-1.3358,233.2493,-35.0676,-0.2551,0.3373,0.3099,-0.6232,-35.9754,19.2501,0.9636,0.0000,1,0,0,0,0,3.5300
53.0865,-251.6037,0.0864,90.5041,19.8680,71.5247,19.8562,0.6841,-1.4629,231.1419,-39.5702,-0.2610,0.3373,0.3099,-0.6370,-36.8530,16.4789,0.9636,0.0000,1,0,0,0,0,3.6303
53.1434,-252.4975,0.0864,89.8054,20.0237,72.0853,20.0119,0.6882,2.7379,228.9962,-37.7312,-0.2649,0.3373,0.3099,-0.6487,-37.7975,16.6083,0.9636,0.0000,1,0,0,0,0,3.5344
53.2013,-253.3793,0.0864,89.0591,19.9457,71.8045,19.9338,0.6901,-1.3458,226.8097,-37.7313,-0.2708,0.3373,0.3099,-0.6610,-38.5242,12.5403,0.9636,0.0000,1,0,0,0,0,3.3118
53.2586,-254.2206,0.0864,88.2872,19.9456,71.8041,19.9336,0.6931,-0.0018,224.1319,-46.7735,-0.2747,0.3373,0.3099,-0.6750,-39.3642,14.6711,0.9636,0.0000,1,0,0,0,0,3.9348
53.3241,-255.1438,0.0864,87.3634,19.8680,71.5248,19.8558,0.6958,-1.1848,221.8574,-34.7338,-0.2806,0.3373,0.3099,-0.6868,-40.1003,11.2408,0.9636,0.0000,1,0,0,0,0,3.0794
53.3840,-255.9500,0.0864,86.4801,19.8679,71.5244,19.8556,0.6986,-0.0020,219.0788,-46.3555,-0.2845,0.3373,0.3099,-0.6999,-40.9227,13.7207,0.9636,0.0000,1,0,0,0,0,3.8650
53.4430,-256.7050,0.0864,85.5771,20.0227,72.0816,20.0103,0.7028,2.6227,216.7231,-39.9183,-0.2884,0.3373,0.3099,-0.7111,-41.6783,12.8033,0.9636,0.0000,1,0,0,0,0,3.4554
53.4997,-257.0005,0.0907,85.0482,7.6135,27.4085,7.6127,0.1099,-219.1305,205.3805,-200.2964,-0.2903,0.3373,0.3099,-0.7195,-42.3678,12.1771,0.9636,0.0000,1,0,0,0,1,30.8930
53.5585,-257.1784,0.0860,84.6370,6.9136,24.8891,6.9106,0.2064,-11.8882,197.2278,-138.4899,-0.2923,0.3373,0.3099,-0.7255,-42.8439,8.0873,0.9636,0.0000,1,0,0,0,1,28.5911
53.6291,-257.2700,0.0863,84.2535,5.0477,18.1718,5.0415,0.2515,-26.4499,195.2063,-28.6560,-0.2923,0.3373,0.3099,-0.7288,-43.2615,5.9197,0.9636,0.0000,1,0,0,0,0,2.6681
53.6893,-257.3299,0.0864,83.9776,4.6104,16.5975,4.6089,0.1180,-7.2617,194.1663,-17.2689,-0.2923,0.3373,0.3099,-0.7299,-43.5613,4.9780,0.9636,0.0000,1,0,0,0,0,1.6197
53.7492,-257.3856,0.0864,83.7216,4.2464,15.2871,4.2461,0.0500,-6.0745,192.9662,-20.0280,-0.2923,0.3373,0.3099,-0.7304,-43.6924,2.1885,0.9636,0.0000,1,0,0,0,0,1.4109
53.7996,-257.4245,0.0861,83.5221,3.5553,12.7990,3.5516,0.1615,-13.7090,192.0497,-18.1792,-0.2923,0.3373,0.3099,-0.7306,-43.7586,1.3129,0.9636,0.0000,1,0,0,0,0,1.7642
53.8546,-257.4533,0.0863,83.3422,3.0949,11.1417,3.0932,0.1039,-8.3792,191.1223,-16.8798,-0.2923,0.3373,0.3099,-0.7307,-43.7990,0.7348,0.9636,0.0000,1,0,0,0,0,1.4821
53.9131,-257.4818,0.0862,83.1647,2.8385,10.2185,2.8379,0.0581,-4.3789,190.1087,-17.3091,-0.2923,0.3373,0.3099,-0.7307,-43.8217,0.3874,0.9636,0.0000,1,0,0,0,0,1.2900
53.9688,-257.5084,0.0864,82.9996,3.2479,11.6925,3.2479,0.0000,7.3541,189.3459,-13.7011,-0.2923,0.3373,0.3099,-0.7307,-43.8315,0.1761,0.9636,0.0000,1,0,0,0,0,0.7711
54.0303,-257.5416,0.0862,82.7927,3.2810,11.8117,3.2810,0.0189,0.5384,188.4904,-13.9089,-0.2923,0.3373,0.3099,-0.7307,-43.8375,0.0981,0.9636,0.0000,1,0,0,0,0,0.8647
54.0899,-257.5710,0.0864,82.5879,3.6540,13.1544,3.6539,0.0279,6.2595,187.6870,-13.4843,-0.2923,0.3373,0.3099,-0.7307,-43.8404,0.0479,0.9636,0.0000,1,0,0,0,0,0.8662
54.1605,-257.6086,0.0864,82.3115,4.2271,15.2177,4.2266,0.0643,8.1207,186.5016,-16.7952,-0.2864,0.3373,0.3099,-0.7231,-43.7432,1.3776,0.9636,0.0000,1,0,0,0,0,1.2378
54.2112,-257.6361,0.0864,82.0901,4.5545,16.3963,4.5538,0.0804,6.4567,185.7966,-13.9043,-0.2825,0.3373,0.3099,-0.7165,-43.4291,6.1947,0.9636,0.0000,1,0,0,0,0,1.3814
54.2647,-257.6633,0.0860,81.8386,4.5040,16.2143,4.5040,0.0114,-0.9436,184.9868,-15.1207,-0.2767,0.3373,0.3099,-0.7050,-43.0938,6.2593,0.9636,0.0000,1,0,0,0,0,1.2259
54.3157,-257.6746,0.0861,81.6432,3.4718,12.4986,3.4713,0.0579,-20.2328,184.4597,-10.3337,-0.2649,0.3373,0.3099,-0.6868,-42.4720,12.1897,0.9636,0.0000,1,0,0,0,0,1.5015
54.3678,-257.6826,0.0862,81.4748,3.0099,10.8357,3.0096,0.0442,-8.8642,183.9042,-10.6594,-0.2512,0.3373,0.3099,-0.6617,-41.5454,17.7815,0.9636,0.0000,1,0,0,0,0,1.8005
54.4302,-257.6902,0.0862,81.2950,2.7955,10.0638,2.7953,0.0308,-3.4367,183.3601,-8.7220,-0.2375,0.3373,0.3099,-0.6308,-40.2161,21.3065,0.9636,0.0000,1,0,0,0,0,1.8333
54.4853,-257.6963,0.0863,81.1426,2.8107,10.1185,2.8106,0.0143,0.2755,182.8150,-9.8958,-0.2200,0.3373,0.3099,-0.5919,-38.4988,31.1773,0.9636,0.0000,1,0,0,0,0,2.3583
54.5441,-257.7032,0.0864,80.9706,3.0708,11.0547,3.0708,0.0037,4.4254,182.2498,-9.6160,-0.2063,0.3353,0.3099,-0.5533,-36.1649,39.7116,0.9616,0.0000,1,0,0,0,0,2.7583
54.6011,-257.7104,0.0864,80.7822,3.5568,12.8045,3.5567,0.0266,8.5312,181.5684,-11.9612,-0.1867,0.3353,0.3099,-0.5070,-33.8534,40.5731,0.9595,0.0000,1,0,0,0,0,3.0306
54.6525,-257.7165,0.0864,80.5915,3.8804,13.9695,3.8802,0.0363,6.2875,181.1256,-8.6036,-0.1711,0.3353,0.3099,-0.4753,-31.8096,39.7108,0.9589,0.0000,1,0,0,0,0,2.8245
54.7053,-257.7218,0.0864,80.3762,4.2843,15.4236,4.2841,0.0450,7.6606,180.5902,-10.1531,-0.1574,0.3353,0.3099,-0.4366,-29.7172,39.6823,0.9584,0.0000,1,0,0,0,0,2.9263
54.7625,-257.7260,0.0864,80.1197,4.6877,16.8758,4.6874,0.0515,7.0507,180.0772,-8.9665,-0.1417,0.3353,0.3099,-0.3990,-27.0868,45.9767,0.9582,0.0000,1,0,0,0,0,3.2173
54.8126,-257.7281,0.0864,79.8753,5.0911,18.3279,5.0907,0.0599,8.0428,179.5916,-9.6831,-0.1300,0.3353,0.3099,-0.3619,-25.0771,40.0724,0.9581,0.0000,1,0,0,0,0,2.9406
54.8682,-257.7286,0.0864,79.5829,5.4910,19.7674,5.4905,0.0696,7.1920,179.1303,-8.2964,-0.1183,0.3353,0.3099,-0.3275,-23.2125,33.5357,0.9581,0.0000,1,0,0,0,0,2.5140
54.9253,-257.7268,0.0864,79.2594,5.8961,21.2259,5.8956,0.0754,7.0972,178.6986,-7.5638,-0.1026,0.3353,0.3099,-0.2926,-20.6921,44.1539,0.9580,0.0000,1,0,0,0,0,3.0649
54.9767,-257.7228,0.0864,78.9477,6.2238,22.4058,6.2233,0.0783,6.3713,178.3746,-6.2980,-0.0968,0.3353,0.3099,-0.2692,-18.8153,36.4831,0.9580,0.0000,1,0,0,0,0,2.5654
55.0320,-257.7158,0.0866,78.5921,6.5870,23.7133,6.5865,0.0801,6.5778,177.9956,-6.8636,-0.0831,0.3353,0.3099,-0.2388,-17.2494,28.3613,0.9580,0.0000,1,0,0,0,0,2.1394
55.0922,-257.7047,0.0868,78.1791,7.1392,25.7011,7.1387,0.0800,9.1678,177.5831,-6.8493,-0.0733,0.3353,0.3099,-0.2066,-15.0664,36.2449,0.9580,0.0000,1,0,0,0,0,2.5622
55.1488,-257.6904,0.0864,77.7667,7.5011,27.0039,7.5007,0.0720,6.3951,177.2662,-5.6001,-0.0655,0.3353,0.3099,-0.1860,-13.3162,30.9293,0.9580,0.0000,1,0,0,0,0,2.1733
55.2056,-257.6724,0.0864,77.3295,7.9042,28.4551,7.9039,0.0679,7.0913,176.9690,-5.2278,-0.0616,0.3353,0.3099,-0.1702,-11.9862,23.3951,0.9580,0.0000,1,0,0,0,0,1.7191
55.2607,-257.6513,0.0864,76.8842,8.3074,29.9065,8.3071,0.0661,7.3266,176.6854,-5.1538,-0.0577,0.3353,0.3099,-0.1578,-10.9008,19.7247,0.9580,0.0000,1,0,0,0,0,1.5014
55.3114,-257.6288,0.0864,76.4545,8.7105,31.3578,8.7103,0.0657,7.9495,176.4105,-5.4208,-0.0577,0.3353,0.3099,-0.1501,-10.1090,15.6136,0.9580,0.0000,1,0,0,0,0,1.2817
55.3730,-257.5972,0.0864,75.9066,9.1137,32.8092,9.1134,0.0673,6.5361,176.1361,-4.4487,-0.0577,0.3353,0.3099,-0.1467,-9.4646,10.4473,0.9580,0.0000,1,0,0,0,0,0.9384
55.4331,-257.5620,0.0864,75.3468,9.5169,34.2609,9.5167,0.0705,6.7108,175.8574,-4.6374,-0.0577,0.3353,0.3099,-0.1453,-9.0761,6.4656,0.9580,0.0000,1,0,0,0,0,0.7280
55.4888,-257.5251,0.0864,74.8044,9.9201,35.7123,9.9198,0.0748,7.2372,175.5725,-5.1142,-0.0577,0.3353,0.3099,-0.1447,-8.8767,3.5797,0.9580,0.0000,1,0,0,0,0,0.5962
55.5407,-257.4869,0.0864,74.2791,10.3231,37.1633,10.3228,0.0800,7.7666,175.2805,-5.6278,-0.0577,0.3353,0.3099,-0.1444,-8.7768,1.9245,0.9580,0.0000,1,0,0,0,0,0.5358
55.5913,-257.4459,0.0864,73.7483,10.7264,38.6152,10.7261,0.0864,7.9711,174.9771,-5.9968,-0.0596,0.3353,0.3099,-0.1471,-8.7661,0.2112,0.9580,0.0000,1,0,0,0,0,0.4657
55.6528,-257.3907,0.0864,73.0790,11.1295,40.0661,11.1291,0.0941,6.5574,174.6605,-5.1504,-0.0616,0.3353,0.3099,-0.1502,-8.8303,1.0446,0.9580,0.0000,1,0,0,0,0,0.4709
55.7115,-257.3321,0.0864,72.4142,11.6132,41.8075,11.6127,0.1042,8.2362,174.2619,-6.7877,-0.0616,0.3353,0.3099,-0.1526,-8.9787,2.5265,0.9580,0.0000,1,0,0,0,0,0.6520
55.7655,-257.2727,0.0864,71.7815,11.9355,42.9678,11.9350,0.1116,5.9716,173.9854,-5.1215,-0.0636,0.3353,0.3099,-0.1552,-9.0956,2.1671,0.9580,0.0000,1,0,0,0,0,0.5452
55.8187,-257.2087,0.0864,71.1370,12.3386,44.4188,12.3380,0.1225,7.5702,173.6205,-6.8542,-0.0675,0.3353,0.3099,-0.1620,-9.2930,3.7061,0.9580,0.0000,1,0,0,0,0,0.7356
55.8695,-257.1422,0.0864,70.5034,12.7413,45.8688,12.7406,0.1353,7.9282,173.2307,-7.6726,-0.0714,0.3353,0.3099,-0.1696,-9.6092,6.2253,0.9580,0.0000,1,0,0,0,0,0.9314
55.9215,-257.0684,0.0864,69.8371,13.0637,47.0292,13.0628,0.1480,6.2080,172.8945,-6.4754,-0.0772,0.3353,0.3099,-0.1797,-10.0344,8.1886,0.9580,0.0000,1,0,0,0,0,0.9846
55.9737,-256.9876,0.0864,69.1474,13.4664,48.4791,13.4654,0.1682,7.7105,172.4313,-8.8676,-0.0870,0.3353,0.3099,-0.1970,-10.6725,12.2155,0.9580,0.0000,1,0,0,0,0,1.3586
56.0312,-256.8904,0.0864,68.3660,13.8689,49.9280,13.8676,0.1923,6.9960,171.9177,-8.9278,-0.0890,0.3353,0.3099,-0.2111,-11.5341,14.9765,0.9580,0.0000,1,0,0,0,0,1.5360
56.0818,-256.7970,0.0864,67.6608,14.2713,51.3765,14.2696,0.2173,7.9654,171.3626,-10.9881,-0.0929,0.3353,0.3099,-0.2223,-12.1833,12.8528,0.9580,0.0000,1,0,0,0,0,1.5529
56.1439,-256.6710,0.0864,66.7691,14.7537,53.1133,14.7516,0.2461,7.7615,170.6549,-11.3858,-0.0929,0.3353,0.3099,-0.2286,-12.9208,11.8642,0.9580,0.0000,1,0,0,0,0,1.5419
56.2122,-256.5167,0.0864,65.7588,15.2358,54.8488,15.2334,0.2716,7.0578,169.9179,-10.7897,-0.0929,0.3353,0.3099,-0.2309,-13.3695,6.5694,0.9580,0.0000,1,0,0,0,0,1.2318
56.2646,-256.3863,0.0864,64.9626,15.5570,56.0053,15.5544,0.2872,6.1308,169.4140,-9.6168,-0.0929,0.3353,0.3099,-0.2315,-13.6598,5.5411,0.9580,0.0000,1,0,0,0,0,1.1190
56.3193,-256.2382,0.0864,64.1121,15.9584,57.4503,15.9555,0.3038,7.3392,168.7776,-11.6365,-0.0870,0.3353,0.3099,-0.2267,-13.7242,1.1771,0.9580,0.0000,1,0,0,0,0,0.9974
56.3698,-256.0902,0.0864,63.3099,16.3596,58.8946,16.3567,0.3109,7.9518,168.1662,-12.1192,-0.0753,0.3353,0.3099,-0.2089,-13.4748,4.9427,0.9580,0.0000,1,0,0,0,0,1.2330
56.4244,-255.9171,0.0864,62.4220,16.7609,60.3394,16.7581,0.3078,7.3407,167.6007,-10.3427,-0.0675,0.3353,0.3099,-0.1881,-12.7903,12.5200,0.9580,0.0000,1,0,0,0,0,1.5457
56.4801,-255.7273,0.0864,61.4987,17.1624,61.7846,17.1599,0.2951,7.2163,167.0939,-9.1092,-0.0518,0.3353,0.3099,-0.1613,-11.5976,21.4403,0.9580,0.0000,1,0,0,0,0,1.9551
56.5309,-255.5419,0.0864,60.6375,17.4836,62.9409,17.4814,0.2782,6.3182,166.7401,-6.9614,-0.0420,0.3353,0.3099,-0.1389,-10.4374,22.8238,0.9580,0.0000,1,0,0,0,0,1.8934
56.5813,-255.3471,0.0864,59.7673,17.8855,64.3880,17.8838,0.2480,7.9769,166.3733,-7.2781,-0.0323,0.3353,0.3099,-0.1087,-9.0377,27.7756,0.9580,0.0000,1,0,0,0,0,2.1554
56.6394,-255.1098,0.0864,58.7436,18.2878,65.8362,18.2866,0.2124,6.9254,166.0866,-4.9362,-0.0206,0.3353,0.3099,-0.0811,-7.2274,31.1633,0.9580,0.0000,1,0,0,0,0,2.1797
56.6922,-254.8831,0.0864,57.7944,18.6905,67.2857,18.6898,0.1597,7.6292,165.9256,-3.0508,-0.0088,0.3353,0.3099,-0.0349,-5.4670,33.3554,0.9580,0.0000,1,0,0,0,0,2.1507
56.7516,-254.6166,0.0864,56.7026,19.0935,68.7366,19.0932,0.1075,6.7773,165.8528,-1.2245,0.0068,0.3353,0.3099,-0.0150,-3.2546,37.2038,0.9580,0.0000,1,0,0,0,0,2.2194
56.8101,-254.3444,0.0864,55.6048,19.5773,70.4784,19.5772,0.0590,8.2669,165.8193,-0.5710,0.0205,0.3353,0.3099,0.0025,-1.7693,25.3793,0.9580,0.0000,1,0,0,0,0,1.4869
56.8615,-254.0985,0.0864,54.6220,19.9000,71.6401,19.9000,0.0155,6.2834,165.8816,1.2131,0.0361,0.3353,0.3099,0.0390,-0.3784,27.0839,0.9580,0.0000,1,0,0,0,0,1.5837
56.9118,-253.8540,0.0864,53.6477,20.0294,72.1059,20.0293,0.0565,2.5716,166.0919,4.1798,0.0499,0.3353,0.3099,0.0808,1.5170,37.6697,0.9580,0.0000,1,0,0,0,0,2.3673
56.9620,-253.6113,0.0864,52.6765,19.8680,71.5249,19.8677,0.1203,-3.2164,166.3602,5.3468,0.0655,0.3353,0.3099,0.1153,3.5237,39.9903,0.9580,0.0000,1,0,0,0,0,2.6096
57.0136,-253.3641,0.0864,51.6769,20.0291,72.1048,20.0281,0.2063,3.1210,166.8217,8.9398,0.0811,0.3353,0.3099,0.1567,5.7319,42.7838,0.9580,0.0000,1,0,0,0,0,3.0280
57.0707,-253.0961,0.0864,50.5707,19.9484,71.8141,19.9462,0.2938,-1.4147,167.4186,10.4585,0.0968,0.3353,0.3099,0.1976,8.2578,44.2565,0.9580,0.0000,1,0,0,0,0,3.2607
57.1287,-252.8321,0.0864,49.4441,19.8680,71.5247,19.8643,0.3803,-1.3863,168.1432,12.4930,0.1085,0.3353,0.3099,0.2329,10.5374,39.3036,0.9580,0.0000,1,0,0,0,0,3.1647
57.1863,-252.5809,0.0864,48.3224,20.0280,72.1007,20.0227,0.4601,2.7786,168.9714,14.3819,0.1183,0.3353,0.3099,0.2627,12.9334,41.6034,0.9580,0.0000,1,0,0,0,0,3.4549
57.2400,-252.3592,0.0864,47.2756,19.9477,71.8116,19.9406,0.5320,-1.4960,169.8937,17.1801,0.1241,0.3353,0.3099,0.2881,14.3446,26.2877,0.9580,0.0000,1,0,0,0,0,2.8149
57.3009,-252.1241,0.0864,46.0830,19.9474,71.8105,19.9382,0.6047,-0.0050,171.0923,19.6675,0.1300,0.3353,0.3099,0.3101,16.4667,34.8235,0.9580,0.0000,1,0,0,0,0,3.4820
57.3602,-251.9153,0.0864,44.9176,19.8680,71.5249,19.8586,0.6126,-1.3370,172.1447,17.7377,0.1339,0.3353,0.3099,0.3221,17.7747,22.0440,0.9580,0.0000,1,0,0,0,0,2.6726
57.4140,-251.7461,0.0864,43.8595,20.0259,72.0932,20.0164,0.6158,2.9382,173.2285,20.1750,0.1339,0.3353,0.3099,0.3293,18.6684,16.6362,0.9580,0.0000,1,0,0,0,0,2.5063
57.4716,-251.5865,0.0864,42.7212,19.9470,71.8090,19.9375,0.6141,-1.3694,174.3345,19.1858,0.1339,0.3353,0.3099,0.3324,19.3224,11.3453,0.9580,0.0000,1,0,0,0,0,2.1580
57.5309,-251.4458,0.0864,41.5458,19.8679,71.5243,19.8583,0.6152,-1.3325,175.4389,18.6081,0.1339,0.3353,0.3099,0.3337,19.6624,5.7290,0.9580,0.0000,1,0,0,0,0,1.8165
57.5809,-251.3463,0.0864,40.5530,20.0259,72.0931,20.0164,0.6166,3.1601,176.5446,22.1146,0.1339,0.3353,0.3099,0.3343,19.8404,3.5591,0.9580,0.0000,1,0,0,0,0,1.8882
57.6414,-251.2488,0.0864,39.3510,19.9468,71.8084,19.9373,0.6159,-1.3077,177.6519,18.3089,0.1339,0.3353,0.3099,0.3346,19.9638,2.0400,0.9580,0.0000,1,0,0,0,0,1.5937
57.6967,-251.1821,0.0864,38.2514,19.8680,71.5249,19.8585,0.6154,-1.4258,178.7605,20.0732,0.1339,0.3353,0.3099,0.3347,20.0217,1.0490,0.9580,0.0000,1,0,0,0,0,1.6381
57.7556,-251.1341,0.0864,37.0752,19.8680,71.5248,19.8585,0.6149,-0.0004,180.0862,22.4740,0.1300,0.3353,0.3099,0.3314,20.0452,0.3989,0.9580,0.0000,1,0,0,0,0,1.7350
57.8182,-251.1094,0.0864,35.8276,20.0261,72.0939,20.0167,0.6117,2.5268,181.1530,17.0547,0.1163,0.3353,0.3099,0.3139,19.7627,4.5159,0.9580,0.0000,1,0,0,0,0,1.6566
57.8719,-251.1086,0.0864,34.7569,19.9471,71.8096,19.9379,0.6055,-1.4702,182.1438,18.4456,0.1026,0.3353,0.3099,0.2889,18.8859,16.3244,0.9580,0.0000,1,0,0,0,0,2.3870
57.9304,-251.1274,0.0864,33.5901,19.8680,71.5248,19.8590,0.5979,-1.3524,183.0414,15.3424,0.0909,0.3353,0.3099,0.2592,17.5326,23.1333,0.9580,0.0000,1,0,0,0,0,2.5890
57.9823,-251.1601,0.0864,32.5559,20.0269,72.0969,20.0187,0.5752,3.0651,183.8389,15.3817,0.0791,0.3353,0.3099,0.2300,16.2178,25.3575,0.9580,0.0000,1,0,0,0,0,2.6941
58.0344,-251.2072,0.0864,31.5172,19.9476,71.8115,19.9405,0.5341,-1.5202,184.5403,13.4507,0.0694,0.3353,0.3099,0.2014,14.5597,31.7944,0.9580,0.0000,1,0,0,0,0,2.9152
58.0857,-251.2666,0.0864,30.4953,20.0275,72.0989,20.0213,0.4966,1.5567,185.0400,9.7447,0.0635,0.3353,0.3099,0.1826,13.0304,29.8244,0.9580,0.0000,1,0,0,0,0,2.5702
58.1428,-251.3468,0.0864,29.3603,20.0279,72.1003,20.0229,0.4443,0.0072,185.7185,11.8867,0.0616,0.3353,0.3099,0.1650,11.6228,24.6610,0.9580,0.0000,1,0,0,0,0,2.3632
58.2007,-251.4418,0.0864,28.2086,19.9480,71.8129,19.9438,0.4107,-1.3784,186.2485,9.1484,0.0616,0.3353,0.3099,0.1587,10.6826,16.2278,0.9580,0.0000,1,0,0,0,0,1.7186
58.2508,-251.5345,0.0864,27.2123,20.0283,72.1018,20.0244,0.3919,1.6014,186.6628,8.2661,0.0616,0.3353,0.3099,0.1564,10.0657,12.3095,0.9580,0.0000,1,0,0,0,0,1.4366
58.3050,-251.6445,0.0864,26.1377,19.9482,71.8137,19.9447,0.3755,-1.4771,187.1750,9.4516,0.0616,0.3353,0.3099,0.1550,9.6852,7.0214,0.9580,0.0000,1,0,0,0,0,1.1975
58.3584,-251.7628,0.0864,25.0787,19.8680,71.5248,19.8646,0.3681,-1.5025,187.6931,9.7030,0.0674,0.3353,0.3099,0.1601,9.5412,2.6969,0.9580,0.0000,1,0,0,0,0,0.9668
58.4165,-251.9023,0.0864,23.9287,20.0283,72.1020,20.0248,0.3750,2.7613,188.2481,9.5585,0.0772,0.3353,0.3099,0.1747,9.7999,4.4553,0.9580,0.0000,1,0,0,0,0,1.0594
58.4690,-252.0382,0.0864,22.8906,19.9481,71.8131,19.9442,0.3953,-1.5279,188.8615,11.6804,0.0889,0.3353,0.3099,0.1947,10.4638,12.6429,0.9580,0.0000,1,0,0,0,0,1.6486
58.5297,-252.2076,0.0864,21.6906,19.8679,71.5245,19.8633,0.4278,-1.3196,189.5487,11.3120,0.0968,0.3353,0.3099,0.2170,11.4368,16.0162,0.9580,0.0000,1,0,0,0,0,1.8412
58.5910,-252.3932,0.0864,20.4818,19.8680,71.5247,19.8622,0.4796,0.0011,190.4830,15.2444,0.1065,0.3353,0.3099,0.2438,12.7224,20.9765,0.9580,0.0000,1,0,0,0,0,2.3743
58.6429,-252.5627,0.0864,19.4613,20.0275,72.0989,20.0207,0.5220,3.0743,191.3276,16.2809,0.1085,0.3353,0.3099,0.2591,13.9476,23.6173,0.9580,0.0000,1,0,0,0,0,2.6075
58.6954,-252.7471,0.0864,18.4301,19.8679,71.5244,19.8604,0.5470,-3.0383,192.0241,13.2618,0.1085,0.3353,0.3099,0.2650,14.7683,15.6266,0.9580,0.0000,1,0,0,0,0,2.0179
58.7536,-252.9675,0.0864,17.2891,19.8680,71.5249,19.8597,0.5748,0.0022,193.0863,18.2451,0.1085,0.3353,0.3099,0.2689,15.4255,11.2886,0.9580,0.0000,1,0,0,0,0,2.0747
58.8084,-253.1905,0.0864,16.2205,20.0268,72.0965,20.0181,0.5905,2.8992,193.9821,16.3578,0.1065,0.3353,0.3099,0.2695,15.8171,7.1507,0.9580,0.0000,1,0,0,0,0,1.7483
58.8692,-253.4572,0.0864,15.0372,19.9476,71.8112,19.9391,0.5821,-1.3031,194.8484,14.2454,0.0948,0.3353,0.3099,0.2556,15.8562,0.6435,0.9580,0.0000,1,0,0,0,0,1.2649
58.9218,-253.7036,0.0864,14.0174,19.8680,71.5249,19.8599,0.5673,-1.5127,195.6524,15.2943,0.0831,0.3353,0.3099,0.2339,15.3144,10.3076,0.9580,0.0000,1,0,0,0,0,1.8506
58.9736,-253.9598,0.0864,13.0166,19.9476,71.8114,19.9403,0.5407,1.5353,196.2297,11.1405,0.0674,0.3353,0.3099,0.2087,14.4142,17.3709,0.9580,0.0000,1,0,0,0,0,1.9906
59.0302,-254.2544,0.0864,11.9273,19.9478,71.8120,19.9421,0.4776,0.0029,196.9527,12.7814,0.0499,0.3353,0.3099,0.1645,12.6575,31.0559,0.9580,0.0000,1,0,0,0,0,2.7945
59.0827,-254.5407,0.0864,10.9181,20.0279,72.1006,20.0235,0.4218,1.5253,197.3260,7.1023,0.0283,0.3353,0.3099,0.1267,10.7210,36.8433,0.9580,0.0000,1,0,0,0,0,2.7573
59.1438,-254.8860,0.0864,9.7496,20.0285,72.1026,20.0262,0.3026,0.0094,197.6360,5.0735,0.0010,0.3353,0.3099,0.0497,7.9209,45.8257,0.9580,0.0000,1,0,0,0,0,3.0544
59.2047,-255.2402,0.0864,8.5881,19.9484,71.8143,19.9474,0.1992,-1.3156,197.7151,1.2985,-0.0284,0.3353,0.3099,0.0023,4.7190,52.5910,0.9580,0.0000,1,0,0,0,0,3.1436
59.2582,-255.5568,0.0864,7.5698,19.8681,71.5250,19.8679,0.0806,-1.5039,197.5893,-2.3541,-0.0557,0.3353,0.3099,-0.0663,1.5312,59.6562,0.9580,0.0000,1,0,0,0,0,3.5059
59.3087,-255.8578,0.0864,6.6086,20.0294,72.1059,20.0294,0.0467,3.1950,197.2532,-6.6543,-0.0753,0.3353,0.3099,-0.1232,-1.9311,68.5563,0.9580,0.0000,1,0,0,0,0,4.2134
59.3666,-256.2023,0.0864,5.5045,19.9485,71.8147,19.9478,0.1735,-1.3951,196.7289,-9.0421,-0.0929,0.3353,0.3099,-0.1768,-5.4975,61.5080,0.9580,0.0000,1,0,0,0,0,4.0499
59.4223,-256.5283,0.0864,4.4431,19.8680,71.5247,19.8658,0.2939,-1.4477,196.0376,-12.4248,-0.1105,0.3353,0.3099,-0.2255,-8.8350,59.9864,0.9580,0.0000,1,0,0,0,0,4.2448
59.4728,-256.8172,0.0864,3.4788,19.9482,71.8136,19.9445,0.3843,1.5896,195.3767,-13.0892,-0.1242,0.3353,0.3099,-0.2611,-11.5083,52.9452,0.9580,0.0000,1,0,0,0,0,3.9576
59.5264,-257.1145,0.0864,2.4503,19.8680,71.5248,19.8619,0.4914,-1.4952,194.4175,-17.8763,-0.1378,0.3353,0.3099,-0.3032,-14.1477,49.1900,0.9580,0.0000,1,0,0,0,0,4.0969
59.5769,-257.3823,0.0864,1.4805,20.0271,72.0976,20.0185,0.5883,3.1549,193.3365,-21.4344,-0.1476,0.3353,0.3099,-0.3365,-16.5307,47.2505,0.9580,0.0000,1,0,0,0,0,4.2565
59.6378,-257.6866,0.0864,0.3042,19.9467,71.8083,19.9371,0.6205,-1.3192,192.1650,-19.2279,-0.1535,0.3353,0.3099,-0.3602,-18.8303,37.7436,0.9580,0.0000,1,0,0,0,0,3.6317
59.6887,-257.9208,0.0864,-0.6852,19.8679,71.5245,19.8581,0.6234,-1.5472,190.9304,-24.2336,-0.1554,0.3353,0.3099,-0.3755,-20.5051,32.8736,0.9580,0.0000,1,0,0,0,0,3.6433
59.7510,-258.1801,0.0864,-1.8997,20.0252,72.0907,20.0154,0.6270,2.5270,189.6576,-20.4479,-0.1574,0.3353,0.3099,-0.3854,-21.7103,19.3624,0.9580,0.0000,1,0,0,0,0,2.6813
59.8084,-258.3918,0.0864,-3.0237,20.0252,72.0907,20.0153,0.6299,0.0001,188.1031,-27.0911,-0.1574,0.3353,0.3099,-0.3906,-22.4594,13.0545,0.9580,0.0000,1,0,0,0,0,2.7021
59.8655,-258.5767,0.0864,-4.1490,19.9464,71.8072,19.9366,0.6277,-1.3775,186.7956,-22.8669,-0.1574,0.3353,0.3099,-0.3922,-23.0470,10.2755,0.9580,0.0000,1,0,0,0,0,2.3133
59.9254,-258.7419,0.0864,-5.3328,19.8680,71.5248,19.8581,0.6275,-1.3093,185.4852,-21.8723,-0.1574,0.3353,0.3099,-0.3929,-23.3243,4.6295,0.9580,0.0000,1,0,0,0,0,1.9461
59.9803,-258.8673,0.0864,-6.4192,20.0251,72.0902,20.0152,0.6287,2.8652,184.1747,-23.9065,-0.1574,0.3353,0.3099,-0.3933,-23.4591,2.4594,0.9580,0.0000,1,0,0,0,0,1.9357
60.0355,-258.9688,0.0864,-7.5153,19.9466,71.8078,19.9367,0.6301,-1.4209,182.8627,-23.7612,-0.1574,0.3353,0.3099,-0.3934,-23.5322,1.3238,0.9580,0.0000,1,0,0,0,0,1.8674
60.0869,-259.0412,0.0864,-8.5397,19.8681,71.5250,19.8581,0.6295,-1.5267,181.5482,-25.5486,-0.1574,0.3353,0.3099,-0.3934,-23.5655,0.6478,0.9580,0.0000,1,0,0,0,0,1.9306
60.1425,-259.0947,0.0864,-9.6454,20.0250,72.0899,20.0151,0.6287,2.8263,180.2363,-23.6295,-0.1574,0.3353,0.3099,-0.3935,-23.5866,0.3793,0.9580,0.0000,1,0,0,0,0,1.8047
60.2035,-259.1241,0.0864,-10.8623,19.9465,71.8074,19.9366,0.6281,-1.2854,178.9242,-21.4943,-0.1574,0.3353,0.3099,-0.3935,-23.5989,0.2017,0.9580,0.0000,1,0,0,0,0,1.6777
60.2628,-259.1233,0.0864,-12.0454,19.9466,71.8076,19.9367,0.6280,0.0007,177.3495,-26.5473,-0.1574,0.3353,0.3099,-0.3935,-23.6044,0.0920,0.9580,0.0000,1,0,0,0,0,1.9522
60.3252,-259.0911,0.0864,-13.2904,19.8680,71.5247,19.8581,0.6276,-1.2590,176.0366,-21.0335,-0.1574,0.3353,0.3099,-0.3935,-23.6069,0.0409,0.9580,0.0000,1,0,0,0,0,1.6446
60.3781,-259.0389,0.0864,-14.3431,20.0251,72.0905,20.0153,0.6287,2.9747,174.7250,-24.8231,-0.1574,0.3353,0.3099,-0.3935,-23.6083,0.0263,0.9580,0.0000,1,0,0,0,0,1.8515
60.4313,-258.9251,0.1099,-15.1208,1.3722,4.9398,0.2814,1.3430,-350.6716,170.2765,-83.6305,-0.1574,0.3353,0.3099,-0.3935,-23.6089,0.0104,0.9580,0.0000,1,0,0,1,0,44.3278
60.4882,-258.8813,0.1044,-15.1361,1.0243,3.6875,0.8677,0.5443,-6.1129,172.0218,30.6698,-0.1574,0.3353,0.3099,-0.3935,-23.6092,0.0064,0.9580,0.0000,1,0,0,0,0,9.6754
60.5504,-258.8491,0.0864,-15.1962,0.9220,3.3192,0.9059,0.1713,-1.6438,172.1428,1.9445,-0.1574,0.3353,0.3099,-0.3935,-23.6094,0.0024,0.9580,0.0000,1,0,0,0,0,2.8949
60.6051,-258.8353,0.0864,-15.2567,1.2960,4.6656,1.2947,0.0577,6.8412,171.8334,-5.6605,-0.1574,0.3353,0.3099,-0.3935,-23.6095,0.0013,0.9580,0.0000,1,0,0,0,0,0.9824
60.6561,-258.8199,0.0864,-15.3258,1.4545,5.2360,1.4508,0.1030,3.1043,171.3754,-8.9721,-0.1574,0.3353,0.3099,-0.3935,-23.6095,0.0007,0.9580,0.0000,1,0,0,0,0,1.5608
60.7071,-258.8017,0.0863,-15.3950,1.4465,5.2074,1.4407,0.1300,-0.1560,170.8735,-9.8407,-0.1574,0.3353,0.3099,-0.3935,-23.6095,0.0003,0.9580,0.0000,1,0,0,0,0,1.8946
60.7626,-258.7813,0.0864,-15.4748,1.4510,5.2235,1.4422,0.1596,0.0804,170.3746,-8.9903,-0.1554,0.3353,0.3099,-0.3921,-23.6095,0.0002,0.9580,0.0000,1,0,0,0,0,2.1489
60.8205,-258.7582,0.0864,-15.5611,1.6591,5.9729,1.6556,0.1080,3.5996,169.9603,-7.1626,-0.1535,0.3353,0.3099,-0.3887,-23.5297,1.3799,0.9580,0.0000,1,0,0,0,0,1.4510
60.8727,-258.7360,0.0863,-15.6432,1.6818,6.0544,1.6767,0.1302,0.4332,169.4648,-9.4902,-0.1515,0.3353,0.3099,-0.3839,-23.3630,3.1920,0.9580,0.0000,1,0,0,0,0,1.8655
60.9276,-258.7114,0.0864,-15.7350,1.8165,6.5394,1.8133,0.1081,2.4521,169.1186,-6.2994,-0.1496,0.3353,0.3099,-0.3790,-23.1019,4.7522,0.9580,0.0000,1,0,0,0,0,1.5064
60.9842,-258.6840,0.0864,-15.8334,1.9345,6.9643,1.9315,0.1075,2.0856,168.5605,-9.8614,-0.1476,0.3353,0.3099,-0.3739,-22.8578,4.3130,0.9580,0.0000,1,0,0,0,0,1.6206
61.0498,-258.6542,0.0860,-15.9418,1.4588,5.2516,1.4543,0.1137,-7.2543,168.0816,-7.3020,-0.1457,0.3353,0.3099,-0.3692,-22.5737,4.3327,0.9580,0.0000,1,0,0,0,0,1.8157
61.1088,-258.6315,0.0864,-16.0253,1.5658,5.6368,1.5650,0.0492,1.8120,167.6641,-7.0713,-0.1437,0.3353,0.3099,-0.3636,-22.2583,5.3416,0.9580,0.0000,1,0,0,0,0,1.1608
61.1659,-258.6105,0.0863,-16.1022,1.2360,4.4494,1.2339,0.0711,-5.7773,167.2447,-7.3468,-0.1437,0.3353,0.3099,-0.3612,-21.9782,4.9051,0.9580,0.0000,1,0,0,0,0,1.5431
61.2226,-258.5905,0.0863,-16.1751,1.2950,4.6620,1.2940,0.0508,1.0424,166.9002,-6.0798,-0.1417,0.3353,0.3099,-0.3581,-21.7924,3.2800,0.9580,0.0000,1,0,0,0,0,1.1089
61.2848,-258.5680,0.0864,-16.2572,1.4902,5.3646,1.4898,0.0323,3.1362,166.5039,-6.3683,-0.1398,0.3353,0.3099,-0.3538,-21.5780,3.4459,0.9580,0.0000,1,0,0,0,0,0.8702
61.3348,-258.5490,0.0864,-16.3260,1.5329,5.5185,1.5326,0.0317,0.8549,166.2272,-5.5333,-0.1339,0.3353,0.3099,-0.3476,-21.3382,4.7946,0.9580,0.0000,1,0,0,0,0,0.8838
61.3905,-258.5263,0.0864,-16.4067,1.5929,5.7343,1.5926,0.0304,1.0761,165.8835,-6.1704,-0.1281,0.3353,0.3099,-0.3362,-20.9201,7.5046,0.9580,0.0000,1,0,0,0,0,1.0464
61.4531,-258.4990,0.0863,-16.5028,1.6815,6.0533,1.6801,0.0684,1.4168,165.4450,-7.0109,-0.1183,0.3353,0.3099,-0.3160,-20.2339,10.9723,0.9580,0.0000,1,0,0,0,0,1.6090
61.5031,-258.4731,0.0863,-16.5905,1.8776,6.7593,1.8763,0.0682,3.9201,165.1736,-5.4257,-0.1105,0.3353,0.3099,-0.2994,-19.3570,17.5302,0.9580,0.0000,1,0,0,0,0,1.8200
61.5630,-258.4378,0.0864,-16.7088,2.1915,7.8894,2.1906,0.0606,5.2434,164.7916,-6.3800,-0.0968,0.3353,0.3099,-0.2676,-18.0759,21.3990,0.9580,0.0000,1,0,0,0,0,1.9577
61.6144,-258.4037,0.0864,-16.8249,2.5114,9.0409,2.5112,0.0285,6.2220,164.5966,-3.7943,-0.0870,0.3353,0.3099,-0.2466,-16.8048,24.7227,0.9580,0.0000,1,0,0,0,0,1.7547
61.6761,-258.3569,0.0864,-16.9890,2.9954,10.7833,2.9954,0.0061,7.8409,164.3185,-4.5048,-0.0772,0.3353,0.3099,-0.2173,-15.2378,25.3860,0.9580,0.0000,1,0,0,0,0,1.6913
61.7286,-258.3115,0.0864,-17.1494,3.3987,12.2355,3.3987,0.0028,7.6919,164.0989,-4.1877,-0.0694,0.3353,0.3099,-0.1954,-13.9326,24.8879,0.9580,0.0000,1,0,0,0,0,1.6278
61.7819,-258.2593,0.0864,-17.3320,3.7214,13.3972,3.7214,0.0072,6.0537,163.9304,-3.1613,-0.0655,0.3353,0.3099,-0.1820,-12.6435,24.1827,0.9580,0.0000,1,0,0,0,0,1.5483
61.8352,-258.2010,0.0864,-17.5347,4.1249,14.8495,4.1248,0.0110,7.5570,163.7257,-3.8336,-0.0616,0.3353,0.3099,-0.1682,-11.5248,20.9566,0.9580,0.0000,1,0,0,0,0,1.4172
61.8964,-258.1263,0.0864,-17.7910,4.6088,16.5917,4.6088,0.0144,7.9167,163.4855,-3.9304,-0.0596,0.3353,0.3099,-0.1572,-10.5916,15.2654,0.9580,0.0000,1,0,0,0,0,1.1134
61.9494,-258.0546,0.0864,-18.0342,5.0122,18.0440,5.0122,0.0172,7.6040,163.2849,-3.7794,-0.0596,0.3353,0.3099,-0.1526,-9.9271,12.5261,0.9580,0.0000,1,0,0,0,0,0.9573
62.0067,-257.9697,0.0864,-18.3189,5.4156,19.4960,5.4155,0.0201,7.0385,163.0816,-3.5489,-0.0577,0.3353,0.3099,-0.1482,-9.4951,7.5396,0.9580,0.0000,1,0,0,0,0,0.6717
62.0626,-257.8793,0.0864,-18.6181,5.8189,20.9482,5.8189,0.0232,7.2195,162.8745,-3.7053,-0.0577,0.3353,0.3099,-0.1459,-9.1410,6.3372,0.9580,0.0000,1,0,0,0,0,0.6177
62.1201,-257.7784,0.0864,-18.9484,6.2222,22.4001,6.2222,0.0266,7.0133,162.6615,-3.7041,-0.0577,0.3353,0.3099,-0.1450,-8.9146,3.9359,0.9580,0.0000,1,0,0,0,0,0.4887
62.1705,-257.6831,0.0864,-19.2564,6.5449,23.5617,6.5448,0.0297,6.4021,162.4860,-3.4817,-0.0577,0.3353,0.3099,-0.1446,-8.8154,1.9680,0.9580,0.0000,1,0,0,0,0,0.3709
62.2293,-257.5636,0.0864,-19.6378,7.0279,25.3006,7.0279,0.0346,8.2121,162.2140,-4.6255,-0.0577,0.3333,0.3099,-0.1444,-8.7362,1.3474,0.9560,0.0000,1,0,0,0,0,0.4056
62.2891,-257.4331,0.0864,-20.0491,7.4278,26.7399,7.4276,0.0441,6.6932,161.9805,-3.9093,-0.0577,0.3333,0.3099,-0.1443,-8.6950,0.6900,0.9541,0.0000,1,0,0,0,0,0.3446
62.3469,-257.2982,0.0864,-20.4703,7.8261,28.1738,7.8259,0.0544,6.8847,161.7371,-4.2063,-0.0577,0.3333,0.3099,-0.1443,-8.6734,0.3728,0.9532,0.0000,1,0,0,0,0,0.3586
62.4005,-257.1650,0.0864,-20.8807,8.2236,29.6050,8.2234,0.0624,7.4148,161.4861,-4.6810,-0.0577,0.3333,0.3099,-0.1442,-8.6640,0.1761,0.9528,0.0000,1,0,0,0,0,0.3836
62.4542,-257.0237,0.0864,-21.3106,8.6208,31.0348,8.6205,0.0693,7.3969,161.2274,-4.8176,-0.0577,0.3333,0.3099,-0.1442,-8.6597,0.0788,0.9525,0.0000,1,0,0,0,0,0.3925
62.5068,-256.8774,0.0864,-21.7497,9.0177,32.4639,9.0174,0.0756,7.5558,160.9610,-5.0714,-0.0577,0.3333,0.3099,-0.1442,-8.6569,0.0547,0.9524,0.0000,1,0,0,0,0,0.4106
62.5770,-256.6686,0.0864,-22.3652,9.4941,34.1789,9.4938,0.0735,6.7797,160.6368,-4.6141,-0.0557,0.3333,0.3099,-0.1411,-8.6186,0.5440,0.9524,0.0000,1,0,0,0,0,0.4027
62.6370,-256.4781,0.0864,-22.9159,9.8910,35.6077,9.8907,0.0751,6.6155,160.3615,-4.5883,-0.0557,0.3333,0.3099,-0.1401,-8.5033,1.9219,0.9524,0.0000,1,0,0,0,0,0.4756
62.6882,-256.3064,0.0864,-23.4045,10.2878,37.0362,10.2875,0.0785,7.7485,160.0799,-5.4984,-0.0557,0.3333,0.3099,-0.1397,-8.4447,1.1459,0.9523,0.0000,1,0,0,0,0,0.4836
62.7439,-256.1099,0.0864,-23.9551,10.6848,38.4653,10.6845,0.0832,7.1256,159.7914,-5.1794,-0.0557,0.3333,0.3099,-0.1395,-8.4098,0.6265,0.9523,0.0000,1,0,0,0,0,0.4394
62.7982,-255.9088,0.0864,-24.5103,11.0816,39.8937,11.0812,0.0887,7.3153,159.4956,-5.4534,-0.0557,0.3333,0.3099,-0.1394,-8.3883,0.3956,0.9523,0.0000,1,0,0,0,0,0.4450
62.8515,-255.7012,0.0864,-25.0748,11.4784,41.3223,11.4780,0.0947,7.4375,159.1925,-5.6818,-0.0557,0.3333,0.3099,-0.1394,-8.3760,0.2296,0.9523,0.0000,1,0,0,0,0,0.4522
62.9032,-255.4907,0.0864,-25.6389,11.7958,42.4650,11.7954,0.1000,6.1393,158.9446,-4.7939,-0.0557,0.3333,0.3099,-0.1394,-8.3705,0.1072,0.9523,0.0000,1,0,0,0,0,0.3994
62.9641,-255.2308,0.0864,-26.3244,12.2720,44.1791,12.2715,0.1081,7.8273,158.5639,-6.2591,-0.0557,0.3333,0.3099,-0.1394,-8.3652,0.0872,0.9523,0.0000,1,0,0,0,0,0.4847
63.0204,-254.9781,0.0864,-26.9797,12.6687,45.6072,12.6682,0.1152,7.0427,158.2384,-5.7792,-0.0557,0.3333,0.3099,-0.1394,-8.3632,0.0348,0.9523,0.0000,1,0,0,0,0,0.4594
63.0722,-254.7354,0.0864,-27.5992,13.0654,47.0353,13.0648,0.1225,7.6637,157.9053,-6.4335,-0.0557,0.3333,0.3099,-0.1394,-8.3622,0.0197,0.9523,0.0000,1,0,0,0,0,0.4991
63.1295,-254.4545,0.0864,-28.3047,13.4621,48.4634,13.4614,0.1301,6.9201,157.5649,-5.9388,-0.0557,0.3333,0.3099,-0.1394,-8.3617,0.0090,0.9523,0.0000,1,0,0,0,0,0.4754
63.1810,-254.1910,0.0864,-28.9560,13.7794,49.6057,13.7787,0.1365,6.1562,157.2871,-5.3894,-0.0557,0.3333,0.3099,-0.1394,-8.3615,0.0047,0.9523,0.0000,1,0,0,0,0,0.4483
63.2382,-253.8861,0.0864,-29.6972,14.2553,51.3189,14.2545,0.1460,8.3262,156.8615,-7.4458,-0.0557,0.3333,0.3099,-0.1394,-8.3613,0.0025,0.9523,0.0000,1,0,0,0,0,0.5674
63.2892,-253.6023,0.0864,-30.3759,14.5724,52.4607,14.5716,0.1527,6.2125,156.5718,-5.6747,-0.0557,0.3333,0.3099,-0.1394,-8.3613,0.0013,0.9523,0.0000,1,0,0,0,0,0.4725
63.3398,-253.3104,0.0864,-31.0634,14.9689,53.8882,14.9681,0.1610,7.8414,156.2030,-7.2945,-0.0557,0.3333,0.3099,-0.1394,-8.3612,0.0006,0.9523,0.0000,1,0,0,0,0,0.5667
63.3924,-252.9952,0.0864,-31.7938,15.3654,55.3153,15.3644,0.1696,7.5445,155.8267,-7.1619,-0.0557,0.3333,0.3099,-0.1394,-8.3612,0.0003,0.9523,0.0000,1,0,0,0,0,0.5635
63.4497,-252.6371,0.0864,-32.6096,15.7618,56.7424,15.7608,0.1785,6.9113,155.4429,-6.6906,-0.0557,0.3333,0.3099,-0.1394,-8.3612,0.0002,0.9523,0.0000,1,0,0,0,0,0.5416
63.5003,-252.3085,0.0864,-33.3457,16.0788,57.8836,16.0777,0.1859,6.2603,155.1305,-6.1686,-0.0557,0.3333,0.3099,-0.1394,-8.3612,0.0001,0.9523,0.0000,1,0,0,0,0,0.5161
63.5569,-251.9275,0.0864,-34.1847,16.4751,59.3103,16.4739,0.1952,7.0110,154.7333,-7.0271,-0.0557,0.3333,0.3099,-0.1394,-8.3612,0.0000,0.9523,0.0000,1,0,0,0,0,0.5681
63.6188,-251.4923,0.0864,-35.1249,16.9505,61.0217,16.9492,0.2061,7.6738,154.2480,-7.8340,-0.0538,0.3333,0.3099,-0.1380,-8.3567,0.0724,0.9523,0.0000,1,0,0,0,0,0.6216
63.6826,-251.0248,0.0864,-36.1149,17.4259,62.7334,17.4246,0.2154,7.4570,153.7609,-7.6396,-0.0538,0.3333,0.3099,-0.1357,-8.2774,1.2431,0.9523,0.0000,1,0,0,0,0,0.6789
63.7376,-250.6049,0.0864,-36.9872,17.8221,64.1596,17.8207,0.2234,7.2008,153.3506,-7.4575,-0.0538,0.3333,0.3099,-0.1350,-8.1938,1.5200,0.9523,0.0000,1,0,0,0,0,0.6868
63.7887,-250.2012,0.0864,-37.8115,18.1389,65.3000,18.1374,0.2296,6.2044,153.0207,-6.4616,-0.0518,0.3333,0.3099,-0.1328,-8.1281,1.2862,0.9523,0.0000,1,0,0,0,0,0.6203
63.8395,-249.7857,0.0864,-38.6462,18.5349,66.7257,18.5334,0.2363,7.7880,152.6087,-8.1014,-0.0518,0.3333,0.3099,-0.1310,-8.0284,1.9619,0.9523,0.0000,1,0,0,0,0,0.7503
63.9014,-249.2616,0.0864,-39.6803,18.9309,68.1512,18.9293,0.2438,6.4008,152.1933,-6.7149,-0.0518,0.3333,0.3099,-0.1302,-7.9212,1.7325,0.9523,0.0000,1,0,0,0,0,0.6625
63.9602,-248.7444,0.0864,-40.6815,19.4061,69.8619,19.4044,0.2536,8.0843,151.6876,-8.6038,-0.0518,0.3333,0.3099,-0.1298,-7.8549,1.1271,0.9523,0.0000,1,0,0,0,0,0.7366
64.0163,-248.2322,0.0864,-41.6549,19.7997,71.2791,19.7980,0.2626,7.0080,151.2594,-7.6235,-0.0518,0.3236,0.3099,-0.1297,-7.8167,0.6803,0.9461,0.0000,1,0,0,0,0,0.6603
64.0736,-247.6934,0.0864,-42.6607,19.9409,71.7873,19.9391,0.2668,2.4635,150.8404,-7.3109,-0.0499,0.3197,0.2786,-0.1268,-7.7539,1.0957,0.9241,0.0000,1,0,0,0,0,0.6678
64.1384,-247.0787,0.0864,-43.7870,19.0872,68.7140,19.0855,0.2555,-13.1827,150.3415,-7.7041,-0.0499,0.3333,-0.6500,-0.1255,-7.6550,1.5273,0.9320,0.2458,1,0,0,0,0,1.9428
64.1923,-246.6223,0.0864,-44.6081,14.7089,52.9522,14.7078,0.1845,-81.1927,149.9652,-6.9791,-0.0499,-0.1437,-0.9550,-0.1250,-7.5797,1.3972,0.8167,0.6363,1,0,0,0,0,3.8350
64.2442,-246.3016,0.0864,-45.1758,10.3349,37.2056,10.3343,0.1127,-84.3485,149.7475,-4.1971,-0.0499,-0.2551,-0.9941,-0.1249,-7.5401,0.7641,0.4611,0.8163,1,1,0,0,0,24.5205
64.3068,-246.0686,0.0864,-45.5821,5.1758,18.6328,5.1756,0.0387,-82.3748,149.5521,-3.1200,-0.0499,-0.8162,-1.0000,-0.1248,-7.5129,0.4339,0.1956,0.9380,1,1,0,0,0,24.9993
64.3675,-245.9562,0.0864,-45.7755,2.5214,9.0771,2.5214,0.0107,-43.7018,149.4696,-1.3586,-0.0499,-0.9687,-1.0000,-0.1247,-7.4975,0.2528,0.0957,0.9750,1,1,0,0,0,25.0285
64.4261,-245.9116,0.0864,-45.8514,0.7115,2.5616,0.7115,0.0009,-30.8926,149.4247,-0.7657,-0.0499,-0.9883,-1.0000,-0.1247,-7.4901,0.1275,0.0406,0.9916,1,0,0,0,0,5.0263
64.4812,-245.9023,0.0864,-45.8668,0.0001,0.0005,0.0000,0.0001,-12.9077,149.4129,-0.2137,-0.0499,-0.9883,-1.0000,-0.1247,-7.4861,0.0730,0.0199,0.9966,1,0,0,0,0,4.9991
64.5331,-245.9023,0.0864,-45.8668,0.0000,0.0001,0.0000,0.0000,-0.0022,149.4120,-0.0177,-0.0499,-0.9883,-1.0000,-0.1247,-7.4844,0.0319,0.0112,0.9984,1,0,0,0,0,4.9946
64.5904,-245.9023,0.0864,-45.8668,0.0000,0.0002,0.0000,0.0000,0.0003,149.4116,-0.0080,-0.0499,-0.9883,-1.0000,-0.1247,-7.4833,0.0195,0.0055,0.9993,1,0,0,0,0,4.9983
64.6415,-245.9023,0.0864,-45.8668,0.0001,0.0002,0.0000,0.0000,0.0002,149.4115,-0.0006,-0.0499,-0.9883,-1.0000,-0.1247,-7.4828,0.0093,0.0027,0.9997,1,0,0,0,0,4.9992
64.7021,-245.9023,0.0864,-45.8668,0.0001,0.0002,0.0000,0.0000,0.0001,149.4117,0.0020,-0.0499,-0.9883,-1.0000,-0.1247,-7.4825,0.0045,0.0011,0.9999,1,0,0,0,0,4.9999
64.7522,-245.9023,0.0864,-45.8668,0.0001,0.0002,0.0000,0.0000,0.0000,149.4118,0.0030,-0.0479,-0.0146,-1.0000,-0.1223,-7.4531,0.5870,0.0006,1.0000,1,0,0,0,0,5.0326
64.8048,-245.9023,0.0864,-45.8668,0.0002,0.0008,-0.0001,0.0002,0.0030,149.4059,-0.1130,-0.0479,0.1633,-1.0000,-0.1209,-7.3794,1.4000,0.1562,1.0000,1,0,0,0,0,5.0840
64.8652,-245.9023,0.0864,-45.8668,0.0008,0.0030,0.0001,0.0008,0.0104,149.3780,-0.4610,-0.0479,0.2884,-1.0000,-0.1203,-7.3011,1.2972,0.4392,1.0000,1,0,0,0,0,5.0976
64.9171,-245.9020,0.0864,-45.8670,0.0300,0.1079,0.0300,0.0012,0.5612,149.3241,-1.0394,-0.0479,0.3275,-1.0000,-0.1200,-7.2584,0.8222,0.6819,1.0000,1,0,0,0,0,5.1034
64.9733,-245.8990,0.0864,-45.8717,0.1827,0.6578,0.1827,0.0017,2.7202,149.2574,-1.1864,-0.0459,0.3373,-1.0000,-0.1191,-7.2244,0.6051,0.8249,1.0000,1,0,0,0,0,5.0995
65.0344,-245.8902,0.0864,-45.8860,0.3504,1.2613,0.3504,0.0020,2.7404,149.1820,-1.2337,-0.0459,0.3373,-1.0000,-0.1167,-7.1375,1.4209,0.8957,1.0000,1,0,0,0,0,5.1475
65.0884,-245.8781,0.0864,-45.9059,0.4838,1.7419,0.4838,0.0022,2.4723,149.1014,-1.4922,-0.0459,0.3373,-1.0000,-0.1157,-7.0540,1.5470,0.9304,1.0000,1,0,0,0,0,5.1688
65.1389,-245.8641,0.0864,-45.9290,0.5780,2.0808,0.5780,0.0023,1.8666,149.0190,-1.6342,-0.0440,0.3373,-1.0000,-0.1124,-6.9439,2.1828,0.9473,1.0000,1,0,0,0,0,5.2718
65.1998,-245.8447,0.0864,-45.9608,0.6398,2.3034,0.6398,0.0023,1.0148,148.9359,-1.3630,-0.0440,0.3373,-1.0000,-0.1110,-6.8154,2.1087,0.9556,1.0000,1,0,0,0,0,5.2476
65.2621,-245.8231,0.0864,-45.9962,0.6847,2.4649,0.6847,0.0024,0.7201,148.8356,-1.6114,-0.0420,0.3373,-1.0000,-0.1096,-6.7193,1.5425,0.9602,1.0000,1,0,0,0,0,5.2268
65.3122,-245.8049,0.0864,-46.0259,0.7029,2.5305,0.7029,0.0024,0.3638,148.7695,-1.3177,-0.0420,0.3373,-1.0000,-0.1074,-6.6200,1.9816,0.9617,1.0000,1,0,0,0,0,5.2337
65.3697,-245.7834,0.0864,-46.0608,0.7196,2.5905,0.7196,0.0024,0.2898,148.6714,-1.7056,-0.0420,0.3373,-1.0000,-0.1059,-6.4944,2.1850,0.9628,1.0000,1,0,0,0,0,5.2658
65.4222,-245.7635,0.0864,-46.0931,0.7259,2.6134,0.7259,0.0024,0.1212,148.6064,-1.2405,-0.0420,0.3373,-1.0000,-0.1055,-6.4191,1.4343,0.9631,1.0000,1,0,0,0,0,5.1978
65.4822,-245.7405,0.0864,-46.1304,0.7319,2.6348,0.7319,0.0024,0.0991,148.5091,-1.6189,-0.0401,0.3373,-1.0000,-0.1039,-6.3744,0.7444,0.9634,1.0000,1,0,0,0,0,5.1803
65.5358,-245.7198,0.0864,-46.1638,0.7343,2.6436,0.7343,0.0024,0.0455,148.4299,-1.4799,-0.0401,0.3373,-1.0000,-0.1018,-6.2786,1.7884,0.9635,1.0000,1,0,0,0,0,5.2307
65.5940,-245.6972,0.0864,-46.2001,0.7359,2.6494,0.7359,0.0024,0.0276,148.3516,-1.3456,-0.0401,0.3373,-1.0000,-0.1009,-6.1698,1.8700,0.9635,1.0000,1,0,0,0,0,5.2278
65.6548,-245.6735,0.0864,-46.2381,0.7368,2.6526,0.7368,0.0024,0.0145,148.2736,-1.2815,-0.0401,0.3373,-1.0000,-0.1005,-6.1006,1.1379,0.9636,1.0000,1,0,0,0,0,5.1835
65.7067,-245.6532,0.0864,-46.2705,0.7373,2.6544,0.7373,0.0024,0.0099,148.1959,-1.4975,-0.0401,0.3373,-1.0000,-0.1003,-6.0637,0.7103,0.9636,1.0000,1,0,0,0,0,5.1718
65.7638,-245.6309,0.0864,-46.3061,0.7376,2.6554,0.7376,0.0024,0.0050,148.1198,-1.3340,-0.0362,0.3373,-1.0000,-0.0961,-5.9809,1.4524,0.9636,1.0000,1,0,0,0,0,5.2042
65.8259,-245.6064,0.0864,-46.3449,0.7378,2.6560,0.7378,0.0025,0.0027,148.0333,-1.3934,-0.0342,0.3373,-1.0000,-0.0901,-5.7780,3.2658,0.9636,1.0000,1,0,0,0,0,5.3090
65.8768,-245.5864,0.0864,-46.3766,0.7378,2.6561,0.7378,0.0025,0.0006,147.9790,-1.0663,-0.0303,0.3373,-1.0000,-0.0847,-5.5340,4.7950,0.9636,1.0000,1,0,0,0,0,5.3762
65.9268,-245.5669,0.0864,-46.4074,0.6804,2.4496,0.6804,0.0026,-1.1472,147.9186,-1.2081,-0.0284,0.1242,-1.0000,-0.0777,-5.2381,5.9163,0.7948,1.0000,1,0,0,0,0,5.4521
65.9933,-245.5459,0.0864,-46.4405,0.5185,1.8668,0.5185,0.0025,-2.4328,147.8629,-0.8379,-0.0225,0.3118,-1.0000,-0.0669,-4.8152,6.3549,0.7995,1.0000,1,0,0,0,0,5.4722
66.0536,-245.5293,0.0864,-46.4665,0.5163,1.8588,0.5163,0.0025,-0.0366,147.8193,-0.7227,-0.0225,0.3353,-1.0000,-0.0608,-4.2500,9.3737,0.8763,1.0000,1,0,0,0,0,5.6329
66.1105,-245.5127,0.0864,-46.4924,0.5632,2.0277,0.5632,0.0026,0.8245,147.7827,-0.6432,-0.0186,0.3353,-1.0000,-0.0350,-3.5032,13.1252,0.9180,1.0000,1,0,0,0,0,5.8333
66.1633,-245.4958,0.0864,-46.5187,0.6132,2.2075,0.6132,0.0027,0.9454,147.7634,-0.3656,-0.0166,0.3353,-1.0000,-0.0151,-2.4624,19.7000,0.9384,1.0000,1,0,0,0,0,6.1813
66.2253,-245.4745,0.0864,-46.5520,0.6589,2.3719,0.6588,0.0029,0.7368,147.7507,-0.2039,-0.0166,0.3353,-1.0000,-0.0055,-1.4803,15.8498,0.9497,1.0000,1,0,0,0,0,5.9568
66.2817,-245.4541,0.0864,-46.5839,0.6844,2.4638,0.6844,0.0029,0.4530,147.7440,-0.1191,-0.0166,0.3353,-1.0000,-0.0023,-0.8113,11.8652,0.9539,1.0000,1,0,0,0,0,5.7297
66.3341,-245.4346,0.0864,-46.6144,0.7009,2.5233,0.7009,0.0030,0.3157,147.7386,-0.1037,-0.0166,0.3353,-1.0000,-0.0010,-0.4594,6.7179,0.9560,1.0000,1,0,0,0,0,5.4422
66.3870,-245.4145,0.0864,-46.6459,0.7096,2.5545,0.7096,0.0030,0.1638,147.7347,-0.0738,-0.0166,0.3353,-1.0000,-0.0005,-0.2705,3.5708,0.9569,1.0000,1,0,0,0,0,5.2651
66.4463,-245.3917,0.0864,-46.6815,0.7176,2.5835,0.7176,0.0030,0.1359,147.7292,-0.0927,-0.0166,0.3353,-1.0000,-0.0002,-0.1367,2.2561,0.9575,1.0000,1,0,0,0,0,5.1929
66.5053,-245.3688,0.0864,-46.7173,0.7215,2.5972,0.7215,0.0030,0.0645,147.7247,-0.0754,-0.0166,0.3353,-1.0000,-0.0001,-0.0744,1.0559,0.9578,1.0000,1,0,0,0,0,5.1251
66.5555,-245.3493,0.0864,-46.7478,0.7234,2.6042,0.7234,0.0030,0.0387,147.7213,-0.0694,-0.0166,0.3353,-1.0000,0.0000,-0.0350,0.7859,0.9579,1.0000,1,0,0,0,0,5.1095
66.6184,-245.3247,0.0864,-46.7862,0.7233,2.6039,0.7233,0.0030,-0.0015,147.7160,-0.0834,-0.0166,0.3255,-1.0000,0.0000,-0.0176,0.2754,0.9523,1.0000,1,0,0,0,0,5.0821
66.6732,-245.3038,0.0864,-46.8189,0.6689,2.4080,0.6689,0.0030,-0.9931,147.7116,-0.0802,-0.0166,-0.1867,-1.0000,0.0000,-0.0084,0.1683,0.7885,1.0000,1,0,0,0,0,5.0803
66.7232,-245.2897,0.0864,-46.8408,0.3380,1.2169,0.3380,0.0025,-6.6140,147.7073,-0.0878,-0.0166,0.1945,-1.0000,0.0000,-0.0045,0.0775,0.5141,1.0000,1,0,0,0,0,5.0092
66.7739,-245.2824,0.0864,-46.8520,0.2069,0.7447,0.2069,0.0020,-2.5849,147.7038,-0.0692,-0.0166,0.3099,-1.0000,0.0000,-0.0024,0.0417,0.6366,1.0000,1,0,0,0,0,5.0062
66.8363,-245.2750,0.0864,-46.8634,0.2663,0.9586,0.2663,0.0020,0.9528,147.6985,-0.0851,-0.0166,0.3353,-1.0000,0.0000,-0.0012,0.0200,0.8129,1.0000,1,0,0,0,0,5.0058
66.8951,-245.2646,0.0864,-46.8795,0.3882,1.3974,0.3881,0.0023,2.0714,147.6941,-0.0747,-0.0166,0.3353,-1.0000,0.0000,-0.0006,0.0104,0.8870,1.0000,1,0,0,0,0,5.0047
66.9553,-245.2499,0.0864,-46.9023,0.5169,1.8607,0.5169,0.0026,2.1405,147.6888,-0.0873,-0.0166,0.3353,-1.0000,0.0000,-0.0003,0.0050,0.9279,1.0000,1,0,0,0,0,5.0811
67.0055,-245.2351,0.0864,-46.9254,0.5799,2.0877,0.5799,0.0027,1.2552,147.6853,-0.0692,-0.0166,0.3353,-1.0000,0.0000,-0.0001,0.0024,0.9410,1.0000,1,0,0,0,0,5.0748
67.0660,-245.2151,0.0864,-46.9565,0.6355,2.2880,0.6355,0.0028,0.9201,147.6810,-0.0727,-0.0166,0.3353,-1.0000,0.0000,-0.0001,0.0013,0.9497,1.0000,1,0,0,0,0,5.0711
67.1209,-245.1956,0.0864,-46.9870,0.6714,2.4170,0.6714,0.0029,0.6524,147.6766,-0.0789,-0.0186,0.3353,-1.0000,0.0000,0.0000,0.0006,0.9539,1.0000,1,0,0,0,0,5.0693
67.1817,-245.1730,0.0864,-47.0221,0.6970,2.5092,0.6970,0.0028,0.4209,147.6526,-0.3943,-0.0206,0.3353,-1.0000,-0.0327,-0.5860,9.6322,0.9563,1.0000,1,0,0,0,0,5.6177
67.2341,-245.1532,0.0864,-47.0531,0.7092,2.5532,0.7092,0.0028,0.2338,147.6194,-0.6356,-0.0225,0.3353,-1.0000,-0.0441,-1.4218,15.9681,0.9572,1.0000,1,0,0,0,0,5.9808
67.2930,-245.1305,0.0864,-47.0884,0.7166,2.5798,0.7166,0.0027,0.1253,147.5797,-0.6727,-0.0225,0.3353,-1.0000,-0.0510,-2.1603,12.5322,0.9576,1.0000,1,0,0,0,0,5.7904
67.3511,-245.1079,0.0864,-47.1236,0.7209,2.5952,0.7209,0.0027,0.0735,147.5355,-0.7616,-0.0264,0.3353,-1.0000,-0.0576,-2.7621,10.3571,0.9578,1.0000,1,0,0,0,0,5.6734
67.4021,-245.0880,0.0864,-47.1545,0.7234,2.6043,0.7234,0.0026,0.0499,147.4865,-0.9618,-0.0284,0.3353,-1.0000,-0.0643,-3.1765,8.1334,0.9579,1.0000,1,0,0,0,0,5.5601
67.4556,-245.0669,0.0864,-47.1871,0.7248,2.6092,0.7248,0.0026,0.0255,147.4336,-0.9872,-0.0284,0.3353,-1.0000,-0.0681,-3.5472,6.9190,0.9580,1.0000,1,0,0,0,0,5.4934
67.5135,-245.0441,0.0864,-47.2223,0.7257,2.6124,0.7257,0.0026,0.0153,147.3780,-0.9593,-0.0303,0.3353,-1.0000,-0.0721,-3.8995,6.0839,0.9580,1.0000,1,0,0,0,0,5.4449
67.5673,-245.0229,0.0864,-47.2551,0.7262,2.6142,0.7261,0.0026,0.0089,147.3197,-1.0856,-0.0323,0.3353,-1.0000,-0.0761,-4.1748,5.1232,0.9580,1.0000,1,0,0,0,0,5.3981
67.6206,-245.0018,0.0864,-47.2876,0.7265,2.6153,0.7265,0.0025,0.0059,147.2711,-0.9117,-0.0323,0.3353,-1.0000,-0.0784,-4.3963,4.1533,0.9580,1.0000,1,0,0,0,0,5.3340
67.6711,-244.9818,0.0864,-47.3183,0.7265,2.6155,0.7265,0.0025,0.0012,147.2092,-1.2252,-0.0323,0.3353,-1.0000,-0.0797,-4.5580,3.2010,0.9580,1.0000,1,0,0,0,0,5.2984
67.7326,-244.9574,0.0864,-47.3558,0.7267,2.6160,0.7267,0.0025,0.0021,147.1342,-1.2191,-0.0323,0.3353,-1.0000,-0.0803,-4.6921,2.1794,0.9580,1.0000,1,0,0,0,0,5.2412
67.7903,-244.9345,0.0864,-47.3908,0.7267,2.6163,0.7267,0.0025,0.0014,147.0714,-1.0881,-0.0323,0.3353,-1.0000,-0.0805,-4.7649,1.2620,0.9580,1.0000,1,0,0,0,0,5.1829
67.8511,-244.9102,0.0864,-47.4278,0.7267,2.6163,0.7267,0.0025,0.0000,147.0085,-1.0340,-0.0323,0.3353,-1.0000,-0.0806,-4.8012,0.5980,0.9580,1.0000,1,0,0,0,0,5.1429
67.9041,-244.8891,0.0864,-47.4599,0.7267,2.6163,0.7267,0.0025,-0.0001,146.9456,-1.1890,-0.0323,0.3353,-1.0000,-0.0807,-4.8192,0.3389,0.9580,1.0000,1,0,0,0,0,5.1372
67.9615,-244.8661,0.0864,-47.4948,0.7268,2.6166,0.7268,0.0025,0.0017,146.8826,-1.0952,-0.0323,0.3353,-1.0000,-0.0807,-4.8304,0.1957,0.9580,1.0000,1,0,0,0,0,5.1239
68.0152,-244.8446,0.0864,-47.5274,0.7269,2.6168,0.7269,0.0025,0.0010,146.8197,-1.1718,-0.0323,0.3353,-0.9941,-0.0807,-4.8351,0.0876,0.9580,0.9990,1,0,0,0,0,5.1173
68.0709,-244.8223,0.0864,-47.5611,0.7272,2.6178,0.7272,0.0025,0.0049,146.7567,-1.1308,-0.0323,0.3353,-1.0000,-0.0807,-4.8381,0.0543,0.9580,0.9993,1,0,0,0,0,5.1145
68.1247,-244.8007,0.0864,-47.5937,0.7271,2.6176,0.7271,0.0025,-0.0009,146.6938,-1.1699,-0.0323,0.3353,-1.0000,-0.0807,-4.8394,0.0234,0.9580,0.9997,1,0,0,0,0,5.1172
68.1818,-244.7777,0.0864,-47.6283,0.7270,2.6170,0.7269,0.0025,-0.0028,146.6308,-1.1027,-0.0323,0.3353,-1.0000,-0.0807,-4.8402,0.0136,0.9580,0.9999,1,0,0,0,0,5.1137
68.2392,-244.7545,0.0864,-47.6630,0.7270,2.6171,0.7270,0.0025,0.0004,146.5679,-1.0961,-0.0323,0.3353,-1.0000,-0.0807,-4.8406,0.0070,0.9580,1.0000,1,0,0,0,0,5.1133
68.2893,-244.7343,0.0864,-47.6933,0.7269,2.6168,0.7269,0.0025,-0.0018,146.5050,-1.2546,-0.0323,0.3353,-1.0000,-0.0807,-4.8407,0.0032,0.9580,1.0000,1,0,0,0,0,5.1221
68.3408,-244.7135,0.0864,-47.7244,0.7269,2.6169,0.7269,0.0025,0.0006,146.4547,-0.9789,-0.0323,0.3353,-1.0000,-0.0807,-4.8408,0.0016,0.9580,1.0000,1,0,0,0,0,5.1066
68.3987,-244.6900,0.0864,-47.7593,0.7269,2.6167,0.7269,0.0025,-0.0010,146.3791,-1.3035,-0.0323,0.3353,-1.0000,-0.0807,-4.8409,0.0009,0.9580,1.0000,1,0,0,0,0,5.1248
68.4513,-244.6687,0.0864,-47.7910,0.7268,2.6166,0.7268,0.0025,-0.0006,146.3288,-0.9586,-0.0323,0.3353,-1.0000,-0.0807,-4.8409,0.0004,0.9580,1.0000,1,0,0,0,0,5.1055
68.5114,-244.6442,0.0864,-47.8272,0.7268,2.6166,0.7268,0.0025,-0.0002,146.2533,-1.2557,-0.0323,0.3353,-1.0000,-0.0807,-4.8409,0.0002,0.9580,1.0000,1,0,0,0,0,5.1221
68.5714,-244.6198,0.0864,-47.8634,0.7269,2.6168,0.7269,0.0025,0.0011,146.1903,-1.0483,-0.0323,0.3353,-1.0000,-0.0807,-4.8409,0.0001,0.9580,1.0000,1,0,0,0,0,5.1105
68.6223,-244.5990,0.0864,-47.8940,0.7268,2.6166,0.7268,0.0025,-0.0009,146.1274,-1.2355,-0.0323,0.3353,-1.0000,-0.0807,-4.8409,0.0001,0.9580,1.0000,1,0,0,0,0,5.1210
68.6777,-244.5764,0.0864,-47.9273,0.7268,2.6165,0.7268,0.0025,-0.0005,146.0645,-1.1370,-0.0323,0.3353,-1.0000,-0.0807,-4.8409,0.0000,0.9580,1.0000,1,0,0,0,0,5.1155
68.7352,-244.5529,0.0864,-47.9618,0.7269,2.6169,0.7269,0.0025,0.0018,146.0015,-1.0944,-0.0323,0.3353,-1.0000,-0.0807,-4.8409,0.0000,0.9580,1.0000,1,0,0,0,0,5.1131
68.7875,-244.5315,0.0864,-47.9932,0.7267,2.6163,0.7267,0.0025,-0.0033,145.9386,-1.2025,-0.0323,0.3353,-1.0000,-0.0807,-4.8409,0.0000,0.9580,1.0000,1,0,0,0,0,5.1192
68.8380,-244.5108,0.0864,-48.0235,0.7268,2.6166,0.7268,0.0025,0.0015,145.8882,-0.9983,-0.0323,0.3353,-1.0000,-0.0807,-4.8409,0.0000,0.9580,1.0000,1,0,0,0,0,5.1077
68.8958,-244.4870,0.0864,-48.0581,0.7269,2.6167,0.7269,0.0025,0.0009,145.8253,-1.0890,-0.0323,0.3353,-1.0000,-0.0807,-4.8409,0.0000,0.9580,1.0000,1,0,0,0,0,5.1127
68.9476,-244.4657,0.0864,-48.0891,0.7268,2.6166,0.7268,0.0025,-0.0006,145.7624,-1.2151,-0.0323,0.3353,-1.0000,-0.0807,-4.8409,0.0000,0.9580,1.0000,1,0,0,0,0,5.1198
69.0089,-244.4404,0.0864,-48.1259,0.7268,2.6166,0.7268,0.0025,-0.0003,145.6869,-1.2307,-0.0323,0.3353,-1.0000,-0.0807,-4.8409,0.0000,0.9580,1.0000,1,0,0,0,0,5.1207
69.0597,-244.4194,0.0864,-48.1562,0.7268,2.6166,0.7268,0.0025,0.0002,145.6365,-0.9920,-0.0323,0.3353,-1.0000,-0.0807,-4.8409,0.0000,0.9580,1.0000,1,0,0,0,0,5.1073
69.1143,-244.3968,0.0864,-48.1889,0.7268,2.6163,0.7268,0.0025,-0.0013,145.5736,-1.1515,-0.0323,0.3353,-1.0000,-0.0807,-4.8409,0.0000,0.9580,1.0000,1,0,0,0,0,5.1162
69.1644,-244.3761,0.0864,-48.2188,0.7268,2.6166,0.7268,0.0025,0.0012,145.5107,-1.2571,-0.0323,0.3353,-1.0000,-0.0807,-4.8409,0.0000,0.9580,1.0000,1,0,0,0,0,5.1222
69.2152,-244.3550,0.0864,-48.2491,0.7268,2.6165,0.7268,0.0025,-0.0003,145.4603,-0.9904,-0.0323,0.3353,-1.0000,-0.0807,-4.8409,0.0000,0.9580,1.0000,1,0,0,0,0,5.1073
69.2753,-244.3301,0.0864,-48.2850,0.7268,2.6165,0.7268,0.0025,0.0000,145.3848,-1.2560,-0.0323,0.3353,-1.0000,-0.0807,-4.8409,0.0000,0.9580,1.0000,1,0,0,0,0,5.1221
69.3336,-244.3058,0.0864,-48.3197,0.7268,2.6166,0.7268,0.0025,0.0004,145.3219,-1.0810,-0.0323,0.3353,-1.0000,-0.0807,-4.8409,0.0000,0.9580,1.0000,1,0,0,0,0,5.1124
69.3965,-244.2796,0.0864,-48.3571,0.7268,2.6166,0.7268,0.0025,0.0001,145.2589,-1.0011,-0.0323,0.3353,-1.0000,-0.0807,-4.8409,0.0000,0.9580,1.0000,1,0,0,0,0,5.1078
69.4525,-244.2562,0.0864,-48.3904,0.7268,2.6164,0.7268,0.0025,-0.0010,145.1959,-1.1233,-0.0323,0.3353,-1.0000,-0.0807,-4.8409,0.0000,0.9580,1.0000,1,0,0,0,0,5.1146
69.5105,-244.2320,0.0864,-48.4249,0.7268,2.6164,0.7268,0.0025,-0.0001,145.1204,-1.3024,-0.0323,0.3353,-1.0000,-0.0807,-4.8409,0.0000,0.9580,1.0000,1,0,0,0,0,5.1247
69.5627,-244.2101,0.0864,-48.4559,0.7268,2.6165,0.7268,0.0025,0.0005,145.0701,-0.9632,-0.0323,0.3353,-1.0000,-0.0807,-4.8409,0.0000,0.9580,1.0000,1,0,0,0,0,5.1057
69.6212,-244.1855,0.0864,-48.4906,0.7268,2.6165,0.7268,0.0025,0.0000,144.9946,-1.2911,-0.0323,0.3353,-1.0000,-0.0807,-4.8409,0.0000,0.9580,1.0000,1,0,0,0,0,5.1241
69.6822,-244.1599,0.0864,-48.5268,0.7268,2.6164,0.7268,0.0025,-0.0004,144.9317,-1.0310,-0.0323,0.3353,-1.0000,-0.0807,-4.8409,0.0000,0.9580,1.0000,1,0,0,0,0,5.1095
69.7379,-244.1364,0.0864,-48.5598,0.7268,2.6164,0.7268,0.0025,-0.0001,144.8687,-1.1304,-0.0323,0.3353,-1.0000,-0.0807,-4.8409,0.0000,0.9580,1.0000,1,0,0,0,0,5.1150
69.7995,-244.1105,0.0864,-48.5963,0.7268,2.6163,0.7268,0.0025,-0.0003,144.7932,-1.2265,-0.0323,0.3353,-1.0000,-0.0807,-4.8409,0.0000,0.9580,1.0000,1,0,0,0,0,5.1205
69.8592,-244.0853,0.0864,-48.6316,0.7268,2.6165,0.7268,0.0025,0.0010,144.7302,-1.0543,-0.0323,0.3353,-1.0000,-0.0807,-4.8409,0.0000,0.9580,1.0000,1,0,0,0,0,5.1108
69.9100,-244.0638,0.0864,-48.6616,0.7269,2.6167,0.7269,0.0025,0.0009,144.6673,-1.2390,-0.0323,0.3353,-1.0000,-0.0807,-4.8409,0.0000,0.9580,1.0000,1,0,0,0,0,5.1212
69.9693,-244.0387,0.0864,-48.6966,0.7269,2.6168,0.7269,0.0025,0.0007,144.6043,-1.0619,-0.0323,0.3353,-1.0000,-0.0807,-4.8409,0.0000,0.9580,1.0000,1,0,0,0,0,5.1112
70.0304,-244.0127,0.0864,-48.7327,0.7269,2.6167,0.7268,0.0025,-0.0008,144.5288,-1.2359,-0.0323,0.3353,-1.0000,-0.0807,-4.8409,0.0000,0.9580,1.0000,1,0,0,0,0,5.1210
70.0814,-243.9911,0.0864,-48.7627,0.7268,2.6165,0.7268,0.0025,-0.0008,144.4784,-0.9879,-0.0323,0.3353,-1.0000,-0.0807,-4.8409,0.0000,0.9580,1.0000,1,0,0,0,0,5.1071
70.1379,-243.9670,0.0864,-48.7960,0.7268,2.6166,0.7268,0.0025,0.0006,144.4155,-1.1136,-0.0323,0.3353,-1.0000,-0.0807,-4.8409,0.0000,0.9580,1.0000,1,0,0,0,0,5.1141
70.1881,-243.9456,0.0864,-48.8256,0.7270,2.6170,0.7269,0.0025,0.0022,144.3526,-1.2524,-0.0323,0.3353,-0.9941,-0.0807,-4.8409,0.0000,0.9580,0.9982,1,0,0,0,0,5.1129
70.2401,-243.9234,0.0864,-48.8562,0.7282,2.6216,0.7282,0.0025,0.0243,144.3023,-0.9681,-0.0323,0.3353,-0.9824,-0.0807,-4.8409,0.0000,0.9580,0.9932,1,0,0,0,0,5.0717
70.2985,-243.8983,0.0864,-48.8907,0.7357,2.6485,0.7357,0.0026,0.1277,144.2267,-1.2935,-0.0323,0.3353,-0.9218,-0.0807,-4.8409,0.0000,0.9580,0.9647,1,0,0,0,0,4.9474
70.3499,-243.8757,0.0864,-48.9216,0.7563,2.7228,0.7563,0.0026,0.4019,144.1762,-0.9823,-0.0323,0.3353,-0.7185,-0.0807,-4.8409,0.0000,0.9580,0.8796,1,0,0,0,0,4.5038
70.4082,-243.8481,0.0864,-48.9595,0.8821,3.1756,0.8821,0.0028,2.1574,144.0997,-1.3113,-0.0323,0.3353,-0.1574,-0.0807,-4.8409,0.0000,0.9580,0.5125,1,0,0,0,0,2.6835
70.4690,-243.8127,0.0864,-49.0079,1.1219,4.0387,1.1219,0.0031,3.9444,144.0342,-1.0779,-0.0323,0.3333,0.2434,-0.0807,-4.8409,0.0000,0.9560,0.2067,1,0,0,0,0,1.1355
70.5318,-243.7649,0.0864,-49.0733,1.4709,5.2953,1.4709,0.0034,5.5585,143.9536,-1.2844,-0.0323,0.2962,0.3001,-0.0807,-4.8409,0.0000,0.9026,0.0693,1,0,0,0,0,0.4526
70.5892,-243.7105,0.0864,-49.1474,1.7567,6.3240,1.7567,0.0034,4.9813,143.8852,-1.1922,-0.0323,0.2903,0.3060,-0.0807,-4.8409,0.0000,0.8723,0.0279,1,0,0,0,0,0.2348
70.6406,-243.6534,0.0864,-49.2252,2.0233,7.2837,2.0233,0.0033,5.1803,143.8155,-1.3533,-0.0323,0.2806,0.3060,-0.0807,-4.8409,0.0000,0.8367,0.0112,1,0,0,0,0,0.1557
70.6929,-243.5878,0.0864,-49.3144,2.2255,8.0117,2.2255,0.0031,3.8708,143.7587,-1.0889,-0.0323,0.2923,0.3060,-0.0807,-4.8409,0.0000,0.8295,0.0054,1,0,0,0,0,0.1083
70.7506,-243.5065,0.0864,-49.4248,2.4974,8.9907,2.4974,0.0027,4.7131,143.6843,-1.2889,-0.0323,0.3138,0.3060,-0.0807,-4.8409,0.0000,0.8549,0.0022,1,0,0,0,0,0.0986
70.8015,-243.4260,0.0864,-49.5338,2.8038,10.0937,2.8038,0.0021,6.0200,143.6056,-1.5452,-0.0303,0.3177,0.3060,-0.0793,-4.8365,0.0875,0.8812,0.0009,1,0,0,0,0,0.1065
70.8560,-243.3298,0.0864,-49.6638,3.1325,11.2769,3.1325,0.0015,6.0257,143.5249,-1.4805,-0.0303,0.3197,0.3060,-0.0773,-4.7641,1.3266,0.8972,0.0004,1,0,0,0,0,0.1647
70.9067,-243.2308,0.0864,-49.7974,3.4036,12.2528,3.4036,0.0008,5.3466,143.4583,-1.3133,-0.0303,0.3177,0.3060,-0.0766,-4.6903,1.4566,0.9018,0.0002,1,0,0,0,0,0.1583
70.9679,-243.0982,0.0864,-49.9757,3.8153,13.7350,3.8153,0.0001,6.7226,143.3574,-1.6479,-0.0284,0.3158,0.3060,-0.0730,-4.5727,1.9197,0.9044,0.0001,1,0,0,0,0,0.1990
71.0182,-242.9789,0.0864,-50.1358,4.1626,14.9853,4.1626,0.0010,6.9081,143.2715,-1.7074,-0.0284,0.3216,0.3060,-0.0718,-4.4561,2.3188,0.9097,0.0000,1,0,0,0,0,0.2274
71.0786,-242.8228,0.0864,-50.3449,4.5187,16.2672,4.5187,0.0021,5.9010,143.1827,-1.4717,-0.0284,0.3275,0.3060,-0.0713,-4.3717,1.3990,0.9200,0.0000,1,0,0,0,0,0.1665
71.1467,-242.6291,0.0864,-50.6033,4.9631,17.8673,4.9631,0.0036,6.5275,143.0713,-1.6359,-0.0284,0.3314,0.3060,-0.0711,-4.3166,0.8085,0.9336,0.0000,1,0,0,0,0,0.1468
71.1983,-242.6229,0.0864,-50.6371,0.0092,0.0330,-0.0017,0.0090,-95.9830,142.2257,-16.3832,-0.0284,0.3314,0.3060,-0.0710,-4.2857,0.5986,0.9403,0.0000,1,0,0,0,0,0.9434
71.2546,-242.6239,0.0864,-50.6370,0.0024,0.0088,0.0018,0.0016,-0.1197,142.1902,-0.6304,-0.0284,0.3314,0.3060,-0.0709,-4.2717,0.2487,0.9436,0.0000,1,0,0,0,0,0.0488
71.3081,-242.6243,0.0864,-50.6370,0.0023,0.0082,0.0015,0.0018,-0.0030,142.1466,-0.8141,-0.0284,0.3294,0.3060,-0.0709,-4.2636,0.1519,0.9438,0.0000,1,0,0,0,0,0.0537
71.3619,-242.6246,0.0864,-50.6370,0.0023,0.0081,0.0014,0.0017,-0.0004,142.1020,-0.8304,-0.0284,0.3294,0.3060,-0.0709,-4.2598,0.0716,0.9425,0.0000,1,0,0,0,0,0.0501
71.4184,-242.6250,0.0864,-50.6371,0.0022,0.0079,0.0014,0.0017,-0.0011,142.0570,-0.7957,-0.0284,0.3294,0.3060,-0.0709,-4.2573,0.0433,0.9418,0.0000,1,0,0,0,0,0.0466
71.4712,-242.6254,0.0864,-50.6371,0.0023,0.0081,0.0016,0.0016,0.0012,142.0214,-0.6747,-0.0284,0.3294,0.3060,-0.0709,-4.2563,0.0198,0.9415,0.0000,1,0,0,0,0,0.0386
71.5289,-242.6258,0.0864,-50.6371,0.0022,0.0079,0.0014,0.0017,-0.0010,141.9689,-0.9102,-0.0284,0.3294,0.3060,-0.0709,-4.2556,0.0118,0.9413,0.0000,1,0,0,0,0,0.0512
71.5800,-242.6261,0.0864,-50.6372,0.0022,0.0078,0.0014,0.0017,-0.0006,141.9328,-0.7069,-0.0284,0.3294,0.3060,-0.0709,-4.2553,0.0056,0.9413,0.0000,1,0,0,0,0,0.0396
71.6331,-242.6265,0.0864,-50.6372,0.0021,0.0076,0.0013,0.0016,-0.0011,141.8876,-0.8507,-0.0284,0.3294,0.3060,-0.0709,-4.2552,0.0027,0.9412,0.0000,1,0,0,0,0,0.0474
71.6932,-242.6269,0.0864,-50.6372,0.0021,0.0076,0.0014,0.0016,0.0001,141.8435,-0.7333,-0.0284,0.3275,0.3060,-0.0709,-4.2551,0.0015,0.9405,0.0000,1,0,0,0,0,0.0408
71.7474,-242.6272,0.0864,-50.6373,0.0021,0.0077,0.0014,0.0017,0.0003,141.8002,-0.8001,-0.0284,0.3255,0.3060,-0.0709,-4.2550,0.0008,0.9346,0.0000,1,0,0,0,0,0.0445
71.8048,-242.6276,0.0864,-50.6373,0.0021,0.0077,0.0014,0.0017,0.0000,141.7555,-0.7779,-0.0284,0.3294,0.3060,-0.0709,-4.2550,0.0004,0.9379,0.0000,1,0,0,0,0,0.0432
71.8555,-242.6279,0.0864,-50.6373,0.0021,0.0076,0.0014,0.0016,-0.0005,141.7106,-0.8867,-0.0284,0.3294,0.3060,-0.0709,-4.2550,0.0002,0.9396,0.0000,1,0,0,0,0,0.0493
71.9056,-242.6283,0.0864,-50.6374,0.0022,0.0080,0.0013,0.0018,0.0021,141.6758,-0.6939,-0.0284,0.3294,0.3060,-0.0709,-4.2550,0.0001,0.9403,0.0000,1,0,0,0,0,0.0386
71.9668,-242.6287,0.0864,-50.6374,0.0023,0.0081,0.0013,0.0018,0.0006,141.6234,-0.8576,-0.0284,0.3294,0.3060,-0.0709,-4.2550,0.0000,0.9408,0.0000,1,0,0,0,0,0.0476
72.0258,-242.6290,0.0864,-50.6374,0.0022,0.0080,0.0013,0.0018,-0.0007,141.5788,-0.7550,-0.0284,0.3294,0.3060,-0.0709,-4.2550,0.0000,0.9410,0.0000,1,0,0,0,0,0.0419
72.0767,-242.6294,0.0864,-50.6375,0.0022,0.0081,0.0013,0.0018,0.0005,141.5349,-0.8622,-0.0284,0.3294,0.3060,-0.0709,-4.2550,0.0000,0.9411,0.0000,1,0,0,0,0,0.0479
72.1430,-242.6298,0.0864,-50.6375,0.0022,0.0080,0.0014,0.0017,-0.0002,141.4825,-0.7906,-0.0284,0.3275,0.3060,-0.0709,-4.2550,0.0000,0.9398,0.0000,1,0,0,0,0,0.0439
72.2001,-242.6302,0.0864,-50.6375,0.0022,0.0078,0.0013,0.0017,-0.0012,141.4379,-0.7805,-0.0284,0.3314,0.3060,-0.0709,-4.2550,0.0000,0.9419,0.0000,1,0,0,0,0,0.0434
72.2502,-242.6305,0.0864,-50.6376,0.0022,0.0079,0.0013,0.0017,0.0005,141.3927,-0.9005,-0.0284,0.3314,0.3060,-0.0709,-4.2550,0.0000,0.9444,0.0000,1,0,0,0,0,0.0500
72.3028,-242.6309,0.0864,-50.6376,0.0022,0.0078,0.0013,0.0017,-0.0002,141.3564,-0.6914,-0.0284,0.3314,0.3060,-0.0709,-4.2550,0.0000,0.9454,0.0000,1,0,0,0,0,0.0384
72.3577,-242.6312,0.0864,-50.6376,0.0022,0.0079,0.0014,0.0017,0.0006,141.3123,-0.8049,-0.0284,0.3314,0.3060,-0.0709,-4.2550,0.0000,0.9461,0.0000,1,0,0,0,0,0.0447
72.4190,-242.6316,0.0864,-50.6377,0.0022,0.0078,0.0014,0.0017,-0.0006,141.2581,-0.8830,-0.0284,0.3314,0.3060,-0.0709,-4.2550,0.0000,0.9465,0.0000,1,0,0,0,0,0.0491
72.4786,-242.6320,0.0864,-50.6377,0.0022,0.0080,0.0014,0.0017,0.0008,141.2139,-0.7424,-0.0284,0.3314,0.3060,-0.0709,-4.2550,0.0000,0.9466,0.0000,1,0,0,0,0,0.0412
72.5363,-242.6324,0.0864,-50.6378,0.0023,0.0083,0.0014,0.0018,0.0014,141.1696,-0.7673,-0.0284,0.3314,0.3060,-0.0709,-4.2550,0.0000,0.9467,0.0000,1,0,0,0,0,0.0426
72.5888,-242.6328,0.0864,-50.6378,0.0022,0.0079,0.0014,0.0017,-0.0021,141.1240,-0.8673,-0.0284,0.3314,0.3060,-0.0709,-4.2550,0.0000,0.9467,0.0000,1,0,0,0,0,0.0482
72.6482,-242.6332,0.0864,-50.6378,0.0022,0.0079,0.0014,0.0017,0.0002,141.0795,-0.7496,-0.0284,0.3314,0.3060,-0.0709,-4.2550,0.0000,0.9467,0.0000,1,0,0,0,0,0.0416
72.7045,-242.6335,0.0864,-50.6379,0.0021,0.0076,0.0013,0.0016,-0.0016,141.0346,-0.7984,-0.0284,0.3099,0.3060,-0.0709,-4.2550,0.0000,0.9274,0.0000,1,0,0,0,0,0.0444
72.7592,-242.6339,0.0864,-50.6379,0.0020,0.0072,0.0014,0.0014,-0.0017,140.9923,-0.7721,-0.0284,0.3099,0.3060,-0.0709,-4.2550,0.0000,0.9059,0.0000,1,0,0,0,0,0.0429
72.8213,-242.6343,0.0864,-50.6379,0.0019,0.0070,0.0012,0.0015,-0.0012,140.9435,-0.7867,-0.0284,0.2942,0.3060,-0.0709,-4.2550,0.0000,0.8806,0.0000,1,0,0,0,0,0.0437
72.8780,-242.6346,0.0864,-50.6379,0.0015,0.0056,0.0010,0.0011,-0.0069,140.9076,-0.6327,-0.0284,0.2434,0.3060,-0.0709,-4.2550,0.0000,0.8179,0.0000,1,0,0,0,0,0.0351
72.9305,-242.6349,0.0864,-50.6379,0.0011,0.0039,0.0006,0.0009,-0.0089,140.8782,-0.5605,-0.0284,0.1809,0.3060,-0.0709,-4.2550,0.0000,0.6997,0.0000,1,0,0,0,0,0.0311
72.9914,-242.6351,0.0864,-50.6378,0.0007,0.0025,0.0004,0.0006,-0.0062,140.8548,-0.3849,-0.0284,0.0929,0.3060,-0.0709,-4.2550,0.0000,0.5265,0.0000,1,0,0,0,0,0.0214
73.0495,-242.6352,0.0864,-50.6378,0.0003,0.0011,0.0002,0.0003,-0.0068,140.8364,-0.3161,-0.0284,0.0206,0.3060,-0.0709,-4.2550,0.0000,0.2942,0.0000,1,0,0,0,0,0.0176
73.1031,-242.6353,0.0864,-50.6378,0.0002,0.0007,0.0001,0.0002,-0.0021,140.8296,-0.1265,-0.0284,-0.0029,0.3060,-0.0709,-4.2550,0.0000,0.1711,0.0000,1,0,0,0,0,0.0070
73.1535,-242.6353,0.0864,-50.6377,0.0000,0.0001,0.0000,0.0000,-0.0034,140.8251,-0.0889,-0.0284,-0.0088,0.3060,-0.0709,-4.2550,0.0000,0.0837,0.0000,1,0,0,0,0,0.0049
73.2091,-242.6353,0.0864,-50.6377,0.0001,0.0005,-0.0001,0.0000,0.0022,140.8235,-0.0285,-0.0284,-0.0088,0.3060,-0.0709,-4.2550,0.0000,0.0410,0.0000,1,0,0,0,0,0.0016
73.2626,-242.6354,0.0864,-50.6377,0.0002,0.0006,0.0001,0.0001,0.0001,140.8225,-0.0194,-0.0284,-0.0107,0.3060,-0.0709,-4.2550,0.0000,0.0200,0.0000,1,0,0,0,0,0.0011
73.3135,-242.6354,0.0864,-50.6377,0.0001,0.0004,-0.0001,0.0000,-0.0010,140.8223,-0.0048,-0.0264,-0.0107,0.3060,-0.0702,-4.2550,0.0000,0.0113,0.0000,1,0,0,0,0,0.0003
73.3635,-242.6354,0.0864,-50.6377,0.0001,0.0002,-0.0001,0.0000,-0.0009,140.8224,0.0018,-0.0206,-0.0107,0.3060,-0.0617,-4.1280,2.5381,0.0055,0.0000,1,0,0,0,0,0.1411
73.4166,-242.6354,0.0864,-50.6377,0.0001,0.0002,0.0001,0.0000,0.0002,140.8226,0.0046,-0.0147,-0.0225,0.3060,-0.0265,-3.3994,13.7105,0.0027,0.0000,1,0,0,0,0,0.7619
73.4745,-242.6354,0.0864,-50.6377,0.0000,0.0000,0.0000,0.0000,-0.0010,140.8229,0.0055,-0.0147,-0.0929,0.3060,-0.0114,-2.1744,21.1679,0.0013,0.0000,1,0,0,0,0,1.1763
73.5248,-242.6354,0.0864,-50.6377,0.0000,0.0000,0.0000,0.0000,0.0000,140.8229,0.0000,-0.0147,-0.1124,0.3060,-0.0058,-1.3632,16.1329,0.0007,0.0000,1,0,0,0,0,0.8963
73.5777,-242.6354,0.0864,-50.6377,0.0000,0.0000,0.0000,0.0000,0.0000,140.8229,0.0000,-0.0147,-0.1496,0.3060,-0.0025,-0.8415,9.8564,0.0004,0.0000,1,0,0,0,0,0.5476
73.6360,-242.6354,0.0864,-50.6377,0.0000,0.0000,0.0000,0.0000,0.0000,140.8229,0.0000,-0.0147,-0.1554,0.3060,-0.0011,-0.4360,6.9539,0.0002,0.0000,1,0,0,0,0,0.3863
73.6883,-242.6354,0.0864,-50.6377,0.0001,0.0002,-0.0001,0.0000,0.0009,140.8230,0.0012,-0.0147,-0.1554,0.3060,-0.0005,-0.2504,3.5526,0.0001,0.0000,1,0,0,0,0,0.1974
73.7455,-242.6354,0.0864,-50.6377,0.0000,0.0000,0.0000,0.0000,-0.0009,140.8225,-0.0085,-0.0147,-0.1671,0.3060,-0.0002,-0.1238,2.2130,0.0000,0.0000,1,0,0,0,0,0.1234
73.8079,-242.6354,0.0864,-50.6377,0.0000,0.0000,0.0000,0.0000,0.0000,140.8225,0.0000,-0.0147,-0.1691,0.3060,-0.0001,-0.0630,0.9744,0.0000,0.0000,1,0,0,0,0,0.0541
73.8606,-242.6354,0.0864,-50.6377,0.0000,0.0000,0.0000,0.0000,0.0000,140.8225,0.0000,-0.0147,-0.1691,0.3060,0.0000,-0.0317,0.5929,0.0000,0.0000,1,0,0,0,0,0.0329
73.9145,-242.6354,0.0864,-50.6377,0.0000,0.0000,0.0000,0.0000,0.0000,140.8225,0.0000,-0.0147,-0.1613,0.3060,0.0000,-0.0175,0.2638,0.0000,0.0000,1,0,0,0,0,0.0147
73.9738,-242.6354,0.0864,-50.6377,0.0000,0.0000,0.0000,0.0000,0.0000,140.8225,0.0000,-0.0147,-0.1632,0.3060,0.0000,-0.0085,0.1522,0.0000,0.0000,1,0,0,0,0,0.0085
74.0353,-242.6354,0.0864,-50.6377,0.0000,0.0000,0.0000,0.0000,0.0000,140.8225,0.0000,-0.0147,-0.1593,0.3060,0.0000,-0.0040,0.0733,0.0000,0.0000,1,0,0,0,0,0.0041
74.0951,-242.6354,0.0864,-50.6377,0.0000,0.0000,0.0000,0.0000,0.0000,140.8225,0.0000,-0.0147,-0.1593,0.3060,0.0000,-0.0019,0.0349,0.0000,0.0000,1,0,0,0,0,0.0019
74.1467,-242.6354,0.0864,-50.6377,0.0000,0.0000,0.0000,0.0000,0.0000,140.8225,0.0000,-0.0147,-0.1593,0.3060,0.0000,-0.0010,0.0174,0.0000,0.0000,1,0,0,0,0,0.0010
74.2026,-242.6354,0.0864,-50.6377,0.0000,0.0000,0.0000,0.0000,0.0000,140.8225,0.0000,-0.0147,-0.1593,0.3060,0.0000,-0.0005,0.0093,0.0000,0.0000,1,0,0,0,0,0.0005
74.2590,-242.6354,0.0864,-50.6377,0.0000,0.0000,0.0000,0.0000,0.0000,140.8225,0.0000,-0.0147,-0.1593,0.3060,0.0000,-0.0002,0.0045,0.0000,0.0000,1,0,0,0,0,0.0002
74.3157,-242.6354,0.0864,-50.6377,0.0000,0.0000,0.0000,0.0000,0.0000,140.8225,0.0000,-0.0147,-0.1593,0.3060,0.0000,-0.0001,0.0021,0.0000,0.0000,1,0,0,0,0,0.0001
74.3672,-242.6354,0.0864,-50.6377,0.0000,0.0000,0.0000,0.0000,0.0000,140.8225,0.0000,-0.0147,-0.1691,0.3079,0.0000,-0.0001,0.0011,0.0000,0.0000,1,0,0,0,0,0.0001
74.4235,-242.6354,0.0864,-50.6377,0.0000,0.0000,0.0000,0.0000,0.0000,140.8225,0.0000,-0.0147,-0.1671,0.3079,0.0000,0.0000,0.0006,0.0000,0.0000,1,0,0,0,0,0.0000
74.4748,-242.6354,0.0864,-50.6377,0.0000,0.0000,0.0000,0.0000,0.0000,140.8225,0.0000,-0.0147,-0.1574,0.3079,0.0000,0.0000,0.0003,0.0000,0.0000,1,0,0,0,0,0.0000
74.5256,-242.6354,0.0864,-50.6377,0.0000,0.0000,0.0000,0.0000,0.0000,140.8225,0.0000,-0.0147,-0.1574,0.3079,0.0000,0.0000,0.0001,0.0000,0.0000,1,0,0,0,0,0.0000
74.5874,-242.6354,0.0864,-50.6377,0.0000,0.0000,0.0000,0.0000,0.0000,140.8225,0.0000,-0.0147,-0.1574,0.3079,0.0000,0.0000,0.0001,0.0000,0.0000,1,0,0,0,0,0.0000
74.6480,-242.6354,0.0864,-50.6377,0.0000,0.0000,0.0000,0.0000,0.0000,140.8225,0.0000,-0.0147,-0.1574,0.3079,0.0000,0.0000,0.0000,0.0000,0.0000,1,0,0,0,0,0.0000
74.7064,-242.6354,0.0864,-50.6377,0.0000,0.0000,0.0000,0.0000,0.0000,140.8225,0.0000,-0.0147,-0.1574,0.3079,0.0000,0.0000,0.0000,0.0000,0.0000,1,0,0,0,0,0.0000
74.7684,-242.6354,0.0864,-50.6377,0.0000,0.0000,0.0000,0.0000,0.0000,140.8225,0.0000,-0.0147,-0.1574,0.3079,0.0000,0.0000,0.0000,0.0000,0.0000,1,0,0,0,0,0.0000
74.8207,-242.6354,0.0864,-50.6377,0.0000,0.0000,0.0000,0.0000,0.0000,140.8225,0.0000,-0.0147,-0.1671,0.3079,0.0000,0.0000,0.0000,0.0000,0.0000,1,0,0,0,0,0.0000
74.8719,-242.6354,0.0864,-50.6377,0.0000,0.0000,0.0000,0.0000,0.0000,140.8225,0.0000,-0.0147,-0.1750,0.3079,0.0000,0.0000,0.0000,0.0000,0.0000,1,0,0,0,0,0.0000
74.9264,-242.6354,0.0864,-50.6377,0.0000,0.0000,0.0000,0.0000,0.0000,140.8225,0.0000,-0.0147,-0.1808,0.3079,0.0000,0.0000,0.0000,0.0000,0.0000,1,0,0,0,0,0.0000
74.9843,-242.6354,0.0864,-50.6377,0.0000,0.0000,0.0000,0.0000,0.0000,140.8225,0.0000,-0.0147,-0.1867,0.3079,0.0000,0.0000,0.0000,0.0000,0.0000,1,0,0,0,0,0.0000
75.0431,-242.6354,0.0864,-50.6377,0.0000,0.0000,0.0000,0.0000,0.0000,140.8225,0.0000,-0.0147,-0.1613,0.3079,0.0000,0.0000,0.0000,0.0000,0.0000,1,0,0,0,0,0.0000
75.0992,-242.6354,0.0864,-50.6377,0.0000,0.0000,0.0000,0.0000,0.0000,140.8225,0.0000,-0.0147,-0.1574,0.3079,0.0000,0.0000,0.0000,0.0000,0.0000,1,0,0,0,0,0.0000
75.1497,-242.6354,0.0864,-50.6377,0.0000,0.0000,0.0000,0.0000,0.0000,140.8225,0.0000,-0.0147,-0.1710,0.3079,0.0000,0.0000,0.0000,0.0000,0.0000,1,0,0,0,0,0.0000
75.2008,-242.6354,0.0864,-50.6377,0.0000,0.0000,0.0000,0.0000,0.0000,140.8225,0.0000,-0.0147,-0.1769,0.3021,0.0000,0.0000,0.0000,0.0000,0.0000,1,0,0,0,0,0.0000
75.2604,-242.6354,0.0864,-50.6377,0.0000,0.0000,0.0000,0.0000,0.0000,140.8225,0.0000,-0.0147,-0.1652,0.0381,0.0000,0.0000,0.0000,0.0000,0.0000,1,0,0,0,0,0.0000
75.3104,-242.6354,0.0864,-50.6377,0.0000,0.0000,0.0000,0.0000,0.0000,140.8225,0.0000,-0.0147,-0.1613,-0.5328,0.0000,0.0000,0.0000,0.0000,0.1970,1,0,0,0,0,0.9849
75.3753,-242.6354,0.0864,-50.6377,0.0000,0.0000,0.0000,0.0000,0.0000,140.8225,0.0000,-0.0147,-0.1515,-0.8690,0.0000,0.0000,0.0000,0.0000,0.5929,1,0,0,0,0,2.9645
75.4343,-242.6354,0.0864,-50.6377,0.0000,0.0000,0.0000,0.0000,0.0000,140.8225,0.0000,-0.0147,-0.1456,-0.9883,0.0000,0.0000,0.0000,0.0000,0.8181,1,0,0,0,0,4.0907
75.4924,-242.6354,0.0864,-50.6377,0.0000,0.0000,0.0000,0.0000,0.0000,140.8225,0.0000,-0.0127,-0.1437,-1.0000,0.0000,0.0000,0.0000,0.0000,0.9383,1,0,0,0,0,4.6916
75.5451,-242.6354,0.0864,-50.6377,0.0000,0.0000,0.0000,0.0000,0.0000,140.8225,0.0000,-0.0088,-0.1437,-1.0000,0.0000,0.0000,0.0000,0.0000,0.9702,1,0,0,0,0,4.8511
75.6033,-242.6354,0.0864,-50.6377,0.0000,0.0000,0.0000,0.0000,0.0000,140.8225,0.0000,-0.0049,-0.1437,-1.0000,0.0000,0.0000,0.0000,0.0000,0.9900,1,0,0,0,0,4.9501
75.6615,-242.6354,0.0864,-50.6377,0.0000,0.0000,0.0000,0.0000,0.0000,140.8225,0.0000,-0.0010,-0.1437,-1.0000,0.0000,0.0000,0.0000,0.0000,0.9960,1,0,0,0,0,4.9799
75.7153,-242.6354,0.0864,-50.6377,0.0000,0.0000,0.0000,0.0000,0.0000,140.8225,0.0000,0.0068,-0.1437,-1.0000,0.0000,0.0000,0.0000,0.0000,0.9984,1,0,0,0,0,4.9919
75.7746,-242.6354,0.0864,-50.6377,0.0000,0.0000,0.0000,0.0000,0.0000,140.8225,0.0000,0.0107,-0.1437,-1.0000,0.0000,0.0000,0.0000,0.0000,0.9994,1,0,0,0,0,4.9968
75.8247,-242.6354,0.0864,-50.6377,0.0000,0.0000,0.0000,0.0000,0.0000,140.8225,0.0000,0.0205,-0.1437,-1.0000,0.0147,0.0000,0.0000,0.0000,0.9997,1,0,0,0,0,4.9987
75.8813,-242.6354,0.0864,-50.6377,0.0000,0.0000,0.0000,0.0000,0.0000,140.8225,0.0000,0.0283,-0.1437,-1.0000,0.0425,0.8243,14.5700,0.0000,0.9999,1,0,0,0,0,5.8089
75.9430,-242.6354,0.0864,-50.6377,0.0000,0.0000,0.0000,0.0000,0.0000,140.8225,0.0000,0.0361,-0.1437,-1.0000,0.0686,2.1237,21.0514,0.0000,1.0000,1,0,0,0,0,6.1693
76.0019,-242.6354,0.0864,-50.6377,0.0000,0.0000,0.0000,0.0000,0.0000,140.8225,0.0000,0.0440,-0.1437,-1.0000,0.0917,3.6099,25.2580,0.0000,1.0000,1,0,0,0,0,6.4032
76.0607,-242.6354,0.0864,-50.6377,0.0000,0.0000,0.0000,0.0000,0.0000,140.8225,0.0000,0.0479,-0.1437,-1.0000,0.1068,4.8230,20.6213,0.0000,1.0000,1,0,0,0,0,6.1456
76.1112,-242.6354,0.0864,-50.6377,0.0000,0.0000,0.0000,0.0000,0.0000,140.8225,0.0000,0.0538,-0.1437,-1.0000,0.1177,5.6871,17.1166,0.0000,1.0000,1,0,0,0,0,5.9509
76.1688,-242.6354,0.0864,-50.6377,0.0000,0.0000,0.0000,0.0000,0.0000,140.8225,0.0000,0.0596,-0.1437,-1.0000,0.1342,6.7220,17.9533,0.0000,1.0000,1,0,0,0,0,5.9974
76.2263,-242.6354,0.0864,-50.6377,0.0000,0.0000,0.0000,0.0000,0.0000,140.8225,0.0000,0.0616,-0.1437,-1.0000,0.1434,7.4895,13.3552,0.0000,1.0000,1,0,0,0,0,5.7420
76.2784,-242.6354,0.0864,-50.6377,0.0000,0.0000,0.0000,0.0000,0.0000,140.8225,0.0000,0.0616,-0.1437,-1.0000,0.1486,8.1436,12.5586,0.0000,1.0000,1,0,0,0,0,5.6977
76.3369,-242.6354,0.0864,-50.6377,0.0000,0.0000,0.0000,0.0000,0.0000,140.8225,0.0000,0.0616,-0.1437,-1.0000,0.1520,8.6247,8.2277,0.0000,1.0000,1,0,0,0,0,5.4571
76.3889,-242.6354,0.0864,-50.6377,0.0000,0.0000,0.0000,0.0000,0.0000,140.8225,0.0000,0.0616,-0.1437,-1.0000,0.1529,8.8779,4.8680,0.0000,1.0000,1,0,0,0,0,5.2704
76.4501,-242.6354,0.0864,-50.6377,0.0000,0.0000,0.0000,0.0000,0.0000,140.8225,0.0000,0.0616,-0.1437,-1.0000,0.1536,9.0443,2.7181,0.0000,1.0000,1,0,0,0,0,5.1510
76.5038,-242.6354,0.0864,-50.6377,0.0000,0.0000,0.0000,0.0000,0.0000,140.8225,0.0000,0.0616,-0.6442,-1.0000,0.1538,9.1374,1.7325,0.0000,1.0000,1,0,0,0,0,5.0963
76.5554,-242.6354,0.0864,-50.6377,0.0000,0.0000,0.0000,0.0000,0.0000,140.8225,0.0000,0.0616,-0.7498,-1.0000,0.1538,9.1795,0.8166,0.0000,1.0000,1,0,0,0,0,5.0454
76.6074,-242.6354,0.0864,-50.6377,0.0000,0.0000,0.0000,0.0000,0.0000,140.8225,0.0000,0.0616,-0.2082,-1.0000,0.1539,9.2067,0.5229,0.0000,1.0000,1,0,0,0,0,5.0291
76.6662,-242.6354,0.0864,-50.6377,0.0000,0.0000,0.0000,0.0000,0.0000,140.8225,0.0000,0.0616,-0.6090,-1.0000,0.1539,9.2204,0.2328,0.0000,1.0000,1,0,0,0,0,5.0129
76.7224,-242.6354,0.0864,-50.6377,0.0000,0.0000,0.0000,0.0000,0.0000,140.8225,0.0000,0.0616,-0.2258,-1.0000,0.1539,9.2282,0.1399,0.0000,1.0000,1,0,0,0,0,5.0078
76.7773,-242.6354,0.0864,-50.6377,0.0000,0.0000,0.0000,0.0000,0.0000,140.8225,0.0000,0.0616,-0.1359,-1.0000,0.1539,9.2316,0.0609,0.0000,1.0000,1,0,0,0,0,5.0034
76.8343,-242.6354,0.0864,-50.6377,0.0000,0.0000,0.0000,0.0000,0.0000,140.8225,0.0000,0.0616,-0.1261,-1.0000,0.1539,9.2336,0.0360,0.0000,1.0000,1,0,0,0,0,5.0020
76.8856,-242.6354,0.0864,-50.6377,0.0000,0.0000,0.0000,0.0000,0.0000,140.8225,0.0000,0.0616,-0.1261,-1.0000,0.1539,9.2346,0.0180,0.0000,1.0000,1,0,0,0,0,5.0010
76.9433,-242.6354,0.0864,-50.6377,0.0000,0.0000,0.0000,0.0000,0.0000,140.8225,0.0000,0.0616,-0.1261,-1.0000,0.1539,9.2350,0.0082,0.0000,1.0000,1,0,0,0,0,5.0005
77.0035,-242.6354,0.0864,-50.6377,0.0000,0.0000,0.0000,0.0000,0.0000,140.8225,0.0000,0.0616,-0.1261,-1.0000,0.1539,9.2353,0.0044,0.0000,1.0000,1,0,0,0,0,5.0002
77.0679,-242.6354,0.0864,-50.6377,0.0000,0.0000,0.0000,0.0000,0.0000,140.8225,0.0000,0.0616,-0.1261,-1.0000,0.1539,9.2354,0.0019,0.0000,1.0000,1,0,0,0,0,5.0001
77.1234,-242.6354,0.0864,-50.6377,0.0000,0.0000,0.0000,0.0000,0.0000,140.8225,0.0000,0.0596,-0.1261,-1.0000,0.1525,9.2306,0.0860,0.0000,1.0000,1,0,0,0,0,5.0048
77.1739,-242.6354,0.0864,-50.6377,0.0000,0.0000,0.0000,0.0000,0.0000,140.8225,0.0000,0.0577,-0.1261,-1.0000,0.1489,9.1464,1.6676,0.0000,1.0000,1,0,0,0,0,5.0926
77.2273,-242.6354,0.0864,-50.6377,0.0000,0.0000,0.0000,0.0000,0.0000,140.8225,0.0000,0.0577,-0.1261,-1.0000,0.1462,8.9937,2.8613,0.0000,1.0000,1,0,0,0,0,5.1590
77.2776,-242.6354,0.0864,-50.6377,0.0000,0.0000,0.0000,0.0000,0.0000,140.8225,0.0000,0.0577,-0.1261,-1.0000,0.1452,8.8858,2.1446,0.0000,1.0000,1,0,0,0,0,5.1191
77.3325,-242.6354,0.0864,-50.6377,0.0000,0.0000,0.0000,0.0000,0.0000,140.8225,0.0000,0.0577,-0.1261,-1.0000,0.1446,8.7793,1.9396,0.0000,1.0000,1,0,0,0,0,5.1078
77.3906,-242.6354,0.0864,-50.6377,0.0000,0.0000,0.0000,0.0000,0.0000,140.8225,0.0000,0.0635,-0.1261,-1.0000,0.1518,8.7976,0.3147,0.0000,1.0000,1,0,0,0,0,5.0175
77.4416,-242.6354,0.0864,-50.6377,0.0000,0.0000,0.0000,0.0000,0.0000,140.8225,0.0000,0.0713,-0.1261,-1.0000,0.1622,9.0804,5.5445,0.0000,1.0000,1,0,0,0,0,5.3080
77.4931,-242.6354,0.0864,-50.6377,0.0000,0.0000,0.0000,0.0000,0.0000,140.8225,0.0000,0.0772,-0.1261,-1.0000,0.1773,9.5635,9.3851,0.0000,1.0000,1,0,0,0,0,5.5214
77.5461,-242.6354,0.0864,-50.6377,0.0000,0.0000,0.0000,0.0000,0.0000,140.8225,0.0000,0.0811,-0.1261,-1.0000,0.1901,10.3026,13.9368,0.0000,1.0000,1,0,0,0,0,5.7743
77.6028,-242.6354,0.0864,-50.6377,0.0000,0.0000,0.0000,0.0000,0.0000,140.8225,0.0000,0.0870,-0.1261,-1.0000,0.2039,10.9998,12.2925,0.0000,1.0000,1,0,0,0,0,5.6829
77.6627,-242.6354,0.0864,-50.6377,0.0000,0.0000,0.0000,0.0000,0.0000,140.8225,0.0000,0.0987,-0.1261,-1.0000,0.2233,11.8974,14.9785,0.0000,1.0000,1,0,0,0,0,5.8321
77.7249,-242.6354,0.0864,-50.6377,0.0000,0.0000,0.0000,0.0000,0.0000,140.8225,0.0000,0.1104,-0.1261,-1.0000,0.2511,13.1365,19.9279,0.0000,1.0000,1,0,0,0,0,6.1071
77.7827,-242.6354,0.0864,-50.6377,0.0000,0.0000,0.0000,0.0000,0.0000,140.8225,0.0000,0.1241,-0.1261,-1.0000,0.2798,14.6102,25.5171,0.0000,1.0000,1,0,0,0,0,6.4176
77.8458,-242.6354,0.0864,-50.6377,0.0000,0.0000,0.0000,0.0000,0.0000,140.8225,0.0000,0.1359,-0.1261,-1.0000,0.3140,16.0205,22.3272,0.0000,1.0000,1,0,0,0,0,6.2404
77.8964,-242.6354,0.0864,-50.6377,0.0000,0.0000,0.0000,0.0000,0.0000,140.8225,0.0000,0.1515,-0.1241,-1.0000,0.3400,17.9919,39.0041,0.0000,1.0000,1,0,0,0,0,7.1669
77.9473,-242.6354,0.0864,-50.6377,0.0000,0.0000,0.0000,0.0000,0.0000,140.8225,0.0000,0.1671,-0.1241,-1.0000,0.3769,19.5014,29.6453,0.0000,1.0000,1,0,0,0,0,6.6470
78.0089,-242.6354,0.0864,-50.6377,0.0000,0.0000,0.0000,0.0000,0.0000,140.8225,0.0000,0.1828,-0.1241,-1.0000,0.4149,21.7521,36.5093,0.0000,1.0000,1,0,0,0,0,7.0283
78.0662,-242.6354,0.0864,-50.6377,0.0000,0.0000,0.0000,0.0000,0.0000,140.8225,0.0000,0.1926,-0.1241,-1.0000,0.4482,24.1465,41.8006,0.0000,1.0000,1,0,0,0,0,7.3223
78.1238,-242.6354,0.0864,-50.6377,0.0000,0.0000,0.0000,0.0000,0.0000,140.8225,0.0000,0.2043,-0.1241,-1.0000,0.4817,26.0821,33.6220,0.0000,1.0000,1,0,0,0,0,6.8679
78.1776,-242.6354,0.0864,-50.6377,0.0000,0.0000,0.0000,0.0000,0.0000,140.8225,0.0000,0.2121,-0.1241,-1.0000,0.5041,27.7711,31.3785,0.0000,1.0000,1,0,0,0,0,6.7432
78.2378,-242.6354,0.0864,-50.6377,0.0000,0.0000,0.0000,0.0000,0.0000,140.8225,0.0000,0.2258,-0.1241,-1.0000,0.5321,29.3862,26.8452,0.0000,1.0000,1,0,0,0,0,6.4914
78.2986,-242.6354,0.0864,-50.6377,0.0000,0.0000,0.0000,0.0000,0.0000,140.8225,0.0000,0.2356,-0.1241,-1.0000,0.5603,31.2331,30.3540,0.0000,1.0000,1,0,0,0,0,6.6863
78.3612,-242.6354,0.0864,-50.6377,0.0000,0.0000,0.0000,0.0000,0.0000,140.8225,0.0000,0.2473,-0.1241,-1.0000,0.5930,32.7786,24.6912,0.0000,1.0000,1,0,0,0,0,6.3717
78.4115,-242.6354,0.0864,-50.6377,0.0000,0.0000,0.0000,0.0000,0.0000,140.8225,0.0000,0.2590,-0.1241,-1.0000,0.6198,34.6965,38.1477,0.0000,1.0000,1,0,0,0,0,7.1193
78.4699,-242.6354,0.0864,-50.6377,0.0000,0.0000,0.0000,0.0000,0.0000,140.8225,0.0000,0.2688,-0.1241,-1.0000,0.6463,36.2718,26.9621,0.0000,1.0000,1,0,0,0,0,6.4979
78.5201,-242.6354,0.0864,-50.6377,0.0000,0.0000,0.0000,0.0000,0.0000,140.8225,0.0000,0.2805,-0.1241,-1.0000,0.6686,37.9209,32.8638,0.0000,1.0000,1,0,0,0,0,6.8258
78.5823,-242.6354,0.0864,-50.6377,0.0000,0.0000,0.0000,0.0000,0.0000,140.8225,0.0000,0.2923,-0.1241,-1.0000,0.7019,39.5810,26.7115,0.0000,1.0000,1,0,0,0,0,6.4840
78.6442,-242.6354,0.0864,-50.6377,0.0000,0.0000,0.0000,0.0000,0.0000,140.8225,0.0000,0.3001,-0.1241,-1.0000,0.7296,41.3831,29.0866,0.0000,1.0000,1,0,0,0,0,6.6159
78.7016,-242.6354,0.0864,-50.6377,0.0000,0.0000,0.0000,0.0000,0.0000,140.8225,0.0000,0.3118,-0.1241,-1.0000,0.7534,43.0111,28.3644,0.0000,1.0000,1,0,0,0,0,6.5758
78.7552,-242.6354,0.0864,-50.6377,0.0000,0.0000,0.0000,0.0000,0.0000,140.8225,0.0000,0.3177,-0.1241,-1.0000,0.7745,44.2767,23.6006,0.0000,1.0000,1,0,0,0,0,6.3111
78.8071,-242.6354,0.0864,-50.6377,0.0000,0.0000,0.0000,0.0000,0.0000,140.8225,0.0000,0.3274,-0.1241,-1.0000,0.7920,45.4665,22.9600,0.0000,1.0000,1,0,0,0,0,6.2756
78.8769,-242.6354,0.0864,-50.6377,0.0000,0.0000,0.0000,0.0000,0.0000,140.8225,0.0000,0.3333,-0.1241,-1.0000,0.8174,46.9699,21.5212,0.0000,1.0000,1,0,0,0,0,6.1956
78.9312,-242.6354,0.0864,-50.6377,0.0000,0.0000,0.0000,0.0000,0.0000,140.8225,0.0000,0.3392,-0.1241,-1.0000,0.8314,48.4004,26.3456,0.0000,1.0000,1,0,0,0,0,6.4636
78.9847,-242.6354,0.0864,-50.6377,0.0000,0.0000,0.0000,0.0000,0.0000,140.8225,0.0000,0.3470,-0.1241,-1.0000,0.8494,49.3251,17.2972,0.0000,1.0000,1,0,0,0,0,5.9610
79.0414,-242.6354,0.0864,-50.6377,0.0000,0.0000,0.0000,0.0000,0.0000,140.8225,0.0000,0.3509,-0.1280,-1.0000,0.8644,50.4854,20.4609,0.0000,1.0000,1,0,0,0,0,6.1367
79.0917,-242.6354,0.0864,-50.6377,0.0000,0.0000,0.0000,0.0000,0.0000,140.8225,0.0000,0.3607,-0.1319,-1.0000,0.8806,51.3457,17.0794,0.0000,1.0000,1,0,0,0,0,5.9489
79.1472,-242.6354,0.0864,-50.6377,0.0000,0.0000,0.0000,0.0000,0.0000,140.8225,0.0000,0.3666,-0.1359,-0.9961,0.8992,52.4005,19.0284,0.0000,0.9981,1,0,0,0,0,6.0477
79.2119,-242.6354,0.0864,-50.6377,0.0000,0.0000,0.0000,0.0000,0.0000,140.8225,0.0000,0.3724,-0.1359,-0.9941,0.9175,53.4735,16.5900,0.0000,0.9949,1,0,0,0,0,5.8962
79.2672,-242.6354,0.0864,-50.6377,0.0000,0.0000,0.0000,0.0000,0.0000,140.8225,0.0000,0.3763,-0.1359,-0.9883,0.9294,54.4962,18.4944,0.0000,0.9937,1,0,0,0,0,5.9959
79.3196,-242.6354,0.0864,-50.6377,0.0000,0.0000,0.0000,0.0000,0.0000,140.8225,0.0000,0.3802,-0.8143,-0.9961,0.9382,55.1777,13.0000,0.0000,0.9945,1,0,0,0,0,5.6948
79.3718,-242.6354,0.0864,-50.6377,0.0000,0.0000,0.0000,0.0000,0.0000,140.8225,0.0000,0.3841,-0.9628,-1.0000,0.9480,55.8555,12.9747,0.0000,0.9976,1,0,0,0,0,5.7090
79.4304,-242.6354,0.0864,-50.6377,0.0000,0.0000,0.0000,0.0000,0.0000,140.8225,0.0000,0.3861,-0.9883,-1.0000,0.9564,56.5550,11.9384,0.0000,0.9988,1,0,0,0,0,5.6574
79.4811,-242.6354,0.0864,-50.6377,0.0000,0.0000,0.0000,0.0000,0.0000,140.8225,0.0000,0.3920,-0.9883,-1.0000,0.9672,57.0582,9.9221,0.0000,0.9995,1,0,0,0,0,5.5489
79.5371,-242.6354,0.0864,-50.6377,0.0000,0.0000,0.0000,0.0000,0.0000,140.8225,0.0000,0.3939,-0.5816,-1.0000,0.9758,57.6797,11.1068,0.0000,0.9998,1,0,0,0,0,5.6161
79.5871,-242.6354,0.0864,-50.6377,0.0000,0.0000,0.0000,0.0000,0.0000,140.8225,0.0000,0.3959,-0.1965,-1.0000,0.9833,58.2302,11.0103,0.0000,0.9999,1,0,0,0,0,5.6113
79.6490,-242.6354,0.0864,-50.6377,0.0000,0.0000,0.0000,0.0000,0.0000,140.8225,0.0000,0.3978,-0.1476,-0.9746,0.9894,58.7100,7.7511,0.0000,0.9951,1,0,0,0,0,5.4062
79.7063,-242.6354,0.0864,-50.6377,0.0000,0.0000,0.0000,0.0000,0.0000,140.8225,0.0000,0.3978,-0.1417,-0.9687,0.9924,59.1242,7.2313,0.0000,0.9791,1,0,0,0,0,5.2973
79.7590,-242.6354,0.0864,-50.6377,0.0000,0.0000,0.0000,0.0000,0.0000,140.8225,0.0000,0.3978,-0.1417,-0.9511,0.9937,59.3362,4.0227,0.0000,0.9608,1,0,0,0,0,5.0277
79.8168,-242.6354,0.0864,-50.6377,0.0000,0.0000,0.0000,0.0000,0.0000,140.8225,0.0000,0.3978,-0.1417,-0.9648,0.9942,59.5021,2.8670,0.0000,0.9648,1,0,0,0,0,4.9831
79.8715,-242.6354,0.0864,-50.6377,0.0000,0.0000,0.0000,0.0000,0.0000,140.8225,0.0000,0.3978,-0.1417,-0.9550,0.9944,59.5755,1.3434,0.0000,0.9610,1,0,0,0,0,4.8798
79.9306,-242.6354,0.0864,-50.6377,0.0000,0.0000,0.0000,0.0000,0.0000,140.8225,0.0000,0.3978,-0.1417,-0.9296,0.9945,59.6293,0.9098,0.0000,0.9492,1,0,0,0,0,4.7964
79.9853,-242.6354,0.0864,-50.6377,0.0000,0.0000,0.0000,0.0000,0.0000,140.8225,0.0000,0.3978,-0.1417,-0.9023,0.9946,59.6504,0.3868,0.0000,0.9256,1,0,0,0,0,4.6496
80.0431,-242.6354,0.0864,-50.6377,0.0000,0.0000,0.0000,0.0000,0.0000,140.8225,0.0000,0.3978,-0.1417,-0.8456,0.9946,59.6641,0.2363,0.0000,0.8849,1,0,0,0,0,4.4375
80.0935,-242.6354,0.0864,-50.6377,0.0000,0.0000,0.0000,0.0000,0.0000,140.8225,0.0000,0.3978,-0.1417,-0.7830,0.9946,59.6702,0.1210,0.0000,0.8371,1,0,0,0,0,4.1924
80.1496,-242.6354,0.0864,-50.6377,0.0000,0.0000,0.0000,0.0000,0.0000,140.8225,0.0000,0.3978,-0.1417,-0.6618,0.9946,59.6737,0.0620,0.0000,0.7712,1,0,0,0,0,3.8595
80.1997,-242.6354,0.0864,-50.6377,0.0000,0.0000,0.0000,0.0000,0.0000,140.8225,0.0000,0.3978,-0.1417,-0.3588,0.9946,59.6753,0.0333,0.0000,0.5800,1,0,0,0,0,2.9021
80.2571,-242.6354,0.0864,-50.6377,0.0000,0.0000,0.0000,0.0000,0.0000,140.8225,0.0000,0.3978,-0.1417,0.0283,0.9946,59.6764,0.0179,0.0000,0.2799,1,0,0,0,0,1.4006
80.3105,-242.6354,0.0864,-50.6377,0.0000,0.0000,0.0000,0.0000,0.0000,140.8225,0.0000,0.3978,-0.1417,0.2023,0.9946,59.6768,0.0082,0.0000,0.1126,1,0,0,0,0,0.5635
80.3689,-242.6354,0.0864,-50.6377,0.0000,0.0000,0.0000,0.0000,0.0000,140.8225,0.0000,0.3978,-0.1417,0.2981,0.9946,59.6770,0.0041,0.0000,0.0453,1,0,0,0,0,0.2267
80.4218,-242.6354,0.0864,-50.6377,0.0000,0.0000,0.0000,0.0000,0.0000,140.8225,0.0000,0.3978,-0.1417,0.3079,0.9946,59.6771,0.0017,0.0000,0.0182,1,0,0,0,0,0.0912
80.4732,-242.6354,0.0864,-50.6377,0.0000,0.0000,0.0000,0.0000,0.0000,140.8225,0.0000,0.3978,-0.1417,0.3079,0.9946,59.6772,0.0013,0.0000,0.0088,1,0,0,0,0,0.0440
80.5260,-242.6354,0.0864,-50.6377,0.0000,0.0000,0.0000,0.0000,0.0000,140.8225,0.0000,0.3978,-0.1417,0.3157,0.9946,59.6772,0.0005,0.0000,0.0035,1,0,0,0,0,0.0177
80.5762,-242.6354,0.0864,-50.6377,0.0000,0.0000,0.0000,0.0000,0.0000,140.8225,0.0000,0.3978,-0.1417,0.3255,0.9946,59.6773,0.0003,0.0000,0.0014,1,0,0,0,0,0.0071
80.6371,-242.6354,0.0864,-50.6377,0.0000,0.0000,0.0000,0.0000,0.0000,140.8225,0.0000,0.3978,-0.1417,0.3138,0.9946,59.6773,0.0001,0.0000,0.0006,1,0,0,0,0,0.0029
80.6972,-242.6354,0.0864,-50.6377,0.0000,0.0000,0.0000,0.0000,0.0000,140.8225,0.0000,0.3978,-0.1417,0.3138,0.9946,59.6773,0.0000,0.0000,0.0002,1,0,0,0,0,0.0010
80.7475,-242.6354,0.0864,-50.6377,0.0000,0.0000,0.0000,0.0000,0.0000,140.8225,0.0000,0.3978,-0.1417,0.3118,0.9946,59.6773,0.0000,0.0000,0.0001,1,0,0,0,0,0.0005
80.7988,-242.6354,0.0864,-50.6377,0.0000,0.0000,0.0000,0.0000,0.0000,140.8225,0.0000,0.3978,-0.1417,0.3177,0.9946,59.6773,0.0000,0.0000,0.0000,1,0,0,0,0,0.0002
80.8567,-242.6354,0.0864,-50.6377,0.0000,0.0000,0.0000,0.0000,0.0000,140.8225,0.0000,0.3978,-0.1417,0.3118,0.9946,59.6773,0.0000,0.0000,0.0000,1,0,0,0,0,0.0001
80.9080,-242.6354,0.0864,-50.6377,0.0000,0.0000,0.0000,0.0000,0.0000,140.8225,0.0000,0.3978,-0.1417,0.3099,0.9946,59.6773,0.0000,0.0000,0.0000,1,0,0,0,0,0.0000
80.9583,-242.6354,0.0864,-50.6377,0.0000,0.0000,0.0000,0.0000,0.0000,140.8225,0.0000,0.3978,-0.1417,0.3157,0.9946,59.6773,0.0001,0.0000,0.0000,1,0,0,0,0,0.0000
81.0099,-242.6354,0.0864,-50.6377,0.0000,0.0000,0.0000,0.0000,0.0000,140.8225,0.0000,0.3978,-0.1417,0.3235,0.9946,59.6773,0.0000,0.0000,0.0000,1,0,0,0,0,0.0000
81.0670,-242.6354,0.0864,-50.6377,0.0000,0.0000,0.0000,0.0000,0.0000,140.8225,0.0000,0.3978,-0.1398,0.3157,0.9946,59.6773,0.0000,0.0000,0.0000,1,0,0,0,0,0.0000
81.1281,-242.6354,0.0864,-50.6377,0.0000,0.0000,0.0000,0.0000,0.0000,140.8225,0.0000,0.3978,-0.1163,0.3118,0.9946,59.6773,0.0000,0.0000,0.0000,1,0,0,0,0,0.0000
81.1873,-242.6354,0.0864,-50.6377,0.0000,0.0000,0.0000,0.0000,0.0000,140.8225,0.0000,0.3978,-0.0889,0.3118,0.9946,59.6773,0.0000,0.0000,0.0000,1,0,0,0,0,0.0000
81.2404,-242.6354,0.0864,-50.6377,0.0000,0.0000,0.0000,0.0000,0.0000,140.8225,0.0000,0.3978,-0.0361,0.3118,0.9946,59.6773,0.0000,0.0000,0.0000,1,0,0,0,0,0.0000
81.2930,-242.6354,0.0864,-50.6377,0.0001,0.0002,0.0000,0.0001,0.0011,140.8246,0.0404,0.3978,0.0264,0.3118,0.9946,59.6773,0.0000,0.0138,0.0000,1,0,0,0,0,0.0022
81.3566,-242.6354,0.0864,-50.6377,0.0002,0.0008,-0.0001,0.0002,0.0027,140.8959,1.1202,0.3978,0.1281,0.3118,0.9946,59.6773,0.0000,0.1652,0.0000,1,0,0,0,0,0.0622
81.4128,-242.6353,0.0864,-50.6377,0.0006,0.0022,-0.0001,0.0006,0.0065,141.0759,3.1982,0.3978,0.2317,0.3118,0.9946,59.6773,0.0000,0.3643,0.0000,1,0,0,0,0,0.1777
81.4723,-242.6352,0.0864,-50.6376,0.0015,0.0055,0.0004,0.0015,0.0157,141.3971,5.4054,0.3978,0.3079,0.3118,0.9946,59.6773,0.0000,0.5934,0.0000,1,0,0,0,0,0.3003
81.5327,-242.6324,0.0864,-50.6409,0.1917,0.6901,0.1917,0.0025,3.1476,141.9782,9.6179,0.3978,0.4037,0.3118,0.9946,59.6773,0.0000,0.8219,0.0000,1,0,0,0,0,0.5343
81.5888,-242.6208,0.0864,-50.6555,0.5102,1.8366,0.5101,0.0056,5.6801,142.5906,10.9220,0.3978,0.4643,0.3118,0.9946,59.6773,0.0000,0.9129,0.0000,1,0,0,0,0,0.7717
81.6448,-242.6167,0.0865,-50.6613,0.1842,0.6630,0.1841,0.0042,-5.8184,143.2243,11.3102,0.3978,0.4858,0.3118,0.9946,59.6773,0.0000,0.9574,0.0000,1,0,0,0,0,0.6283
81.6987,-242.6107,0.0864,-50.6683,0.2401,0.8643,0.2400,0.0072,1.0361,143.8370,11.3561,0.3978,0.4878,0.3177,0.9946,59.6773,0.0000,0.9791,0.0000,1,0,0,0,0,0.6309
81.7512,-242.6055,0.0864,-50.6755,0.1839,0.6620,0.1839,0.0004,-1.0707,144.3507,9.7903,0.3978,0.4878,0.3196,0.9946,59.6773,0.0000,0.9882,0.0000,1,0,0,0,0,0.5439
81.8084,-242.5994,0.0864,-50.6843,0.2740,0.9865,0.2740,0.0016,1.5756,145.1394,13.7901,0.3978,0.4878,0.3294,0.9946,59.6773,0.0000,0.9950,0.0000,1,0,0,0,0,0.7661
81.8627,-242.5938,0.0864,-50.6927,0.2776,0.9995,0.2776,0.0017,0.0666,145.7954,12.0795,0.3978,0.4858,0.3313,0.9946,59.6773,0.0000,0.9976,0.0000,1,0,0,0,0,0.6711
81.9129,-242.5885,0.0864,-50.7008,0.1919,0.6909,0.1919,0.0003,-1.7082,146.3144,10.3408,0.3978,0.4858,0.3372,0.9946,59.6773,0.0000,0.9986,0.0000,1,0,0,0,0,0.5745
81.9708,-242.5823,0.0864,-50.7102,0.1940,0.6985,0.1940,0.0004,0.0364,146.9662,11.2490,0.3978,0.4800,0.3294,0.9946,59.6773,0.0000,0.9993,0.0000,1,0,0,0,0,0.6249
82.0282,-242.5761,0.0864,-50.7199,0.1976,0.7113,0.1976,0.0005,0.0623,147.6138,11.2867,0.3978,0.4643,0.3157,0.9946,59.6773,0.0000,0.9997,0.0000,1,0,0,0,0,0.6270
82.0881,-242.5685,0.0864,-50.7316,0.4282,1.5416,0.4282,0.0045,3.8521,148.4048,13.2108,0.3978,0.4526,0.3216,0.9946,59.6773,0.0000,0.9999,0.0000,1,0,0,0,0,0.7339
82.1427,-242.5628,0.0864,-50.7411,0.3763,1.3548,0.3763,0.0031,-0.9509,149.0564,11.9418,0.3978,0.4370,0.3118,0.9946,59.6773,0.0000,0.9999,0.0000,1,0,0,0,0,0.6634
82.1971,-242.5574,0.0865,-50.7507,0.2251,0.8102,0.2250,0.0040,-2.7791,149.7346,12.4586,0.3978,0.4057,0.3157,0.9946,59.6773,0.0000,1.0000,0.0000,1,0,0,0,0,0.6921
82.2495,-242.5511,0.0865,-50.7607,0.2617,0.9423,0.2616,0.0074,0.7000,150.2958,10.7111,0.3978,0.3959,0.3313,0.9946,59.6773,0.0000,1.0000,0.0000,1,0,0,0,0,0.5951
82.3012,-242.5446,0.0865,-50.7711,0.2641,0.9507,0.2640,0.0077,0.0455,150.9952,13.5258,0.3978,0.3959,0.3313,0.9946,59.6773,0.0000,1.0000,0.0000,1,0,0,0,0,0.7514
82.3608,-242.5371,0.0865,-50.7836,0.2703,0.9732,0.2702,0.0077,0.1045,151.6929,11.6989,0.3978,0.3959,0.3255,0.9946,59.6773,0.0000,1.0000,0.0000,1,0,0,0,0,0.6499
82.4176,-242.5299,0.0865,-50.7961,0.2763,0.9948,0.2762,0.0077,0.1061,152.5287,14.7267,0.3978,0.3959,0.3294,0.9946,59.6773,0.0000,1.0000,0.0000,1,0,0,0,0,0.8182
82.4683,-242.5234,0.0865,-50.8076,0.2828,1.0182,0.2827,0.0077,0.1279,153.0853,10.9747,0.3978,0.3959,0.3255,0.9946,59.6773,0.0000,1.0000,0.0000,1,0,0,0,0,0.6097
82.5297,-242.5154,0.0865,-50.8223,0.2968,1.0683,0.2967,0.0077,0.2266,153.9208,13.6027,0.3978,0.3959,0.3294,0.9946,59.6773,0.0001,1.0000,0.0000,1,0,0,0,0,0.7557
82.5828,-242.5085,0.0865,-50.8356,0.3005,1.0817,0.3004,0.0077,0.0702,154.4778,10.5020,0.3998,0.3959,0.3235,0.9966,59.6967,0.3657,1.0000,0.0000,1,0,0,0,0,0.6038
82.6415,-242.5007,0.0865,-50.8510,0.3155,1.1359,0.3154,0.0078,0.2565,155.3148,14.2549,0.3998,0.3959,0.3235,0.9984,59.7801,1.4203,1.0000,0.0000,1,0,0,0,0,0.8708
82.6930,-242.4938,0.0865,-50.8651,0.3250,1.1699,0.3249,0.0080,0.1832,155.8727,10.8405,0.3998,0.3959,0.3196,0.9990,59.8541,1.4389,1.0000,0.0000,1,0,0,0,0,0.6822
82.7431,-242.4870,0.0865,-50.8793,0.3340,1.2026,0.3340,0.0080,0.1813,156.5699,13.9117,0.3998,0.3959,0.3138,0.9993,59.8975,0.8657,1.0000,0.0000,1,0,0,0,0,0.8210
82.8004,-242.4792,0.0864,-50.8964,0.3484,1.2543,0.3483,0.0081,0.2507,157.2673,12.1610,0.3998,0.3959,0.3118,0.9994,59.9310,0.5842,1.0000,0.0000,1,0,0,0,0,0.7081
82.8508,-242.4718,0.0864,-50.9130,0.2902,1.0446,0.2901,0.0054,-1.1571,157.9644,13.8449,0.3998,0.3959,0.3118,0.9995,59.9477,0.3311,1.0000,0.0000,1,0,0,0,0,0.7876
82.9048,-242.4637,0.0864,-50.9322,0.5374,1.9348,0.5374,0.0078,4.5793,158.5236,10.3546,0.3998,0.3959,0.3118,0.9995,59.9574,0.1812,1.0000,0.0000,1,0,0,0,0,0.8040
82.9611,-242.4568,0.0864,-50.9511,0.4052,1.4586,0.4052,0.0018,-2.3464,159.2319,12.5674,0.3998,0.3959,0.3118,0.9995,59.9639,0.1139,1.0000,0.0000,1,0,0,0,0,0.7045
83.0126,-242.4485,0.0862,-50.9738,0.2676,0.9634,0.2673,0.0118,-2.6739,159.9557,14.0664,0.3998,0.3959,0.3216,0.9995,59.9668,0.0579,1.0000,0.0000,1,0,0,0,0,0.7847
83.0681,-242.4392,0.0864,-51.0000,0.7175,2.5831,0.7175,0.0050,8.0984,160.6672,12.8061,0.3998,0.3959,0.3216,0.9995,59.9683,0.0264,1.0000,0.0000,1,0,0,0,0,0.8180
83.1270,-242.4321,0.0864,-51.0227,0.5507,1.9826,0.5507,0.0005,-2.8352,161.3875,12.2433,0.3998,0.3959,0.3216,0.9995,59.9694,0.0178,1.0000,0.0000,1,0,0,0,0,0.6959
83.1833,-242.4238,0.0864,-51.0489,0.4204,1.5133,0.4203,0.0070,-2.3132,162.1180,12.9630,0.3998,0.3959,0.3157,0.9995,59.9698,0.0083,1.0000,0.0000,1,0,0,0,0,0.7206
83.2410,-242.4120,0.0863,-51.0861,0.2871,1.0334,0.2851,0.0336,-2.3120,163.0364,15.9285,0.3998,0.3959,0.3138,0.9995,59.9700,0.0034,1.0000,0.0000,1,0,0,0,0,0.8851
83.2917,-242.4065,0.0864,-51.1079,0.6134,2.2083,0.6134,0.0028,6.4314,163.5999,11.1045,0.3998,0.3920,0.3138,0.9995,59.9701,0.0021,1.0000,0.0000,1,0,0,0,0,0.6845
83.3457,-242.3972,0.0862,-51.1419,0.3948,1.4214,0.3943,0.0208,-4.0492,164.3690,14.2488,0.3998,0.3822,0.3118,0.9995,59.9702,0.0010,1.0000,0.0000,1,0,0,0,0,0.7917
83.4016,-242.3883,0.0864,-51.1758,0.8445,3.0403,0.8445,0.0037,8.0488,165.0977,13.0427,0.3998,0.3764,0.3118,0.9995,59.9702,0.0005,1.0000,0.0000,1,0,0,0,0,0.7899
83.4573,-242.3792,0.0863,-51.2141,0.5532,1.9914,0.5529,0.0171,-5.2272,165.8929,14.2655,0.3998,0.3686,0.3118,0.9995,59.9702,0.0003,1.0000,0.0000,1,0,0,0,0,1.2556
83.5146,-242.3685,0.0864,-51.2586,1.0031,3.6111,1.0031,0.0059,7.8587,166.6430,13.1026,0.3998,0.3646,0.3118,0.9995,59.9702,0.0001,1.0000,0.0000,1,0,0,0,0,0.8155
83.5702,-242.3610,0.0864,-51.2947,0.8181,2.9452,0.8181,0.0027,-3.3273,167.4136,13.8628,0.3998,0.3646,0.3118,0.9995,59.9702,0.0000,1.0000,0.0000,1,0,0,0,0,0.8204
83.6311,-242.3491,0.0860,-51.3516,0.6611,2.3801,0.6606,0.0276,-2.5761,168.3864,15.9652,0.3998,0.3529,0.3118,0.9995,59.9702,0.0000,1.0000,0.0000,1,0,0,0,0,1.5124
83.6867,-242.3403,0.0864,-51.3987,1.1065,3.9832,1.1064,0.0031,8.0009,169.1485,13.6916,0.3998,0.3392,0.3118,0.9995,59.9702,0.0000,0.9905,0.0000,1,0,0,0,0,0.8033
83.7449,-242.3300,0.0863,-51.4568,0.8719,3.1387,0.8717,0.0146,-4.0357,169.9530,13.8412,0.3998,0.3158,0.3118,0.9995,59.9702,0.0000,0.9540,0.0000,1,0,0,0,0,1.0208
83.8055,-242.3190,0.0864,-51.5215,1.3117,4.7222,1.3117,0.0114,7.2549,170.8471,14.7462,0.3998,0.2981,0.3118,0.9995,59.9702,0.0000,0.9038,0.0000,1,0,0,0,0,0.9490
83.8613,-242.3103,0.0864,-51.5800,0.9582,3.4494,0.9581,0.0103,-6.3325,171.5997,13.4791,0.3998,0.2708,0.3235,0.9995,59.9702,0.0000,0.8525,0.0000,1,0,0,0,0,0.9107
83.9168,-242.3020,0.0864,-51.6384,1.2032,4.3315,1.2032,0.0089,4.4194,172.2730,12.1450,0.3998,0.2512,0.3157,0.9995,59.9702,0.0000,0.7922,0.0000,1,0,0,0,0,0.7859
83.9683,-242.2927,0.0864,-51.7036,1.3545,4.8762,1.3544,0.0164,2.9360,172.8071,10.3630,0.3998,0.2375,0.3196,0.9995,59.9702,0.0000,0.7485,0.0000,1,0,0,0,0,0.7569
84.0295,-242.2839,0.0863,-51.7764,0.8636,3.1091,0.8635,0.0150,-8.0183,173.6099,13.1134,0.3998,0.2219,0.3333,0.9995,59.9702,0.0000,0.6894,0.0000,1,0,0,0,0,0.9885
84.0887,-242.2784,0.0864,-51.8294,0.9400,3.3839,0.9400,0.0044,1.2910,174.1616,9.3311,0.3998,0.2141,0.3255,0.9995,59.9702,0.0000,0.6497,0.0000,1,0,0,0,0,0.5879
84.1485,-242.2722,0.0864,-51.8870,0.9870,3.5533,0.9870,0.0108,0.7865,174.7044,9.0715,0.3998,0.2141,0.3235,0.9995,59.9702,0.0000,0.6303,0.0000,1,0,0,0,0,0.6684
84.2019,-242.2668,0.0864,-51.9404,1.0196,3.6706,1.0195,0.0132,0.6104,175.2442,10.1092,0.3998,0.2141,0.3235,0.9995,59.9702,0.0000,0.6208,0.0000,1,0,0,0,0,0.7564
84.2612,-242.2612,0.0864,-52.0013,1.0377,3.7355,1.0376,0.0143,0.3042,175.8841,10.8001,0.3998,0.1984,0.3216,0.9995,59.9702,0.0000,0.5973,0.0000,1,0,0,0,0,0.8067
84.3151,-242.2566,0.0864,-52.0569,1.0287,3.7032,1.0286,0.0143,-0.1665,176.2990,7.6876,0.3998,0.1926,0.3313,0.9995,59.9702,0.0000,0.5778,0.0000,1,0,0,0,0,0.6362
84.3760,-242.2520,0.0864,-52.1182,0.9863,3.5508,0.9862,0.0138,-0.6950,176.9007,9.8760,0.3998,0.1867,0.3313,0.9995,59.9702,0.0000,0.5541,0.0000,1,0,0,0,0,0.7583
84.4331,-242.2485,0.0864,-52.1728,0.9337,3.3612,0.9336,0.0130,-0.9233,177.3854,8.4962,0.3998,0.1867,0.3235,0.9995,59.9702,0.0000,0.5436,0.0000,1,0,0,0,0,0.6802
84.4886,-242.2456,0.0864,-52.2229,0.8728,3.1422,0.8727,0.0120,-1.0949,177.8577,8.5010,0.3998,0.1828,0.3138,0.9995,59.9702,0.0000,0.5369,0.0000,1,0,0,0,0,0.6783
84.5458,-242.2433,0.0864,-52.2706,0.7991,2.8767,0.7990,0.0108,-1.2892,178.3136,7.9709,0.3998,0.1730,0.3118,0.9995,59.9702,0.0000,0.5211,0.0000,1,0,0,0,0,0.6463
84.6090,-242.2415,0.0864,-52.3173,0.6757,2.4324,0.6756,0.0091,-1.9533,178.8248,8.0910,0.3998,0.1574,0.3118,0.9995,59.9702,0.0000,0.4875,0.0000,1,0,0,0,0,0.6508
84.6656,-242.2403,0.0864,-52.3517,0.5368,1.9325,0.5368,0.0072,-2.4547,179.2123,6.8503,0.3998,0.1437,0.3118,0.9995,59.9702,0.0000,0.4567,0.0000,1,0,0,0,0,0.5820
84.7192,-242.2397,0.0864,-52.3760,0.3597,1.2949,0.3597,0.0050,-3.3035,179.5563,6.4158,0.3998,0.1320,0.3118,0.9995,59.9702,0.0000,0.4207,0.0000,1,0,0,0,0,0.3564
84.7757,-242.2393,0.0864,-52.3907,0.1458,0.5250,0.1458,0.0026,-3.7867,179.8526,5.2462,0.3998,0.1242,0.3118,0.9995,59.9702,0.0000,0.3904,0.0000,1,0,0,0,0,0.2915
84.8286,-242.2392,0.0864,-52.3933,0.0006,0.0022,-0.0002,0.0006,-2.7456,180.1027,4.7296,0.3998,0.1222,0.3177,0.9995,59.9702,0.0000,0.3693,0.0000,1,0,0,0,0,0.2628
84.8808,-242.2391,0.0864,-52.3932,0.0006,0.0021,-0.0001,0.0006,-0.0003,180.2913,3.6143,0.3998,0.1222,0.3177,0.9995,59.9702,0.0000,0.3605,0.0000,1,0,0,0,0,0.2008
84.9343,-242.2390,0.0864,-52.3932,0.0006,0.0021,-0.0001,0.0006,-0.0002,180.5226,4.3228,0.3978,0.1222,0.3157,0.9987,59.9702,0.0000,0.3547,0.0000,1,0,0,0,0,0.2402
84.9862,-242.2390,0.0864,-52.3932,0.0006,0.0021,-0.0001,0.0006,-0.0001,180.7504,4.3843,0.3959,0.1203,0.3157,0.9940,59.8880,1.5826,0.3505,0.0000,1,0,0,0,0,0.3315
85.0470,-242.2389,0.0864,-52.3932,0.0006,0.0020,-0.0001,0.0006,-0.0001,180.9744,3.6834,0.3939,0.1203,0.3157,0.9896,59.6990,3.1081,0.3469,0.0000,1,0,0,0,0,0.3773
85.0992,-242.2388,0.0864,-52.3932,0.0006,0.0020,-0.0001,0.0005,-0.0001,181.1958,4.2458,0.3920,0.1203,0.3157,0.9849,59.4557,4.6658,0.3452,0.0000,1,0,0,0,0,0.4951
85.1508,-242.2387,0.0864,-52.3931,0.0006,0.0020,-0.0001,0.0005,0.0000,181.4153,4.2556,0.3900,0.1203,0.3157,0.9796,59.2264,4.4442,0.3444,0.0000,1,0,0,0,0,0.4833
85.2087,-242.2386,0.0864,-52.3931,0.0006,0.0020,-0.0001,0.0005,0.0000,181.6335,3.7688,0.3881,0.1203,0.3138,0.9756,58.9320,5.0858,0.3439,0.0000,1,0,0,0,0,0.4919
85.2622,-242.2386,0.0864,-52.3931,0.0006,0.0020,-0.0001,0.0005,0.0000,181.8502,4.0444,0.3841,0.1203,0.3177,0.9687,58.6520,5.2255,0.3437,0.0000,1,0,0,0,0,0.5150
85.3248,-242.2385,0.0864,-52.3931,0.0006,0.0020,-0.0001,0.0005,0.0000,182.0649,3.4313,0.3783,0.1203,0.3177,0.9590,58.2298,6.7468,0.3436,0.0000,1,0,0,0,0,0.5654
85.3839,-242.2384,0.0864,-52.3931,0.0006,0.0020,-0.0001,0.0005,0.0000,182.3189,4.3002,0.3724,0.1203,0.3118,0.9436,57.6302,10.1525,0.3436,0.0000,1,0,0,0,0,0.8029
85.4386,-242.2384,0.0864,-52.3931,0.0033,0.0119,0.0001,0.0033,0.0499,182.4976,3.2688,0.3626,0.1203,0.3118,0.9267,56.8622,14.0457,0.3436,0.0000,1,0,0,0,0,0.9619
85.4890,-242.2393,0.0865,-52.3936,0.0037,0.0132,0.0007,0.0036,0.0075,182.5486,1.0121,0.3587,0.1203,0.3138,0.9130,56.0761,15.5976,0.3436,0.0000,1,0,0,0,0,0.9228
85.5407,-242.2401,0.0866,-52.3941,0.0166,0.0599,0.0155,0.0061,0.2507,182.6076,1.1384,0.3548,0.1203,0.3177,0.8996,55.3143,14.7167,0.3436,0.0000,1,0,0,0,0,0.8808
85.6035,-242.2412,0.0866,-52.3948,0.0205,0.0736,0.0194,0.0066,0.0606,182.6741,1.0596,0.3451,0.1203,0.3138,0.8791,54.2828,16.4176,0.3435,0.0000,1,0,0,0,0,0.9710
85.6607,-242.2421,0.0866,-52.3954,0.0208,0.0750,0.0204,0.0043,0.0067,182.7298,0.9734,0.3392,0.1203,0.3138,0.8648,53.2307,18.4190,0.3435,0.0000,1,0,0,0,0,1.0774
85.7150,-242.2429,0.0866,-52.3959,0.0210,0.0756,0.0206,0.0042,0.0028,182.7842,1.0024,0.3353,0.1203,0.3118,0.8514,52.3705,15.8419,0.3435,0.0000,1,0,0,0,0,0.9358
85.7750,-242.2438,0.0866,-52.3965,0.0197,0.0709,0.0194,0.0033,-0.0217,182.8381,0.8988,0.3313,0.1203,0.3118,0.8405,51.5875,13.0482,0.3435,0.0000,1,0,0,0,0,0.7748
85.8385,-242.2448,0.0866,-52.3972,0.0186,0.0671,0.0183,0.0033,-0.0167,182.9010,0.9892,0.3255,0.1203,0.3118,0.8266,50.7856,12.6169,0.3435,0.0000,1,0,0,0,0,0.7559
85.8975,-242.2457,0.0866,-52.3977,0.0184,0.0662,0.0180,0.0035,-0.0041,182.9528,0.8796,0.3138,0.1203,0.3177,0.8080,49.9038,14.9599,0.3435,0.0000,1,0,0,0,0,0.8800
85.9590,-242.2466,0.0866,-52.3983,0.0170,0.0611,0.0167,0.0032,-0.0232,183.0158,1.0234,0.3060,0.1203,0.3157,0.7847,48.8431,17.2298,0.3435,0.0000,1,0,0,0,0,1.0141
86.0142,-242.2474,0.0866,-52.3988,0.0147,0.0531,0.0144,0.0030,-0.0401,183.0690,0.9631,0.2923,0.1203,0.3118,0.7594,47.5222,23.9372,0.3435,0.0000,1,0,0,0,0,1.3833
86.0725,-242.2483,0.0866,-52.3993,0.0134,0.0481,0.0131,0.0028,-0.0237,183.1194,0.8663,0.2805,0.1203,0.3118,0.7319,46.2270,22.2350,0.3435,0.0000,1,0,0,0,0,1.2834
86.1273,-242.2490,0.0866,-52.3998,0.0138,0.0497,0.0136,0.0026,0.0081,183.1677,0.8798,0.2688,0.1203,0.3196,0.7028,44.5532,30.5131,0.3435,0.0000,1,0,0,0,0,1.7441
86.1836,-242.2498,0.0866,-52.4002,0.0132,0.0475,0.0130,0.0025,-0.0110,183.2138,0.8184,0.2571,0.1203,0.3157,0.6729,42.9961,27.6627,0.3435,0.0000,1,0,0,0,0,1.5823
86.2443,-242.2506,0.0866,-52.4007,0.0098,0.0354,0.0095,0.0025,-0.0553,183.2577,0.7229,0.2434,0.1203,0.3138,0.6413,41.1531,30.3460,0.3435,0.0000,1,0,0,0,0,1.7261
86.3023,-242.2513,0.0866,-52.4011,0.0078,0.0282,0.0075,0.0024,-0.0343,183.3003,0.7353,0.2336,0.1203,0.3118,0.6133,39.2627,32.6157,0.3435,0.0000,1,0,0,0,0,1.8528
86.3561,-242.2519,0.0866,-52.4015,0.0066,0.0237,0.0062,0.0023,-0.0234,183.3410,0.7568,0.2238,0.1203,0.3118,0.5863,37.4930,32.9261,0.3435,0.0000,1,0,0,0,0,1.8713
86.4073,-242.2525,0.0865,-52.4018,0.0052,0.0189,0.0047,0.0022,-0.0261,183.3798,0.7569,0.2141,0.1203,0.3118,0.5618,36.1706,25.7842,0.3435,0.0000,1,0,0,0,0,1.4745
86.4583,-242.2530,0.0865,-52.4021,0.0055,0.0197,0.0051,0.0021,0.0045,183.4184,0.7566,0.2062,0.1203,0.3118,0.5404,34.6335,30.1612,0.3435,0.0000,1,0,0,0,0,1.7177
86.5153,-242.2536,0.0865,-52.4024,0.0048,0.0174,0.0044,0.0021,-0.0110,183.4545,0.6337,0.1984,0.1203,0.3255,0.5197,33.1846,25.3990,0.3435,0.0000,1,0,0,0,0,1.4463
86.5696,-242.2542,0.0865,-52.4028,0.0043,0.0154,0.0037,0.0021,-0.0107,183.4877,0.6126,0.1886,0.1203,0.3196,0.4963,32.0131,21.6058,0.3435,0.0000,1,0,0,0,0,1.2344
86.6316,-242.2548,0.0865,-52.4031,0.0051,0.0184,0.0048,0.0018,0.0136,183.5231,0.5699,0.1808,0.1203,0.3529,0.4743,30.3964,26.0482,0.3435,0.0000,1,0,0,0,0,1.4788
86.6942,-242.2553,0.0865,-52.4034,0.0048,0.0174,0.0045,0.0018,-0.0046,183.5580,0.5585,0.1671,0.1203,0.3274,0.4454,28.9191,23.6223,0.3435,0.0000,1,0,0,0,0,1.3434
86.7587,-242.2558,0.0865,-52.4037,0.0052,0.0187,0.0049,0.0017,0.0056,183.5930,0.5414,0.1535,0.1203,0.3274,0.4112,27.2510,25.8483,0.3435,0.0000,1,0,0,0,0,1.4661
86.8193,-242.2563,0.0865,-52.4040,0.0045,0.0162,0.0042,0.0016,-0.0114,183.6198,0.4425,0.1398,0.1203,0.3255,0.3814,25.4480,29.7406,0.3435,0.0000,1,0,0,0,0,1.6768
86.8768,-242.2567,0.0865,-52.4043,0.0037,0.0132,0.0033,0.0015,-0.0144,183.6445,0.4296,0.1261,0.1203,0.3177,0.3499,23.5630,32.7763,0.3435,0.0000,1,0,0,0,0,1.8448
86.9334,-242.2571,0.0865,-52.4045,0.0037,0.0133,0.0034,0.0014,0.0004,183.6660,0.3812,0.1124,0.1281,0.3157,0.3181,21.8269,30.7174,0.3484,0.0000,1,0,0,0,0,1.7277
86.9968,-242.2575,0.0865,-52.4047,0.0027,0.0097,0.0022,0.0015,-0.0157,183.6923,0.4141,0.1007,0.1613,0.3157,0.2821,19.7736,32.3634,0.3956,0.0000,1,0,0,0,0,1.8210
87.0527,-242.2579,0.0865,-52.4049,0.0049,0.0178,0.0047,0.0015,0.0402,183.7158,0.4205,0.0909,0.2200,0.3157,0.2557,17.7414,36.3391,0.4812,0.0000,1,0,0,0,0,2.0422
87.1077,-242.2582,0.0865,-52.4052,0.0142,0.0513,0.0142,0.0012,0.1691,183.7385,0.4123,0.0889,0.2669,0.3157,0.2367,16.1355,29.1977,0.5933,0.0000,1,0,0,0,0,1.6450
87.1611,-242.2586,0.0864,-52.4058,0.0264,0.0950,0.0264,0.0007,0.2277,183.7609,0.4198,0.0870,0.3118,0.3118,0.2266,14.9663,21.9271,0.7212,0.0000,1,0,0,0,0,1.2415
87.2124,-242.2592,0.0863,-52.4094,0.1147,0.4129,0.1147,0.0014,1.7184,183.7902,0.5701,0.0870,0.3412,0.3177,0.2221,14.2786,13.3822,0.8147,0.0000,1,0,0,0,0,0.7751
87.2658,-242.2604,0.0863,-52.4219,0.3508,1.2628,0.3508,0.0015,4.4287,183.8582,1.2758,0.0870,0.3646,0.3196,0.2195,13.7198,10.4822,0.9088,0.0000,1,0,0,0,0,0.6532
87.3166,-242.2625,0.0864,-52.4488,0.7213,2.5966,0.7213,0.0017,7.2872,183.9853,2.5003,0.0870,0.4076,0.3138,0.2183,13.4511,5.2839,0.9554,0.0000,1,0,0,0,0,0.4677
87.3772,-242.2663,0.0864,-52.5054,1.1385,4.0985,1.1385,0.0047,6.8852,184.1458,2.6490,0.0870,0.4331,0.3138,0.2178,13.2562,3.2169,0.9782,0.0000,1,0,0,0,0,0.3874
87.4296,-242.2712,0.0864,-52.5771,1.5723,5.6603,1.5723,0.0084,8.2751,184.3223,3.3655,0.0929,0.4448,0.3138,0.2222,13.1934,1.1992,0.9893,0.0000,1,0,0,0,0,0.3341
87.4806,-242.2776,0.0864,-52.6675,2.0145,7.2521,2.0144,0.0120,8.6771,184.5204,3.8892,0.0987,0.4467,0.3138,0.2330,13.3925,3.9084,0.9948,0.0000,1,0,0,0,0,0.5224
87.5331,-242.2861,0.0864,-52.7824,2.3710,8.5355,2.3709,0.0151,6.7820,184.6973,3.3649,0.1046,0.4467,0.3118,0.2432,13.7866,7.4968,0.9970,0.0000,1,0,0,0,0,0.6987
87.5873,-242.2971,0.0864,-52.9242,2.8188,10.1479,2.8188,0.0197,8.2656,184.9459,4.5877,0.1124,0.4467,0.3118,0.2598,14.4610,12.4464,0.9986,0.0000,1,0,0,0,0,1.0509
87.6448,-242.3114,0.0864,-53.1001,3.2676,11.7634,3.2675,0.0254,7.8124,185.2321,4.9818,0.1222,0.4467,0.3118,0.2826,15.3023,14.6466,0.9993,0.0000,1,0,0,0,0,1.2069
87.6988,-242.3278,0.0864,-53.2898,3.7170,13.3812,3.7169,0.0322,8.3233,185.5570,6.0178,0.1280,0.4467,0.3118,0.3007,16.4504,21.2635,0.9997,0.0000,1,0,0,0,0,1.6456
87.7513,-242.3467,0.0864,-53.4970,4.1666,14.9998,4.1664,0.0401,8.5504,185.9186,6.8772,0.1319,0.4467,0.3118,0.3149,17.4179,18.4008,0.9998,0.0000,1,0,0,0,0,1.5487
87.8082,-242.3708,0.0864,-53.7460,4.6163,16.6186,4.6160,0.0488,7.9063,186.3128,6.9312,0.1319,0.4467,0.3118,0.3234,18.3870,17.0371,0.9999,0.0000,1,0,0,0,0,1.4900
87.8648,-242.3990,0.0864,-54.0195,5.0660,18.2377,5.0657,0.0579,7.9488,186.7336,7.4372,0.1339,0.4467,0.3118,0.3279,18.9537,10.0165,1.0000,0.0000,1,0,0,0,0,1.1412
87.9160,-242.4286,0.0864,-54.2890,5.5157,19.8564,5.5153,0.0678,8.7859,187.1805,8.7326,0.1359,0.4448,0.3118,0.3325,19.3459,7.6633,1.0000,0.0000,1,0,0,0,0,1.0952
87.9753,-242.4683,0.0864,-54.6273,5.9653,21.4750,5.9648,0.0783,7.5793,187.6541,7.9833,0.1359,0.3998,0.3255,0.3366,19.7510,6.8294,1.0000,0.0000,1,0,0,0,0,1.0199
88.0288,-242.5095,0.0864,-54.9568,6.4148,23.0934,6.4142,0.0895,8.3949,188.1517,9.2922,0.1359,0.3529,0.3235,0.3383,20.0114,4.8637,1.0000,0.0000,1,0,0,0,0,0.9958
88.0918,-242.5650,0.0864,-55.3725,6.9290,24.9443,6.9282,0.1025,8.1724,188.7688,9.8084,0.1300,0.3158,0.3235,0.3334,20.1422,2.0788,0.9598,0.0000,1,0,0,0,0,0.8823
88.1435,-242.6167,0.0864,-55.7352,7.2317,26.0342,7.2309,0.1093,5.8529,189.1767,7.8870,0.1261,0.3060,0.3313,0.3255,20.0079,2.5966,0.9235,0.0000,1,0,0,0,0,0.8091
88.2041,-242.6843,0.0864,-56.1815,7.6443,27.5194,7.6434,0.1170,6.8078,189.7751,9.8731,0.1163,0.3060,0.3274,0.3072,19.4925,8.5058,0.8951,0.0000,1,0,0,0,0,1.2506
88.2641,-242.7587,0.0864,-56.6441,7.9617,28.6623,7.9608,0.1210,5.2893,190.2558,8.0089,0.1104,0.2962,0.3177,0.2917,18.7306,12.6933,0.8725,0.0000,1,0,0,0,0,1.3782
88.3155,-242.8284,0.0864,-57.0552,8.2561,29.7220,8.2552,0.1240,5.7270,190.7219,9.0687,0.1065,0.2903,0.3177,0.2790,17.9537,15.1159,0.8531,0.0000,1,0,0,0,0,1.5689
88.3690,-242.9067,0.0864,-57.4963,8.5335,30.7205,8.5325,0.1260,5.1889,191.1735,8.4493,0.1007,0.2903,0.3216,0.2652,17.1987,14.1241,0.8410,0.0000,1,0,0,0,0,1.4756
88.4280,-243.0001,0.0864,-57.9989,8.8020,31.6871,8.8011,0.1271,4.5487,191.6094,7.3850,0.0948,0.2903,0.3138,0.2509,16.3318,14.6868,0.8351,0.0000,1,0,0,0,0,1.4427
88.4802,-243.0890,0.0864,-58.4567,9.0662,32.6382,9.0653,0.1275,5.0570,192.0295,8.0403,0.0889,0.2903,0.3138,0.2369,15.4592,16.7008,0.8322,0.0000,1,0,0,0,0,1.5855
88.5390,-243.1958,0.0864,-58.9857,9.3283,33.5818,9.3274,0.1274,4.4628,192.4339,6.8862,0.0831,0.2903,0.3138,0.2235,14.6680,13.4710,0.8308,0.0000,1,0,0,0,0,1.3358
88.5898,-243.2943,0.0864,-59.4559,9.5893,34.5216,9.5885,0.1268,5.1329,192.8213,7.6169,0.0772,0.2903,0.3138,0.2093,13.9429,14.2589,0.8301,0.0000,1,0,0,0,0,1.4137
88.6439,-243.4054,0.0864,-59.9686,9.7950,35.2620,9.7942,0.1252,3.8007,193.1151,5.4287,0.0713,0.2806,0.3177,0.1962,13.0894,15.7708,0.8232,0.0000,1,0,0,0,0,1.3695
88.7029,-243.5335,0.0864,-60.5412,10.0793,36.2854,10.0786,0.1217,4.8184,193.5263,6.9704,0.0655,0.2649,0.3333,0.1784,12.0852,17.0217,0.7953,0.0000,1,0,0,0,0,1.5140
88.7612,-243.6670,0.0864,-61.1194,10.2812,37.0122,10.2805,0.1174,3.4625,193.8412,5.4009,0.0577,0.2532,0.3274,0.1631,11.1707,15.6856,0.7645,0.0000,1,0,0,0,0,1.3427
88.8140,-243.7932,0.0864,-61.6519,10.4444,37.5997,10.4438,0.1112,3.0901,194.1243,5.3609,0.0499,0.2356,0.3255,0.1456,10.1882,18.6024,0.7262,0.0000,1,0,0,0,0,1.4910
88.8667,-243.9236,0.0864,-62.1893,10.5639,38.0299,10.5633,0.1036,2.2688,194.3754,4.7668,0.0459,0.2239,0.3333,0.1298,9.3536,15.8451,0.6871,0.0000,1,0,0,0,0,1.2922
88.9184,-244.0552,0.0864,-62.7203,10.6250,38.2499,10.6245,0.0962,1.1837,194.5509,3.3978,0.0361,0.2063,0.3274,0.1135,8.3691,19.0658,0.6499,0.0000,1,0,0,0,0,1.3838
88.9695,-244.1882,0.0864,-63.2480,10.6566,38.3636,10.6562,0.0854,0.6176,194.7342,3.5860,0.0303,0.1926,0.3157,0.0942,7.4228,18.5098,0.6058,0.0000,1,0,0,0,0,1.3478
89.0293,-244.3465,0.0864,-63.8656,10.6418,38.3105,10.6416,0.0734,-0.2464,194.8786,2.4127,0.0205,0.1867,0.3177,0.0735,6.1947,20.5198,0.5688,0.0000,1,0,0,0,0,1.3775
89.0813,-244.4853,0.0864,-64.4000,10.5999,38.1595,10.5997,0.0565,-0.8071,194.9563,1.4942,0.0146,0.1867,0.3157,0.0316,4.6724,29.2857,0.5508,0.0000,1,0,0,0,0,1.7899
89.1342,-244.6273,0.0864,-64.9409,10.5447,37.9611,10.5447,0.0402,-1.0422,194.9869,0.5786,0.0049,0.1867,0.3118,0.0136,3.0785,30.1423,0.5419,0.0000,1,0,0,0,0,1.7638
89.1904,-244.7784,0.0864,-65.5129,10.4831,37.7391,10.4831,0.0280,-1.0960,194.9975,0.1883,-0.0010,0.1867,0.3118,0.0058,1.7040,24.4386,0.5376,0.0000,1,0,0,0,0,1.4083
89.2449,-244.9245,0.0864,-66.0634,10.4182,37.5055,10.4182,0.0200,-1.1912,194.9995,0.0367,-0.0069,0.1867,0.3118,0.0025,1.0074,12.7873,0.5355,0.0000,1,0,0,0,0,0.7413
89.3049,-245.0847,0.0864,-66.6659,10.3518,37.2665,10.3518,0.0149,-1.1066,194.9978,-0.0275,-0.0147,0.1867,0.3118,0.0011,0.5237,8.0599,0.5344,0.0000,1,0,0,0,0,0.4709
89.3556,-245.2194,0.0864,-67.1714,10.2847,37.0250,10.2847,0.0114,-1.3235,194.9918,-0.1180,-0.0206,0.1867,0.3118,-0.0075,0.2953,4.5068,0.5339,0.0000,1,0,0,0,0,0.2736
89.4059,-245.3524,0.0864,-67.6704,10.2306,36.8303,10.2306,0.0045,-1.0745,194.9537,-0.7579,-0.0264,0.1867,0.3118,-0.0342,-0.4111,14.0344,0.5337,0.0000,1,0,0,0,0,0.8283
89.4596,-245.4932,0.0864,-68.1993,10.1629,36.5866,10.1629,0.0064,-1.2611,194.8660,-1.6330,-0.0323,0.1867,0.3118,-0.0569,-1.4357,19.0903,0.5336,0.0000,1,0,0,0,0,1.1607
89.5221,-245.6555,0.0864,-68.8108,10.0817,36.2942,10.0817,0.0192,-1.2999,194.7165,-2.3939,-0.0381,0.1867,0.3118,-0.0786,-2.8326,22.3579,0.5335,0.0000,1,0,0,0,0,1.4036
89.5791,-245.8016,0.0864,-69.3644,10.0138,36.0497,10.0138,0.0292,-1.1926,194.5596,-2.7549,-0.0479,0.1867,0.3157,-0.0968,-4.1335,22.8385,0.5335,0.0000,1,0,0,0,0,1.4656
89.6316,-245.9345,0.0864,-69.8723,9.9594,35.8539,9.9593,0.0372,-1.0344,194.4113,-2.8195,-0.0557,0.1848,0.3118,-0.1130,-5.1177,18.7192,0.5327,0.0000,1,0,0,0,0,1.2526
89.6822,-246.0605,0.0864,-70.3582,9.8888,35.5995,9.8886,0.0475,-1.3965,194.1938,-4.2998,-0.0616,0.1848,0.3118,-0.1341,-6.2596,22.5708,0.5302,0.0000,1,0,0,0,0,1.5648
89.7452,-246.2142,0.0864,-70.9586,9.8018,35.2866,9.8017,0.0594,-1.3813,193.8901,-4.8269,-0.0733,0.1848,0.3216,-0.1594,-7.5582,20.6363,0.5289,0.0000,1,0,0,0,0,1.5056
89.8055,-246.3580,0.0864,-71.5299,9.7283,35.0218,9.7280,0.0698,-1.2192,193.5971,-4.8565,-0.0831,0.1848,0.3138,-0.1823,-8.8979,22.2078,0.5284,0.0000,1,0,0,0,0,1.6112
89.8656,-246.4975,0.0864,-72.0956,9.6396,34.7026,9.6393,0.0819,-1.4744,193.1997,-6.6071,-0.0909,0.1848,0.3138,-0.2074,-10.4200,25.3089,0.5281,0.0000,1,0,0,0,0,1.9006
89.9287,-246.6393,0.0864,-72.6846,9.5633,34.4278,9.5628,0.0917,-1.2100,192.8321,-5.8278,-0.1007,0.1828,0.3235,-0.2294,-11.7720,21.4319,0.5251,0.0000,1,0,0,0,0,1.6583
89.9790,-246.7488,0.0864,-73.1509,9.4848,34.1453,9.4843,0.1009,-1.5606,192.4329,-7.9393,-0.1085,0.1828,0.3353,-0.2501,-12.9395,23.2190,0.5237,0.0000,1,0,0,0,0,1.8906
90.0406,-246.8783,0.0864,-73.7185,9.4051,33.8584,9.4045,0.1096,-1.2926,192.0039,-6.9584,-0.1164,0.1828,0.3177,-0.2696,-14.3770,23.3188,0.5230,0.0000,1,0,0,0,0,1.8568
90.0976,-246.9931,0.0864,-74.2388,9.3249,33.5697,9.3242,0.1177,-1.4091,191.5457,-8.0504,-0.1242,0.1828,0.3138,-0.2894,-15.7521,24.1572,0.5226,0.0000,1,0,0,0,0,1.9787
90.1526,-247.0994,0.0864,-74.7380,9.2443,33.2796,9.2435,0.1251,-1.4648,191.0611,-8.8094,-0.1320,0.1828,0.3138,-0.3076,-16.8466,19.8966,0.5225,0.0000,1,0,0,0,0,1.7978
90.2181,-247.2197,0.0864,-75.3282,9.1474,32.9305,9.1464,0.1335,-1.4796,190.4440,-9.4154,-0.1417,0.1828,0.3138,-0.3315,-18.0509,18.3736,0.5224,0.0000,1,0,0,0,0,1.7627
90.2683,-247.3072,0.0864,-75.7772,9.0664,32.6392,9.0653,0.1405,-1.6110,189.8968,-10.8931,-0.1515,0.1828,0.3118,-0.3538,-19.2689,24.2478,0.5223,0.0000,1,0,0,0,0,2.1848
90.3294,-247.4079,0.0864,-76.3194,8.9854,32.3473,8.9842,0.1477,-1.3268,189.3192,-9.4524,-0.1594,0.1828,0.3216,-0.3750,-20.6892,23.2442,0.5223,0.0000,1,0,0,0,0,2.0631
90.3887,-247.4992,0.0864,-76.8413,8.8880,31.9968,8.8866,0.1556,-1.6427,188.5895,-12.3084,-0.1672,0.1828,0.3177,-0.3987,-22.0270,22.5671,0.5223,0.0000,1,0,0,0,0,2.2001
90.4418,-247.5756,0.0864,-77.3049,8.8229,31.7626,8.8215,0.1606,-1.2260,188.0826,-9.5540,-0.1750,0.1828,0.3216,-0.4147,-23.0577,19.4234,0.5223,0.0000,1,0,0,0,0,1.8829
90.5006,-247.6541,0.0864,-77.8148,8.7253,31.4111,8.7237,0.1677,-1.6603,187.2889,-13.4956,-0.1848,0.1828,0.3157,-0.4397,-24.4678,23.9786,0.5223,0.0000,1,0,0,0,0,2.3702
90.5609,-247.7276,0.0864,-78.3333,8.6439,31.1179,8.6421,0.1732,-1.3506,186.6002,-11.4225,-0.1906,0.1828,0.3138,-0.4578,-25.7334,20.9903,0.5223,0.0000,1,0,0,0,0,2.1013
90.6146,-247.7873,0.0864,-78.7919,8.5623,30.8244,8.5604,0.1827,-1.5165,185.8934,-13.1479,-0.1965,0.1828,0.3274,-0.4731,-26.8221,20.2520,0.5223,0.0000,1,0,0,0,0,2.1756
90.6697,-247.8430,0.0864,-79.2581,8.4805,30.5299,8.4784,0.1917,-1.4847,185.1687,-13.1531,-0.1984,0.1828,0.3313,-0.4854,-27.8355,18.3932,0.5223,0.0000,1,0,0,0,0,2.0917
90.7292,-247.8965,0.0864,-79.7571,8.3986,30.2350,8.3963,0.1971,-1.3771,184.4337,-12.3571,-0.2004,0.1828,0.3372,-0.4943,-28.5579,12.1429,0.5223,0.0000,1,0,0,0,0,1.7131
90.7805,-247.9369,0.0864,-80.1833,8.3167,29.9402,8.3144,0.1977,-1.5983,183.6932,-14.4524,-0.2043,0.1828,0.3411,-0.5016,-29.3037,14.5574,0.5223,0.0000,1,0,0,0,0,1.9682
90.8313,-247.9714,0.0864,-80.6026,8.2346,29.6447,8.2324,0.1916,-1.6159,182.9497,-14.6374,-0.2063,0.1828,0.3177,-0.5082,-29.7415,8.6197,0.5223,0.0000,1,0,0,0,0,1.6411
90.8968,-248.0080,0.0864,-81.1385,8.1528,29.3502,8.1507,0.1880,-1.2475,182.2011,-11.4163,-0.2102,0.1828,0.3118,-0.5163,-30.2275,7.4116,0.5223,0.0000,1,0,0,0,0,1.3919
90.9518,-248.0319,0.0864,-81.5839,8.0710,29.0555,8.0688,0.1860,-1.4878,181.4442,-13.7576,-0.2161,0.1828,0.3118,-0.5270,-30.8055,10.5053,0.5223,0.0000,1,0,0,0,0,1.6935
91.0045,-248.0492,0.0864,-82.0064,7.9892,28.7612,7.9871,0.1850,-1.5516,180.6770,-14.5589,-0.2200,0.1828,0.3099,-0.5383,-31.3136,9.6435,0.5223,0.0000,1,0,0,0,0,1.6919
91.0611,-248.0616,0.0864,-82.4555,7.9074,28.4665,7.9052,0.1846,-1.4477,179.9000,-13.7434,-0.2258,0.1828,0.3099,-0.5500,-32.0002,12.1433,0.5223,0.0000,1,0,0,0,0,1.7883
91.1135,-248.0676,0.0864,-82.8674,7.8255,28.1717,7.8233,0.1845,-1.5635,179.1116,-15.0520,-0.2297,0.1828,0.3099,-0.5621,-32.6977,13.3181,0.5223,0.0000,1,0,0,0,0,1.9299
91.1753,-248.0679,0.0864,-83.3489,7.7437,27.8773,7.7415,0.1836,-1.3217,178.3223,-12.7560,-0.2317,0.1828,0.3099,-0.5705,-33.3686,10.8407,0.5223,0.0000,1,0,0,0,0,1.6665
91.2306,-248.0622,0.0864,-83.7741,7.6618,27.5824,7.6595,0.1891,-1.4824,177.5197,-14.5253,-0.2356,0.1828,0.3099,-0.5796,-33.9341,10.2352,0.5223,0.0000,1,0,0,0,0,1.7458
91.2891,-248.0504,0.0864,-84.2189,7.5634,27.2284,7.5609,0.1945,-1.6821,176.5469,-16.6389,-0.2395,0.1828,0.3099,-0.5907,-34.5402,10.3672,0.5223,0.0000,1,0,0,0,0,1.8862
91.3525,-248.0306,0.0864,-84.6952,7.4812,26.9325,7.4787,0.1965,-1.2964,175.7303,-12.8809,-0.2434,0.1828,0.3099,-0.5995,-35.1619,9.8058,0.5223,0.0000,1,0,0,0,0,1.6544
91.4063,-248.0078,0.0864,-85.0948,7.3991,26.6367,7.3967,0.1891,-1.5262,174.9101,-15.2358,-0.2473,0.1828,0.3099,-0.6085,-35.7517,10.9561,0.5223,0.0000,1,0,0,0,0,1.8385
91.4594,-247.9799,0.0864,-85.4846,7.3171,26.3417,7.3148,0.1846,-1.5419,174.0835,-15.5522,-0.2512,0.1828,0.3099,-0.6183,-36.2546,9.4615,0.5223,0.0000,1,0,0,0,0,1.7682
91.5100,-247.9486,0.0864,-85.8515,7.2352,26.0468,7.2329,0.1818,-1.6194,173.2499,-16.4796,-0.2571,0.1828,0.3099,-0.6294,-36.7852,10.4898,0.5223,0.0000,1,0,0,0,0,1.8752
91.5637,-247.9105,0.0864,-86.2362,7.1696,25.8107,7.1674,0.1802,-1.2217,172.5784,-12.5100,-0.2591,0.1828,0.3099,-0.6367,-37.3749,10.9850,0.5223,0.0000,1,0,0,0,0,1.6824
91.6223,-247.8631,0.0864,-86.6505,7.0713,25.4568,7.0691,0.1781,-1.6777,171.5648,-17.2984,-0.2610,0.1828,0.3099,-0.6468,-37.9939,10.5637,0.5223,0.0000,1,0,0,0,0,1.9258
91.6782,-247.8127,0.0864,-87.0402,6.9893,25.1615,6.9871,0.1762,-1.4688,170.7184,-15.1537,-0.2630,0.1828,0.3099,-0.6528,-38.5359,9.7036,0.5223,0.0000,1,0,0,0,0,1.7592
91.7342,-247.7569,0.0864,-87.4255,6.9074,24.8668,6.9053,0.1741,-1.4609,169.8720,-15.1083,-0.2649,0.1828,0.3099,-0.6582,-38.9500,7.3920,0.5223,0.0000,1,0,0,0,0,1.6281
91.7847,-247.7022,0.0864,-87.7686,6.8420,24.6311,6.8398,0.1722,-1.2953,169.1967,-13.3603,-0.2669,0.1828,0.3099,-0.6610,-39.2307,5.5531,0.5223,0.0000,1,0,0,0,0,1.4282
91.8378,-247.6406,0.0864,-88.1241,6.7601,24.3363,6.7580,0.1695,-1.5424,168.3546,-15.8598,-0.2669,0.1828,0.3099,-0.6645,-39.5282,5.6040,0.5223,0.0000,1,0,0,0,0,1.5685
91.8963,-247.5677,0.0864,-88.5100,6.6783,24.0419,6.6762,0.1667,-1.3982,167.5156,-14.3441,-0.2688,0.1828,0.3235,-0.6684,-39.7606,3.9727,0.5223,0.0000,1,0,0,0,0,1.3920
91.9535,-247.4917,0.0864,-88.8811,6.5802,23.6886,6.5781,0.1631,-1.7173,166.5127,-17.5493,-0.2708,0.1828,0.3353,-0.6727,-40.0092,4.3503,0.5223,0.0000,1,0,0,0,0,1.5885
92.0104,-247.4115,0.0864,-89.2449,6.4984,23.3941,6.4964,0.1602,-1.4371,165.6801,-14.6290,-0.2728,0.1828,0.3138,-0.6766,-40.2247,3.7878,0.5223,0.0000,1,0,0,0,0,1.3930
92.0615,-247.3357,0.0864,-89.5666,6.4329,23.1586,6.4310,0.1580,-1.2800,165.0157,-12.9951,-0.2747,0.1828,0.3118,-0.6799,-40.4288,3.9914,0.5223,0.0000,1,0,0,0,0,1.3120
92.1228,-247.2404,0.0864,-89.9458,6.3350,22.8061,6.3331,0.1545,-1.5982,164.0218,-16.2242,-0.2767,0.1828,0.3118,-0.6850,-40.7083,4.5623,0.5223,0.0000,1,0,0,0,0,1.5207
92.1746,-247.1561,0.0864,-90.2617,6.2534,22.5121,6.2515,0.1517,-1.5732,163.1963,-15.9077,-0.2767,0.1828,0.3118,-0.6888,-40.9745,5.1294,0.5223,0.0000,1,0,0,0,0,1.5325
92.2260,-247.0694,0.0864,-90.5693,6.1881,22.2771,6.1863,0.1494,-1.2709,162.5377,-12.8204,-0.2786,0.1828,0.3118,-0.6926,-41.2056,4.4984,0.5223,0.0000,1,0,0,0,0,1.3244
92.2923,-246.9531,0.0864,-90.9591,6.0901,21.9245,6.0884,0.1461,-1.4781,161.5527,-14.8613,-0.2806,0.1828,0.3118,-0.6979,-41.4495,3.6806,0.5223,0.0000,1,0,0,0,0,1.3899
92.3469,-246.8542,0.0864,-91.2741,6.0085,21.6306,6.0066,0.1510,-1.4954,160.7365,-14.9503,-0.2845,0.1828,0.3118,-0.7041,-41.7967,6.3588,0.5223,0.0000,1,0,0,0,0,1.5608
92.3997,-246.7557,0.0864,-91.5738,5.9268,21.3366,5.9249,0.1526,-1.5451,159.9168,-15.5109,-0.2864,0.1828,0.3118,-0.7101,-42.0705,5.1809,0.5223,0.0000,1,0,0,0,0,1.5359
92.4529,-246.6540,0.0864,-91.8702,5.8451,21.0422,5.8431,0.1524,-1.5371,159.0974,-15.4023,-0.2884,0.1828,0.3118,-0.7163,-42.4554,7.2347,0.5223,0.0000,1,0,0,0,0,1.6487
92.5084,-246.5453,0.0864,-92.1733,5.7633,20.7480,5.7613,0.1510,-1.4749,158.2800,-14.7509,-0.2903,0.1828,0.3118,-0.7213,-42.7876,5.9957,0.5223,0.0000,1,0,0,0,0,1.5457
92.5605,-246.4404,0.0864,-92.4532,5.6979,20.5123,5.6959,0.1495,-1.2551,157.6278,-12.5056,-0.2923,0.1828,0.3255,-0.7255,-43.0713,5.4398,0.5223,0.0000,1,0,0,0,0,1.3906
92.6166,-246.3252,0.0864,-92.7483,5.6162,20.2181,5.6143,0.1436,-1.4578,156.8149,-14.5017,-0.2942,0.1828,0.3255,-0.7309,-43.3877,5.6442,0.5223,0.0000,1,0,0,0,0,1.5027
92.6669,-246.2192,0.0864,-93.0083,5.5345,19.9244,5.5329,0.1350,-1.6201,156.0053,-16.0733,-0.2962,0.1828,0.3255,-0.7360,-43.6778,5.7593,0.5223,0.0000,1,0,0,0,0,1.5789
92.7294,-246.0849,0.0864,-93.3237,5.4368,19.5726,5.4353,0.1281,-1.5652,155.0385,-15.4863,-0.2981,0.1828,0.3255,-0.7408,-43.9757,4.7717,0.5223,0.0000,1,0,0,0,0,1.4790
92.7859,-245.9608,0.0864,-93.6028,5.3555,19.2797,5.3540,0.1239,-1.4392,154.2361,-14.1938,-0.3001,0.1828,0.3196,-0.7458,-44.2855,5.4800,0.5223,0.0000,1,0,0,0,0,1.4401
92.8458,-245.8271,0.0864,-93.8917,5.2741,18.9868,5.2727,0.1205,-1.3589,153.4364,-13.3575,-0.3040,0.1828,0.3138,-0.7515,-44.5945,5.1611,0.5223,0.0000,1,0,0,0,0,1.3715
92.8980,-245.7087,0.0864,-94.1385,5.1928,18.6940,5.1914,0.1174,-1.5559,152.6389,-15.2563,-0.3040,0.1828,0.3138,-0.7564,-44.9082,6.0007,0.5223,0.0000,1,0,0,0,0,1.5200
92.9498,-245.5900,0.0864,-94.3777,5.1278,18.4600,5.1265,0.1151,-1.2558,152.0035,-12.2766,-0.3060,0.1828,0.3118,-0.7602,-45.1789,5.2319,0.5223,0.0000,1,0,0,0,0,1.3093
93.0066,-245.4581,0.0864,-94.6344,5.0466,18.1677,5.0453,0.1122,-1.4299,151.2130,-13.9194,-0.3079,0.1828,0.3118,-0.7643,-45.4783,5.2718,0.5223,0.0000,1,0,0,0,0,1.3997
93.0635,-245.3245,0.0864,-94.8855,4.9492,17.8172,4.9480,0.1088,-1.7106,150.2695,-16.5758,-0.3099,0.1828,0.3177,-0.7698,-45.7695,5.1149,0.5223,0.0000,1,0,0,0,0,1.5347
93.1256,-245.1773,0.0864,-95.1526,4.8680,17.5248,4.8669,0.1061,-1.3073,149.4868,-12.6019,-0.3118,0.1828,0.3118,-0.7750,-46.0645,4.7495,0.5223,0.0000,1,0,0,0,0,1.2908
93.1888,-245.0262,0.0864,-95.4168,4.7706,17.1741,4.7695,0.1028,-1.5417,148.5531,-14.7761,-0.3138,0.1828,0.3099,-0.7799,-46.3688,4.8167,0.5223,0.0000,1,0,0,0,0,1.4116
93.2429,-244.8960,0.0864,-95.6371,4.6895,16.8821,4.6884,0.1000,-1.5009,147.7797,-14.3074,-0.3158,0.1828,0.3099,-0.7845,-46.6566,5.3241,0.5223,0.0000,1,0,0,0,0,1.4105
93.2966,-244.7658,0.0864,-95.8508,4.6084,16.5903,4.6074,0.0973,-1.5068,147.0107,-14.2988,-0.3177,0.1828,0.3099,-0.7887,-46.8860,4.2660,0.5223,0.0000,1,0,0,0,0,1.3480
93.3553,-244.6230,0.0864,-96.0781,4.5274,16.2988,4.5265,0.0946,-1.3794,146.2464,-13.0183,-0.3177,0.1828,0.3099,-0.7919,-47.1692,4.8229,0.5223,0.0000,1,0,0,0,0,1.3044
93.4073,-244.4963,0.0864,-96.2739,4.4464,16.0070,4.4454,0.0917,-1.5610,145.4889,-14.5883,-0.3177,0.1828,0.3099,-0.7932,-47.3687,3.8421,0.5223,0.0000,1,0,0,0,0,1.3332
93.4632,-244.3595,0.0864,-96.4792,4.3654,15.7153,4.3645,0.0887,-1.4490,144.7393,-13.4065,-0.3177,0.1828,0.3099,-0.7938,-47.4885,2.1431,0.5223,0.0000,1,0,0,0,0,1.1687
93.5148,-244.2331,0.0864,-96.6639,4.3006,15.4823,4.2998,0.0864,-1.2532,144.1456,-11.4959,-0.3177,0.1828,0.3099,-0.7940,-47.5638,1.4575,0.5223,0.0000,1,0,0,0,0,1.0209
93.5725,-244.0919,0.0864,-96.8644,4.2197,15.1911,4.2189,0.0833,-1.4035,143.4112,-12.7390,-0.3177,0.1828,0.3099,-0.7942,-47.6073,0.7550,0.5223,0.0000,1,0,0,0,0,1.0459
93.6241,-243.9656,0.0864,-97.0390,4.1389,14.8999,4.1381,0.0803,-1.5671,142.6854,-14.0630,-0.3177,0.1828,0.3118,-0.7942,-47.6278,0.3976,0.5223,0.0000,1,0,0,0,0,1.0944
93.6754,-243.8403,0.0864,-97.2079,4.0580,14.6087,4.0572,0.0773,-1.5767,141.9682,-13.9819,-0.3177,0.1828,0.3118,-0.7943,-47.6408,0.2520,0.5223,0.0000,1,0,0,0,0,1.0764
93.7342,-243.6971,0.0864,-97.3958,3.9772,14.3180,3.9765,0.0743,-1.3743,141.2597,-12.0556,-0.3177,0.1828,0.3118,-0.7943,-47.6485,0.1318,0.5223,0.0000,1,0,0,0,0,0.9575
93.7955,-243.5482,0.0864,-97.5858,3.8802,13.9688,3.8796,0.0708,-1.5797,140.4210,-13.6617,-0.3177,0.1828,0.3099,-0.7943,-47.6525,0.0647,0.5223,0.0000,1,0,0,0,0,1.0364
93.8498,-243.4173,0.0864,-97.7485,3.8156,13.7363,3.8150,0.0686,-1.1902,139.8681,-10.1887,-0.3197,0.1828,0.3099,-0.7962,-47.6837,0.5751,0.5223,0.0000,1,0,0,0,0,0.8678
93.9009,-243.2948,0.0864,-97.8970,3.7348,13.4453,3.7342,0.0659,-1.5834,139.1830,-13.4190,-0.3197,0.1828,0.3099,-0.7979,-47.7568,1.4314,0.5223,0.0000,1,0,0,0,0,1.0898
93.9665,-243.1386,0.0864,-98.0816,3.6380,13.0967,3.6374,0.0627,-1.4756,138.3712,-12.3726,-0.3197,0.1828,0.3099,-0.7987,-47.8304,1.1218,0.5223,0.0000,1,0,0,0,0,1.0083
94.0168,-243.0198,0.0864,-98.2184,3.5735,12.8646,3.5730,0.0607,-1.2826,137.8357,-10.6513,-0.3216,0.1828,0.3099,-0.8013,-47.9156,1.6958,0.5223,0.0000,1,0,0,0,0,0.9407
94.0738,-242.8863,0.0864,-98.3687,3.4766,12.5159,3.4762,0.0576,-1.6979,137.0409,-13.9339,-0.3216,0.1828,0.3099,-0.8030,-48.0361,2.1113,0.5223,0.0000,1,0,0,0,0,1.1400
94.1252,-242.7672,0.0864,-98.4996,3.4142,12.2910,3.4137,0.0557,-1.2163,136.5157,-10.2225,-0.3236,0.1887,0.3099,-0.8055,-48.1234,1.6993,0.5269,0.0000,1,0,0,0,0,0.9072
94.1861,-242.6271,0.0864,-98.6501,3.3412,12.0284,3.3408,0.0537,-1.1970,135.7231,-13.0093,-0.3255,0.2043,0.3099,-0.8108,-48.3251,3.3110,0.5516,0.0000,1,0,0,0,0,1.1476
94.2468,-242.4876,0.0864,-98.7959,3.3094,11.9140,3.3090,0.0529,-0.5235,135.0508,-11.0714,-0.3275,0.2121,0.3099,-0.8153,-48.5711,4.0503,0.5762,0.0000,1,0,0,0,0,1.0800
94.3072,-242.3479,0.0864,-98.9384,3.3073,11.9061,3.3068,0.0531,-0.0360,134.2264,-13.6528,-0.3275,0.2239,0.3099,-0.8175,-48.7951,3.7096,0.6060,0.0000,1,0,0,0,0,1.2052
94.3641,-242.2139,0.0864,-99.0716,3.3413,12.0287,3.3409,0.0543,0.5979,133.5182,-12.4418,-0.3294,0.2395,0.3099,-0.8209,-48.9935,3.4871,0.6390,0.0000,1,0,0,0,0,1.1289
94.4164,-242.0875,0.0864,-99.1942,3.3943,12.2194,3.3938,0.0562,1.0133,132.9341,-11.1713,-0.3294,0.2473,0.3099,-0.8222,-49.1372,2.7463,0.6641,0.0000,1,0,0,0,0,1.0216
94.4736,-241.9442,0.0864,-99.3298,3.5154,12.6553,3.5149,0.0603,2.1185,132.0257,-15.8916,-0.3294,0.2591,0.3099,-0.8231,-49.2507,1.9871,0.7012,0.0000,1,0,0,0,0,1.2507
94.5340,-241.7850,0.0864,-99.4764,3.6536,13.1530,3.6530,0.0652,2.2866,131.2360,-13.0626,-0.3294,0.2669,0.3099,-0.8234,-49.3283,1.2828,0.7300,0.0000,1,0,0,0,0,1.0645
94.5863,-241.6398,0.0864,-99.6065,3.8178,13.7440,3.8171,0.0711,3.1415,130.4168,-15.6776,-0.3294,0.2728,0.3099,-0.8235,-49.3645,0.6932,0.7518,0.0000,1,0,0,0,0,1.1887
94.6428,-241.4735,0.0864,-99.7515,4.0024,14.4086,4.0016,0.0780,3.2656,129.5683,-15.0078,-0.3294,0.2747,0.3099,-0.8235,-49.3888,0.4293,0.7672,0.0000,1,0,0,0,0,1.1498
94.6942,-241.3134,0.0864,-99.8873,4.2037,15.1332,4.2028,0.0858,3.9199,128.6904,-17.0984,-0.3294,0.2825,0.3099,-0.8236,-49.4002,0.2218,0.7838,0.0000,1,0,0,0,0,1.2684
94.7449,-241.1459,0.0864,-100.0255,4.3812,15.7722,4.3802,0.0930,3.5002,127.9633,-14.3373,-0.3294,0.2903,0.3099,-0.8236,-49.4065,0.1246,0.8015,0.0000,1,0,0,0,0,1.1220
94.8058,-240.9312,0.0864,-100.1974,4.6784,16.8424,4.6772,0.1057,4.8829,126.8263,-18.6757,-0.3294,0.3001,0.3099,-0.8236,-49.4103,0.0633,0.8304,0.0000,1,0,0,0,0,1.3798
94.8734,-240.6730,0.0864,-100.3964,5.0052,18.0187,5.0038,0.1204,4.8302,125.6333,-17.6348,-0.3294,0.3021,0.3099,-0.8236,-49.4123,0.0289,0.8473,0.0000,1,0,0,0,0,1.3423
94.9275,-240.4504,0.0864,-100.5617,5.2904,19.0454,5.2887,0.1341,5.2700,124.5989,-19.1163,-0.3294,0.3021,0.3099,-0.8236,-49.4133,0.0181,0.8554,0.0000,1,0,0,0,0,1.4431
94.9835,-240.2041,0.0864,-100.7382,5.5812,20.0924,5.5793,0.1486,5.1929,123.5294,-19.0939,-0.3294,0.3021,0.3099,-0.8236,-49.4137,0.0069,0.8593,0.0000,1,0,0,0,0,1.4606
95.0338,-239.9689,0.0864,-100.9009,5.8158,20.9371,5.8136,0.1610,4.6678,122.6489,-17.5197,-0.3314,0.3021,0.3099,-0.8250,-49.4200,0.1262,0.8609,0.0000,1,0,0,0,0,1.3956
95.0857,-239.7117,0.0864,-101.0724,6.1105,21.9978,6.1079,0.1773,5.6812,121.5150,-21.8617,-0.3314,0.3021,0.3099,-0.8270,-49.4847,1.2466,0.8620,0.0000,1,0,0,0,0,1.7192
95.1426,-239.4123,0.0864,-101.2643,6.4054,23.0595,6.4025,0.1945,5.1816,120.3461,-20.5378,-0.3314,0.3021,0.3099,-0.8278,-49.5710,1.5167,0.8625,0.0000,1,0,0,0,0,1.6807
95.1994,-239.0952,0.0864,-101.4588,6.7006,24.1220,6.6972,0.2123,5.1976,119.1433,-21.1818,-0.3314,0.3021,0.3099,-0.8282,-49.6222,0.9012,0.8628,0.0000,1,0,0,0,0,1.7020
95.2559,-238.7610,0.0864,-101.6545,6.9956,25.1843,6.9918,0.2307,5.2193,117.9069,-21.8694,-0.3314,0.3021,0.3099,-0.8283,-49.6610,0.6873,0.8629,0.0000,1,0,0,0,0,1.7479
95.3142,-238.3964,0.0864,-101.8577,7.2903,26.2452,7.2860,0.2499,5.0532,116.6374,-21.7687,-0.3314,0.3021,0.3099,-0.8284,-49.6837,0.3896,0.8630,0.0000,1,0,0,0,0,1.7451
95.3675,-238.0455,0.0864,-102.0436,7.5848,27.3052,7.5800,0.2696,5.5268,115.3348,-24.4502,-0.3314,0.3021,0.3099,-0.8284,-49.6935,0.1830,0.8630,0.0000,1,0,0,0,0,1.9016
95.4228,-237.6631,0.0864,-102.2359,7.8789,28.3642,7.8736,0.2910,5.3197,114.0040,-24.0657,-0.3314,0.3021,0.3099,-0.8284,-49.7004,0.1253,0.8630,0.0000,1,0,0,0,0,1.8979
95.4864,-237.2001,0.0864,-102.4550,8.2313,29.6326,8.2252,0.3148,5.5405,112.3672,-25.7401,-0.3314,0.3021,0.3099,-0.8284,-49.7037,0.0515,0.8630,0.0000,1,0,0,0,0,2.0066
95.5415,-236.7780,0.0864,-102.6422,8.5245,30.6882,8.5179,0.3360,5.3153,110.9668,-25.3840,-0.3314,0.3021,0.3099,-0.8284,-49.7054,0.0314,0.8630,0.0000,1,0,0,0,0,2.0032
95.6045,-236.2728,0.0864,-102.8515,8.8757,31.9524,8.8681,0.3662,5.5756,109.2396,-27.4239,-0.3314,0.3021,0.3099,-0.8284,-49.7062,0.0129,0.8630,0.0000,1,0,0,0,0,2.1432
95.6574,-235.8295,0.0864,-103.0221,9.1093,32.7935,9.1012,0.3842,4.4197,108.0581,-22.3501,-0.3314,0.3021,0.3099,-0.8285,-49.7066,0.0069,0.8630,0.0000,1,0,0,0,0,1.8747
95.7125,-235.3482,0.0864,-103.1942,9.4010,33.8435,9.3921,0.4075,5.2911,106.5518,-27.3257,-0.3314,0.3021,0.3099,-0.8285,-49.7068,0.0042,0.8630,0.0000,1,0,0,0,0,2.1685
95.7741,-234.7881,0.0864,-103.3776,9.7502,35.1007,9.7404,0.4365,5.6750,104.7013,-30.0719,-0.3314,0.3021,0.3099,-0.8285,-49.7069,0.0015,0.8631,0.0000,1,0,0,0,0,2.3423
95.8249,-234.3076,0.0864,-103.5212,9.9825,35.9369,9.9720,0.4566,4.5707,103.4415,-24.7891,-0.3314,0.3021,0.3099,-0.8285,-49.7070,0.0010,0.8631,0.0000,1,0,0,0,0,2.0633
95.8832,-233.7354,0.0864,-103.6759,10.3304,37.1893,10.3189,0.4874,5.9612,101.5128,-33.0490,-0.3314,0.3021,0.3099,-0.8285,-49.7070,0.0004,0.8631,0.0000,1,0,0,0,0,2.5438
95.9424,-233.1333,0.0864,-103.8203,10.6194,38.2298,10.6070,0.5139,4.8847,99.8699,-27.7648,-0.3314,0.3021,0.3099,-0.8285,-49.7070,0.0002,0.8631,0.0000,1,0,0,0,0,2.2683
95.9984,-232.5433,0.0864,-103.9440,10.9079,39.2684,10.8945,0.5410,5.1511,98.1946,-29.9109,-0.3314,0.3021,0.3099,-0.8285,-49.7070,0.0001,0.8631,0.0000,1,0,0,0,0,2.4056
96.0495,-231.9882,0.0864,-104.0447,11.1956,40.3041,11.1811,0.5685,5.6289,96.4874,-33.4032,-0.3294,0.3021,0.3099,-0.8277,-49.7070,0.0000,0.8631,0.0000,1,0,0,0,0,2.6175
96.0996,-231.4291,0.0864,-104.1309,11.4252,41.1306,11.4099,0.5904,4.5876,95.1031,-27.6640,-0.3255,0.3021,0.3099,-0.8235,-49.6465,1.2091,0.8631,0.0000,1,0,0,0,0,2.3792
96.1568,-230.7711,0.0864,-104.2132,11.7112,42.1603,11.6955,0.6059,4.9942,93.3627,-30.3876,-0.3197,0.3021,0.3099,-0.8118,-49.3760,4.7229,0.8631,0.0000,1,0,0,0,0,2.7266
96.2173,-230.0551,0.0864,-104.2788,12.0532,43.3914,12.0378,0.6081,5.6517,91.2695,-34.5929,-0.3118,0.3021,0.3099,-0.7956,-48.7838,9.7873,0.8631,0.0000,1,0,0,0,0,3.2223
96.2772,-229.3262,0.0864,-104.3205,12.3382,44.4175,12.3231,0.6093,4.7588,89.5378,-28.9136,-0.3021,0.3021,0.3099,-0.7762,-47.9660,13.6543,0.8631,0.0000,1,0,0,0,0,3.1056
96.3291,-228.6790,0.0864,-104.3373,12.6232,45.4434,12.6084,0.6106,5.4930,87.8205,-33.1029,-0.2942,0.3021,0.3099,-0.7573,-47.0755,17.1650,0.8631,0.0000,1,0,0,0,0,3.5182
96.3890,-227.9148,0.0864,-104.3334,12.9081,46.4691,12.8936,0.6116,4.7590,86.1180,-28.4358,-0.2845,0.3021,0.3099,-0.7350,-45.9243,19.2293,0.8631,0.0000,1,0,0,0,0,3.3588
96.4391,-227.2619,0.0864,-104.3103,13.1932,47.4955,13.1790,0.6121,5.6934,84.4363,-33.5820,-0.2747,0.3021,0.3099,-0.7115,-44.8006,22.4391,0.8631,0.0000,1,0,0,0,0,3.8082
96.4942,-226.5295,0.0864,-104.2634,13.4785,48.5225,13.4646,0.6125,5.1770,82.7825,-30.0097,-0.2649,0.3021,0.3099,-0.6881,-43.3286,26.7111,0.8631,0.0000,1,0,0,0,0,3.8329
96.5561,-225.6899,0.0864,-104.1833,13.7639,49.5501,13.7503,0.6127,4.6089,81.1611,-26.1831,-0.2551,0.3021,0.3099,-0.6631,-41.9344,22.5124,0.8631,0.0000,1,0,0,0,0,3.3731
96.6078,-224.9763,0.0864,-104.0939,14.0497,50.5789,14.0363,0.6124,5.5281,79.5759,-30.6629,-0.2415,0.3021,0.3099,-0.6363,-40.5684,26.4235,0.8631,0.0000,1,0,0,0,0,3.8253
96.6588,-224.2615,0.0864,-103.9854,14.3358,51.6089,14.3228,0.6114,5.6099,78.0383,-30.1475,-0.2297,0.3021,0.3099,-0.6059,-39.0671,29.4371,0.8631,0.0000,1,0,0,0,0,3.9500
96.7153,-223.4572,0.0864,-103.8412,14.6224,52.6405,14.6096,0.6103,5.0679,76.5544,-26.2442,-0.2161,0.3021,0.3099,-0.5751,-37.1976,33.0635,0.8631,0.0000,1,0,0,0,0,3.9209
96.7692,-222.6803,0.0864,-103.6809,14.8520,53.4671,14.8395,0.6087,4.2657,75.4134,-21.1980,-0.2023,0.3021,0.3099,-0.5457,-35.5767,30.1142,0.8631,0.0000,1,0,0,0,0,3.4654
96.8292,-221.8007,0.0864,-103.4755,15.1974,54.7106,15.1853,0.6053,5.7492,73.7948,-26.9410,-0.1828,0.3021,0.3099,-0.4994,-33.3865,36.4547,0.8631,0.0000,1,0,0,0,0,4.1194
96.8882,-220.9260,0.0864,-103.2477,15.4860,55.7497,15.4743,0.6019,4.8994,72.5397,-21.3033,-0.1652,0.3021,0.3099,-0.4580,-31.0581,39.5215,0.8631,0.0000,1,0,0,0,0,3.9622
96.9398,-220.1502,0.0864,-103.0274,15.7755,56.7920,15.7642,0.5970,5.6110,71.3762,-22.5492,-0.1515,0.3021,0.3099,-0.4177,-29.0819,38.2994,0.8631,0.0000,1,0,0,0,0,3.9481
96.9954,-219.3038,0.0864,-102.7685,16.0656,57.8363,16.0551,0.5804,5.2142,70.3061,-19.2359,-0.1300,0.3021,0.3099,-0.3752,-26.2283,51.2940,0.8631,0.0000,1,0,0,0,0,4.4602
97.0522,-218.4295,0.0864,-102.4817,16.3563,58.8826,16.3470,0.5504,5.1184,69.3443,-16.9373,-0.1105,0.3021,0.3099,-0.3291,-23.7958,42.8365,0.8631,0.0000,1,0,0,0,0,3.8256
97.1053,-217.6029,0.0864,-102.1937,16.6481,59.9331,16.6404,0.5054,5.4978,68.5174,-15.5786,-0.0831,0.3021,0.3099,-0.2716,-20.8464,55.5663,0.8631,0.0000,1,0,0,0,0,4.4079
97.1560,-216.8035,0.0864,-101.9008,16.8823,60.7764,16.8761,0.4581,4.6127,67.9701,-10.7770,-0.0596,0.3021,0.3099,-0.2205,-18.2806,50.5277,0.8631,0.0000,1,0,0,0,0,3.8129
97.2063,-216.0044,0.0864,-101.5956,17.1763,61.8348,17.1720,0.3862,5.8549,67.4420,-10.5160,-0.0381,0.3021,0.3099,-0.1588,-15.0387,64.5568,0.8631,0.0000,1,0,0,0,0,4.5080
97.2568,-215.1906,0.0864,-101.2742,17.4126,62.6853,17.4096,0.3229,4.6709,67.1394,-5.9846,-0.0206,0.3021,0.3099,-0.1115,-11.5465,69.0507,0.8631,0.0000,1,0,0,0,0,4.4468
97.3147,-214.2472,0.0864,-100.8906,17.7682,63.9656,17.7669,0.2147,6.1416,66.9078,-3.9989,0.0049,0.3021,0.3099,-0.0405,-7.7132,66.1979,0.8631,0.0000,1,0,0,0,0,4.0811
97.3686,-213.3570,0.0864,-100.5210,18.0060,64.8217,18.0054,0.1530,4.4139,66.8401,-1.2557,0.0146,0.3021,0.3099,-0.0206,-4.7180,55.5909,0.8631,0.0000,1,0,0,0,0,3.2856
97.4277,-212.3659,0.0864,-100.1039,18.3633,66.1079,18.3632,0.0521,6.0441,66.9181,1.3196,0.0440,0.3021,0.3118,0.0504,-1.8861,47.9069,0.8631,0.0000,1,0,0,0,0,2.7774
97.4843,-211.4021,0.0864,-99.6957,18.6613,67.1807,18.6613,0.0416,5.2677,67.1680,4.4170,0.0674,0.3021,0.3118,0.1050,1.5986,61.5967,0.8631,0.0000,1,0,0,0,0,3.7009
97.5387,-210.4599,0.0864,-99.2973,18.9591,68.2527,18.9586,0.1426,5.4732,67.5881,7.7218,0.0870,0.3021,0.3099,0.1578,4.8239,59.2834,0.8631,0.0000,1,0,0,0,0,3.8353
97.5913,-209.5338,0.0864,-98.9092,19.2564,69.3229,19.2547,0.2501,5.6494,68.1813,11.2736,0.1085,0.3021,0.3099,0.2111,7.7322,55.2702,0.8631,0.0000,1,0,0,0,0,3.8917
97.6420,-208.6269,0.0864,-98.5351,19.4936,70.1770,19.4906,0.3413,4.6835,68.7862,11.9401,0.1241,0.3021,0.3099,0.2546,10.3726,52.1215,0.8631,0.0000,1,0,0,0,0,3.8216
97.6932,-207.6949,0.0864,-98.1594,19.7888,71.2398,19.7835,0.4589,5.7682,69.6981,17.8172,0.1417,0.3021,0.3118,0.3034,13.6132,63.3200,0.8631,0.0000,1,0,0,0,0,4.8555
97.7447,-206.7394,0.0864,-97.7860,20.0237,72.0853,20.0160,0.5550,4.5573,70.5511,16.5526,0.1554,0.3021,0.3099,0.3396,16.0882,48.0234,0.8631,0.0000,1,0,0,0,0,4.0033
97.7999,-205.7086,0.0864,-97.4000,19.8680,71.5249,19.8582,0.6242,-2.8206,71.7435,21.6035,0.1710,0.3021,0.3099,0.3817,19.1230,54.9880,0.8631,0.0000,1,0,0,0,0,4.7264
97.8509,-204.7490,0.0864,-97.0622,19.9253,71.7311,19.9152,0.6335,1.1234,73.0587,25.7885,0.1808,0.3021,0.3099,0.4181,21.5058,46.7186,0.8631,0.0000,1,0,0,0,0,4.5051
97.9015,-203.7904,0.0864,-96.7475,19.9252,71.7306,19.9150,0.6381,-0.0027,74.1820,22.2139,0.1867,0.3021,0.3099,0.4394,23.5931,41.2774,0.8631,0.0000,1,0,0,0,0,4.0077
97.9518,-202.8295,0.0864,-96.4564,19.9821,71.9355,19.9717,0.6440,1.1312,75.6570,29.3149,0.1945,0.3021,0.3099,0.4624,25.2561,33.0513,0.8631,0.0000,1,0,0,0,0,3.9483
98.0078,-201.7517,0.0864,-96.1589,20.0386,72.1390,20.0281,0.6483,1.0091,77.1948,27.4565,0.1984,0.3021,0.3099,0.4787,26.8319,28.1355,0.8631,0.0000,1,0,0,0,0,3.5737
98.0584,-200.7715,0.0864,-95.9154,19.8680,71.5249,19.8574,0.6494,-3.3714,78.7790,31.3090,0.2004,0.3021,0.3099,0.4910,27.9225,21.5542,0.8631,0.0000,1,0,0,0,0,3.4271
98.1091,-199.7846,0.0864,-95.6969,19.8680,71.5248,19.8574,0.6509,-0.0002,80.0701,25.4699,0.2023,0.3021,0.3099,0.4983,28.7663,16.6468,0.8631,0.0000,1,0,0,0,0,2.8312
98.1594,-198.7996,0.0864,-95.5051,19.9247,71.7289,19.9140,0.6527,1.1263,81.6998,32.3912,0.2023,0.3021,0.3099,0.5026,29.3657,11.9122,0.8631,0.0000,1,0,0,0,0,2.9526
98.2115,-197.7743,0.0864,-95.3333,19.9247,71.7289,19.9140,0.6528,0.0000,83.0111,25.1631,0.2023,0.3021,0.3099,0.5042,29.7533,7.4389,0.8631,0.0000,1,0,0,0,0,2.3027
98.2679,-196.6599,0.0864,-95.1784,19.9813,71.9328,19.9706,0.6536,1.0046,84.6535,29.1310,0.2023,0.3021,0.3099,0.5051,30.0384,5.0568,0.8631,0.0000,1,0,0,0,0,2.3900
98.3190,-195.6452,0.0864,-95.0663,20.0379,72.1365,20.0272,0.6544,1.1068,86.2986,32.1732,0.2023,0.3021,0.3099,0.5055,30.1758,2.6861,0.8631,0.0000,1,0,0,0,0,2.4265
98.3812,-194.4081,0.0864,-94.9659,19.9247,71.7288,19.9140,0.6530,-1.8195,88.2714,31.6970,0.2004,0.3021,0.3099,0.5043,30.2584,1.3271,0.8631,0.0000,1,0,0,0,0,2.3263
98.4336,-193.3644,0.0864,-94.9123,19.9247,71.7289,19.9141,0.6509,0.0005,89.5729,24.8407,0.1926,0.3021,0.3099,0.4961,30.2001,1.1130,0.8631,0.0000,1,0,0,0,0,1.9319
98.4891,-192.2581,0.0864,-94.8857,19.9817,71.9340,19.9712,0.6473,1.0272,91.1504,28.4501,0.1828,0.3021,0.3099,0.4776,29.7694,7.7666,0.8631,0.0000,1,0,0,0,0,2.4980
98.5404,-191.2341,0.0864,-94.8880,20.0389,72.1400,20.0286,0.6421,1.1153,92.6564,29.3560,0.1671,0.3021,0.3099,0.4516,28.8027,18.8449,0.8631,0.0000,1,0,0,0,0,3.1585
98.5957,-190.1302,0.0864,-94.9176,19.8680,71.5249,19.8579,0.6334,-3.0871,94.0690,25.5236,0.1535,0.3021,0.3099,0.4214,27.6561,20.7163,0.8631,0.0000,1,0,0,0,0,3.0471
98.6495,-189.0589,0.0864,-94.9718,19.9255,71.7317,19.9157,0.6258,1.0683,95.3653,24.1006,0.1378,0.3021,0.3099,0.3840,25.8139,34.2514,0.8631,0.0000,1,0,0,0,0,3.7129
98.7063,-187.9283,0.0864,-95.0539,19.9834,71.9403,19.9739,0.6182,1.0198,96.5453,20.7728,0.1241,0.3021,0.3099,0.3489,23.8827,33.9939,0.8631,0.0000,1,0,0,0,0,3.5067
98.7623,-186.8167,0.0864,-95.1573,20.0378,72.1361,20.0285,0.6100,0.9725,97.6053,18.9540,0.1085,0.2942,0.3099,0.3117,21.9658,34.2780,0.8550,0.0000,1,0,0,0,0,3.4140
98.8225,-185.6225,0.0864,-95.2908,19.8680,71.5246,19.8589,0.5992,-2.8191,98.5384,15.4877,0.0909,0.2864,0.3099,0.2718,19.6126,39.0564,0.8401,0.0000,1,0,0,0,0,3.4826
98.8784,-184.5166,0.0864,-95.4330,19.9181,71.7052,19.9098,0.5763,0.8966,99.3397,14.3289,0.0772,0.2845,0.3099,0.2340,17.1352,44.3003,0.8261,0.0000,1,0,0,0,0,3.6912
98.9340,-183.4199,0.0864,-95.5905,19.9659,71.8772,19.9589,0.5278,0.8603,100.0156,12.1676,0.0635,0.2845,0.3099,0.1956,14.8249,41.5963,0.8193,0.0000,1,0,0,0,0,3.3834
99.0009,-182.1024,0.0864,-95.7994,19.9163,71.6985,19.9115,0.4370,-0.7420,100.7537,11.0350,0.0459,0.2845,0.3099,0.1442,12.5288,34.3239,0.8151,0.0000,1,0,0,0,0,2.8491
99.0563,-181.0133,0.0864,-95.9864,19.9151,71.6942,19.9115,0.3785,-0.0214,101.0691,5.6881,0.0283,0.2786,0.3099,0.1117,10.0757,44.2510,0.8090,0.0000,1,0,0,0,0,3.0595
99.1125,-179.9105,0.0864,-96.1866,20.0043,72.0155,20.0023,0.2826,1.5878,101.3821,5.5703,0.0146,0.2747,0.3099,0.0554,7.5168,45.5339,0.7988,0.0000,1,0,0,0,0,3.0510
99.1705,-178.7741,0.0864,-96.4020,20.0358,72.1290,20.0349,0.1968,0.5438,101.4881,1.8287,0.0010,0.2591,0.3099,0.0238,4.8000,46.8613,0.7767,0.0000,1,0,0,0,0,2.8523
99.2221,-177.7642,0.0864,-96.5988,19.9776,71.9194,19.9771,0.1410,-1.1284,101.5252,0.7186,-0.0108,0.2493,0.3099,0.0121,3.1023,32.9018,0.7535,0.0000,1,0,0,0,0,1.9736
99.2784,-176.6629,0.0864,-96.8173,19.9836,71.9410,19.9835,0.0784,0.1068,101.5317,0.1159,-0.0225,0.2356,0.3099,-0.0111,1.6210,26.2992,0.7154,0.0000,1,0,0,0,0,1.5264
99.3317,-175.6214,0.0864,-97.0261,19.9113,71.6807,19.9113,0.0304,-1.3566,101.4550,-1.4391,-0.0303,0.2258,0.3099,-0.0392,0.2510,25.7069,0.6890,0.0000,1,0,0,0,0,1.5310
99.3820,-174.6367,0.0864,-97.2241,19.9920,71.9712,19.9920,0.0311,1.6030,101.2728,-3.6210,-0.0381,0.2102,0.3099,-0.0675,-1.5167,35.1219,0.6523,0.0000,1,0,0,0,0,2.1757
99.4348,-173.6058,0.0864,-97.4306,19.8843,71.5835,19.8841,0.0885,-2.0401,101.0123,-4.9354,-0.0479,0.1965,0.3099,-0.0928,-2.9362,26.8908,0.6111,0.0000,1,0,0,0,0,1.8349
99.4926,-172.4780,0.0864,-97.6537,19.8721,71.5395,19.8716,0.1437,-0.2114,100.6743,-5.8453,-0.0596,0.1770,0.3099,-0.1192,-4.7561,31.4784,0.5655,0.0000,1,0,0,0,0,2.1820
99.5501,-171.3586,0.0864,-97.8706,19.8170,71.3412,19.8160,0.1967,-0.9589,100.2616,-7.1830,-0.0694,0.1770,0.3099,-0.1446,-6.4690,29.8154,0.5349,0.0000,1,0,0,0,0,2.2044
99.6111,-170.1727,0.0864,-98.0941,19.7361,71.0500,19.7345,0.2547,-1.3253,99.7783,-7.9205,-0.0792,0.1711,0.3099,-0.1683,-7.9839,24.8222,0.5141,0.0000,1,0,0,0,0,2.0126
99.6756,-168.9238,0.0864,-98.3198,19.6146,70.6124,19.6121,0.3118,-1.8840,99.1006,-10.5025,-0.0890,0.1711,0.3099,-0.1992,-9.5942,24.9575,0.4995,0.0000,1,0,0,0,0,2.2084
99.7306,-167.8646,0.0864,-98.5015,19.4991,70.1966,19.4959,0.3538,-2.1012,98.4652,-11.5586,-0.0987,0.1652,0.3099,-0.2217,-11.2259,29.6840,0.4873,0.0000,1,0,0,0,0,2.5634
99.7825,-166.8692,0.0864,-98.6629,19.3718,69.7384,19.3678,0.3913,-2.4531,97.7768,-13.2675,-0.1026,0.1652,0.3099,-0.2388,-12.3879,22.3948,0.4795,0.0000,1,0,0,0,0,2.2843
99.8405,-165.7618,0.0864,-98.8308,19.2383,69.2578,19.2337,0.4213,-2.3006,97.0531,-12.4729,-0.1046,0.1652,0.3099,-0.2503,-13.6453,21.6714,0.4757,0.0000,1,0,0,0,0,2.2254
99.8917,-164.7896,0.0864,-98.9670,19.1015,68.7654,19.0964,0.4423,-2.6715,96.3094,-14.5260,-0.1046,0.1652,0.3099,-0.2567,-14.4141,15.0160,0.4738,0.0000,1,0,0,0,0,1.9886
99.9441,-163.8003,0.0864,-99.0945,18.9909,68.3671,18.9855,0.4530,-2.1124,95.7093,-11.4559,-0.1046,0.1652,0.3099,-0.2591,-14.9293,9.8343,0.4730,0.0000,1,0,0,0,0,1.5406
99.9947,-162.8495,0.0864,-99.2058,18.8517,67.8660,18.8461,0.4596,-2.7498,94.9589,-14.8267,-0.1046,0.1652,0.3099,-0.2605,-15.2493,6.3232,0.4725,0.0000,1,0,0,0,0,1.5407
100.0524,-161.7722,0.0864,-99.3184,18.7115,67.3616,18.7059,0.4612,-2.4295,94.2110,-12.9656,-0.1046,0.1633,0.3099,-0.2611,-15.4617,3.6814,0.4708,0.0000,1,0,0,0,0,1.2945
100.1056,-160.7839,0.0864,-99.4089,18.5686,66.8468,18.5629,0.4593,-2.6849,93.4676,-13.9593,-0.1046,0.1633,0.3099,-0.2613,-15.5569,1.7878,0.4686,0.0000,1,0,0,0,0,1.2458
100.1588,-159.8041,0.0864,-99.4864,18.4239,66.3262,18.4184,0.4530,-2.7221,92.7370,-13.7519,-0.0987,0.1633,0.3099,-0.2559,-15.5666,0.1824,0.4675,0.0000,1,0,0,0,0,1.1429
100.2101,-158.8640,0.0864,-99.5494,18.3077,65.9076,18.3023,0.4434,-2.2661,92.1729,-10.9914,-0.0948,0.1633,0.3099,-0.2483,-15.3570,4.0838,0.4670,0.0000,1,0,0,0,0,1.2008
100.2705,-157.7644,0.0864,-99.6090,18.1331,65.2790,18.1282,0.4219,-2.8875,91.3695,-13.2886,-0.0890,0.1633,0.3099,-0.2343,-14.9033,7.5039,0.4667,0.0000,1,0,0,0,0,1.5042
100.3218,-156.8380,0.0864,-99.6478,17.9877,64.7556,17.9832,0.3993,-2.8341,90.7444,-12.1838,-0.0831,0.1633,0.3099,-0.2204,-14.2979,11.7990,0.4665,0.0000,1,0,0,0,0,1.6654
100.3787,-155.8191,0.0864,-99.6788,17.8425,64.2331,17.8386,0.3742,-2.5522,90.1618,-10.2450,-0.0753,0.1633,0.3099,-0.2058,-13.5792,12.6404,0.4665,0.0000,1,0,0,0,0,1.5860
100.4293,-154.9198,0.0864,-99.6964,17.7267,63.8159,17.7231,0.3530,-2.2916,89.7272,-8.5957,-0.0714,0.1633,0.3099,-0.1945,-12.8362,14.6921,0.4664,0.0000,1,0,0,0,0,1.5924
100.4808,-154.0107,0.0864,-99.7054,17.5821,63.2954,17.5791,0.3251,-2.8074,89.2241,-9.7669,-0.0636,0.1633,0.3099,-0.1784,-12.0545,15.1773,0.4664,0.0000,1,0,0,0,0,1.6632
100.5394,-152.9835,0.0864,-99.7056,17.4378,62.7762,17.4353,0.2942,-2.4590,88.7764,-7.6332,-0.0538,0.1633,0.3099,-0.1568,-11.2064,14.4593,0.4664,0.0000,1,0,0,0,0,1.4804
100.5919,-152.0714,0.0864,-99.6975,17.2939,62.2579,17.2919,0.2589,-2.7409,88.3950,-7.2626,-0.0440,0.1633,0.3099,-0.1327,-9.9387,24.1370,0.4664,0.0000,1,0,0,0,0,1.9690
100.6447,-151.1622,0.0864,-99.6825,17.1504,61.7415,17.1490,0.2217,-2.7182,88.0791,-5.9850,-0.0323,0.1633,0.3099,-0.1081,-8.6010,25.3448,0.4664,0.0000,1,0,0,0,0,1.9344
100.6950,-150.3029,0.0864,-99.6626,17.0359,61.3291,17.0348,0.1918,-2.2787,87.8724,-4.1105,-0.0245,0.1633,0.3099,-0.0898,-7.3670,24.5470,0.4664,0.0000,1,0,0,0,0,1.7610
100.7460,-149.4381,0.0864,-99.6381,16.8929,60.8144,16.8922,0.1579,-2.8033,87.6908,-3.5607,-0.0166,0.1633,0.3099,-0.0540,-6.0281,26.2555,0.4664,0.0000,1,0,0,0,0,1.7966
100.7998,-148.5337,0.0864,-99.6085,16.7502,60.3007,16.7498,0.1153,-2.6548,87.6013,-1.6656,-0.0088,0.1633,0.3099,-0.0232,-4.2993,32.1592,0.4664,0.0000,1,0,0,0,0,1.9824
100.8583,-147.5571,0.0864,-99.5731,16.6077,59.7875,16.6075,0.0800,-2.4339,87.5594,-0.7155,-0.0010,0.1633,0.3099,-0.0100,-2.4978,30.7614,0.4664,0.0000,1,0,0,0,0,1.8210
100.9122,-146.6658,0.0864,-99.5384,16.4653,59.2752,16.4653,0.0466,-2.6396,87.5395,-0.3696,0.0068,0.1633,0.3099,-0.0043,-1.4465,19.4997,0.4664,0.0000,1,0,0,0,0,1.1463
100.9677,-145.7568,0.0864,-99.5012,16.3230,58.7627,16.3229,0.0253,-2.5667,87.5285,-0.1975,0.0107,0.1633,0.3099,-0.0018,-0.8089,11.4944,0.4664,0.0000,1,0,0,0,0,0.6728
101.0184,-144.9326,0.0864,-99.4665,16.2091,58.3529,16.2091,0.0145,-2.2444,87.5226,-0.1155,0.0146,0.1633,0.3099,-0.0009,-0.4608,6.8656,0.4664,0.0000,1,0,0,0,0,0.4013
101.0715,-144.0771,0.0864,-99.4299,16.0668,57.8406,16.0668,0.0057,-2.6814,87.5169,-0.1081,0.0146,0.1633,0.3099,-0.0004,-0.2626,3.7344,0.4664,0.0000,1,0,0,0,0,0.2188
101.1234,-143.2478,0.0864,-99.3940,15.9241,57.3266,15.9241,0.0003,-2.7518,87.5120,-0.0941,0.0146,0.1613,0.3099,-0.0002,-0.1362,2.4358,0.4650,0.0000,1,0,0,0,0,0.1408
101.1750,-142.4294,0.0864,-99.3583,15.8079,56.9084,15.8079,0.0022,-2.2498,87.5085,-0.0691,0.0146,0.1613,0.3099,-0.0001,-0.0741,1.2027,0.4632,0.0000,1,0,0,0,0,0.0727
101.2368,-141.4585,0.0864,-99.3157,15.6317,56.2741,15.6317,0.0046,-2.8492,87.5033,-0.0839,0.0146,0.1613,0.3099,0.0000,-0.0368,0.6030,0.4618,0.0000,1,0,0,0,0,0.0426
101.2873,-140.6734,0.0864,-99.2811,15.5135,55.8486,15.5135,0.0054,-2.3416,87.4999,-0.0671,0.0146,0.1613,0.3099,0.0000,-0.0197,0.3379,0.4614,0.0000,1,0,0,0,0,0.0277
101.3440,-139.7997,0.0864,-99.2426,15.3330,55.1987,15.3330,0.0064,-3.1830,87.4947,-0.0915,0.0146,0.1594,0.3099,0.0000,-0.0095,0.1807,0.4578,0.0000,1,0,0,0,0,0.0213
101.3988,-138.9645,0.0864,-99.2056,15.1802,54.6489,15.1802,0.0067,-2.7900,87.4904,-0.0780,0.0146,0.1594,0.3099,0.0000,-0.0048,0.0863,0.4565,0.0000,1,0,0,0,0,0.0158
101.4572,-138.0826,0.0864,-99.1664,15.0243,54.0876,15.0243,0.0069,-2.6687,87.4862,-0.0731,0.0146,0.1574,0.3099,0.0000,-0.0023,0.0416,0.4530,0.0000,1,0,0,0,0,0.0133
101.5076,-137.3289,0.0864,-99.1329,14.8978,53.6319,14.8978,0.0069,-2.5100,87.4827,-0.0690,0.0127,0.1574,0.3099,0.0000,-0.0012,0.0215,0.4516,0.0000,1,0,0,0,0,0.0119
101.5724,-136.3719,0.0864,-99.0903,14.6948,52.9011,14.6948,0.0070,-3.1340,87.4776,-0.0792,0.0127,0.1457,0.3099,0.0000,-0.0006,0.0096,0.4344,0.0000,1,0,0,0,0,0.0121
101.6292,-135.5432,0.0864,-99.0533,14.5102,52.2368,14.5102,0.0070,-3.2470,87.4732,-0.0763,0.0127,0.1457,0.3099,0.0000,-0.0003,0.0063,0.4251,0.0000,1,0,0,0,0,0.0119
101.6854,-134.7350,0.0864,-99.0171,14.3187,51.5474,14.3187,0.0071,-3.4089,87.4689,-0.0766,0.0146,0.1457,0.3099,0.0000,-0.0001,0.0022,0.4206,0.0000,1,0,0,0,0,0.0118
101.7367,-134.0068,0.0864,-98.9845,14.1230,50.8429,14.1230,0.0072,-3.8167,87.4647,-0.0833,0.0166,0.1437,0.3099,0.0000,-0.0001,0.0014,0.4164,0.0000,1,0,0,0,0,0.0123
101.7876,-133.2930,0.0864,-98.9524,13.9200,50.1121,13.9200,0.0081,-3.9862,87.4638,-0.0180,0.0205,0.1398,0.3099,0.0080,0.0000,0.0006,0.4086,0.0000,1,0,0,0,0,0.0098
101.8427,-132.5320,0.0864,-98.9182,13.7100,49.3561,13.7100,0.0188,-3.8137,87.5135,0.9029,0.0225,0.1398,0.3099,0.0346,0.6438,11.6925,0.4039,0.0000,1,0,0,0,0,0.7203
101.8964,-131.8005,0.0864,-98.8855,13.5395,48.7423,13.5395,0.0291,-3.1732,87.5815,1.2654,0.0244,0.1398,0.3099,0.0466,1.5455,16.7817,0.4019,0.0000,1,0,0,0,0,1.0348
101.9470,-131.1225,0.0864,-98.8557,13.3245,47.9683,13.3245,0.0410,-4.2532,87.6883,2.1141,0.0264,0.1378,0.3099,0.0573,2.3042,15.0088,0.3999,0.0000,1,0,0,0,0,0.9974
102.0007,-130.4122,0.0864,-98.8252,13.1030,47.1709,13.1029,0.0509,-4.1197,87.8139,2.3362,0.0322,0.1300,0.3099,0.0677,2.9660,12.3076,0.3902,0.0000,1,0,0,0,0,0.8718
102.0584,-129.6638,0.0864,-98.7943,12.8641,46.3107,12.8639,0.0602,-4.1445,87.9627,2.5799,0.0361,0.1203,0.3099,0.0789,3.7128,12.9533,0.3713,0.0000,1,0,0,0,0,0.9332
102.1183,-128.9018,0.0864,-98.7644,12.5997,45.3590,12.5995,0.0690,-4.4116,88.1333,2.8478,0.0381,0.1085,0.3099,0.0878,4.4110,11.6522,0.3459,0.0000,1,0,0,0,0,0.8877
102.1688,-128.2737,0.0864,-98.7412,12.3061,44.3019,12.3059,0.0750,-5.8149,88.3154,3.6049,0.0420,0.1026,0.3099,0.0962,4.9815,11.2979,0.3209,0.0000,1,0,0,0,0,0.9194
102.2229,-127.6163,0.0864,-98.7187,11.9886,43.1588,11.9883,0.0781,-5.8697,88.4986,3.3880,0.0440,0.0948,0.3099,0.1040,5.4987,9.5605,0.3004,0.0000,1,0,0,0,0,0.8170
102.2754,-126.9950,0.0864,-98.6990,11.6491,41.9367,11.6488,0.0794,-6.4695,88.6862,3.5741,0.0459,0.0909,0.3099,0.1093,5.9041,7.7259,0.2815,0.0000,1,0,0,0,0,0.7301
102.3325,-126.3380,0.0864,-98.6803,11.2932,40.6554,11.2929,0.0793,-6.2285,88.8752,3.3076,0.0459,0.0909,0.3099,0.1124,6.3043,7.0041,0.2704,0.0000,1,0,0,0,0,0.6782
102.3851,-125.7521,0.0864,-98.6653,11.0023,39.6083,11.0020,0.0787,-5.5314,89.0284,2.9132,0.0459,0.0909,0.3099,0.1136,6.5264,4.2233,0.2657,0.0000,1,0,0,0,0,0.5038
102.4436,-125.1221,0.0864,-98.6513,10.5611,38.0199,10.5608,0.0769,-7.5478,89.2585,3.9360,0.0459,0.0909,0.3099,0.1144,6.6909,2.8145,0.2623,0.0000,1,0,0,0,0,0.4842
102.4957,-124.5797,0.0864,-98.6409,10.2652,36.9548,10.2649,0.0749,-5.6789,89.4077,2.8641,0.0459,0.0909,0.3099,0.1146,6.7786,1.6816,0.2612,0.0000,1,0,0,0,0,0.3619
102.5533,-124.0003,0.0864,-98.6318,9.8202,35.3527,9.8200,0.0687,-7.7167,89.6158,3.6079,0.0459,0.0909,0.3099,0.1147,6.8326,0.9375,0.2604,0.0000,1,0,0,0,0,0.3575
102.6056,-123.4943,0.0864,-98.6254,9.5226,34.2813,9.5224,0.0653,-5.6914,89.7484,2.5369,0.0459,0.0890,0.3099,0.1147,6.8536,0.4018,0.2587,0.0000,1,0,0,0,0,0.2662
102.6631,-122.9595,0.0864,-98.6202,9.1479,32.9326,9.1477,0.0612,-6.5221,89.9089,2.7932,0.0459,0.0890,0.3099,0.1148,6.8725,0.3288,0.2564,0.0000,1,0,0,0,0,0.2738
102.7255,-122.4038,0.0864,-98.6166,8.6961,31.3059,8.6959,0.0564,-7.2394,90.0930,2.9501,0.0440,0.0890,0.3099,0.1134,6.8756,0.0487,0.2551,0.0000,1,0,0,0,0,0.2639
102.7822,-121.9221,0.0864,-98.6149,8.3188,29.9477,8.3186,0.0515,-6.6565,90.2314,2.4421,0.0342,0.0890,0.3099,0.1027,6.7020,3.0614,0.2546,0.0000,1,0,0,0,0,0.3986
102.8323,-121.5143,0.0864,-98.6144,7.9412,28.5883,7.9411,0.0451,-7.5355,90.3447,2.2616,0.0283,0.0890,0.3099,0.0863,6.2285,9.4499,0.2544,0.0000,1,0,0,0,0,0.7358
102.8854,-121.1006,0.0864,-98.6149,7.6389,27.5002,7.6388,0.0395,-5.6882,90.4179,1.3773,0.0205,0.0890,0.3099,0.0728,5.5489,12.7895,0.2543,0.0000,1,0,0,0,0,0.8646
102.9463,-120.6502,0.0864,-98.6163,7.1855,25.8680,7.1855,0.0295,-7.4452,90.4818,1.0484,0.0146,0.0890,0.3099,0.0299,4.2479,21.3636,0.2542,0.0000,1,0,0,0,0,1.3066
102.9970,-120.2943,0.0864,-98.6180,6.8077,24.5078,6.8077,0.0223,-7.4494,90.5075,0.5072,0.0088,0.0890,0.3099,0.0128,2.8415,27.7284,0.2542,0.0000,1,0,0,0,0,1.6179
103.0577,-119.8915,0.0864,-98.6203,6.4298,23.1473,6.4298,0.0172,-6.2267,90.5210,0.2220,0.0029,0.0890,0.3099,0.0055,1.6515,19.6080,0.2542,0.0000,1,0,0,0,0,1.1419
103.1202,-119.5026,0.0864,-98.6229,5.9764,21.5149,5.9763,0.0134,-7.2507,90.5308,0.1564,-0.0010,0.0890,0.3099,0.0020,0.9030,11.9680,0.2542,0.0000,1,0,0,0,0,0.7071
103.1707,-119.2083,0.0864,-98.6249,5.6726,20.4213,5.6726,0.0118,-6.0200,90.5357,0.0972,-0.0029,0.0870,0.3099,0.0010,0.4654,8.6726,0.2517,0.0000,1,0,0,0,0,0.5185
103.2209,-118.9329,0.0864,-98.6269,5.2899,19.0438,5.2899,0.0102,-7.6246,90.5356,-0.0012,-0.0049,0.0851,0.3099,0.0004,0.2638,4.0158,0.2482,0.0000,1,0,0,0,0,0.2520
103.2762,-118.6495,0.0864,-98.6289,4.9035,17.6527,4.9035,0.0089,-6.9830,90.5315,-0.0745,-0.0049,0.0851,0.3099,0.0002,0.1382,2.2699,0.2455,0.0000,1,0,0,0,0,0.1575
103.3277,-118.4048,0.0864,-98.6307,4.5929,16.5344,4.5929,0.0083,-6.0305,90.5281,-0.0652,-0.0049,0.0851,0.3099,0.0001,0.0757,1.2135,0.2444,0.0000,1,0,0,0,0,0.0980
103.3898,-118.1350,0.0864,-98.6326,4.1257,14.8526,4.1257,0.0077,-7.5307,90.5229,-0.0841,-0.0049,0.0851,0.3099,0.0000,0.0377,0.6132,0.2436,0.0000,1,0,0,0,0,0.0669
103.4505,-117.8970,0.0864,-98.6343,3.7380,13.4568,3.7380,0.0074,-6.3890,90.5185,-0.0714,-0.0049,0.0870,0.3099,0.0000,0.0180,0.3245,0.2462,0.0000,1,0,0,0,0,0.0519
103.5097,-117.6896,0.0864,-98.6356,3.2751,11.7904,3.2751,0.0072,-7.8205,90.5133,-0.0877,-0.0049,0.0870,0.3099,0.0000,0.0088,0.1544,0.2476,0.0000,1,0,0,0,0,0.0466
103.5610,-117.5294,0.0864,-98.6366,2.9672,10.6819,2.9672,0.0071,-5.9980,90.5099,-0.0678,-0.0049,0.0870,0.3099,0.0000,0.0046,0.0822,0.2480,0.0000,1,0,0,0,0,0.0440
103.6155,-117.3793,0.0864,-98.6375,2.5827,9.2976,2.5826,0.0069,-7.0521,90.5056,-0.0789,-0.0049,0.0870,0.3099,0.0000,0.0024,0.0411,0.2483,0.0000,1,0,0,0,0,0.0465
103.6716,-117.2465,0.0864,-98.6382,2.1984,7.9142,2.1984,0.0066,-6.8564,90.5012,-0.0779,-0.0049,0.0870,0.3099,0.0000,0.0011,0.0227,0.2485,0.0000,1,0,0,0,0,0.0508
103.7285,-117.1337,0.0864,-98.6388,1.8142,6.5310,1.8142,0.0063,-6.7469,90.4969,-0.0766,-0.0049,0.0870,0.3099,0.0000,0.0005,0.0099,0.2485,0.0000,1,0,0,0,0,0.0570
103.7809,-117.0499,0.0864,-98.6391,1.4301,5.1482,1.4300,0.0059,-7.3339,90.4926,-0.0816,-0.0049,0.0870,0.3099,0.0000,0.0003,0.0048,0.2486,0.0000,1,0,0,0,0,0.0669
103.8392,-116.9788,0.0864,-98.6393,1.0459,3.7654,1.0459,0.0054,-6.5839,90.4882,-0.0753,-0.0049,0.0870,0.3099,0.0000,0.0001,0.0028,0.2486,0.0000,1,0,0,0,0,0.0812
103.8918,-116.9350,0.0864,-98.6394,0.6619,2.3827,0.6618,0.0045,-7.3044,90.4839,-0.0824,-0.0049,0.0870,0.3099,0.0000,0.0001,0.0012,0.2486,0.0000,1,0,0,0,0,0.1073
103.9511,-116.9084,0.0864,-98.6393,0.2778,1.0001,0.2778,0.0031,-6.4745,90.4795,-0.0746,-0.0049,0.0870,0.3099,0.0000,0.0000,0.0007,0.2486,0.0000,1,0,0,0,0,0.0042
104.0012,-116.9042,0.0864,-98.6392,0.0004,0.0014,-0.0001,0.0004,-5.5419,90.4753,-0.0835,-0.0049,0.0870,0.3099,0.0000,0.0000,0.0003,0.2486,0.0000,1,0,0,0,0,0.0047
104.0521,-116.9042,0.0864,-98.6392,0.0004,0.0014,-0.0001,0.0004,-0.0003,90.4738,-0.0294,-0.0049,0.0870,0.3099,0.0000,0.0000,0.0002,0.2486,0.0000,1,0,0,0,0,0.0016
104.1022,-116.9042,0.0864,-98.6392,0.0004,0.0014,-0.0001,0.0004,0.0000,90.4725,-0.0243,-0.0049,0.0870,0.3099,0.0000,0.0000,0.0001,0.2486,0.0000,1,0,0,0,0,0.0014
104.1645,-116.9042,0.0864,-98.6391,0.0004,0.0014,-0.0001,0.0004,0.0000,90.4706,-0.0314,-0.0049,0.0870,0.3099,0.0000,0.0000,0.0000,0.2486,0.0000,1,0,0,0,0,0.0017
104.2180,-116.9042,0.0864,-98.6391,0.0004,0.0014,-0.0001,0.0004,0.0000,90.4690,-0.0302,-0.0049,0.0870,0.3099,0.0000,0.0000,0.0000,0.2486,0.0000,1,0,0,0,0,0.0017
104.2682,-116.9042,0.0864,-98.6390,0.0004,0.0014,-0.0001,0.0004,0.0000,90.4677,-0.0255,-0.0049,0.0870,0.3099,0.0000,0.0000,0.0000,0.2486,0.0000,1,0,0,0,0,0.0014
104.3224,-116.9042,0.0864,-98.6390,0.0004,0.0014,-0.0001,0.0004,0.0000,90.4660,-0.0310,-0.0049,0.0870,0.3099,0.0000,0.0000,0.0000,0.2486,0.0000,1,0,0,0,0,0.0017
104.3832,-116.9042,0.0864,-98.6390,0.0004,0.0014,-0.0001,0.0004,0.0000,90.4644,-0.0266,-0.0049,0.0870,0.3099,0.0000,0.0000,0.0000,0.2486,0.0000,1,0,0,0,0,0.0015
104.4427,-116.9042,0.0864,-98.6389,0.0004,0.0014,-0.0001,0.0004,0.0000,90.4626,-0.0303,-0.0049,0.0870,0.3099,0.0000,0.0000,0.0000,0.2486,0.0000,1,0,0,0,0,0.0017
104.4930,-116.9042,0.0864,-98.6389,0.0004,0.0014,-0.0001,0.0004,0.0000,90.4613,-0.0249,-0.0049,0.0870,0.3099,0.0000,0.0000,0.0000,0.2486,0.0000,1,0,0,0,0,0.0014
104.5439,-116.9042,0.0864,-98.6389,0.0004,0.0014,-0.0001,0.0004,0.0000,90.4597,-0.0318,-0.0049,0.0870,0.3099,0.0000,0.0000,0.0000,0.2486,0.0000,1,0,0,0,0,0.0018
104.6025,-116.9042,0.0864,-98.6388,0.0004,0.0014,-0.0001,0.0004,-0.0002,90.4581,-0.0271,-0.0049,0.0812,0.3099,0.0000,0.0000,0.0000,0.2434,0.0000,1,0,0,0,0,0.0015
104.6604,-116.9042,0.0864,-98.6388,0.0004,0.0013,-0.0001,0.0004,-0.0002,90.4565,-0.0269,-0.0049,0.0812,0.3099,0.0000,0.0000,0.0000,0.2375,0.0000,1,0,0,0,0,0.0015
104.7132,-116.9042,0.0864,-98.6387,0.0004,0.0013,-0.0001,0.0004,0.0001,90.4550,-0.0300,-0.0049,0.0851,0.3099,0.0000,0.0000,0.0000,0.2403,0.0000,1,0,0,0,0,0.0017
104.7741,-116.9042,0.0864,-98.6387,0.0004,0.0014,-0.0001,0.0004,0.0002,90.4531,-0.0311,-0.0049,0.0909,0.3099,0.0000,0.0000,0.0000,0.2486,0.0000,1,0,0,0,0,0.0017
104.8277,-116.9042,0.0864,-98.6387,0.0004,0.0014,-0.0001,0.0004,0.0002,90.4519,-0.0228,-0.0049,0.0909,0.3099,0.0000,0.0000,0.0000,0.2535,0.0000,1,0,0,0,0,0.0013
104.8879,-116.9042,0.0864,-98.6386,0.0004,0.0015,-0.0001,0.0004,0.0001,90.4499,-0.0324,-0.0049,0.0909,0.3099,0.0000,0.0000,0.0000,0.2571,0.0000,1,0,0,0,0,0.0018
104.9381,-116.9042,0.0864,-98.6386,0.0004,0.0015,-0.0001,0.0004,0.0000,90.4486,-0.0268,-0.0049,0.0909,0.3099,0.0000,0.0000,0.0000,0.2582,0.0000,1,0,0,0,0,0.0015
104.9983,-116.9042,0.0864,-98.6385,0.0004,0.0015,-0.0001,0.0004,0.0000,90.4465,-0.0340,-0.0049,0.0909,0.3099,0.0000,0.0000,0.0000,0.2591,0.0000,1,0,0,0,0,0.0019
105.0595,-116.9042,0.0864,-98.6385,0.0004,0.0015,-0.0001,0.0004,0.0000,90.4448,-0.0279,-0.0049,0.0909,0.3099,0.0000,0.0000,0.0000,0.2594,0.0000,1,0,0,0,0,0.0015
105.1134,-116.9042,0.0864,-98.6385,0.0004,0.0015,-0.0001,0.0004,0.0000,90.4431,-0.0317,-0.0069,0.0909,0.3099,0.0000,0.0000,0.0000,0.2596,0.0000,1,0,0,0,0,0.0018
105.1819,-116.9042,0.0864,-98.6384,0.0004,0.0015,-0.0001,0.0004,0.0000,90.4412,-0.0285,-0.0088,0.0909,0.3099,0.0000,0.0000,0.0000,0.2597,0.0000,1,0,0,0,0,0.0016
105.2401,-116.9042,0.0864,-98.6384,0.0004,0.0015,-0.0001,0.0004,0.0000,90.4392,-0.0336,-0.0108,0.0909,0.3099,0.0000,0.0000,0.0000,0.2597,0.0000,1,0,0,0,0,0.0019
105.2964,-116.9042,0.0864,-98.6383,0.0004,0.0015,-0.0001,0.0004,0.0000,90.4375,-0.0298,-0.0147,0.0909,0.3099,0.0000,0.0000,0.0000,0.2597,0.0000,1,0,0,0,0,0.0017
105.3554,-116.9042,0.0864,-98.6383,0.0004,0.0015,-0.0001,0.0004,0.0000,90.4359,-0.0279,-0.0186,0.0909,0.3099,0.0000,0.0000,0.0000,0.2597,0.0000,1,0,0,0,0,0.0016
105.4159,-116.9042,0.0864,-98.6383,0.0004,0.0015,-0.0001,0.0004,0.0000,90.4308,-0.0848,-0.0225,0.0909,0.3099,-0.0307,-0.5302,8.7675,0.2597,0.0000,1,0,0,0,0,0.4918
105.4728,-116.9042,0.0864,-98.6382,0.0004,0.0015,-0.0001,0.0004,0.0001,90.4198,-0.1928,-0.0245,0.0929,0.3099,-0.0501,-1.5944,18.6769,0.2617,0.0000,1,0,0,0,0,1.0483
105.5252,-116.9042,0.0864,-98.6382,0.0004,0.0015,-0.0001,0.0004,0.0001,90.4108,-0.1712,-0.0264,0.0929,0.3099,-0.0575,-2.3277,13.9957,0.2633,0.0000,1,0,0,0,0,0.7871
105.5769,-116.9042,0.0864,-98.6381,0.0004,0.0015,-0.0001,0.0004,0.0000,90.3985,-0.2380,-0.0284,0.0929,0.3099,-0.0638,-2.9805,12.6312,0.2643,0.0000,1,0,0,0,0,0.7150
105.6275,-116.9042,0.0864,-98.6381,0.0004,0.0015,-0.0001,0.0004,0.0000,90.3853,-0.2616,-0.0284,0.0929,0.3099,-0.0678,-3.4172,8.6245,0.2648,0.0000,1,0,0,0,0,0.4937
105.6776,-116.9042,0.0864,-98.6381,0.0004,0.0015,-0.0001,0.0004,0.0000,90.3743,-0.2184,-0.0284,0.0929,0.3099,-0.0693,-3.7401,6.4544,0.2651,0.0000,1,0,0,0,0,0.3707
105.7280,-116.9042,0.0864,-98.6380,0.0004,0.0015,-0.0001,0.0004,0.0000,90.3604,-0.2758,-0.0284,0.0929,0.3099,-0.0702,-3.9608,4.3755,0.2652,0.0000,1,0,0,0,0,0.2584
105.7860,-116.9042,0.0864,-98.6380,0.0004,0.0015,-0.0001,0.0004,0.0000,90.3464,-0.2409,-0.0284,0.0929,0.3099,-0.0706,-4.1053,2.4907,0.2653,0.0000,1,0,0,0,0,0.1518
105.8409,-116.9042,0.0864,-98.6380,0.0004,0.0015,-0.0001,0.0004,0.0000,90.3324,-0.2555,-0.0284,0.0929,0.3099,-0.0708,-4.1704,1.1868,0.2653,0.0000,1,0,0,0,0,0.0801
105.8935,-116.9042,0.0864,-98.6379,0.0004,0.0015,-0.0001,0.0004,0.0000,90.3212,-0.2133,-0.0284,0.0929,0.3099,-0.0709,-4.2115,0.7800,0.2653,0.0000,1,0,0,0,0,0.0552
105.9561,-116.9042,0.0864,-98.6379,0.0004,0.0015,-0.0001,0.0004,0.0000,90.3044,-0.2690,-0.0284,0.0929,0.3099,-0.0709,-4.2333,0.3483,0.2653,0.0000,1,0,0,0,0,0.0343
106.0123,-116.9042,0.0864,-98.6379,0.0004,0.0015,-0.0001,0.0004,0.0000,90.2903,-0.2500,-0.0284,0.0929,0.3099,-0.0709,-4.2446,0.2010,0.2653,0.0000,1,0,0,0,0,0.0251
106.0646,-116.9042,0.0864,-98.6378,0.0004,0.0015,-0.0001,0.0004,0.0000,90.2763,-0.2682,-0.0284,0.0929,0.3099,-0.0709,-4.2492,0.0882,0.2653,0.0000,1,0,0,0,0,0.0198
106.1151,-116.9042,0.0864,-98.6378,0.0004,0.0015,-0.0001,0.0004,0.0000,90.2650,-0.2229,-0.0284,0.0929,0.3099,-0.0709,-4.2519,0.0544,0.2653,0.0000,1,0,0,0,0,0.0154
106.1720,-116.9042,0.0864,-98.6377,0.0004,0.0015,-0.0001,0.0004,0.0000,90.2482,-0.2970,-0.0284,0.0929,0.3099,-0.0709,-4.2535,0.0273,0.2653,0.0000,1,0,0,0,0,0.0180
106.2313,-116.9042,0.0864,-98.6377,0.0004,0.0015,-0.0001,0.0004,0.0000,90.2341,-0.2365,-0.0284,0.0929,0.3099,-0.0709,-4.2542,0.0127,0.2653,0.0000,1,0,0,0,0,0.0138
106.2838,-116.9042,0.0864,-98.6377,0.0004,0.0015,-0.0001,0.0004,0.0000,90.2201,-0.2678,-0.0284,0.0929,0.3099,-0.0709,-4.2546,0.0070,0.2653,0.0000,1,0,0,0,0,0.0153
106.3390,-116.9042,0.0864,-98.6376,0.0004,0.0015,-0.0001,0.0004,0.0000,90.2061,-0.2537,-0.0284,0.0929,0.3099,-0.0709,-4.2548,0.0036,0.2653,0.0000,1,0,0,0,0,0.0143
106.3903,-116.9042,0.0864,-98.6376,0.0004,0.0015,-0.0001,0.0004,0.0000,90.1949,-0.2184,-0.0284,0.0929,0.3099,-0.0709,-4.2549,0.0016,0.2653,0.0000,1,0,0,0,0,0.0122
106.4449,-116.9042,0.0864,-98.6375,0.0004,0.0015,-0.0001,0.0004,0.0000,90.1808,-0.2573,-0.0284,0.0929,0.3099,-0.0709,-4.2549,0.0007,0.2653,0.0000,1,0,0,0,0,0.0143
106.5005,-116.9042,0.0864,-98.6375,0.0004,0.0015,-0.0001,0.0004,0.0000,90.1667,-0.2536,-0.0284,0.0948,0.3099,-0.0709,-4.2550,0.0005,0.2667,0.0000,1,0,0,0,0,0.0141
106.5513,-116.9042,0.0864,-98.6375,0.0004,0.0015,-0.0001,0.0004,0.0001,90.1525,-0.2807,-0.0284,0.0948,0.3099,-0.0709,-4.2550,0.0002,0.2689,0.0000,1,0,0,0,0,0.0156
106.6039,-116.9042,0.0864,-98.6374,0.0004,0.0015,-0.0001,0.0004,0.0000,90.1410,-0.2176,-0.0284,0.0948,0.3099,-0.0709,-4.2550,0.0001,0.2698,0.0000,1,0,0,0,0,0.0121
106.6553,-116.9042,0.0864,-98.6374,0.0004,0.0015,-0.0001,0.0004,0.0000,90.1268,-0.2777,-0.0284,0.0948,0.3099,-0.0709,-4.2550,0.0001,0.2703,0.0000,1,0,0,0,0,0.0154
106.7137,-116.9042,0.0864,-98.6374,0.0004,0.0015,-0.0001,0.0004,0.0000,90.1124,-0.2462,-0.0284,0.0948,0.3099,-0.0709,-4.2550,0.0000,0.2706,0.0000,1,0,0,0,0,0.0137
106.7773,-116.9042,0.0864,-98.6373,0.0004,0.0015,-0.0001,0.0004,0.0000,90.0951,-0.2717,-0.0284,0.0948,0.3099,-0.0709,-4.2550,0.0000,0.2708,0.0000,1,0,0,0,0,0.0151
106.8277,-116.9042,0.0864,-98.6373,0.0004,0.0015,-0.0001,0.0004,0.0000,90.0807,-0.2849,-0.0284,0.0948,0.3099,-0.0709,-4.2550,0.0000,0.2709,0.0000,1,0,0,0,0,0.0158
106.8780,-116.9042,0.0864,-98.6373,0.0004,0.0015,-0.0001,0.0004,0.0000,90.0693,-0.2277,-0.0284,0.0948,0.3099,-0.0709,-4.2550,0.0000,0.2709,0.0000,1,0,0,0,0,0.0127
106.9309,-116.9042,0.0864,-98.6372,0.0004,0.0015,-0.0001,0.0004,0.0000,90.0549,-0.2719,-0.0284,0.0948,0.3099,-0.0709,-4.2550,0.0000,0.2709,0.0000,1,0,0,0,0,0.0151
106.9950,-116.9042,0.0864,-98.6372,0.0004,0.0015,-0.0001,0.0004,0.0000,90.0376,-0.2691,-0.0284,0.0948,0.3099,-0.0709,-4.2550,0.0000,0.2709,0.0000,1,0,0,0,0,0.0149
107.0458,-116.9042,0.0864,-98.6371,0.0004,0.0015,-0.0001,0.0004,0.0000,90.0262,-0.2261,-0.0284,0.0948,0.3099,-0.0709,-4.2550,0.0000,0.2709,0.0000,1,0,0,0,0,0.0126
107.1035,-116.9042,0.0864,-98.6371,0.0004,0.0015,-0.0001,0.0004,0.0000,90.0118,-0.2481,-0.0284,0.0948,0.3099,-0.0709,-4.2550,0.0000,0.2709,0.0000,1,0,0,0,0,0.0138
107.1619,-116.9042,0.0864,-98.6371,0.0004,0.0015,-0.0001,0.0004,0.0000,89.9946,-0.2956,-0.0284,0.0948,0.3099,-0.0709,-4.2550,0.0000,0.2709,0.0000,1,0,0,0,0,0.0164
107.2221,-116.9042,0.0864,-98.6370,0.0004,0.0015,-0.0001,0.0004,0.0000,89.9802,-0.2388,-0.0284,0.0948,0.3099,-0.0709,-4.2550,0.0000,0.2709,0.0000,1,0,0,0,0,0.0133
107.2725,-116.9042,0.0864,-98.6370,0.0004,0.0015,-0.0001,0.0004,0.0000,89.9658,-0.2845,-0.0284,0.0948,0.3099,-0.0709,-4.2550,0.0000,0.2709,0.0000,1,0,0,0,0,0.0158
107.3292,-116.9042,0.0864,-98.6369,0.0004,0.0015,-0.0001,0.0004,0.0000,89.9515,-0.2523,-0.0284,0.0948,0.3099,-0.0709,-4.2550,0.0000,0.2709,0.0000,1,0,0,0,0,0.0140
107.3883,-116.9042,0.0864,-98.6369,0.0004,0.0015,-0.0001,0.0004,0.0000,89.9372,-0.2428,-0.0284,0.0948,0.3099,-0.0709,-4.2550,0.0000,0.2709,0.0000,1,0,0,0,0,0.0135
107.4429,-116.9042,0.0864,-98.6369,0.0004,0.0015,-0.0001,0.0004,0.0000,89.9228,-0.2629,-0.0284,0.0948,0.3099,-0.0709,-4.2550,0.0000,0.2709,0.0000,1,0,0,0,0,0.0146
107.5016,-116.9042,0.0864,-98.6368,0.0004,0.0015,-0.0001,0.0004,0.0000,89.9084,-0.2445,-0.0284,0.0948,0.3099,-0.0709,-4.2550,0.0000,0.2709,0.0000,1,0,0,0,0,0.0136
107.5610,-116.9042,0.0864,-98.6368,0.0004,0.0015,-0.0001,0.0004,0.0000,89.8913,-0.2887,-0.0284,0.0948,0.3099,-0.0709,-4.2550,0.0000,0.2709,0.0000,1,0,0,0,0,0.0160
107.6191,-116.9042,0.0864,-98.6367,0.0004,0.0015,-0.0001,0.0004,0.0000,89.8769,-0.2476,-0.0284,0.0948,0.3099,-0.0709,-4.2550,0.0000,0.2709,0.0000,1,0,0,0,0,0.0138
107.6752,-116.9042,0.0864,-98.6367,0.0004,0.0015,-0.0001,0.0004,0.0000,89.8625,-0.2559,-0.0284,0.0948,0.3099,-0.0709,-4.2550,0.0000,0.2709,0.0000,1,0,0,0,0,0.0142
107.7311,-116.9042,0.0864,-98.6367,0.0004,0.0015,-0.0001,0.0004,0.0000,89.8482,-0.2561,-0.0284,0.0948,0.3099,-0.0709,-4.2550,0.0000,0.2709,0.0000,1,0,0,0,0,0.0142
107.7908,-116.9042,0.0864,-98.6366,0.0004,0.0015,-0.0001,0.0004,0.0000,89.8339,-0.2396,-0.0284,0.0948,0.3099,-0.0709,-4.2550,0.0000,0.2709,0.0000,1,0,0,0,0,0.0133
107.8425,-116.9042,0.0864,-98.6366,0.0004,0.0015,-0.0001,0.0004,0.0000,89.8195,-0.2778,-0.0284,0.0948,0.3099,-0.0709,-4.2550,0.0000,0.2709,0.0000,1,0,0,0,0,0.0154
107.8968,-116.9042,0.0864,-98.6365,0.0004,0.0015,-0.0001,0.0004,0.0000,89.8052,-0.2647,-0.0284,0.0948,0.3099,-0.0709,-4.2550,0.0000,0.2709,0.0000,1,0,0,0,0,0.0147
107.9483,-116.9042,0.0864,-98.6365,0.0004,0.0015,-0.0001,0.0004,0.0000,89.7908,-0.2787,-0.0284,0.0948,0.3099,-0.0709,-4.2550,0.0000,0.2709,0.0000,1,0,0,0,0,0.0155
107.9992,-116.9042,0.0864,-98.6365,0.0004,0.0015,-0.0001,0.0004,0.0000,89.7793,-0.2257,-0.0284,0.0948,0.3099,-0.0709,-4.2550,0.0000,0.2709,0.0000,1,0,0,0,0,0.0125
108.0524,-116.9042,0.0864,-98.6364,0.0004,0.0015,-0.0001,0.0004,0.0000,89.7650,-0.2688,-0.0284,0.0948,0.3099,-0.0709,-4.2550,0.0000,0.2709,0.0000,1,0,0,0,0,0.0149
108.1075,-116.9042,0.0864,-98.6364,0.0004,0.0015,-0.0001,0.0004,0.0000,89.7507,-0.2598,-0.0284,0.0948,0.3099,-0.0709,-4.2550,0.0000,0.2709,0.0000,1,0,0,0,0,0.0144
108.1624,-116.9042,0.0864,-98.6364,0.0004,0.0015,-0.0001,0.0004,0.0000,89.7363,-0.2614,-0.0284,0.0948,0.3099,-0.0709,-4.2550,0.0000,0.2709,0.0000,1,0,0,0,0,0.0145
108.2169,-116.9042,0.0864,-98.6363,0.0004,0.0015,-0.0001,0.0004,0.0000,89.7220,-0.2633,-0.0284,0.0948,0.3099,-0.0709,-4.2550,0.0000,0.2709,0.0000,1,0,0,0,0,0.0146
108.2674,-116.9042,0.0864,-98.6363,0.0004,0.0015,-0.0001,0.0004,0.0000,89.7105,-0.2273,-0.0284,0.0948,0.3099,-0.0709,-4.2550,0.0000,0.2709,0.0000,1,0,0,0,0,0.0126
108.3271,-116.9042,0.0864,-98.6363,0.0004,0.0015,-0.0001,0.0004,0.0000,89.6933,-0.2882,-0.0284,0.0948,0.3099,-0.0709,-4.2550,0.0000,0.2709,0.0000,1,0,0,0,0,0.0160
108.3832,-116.9042,0.0864,-98.6362,0.0004,0.0015,-0.0001,0.0004,0.0000,89.6789,-0.2560,-0.0284,0.0948,0.3099,-0.0709,-4.2550,0.0000,0.2709,0.0000,1,0,0,0,0,0.0142
108.4363,-116.9042,0.0864,-98.6362,0.0004,0.0015,-0.0001,0.0004,0.0000,89.6646,-0.2703,-0.0284,0.0948,0.3099,-0.0709,-4.2550,0.0000,0.2709,0.0000,1,0,0,0,0,0.0150
108.4867,-116.9042,0.0864,-98.6361,0.0004,0.0015,-0.0001,0.0004,0.0000,89.6531,-0.2271,-0.0284,0.0948,0.3099,-0.0709,-4.2550,0.0000,0.2709,0.0000,1,0,0,0,0,0.0126
108.5392,-116.9042,0.0864,-98.6361,0.0004,0.0015,-0.0001,0.0004,0.0000,89.6388,-0.2737,-0.0284,0.0948,0.3099,-0.0709,-4.2550,0.0000,0.2709,0.0000,1,0,0,0,0,0.0152
108.6006,-116.9042,0.0864,-98.6361,0.0004,0.0015,-0.0001,0.0004,0.0000,89.6244,-0.2346,-0.0284,0.0948,0.3099,-0.0709,-4.2550,0.0000,0.2709,0.0000,1,0,0,0,0,0.0130
108.6506,-116.9042,0.0864,-98.6360,0.0004,0.0015,-0.0001,0.0004,0.0000,89.6100,-0.2867,-0.0284,0.0948,0.3099,-0.0709,-4.2550,0.0000,0.2709,0.0000,1,0,0,0,0,0.0159
108.7008,-116.9042,0.0864,-98.6360,0.0004,0.0015,-0.0001,0.0004,0.0000,89.5986,-0.2287,-0.0284,0.0948,0.3099,-0.0709,-4.2550,0.0000,0.2709,0.0000,1,0,0,0,0,0.0127
108.7567,-116.9042,0.0864,-98.6360,0.0004,0.0015,-0.0001,0.0004,0.0000,89.5842,-0.2566,-0.0284,0.0948,0.3099,-0.0709,-4.2550,0.0000,0.2709,0.0000,1,0,0,0,0,0.0143
108.8138,-116.9042,0.0864,-98.6359,0.0004,0.0015,-0.0001,0.0004,0.0000,89.5670,-0.3017,-0.0284,0.0948,0.3099,-0.0709,-4.2550,0.0000,0.2709,0.0000,1,0,0,0,0,0.0168
108.8660,-116.9042,0.0864,-98.6359,0.0004,0.0015,-0.0001,0.0004,0.0000,89.5555,-0.2197,-0.0284,0.0948,0.3099,-0.0709,-4.2550,0.0000,0.2709,0.0000,1,0,0,0,0,0.0122
108.9165,-116.9042,0.0864,-98.6359,0.0004,0.0015,-0.0001,0.0004,0.0000,89.5412,-0.2838,-0.0284,0.0948,0.3099,-0.0709,-4.2550,0.0000,0.2709,0.0000,1,0,0,0,0,0.0158
108.9680,-116.9042,0.0864,-98.6358,0.0004,0.0015,-0.0001,0.0004,0.0000,89.5297,-0.2236,-0.0284,0.0948,0.3099,-0.0709,-4.2550,0.0000,0.2709,0.0000,1,0,0,0,0,0.0124
109.0231,-116.9042,0.0864,-98.6358,0.0004,0.0015,-0.0001,0.0004,0.0000,89.5153,-0.2603,-0.0284,0.0948,0.3099,-0.0709,-4.2550,0.0000,0.2709,0.0000,1,0,0,0,0,0.0145
109.0854,-116.9042,0.0864,-98.6357,0.0004,0.0015,-0.0001,0.0004,0.0000,89.4982,-0.2756,-0.0284,0.0948,0.3099,-0.0709,-4.2550,0.0000,0.2709,0.0000,1,0,0,0,0,0.0153
109.1464,-116.9042,0.0864,-98.6357,0.0004,0.0015,-0.0001,0.0004,0.0000,89.4809,-0.2835,-0.0284,0.0948,0.3099,-0.0709,-4.2550,0.0000,0.2709,0.0000,1,0,0,0,0,0.0157
109.2076,-116.9042,0.0864,-98.6357,0.0004,0.0015,-0.0001,0.0004,0.0000,89.4666,-0.2343,-0.0284,0.0948,0.3099,-0.0709,-4.2550,0.0000,0.2709,0.0000,1,0,0,0,0,0.0130
109.2589,-116.9042,0.0864,-98.6356,0.0004,0.0015,-0.0001,0.0004,0.0000,89.4522,-0.2797,-0.0284,0.0948,0.3099,-0.0709,-4.2550,0.0000,0.2709,0.0000,1,0,0,0,0,0.0155
109.3170,-116.9042,0.0864,-98.6356,0.0004,0.0015,-0.0001,0.0004,0.0000,89.4376,-0.2526,-0.0303,0.0948,0.3099,-0.0737,-4.2833,0.4871,0.2709,0.0000,1,0,0,0,0,0.0411
109.3740,-116.9042,0.0864,-98.6355,0.0004,0.0015,-0.0001,0.0004,0.0000,89.4225,-0.2635,-0.0303,0.0948,0.3099,-0.0749,-4.3852,1.7879,0.2709,0.0000,1,0,0,0,0,0.1140
109.4326,-116.9042,0.0864,-98.6355,0.0004,0.0015,-0.0001,0.0004,0.0000,89.4074,-0.2574,-0.0303,0.0948,0.3099,-0.0754,-4.4482,1.0747,0.2709,0.0000,1,0,0,0,0,0.0740
109.4888,-116.9042,0.0864,-98.6355,0.0004,0.0015,-0.0001,0.0004,0.0000,89.3922,-0.2705,-0.0303,0.0948,0.3099,-0.0756,-4.4943,0.8202,0.2709,0.0000,1,0,0,0,0,0.0606
109.5399,-116.9042,0.0864,-98.6354,0.0004,0.0015,-0.0001,0.0004,0.0000,89.3770,-0.2982,-0.0303,0.0948,0.3099,-0.0757,-4.5153,0.4113,0.2709,0.0000,1,0,0,0,0,0.0394
109.5925,-116.9042,0.0864,-98.6354,0.0004,0.0015,-0.0001,0.0004,0.0000,89.3618,-0.2889,-0.0303,0.0948,0.3099,-0.0758,-4.5298,0.2754,0.2709,0.0000,1,0,0,0,0,0.0314
109.6431,-116.9042,0.0864,-98.6354,0.0004,0.0015,-0.0001,0.0004,0.0000,89.3496,-0.2410,-0.0303,0.0948,0.3099,-0.0758,-4.5376,0.1539,0.2709,0.0000,1,0,0,0,0,0.0219
109.6940,-116.9042,0.0864,-98.6353,0.0004,0.0015,-0.0001,0.0004,0.0000,89.3344,-0.2992,-0.0303,0.0948,0.3099,-0.0758,-4.5423,0.0920,0.2709,0.0000,1,0,0,0,0,0.0217
109.7527,-116.9042,0.0864,-98.6353,0.0004,0.0015,-0.0001,0.0004,0.0000,89.3192,-0.2597,-0.0303,0.0948,0.3099,-0.0758,-4.5452,0.0504,0.2709,0.0000,1,0,0,0,0,0.0172
109.8034,-116.9042,0.0864,-98.6352,0.0004,0.0015,-0.0001,0.0004,0.0000,89.3040,-0.2996,-0.0303,0.0948,0.3099,-0.0758,-4.5465,0.0251,0.2709,0.0000,1,0,0,0,0,0.0180
109.8599,-116.9042,0.0864,-98.6352,0.0004,0.0015,-0.0001,0.0004,0.0000,89.2887,-0.2693,-0.0303,0.0948,0.3099,-0.0758,-4.5472,0.0122,0.2709,0.0000,1,0,0,0,0,0.0156
109.9201,-116.9042,0.0864,-98.6352,0.0004,0.0015,-0.0001,0.0004,0.0000,89.2735,-0.2530,-0.0303,0.0948,0.3099,-0.0758,-4.5476,0.0065,0.2709,0.0000,1,0,0,0,0,0.0144
109.9754,-116.9042,0.0864,-98.6351,0.0004,0.0015,-0.0001,0.0004,0.0000,89.2583,-0.2755,-0.0303,0.0948,0.3099,-0.0758,-4.5478,0.0034,0.2709,0.0000,1,0,0,0,0,0.0155
110.0278,-116.9042,0.0864,-98.6351,0.0004,0.0015,-0.0001,0.0004,0.0000,89.2430,-0.2914,-0.0303,0.0948,0.3099,-0.0758,-4.5479,0.0017,0.2709,0.0000,1,0,0,0,0,0.0163
110.0793,-116.9042,0.0864,-98.6351,0.0004,0.0015,-0.0001,0.0004,0.0000,89.2278,-0.2962,-0.0303,0.0948,0.3099,-0.0758,-4.5479,0.0008,0.2709,0.0000,1,0,0,0,0,0.0165
110.1365,-116.9042,0.0864,-98.6350,0.0004,0.0015,-0.0001,0.0004,0.0000,89.2124,-0.2678,-0.0323,0.0948,0.3099,-0.0772,-4.5530,0.0892,0.2709,0.0000,1,0,0,0,0,0.0198
110.1941,-116.9042,0.0864,-98.6350,0.0004,0.0015,-0.0001,0.0004,0.0000,89.1967,-0.2727,-0.0323,0.0948,0.3099,-0.0792,-4.6274,1.2914,0.2709,0.0000,1,0,0,0,0,0.0869
110.2459,-116.9042,0.0864,-98.6349,0.0004,0.0015,-0.0001,0.0004,0.0000,89.1808,-0.3080,-0.0323,0.0948,0.3099,-0.0800,-4.6985,1.3740,0.2709,0.0000,1,0,0,0,0,0.0934
110.3076,-116.9042,0.0864,-98.6349,0.0004,0.0015,-0.0001,0.0004,0.0000,89.1648,-0.2595,-0.0323,0.0948,0.3099,-0.0804,-4.7593,0.9838,0.2709,0.0000,1,0,0,0,0,0.0691
110.3616,-116.9042,0.0864,-98.6349,0.0004,0.0015,-0.0001,0.0004,0.0000,89.1487,-0.2971,-0.0323,0.0948,0.3099,-0.0806,-4.7946,0.6546,0.2709,0.0000,1,0,0,0,0,0.0529
110.4137,-116.9042,0.0864,-98.6348,0.0004,0.0015,-0.0001,0.0004,0.0000,89.1326,-0.3086,-0.0323,0.0948,0.3099,-0.0806,-4.8162,0.4132,0.2709,0.0000,1,0,0,0,0,0.0401
110.4708,-116.9042,0.0864,-98.6348,0.0004,0.0015,-0.0001,0.0004,0.0000,89.1165,-0.2823,-0.0323,0.0948,0.3099,-0.0807,-4.8276,0.2008,0.2709,0.0000,1,0,0,0,0,0.0268
110.5333,-116.9042,0.0864,-98.6347,0.0004,0.0015,-0.0001,0.0004,0.0000,89.1004,-0.2577,-0.0323,0.0948,0.3099,-0.0807,-4.8343,0.1071,0.2709,0.0000,1,0,0,0,0,0.0203
110.5940,-116.9042,0.0864,-98.6347,0.0004,0.0015,-0.0001,0.0004,0.0000,89.0810,-0.3192,-0.0323,0.0948,0.3099,-0.0807,-4.8376,0.0549,0.2709,0.0000,1,0,0,0,0,0.0208
110.6471,-116.9042,0.0864,-98.6347,0.0004,0.0015,-0.0001,0.0004,0.0000,89.0650,-0.3019,-0.0323,0.0948,0.3099,-0.0807,-4.8392,0.0293,0.2709,0.0000,1,0,0,0,0,0.0184
110.7004,-116.9042,0.0864,-98.6346,0.0004,0.0015,-0.0001,0.0004,0.0000,89.0489,-0.3022,-0.0323,0.0948,0.3099,-0.0807,-4.8401,0.0166,0.2709,0.0000,1,0,0,0,0,0.0177
110.7667,-116.9042,0.0864,-98.6346,0.0004,0.0015,-0.0001,0.0004,0.0000,89.0328,-0.2429,-0.0323,0.0948,0.3099,-0.0807,-4.8405,0.0065,0.2709,0.0000,1,0,0,0,0,0.0139
110.8205,-116.9042,0.0864,-98.6345,0.0004,0.0015,-0.0001,0.0004,0.0000,89.0167,-0.2994,-0.0323,0.0948,0.3099,-0.0807,-4.8407,0.0041,0.2709,0.0000,1,0,0,0,0,0.0169
110.8801,-116.9042,0.0864,-98.6345,0.0004,0.0015,-0.0001,0.0004,0.0000,88.9974,-0.3239,-0.0323,0.0948,0.3099,-0.0807,-4.8408,0.0016,0.2709,0.0000,1,0,0,0,0,0.0181
110.9399,-116.9042,0.0864,-98.6345,0.0004,0.0015,-0.0001,0.0004,0.0000,88.9812,-0.2697,-0.0323,0.0948,0.3099,-0.0807,-4.8409,0.0008,0.2709,0.0000,1,0,0,0,0,0.0150
110.9957,-116.9042,0.0864,-98.6344,0.0004,0.0015,-0.0001,0.0004,0.0000,88.9651,-0.2879,-0.0323,0.0948,0.3099,-0.0807,-4.8409,0.0004,0.2709,0.0000,1,0,0,0,0,0.0160
111.0484,-116.9042,0.0864,-98.6344,0.0004,0.0015,-0.0001,0.0004,0.0000,88.9490,-0.3060,-0.0323,0.0948,0.3099,-0.0807,-4.8409,0.0002,0.2709,0.0000,1,0,0,0,0,0.0170
111.1066,-116.9042,0.0864,-98.6343,0.0004,0.0015,-0.0001,0.0004,0.0000,88.9329,-0.2760,-0.0323,0.0948,0.3099,-0.0807,-4.8409,0.0001,0.2709,0.0000,1,0,0,0,0,0.0153
111.1668,-116.9042,0.0864,-98.6343,0.0004,0.0015,-0.0001,0.0004,0.0000,88.9136,-0.3216,-0.0323,0.0948,0.3099,-0.0807,-4.8409,0.0001,0.2709,0.0000,1,0,0,0,0,0.0179
111.2240,-116.9042,0.0864,-98.6343,0.0004,0.0015,-0.0001,0.0004,0.0000,88.8975,-0.2819,-0.0323,0.0948,0.3099,-0.0807,-4.8409,0.0000,0.2709,0.0000,1,0,0,0,0,0.0157
111.2755,-116.9042,0.0864,-98.6342,0.0004,0.0015,-0.0001,0.0004,0.0000,88.8846,-0.2498,-0.0323,0.0948,0.3099,-0.0807,-4.8409,0.0000,0.2709,0.0000,1,0,0,0,0,0.0139
111.3271,-116.9042,0.0864,-98.6342,0.0004,0.0015,-0.0001,0.0004,0.0000,88.8685,-0.3123,-0.0323,0.0948,0.3099,-0.0807,-4.8409,0.0000,0.2709,0.0000,1,0,0,0,0,0.0174
111.3781,-116.9042,0.0864,-98.6342,0.0004,0.0015,-0.0001,0.0004,0.0000,88.8524,-0.3161,-0.0323,0.0948,0.3099,-0.0807,-4.8409,0.0000,0.2709,0.0000,1,0,0,0,0,0.0176
111.4359,-116.9042,0.0864,-98.6341,0.0004,0.0015,-0.0001,0.0004,0.0000,88.8363,-0.2779,-0.0323,0.0948,0.3099,-0.0807,-4.8409,0.0000,0.2709,0.0000,1,0,0,0,0,0.0154
111.4864,-116.9042,0.0864,-98.6341,0.0004,0.0015,-0.0001,0.0004,0.0000,88.8234,-0.2554,-0.0323,0.0948,0.3099,-0.0807,-4.8409,0.0000,0.2709,0.0000,1,0,0,0,0,0.0142
111.5469,-116.9042,0.0864,-98.6340,0.0004,0.0015,-0.0001,0.0004,0.0000,88.8041,-0.3200,-0.0323,0.0948,0.3099,-0.0807,-4.8409,0.0000,0.2709,0.0000,1,0,0,0,0,0.0178
111.5987,-116.9042,0.0864,-98.6340,0.0004,0.0015,-0.0001,0.0004,0.0000,88.7912,-0.2490,-0.0323,0.0948,0.3099,-0.0807,-4.8409,0.0000,0.2709,0.0000,1,0,0,0,0,0.0138
111.6603,-116.9042,0.0864,-98.6340,0.0004,0.0015,-0.0001,0.0004,0.0000,88.7718,-0.3142,-0.0323,0.0948,0.3099,-0.0807,-4.8409,0.0000,0.2709,0.0000,1,0,0,0,0,0.0175
111.7179,-116.9042,0.0864,-98.6339,0.0004,0.0015,-0.0001,0.0004,0.0000,88.7557,-0.2797,-0.0323,0.0948,0.3099,-0.0807,-4.8409,0.0000,0.2709,0.0000,1,0,0,0,0,0.0155
111.7715,-116.9042,0.0864,-98.6339,0.0004,0.0015,-0.0001,0.0004,0.0000,88.7396,-0.3006,-0.0323,0.0948,0.3099,-0.0807,-4.8409,0.0000,0.2709,0.0000,1,0,0,0,0,0.0167
111.8313,-116.9042,0.0864,-98.6338,0.0004,0.0015,-0.0001,0.0004,0.0000,88.7235,-0.2696,-0.0323,0.0948,0.3099,-0.0807,-4.8409,0.0000,0.2709,0.0000,1,0,0,0,0,0.0150
111.8942,-116.9042,0.0864,-98.6338,0.0004,0.0015,-0.0001,0.0004,0.0000,88.7042,-0.3068,-0.0323,0.0948,0.3099,-0.0807,-4.8409,0.0000,0.2709,0.0000,1,0,0,0,0,0.0170
111.9517,-116.9042,0.0864,-98.6338,0.0004,0.0015,-0.0001,0.0004,0.0000,88.6881,-0.2803,-0.0323,0.0948,0.3099,-0.0807,-4.8409,0.0000,0.2709,0.0000,1,0,0,0,0,0.0156
112.0059,-116.9042,0.0864,-98.6337,0.0004,0.0015,-0.0001,0.0004,0.0000,88.6720,-0.2968,-0.0323,0.0948,0.3099,-0.0807,-4.8409,0.0000,0.2709,0.0000,1,0,0,0,0,0.0165
112.0602,-116.9042,0.0864,-98.6337,0.0004,0.0015,-0.0001,0.0004,0.0000,88.6559,-0.2965,-0.0323,0.0948,0.3099,-0.0807,-4.8409,0.0000,0.2709,0.0000,1,0,0,0,0,0.0165
112.1154,-116.9042,0.0864,-98.6337,0.0001,0.0003,0.0000,0.0001,-0.0061,88.6419,-0.2530,-0.0323,0.0948,0.3099,-0.0807,-4.8409,0.0000,0.2709,0.0000,1,0,0,0,0,0.0141
112.1709,-116.9042,0.0864,-98.6337,0.0001,0.0003,0.0000,0.0001,0.0000,88.6280,-0.2507,-0.0323,0.0948,0.3099,-0.0807,-4.8409,0.0000,0.2709,0.0000,1,0,0,0,0,0.0139
112.2219,-116.9042,0.0864,-98.6337,0.0002,0.0007,0.0000,0.0002,0.0018,88.6134,-0.2873,-0.0323,0.0948,0.3099,-0.0807,-4.8409,0.0000,0.2709,0.0000,1,0,0,0,0,0.0160
112.2793,-116.9042,0.0864,-98.6336,0.0002,0.0007,0.0000,0.0002,0.0000,88.5982,-0.2629,-0.0323,0.0948,0.3099,-0.0807,-4.8409,0.0000,0.2709,0.0000,1,0,0,0,0,0.0146
112.3310,-116.9042,0.0864,-98.6336,0.0002,0.0007,0.0000,0.0002,0.0000,88.5862,-0.2339,-0.0323,0.0948,0.3099,-0.0807,-4.8409,0.0000,0.2709,0.0000,1,0,0,0,0,0.0130
112.3813,-116.9042,0.0864,-98.6336,0.0002,0.0007,0.0000,0.0002,0.0000,88.5710,-0.3003,-0.0323,0.0948,0.3099,-0.0807,-4.8409,0.0000,0.2709,0.0000,1,0,0,0,0,0.0167
112.4372,-116.9042,0.0864,-98.6335,0.0002,0.0007,0.0000,0.0002,0.0000,88.5560,-0.2695,-0.0323,0.0948,0.3099,-0.0807,-4.8409,0.0000,0.2709,0.0000,1,0,0,0,0,0.0150
112.4878,-116.9042,0.0864,-98.6335,0.0002,0.0007,0.0000,0.0002,0.0000,88.5408,-0.2992,-0.0323,0.0948,0.3099,-0.0807,-4.8409,0.0000,0.2709,0.0000,1,0,0,0,0,0.0166
112.5457,-116.9042,0.0864,-98.6335,0.0002,0.0007,0.0000,0.0002,0.0000,88.5258,-0.2603,-0.0323,0.0948,0.3099,-0.0807,-4.8409,0.0000,0.2709,0.0000,1,0,0,0,0,0.0145
112.5963,-116.9042,0.0864,-98.6334,0.0002,0.0007,0.0000,0.0002,0.0000,88.5137,-0.2385,-0.0323,0.0948,0.3099,-0.0807,-4.8409,0.0000,0.2709,0.0000,1,0,0,0,0,0.0132
112.6540,-116.9042,0.0864,-98.6334,0.0002,0.0007,0.0000,0.0002,0.0000,88.4956,-0.3142,-0.0323,0.0948,0.3099,-0.0807,-4.8409,0.0000,0.2709,0.0000,1,0,0,0,0,0.0175
112.7067,-116.9042,0.0864,-98.6333,0.0002,0.0007,0.0000,0.0002,0.0000,88.4835,-0.2291,-0.0323,0.0948,0.3099,-0.0807,-4.8409,0.0000,0.2709,0.0000,1,0,0,0,0,0.0127
112.7573,-116.9042,0.0864,-98.6333,0.0002,0.0007,0.0000,0.0002,0.0000,88.4684,-0.2978,-0.0323,0.0948,0.3099,-0.0807,-4.8409,0.0000,0.2709,0.0000,1,0,0,0,0,0.0165
112.8094,-116.9042,0.0864,-98.6333,0.0002,0.0007,0.0000,0.0002,0.0000,88.4533,-0.2910,-0.0323,0.0948,0.3099,-0.0807,-4.8409,0.0000,0.2709,0.0000,1,0,0,0,0,0.0162
112.8703,-116.9042,0.0864,-98.6332,0.0002,0.0007,0.0000,0.0002,0.0000,88.4382,-0.2479,-0.0323,0.0948,0.3099,-0.0807,-4.8409,0.0000,0.2709,0.0000,1,0,0,0,0,0.0138
112.9302,-116.9042,0.0864,-98.6332,0.0002,0.0007,0.0000,0.0002,0.0000,88.4230,-0.2521,-0.0323,0.0948,0.3099,-0.0807,-4.8409,0.0000,0.2709,0.0000,1,0,0,0,0,0.0140
112.9803,-116.9042,0.0864,-98.6332,0.0002,0.0007,0.0000,0.0002,0.0001,88.4078,-0.3046,-0.0323,0.1026,0.3099,-0.0807,-4.8409,0.0000,0.2769,0.0000,1,0,0,0,0,0.0169
113.0368,-116.9042,0.0864,-98.6331,0.0002,0.0007,0.0000,0.0002,0.0003,88.3918,-0.2826,-0.0323,0.1124,0.3099,-0.0807,-4.8409,0.0000,0.2952,0.0000,1,0,0,0,0,0.0157
113.0957,-116.9042,0.0864,-98.6331,0.0002,0.0008,-0.0001,0.0002,0.0005,88.3745,-0.2951,-0.0323,0.1300,0.3099,-0.0807,-4.8409,0.0000,0.3246,0.0000,1,0,0,0,0,0.0164
113.1486,-116.9042,0.0864,-98.6330,0.0003,0.0010,-0.0001,0.0003,0.0008,88.3548,-0.3718,-0.0323,0.1535,0.3099,-0.0807,-4.8409,0.0000,0.3715,0.0000,1,0,0,0,0,0.0207
113.2063,-116.9042,0.0864,-98.6330,0.0003,0.0012,-0.0001,0.0003,0.0010,88.3319,-0.3966,-0.0323,0.1828,0.3099,-0.0807,-4.8409,0.0000,0.4337,0.0000,1,0,0,0,0,0.0220
113.2690,-116.9042,0.0864,-98.6330,0.0004,0.0015,-0.0001,0.0004,0.0013,88.2991,-0.5233,-0.0323,0.2161,0.3099,-0.0807,-4.8409,0.0000,0.5250,0.0000,1,0,0,0,0,0.0291
113.3249,-116.9042,0.0864,-98.6329,0.0005,0.0017,-0.0001,0.0005,0.0011,88.2673,-0.5682,-0.0323,0.2375,0.3099,-0.0807,-4.8409,0.0000,0.5927,0.0000,1,0,0,0,0,0.0316
113.3808,-116.9042,0.0864,-98.6328,0.0005,0.0019,-0.0001,0.0005,0.0011,88.2317,-0.6382,-0.0323,0.2630,0.3099,-0.0807,-4.8409,0.0000,0.6612,0.0000,1,0,0,0,0,0.0355
113.4432,-116.9042,0.0864,-98.6328,0.0006,0.0022,-0.0001,0.0006,0.0011,88.1840,-0.7644,-0.0323,0.2825,0.3099,-0.0807,-4.8409,0.0000,0.7366,0.0000,1,0,0,0,0,0.0425
113.5014,-116.9042,0.0864,-98.6327,0.0007,0.0024,-0.0001,0.0007,0.0013,88.1401,-0.7534,-0.0323,0.3099,0.3099,-0.0807,-4.8409,0.0000,0.8037,0.0000,1,0,0,0,0,0.0419
113.5589,-116.9042,0.0864,-98.6326,0.0008,0.0030,0.0000,0.0008,0.0026,88.0915,-0.8457,-0.0323,0.3275,0.3099,-0.0807,-4.8409,0.0000,0.8629,0.0000,1,0,0,0,0,0.0470
113.6114,-116.9042,0.0864,-98.6325,0.0009,0.0034,0.0001,0.0009,0.0021,88.0389,-1.0033,-0.0323,0.3431,0.3099,-0.0807,-4.8409,0.0000,0.9161,0.0000,1,0,0,0,0,0.0557
113.6697,-116.9042,0.0864,-98.6324,0.0010,0.0037,0.0001,0.0010,0.0015,87.9829,-0.9588,-0.0323,0.3568,0.3099,-0.0807,-4.8409,0.0000,0.9583,0.0000,1,0,0,0,0,0.0533
113.7308,-116.9041,0.0864,-98.6322,0.0011,0.0039,0.0002,0.0011,0.0008,87.9132,-1.1410,-0.0323,0.3705,0.3099,-0.0807,-4.8409,0.0000,0.9823,0.0000,1,0,0,0,0,0.0634
113.7813,-116.9041,0.0864,-98.6321,0.0011,0.0039,0.0002,0.0011,0.0003,87.8668,-0.9193,-0.0303,0.3861,0.3099,-0.0783,-4.8161,0.4915,0.9900,0.0000,1,0,0,0,0,0.0784
113.8398,-116.9041,0.0864,-98.6320,0.0011,0.0040,0.0002,0.0011,0.0002,87.8097,-0.9753,-0.0284,0.3998,0.3099,-0.0755,-4.7114,1.7912,0.9951,0.0000,1,0,0,0,0,0.1537
113.9010,-116.9040,0.0864,-98.6319,0.0011,0.0040,0.0002,0.0011,0.0001,87.7436,-1.0812,-0.0284,0.4292,0.3099,-0.0726,-4.5634,2.4194,0.9979,0.0000,1,0,0,0,0,0.1945
113.9597,-116.9040,0.0864,-98.6318,0.0011,0.0040,0.0002,0.0011,0.0000,87.6905,-0.9031,-0.0245,0.4155,0.3099,-0.0677,-4.4363,2.1622,0.9990,0.0000,1,0,0,0,0,0.1703
114.0174,-116.9039,0.0864,-98.6317,0.0011,0.0040,0.0002,0.0011,0.0000,87.6484,-0.7298,-0.0147,0.4272,0.3099,-0.0384,-3.8751,9.7258,0.9995,0.0000,1,0,0,0,0,0.5809
114.0751,-116.9039,0.0864,-98.6315,0.0011,0.0040,0.0002,0.0011,0.0000,87.6225,-0.4500,-0.0127,0.4800,0.3099,-0.0139,-2.6468,21.3060,0.9998,0.0000,1,0,0,0,0,1.2087
114.1258,-116.9039,0.0864,-98.6314,0.0011,0.0040,0.0002,0.0011,0.0000,87.6119,-0.2075,-0.0108,0.4741,0.3099,-0.0071,-1.7180,18.3010,0.9999,0.0000,1,0,0,0,0,1.0282
114.1861,-116.9038,0.0864,-98.6313,0.0011,0.0040,0.0002,0.0011,0.0000,87.6002,-0.1945,-0.0088,0.5171,0.3099,-0.0026,-0.9414,12.8890,0.9999,0.0000,1,0,0,0,0,0.7269
114.2436,-116.9038,0.0864,-98.6312,0.0011,0.0040,0.0002,0.0011,0.0000,87.5921,-0.1411,-0.0069,0.5132,0.3099,-0.0011,-0.4921,7.8078,1.0000,0.0000,1,0,0,0,0,0.4416
114.2993,-116.9037,0.0864,-98.6311,0.0011,0.0040,0.0002,0.0011,0.0000,87.5846,-0.1348,-0.0049,0.5250,0.3099,-0.0005,-0.2826,3.7622,1.0000,0.0000,1,0,0,0,0,0.2165
114.3571,-116.9037,0.0864,-98.6309,0.0011,0.0040,0.0002,0.0011,0.0000,87.5773,-0.1269,-0.0029,0.5328,0.3099,-0.0002,-0.1430,2.4175,1.0000,0.0000,1,0,0,0,0,0.1414
114.4145,-116.9037,0.0864,-98.6308,0.0011,0.0040,0.0002,0.0011,0.0000,87.5701,-0.1249,-0.0010,0.5367,0.3099,-0.0001,-0.0693,1.2829,1.0000,0.0000,1,0,0,0,0,0.0782
114.4743,-116.9036,0.0864,-98.6307,0.0011,0.0040,0.0002,0.0011,0.0000,87.5616,-0.1423,0.0029,0.5445,0.3099,0.0000,-0.0385,0.5156,1.0000,0.0000,1,0,0,0,0,0.0366
114.5263,-116.9036,0.0864,-98.6306,0.0011,0.0040,0.0002,0.0011,0.0000,87.5559,-0.1098,0.0029,0.5503,0.3099,0.0000,-0.0189,0.3768,1.0000,0.0000,1,0,0,0,0,0.0270
114.5768,-116.9035,0.0864,-98.6305,0.0011,0.0040,0.0002,0.0011,0.0000,87.5488,-0.1408,0.0049,0.5543,0.3099,0.0000,-0.0103,0.1708,1.0000,0.0000,1,0,0,0,0,0.0173
114.6319,-116.9035,0.0864,-98.6304,0.0011,0.0040,0.0002,0.0011,0.0000,87.5417,-0.1284,0.0068,0.5601,0.3099,0.0000,-0.0049,0.0980,1.0000,0.0000,1,0,0,0,0,0.0126
114.6896,-116.9035,0.0864,-98.6303,0.0011,0.0040,0.0002,0.0011,0.0000,87.5346,-0.1232,0.0088,0.5719,0.3099,0.0000,-0.0024,0.0428,1.0000,0.0000,1,0,0,0,0,0.0092
114.7422,-116.9034,0.0864,-98.6301,0.0011,0.0040,0.0002,0.0011,0.0000,87.5275,-0.1346,0.0107,0.6090,0.3099,0.0000,-0.0013,0.0206,1.0000,0.0000,1,0,0,0,0,0.0086
114.7944,-116.9034,0.0864,-98.6300,0.0011,0.0040,0.0002,0.0011,0.0000,87.5218,-0.1082,0.0146,0.6168,0.3099,0.0000,-0.0007,0.0119,1.0000,0.0000,1,0,0,0,0,0.0067
114.8559,-116.9034,0.0864,-98.6299,0.0011,0.0040,0.0002,0.0011,0.0000,87.5133,-0.1390,0.0186,0.6559,0.3099,0.0000,-0.0003,0.0060,1.0000,0.0000,1,0,0,0,0,0.0081
114.9164,-116.9033,0.0864,-98.6298,0.0011,0.0040,0.0002,0.0011,0.0000,87.5153,0.0328,0.0225,0.7009,0.3099,0.0260,0.3051,5.0508,1.0000,0.0000,1,0,0,0,0,0.2824
114.9840,-116.9033,0.0864,-98.6297,0.0011,0.0040,0.0002,0.0011,0.0000,87.5384,0.3413,0.0264,0.7224,0.3099,0.0490,1.3589,15.5717,1.0000,0.0000,1,0,0,0,0,0.8841
115.0424,-116.9032,0.0864,-98.6295,0.0011,0.0040,0.0002,0.0011,0.0000,87.5771,0.6641,0.0342,0.7361,0.3099,0.0680,2.5911,21.1004,1.0000,0.0000,1,0,0,0,0,1.2091
115.0982,-116.9032,0.0864,-98.6294,0.0011,0.0040,0.0002,0.0011,0.0000,87.6198,0.7658,0.0361,0.7439,0.3099,0.0804,3.5504,17.2101,1.0000,0.0000,1,0,0,0,0,0.9987
115.1504,-116.9032,0.0864,-98.6293,0.0011,0.0040,0.0002,0.0011,0.0000,87.6587,0.7443,0.0401,0.7498,0.3099,0.0880,4.2488,13.3828,1.0000,0.0000,1,0,0,0,0,0.7848
115.2016,-116.9031,0.0864,-98.6292,0.0011,0.0040,0.0002,0.0011,0.0000,87.7130,1.0602,0.0440,0.7615,0.3099,0.0976,4.8562,11.8572,1.0000,0.0000,1,0,0,0,0,0.7176
115.2617,-116.9031,0.0864,-98.6291,0.0011,0.0040,0.0002,0.0011,0.0000,87.7735,1.0062,0.0459,0.7615,0.3099,0.1066,5.5525,11.5778,1.0000,0.0000,1,0,0,0,0,0.6991
115.3198,-116.9030,0.0864,-98.6290,0.0011,0.0040,0.0002,0.0011,0.0000,87.8543,1.3916,0.0518,0.7615,0.3099,0.1188,6.1933,11.0331,1.0000,0.0000,1,0,0,0,0,0.6903
115.3714,-116.9030,0.0864,-98.6289,0.0011,0.0040,0.0002,0.0011,0.0000,87.9137,1.1496,0.0538,0.7615,0.3099,0.1264,6.7499,10.7849,1.0000,0.0000,1,0,0,0,0,0.6630
115.4244,-116.9030,0.0864,-98.6287,0.0011,0.0040,0.0002,0.0011,0.0000,87.9927,1.4908,0.0557,0.7615,0.3099,0.1338,7.2614,9.6510,1.0000,0.0000,1,0,0,0,0,0.6190
115.4812,-116.9029,0.0864,-98.6286,0.0011,0.0040,0.0002,0.0011,0.0000,88.0752,1.4525,0.0577,0.7615,0.3099,0.1388,7.7559,8.7060,1.0000,0.0000,1,0,0,0,0,0.5644
115.5358,-116.9029,0.0864,-98.6285,0.0011,0.0040,0.0002,0.0011,0.0000,88.1613,1.5786,0.0616,0.7615,0.3099,0.1452,8.1323,6.8985,1.0000,0.0000,1,0,0,0,0,0.4710
115.5920,-116.9028,0.0864,-98.6284,0.0011,0.0040,0.0002,0.0011,0.0000,88.2539,1.6474,0.0674,0.7615,0.3099,0.1568,8.6091,8.4795,1.0000,0.0000,1,0,0,0,0,0.5626
115.6434,-116.9028,0.0864,-98.6283,0.0011,0.0040,0.0002,0.0011,0.0000,88.3542,1.9491,0.0733,0.7713,0.3099,0.1692,9.1091,9.7189,1.0000,0.0000,1,0,0,0,0,0.6482
115.7039,-116.9028,0.0864,-98.6282,0.0011,0.0040,0.0002,0.0011,0.0000,88.4624,1.7898,0.0772,0.7889,0.3099,0.1804,9.8344,11.9957,1.0000,0.0000,1,0,0,0,0,0.7659
115.7658,-116.9027,0.0864,-98.6280,0.0011,0.0040,0.0002,0.0011,0.0000,88.6009,2.2401,0.0811,0.8143,0.3099,0.1916,10.5422,11.4446,1.0000,0.0000,1,0,0,0,0,0.7603
115.8256,-116.9027,0.0864,-98.6279,0.0011,0.0040,0.0002,0.0011,0.0000,88.7224,2.0292,0.0831,0.8319,0.3099,0.1988,11.1520,10.1913,1.0000,0.0000,1,0,0,0,0,0.6789
115.8862,-116.9026,0.0864,-98.6278,0.0011,0.0040,0.0002,0.0011,0.0000,88.8733,2.4907,0.0850,0.8495,0.3099,0.2052,11.6702,8.5511,1.0000,0.0000,1,0,0,0,0,0.6134
115.9442,-116.9026,0.0864,-98.6277,0.0011,0.0040,0.0002,0.0011,0.0000,89.0026,2.2293,0.0850,0.8632,0.3099,0.2094,12.0912,7.2590,1.0000,0.0000,1,0,0,0,0,0.5271
115.9987,-116.9026,0.0864,-98.6276,0.0011,0.0040,0.0002,0.0011,0.0000,89.1348,2.4236,0.0870,0.8729,0.3099,0.2140,12.4112,5.8658,1.0000,0.0000,1,0,0,0,0,0.4605
116.0555,-116.9025,0.0864,-98.6274,0.0011,0.0040,0.0002,0.0011,0.0000,89.2701,2.3840,0.0889,0.8827,0.3099,0.2188,12.7047,5.1730,1.0000,0.0000,1,0,0,0,0,0.4198
116.1062,-116.9025,0.0864,-98.6273,0.0011,0.0040,0.0002,0.0011,0.0000,89.4076,2.7111,0.0909,0.8866,0.3099,0.2222,12.9325,4.4915,1.0000,0.0000,1,0,0,0,0,0.4001
116.1604,-116.9025,0.0864,-98.6272,0.0011,0.0040,0.0002,0.0011,0.0000,89.5193,2.0622,0.0909,0.8886,0.3099,0.2247,13.1648,4.2866,1.0000,0.0000,1,0,0,0,0,0.3527
116.2197,-116.9024,0.0864,-98.6271,0.0011,0.0040,0.0002,0.0011,0.0000,89.6884,2.8504,0.0909,0.8886,0.3099,0.2263,13.3621,3.3263,1.0000,0.0000,1,0,0,0,0,0.3432
116.2710,-116.9024,0.0864,-98.6270,0.0011,0.0040,0.0002,0.0011,0.0000,89.8017,2.2095,0.0909,0.8886,0.3099,0.2268,13.4742,2.1876,1.0000,0.0000,1,0,0,0,0,0.2443
116.3272,-116.9023,0.0864,-98.6269,0.0011,0.0040,0.0002,0.0011,0.0000,89.9433,2.5176,0.0909,0.8886,0.3099,0.2270,13.5498,1.3426,1.0000,0.0000,1,0,0,0,0,0.2145
116.3775,-116.9023,0.0864,-98.6268,0.0011,0.0040,0.0002,0.0011,0.0000,90.0857,2.8298,0.0929,0.8886,0.3099,0.2291,13.6006,1.0093,1.0000,0.0000,1,0,0,0,0,0.2133
116.4308,-116.9023,0.0864,-98.6267,0.0011,0.0040,0.0002,0.0011,0.0000,90.2308,2.7227,0.0948,0.8886,0.3099,0.2336,13.7338,2.5007,1.0000,0.0000,1,0,0,0,0,0.2902
116.4820,-116.9022,0.0864,-98.6266,0.0011,0.0040,0.0002,0.0011,0.0000,90.3482,2.2959,0.0948,0.8886,0.3099,0.2353,13.8947,3.1451,1.0000,0.0000,1,0,0,0,0,0.3023
116.5378,-116.9022,0.0864,-98.6265,0.0011,0.0040,0.0002,0.0011,0.0000,90.4958,2.6456,0.0948,0.8886,0.3099,0.2363,14.0118,2.0992,1.0000,0.0000,1,0,0,0,0,0.2636
116.6041,-116.9022,0.0864,-98.6263,0.0011,0.0040,0.0002,0.0011,0.0000,90.6734,2.6779,0.0948,0.8886,0.3099,0.2367,14.1161,1.5722,1.0000,0.0000,1,0,0,0,0,0.2361
116.6582,-116.9021,0.0864,-98.6262,0.0011,0.0040,0.0002,0.0011,0.0000,90.8216,2.7375,0.0948,0.8886,0.3099,0.2369,14.1683,0.9637,1.0000,0.0000,1,0,0,0,0,0.2056
116.7199,-116.9021,0.0864,-98.6261,0.0011,0.0040,0.0002,0.0011,0.0000,90.9995,2.8835,0.0948,0.8886,0.3099,0.2370,14.1932,0.4039,1.0000,0.0000,1,0,0,0,0,0.1826
116.7732,-116.9020,0.0864,-98.6260,0.0011,0.0040,0.0002,0.0011,0.0000,91.1478,2.7844,0.0948,0.8886,0.3099,0.2370,14.2065,0.2507,1.0000,0.0000,1,0,0,0,0,0.1686
116.8250,-116.9020,0.0864,-98.6259,0.0011,0.0040,0.0002,0.0011,0.0000,91.2664,2.2910,0.0948,0.8925,0.3099,0.2370,14.2126,0.1165,1.0000,0.0000,1,0,0,0,0,0.1337
116.8752,-116.9020,0.0864,-98.6258,0.0011,0.0040,0.0002,0.0011,0.0000,91.4147,2.9521,0.0948,0.9453,0.3099,0.2370,14.2162,0.0727,1.0000,0.0000,1,0,0,0,0,0.1680
116.9317,-116.9019,0.0864,-98.6256,0.0011,0.0040,0.0002,0.0011,0.0000,91.5630,2.6240,0.0948,0.9961,0.3099,0.2370,14.2186,0.0416,1.0000,0.0000,1,0,0,0,0,0.1481
116.9940,-116.9019,0.0864,-98.6255,0.0011,0.0040,0.0002,0.0011,0.0000,91.7409,2.8563,0.0948,1.0000,0.3099,0.2370,14.2196,0.0165,1.0000,0.0000,1,0,0,0,0,0.1596
117.0497,-116.9018,0.0864,-98.6254,0.0011,0.0040,0.0002,0.0011,0.0000,91.8892,2.6603,0.0948,1.0000,0.3099,0.2370,14.2201,0.0086,1.0000,0.0000,1,0,0,0,0,0.1483
117.1053,-116.9018,0.0864,-98.6253,0.0011,0.0040,0.0002,0.0011,0.0000,92.0375,2.6678,0.0948,1.0000,0.3099,0.2370,14.2204,0.0057,1.0000,0.0000,1,0,0,0,0,0.1485
117.1572,-116.9018,0.0864,-98.6252,0.0011,0.0040,0.0002,0.0011,0.0000,92.1561,2.2882,0.0948,1.0000,0.3099,0.2370,14.2205,0.0021,1.0000,0.0000,1,0,0,0,0,0.1272
117.2185,-116.9017,0.0864,-98.6251,0.0011,0.0040,0.0002,0.0011,0.0000,92.3341,2.9008,0.0948,1.0000,0.3099,0.2370,14.2206,0.0011,1.0000,0.0000,1,0,0,0,0,0.1612
117.2766,-116.9017,0.0864,-98.6249,0.0011,0.0040,0.0002,0.0011,0.0000,92.4823,2.5536,0.0948,1.0000,0.3099,0.2370,14.2206,0.0006,1.0000,0.0000,1,0,0,0,0,0.1419
117.3270,-116.9016,0.0864,-98.6248,0.0011,0.0040,0.0002,0.0011,0.0000,92.6306,2.9379,0.0948,1.0000,0.3099,0.2370,14.2206,0.0003,1.0000,0.0000,1,0,0,0,0,0.1632
117.3892,-116.9016,0.0864,-98.6247,0.0011,0.0040,0.0002,0.0011,0.0000,92.7789,2.3868,0.0948,1.0000,0.3099,0.2370,14.2206,0.0001,1.0000,0.0000,1,0,0,0,0,0.1326
117.4499,-116.9016,0.0864,-98.6246,0.0011,0.0040,0.0002,0.0011,0.0000,92.9569,2.9331,0.0948,1.0000,0.3099,0.2370,14.2206,0.0001,1.0000,0.0000,1,0,0,0,0,0.1630
117.5082,-116.9015,0.0864,-98.6244,0.0011,0.0040,0.0002,0.0011,0.0000,93.1057,2.5524,0.0968,1.0000,0.3099,0.2390,14.2333,0.2171,1.0000,0.0000,1,0,0,0,0,0.1539
117.5652,-116.9014,0.0864,-98.6243,0.0011,0.0040,0.0002,0.0011,0.0000,93.2565,2.6424,0.0987,1.0000,0.3099,0.2426,14.3181,1.4861,1.0000,0.0000,1,0,0,0,0,0.2294
117.6152,-116.9014,0.0864,-98.6242,0.0011,0.0040,0.0002,0.0011,0.0000,93.3794,2.4568,0.1007,1.0000,0.3099,0.2466,14.5132,3.9014,1.0000,0.0000,1,0,0,0,0,0.3532
117.6681,-116.9013,0.0864,-98.6241,0.0011,0.0040,0.0002,0.0011,0.0000,93.5364,2.9711,0.1026,1.0000,0.3099,0.2523,14.7314,4.1284,1.0000,0.0000,1,0,0,0,0,0.3944
117.7228,-116.9012,0.0864,-98.6240,0.0011,0.0040,0.0002,0.0011,0.0000,93.6958,2.9130,0.1026,1.0000,0.3099,0.2547,14.9744,4.4423,1.0000,0.0000,1,0,0,0,0,0.4086
117.7801,-116.9011,0.0864,-98.6239,0.0011,0.0040,0.0002,0.0011,0.0000,93.8561,2.8004,0.1026,1.0000,0.3099,0.2558,15.1648,3.3250,1.0000,0.0000,1,0,0,0,0,0.3403
117.8349,-116.9011,0.0864,-98.6238,0.0011,0.0040,0.0002,0.0011,0.0000,94.0169,2.9325,0.1026,1.0000,0.3099,0.2562,15.2544,1.6333,1.0000,0.0000,1,0,0,0,0,0.2537
117.8964,-116.9010,0.0864,-98.6236,0.0011,0.0040,0.0002,0.0011,0.0000,94.2102,3.1417,0.1026,1.0000,0.3099,0.2564,15.3241,1.1325,1.0000,0.0000,1,0,0,0,0,0.2375
117.9575,-116.9009,0.0864,-98.6235,0.0011,0.0040,0.0002,0.0011,0.0000,94.3713,2.6354,0.1026,1.0000,0.3099,0.2565,15.3585,0.5628,1.0000,0.0000,1,0,0,0,0,0.1777
118.0201,-116.9008,0.0864,-98.6234,0.0011,0.0040,0.0002,0.0011,0.0000,94.5618,3.0454,0.0968,1.0000,0.3099,0.2496,15.2868,1.1451,1.0000,0.0000,1,0,0,0,0,0.2328
118.0750,-116.9007,0.0864,-98.6233,0.0011,0.0040,0.0002,0.0011,0.0000,94.7154,2.7950,0.0929,1.0000,0.3099,0.2414,15.0659,4.0218,1.0000,0.0000,1,0,0,0,0,0.3787
118.1253,-116.9007,0.0864,-98.6232,0.0011,0.0040,0.0002,0.0011,0.0000,94.8341,2.3606,0.0889,1.0000,0.3099,0.2342,14.6315,8.6363,1.0000,0.0000,1,0,0,0,0,0.6109
118.1809,-116.9006,0.0864,-98.6231,0.0011,0.0040,0.0002,0.0011,0.0000,94.9762,2.5580,0.0850,1.0000,0.3099,0.2232,14.1240,9.1365,1.0000,0.0000,1,0,0,0,0,0.6497
118.2421,-116.9005,0.0864,-98.6229,0.0011,0.0040,0.0002,0.0011,0.0000,95.1372,2.6289,0.0791,1.0000,0.3099,0.2102,13.5491,9.3847,1.0000,0.0000,1,0,0,0,0,0.6674
118.2992,-116.9004,0.0864,-98.6228,0.0011,0.0040,0.0002,0.0011,0.0000,95.2626,2.1960,0.0733,1.0000,0.3099,0.1966,12.8208,12.7603,1.0000,0.0000,1,0,0,0,0,0.8309
118.3524,-116.9003,0.0864,-98.6227,0.0011,0.0040,0.0002,0.0011,0.0000,95.3795,2.2001,0.0674,0.9746,0.3099,0.1840,12.1885,11.8956,1.0000,0.0000,1,0,0,0,0,0.7831
118.4134,-116.9003,0.0864,-98.6226,0.0011,0.0040,0.0002,0.0011,0.0000,95.4887,1.7894,0.0655,0.9120,0.3099,0.1733,11.3827,13.2059,1.0000,0.0000,1,0,0,0,0,0.8331
118.4706,-116.9002,0.0864,-98.6225,0.0011,0.0040,0.0002,0.0011,0.0000,95.6116,2.1498,0.0616,0.8729,0.3099,0.1633,10.6841,12.2178,1.0000,0.0000,1,0,0,0,0,0.7982
118.5230,-116.9001,0.0864,-98.6224,0.0011,0.0040,0.0002,0.0011,0.0000,95.6899,1.4925,0.0596,0.8671,0.3099,0.1579,10.2192,8.8623,1.0000,0.0000,1,0,0,0,0,0.5753
118.5903,-116.9000,0.0864,-98.6222,0.0011,0.0040,0.0002,0.0011,0.0000,95.8021,1.6681,0.0557,0.8671,0.3099,0.1496,9.6904,7.8639,1.0000,0.0000,1,0,0,0,0,0.5296
118.6473,-116.8999,0.0864,-98.6221,0.0011,0.0040,0.0002,0.0011,0.0000,95.8903,1.5462,0.0538,0.8671,0.3099,0.1423,9.1663,9.1885,1.0000,0.0000,1,0,0,0,0,0.5964
118.7081,-116.8998,0.0864,-98.6220,0.0011,0.0040,0.0002,0.0011,0.0000,95.9908,1.6547,0.0518,0.8671,0.3099,0.1359,8.7322,7.1424,1.0000,0.0000,1,0,0,0,0,0.4887
118.7599,-116.8998,0.0864,-98.6219,0.0011,0.0040,0.0002,0.0011,0.0000,96.0713,1.5516,0.0518,0.8671,0.3099,0.1322,8.3782,6.8260,1.0000,0.0000,1,0,0,0,0,0.4654
118.8166,-116.8997,0.0864,-98.6218,0.0011,0.0040,0.0002,0.0011,0.0000,96.1503,1.3943,0.0518,0.8671,0.3099,0.1307,8.1235,4.4975,1.0000,0.0000,1,0,0,0,0,0.3273
118.8679,-116.8996,0.0864,-98.6216,0.0011,0.0040,0.0002,0.0011,0.0000,96.2130,1.2224,0.0518,0.8671,0.3099,0.1301,7.9863,2.6766,1.0000,0.0000,1,0,0,0,0,0.2166
118.9288,-116.8996,0.0864,-98.6215,0.0011,0.0040,0.0002,0.0011,0.0000,96.3066,1.5365,0.0518,0.8671,0.3099,0.1297,7.8829,1.6963,1.0000,0.0000,1,0,0,0,0,0.1796
118.9863,-116.8995,0.0864,-98.6214,0.0011,0.0040,0.0002,0.0011,0.0000,96.3845,1.3552,0.0518,0.8671,0.3099,0.1296,7.8269,0.9740,1.0000,0.0000,1,0,0,0,0,0.1294
119.0364,-116.8994,0.0864,-98.6213,0.0011,0.0040,0.0002,0.0011,0.0000,96.4624,1.5535,0.0518,0.8553,0.3099,0.1296,7.8021,0.4931,1.0000,0.0000,1,0,0,0,0,0.1137
119.0886,-116.8993,0.0864,-98.6212,0.0011,0.0040,0.0002,0.0011,0.0000,96.5247,1.1941,0.0518,0.7928,0.3099,0.1295,7.7875,0.2810,1.0000,0.0000,1,0,0,0,0,0.0819
119.1492,-116.8992,0.0864,-98.6211,0.0011,0.0040,0.0002,0.0011,0.0000,96.6161,1.5079,0.0459,0.7283,0.3099,0.1233,7.7241,1.0449,1.0000,0.0000,1,0,0,0,0,0.1418
119.2135,-116.8992,0.0864,-98.6209,0.0011,0.0040,0.0002,0.0011,0.0000,96.6865,1.0943,0.0420,0.6383,0.3099,0.1149,7.4320,4.5430,1.0000,0.0000,1,0,0,0,0,0.3132
119.2688,-116.8991,0.0864,-98.6208,0.0011,0.0040,0.0002,0.0011,0.0000,96.7504,1.1566,0.0361,0.5680,0.3099,0.1038,6.9512,8.6947,1.0000,0.0000,1,0,0,0,0,0.5473
119.3234,-116.8990,0.0864,-98.6207,0.0011,0.0040,0.0002,0.0011,0.0000,96.8081,1.0559,0.0361,0.5093,0.3099,0.0961,6.4683,8.8467,1.0000,0.0000,1,0,0,0,0,0.5501
119.3845,-116.8989,0.0864,-98.6206,0.0011,0.0040,0.0002,0.0011,0.0000,96.8706,1.0244,0.0303,0.5015,0.3099,0.0855,5.9378,8.6882,1.0000,0.0000,1,0,0,0,0,0.5396
119.4412,-116.8988,0.0864,-98.6205,0.0011,0.0040,0.0002,0.0011,0.0000,96.9139,0.7623,0.0205,0.5015,0.3099,0.0702,5.2928,11.3738,1.0000,0.0000,1,0,0,0,0,0.6742
119.5032,-116.8988,0.0864,-98.6203,0.0011,0.0040,0.0002,0.0011,0.0000,96.9373,0.3773,0.0166,0.5015,0.3099,0.0255,4.0068,20.7221,1.0000,0.0000,1,0,0,0,0,1.1722
119.5644,-116.8987,0.0864,-98.6202,0.0011,0.0040,0.0002,0.0011,0.0000,96.9405,0.0535,0.0146,0.5015,0.3099,0.0109,2.4456,25.5402,1.0000,0.0000,1,0,0,0,0,1.4219
119.6235,-116.8986,0.0864,-98.6201,0.0011,0.0040,0.0002,0.0011,0.0000,96.9379,-0.0444,0.0146,0.5015,0.3099,0.0047,1.4617,16.6506,1.0000,0.0000,1,0,0,0,0,0.9275
119.6772,-116.8985,0.0864,-98.6200,0.0011,0.0040,0.0002,0.0011,0.0000,96.9328,-0.0948,0.0146,0.5015,0.3099,0.0020,0.8176,11.9832,1.0000,0.0000,1,0,0,0,0,0.6710
119.7350,-116.8984,0.0864,-98.6199,0.0011,0.0040,0.0002,0.0011,0.0000,96.9266,-0.1077,0.0146,0.5015,0.3099,0.0009,0.4121,7.0117,1.0000,0.0000,1,0,0,0,0,0.3955
119.7925,-116.8984,0.0864,-98.6197,0.0011,0.0040,0.0002,0.0011,0.0000,96.9186,-0.1398,0.0088,0.5015,0.3099,0.0003,0.2065,3.5809,1.0000,0.0000,1,0,0,0,0,0.2067
119.8458,-116.8983,0.0864,-98.6196,0.0011,0.0040,0.0002,0.0011,0.0000,96.9131,-0.1030,0.0049,0.5015,0.3099,0.0002,0.1105,1.7996,1.0000,0.0000,1,0,0,0,0,0.1057
119.9034,-116.8982,0.0864,-98.6195,0.0011,0.0040,0.0002,0.0011,0.0000,96.9047,-0.1463,0.0010,0.5015,0.0186,0.0001,0.0561,0.9447,1.0000,0.0000,1,0,0,0,0,0.0606
119.9538,-116.8981,0.0864,-98.6194,0.0011,0.0040,0.0002,0.0011,0.0000,96.8990,-0.1114,-0.0010,0.5015,-0.7205,0.0000,0.0305,0.5085,1.0000,0.2371,1,0,0,0,0,1.2198
120.0124,-116.8981,0.0864,-98.6193,0.0011,0.0040,0.0002,0.0011,0.0000,96.8920,-0.1197,-0.0010,0.5015,-0.9414,0.0000,0.0151,0.2621,1.0000,0.6232,1,0,0,0,0,3.1371
120.0636,-116.8980,0.0864,-98.6192,0.0011,0.0040,0.0002,0.0011,0.0000,96.8850,-0.1372,-0.0029,0.4995,-0.9941,0.0000,0.0080,0.1380,1.0000,0.8393,1,0,0,0,0,4.2115
120.1138,-116.8979,0.0864,-98.6191,0.0011,0.0040,0.0002,0.0011,0.0000,96.8780,-0.1397,-0.0029,0.4976,-1.0000,0.0000,0.0043,0.0736,1.0000,0.9350,1,0,0,0,0,4.6869
120.1672,-116.8978,0.0864,-98.6190,0.0011,0.0040,0.0002,0.0011,0.0000,96.8724,-0.1051,-0.0029,0.4976,-0.8084,0.0000,0.0022,0.0405,1.0000,0.9214,1,0,0,0,0,4.6153
120.2179,-116.8978,0.0864,-98.6189,0.0011,0.0040,0.0002,0.0011,0.0001,96.8653,-0.1398,-0.0049,0.4976,0.0752,0.0000,0.0012,0.0199,1.0000,0.4720,1,0,0,0,0,2.3690
120.2688,-116.8977,0.0864,-98.6188,0.0011,0.0040,0.0002,0.0011,0.0000,96.8583,-0.1377,-0.0069,0.4976,0.2688,0.0000,0.0006,0.0108,1.0000,0.1899,1,0,0,0,0,0.9577
120.3302,-116.8976,0.0864,-98.6186,0.0011,0.0040,0.0002,0.0011,0.0000,96.8513,-0.1144,-0.0069,0.4976,0.3040,0.0000,0.0003,0.0051,1.0000,0.0764,1,0,0,0,0,0.3886
120.3886,-116.8975,0.0864,-98.6185,0.0011,0.0040,0.0002,0.0011,0.0000,96.8442,-0.1213,-0.0069,0.4976,0.3060,0.0000,0.0001,0.0028,1.0000,0.0307,1,0,0,0,0,0.1605
120.4386,-116.8975,0.0864,-98.6184,0.0011,0.0040,0.0002,0.0011,0.0000,96.8372,-0.1404,-0.0069,0.4976,0.3060,0.0000,0.0001,0.0013,1.0000,0.0124,1,0,0,0,0,0.0697
120.4919,-116.8974,0.0864,-98.6183,0.0011,0.0040,0.0002,0.0011,0.0000,96.8301,-0.1328,-0.0069,0.4976,0.3060,0.0000,0.0000,0.0006,1.0000,0.0050,1,0,0,0,0,0.0323
120.5486,-116.8973,0.0864,-98.6182,0.0011,0.0040,0.0002,0.0011,0.0000,96.8230,-0.1248,-0.0069,0.4976,0.3060,0.0000,0.0000,0.0004,1.0000,0.0020,1,0,0,0,0,0.0170
120.6017,-116.8972,0.0864,-98.6181,0.0011,0.0040,0.0002,0.0011,0.0000,96.8160,-0.1322,-0.0069,0.4976,0.3060,0.0000,0.0000,0.0002,1.0000,0.0008,1,0,0,0,0,0.0114
120.6564,-116.8972,0.0864,-98.6180,0.0011,0.0040,0.0002,0.0011,0.0000,96.8103,-0.1038,-0.0069,0.4976,0.3060,0.0000,0.0000,0.0001,1.0000,0.0004,1,0,0,0,0,0.0077
120.7148,-116.8971,0.0864,-98.6178,0.0011,0.0040,0.0002,0.0011,0.0000,96.8018,-0.1453,-0.0069,0.5054,0.3060,0.0000,0.0000,0.0000,1.0000,0.0001,1,0,0,0,0,0.0087
120.7717,-116.8970,0.0864,-98.6177,0.0011,0.0040,0.0002,0.0011,0.0000,96.7948,-0.1246,-0.0069,0.5054,0.3060,0.0000,0.0000,0.0000,1.0000,0.0001,1,0,0,0,0,0.0072
120.8235,-116.8969,0.0864,-98.6176,0.0011,0.0040,0.0002,0.0011,0.0000,96.7877,-0.1365,-0.0069,0.5073,0.3060,0.0000,0.0000,0.0000,1.0000,0.0000,1,0,0,0,0,0.0077
120.8801,-116.8969,0.0864,-98.6175,0.0011,0.0040,0.0002,0.0011,0.0000,96.7807,-0.1245,-0.0069,0.5073,0.3060,0.0000,0.0000,0.0000,1.0000,0.0000,1,0,0,0,0,0.0070
120.9311,-116.8968,0.0864,-98.6174,0.0011,0.0040,0.0002,0.0011,0.0000,96.7750,-0.1113,-0.0069,0.5073,0.3060,0.0000,0.0000,0.0000,1.0000,0.0000,1,0,0,0,0,0.0062
120.9917,-116.8967,0.0864,-98.6173,0.0011,0.0040,0.0002,0.0011,0.0000,96.7665,-0.1391,-0.0069,0.5073,0.3060,0.0000,0.0000,0.0000,1.0000,0.0000,1,0,0,0,0,0.0077
121.0418,-116.8966,0.0864,-98.6172,0.0011,0.0040,0.0002,0.0011,0.0000,96.7609,-0.1132,-0.0069,0.5073,0.3060,0.0000,0.0000,0.0000,1.0000,0.0000,1,0,0,0,0,0.0063
121.0939,-116.8966,0.0864,-98.6171,0.0011,0.0040,0.0002,0.0011,0.0000,96.7538,-0.1354,-0.0069,0.5073,0.3060,0.0000,0.0000,0.0000,1.0000,0.0000,1,0,0,0,0,0.0075
121.1604,-116.8965,0.0864,-98.6169,0.0011,0.0040,0.0002,0.0011,0.0000,96.7453,-0.1276,-0.0069,0.5073,0.3060,0.0000,0.0000,0.0000,1.0000,0.0000,1,0,0,0,0,0.0071
121.2170,-116.8964,0.0864,-98.6168,0.0011,0.0040,0.0002,0.0011,0.0000,96.7382,-0.1251,-0.0069,0.5073,0.3060,0.0000,0.0000,0.0000,1.0000,0.0000,1,0,0,0,0,0.0069
121.2672,-116.8963,0.0864,-98.6167,0.0011,0.0040,0.0002,0.0011,0.0000,96.7326,-0.1125,-0.0069,0.5073,0.3060,0.0000,0.0000,0.0000,1.0000,0.0000,1,0,0,0,0,0.0062
121.3204,-116.8963,0.0864,-98.6166,0.0011,0.0040,0.0002,0.0011,0.0000,96.7256,-0.1325,-0.0069,0.5073,0.3060,0.0000,0.0000,0.0000,1.0000,0.0000,1,0,0,0,0,0.0074
121.3811,-116.8962,0.0864,-98.6165,0.0011,0.0040,0.0002,0.0011,0.0000,96.7171,-0.1397,-0.0069,0.5073,0.3079,0.0000,0.0000,0.0000,1.0000,0.0000,1,0,0,0,0,0.0078
121.4386,-116.8961,0.0864,-98.6163,0.0011,0.0040,0.0002,0.0011,0.0000,96.7100,-0.1233,-0.0069,0.5073,0.3079,0.0000,0.0000,0.0000,1.0000,0.0000,1,0,0,0,0,0.0068
121.4925,-116.8960,0.0864,-98.6162,0.0011,0.0040,0.0002,0.0011,0.0000,96.7029,-0.1307,-0.0069,0.5073,0.3079,0.0000,0.0000,0.0000,1.0000,0.0000,1,0,0,0,0,0.0073
121.5521,-116.8959,0.0864,-98.6161,0.0011,0.0040,0.0002,0.0011,0.0000,96.6959,-0.1183,-0.0069,0.5073,0.3079,0.0000,0.0000,0.0000,1.0000,0.0000,1,0,0,0,0,0.0066
121.6111,-116.8959,0.0864,-98.6160,0.0011,0.0040,0.0002,0.0011,0.0000,96.6888,-0.1195,-0.0069,0.5073,0.3079,0.0000,0.0000,0.0000,1.0000,0.0000,1,0,0,0,0,0.0066
121.6696,-116.8958,0.0864,-98.6159,0.0011,0.0040,0.0002,0.0011,0.0000,96.6803,-0.1449,-0.0069,0.5073,0.3079,0.0000,0.0000,0.0000,1.0000,0.0000,1,0,0,0,0,0.0080
121.7245,-116.8957,0.0864,-98.6158,0.0011,0.0040,0.0002,0.0011,0.0000,96.6733,-0.1280,-0.0069,0.5073,0.3079,0.0000,0.0000,0.0000,1.0000,0.0000,1,0,0,0,0,0.0071
121.7766,-116.8956,0.0864,-98.6156,0.0011,0.0040,0.0002,0.0011,0.0000,96.6676,-0.1089,-0.0069,0.5073,0.3079,0.0000,0.0000,0.0000,1.0000,0.0000,1,0,0,0,0,0.0060
121.8370,-116.8956,0.0864,-98.6155,0.0011,0.0040,0.0002,0.0011,0.0000,96.6592,-0.1406,-0.0069,0.5073,0.3079,0.0000,0.0000,0.0000,1.0000,0.0000,1,0,0,0,0,0.0078
121.8973,-116.8955,0.0864,-98.6154,0.0011,0.0040,0.0002,0.0011,0.0000,96.6521,-0.1169,-0.0069,0.5073,0.3079,0.0000,0.0000,0.0000,1.0000,0.0000,1,0,0,0,0,0.0065
121.9477,-116.8954,0.0864,-98.6153,0.0011,0.0040,0.0002,0.0011,0.0000,96.6451,-0.1404,-0.0069,0.5073,0.3079,0.0000,0.0000,0.0000,1.0000,0.0000,1,0,0,0,0,0.0078
121.9995,-116.8953,0.0864,-98.6152,0.0011,0.0040,0.0002,0.0011,0.0000,96.6394,-0.1088,-0.0069,0.5073,0.3079,0.0000,0.0000,0.0000,1.0000,0.0000,1,0,0,0,0,0.0060
122.0570,-116.8952,0.0864,-98.6151,0.0011,0.0040,0.0002,0.0011,0.0000,96.6309,-0.1476,-0.0069,0.5073,0.3079,0.0000,0.0000,0.0000,1.0000,0.0000,1,0,0,0,0,0.0082
122.1090,-116.8952,0.0864,-98.6150,0.0011,0.0040,0.0002,0.0011,0.0000,96.6253,-0.1087,-0.0069,0.5073,0.3079,0.0000,0.0000,0.0000,1.0000,0.0000,1,0,0,0,0,0.0060
122.1594,-116.8951,0.0864,-98.6149,0.0011,0.0040,0.0002,0.0011,0.0000,96.6182,-0.1403,-0.0069,0.5073,0.3079,0.0000,0.0000,0.0000,1.0000,0.0000,1,0,0,0,0,0.0078
122.2199,-116.8950,0.0864,-98.6147,0.0011,0.0040,0.0002,0.0011,0.0000,96.6111,-0.1170,-0.0069,0.5073,0.3079,0.0000,0.0000,0.0000,1.0000,0.0000,1,0,0,0,0,0.0065
122.2705,-116.8950,0.0864,-98.6147,0.0000,0.0001,0.0000,0.0000,-0.0216,96.6095,-0.0314,-0.0069,0.5073,0.3079,0.0000,0.0000,0.0000,1.0000,0.0000,1,0,0,0,0,0.0017
122.3245,-116.8950,0.0864,-98.6147,0.0000,0.0001,0.0000,0.0000,0.0000,96.6094,-0.0034,-0.0069,0.5073,0.3079,0.0000,0.0000,0.0000,1.0000,0.0000,1,0,0,0,0,0.0002
122.3819,-116.8950,0.0864,-98.6147,0.0000,0.0001,0.0000,0.0000,0.0000,96.6092,-0.0032,-0.0069,0.5073,0.3079,0.0000,0.0000,0.0000,1.0000,0.0000,1,0,0,0,0,0.0002
122.4418,-116.8950,0.0864,-98.6147,0.0000,0.0001,0.0000,0.0000,0.0000,96.6091,-0.0020,-0.0069,0.5073,0.3079,0.0000,0.0000,0.0000,1.0000,0.0000,1,0,0,0,0,0.0001
122.4941,-116.8950,0.0864,-98.6147,0.0000,0.0001,0.0000,0.0000,0.0000,96.6091,-0.0006,-0.0069,0.5073,0.3079,0.0000,0.0000,0.0000,1.0000,0.0000,1,0,0,0,0,0.0000
122.5532,-116.8950,0.0864,-98.6147,0.0000,0.0001,0.0000,0.0000,0.0000,96.6091,0.0000,-0.0069,0.5073,0.3079,0.0000,0.0000,0.0000,1.0000,0.0000,1,0,0,0,0,0.0000
122.6062,-116.8950,0.0864,-98.6147,0.0000,0.0001,0.0000,0.0000,0.0000,96.6091,0.0000,-0.0069,0.5073,0.3079,0.0000,0.0000,0.0000,1.0000,0.0000,1,0,0,0,0,0.0000
122.6671,-116.8937,0.0864,-98.6148,0.1035,0.3727,0.1035,0.0015,1.6975,96.6065,-0.0425,-0.0069,0.5073,0.3079,0.0000,0.0000,0.0000,1.0000,0.0000,1,0,0,0,0,0.0024
122.7266,-116.8829,0.0864,-98.6159,0.2760,0.9938,0.2760,0.0023,2.9017,96.6021,-0.0729,-0.0069,0.5073,0.3079,0.0000,0.0000,0.0000,1.0000,0.0000,1,0,0,0,0,0.0040
122.7821,-116.8630,0.0864,-98.6180,0.4485,1.6145,0.4485,0.0029,3.1059,96.5978,-0.0792,-0.0069,0.5073,0.3079,0.0000,0.0000,0.0000,1.0000,0.0000,1,0,0,0,0,0.0044
122.8400,-116.8321,0.0864,-98.6213,0.6209,2.2354,0.6209,0.0035,2.9809,96.5934,-0.0744,-0.0069,0.5073,0.3079,0.0000,0.0000,0.0000,1.0000,0.0000,1,0,0,0,0,0.0883
122.8901,-116.7970,0.0864,-98.6251,0.7935,2.8565,0.7935,0.0040,3.4394,96.5890,-0.0876,-0.0069,0.5073,0.3079,0.0000,0.0000,0.0000,1.0000,0.0000,1,0,0,0,0,0.0798
122.9414,-116.7531,0.0864,-98.6299,0.9315,3.3532,0.9314,0.0043,2.6934,96.5856,-0.0673,-0.0069,0.5073,0.3079,0.0000,0.0000,0.0000,1.0000,0.0000,1,0,0,0,0,0.0728
122.9986,-116.6945,0.0864,-98.6363,1.1039,3.9741,1.1039,0.0047,3.0156,96.5813,-0.0747,-0.0069,0.5073,0.3079,0.0000,0.0000,0.0000,1.0000,0.0000,1,0,0,0,0,0.0674
123.0494,-116.6339,0.0864,-98.6430,1.2764,4.5951,1.2764,0.0050,3.3941,96.5769,-0.0859,-0.0069,0.5073,0.3079,0.0000,0.0000,0.0000,1.0000,0.0000,1,0,0,0,0,0.0633
123.1040,-116.5599,0.0864,-98.6512,1.4489,5.2160,1.4489,0.0053,3.1563,96.5726,-0.0787,-0.0069,0.5073,0.3079,0.0000,0.0000,0.0000,1.0000,0.0000,1,0,0,0,0,0.0589
123.1606,-116.4735,0.0864,-98.6608,1.6214,5.8369,1.6214,0.0055,3.0481,96.5683,-0.0766,-0.0069,0.5073,0.3079,0.0000,0.0000,0.0000,1.0000,0.0000,1,0,0,0,0,0.0552
123.2254,-116.3624,0.0864,-98.6731,1.8284,6.5821,1.8284,0.0058,3.1926,96.5631,-0.0800,-0.0069,0.5073,0.3079,0.0000,0.0000,0.0000,1.0000,0.0000,1,0,0,0,0,0.0518
123.2807,-116.2576,0.0864,-98.6848,2.0009,7.2031,2.0009,0.0060,3.1233,96.5588,-0.0779,-0.0069,0.5073,0.3079,0.0000,0.0000,0.0000,1.0000,0.0000,1,0,0,0,0,0.0490
123.3410,-116.1324,0.0864,-98.6987,2.1733,7.8240,2.1733,0.0061,2.8610,96.5545,-0.0719,-0.0069,0.5073,0.3079,0.0000,0.0000,0.0000,1.0000,0.0000,1,0,0,0,0,0.0462
123.3962,-116.0077,0.0864,-98.7126,2.3458,8.4449,2.3458,0.0063,3.1206,96.5502,-0.0773,-0.0069,0.5073,0.3079,0.0000,0.0000,0.0000,1.0000,0.0000,1,0,0,0,0,0.0444
123.4544,-115.8664,0.0864,-98.7284,2.5528,9.1901,2.5528,0.0065,3.5599,96.5450,-0.0892,-0.0069,0.5073,0.3079,0.0000,0.0000,0.0000,1.0000,0.0000,1,0,0,0,0,0.0429
123.5068,-115.7299,0.0864,-98.7437,2.6908,9.6867,2.6908,0.0065,2.6302,96.5416,-0.0657,-0.0069,0.5073,0.3079,0.0000,0.0000,0.0000,1.0000,0.0000,1,0,0,0,0,0.0400
123.5677,-115.5608,0.0864,-98.7626,2.8978,10.4320,2.8978,0.0067,3.4002,96.5364,-0.0847,-0.0069,0.5073,0.3079,0.0000,0.0000,0.0000,1.0000,0.0000,1,0,0,0,0,0.0393
123.6243,-115.3934,0.0864,-98.7813,3.0702,11.0528,3.0702,0.0068,3.0466,96.5322,-0.0755,-0.0069,0.5073,0.3079,0.0000,0.0000,0.0000,1.0000,0.0000,1,0,0,0,0,0.0373
123.6794,-115.2209,0.0864,-98.8006,3.2428,11.6740,3.2428,0.0069,3.1319,96.5279,-0.0781,-0.0069,0.5015,0.3079,0.0000,0.0000,0.0000,1.0000,0.0000,1,0,0,0,0,0.0361
123.7342,-115.0400,0.0864,-98.8209,3.4152,12.2949,3.4152,0.0069,3.1462,96.5236,-0.0779,-0.0069,0.4585,0.3079,0.0000,0.0000,0.0000,1.0000,0.0000,1,0,0,0,0,0.0348
123.7855,-114.8624,0.0864,-98.8407,3.5533,12.7917,3.5532,0.0070,2.6921,96.5201,-0.0679,-0.0069,0.4076,0.3079,0.0000,0.0000,0.0000,1.0000,0.0000,1,0,0,0,0,0.0332
123.8375,-114.6739,0.0864,-98.8618,3.7251,13.4102,3.7251,0.0071,3.3020,96.5158,-0.0833,-0.0069,0.3412,0.3079,0.0000,0.0000,0.0000,0.9963,0.0000,1,0,0,0,0,0.0330
123.8906,-114.4735,0.0864,-98.8843,3.8607,13.8984,3.8607,0.0071,2.5542,96.5115,-0.0799,-0.0069,0.2806,0.3079,0.0000,0.0000,0.0000,0.9207,0.0000,1,0,0,0,0,0.0321
123.9425,-114.2727,0.0864,-98.9068,3.9185,14.1068,3.9185,0.0072,1.1146,96.5072,-0.0835,-0.0069,0.2454,0.3079,0.0000,0.0000,0.0000,0.8226,0.0000,1,0,0,0,0,0.0321
124.0033,-114.0364,0.0864,-98.9332,3.8984,14.0343,3.8984,0.0072,-0.3315,96.5029,-0.0713,-0.0069,0.2278,0.3079,0.0000,0.0000,0.0000,0.7380,0.0000,1,0,0,0,0,0.0316
124.0635,-113.8054,0.0864,-98.9590,3.8284,13.7823,3.8284,0.0072,-1.1631,96.4986,-0.0710,-0.0069,0.2278,0.3079,0.0000,0.0000,0.0000,0.6934,0.0000,1,0,0,0,0,0.0320
124.1216,-113.5875,0.0864,-98.9833,3.7131,13.3673,3.7131,0.0072,-1.9840,96.4934,-0.0898,-0.0069,0.2278,0.3079,0.0000,0.0000,0.0000,0.6688,0.0000,1,0,0,0,0,0.0340
124.1744,-113.3948,0.0864,-99.0048,3.6271,13.0575,3.6271,0.0071,-1.6293,96.4900,-0.0641,-0.0069,0.2278,0.3079,0.0000,0.0000,0.0000,0.6610,0.0000,1,0,0,0,0,0.0330
124.2247,-113.2165,0.0864,-99.0246,3.5145,12.6522,3.5145,0.0071,-2.2385,96.4856,-0.0862,-0.0069,0.2278,0.3079,0.0000,0.0000,0.0000,0.6557,0.0000,1,0,0,0,0,0.0352
124.2809,-113.0234,0.0864,-99.0461,3.3989,12.2362,3.3989,0.0071,-2.0562,96.4813,-0.0771,-0.0069,0.2278,0.3079,0.0000,0.0000,0.0000,0.6532,0.0000,1,0,0,0,0,0.0355
124.3407,-112.8250,0.0864,-99.0682,3.2820,11.8152,3.2820,0.0070,-1.9543,96.4770,-0.0714,-0.0069,0.2278,0.3079,0.0000,0.0000,0.0000,0.6519,0.0000,1,0,0,0,0,0.0360
124.4009,-112.6330,0.0864,-99.0895,3.1408,11.3071,3.1408,0.0070,-2.3459,96.4718,-0.0872,-0.0069,0.2278,0.3079,0.0000,0.0000,0.0000,0.6512,0.0000,1,0,0,0,0,0.0382
124.4621,-112.4456,0.0864,-99.1102,3.0179,10.8646,3.0179,0.0069,-2.0070,96.4675,-0.0698,-0.0069,0.2043,0.3079,0.0000,0.0000,0.0000,0.6349,0.0000,1,0,0,0,0,0.0382
124.5189,-112.2802,0.0864,-99.1285,2.8585,10.2906,2.8585,0.0068,-2.8096,96.4632,-0.0764,-0.0069,0.1691,0.3079,0.0000,0.0000,0.0000,0.5750,0.0000,1,0,0,0,0,0.0402
124.5706,-112.1394,0.0864,-99.1440,2.6265,9.4555,2.6265,0.0068,-4.4826,96.4589,-0.0831,-0.0069,0.1164,0.3079,0.0000,0.0000,0.0000,0.4714,0.0000,1,0,0,0,0,0.0433
124.6228,-112.0110,0.0864,-99.1581,2.3028,8.2900,2.3028,0.0066,-6.2039,96.4546,-0.0825,-0.0069,0.0753,0.3079,0.0000,0.0000,0.0000,0.3598,0.0000,1,0,0,0,0,0.0478
124.6828,-111.8856,0.0864,-99.1718,1.8878,6.7961,1.8878,0.0064,-6.9198,96.4503,-0.0723,-0.0108,0.0420,0.3079,0.0000,0.0000,0.0000,0.2516,0.0000,1,0,0,0,0,0.0546
124.7403,-111.7929,0.0864,-99.1819,1.3943,5.0194,1.3943,0.0059,-8.5724,96.4459,-0.0753,-0.0147,0.0303,0.3079,0.0000,0.0000,0.0000,0.1705,0.0000,1,0,0,0,0,0.0681
124.7984,-111.7310,0.0864,-99.1885,0.7411,2.6679,0.7411,0.0049,-11.2464,96.4404,-0.0956,-0.0206,0.0303,0.3079,-0.0080,0.0000,0.0000,0.1222,0.0000,1,0,0,0,0,0.1049
124.8511,-111.7039,0.0864,-99.1913,0.2876,1.0353,0.2876,0.0034,-8.6119,96.4342,-0.1182,-0.0225,0.0303,0.3079,-0.0312,-0.5003,9.5016,0.1067,0.0000,1,0,0,0,0,0.5344
124.9129,-111.7009,0.0864,-99.1915,0.0001,0.0002,0.0000,0.0001,-4.6543,96.4279,-0.1023,-0.0245,0.0303,0.3079,-0.0496,-1.5608,17.1663,0.0951,0.0000,1,0,0,0,0,0.9594
124.9673,-111.7009,0.0864,-99.1915,0.0001,0.0002,0.0000,0.0001,-0.0001,96.4243,-0.0650,-0.0245,0.0303,0.3079,-0.0562,-2.3776,15.0032,0.0908,0.0000,1,0,0,0,0,0.8371
125.0268,-111.7009,0.0864,-99.1915,0.0001,0.0002,0.0000,0.0001,0.0000,96.4206,-0.0626,-0.0264,0.0303,0.3079,-0.0618,-2.9998,10.4549,0.0886,0.0000,1,0,0,0,0,0.5843
125.0787,-111.7009,0.0864,-99.1915,0.0001,0.0002,0.0000,0.0001,0.0000,96.4166,-0.0764,-0.0303,0.0303,0.3079,-0.0674,-3.4088,7.8820,0.0876,0.0000,1,0,0,0,0,0.4421
125.1376,-111.7009,0.0864,-99.1915,0.0001,0.0002,0.0000,0.0001,0.0000,96.4122,-0.0746,-0.0323,0.0303,0.3079,-0.0746,-3.8534,7.5460,0.0871,0.0000,1,0,0,0,0,0.4234
125.1988,-111.7009,0.0864,-99.1915,0.0001,0.0002,0.0000,0.0001,0.0000,96.4067,-0.0898,-0.0342,0.0303,0.3079,-0.0799,-4.2633,6.6998,0.0868,0.0000,1,0,0,0,0,0.3772
125.2532,-111.7009,0.0864,-99.1915,0.0001,0.0002,0.0000,0.0001,0.0000,96.4018,-0.0909,-0.0342,0.0323,0.3079,-0.0831,-4.5688,5.6144,0.0881,0.0000,1,0,0,0,0,0.3170
125.3116,-111.7009,0.0864,-99.1915,0.0001,0.0004,0.0000,0.0001,0.0008,96.3957,-0.1041,-0.0342,0.0655,0.3079,-0.0845,-4.8169,4.2524,0.1212,0.0000,1,0,0,0,0,0.2420
125.3725,-111.7009,0.0864,-99.1915,0.0002,0.0008,-0.0001,0.0002,0.0020,96.3855,-0.1673,-0.0342,0.1203,0.3079,-0.0851,-4.9627,2.3919,0.2108,0.0000,1,0,0,0,0,0.1422
125.4270,-111.7009,0.0864,-99.1914,0.0004,0.0014,-0.0001,0.0004,0.0030,96.3684,-0.3142,-0.0342,0.1730,0.3079,-0.0854,-5.0400,1.4187,0.3325,0.0000,1,0,0,0,0,0.0963
125.4851,-111.7009,0.0864,-99.1914,0.0006,0.0020,-0.0001,0.0005,0.0029,96.3435,-0.4289,-0.0342,0.2121,0.3079,-0.0855,-5.0875,0.8177,0.4569,0.0000,1,0,0,0,0,0.0693
125.5370,-111.7009,0.0864,-99.1913,0.0009,0.0031,0.0001,0.0009,0.0057,96.3102,-0.6423,-0.0342,0.2708,0.3079,-0.0855,-5.1088,0.4117,0.5852,0.0000,1,0,0,0,0,0.0586
125.5938,-111.7009,0.0864,-99.1912,0.0013,0.0046,0.0003,0.0012,0.0075,96.2659,-0.7796,-0.0342,0.3118,0.3079,-0.0855,-5.1210,0.2133,0.7176,0.0000,1,0,0,0,0,0.0552
125.6465,-111.7006,0.0864,-99.1910,0.0163,0.0588,0.0163,0.0012,0.2853,96.2131,-1.0004,-0.0342,0.3548,0.3079,-0.0856,-5.1266,0.1077,0.8490,0.0000,1,0,0,0,0,0.0616
125.6980,-111.6979,0.0864,-99.1912,0.1051,0.3784,0.1051,0.0016,1.7249,96.1572,-1.0858,-0.0362,0.3861,0.3079,-0.0875,-5.1433,0.3239,0.9261,0.0000,1,0,0,0,0,0.0783
125.7583,-111.6880,0.0864,-99.1921,0.2367,0.8523,0.2367,0.0021,2.1817,96.0952,-1.0277,-0.0381,0.4213,0.3079,-0.0911,-5.2386,1.5794,0.9638,0.0000,1,0,0,0,0,0.1448
125.8175,-111.6692,0.0864,-99.1939,0.3892,1.4012,0.3892,0.0025,2.5780,96.0262,-1.1662,-0.0420,0.4565,0.3079,-0.0977,-5.4701,3.9143,0.9823,0.0000,1,0,0,0,0,0.2822
125.8738,-111.6420,0.0864,-99.1965,0.5519,1.9869,0.5519,0.0029,2.8906,95.9491,-1.3697,-0.0459,0.4819,0.3079,-0.1055,-5.7999,5.8601,0.9913,0.0000,1,0,0,0,0,0.4795
125.9314,-111.6044,0.0864,-99.2001,0.7535,2.7125,0.7535,0.0031,3.4943,95.8442,-1.8199,-0.0499,0.5132,0.3079,-0.1170,-6.2938,8.5607,0.9963,0.0000,1,0,0,0,0,0.6382
125.9838,-111.5615,0.0864,-99.2043,0.8897,3.2031,0.8897,0.0031,2.6009,95.7664,-1.4848,-0.0538,0.5250,0.3079,-0.1246,-6.7725,9.1384,0.9979,0.0000,1,0,0,0,0,0.6424
126.0440,-111.5106,0.0864,-99.2091,0.7204,2.5933,0.7203,0.0034,-2.8136,95.6778,-1.4710,-0.0596,-0.7888,0.3079,-0.1379,-7.3608,9.7713,0.4233,0.0000,1,0,0,0,0,0.6950
126.1028,-111.4801,0.0864,-99.2119,0.2946,1.0605,0.2946,0.0029,-7.2478,95.6366,-0.7023,-0.0596,-0.9648,0.3079,-0.1443,-7.9307,9.7003,0.2071,0.0000,1,0,0,0,0,0.5779
126.1574,-111.4757,0.0864,-99.2122,0.0001,0.0003,0.0000,0.0001,-5.3889,95.6178,-0.3434,-0.0596,-0.9883,0.3079,-0.1470,-8.3759,8.1466,0.1013,0.0000,1,0,0,0,0,0.4717
126.2076,-111.4757,0.0864,-99.2122,0.0002,0.0008,0.0000,0.0002,0.0028,95.6116,-0.1229,-0.0596,-0.9883,0.3079,-0.1482,-8.5880,4.2279,0.0496,0.0000,1,0,0,0,0,0.2417
126.2675,-111.4758,0.0864,-99.2122,0.0001,0.0005,0.0000,0.0001,-0.0014,95.6092,-0.0408,-0.0596,-0.9883,0.3079,-0.1487,-8.7594,2.8625,0.0243,0.0000,1,0,0,0,0,0.1613
126.3256,-111.4757,0.0864,-99.2122,0.0001,0.0003,0.0000,0.0001,-0.0007,95.6082,-0.0184,-0.0596,-0.9883,0.3079,-0.1490,-8.8497,1.5527,0.0119,0.0000,1,0,0,0,0,0.0873
126.3827,-111.4757,0.0864,-99.2122,0.0001,0.0002,0.0000,0.0001,-0.0004,95.6078,-0.0064,-0.0596,-0.9883,0.3079,-0.1490,-8.8995,0.8726,0.0058,0.0000,1,0,0,0,0,0.0488
126.4407,-111.4757,0.0864,-99.2122,0.0001,0.0002,0.0000,0.0001,-0.0002,95.6078,-0.0005,-0.0577,-0.9883,0.3079,-0.1477,-8.9202,0.3567,0.0025,0.0000,1,0,0,0,0,0.0198
126.4991,-111.4758,0.0864,-99.2122,0.0001,0.0002,0.0000,0.0001,-0.0001,95.6079,0.0024,-0.0538,-0.9883,0.3079,-0.1419,-8.8275,1.5869,0.0012,0.0000,1,0,0,0,0,0.0883
126.5593,-111.4757,0.0864,-99.2122,0.0000,0.0002,0.0000,0.0000,0.0000,95.6081,0.0035,-0.0518,-0.9883,0.3079,-0.1357,-8.5770,4.1567,0.0006,0.0000,1,0,0,0,0,0.2311
126.6116,-111.4757,0.0864,-99.2122,0.0000,0.0002,0.0000,0.0000,0.0000,95.6084,0.0044,-0.0499,-0.9883,0.3079,-0.1303,-8.2978,5.3447,0.0003,0.0000,1,0,0,0,0,0.2972
126.6709,-111.4757,0.0864,-99.2122,0.0000,0.0002,0.0000,0.0000,0.0000,95.6086,0.0044,-0.0479,-0.9883,0.3079,-0.1252,-7.9742,5.4602,0.0001,0.0000,1,0,0,0,0,0.3036
126.7278,-111.4757,0.0864,-99.2122,0.0000,0.0002,0.0000,0.0000,0.0000,95.6089,0.0048,-0.0479,-0.9883,0.3079,-0.1221,-7.6584,5.5466,0.0001,0.0000,1,0,0,0,0,0.3084
126.7787,-111.4757,0.0864,-99.2122,0.0000,0.0002,0.0000,0.0000,0.0000,95.6092,0.0055,-0.0479,-0.9883,0.3079,-0.1208,-7.4798,3.5076,0.0000,0.0000,1,0,0,0,0,0.1952
126.8301,-111.4757,0.0864,-99.2122,0.0000,0.0002,0.0000,0.0000,0.0000,95.6094,0.0040,-0.0479,-0.6696,0.3079,-0.1202,-7.3789,1.9621,0.0000,0.0000,1,0,0,0,0,0.1092
126.8908,-111.4757,0.0864,-99.2122,0.0005,0.0019,-0.0001,0.0005,0.0079,95.5896,-0.3256,-0.0479,0.4800,0.3079,-0.1200,-7.2802,1.6260,0.4346,0.0000,1,0,0,0,0,0.1084
126.9449,-111.4757,0.0864,-99.2121,0.0013,0.0047,0.0003,0.0013,0.0143,95.5346,-1.0161,-0.0479,0.6168,0.3079,-0.1199,-7.2383,0.7738,0.7233,0.0000,1,0,0,0,0,0.0994
126.9959,-111.4754,0.0864,-99.2120,0.0254,0.0916,0.0254,0.0012,0.4738,95.4630,-1.4048,-0.0479,0.6540,0.3079,-0.1199,-7.2170,0.4176,0.8646,0.0000,1,0,0,0,0,0.1012
127.0555,-111.4715,0.0864,-99.2122,0.1229,0.4425,0.1229,0.0017,1.6364,95.3860,-1.2942,-0.0499,0.6696,0.3079,-0.1212,-7.2071,0.1667,0.9338,0.0000,1,0,0,0,0,0.0812
127.1156,-111.4600,0.0864,-99.2131,0.2587,0.9314,0.2587,0.0021,2.2595,95.3015,-1.4059,-0.0538,0.6716,0.3079,-0.1254,-7.2881,1.3476,0.9676,0.0000,1,0,0,0,0,0.1530
127.1772,-111.4382,0.0864,-99.2149,0.4456,1.6040,0.4456,0.0026,3.0314,95.1887,-1.8294,-0.0557,0.6716,0.3079,-0.1336,-7.5438,4.1485,0.9863,0.0000,1,0,0,0,0,0.3321
127.2275,-111.4123,0.0864,-99.2170,0.5770,2.0773,0.5770,0.0028,2.6128,95.1066,-1.6315,-0.0577,0.6716,0.3079,-0.1388,-7.8548,6.1800,0.9922,0.0000,1,0,0,0,0,0.5057
127.2849,-111.3735,0.0864,-99.2202,0.7792,2.8050,0.7792,0.0029,3.5219,94.9740,-2.3108,-0.0596,0.6716,0.3079,-0.1454,-8.2278,6.4988,0.9967,0.0000,1,0,0,0,0,0.5450
127.3456,-111.3215,0.0864,-99.2244,0.9498,3.4194,0.9498,0.0028,2.8122,94.8558,-1.9477,-0.0616,0.6813,0.3079,-0.1499,-8.5082,4.6208,0.9984,0.0000,1,0,0,0,0,0.4096
127.4041,-111.2606,0.0864,-99.2293,1.1214,4.0371,1.1214,0.0026,2.9325,94.7314,-2.1257,-0.0616,0.6950,0.3079,-0.1522,-8.8430,5.7221,0.9992,0.0000,1,0,0,0,0,0.4714
127.4639,-111.1875,0.0864,-99.2350,1.3279,4.7804,1.3279,0.0023,3.4511,94.5759,-2.5992,-0.0616,0.6950,0.3079,-0.1534,-9.0129,2.8398,0.9997,0.0000,1,0,0,0,0,0.3283
127.5167,-111.1138,0.0864,-99.2407,1.5002,5.4008,1.5002,0.0019,3.2644,94.4419,-2.5382,-0.0616,0.6950,0.3079,-0.1537,-9.1112,1.8623,0.9998,0.0000,1,0,0,0,0,0.2638
127.5741,-111.0238,0.0864,-99.2474,1.6726,6.0214,1.6726,0.0015,3.0045,94.3042,-2.4011,-0.0616,0.6950,0.3079,-0.1539,-9.1742,1.0972,0.9999,0.0000,1,0,0,0,0,0.2075
127.6254,-110.9348,0.0864,-99.2539,1.8106,6.5181,1.8106,0.0010,2.6931,94.1913,-2.2031,-0.0616,0.6950,0.3079,-0.1539,-9.2023,0.5483,1.0000,0.0000,1,0,0,0,0,0.1612
127.6846,-110.8218,0.0864,-99.2619,2.0176,7.2632,2.0176,0.0003,3.4922,94.0177,-2.9289,-0.0616,0.6950,0.3079,-0.1540,-9.2210,0.3163,1.0000,0.0000,1,0,0,0,0,0.1825
127.7379,-110.7109,0.0864,-99.2695,2.1555,7.7599,2.1555,0.0003,2.5914,93.8990,-2.2290,-0.0616,0.6950,0.3079,-0.1540,-9.2300,0.1693,1.0000,0.0000,1,0,0,0,0,0.1352
127.7980,-110.5751,0.0864,-99.2785,2.3625,8.5051,2.3625,0.0012,3.4429,93.7167,-3.0325,-0.0616,0.6950,0.3079,-0.1540,-9.2352,0.0859,1.0000,0.0000,1,0,0,0,0,0.1806
127.8557,-110.4343,0.0864,-99.2875,2.5350,9.1261,2.5350,0.0020,2.9909,93.5608,-2.7025,-0.0616,0.6950,0.3079,-0.1540,-9.2375,0.0397,1.0000,0.0000,1,0,0,0,0,0.1642
127.9085,-110.2962,0.0864,-99.2960,2.7076,9.7472,2.7076,0.0029,3.2647,93.4014,-3.0166,-0.0616,0.6950,0.3079,-0.1540,-9.2388,0.0257,1.0000,0.0000,1,0,0,0,0,0.1849
127.9677,-110.1312,0.0864,-99.3057,2.8800,10.3679,2.8800,0.0038,2.9128,93.2392,-2.7400,-0.0596,0.6950,0.3079,-0.1521,-9.2258,0.2211,1.0000,0.0000,1,0,0,0,0,0.1843
128.0237,-109.9651,0.0864,-99.3150,3.0525,10.9888,3.0525,0.0047,3.0807,93.0763,-2.9109,-0.0577,0.6950,0.3079,-0.1490,-9.1423,1.4906,1.0000,0.0000,1,0,0,0,0,0.2675
128.0744,-109.8061,0.0864,-99.3235,3.2249,11.6098,3.2249,0.0055,3.3975,92.9134,-3.2089,-0.0577,0.6950,0.3079,-0.1463,-9.0045,2.7149,1.0000,0.0000,1,0,0,0,0,0.3546
128.1369,-109.5994,0.0864,-99.3340,3.3975,12.2308,3.3974,0.0063,2.7623,92.7504,-2.6098,-0.0557,0.6950,0.3079,-0.1427,-8.8407,2.6221,1.0000,0.0000,1,0,0,0,0,0.3187
128.1912,-109.4100,0.0864,-99.3431,3.5700,12.8518,3.5699,0.0071,3.1783,92.5887,-2.9789,-0.0518,0.6950,0.3079,-0.1376,-8.6067,4.3111,1.0000,0.0000,1,0,0,0,0,0.4348
128.2424,-109.2228,0.0864,-99.3517,3.7424,13.4727,3.7424,0.0077,3.3678,92.4309,-3.0805,-0.0499,0.6950,0.3079,-0.1311,-8.3473,5.0670,1.0000,0.0000,1,0,0,0,0,0.4834
128.2962,-109.0173,0.0864,-99.3605,3.9149,14.0938,3.9149,0.0082,3.2059,92.2771,-2.8580,-0.0459,0.6950,0.3079,-0.1247,-8.0318,5.8619,1.0000,0.0000,1,0,0,0,0,0.5157
128.3515,-108.7967,0.0864,-99.3694,4.0874,14.7146,4.0874,0.0084,3.1165,92.1301,-2.6569,-0.0420,0.6950,0.3079,-0.1160,-7.6404,7.0747,1.0000,0.0000,1,0,0,0,0,0.5716
128.4021,-108.5867,0.0864,-99.3774,4.2254,15.2115,4.2254,0.0085,2.7296,92.0185,-2.2076,-0.0401,0.6950,0.3079,-0.1087,-7.2468,7.7823,1.0000,0.0000,1,0,0,0,0,0.5852
128.4572,-108.3488,0.0864,-99.3859,4.3979,15.8326,4.3979,0.0084,3.1321,91.8873,-2.3806,-0.0342,0.6950,0.3079,-0.0984,-6.7100,9.7452,1.0000,0.0000,1,0,0,0,0,0.7022
128.5136,-108.0956,0.0864,-99.3943,4.5705,16.4536,4.5704,0.0080,3.0590,91.7663,-2.1450,-0.0323,0.6950,0.3079,-0.0891,-6.1314,10.2589,1.0000,0.0000,1,0,0,0,0,0.7154
128.5651,-107.8554,0.0864,-99.4018,4.7429,17.0744,4.7429,0.0075,3.3455,91.6541,-2.1776,-0.0284,0.6950,0.3079,-0.0805,-5.6731,8.8917,1.0000,0.0000,1,0,0,0,0,0.6388
128.6236,-107.5728,0.0864,-99.4101,4.9154,17.6954,4.9154,0.0070,2.9476,91.5513,-1.7559,-0.0245,0.6950,0.3079,-0.0719,-5.0925,9.9221,1.0000,0.0000,1,0,0,0,0,0.6701
128.6751,-107.3155,0.0864,-99.4171,5.0878,18.3162,5.0878,0.0063,3.3524,91.4575,-1.8238,-0.0225,0.6950,0.3079,-0.0644,-4.6306,8.9794,1.0000,0.0000,1,0,0,0,0,0.6188
128.7347,-107.0070,0.0864,-99.4250,5.2603,18.9371,5.2603,0.0055,2.8917,91.3736,-1.4060,-0.0186,0.6950,0.3079,-0.0498,-4.1309,8.3784,1.0000,0.0000,1,0,0,0,0,0.5592
128.7858,-106.7338,0.0864,-99.4316,5.4328,19.5582,5.4328,0.0024,3.3770,91.3269,-0.9140,-0.0147,0.6950,0.3079,-0.0214,-3.1634,18.9377,1.0000,0.0000,1,0,0,0,0,1.1095
128.8451,-106.4067,0.0864,-99.4391,5.6053,20.1792,5.6053,0.0008,2.9092,91.3041,-0.3850,-0.0127,0.6950,0.3079,-0.0092,-1.9714,20.1037,1.0000,0.0000,1,0,0,0,0,1.1405
128.9081,-106.0473,0.0864,-99.4470,5.8123,20.9244,5.8123,0.0037,3.2879,91.2899,-0.2259,-0.0088,0.6950,0.3079,-0.0033,-1.1069,13.7318,1.0000,0.0000,1,0,0,0,0,0.7851
128.9650,-105.7117,0.0864,-99.4542,5.9848,21.5454,5.9848,0.0053,3.0293,91.2826,-0.1281,-0.0069,0.6950,0.3079,-0.0014,-0.5819,9.2185,1.0000,0.0000,1,0,0,0,0,0.5324
129.0262,-105.3396,0.0864,-99.4621,6.1573,22.1663,6.1573,0.0062,2.8170,91.2770,-0.0912,-0.0029,0.6950,0.3079,-0.0006,-0.3019,4.5734,1.0000,0.0000,1,0,0,0,0,0.2742
129.0804,-105.0009,0.0864,-99.4692,6.3298,22.7873,6.3298,0.0068,3.1870,91.2721,-0.0902,-0.0010,0.6950,0.3079,-0.0003,-0.1585,2.6481,1.0000,0.0000,1,0,0,0,0,0.1681
129.1382,-104.6288,0.0864,-99.4770,6.5368,23.5325,6.5368,0.0072,3.5773,91.2667,-0.0934,0.0029,0.6950,0.3079,-0.0001,-0.0834,1.2980,1.0000,0.0000,1,0,0,0,0,0.0939
129.1956,-104.2493,0.0864,-99.4849,6.7093,24.1534,6.7093,0.0074,3.0047,91.2624,-0.0744,0.0049,0.6950,0.3079,0.0000,-0.0393,0.7685,1.0000,0.0000,1,0,0,0,0,0.0634
129.2481,-103.8938,0.0864,-99.4923,6.8473,24.6501,6.8473,0.0074,2.6310,91.2589,-0.0663,0.0068,0.6950,0.3079,0.0000,-0.0223,0.3242,1.0000,0.0000,1,0,0,0,0,0.0379
129.3084,-103.4741,0.0864,-99.5009,7.0542,25.3953,7.0542,0.0075,3.4316,91.2538,-0.0845,0.0068,0.6950,0.3079,0.0000,-0.0106,0.1943,1.0000,0.0000,1,0,0,0,0,0.0315
129.3680,-103.0487,0.0864,-99.5097,7.2268,26.0163,7.2268,0.0075,2.8960,91.2495,-0.0722,0.0068,0.6950,0.3079,0.0000,-0.0050,0.0934,1.0000,0.0000,1,0,0,0,0,0.0248
129.4261,-102.6231,0.0864,-99.5185,7.4338,26.7615,7.4338,0.0076,3.5624,91.2444,-0.0888,0.0068,0.6950,0.3079,0.0000,-0.0024,0.0443,1.0000,0.0000,1,0,0,0,0,0.0228
129.4834,-102.1929,0.0864,-99.5273,7.6062,27.3824,7.6062,0.0076,3.0094,91.2401,-0.0756,0.0068,0.6950,0.3079,0.0000,-0.0012,0.0225,1.0000,0.0000,1,0,0,0,0,0.0205
129.5404,-101.7553,0.0864,-99.5363,7.7787,28.0033,7.7787,0.0076,3.0269,91.2357,-0.0761,0.0068,0.6950,0.3079,0.0000,-0.0006,0.0096,1.0000,0.0000,1,0,0,0,0,0.0195
129.5922,-101.3482,0.0864,-99.5446,7.9167,28.5001,7.9167,0.0076,2.6615,91.2323,-0.0653,0.0068,0.6950,0.3079,0.0000,-0.0003,0.0060,1.0000,0.0000,1,0,0,0,0,0.0183
129.6522,-100.8671,0.0864,-99.5544,8.1237,29.2452,8.1237,0.0076,3.4524,91.2272,-0.0860,0.0068,0.6950,0.3079,0.0000,-0.0001,0.0025,1.0000,0.0000,1,0,0,0,0,0.0190
129.7029,-100.4512,0.0864,-99.5628,8.2617,29.7422,8.2617,0.0076,2.7209,91.2237,-0.0674,0.0068,0.6950,0.3079,0.0000,-0.0001,0.0014,1.0000,0.0000,1,0,0,0,0,0.0175
129.7544,-100.0208,0.0864,-99.5716,8.4342,30.3631,8.4342,0.0076,3.3482,91.2194,-0.0835,0.0068,0.6950,0.3079,0.0000,0.0000,0.0006,1.0000,0.0000,1,0,0,0,0,0.0182
129.8146,-99.5075,0.0864,-99.5819,8.6411,31.1080,8.6411,0.0077,3.4376,91.2142,-0.0862,0.0049,0.6950,0.3079,0.0000,0.0000,0.0004,1.0000,0.0000,1,0,0,0,0,0.0181
129.8650,-99.0691,0.0864,-99.5908,8.7792,31.6051,8.7792,0.0076,2.7411,91.2109,-0.0666,0.0029,0.6950,0.3079,0.0000,0.0000,0.0002,1.0000,0.0000,1,0,0,0,0,0.0167
129.9238,-98.5475,0.0864,-99.6013,8.9517,32.2260,8.9517,0.0076,2.9327,91.2066,-0.0737,0.0010,0.6950,0.3079,0.0000,0.0000,0.0001,1.0000,0.0000,1,0,0,0,0,0.0168
129.9802,-98.0371,0.0864,-99.6115,9.1242,32.8470,9.1242,0.0075,3.0589,91.2023,-0.0763,-0.0049,0.6950,0.3079,0.0000,0.0000,0.0000,1.0000,0.0000,1,0,0,0,0,0.0166
130.0381,-97.5026,0.0864,-99.6222,9.3312,33.5921,9.3311,0.0076,3.5726,91.1971,-0.0885,-0.0069,0.6950,0.3079,0.0000,0.0000,0.0000,1.0000,0.0000,1,0,0,0,0,0.0172
130.0977,-96.9417,0.0864,-99.6334,9.5036,34.2131,9.5036,0.0076,2.8938,91.1928,-0.0727,-0.0127,0.6950,0.3079,0.0000,0.0000,0.0000,1.0000,0.0000,1,0,0,0,0,0.0160
130.1491,-96.4496,0.0864,-99.6432,9.6762,34.8342,9.6762,0.0080,3.3592,91.1922,-0.0107,-0.0147,0.6950,0.3079,0.0000,0.0000,0.0000,1.0000,0.0000,1,0,0,0,0,0.0130
130.2092,-95.8625,0.0864,-99.6548,9.8487,35.4552,9.8487,0.0094,2.8674,91.1974,0.0862,-0.0166,0.6950,0.3079,0.0000,0.0000,0.0000,1.0000,0.0000,1,0,0,0,0,0.0192
130.2701,-95.2572,0.0864,-99.6669,10.0556,36.2002,10.0556,0.0051,3.3992,91.1986,0.0187,-0.0186,0.6950,0.3079,0.0000,0.0000,0.0000,1.0000,0.0000,1,0,0,0,0,0.0086
130.3207,-94.7455,0.0864,-99.6774,10.1936,36.6970,10.1936,0.0031,2.7287,91.1951,-0.0694,-0.0186,0.6950,0.3079,0.0000,0.0000,0.0000,1.0000,0.0000,1,0,0,0,0,0.0085
130.3792,-94.1443,0.0864,-99.6896,10.3661,37.3180,10.3661,0.0050,2.9503,91.1908,-0.0736,-0.0186,0.6950,0.3079,0.0000,0.0000,0.0000,1.0000,0.0000,1,0,0,0,0,0.0113
130.4373,-93.5352,0.0864,-99.7019,10.5731,38.0632,10.5731,0.0063,3.5575,91.1856,-0.0886,-0.0186,0.6950,0.3079,0.0000,0.0000,0.0000,1.0000,0.0000,1,0,0,0,0,0.0139
130.4927,-92.9464,0.0864,-99.7136,10.7456,38.6840,10.7456,0.0069,3.1179,91.1813,-0.0783,-0.0127,0.6950,0.3079,0.0000,0.0000,0.0000,1.0000,0.0000,1,0,0,0,0,0.0139
130.5452,-92.3780,0.0864,-99.7249,10.8836,39.1809,10.8836,0.0070,2.6249,91.1779,-0.0644,-0.0069,0.6950,0.3079,0.0000,0.0000,0.0000,1.0000,0.0000,1,0,0,0,0,0.0132
130.5969,-91.8108,0.0864,-99.7361,11.0561,39.8019,11.0561,0.0072,3.3378,91.1736,-0.0839,-0.0029,0.6950,0.3079,0.0000,0.0000,0.0000,1.0000,0.0000,1,0,0,0,0,0.0145
130.6559,-91.1532,0.0864,-99.7491,11.2286,40.4230,11.2286,0.0073,2.9237,91.1693,-0.0724,0.0068,0.6950,0.3079,0.0000,0.0000,0.0000,1.0000,0.0000,1,0,0,0,0,0.0138
130.7150,-90.4845,0.0864,-99.7622,11.4355,41.1679,11.4355,0.0075,3.5062,91.1641,-0.0874,0.0107,0.6950,0.3079,0.0000,0.0000,0.0000,1.0000,0.0000,1,0,0,0,0,0.0146
130.7652,-89.9065,0.0864,-99.7735,11.5736,41.6648,11.5735,0.0074,2.7457,91.1607,-0.0692,0.0146,0.6950,0.3079,0.0000,0.0000,0.0000,1.0000,0.0000,1,0,0,0,0,0.0134
130.8261,-89.1961,0.0864,-99.7873,11.7805,42.4099,11.7805,0.0075,3.4006,91.1555,-0.0842,0.0166,0.6950,0.3079,0.0000,0.0000,0.0000,1.0000,0.0000,1,0,0,0,0,0.0142
130.8833,-88.5174,0.0864,-99.8005,11.9530,43.0309,11.9530,0.0075,3.0122,91.1512,-0.0757,0.0186,0.6950,0.3079,0.0000,0.0000,0.0000,1.0000,0.0000,1,0,0,0,0,0.0136
130.9418,-87.8139,0.0864,-99.8141,12.1255,43.6519,12.1255,0.0074,2.9517,91.1469,-0.0731,0.0186,0.6950,0.3079,0.0000,0.0000,0.0000,1.0000,0.0000,1,0,0,0,0,0.0132
130.9944,-87.1716,0.0864,-99.8265,12.2980,44.2726,12.2980,0.0074,3.2762,91.1426,-0.0812,0.0186,0.6950,0.3079,0.0000,0.0000,0.0000,1.0000,0.0000,1,0,0,0,0,0.0136
131.0590,-86.3716,0.0864,-99.8419,12.5050,45.0180,12.5050,0.0075,3.2069,91.1374,-0.0808,0.0186,0.6950,0.3079,0.0000,0.0000,0.0000,1.0000,0.0000,1,0,0,0,0,0.0134
131.1150,-85.6676,0.0864,-99.8554,12.6775,45.6390,12.6775,0.0074,3.0814,91.1332,-0.0763,0.0186,0.6950,0.3079,0.0000,0.0000,0.0000,1.0000,0.0000,1,0,0,0,0,0.0130
131.1656,-85.0228,0.0864,-99.8677,12.8155,46.1357,12.8155,0.0073,2.7269,91.1297,-0.0688,0.0186,0.6950,0.3079,0.0000,0.0000,0.0000,1.0000,0.0000,1,0,0,0,0,0.0124
131.2269,-84.2311,0.0864,-99.8827,13.0225,46.8809,13.0225,0.0074,3.3773,91.1245,-0.0841,0.0186,0.6950,0.3099,0.0000,0.0000,0.0000,1.0000,0.0000,1,0,0,0,0,0.0132
131.2846,-83.4743,0.0864,-99.8971,13.1950,47.5019,13.1950,0.0073,2.9856,91.1202,-0.0745,0.0146,0.6950,0.3099,0.0000,0.0000,0.0000,1.0000,0.0000,1,0,0,0,0,0.0125
131.3370,-82.7791,0.0864,-99.9102,13.3674,48.1227,13.3674,0.0074,3.2922,91.1159,-0.0827,0.0146,0.6950,0.3099,0.0000,0.0000,0.0000,1.0000,0.0000,1,0,0,0,0,0.0129
131.3874,-82.1028,0.0864,-99.9229,13.5055,48.6197,13.5055,0.0073,2.7414,91.1125,-0.0679,0.0127,0.6950,0.3099,0.0000,0.0000,0.0000,1.0000,0.0000,1,0,0,0,0,0.0118
131.4559,-81.1693,0.0864,-99.9405,13.7124,49.3648,13.7124,0.0072,3.0196,91.1073,-0.0761,0.0107,0.6950,0.3099,0.0000,0.0000,0.0000,1.0000,0.0000,1,0,0,0,0,0.0121
131.5211,-80.2680,0.0864,-99.9573,13.9195,50.1100,13.9195,0.0072,3.1752,91.1021,-0.0786,0.0068,0.6950,0.3099,0.0000,0.0000,0.0000,1.0000,0.0000,1,0,0,0,0,0.0121
131.5780,-79.4700,0.0864,-99.9721,14.0919,50.7309,14.0919,0.0072,3.0285,91.0978,-0.0756,0.0029,0.6950,0.3099,0.0000,0.0000,0.0000,1.0000,0.0000,1,0,0,0,0,0.0118
131.6378,-78.6212,0.0864,-99.9879,14.2989,51.4761,14.2989,0.0073,3.4616,91.0927,-0.0857,0.0010,0.6950,0.3099,0.0000,0.0000,0.0000,1.0000,0.0000,1,0,0,0,0,0.0124
131.6880,-77.9001,0.0864,-100.0012,14.4369,51.9729,14.4369,0.0072,2.7495,91.0893,-0.0681,-0.0010,0.6950,0.3099,0.0000,0.0000,0.0000,1.0000,0.0000,1,0,0,0,0,0.0112
131.7392,-77.1565,0.0864,-100.0149,14.6094,52.5937,14.6094,0.0072,3.3686,91.0849,-0.0852,-0.0029,0.6950,0.3099,0.0000,0.0000,0.0000,1.0000,0.0000,1,0,0,0,0,0.0121
131.7990,-76.2780,0.0864,-100.0310,14.7819,53.2148,14.7819,0.0071,2.8861,91.0807,-0.0710,-0.0029,0.6950,0.3099,0.0000,0.0000,0.0000,1.0000,0.0000,1,0,0,0,0,0.0112
131.8492,-75.5312,0.0864,-100.0446,14.9544,53.8358,14.9544,0.0072,3.4336,91.0764,-0.0851,-0.0029,0.6950,0.3099,0.0000,0.0000,0.0000,1.0000,0.0000,1,0,0,0,0,0.0120
131.9094,-74.6268,0.0864,-100.0611,15.1269,54.4569,15.1269,0.0071,2.8691,91.0721,-0.0721,-0.0029,0.6950,0.3099,0.0000,0.0000,0.0000,1.0000,0.0000,1,0,0,0,0,0.0110
131.9675,-73.7416,0.0864,-100.0771,15.2994,55.0778,15.2994,0.0070,2.9659,91.0678,-0.0729,-0.0029,0.6950,0.3099,0.0000,0.0000,0.0000,1.0000,0.0000,1,0,0,0,0,0.0110
132.0244,-72.8661,0.0864,-100.0929,15.5063,55.8228,15.5063,0.0072,3.6412,91.0626,-0.0913,-0.0029,0.6774,0.3099,0.0000,0.0000,0.0000,1.0000,0.0000,1,0,0,0,0,0.0120
132.0815,-71.9755,0.0864,-100.1090,15.6789,56.4441,15.6789,0.0072,3.0182,91.0584,-0.0742,-0.0029,0.6598,0.3099,0.0000,0.0000,0.0000,1.0000,0.0000,1,0,0,0,0,0.0110
132.1386,-71.0770,0.0864,-100.1251,15.8514,57.0649,15.8514,0.0082,3.0244,91.0596,0.0222,-0.0029,0.6500,0.3099,0.0000,0.0000,0.0000,1.0000,0.0000,1,0,0,0,0,0.0090
132.1963,-70.1569,0.0864,-100.1415,16.0239,57.6859,16.0239,0.0098,2.9876,91.0645,0.0844,-0.0029,0.6403,0.3099,0.0000,0.0000,0.0000,1.0000,0.0000,1,0,0,0,0,0.0139
132.2527,-69.2487,0.0864,-100.1578,16.1963,58.3068,16.1963,0.0094,3.0598,91.0638,-0.0125,-0.0010,0.6149,0.3099,0.0000,0.0000,0.0000,1.0000,0.0000,1,0,0,0,0,0.0094
132.3047,-68.4012,0.0864,-100.1730,16.3688,58.9278,16.3688,0.0085,3.3134,91.0595,-0.0821,0.0068,0.5836,0.3099,0.0000,0.0000,0.0000,1.0000,0.0000,1,0,0,0,0,0.0123
132.3552,-67.5718,0.0864,-100.1878,16.5068,59.4246,16.5068,0.0078,2.7354,91.0562,-0.0672,0.0068,0.5640,0.3099,0.0000,0.0000,0.0000,1.0000,0.0000,1,0,0,0,0,0.0108
132.4058,-66.7314,0.0864,-100.2028,16.6793,60.0454,16.6793,0.0075,3.4050,91.0518,-0.0856,0.0107,0.5484,0.3099,0.0000,0.0000,0.0000,1.0000,0.0000,1,0,0,0,0,0.0115
132.4664,-65.7150,0.0864,-100.2209,16.8518,60.6666,16.8518,0.0072,2.8474,91.0476,-0.0700,0.0127,0.5484,0.3099,0.0000,0.0000,0.0000,1.0000,0.0000,1,0,0,0,0,0.0103
132.5223,-64.7684,0.0864,-100.2378,17.0244,61.2877,17.0244,0.0070,3.0890,91.0433,-0.0765,0.0146,0.5484,0.3099,0.0000,0.0000,0.0000,1.0000,0.0000,1,0,0,0,0,0.0104
132.5734,-63.8940,0.0864,-100.2532,17.1968,61.9085,17.1968,0.0070,3.3758,91.0390,-0.0836,0.0166,0.5445,0.3099,0.0000,0.0000,0.0000,1.0000,0.0000,1,0,0,0,0,0.0108
132.6264,-62.9778,0.0864,-100.2694,17.3693,62.5294,17.3693,0.0070,3.2527,91.0348,-0.0800,0.0186,0.5367,0.3099,0.0000,0.0000,0.0000,1.0000,0.0000,1,0,0,0,0,0.0105
132.6769,-62.0974,0.0864,-100.2849,17.5073,63.0263,17.5073,0.0142,2.7334,91.0573,0.4468,0.0205,0.5328,0.3099,0.0204,0.2735,5.4158,1.0000,0.0000,1,0,0,0,0,0.3379
132.7375,-61.0289,0.0864,-100.3039,17.7143,63.7713,17.7142,0.0421,3.4122,91.1798,2.0189,0.0225,0.5328,0.3099,0.0429,1.1367,14.2332,1.0000,0.0000,1,0,0,0,0,0.9386
132.7888,-60.1179,0.0864,-100.3209,17.8522,64.2680,17.8521,0.0611,2.6932,91.2946,2.2423,0.0244,0.5328,0.3099,0.0514,1.9551,15.9769,1.0000,0.0000,1,0,0,0,0,1.0635
132.8480,-59.0546,0.0864,-100.3423,18.0592,65.0130,18.0590,0.0863,3.4947,91.4986,3.4442,0.0264,0.5328,0.3099,0.0599,2.6927,12.4539,1.0000,0.0000,1,0,0,0,0,0.9549
132.9024,-58.0687,0.0864,-100.3644,18.2314,65.6331,18.2311,0.1043,3.1676,91.6930,3.5745,0.0303,0.5328,0.3099,0.0672,3.1894,9.1343,1.0000,0.0000,1,0,0,0,0,0.7919
132.9577,-57.0555,0.0864,-100.3898,18.4037,66.2533,18.4033,0.1221,3.1118,91.9137,3.9869,0.0342,0.5328,0.3099,0.0752,3.7308,9.7807,1.0000,0.0000,1,0,0,0,0,0.8644
133.0161,-55.9759,0.0864,-100.4203,18.5759,66.8731,18.5753,0.1404,2.9467,92.1630,4.2669,0.0361,0.5328,0.3099,0.0835,4.2556,8.9814,1.0000,0.0000,1,0,0,0,0,0.8494
133.0697,-54.9766,0.0864,-100.4522,18.7480,67.4927,18.7473,0.1570,3.2108,92.4327,5.0319,0.0381,0.5328,0.3099,0.0882,4.7098,8.4732,1.0000,0.0000,1,0,0,0,0,0.8759
133.1267,-53.9045,0.0864,-100.4908,18.9199,68.1118,18.9192,0.1717,3.0188,92.7192,5.0292,0.0381,0.5328,0.3099,0.0922,5.0675,6.2805,1.0000,0.0000,1,0,0,0,0,0.7645
133.1886,-52.7298,0.0864,-100.5388,19.0919,68.7307,19.0910,0.1835,2.7801,93.0159,4.7968,0.0381,0.5328,0.3099,0.0939,5.3516,4.5936,1.0000,0.0000,1,0,0,0,0,0.6659
133.2463,-51.6216,0.0864,-100.5901,19.2981,69.4730,19.2971,0.1908,3.5685,93.3963,6.5832,0.0401,0.5328,0.3099,0.0979,5.5856,4.0497,1.0000,0.0000,1,0,0,0,0,0.7390
133.3092,-50.4052,0.0864,-100.6537,19.4699,70.0917,19.4689,0.1944,2.7347,93.7150,5.0718,0.0401,0.5328,0.3099,0.0992,5.7555,2.7033,1.0000,0.0000,1,0,0,0,0,0.5817
133.3629,-49.3559,0.0864,-100.7143,19.6417,70.7100,19.6406,0.2055,3.1967,94.0388,6.0281,0.0401,0.5328,0.3099,0.0997,5.8568,1.8858,1.0000,0.0000,1,0,0,0,0,0.5966
133.4184,-48.2624,0.0864,-100.7831,19.8134,71.3282,19.8122,0.2150,3.0931,94.3662,5.8956,0.0401,0.5269,0.3099,0.1000,5.9292,1.3045,1.0000,0.0000,1,0,0,0,0,0.5628
133.4693,-47.2523,0.0864,-100.8519,19.9851,71.9463,19.9839,0.2223,3.3748,94.6963,6.4898,0.0401,0.5250,0.3099,0.1001,5.9623,0.6502,1.0000,0.0000,1,0,0,0,0,0.5635
133.5215,-46.2133,0.0864,-100.9280,19.9366,71.7718,19.9354,0.2227,-0.9279,94.9522,4.8972,0.0322,0.5250,0.3099,0.0936,5.9096,1.0086,1.0000,0.0000,1,0,0,0,0,0.4956
133.5735,-45.1802,0.0864,-101.0091,19.9367,71.7721,19.9355,0.2144,0.0016,95.2408,5.5515,0.0283,0.5250,0.3099,0.0829,5.6307,5.3658,1.0000,0.0000,1,0,0,0,0,0.7678
133.6245,-44.1684,0.0864,-101.0935,19.9367,71.7721,19.9357,0.1997,0.0002,95.4940,4.9720,0.0244,0.5230,0.3099,0.0728,5.1846,8.7611,1.0000,0.0000,1,0,0,0,0,0.9132
133.6842,-42.9810,0.0864,-101.1984,19.9368,71.7723,19.9359,0.1807,0.0011,95.7111,3.6309,0.0205,0.5132,0.3099,0.0619,4.6016,9.7494,1.0000,0.0000,1,0,0,0,0,0.8793
133.7444,-41.7863,0.0864,-101.3098,19.9712,71.8965,19.9708,0.1340,0.5729,95.8496,2.3010,0.0166,0.5015,0.3099,0.0225,3.4204,19.6265,1.0000,0.0000,1,0,0,0,0,1.3188
133.7945,-40.7933,0.0864,-101.4059,19.9369,71.7728,19.9366,0.1005,-0.6864,95.8863,0.7338,0.0127,0.4878,0.3099,0.0114,2.3208,21.9712,1.0000,0.0000,1,0,0,0,0,1.3370
133.8460,-39.7708,0.0864,-101.5071,19.9369,71.7729,19.9368,0.0676,0.0007,95.9057,0.3767,0.0088,0.4761,0.3099,0.0049,1.4638,16.6306,1.0000,0.0000,1,0,0,0,0,0.9957
133.9032,-38.6368,0.0864,-101.6211,19.9370,71.7733,19.9370,0.0448,0.0016,95.9116,0.1034,0.0029,0.4643,0.3099,0.0021,0.7704,12.1312,1.0000,0.0000,1,0,0,0,0,0.7134
133.9556,-37.5962,0.0864,-101.7269,19.9370,71.7731,19.9370,0.0300,-0.0009,95.9117,0.0022,-0.0029,0.4585,0.3099,0.0009,0.4645,5.8293,1.0000,0.0000,1,0,0,0,0,0.3466
134.0242,-36.2362,0.0864,-101.8659,19.9715,71.8973,19.9715,0.0193,0.5031,95.9088,-0.0432,-0.0088,0.4506,0.3099,0.0003,0.2297,3.4253,1.0000,0.0000,1,0,0,0,0,0.2072
134.0837,-35.0554,0.0864,-101.9870,19.9715,71.8973,19.9715,0.0141,0.0002,95.9051,-0.0610,-0.0166,0.4467,0.3099,0.0001,0.1048,2.0985,1.0000,0.0000,1,0,0,0,0,0.1306
134.1374,-33.9912,0.0864,-102.0963,19.9716,71.8976,19.9716,0.0015,0.0015,95.8718,-0.6223,-0.0225,0.4428,0.3099,-0.0211,-0.1520,4.7860,1.0000,0.0000,1,0,0,0,0,0.3016
134.1938,-32.8732,0.0864,-102.2109,19.9715,71.8974,19.9715,0.0326,-0.0010,95.7429,-2.2847,-0.0264,0.4370,0.3099,-0.0459,-1.1492,17.6873,1.0000,0.0000,1,0,0,0,0,1.1340
134.2459,-31.8386,0.0864,-102.3160,19.9715,71.8973,19.9714,0.0710,-0.0005,95.5471,-3.7542,-0.0323,0.4233,0.3099,-0.0640,-2.1238,18.6856,1.0000,0.0000,1,0,0,0,0,1.3000
134.3066,-30.6348,0.0864,-102.4357,19.9715,71.8972,19.9712,0.1079,-0.0005,95.2996,-4.0810,-0.0362,0.4116,0.3099,-0.0777,-3.2534,18.6191,1.0000,0.0000,1,0,0,0,0,1.3422
134.3577,-29.6209,0.0864,-102.5336,19.9713,71.8968,19.9709,0.1389,-0.0022,95.0179,-5.5109,-0.0381,0.3979,0.3099,-0.0874,-4.0287,15.1730,1.0000,0.0000,1,0,0,0,0,1.2534
134.4160,-28.4642,0.0864,-102.6410,19.9713,71.8966,19.9706,0.1639,-0.0009,94.7107,-5.2745,-0.0420,0.3803,0.3099,-0.0966,-4.8050,13.3249,1.0000,0.0000,1,0,0,0,0,1.1564
134.4767,-27.2580,0.0864,-102.7471,20.0056,72.0200,20.0046,0.1937,0.5645,94.2939,-6.8628,-0.0479,0.3646,0.3099,-0.1082,-5.4801,11.1163,1.0000,0.0000,1,0,0,0,0,1.1441
134.5433,-25.9330,0.0864,-102.8558,19.8680,71.5247,19.8667,0.2242,-2.0642,93.8211,-7.0939,-0.0518,0.3646,0.3099,-0.1211,-6.1690,10.3354,1.0000,0.0000,1,0,0,0,0,1.1376
134.5987,-24.8316,0.0864,-102.9390,19.8680,71.5249,19.8665,0.2491,0.0007,93.3877,-7.8215,-0.0557,0.3646,0.3099,-0.1315,-6.8841,12.9066,1.0000,0.0000,1,0,0,0,0,1.3396
134.6529,-23.7546,0.0864,-103.0134,20.0051,72.0185,20.0033,0.2676,2.5318,93.0207,-6.7782,-0.0577,0.3646,0.3099,-0.1378,-7.5053,11.4720,1.0000,0.0000,1,0,0,0,0,1.2145
134.7110,-22.5986,0.0864,-103.0847,19.8681,71.5250,19.8659,0.2902,-2.3598,92.4440,-9.9259,-0.0596,0.3646,0.3099,-0.1447,-8.0381,9.1719,1.0000,0.0000,1,0,0,0,0,1.2801
134.7733,-21.3588,0.0864,-103.1509,19.8680,71.5248,19.8657,0.3046,-0.0008,91.9494,-7.9402,-0.0596,0.3627,0.3099,-0.1472,-8.4139,6.0317,1.0000,0.0000,1,0,0,0,0,1.0062
134.8306,-20.2181,0.0864,-103.2019,19.8680,71.5247,19.8655,0.3144,-0.0004,91.4494,-8.7278,-0.0596,0.3568,0.3099,-0.1483,-8.6676,4.4299,1.0000,0.0000,1,0,0,0,0,0.9683
134.8810,-19.2132,0.0864,-103.2385,19.8680,71.5249,19.8654,0.3205,0.0009,90.9473,-9.9564,-0.0596,0.3431,0.3099,-0.1488,-8.7834,2.2947,0.9961,0.0000,1,0,0,0,0,0.9226
134.9425,-17.9861,0.0864,-103.2728,20.0280,72.1007,20.0254,0.3245,2.6006,90.4454,-8.1598,-0.0596,0.3353,0.3099,-0.1490,-8.8618,1.2749,0.9806,0.0000,1,0,0,0,0,0.7672
134.9928,-16.9840,0.0864,-103.2920,19.9823,71.9364,19.9797,0.3255,-0.9070,89.9450,-9.9430,-0.0596,0.3255,0.3099,-0.1491,-8.8997,0.7537,0.9603,0.0000,1,0,0,0,0,0.8386
135.0609,-15.6263,0.0864,-103.3055,19.9648,71.8732,19.9622,0.3236,-0.2577,89.3556,-8.6532,-0.0596,0.3197,0.3099,-0.1491,-8.9240,0.3561,0.9348,0.0000,1,0,0,0,0,0.7436
135.1151,-14.5467,0.0864,-103.3061,19.9103,71.6772,19.9077,0.3246,-1.0058,88.8622,-9.1139,-0.0596,0.3158,0.3099,-0.1491,-8.9366,0.2333,0.9207,0.0000,1,0,0,0,0,0.7638
135.1665,-13.5196,0.0864,-103.2982,20.0064,72.0230,20.0038,0.3229,1.8665,88.3725,-9.5150,-0.0557,0.3079,0.3099,-0.1453,-8.9101,0.5144,0.9031,0.0000,1,0,0,0,0,0.7993
135.2272,-12.3125,0.0864,-103.2784,19.9311,71.7521,19.9287,0.3136,-1.2415,87.9103,-7.6235,-0.0499,0.3021,0.3099,-0.1360,-8.6900,3.6308,0.8845,0.0000,1,0,0,0,0,0.8612
135.2772,-11.3139,0.0864,-103.2537,19.9961,71.9859,19.9938,0.3011,1.2980,87.4809,-8.5805,-0.0459,0.2942,0.3099,-0.1257,-8.2912,7.9683,0.8649,0.0000,1,0,0,0,0,1.1452
135.3294,-10.2746,0.0864,-103.2206,19.8869,71.5928,19.8848,0.2919,-2.0925,87.1647,-6.0596,-0.0401,0.2903,0.3099,-0.1158,-7.8498,8.4581,0.8500,0.0000,1,0,0,0,0,1.0267
135.3903,-9.0620,0.0864,-103.1728,19.9347,71.7647,19.9329,0.2627,0.7837,86.7414,-6.9472,-0.0342,0.2903,0.3099,-0.1008,-7.1270,11.8629,0.8382,0.0000,1,0,0,0,0,1.2427
135.4494,-7.8853,0.0864,-103.1173,19.9689,71.8881,19.9675,0.2348,0.5803,86.4351,-5.1876,-0.0284,0.2903,0.3099,-0.0876,-6.3858,12.5532,0.8337,0.0000,1,0,0,0,0,1.1619
135.5064,-6.7478,0.0864,-103.0560,20.0009,72.0031,19.9998,0.2057,0.5607,86.1745,-4.5724,-0.0225,0.2903,0.3099,-0.0730,-5.5088,15.3870,0.8316,0.0000,1,0,0,0,0,1.2631
135.5584,-5.7144,0.0864,-102.9946,19.8907,71.6064,19.8900,0.1671,-2.1168,85.9853,-3.6331,-0.0166,0.2825,0.3099,-0.0411,-4.6546,16.4072,0.8239,0.0000,1,0,0,0,0,1.2393
135.6168,-4.5548,0.0864,-102.9203,19.9075,71.6671,19.9072,0.1166,0.2890,85.8990,-1.4790,-0.0108,0.2728,0.3099,-0.0177,-3.0835,26.9048,0.8053,0.0000,1,0,0,0,0,1.6647
135.6797,-3.3053,0.0864,-102.8358,19.9081,71.6692,19.9080,0.0674,0.0092,85.8547,-0.7045,-0.0049,0.2688,0.3099,-0.0064,-1.8096,20.2539,0.7860,0.0000,1,0,0,0,0,1.2151
135.7403,-2.1025,0.0864,-102.7515,19.8958,71.6250,19.8958,0.0399,-0.2030,85.8377,-0.2800,0.0010,0.2669,0.3099,-0.0028,-0.9666,13.9123,0.7740,0.0000,1,0,0,0,0,0.8185
135.7991,-0.9357,0.0864,-102.6681,19.8673,71.5223,19.8673,0.0190,-0.4850,85.8265,-0.1899,0.0068,0.2571,0.3099,-0.0010,-0.5105,7.7534,0.7561,0.0000,1,0,0,0,0,0.4556
135.8596,0.2613,0.0864,-102.5815,19.8256,71.3723,19.8256,0.0089,-0.6889,85.8202,-0.1040,0.0107,0.2454,0.3099,-0.0004,-0.2540,4.2431,0.7334,0.0000,1,0,0,0,0,0.2482
135.9191,1.4364,0.0864,-102.4958,19.7624,71.1447,19.7624,0.0027,-1.0623,85.8152,-0.0851,0.0146,0.2297,0.3099,-0.0002,-0.1296,2.0899,0.7041,0.0000,1,0,0,0,0,0.1229
135.9798,2.6289,0.0864,-102.4084,19.6461,70.7260,19.6461,0.0018,-1.9163,85.8097,-0.0895,0.0186,0.2121,0.3099,-0.0001,-0.0632,1.0930,0.6564,0.0000,1,0,0,0,0,0.0671
136.0310,3.6291,0.0864,-102.3352,19.5115,70.2413,19.5115,0.0107,-2.6303,85.8575,0.9329,0.0225,0.1965,0.3099,0.0266,0.1954,5.0519,0.6140,0.0000,1,0,0,0,0,0.3407
136.0863,4.7019,0.0864,-102.2573,19.3400,69.6240,19.3400,0.0341,-3.0998,85.9698,2.0312,0.0244,0.1828,0.3099,0.0449,0.9912,14.3881,0.5704,0.0000,1,0,0,0,0,0.9386
136.1427,5.7842,0.0864,-102.1797,19.1338,68.8816,19.1337,0.0580,-3.6596,86.1163,2.5983,0.0244,0.1691,0.3099,0.0541,2.0263,18.3680,0.5297,0.0000,1,0,0,0,0,1.2102
136.1995,6.8634,0.0864,-102.1038,18.9001,68.0404,18.8999,0.0825,-4.1110,86.2825,2.9255,0.0264,0.1672,0.3099,0.0609,2.8275,14.0964,0.5031,0.0000,1,0,0,0,0,1.0112
136.2516,7.8391,0.0864,-102.0369,18.7021,67.3274,18.7018,0.0973,-3.8067,86.4277,2.7905,0.0303,0.1672,0.3099,0.0672,3.2901,8.8907,0.4920,0.0000,1,0,0,0,0,0.7270
136.3021,8.7747,0.0864,-101.9749,18.4474,66.4105,18.4470,0.1133,-5.0429,86.6279,3.9630,0.0342,0.1672,0.3099,0.0758,3.7827,9.7521,0.4846,0.0000,1,0,0,0,0,0.8540
136.3580,9.7974,0.0864,-101.9097,18.1886,65.4790,18.1882,0.1272,-4.6241,86.8496,3.9622,0.0361,0.1672,0.3099,0.0837,4.3028,9.2966,0.4810,0.0000,1,0,0,0,0,0.8415
136.4095,10.7268,0.0864,-101.8535,17.9278,64.5399,17.9272,0.1389,-5.0625,87.0889,4.6435,0.0401,0.1672,0.3099,0.0911,4.7534,8.7433,0.4793,0.0000,1,0,0,0,0,0.8600
136.4710,11.8186,0.0864,-101.7914,17.6658,63.5970,17.6652,0.1481,-4.2635,87.3424,4.1269,0.0420,0.1672,0.3099,0.0970,5.2092,7.4196,0.4784,0.0000,1,0,0,0,0,0.7672
136.5315,12.8768,0.0864,-101.7358,17.3509,62.4632,17.3502,0.1564,-5.2056,87.6606,5.2596,0.0420,0.1672,0.3099,0.1021,5.6366,7.0648,0.4779,0.0000,1,0,0,0,0,0.8199
136.5955,13.9784,0.0864,-101.6832,17.0881,61.5172,17.0874,0.1605,-4.1024,87.9328,4.2492,0.0440,0.1672,0.3099,0.1062,5.9386,4.7141,0.4777,0.0000,1,0,0,0,0,0.6388
136.6533,14.9547,0.0864,-101.6413,16.7727,60.3819,16.7720,0.1632,-5.4632,88.2645,5.7470,0.0440,0.1672,0.3099,0.1085,6.2292,5.0354,0.4776,0.0000,1,0,0,0,0,0.7449
136.7061,15.8357,0.0864,-101.6076,16.5623,59.6243,16.5615,0.1629,-3.9789,88.4852,4.1718,0.0440,0.1672,0.3099,0.1092,6.3705,2.6716,0.4776,0.0000,1,0,0,0,0,0.5277
136.7613,16.7404,0.0864,-101.5772,16.2994,58.6778,16.2986,0.1613,-4.7665,88.7588,4.9599,0.0440,0.1672,0.3099,0.1096,6.4755,1.9035,0.4776,0.0000,1,0,0,0,0,0.5297
136.8139,17.5893,0.0864,-101.5525,16.0364,57.7310,16.0356,0.1585,-5.0032,89.0290,5.1415,0.0440,0.1672,0.3099,0.1098,6.5265,0.9699,0.4776,0.0000,1,0,0,0,0,0.4878
136.8751,18.5623,0.0864,-101.5289,15.7208,56.5950,15.7201,0.1544,-5.1509,89.3485,5.2152,0.0440,0.1672,0.3099,0.1099,6.5596,0.5404,0.4776,0.0000,1,0,0,0,0,0.4671
136.9253,19.3460,0.0864,-101.5136,15.5105,55.8377,15.5097,0.1511,-4.1929,89.5585,4.1851,0.0440,0.1672,0.3099,0.1099,6.5753,0.3123,0.4776,0.0000,1,0,0,0,0,0.3960
136.9853,20.2673,0.0864,-101.4999,15.1950,54.7019,15.1943,0.1463,-5.2597,89.8688,5.1734,0.0440,0.1672,0.3099,0.1099,6.5849,0.1603,0.4776,0.0000,1,0,0,0,0,0.4407
137.0361,21.0341,0.0864,-101.4920,14.9847,53.9448,14.9840,0.1427,-4.1416,90.0725,4.0117,0.0440,0.1672,0.3099,0.1099,6.5891,0.0824,0.4776,0.0000,1,0,0,0,0,0.3703
137.0900,21.8348,0.0864,-101.4871,14.7217,52.9982,14.7211,0.1385,-4.8757,90.3237,4.6583,0.0440,0.1672,0.3099,0.1099,6.5917,0.0489,0.4776,0.0000,1,0,0,0,0,0.4026
137.1413,22.5841,0.0864,-101.4857,14.4589,52.0519,14.4583,0.1343,-5.1240,90.5711,4.8217,0.0440,0.1672,0.3099,0.1099,6.5928,0.0213,0.4776,0.0000,1,0,0,0,0,0.4084
137.1996,23.4195,0.0864,-101.4879,14.1960,51.1055,14.1954,0.1293,-4.5127,90.8113,4.1224,0.0401,0.1672,0.3099,0.1067,6.5689,0.4103,0.4776,0.0000,1,0,0,0,0,0.3884
137.2526,24.1663,0.0864,-101.4930,13.9332,50.1594,13.9326,0.1220,-4.9550,91.0344,4.2067,0.0361,0.1672,0.3099,0.0992,6.3757,3.6425,0.4776,0.0000,1,0,0,0,0,0.5674
137.3057,24.9012,0.0864,-101.5010,13.7229,49.4024,13.7224,0.1143,-3.9562,91.1961,3.0426,0.0322,0.1672,0.3099,0.0917,6.0804,5.5566,0.4776,0.0000,1,0,0,0,0,0.6027
137.3627,25.6734,0.0864,-101.5123,13.4076,48.2674,13.4072,0.1012,-5.5394,91.4081,3.7253,0.0264,0.1672,0.3099,0.0788,5.5607,9.1320,0.4776,0.0000,1,0,0,0,0,0.8275
137.4153,26.3734,0.0864,-101.5251,13.1972,47.5099,13.1969,0.0917,-3.9997,91.5299,2.3144,0.0244,0.1652,0.3099,0.0711,5.0262,10.1587,0.4762,0.0000,1,0,0,0,0,0.7972
137.4758,27.1619,0.0864,-101.5420,12.8790,46.3645,12.8788,0.0739,-5.2602,91.6646,2.2281,0.0166,0.1652,0.3099,0.0384,4.2638,12.6036,0.4738,0.0000,1,0,0,0,0,0.9101
137.5271,27.8176,0.0864,-101.5579,12.6661,45.5980,12.6660,0.0574,-4.1451,91.7031,0.7479,0.0146,0.1652,0.3099,0.0196,2.9468,25.6423,0.4730,0.0000,1,0,0,0,0,1.5341
137.5861,28.5548,0.0864,-101.5772,12.3462,44.4461,12.3461,0.0372,-5.4256,91.7250,0.3730,0.0068,0.1652,0.3099,0.0071,1.8006,19.4354,0.4724,0.0000,1,0,0,0,0,1.1457
137.6426,29.2461,0.0864,-101.5962,12.0793,43.4854,12.0793,0.0258,-4.7191,91.7294,0.0766,0.0029,0.1652,0.3099,0.0031,1.0182,13.8360,0.4722,0.0000,1,0,0,0,0,0.8049
137.6951,29.8740,0.0864,-101.6139,11.8657,42.7164,11.8657,0.0195,-4.0696,91.7290,-0.0070,0.0010,0.1652,0.3099,0.0016,0.5631,8.6705,0.4721,0.0000,1,0,0,0,0,0.5067
137.7472,30.4839,0.0864,-101.6316,11.5987,41.7552,11.5987,0.0093,-5.1268,91.7262,-0.0539,-0.0029,0.1652,0.3099,0.0007,0.3298,4.4801,0.4720,0.0000,1,0,0,0,0,0.2639
137.8087,31.1868,0.0864,-101.6525,11.2782,40.6015,11.2782,0.0004,-5.2142,91.7213,-0.0809,-0.0049,0.1652,0.3099,0.0002,0.1702,2.5965,0.4720,0.0000,1,0,0,0,0,0.1493
137.8646,31.8103,0.0864,-101.6715,11.0112,39.6402,11.0112,0.0029,-4.7778,91.7168,-0.0803,-0.0069,0.1652,0.3099,0.0001,0.0826,1.5672,0.4720,0.0000,1,0,0,0,0,0.0955
137.9149,32.3586,0.0864,-101.6879,10.7975,38.8710,10.7975,0.0008,-4.2471,91.7133,-0.0679,-0.0069,0.1652,0.3099,0.0001,0.0456,0.7351,0.4720,0.0000,1,0,0,0,0,0.0458
137.9682,32.9268,0.0864,-101.7046,10.5304,37.9095,10.5304,0.0038,-5.0054,91.7091,-0.0789,-0.0088,0.1652,0.3099,0.0000,0.0258,0.3712,0.4720,0.0000,1,0,0,0,0,0.0304
138.0191,33.4561,0.0864,-101.7201,10.2634,36.9481,10.2634,0.0055,-5.2478,91.7048,-0.0846,-0.0127,0.1652,0.3099,0.0000,0.0139,0.2340,0.4720,0.0000,1,0,0,0,0,0.0257
138.0793,34.0657,0.0864,-101.7378,9.9966,35.9877,9.9966,0.0063,-4.4338,91.7005,-0.0710,-0.0147,0.1672,0.3099,0.0000,0.0066,0.1214,0.4734,0.0000,1,0,0,0,0,0.0202
138.1323,34.5885,0.0864,-101.7529,9.7325,35.0371,9.7325,0.0069,-4.9800,91.6963,-0.0800,-0.0166,0.1691,0.3099,0.0000,0.0036,0.0564,0.4775,0.0000,1,0,0,0,0,0.0182
138.1905,35.1470,0.0864,-101.7690,9.4727,34.1016,9.4727,0.0072,-4.4665,91.6920,-0.0740,-0.0186,0.1711,0.3099,0.0000,0.0016,0.0338,0.4828,0.0000,1,0,0,0,0,0.0173
138.2406,35.6157,0.0864,-101.7824,9.2163,33.1786,9.2163,0.0054,-5.1134,91.6740,-0.3579,-0.0206,0.1711,0.3099,-0.0204,-0.0892,1.8122,0.4858,0.0000,1,0,0,0,0,0.1293
138.2992,36.1482,0.0864,-101.7975,8.9615,32.2615,8.9615,0.0007,-4.3525,91.6157,-0.9974,-0.0245,0.1711,0.3099,-0.0428,-1.0320,16.1075,0.4873,0.0000,1,0,0,0,0,0.9514
138.3625,36.7071,0.0864,-101.8130,8.6569,31.1648,8.6569,0.0075,-4.8073,91.5174,-1.5507,-0.0264,0.1711,0.3099,-0.0564,-2.0704,16.3856,0.4881,0.0000,1,0,0,0,0,1.0094
138.4218,37.2133,0.0864,-101.8266,8.4040,30.2546,8.4040,0.0115,-4.2649,91.4232,-1.5897,-0.0284,0.1730,0.3099,-0.0638,-2.8730,13.5393,0.4904,0.0000,1,0,0,0,0,0.8611
138.4724,37.6329,0.0864,-101.8373,8.1571,29.3656,8.1571,0.0141,-4.8792,91.3220,-1.9994,-0.0303,0.1809,0.3099,-0.0693,-3.3817,10.0507,0.5010,0.0000,1,0,0,0,0,0.6955
138.5287,38.0868,0.0864,-101.8482,7.9259,28.5334,7.9259,0.0159,-4.1044,91.2152,-1.8960,-0.0303,0.1984,0.3099,-0.0730,-3.8624,8.5343,0.5262,0.0000,1,0,0,0,0,0.6095
138.5823,38.5070,0.0864,-101.8576,7.7598,27.9351,7.7597,0.0169,-3.1009,91.1266,-1.6532,-0.0323,0.2121,0.3099,-0.0763,-4.1405,5.1902,0.5545,0.0000,1,0,0,0,0,0.4129
138.6327,38.8927,0.0864,-101.8656,7.5820,27.2951,7.5819,0.0177,-3.5309,91.0117,-2.2818,-0.0323,0.2278,0.3099,-0.0788,-4.3789,4.7339,0.5957,0.0000,1,0,0,0,0,0.4247
138.6891,39.3159,0.0864,-101.8736,7.4377,26.7759,7.4377,0.0181,-2.5573,90.8942,-2.0828,-0.0323,0.2375,0.3099,-0.0799,-4.5797,3.5621,0.6342,0.0000,1,0,0,0,0,0.3502
138.7510,39.7722,0.0864,-101.8813,7.3035,26.2928,7.3035,0.0183,-2.1679,90.7515,-2.3056,-0.0323,0.2532,0.3099,-0.0804,-4.7034,1.9973,0.6769,0.0000,1,0,0,0,0,0.2765
138.8038,40.1564,0.0864,-101.8869,7.2399,26.0635,7.2398,0.0186,-1.2053,90.6534,-1.8562,-0.0342,0.2688,0.3099,-0.0829,-4.8013,1.8529,0.7101,0.0000,1,0,0,0,0,0.2446
138.8662,40.6057,0.0864,-101.8925,7.1837,25.8612,7.1837,0.0192,-0.9008,90.5006,-2.4507,-0.0362,0.2747,0.3099,-0.0860,-4.9278,2.0278,0.7520,0.0000,1,0,0,0,0,0.2889
138.9181,40.9783,0.0864,-101.8963,7.1636,25.7889,7.1636,0.0200,-0.3869,90.3671,-2.5705,-0.0362,0.2845,0.3099,-0.0885,-5.0827,2.9823,0.7790,0.0000,1,0,0,0,0,0.3503
138.9757,41.3907,0.0864,-101.8996,7.1639,25.7899,7.1638,0.0209,0.0047,90.2287,-2.4028,-0.0381,0.2903,0.3099,-0.0916,-5.2326,2.6043,0.8018,0.0000,1,0,0,0,0,0.3220
139.0265,41.7546,0.0864,-101.9017,7.1752,25.8308,7.1752,0.0218,0.2241,90.1139,-2.2615,-0.0381,0.2903,0.3099,-0.0934,-5.3939,3.1769,0.8138,0.0000,1,0,0,0,0,0.3478
139.0833,42.1627,0.0864,-101.9031,7.2042,25.9350,7.2041,0.0229,0.5096,89.9380,-3.0989,-0.0381,0.2962,0.3099,-0.0946,-5.5168,2.1653,0.8286,0.0000,1,0,0,0,0,0.3401
139.1438,42.5998,0.0864,-101.9035,7.2427,26.0738,7.2427,0.0237,0.6369,89.7889,-2.4627,-0.0381,0.3021,0.3099,-0.0950,-5.6117,1.5665,0.8453,0.0000,1,0,0,0,0,0.2730
139.1946,42.9692,0.0864,-101.9028,7.2915,26.2493,7.2914,0.0244,0.9590,89.6381,-2.9664,-0.0381,0.3040,0.3099,-0.0952,-5.6634,1.0172,0.8551,0.0000,1,0,0,0,0,0.2715
139.2509,43.3807,0.0864,-101.9011,7.3485,26.4546,7.3485,0.0251,1.0138,89.4858,-2.7068,-0.0381,0.3079,0.3099,-0.0953,-5.6894,0.4616,0.8658,0.0000,1,0,0,0,0,0.2272
139.3117,43.8290,0.0864,-101.8980,7.4132,26.6874,7.4131,0.0255,1.0643,89.3344,-2.4912,-0.0342,0.3079,0.3099,-0.0922,-5.6801,0.1529,0.8730,0.0000,1,0,0,0,0,0.1985
139.3646,44.2233,0.0864,-101.8942,7.4817,26.9342,7.4817,0.0252,1.2947,89.1892,-2.7429,-0.0323,0.3079,0.3099,-0.0870,-5.5483,2.4887,0.8764,0.0000,1,0,0,0,0,0.3412
139.4194,44.6347,0.0864,-101.8892,7.5523,27.1883,7.5523,0.0243,1.2893,89.0519,-2.5072,-0.0284,0.3079,0.3099,-0.0807,-5.2957,4.6129,0.8782,0.0000,1,0,0,0,0,0.4439
139.4725,45.0375,0.0864,-101.8834,7.6238,27.4457,7.6238,0.0229,1.3457,88.9251,-2.3878,-0.0264,0.3079,0.3099,-0.0737,-5.0108,5.3643,0.8790,0.0000,1,0,0,0,0,0.4757
139.5225,45.4200,0.0864,-101.8769,7.6813,27.6527,7.6813,0.0214,1.1501,88.8323,-1.8542,-0.0225,0.3079,0.3099,-0.0668,-4.6314,7.5859,0.8793,0.0000,1,0,0,0,0,0.5663
139.5725,45.8059,0.0864,-101.8697,7.7535,27.9126,7.7535,0.0193,1.4433,88.7264,-2.1178,-0.0225,0.3079,0.3099,-0.0608,-4.2843,6.9397,0.8796,0.0000,1,0,0,0,0,0.5405
139.6333,46.2789,0.0864,-101.8599,7.8274,28.1785,7.8273,0.0156,1.2158,88.6429,-1.3740,-0.0186,0.3099,0.3099,-0.0350,-3.7287,9.1462,0.8825,0.0000,1,0,0,0,0,0.6144
139.6885,46.7136,0.0864,-101.8500,7.9028,28.4500,7.9028,0.0090,1.3647,88.6031,-0.7211,-0.0166,0.3099,0.3099,-0.0150,-2.6255,19.9613,0.8840,0.0000,1,0,0,0,0,1.1661
139.7463,47.1723,0.0864,-101.8390,7.9790,28.7246,7.9790,0.0032,1.3197,88.5834,-0.3401,-0.0127,0.3099,0.3099,-0.0065,-1.4566,20.2283,0.8847,0.0000,1,0,0,0,0,1.1487
139.7963,47.5732,0.0864,-101.8291,8.0557,29.0006,8.0557,0.0009,1.5334,88.5725,-0.2185,-0.0108,0.3099,0.3099,-0.0028,-0.8908,11.3154,0.8850,0.0000,1,0,0,0,0,0.6425
139.8536,48.0368,0.0864,-101.8173,8.1327,29.2777,8.1327,0.0036,1.3428,88.5653,-0.1246,-0.0088,0.3099,0.3099,-0.0012,-0.5127,6.5962,0.8852,0.0000,1,0,0,0,0,0.3800
139.9129,48.5212,0.0864,-101.8048,8.2096,29.5547,8.2096,0.0052,1.2976,88.5598,-0.0942,-0.0069,0.3099,0.3099,-0.0005,-0.2595,4.2711,0.8853,0.0000,1,0,0,0,0,0.2520
139.9765,49.0459,0.0864,-101.7911,8.3021,29.8875,8.3021,0.0064,1.4548,88.5541,-0.0898,-0.0069,0.3099,0.3099,-0.0002,-0.1293,2.0482,0.8853,0.0000,1,0,0,0,0,0.1303
140.0301,49.4927,0.0864,-101.7794,8.3791,30.1647,8.3791,0.0069,1.4367,88.5496,-0.0843,-0.0049,0.3099,0.3099,-0.0001,-0.0641,1.2161,0.8854,0.0000,1,0,0,0,0,0.0846
140.0836,49.9425,0.0864,-101.7676,8.4562,30.4424,8.4562,0.0073,1.4422,88.5453,-0.0799,-0.0049,0.3099,0.3099,0.0000,-0.0364,0.5181,0.8854,0.0000,1,0,0,0,0,0.0461
140.1364,50.3906,0.0864,-101.7557,8.5178,30.6642,8.5178,0.0073,1.1668,88.5419,-0.0641,-0.0029,0.3099,0.3099,0.0000,-0.0183,0.3439,0.8854,0.0000,1,0,0,0,0,0.0356
140.1977,50.9159,0.0864,-101.7418,8.6102,30.9969,8.6102,0.0075,1.5063,88.5367,-0.0846,0.0010,0.3099,0.3099,0.0000,-0.0094,0.1439,0.8854,0.0000,1,0,0,0,0,0.0257
140.2596,51.4516,0.0864,-101.7276,8.7028,31.3299,8.7028,0.0076,1.4938,88.5316,-0.0828,0.0068,0.3099,0.3099,0.0000,-0.0042,0.0838,0.8854,0.0000,1,0,0,0,0,0.0224
140.3107,51.8970,0.0864,-101.7157,8.7644,31.5519,8.7644,0.0075,1.2078,88.5281,-0.0682,0.0107,0.3099,0.3099,0.0000,-0.0021,0.0411,0.8854,0.0000,1,0,0,0,0,0.0190
140.3610,52.3393,0.0864,-101.7039,8.8415,31.8293,8.8415,0.0076,1.5329,88.5238,-0.0850,0.0127,0.3099,0.3099,0.0000,-0.0012,0.0187,0.8854,0.0000,1,0,0,0,0,0.0187
140.4113,52.7858,0.0864,-101.6919,8.9032,32.0514,8.9032,0.0076,1.2252,88.5204,-0.0673,0.0166,0.3099,0.3099,0.0000,-0.0006,0.0114,0.8854,0.0000,1,0,0,0,0,0.0171
140.4618,53.2368,0.0864,-101.6798,8.9802,32.3286,8.9802,0.0076,1.5260,88.5161,-0.0859,0.0186,0.3099,0.3099,0.0000,-0.0003,0.0057,0.8854,0.0000,1,0,0,0,0,0.0178
140.5207,53.7683,0.0864,-101.6655,9.0572,32.6061,9.0572,0.0110,1.3071,88.5364,0.3446,0.0205,0.3099,0.3099,0.0252,0.2870,4.8729,0.8854,0.0000,1,0,0,0,0,0.3081
140.5837,54.3411,0.0864,-101.6502,9.1497,32.9391,9.1497,0.0196,1.4696,88.6134,1.2227,0.0225,0.3099,0.3099,0.0446,1.2833,15.8295,0.8854,0.0000,1,0,0,0,0,0.9794
140.6394,54.8521,0.0864,-101.6369,9.2267,33.2163,9.2267,0.0264,1.3830,88.7018,1.5878,0.0244,0.3099,0.3099,0.0540,2.1940,16.3566,0.8854,0.0000,1,0,0,0,0,1.0398
140.6907,55.3272,0.0864,-101.6249,9.2884,33.4383,9.2884,0.0310,1.2015,88.7833,1.5874,0.0264,0.3099,0.3099,0.0599,2.7473,10.7789,0.8854,0.0000,1,0,0,0,0,0.7370
140.7471,55.8533,0.0864,-101.6123,9.3654,33.7155,9.3653,0.0358,1.3654,88.8942,1.9685,0.0283,0.3099,0.3099,0.0647,3.2869,9.5693,0.8854,0.0000,1,0,0,0,0,0.6983
140.8070,56.4173,0.0864,-101.5998,9.4578,34.0480,9.4577,0.0416,1.5417,89.0465,2.5411,0.0342,0.3099,0.3099,0.0755,3.7481,7.6971,0.8854,0.0000,1,0,0,0,0,0.6348
140.8574,56.8951,0.0864,-101.5901,9.5195,34.2701,9.5194,0.0456,1.2246,89.1613,2.2795,0.0361,0.3099,0.3099,0.0818,4.2074,9.1185,0.8854,0.0000,1,0,0,0,0,0.7051
140.9076,57.3753,0.0864,-101.5813,9.5964,34.5471,9.5963,0.0505,1.5315,89.3170,3.0992,0.0381,0.3099,0.3099,0.0881,4.6076,7.9648,0.8854,0.0000,1,0,0,0,0,0.6936
140.9662,57.9394,0.0864,-101.5722,9.6734,34.8242,9.6732,0.0548,1.3145,89.4837,2.8460,0.0381,0.3099,0.3099,0.0922,5.0497,7.5521,0.8854,0.0000,1,0,0,0,0,0.6626
141.0169,58.4322,0.0864,-101.5656,9.7503,35.1012,9.7501,0.0582,1.5160,89.6560,3.3966,0.0381,0.3099,0.3099,0.0939,5.3042,5.0149,0.8854,0.0000,1,0,0,0,0,0.5569
141.0760,59.0111,0.0864,-101.5594,9.8273,35.3781,9.8271,0.0607,1.3009,89.8314,2.9649,0.0381,0.3099,0.3099,0.0947,5.4957,3.2370,0.8854,0.0000,1,0,0,0,0,0.4372
141.1277,59.5202,0.0864,-101.5554,9.9042,35.6551,9.9040,0.0626,1.4904,90.0087,3.4342,0.0381,0.3099,0.3099,0.0950,5.5867,1.7632,0.8854,0.0000,1,0,0,0,0,0.3836
141.1927,60.1668,0.0864,-101.5523,9.9964,35.9872,9.9962,0.0644,1.4187,90.2232,3.2991,0.0381,0.3099,0.3099,0.0952,5.6497,0.9688,0.8854,0.0000,1,0,0,0,0,0.3337
141.2439,60.6804,0.0864,-101.5516,10.0580,36.2089,10.0578,0.0652,1.2018,90.3671,2.8085,0.0381,0.3099,0.3099,0.0952,5.6837,0.6643,0.8854,0.0000,1,0,0,0,0,0.2902
141.2964,61.2105,0.0864,-101.5523,10.1350,36.4858,10.1347,0.0663,1.4656,90.5480,3.4459,0.0381,0.3099,0.3099,0.0952,5.6969,0.2511,0.8854,0.0000,1,0,0,0,0,0.3035
141.3572,61.8285,0.0864,-101.5551,10.2118,36.7625,10.2116,0.0672,1.2654,90.7299,2.9945,0.0381,0.3099,0.3099,0.0952,5.7067,0.1608,0.8854,0.0000,1,0,0,0,0,0.2740
141.4074,62.3434,0.0864,-101.5591,10.2888,37.0396,10.2886,0.0680,1.5325,90.9119,3.6246,0.0361,0.3099,0.3099,0.0939,5.7066,0.0010,0.8854,0.0000,1,0,0,0,0,0.3006
141.4675,62.9642,0.0864,-101.5658,10.3657,37.3164,10.3654,0.0672,1.2792,91.0851,2.8820,0.0322,0.3099,0.3099,0.0871,5.5668,2.3268,0.8854,0.0000,1,0,0,0,0,0.3867
141.5282,63.5961,0.0864,-101.5748,10.4579,37.6485,10.4577,0.0644,1.5202,91.2742,3.1155,0.0264,0.3099,0.3099,0.0772,5.2506,5.2084,0.8854,0.0000,1,0,0,0,0,0.5549
141.5866,64.2094,0.0864,-101.5854,10.5348,37.9254,10.5347,0.0607,1.3158,91.4136,2.3852,0.0225,0.3099,0.3099,0.0681,4.7847,7.9726,0.8854,0.0000,1,0,0,0,0,0.6618
141.6476,64.8547,0.0864,-101.5985,10.6272,38.2578,10.6270,0.0535,1.5133,91.5476,2.1964,0.0186,0.3099,0.3099,0.0430,4.2507,8.7511,0.8854,0.0000,1,0,0,0,0,0.6837
141.7084,65.5027,0.0864,-101.6133,10.7042,38.5351,10.7041,0.0412,1.2671,91.5972,0.8149,0.0146,0.3099,0.3099,0.0185,3.0256,20.1535,0.8854,0.0000,1,0,0,0,0,1.2226
141.7642,66.1014,0.0864,-101.6281,10.7812,38.8124,10.7812,0.0299,1.3817,91.6161,0.3400,0.0146,0.3099,0.3099,0.0079,1.8672,20.7819,0.8854,0.0000,1,0,0,0,0,1.2150
141.8220,66.7271,0.0864,-101.6443,10.8583,39.0899,10.8583,0.0216,1.3329,91.6219,0.0992,0.0088,0.3099,0.3099,0.0034,1.0147,14.7413,0.8854,0.0000,1,0,0,0,0,0.8543
141.8738,67.2911,0.0864,-101.6592,10.9353,39.3671,10.9353,0.0161,1.4875,91.6220,0.0021,0.0068,0.3099,0.3099,0.0015,0.5955,8.0966,0.8854,0.0000,1,0,0,0,0,0.4721
141.9346,67.9587,0.0864,-101.6772,11.0123,39.6444,11.0123,0.0126,1.2659,91.6196,-0.0396,0.0029,0.3099,0.3099,0.0006,0.3170,4.5763,0.8854,0.0000,1,0,0,0,0,0.2736
141.9911,68.5828,0.0864,-101.6941,11.0894,39.9220,11.0894,0.0104,1.3656,91.6160,-0.0627,0.0010,0.3099,0.3099,0.0003,0.1568,2.8379,0.8854,0.0000,1,0,0,0,0,0.1753
142.0441,69.1727,0.0864,-101.7102,11.1665,40.1994,11.1665,0.0092,1.4539,91.6121,-0.0737,-0.0010,0.3099,0.3099,0.0001,0.0888,1.2840,0.8854,0.0000,1,0,0,0,0,0.0878
142.1046,69.8514,0.0864,-101.7287,11.2589,40.5321,11.2589,0.0084,1.5262,91.6069,-0.0852,-0.0029,0.3099,0.3099,0.0000,0.0433,0.7512,0.8854,0.0000,1,0,0,0,0,0.0577
142.1640,70.5219,0.0864,-101.7469,11.3360,40.8097,11.3360,0.0080,1.2985,91.6026,-0.0725,-0.0069,0.3099,0.3099,0.0000,0.0215,0.3667,0.8854,0.0000,1,0,0,0,0,0.0349
142.2247,71.2123,0.0864,-101.7656,11.4285,41.1427,11.4285,0.0078,1.5241,91.5975,-0.0840,-0.0088,0.3099,0.3099,0.0000,0.0103,0.1837,0.8854,0.0000,1,0,0,0,0,0.0251
142.2835,71.8857,0.0864,-101.7839,11.5056,41.4201,11.5056,0.0076,1.3112,91.5932,-0.0737,-0.0127,0.3099,0.3099,0.0000,0.0048,0.0941,0.8854,0.0000,1,0,0,0,0,0.0193
142.3440,72.5838,0.0864,-101.8028,11.5827,41.6975,11.5826,0.0075,1.2739,91.5890,-0.0701,-0.0147,0.3099,0.3099,0.0000,0.0023,0.0410,0.8854,0.0000,1,0,0,0,0,0.0159
142.4044,73.2864,0.0864,-101.8217,11.6751,42.0304,11.6751,0.0075,1.5298,91.5838,-0.0858,-0.0147,0.3099,0.3099,0.0000,0.0011,0.0203,0.8854,0.0000,1,0,0,0,0,0.0156
142.4609,73.9479,0.0864,-101.8395,11.7522,42.3079,11.7522,0.0075,1.3640,91.5795,-0.0751,-0.0147,0.3099,0.3099,0.0000,0.0005,0.0105,0.8854,0.0000,1,0,0,0,0,0.0143
142.5128,74.5593,0.0864,-101.8559,11.8292,42.5852,11.8292,0.0075,1.4847,91.5752,-0.0823,-0.0147,0.3099,0.3099,0.0000,0.0003,0.0043,0.8854,0.0000,1,0,0,0,0,0.0144
142.5731,75.2742,0.0864,-101.8750,11.9063,42.8627,11.9063,0.0075,1.2783,91.5709,-0.0714,-0.0166,0.3099,0.3099,0.0000,0.0001,0.0024,0.8854,0.0000,1,0,0,0,0,0.0135
142.6331,75.9912,0.0864,-101.8941,11.9834,43.1403,11.9834,0.0074,1.2845,91.5667,-0.0707,-0.0166,0.3099,0.3099,0.0000,0.0001,0.0012,0.8854,0.0000,1,0,0,0,0,0.0132
142.6930,76.7106,0.0864,-101.9133,12.0759,43.4731,12.0758,0.0075,1.5451,91.5615,-0.0867,-0.0186,0.3099,0.3099,0.0000,0.0000,0.0005,0.8854,0.0000,1,0,0,0,0,0.0141
142.7445,77.3348,0.0864,-101.9298,12.1375,43.6950,12.1375,0.0036,1.1960,91.5390,-0.4368,-0.0206,0.3099,0.3099,-0.0204,-0.2087,4.0486,0.8854,0.0000,1,0,0,0,0,0.2536
142.7982,77.9882,0.0864,-101.9470,12.2145,43.9723,12.2145,0.0079,1.4350,91.4602,-1.4684,-0.0225,0.3099,0.3099,-0.0405,-1.1146,16.8758,0.8854,0.0000,1,0,0,0,0,1.0288
142.8499,78.6213,0.0864,-101.9632,12.2916,44.2499,12.2916,0.0203,1.4916,91.3468,-2.1931,-0.0264,0.3099,0.3099,-0.0537,-1.9006,15.2085,0.8854,0.0000,1,0,0,0,0,0.9916
142.9015,79.2575,0.0864,-101.9788,12.3687,44.5273,12.3687,0.0318,1.4929,91.2086,-2.6781,-0.0303,0.3099,0.3099,-0.0641,-2.6755,15.0110,0.8854,0.0000,1,0,0,0,0,1.0213
142.9621,80.0082,0.0864,-101.9958,12.4457,44.8044,12.4456,0.0432,1.2715,91.0441,-2.7157,-0.0362,0.3099,0.3099,-0.0757,-3.4339,12.5269,0.8854,0.0000,1,0,0,0,0,0.8989
143.0208,80.7413,0.0864,-102.0108,12.5227,45.0818,12.5226,0.0546,1.3115,90.8533,-3.2497,-0.0401,0.3099,0.3099,-0.0868,-4.1812,12.7230,0.8854,0.0000,1,0,0,0,0,0.9528
143.0813,81.5013,0.0864,-102.0240,12.6150,45.4142,12.6149,0.0678,1.5270,90.5907,-4.3412,-0.0440,0.3099,0.3099,-0.0989,-4.9375,12.5074,0.8854,0.0000,1,0,0,0,0,1.0167
143.1397,82.2407,0.0864,-102.0344,12.6882,45.6773,12.6879,0.0785,1.2506,90.3467,-4.1749,-0.0479,0.2962,0.3099,-0.1090,-5.5952,11.2517,0.8743,0.0000,1,0,0,0,0,0.9499
143.1900,82.8800,0.0864,-102.0411,12.7410,45.8675,12.7407,0.0886,1.0507,90.0812,-5.2813,-0.0518,0.2747,0.3099,-0.1183,-6.1591,11.2141,0.8415,0.0000,1,0,0,0,0,1.0207
143.2409,83.5294,0.0864,-102.0455,12.7553,45.9191,12.7549,0.0961,0.2810,89.8555,-4.4301,-0.0538,0.2551,0.3099,-0.1258,-6.6861,10.3440,0.7983,0.0000,1,0,0,0,0,0.9338
143.2961,84.2332,0.0864,-102.0473,12.7332,45.8393,12.7327,0.1043,-0.4011,89.5587,-5.3753,-0.0577,0.2356,0.3099,-0.1349,-7.2606,10.4077,0.7446,0.0000,1,0,0,0,0,0.9997
143.3506,84.9243,0.0864,-102.0460,12.6667,45.6001,12.6662,0.1113,-1.2213,89.2473,-5.7224,-0.0616,0.2219,0.3099,-0.1438,-7.8218,10.3121,0.6939,0.0000,1,0,0,0,0,1.0227
143.4082,85.6516,0.0864,-102.0408,12.5673,45.2422,12.5667,0.1177,-1.7253,88.9209,-5.6648,-0.0675,0.2219,0.3099,-0.1547,-8.3903,9.8658,0.6633,0.0000,1,0,0,0,0,1.0033
143.4687,86.4077,0.0864,-102.0313,12.4264,44.7350,12.4258,0.1250,-2.3292,88.5056,-6.8648,-0.0694,0.2219,0.3099,-0.1655,-9.0515,10.9316,0.6464,0.0000,1,0,0,0,0,1.1395
143.5287,87.1498,0.0864,-102.0173,12.3006,44.2823,12.3000,0.1296,-2.0953,88.1474,-5.9685,-0.0733,0.2219,0.3099,-0.1743,-9.6161,9.4079,0.6401,0.0000,1,0,0,0,0,1.0123
143.5885,87.8813,0.0864,-101.9990,12.1712,43.8164,12.1705,0.1339,-2.1631,87.7822,-6.1035,-0.0733,0.2219,0.3099,-0.1794,-10.1807,9.4357,0.6370,0.0000,1,0,0,0,0,1.0284
143.6478,88.5971,0.0864,-101.9767,12.0138,43.2497,12.0129,0.1447,-2.6573,87.3307,-7.6234,-0.0733,0.2219,0.3099,-0.1819,-10.5299,5.8954,0.6353,0.0000,1,0,0,0,0,0.9317
143.7002,89.2238,0.0864,-101.9533,11.9081,42.8692,11.9073,0.1420,-2.0155,87.0304,-5.7253,-0.0733,0.2219,0.3099,-0.1826,-10.7249,3.7176,0.6347,0.0000,1,0,0,0,0,0.7035
143.7596,89.9254,0.0864,-101.9222,11.7492,42.2971,11.7484,0.1382,-2.6759,86.5827,-7.5385,-0.0733,0.2219,0.3099,-0.1830,-10.8568,2.2216,0.6343,0.0000,1,0,0,0,0,0.7187
143.8174,90.6004,0.0864,-101.8877,11.6166,41.8199,11.6159,0.1342,-2.2915,86.2184,-6.2986,-0.0675,0.2219,0.3099,-0.1777,-10.8608,0.0701,0.6341,0.0000,1,0,0,0,0,0.5272
143.8785,91.3041,0.0864,-101.8467,11.4574,41.2467,11.4567,0.1271,-2.6075,85.8032,-6.7991,-0.0636,0.2219,0.3099,-0.1686,-10.6467,3.5063,0.6341,0.0000,1,0,0,0,0,0.7390
143.9371,91.9702,0.0864,-101.8034,11.3247,40.7691,11.3241,0.1185,-2.2654,85.4868,-5.4033,-0.0557,0.2219,0.3099,-0.1537,-10.1803,7.9648,0.6340,0.0000,1,0,0,0,0,0.8997
143.9881,92.5440,0.0864,-101.7627,11.2187,40.3873,11.2181,0.1103,-2.0779,85.2565,-4.5112,-0.0499,0.2219,0.3099,-0.1416,-9.5233,12.8717,0.6340,0.0000,1,0,0,0,0,1.1132
144.0458,93.1847,0.0864,-101.7137,11.0596,39.8147,11.0592,0.0961,-2.7569,84.9513,-5.2896,-0.0420,0.2219,0.3099,-0.1222,-8.6750,14.7033,0.6340,0.0000,1,0,0,0,0,1.2410
144.1048,93.8316,0.0864,-101.6607,10.9272,39.3378,10.9268,0.0836,-2.2451,84.7345,-3.6742,-0.0342,0.2219,0.3099,-0.1045,-7.8644,13.7386,0.6340,0.0000,1,0,0,0,0,1.0822
144.1612,94.4422,0.0864,-101.6077,10.7947,38.8610,10.7945,0.0706,-2.3471,84.5539,-3.2012,-0.0264,0.2219,0.3099,-0.0863,-6.7468,19.8049,0.6340,0.0000,1,0,0,0,0,1.3763
144.2225,95.0966,0.0864,-101.5482,10.6359,38.2894,10.6358,0.0553,-2.5910,84.3813,-2.8162,-0.0206,0.2219,0.3099,-0.0668,-5.6276,18.2643,0.6340,0.0000,1,0,0,0,0,1.2492
144.2809,95.7115,0.0864,-101.4901,10.5036,37.8130,10.5036,0.0388,-2.2666,84.3005,-1.3837,-0.0127,0.2219,0.3099,-0.0287,-4.1781,24.8283,0.6340,0.0000,1,0,0,0,0,1.5117
144.3338,96.2617,0.0864,-101.4366,10.3714,37.3370,10.3714,0.0231,-2.4982,84.2637,-0.6953,-0.0049,0.2219,0.3099,-0.0123,-2.6468,28.9302,0.6340,0.0000,1,0,0,0,0,1.6793
144.3861,96.7987,0.0864,-101.3835,10.2656,36.9561,10.2656,0.0137,-2.0238,84.2484,-0.2942,-0.0010,0.2219,0.3099,-0.0063,-1.6932,18.2418,0.6340,0.0000,1,0,0,0,0,1.0498
144.4481,97.4268,0.0864,-101.3206,10.1070,36.3852,10.1070,0.0041,-2.5586,84.2354,-0.2088,0.0068,0.2219,0.3099,-0.0023,-0.9050,12.7165,0.6340,0.0000,1,0,0,0,0,0.7241
144.4999,97.9454,0.0864,-101.2683,9.9748,35.9091,9.9748,0.0007,-2.5499,84.2287,-0.1306,0.0107,0.2219,0.3099,-0.0010,-0.5176,7.4682,0.6340,0.0000,1,0,0,0,0,0.4233
144.5594,98.5321,0.0864,-101.2087,9.8425,35.4332,9.8425,0.0036,-2.2228,84.2233,-0.0908,0.0146,0.2219,0.3099,-0.0004,-0.2686,4.1869,0.6340,0.0000,1,0,0,0,0,0.2431
144.6177,99.0986,0.0864,-101.1511,9.7103,34.9572,9.7103,0.0052,-2.2700,84.2186,-0.0807,0.0146,0.2219,0.3099,-0.0002,-0.1306,2.3696,0.6340,0.0000,1,0,0,0,0,0.1442
144.6691,99.5923,0.0864,-101.1007,9.5781,34.4813,9.5781,0.0063,-2.5693,84.2141,-0.0866,0.0146,0.2219,0.3099,-0.0001,-0.0723,1.1328,0.6340,0.0000,1,0,0,0,0,0.0776
144.7271,100.1413,0.0864,-101.0446,9.4459,34.0051,9.4459,0.0068,-2.2811,84.2099,-0.0732,0.0146,0.2219,0.3099,0.0000,-0.0349,0.6450,0.6340,0.0000,1,0,0,0,0,0.0508
144.7780,100.6162,0.0864,-100.9960,9.3137,33.5293,9.3137,0.0072,-2.5983,84.2055,-0.0846,0.0146,0.2219,0.3099,0.0000,-0.0197,0.2992,0.6340,0.0000,1,0,0,0,0,0.0329
144.8347,101.1390,0.0864,-100.9425,9.1815,33.0533,9.1815,0.0074,-2.3290,84.2013,-0.0753,0.0146,0.2219,0.3099,0.0000,-0.0103,0.1656,0.6340,0.0000,1,0,0,0,0,0.0254
144.8978,101.7105,0.0864,-100.8839,9.0492,32.5773,9.0492,0.0074,-2.0978,84.1970,-0.0678,0.0127,0.2219,0.3099,0.0000,-0.0046,0.0903,0.6340,0.0000,1,0,0,0,0,0.0211
144.9574,102.2426,0.0864,-100.8293,8.8906,32.0062,8.8906,0.0076,-2.6605,84.1918,-0.0870,0.0088,0.2219,0.3099,0.0000,-0.0022,0.0406,0.6340,0.0000,1,0,0,0,0,0.0198
145.0207,102.7981,0.0864,-100.7722,8.7584,31.5302,8.7584,0.0075,-2.0883,84.1875,-0.0675,0.0049,0.2219,0.3099,0.0000,-0.0010,0.0182,0.6340,0.0000,1,0,0,0,0,0.0176
145.0770,103.2842,0.0864,-100.7222,8.5998,30.9592,8.5998,0.0076,-2.8178,84.1824,-0.0916,0.0010,0.2219,0.3099,0.0000,-0.0005,0.0102,0.6340,0.0000,1,0,0,0,0,0.0190
145.1312,103.7450,0.0864,-100.6748,8.4940,30.5784,8.4940,0.0075,-1.9518,84.1790,-0.0631,-0.0010,0.2219,0.3099,0.0000,-0.0002,0.0039,0.6340,0.0000,1,0,0,0,0,0.0170
145.1862,104.2057,0.0864,-100.6273,8.3617,30.1023,8.3617,0.0075,-2.4043,84.1746,-0.0788,-0.0029,0.2219,0.3099,0.0000,-0.0001,0.0021,0.6340,0.0000,1,0,0,0,0,0.0180
145.2424,104.6691,0.0864,-100.5795,8.2295,29.6264,8.2295,0.0075,-2.3510,84.1704,-0.0760,-0.0049,0.2219,0.3099,0.0000,-0.0001,0.0011,0.6340,0.0000,1,0,0,0,0,0.0180
145.2935,105.0833,0.0864,-100.5368,8.0974,29.1505,8.0974,0.0076,-2.5889,84.1661,-0.0837,-0.0069,0.2219,0.3099,0.0000,0.0000,0.0005,0.6340,0.0000,1,0,0,0,0,0.0188
145.3460,105.5027,0.0864,-100.4934,7.9652,28.6746,7.9652,0.0076,-2.5192,84.1618,-0.0814,-0.0069,0.2219,0.3099,0.0000,0.0000,0.0003,0.6340,0.0000,1,0,0,0,0,0.0189
145.3975,105.9079,0.0864,-100.4515,7.8594,28.2937,7.8594,0.0076,-2.0546,84.1584,-0.0664,-0.0069,0.2219,0.3099,0.0000,0.0000,0.0002,0.6340,0.0000,1,0,0,0,0,0.0181
145.4589,106.3830,0.0864,-100.4024,7.7007,27.7226,7.7007,0.0076,-2.5829,84.1532,-0.0845,-0.0069,0.2219,0.3099,0.0000,0.0000,0.0001,0.6340,0.0000,1,0,0,0,0,0.0195
145.5156,106.8138,0.0864,-100.3577,7.5685,27.2467,7.5685,0.0076,-2.3305,84.1489,-0.0753,-0.0069,0.2219,0.3099,0.0000,0.0000,0.0000,0.6340,0.0000,1,0,0,0,0,0.0193
145.5663,107.1926,0.0864,-100.3185,7.4363,26.7708,7.4363,0.0077,-2.6061,84.1447,-0.0842,-0.0069,0.2219,0.3099,0.0000,0.0000,0.0000,0.6340,0.0000,1,0,0,0,0,0.0201
145.6292,107.6534,0.0864,-100.2707,7.3041,26.2948,7.3041,0.0076,-2.1039,84.1404,-0.0680,-0.0049,0.2219,0.3099,0.0000,0.0000,0.0000,0.6340,0.0000,1,0,0,0,0,0.0193
145.6886,108.0804,0.0864,-100.2263,7.1454,25.7236,7.1454,0.0077,-2.6717,84.1353,-0.0858,0.0010,0.2219,0.3099,0.0000,0.0000,0.0000,0.6340,0.0000,1,0,0,0,0,0.0208
145.7489,108.5058,0.0864,-100.1820,7.0132,25.2475,7.0132,0.0076,-2.1900,84.1309,-0.0718,0.0029,0.2219,0.3099,0.0000,0.0000,0.0000,0.6340,0.0000,1,0,0,0,0,0.0202
145.8087,108.9185,0.0864,-100.1391,6.8810,24.7716,6.8810,0.0076,-2.2113,84.1267,-0.0710,0.0068,0.2219,0.3099,0.0000,0.0000,0.0000,0.6340,0.0000,1,0,0,0,0,0.0204
145.8628,109.2842,0.0864,-100.1010,6.7488,24.2957,6.7488,0.0076,-2.4467,84.1224,-0.0802,0.0088,0.2219,0.3099,0.0000,0.0000,0.0000,0.6340,0.0000,1,0,0,0,0,0.0213
145.9132,109.6194,0.0864,-100.0660,6.6166,23.8198,6.6166,0.0076,-2.6206,84.1181,-0.0847,0.0107,0.2219,0.3099,0.0000,0.0000,0.0000,0.6340,0.0000,1,0,0,0,0,0.0220
145.9635,109.9479,0.0864,-100.0317,6.5108,23.4390,6.5108,0.0076,-2.1014,84.1147,-0.0679,0.0146,0.2219,0.3099,0.0000,0.0000,0.0000,0.6340,0.0000,1,0,0,0,0,0.0212
146.0276,110.3573,0.0864,-99.9890,6.3522,22.8679,6.3522,0.0076,-2.4758,84.1095,-0.0814,0.0186,0.2219,0.3099,0.0000,0.0000,0.0000,0.6340,0.0000,1,0,0,0,0,0.0224
146.0893,110.7423,0.0864,-99.9487,6.1935,22.2967,6.1935,0.0092,-2.5720,84.1215,0.1953,0.0205,0.2219,0.3099,0.0252,0.2080,3.3713,0.6340,0.0000,1,0,0,0,0,0.2205
146.1456,111.0857,0.0864,-99.9128,6.0613,21.8206,6.0613,0.0125,-2.3496,84.1638,0.7514,0.0244,0.2219,0.3099,0.0443,1.1756,17.1908,0.6340,0.0000,1,0,0,0,0,1.0277
146.1967,111.3909,0.0864,-99.8809,5.9557,21.4405,5.9557,0.0149,-2.0669,84.2100,0.9032,0.0264,0.2239,0.3099,0.0539,2.0009,16.1541,0.6347,0.0000,1,0,0,0,0,0.9852
146.2472,111.6865,0.0864,-99.8503,5.8267,20.9761,5.8267,0.0176,-2.5547,84.2802,1.3914,0.0322,0.2317,0.3099,0.0663,2.7919,15.6654,0.6420,0.0000,1,0,0,0,0,0.9930
146.3067,112.0277,0.0864,-99.8151,5.7128,20.5661,5.7128,0.0200,-1.9141,84.3645,1.4174,0.0361,0.2493,0.3099,0.0776,3.5787,13.2251,0.6680,0.0000,1,0,0,0,0,0.8660
146.3658,112.3604,0.0864,-99.7813,5.6120,20.2033,5.6120,0.0226,-1.7058,84.4819,1.9871,0.0381,0.2649,0.3099,0.0877,4.3261,12.6500,0.7098,0.0000,1,0,0,0,0,0.8735
146.4241,112.6847,0.0864,-99.7488,5.5601,20.0163,5.5600,0.0243,-0.8905,84.5905,1.8602,0.0401,0.2767,0.3099,0.0939,4.8971,9.7858,0.7448,0.0000,1,0,0,0,0,0.7125
146.4741,112.9609,0.0864,-99.7216,5.5410,19.9475,5.5409,0.0255,-0.3816,84.6837,1.8641,0.0420,0.2884,0.3099,0.0984,5.2932,7.9194,0.7755,0.0000,1,0,0,0,0,0.6125
146.5338,113.2902,0.0864,-99.6897,5.5500,19.9801,5.5500,0.0274,0.1513,84.8350,2.5337,0.0440,0.3060,0.3099,0.1050,5.7218,7.1793,0.8215,0.0000,1,0,0,0,0,0.6137
146.5940,113.6241,0.0864,-99.6582,5.5953,20.1431,5.5952,0.0291,0.7523,84.9732,2.2945,0.0479,0.3236,0.3099,0.1114,6.1237,6.6738,0.8653,0.0000,1,0,0,0,0,0.5763
146.6537,113.9591,0.0864,-99.6273,5.6976,20.5113,5.6975,0.0316,1.7141,85.1545,3.0398,0.0499,0.3392,0.3099,0.1181,6.5253,6.7314,0.9163,0.0000,1,0,0,0,0,0.6261
146.7141,114.3053,0.0864,-99.5964,5.8200,20.9519,5.8199,0.0343,2.0256,85.3226,2.7813,0.0538,0.3509,0.3099,0.1270,6.9562,7.1309,0.9551,0.0000,1,0,0,0,0,0.6390
146.7728,114.6500,0.0864,-99.5666,5.9676,21.4832,5.9674,0.0373,2.5140,85.5059,3.1226,0.0557,0.3588,0.3099,0.1336,7.4286,8.0485,0.9780,0.0000,1,0,0,0,0,0.7144
146.8237,114.9565,0.0864,-99.5410,6.1278,22.0602,6.1277,0.0403,3.1533,85.7000,3.8191,0.0557,0.3588,0.3099,0.1368,7.7403,6.1329,0.9892,0.0000,1,0,0,0,0,0.6517
146.8826,115.3212,0.0864,-99.5117,6.2942,22.6591,6.2941,0.0432,2.8240,85.9027,3.4404,0.0577,0.3588,0.3099,0.1406,8.0589,5.4071,0.9947,0.0000,1,0,0,0,0,0.5945
146.9389,115.6802,0.0864,-99.4841,6.4637,23.2694,6.4635,0.0460,3.0065,86.1132,3.7348,0.0577,0.3588,0.3099,0.1426,8.2857,4.0235,0.9974,0.0000,1,0,0,0,0,0.5378
146.9892,116.0087,0.0864,-99.4600,6.6346,23.8847,6.6344,0.0486,3.3995,86.3292,4.2950,0.0577,0.3588,0.3099,0.1435,8.4294,2.8571,0.9987,0.0000,1,0,0,0,0,0.5073
147.0480,116.4026,0.0864,-99.4324,6.8063,24.5025,6.8061,0.0510,2.9192,86.5493,3.7441,0.0577,0.3588,0.3099,0.1439,8.5338,1.7763,0.9994,0.0000,1,0,0,0,0,0.4191
147.0985,116.7492,0.0864,-99.4095,6.9783,25.1218,6.9781,0.0533,3.4103,86.7732,4.4383,0.0577,0.3588,0.3099,0.1440,8.5819,0.9537,0.9997,0.0000,1,0,0,0,0,0.4142
147.1540,117.1400,0.0864,-99.3850,7.1505,25.7417,7.1503,0.0555,3.1010,87.0006,4.0945,0.0577,0.3588,0.3099,0.1441,8.6113,0.5300,0.9999,0.0000,1,0,0,0,0,0.3734
147.2107,117.5491,0.0864,-99.3610,7.3227,26.3618,7.3225,0.0577,3.0375,87.2314,4.0716,0.0577,0.3588,0.3099,0.1441,8.6307,0.3410,0.9999,0.0000,1,0,0,0,0,0.3634
147.2712,117.9967,0.0864,-99.3366,7.4950,26.9819,7.4947,0.0599,2.8467,87.4657,3.8707,0.0577,0.3588,0.3099,0.1441,8.6406,0.1633,1.0000,0.0000,1,0,0,0,0,0.3439
147.3232,118.3900,0.0864,-99.3168,7.6673,27.6022,7.6670,0.0621,3.3172,87.7033,4.5751,0.0577,0.3588,0.3099,0.1442,8.6448,0.0817,1.0000,0.0000,1,0,0,0,0,0.3802
147.3811,118.8391,0.0864,-99.2960,7.8396,28.2225,7.8393,0.0643,2.9708,87.9442,4.1542,0.0577,0.3588,0.3099,0.1442,8.6472,0.0409,1.0000,0.0000,1,0,0,0,0,0.3561
147.4321,119.2427,0.0864,-99.2790,8.0118,28.8427,8.0116,0.0662,3.3789,88.1846,4.7157,0.0538,0.3588,0.3099,0.1400,8.5963,0.9977,1.0000,0.0000,1,0,0,0,0,0.4413
147.4835,119.6574,0.0864,-99.2630,8.1497,29.3389,8.1494,0.0677,2.6837,88.3795,3.7934,0.0499,0.3588,0.3099,0.1339,8.4103,3.6224,1.0000,0.0000,1,0,0,0,0,0.5366
147.5448,120.1633,0.0864,-99.2457,8.3564,30.0832,8.3562,0.0680,3.3713,88.6557,4.5037,0.0459,0.3588,0.3099,0.1229,8.0525,5.8338,1.0000,0.0000,1,0,0,0,0,0.6963
147.5952,120.5880,0.0864,-99.2330,8.4942,30.5792,8.4939,0.0674,2.7331,88.8294,3.4472,0.0420,0.3588,0.3099,0.1158,7.5951,9.0721,1.0000,0.0000,1,0,0,0,0,0.8146
147.6552,121.1033,0.0864,-99.2195,8.7010,31.3234,8.7007,0.0649,3.4493,89.0679,3.9779,0.0361,0.3588,0.3099,0.1022,7.0598,8.9312,1.0000,0.0000,1,0,0,0,0,0.8291
147.7154,121.6325,0.0864,-99.2078,8.8733,31.9440,8.8731,0.0609,2.8620,89.2382,2.8275,0.0303,0.3588,0.3099,0.0900,6.3743,11.3819,1.0000,0.0000,1,0,0,0,0,0.8924
147.7683,122.1067,0.0864,-99.1990,9.0457,32.5644,9.0455,0.0569,3.2559,89.3900,2.8686,0.0283,0.3588,0.3099,0.0799,5.7503,11.7903,1.0000,0.0000,1,0,0,0,0,0.9088
147.8193,122.5716,0.0864,-99.1917,9.2180,33.1849,9.2179,0.0529,3.3830,89.5242,2.6334,0.0225,0.3588,0.3099,0.0686,5.1815,11.1626,1.0000,0.0000,1,0,0,0,0,0.8525
147.8788,123.1245,0.0864,-99.1846,9.3904,33.8055,9.3903,0.0471,2.8977,89.6307,1.7914,0.0186,0.3588,0.3099,0.0444,4.4075,13.0102,1.0000,0.0000,1,0,0,0,0,0.8975
147.9415,123.7193,0.0864,-99.1784,9.5974,34.5505,9.5973,0.0350,3.2988,89.6906,0.9546,0.0146,0.3588,0.3099,0.0161,3.1349,20.2874,1.0000,0.0000,1,0,0,0,0,1.2349
147.9979,124.2644,0.0864,-99.1737,9.7698,35.1712,9.7698,0.0268,3.0592,89.7152,0.4353,0.0107,0.3588,0.3099,0.0069,1.7383,24.7775,1.0000,0.0000,1,0,0,0,0,1.4418
148.0594,124.8708,0.0864,-99.1692,9.9423,35.7923,9.9423,0.0208,2.8034,89.7286,0.2187,0.0068,0.3588,0.3099,0.0030,0.9870,12.2076,1.0000,0.0000,1,0,0,0,0,0.7218
148.1115,125.3932,0.0864,-99.1658,10.1147,36.4131,10.1147,0.0148,3.3111,89.7335,0.0938,0.0029,0.3588,0.3099,0.0013,0.5515,8.3632,1.0000,0.0000,1,0,0,0,0,0.4918
148.1708,125.9986,0.0864,-99.1621,10.2872,37.0340,10.2872,0.0118,2.9068,89.7308,-0.0458,-0.0029,0.3588,0.3099,0.0006,0.2840,4.5076,1.0000,0.0000,1,0,0,0,0,0.2702
148.2227,126.5370,0.0864,-99.1590,10.4598,37.6552,10.4598,0.0101,3.3250,89.7273,-0.0676,-0.0069,0.3568,0.3099,0.0002,0.1612,2.3666,1.0000,0.0000,1,0,0,0,0,0.1497
148.2735,127.0724,0.0864,-99.1559,10.5977,38.1516,10.5977,0.0091,2.7138,89.7241,-0.0631,-0.0088,0.3568,0.3099,0.0001,0.0857,1.4862,1.0000,0.0000,1,0,0,0,0,0.0989
148.3238,127.6099,0.0864,-99.1528,10.7702,38.7727,10.7702,0.0084,3.4313,89.7198,-0.0856,-0.0147,0.3568,0.3099,0.0001,0.0475,0.7589,1.0000,0.0000,1,0,0,0,0,0.0587
148.3749,128.1644,0.0864,-99.1495,10.9427,39.3938,10.9427,0.0081,3.3763,89.7155,-0.0830,-0.0166,0.3568,0.3099,0.0000,0.0264,0.4132,1.0000,0.0000,1,0,0,0,0,0.0387
148.4270,128.7377,0.0864,-99.1462,11.0807,39.8905,11.0807,0.0078,2.6490,89.7123,-0.0621,-0.0206,0.3568,0.3099,-0.0080,0.0141,0.2357,1.0000,0.0000,1,0,0,0,0,0.0270
148.4822,129.3547,0.0864,-99.1426,11.2532,40.5115,11.2532,0.0002,3.1258,89.6633,-0.8880,-0.0225,0.3568,0.3099,-0.0341,-0.6974,12.8921,1.0000,0.0000,1,0,0,0,0,0.7658
148.5377,129.9847,0.0864,-99.1386,11.4257,41.1325,11.4257,0.0106,3.1076,89.5732,-1.6218,-0.0245,0.3568,0.3099,-0.0487,-1.6102,16.4445,1.0000,0.0000,1,0,0,0,0,1.0176
148.5944,130.6384,0.0864,-99.1339,11.5982,41.7535,11.5982,0.0218,3.0405,89.4527,-2.1248,-0.0245,0.3568,0.3099,-0.0558,-2.4245,14.3529,1.0000,0.0000,1,0,0,0,0,0.9437
148.6549,131.3461,0.0864,-99.1277,11.8051,42.4985,11.8051,0.0319,3.4220,89.2918,-2.6601,-0.0245,0.3568,0.3099,-0.0592,-2.9781,9.1548,1.0000,0.0000,1,0,0,0,0,0.6969
148.7064,131.9579,0.0864,-99.1212,11.9431,42.9952,11.9431,0.0368,2.6795,89.1802,-2.1671,-0.0245,0.3568,0.3099,-0.0602,-3.2708,5.6837,1.0000,0.0000,1,0,0,0,0,0.4824
148.7656,132.6715,0.0864,-99.1121,12.1500,43.7402,12.1500,0.0418,3.4941,89.0092,-2.8879,-0.0245,0.3568,0.3099,-0.0608,-3.4653,3.2843,1.0000,0.0000,1,0,0,0,0,0.3945
148.8279,133.4335,0.0864,-99.1006,12.3224,44.3608,12.3224,0.0450,2.7692,88.8644,-2.3270,-0.0245,0.3568,0.3099,-0.0610,-3.5668,1.6301,1.0000,0.0000,1,0,0,0,0,0.2746
148.8859,134.1548,0.0864,-99.0878,12.5294,45.1058,12.5293,0.0443,3.5651,88.7052,-2.7413,-0.0166,0.3568,0.3099,-0.0416,-3.5123,0.9381,1.0000,0.0000,1,0,0,0,0,0.2574
148.9368,134.7961,0.0864,-99.0750,12.6674,45.6025,12.6673,0.0352,2.7097,88.6495,-1.0950,-0.0127,0.3568,0.3099,-0.0212,-2.7642,14.6923,1.0000,0.0000,1,0,0,0,0,0.9188
148.9962,135.5533,0.0864,-99.0584,12.8744,46.3477,12.8743,0.0199,3.4892,88.6095,-0.6739,-0.0049,0.3568,0.3099,-0.0077,-1.7394,17.2740,1.0000,0.0000,1,0,0,0,0,1.0203
149.0524,136.2811,0.0864,-99.0415,13.0468,46.9684,13.0468,0.0102,3.0665,88.5938,-0.2790,0.0049,0.3568,0.3099,-0.0033,-0.9997,13.1553,1.0000,0.0000,1,0,0,0,0,0.7580
149.1032,136.9469,0.0864,-99.0254,13.1848,47.4653,13.1848,0.0047,2.7182,88.5861,-0.1514,0.0107,0.3568,0.3099,-0.0017,-0.6023,7.8261,1.0000,0.0000,1,0,0,0,0,0.4486
149.1545,137.6277,0.0864,-99.0086,13.3573,48.0862,13.3573,0.0000,3.3607,88.5792,-0.1344,0.0166,0.3568,0.3099,-0.0007,-0.3478,4.9590,1.0000,0.0000,1,0,0,0,0,0.2830
149.2059,138.3177,0.0864,-98.9914,13.4953,48.5831,13.4953,0.0071,2.6870,88.5965,0.3369,0.0225,0.3568,0.3099,0.0208,0.0933,8.5866,1.0000,0.0000,1,0,0,0,0,0.5036
149.2568,139.0098,0.0864,-98.9740,13.6678,49.2039,13.6677,0.0256,3.3846,88.6850,1.7366,0.0303,0.3568,0.3099,0.0472,1.0026,17.8471,1.0000,0.0000,1,0,0,0,0,1.1161
149.3186,139.8598,0.0864,-98.9533,13.8747,49.9490,13.8746,0.0536,3.3508,88.8742,3.0623,0.0381,0.3568,0.3099,0.0751,2.3593,21.9646,1.0000,0.0000,1,0,0,0,0,1.4484
149.3785,140.6964,0.0864,-98.9343,14.0471,50.5694,14.0469,0.0780,2.8739,89.0914,3.6225,0.0459,0.3568,0.3099,0.0951,3.7447,23.1018,1.0000,0.0000,1,0,0,0,0,1.5680
149.4404,141.5716,0.0864,-98.9170,14.2539,51.3140,14.2535,0.1078,3.3424,89.4191,5.2963,0.0538,0.3666,0.3099,0.1170,5.1065,22.0101,1.0000,0.0000,1,0,0,0,0,1.6305
149.4944,142.3448,0.0864,-98.9044,14.3916,51.8097,14.3910,0.1270,2.5500,89.6750,4.7385,0.0596,0.3979,0.3099,0.1301,6.2523,21.2185,1.0000,0.0000,1,0,0,0,0,1.5745
149.5500,143.1499,0.0864,-98.8949,14.5637,52.4293,14.5629,0.1510,3.0979,90.0352,6.4832,0.0635,0.4311,0.3099,0.1451,7.4020,20.6928,1.0000,0.0000,1,0,0,0,0,1.6653
149.6085,144.0082,0.0864,-98.8894,14.7698,53.1714,14.7687,0.1786,3.5235,90.5199,8.2859,0.0713,0.4663,0.3099,0.1620,8.3026,15.3941,1.0000,0.0000,1,0,0,0,0,1.4969
149.6644,144.8393,0.0864,-98.8892,14.9415,53.7894,14.9402,0.2015,3.0676,90.9695,8.0337,0.0752,0.4878,0.3099,0.1755,9.1818,15.7094,1.0000,0.0000,1,0,0,0,0,1.5213
149.7146,145.5928,0.0864,-98.8939,15.0787,54.2832,15.0771,0.2189,2.7330,91.3553,7.6862,0.0772,0.4956,0.3099,0.1841,9.9867,16.0377,1.0000,0.0000,1,0,0,0,0,1.5358
149.7648,146.3538,0.0864,-98.9038,15.2499,54.8995,15.2480,0.2380,3.4109,91.8579,10.0146,0.0772,0.4956,0.3099,0.1892,10.5929,12.0799,1.0000,0.0000,1,0,0,0,0,1.4615
149.8152,147.1259,0.0864,-98.9194,15.3868,55.3925,15.3848,0.2506,2.7172,92.2717,8.2107,0.0791,0.4956,0.3099,0.1930,10.9863,7.8058,1.0000,0.0000,1,0,0,0,0,1.1341
149.8657,147.9072,0.0864,-98.9411,15.5578,56.0081,15.5556,0.2646,3.3857,92.8023,10.5047,0.0791,0.4956,0.3099,0.1958,11.3050,6.3096,1.0000,0.0000,1,0,0,0,0,1.1892
149.9160,148.6933,0.0864,-98.9692,15.6945,56.5002,15.6921,0.2737,2.7162,93.2336,8.5706,0.0791,0.4956,0.3099,0.1968,11.5495,4.8592,1.0000,0.0000,1,0,0,0,0,1.0077
149.9668,149.4943,0.0864,-99.0044,15.8652,57.1146,15.8626,0.2835,3.3611,93.7788,10.7366,0.0791,0.4878,0.3099,0.1974,11.6735,2.4414,1.0000,0.0000,1,0,0,0,0,1.0002
150.0183,150.3145,0.0864,-99.0474,16.0358,57.7290,16.0332,0.2902,3.3137,94.3232,10.5720,0.0733,0.4546,0.3099,0.1926,11.7194,0.8900,1.0000,0.0000,1,0,0,0,0,0.9083
150.0736,151.2030,0.0864,-99.1019,16.2065,58.3434,16.2039,0.2884,3.0880,94.8476,9.4885,0.0655,0.4116,0.3099,0.1799,11.4677,4.5527,1.0000,0.0000,1,0,0,0,0,1.0470
150.1350,152.2007,0.0864,-99.1735,16.3772,58.9578,16.3749,0.2737,2.7797,95.3333,7.9095,0.0557,0.3666,0.3099,0.1618,10.8815,9.5471,1.0000,0.0000,1,0,0,0,0,1.2205
150.1953,153.1900,0.0864,-99.2544,16.5739,59.6660,16.5720,0.2489,3.2646,95.8409,8.4247,0.0479,0.3177,0.3099,0.1389,9.8891,16.4700,0.9743,0.0000,1,0,0,0,0,1.6083
150.2466,154.0407,0.0864,-99.3311,16.6727,60.0217,16.6710,0.2344,1.9232,96.1342,5.7092,0.0401,0.2806,0.3099,0.1236,8.9176,18.9098,0.9184,0.0000,1,0,0,0,0,1.5786
150.3065,155.0363,0.0864,-99.4280,16.7314,60.2331,16.7301,0.2066,0.9813,96.4979,6.0765,0.0322,0.2415,0.3099,0.0994,7.7834,18.9530,0.8059,0.0000,1,0,0,0,0,1.5758
150.3580,155.8940,0.0864,-99.5169,16.7084,60.1504,16.7074,0.1848,-0.4455,96.6942,3.8070,0.0283,0.2180,0.3099,0.0858,6.5930,23.0810,0.7323,0.0000,1,0,0,0,0,1.6597
150.4115,156.7797,0.0864,-99.6134,16.6117,59.8021,16.6110,0.1556,-1.8091,96.8886,3.6348,0.0186,0.1906,0.3099,0.0604,5.7156,16.4089,0.6449,0.0000,1,0,0,0,0,1.2541
150.4650,157.6589,0.0864,-99.7131,16.4580,59.2486,16.4576,0.1149,-2.8741,96.9831,1.7671,0.0127,0.1867,0.3099,0.0260,3.9906,32.2453,0.5889,0.0000,1,0,0,0,0,1.9943
150.5250,158.6344,0.0864,-99.8272,16.2725,58.5810,16.2723,0.0784,-3.0895,97.0205,0.6224,0.0049,0.1867,0.3099,0.0112,2.4825,25.1232,0.5606,0.0000,1,0,0,0,0,1.5026
150.5835,159.5717,0.0864,-99.9390,16.0303,57.7090,16.0302,0.0480,-4.1447,97.0350,0.2479,-0.0049,0.1867,0.3099,0.0041,1.3713,19.0133,0.5450,0.0000,1,0,0,0,0,1.1150
150.6340,160.3718,0.0864,-100.0356,15.8629,57.1064,15.8629,0.0345,-3.3138,97.0370,0.0397,-0.0127,0.1867,0.3099,0.0021,0.8217,10.8818,0.5400,0.0000,1,0,0,0,0,0.6394
150.6847,161.1653,0.0864,-100.1320,15.6506,56.3420,15.6505,0.0225,-4.1855,97.0319,-0.0998,-0.0206,0.1867,0.3099,-0.0071,0.4578,7.1727,0.5366,0.0000,1,0,0,0,0,0.4256
150.7361,161.9584,0.0864,-100.2288,15.4793,55.7256,15.4793,0.0058,-3.3354,96.9821,-0.9709,-0.0264,0.1867,0.3099,-0.0329,-0.3182,15.1187,0.5352,0.0000,1,0,0,0,0,0.8994
150.7951,162.8578,0.0864,-100.3383,15.2214,54.7971,15.2214,0.0256,-4.3703,96.8258,-2.6474,-0.0342,0.1867,0.3099,-0.0639,-1.6596,22.7263,0.5342,0.0000,1,0,0,0,0,1.4348
150.8457,163.6190,0.0864,-100.4303,15.0490,54.1763,15.0489,0.0461,-3.4050,96.6804,-2.8707,-0.0420,0.1867,0.3099,-0.0805,-2.8997,24.4869,0.5339,0.0000,1,0,0,0,0,1.5658
150.8968,164.3767,0.0864,-100.5205,14.8333,53.3998,14.8331,0.0695,-4.2232,96.4589,-4.3382,-0.0459,0.1867,0.3099,-0.0983,-4.0269,22.0726,0.5337,0.0000,1,0,0,0,0,1.5376
150.9470,165.1113,0.0864,-100.6062,14.6605,52.7778,14.6603,0.0856,-3.4435,96.2574,-4.0152,-0.0479,0.1867,0.3099,-0.1089,-5.0832,21.0526,0.5336,0.0000,1,0,0,0,0,1.4803
151.0086,166.0014,0.0864,-100.7071,14.4013,51.8445,14.4009,0.1027,-4.2045,95.9336,-5.2512,-0.0499,0.1867,0.3099,-0.1182,-5.9856,14.6351,0.5335,0.0000,1,0,0,0,0,1.2118
151.0628,166.7709,0.0864,-100.7911,14.1851,51.0664,14.1847,0.1120,-3.9926,95.6506,-5.2277,-0.0518,0.1867,0.3099,-0.1243,-6.6489,12.2532,0.5335,0.0000,1,0,0,0,0,1.0896
151.1249,167.6409,0.0864,-100.8820,13.9689,50.2880,13.9684,0.1187,-3.4790,95.3568,-4.7267,-0.0557,0.1867,0.3099,-0.1309,-7.1744,8.4550,0.5335,0.0000,1,0,0,0,0,0.8598
151.1820,168.4273,0.0864,-100.9602,13.7094,49.3537,13.7088,0.1246,-4.5464,94.9885,-6.4523,-0.0596,0.1867,0.3099,-0.1398,-7.6706,8.6922,0.5335,0.0000,1,0,0,0,0,0.9777
151.2408,169.2247,0.0864,-101.0353,13.4930,48.5750,13.4924,0.1284,-3.6776,94.6701,-5.4127,-0.0596,0.1867,0.3099,-0.1451,-8.1286,7.7859,0.5335,0.0000,1,0,0,0,0,0.8759
151.2923,169.9122,0.0864,-101.0965,13.3200,47.9520,13.3194,0.1299,-3.3592,94.4130,-4.9917,-0.0596,0.1867,0.3099,-0.1471,-8.4467,6.1763,0.5335,0.0000,1,0,0,0,0,0.7668
151.3508,170.6801,0.0864,-101.1608,13.0603,47.0172,13.0596,0.1363,-4.4433,94.0279,-6.5890,-0.0596,0.1867,0.3099,-0.1484,-8.6660,3.7509,0.5335,0.0000,1,0,0,0,0,0.7309
151.4127,171.4803,0.0864,-101.2236,12.8439,46.2380,12.8431,0.1397,-3.4928,93.7100,-5.1303,-0.0596,0.1867,0.3099,-0.1488,-8.8002,2.1664,0.5335,0.0000,1,0,0,0,0,0.5685
151.4743,172.2607,0.0864,-101.2800,12.5842,45.3032,12.5835,0.1334,-4.2185,93.3305,-6.1656,-0.0616,0.1867,0.3099,-0.1518,-8.9146,1.8592,0.5335,0.0000,1,0,0,0,0,0.6049
151.5358,173.0261,0.0864,-101.3303,12.3678,44.5242,12.3672,0.1279,-3.5183,93.0130,-5.1625,-0.0655,0.1867,0.3099,-0.1558,-9.0634,2.4191,0.5335,0.0000,1,0,0,0,0,0.5763
151.5910,173.7006,0.0864,-101.3706,12.1514,43.7452,12.1508,0.1249,-3.9207,92.6878,-5.8911,-0.0675,0.1867,0.3099,-0.1623,-9.3024,4.3304,0.5335,0.0000,1,0,0,0,0,0.7221
151.6485,174.3911,0.0864,-101.4077,11.8918,42.8105,11.8912,0.1232,-4.5143,92.2872,-6.9668,-0.0714,0.1867,0.3099,-0.1699,-9.6399,5.8672,0.5335,0.0000,1,0,0,0,0,0.8684
151.7080,175.0927,0.0864,-101.4411,11.6755,42.0317,11.6748,0.1233,-3.6336,91.9416,-5.8032,-0.0753,0.1867,0.3099,-0.1789,-10.0597,7.0514,0.5335,0.0000,1,0,0,0,0,0.8726
151.7687,175.7933,0.0864,-101.4701,11.4591,41.2528,11.4584,0.1239,-3.5673,91.5859,-5.8657,-0.0792,0.1867,0.3099,-0.1869,-10.5186,7.5661,0.5335,0.0000,1,0,0,0,0,0.9084
151.8277,176.4615,0.0864,-101.4933,11.1994,40.3179,11.1987,0.1251,-4.3997,91.1428,-7.5067,-0.0812,0.1867,0.3099,-0.1971,-11.0811,9.5307,0.5335,0.0000,1,0,0,0,0,1.1141
151.8836,177.0821,0.0864,-101.5108,10.9831,39.5390,10.9824,0.1252,-3.8700,90.7679,-6.7052,-0.0831,0.1867,0.3099,-0.2024,-11.4863,7.2470,0.5335,0.0000,1,0,0,0,0,0.9461
151.9371,177.6647,0.0864,-101.5236,10.7666,38.7597,10.7659,0.1242,-4.0452,90.3910,-7.0436,-0.0831,0.1867,0.3099,-0.2055,-11.8904,7.5512,0.5335,0.0000,1,0,0,0,0,0.9839
151.9889,178.2181,0.0864,-101.5324,10.5935,38.1366,10.5928,0.1227,-3.3425,90.0912,-5.7885,-0.0831,0.1867,0.3099,-0.2066,-12.1090,4.2220,0.5335,0.0000,1,0,0,0,0,0.7299
152.0462,178.8177,0.0864,-101.5381,10.3770,37.3574,10.3764,0.1197,-3.7796,89.7204,-6.4748,-0.0831,0.1867,0.3099,-0.2073,-12.2534,2.5216,0.5335,0.0000,1,0,0,0,0,0.6729
152.0972,179.3414,0.0864,-101.5397,10.1608,36.5787,10.1601,0.1154,-4.2388,89.3587,-7.0897,-0.0792,0.1867,0.3099,-0.2032,-12.3174,1.2540,0.5335,0.0000,1,0,0,0,0,0.6339
152.1584,179.9556,0.0864,-101.5376,9.9443,35.7996,9.9437,0.1092,-3.5386,89.0156,-5.6098,-0.0733,0.1867,0.3099,-0.1943,-12.1031,3.5035,0.5335,0.0000,1,0,0,0,0,0.6710
152.2215,180.5740,0.0864,-101.5312,9.6848,34.8652,9.6843,0.0994,-4.1141,88.6353,-6.0276,-0.0675,0.1867,0.3099,-0.1804,-11.6513,7.1619,0.5335,0.0000,1,0,0,0,0,0.8868
152.2795,181.1293,0.0864,-101.5218,9.4686,34.0868,9.4681,0.0907,-3.7238,88.3439,-5.0187,-0.0636,0.1867,0.3099,-0.1698,-11.0132,10.9905,0.5335,0.0000,1,0,0,0,0,1.0331
152.3296,181.5976,0.0864,-101.5114,9.2524,33.3086,9.2520,0.0814,-4.3169,88.0782,-5.3047,-0.0557,0.1867,0.3099,-0.1557,-10.4402,11.4419,0.5335,0.0000,1,0,0,0,0,1.0624
152.3842,182.0967,0.0864,-101.4978,9.0362,32.5303,9.0359,0.0718,-3.9620,87.8400,-4.3652,-0.0499,0.1867,0.3099,-0.1413,-9.7100,13.3815,0.5335,0.0000,1,0,0,0,0,1.1052
152.4435,182.6266,0.0864,-101.4807,8.8201,31.7525,8.8199,0.0625,-3.6389,87.6274,-3.5816,-0.0440,0.1867,0.3099,-0.1277,-8.8984,13.6699,0.5335,0.0000,1,0,0,0,0,1.0648
152.5010,183.1255,0.0864,-101.4624,8.5699,30.8515,8.5697,0.0531,-4.3576,87.4432,-3.2083,-0.0420,-0.5093,0.3099,-0.1152,-8.0070,15.5205,0.4002,0.0000,1,0,0,0,0,1.1335
152.5592,183.6093,0.0864,-101.4427,8.0275,28.8988,8.0274,0.0400,-9.3227,87.2731,-2.9237,-0.0342,-0.0088,0.3099,-0.0989,-7.2665,12.7266,0.1698,0.0000,1,0,0,0,0,0.9441
152.6147,184.0444,0.0864,-101.4235,7.6387,27.4994,7.6387,0.0314,-7.0026,87.1509,-2.2001,-0.0323,0.3333,0.3099,-0.0889,-6.3857,15.8665,0.4605,0.0000,1,0,0,0,0,1.0653
152.6675,184.4441,0.0864,-101.4048,7.5222,27.0799,7.5221,0.0273,-2.2050,87.0516,-1.8782,-0.0264,0.4858,0.3099,-0.0803,-5.7784,11.4905,0.6955,0.0000,1,0,0,0,0,0.7971
152.7279,184.8971,0.0864,-101.3823,7.5391,27.1408,7.5391,0.0227,0.2808,86.9116,-2.3212,-0.0245,0.5914,0.3099,-0.0684,-5.0608,11.8939,0.8708,0.0000,1,0,0,0,0,0.8350
152.7922,185.3846,0.0864,-101.3568,7.6655,27.5957,7.6655,0.0194,1.9641,86.7843,-1.9796,-0.0206,0.6461,0.3099,-0.0587,-4.4311,9.7880,0.9452,0.0000,1,0,0,0,0,0.6918
152.8468,185.8061,0.0864,-101.3338,7.7776,27.9993,7.7776,0.0151,2.0509,86.7285,-1.0207,-0.0166,0.6950,0.3099,-0.0299,-3.4367,18.1931,0.9691,0.0000,1,0,0,0,0,1.0965
152.8978,186.2062,0.0864,-101.3113,7.9330,28.5587,7.9330,0.0082,3.0492,86.6927,-0.7018,-0.0127,0.7107,0.3099,-0.0128,-2.4746,18.8783,0.9849,0.0000,1,0,0,0,0,1.1033
152.9583,186.6903,0.0864,-101.2835,8.1305,29.2698,8.1305,0.0017,3.2680,86.6722,-0.3398,-0.0069,0.7107,0.3099,-0.0047,-1.3866,18.0019,0.9936,0.0000,1,0,0,0,0,1.0221
153.0183,187.1826,0.0864,-101.2548,8.2995,29.8782,8.2995,0.0019,2.8124,86.6628,-0.1564,-0.0029,0.7107,0.3099,-0.0020,-0.7448,10.6808,0.9969,0.0000,1,0,0,0,0,0.6055
153.0688,187.6047,0.0864,-101.2299,8.4360,30.3696,8.4360,0.0037,2.7035,86.6574,-0.1064,0.0049,0.7107,0.3099,-0.0010,-0.4448,5.9415,0.9982,0.0000,1,0,0,0,0,0.3426
153.1225,188.0617,0.0864,-101.2029,8.6075,30.9869,8.6075,0.0053,3.1974,86.6520,-0.1013,0.0088,0.7107,0.3099,-0.0004,-0.2426,3.7703,0.9991,0.0000,1,0,0,0,0,0.2243
153.1821,188.5800,0.0864,-101.1721,8.8140,31.7303,8.8140,0.0065,3.4644,86.6463,-0.0958,0.0166,0.7107,0.3099,-0.0002,-0.1195,2.0657,0.9996,0.0000,1,0,0,0,0,0.1311
153.2465,189.1530,0.0864,-101.1380,9.0207,32.4745,9.0207,0.0125,3.2066,86.6813,0.5425,0.0244,0.7107,0.3099,0.0335,0.2513,5.7511,0.9998,0.0000,1,0,0,0,0,0.3704
153.3029,189.6644,0.0864,-101.1077,9.1931,33.0952,9.1931,0.0227,3.0598,86.7710,1.5929,0.0342,0.7107,0.3099,0.0600,1.5411,22.8887,0.9999,0.0000,1,0,0,0,0,1.3971
153.3534,190.1311,0.0864,-101.0803,9.3310,33.5917,9.3310,0.0320,2.7305,86.8756,2.0708,0.0401,0.7107,0.3099,0.0771,2.7283,23.5059,1.0000,0.0000,1,0,0,0,0,1.4723
153.4086,190.6506,0.0864,-101.0505,9.5035,34.2124,9.5034,0.0439,3.1217,87.0404,2.9826,0.0459,0.7107,0.3099,0.0948,3.9610,22.3168,1.0000,0.0000,1,0,0,0,0,1.4747
153.4612,191.1540,0.0864,-101.0227,9.6759,34.8332,9.6757,0.0555,3.2803,87.2389,3.7766,0.0518,0.7107,0.3099,0.1101,5.1111,21.8784,1.0000,0.0000,1,0,0,0,0,1.5113
153.5144,191.6724,0.0864,-100.9953,9.8482,35.4535,9.8480,0.0673,3.2364,87.4718,4.3736,0.0557,0.7107,0.3099,0.1259,6.0140,16.9596,1.0000,0.0000,1,0,0,0,0,1.2877
153.5751,192.2741,0.0864,-100.9656,10.0205,36.0737,10.0202,0.0785,2.8397,87.7336,4.3156,0.0596,0.7107,0.3099,0.1377,6.9939,16.1518,1.0000,0.0000,1,0,0,0,0,1.2545
153.6289,192.8173,0.0864,-100.9409,10.1927,36.6937,10.1923,0.0888,3.2009,88.0188,5.3006,0.0616,0.7107,0.3099,0.1466,7.7600,14.2386,1.0000,0.0000,1,0,0,0,0,1.2162
153.6889,193.4341,0.0864,-100.9155,10.3649,37.3137,10.3645,0.0979,2.8694,88.3223,5.0558,0.0635,0.7107,0.3099,0.1532,8.4318,11.1921,1.0000,0.0000,1,0,0,0,0,1.0444
153.7480,194.0519,0.0864,-100.8934,10.5715,38.0573,10.5709,0.1073,3.4987,88.7032,6.4528,0.0635,0.7107,0.3099,0.1568,8.8826,7.6368,1.0000,0.0000,1,0,0,0,0,0.9350
153.8081,194.6919,0.0864,-100.8739,10.7436,38.6768,10.7430,0.1134,2.8628,89.0287,5.4161,0.0635,0.7107,0.3099,0.1579,9.1879,5.0781,1.0000,0.0000,1,0,0,0,0,0.7413
153.8651,195.3091,0.0864,-100.8587,10.9156,39.2962,10.9150,0.1185,3.0191,89.3595,5.8037,0.0635,0.7107,0.3099,0.1584,9.3448,2.7537,1.0000,0.0000,1,0,0,0,0,0.6382
153.9173,195.8844,0.0864,-100.8476,11.0876,39.9155,11.0870,0.1229,3.2907,89.6946,6.4101,0.0635,0.7107,0.3099,0.1586,9.4325,1.6770,1.0000,0.0000,1,0,0,0,0,0.6156
153.9694,196.4657,0.0864,-100.8395,11.2596,40.5347,11.2589,0.1270,3.3027,90.0337,6.5117,0.0635,0.7107,0.3099,0.1587,9.4734,0.7852,1.0000,0.0000,1,0,0,0,0,0.5746
154.0236,197.0794,0.0864,-100.8344,11.4315,41.1536,11.4308,0.1309,3.1736,90.3767,6.3313,0.0635,0.7107,0.3099,0.1588,9.5000,0.4914,1.0000,0.0000,1,0,0,0,0,0.5507
154.0807,197.7363,0.0864,-100.8327,11.6035,41.7726,11.6027,0.1345,3.0117,90.7234,6.0720,0.0635,0.7107,0.3099,0.1588,9.5138,0.2420,1.0000,0.0000,1,0,0,0,0,0.5247
154.1346,198.3655,0.0864,-100.8349,11.7754,42.3913,11.7746,0.1381,3.1890,91.0734,6.4952,0.0616,0.7107,0.3099,0.1580,9.5209,0.1320,1.0000,0.0000,1,0,0,0,0,0.5441
154.1868,198.9835,0.0864,-100.8405,11.9129,42.8865,11.9121,0.1393,2.6358,91.3480,5.2605,0.0538,0.7107,0.3099,0.1507,9.4313,1.7171,1.0000,0.0000,1,0,0,0,0,0.5630
154.2370,199.5857,0.0864,-100.8494,12.0848,43.5053,12.0840,0.1372,3.4230,91.6684,6.3821,0.0499,0.7107,0.3099,0.1376,9.0690,7.2140,1.0000,0.0000,1,0,0,0,0,0.9257
154.2871,200.1943,0.0864,-100.8615,12.2224,44.0005,12.2216,0.1329,2.7465,91.9034,4.6927,0.0440,0.7107,0.3099,0.1256,8.5551,10.2629,1.0000,0.0000,1,0,0,0,0,0.9940
154.3374,200.8138,0.0864,-100.8770,12.3943,44.6196,12.3937,0.1257,3.4157,92.1700,5.2945,0.0361,0.7107,0.3099,0.1102,7.9075,12.8601,1.0000,0.0000,1,0,0,0,0,1.1607
154.3886,201.4512,0.0864,-100.8960,12.5320,45.1152,12.5315,0.1176,2.6915,92.3559,3.6345,0.0303,0.7107,0.3099,0.0959,7.0730,16.3166,1.0000,0.0000,1,0,0,0,0,1.2492
154.4477,202.1985,0.0864,-100.9218,12.7386,45.8590,12.7382,0.1043,3.4924,92.5928,4.0045,0.0264,0.7107,0.3099,0.0789,6.0945,16.5391,1.0000,0.0000,1,0,0,0,0,1.2641
154.4994,202.8595,0.0864,-100.9473,12.8764,46.3549,12.8760,0.0950,2.6672,92.7262,2.5820,0.0205,0.7107,0.3099,0.0674,5.2828,15.7153,1.0000,0.0000,1,0,0,0,0,1.1272
154.5605,203.6530,0.0864,-100.9809,13.0830,47.0989,13.0828,0.0756,3.3784,92.8632,2.2396,0.0146,0.7107,0.3099,0.0320,4.1417,18.6539,1.0000,0.0000,1,0,0,0,0,1.2475
154.6110,204.3157,0.0864,-101.0108,13.2210,47.5955,13.2208,0.0607,2.7363,92.9091,0.9112,0.0107,0.7107,0.3099,0.0163,2.8958,24.7142,1.0000,0.0000,1,0,0,0,0,1.4925
154.6662,205.0503,0.0864,-101.0458,13.3933,48.2159,13.3933,0.0371,3.1216,92.9322,0.4169,0.0029,0.7107,0.3099,0.0070,1.7591,20.5899,1.0000,0.0000,1,0,0,0,0,1.2086
154.7165,205.7279,0.0864,-101.0791,13.5659,48.8371,13.5658,0.0238,3.4297,92.9385,0.1257,-0.0010,0.7107,0.3099,0.0030,1.0400,14.2935,1.0000,0.0000,1,0,0,0,0,0.8274
154.7738,206.5096,0.0864,-101.1180,13.7383,49.4579,13.7383,0.0176,3.0075,92.9388,0.0057,-0.0049,0.7107,0.3099,0.0013,0.5590,8.3878,1.0000,0.0000,1,0,0,0,0,0.4855
154.8280,207.2584,0.0864,-101.1555,13.9108,50.0790,13.9108,0.0135,3.1820,92.9365,-0.0439,-0.0069,0.7107,0.3099,0.0006,0.3062,4.6631,1.0000,0.0000,1,0,0,0,0,0.2761
154.8866,208.0768,0.0864,-101.1967,14.0833,50.6999,14.0833,0.0110,2.9465,92.9331,-0.0574,-0.0069,0.7107,0.3099,0.0002,0.1543,2.5956,1.0000,0.0000,1,0,0,0,0,0.1591
154.9406,208.8413,0.0864,-101.2353,14.2558,51.3208,14.2558,0.0094,3.1950,92.9292,-0.0718,-0.0088,0.7107,0.3099,0.0001,0.0786,1.4024,1.0000,0.0000,1,0,0,0,0,0.0918
154.9999,209.6921,0.0864,-101.2782,14.4283,51.9418,14.4283,0.0084,2.9054,92.9249,-0.0730,-0.0147,0.7107,0.3099,0.0000,0.0408,0.6367,1.0000,0.0000,1,0,0,0,0,0.0482
155.0585,210.5429,0.0864,-101.3211,14.6352,52.6869,14.6352,0.0079,3.5322,92.9198,-0.0865,-0.0186,0.7107,0.3099,0.0000,0.0201,0.3529,1.0000,0.0000,1,0,0,0,0,0.0325
155.1103,211.3027,0.0864,-101.3593,14.7733,53.1837,14.7733,0.0012,2.6672,92.8787,-0.7950,-0.0245,0.7107,0.3099,-0.0274,-0.3622,7.3889,1.0000,0.0000,1,0,0,0,0,0.4558
155.1623,212.0755,0.0864,-101.3980,14.9458,53.8047,14.9457,0.0209,3.3152,92.7661,-2.1636,-0.0264,0.7107,0.3099,-0.0480,-1.3458,18.9029,1.0000,0.0000,1,0,0,0,0,1.1913
155.2126,212.8305,0.0864,-101.4350,15.1182,54.4257,15.1182,0.0412,3.4286,92.6118,-3.0664,-0.0303,0.7107,0.3099,-0.0610,-2.2429,17.8320,1.0000,0.0000,1,0,0,0,0,1.2019
155.2629,213.5934,0.0864,-101.4713,15.2562,54.9222,15.2561,0.0570,2.7424,92.4634,-2.9502,-0.0323,0.7107,0.2610,-0.0702,-3.0889,16.8205,1.0000,0.0000,1,0,0,0,0,1.1544
155.3143,214.3800,0.0864,-101.5071,15.3518,55.2663,15.3516,0.0749,1.8612,92.2505,-4.1462,-0.0362,0.7107,-0.1789,-0.0804,-3.7609,13.0854,1.0000,0.0367,1,0,0,0,0,1.2140
155.3659,215.1543,0.0864,-101.5402,14.4791,52.1246,14.4788,0.0821,-16.8862,92.0635,-3.6185,-0.0401,0.7107,-0.5973,-0.0880,-4.3465,11.3305,1.0000,0.2420,1,0,0,0,0,2.1257
155.4175,215.8177,0.0864,-101.5666,11.3636,40.9090,11.3634,0.0704,-60.4602,91.8257,-4.6142,-0.0440,0.7107,-0.8827,-0.0992,-4.9834,12.3590,1.0000,0.5772,1,0,0,0,0,3.9219
155.4679,216.3017,0.0864,-101.5841,7.6786,27.6429,7.6785,0.0451,-73.0715,91.6131,-4.2154,-0.0479,0.7107,-0.9355,-0.1091,-5.5691,11.6158,1.0000,0.7819,1,1,0,0,0,24.8771
155.5304,216.6893,0.0864,-101.5965,4.8195,17.3502,4.8194,0.0235,-45.7453,91.4297,-2.9351,-0.0557,0.7107,-0.9629,-0.1238,-6.2755,11.3024,1.0000,0.8861,1,1,0,0,0,25.2948
155.5888,216.9041,0.0864,-101.6024,2.6850,9.6661,2.6850,0.0082,-36.5714,91.2358,-3.3218,-0.0636,0.7107,-0.9629,-0.1417,-7.1787,15.4743,1.0000,0.9371,1,1,0,0,0,25.7760
155.6413,217.0228,0.0864,-101.6051,1.8403,6.6250,1.8403,0.0031,-16.0885,91.1158,-2.2860,-0.0675,0.7107,-0.9629,-0.1545,-7.9380,14.4619,1.0000,0.9504,1,1,0,0,0,25.7079
155.6946,217.1010,0.0864,-101.6065,1.1902,4.2847,1.1902,0.0001,-12.1973,90.9703,-2.7283,-0.0733,0.7107,-0.9629,-0.1685,-8.8254,16.6484,1.0000,0.9579,1,1,0,0,0,25.8676
155.7531,217.1580,0.0864,-101.6073,0.8170,2.9414,0.8170,0.0014,-6.3715,90.8256,-2.4711,-0.0792,0.7107,-0.9629,-0.1824,-9.7262,15.3821,1.0000,0.9608,1,0,0,0,0,5.8224
155.8034,217.1930,0.0864,-101.6076,0.6040,2.1743,0.6040,0.0019,-4.2405,90.6785,-2.9280,-0.0812,0.7107,-0.9629,-0.1937,-10.4408,14.2215,1.0000,0.9621,1,0,0,0,0,5.8091
155.8538,217.2206,0.0864,-101.6077,0.5019,1.8067,0.5018,0.0019,-2.0269,90.5589,-2.3737,-0.0831,0.7107,-0.9629,-0.2006,-11.1889,14.8473,1.0000,0.9625,1,0,0,0,0,5.8269
155.9056,217.2442,0.0864,-101.6078,0.4246,1.5286,0.4246,0.0019,-1.4911,90.4084,-2.9049,-0.0831,0.7107,-0.9629,-0.2047,-11.6334,8.5816,1.0000,0.9627,1,0,0,0,0,5.4516
155.9654,217.2681,0.0864,-101.6077,0.3807,1.3705,0.3807,0.0019,-0.7345,90.2579,-2.5175,-0.0831,0.7107,-0.9629,-0.2065,-12.0216,6.4916,1.0000,0.9628,1,0,0,0,0,5.3145
156.0247,217.2897,0.0864,-101.6076,0.3522,1.2678,0.3522,0.0019,-0.4808,90.0775,-3.0406,-0.0831,0.7107,-0.9629,-0.2073,-12.2289,3.4943,1.0000,0.9628,1,0,0,0,0,5.1772
156.0754,217.3072,0.0864,-101.6074,0.3414,1.2292,0.3414,0.0019,-0.2114,89.9574,-2.3692,-0.0831,0.7107,-0.9629,-0.2075,-12.3334,2.0609,1.0000,0.9628,1,0,0,0,0,5.0604
156.1258,217.3242,0.0864,-101.6073,0.3333,1.2000,0.3333,0.0019,-0.1611,89.8075,-2.9746,-0.0831,0.7107,-0.9629,-0.2077,-12.3915,1.1537,1.0000,0.9629,1,0,0,0,0,5.0436
156.1758,217.3407,0.0864,-101.6070,0.3295,1.1863,0.3295,0.0019,-0.0762,89.6876,-2.3951,-0.0831,0.7107,-0.9629,-0.2077,-12.4248,0.6660,1.0000,0.9629,1,0,0,0,0,4.9843
156.2345,217.3600,0.0864,-101.6067,0.3262,1.1743,0.3262,0.0019,-0.0566,89.5079,-3.0603,-0.0831,0.7107,-0.9629,-0.2078,-12.4468,0.3733,1.0000,0.9629,1,0,0,0,0,5.0050
156.2947,217.3795,0.0864,-101.6063,0.3247,1.1690,0.3247,0.0019,-0.0242,89.3601,-2.4565,-0.0792,0.7107,-0.9629,-0.2030,-12.4016,0.7501,1.0000,0.9629,1,0,0,0,0,4.9924
156.3543,217.3989,0.0864,-101.6059,0.3239,1.1662,0.3239,0.0019,-0.0133,89.2167,-2.4084,-0.0753,0.7107,-0.9629,-0.1959,-12.1506,4.2159,1.0000,0.9629,1,0,0,0,0,5.1823
156.4053,217.4153,0.0864,-101.6055,0.3234,1.1643,0.3234,0.0019,-0.0103,89.0794,-2.6914,-0.0694,0.7107,-0.9629,-0.1860,-11.8280,6.3222,1.0000,0.9629,1,0,0,0,0,5.3151
156.4587,217.4326,0.0864,-101.6050,0.3231,1.1633,0.3231,0.0019,-0.0053,88.9488,-2.4454,-0.0675,0.7107,-0.9629,-0.1770,-11.3627,8.7169,1.0000,0.9629,1,0,0,0,0,5.4344
156.5157,217.4510,0.0864,-101.6045,0.3230,1.1627,0.3230,0.0020,-0.0027,88.8242,-2.1851,-0.0636,0.7107,-0.9609,-0.1684,-10.8896,8.2931,1.0000,0.9625,1,0,0,0,0,5.3948
156.5667,217.4675,0.0864,-101.6040,0.3240,1.1665,0.3240,0.0020,0.0206,88.7056,-2.3243,-0.0596,0.7107,-0.9199,-0.1598,-10.3934,9.7269,1.0000,0.9477,1,0,0,0,0,5.4079
156.6273,217.4873,0.0864,-101.6033,0.3321,1.1955,0.3321,0.0020,0.1327,88.5933,-1.8530,-0.0557,0.7107,-0.7830,-0.1506,-9.8190,9.4773,1.0000,0.8743,1,0,0,0,0,5.0008
156.6812,217.5057,0.0864,-101.6027,0.3531,1.2712,0.3531,0.0021,0.3907,88.4864,-1.9847,-0.0538,0.7107,-0.5640,-0.1434,-9.3159,9.3405,1.0000,0.7456,1,0,0,0,0,4.3573
156.7447,217.5272,0.0864,-101.6019,0.1046,0.3765,0.1046,0.0017,-3.9117,88.3644,-1.9203,-0.0518,0.7107,-0.4116,-0.1353,-8.8302,7.6431,1.0000,0.5441,1,0,0,0,0,3.2519
156.8032,217.5282,0.0864,-101.6018,0.0000,0.0001,0.0000,0.0000,-1.7876,88.2767,-1.4996,-0.0479,0.7107,-0.3451,-0.1279,-8.3318,8.5227,1.0000,0.4370,1,0,0,0,0,2.7416
156.8625,217.5282,0.0864,-101.6018,0.0000,0.0001,0.0000,0.0000,0.0000,88.1961,-1.3587,-0.0440,0.7107,-0.2981,-0.1197,-7.8467,8.1802,1.0000,0.3655,1,0,0,0,0,2.3575
156.9229,217.5282,0.0864,-101.6018,0.0000,0.0001,0.0000,0.0000,0.0000,88.1059,-1.4934,-0.0420,0.7107,-0.2610,-0.1111,-7.3682,7.9190,1.0000,0.3044,1,0,0,0,0,2.0449
156.9827,217.5282,0.0864,-101.6018,0.0000,0.0001,0.0000,0.0000,0.0000,88.0359,-1.1700,-0.0381,0.7107,-0.2004,-0.1035,-6.8769,8.2176,1.0000,0.2545,1,0,0,0,0,1.7938
157.0339,217.5282,0.0864,-101.6018,0.0000,0.0001,0.0000,0.0000,0.0000,87.9716,-1.2576,-0.0342,0.7107,-0.1105,-0.0947,-6.4426,8.4860,1.0000,0.1862,1,0,0,0,0,1.4722
157.0928,217.5282,0.0864,-101.6018,0.0000,0.0001,0.0000,0.0000,0.0000,87.9122,-1.0078,-0.0323,0.7107,-0.0753,-0.0875,-5.9421,8.4948,1.0000,0.1243,1,0,0,0,0,1.1494
157.1540,217.5282,0.0864,-101.6018,0.0000,0.0001,0.0000,0.0000,0.0000,87.8466,-1.0716,-0.0284,0.7107,-0.0733,-0.0794,-5.4832,7.5010,1.0000,0.0904,1,0,0,0,0,0.9283
157.2091,217.5282,0.0864,-101.6018,0.0000,0.0001,0.0000,0.0000,0.0000,87.8066,-0.7257,-0.0264,0.7107,-0.0733,-0.0738,-5.0553,7.7610,1.0000,0.0816,1,0,0,0,0,0.8793
157.2607,217.5282,0.0864,-101.6018,0.0017,0.0063,0.0011,0.0013,0.0332,87.7585,-0.9329,-0.0245,0.7107,-0.0733,-0.0680,-4.6777,7.3202,1.0000,0.0766,1,0,0,0,0,0.8416
157.3167,217.5285,0.0864,-101.6016,0.0072,0.0260,0.0071,0.0012,0.0979,87.7080,-0.9014,-0.0225,0.7107,-0.0733,-0.0633,-4.2844,7.0224,1.0000,0.0746,1,0,0,0,0,0.8134
157.3777,217.5291,0.0864,-101.6015,0.0138,0.0497,0.0138,0.0012,0.1081,87.6536,-0.8921,-0.0225,0.7107,-0.0714,-0.0588,-3.9574,5.3647,1.0000,0.0734,1,0,0,0,0,0.7147
157.4386,217.5301,0.0864,-101.6013,0.0193,0.0695,0.0193,0.0012,0.0900,87.6109,-0.7012,-0.0206,0.7107,0.0518,-0.0554,-3.6851,4.4690,1.0000,0.0371,1,0,0,0,0,0.4725
157.4976,217.5314,0.0864,-101.6011,0.0250,0.0900,0.0250,0.0012,0.0966,87.5797,-0.5295,-0.0166,0.7107,0.2277,-0.0279,-3.0653,10.5014,1.0000,0.0149,1,0,0,0,0,0.6874
157.5575,217.5331,0.0864,-101.6008,0.0320,0.1154,0.0320,0.0012,0.1176,87.5616,-0.3006,-0.0147,0.7107,0.2942,-0.0101,-1.9737,18.2216,1.0000,0.0050,1,0,0,0,0,1.0540
157.6181,217.5352,0.0864,-101.6006,0.0380,0.1367,0.0379,0.0013,0.0978,87.5531,-0.1411,-0.0147,0.7107,0.2981,-0.0044,-1.1358,13.8386,1.0000,0.0020,1,0,0,0,0,0.7867
157.6775,217.5377,0.0864,-101.6004,0.0451,0.1623,0.0451,0.0013,0.1199,87.5458,-0.1228,-0.0147,0.7107,0.2981,-0.0016,-0.6169,8.7367,1.0000,0.0007,1,0,0,0,0,0.4956
157.7300,217.5401,0.0864,-101.6001,0.0499,0.1795,0.0498,0.0013,0.0909,87.5418,-0.0767,-0.0147,0.7107,0.2981,-0.0008,-0.3398,5.2746,1.0000,0.0003,1,0,0,0,0,0.2989
157.7814,217.5429,0.0864,-101.5999,0.0558,0.2010,0.0558,0.0014,0.1160,87.5370,-0.0926,-0.0147,0.7107,0.2981,-0.0003,-0.1968,2.7810,1.0000,0.0001,1,0,0,0,0,0.1603
157.8416,217.5464,0.0864,-101.5996,0.0618,0.2226,0.0618,0.0014,0.0998,87.5325,-0.0751,-0.0147,0.7107,0.2981,-0.0001,-0.0996,1.6176,1.0000,0.0001,1,0,0,0,0,0.0943
157.9007,217.5503,0.0864,-101.5992,0.0689,0.2482,0.0689,0.0015,0.1203,87.5272,-0.0898,-0.0147,0.7107,0.2981,-0.0001,-0.0486,0.8620,1.0000,0.0000,1,0,0,0,0,0.0530
157.9508,217.5538,0.0864,-101.5989,0.0737,0.2653,0.0737,0.0015,0.0951,87.5237,-0.0706,-0.0147,0.7107,0.2981,0.0000,-0.0270,0.4311,1.0000,0.0000,1,0,0,0,0,0.0279
158.0013,217.5577,0.0864,-101.5986,0.0797,0.2870,0.0797,0.0015,0.1192,87.5193,-0.0865,-0.0147,0.7107,0.2981,0.0000,-0.0146,0.2448,1.0000,0.0000,1,0,0,0,0,0.0184
158.0614,217.5627,0.0864,-101.5983,0.0857,0.3084,0.0857,0.0016,0.0991,87.5149,-0.0735,-0.0147,0.7107,0.2981,0.0000,-0.0073,0.1220,1.0000,0.0000,1,0,0,0,0,0.0109
158.1129,217.5672,0.0864,-101.5979,0.0917,0.3300,0.0917,0.0016,0.1167,87.5105,-0.0855,-0.0127,0.7107,0.2981,0.0000,-0.0038,0.0677,1.0000,0.0000,1,0,0,0,0,0.0085
158.1714,217.5727,0.0864,-101.5975,0.0976,0.3514,0.0976,0.0017,0.1015,87.5061,-0.0756,-0.0069,0.7107,0.2981,0.0000,-0.0018,0.0339,1.0000,0.0000,1,0,0,0,0,0.0061
158.2240,217.5780,0.0864,-101.5971,0.1036,0.3730,0.1036,0.0016,0.1142,87.5017,-0.0842,-0.0049,0.7107,0.2981,0.0000,-0.0009,0.0166,1.0000,0.0000,1,0,0,0,0,0.0056
158.2767,217.5836,0.0864,-101.5967,0.1096,0.3945,0.1096,0.0017,0.1129,87.4973,-0.0827,-0.0029,0.7107,0.2981,0.0000,-0.0005,0.0086,1.0000,0.0000,1,0,0,0,0,0.0051
158.3346,217.5901,0.0864,-101.5963,0.1156,0.4160,0.1155,0.0017,0.1032,87.4929,-0.0765,-0.0029,0.7107,0.2981,0.0000,-0.0002,0.0044,1.0000,0.0000,1,0,0,0,0,0.0045
158.3857,217.5961,0.0864,-101.5959,0.1203,0.4332,0.1203,0.0017,0.0935,87.4894,-0.0681,-0.0029,0.7107,0.2981,0.0000,-0.0001,0.0022,1.0000,0.0000,1,0,0,0,0,0.0039
158.4457,217.6035,0.0864,-101.5954,0.1275,0.4592,0.1275,0.0018,0.1203,87.4841,-0.0880,-0.0029,0.7107,0.2981,0.0000,-0.0001,0.0011,1.0000,0.0000,1,0,0,0,0,0.0049
158.5055,217.6113,0.0864,-101.5948,0.1335,0.4808,0.1335,0.0018,0.1003,87.4797,-0.0735,-0.0029,0.7107,0.2981,0.0000,0.0000,0.0005,1.0000,0.0000,1,0,0,0,0,0.0041
158.5682,217.6199,0.0864,-101.5943,0.1407,0.5065,0.1407,0.0018,0.1142,87.4744,-0.0838,-0.0010,0.7009,0.2981,0.0000,0.0000,0.0002,1.0000,0.0000,1,0,0,0,0,0.0047
158.6245,217.6280,0.0864,-101.5938,0.1466,0.5279,0.1466,0.0019,0.1057,87.4700,-0.0786,-0.0010,0.6520,0.2981,0.0000,0.0000,0.0001,1.0000,0.0000,1,0,0,0,0,0.0044
158.6752,217.6355,0.0864,-101.5933,0.1527,0.5495,0.1526,0.0019,0.1182,87.4656,-0.0859,-0.0010,0.6031,0.2981,0.0000,0.0000,0.0001,1.0000,0.0000,1,0,0,0,0,0.0048
158.7335,217.6446,0.0864,-101.5927,0.1586,0.5710,0.1586,0.0019,0.1024,87.4612,-0.0765,0.0029,0.5464,0.2981,0.0000,0.0000,0.0000,1.0000,0.0000,1,0,0,0,0,0.0043
158.7892,217.6535,0.0864,-101.5921,0.1646,0.5925,0.1646,0.0020,0.1072,87.4568,-0.0789,0.0029,0.4917,0.2981,0.0000,0.0000,0.0000,1.0000,0.0000,1,0,0,0,0,0.0044
158.8394,217.6619,0.0864,-101.5916,0.1693,0.6097,0.1693,0.0020,0.0947,87.4533,-0.0693,0.0049,0.4546,0.2981,0.0000,0.0000,0.0000,1.0000,0.0000,1,0,0,0,0,0.0039
158.8922,217.6710,0.0864,-101.5910,0.1753,0.6311,0.1753,0.0020,0.1128,87.4489,-0.0837,0.0068,0.4194,0.2981,0.0000,0.0000,0.0000,1.0000,0.0000,1,0,0,0,0,0.0047
158.9488,217.6811,0.0864,-101.5904,0.1814,0.6529,0.1813,0.0020,0.1069,87.4445,-0.0766,0.0068,0.4076,0.2981,0.0000,0.0000,0.0000,1.0000,0.0000,1,0,0,0,0,0.0043
159.0002,217.6905,0.0864,-101.5898,0.1873,0.6744,0.1873,0.0021,0.1165,87.4401,-0.0867,0.0068,0.4057,0.2981,0.0000,0.0000,0.0000,1.0000,0.0000,1,0,0,0,0,0.0048
159.0573,217.7014,0.0864,-101.5891,0.1933,0.6959,0.1933,0.0021,0.1046,87.4358,-0.0765,0.0068,0.4057,0.2981,0.0000,0.0000,0.0000,1.0000,0.0000,1,0,0,0,0,0.0042
159.1194,217.7135,0.0864,-101.5884,0.2005,0.7218,0.2005,0.0021,0.1159,87.4305,-0.0845,0.0068,0.4057,0.2981,0.0000,0.0000,0.0000,1.0000,0.0000,1,0,0,0,0,0.0047
159.1768,217.7252,0.0864,-101.5877,0.2064,0.7432,0.2064,0.0022,0.1033,87.4261,-0.0765,0.0068,0.4213,0.2981,0.0000,0.0000,0.0000,1.0000,0.0000,1,0,0,0,0,0.0042
159.2284,217.7360,0.0864,-101.5870,0.2112,0.7604,0.2112,0.0022,0.0927,87.4226,-0.0675,0.0068,0.4428,0.2981,0.0000,0.0000,0.0000,1.0000,0.0000,1,0,0,0,0,0.0037
159.2821,217.7475,0.0864,-101.5863,0.2172,0.7820,0.2172,0.0022,0.1116,87.4182,-0.0824,0.0068,0.4487,0.2981,0.0000,0.0000,0.0000,1.0000,0.0000,1,0,0,0,0,0.0046
159.3410,217.7604,0.0864,-101.5855,0.2244,0.8078,0.2244,0.0023,0.1217,87.4130,-0.0885,0.0068,0.4487,0.2981,0.0000,0.0000,0.0000,1.0000,0.0000,1,0,0,0,0,0.0049
159.3940,217.7724,0.0864,-101.5848,0.2291,0.8249,0.2291,0.0023,0.0900,87.4095,-0.0663,0.0068,0.4526,0.2981,0.0000,0.0000,0.0000,1.0000,0.0000,1,0,0,0,0,0.0037
159.4449,217.7842,0.0864,-101.5841,0.2352,0.8468,0.2352,0.0023,0.1191,87.4051,-0.0863,0.0068,0.4546,0.2981,0.0000,0.0000,0.0000,1.0000,0.0000,1,0,0,0,0,0.0048
159.5043,217.7983,0.0864,-101.5832,0.2411,0.8681,0.2411,0.0023,0.0998,87.4007,-0.0729,0.0068,0.4252,0.2981,0.0000,0.0000,0.0000,1.0000,0.0000,1,0,0,0,0,0.0041
159.5660,217.8134,0.0864,-101.5823,0.2456,0.8842,0.2456,0.0024,0.0726,87.3955,-0.0856,0.0068,0.3138,0.3001,0.0000,0.0000,0.0000,0.9833,0.0000,1,0,0,0,0,0.0048
159.6281,217.8270,0.0864,-101.5815,0.1808,0.6509,0.1808,0.0021,-1.0436,87.3911,-0.0703,0.0068,0.2063,0.3001,0.0000,0.0000,0.0000,0.8266,0.0000,1,0,0,0,0,0.0039
159.6817,217.8316,0.0864,-101.5811,0.0014,0.0050,0.0003,0.0014,-3.3487,87.3857,-0.1008,0.0068,0.1398,0.3001,0.0000,0.0000,0.0000,0.6326,0.0000,1,0,0,0,0,0.0056
159.7337,217.8316,0.0864,-101.5811,0.0004,0.0016,-0.0001,0.0004,-0.0183,87.3836,-0.0404,0.0068,0.0929,0.3001,0.0000,0.0000,0.0000,0.4621,0.0000,1,0,0,0,0,0.0022
159.7861,217.8316,0.0864,-101.5810,0.0003,0.0011,-0.0001,0.0003,-0.0026,87.3822,-0.0274,0.0068,0.0655,0.3001,0.0000,0.0000,0.0000,0.3362,0.0000,1,0,0,0,0,0.0015
159.8376,217.8316,0.0864,-101.5810,0.0002,0.0008,-0.0001,0.0002,-0.0016,87.3814,-0.0148,0.0068,0.0577,0.3001,0.0000,0.0000,0.0000,0.2631,0.0000,1,0,0,0,0,0.0008
159.8898,217.8316,0.0864,-101.5810,0.0002,0.0006,0.0000,0.0001,-0.0013,87.3807,-0.0140,0.0068,0.0459,0.3001,0.0000,0.0000,0.0000,0.1990,0.0000,1,0,0,0,0,0.0008
159.9496,217.8316,0.0864,-101.5810,0.0001,0.0004,0.0000,0.0001,-0.0006,87.3801,-0.0087,0.0068,0.0459,0.3001,0.0000,0.0000,0.0000,0.1644,0.0000,1,0,0,0,0,0.0005
160.0005,217.8316,0.0864,-101.5810,0.0001,0.0003,0.0000,0.0001,-0.0004,87.3797,-0.0084,0.0068,0.0459,0.3001,0.0000,0.0000,0.0000,0.1475,0.0000,1,0,0,0,0,0.0005
160.0593,217.8316,0.0864,-101.5810,0.0001,0.0003,0.0000,0.0001,-0.0001,87.3793,-0.0067,0.0068,0.0499,0.3001,0.0000,0.0000,0.0000,0.1407,0.0000,1,0,0,0,0,0.0004
160.1107,217.8316,0.0864,-101.5810,0.0001,0.0004,0.0000,0.0001,0.0004,87.3789,-0.0077,0.0068,0.0733,0.3001,0.0000,0.0000,0.0000,0.1613,0.0000,1,0,0,0,0,0.0004
160.1706,217.8316,0.0864,-101.5809,0.0002,0.0007,0.0000,0.0002,0.0012,87.3782,-0.0112,0.0068,0.1203,0.3001,0.0000,0.0000,0.0000,0.2257,0.0000,1,0,0,0,0,0.0006
160.2305,217.8316,0.0864,-101.5809,0.0003,0.0012,-0.0001,0.0003,0.0025,87.3769,-0.0219,0.0068,0.1926,0.3001,0.0000,0.0000,0.0000,0.3638,0.0000,1,0,0,0,0,0.0012
160.2839,217.8316,0.0864,-101.5809,0.0005,0.0017,-0.0001,0.0005,0.0027,87.3755,-0.0263,0.0068,0.2473,0.3001,0.0000,0.0000,0.0000,0.4962,0.0000,1,0,0,0,0,0.0015
160.3430,217.8316,0.0864,-101.5808,0.0009,0.0032,0.0001,0.0009,0.0068,87.3717,-0.0646,0.0068,0.3842,0.3001,0.0000,0.0000,0.0000,0.7420,0.0000,1,0,0,0,0,0.0036
160.3956,217.8316,0.0864,-101.5807,0.0012,0.0044,0.0002,0.0012,0.0065,87.3648,-0.1321,0.0068,0.4663,0.3001,0.0000,0.0000,0.0000,0.8737,0.0000,1,0,0,0,0,0.0073
160.4523,217.8317,0.0864,-101.5805,0.0014,0.0050,0.0003,0.0014,0.0031,87.3561,-0.1529,0.0068,0.5973,0.3001,0.0000,0.0000,0.0000,0.9382,0.0000,1,0,0,0,0,0.0085
160.5028,217.8318,0.0864,-101.5804,0.0015,0.0053,0.0004,0.0014,0.0015,87.3486,-0.1498,0.0068,0.6794,0.3001,0.0000,0.0000,0.0000,0.9651,0.0000,1,0,0,0,0,0.0083
160.5536,217.8318,0.0864,-101.5802,0.0015,0.0055,0.0004,0.0015,0.0010,87.3387,-0.1946,0.0068,0.7263,0.3001,0.0000,0.0000,0.0000,0.9829,0.0000,1,0,0,0,0,0.0108
160.6124,217.8319,0.0864,-101.5800,0.0016,0.0056,0.0005,0.0015,0.0007,87.3286,-0.1720,0.0068,0.7498,0.3001,0.0000,0.0000,0.0000,0.9916,0.0000,1,0,0,0,0,0.0096
160.6631,217.8320,0.0864,-101.5799,0.0031,0.0111,0.0028,0.0013,0.0303,87.3185,-0.1974,0.0068,0.7498,0.3001,0.0000,0.0000,0.0000,0.9959,0.0000,1,0,0,0,0,0.0110
160.7143,217.8322,0.0864,-101.5797,0.0061,0.0221,0.0060,0.0012,0.0594,87.3124,-0.1203,0.0068,0.7498,0.3001,0.0000,0.0000,0.0000,0.9977,0.0000,1,0,0,0,0,0.0067
160.7724,217.8327,0.0864,-101.5796,0.0121,0.0435,0.0120,0.0012,0.1023,87.3054,-0.1197,0.0068,0.7498,0.3001,0.0000,0.0000,0.0000,0.9990,0.0000,1,0,0,0,0,0.0067
160.8272,217.8335,0.0864,-101.5794,0.0164,0.0592,0.0164,0.0012,0.0795,87.3011,-0.0790,0.0068,0.7498,0.3001,0.0000,0.0000,0.0000,0.9994,0.0000,1,0,0,0,0,0.0044
160.8774,217.8344,0.0864,-101.5792,0.0222,0.0798,0.0221,0.0012,0.1142,87.2962,-0.0985,0.0068,0.7498,0.3001,0.0000,0.0000,0.0000,0.9997,0.0000,1,0,0,0,0,0.0055
160.9371,217.8359,0.0864,-101.5790,0.0280,0.1008,0.0280,0.0012,0.0978,87.2917,-0.0757,0.0068,0.7498,0.3001,0.0000,0.0000,0.0000,0.9999,0.0000,1,0,0,0,0,0.0042
160.9908,217.8376,0.0864,-101.5788,0.0340,0.1223,0.0339,0.0012,0.1112,87.2873,-0.0824,0.0068,0.7498,0.3001,0.0000,0.0000,0.0000,0.9999,0.0000,1,0,0,0,0,0.0046
161.0464,217.8397,0.0864,-101.5786,0.0399,0.1435,0.0398,0.0013,0.1059,87.2829,-0.0790,0.0068,0.7498,0.3001,0.0000,0.0000,0.0000,1.0000,0.0000,1,0,0,0,0,0.0044
161.1063,217.8422,0.0864,-101.5783,0.0470,0.1692,0.0470,0.0013,0.1193,87.2776,-0.0886,0.0068,0.7517,0.3001,0.0000,0.0000,0.0000,1.0000,0.0000,1,0,0,0,0,0.0049
161.1587,217.8448,0.0864,-101.5780,0.0518,0.1865,0.0518,0.0013,0.0913,87.2741,-0.0664,0.0068,0.7674,0.3001,0.0000,0.0000,0.0000,1.0000,0.0000,1,0,0,0,0,0.0037
161.2101,217.8476,0.0864,-101.5778,0.0577,0.2078,0.0577,0.0014,0.1153,87.2697,-0.0862,0.0068,0.7869,0.3001,0.0000,0.0000,0.0000,1.0000,0.0000,1,0,0,0,0,0.0048
161.2700,217.8512,0.0864,-101.5774,0.0638,0.2296,0.0638,0.0014,0.1012,87.2653,-0.0733,0.0068,0.8299,0.3001,0.0000,0.0000,0.0000,1.0000,0.0000,1,0,0,0,0,0.0041
161.3231,217.8548,0.0864,-101.5771,0.0697,0.2509,0.0697,0.0015,0.1111,87.2609,-0.0828,0.0068,0.8729,0.3001,0.0000,0.0000,0.0000,1.0000,0.0000,1,0,0,0,0,0.0046
161.3822,217.8591,0.0864,-101.5768,0.0756,0.2723,0.0756,0.0015,0.1006,87.2565,-0.0749,0.0068,0.8827,0.3001,0.0000,0.0000,0.0000,1.0000,0.0000,1,0,0,0,0,0.0042
161.4328,217.8631,0.0864,-101.5764,0.0816,0.2938,0.0816,0.0015,0.1183,87.2521,-0.0862,0.0068,0.8827,0.3001,0.0000,0.0000,0.0000,1.0000,0.0000,1,0,0,0,0,0.0048
161.4937,217.8682,0.0864,-101.5760,0.0876,0.3155,0.0876,0.0016,0.0988,87.2477,-0.0727,0.0068,0.8827,0.3001,0.0000,0.0000,0.0000,1.0000,0.0000,1,0,0,0,0,0.0040
161.5444,217.8728,0.0864,-101.5757,0.0936,0.3369,0.0936,0.0016,0.1175,87.2433,-0.0862,0.0068,0.8827,0.3001,0.0000,0.0000,0.0000,1.0000,0.0000,1,0,0,0,0,0.0048
161.6005,217.8782,0.0864,-101.5752,0.0996,0.3585,0.0996,0.0017,0.1068,87.2389,-0.0783,0.0068,0.8827,0.3001,0.0000,0.0000,0.0000,1.0000,0.0000,1,0,0,0,0,0.0043
161.6541,217.8837,0.0864,-101.5748,0.1055,0.3800,0.1055,0.0016,0.1111,87.2345,-0.0820,0.0068,0.8847,0.3001,0.0000,0.0000,0.0000,1.0000,0.0000,1,0,0,0,0,0.0046
161.7049,217.8892,0.0864,-101.5744,0.1115,0.4016,0.1115,0.0017,0.1182,87.2302,-0.0853,0.0068,0.8847,0.3001,0.0000,0.0000,0.0000,1.0000,0.0000,1,0,0,0,0,0.0047
161.7647,217.8960,0.0864,-101.5739,0.1175,0.4230,0.1175,0.0017,0.0998,87.2258,-0.0740,0.0068,0.8847,0.3001,0.0000,0.0000,0.0000,1.0000,0.0000,1,0,0,0,0,0.0041
161.8244,217.9032,0.0864,-101.5734,0.1235,0.4444,0.1234,0.0017,0.0996,87.2214,-0.0731,0.0088,0.8847,0.3001,0.0000,0.0000,0.0000,1.0000,0.0000,1,0,0,0,0,0.0041
161.8777,217.9099,0.0864,-101.5729,0.1294,0.4660,0.1294,0.0018,0.1124,87.2170,-0.0819,0.0088,0.8847,0.3001,0.0000,0.0000,0.0000,1.0000,0.0000,1,0,0,0,0,0.0046
161.9370,217.9178,0.0864,-101.5723,0.1355,0.4876,0.1354,0.0018,0.1013,87.2126,-0.0740,0.0088,0.8847,0.3001,0.0000,0.0000,0.0000,1.0000,0.0000,1,0,0,0,0,0.0041
161.9871,217.9247,0.0864,-101.5719,0.1414,0.5092,0.1414,0.0018,0.1197,87.2083,-0.0866,0.0088,0.8847,0.3001,0.0000,0.0000,0.0000,1.0000,0.0000,1,0,0,0,0,0.0048
162.0547,217.9345,0.0864,-101.5712,0.1486,0.5351,0.1486,0.0019,0.1064,87.2030,-0.0786,0.0088,0.8847,0.3001,0.0000,0.0000,0.0000,1.0000,0.0000,1,0,0,0,0,0.0044
162.1090,217.9427,0.0864,-101.5706,0.1546,0.5565,0.1546,0.0019,0.1096,87.1987,-0.0798,0.0088,0.8847,0.3001,0.0000,0.0000,0.0000,1.0000,0.0000,1,0,0,0,0,0.0044
162.1591,217.9505,0.0864,-101.5701,0.1594,0.5737,0.1593,0.0019,0.0952,87.1952,-0.0700,0.0088,0.8944,0.3001,0.0000,0.0000,0.0000,1.0000,0.0000,1,0,0,0,0,0.0039
162.2194,217.9603,0.0864,-101.5694,0.1665,0.5995,0.1665,0.0020,0.1188,87.1899,-0.0871,0.0088,0.9941,0.3021,0.0000,0.0000,0.0000,1.0000,0.0000,1,0,0,0,0,0.0048
162.2700,217.9689,0.0864,-101.5688,0.1713,0.6167,0.1713,0.0020,0.0948,87.1864,-0.0688,0.0088,1.0000,0.3021,0.0000,0.0000,0.0000,1.0000,0.0000,1,0,0,0,0,0.0038
162.3296,217.9793,0.0864,-101.5681,0.1785,0.6427,0.1785,0.0020,0.1207,87.1812,-0.0885,0.0088,1.0000,0.3021,0.0000,0.0000,0.0000,1.0000,0.0000,1,0,0,0,0,0.0049
162.3839,217.9891,0.0864,-101.5674,0.1845,0.6641,0.1845,0.0021,0.1098,87.1768,-0.0799,0.0088,1.0000,0.3021,0.0000,0.0000,0.0000,1.0000,0.0000,1,0,0,0,0,0.0044
162.4354,217.9987,0.0864,-101.5668,0.1893,0.6813,0.1893,0.0021,0.0930,87.1733,-0.0687,0.0088,1.0000,0.3021,0.0000,0.0000,0.0000,1.0000,0.0000,1,0,0,0,0,0.0038
162.4933,218.0098,0.0864,-101.5661,0.1964,0.7072,0.1964,0.0021,0.1238,87.1681,-0.0906,0.0088,1.0000,0.3021,0.0000,0.0000,0.0000,1.0000,0.0000,1,0,0,0,0,0.0050
162.5443,218.0199,0.0864,-101.5654,0.2012,0.7242,0.2012,0.0021,0.0929,87.1645,-0.0689,0.0088,1.0000,0.3021,0.0000,0.0000,0.0000,1.0000,0.0000,1,0,0,0,0,0.0038
162.5944,218.0301,0.0864,-101.5647,0.2072,0.7459,0.2072,0.0022,0.1205,87.1601,-0.0878,0.0088,1.0000,0.3021,0.0000,0.0000,0.0000,1.0000,0.0000,1,0,0,0,0,0.0049
162.6566,218.0432,0.0864,-101.5639,0.2132,0.7674,0.2131,0.0022,0.0957,87.1558,-0.0696,0.0088,0.9902,0.3021,0.0000,0.0000,0.0000,1.0000,0.0000,1,0,0,0,0,0.0039
162.7144,218.0557,0.0864,-101.5630,0.2191,0.7889,0.2191,0.0022,0.1035,87.1514,-0.0760,0.0088,0.9160,0.3021,0.0000,0.0000,0.0000,1.0000,0.0000,1,0,0,0,0,0.0042
162.7733,218.0688,0.0864,-101.5622,0.2263,0.8147,0.2263,0.0023,0.1215,87.1462,-0.0892,0.0088,0.7928,0.3021,0.0000,0.0000,0.0000,1.0000,0.0000,1,0,0,0,0,0.0050
162.8235,218.0802,0.0864,-101.5614,0.2311,0.8320,0.2311,0.0023,0.0958,87.1427,-0.0699,0.0088,0.6970,0.3021,0.0000,0.0000,0.0000,1.0000,0.0000,1,0,0,0,0,0.0039
162.8773,218.0928,0.0864,-101.5606,0.2371,0.8536,0.2371,0.0023,0.1117,87.1383,-0.0811,0.0088,0.6677,0.3021,0.0000,0.0000,0.0000,1.0000,0.0000,1,0,0,0,0,0.0045
162.9282,218.1050,0.0864,-101.5598,0.2430,0.8749,0.2430,0.0024,0.1164,87.1340,-0.0858,0.0088,0.6618,0.3021,0.0000,0.0000,0.0000,1.0000,0.0000,1,0,0,0,0,0.0048
162.9795,218.1176,0.0864,-101.5590,0.2479,0.8924,0.2479,0.0024,0.0944,87.1304,-0.0690,0.0088,0.6618,0.3021,0.0000,0.0000,0.0000,1.0000,0.0000,1,0,0,0,0,0.0038
163.0304,218.1303,0.0864,-101.5582,0.2538,0.9138,0.2538,0.0024,0.1173,87.1261,-0.0858,0.0088,0.6618,0.3021,0.0000,0.0000,0.0000,1.0000,0.0000,1,0,0,0,0,0.0048
163.0897,218.1455,0.0864,-101.5572,0.2598,0.9354,0.2598,0.0024,0.1008,87.1217,-0.0736,0.0088,0.6618,0.3021,0.0000,0.0000,0.0000,1.0000,0.0000,1,0,0,0,0,0.0041
163.1414,218.1591,0.0864,-101.5563,0.2658,0.9570,0.2658,0.0025,0.1164,87.1173,-0.0849,0.0088,0.6618,0.3021,0.0000,0.0000,0.0000,1.0000,0.0000,1,0,0,0,0,0.0047
163.2016,218.1741,0.0864,-101.5554,0.1497,0.5389,0.1497,0.0022,-1.9295,87.1129,-0.0720,0.0088,0.6618,0.3021,0.0000,0.0000,0.0000,1.0000,0.0000,1,0,0,0,0,0.0040
163.2626,218.1747,0.0864,-101.5553,0.0000,0.0001,0.0000,0.0000,-2.4553,87.1117,-0.0200,0.0107,0.6618,0.3021,0.0000,0.0000,0.0000,1.0000,0.0000,1,0,0,0,0,0.0011
163.3201,218.1747,0.0864,-101.5553,0.0000,0.0001,0.0000,0.0000,0.0000,87.1116,-0.0016,0.0107,0.6188,0.3021,0.0000,0.0000,0.0000,1.0000,0.0000,1,0,0,0,0,0.0001
163.3735,218.1747,0.0864,-101.5553,0.0000,0.0001,0.0000,0.0000,0.0000,87.1115,-0.0017,0.0107,0.5073,0.3021,0.0000,0.0000,0.0000,1.0000,0.0000,1,0,0,0,0,0.0001
163.4315,218.1747,0.0864,-101.5553,0.0000,0.0001,0.0000,0.0000,0.0000,87.1114,-0.0016,0.0107,0.3783,0.3021,0.0000,0.0000,0.0000,1.0000,0.0000,1,0,0,0,0,0.0001
163.4846,218.1747,0.0864,-101.5553,0.0000,0.0001,0.0000,0.0000,-0.0001,87.1113,-0.0017,0.0107,0.2786,0.3021,0.0000,0.0000,0.0000,0.9423,0.0000,1,0,0,0,0,0.0001
163.5433,218.1747,0.0864,-101.5553,0.0001,0.0005,0.0000,0.0001,0.0018,87.1118,0.0074,0.0107,0.2317,0.3021,0.0000,0.0000,0.0000,0.8167,0.0000,1,0,0,0,0,0.0004
163.5954,218.1747,0.0864,-101.5553,0.0001,0.0004,0.0000,0.0001,-0.0001,87.1123,0.0104,0.0107,0.2278,0.3021,0.0000,0.0000,0.0000,0.7324,0.0000,1,0,0,0,0,0.0006
163.6554,218.1747,0.0864,-101.5553,0.0001,0.0004,0.0000,0.0001,-0.0001,87.1128,0.0086,0.0107,0.2278,0.3021,0.0000,0.0000,0.0000,0.6907,0.0000,1,0,0,0,0,0.0005
163.7173,218.1747,0.0864,-101.5553,0.0001,0.0004,0.0000,0.0001,0.0000,87.1134,0.0099,0.0107,0.2278,0.3021,0.0000,0.0000,0.0000,0.6677,0.0000,1,0,0,0,0,0.0005
163.7751,218.1747,0.0864,-101.5553,0.0001,0.0004,0.0000,0.0001,0.0000,87.1139,0.0079,0.0107,0.2278,0.3021,0.0000,0.0000,0.0000,0.6590,0.0000,1,0,0,0,0,0.0004
163.8346,218.1747,0.0864,-101.5553,0.0001,0.0004,0.0000,0.0001,0.0000,87.1144,0.0087,0.0107,0.2278,0.3021,0.0000,0.0000,0.0000,0.6548,0.0000,1,0,0,0,0,0.0005
163.8872,218.1747,0.0864,-101.5553,0.0001,0.0004,0.0000,0.0001,0.0000,87.1149,0.0096,0.0107,0.2278,0.3021,0.0000,0.0000,0.0000,0.6527,0.0000,1,0,0,0,0,0.0005
163.9472,218.1747,0.0864,-101.5553,0.0001,0.0004,0.0000,0.0001,0.0000,87.1155,0.0098,0.0107,0.2278,0.3021,0.0000,0.0000,0.0000,0.6516,0.0000,1,0,0,0,0,0.0005
164.0068,218.1747,0.0864,-101.5553,0.0001,0.0004,0.0000,0.0001,0.0000,87.1161,0.0093,0.0107,0.2278,0.3021,0.0000,0.0000,0.0000,0.6511,0.0000,1,0,0,0,0,0.0005
164.0573,218.1747,0.0864,-101.5553,0.0001,0.0004,0.0000,0.0001,0.0000,87.1165,0.0089,0.0107,0.2278,0.3021,0.0000,0.0000,0.0000,0.6510,0.0000,1,0,0,0,0,0.0005
164.1077,218.1747,0.0864,-101.5553,0.0001,0.0004,0.0000,0.0001,0.0000,87.1171,0.0112,0.0107,0.2278,0.3021,0.0000,0.0000,0.0000,0.6508,0.0000,1,0,0,0,0,0.0006
164.1707,218.1747,0.0864,-101.5553,0.0001,0.0004,0.0000,0.0001,0.0000,87.1178,0.0106,0.0107,0.2278,0.3021,0.0000,0.0000,0.0000,0.6508,0.0000,1,0,0,0,0,0.0006
164.2269,218.1747,0.0864,-101.5552,0.0009,0.0033,0.0001,0.0009,0.0145,87.1134,-0.0766,0.0107,0.2278,0.3021,0.0000,0.0000,0.0000,0.6508,0.0000,1,0,0,0,0,0.0043
164.2778,218.1747,0.0864,-101.5551,0.0009,0.0033,0.0001,0.0009,0.0000,87.1089,-0.0887,0.0107,0.2278,0.3021,0.0000,0.0000,0.0000,0.6507,0.0000,1,0,0,0,0,0.0049
164.3380,218.1747,0.0864,-101.5550,0.0009,0.0033,0.0001,0.0009,0.0000,87.1023,-0.1105,0.0107,0.2278,0.3021,0.0000,0.0000,0.0000,0.6507,0.0000,1,0,0,0,0,0.0061
164.4015,218.1747,0.0864,-101.5549,0.0009,0.0033,0.0001,0.0009,0.0000,87.0967,-0.0885,0.0107,0.2278,0.3021,0.0000,0.0000,0.0000,0.6507,0.0000,1,0,0,0,0,0.0049
164.4607,218.1747,0.0864,-101.5547,0.0009,0.0033,0.0001,0.0009,0.0000,87.0900,-0.1123,0.0107,0.2278,0.3021,0.0000,0.0000,0.0000,0.6507,0.0000,1,0,0,0,0,0.0062
164.5136,218.1747,0.0864,-101.5546,0.0009,0.0033,0.0001,0.0009,0.0000,87.0844,-0.1055,0.0107,0.2278,0.3021,0.0000,0.0000,0.0000,0.6507,0.0000,1,0,0,0,0,0.0059
164.5734,218.1747,0.0864,-101.5545,0.0009,0.0033,0.0001,0.0009,0.0000,87.0788,-0.0934,0.0107,0.2278,0.3021,0.0000,0.0000,0.0000,0.6507,0.0000,1,0,0,0,0,0.0052
164.6321,218.1747,0.0864,-101.5544,0.0009,0.0033,0.0001,0.0009,0.0000,87.0732,-0.0952,0.0107,0.2278,0.3021,0.0000,0.0000,0.0000,0.6507,0.0000,1,0,0,0,0,0.0053
164.6845,218.1747,0.0864,-101.5543,0.0009,0.0033,0.0001,0.0009,0.0000,87.0676,-0.1065,0.0107,0.2278,0.3021,0.0000,0.0000,0.0000,0.6507,0.0000,1,0,0,0,0,0.0059
164.7435,218.1747,0.0864,-101.5541,0.0009,0.0033,0.0001,0.0009,0.0000,87.0621,-0.0947,0.0107,0.2278,0.3021,0.0000,0.0000,0.0000,0.6507,0.0000,1,0,0,0,0,0.0053
164.8030,218.1747,0.0864,-101.5540,0.0009,0.0033,0.0001,0.0009,0.0000,87.0553,-0.1133,0.0107,0.2278,0.3021,0.0000,0.0000,0.0000,0.6507,0.0000,1,0,0,0,0,0.0063
164.8636,218.1747,0.0864,-101.5539,0.0009,0.0033,0.0001,0.0009,-0.0001,87.0498,-0.0916,0.0107,0.2219,0.3021,0.0000,0.0000,0.0000,0.6479,0.0000,1,0,0,0,0,0.0051
164.9173,218.1747,0.0864,-101.5538,0.0008,0.0027,0.0000,0.0007,-0.0031,87.0449,-0.0910,0.0107,0.1730,0.3021,0.0000,0.0000,0.0000,0.5947,0.0000,1,0,0,0,0,0.0051
164.9763,218.1747,0.0864,-101.5537,0.0006,0.0020,-0.0001,0.0005,-0.0032,87.0422,-0.0450,0.0107,0.1203,0.3021,0.0000,0.0000,0.0000,0.4907,0.0000,1,0,0,0,0,0.0025
165.0370,218.1747,0.0864,-101.5537,0.0004,0.0014,-0.0001,0.0004,-0.0029,87.0400,-0.0367,0.0107,0.0733,0.3021,0.0000,0.0000,0.0000,0.3522,0.0000,1,0,0,0,0,0.0020
165.0881,218.1747,0.0864,-101.5536,0.0003,0.0010,-0.0001,0.0003,-0.0024,87.0390,-0.0191,0.0107,0.0420,0.3021,0.0000,0.0000,0.0000,0.2579,0.0000,1,0,0,0,0,0.0011
165.1455,218.1747,0.0864,-101.5536,0.0002,0.0006,0.0000,0.0002,-0.0015,87.0382,-0.0149,0.0107,0.0518,0.3021,0.0000,0.0000,0.0000,0.1907,0.0000,1,0,0,0,0,0.0008
165.1956,218.1747,0.0864,-101.5535,0.0003,0.0010,-0.0001,0.0003,0.0019,87.0373,-0.0183,0.0107,0.1535,0.3021,0.0000,0.0000,0.0000,0.2652,0.0000,1,0,0,0,0,0.0010
165.2556,218.1747,0.0864,-101.5535,0.0006,0.0020,-0.0001,0.0005,0.0049,87.0354,-0.0305,0.0107,0.3158,0.3021,0.0000,0.0000,0.0000,0.4961,0.0000,1,0,0,0,0,0.0017
165.3155,218.1747,0.0864,-101.5534,0.0013,0.0048,0.0003,0.0013,0.0128,87.0280,-0.1243,0.0107,0.4487,0.3021,0.0000,0.0000,0.0000,0.7863,0.0000,1,0,0,0,0,0.0069
165.3667,218.1748,0.0864,-101.5532,0.0069,0.0249,0.0068,0.0012,0.1088,87.0209,-0.1382,0.0107,0.5269,0.3021,0.0000,0.0000,0.0000,0.8793,0.0000,1,0,0,0,0,0.0077
165.4297,218.1773,0.0864,-101.5529,0.0769,0.2768,0.0769,0.0015,1.1114,87.0154,-0.0872,0.0107,0.5973,0.3040,0.0000,0.0000,0.0000,0.9488,0.0000,1,0,0,0,0,0.0048
165.4800,218.1832,0.0864,-101.5525,0.1674,0.6027,0.1674,0.0019,1.7989,87.0110,-0.0873,0.0107,0.6403,0.3040,0.0000,0.0000,0.0000,0.9750,0.0000,1,0,0,0,0,0.0049
165.5425,218.1968,0.0864,-101.5516,0.2715,0.9775,0.2715,0.0023,1.6643,87.0067,-0.0693,0.0107,0.6755,0.3040,0.0000,0.0000,0.0000,0.9877,0.0000,1,0,0,0,0,0.0038
165.6006,218.2161,0.0864,-101.5503,0.3822,1.3758,0.3822,0.0028,1.9062,87.0023,-0.0762,0.0107,0.6989,0.3040,0.0000,0.0000,0.0000,0.9940,0.0000,1,0,0,0,0,0.0042
165.6571,218.2416,0.0864,-101.5487,0.5191,1.8686,0.5191,0.0033,2.4203,86.9970,-0.0923,0.0107,0.7009,0.3040,0.0000,0.0000,0.0000,0.9975,0.0000,1,0,0,0,0,0.0997
165.7114,218.2722,0.0864,-101.5469,0.6115,2.2016,0.6115,0.0036,1.7035,86.9936,-0.0641,0.0107,0.7009,0.3040,0.0000,0.0000,0.0000,0.9986,0.0000,1,0,0,0,0,0.0907
165.7701,218.3123,0.0864,-101.5445,0.7510,2.7037,0.7510,0.0040,2.3794,86.9883,-0.0895,0.0107,0.7009,0.3040,0.0000,0.0000,0.0000,0.9994,0.0000,1,0,0,0,0,0.0840
165.8302,218.3607,0.0864,-101.5416,0.8677,3.1237,0.8677,0.0042,1.9410,86.9840,-0.0716,0.0107,0.7009,0.3040,0.0000,0.0000,0.0000,0.9997,0.0000,1,0,0,0,0,0.0774
165.8806,218.4073,0.0864,-101.5389,0.9845,3.5443,0.9845,0.0045,2.3148,86.9797,-0.0865,0.0107,0.7009,0.3040,0.0000,0.0000,0.0000,0.9999,0.0000,1,0,0,0,0,0.0736
165.9437,218.4731,0.0864,-101.5350,1.1015,3.9654,1.1015,0.0047,1.8544,86.9754,-0.0677,0.0088,0.7009,0.3040,0.0000,0.0000,0.0000,0.9999,0.0000,1,0,0,0,0,0.0684
165.9968,218.5349,0.0864,-101.5314,1.2184,4.3861,1.2184,0.0050,2.2024,86.9710,-0.0817,0.0088,0.7009,0.3040,0.0000,0.0000,0.0000,1.0000,0.0000,1,0,0,0,0,0.0657
166.0549,218.6094,0.0864,-101.5272,1.3354,4.8073,1.3353,0.0052,2.0129,86.9667,-0.0746,0.0088,0.7009,0.3040,0.0000,0.0000,0.0000,1.0000,0.0000,1,0,0,0,0,0.0622
166.1061,218.6809,0.0864,-101.5230,1.4524,5.2285,1.4524,0.0054,2.2842,86.9624,-0.0840,0.0088,0.7009,0.3040,0.0000,0.0000,0.0000,1.0000,0.0000,1,0,0,0,0,0.0600
166.1655,218.7708,0.0864,-101.5179,1.5693,5.6496,1.5693,0.0055,1.9705,86.9580,-0.0735,0.0088,0.7009,0.3040,0.0000,0.0000,0.0000,1.0000,0.0000,1,0,0,0,0,0.0568
166.2178,218.8561,0.0864,-101.5130,1.6863,6.0706,1.6863,0.0057,2.2356,86.9537,-0.0823,0.0088,0.7009,0.3040,0.0000,0.0000,0.0000,1.0000,0.0000,1,0,0,0,0,0.0550
166.2774,218.9603,0.0864,-101.5070,1.8033,6.4918,1.8033,0.0058,1.9634,86.9494,-0.0727,0.0088,0.7009,0.3040,0.0000,0.0000,0.0000,1.0000,0.0000,1,0,0,0,0,0.0523
166.3282,219.0551,0.0864,-101.5016,1.9203,6.9132,1.9203,0.0059,2.3026,86.9451,-0.0853,0.0088,0.7009,0.3040,0.0000,0.0000,0.0000,1.0000,0.0000,1,0,0,0,0,0.0512
166.3915,219.1807,0.0864,-101.4944,2.0607,7.4186,2.0607,0.0061,2.2179,86.9399,-0.0819,0.0088,0.7009,0.3040,0.0000,0.0000,0.0000,1.0000,0.0000,1,0,0,0,0,0.0489
166.4532,219.3112,0.0864,-101.4870,2.1776,7.8395,2.1776,0.0062,1.8962,86.9355,-0.0708,0.0088,0.7009,0.3040,0.0000,0.0000,0.0000,1.0000,0.0000,1,0,0,0,0,0.0465
166.5103,219.4393,0.0864,-101.4797,2.2946,8.2607,2.2946,0.0063,2.0471,86.9312,-0.0747,0.0088,0.7009,0.3040,0.0000,0.0000,0.0000,1.0000,0.0000,1,0,0,0,0,0.0452
166.5705,219.5816,0.0864,-101.4716,2.4350,8.7660,2.4350,0.0064,2.3331,86.9260,-0.0872,0.0088,0.7009,0.3040,0.0000,0.0000,0.0000,1.0000,0.0000,1,0,0,0,0,0.0443
166.6261,219.7198,0.0864,-101.4638,2.5520,9.1872,2.5520,0.0065,2.1046,86.9217,-0.0769,0.0088,0.7009,0.3040,0.0000,0.0000,0.0000,1.0000,0.0000,1,0,0,0,0,0.0425
166.6830,219.8679,0.0864,-101.4554,2.6690,9.6084,2.6690,0.0066,2.0566,86.9174,-0.0767,0.0088,0.7009,0.3040,0.0000,0.0000,0.0000,1.0000,0.0000,1,0,0,0,0,0.0412
166.7435,220.0329,0.0864,-101.4460,2.7860,10.0296,2.7860,0.0066,1.9336,86.9131,-0.0711,0.0088,0.7009,0.3040,0.0000,0.0000,0.0000,1.0000,0.0000,1,0,0,0,0,0.0396
166.7945,220.1782,0.0864,-101.4378,2.9030,10.4508,2.9030,0.0067,2.2917,86.9088,-0.0843,0.0088,0.7009,0.3040,0.0000,0.0000,0.0000,1.0000,0.0000,1,0,0,0,0,0.0394
166.8538,220.3536,0.0864,-101.4278,3.0200,10.8719,3.0199,0.0068,1.9738,86.9044,-0.0737,0.0088,0.7009,0.3040,0.0000,0.0000,0.0000,1.0000,0.0000,1,0,0,0,0,0.0377
166.9045,220.5098,0.0864,-101.4189,3.1369,11.2929,3.1369,0.0068,2.3053,86.9001,-0.0842,0.0088,0.7009,0.3040,0.0000,0.0000,0.0000,1.0000,0.0000,1,0,0,0,0,0.0374
166.9585,220.6818,0.0864,-101.4092,3.2539,11.7142,3.2539,0.0069,2.1689,86.8958,-0.0803,0.0088,0.7009,0.3040,0.0000,0.0000,0.0000,1.0000,0.0000,1,0,0,0,0,0.0363
167.0126,220.8604,0.0864,-101.3991,3.3709,12.1352,3.3709,0.0070,2.1610,86.8914,-0.0801,0.0088,0.7009,0.3040,0.0000,0.0000,0.0000,1.0000,0.0000,1,0,0,0,0,0.0354
167.0735,221.0690,0.0864,-101.3872,3.4879,12.5564,3.4879,0.0070,1.9191,86.8871,-0.0706,0.0088,0.7009,0.3040,0.0000,0.0000,0.0000,1.0000,0.0000,1,0,0,0,0,0.0340
167.1339,221.2834,0.0864,-101.3751,3.6283,13.0619,3.6283,0.0071,2.3252,86.8819,-0.0859,0.0088,0.7009,0.3040,0.0000,0.0000,0.0000,1.0000,0.0000,1,0,0,0,0,0.0340
167.1945,221.5059,0.0864,-101.3624,3.7453,13.4830,3.7453,0.0071,1.9326,86.8776,-0.0711,0.0088,0.7009,0.3040,0.0000,0.0000,0.0000,1.0000,0.0000,1,0,0,0,0,0.0323
167.2494,221.7145,0.0864,-101.3506,3.8623,13.9041,3.8623,0.0071,2.1305,86.8733,-0.0800,0.0088,0.7009,0.3040,0.0000,0.0000,0.0000,1.0000,0.0000,1,0,0,0,0,0.0321
167.3090,221.9482,0.0864,-101.3373,3.9793,14.3254,3.9793,0.0071,1.9627,86.8690,-0.0717,0.0088,0.7009,0.3040,0.0000,0.0000,0.0000,1.0000,0.0000,1,0,0,0,0,0.0309
167.3728,222.2065,0.0864,-101.3227,4.1196,14.8307,4.1196,0.0072,2.2000,86.8638,-0.0813,0.0088,0.7009,0.3040,0.0000,0.0000,0.0000,1.0000,0.0000,1,0,0,0,0,0.0307
167.4308,222.4489,0.0864,-101.3089,4.2367,15.2521,4.2367,0.0072,2.0173,86.8594,-0.0747,0.0088,0.7009,0.3040,0.0000,0.0000,0.0000,1.0000,0.0000,1,0,0,0,0,0.0297
167.4819,222.6684,0.0864,-101.2964,4.3537,15.6731,4.3536,0.0073,2.2875,86.8551,-0.0842,0.0088,0.7009,0.3040,0.0000,0.0000,0.0000,1.0000,0.0000,1,0,0,0,0,0.0297
167.5378,222.9142,0.0864,-101.2824,4.4706,16.0942,4.4706,0.0073,2.0962,86.8508,-0.0777,0.0107,0.7009,0.3040,0.0000,0.0000,0.0000,1.0000,0.0000,1,0,0,0,0,0.0288
167.5879,223.1405,0.0864,-101.2695,4.5876,16.5154,4.5876,0.0074,2.3340,86.8465,-0.0846,0.0127,0.7009,0.3040,0.0000,0.0000,0.0000,1.0000,0.0000,1,0,0,0,0,0.0288
167.6467,223.4129,0.0864,-101.2540,4.7046,16.9364,4.7045,0.0074,1.9885,86.8422,-0.0737,0.0166,0.7009,0.3040,0.0000,0.0000,0.0000,1.0000,0.0000,1,0,0,0,0,0.0276
167.7012,223.6717,0.0864,-101.2393,4.8216,17.3576,4.8215,0.0076,2.1472,86.8400,-0.0403,0.0205,0.7009,0.3040,0.0080,0.0000,0.0000,1.0000,0.0000,1,0,0,0,0,0.0258
167.7600,223.9584,0.0864,-101.2229,4.9386,17.7790,4.9386,0.0098,1.9884,86.8679,0.4732,0.0205,0.7009,0.3040,0.0327,0.6372,10.8241,1.0000,0.0000,1,0,0,0,0,0.6573
167.8239,224.2776,0.0864,-101.2048,5.0790,18.2843,5.0790,0.0128,2.1975,86.9275,0.9332,0.0205,0.7009,0.3040,0.0445,1.5211,13.8376,1.0000,0.0000,1,0,0,0,0,0.8585
167.8836,224.5836,0.0864,-101.1877,5.1959,18.7054,5.1959,0.0148,1.9609,86.9867,0.9931,0.0205,0.7009,0.3040,0.0484,2.2341,11.9544,1.0000,0.0000,1,0,0,0,0,0.7621
167.9341,224.8484,0.0864,-101.1730,5.3129,19.1265,5.3129,0.0163,2.3172,87.0500,1.2522,0.0205,0.7009,0.3040,0.0501,2.5801,6.8523,1.0000,0.0000,1,0,0,0,0,0.4963
167.9892,225.1437,0.0864,-101.1570,5.4299,19.5476,5.4299,0.0174,2.1212,87.1154,1.1872,0.0205,0.7009,0.3040,0.0508,2.8037,4.0554,1.0000,0.0000,1,0,0,0,0,0.3393
168.0396,225.4191,0.0864,-101.1423,5.5234,19.8844,5.5234,0.0178,1.8569,87.1666,1.0158,0.0186,0.7009,0.3040,0.0431,2.9253,2.4141,1.0000,0.0000,1,0,0,0,0,0.2389
168.0994,225.7531,0.0864,-101.1248,5.6638,20.3898,5.6638,0.0153,2.3474,87.2034,0.6153,0.0146,0.7009,0.3040,0.0156,2.2692,10.9692,1.0000,0.0000,1,0,0,0,0,0.6841
168.1602,226.1003,0.0864,-101.1069,5.7808,20.8110,5.7808,0.0127,1.9243,87.2130,0.1575,0.0068,0.7009,0.3040,0.0067,1.4205,13.9614,1.0000,0.0000,1,0,0,0,0,0.8174
168.2205,226.4527,0.0864,-101.0890,5.9212,21.3163,5.9212,0.0105,2.3255,87.2144,0.0244,0.0010,0.7009,0.3040,0.0024,0.8055,10.1870,1.0000,0.0000,1,0,0,0,0,0.5940
168.2831,226.8260,0.0864,-101.0702,6.0382,21.7375,6.0382,0.0093,1.8711,87.2123,-0.0337,-0.0069,0.7009,0.3040,0.0010,0.4200,6.1648,1.0000,0.0000,1,0,0,0,0,0.3674
168.3421,227.1857,0.0864,-101.0520,6.1552,22.1587,6.1552,0.0085,1.9829,87.2090,-0.0559,-0.0147,0.7009,0.3040,0.0005,0.2109,3.5438,1.0000,0.0000,1,0,0,0,0,0.2208
168.4025,227.5619,0.0864,-101.0331,6.2956,22.6641,6.2956,0.0059,2.3217,87.1820,-0.4476,-0.0245,0.7009,0.3040,-0.0284,-0.1628,6.1808,1.0000,0.0000,1,0,0,0,0,0.3824
168.4534,227.8846,0.0864,-101.0168,6.3892,23.0011,6.3892,0.0016,1.8389,87.1266,-1.0863,-0.0342,0.7009,0.3040,-0.0517,-1.3942,24.1914,1.0000,0.0000,1,0,0,0,0,1.4080
168.5168,228.2939,0.0864,-100.9959,6.5296,23.5065,6.5296,0.0068,2.2151,86.9898,-2.1594,-0.0440,0.7009,0.3040,-0.0849,-2.8063,22.2827,1.0000,0.0000,1,0,0,0,0,1.3736
168.5673,228.6261,0.0864,-100.9785,6.6466,23.9276,6.6465,0.0184,2.3172,86.8296,-3.1720,-0.0538,0.7009,0.3040,-0.1106,-4.2269,28.1359,1.0000,0.0000,1,0,0,0,0,1.7809
168.6178,228.9638,0.0864,-100.9607,6.7401,24.2644,6.7400,0.0303,1.8514,86.6722,-3.1157,-0.0616,0.7009,0.3040,-0.1298,-5.6708,28.5789,1.0000,0.0000,1,0,0,0,0,1.8282
168.6680,229.3043,0.0864,-100.9421,6.8571,24.6855,6.8570,0.0424,2.3331,86.4409,-4.6147,-0.0714,0.7009,0.3040,-0.1526,-6.9919,26.3481,1.0000,0.0000,1,0,0,0,0,1.8130
168.7282,229.7202,0.0864,-100.9182,6.9739,25.1062,6.9737,0.0530,1.9398,86.1738,-4.4326,-0.0792,0.7009,0.3040,-0.1732,-8.4428,24.0854,1.0000,0.0000,1,0,0,0,0,1.6984
168.7786,230.0737,0.0864,-100.8966,7.0907,25.5265,7.0904,0.0629,2.3181,85.8690,-6.0521,-0.0870,0.7009,0.3040,-0.1952,-9.6186,23.3431,1.0000,0.0000,1,0,0,0,0,1.7662
168.8294,230.4358,0.0864,-100.8728,7.1841,25.8628,7.1838,0.0640,1.8380,85.6008,-5.2759,-0.0929,0.7009,0.3040,-0.2103,-10.8555,24.3364,1.0000,0.0000,1,0,0,0,0,1.7787
168.8925,230.8926,0.0864,-100.8399,7.3242,26.3673,7.3239,0.0694,2.2212,85.1596,-6.9952,-0.0987,0.7009,0.3040,-0.2302,-12.1040,19.7922,1.0000,0.0000,1,0,0,0,0,1.6303
168.9488,231.3074,0.0864,-100.8073,7.4410,26.7876,7.4406,0.0759,2.0719,84.7580,-7.1270,-0.1046,0.7009,0.3040,-0.2468,-13.2850,20.9583,1.0000,0.0000,1,0,0,0,0,1.7132
169.0078,231.7485,0.0864,-100.7697,7.5577,27.2078,7.5573,0.0833,1.9792,84.3267,-7.3118,-0.1105,0.7009,0.3040,-0.2618,-14.3766,18.5093,1.0000,0.0000,1,0,0,0,0,1.5998
169.0610,232.1521,0.0864,-100.7324,7.6743,27.6275,7.6738,0.0909,2.1931,83.8686,-8.6171,-0.1144,0.7009,0.3040,-0.2742,-15.2071,15.6225,1.0000,0.0000,1,0,0,0,0,1.5243
169.1143,232.5627,0.0864,-100.6915,7.7908,28.0470,7.7902,0.0987,2.1840,83.3854,-9.0558,-0.1183,0.7009,0.3040,-0.2861,-16.0149,15.1380,1.0000,0.0000,1,0,0,0,0,1.5341
169.1732,233.0222,0.0864,-100.6420,7.9073,28.4663,7.9066,0.1062,1.9789,82.8807,-8.5761,-0.1222,0.7009,0.3040,-0.2952,-16.8054,13.4311,1.0000,0.0000,1,0,0,0,0,1.4241
169.2276,233.4532,0.0864,-100.5919,8.0238,28.8857,8.0230,0.1132,2.1412,82.3580,-9.6063,-0.1242,0.7009,0.3040,-0.3025,-17.3638,10.2622,1.0000,0.0000,1,0,0,0,0,1.3155
169.2857,233.9195,0.0864,-100.5337,8.1401,29.3045,8.1393,0.1198,2.0027,81.8199,-9.2629,-0.1261,0.7009,0.3040,-0.3078,-17.8852,8.9765,1.0000,0.0000,1,0,0,0,0,1.2341
169.3374,234.3399,0.0864,-100.4773,8.2564,29.7229,8.2554,0.1259,2.2481,81.2682,-10.6712,-0.1261,0.7009,0.3040,-0.3121,-18.2256,6.5851,1.0000,0.0000,1,0,0,0,0,1.1875
169.3974,234.8343,0.0864,-100.4063,8.3959,30.2253,8.3949,0.1324,2.3255,80.5936,-11.2423,-0.1281,0.7009,0.3040,-0.3149,-18.5281,5.0391,1.0000,0.0000,1,0,0,0,0,1.1411
169.4476,235.2532,0.0864,-100.3422,8.4890,30.5603,8.4879,0.1368,1.8521,80.1351,-9.1270,-0.1300,0.7009,0.3040,-0.3182,-18.7315,4.0508,1.0000,0.0000,1,0,0,0,0,0.9738
169.5022,235.7135,0.0864,-100.2674,8.6050,30.9780,8.6038,0.1421,2.1274,79.5522,-10.6848,-0.1320,0.7009,0.3040,-0.3241,-18.9551,4.0980,1.0000,0.0000,1,0,0,0,0,1.0690
169.5536,236.1526,0.0864,-100.1917,8.7212,31.3962,8.7199,0.1475,2.2571,78.9586,-11.5340,-0.1339,0.7009,0.3040,-0.3298,-19.2805,6.3225,1.0000,0.0000,1,0,0,0,0,1.2457
169.6038,236.5850,0.0864,-100.1132,8.8140,31.7303,8.8126,0.1524,1.8505,78.4704,-9.7365,-0.1378,0.7009,0.3040,-0.3366,-19.5887,6.1469,1.0000,0.0000,1,0,0,0,0,1.1418
169.6566,237.0450,0.0864,-100.0251,8.9300,32.1480,8.9286,0.1597,2.1986,77.8402,-11.9404,-0.1417,0.7009,0.3040,-0.3459,-19.9987,7.7691,1.0000,0.0000,1,0,0,0,0,1.3632
169.7137,237.5479,0.0864,-99.9233,9.0459,32.5651,9.0443,0.1699,2.0287,77.1807,-11.5469,-0.1476,0.7126,0.3040,-0.3567,-20.5821,10.2143,1.0000,0.0000,1,0,0,0,0,1.4906
169.7651,238.0060,0.0864,-99.8256,9.1616,32.9819,9.1599,0.1789,2.2502,76.4935,-13.3565,-0.1515,0.7283,0.3040,-0.3665,-21.0803,9.6818,1.0000,0.0000,1,0,0,0,0,1.5729
169.8215,238.5121,0.0864,-99.7116,9.2773,33.3982,9.2754,0.1884,2.0524,75.7823,-12.6246,-0.1535,0.7439,0.3040,-0.3755,-21.6622,10.3294,1.0000,0.0000,1,0,0,0,0,1.5798
169.8749,238.9973,0.0864,-99.5965,9.3928,33.8142,9.3908,0.1981,2.1622,75.0463,-13.7693,-0.1594,0.7713,0.3040,-0.3861,-22.2662,11.3004,1.0000,0.0000,1,0,0,0,0,1.7092
169.9278,239.4817,0.0864,-99.4754,9.4852,34.1468,9.4830,0.2064,1.7463,74.4385,-11.4877,-0.1633,0.7908,0.3040,-0.3948,-22.8190,10.4490,1.0000,0.0000,1,0,0,0,0,1.5452
169.9783,239.9475,0.0864,-99.3532,9.6005,34.5616,9.5980,0.2171,2.2835,73.6544,-15.5392,-0.1672,0.8084,0.3040,-0.4058,-23.3725,10.9691,1.0000,0.0000,1,0,0,0,0,1.8119
170.0356,240.4812,0.0864,-99.2059,9.7156,34.9760,9.7129,0.2285,2.0075,72.8412,-14.1820,-0.1730,0.8241,0.3040,-0.4176,-24.0646,12.0701,1.0000,0.0000,1,0,0,0,0,1.8112
170.0915,241.0059,0.0864,-99.0533,9.8304,35.3896,9.8275,0.2405,2.0551,71.9974,-15.0969,-0.1770,0.8260,0.3040,-0.4300,-24.6956,11.2897,1.0000,0.0000,1,0,0,0,0,1.8329
170.1440,241.5021,0.0864,-98.9016,9.9453,35.8029,9.9420,0.2533,2.1876,71.1206,-16.7035,-0.1828,0.8260,0.3040,-0.4436,-25.4277,13.9474,1.0000,0.0000,1,0,0,0,0,2.0848
170.1942,241.9795,0.0864,-98.7486,10.0369,36.1327,10.0334,0.2642,1.8259,70.3940,-14.4824,-0.1887,0.8260,0.3040,-0.4553,-26.1526,14.4480,1.0000,0.0000,1,0,0,0,0,2.0022
170.2544,242.5562,0.0864,-98.5541,10.1740,36.6265,10.1701,0.2816,2.2778,69.2599,-18.8363,-0.1945,0.8260,0.3040,-0.4727,-27.0430,14.7873,1.0000,0.0000,1,0,0,0,0,2.2831
170.3086,243.0783,0.0864,-98.3686,10.2880,37.0369,10.2838,0.2966,2.1032,68.2748,-18.1689,-0.2004,0.8260,0.3040,-0.4870,-27.8989,15.7883,1.0000,0.0000,1,0,0,0,0,2.3190
170.3682,243.6553,0.0864,-98.1527,10.4018,37.4463,10.3971,0.3120,1.9089,67.2542,-17.1342,-0.2063,0.8260,0.3040,-0.5005,-28.8016,15.1529,1.0000,0.0000,1,0,0,0,0,2.2437
170.4199,244.1580,0.0864,-97.9548,10.5152,37.8546,10.5101,0.3270,2.1943,66.2022,-20.3549,-0.2082,0.8260,0.3040,-0.5105,-29.4653,12.8432,1.0000,0.0000,1,0,0,0,0,2.3108
170.4804,244.7493,0.0864,-97.7098,10.6284,38.2621,10.6229,0.3418,1.8691,65.1205,-17.8609,-0.2141,0.8260,0.3040,-0.5218,-30.2733,13.3411,1.0000,0.0000,1,0,0,0,0,2.2158
170.5409,245.3416,0.0864,-97.4506,10.7637,38.7494,10.7577,0.3592,2.2387,63.7834,-22.1115,-0.2161,0.8260,0.3040,-0.5328,-31.0092,12.1700,1.0000,0.0000,1,0,0,0,0,2.4051
170.5992,245.9142,0.0864,-97.1862,10.8762,39.1543,10.8698,0.3732,1.9285,62.6412,-19.5850,-0.2200,0.8260,0.3040,-0.5405,-31.6227,10.5194,1.0000,0.0000,1,0,0,0,0,2.1872
170.6591,246.5026,0.0864,-96.8998,10.9884,39.5581,10.9816,0.3868,1.8738,61.4750,-19.4825,-0.2239,0.8260,0.3040,-0.5486,-32.1417,8.6695,1.0000,0.0000,1,0,0,0,0,2.0921
170.7178,247.0804,0.0864,-96.6034,11.1003,39.9611,11.0931,0.4007,1.9048,60.2821,-20.3007,-0.2258,0.8260,0.3040,-0.5568,-32.7227,9.8880,1.0000,0.0000,1,0,0,0,0,2.2186
170.7715,247.6078,0.0864,-96.3189,11.2119,40.3630,11.2043,0.4145,2.0803,59.0635,-22.7080,-0.2278,0.8260,0.3040,-0.5640,-33.2248,9.3551,1.0000,0.0000,1,0,0,0,0,2.3359
170.8247,248.1302,0.0864,-96.0237,11.3231,40.7632,11.3150,0.4279,2.0880,57.8226,-23.3075,-0.2297,0.8260,0.3040,-0.5699,-33.6069,7.1776,1.0000,0.0000,1,0,0,0,0,2.2605
170.8877,248.7466,0.0864,-95.6571,11.4564,41.2430,11.4478,0.4430,2.1164,56.3094,-24.0296,-0.2317,0.8260,0.3040,-0.5751,-33.9856,6.0134,1.0000,0.0000,1,0,0,0,0,2.2491
170.9466,249.3210,0.0864,-95.2970,11.5670,41.6413,11.5581,0.4549,1.8785,55.0306,-21.7124,-0.2317,0.8260,0.3040,-0.5774,-34.3084,5.4821,1.0000,0.0000,1,0,0,0,0,2.1007
171.0080,249.9165,0.0864,-94.9038,11.6994,42.1177,11.6900,0.4683,2.1570,53.4763,-25.3315,-0.2336,0.8260,0.3040,-0.5813,-34.5462,3.8750,1.0000,0.0000,1,0,0,0,0,2.2230
171.0625,250.4424,0.0864,-94.5387,11.8095,42.5143,11.7998,0.4791,2.0212,52.1657,-24.0470,-0.2336,0.8260,0.3040,-0.5829,-34.7419,3.5904,1.0000,0.0000,1,0,0,0,0,2.1440
171.1209,251.0020,0.0864,-94.1309,11.9193,42.9096,11.9093,0.4901,1.8806,50.8400,-22.7013,-0.2356,0.8260,0.3040,-0.5864,-34.9172,3.0020,1.0000,0.0000,1,0,0,0,0,2.0447
171.1716,251.4841,0.0864,-93.7630,12.0070,43.2252,11.9966,0.4987,1.7290,49.7696,-21.1174,-0.2356,0.8260,0.3040,-0.5876,-35.0568,2.7532,1.0000,0.0000,1,0,0,0,0,1.9492
171.2269,252.0059,0.0864,-93.3462,12.1164,43.6189,12.1057,0.5091,1.9766,48.4207,-24.3806,-0.2375,0.8260,0.3040,-0.5898,-35.1762,2.1582,1.0000,0.0000,1,0,0,0,0,2.1047
171.2867,252.5641,0.0864,-92.8780,12.2473,44.0903,12.2362,0.5219,2.1894,46.7823,-27.3903,-0.2375,0.8260,0.3040,-0.5924,-35.3362,2.6751,1.0000,0.0000,1,0,0,0,0,2.3095
171.3487,253.1355,0.0864,-92.3731,12.3561,44.4819,12.3446,0.5323,1.7551,45.4042,-22.2354,-0.2375,0.8260,0.3040,-0.5932,-35.4594,1.9876,1.0000,0.0000,1,0,0,0,0,1.9920
171.4079,253.6735,0.0864,-91.8724,12.4864,44.9511,12.4746,0.5441,2.2026,43.7373,-28.1686,-0.2375,0.8260,0.3040,-0.5936,-35.5383,1.3337,1.0000,0.0000,1,0,0,0,0,2.2926
171.4675,254.2078,0.0864,-91.3488,12.5947,45.3411,12.5826,0.5536,1.8154,42.3382,-23.4506,-0.2375,0.8260,0.3040,-0.5937,-35.5822,0.7354,1.0000,0.0000,1,0,0,0,0,2.0030
171.5221,254.6885,0.0864,-90.8538,12.7029,45.7303,12.6904,0.5624,1.9814,40.9332,-25.7483,-0.2375,0.8260,0.3040,-0.5938,-35.6063,0.4423,1.0000,0.0000,1,0,0,0,0,2.1192
171.5797,255.1874,0.0864,-90.3142,12.8108,46.1188,12.7981,0.5704,1.8734,39.5241,-24.4636,-0.2375,0.8260,0.3040,-0.5938,-35.6177,0.1970,1.0000,0.0000,1,0,0,0,0,2.0379
171.6341,255.4868,0.2078,-89.9496,0.9668,3.4804,0.1871,0.9485,-217.7298,38.0326,-27.4188,-0.2375,0.8260,0.3040,-0.5938,-35.6238,0.1128,1.0000,0.0000,1,0,0,0,0,16.2459
171.6948,255.4774,0.2149,-89.9046,1.0596,3.8146,0.9367,0.4954,1.5282,39.6286,26.2734,-0.2375,0.8260,0.3040,-0.5938,-35.6272,0.0563,1.0000,0.0000,1,0,0,0,0,8.4757
171.7607,255.5037,0.1803,-89.8257,1.4605,5.2576,1.3925,0.4404,6.0878,39.6268,-0.0260,-0.2375,0.8260,0.3040,-0.5938,-35.6290,0.0270,1.0000,0.0000,1,0,0,0,0,4.5259
171.8214,255.5461,0.1227,-89.7339,1.8013,6.4848,1.7594,0.3866,5.6090,38.5975,-16.9370,-0.2375,0.8260,0.3040,-0.5938,-35.6299,0.0146,1.0000,0.0000,1,0,0,0,0,4.1607
171.8744,255.5697,0.0865,-89.6868,0.0957,0.3445,0.0955,0.0064,-32.1857,37.9969,-11.3320,-0.2375,0.8260,0.3040,-0.5938,-35.6302,0.0068,1.0000,0.0000,1,0,0,0,0,0.6299
171.9249,255.5736,0.0864,-89.6813,0.1788,0.6437,0.1788,0.0018,1.6485,37.6817,-6.2530,-0.2375,0.8260,0.3040,-0.5938,-35.6304,0.0032,1.0000,0.0000,1,0,0,0,0,0.3476
171.9798,255.5816,0.0864,-89.6707,0.2959,1.0654,0.2959,0.0015,2.1333,37.2792,-7.3313,-0.2375,0.8260,0.3040,-0.5938,-35.6305,0.0017,1.0000,0.0000,1,0,0,0,0,0.4074
172.0369,255.5939,0.0864,-89.6541,0.4128,1.4861,0.4128,0.0013,2.0464,36.8673,-7.2124,-0.2375,0.8260,0.3040,-0.5938,-35.6305,0.0008,1.0000,0.0000,1,0,0,0,0,0.4007
172.0880,255.6082,0.0864,-89.6346,0.5298,1.9073,0.5298,0.0009,2.2902,36.4460,-8.2473,-0.2375,0.8260,0.3040,-0.5938,-35.6306,0.0004,1.0000,0.0000,1,0,0,0,0,0.4847
172.1438,255.6236,0.0864,-89.6129,0.2334,0.8402,0.2330,0.0135,-5.3119,36.0342,-7.3804,-0.2375,0.8260,0.3040,-0.5938,-35.6306,0.0002,1.0000,0.0000,1,0,0,0,0,0.4100
172.2052,255.6339,0.0864,-89.5979,0.3501,1.2603,0.3501,0.0027,1.8974,35.6275,-6.6129,-0.2375,0.8260,0.3040,-0.5938,-35.6306,0.0000,1.0000,0.0000,1,0,0,0,0,0.3674
172.2612,255.6474,0.0864,-89.5786,0.4904,1.7656,0.4904,0.0012,2.5107,35.1269,-8.9541,-0.2375,0.8260,0.3040,-0.5938,-35.6306,0.0000,1.0000,0.0000,1,0,0,0,0,0.4975
172.3196,255.6585,0.0864,-89.5618,0.2797,1.0069,0.2796,0.0054,-3.6043,34.7251,-6.8711,-0.2375,0.8260,0.3040,-0.5938,-35.6306,0.0000,1.0000,0.0000,1,0,0,0,0,0.3817
172.3788,255.6696,0.0864,-89.5452,0.3966,1.4277,0.3966,0.0019,1.9765,34.3146,-6.9412,-0.2375,0.8260,0.3040,-0.5938,-35.6306,0.0000,1.0000,0.0000,1,0,0,0,0,0.3856
172.4341,255.6836,0.0864,-89.5241,0.5135,1.8487,0.5135,0.0011,2.1123,33.8946,-7.5871,-0.2375,0.8260,0.3040,-0.5938,-35.6306,0.0001,1.0000,0.0000,1,0,0,0,0,0.4533
172.4907,255.7000,0.0864,-89.4989,0.2691,0.9687,0.2681,0.0230,-4.3228,33.4756,-7.4096,-0.2395,0.8260,0.3040,-0.5967,-35.6753,0.7905,1.0000,0.0000,1,0,0,0,0,0.4556
172.5481,255.7101,0.0864,-89.4824,0.3854,1.3874,0.3854,0.0039,2.0270,33.0636,-7.1789,-0.2395,0.8260,0.3040,-0.5979,-35.7687,1.6287,1.0000,0.0000,1,0,0,0,0,0.4893
172.6060,255.7242,0.0864,-89.4602,0.5258,1.8929,0.5258,0.0012,2.4246,32.5558,-8.7694,-0.2395,0.8260,0.3040,-0.5985,-35.8301,1.0601,1.0000,0.0000,1,0,0,0,0,0.5817
172.6604,255.7408,0.0864,-89.4338,0.6194,2.2297,0.6194,0.0006,1.7205,32.2095,-6.3687,-0.2395,0.8260,0.3040,-0.5986,-35.8718,0.7663,1.0000,0.0000,1,0,0,0,0,0.4106
172.7193,255.7560,0.0864,-89.4082,0.4406,1.5863,0.4405,0.0084,-3.0309,31.7047,-8.5578,-0.2395,0.8260,0.3040,-0.5987,-35.8990,0.4611,1.0000,0.0000,1,0,0,0,0,0.5010
172.7705,255.7688,0.0864,-89.3866,0.5342,1.9230,0.5342,0.0028,1.8283,31.3630,-6.6800,-0.2415,0.8260,0.3040,-0.6012,-35.9465,0.9295,1.0000,0.0000,1,0,0,0,0,0.5012
172.8219,255.7846,0.0864,-89.3602,0.6511,2.3441,0.6511,0.0007,2.2740,30.9258,-8.4996,-0.2415,0.8260,0.3040,-0.6026,-36.0251,1.5265,1.0000,0.0000,1,0,0,0,0,0.5737
172.8726,255.8026,0.0864,-89.3297,0.4539,1.6340,0.4532,0.0247,-3.8901,30.4891,-8.6121,-0.2434,0.8260,0.3040,-0.6046,-36.1037,1.5498,1.0000,0.0000,1,0,0,0,0,0.5646
172.9247,255.8153,0.0864,-89.3063,0.5472,1.9697,0.5471,0.0072,1.7898,30.1434,-6.6343,-0.2434,0.8260,0.3040,-0.6066,-36.2232,2.2944,1.0000,0.0000,1,0,0,0,0,0.6930
172.9760,255.8306,0.0864,-89.2792,0.6641,2.3908,0.6641,0.0017,2.2827,29.7011,-8.6319,-0.2454,0.8260,0.3040,-0.6091,-36.3232,1.9510,1.0000,0.0000,1,0,0,0,0,0.6254
173.0381,255.8528,0.0864,-89.2398,0.8045,2.8963,0.8045,0.0005,2.2596,29.1547,-8.7947,-0.2454,0.8260,0.3040,-0.6119,-36.4890,2.6683,1.0000,0.0000,1,0,0,0,0,0.6464
173.0891,255.8737,0.0864,-89.2020,0.8982,3.2333,0.8982,0.0015,1.8379,28.7807,-7.3399,-0.2473,0.8260,0.3040,-0.6150,-36.6324,2.8153,1.0000,0.0000,1,0,0,0,0,0.5892
173.1391,255.8924,0.0864,-89.1662,0.6764,2.4349,0.6762,0.0163,-4.4328,28.3269,-9.0717,-0.2473,0.8260,0.3040,-0.6169,-36.7850,3.0505,1.0000,0.0000,1,0,0,0,0,1.0351
173.1924,255.9101,0.0864,-89.1320,0.7699,2.7715,0.7699,0.0051,1.7555,27.9596,-6.8943,-0.2473,0.8260,0.3040,-0.6176,-36.9112,2.3687,1.0000,0.0000,1,0,0,0,0,0.6134
173.2426,255.9294,0.0864,-89.0948,0.8867,3.1923,0.8867,0.0001,2.3244,27.4898,-9.3451,-0.2493,0.8260,0.3040,-0.6208,-37.0377,2.5151,1.0000,0.0000,1,0,0,0,0,0.6604
173.2943,255.9516,0.0864,-89.0517,1.0038,3.6138,1.0038,0.0022,2.2691,27.0085,-9.3258,-0.2493,0.8260,0.3040,-0.6222,-37.1558,2.2884,1.0000,0.0000,1,0,0,0,0,0.6778
173.3494,255.9777,0.0864,-89.0003,0.5937,2.1374,0.5925,0.0377,-7.4391,26.5368,-8.5563,-0.2493,0.8260,0.3040,-0.6228,-37.2546,1.7927,1.0000,0.0000,1,0,0,0,0,1.5282
173.4071,255.9880,0.0864,-88.9758,0.4636,1.6690,0.4635,0.0089,-2.2536,26.1064,-7.4545,-0.2493,0.8260,0.3040,-0.6230,-37.3138,1.0252,1.0000,0.0000,1,0,0,0,0,0.4711
173.4660,256.0010,0.0864,-88.9480,0.5805,2.0898,0.5805,0.0022,1.9849,25.6599,-7.5803,-0.2493,0.8260,0.3040,-0.6231,-37.3522,0.6521,1.0000,0.0000,1,0,0,0,0,0.5134
173.5278,256.0180,0.0864,-88.9118,0.7209,2.5953,0.7209,0.0000,2.2719,25.1109,-8.8840,-0.2493,0.8260,0.3040,-0.6232,-37.3727,0.3316,1.0000,0.0000,1,0,0,0,0,0.5120
173.5876,256.0375,0.0864,-88.8697,0.8378,3.0160,0.8378,0.0011,1.9535,24.6425,-7.8291,-0.2493,0.8260,0.3040,-0.6232,-37.3829,0.1700,1.0000,0.0000,1,0,0,0,0,0.4642
173.6546,256.0627,0.0864,-88.8143,0.9783,3.5217,0.9783,0.0025,2.0975,24.0673,-8.5878,-0.2493,0.8260,0.3040,-0.6232,-37.3881,0.0776,1.0000,0.0000,1,0,0,0,0,0.5190
173.7060,256.0842,0.0864,-88.7657,1.0953,3.9429,1.0952,0.0037,2.2787,23.5772,-9.5465,-0.2493,0.8260,0.3040,-0.6232,-37.3907,0.0515,1.0000,0.0000,1,0,0,0,0,0.5839
173.7582,256.1080,0.0864,-88.7110,1.1889,4.2801,1.1889,0.0048,1.7926,23.1776,-7.6484,-0.2512,0.8260,0.3040,-0.6246,-37.4060,0.2928,1.0000,0.0000,1,0,0,0,0,0.5014
173.8147,256.1359,0.0864,-88.6456,1.3059,4.7011,1.3058,0.0063,2.0693,22.6674,-9.0265,-0.2512,0.8260,0.3040,-0.6266,-37.4873,1.4385,1.0000,0.0000,1,0,0,0,0,0.6534
173.8695,256.1648,0.0864,-88.5760,1.4228,5.1222,1.4228,0.0079,2.1349,22.1463,-9.5104,-0.2512,0.8260,0.3040,-0.6275,-37.5595,1.3178,1.0000,0.0000,1,0,0,0,0,0.6849
173.9227,256.1903,0.0864,-88.5110,1.2091,4.3526,1.2090,0.0160,-4.0226,21.6395,-9.5360,-0.2512,0.8260,0.3040,-0.6278,-37.6048,0.8515,1.0000,0.0000,1,0,0,0,0,0.7762
173.9731,256.2132,0.0864,-88.4513,1.3259,4.7733,1.3259,0.0012,2.3180,21.1261,-10.1822,-0.2512,0.8260,0.3040,-0.6280,-37.6396,0.6907,1.0000,0.0000,1,0,0,0,0,0.6181
174.0246,256.2385,0.0864,-88.3852,1.4195,5.1102,1.4195,0.0042,1.8166,20.7081,-8.1143,-0.2512,0.8260,0.3040,-0.6280,-37.6591,0.3787,1.0000,0.0000,1,0,0,0,0,0.5165
174.0839,256.2697,0.0864,-88.3025,1.5599,5.6156,1.5598,0.0144,2.3681,20.0688,-10.7851,-0.2512,0.8260,0.3040,-0.6281,-37.6721,0.2200,1.0000,0.0000,1,0,0,0,0,0.7500
174.1339,256.2979,0.0864,-88.2273,1.6534,5.9522,1.6533,0.0200,1.8701,19.6305,-8.7653,-0.2512,0.8260,0.3040,-0.6281,-37.6785,0.1281,1.0000,0.0000,1,0,0,0,0,0.6754
174.1897,256.3305,0.0864,-88.1371,1.7703,6.3731,1.7702,0.0175,2.0952,19.0748,-9.9584,-0.2512,0.8260,0.3040,-0.6281,-37.6821,0.0643,1.0000,0.0000,1,0,0,0,0,0.7047
174.2539,256.3695,0.0864,-88.0253,1.9106,6.8781,1.9105,0.0176,2.1851,18.3892,-10.6798,-0.2512,0.8260,0.3040,-0.6281,-37.6840,0.0296,1.0000,0.0000,1,0,0,0,0,0.7335
174.3113,256.4056,0.0864,-87.9180,2.0274,7.2987,2.0273,0.0191,2.0348,17.8070,-10.1403,-0.2512,0.8065,0.3040,-0.6281,-37.6850,0.0177,1.0000,0.0000,1,0,0,0,0,0.7059
174.3618,256.4382,0.0864,-87.8179,2.1444,7.7198,2.1443,0.0211,2.3168,17.2148,-11.7280,-0.2512,0.7791,0.3040,-0.6281,-37.6855,0.0084,1.0000,0.0000,1,0,0,0,0,0.7999
174.4180,256.4753,0.0864,-87.7000,2.2613,8.1406,2.2612,0.0234,2.0798,16.6127,-10.7141,-0.2512,0.7361,0.3060,-0.6281,-37.6857,0.0045,1.0000,0.0000,1,0,0,0,0,0.7509
174.4749,256.5136,0.0864,-87.5739,2.3782,8.5614,2.3780,0.0259,2.0552,16.0007,-10.7620,-0.2512,0.6892,0.3060,-0.6281,-37.6858,0.0022,1.0000,0.0000,1,0,0,0,0,0.7614
174.5341,256.5541,0.0864,-87.4352,2.4950,8.9819,2.4948,0.0285,1.9722,15.3788,-10.4992,-0.2512,0.6403,0.3060,-0.6281,-37.6859,0.0010,1.0000,0.0000,1,0,0,0,0,0.7548
174.5946,256.5886,0.0862,-87.3028,1.8068,6.5046,1.8064,0.0374,-11.3656,14.8138,-9.3306,-0.2512,0.5953,0.3060,-0.6281,-37.6859,0.0005,1.0000,0.0000,1,0,0,0,0,0.8288
174.6565,256.6089,0.0862,-87.2106,1.2818,4.6145,1.2813,0.0349,-8.4811,14.3928,-6.8006,-0.2434,0.5464,0.3060,-0.6216,-37.6411,0.7249,1.0000,0.0000,1,0,0,0,0,0.8269
174.7116,256.6190,0.0862,-87.1579,0.7503,2.7011,0.7495,0.0343,-9.6514,14.0308,-6.5741,-0.2356,0.5054,0.3060,-0.6067,-37.2623,6.8786,1.0000,0.0000,1,0,0,0,0,1.4340
174.7646,256.6218,0.0862,-87.1349,0.1700,0.6121,0.1677,0.0282,-10.9533,13.7487,-5.3243,-0.2278,0.4800,0.3060,-0.5881,-36.6024,12.4562,1.0000,0.0000,1,0,0,0,0,0.9878
174.8237,256.6193,0.0863,-87.1328,0.0257,0.0925,-0.0024,0.0256,-2.4403,13.5511,-3.3416,-0.2180,0.4663,0.3060,-0.5693,-35.6069,16.8312,1.0000,0.0000,1,0,0,0,0,1.1207
174.8781,256.6168,0.0864,-87.1314,0.0248,0.0894,0.0013,0.0248,-0.0159,13.3801,-3.1430,-0.2102,0.4663,0.3060,-0.5469,-34.4453,21.3480,1.0000,0.0000,1,0,0,0,0,1.3606
174.9380,256.6147,0.0866,-87.1295,0.0575,0.2071,0.0537,0.0206,0.5465,13.2067,-2.8995,-0.2004,0.4663,0.3060,-0.5216,-33.2363,20.2117,1.0000,0.0000,1,0,0,0,0,1.2840
174.9966,256.6128,0.0866,-87.1274,0.0519,0.1868,0.0481,0.0195,-0.0960,13.0621,-2.4659,-0.1926,0.4663,0.3060,-0.5009,-31.8812,23.1165,1.0000,0.0000,1,0,0,0,0,1.4212
175.0507,256.6111,0.0866,-87.1256,0.0454,0.1634,0.0412,0.0190,-0.1201,12.9244,-2.5440,-0.1867,0.4663,0.3060,-0.4827,-30.7641,20.6342,1.0000,0.0000,1,0,0,0,0,1.2877
175.1008,256.6096,0.0865,-87.1240,0.0460,0.1655,0.0420,0.0186,0.0119,12.8158,-2.1663,-0.1828,0.4663,0.3060,-0.4711,-29.7361,20.5204,1.0000,0.0000,1,0,0,0,0,1.2604
175.1631,256.6078,0.0865,-87.1220,0.0385,0.1385,0.0338,0.0184,-0.1207,12.6574,-2.5426,-0.1809,0.4663,0.3060,-0.4598,-28.7868,15.2341,1.0000,0.0000,1,0,0,0,0,0.9876
175.2146,256.6063,0.0865,-87.1204,0.0466,0.1676,0.0429,0.0181,0.1575,12.5274,-2.5248,-0.1770,0.4663,0.3060,-0.4512,-28.0671,13.9836,1.0000,0.0000,1,0,0,0,0,0.9171
175.2653,256.6048,0.0865,-87.1188,0.0423,0.1521,0.0384,0.0176,-0.0849,12.4241,-2.0367,-0.1750,0.4663,0.3060,-0.4450,-27.5473,10.2442,1.0000,0.0000,1,0,0,0,0,0.6823
175.3256,256.6031,0.0865,-87.1170,0.0416,0.1499,0.0378,0.0174,-0.0106,12.2724,-2.5171,-0.1711,0.4663,0.3060,-0.4366,-26.9582,9.7770,1.0000,0.0000,1,0,0,0,0,0.6830
175.3775,256.6017,0.0865,-87.1154,0.0388,0.1397,0.0348,0.0171,-0.0545,12.1727,-1.9224,-0.1691,0.4663,0.3060,-0.4308,-26.4768,9.2787,1.0000,0.0000,1,0,0,0,0,0.6223
175.4392,256.6000,0.0865,-87.1136,0.0391,0.1409,0.0352,0.0171,0.0056,12.0272,-2.3586,-0.1652,0.4663,0.3060,-0.4207,-25.9900,7.8902,1.0000,0.0000,1,0,0,0,0,0.5694
175.4924,256.5986,0.0865,-87.1121,0.0333,0.1197,0.0282,0.0176,-0.1106,11.9083,-2.2352,-0.1613,0.4663,0.3060,-0.4121,-25.4894,9.4123,1.0000,0.0000,1,0,0,0,0,0.6471
175.5511,256.5970,0.0865,-87.1104,0.0362,0.1304,0.0325,0.0161,0.0505,11.7876,-2.0540,-0.1574,0.4663,0.3060,-0.4035,-24.9974,8.3762,1.0000,0.0000,1,0,0,0,0,0.5795
175.6093,256.5956,0.0865,-87.1088,0.0344,0.1240,0.0305,0.0160,-0.0307,11.6723,-1.9806,-0.1554,0.4663,0.3060,-0.3959,-24.4660,9.1238,1.0000,0.0000,1,0,0,0,0,0.6169
175.6600,256.5943,0.0865,-87.1074,0.0319,0.1148,0.0281,0.0150,-0.0502,11.5589,-2.2380,-0.1496,0.4663,0.3060,-0.3862,-23.9600,9.9920,1.0000,0.0000,1,0,0,0,0,0.6794
175.7138,256.5930,0.0865,-87.1059,0.0317,0.1140,0.0273,0.0160,-0.0045,11.4499,-2.0267,-0.1496,0.4663,0.3060,-0.3792,-23.5180,8.2136,1.0000,0.0000,1,0,0,0,0,0.5689
175.7664,256.5917,0.0865,-87.1045,0.0321,0.1154,0.0283,0.0151,0.0075,11.3612,-1.6846,-0.1476,0.4663,0.3060,-0.3742,-23.0612,8.6761,1.0000,0.0000,1,0,0,0,0,0.5756
175.8243,256.5903,0.0865,-87.1030,0.0326,0.1174,0.0292,0.0144,0.0095,11.2283,-2.2970,-0.1457,0.4663,0.3060,-0.3678,-22.6482,7.1406,1.0000,0.0000,1,0,0,0,0,0.5243
175.8799,256.5891,0.0865,-87.1016,0.0319,0.1148,0.0281,0.0151,-0.0127,11.1254,-1.8476,-0.1457,0.4663,0.3060,-0.3658,-22.3002,6.2518,1.0000,0.0000,1,0,0,0,0,0.4500
175.9363,256.5877,0.0865,-87.1001,0.0318,0.1145,0.0283,0.0145,-0.0017,11.0166,-1.9317,-0.1457,0.4663,0.3060,-0.3649,-22.1210,3.1814,1.0000,0.0000,1,0,0,0,0,0.2841
175.9902,256.5865,0.0865,-87.0987,0.0330,0.1190,0.0297,0.0146,0.0232,10.9313,-1.5822,-0.1457,0.4663,0.3060,-0.3645,-22.0005,2.2343,1.0000,0.0000,1,0,0,0,0,0.2120
176.0473,256.5851,0.0865,-87.0972,0.0325,0.1170,0.0291,0.0145,-0.0095,10.8038,-2.2337,-0.1457,0.4663,0.3060,-0.3643,-21.9261,1.3037,1.0000,0.0000,1,0,0,0,0,0.1965
176.1069,256.5837,0.0865,-87.0957,0.0331,0.1190,0.0297,0.0145,0.0092,10.6964,-1.8006,-0.1457,0.4663,0.3060,-0.3642,-21.8916,0.5788,1.0000,0.0000,1,0,0,0,0,0.1322
176.1576,256.5826,0.0865,-87.0943,0.0308,0.1110,0.0272,0.0145,-0.0438,10.5896,-2.1066,-0.1457,0.4663,0.3060,-0.3642,-21.8724,0.3782,1.0000,0.0000,1,0,0,0,0,0.1380
176.2177,256.5811,0.0865,-87.0928,0.0319,0.1149,0.0288,0.0138,0.0180,10.4809,-1.8110,-0.1457,0.4663,0.3060,-0.3642,-21.8625,0.1653,1.0000,0.0000,1,0,0,0,0,0.1098
176.2707,256.5799,0.0865,-87.0914,0.0316,0.1138,0.0279,0.0147,-0.0059,10.3746,-2.0029,-0.1437,0.4663,0.3060,-0.3618,-21.8243,0.7183,1.0000,0.0000,1,0,0,0,0,0.1512
176.3217,256.5787,0.0865,-87.0901,0.0306,0.1103,0.0265,0.0153,-0.0187,10.2903,-1.6518,-0.1437,0.4663,0.3060,-0.3606,-21.7428,1.5996,1.0000,0.0000,1,0,0,0,0,0.1806
176.3797,256.5773,0.0865,-87.0886,0.0314,0.1129,0.0280,0.0142,0.0121,10.1595,-2.2587,-0.1437,0.4663,0.3060,-0.3598,-21.6765,1.1430,1.0000,0.0000,1,0,0,0,0,0.1890
176.4310,256.5761,0.0865,-87.0872,0.0322,0.1160,0.0289,0.0144,0.0172,10.0741,-1.6620,-0.1437,0.4663,0.3060,-0.3595,-21.6261,0.9827,1.0000,0.0000,1,0,0,0,0,0.1469
176.4830,256.5750,0.0865,-87.0859,0.0311,0.1118,0.0275,0.0145,-0.0224,9.9690,-2.0223,-0.1437,0.4663,0.3060,-0.3594,-21.5993,0.5152,1.0000,0.0000,1,0,0,0,0,0.1410
176.5468,256.5735,0.0865,-87.0842,0.0307,0.1104,0.0272,0.0142,-0.0065,9.8381,-2.0526,-0.1437,0.4663,0.3060,-0.3593,-21.5803,0.2982,1.0000,0.0000,1,0,0,0,0,0.1306
176.6004,256.5722,0.0865,-87.0828,0.0310,0.1116,0.0271,0.0150,0.0065,9.7533,-1.5835,-0.1437,0.4663,0.3060,-0.3593,-21.5692,0.2068,1.0000,0.0000,1,0,0,0,0,0.0995
176.6542,256.5709,0.0865,-87.0814,0.0321,0.1156,0.0288,0.0141,0.0204,9.6438,-2.0329,-0.1437,0.4663,0.3060,-0.3593,-21.5648,0.0812,1.0000,0.0000,1,0,0,0,0,0.1174
176.7072,256.5697,0.0865,-87.0800,0.0306,0.1100,0.0266,0.0150,-0.0289,9.5376,-2.0040,-0.1437,0.4663,0.3060,-0.3593,-21.5618,0.0572,1.0000,0.0000,1,0,0,0,0,0.1145
176.7574,256.5685,0.0865,-87.0787,0.0316,0.1137,0.0285,0.0135,0.0202,9.4273,-2.1995,-0.1437,0.4663,0.3060,-0.3593,-21.5604,0.0272,1.0000,0.0000,1,0,0,0,0,0.1237
176.8186,256.5671,0.0865,-87.0770,0.0309,0.1114,0.0275,0.0142,-0.0105,9.3193,-1.7646,-0.1437,0.4663,0.3060,-0.3593,-21.5595,0.0140,1.0000,0.0000,1,0,0,0,0,0.0988
176.8714,256.5659,0.0865,-87.0756,0.0325,0.1170,0.0294,0.0139,0.0298,9.2115,-2.0381,-0.1437,0.4663,0.3060,-0.3593,-21.5591,0.0075,1.0000,0.0000,1,0,0,0,0,0.1136
176.9224,256.5647,0.0865,-87.0742,0.0316,0.1137,0.0283,0.0139,-0.0182,9.1243,-1.7119,-0.1437,0.4663,0.3060,-0.3593,-21.5589,0.0043,1.0000,0.0000,1,0,0,0,0,0.0953
176.9731,256.5635,0.0865,-87.0729,0.0314,0.1130,0.0279,0.0143,-0.0036,9.0170,-2.1143,-0.1437,0.4663,0.3060,-0.3593,-21.5588,0.0018,1.0000,0.0000,1,0,0,0,0,0.1176
177.0275,256.5622,0.0865,-87.0714,0.0312,0.1123,0.0277,0.0143,-0.0038,8.9079,-2.0079,-0.1437,0.4663,0.3060,-0.3593,-21.5588,0.0012,1.0000,0.0000,1,0,0,0,0,0.1116
177.0851,256.5609,0.0865,-87.0699,0.0306,0.1100,0.0269,0.0144,-0.0110,8.7982,-1.9036,-0.1437,0.4663,0.3060,-0.3593,-21.5587,0.0005,1.0000,0.0000,1,0,0,0,0,0.1058
177.1355,256.5597,0.0865,-87.0685,0.0324,0.1166,0.0293,0.0137,0.0362,8.6857,-2.2326,-0.1457,0.4663,0.3060,-0.3613,-21.5739,0.3008,1.0000,0.0000,1,0,0,0,0,0.1407
177.1872,256.5585,0.0865,-87.0671,0.0329,0.1186,0.0296,0.0145,0.0107,8.5982,-1.6919,-0.1496,0.4663,0.3060,-0.3659,-21.6958,2.3570,1.0000,0.0000,1,0,0,0,0,0.2249
177.2389,256.5572,0.0865,-87.0657,0.0313,0.1128,0.0274,0.0152,-0.0307,8.4847,-2.1947,-0.1515,0.4663,0.3060,-0.3724,-21.8883,3.7228,1.0000,0.0000,1,0,0,0,0,0.3288
177.2940,256.5559,0.0865,-87.0641,0.0355,0.1279,0.0321,0.0152,0.0758,8.3706,-2.0732,-0.1535,0.4663,0.3060,-0.3780,-22.1854,5.3969,1.0000,0.0000,1,0,0,0,0,0.4150
177.3442,256.5546,0.0865,-87.0626,0.0343,0.1235,0.0310,0.0146,-0.0243,8.2758,-1.8870,-0.1554,0.4663,0.3060,-0.3832,-22.5385,7.0306,1.0000,0.0000,1,0,0,0,0,0.4954
177.4064,256.5530,0.0865,-87.0608,0.0354,0.1274,0.0321,0.0148,0.0176,8.1330,-2.2948,-0.1594,0.4663,0.3060,-0.3917,-22.8975,5.7692,1.0000,0.0000,1,0,0,0,0,0.4480
177.4637,256.5516,0.0865,-87.0591,0.0351,0.1264,0.0314,0.0156,-0.0050,8.0137,-2.0809,-0.1633,0.4663,0.3060,-0.3987,-23.3596,8.0600,1.0000,0.0000,1,0,0,0,0,0.5634
177.5188,256.5501,0.0865,-87.0574,0.0361,0.1301,0.0329,0.0150,0.0187,7.8868,-2.3067,-0.1672,0.4663,0.3060,-0.4079,-23.7395,6.9049,1.0000,0.0000,1,0,0,0,0,0.5118
177.5791,256.5485,0.0865,-87.0555,0.0393,0.1415,0.0357,0.0165,0.0525,7.7373,-2.4793,-0.1711,0.4663,0.3060,-0.4184,-24.2718,8.8264,1.0000,0.0000,1,0,0,0,0,0.6281
177.6303,256.5471,0.0865,-87.0539,0.0384,0.1384,0.0350,0.0160,-0.0166,7.6307,-2.0798,-0.1750,0.4663,0.3060,-0.4268,-24.8091,10.4864,1.0000,0.0000,1,0,0,0,0,0.6981
177.6870,256.5455,0.0865,-87.0521,0.0397,0.1428,0.0359,0.0168,0.0216,7.5005,-2.2972,-0.1770,0.4663,0.3060,-0.4343,-25.3651,9.8091,1.0000,0.0000,1,0,0,0,0,0.6726
177.7396,256.5440,0.0865,-87.0503,0.0395,0.1421,0.0359,0.0163,-0.0041,7.3614,-2.6442,-0.1770,0.4506,0.3060,-0.4389,-25.7557,7.4222,1.0000,0.0000,1,0,0,0,0,0.5592
177.7967,256.5423,0.0865,-87.0484,0.0400,0.1442,0.0364,0.0167,0.0103,7.2268,-2.3583,-0.1770,0.4135,0.3060,-0.4409,-26.1146,6.2880,1.0000,0.0000,1,0,0,0,0,0.4803
177.8567,256.5406,0.0865,-87.0463,0.0358,0.1290,0.0311,0.0178,-0.0702,7.0618,-2.7476,-0.1789,0.3568,0.3060,-0.4450,-26.3604,4.0936,1.0000,0.0000,1,0,0,0,0,0.3801
177.9161,256.5389,0.0865,-87.0444,0.0400,0.1439,0.0367,0.0159,0.0698,6.9249,-2.3063,-0.1789,0.3177,0.3060,-0.4463,-26.5570,3.3119,0.9686,0.0000,1,0,0,0,0,0.3121
177.9704,256.5374,0.0865,-87.0426,0.0375,0.1349,0.0345,0.0146,-0.0459,6.7965,-2.3656,-0.1789,0.2981,0.3060,-0.4469,-26.6799,2.2655,0.9183,0.0000,1,0,0,0,0,0.2573
178.0219,256.5361,0.0865,-87.0411,0.0378,0.1361,0.0347,0.0151,0.0061,6.6780,-2.3004,-0.1789,0.2962,0.3060,-0.4471,-26.7429,1.2223,0.8815,0.0000,1,0,0,0,0,0.1957
178.0788,256.5347,0.0865,-87.0394,0.0370,0.1331,0.0343,0.0137,-0.0147,6.5591,-2.0912,-0.1789,0.2962,0.3060,-0.4472,-26.7911,0.8482,0.8635,0.0000,1,0,0,0,0,0.1633
178.1364,256.5333,0.0865,-87.0377,0.0363,0.1305,0.0336,0.0135,-0.0121,6.4459,-1.9624,-0.1809,0.2962,0.3060,-0.4492,-26.8255,0.5965,0.8547,0.0000,1,0,0,0,0,0.1422
178.1962,256.5319,0.0865,-87.0360,0.0366,0.1319,0.0341,0.0135,0.0064,6.3302,-1.9342,-0.1809,0.2884,0.3060,-0.4509,-26.9195,1.5714,0.8449,0.0000,1,0,0,0,0,0.1948
178.2511,256.5306,0.0865,-87.0345,0.0360,0.1297,0.0336,0.0131,-0.0112,6.2180,-2.0473,-0.1809,0.2708,0.3060,-0.4516,-26.9998,1.4648,0.8185,0.0000,1,0,0,0,0,0.1951
178.3021,256.5295,0.0866,-87.0331,0.0352,0.1268,0.0328,0.0128,-0.0158,6.1121,-2.0741,-0.1809,0.2649,0.3060,-0.4519,-27.0525,1.0323,0.7893,0.0000,1,0,0,0,0,0.1726
178.3528,256.5284,0.0866,-87.0318,0.0338,0.1217,0.0313,0.0128,-0.0277,6.0281,-1.6563,-0.1809,0.2630,0.3060,-0.4520,-27.0844,0.6296,0.7727,0.0000,1,0,0,0,0,0.1270
178.4077,256.5272,0.0866,-87.0303,0.0349,0.1257,0.0326,0.0125,0.0200,5.9281,-1.8216,-0.1809,0.2630,0.3060,-0.4521,-27.1045,0.3668,0.7618,0.0000,1,0,0,0,0,0.1216
178.4649,256.5260,0.0866,-87.0289,0.0305,0.1098,0.0277,0.0127,-0.0772,5.8240,-1.8207,-0.1809,0.2610,0.3060,-0.4521,-27.1168,0.2141,0.7557,0.0000,1,0,0,0,0,0.1130
178.5262,256.5248,0.0866,-87.0273,0.0298,0.1073,0.0274,0.0116,-0.0114,5.7033,-1.9701,-0.1809,0.2610,0.3060,-0.4522,-27.1231,0.1037,0.7499,0.0000,1,0,0,0,0,0.1152
178.5870,256.5235,0.0866,-87.0258,0.0341,0.1228,0.0321,0.0116,0.0708,5.6048,-1.6192,-0.1828,0.2630,0.3060,-0.4541,-27.1480,0.4090,0.7502,0.0000,1,0,0,0,0,0.1127
178.6386,256.5225,0.0865,-87.0245,0.0278,0.0999,0.0244,0.0133,-0.1229,5.5018,-1.9941,-0.1848,0.2630,0.3060,-0.4586,-27.2602,2.1710,0.7507,0.0000,1,0,0,0,0,0.2314
178.6892,256.5214,0.0866,-87.0232,0.0354,0.1273,0.0333,0.0119,0.1501,5.4009,-1.9940,-0.1867,0.2649,0.3060,-0.4624,-27.4128,3.0156,0.7524,0.0000,1,0,0,0,0,0.2783
178.7413,256.5203,0.0866,-87.0218,0.0338,0.1215,0.0318,0.0113,-0.0308,5.3171,-1.6107,-0.1867,0.2649,0.3060,-0.4646,-27.6099,3.7868,0.7543,0.0000,1,0,0,0,0,0.2999
178.7962,256.5191,0.0866,-87.0204,0.0294,0.1058,0.0260,0.0137,-0.0794,5.2132,-1.8922,-0.1867,0.2571,0.3060,-0.4659,-27.7552,2.6468,0.7526,0.0000,1,0,0,0,0,0.2522
178.8535,256.5179,0.0866,-87.0190,0.0270,0.0974,0.0248,0.0108,-0.0411,5.1130,-1.7472,-0.1867,0.1515,0.3060,-0.4664,-27.8772,2.1279,0.6457,0.0000,1,0,0,0,0,0.2153
178.9126,256.5168,0.0866,-87.0182,0.0118,0.0423,0.0056,0.0103,-0.2590,4.9995,-1.9240,-0.1867,0.1750,0.3060,-0.4667,-27.9376,1.0224,0.4044,0.0000,1,0,0,0,0,0.1637
178.9627,256.5158,0.0866,-87.0176,0.0111,0.0399,0.0064,0.0091,-0.0132,4.9347,-1.2925,-0.1867,0.0029,0.3060,-0.4667,-27.9687,0.6209,0.3807,0.0000,1,0,0,0,0,0.1063
179.0156,256.5150,0.0865,-87.0172,0.0065,0.0234,-0.0012,0.0064,-0.0866,4.8827,-0.9816,-0.1867,-0.1241,0.3060,-0.4668,-27.9861,0.3294,0.1863,0.0000,1,0,0,0,0,0.0728
179.0785,256.5145,0.0864,-87.0170,0.0028,0.0101,-0.0006,0.0028,-0.0589,4.8538,-0.4592,-0.1867,-0.1554,0.3060,-0.4668,-27.9977,0.1836,0.0790,0.0000,1,0,0,0,0,0.0357
179.1373,256.5143,0.0864,-87.0169,0.0014,0.0051,-0.0003,0.0014,-0.0237,4.8435,-0.1749,-0.1867,-0.1554,0.3060,-0.4668,-28.0034,0.0980,0.0387,0.0000,1,0,0,0,0,0.0152
179.1990,256.5142,0.0864,-87.0168,0.0003,0.0010,-0.0001,0.0003,-0.0183,4.8367,-0.1098,-0.1867,-0.1554,0.3060,-0.4668,-28.0062,0.0442,0.0164,0.0000,1,0,0,0,0,0.0086
179.2561,256.5142,0.0864,-87.0168,0.0006,0.0021,-0.0002,0.0006,0.0052,4.8351,-0.0278,-0.1867,-0.1554,0.3060,-0.4668,-28.0075,0.0234,0.0080,0.0000,1,0,0,0,0,0.0028
179.3137,256.5142,0.0864,-87.0168,0.0008,0.0027,-0.0002,0.0007,0.0029,4.8348,-0.0058,-0.1867,-0.1144,0.3060,-0.4668,-28.0081,0.0096,0.0039,0.0000,1,0,0,0,0,0.0009
179.3677,256.5142,0.0864,-87.0168,0.0006,0.0021,-0.0001,0.0006,-0.0030,4.8332,-0.0288,-0.1867,-0.0538,0.3060,-0.4668,-28.0084,0.0062,0.0019,0.0000,1,0,0,0,0,0.0019
179.4287,256.5142,0.0864,-87.0167,0.0001,0.0003,0.0000,0.0001,-0.0085,4.8332,0.0000,-0.1867,-0.0029,0.3060,-0.4668,-28.0086,0.0026,0.0009,0.0000,1,0,0,0,0,0.0001
179.4802,256.5142,0.0864,-87.0167,0.0002,0.0009,-0.0001,0.0002,0.0032,4.8316,-0.0320,-0.1867,0.0088,0.3060,-0.4668,-28.0086,0.0014,0.0111,0.0000,1,0,0,0,0,0.0019
179.5360,256.5141,0.0864,-87.0167,0.0000,0.0002,0.0000,0.0000,-0.0036,4.8285,-0.0558,-0.1867,0.0088,0.3060,-0.4668,-28.0087,0.0006,0.0182,0.0000,1,0,0,0,0,0.0031
179.5884,256.5140,0.0864,-87.0167,0.0001,0.0003,0.0000,0.0001,0.0007,4.8230,-0.1036,-0.1867,0.0088,0.3060,-0.4668,-28.0087,0.0003,0.0217,0.0000,1,0,0,0,0,0.0058
179.6425,256.5140,0.0864,-87.0166,0.0004,0.0013,-0.0001,0.0004,0.0054,4.8181,-0.0908,-0.1867,0.0088,0.3060,-0.4668,-28.0087,0.0002,0.0235,0.0000,1,0,0,0,0,0.0051
179.7028,256.5139,0.0864,-87.0166,0.0008,0.0028,-0.0002,0.0008,0.0067,4.8125,-0.0936,-0.1867,0.0088,0.3060,-0.4668,-28.0087,0.0000,0.0243,0.0000,1,0,0,0,0,0.0052
179.7620,256.5138,0.0864,-87.0166,0.0004,0.0015,-0.0001,0.0004,-0.0060,4.8065,-0.1006,-0.1867,0.0088,0.3060,-0.4668,-28.0087,0.0000,0.0247,0.0000,1,0,0,0,0,0.0056
179.8159,256.5137,0.0864,-87.0165,0.0008,0.0030,-0.0002,0.0008,0.0078,4.8015,-0.0923,-0.1867,0.0088,0.3060,-0.4668,-28.0087,0.0000,0.0249,0.0000,1,0,0,0,0,0.0051
179.8709,256.5137,0.0864,-87.0165,0.0007,0.0027,-0.0002,0.0007,-0.0016,4.7956,-0.1081,-0.1867,0.0088,0.3060,-0.4668,-28.0087,0.0000,0.0250,0.0000,1,0,0,0,0,0.0060
179.9326,256.5136,0.0864,-87.0165,0.0010,0.0035,-0.0003,0.0009,0.0035,4.7888,-0.1094,-0.1867,0.0088,0.3060,-0.4668,-28.0087,0.0000,0.0251,0.0000,1,0,0,0,0,0.0061
179.9829,256.5135,0.0864,-87.0165,0.0008,0.0028,-0.0002,0.0007,-0.0037,4.7844,-0.0879,-0.1867,0.0088,0.3060,-0.4668,-28.0087,0.0000,0.0251,0.0000,1,0,0,0,0,0.0049
180.0434,256.5134,0.0864,-87.0164,0.0007,0.0025,-0.0002,0.0007,-0.0014,4.7773,-0.1176,-0.1867,0.0127,0.3060,-0.4668,-28.0087,0.0000,0.0279,0.0000,1,0,0,0,0,0.0065
180.0949,256.5133,0.0864,-87.0164,0.0010,0.0034,-0.0003,0.0009,0.0050,4.7706,-0.1304,-0.1867,0.0245,0.3060,-0.4668,-28.0087,0.0000,0.0408,0.0000,1,0,0,0,0,0.0072
180.1546,256.5132,0.0864,-87.0163,0.0033,0.0120,-0.0009,0.0032,0.0400,4.7542,-0.2749,-0.1867,0.0577,0.3060,-0.4668,-28.0087,0.0000,0.0885,0.0000,1,0,0,0,0,0.0153
180.2110,256.5128,0.0864,-87.0161,0.0059,0.0213,-0.0016,0.0057,0.0456,4.7188,-0.6280,-0.1867,0.1496,0.3060,-0.4668,-28.0087,0.0000,0.2171,0.0000,1,0,0,0,0,0.0349
180.2684,256.5120,0.0865,-87.0157,0.0105,0.0379,-0.0030,0.0101,0.0806,4.6464,-1.2593,-0.1867,0.2375,0.3060,-0.4668,-28.0087,0.0000,0.4026,0.0000,1,0,0,0,0,0.0700
180.3255,256.5107,0.0866,-87.0147,0.0291,0.1049,0.0270,0.0110,0.3259,4.5617,-1.4846,-0.1867,0.3412,0.3060,-0.4668,-28.0087,0.0000,0.6449,0.0000,1,0,0,0,0,0.0825
180.3823,256.5095,0.0866,-87.0132,0.0398,0.1433,0.0374,0.0136,0.1874,4.4563,-1.8534,-0.1867,0.3783,0.3060,-0.4668,-28.0087,0.0000,0.8256,0.0000,1,0,0,0,0,0.1030
180.4354,256.5081,0.0865,-87.0115,0.0411,0.1481,0.0383,0.0149,0.0252,4.3265,-2.4450,-0.1867,0.4037,0.3060,-0.4668,-28.0087,0.0000,0.9147,0.0000,1,0,0,0,0,0.1358
180.4877,256.5067,0.0865,-87.0097,0.0424,0.1527,0.0394,0.0158,0.0246,4.1872,-2.6651,-0.1867,0.4194,0.3060,-0.4668,-28.0087,0.0000,0.9582,0.0000,1,0,0,0,0,0.1481
180.5431,256.5050,0.0865,-87.0077,0.0436,0.1571,0.0405,0.0164,0.0220,4.0422,-2.6187,-0.1867,0.4252,0.3060,-0.4668,-28.0087,0.0000,0.9796,0.0000,1,0,0,0,0,0.1455
180.6008,256.5033,0.0865,-87.0056,0.0427,0.1538,0.0396,0.0161,-0.0157,3.8928,-2.5857,-0.1867,0.4252,0.3060,-0.4668,-28.0087,0.0000,0.9900,0.0000,1,0,0,0,0,0.1436
180.6584,256.5015,0.0865,-87.0035,0.0392,0.1411,0.0352,0.0173,-0.0612,3.7431,-2.5992,-0.1867,0.4272,0.3060,-0.4668,-28.0087,0.0000,0.9951,0.0000,1,0,0,0,0,0.1444
180.7145,256.4998,0.0865,-87.0015,0.0435,0.1568,0.0403,0.0164,0.0774,3.5915,-2.7033,-0.1867,0.4272,0.3060,-0.4668,-28.0087,0.0000,0.9976,0.0000,1,0,0,0,0,0.1502
180.7706,256.4980,0.0865,-86.9994,0.0379,0.1365,0.0341,0.0165,-0.1004,3.4383,-2.7290,-0.1867,0.4272,0.3060,-0.4668,-28.0087,0.0000,0.9988,0.0000,1,0,0,0,0,0.1516
180.8224,256.4964,0.0865,-86.9974,0.0435,0.1566,0.0405,0.0158,0.1082,3.2854,-2.9555,-0.1867,0.4272,0.3060,-0.4668,-28.0087,0.0000,0.9994,0.0000,1,0,0,0,0,0.1642
180.8731,256.4948,0.0865,-86.9955,0.0386,0.1391,0.0348,0.0168,-0.0961,3.1643,-2.3868,-0.1867,0.4272,0.3060,-0.4668,-28.0087,0.0000,0.9997,0.0000,1,0,0,0,0,0.1326
180.9290,256.4931,0.0865,-86.9935,0.0443,0.1595,0.0412,0.0162,0.1013,3.0096,-2.7664,-0.1867,0.4272,0.3060,-0.4668,-28.0087,0.0000,0.9998,0.0000,1,0,0,0,0,0.1537
180.9807,256.4915,0.0865,-86.9915,0.0378,0.1361,0.0335,0.0176,-0.1259,2.8562,-2.9725,-0.1867,0.4272,0.3060,-0.4668,-28.0087,0.0000,0.9999,0.0000,1,0,0,0,0,0.1651
181.0417,256.4896,0.0865,-86.9893,0.0432,0.1554,0.0405,0.0148,0.0877,2.6687,-3.0684,-0.1867,0.4272,0.3060,-0.4668,-28.0087,0.0000,1.0000,0.0000,1,0,0,0,0,0.1705
181.1009,256.4877,0.0865,-86.9870,0.0417,0.1501,0.0382,0.0167,-0.0249,2.5179,-2.5509,-0.1867,0.4272,0.3060,-0.4668,-28.0087,0.0000,1.0000,0.0000,1,0,0,0,0,0.1417
181.1536,256.4861,0.0865,-86.9851,0.0425,0.1531,0.0399,0.0149,0.0160,2.3592,-3.0116,-0.1867,0.4272,0.3060,-0.4668,-28.0087,0.0000,1.0000,0.0000,1,0,0,0,0,0.1673
181.2052,256.4845,0.0865,-86.9831,0.0432,0.1557,0.0404,0.0154,0.0137,2.2347,-2.4119,-0.1867,0.4272,0.3060,-0.4668,-28.0087,0.0000,1.0000,0.0000,1,0,0,0,0,0.1340
181.2553,256.4829,0.0865,-86.9812,0.0380,0.1368,0.0335,0.0180,-0.1047,2.0805,-3.0736,-0.1867,0.4272,0.3060,-0.4668,-28.0087,0.0000,1.0000,0.0000,1,0,0,0,0,0.1708
181.3094,256.4812,0.0865,-86.9792,0.0451,0.1623,0.0422,0.0159,0.1313,1.9250,-2.8802,-0.1867,0.4272,0.3060,-0.4668,-28.0087,0.0000,1.0000,0.0000,1,0,0,0,0,0.1600
181.3618,256.4796,0.0865,-86.9772,0.0442,0.1589,0.0415,0.0150,-0.0177,1.7982,-2.4193,-0.1887,0.4272,0.3060,-0.4676,-28.0087,0.0000,1.0000,0.0000,1,0,0,0,0,0.1344
181.4240,256.4776,0.0865,-86.9749,0.0386,0.1389,0.0339,0.0185,-0.0895,1.6106,-3.0142,-0.1906,0.4272,0.3060,-0.4721,-28.0950,1.3867,1.0000,0.0000,1,0,0,0,0,0.2445
181.4803,256.4758,0.0865,-86.9727,0.0439,0.1582,0.0412,0.0153,0.0951,1.4491,-2.8698,-0.1926,0.4272,0.3060,-0.4775,-28.3199,3.9961,1.0000,0.0000,1,0,0,0,0,0.3814
181.5345,256.4741,0.0865,-86.9706,0.0431,0.1551,0.0397,0.0168,-0.0156,1.2893,-2.9477,-0.1945,0.4272,0.3060,-0.4821,-28.5553,4.3413,1.0000,0.0000,1,0,0,0,0,0.4049
181.5869,256.4723,0.0865,-86.9685,0.0451,0.1623,0.0425,0.0152,0.0382,1.1223,-3.1838,-0.1965,0.4272,0.3060,-0.4869,-28.7897,4.4686,1.0000,0.0000,1,0,0,0,0,0.4251
181.6374,256.4707,0.0865,-86.9666,0.0458,0.1649,0.0430,0.0158,0.0138,0.9933,-2.5579,-0.1965,0.4272,0.3060,-0.4890,-29.0413,4.9885,1.0000,0.0000,1,0,0,0,0,0.4192
181.6890,256.4690,0.0865,-86.9645,0.0454,0.1634,0.0427,0.0154,-0.0080,0.8238,-3.2833,-0.1965,0.4272,0.3060,-0.4903,-29.2010,3.0946,1.0000,0.0000,1,0,0,0,0,0.3543
181.7489,256.4670,0.0865,-86.9621,0.0405,0.1459,0.0368,0.0170,-0.0811,0.6577,-2.7707,-0.1984,0.4272,0.3060,-0.4928,-29.3467,2.4302,1.0000,0.0000,1,0,0,0,0,0.2889
181.8088,256.4650,0.0865,-86.9597,0.0439,0.1581,0.0415,0.0145,0.0569,0.4512,-3.4494,-0.1984,0.4272,0.3060,-0.4949,-29.5035,2.6206,1.0000,0.0000,1,0,0,0,0,0.3372
181.8595,256.4633,0.0865,-86.9576,0.0456,0.1642,0.0430,0.0152,0.0332,0.3159,-2.6703,-0.1984,0.4272,0.3060,-0.4955,-29.6022,1.9464,1.0000,0.0000,1,0,0,0,0,0.2565
181.9119,256.4615,0.0865,-86.9555,0.0400,0.1439,0.0359,0.0176,-0.1072,0.1466,-3.2284,-0.1984,0.4272,0.3060,-0.4958,-29.6735,1.3595,1.0000,0.0000,1,0,0,0,0,0.2549
181.9696,256.4595,0.0865,-86.9532,0.0467,0.1681,0.0441,0.0153,0.1165,359.9736,-2.9979,-0.1984,0.4272,0.3060,-0.4960,-29.7137,0.6963,1.0000,0.0000,1,0,0,0,0,0.2052
182.0207,256.4578,0.0865,-86.9511,0.0403,0.1450,0.0360,0.0180,-0.1257,359.8026,-3.3445,-0.1984,0.4272,0.3060,-0.4961,-29.7361,0.4399,1.0000,0.0000,1,0,0,0,0,0.2102
182.0726,256.4560,0.0865,-86.9490,0.0465,0.1673,0.0441,0.0147,0.1196,359.6637,-2.6772,-0.1984,0.4272,0.3060,-0.4961,-29.7496,0.2592,1.0000,0.0000,1,0,0,0,0,0.1631
182.1309,256.4540,0.0865,-86.9467,0.0468,0.1684,0.0442,0.0152,0.0052,359.4555,-3.5731,-0.1945,0.4272,0.3060,-0.4923,-29.7306,0.3255,1.0000,0.0000,1,0,0,0,0,0.2166
182.1817,256.4523,0.0865,-86.9446,0.0480,0.1730,0.0456,0.0151,0.0248,359.3214,-2.6428,-0.1906,0.4272,0.3060,-0.4856,-29.5613,3.3370,1.0000,0.0000,1,0,0,0,0,0.3322
182.2393,256.4504,0.0865,-86.9424,0.0401,0.1443,0.0366,0.0164,-0.1380,359.1544,-2.8949,-0.1828,0.4272,0.3060,-0.4736,-29.1727,6.7383,1.0000,0.0000,1,0,0,0,0,0.5352
182.2920,256.4488,0.0865,-86.9404,0.0451,0.1625,0.0428,0.0142,0.0959,358.9928,-3.0713,-0.1730,0.4272,0.3060,-0.4549,-28.4480,13.7667,1.0000,0.0000,1,0,0,0,0,0.9354
182.3442,256.4472,0.0865,-86.9384,0.0397,0.1427,0.0376,0.0127,-0.1049,358.8361,-2.9977,-0.1633,0.4272,0.3060,-0.4324,-27.6126,15.9800,1.0000,0.0000,1,0,0,0,0,1.0543
182.3967,256.4457,0.0865,-86.9366,0.0372,0.1341,0.0345,0.0139,-0.0458,358.6909,-2.7637,-0.1515,0.4272,0.3060,-0.4063,-26.5680,19.8967,1.0000,0.0000,1,0,0,0,0,1.2589
182.4552,256.4441,0.0865,-86.9347,0.0379,0.1363,0.0361,0.0115,0.0104,358.5532,-2.3567,-0.1417,0.4272,0.3060,-0.3808,-25.0017,26.8011,1.0000,0.0000,1,0,0,0,0,1.6199
182.5142,256.4426,0.0864,-86.9329,0.0350,0.1261,0.0332,0.0111,-0.0479,358.4205,-2.2486,-0.1359,0.4272,0.3060,-0.3623,-23.5747,24.1712,1.0000,0.0000,1,0,0,0,0,1.4678
182.5703,256.4413,0.0864,-86.9312,0.0324,0.1166,0.0306,0.0105,-0.0471,358.2949,-2.2400,-0.1320,0.4272,0.3060,-0.3456,-22.4473,20.1041,1.0000,0.0000,1,0,0,0,0,1.2413
182.6279,256.4399,0.0864,-86.9296,0.0315,0.1134,0.0298,0.0101,-0.0154,358.1745,-2.0917,-0.1242,0.4272,0.3060,-0.3288,-21.1599,22.3684,1.0000,0.0000,1,0,0,0,0,1.3589
182.6840,256.4387,0.0864,-86.9281,0.0295,0.1063,0.0280,0.0093,-0.0349,358.0373,-2.4437,-0.1164,0.4272,0.3060,-0.3082,-20.2941,15.4266,1.0000,0.0000,1,0,0,0,0,0.9928
182.7375,256.4375,0.0864,-86.9268,0.0291,0.1049,0.0280,0.0082,-0.0076,357.9498,-1.6341,-0.1105,0.4272,0.3060,-0.2929,-19.0460,23.3115,1.0000,0.0000,1,0,0,0,0,1.3859
182.7902,256.4363,0.0864,-86.9255,0.0348,0.1251,0.0345,0.0040,0.1069,357.8432,-2.0243,-0.1026,0.4272,0.3060,-0.2745,-18.1508,16.9892,1.0000,0.0000,1,0,0,0,0,1.0563
182.8421,256.4356,0.0864,-86.9224,0.1206,0.4342,0.1200,0.0118,1.6555,357.7073,-2.6202,-0.0987,0.4272,0.3060,-0.2611,-17.1589,19.1249,1.0000,0.0000,1,0,0,0,0,1.2081
182.8935,256.4353,0.0864,-86.9136,0.2185,0.7866,0.2185,0.0006,1.9040,357.5660,-2.7486,-0.0968,0.4272,0.3060,-0.2522,-16.2759,17.1762,1.0000,0.0000,1,0,0,0,0,1.1069
182.9474,256.4344,0.0864,-86.8983,0.3356,1.2080,0.3356,0.0020,2.1701,357.3915,-3.2351,-0.0929,0.4272,0.3060,-0.2422,-15.5048,14.2965,1.0000,0.0000,1,0,0,0,0,0.9740
183.0040,256.4332,0.0864,-86.8757,0.4524,1.6288,0.4524,0.0023,2.0656,357.2195,-3.0399,-0.0909,0.4272,0.3060,-0.2341,-14.8894,10.8768,1.0000,0.0000,1,0,0,0,0,0.7732
183.0609,256.4315,0.0864,-86.8461,0.5695,2.0502,0.5695,0.0023,2.0557,357.0492,-2.9904,-0.0870,0.4272,0.3060,-0.2267,-14.3449,9.5621,1.0000,0.0000,1,0,0,0,0,0.7591
183.1214,256.4292,0.0864,-86.8072,0.7099,2.5557,0.7099,0.0024,2.3226,356.8473,-3.3392,-0.0851,0.4272,0.3060,-0.2181,-13.8063,8.9083,1.0000,0.0000,1,0,0,0,0,0.7301
183.1715,256.4269,0.0864,-86.7691,0.8034,2.8924,0.8034,0.0023,1.8684,356.7139,-2.6644,-0.0831,0.4272,0.3060,-0.2130,-13.3462,9.1901,1.0000,0.0000,1,0,0,0,0,0.7014
183.2318,256.4236,0.0864,-86.7163,0.9438,3.3979,0.9438,0.0022,2.3259,356.5159,-3.2806,-0.0792,0.4272,0.3060,-0.2046,-12.9220,7.0275,1.0000,0.0000,1,0,0,0,0,0.6071
183.2819,256.4203,0.0864,-86.6666,1.0374,3.7348,1.0374,0.0020,1.8684,356.3852,-2.6098,-0.0772,0.4272,0.3060,-0.1999,-12.5587,7.2523,1.0000,0.0000,1,0,0,0,0,0.5772
183.3325,256.4166,0.0864,-86.6111,1.1545,4.1561,1.1545,0.0019,2.3142,356.2235,-3.1961,-0.0753,0.4272,0.3060,-0.1936,-12.2157,6.7831,1.0000,0.0000,1,0,0,0,0,0.5784
183.3923,256.4115,0.0864,-86.5385,1.2714,4.5771,1.2714,0.0016,1.9553,356.0626,-2.6903,-0.0733,0.4272,0.3060,-0.1898,-11.8373,6.3254,1.0000,0.0000,1,0,0,0,0,0.5199
183.4453,256.4064,0.0864,-86.4680,1.3884,4.9983,1.3884,0.0013,2.2089,355.9021,-3.0303,-0.0733,0.4272,0.3060,-0.1861,-11.5340,5.7283,1.0000,0.0000,1,0,0,0,0,0.5011
183.5005,256.4004,0.0864,-86.3882,1.5055,5.4196,1.5055,0.0010,2.1189,355.7406,-2.9238,-0.0733,0.4272,0.3060,-0.1845,-11.3351,3.5997,1.0000,0.0000,1,0,0,0,0,0.3725
183.5512,256.3944,0.0864,-86.3093,1.6224,5.8406,1.6224,0.0006,2.3078,355.5770,-3.2291,-0.0733,0.4272,0.3060,-0.1838,-11.1987,2.6917,1.0000,0.0000,1,0,0,0,0,0.3347
183.6039,256.3874,0.0864,-86.2216,1.7160,6.1778,1.7160,0.0003,1.7773,355.4458,-2.4894,-0.0694,0.4272,0.3060,-0.1798,-11.0752,2.3447,1.0000,0.0000,1,0,0,0,0,0.2711
183.6584,256.3795,0.0864,-86.1247,1.8330,6.5989,1.8330,0.0001,2.1443,355.2841,-2.9639,-0.0655,0.4272,0.3060,-0.1731,-10.7953,5.1305,1.0000,0.0000,1,0,0,0,0,0.4501
183.7112,256.3711,0.0864,-86.0249,1.9499,7.0197,1.9499,0.0002,2.2142,355.1297,-2.9249,-0.0557,0.4272,0.3060,-0.1585,-10.4493,6.5537,1.0000,0.0000,1,0,0,0,0,0.5285
183.7722,256.3604,0.0864,-85.9025,2.0904,7.5253,2.0904,0.0001,2.3038,354.9630,-2.7344,-0.0459,0.4272,0.3060,-0.1358,-9.5713,14.4031,1.0000,0.0000,1,0,0,0,0,0.9531
183.8283,256.3497,0.0864,-85.7829,2.2074,7.9467,2.2074,0.0002,2.0847,354.8423,-2.1505,-0.0362,0.4272,0.3060,-0.1146,-8.5390,18.3836,1.0000,0.0000,1,0,0,0,0,1.1419
183.8801,256.3391,0.0864,-85.6668,2.3010,8.2836,2.3010,0.0005,1.8086,354.7591,-1.6078,-0.0323,0.4272,0.3060,-0.0984,-7.4482,21.0818,1.0000,0.0000,1,0,0,0,0,1.2641
183.9301,256.3281,0.0864,-85.5493,2.4180,8.7047,2.4180,0.0012,2.3392,354.6711,-1.7601,-0.0225,0.4272,0.3060,-0.0774,-6.4539,19.8842,1.0000,0.0000,1,0,0,0,0,1.2098
183.9859,256.3150,0.0864,-85.4118,2.5349,9.1257,2.5349,0.0022,2.0949,354.6081,-1.1287,-0.0147,0.4272,0.3060,-0.0425,-5.1696,23.0041,1.0000,0.0000,1,0,0,0,0,1.3538
184.0378,256.3022,0.0864,-85.2783,2.6286,9.4631,2.6286,0.0034,1.8051,354.5818,-0.5062,-0.0088,0.4272,0.3060,-0.0216,-3.6287,29.6833,1.0000,0.0000,1,0,0,0,0,1.6965
184.0898,256.2886,0.0864,-85.1388,2.7456,9.8841,2.7456,0.0047,2.2490,354.5638,-0.3462,-0.0010,0.4272,0.3060,-0.0093,-2.3215,25.1368,1.0000,0.0000,1,0,0,0,0,1.4411
184.1424,256.2743,0.0864,-84.9920,2.8626,10.3053,2.8626,0.0055,2.2250,354.5535,-0.1962,0.0068,0.4272,0.3060,-0.0040,-1.3749,18.0034,1.0000,0.0000,1,0,0,0,0,1.0401
184.2034,256.2569,0.0864,-84.8143,2.9795,10.7261,2.9795,0.0061,1.9154,354.5465,-0.1140,0.0166,0.4272,0.3060,-0.0017,-0.7214,10.7074,1.0000,0.0000,1,0,0,0,0,0.6318
184.2594,256.2403,0.0864,-84.6445,3.0966,11.1478,3.0966,0.0075,2.0928,354.5639,0.3103,0.0264,0.4272,0.3060,0.0331,0.2765,17.8286,1.0000,0.0000,1,0,0,0,0,1.0438
184.3133,256.2237,0.0864,-84.4749,3.2135,11.5686,3.2135,0.0096,2.1694,354.6152,0.9521,0.0381,0.4272,0.3060,0.0634,1.4661,22.0786,1.0000,0.0000,1,0,0,0,0,1.3245
184.3705,256.2055,0.0864,-84.2880,3.3304,11.9896,3.3304,0.0121,2.0437,354.6964,1.4192,0.0440,0.4272,0.3060,0.0873,3.2238,30.7188,1.0000,0.0000,1,0,0,0,0,1.8401
184.4205,256.1892,0.0864,-84.1191,3.4475,12.4109,3.4474,0.0148,2.3403,354.8040,2.1520,0.0538,0.4272,0.3060,0.1094,4.5179,25.8808,1.0000,0.0000,1,0,0,0,0,1.6217
184.4776,256.1703,0.0864,-83.9196,3.5643,12.8317,3.5643,0.0175,2.0460,354.9359,2.3082,0.0596,0.4272,0.3060,0.1282,5.8238,22.8584,1.0000,0.0000,1,0,0,0,0,1.4717
184.5368,256.1505,0.0864,-83.7057,3.6814,13.2530,3.6813,0.0202,1.9765,355.0906,2.6132,0.0674,0.4272,0.3060,0.1463,7.1093,21.7071,1.0000,0.0000,1,0,0,0,0,1.4335
184.5898,256.1326,0.0864,-83.5079,3.7984,13.6741,3.7983,0.0230,2.2077,355.2672,3.3324,0.0713,0.4272,0.3060,0.1624,8.2681,21.8734,1.0000,0.0000,1,0,0,0,0,1.4913
184.6417,256.1151,0.0864,-83.3085,3.9153,14.0949,3.9152,0.0260,2.2535,355.4661,3.8353,0.0772,0.4272,0.3060,0.1790,9.1561,17.1172,1.0000,0.0000,1,0,0,0,0,1.2637
184.6927,256.0980,0.0864,-83.1069,4.0088,14.4316,4.0087,0.0284,1.8341,355.6395,3.3992,0.0811,0.4272,0.3060,0.1897,10.1451,19.3934,1.0000,0.0000,1,0,0,0,0,1.3724
184.7514,256.0785,0.0864,-82.8680,4.1490,14.9366,4.1489,0.0320,2.3887,355.9218,4.8077,0.0870,0.4272,0.3060,0.2050,10.9915,14.4156,1.0000,0.0000,1,0,0,0,0,1.1836
184.8018,256.0622,0.0864,-82.6572,4.2426,15.2733,4.2424,0.0343,1.8562,356.1231,3.9970,0.0889,0.4272,0.3060,0.2125,11.7206,14.4699,1.0000,0.0000,1,0,0,0,0,1.1472
184.8528,256.0460,0.0864,-82.4385,4.3594,15.6938,4.3592,0.0372,2.2926,356.3886,5.2105,0.0929,0.4272,0.3060,0.2225,12.3217,11.7989,1.0000,0.0000,1,0,0,0,0,1.0731
184.9096,256.0285,0.0864,-82.1881,4.4763,16.1148,4.4762,0.0402,2.0577,356.6700,4.9509,0.0968,0.4272,0.3060,0.2322,13.0470,12.7602,1.0000,0.0000,1,0,0,0,0,1.1188
184.9620,256.0130,0.0864,-81.9510,4.5931,16.5353,4.5929,0.0433,2.2285,356.9671,5.6675,0.1007,0.4272,0.3060,0.2413,13.5636,9.8555,1.0000,0.0000,1,0,0,0,0,1.0039
185.0213,255.9964,0.0864,-81.6759,4.7100,16.9560,4.7098,0.0463,1.9711,357.2776,5.2376,0.1026,0.4272,0.3060,0.2479,14.1550,9.9764,1.0000,0.0000,1,0,0,0,0,0.9928
185.0785,255.9814,0.0864,-81.4033,4.8268,17.3765,4.8266,0.0493,2.0426,357.5994,5.6281,0.1026,0.4272,0.3060,0.2528,14.6545,8.7339,1.0000,0.0000,1,0,0,0,0,0.9510
185.1316,255.9686,0.0864,-81.1439,4.9436,17.7969,4.9433,0.0520,2.1970,357.9297,6.2153,0.1046,0.4272,0.3060,0.2564,14.9242,5.0759,1.0000,0.0000,1,0,0,0,0,0.7851
185.1826,255.9573,0.0864,-80.8891,5.0604,18.2173,5.0601,0.0547,2.2888,358.2690,6.6489,0.1046,0.4272,0.3060,0.2592,15.1883,5.1753,1.0000,0.0000,1,0,0,0,0,0.8191
185.2420,255.9456,0.0864,-80.5859,5.1771,18.6375,5.1768,0.0572,1.9671,358.6147,5.8246,0.1046,0.4272,0.3060,0.2605,15.4085,3.7111,1.0000,0.0000,1,0,0,0,0,0.6955
185.2976,255.9361,0.0864,-80.2951,5.2939,19.0580,5.2936,0.0596,2.1018,358.9655,6.3125,0.1046,0.4272,0.3060,0.2610,15.5159,1.9314,1.0000,0.0000,1,0,0,0,0,0.6268
185.3551,255.9280,0.0864,-79.9873,5.4106,19.4780,5.4102,0.0615,2.0286,359.3172,6.1167,0.0987,0.4272,0.3060,0.2555,15.5571,0.7175,1.0000,0.0000,1,0,0,0,0,0.5503
185.4160,255.9213,0.0864,-79.6534,5.5506,19.9822,5.5502,0.0632,2.2975,359.7357,6.8641,0.0909,0.4272,0.3060,0.2414,15.2367,5.2561,1.0000,0.0000,1,0,0,0,0,0.8442
185.4696,255.9172,0.0864,-79.3538,5.6439,20.3182,5.6436,0.0637,1.7437,0.0042,5.0177,0.0850,0.4272,0.3060,0.2299,14.7199,9.6561,1.0000,0.0000,1,0,0,0,0,0.9844
185.5255,255.9147,0.0864,-79.0339,5.7840,20.8225,5.7837,0.0626,2.5020,0.3817,6.7420,0.0733,0.4272,0.3060,0.2063,13.9469,13.8071,1.0000,0.0000,1,0,0,0,0,1.3038
185.5756,255.9140,0.0864,-78.7421,5.8774,21.1587,5.8771,0.0607,1.8647,0.6092,4.5433,0.0635,0.4272,0.3060,0.1860,13.0160,18.5884,1.0000,0.0000,1,0,0,0,0,1.4401
185.6303,255.9149,0.0864,-78.4177,5.9942,21.5791,5.9939,0.0575,2.1376,0.8649,4.6792,0.0538,0.4272,0.3060,0.1622,11.6437,25.1144,1.0000,0.0000,1,0,0,0,0,1.7990
185.6849,255.9174,0.0864,-78.0873,6.1110,21.9997,6.1108,0.0533,2.1383,1.0854,4.0373,0.0499,0.3939,0.3060,0.1432,10.3993,22.7796,1.0000,0.0000,1,0,0,0,0,1.6207
185.7376,255.9213,0.0864,-77.7621,6.2278,22.4201,6.2276,0.0493,2.2140,1.2802,3.6928,0.0440,0.3529,0.3060,0.1275,9.3419,20.0464,1.0000,0.0000,1,0,0,0,0,1.4376
185.7900,255.9265,0.0864,-77.4341,6.3092,22.7132,6.3090,0.0458,1.5555,1.4163,2.5994,0.0342,0.3079,0.3060,0.1105,8.2039,21.7418,0.9638,0.0000,1,0,0,0,0,1.4612
185.8413,255.9327,0.0864,-77.1083,6.3631,22.9073,6.3630,0.0407,1.0501,1.5541,2.6832,0.0283,0.2728,0.3060,0.0897,7.2389,18.7886,0.8864,0.0000,1,0,0,0,0,1.2888
185.9008,255.9410,0.0864,-76.7298,6.3511,22.8639,6.3510,0.0353,-0.2026,1.6619,1.8118,0.0225,0.2375,0.3060,0.0734,5.9423,21.7882,0.7980,0.0000,1,0,0,0,0,1.3944
185.9520,255.9489,0.0864,-76.4070,6.2708,22.5748,6.2707,0.0302,-1.5709,1.7458,1.6400,0.0205,0.2043,0.3060,0.0612,4.9764,18.8906,0.7101,0.0000,1,0,0,0,0,1.2129
186.0087,255.9582,0.0864,-76.0553,6.1145,22.0121,6.1144,0.0260,-2.7532,1.8141,1.2044,0.0205,0.1574,0.3060,0.0556,4.2788,12.2899,0.6038,0.0000,1,0,0,0,0,0.8134
186.0641,255.9675,0.0864,-75.7232,5.8665,21.1194,5.8664,0.0226,-4.4760,1.8725,1.0532,0.0205,0.1124,0.3060,0.0531,3.7731,9.1282,0.4808,0.0000,1,0,0,0,0,0.6234
186.1198,255.9768,0.0864,-75.4061,5.5235,19.8846,5.5235,0.0198,-6.1620,1.9228,0.9048,0.0205,0.0792,0.3060,0.0521,3.4416,5.9546,0.3626,0.0000,1,0,0,0,0,0.4349
186.1809,255.9866,0.0864,-75.0829,5.0145,18.0520,5.0144,0.0168,-8.3296,1.9707,0.7829,0.0186,0.0694,0.3060,0.0369,3.2625,2.9309,0.2699,0.0000,1,0,0,0,0,0.2565
186.2366,255.9949,0.0864,-74.8143,4.5455,16.3638,4.5455,0.0135,-8.4156,1.9851,0.2583,0.0166,0.0694,0.3060,0.0159,2.4700,14.2222,0.2333,0.0000,1,0,0,0,0,0.8489
186.2904,256.0023,0.0864,-74.5805,4.1561,14.9620,4.1561,0.0113,-7.2434,1.9879,0.0524,0.0166,0.0694,0.3060,0.0081,1.5280,17.5223,0.2181,0.0000,1,0,0,0,0,1.0170
186.3418,256.0087,0.0864,-74.3811,3.6604,13.1774,3.6604,0.0094,-9.6460,1.9869,-0.0184,0.0166,0.0694,0.3060,0.0035,0.9494,11.2597,0.2080,0.0000,1,0,0,0,0,0.6652
186.3945,256.0144,0.0864,-74.2011,3.1594,11.3740,3.1594,0.0083,-9.5021,1.9839,-0.0579,0.0166,0.0694,0.3060,0.0015,0.5691,7.2133,0.2030,0.0000,1,0,0,0,0,0.4432
186.4548,256.0199,0.0864,-74.0260,2.6559,9.5614,2.6559,0.0075,-8.3517,1.9801,-0.0638,0.0146,0.0694,0.3060,0.0006,0.3095,4.3063,0.2006,0.0000,1,0,0,0,0,0.2850
186.5112,256.0240,0.0864,-73.8922,2.1512,7.7444,2.1512,0.0069,-8.9567,1.9759,-0.0742,0.0146,0.0694,0.3060,0.0003,0.1511,2.8103,0.1994,0.0000,1,0,0,0,0,0.2084
186.5638,256.0270,0.0864,-73.7933,1.6458,5.9249,1.6458,0.0064,-9.6008,1.9716,-0.0817,0.0146,0.0694,0.3060,0.0001,0.0871,1.2158,0.1988,0.0000,1,0,0,0,0,0.1301
186.6139,256.0291,0.0864,-73.7225,1.1402,4.1046,1.1401,0.0057,-10.0879,1.9672,-0.0871,0.0146,0.0694,0.3060,0.0001,0.0483,0.7739,0.1986,0.0000,1,0,0,0,0,0.1227
186.6735,256.0306,0.0864,-73.6683,0.6343,2.2835,0.6343,0.0046,-8.4872,1.9628,-0.0737,0.0146,0.0694,0.3060,0.0000,0.0236,0.4141,0.1984,0.0000,1,0,0,0,0,0.1365
186.7258,256.0311,0.0864,-73.6473,0.1285,0.4626,0.1285,0.0023,-9.6699,1.9584,-0.0852,0.0146,0.0694,0.3060,0.0000,0.0116,0.2297,0.1983,0.0000,1,0,0,0,0,0.0175
186.7774,256.0310,0.0864,-73.6458,0.0002,0.0007,0.0000,0.0002,-2.4873,1.9568,-0.0308,0.0166,0.0694,0.3060,0.0000,0.0065,0.0989,0.1983,0.0000,1,0,0,0,0,0.0072
186.8279,256.0310,0.0864,-73.6458,0.0002,0.0007,0.0000,0.0002,0.0000,1.9560,-0.0157,0.0166,0.0694,0.3060,0.0000,0.0036,0.0590,0.1983,0.0000,1,0,0,0,0,0.0042
186.8799,256.0310,0.0864,-73.6458,0.0002,0.0008,-0.0001,0.0002,0.0004,1.9552,-0.0158,0.0166,0.0890,0.3060,0.0000,0.0017,0.0349,0.2160,0.0000,1,0,0,0,0,0.0028
186.9323,256.0310,0.0864,-73.6458,0.0003,0.0009,-0.0001,0.0003,0.0010,1.9544,-0.0151,0.0146,0.1222,0.3060,0.0000,0.0010,0.0150,0.2568,0.0000,1,0,0,0,0,0.0017
186.9969,256.0310,0.0864,-73.6458,0.0004,0.0015,-0.0001,0.0004,0.0023,1.9526,-0.0270,0.0068,0.1867,0.3060,0.0000,0.0005,0.0077,0.3758,0.0000,1,0,0,0,0,0.0019
187.0591,256.0310,0.0864,-73.6458,0.0006,0.0022,-0.0001,0.0006,0.0030,1.9500,-0.0422,0.0010,0.2336,0.3060,0.0000,0.0002,0.0041,0.5232,0.0000,1,0,0,0,0,0.0026
187.1092,256.0309,0.0864,-73.6458,0.0008,0.0030,0.0000,0.0008,0.0044,1.9471,-0.0572,-0.0069,0.2708,0.3060,0.0000,0.0001,0.0020,0.6164,0.0000,1,0,0,0,0,0.0033
187.1609,256.0308,0.0864,-73.6457,0.0012,0.0041,0.0002,0.0011,0.0064,1.9408,-0.1228,-0.0108,0.3021,0.3060,0.0000,0.0001,0.0009,0.7267,0.0000,1,0,0,0,0,0.0069
187.2110,256.0306,0.0864,-73.6457,0.0014,0.0050,0.0003,0.0014,0.0048,1.9340,-0.1346,-0.0147,0.3236,0.3060,0.0000,0.0000,0.0005,0.8046,0.0000,1,0,0,0,0,0.0075
187.2702,256.0305,0.0864,-73.6454,0.0154,0.0554,0.0154,0.0012,0.2365,1.9232,-0.1829,-0.0206,0.3412,0.3060,-0.0080,0.0000,0.0003,0.8932,0.0000,1,0,0,0,0,0.0102
187.3241,256.0304,0.0864,-73.6434,0.0759,0.2731,0.0758,0.0015,1.1214,1.9032,-0.3719,-0.0225,0.3548,0.3060,-0.0347,-0.5459,10.1274,0.9464,0.0000,1,0,0,0,0,0.5833
187.3838,256.0305,0.0864,-73.6366,0.1652,0.5948,0.1652,0.0018,1.4988,1.8695,-0.5645,-0.0264,0.3705,0.3060,-0.0512,-1.6032,17.7301,0.9738,0.0000,1,0,0,0,0,1.0164
187.4457,256.0307,0.0864,-73.6229,0.2903,1.0450,0.2903,0.0023,2.0198,1.8162,-0.8617,-0.0303,0.3842,0.3060,-0.0648,-2.5928,15.9858,0.9889,0.0000,1,0,0,0,0,0.9360
187.5002,256.0311,0.0864,-73.6047,0.3790,1.3643,0.3790,0.0026,1.6270,1.7737,-0.7786,-0.0323,0.3959,0.3060,-0.0726,-3.3632,14.1304,0.9937,0.0000,1,0,0,0,0,0.8283
187.5554,256.0316,0.0864,-73.5802,0.4928,1.7739,0.4928,0.0029,2.0612,1.7143,-1.0768,-0.0342,0.4076,0.3060,-0.0800,-3.9726,11.0385,0.9969,0.0000,1,0,0,0,0,0.6731
187.6171,256.0323,0.0864,-73.5452,0.6313,2.2725,0.6312,0.0032,2.2438,1.6352,-1.2816,-0.0362,0.4174,0.3060,-0.0867,-4.5630,9.5659,0.9987,0.0000,1,0,0,0,0,0.6775
187.6784,256.0332,0.0864,-73.5027,0.7476,2.6913,0.7476,0.0033,1.8991,1.5640,-1.1614,-0.0381,0.4272,0.3060,-0.0912,-4.9807,6.8198,0.9994,0.0000,1,0,0,0,0,0.5094
187.7385,256.0343,0.0864,-73.4533,0.8876,3.1955,0.8876,0.0034,2.3306,1.4729,-1.5161,-0.0401,0.4331,0.3060,-0.0958,-5.3076,5.4393,0.9997,0.0000,1,0,0,0,0,0.4436
187.7916,256.0353,0.0864,-73.4034,1.0045,3.6161,1.0045,0.0034,2.1981,1.3923,-1.5159,-0.0401,0.4331,0.3060,-0.0983,-5.5824,5.1700,0.9999,0.0000,1,0,0,0,0,0.4222
187.8494,256.0365,0.0864,-73.3422,1.1214,4.0371,1.1214,0.0034,2.0227,1.3083,-1.4532,-0.0420,0.4448,0.3060,-0.1013,-5.7712,3.2653,0.9999,0.0000,1,0,0,0,0,0.3071
187.9156,256.0379,0.0864,-73.2637,1.2617,4.5422,1.2617,0.0033,2.1216,1.2024,-1.6013,-0.0420,0.4565,0.3060,-0.1037,-5.9728,3.0486,1.0000,0.0000,1,0,0,0,0,0.2970
187.9712,256.0392,0.0864,-73.1904,1.3787,4.9633,1.3787,0.0031,2.1029,1.1113,-1.6390,-0.0420,0.4585,0.3060,-0.1045,-6.1216,2.6751,1.0000,0.0000,1,0,0,0,0,0.2737
188.0286,256.0404,0.0864,-73.1080,1.4957,5.3846,1.4957,0.0030,2.0380,1.0181,-1.6227,-0.0420,0.4585,0.3060,-0.1048,-6.2092,1.5258,1.0000,0.0000,1,0,0,0,0,0.2047
188.0817,256.0416,0.0864,-73.0255,1.6127,5.8056,1.6127,0.0028,2.2017,0.9224,-1.8024,-0.0440,0.4585,0.3060,-0.1069,-6.2648,1.0468,1.0000,0.0000,1,0,0,0,0,0.1841
188.1354,256.0428,0.0864,-72.9362,1.7297,6.2269,1.7297,0.0025,2.1795,0.8229,-1.8522,-0.0440,0.4585,0.3060,-0.1087,-6.3642,1.8512,1.0000,0.0000,1,0,0,0,0,0.2276
188.1937,256.0440,0.0864,-72.8322,1.8467,6.6482,1.8467,0.0022,2.0076,0.7208,-1.7524,-0.0440,0.4585,0.3060,-0.1094,-6.4587,1.6202,1.0000,0.0000,1,0,0,0,0,0.2055
188.2481,256.0450,0.0864,-72.7288,1.9637,7.0693,1.9637,0.0019,2.1509,0.6165,-1.9175,-0.0440,0.4585,0.3060,-0.1097,-6.5163,1.0602,1.0000,0.0000,1,0,0,0,0,0.1803
188.2999,256.0459,0.0864,-72.6245,2.0573,7.4061,2.0573,0.0017,1.8061,0.5315,-1.6401,-0.0459,0.4585,0.3060,-0.1106,-6.5515,0.6791,1.0000,0.0000,1,0,0,0,0,0.1410
188.3597,256.0468,0.0864,-72.4971,2.1977,7.9118,2.1977,0.0011,2.3482,0.3968,-2.2536,-0.0499,0.4585,0.3060,-0.1181,-6.6970,2.4328,1.0000,0.0000,1,0,0,0,0,0.2680
188.4151,256.0474,0.0864,-72.3723,2.3146,8.3326,2.3146,0.0005,2.1108,0.2744,-2.2094,-0.0557,0.4585,0.3060,-0.1268,-7.0024,5.5142,1.0000,0.0000,1,0,0,0,0,0.4321
188.4747,256.0478,0.0864,-72.2309,2.4317,8.7541,2.4317,0.0004,1.9650,0.1392,-2.2694,-0.0596,0.4585,0.3060,-0.1387,-7.5363,8.9617,1.0000,0.0000,1,0,0,0,0,0.6267
188.5374,256.0480,0.0864,-72.0738,2.5721,9.2594,2.5721,0.0017,2.2367,359.9594,-2.8646,-0.0655,0.4585,0.3060,-0.1522,-8.1482,9.7494,1.0000,0.0000,1,0,0,0,0,0.7108
188.5882,256.0478,0.0864,-71.9407,2.6657,9.5965,2.6657,0.0027,1.8441,359.8282,-2.5837,-0.0694,0.4585,0.3060,-0.1617,-8.8118,13.0709,1.0000,0.0000,1,0,0,0,0,0.8851
188.6483,256.0471,0.0864,-71.7760,2.8060,10.1016,2.8060,0.0044,2.3333,359.6138,-3.5666,-0.0733,0.4585,0.3060,-0.1751,-9.4965,11.3866,1.0000,0.0000,1,0,0,0,0,0.8543
188.7010,256.0461,0.0864,-71.6254,2.9230,10.5229,2.9230,0.0058,2.2214,359.4219,-3.6415,-0.0753,0.4585,0.3060,-0.1826,-10.1240,11.9094,1.0000,0.0000,1,0,0,0,0,0.8938
188.7569,256.0445,0.0864,-71.4593,3.0400,10.9442,3.0400,0.0071,2.0935,359.2223,-3.5708,-0.0753,0.4585,0.3060,-0.1858,-10.6169,8.8191,1.0000,0.0000,1,0,0,0,0,0.7235
188.8089,256.0424,0.0864,-71.2987,3.1336,11.2810,3.1336,0.0081,1.7980,359.0590,-3.1396,-0.0753,0.4585,0.3060,-0.1870,-10.8817,5.0880,1.0000,0.0000,1,0,0,0,0,0.4960
188.8644,256.0396,0.0864,-71.1214,3.2506,11.7022,3.2506,0.0093,2.1113,358.8502,-3.7665,-0.0772,0.4585,0.3060,-0.1896,-11.1063,4.0536,1.0000,0.0000,1,0,0,0,0,0.4774
188.9199,256.0359,0.0864,-70.9373,3.3676,12.1233,3.3676,0.0105,2.1067,358.6356,-3.8653,-0.0772,0.4585,0.3060,-0.1916,-11.2832,3.1850,1.0000,0.0000,1,0,0,0,0,0.4386
188.9723,256.0318,0.0864,-70.7575,3.4846,12.5444,3.4845,0.0117,2.2317,358.4166,-4.1776,-0.0772,0.4585,0.3060,-0.1924,-11.3921,2.0786,1.0000,0.0000,1,0,0,0,0,0.3979
189.0227,256.0271,0.0864,-70.5793,3.6015,12.9655,3.6015,0.0128,2.3213,358.1940,-4.4191,-0.0772,0.4585,0.3060,-0.1928,-11.4755,1.6558,1.0000,0.0000,1,0,0,0,0,0.3909
189.0763,256.0213,0.0864,-70.3838,3.6951,13.3025,3.6951,0.0138,1.7458,358.0135,-3.3660,-0.0772,0.4585,0.3060,-0.1929,-11.5201,0.8314,1.0000,0.0000,1,0,0,0,0,0.2892
189.1301,256.0146,0.0864,-70.1817,3.8121,13.7235,3.8120,0.0149,2.1748,357.7850,-4.2486,-0.0772,0.4585,0.3060,-0.1930,-11.5492,0.5405,1.0000,0.0000,1,0,0,0,0,0.3248
189.1857,256.0065,0.0864,-69.9662,3.9291,14.1446,3.9290,0.0160,2.1033,357.5551,-4.1339,-0.0733,0.4585,0.3060,-0.1899,-11.5390,0.1835,1.0000,0.0000,1,0,0,0,0,0.3009
189.2442,255.9969,0.0864,-69.7324,4.0694,14.6499,4.0694,0.0168,2.3980,357.2841,-4.6303,-0.0694,0.4585,0.3060,-0.1821,-11.3483,3.2578,1.0000,0.0000,1,0,0,0,0,0.5002
189.3052,255.9855,0.0864,-69.4814,4.1864,15.0710,4.1863,0.0173,1.9188,357.0635,-3.6180,-0.0675,0.4585,0.3060,-0.1758,-11.0494,4.9030,1.0000,0.0000,1,0,0,0,0,0.5355
189.3575,255.9746,0.0864,-69.2598,4.3034,15.4921,4.3033,0.0176,2.2370,356.8484,-4.1132,-0.0636,0.4585,0.3060,-0.1686,-10.6936,6.8045,1.0000,0.0000,1,0,0,0,0,0.6680
189.4077,255.9631,0.0864,-69.0415,4.3969,15.8289,4.3969,0.0178,1.8617,356.6819,-3.3155,-0.0596,0.4585,0.3060,-0.1611,-10.3010,7.8133,1.0000,0.0000,1,0,0,0,0,0.6789
189.4635,255.9491,0.0864,-68.7933,4.5139,16.2499,4.5138,0.0175,2.0988,356.4839,-3.5520,-0.0538,0.4585,0.3060,-0.1493,-9.8038,8.9215,1.0000,0.0000,1,0,0,0,0,0.7512
189.5217,255.9332,0.0864,-68.5267,4.6542,16.7552,4.6542,0.0167,2.4087,356.2643,-3.7685,-0.0499,0.4585,0.3060,-0.1348,-9.1839,10.6389,1.0000,0.0000,1,0,0,0,0,0.8542
189.5782,255.9164,0.0864,-68.2615,4.7712,17.1763,4.7712,0.0158,2.0702,356.0963,-2.9733,-0.0440,0.4585,0.3060,-0.1220,-8.4056,13.7730,1.0000,0.0000,1,0,0,0,0,0.9800
189.6338,255.8987,0.0864,-67.9943,4.8882,17.5974,4.8882,0.0147,2.1061,355.9413,-2.7918,-0.0401,0.4585,0.3060,-0.1108,-7.6621,13.3873,1.0000,0.0000,1,0,0,0,0,0.9441
189.6919,255.8788,0.0864,-67.7079,5.0051,18.0184,5.0051,0.0136,2.0124,355.7992,-2.4449,-0.0362,0.4585,0.3060,-0.1000,-7.0288,10.8991,1.0000,0.0000,1,0,0,0,0,0.7821
189.7489,255.8580,0.0864,-67.4202,5.1222,18.4398,5.1221,0.0125,2.0538,355.6689,-2.2859,-0.0323,0.4585,0.3060,-0.0904,-6.3111,12.5933,1.0000,0.0000,1,0,0,0,0,0.8631
189.8049,255.8364,0.0864,-67.1309,5.2392,18.8610,5.2391,0.0114,2.0897,355.5485,-2.1515,-0.0284,0.4585,0.3060,-0.0822,-5.7881,9.3408,1.0000,0.0000,1,0,0,0,0,0.6710
189.8639,255.8124,0.0864,-66.8188,5.3561,19.2818,5.3561,0.0102,1.9803,355.4388,-1.8573,-0.0245,0.4585,0.3060,-0.0730,-5.1786,10.3245,1.0000,0.0000,1,0,0,0,0,0.7054
189.9181,255.7892,0.0864,-66.5259,5.4731,19.7031,5.4731,0.0089,2.1590,355.3414,-1.7979,-0.0225,0.4585,0.3060,-0.0639,-4.6176,10.3511,1.0000,0.0000,1,0,0,0,0,0.6993
189.9766,255.7630,0.0864,-66.2030,5.6135,20.2085,5.6135,0.0062,2.4013,355.2496,-1.5689,-0.0166,0.4585,0.3060,-0.0355,-3.9834,10.8460,1.0000,0.0000,1,0,0,0,0,0.7063
190.0268,255.7396,0.0864,-65.9199,5.7071,20.5455,5.7071,0.0030,1.8632,355.2193,-0.6039,-0.0147,0.4585,0.3060,-0.0181,-2.8994,21.5806,1.0000,0.0000,1,0,0,0,0,1.2404
190.0825,255.7127,0.0864,-65.5998,5.8240,20.9666,5.8240,0.0006,2.1002,355.1990,-0.3649,-0.0108,0.4585,0.3060,-0.0078,-1.7357,20.8941,1.0000,0.0000,1,0,0,0,0,1.1827
190.1406,255.6839,0.0864,-65.2591,5.9411,21.3879,5.9411,0.0033,2.0148,355.1877,-0.1939,-0.0069,0.4585,0.3060,-0.0033,-0.9848,12.9271,1.0000,0.0000,1,0,0,0,0,0.7372
190.1938,255.6567,0.0864,-64.9405,6.0581,21.8090,6.0581,0.0050,2.1966,355.1803,-0.1393,-0.0029,0.4585,0.3060,-0.0014,-0.5935,7.3467,1.0000,0.0000,1,0,0,0,0,0.4283
190.2444,255.6304,0.0864,-64.6325,6.1751,22.2302,6.1751,0.0061,2.3138,355.1747,-0.1110,0.0010,0.4585,0.3060,-0.0006,-0.3205,5.3992,1.0000,0.0000,1,0,0,0,0,0.3210
190.2959,255.6031,0.0864,-64.3133,6.2687,22.5672,6.2687,0.0066,1.8176,355.1707,-0.0776,0.0049,0.4585,0.3060,-0.0003,-0.1891,2.5515,1.0000,0.0000,1,0,0,0,0,0.1618
190.3560,255.5705,0.0864,-63.9339,6.4090,23.0726,6.4090,0.0071,2.3367,355.1651,-0.0930,0.0068,0.4585,0.3060,-0.0001,-0.0920,1.6169,1.0000,0.0000,1,0,0,0,0,0.1116
190.4066,255.5425,0.0864,-63.6083,6.5026,23.4094,6.5026,0.0072,1.8488,355.1617,-0.0681,0.0088,0.4585,0.3060,-0.0001,-0.0516,0.7978,1.0000,0.0000,1,0,0,0,0,0.0648
190.4667,255.5087,0.0864,-63.2149,6.6430,23.9148,6.6430,0.0075,2.3356,355.1565,-0.0863,0.0107,0.4585,0.3060,0.0000,-0.0255,0.4343,1.0000,0.0000,1,0,0,0,0,0.0458
190.5255,255.4749,0.0864,-62.8225,6.7600,24.3359,6.7600,0.0075,1.9897,355.1521,-0.0742,0.0107,0.4585,0.3060,0.0000,-0.0120,0.2285,1.0000,0.0000,1,0,0,0,0,0.0335
190.5775,255.4445,0.0864,-62.4693,6.8769,24.7570,6.8769,0.0076,2.2480,355.1477,-0.0839,0.0107,0.4585,0.3060,0.0000,-0.0066,0.1045,1.0000,0.0000,1,0,0,0,0,0.0270
190.6370,255.4091,0.0864,-62.0587,6.9940,25.1784,6.9940,0.0076,1.9690,355.1434,-0.0724,0.0107,0.4585,0.3060,0.0000,-0.0031,0.0586,1.0000,0.0000,1,0,0,0,0,0.0235
190.6931,255.3751,0.0864,-61.6642,7.1110,25.5995,7.1110,0.0076,2.0837,355.1391,-0.0777,0.0107,0.4585,0.3060,0.0000,-0.0015,0.0288,1.0000,0.0000,1,0,0,0,0,0.0219
190.7500,255.3400,0.0864,-61.2577,7.2279,26.0206,7.2279,0.0076,2.0557,355.1347,-0.0762,0.0107,0.4585,0.3060,0.0000,-0.0007,0.0140,1.0000,0.0000,1,0,0,0,0,0.0207
190.8034,255.3065,0.0864,-60.8696,7.3450,26.4419,7.3450,0.0076,2.1902,355.1304,-0.0817,0.0107,0.4585,0.3060,0.0000,-0.0004,0.0060,1.0000,0.0000,1,0,0,0,0,0.0204
190.8538,255.2745,0.0864,-60.4986,7.4620,26.8631,7.4620,0.0076,2.3250,355.1260,-0.0861,0.0068,0.4585,0.3060,0.0000,-0.0002,0.0040,1.0000,0.0000,1,0,0,0,0,0.0204
190.9044,255.2417,0.0864,-60.1200,7.5555,27.1999,7.5555,0.0076,1.8470,355.1226,-0.0687,0.0029,0.4585,0.3060,0.0000,-0.0001,0.0017,1.0000,0.0000,1,0,0,0,0,0.0190
190.9626,255.2035,0.0864,-59.6786,7.6725,27.6210,7.6725,0.0076,2.0120,355.1182,-0.0750,0.0010,0.4585,0.3060,0.0000,0.0000,0.0010,1.0000,0.0000,1,0,0,0,0,0.0190
191.0195,255.1655,0.0864,-59.2395,7.7895,28.0423,7.7895,0.0075,2.0547,355.1139,-0.0761,-0.0029,0.4585,0.3060,0.0000,0.0000,0.0004,1.0000,0.0000,1,0,0,0,0,0.0188
191.0788,255.1252,0.0864,-58.7746,7.9299,28.5477,7.9299,0.0076,2.3661,355.1087,-0.0869,-0.0069,0.4585,0.3060,0.0000,0.0000,0.0002,1.0000,0.0000,1,0,0,0,0,0.0193
191.1397,255.0832,0.0864,-58.2904,8.0470,28.9690,8.0470,0.0076,1.9237,355.1044,-0.0712,-0.0108,0.4585,0.3060,0.0000,0.0000,0.0001,1.0000,0.0000,1,0,0,0,0,0.0181
191.1904,255.0477,0.0864,-57.8808,8.1639,29.3900,8.1639,0.0076,2.3063,355.1000,-0.0855,-0.0127,0.4409,0.3060,0.0000,0.0000,0.0001,1.0000,0.0000,1,0,0,0,0,0.0188
191.2428,255.0105,0.0864,-57.4521,8.2809,29.8114,8.2809,0.0077,2.2342,355.0957,-0.0821,-0.0147,0.4213,0.3060,0.0000,0.0000,0.0000,1.0000,0.0000,1,0,0,0,0,0.0184
191.3016,254.9681,0.0864,-56.9640,8.3979,30.2324,8.3979,0.0076,1.9894,355.0914,-0.0737,-0.0166,0.3979,0.3060,0.0000,0.0000,0.0000,1.0000,0.0000,1,0,0,0,0,0.0177
191.3564,254.9279,0.0864,-56.5021,8.5149,30.6536,8.5149,0.0076,2.1335,355.0871,-0.0785,-0.0166,0.3666,0.3060,0.0000,0.0000,0.0000,1.0000,0.0000,1,0,0,0,0,0.0178
191.4087,254.8891,0.0864,-56.0560,8.6319,31.0748,8.6319,0.0077,2.2373,355.0828,-0.0829,-0.0166,0.3509,0.3060,0.0000,0.0000,0.0000,1.0000,0.0000,1,0,0,0,0,0.0179
191.4592,254.8511,0.0864,-55.6197,8.7221,31.3997,8.7221,0.0076,1.7880,355.0793,-0.0683,-0.0166,0.3412,0.3060,0.0000,0.0000,0.0000,0.9912,0.0000,1,0,0,0,0,0.0168
191.5190,254.8055,0.0864,-55.0960,8.8248,31.7694,8.8248,0.0075,1.7151,355.0750,-0.0724,-0.0166,0.3333,0.3060,0.0000,0.0000,0.0000,0.9748,0.0000,1,0,0,0,0,0.0168
191.5787,254.7595,0.0864,-54.5685,8.9338,32.1616,8.9338,0.0076,1.8277,355.0698,-0.0870,-0.0166,0.3333,0.3060,0.0000,0.0000,0.0000,0.9619,0.0000,1,0,0,0,0,0.0176
191.6368,254.7141,0.0864,-54.0488,9.0187,32.4672,9.0187,0.0076,1.4608,355.0655,-0.0741,-0.0166,0.3333,0.3060,0.0000,0.0000,0.0000,0.9570,0.0000,1,0,0,0,0,0.0167
191.6921,254.6705,0.0864,-53.5492,9.1011,32.7639,9.1011,0.0076,1.4889,355.0612,-0.0783,-0.0147,0.3333,0.3060,0.0000,0.0000,0.0000,0.9546,0.0000,1,0,0,0,0,0.0168
191.7476,254.6263,0.0864,-53.0437,9.1822,33.0558,9.1822,0.0076,1.4612,355.0569,-0.0775,-0.0108,0.3333,0.3060,0.0000,0.0000,0.0000,0.9535,0.0000,1,0,0,0,0,0.0167
191.8053,254.5799,0.0864,-52.5135,9.2628,33.3459,9.2627,0.0075,1.3965,355.0525,-0.0756,-0.0069,0.3333,0.3060,0.0000,0.0000,0.0000,0.9529,0.0000,1,0,0,0,0,0.0164
191.8663,254.5303,0.0864,-51.9476,9.3590,33.6925,9.3590,0.0076,1.5780,355.0473,-0.0855,-0.0029,0.3333,0.3060,0.0000,0.0000,0.0000,0.9526,0.0000,1,0,0,0,0,0.0169
191.9200,254.4863,0.0864,-51.4451,9.4391,33.9807,9.4391,0.0076,1.4910,355.0430,-0.0801,0.0029,0.3333,0.3060,0.0000,0.0000,0.0000,0.9525,0.0000,1,0,0,0,0,0.0166
191.9822,254.4348,0.0864,-50.8578,9.5135,34.2485,9.5135,0.0075,1.1957,355.0386,-0.0697,0.0088,0.3236,0.3060,0.0000,0.0000,0.0000,0.9400,0.0000,1,0,0,0,0,0.0157
192.0429,254.3841,0.0864,-50.2803,9.5905,34.5257,9.5905,0.0076,1.2686,355.0334,-0.0855,0.0127,0.3216,0.3060,0.0000,0.0000,0.0000,0.9278,0.0000,1,0,0,0,0,0.0166
192.0977,254.3380,0.0864,-49.7553,9.6491,34.7366,9.6491,0.0076,1.0693,355.0291,-0.0796,0.0146,0.3216,0.3060,0.0000,0.0000,0.0000,0.9232,0.0000,1,0,0,0,0,0.0163
192.1574,254.2874,0.0864,-49.1801,9.7052,34.9386,9.7052,0.0076,0.9401,355.0248,-0.0721,0.0186,0.3216,0.3060,0.0000,0.0000,0.0000,0.9210,0.0000,1,0,0,0,0,0.0157
192.2157,254.2377,0.0864,-48.6152,9.7603,35.1370,9.7603,0.0089,0.9458,355.0291,0.0749,0.0205,0.3216,0.3060,0.0147,0.0890,1.5282,0.9199,0.0000,1,0,0,0,0,0.1028
192.2693,254.1917,0.0864,-48.0921,9.8148,35.3331,9.8147,0.0165,1.0159,355.0824,0.9929,0.0225,0.3216,0.3060,0.0380,0.8041,13.3316,0.9194,0.0000,1,0,0,0,0,0.8211
192.3277,254.1416,0.0864,-47.5199,9.8689,35.5282,9.8689,0.0253,0.9282,355.1693,1.4881,0.0264,0.3216,0.3060,0.0525,1.9036,18.8383,0.9191,0.0000,1,0,0,0,0,1.1677
192.3837,254.0938,0.0864,-46.9673,9.9230,35.7229,9.9230,0.0337,0.9653,355.2801,1.9782,0.0303,0.3216,0.3060,0.0640,2.6862,13.9675,0.9190,0.0000,1,0,0,0,0,0.9368
192.4405,254.0457,0.0864,-46.4038,9.9770,35.9172,9.9769,0.0416,0.9502,355.4135,2.3481,0.0342,0.3216,0.3060,0.0749,3.4985,14.2991,0.9189,0.0000,1,0,0,0,0,0.9873
192.5001,253.9962,0.0864,-45.8096,10.0416,36.1499,10.0415,0.0503,1.0852,355.5993,3.1199,0.0361,0.3216,0.3060,0.0847,4.1946,11.6854,0.9189,0.0000,1,0,0,0,0,0.8977
192.5548,253.9518,0.0864,-45.2603,10.0955,36.3436,10.0953,0.0564,0.9832,355.7695,3.1084,0.0401,0.3216,0.3060,0.0915,4.7713,10.5361,0.9189,0.0000,1,0,0,0,0,0.8418
192.6060,253.9112,0.0864,-44.7441,10.1385,36.4987,10.1384,0.0608,0.8417,355.9155,2.8539,0.0420,0.3216,0.3060,0.0971,5.1991,8.3601,0.9189,0.0000,1,0,0,0,0,0.7129
192.6586,253.8707,0.0864,-44.2107,10.1924,36.6926,10.1922,0.0665,1.0238,356.1136,3.7656,0.0459,0.3216,0.3060,0.1058,5.5908,7.4471,0.9189,0.0000,1,0,0,0,0,0.7208
192.7193,253.8256,0.0864,-43.5912,10.2569,36.9250,10.2567,0.0735,1.0623,356.3731,4.2707,0.0479,0.3216,0.3060,0.1144,6.1292,8.8608,0.9189,0.0000,1,0,0,0,0,0.8370
192.7789,253.7834,0.0864,-42.9805,10.3106,37.1181,10.3103,0.0791,0.9013,356.6060,3.9118,0.0518,0.3216,0.3060,0.1222,6.6360,8.5121,0.9189,0.0000,1,0,0,0,0,0.8052
192.8370,253.7444,0.0864,-42.3815,10.3644,37.3118,10.3640,0.0847,0.9262,356.8552,4.2906,0.0538,0.3216,0.3060,0.1291,7.1119,8.1943,0.9189,0.0000,1,0,0,0,0,0.8162
192.8943,253.7082,0.0864,-41.7866,10.4181,37.5050,10.4177,0.0895,0.9362,357.1139,4.5132,0.0538,0.3216,0.3060,0.1321,7.5177,7.0794,0.9189,0.0000,1,0,0,0,0,0.7729
192.9447,253.6783,0.0864,-41.2610,10.4716,37.6979,10.4712,0.0931,1.0630,357.3773,5.2274,0.0538,0.3216,0.3060,0.1334,7.7380,4.3711,0.9189,0.0000,1,0,0,0,0,0.6666
193.0018,253.6468,0.0864,-40.6622,10.5253,37.8912,10.5249,0.0957,0.9402,357.6433,4.6567,0.0538,0.3216,0.3060,0.1340,7.8890,2.6433,0.9189,0.0000,1,0,0,0,0,0.5419
193.0552,253.6197,0.0864,-40.0991,10.5789,38.0842,10.5785,0.0977,1.0034,357.9110,5.0097,0.0538,0.3216,0.3060,0.1342,7.9613,1.3538,0.9189,0.0000,1,0,0,0,0,0.4920
193.1159,253.5918,0.0864,-39.4559,10.6326,38.2774,10.6322,0.0991,0.8844,358.1802,4.4365,0.0557,0.3216,0.3060,0.1351,8.0122,0.8377,0.9189,0.0000,1,0,0,0,0,0.4329
193.1680,253.5703,0.0864,-38.9009,10.6862,38.4702,10.6857,0.1011,1.0276,358.4550,5.2738,0.0557,0.3216,0.3060,0.1375,8.1014,1.7126,0.9189,0.0000,1,0,0,0,0,0.5301
193.2207,253.5509,0.0864,-38.3365,10.7398,38.6631,10.7393,0.1033,1.0166,358.7357,5.3239,0.0557,0.3216,0.3060,0.1385,8.1822,1.5325,0.9189,0.0000,1,0,0,0,0,0.5252
193.2758,253.5333,0.0864,-37.7436,10.7933,38.8560,10.7928,0.1063,0.9725,359.0264,5.2761,0.0557,0.3216,0.3060,0.1389,8.2548,1.3176,0.9189,0.0000,1,0,0,0,0,0.5140
193.3318,253.5184,0.0864,-37.1390,10.8469,39.0489,10.8464,0.1077,0.9582,359.3140,5.1430,0.0518,0.3216,0.3060,0.1360,8.2724,0.3147,0.9189,0.0000,1,0,0,0,0,0.4521
193.3832,253.5073,0.0864,-36.5800,10.8898,39.2031,10.8892,0.1052,0.8330,359.5321,4.2415,0.0518,0.3216,0.3060,0.1328,8.1641,2.1050,0.9189,0.0000,1,0,0,0,0,0.4975
193.4447,253.4973,0.0864,-35.9084,10.9541,39.4347,10.9536,0.1035,1.0461,359.8477,5.1325,0.0479,0.3216,0.3060,0.1257,7.9597,3.3240,0.9189,0.0000,1,0,0,0,0,0.6116
193.4999,253.4913,0.0864,-35.3018,11.0076,39.6274,11.0071,0.1009,0.9687,0.0969,4.5087,0.0459,0.3216,0.3060,0.1195,7.6285,5.9950,0.9189,0.0000,1,0,0,0,0,0.7210
193.5509,253.4882,0.0864,-34.7400,11.0612,39.8205,11.0608,0.0981,1.0536,0.3362,4.6994,0.0440,0.3216,0.3060,0.1144,7.3434,5.5981,0.9189,0.0000,1,0,0,0,0,0.7052
193.6096,253.4874,0.0864,-34.0887,11.1149,40.0136,11.1145,0.0956,0.9128,0.5682,3.9491,0.0420,0.3216,0.3060,0.1111,7.0655,4.7295,0.9189,0.0000,1,0,0,0,0,0.6112
193.6662,253.4894,0.0864,-33.4581,11.1686,40.2068,11.1682,0.0932,0.9486,0.7928,3.9689,0.0401,0.3216,0.3060,0.1069,6.7863,4.9334,0.9189,0.0000,1,0,0,0,0,0.6197
193.7192,253.4937,0.0864,-32.8655,11.2222,40.4000,11.2219,0.0901,1.0135,1.0054,4.0156,0.0361,0.3216,0.3060,0.0992,6.5413,4.6267,0.9189,0.0000,1,0,0,0,0,0.6006
193.7715,253.5002,0.0864,-32.2766,11.2652,40.5546,11.2648,0.0868,0.8197,1.1645,3.0360,0.0342,0.3216,0.3060,0.0935,6.1187,8.0684,0.9189,0.0000,1,0,0,0,0,0.7325
193.8278,253.5095,0.0864,-31.6408,11.3188,40.7478,11.3185,0.0822,0.9535,1.3483,3.2663,0.0303,0.3216,0.3060,0.0854,5.6942,7.5416,0.9189,0.0000,1,0,0,0,0,0.7093
193.8803,253.5203,0.0864,-31.0456,11.3726,40.9415,11.3724,0.0773,1.0258,1.5167,3.2108,0.0283,0.3216,0.3060,0.0779,5.3398,6.7577,0.9189,0.0000,1,0,0,0,0,0.6557
193.9328,253.5330,0.0864,-30.4476,11.4264,41.1351,11.4262,0.0721,1.0246,1.6693,2.9073,0.0244,0.3216,0.3060,0.0703,4.8703,8.9473,0.9189,0.0000,1,0,0,0,0,0.7533
193.9947,253.5502,0.0864,-29.7387,11.4909,41.3673,11.4907,0.0661,1.0420,1.8337,2.6566,0.0225,0.3216,0.3060,0.0625,4.4320,7.0800,0.9189,0.0000,1,0,0,0,0,0.6272
194.0549,253.5692,0.0864,-29.0449,11.5448,41.5612,11.5446,0.0591,0.8937,1.9453,1.8513,0.0186,0.3216,0.3060,0.0414,3.9260,8.3941,0.9189,0.0000,1,0,0,0,0,0.6459
194.1108,253.5885,0.0864,-28.3989,11.5986,41.7551,11.5985,0.0454,0.9643,1.9966,0.9173,0.0146,0.3216,0.3060,0.0178,2.7968,20.2199,0.9189,0.0000,1,0,0,0,0,1.2330
194.1714,253.6108,0.0864,-27.6949,11.6525,41.9488,11.6524,0.0327,0.8886,2.0162,0.3238,0.0146,0.3216,0.3060,0.0076,1.7066,17.9974,0.9189,0.0000,1,0,0,0,0,1.0599
194.2247,253.6312,0.0864,-27.0722,11.7065,42.1433,11.7064,0.0234,1.0126,2.0222,0.1124,0.0107,0.3216,0.3060,0.0033,0.9909,13.4209,0.9189,0.0000,1,0,0,0,0,0.7818
194.2823,253.6539,0.0864,-26.3962,11.7604,42.3373,11.7604,0.0171,0.9352,2.0223,0.0021,0.0068,0.3216,0.3060,0.0014,0.6157,6.5096,0.9189,0.0000,1,0,0,0,0,0.3836
194.3436,253.6785,0.0864,-25.6734,11.8251,42.5703,11.8251,0.0127,1.0559,2.0192,-0.0498,0.0029,0.3216,0.3060,0.0005,0.2794,5.4851,0.9189,0.0000,1,0,0,0,0,0.3236
194.3982,253.7006,0.0864,-25.0266,11.8790,42.7644,11.8790,0.0105,0.9871,2.0156,-0.0665,0.0010,0.3216,0.3060,0.0002,0.1398,2.5560,0.9189,0.0000,1,0,0,0,0,0.1590
194.4589,253.7253,0.0864,-24.3045,11.9330,42.9586,11.9330,0.0092,0.8891,2.0116,-0.0669,-0.0010,0.3216,0.3060,0.0001,0.0721,1.1159,0.9189,0.0000,1,0,0,0,0,0.0772
194.5190,253.7499,0.0864,-23.5864,11.9977,43.1918,11.9977,0.0084,1.0789,2.0064,-0.0864,-0.0049,0.3216,0.3060,0.0000,0.0357,0.6061,0.9189,0.0000,1,0,0,0,0,0.0489
194.5721,253.7718,0.0864,-22.9478,12.0516,43.3857,12.0516,0.0080,1.0128,2.0020,-0.0815,-0.0069,0.3216,0.3060,0.0000,0.0176,0.3409,0.9189,0.0000,1,0,0,0,0,0.0334
194.6246,253.7934,0.0864,-22.3146,12.0948,43.5413,12.0948,0.0077,0.8238,1.9986,-0.0657,-0.0069,0.3216,0.3060,0.0000,0.0097,0.1508,0.9189,0.0000,1,0,0,0,0,0.0216
194.6752,253.8144,0.0864,-21.7017,12.1487,43.7354,12.1487,0.0076,1.0657,1.9943,-0.0856,-0.0088,0.3216,0.3060,0.0000,0.0053,0.0855,0.9189,0.0000,1,0,0,0,0,0.0189
194.7300,253.8371,0.0864,-21.0350,12.2026,43.9295,12.2026,0.0087,0.9837,1.9974,0.0564,-0.0127,0.3216,0.3060,0.0000,0.0026,0.0503,0.9189,0.0000,1,0,0,0,0,0.0166
194.7936,253.8636,0.0864,-20.2579,12.2566,44.1239,12.2566,0.0098,0.8497,2.0023,0.0776,-0.0147,0.3216,0.3060,0.0000,0.0014,0.0186,0.9189,0.0000,1,0,0,0,0,0.0174
194.8478,253.8863,0.0864,-19.5916,12.3105,44.3179,12.3105,0.0096,0.9932,2.0035,0.0225,-0.0166,0.3216,0.3060,0.0000,0.0006,0.0155,0.9189,0.0000,1,0,0,0,0,0.0139
194.9050,253.9103,0.0864,-18.8863,12.3753,44.5511,12.3753,0.0079,1.1325,1.9947,-0.1542,-0.0206,0.3216,0.3060,-0.0080,0.0003,0.0050,0.9189,0.0000,1,0,0,0,0,0.0184
194.9560,253.9319,0.0864,-18.2546,12.4184,44.7062,12.4184,0.0004,0.8453,1.9494,-0.8890,-0.0225,0.3216,0.3060,-0.0307,-0.5729,11.2424,0.9189,0.0000,1,0,0,0,0,0.6744
195.0073,253.9534,0.0864,-17.6165,12.4724,44.9005,12.4723,0.0140,1.0515,1.8497,-1.9417,-0.0245,0.3216,0.3060,-0.0477,-1.4213,16.5333,0.9189,0.0000,1,0,0,0,0,1.0432
195.0692,253.9788,0.0864,-16.8427,12.5263,45.0946,12.5263,0.0268,0.8708,1.7225,-2.0542,-0.0264,0.3216,0.3060,-0.0573,-2.3023,14.2258,0.9189,0.0000,1,0,0,0,0,0.9365
195.1309,254.0028,0.0864,-16.0689,12.5910,45.3276,12.5910,0.0389,1.0502,1.5478,-2.8344,-0.0284,0.3216,0.3060,-0.0653,-3.0515,12.1561,0.9189,0.0000,1,0,0,0,0,0.8791
195.1822,254.0216,0.0864,-15.4219,12.6341,45.4828,12.6340,0.0445,0.8400,1.4248,-2.3985,-0.0303,0.3216,0.3060,-0.0704,-3.5882,10.4576,0.9189,0.0000,1,0,0,0,0,0.7671
195.2456,254.0431,0.0864,-14.6188,12.6988,45.7155,12.6986,0.0527,1.0192,1.2228,-3.1838,-0.0323,0.3216,0.3060,-0.0770,-4.0392,7.1117,0.9189,0.0000,1,0,0,0,0,0.6342
195.3130,254.0633,0.0864,-13.7608,12.7634,45.9482,12.7633,0.0614,0.9592,0.9949,-3.3819,-0.0342,0.3216,0.3060,-0.0824,-4.4064,5.4484,0.9189,0.0000,1,0,0,0,0,0.5627
195.3725,254.0788,0.0864,-12.9992,12.8280,46.1808,12.8278,0.0690,1.0850,0.7496,-4.1205,-0.0362,0.3216,0.3060,-0.0875,-4.8506,7.4618,0.9189,0.0000,1,0,0,0,0,0.7241
195.4322,254.0917,0.0864,-12.2328,12.8818,46.3743,12.8815,0.0747,0.9014,0.5335,-3.6233,-0.0381,0.3216,0.3060,-0.0920,-5.1274,4.6417,0.9189,0.0000,1,0,0,0,0,0.5462
195.4840,254.1007,0.0864,-11.5634,12.9356,46.5680,12.9353,0.0802,1.0375,0.3060,-4.3872,-0.0401,0.3216,0.3060,-0.0967,-5.4074,5.3976,0.9189,0.0000,1,0,0,0,0,0.6366
195.5376,254.1076,0.0864,-10.8692,12.9893,46.7616,12.9890,0.0848,1.0036,0.0709,-4.3879,-0.0401,0.3216,0.3060,-0.0987,-5.6129,3.8369,0.9189,0.0000,1,0,0,0,0,0.5549
195.5886,254.1117,0.0864,-10.2055,13.0323,46.9164,13.0320,0.0878,0.8431,359.8802,-3.7386,-0.0401,0.3216,0.3060,-0.0994,-5.7809,3.2918,0.9189,0.0000,1,0,0,0,0,0.4916
195.6490,254.1135,0.0864,-9.4171,13.0967,47.1482,13.0964,0.0909,1.0668,359.5914,-4.7843,-0.0401,0.3216,0.3060,-0.0999,-5.8843,1.7135,0.9189,0.0000,1,0,0,0,0,0.4651
195.7088,254.1118,0.0864,-8.6330,13.1506,47.3420,13.1502,0.0926,0.9008,359.3512,-4.0194,-0.0401,0.3216,0.3060,-0.1001,-5.9471,1.0501,0.9189,0.0000,1,0,0,0,0,0.3873
195.7701,254.1065,0.0864,-7.8249,13.2042,47.5352,13.2039,0.0924,0.8755,359.1172,-3.8168,-0.0401,0.3216,0.3060,-0.1002,-5.9805,0.5445,0.9189,0.0000,1,0,0,0,0,0.3473
195.8211,254.0992,0.0864,-7.1499,13.2580,47.7288,13.2577,0.0937,1.0539,358.8779,-4.6904,-0.0420,0.3216,0.3060,-0.1030,-6.0175,0.7264,0.9189,0.0000,1,0,0,0,0,0.4069
195.8748,254.0887,0.0864,-6.4358,13.3116,47.9219,13.3113,0.0967,0.9978,358.6266,-4.6750,-0.0420,0.3216,0.3060,-0.1042,-6.1262,2.0222,0.9189,0.0000,1,0,0,0,0,0.4810
195.9278,254.0755,0.0864,-5.7293,13.3653,48.1151,13.3649,0.0994,1.0125,358.3708,-4.8264,-0.0420,0.3216,0.3060,-0.1047,-6.1989,1.3716,0.9189,0.0000,1,0,0,0,0,0.4559
195.9780,254.0602,0.0864,-5.0580,13.4082,48.2696,13.4078,0.1012,0.8557,358.1655,-4.0943,-0.0401,0.3216,0.3060,-0.1041,-6.2414,0.8472,0.9189,0.0000,1,0,0,0,0,0.3877
196.0332,254.0403,0.0864,-4.3158,13.4619,48.4629,13.4615,0.1013,0.9721,357.9154,-4.5269,-0.0362,0.3216,0.3060,-0.0992,-6.1969,0.8055,0.9189,0.0000,1,0,0,0,0,0.4091
196.0905,254.0161,0.0864,-3.5438,13.5156,48.6562,13.5153,0.0984,0.9379,357.6817,-4.0821,-0.0342,0.3216,0.3060,-0.0918,-5.9227,4.7898,0.9189,0.0000,1,0,0,0,0,0.6020
196.1408,253.9919,0.0864,-2.8632,13.5693,48.8496,13.5690,0.0937,1.0681,357.4643,-4.3222,-0.0323,0.3216,0.3060,-0.0855,-5.6531,5.3594,0.9189,0.0000,1,0,0,0,0,0.6414
196.1923,253.9645,0.0864,-2.1635,13.6122,49.0041,13.6120,0.0896,0.8329,357.3014,-3.1629,-0.0284,0.3216,0.3060,-0.0793,-5.2876,7.0960,0.9189,0.0000,1,0,0,0,0,0.6686
196.2523,253.9293,0.0864,-1.3450,13.6768,49.2364,13.6765,0.0814,1.0747,357.0804,-3.6808,-0.0245,0.3216,0.3060,-0.0692,-4.8700,6.9549,0.9189,0.0000,1,0,0,0,0,0.6802
196.3117,253.8912,0.0864,-0.5323,13.7306,49.4300,13.7304,0.0742,0.9060,356.9168,-2.7553,-0.0225,0.3216,0.3060,-0.0622,-4.3865,8.1461,0.9189,0.0000,1,0,0,0,0,0.6867
196.3638,253.8553,0.0864,0.1834,13.7844,49.6237,13.7842,0.0644,1.0332,356.7806,-2.6145,-0.0166,0.3216,0.3060,-0.0413,-3.8523,10.2550,0.9189,0.0000,1,0,0,0,0,0.7851
196.4244,253.8109,0.0864,1.0196,13.8382,49.8176,13.8381,0.0453,0.8884,356.7149,-1.0841,-0.0147,0.3216,0.3060,-0.0178,-2.6554,19.7478,0.9189,0.0000,1,0,0,0,0,1.2064
196.4810,253.7675,0.0864,1.8034,13.9029,50.0506,13.9029,0.0232,1.1433,356.6902,-0.4356,-0.0108,0.3216,0.3060,-0.0064,-1.5928,18.7707,0.9189,0.0000,1,0,0,0,0,1.0920
196.5346,253.7254,0.0864,2.5479,13.9461,50.2059,13.9461,0.0143,0.8056,356.6855,-0.0889,-0.0088,0.3216,0.3060,-0.0033,-0.9476,12.0462,0.9189,0.0000,1,0,0,0,0,0.6895
196.5994,253.6733,0.0864,3.4532,14.0108,50.4388,14.0108,0.0047,0.9977,356.6747,-0.1656,-0.0049,0.3216,0.3060,-0.0012,-0.5189,6.6099,0.9189,0.0000,1,0,0,0,0,0.3815
196.6583,253.6254,0.0864,4.2784,14.0648,50.6332,14.0648,0.0000,0.9174,356.6686,-0.1042,-0.0029,0.3216,0.3060,-0.0005,-0.2600,4.3988,0.9189,0.0000,1,0,0,0,0,0.2502
196.7137,253.5798,0.0864,5.0575,14.1187,50.8272,14.1187,0.0029,0.9730,356.6634,-0.0942,-0.0010,0.3216,0.3060,-0.0002,-0.1319,2.3131,0.9189,0.0000,1,0,0,0,0,0.1368
196.7705,253.5326,0.0864,5.8611,14.1834,51.0601,14.1834,0.0051,1.1378,356.6579,-0.0971,0.0049,0.3216,0.3060,-0.0001,-0.0684,1.1161,0.9189,0.0000,1,0,0,0,0,0.0728
196.8259,253.4864,0.0864,6.6462,14.2373,51.2544,14.2373,0.0060,0.9746,356.6536,-0.0777,0.0068,0.3216,0.3060,0.0000,-0.0369,0.5690,0.9189,0.0000,1,0,0,0,0,0.0423
196.8798,253.4411,0.0864,7.4133,14.2806,51.4100,14.2806,0.0062,0.8021,356.6502,-0.0629,0.0107,0.3216,0.3060,0.0000,-0.0174,0.3621,0.9189,0.0000,1,0,0,0,0,0.0301
196.9315,253.3980,0.0864,8.1486,14.0692,50.6490,14.0692,0.0013,-4.0902,356.6453,-0.0951,0.0127,0.3216,0.3060,0.0000,-0.0099,0.1455,0.9189,0.0000,1,0,0,0,0,0.0148
196.9900,253.3512,0.0864,8.9517,13.4602,48.4567,13.4602,0.0057,-10.3986,356.6403,-0.0844,0.0146,0.3216,0.3060,0.0000,-0.0045,0.0915,0.9189,0.0000,1,0,0,0,0,0.0161
197.0483,253.3066,0.0864,9.7132,12.7295,45.8262,12.7295,0.0016,-12.5456,356.6389,-0.0246,0.0205,0.3216,0.3060,0.0080,-0.0022,0.0396,0.9189,0.0000,1,0,0,0,0,0.0055
197.0996,253.2688,0.0864,10.3536,12.2423,44.0721,12.2422,0.0115,-9.4898,356.6768,0.7388,0.0225,0.3216,0.3060,0.0300,0.5782,11.3040,0.9189,0.0000,1,0,0,0,0,0.6831
197.1575,253.2282,0.0864,11.0408,11.6333,41.8797,11.6332,0.0249,-10.5277,356.7623,1.4777,0.0244,0.3216,0.3060,0.0463,1.5835,17.3796,0.9189,0.0000,1,0,0,0,0,1.0797
197.2087,253.1945,0.0864,11.6187,11.0242,39.6869,11.0241,0.0352,-11.8841,356.8701,2.1036,0.0264,0.3216,0.3060,0.0561,2.3218,14.4032,0.9189,0.0000,1,0,0,0,0,0.9649
197.2647,253.1602,0.0864,12.2170,10.4151,37.4945,10.4151,0.0416,-10.8811,356.9894,2.1314,0.0283,0.3216,0.3060,0.0625,2.9089,10.4905,0.9189,0.0000,1,0,0,0,0,0.7612
197.3162,253.1310,0.0864,12.7378,9.8061,35.3019,9.8060,0.0450,-11.8165,357.1149,2.4340,0.0283,0.3216,0.3060,0.0673,3.3959,9.4483,0.9189,0.0000,1,0,0,0,0,0.7290
197.3714,253.1025,0.0864,13.2631,9.1970,33.1091,9.1969,0.0457,-11.0394,357.2406,2.2782,0.0283,0.3216,0.3060,0.0693,3.6868,5.2714,0.9189,0.0000,1,0,0,0,0,0.4940
197.4284,253.0758,0.0864,13.7708,8.5879,30.9165,8.5878,0.0444,-10.6840,357.3629,2.1456,0.0283,0.3216,0.3060,0.0702,3.9782,5.1129,0.9189,0.0000,1,0,0,0,0,0.4808
197.4814,253.0536,0.0864,14.2110,7.9788,28.7238,7.9787,0.0420,-11.4930,357.4804,2.2171,0.0283,0.3216,0.3060,0.0706,4.1065,2.4199,0.9189,0.0000,1,0,0,0,0,0.3365
197.5338,253.0339,0.0864,14.6155,7.4915,26.9695,7.4914,0.0394,-9.3085,357.5705,1.7214,0.0283,0.3216,0.3060,0.0707,4.1689,1.1925,0.9189,0.0000,1,0,0,0,0,0.2408
197.5897,253.0153,0.0864,15.0148,6.8825,24.7770,6.8824,0.0360,-10.8815,357.6780,1.9215,0.0283,0.3216,0.3060,0.0708,4.2059,0.6614,0.9189,0.0000,1,0,0,0,0,0.2220
197.6514,252.9973,0.0864,15.4148,6.1516,22.1457,6.1515,0.0319,-11.8567,357.7995,1.9703,0.0283,0.3216,0.3060,0.0708,4.2289,0.3731,0.9189,0.0000,1,0,0,0,0,0.2079
197.7074,252.9832,0.0864,15.7426,5.5425,19.9532,5.5425,0.0282,-10.8637,357.8909,1.6309,0.0225,0.3216,0.3060,0.0659,4.1867,0.7537,0.9189,0.0000,1,0,0,0,0,0.2087
197.7646,252.9709,0.0864,16.0412,4.9335,17.7605,4.9334,0.0239,-10.6559,357.9660,1.3129,0.0186,0.3216,0.3060,0.0510,3.9813,3.5925,0.9189,0.0000,1,0,0,0,0,0.3453
197.8236,252.9601,0.0864,16.3121,4.3245,15.5680,4.3244,0.0183,-10.3212,358.0008,0.5906,0.0146,0.3216,0.3060,0.0219,2.9482,17.5095,0.9189,0.0000,1,0,0,0,0,1.0691
197.8857,252.9506,0.0864,16.5559,3.5936,12.9370,3.5936,0.0129,-11.7622,358.0130,0.1960,0.0107,0.3216,0.3060,0.0080,2.0162,14.9993,0.9189,0.0000,1,0,0,0,0,0.8982
197.9441,252.9432,0.0864,16.7464,2.9846,10.7446,2.9846,0.0101,-10.4375,358.0139,0.0152,0.0029,0.3216,0.3060,0.0034,0.9662,17.9950,0.9189,0.0000,1,0,0,0,0,1.0513
197.9963,252.9379,0.0864,16.8852,2.3756,8.5520,2.3755,0.0083,-11.6571,358.0116,-0.0444,0.0010,0.3216,0.3060,0.0015,0.5963,7.0793,0.9189,0.0000,1,0,0,0,0,0.4483
198.0482,252.9337,0.0864,16.9935,1.7665,6.3593,1.7665,0.0071,-11.7369,358.0080,-0.0688,-0.0029,0.3216,0.3060,0.0006,0.3396,4.9477,0.9189,0.0000,1,0,0,0,0,0.3390
198.0999,252.9305,0.0864,17.0719,1.2793,4.6054,1.2793,0.0062,-9.4379,358.0048,-0.0627,-0.0069,0.3216,0.3060,0.0003,0.1754,3.1807,0.9189,0.0000,1,0,0,0,0,0.2533
198.1598,252.9283,0.0864,17.1263,0.5484,1.9744,0.5484,0.0046,-12.1843,357.9996,-0.0860,-0.0147,0.3216,0.3060,0.0001,0.0919,1.3915,0.9189,0.0000,1,0,0,0,0,0.2070
198.2180,252.9274,0.0864,17.1417,0.0006,0.0020,-0.0002,0.0005,-9.4167,357.9956,-0.0692,-0.0186,0.3216,0.3060,0.0001,0.0462,0.7859,0.9189,0.0000,1,0,0,0,0,0.0475
198.2730,252.9274,0.0864,17.1417,0.0000,0.0001,0.0000,0.0000,-0.0098,357.9832,-0.2247,-0.0245,0.3216,0.3060,-0.0320,-0.4228,8.5251,0.9189,0.0000,1,0,0,0,0,0.4861
198.3237,252.9274,0.0864,17.1417,0.0013,0.0046,0.0003,0.0012,0.0249,357.9551,-0.5556,-0.0264,0.3216,0.3060,-0.0506,-1.4056,19.4068,0.9189,0.0000,1,0,0,0,0,1.1090
198.3794,252.9273,0.0864,17.1418,0.0013,0.0048,0.0003,0.0013,0.0012,357.9114,-0.7838,-0.0303,0.3216,0.3060,-0.0632,-2.4067,17.9560,0.9189,0.0000,1,0,0,0,0,1.0411
198.4329,252.9271,0.0864,17.1418,0.0013,0.0048,0.0003,0.0013,0.0000,357.8711,-0.7530,-0.0342,0.3216,0.3060,-0.0725,-3.2565,15.8836,0.9189,0.0000,1,0,0,0,0,0.9243
198.4930,252.9270,0.0864,17.1419,0.0013,0.0048,0.0003,0.0013,0.0000,357.8034,-1.1273,-0.0362,0.3216,0.3060,-0.0832,-3.9981,12.3458,0.9189,0.0000,1,0,0,0,0,0.7485
198.5487,252.9268,0.0864,17.1420,0.0013,0.0048,0.0003,0.0013,0.0000,357.7429,-1.0866,-0.0362,0.3216,0.3060,-0.0873,-4.5796,10.4410,0.9189,0.0000,1,0,0,0,0,0.6404
198.6080,252.9267,0.0864,17.1421,0.0013,0.0048,0.0003,0.0013,0.0000,357.6797,-1.0643,-0.0381,0.3216,0.3060,-0.0919,-5.0051,7.1717,0.9189,0.0000,1,0,0,0,0,0.4576
198.6676,252.9265,0.0864,17.1421,0.0013,0.0048,0.0003,0.0013,0.0000,357.6148,-1.0891,-0.0381,0.3216,0.3060,-0.0939,-5.3187,5.2620,0.9189,0.0000,1,0,0,0,0,0.3528
198.7221,252.9264,0.0864,17.1422,0.0013,0.0048,0.0003,0.0013,0.0000,357.5491,-1.2059,-0.0381,0.3216,0.3060,-0.0947,-5.5006,3.3398,0.9189,0.0000,1,0,0,0,0,0.2525
198.7722,252.9262,0.0864,17.1423,0.0013,0.0048,0.0003,0.0013,0.0000,357.4832,-1.3143,-0.0381,0.3216,0.3060,-0.0951,-5.5862,1.7058,0.9189,0.0000,1,0,0,0,0,0.1678
198.8289,252.9261,0.0864,17.1423,0.0013,0.0048,0.0003,0.0013,0.0000,357.4171,-1.1662,-0.0381,0.3216,0.3060,-0.0952,-5.6502,1.1295,0.9189,0.0000,1,0,0,0,0,0.1275
198.8828,252.9259,0.0864,17.1424,0.0013,0.0048,0.0003,0.0013,0.0000,357.3511,-1.2249,-0.0381,0.3216,0.3060,-0.0953,-5.6843,0.6334,0.9189,0.0000,1,0,0,0,0,0.1032
198.9366,252.9258,0.0864,17.1425,0.0013,0.0048,0.0003,0.0013,0.0000,357.2860,-1.2103,-0.0342,0.3216,0.3060,-0.0915,-5.6630,0.3966,0.9189,0.0000,1,0,0,0,0,0.0893
198.9919,252.9256,0.0864,17.1425,0.0013,0.0048,0.0003,0.0013,0.0000,357.2242,-1.1172,-0.0323,0.3216,0.3060,-0.0857,-5.4945,3.0463,0.9189,0.0000,1,0,0,0,0,0.2313
199.0494,252.9254,0.0864,17.1426,0.0013,0.0048,0.0003,0.0013,0.0000,357.1671,-0.9939,-0.0264,0.3216,0.3060,-0.0763,-5.2126,4.9037,0.9189,0.0000,1,0,0,0,0,0.3276
199.0994,252.9253,0.0864,17.1426,0.0013,0.0048,0.0003,0.0013,0.0000,357.1260,-0.8206,-0.0225,0.3216,0.3060,-0.0674,-4.7530,9.1885,0.9189,0.0000,1,0,0,0,0,0.5561
199.1522,252.9252,0.0864,17.1427,0.0013,0.0048,0.0003,0.0013,0.0000,357.0852,-0.7734,-0.0147,0.3216,0.3060,-0.0382,-4.0603,13.1205,0.9189,0.0000,1,0,0,0,0,0.7719
199.2054,252.9250,0.0864,17.1428,0.0013,0.0048,0.0003,0.0013,0.0000,357.0622,-0.4327,-0.0108,0.3216,0.3060,-0.0164,-2.9277,21.2685,0.9189,0.0000,1,0,0,0,0,1.2056
199.2663,252.9249,0.0864,17.1429,0.0013,0.0048,0.0003,0.0013,0.0000,357.0473,-0.2437,-0.0049,0.3216,0.3060,-0.0071,-1.7065,20.0684,0.9189,0.0000,1,0,0,0,0,1.1284
199.3203,252.9247,0.0864,17.1429,0.0013,0.0048,0.0003,0.0013,0.0000,357.0360,-0.2103,0.0029,0.3216,0.3060,-0.0030,-0.9526,13.9655,0.9189,0.0000,1,0,0,0,0,0.7875
199.3719,252.9246,0.0864,17.1430,0.0013,0.0048,0.0003,0.0013,0.0000,357.0261,-0.1914,0.0088,0.3216,0.3060,-0.0013,-0.5794,7.2226,0.9189,0.0000,1,0,0,0,0,0.4119
199.4363,252.9244,0.0864,17.1431,0.0013,0.0048,0.0003,0.0013,0.0000,357.0150,-0.1722,0.0127,0.3216,0.3060,-0.0005,-0.3250,3.9554,0.9189,0.0000,1,0,0,0,0,0.2293
199.4910,252.9242,0.0864,17.1431,0.0013,0.0048,0.0003,0.0013,0.0000,357.0060,-0.1638,0.0186,0.3216,0.3060,-0.0002,-0.1370,3.4322,0.9189,0.0000,1,0,0,0,0,0.1998
199.5414,252.9241,0.0864,17.1432,0.0013,0.0048,0.0003,0.0013,0.0000,356.9999,-0.1218,0.0205,0.3216,0.3060,0.0079,-0.0209,2.3051,0.9189,0.0000,1,0,0,0,0,0.1348
199.6034,252.9239,0.0864,17.1433,0.0013,0.0048,0.0003,0.0013,0.0000,357.0094,0.1537,0.0225,0.3216,0.3060,0.0383,0.7471,12.3943,0.9189,0.0000,1,0,0,0,0,0.6971
199.6599,252.9238,0.0864,17.1433,0.0013,0.0048,0.0003,0.0013,0.0000,357.0291,0.3490,0.0264,0.3216,0.3060,0.0527,1.7215,17.2490,0.9189,0.0000,1,0,0,0,0,0.9777
199.7171,252.9236,0.0864,17.1434,0.0013,0.0048,0.0003,0.0013,0.0000,357.0552,0.4549,0.0264,0.3216,0.3060,0.0603,2.6539,16.2952,0.9189,0.0000,1,0,0,0,0,0.9306
199.7724,252.9235,0.0864,17.1435,0.0013,0.0048,0.0003,0.0013,0.0000,357.0840,0.5219,0.0264,0.3216,0.3060,0.0635,3.1780,9.4754,0.9189,0.0000,1,0,0,0,0,0.5554
199.8288,252.9233,0.0864,17.1435,0.0013,0.0048,0.0003,0.0013,0.0000,357.1142,0.5342,0.0264,0.3216,0.3060,0.0649,3.5346,6.3248,0.9189,0.0000,1,0,0,0,0,0.3811
199.8817,252.9233,0.0864,17.1435,0.0000,0.0001,0.0000,0.0000,-0.0251,357.1528,0.7299,0.0283,0.3216,0.3060,0.0683,3.7590,4.2389,0.9189,0.0000,1,0,0,0,0,0.2760
199.9504,252.9233,0.0864,17.1435,0.0000,0.0001,0.0000,0.0000,0.0000,357.2027,0.7269,0.0283,0.3216,0.3060,0.0699,3.9541,2.8410,0.9189,0.0000,1,0,0,0,0,0.1982
200.0086,252.9233,0.0864,17.1435,0.0000,0.0001,0.0000,0.0000,0.0000,357.2450,0.7261,0.0283,0.3216,0.3060,0.0704,4.1162,2.7874,0.9189,0.0000,1,0,0,0,0,0.1952
200.0620,252.9232,0.0864,17.1435,0.0000,0.0001,0.0000,0.0000,0.0000,357.2874,0.7932,0.0283,0.3216,0.3060,0.0707,4.1689,0.9844,0.9189,0.0000,1,0,0,0,0,0.0988
200.1236,252.9233,0.0864,17.1435,0.0000,0.0001,0.0000,0.0000,0.0000,357.3383,0.8280,0.0283,0.3216,0.3060,0.0708,4.2103,0.6723,0.9189,0.0000,1,0,0,0,0,0.0833
200.1816,252.9233,0.0864,17.1435,0.0000,0.0001,0.0000,0.0000,0.0000,357.3795,0.7100,0.0244,0.3216,0.3060,0.0666,4.1870,0.4016,0.9189,0.0000,1,0,0,0,0,0.0618
200.2335,252.9233,0.0864,17.1435,0.0000,0.0001,0.0000,0.0000,0.0000,357.4175,0.7324,0.0225,0.3216,0.3060,0.0611,4.0377,2.8770,0.9189,0.0000,1,0,0,0,0,0.2005
200.2846,252.9233,0.0864,17.1436,0.0000,0.0001,0.0000,0.0000,0.0000,357.4444,0.5260,0.0186,0.3216,0.3060,0.0483,3.7712,5.2144,0.9189,0.0000,1,0,0,0,0,0.3189
200.3367,252.9233,0.0864,17.1436,0.0000,0.0001,0.0000,0.0000,0.0000,357.4624,0.3450,0.0166,0.3216,0.3060,0.0208,2.9914,14.9686,0.9189,0.0000,1,0,0,0,0,0.8508
200.3885,252.9233,0.0864,17.1436,0.0000,0.0001,0.0000,0.0000,0.0000,357.4700,0.1468,0.0146,0.3216,0.3060,0.0089,1.9928,19.2932,0.9189,0.0000,1,0,0,0,0,1.0800
200.4389,252.9233,0.0864,17.1436,0.0000,0.0001,0.0000,0.0000,0.0001,357.4728,0.0563,0.0146,0.3216,0.3060,0.0045,1.1877,15.9746,0.9189,0.0000,1,0,0,0,0,0.8906
200.4939,252.9233,0.0864,17.1436,0.0000,0.0001,0.0000,0.0000,-0.0001,357.4744,0.0288,0.0127,0.3216,0.3060,0.0020,0.6568,9.6409,0.9189,0.0000,1,0,0,0,0,0.5372
200.5503,252.9233,0.0864,17.1436,0.0000,0.0001,0.0000,0.0000,0.0000,357.4751,0.0119,0.0107,0.3216,0.3060,0.0008,0.3518,5.4141,0.9189,0.0000,1,0,0,0,0,0.3014
200.6066,252.9233,0.0864,17.1436,0.0000,0.0001,0.0000,0.0000,0.0000,357.4753,0.0027,0.0107,0.3216,0.3060,0.0004,0.1887,2.8956,0.9189,0.0000,1,0,0,0,0,0.1610
200.6733,252.9233,0.0864,17.1436,0.0000,0.0001,0.0000,0.0000,0.0000,357.4753,0.0000,0.0088,0.3216,0.3060,0.0001,0.0982,1.3557,0.9189,0.0000,1,0,0,0,0,0.0753
200.7327,252.9231,0.0864,17.1436,0.0033,0.0118,0.0030,0.0013,0.0549,357.4655,-0.1650,0.0088,0.3216,0.3060,0.0000,0.0447,0.9014,0.9189,0.0000,1,0,0,0,0,0.0592
200.7945,252.9230,0.0864,17.1439,0.0061,0.0218,0.0059,0.0012,0.0449,357.4578,-0.1235,0.0088,0.3216,0.3060,0.0000,0.0218,0.3715,0.9189,0.0000,1,0,0,0,0,0.0275
200.8466,252.9228,0.0864,17.1443,0.0089,0.0322,0.0089,0.0012,0.0556,357.4518,-0.1155,0.0088,0.3216,0.3060,0.0000,0.0116,0.1948,0.9189,0.0000,1,0,0,0,0,0.0172
200.8979,252.9227,0.0864,17.1448,0.0112,0.0404,0.0112,0.0012,0.0446,357.4472,-0.0904,0.0088,0.3216,0.3060,0.0000,0.0061,0.1065,0.9189,0.0000,1,0,0,0,0,0.0109
200.9705,252.9225,0.0864,17.1457,0.0153,0.0550,0.0152,0.0012,0.0558,357.4394,-0.1071,0.0088,0.3216,0.3060,0.0000,0.0029,0.0442,0.9189,0.0000,1,0,0,0,0,0.0084
201.0238,252.9223,0.0864,17.1466,0.0182,0.0655,0.0181,0.0012,0.0545,357.4342,-0.0974,0.0088,0.3216,0.3060,0.0000,0.0012,0.0318,0.9189,0.0000,1,0,0,0,0,0.0072
201.0745,252.9222,0.0864,17.1476,0.0206,0.0741,0.0205,0.0012,0.0471,357.4302,-0.0794,0.0088,0.3216,0.3060,0.0000,0.0007,0.0113,0.9189,0.0000,1,0,0,0,0,0.0050
201.1389,252.9220,0.0864,17.1490,0.0241,0.0867,0.0240,0.0012,0.0544,357.4245,-0.0887,0.0127,0.3216,0.3060,0.0000,0.0003,0.0054,0.9189,0.0000,1,0,0,0,0,0.0052
201.1958,252.9218,0.0864,17.1504,0.0270,0.0970,0.0269,0.0012,0.0505,357.4199,-0.0798,0.0166,0.3216,0.3060,0.0000,0.0001,0.0030,0.9189,0.0000,1,0,0,0,0,0.0046
201.2473,252.9215,0.0864,17.1519,0.0299,0.1076,0.0299,0.0012,0.0573,357.4165,-0.0670,0.0205,0.3216,0.3060,0.0080,0.0001,0.0012,0.9189,0.0000,1,0,0,0,0,0.0038
201.2986,252.9213,0.0864,17.1535,0.0328,0.1182,0.0328,0.0012,0.0571,357.4269,0.2041,0.0225,0.3216,0.3060,0.0334,0.6066,11.8261,0.9189,0.0000,1,0,0,0,0,0.6683
201.3595,252.9211,0.0864,17.1555,0.0358,0.1288,0.0357,0.0012,0.0482,357.4481,0.3467,0.0225,0.3216,0.3060,0.0464,1.5217,15.0229,0.9189,0.0000,1,0,0,0,0,0.8539
201.4197,252.9208,0.0864,17.1578,0.0387,0.1391,0.0386,0.0013,0.0479,357.4741,0.4322,0.0225,0.3216,0.3060,0.0520,2.2967,12.8681,0.9189,0.0000,1,0,0,0,0,0.7389
201.4868,252.9206,0.0864,17.1605,0.0422,0.1518,0.0421,0.0013,0.0524,357.5083,0.5094,0.0244,0.3216,0.3060,0.0561,2.7579,6.8751,0.9189,0.0000,1,0,0,0,0,0.4103
201.5419,252.9203,0.0864,17.1629,0.0451,0.1624,0.0451,0.0013,0.0533,357.5394,0.5641,0.0264,0.3216,0.3060,0.0603,3.2038,8.0873,0.9189,0.0000,1,0,0,0,0,0.4806
201.5989,252.9201,0.0864,17.1656,0.0486,0.1749,0.0486,0.0013,0.0611,357.5807,0.7251,0.0283,0.3216,0.3060,0.0663,3.4552,4.4152,0.9189,0.0000,1,0,0,0,0,0.2856
201.6563,252.9199,0.0864,17.1684,0.0516,0.1857,0.0516,0.0014,0.0521,357.6177,0.6445,0.0283,0.3216,0.3060,0.0689,3.8013,6.0256,0.9189,0.0000,1,0,0,0,0,0.3706
201.7091,252.9196,0.0864,17.1712,0.0545,0.1961,0.0545,0.0014,0.0549,357.6567,0.7397,0.0322,0.3216,0.3060,0.0738,3.9889,3.5517,0.9189,0.0000,1,0,0,0,0,0.2384
201.7716,252.9193,0.0864,17.1747,0.0575,0.2068,0.0574,0.0014,0.0476,357.6994,0.6828,0.0342,0.3216,0.3060,0.0796,4.3086,5.1166,0.9189,0.0000,1,0,0,0,0,0.3222
201.8225,252.9190,0.0864,17.1776,0.0604,0.2173,0.0603,0.0014,0.0572,357.7449,0.8953,0.0342,0.3216,0.3060,0.0830,4.6015,5.7590,0.9189,0.0000,1,0,0,0,0,0.3697
201.8831,252.9187,0.0864,17.1814,0.0633,0.2278,0.0633,0.0014,0.0482,357.7918,0.7727,0.0342,0.3216,0.3060,0.0844,4.8161,3.5403,0.9189,0.0000,1,0,0,0,0,0.2396
201.9354,252.9184,0.0864,17.1848,0.0662,0.2384,0.0662,0.0015,0.0563,357.8392,0.9055,0.0342,0.3216,0.3060,0.0850,4.9556,2.6663,0.9189,0.0000,1,0,0,0,0,0.1984
201.9986,252.9181,0.0864,17.1890,0.0698,0.2511,0.0697,0.0015,0.0559,357.8964,0.9055,0.0342,0.3216,0.3060,0.0853,5.0250,1.0987,0.9189,0.0000,1,0,0,0,0,0.1113
202.0488,252.9178,0.0864,17.1926,0.0721,0.2595,0.0721,0.0015,0.0461,357.9346,0.7611,0.0342,0.3216,0.3060,0.0854,5.0812,1.1199,0.9189,0.0000,1,0,0,0,0,0.1045
202.1037,252.9175,0.0864,17.1966,0.0749,0.2697,0.0749,0.0015,0.0518,357.9824,0.8709,0.0342,0.3216,0.3060,0.0855,5.1041,0.4165,0.9189,0.0000,1,0,0,0,0,0.0715
202.1555,252.9172,0.0864,17.2005,0.0793,0.2854,0.0793,0.0016,0.0844,358.0305,0.9281,0.0342,0.3333,0.3060,0.0855,5.1156,0.2214,0.9252,0.0000,1,0,0,0,0,0.0639
202.2065,252.9169,0.0864,17.2050,0.0974,0.3507,0.0974,0.0017,0.3555,358.0701,0.7774,0.0342,0.3666,0.3060,0.0855,5.1218,0.1221,0.9572,0.0000,1,0,0,0,0,0.0500
202.2590,252.9166,0.0864,17.2112,0.1385,0.4985,0.1385,0.0018,0.7816,358.1214,0.9773,0.0342,0.4194,0.3060,0.0855,5.1253,0.0664,0.9791,0.0000,1,0,0,0,0,0.0580
202.3203,252.9160,0.0864,17.2214,0.2009,0.7234,0.2009,0.0022,1.0193,358.1845,1.0286,0.0322,0.4643,0.3060,0.0841,5.1231,0.0357,0.9911,0.0000,1,0,0,0,0,0.0591
202.3719,252.9155,0.0864,17.2328,0.2465,0.8872,0.2464,0.0024,0.8821,358.2253,0.7903,0.0303,0.4917,0.3060,0.0800,5.0451,1.5123,0.9950,0.0000,1,0,0,0,0,0.1279
202.4325,252.9147,0.0864,17.2499,0.3175,1.1432,0.3175,0.0028,1.1730,358.2832,0.9557,0.0264,0.5015,0.3060,0.0731,4.8293,3.5599,0.9979,0.0000,1,0,0,0,0,0.2509
202.4880,252.9139,0.0864,17.2689,0.3780,1.3607,0.3780,0.0030,1.0884,358.3271,0.7920,0.0244,0.5015,0.3060,0.0666,4.4979,5.9680,0.9990,0.0000,1,0,0,0,0,0.3756
202.5399,252.9131,0.0864,17.2898,0.4267,1.5363,0.4267,0.0032,0.9404,358.3600,0.6339,0.0225,0.5015,0.3060,0.0625,4.2052,5.6465,0.9994,0.0000,1,0,0,0,0,0.3489
202.5946,252.9122,0.0864,17.3150,0.4880,1.7567,0.4880,0.0035,1.1190,358.3940,0.6219,0.0186,0.5015,0.3060,0.0414,3.7125,9.0032,0.9997,0.0000,1,0,0,0,0,0.5347
202.6487,252.9111,0.0864,17.3432,0.5492,1.9772,0.5492,0.0036,1.1315,358.4082,0.2616,0.0166,0.5015,0.3060,0.0178,2.8243,16.4121,0.9999,0.0000,1,0,0,0,0,1.0244
202.7046,252.9099,0.0864,17.3757,0.6107,2.1984,0.6107,0.0037,1.1000,358.4119,0.0661,0.0146,0.5015,0.3060,0.0076,1.6362,21.2621,0.9999,0.0000,1,0,0,0,0,1.2764
202.7581,252.9087,0.0864,17.4100,0.6721,2.4196,0.6721,0.0039,1.1488,358.4109,-0.0177,0.0107,0.5015,0.3060,0.0033,1.0408,11.1357,1.0000,0.0000,1,0,0,0,0,0.7061
202.8190,252.9072,0.0864,17.4530,0.7335,2.6406,0.7335,0.0040,1.0078,358.4081,-0.0476,0.0068,0.5015,0.3060,0.0014,0.5475,8.0970,1.0000,0.0000,1,0,0,0,0,0.5347
202.8693,252.9059,0.0864,17.4916,0.7951,2.8622,0.7950,0.0042,1.2236,358.4043,-0.0740,0.0029,0.4976,0.3060,0.0006,0.2968,4.9830,1.0000,0.0000,1,0,0,0,0,0.3598
202.9221,252.9044,0.0864,17.5351,0.8565,3.0834,0.8565,0.0043,1.1632,358.4002,-0.0774,0.0010,0.4839,0.3060,0.0003,0.1745,2.3152,1.0000,0.0000,1,0,0,0,0,0.2087
202.9847,252.9025,0.0864,17.5907,0.9181,3.3050,0.9180,0.0045,0.9828,358.3960,-0.0677,-0.0049,0.4643,0.3060,0.0001,0.0853,1.4237,1.0000,0.0000,1,0,0,0,0,0.1557
203.0364,252.9008,0.0864,17.6398,0.9796,3.5264,0.9795,0.0046,1.1907,358.3916,-0.0851,-0.0088,0.4428,0.3060,0.0000,0.0414,0.8499,1.0000,0.0000,1,0,0,0,0,0.1224
203.0868,252.8990,0.0864,17.6906,1.0410,3.7477,1.0410,0.0047,1.2200,358.3872,-0.0866,-0.0127,0.3998,0.3060,0.0000,0.0234,0.3583,1.0000,0.0000,1,0,0,0,0,0.0929
203.1411,252.8971,0.0864,17.7485,1.1025,3.9689,1.1025,0.0049,1.1314,358.3828,-0.0809,-0.0147,0.3686,0.3060,0.0000,0.0128,0.1954,1.0000,0.0000,1,0,0,0,0,0.0815
203.2002,252.8949,0.0864,17.8152,1.1634,4.1881,1.1634,0.0050,1.0294,358.3785,-0.0738,-0.0186,0.3451,0.3060,0.0000,0.0060,0.1147,0.9971,0.0000,1,0,0,0,0,0.0745
203.2605,252.8924,0.0864,17.8871,1.2201,4.3925,1.2201,0.0049,0.9422,358.3631,-0.2547,-0.0225,0.3451,0.3060,-0.0312,-0.5274,8.8527,0.9914,0.0000,1,0,0,0,0,0.5666
203.3123,252.8903,0.0864,17.9517,1.2741,4.5867,1.2741,0.0047,1.0412,358.3333,-0.5754,-0.0245,0.3451,0.3060,-0.0483,-1.4345,17.5051,0.9886,0.0000,1,0,0,0,0,1.0604
203.3656,252.8879,0.0864,18.0209,1.3266,4.7758,1.3266,0.0046,0.9852,358.2942,-0.7338,-0.0264,0.3451,0.3060,-0.0570,-2.2682,15.6370,0.9872,0.0000,1,0,0,0,0,0.9611
203.4252,252.8851,0.0864,18.1014,1.3786,4.9631,1.3786,0.0044,0.8733,358.2486,-0.7649,-0.0284,0.3451,0.3060,-0.0636,-2.9624,11.6528,0.9866,0.0000,1,0,0,0,0,0.7380
203.4863,252.8821,0.0864,18.1873,1.4405,5.1859,1.4405,0.0042,1.0132,358.1869,-1.0107,-0.0303,0.3451,0.3060,-0.0702,-3.5235,9.1873,0.9862,0.0000,1,0,0,0,0,0.6107
203.5376,252.8794,0.0864,18.2622,1.4817,5.3340,1.4817,0.0041,0.8021,358.1412,-0.8908,-0.0323,0.3451,0.3060,-0.0753,-3.8257,5.8911,0.9861,0.0000,1,0,0,0,0,0.4186
203.5894,252.8766,0.0864,18.3403,1.5331,5.5191,1.5331,0.0039,0.9914,358.0786,-1.2074,-0.0362,0.3451,0.3060,-0.0826,-4.3111,9.3594,0.9860,0.0000,1,0,0,0,0,0.6256
203.6515,252.8730,0.0864,18.4371,1.5845,5.7042,1.5845,0.0037,0.8285,358.0094,-1.1148,-0.0401,0.3451,0.3060,-0.0898,-4.7547,7.1490,0.9859,0.0000,1,0,0,0,0,0.4946
203.7083,252.8694,0.0864,18.5288,1.6461,5.9259,1.6461,0.0034,1.0842,357.9157,-1.6497,-0.0440,0.3451,0.3060,-0.1006,-5.2771,9.1948,0.9859,0.0000,1,0,0,0,0,0.6333
203.7610,252.8660,0.0864,18.6166,1.6871,6.0737,1.6871,0.0032,0.7791,357.8473,-1.2976,-0.0459,0.3451,0.3060,-0.1060,-5.7024,8.0698,0.9859,0.0000,1,0,0,0,0,0.5486
203.8141,252.8622,0.0864,18.7076,1.7385,6.2585,1.7385,0.0028,0.9661,357.7542,-1.7524,-0.0499,0.3451,0.3060,-0.1153,-6.1308,8.0661,0.9859,0.0000,1,0,0,0,0,0.5699
203.8708,252.8580,0.0864,18.8078,1.7898,6.4434,1.7898,0.0025,0.9054,357.6527,-1.7891,-0.0538,0.3451,0.3060,-0.1238,-6.7198,10.3823,0.9859,0.0000,1,0,0,0,0,0.6968
203.9280,252.8534,0.0864,18.9116,1.8411,6.6280,1.8411,0.0020,0.8973,357.5419,-1.9391,-0.0577,0.3451,0.3060,-0.1334,-7.2894,9.9675,0.9859,0.0000,1,0,0,0,0,0.6780
203.9845,252.8486,0.0864,19.0172,1.8925,6.8129,1.8925,0.0016,0.9097,357.4214,-2.1324,-0.0616,0.3451,0.3060,-0.1431,-7.8454,9.8417,0.9859,0.0000,1,0,0,0,0,0.6775
204.0475,252.8428,0.0864,19.1385,1.9540,7.0344,1.9540,0.0010,0.9759,357.2656,-2.4720,-0.0636,0.3451,0.3060,-0.1525,-8.2876,7.0156,0.9859,0.0000,1,0,0,0,0,0.5344
204.1024,252.8374,0.0864,19.2470,2.0054,7.2193,2.0054,0.0004,0.9363,357.1266,-2.5334,-0.0675,0.3451,0.3060,-0.1608,-8.9381,11.8557,0.9859,0.0000,1,0,0,0,0,0.8027
204.1528,252.8321,0.0864,19.3492,2.0567,7.4041,2.0567,0.0001,1.0178,356.9803,-2.9019,-0.0694,0.3451,0.3060,-0.1667,-9.3314,7.8003,0.9859,0.0000,1,0,0,0,0,0.5951
204.2030,252.8264,0.0864,19.4533,2.0978,7.5520,2.0978,0.0001,0.8189,356.8590,-2.4164,-0.0714,0.3451,0.3060,-0.1715,-9.6947,7.2373,0.9859,0.0000,1,0,0,0,0,0.5369
204.2569,252.8202,0.0864,19.5675,2.1490,7.7364,2.1490,0.0044,0.9511,356.6942,-3.0598,-0.0714,0.3451,0.3060,-0.1754,-10.0662,6.8988,0.9859,0.0000,1,0,0,0,0,0.5838
204.3172,252.8125,0.0864,19.6986,2.2004,7.9214,2.2004,0.0033,0.8517,356.5228,-2.8419,-0.0733,0.3451,0.3060,-0.1795,-10.3743,5.1082,0.9859,0.0000,1,0,0,0,0,0.4640
204.3776,252.8042,0.0864,19.8334,2.2620,8.1432,2.2620,0.0030,1.0190,356.3118,-3.4903,-0.0733,0.3451,0.3060,-0.1819,-10.6336,4.2881,0.9859,0.0000,1,0,0,0,0,0.4520
204.4317,252.7962,0.0864,19.9566,2.3133,8.3278,2.3133,0.0031,0.9491,356.1332,-3.3062,-0.0733,0.3451,0.3060,-0.1827,-10.7908,2.9093,0.9859,0.0000,1,0,0,0,0,0.3655
204.4919,252.7867,0.0864,20.0972,2.3646,8.5126,2.3646,0.0049,0.8522,355.9565,-2.9326,-0.0733,0.3451,0.3060,-0.1830,-10.8856,1.5751,0.9859,0.0000,1,0,0,0,0,0.2815
204.5443,252.7778,0.0864,20.2223,2.4159,8.6973,2.4159,0.0040,0.9787,355.7839,-3.2916,-0.0733,0.3451,0.3060,-0.1832,-10.9359,0.9583,0.9859,0.0000,1,0,0,0,0,0.2612
204.5999,252.7678,0.0864,20.3574,2.4673,8.8823,2.4673,0.0038,0.9252,355.6100,-3.1327,-0.0733,0.3451,0.3060,-0.1833,-10.9668,0.5560,0.9859,0.0000,1,0,0,0,0,0.2281
204.6518,252.7578,0.0864,20.4864,2.5186,9.0670,2.5186,0.0039,0.9879,355.4347,-3.3743,-0.0733,0.3451,0.3060,-0.1833,-10.9806,0.2658,0.9859,0.0000,1,0,0,0,0,0.2254
204.7033,252.7474,0.0864,20.6168,2.5596,9.2146,2.5596,0.0040,0.7955,355.2936,-2.7383,-0.0733,0.3451,0.3060,-0.1833,-10.9891,0.1650,0.9859,0.0000,1,0,0,0,0,0.1849
204.7548,252.7364,0.0864,20.7495,2.6109,9.3992,2.6109,0.0043,0.9960,355.1169,-3.4327,-0.0714,0.3451,0.3060,-0.1814,-10.9796,0.1838,0.9859,0.0000,1,0,0,0,0,0.2254
204.8168,252.7224,0.0864,20.9124,2.6623,9.5842,2.6623,0.0044,0.8291,354.9433,-2.8001,-0.0675,0.3451,0.3060,-0.1755,-10.8399,2.2537,0.9859,0.0000,1,0,0,0,0,0.3054
204.8690,252.7100,0.0864,21.0524,2.7136,9.7690,2.7136,0.0044,0.9835,354.7754,-3.2160,-0.0636,0.3451,0.3060,-0.1678,-10.5847,4.8894,0.9859,0.0000,1,0,0,0,0,0.4744
204.9197,252.6973,0.0864,21.1905,2.7649,9.9538,2.7649,0.0042,1.0129,354.6161,-3.1452,-0.0577,0.3451,0.3060,-0.1572,-10.2301,7.0002,0.9859,0.0000,1,0,0,0,0,0.5863
204.9844,252.6803,0.0864,21.3705,2.8265,10.1755,2.8265,0.0038,0.9510,354.4377,-2.7554,-0.0538,0.3451,0.3060,-0.1446,-9.6519,8.9284,0.9859,0.0000,1,0,0,0,0,0.6691
205.0432,252.6640,0.0864,21.5373,2.8778,10.3602,2.8778,0.0033,0.8725,354.2997,-2.3456,-0.0499,0.3451,0.3060,-0.1346,-8.9879,11.2914,0.9859,0.0000,1,0,0,0,0,0.7749
205.0960,252.6487,0.0864,21.6897,2.9292,10.5451,2.9292,0.0031,0.9733,354.1696,-2.4655,-0.0459,0.3451,0.3060,-0.1263,-8.3637,11.8264,0.9859,0.0000,1,0,0,0,0,0.8096
205.1533,252.6315,0.0864,21.8580,2.9805,10.7298,2.9805,0.0028,0.8950,354.0421,-2.2246,-0.0420,0.3451,0.3060,-0.1156,-7.8154,9.5633,0.9859,0.0000,1,0,0,0,0,0.6689
205.2115,252.6132,0.0864,22.0320,3.0319,10.9147,3.0319,0.0024,0.8821,353.9227,-2.0509,-0.0381,0.3451,0.3060,-0.1054,-7.1958,10.6447,0.9859,0.0000,1,0,0,0,0,0.7174
205.2724,252.5934,0.0864,22.2170,3.0934,11.1363,3.0934,0.0018,1.0124,353.7928,-2.1345,-0.0342,0.3451,0.3060,-0.0935,-6.5483,10.6459,0.9859,0.0000,1,0,0,0,0,0.7188
205.3253,252.5755,0.0864,22.3810,3.1345,11.2841,3.1345,0.0014,0.7748,353.7132,-1.5035,-0.0323,0.3451,0.3060,-0.0872,-5.9606,11.0918,0.9859,0.0000,1,0,0,0,0,0.7066
205.3763,252.5577,0.0864,22.5410,3.1858,11.4690,3.1858,0.0009,1.0083,353.6214,-1.8023,-0.0284,0.3451,0.3060,-0.0783,-5.5209,8.6339,0.9859,0.0000,1,0,0,0,0,0.5838
205.4399,252.5348,0.0864,22.7441,3.2474,11.6906,3.2474,0.0002,0.9678,353.5212,-1.5750,-0.0245,0.3451,0.3060,-0.0694,-4.9576,8.8548,0.9859,0.0000,1,0,0,0,0,0.5804
205.4951,252.5143,0.0864,22.9235,3.2988,11.8755,3.2988,0.0003,0.9304,353.4448,-1.3847,-0.0245,0.3451,0.3060,-0.0647,-4.4574,9.0611,0.9859,0.0000,1,0,0,0,0,0.5815
205.5471,252.4944,0.0864,23.0950,3.3398,12.0234,3.3398,0.0006,0.7890,353.3871,-1.1076,-0.0225,0.3451,0.3060,-0.0606,-4.1438,6.0248,0.9859,0.0000,1,0,0,0,0,0.3987
205.5977,252.4746,0.0864,23.2640,3.3911,12.2080,3.3911,0.0009,1.0149,353.3188,-1.3508,-0.0206,0.3451,0.3060,-0.0562,-3.9172,4.4845,0.9859,0.0000,1,0,0,0,0,0.3283
205.6565,252.4510,0.0864,23.4636,3.4424,12.3927,3.4424,0.0023,0.8717,353.2759,-0.7303,-0.0147,0.3451,0.3060,-0.0241,-3.0782,14.2590,0.9859,0.0000,1,0,0,0,0,0.8427
205.7084,252.4297,0.0864,23.6422,3.4938,12.5778,3.4938,0.0039,0.9915,353.2547,-0.4078,-0.0127,0.3451,0.3060,-0.0104,-2.1210,18.4550,0.9859,0.0000,1,0,0,0,0,1.0648
205.7605,252.4078,0.0864,23.8242,3.5349,12.7255,3.5349,0.0049,0.7872,353.2451,-0.1856,-0.0088,0.3451,0.3060,-0.0053,-1.3045,15.6647,0.9859,0.0000,1,0,0,0,0,0.9015
205.8118,252.3860,0.0864,24.0054,3.5862,12.9102,3.5861,0.0058,1.0010,353.2370,-0.1578,-0.0069,0.3451,0.3060,-0.0023,-0.7816,10.2053,0.9859,0.0000,1,0,0,0,0,0.6001
205.8709,252.3604,0.0864,24.2177,3.6376,13.0952,3.6376,0.0064,0.8689,353.2310,-0.1011,-0.0049,0.3451,0.3060,-0.0010,-0.4095,6.2902,0.9859,0.0000,1,0,0,0,0,0.3813
205.9266,252.3359,0.0864,24.4205,3.6888,13.2797,3.6888,0.0067,0.9204,353.2259,-0.0910,-0.0010,0.3451,0.3060,-0.0004,-0.2088,3.6027,0.9859,0.0000,1,0,0,0,0,0.2324
205.9839,252.3103,0.0864,24.6321,3.7504,13.5016,3.7504,0.0070,1.0757,353.2204,-0.0970,0.0029,0.3451,0.3060,-0.0002,-0.1149,1.6399,0.9859,0.0000,1,0,0,0,0,0.1243
206.0414,252.2842,0.0864,24.8475,3.8017,13.6862,3.8017,0.0071,0.8919,353.2160,-0.0759,0.0068,0.3451,0.3060,-0.0001,-0.0553,1.0369,0.9859,0.0000,1,0,0,0,0,0.0897
206.1088,252.2531,0.0864,25.1039,3.8633,13.9078,3.8633,0.0071,0.9127,353.2108,-0.0769,0.0068,0.3451,0.3060,0.0000,-0.0301,0.3733,0.9859,0.0000,1,0,0,0,0,0.0527
206.1698,252.2246,0.0864,25.3394,3.9146,14.0927,3.9146,0.0071,0.8424,353.2065,-0.0716,0.0107,0.3451,0.3060,0.0000,-0.0120,0.2975,0.9859,0.0000,1,0,0,0,0,0.0478
206.2309,252.1955,0.0864,25.5789,3.9762,14.3143,3.9762,0.0072,1.0069,353.2012,-0.0858,0.0166,0.3451,0.3060,0.0000,-0.0057,0.1023,0.9859,0.0000,1,0,0,0,0,0.0376
206.2812,252.1713,0.0864,25.7783,4.0172,14.4620,4.0172,0.0072,0.8165,353.1978,-0.0686,0.0186,0.3451,0.3060,0.0000,-0.0029,0.0561,0.9859,0.0000,1,0,0,0,0,0.0337
206.3339,252.1456,0.0864,25.9900,4.0686,14.6469,4.0686,0.0086,0.9741,353.2172,0.3683,0.0225,0.3451,0.3060,0.0307,0.4598,8.7791,0.9859,0.0000,1,0,0,0,0,0.5400
206.3866,252.1196,0.0864,26.2044,4.1200,14.8319,4.1199,0.0108,0.9742,353.2630,0.8690,0.0264,0.3451,0.3060,0.0484,1.4003,17.8289,0.9859,0.0000,1,0,0,0,0,1.0782
206.4399,252.0932,0.0864,26.4233,4.1713,15.0166,4.1712,0.0129,0.9641,353.3256,1.1766,0.0283,0.3451,0.3060,0.0598,2.2625,16.2007,0.9859,0.0000,1,0,0,0,0,1.0119
206.4968,252.0648,0.0864,26.6604,4.2226,15.2013,4.2226,0.0149,0.9015,353.4032,1.3625,0.0342,0.3451,0.3060,0.0727,3.1698,15.9410,0.9859,0.0000,1,0,0,0,0,1.0144
206.5547,252.0357,0.0864,26.9048,4.2738,15.3857,4.2738,0.0168,0.8840,353.4950,1.5840,0.0361,0.3451,0.3060,0.0824,3.8962,12.5341,0.9859,0.0000,1,0,0,0,0,0.8435
206.6249,252.0005,0.0864,27.2049,4.3354,15.6075,4.3354,0.0188,0.8780,353.6189,1.7660,0.0401,0.3451,0.3060,0.0917,4.5836,9.7971,0.9859,0.0000,1,0,0,0,0,0.7075
206.6806,251.9726,0.0864,27.4462,4.3867,15.7920,4.3866,0.0204,0.9210,353.7338,2.0652,0.0440,0.3451,0.3060,0.1003,5.2053,11.1693,0.9859,0.0000,1,0,0,0,0,0.8051
206.7403,251.9428,0.0864,27.7086,4.4482,16.0135,4.4481,0.0226,1.0297,353.8891,2.5991,0.0499,0.3451,0.3060,0.1127,5.8453,10.7110,0.9859,0.0000,1,0,0,0,0,0.8155
206.8002,251.9131,0.0864,27.9747,4.4995,16.1981,4.4994,0.0245,0.8565,354.0349,2.4349,0.0557,0.3451,0.3060,0.1250,6.5048,11.0172,0.9859,0.0000,1,0,0,0,0,0.8289
206.8518,251.8878,0.0864,28.2070,4.5508,16.3828,4.5507,0.0265,0.9934,354.1945,3.0895,0.0557,0.3451,0.3060,0.1331,7.1061,11.6408,0.9859,0.0000,1,0,0,0,0,0.9057
206.9052,251.8619,0.0864,28.4496,4.6020,16.5673,4.6019,0.0283,0.9605,354.3643,3.1831,0.0596,0.3451,0.3060,0.1408,7.6189,9.6133,0.9859,0.0000,1,0,0,0,0,0.8032
206.9638,251.8339,0.0864,28.7193,4.6533,16.7518,4.6532,0.0300,0.8745,354.5434,3.0570,0.0616,0.3451,0.3060,0.1469,8.1444,8.9669,0.9859,0.0000,1,0,0,0,0,0.7647
207.0255,251.8050,0.0864,29.0065,4.7045,16.9362,4.7044,0.0315,0.8303,354.7302,3.0275,0.0616,0.3451,0.3060,0.1509,8.5818,7.0897,0.9859,0.0000,1,0,0,0,0,0.6624
207.0858,251.7773,0.0864,29.2913,4.7660,17.1576,4.7659,0.0332,1.0184,354.9630,3.8554,0.0635,0.3451,0.3060,0.1559,8.9262,5.7041,0.9859,0.0000,1,0,0,0,0,0.6354
207.1486,251.7493,0.0864,29.5909,4.8274,17.3787,4.8273,0.0345,0.9787,355.2018,3.8046,0.0635,0.3451,0.3060,0.1578,9.2000,4.3621,0.9859,0.0000,1,0,0,0,0,0.5610
207.2043,251.7251,0.0864,29.8599,4.8788,17.5635,4.8786,0.0354,0.9210,355.4033,3.6161,0.0635,0.3451,0.3060,0.1584,9.3476,2.6480,0.9859,0.0000,1,0,0,0,0,0.4569
207.2652,251.6994,0.0864,30.1571,4.9299,17.7477,4.9298,0.0361,0.8410,355.6064,3.3384,0.0635,0.3451,0.3060,0.1586,9.4342,1.4236,0.9859,0.0000,1,0,0,0,0,0.3745
207.3167,251.6784,0.0864,30.4113,4.9812,17.9322,4.9810,0.0368,0.9954,355.8108,3.9704,0.0635,0.3451,0.3060,0.1587,9.4753,0.7987,0.9859,0.0000,1,0,0,0,0,0.3758
207.3689,251.6577,0.0864,30.6719,5.0222,18.0798,5.0220,0.0372,0.7843,355.9752,3.1442,0.0635,0.3451,0.3060,0.1588,9.5001,0.4751,0.9859,0.0000,1,0,0,0,0,0.3123
207.4261,251.6358,0.0864,30.9599,5.0836,18.3008,5.0834,0.0380,1.0745,356.2225,4.3279,0.0616,0.3451,0.3060,0.1574,9.5078,0.1333,0.9859,0.0000,1,0,0,0,0,0.3599
207.4813,251.6155,0.0864,31.2408,5.1348,18.4854,5.1347,0.0380,0.9291,356.4233,3.6388,0.0557,0.3451,0.3060,0.1497,9.3897,2.1391,0.9859,0.0000,1,0,0,0,0,0.4320
207.5401,251.5948,0.0864,31.5436,5.1860,18.6696,5.1859,0.0373,0.8693,356.6123,3.2115,0.0518,0.3451,0.3060,0.1399,9.0745,5.3548,0.9859,0.0000,1,0,0,0,0,0.5839
207.5921,251.5771,0.0864,31.8137,5.2373,18.8541,5.2371,0.0362,0.9862,356.7881,3.3811,0.0479,0.3451,0.3060,0.1292,8.6340,8.4768,0.9859,0.0000,1,0,0,0,0,0.7625
207.6588,251.5555,0.0864,32.1642,5.2988,19.0755,5.2986,0.0345,0.9216,356.9816,2.9010,0.0440,0.3451,0.3060,0.1176,8.0831,8.2553,0.9859,0.0000,1,0,0,0,0,0.7176
207.7194,251.5368,0.0864,32.4859,5.3500,19.2600,5.3499,0.0329,0.8465,357.1287,2.4300,0.0361,0.3451,0.3060,0.1059,7.3246,12.5304,0.9859,0.0000,1,0,0,0,0,0.9234
207.7711,251.5215,0.0864,32.7634,5.4012,19.4444,5.4011,0.0310,0.9905,357.2592,2.5227,0.0322,0.3451,0.3060,0.0932,6.6384,13.2652,0.9859,0.0000,1,0,0,0,0,0.9632
207.8271,251.5055,0.0864,33.0666,5.4525,19.6291,5.4525,0.0288,0.9162,357.3731,2.0338,0.0283,0.3451,0.3060,0.0813,5.9121,12.9702,0.9859,0.0000,1,0,0,0,0,0.9129
207.8793,251.4911,0.0864,33.3520,5.4935,19.7766,5.4934,0.0270,0.7847,357.4529,1.5288,0.0244,0.3451,0.3060,0.0718,5.3071,11.5899,0.9859,0.0000,1,0,0,0,0,0.8025
207.9336,251.4765,0.0864,33.6515,5.5448,19.9613,5.5448,0.0247,0.9450,357.5391,1.5864,0.0205,0.3451,0.3060,0.0610,4.6572,11.9670,0.9859,0.0000,1,0,0,0,0,0.8199
207.9845,251.4633,0.0864,33.9349,5.5961,20.1458,5.5960,0.0206,1.0060,357.5875,0.9509,0.0146,0.3451,0.3060,0.0262,3.6178,20.4072,0.9859,0.0000,1,0,0,0,0,1.2419
208.0438,251.4482,0.0864,34.2676,5.6474,20.3308,5.6474,0.0162,0.8674,357.6060,0.3122,0.0107,0.3451,0.3060,0.0113,2.2816,22.5588,0.9859,0.0000,1,0,0,0,0,1.3137
208.0949,251.4353,0.0864,34.5576,5.6987,20.5151,5.6986,0.0129,1.0011,357.6115,0.1080,0.0068,0.3451,0.3060,0.0048,1.3613,17.9879,0.9859,0.0000,1,0,0,0,0,1.0394
208.1676,251.4170,0.0864,34.9737,5.7603,20.7370,5.7603,0.0104,0.8480,357.6110,-0.0076,0.0029,0.3451,0.3060,0.0018,0.7768,8.0421,0.9859,0.0000,1,0,0,0,0,0.4742
208.2222,251.4032,0.0864,35.2897,5.8112,20.9203,5.8112,0.0092,0.9317,357.6082,-0.0514,-0.0010,0.3412,0.3060,0.0008,0.3767,7.3220,0.9838,0.0000,1,0,0,0,0,0.4333
208.2729,251.3904,0.0864,35.5848,5.8542,21.0753,5.8542,0.0085,0.8504,357.6045,-0.0723,-0.0029,0.3275,0.3060,0.0003,0.2059,3.3734,0.9660,0.0000,1,0,0,0,0,0.2132
208.3336,251.3749,0.0864,35.9405,5.8773,21.1583,5.8773,0.0080,0.3800,357.6005,-0.0654,-0.0069,0.3099,0.3060,0.0001,0.1032,1.6923,0.9325,0.0000,1,0,0,0,0,0.1182
208.3943,251.3593,0.0864,36.2971,5.8667,21.1200,5.8667,0.0078,-0.1751,357.5954,-0.0849,-0.0088,0.2786,0.3060,0.0001,0.0484,0.9025,0.8764,0.0000,1,0,0,0,0,0.0748
208.4537,251.3443,0.0864,36.6437,5.8092,20.9130,5.8092,0.0077,-0.9684,357.5910,-0.0730,-0.0108,0.2473,0.3060,0.0000,0.0243,0.4064,0.8052,0.0000,1,0,0,0,0,0.0464
208.5043,251.3315,0.0864,36.9349,5.6951,20.5025,5.6951,0.0076,-2.2527,357.5867,-0.0856,-0.0127,0.2219,0.3060,0.0000,0.0131,0.2206,0.7263,0.0000,1,0,0,0,0,0.0371
208.5549,251.3191,0.0864,37.2200,5.5674,20.0427,5.5674,0.0075,-2.5220,357.5832,-0.0693,-0.0147,0.2121,0.3060,0.0000,0.0066,0.1288,0.6760,0.0000,1,0,0,0,0,0.0313
208.6067,251.3067,0.0864,37.5030,5.3782,19.3615,5.3782,0.0075,-3.6547,357.5789,-0.0837,-0.0147,0.2121,0.3060,0.0000,0.0037,0.0551,0.6403,0.0000,1,0,0,0,0,0.0287
208.6807,251.2896,0.0864,37.8908,5.0867,18.3122,5.0867,0.0075,-3.9388,357.5728,-0.0825,-0.0166,0.2121,0.3060,0.0000,0.0017,0.0271,0.6187,0.0000,1,0,0,0,0,0.0283
208.7382,251.2770,0.0864,38.1775,4.8700,17.5321,4.8700,0.0075,-3.7709,357.5684,-0.0754,-0.0166,0.2121,0.3060,0.0000,0.0007,0.0184,0.6122,0.0000,1,0,0,0,0,0.0282
208.7991,251.2641,0.0864,38.4672,4.6503,16.7411,4.6503,0.0074,-3.6063,357.5641,-0.0716,-0.0166,0.2121,0.3060,0.0000,0.0003,0.0055,0.6091,0.0000,1,0,0,0,0,0.0282
208.8505,251.2538,0.0864,38.7004,4.4290,15.9444,4.4290,0.0074,-4.3024,357.5597,-0.0842,-0.0166,0.2121,0.3060,0.0000,0.0002,0.0031,0.6076,0.0000,1,0,0,0,0,0.0299
208.9024,251.2437,0.0864,38.9249,4.2070,15.1452,4.2070,0.0074,-4.2788,357.5554,-0.0835,-0.0166,0.2121,0.3060,0.0000,0.0001,0.0014,0.6068,0.0000,1,0,0,0,0,0.0310
208.9590,251.2333,0.0864,39.1573,3.9847,14.3448,3.9847,0.0073,-3.9307,357.5510,-0.0772,-0.0147,0.2121,0.3060,0.0000,0.0000,0.0008,0.6064,0.0000,1,0,0,0,0,0.0318
209.0140,251.2237,0.0864,39.3710,3.7621,13.5435,3.7621,0.0073,-4.0467,357.5467,-0.0793,-0.0108,0.2121,0.3060,0.0000,0.0000,0.0004,0.6063,0.0000,1,0,0,0,0,0.0333
209.0717,251.2142,0.0864,39.5823,3.5394,12.7419,3.5394,0.0072,-3.8573,357.5423,-0.0751,-0.0049,0.2121,0.3060,0.0000,0.0000,0.0002,0.6062,0.0000,1,0,0,0,0,0.0346
209.1224,251.2063,0.0864,39.7568,3.3613,12.1008,3.3613,0.0071,-3.5131,357.5388,-0.0686,-0.0010,0.2121,0.3060,0.0000,0.0000,0.0001,0.6061,0.0000,1,0,0,0,0,0.0354
209.1909,251.1962,0.0864,39.9762,3.0495,10.9782,3.0495,0.0070,-4.5555,357.5327,-0.0892,0.0049,0.2121,0.3060,0.0000,0.0000,0.0000,0.6061,0.0000,1,0,0,0,0,0.0394
209.2490,251.1884,0.0864,40.1477,2.8269,10.1767,2.8268,0.0069,-3.8298,357.5284,-0.0745,0.0088,0.2121,0.3060,0.0000,0.0000,0.0000,0.6061,0.0000,1,0,0,0,0,0.0407
209.3026,251.1816,0.0864,40.2939,2.6041,9.3747,2.6041,0.0068,-4.1547,357.5240,-0.0820,0.0146,0.2121,0.3060,0.0000,0.0000,0.0000,0.6061,0.0000,1,0,0,0,0,0.0436
209.3547,251.1756,0.0864,40.4249,2.4260,8.7336,2.4260,0.0067,-3.4176,357.5205,-0.0673,0.0166,0.2121,0.3060,0.0000,0.0000,0.0000,0.6061,0.0000,1,0,0,0,0,0.0449
209.4146,251.1691,0.0864,40.5621,2.1587,7.7712,2.1587,0.0066,-4.4611,357.5185,-0.0341,0.0205,0.2121,0.3060,0.0147,0.0465,0.7756,0.6061,0.0000,1,0,0,0,0,0.0909
209.4669,251.1641,0.0864,40.6701,1.9805,7.1296,1.9804,0.0068,-3.4083,357.5299,0.2183,0.0225,0.2121,0.3060,0.0341,0.7023,12.5416,0.6061,0.0000,1,0,0,0,0,0.7606
209.5177,251.1596,0.0864,40.7644,1.7577,6.3276,1.7577,0.0070,-4.3924,357.5538,0.4717,0.0244,0.2121,0.3060,0.0486,1.5860,17.4239,0.6061,0.0000,1,0,0,0,0,1.0541
209.5680,251.1557,0.0864,40.8478,1.5351,5.5262,1.5350,0.0070,-4.4182,357.5832,0.5827,0.0264,0.2121,0.3060,0.0577,2.3368,14.9001,0.6061,0.0000,1,0,0,0,0,0.9281
209.6215,251.1520,0.0864,40.9252,1.3569,4.8847,1.3568,0.0067,-3.3319,357.6093,0.4896,0.0303,0.2121,0.3060,0.0649,3.0061,12.5151,0.6061,0.0000,1,0,0,0,0,0.7967
209.6777,251.1487,0.0864,40.9942,1.1341,4.0828,1.1341,0.0063,-3.9628,357.6450,0.6336,0.0342,0.2121,0.3060,0.0742,3.5863,10.3212,0.6061,0.0000,1,0,0,0,0,0.6918
209.7350,251.1460,0.0864,41.0516,0.8669,3.1208,0.8669,0.0056,-4.6646,357.6908,0.8007,0.0361,0.2121,0.3060,0.0833,4.1810,10.3822,0.6061,0.0000,1,0,0,0,0,0.7178
209.7868,251.1440,0.0864,41.0920,0.6899,2.4838,0.6899,0.0050,-3.4149,357.7227,0.6154,0.0381,0.2161,0.3060,0.0892,4.7182,10.3671,0.6099,0.0000,1,0,0,0,0,0.7180
209.8463,251.1424,0.0864,41.1255,0.4297,1.5469,0.4297,0.0038,-4.3768,357.7720,0.8283,0.0420,0.2219,0.3060,0.0981,5.1810,7.7825,0.6187,0.0000,1,0,0,0,0,0.4784
209.9115,251.1413,0.0864,41.1467,0.2253,0.8110,0.2253,0.0027,-3.1342,357.8152,0.6626,0.0459,0.2395,0.3060,0.1068,5.6784,7.6273,0.6430,0.0000,1,0,0,0,0,0.4605
209.9694,251.1408,0.0864,41.1532,0.0150,0.0541,0.0150,0.0012,-3.6307,357.8718,0.9781,0.0499,0.2669,0.3060,0.1170,6.2178,9.3146,0.6955,0.0000,1,0,0,0,0,0.5718
210.0285,251.1407,0.0864,41.1534,0.0011,0.0040,0.0002,0.0011,-0.2360,357.9247,0.8958,0.0557,0.3021,0.3060,0.1277,6.8092,10.0179,0.7656,0.0000,1,0,0,0,0,0.6063
210.0821,251.1405,0.0864,41.1535,0.0013,0.0047,0.0003,0.0013,0.0039,357.9872,1.1655,0.0577,0.3255,0.3060,0.1357,7.3379,9.8551,0.8393,0.0000,1,0,0,0,0,0.6123
210.1334,251.1404,0.0864,41.1535,0.0015,0.0053,0.0004,0.0014,0.0031,358.0439,1.1035,0.0616,0.3431,0.3060,0.1425,7.8146,9.2909,0.8931,0.0000,1,0,0,0,0,0.5775
210.1933,251.1402,0.0864,41.1539,0.0168,0.0604,0.0167,0.0012,0.2556,358.1436,1.6649,0.0655,0.3607,0.3060,0.1530,8.3605,9.1103,0.9539,0.0000,1,0,0,0,0,0.5986
210.2445,251.1400,0.0864,41.1555,0.0470,0.1691,0.0469,0.0013,0.5901,358.2200,1.4933,0.0674,0.3725,0.3060,0.1590,8.8564,9.6984,0.9740,0.0000,1,0,0,0,0,0.6218
210.3031,251.1398,0.0864,41.1600,0.1067,0.3841,0.1067,0.0017,1.0189,358.3432,2.1015,0.0694,0.3803,0.3060,0.1670,9.3399,8.2479,0.9890,0.0000,1,0,0,0,0,0.5750
210.3541,251.1394,0.0864,41.1666,0.1514,0.5449,0.1513,0.0020,0.8754,358.4306,1.7134,0.0733,0.3822,0.3060,0.1729,9.7267,7.5831,0.9938,0.0000,1,0,0,0,0,0.5165
210.4059,251.1390,0.0864,41.1760,0.2099,0.7555,0.2099,0.0023,1.1292,358.5457,2.2226,0.0733,0.3842,0.3060,0.1788,10.1681,8.5179,0.9970,0.0000,1,0,0,0,0,0.5967
210.4680,251.1384,0.0864,41.1911,0.2820,1.0150,0.2819,0.0028,1.1614,358.6899,2.3220,0.0752,0.3881,0.3060,0.1836,10.5083,5.4801,0.9987,0.0000,1,0,0,0,0,0.4335
210.5304,251.1377,0.0864,41.2105,0.3429,1.2343,0.3429,0.0031,0.9759,358.8145,1.9966,0.0752,0.3900,0.3060,0.1861,10.8186,4.9712,0.9994,0.0000,1,0,0,0,0,0.3871
210.5895,251.1370,0.0864,41.2328,0.4163,1.4986,0.4163,0.0036,1.2424,358.9676,2.5904,0.0752,0.3939,0.3060,0.1874,11.0306,3.5890,0.9997,0.0000,1,0,0,0,0,0.3433
210.6395,251.1364,0.0864,41.2547,0.4653,1.6751,0.4653,0.0039,0.9807,359.0713,2.0738,0.0752,0.3979,0.3060,0.1877,11.1392,2.1706,0.9998,0.0000,1,0,0,0,0,0.2358
210.6968,251.1357,0.0864,41.2832,0.5266,1.8959,0.5266,0.0042,1.0710,359.2025,2.2910,0.0752,0.3979,0.3060,0.1880,11.2067,1.1796,0.9999,0.0000,1,0,0,0,0,0.3130
210.7538,251.1350,0.0864,41.3152,0.5881,2.1173,0.5881,0.0046,1.0778,359.3353,2.3290,0.0752,0.3979,0.3060,0.1880,11.2477,0.7178,1.0000,0.0000,1,0,0,0,0,0.2861
210.8074,251.1343,0.0864,41.3486,0.6496,2.3386,0.6496,0.0049,1.1463,359.4698,2.5064,0.0752,0.3979,0.3060,0.1881,11.2646,0.3161,1.0000,0.0000,1,0,0,0,0,0.2710
210.8608,251.1337,0.0864,41.3849,0.7111,2.5599,0.7111,0.0053,1.1523,359.6058,2.5498,0.0752,0.3979,0.3060,0.1881,11.2747,0.1897,1.0000,0.0000,1,0,0,0,0,0.2643
210.9112,251.1331,0.0864,41.4221,0.7725,2.7811,0.7725,0.0057,1.2198,359.7433,2.7295,0.0733,0.3979,0.3060,0.1873,11.2804,0.1131,1.0000,0.0000,1,0,0,0,0,0.2683
210.9638,251.1326,0.0864,41.4640,0.8218,2.9584,0.8217,0.0059,0.9347,359.8524,2.0730,0.0694,0.3979,0.3060,0.1826,11.2114,1.3112,1.0000,0.0000,1,0,0,0,0,0.2965
211.0163,251.1321,0.0864,41.5088,0.8832,3.1795,0.8832,0.0062,1.1709,359.9838,2.5032,0.0635,0.3979,0.3060,0.1719,10.9261,5.4384,1.0000,0.0000,1,0,0,0,0,0.5471
211.0672,251.1318,0.0864,41.5552,0.9446,3.4007,0.9446,0.0065,1.2074,0.1085,2.4516,0.0596,0.3979,0.3060,0.1617,10.5173,8.0324,1.0000,0.0000,1,0,0,0,0,0.6855
211.1189,251.1315,0.0864,41.6053,0.9939,3.5779,0.9939,0.0067,0.9513,0.2030,1.8261,0.0557,0.3979,0.3060,0.1522,10.0351,9.3177,1.0000,0.0000,1,0,0,0,0,0.7195
211.1699,251.1313,0.0864,41.6575,1.0553,3.7991,1.0553,0.0068,1.2054,0.3135,2.1679,0.0499,0.3979,0.3060,0.1399,9.3966,12.5269,1.0000,0.0000,1,0,0,0,0,0.9136
211.2226,251.1313,0.0864,41.7145,1.1168,4.0204,1.1168,0.0070,1.1672,0.4152,1.9304,0.0459,0.3979,0.3060,0.1274,8.8082,11.1711,1.0000,0.0000,1,0,0,0,0,0.8216
211.2766,251.1313,0.0864,41.7761,1.1660,4.1975,1.1660,0.0071,0.9106,0.4911,1.4045,0.0440,0.3979,0.3060,0.1198,8.0446,14.1372,1.0000,0.0000,1,0,0,0,0,0.9544
211.3320,251.1315,0.0864,41.8427,1.2274,4.4186,1.2274,0.0071,1.1095,0.5768,1.5494,0.0342,0.3979,0.3060,0.1040,7.3709,12.1690,1.0000,0.0000,1,0,0,0,0,0.8494
211.3930,251.1319,0.0864,41.9199,1.3012,4.6844,1.3012,0.0071,1.2101,0.6641,1.4309,0.0283,0.3979,0.3060,0.0863,6.5043,14.2054,1.0000,0.0000,1,0,0,0,0,0.9510
211.4510,251.1323,0.0864,41.9973,1.3626,4.9055,1.3626,0.0071,1.0580,0.7253,1.0535,0.0225,0.3979,0.3060,0.0729,5.6149,15.3196,1.0000,0.0000,1,0,0,0,0,0.9878
211.5056,251.1329,0.0864,42.0735,1.4241,5.1269,1.4241,0.0069,1.1257,0.7687,0.7936,0.0186,0.3979,0.3060,0.0406,4.6247,18.1259,1.0000,0.0000,1,0,0,0,0,1.1235
211.5679,251.1336,0.0864,42.1644,1.4979,5.3925,1.4979,0.0064,1.1841,0.7873,0.2998,0.0127,0.3979,0.3060,0.0147,3.0406,25.4264,1.0000,0.0000,1,0,0,0,0,1.4930
211.6185,251.1343,0.0864,42.2414,1.5471,5.5697,1.5471,0.0061,0.9727,0.7906,0.0646,0.0068,0.3979,0.3060,0.0075,1.9016,22.5114,1.0000,0.0000,1,0,0,0,0,1.3135
211.6718,251.1351,0.0864,42.3255,1.6086,5.7908,1.6086,0.0059,1.1547,0.7903,-0.0063,0.0010,0.3979,0.3060,0.0032,1.1184,14.7187,1.0000,0.0000,1,0,0,0,0,0.8735
211.7311,251.1360,0.0864,42.4228,1.6701,6.0123,1.6701,0.0059,1.0374,0.7877,-0.0443,-0.0049,0.3979,0.3060,0.0014,0.5847,8.9985,1.0000,0.0000,1,0,0,0,0,0.5551
211.7888,251.1370,0.0864,42.5213,1.7438,6.2776,1.7438,0.0059,1.2768,0.7833,-0.0762,-0.0088,0.3979,0.3060,0.0005,0.3007,4.9221,1.0000,0.0000,1,0,0,0,0,0.3284
211.8407,251.1378,0.0864,42.6130,1.7930,6.4549,1.7930,0.0059,0.9488,0.7800,-0.0623,-0.0147,0.3979,0.3060,0.0003,0.1664,2.5865,1.0000,0.0000,1,0,0,0,0,0.1966
211.8922,251.1388,0.0864,42.7070,1.8545,6.6763,1.8545,0.0059,1.1945,0.7744,-0.1096,-0.0206,0.3979,0.3060,-0.0079,0.0919,1.4467,1.0000,0.0000,1,0,0,0,0,0.1343
211.9448,251.1397,0.0864,42.8061,1.9160,6.8977,1.9160,0.0054,1.1676,0.7462,-0.5348,-0.0245,0.3979,0.3060,-0.0365,-0.6179,13.4770,1.0000,0.0000,1,0,0,0,0,0.8206
212.0033,251.1407,0.0864,42.9199,1.9775,7.1190,1.9775,0.0047,1.0506,0.6984,-0.8169,-0.0284,0.3979,0.3060,-0.0537,-1.6344,17.3741,1.0000,0.0000,1,0,0,0,0,1.0461
212.0601,251.1418,0.0864,43.0339,2.0390,7.3403,2.0390,0.0040,1.0826,0.6365,-1.0906,-0.0342,0.3979,0.3060,-0.0681,-2.7454,19.5685,1.0000,0.0000,1,0,0,0,0,1.1770
212.1111,251.1426,0.0864,43.1392,2.1004,7.5615,2.1004,0.0033,1.2053,0.5614,-1.4732,-0.0381,0.3979,0.3060,-0.0807,-3.5642,16.0614,1.0000,0.0000,1,0,0,0,0,0.9978
212.1724,251.1436,0.0864,43.2698,2.1619,7.7829,2.1619,0.0026,1.0035,0.4743,-1.4213,-0.0420,0.3979,0.3060,-0.0922,-4.3688,13.1295,1.0000,0.0000,1,0,0,0,0,0.8266
212.2338,251.1443,0.0864,43.4047,2.2358,8.0488,2.2358,0.0019,1.2028,0.3563,-1.9220,-0.0440,0.3979,0.3060,-0.1028,-5.1534,12.7748,1.0000,0.0000,1,0,0,0,0,0.8289
212.2894,251.1449,0.0864,43.5305,2.2973,8.2703,2.2973,0.0012,1.1065,0.2478,-1.9517,-0.0499,0.3979,0.3060,-0.1124,-5.8888,13.2272,1.0000,0.0000,1,0,0,0,0,0.8512
212.3492,251.1452,0.0864,43.6697,2.3587,8.4914,2.3587,0.0005,1.0270,0.1299,-1.9709,-0.0499,0.3979,0.3060,-0.1194,-6.4399,9.2158,1.0000,0.0000,1,0,0,0,0,0.6250
212.4019,251.1453,0.0864,43.7954,2.4202,8.7128,2.4202,0.0001,1.1682,0.0050,-2.3715,-0.0518,0.3979,0.3060,-0.1252,-6.9054,8.8396,1.0000,0.0000,1,0,0,0,0,0.6232
212.4616,251.1451,0.0864,43.9420,2.4817,8.9343,2.4817,0.0006,1.0288,359.8756,-2.1649,-0.0518,0.3979,0.3060,-0.1277,-7.2612,5.9512,1.0000,0.0000,1,0,0,0,0,0.4545
212.5183,251.1446,0.0864,44.0845,2.5432,9.1556,2.5432,0.0010,1.0854,359.7435,-2.3319,-0.0518,0.3979,0.3060,-0.1288,-7.5003,4.2220,1.0000,0.0000,1,0,0,0,0,0.3702
212.5740,251.1438,0.0864,44.2280,2.6047,9.3770,2.6047,0.0014,1.1045,359.6097,-2.4034,-0.0518,0.3979,0.3060,-0.1292,-7.6259,2.2545,1.0000,0.0000,1,0,0,0,0,0.2669
212.6360,251.1424,0.0864,44.3919,2.6786,9.6428,2.6786,0.0018,1.1904,359.4474,-2.6160,-0.0518,0.3979,0.3060,-0.1295,-7.6963,1.1356,1.0000,0.0000,1,0,0,0,0,0.2185
212.6864,251.1410,0.0864,44.5283,2.7277,9.8198,2.7277,0.0021,0.9755,359.3384,-2.1616,-0.0499,0.3979,0.3060,-0.1288,-7.7320,0.7072,1.0000,0.0000,1,0,0,0,0,0.1707
212.7399,251.1392,0.0864,44.6760,2.7892,10.0413,2.7892,0.0022,1.1504,359.2047,-2.5023,-0.0459,0.3979,0.3060,-0.1231,-7.6517,1.5021,1.0000,0.0000,1,0,0,0,0,0.2344
212.7937,251.1370,0.0864,44.8279,2.8507,10.2624,2.8507,0.0022,1.1413,359.0773,-2.3656,-0.0440,0.3979,0.3060,-0.1160,-7.4990,2.8356,1.0000,0.0000,1,0,0,0,0,0.3004
212.8471,251.1344,0.0864,44.9818,2.9122,10.4841,2.9122,0.0019,1.1526,358.9579,-2.2348,-0.0381,0.3979,0.3060,-0.1060,-7.0429,8.5377,1.0000,0.0000,1,0,0,0,0,0.6084
212.9004,251.1314,0.0864,45.1386,2.9737,10.7054,2.9737,0.0015,1.1534,358.8492,-2.0407,-0.0342,0.3979,0.3060,-0.0952,-6.5464,9.3155,1.0000,0.0000,1,0,0,0,0,0.6384
212.9526,251.1282,0.0864,45.2951,3.0229,10.8824,3.0229,0.0012,0.9415,358.7685,-1.5441,-0.0323,0.3979,0.3060,-0.0885,-6.0678,9.1655,1.0000,0.0000,1,0,0,0,0,0.6007
213.0109,251.1241,0.0864,45.4734,3.0967,11.1480,3.0967,0.0006,1.2663,358.6563,-1.9267,-0.0284,0.3979,0.3060,-0.0800,-5.5367,9.1144,1.0000,0.0000,1,0,0,0,0,0.6163
213.0628,251.1202,0.0864,45.6352,3.1459,11.3252,3.1459,0.0003,0.9491,358.5865,-1.3455,-0.0284,0.3979,0.3060,-0.0755,-5.0786,8.8344,1.0000,0.0000,1,0,0,0,0,0.5671
213.1158,251.1159,0.0864,45.8039,3.2074,11.5467,3.2074,0.0000,1.1600,358.5031,-1.5726,-0.0264,0.3979,0.3060,-0.0710,-4.7773,5.6792,1.0000,0.0000,1,0,0,0,0,0.4029
213.1674,251.1113,0.0864,45.9709,3.2688,11.7678,3.2688,0.0003,1.1894,358.4234,-1.5424,-0.0245,0.3979,0.3060,-0.0674,-4.4630,6.0888,1.0000,0.0000,1,0,0,0,0,0.4252
213.2272,251.1057,0.0864,46.1681,3.3304,11.9894,3.3304,0.0005,1.0299,358.3475,-1.2695,-0.0245,0.3979,0.3060,-0.0638,-4.1917,4.5389,1.0000,0.0000,1,0,0,0,0,0.3248
213.2782,251.1005,0.0864,46.3394,3.3918,12.2106,3.3918,0.0006,1.2046,358.2740,-1.4423,-0.0225,0.3979,0.3060,-0.0609,-3.9907,3.9420,1.0000,0.0000,1,0,0,0,0,0.3020
213.3354,251.0944,0.0864,46.5349,3.4534,12.4323,3.4534,0.0011,1.0773,358.2091,-1.1348,-0.0166,0.3979,0.3060,-0.0421,-3.6761,5.5025,1.0000,0.0000,1,0,0,0,0,0.3736
213.3876,251.0885,0.0864,46.7165,3.5149,12.6536,3.5149,0.0028,1.1781,358.1754,-0.6450,-0.0147,0.3979,0.3060,-0.0181,-2.8079,16.6366,1.0000,0.0000,1,0,0,0,0,0.9720
213.4459,251.0816,0.0864,46.9231,3.5764,12.8749,3.5764,0.0043,1.0532,358.1584,-0.2918,-0.0088,0.3979,0.3060,-0.0078,-1.7406,18.2864,1.0000,0.0000,1,0,0,0,0,1.0503
213.4966,251.0755,0.0864,47.1053,3.6255,13.0518,3.6255,0.0052,0.9707,358.1502,-0.1628,-0.0049,0.3979,0.3060,-0.0040,-1.0195,14.2468,1.0000,0.0000,1,0,0,0,0,0.8222
213.5585,251.0677,0.0864,47.3321,3.6993,13.3174,3.6993,0.0062,1.1918,358.1418,-0.1351,-0.0010,0.3979,0.3060,-0.0014,-0.5727,7.2183,1.0000,0.0000,1,0,0,0,0,0.4335
213.6208,251.0597,0.0864,47.5645,3.7731,13.5833,3.7731,0.0067,1.1855,358.1355,-0.1014,0.0029,0.3979,0.3060,-0.0005,-0.2907,4.5265,1.0000,0.0000,1,0,0,0,0,0.2837
213.6780,251.0521,0.0864,47.7818,3.8345,13.8043,3.8345,0.0069,1.0732,358.1308,-0.0827,0.0068,0.3979,0.3060,-0.0002,-0.1510,2.4417,1.0000,0.0000,1,0,0,0,0,0.1673
213.7383,251.0440,0.0864,48.0150,3.8961,14.0258,3.8961,0.0070,1.0193,358.1263,-0.0743,0.0107,0.3979,0.3060,-0.0001,-0.0744,1.2687,1.0000,0.0000,1,0,0,0,0,0.1016
213.7915,251.0367,0.0864,48.2238,3.9576,14.2472,3.9576,0.0071,1.1561,358.1219,-0.0815,0.0127,0.4057,0.3060,0.0000,-0.0397,0.6524,1.0000,0.0000,1,0,0,0,0,0.0677
213.8460,251.0292,0.0864,48.4411,4.0191,14.4687,4.0191,0.0072,1.1287,358.1176,-0.0800,0.0166,0.4506,0.3060,0.0000,-0.0189,0.3810,1.0000,0.0000,1,0,0,0,0,0.0524
213.8973,251.0219,0.0864,48.6484,4.0806,14.6900,4.0806,0.0076,1.1993,358.1186,0.0202,0.0205,0.5269,0.3060,0.0147,0.0344,1.0398,1.0000,0.0000,1,0,0,0,0,0.0868
213.9503,251.0143,0.0864,48.8658,4.1297,14.8669,4.1297,0.0091,0.9266,358.1429,0.4576,0.0244,0.5621,0.3060,0.0358,0.8311,15.0259,1.0000,0.0000,1,0,0,0,0,0.8933
214.0035,251.0066,0.0864,49.0873,4.1912,15.0882,4.1912,0.0115,1.1552,358.1958,0.9948,0.0283,0.5934,0.3060,0.0540,1.6517,15.4175,1.0000,0.0000,1,0,0,0,0,0.9531
214.0630,250.9981,0.0864,49.3385,4.2527,15.3099,4.2527,0.0139,1.0352,358.2674,1.2027,0.0322,0.5992,0.3060,0.0668,2.7515,18.4906,1.0000,0.0000,1,0,0,0,0,1.1430
214.1145,250.9907,0.0864,49.5589,4.3142,15.5311,4.3142,0.0160,1.1945,358.3524,1.6541,0.0342,0.5992,0.3060,0.0761,3.5329,15.1921,1.0000,0.0000,1,0,0,0,0,0.9915
214.1668,250.9834,0.0864,49.7863,4.3756,15.7523,4.3756,0.0177,1.1731,358.4470,1.8054,0.0342,0.5992,0.3060,0.0814,4.0968,10.7685,1.0000,0.0000,1,0,0,0,0,0.7593
214.2309,250.9748,0.0864,50.0684,4.4494,16.0178,4.4494,0.0192,1.1523,358.5665,1.8670,0.0342,0.5992,0.3060,0.0840,4.5645,7.3041,1.0000,0.0000,1,0,0,0,0,0.5743
214.2898,250.9672,0.0864,50.3324,4.5109,16.2394,4.5109,0.0201,1.0434,358.6688,1.7335,0.0342,0.5992,0.3060,0.0849,4.8359,4.6014,1.0000,0.0000,1,0,0,0,0,0.4186
214.3434,250.9606,0.0864,50.5756,4.5723,16.4603,4.5723,0.0207,1.1451,358.7723,1.9323,0.0342,0.5992,0.3060,0.0852,4.9459,2.0529,1.0000,0.0000,1,0,0,0,0,0.2894
214.3995,250.9540,0.0864,50.8336,4.6338,16.6817,4.6338,0.0214,1.0959,358.8793,1.9064,0.0361,0.5992,0.3060,0.0882,5.0929,2.6204,1.0000,0.0000,1,0,0,0,0,0.3207
214.4602,250.9474,0.0864,51.1165,4.6953,16.9030,4.6952,0.0221,1.0133,358.9899,1.8229,0.0381,0.5992,0.3060,0.0908,5.2201,2.0970,1.0000,0.0000,1,0,0,0,0,0.2882
214.5161,250.9417,0.0864,51.3808,4.7567,17.1241,4.7566,0.0228,1.0984,359.1052,2.0617,0.0381,0.5992,0.3060,0.0933,5.3954,3.1346,1.0000,0.0000,1,0,0,0,0,0.3607
214.5675,250.9369,0.0864,51.6271,4.8181,17.3452,4.8181,0.0238,1.1946,359.2257,2.3436,0.0401,0.5992,0.3060,0.0972,5.5689,3.3751,1.0000,0.0000,1,0,0,0,0,0.3917
214.6304,250.9315,0.0864,51.9321,4.8919,17.6108,4.8918,0.0250,1.1732,359.3786,2.4319,0.0420,0.5992,0.3060,0.1022,5.7878,3.4800,1.0000,0.0000,1,0,0,0,0,0.4051
214.6888,250.9272,0.0864,52.2195,4.9533,17.8318,4.9532,0.0261,1.0507,359.5130,2.3003,0.0440,0.5992,0.3060,0.1066,6.0314,4.1700,1.0000,0.0000,1,0,0,0,0,0.4385
214.7416,250.9238,0.0864,52.4822,5.0147,18.0531,5.0147,0.0273,1.1654,359.6537,2.6665,0.0459,0.5992,0.3060,0.1109,6.2829,4.7684,1.0000,0.0000,1,0,0,0,0,0.4946
214.7940,250.9209,0.0864,52.7464,5.0639,18.2301,5.0638,0.0281,0.9373,359.7701,2.2194,0.0459,0.5992,0.3060,0.1128,6.4885,3.9203,1.0000,0.0000,1,0,0,0,0,0.4244
214.8613,250.9181,0.0864,53.0898,5.1377,18.4956,5.1376,0.0293,1.0965,359.9481,2.6470,0.0459,0.5992,0.3060,0.1141,6.6415,2.2744,1.0000,0.0000,1,0,0,0,0,0.3588
214.9203,250.9165,0.0864,53.3948,5.2113,18.7608,5.2112,0.0305,1.2497,0.1337,3.1475,0.0479,0.5992,0.3060,0.1165,6.7919,2.5500,1.0000,0.0000,1,0,0,0,0,0.4044
214.9802,250.9157,0.0864,53.7090,5.2728,18.9819,5.2727,0.0324,1.0247,0.2996,2.7682,0.0479,0.5992,0.3060,0.1183,6.9293,2.2931,1.0000,0.0000,1,0,0,0,0,0.3733
215.0340,250.9158,0.0864,53.9944,5.3342,19.2032,5.3341,0.0338,1.1420,0.4683,3.1356,0.0479,0.5992,0.3060,0.1191,7.0313,1.8951,1.0000,0.0000,1,0,0,0,0,0.3746
215.0862,250.9166,0.0864,54.2744,5.3956,19.4240,5.3955,0.0332,1.1747,0.6371,3.2316,0.0479,0.5992,0.3060,0.1195,7.0886,1.0972,1.0000,0.0000,1,0,0,0,0,0.3327
215.1393,250.9186,0.0864,54.5620,5.4448,19.6011,5.4447,0.0280,0.9272,0.7671,2.4504,0.0479,0.5992,0.3060,0.1196,7.1287,0.7569,1.0000,0.0000,1,0,0,0,0,0.2554
215.1984,250.9220,0.0864,54.8863,5.5185,19.8665,5.5184,0.0234,1.2460,0.9625,3.3036,0.0479,0.5992,0.3060,0.1197,7.1563,0.4664,1.0000,0.0000,1,0,0,0,0,0.2730
215.2586,250.9266,0.0864,55.2202,5.5800,20.0879,5.5799,0.0277,1.0220,1.1263,2.7217,0.0479,0.5992,0.3060,0.1197,7.1706,0.2376,1.0000,0.0000,1,0,0,0,0,0.2389
215.3121,250.9313,0.0864,55.5203,5.6413,20.3086,5.6412,0.0315,1.1465,1.2912,3.0828,0.0479,0.5992,0.3060,0.1197,7.1777,0.1323,1.0000,0.0000,1,0,0,0,0,0.2623
215.3779,250.9381,0.0864,55.8939,5.7151,20.5743,5.7150,0.0340,1.1210,1.4904,3.0256,0.0479,0.5992,0.3060,0.1197,7.1808,0.0469,1.0000,0.0000,1,0,0,0,0,0.2601
215.4358,250.9452,0.0864,56.2263,5.7765,20.7954,5.7764,0.0354,1.0621,1.6574,2.8882,0.0479,0.5992,0.3060,0.1197,7.1831,0.0400,1.0000,0.0000,1,0,0,0,0,0.2545
215.4914,250.9529,0.0864,56.5493,5.8378,21.0163,5.8377,0.0363,1.1026,1.8248,3.0095,0.0459,0.5992,0.3060,0.1183,7.1799,0.0575,1.0000,0.0000,1,0,0,0,0,0.2636
215.5481,250.9619,0.0864,56.8822,5.8993,21.2374,5.8992,0.0367,1.0834,1.9893,2.8998,0.0440,0.5992,0.3060,0.1149,7.0825,1.7182,1.0000,0.0000,1,0,0,0,0,0.3498
215.6024,250.9716,0.0864,57.2040,5.9607,21.4585,5.9606,0.0366,1.1314,2.1483,2.9301,0.0420,0.5992,0.3060,0.1101,6.9240,2.9206,1.0000,0.0000,1,0,0,0,0,0.4172
215.6538,250.9816,0.0864,57.5118,6.0221,21.6796,6.0220,0.0361,1.1950,2.2999,2.9481,0.0381,0.5992,0.3060,0.1034,6.7025,4.3071,1.0000,0.0000,1,0,0,0,0,0.4931
215.7099,250.9935,0.0864,57.8513,6.0835,21.9005,6.0834,0.0350,1.0929,2.4393,2.4842,0.0342,0.5992,0.3060,0.0940,6.3051,7.0791,1.0000,0.0000,1,0,0,0,0,0.6176
215.7659,251.0065,0.0864,58.1930,6.1449,22.1217,6.1448,0.0334,1.0980,2.5660,2.2650,0.0303,0.5992,0.3060,0.0850,5.8634,7.8956,1.0000,0.0000,1,0,0,0,0,0.6461
215.8286,251.0221,0.0864,58.5803,6.2187,22.3872,6.2186,0.0316,1.1756,2.7046,2.2079,0.0283,0.5992,0.3060,0.0771,5.3300,8.5005,1.0000,0.0000,1,0,0,0,0,0.6711
215.8934,251.0395,0.0864,58.9850,6.2800,22.6081,6.2800,0.0299,0.9466,2.8089,1.6091,0.0244,0.5992,0.3060,0.0694,4.9117,6.4539,1.0000,0.0000,1,0,0,0,0,0.5193
215.9476,251.0550,0.0864,59.3269,6.3415,22.8295,6.3415,0.0283,1.1345,2.9037,1.7498,0.0225,0.5992,0.3060,0.0632,4.3651,10.0843,1.0000,0.0000,1,0,0,0,0,0.7244
215.9978,251.0700,0.0864,59.6464,6.4030,23.0507,6.4029,0.0268,1.2242,2.9892,1.7031,0.0205,0.5992,0.3060,0.0568,4.0245,6.7840,1.0000,0.0000,1,0,0,0,0,0.5342
216.0533,251.0873,0.0864,60.0027,6.4644,23.2718,6.4644,0.0226,1.1075,3.0385,0.8893,0.0166,0.5992,0.3060,0.0244,3.3379,12.3793,1.0000,0.0000,1,0,0,0,0,0.7896
216.1118,251.1063,0.0864,60.3818,6.5259,23.4934,6.5259,0.0177,1.0529,3.0574,0.3225,0.0146,0.5992,0.3060,0.0105,2.1149,20.9265,1.0000,0.0000,1,0,0,0,0,1.2212
216.1723,251.1265,0.0864,60.7787,6.5873,23.7144,6.5873,0.0139,1.0137,3.0631,0.0938,0.0127,0.5992,0.3060,0.0045,1.1887,15.2901,1.0000,0.0000,1,0,0,0,0,0.8864
216.2262,251.1448,0.0864,61.1348,6.6488,23.9358,6.6488,0.0114,1.1422,3.0631,0.0000,0.0107,0.5992,0.3060,0.0019,0.6690,9.6517,1.0000,0.0000,1,0,0,0,0,0.5619
216.2825,251.1643,0.0864,61.5104,6.7103,24.1571,6.7103,0.0098,1.0923,3.0606,-0.0439,0.0068,0.5992,0.3060,0.0008,0.3701,5.3112,1.0000,0.0000,1,0,0,0,0,0.3194
216.3423,251.1852,0.0864,61.9136,6.7841,24.4229,6.7841,0.0088,1.2342,3.0563,-0.0719,0.0049,0.5992,0.3060,0.0003,0.1897,3.0163,1.0000,0.0000,1,0,0,0,0,0.1910
216.4080,251.2084,0.0864,62.3610,6.8579,24.6883,6.8579,0.0082,1.1223,3.0514,-0.0739,0.0029,0.5992,0.3060,0.0001,0.1032,1.3167,1.0000,0.0000,1,0,0,0,0,0.0952
216.4673,251.2296,0.0864,62.7690,6.9194,24.9100,6.9194,0.0079,1.0377,3.0471,-0.0730,-0.0010,0.5992,0.3060,0.0000,0.0415,1.0396,1.0000,0.0000,1,0,0,0,0,0.0790
216.5189,251.2482,0.0864,63.1269,6.9809,25.1313,6.9809,0.0078,1.1922,3.0428,-0.0840,-0.0029,0.5992,0.3060,0.0000,0.0233,0.3533,1.0000,0.0000,1,0,0,0,0,0.0411
216.5705,251.2669,0.0864,63.4880,7.0301,25.3082,7.0301,0.0077,0.9518,3.0393,-0.0668,-0.0049,0.5992,0.3060,0.0000,0.0116,0.2259,1.0000,0.0000,1,0,0,0,0,0.0326
216.6222,251.2858,0.0864,63.8525,7.0915,25.5295,7.0915,0.0077,1.1897,3.0350,-0.0839,-0.0069,0.5992,0.3060,0.0000,0.0062,0.1045,1.0000,0.0000,1,0,0,0,0,0.0267
216.6830,251.3082,0.0864,64.2854,7.1653,25.7952,7.1653,0.0077,1.2131,3.0298,-0.0853,-0.0088,0.5992,0.3060,0.0000,0.0031,0.0508,1.0000,0.0000,1,0,0,0,0,0.0236
216.7338,251.3271,0.0864,64.6500,7.2145,25.9723,7.2145,0.0076,0.9684,3.0263,-0.0679,-0.0108,0.5992,0.3060,0.0000,0.0016,0.0306,1.0000,0.0000,1,0,0,0,0,0.0213
216.7860,251.3466,0.0864,65.0277,7.2760,26.1936,7.2760,0.0076,1.1780,3.0220,-0.0830,-0.0127,0.5992,0.3060,0.0000,0.0008,0.0136,1.0000,0.0000,1,0,0,0,0,0.0211
216.8370,251.3657,0.0864,65.3993,7.3252,26.3707,7.3252,0.0076,0.9651,3.0186,-0.0677,-0.0147,0.5992,0.3060,0.0000,0.0005,0.0076,1.0000,0.0000,1,0,0,0,0,0.0197
216.8885,251.3852,0.0864,65.7782,7.3867,26.5922,7.3867,0.0076,1.1934,3.0142,-0.0840,-0.0166,0.5992,0.3060,0.0000,0.0002,0.0045,1.0000,0.0000,1,0,0,0,0,0.0204
216.9443,251.4065,0.0864,66.1914,7.4483,26.8137,7.4483,0.0076,1.1033,3.0099,-0.0777,-0.0166,0.5992,0.3060,0.0000,0.0001,0.0020,1.0000,0.0000,1,0,0,0,0,0.0197
216.9979,251.4271,0.0864,66.5918,7.5098,27.0351,7.5098,0.0073,1.1469,3.0029,-0.1303,-0.0206,0.5992,0.3060,-0.0080,0.0001,0.0011,1.0000,0.0000,1,0,0,0,0,0.0218
217.0568,251.4498,0.0864,67.0355,7.5712,27.2563,7.5712,0.0027,1.0427,2.9562,-0.7931,-0.0225,0.5992,0.3060,-0.0347,-0.6592,11.1900,1.0000,0.0000,1,0,0,0,0,0.6711
217.1198,251.4741,0.0864,67.5144,7.6450,27.5220,7.6450,0.0041,1.1714,2.8603,-1.5216,-0.0245,0.5992,0.3060,-0.0508,-1.6924,16.3953,1.0000,0.0000,1,0,0,0,0,1.0034
217.1720,251.4941,0.0864,67.9141,7.7065,27.7435,7.7065,0.0090,1.1795,2.7619,-1.8859,-0.0264,0.5992,0.3060,-0.0587,-2.4701,14.9078,1.0000,0.0000,1,0,0,0,0,0.9504
217.2223,251.5130,0.0864,68.3022,7.7557,27.9205,7.7557,0.0125,0.9778,2.6731,-1.7657,-0.0284,0.5992,0.3060,-0.0647,-3.0493,11.5183,1.0000,0.0000,1,0,0,0,0,0.7622
217.2787,251.5338,0.0864,68.7415,7.8171,28.1417,7.8171,0.0164,1.0882,2.5514,-2.1568,-0.0323,0.5992,0.3060,-0.0720,-3.5967,9.6968,1.0000,0.0000,1,0,0,0,0,0.6899
217.3302,251.5522,0.0864,69.1450,7.8786,28.3631,7.8786,0.0199,1.1947,2.4171,-2.6088,-0.0342,0.5992,0.3060,-0.0784,-3.9911,7.6600,1.0000,0.0000,1,0,0,0,0,0.6084
217.3876,251.5719,0.0864,69.5981,7.9401,28.5845,7.9401,0.0232,1.0723,2.2722,-2.5269,-0.0362,0.5992,0.3060,-0.0839,-4.4690,8.3340,1.0000,0.0000,1,0,0,0,0,0.6472
217.4474,251.5916,0.0864,70.0748,8.0017,28.8061,8.0016,0.0262,1.0284,2.1182,-2.5727,-0.0362,0.5992,0.3060,-0.0876,-4.7508,4.7101,1.0000,0.0000,1,0,0,0,0,0.4537
217.5015,251.6084,0.0864,70.5092,8.0630,29.0268,8.0629,0.0287,1.1334,1.9581,-2.9602,-0.0381,0.5992,0.3060,-0.0912,-5.1220,6.8624,1.0000,0.0000,1,0,0,0,0,0.5990
217.5576,251.6248,0.0864,70.9630,8.1246,29.2484,8.1245,0.0310,1.0979,1.7908,-2.9834,-0.0401,0.5992,0.3060,-0.0949,-5.3785,4.5733,1.0000,0.0000,1,0,0,0,0,0.4770
217.6204,251.6418,0.0864,71.4754,8.1982,29.5136,8.1982,0.0340,1.1729,1.5773,-3.3989,-0.0420,0.5992,0.3060,-0.1011,-5.6527,4.3664,1.0000,0.0000,1,0,0,0,0,0.4937
217.6748,251.6552,0.0864,71.9224,8.2597,29.7348,8.2596,0.0367,1.1301,1.3894,-3.4572,-0.0440,0.5992,0.3060,-0.1058,-5.9404,5.2911,1.0000,0.0000,1,0,0,0,0,0.5526
217.7275,251.6671,0.0864,72.3592,8.3211,29.9560,8.3210,0.0397,1.1656,1.1897,-3.7887,-0.0479,0.5992,0.3060,-0.1129,-6.2053,5.0242,1.0000,0.0000,1,0,0,0,0,0.5611
217.7798,251.6776,0.0864,72.7957,8.3702,30.1328,8.3701,0.0426,0.9382,1.0193,-3.2554,-0.0518,0.5992,0.3060,-0.1195,-6.5578,6.7365,1.0000,0.0000,1,0,0,0,0,0.6315
217.8421,251.6884,0.0864,73.3192,8.4439,30.3981,8.4438,0.0476,1.1836,0.7430,-4.4367,-0.0577,0.5992,0.3060,-0.1314,-7.0479,7.8700,1.0000,0.0000,1,0,0,0,0,0.7683
217.9023,251.6968,0.0864,73.8300,8.5053,30.6191,8.5051,0.0525,1.0185,0.4918,-4.1681,-0.0596,0.5992,0.3060,-0.1407,-7.6331,9.7111,1.0000,0.0000,1,0,0,0,0,0.8637
217.9585,251.7027,0.0864,74.3099,8.5667,30.8400,8.5665,0.0572,1.0919,0.2258,-4.7336,-0.0616,0.5992,0.3060,-0.1474,-8.0535,7.4804,1.0000,0.0000,1,0,0,0,0,0.7788
218.0205,251.7068,0.0864,74.8431,8.6403,31.1050,8.6400,0.0626,1.1879,359.8888,-5.4391,-0.0655,0.5992,0.3060,-0.1558,-8.6561,9.7257,1.0000,0.0000,1,0,0,0,0,0.9511
218.0727,251.7081,0.0864,75.2955,8.7016,31.3256,8.7013,0.0668,1.1748,359.5940,-5.6502,-0.0675,0.5992,0.3060,-0.1611,-9.0635,7.8083,1.0000,0.0000,1,0,0,0,0,0.8628
218.1249,251.7075,0.0864,75.7512,8.7506,31.5022,8.7503,0.0700,0.9392,359.3504,-4.6632,-0.0675,0.5992,0.3060,-0.1648,-9.4173,6.7748,1.0000,0.0000,1,0,0,0,0,0.7555
218.1846,251.7040,0.0864,76.2762,8.8242,31.7670,8.8238,0.0745,1.2311,358.9726,-6.3244,-0.0694,0.5992,0.3060,-0.1704,-9.7604,5.7426,1.0000,0.0000,1,0,0,0,0,0.7970
218.2369,251.6985,0.0864,76.7388,8.8732,31.9435,8.8729,0.0775,0.9385,358.7130,-4.9682,-0.0714,0.5992,0.3060,-0.1743,-10.0438,5.4227,1.0000,0.0000,1,0,0,0,0,0.7082
218.2895,251.6905,0.0864,77.2071,8.9344,32.1640,8.9341,0.0812,1.1647,358.3781,-6.3691,-0.0753,0.5992,0.3060,-0.1802,-10.3140,5.1381,1.0000,0.0000,1,0,0,0,0,0.7756
218.3491,251.6784,0.0864,77.7419,9.0078,32.4282,9.0074,0.0862,1.2304,357.9574,-7.0530,-0.0812,0.5992,0.3060,-0.1905,-10.7096,6.6339,1.0000,0.0000,1,0,0,0,0,0.9040
218.4108,251.6622,0.0864,78.2990,9.0689,32.6482,9.0685,0.0921,0.9910,357.5814,-6.0980,-0.0870,0.5934,0.3060,-0.2031,-11.2484,8.7375,1.0000,0.0000,1,0,0,0,0,0.9766
218.4737,251.6419,0.0864,78.8710,9.1424,32.9127,9.1418,0.1066,1.1687,357.0988,-7.6767,-0.0909,0.5895,0.3060,-0.2161,-11.8384,9.3855,1.0000,0.0000,1,0,0,0,0,1.1229
218.5258,251.6221,0.0864,79.3491,9.2033,33.1319,9.2025,0.1188,1.1666,356.6700,-8.2175,-0.0968,0.5836,0.3060,-0.2286,-12.6127,14.8378,1.0000,0.0000,1,0,0,0,0,1.4744
218.5792,251.5986,0.0864,79.8412,9.2521,33.3075,9.2512,0.1274,0.9136,356.3086,-6.7688,-0.1007,0.5719,0.3060,-0.2385,-13.2591,12.1068,1.0000,0.0000,1,0,0,0,0,1.2552
218.6457,251.5642,0.0864,80.4574,9.3250,33.5701,9.3241,0.1339,1.0985,355.7356,-8.6267,-0.1066,0.5464,0.3060,-0.2532,-14.0563,12.0011,1.0000,0.0000,1,0,0,0,0,1.3613
218.6995,251.5316,0.0864,80.9602,9.3858,33.7890,9.3848,0.1375,1.1288,355.2301,-9.3862,-0.1124,0.4976,0.3060,-0.2662,-14.9017,15.7000,1.0000,0.0000,1,0,0,0,0,1.6135
218.7517,251.4956,0.0864,81.4508,9.4466,34.0076,9.4455,0.1435,1.1627,354.6984,-10.1811,-0.1164,0.4702,0.3060,-0.2785,-15.5451,12.3196,1.0000,0.0000,1,0,0,0,0,1.4780
218.8126,251.4483,0.0864,82.0254,9.5071,34.2256,9.5059,0.1510,0.9955,354.1402,-9.1748,-0.1222,0.4331,0.3060,-0.2910,-16.3328,12.9477,1.0000,0.0000,1,0,0,0,0,1.4672
218.8660,251.4016,0.0864,82.5328,9.5678,34.4439,9.5664,0.1592,1.1357,353.5549,-10.9626,-0.1261,0.3920,0.3060,-0.3035,-17.1244,14.8268,1.0000,0.0000,1,0,0,0,0,1.6824
218.9275,251.3416,0.0864,83.1206,9.6403,34.7051,9.6388,0.1691,1.1791,352.8219,-11.9112,-0.1320,0.3529,0.3060,-0.3159,-17.8604,11.9595,1.0000,0.0000,1,0,0,0,0,1.5893
218.9935,251.2695,0.0864,83.7542,9.6931,34.8953,9.6915,0.1792,0.8006,352.0546,-11.6322,-0.1378,0.3197,0.3060,-0.3327,-18.5413,10.3217,0.9582,0.0000,1,0,0,0,0,1.4970
219.0484,251.2032,0.0864,84.2825,9.6954,34.9033,9.6936,0.1861,0.0409,351.3977,-11.9644,-0.1457,0.2825,0.3060,-0.3468,-19.5736,18.8032,0.8932,0.0000,1,0,0,0,0,1.9972
219.1082,251.1245,0.0864,84.8565,9.6513,34.7448,9.6494,0.1917,-0.7356,350.7259,-11.2230,-0.1515,0.2688,0.3060,-0.3633,-20.4220,14.1738,0.8336,0.0000,1,0,0,0,0,1.7089
219.1637,251.0461,0.0864,85.3837,9.5754,34.4715,9.5734,0.1955,-1.3697,350.0449,-12.2857,-0.1574,0.2669,0.3060,-0.3777,-21.3404,16.5663,0.7994,0.0000,1,0,0,0,0,1.9091
219.2194,250.9619,0.0864,85.9080,9.4819,34.1347,9.4798,0.1983,-1.6787,349.3512,-12.4485,-0.1633,0.2669,0.3060,-0.3922,-22.2680,16.6455,0.7805,0.0000,1,0,0,0,0,1.9300
219.2812,250.8624,0.0864,86.4821,9.3579,33.6883,9.3557,0.2010,-2.0061,348.5006,-13.7601,-0.1652,0.2669,0.3060,-0.4047,-23.1230,13.8330,0.7701,0.0000,1,0,0,0,0,1.8552
219.3327,250.7747,0.0864,86.9535,9.2717,33.3781,9.2694,0.2038,-1.6744,347.9230,-11.2227,-0.1691,0.2669,0.3060,-0.4120,-23.8380,13.8924,0.7668,0.0000,1,0,0,0,0,1.7251
219.3851,250.6810,0.0864,87.4275,9.1623,32.9842,9.1600,0.2047,-2.0871,347.1895,-13.9907,-0.1711,0.2669,0.3060,-0.4201,-24.3346,9.4713,0.7645,0.0000,1,0,0,0,0,1.6385
219.4452,250.5681,0.0864,87.9624,9.0517,32.5861,9.0494,0.2048,-1.8409,346.4490,-12.3298,-0.1750,0.2669,0.3060,-0.4282,-24.9010,9.4305,0.7635,0.0000,1,0,0,0,0,1.5483
219.5115,250.4367,0.0864,88.5432,8.9184,32.1063,8.9161,0.2041,-2.0099,345.5530,-13.5108,-0.1770,0.2669,0.3060,-0.4355,-25.3972,7.4826,0.7629,0.0000,1,0,0,0,0,1.5096
219.5723,250.3102,0.0864,89.0662,8.7847,31.6249,8.7824,0.2025,-2.1993,344.6522,-14.8146,-0.1789,0.2669,0.3060,-0.4423,-25.9549,9.1723,0.7626,0.0000,1,0,0,0,0,1.6784
219.6320,250.1806,0.0864,89.5710,8.6733,31.2237,8.6709,0.2010,-1.8662,343.8975,-12.6394,-0.1828,0.2688,0.3060,-0.4487,-26.3663,6.8894,0.7633,0.0000,1,0,0,0,0,1.4325
219.6933,250.0420,0.0864,90.0803,8.5469,30.7690,8.5446,0.1991,-2.0609,342.9849,-14.8892,-0.1848,0.2806,0.3060,-0.4554,-26.7440,6.1630,0.7793,0.0000,1,0,0,0,0,1.5190
219.7527,249.9024,0.0864,90.5659,8.4571,30.4455,8.4547,0.1991,-1.5119,342.2208,-12.8570,-0.1867,0.2884,0.3060,-0.4599,-27.1119,6.1893,0.8007,0.0000,1,0,0,0,0,1.4112
219.8054,249.7742,0.0864,90.9903,8.3799,30.1676,8.3776,0.1970,-1.4656,341.4524,-14.5869,-0.1867,0.2962,0.3060,-0.4638,-27.4322,6.0818,0.8174,0.0000,1,0,0,0,0,1.5010
219.8584,249.6406,0.0864,91.4127,8.3162,29.9381,8.3138,0.1959,-1.2016,340.6774,-14.6122,-0.1887,0.3001,0.3060,-0.4675,-27.6442,3.9958,0.8359,0.0000,1,0,0,0,0,1.3871
219.9144,249.4949,0.0864,91.8533,8.2644,29.7520,8.2621,0.1987,-0.9240,339.8955,-13.9733,-0.1887,0.3040,0.3060,-0.4699,-27.9028,4.6214,0.8512,0.0000,1,0,0,0,0,1.3938
219.9725,249.3382,0.0864,92.3065,8.2239,29.6062,8.2215,0.1993,-0.6964,339.0984,-13.7051,-0.1906,0.3138,0.3060,-0.4733,-28.0870,3.1676,0.8690,0.0000,1,0,0,0,0,1.3009
220.0308,249.1752,0.0864,92.7564,8.1976,29.5113,8.1952,0.1990,-0.4522,338.2929,-13.8178,-0.1926,0.3236,0.3060,-0.4759,-28.3020,3.6877,0.8897,0.0000,1,0,0,0,0,1.3367
220.0899,249.0035,0.0864,93.2090,8.1898,29.4831,8.1873,0.2001,-0.1324,337.4752,-13.8379,-0.1926,0.3373,0.3060,-0.4791,-28.4843,3.0862,0.9189,0.0000,1,0,0,0,0,1.3068
220.1483,248.8272,0.0864,93.6535,8.2134,29.5681,8.2109,0.2030,0.4047,336.4747,-17.1549,-0.1945,0.3548,0.3060,-0.4814,-28.6508,2.8537,0.9615,0.0000,1,0,0,0,0,1.4824
220.2096,248.6338,0.0864,94.1201,8.2545,29.7162,8.2519,0.2068,0.6703,335.6242,-13.8617,-0.1945,0.3725,0.3060,-0.4842,-28.8186,2.7359,0.9811,0.0000,1,0,0,0,0,1.2978
220.2619,248.4618,0.0864,94.5178,8.3050,29.8980,8.3023,0.2111,0.9651,334.7594,-16.5242,-0.1984,0.3900,0.3060,-0.4896,-29.0173,3.7955,0.9908,0.0000,1,0,0,0,0,1.5101
220.3145,248.2825,0.0864,94.9171,8.3601,30.0963,8.3573,0.2162,1.0480,333.8772,-16.7869,-0.2004,0.3998,0.3060,-0.4961,-29.2740,4.8859,0.9955,0.0000,1,0,0,0,0,1.5919
220.3766,248.0616,0.0864,95.3892,8.4172,30.3020,8.4143,0.2218,0.9198,332.9784,-14.4661,-0.2043,0.4096,0.3060,-0.5036,-29.6316,5.7553,0.9978,0.0000,1,0,0,0,0,1.5187
220.4372,247.8369,0.0864,95.8490,8.4872,30.5539,8.4841,0.2285,1.1558,331.8810,-18.1250,-0.2043,0.4116,0.3060,-0.5082,-30.0246,6.4894,0.9991,0.0000,1,0,0,0,0,1.7712
220.4968,247.6064,0.0864,96.3011,8.5459,30.7653,8.5427,0.2333,0.9849,330.9573,-15.4972,-0.2043,0.4116,0.3060,-0.5096,-30.2973,4.5769,0.9995,0.0000,1,0,0,0,0,1.5248
220.5540,247.3763,0.0864,96.7342,8.6049,30.9775,8.6016,0.2376,1.0311,330.0279,-16.2551,-0.2043,0.4116,0.3060,-0.5103,-30.4594,2.8351,0.9998,0.0000,1,0,0,0,0,1.4747
220.6075,247.1532,0.0864,97.1387,8.6637,31.1892,8.6603,0.2416,1.0993,329.0912,-17.5088,-0.2063,0.4116,0.3060,-0.5129,-30.5727,2.1163,0.9999,0.0000,1,0,0,0,0,1.5087
220.6679,246.8917,0.0864,97.5947,8.7345,31.4441,8.7310,0.2465,1.1715,327.9567,-18.7720,-0.2063,0.4116,0.3060,-0.5147,-30.7108,2.2860,1.0000,0.0000,1,0,0,0,0,1.5932
220.7207,246.6552,0.0864,97.9916,8.7815,31.6135,8.7780,0.2497,0.8919,327.1955,-14.4263,-0.2082,0.4116,0.3060,-0.5159,-30.7985,1.6610,1.0000,0.0000,1,0,0,0,0,1.3202
220.7730,246.4131,0.0864,98.3839,8.8403,31.8251,8.8367,0.2538,1.1234,326.2356,-18.3453,-0.2082,0.4116,0.3060,-0.5186,-30.9130,2.1883,1.0000,0.0000,1,0,0,0,0,1.5714
220.8294,246.1435,0.0864,98.8054,8.8991,32.0367,8.8954,0.2579,1.0421,325.2685,-17.1431,-0.2082,0.4116,0.3060,-0.5197,-31.0456,2.3508,1.0000,0.0000,1,0,0,0,0,1.5177
220.8877,245.8553,0.0864,99.2395,8.9578,32.2481,8.9540,0.2617,1.0065,324.2960,-16.6712,-0.2082,0.4116,0.3060,-0.5202,-31.1218,1.3071,1.0000,0.0000,1,0,0,0,0,1.4371
220.9380,245.5990,0.0864,99.6119,9.0164,32.4592,9.0125,0.2653,1.1656,323.3188,-19.4249,-0.2082,0.4116,0.3060,-0.5204,-31.1684,0.9259,1.0000,0.0000,1,0,0,0,0,1.5720
220.9940,245.3051,0.0864,100.0246,9.0751,32.6703,9.0711,0.2688,1.0465,322.3372,-17.5233,-0.2082,0.4116,0.3060,-0.5205,-31.2016,0.5929,1.0000,0.0000,1,0,0,0,0,1.4507
221.0574,244.9619,0.0864,100.4883,9.1453,32.9232,9.1412,0.2734,1.1089,321.1490,-18.7543,-0.2102,0.4116,0.3060,-0.5237,-31.2475,0.7250,1.0000,0.0000,1,0,0,0,0,1.5305
221.1129,244.6519,0.0864,100.8915,9.2037,33.1333,9.1995,0.2773,1.0524,320.1511,-17.9929,-0.2102,0.4194,0.3060,-0.5247,-31.3710,2.2257,1.0000,0.0000,1,0,0,0,0,1.5752
221.1670,244.3405,0.0864,101.2825,9.2504,33.3016,9.2462,0.2805,0.8630,319.3485,-14.8205,-0.2121,0.4233,0.3060,-0.5258,-31.4281,1.0545,1.0000,0.0000,1,0,0,0,0,1.3368
221.2203,244.0258,0.0864,101.6644,9.3088,33.5116,9.3044,0.2848,1.0946,318.3369,-18.9737,-0.2121,0.4233,0.3060,-0.5284,-31.5280,1.8739,1.0000,0.0000,1,0,0,0,0,1.6171
221.2794,243.6673,0.0864,102.0841,9.3787,33.7633,9.3742,0.2897,1.1830,317.1137,-20.7030,-0.2121,0.4252,0.3060,-0.5297,-31.6442,1.9661,1.0000,0.0000,1,0,0,0,0,1.7228
221.3332,243.3320,0.0864,102.4627,9.4252,33.9308,9.4207,0.2930,0.8654,316.2939,-15.2426,-0.2121,0.4252,0.3060,-0.5300,-31.7162,1.3399,1.0000,0.0000,1,0,0,0,0,1.3876
221.3944,242.9399,0.0864,102.8893,9.4949,34.1818,9.4903,0.2975,1.1386,315.0586,-20.1734,-0.2121,0.4252,0.3060,-0.5302,-31.7666,0.8230,1.0000,0.0000,1,0,0,0,0,1.6364
221.4547,242.5432,0.0864,103.3044,9.5530,34.3909,9.5483,0.3011,0.9635,314.0243,-17.1605,-0.2121,0.4252,0.3060,-0.5303,-31.7935,0.4459,1.0000,0.0000,1,0,0,0,0,1.4509
221.5102,242.1684,0.0864,103.6823,9.6110,34.5995,9.6061,0.3046,1.0434,312.9858,-18.7029,-0.2121,0.4252,0.3060,-0.5303,-31.8069,0.2415,1.0000,0.0000,1,0,0,0,0,1.5279
221.5751,241.7186,0.0864,104.1183,9.6805,34.8497,9.6755,0.3088,1.0707,311.7340,-19.2844,-0.2121,0.4252,0.3060,-0.5304,-31.8137,0.1043,1.0000,0.0000,1,0,0,0,0,1.5556
221.6269,241.3512,0.0864,104.4612,9.7384,35.0581,9.7334,0.3122,1.1189,310.6863,-20.2417,-0.2121,0.3783,0.3060,-0.5304,-31.8182,0.0867,1.0000,0.0000,1,0,0,0,0,1.6102
221.6806,240.9616,0.0864,104.8124,9.7922,35.2519,9.7871,0.3153,1.0016,309.6364,-19.5422,-0.2121,0.3216,0.3060,-0.5304,-31.8201,0.0357,0.9823,0.0000,1,0,0,0,0,1.5706
221.7417,240.5096,0.0864,105.2048,9.8077,35.3079,9.8027,0.3144,0.2549,308.6083,-16.8361,-0.2121,0.2825,0.3060,-0.5304,-31.8210,0.0151,0.9100,0.0000,1,0,0,0,0,1.4170
221.7970,240.3118,0.2247,105.3467,0.6343,2.2836,0.2595,0.5788,-165.7536,307.8371,-13.9349,-0.2121,0.2649,0.3060,-0.5304,-31.8215,0.0081,0.8397,0.0000,1,0,0,0,0,14.4619
221.8587,240.2648,0.2050,105.3468,1.0016,3.6056,0.8999,0.4397,5.9539,309.1050,20.5572,-0.2121,0.2493,0.3060,-0.5304,-31.8217,0.0041,0.7703,0.0000,1,0,0,0,0,7.7276
221.9184,240.1996,0.1636,105.3692,1.2903,4.6451,1.2356,0.3717,4.8396,309.0037,-1.6977,-0.2121,0.2454,0.3060,-0.5304,-31.8218,0.0019,0.7358,0.0000,1,0,0,0,0,4.4150
221.9745,240.1293,0.1009,105.4005,1.4069,5.0647,1.3686,0.3260,2.0778,308.3211,-12.1654,-0.2121,0.2395,0.3060,-0.5304,-31.8219,0.0008,0.7119,0.0000,1,0,0,0,0,4.1514
222.0324,240.1165,0.0864,105.4059,0.0009,0.0031,0.0001,0.0009,-24.2934,308.0874,-4.0385,-0.2121,0.2356,0.3060,-0.5304,-31.8219,0.0005,0.6930,0.0000,1,0,0,0,0,0.2244
222.0891,240.1164,0.0864,105.4059,0.0009,0.0032,0.0001,0.0009,0.0004,307.8082,-4.9247,-0.2121,0.2356,0.3060,-0.5304,-31.8219,0.0002,0.6815,0.0000,1,0,0,0,0,0.2736
222.1467,240.1163,0.0864,105.4058,0.0009,0.0031,0.0001,0.0009,-0.0002,307.5777,-3.9958,-0.2121,0.2356,0.3060,-0.5304,-31.8219,0.0001,0.6772,0.0000,1,0,0,0,0,0.2220
222.1995,240.1163,0.0864,105.4057,0.0009,0.0031,0.0001,0.0009,-0.0001,307.3940,-3.4836,-0.2121,0.2356,0.3060,-0.5304,-31.8219,0.0000,0.6754,0.0000,1,0,0,0,0,0.1935
222.2529,240.1162,0.0864,105.4056,0.0009,0.0031,0.0001,0.0009,-0.0001,307.1649,-4.2848,-0.2121,0.2356,0.3060,-0.5304,-31.8219,0.0000,0.6742,0.0000,1,0,0,0,0,0.2380
222.3109,240.1161,0.0864,105.4056,0.0009,0.0031,0.0001,0.0009,0.0000,306.8904,-4.7333,-0.2121,0.2356,0.3060,-0.5304,-31.8219,0.0000,0.6735,0.0000,1,0,0,0,0,0.2630
222.3625,240.1160,0.0864,105.4055,0.0009,0.0031,0.0001,0.0009,0.0000,306.7074,-3.5473,-0.2121,0.2356,0.3060,-0.5304,-31.8219,0.0000,0.6733,0.0000,1,0,0,0,0,0.1971
222.4213,240.1160,0.0864,105.4054,0.0009,0.0031,0.0001,0.0009,0.0000,306.4780,-3.9024,-0.2141,0.2356,0.3060,-0.5331,-31.8732,0.8723,0.6732,0.0000,1,0,0,0,0,0.2653
222.4738,240.1159,0.0864,105.4053,0.0009,0.0031,0.0001,0.0009,0.0000,306.2477,-4.3847,-0.2161,0.2356,0.3060,-0.5351,-31.9533,1.5242,0.6731,0.0000,1,0,0,0,0,0.3283
222.5261,240.1158,0.0864,105.4053,0.0009,0.0031,0.0001,0.0009,0.0000,306.0162,-4.4311,-0.2161,0.2356,0.3060,-0.5380,-32.0655,2.1484,0.6731,0.0000,1,0,0,0,0,0.3655
222.5762,240.1157,0.0864,105.4052,0.0009,0.0031,0.0001,0.0009,0.0000,305.8304,-3.7065,-0.2161,0.2356,0.3060,-0.5390,-32.1845,2.3744,0.6731,0.0000,1,0,0,0,0,0.3378
222.6309,240.1157,0.0864,105.4051,0.0009,0.0031,0.0001,0.0009,0.0000,305.5970,-4.2648,-0.2180,0.2356,0.3060,-0.5424,-32.3337,2.7257,0.6731,0.0000,1,0,0,0,0,0.3884
222.6900,240.1156,0.0864,105.4050,0.0009,0.0031,0.0001,0.0008,0.0000,305.3156,-4.7594,-0.2200,0.2356,0.3060,-0.5448,-32.4770,2.4240,0.6731,0.0000,1,0,0,0,0,0.3991
222.7436,240.1155,0.0864,105.4050,0.0009,0.0031,0.0001,0.0008,0.0000,305.0798,-4.4035,-0.2200,0.2356,0.3060,-0.5477,-32.6325,2.9043,0.6731,0.0000,1,0,0,0,0,0.4060
222.7943,240.1154,0.0864,105.4049,0.0009,0.0031,0.0001,0.0009,0.0000,304.8904,-3.7347,-0.2219,0.2356,0.3060,-0.5502,-32.7541,2.3971,0.6731,0.0000,1,0,0,0,0,0.3407
222.8542,240.1154,0.0864,105.4048,0.0009,0.0031,0.0001,0.0009,0.0000,304.6522,-3.9801,-0.2239,0.2356,0.3060,-0.5536,-32.9433,3.1614,0.6731,0.0000,1,0,0,0,0,0.3967
222.9070,240.1153,0.0864,105.4047,0.0009,0.0031,0.0001,0.0009,0.0000,304.4121,-4.5410,-0.2258,0.2356,0.3060,-0.5584,-33.1319,3.5670,0.6731,0.0000,1,0,0,0,0,0.4504
222.9678,240.1152,0.0864,105.4046,0.0009,0.0031,0.0001,0.0009,0.0000,304.1209,-4.7943,-0.2278,0.2356,0.3060,-0.5647,-33.4228,4.7891,0.6731,0.0000,1,0,0,0,0,0.5324
223.0264,240.1151,0.0864,105.4046,0.0008,0.0031,0.0001,0.0008,-0.0001,303.8755,-4.1864,-0.2317,0.2317,0.3060,-0.5716,-33.7543,5.6558,0.6709,0.0000,1,0,0,0,0,0.5468
223.0883,240.1151,0.0864,105.4045,0.0007,0.0027,0.0000,0.0007,-0.0017,303.5842,-4.7081,-0.2336,0.2102,0.3060,-0.5784,-34.1363,6.1724,0.6416,0.0000,1,0,0,0,0,0.6045
223.1430,240.1150,0.0864,105.4044,0.0006,0.0023,-0.0001,0.0006,-0.0021,303.3972,-3.4196,-0.2375,0.1887,0.3060,-0.5843,-34.5246,7.1014,0.6087,0.0000,1,0,0,0,0,0.5845
223.1980,240.1150,0.0864,105.4043,0.0005,0.0020,-0.0001,0.0005,-0.0015,303.1806,-3.9357,-0.2395,0.1535,0.3060,-0.5917,-34.9020,6.8585,0.5384,0.0000,1,0,0,0,0,0.5997
223.2494,240.1150,0.0864,105.4043,0.0005,0.0017,-0.0001,0.0004,-0.0017,302.9901,-3.7045,-0.2434,0.1281,0.3060,-0.5999,-35.3065,7.8670,0.4626,0.0000,1,0,0,0,0,0.6429
223.3080,240.1150,0.0864,105.4042,0.0004,0.0014,-0.0001,0.0004,-0.0013,302.8252,-2.8148,-0.2473,0.1124,0.3060,-0.6076,-35.8204,8.7722,0.3962,0.0000,1,0,0,0,0,0.6437
223.3589,240.1150,0.0864,105.4042,0.0003,0.0012,-0.0001,0.0003,-0.0012,302.6812,-2.8295,-0.2532,0.0968,0.3060,-0.6192,-36.2874,9.1711,0.3404,0.0000,1,0,0,0,0,0.6667
223.4103,240.1150,0.0864,105.4042,0.0003,0.0010,-0.0001,0.0003,-0.0007,302.5516,-2.5217,-0.2571,0.0968,0.3060,-0.6309,-36.8225,10.4196,0.3078,0.0000,1,0,0,0,0,0.7190
223.4611,240.1150,0.0864,105.4041,0.0003,0.0010,-0.0001,0.0003,-0.0003,302.4529,-1.9418,-0.2610,0.0968,0.3060,-0.6400,-37.4026,11.4088,0.2941,0.0000,1,0,0,0,0,0.7417
223.5128,240.1150,0.0864,105.4041,0.0003,0.0009,-0.0001,0.0003,-0.0002,302.3318,-2.3415,-0.2649,0.0968,0.3060,-0.6519,-38.0457,12.4289,0.2851,0.0000,1,0,0,0,0,0.8206
223.5631,240.1150,0.0864,105.4041,0.0003,0.0009,-0.0001,0.0002,-0.0001,302.2354,-1.9174,-0.2669,0.0968,0.3060,-0.6589,-38.6480,11.9825,0.2814,0.0000,1,0,0,0,0,0.7722
223.6354,240.1150,0.0864,105.4040,0.0003,0.0009,-0.0001,0.0002,0.0000,302.0671,-2.3270,-0.2669,0.0968,0.3060,-0.6646,-39.2101,7.7716,0.2783,0.0000,1,0,0,0,0,0.5610
223.6952,240.1150,0.0864,105.4040,0.0003,0.0009,-0.0001,0.0002,0.0000,301.9471,-2.0092,-0.2669,0.0968,0.3060,-0.6661,-39.6485,7.3406,0.2774,0.0000,1,0,0,0,0,0.5194
223.7467,240.1150,0.0864,105.4039,0.0003,0.0009,-0.0001,0.0002,0.0000,301.8272,-2.3276,-0.2669,0.0968,0.3060,-0.6667,-39.8130,3.1945,0.2769,0.0000,1,0,0,0,0,0.3068
223.8052,240.1150,0.0864,105.4039,0.0003,0.0009,-0.0001,0.0002,0.0000,301.7076,-2.0438,-0.2610,0.0968,0.3060,-0.6622,-39.8935,1.3754,0.2767,0.0000,1,0,0,0,0,0.1900
223.8576,240.1150,0.0864,105.4039,0.0003,0.0009,-0.0001,0.0002,0.0000,301.5901,-2.2421,-0.2512,0.0968,0.3060,-0.6480,-39.6511,4.6231,0.2766,0.0000,1,0,0,0,0,0.3814
223.9168,240.1150,0.0864,105.4038,0.0003,0.0009,-0.0001,0.0002,0.0000,301.4759,-1.9299,-0.2375,0.0968,0.3060,-0.6255,-38.9797,11.3429,0.2765,0.0000,1,0,0,0,0,0.7374
223.9678,240.1150,0.0864,105.4038,0.0003,0.0009,-0.0001,0.0002,0.0000,301.3665,-2.1410,-0.2278,0.0968,0.3060,-0.5986,-37.9386,20.3862,0.2765,0.0000,1,0,0,0,0,1.2515
224.0186,240.1150,0.0864,105.4038,0.0003,0.0009,-0.0001,0.0002,0.0001,301.2824,-1.6588,-0.2180,0.1007,0.3060,-0.5747,-36.5466,27.4438,0.2793,0.0000,1,0,0,0,0,1.6168
224.0780,240.1150,0.0864,105.4037,0.0003,0.0010,-0.0001,0.0003,0.0006,301.1562,-2.1237,-0.1965,0.1222,0.3060,-0.5302,-34.8296,28.8897,0.3102,0.0000,1,0,0,0,0,1.7230
224.1525,240.1150,0.0864,105.4037,0.0003,0.0012,-0.0001,0.0003,0.0007,301.0251,-1.7602,-0.1789,0.1398,0.3060,-0.4836,-32.5891,30.0892,0.3548,0.0000,1,0,0,0,0,1.7694
224.2056,240.1150,0.0864,105.4036,0.0004,0.0014,-0.0001,0.0004,0.0011,300.9123,-2.1242,-0.1554,0.1711,0.3060,-0.4379,-29.7302,53.8550,0.4058,0.0000,1,0,0,0,0,3.1100
224.2681,240.1150,0.0864,105.4036,0.0005,0.0018,-0.0001,0.0005,0.0015,300.7688,-2.2942,-0.1378,0.2082,0.3060,-0.3895,-27.2010,40.4373,0.4922,0.0000,1,0,0,0,0,2.3740
224.3213,240.1150,0.0864,105.4035,0.0006,0.0021,-0.0001,0.0006,0.0019,300.6399,-2.4259,-0.1281,0.2454,0.3060,-0.3546,-24.6647,47.7083,0.5822,0.0000,1,0,0,0,0,2.7852
224.3725,240.1149,0.0864,105.4034,0.0008,0.0029,0.0001,0.0008,0.0042,300.5302,-2.1375,-0.1242,0.2786,0.3060,-0.3349,-22.8470,35.4445,0.6585,0.0000,1,0,0,0,0,2.0879
224.4235,240.1149,0.0864,105.4034,0.0011,0.0041,0.0002,0.0011,0.0062,300.3833,-2.8847,-0.1222,0.3158,0.3060,-0.3185,-21.1955,32.4139,0.7646,0.0000,1,0,0,0,0,1.9610
224.4809,240.1147,0.0864,105.4033,0.0015,0.0053,0.0004,0.0014,0.0059,300.2224,-2.8018,-0.1203,0.3588,0.3060,-0.3087,-19.9658,21.4112,0.8738,0.0000,1,0,0,0,0,1.3452
224.5440,240.1145,0.0864,105.4032,0.0109,0.0392,0.0108,0.0012,0.1496,300.0123,-3.3312,-0.1203,0.3881,0.3060,-0.3036,-19.1363,13.1533,0.9465,0.0000,1,0,0,0,0,0.9158
224.6009,240.1131,0.0864,105.4038,0.0465,0.1675,0.0465,0.0013,0.6262,299.8216,-3.3501,-0.1339,0.4116,0.3060,-0.3145,-18.7073,7.5365,0.9738,0.0000,1,0,0,0,0,0.6048
224.6665,240.1089,0.0864,105.4060,0.1062,0.3822,0.1062,0.0016,0.9084,299.5675,-3.8708,-0.1476,0.4174,0.3060,-0.3438,-19.0708,5.5365,0.9889,0.0000,1,0,0,0,0,0.5226
224.7220,240.1025,0.0864,105.4095,0.1623,0.5842,0.1623,0.0017,1.0117,299.3287,-4.3059,-0.1652,0.4174,0.3060,-0.3784,-20.3471,23.0112,0.9946,0.0000,1,0,0,0,0,1.5176
224.7792,240.0930,0.0864,105.4146,0.2212,0.7963,0.2212,0.0018,1.0306,299.0605,-4.6909,-0.1867,0.4174,0.3060,-0.4196,-22.2695,33.6329,0.9973,0.0000,1,0,0,0,0,2.1291
224.8318,240.0815,0.0864,105.4208,0.2813,1.0128,0.2813,0.0018,1.1421,298.7590,-5.7259,-0.2023,0.4116,0.3060,-0.4626,-24.0849,34.4741,0.9987,0.0000,1,0,0,0,0,2.2333
224.8921,240.0650,0.0864,105.4296,0.3423,1.2323,0.3423,0.0017,1.0123,298.4234,-5.5728,-0.2200,0.3686,0.3060,-0.5053,-26.6240,42.1602,0.9994,0.0000,1,0,0,0,0,2.6518
224.9524,240.0450,0.0864,105.4401,0.3973,1.4302,0.3973,0.0015,0.9115,298.0579,-6.0577,-0.2375,0.3079,0.3060,-0.5463,-29.3170,44.6344,0.9736,0.0000,1,0,0,0,0,2.8162
225.0097,240.0246,0.0864,105.4507,0.3837,1.3814,0.3837,0.0015,-0.2370,297.6208,-7.6308,-0.2493,0.2297,0.3060,-0.5902,-31.8994,45.0831,0.8356,0.0000,1,0,0,0,0,2.9285
225.0682,240.0071,0.0864,105.4596,0.2574,0.9267,0.2574,0.0017,-2.1571,297.3035,-5.4204,-0.2591,0.1554,0.3060,-0.6178,-34.0731,37.1276,0.6703,0.0000,1,0,0,0,0,2.3638
225.1279,239.9998,0.0864,105.4632,0.0106,0.0383,0.0106,0.0012,-4.1320,297.0565,-4.1344,-0.2708,0.1164,0.3060,-0.6455,-36.0465,33.0415,0.5123,0.0000,1,0,0,0,0,2.0653
225.1811,239.9998,0.0864,105.4631,0.0004,0.0015,-0.0001,0.0004,-0.1925,296.8642,-3.6172,-0.2786,0.1105,0.3060,-0.6720,-37.3309,24.1542,0.4131,0.0000,1,0,0,0,0,1.5429
225.2314,239.9998,0.0864,105.4631,0.0003,0.0013,-0.0001,0.0003,-0.0011,296.6945,-3.3775,-0.2884,0.1105,0.3060,-0.6968,-39.2739,38.6688,0.3633,0.0000,1,0,0,0,0,2.3359
225.2814,239.9998,0.0864,105.4631,0.0003,0.0012,-0.0001,0.0003,-0.0005,296.5657,-2.5722,-0.2962,0.1105,0.3060,-0.7161,-40.6874,28.2243,0.3425,0.0000,1,0,0,0,0,1.7109
225.3442,239.9998,0.0864,105.4630,0.0003,0.0011,-0.0001,0.0003,-0.0003,296.3766,-3.0122,-0.3021,0.1105,0.3060,-0.7382,-42.2256,24.5037,0.3270,0.0000,1,0,0,0,0,1.5287
225.4006,239.9998,0.0864,105.4630,0.0003,0.0011,-0.0001,0.0003,-0.0001,296.2197,-2.7844,-0.3060,0.1105,0.3060,-0.7521,-43.5191,22.9616,0.3212,0.0000,1,0,0,0,0,1.4303
225.4607,239.9998,0.0864,105.4630,0.0003,0.0011,-0.0001,0.0003,-0.0001,296.0623,-2.6184,-0.3099,0.1105,0.3060,-0.7628,-44.5151,16.5708,0.3183,0.0000,1,0,0,0,0,1.0661
225.5213,239.9998,0.0864,105.4629,0.0003,0.0011,-0.0001,0.0003,0.0000,295.8719,-3.1391,-0.3118,0.1105,0.3060,-0.7728,-45.3584,13.9025,0.3167,0.0000,1,0,0,0,0,0.9468
225.5818,239.9998,0.0864,105.4629,0.0003,0.0011,-0.0001,0.0003,0.0000,295.7120,-2.6468,-0.3158,0.1105,0.3060,-0.7814,-46.0235,11.0057,0.3161,0.0000,1,0,0,0,0,0.7585
225.6397,239.9998,0.0864,105.4628,0.0003,0.0011,-0.0001,0.0003,0.0000,295.5504,-2.7881,-0.3197,0.1105,0.3060,-0.7901,-46.6570,10.9277,0.3158,0.0000,1,0,0,0,0,0.7620
225.6957,239.9998,0.0864,105.4628,0.0003,0.0011,-0.0001,0.0003,0.0000,295.3870,-2.9158,-0.3216,0.1105,0.3060,-0.7981,-47.0555,7.1149,0.3157,0.0000,1,0,0,0,0,0.5573
225.7537,239.9998,0.0864,105.4627,0.0003,0.0011,-0.0001,0.0003,0.0000,295.1888,-3.4206,-0.3255,0.1105,0.3060,-0.8078,-47.7402,11.8166,0.3156,0.0000,1,0,0,0,0,0.8465
225.8153,239.9998,0.0864,105.4627,0.0003,0.0011,-0.0001,0.0003,0.0000,295.0222,-2.7055,-0.3275,0.1105,0.3060,-0.8136,-48.1968,7.4132,0.3156,0.0000,1,0,0,0,0,0.5621
225.8697,239.9998,0.0864,105.4627,0.0003,0.0011,-0.0001,0.0003,0.0000,294.8545,-3.0836,-0.3294,0.1105,0.3060,-0.8189,-48.6169,7.7242,0.3156,0.0000,1,0,0,0,0,0.6004
225.9319,239.9998,0.0864,105.4626,0.0003,0.0011,-0.0001,0.0003,0.0000,294.6522,-3.2484,-0.3314,0.1105,0.3060,-0.8233,-48.9317,5.0551,0.3156,0.0000,1,0,0,0,0,0.4613
225.9902,239.9998,0.0864,105.4626,0.0003,0.0012,-0.0001,0.0003,0.0006,294.4753,-3.0367,-0.3314,0.1476,0.3060,-0.8262,-49.2418,5.3250,0.3479,0.0000,1,0,0,0,0,0.4645
226.0414,239.9998,0.0864,105.4625,0.0005,0.0016,-0.0001,0.0004,0.0024,294.2573,-4.2536,-0.3333,0.2297,0.3060,-0.8294,-49.4346,3.7600,0.4576,0.0000,1,0,0,0,0,0.4452
226.0935,239.9998,0.0864,105.4625,0.0007,0.0024,-0.0001,0.0007,0.0040,294.0178,-4.5975,-0.3353,0.3236,0.3060,-0.8328,-49.6158,3.4784,0.6209,0.0000,1,0,0,0,0,0.4487
226.1514,239.9997,0.0864,105.4624,0.0013,0.0049,0.0003,0.0013,0.0118,293.5253,-8.5088,-0.3353,0.4546,0.3060,-0.8363,-49.8629,4.2698,0.8392,0.0000,1,0,0,0,0,0.7099
226.2076,239.9995,0.0864,105.4623,0.0020,0.0071,0.0014,0.0014,0.0112,293.0444,-8.5520,-0.3373,0.5269,0.3060,-0.8402,-50.0160,2.7235,0.9213,0.0000,1,0,0,0,0,0.6264
226.2599,239.9991,0.0864,105.4623,0.0185,0.0664,0.0184,0.0012,0.3153,292.6329,-7.8750,-0.3373,0.5914,0.3060,-0.8417,-50.2620,4.7070,0.9556,0.0000,1,0,0,0,0,0.6990
226.3110,239.9972,0.0864,105.4629,0.0585,0.2106,0.0585,0.0012,0.7829,292.0982,-10.4566,-0.3373,0.5973,0.3060,-0.8425,-50.3967,2.6346,0.9783,0.0000,1,0,0,0,0,0.7273
226.3618,239.9935,0.0864,105.4643,0.0989,0.3560,0.0989,0.0013,0.7964,291.6602,-8.6360,-0.3373,0.5973,0.3060,-0.8428,-50.4775,1.5927,0.9877,0.0000,1,0,0,0,0,0.5683
226.4153,239.9869,0.0864,105.4667,0.1545,0.5562,0.1545,0.0013,1.0382,291.1032,-10.3970,-0.3373,0.6031,0.3060,-0.8430,-50.5246,0.8785,0.9940,0.0000,1,0,0,0,0,0.6264
226.4659,239.9781,0.0864,105.4699,0.2131,0.7671,0.2131,0.0013,1.1583,290.5372,-11.1919,-0.3373,0.6110,0.3060,-0.8431,-50.5529,0.5605,0.9971,0.0000,1,0,0,0,0,0.6529
226.5259,239.9644,0.0864,105.4748,0.2731,0.9833,0.2731,0.0012,1.0002,289.9633,-9.5588,-0.3373,0.6227,0.3060,-0.8431,-50.5721,0.3184,0.9986,0.0000,1,0,0,0,0,0.5487
226.5780,239.9494,0.0864,105.4801,0.3340,1.2023,0.3340,0.0009,1.1691,289.3819,-11.1709,-0.3373,0.6305,0.3060,-0.8432,-50.5804,0.1602,0.9993,0.0000,1,0,0,0,0,0.6295
226.6357,239.9294,0.0864,105.4868,0.3951,1.4224,0.3951,0.0006,1.0592,288.7933,-10.1956,-0.3373,0.6481,0.3060,-0.8432,-50.5857,0.0923,0.9997,0.0000,1,0,0,0,0,0.5715
226.6857,239.9093,0.0864,105.4935,0.4564,1.6432,0.4564,0.0003,1.2263,288.1976,-11.9133,-0.3373,0.6540,0.3060,-0.8432,-50.5879,0.0432,0.9998,0.0000,1,0,0,0,0,0.6643
226.7384,239.8851,0.0864,105.5013,0.5056,1.8202,0.5056,0.0001,0.9323,287.7160,-9.1337,-0.3373,0.6598,0.3060,-0.8432,-50.5891,0.0229,0.9999,0.0000,1,0,0,0,0,0.5116
226.7907,239.8582,0.0864,105.5096,0.5671,2.0414,0.5671,0.0006,1.1758,287.1076,-11.6375,-0.3373,0.6618,0.3060,-0.8432,-50.5898,0.0139,1.0000,0.0000,1,0,0,0,0,0.6634
226.8518,239.8230,0.0864,105.5202,0.6408,2.3069,0.6408,0.0013,1.2074,286.3691,-12.0930,-0.3333,0.6618,0.3060,-0.8398,-50.5808,0.1479,1.0000,0.0000,1,0,0,0,0,0.7105
226.9038,239.7897,0.0864,105.5298,0.6900,2.4840,0.6900,0.0018,0.9460,285.8752,-9.4955,-0.3275,0.6618,0.3060,-0.8320,-50.4128,3.2303,1.0000,0.0000,1,0,0,0,0,0.7455
226.9619,239.7492,0.0864,105.5411,0.7638,2.7495,0.7637,0.0025,1.2701,285.1371,-12.7133,-0.3197,0.6618,0.3060,-0.8163,-49.8977,8.8708,1.0000,0.0000,1,0,0,0,0,1.2485
227.0205,239.7044,0.0864,105.5532,0.8253,2.9709,0.8252,0.0059,1.0495,284.5263,-10.4207,-0.3138,0.6618,0.3060,-0.8008,-49.2146,11.6558,1.0000,0.0000,1,0,0,0,0,1.3344
227.0708,239.6631,0.0864,105.5642,0.8745,3.1481,0.8744,0.0094,0.9775,284.0417,-9.6278,-0.3060,0.6618,0.3060,-0.7868,-48.5240,13.7179,1.0000,0.0000,1,0,0,0,0,1.4589
227.1278,239.6129,0.0864,105.5771,0.9359,3.3691,0.9358,0.0118,1.0780,283.4435,-10.5020,-0.2981,0.6618,0.3060,-0.7675,-47.4800,18.3300,1.0000,0.0000,1,0,0,0,0,1.7915
227.1792,239.5644,0.0864,105.5891,0.9973,3.5904,0.9972,0.0136,1.1948,282.8541,-11.4577,-0.2884,0.6618,0.3060,-0.7479,-46.4773,19.4919,1.0000,0.0000,1,0,0,0,0,1.9239
227.2378,239.5057,0.0864,105.6031,1.0586,3.8110,1.0585,0.0155,1.0466,282.2646,-10.0699,-0.2825,0.6618,0.3060,-0.7272,-45.6387,14.3247,1.0000,0.0000,1,0,0,0,0,1.5744
227.2978,239.4415,0.0864,105.6176,1.1323,4.0761,1.1322,0.0125,1.2272,281.5772,-11.4539,-0.2728,0.6618,0.3060,-0.7015,-43.9830,27.5891,1.0000,0.0000,1,0,0,0,0,2.3346
227.3581,239.3728,0.0864,105.6319,1.1937,4.2973,1.1937,0.0093,1.0187,281.0210,-9.2232,-0.2649,0.6618,0.3060,-0.6823,-42.7101,21.1070,1.0000,0.0000,1,0,0,0,0,1.8013
227.4137,239.3058,0.0864,105.6450,1.2551,4.5184,1.2551,0.0084,1.1046,280.4661,-9.9791,-0.2591,0.6618,0.3060,-0.6643,-41.5290,21.2419,1.0000,0.0000,1,0,0,0,0,1.8344
227.4733,239.2301,0.0864,105.6590,1.3289,4.7841,1.3289,0.0085,1.2371,279.8109,-10.9821,-0.2532,0.6618,0.3060,-0.6464,-40.3713,19.4057,1.0000,0.0000,1,0,0,0,0,1.7840
227.5235,239.1633,0.0864,105.6707,1.3781,4.9611,1.3781,0.0089,0.9799,279.3777,-8.6324,-0.2512,0.6618,0.3060,-0.6384,-39.4523,18.3116,1.0000,0.0000,1,0,0,0,0,1.5937
227.5763,239.0900,0.0864,105.6829,1.4396,5.1825,1.4396,0.0096,1.1655,278.8370,-10.2464,-0.2512,0.6618,0.3060,-0.6325,-38.8448,11.5119,1.0000,0.0000,1,0,0,0,0,1.3084
227.6264,239.0174,0.0864,105.6944,1.4887,5.3594,1.4887,0.0102,0.9799,278.4031,-8.6543,-0.2512,0.6618,0.3060,-0.6304,-38.3938,8.9966,1.0000,0.0000,1,0,0,0,0,1.0835
227.6766,238.9419,0.0864,105.7056,1.5502,5.5806,1.5501,0.0111,1.2257,277.8574,-10.8877,-0.2512,0.6618,0.3060,-0.6291,-38.0841,6.1771,1.0000,0.0000,1,0,0,0,0,1.0555
227.7266,238.8639,0.0864,105.7166,1.5993,5.7576,1.5993,0.0119,0.9834,277.4175,-8.7971,-0.2512,0.6618,0.3060,-0.6286,-37.9250,3.1814,1.0000,0.0000,1,0,0,0,0,0.7770
227.7830,238.7724,0.0864,105.7286,1.6731,6.0230,1.6730,0.0131,1.3062,276.7519,-11.7929,-0.2512,0.6618,0.3060,-0.6283,-37.8081,2.0718,1.0000,0.0000,1,0,0,0,0,0.8877
227.8391,238.6777,0.0864,105.7401,1.7345,6.2443,1.7345,0.0141,1.0947,276.1931,-9.9532,-0.2473,0.6618,0.3060,-0.6244,-37.7318,1.3598,1.0000,0.0000,1,0,0,0,0,0.7507
227.9012,238.5689,0.0864,105.7522,1.7960,6.4656,1.7959,0.0150,0.9902,275.6377,-8.9457,-0.2375,0.6618,0.3060,-0.6113,-37.4291,4.8751,1.0000,0.0000,1,0,0,0,0,0.8933
227.9597,238.4624,0.0864,105.7630,1.8574,6.6866,1.8573,0.0157,1.0496,275.0912,-9.3441,-0.2297,0.6618,0.3060,-0.5944,-36.7019,12.4329,1.0000,0.0000,1,0,0,0,0,1.3369
228.0106,238.3667,0.0864,105.7718,1.9188,6.9077,1.9187,0.0163,1.2077,274.5561,-10.5215,-0.2200,0.6618,0.3060,-0.5753,-35.9033,15.7028,1.0000,0.0000,1,0,0,0,0,1.5841
228.0684,238.2542,0.0864,105.7811,1.9803,7.1289,1.9802,0.0167,1.0627,274.0359,-8.9942,-0.2082,0.6618,0.3060,-0.5518,-34.8130,18.8540,1.0000,0.0000,1,0,0,0,0,1.6733
228.1308,238.1287,0.0864,105.7903,2.0539,7.3941,2.0539,0.0168,1.1810,273.4379,-9.5871,-0.1965,0.6618,0.3060,-0.5195,-33.4314,22.1477,1.0000,0.0000,1,0,0,0,0,1.8858
228.1813,238.0238,0.0864,105.7970,2.1031,7.5712,2.1030,0.0168,0.9728,273.0556,-7.5629,-0.1887,0.6618,0.3060,-0.4986,-31.9413,29.4773,1.0000,0.0000,1,0,0,0,0,2.1777
228.2339,237.9118,0.0864,105.8033,2.1646,7.7924,2.1645,0.0167,1.1701,272.5981,-8.7118,-0.1750,0.6618,0.3060,-0.4689,-30.6367,24.8391,1.0000,0.0000,1,0,0,0,0,1.9793
228.2845,237.8007,0.0864,105.8087,2.2260,8.0136,2.2259,0.0164,1.2122,272.1620,-8.6014,-0.1672,0.6618,0.3060,-0.4440,-29.0968,30.3805,1.0000,0.0000,1,0,0,0,0,2.2762
228.3375,237.6814,0.0864,105.8137,2.2751,8.1904,2.2751,0.0162,0.9269,271.8286,-6.2920,-0.1574,0.6618,0.3060,-0.4223,-27.5488,29.2097,1.0000,0.0000,1,0,0,0,0,2.0790
228.3992,237.5389,0.0864,105.8185,2.3488,8.4558,2.3488,0.0157,1.1964,271.3534,-7.7127,-0.1476,0.6618,0.3060,-0.3934,-25.8924,26.8827,1.0000,0.0000,1,0,0,0,0,2.0224
228.4495,237.4192,0.0864,105.8217,2.4103,8.6772,2.4103,0.0154,1.2203,270.9769,-7.4730,-0.1417,0.6618,0.3060,-0.3740,-24.4540,28.5497,1.0000,0.0000,1,0,0,0,0,2.0971
228.5089,237.2744,0.0864,105.8246,2.4718,8.8984,2.4717,0.0152,1.0343,270.6131,-6.1233,-0.1378,0.6618,0.3060,-0.3597,-23.2493,20.2806,1.0000,0.0000,1,0,0,0,0,1.5593
228.5607,237.1449,0.0864,105.8264,2.5332,9.1196,2.5332,0.0152,1.1860,270.2591,-6.8342,-0.1339,0.6618,0.3060,-0.3473,-22.3095,18.1416,1.0000,0.0000,1,0,0,0,0,1.4773
228.6190,236.9958,0.0864,105.8274,2.5947,9.3409,2.5946,0.0152,1.0561,269.9139,-5.9292,-0.1300,0.6618,0.3060,-0.3366,-21.3431,16.6013,1.0000,0.0000,1,0,0,0,0,1.3395
228.6705,236.8607,0.0864,105.8276,2.6438,9.5178,2.6438,0.0153,0.9525,269.6425,-5.2623,-0.1261,0.6618,0.3060,-0.3288,-20.7225,12.0286,1.0000,0.0000,1,0,0,0,0,1.0474
228.7316,236.6969,0.0864,105.8269,2.7176,9.7833,2.7175,0.0154,1.2087,269.2452,-6.5106,-0.1222,0.6618,0.3060,-0.3158,-19.9968,11.8926,1.0000,0.0000,1,0,0,0,0,1.1073
228.7869,236.5448,0.0864,105.8252,2.7790,10.0046,2.7790,0.0154,1.1099,268.9239,-5.8016,-0.1183,0.6618,0.3060,-0.3048,-19.4571,9.7467,1.0000,0.0000,1,0,0,0,0,0.9470
228.8372,236.4037,0.0864,105.8230,2.8282,10.1816,2.8282,0.0154,0.9777,268.6736,-4.9775,-0.1124,0.6618,0.3060,-0.2946,-18.6161,16.7218,1.0000,0.0000,1,0,0,0,0,1.2873
228.8995,236.2250,0.0864,105.8191,2.9019,10.4470,2.9019,0.0153,1.1834,268.3106,-5.8261,-0.1085,0.6618,0.3060,-0.2809,-17.9034,11.4399,1.0000,0.0000,1,0,0,0,0,1.0382
228.9522,236.0705,0.0864,105.8149,2.9634,10.6682,2.9634,0.0151,1.1660,268.0184,-5.5449,-0.1026,0.6618,0.3060,-0.2695,-17.1862,13.6083,1.0000,0.0000,1,0,0,0,0,1.1407
229.0047,235.9138,0.0864,105.8098,3.0249,10.8896,3.0248,0.0150,1.1727,267.7346,-5.4127,-0.1007,0.6618,0.3060,-0.2602,-16.6053,11.0791,1.0000,0.0000,1,0,0,0,0,0.9907
229.0567,235.7554,0.0864,105.8040,3.0740,11.0665,3.0740,0.0150,0.9455,267.5116,-4.2894,-0.0987,0.6618,0.3060,-0.2553,-16.0397,10.8805,1.0000,0.0000,1,0,0,0,0,0.9162
229.1141,235.5770,0.0864,105.7965,3.1355,11.2878,3.1355,0.0151,1.0697,267.2364,-4.7892,-0.0987,0.6618,0.3060,-0.2505,-15.5653,8.2549,1.0000,0.0000,1,0,0,0,0,0.7971
229.1669,235.4097,0.0864,105.7888,3.1970,11.5091,3.1969,0.0154,1.1641,266.9625,-5.1869,-0.0987,0.6579,0.3060,-0.2484,-15.2866,5.2783,1.0000,0.0000,1,0,0,0,0,0.6537
229.2187,235.2430,0.0864,105.7803,3.2584,11.7304,3.2584,0.0158,1.1881,266.6877,-5.3109,-0.0987,0.6540,0.3060,-0.2475,-15.0887,3.8261,1.0000,0.0000,1,0,0,0,0,0.5804
229.2768,235.0519,0.0864,105.7696,3.3199,11.9516,3.3199,0.0164,1.0564,266.4117,-4.7453,-0.0987,0.6540,0.3060,-0.2471,-14.9515,2.3570,1.0000,0.0000,1,0,0,0,0,0.4685
229.3308,234.8716,0.0864,105.7587,3.3814,12.1730,3.3813,0.0170,1.1400,266.1337,-5.1539,-0.0987,0.6540,0.3060,-0.2470,-14.8846,1.2414,1.0000,0.0000,1,0,0,0,0,0.4306
229.3887,234.6743,0.0864,105.7458,3.4428,12.3941,3.4428,0.0177,1.0604,265.8538,-4.8325,-0.0987,0.6540,0.3060,-0.2469,-14.8481,0.6303,1.0000,0.0000,1,0,0,0,0,0.3804
229.4419,234.4900,0.0864,105.7329,3.5043,12.6154,3.5042,0.0183,1.1563,265.5719,-5.3016,-0.0987,0.6540,0.3060,-0.2469,-14.8322,0.2977,1.0000,0.0000,1,0,0,0,0,0.3896
229.4997,234.2861,0.0864,105.7176,3.5657,12.8367,3.5657,0.0191,1.0624,265.2880,-4.9079,-0.0987,0.6461,0.3060,-0.2469,-14.8211,0.1930,1.0000,0.0000,1,0,0,0,0,0.3636
229.5514,234.1007,0.0864,105.7028,3.6272,13.0578,3.6271,0.0197,1.1874,265.0026,-5.5174,-0.0968,0.6305,0.3060,-0.2455,-14.8115,0.1845,1.0000,0.0000,1,0,0,0,0,0.3984
229.6020,233.9168,0.0864,105.6873,3.6763,13.2349,3.6763,0.0202,0.9735,264.7759,-4.4869,-0.0929,0.6149,0.3060,-0.2410,-14.7109,1.9919,1.0000,0.0000,1,0,0,0,0,0.4423
229.6625,233.6928,0.0864,105.6673,3.7501,13.5003,3.7500,0.0201,1.2181,264.4487,-5.4061,-0.0831,0.5875,0.3060,-0.2242,-14.3604,5.7901,1.0000,0.0000,1,0,0,0,0,0.7025
229.7158,233.4923,0.0864,105.6484,3.8115,13.7213,3.8114,0.0193,1.1510,264.1974,-4.7124,-0.0733,0.5816,0.3060,-0.2041,-13.5930,14.3893,1.0000,0.0000,1,0,0,0,0,1.1371
229.7766,233.2599,0.0864,105.6254,3.8730,13.9427,3.8729,0.0180,1.0117,263.9687,-3.7601,-0.0636,0.5738,0.3060,-0.1826,-12.6295,15.8466,1.0000,0.0000,1,0,0,0,0,1.1588
229.8344,233.0355,0.0864,105.6022,3.9345,14.1642,3.9345,0.0162,1.0653,263.7636,-3.5514,-0.0538,0.5738,0.3060,-0.1609,-11.3646,21.9015,1.0000,0.0000,1,0,0,0,0,1.4759
229.8909,232.8123,0.0864,105.5782,3.9959,14.3852,3.9959,0.0142,1.0856,263.5834,-3.1873,-0.0479,0.5738,0.3060,-0.1397,-10.0250,23.6885,1.0000,0.0000,1,0,0,0,0,1.5465
229.9497,232.5766,0.0864,105.5520,4.0697,14.6508,4.0696,0.0118,1.2545,263.3950,-3.2048,-0.0420,0.5738,0.3060,-0.1197,-8.7913,20.9837,1.0000,0.0000,1,0,0,0,0,1.3872
230.0030,232.3598,0.0864,105.5271,4.1312,14.8722,4.1312,0.0102,1.1541,263.2532,-2.6602,-0.0401,0.5738,0.3060,-0.1100,-7.8490,17.6808,1.0000,0.0000,1,0,0,0,0,1.1669
230.0600,232.1246,0.0864,105.4996,4.1927,15.0936,4.1926,0.0090,1.0795,263.1195,-2.3461,-0.0401,0.5738,0.3060,-0.1044,-7.1188,12.8193,1.0000,0.0000,1,0,0,0,0,0.8748
230.1173,231.8846,0.0864,105.4708,4.2541,15.3148,4.2541,0.0083,1.0728,262.9915,-2.2360,-0.0381,0.5797,0.3060,-0.0992,-6.5994,9.0674,1.0000,0.0000,1,0,0,0,0,0.6571
230.1700,231.6605,0.0864,105.4434,4.3156,15.5363,4.3156,0.0077,1.1667,262.8670,-2.3594,-0.0362,0.5934,0.3060,-0.0956,-6.2424,6.7698,1.0000,0.0000,1,0,0,0,0,0.5341
230.2224,231.4348,0.0864,105.4153,4.3648,15.7135,4.3648,0.0075,0.9389,262.7705,-1.8410,-0.0342,0.6012,0.3060,-0.0923,-5.9568,5.4484,1.0000,0.0000,1,0,0,0,0,0.4307
230.2805,231.1812,0.0864,105.3832,4.4386,15.9790,4.4386,0.0069,1.2698,262.6325,-2.3761,-0.0303,0.6188,0.3060,-0.0853,-5.6463,5.3449,1.0000,0.0000,1,0,0,0,0,0.4522
230.3426,230.9061,0.0864,105.3477,4.5001,16.2004,4.5001,0.0062,0.9902,262.5275,-1.6904,-0.0264,0.6188,0.3060,-0.0761,-5.3482,4.7999,1.0000,0.0000,1,0,0,0,0,0.3813
230.3934,230.6777,0.0864,105.3178,4.5615,16.4216,4.5615,0.0050,1.2084,262.4362,-1.7965,-0.0206,0.6188,0.3060,-0.0638,-4.7615,11.5400,1.0000,0.0000,1,0,0,0,0,0.7575
230.4452,230.4424,0.0864,105.2866,4.6108,16.5988,4.6108,0.0029,0.9512,262.3894,-0.9036,-0.0147,0.6188,0.3060,-0.0325,-3.9323,16.0157,1.0000,0.0000,1,0,0,0,0,0.9493
230.4985,230.1970,0.0864,105.2538,4.6723,16.8204,4.6723,0.0005,1.1548,262.3593,-0.5646,-0.0088,0.6188,0.3060,-0.0139,-2.5256,26.3928,1.0000,0.0000,1,0,0,0,0,1.4991
230.5609,229.9061,0.0864,105.2145,4.7461,17.0858,4.7461,0.0015,1.1827,262.3435,-0.2531,-0.0049,0.6188,0.3060,-0.0051,-1.4930,16.5660,1.0000,0.0000,1,0,0,0,0,0.9391
230.6134,229.6575,0.0864,105.1812,4.7953,17.2631,4.7953,0.0029,0.9366,262.3361,-0.1422,-0.0010,0.6188,0.3060,-0.0026,-0.8307,12.6003,1.0000,0.0000,1,0,0,0,0,0.7168
230.6687,229.3928,0.0864,105.1459,4.8568,17.4844,4.8568,0.0058,1.1125,262.3291,-0.1259,0.0010,0.6188,0.3060,-0.0011,-0.4785,6.3717,1.0000,0.0000,1,0,0,0,0,0.3789
230.7274,229.1079,0.0864,105.1080,4.9305,17.7498,4.9305,0.0074,1.2558,262.3223,-0.1165,0.0049,0.6188,0.3060,-0.0004,-0.2400,4.0625,1.0000,0.0000,1,0,0,0,0,0.2547
230.7801,228.8489,0.0864,105.0735,4.9920,17.9712,4.9920,0.0081,1.1666,262.3171,-0.0984,0.0068,0.6188,0.3060,-0.0002,-0.1297,2.0930,1.0000,0.0000,1,0,0,0,0,0.1460
230.8538,228.4816,0.0864,105.0247,5.0659,18.2371,5.0658,0.0085,1.0019,262.3111,-0.0807,0.0088,0.6188,0.3060,-0.0001,-0.0664,0.8593,1.0000,0.0000,1,0,0,0,0,0.0774
230.9135,228.1801,0.0864,104.9845,5.1396,18.5026,5.1396,0.0050,1.2367,262.3055,-0.0947,0.0088,0.6188,0.3060,0.0000,-0.0293,0.6206,1.0000,0.0000,1,0,0,0,0,0.0543
230.9656,227.9135,0.0864,104.9485,5.1888,18.6798,5.1888,0.0001,0.9447,262.3021,-0.0656,0.0088,0.6188,0.3060,0.0000,-0.0134,0.3054,1.0000,0.0000,1,0,0,0,0,0.0208
231.0243,227.6095,0.0864,104.9072,5.2626,18.9454,5.2626,0.0040,1.2563,262.2969,-0.0873,0.0088,0.6188,0.3060,0.0000,-0.0069,0.1115,1.0000,0.0000,1,0,0,0,0,0.0224
231.0752,227.3430,0.0864,104.8708,5.3118,19.1225,5.3118,0.0053,0.9663,262.2935,-0.0671,0.0088,0.6188,0.3060,0.0000,-0.0038,0.0613,1.0000,0.0000,1,0,0,0,0,0.0222
231.1316,227.0445,0.0864,104.8300,5.3733,19.3438,5.3733,0.0063,1.0907,262.2892,-0.0769,0.0107,0.6188,0.3060,0.0000,-0.0019,0.0337,1.0000,0.0000,1,0,0,0,0,0.0238
231.1916,226.7230,0.0864,104.7860,5.4470,19.6094,5.4470,0.0070,1.2297,262.2840,-0.0860,0.0127,0.6188,0.3060,0.0000,-0.0009,0.0164,1.0000,0.0000,1,0,0,0,0,0.0249
231.2541,226.3836,0.0864,104.7395,5.5085,19.8306,5.5085,0.0072,0.9825,262.2797,-0.0693,0.0146,0.6188,0.3060,0.0000,-0.0004,0.0075,1.0000,0.0000,1,0,0,0,0,0.0238
231.3127,226.0619,0.0864,104.6954,5.5700,20.0521,5.5700,0.0073,1.0500,262.2755,-0.0724,0.0166,0.6188,0.3060,0.0000,-0.0002,0.0038,1.0000,0.0000,1,0,0,0,0,0.0239
231.3704,225.7410,0.0864,104.6514,5.6438,20.3177,5.6438,0.0091,1.2776,262.2896,0.2452,0.0205,0.6188,0.3060,0.0252,0.0790,1.3721,1.0000,0.0000,1,0,0,0,0,0.1141
231.4249,225.4354,0.0864,104.6094,5.7053,20.5391,5.7053,0.0126,1.1306,262.3372,0.8738,0.0225,0.6188,0.3060,0.0425,1.2169,20.9125,1.0000,0.0000,1,0,0,0,0,1.2434
231.4783,225.1321,0.0864,104.5680,5.7545,20.7162,5.7545,0.0152,0.9209,262.3887,0.9643,0.0244,0.6188,0.3060,0.0512,2.0075,14.7976,1.0000,0.0000,1,0,0,0,0,0.9152
231.5389,224.7841,0.0864,104.5206,5.8282,20.9817,5.8282,0.0188,1.2163,262.4827,1.5510,0.0283,0.6188,0.3060,0.0613,2.7442,12.1537,1.0000,0.0000,1,0,0,0,0,0.8097
231.5910,224.4820,0.0864,104.4799,5.8898,21.2031,5.8897,0.0214,1.1815,262.5736,1.7456,0.0303,0.6188,0.3060,0.0687,3.2745,10.1846,1.0000,0.0000,1,0,0,0,0,0.7173
231.6482,224.1465,0.0864,104.4350,5.9512,21.4242,5.9511,0.0236,1.0733,262.6737,1.7504,0.0322,0.6188,0.3060,0.0741,3.7983,9.1549,1.0000,0.0000,1,0,0,0,0,0.6653
231.7001,223.8389,0.0864,104.3944,6.0004,21.6013,6.0003,0.0252,0.9476,262.7604,1.6696,0.0361,0.6188,0.3060,0.0795,4.1927,7.5968,1.0000,0.0000,1,0,0,0,0,0.5778
231.7523,223.5266,0.0864,104.3536,6.0618,21.8225,6.0617,0.0275,1.1771,262.8804,2.2987,0.0401,0.6188,0.3060,0.0884,4.5988,7.7805,1.0000,0.0000,1,0,0,0,0,0.6281
231.8087,223.1854,0.0864,104.3097,6.1232,22.0437,6.1232,0.0307,1.0885,263.0209,2.4899,0.0518,0.6188,0.3060,0.1057,5.2158,10.9308,1.0000,0.0000,1,0,0,0,0,0.8208
231.8610,222.8663,0.0864,104.2694,6.1847,22.2649,6.1846,0.0356,1.1758,263.1964,3.3577,0.0635,0.6188,0.3060,0.1315,6.0848,16.6277,1.0000,0.0000,1,0,0,0,0,1.1966
231.9112,222.5568,0.0864,104.2309,6.2338,22.4419,6.2337,0.0407,0.9790,263.3677,3.4105,0.0772,0.6188,0.3060,0.1561,7.2341,22.8866,1.0000,0.0000,1,0,0,0,0,1.5589
231.9689,222.1975,0.0864,104.1874,6.3075,22.7069,6.3073,0.0506,1.2756,263.6876,5.5431,0.0929,0.6188,0.3060,0.1962,9.0893,32.1474,1.0000,0.0000,1,0,0,0,0,2.2144
232.0190,221.8824,0.0864,104.1504,6.3565,22.8834,6.3562,0.0579,0.9785,263.9412,5.0606,0.1026,0.6188,0.3060,0.2222,10.7056,32.2471,1.0000,0.0000,1,0,0,0,0,2.2094
232.0759,221.5211,0.0864,104.1096,6.4177,23.1038,6.4174,0.0672,1.0756,264.2997,6.2998,0.1104,0.6188,0.3060,0.2492,12.3750,29.3390,1.0000,0.0000,1,0,0,0,0,2.1371
232.1339,221.1490,0.0864,104.0697,6.4790,23.3244,6.4786,0.0765,1.0567,264.7010,6.9203,0.1202,0.6188,0.3060,0.2759,14.2744,32.7490,1.0000,0.0000,1,0,0,0,0,2.3809
232.1931,220.7655,0.0864,104.0310,6.5524,23.5885,6.5518,0.0872,1.2403,265.2344,9.0186,0.1300,0.6188,0.3060,0.3031,15.8552,26.7285,1.0000,0.0000,1,0,0,0,0,2.1857
232.2532,220.3717,0.0864,103.9943,6.6134,23.8082,6.6127,0.0953,1.0161,265.7137,7.9787,0.1339,0.6188,0.3060,0.3194,17.3301,24.5507,1.0000,0.0000,1,0,0,0,0,2.0233
232.3047,220.0305,0.0864,103.9651,6.6743,24.0274,6.6735,0.1027,1.1815,266.2206,9.8359,0.1398,0.6188,0.3060,0.3353,18.4499,21.7316,1.0000,0.0000,1,0,0,0,0,1.9846
232.3611,219.6535,0.0864,103.9358,6.7352,24.2466,6.7343,0.1091,1.0791,266.7487,9.3611,0.1417,0.6188,0.3060,0.3447,19.4787,18.2372,1.0000,0.0000,1,0,0,0,0,1.7763
232.4112,219.3154,0.0864,103.9123,6.7838,24.4217,6.7828,0.1135,0.9701,267.1818,8.6385,0.1417,0.6188,0.3060,0.3494,20.1617,13.6227,1.0000,0.0000,1,0,0,0,0,1.4876
232.4629,218.9639,0.0864,103.8908,6.8446,24.6405,6.8436,0.1179,1.1773,267.7311,10.6377,0.1417,0.6188,0.3060,0.3522,20.5743,7.9905,1.0000,0.0000,1,0,0,0,0,1.2933
232.5147,218.6080,0.0864,103.8722,6.9053,24.8591,6.9042,0.1214,1.1709,268.2859,10.7004,0.1417,0.6188,0.3060,0.3534,20.8817,5.9277,1.0000,0.0000,1,0,0,0,0,1.1875
232.5662,218.2513,0.0864,103.8566,6.9538,25.0337,6.9527,0.1236,0.9416,268.7327,8.6736,0.1417,0.6188,0.3060,0.3538,21.0355,2.9854,1.0000,0.0000,1,0,0,0,0,0.9144
232.6173,217.8948,0.0864,103.8441,7.0145,25.2520,7.0133,0.1261,1.1877,269.2943,10.9973,0.1417,0.6188,0.3060,0.3541,21.1327,1.9041,1.0000,0.0000,1,0,0,0,0,0.9865
232.6680,217.5381,0.0864,103.8349,7.0751,25.4703,7.0739,0.1284,1.1969,269.8592,11.1506,0.1417,0.6188,0.3060,0.3542,21.1875,1.0808,1.0000,0.0000,1,0,0,0,0,0.9518
232.7201,217.1681,0.0864,103.8286,7.1236,25.6449,7.1224,0.1300,0.9305,270.3132,8.7090,0.1417,0.6188,0.3060,0.3542,21.2208,0.6389,1.0000,0.0000,1,0,0,0,0,0.7930
232.7706,216.8071,0.0864,103.8257,7.1842,25.8631,7.1830,0.1317,1.2012,270.8806,11.2440,0.1378,0.6188,0.3060,0.3505,21.2002,0.4075,1.0000,0.0000,1,0,0,0,0,0.9222
232.8212,216.4416,0.0864,103.8261,7.2326,26.0375,7.2314,0.1318,0.9553,271.3255,8.7778,0.1280,0.6188,0.3060,0.3391,21.0206,3.5433,1.0000,0.0000,1,0,0,0,0,0.9579
232.8813,216.0051,0.0864,103.8308,7.3054,26.2993,7.3042,0.1298,1.2112,271.9641,10.6358,0.1183,0.6188,0.3060,0.3182,20.3779,10.7046,1.0000,0.0000,1,0,0,0,0,1.4520
232.9316,215.6366,0.0864,103.8383,7.3539,26.4739,7.3528,0.1268,0.9647,272.3657,7.9842,0.1104,0.6188,0.3060,0.3013,19.4826,17.8014,1.0000,0.0000,1,0,0,0,0,1.6912
232.9834,215.2536,0.0864,103.8493,7.4146,26.6925,7.4136,0.1216,1.1704,272.8336,9.0227,0.0987,0.6188,0.3060,0.2753,18.3853,21.1563,1.0000,0.0000,1,0,0,0,0,1.9226
233.0361,214.8618,0.0864,103.8638,7.4753,26.9112,7.4745,0.1151,1.1536,273.2624,8.1402,0.0909,0.6188,0.3060,0.2517,17.2335,21.8678,1.0000,0.0000,1,0,0,0,0,1.8981
233.0870,214.4804,0.0864,103.8809,7.5240,27.0865,7.5232,0.1093,0.9567,273.5772,6.1853,0.0811,0.6188,0.3060,0.2308,15.9861,24.5051,1.0000,0.0000,1,0,0,0,0,1.9229
233.1399,214.0811,0.0864,103.9016,7.5850,27.3058,7.5843,0.1010,1.1511,273.9296,6.6592,0.0655,0.6188,0.3060,0.2000,14.3597,30.7338,1.0000,0.0000,1,0,0,0,0,2.2770
233.1916,213.6883,0.0864,103.9245,7.6460,27.5257,7.6455,0.0912,1.1822,274.2296,5.8057,0.0538,0.6188,0.3060,0.1681,12.7829,30.5201,1.0000,0.0000,1,0,0,0,0,2.1969
233.2504,213.2382,0.0864,103.9537,7.7071,27.7457,7.7067,0.0804,1.0398,274.4771,4.2114,0.0401,0.6188,0.3060,0.1358,10.8920,32.1793,1.0000,0.0000,1,0,0,0,0,2.1781
233.3026,212.8350,0.0864,103.9819,7.7683,27.9659,7.7680,0.0687,1.1711,274.6690,3.6746,0.0244,0.6168,0.3060,0.1011,9.0746,34.7843,1.0000,0.0000,1,0,0,0,0,2.2692
233.3542,212.4340,0.0864,104.0118,7.8174,28.1427,7.8172,0.0578,0.9515,274.7748,2.0509,0.0166,0.6051,0.3060,0.0629,7.0867,38.5325,1.0000,0.0000,1,0,0,0,0,2.3656
233.4314,211.8289,0.0864,104.0592,7.9033,28.4517,7.9032,0.0369,1.1124,274.8499,0.9731,0.0029,0.5758,0.3060,0.0193,4.6072,32.1267,1.0000,0.0000,1,0,0,0,0,1.9089
233.4822,211.4272,0.0864,104.0918,7.9647,28.6731,7.9647,0.0260,1.2108,274.8661,0.3191,-0.0088,0.5113,0.3060,0.0083,2.3389,44.6682,1.0000,0.0000,1,0,0,0,0,2.5483
233.5332,211.0207,0.0864,104.1252,8.0262,28.8943,8.0262,0.0188,1.2040,274.8707,0.0897,-0.0166,0.4702,0.3060,0.0036,1.4175,18.0518,1.0000,0.0000,1,0,0,0,0,1.0430
233.5915,210.5531,0.0864,104.1640,8.0878,29.1159,8.0878,0.0098,1.0567,274.8340,-0.6307,-0.0245,0.4389,0.3060,-0.0311,0.2831,19.4730,1.0000,0.0000,1,0,0,0,0,1.1351
233.6440,210.1285,0.0864,104.1993,8.1492,29.3371,8.1492,0.0006,1.1700,274.7480,-1.6373,-0.0323,0.4116,0.3060,-0.0562,-1.0690,25.7512,1.0000,0.0000,1,0,0,0,0,1.5228
233.7049,209.6317,0.0864,104.2404,8.2107,29.5585,8.2107,0.0113,1.0087,274.6206,-2.0896,-0.0401,0.4037,0.3060,-0.0779,-2.6229,25.4845,1.0000,0.0000,1,0,0,0,0,1.5525
233.7626,209.1580,0.0864,104.2789,8.2722,29.7800,8.2722,0.0214,1.0671,274.4577,-2.8258,-0.0479,0.4037,0.3060,-0.0975,-4.0403,24.5876,1.0000,0.0000,1,0,0,0,0,1.5617
233.8153,208.7217,0.0864,104.3134,8.3337,30.0012,8.3336,0.0308,1.1661,274.2628,-3.6977,-0.0518,0.4037,0.3060,-0.1136,-5.0841,19.8036,1.0000,0.0000,1,0,0,0,0,1.3610
233.8662,208.2975,0.0864,104.3460,8.3951,30.2222,8.3950,0.0397,1.2064,274.0378,-4.4222,-0.0577,0.4037,0.3060,-0.1298,-6.1937,21.8059,1.0000,0.0000,1,0,0,0,0,1.5280
233.9405,207.6730,0.0864,104.3918,8.4688,30.4877,8.4687,0.0492,0.9928,273.7364,-4.0575,-0.0596,0.4037,0.3060,-0.1418,-7.1526,12.9088,1.0000,0.0000,1,0,0,0,0,1.0296
233.9925,207.2315,0.0864,104.4222,8.5302,30.7086,8.5300,0.0553,1.1790,273.4689,-5.1387,-0.0616,0.4037,0.3060,-0.1484,-8.0790,17.7993,1.0000,0.0000,1,0,0,0,0,1.3716
234.0513,206.7291,0.0864,104.4548,8.5915,30.9296,8.5913,0.0606,1.0434,273.1887,-4.7637,-0.0655,0.4037,0.3060,-0.1554,-8.5844,8.5920,1.0000,0.0000,1,0,0,0,0,0.8478
234.1128,206.1993,0.0864,104.4865,8.6651,31.1943,8.6648,0.0662,1.1955,272.8348,-5.7539,-0.0675,0.4037,0.3060,-0.1627,-9.0950,8.3006,1.0000,0.0000,1,0,0,0,0,0.8955
234.1662,205.7363,0.0864,104.5120,8.7264,31.4151,8.7261,0.0703,1.1497,272.5285,-5.7414,-0.0675,0.4037,0.3060,-0.1661,-9.4610,6.8619,1.0000,0.0000,1,0,0,0,0,0.8211
234.2200,205.2663,0.0864,104.5355,8.7754,31.5915,8.7751,0.0734,0.9114,272.2773,-4.6731,-0.0694,0.4037,0.3060,-0.1697,-9.7898,6.1144,1.0000,0.0000,1,0,0,0,0,0.7247
234.2706,204.8203,0.0864,104.5557,8.8367,31.8120,8.8363,0.0768,1.2082,271.9547,-6.3630,-0.0714,0.4037,0.3060,-0.1743,-10.0442,5.0197,1.0000,0.0000,1,0,0,0,0,0.7628
234.3221,204.3647,0.0864,104.5740,8.8979,32.0325,8.8976,0.0800,1.1910,271.6244,-6.4224,-0.0714,0.4037,0.3060,-0.1766,-10.2704,4.3963,1.0000,0.0000,1,0,0,0,0,0.7359
234.3832,203.8192,0.0864,104.5929,8.9591,32.2528,8.9587,0.0827,1.0008,271.2899,-5.4699,-0.0714,0.4037,0.3060,-0.1777,-10.4607,3.1137,1.0000,0.0000,1,0,0,0,0,0.6153
234.4490,203.2281,0.0864,104.6095,9.0326,32.5172,9.0322,0.0851,1.1174,270.8852,-6.1565,-0.0714,0.4037,0.3060,-0.1781,-10.5631,1.5574,1.0000,0.0000,1,0,0,0,0,0.5699
234.5039,202.7301,0.0864,104.6204,9.0938,32.7375,9.0933,0.0868,1.1134,270.5459,-6.1743,-0.0714,0.4037,0.3060,-0.1783,-10.6448,1.4858,1.0000,0.0000,1,0,0,0,0,0.5687
234.5595,202.2226,0.0864,104.6285,9.1549,32.9578,9.1545,0.0883,1.0999,270.2048,-6.1328,-0.0714,0.4037,0.3060,-0.1784,-10.6732,0.5115,1.0000,0.0000,1,0,0,0,0,0.5137
234.6154,201.7094,0.0864,104.6337,9.2161,33.1781,9.2157,0.0896,1.0953,269.8622,-6.1300,-0.0714,0.4037,0.3060,-0.1784,-10.6883,0.2691,1.0000,0.0000,1,0,0,0,0,0.5013
234.6658,201.2439,0.0864,104.6358,9.2773,33.3982,9.2768,0.0901,1.2141,269.5227,-6.7424,-0.0655,0.4037,0.3060,-0.1735,-10.6488,0.7837,1.0000,0.0000,1,0,0,0,0,0.5639
234.7192,200.7466,0.0864,104.6352,9.3263,33.5747,9.3259,0.0894,0.9171,269.2613,-4.8898,-0.0616,0.4037,0.3060,-0.1654,-10.4061,4.5401,1.0000,0.0000,1,0,0,0,0,0.6676
234.7758,200.2175,0.0864,104.6316,9.3874,33.7948,9.3870,0.0858,1.0814,268.9577,-5.3710,-0.0518,0.4037,0.3060,-0.1492,-9.8752,9.3933,1.0000,0.0000,1,0,0,0,0,0.9574
234.8305,199.7014,0.0864,104.6252,9.4487,34.0153,9.4484,0.0800,1.1186,268.6855,-4.9713,-0.0459,0.4037,0.3060,-0.1324,-9.1232,13.7301,1.0000,0.0000,1,0,0,0,0,1.1659
234.8861,199.1742,0.0864,104.6160,9.5099,34.2357,9.5096,0.0730,1.1013,268.4432,-4.3579,-0.0401,0.4037,0.3060,-0.1169,-8.2403,15.8845,1.0000,0.0000,1,0,0,0,0,1.2397
234.9442,198.6203,0.0864,104.6035,9.5835,34.5005,9.5833,0.0637,1.2673,268.1909,-4.3470,-0.0323,0.4037,0.3060,-0.0981,-7.3028,16.1515,1.0000,0.0000,1,0,0,0,0,1.2385
235.0007,198.0768,0.0864,104.5890,9.6448,34.7214,9.6447,0.0560,1.0851,268.0103,-3.1929,-0.0284,0.4037,0.3060,-0.0848,-6.3342,17.1235,1.0000,0.0000,1,0,0,0,0,1.2158
235.0567,197.5352,0.0864,104.5723,9.7063,34.9425,9.7061,0.0482,1.0961,267.8570,-2.7364,-0.0225,0.4037,0.3060,-0.0703,-5.4938,14.9984,1.0000,0.0000,1,0,0,0,0,1.0597
235.1069,197.0470,0.0864,104.5558,9.7554,35.1193,9.7553,0.0407,0.9785,267.7607,-1.9191,-0.0166,0.4037,0.3060,-0.0467,-4.7269,15.2814,1.0000,0.0000,1,0,0,0,0,1.0182
235.1646,196.4824,0.0864,104.5352,9.8291,35.3848,9.8291,0.0244,1.2780,267.6915,-1.1988,-0.0127,0.4037,0.3060,-0.0170,-3.1435,27.4386,1.0000,0.0000,1,0,0,0,0,1.6282
235.2271,195.8673,0.0864,104.5113,9.8906,35.6061,9.8906,0.0132,0.9845,267.6663,-0.4042,-0.0069,0.4037,0.3060,-0.0073,-1.8656,20.4657,1.0000,0.0000,1,0,0,0,0,1.1795
235.2791,195.3512,0.0864,104.4907,9.9521,35.8275,9.9521,0.0053,1.1812,267.6530,-0.2556,-0.0029,0.4037,0.3060,-0.0031,-1.1166,14.3867,1.0000,0.0000,1,0,0,0,0,0.8214
235.3353,194.7911,0.0864,104.4677,10.0136,36.0489,10.0136,0.0002,1.0949,267.6448,-0.1456,0.0010,0.4037,0.3060,-0.0013,-0.5832,9.4969,1.0000,0.0000,1,0,0,0,0,0.5360
235.3855,194.2872,0.0864,104.4469,10.0628,36.2261,10.0628,0.0024,0.9796,267.6399,-0.0972,0.0049,0.4037,0.3060,-0.0007,-0.3386,4.8687,1.0000,0.0000,1,0,0,0,0,0.2794
235.4359,193.7794,0.0864,104.4257,10.1243,36.4473,10.1243,0.0046,1.2211,267.6347,-0.1025,0.0088,0.4037,0.3060,-0.0003,-0.1883,2.9865,1.0000,0.0000,1,0,0,0,0,0.1784
235.4933,193.1963,0.0864,104.4012,10.1858,36.6688,10.1858,0.0058,1.0707,267.6301,-0.0813,0.0146,0.4037,0.3060,-0.0001,-0.0930,1.6581,1.0000,0.0000,1,0,0,0,0,0.1051
235.5462,192.6573,0.0864,104.3785,10.2473,36.8902,10.2473,0.0066,1.1646,267.6257,-0.0821,0.0166,0.4037,0.3060,-0.0001,-0.0522,0.7726,1.0000,0.0000,1,0,0,0,0,0.0571
235.6009,192.0952,0.0864,104.3547,10.3087,37.1114,10.3087,0.0076,1.1223,267.6246,-0.0201,0.0205,0.4037,0.3060,0.0079,-0.0255,0.4881,1.0000,0.0000,1,0,0,0,0,0.0393
235.6521,191.5666,0.0864,104.3324,10.3580,37.2887,10.3580,0.0133,0.9618,267.6579,0.6492,0.0205,0.4037,0.3060,0.0292,0.5339,10.9262,1.0000,0.0000,1,0,0,0,0,0.6623
235.7136,190.9275,0.0864,104.3055,10.4317,37.5542,10.4317,0.0247,1.1989,267.7532,1.5501,0.0225,0.4037,0.3060,0.0464,1.5038,15.7643,1.0000,0.0000,1,0,0,0,0,0.9975
235.7658,190.3824,0.0864,104.2830,10.4932,37.7756,10.4932,0.0326,1.1788,267.8525,1.9035,0.0225,0.4037,0.3060,0.0520,2.2146,13.6305,1.0000,0.0000,1,0,0,0,0,0.9096
235.8255,189.7550,0.0864,104.2578,10.5546,37.9967,10.5546,0.0381,1.0293,267.9596,1.7944,0.0225,0.4037,0.3060,0.0544,2.7304,8.6423,1.0000,0.0000,1,0,0,0,0,0.6340
235.8836,189.1400,0.0864,104.2341,10.6161,38.2179,10.6160,0.0421,1.0571,268.0712,1.9197,0.0244,0.4037,0.3060,0.0568,3.0580,5.6363,1.0000,0.0000,1,0,0,0,0,0.4792
235.9395,188.5446,0.0864,104.2122,10.6775,38.4391,10.6774,0.0453,1.0986,268.1892,2.1102,0.0244,0.4037,0.3060,0.0592,3.2665,3.7280,1.0000,0.0000,1,0,0,0,0,0.3880
236.0044,187.8494,0.0864,104.1881,10.7512,38.7043,10.7511,0.0483,1.1350,268.3355,2.2534,0.0244,0.4037,0.3060,0.0604,3.4209,2.3789,1.0000,0.0000,1,0,0,0,0,0.3247
236.0621,187.2277,0.0864,104.1679,10.8126,38.9253,10.8125,0.0499,1.0644,268.4594,2.1481,0.0244,0.4037,0.3060,0.0608,3.5531,2.2906,1.0000,0.0000,1,0,0,0,0,0.3159
236.1230,186.5675,0.0864,104.1479,10.8863,39.1907,10.8862,0.0518,1.2113,268.6110,2.4914,0.0264,0.4037,0.3060,0.0629,3.6199,1.0985,1.0000,0.0000,1,0,0,0,0,0.2708
236.1816,185.9275,0.0864,104.1299,10.9477,39.4118,10.9476,0.0539,1.0469,268.7453,2.2898,0.0303,0.4037,0.3060,0.0673,3.7411,2.0666,1.0000,0.0000,1,0,0,0,0,0.3158
236.2343,185.3495,0.0864,104.1150,11.0091,39.6327,11.0089,0.0574,1.1654,268.8936,2.8160,0.0322,0.4076,0.3060,0.0741,3.9672,4.2935,1.0000,0.0000,1,0,0,0,0,0.4732
236.2845,184.7961,0.0864,104.1020,11.0582,39.8096,11.0580,0.0612,0.9791,269.0249,2.6162,0.0322,0.4096,0.3060,0.0773,4.2337,5.3109,1.0000,0.0000,1,0,0,0,0,0.5234
236.3352,184.2332,0.0864,104.0900,11.1196,40.0305,11.1194,0.0669,1.2091,269.2037,3.5221,0.0342,0.4096,0.3060,0.0820,4.4966,5.1789,1.0000,0.0000,1,0,0,0,0,0.5736
236.3868,183.6585,0.0864,104.0794,11.1809,40.2511,11.1807,0.0642,1.1886,269.3820,3.4584,0.0342,0.4096,0.3060,0.0840,4.7216,4.3641,1.0000,0.0000,1,0,0,0,0,0.5207
236.4473,182.9808,0.0864,104.0692,11.2423,40.4722,11.2421,0.0673,1.0154,269.5612,2.9629,0.0342,0.4096,0.3060,0.0848,4.9069,3.0645,1.0000,0.0000,1,0,0,0,0,0.4247
236.5220,182.1371,0.0864,104.0592,11.3282,40.7814,11.3280,0.0719,1.1489,269.8150,3.3951,0.0342,0.4096,0.3060,0.0853,5.0146,1.4409,1.0000,0.0000,1,0,0,0,0,0.3638
236.5742,181.5442,0.0864,104.0542,11.3895,41.0022,11.3893,0.0739,1.1738,269.9977,3.4969,0.0342,0.4096,0.3060,0.0854,5.0765,1.1844,1.0000,0.0000,1,0,0,0,0,0.3574
236.6322,180.8825,0.0864,104.0507,11.4508,41.2230,11.4506,0.0754,1.0583,270.1812,3.1669,0.0342,0.4096,0.3060,0.0855,5.1025,0.4482,1.0000,0.0000,1,0,0,0,0,0.2996
236.6915,180.2013,0.0864,104.0494,11.5121,41.4436,11.5119,0.0762,1.0328,270.3642,3.0846,0.0303,0.4096,0.3060,0.0833,5.1111,0.1453,1.0000,0.0000,1,0,0,0,0,0.2787
236.7498,179.5292,0.0864,104.0503,11.5734,41.6644,11.5732,0.0751,1.0535,270.5371,2.9693,0.0283,0.4096,0.3060,0.0776,4.9635,2.5354,1.0000,0.0000,1,0,0,0,0,0.4031
236.8033,178.9073,0.0864,104.0531,11.6347,41.8850,11.6345,0.0719,1.1438,270.6932,2.9140,0.0225,0.4096,0.3060,0.0683,4.6667,5.5388,1.0000,0.0000,1,0,0,0,0,0.5623
236.8618,178.2251,0.0864,104.0581,11.6961,42.1059,11.6959,0.0661,1.0495,270.8255,2.2631,0.0186,0.4096,0.3060,0.0515,4.2382,7.3310,1.0000,0.0000,1,0,0,0,0,0.6178
236.9212,177.5278,0.0864,104.0652,11.7698,42.3712,11.7697,0.0491,1.2398,270.9001,1.2539,0.0166,0.4096,0.3060,0.0187,3.0758,19.5573,1.0000,0.0000,1,0,0,0,0,1.2187
236.9827,176.8024,0.0864,104.0741,11.8312,42.5924,11.8312,0.0351,0.9993,270.9217,0.3519,0.0166,0.4096,0.3060,0.0080,1.8276,20.3039,1.0000,0.0000,1,0,0,0,0,1.1921
237.0391,176.1337,0.0864,104.0832,11.8926,42.8135,11.8926,0.0249,1.0898,270.9286,0.1224,0.0166,0.4096,0.3060,0.0035,1.2190,10.7971,1.0000,0.0000,1,0,0,0,0,0.6381
237.1060,175.3352,0.0864,104.0948,11.9664,43.0792,11.9664,0.0295,1.1030,271.0002,1.0696,0.0322,0.4096,0.3060,0.0452,1.2070,0.1797,1.0000,0.0000,1,0,0,0,0,0.1064
237.1639,174.6403,0.0864,104.1056,12.0402,43.3445,12.0400,0.0513,1.2733,271.1905,3.2873,0.0518,0.4096,0.3060,0.0903,2.7662,26.9341,1.0000,0.0000,1,0,0,0,0,1.7429
237.2218,173.9419,0.0864,104.1178,12.1015,43.5653,12.1012,0.0780,1.0595,271.4498,4.4802,0.0694,0.4585,0.3060,0.1313,4.6937,33.2943,1.0000,0.0000,1,0,0,0,0,2.1952
237.2737,173.3125,0.0864,104.1305,12.1628,43.7862,12.1623,0.1091,1.1819,271.8006,6.7572,0.0850,0.5523,0.3060,0.1702,6.7682,39.9624,1.0000,0.0000,1,0,0,0,0,2.7301
237.3267,172.6662,0.0864,104.1461,12.2116,43.9618,12.2109,0.1367,0.9198,272.1516,6.6180,0.1026,0.6266,0.3060,0.2066,8.7541,37.4419,1.0000,0.0000,1,0,0,0,0,2.6156
237.3771,172.0500,0.0864,104.1642,12.2725,44.1808,12.2712,0.1768,1.2080,272.6968,10.8273,0.1222,0.6970,0.3060,0.2571,11.1138,46.8619,1.0000,0.0000,1,0,0,0,0,3.4211
237.4273,171.4324,0.0864,104.1864,12.3208,44.3548,12.3190,0.2107,0.9614,273.2138,10.2866,0.1339,0.7283,0.3060,0.2922,13.8992,55.4178,1.0000,0.0000,1,0,0,0,0,3.9068
237.4891,170.6693,0.0864,104.2206,12.3927,44.6136,12.3899,0.2633,1.1634,274.1213,14.6849,0.1554,0.7556,0.3060,0.3441,16.5482,42.8653,1.0000,0.0000,1,0,0,0,0,3.5159
237.5533,169.8736,0.0864,104.2660,12.4637,44.8693,12.4597,0.3144,1.1074,275.1688,16.3287,0.1691,0.7595,0.3060,0.3901,18.9468,37.3915,1.0000,0.0000,1,0,0,0,0,3.3628
237.6106,169.1591,0.0864,104.3170,12.5221,45.0794,12.5170,0.3545,1.0176,276.1377,16.8962,0.1906,0.7595,0.3060,0.4321,22.4407,60.9318,1.0000,0.0000,1,0,0,0,0,4.7484
237.6624,168.5114,0.0864,104.3724,12.5796,45.2864,12.5734,0.3953,1.1103,277.2037,20.5779,0.2023,0.7595,0.3060,0.4688,24.6160,41.9904,1.0000,0.0000,1,0,0,0,0,3.9474
237.7198,167.7928,0.0864,104.4455,12.6362,45.4905,12.6288,0.4326,0.9885,278.3450,19.9090,0.2062,0.7595,0.3060,0.4946,26.8189,38.4276,1.0000,0.0000,1,0,0,0,0,3.7544
237.7727,167.1272,0.0864,104.5250,12.6810,45.6516,12.6727,0.4582,0.8453,279.2971,17.9827,0.2121,0.7595,0.3060,0.5107,28.5289,32.2955,1.0000,0.0000,1,0,0,0,0,3.3352
237.8239,166.4830,0.0864,104.6137,12.7362,45.8502,12.7269,0.4867,1.0787,280.5311,24.1247,0.2199,0.7595,0.3060,0.5293,29.7274,23.4315,1.0000,0.0000,1,0,0,0,0,3.2152
237.8772,165.8111,0.0864,104.7191,12.7907,46.0467,12.7804,0.5133,1.0239,281.8168,24.1225,0.2297,0.7595,0.3060,0.5509,30.8976,21.9563,1.0000,0.0000,1,0,0,0,0,3.1619
237.9337,165.0976,0.0864,104.8463,12.8446,46.2405,12.8332,0.5399,0.9521,283.1600,23.7592,0.2395,0.7595,0.3060,0.5735,32.3439,25.5818,1.0000,0.0000,1,0,0,0,0,3.3716
237.9931,164.3475,0.0864,104.9980,12.8976,46.4314,12.8852,0.5650,0.8917,284.5631,23.5971,0.2493,0.7595,0.3060,0.5960,33.8360,25.0930,1.0000,0.0000,1,0,0,0,0,3.3621
238.0684,163.3992,0.0864,105.2182,12.9706,46.6940,12.9566,0.6018,0.9696,286.6323,27.4951,0.2551,0.7595,0.3060,0.6229,35.2763,19.1384,1.0000,0.0000,1,0,0,0,0,3.2867
238.1210,162.7380,0.0864,105.3919,13.0209,46.8752,13.0068,0.6057,0.9565,288.1700,29.2341,0.2649,0.7595,0.3060,0.6436,36.7807,28.6029,1.0000,0.0000,1,0,0,0,0,3.9109
238.1811,161.9857,0.0864,105.6119,13.0707,47.0544,13.0564,0.6105,0.8284,289.7563,26.4007,0.2766,0.7595,0.3060,0.6654,38.0451,21.0414,1.0000,0.0000,1,0,0,0,0,3.3363
238.2353,161.3108,0.0864,105.8307,13.1195,47.2303,13.1051,0.6139,0.9020,291.4043,30.4225,0.2864,0.7595,0.3060,0.6911,39.4443,25.8306,1.0000,0.0000,1,0,0,0,0,3.8271
238.2877,160.6613,0.0864,106.0616,13.1678,47.4041,13.1534,0.6165,0.9209,293.1080,32.4865,0.2903,0.7595,0.3060,0.7091,40.6046,22.1258,1.0000,0.0000,1,0,0,0,0,3.7363
238.3476,159.9258,0.0864,106.3486,13.2154,47.5755,13.2009,0.6187,0.7954,294.8542,29.1710,0.2981,0.7595,0.3060,0.7245,41.8979,21.6043,1.0000,0.0000,1,0,0,0,0,3.5230
238.4085,159.1839,0.0864,106.6672,13.2720,47.7793,13.2574,0.6221,0.9286,297.0163,35.4683,0.3079,0.7595,0.3060,0.7482,43.0979,19.6854,1.0000,0.0000,1,0,0,0,0,3.7672
238.4693,158.4527,0.0864,107.0120,13.3185,47.9467,13.3039,0.6246,0.7648,298.8735,30.5430,0.3138,0.7595,0.3060,0.7663,44.3043,19.8397,1.0000,0.0000,1,0,0,0,0,3.5025
238.5300,157.7330,0.0864,107.3836,13.3735,48.1446,13.3587,0.6284,0.9057,301.1746,37.9095,0.3274,0.7595,0.3060,0.7929,45.6273,21.7970,1.0000,0.0000,1,0,0,0,0,4.0219
238.5823,157.1224,0.0864,107.7263,13.4098,48.2753,13.3950,0.6296,0.6942,302.7686,30.4904,0.3353,0.7595,0.3060,0.8137,46.4745,16.2050,1.0000,0.0000,1,0,0,0,0,3.2984
238.6472,156.3781,0.0864,108.1813,13.4630,48.4669,13.4480,0.6363,0.8196,305.2514,38.2411,0.3509,0.7595,0.3060,0.8492,48.5070,31.3046,1.0000,0.0000,1,0,0,0,0,4.5726
238.7033,155.7488,0.0864,108.6016,13.5065,48.6234,13.4914,0.6377,0.7750,307.3978,38.2556,0.3626,0.7595,0.3060,0.8764,50.3326,32.5388,1.0000,0.0000,1,0,0,0,0,4.6412
238.7540,155.1928,0.0864,109.0030,13.5491,48.7767,13.5338,0.6432,0.8400,309.6122,43.6851,0.3705,0.7595,0.3060,0.9012,51.7735,28.4257,1.0000,0.0000,1,0,0,0,0,4.7183
238.8062,154.6343,0.0864,109.4375,13.5909,48.9272,13.5755,0.6463,0.8014,311.8817,43.5034,0.3763,0.7595,0.3060,0.9212,53.0383,24.2447,1.0000,0.0000,1,0,0,0,0,4.4770
238.8614,154.0597,0.0864,109.9216,13.6321,49.0757,13.6167,0.6492,0.7471,314.2058,42.0984,0.3841,0.7595,0.3060,0.9409,54.4558,25.6752,1.0000,0.0000,1,0,0,0,0,4.4795
238.9120,153.5490,0.0864,110.3870,13.6645,49.1924,13.6490,0.6511,0.6401,316.1007,37.4274,0.3881,0.7595,0.3060,0.9538,55.5193,21.0063,1.0000,0.0000,1,0,0,0,0,3.9610
238.9637,153.0451,0.0864,110.8829,13.7048,49.3372,13.6892,0.6541,0.7783,318.5157,46.7287,0.3978,0.7595,0.3060,0.9733,56.5900,20.7182,1.0000,0.0000,1,0,0,0,0,4.4630
239.0162,152.5521,0.0864,111.4082,13.7443,49.4795,13.7286,0.6565,0.7534,320.9791,46.9302,0.4018,0.7595,0.3060,0.9880,57.7635,22.3569,1.0000,0.0000,1,0,0,0,0,4.5658
239.0677,152.0889,0.0864,111.9440,13.7756,49.5920,13.7598,0.6576,0.6065,322.9721,38.7004,0.4076,0.7595,0.3060,0.9939,58.5141,14.5737,1.0000,0.0000,1,0,0,0,0,3.6757
239.1273,151.5785,0.0864,112.5890,13.8223,49.7604,13.8066,0.6589,0.7849,325.9816,50.4936,0.4115,0.7595,0.3060,0.9978,59.2037,11.5714,1.0000,0.0000,1,0,0,0,0,4.1631
239.1852,151.1113,0.0864,113.2397,13.8611,49.8999,13.8454,0.6596,0.6694,328.5005,43.5113,0.4154,0.7595,0.3060,0.9990,59.5652,6.2447,1.0000,0.0000,1,0,0,0,0,3.4781
239.2355,150.7286,0.0864,113.8241,13.8920,50.0111,13.8763,0.6601,0.6135,330.5210,40.1255,0.4193,0.7595,0.3060,0.9995,59.7491,3.6522,1.0000,0.0000,1,0,0,0,0,3.1448
239.2874,150.3584,0.0864,114.4430,13.9306,50.1503,13.9150,0.6608,0.7459,333.0522,48.8319,0.4193,0.7595,0.3060,0.9998,59.8623,2.1832,1.0000,0.0000,1,0,0,0,0,3.5457
239.3397,150.0103,0.0864,115.0838,13.9691,50.2888,13.9534,0.6615,0.7357,335.5889,48.5112,0.4213,0.7595,0.3060,0.9999,59.9257,1.2129,1.0000,0.0000,1,0,0,0,0,3.4727
239.3999,149.6422,0.0864,115.8411,14.0075,50.4269,13.9918,0.6620,0.6372,338.1310,42.2200,0.4213,0.7595,0.3060,1.0000,59.9637,0.6311,1.0000,0.0000,1,0,0,0,0,3.0895
239.4509,149.3586,0.0864,116.4973,14.0459,50.5651,14.0303,0.6608,0.7533,340.6811,50.0359,0.4213,0.7595,0.3060,1.0000,59.9816,0.3497,1.0000,0.0000,1,0,0,0,0,3.5049
239.5016,149.1029,0.0864,117.1628,14.0769,50.6767,14.0613,0.6612,0.6109,342.7237,40.2726,0.4213,0.7595,0.3060,1.0000,59.9900,0.1665,1.0000,0.0000,1,0,0,0,0,2.9512
239.5541,148.8662,0.0864,117.8651,14.1155,50.8157,14.0999,0.6637,0.7345,345.2815,48.6583,0.4213,0.7498,0.3060,1.0000,59.9943,0.0821,1.0000,0.0000,1,0,0,0,0,3.4131
239.6144,148.6306,0.0864,118.6840,14.1536,50.9530,14.1380,0.6642,0.6326,347.8436,42.4976,0.4193,0.7302,0.3060,1.0000,59.9969,0.0435,1.0000,0.0000,1,0,0,0,0,3.0673
239.6684,148.4535,0.0864,119.4280,14.1917,51.0899,14.1761,0.6649,0.7051,350.4109,47.5815,0.4096,0.7146,0.3060,1.0000,59.9988,0.0338,1.0000,0.0000,1,0,0,0,0,3.3480
239.7210,148.3118,0.0864,120.1623,14.2295,51.2263,14.2140,0.6654,0.7198,352.9826,48.8669,0.3939,0.6931,0.3060,0.9962,59.9898,0.1698,1.0000,0.0000,1,0,0,0,0,3.4257
239.7735,148.2013,0.0864,120.9023,14.2677,51.3636,14.2523,0.6628,0.7263,355.5276,48.4561,0.3763,0.6755,0.3060,0.9725,59.6006,7.4115,1.0000,0.0000,1,0,0,0,0,3.8006
239.8334,148.1132,0.0864,121.7525,14.3066,51.5036,14.2914,0.6592,0.6498,357.9998,41.3216,0.3587,0.6579,0.3060,0.9387,58.4848,18.6499,1.0000,0.0000,1,0,0,0,0,4.0229
239.8869,148.0674,0.0864,122.5174,14.3465,51.6473,14.3315,0.6546,0.7463,0.3709,44.3223,0.3431,0.6383,0.3060,0.9010,56.8453,30.6455,1.0000,0.0000,1,0,0,0,0,4.8493
239.9462,148.0519,0.0864,123.3700,14.3876,51.7953,14.3729,0.6499,0.6927,2.6460,38.3284,0.3274,0.6070,0.3060,0.8613,54.9535,31.8715,1.0000,0.0000,1,0,0,0,0,4.5776
240.0056,148.0723,0.0864,124.2254,14.4383,51.9780,14.4239,0.6446,0.8545,5.2456,43.7859,0.3099,0.5836,0.3060,0.8142,52.5701,40.1446,1.0000,0.0000,1,0,0,0,0,5.3325
240.0567,148.1174,0.0864,124.9633,14.4730,52.1028,14.4588,0.6408,0.6777,6.9013,32.3697,0.2962,0.5601,0.3060,0.7832,50.1074,48.1480,1.0000,0.0000,1,0,0,0,0,5.1374
240.1089,148.1888,0.0864,125.7168,14.5172,52.2621,14.5033,0.6360,0.8475,8.8798,37.8910,0.2786,0.5347,0.3060,0.7416,48.1390,37.6980,1.0000,0.0000,1,0,0,0,0,4.8565
240.1721,148.3076,0.0864,126.6269,14.5720,52.4594,14.5584,0.6295,0.8684,11.1129,35.3843,0.2551,0.5171,0.3060,0.6872,45.4043,43.3313,1.0000,0.0000,1,0,0,0,0,5.0210
240.2252,148.4335,0.0864,127.3917,14.6096,52.5946,14.5963,0.6243,0.7072,12.5012,26.1300,0.2375,0.5034,0.3060,0.6469,42.4766,55.1031,1.0000,0.0000,1,0,0,0,0,5.1539
240.2791,148.5843,0.0864,128.1671,14.6578,52.7680,14.6448,0.6179,0.8925,14.1182,29.9688,0.2160,0.4819,0.3060,0.5953,40.0711,44.5836,1.0000,0.0000,1,0,0,0,0,4.7741
240.3380,148.7728,0.0864,129.0108,14.7174,52.9827,14.7048,0.6104,1.0133,15.8888,30.0783,0.1926,0.4643,0.3060,0.5350,36.8527,54.6719,1.0000,0.0000,1,0,0,0,0,5.3305
240.3894,148.9566,0.0864,129.7453,14.7583,53.1297,14.7459,0.6052,0.7946,16.9660,20.9592,0.1769,0.4526,0.3060,0.4950,33.8124,59.1586,1.0000,0.0000,1,0,0,0,0,5.0661
240.4408,149.1563,0.0864,130.4777,14.8106,53.3183,14.7986,0.5967,1.0202,18.1804,23.6521,0.1496,0.4526,0.3060,0.4361,31.2027,50.8265,1.0000,0.0000,1,0,0,0,0,4.7420
240.4976,149.3951,0.0864,131.2868,14.8638,53.5096,14.8529,0.5693,0.9345,19.2493,18.7957,0.1261,0.4526,0.3060,0.3811,27.8449,59.0436,1.0000,0.0000,1,0,0,0,0,4.8989
240.5529,149.6443,0.0864,132.0723,14.9181,53.7050,14.9089,0.5232,0.9809,20.1704,16.6481,0.1046,0.4526,0.3060,0.3240,24.3141,63.8165,1.0000,0.0000,1,0,0,0,0,4.9964
240.6054,149.8945,0.0864,132.8146,14.9735,53.9046,14.9662,0.4672,1.0577,20.9469,14.8108,0.0870,0.4526,0.3060,0.2717,21.4337,54.9387,1.0000,0.0000,1,0,0,0,0,4.3430
240.6637,150.1877,0.0864,133.6394,15.0304,54.1093,15.0249,0.4068,0.9740,21.5871,10.9684,0.0655,0.4526,0.3060,0.2210,17.8984,60.5723,1.0000,0.0000,1,0,0,0,0,4.3805
240.7152,150.4578,0.0864,134.3655,15.0884,54.3183,15.0847,0.3373,1.1284,22.0991,9.9503,0.0479,0.4526,0.3060,0.1712,14.9569,57.1685,1.0000,0.0000,1,0,0,0,0,4.0642
240.7746,150.7815,0.0864,135.2034,15.1477,54.5316,15.1453,0.2685,0.9971,22.4731,6.2948,0.0264,0.4526,0.3060,0.1199,11.7104,54.6383,1.0000,0.0000,1,0,0,0,0,3.6510
240.8271,151.0758,0.0864,135.9432,15.2078,54.7482,15.2065,0.2002,1.1465,22.6886,4.1073,0.0088,0.4506,0.3060,0.0564,8.4120,62.8575,1.0000,0.0000,1,0,0,0,0,3.9177
240.8840,151.4020,0.0864,136.7470,15.2686,54.9669,15.2680,0.1377,1.0674,22.7790,1.5876,-0.0088,0.4506,0.3060,0.0242,5.3770,53.3100,1.0000,0.0000,1,0,0,0,0,3.1851
240.9375,151.7131,0.0864,137.5033,15.3298,55.1871,15.3295,0.0872,1.1435,22.8019,0.4281,-0.0225,0.4506,0.3060,-0.0057,3.3519,37.8653,1.0000,0.0000,1,0,0,0,0,2.2127
240.9895,152.0189,0.0864,138.2406,15.3788,55.3638,15.3788,0.0416,0.9443,22.7284,-1.4134,-0.0401,0.4506,0.3060,-0.0469,1.0985,43.3584,1.0000,0.0000,1,0,0,0,0,2.5279
241.0513,152.3848,0.0864,139.1203,15.4526,55.6295,15.4526,0.0303,1.1941,22.4663,-4.2409,-0.0577,0.4506,0.3060,-0.0992,-1.7835,46.6241,1.0000,0.0000,1,0,0,0,0,2.8553
241.1062,152.7104,0.0864,139.9053,15.5140,55.8504,15.5137,0.0913,1.1175,22.1168,-6.3663,-0.0753,0.4506,0.3060,-0.1424,-4.7068,53.2474,1.0000,0.0000,1,0,0,0,0,3.4001
241.1685,153.0784,0.0864,140.8012,15.5752,56.0707,15.5745,0.1520,0.9826,21.6526,-7.4527,-0.0890,0.4487,0.3060,-0.1828,-6.8169,33.8770,1.0000,0.0000,1,0,0,0,0,2.4425
241.2274,153.4231,0.0864,141.6546,15.6481,56.3331,15.6465,0.2223,1.2363,20.9535,-11.8561,-0.1026,0.4467,0.3060,-0.2255,-9.9198,52.6275,1.0000,0.0000,1,0,0,0,0,3.7955
241.2776,153.7125,0.0864,142.3862,15.6963,56.5066,15.6940,0.2654,0.9599,20.4167,-10.6930,-0.1124,0.4467,0.3060,-0.2491,-12.0644,42.7203,1.0000,0.0000,1,0,0,0,0,3.2210
241.3370,154.0479,0.0864,143.2572,15.7677,56.7638,15.7644,0.3238,1.2041,19.5179,-15.1473,-0.1203,0.4448,0.3060,-0.2792,-14.0952,34.2212,1.0000,0.0000,1,0,0,0,0,3.0507
241.3989,154.3884,0.0864,144.1739,15.8266,56.9758,15.8224,0.3665,0.9511,18.6978,-13.2467,-0.1281,0.4448,0.3060,-0.3003,-15.8013,27.5605,1.0000,0.0000,1,0,0,0,0,2.6144
241.4586,154.7064,0.0864,145.0667,15.8964,57.2270,15.8911,0.4109,1.1676,17.6415,-17.6777,-0.1359,0.4448,0.3060,-0.3218,-17.2800,24.7466,1.0000,0.0000,1,0,0,0,0,2.7447
241.5096,154.9682,0.0864,145.8348,15.9424,57.3927,15.9364,0.4380,0.9033,16.8961,-14.6226,-0.1398,0.4448,0.3060,-0.3349,-18.4170,22.3038,1.0000,0.0000,1,0,0,0,0,2.4635
241.5730,155.2801,0.0864,146.7977,16.0107,57.6386,16.0038,0.4727,1.0781,15.7306,-18.3960,-0.1437,0.4448,0.3060,-0.3487,-19.5560,17.9781,1.0000,0.0000,1,0,0,0,0,2.4636
241.6307,155.5502,0.0864,147.6828,16.0671,57.8415,16.0594,0.4969,0.9764,14.7255,-17.4162,-0.1476,0.4448,0.3060,-0.3586,-20.3956,14.5486,1.0000,0.0000,1,0,0,0,0,2.2397
241.6828,155.7820,0.0864,148.4891,16.1229,58.0426,16.1146,0.5172,1.0717,13.6949,-19.7723,-0.1476,0.4448,0.3060,-0.3646,-20.9083,9.8365,1.0000,0.0000,1,0,0,0,0,2.1261
241.7365,156.0080,0.0864,149.3265,16.1784,58.2421,16.1695,0.5346,1.0316,12.6451,-19.5410,-0.1515,0.4448,0.3060,-0.3719,-21.6019,12.9085,1.0000,0.0000,1,0,0,0,0,2.2984
241.7955,156.2403,0.0864,150.2529,16.2335,58.4405,16.2242,0.5494,0.9353,11.5770,-18.1248,-0.1554,0.4448,0.3060,-0.3802,-22.0792,8.1005,1.0000,0.0000,1,0,0,0,0,1.9646
241.8561,156.4617,0.0864,151.2144,16.2903,58.6451,16.2805,0.5661,0.9364,10.4773,-18.1222,-0.1613,0.4448,0.3060,-0.3905,-22.6256,9.0037,1.0000,0.0000,1,0,0,0,0,2.0282
241.9086,156.6378,0.0864,152.0514,16.3426,58.8333,16.3321,0.5853,0.9975,9.3397,-21.7031,-0.1633,0.4448,0.3060,-0.3997,-23.1478,9.9624,1.0000,0.0000,1,0,0,0,0,2.2964
241.9697,156.8247,0.0864,153.0341,16.4071,59.0655,16.3960,0.6035,1.0558,7.9411,-22.8926,-0.1652,0.4448,0.3060,-0.4079,-23.7179,9.3324,1.0000,0.0000,1,0,0,0,0,2.3420
242.0264,156.9790,0.0864,153.9529,16.4600,59.2560,16.4489,0.6050,0.9330,6.7522,-20.9682,-0.1691,0.4448,0.3060,-0.4143,-24.2256,8.9530,1.0000,0.0000,1,0,0,0,0,2.2136
242.0838,157.1157,0.0864,154.8894,16.5127,59.4457,16.5016,0.6065,0.9180,5.5425,-21.0672,-0.1711,0.4448,0.3060,-0.4206,-24.6025,6.5638,1.0000,0.0000,1,0,0,0,0,2.0860
242.1433,157.2360,0.0864,155.8660,16.5652,59.6346,16.5540,0.6079,0.8821,4.3134,-20.6597,-0.1730,0.4448,0.3060,-0.4260,-25.0140,6.9173,1.0000,0.0000,1,0,0,0,0,2.0825
242.1940,157.3209,0.0864,156.7041,16.6174,59.8227,16.6062,0.6092,1.0287,3.0635,-24.6130,-0.1750,0.4448,0.3060,-0.4322,-25.2793,5.2246,1.0000,0.0000,1,0,0,0,0,2.2076
242.2505,157.3958,0.0864,157.6415,16.6696,60.0104,16.6584,0.6106,0.9230,1.7941,-22.4667,-0.1770,0.4448,0.3060,-0.4376,-25.7683,8.6544,1.0000,0.0000,1,0,0,0,0,2.2784
242.3034,157.4467,0.0864,158.5222,16.7214,60.1969,16.7102,0.6114,0.9799,0.5101,-24.2916,-0.1770,0.4448,0.3060,-0.4403,-26.0324,4.9954,1.0000,0.0000,1,0,0,0,0,2.1755
242.3559,157.4786,0.0864,159.4008,16.7627,60.3457,16.7515,0.6121,0.7873,359.4770,-19.6757,-0.1770,0.4448,0.3060,-0.4414,-26.2275,3.7170,1.0000,0.0000,1,0,0,0,0,1.8473
242.4117,157.4920,0.0864,160.3376,16.8144,60.5319,16.8033,0.6126,0.9269,358.1808,-23.2294,-0.1770,0.4448,0.3060,-0.4419,-26.3800,2.7330,1.0000,0.0000,1,0,0,0,0,1.9889
242.4649,157.4846,0.0863,161.2332,16.8660,60.7175,16.8548,0.6130,0.9697,356.8803,-24.4551,-0.1770,0.4448,0.3060,-0.4422,-26.4495,1.3067,1.0000,0.0000,1,0,0,0,0,1.9764
242.5265,157.4516,0.0863,162.2732,16.9279,60.9404,16.9168,0.6135,1.0053,355.3152,-25.4216,-0.1770,0.4448,0.3060,-0.4423,-26.4964,0.7616,1.0000,0.0000,1,0,0,0,0,1.9982
242.5795,157.4019,0.0863,163.1715,16.9794,61.1258,16.9683,0.6139,0.9701,354.0073,-24.6375,-0.1770,0.4448,0.3060,-0.4424,-26.5181,0.4086,1.0000,0.0000,1,0,0,0,0,1.9338
242.6383,157.3235,0.0863,164.1680,17.0309,61.3111,17.0198,0.6144,0.8755,352.6962,-22.3005,-0.1770,0.4448,0.3060,-0.4424,-26.5311,0.2207,1.0000,0.0000,1,0,0,0,0,1.7923
242.6928,157.2290,0.0863,165.0919,17.0822,61.4960,17.0712,0.6148,0.9436,351.3820,-24.1311,-0.1770,0.4448,0.3060,-0.4424,-26.5372,0.1120,1.0000,0.0000,1,0,0,0,0,1.8867
242.7454,157.1177,0.0863,165.9838,17.1233,61.6440,17.1123,0.6153,0.7816,350.3284,-20.0441,-0.1770,0.4448,0.3060,-0.4424,-26.5407,0.0660,1.0000,0.0000,1,0,0,0,0,1.6562
242.7974,156.9877,0.0863,166.8678,17.1747,61.8290,17.1637,0.6156,0.9867,349.0086,-25.3413,-0.1770,0.4448,0.3060,-0.4424,-26.5422,0.0287,1.0000,0.0000,1,0,0,0,0,1.9471
242.8510,156.8337,0.0863,167.7760,17.2259,62.0134,17.2149,0.6160,0.9566,347.6858,-24.6997,-0.1770,0.4448,0.3060,-0.4424,-26.5430,0.0152,1.0000,0.0000,1,0,0,0,0,1.9095
242.9038,156.6617,0.0863,168.6702,17.2771,62.1976,17.2661,0.6163,0.9693,346.3604,-25.1041,-0.1750,0.4448,0.3060,-0.4416,-26.5434,0.0079,1.0000,0.0000,1,0,0,0,0,1.9302
242.9608,156.4532,0.0863,169.6335,17.3286,62.3828,17.3177,0.6143,0.9028,345.0549,-22.9122,-0.1633,0.4448,0.3060,-0.4281,-26.3643,3.1435,1.0000,0.0000,1,0,0,0,0,1.9793
243.0188,156.2174,0.0863,170.6118,17.3804,62.5695,17.3697,0.6106,0.8944,343.8040,-21.5732,-0.1496,0.4448,0.3060,-0.4053,-25.7023,11.4164,1.0000,0.0000,1,0,0,0,0,2.3597
243.0834,155.9279,0.0863,171.6990,17.4436,62.7969,17.4331,0.6053,0.9774,342.4010,-21.7115,-0.1378,0.4448,0.3060,-0.3736,-24.5307,18.1305,1.0000,0.0000,1,0,0,0,0,2.7339
243.1404,155.6504,0.0863,172.6560,17.4973,62.9901,17.4870,0.6002,0.9413,341.3223,-18.9184,-0.1242,0.4272,0.3060,-0.3441,-23.0553,25.8751,1.0000,0.0000,1,0,0,0,0,3.0031
243.2026,155.3263,0.0863,173.6964,17.5625,63.2249,17.5528,0.5825,1.0489,340.1475,-18.8928,-0.1124,0.3861,0.3060,-0.3081,-21.5999,23.4060,1.0000,0.0000,1,0,0,0,0,2.8474
243.2542,155.0402,0.0863,174.5587,17.6026,63.3693,17.5938,0.5553,0.7765,339.4462,-13.5735,-0.0948,0.3118,0.3060,-0.2802,-19.1334,47.7393,0.9812,0.0000,1,0,0,0,0,3.8795
243.3096,154.7185,0.0863,175.4786,17.5972,63.3500,17.5899,0.5092,-0.0971,338.6765,-13.9085,-0.0792,0.2297,0.3060,-0.2427,-17.3987,31.3432,0.8596,0.0000,1,0,0,0,0,2.9480
243.3667,154.3735,0.0863,176.4188,17.4853,62.9471,17.4796,0.4471,-1.9599,338.0400,-11.1475,-0.0694,0.1828,0.3060,-0.2065,-15.1447,39.4767,0.7064,0.0000,1,0,0,0,0,3.1960
243.4284,153.9904,0.0863,177.4185,17.2264,62.0152,17.2224,0.3713,-4.1961,337.4147,-10.1355,-0.0577,0.1574,0.3060,-0.1742,-13.2389,30.8926,0.5694,0.0000,1,0,0,0,0,2.6026
243.4821,153.6515,0.0863,178.2720,16.9421,60.9915,16.9392,0.3133,-5.2929,336.9848,-8.0011,-0.0499,0.1496,0.3060,-0.1506,-11.4185,33.8813,0.4986,0.0000,1,0,0,0,0,2.6042
243.5435,153.2617,0.0863,179.2260,16.6222,59.8399,16.6202,0.2608,-5.2083,336.6333,-5.7237,-0.0401,0.1476,0.3060,-0.1276,-9.8232,25.9759,0.4603,0.0000,1,0,0,0,0,1.9964
243.5968,152.9232,0.0863,180.0345,16.2838,58.6215,16.2824,0.2124,-6.3465,336.3539,-5.2389,-0.0284,0.1476,0.3060,-0.1019,-8.4096,26.5066,0.4406,0.0000,1,0,0,0,0,1.9593
243.6494,152.5910,0.0863,180.8134,15.9362,57.3705,15.9354,0.1632,-6.6108,336.1519,-3.8427,-0.0166,0.1476,0.3060,-0.0605,-6.9304,28.1392,0.4310,0.0000,1,0,0,0,0,1.9303
243.7076,152.2267,0.0863,181.6547,15.5845,56.1043,15.5842,0.1103,-6.0448,336.0569,-1.6334,-0.0029,0.1476,0.3060,-0.0260,-4.5838,40.3331,0.4263,0.0000,1,0,0,0,0,2.4377
243.7601,151.9024,0.0863,182.3955,15.2308,54.8308,15.2306,0.0683,-6.7376,336.0144,-0.8091,0.0068,0.1476,0.3060,-0.0112,-3.3969,22.6057,0.4240,0.0000,1,0,0,0,0,1.3681
243.8102,151.5978,0.0863,183.0864,14.9470,53.8092,14.9470,0.0414,-5.6682,336.0089,-0.1097,0.0244,0.1476,0.3060,0.0112,-1.6950,33.9945,0.4230,0.0000,1,0,0,0,0,1.9363
243.8682,151.2517,0.0863,183.8681,14.5209,52.2751,14.5209,0.0065,-7.3457,336.1190,1.8979,0.0420,0.1476,0.3060,0.0633,0.3104,34.5671,0.4223,0.0000,1,0,0,0,0,2.0326
243.9231,150.9318,0.0863,184.5898,14.1654,50.9954,14.1653,0.0477,-6.4713,336.3132,3.5344,0.0577,0.1476,0.3060,0.1056,2.3846,37.7591,0.4220,0.0000,1,0,0,0,0,2.3446
243.9817,150.6003,0.0863,185.3400,13.8097,49.7149,13.8094,0.0839,-6.0736,336.5957,4.8249,0.0772,0.1476,0.3060,0.1479,5.1075,46.4955,0.4219,0.0000,1,0,0,0,0,2.9423
244.0404,150.2792,0.0863,186.0737,13.4538,48.4336,13.4533,0.1142,-6.0583,336.9581,6.1678,0.0948,0.1476,0.3060,0.1899,7.6304,42.9462,0.4218,0.0000,1,0,0,0,0,2.8559
244.0931,150.0014,0.0863,186.7160,13.0977,47.1518,13.0969,0.1473,-6.7537,337.3962,8.3103,0.1046,0.1476,0.3060,0.2270,10.1735,48.2380,0.4218,0.0000,1,0,0,0,0,3.3103
244.1449,149.7387,0.0863,187.3316,12.7413,45.8688,12.7401,0.1763,-6.8918,337.8813,9.3821,0.1065,0.1476,0.3060,0.2490,11.9973,35.2672,0.4218,0.0000,1,0,0,0,0,2.6881
244.1967,149.4857,0.0863,187.9344,12.4561,44.8419,12.4546,0.1904,-5.5001,338.2824,7.7329,0.1065,0.1476,0.3060,0.2575,13.6124,31.1415,0.4218,0.0000,1,0,0,0,0,2.3889
244.2687,149.1520,0.0863,188.7479,11.9566,43.0438,11.9550,0.1979,-6.9350,338.9737,9.5979,0.0968,0.1476,0.3060,0.2532,14.6152,13.9240,0.4218,0.0000,1,0,0,0,0,1.5551
244.3221,148.9180,0.0863,189.3333,11.6049,41.7775,11.6033,0.1890,-6.5884,339.4167,8.2972,0.0791,0.1613,0.3060,0.2270,14.6987,1.5641,0.4361,0.0000,1,0,0,0,0,0.7922
244.3826,148.6664,0.0863,189.9781,11.2721,40.5797,11.2709,0.1687,-5.5064,339.7811,6.0318,0.0518,0.1809,0.3060,0.1805,13.5870,18.3989,0.4689,0.0000,1,0,0,0,0,1.5818
244.4395,148.4407,0.0863,190.5696,10.9674,39.4827,10.9665,0.1395,-5.3482,340.0438,4.6101,0.0205,0.2004,0.3060,0.1205,11.1612,42.5751,0.5116,0.0000,1,0,0,0,0,2.8121
244.4927,148.2386,0.0863,191.1092,10.6940,38.4985,10.6935,0.1019,-5.1397,340.1753,2.4716,-0.0010,0.2082,0.3060,0.0518,8.4540,50.8951,0.5512,0.0000,1,0,0,0,0,3.1077
244.5439,148.0509,0.0863,191.6176,10.4914,37.7690,10.4911,0.0741,-3.9573,340.2185,0.8451,-0.0225,0.2082,0.3060,0.0176,5.4369,58.9182,0.5702,0.0000,1,0,0,0,0,3.4262
244.5942,147.8718,0.0863,192.1068,10.2486,36.8950,10.2485,0.0396,-4.8258,340.1812,-0.7431,-0.0401,0.2082,0.3060,-0.0414,2.5559,57.2675,0.5828,0.0000,1,0,0,0,0,3.2808
244.6530,147.6682,0.0863,192.6658,10.0120,36.0433,10.0120,0.0062,-4.0249,340.0449,-2.3178,-0.0616,0.2082,0.3060,-0.0961,-1.0884,62.0016,0.5890,0.0000,1,0,0,0,0,3.5826
244.7048,147.4929,0.0863,193.1472,9.7784,35.2024,9.7784,0.0238,-4.5077,339.8228,-4.2856,-0.0792,0.2082,0.3060,-0.1452,-4.2331,60.6858,0.5920,0.0000,1,0,0,0,0,3.6460
244.7577,147.3173,0.0863,193.6268,9.5463,34.3666,9.5461,0.0500,-4.3951,339.5257,-5.6251,-0.0929,0.2082,0.3060,-0.1894,-6.7880,48.3655,0.5935,0.0000,1,0,0,0,0,3.0780
244.8143,147.1320,0.0863,194.1286,9.3146,33.5327,9.3144,0.0722,-4.0871,339.1632,-6.3969,-0.1105,0.2082,0.3060,-0.2314,-9.8042,53.2216,0.5942,0.0000,1,0,0,0,0,3.4284
244.8695,146.9537,0.0863,194.6046,9.0833,32.6999,9.0828,0.0917,-4.1906,338.7359,-7.7402,-0.1281,0.2082,0.3060,-0.2756,-12.6285,51.1604,0.5946,0.0000,1,0,0,0,0,3.4237
244.9221,146.7858,0.0863,195.0455,8.8520,31.8674,8.8514,0.1082,-4.4018,338.2511,-9.2280,-0.1417,0.2082,0.3060,-0.3146,-14.9063,43.3557,0.5948,0.0000,1,0,0,0,0,3.1046
244.9735,146.6228,0.0863,195.4657,8.6668,31.2005,8.6660,0.1193,-3.6023,337.8273,-8.2404,-0.1515,0.2082,0.3060,-0.3438,-17.3740,47.9900,0.5948,0.0000,1,0,0,0,0,3.3303
245.0243,146.4628,0.0863,195.8694,8.4354,30.3676,8.4344,0.1305,-4.5563,337.2577,-11.2176,-0.1652,0.2082,0.3060,-0.3781,-19.2726,37.3872,0.5949,0.0000,1,0,0,0,0,2.9322
245.0744,146.3058,0.0863,196.2564,8.2502,29.7007,8.2490,0.1372,-3.6992,336.7771,-9.5966,-0.1730,0.2082,0.3060,-0.4006,-21.1475,37.4384,0.5949,0.0000,1,0,0,0,0,2.8626
245.1248,146.1483,0.0863,196.6355,8.0185,28.8666,8.0172,0.1430,-4.5899,336.1517,-12.3900,-0.1809,0.2082,0.3060,-0.4258,-22.8741,34.2061,0.5949,0.0000,1,0,0,0,0,2.8561
245.1749,145.9931,0.0863,197.0000,7.8331,28.1993,7.8318,0.1459,-3.7057,335.6354,-10.3222,-0.1867,0.2082,0.3060,-0.4445,-24.5421,33.3489,0.5949,0.0000,1,0,0,0,0,2.7055
245.2277,145.8296,0.0863,197.3734,7.6014,27.3651,7.6000,0.1478,-4.3818,334.9719,-12.5453,-0.1965,0.2082,0.3060,-0.4679,-25.8496,24.7220,0.5949,0.0000,1,0,0,0,0,2.3620
245.2805,145.6673,0.0863,197.7339,7.3695,26.5303,7.3680,0.1481,-4.3907,334.2914,-12.8870,-0.2063,0.2082,0.3060,-0.4905,-27.3436,28.2901,0.5949,0.0000,1,0,0,0,0,2.5891
245.3333,145.5063,0.0863,198.0815,7.1377,25.6959,7.1362,0.1471,-4.3978,333.5977,-13.1616,-0.2121,0.2082,0.3060,-0.5095,-28.6928,25.5992,0.5949,0.0000,1,0,0,0,0,2.4626
245.3855,145.3480,0.0863,198.4134,6.9523,25.0282,6.9508,0.1454,-3.5529,333.0370,-10.7401,-0.2161,0.2082,0.3060,-0.5224,-29.7041,19.3733,0.5949,0.0000,1,0,0,0,0,1.9867
245.4367,145.1939,0.0863,198.7276,6.7204,24.1935,6.7189,0.1418,-4.5266,332.3355,-13.6962,-0.2180,0.2082,0.3060,-0.5333,-30.6403,18.2763,0.5949,0.0000,1,0,0,0,0,2.0927
245.4902,145.0343,0.0863,199.0437,6.4885,23.3587,6.4871,0.1368,-4.3296,331.6386,-13.0114,-0.2200,0.2082,0.3060,-0.5419,-31.4111,14.3918,0.5949,0.0000,1,0,0,0,0,1.8386
245.5405,144.8862,0.0863,199.3288,6.3031,22.6913,6.3018,0.1322,-3.6908,331.0854,-11.0140,-0.2239,0.2082,0.3060,-0.5490,-32.0256,12.2338,0.5949,0.0000,1,0,0,0,0,1.6062
245.5916,144.7374,0.0863,199.6078,6.0713,21.8568,6.0700,0.1259,-4.5322,330.4005,-13.3890,-0.2258,0.2082,0.3060,-0.5565,-32.5642,10.5310,0.5949,0.0000,1,0,0,0,0,1.6399
245.6440,144.5870,0.0863,199.8822,5.8397,21.0228,5.8385,0.1194,-4.4197,329.7230,-12.9264,-0.2297,0.2082,0.3060,-0.5653,-33.0903,10.0371,0.5949,0.0000,1,0,0,0,0,1.5823
245.6946,144.4442,0.0863,200.1358,5.6544,20.3558,5.6532,0.1141,-3.6606,329.1867,-10.5957,-0.2317,0.2082,0.3060,-0.5716,-33.5547,9.1759,0.5949,0.0000,1,0,0,0,0,1.4010
245.7448,144.3051,0.0863,200.3767,5.4228,19.5220,5.4217,0.1072,-4.6153,328.5253,-13.1791,-0.2356,0.2082,0.3060,-0.5787,-33.9847,8.5676,0.5949,0.0000,1,0,0,0,0,1.5047
245.7953,144.1681,0.0863,200.6084,5.2375,18.8551,5.2365,0.1018,-3.6690,328.0028,-10.3488,-0.2375,0.2082,0.3060,-0.5851,-34.4531,9.2770,0.5949,0.0000,1,0,0,0,0,1.3820
245.8493,144.0249,0.0863,200.8442,5.0061,18.0220,5.0052,0.0952,-4.2902,327.3568,-11.9768,-0.2415,0.2082,0.3060,-0.5949,-34.9162,8.5861,0.5949,0.0000,1,0,0,0,0,1.4277
245.9030,143.8860,0.0863,201.0674,4.7746,17.1887,4.7738,0.0887,-4.3057,326.7190,-11.8643,-0.2454,0.2082,0.3060,-0.6046,-35.4754,10.4018,0.5949,0.0000,1,0,0,0,0,1.5157
245.9545,143.7569,0.0863,201.2700,4.5433,16.3557,4.5425,0.0823,-4.4971,326.0904,-12.2165,-0.2493,0.2082,0.3060,-0.6138,-35.9345,8.9228,0.5949,0.0000,1,0,0,0,0,1.4461
246.0146,143.6107,0.0863,201.4935,4.3120,15.5232,4.3113,0.0759,-3.8428,325.4731,-10.2586,-0.2512,0.2082,0.3060,-0.6211,-36.5094,9.5527,0.5949,0.0000,1,0,0,0,0,1.3648
246.0683,143.4854,0.0863,201.6805,4.0807,14.6906,4.0801,0.0696,-4.3146,324.8680,-11.2884,-0.2532,0.2082,0.3060,-0.6279,-36.9843,8.8590,0.5949,0.0000,1,0,0,0,0,1.3750
246.1281,143.3511,0.0863,201.8760,3.8496,13.8585,3.8491,0.0633,-3.8634,324.2766,-9.8837,-0.2571,0.2082,0.3060,-0.6343,-37.4657,8.0470,0.5949,0.0000,1,0,0,0,0,1.2427
246.1819,143.2357,0.0863,202.0401,3.6185,13.0266,3.6180,0.0571,-4.2936,323.6997,-10.7196,-0.2591,0.2102,0.3060,-0.6399,-37.8088,6.3739,0.5957,0.0000,1,0,0,0,0,1.1861
246.2416,143.1139,0.0863,202.2094,3.3910,12.2077,3.3906,0.0511,-3.8098,323.1361,-9.4398,-0.2610,0.2200,0.3060,-0.6451,-38.2121,6.7558,0.6047,0.0000,1,0,0,0,0,1.1259
246.3004,143.0001,0.0863,202.3638,3.1505,11.3419,3.1502,0.0454,-4.0886,322.4583,-11.5222,-0.2649,0.2806,0.3060,-0.6540,-38.6196,6.9271,0.6746,0.0000,1,0,0,0,0,1.2409
246.3589,142.8915,0.0863,202.5078,3.0257,10.8925,3.0254,0.0431,-2.1352,321.8583,-10.2636,-0.2669,0.3412,0.3060,-0.6611,-39.0763,7.8123,0.7941,0.0000,1,0,0,0,0,1.2180
246.4210,142.7776,0.0863,202.6552,2.9877,10.7559,2.9874,0.0436,-0.6113,321.0736,-12.6359,-0.2688,0.3979,0.3060,-0.6674,-39.4828,6.5460,0.9127,0.0000,1,0,0,0,0,1.2844
246.4808,142.6663,0.0863,202.7955,3.0071,10.8256,3.0068,0.0451,0.3237,320.3853,-11.5052,-0.2688,0.4350,0.3060,-0.6700,-39.8168,5.5821,0.9573,0.0000,1,0,0,0,0,1.1743
246.5331,142.5667,0.0863,202.9181,3.0478,10.9721,3.0475,0.0469,0.7794,319.6796,-13.5104,-0.2688,0.4800,0.3060,-0.6712,-40.0355,4.1870,0.9791,0.0000,1,0,0,0,0,1.2140
246.5839,142.4670,0.0863,203.0381,3.0882,11.1177,3.0879,0.0485,0.7953,319.1055,-11.2917,-0.2708,0.5113,0.3060,-0.6740,-40.1867,2.9740,0.9882,0.0000,1,0,0,0,0,1.0281
246.6467,142.3397,0.0863,203.1873,3.1552,11.3587,3.1548,0.0509,1.0658,318.2318,-13.9082,-0.2708,0.5191,0.3060,-0.6759,-40.3570,2.7114,0.9950,0.0000,1,0,0,0,0,1.1653
246.7065,142.2142,0.0863,203.3305,3.2140,11.5704,3.2136,0.0529,0.9845,317.4950,-12.3336,-0.2708,0.5210,0.3060,-0.6765,-40.4779,2.0235,0.9976,0.0000,1,0,0,0,0,1.0447
246.7666,142.0834,0.0863,203.4757,3.2860,11.8296,3.2855,0.0549,1.1966,316.6107,-14.7012,-0.2708,0.5210,0.3060,-0.6768,-40.5439,1.0982,0.9990,0.0000,1,0,0,0,0,1.1285
246.8194,141.9646,0.0863,203.6041,3.3344,12.0039,3.3339,0.0563,0.9165,316.0175,-11.2261,-0.2708,0.5210,0.3060,-0.6769,-40.5780,0.6452,0.9994,0.0000,1,0,0,0,0,0.9127
246.8737,141.8388,0.0863,203.7368,3.3952,12.2229,3.3947,0.0581,1.1213,315.2709,-13.7643,-0.2708,0.5210,0.3060,-0.6770,-40.5998,0.4008,0.9997,0.0000,1,0,0,0,0,1.0438
246.9259,141.7140,0.0863,203.8653,3.4562,12.4422,3.4557,0.0601,1.1662,314.5186,-14.3995,-0.2708,0.5210,0.3060,-0.6770,-40.6084,0.1648,0.9999,0.0000,1,0,0,0,0,1.0699
246.9801,141.5807,0.0863,203.9992,3.5171,12.6616,3.5166,0.0621,1.1246,313.7606,-13.9887,-0.2708,0.5210,0.3060,-0.6770,-40.6144,0.1112,0.9999,0.0000,1,0,0,0,0,1.0480
247.0367,141.4372,0.0863,204.1396,3.5781,12.8813,3.5776,0.0641,1.0782,312.9969,-13.4931,-0.2708,0.5210,0.3060,-0.6770,-40.6172,0.0493,1.0000,0.0000,1,0,0,0,0,1.0209
247.0879,141.3036,0.0863,204.2670,3.6391,13.1009,3.6385,0.0661,1.1919,312.2277,-15.0304,-0.2708,0.5210,0.3060,-0.6770,-40.6186,0.0264,1.0000,0.0000,1,0,0,0,0,1.1090
247.1509,141.1340,0.0863,204.4244,3.7001,13.3204,3.6995,0.0677,0.9677,311.4535,-12.2827,-0.2708,0.5210,0.3060,-0.6770,-40.6195,0.0145,1.0000,0.0000,1,0,0,0,0,0.9575
247.2105,140.9687,0.0863,204.5738,3.7733,13.5838,3.7725,0.0770,1.2271,310.5056,-15.8997,-0.2708,0.5210,0.3060,-0.6770,-40.6199,0.0073,1.0000,0.0000,1,0,0,0,0,1.1899
247.2634,140.8181,0.0863,204.7063,3.8220,13.7590,3.8212,0.0765,0.9217,309.8695,-12.0445,-0.2708,0.5210,0.3060,-0.6770,-40.6201,0.0035,1.0000,0.0000,1,0,0,0,0,0.9696
247.3188,140.6555,0.0863,204.8451,3.8828,13.9780,3.8820,0.0771,1.0981,309.0695,-14.4407,-0.2708,0.5210,0.3060,-0.6770,-40.6202,0.0017,1.0000,0.0000,1,0,0,0,0,1.1003
247.3750,140.4860,0.0863,204.9859,3.9558,14.2409,3.9550,0.0788,1.2987,308.1020,-17.2060,-0.2708,0.5210,0.3060,-0.6770,-40.6202,0.0007,1.0000,0.0000,1,0,0,0,0,1.2547
247.4273,140.3241,0.0863,205.1168,4.0045,14.4163,4.0036,0.0840,0.9305,307.4521,-12.4181,-0.2708,0.5210,0.3060,-0.6770,-40.6202,0.0004,1.0000,0.0000,1,0,0,0,0,1.0046
247.4897,140.1260,0.0863,205.2728,4.0774,14.6785,4.0763,0.0930,1.1678,306.4696,-15.7500,-0.2708,0.5210,0.3060,-0.6770,-40.6203,0.0001,1.0000,0.0000,1,0,0,0,0,1.2172
247.5491,139.9321,0.0863,205.4211,4.1379,14.8965,4.1368,0.0978,1.0192,305.6447,-13.8829,-0.2708,0.5210,0.3060,-0.6770,-40.6203,0.0000,1.0000,0.0000,1,0,0,0,0,1.1259
247.6013,139.7574,0.0863,205.5508,4.1985,15.1145,4.1972,0.1014,1.1605,304.8143,-15.9175,-0.2708,0.5210,0.3060,-0.6770,-40.6203,0.0000,1.0000,0.0000,1,0,0,0,0,1.2466
247.6535,139.6009,0.0863,205.6535,2.8006,10.0820,2.7929,0.2073,-26.7876,303.7686,-20.0392,-0.2708,0.5210,0.3060,-0.6770,-40.6203,0.0001,1.0000,0.0000,1,0,0,0,0,2.2234
247.7185,139.4992,0.0862,205.6998,1.1094,3.9937,1.0985,0.1550,-26.0233,302.9065,-13.2656,-0.2708,0.5210,0.3060,-0.6770,-40.6203,0.0000,1.0000,0.0000,1,0,0,0,0,2.8330
247.7763,139.4467,0.0859,205.7275,0.5665,2.0393,0.5642,0.0512,-9.3826,302.2307,-11.6788,-0.2708,0.5210,0.3060,-0.6770,-40.6203,0.0000,1.0000,0.0000,1,0,0,0,0,2.0059
247.8367,139.4160,0.0863,205.7451,0.6267,2.2562,0.6267,0.0057,0.9982,301.7284,-8.3215,-0.2708,0.5210,0.3060,-0.6770,-40.6203,0.0000,1.0000,0.0000,1,0,0,0,0,0.5993
247.8960,139.3826,0.0863,205.7657,0.6883,2.4779,0.6883,0.0053,1.0379,301.2200,-8.5694,-0.2708,0.5210,0.3060,-0.6770,-40.6203,0.0001,1.0000,0.0000,1,0,0,0,0,0.5924
247.9489,139.3521,0.0862,205.7842,0.3905,1.4057,0.3897,0.0236,-5.6268,300.6895,-10.0231,-0.2708,0.5210,0.3060,-0.6770,-40.6203,0.0000,1.0000,0.0000,1,0,0,0,0,0.5568
248.0069,139.3318,0.0863,205.7958,0.4307,1.5504,0.4307,0.0007,0.6939,300.2044,-8.3691,-0.2708,0.5171,0.3060,-0.6770,-40.6203,0.0000,1.0000,0.0000,1,0,0,0,0,0.4650
248.0612,139.3100,0.0863,205.8086,0.4922,1.7718,0.4921,0.0053,1.1332,299.7139,-9.0411,-0.2708,0.5171,0.3060,-0.6770,-40.6203,0.0000,1.0000,0.0000,1,0,0,0,0,0.5023
248.1195,139.2833,0.0863,205.8242,0.5659,2.0373,0.5659,0.0069,1.2648,299.1177,-10.2256,-0.2708,0.5152,0.3060,-0.6770,-40.6203,0.0000,1.0000,0.0000,1,0,0,0,0,0.7507
248.1697,139.2576,0.0863,205.8388,0.6150,2.2140,0.6150,0.0076,0.9779,298.7158,-8.0036,-0.2708,0.4917,0.3060,-0.6770,-40.6203,0.0000,1.0000,0.0000,1,0,0,0,0,0.6310
248.2283,139.2244,0.0863,205.8574,0.6764,2.4352,0.6764,0.0085,1.0475,298.2083,-8.6547,-0.2708,0.3861,0.3060,-0.6770,-40.6203,0.0000,1.0000,0.0000,1,0,0,0,0,0.6698
248.2840,139.1898,0.0863,205.8764,0.7268,2.6164,0.7267,0.0093,0.9032,297.7020,-9.0843,-0.2708,0.2942,0.3060,-0.6770,-40.6203,0.0000,0.9577,0.0000,1,0,0,0,0,0.6963
248.3383,139.1556,0.0863,205.8948,0.6905,2.4857,0.6904,0.0090,-0.6692,297.2470,-8.3923,-0.2708,0.1926,0.3060,-0.6770,-40.6203,0.0000,0.7925,0.0000,1,0,0,0,0,0.6614
248.3956,139.1252,0.0863,205.9109,0.5168,1.8606,0.5168,0.0070,-3.0297,296.8848,-6.3200,-0.2708,0.1320,0.3060,-0.6770,-40.6203,0.0000,0.5994,0.0000,1,0,0,0,0,0.5546
248.4468,139.1091,0.0863,205.9194,0.2116,0.7618,0.2116,0.0036,-5.9552,296.6244,-5.0819,-0.2708,0.0851,0.3060,-0.6770,-40.6203,0.0000,0.4288,0.0000,1,0,0,0,0,0.2823
248.5107,139.1064,0.0863,205.9209,0.0003,0.0010,-0.0001,0.0003,-3.3085,296.4246,-3.1271,-0.2708,0.0772,0.3060,-0.6770,-40.6203,0.0000,0.3101,0.0000,1,0,0,0,0,0.1737
248.5684,139.1064,0.0863,205.9209,0.0002,0.0009,-0.0001,0.0002,-0.0009,296.2990,-2.1794,-0.2747,0.0772,0.3060,-0.6797,-40.6392,0.3292,0.2644,0.0000,1,0,0,0,0,0.1394
248.6204,139.1064,0.0863,205.9209,0.0002,0.0008,-0.0001,0.0002,-0.0005,296.1859,-2.1731,-0.2767,0.0772,0.3060,-0.6861,-40.7871,2.8435,0.2420,0.0000,1,0,0,0,0,0.2787
248.6715,139.1064,0.0863,205.9209,0.0002,0.0007,0.0000,0.0002,-0.0002,296.0999,-1.6820,-0.2806,0.0772,0.3060,-0.6920,-41.0355,4.8556,0.2327,0.0000,1,0,0,0,0,0.3632
248.7264,139.1064,0.0863,205.9209,0.0002,0.0007,0.0000,0.0002,-0.0001,295.9947,-1.9177,-0.2825,0.0772,0.3060,-0.6981,-41.3788,6.2568,0.2265,0.0000,1,0,0,0,0,0.4541
248.7769,139.1064,0.0863,205.9209,0.0002,0.0007,0.0000,0.0002,-0.0001,295.8905,-2.0628,-0.2825,0.0772,0.3060,-0.7028,-41.6830,6.0231,0.2235,0.0000,1,0,0,0,0,0.4492
248.8288,139.1064,0.0863,205.9209,0.0002,0.0007,0.0000,0.0002,0.0000,295.7866,-2.0012,-0.2845,0.0772,0.3060,-0.7076,-41.9871,5.8585,0.2220,0.0000,1,0,0,0,0,0.4367
248.8809,139.1064,0.0863,205.9209,0.0002,0.0007,0.0000,0.0002,0.0000,295.7035,-1.5948,-0.2845,0.0772,0.3060,-0.7093,-42.2556,5.1511,0.2214,0.0000,1,0,0,0,0,0.3748
248.9348,139.1064,0.0863,205.9209,0.0002,0.0007,0.0000,0.0002,0.0000,295.5994,-1.9326,-0.2884,0.0772,0.3060,-0.7137,-42.4353,3.3370,0.2210,0.0000,1,0,0,0,0,0.2928
248.9856,139.1064,0.0863,205.9209,0.0002,0.0007,0.0000,0.0002,0.0000,295.4944,-2.0660,-0.2942,0.0772,0.3060,-0.7228,-42.7280,5.7572,0.2208,0.0000,1,0,0,0,0,0.4346
249.0409,139.1064,0.0863,205.9209,0.0002,0.0007,0.0000,0.0002,0.0000,295.3879,-1.9250,-0.2981,0.0772,0.3060,-0.7339,-43.2023,8.5729,0.2207,0.0000,1,0,0,0,0,0.5832
249.0999,139.1064,0.0863,205.9209,0.0002,0.0007,0.0000,0.0002,0.0000,295.2796,-1.8350,-0.3060,0.0772,0.3060,-0.7484,-43.8222,10.5056,0.2206,0.0000,1,0,0,0,0,0.6856
249.1544,139.1064,0.0863,205.9209,0.0002,0.0007,0.0000,0.0002,0.0000,295.1692,-2.0280,-0.3118,0.0772,0.3060,-0.7624,-44.6125,14.5198,0.2206,0.0000,1,0,0,0,0,0.9193
249.2107,139.1064,0.0863,205.9209,0.0002,0.0007,0.0000,0.0002,0.0000,295.0569,-1.9940,-0.3158,0.0772,0.3060,-0.7760,-45.3751,13.5331,0.2206,0.0000,1,0,0,0,0,0.8626
249.2658,139.1064,0.0863,205.9209,0.0002,0.0007,0.0000,0.0002,0.0000,294.9427,-2.0737,-0.3177,0.0772,0.3060,-0.7864,-46.0690,12.6070,0.2206,0.0000,1,0,0,0,0,0.8156
249.3189,139.1064,0.0863,205.9209,0.0002,0.0007,0.0000,0.0002,0.0000,294.8277,-2.1660,-0.3197,0.0772,0.3060,-0.7917,-46.7333,12.5070,0.2206,0.0000,1,0,0,0,0,0.8152
249.3765,139.1064,0.0863,205.9209,0.0002,0.0007,0.0000,0.0002,0.0000,294.7118,-2.0122,-0.3197,0.0772,0.3060,-0.7959,-47.1869,7.8764,0.2206,0.0000,1,0,0,0,0,0.5494
249.4280,139.1064,0.0863,205.9209,0.0002,0.0007,0.0000,0.0002,0.0000,294.5957,-2.2509,-0.3197,0.0772,0.3060,-0.7978,-47.5110,6.2857,0.2206,0.0000,1,0,0,0,0,0.4743
249.4816,139.1064,0.0863,205.9209,0.0002,0.0007,0.0000,0.0002,0.0000,294.5026,-1.7399,-0.3197,0.0772,0.3060,-0.7984,-47.7024,3.5750,0.2206,0.0000,1,0,0,0,0,0.2953
249.5327,139.1064,0.0863,205.9209,0.0002,0.0007,0.0000,0.0002,0.0000,294.3861,-2.2789,-0.3197,0.0772,0.3060,-0.7989,-47.8031,1.9723,0.2206,0.0000,1,0,0,0,0,0.2362
249.5835,139.1064,0.0863,205.9209,0.0002,0.0007,0.0000,0.0002,0.0000,294.2698,-2.2895,-0.3197,0.0772,0.3060,-0.7990,-47.8647,1.2119,0.2206,0.0000,1,0,0,0,0,0.1945
249.6402,139.1064,0.0863,205.9209,0.0002,0.0007,0.0000,0.0002,0.0000,294.1533,-2.0560,-0.3197,0.0772,0.3060,-0.7991,-47.9048,0.7071,0.2206,0.0000,1,0,0,0,0,0.1535
249.6993,139.1064,0.0863,205.9209,0.0002,0.0007,0.0000,0.0002,0.0000,294.0366,-1.9711,-0.3216,0.0772,0.3060,-0.8011,-47.9399,0.5925,0.2206,0.0000,1,0,0,0,0,0.1424
249.7525,139.1064,0.0863,205.9209,0.0002,0.0007,0.0000,0.0002,0.0000,293.9191,-2.2120,-0.3275,0.0772,0.3060,-0.8093,-48.0773,2.5868,0.2206,0.0000,1,0,0,0,0,0.2666
249.8090,139.1064,0.0863,205.9209,0.0002,0.0007,0.0000,0.0002,0.0000,293.8000,-2.1075,-0.3353,0.0772,0.3060,-0.8232,-48.5271,7.9615,0.2206,0.0000,1,0,0,0,0,0.5594
249.8623,139.1064,0.0863,205.9209,0.0002,0.0007,0.0000,0.0002,0.0000,293.6788,-2.2735,-0.3412,0.0772,0.3060,-0.8373,-49.1137,10.9996,0.2206,0.0000,1,0,0,0,0,0.7374
249.9197,139.1064,0.0863,205.9209,0.0002,0.0007,0.0000,0.0002,0.0000,293.5558,-2.1408,-0.3431,0.0772,0.3060,-0.8482,-49.8403,12.6473,0.2206,0.0000,1,0,0,0,0,0.8216
249.9709,139.1064,0.0863,205.9209,0.0002,0.0007,0.0000,0.0002,0.0000,293.4563,-1.9428,-0.3470,0.0772,0.3060,-0.8567,-50.5527,13.9112,0.2206,0.0000,1,0,0,0,0,0.8808
250.0296,139.1064,0.0863,205.9209,0.0002,0.0007,0.0000,0.0002,0.0000,293.3053,-2.5736,-0.3529,0.0772,0.3060,-0.8694,-51.2006,11.0402,0.2206,0.0000,1,0,0,0,0,0.7563
250.0848,139.1064,0.0863,205.9209,0.0002,0.0007,0.0000,0.0002,0.0000,293.1777,-2.3126,-0.3548,0.0772,0.3060,-0.8787,-51.8421,11.6305,0.2206,0.0000,1,0,0,0,0,0.7746
250.1357,139.1064,0.0863,205.9209,0.0002,0.0007,0.0000,0.0002,0.0000,293.0748,-2.0222,-0.3588,0.0772,0.3060,-0.8855,-52.3216,9.4229,0.2206,0.0000,1,0,0,0,0,0.6358
250.1936,139.1064,0.0863,205.9209,0.0002,0.0007,0.0000,0.0002,0.0000,292.9450,-2.2414,-0.3627,0.0772,0.3060,-0.8947,-52.9257,10.4318,0.2206,0.0000,1,0,0,0,0,0.7041
250.2475,139.1064,0.0863,205.9209,0.0002,0.0007,0.0000,0.0002,0.0000,292.8140,-2.4295,-0.3646,0.0772,0.3060,-0.9023,-53.4486,9.6964,0.2206,0.0000,1,0,0,0,0,0.6737
250.3083,139.1064,0.0863,205.9209,0.0002,0.0007,0.0000,0.0002,0.0000,292.6554,-2.6070,-0.3666,0.0772,0.3060,-0.9106,-53.9401,8.0791,0.2206,0.0000,1,0,0,0,0,0.5937
250.3587,139.1064,0.0863,205.9209,0.0002,0.0007,0.0000,0.0002,0.0000,292.5489,-2.1145,-0.3686,0.0772,0.3060,-0.9159,-54.3707,8.5515,0.2206,0.0000,1,0,0,0,0,0.5926
250.4133,139.1064,0.0863,205.9209,0.0002,0.0007,0.0000,0.0002,0.0000,292.4152,-2.4502,-0.3705,0.0772,0.3060,-0.9198,-54.7222,6.4420,0.2206,0.0000,1,0,0,0,0,0.4940
250.4657,139.1064,0.0863,205.9209,0.0002,0.0007,0.0000,0.0002,0.0000,292.2809,-2.5623,-0.3705,0.0772,0.3060,-0.9235,-55.0241,5.7576,0.2206,0.0000,1,0,0,0,0,0.4622
250.5234,139.1064,0.0863,205.9209,0.0002,0.0007,0.0000,0.0002,0.0000,292.1463,-2.3321,-0.3705,0.0772,0.3060,-0.9251,-55.2333,3.6259,0.2206,0.0000,1,0,0,0,0,0.3310
250.5806,139.1064,0.0863,205.9209,0.0002,0.0008,-0.0001,0.0002,0.0008,291.9999,-2.5577,-0.3725,0.1222,0.3060,-0.9265,-55.4050,2.9997,0.2602,0.0000,1,0,0,0,0,0.3087
250.6435,139.1064,0.0863,205.9209,0.0004,0.0015,-0.0001,0.0004,0.0030,291.7465,-4.0325,-0.3744,0.2317,0.3060,-0.9314,-55.5671,2.5795,0.4262,0.0000,1,0,0,0,0,0.3673
250.6946,139.1064,0.0863,205.9210,0.0007,0.0026,0.0000,0.0007,0.0060,291.4054,-6.6780,-0.3744,0.3138,0.3060,-0.9340,-55.7556,3.6900,0.6388,0.0000,1,0,0,0,0,0.5760
250.7467,139.1064,0.0863,205.9211,0.0012,0.0044,0.0003,0.0012,0.0097,291.0347,-7.1044,-0.3744,0.3959,0.3060,-0.9350,-55.9100,2.9594,0.7961,0.0000,1,0,0,0,0,0.5591
250.7977,139.1064,0.0863,205.9213,0.0016,0.0056,0.0004,0.0015,0.0065,290.4943,-10.6080,-0.3744,0.4448,0.3060,-0.9356,-56.0123,2.0089,0.9002,0.0000,1,0,0,0,0,0.7009
250.8491,139.1063,0.0863,205.9215,0.0144,0.0517,0.0143,0.0013,0.2485,289.9120,-11.3173,-0.3744,0.4741,0.3060,-0.9358,-56.0736,1.1902,0.9512,0.0000,1,0,0,0,0,0.6949
250.9026,139.1050,0.0863,205.9221,0.0434,0.1563,0.0434,0.0014,0.5440,289.4314,-8.9906,-0.3744,0.5073,0.3060,-0.9359,-56.1143,0.7617,0.9724,0.0000,1,0,0,0,0,0.5418
250.9774,139.0995,0.0863,205.9242,0.1131,0.4071,0.1131,0.0021,0.9307,288.5663,-11.5580,-0.3744,0.5269,0.3060,-0.9360,-56.1378,0.3141,0.9899,0.0000,1,0,0,0,0,0.6596
251.0317,139.0922,0.0863,205.9268,0.1696,0.6107,0.1696,0.0027,1.0426,287.9346,-11.6456,-0.3744,0.5269,0.3060,-0.9360,-56.1516,0.2545,0.9950,0.0000,1,0,0,0,0,0.6611
251.0831,139.0827,0.0863,205.9301,0.2288,0.8236,0.2288,0.0034,1.1491,287.2935,-12.4572,-0.3744,0.5269,0.3060,-0.9360,-56.1560,0.0848,0.9976,0.0000,1,0,0,0,0,0.6968
251.1437,139.0679,0.0863,205.9349,0.2891,1.0407,0.2891,0.0041,0.9956,286.6437,-10.7259,-0.3744,0.5269,0.3060,-0.9360,-56.1588,0.0472,0.9988,0.0000,1,0,0,0,0,0.5985
251.2000,139.0506,0.0863,205.9403,0.3500,1.2600,0.3500,0.0050,1.0821,285.9857,-11.6904,-0.3744,0.5210,0.3060,-0.9360,-56.1602,0.0249,0.9994,0.0000,1,0,0,0,0,0.6509
251.2514,139.0320,0.0863,205.9458,0.4111,1.4801,0.4111,0.0058,1.1906,285.3197,-12.9700,-0.3744,0.5289,0.3060,-0.9360,-56.1609,0.0120,0.9997,0.0000,1,0,0,0,0,0.7212
251.3093,139.0077,0.0863,205.9526,0.4257,1.5324,0.4256,0.0058,0.2509,284.6648,-11.3096,-0.3744,0.5601,0.3060,-0.9360,-56.1612,0.0067,0.9999,0.0000,1,0,0,0,0,0.6287
251.3680,139.0021,0.0862,205.9498,0.0415,0.1492,-0.0044,0.0412,-6.5402,284.3492,-5.3719,-0.3744,0.5816,0.3060,-0.9360,-56.1614,0.0032,0.9999,0.0000,1,0,0,0,0,0.2986
251.4184,138.9998,0.0864,205.9463,0.0577,0.2077,0.0377,0.0436,0.3222,284.0667,-5.6075,-0.3744,0.5914,0.3060,-0.9360,-56.1615,0.0015,1.0000,0.0000,1,0,0,0,0,0.3116
251.4731,138.9962,0.0868,205.9431,0.1100,0.3958,0.1049,0.0330,0.9559,283.8091,-4.7128,-0.3744,0.6110,0.3060,-0.9360,-56.1615,0.0008,1.0000,0.0000,1,0,0,0,0,0.2619
251.5266,138.9926,0.0868,205.9404,0.1193,0.4295,0.1150,0.0316,0.1745,283.5521,-4.8013,-0.3744,0.6168,0.3060,-0.9360,-56.1616,0.0005,1.0000,0.0000,1,0,0,0,0,0.2668
251.5789,138.9889,0.0867,205.9377,0.1142,0.4110,0.1098,0.0314,-0.0979,283.3424,-4.0093,-0.3705,0.6168,0.3060,-0.9322,-56.1086,1.0131,1.0000,0.0000,1,0,0,0,0,0.2790
251.6343,138.9850,0.0867,205.9349,0.0953,0.3431,0.0895,0.0328,-0.3405,283.0847,-4.6478,-0.3568,0.6168,0.3060,-0.9160,-55.8373,4.8927,1.0000,0.0000,1,0,0,0,0,0.5300
251.6952,138.9808,0.0866,205.9318,0.0657,0.2366,0.0559,0.0346,-0.4858,282.7709,-5.1547,-0.3412,0.6188,0.3060,-0.8832,-54.9459,14.6450,1.0000,0.0000,1,0,0,0,0,1.1000
251.7548,138.9767,0.0865,205.9286,0.0976,0.3513,0.0920,0.0326,0.5346,282.4938,-4.6498,-0.3236,0.6188,0.3060,-0.8481,-53.4651,24.8445,1.0000,0.0000,1,0,0,0,0,1.6386
251.8102,138.9734,0.0867,205.9259,0.0961,0.3461,0.0924,0.0266,-0.0259,282.2675,-4.0860,-0.3079,0.6266,0.3060,-0.8093,-51.6198,33.3155,1.0000,0.0000,1,0,0,0,0,2.0779
251.8713,138.9697,0.0867,205.9234,0.0828,0.2979,0.0789,0.0251,-0.2192,282.0038,-4.3152,-0.2903,0.6422,0.3060,-0.7633,-49.3304,37.4712,1.0000,0.0000,1,0,0,0,0,2.3215
251.9257,138.9666,0.0867,205.9211,0.0897,0.3229,0.0867,0.0231,0.1277,281.7924,-3.8850,-0.2728,0.6598,0.3060,-0.7213,-47.1677,39.7472,1.0000,0.0000,1,0,0,0,0,2.4240
251.9778,138.9637,0.0866,205.9191,0.0823,0.2962,0.0792,0.0223,-0.1427,281.6304,-3.1104,-0.2571,0.6618,0.3060,-0.6890,-44.9248,43.0416,1.0000,0.0000,1,0,0,0,0,2.5640
252.0309,138.9610,0.0866,205.9171,0.0600,0.2159,0.0551,0.0236,-0.4202,281.4387,-3.6145,-0.2434,0.6755,0.3060,-0.6511,-42.4946,45.8198,1.0000,0.0000,1,0,0,0,0,2.7463
252.0868,138.9582,0.0866,205.9151,0.0726,0.2615,0.0697,0.0205,0.2260,281.2555,-3.2732,-0.2297,0.6813,0.3060,-0.6133,-40.0603,43.4935,1.0000,0.0000,1,0,0,0,0,2.5981
252.1376,138.9558,0.0866,205.9134,0.0490,0.1762,0.0440,0.0214,-0.4666,281.0798,-3.4623,-0.2239,0.6813,0.3060,-0.5840,-38.1911,36.8414,1.0000,0.0000,1,0,0,0,0,2.2391
252.1977,138.9530,0.0865,205.9114,0.0598,0.2151,0.0566,0.0191,0.1795,280.9060,-2.8899,-0.2180,0.6794,0.3060,-0.5630,-36.1988,33.1227,1.0000,0.0000,1,0,0,0,0,2.0007
252.2533,138.9506,0.0865,205.9096,0.0422,0.1520,0.0365,0.0212,-0.3154,280.7401,-2.9852,-0.2161,0.6774,0.3060,-0.5503,-34.6785,27.3570,1.0000,0.0000,1,0,0,0,0,1.6857
252.3167,138.9478,0.0865,205.9076,0.0472,0.1699,0.0427,0.0202,0.0785,280.5435,-3.0986,-0.2161,0.6774,0.3060,-0.5438,-33.7156,15.1765,1.0000,0.0000,1,0,0,0,0,1.0153
252.3706,138.9455,0.0865,205.9059,0.0549,0.1978,0.0517,0.0186,0.1435,280.3769,-3.0926,-0.2161,0.6794,0.3060,-0.5417,-33.1660,10.2009,1.0000,0.0000,1,0,0,0,0,0.7385
252.4289,138.9429,0.0865,205.9041,0.0445,0.1603,0.0397,0.0201,-0.1786,280.2127,-2.8153,-0.2258,0.6774,0.3060,-0.5486,-32.8333,5.7049,1.0000,0.0000,1,0,0,0,0,0.4733
252.4897,138.9402,0.0865,205.9021,0.0598,0.2155,0.0568,0.0190,0.2522,280.0424,-2.8007,-0.2415,0.6774,0.3060,-0.5718,-33.2342,6.5949,1.0000,0.0000,1,0,0,0,0,0.5220
252.5487,138.9375,0.0866,205.9001,0.0668,0.2406,0.0639,0.0196,0.1182,279.8290,-3.6173,-0.2591,0.6774,0.3060,-0.6117,-34.3471,18.8615,1.0000,0.0000,1,0,0,0,0,1.2488
252.6095,138.9344,0.0866,205.8980,0.0566,0.2039,0.0516,0.0233,-0.1675,279.6410,-3.0947,-0.2747,0.6755,0.3060,-0.6476,-36.1498,29.6760,1.0000,0.0000,1,0,0,0,0,1.8206
252.6672,138.9313,0.0866,205.8958,0.0801,0.2884,0.0773,0.0209,0.4064,279.4443,-3.4079,-0.2903,0.6833,0.3060,-0.6847,-38.2948,37.1594,1.0000,0.0000,1,0,0,0,0,2.2537
252.7200,138.9283,0.0866,205.8938,0.0706,0.2543,0.0665,0.0238,-0.1794,279.2350,-3.9630,-0.3040,0.7322,0.3060,-0.7205,-40.3181,38.3236,1.0000,0.0000,1,0,0,0,0,2.3493
252.7720,138.9253,0.0867,205.8916,0.0881,0.3170,0.0853,0.0219,0.3348,279.0133,-4.2597,-0.3158,0.8202,0.3060,-0.7542,-42.0560,33.3908,1.0000,0.0000,1,0,0,0,0,2.0917
252.8341,138.9215,0.0867,205.8890,0.0798,0.2873,0.0759,0.0246,-0.1329,278.7852,-3.6760,-0.3236,0.9805,0.3060,-0.7832,-44.1872,34.3332,1.0000,0.0000,1,0,0,0,0,2.1116
252.8892,138.9180,0.0867,205.8865,0.0972,0.3498,0.0945,0.0225,0.3153,278.5495,-4.2810,-0.3275,1.0000,0.3060,-0.8030,-46.1119,34.9603,1.0000,0.0000,1,0,0,0,0,2.1801
252.9507,138.9140,0.0867,205.8838,0.0990,0.3563,0.0964,0.0226,0.0296,278.2582,-4.7323,-0.3333,1.0000,0.3060,-0.8205,-47.4513,21.7609,1.0000,0.0000,1,0,0,0,0,1.4718
253.0013,138.9106,0.0867,205.8815,0.0986,0.3550,0.0960,0.0227,-0.0076,278.0599,-3.9215,-0.3353,1.0000,0.3060,-0.8292,-48.5057,20.8508,1.0000,0.0000,1,0,0,0,0,1.3762
253.0583,138.9067,0.0867,205.8788,0.1030,0.3708,0.1006,0.0223,0.0773,277.7578,-5.2930,-0.3392,1.0000,0.3060,-0.8395,-49.3019,13.9523,1.0000,0.0000,1,0,0,0,0,1.0692
253.1160,138.9027,0.0867,205.8762,0.0876,0.3152,0.0839,0.0249,-0.2681,277.5035,-4.4148,-0.3412,1.0000,0.3060,-0.8468,-49.9950,12.0323,1.0000,0.0000,1,0,0,0,0,0.9137
253.1737,138.8986,0.0867,205.8735,0.1034,0.3724,0.1010,0.0224,0.2749,277.2476,-4.4335,-0.3431,1.0000,0.3060,-0.8527,-50.4868,8.5190,1.0000,0.0000,1,0,0,0,0,0.7196
253.2298,138.8947,0.0867,205.8709,0.0873,0.3141,0.0837,0.0247,-0.2880,276.9876,-4.6281,-0.3470,1.0000,0.3060,-0.8592,-50.9554,8.3433,1.0000,0.0000,1,0,0,0,0,0.7206
253.2829,138.8908,0.0867,205.8684,0.1046,0.3764,0.1022,0.0220,0.3262,276.7249,-4.9511,-0.3509,1.0000,0.3060,-0.8671,-51.3578,7.5828,1.0000,0.0000,1,0,0,0,0,0.6963
253.3335,138.8872,0.0867,205.8660,0.1064,0.3830,0.1041,0.0220,0.0362,276.5127,-4.1967,-0.3529,1.0000,0.3060,-0.8729,-51.7454,7.6641,1.0000,0.0000,1,0,0,0,0,0.6589
253.3944,138.8827,0.0867,205.8630,0.1061,0.3820,0.1039,0.0217,-0.0045,276.1867,-5.3472,-0.3548,1.0000,0.3060,-0.8812,-52.2121,7.6561,1.0000,0.0000,1,0,0,0,0,0.7224
253.4541,138.8782,0.0867,205.8600,0.0661,0.2379,0.0579,0.0318,-0.6718,275.9056,-4.7156,-0.3588,1.0000,0.3060,-0.8881,-52.6739,7.7472,1.0000,0.0000,1,0,0,0,0,0.6924
253.5042,138.8743,0.0865,205.8572,0.0990,0.3565,0.0957,0.0253,0.6574,275.5914,-6.2679,-0.3607,1.0000,0.3060,-0.8945,-53.0631,7.7629,1.0000,0.0000,1,0,0,0,0,0.7795
253.5573,138.8704,0.0867,205.8544,0.0916,0.3296,0.0879,0.0256,-0.1406,275.3124,-5.2565,-0.3627,1.0000,0.3060,-0.9011,-53.4835,7.9225,1.0000,0.0000,1,0,0,0,0,0.7322
253.6113,138.8663,0.0867,205.8516,0.0951,0.3424,0.0921,0.0239,0.0656,275.0877,-4.1558,-0.3646,1.0000,0.3060,-0.9062,-53.8243,6.3014,1.0000,0.0000,1,0,0,0,0,0.5810
253.6633,138.8623,0.0867,205.8490,0.1080,0.3887,0.1058,0.0215,0.2475,274.8054,-5.4344,-0.3666,1.0000,0.3060,-0.9112,-54.1934,7.1039,1.0000,0.0000,1,0,0,0,0,0.6966
253.7150,138.8583,0.0867,205.8464,0.0947,0.3410,0.0915,0.0245,-0.2560,274.5187,-5.5405,-0.3686,1.0000,0.3060,-0.9150,-54.4525,5.0089,1.0000,0.0000,1,0,0,0,0,0.5861
253.7667,138.8543,0.0867,205.8438,0.0926,0.3335,0.0894,0.0242,-0.0405,274.2861,-4.5009,-0.3686,1.0000,0.3060,-0.9181,-54.7356,5.4796,1.0000,0.0000,1,0,0,0,0,0.5545
253.8248,138.8497,0.0867,205.8408,0.0901,0.3242,0.0864,0.0256,-0.0442,273.9348,-6.0457,-0.3725,1.0000,0.3060,-0.9247,-55.0073,4.6733,1.0000,0.0000,1,0,0,0,0,0.5955
253.8755,138.8457,0.0867,205.8382,0.0823,0.2961,0.0774,0.0279,-0.1540,273.6946,-4.7424,-0.3744,1.0000,0.3060,-0.9298,-55.2848,5.4806,1.0000,0.0000,1,0,0,0,0,0.5679
253.9272,138.8415,0.0865,205.8353,0.1039,0.3739,0.1012,0.0233,0.4175,273.3482,-6.6928,-0.3783,1.0000,0.3060,-0.9375,-55.6304,6.6770,1.0000,0.0000,1,0,0,0,0,0.7428
253.9865,138.8367,0.0867,205.8316,0.1000,0.3601,0.0973,0.0233,-0.0649,273.0388,-5.2194,-0.3803,1.0000,0.3060,-0.9442,-56.0495,7.0724,1.0000,0.0000,1,0,0,0,0,0.6829
254.0579,138.8308,0.0866,205.8277,0.0590,0.2124,0.0460,0.0370,-0.5745,272.5913,-6.2662,-0.3822,1.0000,0.3060,-0.9518,-56.4767,5.9807,1.0000,0.0000,1,0,0,0,0,0.6804
254.1185,138.8257,0.0866,205.8239,0.0768,0.2766,0.0702,0.0312,0.2943,272.2424,-5.7534,-0.3842,1.0000,0.3060,-0.9567,-56.9402,7.6439,1.0000,0.0000,1,0,0,0,0,0.7443
254.1749,138.8211,0.0867,205.8207,0.1143,0.4114,0.1128,0.0185,0.6648,271.9259,-5.6211,-0.3861,1.0000,0.3060,-0.9608,-57.2556,5.6016,1.0000,0.0000,1,0,0,0,0,0.6235
254.2266,138.8168,0.0866,205.8178,0.0811,0.2921,0.0758,0.0289,-0.6402,271.6002,-6.2943,-0.3861,1.0000,0.3060,-0.9634,-57.4728,4.1974,1.0000,0.0000,1,0,0,0,0,0.5829
254.2772,138.8125,0.0867,205.8149,0.0875,0.3151,0.0836,0.0258,0.1262,271.3357,-5.2242,-0.3861,1.0000,0.3060,-0.9643,-57.6561,3.6200,1.0000,0.0000,1,0,0,0,0,0.4913
254.3287,138.8082,0.0867,205.8121,0.1154,0.4153,0.1142,0.0164,0.5407,271.0073,-6.3826,-0.3861,1.0000,0.3060,-0.9649,-57.7634,2.0847,1.0000,0.0000,1,0,0,0,0,0.4704
254.3816,138.8037,0.0866,205.8090,0.0839,0.3020,0.0796,0.0265,-0.5947,270.6721,-6.3369,-0.3861,1.0000,0.3060,-0.9651,-57.8324,1.3057,1.0000,0.0000,1,0,0,0,0,0.4246
254.4387,138.7989,0.0867,205.8058,0.1118,0.4024,0.1105,0.0168,0.4879,270.3400,-5.8109,-0.3861,1.0000,0.3060,-0.9652,-57.8733,0.7145,1.0000,0.0000,1,0,0,0,0,0.3625
254.4892,138.7945,0.0866,205.8029,0.1221,0.4397,0.1216,0.0112,0.2052,270.0622,-5.5048,-0.3861,1.0000,0.3060,-0.9653,-57.8927,0.3844,1.0000,0.0000,1,0,0,0,0,0.3272
254.5409,138.7903,0.0867,205.7999,0.0856,0.3083,0.0816,0.0261,-0.7063,269.7292,-6.4436,-0.3861,1.0000,0.3060,-0.9653,-57.9047,0.2331,1.0000,0.0000,1,0,0,0,0,0.3709
254.5957,138.7855,0.0866,205.7967,0.1183,0.4259,0.1177,0.0116,0.5956,269.3843,-6.2894,-0.3861,1.0000,0.3060,-0.9653,-57.9119,0.1306,1.0000,0.0000,1,0,0,0,0,0.3567
254.6544,138.7806,0.0867,205.7933,0.0875,0.3149,0.0838,0.0251,-0.5250,269.0462,-5.7558,-0.3861,1.0000,0.3060,-0.9653,-57.9159,0.0693,1.0000,0.0000,1,0,0,0,0,0.3236
254.7088,138.7759,0.0866,205.7902,0.1205,0.4339,0.1201,0.0101,0.6086,268.6940,-6.4795,-0.3861,1.0000,0.3060,-0.9653,-57.9176,0.0315,1.0000,0.0000,1,0,0,0,0,0.3617
254.7595,138.7716,0.0866,205.7871,0.0836,0.3011,0.0795,0.0261,-0.7284,268.3441,-6.9078,-0.3861,1.0000,0.3060,-0.9653,-57.9185,0.0163,1.0000,0.0000,1,0,0,0,0,0.3847
254.8106,138.7674,0.0867,205.7841,0.0798,0.2872,0.0749,0.0275,-0.0755,268.0666,-5.4287,-0.3861,1.0000,0.3060,-0.9653,-57.9189,0.0083,1.0000,0.0000,1,0,0,0,0,0.3021
254.8685,138.7624,0.0866,205.7806,0.0866,0.3116,0.0835,0.0230,0.1172,267.6360,-7.4381,-0.3842,1.0000,0.3060,-0.9634,-57.9072,0.2028,1.0000,0.0000,1,0,0,0,0,0.4245
254.9216,138.7580,0.0867,205.7775,0.0858,0.3090,0.0824,0.0238,-0.0139,267.3572,-5.2440,-0.3783,1.0000,0.3060,-0.9568,-57.7782,2.4267,1.0000,0.0000,1,0,0,0,0,0.4261
254.9855,138.7525,0.0865,205.7737,0.0756,0.2721,0.0711,0.0257,-0.1604,266.9229,-6.8005,-0.3744,1.0000,0.3060,-0.9451,-57.3996,5.9275,1.0000,0.0000,1,0,0,0,0,0.7071
255.0388,138.7482,0.0866,205.7706,0.1017,0.3662,0.1007,0.0142,0.4904,266.5718,-6.5848,-0.3686,1.0000,0.3060,-0.9344,-56.8611,10.0991,1.0000,0.0000,1,0,0,0,0,0.9269
255.0930,138.7437,0.0865,205.7674,0.0695,0.2502,0.0637,0.0278,-0.5948,266.2133,-6.6167,-0.3627,1.0000,0.3060,-0.9210,-56.2267,11.7075,1.0000,0.0000,1,0,0,0,0,1.0180
255.1509,138.7391,0.0866,205.7640,0.0959,0.3453,0.0946,0.0157,0.4559,265.8687,-5.9473,-0.3548,1.0000,0.3060,-0.9055,-55.4806,12.8772,1.0000,0.0000,1,0,0,0,0,1.0458
255.2062,138.7347,0.0866,205.7609,0.0687,0.2472,0.0633,0.0267,-0.4928,265.5247,-6.2196,-0.3490,1.0000,0.3060,-0.8901,-54.6449,15.1129,1.0000,0.0000,1,0,0,0,0,1.1851
255.2585,138.7307,0.0866,205.7580,0.0868,0.3124,0.0852,0.0166,0.3471,265.1829,-6.5470,-0.3412,1.0000,0.3060,-0.8722,-53.8575,15.0795,1.0000,0.0000,1,0,0,0,0,1.2015
255.3100,138.7267,0.0865,205.7551,0.0974,0.3507,0.0969,0.0101,0.2062,264.9114,-5.2664,-0.3353,1.0000,0.3060,-0.8575,-52.8519,19.5101,1.0000,0.0000,1,0,0,0,0,1.3765
255.3607,138.7230,0.0866,205.7524,0.0733,0.2637,0.0704,0.0203,-0.4769,264.5877,-6.3898,-0.3255,0.9844,0.3060,-0.8367,-51.9776,17.2583,1.0000,0.0000,1,0,0,0,0,1.3138
255.4111,138.7194,0.0866,205.7498,0.0791,0.2848,0.0773,0.0170,0.1158,264.2714,-6.2716,-0.3177,0.9766,0.3060,-0.8157,-50.8883,21.5948,1.0000,0.0000,1,0,0,0,0,1.5481
255.4722,138.7152,0.0866,205.7468,0.0743,0.2674,0.0724,0.0166,-0.0790,263.9610,-5.0792,-0.3079,0.9766,0.3060,-0.7942,-49.5682,21.6006,1.0000,0.0000,1,0,0,0,0,1.4822
255.5327,138.7111,0.0866,205.7438,0.0712,0.2565,0.0695,0.0157,-0.0501,263.6564,-5.0386,-0.2981,0.9766,0.3060,-0.7710,-48.1743,23.0632,1.0000,0.0000,1,0,0,0,0,1.5612
255.5953,138.7071,0.0865,205.7408,0.0694,0.2498,0.0679,0.0141,-0.0298,263.3006,-5.6836,-0.2864,0.9766,0.3060,-0.7413,-46.9587,19.4165,1.0000,0.0000,1,0,0,0,0,1.3945
255.6543,138.7034,0.0865,205.7381,0.0679,0.2446,0.0665,0.0138,-0.0243,263.0149,-4.8413,-0.2767,0.9766,0.3060,-0.7161,-44.9188,34.5622,1.0000,0.0000,1,0,0,0,0,2.1891
255.7128,138.6999,0.0865,205.7355,0.0629,0.2265,0.0615,0.0133,-0.0859,262.6823,-5.6780,-0.2610,0.9766,0.3060,-0.6834,-43.3756,26.3505,1.0000,0.0000,1,0,0,0,0,1.7794
255.7676,138.6968,0.0865,205.7331,0.0619,0.2230,0.0608,0.0119,-0.0178,262.4155,-4.8708,-0.2512,0.9766,0.3060,-0.6580,-41.8207,28.3847,1.0000,0.0000,1,0,0,0,0,1.8475
255.8214,138.6938,0.0865,205.7309,0.0587,0.2112,0.0576,0.0112,-0.0609,262.2087,-3.8424,-0.2415,0.9766,0.3060,-0.6351,-40.3016,28.2274,1.0000,0.0000,1,0,0,0,0,1.7817
255.8716,138.6912,0.0865,205.7290,0.0561,0.2019,0.0550,0.0111,-0.0513,261.9611,-4.9367,-0.2278,0.9766,0.3060,-0.6041,-38.8434,29.0649,1.0000,0.0000,1,0,0,0,0,1.8890
255.9253,138.6885,0.0865,205.7269,0.0530,0.1909,0.0520,0.0103,-0.0570,261.7238,-4.4170,-0.2161,0.9766,0.3060,-0.5743,-37.1227,32.0355,1.0000,0.0000,1,0,0,0,0,2.0251
255.9827,138.6858,0.0865,205.7249,0.0507,0.1824,0.0497,0.0098,-0.0411,261.4989,-3.9239,-0.2043,0.9766,0.3060,-0.5442,-35.2981,31.8275,1.0000,0.0000,1,0,0,0,0,1.9862
256.0353,138.6834,0.0865,205.7231,0.0475,0.1710,0.0466,0.0092,-0.0603,261.2827,-4.1055,-0.1945,0.9766,0.3060,-0.5163,-33.7425,29.5412,1.0000,0.0000,1,0,0,0,0,1.8693
256.0874,138.6812,0.0865,205.7213,0.0455,0.1637,0.0447,0.0084,-0.0387,261.1164,-3.1909,-0.1867,0.9766,0.3060,-0.4945,-31.9881,33.6593,1.0000,0.0000,1,0,0,0,0,2.0472
256.1443,138.6789,0.0865,205.7196,0.0425,0.1529,0.0417,0.0082,-0.0528,260.8779,-4.1971,-0.1750,0.9766,0.3060,-0.4646,-30.1846,31.7388,1.0000,0.0000,1,0,0,0,0,1.9964
256.2042,138.6767,0.0865,205.7177,0.0405,0.1458,0.0399,0.0068,-0.0328,260.6880,-3.1670,-0.1711,0.9766,0.3060,-0.4444,-28.7182,24.4651,1.0000,0.0000,1,0,0,0,0,1.5351
256.2590,138.6747,0.0864,205.7161,0.0398,0.1433,0.0392,0.0068,-0.0127,260.5041,-3.3545,-0.1711,0.9766,0.3060,-0.4349,-27.4773,22.6275,1.0000,0.0000,1,0,0,0,0,1.4434
256.3109,138.6729,0.0864,205.7146,0.0390,0.1404,0.0384,0.0068,-0.0158,260.3225,-3.5021,-0.1691,0.9766,0.3060,-0.4280,-26.7003,14.9853,1.0000,0.0000,1,0,0,0,0,1.0271
256.3619,138.6711,0.0864,205.7132,0.0400,0.1441,0.0395,0.0065,0.0203,260.1790,-2.8134,-0.1691,0.9766,0.3060,-0.4254,-26.1754,10.2882,1.0000,0.0000,1,0,0,0,0,0.7279
256.4137,138.6692,0.0864,205.7117,0.0393,0.1415,0.0389,0.0058,-0.0139,259.9975,-3.5032,-0.1770,0.9766,0.3060,-0.4304,-25.8896,5.5178,1.0000,0.0000,1,0,0,0,0,0.5012
256.4658,138.6674,0.0864,205.7102,0.0398,0.1431,0.0392,0.0068,0.0086,259.8102,-3.5937,-0.1867,0.9766,0.3060,-0.4476,-26.0266,2.6270,1.0000,0.0000,1,0,0,0,0,0.3456
256.5251,138.6652,0.0865,205.7084,0.0421,0.1516,0.0416,0.0066,0.0396,259.6136,-3.3194,-0.2004,0.9766,0.3060,-0.4720,-26.7635,12.4410,1.0000,0.0000,1,0,0,0,0,0.8756
256.5769,138.6631,0.0865,205.7067,0.0435,0.1565,0.0425,0.0089,0.0263,259.4063,-4.0000,-0.2102,0.9766,0.3060,-0.4967,-27.8633,21.2240,1.0000,0.0000,1,0,0,0,0,1.4013
256.6295,138.6609,0.0865,205.7049,0.0469,0.1688,0.0464,0.0069,0.0650,259.2317,-3.3171,-0.2180,0.9766,0.3060,-0.5195,-28.7240,16.3490,1.0000,0.0000,1,0,0,0,0,1.0926
256.6822,138.6586,0.0865,205.7030,0.0478,0.1722,0.0470,0.0087,0.0182,259.0023,-4.3552,-0.2317,0.9746,0.3060,-0.5489,-30.4956,33.6353,1.0000,0.0000,1,0,0,0,0,2.1106
256.7348,138.6562,0.0865,205.7011,0.0505,0.1817,0.0498,0.0080,0.0498,258.7609,-4.5876,-0.2415,0.9746,0.3060,-0.5753,-32.0999,30.4921,1.0000,0.0000,1,0,0,0,0,1.9489
256.7886,138.6536,0.0865,205.6990,0.0524,0.1887,0.0517,0.0089,0.0363,258.5106,-4.6497,-0.2493,0.9746,0.3060,-0.5988,-33.5570,27.0663,1.0000,0.0000,1,0,0,0,0,1.7620
256.8393,138.6511,0.0865,205.6970,0.0536,0.1931,0.0529,0.0088,0.0240,258.3017,-4.1266,-0.2571,0.9746,0.3060,-0.6178,-34.8482,25.5036,1.0000,0.0000,1,0,0,0,0,1.6461
256.8912,138.6484,0.0865,205.6949,0.0551,0.1983,0.0544,0.0085,0.0277,258.0318,-5.1926,-0.2649,0.9746,0.3060,-0.6393,-36.3037,28.0070,1.0000,0.0000,1,0,0,0,0,1.8444
256.9431,138.6456,0.0865,205.6927,0.0586,0.2110,0.0580,0.0082,0.0679,257.7540,-5.3553,-0.2708,0.9746,0.3060,-0.6571,-37.5069,23.1918,1.0000,0.0000,1,0,0,0,0,1.5860
257.0066,138.6422,0.0865,205.6900,0.0602,0.2167,0.0596,0.0082,0.0253,257.4671,-4.5214,-0.2767,0.9746,0.3060,-0.6735,-38.7573,19.7080,1.0000,0.0000,1,0,0,0,0,1.3461
257.0674,138.6388,0.0865,205.6874,0.0613,0.2208,0.0609,0.0075,0.0186,257.1126,-5.8313,-0.2806,0.9746,0.3060,-0.6893,-39.7984,17.1261,1.0000,0.0000,1,0,0,0,0,1.2754
257.1224,138.6356,0.0865,205.6849,0.0634,0.2283,0.0629,0.0081,0.0378,256.8112,-5.4745,-0.2864,0.9746,0.3060,-0.7017,-40.9110,20.2095,1.0000,0.0000,1,0,0,0,0,1.4269
257.1824,138.6322,0.0865,205.6822,0.0614,0.2211,0.0609,0.0076,-0.0336,256.5020,-5.1541,-0.2903,0.9746,0.3060,-0.7138,-41.7081,13.2841,1.0000,0.0000,1,0,0,0,0,1.0243
257.2338,138.6292,0.0865,205.6798,0.0634,0.2282,0.0630,0.0069,0.0385,256.1864,-6.1413,-0.2962,0.9746,0.3060,-0.7266,-42.5018,15.4444,1.0000,0.0000,1,0,0,0,0,1.1992
257.2911,138.6257,0.0865,205.6771,0.0655,0.2357,0.0651,0.0067,0.0364,255.8643,-5.6193,-0.3001,0.9746,0.3060,-0.7388,-43.2311,12.7258,1.0000,0.0000,1,0,0,0,0,1.0192
257.3455,138.6225,0.0865,205.6745,0.0657,0.2365,0.0654,0.0065,0.0044,255.5355,-6.0505,-0.3040,0.9746,0.3060,-0.7496,-43.9173,12.6256,1.0000,0.0000,1,0,0,0,0,1.0376
257.4039,138.6189,0.0866,205.6717,0.0667,0.2403,0.0665,0.0063,0.0178,255.2015,-5.7129,-0.3060,0.9746,0.3060,-0.7575,-44.5974,11.6312,1.0000,0.0000,1,0,0,0,0,0.9636
257.4550,138.6158,0.0866,205.6693,0.0665,0.2393,0.0662,0.0057,-0.0052,254.8613,-6.6675,-0.3099,0.9746,0.3060,-0.7660,-45.1175,10.1915,1.0000,0.0000,1,0,0,0,0,0.9366
257.5094,138.6124,0.0865,205.6666,0.0670,0.2411,0.0667,0.0058,0.0091,254.5168,-6.3232,-0.3099,0.9746,0.3060,-0.7710,-45.6155,9.1430,1.0000,0.0000,1,0,0,0,0,0.8592
257.5637,138.6090,0.0865,205.6640,0.0677,0.2437,0.0676,0.0030,0.0130,254.2395,-5.1114,-0.3099,0.9746,0.3060,-0.7728,-45.9736,6.6003,1.0000,0.0000,1,0,0,0,0,0.6506
257.6140,138.6059,0.0865,205.6615,0.0684,0.2463,0.0684,0.0027,0.0143,253.8907,-6.9273,-0.3099,0.9746,0.3060,-0.7739,-46.1764,4.0259,1.0000,0.0000,1,0,0,0,0,0.6085
257.6642,138.6027,0.0865,205.6591,0.0679,0.2443,0.0679,0.0010,-0.0108,253.5400,-6.9860,-0.3099,0.9746,0.3060,-0.7744,-46.2694,1.8536,1.0000,0.0000,1,0,0,0,0,0.4911
257.7152,138.5995,0.0865,205.6566,0.0698,0.2513,0.0698,0.0017,0.0380,253.2588,-5.5174,-0.3099,0.9746,0.3060,-0.7746,-46.3886,2.3391,1.0000,0.0000,1,0,0,0,0,0.4365
257.7769,138.5956,0.0865,205.6537,0.0702,0.2529,0.0702,0.0036,0.0073,252.8374,-6.8318,-0.3060,0.9746,0.3060,-0.7703,-46.4103,0.3513,1.0000,0.0000,1,0,0,0,0,0.3991
257.8275,138.5925,0.0865,205.6513,0.0694,0.2498,0.0692,0.0054,-0.0169,252.5572,-5.5341,-0.2962,0.9746,0.3060,-0.7582,-46.1474,5.1918,1.0000,0.0000,1,0,0,0,0,0.5959
257.8862,138.5889,0.0864,205.6486,0.0690,0.2485,0.0684,0.0093,-0.0059,252.1451,-7.0260,-0.2825,0.9746,0.3060,-0.7328,-45.4439,11.9953,1.0000,0.0000,1,0,0,0,0,1.0567
257.9381,138.5859,0.0864,205.6463,0.0720,0.2594,0.0710,0.0125,0.0579,251.8807,-5.0947,-0.2708,0.9746,0.3060,-0.7102,-44.4304,19.5238,1.0000,0.0000,1,0,0,0,0,1.3677
257.9972,138.5825,0.0864,205.6438,0.0691,0.2488,0.0677,0.0139,-0.0497,251.4969,-6.4959,-0.2551,0.9746,0.3060,-0.6722,-42.9121,25.6977,1.0000,0.0000,1,0,0,0,0,1.7885
258.0565,138.5793,0.0864,205.6414,0.0736,0.2648,0.0700,0.0225,0.0750,251.1855,-5.2479,-0.2375,0.9746,0.3060,-0.6346,-41.0850,30.7973,1.0000,0.0000,1,0,0,0,0,2.0025
258.1086,138.5765,0.0863,205.6395,0.0846,0.3046,0.0785,0.0316,0.2120,250.8940,-5.5996,-0.2219,0.9746,0.3060,-0.5971,-39.0730,38.6460,1.0000,0.0000,1,0,0,0,0,2.4581
258.1748,138.5737,0.0864,205.6369,0.0676,0.2434,0.0641,0.0216,-0.2561,250.5633,-4.9899,-0.2082,0.9746,0.3060,-0.5513,-37.2033,28.2076,1.0000,0.0000,1,0,0,0,0,1.8443
258.2272,138.5703,0.0863,205.6354,0.1039,0.3742,0.1036,0.0085,0.6933,250.3217,-4.6104,-0.1867,0.9746,0.3060,-0.5165,-34.3003,55.4025,1.0000,0.0000,1,0,0,0,0,3.3340
258.2779,138.5639,0.0863,205.6331,0.1653,0.5950,0.1653,0.0013,1.2101,249.9861,-6.6213,-0.1730,0.9746,0.3060,-0.4765,-32.1351,42.7140,1.0000,0.0000,1,0,0,0,0,2.7408
258.3306,138.5545,0.0863,205.6295,0.2268,0.8165,0.2268,0.0017,1.1672,249.6739,-5.9230,-0.1554,0.9727,0.3060,-0.4354,-29.8555,43.2522,1.0000,0.0000,1,0,0,0,0,2.7320
258.3925,138.5397,0.0863,205.6238,0.2883,1.0378,0.2883,0.0018,0.9928,249.3885,-4.6092,-0.1378,0.9727,0.3060,-0.3900,-27.2775,41.6343,1.0000,0.0000,1,0,0,0,0,2.5691
258.4515,138.5220,0.0863,205.6169,0.3498,1.2593,0.3498,0.0019,1.0439,249.1297,-4.3910,-0.1222,0.9727,0.3060,-0.3483,-24.3833,49.1142,1.0000,0.0000,1,0,0,0,0,2.9725
258.5022,138.5039,0.0863,205.6098,0.4112,1.4803,0.4112,0.0020,1.2108,248.8971,-4.5872,-0.1046,0.9727,0.3060,-0.3067,-22.0554,45.8972,1.0000,0.0000,1,0,0,0,0,2.8047
258.5568,138.4815,0.0863,205.6009,0.4728,1.7020,0.4728,0.0021,1.1284,248.6905,-3.7852,-0.0929,0.9727,0.3060,-0.2689,-19.6413,44.2424,1.0000,0.0000,1,0,0,0,0,2.6682
258.6112,138.4561,0.0863,205.5907,0.5342,1.9232,0.5342,0.0023,1.1281,248.5051,-3.4050,-0.0812,0.9727,0.3060,-0.2385,-17.4063,41.0275,1.0000,0.0000,1,0,0,0,0,2.5319
