time,position_x,position_y,position_z,speed_ms,speed_kmh,forward_speed,sideways_speed,acceleration_ms2,yaw,yaw_rate,raw_steer_x,raw_throttle_y,raw_brake_z,steer_input,handlebar_angle,steer_rate,throttle,brake,is_grounded,harsh_brake,harsh_steer,high_side_slip,high_yaw_rate,risk_score
0.1522,185.2042,0.1100,102.8923,0.0000,0.0000,0.0000,0.0000,0.0000,270.0000,0.0000,0.0000,0.0000,0.0000,0.0000,0.0000,0.0000,0.0000,0.0000,1,0,0,0,0,0.0000
0.2113,185.2042,0.0864,102.8923,0.0001,0.0002,0.0000,0.0001,0.0010,270.0011,0.0186,0.0000,0.0000,0.0000,0.0000,0.0000,0.0000,0.0000,0.0000,1,0,0,0,0,0.0010
0.4258,185.2042,0.0864,102.8923,0.0000,0.0000,0.0000,0.0000,-0.0003,270.0021,0.0048,0.0000,0.0000,0.0000,0.0000,0.0000,0.0000,0.0000,0.0000,1,0,0,0,0,0.0003
0.4936,185.2042,0.0864,102.8923,0.0000,0.0000,0.0000,0.0000,0.0000,270.0021,0.0000,0.0000,0.0000,0.0000,0.0000,0.0000,0.0000,0.0000,0.0000,1,0,0,0,0,0.0000
0.5756,185.2042,0.0864,102.8923,0.0000,0.0000,0.0000,0.0000,0.0000,270.0021,0.0000,0.0000,0.0000,0.0000,0.0000,0.0000,0.0000,0.0000,0.0000,1,0,0,0,0,0.0000
0.6305,185.2042,0.0864,102.8923,0.0000,0.0000,0.0000,0.0000,0.0000,270.0021,0.0000,0.0000,0.0000,0.0000,0.0000,0.0000,0.0000,0.0000,0.0000,1,0,0,0,0,0.0000
0.6880,185.2042,0.0864,102.8923,0.0000,0.0000,0.0000,0.0000,0.0000,270.0021,0.0000,0.0000,0.0000,0.0000,0.0000,0.0000,0.0000,0.0000,0.0000,1,0,0,0,0,0.0000
0.7420,185.2042,0.0864,102.8923,0.0000,0.0000,0.0000,0.0000,0.0000,270.0021,0.0000,0.0000,0.0000,0.0000,0.0000,0.0000,0.0000,0.0000,0.0000,1,0,0,0,0,0.0000
0.7974,185.2042,0.0864,102.8923,0.0000,0.0000,0.0000,0.0000,0.0000,270.0021,0.0000,0.0000,0.0000,0.0000,0.0000,0.0000,0.0000,0.0000,0.0000,1,0,0,0,0,0.0000
0.8535,185.2042,0.0864,102.8923,0.0000,0.0000,0.0000,0.0000,0.0000,270.0021,0.0000,0.0000,0.0000,0.0000,0.0000,0.0000,0.0000,0.0000,0.0000,1,0,0,0,0,0.0000
0.9078,185.2042,0.0864,102.8923,0.0000,0.0000,0.0000,0.0000,0.0000,270.0021,0.0000,0.0000,0.0000,0.0000,0.0000,0.0000,0.0000,0.0000,0.0000,1,0,0,0,0,0.0000
0.9640,185.2042,0.0864,102.8923,0.0000,0.0000,0.0000,0.0000,0.0000,270.0021,0.0000,0.0000,0.0000,0.0000,0.0000,0.0000,0.0000,0.0000,0.0000,1,0,0,0,0,0.0000
1.0202,185.2042,0.0864,102.8923,0.0000,0.0000,0.0000,0.0000,0.0000,270.0021,0.0000,0.0000,0.0000,0.0000,0.0000,0.0000,0.0000,0.0000,0.0000,1,0,0,0,0,0.0000
1.0888,185.2042,0.0864,102.8923,0.0000,0.0000,0.0000,0.0000,0.0000,270.0021,0.0000,0.0000,0.0000,0.0000,0.0000,0.0000,0.0000,0.0000,0.0000,1,0,0,0,0,0.0000
1.1440,185.2042,0.0864,102.8923,0.0000,0.0000,0.0000,0.0000,0.0000,270.0021,0.0000,0.0000,0.0000,0.0000,0.0000,0.0000,0.0000,0.0000,0.0000,1,0,0,0,0,0.0000
1.1999,185.2042,0.0864,102.8923,0.0000,0.0000,0.0000,0.0000,0.0000,270.0021,0.0000,0.0000,0.0000,0.0000,0.0000,0.0000,0.0000,0.0000,0.0000,1,0,0,0,0,0.0000
1.2693,185.2042,0.0864,102.8923,0.0000,0.0000,0.0000,0.0000,0.0000,270.0021,0.0000,0.0000,0.0000,0.0000,0.0000,0.0000,0.0000,0.0000,0.0000,1,0,0,0,0,0.0000
1.3257,185.2042,0.0864,102.8923,0.0000,0.0000,0.0000,0.0000,0.0000,270.0021,0.0000,0.0000,0.0000,0.0000,0.0000,0.0000,0.0000,0.0000,0.0000,1,0,0,0,0,0.0000
1.3821,185.2042,0.0864,102.8923,0.0000,0.0000,0.0000,0.0000,0.0000,270.0021,0.0000,0.0000,0.0000,0.0000,0.0000,0.0000,0.0000,0.0000,0.0000,1,0,0,0,0,0.0000
1.4363,185.2042,0.0864,102.8923,0.0000,0.0000,0.0000,0.0000,0.0000,270.0021,0.0000,0.0000,0.0000,0.0000,0.0000,0.0000,0.0000,0.0000,0.0000,1,0,0,0,0,0.0000
1.4923,185.2042,0.0864,102.8923,0.0000,0.0000,0.0000,0.0000,0.0000,270.0021,0.0000,0.0000,0.0000,0.0000,0.0000,0.0000,0.0000,0.0000,0.0000,1,0,0,0,0,0.0000
1.5470,185.2042,0.0864,102.8923,0.0000,0.0000,0.0000,0.0000,0.0000,270.0021,0.0000,0.0000,0.0000,0.0000,0.0000,0.0000,0.0000,0.0000,0.0000,1,0,0,0,0,0.0000
1.6038,185.2042,0.0864,102.8923,0.0000,0.0000,0.0000,0.0000,0.0000,270.0021,0.0000,0.0000,0.0000,0.0000,0.0000,0.0000,0.0000,0.0000,0.0000,1,0,0,0,0,0.0000
1.6719,185.2042,0.0864,102.8923,0.0000,0.0000,0.0000,0.0000,0.0000,270.0021,0.0000,0.0000,0.0000,0.0000,0.0000,0.0000,0.0000,0.0000,0.0000,1,0,0,0,0,0.0000
1.7284,185.2042,0.0864,102.8923,0.0000,0.0000,0.0000,0.0000,0.0000,270.0021,0.0000,0.0000,0.0000,0.0000,0.0000,0.0000,0.0000,0.0000,0.0000,1,0,0,0,0,0.0000
1.7837,185.2042,0.0864,102.8923,0.0000,0.0000,0.0000,0.0000,0.0000,270.0021,0.0000,0.0000,0.0000,0.0000,0.0000,0.0000,0.0000,0.0000,0.0000,1,0,0,0,0,0.0000
1.8386,185.2042,0.0864,102.8923,0.0000,0.0000,0.0000,0.0000,0.0000,270.0021,0.0000,0.0000,0.0000,0.0000,0.0000,0.0000,0.0000,0.0000,0.0000,1,0,0,0,0,0.0000
1.8949,185.2042,0.0864,102.8923,0.0000,0.0000,0.0000,0.0000,0.0000,270.0021,0.0000,0.0000,0.0000,0.0000,0.0000,0.0000,0.0000,0.0000,0.0000,1,0,0,0,0,0.0000
1.9497,185.2042,0.0864,102.8923,0.0000,0.0000,0.0000,0.0000,0.0000,270.0021,0.0000,0.0000,0.0000,0.0000,0.0000,0.0000,0.0000,0.0000,0.0000,1,0,0,0,0,0.0000
2.0055,185.2042,0.0864,102.8923,0.0000,0.0000,0.0000,0.0000,0.0000,270.0021,0.0000,0.0000,0.0000,0.0000,0.0000,0.0000,0.0000,0.0000,0.0000,1,0,0,0,0,0.0000
2.0617,185.2042,0.0864,102.8923,0.0000,0.0000,0.0000,0.0000,0.0000,270.0021,0.0000,0.0000,0.0000,0.0000,0.0000,0.0000,0.0000,0.0000,0.0000,1,0,0,0,0,0.0000
2.1175,185.2042,0.0864,102.8923,0.0000,0.0000,0.0000,0.0000,0.0000,270.0021,0.0000,0.0000,0.0000,0.0000,0.0000,0.0000,0.0000,0.0000,0.0000,1,0,0,0,0,0.0000
2.1860,185.2042,0.0864,102.8923,0.0000,0.0000,0.0000,0.0000,0.0000,270.0021,0.0000,0.0000,0.0000,0.0000,0.0000,0.0000,0.0000,0.0000,0.0000,1,0,0,0,0,0.0000
2.2413,185.2042,0.0864,102.8923,0.0000,0.0000,0.0000,0.0000,0.0000,270.0021,0.0000,0.0000,0.0000,0.0000,0.0000,0.0000,0.0000,0.0000,0.0000,1,0,0,0,0,0.0000
2.2987,185.2042,0.0864,102.8923,0.0000,0.0000,0.0000,0.0000,0.0000,270.0021,0.0000,0.0000,0.0000,0.0000,0.0000,0.0000,0.0000,0.0000,0.0000,1,0,0,0,0,0.0000
2.3665,185.2042,0.0864,102.8923,0.0000,0.0000,0.0000,0.0000,0.0000,270.0021,0.0000,0.0000,0.0000,0.0000,0.0000,0.0000,0.0000,0.0000,0.0000,1,0,0,0,0,0.0000
2.4293,185.2042,0.0864,102.8923,0.0000,0.0000,0.0000,0.0000,0.0000,270.0021,0.0000,0.0000,0.0000,0.0000,0.0000,0.0000,0.0000,0.0000,0.0000,1,0,0,0,0,0.0000
2.4800,185.2042,0.0864,102.8923,0.0000,0.0000,0.0000,0.0000,0.0000,270.0021,0.0000,0.0000,0.0000,0.0000,0.0000,0.0000,0.0000,0.0000,0.0000,1,0,0,0,0,0.0000
2.5360,185.2042,0.0864,102.8923,0.0000,0.0000,0.0000,0.0000,0.0000,270.0021,0.0000,0.0000,0.0000,0.0000,0.0000,0.0000,0.0000,0.0000,0.0000,1,0,0,0,0,0.0000
2.5904,185.2042,0.0864,102.8923,0.0000,0.0000,0.0000,0.0000,0.0000,270.0021,0.0000,0.0000,0.0000,0.0000,0.0000,0.0000,0.0000,0.0000,0.0000,1,0,0,0,0,0.0000
2.6449,185.2042,0.0864,102.8923,0.0000,0.0000,0.0000,0.0000,0.0000,270.0021,0.0000,0.0000,0.0000,0.0000,0.0000,0.0000,0.0000,0.0000,0.0000,1,0,0,0,0,0.0000
2.7159,185.2042,0.0864,102.8923,0.0000,0.0000,0.0000,0.0000,0.0000,270.0021,0.0000,0.0000,0.0000,0.0000,0.0000,0.0000,0.0000,0.0000,0.0000,1,0,0,0,0,0.0000
2.7701,185.2042,0.0864,102.8923,0.0000,0.0000,0.0000,0.0000,0.0000,270.0021,0.0000,0.0000,0.0000,0.0000,0.0000,0.0000,0.0000,0.0000,0.0000,1,0,0,0,0,0.0000
2.8259,185.2042,0.0864,102.8923,0.0000,0.0000,0.0000,0.0000,0.0000,270.0021,0.0000,0.0000,0.0000,0.0000,0.0000,0.0000,0.0000,0.0000,0.0000,1,0,0,0,0,0.0000
2.8807,185.2042,0.0864,102.8923,0.0000,0.0000,0.0000,0.0000,0.0000,270.0021,0.0000,0.0000,0.0000,0.0000,0.0000,0.0000,0.0000,0.0000,0.0000,1,0,0,0,0,0.0000
2.9355,185.2042,0.0864,102.8923,0.0000,0.0000,0.0000,0.0000,0.0000,270.0021,0.0000,0.0000,0.0000,0.0000,0.0000,0.0000,0.0000,0.0000,0.0000,1,0,0,0,0,0.0000
2.9922,185.2042,0.0864,102.8923,0.0000,0.0000,0.0000,0.0000,0.0000,270.0021,0.0000,0.0000,0.0000,0.0000,0.0000,0.0000,0.0000,0.0000,0.0000,1,0,0,0,0,0.0000
3.0481,185.2042,0.0864,102.8923,0.0000,0.0000,0.0000,0.0000,0.0000,270.0021,0.0000,0.0000,0.0000,0.0000,0.0000,0.0000,0.0000,0.0000,0.0000,1,0,0,0,0,0.0000
3.1033,185.2042,0.0864,102.8923,0.0000,0.0000,0.0000,0.0000,0.0000,270.0021,0.0000,0.0000,0.0000,0.0000,0.0000,0.0000,0.0000,0.0000,0.0000,1,0,0,0,0,0.0000
3.1594,185.2042,0.0864,102.8923,0.0000,0.0000,0.0000,0.0000,0.0000,270.0021,0.0000,0.0000,0.0000,0.0000,0.0000,0.0000,0.0000,0.0000,0.0000,1,0,0,0,0,0.0000
3.2158,185.2042,0.0864,102.8923,0.0000,0.0000,0.0000,0.0000,0.0000,270.0021,0.0000,0.0000,0.0000,0.0000,0.0000,0.0000,0.0000,0.0000,0.0000,1,0,0,0,0,0.0000
3.2843,185.2042,0.0864,102.8923,0.0000,0.0000,0.0000,0.0000,0.0000,270.0021,0.0000,0.0000,0.0000,0.0000,0.0000,0.0000,0.0000,0.0000,0.0000,1,0,0,0,0,0.0000
3.3393,185.2042,0.0864,102.8923,0.0000,0.0000,0.0000,0.0000,0.0000,270.0021,0.0000,0.0000,0.0000,0.0000,0.0000,0.0000,0.0000,0.0000,0.0000,1,0,0,0,0,0.0000
3.3959,185.2042,0.0864,102.8923,0.0000,0.0000,0.0000,0.0000,0.0000,270.0021,0.0000,0.0000,0.0000,0.0000,0.0000,0.0000,0.0000,0.0000,0.0000,1,0,0,0,0,0.0000
3.4512,185.2042,0.0864,102.8923,0.0000,0.0000,0.0000,0.0000,0.0000,270.0021,0.0000,0.0000,0.0000,0.0000,0.0000,0.0000,0.0000,0.0000,0.0000,1,0,0,0,0,0.0000
3.5064,185.2042,0.0864,102.8923,0.0000,0.0000,0.0000,0.0000,0.0000,270.0021,0.0000,0.0000,0.0000,0.0000,0.0000,0.0000,0.0000,0.0000,0.0000,1,0,0,0,0,0.0000
3.5621,185.2042,0.0864,102.8923,0.0000,0.0000,0.0000,0.0000,0.0000,270.0021,0.0000,0.0000,0.0000,0.0000,0.0000,0.0000,0.0000,0.0000,0.0000,1,0,0,0,0,0.0000
3.6313,185.2042,0.0864,102.8923,0.0000,0.0000,0.0000,0.0000,0.0000,270.0021,0.0000,0.0000,0.0000,0.0000,0.0000,0.0000,0.0000,0.0000,0.0000,1,0,0,0,0,0.0000
3.6862,185.2042,0.0864,102.8923,0.0000,0.0000,0.0000,0.0000,0.0000,270.0021,0.0000,0.0000,0.0000,0.0000,0.0000,0.0000,0.0000,0.0000,0.0000,1,0,0,0,0,0.0000
3.7413,185.2042,0.0864,102.8923,0.0000,0.0000,0.0000,0.0000,0.0000,270.0021,0.0000,0.0000,0.0000,0.0000,0.0000,0.0000,0.0000,0.0000,0.0000,1,0,0,0,0,0.0000
3.8119,185.2042,0.0864,102.8923,0.0000,0.0000,0.0000,0.0000,0.0000,270.0021,0.0000,0.0000,0.0000,0.0000,0.0000,0.0000,0.0000,0.0000,0.0000,1,0,0,0,0,0.0000
3.8676,185.2042,0.0864,102.8923,0.0000,0.0000,0.0000,0.0000,0.0000,270.0021,0.0000,0.0000,0.0000,0.0000,0.0000,0.0000,0.0000,0.0000,0.0000,1,0,0,0,0,0.0000
3.9249,185.2042,0.0864,102.8923,0.0000,0.0000,0.0000,0.0000,0.0000,270.0021,0.0000,0.0000,0.0000,0.0000,0.0000,0.0000,0.0000,0.0000,0.0000,1,0,0,0,0,0.0000
3.9792,185.2042,0.0864,102.8923,0.0000,0.0000,0.0000,0.0000,0.0000,270.0021,0.0000,0.0000,0.0000,0.0000,0.0000,0.0000,0.0000,0.0000,0.0000,1,0,0,0,0,0.0000
4.0335,185.2042,0.0864,102.8923,0.0000,0.0000,0.0000,0.0000,0.0000,270.0021,0.0000,0.0000,0.0000,0.0000,0.0000,0.0000,0.0000,0.0000,0.0000,1,0,0,0,0,0.0000
4.1021,185.2042,0.0864,102.8923,0.0000,0.0000,0.0000,0.0000,0.0000,270.0021,0.0000,0.0000,0.0000,0.0000,0.0000,0.0000,0.0000,0.0000,0.0000,1,0,0,0,0,0.0000
4.1587,185.2042,0.0864,102.8923,0.0000,0.0000,0.0000,0.0000,0.0000,270.0021,0.0000,0.0000,0.0000,0.0000,0.0000,0.0000,0.0000,0.0000,0.0000,1,0,0,0,0,0.0000
4.2151,185.2042,0.0864,102.8923,0.0000,0.0000,0.0000,0.0000,0.0000,270.0021,0.0000,0.0000,0.0000,0.0000,0.0000,0.0000,0.0000,0.0000,0.0000,1,0,0,0,0,0.0000
4.2701,185.2042,0.0864,102.8923,0.0000,0.0000,0.0000,0.0000,0.0000,270.0021,0.0000,0.0000,0.0000,0.0000,0.0000,0.0000,0.0000,0.0000,0.0000,1,0,0,0,0,0.0000
4.3447,185.2042,0.0864,102.8923,0.0000,0.0000,0.0000,0.0000,0.0000,270.0021,0.0000,0.0000,0.0000,0.0000,0.0000,0.0000,0.0000,0.0000,0.0000,1,0,0,0,0,0.0000
4.3957,185.2042,0.0864,102.8923,0.0000,0.0000,0.0000,0.0000,0.0000,270.0021,0.0000,0.0000,0.0000,0.0000,0.0000,0.0000,0.0000,0.0000,0.0000,1,0,0,0,0,0.0000
4.4549,185.2042,0.0864,102.8923,0.0000,0.0000,0.0000,0.0000,0.0000,270.0021,0.0000,0.0000,0.0000,0.0000,0.0000,0.0000,0.0000,0.0000,0.0000,1,0,0,0,0,0.0000
4.5196,185.2042,0.0864,102.8923,0.0000,0.0000,0.0000,0.0000,0.0000,270.0021,0.0000,0.0000,0.0000,0.0000,0.0000,0.0000,0.0000,0.0000,0.0000,1,0,0,0,0,0.0000
4.5755,185.2042,0.0864,102.8923,0.0000,0.0000,0.0000,0.0000,0.0000,270.0021,0.0000,0.0000,0.0000,0.0000,0.0000,0.0000,0.0000,0.0000,0.0000,1,0,0,0,0,0.0000
4.6321,185.2042,0.0864,102.8923,0.0000,0.0000,0.0000,0.0000,0.0000,270.0021,0.0000,0.0000,0.0000,0.0000,0.0000,0.0000,0.0000,0.0000,0.0000,1,0,0,0,0,0.0000
4.6859,185.2042,0.0864,102.8923,0.0000,0.0000,0.0000,0.0000,0.0000,270.0021,0.0000,0.0000,0.0000,0.0000,0.0000,0.0000,0.0000,0.0000,0.0000,1,0,0,0,0,0.0000
4.7418,185.2042,0.0864,102.8923,0.0000,0.0000,0.0000,0.0000,0.0000,270.0021,0.0000,0.0000,0.0000,0.0000,0.0000,0.0000,0.0000,0.0000,0.0000,1,0,0,0,0,0.0000
4.7950,185.2042,0.0864,102.8923,0.0000,0.0000,0.0000,0.0000,0.0000,270.0021,0.0000,0.0000,0.0000,0.0000,0.0000,0.0000,0.0000,0.0000,0.0000,1,0,0,0,0,0.0000
4.9562,185.2042,0.0864,102.8923,0.0000,0.0000,0.0000,0.0000,0.0000,270.0021,0.0000,0.0000,0.0000,0.0000,0.0000,0.0000,0.0000,0.0000,0.0000,1,0,0,0,0,0.0000
5.0788,185.2042,0.0864,102.8923,0.0000,0.0000,0.0000,0.0000,0.0000,270.0021,0.0000,0.0000,0.0000,0.0000,0.0000,0.0000,0.0000,0.0000,0.0000,1,0,0,0,0,0.0000
5.1466,185.2042,0.0864,102.8923,0.0000,0.0000,0.0000,0.0000,0.0000,270.0021,0.0000,0.0000,0.0000,0.0000,0.0000,0.0000,0.0000,0.0000,0.0000,1,0,0,0,0,0.0000
5.2047,185.2042,0.0864,102.8923,0.0000,0.0000,0.0000,0.0000,0.0000,270.0021,0.0000,0.0000,0.0000,0.0000,0.0000,0.0000,0.0000,0.0000,0.0000,1,0,0,0,0,0.0000
5.2739,185.2042,0.0864,102.8923,0.0000,0.0000,0.0000,0.0000,0.0000,270.0021,0.0000,0.0000,0.0000,0.0000,0.0000,0.0000,0.0000,0.0000,0.0000,1,0,0,0,0,0.0000
5.3291,185.2042,0.0864,102.8923,0.0000,0.0000,0.0000,0.0000,0.0000,270.0021,0.0000,0.0000,0.0000,0.0000,0.0000,0.0000,0.0000,0.0000,0.0000,1,0,0,0,0,0.0000
5.3857,185.2042,0.0864,102.8923,0.0000,0.0000,0.0000,0.0000,0.0000,270.0021,0.0000,0.0000,0.0000,0.0000,0.0000,0.0000,0.0000,0.0000,0.0000,1,0,0,0,0,0.0000
5.4449,185.2042,0.0864,102.8923,0.0000,0.0000,0.0000,0.0000,0.0000,270.0021,0.0000,0.0000,0.0000,0.0000,0.0000,0.0000,0.0000,0.0000,0.0000,1,0,0,0,0,0.0000
5.5095,185.2042,0.0864,102.8923,0.0000,0.0000,0.0000,0.0000,0.0000,270.0021,0.0000,0.0000,0.0000,0.0000,0.0000,0.0000,0.0000,0.0000,0.0000,1,0,0,0,0,0.0000
5.5796,185.2042,0.0864,102.8923,0.0000,0.0000,0.0000,0.0000,0.0000,270.0021,0.0000,0.0000,0.0000,0.0000,0.0000,0.0000,0.0000,0.0000,0.0000,1,0,0,0,0,0.0000
5.6351,185.2042,0.0864,102.8923,0.0000,0.0000,0.0000,0.0000,0.0000,270.0021,0.0000,0.0000,0.0000,0.0000,0.0000,0.0000,0.0000,0.0000,0.0000,1,0,0,0,0,0.0000
5.7084,185.2042,0.0864,102.8923,0.0000,0.0000,0.0000,0.0000,0.0000,270.0021,0.0000,0.0000,0.0000,0.0000,0.0000,0.0000,0.0000,0.0000,0.0000,1,0,0,0,0,0.0000
5.7619,185.2042,0.0864,102.8923,0.0000,0.0000,0.0000,0.0000,0.0000,270.0021,0.0000,0.0000,0.0000,0.0000,0.0000,0.0000,0.0000,0.0000,0.0000,1,0,0,0,0,0.0000
5.8155,185.2042,0.0864,102.8923,0.0000,0.0000,0.0000,0.0000,0.0000,270.0021,0.0000,0.0000,0.0000,0.0000,0.0000,0.0000,0.0000,0.0000,0.0000,1,0,0,0,0,0.0000
5.8761,185.2042,0.0864,102.8923,0.0000,0.0000,0.0000,0.0000,0.0000,270.0021,0.0000,0.0000,0.0000,0.0000,0.0000,0.0000,0.0000,0.0000,0.0000,1,0,0,0,0,0.0000
5.9270,185.2042,0.0864,102.8923,0.0000,0.0000,0.0000,0.0000,0.0000,270.0021,0.0000,0.0000,0.0000,0.0000,0.0000,0.0000,0.0000,0.0000,0.0000,1,0,0,0,0,0.0000
5.9811,185.2042,0.0864,102.8923,0.0000,0.0000,0.0000,0.0000,0.0000,270.0021,0.0000,0.0000,0.0000,0.0000,0.0000,0.0000,0.0000,0.0000,0.0000,1,0,0,0,0,0.0000
6.0361,185.2042,0.0864,102.8923,0.0000,0.0000,0.0000,0.0000,0.0000,270.0021,0.0000,0.0000,0.0000,0.0000,0.0000,0.0000,0.0000,0.0000,0.0000,1,0,0,0,0,0.0000
6.0931,185.2042,0.0864,102.8923,0.0000,0.0000,0.0000,0.0000,0.0000,270.0021,0.0000,0.0000,0.0000,0.0000,0.0000,0.0000,0.0000,0.0000,0.0000,1,0,0,0,0,0.0000
6.1637,185.2042,0.0864,102.8923,0.0000,0.0000,0.0000,0.0000,0.0000,270.0021,0.0000,0.0000,0.0000,0.0000,0.0000,0.0000,0.0000,0.0000,0.0000,1,0,0,0,0,0.0000
6.2186,185.2042,0.0864,102.8923,0.0000,0.0000,0.0000,0.0000,0.0000,270.0021,0.0000,0.0000,0.0000,0.0000,0.0000,0.0000,0.0000,0.0000,0.0000,1,0,0,0,0,0.0000
6.2776,185.2042,0.0864,102.8923,0.0000,0.0000,0.0000,0.0000,0.0000,270.0021,0.0000,0.0000,0.0000,0.0000,0.0000,0.0000,0.0000,0.0000,0.0000,1,0,0,0,0,0.0000
6.3280,185.2042,0.0864,102.8923,0.0000,0.0000,0.0000,0.0000,0.0000,270.0021,0.0000,0.0000,0.0000,0.0000,0.0000,0.0000,0.0000,0.0000,0.0000,1,0,0,0,0,0.0000
6.3836,185.2042,0.0864,102.8923,0.0000,0.0000,0.0000,0.0000,0.0000,270.0021,0.0000,0.0000,0.0000,0.0000,0.0000,0.0000,0.0000,0.0000,0.0000,1,0,0,0,0,0.0000
6.4395,185.2042,0.0864,102.8923,0.0000,0.0000,0.0000,0.0000,0.0000,270.0021,0.0000,0.0000,0.0000,0.0000,0.0000,0.0000,0.0000,0.0000,0.0000,1,0,0,0,0,0.0000
6.4961,185.2042,0.0864,102.8923,0.0000,0.0000,0.0000,0.0000,0.0000,270.0021,0.0000,0.0000,0.0000,0.0000,0.0000,0.0000,0.0000,0.0000,0.0000,1,0,0,0,0,0.0000
6.5542,185.2042,0.0864,102.8923,0.0000,0.0000,0.0000,0.0000,0.0000,270.0021,0.0000,0.0000,0.0000,0.0000,0.0000,0.0000,0.0000,0.0000,0.0000,1,0,0,0,0,0.0000
6.6070,185.2042,0.0864,102.8923,0.0000,0.0000,0.0000,0.0000,0.0000,270.0021,0.0000,0.0000,0.0000,0.0000,0.0000,0.0000,0.0000,0.0000,0.0000,1,0,0,0,0,0.0000
6.6948,185.2042,0.0864,102.8923,0.0000,0.0000,0.0000,0.0000,0.0000,270.0021,0.0000,0.0000,0.0000,0.0000,0.0000,0.0000,0.0000,0.0000,0.0000,1,0,0,0,0,0.0000
6.7457,185.2042,0.0864,102.8923,0.0000,0.0000,0.0000,0.0000,0.0000,270.0021,0.0000,0.0000,0.0000,0.0000,0.0000,0.0000,0.0000,0.0000,0.0000,1,0,0,0,0,0.0000
6.8035,185.2042,0.0864,102.8923,0.0000,0.0000,0.0000,0.0000,0.0000,270.0021,0.0000,0.0000,0.0000,0.0000,0.0000,0.0000,0.0000,0.0000,0.0000,1,0,0,0,0,0.0000
6.8552,185.2042,0.0864,102.8923,0.0000,0.0000,0.0000,0.0000,0.0000,270.0021,0.0000,0.0000,0.0000,0.0000,0.0000,0.0000,0.0000,0.0000,0.0000,1,0,0,0,0,0.0000
6.9109,185.2042,0.0864,102.8923,0.0000,0.0000,0.0000,0.0000,0.0000,270.0021,0.0000,0.0000,0.0000,0.0000,0.0000,0.0000,0.0000,0.0000,0.0000,1,0,0,0,0,0.0000
6.9718,185.2042,0.0864,102.8923,0.0000,0.0000,0.0000,0.0000,0.0000,270.0021,0.0000,0.0000,0.0000,0.0000,0.0000,0.0000,0.0000,0.0000,0.0000,1,0,0,0,0,0.0000
7.0375,185.2042,0.0864,102.8923,0.0000,0.0000,0.0000,0.0000,0.0000,270.0021,0.0000,0.0000,0.0000,0.0000,0.0000,0.0000,0.0000,0.0000,0.0000,1,0,0,0,0,0.0000
7.0917,185.2042,0.0864,102.8923,0.0000,0.0000,0.0000,0.0000,0.0000,270.0021,0.0000,0.0000,0.0000,0.0000,0.0000,0.0000,0.0000,0.0000,0.0000,1,0,0,0,0,0.0000
7.1602,185.2042,0.0864,102.8923,0.0000,0.0000,0.0000,0.0000,0.0000,270.0021,0.0000,0.0000,0.0000,0.0000,0.0000,0.0000,0.0000,0.0000,0.0000,1,0,0,0,0,0.0000
7.2304,185.2042,0.0864,102.8923,0.0000,0.0000,0.0000,0.0000,0.0000,270.0021,0.0000,0.0000,0.0000,0.0000,0.0000,0.0000,0.0000,0.0000,0.0000,1,0,0,0,0,0.0000
7.2898,185.2042,0.0864,102.8923,0.0000,0.0000,0.0000,0.0000,0.0000,270.0021,0.0000,0.0000,0.0000,0.0000,0.0000,0.0000,0.0000,0.0000,0.0000,1,0,0,0,0,0.0000
7.3420,185.2042,0.0864,102.8923,0.0000,0.0000,0.0000,0.0000,0.0000,270.0021,0.0000,0.0000,0.0000,0.0000,0.0000,0.0000,0.0000,0.0000,0.0000,1,0,0,0,0,0.0000
7.3989,185.2042,0.0864,102.8923,0.0000,0.0000,0.0000,0.0000,0.0000,270.0021,0.0000,0.0000,0.0000,0.0000,0.0000,0.0000,0.0000,0.0000,0.0000,1,0,0,0,0,0.0000
7.4604,185.2042,0.0864,102.8923,0.0000,0.0000,0.0000,0.0000,0.0000,270.0021,0.0000,0.0000,0.0000,0.0000,0.0000,0.0000,0.0000,0.0000,0.0000,1,0,0,0,0,0.0000
7.5133,185.2042,0.0864,102.8923,0.0000,0.0000,0.0000,0.0000,0.0000,270.0021,0.0000,0.0000,0.0000,0.0000,0.0000,0.0000,0.0000,0.0000,0.0000,1,0,0,0,0,0.0000
7.5638,185.2042,0.0864,102.8923,0.0000,0.0000,0.0000,0.0000,0.0000,270.0021,0.0000,0.0000,0.0000,0.0000,0.0000,0.0000,0.0000,0.0000,0.0000,1,0,0,0,0,0.0000
7.6241,185.2042,0.0864,102.8923,0.0000,0.0000,0.0000,0.0000,0.0000,270.0021,0.0000,0.0000,0.0000,0.0000,0.0000,0.0000,0.0000,0.0000,0.0000,1,0,0,0,0,0.0000
7.6940,185.2042,0.0864,102.8923,0.0000,0.0000,0.0000,0.0000,0.0000,270.0021,0.0000,0.0000,0.0000,0.0000,0.0000,0.0000,0.0000,0.0000,0.0000,1,0,0,0,0,0.0000
7.7909,185.2042,0.0864,102.8923,0.0000,0.0000,0.0000,0.0000,0.0000,270.0021,0.0000,0.0000,0.0000,0.0000,0.0000,0.0000,0.0000,0.0000,0.0000,1,0,0,0,0,0.0000
7.8593,185.2042,0.0864,102.8923,0.0000,0.0000,0.0000,0.0000,0.0000,270.0021,0.0000,0.0000,0.0000,0.0000,0.0000,0.0000,0.0000,0.0000,0.0000,1,0,0,0,0,0.0000
7.9160,185.2042,0.0864,102.8923,0.0000,0.0000,0.0000,0.0000,0.0000,270.0021,0.0000,0.0000,0.0000,0.0000,0.0000,0.0000,0.0000,0.0000,0.0000,1,0,0,0,0,0.0000
7.9706,185.2042,0.0864,102.8923,0.0000,0.0000,0.0000,0.0000,0.0000,270.0021,0.0000,0.0000,0.0000,0.0000,0.0000,0.0000,0.0000,0.0000,0.0000,1,0,0,0,0,0.0000
8.0222,185.2042,0.0864,102.8923,0.0000,0.0000,0.0000,0.0000,0.0000,270.0021,0.0000,0.0000,0.0000,0.0000,0.0000,0.0000,0.0000,0.0000,0.0000,1,0,0,0,0,0.0000
8.0776,185.2042,0.0864,102.8923,0.0000,0.0000,0.0000,0.0000,0.0000,270.0021,0.0000,0.0000,0.0000,0.0000,0.0000,0.0000,0.0000,0.0000,0.0000,1,0,0,0,0,0.0000
8.1339,185.2042,0.0864,102.8923,0.0000,0.0000,0.0000,0.0000,0.0000,270.0021,0.0000,0.0000,0.0000,0.0000,0.0000,0.0000,0.0000,0.0000,0.0000,1,0,0,0,0,0.0000
8.1890,185.2042,0.0864,102.8923,0.0000,0.0000,0.0000,0.0000,0.0000,270.0021,0.0000,0.0000,0.0000,0.0000,0.0000,0.0000,0.0000,0.0000,0.0000,1,0,0,0,0,0.0000
8.2443,185.2042,0.0864,102.8923,0.0000,0.0000,0.0000,0.0000,0.0000,270.0021,0.0000,0.0000,0.0000,0.0000,0.0000,0.0000,0.0000,0.0000,0.0000,1,0,0,0,0,0.0000
8.3214,185.2042,0.0864,102.8923,0.0000,0.0000,0.0000,0.0000,0.0000,270.0021,0.0000,0.0000,0.0000,0.0000,0.0000,0.0000,0.0000,0.0000,0.0000,1,0,0,0,0,0.0000
8.3852,185.2042,0.0864,102.8923,0.0000,0.0000,0.0000,0.0000,0.0000,270.0021,0.0000,0.0000,0.0000,0.0000,0.0000,0.0000,0.0000,0.0000,0.0000,1,0,0,0,0,0.0000
8.4425,185.2042,0.0864,102.8923,0.0000,0.0000,0.0000,0.0000,0.0000,270.0021,0.0000,0.0000,0.0000,0.0000,0.0000,0.0000,0.0000,0.0000,0.0000,1,0,0,0,0,0.0000
8.4945,185.2042,0.0864,102.8923,0.0000,0.0000,0.0000,0.0000,0.0000,270.0021,0.0000,0.0000,0.0000,0.0000,0.0000,0.0000,0.0000,0.0000,0.0000,1,0,0,0,0,0.0000
8.5505,185.2042,0.0864,102.8923,0.0000,0.0000,0.0000,0.0000,0.0000,270.0021,0.0000,0.0000,0.0000,0.0000,0.0000,0.0000,0.0000,0.0000,0.0000,1,0,0,0,0,0.0000
8.6121,185.2042,0.0864,102.8923,0.0000,0.0000,0.0000,0.0000,0.0000,270.0021,0.0000,0.0000,0.0000,0.0000,0.0000,0.0000,0.0000,0.0000,0.0000,1,0,0,0,0,0.0000
8.6903,185.2042,0.0864,102.8923,0.0000,0.0000,0.0000,0.0000,0.0000,270.0021,0.0000,0.0000,0.0000,0.0000,0.0000,0.0000,0.0000,0.0000,0.0000,1,0,0,0,0,0.0000
8.7469,185.2042,0.0864,102.8923,0.0000,0.0000,0.0000,0.0000,0.0000,270.0021,0.0000,0.0000,0.0000,0.0000,0.0000,0.0000,0.0000,0.0000,0.0000,1,0,0,0,0,0.0000
8.8018,185.2042,0.0864,102.8923,0.0000,0.0000,0.0000,0.0000,0.0000,270.0021,0.0000,0.0000,0.0000,0.0000,0.0000,0.0000,0.0000,0.0000,0.0000,1,0,0,0,0,0.0000
8.8754,185.2042,0.0864,102.8923,0.0000,0.0000,0.0000,0.0000,0.0000,270.0021,0.0000,0.0000,0.0000,0.0000,0.0000,0.0000,0.0000,0.0000,0.0000,1,0,0,0,0,0.0000
8.9281,185.2042,0.0864,102.8923,0.0000,0.0000,0.0000,0.0000,0.0000,270.0021,0.0000,0.0000,0.0000,0.0000,0.0000,0.0000,0.0000,0.0000,0.0000,1,0,0,0,0,0.0000
8.9849,185.2042,0.0864,102.8923,0.0000,0.0000,0.0000,0.0000,0.0000,270.0021,0.0000,0.0000,0.0000,0.0000,0.0000,0.0000,0.0000,0.0000,0.0000,1,0,0,0,0,0.0000
9.0506,185.2042,0.0864,102.8923,0.0000,0.0000,0.0000,0.0000,0.0000,270.0021,0.0000,0.0000,0.0000,0.0000,0.0000,0.0000,0.0000,0.0000,0.0000,1,0,0,0,0,0.0000
9.1093,185.2042,0.0864,102.8923,0.0000,0.0000,0.0000,0.0000,0.0000,270.0021,0.0000,0.0000,0.0000,0.0000,0.0000,0.0000,0.0000,0.0000,0.0000,1,0,0,0,0,0.0000
9.1712,185.2042,0.0864,102.8923,0.0000,0.0000,0.0000,0.0000,0.0000,270.0021,0.0000,0.0000,0.0000,0.0000,0.0000,0.0000,0.0000,0.0000,0.0000,1,0,0,0,0,0.0000
9.2458,185.2042,0.0864,102.8923,0.0000,0.0000,0.0000,0.0000,0.0000,270.0021,0.0000,0.0000,0.0000,0.0000,0.0000,0.0000,0.0000,0.0000,0.0000,1,0,0,0,0,0.0000
9.3000,185.2042,0.0864,102.8923,0.0000,0.0000,0.0000,0.0000,0.0000,270.0021,0.0000,0.0000,0.0000,0.0000,0.0000,0.0000,0.0000,0.0000,0.0000,1,0,0,0,0,0.0000
9.3556,185.2042,0.0864,102.8923,0.0000,0.0000,0.0000,0.0000,0.0000,270.0021,0.0000,0.0000,0.0000,0.0000,0.0000,0.0000,0.0000,0.0000,0.0000,1,0,0,0,0,0.0000
9.4269,185.2042,0.0864,102.8923,0.0000,0.0000,0.0000,0.0000,0.0000,270.0021,0.0000,0.0000,0.0000,0.0000,0.0000,0.0000,0.0000,0.0000,0.0000,1,0,0,0,0,0.0000
9.4809,185.2042,0.0864,102.8923,0.0000,0.0000,0.0000,0.0000,0.0000,270.0021,0.0000,0.0000,0.0000,0.0000,0.0000,0.0000,0.0000,0.0000,0.0000,1,0,0,0,0,0.0000
9.5353,185.2042,0.0864,102.8923,0.0000,0.0000,0.0000,0.0000,0.0000,270.0021,0.0000,0.0000,0.0000,0.0000,0.0000,0.0000,0.0000,0.0000,0.0000,1,0,0,0,0,0.0000
9.5924,185.2042,0.0864,102.8923,0.0000,0.0000,0.0000,0.0000,0.0000,270.0021,0.0000,0.0000,0.0000,0.0000,0.0000,0.0000,0.0000,0.0000,0.0000,1,0,0,0,0,0.0000
9.6478,185.2042,0.0864,102.8923,0.0000,0.0000,0.0000,0.0000,0.0000,270.0021,0.0000,0.0000,0.0000,0.0000,0.0000,0.0000,0.0000,0.0000,0.0000,1,0,0,0,0,0.0000
9.7066,185.2042,0.0864,102.8923,0.0000,0.0000,0.0000,0.0000,0.0000,270.0021,0.0000,0.0000,0.0000,0.0000,0.0000,0.0000,0.0000,0.0000,0.0000,1,0,0,0,0,0.0000
9.7729,185.2042,0.0864,102.8923,0.0000,0.0000,0.0000,0.0000,0.0000,270.0021,0.0000,0.0000,0.0000,0.0000,0.0000,0.0000,0.0000,0.0000,0.0000,1,0,0,0,0,0.0000
9.8342,185.2042,0.0864,102.8923,0.0000,0.0000,0.0000,0.0000,0.0000,270.0021,0.0000,0.0000,0.0000,0.0000,0.0000,0.0000,0.0000,0.0000,0.0000,1,0,0,0,0,0.0000
9.8892,185.2042,0.0864,102.8923,0.0000,0.0000,0.0000,0.0000,0.0000,270.0021,0.0000,0.0000,0.0000,0.0000,0.0000,0.0000,0.0000,0.0000,0.0000,1,0,0,0,0,0.0000
9.9558,185.2042,0.0864,102.8923,0.0000,0.0000,0.0000,0.0000,0.0000,270.0021,0.0000,0.0000,0.0000,0.0000,0.0000,0.0000,0.0000,0.0000,0.0000,1,0,0,0,0,0.0000
10.0140,185.2042,0.0864,102.8923,0.0000,0.0000,0.0000,0.0000,0.0000,270.0021,0.0000,0.0000,0.0000,0.0000,0.0000,0.0000,0.0000,0.0000,0.0000,1,0,0,0,0,0.0000
10.0666,185.2042,0.0864,102.8923,0.0000,0.0000,0.0000,0.0000,0.0000,270.0021,0.0000,0.0000,0.0000,0.0000,0.0000,0.0000,0.0000,0.0000,0.0000,1,0,0,0,0,0.0000
10.1222,185.2042,0.0864,102.8923,0.0000,0.0000,0.0000,0.0000,0.0000,270.0021,0.0000,0.0000,0.0000,0.0000,0.0000,0.0000,0.0000,0.0000,0.0000,1,0,0,0,0,0.0000
10.1750,185.2042,0.0864,102.8923,0.0000,0.0000,0.0000,0.0000,0.0000,270.0021,0.0000,0.0000,0.0000,0.0000,0.0000,0.0000,0.0000,0.0000,0.0000,1,0,0,0,0,0.0000
10.2366,185.2042,0.0864,102.8923,0.0000,0.0000,0.0000,0.0000,0.0000,270.0021,0.0000,0.0000,0.0000,0.0000,0.0000,0.0000,0.0000,0.0000,0.0000,1,0,0,0,0,0.0000
10.2880,185.2042,0.0864,102.8923,0.0000,0.0000,0.0000,0.0000,0.0000,270.0021,0.0000,0.0000,0.0000,0.0000,0.0000,0.0000,0.0000,0.0000,0.0000,1,0,0,0,0,0.0000
10.3440,185.2042,0.0864,102.8923,0.0000,0.0000,0.0000,0.0000,0.0000,270.0021,0.0000,0.0000,0.0000,0.0000,0.0000,0.0000,0.0000,0.0000,0.0000,1,0,0,0,0,0.0000
10.3996,185.2042,0.0864,102.8923,0.0000,0.0000,0.0000,0.0000,0.0000,270.0021,0.0000,0.0000,0.0000,0.0000,0.0000,0.0000,0.0000,0.0000,0.0000,1,0,0,0,0,0.0000
10.4542,185.2042,0.0864,102.8923,0.0000,0.0000,0.0000,0.0000,0.0000,270.0021,0.0000,0.0000,0.0000,0.0000,0.0000,0.0000,0.0000,0.0000,0.0000,1,0,0,0,0,0.0000
10.5227,185.2042,0.0864,102.8923,0.0000,0.0000,0.0000,0.0000,0.0000,270.0021,0.0000,0.0000,0.0000,0.0000,0.0000,0.0000,0.0000,0.0000,0.0000,1,0,0,0,0,0.0000
10.5792,185.2042,0.0864,102.8923,0.0000,0.0000,0.0000,0.0000,0.0000,270.0021,0.0000,0.0000,0.0000,0.0000,0.0000,0.0000,0.0000,0.0000,0.0000,1,0,0,0,0,0.0000
10.6386,185.2042,0.0864,102.8923,0.0000,0.0000,0.0000,0.0000,0.0000,270.0021,0.0000,0.0000,0.0000,0.0000,0.0000,0.0000,0.0000,0.0000,0.0000,1,0,0,0,0,0.0000
10.6904,185.2042,0.0864,102.8923,0.0000,0.0000,0.0000,0.0000,0.0000,270.0021,0.0000,0.0000,0.0000,0.0000,0.0000,0.0000,0.0000,0.0000,0.0000,1,0,0,0,0,0.0000
10.7462,185.2042,0.0864,102.8923,0.0000,0.0000,0.0000,0.0000,0.0000,270.0021,0.0000,0.0000,0.0000,0.0000,0.0000,0.0000,0.0000,0.0000,0.0000,1,0,0,0,0,0.0000
10.8024,185.2042,0.0864,102.8923,0.0000,0.0000,0.0000,0.0000,0.0000,270.0021,0.0000,0.0000,0.0000,0.0000,0.0000,0.0000,0.0000,0.0000,0.0000,1,0,0,0,0,0.0000
10.8574,185.2042,0.0864,102.8923,0.0000,0.0000,0.0000,0.0000,0.0000,270.0021,0.0000,0.0000,0.0000,0.0000,0.0000,0.0000,0.0000,0.0000,0.0000,1,0,0,0,0,0.0000
10.9146,185.2042,0.0864,102.8923,0.0000,0.0000,0.0000,0.0000,0.0000,270.0021,0.0000,0.0000,0.0000,0.0000,0.0000,0.0000,0.0000,0.0000,0.0000,1,0,0,0,0,0.0000
10.9680,185.2042,0.0864,102.8923,0.0000,0.0000,0.0000,0.0000,0.0000,270.0021,0.0000,0.0000,0.0000,0.0000,0.0000,0.0000,0.0000,0.0000,0.0000,1,0,0,0,0,0.0000
11.0385,185.2042,0.0864,102.8923,0.0000,0.0000,0.0000,0.0000,0.0000,270.0021,0.0000,0.0000,0.0000,0.0000,0.0000,0.0000,0.0000,0.0000,0.0000,1,0,0,0,0,0.0000
11.0957,185.2042,0.0864,102.8923,0.0000,0.0000,0.0000,0.0000,0.0000,270.0021,0.0000,0.0000,0.0000,0.0000,0.0000,0.0000,0.0000,0.0000,0.0000,1,0,0,0,0,0.0000
11.1506,185.2042,0.0864,102.8923,0.0000,0.0000,0.0000,0.0000,0.0000,270.0021,0.0000,0.0000,0.0000,0.0000,0.0000,0.0000,0.0000,0.0000,0.0000,1,0,0,0,0,0.0000
11.2039,185.2042,0.0864,102.8923,0.0000,0.0000,0.0000,0.0000,0.0000,270.0021,0.0000,0.0000,0.0000,0.0000,0.0000,0.0000,0.0000,0.0000,0.0000,1,0,0,0,0,0.0000
11.2590,185.2042,0.0864,102.8923,0.0000,0.0000,0.0000,0.0000,0.0000,270.0021,0.0000,0.0000,0.0000,0.0000,0.0000,0.0000,0.0000,0.0000,0.0000,1,0,0,0,0,0.0000
11.3185,185.2042,0.0864,102.8923,0.0000,0.0000,0.0000,0.0000,0.0000,270.0021,0.0000,0.0000,0.0000,0.0000,0.0000,0.0000,0.0000,0.0000,0.0000,1,0,0,0,0,0.0000
11.3721,185.2042,0.0864,102.8923,0.0000,0.0000,0.0000,0.0000,0.0000,270.0021,0.0000,0.0000,0.0000,0.0000,0.0000,0.0000,0.0000,0.0000,0.0000,1,0,0,0,0,0.0000
11.4289,185.2042,0.0864,102.8923,0.0000,0.0000,0.0000,0.0000,0.0000,270.0021,0.0000,0.0000,0.0000,0.0000,0.0000,0.0000,0.0000,0.0000,0.0000,1,0,0,0,0,0.0000
11.4833,185.2042,0.0864,102.8923,0.0000,0.0000,0.0000,0.0000,0.0000,270.0021,0.0000,0.0000,0.0000,0.0000,0.0000,0.0000,0.0000,0.0000,0.0000,1,0,0,0,0,0.0000
11.5368,185.2042,0.0864,102.8923,0.0000,0.0000,0.0000,0.0000,0.0000,270.0021,0.0000,0.0000,0.0000,0.0000,0.0000,0.0000,0.0000,0.0000,0.0000,1,0,0,0,0,0.0000
11.6051,185.2042,0.0864,102.8923,0.0000,0.0000,0.0000,0.0000,0.0000,270.0021,0.0000,0.0000,0.0000,0.0000,0.0000,0.0000,0.0000,0.0000,0.0000,1,0,0,0,0,0.0000
11.6600,185.2042,0.0864,102.8923,0.0000,0.0000,0.0000,0.0000,0.0000,270.0021,0.0000,0.0000,0.0000,0.0000,0.0000,0.0000,0.0000,0.0000,0.0000,1,0,0,0,0,0.0000
11.7205,185.2042,0.0864,102.8923,0.0000,0.0000,0.0000,0.0000,0.0000,270.0021,0.0000,0.0000,0.0000,0.0000,0.0000,0.0000,0.0000,0.0000,0.0000,1,0,0,0,0,0.0000
11.7745,185.2042,0.0864,102.8923,0.0000,0.0000,0.0000,0.0000,0.0000,270.0021,0.0000,0.0000,0.0000,0.0000,0.0000,0.0000,0.0000,0.0000,0.0000,1,0,0,0,0,0.0000
11.8298,185.2042,0.0864,102.8923,0.0000,0.0000,0.0000,0.0000,0.0000,270.0021,0.0000,0.0000,0.0000,0.0000,0.0000,0.0000,0.0000,0.0000,0.0000,1,0,0,0,0,0.0000
11.8848,185.2042,0.0864,102.8923,0.0000,0.0000,0.0000,0.0000,0.0000,270.0021,0.0000,0.0000,0.0000,0.0000,0.0000,0.0000,0.0000,0.0000,0.0000,1,0,0,0,0,0.0000
11.9402,185.2042,0.0864,102.8923,0.0000,0.0000,0.0000,0.0000,0.0000,270.0021,0.0000,0.0000,0.0000,0.0000,0.0000,0.0000,0.0000,0.0000,0.0000,1,0,0,0,0,0.0000
11.9970,185.2042,0.0864,102.8923,0.0000,0.0000,0.0000,0.0000,0.0000,270.0021,0.0000,0.0000,0.0000,0.0000,0.0000,0.0000,0.0000,0.0000,0.0000,1,0,0,0,0,0.0000
12.0511,185.2042,0.0864,102.8923,0.0000,0.0000,0.0000,0.0000,0.0000,270.0021,0.0000,0.0000,0.0000,0.0000,0.0000,0.0000,0.0000,0.0000,0.0000,1,0,0,0,0,0.0000
12.1219,185.2042,0.0864,102.8923,0.0000,0.0000,0.0000,0.0000,0.0000,270.0021,0.0000,0.0000,0.0000,0.0000,0.0000,0.0000,0.0000,0.0000,0.0000,1,0,0,0,0,0.0000
12.1816,185.2042,0.0864,102.8923,0.0000,0.0000,0.0000,0.0000,0.0000,270.0021,0.0000,0.0000,0.0000,0.0000,0.0000,0.0000,0.0000,0.0000,0.0000,1,0,0,0,0,0.0000
12.2348,185.2042,0.0864,102.8923,0.0000,0.0000,0.0000,0.0000,0.0000,270.0021,0.0000,0.0000,0.0000,0.0000,0.0000,0.0000,0.0000,0.0000,0.0000,1,0,0,0,0,0.0000
12.2885,185.2042,0.0864,102.8923,0.0000,0.0000,0.0000,0.0000,0.0000,270.0021,0.0000,0.0000,0.0000,0.0000,0.0000,0.0000,0.0000,0.0000,0.0000,1,0,0,0,0,0.0000
12.3431,185.2042,0.0864,102.8923,0.0000,0.0000,0.0000,0.0000,0.0000,270.0021,0.0000,0.0000,0.0000,0.0000,0.0000,0.0000,0.0000,0.0000,0.0000,1,0,0,0,0,0.0000
12.4001,185.2042,0.0864,102.8923,0.0000,0.0000,0.0000,0.0000,0.0000,270.0021,0.0000,0.0000,0.0000,0.0000,0.0000,0.0000,0.0000,0.0000,0.0000,1,0,0,0,0,0.0000
12.4545,185.2042,0.0864,102.8923,0.0000,0.0000,0.0000,0.0000,0.0000,270.0021,0.0000,0.0000,0.0000,0.0000,0.0000,0.0000,0.0000,0.0000,0.0000,1,0,0,0,0,0.0000
12.5117,185.2042,0.0864,102.8923,0.0000,0.0000,0.0000,0.0000,0.0000,270.0021,0.0000,0.0000,0.0000,0.0000,0.0000,0.0000,0.0000,0.0000,0.0000,1,0,0,0,0,0.0000
12.5643,185.2042,0.0864,102.8923,0.0000,0.0000,0.0000,0.0000,0.0000,270.0021,0.0000,0.0000,0.0000,0.0000,0.0000,0.0000,0.0000,0.0000,0.0000,1,0,0,0,0,0.0000
12.6210,185.2042,0.0864,102.8923,0.0000,0.0000,0.0000,0.0000,0.0000,270.0021,0.0000,0.0000,0.0000,0.0000,0.0000,0.0000,0.0000,0.0000,0.0000,1,0,0,0,0,0.0000
12.6915,185.2042,0.0864,102.8923,0.0000,0.0000,0.0000,0.0000,0.0000,270.0021,0.0000,0.0000,0.0000,0.0000,0.0000,0.0000,0.0000,0.0000,0.0000,1,0,0,0,0,0.0000
12.7469,185.2042,0.0864,102.8923,0.0000,0.0000,0.0000,0.0000,0.0000,270.0021,0.0000,0.0000,0.0000,0.0000,0.0000,0.0000,0.0000,0.0000,0.0000,1,0,0,0,0,0.0000
12.8015,185.2042,0.0864,102.8923,0.0000,0.0000,0.0000,0.0000,0.0000,270.0021,0.0000,0.0000,0.0000,0.0000,0.0000,0.0000,0.0000,0.0000,0.0000,1,0,0,0,0,0.0000
12.8582,185.2042,0.0864,102.8923,0.0000,0.0000,0.0000,0.0000,0.0000,270.0021,0.0000,0.0000,0.0000,0.0000,0.0000,0.0000,0.0000,0.0000,0.0000,1,0,0,0,0,0.0000
12.9126,185.2042,0.0864,102.8923,0.0000,0.0000,0.0000,0.0000,0.0000,270.0021,0.0000,0.0000,0.0000,0.0000,0.0000,0.0000,0.0000,0.0000,0.0000,1,0,0,0,0,0.0000
12.9670,185.2042,0.0864,102.8923,0.0000,0.0000,0.0000,0.0000,0.0000,270.0021,0.0000,0.0000,0.0000,0.0000,0.0000,0.0000,0.0000,0.0000,0.0000,1,0,0,0,0,0.0000
13.0241,185.2042,0.0864,102.8923,0.0000,0.0000,0.0000,0.0000,0.0000,270.0021,0.0000,0.0000,0.0000,0.0000,0.0000,0.0000,0.0000,0.0000,0.0000,1,0,0,0,0,0.0000
13.0782,185.2042,0.0864,102.8923,0.0000,0.0000,0.0000,0.0000,0.0000,270.0021,0.0000,0.0000,0.0000,0.0000,0.0000,0.0000,0.0000,0.0000,0.0000,1,0,0,0,0,0.0000
13.1338,185.2042,0.0864,102.8923,0.0000,0.0000,0.0000,0.0000,0.0000,270.0021,0.0000,0.0000,0.0000,0.0000,0.0000,0.0000,0.0000,0.0000,0.0000,1,0,0,0,0,0.0000
13.2039,185.2042,0.0864,102.8923,0.0000,0.0000,0.0000,0.0000,0.0000,270.0021,0.0000,0.0000,0.0000,0.0000,0.0000,0.0000,0.0000,0.0000,0.0000,1,0,0,0,0,0.0000
13.2598,185.2042,0.0864,102.8923,0.0000,0.0000,0.0000,0.0000,0.0000,270.0021,0.0000,0.0000,0.0000,0.0000,0.0000,0.0000,0.0000,0.0000,0.0000,1,0,0,0,0,0.0000
13.3162,185.2042,0.0864,102.8923,0.0000,0.0000,0.0000,0.0000,0.0000,270.0021,0.0000,0.0000,0.0000,0.0000,0.0000,0.0000,0.0000,0.0000,0.0000,1,0,0,0,0,0.0000
13.3721,185.2042,0.0864,102.8923,0.0000,0.0000,0.0000,0.0000,0.0000,270.0021,0.0000,0.0000,0.0000,0.0000,0.0000,0.0000,0.0000,0.0000,0.0000,1,0,0,0,0,0.0000
13.4286,185.2042,0.0864,102.8923,0.0000,0.0000,0.0000,0.0000,0.0000,270.0021,0.0000,0.0000,0.0000,0.0000,0.0000,0.0000,0.0000,0.0000,0.0000,1,0,0,0,0,0.0000
13.4828,185.2042,0.0864,102.8923,0.0000,0.0000,0.0000,0.0000,0.0000,270.0021,0.0000,0.0000,0.0000,0.0000,0.0000,0.0000,0.0000,0.0000,0.0000,1,0,0,0,0,0.0000
13.5364,185.2042,0.0864,102.8923,0.0000,0.0000,0.0000,0.0000,0.0000,270.0021,0.0000,0.0000,0.0000,0.0000,0.0000,0.0000,0.0000,0.0000,0.0000,1,0,0,0,0,0.0000
13.5924,185.2042,0.0864,102.8923,0.0000,0.0000,0.0000,0.0000,0.0000,270.0021,0.0000,0.0000,0.0000,0.0000,0.0000,0.0000,0.0000,0.0000,0.0000,1,0,0,0,0,0.0000
13.6490,185.2042,0.0864,102.8923,0.0000,0.0000,0.0000,0.0000,0.0000,270.0021,0.0000,0.0000,0.0000,0.0000,0.0000,0.0000,0.0000,0.0000,0.0000,1,0,0,0,0,0.0000
13.7060,185.2042,0.0864,102.8923,0.0000,0.0000,0.0000,0.0000,0.0000,270.0021,0.0000,0.0000,0.0000,0.0000,0.0000,0.0000,0.0000,0.0000,0.0000,1,0,0,0,0,0.0000
13.7750,185.2042,0.0864,102.8923,0.0000,0.0000,0.0000,0.0000,0.0000,270.0021,0.0000,0.0000,0.0000,0.0000,0.0000,0.0000,0.0000,0.0000,0.0000,1,0,0,0,0,0.0000
13.8302,185.2042,0.0864,102.8923,0.0000,0.0000,0.0000,0.0000,0.0000,270.0021,0.0000,0.0000,0.0000,0.0000,0.0000,0.0000,0.0000,0.0000,0.0000,1,0,0,0,0,0.0000
13.8831,185.2042,0.0864,102.8923,0.0000,0.0000,0.0000,0.0000,0.0000,270.0021,0.0000,0.0000,0.0000,0.0000,0.0000,0.0000,0.0000,0.0000,0.0000,1,0,0,0,0,0.0000
13.9390,185.2042,0.0864,102.8923,0.0000,0.0000,0.0000,0.0000,0.0000,270.0021,0.0000,0.0000,0.0000,0.0000,0.0000,0.0000,0.0000,0.0000,0.0000,1,0,0,0,0,0.0000
13.9964,185.2042,0.0864,102.8923,0.0000,0.0000,0.0000,0.0000,0.0000,270.0021,0.0000,0.0000,0.0000,0.0000,0.0000,0.0000,0.0000,0.0000,0.0000,1,0,0,0,0,0.0000
14.0640,185.2042,0.0864,102.8923,0.0000,0.0000,0.0000,0.0000,0.0000,270.0021,0.0000,0.0000,0.0000,0.0000,0.0000,0.0000,0.0000,0.0000,0.0000,1,0,0,0,0,0.0000
14.1228,185.2042,0.0864,102.8923,0.0000,0.0000,0.0000,0.0000,0.0000,270.0021,0.0000,0.0000,0.0000,0.0000,0.0000,0.0000,0.0000,0.0000,0.0000,1,0,0,0,0,0.0000
14.1749,185.2042,0.0864,102.8923,0.0000,0.0000,0.0000,0.0000,0.0000,270.0021,0.0000,0.0000,0.0000,0.0000,0.0000,0.0000,0.0000,0.0000,0.0000,1,0,0,0,0,0.0000
14.2301,185.2042,0.0864,102.8923,0.0000,0.0000,0.0000,0.0000,0.0000,270.0021,0.0000,0.0000,0.0000,0.0000,0.0000,0.0000,0.0000,0.0000,0.0000,1,0,0,0,0,0.0000
14.3002,185.2042,0.0864,102.8923,0.0000,0.0000,0.0000,0.0000,0.0000,270.0021,0.0000,0.0000,0.0000,0.0000,0.0000,0.0000,0.0000,0.0000,0.0000,1,0,0,0,0,0.0000
14.3618,185.2042,0.0864,102.8923,0.0000,0.0000,0.0000,0.0000,0.0000,270.0021,0.0000,0.0000,0.0000,0.0000,0.0000,0.0000,0.0000,0.0000,0.0000,1,0,0,0,0,0.0000
14.4390,185.2042,0.0864,102.8923,0.0000,0.0000,0.0000,0.0000,0.0000,270.0021,0.0000,0.0000,0.0000,0.0000,0.0000,0.0000,0.0000,0.0000,0.0000,1,0,0,0,0,0.0000
14.4980,185.2042,0.0864,102.8923,0.0000,0.0000,0.0000,0.0000,0.0000,270.0021,0.0000,0.0000,0.0000,0.0000,0.0000,0.0000,0.0000,0.0000,0.0000,1,0,0,0,0,0.0000
14.5505,185.2042,0.0864,102.8923,0.0000,0.0000,0.0000,0.0000,0.0000,270.0021,0.0000,0.0000,0.0000,0.0000,0.0000,0.0000,0.0000,0.0000,0.0000,1,0,0,0,0,0.0000
14.6067,185.2042,0.0864,102.8923,0.0000,0.0000,0.0000,0.0000,0.0000,270.0021,0.0000,0.0000,0.0000,0.0000,0.0000,0.0000,0.0000,0.0000,0.0000,1,0,0,0,0,0.0000
14.6611,185.2042,0.0864,102.8923,0.0000,0.0000,0.0000,0.0000,0.0000,270.0021,0.0000,0.0000,0.0000,0.0000,0.0000,0.0000,0.0000,0.0000,0.0000,1,0,0,0,0,0.0000
14.7161,185.2042,0.0864,102.8923,0.0000,0.0000,0.0000,0.0000,0.0000,270.0021,0.0000,0.0000,0.0000,0.0000,0.0000,0.0000,0.0000,0.0000,0.0000,1,0,0,0,0,0.0000
14.7730,185.2042,0.0864,102.8923,0.0000,0.0000,0.0000,0.0000,0.0000,270.0021,0.0000,0.0000,0.0000,0.0000,0.0000,0.0000,0.0000,0.0000,0.0000,1,0,0,0,0,0.0000
14.8436,185.2042,0.0864,102.8923,0.0000,0.0000,0.0000,0.0000,0.0000,270.0021,0.0000,0.0000,0.0000,0.0000,0.0000,0.0000,0.0000,0.0000,0.0000,1,0,0,0,0,0.0000
14.8977,185.2042,0.0864,102.8923,0.0000,0.0000,0.0000,0.0000,0.0000,270.0021,0.0000,0.0000,0.0000,0.0000,0.0000,0.0000,0.0000,0.0000,0.0000,1,0,0,0,0,0.0000
14.9537,185.2042,0.0864,102.8923,0.0000,0.0000,0.0000,0.0000,0.0000,270.0021,0.0000,0.0000,0.0000,0.0000,0.0000,0.0000,0.0000,0.0000,0.0000,1,0,0,0,0,0.0000
15.0116,185.2042,0.0864,102.8923,0.0000,0.0000,0.0000,0.0000,0.0000,270.0021,0.0000,0.0000,0.0000,0.0000,0.0000,0.0000,0.0000,0.0000,0.0000,1,0,0,0,0,0.0000
15.0652,185.2042,0.0864,102.8923,0.0000,0.0000,0.0000,0.0000,0.0000,270.0021,0.0000,0.0000,0.0000,0.0000,0.0000,0.0000,0.0000,0.0000,0.0000,1,0,0,0,0,0.0000
15.1195,185.2042,0.0864,102.8923,0.0000,0.0000,0.0000,0.0000,0.0000,270.0021,0.0000,0.0000,0.0000,0.0000,0.0000,0.0000,0.0000,0.0000,0.0000,1,0,0,0,0,0.0000
15.1777,185.2042,0.0864,102.8923,0.0000,0.0000,0.0000,0.0000,0.0000,270.0021,0.0000,0.0000,0.0000,0.0000,0.0000,0.0000,0.0000,0.0000,0.0000,1,0,0,0,0,0.0000
15.2312,185.2042,0.0864,102.8923,0.0000,0.0000,0.0000,0.0000,0.0000,270.0021,0.0000,0.0000,0.0000,0.0000,0.0000,0.0000,0.0000,0.0000,0.0000,1,0,0,0,0,0.0000
15.3010,185.2042,0.0864,102.8923,0.0000,0.0000,0.0000,0.0000,0.0000,270.0021,0.0000,0.0000,0.0000,0.0000,0.0000,0.0000,0.0000,0.0000,0.0000,1,0,0,0,0,0.0000
15.3698,185.2042,0.0864,102.8923,0.0000,0.0000,0.0000,0.0000,0.0000,270.0021,0.0000,0.0000,0.0000,0.0000,0.0000,0.0000,0.0000,0.0000,0.0000,1,0,0,0,0,0.0000
15.4416,185.2042,0.0864,102.8923,0.0000,0.0000,0.0000,0.0000,0.0000,270.0021,0.0000,0.0000,0.0000,0.0000,0.0000,0.0000,0.0000,0.0000,0.0000,1,0,0,0,0,0.0000
15.4957,185.2042,0.0864,102.8923,0.0000,0.0000,0.0000,0.0000,0.0000,270.0021,0.0000,0.0000,0.0000,0.0000,0.0000,0.0000,0.0000,0.0000,0.0000,1,0,0,0,0,0.0000
15.5513,185.2042,0.0864,102.8923,0.0000,0.0000,0.0000,0.0000,0.0000,270.0021,0.0000,0.0000,0.0000,0.0000,0.0000,0.0000,0.0000,0.0000,0.0000,1,0,0,0,0,0.0000
15.6050,185.2042,0.0864,102.8923,0.0000,0.0000,0.0000,0.0000,0.0000,270.0021,0.0000,0.0000,0.0000,0.0000,0.0000,0.0000,0.0000,0.0000,0.0000,1,0,0,0,0,0.0000
15.6606,185.2042,0.0864,102.8923,0.0000,0.0000,0.0000,0.0000,0.0000,270.0021,0.0000,0.0000,0.0000,0.0000,0.0000,0.0000,0.0000,0.0000,0.0000,1,0,0,0,0,0.0000
15.7166,185.2042,0.0864,102.8923,0.0000,0.0000,0.0000,0.0000,0.0000,270.0021,0.0000,0.0000,0.0000,0.0000,0.0000,0.0000,0.0000,0.0000,0.0000,1,0,0,0,0,0.0000
15.7717,185.2042,0.0864,102.8923,0.0000,0.0000,0.0000,0.0000,0.0000,270.0021,0.0000,0.0000,0.0000,0.0000,0.0000,0.0000,0.0000,0.0000,0.0000,1,0,0,0,0,0.0000
15.8274,185.2042,0.0864,102.8923,0.0000,0.0000,0.0000,0.0000,0.0000,270.0021,0.0000,0.0000,0.0000,0.0000,0.0000,0.0000,0.0000,0.0000,0.0000,1,0,0,0,0,0.0000
15.8830,185.2042,0.0864,102.8923,0.0000,0.0000,0.0000,0.0000,0.0000,270.0021,0.0000,0.0000,0.0000,0.0000,0.0000,0.0000,0.0000,0.0000,0.0000,1,0,0,0,0,0.0000
15.9537,185.2042,0.0864,102.8923,0.0000,0.0000,0.0000,0.0000,0.0000,270.0021,0.0000,0.0000,0.0000,0.0000,0.0000,0.0000,0.0000,0.0000,0.0000,1,0,0,0,0,0.0000
16.0098,185.2042,0.0864,102.8923,0.0000,0.0000,0.0000,0.0000,0.0000,270.0021,0.0000,0.0000,0.0000,0.0000,0.0000,0.0000,0.0000,0.0000,0.0000,1,0,0,0,0,0.0000
16.0660,185.2042,0.0864,102.8923,0.0000,0.0000,0.0000,0.0000,0.0000,270.0021,0.0000,0.0000,0.0000,0.0000,0.0000,0.0000,0.0000,0.0000,0.0000,1,0,0,0,0,0.0000
16.1212,185.2042,0.0864,102.8923,0.0000,0.0000,0.0000,0.0000,0.0000,270.0021,0.0000,0.0000,0.0000,0.0000,0.0000,0.0000,0.0000,0.0000,0.0000,1,0,0,0,0,0.0000
16.1759,185.2042,0.0864,102.8923,0.0000,0.0000,0.0000,0.0000,0.0000,270.0021,0.0000,0.0000,0.0000,0.0000,0.0000,0.0000,0.0000,0.0000,0.0000,1,0,0,0,0,0.0000
16.2310,185.2042,0.0864,102.8923,0.0000,0.0000,0.0000,0.0000,0.0000,270.0021,0.0000,0.0000,0.0000,0.0000,0.0000,0.0000,0.0000,0.0000,0.0000,1,0,0,0,0,0.0000
16.2888,185.2042,0.0864,102.8923,0.0000,0.0000,0.0000,0.0000,0.0000,270.0021,0.0000,0.0000,0.0000,0.0000,0.0000,0.0000,0.0000,0.0000,0.0000,1,0,0,0,0,0.0000
16.3418,185.2042,0.0864,102.8923,0.0000,0.0000,0.0000,0.0000,0.0000,270.0021,0.0000,0.0000,0.0000,0.0000,0.0000,0.0000,0.0000,0.0000,0.0000,1,0,0,0,0,0.0000
16.3984,185.2042,0.0864,102.8923,0.0000,0.0000,0.0000,0.0000,0.0000,270.0021,0.0000,0.0000,0.0000,0.0000,0.0000,0.0000,0.0000,0.0000,0.0000,1,0,0,0,0,0.0000
16.4693,185.2042,0.0864,102.8923,0.0000,0.0000,0.0000,0.0000,0.0000,270.0021,0.0000,0.0000,0.0000,0.0000,0.0000,0.0000,0.0000,0.0000,0.0000,1,0,0,0,0,0.0000
16.5251,185.2042,0.0864,102.8923,0.0000,0.0000,0.0000,0.0000,0.0000,270.0021,0.0000,0.0000,0.0000,0.0000,0.0000,0.0000,0.0000,0.0000,0.0000,1,0,0,0,0,0.0000
16.5847,185.2042,0.0864,102.8923,0.0000,0.0000,0.0000,0.0000,0.0000,270.0021,0.0000,0.0000,0.0000,0.0000,0.0000,0.0000,0.0000,0.0000,0.0000,1,0,0,0,0,0.0000
16.6348,185.2042,0.0864,102.8923,0.0000,0.0000,0.0000,0.0000,0.0000,270.0021,0.0000,0.0000,0.0000,0.0000,0.0000,0.0000,0.0000,0.0000,0.0000,1,0,0,0,0,0.0000
16.6914,185.2042,0.0864,102.8923,0.0000,0.0000,0.0000,0.0000,0.0000,270.0021,0.0000,0.0000,0.0000,0.0000,0.0000,0.0000,0.0000,0.0000,0.0000,1,0,0,0,0,0.0000
16.7477,185.2042,0.0864,102.8923,0.0000,0.0000,0.0000,0.0000,0.0000,270.0021,0.0000,0.0000,0.0000,0.0000,0.0000,0.0000,0.0000,0.0000,0.0000,1,0,0,0,0,0.0000
16.8011,185.2042,0.0864,102.8923,0.0000,0.0000,0.0000,0.0000,0.0000,270.0021,0.0000,0.0000,0.0000,0.0000,0.0000,0.0000,0.0000,0.0000,0.0000,1,0,0,0,0,0.0000
16.8564,185.2042,0.0864,102.8923,0.0000,0.0000,0.0000,0.0000,0.0000,270.0021,0.0000,0.0000,0.0000,0.0000,0.0000,0.0000,0.0000,0.0000,0.0000,1,0,0,0,0,0.0000
16.9124,185.2042,0.0864,102.8923,0.0000,0.0000,0.0000,0.0000,0.0000,270.0021,0.0000,0.0000,0.0000,0.0000,0.0000,0.0000,0.0000,0.0000,0.0000,1,0,0,0,0,0.0000
16.9706,185.2042,0.0864,102.8923,0.0000,0.0000,0.0000,0.0000,0.0000,270.0021,0.0000,0.0000,0.0000,0.0000,0.0000,0.0000,0.0000,0.0000,0.0000,1,0,0,0,0,0.0000
17.0388,185.2042,0.0864,102.8923,0.0000,0.0000,0.0000,0.0000,0.0000,270.0021,0.0000,0.0000,0.0000,0.0000,0.0000,0.0000,0.0000,0.0000,0.0000,1,0,0,0,0,0.0000
17.0910,185.2042,0.0864,102.8923,0.0000,0.0000,0.0000,0.0000,0.0000,270.0021,0.0000,0.0000,0.0000,0.0000,0.0000,0.0000,0.0000,0.0000,0.0000,1,0,0,0,0,0.0000
17.1466,185.2042,0.0864,102.8923,0.0000,0.0000,0.0000,0.0000,0.0000,270.0021,0.0000,0.0000,0.0000,0.0000,0.0000,0.0000,0.0000,0.0000,0.0000,1,0,0,0,0,0.0000
17.2020,185.2042,0.0864,102.8923,0.0000,0.0000,0.0000,0.0000,0.0000,270.0021,0.0000,0.0000,0.0000,0.0000,0.0000,0.0000,0.0000,0.0000,0.0000,1,0,0,0,0,0.0000
17.2571,185.2042,0.0864,102.8923,0.0000,0.0000,0.0000,0.0000,0.0000,270.0021,0.0000,0.0000,0.0000,0.0000,0.0000,0.0000,0.0000,0.0000,0.0000,1,0,0,0,0,0.0000
17.3155,185.2042,0.0864,102.8923,0.0000,0.0000,0.0000,0.0000,0.0000,270.0021,0.0000,0.0000,0.0000,0.0000,0.0000,0.0000,0.0000,0.0000,0.0000,1,0,0,0,0,0.0000
17.3756,185.2042,0.0864,102.8923,0.0000,0.0000,0.0000,0.0000,0.0000,270.0021,0.0000,0.0000,0.0000,0.0000,0.0000,0.0000,0.0000,0.0000,0.0000,1,0,0,0,0,0.0000
17.4258,185.2042,0.0864,102.8923,0.0000,0.0000,0.0000,0.0000,0.0000,270.0021,0.0000,0.0000,0.0000,0.0000,0.0000,0.0000,0.0000,0.0000,0.0000,1,0,0,0,0,0.0000
17.4820,185.2042,0.0864,102.8923,0.0000,0.0000,0.0000,0.0000,0.0000,270.0021,0.0000,0.0000,0.0000,0.0000,0.0000,0.0000,0.0000,0.0000,0.0000,1,0,0,0,0,0.0000
17.5557,185.2042,0.0864,102.8923,0.0000,0.0000,0.0000,0.0000,0.0000,270.0021,0.0000,0.0000,0.0000,0.0000,0.0000,0.0000,0.0000,0.0000,0.0000,1,0,0,0,0,0.0000
17.6061,185.2042,0.0864,102.8923,0.0000,0.0000,0.0000,0.0000,0.0000,270.0021,0.0000,0.0000,0.0000,0.0000,0.0000,0.0000,0.0000,0.0000,0.0000,1,0,0,0,0,0.0000
17.6638,185.2042,0.0864,102.8923,0.0000,0.0000,0.0000,0.0000,0.0000,270.0021,0.0000,0.0000,0.0000,0.0000,0.0000,0.0000,0.0000,0.0000,0.0000,1,0,0,0,0,0.0000
17.7181,185.2042,0.0864,102.8923,0.0000,0.0000,0.0000,0.0000,0.0000,270.0021,0.0000,0.0000,0.0000,0.0000,0.0000,0.0000,0.0000,0.0000,0.0000,1,0,0,0,0,0.0000
17.7805,185.2042,0.0864,102.8923,0.0000,0.0000,0.0000,0.0000,0.0000,270.0021,0.0000,0.0000,0.0000,0.0000,0.0000,0.0000,0.0000,0.0000,0.0000,1,0,0,0,0,0.0000
17.8584,185.2042,0.0864,102.8923,0.0000,0.0000,0.0000,0.0000,0.0000,270.0021,0.0000,0.0000,0.0000,0.0000,0.0000,0.0000,0.0000,0.0000,0.0000,1,0,0,0,0,0.0000
17.9140,185.2042,0.0864,102.8923,0.0000,0.0000,0.0000,0.0000,0.0000,270.0021,0.0000,0.0000,0.0000,0.0000,0.0000,0.0000,0.0000,0.0000,0.0000,1,0,0,0,0,0.0000
17.9698,185.2042,0.0864,102.8923,0.0000,0.0000,0.0000,0.0000,0.0000,270.0021,0.0000,0.0000,0.0000,0.0000,0.0000,0.0000,0.0000,0.0000,0.0000,1,0,0,0,0,0.0000
18.0264,185.2042,0.0864,102.8923,0.0000,0.0000,0.0000,0.0000,0.0000,270.0021,0.0000,0.0000,0.0000,0.0000,0.0000,0.0000,0.0000,0.0000,0.0000,1,0,0,0,0,0.0000
18.0948,185.2042,0.0864,102.8923,0.0000,0.0000,0.0000,0.0000,0.0000,270.0021,0.0000,0.0000,0.0000,0.0000,0.0000,0.0000,0.0000,0.0000,0.0000,1,0,0,0,0,0.0000
18.1519,185.2042,0.0864,102.8923,0.0000,0.0000,0.0000,0.0000,0.0000,270.0021,0.0000,0.0000,0.0000,0.0000,0.0000,0.0000,0.0000,0.0000,0.0000,1,0,0,0,0,0.0000
18.2062,185.2042,0.0864,102.8923,0.0000,0.0000,0.0000,0.0000,0.0000,270.0021,0.0000,0.0000,0.0000,0.0000,0.0000,0.0000,0.0000,0.0000,0.0000,1,0,0,0,0,0.0000
18.2623,185.2042,0.0864,102.8923,0.0000,0.0000,0.0000,0.0000,0.0000,270.0021,0.0000,0.0000,0.0000,0.0000,0.0000,0.0000,0.0000,0.0000,0.0000,1,0,0,0,0,0.0000
18.3169,185.2042,0.0864,102.8923,0.0000,0.0000,0.0000,0.0000,0.0000,270.0021,0.0000,0.0000,0.0000,0.0000,0.0000,0.0000,0.0000,0.0000,0.0000,1,0,0,0,0,0.0000
18.3739,185.2042,0.0864,102.8923,0.0000,0.0000,0.0000,0.0000,0.0000,270.0021,0.0000,0.0000,0.0000,0.0000,0.0000,0.0000,0.0000,0.0000,0.0000,1,0,0,0,0,0.0000
18.4288,185.2042,0.0864,102.8923,0.0000,0.0000,0.0000,0.0000,0.0000,270.0021,0.0000,0.0000,0.0000,0.0000,0.0000,0.0000,0.0000,0.0000,0.0000,1,0,0,0,0,0.0000
18.4824,185.2042,0.0864,102.8923,0.0000,0.0000,0.0000,0.0000,0.0000,270.0021,0.0000,0.0000,0.0000,0.0000,0.0000,0.0000,0.0000,0.0000,0.0000,1,0,0,0,0,0.0000
18.5435,185.2042,0.0864,102.8923,0.0000,0.0000,0.0000,0.0000,0.0000,270.0021,0.0000,0.0000,0.0000,0.0000,0.0000,0.0000,0.0000,0.0000,0.0000,1,0,0,0,0,0.0000
18.6097,185.2042,0.0864,102.8923,0.0000,0.0000,0.0000,0.0000,0.0000,270.0021,0.0000,0.0000,0.0000,0.0000,0.0000,0.0000,0.0000,0.0000,0.0000,1,0,0,0,0,0.0000
18.6778,185.2042,0.0864,102.8923,0.0000,0.0000,0.0000,0.0000,0.0000,270.0021,0.0000,0.0000,0.0000,0.0000,0.0000,0.0000,0.0000,0.0000,0.0000,1,0,0,0,0,0.0000
18.7336,185.2042,0.0864,102.8923,0.0000,0.0000,0.0000,0.0000,0.0000,270.0021,0.0000,0.0000,0.0000,0.0000,0.0000,0.0000,0.0000,0.0000,0.0000,1,0,0,0,0,0.0000
18.7943,185.2042,0.0864,102.8923,0.0000,0.0000,0.0000,0.0000,0.0000,270.0021,0.0000,0.0000,0.0000,0.0000,0.0000,0.0000,0.0000,0.0000,0.0000,1,0,0,0,0,0.0000
18.8599,185.2042,0.0864,102.8923,0.0000,0.0000,0.0000,0.0000,0.0000,270.0021,0.0000,0.0000,0.0000,0.0000,0.0000,0.0000,0.0000,0.0000,0.0000,1,0,0,0,0,0.0000
18.9125,185.2042,0.0864,102.8923,0.0000,0.0000,0.0000,0.0000,0.0000,270.0021,0.0000,0.0000,0.0000,0.0000,0.0000,0.0000,0.0000,0.0000,0.0000,1,0,0,0,0,0.0000
18.9762,185.2042,0.0864,102.8923,0.0000,0.0000,0.0000,0.0000,0.0000,270.0021,0.0000,0.0000,0.0000,0.0000,0.0000,0.0000,0.0000,0.0000,0.0000,1,0,0,0,0,0.0000
19.0632,185.2042,0.0864,102.8923,0.0000,0.0000,0.0000,0.0000,0.0000,270.0021,0.0000,0.0000,0.0000,0.0000,0.0000,0.0000,0.0000,0.0000,0.0000,1,0,0,0,0,0.0000
19.1394,185.2042,0.0864,102.8923,0.0000,0.0000,0.0000,0.0000,0.0000,270.0021,0.0000,0.0000,0.0000,0.0000,0.0000,0.0000,0.0000,0.0000,0.0000,1,0,0,0,0,0.0000
19.2070,185.2042,0.0864,102.8923,0.0000,0.0000,0.0000,0.0000,0.0000,270.0021,0.0000,0.0000,0.0000,0.0000,0.0000,0.0000,0.0000,0.0000,0.0000,1,0,0,0,0,0.0000
19.2611,185.2042,0.0864,102.8923,0.0000,0.0000,0.0000,0.0000,0.0000,270.0021,0.0000,0.0000,0.0000,0.0000,0.0000,0.0000,0.0000,0.0000,0.0000,1,0,0,0,0,0.0000
19.3379,185.2042,0.0864,102.8923,0.0000,0.0000,0.0000,0.0000,0.0000,270.0021,0.0000,0.0000,0.0000,0.0000,0.0000,0.0000,0.0000,0.0000,0.0000,1,0,0,0,0,0.0000
19.3998,185.2042,0.0864,102.8923,0.0000,0.0000,0.0000,0.0000,0.0000,270.0021,0.0000,0.0000,0.0000,0.0000,0.0000,0.0000,0.0000,0.0000,0.0000,1,0,0,0,0,0.0000
19.4547,185.2042,0.0864,102.8923,0.0000,0.0000,0.0000,0.0000,0.0000,270.0021,0.0000,0.0000,0.0000,0.0000,0.0000,0.0000,0.0000,0.0000,0.0000,1,0,0,0,0,0.0000
19.5117,185.2042,0.0864,102.8923,0.0000,0.0000,0.0000,0.0000,0.0000,270.0021,0.0000,0.0000,0.0000,0.0000,0.0000,0.0000,0.0000,0.0000,0.0000,1,0,0,0,0,0.0000
19.5643,185.2042,0.0864,102.8923,0.0000,0.0000,0.0000,0.0000,0.0000,270.0021,0.0000,0.0000,0.0000,0.0000,0.0000,0.0000,0.0000,0.0000,0.0000,1,0,0,0,0,0.0000
19.6238,185.2042,0.0864,102.8923,0.0000,0.0000,0.0000,0.0000,0.0000,270.0021,0.0000,0.0000,0.0000,0.0000,0.0000,0.0000,0.0000,0.0000,0.0000,1,0,0,0,0,0.0000
19.6774,185.2042,0.0864,102.8923,0.0000,0.0000,0.0000,0.0000,0.0000,270.0021,0.0000,0.0000,0.0000,0.0000,0.0000,0.0000,0.0000,0.0000,0.0000,1,0,0,0,0,0.0000
19.7462,185.2042,0.0864,102.8923,0.0000,0.0000,0.0000,0.0000,0.0000,270.0021,0.0000,0.0000,0.0000,0.0000,0.0000,0.0000,0.0000,0.0000,0.0000,1,0,0,0,0,0.0000
19.8046,185.2042,0.0864,102.8923,0.0000,0.0000,0.0000,0.0000,0.0000,270.0021,0.0000,0.0000,0.0000,0.0000,0.0000,0.0000,0.0000,0.0000,0.0000,1,0,0,0,0,0.0000
19.8604,185.2042,0.0864,102.8923,0.0000,0.0000,0.0000,0.0000,0.0000,270.0021,0.0000,0.0000,0.0000,0.0000,0.0000,0.0000,0.0000,0.0000,0.0000,1,0,0,0,0,0.0000
19.9147,185.2042,0.0864,102.8923,0.0000,0.0000,0.0000,0.0000,0.0000,270.0021,0.0000,0.0000,0.0000,0.0000,0.0000,0.0000,0.0000,0.0000,0.0000,1,0,0,0,0,0.0000
19.9744,185.2042,0.0864,102.8923,0.0000,0.0000,0.0000,0.0000,0.0000,270.0021,0.0000,0.0000,0.0000,0.0000,0.0000,0.0000,0.0000,0.0000,0.0000,1,0,0,0,0,0.0000
20.0524,185.2042,0.0864,102.8923,0.0000,0.0000,0.0000,0.0000,0.0000,270.0021,0.0000,0.0000,0.0000,0.0000,0.0000,0.0000,0.0000,0.0000,0.0000,1,0,0,0,0,0.0000
20.1085,185.2042,0.0864,102.8923,0.0000,0.0000,0.0000,0.0000,0.0000,270.0021,0.0000,0.0000,0.0000,0.0000,0.0000,0.0000,0.0000,0.0000,0.0000,1,0,0,0,0,0.0000
20.1612,185.2042,0.0864,102.8923,0.0000,0.0000,0.0000,0.0000,0.0000,270.0021,0.0000,0.0000,0.0000,0.0000,0.0000,0.0000,0.0000,0.0000,0.0000,1,0,0,0,0,0.0000
20.2194,185.2042,0.0864,102.8923,0.0000,0.0000,0.0000,0.0000,0.0000,270.0021,0.0000,0.0000,0.0000,0.0000,0.0000,0.0000,0.0000,0.0000,0.0000,1,0,0,0,0,0.0000
20.2892,185.2042,0.0864,102.8923,0.0000,0.0000,0.0000,0.0000,0.0000,270.0021,0.0000,0.0000,0.0000,0.0000,0.0000,0.0000,0.0000,0.0000,0.0000,1,0,0,0,0,0.0000
20.3446,185.2042,0.0864,102.8923,0.0000,0.0000,0.0000,0.0000,0.0000,270.0021,0.0000,0.0000,0.0000,0.0000,0.0000,0.0000,0.0000,0.0000,0.0000,1,0,0,0,0,0.0000
20.4027,185.2042,0.0864,102.8923,0.0000,0.0000,0.0000,0.0000,0.0000,270.0021,0.0000,0.0000,0.0000,0.0000,0.0000,0.0000,0.0000,0.0000,0.0000,1,0,0,0,0,0.0000
20.4550,185.2042,0.0864,102.8923,0.0000,0.0000,0.0000,0.0000,0.0000,270.0021,0.0000,0.0000,0.0000,0.0000,0.0000,0.0000,0.0000,0.0000,0.0000,1,0,0,0,0,0.0000
20.5102,185.2042,0.0864,102.8923,0.0000,0.0000,0.0000,0.0000,0.0000,270.0021,0.0000,0.0000,0.0000,0.0000,0.0000,0.0000,0.0000,0.0000,0.0000,1,0,0,0,0,0.0000
20.5643,185.2042,0.0864,102.8923,0.0000,0.0000,0.0000,0.0000,0.0000,270.0021,0.0000,0.0000,0.0000,0.0000,0.0000,0.0000,0.0000,0.0000,0.0000,1,0,0,0,0,0.0000
20.6201,185.2042,0.0864,102.8923,0.0000,0.0000,0.0000,0.0000,0.0000,270.0021,0.0000,0.0000,0.0000,0.0000,0.0000,0.0000,0.0000,0.0000,0.0000,1,0,0,0,0,0.0000
20.6788,185.2042,0.0864,102.8923,0.0000,0.0000,0.0000,0.0000,0.0000,270.0021,0.0000,0.0000,0.0000,0.0000,0.0000,0.0000,0.0000,0.0000,0.0000,1,0,0,0,0,0.0000
20.7416,185.2042,0.0864,102.8923,0.0000,0.0000,0.0000,0.0000,0.0000,270.0021,0.0000,0.0000,0.0000,0.0000,0.0000,0.0000,0.0000,0.0000,0.0000,1,0,0,0,0,0.0000
20.7963,185.2042,0.0864,102.8923,0.0000,0.0000,0.0000,0.0000,0.0000,270.0021,0.0000,0.0000,0.0000,0.0000,0.0000,0.0000,0.0000,0.0000,0.0000,1,0,0,0,0,0.0000
20.8505,185.2042,0.0864,102.8923,0.0000,0.0000,0.0000,0.0000,0.0000,270.0021,0.0000,0.0000,0.0000,0.0000,0.0000,0.0000,0.0000,0.0000,0.0000,1,0,0,0,0,0.0000
20.9409,185.2042,0.0864,102.8923,0.0000,0.0000,0.0000,0.0000,0.0000,270.0021,0.0000,0.0000,0.0000,0.0000,0.0000,0.0000,0.0000,0.0000,0.0000,1,0,0,0,0,0.0000
21.0298,185.2042,0.0864,102.8923,0.0000,0.0000,0.0000,0.0000,0.0000,270.0021,0.0000,0.0000,0.0000,0.0000,0.0000,0.0000,0.0000,0.0000,0.0000,1,0,0,0,0,0.0000
21.1080,185.2042,0.0864,102.8923,0.0000,0.0000,0.0000,0.0000,0.0000,270.0021,0.0000,0.0000,0.0000,0.0000,0.0000,0.0000,0.0000,0.0000,0.0000,1,0,0,0,0,0.0000
21.1661,185.2042,0.0864,102.8923,0.0000,0.0000,0.0000,0.0000,0.0000,270.0021,0.0000,0.0000,0.0000,0.0000,0.0000,0.0000,0.0000,0.0000,0.0000,1,0,0,0,0,0.0000
21.2189,185.2042,0.0864,102.8923,0.0000,0.0000,0.0000,0.0000,0.0000,270.0021,0.0000,0.0000,0.0000,0.0000,0.0000,0.0000,0.0000,0.0000,0.0000,1,0,0,0,0,0.0000
21.2734,185.2042,0.0864,102.8923,0.0000,0.0000,0.0000,0.0000,0.0000,270.0021,0.0000,0.0000,0.0000,0.0000,0.0000,0.0000,0.0000,0.0000,0.0000,1,0,0,0,0,0.0000
21.3286,185.2042,0.0864,102.8923,0.0000,0.0000,0.0000,0.0000,0.0000,270.0021,0.0000,0.0000,0.0000,0.0000,0.0000,0.0000,0.0000,0.0000,0.0000,1,0,0,0,0,0.0000
21.3866,185.2042,0.0864,102.8923,0.0000,0.0000,0.0000,0.0000,0.0000,270.0021,0.0000,0.0000,0.0000,0.0000,0.0000,0.0000,0.0000,0.0000,0.0000,1,0,0,0,0,0.0000
21.4445,185.2042,0.0864,102.8923,0.0000,0.0000,0.0000,0.0000,0.0000,270.0021,0.0000,0.0000,0.0000,0.0000,0.0000,0.0000,0.0000,0.0000,0.0000,1,0,0,0,0,0.0000
21.4978,185.2042,0.0864,102.8923,0.0000,0.0000,0.0000,0.0000,0.0000,270.0021,0.0000,0.0000,0.0000,0.0000,0.0000,0.0000,0.0000,0.0000,0.0000,1,0,0,0,0,0.0000
21.5564,185.2042,0.0864,102.8923,0.0000,0.0000,0.0000,0.0000,0.0000,270.0021,0.0000,0.0000,0.0000,0.0000,0.0000,0.0000,0.0000,0.0000,0.0000,1,0,0,0,0,0.0000
21.6133,185.2042,0.0864,102.8923,0.0000,0.0000,0.0000,0.0000,0.0000,270.0021,0.0000,0.0000,0.0000,0.0000,0.0000,0.0000,0.0000,0.0000,0.0000,1,0,0,0,0,0.0000
21.6639,185.2042,0.0864,102.8923,0.0000,0.0000,0.0000,0.0000,0.0000,270.0021,0.0000,0.0000,0.0000,0.0000,0.0000,0.0000,0.0000,0.0000,0.0000,1,0,0,0,0,0.0000
21.7205,185.2042,0.0864,102.8923,0.0000,0.0000,0.0000,0.0000,0.0000,270.0021,0.0000,0.0000,0.0000,0.0000,0.0000,0.0000,0.0000,0.0000,0.0000,1,0,0,0,0,0.0000
21.7754,185.2042,0.0864,102.8923,0.0000,0.0000,0.0000,0.0000,0.0000,270.0021,0.0000,0.0000,0.0000,0.0000,0.0000,0.0000,0.0000,0.0000,0.0000,1,0,0,0,0,0.0000
21.8300,185.2042,0.0864,102.8923,0.0000,0.0000,0.0000,0.0000,0.0000,270.0021,0.0000,0.0000,0.0000,0.0000,0.0000,0.0000,0.0000,0.0000,0.0000,1,0,0,0,0,0.0000
21.8997,185.2042,0.0864,102.8923,0.0000,0.0000,0.0000,0.0000,0.0000,270.0021,0.0000,0.0000,0.0000,0.0000,0.0000,0.0000,0.0000,0.0000,0.0000,1,0,0,0,0,0.0000
21.9619,185.2042,0.0864,102.8923,0.0000,0.0000,0.0000,0.0000,0.0000,270.0021,0.0000,0.0000,0.0000,0.0000,0.0000,0.0000,0.0000,0.0000,0.0000,1,0,0,0,0,0.0000
22.0151,185.2042,0.0864,102.8923,0.0000,0.0000,0.0000,0.0000,0.0000,270.0021,0.0000,0.0000,0.0000,0.0000,0.0000,0.0000,0.0000,0.0000,0.0000,1,0,0,0,0,0.0000
22.0691,185.2042,0.0864,102.8923,0.0000,0.0000,0.0000,0.0000,0.0000,270.0021,0.0000,0.0000,0.0000,0.0000,0.0000,0.0000,0.0000,0.0000,0.0000,1,0,0,0,0,0.0000
22.1300,185.2042,0.0864,102.8923,0.0000,0.0000,0.0000,0.0000,0.0000,270.0021,0.0000,0.0000,0.0000,0.0000,0.0000,0.0000,0.0000,0.0000,0.0000,1,0,0,0,0,0.0000
22.2092,185.2042,0.0864,102.8923,0.0000,0.0000,0.0000,0.0000,0.0000,270.0021,0.0000,0.0000,0.0000,0.0000,0.0000,0.0000,0.0000,0.0000,0.0000,1,0,0,0,0,0.0000
22.2626,185.2042,0.0864,102.8923,0.0000,0.0000,0.0000,0.0000,0.0000,270.0021,0.0000,0.0000,0.0000,0.0000,0.0000,0.0000,0.0000,0.0000,0.0000,1,0,0,0,0,0.0000
22.3220,185.2042,0.0864,102.8923,0.0000,0.0000,0.0000,0.0000,0.0000,270.0021,0.0000,0.0000,0.0000,0.0000,0.0000,0.0000,0.0000,0.0000,0.0000,1,0,0,0,0,0.0000
22.3763,185.2042,0.0864,102.8923,0.0000,0.0000,0.0000,0.0000,0.0000,270.0021,0.0000,0.0000,0.0000,0.0000,0.0000,0.0000,0.0000,0.0000,0.0000,1,0,0,0,0,0.0000
22.4418,185.2042,0.0864,102.8923,0.0000,0.0000,0.0000,0.0000,0.0000,270.0021,0.0000,0.0000,0.0000,0.0000,0.0000,0.0000,0.0000,0.0000,0.0000,1,0,0,0,0,0.0000
22.4962,185.2042,0.0864,102.8923,0.0000,0.0000,0.0000,0.0000,0.0000,270.0021,0.0000,0.0000,0.0000,0.0000,0.0000,0.0000,0.0000,0.0000,0.0000,1,0,0,0,0,0.0000
22.5544,185.2042,0.0864,102.8923,0.0000,0.0000,0.0000,0.0000,0.0000,270.0021,0.0000,0.0000,0.0000,0.0000,0.0000,0.0000,0.0000,0.0000,0.0000,1,0,0,0,0,0.0000
22.6161,185.2042,0.0864,102.8923,0.0000,0.0000,0.0000,0.0000,0.0000,270.0021,0.0000,0.0000,0.0000,0.0000,0.0000,0.0000,0.0000,0.0000,0.0000,1,0,0,0,0,0.0000
22.6811,185.2042,0.0864,102.8923,0.0000,0.0000,0.0000,0.0000,0.0000,270.0021,0.0000,0.0000,0.0000,0.0000,0.0000,0.0000,0.0000,0.0000,0.0000,1,0,0,0,0,0.0000
22.7370,185.2042,0.0864,102.8923,0.0000,0.0000,0.0000,0.0000,0.0000,270.0021,0.0000,0.0000,0.0000,0.0000,0.0000,0.0000,0.0000,0.0000,0.0000,1,0,0,0,0,0.0000
22.7942,185.2042,0.0864,102.8923,0.0000,0.0000,0.0000,0.0000,0.0000,270.0021,0.0000,0.0000,0.0000,0.0000,0.0000,0.0000,0.0000,0.0000,0.0000,1,0,0,0,0,0.0000
22.8582,185.2042,0.0864,102.8923,0.0000,0.0000,0.0000,0.0000,0.0000,270.0021,0.0000,0.0000,0.0000,0.0000,0.0000,0.0000,0.0000,0.0000,0.0000,1,0,0,0,0,0.0000
22.9183,185.2042,0.0864,102.8923,0.0000,0.0000,0.0000,0.0000,0.0000,270.0021,0.0000,0.0000,0.0000,0.0000,0.0000,0.0000,0.0000,0.0000,0.0000,1,0,0,0,0,0.0000
22.9843,185.2042,0.0864,102.8923,0.0000,0.0000,0.0000,0.0000,0.0000,270.0021,0.0000,0.0000,0.0000,0.0000,0.0000,0.0000,0.0000,0.0000,0.0000,1,0,0,0,0,0.0000
23.0417,185.2042,0.0864,102.8923,0.0000,0.0000,0.0000,0.0000,0.0000,270.0021,0.0000,0.0000,0.0000,0.0000,0.0000,0.0000,0.0000,0.0000,0.0000,1,0,0,0,0,0.0000
23.0977,185.2042,0.0864,102.8923,0.0000,0.0000,0.0000,0.0000,0.0000,270.0021,0.0000,0.0000,0.0000,0.0000,0.0000,0.0000,0.0000,0.0000,0.0000,1,0,0,0,0,0.0000
23.1508,185.2042,0.0864,102.8923,0.0000,0.0000,0.0000,0.0000,0.0000,270.0021,0.0000,0.0000,0.0000,0.0000,0.0000,0.0000,0.0000,0.0000,0.0000,1,0,0,0,0,0.0000
23.2065,185.2042,0.0864,102.8923,0.0000,0.0000,0.0000,0.0000,0.0000,270.0021,0.0000,0.0000,0.0000,0.0000,0.0000,0.0000,0.0000,0.0000,0.0000,1,0,0,0,0,0.0000
23.2597,185.2042,0.0864,102.8923,0.0000,0.0000,0.0000,0.0000,0.0000,270.0021,0.0000,0.0000,0.0000,0.0000,0.0000,0.0000,0.0000,0.0000,0.0000,1,0,0,0,0,0.0000
23.3148,185.2042,0.0864,102.8923,0.0000,0.0000,0.0000,0.0000,0.0000,270.0021,0.0000,0.0000,0.0000,0.0000,0.0000,0.0000,0.0000,0.0000,0.0000,1,0,0,0,0,0.0000
23.3725,185.2042,0.0864,102.8923,0.0000,0.0000,0.0000,0.0000,0.0000,270.0021,0.0000,0.0000,0.0000,0.0000,0.0000,0.0000,0.0000,0.0000,0.0000,1,0,0,0,0,0.0000
23.4269,185.2042,0.0864,102.8923,0.0000,0.0000,0.0000,0.0000,0.0000,270.0021,0.0000,0.0000,0.0000,0.0000,0.0000,0.0000,0.0000,0.0000,0.0000,1,0,0,0,0,0.0000
23.4889,185.2042,0.0864,102.8923,0.0000,0.0000,0.0000,0.0000,0.0000,270.0021,0.0000,0.0000,0.0000,0.0000,0.0000,0.0000,0.0000,0.0000,0.0000,1,0,0,0,0,0.0000
23.5650,185.2042,0.0864,102.8923,0.0000,0.0000,0.0000,0.0000,0.0000,270.0021,0.0000,0.0000,0.0000,0.0000,0.0000,0.0000,0.0000,0.0000,0.0000,1,0,0,0,0,0.0000
23.6222,185.2042,0.0864,102.8923,0.0000,0.0000,0.0000,0.0000,0.0000,270.0021,0.0000,0.0000,0.0000,0.0000,0.0000,0.0000,0.0000,0.0000,0.0000,1,0,0,0,0,0.0000
23.6764,185.2042,0.0864,102.8923,0.0000,0.0000,0.0000,0.0000,0.0000,270.0021,0.0000,0.0000,0.0000,0.0000,0.0000,0.0000,0.0000,0.0000,0.0000,1,0,0,0,0,0.0000
23.7315,185.2042,0.0864,102.8923,0.0000,0.0000,0.0000,0.0000,0.0000,270.0021,0.0000,0.0000,0.0000,0.0000,0.0000,0.0000,0.0000,0.0000,0.0000,1,0,0,0,0,0.0000
23.7875,185.2042,0.0864,102.8923,0.0000,0.0000,0.0000,0.0000,0.0000,270.0021,0.0000,0.0000,0.0000,0.0000,0.0000,0.0000,0.0000,0.0000,0.0000,1,0,0,0,0,0.0000
23.8490,185.2042,0.0864,102.8923,0.0000,0.0000,0.0000,0.0000,0.0000,270.0021,0.0000,0.0000,0.0000,0.0000,0.0000,0.0000,0.0000,0.0000,0.0000,1,0,0,0,0,0.0000
23.9259,185.2042,0.0864,102.8923,0.0000,0.0000,0.0000,0.0000,0.0000,270.0021,0.0000,0.0000,0.0000,0.0000,0.0000,0.0000,0.0000,0.0000,0.0000,1,0,0,0,0,0.0000
23.9821,185.2042,0.0864,102.8923,0.0000,0.0000,0.0000,0.0000,0.0000,270.0021,0.0000,0.0000,0.0000,0.0000,0.0000,0.0000,0.0000,0.0000,0.0000,1,0,0,0,0,0.0000
24.0376,185.2042,0.0864,102.8923,0.0000,0.0000,0.0000,0.0000,0.0000,270.0021,0.0000,0.0000,0.0000,0.0000,0.0000,0.0000,0.0000,0.0000,0.0000,1,0,0,0,0,0.0000
24.1123,185.2042,0.0864,102.8923,0.0000,0.0000,0.0000,0.0000,0.0000,270.0021,0.0000,0.0000,0.0000,0.0000,0.0000,0.0000,0.0000,0.0000,0.0000,1,0,0,0,0,0.0000
24.1673,185.2042,0.0864,102.8923,0.0000,0.0000,0.0000,0.0000,0.0000,270.0021,0.0000,0.0000,0.0000,0.0000,0.0000,0.0000,0.0000,0.0000,0.0000,1,0,0,0,0,0.0000
24.2282,185.2042,0.0864,102.8923,0.0000,0.0000,0.0000,0.0000,0.0000,270.0021,0.0000,0.0000,0.0000,0.0000,0.0000,0.0000,0.0000,0.0000,0.0000,1,0,0,0,0,0.0000
24.2886,185.2042,0.0864,102.8923,0.0000,0.0000,0.0000,0.0000,0.0000,270.0021,0.0000,0.0000,0.0000,0.0000,0.0000,0.0000,0.0000,0.0000,0.0000,1,0,0,0,0,0.0000
24.3427,185.2042,0.0864,102.8923,0.0000,0.0000,0.0000,0.0000,0.0000,270.0021,0.0000,0.0000,0.0000,0.0000,0.0000,0.0000,0.0000,0.0000,0.0000,1,0,0,0,0,0.0000
24.3974,185.2042,0.0864,102.8923,0.0000,0.0000,0.0000,0.0000,0.0000,270.0021,0.0000,0.0000,0.0000,0.0000,0.0000,0.0000,0.0000,0.0000,0.0000,1,0,0,0,0,0.0000
24.4533,185.2042,0.0864,102.8923,0.0000,0.0000,0.0000,0.0000,0.0000,270.0021,0.0000,0.0000,0.0000,0.0000,0.0000,0.0000,0.0000,0.0000,0.0000,1,0,0,0,0,0.0000
24.5099,185.2042,0.0864,102.8923,0.0000,0.0000,0.0000,0.0000,0.0000,270.0021,0.0000,0.0000,0.0000,0.0000,0.0000,0.0000,0.0000,0.0000,0.0000,1,0,0,0,0,0.0000
24.5644,185.2042,0.0864,102.8923,0.0000,0.0000,0.0000,0.0000,0.0000,270.0021,0.0000,0.0000,0.0000,0.0000,0.0000,0.0000,0.0000,0.0000,0.0000,1,0,0,0,0,0.0000
24.6351,185.2042,0.0864,102.8923,0.0000,0.0000,0.0000,0.0000,0.0000,270.0021,0.0000,0.0000,0.0000,0.0000,0.0000,0.0000,0.0000,0.0000,0.0000,1,0,0,0,0,0.0000
24.6905,185.2042,0.0864,102.8923,0.0000,0.0000,0.0000,0.0000,0.0000,270.0021,0.0000,0.0000,0.0000,0.0000,0.0000,0.0000,0.0000,0.0000,0.0000,1,0,0,0,0,0.0000
24.7568,185.2042,0.0864,102.8923,0.0000,0.0000,0.0000,0.0000,0.0000,270.0021,0.0000,0.0000,0.0000,0.0000,0.0000,0.0000,0.0000,0.0000,0.0000,1,0,0,0,0,0.0000
24.8157,185.2042,0.0864,102.8923,0.0000,0.0000,0.0000,0.0000,0.0000,270.0021,0.0000,0.0000,0.0000,0.0000,0.0000,0.0000,0.0000,0.0000,0.0000,1,0,0,0,0,0.0000
24.8762,185.2042,0.0864,102.8923,0.0000,0.0000,0.0000,0.0000,0.0000,270.0021,0.0000,0.0000,0.0000,0.0000,0.0000,0.0000,0.0000,0.0000,0.0000,1,0,0,0,0,0.0000
24.9282,185.2042,0.0864,102.8923,0.0000,0.0000,0.0000,0.0000,0.0000,270.0021,0.0000,0.0000,0.0000,0.0000,0.0000,0.0000,0.0000,0.0000,0.0000,1,0,0,0,0,0.0000
24.9879,185.2042,0.0864,102.8923,0.0000,0.0000,0.0000,0.0000,0.0000,270.0021,0.0000,0.0000,0.0000,0.0000,0.0000,0.0000,0.0000,0.0000,0.0000,1,0,0,0,0,0.0000
25.0412,185.2042,0.0864,102.8923,0.0000,0.0000,0.0000,0.0000,0.0000,270.0021,0.0000,0.0000,0.0000,0.0000,0.0000,0.0000,0.0000,0.0000,0.0000,1,0,0,0,0,0.0000
25.0967,185.2042,0.0864,102.8923,0.0000,0.0000,0.0000,0.0000,0.0000,270.0021,0.0000,0.0000,0.0000,0.0000,0.0000,0.0000,0.0000,0.0000,0.0000,1,0,0,0,0,0.0000
25.1666,185.2042,0.0864,102.8923,0.0000,0.0000,0.0000,0.0000,0.0000,270.0021,0.0000,0.0000,0.0000,0.0000,0.0000,0.0000,0.0000,0.0000,0.0000,1,0,0,0,0,0.0000
25.2241,185.2042,0.0864,102.8923,0.0000,0.0000,0.0000,0.0000,0.0000,270.0021,0.0000,0.0000,0.0000,0.0000,0.0000,0.0000,0.0000,0.0000,0.0000,1,0,0,0,0,0.0000
25.2794,185.2042,0.0864,102.8923,0.0000,0.0000,0.0000,0.0000,0.0000,270.0021,0.0000,0.0000,0.0000,0.0000,0.0000,0.0000,0.0000,0.0000,0.0000,1,0,0,0,0,0.0000
25.3329,185.2042,0.0864,102.8923,0.0000,0.0000,0.0000,0.0000,0.0000,270.0021,0.0000,0.0000,0.0000,0.0000,0.0000,0.0000,0.0000,0.0000,0.0000,1,0,0,0,0,0.0000
25.3887,185.2042,0.0864,102.8923,0.0000,0.0000,0.0000,0.0000,0.0000,270.0021,0.0000,0.0000,0.0000,0.0000,0.0000,0.0000,0.0000,0.0000,0.0000,1,0,0,0,0,0.0000
25.4405,185.2042,0.0864,102.8923,0.0000,0.0000,0.0000,0.0000,0.0000,270.0021,0.0000,0.0000,0.0000,0.0000,0.0000,0.0000,0.0000,0.0000,0.0000,1,0,0,0,0,0.0000
25.5008,185.2042,0.0864,102.8923,0.0000,0.0000,0.0000,0.0000,0.0000,270.0021,0.0000,0.0000,0.0000,0.0000,0.0000,0.0000,0.0000,0.0000,0.0000,1,0,0,0,0,0.0000
25.5527,185.2042,0.0864,102.8923,0.0000,0.0000,0.0000,0.0000,0.0000,270.0021,0.0000,0.0000,0.0000,0.0000,0.0000,0.0000,0.0000,0.0000,0.0000,1,0,0,0,0,0.0000
25.6086,185.2042,0.0864,102.8923,0.0000,0.0000,0.0000,0.0000,0.0000,270.0021,0.0000,0.0000,0.0000,0.0000,0.0000,0.0000,0.0000,0.0000,0.0000,1,0,0,0,0,0.0000
25.6616,185.2042,0.0864,102.8923,0.0000,0.0000,0.0000,0.0000,0.0000,270.0021,0.0000,0.0000,0.0000,0.0000,0.0000,0.0000,0.0000,0.0000,0.0000,1,0,0,0,0,0.0000
25.7311,185.2042,0.0864,102.8923,0.0000,0.0000,0.0000,0.0000,0.0000,270.0021,0.0000,0.0000,0.0000,0.0000,0.0000,0.0000,0.0000,0.0000,0.0000,1,0,0,0,0,0.0000
25.7868,185.2042,0.0864,102.8923,0.0000,0.0000,0.0000,0.0000,0.0000,270.0021,0.0000,0.0000,0.0000,0.0000,0.0000,0.0000,0.0000,0.0000,0.0000,1,0,0,0,0,0.0000
25.8527,185.2042,0.0864,102.8923,0.0000,0.0000,0.0000,0.0000,0.0000,270.0021,0.0000,0.0000,0.0000,0.0000,0.0000,0.0000,0.0000,0.0000,0.0000,1,0,0,0,0,0.0000
25.9139,185.2042,0.0864,102.8923,0.0000,0.0000,0.0000,0.0000,0.0000,270.0021,0.0000,0.0000,0.0000,0.0000,0.0000,0.0000,0.0000,0.0000,0.0000,1,0,0,0,0,0.0000
25.9683,185.2042,0.0864,102.8923,0.0000,0.0000,0.0000,0.0000,0.0000,270.0021,0.0000,0.0000,0.0000,0.0000,0.0000,0.0000,0.0000,0.0000,0.0000,1,0,0,0,0,0.0000
26.0238,185.2042,0.0864,102.8923,0.0000,0.0000,0.0000,0.0000,0.0000,270.0021,0.0000,0.0000,0.0000,0.0000,0.0000,0.0000,0.0000,0.0000,0.0000,1,0,0,0,0,0.0000
26.0791,185.2042,0.0864,102.8923,0.0000,0.0000,0.0000,0.0000,0.0000,270.0021,0.0000,0.0000,0.0000,0.0000,0.0000,0.0000,0.0000,0.0000,0.0000,1,0,0,0,0,0.0000
26.1351,185.2042,0.0864,102.8923,0.0000,0.0000,0.0000,0.0000,0.0000,270.0021,0.0000,0.0000,0.0000,0.0000,0.0000,0.0000,0.0000,0.0000,0.0000,1,0,0,0,0,0.0000
26.1932,185.2042,0.0864,102.8923,0.0000,0.0000,0.0000,0.0000,0.0000,270.0021,0.0000,0.0000,0.0000,0.0000,0.0000,0.0000,0.0000,0.0000,0.0000,1,0,0,0,0,0.0000
26.2615,185.2042,0.0864,102.8923,0.0000,0.0000,0.0000,0.0000,0.0000,270.0021,0.0000,0.0000,0.0000,0.0000,0.0000,0.0000,0.0000,0.0000,0.0000,1,0,0,0,0,0.0000
26.3167,185.2042,0.0864,102.8923,0.0000,0.0000,0.0000,0.0000,0.0000,270.0021,0.0000,0.0000,0.0000,0.0000,0.0000,0.0000,0.0000,0.0000,0.0000,1,0,0,0,0,0.0000
26.3715,185.2042,0.0864,102.8923,0.0000,0.0000,0.0000,0.0000,0.0000,270.0021,0.0000,0.0000,0.0000,0.0000,0.0000,0.0000,0.0000,0.0000,0.0000,1,0,0,0,0,0.0000
26.4439,185.2042,0.0864,102.8923,0.0000,0.0000,0.0000,0.0000,0.0000,270.0021,0.0000,0.0000,0.0000,0.0000,0.0000,0.0000,0.0000,0.0000,0.0000,1,0,0,0,0,0.0000
26.5349,185.2042,0.0864,102.8923,0.0000,0.0000,0.0000,0.0000,0.0000,270.0021,0.0000,0.0000,0.0000,0.0000,0.0000,0.0000,0.0000,0.0000,0.0000,1,0,0,0,0,0.0000
26.5889,185.2042,0.0864,102.8923,0.0000,0.0000,0.0000,0.0000,0.0000,270.0021,0.0000,0.0000,0.0000,0.0000,0.0000,0.0000,0.0000,0.0000,0.0000,1,0,0,0,0,0.0000
26.6442,185.2042,0.0864,102.8923,0.0000,0.0000,0.0000,0.0000,0.0000,270.0021,0.0000,0.0000,0.0000,0.0000,0.0000,0.0000,0.0000,0.0000,0.0000,1,0,0,0,0,0.0000
26.6999,185.2042,0.0864,102.8923,0.0000,0.0000,0.0000,0.0000,0.0000,270.0021,0.0000,0.0000,0.0000,0.0000,0.0000,0.0000,0.0000,0.0000,0.0000,1,0,0,0,0,0.0000
26.7769,185.2042,0.0864,102.8923,0.0000,0.0000,0.0000,0.0000,0.0000,270.0021,0.0000,0.0000,0.0000,0.0000,0.0000,0.0000,0.0000,0.0000,0.0000,1,0,0,0,0,0.0000
26.8393,185.2042,0.0864,102.8923,0.0000,0.0000,0.0000,0.0000,0.0000,270.0021,0.0000,0.0000,0.0000,0.0000,0.0000,0.0000,0.0000,0.0000,0.0000,1,0,0,0,0,0.0000
26.8968,185.2042,0.0864,102.8923,0.0000,0.0000,0.0000,0.0000,0.0000,270.0021,0.0000,0.0000,0.0000,0.0000,0.0000,0.0000,0.0000,0.0000,0.0000,1,0,0,0,0,0.0000
26.9640,185.2042,0.0864,102.8923,0.0000,0.0000,0.0000,0.0000,0.0000,270.0021,0.0000,0.0000,0.0000,0.0000,0.0000,0.0000,0.0000,0.0000,0.0000,1,0,0,0,0,0.0000
27.0241,185.2042,0.0864,102.8923,0.0000,0.0000,0.0000,0.0000,0.0000,270.0021,0.0000,0.0000,0.0000,0.0000,0.0000,0.0000,0.0000,0.0000,0.0000,1,0,0,0,0,0.0000
27.0798,185.2042,0.0864,102.8923,0.0000,0.0000,0.0000,0.0000,0.0000,270.0021,0.0000,0.0000,0.0000,0.0000,0.0000,0.0000,0.0000,0.0000,0.0000,1,0,0,0,0,0.0000
27.1361,185.2042,0.0864,102.8923,0.0000,0.0000,0.0000,0.0000,0.0000,270.0021,0.0000,0.0000,0.0000,0.0000,0.0000,0.0000,0.0000,0.0000,0.0000,1,0,0,0,0,0.0000
27.2134,185.2042,0.0864,102.8923,0.0000,0.0000,0.0000,0.0000,0.0000,270.0021,0.0000,0.0000,0.0000,0.0000,0.0000,0.0000,0.0000,0.0000,0.0000,1,0,0,0,0,0.0000
27.2725,185.2042,0.0864,102.8923,0.0000,0.0000,0.0000,0.0000,0.0000,270.0021,0.0000,0.0000,0.0000,0.0000,0.0000,0.0000,0.0000,0.0000,0.0000,1,0,0,0,0,0.0000
27.3418,185.2042,0.0864,102.8923,0.0000,0.0000,0.0000,0.0000,0.0000,270.0021,0.0000,0.0000,0.0000,0.0000,0.0000,0.0000,0.0000,0.0000,0.0000,1,0,0,0,0,0.0000
27.3936,185.2042,0.0864,102.8923,0.0000,0.0000,0.0000,0.0000,0.0000,270.0021,0.0000,0.0000,0.0000,0.0000,0.0000,0.0000,0.0000,0.0000,0.0000,1,0,0,0,0,0.0000
27.4584,185.2042,0.0864,102.8923,0.0000,0.0000,0.0000,0.0000,0.0000,270.0021,0.0000,0.0000,0.0000,0.0000,0.0000,0.0000,0.0000,0.0000,0.0000,1,0,0,0,0,0.0000
27.5263,185.2042,0.0864,102.8923,0.0000,0.0000,0.0000,0.0000,0.0000,270.0021,0.0000,0.0000,0.0000,0.0000,0.0000,0.0000,0.0000,0.0000,0.0000,1,0,0,0,0,0.0000
27.5812,185.2042,0.0864,102.8923,0.0000,0.0000,0.0000,0.0000,0.0000,270.0021,0.0000,0.0000,0.0000,0.0000,0.0000,0.0000,0.0000,0.0000,0.0000,1,0,0,0,0,0.0000
27.6332,185.2042,0.0864,102.8923,0.0000,0.0000,0.0000,0.0000,0.0000,270.0021,0.0000,0.0000,0.0000,0.0000,0.0000,0.0000,0.0000,0.0000,0.0000,1,0,0,0,0,0.0000
27.6923,185.2042,0.0864,102.8923,0.0000,0.0000,0.0000,0.0000,0.0000,270.0021,0.0000,0.0000,0.0000,0.0000,0.0000,0.0000,0.0000,0.0000,0.0000,1,0,0,0,0,0.0000
27.7526,185.2042,0.0864,102.8923,0.0000,0.0000,0.0000,0.0000,0.0000,270.0021,0.0000,0.0000,0.0000,0.0000,0.0000,0.0000,0.0000,0.0000,0.0000,1,0,0,0,0,0.0000
27.8477,185.2042,0.0864,102.8923,0.0000,0.0000,0.0000,0.0000,0.0000,270.0021,0.0000,0.0000,0.0000,0.0000,0.0000,0.0000,0.0000,0.0000,0.0000,1,0,0,0,0,0.0000
27.9355,185.2042,0.0864,102.8923,0.0000,0.0000,0.0000,0.0000,0.0000,270.0021,0.0000,0.0000,0.0000,0.0000,0.0000,0.0000,0.0000,0.0000,0.0000,1,0,0,0,0,0.0000
27.9996,185.2042,0.0864,102.8923,0.0000,0.0000,0.0000,0.0000,0.0000,270.0021,0.0000,0.0000,0.0000,0.0000,0.0000,0.0000,0.0000,0.0000,0.0000,1,0,0,0,0,0.0000
28.0535,185.2042,0.0864,102.8923,0.0000,0.0000,0.0000,0.0000,0.0000,270.0021,0.0000,0.0000,0.0000,0.0000,0.0000,0.0000,0.0000,0.0000,0.0000,1,0,0,0,0,0.0000
28.1073,185.2042,0.0864,102.8923,0.0000,0.0000,0.0000,0.0000,0.0000,270.0021,0.0000,0.0000,0.0000,0.0000,0.0000,0.0000,0.0000,0.0000,0.0000,1,0,0,0,0,0.0000
28.1997,185.2042,0.0864,102.8923,0.0000,0.0000,0.0000,0.0000,0.0000,270.0021,0.0000,0.0000,0.0000,0.0000,0.0000,0.0000,0.0000,0.0000,0.0000,1,0,0,0,0,0.0000
28.2718,185.2042,0.0864,102.8923,0.0000,0.0000,0.0000,0.0000,0.0000,270.0021,0.0000,0.0000,0.0000,0.0000,0.0000,0.0000,0.0000,0.0000,0.0000,1,0,0,0,0,0.0000
28.3275,185.2042,0.0864,102.8923,0.0000,0.0000,0.0000,0.0000,0.0000,270.0021,0.0000,0.0000,0.0000,0.0000,0.0000,0.0000,0.0000,0.0000,0.0000,1,0,0,0,0,0.0000
28.4001,185.2042,0.0864,102.8923,0.0000,0.0000,0.0000,0.0000,0.0000,270.0021,0.0000,0.0000,0.0000,0.0000,0.0000,0.0000,0.0000,0.0000,0.0000,1,0,0,0,0,0.0000
28.4554,185.2042,0.0864,102.8923,0.0000,0.0000,0.0000,0.0000,0.0000,270.0021,0.0000,0.0000,0.0000,0.0000,0.0000,0.0000,0.0000,0.0000,0.0000,1,0,0,0,0,0.0000
28.5113,185.2042,0.0864,102.8923,0.0000,0.0000,0.0000,0.0000,0.0000,270.0021,0.0000,0.0000,0.0000,0.0000,0.0000,0.0000,0.0000,0.0000,0.0000,1,0,0,0,0,0.0000
28.5666,185.2042,0.0864,102.8923,0.0000,0.0000,0.0000,0.0000,0.0000,270.0021,0.0000,0.0000,0.0000,0.0000,0.0000,0.0000,0.0000,0.0000,0.0000,1,0,0,0,0,0.0000
28.6225,185.2042,0.0864,102.8923,0.0000,0.0000,0.0000,0.0000,0.0000,270.0021,0.0000,0.0000,0.0000,0.0000,0.0000,0.0000,0.0000,0.0000,0.0000,1,0,0,0,0,0.0000
28.6777,185.2042,0.0864,102.8923,0.0000,0.0000,0.0000,0.0000,0.0000,270.0021,0.0000,0.0000,0.0000,0.0000,0.0000,0.0000,0.0000,0.0000,0.0000,1,0,0,0,0,0.0000
28.7303,185.2042,0.0864,102.8923,0.0000,0.0000,0.0000,0.0000,0.0000,270.0021,0.0000,0.0000,0.0000,0.0000,0.0000,0.0000,0.0000,0.0000,0.0000,1,0,0,0,0,0.0000
28.7887,185.2042,0.0864,102.8923,0.0000,0.0000,0.0000,0.0000,0.0000,270.0021,0.0000,0.0000,0.0000,0.0000,0.0000,0.0000,0.0000,0.0000,0.0000,1,0,0,0,0,0.0000
28.8424,185.2042,0.0864,102.8923,0.0000,0.0000,0.0000,0.0000,0.0000,270.0021,0.0000,0.0000,0.0000,0.0000,0.0000,0.0000,0.0000,0.0000,0.0000,1,0,0,0,0,0.0000
28.9005,185.2042,0.0864,102.8923,0.0000,0.0000,0.0000,0.0000,0.0000,270.0021,0.0000,0.0000,0.0000,0.0000,0.0000,0.0000,0.0000,0.0000,0.0000,1,0,0,0,0,0.0000
28.9566,185.2042,0.0864,102.8923,0.0000,0.0000,0.0000,0.0000,0.0000,270.0021,0.0000,0.0000,0.0000,0.0000,0.0000,0.0000,0.0000,0.0000,0.0000,1,0,0,0,0,0.0000
29.0106,185.2042,0.0864,102.8923,0.0000,0.0000,0.0000,0.0000,0.0000,270.0021,0.0000,0.0000,0.0000,0.0000,0.0000,0.0000,0.0000,0.0000,0.0000,1,0,0,0,0,0.0000
29.0681,185.2042,0.0864,102.8923,0.0000,0.0000,0.0000,0.0000,0.0000,270.0021,0.0000,0.0000,0.0000,0.0000,0.0000,0.0000,0.0000,0.0000,0.0000,1,0,0,0,0,0.0000
29.1238,185.2042,0.0864,102.8923,0.0000,0.0000,0.0000,0.0000,0.0000,270.0021,0.0000,0.0000,0.0000,0.0000,0.0000,0.0000,0.0000,0.0000,0.0000,1,0,0,0,0,0.0000
29.1829,185.2042,0.0864,102.8923,0.0000,0.0000,0.0000,0.0000,0.0000,270.0021,0.0000,0.0000,0.0000,0.0000,0.0000,0.0000,0.0000,0.0000,0.0000,1,0,0,0,0,0.0000
29.2496,185.2042,0.0864,102.8923,0.0000,0.0000,0.0000,0.0000,0.0000,270.0021,0.0000,0.0000,0.0000,0.0000,0.0000,0.0000,0.0000,0.0000,0.0000,1,0,0,0,0,0.0000
29.3096,185.2042,0.0864,102.8923,0.0000,0.0000,0.0000,0.0000,0.0000,270.0021,0.0000,0.0000,0.0000,0.0000,0.0000,0.0000,0.0000,0.0000,0.0000,1,0,0,0,0,0.0000
29.3880,185.2042,0.0864,102.8923,0.0000,0.0000,0.0000,0.0000,0.0000,270.0021,0.0000,0.0000,0.0000,0.0000,0.0000,0.0000,0.0000,0.0000,0.0000,1,0,0,0,0,0.0000
29.4423,185.2042,0.0864,102.8923,0.0000,0.0000,0.0000,0.0000,0.0000,270.0021,0.0000,0.0000,0.0000,0.0000,0.0000,0.0000,0.0000,0.0000,0.0000,1,0,0,0,0,0.0000
29.5250,185.2042,0.0864,102.8923,0.0000,0.0000,0.0000,0.0000,0.0000,270.0021,0.0000,0.0000,0.0000,0.0000,0.0000,0.0000,0.0000,0.0000,0.0000,1,0,0,0,0,0.0000
29.5837,185.2042,0.0864,102.8923,0.0000,0.0000,0.0000,0.0000,0.0000,270.0021,0.0000,0.0000,0.0000,0.0000,0.0000,0.0000,0.0000,0.0000,0.0000,1,0,0,0,0,0.0000
29.6404,185.2042,0.0864,102.8923,0.0000,0.0000,0.0000,0.0000,0.0000,270.0021,0.0000,0.0000,0.0000,0.0000,0.0000,0.0000,0.0000,0.0000,0.0000,1,0,0,0,0,0.0000
29.6954,185.2042,0.0864,102.8923,0.0000,0.0000,0.0000,0.0000,0.0000,270.0021,0.0000,0.0000,0.0000,0.0000,0.0000,0.0000,0.0000,0.0000,0.0000,1,0,0,0,0,0.0000
29.7494,185.2042,0.0864,102.8923,0.0000,0.0000,0.0000,0.0000,0.0000,270.0021,0.0000,0.0000,0.0000,0.0000,0.0000,0.0000,0.0000,0.0000,0.0000,1,0,0,0,0,0.0000
29.8074,185.2042,0.0864,102.8923,0.0000,0.0000,0.0000,0.0000,0.0000,270.0021,0.0000,0.0000,0.0000,0.0000,0.0000,0.0000,0.0000,0.0000,0.0000,1,0,0,0,0,0.0000
29.8630,185.2042,0.0864,102.8923,0.0000,0.0000,0.0000,0.0000,0.0000,270.0021,0.0000,0.0000,0.0000,0.0000,0.0000,0.0000,0.0000,0.0000,0.0000,1,0,0,0,0,0.0000
29.9178,185.2042,0.0864,102.8923,0.0000,0.0000,0.0000,0.0000,0.0000,270.0021,0.0000,0.0000,0.0000,0.0000,0.0000,0.0000,0.0000,0.0000,0.0000,1,0,0,0,0,0.0000
29.9877,185.2042,0.0864,102.8923,0.0000,0.0000,0.0000,0.0000,0.0000,270.0021,0.0000,0.0000,0.0000,0.0000,0.0000,0.0000,0.0000,0.0000,0.0000,1,0,0,0,0,0.0000
30.0431,185.2042,0.0864,102.8923,0.0000,0.0000,0.0000,0.0000,0.0000,270.0021,0.0000,0.0000,0.0000,0.0000,0.0000,0.0000,0.0000,0.0000,0.0000,1,0,0,0,0,0.0000
30.0954,185.2042,0.0864,102.8923,0.0000,0.0000,0.0000,0.0000,0.0000,270.0021,0.0000,0.0000,0.0000,0.0000,0.0000,0.0000,0.0000,0.0000,0.0000,1,0,0,0,0,0.0000
30.1556,185.2042,0.0864,102.8923,0.0000,0.0000,0.0000,0.0000,0.0000,270.0021,0.0000,0.0000,0.0000,0.0000,0.0000,0.0000,0.0000,0.0000,0.0000,1,0,0,0,0,0.0000
30.2071,185.2042,0.0864,102.8923,0.0000,0.0000,0.0000,0.0000,0.0000,270.0021,0.0000,0.0000,0.0000,0.0000,0.0000,0.0000,0.0000,0.0000,0.0000,1,0,0,0,0,0.0000
30.2624,185.2042,0.0864,102.8923,0.0000,0.0000,0.0000,0.0000,0.0000,270.0021,0.0000,0.0000,0.0000,0.0000,0.0000,0.0000,0.0000,0.0000,0.0000,1,0,0,0,0,0.0000
30.3180,185.2042,0.0864,102.8923,0.0000,0.0000,0.0000,0.0000,0.0000,270.0021,0.0000,0.0000,0.0000,0.0000,0.0000,0.0000,0.0000,0.0000,0.0000,1,0,0,0,0,0.0000
30.3779,185.2042,0.0864,102.8923,0.0000,0.0000,0.0000,0.0000,0.0000,270.0021,0.0000,0.0000,0.0000,0.0000,0.0000,0.0000,0.0000,0.0000,0.0000,1,0,0,0,0,0.0000
30.4473,185.2042,0.0864,102.8923,0.0000,0.0000,0.0000,0.0000,0.0000,270.0021,0.0000,0.0000,0.0000,0.0000,0.0000,0.0000,0.0000,0.0000,0.0000,1,0,0,0,0,0.0000
30.4986,185.2042,0.0864,102.8923,0.0000,0.0000,0.0000,0.0000,0.0000,270.0021,0.0000,0.0000,0.0000,0.0000,0.0000,0.0000,0.0000,0.0000,0.0000,1,0,0,0,0,0.0000
30.5710,185.2042,0.0864,102.8923,0.0000,0.0000,0.0000,0.0000,0.0000,270.0021,0.0000,0.0000,0.0000,0.0000,0.0000,0.0000,0.0000,0.0000,0.0000,1,0,0,0,0,0.0000
30.6291,185.2042,0.0864,102.8923,0.0000,0.0000,0.0000,0.0000,0.0000,270.0021,0.0000,0.0000,0.0000,0.0000,0.0000,0.0000,0.0000,0.0000,0.0000,1,0,0,0,0,0.0000
30.7055,185.2042,0.0864,102.8923,0.0000,0.0000,0.0000,0.0000,0.0000,270.0021,0.0000,0.0000,0.0000,0.0000,0.0000,0.0000,0.0000,0.0000,0.0000,1,0,0,0,0,0.0000
30.7621,185.2042,0.0864,102.8923,0.0000,0.0000,0.0000,0.0000,0.0000,270.0021,0.0000,0.0000,0.0000,0.0000,0.0000,0.0000,0.0000,0.0000,0.0000,1,0,0,0,0,0.0000
30.8186,185.2042,0.0864,102.8923,0.0000,0.0000,0.0000,0.0000,0.0000,270.0021,0.0000,0.0000,0.0000,0.0000,0.0000,0.0000,0.0000,0.0000,0.0000,1,0,0,0,0,0.0000
30.8724,185.2042,0.0864,102.8923,0.0000,0.0000,0.0000,0.0000,0.0000,270.0021,0.0000,0.0000,0.0000,0.0000,0.0000,0.0000,0.0000,0.0000,0.0000,1,0,0,0,0,0.0000
30.9304,185.2042,0.0864,102.8923,0.0000,0.0000,0.0000,0.0000,0.0000,270.0021,0.0000,0.0000,0.0000,0.0000,0.0000,0.0000,0.0000,0.0000,0.0000,1,0,0,0,0,0.0000
30.9850,185.2042,0.0864,102.8923,0.0000,0.0000,0.0000,0.0000,0.0000,270.0021,0.0000,0.0000,0.0000,0.0000,0.0000,0.0000,0.0000,0.0000,0.0000,1,0,0,0,0,0.0000
31.0458,185.2042,0.0864,102.8923,0.0000,0.0000,0.0000,0.0000,0.0000,270.0021,0.0000,0.0000,0.0000,0.0000,0.0000,0.0000,0.0000,0.0000,0.0000,1,0,0,0,0,0.0000
31.1109,185.2042,0.0864,102.8923,0.0000,0.0000,0.0000,0.0000,0.0000,270.0021,0.0000,0.0000,0.0000,0.0000,0.0000,0.0000,0.0000,0.0000,0.0000,1,0,0,0,0,0.0000
31.1693,185.2042,0.0864,102.8923,0.0000,0.0000,0.0000,0.0000,0.0000,270.0021,0.0000,0.0000,0.0000,0.0000,0.0000,0.0000,0.0000,0.0000,0.0000,1,0,0,0,0,0.0000
31.2209,185.2042,0.0864,102.8923,0.0000,0.0000,0.0000,0.0000,0.0000,270.0021,0.0000,0.0000,0.0000,0.0000,0.0000,0.0000,0.0000,0.0000,0.0000,1,0,0,0,0,0.0000
31.2753,185.2042,0.0864,102.8923,0.0000,0.0000,0.0000,0.0000,0.0000,270.0021,0.0000,0.0000,0.0000,0.0000,0.0000,0.0000,0.0000,0.0000,0.0000,1,0,0,0,0,0.0000
31.3299,185.2042,0.0864,102.8923,0.0000,0.0000,0.0000,0.0000,0.0000,270.0021,0.0000,0.0000,0.0000,0.0000,0.0000,0.0000,0.0000,0.0000,0.0000,1,0,0,0,0,0.0000
31.3865,185.2042,0.0864,102.8923,0.0000,0.0000,0.0000,0.0000,0.0000,270.0021,0.0000,0.0000,0.0000,0.0000,0.0000,0.0000,0.0000,0.0000,0.0000,1,0,0,0,0,0.0000
31.4404,185.2042,0.0864,102.8923,0.0000,0.0000,0.0000,0.0000,0.0000,270.0021,0.0000,0.0000,0.0000,0.0000,0.0000,0.0000,0.0000,0.0000,0.0000,1,0,0,0,0,0.0000
31.5011,185.2042,0.0864,102.8923,0.0000,0.0000,0.0000,0.0000,0.0000,270.0021,0.0000,0.0000,0.0000,0.0000,0.0000,0.0000,0.0000,0.0000,0.0000,1,0,0,0,0,0.0000
31.5533,185.2042,0.0864,102.8923,0.0000,0.0000,0.0000,0.0000,0.0000,270.0021,0.0000,0.0000,0.0000,0.0000,0.0000,0.0000,0.0000,0.0000,0.0000,1,0,0,0,0,0.0000
31.6084,185.2042,0.0864,102.8923,0.0000,0.0000,0.0000,0.0000,0.0000,270.0021,0.0000,0.0000,0.0000,0.0000,0.0000,0.0000,0.0000,0.0000,0.0000,1,0,0,0,0,0.0000
31.6788,185.2042,0.0864,102.8923,0.0000,0.0000,0.0000,0.0000,0.0000,270.0021,0.0000,0.0000,0.0000,0.0000,0.0000,0.0000,0.0000,0.0000,0.0000,1,0,0,0,0,0.0000
31.7315,185.2042,0.0864,102.8923,0.0000,0.0000,0.0000,0.0000,0.0000,270.0021,0.0000,0.0000,0.0000,0.0000,0.0000,0.0000,0.0000,0.0000,0.0000,1,0,0,0,0,0.0000
31.7919,185.2042,0.0864,102.8923,0.0000,0.0000,0.0000,0.0000,0.0000,270.0021,0.0000,0.0000,0.0000,0.0000,0.0000,0.0000,0.0000,0.0000,0.0000,1,0,0,0,0,0.0000
31.8426,185.2042,0.0864,102.8923,0.0000,0.0000,0.0000,0.0000,0.0000,270.0021,0.0000,0.0000,0.0000,0.0000,0.0000,0.0000,0.0000,0.0000,0.0000,1,0,0,0,0,0.0000
31.9002,185.2042,0.0864,102.8923,0.0000,0.0000,0.0000,0.0000,0.0000,270.0021,0.0000,0.0000,0.0000,0.0000,0.0000,0.0000,0.0000,0.0000,0.0000,1,0,0,0,0,0.0000
31.9554,185.2042,0.0864,102.8923,0.0000,0.0000,0.0000,0.0000,0.0000,270.0021,0.0000,0.0000,0.0000,0.0000,0.0000,0.0000,0.0000,0.0000,0.0000,1,0,0,0,0,0.0000
32.0248,185.2042,0.0864,102.8923,0.0000,0.0000,0.0000,0.0000,0.0000,270.0021,0.0000,0.0000,0.0000,0.0000,0.0000,0.0000,0.0000,0.0000,0.0000,1,0,0,0,0,0.0000
32.0824,185.2042,0.0864,102.8923,0.0000,0.0000,0.0000,0.0000,0.0000,270.0021,0.0000,0.0000,0.0000,0.0000,0.0000,0.0000,0.0000,0.0000,0.0000,1,0,0,0,0,0.0000
32.1344,185.2042,0.0864,102.8923,0.0000,0.0000,0.0000,0.0000,0.0000,270.0021,0.0000,0.0000,0.0000,0.0000,0.0000,0.0000,0.0000,0.0000,0.0000,1,0,0,0,0,0.0000
32.2072,185.2042,0.0864,102.8923,0.0000,0.0000,0.0000,0.0000,0.0000,270.0021,0.0000,0.0000,0.0000,0.0000,0.0000,0.0000,0.0000,0.0000,0.0000,1,0,0,0,0,0.0000
32.2579,185.2042,0.0864,102.8923,0.0000,0.0000,0.0000,0.0000,0.0000,270.0021,0.0000,0.0000,0.0000,0.0000,0.0000,0.0000,0.0000,0.0000,0.0000,1,0,0,0,0,0.0000
32.3164,185.2042,0.0864,102.8923,0.0000,0.0000,0.0000,0.0000,0.0000,270.0021,0.0000,0.0000,0.0000,0.0000,0.0000,0.0000,0.0000,0.0000,0.0000,1,0,0,0,0,0.0000
32.3696,185.2042,0.0864,102.8923,0.0000,0.0000,0.0000,0.0000,0.0000,270.0021,0.0000,0.0000,0.0000,0.0000,0.0000,0.0000,0.0000,0.0000,0.0000,1,0,0,0,0,0.0000
32.4290,185.2042,0.0864,102.8923,0.0000,0.0000,0.0000,0.0000,0.0000,270.0021,0.0000,0.0000,0.0000,0.0000,0.0000,0.0000,0.0000,0.0000,0.0000,1,0,0,0,0,0.0000
32.4809,185.2042,0.0864,102.8923,0.0000,0.0000,0.0000,0.0000,0.0000,270.0021,0.0000,0.0000,0.0000,0.0000,0.0000,0.0000,0.0000,0.0000,0.0000,1,0,0,0,0,0.0000
32.5383,185.2042,0.0864,102.8923,0.0000,0.0000,0.0000,0.0000,0.0000,270.0021,0.0000,0.0000,0.0000,0.0000,0.0000,0.0000,0.0000,0.0000,0.0000,1,0,0,0,0,0.0000
32.5936,185.2042,0.0864,102.8923,0.0000,0.0000,0.0000,0.0000,0.0000,270.0021,0.0000,0.0000,0.0000,0.0000,0.0000,0.0000,0.0000,0.0000,0.0000,1,0,0,0,0,0.0000
32.6500,185.2042,0.0864,102.8923,0.0000,0.0000,0.0000,0.0000,0.0000,270.0021,0.0000,0.0000,0.0000,0.0000,0.0000,0.0000,0.0000,0.0000,0.0000,1,0,0,0,0,0.0000
32.7032,185.2042,0.0864,102.8923,0.0000,0.0000,0.0000,0.0000,0.0000,270.0021,0.0000,0.0000,0.0000,0.0000,0.0000,0.0000,0.0000,0.0000,0.0000,1,0,0,0,0,0.0000
32.7777,185.2042,0.0864,102.8923,0.0000,0.0000,0.0000,0.0000,0.0000,270.0021,0.0000,0.0000,0.0000,0.0000,0.0000,0.0000,0.0000,0.0000,0.0000,1,0,0,0,0,0.0000
32.8446,185.2042,0.0864,102.8923,0.0000,0.0000,0.0000,0.0000,0.0000,270.0021,0.0000,0.0000,0.0000,0.0000,0.0000,0.0000,0.0000,0.0000,0.0000,1,0,0,0,0,0.0000
32.8985,185.2042,0.0864,102.8923,0.0000,0.0000,0.0000,0.0000,0.0000,270.0021,0.0000,0.0000,0.0000,0.0000,0.0000,0.0000,0.0000,0.0000,0.0000,1,0,0,0,0,0.0000
32.9578,185.2042,0.0864,102.8923,0.0000,0.0000,0.0000,0.0000,0.0000,270.0021,0.0000,0.0000,0.0000,0.0000,0.0000,0.0000,0.0000,0.0000,0.0000,1,0,0,0,0,0.0000
33.0102,185.2042,0.0864,102.8923,0.0000,0.0000,0.0000,0.0000,0.0000,270.0021,0.0000,0.0000,0.0000,0.0000,0.0000,0.0000,0.0000,0.0000,0.0000,1,0,0,0,0,0.0000
33.0667,185.2042,0.0864,102.8923,0.0000,0.0000,0.0000,0.0000,0.0000,270.0021,0.0000,0.0000,0.0000,0.0000,0.0000,0.0000,0.0000,0.0000,0.0000,1,0,0,0,0,0.0000
33.1208,185.2042,0.0864,102.8923,0.0000,0.0000,0.0000,0.0000,0.0000,270.0021,0.0000,0.0000,0.0000,0.0000,0.0000,0.0000,0.0000,0.0000,0.0000,1,0,0,0,0,0.0000
33.1752,185.2042,0.0864,102.8923,0.0000,0.0000,0.0000,0.0000,0.0000,270.0021,0.0000,0.0000,0.0000,0.0000,0.0000,0.0000,0.0000,0.0000,0.0000,1,0,0,0,0,0.0000
33.2318,185.2042,0.0864,102.8923,0.0000,0.0000,0.0000,0.0000,0.0000,270.0021,0.0000,0.0000,0.0000,0.0000,0.0000,0.0000,0.0000,0.0000,0.0000,1,0,0,0,0,0.0000
33.3017,185.2042,0.0864,102.8923,0.0000,0.0000,0.0000,0.0000,0.0000,270.0021,0.0000,0.0000,0.0000,0.0000,0.0000,0.0000,0.0000,0.0000,0.0000,1,0,0,0,0,0.0000
33.3593,185.2042,0.0864,102.8923,0.0000,0.0000,0.0000,0.0000,0.0000,270.0021,0.0000,0.0000,0.0000,0.0000,0.0000,0.0000,0.0000,0.0000,0.0000,1,0,0,0,0,0.0000
33.4186,185.2042,0.0864,102.8923,0.0000,0.0000,0.0000,0.0000,0.0000,270.0021,0.0000,0.0000,0.0000,0.0000,0.0000,0.0000,0.0000,0.0000,0.0000,1,0,0,0,0,0.0000
33.4752,185.2042,0.0864,102.8923,0.0000,0.0000,0.0000,0.0000,0.0000,270.0021,0.0000,0.0000,0.0000,0.0000,0.0000,0.0000,0.0000,0.0000,0.0000,1,0,0,0,0,0.0000
33.5268,185.2042,0.0864,102.8923,0.0000,0.0000,0.0000,0.0000,0.0000,270.0021,0.0000,0.0000,0.0000,0.0000,0.0000,0.0000,0.0000,0.0000,0.0000,1,0,0,0,0,0.0000
33.5798,185.2042,0.0864,102.8923,0.0000,0.0000,0.0000,0.0000,0.0000,270.0021,0.0000,0.0000,0.0000,0.0000,0.0000,0.0000,0.0000,0.0000,0.0000,1,0,0,0,0,0.0000
33.6427,185.2042,0.0864,102.8923,0.0000,0.0000,0.0000,0.0000,0.0000,270.0021,0.0000,0.0000,0.0000,0.0000,0.0000,0.0000,0.0000,0.0000,0.0000,1,0,0,0,0,0.0000
33.6945,185.2042,0.0864,102.8923,0.0000,0.0000,0.0000,0.0000,0.0000,270.0021,0.0000,0.0000,0.0000,0.0000,0.0000,0.0000,0.0000,0.0000,0.0000,1,0,0,0,0,0.0000
33.7487,185.2042,0.0864,102.8923,0.0000,0.0000,0.0000,0.0000,0.0000,270.0021,0.0000,0.0000,0.0000,0.0000,0.0000,0.0000,0.0000,0.0000,0.0000,1,0,0,0,0,0.0000
33.8178,185.2042,0.0864,102.8923,0.0000,0.0000,0.0000,0.0000,0.0000,270.0021,0.0000,0.0000,0.0000,0.0000,0.0000,0.0000,0.0000,0.0000,0.0000,1,0,0,0,0,0.0000
33.8727,185.2042,0.0864,102.8923,0.0000,0.0000,0.0000,0.0000,0.0000,270.0021,0.0000,0.0000,0.0000,0.0000,0.0000,0.0000,0.0000,0.0000,0.0000,1,0,0,0,0,0.0000
33.9298,185.2042,0.0864,102.8923,0.0000,0.0000,0.0000,0.0000,0.0000,270.0021,0.0000,0.0000,0.0000,0.0000,0.0000,0.0000,0.0000,0.0000,0.0000,1,0,0,0,0,0.0000
33.9852,185.2042,0.0864,102.8923,0.0000,0.0000,0.0000,0.0000,0.0000,270.0021,0.0000,0.0000,0.0000,0.0000,0.0000,0.0000,0.0000,0.0000,0.0000,1,0,0,0,0,0.0000
34.0402,185.2042,0.0864,102.8923,0.0000,0.0000,0.0000,0.0000,0.0000,270.0021,0.0000,0.0000,0.0000,0.0000,0.0000,0.0000,0.0000,0.0000,0.0000,1,0,0,0,0,0.0000
34.0935,185.2042,0.0864,102.8923,0.0000,0.0000,0.0000,0.0000,0.0000,270.0021,0.0000,0.0000,0.0000,0.0000,0.0000,0.0000,0.0000,0.0000,0.0000,1,0,0,0,0,0.0000
34.1525,185.2042,0.0864,102.8923,0.0000,0.0000,0.0000,0.0000,0.0000,270.0021,0.0000,0.0000,0.0000,0.0000,0.0000,0.0000,0.0000,0.0000,0.0000,1,0,0,0,0,0.0000
34.2076,185.2042,0.0864,102.8923,0.0000,0.0000,0.0000,0.0000,0.0000,270.0021,0.0000,0.0000,0.0000,0.0000,0.0000,0.0000,0.0000,0.0000,0.0000,1,0,0,0,0,0.0000
34.2618,185.2042,0.0864,102.8923,0.0000,0.0000,0.0000,0.0000,0.0000,270.0021,0.0000,0.0000,0.0000,0.0000,0.0000,0.0000,0.0000,0.0000,0.0000,1,0,0,0,0,0.0000
34.3169,185.2042,0.0864,102.8923,0.0000,0.0000,0.0000,0.0000,0.0000,270.0021,0.0000,0.0000,0.0000,0.0000,0.0000,0.0000,0.0000,0.0000,0.0000,1,0,0,0,0,0.0000
34.3890,185.2042,0.0864,102.8923,0.0000,0.0000,0.0000,0.0000,0.0000,270.0021,0.0000,0.0000,0.0000,0.0000,0.0000,0.0000,0.0000,0.0000,0.0000,1,0,0,0,0,0.0000
34.4421,185.2042,0.0864,102.8923,0.0000,0.0000,0.0000,0.0000,0.0000,270.0021,0.0000,0.0000,0.0000,0.0000,0.0000,0.0000,0.0000,0.0000,0.0000,1,0,0,0,0,0.0000
34.5045,185.2042,0.0864,102.8923,0.0000,0.0000,0.0000,0.0000,0.0000,270.0021,0.0000,0.0000,0.0000,0.0000,0.0000,0.0000,0.0000,0.0000,0.0000,1,0,0,0,0,0.0000
34.5811,185.2042,0.0864,102.8923,0.0000,0.0000,0.0000,0.0000,0.0000,270.0021,0.0000,0.0000,0.0000,0.0000,0.0000,0.0000,0.0000,0.0000,0.0000,1,0,0,0,0,0.0000
34.6355,185.2042,0.0864,102.8923,0.0000,0.0000,0.0000,0.0000,0.0000,270.0021,0.0000,0.0000,0.0000,0.0000,0.0000,0.0000,0.0000,0.0000,0.0000,1,0,0,0,0,0.0000
34.6934,185.2042,0.0864,102.8923,0.0000,0.0000,0.0000,0.0000,0.0000,270.0021,0.0000,0.0000,0.0000,0.0000,0.0000,0.0000,0.0000,0.0000,0.0000,1,0,0,0,0,0.0000
34.7500,185.2042,0.0864,102.8923,0.0000,0.0000,0.0000,0.0000,0.0000,270.0021,0.0000,0.0000,0.0000,0.0000,0.0000,0.0000,0.0000,0.0000,0.0000,1,0,0,0,0,0.0000
34.8057,185.2042,0.0864,102.8923,0.0000,0.0000,0.0000,0.0000,0.0000,270.0021,0.0000,0.0000,0.0000,0.0000,0.0000,0.0000,0.0000,0.0000,0.0000,1,0,0,0,0,0.0000
34.8630,185.2042,0.0864,102.8923,0.0000,0.0000,0.0000,0.0000,0.0000,270.0021,0.0000,0.0000,0.0000,0.0000,0.0000,0.0000,0.0000,0.0000,0.0000,1,0,0,0,0,0.0000
34.9158,185.2042,0.0864,102.8923,0.0000,0.0000,0.0000,0.0000,0.0000,270.0021,0.0000,0.0000,0.0000,0.0000,0.0000,0.0000,0.0000,0.0000,0.0000,1,0,0,0,0,0.0000
34.9699,185.2042,0.0864,102.8923,0.0000,0.0000,0.0000,0.0000,0.0000,270.0021,0.0000,0.0000,0.0000,0.0000,0.0000,0.0000,0.0000,0.0000,0.0000,1,0,0,0,0,0.0000
35.0252,185.2042,0.0864,102.8923,0.0000,0.0000,0.0000,0.0000,0.0000,270.0021,0.0000,0.0000,0.0000,0.0000,0.0000,0.0000,0.0000,0.0000,0.0000,1,0,0,0,0,0.0000
35.0829,185.2042,0.0864,102.8923,0.0000,0.0000,0.0000,0.0000,0.0000,270.0021,0.0000,0.0000,0.0000,0.0000,0.0000,0.0000,0.0000,0.0000,0.0000,1,0,0,0,0,0.0000
35.1370,185.2042,0.0864,102.8923,0.0000,0.0000,0.0000,0.0000,0.0000,270.0021,0.0000,0.0000,0.0000,0.0000,0.0000,0.0000,0.0000,0.0000,0.0000,1,0,0,0,0,0.0000
35.1923,185.2042,0.0864,102.8923,0.0000,0.0000,0.0000,0.0000,0.0000,270.0021,0.0000,0.0000,0.0000,0.0000,0.0000,0.0000,0.0000,0.0000,0.0000,1,0,0,0,0,0.0000
35.2472,185.2042,0.0864,102.8923,0.0000,0.0000,0.0000,0.0000,0.0000,270.0021,0.0000,0.0000,0.0000,0.0000,0.0000,0.0000,0.0000,0.0000,0.0000,1,0,0,0,0,0.0000
35.3047,185.2042,0.0864,102.8923,0.0000,0.0000,0.0000,0.0000,0.0000,270.0021,0.0000,0.0000,0.0000,0.0000,0.0000,0.0000,0.0000,0.0000,0.0000,1,0,0,0,0,0.0000
35.3608,185.2042,0.0864,102.8923,0.0000,0.0000,0.0000,0.0000,0.0000,270.0021,0.0000,0.0000,0.0000,0.0000,0.0000,0.0000,0.0000,0.0000,0.0000,1,0,0,0,0,0.0000
35.4136,185.2042,0.0864,102.8923,0.0000,0.0000,0.0000,0.0000,0.0000,270.0021,0.0000,0.0000,0.0000,0.0000,0.0000,0.0000,0.0000,0.0000,0.0000,1,0,0,0,0,0.0000
35.4842,185.2042,0.0864,102.8923,0.0000,0.0000,0.0000,0.0000,0.0000,270.0021,0.0000,0.0000,0.0000,0.0000,0.0000,0.0000,0.0000,0.0000,0.0000,1,0,0,0,0,0.0000
35.5400,185.2042,0.0864,102.8923,0.0000,0.0000,0.0000,0.0000,0.0000,270.0021,0.0000,0.0000,0.0000,0.0000,0.0000,0.0000,0.0000,0.0000,0.0000,1,0,0,0,0,0.0000
35.5954,185.2042,0.0864,102.8923,0.0000,0.0000,0.0000,0.0000,0.0000,270.0021,0.0000,0.0000,0.0000,0.0000,0.0000,0.0000,0.0000,0.0000,0.0000,1,0,0,0,0,0.0000
35.6514,185.2042,0.0864,102.8923,0.0000,0.0000,0.0000,0.0000,0.0000,270.0021,0.0000,0.0000,0.0000,0.0000,0.0000,0.0000,0.0000,0.0000,0.0000,1,0,0,0,0,0.0000
35.7079,185.2042,0.0864,102.8923,0.0000,0.0000,0.0000,0.0000,0.0000,270.0021,0.0000,0.0000,0.0000,0.0000,0.0000,0.0000,0.0000,0.0000,0.0000,1,0,0,0,0,0.0000
35.7616,185.2042,0.0864,102.8923,0.0000,0.0000,0.0000,0.0000,0.0000,270.0021,0.0000,0.0000,0.0000,0.0000,0.0000,0.0000,0.0000,0.0000,0.0000,1,0,0,0,0,0.0000
35.8164,185.2042,0.0864,102.8923,0.0000,0.0000,0.0000,0.0000,0.0000,270.0021,0.0000,0.0000,0.0000,0.0000,0.0000,0.0000,0.0000,0.0000,0.0000,1,0,0,0,0,0.0000
35.8729,185.2042,0.0864,102.8923,0.0000,0.0000,0.0000,0.0000,0.0000,270.0021,0.0000,0.0000,0.0000,0.0000,0.0000,0.0000,0.0000,0.0000,0.0000,1,0,0,0,0,0.0000
35.9284,185.2042,0.0864,102.8923,0.0000,0.0000,0.0000,0.0000,0.0000,270.0021,0.0000,0.0000,0.0000,0.0000,0.0000,0.0000,0.0000,0.0000,0.0000,1,0,0,0,0,0.0000
35.9996,185.2042,0.0864,102.8923,0.0000,0.0000,0.0000,0.0000,0.0000,270.0021,0.0000,0.0000,0.0000,0.0000,0.0000,0.0000,0.0000,0.0000,0.0000,1,0,0,0,0,0.0000
36.0546,185.2042,0.0864,102.8923,0.0000,0.0000,0.0000,0.0000,0.0000,270.0021,0.0000,0.0000,0.0000,0.0000,0.0000,0.0000,0.0000,0.0000,0.0000,1,0,0,0,0,0.0000
36.1107,185.2042,0.0864,102.8923,0.0000,0.0000,0.0000,0.0000,0.0000,270.0021,0.0000,0.0000,0.0000,0.0000,0.0000,0.0000,0.0000,0.0000,0.0000,1,0,0,0,0,0.0000
36.1639,185.2042,0.0864,102.8923,0.0000,0.0000,0.0000,0.0000,0.0000,270.0021,0.0000,0.0000,0.0000,0.0000,0.0000,0.0000,0.0000,0.0000,0.0000,1,0,0,0,0,0.0000
36.2207,185.2042,0.0864,102.8923,0.0000,0.0000,0.0000,0.0000,0.0000,270.0021,0.0000,0.0000,0.0000,0.0000,0.0000,0.0000,0.0000,0.0000,0.0000,1,0,0,0,0,0.0000
36.2782,185.2042,0.0864,102.8923,0.0000,0.0000,0.0000,0.0000,0.0000,270.0021,0.0000,0.0000,0.0000,0.0000,0.0000,0.0000,0.0000,0.0000,0.0000,1,0,0,0,0,0.0000
36.3314,185.2042,0.0864,102.8923,0.0000,0.0000,0.0000,0.0000,0.0000,270.0021,0.0000,0.0000,0.0000,0.0000,0.0000,0.0000,0.0000,0.0000,0.0000,1,0,0,0,0,0.0000
36.3869,185.2042,0.0864,102.8923,0.0000,0.0000,0.0000,0.0000,0.0000,270.0021,0.0000,0.0000,0.0000,0.0000,0.0000,0.0000,0.0000,0.0000,0.0000,1,0,0,0,0,0.0000
36.4423,185.2042,0.0864,102.8923,0.0000,0.0000,0.0000,0.0000,0.0000,270.0021,0.0000,0.0000,0.0000,0.0000,0.0000,0.0000,0.0000,0.0000,0.0000,1,0,0,0,0,0.0000
36.4989,185.2042,0.0864,102.8923,0.0000,0.0000,0.0000,0.0000,0.0000,270.0021,0.0000,0.0000,0.0000,0.0000,0.0000,0.0000,0.0000,0.0000,0.0000,1,0,0,0,0,0.0000
36.5733,185.2042,0.0864,102.8923,0.0000,0.0000,0.0000,0.0000,0.0000,270.0021,0.0000,0.0000,0.0000,0.0000,0.0000,0.0000,0.0000,0.0000,0.0000,1,0,0,0,0,0.0000
36.6259,185.2042,0.0864,102.8923,0.0000,0.0000,0.0000,0.0000,0.0000,270.0021,0.0000,0.0000,0.0000,0.0000,0.0000,0.0000,0.0000,0.0000,0.0000,1,0,0,0,0,0.0000
36.6821,185.2042,0.0864,102.8923,0.0000,0.0000,0.0000,0.0000,0.0000,270.0021,0.0000,0.0000,0.0000,0.0000,0.0000,0.0000,0.0000,0.0000,0.0000,1,0,0,0,0,0.0000
36.7344,185.2042,0.0864,102.8923,0.0000,0.0000,0.0000,0.0000,0.0000,270.0021,0.0000,0.0000,0.0000,0.0000,0.0000,0.0000,0.0000,0.0000,0.0000,1,0,0,0,0,0.0000
36.7912,185.2042,0.0864,102.8923,0.0000,0.0000,0.0000,0.0000,0.0000,270.0021,0.0000,0.0000,0.0000,0.0000,0.0000,0.0000,0.0000,0.0000,0.0000,1,0,0,0,0,0.0000
36.8454,185.2042,0.0864,102.8923,0.0000,0.0000,0.0000,0.0000,0.0000,270.0021,0.0000,0.0000,0.0000,0.0000,0.0000,0.0000,0.0000,0.0000,0.0000,1,0,0,0,0,0.0000
36.9000,185.2042,0.0864,102.8923,0.0000,0.0000,0.0000,0.0000,0.0000,270.0021,0.0000,0.0000,0.0000,0.0000,0.0000,0.0000,0.0000,0.0000,0.0000,1,0,0,0,0,0.0000
36.9577,185.2042,0.0864,102.8923,0.0000,0.0000,0.0000,0.0000,0.0000,270.0021,0.0000,0.0000,0.0000,0.0000,0.0000,0.0000,0.0000,0.0000,0.0000,1,0,0,0,0,0.0000
37.0115,185.2042,0.0864,102.8923,0.0000,0.0000,0.0000,0.0000,0.0000,270.0021,0.0000,0.0000,0.0000,0.0000,0.0000,0.0000,0.0000,0.0000,0.0000,1,0,0,0,0,0.0000
37.0809,185.2042,0.0864,102.8923,0.0000,0.0000,0.0000,0.0000,0.0000,270.0021,0.0000,0.0000,0.0000,0.0000,0.0000,0.0000,0.0000,0.0000,0.0000,1,0,0,0,0,0.0000
37.1361,185.2042,0.0864,102.8923,0.0000,0.0000,0.0000,0.0000,0.0000,270.0021,0.0000,0.0000,0.0000,0.0000,0.0000,0.0000,0.0000,0.0000,0.0000,1,0,0,0,0,0.0000
37.1952,185.2042,0.0864,102.8923,0.0000,0.0000,0.0000,0.0000,0.0000,270.0021,0.0000,0.0000,0.0000,0.0000,0.0000,0.0000,0.0000,0.0000,0.0000,1,0,0,0,0,0.0000
37.2487,185.2042,0.0864,102.8923,0.0000,0.0000,0.0000,0.0000,0.0000,270.0021,0.0000,0.0000,0.0000,0.0000,0.0000,0.0000,0.0000,0.0000,0.0000,1,0,0,0,0,0.0000
37.3186,185.2042,0.0864,102.8923,0.0000,0.0000,0.0000,0.0000,0.0000,270.0021,0.0000,0.0000,0.0000,0.0000,0.0000,0.0000,0.0000,0.0000,0.0000,1,0,0,0,0,0.0000
37.3743,185.2042,0.0864,102.8923,0.0000,0.0000,0.0000,0.0000,0.0000,270.0021,0.0000,0.0000,0.0000,0.0000,0.0000,0.0000,0.0000,0.0000,0.0000,1,0,0,0,0,0.0000
37.4285,185.2042,0.0864,102.8923,0.0000,0.0000,0.0000,0.0000,0.0000,270.0021,0.0000,0.0000,0.0000,0.0000,0.0000,0.0000,0.0000,0.0000,0.0000,1,0,0,0,0,0.0000
37.4854,185.2042,0.0864,102.8923,0.0000,0.0000,0.0000,0.0000,0.0000,270.0021,0.0000,0.0000,0.0000,0.0000,0.0000,0.0000,0.0000,0.0000,0.0000,1,0,0,0,0,0.0000
37.5392,185.2042,0.0864,102.8923,0.0000,0.0000,0.0000,0.0000,0.0000,270.0021,0.0000,0.0000,0.0000,0.0000,0.0000,0.0000,0.0000,0.0000,0.0000,1,0,0,0,0,0.0000
37.5954,185.2042,0.0864,102.8923,0.0000,0.0000,0.0000,0.0000,0.0000,270.0021,0.0000,0.0000,0.0000,0.0000,0.0000,0.0000,0.0000,0.0000,0.0000,1,0,0,0,0,0.0000
37.6647,185.2042,0.0864,102.8923,0.0000,0.0000,0.0000,0.0000,0.0000,270.0021,0.0000,0.0000,0.0000,0.0000,0.0000,0.0000,0.0000,0.0000,0.0000,1,0,0,0,0,0.0000
37.7192,185.2042,0.0864,102.8923,0.0000,0.0000,0.0000,0.0000,0.0000,270.0021,0.0000,0.0000,0.0000,0.0000,0.0000,0.0000,0.0000,0.0000,0.0000,1,0,0,0,0,0.0000
37.7763,185.2042,0.0864,102.8923,0.0000,0.0000,0.0000,0.0000,0.0000,270.0021,0.0000,0.0000,0.0000,0.0000,0.0000,0.0000,0.0000,0.0000,0.0000,1,0,0,0,0,0.0000
37.8304,185.2042,0.0864,102.8923,0.0000,0.0000,0.0000,0.0000,0.0000,270.0021,0.0000,0.0000,0.0000,0.0000,0.0000,0.0000,0.0000,0.0000,0.0000,1,0,0,0,0,0.0000
37.8894,185.2042,0.0864,102.8923,0.0000,0.0000,0.0000,0.0000,0.0000,270.0021,0.0000,0.0000,0.0000,0.0000,0.0000,0.0000,0.0000,0.0000,0.0000,1,0,0,0,0,0.0000
37.9409,185.2042,0.0864,102.8923,0.0000,0.0000,0.0000,0.0000,0.0000,270.0021,0.0000,0.0000,0.0000,0.0000,0.0000,0.0000,0.0000,0.0000,0.0000,1,0,0,0,0,0.0000
38.0004,185.2042,0.0864,102.8923,0.0000,0.0000,0.0000,0.0000,0.0000,270.0021,0.0000,0.0000,0.0000,0.0000,0.0000,0.0000,0.0000,0.0000,0.0000,1,0,0,0,0,0.0000
38.0526,185.2042,0.0864,102.8923,0.0000,0.0000,0.0000,0.0000,0.0000,270.0021,0.0000,0.0000,0.0000,0.0000,0.0000,0.0000,0.0000,0.0000,0.0000,1,0,0,0,0,0.0000
38.1072,185.2042,0.0864,102.8923,0.0000,0.0000,0.0000,0.0000,0.0000,270.0021,0.0000,0.0000,0.0000,0.0000,0.0000,0.0000,0.0000,0.0000,0.0000,1,0,0,0,0,0.0000
38.1790,185.2042,0.0864,102.8923,0.0000,0.0000,0.0000,0.0000,0.0000,270.0021,0.0000,0.0000,0.0000,0.0000,0.0000,0.0000,0.0000,0.0000,0.0000,1,0,0,0,0,0.0000
38.2344,185.2042,0.0864,102.8923,0.0000,0.0000,0.0000,0.0000,0.0000,270.0021,0.0000,0.0000,0.0000,0.0000,0.0000,0.0000,0.0000,0.0000,0.0000,1,0,0,0,0,0.0000
38.2894,185.2042,0.0864,102.8923,0.0000,0.0000,0.0000,0.0000,0.0000,270.0021,0.0000,0.0000,0.0000,0.0000,0.0000,0.0000,0.0000,0.0000,0.0000,1,0,0,0,0,0.0000
38.3486,185.2042,0.0864,102.8923,0.0000,0.0000,0.0000,0.0000,0.0000,270.0021,0.0000,0.0000,0.0000,0.0000,0.0000,0.0000,0.0000,0.0000,0.0000,1,0,0,0,0,0.0000
38.4015,185.2042,0.0864,102.8923,0.0000,0.0000,0.0000,0.0000,0.0000,270.0021,0.0000,0.0000,0.0000,0.0000,0.0000,0.0000,0.0000,0.0000,0.0000,1,0,0,0,0,0.0000
38.4558,185.2042,0.0864,102.8923,0.0000,0.0000,0.0000,0.0000,0.0000,270.0021,0.0000,0.0000,0.0000,0.0000,0.0000,0.0000,0.0000,0.0000,0.0000,1,0,0,0,0,0.0000
38.5136,185.2042,0.0864,102.8923,0.0000,0.0000,0.0000,0.0000,0.0000,270.0021,0.0000,0.0000,0.0000,0.0000,0.0000,0.0000,0.0000,0.0000,0.0000,1,0,0,0,0,0.0000
38.5672,185.2042,0.0864,102.8923,0.0000,0.0000,0.0000,0.0000,0.0000,270.0021,0.0000,0.0000,0.0000,0.0000,0.0000,0.0000,0.0000,0.0000,0.0000,1,0,0,0,0,0.0000
38.6228,185.2042,0.0864,102.8923,0.0000,0.0000,0.0000,0.0000,0.0000,270.0021,0.0000,0.0000,0.0000,0.0000,0.0000,0.0000,0.0000,0.0000,0.0000,1,0,0,0,0,0.0000
38.6812,185.2042,0.0864,102.8923,0.0000,0.0000,0.0000,0.0000,0.0000,270.0021,0.0000,0.0000,0.0000,0.0000,0.0000,0.0000,0.0000,0.0000,0.0000,1,0,0,0,0,0.0000
38.7490,185.2042,0.0864,102.8923,0.0000,0.0000,0.0000,0.0000,0.0000,270.0021,0.0000,0.0000,0.0000,0.0000,0.0000,0.0000,0.0000,0.0000,0.0000,1,0,0,0,0,0.0000
38.8083,185.2042,0.0864,102.8923,0.0000,0.0000,0.0000,0.0000,0.0000,270.0021,0.0000,0.0000,0.0000,0.0000,0.0000,0.0000,0.0000,0.0000,0.0000,1,0,0,0,0,0.0000
38.8857,185.2042,0.0864,102.8923,0.0000,0.0000,0.0000,0.0000,0.0000,270.0021,0.0000,0.0000,0.0000,0.0000,0.0000,0.0000,0.0000,0.0000,0.0000,1,0,0,0,0,0.0000
38.9427,185.2042,0.0864,102.8923,0.0000,0.0000,0.0000,0.0000,0.0000,270.0021,0.0000,0.0000,0.0000,0.0000,0.0000,0.0000,0.0000,0.0000,0.0000,1,0,0,0,0,0.0000
38.9994,185.2042,0.0864,102.8923,0.0000,0.0000,0.0000,0.0000,0.0000,270.0021,0.0000,0.0000,0.0000,0.0000,0.0000,0.0000,0.0000,0.0000,0.0000,1,0,0,0,0,0.0000
39.0514,185.2042,0.0864,102.8923,0.0000,0.0000,0.0000,0.0000,0.0000,270.0021,0.0000,0.0000,0.0000,0.0000,0.0000,0.0000,0.0000,0.0000,0.0000,1,0,0,0,0,0.0000
39.1118,185.2042,0.0864,102.8923,0.0000,0.0000,0.0000,0.0000,0.0000,270.0021,0.0000,0.0000,0.0000,0.0000,0.0000,0.0000,0.0000,0.0000,0.0000,1,0,0,0,0,0.0000
39.1767,185.2042,0.0864,102.8923,0.0000,0.0000,0.0000,0.0000,0.0000,270.0021,0.0000,0.0000,0.0000,0.0000,0.0000,0.0000,0.0000,0.0000,0.0000,1,0,0,0,0,0.0000
39.2342,185.2042,0.0864,102.8923,0.0000,0.0000,0.0000,0.0000,0.0000,270.0021,0.0000,0.0000,0.0000,0.0000,0.0000,0.0000,0.0000,0.0000,0.0000,1,0,0,0,0,0.0000
39.2897,185.2042,0.0864,102.8923,0.0000,0.0000,0.0000,0.0000,0.0000,270.0021,0.0000,0.0000,0.0000,0.0000,0.0000,0.0000,0.0000,0.0000,0.0000,1,0,0,0,0,0.0000
39.3474,185.2042,0.0864,102.8923,0.0000,0.0000,0.0000,0.0000,0.0000,270.0021,0.0000,0.0000,0.0000,0.0000,0.0000,0.0000,0.0000,0.0000,0.0000,1,0,0,0,0,0.0000
39.4006,185.2042,0.0864,102.8923,0.0000,0.0000,0.0000,0.0000,0.0000,270.0021,0.0000,0.0000,0.0000,0.0000,0.0000,0.0000,0.0000,0.0000,0.0000,1,0,0,0,0,0.0000
39.4597,185.2042,0.0864,102.8923,0.0000,0.0000,0.0000,0.0000,0.0000,270.0021,0.0000,0.0000,0.0000,0.0000,0.0000,0.0000,0.0000,0.0000,0.0000,1,0,0,0,0,0.0000
39.5137,185.2042,0.0864,102.8923,0.0000,0.0000,0.0000,0.0000,0.0000,270.0021,0.0000,0.0000,0.0000,0.0000,0.0000,0.0000,0.0000,0.0000,0.0000,1,0,0,0,0,0.0000
39.5671,185.2042,0.0864,102.8923,0.0000,0.0000,0.0000,0.0000,0.0000,270.0021,0.0000,0.0000,0.0000,0.0000,0.0000,0.0000,0.0000,0.0000,0.0000,1,0,0,0,0,0.0000
39.6247,185.2042,0.0864,102.8923,0.0000,0.0000,0.0000,0.0000,0.0000,270.0021,0.0000,0.0000,0.0000,0.0000,0.0000,0.0000,0.0000,0.0000,0.0000,1,0,0,0,0,0.0000
39.6772,185.2042,0.0864,102.8923,0.0000,0.0000,0.0000,0.0000,0.0000,270.0021,0.0000,0.0000,0.0000,0.0000,0.0000,0.0000,0.0000,0.0000,0.0000,1,0,0,0,0,0.0000
39.7333,185.2042,0.0864,102.8923,0.0000,0.0000,0.0000,0.0000,0.0000,270.0021,0.0000,0.0000,0.0000,0.0000,0.0000,0.0000,0.0000,0.0000,0.0000,1,0,0,0,0,0.0000
39.7891,185.2042,0.0864,102.8923,0.0000,0.0000,0.0000,0.0000,0.0000,270.0021,0.0000,0.0000,0.0000,0.0000,0.0000,0.0000,0.0000,0.0000,0.0000,1,0,0,0,0,0.0000
39.8573,185.2042,0.0864,102.8923,0.0000,0.0000,0.0000,0.0000,0.0000,270.0021,0.0000,0.0000,0.0000,0.0000,0.0000,0.0000,0.0000,0.0000,0.0000,1,0,0,0,0,0.0000
39.9135,185.2042,0.0864,102.8923,0.0000,0.0000,0.0000,0.0000,0.0000,270.0021,0.0000,0.0000,0.0000,0.0000,0.0000,0.0000,0.0000,0.0000,0.0000,1,0,0,0,0,0.0000
39.9720,185.2042,0.0864,102.8923,0.0000,0.0000,0.0000,0.0000,0.0000,270.0021,0.0000,0.0000,0.0000,0.0000,0.0000,0.0000,0.0000,0.0000,0.0000,1,0,0,0,0,0.0000
40.0259,185.2042,0.0864,102.8923,0.0000,0.0000,0.0000,0.0000,0.0000,270.0021,0.0000,0.0000,0.0000,0.0000,0.0000,0.0000,0.0000,0.0000,0.0000,1,0,0,0,0,0.0000
40.0805,185.2042,0.0864,102.8923,0.0000,0.0000,0.0000,0.0000,0.0000,270.0021,0.0000,0.0000,0.0000,0.0000,0.0000,0.0000,0.0000,0.0000,0.0000,1,0,0,0,0,0.0000
40.1342,185.2042,0.0864,102.8923,0.0000,0.0000,0.0000,0.0000,0.0000,270.0021,0.0000,0.0000,0.0000,0.0000,0.0000,0.0000,0.0000,0.0000,0.0000,1,0,0,0,0,0.0000
40.1916,185.2042,0.0864,102.8923,0.0000,0.0000,0.0000,0.0000,0.0000,270.0021,0.0000,0.0000,0.0000,0.0000,0.0000,0.0000,0.0000,0.0000,0.0000,1,0,0,0,0,0.0000
40.2466,185.2042,0.0864,102.8923,0.0000,0.0000,0.0000,0.0000,0.0000,270.0021,0.0000,0.0000,0.0000,0.0000,0.0000,0.0000,0.0000,0.0000,0.0000,1,0,0,0,0,0.0000
40.3016,185.2042,0.0864,102.8923,0.0000,0.0000,0.0000,0.0000,0.0000,270.0021,0.0000,0.0000,0.0000,0.0000,0.0000,0.0000,0.0000,0.0000,0.0000,1,0,0,0,0,0.0000
40.3724,185.2042,0.0864,102.8923,0.0000,0.0000,0.0000,0.0000,0.0000,270.0021,0.0000,0.0000,0.0000,0.0000,0.0000,0.0000,0.0000,0.0000,0.0000,1,0,0,0,0,0.0000
40.4269,185.2042,0.0864,102.8923,0.0000,0.0000,0.0000,0.0000,0.0000,270.0021,0.0000,0.0000,0.0000,0.0000,0.0000,0.0000,0.0000,0.0000,0.0000,1,0,0,0,0,0.0000
40.4989,185.2042,0.0864,102.8923,0.0000,0.0000,0.0000,0.0000,0.0000,270.0021,0.0000,0.0000,0.0000,0.0000,0.0000,0.0000,0.0000,0.0000,0.0000,1,0,0,0,0,0.0000
40.5508,185.2042,0.0864,102.8923,0.0000,0.0000,0.0000,0.0000,0.0000,270.0021,0.0000,0.0000,0.0000,0.0000,0.0000,0.0000,0.0000,0.0000,0.0000,1,0,0,0,0,0.0000
40.6106,185.2042,0.0864,102.8923,0.0000,0.0000,0.0000,0.0000,0.0000,270.0021,0.0000,0.0000,0.0000,0.0000,0.0000,0.0000,0.0000,0.0000,0.0000,1,0,0,0,0,0.0000
40.6655,185.2042,0.0864,102.8923,0.0000,0.0000,0.0000,0.0000,0.0000,270.0021,0.0000,0.0000,0.0000,0.0000,0.0000,0.0000,0.0000,0.0000,0.0000,1,0,0,0,0,0.0000
40.7173,185.2042,0.0864,102.8923,0.0000,0.0000,0.0000,0.0000,0.0000,270.0021,0.0000,0.0000,0.0000,0.0000,0.0000,0.0000,0.0000,0.0000,0.0000,1,0,0,0,0,0.0000
40.7755,185.2042,0.0864,102.8923,0.0000,0.0000,0.0000,0.0000,0.0000,270.0021,0.0000,0.0000,0.0000,0.0000,0.0000,0.0000,0.0000,0.0000,0.0000,1,0,0,0,0,0.0000
40.8346,185.2042,0.0864,102.8923,0.0000,0.0000,0.0000,0.0000,0.0000,270.0021,0.0000,0.0000,0.0000,0.0000,0.0000,0.0000,0.0000,0.0000,0.0000,1,0,0,0,0,0.0000
40.9001,185.2042,0.0864,102.8923,0.0000,0.0000,0.0000,0.0000,0.0000,270.0021,0.0000,0.0000,0.0000,0.0000,0.0000,0.0000,0.0000,0.0000,0.0000,1,0,0,0,0,0.0000
40.9698,185.2042,0.0864,102.8923,0.0000,0.0000,0.0000,0.0000,0.0000,270.0021,0.0000,0.0000,0.0000,0.0000,0.0000,0.0000,0.0000,0.0000,0.0000,1,0,0,0,0,0.0000
41.0292,185.2042,0.0864,102.8923,0.0000,0.0000,0.0000,0.0000,0.0000,270.0021,0.0000,0.0000,0.0000,0.0000,0.0000,0.0000,0.0000,0.0000,0.0000,1,0,0,0,0,0.0000
41.0809,185.2042,0.0864,102.8923,0.0000,0.0000,0.0000,0.0000,0.0000,270.0021,0.0000,0.0000,0.0000,0.0000,0.0000,0.0000,0.0000,0.0000,0.0000,1,0,0,0,0,0.0000
41.1346,185.2042,0.0864,102.8923,0.0000,0.0000,0.0000,0.0000,0.0000,270.0021,0.0000,0.0000,0.0000,0.0000,0.0000,0.0000,0.0000,0.0000,0.0000,1,0,0,0,0,0.0000
41.1930,185.2042,0.0864,102.8923,0.0000,0.0000,0.0000,0.0000,0.0000,270.0021,0.0000,0.0000,0.0000,0.0000,0.0000,0.0000,0.0000,0.0000,0.0000,1,0,0,0,0,0.0000
41.2483,185.2042,0.0864,102.8923,0.0000,0.0000,0.0000,0.0000,0.0000,270.0021,0.0000,0.0000,0.0000,0.0000,0.0000,0.0000,0.0000,0.0000,0.0000,1,0,0,0,0,0.0000
41.3029,185.2042,0.0864,102.8923,0.0000,0.0000,0.0000,0.0000,0.0000,270.0021,0.0000,0.0000,0.0000,0.0000,0.0000,0.0000,0.0000,0.0000,0.0000,1,0,0,0,0,0.0000
41.3597,185.2042,0.0864,102.8923,0.0000,0.0000,0.0000,0.0000,0.0000,270.0021,0.0000,0.0000,0.0000,0.0000,0.0000,0.0000,0.0000,0.0000,0.0000,1,0,0,0,0,0.0000
41.4271,185.2042,0.0864,102.8923,0.0000,0.0000,0.0000,0.0000,0.0000,270.0021,0.0000,0.0000,0.0000,0.0000,0.0000,0.0000,0.0000,0.0000,0.0000,1,0,0,0,0,0.0000
41.4831,185.2042,0.0864,102.8923,0.0000,0.0000,0.0000,0.0000,0.0000,270.0021,0.0000,0.0000,0.0000,0.0000,0.0000,0.0000,0.0000,0.0000,0.0000,1,0,0,0,0,0.0000
41.5370,185.2042,0.0864,102.8923,0.0000,0.0000,0.0000,0.0000,0.0000,270.0021,0.0000,0.0000,0.0000,0.0000,0.0000,0.0000,0.0000,0.0000,0.0000,1,0,0,0,0,0.0000
41.5933,185.2042,0.0864,102.8923,0.0000,0.0000,0.0000,0.0000,0.0000,270.0021,0.0000,0.0000,0.0000,0.0000,0.0000,0.0000,0.0000,0.0000,0.0000,1,0,0,0,0,0.0000
41.6476,185.2042,0.0864,102.8923,0.0000,0.0000,0.0000,0.0000,0.0000,270.0021,0.0000,0.0000,0.0000,0.0000,0.0000,0.0000,0.0000,0.0000,0.0000,1,0,0,0,0,0.0000
41.7067,185.2042,0.0864,102.8923,0.0000,0.0000,0.0000,0.0000,0.0000,270.0021,0.0000,0.0000,0.0000,0.0000,0.0000,0.0000,0.0000,0.0000,0.0000,1,0,0,0,0,0.0000
41.7636,185.2042,0.0864,102.8923,0.0000,0.0000,0.0000,0.0000,0.0000,270.0021,0.0000,0.0000,0.0000,0.0000,0.0000,0.0000,0.0000,0.0000,0.0000,1,0,0,0,0,0.0000
41.8155,185.2042,0.0864,102.8923,0.0000,0.0000,0.0000,0.0000,0.0000,270.0021,0.0000,0.0000,0.0000,0.0000,0.0000,0.0000,0.0000,0.0000,0.0000,1,0,0,0,0,0.0000
41.8739,185.2042,0.0864,102.8923,0.0000,0.0000,0.0000,0.0000,0.0000,270.0021,0.0000,0.0000,0.0000,0.0000,0.0000,0.0000,0.0000,0.0000,0.0000,1,0,0,0,0,0.0000
41.9256,185.2042,0.0864,102.8923,0.0000,0.0000,0.0000,0.0000,0.0000,270.0021,0.0000,0.0000,0.0000,0.0000,0.0000,0.0000,0.0000,0.0000,0.0000,1,0,0,0,0,0.0000
41.9951,185.2042,0.0864,102.8923,0.0000,0.0000,0.0000,0.0000,0.0000,270.0021,0.0000,0.0000,0.0000,0.0000,0.0000,0.0000,0.0000,0.0000,0.0000,1,0,0,0,0,0.0000
42.0591,185.2042,0.0864,102.8923,0.0000,0.0000,0.0000,0.0000,0.0000,270.0021,0.0000,0.0000,0.0000,0.0000,0.0000,0.0000,0.0000,0.0000,0.0000,1,0,0,0,0,0.0000
42.1216,185.2042,0.0864,102.8923,0.0000,0.0000,0.0000,0.0000,0.0000,270.0021,0.0000,0.0000,0.0000,0.0000,0.0000,0.0000,0.0000,0.0000,0.0000,1,0,0,0,0,0.0000
42.1794,185.2042,0.0864,102.8923,0.0000,0.0000,0.0000,0.0000,0.0000,270.0021,0.0000,0.0000,0.0000,0.0000,0.0000,0.0000,0.0000,0.0000,0.0000,1,0,0,0,0,0.0000
42.2647,185.2042,0.0864,102.8923,0.0000,0.0000,0.0000,0.0000,0.0000,270.0021,0.0000,0.0000,0.0000,0.0000,0.0000,0.0000,0.0000,0.0000,0.0000,1,0,0,0,0,0.0000
42.3180,185.2042,0.0864,102.8923,0.0000,0.0000,0.0000,0.0000,0.0000,270.0021,0.0000,0.0000,0.0000,0.0000,0.0000,0.0000,0.0000,0.0000,0.0000,1,0,0,0,0,0.0000
42.3747,185.2042,0.0864,102.8923,0.0000,0.0000,0.0000,0.0000,0.0000,270.0021,0.0000,0.0000,0.0000,0.0000,0.0000,0.0000,0.0000,0.0000,0.0000,1,0,0,0,0,0.0000
42.4295,185.2042,0.0864,102.8923,0.0000,0.0000,0.0000,0.0000,0.0000,270.0021,0.0000,0.0000,0.0000,0.0000,0.0000,0.0000,0.0000,0.0000,0.0000,1,0,0,0,0,0.0000
42.5042,185.2042,0.0864,102.8923,0.0000,0.0000,0.0000,0.0000,0.0000,270.0021,0.0000,0.0000,0.0000,0.0000,0.0000,0.0000,0.0000,0.0000,0.0000,1,0,0,0,0,0.0000
42.5722,185.2042,0.0864,102.8923,0.0000,0.0000,0.0000,0.0000,0.0000,270.0021,0.0000,0.0000,0.0000,0.0000,0.0000,0.0000,0.0000,0.0000,0.0000,1,0,0,0,0,0.0000
42.6257,185.2042,0.0864,102.8923,0.0000,0.0000,0.0000,0.0000,0.0000,270.0021,0.0000,0.0000,0.0000,0.0000,0.0000,0.0000,0.0000,0.0000,0.0000,1,0,0,0,0,0.0000
42.6795,185.2042,0.0864,102.8923,0.0000,0.0000,0.0000,0.0000,0.0000,270.0021,0.0000,0.0000,0.0000,0.0000,0.0000,0.0000,0.0000,0.0000,0.0000,1,0,0,0,0,0.0000
42.7348,185.2042,0.0864,102.8923,0.0000,0.0000,0.0000,0.0000,0.0000,270.0021,0.0000,0.0000,0.0000,0.0000,0.0000,0.0000,0.0000,0.0000,0.0000,1,0,0,0,0,0.0000
42.7911,185.2042,0.0864,102.8923,0.0000,0.0000,0.0000,0.0000,0.0000,270.0021,0.0000,0.0000,0.0000,0.0000,0.0000,0.0000,0.0000,0.0000,0.0000,1,0,0,0,0,0.0000
42.8467,185.2042,0.0864,102.8923,0.0000,0.0000,0.0000,0.0000,0.0000,270.0021,0.0000,0.0000,0.0000,0.0000,0.0000,0.0000,0.0000,0.0000,0.0000,1,0,0,0,0,0.0000
42.9015,185.2042,0.0864,102.8923,0.0000,0.0000,0.0000,0.0000,0.0000,270.0021,0.0000,0.0000,0.0000,0.0000,0.0000,0.0000,0.0000,0.0000,0.0000,1,0,0,0,0,0.0000
42.9582,185.2042,0.0864,102.8923,0.0000,0.0000,0.0000,0.0000,0.0000,270.0021,0.0000,0.0000,0.0000,0.0000,0.0000,0.0000,0.0000,0.0000,0.0000,1,0,0,0,0,0.0000
43.0299,185.2042,0.0864,102.8923,0.0000,0.0000,0.0000,0.0000,0.0000,270.0021,0.0000,0.0000,0.0000,0.0000,0.0000,0.0000,0.0000,0.0000,0.0000,1,0,0,0,0,0.0000
43.0849,185.2042,0.0864,102.8923,0.0000,0.0000,0.0000,0.0000,0.0000,270.0021,0.0000,0.0000,0.0000,0.0000,0.0000,0.0000,0.0000,0.0000,0.0000,1,0,0,0,0,0.0000
43.1371,185.2042,0.0864,102.8923,0.0000,0.0000,0.0000,0.0000,0.0000,270.0021,0.0000,0.0000,0.0000,0.0000,0.0000,0.0000,0.0000,0.0000,0.0000,1,0,0,0,0,0.0000
43.1950,185.2042,0.0864,102.8923,0.0000,0.0000,0.0000,0.0000,0.0000,270.0021,0.0000,0.0000,0.0000,0.0000,0.0000,0.0000,0.0000,0.0000,0.0000,1,0,0,0,0,0.0000
43.2491,185.2042,0.0864,102.8923,0.0000,0.0000,0.0000,0.0000,0.0000,270.0021,0.0000,0.0000,0.0000,0.0000,0.0000,0.0000,0.0000,0.0000,0.0000,1,0,0,0,0,0.0000
43.3033,185.2042,0.0864,102.8923,0.0000,0.0000,0.0000,0.0000,0.0000,270.0021,0.0000,0.0000,0.0000,0.0000,0.0000,0.0000,0.0000,0.0000,0.0000,1,0,0,0,0,0.0000
43.3586,185.2042,0.0864,102.8923,0.0000,0.0000,0.0000,0.0000,0.0000,270.0021,0.0000,0.0000,0.0000,0.0000,0.0000,0.0000,0.0000,0.0000,0.0000,1,0,0,0,0,0.0000
43.4171,185.2042,0.0864,102.8923,0.0000,0.0000,0.0000,0.0000,0.0000,270.0021,0.0000,0.0000,0.0000,0.0000,0.0000,0.0000,0.0000,0.0000,0.0000,1,0,0,0,0,0.0000
43.4703,185.2042,0.0864,102.8923,0.0000,0.0000,0.0000,0.0000,0.0000,270.0021,0.0000,0.0000,0.0000,0.0000,0.0000,0.0000,0.0000,0.0000,0.0000,1,0,0,0,0,0.0000
43.5268,185.2042,0.0864,102.8923,0.0000,0.0000,0.0000,0.0000,0.0000,270.0021,0.0000,0.0000,0.0000,0.0000,0.0000,0.0000,0.0000,0.0000,0.0000,1,0,0,0,0,0.0000
43.5888,185.2042,0.0864,102.8923,0.0000,0.0000,0.0000,0.0000,0.0000,270.0021,0.0000,0.0000,0.0000,0.0000,0.0000,0.0000,0.0000,0.0000,0.0000,1,0,0,0,0,0.0000
43.6598,185.2042,0.0864,102.8923,0.0000,0.0000,0.0000,0.0000,0.0000,270.0021,0.0000,0.0000,0.0000,0.0000,0.0000,0.0000,0.0000,0.0000,0.0000,1,0,0,0,0,0.0000
43.7143,185.2042,0.0864,102.8923,0.0000,0.0000,0.0000,0.0000,0.0000,270.0021,0.0000,0.0000,0.0000,0.0000,0.0000,0.0000,0.0000,0.0000,0.0000,1,0,0,0,0,0.0000
43.7687,185.2042,0.0864,102.8923,0.0000,0.0000,0.0000,0.0000,0.0000,270.0021,0.0000,0.0000,0.0000,0.0000,0.0000,0.0000,0.0000,0.0000,0.0000,1,0,0,0,0,0.0000
43.8281,185.2042,0.0864,102.8923,0.0000,0.0000,0.0000,0.0000,0.0000,270.0021,0.0000,0.0000,0.0000,0.0000,0.0000,0.0000,0.0000,0.0000,0.0000,1,0,0,0,0,0.0000
43.8800,185.2042,0.0864,102.8923,0.0000,0.0000,0.0000,0.0000,0.0000,270.0021,0.0000,0.0000,0.0000,0.0000,0.0000,0.0000,0.0000,0.0000,0.0000,1,0,0,0,0,0.0000
43.9352,185.2042,0.0864,102.8923,0.0000,0.0000,0.0000,0.0000,0.0000,270.0021,0.0000,0.0000,0.0000,0.0000,0.0000,0.0000,0.0000,0.0000,0.0000,1,0,0,0,0,0.0000
43.9933,185.2042,0.0864,102.8923,0.0000,0.0000,0.0000,0.0000,0.0000,270.0021,0.0000,0.0000,0.0000,0.0000,0.0000,0.0000,0.0000,0.0000,0.0000,1,0,0,0,0,0.0000
44.0467,185.2042,0.0864,102.8923,0.0000,0.0000,0.0000,0.0000,0.0000,270.0021,0.0000,0.0000,0.0000,0.0000,0.0000,0.0000,0.0000,0.0000,0.0000,1,0,0,0,0,0.0000
44.1026,185.2042,0.0864,102.8923,0.0000,0.0000,0.0000,0.0000,0.0000,270.0021,0.0000,0.0000,0.0000,0.0000,0.0000,0.0000,0.0000,0.0000,0.0000,1,0,0,0,0,0.0000
44.1581,185.2042,0.0864,102.8923,0.0000,0.0000,0.0000,0.0000,0.0000,270.0021,0.0000,0.0000,0.0000,0.0000,0.0000,0.0000,0.0000,0.0000,0.0000,1,0,0,0,0,0.0000
44.2153,185.2042,0.0864,102.8923,0.0000,0.0000,0.0000,0.0000,0.0000,270.0021,0.0000,0.0000,0.0000,0.0000,0.0000,0.0000,0.0000,0.0000,0.0000,1,0,0,0,0,0.0000
44.2690,185.2042,0.0864,102.8923,0.0000,0.0000,0.0000,0.0000,0.0000,270.0021,0.0000,0.0000,0.0000,0.0000,0.0000,0.0000,0.0000,0.0000,0.0000,1,0,0,0,0,0.0000
44.3411,185.2042,0.0864,102.8923,0.0000,0.0000,0.0000,0.0000,0.0000,270.0021,0.0000,0.0000,0.0000,0.0000,0.0000,0.0000,0.0000,0.0000,0.0000,1,0,0,0,0,0.0000
44.3938,185.2042,0.0864,102.8923,0.0000,0.0000,0.0000,0.0000,0.0000,270.0021,0.0000,0.0000,0.0000,0.0000,0.0000,0.0000,0.0000,0.0000,0.0000,1,0,0,0,0,0.0000
44.4499,185.2042,0.0864,102.8923,0.0000,0.0000,0.0000,0.0000,0.0000,270.0021,0.0000,0.0000,0.0000,0.0000,0.0000,0.0000,0.0000,0.0000,0.0000,1,0,0,0,0,0.0000
44.5050,185.2042,0.0864,102.8923,0.0000,0.0000,0.0000,0.0000,0.0000,270.0021,0.0000,0.0000,0.0000,0.0000,0.0000,0.0000,0.0000,0.0000,0.0000,1,0,0,0,0,0.0000
44.5604,185.2042,0.0864,102.8923,0.0000,0.0000,0.0000,0.0000,0.0000,270.0021,0.0000,0.0000,0.0000,0.0000,0.0000,0.0000,0.0000,0.0000,0.0000,1,0,0,0,0,0.0000
44.6160,185.2042,0.0864,102.8923,0.0000,0.0000,0.0000,0.0000,0.0000,270.0021,0.0000,0.0000,0.0000,0.0000,0.0000,0.0000,0.0000,0.0000,0.0000,1,0,0,0,0,0.0000
44.6858,185.2042,0.0864,102.8923,0.0000,0.0000,0.0000,0.0000,0.0000,270.0021,0.0000,0.0000,0.0000,0.0000,0.0000,0.0000,0.0000,0.0000,0.0000,1,0,0,0,0,0.0000
44.7425,185.2042,0.0864,102.8923,0.0000,0.0000,0.0000,0.0000,0.0000,270.0021,0.0000,0.0000,0.0000,0.0000,0.0000,0.0000,0.0000,0.0000,0.0000,1,0,0,0,0,0.0000
44.8117,185.2042,0.0864,102.8923,0.0000,0.0000,0.0000,0.0000,0.0000,270.0021,0.0000,0.0000,0.0000,0.0000,0.0000,0.0000,0.0000,0.0000,0.0000,1,0,0,0,0,0.0000
44.8669,185.2042,0.0864,102.8923,0.0000,0.0000,0.0000,0.0000,0.0000,270.0021,0.0000,0.0000,0.0000,0.0000,0.0000,0.0000,0.0000,0.0000,0.0000,1,0,0,0,0,0.0000
44.9222,185.2042,0.0864,102.8923,0.0000,0.0000,0.0000,0.0000,0.0000,270.0021,0.0000,0.0000,0.0000,0.0000,0.0000,0.0000,0.0000,0.0000,0.0000,1,0,0,0,0,0.0000
44.9790,185.2042,0.0864,102.8923,0.0000,0.0000,0.0000,0.0000,0.0000,270.0021,0.0000,0.0000,0.0000,0.0000,0.0000,0.0000,0.0000,0.0000,0.0000,1,0,0,0,0,0.0000
45.0327,185.2042,0.0864,102.8923,0.0000,0.0000,0.0000,0.0000,0.0000,270.0021,0.0000,0.0000,0.0000,0.0000,0.0000,0.0000,0.0000,0.0000,0.0000,1,0,0,0,0,0.0000
45.0886,185.2042,0.0864,102.8923,0.0000,0.0000,0.0000,0.0000,0.0000,270.0021,0.0000,0.0000,0.0000,0.0000,0.0000,0.0000,0.0000,0.0000,0.0000,1,0,0,0,0,0.0000
45.1441,185.2042,0.0864,102.8923,0.0000,0.0000,0.0000,0.0000,0.0000,270.0021,0.0000,0.0000,0.0000,0.0000,0.0000,0.0000,0.0000,0.0000,0.0000,1,0,0,0,0,0.0000
45.1999,185.2042,0.0864,102.8923,0.0000,0.0000,0.0000,0.0000,0.0000,270.0021,0.0000,0.0000,0.0000,0.0000,0.0000,0.0000,0.0000,0.0000,0.0000,1,0,0,0,0,0.0000
45.2550,185.2042,0.0864,102.8923,0.0000,0.0000,0.0000,0.0000,0.0000,270.0021,0.0000,0.0000,0.0000,0.0000,0.0000,0.0000,0.0000,0.0000,0.0000,1,0,0,0,0,0.0000
45.3109,185.2042,0.0864,102.8923,0.0000,0.0000,0.0000,0.0000,0.0000,270.0021,0.0000,0.0000,0.0000,0.0000,0.0000,0.0000,0.0000,0.0000,0.0000,1,0,0,0,0,0.0000
45.3668,185.2042,0.0864,102.8923,0.0000,0.0000,0.0000,0.0000,0.0000,270.0021,0.0000,0.0000,0.0000,0.0000,0.0000,0.0000,0.0000,0.0000,0.0000,1,0,0,0,0,0.0000
45.4217,185.2042,0.0864,102.8923,0.0000,0.0000,0.0000,0.0000,0.0000,270.0021,0.0000,0.0000,0.0000,0.0000,0.0000,0.0000,0.0000,0.0000,0.0000,1,0,0,0,0,0.0000
45.4783,185.2042,0.0864,102.8923,0.0000,0.0000,0.0000,0.0000,0.0000,270.0021,0.0000,0.0000,0.0000,0.0000,0.0000,0.0000,0.0000,0.0000,0.0000,1,0,0,0,0,0.0000
45.5332,185.2042,0.0864,102.8923,0.0000,0.0000,0.0000,0.0000,0.0000,270.0021,0.0000,0.0000,0.0000,0.0000,0.0000,0.0000,0.0000,0.0000,0.0000,1,0,0,0,0,0.0000
45.5882,185.2042,0.0864,102.8923,0.0000,0.0000,0.0000,0.0000,0.0000,270.0021,0.0000,0.0000,0.0000,0.0000,0.0000,0.0000,0.0000,0.0000,0.0000,1,0,0,0,0,0.0000
45.6441,185.2042,0.0864,102.8923,0.0000,0.0000,0.0000,0.0000,0.0000,270.0021,0.0000,0.0000,0.0000,0.0000,0.0000,0.0000,0.0000,0.0000,0.0000,1,0,0,0,0,0.0000
45.7278,185.2042,0.0864,102.8923,0.0000,0.0000,0.0000,0.0000,0.0000,270.0021,0.0000,0.0000,0.0000,0.0000,0.0000,0.0000,0.0000,0.0000,0.0000,1,0,0,0,0,0.0000
45.7880,185.2042,0.0864,102.8923,0.0000,0.0000,0.0000,0.0000,0.0000,270.0021,0.0000,0.0000,0.0000,0.0000,0.0000,0.0000,0.0000,0.0000,0.0000,1,0,0,0,0,0.0000
45.8382,185.2042,0.0864,102.8923,0.0000,0.0000,0.0000,0.0000,0.0000,270.0021,0.0000,0.0000,0.0000,0.0000,0.0000,0.0000,0.0000,0.0000,0.0000,1,0,0,0,0,0.0000
45.8937,185.2042,0.0864,102.8923,0.0000,0.0000,0.0000,0.0000,0.0000,270.0021,0.0000,0.0000,0.0000,0.0000,0.0000,0.0000,0.0000,0.0000,0.0000,1,0,0,0,0,0.0000
45.9635,185.2042,0.0864,102.8923,0.0000,0.0000,0.0000,0.0000,0.0000,270.0021,0.0000,0.0000,0.0000,0.0000,0.0000,0.0000,0.0000,0.0000,0.0000,1,0,0,0,0,0.0000
46.0192,185.2042,0.0864,102.8923,0.0000,0.0000,0.0000,0.0000,0.0000,270.0021,0.0000,0.0000,0.0000,0.0000,0.0000,0.0000,0.0000,0.0000,0.0000,1,0,0,0,0,0.0000
46.0748,185.2042,0.0864,102.8923,0.0000,0.0000,0.0000,0.0000,0.0000,270.0021,0.0000,0.0000,0.0000,0.0000,0.0000,0.0000,0.0000,0.0000,0.0000,1,0,0,0,0,0.0000
46.1316,185.2042,0.0864,102.8923,0.0000,0.0000,0.0000,0.0000,0.0000,270.0021,0.0000,0.0000,0.0000,0.0000,0.0000,0.0000,0.0000,0.0000,0.0000,1,0,0,0,0,0.0000
46.1857,185.2042,0.0864,102.8923,0.0000,0.0000,0.0000,0.0000,0.0000,270.0021,0.0000,0.0000,0.0000,0.0000,0.0000,0.0000,0.0000,0.0000,0.0000,1,0,0,0,0,0.0000
46.2411,185.2042,0.0864,102.8923,0.0000,0.0000,0.0000,0.0000,0.0000,270.0021,0.0000,0.0000,0.0000,0.0000,0.0000,0.0000,0.0000,0.0000,0.0000,1,0,0,0,0,0.0000
46.3112,185.2042,0.0864,102.8923,0.0000,0.0000,0.0000,0.0000,0.0000,270.0021,0.0000,0.0000,0.0000,0.0000,0.0000,0.0000,0.0000,0.0000,0.0000,1,0,0,0,0,0.0000
46.3713,185.2042,0.0864,102.8923,0.0000,0.0000,0.0000,0.0000,0.0000,270.0021,0.0000,0.0000,0.0000,0.0000,0.0000,0.0000,0.0000,0.0000,0.0000,1,0,0,0,0,0.0000
46.4362,185.2042,0.0864,102.8923,0.0000,0.0000,0.0000,0.0000,0.0000,270.0021,0.0000,0.0000,0.0000,0.0000,0.0000,0.0000,0.0000,0.0000,0.0000,1,0,0,0,0,0.0000
46.4918,185.2042,0.0864,102.8923,0.0000,0.0000,0.0000,0.0000,0.0000,270.0021,0.0000,0.0000,0.0000,0.0000,0.0000,0.0000,0.0000,0.0000,0.0000,1,0,0,0,0,0.0000
46.5471,185.2042,0.0864,102.8923,0.0000,0.0000,0.0000,0.0000,0.0000,270.0021,0.0000,0.0000,0.0000,0.0000,0.0000,0.0000,0.0000,0.0000,0.0000,1,0,0,0,0,0.0000
46.6162,185.2042,0.0864,102.8923,0.0000,0.0000,0.0000,0.0000,0.0000,270.0021,0.0000,0.0000,0.0000,0.0000,0.0000,0.0000,0.0000,0.0000,0.0000,1,0,0,0,0,0.0000
46.6715,185.2042,0.0864,102.8923,0.0000,0.0000,0.0000,0.0000,0.0000,270.0021,0.0000,0.0000,0.0000,0.0000,0.0000,0.0000,0.0000,0.0000,0.0000,1,0,0,0,0,0.0000
46.7279,185.2042,0.0864,102.8923,0.0000,0.0000,0.0000,0.0000,0.0000,270.0021,0.0000,0.0000,0.0000,0.0000,0.0000,0.0000,0.0000,0.0000,0.0000,1,0,0,0,0,0.0000
46.8114,185.2042,0.0864,102.8923,0.0000,0.0000,0.0000,0.0000,0.0000,270.0021,0.0000,0.0000,0.0000,0.0000,0.0000,0.0000,0.0000,0.0000,0.0000,1,0,0,0,0,0.0000
46.8663,185.2042,0.0864,102.8923,0.0000,0.0000,0.0000,0.0000,0.0000,270.0021,0.0000,0.0000,0.0000,0.0000,0.0000,0.0000,0.0000,0.0000,0.0000,1,0,0,0,0,0.0000
46.9218,185.2042,0.0864,102.8923,0.0000,0.0000,0.0000,0.0000,0.0000,270.0021,0.0000,0.0000,0.0000,0.0000,0.0000,0.0000,0.0000,0.0000,0.0000,1,0,0,0,0,0.0000
46.9770,185.2042,0.0864,102.8923,0.0000,0.0000,0.0000,0.0000,0.0000,270.0021,0.0000,0.0000,0.0000,0.0000,0.0000,0.0000,0.0000,0.0000,0.0000,1,0,0,0,0,0.0000
47.0327,185.2042,0.0864,102.8923,0.0000,0.0000,0.0000,0.0000,0.0000,270.0021,0.0000,0.0000,0.0000,0.0000,0.0000,0.0000,0.0000,0.0000,0.0000,1,0,0,0,0,0.0000
47.0895,185.2042,0.0864,102.8923,0.0000,0.0000,0.0000,0.0000,0.0000,270.0021,0.0000,0.0000,0.0000,0.0000,0.0000,0.0000,0.0000,0.0000,0.0000,1,0,0,0,0,0.0000
47.1439,185.2042,0.0864,102.8923,0.0000,0.0000,0.0000,0.0000,0.0000,270.0021,0.0000,0.0000,0.0000,0.0000,0.0000,0.0000,0.0000,0.0000,0.0000,1,0,0,0,0,0.0000
47.1997,185.2042,0.0864,102.8923,0.0000,0.0000,0.0000,0.0000,0.0000,270.0021,0.0000,0.0000,0.0000,0.0000,0.0000,0.0000,0.0000,0.0000,0.0000,1,0,0,0,0,0.0000
47.2553,185.2042,0.0864,102.8923,0.0000,0.0000,0.0000,0.0000,0.0000,270.0021,0.0000,0.0000,0.0000,0.0000,0.0000,0.0000,0.0000,0.0000,0.0000,1,0,0,0,0,0.0000
47.3107,185.2042,0.0864,102.8923,0.0000,0.0000,0.0000,0.0000,0.0000,270.0021,0.0000,0.0000,0.0000,0.0000,0.0000,0.0000,0.0000,0.0000,0.0000,1,0,0,0,0,0.0000
47.3663,185.2042,0.0864,102.8923,0.0000,0.0000,0.0000,0.0000,0.0000,270.0021,0.0000,0.0000,0.0000,0.0000,0.0000,0.0000,0.0000,0.0000,0.0000,1,0,0,0,0,0.0000
47.4217,185.2042,0.0864,102.8923,0.0000,0.0000,0.0000,0.0000,0.0000,270.0021,0.0000,0.0000,0.0000,0.0000,0.0000,0.0000,0.0000,0.0000,0.0000,1,0,0,0,0,0.0000
47.4912,185.2042,0.0864,102.8923,0.0000,0.0000,0.0000,0.0000,0.0000,270.0021,0.0000,0.0000,0.0000,0.0000,0.0000,0.0000,0.0000,0.0000,0.0000,1,0,0,0,0,0.0000
47.5626,185.2042,0.0864,102.8923,0.0000,0.0000,0.0000,0.0000,0.0000,270.0021,0.0000,0.0000,0.0000,0.0000,0.0000,0.0000,0.0000,0.0000,0.0000,1,0,0,0,0,0.0000
47.6305,185.2042,0.0864,102.8923,0.0000,0.0000,0.0000,0.0000,0.0000,270.0021,0.0000,0.0000,0.0000,0.0000,0.0000,0.0000,0.0000,0.0000,0.0000,1,0,0,0,0,0.0000
47.6877,185.2042,0.0864,102.8923,0.0000,0.0000,0.0000,0.0000,0.0000,270.0021,0.0000,0.0000,0.0000,0.0000,0.0000,0.0000,0.0000,0.0000,0.0000,1,0,0,0,0,0.0000
47.7411,185.2042,0.0864,102.8923,0.0000,0.0000,0.0000,0.0000,0.0000,270.0021,0.0000,0.0000,0.0000,0.0000,0.0000,0.0000,0.0000,0.0000,0.0000,1,0,0,0,0,0.0000
47.7968,185.2042,0.0864,102.8923,0.0000,0.0000,0.0000,0.0000,0.0000,270.0021,0.0000,0.0000,0.0000,0.0000,0.0000,0.0000,0.0000,0.0000,0.0000,1,0,0,0,0,0.0000
47.8634,185.2042,0.0864,102.8923,0.0000,0.0000,0.0000,0.0000,0.0000,270.0021,0.0000,0.0000,0.0000,0.0000,0.0000,0.0000,0.0000,0.0000,0.0000,1,0,0,0,0,0.0000
47.9153,185.2042,0.0864,102.8923,0.0000,0.0000,0.0000,0.0000,0.0000,270.0021,0.0000,0.0000,0.0000,0.0000,0.0000,0.0000,0.0000,0.0000,0.0000,1,0,0,0,0,0.0000
47.9717,185.2042,0.0864,102.8923,0.0000,0.0000,0.0000,0.0000,0.0000,270.0021,0.0000,0.0000,0.0000,0.0000,0.0000,0.0000,0.0000,0.0000,0.0000,1,0,0,0,0,0.0000
48.0418,185.2042,0.0864,102.8923,0.0000,0.0000,0.0000,0.0000,0.0000,270.0021,0.0000,0.0000,0.0000,0.0000,0.0000,0.0000,0.0000,0.0000,0.0000,1,0,0,0,0,0.0000
48.0967,185.2042,0.0864,102.8923,0.0000,0.0000,0.0000,0.0000,0.0000,270.0021,0.0000,0.0000,0.0000,0.0000,0.0000,0.0000,0.0000,0.0000,0.0000,1,0,0,0,0,0.0000
48.1514,185.2042,0.0864,102.8923,0.0000,0.0000,0.0000,0.0000,0.0000,270.0021,0.0000,0.0000,0.0000,0.0000,0.0000,0.0000,0.0000,0.0000,0.0000,1,0,0,0,0,0.0000
48.2078,185.2042,0.0864,102.8923,0.0000,0.0000,0.0000,0.0000,0.0000,270.0021,0.0000,0.0000,0.0000,0.0000,0.0000,0.0000,0.0000,0.0000,0.0000,1,0,0,0,0,0.0000
48.2614,185.2042,0.0864,102.8923,0.0000,0.0000,0.0000,0.0000,0.0000,270.0021,0.0000,0.0000,0.0000,0.0000,0.0000,0.0000,0.0000,0.0000,0.0000,1,0,0,0,0,0.0000
48.3187,185.2042,0.0864,102.8923,0.0000,0.0000,0.0000,0.0000,0.0000,270.0021,0.0000,0.0000,0.0000,0.0000,0.0000,0.0000,0.0000,0.0000,0.0000,1,0,0,0,0,0.0000
48.3721,185.2042,0.0864,102.8923,0.0000,0.0000,0.0000,0.0000,0.0000,270.0021,0.0000,0.0000,0.0000,0.0000,0.0000,0.0000,0.0000,0.0000,0.0000,1,0,0,0,0,0.0000
48.4475,185.2042,0.0864,102.8923,0.0000,0.0000,0.0000,0.0000,0.0000,270.0021,0.0000,0.0000,0.0000,0.0000,0.0000,0.0000,0.0000,0.0000,0.0000,1,0,0,0,0,0.0000
48.4993,185.2042,0.0864,102.8923,0.0000,0.0000,0.0000,0.0000,0.0000,270.0021,0.0000,0.0000,0.0000,0.0000,0.0000,0.0000,0.0000,0.0000,0.0000,1,0,0,0,0,0.0000
48.5583,185.2042,0.0864,102.8923,0.0000,0.0000,0.0000,0.0000,0.0000,270.0021,0.0000,0.0000,0.0000,0.0000,0.0000,0.0000,0.0000,0.0000,0.0000,1,0,0,0,0,0.0000
48.6109,185.2042,0.0864,102.8923,0.0000,0.0000,0.0000,0.0000,0.0000,270.0021,0.0000,0.0000,0.0000,0.0000,0.0000,0.0000,0.0000,0.0000,0.0000,1,0,0,0,0,0.0000
48.6665,185.2042,0.0864,102.8923,0.0000,0.0000,0.0000,0.0000,0.0000,270.0021,0.0000,0.0000,0.0000,0.0000,0.0000,0.0000,0.0000,0.0000,0.0000,1,0,0,0,0,0.0000
48.7218,185.2042,0.0864,102.8923,0.0000,0.0000,0.0000,0.0000,0.0000,270.0021,0.0000,0.0000,0.0000,0.0000,0.0000,0.0000,0.0000,0.0000,0.0000,1,0,0,0,0,0.0000
48.7776,185.2042,0.0864,102.8923,0.0000,0.0000,0.0000,0.0000,0.0000,270.0021,0.0000,0.0000,0.0000,0.0000,0.0000,0.0000,0.0000,0.0000,0.0000,1,0,0,0,0,0.0000
48.8311,185.2042,0.0864,102.8923,0.0000,0.0000,0.0000,0.0000,0.0000,270.0021,0.0000,0.0000,0.0000,0.0000,0.0000,0.0000,0.0000,0.0000,0.0000,1,0,0,0,0,0.0000
48.8861,185.2042,0.0864,102.8923,0.0000,0.0000,0.0000,0.0000,0.0000,270.0021,0.0000,0.0000,0.0000,0.0000,0.0000,0.0000,0.0000,0.0000,0.0000,1,0,0,0,0,0.0000
48.9412,185.2042,0.0864,102.8923,0.0000,0.0000,0.0000,0.0000,0.0000,270.0021,0.0000,0.0000,0.0000,0.0000,0.0000,0.0000,0.0000,0.0000,0.0000,1,0,0,0,0,0.0000
49.0268,185.2042,0.0864,102.8923,0.0000,0.0000,0.0000,0.0000,0.0000,270.0021,0.0000,0.0000,0.0000,0.0000,0.0000,0.0000,0.0000,0.0000,0.0000,1,0,0,0,0,0.0000
49.0832,185.2042,0.0864,102.8923,0.0000,0.0000,0.0000,0.0000,0.0000,270.0021,0.0000,0.0000,0.0000,0.0000,0.0000,0.0000,0.0000,0.0000,0.0000,1,0,0,0,0,0.0000
49.1391,185.2042,0.0864,102.8923,0.0000,0.0000,0.0000,0.0000,0.0000,270.0021,0.0000,0.0000,0.0000,0.0000,0.0000,0.0000,0.0000,0.0000,0.0000,1,0,0,0,0,0.0000
49.2134,185.2042,0.0864,102.8923,0.0000,0.0000,0.0000,0.0000,0.0000,270.0021,0.0000,0.0000,0.0000,0.0000,0.0000,0.0000,0.0000,0.0000,0.0000,1,0,0,0,0,0.0000
49.2908,185.2042,0.0864,102.8923,0.0000,0.0000,0.0000,0.0000,0.0000,270.0021,0.0000,0.0000,0.0000,0.0000,0.0000,0.0000,0.0000,0.0000,0.0000,1,0,0,0,0,0.0000
49.3542,185.2042,0.0864,102.8923,0.0000,0.0000,0.0000,0.0000,0.0000,270.0021,0.0000,0.0000,0.0000,0.0000,0.0000,0.0000,0.0000,0.0000,0.0000,1,0,0,0,0,0.0000
49.4154,185.2042,0.0864,102.8923,0.0000,0.0000,0.0000,0.0000,0.0000,270.0021,0.0000,0.0000,0.0000,0.0000,0.0000,0.0000,0.0000,0.0000,0.0000,1,0,0,0,0,0.0000
49.4732,185.2042,0.0864,102.8923,0.0000,0.0000,0.0000,0.0000,0.0000,270.0021,0.0000,0.0000,0.0000,0.0000,0.0000,0.0000,0.0000,0.0000,0.0000,1,0,0,0,0,0.0000
49.5288,185.2042,0.0864,102.8923,0.0000,0.0000,0.0000,0.0000,0.0000,270.0021,0.0000,0.0000,0.0000,0.0000,0.0000,0.0000,0.0000,0.0000,0.0000,1,0,0,0,0,0.0000
49.5832,185.2042,0.0864,102.8923,0.0000,0.0000,0.0000,0.0000,0.0000,270.0021,0.0000,0.0000,0.0000,0.0000,0.0000,0.0000,0.0000,0.0000,0.0000,1,0,0,0,0,0.0000
49.6390,185.2042,0.0864,102.8923,0.0000,0.0000,0.0000,0.0000,0.0000,270.0021,0.0000,0.0000,0.0000,0.0000,0.0000,0.0000,0.0000,0.0000,0.0000,1,0,0,0,0,0.0000
49.6938,185.2042,0.0864,102.8923,0.0000,0.0000,0.0000,0.0000,0.0000,270.0021,0.0000,0.0000,0.0000,0.0000,0.0000,0.0000,0.0000,0.0000,0.0000,1,0,0,0,0,0.0000
49.7545,185.2042,0.0864,102.8923,0.0000,0.0000,0.0000,0.0000,0.0000,270.0021,0.0000,0.0000,0.0000,0.0000,0.0000,0.0000,0.0000,0.0000,0.0000,1,0,0,0,0,0.0000
49.8193,185.2042,0.0864,102.8923,0.0000,0.0000,0.0000,0.0000,0.0000,270.0021,0.0000,0.0000,0.0000,0.0000,0.0000,0.0000,0.0000,0.0000,0.0000,1,0,0,0,0,0.0000
49.8751,185.2042,0.0864,102.8923,0.0000,0.0000,0.0000,0.0000,0.0000,270.0021,0.0000,0.0000,0.0000,0.0000,0.0000,0.0000,0.0000,0.0000,0.0000,1,0,0,0,0,0.0000
49.9301,185.2042,0.0864,102.8923,0.0000,0.0000,0.0000,0.0000,0.0000,270.0021,0.0000,0.0000,0.0000,0.0000,0.0000,0.0000,0.0000,0.0000,0.0000,1,0,0,0,0,0.0000
49.9908,185.2042,0.0864,102.8923,0.0000,0.0000,0.0000,0.0000,0.0000,270.0021,0.0000,0.0000,0.0000,0.0000,0.0000,0.0000,0.0000,0.0000,0.0000,1,0,0,0,0,0.0000
50.0853,185.2042,0.0864,102.8923,0.0000,0.0000,0.0000,0.0000,0.0000,270.0021,0.0000,0.0000,0.0000,0.0000,0.0000,0.0000,0.0000,0.0000,0.0000,1,0,0,0,0,0.0000
50.1354,185.2042,0.0864,102.8923,0.0000,0.0000,0.0000,0.0000,0.0000,270.0021,0.0000,0.0000,0.0000,0.0000,0.0000,0.0000,0.0000,0.0000,0.0000,1,0,0,0,0,0.0000
50.1987,185.2042,0.0864,102.8923,0.0000,0.0000,0.0000,0.0000,0.0000,270.0021,0.0000,0.0000,0.0000,0.0000,0.0000,0.0000,0.0000,0.0000,0.0000,1,0,0,0,0,0.0000
50.2725,185.2042,0.0864,102.8923,0.0000,0.0000,0.0000,0.0000,0.0000,270.0021,0.0000,0.0000,0.0000,0.0000,0.0000,0.0000,0.0000,0.0000,0.0000,1,0,0,0,0,0.0000
50.3299,185.2042,0.0864,102.8923,0.0000,0.0000,0.0000,0.0000,0.0000,270.0021,0.0000,0.0000,0.0000,0.0000,0.0000,0.0000,0.0000,0.0000,0.0000,1,0,0,0,0,0.0000
50.3868,185.2042,0.0864,102.8923,0.0000,0.0000,0.0000,0.0000,0.0000,270.0021,0.0000,0.0000,0.0000,0.0000,0.0000,0.0000,0.0000,0.0000,0.0000,1,0,0,0,0,0.0000
50.4566,185.2042,0.0864,102.8923,0.0000,0.0000,0.0000,0.0000,0.0000,270.0021,0.0000,0.0000,0.0000,0.0000,0.0000,0.0000,0.0000,0.0000,0.0000,1,0,0,0,0,0.0000
50.5264,185.2042,0.0864,102.8923,0.0000,0.0000,0.0000,0.0000,0.0000,270.0021,0.0000,0.0000,0.0000,0.0000,0.0000,0.0000,0.0000,0.0000,0.0000,1,0,0,0,0,0.0000
50.5821,185.2042,0.0864,102.8923,0.0000,0.0000,0.0000,0.0000,0.0000,270.0021,0.0000,0.0000,0.0000,0.0000,0.0000,0.0000,0.0000,0.0000,0.0000,1,0,0,0,0,0.0000
50.6504,185.2042,0.0864,102.8923,0.0000,0.0000,0.0000,0.0000,0.0000,270.0021,0.0000,0.0000,0.0000,0.0000,0.0000,0.0000,0.0000,0.0000,0.0000,1,0,0,0,0,0.0000
50.7091,185.2042,0.0864,102.8923,0.0000,0.0000,0.0000,0.0000,0.0000,270.0021,0.0000,0.0000,0.0000,0.0000,0.0000,0.0000,0.0000,0.0000,0.0000,1,0,0,0,0,0.0000
50.7632,185.2042,0.0864,102.8923,0.0000,0.0000,0.0000,0.0000,0.0000,270.0021,0.0000,0.0000,0.0000,0.0000,0.0000,0.0000,0.0000,0.0000,0.0000,1,0,0,0,0,0.0000
50.8151,185.2042,0.0864,102.8923,0.0000,0.0000,0.0000,0.0000,0.0000,270.0021,0.0000,0.0000,0.0000,0.0000,0.0000,0.0000,0.0000,0.0000,0.0000,1,0,0,0,0,0.0000
50.8698,185.2042,0.0864,102.8923,0.0000,0.0000,0.0000,0.0000,0.0000,270.0021,0.0000,0.0000,0.0000,0.0000,0.0000,0.0000,0.0000,0.0000,0.0000,1,0,0,0,0,0.0000
50.9258,185.2042,0.0864,102.8923,0.0000,0.0000,0.0000,0.0000,0.0000,270.0021,0.0000,0.0000,0.0000,0.0000,0.0000,0.0000,0.0000,0.0000,0.0000,1,0,0,0,0,0.0000
50.9880,185.2042,0.0864,102.8923,0.0000,0.0000,0.0000,0.0000,0.0000,270.0021,0.0000,0.0000,0.0000,0.0000,0.0000,0.0000,0.0000,0.0000,0.0000,1,0,0,0,0,0.0000
51.0678,185.2042,0.0864,102.8923,0.0000,0.0000,0.0000,0.0000,0.0000,270.0021,0.0000,0.0000,0.0000,0.0000,0.0000,0.0000,0.0000,0.0000,0.0000,1,0,0,0,0,0.0000
51.1297,185.2042,0.0864,102.8923,0.0000,0.0000,0.0000,0.0000,0.0000,270.0021,0.0000,0.0000,0.0000,0.0000,0.0000,0.0000,0.0000,0.0000,0.0000,1,0,0,0,0,0.0000
51.2084,185.2042,0.0864,102.8923,0.0000,0.0000,0.0000,0.0000,0.0000,270.0021,0.0000,0.0000,0.0000,0.0000,0.0000,0.0000,0.0000,0.0000,0.0000,1,0,0,0,0,0.0000
51.2620,185.2042,0.0864,102.8923,0.0000,0.0000,0.0000,0.0000,0.0000,270.0021,0.0000,0.0000,0.0000,0.0000,0.0000,0.0000,0.0000,0.0000,0.0000,1,0,0,0,0,0.0000
51.3181,185.2042,0.0864,102.8923,0.0000,0.0000,0.0000,0.0000,0.0000,270.0021,0.0000,0.0000,0.0000,0.0000,0.0000,0.0000,0.0000,0.0000,0.0000,1,0,0,0,0,0.0000
51.3713,185.2042,0.0864,102.8923,0.0000,0.0000,0.0000,0.0000,0.0000,270.0021,0.0000,0.0000,0.0000,0.0000,0.0000,0.0000,0.0000,0.0000,0.0000,1,0,0,0,0,0.0000
51.4314,185.2042,0.0864,102.8923,0.0000,0.0000,0.0000,0.0000,0.0000,270.0021,0.0000,0.0000,0.0000,0.0000,0.0000,0.0000,0.0000,0.0000,0.0000,1,0,0,0,0,0.0000
51.4841,185.2042,0.0864,102.8923,0.0000,0.0000,0.0000,0.0000,0.0000,270.0021,0.0000,0.0000,0.0000,0.0000,0.0000,0.0000,0.0000,0.0000,0.0000,1,0,0,0,0,0.0000
51.5396,185.2042,0.0864,102.8923,0.0000,0.0000,0.0000,0.0000,0.0000,270.0021,0.0000,0.0000,0.0000,0.0000,0.0000,0.0000,0.0000,0.0000,0.0000,1,0,0,0,0,0.0000
51.5918,185.2042,0.0864,102.8923,0.0000,0.0000,0.0000,0.0000,0.0000,270.0021,0.0000,0.0000,0.0000,0.0000,0.0000,0.0000,0.0000,0.0000,0.0000,1,0,0,0,0,0.0000
51.6491,185.2042,0.0864,102.8923,0.0000,0.0000,0.0000,0.0000,0.0000,270.0021,0.0000,0.0000,0.0000,0.0000,0.0000,0.0000,0.0000,0.0000,0.0000,1,0,0,0,0,0.0000
51.7190,185.2042,0.0864,102.8923,0.0000,0.0000,0.0000,0.0000,0.0000,270.0021,0.0000,0.0000,0.0000,0.0000,0.0000,0.0000,0.0000,0.0000,0.0000,1,0,0,0,0,0.0000
51.7764,185.2042,0.0864,102.8923,0.0000,0.0000,0.0000,0.0000,0.0000,270.0021,0.0000,0.0000,0.0000,0.0000,0.0000,0.0000,0.0000,0.0000,0.0000,1,0,0,0,0,0.0000
51.8307,185.2042,0.0864,102.8923,0.0000,0.0000,0.0000,0.0000,0.0000,270.0021,0.0000,0.0000,0.0000,0.0000,0.0000,0.0000,0.0000,0.0000,0.0000,1,0,0,0,0,0.0000
51.8886,185.2042,0.0864,102.8923,0.0000,0.0000,0.0000,0.0000,0.0000,270.0021,0.0000,0.0000,0.0000,0.0000,0.0000,0.0000,0.0000,0.0000,0.0000,1,0,0,0,0,0.0000
51.9410,185.2042,0.0864,102.8923,0.0000,0.0000,0.0000,0.0000,0.0000,270.0021,0.0000,0.0000,0.0000,0.0000,0.0000,0.0000,0.0000,0.0000,0.0000,1,0,0,0,0,0.0000
51.9969,185.2042,0.0864,102.8923,0.0000,0.0000,0.0000,0.0000,0.0000,270.0021,0.0000,0.0000,0.0000,0.0000,0.0000,0.0000,0.0000,0.0000,0.0000,1,0,0,0,0,0.0000
52.0492,185.2042,0.0864,102.8923,0.0000,0.0000,0.0000,0.0000,0.0000,270.0021,0.0000,0.0000,0.0000,0.0000,0.0000,0.0000,0.0000,0.0000,0.0000,1,0,0,0,0,0.0000
52.1059,185.2042,0.0864,102.8923,0.0000,0.0000,0.0000,0.0000,0.0000,270.0021,0.0000,0.0000,0.0000,0.0000,0.0000,0.0000,0.0000,0.0000,0.0000,1,0,0,0,0,0.0000
52.1613,185.2042,0.0864,102.8923,0.0000,0.0000,0.0000,0.0000,0.0000,270.0021,0.0000,0.0000,0.0000,0.0000,0.0000,0.0000,0.0000,0.0000,0.0000,1,0,0,0,0,0.0000
52.2337,185.2042,0.0864,102.8923,0.0000,0.0000,0.0000,0.0000,0.0000,270.0021,0.0000,0.0000,0.0000,0.0000,0.0000,0.0000,0.0000,0.0000,0.0000,1,0,0,0,0,0.0000
52.3073,185.2042,0.0864,102.8923,0.0000,0.0000,0.0000,0.0000,0.0000,270.0021,0.0000,0.0000,0.0000,0.0000,0.0000,0.0000,0.0000,0.0000,0.0000,1,0,0,0,0,0.0000
52.3635,185.2042,0.0864,102.8923,0.0000,0.0000,0.0000,0.0000,0.0000,270.0021,0.0000,0.0000,0.0000,0.0000,0.0000,0.0000,0.0000,0.0000,0.0000,1,0,0,0,0,0.0000
52.4258,185.2042,0.0864,102.8923,0.0000,0.0000,0.0000,0.0000,0.0000,270.0021,0.0000,0.0000,0.0000,0.0000,0.0000,0.0000,0.0000,0.0000,0.0000,1,0,0,0,0,0.0000
52.4812,185.2042,0.0864,102.8923,0.0000,0.0000,0.0000,0.0000,0.0000,270.0021,0.0000,0.0000,0.0000,0.0000,0.0000,0.0000,0.0000,0.0000,0.0000,1,0,0,0,0,0.0000
52.5371,185.2042,0.0864,102.8923,0.0000,0.0000,0.0000,0.0000,0.0000,270.0021,0.0000,0.0000,0.0000,0.0000,0.0000,0.0000,0.0000,0.0000,0.0000,1,0,0,0,0,0.0000
52.5934,185.2042,0.0864,102.8923,0.0000,0.0000,0.0000,0.0000,0.0000,270.0021,0.0000,0.0000,0.0000,0.0000,0.0000,0.0000,0.0000,0.0000,0.0000,1,0,0,0,0,0.0000
52.6475,185.2042,0.0864,102.8923,0.0000,0.0000,0.0000,0.0000,0.0000,270.0021,0.0000,0.0000,0.0000,0.0000,0.0000,0.0000,0.0000,0.0000,0.0000,1,0,0,0,0,0.0000
52.7040,185.2042,0.0864,102.8923,0.0000,0.0000,0.0000,0.0000,0.0000,270.0021,0.0000,0.0000,0.0000,0.0000,0.0000,0.0000,0.0000,0.0000,0.0000,1,0,0,0,0,0.0000
52.7575,185.2042,0.0864,102.8923,0.0000,0.0000,0.0000,0.0000,0.0000,270.0021,0.0000,0.0000,0.0000,0.0000,0.0000,0.0000,0.0000,0.0000,0.0000,1,0,0,0,0,0.0000
52.8281,185.2042,0.0864,102.8923,0.0000,0.0000,0.0000,0.0000,0.0000,270.0021,0.0000,0.0000,0.0000,0.0000,0.0000,0.0000,0.0000,0.0000,0.0000,1,0,0,0,0,0.0000
52.8853,185.2042,0.0864,102.8923,0.0000,0.0000,0.0000,0.0000,0.0000,270.0021,0.0000,0.0000,0.0000,0.0000,0.0000,0.0000,0.0000,0.0000,0.0000,1,0,0,0,0,0.0000
52.9414,185.2042,0.0864,102.8923,0.0000,0.0000,0.0000,0.0000,0.0000,270.0021,0.0000,0.0000,0.0000,0.0000,0.0000,0.0000,0.0000,0.0000,0.0000,1,0,0,0,0,0.0000
52.9933,185.2042,0.0864,102.8923,0.0000,0.0000,0.0000,0.0000,0.0000,270.0021,0.0000,0.0000,0.0000,0.0000,0.0000,0.0000,0.0000,0.0000,0.0000,1,0,0,0,0,0.0000
53.0514,185.2042,0.0864,102.8923,0.0000,0.0000,0.0000,0.0000,0.0000,270.0021,0.0000,0.0000,0.0000,0.0000,0.0000,0.0000,0.0000,0.0000,0.0000,1,0,0,0,0,0.0000
53.1094,185.2042,0.0864,102.8923,0.0000,0.0000,0.0000,0.0000,0.0000,270.0021,0.0000,0.0000,0.0000,0.0000,0.0000,0.0000,0.0000,0.0000,0.0000,1,0,0,0,0,0.0000
53.1652,185.2042,0.0864,102.8923,0.0000,0.0000,0.0000,0.0000,0.0000,270.0021,0.0000,0.0000,0.0000,0.0000,0.0000,0.0000,0.0000,0.0000,0.0000,1,0,0,0,0,0.0000
53.2180,185.2042,0.0864,102.8923,0.0000,0.0000,0.0000,0.0000,0.0000,270.0021,0.0000,0.0000,0.0000,0.0000,0.0000,0.0000,0.0000,0.0000,0.0000,1,0,0,0,0,0.0000
53.2748,185.2042,0.0864,102.8923,0.0000,0.0000,0.0000,0.0000,0.0000,270.0021,0.0000,0.0000,0.0000,0.0000,0.0000,0.0000,0.0000,0.0000,0.0000,1,0,0,0,0,0.0000
53.3307,185.2042,0.0864,102.8923,0.0000,0.0000,0.0000,0.0000,0.0000,270.0021,0.0000,0.0000,0.0000,0.0000,0.0000,0.0000,0.0000,0.0000,0.0000,1,0,0,0,0,0.0000
53.3988,185.2042,0.0864,102.8923,0.0000,0.0000,0.0000,0.0000,0.0000,270.0021,0.0000,0.0000,0.0000,0.0000,0.0000,0.0000,0.0000,0.0000,0.0000,1,0,0,0,0,0.0000
53.4580,185.2042,0.0864,102.8923,0.0000,0.0000,0.0000,0.0000,0.0000,270.0021,0.0000,0.0000,0.0000,0.0000,0.0000,0.0000,0.0000,0.0000,0.0000,1,0,0,0,0,0.0000
53.5151,185.2042,0.0864,102.8923,0.0000,0.0000,0.0000,0.0000,0.0000,270.0021,0.0000,0.0000,0.0000,0.0000,0.0000,0.0000,0.0000,0.0000,0.0000,1,0,0,0,0,0.0000
53.5920,185.2042,0.0864,102.8923,0.0000,0.0000,0.0000,0.0000,0.0000,270.0021,0.0000,0.0000,0.0000,0.0000,0.0000,0.0000,0.0000,0.0000,0.0000,1,0,0,0,0,0.0000
53.6518,185.2042,0.0864,102.8923,0.0000,0.0000,0.0000,0.0000,0.0000,270.0021,0.0000,0.0000,0.0000,0.0000,0.0000,0.0000,0.0000,0.0000,0.0000,1,0,0,0,0,0.0000
53.7026,185.2042,0.0864,102.8923,0.0000,0.0000,0.0000,0.0000,0.0000,270.0021,0.0000,0.0000,0.0000,0.0000,0.0000,0.0000,0.0000,0.0000,0.0000,1,0,0,0,0,0.0000
53.7584,185.2042,0.0864,102.8923,0.0000,0.0000,0.0000,0.0000,0.0000,270.0021,0.0000,0.0000,0.0000,0.0000,0.0000,0.0000,0.0000,0.0000,0.0000,1,0,0,0,0,0.0000
53.8142,185.2042,0.0864,102.8923,0.0000,0.0000,0.0000,0.0000,0.0000,270.0021,0.0000,0.0000,0.0000,0.0000,0.0000,0.0000,0.0000,0.0000,0.0000,1,0,0,0,0,0.0000
53.8721,185.2042,0.0864,102.8923,0.0000,0.0000,0.0000,0.0000,0.0000,270.0021,0.0000,0.0000,0.0000,0.0000,0.0000,0.0000,0.0000,0.0000,0.0000,1,0,0,0,0,0.0000
53.9382,185.2042,0.0864,102.8923,0.0000,0.0000,0.0000,0.0000,0.0000,270.0021,0.0000,0.0000,0.0000,0.0000,0.0000,0.0000,0.0000,0.0000,0.0000,1,0,0,0,0,0.0000
53.9951,185.2042,0.0864,102.8923,0.0000,0.0000,0.0000,0.0000,0.0000,270.0021,0.0000,0.0000,0.0000,0.0000,0.0000,0.0000,0.0000,0.0000,0.0000,1,0,0,0,0,0.0000
54.0567,185.2042,0.0864,102.8923,0.0000,0.0000,0.0000,0.0000,0.0000,270.0021,0.0000,0.0000,0.0000,0.0000,0.0000,0.0000,0.0000,0.0000,0.0000,1,0,0,0,0,0.0000
54.1195,185.2042,0.0864,102.8923,0.0000,0.0000,0.0000,0.0000,0.0000,270.0021,0.0000,0.0000,0.0000,0.0000,0.0000,0.0000,0.0000,0.0000,0.0000,1,0,0,0,0,0.0000
54.1769,185.2042,0.0864,102.8923,0.0000,0.0000,0.0000,0.0000,0.0000,270.0021,0.0000,0.0000,0.0000,0.0000,0.0000,0.0000,0.0000,0.0000,0.0000,1,0,0,0,0,0.0000
54.2302,185.2042,0.0864,102.8923,0.0000,0.0000,0.0000,0.0000,0.0000,270.0021,0.0000,0.0000,0.0000,0.0000,0.0000,0.0000,0.0000,0.0000,0.0000,1,0,0,0,0,0.0000
54.2868,185.2042,0.0864,102.8923,0.0000,0.0000,0.0000,0.0000,0.0000,270.0021,0.0000,0.0000,0.0000,0.0000,0.0000,0.0000,0.0000,0.0000,0.0000,1,0,0,0,0,0.0000
54.3411,185.2042,0.0864,102.8923,0.0000,0.0000,0.0000,0.0000,0.0000,270.0021,0.0000,0.0000,0.0000,0.0000,0.0000,0.0000,0.0000,0.0000,0.0000,1,0,0,0,0,0.0000
54.3981,185.2042,0.0864,102.8923,0.0000,0.0000,0.0000,0.0000,0.0000,270.0021,0.0000,0.0000,0.0000,0.0000,0.0000,0.0000,0.0000,0.0000,0.0000,1,0,0,0,0,0.0000
54.4813,185.2042,0.0864,102.8923,0.0000,0.0000,0.0000,0.0000,0.0000,270.0021,0.0000,0.0000,0.0000,0.0000,0.0000,0.0000,0.0000,0.0000,0.0000,1,0,0,0,0,0.0000
54.5383,185.2042,0.0864,102.8923,0.0000,0.0000,0.0000,0.0000,0.0000,270.0021,0.0000,0.0000,0.0000,0.0000,0.0000,0.0000,0.0000,0.0000,0.0000,1,0,0,0,0,0.0000
54.5914,185.2042,0.0864,102.8923,0.0000,0.0000,0.0000,0.0000,0.0000,270.0021,0.0000,0.0000,0.0000,0.0000,0.0000,0.0000,0.0000,0.0000,0.0000,1,0,0,0,0,0.0000
54.6492,185.2042,0.0864,102.8923,0.0000,0.0000,0.0000,0.0000,0.0000,270.0021,0.0000,0.0000,0.0000,0.0000,0.0000,0.0000,0.0000,0.0000,0.0000,1,0,0,0,0,0.0000
54.7093,185.2042,0.0864,102.8923,0.0000,0.0000,0.0000,0.0000,0.0000,270.0021,0.0000,0.0000,0.0000,0.0000,0.0000,0.0000,0.0000,0.0000,0.0000,1,0,0,0,0,0.0000
54.7726,185.2042,0.0864,102.8923,0.0000,0.0000,0.0000,0.0000,0.0000,270.0021,0.0000,0.0000,0.0000,0.0000,0.0000,0.0000,0.0000,0.0000,0.0000,1,0,0,0,0,0.0000
54.8311,185.2042,0.0864,102.8923,0.0000,0.0000,0.0000,0.0000,0.0000,270.0021,0.0000,0.0000,0.0000,0.0000,0.0000,0.0000,0.0000,0.0000,0.0000,1,0,0,0,0,0.0000
54.8870,185.2042,0.0864,102.8923,0.0000,0.0000,0.0000,0.0000,0.0000,270.0021,0.0000,0.0000,0.0000,0.0000,0.0000,0.0000,0.0000,0.0000,0.0000,1,0,0,0,0,0.0000
54.9411,185.2042,0.0864,102.8923,0.0000,0.0000,0.0000,0.0000,0.0000,270.0021,0.0000,0.0000,0.0000,0.0000,0.0000,0.0000,0.0000,0.0000,0.0000,1,0,0,0,0,0.0000
55.0081,185.2042,0.0864,102.8923,0.0000,0.0000,0.0000,0.0000,0.0000,270.0021,0.0000,0.0000,0.0000,0.0000,0.0000,0.0000,0.0000,0.0000,0.0000,1,0,0,0,0,0.0000
55.0628,185.2042,0.0864,102.8923,0.0000,0.0000,0.0000,0.0000,0.0000,270.0021,0.0000,0.0000,0.0000,0.0000,0.0000,0.0000,0.0000,0.0000,0.0000,1,0,0,0,0,0.0000
55.1208,185.2042,0.0864,102.8923,0.0000,0.0000,0.0000,0.0000,0.0000,270.0021,0.0000,0.0000,0.0000,0.0000,0.0000,0.0000,0.0000,0.0000,0.0000,1,0,0,0,0,0.0000
55.1757,185.2042,0.0864,102.8923,0.0000,0.0000,0.0000,0.0000,0.0000,270.0021,0.0000,0.0000,0.0000,0.0000,0.0000,0.0000,0.0000,0.0000,0.0000,1,0,0,0,0,0.0000
55.2325,185.2042,0.0864,102.8923,0.0000,0.0000,0.0000,0.0000,0.0000,270.0021,0.0000,0.0000,0.0000,0.0000,0.0000,0.0000,0.0000,0.0000,0.0000,1,0,0,0,0,0.0000
55.2876,185.2042,0.0864,102.8923,0.0000,0.0000,0.0000,0.0000,0.0000,270.0021,0.0000,0.0000,0.0000,0.0000,0.0000,0.0000,0.0000,0.0000,0.0000,1,0,0,0,0,0.0000
55.3467,185.2042,0.0864,102.8923,0.0000,0.0000,0.0000,0.0000,0.0000,270.0021,0.0000,0.0000,0.0000,0.0000,0.0000,0.0000,0.0000,0.0000,0.0000,1,0,0,0,0,0.0000
55.3978,185.2042,0.0864,102.8923,0.0000,0.0000,0.0000,0.0000,0.0000,270.0021,0.0000,0.0000,0.0000,0.0000,0.0000,0.0000,0.0000,0.0000,0.0000,1,0,0,0,0,0.0000
55.4532,185.2042,0.0864,102.8923,0.0000,0.0000,0.0000,0.0000,0.0000,270.0021,0.0000,0.0000,0.0000,0.0000,0.0000,0.0000,0.0000,0.0000,0.0000,1,0,0,0,0,0.0000
55.5185,185.2042,0.0864,102.8923,0.0000,0.0000,0.0000,0.0000,0.0000,270.0021,0.0000,0.0000,0.0000,0.0000,0.0000,0.0000,0.0000,0.0000,0.0000,1,0,0,0,0,0.0000
55.5925,185.2042,0.0864,102.8923,0.0000,0.0000,0.0000,0.0000,0.0000,270.0021,0.0000,0.0000,0.0000,0.0000,0.0000,0.0000,0.0000,0.0000,0.0000,1,0,0,0,0,0.0000
55.6500,185.2042,0.0864,102.8923,0.0000,0.0000,0.0000,0.0000,0.0000,270.0021,0.0000,0.0000,0.0000,0.0000,0.0000,0.0000,0.0000,0.0000,0.0000,1,0,0,0,0,0.0000
55.7053,185.2042,0.0864,102.8923,0.0000,0.0000,0.0000,0.0000,0.0000,270.0021,0.0000,0.0000,0.0000,0.0000,0.0000,0.0000,0.0000,0.0000,0.0000,1,0,0,0,0,0.0000
55.7613,185.2042,0.0864,102.8923,0.0000,0.0000,0.0000,0.0000,0.0000,270.0021,0.0000,0.0000,0.0000,0.0000,0.0000,0.0000,0.0000,0.0000,0.0000,1,0,0,0,0,0.0000
55.8154,185.2042,0.0864,102.8923,0.0000,0.0000,0.0000,0.0000,0.0000,270.0021,0.0000,0.0000,0.0000,0.0000,0.0000,0.0000,0.0000,0.0000,0.0000,1,0,0,0,0,0.0000
55.8728,185.2042,0.0864,102.8923,0.0000,0.0000,0.0000,0.0000,0.0000,270.0021,0.0000,0.0000,0.0000,0.0000,0.0000,0.0000,0.0000,0.0000,0.0000,1,0,0,0,0,0.0000
55.9255,185.2042,0.0864,102.8923,0.0000,0.0000,0.0000,0.0000,0.0000,270.0021,0.0000,0.0000,0.0000,0.0000,0.0000,0.0000,0.0000,0.0000,0.0000,1,0,0,0,0,0.0000
55.9829,185.2042,0.0864,102.8923,0.0000,0.0000,0.0000,0.0000,0.0000,270.0021,0.0000,0.0000,0.0000,0.0000,0.0000,0.0000,0.0000,0.0000,0.0000,1,0,0,0,0,0.0000
56.0366,185.2042,0.0864,102.8923,0.0000,0.0000,0.0000,0.0000,0.0000,270.0021,0.0000,0.0000,0.0000,0.0000,0.0000,0.0000,0.0000,0.0000,0.0000,1,0,0,0,0,0.0000
56.1084,185.2042,0.0864,102.8923,0.0000,0.0000,0.0000,0.0000,0.0000,270.0021,0.0000,0.0000,0.0000,0.0000,0.0000,0.0000,0.0000,0.0000,0.0000,1,0,0,0,0,0.0000
56.1618,185.2042,0.0864,102.8923,0.0000,0.0000,0.0000,0.0000,0.0000,270.0021,0.0000,0.0000,0.0000,0.0000,0.0000,0.0000,0.0000,0.0000,0.0000,1,0,0,0,0,0.0000
56.2172,185.2042,0.0864,102.8923,0.0000,0.0000,0.0000,0.0000,0.0000,270.0021,0.0000,0.0000,0.0000,0.0000,0.0000,0.0000,0.0000,0.0000,0.0000,1,0,0,0,0,0.0000
56.2754,185.2042,0.0864,102.8923,0.0000,0.0000,0.0000,0.0000,0.0000,270.0021,0.0000,0.0000,0.0000,0.0000,0.0000,0.0000,0.0000,0.0000,0.0000,1,0,0,0,0,0.0000
56.3287,185.2042,0.0864,102.8923,0.0000,0.0000,0.0000,0.0000,0.0000,270.0021,0.0000,0.0000,0.0000,0.0000,0.0000,0.0000,0.0000,0.0000,0.0000,1,0,0,0,0,0.0000
56.3841,185.2042,0.0864,102.8923,0.0000,0.0000,0.0000,0.0000,0.0000,270.0021,0.0000,0.0000,0.0000,0.0000,0.0000,0.0000,0.0000,0.0000,0.0000,1,0,0,0,0,0.0000
56.4413,185.2042,0.0864,102.8923,0.0000,0.0000,0.0000,0.0000,0.0000,270.0021,0.0000,0.0000,0.0000,0.0000,0.0000,0.0000,0.0000,0.0000,0.0000,1,0,0,0,0,0.0000
56.4965,185.2042,0.0864,102.8923,0.0000,0.0000,0.0000,0.0000,0.0000,270.0021,0.0000,0.0000,0.0000,0.0000,0.0000,0.0000,0.0000,0.0000,0.0000,1,0,0,0,0,0.0000
56.5542,185.2042,0.0864,102.8923,0.0000,0.0000,0.0000,0.0000,0.0000,270.0021,0.0000,0.0000,0.0000,0.0000,0.0000,0.0000,0.0000,0.0000,0.0000,1,0,0,0,0,0.0000
56.6080,185.2042,0.0864,102.8923,0.0000,0.0000,0.0000,0.0000,0.0000,270.0021,0.0000,0.0000,0.0000,0.0000,0.0000,0.0000,0.0000,0.0000,0.0000,1,0,0,0,0,0.0000
56.6759,185.2042,0.0864,102.8923,0.0000,0.0000,0.0000,0.0000,0.0000,270.0021,0.0000,0.0000,0.0000,0.0000,0.0000,0.0000,0.0000,0.0000,0.0000,1,0,0,0,0,0.0000
56.7321,185.2042,0.0864,102.8923,0.0000,0.0000,0.0000,0.0000,0.0000,270.0021,0.0000,0.0000,0.0000,0.0000,0.0000,0.0000,0.0000,0.0000,0.0000,1,0,0,0,0,0.0000
56.7897,185.2042,0.0864,102.8923,0.0000,0.0000,0.0000,0.0000,0.0000,270.0021,0.0000,0.0000,0.0000,0.0000,0.0000,0.0000,0.0000,0.0000,0.0000,1,0,0,0,0,0.0000
56.8447,185.2042,0.0864,102.8923,0.0000,0.0000,0.0000,0.0000,0.0000,270.0021,0.0000,0.0000,0.0000,0.0000,0.0000,0.0000,0.0000,0.0000,0.0000,1,0,0,0,0,0.0000
56.9143,185.2042,0.0864,102.8923,0.0000,0.0000,0.0000,0.0000,0.0000,270.0021,0.0000,0.0000,0.0000,0.0000,0.0000,0.0000,0.0000,0.0000,0.0000,1,0,0,0,0,0.0000
56.9687,185.2042,0.0864,102.8923,0.0000,0.0000,0.0000,0.0000,0.0000,270.0021,0.0000,0.0000,0.0000,0.0000,0.0000,0.0000,0.0000,0.0000,0.0000,1,0,0,0,0,0.0000
57.0239,185.2042,0.0864,102.8923,0.0000,0.0000,0.0000,0.0000,0.0000,270.0021,0.0000,0.0000,0.0000,0.0000,0.0000,0.0000,0.0000,0.0000,0.0000,1,0,0,0,0,0.0000
57.0808,185.2042,0.0864,102.8923,0.0000,0.0000,0.0000,0.0000,0.0000,270.0021,0.0000,0.0000,0.0000,0.0000,0.0000,0.0000,0.0000,0.0000,0.0000,1,0,0,0,0,0.0000
57.1388,185.2042,0.0864,102.8923,0.0000,0.0000,0.0000,0.0000,0.0000,270.0021,0.0000,0.0000,0.0000,0.0000,0.0000,0.0000,0.0000,0.0000,0.0000,1,0,0,0,0,0.0000
57.2058,185.2042,0.0864,102.8923,0.0000,0.0000,0.0000,0.0000,0.0000,270.0021,0.0000,0.0000,0.0000,0.0000,0.0000,0.0000,0.0000,0.0000,0.0000,1,0,0,0,0,0.0000
57.2627,185.2042,0.0864,102.8923,0.0000,0.0000,0.0000,0.0000,0.0000,270.0021,0.0000,0.0000,0.0000,0.0000,0.0000,0.0000,0.0000,0.0000,0.0000,1,0,0,0,0,0.0000
57.3170,185.2042,0.0864,102.8923,0.0000,0.0000,0.0000,0.0000,0.0000,270.0021,0.0000,0.0000,0.0000,0.0000,0.0000,0.0000,0.0000,0.0000,0.0000,1,0,0,0,0,0.0000
57.3845,185.2042,0.0864,102.8923,0.0000,0.0000,0.0000,0.0000,0.0000,270.0021,0.0000,0.0000,0.0000,0.0000,0.0000,0.0000,0.0000,0.0000,0.0000,1,0,0,0,0,0.0000
57.4415,185.2042,0.0864,102.8923,0.0000,0.0000,0.0000,0.0000,0.0000,270.0021,0.0000,0.0000,0.0000,0.0000,0.0000,0.0000,0.0000,0.0000,0.0000,1,0,0,0,0,0.0000
57.4991,185.2042,0.0864,102.8923,0.0000,0.0000,0.0000,0.0000,0.0000,270.0021,0.0000,0.0000,0.0000,0.0000,0.0000,0.0000,0.0000,0.0000,0.0000,1,0,0,0,0,0.0000
57.5549,185.2042,0.0864,102.8923,0.0000,0.0000,0.0000,0.0000,0.0000,270.0021,0.0000,0.0000,0.0000,0.0000,0.0000,0.0000,0.0000,0.0000,0.0000,1,0,0,0,0,0.0000
57.6059,185.2042,0.0864,102.8923,0.0000,0.0000,0.0000,0.0000,0.0000,270.0021,0.0000,0.0000,0.0000,0.0000,0.0000,0.0000,0.0000,0.0000,0.0000,1,0,0,0,0,0.0000
57.6636,185.2042,0.0864,102.8923,0.0000,0.0000,0.0000,0.0000,0.0000,270.0021,0.0000,0.0000,0.0000,0.0000,0.0000,0.0000,0.0000,0.0000,0.0000,1,0,0,0,0,0.0000
57.7333,185.2042,0.0864,102.8923,0.0000,0.0000,0.0000,0.0000,0.0000,270.0021,0.0000,0.0000,0.0000,0.0000,0.0000,0.0000,0.0000,0.0000,0.0000,1,0,0,0,0,0.0000
57.8102,185.2042,0.0864,102.8923,0.0000,0.0000,0.0000,0.0000,0.0000,270.0021,0.0000,0.0000,0.0000,0.0000,0.0000,0.0000,0.0000,0.0000,0.0000,1,0,0,0,0,0.0000
57.8741,185.2042,0.0864,102.8923,0.0000,0.0000,0.0000,0.0000,0.0000,270.0021,0.0000,0.0000,0.0000,0.0000,0.0000,0.0000,0.0000,0.0000,0.0000,1,0,0,0,0,0.0000
57.9288,185.2042,0.0864,102.8923,0.0000,0.0000,0.0000,0.0000,0.0000,270.0021,0.0000,0.0000,0.0000,0.0000,0.0000,0.0000,0.0000,0.0000,0.0000,1,0,0,0,0,0.0000
57.9951,185.2042,0.0864,102.8923,0.0000,0.0000,0.0000,0.0000,0.0000,270.0021,0.0000,0.0000,0.0000,0.0000,0.0000,0.0000,0.0000,0.0000,0.0000,1,0,0,0,0,0.0000
58.0539,185.2042,0.0864,102.8923,0.0000,0.0000,0.0000,0.0000,0.0000,270.0021,0.0000,0.0000,0.0000,0.0000,0.0000,0.0000,0.0000,0.0000,0.0000,1,0,0,0,0,0.0000
58.1091,185.2042,0.0864,102.8923,0.0000,0.0000,0.0000,0.0000,0.0000,270.0021,0.0000,0.0000,0.0000,0.0000,0.0000,0.0000,0.0000,0.0000,0.0000,1,0,0,0,0,0.0000
58.1648,185.2042,0.0864,102.8923,0.0000,0.0000,0.0000,0.0000,0.0000,270.0021,0.0000,0.0000,0.0000,0.0000,0.0000,0.0000,0.0000,0.0000,0.0000,1,0,0,0,0,0.0000
58.2185,185.2042,0.0864,102.8923,0.0000,0.0000,0.0000,0.0000,0.0000,270.0021,0.0000,0.0000,0.0000,0.0000,0.0000,0.0000,0.0000,0.0000,0.0000,1,0,0,0,0,0.0000
58.2878,185.2042,0.0864,102.8923,0.0000,0.0000,0.0000,0.0000,0.0000,270.0021,0.0000,0.0000,0.0000,0.0000,0.0000,0.0000,0.0000,0.0000,0.0000,1,0,0,0,0,0.0000
58.3432,185.2042,0.0864,102.8923,0.0000,0.0000,0.0000,0.0000,0.0000,270.0021,0.0000,0.0000,0.0000,0.0000,0.0000,0.0000,0.0000,0.0000,0.0000,1,0,0,0,0,0.0000
58.4008,185.2042,0.0864,102.8923,0.0000,0.0000,0.0000,0.0000,0.0000,270.0021,0.0000,0.0000,0.0000,0.0000,0.0000,0.0000,0.0000,0.0000,0.0000,1,0,0,0,0,0.0000
58.4574,185.2042,0.0864,102.8923,0.0000,0.0000,0.0000,0.0000,0.0000,270.0021,0.0000,0.0000,0.0000,0.0000,0.0000,0.0000,0.0000,0.0000,0.0000,1,0,0,0,0,0.0000
58.5098,185.2042,0.0864,102.8923,0.0000,0.0000,0.0000,0.0000,0.0000,270.0021,0.0000,0.0000,0.0000,0.0000,0.0000,0.0000,0.0000,0.0000,0.0000,1,0,0,0,0,0.0000
58.5641,185.2042,0.0864,102.8923,0.0000,0.0000,0.0000,0.0000,0.0000,270.0021,0.0000,0.0000,0.0000,0.0000,0.0000,0.0000,0.0000,0.0000,0.0000,1,0,0,0,0,0.0000
58.6204,185.2042,0.0864,102.8923,0.0000,0.0000,0.0000,0.0000,0.0000,270.0021,0.0000,0.0000,0.0000,0.0000,0.0000,0.0000,0.0000,0.0000,0.0000,1,0,0,0,0,0.0000
58.6750,185.2042,0.0864,102.8923,0.0000,0.0000,0.0000,0.0000,0.0000,270.0021,0.0000,0.0000,0.0000,0.0000,0.0000,0.0000,0.0000,0.0000,0.0000,1,0,0,0,0,0.0000
58.7309,185.2042,0.0864,102.8923,0.0000,0.0000,0.0000,0.0000,0.0000,270.0021,0.0000,0.0000,0.0000,0.0000,0.0000,0.0000,0.0000,0.0000,0.0000,1,0,0,0,0,0.0000
58.7879,185.2042,0.0864,102.8923,0.0000,0.0000,0.0000,0.0000,0.0000,270.0021,0.0000,0.0000,0.0000,0.0000,0.0000,0.0000,0.0000,0.0000,0.0000,1,0,0,0,0,0.0000
58.8576,185.2042,0.0864,102.8923,0.0000,0.0000,0.0000,0.0000,0.0000,270.0021,0.0000,0.0000,0.0000,0.0000,0.0000,0.0000,0.0000,0.0000,0.0000,1,0,0,0,0,0.0000
58.9142,185.2042,0.0864,102.8923,0.0000,0.0000,0.0000,0.0000,0.0000,270.0021,0.0000,0.0000,0.0000,0.0000,0.0000,0.0000,0.0000,0.0000,0.0000,1,0,0,0,0,0.0000
58.9689,185.2042,0.0864,102.8923,0.0000,0.0000,0.0000,0.0000,0.0000,270.0021,0.0000,0.0000,0.0000,0.0000,0.0000,0.0000,0.0000,0.0000,0.0000,1,0,0,0,0,0.0000
59.0230,185.2042,0.0864,102.8923,0.0000,0.0000,0.0000,0.0000,0.0000,270.0021,0.0000,0.0000,0.0000,0.0000,0.0000,0.0000,0.0000,0.0000,0.0000,1,0,0,0,0,0.0000
59.0801,185.2042,0.0864,102.8923,0.0000,0.0000,0.0000,0.0000,0.0000,270.0021,0.0000,0.0000,0.0000,0.0000,0.0000,0.0000,0.0000,0.0000,0.0000,1,0,0,0,0,0.0000
59.1348,185.2042,0.0864,102.8923,0.0000,0.0000,0.0000,0.0000,0.0000,270.0021,0.0000,0.0000,0.0000,0.0000,0.0000,0.0000,0.0000,0.0000,0.0000,1,0,0,0,0,0.0000
59.1921,185.2042,0.0864,102.8923,0.0000,0.0000,0.0000,0.0000,0.0000,270.0021,0.0000,0.0000,0.0000,0.0000,0.0000,0.0000,0.0000,0.0000,0.0000,1,0,0,0,0,0.0000
59.2456,185.2042,0.0864,102.8923,0.0000,0.0000,0.0000,0.0000,0.0000,270.0021,0.0000,0.0000,0.0000,0.0000,0.0000,0.0000,0.0000,0.0000,0.0000,1,0,0,0,0,0.0000
59.3024,185.2042,0.0864,102.8923,0.0000,0.0000,0.0000,0.0000,0.0000,270.0021,0.0000,0.0000,0.0000,0.0000,0.0000,0.0000,0.0000,0.0000,0.0000,1,0,0,0,0,0.0000
59.3731,185.2042,0.0864,102.8923,0.0000,0.0000,0.0000,0.0000,0.0000,270.0021,0.0000,0.0000,0.0000,0.0000,0.0000,0.0000,0.0000,0.0000,0.0000,1,0,0,0,0,0.0000
59.4284,185.2042,0.0864,102.8923,0.0000,0.0000,0.0000,0.0000,0.0000,270.0021,0.0000,0.0000,0.0000,0.0000,0.0000,0.0000,0.0000,0.0000,0.0000,1,0,0,0,0,0.0000
59.4860,185.2042,0.0864,102.8923,0.0000,0.0000,0.0000,0.0000,0.0000,270.0021,0.0000,0.0000,0.0000,0.0000,0.0000,0.0000,0.0000,0.0000,0.0000,1,0,0,0,0,0.0000
59.5445,185.2042,0.0864,102.8923,0.0000,0.0000,0.0000,0.0000,0.0000,270.0021,0.0000,0.0000,0.0000,0.0000,0.0000,0.0000,0.0000,0.0000,0.0000,1,0,0,0,0,0.0000
59.5985,185.2042,0.0864,102.8923,0.0000,0.0000,0.0000,0.0000,0.0000,270.0021,0.0000,0.0000,0.0000,0.0000,0.0000,0.0000,0.0000,0.0000,0.0000,1,0,0,0,0,0.0000
59.6529,185.2042,0.0864,102.8923,0.0000,0.0000,0.0000,0.0000,0.0000,270.0021,0.0000,0.0000,0.0000,0.0000,0.0000,0.0000,0.0000,0.0000,0.0000,1,0,0,0,0,0.0000
59.7182,185.2042,0.0864,102.8923,0.0000,0.0000,0.0000,0.0000,0.0000,270.0021,0.0000,0.0000,0.0000,0.0000,0.0000,0.0000,0.0000,0.0000,0.0000,1,0,0,0,0,0.0000
59.7746,185.2042,0.0864,102.8923,0.0000,0.0000,0.0000,0.0000,0.0000,270.0021,0.0000,0.0000,0.0000,0.0000,0.0000,0.0000,0.0000,0.0000,0.0000,1,0,0,0,0,0.0000
59.8309,185.2042,0.0864,102.8923,0.0000,0.0000,0.0000,0.0000,0.0000,270.0021,0.0000,0.0000,0.0000,0.0000,0.0000,0.0000,0.0000,0.0000,0.0000,1,0,0,0,0,0.0000
59.8855,185.2042,0.0864,102.8923,0.0000,0.0000,0.0000,0.0000,0.0000,270.0021,0.0000,0.0000,0.0000,0.0000,0.0000,0.0000,0.0000,0.0000,0.0000,1,0,0,0,0,0.0000
59.9593,185.2042,0.0864,102.8923,0.0000,0.0000,0.0000,0.0000,0.0000,270.0021,0.0000,0.0000,0.0000,0.0000,0.0000,0.0000,0.0000,0.0000,0.0000,1,0,0,0,0,0.0000
60.0111,185.2042,0.0864,102.8923,0.0000,0.0000,0.0000,0.0000,0.0000,270.0021,0.0000,0.0000,0.0000,0.0000,0.0000,0.0000,0.0000,0.0000,0.0000,1,0,0,0,0,0.0000
60.0667,185.2042,0.0864,102.8923,0.0000,0.0000,0.0000,0.0000,0.0000,270.0021,0.0000,0.0000,0.0000,0.0000,0.0000,0.0000,0.0000,0.0000,0.0000,1,0,0,0,0,0.0000
60.1359,185.2042,0.0864,102.8923,0.0000,0.0000,0.0000,0.0000,0.0000,270.0021,0.0000,0.0000,0.0000,0.0000,0.0000,0.0000,0.0000,0.0000,0.0000,1,0,0,0,0,0.0000
60.1914,185.2042,0.0864,102.8923,0.0000,0.0000,0.0000,0.0000,0.0000,270.0021,0.0000,0.0000,0.0000,0.0000,0.0000,0.0000,0.0000,0.0000,0.0000,1,0,0,0,0,0.0000
60.2490,185.2042,0.0864,102.8923,0.0000,0.0000,0.0000,0.0000,0.0000,270.0021,0.0000,0.0000,0.0000,0.0000,0.0000,0.0000,0.0000,0.0000,0.0000,1,0,0,0,0,0.0000
60.3018,185.2042,0.0864,102.8923,0.0000,0.0000,0.0000,0.0000,0.0000,270.0021,0.0000,0.0000,0.0000,0.0000,0.0000,0.0000,0.0000,0.0000,0.0000,1,0,0,0,0,0.0000
60.3592,185.2042,0.0864,102.8923,0.0000,0.0000,0.0000,0.0000,0.0000,270.0021,0.0000,0.0000,0.0000,0.0000,0.0000,0.0000,0.0000,0.0000,0.0000,1,0,0,0,0,0.0000
60.4129,185.2042,0.0864,102.8923,0.0000,0.0000,0.0000,0.0000,0.0000,270.0021,0.0000,0.0000,0.0000,0.0000,0.0000,0.0000,0.0000,0.0000,0.0000,1,0,0,0,0,0.0000
60.4827,185.2042,0.0864,102.8923,0.0000,0.0000,0.0000,0.0000,0.0000,270.0021,0.0000,0.0000,0.0000,0.0000,0.0000,0.0000,0.0000,0.0000,0.0000,1,0,0,0,0,0.0000
60.5396,185.2042,0.0864,102.8923,0.0000,0.0000,0.0000,0.0000,0.0000,270.0021,0.0000,0.0000,0.0000,0.0000,0.0000,0.0000,0.0000,0.0000,0.0000,1,0,0,0,0,0.0000
60.6109,185.2042,0.0864,102.8923,0.0000,0.0000,0.0000,0.0000,0.0000,270.0021,0.0000,0.0000,0.0000,0.0000,0.0000,0.0000,0.0000,0.0000,0.0000,1,0,0,0,0,0.0000
60.6663,185.2042,0.0864,102.8923,0.0000,0.0000,0.0000,0.0000,0.0000,270.0021,0.0000,0.0000,0.0000,0.0000,0.0000,0.0000,0.0000,0.0000,0.0000,1,0,0,0,0,0.0000
60.7230,185.2042,0.0864,102.8923,0.0000,0.0000,0.0000,0.0000,0.0000,270.0021,0.0000,0.0000,0.0000,0.0000,0.0000,0.0000,0.0000,0.0000,0.0000,1,0,0,0,0,0.0000
60.7770,185.2042,0.0864,102.8923,0.0000,0.0000,0.0000,0.0000,0.0000,270.0021,0.0000,0.0000,0.0000,0.0000,0.0000,0.0000,0.0000,0.0000,0.0000,1,0,0,0,0,0.0000
60.8316,185.2042,0.0864,102.8923,0.0000,0.0000,0.0000,0.0000,0.0000,270.0021,0.0000,0.0000,0.0000,0.0000,0.0000,0.0000,0.0000,0.0000,0.0000,1,0,0,0,0,0.0000
60.8899,185.2042,0.0864,102.8923,0.0000,0.0000,0.0000,0.0000,0.0000,270.0021,0.0000,0.0000,0.0000,0.0000,0.0000,0.0000,0.0000,0.0000,0.0000,1,0,0,0,0,0.0000
60.9431,185.2042,0.0864,102.8923,0.0000,0.0000,0.0000,0.0000,0.0000,270.0021,0.0000,0.0000,0.0000,0.0000,0.0000,0.0000,0.0000,0.0000,0.0000,1,0,0,0,0,0.0000
61.0159,185.2042,0.0864,102.8923,0.0000,0.0000,0.0000,0.0000,0.0000,270.0021,0.0000,0.0000,0.0000,0.0000,0.0000,0.0000,0.0000,0.0000,0.0000,1,0,0,0,0,0.0000
61.0721,185.2042,0.0864,102.8923,0.0000,0.0000,0.0000,0.0000,0.0000,270.0021,0.0000,0.0000,0.0000,0.0000,0.0000,0.0000,0.0000,0.0000,0.0000,1,0,0,0,0,0.0000
61.1228,185.2042,0.0864,102.8923,0.0000,0.0000,0.0000,0.0000,0.0000,270.0021,0.0000,0.0000,0.0000,0.0000,0.0000,0.0000,0.0000,0.0000,0.0000,1,0,0,0,0,0.0000
61.1819,185.2042,0.0864,102.8923,0.0000,0.0000,0.0000,0.0000,0.0000,270.0021,0.0000,0.0000,0.0000,0.0000,0.0000,0.0000,0.0000,0.0000,0.0000,1,0,0,0,0,0.0000
61.2362,185.2042,0.0864,102.8923,0.0000,0.0000,0.0000,0.0000,0.0000,270.0021,0.0000,0.0000,0.0000,0.0000,0.0000,0.0000,0.0000,0.0000,0.0000,1,0,0,0,0,0.0000
61.2887,185.2042,0.0864,102.8923,0.0000,0.0000,0.0000,0.0000,0.0000,270.0021,0.0000,0.0000,0.0000,0.0000,0.0000,0.0000,0.0000,0.0000,0.0000,1,0,0,0,0,0.0000
61.3450,185.2042,0.0864,102.8923,0.0000,0.0000,0.0000,0.0000,0.0000,270.0021,0.0000,0.0000,0.0000,0.0000,0.0000,0.0000,0.0000,0.0000,0.0000,1,0,0,0,0,0.0000
61.4024,185.2042,0.0864,102.8923,0.0000,0.0000,0.0000,0.0000,0.0000,270.0021,0.0000,0.0000,0.0000,0.0000,0.0000,0.0000,0.0000,0.0000,0.0000,1,0,0,0,0,0.0000
61.4593,185.2042,0.0864,102.8923,0.0000,0.0000,0.0000,0.0000,0.0000,270.0021,0.0000,0.0000,0.0000,0.0000,0.0000,0.0000,0.0000,0.0000,0.0000,1,0,0,0,0,0.0000
61.5436,185.2042,0.0864,102.8923,0.0000,0.0000,0.0000,0.0000,0.0000,270.0021,0.0000,0.0000,0.0000,0.0000,0.0000,0.0000,0.0000,0.0000,0.0000,1,0,0,0,0,0.0000
61.5958,185.2042,0.0864,102.8923,0.0000,0.0000,0.0000,0.0000,0.0000,270.0021,0.0000,0.0000,0.0000,0.0000,0.0000,0.0000,0.0000,0.0000,0.0000,1,0,0,0,0,0.0000
61.6638,185.2042,0.0864,102.8923,0.0000,0.0000,0.0000,0.0000,0.0000,270.0021,0.0000,0.0000,0.0000,0.0000,0.0000,0.0000,0.0000,0.0000,0.0000,1,0,0,0,0,0.0000
61.7372,185.2042,0.0864,102.8923,0.0000,0.0000,0.0000,0.0000,0.0000,270.0021,0.0000,0.0000,0.0000,0.0000,0.0000,0.0000,0.0000,0.0000,0.0000,1,0,0,0,0,0.0000
61.7904,185.2042,0.0864,102.8923,0.0000,0.0000,0.0000,0.0000,0.0000,270.0021,0.0000,0.0000,0.0000,0.0000,0.0000,0.0000,0.0000,0.0000,0.0000,1,0,0,0,0,0.0000
61.8435,185.2042,0.0864,102.8923,0.0000,0.0000,0.0000,0.0000,0.0000,270.0021,0.0000,0.0000,0.0000,0.0000,0.0000,0.0000,0.0000,0.0000,0.0000,1,0,0,0,0,0.0000
61.8999,185.2042,0.0864,102.8923,0.0000,0.0000,0.0000,0.0000,0.0000,270.0021,0.0000,0.0000,0.0000,0.0000,0.0000,0.0000,0.0000,0.0000,0.0000,1,0,0,0,0,0.0000
61.9554,185.2042,0.0864,102.8923,0.0000,0.0000,0.0000,0.0000,0.0000,270.0021,0.0000,0.0000,0.0000,0.0000,0.0000,0.0000,0.0000,0.0000,0.0000,1,0,0,0,0,0.0000
62.0130,185.2042,0.0864,102.8923,0.0000,0.0000,0.0000,0.0000,0.0000,270.0021,0.0000,0.0000,0.0000,0.0000,0.0000,0.0000,0.0000,0.0000,0.0000,1,0,0,0,0,0.0000
62.0957,185.2042,0.0864,102.8923,0.0000,0.0000,0.0000,0.0000,0.0000,270.0021,0.0000,0.0000,0.0000,0.0000,0.0000,0.0000,0.0000,0.0000,0.0000,1,0,0,0,0,0.0000
62.1517,185.2042,0.0864,102.8923,0.0000,0.0000,0.0000,0.0000,0.0000,270.0021,0.0000,0.0000,0.0000,0.0000,0.0000,0.0000,0.0000,0.0000,0.0000,1,0,0,0,0,0.0000
62.2061,185.2042,0.0864,102.8923,0.0000,0.0000,0.0000,0.0000,0.0000,270.0021,0.0000,0.0000,0.0000,0.0000,0.0000,0.0000,0.0000,0.0000,0.0000,1,0,0,0,0,0.0000
62.2595,185.2042,0.0864,102.8923,0.0000,0.0000,0.0000,0.0000,0.0000,270.0021,0.0000,0.0000,0.0000,0.0000,0.0000,0.0000,0.0000,0.0000,0.0000,1,0,0,0,0,0.0000
62.3305,185.2042,0.0864,102.8923,0.0000,0.0000,0.0000,0.0000,0.0000,270.0021,0.0000,0.0000,0.0000,0.0000,0.0000,0.0000,0.0000,0.0000,0.0000,1,0,0,0,0,0.0000
62.3912,185.2042,0.0864,102.8923,0.0000,0.0000,0.0000,0.0000,0.0000,270.0021,0.0000,0.0000,0.0000,0.0000,0.0000,0.0000,0.0000,0.0000,0.0000,1,0,0,0,0,0.0000
62.4661,185.2042,0.0864,102.8923,0.0000,0.0000,0.0000,0.0000,0.0000,270.0021,0.0000,0.0000,0.0000,0.0000,0.0000,0.0000,0.0000,0.0000,0.0000,1,0,0,0,0,0.0000
62.5222,185.2042,0.0864,102.8923,0.0000,0.0000,0.0000,0.0000,0.0000,270.0021,0.0000,0.0000,0.0000,0.0000,0.0000,0.0000,0.0000,0.0000,0.0000,1,0,0,0,0,0.0000
62.5785,185.2042,0.0864,102.8923,0.0000,0.0000,0.0000,0.0000,0.0000,270.0021,0.0000,0.0000,0.0000,0.0000,0.0000,0.0000,0.0000,0.0000,0.0000,1,0,0,0,0,0.0000
62.6541,185.2042,0.0864,102.8923,0.0000,0.0000,0.0000,0.0000,0.0000,270.0021,0.0000,0.0000,0.0000,0.0000,0.0000,0.0000,0.0000,0.0000,0.0000,1,0,0,0,0,0.0000
62.7062,185.2042,0.0864,102.8923,0.0000,0.0000,0.0000,0.0000,0.0000,270.0021,0.0000,0.0000,0.0000,0.0000,0.0000,0.0000,0.0000,0.0000,0.0000,1,0,0,0,0,0.0000
62.7642,185.2042,0.0864,102.8923,0.0000,0.0000,0.0000,0.0000,0.0000,270.0021,0.0000,0.0000,0.0000,0.0000,0.0000,0.0000,0.0000,0.0000,0.0000,1,0,0,0,0,0.0000
62.8160,185.2042,0.0864,102.8923,0.0000,0.0000,0.0000,0.0000,0.0000,270.0021,0.0000,0.0000,0.0000,0.0000,0.0000,0.0000,0.0000,0.0000,0.0000,1,0,0,0,0,0.0000
62.8726,185.2042,0.0864,102.8923,0.0000,0.0000,0.0000,0.0000,0.0000,270.0021,0.0000,0.0000,0.0000,0.0000,0.0000,0.0000,0.0000,0.0000,0.0000,1,0,0,0,0,0.0000
62.9303,185.2042,0.0864,102.8923,0.0000,0.0000,0.0000,0.0000,0.0000,270.0021,0.0000,0.0000,0.0000,0.0000,0.0000,0.0000,0.0000,0.0000,0.0000,1,0,0,0,0,0.0000
62.9840,185.2042,0.0864,102.8923,0.0000,0.0000,0.0000,0.0000,0.0000,270.0021,0.0000,0.0000,0.0000,0.0000,0.0000,0.0000,0.0000,0.0000,0.0000,1,0,0,0,0,0.0000
63.0399,185.2042,0.0864,102.8923,0.0000,0.0000,0.0000,0.0000,0.0000,270.0021,0.0000,0.0000,0.0000,0.0000,0.0000,0.0000,0.0000,0.0000,0.0000,1,0,0,0,0,0.0000
63.0975,185.2042,0.0864,102.8923,0.0000,0.0000,0.0000,0.0000,0.0000,270.0021,0.0000,0.0000,0.0000,0.0000,0.0000,0.0000,0.0000,0.0000,0.0000,1,0,0,0,0,0.0000
63.1636,185.2042,0.0864,102.8923,0.0000,0.0000,0.0000,0.0000,0.0000,270.0021,0.0000,0.0000,0.0000,0.0000,0.0000,0.0000,0.0000,0.0000,0.0000,1,0,0,0,0,0.0000
63.2222,185.2042,0.0864,102.8923,0.0000,0.0000,0.0000,0.0000,0.0000,270.0021,0.0000,0.0000,0.0000,0.0000,0.0000,0.0000,0.0000,0.0000,0.0000,1,0,0,0,0,0.0000
63.2842,185.2042,0.0864,102.8923,0.0000,0.0000,0.0000,0.0000,0.0000,270.0021,0.0000,0.0000,0.0000,0.0000,0.0000,0.0000,0.0000,0.0000,0.0000,1,0,0,0,0,0.0000
63.3449,185.2042,0.0864,102.8923,0.0000,0.0000,0.0000,0.0000,0.0000,270.0021,0.0000,0.0000,0.0000,0.0000,0.0000,0.0000,0.0000,0.0000,0.0000,1,0,0,0,0,0.0000
63.4003,185.2042,0.0864,102.8923,0.0000,0.0000,0.0000,0.0000,0.0000,270.0021,0.0000,0.0000,0.0000,0.0000,0.0000,0.0000,0.0000,0.0000,0.0000,1,0,0,0,0,0.0000
63.4569,185.2042,0.0864,102.8923,0.0000,0.0000,0.0000,0.0000,0.0000,270.0021,0.0000,0.0000,0.0000,0.0000,0.0000,0.0000,0.0000,0.0000,0.0000,1,0,0,0,0,0.0000
63.5135,185.2042,0.0864,102.8923,0.0000,0.0000,0.0000,0.0000,0.0000,270.0021,0.0000,0.0000,0.0000,0.0000,0.0000,0.0000,0.0000,0.0000,0.0000,1,0,0,0,0,0.0000
63.5804,185.2042,0.0864,102.8923,0.0000,0.0000,0.0000,0.0000,0.0000,270.0021,0.0000,0.0000,0.0000,0.0000,0.0000,0.0000,0.0000,0.0000,0.0000,1,0,0,0,0,0.0000
63.6354,185.2042,0.0864,102.8923,0.0000,0.0000,0.0000,0.0000,0.0000,270.0021,0.0000,0.0000,0.0000,0.0000,0.0000,0.0000,0.0000,0.0000,0.0000,1,0,0,0,0,0.0000
63.7241,185.2042,0.0864,102.8923,0.0000,0.0000,0.0000,0.0000,0.0000,270.0021,0.0000,0.0000,0.0000,0.0000,0.0000,0.0000,0.0000,0.0000,0.0000,1,0,0,0,0,0.0000
63.7921,185.2042,0.0864,102.8923,0.0000,0.0000,0.0000,0.0000,0.0000,270.0021,0.0000,0.0000,0.0000,0.0000,0.0000,0.0000,0.0000,0.0000,0.0000,1,0,0,0,0,0.0000
63.8471,185.2042,0.0864,102.8923,0.0000,0.0000,0.0000,0.0000,0.0000,270.0021,0.0000,0.0000,0.0000,0.0000,0.0000,0.0000,0.0000,0.0000,0.0000,1,0,0,0,0,0.0000
63.8991,185.2042,0.0864,102.8923,0.0000,0.0000,0.0000,0.0000,0.0000,270.0021,0.0000,0.0000,0.0000,0.0000,0.0000,0.0000,0.0000,0.0000,0.0000,1,0,0,0,0,0.0000
63.9601,185.2042,0.0864,102.8923,0.0000,0.0000,0.0000,0.0000,0.0000,270.0021,0.0000,0.0000,0.0000,0.0000,0.0000,0.0000,0.0000,0.0000,0.0000,1,0,0,0,0,0.0000
64.0108,185.2042,0.0864,102.8923,0.0000,0.0000,0.0000,0.0000,0.0000,270.0021,0.0000,0.0000,0.0000,0.0000,0.0000,0.0000,0.0000,0.0000,0.0000,1,0,0,0,0,0.0000
64.0686,185.2042,0.0864,102.8923,0.0000,0.0000,0.0000,0.0000,0.0000,270.0021,0.0000,0.0000,0.0000,0.0000,0.0000,0.0000,0.0000,0.0000,0.0000,1,0,0,0,0,0.0000
64.1222,185.2042,0.0864,102.8923,0.0000,0.0000,0.0000,0.0000,0.0000,270.0021,0.0000,0.0000,0.0000,0.0000,0.0000,0.0000,0.0000,0.0000,0.0000,1,0,0,0,0,0.0000
64.1777,185.2042,0.0864,102.8923,0.0000,0.0000,0.0000,0.0000,0.0000,270.0021,0.0000,0.0000,0.0000,0.0000,0.0000,0.0000,0.0000,0.0000,0.0000,1,0,0,0,0,0.0000
64.2473,185.2042,0.0864,102.8923,0.0000,0.0000,0.0000,0.0000,0.0000,270.0021,0.0000,0.0000,0.0000,0.0000,0.0000,0.0000,0.0000,0.0000,0.0000,1,0,0,0,0,0.0000
64.3081,185.2042,0.0864,102.8923,0.0000,0.0000,0.0000,0.0000,0.0000,270.0021,0.0000,0.0000,0.0000,0.0000,0.0000,0.0000,0.0000,0.0000,0.0000,1,0,0,0,0,0.0000
64.3600,185.2042,0.0864,102.8923,0.0000,0.0000,0.0000,0.0000,0.0000,270.0021,0.0000,0.0000,0.0000,0.0000,0.0000,0.0000,0.0000,0.0000,0.0000,1,0,0,0,0,0.0000
64.4135,185.2042,0.0864,102.8923,0.0000,0.0000,0.0000,0.0000,0.0000,270.0021,0.0000,0.0000,0.0000,0.0000,0.0000,0.0000,0.0000,0.0000,0.0000,1,0,0,0,0,0.0000
64.4871,185.2042,0.0864,102.8923,0.0000,0.0000,0.0000,0.0000,0.0000,270.0021,0.0000,0.0000,0.0000,0.0000,0.0000,0.0000,0.0000,0.0000,0.0000,1,0,0,0,0,0.0000
64.5418,185.2042,0.0864,102.8923,0.0000,0.0000,0.0000,0.0000,0.0000,270.0021,0.0000,0.0000,0.0000,0.0000,0.0000,0.0000,0.0000,0.0000,0.0000,1,0,0,0,0,0.0000
64.5939,185.2042,0.0864,102.8923,0.0000,0.0000,0.0000,0.0000,0.0000,270.0021,0.0000,0.0000,0.0000,0.0000,0.0000,0.0000,0.0000,0.0000,0.0000,1,0,0,0,0,0.0000
64.6502,185.2042,0.0864,102.8923,0.0000,0.0000,0.0000,0.0000,0.0000,270.0021,0.0000,0.0000,0.0000,0.0000,0.0000,0.0000,0.0000,0.0000,0.0000,1,0,0,0,0,0.0000
64.7066,185.2042,0.0864,102.8923,0.0000,0.0000,0.0000,0.0000,0.0000,270.0021,0.0000,0.0000,0.0000,0.0000,0.0000,0.0000,0.0000,0.0000,0.0000,1,0,0,0,0,0.0000
64.7925,185.2042,0.0864,102.8923,0.0000,0.0000,0.0000,0.0000,0.0000,270.0021,0.0000,0.0000,0.0000,0.0000,0.0000,0.0000,0.0000,0.0000,0.0000,1,0,0,0,0,0.0000
64.8442,185.2042,0.0864,102.8923,0.0000,0.0000,0.0000,0.0000,0.0000,270.0021,0.0000,0.0000,0.0000,0.0000,0.0000,0.0000,0.0000,0.0000,0.0000,1,0,0,0,0,0.0000
64.8983,185.2042,0.0864,102.8923,0.0000,0.0000,0.0000,0.0000,0.0000,270.0021,0.0000,0.0000,0.0000,0.0000,0.0000,0.0000,0.0000,0.0000,0.0000,1,0,0,0,0,0.0000
64.9537,185.2042,0.0864,102.8923,0.0000,0.0000,0.0000,0.0000,0.0000,270.0021,0.0000,0.0000,0.0000,0.0000,0.0000,0.0000,0.0000,0.0000,0.0000,1,0,0,0,0,0.0000
65.0103,185.2042,0.0864,102.8923,0.0000,0.0000,0.0000,0.0000,0.0000,270.0021,0.0000,0.0000,0.0000,0.0000,0.0000,0.0000,0.0000,0.0000,0.0000,1,0,0,0,0,0.0000
65.0648,185.2042,0.0864,102.8923,0.0000,0.0000,0.0000,0.0000,0.0000,270.0021,0.0000,0.0000,0.0000,0.0000,0.0000,0.0000,0.0000,0.0000,0.0000,1,0,0,0,0,0.0000
65.1203,185.2042,0.0864,102.8923,0.0000,0.0000,0.0000,0.0000,0.0000,270.0021,0.0000,0.0000,0.0000,0.0000,0.0000,0.0000,0.0000,0.0000,0.0000,1,0,0,0,0,0.0000
65.1760,185.2042,0.0864,102.8923,0.0000,0.0000,0.0000,0.0000,0.0000,270.0021,0.0000,0.0000,0.0000,0.0000,0.0000,0.0000,0.0000,0.0000,0.0000,1,0,0,0,0,0.0000
65.2347,185.2042,0.0864,102.8923,0.0000,0.0000,0.0000,0.0000,0.0000,270.0021,0.0000,0.0000,0.0000,0.0000,0.0000,0.0000,0.0000,0.0000,0.0000,1,0,0,0,0,0.0000
65.2913,185.2042,0.0864,102.8923,0.0000,0.0000,0.0000,0.0000,0.0000,270.0021,0.0000,0.0000,0.0000,0.0000,0.0000,0.0000,0.0000,0.0000,0.0000,1,0,0,0,0,0.0000
65.3582,185.2042,0.0864,102.8923,0.0000,0.0000,0.0000,0.0000,0.0000,270.0021,0.0000,0.0000,0.0000,0.0000,0.0000,0.0000,0.0000,0.0000,0.0000,1,0,0,0,0,0.0000
65.4139,185.2042,0.0864,102.8923,0.0000,0.0000,0.0000,0.0000,0.0000,270.0021,0.0000,0.0000,0.0000,0.0000,0.0000,0.0000,0.0000,0.0000,0.0000,1,0,0,0,0,0.0000
65.4721,185.2042,0.0864,102.8923,0.0000,0.0000,0.0000,0.0000,0.0000,270.0021,0.0000,0.0000,0.0000,0.0000,0.0000,0.0000,0.0000,0.0000,0.0000,1,0,0,0,0,0.0000
65.5270,185.2042,0.0864,102.8923,0.0000,0.0000,0.0000,0.0000,0.0000,270.0021,0.0000,0.0000,0.0000,0.0000,0.0000,0.0000,0.0000,0.0000,0.0000,1,0,0,0,0,0.0000
65.5799,185.2042,0.0864,102.8923,0.0000,0.0000,0.0000,0.0000,0.0000,270.0021,0.0000,0.0000,0.0000,0.0000,0.0000,0.0000,0.0000,0.0000,0.0000,1,0,0,0,0,0.0000
65.6364,185.2042,0.0864,102.8923,0.0000,0.0000,0.0000,0.0000,0.0000,270.0021,0.0000,0.0000,0.0000,0.0000,0.0000,0.0000,0.0000,0.0000,0.0000,1,0,0,0,0,0.0000
65.6929,185.2042,0.0864,102.8923,0.0000,0.0000,0.0000,0.0000,0.0000,270.0021,0.0000,0.0000,0.0000,0.0000,0.0000,0.0000,0.0000,0.0000,0.0000,1,0,0,0,0,0.0000
65.7502,185.2042,0.0864,102.8923,0.0000,0.0000,0.0000,0.0000,0.0000,270.0021,0.0000,0.0000,0.0000,0.0000,0.0000,0.0000,0.0000,0.0000,0.0000,1,0,0,0,0,0.0000
65.8025,185.2042,0.0864,102.8923,0.0000,0.0000,0.0000,0.0000,0.0000,270.0021,0.0000,0.0000,0.0000,0.0000,0.0000,0.0000,0.0000,0.0000,0.0000,1,0,0,0,0,0.0000
65.8763,185.2042,0.0864,102.8923,0.0000,0.0000,0.0000,0.0000,0.0000,270.0021,0.0000,0.0000,0.0000,0.0000,0.0000,0.0000,0.0000,0.0000,0.0000,1,0,0,0,0,0.0000
65.9283,185.2042,0.0864,102.8923,0.0000,0.0000,0.0000,0.0000,0.0000,270.0021,0.0000,0.0000,0.0000,0.0000,0.0000,0.0000,0.0000,0.0000,0.0000,1,0,0,0,0,0.0000
65.9857,185.2042,0.0864,102.8923,0.0000,0.0000,0.0000,0.0000,0.0000,270.0021,0.0000,0.0000,0.0000,0.0000,0.0000,0.0000,0.0000,0.0000,0.0000,1,0,0,0,0,0.0000
66.0384,185.2042,0.0864,102.8923,0.0000,0.0000,0.0000,0.0000,0.0000,270.0021,0.0000,0.0000,0.0000,0.0000,0.0000,0.0000,0.0000,0.0000,0.0000,1,0,0,0,0,0.0000
66.1029,185.2042,0.0864,102.8923,0.0000,0.0000,0.0000,0.0000,0.0000,270.0021,0.0000,0.0000,0.0000,0.0000,0.0000,0.0000,0.0000,0.0000,0.0000,1,0,0,0,0,0.0000
66.1569,185.2042,0.0864,102.8923,0.0000,0.0000,0.0000,0.0000,0.0000,270.0021,0.0000,0.0000,0.0000,0.0000,0.0000,0.0000,0.0000,0.0000,0.0000,1,0,0,0,0,0.0000
66.2128,185.2042,0.0864,102.8923,0.0000,0.0000,0.0000,0.0000,0.0000,270.0021,0.0000,0.0000,0.0000,0.0000,0.0000,0.0000,0.0000,0.0000,0.0000,1,0,0,0,0,0.0000
66.2901,185.2042,0.0864,102.8923,0.0000,0.0000,0.0000,0.0000,0.0000,270.0021,0.0000,0.0000,0.0000,0.0000,0.0000,0.0000,0.0000,0.0000,0.0000,1,0,0,0,0,0.0000
66.3489,185.2042,0.0864,102.8923,0.0000,0.0000,0.0000,0.0000,0.0000,270.0021,0.0000,0.0000,0.0000,0.0000,0.0000,0.0000,0.0000,0.0000,0.0000,1,0,0,0,0,0.0000
66.4163,185.2042,0.0864,102.8923,0.0000,0.0000,0.0000,0.0000,0.0000,270.0021,0.0000,0.0000,0.0000,0.0000,0.0000,0.0000,0.0000,0.0000,0.0000,1,0,0,0,0,0.0000
66.4719,185.2042,0.0864,102.8923,0.0000,0.0000,0.0000,0.0000,0.0000,270.0021,0.0000,0.0000,0.0000,0.0000,0.0000,0.0000,0.0000,0.0000,0.0000,1,0,0,0,0,0.0000
66.5285,185.2042,0.0864,102.8923,0.0000,0.0000,0.0000,0.0000,0.0000,270.0021,0.0000,0.0000,0.0000,0.0000,0.0000,0.0000,0.0000,0.0000,0.0000,1,0,0,0,0,0.0000
66.5808,185.2042,0.0864,102.8923,0.0000,0.0000,0.0000,0.0000,0.0000,270.0021,0.0000,0.0000,0.0000,0.0000,0.0000,0.0000,0.0000,0.0000,0.0000,1,0,0,0,0,0.0000
66.6359,185.2042,0.0864,102.8923,0.0000,0.0000,0.0000,0.0000,0.0000,270.0021,0.0000,0.0000,0.0000,0.0000,0.0000,0.0000,0.0000,0.0000,0.0000,1,0,0,0,0,0.0000
66.6926,185.2042,0.0864,102.8923,0.0000,0.0000,0.0000,0.0000,0.0000,270.0021,0.0000,0.0000,0.0000,0.0000,0.0000,0.0000,0.0000,0.0000,0.0000,1,0,0,0,0,0.0000
66.7493,185.2042,0.0864,102.8923,0.0000,0.0000,0.0000,0.0000,0.0000,270.0021,0.0000,0.0000,0.0000,0.0000,0.0000,0.0000,0.0000,0.0000,0.0000,1,0,0,0,0,0.0000
66.8189,185.2042,0.0864,102.8923,0.0000,0.0000,0.0000,0.0000,0.0000,270.0021,0.0000,0.0000,0.0000,0.0000,0.0000,0.0000,0.0000,0.0000,0.0000,1,0,0,0,0,0.0000
66.8723,185.2042,0.0864,102.8923,0.0000,0.0000,0.0000,0.0000,0.0000,270.0021,0.0000,0.0000,0.0000,0.0000,0.0000,0.0000,0.0000,0.0000,0.0000,1,0,0,0,0,0.0000
66.9288,185.2042,0.0864,102.8923,0.0000,0.0000,0.0000,0.0000,0.0000,270.0021,0.0000,0.0000,0.0000,0.0000,0.0000,0.0000,0.0000,0.0000,0.0000,1,0,0,0,0,0.0000
66.9972,185.2042,0.0864,102.8923,0.0000,0.0000,0.0000,0.0000,0.0000,270.0021,0.0000,0.0000,0.0000,0.0000,0.0000,0.0000,0.0000,0.0000,0.0000,1,0,0,0,0,0.0000
67.0532,185.2042,0.0864,102.8923,0.0000,0.0000,0.0000,0.0000,0.0000,270.0021,0.0000,0.0000,0.0000,0.0000,0.0000,0.0000,0.0000,0.0000,0.0000,1,0,0,0,0,0.0000
67.1283,185.2042,0.0864,102.8923,0.0000,0.0000,0.0000,0.0000,0.0000,270.0021,0.0000,0.0000,0.0000,0.0000,0.0000,0.0000,0.0000,0.0000,0.0000,1,0,0,0,0,0.0000
67.2072,185.2042,0.0864,102.8923,0.0000,0.0000,0.0000,0.0000,0.0000,270.0021,0.0000,0.0000,0.0000,0.0000,0.0000,0.0000,0.0000,0.0000,0.0000,1,0,0,0,0,0.0000
67.2624,185.2042,0.0864,102.8923,0.0000,0.0000,0.0000,0.0000,0.0000,270.0021,0.0000,0.0000,0.0000,0.0000,0.0000,0.0000,0.0000,0.0000,0.0000,1,0,0,0,0,0.0000
67.3163,185.2042,0.0864,102.8923,0.0000,0.0000,0.0000,0.0000,0.0000,270.0021,0.0000,0.0000,0.0000,0.0000,0.0000,0.0000,0.0000,0.0000,0.0000,1,0,0,0,0,0.0000
67.3878,185.2042,0.0864,102.8923,0.0000,0.0000,0.0000,0.0000,0.0000,270.0021,0.0000,0.0000,0.0000,0.0000,0.0000,0.0000,0.0000,0.0000,0.0000,1,0,0,0,0,0.0000
67.4386,185.2042,0.0864,102.8923,0.0000,0.0000,0.0000,0.0000,0.0000,270.0021,0.0000,0.0000,0.0000,0.0000,0.0000,0.0000,0.0000,0.0000,0.0000,1,0,0,0,0,0.0000
67.5064,185.2042,0.0864,102.8923,0.0000,0.0000,0.0000,0.0000,0.0000,270.0021,0.0000,0.0000,0.0000,0.0000,0.0000,0.0000,0.0000,0.0000,0.0000,1,0,0,0,0,0.0000
67.5609,185.2042,0.0864,102.8923,0.0000,0.0000,0.0000,0.0000,0.0000,270.0021,0.0000,0.0000,0.0000,0.0000,0.0000,0.0000,0.0000,0.0000,0.0000,1,0,0,0,0,0.0000
67.6162,185.2042,0.0864,102.8923,0.0000,0.0000,0.0000,0.0000,0.0000,270.0021,0.0000,0.0000,0.0000,0.0000,0.0000,0.0000,0.0000,0.0000,0.0000,1,0,0,0,0,0.0000
67.6715,185.2042,0.0864,102.8923,0.0000,0.0000,0.0000,0.0000,0.0000,270.0021,0.0000,0.0000,0.0000,0.0000,0.0000,0.0000,0.0000,0.0000,0.0000,1,0,0,0,0,0.0000
67.7411,185.2042,0.0864,102.8923,0.0000,0.0000,0.0000,0.0000,0.0000,270.0021,0.0000,0.0000,0.0000,0.0000,0.0000,0.0000,0.0000,0.0000,0.0000,1,0,0,0,0,0.0000
67.7967,185.2042,0.0864,102.8923,0.0000,0.0000,0.0000,0.0000,0.0000,270.0021,0.0000,0.0000,0.0000,0.0000,0.0000,0.0000,0.0000,0.0000,0.0000,1,0,0,0,0,0.0000
67.8522,185.2042,0.0864,102.8923,0.0000,0.0000,0.0000,0.0000,0.0000,270.0021,0.0000,0.0000,0.0000,0.0000,0.0000,0.0000,0.0000,0.0000,0.0000,1,0,0,0,0,0.0000
67.9077,185.2042,0.0864,102.8923,0.0000,0.0000,0.0000,0.0000,0.0000,270.0021,0.0000,0.0000,0.0000,0.0000,0.0000,0.0000,0.0000,0.0000,0.0000,1,0,0,0,0,0.0000
67.9633,185.2042,0.0864,102.8923,0.0000,0.0000,0.0000,0.0000,0.0000,270.0021,0.0000,0.0000,0.0000,0.0000,0.0000,0.0000,0.0000,0.0000,0.0000,1,0,0,0,0,0.0000
68.0331,185.2042,0.0864,102.8923,0.0000,0.0000,0.0000,0.0000,0.0000,270.0021,0.0000,0.0000,0.0000,0.0000,0.0000,0.0000,0.0000,0.0000,0.0000,1,0,0,0,0,0.0000
68.0884,185.2042,0.0864,102.8923,0.0000,0.0000,0.0000,0.0000,0.0000,270.0021,0.0000,0.0000,0.0000,0.0000,0.0000,0.0000,0.0000,0.0000,0.0000,1,0,0,0,0,0.0000
68.1576,185.2042,0.0864,102.8923,0.0000,0.0000,0.0000,0.0000,0.0000,270.0021,0.0000,0.0000,0.0000,0.0000,0.0000,0.0000,0.0000,0.0000,0.0000,1,0,0,0,0,0.0000
68.2130,185.2042,0.0864,102.8923,0.0000,0.0000,0.0000,0.0000,0.0000,270.0021,0.0000,0.0000,0.0000,0.0000,0.0000,0.0000,0.0000,0.0000,0.0000,1,0,0,0,0,0.0000
68.2700,185.2042,0.0864,102.8923,0.0000,0.0000,0.0000,0.0000,0.0000,270.0021,0.0000,0.0000,0.0000,0.0000,0.0000,0.0000,0.0000,0.0000,0.0000,1,0,0,0,0,0.0000
68.3263,185.2042,0.0864,102.8923,0.0000,0.0000,0.0000,0.0000,0.0000,270.0021,0.0000,0.0000,0.0000,0.0000,0.0000,0.0000,0.0000,0.0000,0.0000,1,0,0,0,0,0.0000
68.3949,185.2042,0.0864,102.8923,0.0000,0.0000,0.0000,0.0000,0.0000,270.0021,0.0000,0.0000,0.0000,0.0000,0.0000,0.0000,0.0000,0.0000,0.0000,1,0,0,0,0,0.0000
68.4497,185.2042,0.0864,102.8923,0.0000,0.0000,0.0000,0.0000,0.0000,270.0021,0.0000,0.0000,0.0000,0.0000,0.0000,0.0000,0.0000,0.0000,0.0000,1,0,0,0,0,0.0000
68.5300,185.2042,0.0864,102.8923,0.0000,0.0000,0.0000,0.0000,0.0000,270.0021,0.0000,0.0000,0.0000,0.0000,0.0000,0.0000,0.0000,0.0000,0.0000,1,0,0,0,0,0.0000
68.5948,185.2042,0.0864,102.8923,0.0000,0.0000,0.0000,0.0000,0.0000,270.0021,0.0000,0.0000,0.0000,0.0000,0.0000,0.0000,0.0000,0.0000,0.0000,1,0,0,0,0,0.0000
68.6646,185.2042,0.0864,102.8923,0.0000,0.0000,0.0000,0.0000,0.0000,270.0021,0.0000,0.0000,0.0000,0.0000,0.0000,0.0000,0.0000,0.0000,0.0000,1,0,0,0,0,0.0000
68.7227,185.2042,0.0864,102.8923,0.0000,0.0000,0.0000,0.0000,0.0000,270.0021,0.0000,0.0000,0.0000,0.0000,0.0000,0.0000,0.0000,0.0000,0.0000,1,0,0,0,0,0.0000
68.7926,185.2042,0.0864,102.8923,0.0000,0.0000,0.0000,0.0000,0.0000,270.0021,0.0000,0.0000,0.0000,0.0000,0.0000,0.0000,0.0000,0.0000,0.0000,1,0,0,0,0,0.0000
68.8453,185.2042,0.0864,102.8923,0.0000,0.0000,0.0000,0.0000,0.0000,270.0021,0.0000,0.0000,0.0000,0.0000,0.0000,0.0000,0.0000,0.0000,0.0000,1,0,0,0,0,0.0000
68.9007,185.2042,0.0864,102.8923,0.0000,0.0000,0.0000,0.0000,0.0000,270.0021,0.0000,0.0000,0.0000,0.0000,0.0000,0.0000,0.0000,0.0000,0.0000,1,0,0,0,0,0.0000
68.9554,185.2042,0.0864,102.8923,0.0000,0.0000,0.0000,0.0000,0.0000,270.0021,0.0000,0.0000,0.0000,0.0000,0.0000,0.0000,0.0000,0.0000,0.0000,1,0,0,0,0,0.0000
69.0111,185.2042,0.0864,102.8923,0.0000,0.0000,0.0000,0.0000,0.0000,270.0021,0.0000,0.0000,0.0000,0.0000,0.0000,0.0000,0.0000,0.0000,0.0000,1,0,0,0,0,0.0000
69.0660,185.2042,0.0864,102.8923,0.0000,0.0000,0.0000,0.0000,0.0000,270.0021,0.0000,0.0000,0.0000,0.0000,0.0000,0.0000,0.0000,0.0000,0.0000,1,0,0,0,0,0.0000
69.1377,185.2042,0.0864,102.8923,0.0000,0.0000,0.0000,0.0000,0.0000,270.0021,0.0000,0.0000,0.0000,0.0000,0.0000,0.0000,0.0000,0.0000,0.0000,1,0,0,0,0,0.0000
69.1954,185.2042,0.0864,102.8923,0.0000,0.0000,0.0000,0.0000,0.0000,270.0021,0.0000,0.0000,0.0000,0.0000,0.0000,0.0000,0.0000,0.0000,0.0000,1,0,0,0,0,0.0000
69.2484,185.2042,0.0864,102.8923,0.0000,0.0000,0.0000,0.0000,0.0000,270.0021,0.0000,0.0000,0.0000,0.0000,0.0000,0.0000,0.0000,0.0000,0.0000,1,0,0,0,0,0.0000
69.3032,185.2042,0.0864,102.8923,0.0000,0.0000,0.0000,0.0000,0.0000,270.0021,0.0000,0.0000,0.0000,0.0000,0.0000,0.0000,0.0000,0.0000,0.0000,1,0,0,0,0,0.0000
69.3616,185.2042,0.0864,102.8923,0.0000,0.0000,0.0000,0.0000,0.0000,270.0021,0.0000,0.0000,0.0000,0.0000,0.0000,0.0000,0.0000,0.0000,0.0000,1,0,0,0,0,0.0000
69.4136,185.2042,0.0864,102.8923,0.0000,0.0000,0.0000,0.0000,0.0000,270.0021,0.0000,0.0000,0.0000,0.0000,0.0000,0.0000,0.0000,0.0000,0.0000,1,0,0,0,0,0.0000
69.4725,185.2042,0.0864,102.8923,0.0000,0.0000,0.0000,0.0000,0.0000,270.0021,0.0000,0.0000,0.0000,0.0000,0.0000,0.0000,0.0000,0.0000,0.0000,1,0,0,0,0,0.0000
69.5290,185.2042,0.0864,102.8923,0.0000,0.0000,0.0000,0.0000,0.0000,270.0021,0.0000,0.0000,0.0000,0.0000,0.0000,0.0000,0.0000,0.0000,0.0000,1,0,0,0,0,0.0000
69.5804,185.2042,0.0864,102.8923,0.0000,0.0000,0.0000,0.0000,0.0000,270.0021,0.0000,0.0000,0.0000,0.0000,0.0000,0.0000,0.0000,0.0000,0.0000,1,0,0,0,0,0.0000
69.6371,185.2042,0.0864,102.8923,0.0000,0.0000,0.0000,0.0000,0.0000,270.0021,0.0000,0.0000,0.0000,0.0000,0.0000,0.0000,0.0000,0.0000,0.0000,1,0,0,0,0,0.0000
69.7058,185.2042,0.0864,102.8923,0.0000,0.0000,0.0000,0.0000,0.0000,270.0021,0.0000,0.0000,0.0000,0.0000,0.0000,0.0000,0.0000,0.0000,0.0000,1,0,0,0,0,0.0000
69.7620,185.2042,0.0864,102.8923,0.0000,0.0000,0.0000,0.0000,0.0000,270.0021,0.0000,0.0000,0.0000,0.0000,0.0000,0.0000,0.0000,0.0000,0.0000,1,0,0,0,0,0.0000
69.8227,185.2042,0.0864,102.8923,0.0000,0.0000,0.0000,0.0000,0.0000,270.0021,0.0000,0.0000,0.0000,0.0000,0.0000,0.0000,0.0000,0.0000,0.0000,1,0,0,0,0,0.0000
69.9025,185.2042,0.0864,102.8923,0.0000,0.0000,0.0000,0.0000,0.0000,270.0021,0.0000,0.0000,0.0000,0.0000,0.0000,0.0000,0.0000,0.0000,0.0000,1,0,0,0,0,0.0000
69.9589,185.2042,0.0864,102.8923,0.0000,0.0000,0.0000,0.0000,0.0000,270.0021,0.0000,0.0000,0.0000,0.0000,0.0000,0.0000,0.0000,0.0000,0.0000,1,0,0,0,0,0.0000
70.0102,185.2042,0.0864,102.8923,0.0000,0.0000,0.0000,0.0000,0.0000,270.0021,0.0000,0.0000,0.0000,0.0000,0.0000,0.0000,0.0000,0.0000,0.0000,1,0,0,0,0,0.0000
70.0671,185.2042,0.0864,102.8923,0.0000,0.0000,0.0000,0.0000,0.0000,270.0021,0.0000,0.0000,0.0000,0.0000,0.0000,0.0000,0.0000,0.0000,0.0000,1,0,0,0,0,0.0000
70.1260,185.2042,0.0864,102.8923,0.0000,0.0000,0.0000,0.0000,0.0000,270.0021,0.0000,0.0000,0.0000,0.0000,0.0000,0.0000,0.0000,0.0000,0.0000,1,0,0,0,0,0.0000
70.1787,185.2042,0.0864,102.8923,0.0000,0.0000,0.0000,0.0000,0.0000,270.0021,0.0000,0.0000,0.0000,0.0000,0.0000,0.0000,0.0000,0.0000,0.0000,1,0,0,0,0,0.0000
70.2488,185.2042,0.0864,102.8923,0.0000,0.0000,0.0000,0.0000,0.0000,270.0021,0.0000,0.0000,0.0000,0.0000,0.0000,0.0000,0.0000,0.0000,0.0000,1,0,0,0,0,0.0000
70.3044,185.2042,0.0864,102.8923,0.0000,0.0000,0.0000,0.0000,0.0000,270.0021,0.0000,0.0000,0.0000,0.0000,0.0000,0.0000,0.0000,0.0000,0.0000,1,0,0,0,0,0.0000
70.3768,185.2042,0.0864,102.8923,0.0000,0.0000,0.0000,0.0000,0.0000,270.0021,0.0000,0.0000,0.0000,0.0000,0.0000,0.0000,0.0000,0.0000,0.0000,1,0,0,0,0,0.0000
70.4421,185.2042,0.0864,102.8923,0.0000,0.0000,0.0000,0.0000,0.0000,270.0021,0.0000,0.0000,0.0000,0.0000,0.0000,0.0000,0.0000,0.0000,0.0000,1,0,0,0,0,0.0000
70.4988,185.2042,0.0864,102.8923,0.0000,0.0000,0.0000,0.0000,0.0000,270.0021,0.0000,0.0000,0.0000,0.0000,0.0000,0.0000,0.0000,0.0000,0.0000,1,0,0,0,0,0.0000
70.5579,185.2042,0.0864,102.8923,0.0000,0.0000,0.0000,0.0000,0.0000,270.0021,0.0000,0.0000,0.0000,0.0000,0.0000,0.0000,0.0000,0.0000,0.0000,1,0,0,0,0,0.0000
70.6114,185.2042,0.0864,102.8923,0.0000,0.0000,0.0000,0.0000,0.0000,270.0021,0.0000,0.0000,0.0000,0.0000,0.0000,0.0000,0.0000,0.0000,0.0000,1,0,0,0,0,0.0000
70.6773,185.2042,0.0864,102.8923,0.0000,0.0000,0.0000,0.0000,0.0000,270.0021,0.0000,0.0000,0.0000,0.0000,0.0000,0.0000,0.0000,0.0000,0.0000,1,0,0,0,0,0.0000
70.7330,185.2042,0.0864,102.8923,0.0000,0.0000,0.0000,0.0000,0.0000,270.0021,0.0000,0.0000,0.0000,0.0000,0.0000,0.0000,0.0000,0.0000,0.0000,1,0,0,0,0,0.0000
70.8028,185.2042,0.0864,102.8923,0.0000,0.0000,0.0000,0.0000,0.0000,270.0021,0.0000,0.0000,0.0000,0.0000,0.0000,0.0000,0.0000,0.0000,0.0000,1,0,0,0,0,0.0000
70.8816,185.2042,0.0864,102.8923,0.0000,0.0000,0.0000,0.0000,0.0000,270.0021,0.0000,0.0000,0.0000,0.0000,0.0000,0.0000,0.0000,0.0000,0.0000,1,0,0,0,0,0.0000
70.9449,185.2042,0.0864,102.8923,0.0000,0.0000,0.0000,0.0000,0.0000,270.0021,0.0000,0.0000,0.0000,0.0000,0.0000,0.0000,0.0000,0.0000,0.0000,1,0,0,0,0,0.0000
71.0009,185.2042,0.0864,102.8923,0.0000,0.0000,0.0000,0.0000,0.0000,270.0021,0.0000,0.0000,0.0000,0.0000,0.0000,0.0000,0.0000,0.0000,0.0000,1,0,0,0,0,0.0000
71.0587,185.2042,0.0864,102.8923,0.0000,0.0000,0.0000,0.0000,0.0000,270.0021,0.0000,0.0000,0.0000,0.0000,0.0000,0.0000,0.0000,0.0000,0.0000,1,0,0,0,0,0.0000
71.1123,185.2042,0.0864,102.8923,0.0000,0.0000,0.0000,0.0000,0.0000,270.0021,0.0000,0.0000,0.0000,0.0000,0.0000,0.0000,0.0000,0.0000,0.0000,1,0,0,0,0,0.0000
71.1720,185.2042,0.0864,102.8923,0.0000,0.0000,0.0000,0.0000,0.0000,270.0021,0.0000,0.0000,0.0000,0.0000,0.0000,0.0000,0.0000,0.0000,0.0000,1,0,0,0,0,0.0000
71.2249,185.2042,0.0864,102.8923,0.0000,0.0000,0.0000,0.0000,0.0000,270.0021,0.0000,0.0000,0.0000,0.0000,0.0000,0.0000,0.0000,0.0000,0.0000,1,0,0,0,0,0.0000
71.2784,185.2042,0.0864,102.8923,0.0000,0.0000,0.0000,0.0000,0.0000,270.0021,0.0000,0.0000,0.0000,0.0000,0.0000,0.0000,0.0000,0.0000,0.0000,1,0,0,0,0,0.0000
71.3613,185.2042,0.0864,102.8923,0.0000,0.0000,0.0000,0.0000,0.0000,270.0021,0.0000,0.0000,0.0000,0.0000,0.0000,0.0000,0.0000,0.0000,0.0000,1,0,0,0,0,0.0000
71.4237,185.2042,0.0864,102.8923,0.0000,0.0000,0.0000,0.0000,0.0000,270.0021,0.0000,0.0000,0.0000,0.0000,0.0000,0.0000,0.0000,0.0000,0.0000,1,0,0,0,0,0.0000
71.4862,185.2042,0.0864,102.8923,0.0000,0.0000,0.0000,0.0000,0.0000,270.0021,0.0000,0.0000,0.0000,0.0000,0.0000,0.0000,0.0000,0.0000,0.0000,1,0,0,0,0,0.0000
71.5717,185.2042,0.0864,102.8923,0.0000,0.0000,0.0000,0.0000,0.0000,270.0021,0.0000,0.0000,0.0000,0.0000,0.0000,0.0000,0.0000,0.0000,0.0000,1,0,0,0,0,0.0000
71.6280,185.2042,0.0864,102.8923,0.0000,0.0000,0.0000,0.0000,0.0000,270.0021,0.0000,0.0000,0.0000,0.0000,0.0000,0.0000,0.0000,0.0000,0.0000,1,0,0,0,0,0.0000
71.6810,185.2042,0.0864,102.8923,0.0000,0.0000,0.0000,0.0000,0.0000,270.0021,0.0000,0.0000,0.0000,0.0000,0.0000,0.0000,0.0000,0.0000,0.0000,1,0,0,0,0,0.0000
71.7358,185.2042,0.0864,102.8923,0.0000,0.0000,0.0000,0.0000,0.0000,270.0021,0.0000,0.0000,0.0000,0.0000,0.0000,0.0000,0.0000,0.0000,0.0000,1,0,0,0,0,0.0000
71.8088,185.2042,0.0864,102.8923,0.0000,0.0000,0.0000,0.0000,0.0000,270.0021,0.0000,0.0000,0.0000,0.0000,0.0000,0.0000,0.0000,0.0000,0.0000,1,0,0,0,0,0.0000
71.8795,185.2042,0.0864,102.8923,0.0000,0.0000,0.0000,0.0000,0.0000,270.0021,0.0000,0.0000,0.0000,0.0000,0.0000,0.0000,0.0000,0.0000,0.0000,1,0,0,0,0,0.0000
71.9315,185.2042,0.0864,102.8923,0.0000,0.0000,0.0000,0.0000,0.0000,270.0021,0.0000,0.0000,0.0000,0.0000,0.0000,0.0000,0.0000,0.0000,0.0000,1,0,0,0,0,0.0000
72.0140,185.2042,0.0864,102.8923,0.0000,0.0000,0.0000,0.0000,0.0000,270.0021,0.0000,0.0000,0.0000,0.0000,0.0000,0.0000,0.0000,0.0000,0.0000,1,0,0,0,0,0.0000
72.0700,185.2042,0.0864,102.8923,0.0000,0.0000,0.0000,0.0000,0.0000,270.0021,0.0000,0.0000,0.0000,0.0000,0.0000,0.0000,0.0000,0.0000,0.0000,1,0,0,0,0,0.0000
72.1518,185.2042,0.0864,102.8923,0.0000,0.0000,0.0000,0.0000,0.0000,270.0021,0.0000,0.0000,0.0000,0.0000,0.0000,0.0000,0.0000,0.0000,0.0000,1,0,0,0,0,0.0000
72.2116,185.2042,0.0864,102.8923,0.0000,0.0000,0.0000,0.0000,0.0000,270.0021,0.0000,0.0000,0.0000,0.0000,0.0000,0.0000,0.0000,0.0000,0.0000,1,0,0,0,0,0.0000
72.2827,185.2042,0.0864,102.8923,0.0000,0.0000,0.0000,0.0000,0.0000,270.0021,0.0000,0.0000,0.0000,0.0000,0.0000,0.0000,0.0000,0.0000,0.0000,1,0,0,0,0,0.0000
72.3638,185.2042,0.0864,102.8923,0.0000,0.0000,0.0000,0.0000,0.0000,270.0021,0.0000,0.0000,0.0000,0.0000,0.0000,0.0000,0.0000,0.0000,0.0000,1,0,0,0,0,0.0000
72.4621,185.2042,0.0864,102.8923,0.0000,0.0000,0.0000,0.0000,0.0000,270.0021,0.0000,0.0000,0.0000,0.0000,0.0000,0.0000,0.0000,0.0000,0.0000,1,0,0,0,0,0.0000
72.5211,185.2042,0.0864,102.8923,0.0000,0.0000,0.0000,0.0000,0.0000,270.0021,0.0000,0.0000,0.0000,0.0000,0.0000,0.0000,0.0000,0.0000,0.0000,1,0,0,0,0,0.0000
72.5886,185.2042,0.0864,102.8923,0.0000,0.0000,0.0000,0.0000,0.0000,270.0021,0.0000,0.0000,0.0000,0.0000,0.0000,0.0000,0.0000,0.0000,0.0000,1,0,0,0,0,0.0000
72.6550,185.2042,0.0864,102.8923,0.0000,0.0000,0.0000,0.0000,0.0000,270.0021,0.0000,0.0000,0.0000,0.0000,0.0000,0.0000,0.0000,0.0000,0.0000,1,0,0,0,0,0.0000
72.7351,185.2042,0.0864,102.8923,0.0000,0.0000,0.0000,0.0000,0.0000,270.0021,0.0000,0.0000,0.0000,0.0000,0.0000,0.0000,0.0000,0.0000,0.0000,1,0,0,0,0,0.0000
72.7934,185.2042,0.0864,102.8923,0.0000,0.0000,0.0000,0.0000,0.0000,270.0021,0.0000,0.0000,0.0000,0.0000,0.0000,0.0000,0.0000,0.0000,0.0000,1,0,0,0,0,0.0000
72.8454,185.2042,0.0864,102.8923,0.0000,0.0000,0.0000,0.0000,0.0000,270.0021,0.0000,0.0000,0.0000,0.0000,0.0000,0.0000,0.0000,0.0000,0.0000,1,0,0,0,0,0.0000
72.8999,185.2042,0.0864,102.8923,0.0000,0.0000,0.0000,0.0000,0.0000,270.0021,0.0000,0.0000,0.0000,0.0000,0.0000,0.0000,0.0000,0.0000,0.0000,1,0,0,0,0,0.0000
72.9590,185.2042,0.0864,102.8923,0.0000,0.0000,0.0000,0.0000,0.0000,270.0021,0.0000,0.0000,0.0000,0.0000,0.0000,0.0000,0.0000,0.0000,0.0000,1,0,0,0,0,0.0000
73.0252,185.2042,0.0864,102.8923,0.0000,0.0000,0.0000,0.0000,0.0000,270.0021,0.0000,0.0000,0.0000,0.0000,0.0000,0.0000,0.0000,0.0000,0.0000,1,0,0,0,0,0.0000
73.0831,185.2042,0.0864,102.8923,0.0000,0.0000,0.0000,0.0000,0.0000,270.0021,0.0000,0.0000,0.0000,0.0000,0.0000,0.0000,0.0000,0.0000,0.0000,1,0,0,0,0,0.0000
73.1364,185.2042,0.0864,102.8923,0.0000,0.0000,0.0000,0.0000,0.0000,270.0021,0.0000,0.0000,0.0000,0.0000,0.0000,0.0000,0.0000,0.0000,0.0000,1,0,0,0,0,0.0000
73.1910,185.2042,0.0864,102.8923,0.0000,0.0000,0.0000,0.0000,0.0000,270.0021,0.0000,0.0000,0.0000,0.0000,0.0000,0.0000,0.0000,0.0000,0.0000,1,0,0,0,0,0.0000
73.2487,185.2042,0.0864,102.8923,0.0000,0.0000,0.0000,0.0000,0.0000,270.0021,0.0000,0.0000,0.0000,0.0000,0.0000,0.0000,0.0000,0.0000,0.0000,1,0,0,0,0,0.0000
73.3026,185.2042,0.0864,102.8923,0.0000,0.0000,0.0000,0.0000,0.0000,270.0021,0.0000,0.0000,0.0000,0.0000,0.0000,0.0000,0.0000,0.0000,0.0000,1,0,0,0,0,0.0000
73.3609,185.2042,0.0864,102.8923,0.0000,0.0000,0.0000,0.0000,0.0000,270.0021,0.0000,0.0000,0.0000,0.0000,0.0000,0.0000,0.0000,0.0000,0.0000,1,0,0,0,0,0.0000
73.4137,185.2042,0.0864,102.8923,0.0000,0.0000,0.0000,0.0000,0.0000,270.0021,0.0000,0.0000,0.0000,0.0000,0.0000,0.0000,0.0000,0.0000,0.0000,1,0,0,0,0,0.0000
73.4711,185.2042,0.0864,102.8923,0.0000,0.0000,0.0000,0.0000,0.0000,270.0021,0.0000,0.0000,0.0000,0.0000,0.0000,0.0000,0.0000,0.0000,0.0000,1,0,0,0,0,0.0000
73.5470,185.2042,0.0864,102.8923,0.0000,0.0000,0.0000,0.0000,0.0000,270.0021,0.0000,0.0000,0.0000,0.0000,0.0000,0.0000,0.0000,0.0000,0.0000,1,0,0,0,0,0.0000
73.6089,185.2042,0.0864,102.8923,0.0000,0.0000,0.0000,0.0000,0.0000,270.0021,0.0000,0.0000,0.0000,0.0000,0.0000,0.0000,0.0000,0.0000,0.0000,1,0,0,0,0,0.0000
73.6632,185.2042,0.0864,102.8923,0.0000,0.0000,0.0000,0.0000,0.0000,270.0021,0.0000,0.0000,0.0000,0.0000,0.0000,0.0000,0.0000,0.0000,0.0000,1,0,0,0,0,0.0000
73.7203,185.2042,0.0864,102.8923,0.0000,0.0000,0.0000,0.0000,0.0000,270.0021,0.0000,0.0000,0.0000,0.0000,0.0000,0.0000,0.0000,0.0000,0.0000,1,0,0,0,0,0.0000
73.7753,185.2042,0.0864,102.8923,0.0000,0.0000,0.0000,0.0000,0.0000,270.0021,0.0000,0.0000,0.0000,0.0000,0.0000,0.0000,0.0000,0.0000,0.0000,1,0,0,0,0,0.0000
73.8482,185.2042,0.0864,102.8923,0.0000,0.0000,0.0000,0.0000,0.0000,270.0021,0.0000,0.0000,0.0000,0.0000,0.0000,0.0000,0.0000,0.0000,0.0000,1,0,0,0,0,0.0000
73.9180,185.2042,0.0864,102.8923,0.0000,0.0000,0.0000,0.0000,0.0000,270.0021,0.0000,0.0000,0.0000,0.0000,0.0000,0.0000,0.0000,0.0000,0.0000,1,0,0,0,0,0.0000
73.9752,185.2042,0.0864,102.8923,0.0000,0.0000,0.0000,0.0000,0.0000,270.0021,0.0000,0.0000,0.0000,0.0000,0.0000,0.0000,0.0000,0.0000,0.0000,1,0,0,0,0,0.0000
74.0340,185.2042,0.0864,102.8923,0.0000,0.0000,0.0000,0.0000,0.0000,270.0021,0.0000,0.0000,0.0000,0.0000,0.0000,0.0000,0.0000,0.0000,0.0000,1,0,0,0,0,0.0000
74.1107,185.2042,0.0864,102.8923,0.0000,0.0000,0.0000,0.0000,0.0000,270.0021,0.0000,0.0000,0.0000,0.0000,0.0000,0.0000,0.0000,0.0000,0.0000,1,0,0,0,0,0.0000
74.1962,185.2042,0.0864,102.8923,0.0000,0.0000,0.0000,0.0000,0.0000,270.0021,0.0000,0.0000,0.0000,0.0000,0.0000,0.0000,0.0000,0.0000,0.0000,1,0,0,0,0,0.0000
74.2525,185.2042,0.0864,102.8923,0.0000,0.0000,0.0000,0.0000,0.0000,270.0021,0.0000,0.0000,0.0000,0.0000,0.0000,0.0000,0.0000,0.0000,0.0000,1,0,0,0,0,0.0000
74.3089,185.2042,0.0864,102.8923,0.0000,0.0000,0.0000,0.0000,0.0000,270.0021,0.0000,0.0000,0.0000,0.0000,0.0000,0.0000,0.0000,0.0000,0.0000,1,0,0,0,0,0.0000
74.3628,185.2042,0.0864,102.8923,0.0000,0.0000,0.0000,0.0000,0.0000,270.0021,0.0000,0.0000,0.0000,0.0000,0.0000,0.0000,0.0000,0.0000,0.0000,1,0,0,0,0,0.0000
74.4211,185.2042,0.0864,102.8923,0.0000,0.0000,0.0000,0.0000,0.0000,270.0021,0.0000,0.0000,0.0000,0.0000,0.0000,0.0000,0.0000,0.0000,0.0000,1,0,0,0,0,0.0000
74.4784,185.2042,0.0864,102.8923,0.0000,0.0000,0.0000,0.0000,0.0000,270.0021,0.0000,0.0000,0.0000,0.0000,0.0000,0.0000,0.0000,0.0000,0.0000,1,0,0,0,0,0.0000
74.5459,185.2042,0.0864,102.8923,0.0000,0.0000,0.0000,0.0000,0.0000,270.0021,0.0000,0.0000,0.0000,0.0000,0.0000,0.0000,0.0000,0.0000,0.0000,1,0,0,0,0,0.0000
74.6151,185.2042,0.0864,102.8923,0.0000,0.0000,0.0000,0.0000,0.0000,270.0021,0.0000,0.0000,0.0000,0.0000,0.0000,0.0000,0.0000,0.0000,0.0000,1,0,0,0,0,0.0000
74.6688,185.2042,0.0864,102.8923,0.0000,0.0000,0.0000,0.0000,0.0000,270.0021,0.0000,0.0000,0.0000,0.0000,0.0000,0.0000,0.0000,0.0000,0.0000,1,0,0,0,0,0.0000
74.7341,185.2042,0.0864,102.8923,0.0000,0.0000,0.0000,0.0000,0.0000,270.0021,0.0000,0.0000,0.0000,0.0000,0.0000,0.0000,0.0000,0.0000,0.0000,1,0,0,0,0,0.0000
74.7944,185.2042,0.0864,102.8923,0.0000,0.0000,0.0000,0.0000,0.0000,270.0021,0.0000,0.0000,0.0000,0.0000,0.0000,0.0000,0.0000,0.0000,0.0000,1,0,0,0,0,0.0000
74.8495,185.2042,0.0864,102.8923,0.0000,0.0000,0.0000,0.0000,0.0000,270.0021,0.0000,0.0000,0.0000,0.0000,0.0000,0.0000,0.0000,0.0000,0.0000,1,0,0,0,0,0.0000
74.9037,185.2042,0.0864,102.8923,0.0000,0.0000,0.0000,0.0000,0.0000,270.0021,0.0000,0.0000,0.0000,0.0000,0.0000,0.0000,0.0000,0.0000,0.0000,1,0,0,0,0,0.0000
74.9600,185.2042,0.0864,102.8923,0.0000,0.0000,0.0000,0.0000,0.0000,270.0021,0.0000,0.0000,0.0000,0.0000,0.0000,0.0000,0.0000,0.0000,0.0000,1,0,0,0,0,0.0000
75.0104,185.2042,0.0864,102.8923,0.0000,0.0000,0.0000,0.0000,0.0000,270.0021,0.0000,0.0000,0.0000,0.0000,0.0000,0.0000,0.0000,0.0000,0.0000,1,0,0,0,0,0.0000
75.0668,185.2042,0.0864,102.8923,0.0000,0.0000,0.0000,0.0000,0.0000,270.0021,0.0000,0.0000,0.0000,0.0000,0.0000,0.0000,0.0000,0.0000,0.0000,1,0,0,0,0,0.0000
75.1215,185.2042,0.0864,102.8923,0.0000,0.0000,0.0000,0.0000,0.0000,270.0021,0.0000,0.0000,0.0000,0.0000,0.0000,0.0000,0.0000,0.0000,0.0000,1,0,0,0,0,0.0000
75.1910,185.2042,0.0864,102.8923,0.0000,0.0000,0.0000,0.0000,0.0000,270.0021,0.0000,0.0000,0.0000,0.0000,0.0000,0.0000,0.0000,0.0000,0.0000,1,0,0,0,0,0.0000
75.2475,185.2042,0.0864,102.8923,0.0000,0.0000,0.0000,0.0000,0.0000,270.0021,0.0000,0.0000,0.0000,0.0000,0.0000,0.0000,0.0000,0.0000,0.0000,1,0,0,0,0,0.0000
75.3056,185.2042,0.0864,102.8923,0.0000,0.0000,0.0000,0.0000,0.0000,270.0021,0.0000,0.0000,0.0000,0.0000,0.0000,0.0000,0.0000,0.0000,0.0000,1,0,0,0,0,0.0000
75.3744,185.2042,0.0864,102.8923,0.0000,0.0000,0.0000,0.0000,0.0000,270.0021,0.0000,0.0000,0.0000,0.0000,0.0000,0.0000,0.0000,0.0000,0.0000,1,0,0,0,0,0.0000
75.4305,185.2042,0.0864,102.8923,0.0000,0.0000,0.0000,0.0000,0.0000,270.0021,0.0000,0.0000,0.0000,0.0000,0.0000,0.0000,0.0000,0.0000,0.0000,1,0,0,0,0,0.0000
75.5000,185.2042,0.0864,102.8923,0.0000,0.0000,0.0000,0.0000,0.0000,270.0021,0.0000,0.0000,0.0000,0.0000,0.0000,0.0000,0.0000,0.0000,0.0000,1,0,0,0,0,0.0000
75.5539,185.2042,0.0864,102.8923,0.0000,0.0000,0.0000,0.0000,0.0000,270.0021,0.0000,0.0000,0.0000,0.0000,0.0000,0.0000,0.0000,0.0000,0.0000,1,0,0,0,0,0.0000
75.6082,185.2042,0.0864,102.8923,0.0000,0.0000,0.0000,0.0000,0.0000,270.0021,0.0000,0.0000,0.0000,0.0000,0.0000,0.0000,0.0000,0.0000,0.0000,1,0,0,0,0,0.0000
75.6784,185.2042,0.0864,102.8923,0.0000,0.0000,0.0000,0.0000,0.0000,270.0021,0.0000,0.0000,0.0000,0.0000,0.0000,0.0000,0.0000,0.0000,0.0000,1,0,0,0,0,0.0000
75.7611,185.2042,0.0864,102.8923,0.0000,0.0000,0.0000,0.0000,0.0000,270.0021,0.0000,0.0000,0.0000,0.0000,0.0000,0.0000,0.0000,0.0000,0.0000,1,0,0,0,0,0.0000
75.8167,185.2042,0.0864,102.8923,0.0000,0.0000,0.0000,0.0000,0.0000,270.0021,0.0000,0.0000,0.0000,0.0000,0.0000,0.0000,0.0000,0.0000,0.0000,1,0,0,0,0,0.0000
75.8747,185.2042,0.0864,102.8923,0.0000,0.0000,0.0000,0.0000,0.0000,270.0021,0.0000,0.0000,0.0000,0.0000,0.0000,0.0000,0.0000,0.0000,0.0000,1,0,0,0,0,0.0000
75.9293,185.2042,0.0864,102.8923,0.0000,0.0000,0.0000,0.0000,0.0000,270.0021,0.0000,0.0000,0.0000,0.0000,0.0000,0.0000,0.0000,0.0000,0.0000,1,0,0,0,0,0.0000
75.9869,185.2042,0.0864,102.8923,0.0000,0.0000,0.0000,0.0000,0.0000,270.0021,0.0000,0.0000,0.0000,0.0000,0.0000,0.0000,0.0000,0.0000,0.0000,1,0,0,0,0,0.0000
76.0397,185.2042,0.0864,102.8923,0.0000,0.0000,0.0000,0.0000,0.0000,270.0021,0.0000,0.0000,0.0000,0.0000,0.0000,0.0000,0.0000,0.0000,0.0000,1,0,0,0,0,0.0000
76.0945,185.2042,0.0864,102.8923,0.0000,0.0000,0.0000,0.0000,0.0000,270.0021,0.0000,0.0000,0.0000,0.0000,0.0000,0.0000,0.0000,0.0000,0.0000,1,0,0,0,0,0.0000
76.1511,185.2042,0.0864,102.8923,0.0000,0.0000,0.0000,0.0000,0.0000,270.0021,0.0000,0.0000,0.0000,0.0000,0.0000,0.0000,0.0000,0.0000,0.0000,1,0,0,0,0,0.0000
76.2055,185.2042,0.0864,102.8923,0.0000,0.0000,0.0000,0.0000,0.0000,270.0021,0.0000,0.0000,0.0000,0.0000,0.0000,0.0000,0.0000,0.0000,0.0000,1,0,0,0,0,0.0000
76.2775,185.2042,0.0864,102.8923,0.0000,0.0000,0.0000,0.0000,0.0000,270.0021,0.0000,0.0000,0.0000,0.0000,0.0000,0.0000,0.0000,0.0000,0.0000,1,0,0,0,0,0.0000
76.3303,185.2042,0.0864,102.8923,0.0000,0.0000,0.0000,0.0000,0.0000,270.0021,0.0000,0.0000,0.0000,0.0000,0.0000,0.0000,0.0000,0.0000,0.0000,1,0,0,0,0,0.0000
76.3849,185.2042,0.0864,102.8923,0.0000,0.0000,0.0000,0.0000,0.0000,270.0021,0.0000,0.0000,0.0000,0.0000,0.0000,0.0000,0.0000,0.0000,0.0000,1,0,0,0,0,0.0000
76.4429,185.2042,0.0864,102.8923,0.0000,0.0000,0.0000,0.0000,0.0000,270.0021,0.0000,0.0000,0.0000,0.0000,0.0000,0.0000,0.0000,0.0000,0.0000,1,0,0,0,0,0.0000
76.4981,185.2042,0.0864,102.8923,0.0000,0.0000,0.0000,0.0000,0.0000,270.0021,0.0000,0.0000,0.0000,0.0000,0.0000,0.0000,0.0000,0.0000,0.0000,1,0,0,0,0,0.0000
76.5539,185.2042,0.0864,102.8923,0.0000,0.0000,0.0000,0.0000,0.0000,270.0021,0.0000,0.0000,0.0000,0.0000,0.0000,0.0000,0.0000,0.0000,0.0000,1,0,0,0,0,0.0000
76.6082,185.2042,0.0864,102.8923,0.0000,0.0000,0.0000,0.0000,0.0000,270.0021,0.0000,0.0000,0.0000,0.0000,0.0000,0.0000,0.0000,0.0000,0.0000,1,0,0,0,0,0.0000
76.6685,185.2042,0.0864,102.8923,0.0000,0.0000,0.0000,0.0000,0.0000,270.0021,0.0000,0.0000,0.0000,0.0000,0.0000,0.0000,0.0000,0.0000,0.0000,1,0,0,0,0,0.0000
76.7325,185.2042,0.0864,102.8923,0.0000,0.0000,0.0000,0.0000,0.0000,270.0021,0.0000,0.0000,0.0000,0.0000,0.0000,0.0000,0.0000,0.0000,0.0000,1,0,0,0,0,0.0000
76.8020,185.2042,0.0864,102.8923,0.0000,0.0000,0.0000,0.0000,0.0000,270.0021,0.0000,0.0000,0.0000,0.0000,0.0000,0.0000,0.0000,0.0000,0.0000,1,0,0,0,0,0.0000
76.8579,185.2042,0.0864,102.8923,0.0000,0.0000,0.0000,0.0000,0.0000,270.0021,0.0000,0.0000,0.0000,0.0000,0.0000,0.0000,0.0000,0.0000,0.0000,1,0,0,0,0,0.0000
76.9151,185.2042,0.0864,102.8923,0.0000,0.0000,0.0000,0.0000,0.0000,270.0021,0.0000,0.0000,0.0000,0.0000,0.0000,0.0000,0.0000,0.0000,0.0000,1,0,0,0,0,0.0000
76.9822,185.2042,0.0864,102.8923,0.0000,0.0000,0.0000,0.0000,0.0000,270.0021,0.0000,0.0000,0.0000,0.0000,0.0000,0.0000,0.0000,0.0000,0.0000,1,0,0,0,0,0.0000
77.0393,185.2042,0.0864,102.8923,0.0000,0.0000,0.0000,0.0000,0.0000,270.0021,0.0000,0.0000,0.0000,0.0000,0.0000,0.0000,0.0000,0.0000,0.0000,1,0,0,0,0,0.0000
77.0953,185.2042,0.0864,102.8923,0.0000,0.0000,0.0000,0.0000,0.0000,270.0021,0.0000,0.0000,0.0000,0.0000,0.0000,0.0000,0.0000,0.0000,0.0000,1,0,0,0,0,0.0000
77.1521,185.2042,0.0864,102.8923,0.0000,0.0000,0.0000,0.0000,0.0000,270.0021,0.0000,0.0000,0.0000,0.0000,0.0000,0.0000,0.0000,0.0000,0.0000,1,0,0,0,0,0.0000
77.2052,185.2042,0.0864,102.8923,0.0000,0.0000,0.0000,0.0000,0.0000,270.0021,0.0000,0.0000,0.0000,0.0000,0.0000,0.0000,0.0000,0.0000,0.0000,1,0,0,0,0,0.0000
77.2608,185.2042,0.0864,102.8923,0.0000,0.0000,0.0000,0.0000,0.0000,270.0021,0.0000,0.0000,0.0000,0.0000,0.0000,0.0000,0.0000,0.0000,0.0000,1,0,0,0,0,0.0000
77.3172,185.2042,0.0864,102.8923,0.0000,0.0000,0.0000,0.0000,0.0000,270.0021,0.0000,0.0000,0.0000,0.0000,0.0000,0.0000,0.0000,0.0000,0.0000,1,0,0,0,0,0.0000
77.3852,185.2042,0.0864,102.8923,0.0000,0.0000,0.0000,0.0000,0.0000,270.0021,0.0000,0.0000,0.0000,0.0000,0.0000,0.0000,0.0000,0.0000,0.0000,1,0,0,0,0,0.0000
77.4423,185.2042,0.0864,102.8923,0.0000,0.0000,0.0000,0.0000,0.0000,270.0021,0.0000,0.0000,0.0000,0.0000,0.0000,0.0000,0.0000,0.0000,0.0000,1,0,0,0,0,0.0000
77.4967,185.2042,0.0864,102.8923,0.0000,0.0000,0.0000,0.0000,0.0000,270.0021,0.0000,0.0000,0.0000,0.0000,0.0000,0.0000,0.0000,0.0000,0.0000,1,0,0,0,0,0.0000
77.5515,185.2042,0.0864,102.8923,0.0000,0.0000,0.0000,0.0000,0.0000,270.0021,0.0000,0.0000,0.0000,0.0000,0.0000,0.0000,0.0000,0.0000,0.0000,1,0,0,0,0,0.0000
77.6077,185.2042,0.0864,102.8923,0.0000,0.0000,0.0000,0.0000,0.0000,270.0021,0.0000,0.0000,0.0000,0.0000,0.0000,0.0000,0.0000,0.0000,0.0000,1,0,0,0,0,0.0000
77.6637,185.2042,0.0864,102.8923,0.0000,0.0000,0.0000,0.0000,0.0000,270.0021,0.0000,0.0000,0.0000,0.0000,0.0000,0.0000,0.0000,0.0000,0.0000,1,0,0,0,0,0.0000
77.7195,185.2042,0.0864,102.8923,0.0000,0.0000,0.0000,0.0000,0.0000,270.0021,0.0000,0.0000,0.0000,0.0000,0.0000,0.0000,0.0000,0.0000,0.0000,1,0,0,0,0,0.0000
77.7758,185.2042,0.0864,102.8923,0.0000,0.0000,0.0000,0.0000,0.0000,270.0021,0.0000,0.0000,0.0000,0.0000,0.0000,0.0000,0.0000,0.0000,0.0000,1,0,0,0,0,0.0000
77.8312,185.2042,0.0864,102.8923,0.0000,0.0000,0.0000,0.0000,0.0000,270.0021,0.0000,0.0000,0.0000,0.0000,0.0000,0.0000,0.0000,0.0000,0.0000,1,0,0,0,0,0.0000
77.9007,185.2042,0.0864,102.8923,0.0000,0.0000,0.0000,0.0000,0.0000,270.0021,0.0000,0.0000,0.0000,0.0000,0.0000,0.0000,0.0000,0.0000,0.0000,1,0,0,0,0,0.0000
77.9550,185.2042,0.0864,102.8923,0.0000,0.0000,0.0000,0.0000,0.0000,270.0021,0.0000,0.0000,0.0000,0.0000,0.0000,0.0000,0.0000,0.0000,0.0000,1,0,0,0,0,0.0000
78.0104,185.2042,0.0864,102.8923,0.0000,0.0000,0.0000,0.0000,0.0000,270.0021,0.0000,0.0000,0.0000,0.0000,0.0000,0.0000,0.0000,0.0000,0.0000,1,0,0,0,0,0.0000
78.0659,185.2042,0.0864,102.8923,0.0000,0.0000,0.0000,0.0000,0.0000,270.0021,0.0000,0.0000,0.0000,0.0000,0.0000,0.0000,0.0000,0.0000,0.0000,1,0,0,0,0,0.0000
78.1233,185.2042,0.0864,102.8923,0.0000,0.0000,0.0000,0.0000,0.0000,270.0021,0.0000,0.0000,0.0000,0.0000,0.0000,0.0000,0.0000,0.0000,0.0000,1,0,0,0,0,0.0000
78.1791,185.2042,0.0864,102.8923,0.0000,0.0000,0.0000,0.0000,0.0000,270.0021,0.0000,0.0000,0.0000,0.0000,0.0000,0.0000,0.0000,0.0000,0.0000,1,0,0,0,0,0.0000
78.2321,185.2042,0.0864,102.8923,0.0000,0.0000,0.0000,0.0000,0.0000,270.0021,0.0000,0.0000,0.0000,0.0000,0.0000,0.0000,0.0000,0.0000,0.0000,1,0,0,0,0,0.0000
78.2893,185.2042,0.0864,102.8923,0.0000,0.0000,0.0000,0.0000,0.0000,270.0021,0.0000,0.0000,0.0000,0.0000,0.0000,0.0000,0.0000,0.0000,0.0000,1,0,0,0,0,0.0000
78.3716,185.2042,0.0864,102.8923,0.0000,0.0000,0.0000,0.0000,0.0000,270.0021,0.0000,0.0000,0.0000,0.0000,0.0000,0.0000,0.0000,0.0000,0.0000,1,0,0,0,0,0.0000
78.4745,185.2042,0.0864,102.8923,0.0000,0.0000,0.0000,0.0000,0.0000,270.0021,0.0000,0.0000,0.0000,0.0000,0.0000,0.0000,0.0000,0.0000,0.0000,1,0,0,0,0,0.0000
78.5405,185.2042,0.0864,102.8923,0.0000,0.0000,0.0000,0.0000,0.0000,270.0021,0.0000,0.0000,0.0000,0.0000,0.0000,0.0000,0.0000,0.0000,0.0000,1,0,0,0,0,0.0000
78.5950,185.2042,0.0864,102.8923,0.0000,0.0000,0.0000,0.0000,0.0000,270.0021,0.0000,0.0000,0.0000,0.0000,0.0000,0.0000,0.0000,0.0000,0.0000,1,0,0,0,0,0.0000
78.6502,185.2042,0.0864,102.8923,0.0000,0.0000,0.0000,0.0000,0.0000,270.0021,0.0000,0.0000,0.0000,0.0000,0.0000,0.0000,0.0000,0.0000,0.0000,1,0,0,0,0,0.0000
78.7058,185.2042,0.0864,102.8923,0.0000,0.0000,0.0000,0.0000,0.0000,270.0021,0.0000,0.0000,0.0000,0.0000,0.0000,0.0000,0.0000,0.0000,0.0000,1,0,0,0,0,0.0000
78.7623,185.2042,0.0864,102.8923,0.0000,0.0000,0.0000,0.0000,0.0000,270.0021,0.0000,0.0000,0.0000,0.0000,0.0000,0.0000,0.0000,0.0000,0.0000,1,0,0,0,0,0.0000
78.8168,185.2042,0.0864,102.8923,0.0000,0.0000,0.0000,0.0000,0.0000,270.0021,0.0000,0.0000,0.0000,0.0000,0.0000,0.0000,0.0000,0.0000,0.0000,1,0,0,0,0,0.0000
78.8721,185.2042,0.0864,102.8923,0.0000,0.0000,0.0000,0.0000,0.0000,270.0021,0.0000,0.0000,0.0000,0.0000,0.0000,0.0000,0.0000,0.0000,0.0000,1,0,0,0,0,0.0000
78.9353,185.2042,0.0864,102.8923,0.0000,0.0000,0.0000,0.0000,0.0000,270.0021,0.0000,0.0000,0.0000,0.0000,0.0000,0.0000,0.0000,0.0000,0.0000,1,0,0,0,0,0.0000
78.9977,185.2042,0.0864,102.8923,0.0000,0.0000,0.0000,0.0000,0.0000,270.0021,0.0000,0.0000,0.0000,0.0000,0.0000,0.0000,0.0000,0.0000,0.0000,1,0,0,0,0,0.0000
79.0533,185.2042,0.0864,102.8923,0.0000,0.0000,0.0000,0.0000,0.0000,270.0021,0.0000,0.0000,0.0000,0.0000,0.0000,0.0000,0.0000,0.0000,0.0000,1,0,0,0,0,0.0000
79.1106,185.2042,0.0864,102.8923,0.0000,0.0000,0.0000,0.0000,0.0000,270.0021,0.0000,0.0000,0.0000,0.0000,0.0000,0.0000,0.0000,0.0000,0.0000,1,0,0,0,0,0.0000
79.1662,185.2042,0.0864,102.8923,0.0000,0.0000,0.0000,0.0000,0.0000,270.0021,0.0000,0.0000,0.0000,0.0000,0.0000,0.0000,0.0000,0.0000,0.0000,1,0,0,0,0,0.0000
79.2228,185.2042,0.0864,102.8923,0.0000,0.0000,0.0000,0.0000,0.0000,270.0021,0.0000,0.0000,0.0000,0.0000,0.0000,0.0000,0.0000,0.0000,0.0000,1,0,0,0,0,0.0000
79.2769,185.2042,0.0864,102.8923,0.0000,0.0000,0.0000,0.0000,0.0000,270.0021,0.0000,0.0000,0.0000,0.0000,0.0000,0.0000,0.0000,0.0000,0.0000,1,0,0,0,0,0.0000
79.3322,185.2042,0.0864,102.8923,0.0000,0.0000,0.0000,0.0000,0.0000,270.0021,0.0000,0.0000,0.0000,0.0000,0.0000,0.0000,0.0000,0.0000,0.0000,1,0,0,0,0,0.0000
79.3870,185.2042,0.0864,102.8923,0.0000,0.0000,0.0000,0.0000,0.0000,270.0021,0.0000,0.0000,0.0000,0.0000,0.0000,0.0000,0.0000,0.0000,0.0000,1,0,0,0,0,0.0000
79.4428,185.2042,0.0864,102.8923,0.0000,0.0000,0.0000,0.0000,0.0000,270.0021,0.0000,0.0000,0.0000,0.0000,0.0000,0.0000,0.0000,0.0000,0.0000,1,0,0,0,0,0.0000
79.4991,185.2042,0.0864,102.8923,0.0000,0.0000,0.0000,0.0000,0.0000,270.0021,0.0000,0.0000,0.0000,0.0000,0.0000,0.0000,0.0000,0.0000,0.0000,1,0,0,0,0,0.0000
79.5672,185.2042,0.0864,102.8923,0.0000,0.0000,0.0000,0.0000,0.0000,270.0021,0.0000,0.0000,0.0000,0.0000,0.0000,0.0000,0.0000,0.0000,0.0000,1,0,0,0,0,0.0000
79.6242,185.2042,0.0864,102.8923,0.0000,0.0000,0.0000,0.0000,0.0000,270.0021,0.0000,0.0000,0.0000,0.0000,0.0000,0.0000,0.0000,0.0000,0.0000,1,0,0,0,0,0.0000
79.6792,185.2042,0.0864,102.8923,0.0000,0.0000,0.0000,0.0000,0.0000,270.0021,0.0000,0.0000,0.0000,0.0000,0.0000,0.0000,0.0000,0.0000,0.0000,1,0,0,0,0,0.0000
79.7343,185.2042,0.0864,102.8923,0.0000,0.0000,0.0000,0.0000,0.0000,270.0021,0.0000,0.0000,0.0000,0.0000,0.0000,0.0000,0.0000,0.0000,0.0000,1,0,0,0,0,0.0000
79.7896,185.2042,0.0864,102.8923,0.0000,0.0000,0.0000,0.0000,0.0000,270.0021,0.0000,0.0000,0.0000,0.0000,0.0000,0.0000,0.0000,0.0000,0.0000,1,0,0,0,0,0.0000
79.8488,185.2042,0.0864,102.8923,0.0000,0.0000,0.0000,0.0000,0.0000,270.0021,0.0000,0.0000,0.0000,0.0000,0.0000,0.0000,0.0000,0.0000,0.0000,1,0,0,0,0,0.0000
79.9012,185.2042,0.0864,102.8923,0.0000,0.0000,0.0000,0.0000,0.0000,270.0021,0.0000,0.0000,0.0000,0.0000,0.0000,0.0000,0.0000,0.0000,0.0000,1,0,0,0,0,0.0000
79.9575,185.2042,0.0864,102.8923,0.0000,0.0000,0.0000,0.0000,0.0000,270.0021,0.0000,0.0000,0.0000,0.0000,0.0000,0.0000,0.0000,0.0000,0.0000,1,0,0,0,0,0.0000
80.0295,185.2042,0.0864,102.8923,0.0000,0.0000,0.0000,0.0000,0.0000,270.0021,0.0000,0.0000,0.0000,0.0000,0.0000,0.0000,0.0000,0.0000,0.0000,1,0,0,0,0,0.0000
80.0958,185.2042,0.0864,102.8923,0.0000,0.0000,0.0000,0.0000,0.0000,270.0021,0.0000,0.0000,0.0000,0.0000,0.0000,0.0000,0.0000,0.0000,0.0000,1,0,0,0,0,0.0000
80.1514,185.2042,0.0864,102.8923,0.0000,0.0000,0.0000,0.0000,0.0000,270.0021,0.0000,0.0000,0.0000,0.0000,0.0000,0.0000,0.0000,0.0000,0.0000,1,0,0,0,0,0.0000
80.2079,185.2042,0.0864,102.8923,0.0000,0.0000,0.0000,0.0000,0.0000,270.0021,0.0000,0.0000,0.0000,0.0000,0.0000,0.0000,0.0000,0.0000,0.0000,1,0,0,0,0,0.0000
80.2759,185.2042,0.0864,102.8923,0.0000,0.0000,0.0000,0.0000,0.0000,270.0021,0.0000,0.0000,0.0000,0.0000,0.0000,0.0000,0.0000,0.0000,0.0000,1,0,0,0,0,0.0000
80.3319,185.2042,0.0864,102.8923,0.0000,0.0000,0.0000,0.0000,0.0000,270.0021,0.0000,0.0000,0.0000,0.0000,0.0000,0.0000,0.0000,0.0000,0.0000,1,0,0,0,0,0.0000
80.3867,185.2042,0.0864,102.8923,0.0000,0.0000,0.0000,0.0000,0.0000,270.0021,0.0000,0.0000,0.0000,0.0000,0.0000,0.0000,0.0000,0.0000,0.0000,1,0,0,0,0,0.0000
80.4462,185.2042,0.0864,102.8923,0.0000,0.0000,0.0000,0.0000,0.0000,270.0021,0.0000,0.0000,0.0000,0.0000,0.0000,0.0000,0.0000,0.0000,0.0000,1,0,0,0,0,0.0000
80.5026,185.2042,0.0864,102.8923,0.0000,0.0000,0.0000,0.0000,0.0000,270.0021,0.0000,0.0000,0.0000,0.0000,0.0000,0.0000,0.0000,0.0000,0.0000,1,0,0,0,0,0.0000
80.5688,185.2042,0.0864,102.8923,0.0000,0.0000,0.0000,0.0000,0.0000,270.0021,0.0000,0.0000,0.0000,0.0000,0.0000,0.0000,0.0000,0.0000,0.0000,1,0,0,0,0,0.0000
80.6388,185.2042,0.0864,102.8923,0.0000,0.0000,0.0000,0.0000,0.0000,270.0021,0.0000,0.0000,0.0000,0.0000,0.0000,0.0000,0.0000,0.0000,0.0000,1,0,0,0,0,0.0000
80.7071,185.2042,0.0864,102.8923,0.0000,0.0000,0.0000,0.0000,0.0000,270.0021,0.0000,0.0000,0.0000,0.0000,0.0000,0.0000,0.0000,0.0000,0.0000,1,0,0,0,0,0.0000
80.7636,185.2042,0.0864,102.8923,0.0000,0.0000,0.0000,0.0000,0.0000,270.0021,0.0000,0.0000,0.0000,0.0000,0.0000,0.0000,0.0000,0.0000,0.0000,1,0,0,0,0,0.0000
80.8178,185.2042,0.0864,102.8923,0.0000,0.0000,0.0000,0.0000,0.0000,270.0021,0.0000,0.0000,0.0000,0.0000,0.0000,0.0000,0.0000,0.0000,0.0000,1,0,0,0,0,0.0000
80.8722,185.2042,0.0864,102.8923,0.0000,0.0000,0.0000,0.0000,0.0000,270.0021,0.0000,0.0000,0.0000,0.0000,0.0000,0.0000,0.0000,0.0000,0.0000,1,0,0,0,0,0.0000
80.9328,185.2042,0.0864,102.8923,0.0000,0.0000,0.0000,0.0000,0.0000,270.0021,0.0000,0.0000,0.0000,0.0000,0.0000,0.0000,0.0000,0.0000,0.0000,1,0,0,0,0,0.0000
80.9843,185.2042,0.0864,102.8923,0.0000,0.0000,0.0000,0.0000,0.0000,270.0021,0.0000,0.0000,0.0000,0.0000,0.0000,0.0000,0.0000,0.0000,0.0000,1,0,0,0,0,0.0000
81.0544,185.2042,0.0864,102.8923,0.0000,0.0000,0.0000,0.0000,0.0000,270.0021,0.0000,0.0000,0.0000,0.0000,0.0000,0.0000,0.0000,0.0000,0.0000,1,0,0,0,0,0.0000
81.1110,185.2042,0.0864,102.8923,0.0000,0.0000,0.0000,0.0000,0.0000,270.0021,0.0000,0.0000,0.0000,0.0000,0.0000,0.0000,0.0000,0.0000,0.0000,1,0,0,0,0,0.0000
81.1975,185.2042,0.0864,102.8923,0.0000,0.0000,0.0000,0.0000,0.0000,270.0021,0.0000,0.0000,0.0000,0.0000,0.0000,0.0000,0.0000,0.0000,0.0000,1,0,0,0,0,0.0000
81.2833,185.2042,0.0864,102.8923,0.0000,0.0000,0.0000,0.0000,0.0000,270.0021,0.0000,0.0000,0.0000,0.0000,0.0000,0.0000,0.0000,0.0000,0.0000,1,0,0,0,0,0.0000
81.3557,185.2042,0.0864,102.8923,0.0000,0.0000,0.0000,0.0000,0.0000,270.0021,0.0000,0.0000,0.0000,0.0000,0.0000,0.0000,0.0000,0.0000,0.0000,1,0,0,0,0,0.0000
81.4189,185.2042,0.0864,102.8923,0.0000,0.0000,0.0000,0.0000,0.0000,270.0021,0.0000,0.0000,0.0000,0.0000,0.0000,0.0000,0.0000,0.0000,0.0000,1,0,0,0,0,0.0000
81.4732,185.2042,0.0864,102.8923,0.0000,0.0000,0.0000,0.0000,0.0000,270.0021,0.0000,0.0000,0.0000,0.0000,0.0000,0.0000,0.0000,0.0000,0.0000,1,0,0,0,0,0.0000
81.5306,185.2042,0.0864,102.8923,0.0000,0.0000,0.0000,0.0000,0.0000,270.0021,0.0000,0.0000,0.0000,0.0000,0.0000,0.0000,0.0000,0.0000,0.0000,1,0,0,0,0,0.0000
81.5973,185.2042,0.0864,102.8923,0.0000,0.0000,0.0000,0.0000,0.0000,270.0021,0.0000,0.0000,0.0000,0.0000,0.0000,0.0000,0.0000,0.0000,0.0000,1,0,0,0,0,0.0000
81.6524,185.2042,0.0864,102.8923,0.0000,0.0000,0.0000,0.0000,0.0000,270.0021,0.0000,0.0000,0.0000,0.0000,0.0000,0.0000,0.0000,0.0000,0.0000,1,0,0,0,0,0.0000
81.7535,185.2042,0.0864,102.8923,0.0000,0.0000,0.0000,0.0000,0.0000,270.0021,0.0000,0.0000,0.0000,0.0000,0.0000,0.0000,0.0000,0.0000,0.0000,1,0,0,0,0,0.0000
81.8353,185.2042,0.0864,102.8923,0.0000,0.0000,0.0000,0.0000,0.0000,270.0021,0.0000,0.0000,0.0000,0.0000,0.0000,0.0000,0.0000,0.0000,0.0000,1,0,0,0,0,0.0000
81.9020,185.2042,0.0864,102.8923,0.0000,0.0000,0.0000,0.0000,0.0000,270.0021,0.0000,0.0000,0.0000,0.0000,0.0000,0.0000,0.0000,0.0000,0.0000,1,0,0,0,0,0.0000
81.9588,185.2042,0.0864,102.8923,0.0000,0.0000,0.0000,0.0000,0.0000,270.0021,0.0000,0.0000,0.0000,0.0000,0.0000,0.0000,0.0000,0.0000,0.0000,1,0,0,0,0,0.0000
82.0153,185.2042,0.0864,102.8923,0.0000,0.0000,0.0000,0.0000,0.0000,270.0021,0.0000,0.0000,0.0000,0.0000,0.0000,0.0000,0.0000,0.0000,0.0000,1,0,0,0,0,0.0000
82.0701,185.2042,0.0864,102.8923,0.0000,0.0000,0.0000,0.0000,0.0000,270.0021,0.0000,0.0000,0.0000,0.0000,0.0000,0.0000,0.0000,0.0000,0.0000,1,0,0,0,0,0.0000
82.1398,185.2042,0.0864,102.8923,0.0000,0.0000,0.0000,0.0000,0.0000,270.0021,0.0000,0.0000,0.0000,0.0000,0.0000,0.0000,0.0000,0.0000,0.0000,1,0,0,0,0,0.0000
82.2214,185.2042,0.0864,102.8923,0.0000,0.0000,0.0000,0.0000,0.0000,270.0021,0.0000,0.0000,0.0000,0.0000,0.0000,0.0000,0.0000,0.0000,0.0000,1,0,0,0,0,0.0000
82.3057,185.2042,0.0864,102.8923,0.0000,0.0000,0.0000,0.0000,0.0000,270.0021,0.0000,0.0000,0.0000,0.0000,0.0000,0.0000,0.0000,0.0000,0.0000,1,0,0,0,0,0.0000
82.3814,185.2042,0.0864,102.8923,0.0000,0.0000,0.0000,0.0000,0.0000,270.0021,0.0000,0.0000,0.0000,0.0000,0.0000,0.0000,0.0000,0.0000,0.0000,1,0,0,0,0,0.0000
82.4583,185.2042,0.0864,102.8923,0.0000,0.0000,0.0000,0.0000,0.0000,270.0021,0.0000,0.0000,0.0000,0.0000,0.0000,0.0000,0.0000,0.0000,0.0000,1,0,0,0,0,0.0000
82.5152,185.2042,0.0864,102.8923,0.0000,0.0000,0.0000,0.0000,0.0000,270.0021,0.0000,0.0000,0.0000,0.0000,0.0000,0.0000,0.0000,0.0000,0.0000,1,0,0,0,0,0.0000
82.5836,185.2042,0.0864,102.8923,0.0000,0.0000,0.0000,0.0000,0.0000,270.0021,0.0000,0.0000,0.0000,0.0000,0.0000,0.0000,0.0000,0.0000,0.0000,1,0,0,0,0,0.0000
82.6732,185.2042,0.0864,102.8923,0.0000,0.0000,0.0000,0.0000,0.0000,270.0021,0.0000,0.0000,0.0000,0.0000,0.0000,0.0000,0.0000,0.0000,0.0000,1,0,0,0,0,0.0000
82.7328,185.2042,0.0864,102.8923,0.0000,0.0000,0.0000,0.0000,0.0000,270.0021,0.0000,0.0000,0.0000,0.0000,0.0000,0.0000,0.0000,0.0000,0.0000,1,0,0,0,0,0.0000
82.7844,185.2042,0.0864,102.8923,0.0000,0.0000,0.0000,0.0000,0.0000,270.0021,0.0000,0.0000,0.0000,0.0000,0.0000,0.0000,0.0000,0.0000,0.0000,1,0,0,0,0,0.0000
82.8402,185.2042,0.0864,102.8923,0.0000,0.0000,0.0000,0.0000,0.0000,270.0021,0.0000,0.0000,0.0000,0.0000,0.0000,0.0000,0.0000,0.0000,0.0000,1,0,0,0,0,0.0000
82.9047,185.2042,0.0864,102.8923,0.0000,0.0000,0.0000,0.0000,0.0000,270.0021,0.0000,0.0000,0.0000,0.0000,0.0000,0.0000,0.0000,0.0000,0.0000,1,0,0,0,0,0.0000
83.0039,185.2042,0.0864,102.8923,0.0000,0.0000,0.0000,0.0000,0.0000,270.0021,0.0000,0.0000,0.0000,0.0000,0.0000,0.0000,0.0000,0.0000,0.0000,1,0,0,0,0,0.0000
83.0590,185.2042,0.0864,102.8923,0.0000,0.0000,0.0000,0.0000,0.0000,270.0021,0.0000,0.0000,0.0000,0.0000,0.0000,0.0000,0.0000,0.0000,0.0000,1,0,0,0,0,0.0000
83.1606,185.2042,0.0864,102.8923,0.0000,0.0000,0.0000,0.0000,0.0000,270.0021,0.0000,0.0000,0.0000,0.0000,0.0000,0.0000,0.0000,0.0000,0.0000,1,0,0,0,0,0.0000
83.2110,185.2042,0.0864,102.8923,0.0000,0.0000,0.0000,0.0000,0.0000,270.0021,0.0000,0.0000,0.0000,0.0000,0.0000,0.0000,0.0000,0.0000,0.0000,1,0,0,0,0,0.0000
83.3081,185.2042,0.0864,102.8923,0.0000,0.0000,0.0000,0.0000,0.0000,270.0021,0.0000,0.0000,0.0000,0.0000,0.0000,0.0000,0.0000,0.0000,0.0000,1,0,0,0,0,0.0000
83.3693,185.2042,0.0864,102.8923,0.0000,0.0000,0.0000,0.0000,0.0000,270.0021,0.0000,0.0000,0.0000,0.0000,0.0000,0.0000,0.0000,0.0000,0.0000,1,0,0,0,0,0.0000
83.4209,185.2042,0.0864,102.8923,0.0000,0.0000,0.0000,0.0000,0.0000,270.0021,0.0000,0.0000,0.0000,0.0000,0.0000,0.0000,0.0000,0.0000,0.0000,1,0,0,0,0,0.0000
83.4886,185.2042,0.0864,102.8923,0.0000,0.0000,0.0000,0.0000,0.0000,270.0021,0.0000,0.0000,0.0000,0.0000,0.0000,0.0000,0.0000,0.0000,0.0000,1,0,0,0,0,0.0000
83.5445,185.2042,0.0864,102.8923,0.0000,0.0000,0.0000,0.0000,0.0000,270.0021,0.0000,0.0000,0.0000,0.0000,0.0000,0.0000,0.0000,0.0000,0.0000,1,0,0,0,0,0.0000
83.5989,185.2042,0.0864,102.8923,0.0000,0.0000,0.0000,0.0000,0.0000,270.0021,0.0000,0.0000,0.0000,0.0000,0.0000,0.0000,0.0000,0.0000,0.0000,1,0,0,0,0,0.0000
83.6840,185.2042,0.0864,102.8923,0.0000,0.0000,0.0000,0.0000,0.0000,270.0021,0.0000,0.0000,0.0000,0.0000,0.0000,0.0000,0.0000,0.0000,0.0000,1,0,0,0,0,0.0000
83.7374,185.2042,0.0864,102.8923,0.0000,0.0000,0.0000,0.0000,0.0000,270.0021,0.0000,0.0000,0.0000,0.0000,0.0000,0.0000,0.0000,0.0000,0.0000,1,0,0,0,0,0.0000
83.7880,185.2042,0.0864,102.8923,0.0000,0.0000,0.0000,0.0000,0.0000,270.0021,0.0000,0.0000,0.0000,0.0000,0.0000,0.0000,0.0000,0.0000,0.0000,1,0,0,0,0,0.0000
83.8468,185.2042,0.0864,102.8923,0.0000,0.0000,0.0000,0.0000,0.0000,270.0021,0.0000,0.0000,0.0000,0.0000,0.0000,0.0000,0.0000,0.0000,0.0000,1,0,0,0,0,0.0000
83.9476,185.2042,0.0864,102.8923,0.0000,0.0000,0.0000,0.0000,0.0000,270.0021,0.0000,0.0000,0.0000,0.0000,0.0000,0.0000,0.0000,0.0000,0.0000,1,0,0,0,0,0.0000
84.0035,185.2042,0.0864,102.8923,0.0000,0.0000,0.0000,0.0000,0.0000,270.0021,0.0000,0.0000,0.0000,0.0000,0.0000,0.0000,0.0000,0.0000,0.0000,1,0,0,0,0,0.0000
84.0774,185.2042,0.0864,102.8923,0.0000,0.0000,0.0000,0.0000,0.0000,270.0021,0.0000,0.0000,0.0000,0.0000,0.0000,0.0000,0.0000,0.0000,0.0000,1,0,0,0,0,0.0000
84.1322,185.2042,0.0864,102.8923,0.0000,0.0000,0.0000,0.0000,0.0000,270.0021,0.0000,0.0000,0.0000,0.0000,0.0000,0.0000,0.0000,0.0000,0.0000,1,0,0,0,0,0.0000
84.1877,185.2042,0.0864,102.8923,0.0000,0.0000,0.0000,0.0000,0.0000,270.0021,0.0000,0.0000,0.0000,0.0000,0.0000,0.0000,0.0000,0.0000,0.0000,1,0,0,0,0,0.0000
84.2403,185.2042,0.0864,102.8923,0.0000,0.0000,0.0000,0.0000,0.0000,270.0021,0.0000,0.0000,0.0000,0.0000,0.0000,0.0000,0.0000,0.0000,0.0000,1,0,0,0,0,0.0000
84.2954,185.2042,0.0864,102.8923,0.0000,0.0000,0.0000,0.0000,0.0000,270.0021,0.0000,0.0000,0.0000,0.0000,0.0000,0.0000,0.0000,0.0000,0.0000,1,0,0,0,0,0.0000
84.3494,185.2042,0.0864,102.8923,0.0000,0.0000,0.0000,0.0000,0.0000,270.0021,0.0000,0.0000,0.0000,0.0000,0.0000,0.0000,0.0000,0.0000,0.0000,1,0,0,0,0,0.0000
84.4045,185.2042,0.0864,102.8923,0.0000,0.0000,0.0000,0.0000,0.0000,270.0021,0.0000,0.0000,0.0000,0.0000,0.0000,0.0000,0.0000,0.0000,0.0000,1,0,0,0,0,0.0000
84.5185,185.2042,0.0864,102.8923,0.0000,0.0000,0.0000,0.0000,0.0000,270.0021,0.0000,0.0000,0.0000,0.0000,0.0000,0.0000,0.0000,0.0000,0.0000,1,0,0,0,0,0.0000
84.5815,185.2042,0.0864,102.8923,0.0000,0.0000,0.0000,0.0000,0.0000,270.0021,0.0000,0.0000,0.0000,0.0000,0.0000,0.0000,0.0000,0.0000,0.0000,1,0,0,0,0,0.0000
84.6778,185.2042,0.0864,102.8923,0.0000,0.0000,0.0000,0.0000,0.0000,270.0021,0.0000,0.0000,0.0000,0.0000,0.0000,0.0000,0.0000,0.0000,0.0000,1,0,0,0,0,0.0000
84.7574,185.2042,0.0864,102.8923,0.0000,0.0000,0.0000,0.0000,0.0000,270.0021,0.0000,0.0000,0.0000,0.0000,0.0000,0.0000,0.0000,0.0000,0.0000,1,0,0,0,0,0.0000
84.8105,185.2042,0.0864,102.8923,0.0000,0.0000,0.0000,0.0000,0.0000,270.0021,0.0000,0.0000,0.0000,0.0000,0.0000,0.0000,0.0000,0.0000,0.0000,1,0,0,0,0,0.0000
84.8950,185.2042,0.0864,102.8923,0.0000,0.0000,0.0000,0.0000,0.0000,270.0021,0.0000,0.0000,0.0000,0.0000,0.0000,0.0000,0.0000,0.0000,0.0000,1,0,0,0,0,0.0000
84.9821,185.2042,0.0864,102.8923,0.0000,0.0000,0.0000,0.0000,0.0000,270.0021,0.0000,0.0000,0.0000,0.0000,0.0000,0.0000,0.0000,0.0000,0.0000,1,0,0,0,0,0.0000
85.0496,185.2042,0.0864,102.8923,0.0000,0.0000,0.0000,0.0000,0.0000,270.0021,0.0000,0.0000,0.0000,0.0000,0.0000,0.0000,0.0000,0.0000,0.0000,1,0,0,0,0,0.0000
85.1302,185.2042,0.0864,102.8923,0.0000,0.0000,0.0000,0.0000,0.0000,270.0021,0.0000,0.0000,0.0000,0.0000,0.0000,0.0000,0.0000,0.0000,0.0000,1,0,0,0,0,0.0000
85.1898,185.2042,0.0864,102.8923,0.0000,0.0000,0.0000,0.0000,0.0000,270.0021,0.0000,0.0000,0.0000,0.0000,0.0000,0.0000,0.0000,0.0000,0.0000,1,0,0,0,0,0.0000
85.2696,185.2042,0.0864,102.8923,0.0000,0.0000,0.0000,0.0000,0.0000,270.0021,0.0000,0.0000,0.0000,0.0000,0.0000,0.0000,0.0000,0.0000,0.0000,1,0,0,0,0,0.0000
85.3711,185.2042,0.0864,102.8923,0.0000,0.0000,0.0000,0.0000,0.0000,270.0021,0.0000,0.0000,0.0000,0.0000,0.0000,0.0000,0.0000,0.0000,0.0000,1,0,0,0,0,0.0000
85.4489,185.2042,0.0864,102.8923,0.0000,0.0000,0.0000,0.0000,0.0000,270.0021,0.0000,0.0000,0.0000,0.0000,0.0000,0.0000,0.0000,0.0000,0.0000,1,0,0,0,0,0.0000
85.5242,185.2042,0.0864,102.8923,0.0000,0.0000,0.0000,0.0000,0.0000,270.0021,0.0000,0.0000,0.0000,0.0000,0.0000,0.0000,0.0000,0.0000,0.0000,1,0,0,0,0,0.0000
85.6007,185.2042,0.0864,102.8923,0.0000,0.0000,0.0000,0.0000,0.0000,270.0021,0.0000,0.0000,0.0000,0.0000,0.0000,0.0000,0.0000,0.0000,0.0000,1,0,0,0,0,0.0000
85.6718,185.2042,0.0864,102.8923,0.0000,0.0000,0.0000,0.0000,0.0000,270.0021,0.0000,0.0000,0.0000,0.0000,0.0000,0.0000,0.0000,0.0000,0.0000,1,0,0,0,0,0.0000
85.7289,185.2042,0.0864,102.8923,0.0000,0.0000,0.0000,0.0000,0.0000,270.0021,0.0000,0.0000,0.0000,0.0000,0.0000,0.0000,0.0000,0.0000,0.0000,1,0,0,0,0,0.0000
85.8104,185.2042,0.0864,102.8923,0.0000,0.0000,0.0000,0.0000,0.0000,270.0021,0.0000,0.0000,0.0000,0.0000,0.0000,0.0000,0.0000,0.0000,0.0000,1,0,0,0,0,0.0000
85.8952,185.2042,0.0864,102.8923,0.0000,0.0000,0.0000,0.0000,0.0000,270.0021,0.0000,0.0000,0.0000,0.0000,0.0000,0.0000,0.0000,0.0000,0.0000,1,0,0,0,0,0.0000
85.9627,185.2042,0.0864,102.8923,0.0000,0.0000,0.0000,0.0000,0.0000,270.0021,0.0000,0.0000,0.0000,0.0000,0.0000,0.0000,0.0000,0.0000,0.0000,1,0,0,0,0,0.0000
86.0457,185.2042,0.0864,102.8923,0.0000,0.0000,0.0000,0.0000,0.0000,270.0021,0.0000,0.0000,0.0000,0.0000,0.0000,0.0000,0.0000,0.0000,0.0000,1,0,0,0,0,0.0000
86.1082,185.2042,0.0864,102.8923,0.0000,0.0000,0.0000,0.0000,0.0000,270.0021,0.0000,0.0000,0.0000,0.0000,0.0000,0.0000,0.0000,0.0000,0.0000,1,0,0,0,0,0.0000
86.1987,185.2042,0.0864,102.8923,0.0000,0.0000,0.0000,0.0000,0.0000,270.0021,0.0000,0.0000,0.0000,0.0000,0.0000,0.0000,0.0000,0.0000,0.0000,1,0,0,0,0,0.0000
86.3055,185.2042,0.0864,102.8923,0.0000,0.0000,0.0000,0.0000,0.0000,270.0021,0.0000,0.0000,0.0000,0.0000,0.0000,0.0000,0.0000,0.0000,0.0000,1,0,0,0,0,0.0000
86.3928,185.2042,0.0864,102.8923,0.0000,0.0000,0.0000,0.0000,0.0000,270.0021,0.0000,0.0000,0.0000,0.0000,0.0000,0.0000,0.0000,0.0000,0.0000,1,0,0,0,0,0.0000
86.4616,185.2042,0.0864,102.8923,0.0000,0.0000,0.0000,0.0000,0.0000,270.0021,0.0000,0.0000,0.0000,0.0000,0.0000,0.0000,0.0000,0.0000,0.0000,1,0,0,0,0,0.0000
86.5464,185.2042,0.0864,102.8923,0.0000,0.0000,0.0000,0.0000,0.0000,270.0021,0.0000,0.0000,0.0000,0.0000,0.0000,0.0000,0.0000,0.0000,0.0000,1,0,0,0,0,0.0000
86.6324,185.2042,0.0864,102.8923,0.0000,0.0000,0.0000,0.0000,0.0000,270.0021,0.0000,0.0000,0.0000,0.0000,0.0000,0.0000,0.0000,0.0000,0.0000,1,0,0,0,0,0.0000
86.6983,185.2042,0.0864,102.8923,0.0000,0.0000,0.0000,0.0000,0.0000,270.0021,0.0000,0.0000,0.0000,0.0000,0.0000,0.0000,0.0000,0.0000,0.0000,1,0,0,0,0,0.0000
86.7675,185.2042,0.0864,102.8923,0.0000,0.0000,0.0000,0.0000,0.0000,270.0021,0.0000,0.0000,0.0000,0.0000,0.0000,0.0000,0.0000,0.0000,0.0000,1,0,0,0,0,0.0000
86.8776,185.2042,0.0864,102.8923,0.0000,0.0000,0.0000,0.0000,0.0000,270.0021,0.0000,0.0000,0.0000,0.0000,0.0000,0.0000,0.0000,0.0000,0.0000,1,0,0,0,0,0.0000
86.9408,185.2042,0.0864,102.8923,0.0000,0.0000,0.0000,0.0000,0.0000,270.0021,0.0000,0.0000,0.0000,0.0000,0.0000,0.0000,0.0000,0.0000,0.0000,1,0,0,0,0,0.0000
86.9966,185.2042,0.0864,102.8923,0.0000,0.0000,0.0000,0.0000,0.0000,270.0021,0.0000,0.0000,0.0000,0.0000,0.0000,0.0000,0.0000,0.0000,0.0000,1,0,0,0,0,0.0000
87.0511,185.2042,0.0864,102.8923,0.0000,0.0000,0.0000,0.0000,0.0000,270.0021,0.0000,0.0000,0.0000,0.0000,0.0000,0.0000,0.0000,0.0000,0.0000,1,0,0,0,0,0.0000
87.1083,185.2042,0.0864,102.8923,0.0000,0.0000,0.0000,0.0000,0.0000,270.0021,0.0000,0.0000,0.0000,0.0000,0.0000,0.0000,0.0000,0.0000,0.0000,1,0,0,0,0,0.0000
87.1689,185.2042,0.0864,102.8923,0.0000,0.0000,0.0000,0.0000,0.0000,270.0021,0.0000,0.0000,0.0000,0.0000,0.0000,0.0000,0.0000,0.0000,0.0000,1,0,0,0,0,0.0000
87.2357,185.2042,0.0864,102.8923,0.0000,0.0000,0.0000,0.0000,0.0000,270.0021,0.0000,0.0000,0.0000,0.0000,0.0000,0.0000,0.0000,0.0000,0.0000,1,0,0,0,0,0.0000
87.2881,185.2042,0.0864,102.8923,0.0000,0.0000,0.0000,0.0000,0.0000,270.0021,0.0000,0.0000,0.0000,0.0000,0.0000,0.0000,0.0000,0.0000,0.0000,1,0,0,0,0,0.0000
87.3439,185.2042,0.0864,102.8923,0.0000,0.0000,0.0000,0.0000,0.0000,270.0021,0.0000,0.0000,0.0000,0.0000,0.0000,0.0000,0.0000,0.0000,0.0000,1,0,0,0,0,0.0000
87.4149,185.2042,0.0864,102.8923,0.0000,0.0000,0.0000,0.0000,0.0000,270.0021,0.0000,0.0000,0.0000,0.0000,0.0000,0.0000,0.0000,0.0000,0.0000,1,0,0,0,0,0.0000
87.5172,185.2042,0.0864,102.8923,0.0000,0.0000,0.0000,0.0000,0.0000,270.0021,0.0000,0.0000,0.0000,0.0000,0.0000,0.0000,0.0000,0.0000,0.0000,1,0,0,0,0,0.0000
87.5823,185.2042,0.0864,102.8923,0.0000,0.0000,0.0000,0.0000,0.0000,270.0021,0.0000,0.0000,0.0000,0.0000,0.0000,0.0000,0.0000,0.0000,0.0000,1,0,0,0,0,0.0000
87.6487,185.2042,0.0864,102.8923,0.0000,0.0000,0.0000,0.0000,0.0000,270.0021,0.0000,0.0000,0.0000,0.0000,0.0000,0.0000,0.0000,0.0000,0.0000,1,0,0,0,0,0.0000
87.7028,185.2042,0.0864,102.8923,0.0000,0.0000,0.0000,0.0000,0.0000,270.0021,0.0000,0.0000,0.0000,0.0000,0.0000,0.0000,0.0000,0.0000,0.0000,1,0,0,0,0,0.0000
87.7587,185.2042,0.0864,102.8923,0.0000,0.0000,0.0000,0.0000,0.0000,270.0021,0.0000,0.0000,0.0000,0.0000,0.0000,0.0000,0.0000,0.0000,0.0000,1,0,0,0,0,0.0000
87.8139,185.2042,0.0864,102.8923,0.0000,0.0000,0.0000,0.0000,0.0000,270.0021,0.0000,0.0000,0.0000,0.0000,0.0000,0.0000,0.0000,0.0000,0.0000,1,0,0,0,0,0.0000
87.8708,185.2042,0.0864,102.8923,0.0000,0.0000,0.0000,0.0000,0.0000,270.0021,0.0000,0.0000,0.0000,0.0000,0.0000,0.0000,0.0000,0.0000,0.0000,1,0,0,0,0,0.0000
87.9257,185.2042,0.0864,102.8923,0.0000,0.0000,0.0000,0.0000,0.0000,270.0021,0.0000,0.0000,0.0000,0.0000,0.0000,0.0000,0.0000,0.0000,0.0000,1,0,0,0,0,0.0000
87.9995,185.2042,0.0864,102.8923,0.0000,0.0000,0.0000,0.0000,0.0000,270.0021,0.0000,0.0000,0.0000,0.0000,0.0000,0.0000,0.0000,0.0000,0.0000,1,0,0,0,0,0.0000
88.0720,185.2042,0.0864,102.8923,0.0000,0.0000,0.0000,0.0000,0.0000,270.0021,0.0000,0.0000,0.0000,0.0000,0.0000,0.0000,0.0000,0.0000,0.0000,1,0,0,0,0,0.0000
88.1348,185.2042,0.0864,102.8923,0.0000,0.0000,0.0000,0.0000,0.0000,270.0021,0.0000,0.0000,0.0000,0.0000,0.0000,0.0000,0.0000,0.0000,0.0000,1,0,0,0,0,0.0000
88.1880,185.2042,0.0864,102.8923,0.0000,0.0000,0.0000,0.0000,0.0000,270.0021,0.0000,0.0000,0.0000,0.0000,0.0000,0.0000,0.0000,0.0000,0.0000,1,0,0,0,0,0.0000
88.2448,185.2042,0.0864,102.8923,0.0000,0.0000,0.0000,0.0000,0.0000,270.0021,0.0000,0.0000,0.0000,0.0000,0.0000,0.0000,0.0000,0.0000,0.0000,1,0,0,0,0,0.0000
88.2997,185.2042,0.0864,102.8923,0.0000,0.0000,0.0000,0.0000,0.0000,270.0021,0.0000,0.0000,0.0000,0.0000,0.0000,0.0000,0.0000,0.0000,0.0000,1,0,0,0,0,0.0000
88.3547,185.2042,0.0864,102.8923,0.0000,0.0000,0.0000,0.0000,0.0000,270.0021,0.0000,0.0000,0.0000,0.0000,0.0000,0.0000,0.0000,0.0000,0.0000,1,0,0,0,0,0.0000
88.4121,185.2042,0.0864,102.8923,0.0000,0.0000,0.0000,0.0000,0.0000,270.0021,0.0000,0.0000,0.0000,0.0000,0.0000,0.0000,0.0000,0.0000,0.0000,1,0,0,0,0,0.0000
88.4665,185.2042,0.0864,102.8923,0.0000,0.0000,0.0000,0.0000,0.0000,270.0021,0.0000,0.0000,0.0000,0.0000,0.0000,0.0000,0.0000,0.0000,0.0000,1,0,0,0,0,0.0000
88.5369,185.2042,0.0864,102.8923,0.0000,0.0000,0.0000,0.0000,0.0000,270.0021,0.0000,0.0000,0.0000,0.0000,0.0000,0.0000,0.0000,0.0000,0.0000,1,0,0,0,0,0.0000
88.5926,185.2042,0.0864,102.8923,0.0000,0.0000,0.0000,0.0000,0.0000,270.0021,0.0000,0.0000,0.0000,0.0000,0.0000,0.0000,0.0000,0.0000,0.0000,1,0,0,0,0,0.0000
88.6499,185.2042,0.0864,102.8923,0.0000,0.0000,0.0000,0.0000,0.0000,270.0021,0.0000,0.0000,0.0000,0.0000,0.0000,0.0000,0.0000,0.0000,0.0000,1,0,0,0,0,0.0000
88.7031,185.2042,0.0864,102.8923,0.0000,0.0000,0.0000,0.0000,0.0000,270.0021,0.0000,0.0000,0.0000,0.0000,0.0000,0.0000,0.0000,0.0000,0.0000,1,0,0,0,0,0.0000
88.7589,185.2042,0.0864,102.8923,0.0000,0.0000,0.0000,0.0000,0.0000,270.0021,0.0000,0.0000,0.0000,0.0000,0.0000,0.0000,0.0000,0.0000,0.0000,1,0,0,0,0,0.0000
88.8185,185.2042,0.0864,102.8923,0.0000,0.0000,0.0000,0.0000,0.0000,270.0021,0.0000,0.0000,0.0000,0.0000,0.0000,0.0000,0.0000,0.0000,0.0000,1,0,0,0,0,0.0000
88.8717,185.2042,0.0864,102.8923,0.0000,0.0000,0.0000,0.0000,0.0000,270.0021,0.0000,0.0000,0.0000,0.0000,0.0000,0.0000,0.0000,0.0000,0.0000,1,0,0,0,0,0.0000
88.9272,185.2042,0.0864,102.8923,0.0000,0.0000,0.0000,0.0000,0.0000,270.0021,0.0000,0.0000,0.0000,0.0000,0.0000,0.0000,0.0000,0.0000,0.0000,1,0,0,0,0,0.0000
88.9809,185.2042,0.0864,102.8923,0.0000,0.0000,0.0000,0.0000,0.0000,270.0021,0.0000,0.0000,0.0000,0.0000,0.0000,0.0000,0.0000,0.0000,0.0000,1,0,0,0,0,0.0000
89.0505,185.2042,0.0864,102.8923,0.0000,0.0000,0.0000,0.0000,0.0000,270.0021,0.0000,0.0000,0.0000,0.0000,0.0000,0.0000,0.0000,0.0000,0.0000,1,0,0,0,0,0.0000
89.1080,185.2042,0.0864,102.8923,0.0000,0.0000,0.0000,0.0000,0.0000,270.0021,0.0000,0.0000,0.0000,0.0000,0.0000,0.0000,0.0000,0.0000,0.0000,1,0,0,0,0,0.0000
89.1617,185.2042,0.0864,102.8923,0.0000,0.0000,0.0000,0.0000,0.0000,270.0021,0.0000,0.0000,0.0000,0.0000,0.0000,0.0000,0.0000,0.0000,0.0000,1,0,0,0,0,0.0000
89.2169,185.2042,0.0864,102.8923,0.0000,0.0000,0.0000,0.0000,0.0000,270.0021,0.0000,0.0000,0.0000,0.0000,0.0000,0.0000,0.0000,0.0000,0.0000,1,0,0,0,0,0.0000
89.2718,185.2042,0.0864,102.8923,0.0000,0.0000,0.0000,0.0000,0.0000,270.0021,0.0000,0.0000,0.0000,0.0000,0.0000,0.0000,0.0000,0.0000,0.0000,1,0,0,0,0,0.0000
89.3279,185.2042,0.0864,102.8923,0.0000,0.0000,0.0000,0.0000,0.0000,270.0021,0.0000,0.0000,0.0000,0.0000,0.0000,0.0000,0.0000,0.0000,0.0000,1,0,0,0,0,0.0000
89.3871,185.2042,0.0864,102.8923,0.0000,0.0000,0.0000,0.0000,0.0000,270.0021,0.0000,0.0000,0.0000,0.0000,0.0000,0.0000,0.0000,0.0000,0.0000,1,0,0,0,0,0.0000
89.4527,185.2042,0.0864,102.8923,0.0000,0.0000,0.0000,0.0000,0.0000,270.0021,0.0000,0.0000,0.0000,0.0000,0.0000,0.0000,0.0000,0.0000,0.0000,1,0,0,0,0,0.0000
89.5074,185.2042,0.0864,102.8923,0.0000,0.0000,0.0000,0.0000,0.0000,270.0021,0.0000,0.0000,0.0000,0.0000,0.0000,0.0000,0.0000,0.0000,0.0000,1,0,0,0,0,0.0000
89.5630,185.2042,0.0864,102.8923,0.0000,0.0000,0.0000,0.0000,0.0000,270.0021,0.0000,0.0000,0.0000,0.0000,0.0000,0.0000,0.0000,0.0000,0.0000,1,0,0,0,0,0.0000
89.6347,185.2042,0.0864,102.8923,0.0000,0.0000,0.0000,0.0000,0.0000,270.0021,0.0000,0.0000,0.0000,0.0000,0.0000,0.0000,0.0000,0.0000,0.0000,1,0,0,0,0,0.0000
89.6893,185.2042,0.0864,102.8923,0.0000,0.0000,0.0000,0.0000,0.0000,270.0021,0.0000,0.0000,0.0000,0.0000,0.0000,0.0000,0.0000,0.0000,0.0000,1,0,0,0,0,0.0000
89.7439,185.2042,0.0864,102.8923,0.0000,0.0000,0.0000,0.0000,0.0000,270.0021,0.0000,0.0000,0.0000,0.0000,0.0000,0.0000,0.0000,0.0000,0.0000,1,0,0,0,0,0.0000
89.8019,185.2042,0.0864,102.8923,0.0000,0.0000,0.0000,0.0000,0.0000,270.0021,0.0000,0.0000,0.0000,0.0000,0.0000,0.0000,0.0000,0.0000,0.0000,1,0,0,0,0,0.0000
89.8541,185.2042,0.0864,102.8923,0.0000,0.0000,0.0000,0.0000,0.0000,270.0021,0.0000,0.0000,0.0000,0.0000,0.0000,0.0000,0.0000,0.0000,0.0000,1,0,0,0,0,0.0000
89.9121,185.2042,0.0864,102.8923,0.0000,0.0000,0.0000,0.0000,0.0000,270.0021,0.0000,0.0000,0.0000,0.0000,0.0000,0.0000,0.0000,0.0000,0.0000,1,0,0,0,0,0.0000
89.9852,185.2042,0.0864,102.8923,0.0000,0.0000,0.0000,0.0000,0.0000,270.0021,0.0000,0.0000,0.0000,0.0000,0.0000,0.0000,0.0000,0.0000,0.0000,1,0,0,0,0,0.0000
90.0378,185.2042,0.0864,102.8923,0.0000,0.0000,0.0000,0.0000,0.0000,270.0021,0.0000,0.0000,0.0000,0.0000,0.0000,0.0000,0.0000,0.0000,0.0000,1,0,0,0,0,0.0000
90.0943,185.2042,0.0864,102.8923,0.0000,0.0000,0.0000,0.0000,0.0000,270.0021,0.0000,0.0000,0.0000,0.0000,0.0000,0.0000,0.0000,0.0000,0.0000,1,0,0,0,0,0.0000
90.1633,185.2042,0.0864,102.8923,0.0000,0.0000,0.0000,0.0000,0.0000,270.0021,0.0000,0.0000,0.0000,0.0000,0.0000,0.0000,0.0000,0.0000,0.0000,1,0,0,0,0,0.0000
90.2179,185.2042,0.0864,102.8923,0.0000,0.0000,0.0000,0.0000,0.0000,270.0021,0.0000,0.0000,0.0000,0.0000,0.0000,0.0000,0.0000,0.0000,0.0000,1,0,0,0,0,0.0000
90.2769,185.2042,0.0864,102.8923,0.0000,0.0000,0.0000,0.0000,0.0000,270.0021,0.0000,0.0000,0.0000,0.0000,0.0000,0.0000,0.0000,0.0000,0.0000,1,0,0,0,0,0.0000
90.3292,185.2042,0.0864,102.8923,0.0000,0.0000,0.0000,0.0000,0.0000,270.0021,0.0000,0.0000,0.0000,0.0000,0.0000,0.0000,0.0000,0.0000,0.0000,1,0,0,0,0,0.0000
90.3843,185.2042,0.0864,102.8923,0.0000,0.0000,0.0000,0.0000,0.0000,270.0021,0.0000,0.0000,0.0000,0.0000,0.0000,0.0000,0.0000,0.0000,0.0000,1,0,0,0,0,0.0000
90.4410,185.2042,0.0864,102.8923,0.0000,0.0000,0.0000,0.0000,0.0000,270.0021,0.0000,0.0000,0.0000,0.0000,0.0000,0.0000,0.0000,0.0000,0.0000,1,0,0,0,0,0.0000
90.5065,185.2042,0.0864,102.8923,0.0000,0.0000,0.0000,0.0000,0.0000,270.0021,0.0000,0.0000,0.0000,0.0000,0.0000,0.0000,0.0000,0.0000,0.0000,1,0,0,0,0,0.0000
90.5700,185.2042,0.0864,102.8923,0.0000,0.0000,0.0000,0.0000,0.0000,270.0021,0.0000,0.0000,0.0000,0.0000,0.0000,0.0000,0.0000,0.0000,0.0000,1,0,0,0,0,0.0000
90.6232,185.2042,0.0864,102.8923,0.0000,0.0000,0.0000,0.0000,0.0000,270.0021,0.0000,0.0000,0.0000,0.0000,0.0000,0.0000,0.0000,0.0000,0.0000,1,0,0,0,0,0.0000
90.7050,185.2042,0.0864,102.8923,0.0000,0.0000,0.0000,0.0000,0.0000,270.0021,0.0000,0.0000,0.0000,0.0000,0.0000,0.0000,0.0000,0.0000,0.0000,1,0,0,0,0,0.0000
90.7603,185.2042,0.0864,102.8923,0.0000,0.0000,0.0000,0.0000,0.0000,270.0021,0.0000,0.0000,0.0000,0.0000,0.0000,0.0000,0.0000,0.0000,0.0000,1,0,0,0,0,0.0000
90.8144,185.2042,0.0864,102.8923,0.0000,0.0000,0.0000,0.0000,0.0000,270.0021,0.0000,0.0000,0.0000,0.0000,0.0000,0.0000,0.0000,0.0000,0.0000,1,0,0,0,0,0.0000
90.8705,185.2042,0.0864,102.8923,0.0000,0.0000,0.0000,0.0000,0.0000,270.0021,0.0000,0.0000,0.0000,0.0000,0.0000,0.0000,0.0000,0.0000,0.0000,1,0,0,0,0,0.0000
90.9259,185.2042,0.0864,102.8923,0.0000,0.0000,0.0000,0.0000,0.0000,270.0021,0.0000,0.0000,0.0000,0.0000,0.0000,0.0000,0.0000,0.0000,0.0000,1,0,0,0,0,0.0000
90.9952,185.2042,0.0864,102.8923,0.0000,0.0000,0.0000,0.0000,0.0000,270.0021,0.0000,0.0000,0.0000,0.0000,0.0000,0.0000,0.0000,0.0000,0.0000,1,0,0,0,0,0.0000
91.0492,185.2042,0.0864,102.8923,0.0000,0.0000,0.0000,0.0000,0.0000,270.0021,0.0000,0.0000,0.0000,0.0000,0.0000,0.0000,0.0000,0.0000,0.0000,1,0,0,0,0,0.0000
91.1082,185.2042,0.0864,102.8923,0.0000,0.0000,0.0000,0.0000,0.0000,270.0021,0.0000,0.0000,0.0000,0.0000,0.0000,0.0000,0.0000,0.0000,0.0000,1,0,0,0,0,0.0000
91.1666,185.2042,0.0864,102.8923,0.0000,0.0000,0.0000,0.0000,0.0000,270.0021,0.0000,0.0000,0.0000,0.0000,0.0000,0.0000,0.0000,0.0000,0.0000,1,0,0,0,0,0.0000
91.2612,185.2042,0.0864,102.8923,0.0000,0.0000,0.0000,0.0000,0.0000,270.0021,0.0000,0.0000,0.0000,0.0000,0.0000,0.0000,0.0000,0.0000,0.0000,1,0,0,0,0,0.0000
91.3291,185.2042,0.0864,102.8923,0.0000,0.0000,0.0000,0.0000,0.0000,270.0021,0.0000,0.0000,0.0000,0.0000,0.0000,0.0000,0.0000,0.0000,0.0000,1,0,0,0,0,0.0000
91.3886,185.2042,0.0864,102.8923,0.0000,0.0000,0.0000,0.0000,0.0000,270.0021,0.0000,0.0000,0.0000,0.0000,0.0000,0.0000,0.0000,0.0000,0.0000,1,0,0,0,0,0.0000
91.4398,185.2042,0.0864,102.8923,0.0000,0.0000,0.0000,0.0000,0.0000,270.0021,0.0000,0.0000,0.0000,0.0000,0.0000,0.0000,0.0000,0.0000,0.0000,1,0,0,0,0,0.0000
91.4985,185.2042,0.0864,102.8923,0.0000,0.0000,0.0000,0.0000,0.0000,270.0021,0.0000,0.0000,0.0000,0.0000,0.0000,0.0000,0.0000,0.0000,0.0000,1,0,0,0,0,0.0000
91.5520,185.2042,0.0864,102.8923,0.0000,0.0000,0.0000,0.0000,0.0000,270.0021,0.0000,0.0000,0.0000,0.0000,0.0000,0.0000,0.0000,0.0000,0.0000,1,0,0,0,0,0.0000
91.6061,185.2042,0.0864,102.8923,0.0000,0.0000,0.0000,0.0000,0.0000,270.0021,0.0000,0.0000,0.0000,0.0000,0.0000,0.0000,0.0000,0.0000,0.0000,1,0,0,0,0,0.0000
91.6621,185.2042,0.0864,102.8923,0.0000,0.0000,0.0000,0.0000,0.0000,270.0021,0.0000,0.0000,0.0000,0.0000,0.0000,0.0000,0.0000,0.0000,0.0000,1,0,0,0,0,0.0000
91.7178,185.2042,0.0864,102.8923,0.0000,0.0000,0.0000,0.0000,0.0000,270.0021,0.0000,0.0000,0.0000,0.0000,0.0000,0.0000,0.0000,0.0000,0.0000,1,0,0,0,0,0.0000
91.7924,185.2042,0.0864,102.8923,0.0000,0.0000,0.0000,0.0000,0.0000,270.0021,0.0000,0.0000,0.0000,0.0000,0.0000,0.0000,0.0000,0.0000,0.0000,1,0,0,0,0,0.0000
91.8642,185.2042,0.0864,102.8923,0.0000,0.0000,0.0000,0.0000,0.0000,270.0021,0.0000,0.0000,0.0000,0.0000,0.0000,0.0000,0.0000,0.0000,0.0000,1,0,0,0,0,0.0000
91.9366,185.2042,0.0864,102.8923,0.0000,0.0000,0.0000,0.0000,0.0000,270.0021,0.0000,0.0000,0.0000,0.0000,0.0000,0.0000,0.0000,0.0000,0.0000,1,0,0,0,0,0.0000
92.0299,185.2042,0.0864,102.8923,0.0000,0.0000,0.0000,0.0000,0.0000,270.0021,0.0000,0.0000,0.0000,0.0000,0.0000,0.0000,0.0000,0.0000,0.0000,1,0,0,0,0,0.0000
92.0811,185.2042,0.0864,102.8923,0.0000,0.0000,0.0000,0.0000,0.0000,270.0021,0.0000,0.0000,0.0000,0.0000,0.0000,0.0000,0.0000,0.0000,0.0000,1,0,0,0,0,0.0000
92.1359,185.2042,0.0864,102.8923,0.0000,0.0000,0.0000,0.0000,0.0000,270.0021,0.0000,0.0000,0.0000,0.0000,0.0000,0.0000,0.0000,0.0000,0.0000,1,0,0,0,0,0.0000
92.1917,185.2042,0.0864,102.8923,0.0000,0.0000,0.0000,0.0000,0.0000,270.0021,0.0000,0.0000,0.0000,0.0000,0.0000,0.0000,0.0000,0.0000,0.0000,1,0,0,0,0,0.0000
92.2475,185.2042,0.0864,102.8923,0.0000,0.0000,0.0000,0.0000,0.0000,270.0021,0.0000,0.0000,0.0000,0.0000,0.0000,0.0000,0.0000,0.0000,0.0000,1,0,0,0,0,0.0000
92.3026,185.2042,0.0864,102.8923,0.0000,0.0000,0.0000,0.0000,0.0000,270.0021,0.0000,0.0000,0.0000,0.0000,0.0000,0.0000,0.0000,0.0000,0.0000,1,0,0,0,0,0.0000
92.3748,185.2042,0.0864,102.8923,0.0000,0.0000,0.0000,0.0000,0.0000,270.0021,0.0000,0.0000,0.0000,0.0000,0.0000,0.0000,0.0000,0.0000,0.0000,1,0,0,0,0,0.0000
92.4271,185.2042,0.0864,102.8923,0.0000,0.0000,0.0000,0.0000,0.0000,270.0021,0.0000,0.0000,0.0000,0.0000,0.0000,0.0000,0.0000,0.0000,0.0000,1,0,0,0,0,0.0000
92.4836,185.2042,0.0864,102.8923,0.0000,0.0000,0.0000,0.0000,0.0000,270.0021,0.0000,0.0000,0.0000,0.0000,0.0000,0.0000,0.0000,0.0000,0.0000,1,0,0,0,0,0.0000
92.5385,185.2042,0.0864,102.8923,0.0000,0.0000,0.0000,0.0000,0.0000,270.0021,0.0000,0.0000,0.0000,0.0000,0.0000,0.0000,0.0000,0.0000,0.0000,1,0,0,0,0,0.0000
92.5925,185.2042,0.0864,102.8923,0.0000,0.0000,0.0000,0.0000,0.0000,270.0021,0.0000,0.0000,0.0000,0.0000,0.0000,0.0000,0.0000,0.0000,0.0000,1,0,0,0,0,0.0000
92.6492,185.2042,0.0864,102.8923,0.0000,0.0000,0.0000,0.0000,0.0000,270.0021,0.0000,0.0000,0.0000,0.0000,0.0000,0.0000,0.0000,0.0000,0.0000,1,0,0,0,0,0.0000
92.7042,185.2042,0.0864,102.8923,0.0000,0.0000,0.0000,0.0000,0.0000,270.0021,0.0000,0.0000,0.0000,0.0000,0.0000,0.0000,0.0000,0.0000,0.0000,1,0,0,0,0,0.0000
92.7607,185.2042,0.0864,102.8923,0.0000,0.0000,0.0000,0.0000,0.0000,270.0021,0.0000,0.0000,0.0000,0.0000,0.0000,0.0000,0.0000,0.0000,0.0000,1,0,0,0,0,0.0000
92.8183,185.2042,0.0864,102.8923,0.0000,0.0000,0.0000,0.0000,0.0000,270.0021,0.0000,0.0000,0.0000,0.0000,0.0000,0.0000,0.0000,0.0000,0.0000,1,0,0,0,0,0.0000
92.8872,185.2042,0.0864,102.8923,0.0000,0.0000,0.0000,0.0000,0.0000,270.0021,0.0000,0.0000,0.0000,0.0000,0.0000,0.0000,0.0000,0.0000,0.0000,1,0,0,0,0,0.0000
92.9411,185.2042,0.0864,102.8923,0.0000,0.0000,0.0000,0.0000,0.0000,270.0021,0.0000,0.0000,0.0000,0.0000,0.0000,0.0000,0.0000,0.0000,0.0000,1,0,0,0,0,0.0000
92.9968,185.2042,0.0864,102.8923,0.0000,0.0000,0.0000,0.0000,0.0000,270.0021,0.0000,0.0000,0.0000,0.0000,0.0000,0.0000,0.0000,0.0000,0.0000,1,0,0,0,0,0.0000
93.0573,185.2042,0.0864,102.8923,0.0000,0.0000,0.0000,0.0000,0.0000,270.0021,0.0000,0.0000,0.0000,0.0000,0.0000,0.0000,0.0000,0.0000,0.0000,1,0,0,0,0,0.0000
93.1235,185.2042,0.0864,102.8923,0.0000,0.0000,0.0000,0.0000,0.0000,270.0021,0.0000,0.0000,0.0000,0.0000,0.0000,0.0000,0.0000,0.0000,0.0000,1,0,0,0,0,0.0000
93.1819,185.2042,0.0864,102.8923,0.0000,0.0000,0.0000,0.0000,0.0000,270.0021,0.0000,0.0000,0.0000,0.0000,0.0000,0.0000,0.0000,0.0000,0.0000,1,0,0,0,0,0.0000
93.2346,185.2042,0.0864,102.8923,0.0000,0.0000,0.0000,0.0000,0.0000,270.0021,0.0000,0.0000,0.0000,0.0000,0.0000,0.0000,0.0000,0.0000,0.0000,1,0,0,0,0,0.0000
93.3061,185.2042,0.0864,102.8923,0.0000,0.0000,0.0000,0.0000,0.0000,270.0021,0.0000,0.0000,0.0000,0.0000,0.0000,0.0000,0.0000,0.0000,0.0000,1,0,0,0,0,0.0000
93.3568,185.2042,0.0864,102.8923,0.0000,0.0000,0.0000,0.0000,0.0000,270.0021,0.0000,0.0000,0.0000,0.0000,0.0000,0.0000,0.0000,0.0000,0.0000,1,0,0,0,0,0.0000
93.4257,185.2042,0.0864,102.8923,0.0000,0.0000,0.0000,0.0000,0.0000,270.0021,0.0000,0.0000,0.0000,0.0000,0.0000,0.0000,0.0000,0.0000,0.0000,1,0,0,0,0,0.0000
93.4840,185.2042,0.0864,102.8923,0.0000,0.0000,0.0000,0.0000,0.0000,270.0021,0.0000,0.0000,0.0000,0.0000,0.0000,0.0000,0.0000,0.0000,0.0000,1,0,0,0,0,0.0000
93.5402,185.2042,0.0864,102.8923,0.0000,0.0000,0.0000,0.0000,0.0000,270.0021,0.0000,0.0000,0.0000,0.0000,0.0000,0.0000,0.0000,0.0000,0.0000,1,0,0,0,0,0.0000
93.5946,185.2042,0.0864,102.8923,0.0000,0.0000,0.0000,0.0000,0.0000,270.0021,0.0000,0.0000,0.0000,0.0000,0.0000,0.0000,0.0000,0.0000,0.0000,1,0,0,0,0,0.0000
93.6509,185.2042,0.0864,102.8923,0.0000,0.0000,0.0000,0.0000,0.0000,270.0021,0.0000,0.0000,0.0000,0.0000,0.0000,0.0000,0.0000,0.0000,0.0000,1,0,0,0,0,0.0000
93.7036,185.2042,0.0864,102.8923,0.0000,0.0000,0.0000,0.0000,0.0000,270.0021,0.0000,0.0000,0.0000,0.0000,0.0000,0.0000,0.0000,0.0000,0.0000,1,0,0,0,0,0.0000
93.7616,185.2042,0.0864,102.8923,0.0000,0.0000,0.0000,0.0000,0.0000,270.0021,0.0000,0.0000,0.0000,0.0000,0.0000,0.0000,0.0000,0.0000,0.0000,1,0,0,0,0,0.0000
93.8146,185.2042,0.0864,102.8923,0.0000,0.0000,0.0000,0.0000,0.0000,270.0021,0.0000,0.0000,0.0000,0.0000,0.0000,0.0000,0.0000,0.0000,0.0000,1,0,0,0,0,0.0000
93.8770,185.2042,0.0864,102.8923,0.0000,0.0000,0.0000,0.0000,0.0000,270.0021,0.0000,0.0000,0.0000,0.0000,0.0000,0.0000,0.0000,0.0000,0.0000,1,0,0,0,0,0.0000
93.9302,185.2042,0.0864,102.8923,0.0000,0.0000,0.0000,0.0000,0.0000,270.0021,0.0000,0.0000,0.0000,0.0000,0.0000,0.0000,0.0000,0.0000,0.0000,1,0,0,0,0,0.0000
93.9831,185.2042,0.0864,102.8923,0.0000,0.0000,0.0000,0.0000,0.0000,270.0021,0.0000,0.0000,0.0000,0.0000,0.0000,0.0000,0.0000,0.0000,0.0000,1,0,0,0,0,0.0000
94.0372,185.2042,0.0864,102.8923,0.0000,0.0000,0.0000,0.0000,0.0000,270.0021,0.0000,0.0000,0.0000,0.0000,0.0000,0.0000,0.0000,0.0000,0.0000,1,0,0,0,0,0.0000
94.0926,185.2042,0.0864,102.8923,0.0000,0.0000,0.0000,0.0000,0.0000,270.0021,0.0000,0.0000,0.0000,0.0000,0.0000,0.0000,0.0000,0.0000,0.0000,1,0,0,0,0,0.0000
94.1488,185.2042,0.0864,102.8923,0.0000,0.0000,0.0000,0.0000,0.0000,270.0021,0.0000,0.0000,0.0000,0.0000,0.0000,0.0000,0.0000,0.0000,0.0000,1,0,0,0,0,0.0000
94.2053,185.2042,0.0864,102.8923,0.0000,0.0000,0.0000,0.0000,0.0000,270.0021,0.0000,0.0000,0.0000,0.0000,0.0000,0.0000,0.0000,0.0000,0.0000,1,0,0,0,0,0.0000
94.2757,185.2042,0.0864,102.8923,0.0000,0.0000,0.0000,0.0000,0.0000,270.0021,0.0000,0.0000,0.0000,0.0000,0.0000,0.0000,0.0000,0.0000,0.0000,1,0,0,0,0,0.0000
94.3433,185.2042,0.0864,102.8923,0.0000,0.0000,0.0000,0.0000,0.0000,270.0021,0.0000,0.0000,0.0000,0.0000,0.0000,0.0000,0.0000,0.0000,0.0000,1,0,0,0,0,0.0000
94.3993,185.2042,0.0864,102.8923,0.0000,0.0000,0.0000,0.0000,0.0000,270.0021,0.0000,0.0000,0.0000,0.0000,0.0000,0.0000,0.0000,0.0000,0.0000,1,0,0,0,0,0.0000
94.4548,185.2042,0.0864,102.8923,0.0000,0.0000,0.0000,0.0000,0.0000,270.0021,0.0000,0.0000,0.0000,0.0000,0.0000,0.0000,0.0000,0.0000,0.0000,1,0,0,0,0,0.0000
94.5539,185.2042,0.0864,102.8923,0.0000,0.0000,0.0000,0.0000,0.0000,270.0021,0.0000,0.0000,0.0000,0.0000,0.0000,0.0000,0.0000,0.0000,0.0000,1,0,0,0,0,0.0000
94.6395,185.2042,0.0864,102.8923,0.0000,0.0000,0.0000,0.0000,0.0000,270.0021,0.0000,0.0000,0.0000,0.0000,0.0000,0.0000,0.0000,0.0000,0.0000,1,0,0,0,0,0.0000
94.7070,185.2042,0.0864,102.8923,0.0000,0.0000,0.0000,0.0000,0.0000,270.0021,0.0000,0.0000,0.0000,0.0000,0.0000,0.0000,0.0000,0.0000,0.0000,1,0,0,0,0,0.0000
94.7735,185.2042,0.0864,102.8923,0.0000,0.0000,0.0000,0.0000,0.0000,270.0021,0.0000,0.0000,0.0000,0.0000,0.0000,0.0000,0.0000,0.0000,0.0000,1,0,0,0,0,0.0000
94.8311,185.2042,0.0864,102.8923,0.0000,0.0000,0.0000,0.0000,0.0000,270.0021,0.0000,0.0000,0.0000,0.0000,0.0000,0.0000,0.0000,0.0000,0.0000,1,0,0,0,0,0.0000
94.8843,185.2042,0.0864,102.8923,0.0000,0.0000,0.0000,0.0000,0.0000,270.0021,0.0000,0.0000,0.0000,0.0000,0.0000,0.0000,0.0000,0.0000,0.0000,1,0,0,0,0,0.0000
94.9405,185.2042,0.0864,102.8923,0.0000,0.0000,0.0000,0.0000,0.0000,270.0021,0.0000,0.0000,0.0000,0.0000,0.0000,0.0000,0.0000,0.0000,0.0000,1,0,0,0,0,0.0000
95.0311,185.2042,0.0864,102.8923,0.0000,0.0000,0.0000,0.0000,0.0000,270.0021,0.0000,0.0000,0.0000,0.0000,0.0000,0.0000,0.0000,0.0000,0.0000,1,0,0,0,0,0.0000
95.1272,185.2042,0.0864,102.8923,0.0000,0.0000,0.0000,0.0000,0.0000,270.0021,0.0000,0.0000,0.0000,0.0000,0.0000,0.0000,0.0000,0.0000,0.0000,1,0,0,0,0,0.0000
95.1900,185.2042,0.0864,102.8923,0.0000,0.0000,0.0000,0.0000,0.0000,270.0021,0.0000,0.0000,0.0000,0.0000,0.0000,0.0000,0.0000,0.0000,0.0000,1,0,0,0,0,0.0000
95.2580,185.2042,0.0864,102.8923,0.0000,0.0000,0.0000,0.0000,0.0000,270.0021,0.0000,0.0000,0.0000,0.0000,0.0000,0.0000,0.0000,0.0000,0.0000,1,0,0,0,0,0.0000
95.3163,185.2042,0.0864,102.8923,0.0000,0.0000,0.0000,0.0000,0.0000,270.0021,0.0000,0.0000,0.0000,0.0000,0.0000,0.0000,0.0000,0.0000,0.0000,1,0,0,0,0,0.0000
95.3837,185.2042,0.0864,102.8923,0.0000,0.0000,0.0000,0.0000,0.0000,270.0021,0.0000,0.0000,0.0000,0.0000,0.0000,0.0000,0.0000,0.0000,0.0000,1,0,0,0,0,0.0000
95.4401,185.2042,0.0864,102.8923,0.0000,0.0000,0.0000,0.0000,0.0000,270.0021,0.0000,0.0000,0.0000,0.0000,0.0000,0.0000,0.0000,0.0000,0.0000,1,0,0,0,0,0.0000
95.4964,185.2042,0.0864,102.8923,0.0000,0.0000,0.0000,0.0000,0.0000,270.0021,0.0000,0.0000,0.0000,0.0000,0.0000,0.0000,0.0000,0.0000,0.0000,1,0,0,0,0,0.0000
95.5497,185.2042,0.0864,102.8923,0.0000,0.0000,0.0000,0.0000,0.0000,270.0021,0.0000,0.0000,0.0000,0.0000,0.0000,0.0000,0.0000,0.0000,0.0000,1,0,0,0,0,0.0000
95.6069,185.2042,0.0864,102.8923,0.0000,0.0000,0.0000,0.0000,0.0000,270.0021,0.0000,0.0000,0.0000,0.0000,0.0000,0.0000,0.0000,0.0000,0.0000,1,0,0,0,0,0.0000
95.6783,185.2042,0.0864,102.8923,0.0000,0.0000,0.0000,0.0000,0.0000,270.0021,0.0000,0.0000,0.0000,0.0000,0.0000,0.0000,0.0000,0.0000,0.0000,1,0,0,0,0,0.0000
95.7322,185.2042,0.0864,102.8923,0.0000,0.0000,0.0000,0.0000,0.0000,270.0021,0.0000,0.0000,0.0000,0.0000,0.0000,0.0000,0.0000,0.0000,0.0000,1,0,0,0,0,0.0000
95.8008,185.2042,0.0864,102.8923,0.0000,0.0000,0.0000,0.0000,0.0000,270.0021,0.0000,0.0000,0.0000,0.0000,0.0000,0.0000,0.0000,0.0000,0.0000,1,0,0,0,0,0.0000
95.8608,185.2042,0.0864,102.8923,0.0000,0.0000,0.0000,0.0000,0.0000,270.0021,0.0000,0.0000,0.0000,0.0000,0.0000,0.0000,0.0000,0.0000,0.0000,1,0,0,0,0,0.0000
95.9134,185.2042,0.0864,102.8923,0.0000,0.0000,0.0000,0.0000,0.0000,270.0021,0.0000,0.0000,0.0000,0.0000,0.0000,0.0000,0.0000,0.0000,0.0000,1,0,0,0,0,0.0000
95.9697,185.2042,0.0864,102.8923,0.0000,0.0000,0.0000,0.0000,0.0000,270.0021,0.0000,0.0000,0.0000,0.0000,0.0000,0.0000,0.0000,0.0000,0.0000,1,0,0,0,0,0.0000
96.0242,185.2042,0.0864,102.8923,0.0000,0.0000,0.0000,0.0000,0.0000,270.0021,0.0000,0.0000,0.0000,0.0000,0.0000,0.0000,0.0000,0.0000,0.0000,1,0,0,0,0,0.0000
96.0793,185.2042,0.0864,102.8923,0.0000,0.0000,0.0000,0.0000,0.0000,270.0021,0.0000,0.0000,0.0000,0.0000,0.0000,0.0000,0.0000,0.0000,0.0000,1,0,0,0,0,0.0000
96.1343,185.2042,0.0864,102.8923,0.0000,0.0000,0.0000,0.0000,0.0000,270.0021,0.0000,0.0000,0.0000,0.0000,0.0000,0.0000,0.0000,0.0000,0.0000,1,0,0,0,0,0.0000
96.2036,185.2042,0.0864,102.8923,0.0000,0.0000,0.0000,0.0000,0.0000,270.0021,0.0000,0.0000,0.0000,0.0000,0.0000,0.0000,0.0000,0.0000,0.0000,1,0,0,0,0,0.0000
96.2591,185.2042,0.0864,102.8923,0.0000,0.0000,0.0000,0.0000,0.0000,270.0021,0.0000,0.0000,0.0000,0.0000,0.0000,0.0000,0.0000,0.0000,0.0000,1,0,0,0,0,0.0000
96.3279,185.2042,0.0864,102.8923,0.0000,0.0000,0.0000,0.0000,0.0000,270.0021,0.0000,0.0000,0.0000,0.0000,0.0000,0.0000,0.0000,0.0000,0.0000,1,0,0,0,0,0.0000
96.3855,185.2042,0.0864,102.8923,0.0000,0.0000,0.0000,0.0000,0.0000,270.0021,0.0000,0.0000,0.0000,0.0000,0.0000,0.0000,0.0000,0.0000,0.0000,1,0,0,0,0,0.0000
96.4400,185.2042,0.0864,102.8923,0.0000,0.0000,0.0000,0.0000,0.0000,270.0021,0.0000,0.0000,0.0000,0.0000,0.0000,0.0000,0.0000,0.0000,0.0000,1,0,0,0,0,0.0000
96.4955,185.2042,0.0864,102.8923,0.0000,0.0000,0.0000,0.0000,0.0000,270.0021,0.0000,0.0000,0.0000,0.0000,0.0000,0.0000,0.0000,0.0000,0.0000,1,0,0,0,0,0.0000
96.5516,185.2042,0.0864,102.8923,0.0000,0.0000,0.0000,0.0000,0.0000,270.0021,0.0000,0.0000,0.0000,0.0000,0.0000,0.0000,0.0000,0.0000,0.0000,1,0,0,0,0,0.0000
96.6064,185.2042,0.0864,102.8923,0.0000,0.0000,0.0000,0.0000,0.0000,270.0021,0.0000,0.0000,0.0000,0.0000,0.0000,0.0000,0.0000,0.0000,0.0000,1,0,0,0,0,0.0000
96.6611,185.2042,0.0864,102.8923,0.0000,0.0000,0.0000,0.0000,0.0000,270.0021,0.0000,0.0000,0.0000,0.0000,0.0000,0.0000,0.0000,0.0000,0.0000,1,0,0,0,0,0.0000
96.7327,185.2042,0.0864,102.8923,0.0000,0.0000,0.0000,0.0000,0.0000,270.0021,0.0000,0.0000,0.0000,0.0000,0.0000,0.0000,0.0000,0.0000,0.0000,1,0,0,0,0,0.0000
96.7862,185.2042,0.0864,102.8923,0.0000,0.0000,0.0000,0.0000,0.0000,270.0021,0.0000,0.0000,0.0000,0.0000,0.0000,0.0000,0.0000,0.0000,0.0000,1,0,0,0,0,0.0000
96.8421,185.2042,0.0864,102.8923,0.0000,0.0000,0.0000,0.0000,0.0000,270.0021,0.0000,0.0000,0.0000,0.0000,0.0000,0.0000,0.0000,0.0000,0.0000,1,0,0,0,0,0.0000
96.8979,185.2042,0.0864,102.8923,0.0000,0.0000,0.0000,0.0000,0.0000,270.0021,0.0000,0.0000,0.0000,0.0000,0.0000,0.0000,0.0000,0.0000,0.0000,1,0,0,0,0,0.0000
96.9532,185.2042,0.0864,102.8923,0.0000,0.0000,0.0000,0.0000,0.0000,270.0021,0.0000,0.0000,0.0000,0.0000,0.0000,0.0000,0.0000,0.0000,0.0000,1,0,0,0,0,0.0000
97.0091,185.2042,0.0864,102.8923,0.0000,0.0000,0.0000,0.0000,0.0000,270.0021,0.0000,0.0000,0.0000,0.0000,0.0000,0.0000,0.0000,0.0000,0.0000,1,0,0,0,0,0.0000
97.0638,185.2042,0.0864,102.8923,0.0000,0.0000,0.0000,0.0000,0.0000,270.0021,0.0000,0.0000,0.0000,0.0000,0.0000,0.0000,0.0000,0.0000,0.0000,1,0,0,0,0,0.0000
97.1194,185.2042,0.0864,102.8923,0.0000,0.0000,0.0000,0.0000,0.0000,270.0021,0.0000,0.0000,0.0000,0.0000,0.0000,0.0000,0.0000,0.0000,0.0000,1,0,0,0,0,0.0000
97.1765,185.2042,0.0864,102.8923,0.0000,0.0000,0.0000,0.0000,0.0000,270.0021,0.0000,0.0000,0.0000,0.0000,0.0000,0.0000,0.0000,0.0000,0.0000,1,0,0,0,0,0.0000
97.2630,185.2042,0.0864,102.8923,0.0000,0.0000,0.0000,0.0000,0.0000,270.0021,0.0000,0.0000,0.0000,0.0000,0.0000,0.0000,0.0000,0.0000,0.0000,1,0,0,0,0,0.0000
97.3280,185.2042,0.0864,102.8923,0.0000,0.0000,0.0000,0.0000,0.0000,270.0021,0.0000,0.0000,0.0000,0.0000,0.0000,0.0000,0.0000,0.0000,0.0000,1,0,0,0,0,0.0000
97.3846,185.2042,0.0864,102.8923,0.0000,0.0000,0.0000,0.0000,0.0000,270.0021,0.0000,0.0000,0.0000,0.0000,0.0000,0.0000,0.0000,0.0000,0.0000,1,0,0,0,0,0.0000
97.4413,185.2042,0.0864,102.8923,0.0000,0.0000,0.0000,0.0000,0.0000,270.0021,0.0000,0.0000,0.0000,0.0000,0.0000,0.0000,0.0000,0.0000,0.0000,1,0,0,0,0,0.0000
97.4970,185.2042,0.0864,102.8923,0.0000,0.0000,0.0000,0.0000,0.0000,270.0021,0.0000,0.0000,0.0000,0.0000,0.0000,0.0000,0.0000,0.0000,0.0000,1,0,0,0,0,0.0000
97.5493,185.2042,0.0864,102.8923,0.0000,0.0000,0.0000,0.0000,0.0000,270.0021,0.0000,0.0000,0.0000,0.0000,0.0000,0.0000,0.0000,0.0000,0.0000,1,0,0,0,0,0.0000
97.6080,185.2042,0.0864,102.8923,0.0000,0.0000,0.0000,0.0000,0.0000,270.0021,0.0000,0.0000,0.0000,0.0000,0.0000,0.0000,0.0000,0.0000,0.0000,1,0,0,0,0,0.0000
97.6636,185.2042,0.0864,102.8923,0.0000,0.0000,0.0000,0.0000,0.0000,270.0021,0.0000,0.0000,0.0000,0.0000,0.0000,0.0000,0.0000,0.0000,0.0000,1,0,0,0,0,0.0000
97.7179,185.2042,0.0864,102.8923,0.0000,0.0000,0.0000,0.0000,0.0000,270.0021,0.0000,0.0000,0.0000,0.0000,0.0000,0.0000,0.0000,0.0000,0.0000,1,0,0,0,0,0.0000
97.7869,185.2042,0.0864,102.8923,0.0000,0.0000,0.0000,0.0000,0.0000,270.0021,0.0000,0.0000,0.0000,0.0000,0.0000,0.0000,0.0000,0.0000,0.0000,1,0,0,0,0,0.0000
97.8408,185.2042,0.0864,102.8923,0.0000,0.0000,0.0000,0.0000,0.0000,270.0021,0.0000,0.0000,0.0000,0.0000,0.0000,0.0000,0.0000,0.0000,0.0000,1,0,0,0,0,0.0000
97.9737,185.2042,0.0864,102.8923,0.0000,0.0000,0.0000,0.0000,0.0000,270.0021,0.0000,0.0000,0.0000,0.0000,0.0000,0.0000,0.0000,0.0000,0.0000,1,0,0,0,0,0.0000
98.0666,185.2042,0.0864,102.8923,0.0000,0.0000,0.0000,0.0000,0.0000,270.0021,0.0000,0.0000,0.0000,0.0000,0.0000,0.0000,0.0000,0.0000,0.0000,1,0,0,0,0,0.0000
98.1351,185.2042,0.0864,102.8923,0.0000,0.0000,0.0000,0.0000,0.0000,270.0021,0.0000,0.0000,0.0000,0.0000,0.0000,0.0000,0.0000,0.0000,0.0000,1,0,0,0,0,0.0000
98.1919,185.2042,0.0864,102.8923,0.0000,0.0000,0.0000,0.0000,0.0000,270.0021,0.0000,0.0000,0.0000,0.0000,0.0000,0.0000,0.0000,0.0000,0.0000,1,0,0,0,0,0.0000
98.2630,185.2042,0.0864,102.8923,0.0000,0.0000,0.0000,0.0000,0.0000,270.0021,0.0000,0.0000,0.0000,0.0000,0.0000,0.0000,0.0000,0.0000,0.0000,1,0,0,0,0,0.0000
98.3303,185.2042,0.0864,102.8923,0.0000,0.0000,0.0000,0.0000,0.0000,270.0021,0.0000,0.0000,0.0000,0.0000,0.0000,0.0000,0.0000,0.0000,0.0000,1,0,0,0,0,0.0000
98.3871,185.2042,0.0864,102.8923,0.0000,0.0000,0.0000,0.0000,0.0000,270.0021,0.0000,0.0000,0.0000,0.0000,0.0000,0.0000,0.0000,0.0000,0.0000,1,0,0,0,0,0.0000
98.4570,185.2042,0.0864,102.8923,0.0000,0.0000,0.0000,0.0000,0.0000,270.0021,0.0000,0.0000,0.0000,0.0000,0.0000,0.0000,0.0000,0.0000,0.0000,1,0,0,0,0,0.0000
98.5119,185.2042,0.0864,102.8923,0.0000,0.0000,0.0000,0.0000,0.0000,270.0021,0.0000,0.0000,0.0000,0.0000,0.0000,0.0000,0.0000,0.0000,0.0000,1,0,0,0,0,0.0000
98.5678,185.2042,0.0864,102.8923,0.0000,0.0000,0.0000,0.0000,0.0000,270.0021,0.0000,0.0000,0.0000,0.0000,0.0000,0.0000,0.0000,0.0000,0.0000,1,0,0,0,0,0.0000
98.6253,185.2042,0.0864,102.8923,0.0000,0.0000,0.0000,0.0000,0.0000,270.0021,0.0000,0.0000,0.0000,0.0000,0.0000,0.0000,0.0000,0.0000,0.0000,1,0,0,0,0,0.0000
98.6770,185.2042,0.0864,102.8923,0.0000,0.0000,0.0000,0.0000,0.0000,270.0021,0.0000,0.0000,0.0000,0.0000,0.0000,0.0000,0.0000,0.0000,0.0000,1,0,0,0,0,0.0000
98.7345,185.2042,0.0864,102.8923,0.0000,0.0000,0.0000,0.0000,0.0000,270.0021,0.0000,0.0000,0.0000,0.0000,0.0000,0.0000,0.0000,0.0000,0.0000,1,0,0,0,0,0.0000
98.7890,185.2042,0.0864,102.8923,0.0000,0.0000,0.0000,0.0000,0.0000,270.0021,0.0000,0.0000,0.0000,0.0000,0.0000,0.0000,0.0000,0.0000,0.0000,1,0,0,0,0,0.0000
98.8437,185.2042,0.0864,102.8923,0.0000,0.0000,0.0000,0.0000,0.0000,270.0021,0.0000,0.0000,0.0000,0.0000,0.0000,0.0000,0.0000,0.0000,0.0000,1,0,0,0,0,0.0000
98.9284,185.2042,0.0864,102.8923,0.0000,0.0000,0.0000,0.0000,0.0000,270.0021,0.0000,0.0000,0.0000,0.0000,0.0000,0.0000,0.0000,0.0000,0.0000,1,0,0,0,0,0.0000
98.9801,185.2042,0.0864,102.8923,0.0000,0.0000,0.0000,0.0000,0.0000,270.0021,0.0000,0.0000,0.0000,0.0000,0.0000,0.0000,0.0000,0.0000,0.0000,1,0,0,0,0,0.0000
99.0396,185.2042,0.0864,102.8923,0.0000,0.0000,0.0000,0.0000,0.0000,270.0021,0.0000,0.0000,0.0000,0.0000,0.0000,0.0000,0.0000,0.0000,0.0000,1,0,0,0,0,0.0000
99.0938,185.2042,0.0864,102.8923,0.0000,0.0000,0.0000,0.0000,0.0000,270.0021,0.0000,0.0000,0.0000,0.0000,0.0000,0.0000,0.0000,0.0000,0.0000,1,0,0,0,0,0.0000
99.1473,185.2042,0.0864,102.8923,0.0000,0.0000,0.0000,0.0000,0.0000,270.0021,0.0000,0.0000,0.0000,0.0000,0.0000,0.0000,0.0000,0.0000,0.0000,1,0,0,0,0,0.0000
99.2025,185.2042,0.0864,102.8923,0.0000,0.0000,0.0000,0.0000,0.0000,270.0021,0.0000,0.0000,0.0000,0.0000,0.0000,0.0000,0.0000,0.0000,0.0000,1,0,0,0,0,0.0000
99.2584,185.2042,0.0864,102.8923,0.0000,0.0000,0.0000,0.0000,0.0000,270.0021,0.0000,0.0000,0.0000,0.0000,0.0000,0.0000,0.0000,0.0000,0.0000,1,0,0,0,0,0.0000
99.3174,185.2042,0.0864,102.8923,0.0000,0.0000,0.0000,0.0000,0.0000,270.0021,0.0000,0.0000,0.0000,0.0000,0.0000,0.0000,0.0000,0.0000,0.0000,1,0,0,0,0,0.0000
99.3700,185.2042,0.0864,102.8923,0.0000,0.0000,0.0000,0.0000,0.0000,270.0021,0.0000,0.0000,0.0000,0.0000,0.0000,0.0000,0.0000,0.0000,0.0000,1,0,0,0,0,0.0000
99.4259,185.2042,0.0864,102.8923,0.0000,0.0000,0.0000,0.0000,0.0000,270.0021,0.0000,0.0000,0.0000,0.0000,0.0000,0.0000,0.0000,0.0000,0.0000,1,0,0,0,0,0.0000
99.5022,185.2042,0.0864,102.8923,0.0000,0.0000,0.0000,0.0000,0.0000,270.0021,0.0000,0.0000,0.0000,0.0000,0.0000,0.0000,0.0000,0.0000,0.0000,1,0,0,0,0,0.0000
99.5667,185.2042,0.0864,102.8923,0.0000,0.0000,0.0000,0.0000,0.0000,270.0021,0.0000,0.0000,0.0000,0.0000,0.0000,0.0000,0.0000,0.0000,0.0000,1,0,0,0,0,0.0000
99.6232,185.2042,0.0864,102.8923,0.0000,0.0000,0.0000,0.0000,0.0000,270.0021,0.0000,0.0000,0.0000,0.0000,0.0000,0.0000,0.0000,0.0000,0.0000,1,0,0,0,0,0.0000
99.6771,185.2042,0.0864,102.8923,0.0000,0.0000,0.0000,0.0000,0.0000,270.0021,0.0000,0.0000,0.0000,0.0000,0.0000,0.0000,0.0000,0.0000,0.0000,1,0,0,0,0,0.0000
99.7321,185.2042,0.0864,102.8923,0.0000,0.0000,0.0000,0.0000,0.0000,270.0021,0.0000,0.0000,0.0000,0.0000,0.0000,0.0000,0.0000,0.0000,0.0000,1,0,0,0,0,0.0000
99.7870,185.2042,0.0864,102.8923,0.0000,0.0000,0.0000,0.0000,0.0000,270.0021,0.0000,0.0000,0.0000,0.0000,0.0000,0.0000,0.0000,0.0000,0.0000,1,0,0,0,0,0.0000
99.8420,185.2042,0.0864,102.8923,0.0000,0.0000,0.0000,0.0000,0.0000,270.0021,0.0000,0.0000,0.0000,0.0000,0.0000,0.0000,0.0000,0.0000,0.0000,1,0,0,0,0,0.0000
99.8996,185.2042,0.0864,102.8923,0.0000,0.0000,0.0000,0.0000,0.0000,270.0021,0.0000,0.0000,0.0000,0.0000,0.0000,0.0000,0.0000,0.0000,0.0000,1,0,0,0,0,0.0000
99.9540,185.2042,0.0864,102.8923,0.0000,0.0000,0.0000,0.0000,0.0000,270.0021,0.0000,0.0000,0.0000,0.0000,0.0000,0.0000,0.0000,0.0000,0.0000,1,0,0,0,0,0.0000
100.0240,185.2042,0.0864,102.8923,0.0000,0.0000,0.0000,0.0000,0.0000,270.0021,0.0000,0.0000,0.0000,0.0000,0.0000,0.0000,0.0000,0.0000,0.0000,1,0,0,0,0,0.0000
100.0777,185.2042,0.0864,102.8923,0.0000,0.0000,0.0000,0.0000,0.0000,270.0021,0.0000,0.0000,0.0000,0.0000,0.0000,0.0000,0.0000,0.0000,0.0000,1,0,0,0,0,0.0000
100.1414,185.2042,0.0864,102.8923,0.0000,0.0000,0.0000,0.0000,0.0000,270.0021,0.0000,0.0000,0.0000,0.0000,0.0000,0.0000,0.0000,0.0000,0.0000,1,0,0,0,0,0.0000
100.2087,185.2042,0.0864,102.8923,0.0000,0.0000,0.0000,0.0000,0.0000,270.0021,0.0000,0.0000,0.0000,0.0000,0.0000,0.0000,0.0000,0.0000,0.0000,1,0,0,0,0,0.0000
100.2613,185.2042,0.0864,102.8923,0.0000,0.0000,0.0000,0.0000,0.0000,270.0021,0.0000,0.0000,0.0000,0.0000,0.0000,0.0000,0.0000,0.0000,0.0000,1,0,0,0,0,0.0000
100.3158,185.2042,0.0864,102.8923,0.0000,0.0000,0.0000,0.0000,0.0000,270.0021,0.0000,0.0000,0.0000,0.0000,0.0000,0.0000,0.0000,0.0000,0.0000,1,0,0,0,0,0.0000
100.3727,185.2042,0.0864,102.8923,0.0000,0.0000,0.0000,0.0000,0.0000,270.0021,0.0000,0.0000,0.0000,0.0000,0.0000,0.0000,0.0000,0.0000,0.0000,1,0,0,0,0,0.0000
100.4276,185.2042,0.0864,102.8923,0.0000,0.0000,0.0000,0.0000,0.0000,270.0021,0.0000,0.0000,0.0000,0.0000,0.0000,0.0000,0.0000,0.0000,0.0000,1,0,0,0,0,0.0000
100.4836,185.2042,0.0864,102.8923,0.0000,0.0000,0.0000,0.0000,0.0000,270.0021,0.0000,0.0000,0.0000,0.0000,0.0000,0.0000,0.0000,0.0000,0.0000,1,0,0,0,0,0.0000
100.5544,185.2042,0.0864,102.8923,0.0000,0.0000,0.0000,0.0000,0.0000,270.0021,0.0000,0.0000,0.0000,0.0000,0.0000,0.0000,0.0000,0.0000,0.0000,1,0,0,0,0,0.0000
100.6074,185.2042,0.0864,102.8923,0.0000,0.0000,0.0000,0.0000,0.0000,270.0021,0.0000,0.0000,0.0000,0.0000,0.0000,0.0000,0.0000,0.0000,0.0000,1,0,0,0,0,0.0000
100.6633,185.2042,0.0864,102.8923,0.0000,0.0000,0.0000,0.0000,0.0000,270.0021,0.0000,0.0000,0.0000,0.0000,0.0000,0.0000,0.0000,0.0000,0.0000,1,0,0,0,0,0.0000
100.7197,185.2042,0.0864,102.8923,0.0000,0.0000,0.0000,0.0000,0.0000,270.0021,0.0000,0.0000,0.0000,0.0000,0.0000,0.0000,0.0000,0.0000,0.0000,1,0,0,0,0,0.0000
100.7749,185.2042,0.0864,102.8923,0.0000,0.0000,0.0000,0.0000,0.0000,270.0021,0.0000,0.0000,0.0000,0.0000,0.0000,0.0000,0.0000,0.0000,0.0000,1,0,0,0,0,0.0000
100.8471,185.2042,0.0864,102.8923,0.0000,0.0000,0.0000,0.0000,0.0000,270.0021,0.0000,0.0000,0.0000,0.0000,0.0000,0.0000,0.0000,0.0000,0.0000,1,0,0,0,0,0.0000
100.8975,185.2042,0.0864,102.8923,0.0000,0.0000,0.0000,0.0000,0.0000,270.0021,0.0000,0.0000,0.0000,0.0000,0.0000,0.0000,0.0000,0.0000,0.0000,1,0,0,0,0,0.0000
100.9530,185.2042,0.0864,102.8923,0.0000,0.0000,0.0000,0.0000,0.0000,270.0021,0.0000,0.0000,0.0000,0.0000,0.0000,0.0000,0.0000,0.0000,0.0000,1,0,0,0,0,0.0000
101.0083,185.2042,0.0864,102.8923,0.0000,0.0000,0.0000,0.0000,0.0000,270.0021,0.0000,0.0000,0.0000,0.0000,0.0000,0.0000,0.0000,0.0000,0.0000,1,0,0,0,0,0.0000
101.0790,185.2042,0.0864,102.8923,0.0000,0.0000,0.0000,0.0000,0.0000,270.0021,0.0000,0.0000,0.0000,0.0000,0.0000,0.0000,0.0000,0.0000,0.0000,1,0,0,0,0,0.0000
101.1339,185.2042,0.0864,102.8923,0.0000,0.0000,0.0000,0.0000,0.0000,270.0021,0.0000,0.0000,0.0000,0.0000,0.0000,0.0000,0.0000,0.0000,0.0000,1,0,0,0,0,0.0000
101.1889,185.2042,0.0864,102.8923,0.0000,0.0000,0.0000,0.0000,0.0000,270.0021,0.0000,0.0000,0.0000,0.0000,0.0000,0.0000,0.0000,0.0000,0.0000,1,0,0,0,0,0.0000
101.2445,185.2042,0.0864,102.8923,0.0000,0.0000,0.0000,0.0000,0.0000,270.0021,0.0000,0.0000,0.0000,0.0000,0.0000,0.0000,0.0000,0.0000,0.0000,1,0,0,0,0,0.0000
101.3012,185.2042,0.0864,102.8923,0.0000,0.0000,0.0000,0.0000,0.0000,270.0021,0.0000,0.0000,0.0000,0.0000,0.0000,0.0000,0.0000,0.0000,0.0000,1,0,0,0,0,0.0000
101.3568,185.2042,0.0864,102.8923,0.0000,0.0000,0.0000,0.0000,0.0000,270.0021,0.0000,0.0000,0.0000,0.0000,0.0000,0.0000,0.0000,0.0000,0.0000,1,0,0,0,0,0.0000
101.4109,185.2042,0.0864,102.8923,0.0000,0.0000,0.0000,0.0000,0.0000,270.0021,0.0000,0.0000,0.0000,0.0000,0.0000,0.0000,0.0000,0.0000,0.0000,1,0,0,0,0,0.0000
101.4668,185.2042,0.0864,102.8923,0.0000,0.0000,0.0000,0.0000,0.0000,270.0021,0.0000,0.0000,0.0000,0.0000,0.0000,0.0000,0.0000,0.0000,0.0000,1,0,0,0,0,0.0000
101.5228,185.2042,0.0864,102.8923,0.0000,0.0000,0.0000,0.0000,0.0000,270.0021,0.0000,0.0000,0.0000,0.0000,0.0000,0.0000,0.0000,0.0000,0.0000,1,0,0,0,0,0.0000
101.5784,185.2042,0.0864,102.8923,0.0000,0.0000,0.0000,0.0000,0.0000,270.0021,0.0000,0.0000,0.0000,0.0000,0.0000,0.0000,0.0000,0.0000,0.0000,1,0,0,0,0,0.0000
101.6485,185.2042,0.0864,102.8923,0.0000,0.0000,0.0000,0.0000,0.0000,270.0021,0.0000,0.0000,0.0000,0.0000,0.0000,0.0000,0.0000,0.0000,0.0000,1,0,0,0,0,0.0000
101.7078,185.2042,0.0864,102.8923,0.0000,0.0000,0.0000,0.0000,0.0000,270.0021,0.0000,0.0000,0.0000,0.0000,0.0000,0.0000,0.0000,0.0000,0.0000,1,0,0,0,0,0.0000
101.7744,185.2042,0.0864,102.8923,0.0000,0.0000,0.0000,0.0000,0.0000,270.0021,0.0000,0.0000,0.0000,0.0000,0.0000,0.0000,0.0000,0.0000,0.0000,1,0,0,0,0,0.0000
101.8306,185.2042,0.0864,102.8923,0.0000,0.0000,0.0000,0.0000,0.0000,270.0021,0.0000,0.0000,0.0000,0.0000,0.0000,0.0000,0.0000,0.0000,0.0000,1,0,0,0,0,0.0000
101.8913,185.2042,0.0864,102.8923,0.0000,0.0000,0.0000,0.0000,0.0000,270.0021,0.0000,0.0000,0.0000,0.0000,0.0000,0.0000,0.0000,0.0000,0.0000,1,0,0,0,0,0.0000
101.9419,185.2042,0.0864,102.8923,0.0000,0.0000,0.0000,0.0000,0.0000,270.0021,0.0000,0.0000,0.0000,0.0000,0.0000,0.0000,0.0000,0.0000,0.0000,1,0,0,0,0,0.0000
102.0173,185.2042,0.0864,102.8923,0.0000,0.0000,0.0000,0.0000,0.0000,270.0021,0.0000,0.0000,0.0000,0.0000,0.0000,0.0000,0.0000,0.0000,0.0000,1,0,0,0,0,0.0000
102.0795,185.2042,0.0864,102.8923,0.0000,0.0000,0.0000,0.0000,0.0000,270.0021,0.0000,0.0000,0.0000,0.0000,0.0000,0.0000,0.0000,0.0000,0.0000,1,0,0,0,0,0.0000
102.1501,185.2042,0.0864,102.8923,0.0000,0.0000,0.0000,0.0000,0.0000,270.0021,0.0000,0.0000,0.0000,0.0000,0.0000,0.0000,0.0000,0.0000,0.0000,1,0,0,0,0,0.0000
102.2211,185.2042,0.0864,102.8923,0.0000,0.0000,0.0000,0.0000,0.0000,270.0021,0.0000,0.0000,0.0000,0.0000,0.0000,0.0000,0.0000,0.0000,0.0000,1,0,0,0,0,0.0000
102.2849,185.2042,0.0864,102.8923,0.0000,0.0000,0.0000,0.0000,0.0000,270.0021,0.0000,0.0000,0.0000,0.0000,0.0000,0.0000,0.0000,0.0000,0.0000,1,0,0,0,0,0.0000
102.3438,185.2042,0.0864,102.8923,0.0000,0.0000,0.0000,0.0000,0.0000,270.0021,0.0000,0.0000,0.0000,0.0000,0.0000,0.0000,0.0000,0.0000,0.0000,1,0,0,0,0,0.0000
102.4023,185.2042,0.0864,102.8923,0.0000,0.0000,0.0000,0.0000,0.0000,270.0021,0.0000,0.0000,0.0000,0.0000,0.0000,0.0000,0.0000,0.0000,0.0000,1,0,0,0,0,0.0000
102.4583,185.2042,0.0864,102.8923,0.0000,0.0000,0.0000,0.0000,0.0000,270.0021,0.0000,0.0000,0.0000,0.0000,0.0000,0.0000,0.0000,0.0000,0.0000,1,0,0,0,0,0.0000
102.5107,185.2042,0.0864,102.8923,0.0000,0.0000,0.0000,0.0000,0.0000,270.0021,0.0000,0.0000,0.0000,0.0000,0.0000,0.0000,0.0000,0.0000,0.0000,1,0,0,0,0,0.0000
102.5797,185.2042,0.0864,102.8923,0.0000,0.0000,0.0000,0.0000,0.0000,270.0021,0.0000,0.0000,0.0000,0.0000,0.0000,0.0000,0.0000,0.0000,0.0000,1,0,0,0,0,0.0000
102.6389,185.2042,0.0864,102.8923,0.0000,0.0000,0.0000,0.0000,0.0000,270.0021,0.0000,0.0000,0.0000,0.0000,0.0000,0.0000,0.0000,0.0000,0.0000,1,0,0,0,0,0.0000
102.7080,185.2042,0.0864,102.8923,0.0000,0.0000,0.0000,0.0000,0.0000,270.0021,0.0000,0.0000,0.0000,0.0000,0.0000,0.0000,0.0000,0.0000,0.0000,1,0,0,0,0,0.0000
102.7588,185.2042,0.0864,102.8923,0.0000,0.0000,0.0000,0.0000,0.0000,270.0021,0.0000,0.0000,0.0000,0.0000,0.0000,0.0000,0.0000,0.0000,0.0000,1,0,0,0,0,0.0000
102.8139,185.2042,0.0864,102.8923,0.0000,0.0000,0.0000,0.0000,0.0000,270.0021,0.0000,0.0000,0.0000,0.0000,0.0000,0.0000,0.0000,0.0000,0.0000,1,0,0,0,0,0.0000
102.8719,185.2042,0.0864,102.8923,0.0000,0.0000,0.0000,0.0000,0.0000,270.0021,0.0000,0.0000,0.0000,0.0000,0.0000,0.0000,0.0000,0.0000,0.0000,1,0,0,0,0,0.0000
102.9248,185.2042,0.0864,102.8923,0.0000,0.0000,0.0000,0.0000,0.0000,270.0021,0.0000,0.0000,0.0000,0.0000,0.0000,0.0000,0.0000,0.0000,0.0000,1,0,0,0,0,0.0000
102.9832,185.2042,0.0864,102.8923,0.0000,0.0000,0.0000,0.0000,0.0000,270.0021,0.0000,0.0000,0.0000,0.0000,0.0000,0.0000,0.0000,0.0000,0.0000,1,0,0,0,0,0.0000
103.0383,185.2042,0.0864,102.8923,0.0000,0.0000,0.0000,0.0000,0.0000,270.0021,0.0000,0.0000,0.0000,0.0000,0.0000,0.0000,0.0000,0.0000,0.0000,1,0,0,0,0,0.0000
103.0968,185.2042,0.0864,102.8923,0.0000,0.0000,0.0000,0.0000,0.0000,270.0021,0.0000,0.0000,0.0000,0.0000,0.0000,0.0000,0.0000,0.0000,0.0000,1,0,0,0,0,0.0000
103.1520,185.2042,0.0864,102.8923,0.0000,0.0000,0.0000,0.0000,0.0000,270.0021,0.0000,0.0000,0.0000,0.0000,0.0000,0.0000,0.0000,0.0000,0.0000,1,0,0,0,0,0.0000
103.2235,185.2042,0.0864,102.8923,0.0000,0.0000,0.0000,0.0000,0.0000,270.0021,0.0000,0.0000,0.0000,0.0000,0.0000,0.0000,0.0000,0.0000,0.0000,1,0,0,0,0,0.0000
103.2743,185.2042,0.0864,102.8923,0.0000,0.0000,0.0000,0.0000,0.0000,270.0021,0.0000,0.0000,0.0000,0.0000,0.0000,0.0000,0.0000,0.0000,0.0000,1,0,0,0,0,0.0000
103.3381,185.2042,0.0864,102.8923,0.0000,0.0000,0.0000,0.0000,0.0000,270.0021,0.0000,0.0000,0.0000,0.0000,0.0000,0.0000,0.0000,0.0000,0.0000,1,0,0,0,0,0.0000
103.4126,185.2042,0.0864,102.8923,0.0000,0.0000,0.0000,0.0000,0.0000,270.0021,0.0000,0.0000,0.0000,0.0000,0.0000,0.0000,0.0000,0.0000,0.0000,1,0,0,0,0,0.0000
103.4840,185.2042,0.0864,102.8923,0.0000,0.0000,0.0000,0.0000,0.0000,270.0021,0.0000,0.0000,0.0000,0.0000,0.0000,0.0000,0.0000,0.0000,0.0000,1,0,0,0,0,0.0000
103.5384,185.2042,0.0864,102.8923,0.0000,0.0000,0.0000,0.0000,0.0000,270.0021,0.0000,0.0000,0.0000,0.0000,0.0000,0.0000,0.0000,0.0000,0.0000,1,0,0,0,0,0.0000
103.5943,185.2042,0.0864,102.8923,0.0000,0.0000,0.0000,0.0000,0.0000,270.0021,0.0000,0.0000,0.0000,0.0000,0.0000,0.0000,0.0000,0.0000,0.0000,1,0,0,0,0,0.0000
103.6494,185.2042,0.0864,102.8923,0.0000,0.0000,0.0000,0.0000,0.0000,270.0021,0.0000,0.0000,0.0000,0.0000,0.0000,0.0000,0.0000,0.0000,0.0000,1,0,0,0,0,0.0000
103.7060,185.2042,0.0864,102.8923,0.0000,0.0000,0.0000,0.0000,0.0000,270.0021,0.0000,0.0000,0.0000,0.0000,0.0000,0.0000,0.0000,0.0000,0.0000,1,0,0,0,0,0.0000
103.7748,185.2042,0.0864,102.8923,0.0000,0.0000,0.0000,0.0000,0.0000,270.0021,0.0000,0.0000,0.0000,0.0000,0.0000,0.0000,0.0000,0.0000,0.0000,1,0,0,0,0,0.0000
103.8399,185.2042,0.0864,102.8923,0.0000,0.0000,0.0000,0.0000,0.0000,270.0021,0.0000,0.0000,0.0000,0.0000,0.0000,0.0000,0.0000,0.0000,0.0000,1,0,0,0,0,0.0000
103.9024,185.2042,0.0864,102.8923,0.0000,0.0000,0.0000,0.0000,0.0000,270.0021,0.0000,0.0000,0.0000,0.0000,0.0000,0.0000,0.0000,0.0000,0.0000,1,0,0,0,0,0.0000
103.9565,185.2042,0.0864,102.8923,0.0000,0.0000,0.0000,0.0000,0.0000,270.0021,0.0000,0.0000,0.0000,0.0000,0.0000,0.0000,0.0000,0.0000,0.0000,1,0,0,0,0,0.0000
104.0109,185.2042,0.0864,102.8923,0.0000,0.0000,0.0000,0.0000,0.0000,270.0021,0.0000,0.0000,0.0000,0.0000,0.0000,0.0000,0.0000,0.0000,0.0000,1,0,0,0,0,0.0000
104.0683,185.2042,0.0864,102.8923,0.0000,0.0000,0.0000,0.0000,0.0000,270.0021,0.0000,0.0000,0.0000,0.0000,0.0000,0.0000,0.0000,0.0000,0.0000,1,0,0,0,0,0.0000
104.1223,185.2042,0.0864,102.8923,0.0000,0.0000,0.0000,0.0000,0.0000,270.0021,0.0000,0.0000,0.0000,0.0000,0.0000,0.0000,0.0000,0.0000,0.0000,1,0,0,0,0,0.0000
104.1797,185.2042,0.0864,102.8923,0.0000,0.0000,0.0000,0.0000,0.0000,270.0021,0.0000,0.0000,0.0000,0.0000,0.0000,0.0000,0.0000,0.0000,0.0000,1,0,0,0,0,0.0000
104.2347,185.2042,0.0864,102.8923,0.0000,0.0000,0.0000,0.0000,0.0000,270.0021,0.0000,0.0000,0.0000,0.0000,0.0000,0.0000,0.0000,0.0000,0.0000,1,0,0,0,0,0.0000
104.3090,185.2042,0.0864,102.8923,0.0000,0.0000,0.0000,0.0000,0.0000,270.0021,0.0000,0.0000,0.0000,0.0000,0.0000,0.0000,0.0000,0.0000,0.0000,1,0,0,0,0,0.0000
104.3879,185.2042,0.0864,102.8923,0.0000,0.0000,0.0000,0.0000,0.0000,270.0021,0.0000,0.0000,0.0000,0.0000,0.0000,0.0000,0.0000,0.0000,0.0000,1,0,0,0,0,0.0000
104.4411,185.2042,0.0864,102.8923,0.0000,0.0000,0.0000,0.0000,0.0000,270.0021,0.0000,0.0000,0.0000,0.0000,0.0000,0.0000,0.0000,0.0000,0.0000,1,0,0,0,0,0.0000
104.5020,185.2042,0.0864,102.8923,0.0000,0.0000,0.0000,0.0000,0.0000,270.0021,0.0000,0.0000,0.0000,0.0000,0.0000,0.0000,0.0000,0.0000,0.0000,1,0,0,0,0,0.0000
104.5540,185.2042,0.0864,102.8923,0.0000,0.0000,0.0000,0.0000,0.0000,270.0021,0.0000,0.0000,0.0000,0.0000,0.0000,0.0000,0.0000,0.0000,0.0000,1,0,0,0,0,0.0000
104.6076,185.2042,0.0864,102.8923,0.0000,0.0000,0.0000,0.0000,0.0000,270.0021,0.0000,0.0000,0.0000,0.0000,0.0000,0.0000,0.0000,0.0000,0.0000,1,0,0,0,0,0.0000
104.6632,185.2042,0.0864,102.8923,0.0000,0.0000,0.0000,0.0000,0.0000,270.0021,0.0000,0.0000,0.0000,0.0000,0.0000,0.0000,0.0000,0.0000,0.0000,1,0,0,0,0,0.0000
104.7190,185.2042,0.0864,102.8923,0.0000,0.0000,0.0000,0.0000,0.0000,270.0021,0.0000,0.0000,0.0000,0.0000,0.0000,0.0000,0.0000,0.0000,0.0000,1,0,0,0,0,0.0000
104.7731,185.2042,0.0864,102.8923,0.0000,0.0000,0.0000,0.0000,0.0000,270.0021,0.0000,0.0000,0.0000,0.0000,0.0000,0.0000,0.0000,0.0000,0.0000,1,0,0,0,0,0.0000
104.8455,185.2042,0.0864,102.8923,0.0000,0.0000,0.0000,0.0000,0.0000,270.0021,0.0000,0.0000,0.0000,0.0000,0.0000,0.0000,0.0000,0.0000,0.0000,1,0,0,0,0,0.0000
104.8989,185.2042,0.0864,102.8923,0.0000,0.0000,0.0000,0.0000,0.0000,270.0021,0.0000,0.0000,0.0000,0.0000,0.0000,0.0000,0.0000,0.0000,0.0000,1,0,0,0,0,0.0000
104.9593,185.2042,0.0864,102.8923,0.0000,0.0000,0.0000,0.0000,0.0000,270.0021,0.0000,0.0000,0.0000,0.0000,0.0000,0.0000,0.0000,0.0000,0.0000,1,0,0,0,0,0.0000
105.0117,185.2042,0.0864,102.8923,0.0000,0.0000,0.0000,0.0000,0.0000,270.0021,0.0000,0.0000,0.0000,0.0000,0.0000,0.0000,0.0000,0.0000,0.0000,1,0,0,0,0,0.0000
105.0674,185.2042,0.0864,102.8923,0.0000,0.0000,0.0000,0.0000,0.0000,270.0021,0.0000,0.0000,0.0000,0.0000,0.0000,0.0000,0.0000,0.0000,0.0000,1,0,0,0,0,0.0000
105.1227,185.2042,0.0864,102.8923,0.0000,0.0000,0.0000,0.0000,0.0000,270.0021,0.0000,0.0000,0.0000,0.0000,0.0000,0.0000,0.0000,0.0000,0.0000,1,0,0,0,0,0.0000
105.1781,185.2042,0.0864,102.8923,0.0000,0.0000,0.0000,0.0000,0.0000,270.0021,0.0000,0.0000,0.0000,0.0000,0.0000,0.0000,0.0000,0.0000,0.0000,1,0,0,0,0,0.0000
105.2361,185.2042,0.0864,102.8923,0.0000,0.0000,0.0000,0.0000,0.0000,270.0021,0.0000,0.0000,0.0000,0.0000,0.0000,0.0000,0.0000,0.0000,0.0000,1,0,0,0,0,0.0000
105.3045,185.2042,0.0864,102.8923,0.0000,0.0000,0.0000,0.0000,0.0000,270.0021,0.0000,0.0000,0.0000,0.0000,0.0000,0.0000,0.0000,0.0000,0.0000,1,0,0,0,0,0.0000
105.3578,185.2042,0.0864,102.8923,0.0000,0.0000,0.0000,0.0000,0.0000,270.0021,0.0000,0.0000,0.0000,0.0000,0.0000,0.0000,0.0000,0.0000,0.0000,1,0,0,0,0,0.0000
105.4119,185.2042,0.0864,102.8923,0.0000,0.0000,0.0000,0.0000,0.0000,270.0021,0.0000,0.0000,0.0000,0.0000,0.0000,0.0000,0.0000,0.0000,0.0000,1,0,0,0,0,0.0000
105.4685,185.2042,0.0864,102.8923,0.0000,0.0000,0.0000,0.0000,0.0000,270.0021,0.0000,0.0000,0.0000,0.0000,0.0000,0.0000,0.0000,0.0000,0.0000,1,0,0,0,0,0.0000
105.5237,185.2042,0.0864,102.8923,0.0000,0.0000,0.0000,0.0000,0.0000,270.0021,0.0000,0.0000,0.0000,0.0000,0.0000,0.0000,0.0000,0.0000,0.0000,1,0,0,0,0,0.0000
105.5813,185.2042,0.0864,102.8923,0.0000,0.0000,0.0000,0.0000,0.0000,270.0021,0.0000,0.0000,0.0000,0.0000,0.0000,0.0000,0.0000,0.0000,0.0000,1,0,0,0,0,0.0000
105.6331,185.2042,0.0864,102.8923,0.0000,0.0000,0.0000,0.0000,0.0000,270.0021,0.0000,0.0000,0.0000,0.0000,0.0000,0.0000,0.0000,0.0000,0.0000,1,0,0,0,0,0.0000
105.6931,185.2042,0.0864,102.8923,0.0000,0.0000,0.0000,0.0000,0.0000,270.0021,0.0000,0.0000,0.0000,0.0000,0.0000,0.0000,0.0000,0.0000,0.0000,1,0,0,0,0,0.0000
105.7520,185.2042,0.0864,102.8923,0.0000,0.0000,0.0000,0.0000,0.0000,270.0021,0.0000,0.0000,0.0000,0.0000,0.0000,0.0000,0.0000,0.0000,0.0000,1,0,0,0,0,0.0000
105.8137,185.2042,0.0864,102.8923,0.0000,0.0000,0.0000,0.0000,0.0000,270.0021,0.0000,0.0000,0.0000,0.0000,0.0000,0.0000,0.0000,0.0000,0.0000,1,0,0,0,0,0.0000
105.8849,185.2042,0.0864,102.8923,0.0000,0.0000,0.0000,0.0000,0.0000,270.0021,0.0000,0.0000,0.0000,0.0000,0.0000,0.0000,0.0000,0.0000,0.0000,1,0,0,0,0,0.0000
105.9410,185.2042,0.0864,102.8923,0.0000,0.0000,0.0000,0.0000,0.0000,270.0021,0.0000,0.0000,0.0000,0.0000,0.0000,0.0000,0.0000,0.0000,0.0000,1,0,0,0,0,0.0000
106.0002,185.2042,0.0864,102.8923,0.0000,0.0000,0.0000,0.0000,0.0000,270.0021,0.0000,0.0000,0.0000,0.0000,0.0000,0.0000,0.0000,0.0000,0.0000,1,0,0,0,0,0.0000
106.0517,185.2042,0.0864,102.8923,0.0000,0.0000,0.0000,0.0000,0.0000,270.0021,0.0000,0.0000,0.0000,0.0000,0.0000,0.0000,0.0000,0.0000,0.0000,1,0,0,0,0,0.0000
106.1095,185.2042,0.0864,102.8923,0.0000,0.0000,0.0000,0.0000,0.0000,270.0021,0.0000,0.0000,0.0000,0.0000,0.0000,0.0000,0.0000,0.0000,0.0000,1,0,0,0,0,0.0000
106.1670,185.2042,0.0864,102.8923,0.0000,0.0000,0.0000,0.0000,0.0000,270.0021,0.0000,0.0000,0.0000,0.0000,0.0000,0.0000,0.0000,0.0000,0.0000,1,0,0,0,0,0.0000
106.2205,185.2042,0.0864,102.8923,0.0000,0.0000,0.0000,0.0000,0.0000,270.0021,0.0000,0.0000,0.0000,0.0000,0.0000,0.0000,0.0000,0.0000,0.0000,1,0,0,0,0,0.0000
106.2790,185.2042,0.0864,102.8923,0.0000,0.0000,0.0000,0.0000,0.0000,270.0021,0.0000,0.0000,0.0000,0.0000,0.0000,0.0000,0.0000,0.0000,0.0000,1,0,0,0,0,0.0000
106.3325,185.2042,0.0864,102.8923,0.0000,0.0000,0.0000,0.0000,0.0000,270.0021,0.0000,0.0000,0.0000,0.0000,0.0000,0.0000,0.0000,0.0000,0.0000,1,0,0,0,0,0.0000
106.3861,185.2042,0.0864,102.8923,0.0000,0.0000,0.0000,0.0000,0.0000,270.0021,0.0000,0.0000,0.0000,0.0000,0.0000,0.0000,0.0000,0.0000,0.0000,1,0,0,0,0,0.0000
106.4600,185.2042,0.0864,102.8923,0.0000,0.0000,0.0000,0.0000,0.0000,270.0021,0.0000,0.0000,0.0000,0.0000,0.0000,0.0000,0.0000,0.0000,0.0000,1,0,0,0,0,0.0000
106.5372,185.2042,0.0864,102.8923,0.0000,0.0000,0.0000,0.0000,0.0000,270.0021,0.0000,0.0000,0.0000,0.0000,0.0000,0.0000,0.0000,0.0000,0.0000,1,0,0,0,0,0.0000
106.5923,185.2042,0.0864,102.8923,0.0000,0.0000,0.0000,0.0000,0.0000,270.0021,0.0000,0.0000,0.0000,0.0000,0.0000,0.0000,0.0000,0.0000,0.0000,1,0,0,0,0,0.0000
106.6483,185.2042,0.0864,102.8923,0.0000,0.0000,0.0000,0.0000,0.0000,270.0021,0.0000,0.0000,0.0000,0.0000,0.0000,0.0000,0.0000,0.0000,0.0000,1,0,0,0,0,0.0000
106.7066,185.2042,0.0864,102.8923,0.0000,0.0000,0.0000,0.0000,0.0000,270.0021,0.0000,0.0000,0.0000,0.0000,0.0000,0.0000,0.0000,0.0000,0.0000,1,0,0,0,0,0.0000
106.7602,185.2042,0.0864,102.8923,0.0000,0.0000,0.0000,0.0000,0.0000,270.0021,0.0000,0.0000,0.0000,0.0000,0.0000,0.0000,0.0000,0.0000,0.0000,1,0,0,0,0,0.0000
106.8157,185.2042,0.0864,102.8923,0.0000,0.0000,0.0000,0.0000,0.0000,270.0021,0.0000,0.0000,0.0000,0.0000,0.0000,0.0000,0.0000,0.0000,0.0000,1,0,0,0,0,0.0000
106.8720,185.2042,0.0864,102.8923,0.0000,0.0000,0.0000,0.0000,0.0000,270.0021,0.0000,0.0000,0.0000,0.0000,0.0000,0.0000,0.0000,0.0000,0.0000,1,0,0,0,0,0.0000
106.9274,185.2042,0.0864,102.8923,0.0000,0.0000,0.0000,0.0000,0.0000,270.0021,0.0000,0.0000,0.0000,0.0000,0.0000,0.0000,0.0000,0.0000,0.0000,1,0,0,0,0,0.0000
107.0030,185.2042,0.0864,102.8923,0.0000,0.0000,0.0000,0.0000,0.0000,270.0021,0.0000,0.0000,0.0000,0.0000,0.0000,0.0000,0.0000,0.0000,0.0000,1,0,0,0,0,0.0000
107.0790,185.2042,0.0864,102.8923,0.0000,0.0000,0.0000,0.0000,0.0000,270.0021,0.0000,0.0000,0.0000,0.0000,0.0000,0.0000,0.0000,0.0000,0.0000,1,0,0,0,0,0.0000
107.1346,185.2042,0.0864,102.8923,0.0000,0.0000,0.0000,0.0000,0.0000,270.0021,0.0000,0.0000,0.0000,0.0000,0.0000,0.0000,0.0000,0.0000,0.0000,1,0,0,0,0,0.0000
107.1917,185.2042,0.0864,102.8923,0.0000,0.0000,0.0000,0.0000,0.0000,270.0021,0.0000,0.0000,0.0000,0.0000,0.0000,0.0000,0.0000,0.0000,0.0000,1,0,0,0,0,0.0000
107.2463,185.2042,0.0864,102.8923,0.0000,0.0000,0.0000,0.0000,0.0000,270.0021,0.0000,0.0000,0.0000,0.0000,0.0000,0.0000,0.0000,0.0000,0.0000,1,0,0,0,0,0.0000
107.3016,185.2042,0.0864,102.8923,0.0000,0.0000,0.0000,0.0000,0.0000,270.0021,0.0000,0.0000,0.0000,0.0000,0.0000,0.0000,0.0000,0.0000,0.0000,1,0,0,0,0,0.0000
107.3578,185.2042,0.0864,102.8923,0.0000,0.0000,0.0000,0.0000,0.0000,270.0021,0.0000,0.0000,0.0000,0.0000,0.0000,0.0000,0.0000,0.0000,0.0000,1,0,0,0,0,0.0000
107.4116,185.2042,0.0864,102.8923,0.0000,0.0000,0.0000,0.0000,0.0000,270.0021,0.0000,0.0000,0.0000,0.0000,0.0000,0.0000,0.0000,0.0000,0.0000,1,0,0,0,0,0.0000
107.4717,185.2042,0.0864,102.8923,0.0000,0.0000,0.0000,0.0000,0.0000,270.0021,0.0000,0.0000,0.0000,0.0000,0.0000,0.0000,0.0000,0.0000,0.0000,1,0,0,0,0,0.0000
107.5381,185.2042,0.0864,102.8923,0.0000,0.0000,0.0000,0.0000,0.0000,270.0021,0.0000,0.0000,0.0000,0.0000,0.0000,0.0000,0.0000,0.0000,0.0000,1,0,0,0,0,0.0000
107.5956,185.2042,0.0864,102.8923,0.0000,0.0000,0.0000,0.0000,0.0000,270.0021,0.0000,0.0000,0.0000,0.0000,0.0000,0.0000,0.0000,0.0000,0.0000,1,0,0,0,0,0.0000
107.6519,185.2042,0.0864,102.8923,0.0000,0.0000,0.0000,0.0000,0.0000,270.0021,0.0000,0.0000,0.0000,0.0000,0.0000,0.0000,0.0000,0.0000,0.0000,1,0,0,0,0,0.0000
107.7071,185.2042,0.0864,102.8923,0.0000,0.0000,0.0000,0.0000,0.0000,270.0021,0.0000,0.0000,0.0000,0.0000,0.0000,0.0000,0.0000,0.0000,0.0000,1,0,0,0,0,0.0000
107.7637,185.2042,0.0864,102.8923,0.0000,0.0000,0.0000,0.0000,0.0000,270.0021,0.0000,0.0000,0.0000,0.0000,0.0000,0.0000,0.0000,0.0000,0.0000,1,0,0,0,0,0.0000
107.8161,185.2042,0.0864,102.8923,0.0000,0.0000,0.0000,0.0000,0.0000,270.0021,0.0000,0.0000,0.0000,0.0000,0.0000,0.0000,0.0000,0.0000,0.0000,1,0,0,0,0,0.0000
107.8721,185.2042,0.0864,102.8923,0.0000,0.0000,0.0000,0.0000,0.0000,270.0021,0.0000,0.0000,0.0000,0.0000,0.0000,0.0000,0.0000,0.0000,0.0000,1,0,0,0,0,0.0000
107.9272,185.2042,0.0864,102.8923,0.0000,0.0000,0.0000,0.0000,0.0000,270.0021,0.0000,0.0000,0.0000,0.0000,0.0000,0.0000,0.0000,0.0000,0.0000,1,0,0,0,0,0.0000
107.9808,185.2042,0.0864,102.8923,0.0000,0.0000,0.0000,0.0000,0.0000,270.0021,0.0000,0.0000,0.0000,0.0000,0.0000,0.0000,0.0000,0.0000,0.0000,1,0,0,0,0,0.0000
108.0693,185.2042,0.0864,102.8923,0.0000,0.0000,0.0000,0.0000,0.0000,270.0021,0.0000,0.0000,0.0000,0.0000,0.0000,0.0000,0.0000,0.0000,0.0000,1,0,0,0,0,0.0000
108.1207,185.2042,0.0864,102.8923,0.0000,0.0000,0.0000,0.0000,0.0000,270.0021,0.0000,0.0000,0.0000,0.0000,0.0000,0.0000,0.0000,0.0000,0.0000,1,0,0,0,0,0.0000
108.1773,185.2042,0.0864,102.8923,0.0000,0.0000,0.0000,0.0000,0.0000,270.0021,0.0000,0.0000,0.0000,0.0000,0.0000,0.0000,0.0000,0.0000,0.0000,1,0,0,0,0,0.0000
108.2326,185.2042,0.0864,102.8923,0.0000,0.0000,0.0000,0.0000,0.0000,270.0021,0.0000,0.0000,0.0000,0.0000,0.0000,0.0000,0.0000,0.0000,0.0000,1,0,0,0,0,0.0000
108.2888,185.2042,0.0864,102.8923,0.0000,0.0000,0.0000,0.0000,0.0000,270.0021,0.0000,0.0000,0.0000,0.0000,0.0000,0.0000,0.0000,0.0000,0.0000,1,0,0,0,0,0.0000
108.3426,185.2042,0.0864,102.8923,0.0000,0.0000,0.0000,0.0000,0.0000,270.0021,0.0000,0.0000,0.0000,0.0000,0.0000,0.0000,0.0000,0.0000,0.0000,1,0,0,0,0,0.0000
108.4009,185.2042,0.0864,102.8923,0.0000,0.0000,0.0000,0.0000,0.0000,270.0021,0.0000,0.0000,0.0000,0.0000,0.0000,0.0000,0.0000,0.0000,0.0000,1,0,0,0,0,0.0000
108.4570,185.2042,0.0864,102.8923,0.0000,0.0000,0.0000,0.0000,0.0000,270.0021,0.0000,0.0000,0.0000,0.0000,0.0000,0.0000,0.0000,0.0000,0.0000,1,0,0,0,0,0.0000
108.5105,185.2042,0.0864,102.8923,0.0000,0.0000,0.0000,0.0000,0.0000,270.0021,0.0000,0.0000,0.0000,0.0000,0.0000,0.0000,0.0000,0.0000,0.0000,1,0,0,0,0,0.0000
108.5639,185.2042,0.0864,102.8923,0.0000,0.0000,0.0000,0.0000,0.0000,270.0021,0.0000,0.0000,0.0000,0.0000,0.0000,0.0000,0.0000,0.0000,0.0000,1,0,0,0,0,0.0000
108.6332,185.2042,0.0864,102.8923,0.0000,0.0000,0.0000,0.0000,0.0000,270.0021,0.0000,0.0000,0.0000,0.0000,0.0000,0.0000,0.0000,0.0000,0.0000,1,0,0,0,0,0.0000
108.6893,185.2042,0.0864,102.8923,0.0000,0.0000,0.0000,0.0000,0.0000,270.0021,0.0000,0.0000,0.0000,0.0000,0.0000,0.0000,0.0000,0.0000,0.0000,1,0,0,0,0,0.0000
108.7443,185.2042,0.0864,102.8923,0.0000,0.0000,0.0000,0.0000,0.0000,270.0021,0.0000,0.0000,0.0000,0.0000,0.0000,0.0000,0.0000,0.0000,0.0000,1,0,0,0,0,0.0000
108.8015,185.2042,0.0864,102.8923,0.0000,0.0000,0.0000,0.0000,0.0000,270.0021,0.0000,0.0000,0.0000,0.0000,0.0000,0.0000,0.0000,0.0000,0.0000,1,0,0,0,0,0.0000
108.8584,185.2042,0.0864,102.8923,0.0000,0.0000,0.0000,0.0000,0.0000,270.0021,0.0000,0.0000,0.0000,0.0000,0.0000,0.0000,0.0000,0.0000,0.0000,1,0,0,0,0,0.0000
108.9122,185.2042,0.0864,102.8923,0.0000,0.0000,0.0000,0.0000,0.0000,270.0021,0.0000,0.0000,0.0000,0.0000,0.0000,0.0000,0.0000,0.0000,0.0000,1,0,0,0,0,0.0000
108.9699,185.2042,0.0864,102.8923,0.0000,0.0000,0.0000,0.0000,0.0000,270.0021,0.0000,0.0000,0.0000,0.0000,0.0000,0.0000,0.0000,0.0000,0.0000,1,0,0,0,0,0.0000
109.0302,185.2042,0.0864,102.8923,0.0000,0.0000,0.0000,0.0000,0.0000,270.0021,0.0000,0.0000,0.0000,0.0000,0.0000,0.0000,0.0000,0.0000,0.0000,1,0,0,0,0,0.0000
109.1056,185.2042,0.0864,102.8923,0.0000,0.0000,0.0000,0.0000,0.0000,270.0021,0.0000,0.0000,0.0000,0.0000,0.0000,0.0000,0.0000,0.0000,0.0000,1,0,0,0,0,0.0000
109.1758,185.2042,0.0864,102.8923,0.0000,0.0000,0.0000,0.0000,0.0000,270.0021,0.0000,0.0000,0.0000,0.0000,0.0000,0.0000,0.0000,0.0000,0.0000,1,0,0,0,0,0.0000
109.2328,185.2042,0.0864,102.8923,0.0000,0.0000,0.0000,0.0000,0.0000,270.0021,0.0000,0.0000,0.0000,0.0000,0.0000,0.0000,0.0000,0.0000,0.0000,1,0,0,0,0,0.0000
109.2872,185.2042,0.0864,102.8923,0.0000,0.0000,0.0000,0.0000,0.0000,270.0021,0.0000,0.0000,0.0000,0.0000,0.0000,0.0000,0.0000,0.0000,0.0000,1,0,0,0,0,0.0000
109.3423,185.2042,0.0864,102.8923,0.0000,0.0000,0.0000,0.0000,0.0000,270.0021,0.0000,0.0000,0.0000,0.0000,0.0000,0.0000,0.0000,0.0000,0.0000,1,0,0,0,0,0.0000
109.3984,185.2042,0.0864,102.8923,0.0000,0.0000,0.0000,0.0000,0.0000,270.0021,0.0000,0.0000,0.0000,0.0000,0.0000,0.0000,0.0000,0.0000,0.0000,1,0,0,0,0,0.0000
109.4559,185.2042,0.0864,102.8923,0.0000,0.0000,0.0000,0.0000,0.0000,270.0021,0.0000,0.0000,0.0000,0.0000,0.0000,0.0000,0.0000,0.0000,0.0000,1,0,0,0,0,0.0000
109.5093,185.2042,0.0864,102.8923,0.0000,0.0000,0.0000,0.0000,0.0000,270.0021,0.0000,0.0000,0.0000,0.0000,0.0000,0.0000,0.0000,0.0000,0.0000,1,0,0,0,0,0.0000
109.5650,185.2042,0.0864,102.8923,0.0000,0.0000,0.0000,0.0000,0.0000,270.0021,0.0000,0.0000,0.0000,0.0000,0.0000,0.0000,0.0000,0.0000,0.0000,1,0,0,0,0,0.0000
109.6195,185.2042,0.0864,102.8923,0.0000,0.0000,0.0000,0.0000,0.0000,270.0021,0.0000,0.0000,0.0000,0.0000,0.0000,0.0000,0.0000,0.0000,0.0000,1,0,0,0,0,0.0000
109.6903,185.2042,0.0864,102.8923,0.0000,0.0000,0.0000,0.0000,0.0000,270.0021,0.0000,0.0000,0.0000,0.0000,0.0000,0.0000,0.0000,0.0000,0.0000,1,0,0,0,0,0.0000
109.7458,185.2042,0.0864,102.8923,0.0000,0.0000,0.0000,0.0000,0.0000,270.0021,0.0000,0.0000,0.0000,0.0000,0.0000,0.0000,0.0000,0.0000,0.0000,1,0,0,0,0,0.0000
109.8046,185.2042,0.0864,102.8923,0.0000,0.0000,0.0000,0.0000,0.0000,270.0021,0.0000,0.0000,0.0000,0.0000,0.0000,0.0000,0.0000,0.0000,0.0000,1,0,0,0,0,0.0000
109.8781,185.2042,0.0864,102.8923,0.0000,0.0000,0.0000,0.0000,0.0000,270.0021,0.0000,0.0000,0.0000,0.0000,0.0000,0.0000,0.0000,0.0000,0.0000,1,0,0,0,0,0.0000
109.9400,185.2042,0.0864,102.8923,0.0000,0.0000,0.0000,0.0000,0.0000,270.0021,0.0000,0.0000,0.0000,0.0000,0.0000,0.0000,0.0000,0.0000,0.0000,1,0,0,0,0,0.0000
109.9955,185.2042,0.0864,102.8923,0.0000,0.0000,0.0000,0.0000,0.0000,270.0021,0.0000,0.0000,0.0000,0.0000,0.0000,0.0000,0.0000,0.0000,0.0000,1,0,0,0,0,0.0000
110.0504,185.2042,0.0864,102.8923,0.0000,0.0000,0.0000,0.0000,0.0000,270.0021,0.0000,0.0000,0.0000,0.0000,0.0000,0.0000,0.0000,0.0000,0.0000,1,0,0,0,0,0.0000
110.1059,185.2042,0.0864,102.8923,0.0000,0.0000,0.0000,0.0000,0.0000,270.0021,0.0000,0.0000,0.0000,0.0000,0.0000,0.0000,0.0000,0.0000,0.0000,1,0,0,0,0,0.0000
110.1611,185.2042,0.0864,102.8923,0.0000,0.0000,0.0000,0.0000,0.0000,270.0021,0.0000,0.0000,0.0000,0.0000,0.0000,0.0000,0.0000,0.0000,0.0000,1,0,0,0,0,0.0000
110.2314,185.2042,0.0864,102.8923,0.0000,0.0000,0.0000,0.0000,0.0000,270.0021,0.0000,0.0000,0.0000,0.0000,0.0000,0.0000,0.0000,0.0000,0.0000,1,0,0,0,0,0.0000
110.2876,185.2042,0.0864,102.8923,0.0000,0.0000,0.0000,0.0000,0.0000,270.0021,0.0000,0.0000,0.0000,0.0000,0.0000,0.0000,0.0000,0.0000,0.0000,1,0,0,0,0,0.0000
110.3422,185.2042,0.0864,102.8923,0.0000,0.0000,0.0000,0.0000,0.0000,270.0021,0.0000,0.0000,0.0000,0.0000,0.0000,0.0000,0.0000,0.0000,0.0000,1,0,0,0,0,0.0000
110.3982,185.2042,0.0864,102.8923,0.0000,0.0000,0.0000,0.0000,0.0000,270.0021,0.0000,0.0000,0.0000,0.0000,0.0000,0.0000,0.0000,0.0000,0.0000,1,0,0,0,0,0.0000
110.4595,185.2042,0.0864,102.8923,0.0000,0.0000,0.0000,0.0000,0.0000,270.0021,0.0000,0.0000,0.0000,0.0000,0.0000,0.0000,0.0000,0.0000,0.0000,1,0,0,0,0,0.0000
110.5361,185.2042,0.0864,102.8923,0.0000,0.0000,0.0000,0.0000,0.0000,270.0021,0.0000,0.0000,0.0000,0.0000,0.0000,0.0000,0.0000,0.0000,0.0000,1,0,0,0,0,0.0000
110.6076,185.2042,0.0864,102.8923,0.0000,0.0000,0.0000,0.0000,0.0000,270.0021,0.0000,0.0000,0.0000,0.0000,0.0000,0.0000,0.0000,0.0000,0.0000,1,0,0,0,0,0.0000
110.6665,185.2042,0.0864,102.8923,0.0000,0.0000,0.0000,0.0000,0.0000,270.0021,0.0000,0.0000,0.0000,0.0000,0.0000,0.0000,0.0000,0.0000,0.0000,1,0,0,0,0,0.0000
110.7203,185.2042,0.0864,102.8923,0.0000,0.0000,0.0000,0.0000,0.0000,270.0021,0.0000,0.0000,0.0000,0.0000,0.0000,0.0000,0.0000,0.0000,0.0000,1,0,0,0,0,0.0000
110.7896,185.2042,0.0864,102.8923,0.0000,0.0000,0.0000,0.0000,0.0000,270.0021,0.0000,0.0000,0.0000,0.0000,0.0000,0.0000,0.0000,0.0000,0.0000,1,0,0,0,0,0.0000
110.8443,185.2042,0.0864,102.8923,0.0000,0.0000,0.0000,0.0000,0.0000,270.0021,0.0000,0.0000,0.0000,0.0000,0.0000,0.0000,0.0000,0.0000,0.0000,1,0,0,0,0,0.0000
110.9022,185.2042,0.0864,102.8923,0.0000,0.0000,0.0000,0.0000,0.0000,270.0021,0.0000,0.0000,0.0000,0.0000,0.0000,0.0000,0.0000,0.0000,0.0000,1,0,0,0,0,0.0000
110.9560,185.2042,0.0864,102.8923,0.0000,0.0000,0.0000,0.0000,0.0000,270.0021,0.0000,0.0000,0.0000,0.0000,0.0000,0.0000,0.0000,0.0000,0.0000,1,0,0,0,0,0.0000
111.0117,185.2042,0.0864,102.8923,0.0000,0.0000,0.0000,0.0000,0.0000,270.0021,0.0000,0.0000,0.0000,0.0000,0.0000,0.0000,0.0000,0.0000,0.0000,1,0,0,0,0,0.0000
111.0672,185.2042,0.0864,102.8923,0.0000,0.0000,0.0000,0.0000,0.0000,270.0021,0.0000,0.0000,0.0000,0.0000,0.0000,0.0000,0.0000,0.0000,0.0000,1,0,0,0,0,0.0000
111.1250,185.2042,0.0864,102.8923,0.0000,0.0000,0.0000,0.0000,0.0000,270.0021,0.0000,0.0000,0.0000,0.0000,0.0000,0.0000,0.0000,0.0000,0.0000,1,0,0,0,0,0.0000
111.1772,185.2042,0.0864,102.8923,0.0000,0.0000,0.0000,0.0000,0.0000,270.0021,0.0000,0.0000,0.0000,0.0000,0.0000,0.0000,0.0000,0.0000,0.0000,1,0,0,0,0,0.0000
111.2326,185.2042,0.0864,102.8923,0.0000,0.0000,0.0000,0.0000,0.0000,270.0021,0.0000,0.0000,0.0000,0.0000,0.0000,0.0000,0.0000,0.0000,0.0000,1,0,0,0,0,0.0000
111.3169,185.2042,0.0864,102.8923,0.0000,0.0000,0.0000,0.0000,0.0000,270.0021,0.0000,0.0000,0.0000,0.0000,0.0000,0.0000,0.0000,0.0000,0.0000,1,0,0,0,0,0.0000
111.3746,185.2042,0.0864,102.8923,0.0000,0.0000,0.0000,0.0000,0.0000,270.0021,0.0000,0.0000,0.0000,0.0000,0.0000,0.0000,0.0000,0.0000,0.0000,1,0,0,0,0,0.0000
111.4286,185.2042,0.0864,102.8923,0.0000,0.0000,0.0000,0.0000,0.0000,270.0021,0.0000,0.0000,0.0000,0.0000,0.0000,0.0000,0.0000,0.0000,0.0000,1,0,0,0,0,0.0000
111.4859,185.2042,0.0864,102.8923,0.0000,0.0000,0.0000,0.0000,0.0000,270.0021,0.0000,0.0000,0.0000,0.0000,0.0000,0.0000,0.0000,0.0000,0.0000,1,0,0,0,0,0.0000
111.5417,185.2042,0.0864,102.8923,0.0000,0.0000,0.0000,0.0000,0.0000,270.0021,0.0000,0.0000,0.0000,0.0000,0.0000,0.0000,0.0000,0.0000,0.0000,1,0,0,0,0,0.0000
111.5963,185.2042,0.0864,102.8923,0.0000,0.0000,0.0000,0.0000,0.0000,270.0021,0.0000,0.0000,0.0000,0.0000,0.0000,0.0000,0.0000,0.0000,0.0000,1,0,0,0,0,0.0000
111.6702,185.2042,0.0864,102.8923,0.0000,0.0000,0.0000,0.0000,0.0000,270.0021,0.0000,0.0000,0.0000,0.0000,0.0000,0.0000,0.0000,0.0000,0.0000,1,0,0,0,0,0.0000
111.7489,185.2042,0.0864,102.8923,0.0000,0.0000,0.0000,0.0000,0.0000,270.0021,0.0000,0.0000,0.0000,0.0000,0.0000,0.0000,0.0000,0.0000,0.0000,1,0,0,0,0,0.0000
111.8037,185.2042,0.0864,102.8923,0.0000,0.0000,0.0000,0.0000,0.0000,270.0021,0.0000,0.0000,0.0000,0.0000,0.0000,0.0000,0.0000,0.0000,0.0000,1,0,0,0,0,0.0000
111.8651,185.2042,0.0864,102.8923,0.0000,0.0000,0.0000,0.0000,0.0000,270.0021,0.0000,0.0000,0.0000,0.0000,0.0000,0.0000,0.0000,0.0000,0.0000,1,0,0,0,0,0.0000
111.9444,185.2042,0.0864,102.8923,0.0000,0.0000,0.0000,0.0000,0.0000,270.0021,0.0000,0.0000,0.0000,0.0000,0.0000,0.0000,0.0000,0.0000,0.0000,1,0,0,0,0,0.0000
112.0026,185.2042,0.0864,102.8923,0.0000,0.0000,0.0000,0.0000,0.0000,270.0021,0.0000,0.0000,0.0000,0.0000,0.0000,0.0000,0.0000,0.0000,0.0000,1,0,0,0,0,0.0000
112.0553,185.2042,0.0864,102.8923,0.0000,0.0000,0.0000,0.0000,0.0000,270.0021,0.0000,0.0000,0.0000,0.0000,0.0000,0.0000,0.0000,0.0000,0.0000,1,0,0,0,0,0.0000
112.1105,185.2042,0.0864,102.8923,0.0000,0.0000,0.0000,0.0000,0.0000,270.0021,0.0000,0.0000,0.0000,0.0000,0.0000,0.0000,0.0000,0.0000,0.0000,1,0,0,0,0,0.0000
112.1647,185.2042,0.0864,102.8923,0.0000,0.0000,0.0000,0.0000,0.0000,270.0021,0.0000,0.0000,0.0000,0.0000,0.0000,0.0000,0.0000,0.0000,0.0000,1,0,0,0,0,0.0000
112.2204,185.2042,0.0864,102.8923,0.0000,0.0000,0.0000,0.0000,0.0000,270.0021,0.0000,0.0000,0.0000,0.0000,0.0000,0.0000,0.0000,0.0000,0.0000,1,0,0,0,0,0.0000
112.2764,185.2042,0.0864,102.8923,0.0000,0.0000,0.0000,0.0000,0.0000,270.0021,0.0000,0.0000,0.0000,0.0000,0.0000,0.0000,0.0000,0.0000,0.0000,1,0,0,0,0,0.0000
112.3302,185.2042,0.0864,102.8923,0.0000,0.0000,0.0000,0.0000,0.0000,270.0021,0.0000,0.0000,0.0000,0.0000,0.0000,0.0000,0.0000,0.0000,0.0000,1,0,0,0,0,0.0000
112.4057,185.2042,0.0864,102.8923,0.0000,0.0000,0.0000,0.0000,0.0000,270.0021,0.0000,0.0000,0.0000,0.0000,0.0000,0.0000,0.0000,0.0000,0.0000,1,0,0,0,0,0.0000
112.4818,185.2042,0.0864,102.8923,0.0000,0.0000,0.0000,0.0000,0.0000,270.0021,0.0000,0.0000,0.0000,0.0000,0.0000,0.0000,0.0000,0.0000,0.0000,1,0,0,0,0,0.0000
112.5364,185.2042,0.0864,102.8923,0.0000,0.0000,0.0000,0.0000,0.0000,270.0021,0.0000,0.0000,0.0000,0.0000,0.0000,0.0000,0.0000,0.0000,0.0000,1,0,0,0,0,0.0000
112.5928,185.2042,0.0864,102.8923,0.0000,0.0000,0.0000,0.0000,0.0000,270.0021,0.0000,0.0000,0.0000,0.0000,0.0000,0.0000,0.0000,0.0000,0.0000,1,0,0,0,0,0.0000
112.6473,185.2042,0.0864,102.8923,0.0000,0.0000,0.0000,0.0000,0.0000,270.0021,0.0000,0.0000,0.0000,0.0000,0.0000,0.0000,0.0000,0.0000,0.0000,1,0,0,0,0,0.0000
112.7074,185.2042,0.0864,102.8923,0.0000,0.0000,0.0000,0.0000,0.0000,270.0021,0.0000,0.0000,0.0000,0.0000,0.0000,0.0000,0.0000,0.0000,0.0000,1,0,0,0,0,0.0000
112.7584,185.2042,0.0864,102.8923,0.0000,0.0000,0.0000,0.0000,0.0000,270.0021,0.0000,0.0000,0.0000,0.0000,0.0000,0.0000,0.0000,0.0000,0.0000,1,0,0,0,0,0.0000
112.8136,185.2042,0.0864,102.8923,0.0000,0.0000,0.0000,0.0000,0.0000,270.0021,0.0000,0.0000,0.0000,0.0000,0.0000,0.0000,0.0000,0.0000,0.0000,1,0,0,0,0,0.0000
112.8709,185.2042,0.0864,102.8923,0.0000,0.0000,0.0000,0.0000,0.0000,270.0021,0.0000,0.0000,0.0000,0.0000,0.0000,0.0000,0.0000,0.0000,0.0000,1,0,0,0,0,0.0000
112.9401,185.2042,0.0864,102.8923,0.0000,0.0000,0.0000,0.0000,0.0000,270.0021,0.0000,0.0000,0.0000,0.0000,0.0000,0.0000,0.0000,0.0000,0.0000,1,0,0,0,0,0.0000
112.9952,185.2042,0.0864,102.8923,0.0000,0.0000,0.0000,0.0000,0.0000,270.0021,0.0000,0.0000,0.0000,0.0000,0.0000,0.0000,0.0000,0.0000,0.0000,1,0,0,0,0,0.0000
113.0565,185.2042,0.0864,102.8923,0.0000,0.0000,0.0000,0.0000,0.0000,270.0021,0.0000,0.0000,0.0000,0.0000,0.0000,0.0000,0.0000,0.0000,0.0000,1,0,0,0,0,0.0000
113.1072,185.2042,0.0864,102.8923,0.0000,0.0000,0.0000,0.0000,0.0000,270.0021,0.0000,0.0000,0.0000,0.0000,0.0000,0.0000,0.0000,0.0000,0.0000,1,0,0,0,0,0.0000
113.1623,185.2042,0.0864,102.8923,0.0000,0.0000,0.0000,0.0000,0.0000,270.0021,0.0000,0.0000,0.0000,0.0000,0.0000,0.0000,0.0000,0.0000,0.0000,1,0,0,0,0,0.0000
113.2186,185.2042,0.0864,102.8923,0.0000,0.0000,0.0000,0.0000,0.0000,270.0021,0.0000,0.0000,0.0000,0.0000,0.0000,0.0000,0.0000,0.0000,0.0000,1,0,0,0,0,0.0000
113.2740,185.2042,0.0864,102.8923,0.0000,0.0000,0.0000,0.0000,0.0000,270.0021,0.0000,0.0000,0.0000,0.0000,0.0000,0.0000,0.0000,0.0000,0.0000,1,0,0,0,0,0.0000
113.3302,185.2042,0.0864,102.8923,0.0000,0.0000,0.0000,0.0000,0.0000,270.0021,0.0000,0.0000,0.0000,0.0000,0.0000,0.0000,0.0000,0.0000,0.0000,1,0,0,0,0,0.0000
113.3858,185.2042,0.0864,102.8923,0.0000,0.0000,0.0000,0.0000,0.0000,270.0021,0.0000,0.0000,0.0000,0.0000,0.0000,0.0000,0.0000,0.0000,0.0000,1,0,0,0,0,0.0000
113.4538,185.2042,0.0864,102.8923,0.0000,0.0000,0.0000,0.0000,0.0000,270.0021,0.0000,0.0000,0.0000,0.0000,0.0000,0.0000,0.0000,0.0000,0.0000,1,0,0,0,0,0.0000
113.5086,185.2042,0.0864,102.8923,0.0000,0.0000,0.0000,0.0000,0.0000,270.0021,0.0000,0.0000,0.0000,0.0000,0.0000,0.0000,0.0000,0.0000,0.0000,1,0,0,0,0,0.0000
113.5648,185.2042,0.0864,102.8923,0.0000,0.0000,0.0000,0.0000,0.0000,270.0021,0.0000,0.0000,0.0000,0.0000,0.0000,0.0000,0.0000,0.0000,0.0000,1,0,0,0,0,0.0000
113.6201,185.2042,0.0864,102.8923,0.0000,0.0000,0.0000,0.0000,0.0000,270.0021,0.0000,0.0000,0.0000,0.0000,0.0000,0.0000,0.0000,0.0000,0.0000,1,0,0,0,0,0.0000
113.6749,185.2042,0.0864,102.8923,0.0000,0.0000,0.0000,0.0000,0.0000,270.0021,0.0000,0.0000,0.0000,0.0000,0.0000,0.0000,0.0000,0.0000,0.0000,1,0,0,0,0,0.0000
113.7322,185.2042,0.0864,102.8923,0.0000,0.0000,0.0000,0.0000,0.0000,270.0021,0.0000,0.0000,0.0000,0.0000,0.0000,0.0000,0.0000,0.0000,0.0000,1,0,0,0,0,0.0000
113.7902,185.2042,0.0864,102.8923,0.0000,0.0000,0.0000,0.0000,0.0000,270.0021,0.0000,0.0000,0.0000,0.0000,0.0000,0.0000,0.0000,0.0000,0.0000,1,0,0,0,0,0.0000
113.8429,185.2042,0.0864,102.8923,0.0000,0.0000,0.0000,0.0000,0.0000,270.0021,0.0000,0.0000,0.0000,0.0000,0.0000,0.0000,0.0000,0.0000,0.0000,1,0,0,0,0,0.0000
113.8979,185.2042,0.0864,102.8923,0.0000,0.0000,0.0000,0.0000,0.0000,270.0021,0.0000,0.0000,0.0000,0.0000,0.0000,0.0000,0.0000,0.0000,0.0000,1,0,0,0,0,0.0000
113.9538,185.2042,0.0864,102.8923,0.0000,0.0000,0.0000,0.0000,0.0000,270.0021,0.0000,0.0000,0.0000,0.0000,0.0000,0.0000,0.0000,0.0000,0.0000,1,0,0,0,0,0.0000
114.0234,185.2042,0.0864,102.8923,0.0000,0.0000,0.0000,0.0000,0.0000,270.0021,0.0000,0.0000,0.0000,0.0000,0.0000,0.0000,0.0000,0.0000,0.0000,1,0,0,0,0,0.0000
114.0770,185.2042,0.0864,102.8923,0.0000,0.0000,0.0000,0.0000,0.0000,270.0021,0.0000,0.0000,0.0000,0.0000,0.0000,0.0000,0.0000,0.0000,0.0000,1,0,0,0,0,0.0000
114.1335,185.2042,0.0864,102.8923,0.0000,0.0000,0.0000,0.0000,0.0000,270.0021,0.0000,0.0000,0.0000,0.0000,0.0000,0.0000,0.0000,0.0000,0.0000,1,0,0,0,0,0.0000
114.1883,185.2042,0.0864,102.8923,0.0000,0.0000,0.0000,0.0000,0.0000,270.0021,0.0000,0.0000,0.0000,0.0000,0.0000,0.0000,0.0000,0.0000,0.0000,1,0,0,0,0,0.0000
114.2440,185.2042,0.0864,102.8923,0.0000,0.0000,0.0000,0.0000,0.0000,270.0021,0.0000,0.0000,0.0000,0.0000,0.0000,0.0000,0.0000,0.0000,0.0000,1,0,0,0,0,0.0000
114.3033,185.2042,0.0864,102.8923,0.0000,0.0000,0.0000,0.0000,0.0000,270.0021,0.0000,0.0000,0.0000,0.0000,0.0000,0.0000,0.0000,0.0000,0.0000,1,0,0,0,0,0.0000
114.3563,185.2042,0.0864,102.8923,0.0000,0.0000,0.0000,0.0000,0.0000,270.0021,0.0000,0.0000,0.0000,0.0000,0.0000,0.0000,0.0000,0.0000,0.0000,1,0,0,0,0,0.0000
114.4119,185.2042,0.0864,102.8923,0.0000,0.0000,0.0000,0.0000,0.0000,270.0021,0.0000,0.0000,0.0000,0.0000,0.0000,0.0000,0.0000,0.0000,0.0000,1,0,0,0,0,0.0000
114.4662,185.2042,0.0864,102.8923,0.0000,0.0000,0.0000,0.0000,0.0000,270.0021,0.0000,0.0000,0.0000,0.0000,0.0000,0.0000,0.0000,0.0000,0.0000,1,0,0,0,0,0.0000
114.5524,185.2042,0.0864,102.8923,0.0000,0.0000,0.0000,0.0000,0.0000,270.0021,0.0000,0.0000,0.0000,0.0000,0.0000,0.0000,0.0000,0.0000,0.0000,1,0,0,0,0,0.0000
114.6081,185.2042,0.0864,102.8923,0.0000,0.0000,0.0000,0.0000,0.0000,270.0021,0.0000,0.0000,0.0000,0.0000,0.0000,0.0000,0.0000,0.0000,0.0000,1,0,0,0,0,0.0000
114.6658,185.2042,0.0864,102.8923,0.0000,0.0000,0.0000,0.0000,0.0000,270.0021,0.0000,0.0000,0.0000,0.0000,0.0000,0.0000,0.0000,0.0000,0.0000,1,0,0,0,0,0.0000
114.7389,185.2042,0.0864,102.8923,0.0000,0.0000,0.0000,0.0000,0.0000,270.0021,0.0000,0.0000,0.0000,0.0000,0.0000,0.0000,0.0000,0.0000,0.0000,1,0,0,0,0,0.0000
114.7915,185.2042,0.0864,102.8923,0.0000,0.0000,0.0000,0.0000,0.0000,270.0021,0.0000,0.0000,0.0000,0.0000,0.0000,0.0000,0.0000,0.0000,0.0000,1,0,0,0,0,0.0000
114.8633,185.2042,0.0864,102.8923,0.0000,0.0000,0.0000,0.0000,0.0000,270.0021,0.0000,0.0000,0.0000,0.0000,0.0000,0.0000,0.0000,0.0000,0.0000,1,0,0,0,0,0.0000
114.9411,185.2042,0.0864,102.8923,0.0000,0.0000,0.0000,0.0000,0.0000,270.0021,0.0000,0.0000,0.0000,0.0000,0.0000,0.0000,0.0000,0.0000,0.0000,1,0,0,0,0,0.0000
114.9963,185.2042,0.0864,102.8923,0.0000,0.0000,0.0000,0.0000,0.0000,270.0021,0.0000,0.0000,0.0000,0.0000,0.0000,0.0000,0.0000,0.0000,0.0000,1,0,0,0,0,0.0000
115.0548,185.2042,0.0864,102.8923,0.0000,0.0000,0.0000,0.0000,0.0000,270.0021,0.0000,0.0000,0.0000,0.0000,0.0000,0.0000,0.0000,0.0000,0.0000,1,0,0,0,0,0.0000
115.1238,185.2042,0.0864,102.8923,0.0000,0.0000,0.0000,0.0000,0.0000,270.0021,0.0000,0.0000,0.0000,0.0000,0.0000,0.0000,0.0000,0.0000,0.0000,1,0,0,0,0,0.0000
115.1931,185.2042,0.0864,102.8923,0.0000,0.0000,0.0000,0.0000,0.0000,270.0021,0.0000,0.0000,0.0000,0.0000,0.0000,0.0000,0.0000,0.0000,0.0000,1,0,0,0,0,0.0000
115.2481,185.2042,0.0864,102.8923,0.0000,0.0000,0.0000,0.0000,0.0000,270.0021,0.0000,0.0000,0.0000,0.0000,0.0000,0.0000,0.0000,0.0000,0.0000,1,0,0,0,0,0.0000
115.3044,185.2042,0.0864,102.8923,0.0000,0.0000,0.0000,0.0000,0.0000,270.0021,0.0000,0.0000,0.0000,0.0000,0.0000,0.0000,0.0000,0.0000,0.0000,1,0,0,0,0,0.0000
115.3603,185.2042,0.0864,102.8923,0.0000,0.0000,0.0000,0.0000,0.0000,270.0021,0.0000,0.0000,0.0000,0.0000,0.0000,0.0000,0.0000,0.0000,0.0000,1,0,0,0,0,0.0000
115.4138,185.2042,0.0864,102.8923,0.0000,0.0000,0.0000,0.0000,0.0000,270.0021,0.0000,0.0000,0.0000,0.0000,0.0000,0.0000,0.0000,0.0000,0.0000,1,0,0,0,0,0.0000
115.4843,185.2042,0.0864,102.8923,0.0000,0.0000,0.0000,0.0000,0.0000,270.0021,0.0000,0.0000,0.0000,0.0000,0.0000,0.0000,0.0000,0.0000,0.0000,1,0,0,0,0,0.0000
115.5401,185.2042,0.0864,102.8923,0.0000,0.0000,0.0000,0.0000,0.0000,270.0021,0.0000,0.0000,0.0000,0.0000,0.0000,0.0000,0.0000,0.0000,0.0000,1,0,0,0,0,0.0000
115.5977,185.2042,0.0864,102.8923,0.0000,0.0000,0.0000,0.0000,0.0000,270.0021,0.0000,0.0000,0.0000,0.0000,0.0000,0.0000,0.0000,0.0000,0.0000,1,0,0,0,0,0.0000
115.6636,185.2042,0.0864,102.8923,0.0000,0.0000,0.0000,0.0000,0.0000,270.0021,0.0000,0.0000,0.0000,0.0000,0.0000,0.0000,0.0000,0.0000,0.0000,1,0,0,0,0,0.0000
115.7339,185.2042,0.0864,102.8923,0.0000,0.0000,0.0000,0.0000,0.0000,270.0021,0.0000,0.0000,0.0000,0.0000,0.0000,0.0000,0.0000,0.0000,0.0000,1,0,0,0,0,0.0000
115.7879,185.2042,0.0864,102.8923,0.0000,0.0000,0.0000,0.0000,0.0000,270.0021,0.0000,0.0000,0.0000,0.0000,0.0000,0.0000,0.0000,0.0000,0.0000,1,0,0,0,0,0.0000
115.8446,185.2042,0.0864,102.8923,0.0000,0.0000,0.0000,0.0000,0.0000,270.0021,0.0000,0.0000,0.0000,0.0000,0.0000,0.0000,0.0000,0.0000,0.0000,1,0,0,0,0,0.0000
115.8983,185.2042,0.0864,102.8923,0.0000,0.0000,0.0000,0.0000,0.0000,270.0021,0.0000,0.0000,0.0000,0.0000,0.0000,0.0000,0.0000,0.0000,0.0000,1,0,0,0,0,0.0000
115.9556,185.2042,0.0864,102.8923,0.0000,0.0000,0.0000,0.0000,0.0000,270.0021,0.0000,0.0000,0.0000,0.0000,0.0000,0.0000,0.0000,0.0000,0.0000,1,0,0,0,0,0.0000
116.0110,185.2042,0.0864,102.8923,0.0000,0.0000,0.0000,0.0000,0.0000,270.0021,0.0000,0.0000,0.0000,0.0000,0.0000,0.0000,0.0000,0.0000,0.0000,1,0,0,0,0,0.0000
116.0655,185.2042,0.0864,102.8923,0.0000,0.0000,0.0000,0.0000,0.0000,270.0021,0.0000,0.0000,0.0000,0.0000,0.0000,0.0000,0.0000,0.0000,0.0000,1,0,0,0,0,0.0000
116.1229,185.2042,0.0864,102.8923,0.0000,0.0000,0.0000,0.0000,0.0000,270.0021,0.0000,0.0000,0.0000,0.0000,0.0000,0.0000,0.0000,0.0000,0.0000,1,0,0,0,0,0.0000
116.1906,185.2042,0.0864,102.8923,0.0000,0.0000,0.0000,0.0000,0.0000,270.0021,0.0000,0.0000,0.0000,0.0000,0.0000,0.0000,0.0000,0.0000,0.0000,1,0,0,0,0,0.0000
116.2468,185.2042,0.0864,102.8923,0.0000,0.0000,0.0000,0.0000,0.0000,270.0021,0.0000,0.0000,0.0000,0.0000,0.0000,0.0000,0.0000,0.0000,0.0000,1,0,0,0,0,0.0000
116.3028,185.2042,0.0864,102.8923,0.0000,0.0000,0.0000,0.0000,0.0000,270.0021,0.0000,0.0000,0.0000,0.0000,0.0000,0.0000,0.0000,0.0000,0.0000,1,0,0,0,0,0.0000
116.3595,185.2042,0.0864,102.8923,0.0000,0.0000,0.0000,0.0000,0.0000,270.0021,0.0000,0.0000,0.0000,0.0000,0.0000,0.0000,0.0000,0.0000,0.0000,1,0,0,0,0,0.0000
116.4117,185.2042,0.0864,102.8923,0.0000,0.0000,0.0000,0.0000,0.0000,270.0021,0.0000,0.0000,0.0000,0.0000,0.0000,0.0000,0.0000,0.0000,0.0000,1,0,0,0,0,0.0000
116.4670,185.2042,0.0864,102.8923,0.0000,0.0000,0.0000,0.0000,0.0000,270.0021,0.0000,0.0000,0.0000,0.0000,0.0000,0.0000,0.0000,0.0000,0.0000,1,0,0,0,0,0.0000
116.5245,185.2042,0.0864,102.8923,0.0000,0.0000,0.0000,0.0000,0.0000,270.0021,0.0000,0.0000,0.0000,0.0000,0.0000,0.0000,0.0000,0.0000,0.0000,1,0,0,0,0,0.0000
116.5790,185.2042,0.0864,102.8923,0.0000,0.0000,0.0000,0.0000,0.0000,270.0021,0.0000,0.0000,0.0000,0.0000,0.0000,0.0000,0.0000,0.0000,0.0000,1,0,0,0,0,0.0000
116.6365,185.2042,0.0864,102.8923,0.0000,0.0000,0.0000,0.0000,0.0000,270.0021,0.0000,0.0000,0.0000,0.0000,0.0000,0.0000,0.0000,0.0000,0.0000,1,0,0,0,0,0.0000
116.6905,185.2042,0.0864,102.8923,0.0000,0.0000,0.0000,0.0000,0.0000,270.0021,0.0000,0.0000,0.0000,0.0000,0.0000,0.0000,0.0000,0.0000,0.0000,1,0,0,0,0,0.0000
116.7612,185.2042,0.0864,102.8923,0.0000,0.0000,0.0000,0.0000,0.0000,270.0021,0.0000,0.0000,0.0000,0.0000,0.0000,0.0000,0.0000,0.0000,0.0000,1,0,0,0,0,0.0000
116.8211,185.2042,0.0864,102.8923,0.0000,0.0000,0.0000,0.0000,0.0000,270.0021,0.0000,0.0000,0.0000,0.0000,0.0000,0.0000,0.0000,0.0000,0.0000,1,0,0,0,0,0.0000
116.8736,185.2042,0.0864,102.8923,0.0000,0.0000,0.0000,0.0000,0.0000,270.0021,0.0000,0.0000,0.0000,0.0000,0.0000,0.0000,0.0000,0.0000,0.0000,1,0,0,0,0,0.0000
116.9273,185.2042,0.0864,102.8923,0.0000,0.0000,0.0000,0.0000,0.0000,270.0021,0.0000,0.0000,0.0000,0.0000,0.0000,0.0000,0.0000,0.0000,0.0000,1,0,0,0,0,0.0000
116.9967,185.2042,0.0864,102.8923,0.0000,0.0000,0.0000,0.0000,0.0000,270.0021,0.0000,0.0000,0.0000,0.0000,0.0000,0.0000,0.0000,0.0000,0.0000,1,0,0,0,0,0.0000
117.0535,185.2042,0.0864,102.8923,0.0000,0.0000,0.0000,0.0000,0.0000,270.0021,0.0000,0.0000,0.0000,0.0000,0.0000,0.0000,0.0000,0.0000,0.0000,1,0,0,0,0,0.0000
117.1078,185.2042,0.0864,102.8923,0.0000,0.0000,0.0000,0.0000,0.0000,270.0021,0.0000,0.0000,0.0000,0.0000,0.0000,0.0000,0.0000,0.0000,0.0000,1,0,0,0,0,0.0000
117.1670,185.2042,0.0864,102.8923,0.0000,0.0000,0.0000,0.0000,0.0000,270.0021,0.0000,0.0000,0.0000,0.0000,0.0000,0.0000,0.0000,0.0000,0.0000,1,0,0,0,0,0.0000
117.2176,185.2042,0.0864,102.8923,0.0000,0.0000,0.0000,0.0000,0.0000,270.0021,0.0000,0.0000,0.0000,0.0000,0.0000,0.0000,0.0000,0.0000,0.0000,1,0,0,0,0,0.0000
117.2863,185.2042,0.0864,102.8923,0.0000,0.0000,0.0000,0.0000,0.0000,270.0021,0.0000,0.0000,0.0000,0.0000,0.0000,0.0000,0.0000,0.0000,0.0000,1,0,0,0,0,0.0000
117.3513,185.2042,0.0864,102.8923,0.0000,0.0000,0.0000,0.0000,0.0000,270.0021,0.0000,0.0000,0.0000,0.0000,0.0000,0.0000,0.0000,0.0000,0.0000,1,0,0,0,0,0.0000
117.4142,185.2042,0.0864,102.8923,0.0000,0.0000,0.0000,0.0000,0.0000,270.0021,0.0000,0.0000,0.0000,0.0000,0.0000,0.0000,0.0000,0.0000,0.0000,1,0,0,0,0,0.0000
117.4691,185.2042,0.0864,102.8923,0.0000,0.0000,0.0000,0.0000,0.0000,270.0021,0.0000,0.0000,0.0000,0.0000,0.0000,0.0000,0.0000,0.0000,0.0000,1,0,0,0,0,0.0000
117.5243,185.2042,0.0864,102.8923,0.0000,0.0000,0.0000,0.0000,0.0000,270.0021,0.0000,0.0000,0.0000,0.0000,0.0000,0.0000,0.0000,0.0000,0.0000,1,0,0,0,0,0.0000
117.5801,185.2042,0.0864,102.8923,0.0000,0.0000,0.0000,0.0000,0.0000,270.0021,0.0000,0.0000,0.0000,0.0000,0.0000,0.0000,0.0000,0.0000,0.0000,1,0,0,0,0,0.0000
117.6513,185.2042,0.0864,102.8923,0.0000,0.0000,0.0000,0.0000,0.0000,270.0021,0.0000,0.0000,0.0000,0.0000,0.0000,0.0000,0.0000,0.0000,0.0000,1,0,0,0,0,0.0000
117.7060,185.2042,0.0864,102.8923,0.0000,0.0000,0.0000,0.0000,0.0000,270.0021,0.0000,0.0000,0.0000,0.0000,0.0000,0.0000,0.0000,0.0000,0.0000,1,0,0,0,0,0.0000
117.7725,185.2042,0.0864,102.8923,0.0000,0.0000,0.0000,0.0000,0.0000,270.0021,0.0000,0.0000,0.0000,0.0000,0.0000,0.0000,0.0000,0.0000,0.0000,1,0,0,0,0,0.0000
117.8440,185.2042,0.0864,102.8923,0.0000,0.0000,0.0000,0.0000,0.0000,270.0021,0.0000,0.0000,0.0000,0.0000,0.0000,0.0000,0.0000,0.0000,0.0000,1,0,0,0,0,0.0000
117.8981,185.2042,0.0864,102.8923,0.0000,0.0000,0.0000,0.0000,0.0000,270.0021,0.0000,0.0000,0.0000,0.0000,0.0000,0.0000,0.0000,0.0000,0.0000,1,0,0,0,0,0.0000
117.9564,185.2042,0.0864,102.8923,0.0000,0.0000,0.0000,0.0000,0.0000,270.0021,0.0000,0.0000,0.0000,0.0000,0.0000,0.0000,0.0000,0.0000,0.0000,1,0,0,0,0,0.0000
118.0099,185.2042,0.0864,102.8923,0.0000,0.0000,0.0000,0.0000,0.0000,270.0021,0.0000,0.0000,0.0000,0.0000,0.0000,0.0000,0.0000,0.0000,0.0000,1,0,0,0,0,0.0000
118.0670,185.2042,0.0864,102.8923,0.0000,0.0000,0.0000,0.0000,0.0000,270.0021,0.0000,0.0000,0.0000,0.0000,0.0000,0.0000,0.0000,0.0000,0.0000,1,0,0,0,0,0.0000
118.1209,185.2042,0.0864,102.8923,0.0000,0.0000,0.0000,0.0000,0.0000,270.0021,0.0000,0.0000,0.0000,0.0000,0.0000,0.0000,0.0000,0.0000,0.0000,1,0,0,0,0,0.0000
118.1804,185.2042,0.0864,102.8923,0.0000,0.0000,0.0000,0.0000,0.0000,270.0021,0.0000,0.0000,0.0000,0.0000,0.0000,0.0000,0.0000,0.0000,0.0000,1,0,0,0,0,0.0000
118.2307,185.2042,0.0864,102.8923,0.0000,0.0000,0.0000,0.0000,0.0000,270.0021,0.0000,0.0000,0.0000,0.0000,0.0000,0.0000,0.0000,0.0000,0.0000,1,0,0,0,0,0.0000
118.3577,185.2042,0.0864,102.8923,0.0000,0.0000,0.0000,0.0000,0.0000,270.0021,0.0000,0.0000,0.0000,0.0000,0.0000,0.0000,0.0000,0.0000,0.0000,1,0,0,0,0,0.0000
118.4127,185.2042,0.0864,102.8923,0.0000,0.0000,0.0000,0.0000,0.0000,270.0021,0.0000,0.0000,0.0000,0.0000,0.0000,0.0000,0.0000,0.0000,0.0000,1,0,0,0,0,0.0000
118.4749,185.2042,0.0864,102.8923,0.0000,0.0000,0.0000,0.0000,0.0000,270.0021,0.0000,0.0000,0.0000,0.0000,0.0000,0.0000,0.0000,0.0000,0.0000,1,0,0,0,0,0.0000
118.5368,185.2042,0.0864,102.8923,0.0000,0.0000,0.0000,0.0000,0.0000,270.0021,0.0000,0.0000,0.0000,0.0000,0.0000,0.0000,0.0000,0.0000,0.0000,1,0,0,0,0,0.0000
118.5960,185.2042,0.0864,102.8923,0.0000,0.0000,0.0000,0.0000,0.0000,270.0021,0.0000,0.0000,0.0000,0.0000,0.0000,0.0000,0.0000,0.0000,0.0000,1,0,0,0,0,0.0000
118.6617,185.2042,0.0864,102.8923,0.0000,0.0000,0.0000,0.0000,0.0000,270.0021,0.0000,0.0000,0.0000,0.0000,0.0000,0.0000,0.0000,0.0000,0.0000,1,0,0,0,0,0.0000
118.7163,185.2042,0.0864,102.8923,0.0000,0.0000,0.0000,0.0000,0.0000,270.0021,0.0000,0.0000,0.0000,0.0000,0.0000,0.0000,0.0000,0.0000,0.0000,1,0,0,0,0,0.0000
118.7733,185.2042,0.0864,102.8923,0.0000,0.0000,0.0000,0.0000,0.0000,270.0021,0.0000,0.0000,0.0000,0.0000,0.0000,0.0000,0.0000,0.0000,0.0000,1,0,0,0,0,0.0000
118.8445,185.2042,0.0864,102.8923,0.0000,0.0000,0.0000,0.0000,0.0000,270.0021,0.0000,0.0000,0.0000,0.0000,0.0000,0.0000,0.0000,0.0000,0.0000,1,0,0,0,0,0.0000
118.8972,185.2042,0.0864,102.8923,0.0000,0.0000,0.0000,0.0000,0.0000,270.0021,0.0000,0.0000,0.0000,0.0000,0.0000,0.0000,0.0000,0.0000,0.0000,1,0,0,0,0,0.0000
118.9537,185.2042,0.0864,102.8923,0.0000,0.0000,0.0000,0.0000,0.0000,270.0021,0.0000,0.0000,0.0000,0.0000,0.0000,0.0000,0.0000,0.0000,0.0000,1,0,0,0,0,0.0000
119.1035,185.2042,0.0864,102.8923,0.0000,0.0000,0.0000,0.0000,0.0000,270.0021,0.0000,0.0000,0.0000,0.0000,0.0000,0.0000,0.0000,0.0000,0.0000,1,0,0,0,0,0.0000
119.1766,185.2042,0.0864,102.8923,0.0000,0.0000,0.0000,0.0000,0.0000,270.0021,0.0000,0.0000,0.0000,0.0000,0.0000,0.0000,0.0000,0.0000,0.0000,1,0,0,0,0,0.0000
119.2300,185.2042,0.0864,102.8923,0.0000,0.0000,0.0000,0.0000,0.0000,270.0021,0.0000,0.0000,0.0000,0.0000,0.0000,0.0000,0.0000,0.0000,0.0000,1,0,0,0,0,0.0000
119.2953,185.2042,0.0864,102.8923,0.0000,0.0000,0.0000,0.0000,0.0000,270.0021,0.0000,0.0000,0.0000,0.0000,0.0000,0.0000,0.0000,0.0000,0.0000,1,0,0,0,0,0.0000
119.3553,185.2042,0.0864,102.8923,0.0000,0.0000,0.0000,0.0000,0.0000,270.0021,0.0000,0.0000,0.0000,0.0000,0.0000,0.0000,0.0000,0.0000,0.0000,1,0,0,0,0,0.0000
119.4257,185.2042,0.0864,102.8923,0.0000,0.0000,0.0000,0.0000,0.0000,270.0021,0.0000,0.0000,0.0000,0.0000,0.0000,0.0000,0.0000,0.0000,0.0000,1,0,0,0,0,0.0000
119.4806,185.2042,0.0864,102.8923,0.0000,0.0000,0.0000,0.0000,0.0000,270.0021,0.0000,0.0000,0.0000,0.0000,0.0000,0.0000,0.0000,0.0000,0.0000,1,0,0,0,0,0.0000
119.5527,185.2042,0.0864,102.8923,0.0000,0.0000,0.0000,0.0000,0.0000,270.0021,0.0000,0.0000,0.0000,0.0000,0.0000,0.0000,0.0000,0.0000,0.0000,1,0,0,0,0,0.0000
119.6051,185.2042,0.0864,102.8923,0.0000,0.0000,0.0000,0.0000,0.0000,270.0021,0.0000,0.0000,0.0000,0.0000,0.0000,0.0000,0.0000,0.0000,0.0000,1,0,0,0,0,0.0000
119.6766,185.2042,0.0864,102.8923,0.0000,0.0000,0.0000,0.0000,0.0000,270.0021,0.0000,0.0000,0.0000,0.0000,0.0000,0.0000,0.0000,0.0000,0.0000,1,0,0,0,0,0.0000
119.7342,185.2042,0.0864,102.8923,0.0000,0.0000,0.0000,0.0000,0.0000,270.0021,0.0000,0.0000,0.0000,0.0000,0.0000,0.0000,0.0000,0.0000,0.0000,1,0,0,0,0,0.0000
119.7870,185.2042,0.0864,102.8923,0.0000,0.0000,0.0000,0.0000,0.0000,270.0021,0.0000,0.0000,0.0000,0.0000,0.0000,0.0000,0.0000,0.0000,0.0000,1,0,0,0,0,0.0000
119.8431,185.2042,0.0864,102.8923,0.0000,0.0000,0.0000,0.0000,0.0000,270.0021,0.0000,0.0000,0.0000,0.0000,0.0000,0.0000,0.0000,0.0000,0.0000,1,0,0,0,0,0.0000
119.9019,185.2042,0.0864,102.8923,0.0000,0.0000,0.0000,0.0000,0.0000,270.0021,0.0000,0.0000,0.0000,0.0000,0.0000,0.0000,0.0000,0.0000,0.0000,1,0,0,0,0,0.0000
119.9541,185.2042,0.0864,102.8923,0.0000,0.0000,0.0000,0.0000,0.0000,270.0021,0.0000,0.0000,0.0000,0.0000,0.0000,0.0000,0.0000,0.0000,0.0000,1,0,0,0,0,0.0000
120.0122,185.2042,0.0864,102.8923,0.0000,0.0000,0.0000,0.0000,0.0000,270.0021,0.0000,0.0000,0.0000,0.0000,0.0000,0.0000,0.0000,0.0000,0.0000,1,0,0,0,0,0.0000
120.0799,185.2042,0.0864,102.8923,0.0000,0.0000,0.0000,0.0000,0.0000,270.0021,0.0000,0.0000,0.0000,0.0000,0.0000,0.0000,0.0000,0.0000,0.0000,1,0,0,0,0,0.0000
120.1382,185.2042,0.0864,102.8923,0.0000,0.0000,0.0000,0.0000,0.0000,270.0021,0.0000,0.0000,0.0000,0.0000,0.0000,0.0000,0.0000,0.0000,0.0000,1,0,0,0,0,0.0000
120.1907,185.2042,0.0864,102.8923,0.0000,0.0000,0.0000,0.0000,0.0000,270.0021,0.0000,0.0000,0.0000,0.0000,0.0000,0.0000,0.0000,0.0000,0.0000,1,0,0,0,0,0.0000
120.2474,185.2042,0.0864,102.8923,0.0000,0.0000,0.0000,0.0000,0.0000,270.0021,0.0000,0.0000,0.0000,0.0000,0.0000,0.0000,0.0000,0.0000,0.0000,1,0,0,0,0,0.0000
120.3032,185.2042,0.0864,102.8923,0.0000,0.0000,0.0000,0.0000,0.0000,270.0021,0.0000,0.0000,0.0000,0.0000,0.0000,0.0000,0.0000,0.0000,0.0000,1,0,0,0,0,0.0000
120.3587,185.2042,0.0864,102.8923,0.0000,0.0000,0.0000,0.0000,0.0000,270.0021,0.0000,0.0000,0.0000,0.0000,0.0000,0.0000,0.0000,0.0000,0.0000,1,0,0,0,0,0.0000
120.4137,185.2042,0.0864,102.8923,0.0000,0.0000,0.0000,0.0000,0.0000,270.0021,0.0000,0.0000,0.0000,0.0000,0.0000,0.0000,0.0000,0.0000,0.0000,1,0,0,0,0,0.0000
120.4840,185.2042,0.0864,102.8923,0.0000,0.0000,0.0000,0.0000,0.0000,270.0021,0.0000,0.0000,0.0000,0.0000,0.0000,0.0000,0.0000,0.0000,0.0000,1,0,0,0,0,0.0000
120.5444,185.2042,0.0864,102.8923,0.0000,0.0000,0.0000,0.0000,0.0000,270.0021,0.0000,0.0000,0.0000,0.0000,0.0000,0.0000,0.0000,0.0000,0.0000,1,0,0,0,0,0.0000
120.6381,185.2042,0.0864,102.8923,0.0000,0.0000,0.0000,0.0000,0.0000,270.0021,0.0000,0.0000,0.0000,0.0000,0.0000,0.0000,0.0000,0.0000,0.0000,1,0,0,0,0,0.0000
120.6918,185.2042,0.0864,102.8923,0.0000,0.0000,0.0000,0.0000,0.0000,270.0021,0.0000,0.0000,0.0000,0.0000,0.0000,0.0000,0.0000,0.0000,0.0000,1,0,0,0,0,0.0000
120.7456,185.2042,0.0864,102.8923,0.0000,0.0000,0.0000,0.0000,0.0000,270.0021,0.0000,0.0000,0.0000,0.0000,0.0000,0.0000,0.0000,0.0000,0.0000,1,0,0,0,0,0.0000
120.8012,185.2042,0.0864,102.8923,0.0000,0.0000,0.0000,0.0000,0.0000,270.0021,0.0000,0.0000,0.0000,0.0000,0.0000,0.0000,0.0000,0.0000,0.0000,1,0,0,0,0,0.0000
120.8581,185.2042,0.0864,102.8923,0.0000,0.0000,0.0000,0.0000,0.0000,270.0021,0.0000,0.0000,0.0000,0.0000,0.0000,0.0000,0.0000,0.0000,0.0000,1,0,0,0,0,0.0000
120.9131,185.2042,0.0864,102.8923,0.0000,0.0000,0.0000,0.0000,0.0000,270.0021,0.0000,0.0000,0.0000,0.0000,0.0000,0.0000,0.0000,0.0000,0.0000,1,0,0,0,0,0.0000
120.9859,185.2042,0.0864,102.8923,0.0000,0.0000,0.0000,0.0000,0.0000,270.0021,0.0000,0.0000,0.0000,0.0000,0.0000,0.0000,0.0000,0.0000,0.0000,1,0,0,0,0,0.0000
121.0417,185.2042,0.0864,102.8923,0.0000,0.0000,0.0000,0.0000,0.0000,270.0021,0.0000,0.0000,0.0000,0.0000,0.0000,0.0000,0.0000,0.0000,0.0000,1,0,0,0,0,0.0000
121.0923,185.2042,0.0864,102.8923,0.0000,0.0000,0.0000,0.0000,0.0000,270.0021,0.0000,0.0000,0.0000,0.0000,0.0000,0.0000,0.0000,0.0000,0.0000,1,0,0,0,0,0.0000
121.1632,185.2042,0.0864,102.8923,0.0000,0.0000,0.0000,0.0000,0.0000,270.0021,0.0000,0.0000,0.0000,0.0000,0.0000,0.0000,0.0000,0.0000,0.0000,1,0,0,0,0,0.0000
121.2173,185.2042,0.0864,102.8923,0.0000,0.0000,0.0000,0.0000,0.0000,270.0021,0.0000,0.0000,0.0000,0.0000,0.0000,0.0000,0.0000,0.0000,0.0000,1,0,0,0,0,0.0000
121.2894,185.2042,0.0864,102.8923,0.0000,0.0000,0.0000,0.0000,0.0000,270.0021,0.0000,0.0000,0.0000,0.0000,0.0000,0.0000,0.0000,0.0000,0.0000,1,0,0,0,0,0.0000
121.3436,185.2042,0.0864,102.8923,0.0000,0.0000,0.0000,0.0000,0.0000,270.0021,0.0000,0.0000,0.0000,0.0000,0.0000,0.0000,0.0000,0.0000,0.0000,1,0,0,0,0,0.0000
121.4004,185.2042,0.0864,102.8923,0.0000,0.0000,0.0000,0.0000,0.0000,270.0021,0.0000,0.0000,0.0000,0.0000,0.0000,0.0000,0.0000,0.0000,0.0000,1,0,0,0,0,0.0000
121.4572,185.2042,0.0864,102.8923,0.0000,0.0000,0.0000,0.0000,0.0000,270.0021,0.0000,0.0000,0.0000,0.0000,0.0000,0.0000,0.0000,0.0000,0.0000,1,0,0,0,0,0.0000
121.5260,185.2042,0.0864,102.8923,0.0000,0.0000,0.0000,0.0000,0.0000,270.0021,0.0000,0.0000,0.0000,0.0000,0.0000,0.0000,0.0000,0.0000,0.0000,1,0,0,0,0,0.0000
121.5787,185.2042,0.0864,102.8923,0.0000,0.0000,0.0000,0.0000,0.0000,270.0021,0.0000,0.0000,0.0000,0.0000,0.0000,0.0000,0.0000,0.0000,0.0000,1,0,0,0,0,0.0000
121.6339,185.2042,0.0864,102.8923,0.0000,0.0000,0.0000,0.0000,0.0000,270.0021,0.0000,0.0000,0.0000,0.0000,0.0000,0.0000,0.0000,0.0000,0.0000,1,0,0,0,0,0.0000
121.7050,185.2042,0.0864,102.8923,0.0000,0.0000,0.0000,0.0000,0.0000,270.0021,0.0000,0.0000,0.0000,0.0000,0.0000,0.0000,0.0000,0.0000,0.0000,1,0,0,0,0,0.0000
121.7609,185.2042,0.0864,102.8923,0.0000,0.0000,0.0000,0.0000,0.0000,270.0021,0.0000,0.0000,0.0000,0.0000,0.0000,0.0000,0.0000,0.0000,0.0000,1,0,0,0,0,0.0000
121.8150,185.2042,0.0864,102.8923,0.0000,0.0000,0.0000,0.0000,0.0000,270.0021,0.0000,0.0000,0.0000,0.0000,0.0000,0.0000,0.0000,0.0000,0.0000,1,0,0,0,0,0.0000
121.8707,185.2042,0.0864,102.8923,0.0000,0.0000,0.0000,0.0000,0.0000,270.0021,0.0000,0.0000,0.0000,0.0000,0.0000,0.0000,0.0000,0.0000,0.0000,1,0,0,0,0,0.0000
121.9279,185.2042,0.0864,102.8923,0.0000,0.0000,0.0000,0.0000,0.0000,270.0021,0.0000,0.0000,0.0000,0.0000,0.0000,0.0000,0.0000,0.0000,0.0000,1,0,0,0,0,0.0000
121.9840,185.2042,0.0864,102.8923,0.0000,0.0000,0.0000,0.0000,0.0000,270.0021,0.0000,0.0000,0.0000,0.0000,0.0000,0.0000,0.0000,0.0000,0.0000,1,0,0,0,0,0.0000
122.0377,185.2042,0.0864,102.8923,0.0000,0.0000,0.0000,0.0000,0.0000,270.0021,0.0000,0.0000,0.0000,0.0000,0.0000,0.0000,0.0000,0.0000,0.0000,1,0,0,0,0,0.0000
122.0928,185.2042,0.0864,102.8923,0.0000,0.0000,0.0000,0.0000,0.0000,270.0021,0.0000,0.0000,0.0000,0.0000,0.0000,0.0000,0.0000,0.0000,0.0000,1,0,0,0,0,0.0000
122.1479,185.2042,0.0864,102.8923,0.0000,0.0000,0.0000,0.0000,0.0000,270.0021,0.0000,0.0000,0.0000,0.0000,0.0000,0.0000,0.0000,0.0000,0.0000,1,0,0,0,0,0.0000
122.2054,185.2042,0.0864,102.8923,0.0000,0.0000,0.0000,0.0000,0.0000,270.0021,0.0000,0.0000,0.0000,0.0000,0.0000,0.0000,0.0000,0.0000,0.0000,1,0,0,0,0,0.0000
122.2764,185.2042,0.0864,102.8923,0.0000,0.0000,0.0000,0.0000,0.0000,270.0021,0.0000,0.0000,0.0000,0.0000,0.0000,0.0000,0.0000,0.0000,0.0000,1,0,0,0,0,0.0000
122.3297,185.2042,0.0864,102.8923,0.0000,0.0000,0.0000,0.0000,0.0000,270.0021,0.0000,0.0000,0.0000,0.0000,0.0000,0.0000,0.0000,0.0000,0.0000,1,0,0,0,0,0.0000
122.3858,185.2042,0.0864,102.8923,0.0000,0.0000,0.0000,0.0000,0.0000,270.0021,0.0000,0.0000,0.0000,0.0000,0.0000,0.0000,0.0000,0.0000,0.0000,1,0,0,0,0,0.0000
122.4474,185.2042,0.0864,102.8923,0.0000,0.0000,0.0000,0.0000,0.0000,270.0021,0.0000,0.0000,0.0000,0.0000,0.0000,0.0000,0.0000,0.0000,0.0000,1,0,0,0,0,0.0000
122.5251,185.2042,0.0864,102.8923,0.0000,0.0000,0.0000,0.0000,0.0000,270.0021,0.0000,0.0000,0.0000,0.0000,0.0000,0.0000,0.0000,0.0000,0.0000,1,0,0,0,0,0.0000
122.5870,185.2042,0.0864,102.8923,0.0000,0.0000,0.0000,0.0000,0.0000,270.0021,0.0000,0.0000,0.0000,0.0000,0.0000,0.0000,0.0000,0.0000,0.0000,1,0,0,0,0,0.0000
122.6496,185.2042,0.0864,102.8923,0.0000,0.0000,0.0000,0.0000,0.0000,270.0021,0.0000,0.0000,0.0000,0.0000,0.0000,0.0000,0.0000,0.0000,0.0000,1,0,0,0,0,0.0000
122.7032,185.2042,0.0864,102.8923,0.0000,0.0000,0.0000,0.0000,0.0000,270.0021,0.0000,0.0000,0.0000,0.0000,0.0000,0.0000,0.0000,0.0000,0.0000,1,0,0,0,0,0.0000
122.7595,185.2042,0.0864,102.8923,0.0000,0.0000,0.0000,0.0000,0.0000,270.0021,0.0000,0.0000,0.0000,0.0000,0.0000,0.0000,0.0000,0.0000,0.0000,1,0,0,0,0,0.0000
122.8297,185.2042,0.0864,102.8923,0.0000,0.0000,0.0000,0.0000,0.0000,270.0021,0.0000,0.0000,0.0000,0.0000,0.0000,0.0000,0.0000,0.0000,0.0000,1,0,0,0,0,0.0000
122.8891,185.2042,0.0864,102.8923,0.0000,0.0000,0.0000,0.0000,0.0000,270.0021,0.0000,0.0000,0.0000,0.0000,0.0000,0.0000,0.0000,0.0000,0.0000,1,0,0,0,0,0.0000
122.9404,185.2042,0.0864,102.8923,0.0000,0.0000,0.0000,0.0000,0.0000,270.0021,0.0000,0.0000,0.0000,0.0000,0.0000,0.0000,0.0000,0.0000,0.0000,1,0,0,0,0,0.0000
122.9964,185.2042,0.0864,102.8923,0.0000,0.0000,0.0000,0.0000,0.0000,270.0021,0.0000,0.0000,0.0000,0.0000,0.0000,0.0000,0.0000,0.0000,0.0000,1,0,0,0,0,0.0000
123.0513,185.2042,0.0864,102.8923,0.0000,0.0000,0.0000,0.0000,0.0000,270.0021,0.0000,0.0000,0.0000,0.0000,0.0000,0.0000,0.0000,0.0000,0.0000,1,0,0,0,0,0.0000
123.1054,185.2042,0.0864,102.8923,0.0000,0.0000,0.0000,0.0000,0.0000,270.0021,0.0000,0.0000,0.0000,0.0000,0.0000,0.0000,0.0000,0.0000,0.0000,1,0,0,0,0,0.0000
123.1766,185.2042,0.0864,102.8923,0.0000,0.0000,0.0000,0.0000,0.0000,270.0021,0.0000,0.0000,0.0000,0.0000,0.0000,0.0000,0.0000,0.0000,0.0000,1,0,0,0,0,0.0000
123.2307,185.2042,0.0864,102.8923,0.0000,0.0000,0.0000,0.0000,0.0000,270.0021,0.0000,0.0000,0.0000,0.0000,0.0000,0.0000,0.0000,0.0000,0.0000,1,0,0,0,0,0.0000
123.2872,185.2042,0.0864,102.8923,0.0000,0.0000,0.0000,0.0000,0.0000,270.0021,0.0000,0.0000,0.0000,0.0000,0.0000,0.0000,0.0000,0.0000,0.0000,1,0,0,0,0,0.0000
123.3556,185.2042,0.0864,102.8923,0.0000,0.0000,0.0000,0.0000,0.0000,270.0021,0.0000,0.0000,0.0000,0.0000,0.0000,0.0000,0.0000,0.0000,0.0000,1,0,0,0,0,0.0000
123.4122,185.2042,0.0864,102.8923,0.0000,0.0000,0.0000,0.0000,0.0000,270.0021,0.0000,0.0000,0.0000,0.0000,0.0000,0.0000,0.0000,0.0000,0.0000,1,0,0,0,0,0.0000
123.4660,185.2042,0.0864,102.8923,0.0000,0.0000,0.0000,0.0000,0.0000,270.0021,0.0000,0.0000,0.0000,0.0000,0.0000,0.0000,0.0000,0.0000,0.0000,1,0,0,0,0,0.0000
123.5235,185.2042,0.0864,102.8923,0.0000,0.0000,0.0000,0.0000,0.0000,270.0021,0.0000,0.0000,0.0000,0.0000,0.0000,0.0000,0.0000,0.0000,0.0000,1,0,0,0,0,0.0000
123.6143,185.2042,0.0864,102.8923,0.0000,0.0000,0.0000,0.0000,0.0000,270.0021,0.0000,0.0000,0.0000,0.0000,0.0000,0.0000,0.0000,0.0000,0.0000,1,0,0,0,0,0.0000
123.6673,185.2042,0.0864,102.8923,0.0000,0.0000,0.0000,0.0000,0.0000,270.0021,0.0000,0.0000,0.0000,0.0000,0.0000,0.0000,0.0000,0.0000,0.0000,1,0,0,0,0,0.0000
123.7187,185.2042,0.0864,102.8923,0.0000,0.0000,0.0000,0.0000,0.0000,270.0021,0.0000,0.0000,0.0000,0.0000,0.0000,0.0000,0.0000,0.0000,0.0000,1,0,0,0,0,0.0000
123.7721,185.2042,0.0864,102.8923,0.0000,0.0000,0.0000,0.0000,0.0000,270.0021,0.0000,0.0000,0.0000,0.0000,0.0000,0.0000,0.0000,0.0000,0.0000,1,0,0,0,0,0.0000
123.8319,185.2042,0.0864,102.8923,0.0000,0.0000,0.0000,0.0000,0.0000,270.0021,0.0000,0.0000,0.0000,0.0000,0.0000,0.0000,0.0000,0.0000,0.0000,1,0,0,0,0,0.0000
123.8995,185.2042,0.0864,102.8923,0.0000,0.0000,0.0000,0.0000,0.0000,270.0021,0.0000,0.0000,0.0000,0.0000,0.0000,0.0000,0.0000,0.0000,0.0000,1,0,0,0,0,0.0000
123.9550,185.2042,0.0864,102.8923,0.0000,0.0000,0.0000,0.0000,0.0000,270.0021,0.0000,0.0000,0.0000,0.0000,0.0000,0.0000,0.0000,0.0000,0.0000,1,0,0,0,0,0.0000
124.0088,185.2042,0.0864,102.8923,0.0000,0.0000,0.0000,0.0000,0.0000,270.0021,0.0000,0.0000,0.0000,0.0000,0.0000,0.0000,0.0000,0.0000,0.0000,1,0,0,0,0,0.0000
124.0864,185.2042,0.0864,102.8923,0.0000,0.0000,0.0000,0.0000,0.0000,270.0021,0.0000,0.0000,0.0000,0.0000,0.0000,0.0000,0.0000,0.0000,0.0000,1,0,0,0,0,0.0000
124.1528,185.2042,0.0864,102.8923,0.0000,0.0000,0.0000,0.0000,0.0000,270.0021,0.0000,0.0000,0.0000,0.0000,0.0000,0.0000,0.0000,0.0000,0.0000,1,0,0,0,0,0.0000
124.2055,185.2042,0.0864,102.8923,0.0000,0.0000,0.0000,0.0000,0.0000,270.0021,0.0000,0.0000,0.0000,0.0000,0.0000,0.0000,0.0000,0.0000,0.0000,1,0,0,0,0,0.0000
124.2926,185.2042,0.0864,102.8923,0.0000,0.0000,0.0000,0.0000,0.0000,270.0021,0.0000,0.0000,0.0000,0.0000,0.0000,0.0000,0.0000,0.0000,0.0000,1,0,0,0,0,0.0000
124.3761,185.2042,0.0864,102.8923,0.0000,0.0000,0.0000,0.0000,0.0000,270.0021,0.0000,0.0000,0.0000,0.0000,0.0000,0.0000,0.0000,0.0000,0.0000,1,0,0,0,0,0.0000
124.4326,185.2042,0.0864,102.8923,0.0000,0.0000,0.0000,0.0000,0.0000,270.0021,0.0000,0.0000,0.0000,0.0000,0.0000,0.0000,0.0000,0.0000,0.0000,1,0,0,0,0,0.0000
124.5013,185.2042,0.0864,102.8923,0.0000,0.0000,0.0000,0.0000,0.0000,270.0021,0.0000,0.0000,0.0000,0.0000,0.0000,0.0000,0.0000,0.0000,0.0000,1,0,0,0,0,0.0000
124.5821,185.2042,0.0864,102.8923,0.0000,0.0000,0.0000,0.0000,0.0000,270.0021,0.0000,0.0000,0.0000,0.0000,0.0000,0.0000,0.0000,0.0000,0.0000,1,0,0,0,0,0.0000
124.6809,185.2042,0.0864,102.8923,0.0000,0.0000,0.0000,0.0000,0.0000,270.0021,0.0000,0.0000,0.0000,0.0000,0.0000,0.0000,0.0000,0.0000,0.0000,1,0,0,0,0,0.0000
124.7349,185.2042,0.0864,102.8923,0.0000,0.0000,0.0000,0.0000,0.0000,270.0021,0.0000,0.0000,0.0000,0.0000,0.0000,0.0000,0.0000,0.0000,0.0000,1,0,0,0,0,0.0000
124.7885,185.2042,0.0864,102.8923,0.0000,0.0000,0.0000,0.0000,0.0000,270.0021,0.0000,0.0000,0.0000,0.0000,0.0000,0.0000,0.0000,0.0000,0.0000,1,0,0,0,0,0.0000
124.8438,185.2042,0.0864,102.8923,0.0000,0.0000,0.0000,0.0000,0.0000,270.0021,0.0000,0.0000,0.0000,0.0000,0.0000,0.0000,0.0000,0.0000,0.0000,1,0,0,0,0,0.0000
124.9156,185.2042,0.0864,102.8923,0.0000,0.0000,0.0000,0.0000,0.0000,270.0021,0.0000,0.0000,0.0000,0.0000,0.0000,0.0000,0.0000,0.0000,0.0000,1,0,0,0,0,0.0000
124.9838,185.2042,0.0864,102.8923,0.0000,0.0000,0.0000,0.0000,0.0000,270.0021,0.0000,0.0000,0.0000,0.0000,0.0000,0.0000,0.0000,0.0000,0.0000,1,0,0,0,0,0.0000
125.0377,185.2042,0.0864,102.8923,0.0000,0.0000,0.0000,0.0000,0.0000,270.0021,0.0000,0.0000,0.0000,0.0000,0.0000,0.0000,0.0000,0.0000,0.0000,1,0,0,0,0,0.0000
125.0941,185.2042,0.0864,102.8923,0.0000,0.0000,0.0000,0.0000,0.0000,270.0021,0.0000,0.0000,0.0000,0.0000,0.0000,0.0000,0.0000,0.0000,0.0000,1,0,0,0,0,0.0000
125.1562,185.2042,0.0864,102.8923,0.0000,0.0000,0.0000,0.0000,0.0000,270.0021,0.0000,0.0000,0.0000,0.0000,0.0000,0.0000,0.0000,0.0000,0.0000,1,0,0,0,0,0.0000
125.2210,185.2042,0.0864,102.8923,0.0000,0.0000,0.0000,0.0000,0.0000,270.0021,0.0000,0.0000,0.0000,0.0000,0.0000,0.0000,0.0000,0.0000,0.0000,1,0,0,0,0,0.0000
125.2764,185.2042,0.0864,102.8923,0.0000,0.0000,0.0000,0.0000,0.0000,270.0021,0.0000,0.0000,0.0000,0.0000,0.0000,0.0000,0.0000,0.0000,0.0000,1,0,0,0,0,0.0000
125.3310,185.2042,0.0864,102.8923,0.0000,0.0000,0.0000,0.0000,0.0000,270.0021,0.0000,0.0000,0.0000,0.0000,0.0000,0.0000,0.0000,0.0000,0.0000,1,0,0,0,0,0.0000
125.3852,185.2042,0.0864,102.8923,0.0000,0.0000,0.0000,0.0000,0.0000,270.0021,0.0000,0.0000,0.0000,0.0000,0.0000,0.0000,0.0000,0.0000,0.0000,1,0,0,0,0,0.0000
125.4412,185.2042,0.0864,102.8923,0.0000,0.0000,0.0000,0.0000,0.0000,270.0021,0.0000,0.0000,0.0000,0.0000,0.0000,0.0000,0.0000,0.0000,0.0000,1,0,0,0,0,0.0000
125.5104,185.2042,0.0864,102.8923,0.0000,0.0000,0.0000,0.0000,0.0000,270.0021,0.0000,0.0000,0.0000,0.0000,0.0000,0.0000,0.0000,0.0000,0.0000,1,0,0,0,0,0.0000
125.5662,185.2042,0.0864,102.8923,0.0000,0.0000,0.0000,0.0000,0.0000,270.0021,0.0000,0.0000,0.0000,0.0000,0.0000,0.0000,0.0000,0.0000,0.0000,1,0,0,0,0,0.0000
125.6241,185.2042,0.0864,102.8923,0.0000,0.0000,0.0000,0.0000,0.0000,270.0021,0.0000,0.0000,0.0000,0.0000,0.0000,0.0000,0.0000,0.0000,0.0000,1,0,0,0,0,0.0000
125.6772,185.2042,0.0864,102.8923,0.0000,0.0000,0.0000,0.0000,0.0000,270.0021,0.0000,0.0000,0.0000,0.0000,0.0000,0.0000,0.0000,0.0000,0.0000,1,0,0,0,0,0.0000
125.7344,185.2042,0.0864,102.8923,0.0000,0.0000,0.0000,0.0000,0.0000,270.0021,0.0000,0.0000,0.0000,0.0000,0.0000,0.0000,0.0000,0.0000,0.0000,1,0,0,0,0,0.0000
125.7895,185.2042,0.0864,102.8923,0.0000,0.0000,0.0000,0.0000,0.0000,270.0021,0.0000,0.0000,0.0000,0.0000,0.0000,0.0000,0.0000,0.0000,0.0000,1,0,0,0,0,0.0000
125.8448,185.2042,0.0864,102.8923,0.0000,0.0000,0.0000,0.0000,0.0000,270.0021,0.0000,0.0000,0.0000,0.0000,0.0000,0.0000,0.0000,0.0000,0.0000,1,0,0,0,0,0.0000
125.9013,185.2042,0.0864,102.8923,0.0000,0.0000,0.0000,0.0000,0.0000,270.0021,0.0000,0.0000,0.0000,0.0000,0.0000,0.0000,0.0000,0.0000,0.0000,1,0,0,0,0,0.0000
125.9965,185.2042,0.0864,102.8923,0.0000,0.0000,0.0000,0.0000,0.0000,270.0021,0.0000,0.0000,0.0000,0.0000,0.0000,0.0000,0.0000,0.0000,0.0000,1,0,0,0,0,0.0000
126.0914,185.2042,0.0864,102.8923,0.0000,0.0000,0.0000,0.0000,0.0000,270.0021,0.0000,0.0000,0.0000,0.0000,0.0000,0.0000,0.0000,0.0000,0.0000,1,0,0,0,0,0.0000
126.1760,185.2042,0.0864,102.8923,0.0000,0.0000,0.0000,0.0000,0.0000,270.0021,0.0000,0.0000,0.0000,0.0000,0.0000,0.0000,0.0000,0.0000,0.0000,1,0,0,0,0,0.0000
126.2574,185.2042,0.0864,102.8923,0.0000,0.0000,0.0000,0.0000,0.0000,270.0021,0.0000,0.0000,0.0000,0.0000,0.0000,0.0000,0.0000,0.0000,0.0000,1,0,0,0,0,0.0000
126.3377,185.2042,0.0864,102.8923,0.0000,0.0000,0.0000,0.0000,0.0000,270.0021,0.0000,0.0000,0.0000,0.0000,0.0000,0.0000,0.0000,0.0000,0.0000,1,0,0,0,0,0.0000
126.4086,185.2042,0.0864,102.8923,0.0000,0.0000,0.0000,0.0000,0.0000,270.0021,0.0000,0.0000,0.0000,0.0000,0.0000,0.0000,0.0000,0.0000,0.0000,1,0,0,0,0,0.0000
126.5002,185.2042,0.0864,102.8923,0.0000,0.0000,0.0000,0.0000,0.0000,270.0021,0.0000,0.0000,0.0000,0.0000,0.0000,0.0000,0.0000,0.0000,0.0000,1,0,0,0,0,0.0000
126.5518,185.2042,0.0864,102.8923,0.0000,0.0000,0.0000,0.0000,0.0000,270.0021,0.0000,0.0000,0.0000,0.0000,0.0000,0.0000,0.0000,0.0000,0.0000,1,0,0,0,0,0.0000
126.6419,185.2042,0.0864,102.8923,0.0000,0.0000,0.0000,0.0000,0.0000,270.0021,0.0000,0.0000,0.0000,0.0000,0.0000,0.0000,0.0000,0.0000,0.0000,1,0,0,0,0,0.0000
126.7108,185.2042,0.0864,102.8923,0.0000,0.0000,0.0000,0.0000,0.0000,270.0021,0.0000,0.0000,0.0000,0.0000,0.0000,0.0000,0.0000,0.0000,0.0000,1,0,0,0,0,0.0000
126.7946,185.2042,0.0864,102.8923,0.0000,0.0000,0.0000,0.0000,0.0000,270.0021,0.0000,0.0000,0.0000,0.0000,0.0000,0.0000,0.0000,0.0000,0.0000,1,0,0,0,0,0.0000
126.8503,185.2042,0.0864,102.8923,0.0000,0.0000,0.0000,0.0000,0.0000,270.0021,0.0000,0.0000,0.0000,0.0000,0.0000,0.0000,0.0000,0.0000,0.0000,1,0,0,0,0,0.0000
126.9058,185.2042,0.0864,102.8923,0.0000,0.0000,0.0000,0.0000,0.0000,270.0021,0.0000,0.0000,0.0000,0.0000,0.0000,0.0000,0.0000,0.0000,0.0000,1,0,0,0,0,0.0000
126.9693,185.2042,0.0864,102.8923,0.0000,0.0000,0.0000,0.0000,0.0000,270.0021,0.0000,0.0000,0.0000,0.0000,0.0000,0.0000,0.0000,0.0000,0.0000,1,0,0,0,0,0.0000
127.0464,185.2042,0.0864,102.8923,0.0000,0.0000,0.0000,0.0000,0.0000,270.0021,0.0000,0.0000,0.0000,0.0000,0.0000,0.0000,0.0000,0.0000,0.0000,1,0,0,0,0,0.0000
127.1287,185.2042,0.0864,102.8923,0.0000,0.0000,0.0000,0.0000,0.0000,270.0021,0.0000,0.0000,0.0000,0.0000,0.0000,0.0000,0.0000,0.0000,0.0000,1,0,0,0,0,0.0000
127.2472,185.2042,0.0864,102.8923,0.0000,0.0000,0.0000,0.0000,0.0000,270.0021,0.0000,0.0000,0.0000,0.0000,0.0000,0.0000,0.0000,0.0000,0.0000,1,0,0,0,0,0.0000
127.3010,185.2042,0.0864,102.8923,0.0000,0.0000,0.0000,0.0000,0.0000,270.0021,0.0000,0.0000,0.0000,0.0000,0.0000,0.0000,0.0000,0.0000,0.0000,1,0,0,0,0,0.0000
127.3849,185.2042,0.0864,102.8923,0.0000,0.0000,0.0000,0.0000,0.0000,270.0021,0.0000,0.0000,0.0000,0.0000,0.0000,0.0000,0.0000,0.0000,0.0000,1,0,0,0,0,0.0000
127.4619,185.2042,0.0864,102.8923,0.0000,0.0000,0.0000,0.0000,0.0000,270.0021,0.0000,0.0000,0.0000,0.0000,0.0000,0.0000,0.0000,0.0000,0.0000,1,0,0,0,0,0.0000
127.5332,185.2042,0.0864,102.8923,0.0000,0.0000,0.0000,0.0000,0.0000,270.0021,0.0000,0.0000,0.0000,0.0000,0.0000,0.0000,0.0000,0.0000,0.0000,1,0,0,0,0,0.0000
127.6182,185.2042,0.0864,102.8923,0.0000,0.0000,0.0000,0.0000,0.0000,270.0021,0.0000,0.0000,0.0000,0.0000,0.0000,0.0000,0.0000,0.0000,0.0000,1,0,0,0,0,0.0000
127.6746,185.2042,0.0864,102.8923,0.0000,0.0000,0.0000,0.0000,0.0000,270.0021,0.0000,0.0000,0.0000,0.0000,0.0000,0.0000,0.0000,0.0000,0.0000,1,0,0,0,0,0.0000
127.7863,185.2042,0.0864,102.8923,0.0000,0.0000,0.0000,0.0000,0.0000,270.0021,0.0000,0.0000,0.0000,0.0000,0.0000,0.0000,0.0000,0.0000,0.0000,1,0,0,0,0,0.0000
127.8748,185.2042,0.0864,102.8923,0.0000,0.0000,0.0000,0.0000,0.0000,270.0021,0.0000,0.0000,0.0000,0.0000,0.0000,0.0000,0.0000,0.0000,0.0000,1,0,0,0,0,0.0000
127.9342,185.2042,0.0864,102.8923,0.0000,0.0000,0.0000,0.0000,0.0000,270.0021,0.0000,0.0000,0.0000,0.0000,0.0000,0.0000,0.0000,0.0000,0.0000,1,0,0,0,0,0.0000
128.0009,185.2042,0.0864,102.8923,0.0000,0.0000,0.0000,0.0000,0.0000,270.0021,0.0000,0.0000,0.0000,0.0000,0.0000,0.0000,0.0000,0.0000,0.0000,1,0,0,0,0,0.0000
128.0542,185.2042,0.0864,102.8923,0.0000,0.0000,0.0000,0.0000,0.0000,270.0021,0.0000,0.0000,0.0000,0.0000,0.0000,0.0000,0.0000,0.0000,0.0000,1,0,0,0,0,0.0000
128.1116,185.2042,0.0864,102.8923,0.0000,0.0000,0.0000,0.0000,0.0000,270.0021,0.0000,0.0000,0.0000,0.0000,0.0000,0.0000,0.0000,0.0000,0.0000,1,0,0,0,0,0.0000
128.1663,185.2042,0.0864,102.8923,0.0000,0.0000,0.0000,0.0000,0.0000,270.0021,0.0000,0.0000,0.0000,0.0000,0.0000,0.0000,0.0000,0.0000,0.0000,1,0,0,0,0,0.0000
128.2392,185.2042,0.0864,102.8923,0.0000,0.0000,0.0000,0.0000,0.0000,270.0021,0.0000,0.0000,0.0000,0.0000,0.0000,0.0000,0.0000,0.0000,0.0000,1,0,0,0,0,0.0000
128.3175,185.2042,0.0864,102.8923,0.0000,0.0000,0.0000,0.0000,0.0000,270.0021,0.0000,0.0000,0.0000,0.0000,0.0000,0.0000,0.0000,0.0000,0.0000,1,0,0,0,0,0.0000
128.3761,185.2042,0.0864,102.8923,0.0000,0.0000,0.0000,0.0000,0.0000,270.0021,0.0000,0.0000,0.0000,0.0000,0.0000,0.0000,0.0000,0.0000,0.0000,1,0,0,0,0,0.0000
128.4333,185.2042,0.0864,102.8923,0.0000,0.0000,0.0000,0.0000,0.0000,270.0021,0.0000,0.0000,0.0000,0.0000,0.0000,0.0000,0.0000,0.0000,0.0000,1,0,0,0,0,0.0000
128.4861,185.2042,0.0864,102.8923,0.0000,0.0000,0.0000,0.0000,0.0000,270.0021,0.0000,0.0000,0.0000,0.0000,0.0000,0.0000,0.0000,0.0000,0.0000,1,0,0,0,0,0.0000
128.5440,185.2042,0.0864,102.8923,0.0000,0.0000,0.0000,0.0000,0.0000,270.0021,0.0000,0.0000,0.0000,0.0000,0.0000,0.0000,0.0000,0.0000,0.0000,1,0,0,0,0,0.0000
128.5960,185.2042,0.0864,102.8923,0.0000,0.0000,0.0000,0.0000,0.0000,270.0021,0.0000,0.0000,0.0000,0.0000,0.0000,0.0000,0.0000,0.0000,0.0000,1,0,0,0,0,0.0000
128.6549,185.2042,0.0864,102.8923,0.0000,0.0000,0.0000,0.0000,0.0000,270.0021,0.0000,0.0000,0.0000,0.0000,0.0000,0.0000,0.0000,0.0000,0.0000,1,0,0,0,0,0.0000
128.7106,185.2042,0.0864,102.8923,0.0000,0.0000,0.0000,0.0000,0.0000,270.0021,0.0000,0.0000,0.0000,0.0000,0.0000,0.0000,0.0000,0.0000,0.0000,1,0,0,0,0,0.0000
128.7636,185.2042,0.0864,102.8923,0.0000,0.0000,0.0000,0.0000,0.0000,270.0021,0.0000,0.0000,0.0000,0.0000,0.0000,0.0000,0.0000,0.0000,0.0000,1,0,0,0,0,0.0000
128.8171,185.2042,0.0864,102.8923,0.0000,0.0000,0.0000,0.0000,0.0000,270.0021,0.0000,0.0000,0.0000,0.0000,0.0000,0.0000,0.0000,0.0000,0.0000,1,0,0,0,0,0.0000
128.9250,185.2042,0.0864,102.8923,0.0000,0.0000,0.0000,0.0000,0.0000,270.0021,0.0000,0.0000,0.0000,0.0000,0.0000,0.0000,0.0000,0.0000,0.0000,1,0,0,0,0,0.0000
129.0050,185.2042,0.0864,102.8923,0.0000,0.0000,0.0000,0.0000,0.0000,270.0021,0.0000,0.0000,0.0000,0.0000,0.0000,0.0000,0.0000,0.0000,0.0000,1,0,0,0,0,0.0000
129.0726,185.2042,0.0864,102.8923,0.0000,0.0000,0.0000,0.0000,0.0000,270.0021,0.0000,0.0000,0.0000,0.0000,0.0000,0.0000,0.0000,0.0000,0.0000,1,0,0,0,0,0.0000
129.1292,185.2042,0.0864,102.8923,0.0000,0.0000,0.0000,0.0000,0.0000,270.0021,0.0000,0.0000,0.0000,0.0000,0.0000,0.0000,0.0000,0.0000,0.0000,1,0,0,0,0,0.0000
129.2010,185.2042,0.0864,102.8923,0.0000,0.0000,0.0000,0.0000,0.0000,270.0021,0.0000,0.0000,0.0000,0.0000,0.0000,0.0000,0.0000,0.0000,0.0000,1,0,0,0,0,0.0000
129.2818,185.2042,0.0864,102.8923,0.0000,0.0000,0.0000,0.0000,0.0000,270.0021,0.0000,0.0000,0.0000,0.0000,0.0000,0.0000,0.0000,0.0000,0.0000,1,0,0,0,0,0.0000
129.3354,185.2042,0.0864,102.8923,0.0000,0.0000,0.0000,0.0000,0.0000,270.0021,0.0000,0.0000,0.0000,0.0000,0.0000,0.0000,0.0000,0.0000,0.0000,1,0,0,0,0,0.0000
129.4050,185.2042,0.0864,102.8923,0.0000,0.0000,0.0000,0.0000,0.0000,270.0021,0.0000,0.0000,0.0000,0.0000,0.0000,0.0000,0.0000,0.0000,0.0000,1,0,0,0,0,0.0000
129.4777,185.2042,0.0864,102.8923,0.0000,0.0000,0.0000,0.0000,0.0000,270.0021,0.0000,0.0000,0.0000,0.0000,0.0000,0.0000,0.0000,0.0000,0.0000,1,0,0,0,0,0.0000
129.5308,185.2042,0.0864,102.8923,0.0000,0.0000,0.0000,0.0000,0.0000,270.0021,0.0000,0.0000,0.0000,0.0000,0.0000,0.0000,0.0000,0.0000,0.0000,1,0,0,0,0,0.0000
129.5864,185.2042,0.0864,102.8923,0.0000,0.0000,0.0000,0.0000,0.0000,270.0021,0.0000,0.0000,0.0000,0.0000,0.0000,0.0000,0.0000,0.0000,0.0000,1,0,0,0,0,0.0000
129.6420,185.2042,0.0864,102.8923,0.0000,0.0000,0.0000,0.0000,0.0000,270.0021,0.0000,0.0000,0.0000,0.0000,0.0000,0.0000,0.0000,0.0000,0.0000,1,0,0,0,0,0.0000
129.7381,185.2042,0.0864,102.8923,0.0000,0.0000,0.0000,0.0000,0.0000,270.0021,0.0000,0.0000,0.0000,0.0000,0.0000,0.0000,0.0000,0.0000,0.0000,1,0,0,0,0,0.0000
129.8236,185.2042,0.0864,102.8923,0.0000,0.0000,0.0000,0.0000,0.0000,270.0021,0.0000,0.0000,0.0000,0.0000,0.0000,0.0000,0.0000,0.0000,0.0000,1,0,0,0,0,0.0000
129.9198,185.2042,0.0864,102.8923,0.0000,0.0000,0.0000,0.0000,0.0000,270.0021,0.0000,0.0000,0.0000,0.0000,0.0000,0.0000,0.0000,0.0000,0.0000,1,0,0,0,0,0.0000
130.0320,185.2042,0.0864,102.8923,0.0000,0.0000,0.0000,0.0000,0.0000,270.0021,0.0000,0.0000,0.0000,0.0000,0.0000,0.0000,0.0000,0.0000,0.0000,1,0,0,0,0,0.0000
130.0912,185.2042,0.0864,102.8923,0.0000,0.0000,0.0000,0.0000,0.0000,270.0021,0.0000,0.0000,0.0000,0.0000,0.0000,0.0000,0.0000,0.0000,0.0000,1,0,0,0,0,0.0000
130.1661,185.2042,0.0864,102.8923,0.0000,0.0000,0.0000,0.0000,0.0000,270.0021,0.0000,0.0000,0.0000,0.0000,0.0000,0.0000,0.0000,0.0000,0.0000,1,0,0,0,0,0.0000
130.2209,185.2042,0.0864,102.8923,0.0000,0.0000,0.0000,0.0000,0.0000,270.0021,0.0000,0.0000,0.0000,0.0000,0.0000,0.0000,0.0000,0.0000,0.0000,1,0,0,0,0,0.0000
130.2746,185.2042,0.0864,102.8923,0.0000,0.0000,0.0000,0.0000,0.0000,270.0021,0.0000,0.0000,0.0000,0.0000,0.0000,0.0000,0.0000,0.0000,0.0000,1,0,0,0,0,0.0000
130.3329,185.2042,0.0864,102.8923,0.0000,0.0000,0.0000,0.0000,0.0000,270.0021,0.0000,0.0000,0.0000,0.0000,0.0000,0.0000,0.0000,0.0000,0.0000,1,0,0,0,0,0.0000
130.3863,185.2042,0.0864,102.8923,0.0000,0.0000,0.0000,0.0000,0.0000,270.0021,0.0000,0.0000,0.0000,0.0000,0.0000,0.0000,0.0000,0.0000,0.0000,1,0,0,0,0,0.0000
130.4425,185.2042,0.0864,102.8923,0.0000,0.0000,0.0000,0.0000,0.0000,270.0021,0.0000,0.0000,0.0000,0.0000,0.0000,0.0000,0.0000,0.0000,0.0000,1,0,0,0,0,0.0000
130.4984,185.2042,0.0864,102.8923,0.0000,0.0000,0.0000,0.0000,0.0000,270.0021,0.0000,0.0000,0.0000,0.0000,0.0000,0.0000,0.0000,0.0000,0.0000,1,0,0,0,0,0.0000
130.5663,185.2042,0.0864,102.8923,0.0000,0.0000,0.0000,0.0000,0.0000,270.0021,0.0000,0.0000,0.0000,0.0000,0.0000,0.0000,0.0000,0.0000,0.0000,1,0,0,0,0,0.0000
130.6257,185.2042,0.0864,102.8923,0.0000,0.0000,0.0000,0.0000,0.0000,270.0021,0.0000,0.0000,0.0000,0.0000,0.0000,0.0000,0.0000,0.0000,0.0000,1,0,0,0,0,0.0000
130.6791,185.2042,0.0864,102.8923,0.0000,0.0000,0.0000,0.0000,0.0000,270.0021,0.0000,0.0000,0.0000,0.0000,0.0000,0.0000,0.0000,0.0000,0.0000,1,0,0,0,0,0.0000
130.7338,185.2042,0.0864,102.8923,0.0000,0.0000,0.0000,0.0000,0.0000,270.0021,0.0000,0.0000,0.0000,0.0000,0.0000,0.0000,0.0000,0.0000,0.0000,1,0,0,0,0,0.0000
130.7900,185.2042,0.0864,102.8923,0.0000,0.0000,0.0000,0.0000,0.0000,270.0021,0.0000,0.0000,0.0000,0.0000,0.0000,0.0000,0.0000,0.0000,0.0000,1,0,0,0,0,0.0000
130.8477,185.2042,0.0864,102.8923,0.0000,0.0000,0.0000,0.0000,0.0000,270.0021,0.0000,0.0000,0.0000,0.0000,0.0000,0.0000,0.0000,0.0000,0.0000,1,0,0,0,0,0.0000
130.9011,185.2042,0.0864,102.8923,0.0000,0.0000,0.0000,0.0000,0.0000,270.0021,0.0000,0.0000,0.0000,0.0000,0.0000,0.0000,0.0000,0.0000,0.0000,1,0,0,0,0,0.0000
130.9552,185.2042,0.0864,102.8923,0.0000,0.0000,0.0000,0.0000,0.0000,270.0021,0.0000,0.0000,0.0000,0.0000,0.0000,0.0000,0.0000,0.0000,0.0000,1,0,0,0,0,0.0000
131.0125,185.2042,0.0864,102.8923,0.0000,0.0000,0.0000,0.0000,0.0000,270.0021,0.0000,0.0000,0.0000,0.0000,0.0000,0.0000,0.0000,0.0000,0.0000,1,0,0,0,0,0.0000
131.0977,185.2042,0.0864,102.8923,0.0000,0.0000,0.0000,0.0000,0.0000,270.0021,0.0000,0.0000,0.0000,0.0000,0.0000,0.0000,0.0000,0.0000,0.0000,1,0,0,0,0,0.0000
131.1524,185.2042,0.0864,102.8923,0.0000,0.0000,0.0000,0.0000,0.0000,270.0021,0.0000,0.0000,0.0000,0.0000,0.0000,0.0000,0.0000,0.0000,0.0000,1,0,0,0,0,0.0000
131.2078,185.2042,0.0864,102.8923,0.0000,0.0000,0.0000,0.0000,0.0000,270.0021,0.0000,0.0000,0.0000,0.0000,0.0000,0.0000,0.0000,0.0000,0.0000,1,0,0,0,0,0.0000
131.2751,185.2042,0.0864,102.8923,0.0000,0.0000,0.0000,0.0000,0.0000,270.0021,0.0000,0.0000,0.0000,0.0000,0.0000,0.0000,0.0000,0.0000,0.0000,1,0,0,0,0,0.0000
131.3328,185.2042,0.0864,102.8923,0.0000,0.0000,0.0000,0.0000,0.0000,270.0021,0.0000,0.0000,0.0000,0.0000,0.0000,0.0000,0.0000,0.0000,0.0000,1,0,0,0,0,0.0000
131.3879,185.2042,0.0864,102.8923,0.0000,0.0000,0.0000,0.0000,0.0000,270.0021,0.0000,0.0000,0.0000,0.0000,0.0000,0.0000,0.0000,0.0000,0.0000,1,0,0,0,0,0.0000
131.4416,185.2042,0.0864,102.8923,0.0000,0.0000,0.0000,0.0000,0.0000,270.0021,0.0000,0.0000,0.0000,0.0000,0.0000,0.0000,0.0000,0.0000,0.0000,1,0,0,0,0,0.0000
131.4977,185.2042,0.0864,102.8923,0.0000,0.0000,0.0000,0.0000,0.0000,270.0021,0.0000,0.0000,0.0000,0.0000,0.0000,0.0000,0.0000,0.0000,0.0000,1,0,0,0,0,0.0000
131.5524,185.2042,0.0864,102.8923,0.0000,0.0000,0.0000,0.0000,0.0000,270.0021,0.0000,0.0000,0.0000,0.0000,0.0000,0.0000,0.0000,0.0000,0.0000,1,0,0,0,0,0.0000
131.6223,185.2042,0.0864,102.8923,0.0000,0.0000,0.0000,0.0000,0.0000,270.0021,0.0000,0.0000,0.0000,0.0000,0.0000,0.0000,0.0000,0.0000,0.0000,1,0,0,0,0,0.0000
131.6785,185.2042,0.0864,102.8923,0.0000,0.0000,0.0000,0.0000,0.0000,270.0021,0.0000,0.0000,0.0000,0.0000,0.0000,0.0000,0.0000,0.0000,0.0000,1,0,0,0,0,0.0000
131.7339,185.2042,0.0864,102.8923,0.0000,0.0000,0.0000,0.0000,0.0000,270.0021,0.0000,0.0000,0.0000,0.0000,0.0000,0.0000,0.0000,0.0000,0.0000,1,0,0,0,0,0.0000
131.7893,185.2042,0.0864,102.8923,0.0000,0.0000,0.0000,0.0000,0.0000,270.0021,0.0000,0.0000,0.0000,0.0000,0.0000,0.0000,0.0000,0.0000,0.0000,1,0,0,0,0,0.0000
131.8600,185.2042,0.0864,102.8923,0.0000,0.0000,0.0000,0.0000,0.0000,270.0021,0.0000,0.0000,0.0000,0.0000,0.0000,0.0000,0.0000,0.0000,0.0000,1,0,0,0,0,0.0000
131.9166,185.2042,0.0864,102.8923,0.0000,0.0000,0.0000,0.0000,0.0000,270.0021,0.0000,0.0000,0.0000,0.0000,0.0000,0.0000,0.0000,0.0000,0.0000,1,0,0,0,0,0.0000
131.9718,185.2042,0.0864,102.8923,0.0000,0.0000,0.0000,0.0000,0.0000,270.0021,0.0000,0.0000,0.0000,0.0000,0.0000,0.0000,0.0000,0.0000,0.0000,1,0,0,0,0,0.0000
132.0287,185.2042,0.0864,102.8923,0.0000,0.0000,0.0000,0.0000,0.0000,270.0021,0.0000,0.0000,0.0000,0.0000,0.0000,0.0000,0.0000,0.0000,0.0000,1,0,0,0,0,0.0000
132.0824,185.2042,0.0864,102.8923,0.0000,0.0000,0.0000,0.0000,0.0000,270.0021,0.0000,0.0000,0.0000,0.0000,0.0000,0.0000,0.0000,0.0000,0.0000,1,0,0,0,0,0.0000
132.1509,185.2042,0.0864,102.8923,0.0000,0.0000,0.0000,0.0000,0.0000,270.0021,0.0000,0.0000,0.0000,0.0000,0.0000,0.0000,0.0000,0.0000,0.0000,1,0,0,0,0,0.0000
132.2057,185.2042,0.0864,102.8923,0.0000,0.0000,0.0000,0.0000,0.0000,270.0021,0.0000,0.0000,0.0000,0.0000,0.0000,0.0000,0.0000,0.0000,0.0000,1,0,0,0,0,0.0000
132.2632,185.2042,0.0864,102.8923,0.0000,0.0000,0.0000,0.0000,0.0000,270.0021,0.0000,0.0000,0.0000,0.0000,0.0000,0.0000,0.0000,0.0000,0.0000,1,0,0,0,0,0.0000
132.3184,185.2042,0.0864,102.8923,0.0000,0.0000,0.0000,0.0000,0.0000,270.0021,0.0000,0.0000,0.0000,0.0000,0.0000,0.0000,0.0000,0.0000,0.0000,1,0,0,0,0,0.0000
132.3743,185.2042,0.0864,102.8923,0.0000,0.0000,0.0000,0.0000,0.0000,270.0021,0.0000,0.0000,0.0000,0.0000,0.0000,0.0000,0.0000,0.0000,0.0000,1,0,0,0,0,0.0000
132.4297,185.2042,0.0864,102.8923,0.0000,0.0000,0.0000,0.0000,0.0000,270.0021,0.0000,0.0000,0.0000,0.0000,0.0000,0.0000,0.0000,0.0000,0.0000,1,0,0,0,0,0.0000
132.4864,185.2042,0.0864,102.8923,0.0000,0.0000,0.0000,0.0000,0.0000,270.0021,0.0000,0.0000,0.0000,0.0000,0.0000,0.0000,0.0000,0.0000,0.0000,1,0,0,0,0,0.0000
132.5413,185.2042,0.0864,102.8923,0.0000,0.0000,0.0000,0.0000,0.0000,270.0021,0.0000,0.0000,0.0000,0.0000,0.0000,0.0000,0.0000,0.0000,0.0000,1,0,0,0,0,0.0000
132.5975,185.2042,0.0864,102.8923,0.0000,0.0000,0.0000,0.0000,0.0000,270.0021,0.0000,0.0000,0.0000,0.0000,0.0000,0.0000,0.0000,0.0000,0.0000,1,0,0,0,0,0.0000
132.6546,185.2042,0.0864,102.8923,0.0000,0.0000,0.0000,0.0000,0.0000,270.0021,0.0000,0.0000,0.0000,0.0000,0.0000,0.0000,0.0000,0.0000,0.0000,1,0,0,0,0,0.0000
132.7093,185.2042,0.0864,102.8923,0.0000,0.0000,0.0000,0.0000,0.0000,270.0021,0.0000,0.0000,0.0000,0.0000,0.0000,0.0000,0.0000,0.0000,0.0000,1,0,0,0,0,0.0000
132.7763,185.2042,0.0864,102.8923,0.0000,0.0000,0.0000,0.0000,0.0000,270.0021,0.0000,0.0000,0.0000,0.0000,0.0000,0.0000,0.0000,0.0000,0.0000,1,0,0,0,0,0.0000
132.8438,185.2042,0.0864,102.8923,0.0000,0.0000,0.0000,0.0000,0.0000,270.0021,0.0000,0.0000,0.0000,0.0000,0.0000,0.0000,0.0000,0.0000,0.0000,1,0,0,0,0,0.0000
132.9009,185.2042,0.0864,102.8923,0.0000,0.0000,0.0000,0.0000,0.0000,270.0021,0.0000,0.0000,0.0000,0.0000,0.0000,0.0000,0.0000,0.0000,0.0000,1,0,0,0,0,0.0000
132.9569,185.2042,0.0864,102.8923,0.0000,0.0000,0.0000,0.0000,0.0000,270.0021,0.0000,0.0000,0.0000,0.0000,0.0000,0.0000,0.0000,0.0000,0.0000,1,0,0,0,0,0.0000
133.0099,185.2042,0.0864,102.8923,0.0000,0.0000,0.0000,0.0000,0.0000,270.0021,0.0000,0.0000,0.0000,0.0000,0.0000,0.0000,0.0000,0.0000,0.0000,1,0,0,0,0,0.0000
133.0651,185.2042,0.0864,102.8923,0.0000,0.0000,0.0000,0.0000,0.0000,270.0021,0.0000,0.0000,0.0000,0.0000,0.0000,0.0000,0.0000,0.0000,0.0000,1,0,0,0,0,0.0000
133.1341,185.2042,0.0864,102.8923,0.0000,0.0000,0.0000,0.0000,0.0000,270.0021,0.0000,0.0000,0.0000,0.0000,0.0000,0.0000,0.0000,0.0000,0.0000,1,0,0,0,0,0.0000
133.1901,185.2042,0.0864,102.8923,0.0000,0.0000,0.0000,0.0000,0.0000,270.0021,0.0000,0.0000,0.0000,0.0000,0.0000,0.0000,0.0000,0.0000,0.0000,1,0,0,0,0,0.0000
133.2604,185.2042,0.0864,102.8923,0.0000,0.0000,0.0000,0.0000,0.0000,270.0021,0.0000,0.0000,0.0000,0.0000,0.0000,0.0000,0.0000,0.0000,0.0000,1,0,0,0,0,0.0000
133.3143,185.2042,0.0864,102.8923,0.0000,0.0000,0.0000,0.0000,0.0000,270.0021,0.0000,0.0000,0.0000,0.0000,0.0000,0.0000,0.0000,0.0000,0.0000,1,0,0,0,0,0.0000
133.3708,185.2042,0.0864,102.8923,0.0000,0.0000,0.0000,0.0000,0.0000,270.0021,0.0000,0.0000,0.0000,0.0000,0.0000,0.0000,0.0000,0.0000,0.0000,1,0,0,0,0,0.0000
133.4309,185.2042,0.0864,102.8923,0.0000,0.0000,0.0000,0.0000,0.0000,270.0021,0.0000,0.0000,0.0000,0.0000,0.0000,0.0000,0.0000,0.0000,0.0000,1,0,0,0,0,0.0000
133.4862,185.2042,0.0864,102.8923,0.0000,0.0000,0.0000,0.0000,0.0000,270.0021,0.0000,0.0000,0.0000,0.0000,0.0000,0.0000,0.0000,0.0000,0.0000,1,0,0,0,0,0.0000
133.5384,185.2042,0.0864,102.8923,0.0000,0.0000,0.0000,0.0000,0.0000,270.0021,0.0000,0.0000,0.0000,0.0000,0.0000,0.0000,0.0000,0.0000,0.0000,1,0,0,0,0,0.0000
133.5953,185.2042,0.0864,102.8923,0.0000,0.0000,0.0000,0.0000,0.0000,270.0021,0.0000,0.0000,0.0000,0.0000,0.0000,0.0000,0.0000,0.0000,0.0000,1,0,0,0,0,0.0000
133.6502,185.2042,0.0864,102.8923,0.0000,0.0000,0.0000,0.0000,0.0000,270.0021,0.0000,0.0000,0.0000,0.0000,0.0000,0.0000,0.0000,0.0000,0.0000,1,0,0,0,0,0.0000
133.7029,185.2042,0.0864,102.8923,0.0000,0.0000,0.0000,0.0000,0.0000,270.0021,0.0000,0.0000,0.0000,0.0000,0.0000,0.0000,0.0000,0.0000,0.0000,1,0,0,0,0,0.0000
133.7745,185.2042,0.0864,102.8923,0.0000,0.0000,0.0000,0.0000,0.0000,270.0021,0.0000,0.0000,0.0000,0.0000,0.0000,0.0000,0.0000,0.0000,0.0000,1,0,0,0,0,0.0000
133.8284,185.2042,0.0864,102.8923,0.0000,0.0000,0.0000,0.0000,0.0000,270.0021,0.0000,0.0000,0.0000,0.0000,0.0000,0.0000,0.0000,0.0000,0.0000,1,0,0,0,0,0.0000
133.8850,185.2042,0.0864,102.8923,0.0000,0.0000,0.0000,0.0000,0.0000,270.0021,0.0000,0.0000,0.0000,0.0000,0.0000,0.0000,0.0000,0.0000,0.0000,1,0,0,0,0,0.0000
133.9411,185.2042,0.0864,102.8923,0.0000,0.0000,0.0000,0.0000,0.0000,270.0021,0.0000,0.0000,0.0000,0.0000,0.0000,0.0000,0.0000,0.0000,0.0000,1,0,0,0,0,0.0000
133.9955,185.2042,0.0864,102.8923,0.0000,0.0000,0.0000,0.0000,0.0000,270.0021,0.0000,0.0000,0.0000,0.0000,0.0000,0.0000,0.0000,0.0000,0.0000,1,0,0,0,0,0.0000
134.0509,185.2042,0.0864,102.8923,0.0000,0.0000,0.0000,0.0000,0.0000,270.0021,0.0000,0.0000,0.0000,0.0000,0.0000,0.0000,0.0000,0.0000,0.0000,1,0,0,0,0,0.0000
134.1101,185.2042,0.0864,102.8923,0.0000,0.0000,0.0000,0.0000,0.0000,270.0021,0.0000,0.0000,0.0000,0.0000,0.0000,0.0000,0.0000,0.0000,0.0000,1,0,0,0,0,0.0000
134.1799,185.2042,0.0864,102.8923,0.0000,0.0000,0.0000,0.0000,0.0000,270.0021,0.0000,0.0000,0.0000,0.0000,0.0000,0.0000,0.0000,0.0000,0.0000,1,0,0,0,0,0.0000
134.2329,185.2042,0.0864,102.8923,0.0000,0.0000,0.0000,0.0000,0.0000,270.0021,0.0000,0.0000,0.0000,0.0000,0.0000,0.0000,0.0000,0.0000,0.0000,1,0,0,0,0,0.0000
134.3077,185.2042,0.0864,102.8923,0.0000,0.0000,0.0000,0.0000,0.0000,270.0021,0.0000,0.0000,0.0000,0.0000,0.0000,0.0000,0.0000,0.0000,0.0000,1,0,0,0,0,0.0000
134.3842,185.2042,0.0864,102.8923,0.0000,0.0000,0.0000,0.0000,0.0000,270.0021,0.0000,0.0000,0.0000,0.0000,0.0000,0.0000,0.0000,0.0000,0.0000,1,0,0,0,0,0.0000
134.4404,185.2042,0.0864,102.8923,0.0000,0.0000,0.0000,0.0000,0.0000,270.0021,0.0000,0.0000,0.0000,0.0000,0.0000,0.0000,0.0000,0.0000,0.0000,1,0,0,0,0,0.0000
134.4967,185.2042,0.0864,102.8923,0.0000,0.0000,0.0000,0.0000,0.0000,270.0021,0.0000,0.0000,0.0000,0.0000,0.0000,0.0000,0.0000,0.0000,0.0000,1,0,0,0,0,0.0000
134.5541,185.2042,0.0864,102.8923,0.0000,0.0000,0.0000,0.0000,0.0000,270.0021,0.0000,0.0000,0.0000,0.0000,0.0000,0.0000,0.0000,0.0000,0.0000,1,0,0,0,0,0.0000
134.6076,185.2042,0.0864,102.8923,0.0000,0.0000,0.0000,0.0000,0.0000,270.0021,0.0000,0.0000,0.0000,0.0000,0.0000,0.0000,0.0000,0.0000,0.0000,1,0,0,0,0,0.0000
134.6635,185.2042,0.0864,102.8923,0.0000,0.0000,0.0000,0.0000,0.0000,270.0021,0.0000,0.0000,0.0000,0.0000,0.0000,0.0000,0.0000,0.0000,0.0000,1,0,0,0,0,0.0000
134.7216,185.2042,0.0864,102.8923,0.0000,0.0000,0.0000,0.0000,0.0000,270.0021,0.0000,0.0000,0.0000,0.0000,0.0000,0.0000,0.0000,0.0000,0.0000,1,0,0,0,0,0.0000
134.7763,185.2042,0.0864,102.8923,0.0000,0.0000,0.0000,0.0000,0.0000,270.0021,0.0000,0.0000,0.0000,0.0000,0.0000,0.0000,0.0000,0.0000,0.0000,1,0,0,0,0,0.0000
134.8297,185.2042,0.0864,102.8923,0.0000,0.0000,0.0000,0.0000,0.0000,270.0021,0.0000,0.0000,0.0000,0.0000,0.0000,0.0000,0.0000,0.0000,0.0000,1,0,0,0,0,0.0000
134.9011,185.2042,0.0864,102.8923,0.0000,0.0000,0.0000,0.0000,0.0000,270.0021,0.0000,0.0000,0.0000,0.0000,0.0000,0.0000,0.0000,0.0000,0.0000,1,0,0,0,0,0.0000
134.9570,185.2042,0.0864,102.8923,0.0000,0.0000,0.0000,0.0000,0.0000,270.0021,0.0000,0.0000,0.0000,0.0000,0.0000,0.0000,0.0000,0.0000,0.0000,1,0,0,0,0,0.0000
135.0133,185.2042,0.0864,102.8923,0.0000,0.0000,0.0000,0.0000,0.0000,270.0021,0.0000,0.0000,0.0000,0.0000,0.0000,0.0000,0.0000,0.0000,0.0000,1,0,0,0,0,0.0000
135.0658,185.2042,0.0864,102.8923,0.0000,0.0000,0.0000,0.0000,0.0000,270.0021,0.0000,0.0000,0.0000,0.0000,0.0000,0.0000,0.0000,0.0000,0.0000,1,0,0,0,0,0.0000
135.1214,185.2042,0.0864,102.8923,0.0000,0.0000,0.0000,0.0000,0.0000,270.0021,0.0000,0.0000,0.0000,0.0000,0.0000,0.0000,0.0000,0.0000,0.0000,1,0,0,0,0,0.0000
135.1972,185.2042,0.0864,102.8923,0.0000,0.0000,0.0000,0.0000,0.0000,270.0021,0.0000,0.0000,0.0000,0.0000,0.0000,0.0000,0.0000,0.0000,0.0000,1,0,0,0,0,0.0000
135.2752,185.2042,0.0864,102.8923,0.0000,0.0000,0.0000,0.0000,0.0000,270.0021,0.0000,0.0000,0.0000,0.0000,0.0000,0.0000,0.0000,0.0000,0.0000,1,0,0,0,0,0.0000
135.3316,185.2042,0.0864,102.8923,0.0000,0.0000,0.0000,0.0000,0.0000,270.0021,0.0000,0.0000,0.0000,0.0000,0.0000,0.0000,0.0000,0.0000,0.0000,1,0,0,0,0,0.0000
135.3884,185.2042,0.0864,102.8923,0.0000,0.0000,0.0000,0.0000,0.0000,270.0021,0.0000,0.0000,0.0000,0.0000,0.0000,0.0000,0.0000,0.0000,0.0000,1,0,0,0,0,0.0000
135.4734,185.2042,0.0864,102.8923,0.0000,0.0000,0.0000,0.0000,0.0000,270.0021,0.0000,0.0000,0.0000,0.0000,0.0000,0.0000,0.0000,0.0000,0.0000,1,0,0,0,0,0.0000
135.5397,185.2042,0.0864,102.8923,0.0000,0.0000,0.0000,0.0000,0.0000,270.0021,0.0000,0.0000,0.0000,0.0000,0.0000,0.0000,0.0000,0.0000,0.0000,1,0,0,0,0,0.0000
135.5943,185.2042,0.0864,102.8923,0.0000,0.0000,0.0000,0.0000,0.0000,270.0021,0.0000,0.0000,0.0000,0.0000,0.0000,0.0000,0.0000,0.0000,0.0000,1,0,0,0,0,0.0000
135.6487,185.2042,0.0864,102.8923,0.0000,0.0000,0.0000,0.0000,0.0000,270.0021,0.0000,0.0000,0.0000,0.0000,0.0000,0.0000,0.0000,0.0000,0.0000,1,0,0,0,0,0.0000
135.7046,185.2042,0.0864,102.8923,0.0000,0.0000,0.0000,0.0000,0.0000,270.0021,0.0000,0.0000,0.0000,0.0000,0.0000,0.0000,0.0000,0.0000,0.0000,1,0,0,0,0,0.0000
135.7625,185.2042,0.0864,102.8923,0.0000,0.0000,0.0000,0.0000,0.0000,270.0021,0.0000,0.0000,0.0000,0.0000,0.0000,0.0000,0.0000,0.0000,0.0000,1,0,0,0,0,0.0000
135.8293,185.2042,0.0864,102.8923,0.0000,0.0000,0.0000,0.0000,0.0000,270.0021,0.0000,0.0000,0.0000,0.0000,0.0000,0.0000,0.0000,0.0000,0.0000,1,0,0,0,0,0.0000
135.8839,185.2042,0.0864,102.8923,0.0000,0.0000,0.0000,0.0000,0.0000,270.0021,0.0000,0.0000,0.0000,0.0000,0.0000,0.0000,0.0000,0.0000,0.0000,1,0,0,0,0,0.0000
135.9397,185.2042,0.0864,102.8923,0.0000,0.0000,0.0000,0.0000,0.0000,270.0021,0.0000,0.0000,0.0000,0.0000,0.0000,0.0000,0.0000,0.0000,0.0000,1,0,0,0,0,0.0000
136.0106,185.2042,0.0864,102.8923,0.0000,0.0000,0.0000,0.0000,0.0000,270.0021,0.0000,0.0000,0.0000,0.0000,0.0000,0.0000,0.0000,0.0000,0.0000,1,0,0,0,0,0.0000
136.0643,185.2042,0.0864,102.8923,0.0000,0.0000,0.0000,0.0000,0.0000,270.0021,0.0000,0.0000,0.0000,0.0000,0.0000,0.0000,0.0000,0.0000,0.0000,1,0,0,0,0,0.0000
136.1260,185.2042,0.0864,102.8923,0.0000,0.0000,0.0000,0.0000,0.0000,270.0021,0.0000,0.0000,0.0000,0.0000,0.0000,0.0000,0.0000,0.0000,0.0000,1,0,0,0,0,0.0000
136.1787,185.2042,0.0864,102.8923,0.0000,0.0000,0.0000,0.0000,0.0000,270.0021,0.0000,0.0000,0.0000,0.0000,0.0000,0.0000,0.0000,0.0000,0.0000,1,0,0,0,0,0.0000
136.2332,185.2042,0.0864,102.8923,0.0000,0.0000,0.0000,0.0000,0.0000,270.0021,0.0000,0.0000,0.0000,0.0000,0.0000,0.0000,0.0000,0.0000,0.0000,1,0,0,0,0,0.0000
136.3027,185.2042,0.0864,102.8923,0.0000,0.0000,0.0000,0.0000,0.0000,270.0021,0.0000,0.0000,0.0000,0.0000,0.0000,0.0000,0.0000,0.0000,0.0000,1,0,0,0,0,0.0000
136.3586,185.2042,0.0864,102.8923,0.0000,0.0000,0.0000,0.0000,0.0000,270.0021,0.0000,0.0000,0.0000,0.0000,0.0000,0.0000,0.0000,0.0000,0.0000,1,0,0,0,0,0.0000
136.4181,185.2042,0.0864,102.8923,0.0000,0.0000,0.0000,0.0000,0.0000,270.0021,0.0000,0.0000,0.0000,0.0000,0.0000,0.0000,0.0000,0.0000,0.0000,1,0,0,0,0,0.0000
136.4831,185.2042,0.0864,102.8923,0.0000,0.0000,0.0000,0.0000,0.0000,270.0021,0.0000,0.0000,0.0000,0.0000,0.0000,0.0000,0.0000,0.0000,0.0000,1,0,0,0,0,0.0000
136.5388,185.2042,0.0864,102.8923,0.0000,0.0000,0.0000,0.0000,0.0000,270.0021,0.0000,0.0000,0.0000,0.0000,0.0000,0.0000,0.0000,0.0000,0.0000,1,0,0,0,0,0.0000
136.5948,185.2042,0.0864,102.8923,0.0000,0.0000,0.0000,0.0000,0.0000,270.0021,0.0000,0.0000,0.0000,0.0000,0.0000,0.0000,0.0000,0.0000,0.0000,1,0,0,0,0,0.0000
136.6495,185.2042,0.0864,102.8923,0.0000,0.0000,0.0000,0.0000,0.0000,270.0021,0.0000,0.0000,0.0000,0.0000,0.0000,0.0000,0.0000,0.0000,0.0000,1,0,0,0,0,0.0000
136.7131,185.2042,0.0864,102.8923,0.0000,0.0000,0.0000,0.0000,0.0000,270.0021,0.0000,0.0000,0.0000,0.0000,0.0000,0.0000,0.0000,0.0000,0.0000,1,0,0,0,0,0.0000
136.7783,185.2042,0.0864,102.8923,0.0000,0.0000,0.0000,0.0000,0.0000,270.0021,0.0000,0.0000,0.0000,0.0000,0.0000,0.0000,0.0000,0.0000,0.0000,1,0,0,0,0,0.0000
136.8505,185.2042,0.0864,102.8923,0.0000,0.0000,0.0000,0.0000,0.0000,270.0021,0.0000,0.0000,0.0000,0.0000,0.0000,0.0000,0.0000,0.0000,0.0000,1,0,0,0,0,0.0000
136.9188,185.2042,0.0864,102.8923,0.0000,0.0000,0.0000,0.0000,0.0000,270.0021,0.0000,0.0000,0.0000,0.0000,0.0000,0.0000,0.0000,0.0000,0.0000,1,0,0,0,0,0.0000
136.9756,185.2042,0.0864,102.8923,0.0000,0.0000,0.0000,0.0000,0.0000,270.0021,0.0000,0.0000,0.0000,0.0000,0.0000,0.0000,0.0000,0.0000,0.0000,1,0,0,0,0,0.0000
137.0269,185.2042,0.0864,102.8923,0.0000,0.0000,0.0000,0.0000,0.0000,270.0021,0.0000,0.0000,0.0000,0.0000,0.0000,0.0000,0.0000,0.0000,0.0000,1,0,0,0,0,0.0000
137.0973,185.2042,0.0864,102.8923,0.0000,0.0000,0.0000,0.0000,0.0000,270.0021,0.0000,0.0000,0.0000,0.0000,0.0000,0.0000,0.0000,0.0000,0.0000,1,0,0,0,0,0.0000
137.1563,185.2042,0.0864,102.8923,0.0000,0.0000,0.0000,0.0000,0.0000,270.0021,0.0000,0.0000,0.0000,0.0000,0.0000,0.0000,0.0000,0.0000,0.0000,1,0,0,0,0,0.0000
137.2125,185.2042,0.0864,102.8923,0.0000,0.0000,0.0000,0.0000,0.0000,270.0021,0.0000,0.0000,0.0000,0.0000,0.0000,0.0000,0.0000,0.0000,0.0000,1,0,0,0,0,0.0000
137.2929,185.2042,0.0864,102.8923,0.0000,0.0000,0.0000,0.0000,0.0000,270.0021,0.0000,0.0000,0.0000,0.0000,0.0000,0.0000,0.0000,0.0000,0.0000,1,0,0,0,0,0.0000
137.3764,185.2042,0.0864,102.8923,0.0000,0.0000,0.0000,0.0000,0.0000,270.0021,0.0000,0.0000,0.0000,0.0000,0.0000,0.0000,0.0000,0.0000,0.0000,1,0,0,0,0,0.0000
137.4782,185.2042,0.0864,102.8923,0.0000,0.0000,0.0000,0.0000,0.0000,270.0021,0.0000,0.0000,0.0000,0.0000,0.0000,0.0000,0.0000,0.0000,0.0000,1,0,0,0,0,0.0000
137.5289,185.2042,0.0864,102.8923,0.0000,0.0000,0.0000,0.0000,0.0000,270.0021,0.0000,0.0000,0.0000,0.0000,0.0000,0.0000,0.0000,0.0000,0.0000,1,0,0,0,0,0.0000
137.6121,185.2042,0.0864,102.8923,0.0000,0.0000,0.0000,0.0000,0.0000,270.0021,0.0000,0.0000,0.0000,0.0000,0.0000,0.0000,0.0000,0.0000,0.0000,1,0,0,0,0,0.0000
137.6767,185.2042,0.0864,102.8923,0.0000,0.0000,0.0000,0.0000,0.0000,270.0021,0.0000,0.0000,0.0000,0.0000,0.0000,0.0000,0.0000,0.0000,0.0000,1,0,0,0,0,0.0000
137.7315,185.2042,0.0864,102.8923,0.0000,0.0000,0.0000,0.0000,0.0000,270.0021,0.0000,0.0000,0.0000,0.0000,0.0000,0.0000,0.0000,0.0000,0.0000,1,0,0,0,0,0.0000
137.7865,185.2042,0.0864,102.8923,0.0000,0.0000,0.0000,0.0000,0.0000,270.0021,0.0000,0.0000,0.0000,0.0000,0.0000,0.0000,0.0000,0.0000,0.0000,1,0,0,0,0,0.0000
137.8436,185.2042,0.0864,102.8923,0.0000,0.0000,0.0000,0.0000,0.0000,270.0021,0.0000,0.0000,0.0000,0.0000,0.0000,0.0000,0.0000,0.0000,0.0000,1,0,0,0,0,0.0000
137.8983,185.2042,0.0864,102.8923,0.0000,0.0000,0.0000,0.0000,0.0000,270.0021,0.0000,0.0000,0.0000,0.0000,0.0000,0.0000,0.0000,0.0000,0.0000,1,0,0,0,0,0.0000
137.9531,185.2042,0.0864,102.8923,0.0000,0.0000,0.0000,0.0000,0.0000,270.0021,0.0000,0.0000,0.0000,0.0000,0.0000,0.0000,0.0000,0.0000,0.0000,1,0,0,0,0,0.0000
138.0097,185.2042,0.0864,102.8923,0.0000,0.0000,0.0000,0.0000,0.0000,270.0021,0.0000,0.0000,0.0000,0.0000,0.0000,0.0000,0.0000,0.0000,0.0000,1,0,0,0,0,0.0000
138.0782,185.2042,0.0864,102.8923,0.0000,0.0000,0.0000,0.0000,0.0000,270.0021,0.0000,0.0000,0.0000,0.0000,0.0000,0.0000,0.0000,0.0000,0.0000,1,0,0,0,0,0.0000
138.1566,185.2042,0.0864,102.8923,0.0000,0.0000,0.0000,0.0000,0.0000,270.0021,0.0000,0.0000,0.0000,0.0000,0.0000,0.0000,0.0000,0.0000,0.0000,1,0,0,0,0,0.0000
138.2543,185.2042,0.0864,102.8923,0.0000,0.0000,0.0000,0.0000,0.0000,270.0021,0.0000,0.0000,0.0000,0.0000,0.0000,0.0000,0.0000,0.0000,0.0000,1,0,0,0,0,0.0000
138.3131,185.2042,0.0864,102.8923,0.0000,0.0000,0.0000,0.0000,0.0000,270.0021,0.0000,0.0000,0.0000,0.0000,0.0000,0.0000,0.0000,0.0000,0.0000,1,0,0,0,0,0.0000
138.3652,185.2042,0.0864,102.8923,0.0000,0.0000,0.0000,0.0000,0.0000,270.0021,0.0000,0.0000,0.0000,0.0000,0.0000,0.0000,0.0000,0.0000,0.0000,1,0,0,0,0,0.0000
138.4185,185.2042,0.0864,102.8923,0.0000,0.0000,0.0000,0.0000,0.0000,270.0021,0.0000,0.0000,0.0000,0.0000,0.0000,0.0000,0.0000,0.0000,0.0000,1,0,0,0,0,0.0000
138.4751,185.2042,0.0864,102.8923,0.0000,0.0000,0.0000,0.0000,0.0000,270.0021,0.0000,0.0000,0.0000,0.0000,0.0000,0.0000,0.0000,0.0000,0.0000,1,0,0,0,0,0.0000
138.5304,185.2042,0.0864,102.8923,0.0000,0.0000,0.0000,0.0000,0.0000,270.0021,0.0000,0.0000,0.0000,0.0000,0.0000,0.0000,0.0000,0.0000,0.0000,1,0,0,0,0,0.0000
138.5838,185.2042,0.0864,102.8923,0.0000,0.0000,0.0000,0.0000,0.0000,270.0021,0.0000,0.0000,0.0000,0.0000,0.0000,0.0000,0.0000,0.0000,0.0000,1,0,0,0,0,0.0000
138.6424,185.2042,0.0864,102.8923,0.0000,0.0000,0.0000,0.0000,0.0000,270.0021,0.0000,0.0000,0.0000,0.0000,0.0000,0.0000,0.0000,0.0000,0.0000,1,0,0,0,0,0.0000
138.6997,185.2042,0.0864,102.8923,0.0000,0.0000,0.0000,0.0000,0.0000,270.0021,0.0000,0.0000,0.0000,0.0000,0.0000,0.0000,0.0000,0.0000,0.0000,1,0,0,0,0,0.0000
138.7651,185.2042,0.0864,102.8923,0.0000,0.0000,0.0000,0.0000,0.0000,270.0021,0.0000,0.0000,0.0000,0.0000,0.0000,0.0000,0.0000,0.0000,0.0000,1,0,0,0,0,0.0000
138.8268,185.2042,0.0864,102.8923,0.0000,0.0000,0.0000,0.0000,0.0000,270.0021,0.0000,0.0000,0.0000,0.0000,0.0000,0.0000,0.0000,0.0000,0.0000,1,0,0,0,0,0.0000
138.8776,185.2042,0.0864,102.8923,0.0000,0.0000,0.0000,0.0000,0.0000,270.0021,0.0000,0.0000,0.0000,0.0000,0.0000,0.0000,0.0000,0.0000,0.0000,1,0,0,0,0,0.0000
138.9752,185.2042,0.0864,102.8923,0.0000,0.0000,0.0000,0.0000,0.0000,270.0021,0.0000,0.0000,0.0000,0.0000,0.0000,0.0000,0.0000,0.0000,0.0000,1,0,0,0,0,0.0000
139.0570,185.2042,0.0864,102.8923,0.0000,0.0000,0.0000,0.0000,0.0000,270.0021,0.0000,0.0000,0.0000,0.0000,0.0000,0.0000,0.0000,0.0000,0.0000,1,0,0,0,0,0.0000
139.1407,185.2042,0.0864,102.8923,0.0000,0.0000,0.0000,0.0000,0.0000,270.0021,0.0000,0.0000,0.0000,0.0000,0.0000,0.0000,0.0000,0.0000,0.0000,1,0,0,0,0,0.0000
139.2371,185.2042,0.0864,102.8923,0.0000,0.0000,0.0000,0.0000,0.0000,270.0021,0.0000,0.0000,0.0000,0.0000,0.0000,0.0000,0.0000,0.0000,0.0000,1,0,0,0,0,0.0000
139.3499,185.2042,0.0864,102.8923,0.0000,0.0000,0.0000,0.0000,0.0000,270.0021,0.0000,0.0000,0.0000,0.0000,0.0000,0.0000,0.0000,0.0000,0.0000,1,0,0,0,0,0.0000
139.4048,185.2042,0.0864,102.8923,0.0000,0.0000,0.0000,0.0000,0.0000,270.0021,0.0000,0.0000,0.0000,0.0000,0.0000,0.0000,0.0000,0.0000,0.0000,1,0,0,0,0,0.0000
139.4933,185.2042,0.0864,102.8923,0.0000,0.0000,0.0000,0.0000,0.0000,270.0021,0.0000,0.0000,0.0000,0.0000,0.0000,0.0000,0.0000,0.0000,0.0000,1,0,0,0,0,0.0000
139.5841,185.2042,0.0864,102.8923,0.0000,0.0000,0.0000,0.0000,0.0000,270.0021,0.0000,0.0000,0.0000,0.0000,0.0000,0.0000,0.0000,0.0000,0.0000,1,0,0,0,0,0.0000
139.6732,185.2042,0.0864,102.8923,0.0000,0.0000,0.0000,0.0000,0.0000,270.0021,0.0000,0.0000,0.0000,0.0000,0.0000,0.0000,0.0000,0.0000,0.0000,1,0,0,0,0,0.0000
139.7329,185.2042,0.0864,102.8923,0.0000,0.0000,0.0000,0.0000,0.0000,270.0021,0.0000,0.0000,0.0000,0.0000,0.0000,0.0000,0.0000,0.0000,0.0000,1,0,0,0,0,0.0000
139.7830,185.2042,0.0864,102.8923,0.0000,0.0000,0.0000,0.0000,0.0000,270.0021,0.0000,0.0000,0.0000,0.0000,0.0000,0.0000,0.0000,0.0000,0.0000,1,0,0,0,0,0.0000
139.8358,185.2042,0.0864,102.8923,0.0000,0.0000,0.0000,0.0000,0.0000,270.0021,0.0000,0.0000,0.0000,0.0000,0.0000,0.0000,0.0000,0.0000,0.0000,1,0,0,0,0,0.0000
139.8923,185.2042,0.0864,102.8923,0.0000,0.0000,0.0000,0.0000,0.0000,270.0021,0.0000,0.0000,0.0000,0.0000,0.0000,0.0000,0.0000,0.0000,0.0000,1,0,0,0,0,0.0000
139.9628,185.2042,0.0864,102.8923,0.0000,0.0000,0.0000,0.0000,0.0000,270.0021,0.0000,0.0000,0.0000,0.0000,0.0000,0.0000,0.0000,0.0000,0.0000,1,0,0,0,0,0.0000
140.0164,185.2042,0.0864,102.8923,0.0000,0.0000,0.0000,0.0000,0.0000,270.0021,0.0000,0.0000,0.0000,0.0000,0.0000,0.0000,0.0000,0.0000,0.0000,1,0,0,0,0,0.0000
140.0745,185.2042,0.0864,102.8923,0.0000,0.0000,0.0000,0.0000,0.0000,270.0021,0.0000,0.0000,0.0000,0.0000,0.0000,0.0000,0.0000,0.0000,0.0000,1,0,0,0,0,0.0000
140.1271,185.2042,0.0864,102.8923,0.0000,0.0000,0.0000,0.0000,0.0000,270.0021,0.0000,0.0000,0.0000,0.0000,0.0000,0.0000,0.0000,0.0000,0.0000,1,0,0,0,0,0.0000
140.2134,185.2042,0.0864,102.8923,0.0000,0.0000,0.0000,0.0000,0.0000,270.0021,0.0000,0.0000,0.0000,0.0000,0.0000,0.0000,0.0000,0.0000,0.0000,1,0,0,0,0,0.0000
140.3069,185.2042,0.0864,102.8923,0.0000,0.0000,0.0000,0.0000,0.0000,270.0021,0.0000,0.0000,0.0000,0.0000,0.0000,0.0000,0.0000,0.0000,0.0000,1,0,0,0,0,0.0000
140.3874,185.2042,0.0864,102.8923,0.0000,0.0000,0.0000,0.0000,0.0000,270.0021,0.0000,0.0000,0.0000,0.0000,0.0000,0.0000,0.0000,0.0000,0.0000,1,0,0,0,0,0.0000
140.4454,185.2042,0.0864,102.8923,0.0000,0.0000,0.0000,0.0000,0.0000,270.0021,0.0000,0.0000,0.0000,0.0000,0.0000,0.0000,0.0000,0.0000,0.0000,1,0,0,0,0,0.0000
140.4975,185.2042,0.0864,102.8923,0.0000,0.0000,0.0000,0.0000,0.0000,270.0021,0.0000,0.0000,0.0000,0.0000,0.0000,0.0000,0.0000,0.0000,0.0000,1,0,0,0,0,0.0000
140.5685,185.2042,0.0864,102.8923,0.0000,0.0000,0.0000,0.0000,0.0000,270.0021,0.0000,0.0000,0.0000,0.0000,0.0000,0.0000,0.0000,0.0000,0.0000,1,0,0,0,0,0.0000
140.6229,185.2042,0.0864,102.8923,0.0000,0.0000,0.0000,0.0000,0.0000,270.0021,0.0000,0.0000,0.0000,0.0000,0.0000,0.0000,0.0000,0.0000,0.0000,1,0,0,0,0,0.0000
140.6782,185.2042,0.0864,102.8923,0.0000,0.0000,0.0000,0.0000,0.0000,270.0021,0.0000,0.0000,0.0000,0.0000,0.0000,0.0000,0.0000,0.0000,0.0000,1,0,0,0,0,0.0000
140.7339,185.2042,0.0864,102.8923,0.0000,0.0000,0.0000,0.0000,0.0000,270.0021,0.0000,0.0000,0.0000,0.0000,0.0000,0.0000,0.0000,0.0000,0.0000,1,0,0,0,0,0.0000
140.7896,185.2042,0.0864,102.8923,0.0000,0.0000,0.0000,0.0000,0.0000,270.0021,0.0000,0.0000,0.0000,0.0000,0.0000,0.0000,0.0000,0.0000,0.0000,1,0,0,0,0,0.0000
140.8457,185.2042,0.0864,102.8923,0.0000,0.0000,0.0000,0.0000,0.0000,270.0021,0.0000,0.0000,0.0000,0.0000,0.0000,0.0000,0.0000,0.0000,0.0000,1,0,0,0,0,0.0000
140.9049,185.2042,0.0864,102.8923,0.0000,0.0000,0.0000,0.0000,0.0000,270.0021,0.0000,0.0000,0.0000,0.0000,0.0000,0.0000,0.0000,0.0000,0.0000,1,0,0,0,0,0.0000
140.9564,185.2042,0.0864,102.8923,0.0000,0.0000,0.0000,0.0000,0.0000,270.0021,0.0000,0.0000,0.0000,0.0000,0.0000,0.0000,0.0000,0.0000,0.0000,1,0,0,0,0,0.0000
141.0275,185.2042,0.0864,102.8923,0.0000,0.0000,0.0000,0.0000,0.0000,270.0021,0.0000,0.0000,0.0000,0.0000,0.0000,0.0000,0.0000,0.0000,0.0000,1,0,0,0,0,0.0000
141.0825,185.2042,0.0864,102.8923,0.0000,0.0000,0.0000,0.0000,0.0000,270.0021,0.0000,0.0000,0.0000,0.0000,0.0000,0.0000,0.0000,0.0000,0.0000,1,0,0,0,0,0.0000
141.1370,185.2042,0.0864,102.8923,0.0000,0.0000,0.0000,0.0000,0.0000,270.0021,0.0000,0.0000,0.0000,0.0000,0.0000,0.0000,0.0000,0.0000,0.0000,1,0,0,0,0,0.0000
141.1927,185.2042,0.0864,102.8923,0.0000,0.0000,0.0000,0.0000,0.0000,270.0021,0.0000,0.0000,0.0000,0.0000,0.0000,0.0000,0.0000,0.0000,0.0000,1,0,0,0,0,0.0000
141.2475,185.2042,0.0864,102.8923,0.0000,0.0000,0.0000,0.0000,0.0000,270.0021,0.0000,0.0000,0.0000,0.0000,0.0000,0.0000,0.0000,0.0000,0.0000,1,0,0,0,0,0.0000
141.3028,185.2042,0.0864,102.8923,0.0000,0.0000,0.0000,0.0000,0.0000,270.0021,0.0000,0.0000,0.0000,0.0000,0.0000,0.0000,0.0000,0.0000,0.0000,1,0,0,0,0,0.0000
141.3613,185.2042,0.0864,102.8923,0.0000,0.0000,0.0000,0.0000,0.0000,270.0021,0.0000,0.0000,0.0000,0.0000,0.0000,0.0000,0.0000,0.0000,0.0000,1,0,0,0,0,0.0000
141.4180,185.2042,0.0864,102.8923,0.0000,0.0000,0.0000,0.0000,0.0000,270.0021,0.0000,0.0000,0.0000,0.0000,0.0000,0.0000,0.0000,0.0000,0.0000,1,0,0,0,0,0.0000
141.4834,185.2042,0.0864,102.8923,0.0000,0.0000,0.0000,0.0000,0.0000,270.0021,0.0000,0.0000,0.0000,0.0000,0.0000,0.0000,0.0000,0.0000,0.0000,1,0,0,0,0,0.0000
141.5388,185.2042,0.0864,102.8923,0.0000,0.0000,0.0000,0.0000,0.0000,270.0021,0.0000,0.0000,0.0000,0.0000,0.0000,0.0000,0.0000,0.0000,0.0000,1,0,0,0,0,0.0000
141.6109,185.2042,0.0864,102.8923,0.0000,0.0000,0.0000,0.0000,0.0000,270.0021,0.0000,0.0000,0.0000,0.0000,0.0000,0.0000,0.0000,0.0000,0.0000,1,0,0,0,0,0.0000
141.6656,185.2042,0.0864,102.8923,0.0000,0.0000,0.0000,0.0000,0.0000,270.0021,0.0000,0.0000,0.0000,0.0000,0.0000,0.0000,0.0000,0.0000,0.0000,1,0,0,0,0,0.0000
141.7201,185.2042,0.0864,102.8923,0.0000,0.0000,0.0000,0.0000,0.0000,270.0021,0.0000,0.0000,0.0000,0.0000,0.0000,0.0000,0.0000,0.0000,0.0000,1,0,0,0,0,0.0000
141.7764,185.2042,0.0864,102.8923,0.0000,0.0000,0.0000,0.0000,0.0000,270.0021,0.0000,0.0000,0.0000,0.0000,0.0000,0.0000,0.0000,0.0000,0.0000,1,0,0,0,0,0.0000
141.8319,185.2042,0.0864,102.8923,0.0000,0.0000,0.0000,0.0000,0.0000,270.0021,0.0000,0.0000,0.0000,0.0000,0.0000,0.0000,0.0000,0.0000,0.0000,1,0,0,0,0,0.0000
141.8871,185.2042,0.0864,102.8923,0.0000,0.0000,0.0000,0.0000,0.0000,270.0021,0.0000,0.0000,0.0000,0.0000,0.0000,0.0000,0.0000,0.0000,0.0000,1,0,0,0,0,0.0000
141.9436,185.2042,0.0864,102.8923,0.0000,0.0000,0.0000,0.0000,0.0000,270.0021,0.0000,0.0000,0.0000,0.0000,0.0000,0.0000,0.0000,0.0000,0.0000,1,0,0,0,0,0.0000
142.0049,185.2042,0.0864,102.8923,0.0000,0.0000,0.0000,0.0000,0.0000,270.0021,0.0000,0.0000,0.0000,0.0000,0.0000,0.0000,0.0000,0.0000,0.0000,1,0,0,0,0,0.0000
142.0680,185.2042,0.0864,102.8923,0.0000,0.0000,0.0000,0.0000,0.0000,270.0021,0.0000,0.0000,0.0000,0.0000,0.0000,0.0000,0.0000,0.0000,0.0000,1,0,0,0,0,0.0000
142.1212,185.2042,0.0864,102.8923,0.0000,0.0000,0.0000,0.0000,0.0000,270.0021,0.0000,0.0000,0.0000,0.0000,0.0000,0.0000,0.0000,0.0000,0.0000,1,0,0,0,0,0.0000
142.2073,185.2042,0.0864,102.8923,0.0000,0.0000,0.0000,0.0000,0.0000,270.0021,0.0000,0.0000,0.0000,0.0000,0.0000,0.0000,0.0000,0.0000,0.0000,1,0,0,0,0,0.0000
142.2639,185.2042,0.0864,102.8923,0.0000,0.0000,0.0000,0.0000,0.0000,270.0021,0.0000,0.0000,0.0000,0.0000,0.0000,0.0000,0.0000,0.0000,0.0000,1,0,0,0,0,0.0000
142.3170,185.2042,0.0864,102.8923,0.0000,0.0000,0.0000,0.0000,0.0000,270.0021,0.0000,0.0000,0.0000,0.0000,0.0000,0.0000,0.0000,0.0000,0.0000,1,0,0,0,0,0.0000
142.3732,185.2042,0.0864,102.8923,0.0000,0.0000,0.0000,0.0000,0.0000,270.0021,0.0000,0.0000,0.0000,0.0000,0.0000,0.0000,0.0000,0.0000,0.0000,1,0,0,0,0,0.0000
142.4327,185.2042,0.0864,102.8923,0.0000,0.0000,0.0000,0.0000,0.0000,270.0021,0.0000,0.0000,0.0000,0.0000,0.0000,0.0000,0.0000,0.0000,0.0000,1,0,0,0,0,0.0000
142.4838,185.2042,0.0864,102.8923,0.0000,0.0000,0.0000,0.0000,0.0000,270.0021,0.0000,0.0000,0.0000,0.0000,0.0000,0.0000,0.0000,0.0000,0.0000,1,0,0,0,0,0.0000
142.5390,185.2042,0.0864,102.8923,0.0000,0.0000,0.0000,0.0000,0.0000,270.0021,0.0000,0.0000,0.0000,0.0000,0.0000,0.0000,0.0000,0.0000,0.0000,1,0,0,0,0,0.0000
142.5977,185.2042,0.0864,102.8923,0.0000,0.0000,0.0000,0.0000,0.0000,270.0021,0.0000,0.0000,0.0000,0.0000,0.0000,0.0000,0.0000,0.0000,0.0000,1,0,0,0,0,0.0000
142.6804,185.2042,0.0864,102.8923,0.0000,0.0000,0.0000,0.0000,0.0000,270.0021,0.0000,0.0000,0.0000,0.0000,0.0000,0.0000,0.0000,0.0000,0.0000,1,0,0,0,0,0.0000
142.7327,185.2042,0.0864,102.8923,0.0000,0.0000,0.0000,0.0000,0.0000,270.0021,0.0000,0.0000,0.0000,0.0000,0.0000,0.0000,0.0000,0.0000,0.0000,1,0,0,0,0,0.0000
142.7887,185.2042,0.0864,102.8923,0.0000,0.0000,0.0000,0.0000,0.0000,270.0021,0.0000,0.0000,0.0000,0.0000,0.0000,0.0000,0.0000,0.0000,0.0000,1,0,0,0,0,0.0000
142.8466,185.2042,0.0864,102.8923,0.0000,0.0000,0.0000,0.0000,0.0000,270.0021,0.0000,0.0000,0.0000,0.0000,0.0000,0.0000,0.0000,0.0000,0.0000,1,0,0,0,0,0.0000
142.9001,185.2042,0.0864,102.8923,0.0000,0.0000,0.0000,0.0000,0.0000,270.0021,0.0000,0.0000,0.0000,0.0000,0.0000,0.0000,0.0000,0.0000,0.0000,1,0,0,0,0,0.0000
142.9565,185.2042,0.0864,102.8923,0.0000,0.0000,0.0000,0.0000,0.0000,270.0021,0.0000,0.0000,0.0000,0.0000,0.0000,0.0000,0.0000,0.0000,0.0000,1,0,0,0,0,0.0000
143.0108,185.2042,0.0864,102.8923,0.0000,0.0000,0.0000,0.0000,0.0000,270.0021,0.0000,0.0000,0.0000,0.0000,0.0000,0.0000,0.0000,0.0000,0.0000,1,0,0,0,0,0.0000
143.0675,185.2042,0.0864,102.8923,0.0000,0.0000,0.0000,0.0000,0.0000,270.0021,0.0000,0.0000,0.0000,0.0000,0.0000,0.0000,0.0000,0.0000,0.0000,1,0,0,0,0,0.0000
143.1233,185.2042,0.0864,102.8923,0.0000,0.0000,0.0000,0.0000,0.0000,270.0021,0.0000,0.0000,0.0000,0.0000,0.0000,0.0000,0.0000,0.0000,0.0000,1,0,0,0,0,0.0000
143.1829,185.2042,0.0864,102.8923,0.0000,0.0000,0.0000,0.0000,0.0000,270.0021,0.0000,0.0000,0.0000,0.0000,0.0000,0.0000,0.0000,0.0000,0.0000,1,0,0,0,0,0.0000
143.2350,185.2042,0.0864,102.8923,0.0000,0.0000,0.0000,0.0000,0.0000,270.0021,0.0000,0.0000,0.0000,0.0000,0.0000,0.0000,0.0000,0.0000,0.0000,1,0,0,0,0,0.0000
143.2910,185.2042,0.0864,102.8923,0.0000,0.0000,0.0000,0.0000,0.0000,270.0021,0.0000,0.0000,0.0000,0.0000,0.0000,0.0000,0.0000,0.0000,0.0000,1,0,0,0,0,0.0000
143.3451,185.2042,0.0864,102.8923,0.0000,0.0000,0.0000,0.0000,0.0000,270.0021,0.0000,0.0000,0.0000,0.0000,0.0000,0.0000,0.0000,0.0000,0.0000,1,0,0,0,0,0.0000
143.4090,185.2042,0.0864,102.8923,0.0000,0.0000,0.0000,0.0000,0.0000,270.0021,0.0000,0.0000,0.0000,0.0000,0.0000,0.0000,0.0000,0.0000,0.0000,1,0,0,0,0,0.0000
143.4664,185.2042,0.0864,102.8923,0.0000,0.0000,0.0000,0.0000,0.0000,270.0021,0.0000,0.0000,0.0000,0.0000,0.0000,0.0000,0.0000,0.0000,0.0000,1,0,0,0,0,0.0000
143.5165,185.2042,0.0864,102.8923,0.0000,0.0000,0.0000,0.0000,0.0000,270.0021,0.0000,0.0000,0.0000,0.0000,0.0000,0.0000,0.0000,0.0000,0.0000,1,0,0,0,0,0.0000
143.5702,185.2042,0.0864,102.8923,0.0000,0.0000,0.0000,0.0000,0.0000,270.0021,0.0000,0.0000,0.0000,0.0000,0.0000,0.0000,0.0000,0.0000,0.0000,1,0,0,0,0,0.0000
143.6702,185.2042,0.0864,102.8923,0.0000,0.0000,0.0000,0.0000,0.0000,270.0021,0.0000,0.0000,0.0000,0.0000,0.0000,0.0000,0.0000,0.0000,0.0000,1,0,0,0,0,0.0000
143.7298,185.2042,0.0864,102.8923,0.0000,0.0000,0.0000,0.0000,0.0000,270.0021,0.0000,0.0000,0.0000,0.0000,0.0000,0.0000,0.0000,0.0000,0.0000,1,0,0,0,0,0.0000
143.7838,185.2042,0.0864,102.8923,0.0000,0.0000,0.0000,0.0000,0.0000,270.0021,0.0000,0.0000,0.0000,0.0000,0.0000,0.0000,0.0000,0.0000,0.0000,1,0,0,0,0,0.0000
143.8503,185.2042,0.0864,102.8923,0.0000,0.0000,0.0000,0.0000,0.0000,270.0021,0.0000,0.0000,0.0000,0.0000,0.0000,0.0000,0.0000,0.0000,0.0000,1,0,0,0,0,0.0000
143.9030,185.2042,0.0864,102.8923,0.0000,0.0000,0.0000,0.0000,0.0000,270.0021,0.0000,0.0000,0.0000,0.0000,0.0000,0.0000,0.0000,0.0000,0.0000,1,0,0,0,0,0.0000
143.9536,185.2042,0.0864,102.8923,0.0000,0.0000,0.0000,0.0000,0.0000,270.0021,0.0000,0.0000,0.0000,0.0000,0.0000,0.0000,0.0000,0.0000,0.0000,1,0,0,0,0,0.0000
144.0312,185.2042,0.0864,102.8923,0.0000,0.0000,0.0000,0.0000,0.0000,270.0021,0.0000,0.0000,0.0000,0.0000,0.0000,0.0000,0.0000,0.0000,0.0000,1,0,0,0,0,0.0000
144.1008,185.2042,0.0864,102.8923,0.0000,0.0000,0.0000,0.0000,0.0000,270.0021,0.0000,0.0000,0.0000,0.0000,0.0000,0.0000,0.0000,0.0000,0.0000,1,0,0,0,0,0.0000
144.1700,185.2042,0.0864,102.8923,0.0000,0.0000,0.0000,0.0000,0.0000,270.0021,0.0000,0.0000,0.0000,0.0000,0.0000,0.0000,0.0000,0.0000,0.0000,1,0,0,0,0,0.0000
144.2386,185.2042,0.0864,102.8923,0.0000,0.0000,0.0000,0.0000,0.0000,270.0021,0.0000,0.0000,0.0000,0.0000,0.0000,0.0000,0.0000,0.0000,0.0000,1,0,0,0,0,0.0000
144.3112,185.2042,0.0864,102.8923,0.0000,0.0000,0.0000,0.0000,0.0000,270.0021,0.0000,0.0000,0.0000,0.0000,0.0000,0.0000,0.0000,0.0000,0.0000,1,0,0,0,0,0.0000
144.4062,185.2042,0.0864,102.8923,0.0000,0.0000,0.0000,0.0000,0.0000,270.0021,0.0000,0.0000,0.0000,0.0000,0.0000,0.0000,0.0000,0.0000,0.0000,1,0,0,0,0,0.0000
144.4767,185.2042,0.0864,102.8923,0.0000,0.0000,0.0000,0.0000,0.0000,270.0021,0.0000,0.0000,0.0000,0.0000,0.0000,0.0000,0.0000,0.0000,0.0000,1,0,0,0,0,0.0000
144.5538,185.2042,0.0864,102.8923,0.0000,0.0000,0.0000,0.0000,0.0000,270.0021,0.0000,0.0000,0.0000,0.0000,0.0000,0.0000,0.0000,0.0000,0.0000,1,0,0,0,0,0.0000
144.6224,185.2042,0.0864,102.8923,0.0000,0.0000,0.0000,0.0000,0.0000,270.0021,0.0000,0.0000,0.0000,0.0000,0.0000,0.0000,0.0000,0.0000,0.0000,1,0,0,0,0,0.0000
144.6805,185.2042,0.0864,102.8923,0.0000,0.0000,0.0000,0.0000,0.0000,270.0021,0.0000,0.0000,0.0000,0.0000,0.0000,0.0000,0.0000,0.0000,0.0000,1,0,0,0,0,0.0000
144.7529,185.2042,0.0864,102.8923,0.0000,0.0000,0.0000,0.0000,0.0000,270.0021,0.0000,0.0000,0.0000,0.0000,0.0000,0.0000,0.0000,0.0000,0.0000,1,0,0,0,0,0.0000
144.8197,185.2042,0.0864,102.8923,0.0000,0.0000,0.0000,0.0000,0.0000,270.0021,0.0000,0.0000,0.0000,0.0000,0.0000,0.0000,0.0000,0.0000,0.0000,1,0,0,0,0,0.0000
144.8721,185.2042,0.0864,102.8923,0.0000,0.0000,0.0000,0.0000,0.0000,270.0021,0.0000,0.0000,0.0000,0.0000,0.0000,0.0000,0.0000,0.0000,0.0000,1,0,0,0,0,0.0000
144.9449,185.2042,0.0864,102.8923,0.0000,0.0000,0.0000,0.0000,0.0000,270.0021,0.0000,0.0000,0.0000,0.0000,0.0000,0.0000,0.0000,0.0000,0.0000,1,0,0,0,0,0.0000
145.0124,185.2042,0.0864,102.8923,0.0000,0.0000,0.0000,0.0000,0.0000,270.0021,0.0000,0.0000,0.0000,0.0000,0.0000,0.0000,0.0000,0.0000,0.0000,1,0,0,0,0,0.0000
145.0969,185.2042,0.0864,102.8923,0.0000,0.0000,0.0000,0.0000,0.0000,270.0021,0.0000,0.0000,0.0000,0.0000,0.0000,0.0000,0.0000,0.0000,0.0000,1,0,0,0,0,0.0000
145.1712,185.2042,0.0864,102.8923,0.0000,0.0000,0.0000,0.0000,0.0000,270.0021,0.0000,0.0000,0.0000,0.0000,0.0000,0.0000,0.0000,0.0000,0.0000,1,0,0,0,0,0.0000
145.2498,185.2042,0.0864,102.8923,0.0000,0.0000,0.0000,0.0000,0.0000,270.0021,0.0000,0.0000,0.0000,0.0000,0.0000,0.0000,0.0000,0.0000,0.0000,1,0,0,0,0,0.0000
145.3046,185.2042,0.0864,102.8923,0.0000,0.0000,0.0000,0.0000,0.0000,270.0021,0.0000,0.0000,0.0000,0.0000,0.0000,0.0000,0.0000,0.0000,0.0000,1,0,0,0,0,0.0000
145.3821,185.2042,0.0864,102.8923,0.0000,0.0000,0.0000,0.0000,0.0000,270.0021,0.0000,0.0000,0.0000,0.0000,0.0000,0.0000,0.0000,0.0000,0.0000,1,0,0,0,0,0.0000
145.4429,185.2042,0.0864,102.8923,0.0000,0.0000,0.0000,0.0000,0.0000,270.0021,0.0000,0.0000,0.0000,0.0000,0.0000,0.0000,0.0000,0.0000,0.0000,1,0,0,0,0,0.0000
145.5448,185.2042,0.0864,102.8923,0.0000,0.0000,0.0000,0.0000,0.0000,270.0021,0.0000,0.0000,0.0000,0.0000,0.0000,0.0000,0.0000,0.0000,0.0000,1,0,0,0,0,0.0000
145.6270,185.2042,0.0864,102.8923,0.0000,0.0000,0.0000,0.0000,0.0000,270.0021,0.0000,0.0000,0.0000,0.0000,0.0000,0.0000,0.0000,0.0000,0.0000,1,0,0,0,0,0.0000
145.6958,185.2042,0.0864,102.8923,0.0000,0.0000,0.0000,0.0000,0.0000,270.0021,0.0000,0.0000,0.0000,0.0000,0.0000,0.0000,0.0000,0.0000,0.0000,1,0,0,0,0,0.0000
145.7795,185.2042,0.0864,102.8923,0.0000,0.0000,0.0000,0.0000,0.0000,270.0021,0.0000,0.0000,0.0000,0.0000,0.0000,0.0000,0.0000,0.0000,0.0000,1,0,0,0,0,0.0000
145.8367,185.2042,0.0864,102.8923,0.0000,0.0000,0.0000,0.0000,0.0000,270.0021,0.0000,0.0000,0.0000,0.0000,0.0000,0.0000,0.0000,0.0000,0.0000,1,0,0,0,0,0.0000
145.9012,185.2042,0.0864,102.8923,0.0000,0.0000,0.0000,0.0000,0.0000,270.0021,0.0000,0.0000,0.0000,0.0000,0.0000,0.0000,0.0000,0.0000,0.0000,1,0,0,0,0,0.0000
145.9719,185.2042,0.0864,102.8923,0.0000,0.0000,0.0000,0.0000,0.0000,270.0021,0.0000,0.0000,0.0000,0.0000,0.0000,0.0000,0.0000,0.0000,0.0000,1,0,0,0,0,0.0000
146.0312,185.2042,0.0864,102.8923,0.0000,0.0000,0.0000,0.0000,0.0000,270.0021,0.0000,0.0000,0.0000,0.0000,0.0000,0.0000,0.0000,0.0000,0.0000,1,0,0,0,0,0.0000
146.1145,185.2042,0.0864,102.8923,0.0000,0.0000,0.0000,0.0000,0.0000,270.0021,0.0000,0.0000,0.0000,0.0000,0.0000,0.0000,0.0000,0.0000,0.0000,1,0,0,0,0,0.0000
146.1817,185.2042,0.0864,102.8923,0.0000,0.0000,0.0000,0.0000,0.0000,270.0021,0.0000,0.0000,0.0000,0.0000,0.0000,0.0000,0.0000,0.0000,0.0000,1,0,0,0,0,0.0000
146.2407,185.2042,0.0864,102.8923,0.0000,0.0000,0.0000,0.0000,0.0000,270.0021,0.0000,0.0000,0.0000,0.0000,0.0000,0.0000,0.0000,0.0000,0.0000,1,0,0,0,0,0.0000
146.3239,185.2042,0.0864,102.8923,0.0000,0.0000,0.0000,0.0000,0.0000,270.0021,0.0000,0.0000,0.0000,0.0000,0.0000,0.0000,0.0000,0.0000,0.0000,1,0,0,0,0,0.0000
146.4041,185.2042,0.0864,102.8923,0.0000,0.0000,0.0000,0.0000,0.0000,270.0021,0.0000,0.0000,0.0000,0.0000,0.0000,0.0000,0.0000,0.0000,0.0000,1,0,0,0,0,0.0000
146.4566,185.2042,0.0864,102.8923,0.0000,0.0000,0.0000,0.0000,0.0000,270.0021,0.0000,0.0000,0.0000,0.0000,0.0000,0.0000,0.0000,0.0000,0.0000,1,0,0,0,0,0.0000
146.5120,185.2042,0.0864,102.8923,0.0000,0.0000,0.0000,0.0000,0.0000,270.0021,0.0000,0.0000,0.0000,0.0000,0.0000,0.0000,0.0000,0.0000,0.0000,1,0,0,0,0,0.0000
146.5712,185.2042,0.0864,102.8923,0.0000,0.0000,0.0000,0.0000,0.0000,270.0021,0.0000,0.0000,0.0000,0.0000,0.0000,0.0000,0.0000,0.0000,0.0000,1,0,0,0,0,0.0000
146.6380,185.2042,0.0864,102.8923,0.0000,0.0000,0.0000,0.0000,0.0000,270.0021,0.0000,0.0000,0.0000,0.0000,0.0000,0.0000,0.0000,0.0000,0.0000,1,0,0,0,0,0.0000
146.7142,185.2042,0.0864,102.8923,0.0000,0.0000,0.0000,0.0000,0.0000,270.0021,0.0000,0.0000,0.0000,0.0000,0.0000,0.0000,0.0000,0.0000,0.0000,1,0,0,0,0,0.0000
146.7835,185.2042,0.0864,102.8923,0.0000,0.0000,0.0000,0.0000,0.0000,270.0021,0.0000,0.0000,0.0000,0.0000,0.0000,0.0000,0.0000,0.0000,0.0000,1,0,0,0,0,0.0000
146.8637,185.2042,0.0864,102.8923,0.0000,0.0000,0.0000,0.0000,0.0000,270.0021,0.0000,0.0000,0.0000,0.0000,0.0000,0.0000,0.0000,0.0000,0.0000,1,0,0,0,0,0.0000
146.9463,185.2042,0.0864,102.8923,0.0000,0.0000,0.0000,0.0000,0.0000,270.0021,0.0000,0.0000,0.0000,0.0000,0.0000,0.0000,0.0000,0.0000,0.0000,1,0,0,0,0,0.0000
147.0264,185.2042,0.0864,102.8923,0.0000,0.0000,0.0000,0.0000,0.0000,270.0021,0.0000,0.0000,0.0000,0.0000,0.0000,0.0000,0.0000,0.0000,0.0000,1,0,0,0,0,0.0000
147.1129,185.2042,0.0864,102.8923,0.0000,0.0000,0.0000,0.0000,0.0000,270.0021,0.0000,0.0000,0.0000,0.0000,0.0000,0.0000,0.0000,0.0000,0.0000,1,0,0,0,0,0.0000
147.1788,185.2042,0.0864,102.8923,0.0000,0.0000,0.0000,0.0000,0.0000,270.0021,0.0000,0.0000,0.0000,0.0000,0.0000,0.0000,0.0000,0.0000,0.0000,1,0,0,0,0,0.0000
147.2574,185.2042,0.0864,102.8923,0.0000,0.0000,0.0000,0.0000,0.0000,270.0021,0.0000,0.0000,0.0000,0.0000,0.0000,0.0000,0.0000,0.0000,0.0000,1,0,0,0,0,0.0000
147.3417,185.2042,0.0864,102.8923,0.0000,0.0000,0.0000,0.0000,0.0000,270.0021,0.0000,0.0000,0.0000,0.0000,0.0000,0.0000,0.0000,0.0000,0.0000,1,0,0,0,0,0.0000
147.4077,185.2042,0.0864,102.8923,0.0000,0.0000,0.0000,0.0000,0.0000,270.0021,0.0000,0.0000,0.0000,0.0000,0.0000,0.0000,0.0000,0.0000,0.0000,1,0,0,0,0,0.0000
147.4650,185.2042,0.0864,102.8923,0.0000,0.0000,0.0000,0.0000,0.0000,270.0021,0.0000,0.0000,0.0000,0.0000,0.0000,0.0000,0.0000,0.0000,0.0000,1,0,0,0,0,0.0000
147.5483,185.2042,0.0864,102.8923,0.0000,0.0000,0.0000,0.0000,0.0000,270.0021,0.0000,0.0000,0.0000,0.0000,0.0000,0.0000,0.0000,0.0000,0.0000,1,0,0,0,0,0.0000
147.6131,185.2042,0.0864,102.8923,0.0000,0.0000,0.0000,0.0000,0.0000,270.0021,0.0000,0.0000,0.0000,0.0000,0.0000,0.0000,0.0000,0.0000,0.0000,1,0,0,0,0,0.0000
147.6711,185.2042,0.0864,102.8923,0.0000,0.0000,0.0000,0.0000,0.0000,270.0021,0.0000,0.0000,0.0000,0.0000,0.0000,0.0000,0.0000,0.0000,0.0000,1,0,0,0,0,0.0000
147.7394,185.2042,0.0864,102.8923,0.0000,0.0000,0.0000,0.0000,0.0000,270.0021,0.0000,0.0000,0.0000,0.0000,0.0000,0.0000,0.0000,0.0000,0.0000,1,0,0,0,0,0.0000
147.8245,185.2042,0.0864,102.8923,0.0000,0.0000,0.0000,0.0000,0.0000,270.0021,0.0000,0.0000,0.0000,0.0000,0.0000,0.0000,0.0000,0.0000,0.0000,1,0,0,0,0,0.0000
147.9132,185.2042,0.0864,102.8923,0.0000,0.0000,0.0000,0.0000,0.0000,270.0021,0.0000,0.0000,0.0000,0.0000,0.0000,0.0000,0.0000,0.0000,0.0000,1,0,0,0,0,0.0000
147.9936,185.2042,0.0864,102.8923,0.0000,0.0000,0.0000,0.0000,0.0000,270.0021,0.0000,0.0000,0.0000,0.0000,0.0000,0.0000,0.0000,0.0000,0.0000,1,0,0,0,0,0.0000
148.0756,185.2042,0.0864,102.8923,0.0000,0.0000,0.0000,0.0000,0.0000,270.0021,0.0000,0.0000,0.0000,0.0000,0.0000,0.0000,0.0000,0.0000,0.0000,1,0,0,0,0,0.0000
148.1280,185.2042,0.0864,102.8923,0.0000,0.0000,0.0000,0.0000,0.0000,270.0021,0.0000,0.0000,0.0000,0.0000,0.0000,0.0000,0.0000,0.0000,0.0000,1,0,0,0,0,0.0000
148.2115,185.2042,0.0864,102.8923,0.0000,0.0000,0.0000,0.0000,0.0000,270.0021,0.0000,0.0000,0.0000,0.0000,0.0000,0.0000,0.0000,0.0000,0.0000,1,0,0,0,0,0.0000
148.2717,185.2042,0.0864,102.8923,0.0000,0.0000,0.0000,0.0000,0.0000,270.0021,0.0000,0.0000,0.0000,0.0000,0.0000,0.0000,0.0000,0.0000,0.0000,1,0,0,0,0,0.0000
148.3504,185.2042,0.0864,102.8923,0.0000,0.0000,0.0000,0.0000,0.0000,270.0021,0.0000,0.0000,0.0000,0.0000,0.0000,0.0000,0.0000,0.0000,0.0000,1,0,0,0,0,0.0000
148.4394,185.2042,0.0864,102.8923,0.0000,0.0000,0.0000,0.0000,0.0000,270.0021,0.0000,0.0000,0.0000,0.0000,0.0000,0.0000,0.0000,0.0000,0.0000,1,0,0,0,0,0.0000
148.5028,185.2042,0.0864,102.8923,0.0000,0.0000,0.0000,0.0000,0.0000,270.0021,0.0000,0.0000,0.0000,0.0000,0.0000,0.0000,0.0000,0.0000,0.0000,1,0,0,0,0,0.0000
148.5589,185.2042,0.0864,102.8923,0.0000,0.0000,0.0000,0.0000,0.0000,270.0021,0.0000,0.0000,0.0000,0.0000,0.0000,0.0000,0.0000,0.0000,0.0000,1,0,0,0,0,0.0000
148.6374,185.2042,0.0864,102.8923,0.0000,0.0000,0.0000,0.0000,0.0000,270.0021,0.0000,0.0000,0.0000,0.0000,0.0000,0.0000,0.0000,0.0000,0.0000,1,0,0,0,0,0.0000
148.7037,185.2042,0.0864,102.8923,0.0000,0.0000,0.0000,0.0000,0.0000,270.0021,0.0000,0.0000,0.0000,0.0000,0.0000,0.0000,0.0000,0.0000,0.0000,1,0,0,0,0,0.0000
148.7616,185.2042,0.0864,102.8923,0.0000,0.0000,0.0000,0.0000,0.0000,270.0021,0.0000,0.0000,0.0000,0.0000,0.0000,0.0000,0.0000,0.0000,0.0000,1,0,0,0,0,0.0000
148.8317,185.2042,0.0864,102.8923,0.0000,0.0000,0.0000,0.0000,0.0000,270.0021,0.0000,0.0000,0.0000,0.0000,0.0000,0.0000,0.0000,0.0000,0.0000,1,0,0,0,0,0.0000
148.8877,185.2042,0.0864,102.8923,0.0000,0.0000,0.0000,0.0000,0.0000,270.0021,0.0000,0.0000,0.0000,0.0000,0.0000,0.0000,0.0000,0.0000,0.0000,1,0,0,0,0,0.0000
148.9428,185.2042,0.0864,102.8923,0.0000,0.0000,0.0000,0.0000,0.0000,270.0021,0.0000,0.0000,0.0000,0.0000,0.0000,0.0000,0.0000,0.0000,0.0000,1,0,0,0,0,0.0000
148.9975,185.2042,0.0864,102.8923,0.0000,0.0000,0.0000,0.0000,0.0000,270.0021,0.0000,0.0000,0.0000,0.0000,0.0000,0.0000,0.0000,0.0000,0.0000,1,0,0,0,0,0.0000
149.0587,185.2042,0.0864,102.8923,0.0000,0.0000,0.0000,0.0000,0.0000,270.0021,0.0000,0.0000,0.0000,0.0000,0.0000,0.0000,0.0000,0.0000,0.0000,1,0,0,0,0,0.0000
149.1251,185.2042,0.0864,102.8923,0.0000,0.0000,0.0000,0.0000,0.0000,270.0021,0.0000,0.0000,0.0000,0.0000,0.0000,0.0000,0.0000,0.0000,0.0000,1,0,0,0,0,0.0000
149.1846,185.2042,0.0864,102.8923,0.0000,0.0000,0.0000,0.0000,0.0000,270.0021,0.0000,0.0000,0.0000,0.0000,0.0000,0.0000,0.0000,0.0000,0.0000,1,0,0,0,0,0.0000
149.2370,185.2042,0.0864,102.8923,0.0000,0.0000,0.0000,0.0000,0.0000,270.0021,0.0000,0.0000,0.0000,0.0000,0.0000,0.0000,0.0000,0.0000,0.0000,1,0,0,0,0,0.0000
149.2886,185.2042,0.0864,102.8923,0.0000,0.0000,0.0000,0.0000,0.0000,270.0021,0.0000,0.0000,0.0000,0.0000,0.0000,0.0000,0.0000,0.0000,0.0000,1,0,0,0,0,0.0000
149.3596,185.2042,0.0864,102.8923,0.0000,0.0000,0.0000,0.0000,0.0000,270.0021,0.0000,0.0000,0.0000,0.0000,0.0000,0.0000,0.0000,0.0000,0.0000,1,0,0,0,0,0.0000
149.4153,185.2042,0.0864,102.8923,0.0000,0.0000,0.0000,0.0000,0.0000,270.0021,0.0000,0.0000,0.0000,0.0000,0.0000,0.0000,0.0000,0.0000,0.0000,1,0,0,0,0,0.0000
149.4841,185.2042,0.0864,102.8923,0.0000,0.0000,0.0000,0.0000,0.0000,270.0021,0.0000,0.0000,0.0000,0.0000,0.0000,0.0000,0.0000,0.0000,0.0000,1,0,0,0,0,0.0000
149.5714,185.2042,0.0864,102.8923,0.0000,0.0000,0.0000,0.0000,0.0000,270.0021,0.0000,0.0000,0.0000,0.0000,0.0000,0.0000,0.0000,0.0000,0.0000,1,0,0,0,0,0.0000
149.6224,185.2042,0.0864,102.8923,0.0000,0.0000,0.0000,0.0000,0.0000,270.0021,0.0000,0.0000,0.0000,0.0000,0.0000,0.0000,0.0000,0.0000,0.0000,1,0,0,0,0,0.0000
149.6800,185.2042,0.0864,102.8923,0.0000,0.0000,0.0000,0.0000,0.0000,270.0021,0.0000,0.0000,0.0000,0.0000,0.0000,0.0000,0.0000,0.0000,0.0000,1,0,0,0,0,0.0000
149.7628,185.2042,0.0864,102.8923,0.0000,0.0000,0.0000,0.0000,0.0000,270.0021,0.0000,0.0000,0.0000,0.0000,0.0000,0.0000,0.0000,0.0000,0.0000,1,0,0,0,0,0.0000
149.8177,185.2042,0.0864,102.8923,0.0000,0.0000,0.0000,0.0000,0.0000,270.0021,0.0000,0.0000,0.0000,0.0000,0.0000,0.0000,0.0000,0.0000,0.0000,1,0,0,0,0,0.0000
149.9064,185.2042,0.0864,102.8923,0.0000,0.0000,0.0000,0.0000,0.0000,270.0021,0.0000,0.0000,0.0000,0.0000,0.0000,0.0000,0.0000,0.0000,0.0000,1,0,0,0,0,0.0000
149.9730,185.2042,0.0864,102.8923,0.0000,0.0000,0.0000,0.0000,0.0000,270.0021,0.0000,0.0000,0.0000,0.0000,0.0000,0.0000,0.0000,0.0000,0.0000,1,0,0,0,0,0.0000
150.0408,185.2042,0.0864,102.8923,0.0000,0.0000,0.0000,0.0000,0.0000,270.0021,0.0000,0.0000,0.0000,0.0000,0.0000,0.0000,0.0000,0.0000,0.0000,1,0,0,0,0,0.0000
150.0966,185.2042,0.0864,102.8923,0.0000,0.0000,0.0000,0.0000,0.0000,270.0021,0.0000,0.0000,0.0000,0.0000,0.0000,0.0000,0.0000,0.0000,0.0000,1,0,0,0,0,0.0000
150.1480,185.2042,0.0864,102.8923,0.0000,0.0000,0.0000,0.0000,0.0000,270.0021,0.0000,0.0000,0.0000,0.0000,0.0000,0.0000,0.0000,0.0000,0.0000,1,0,0,0,0,0.0000
150.2006,185.2042,0.0864,102.8923,0.0000,0.0000,0.0000,0.0000,0.0000,270.0021,0.0000,0.0000,0.0000,0.0000,0.0000,0.0000,0.0000,0.0000,0.0000,1,0,0,0,0,0.0000
150.2619,185.2042,0.0864,102.8923,0.0000,0.0000,0.0000,0.0000,0.0000,270.0021,0.0000,0.0000,0.0000,0.0000,0.0000,0.0000,0.0000,0.0000,0.0000,1,0,0,0,0,0.0000
150.3318,185.2042,0.0864,102.8923,0.0000,0.0000,0.0000,0.0000,0.0000,270.0021,0.0000,0.0000,0.0000,0.0000,0.0000,0.0000,0.0000,0.0000,0.0000,1,0,0,0,0,0.0000
150.3908,185.2042,0.0864,102.8923,0.0000,0.0000,0.0000,0.0000,0.0000,270.0021,0.0000,0.0000,0.0000,0.0000,0.0000,0.0000,0.0000,0.0000,0.0000,1,0,0,0,0,0.0000
150.4497,185.2042,0.0864,102.8923,0.0000,0.0000,0.0000,0.0000,0.0000,270.0021,0.0000,0.0000,0.0000,0.0000,0.0000,0.0000,0.0000,0.0000,0.0000,1,0,0,0,0,0.0000
150.5351,185.2042,0.0864,102.8923,0.0000,0.0000,0.0000,0.0000,0.0000,270.0021,0.0000,0.0000,0.0000,0.0000,0.0000,0.0000,0.0000,0.0000,0.0000,1,0,0,0,0,0.0000
150.5980,185.2042,0.0864,102.8923,0.0000,0.0000,0.0000,0.0000,0.0000,270.0021,0.0000,0.0000,0.0000,0.0000,0.0000,0.0000,0.0000,0.0000,0.0000,1,0,0,0,0,0.0000
150.6505,185.2042,0.0864,102.8923,0.0000,0.0000,0.0000,0.0000,0.0000,270.0021,0.0000,0.0000,0.0000,0.0000,0.0000,0.0000,0.0000,0.0000,0.0000,1,0,0,0,0,0.0000
150.7086,185.2042,0.0864,102.8923,0.0000,0.0000,0.0000,0.0000,0.0000,270.0021,0.0000,0.0000,0.0000,0.0000,0.0000,0.0000,0.0000,0.0000,0.0000,1,0,0,0,0,0.0000
150.7652,185.2042,0.0864,102.8923,0.0000,0.0000,0.0000,0.0000,0.0000,270.0021,0.0000,0.0000,0.0000,0.0000,0.0000,0.0000,0.0000,0.0000,0.0000,1,0,0,0,0,0.0000
150.8183,185.2042,0.0864,102.8923,0.0000,0.0000,0.0000,0.0000,0.0000,270.0021,0.0000,0.0000,0.0000,0.0000,0.0000,0.0000,0.0000,0.0000,0.0000,1,0,0,0,0,0.0000
150.8741,185.2042,0.0864,102.8923,0.0000,0.0000,0.0000,0.0000,0.0000,270.0021,0.0000,0.0000,0.0000,0.0000,0.0000,0.0000,0.0000,0.0000,0.0000,1,0,0,0,0,0.0000
150.9279,185.2042,0.0864,102.8923,0.0000,0.0000,0.0000,0.0000,0.0000,270.0021,0.0000,0.0000,0.0000,0.0000,0.0000,0.0000,0.0000,0.0000,0.0000,1,0,0,0,0,0.0000
150.9985,185.2042,0.0864,102.8923,0.0000,0.0000,0.0000,0.0000,0.0000,270.0021,0.0000,0.0000,0.0000,0.0000,0.0000,0.0000,0.0000,0.0000,0.0000,1,0,0,0,0,0.0000
151.0593,185.2042,0.0864,102.8923,0.0000,0.0000,0.0000,0.0000,0.0000,270.0021,0.0000,0.0000,0.0000,0.0000,0.0000,0.0000,0.0000,0.0000,0.0000,1,0,0,0,0,0.0000
151.1100,185.2042,0.0864,102.8923,0.0000,0.0000,0.0000,0.0000,0.0000,270.0021,0.0000,0.0000,0.0000,0.0000,0.0000,0.0000,0.0000,0.0000,0.0000,1,0,0,0,0,0.0000
151.1782,185.2042,0.0864,102.8923,0.0000,0.0000,0.0000,0.0000,0.0000,270.0021,0.0000,0.0000,0.0000,0.0000,0.0000,0.0000,0.0000,0.0000,0.0000,1,0,0,0,0,0.0000
151.2503,185.2042,0.0864,102.8923,0.0000,0.0000,0.0000,0.0000,0.0000,270.0021,0.0000,0.0000,0.0000,0.0000,0.0000,0.0000,0.0000,0.0000,0.0000,1,0,0,0,0,0.0000
151.3039,185.2042,0.0864,102.8923,0.0000,0.0000,0.0000,0.0000,0.0000,270.0021,0.0000,0.0000,0.0000,0.0000,0.0000,0.0000,0.0000,0.0000,0.0000,1,0,0,0,0,0.0000
151.3594,185.2042,0.0864,102.8923,0.0000,0.0000,0.0000,0.0000,0.0000,270.0021,0.0000,0.0000,0.0000,0.0000,0.0000,0.0000,0.0000,0.0000,0.0000,1,0,0,0,0,0.0000
151.4320,185.2042,0.0864,102.8923,0.0000,0.0000,0.0000,0.0000,0.0000,270.0021,0.0000,0.0000,0.0000,0.0000,0.0000,0.0000,0.0000,0.0000,0.0000,1,0,0,0,0,0.0000
151.4991,185.2042,0.0864,102.8923,0.0000,0.0000,0.0000,0.0000,0.0000,270.0021,0.0000,0.0000,0.0000,0.0000,0.0000,0.0000,0.0000,0.0000,0.0000,1,0,0,0,0,0.0000
151.5544,185.2042,0.0864,102.8923,0.0000,0.0000,0.0000,0.0000,0.0000,270.0021,0.0000,0.0000,0.0000,0.0000,0.0000,0.0000,0.0000,0.0000,0.0000,1,0,0,0,0,0.0000
151.6095,185.2042,0.0864,102.8923,0.0000,0.0000,0.0000,0.0000,0.0000,270.0021,0.0000,0.0000,0.0000,0.0000,0.0000,0.0000,0.0000,0.0000,0.0000,1,0,0,0,0,0.0000
151.6639,185.2042,0.0864,102.8923,0.0000,0.0000,0.0000,0.0000,0.0000,270.0021,0.0000,0.0000,0.0000,0.0000,0.0000,0.0000,0.0000,0.0000,0.0000,1,0,0,0,0,0.0000
151.7193,185.2042,0.0864,102.8923,0.0000,0.0000,0.0000,0.0000,0.0000,270.0021,0.0000,0.0000,0.0000,0.0000,0.0000,0.0000,0.0000,0.0000,0.0000,1,0,0,0,0,0.0000
151.7841,185.2042,0.0864,102.8923,0.0000,0.0000,0.0000,0.0000,0.0000,270.0021,0.0000,0.0000,0.0000,0.0000,0.0000,0.0000,0.0000,0.0000,0.0000,1,0,0,0,0,0.0000
151.8598,185.2042,0.0864,102.8923,0.0000,0.0000,0.0000,0.0000,0.0000,270.0021,0.0000,0.0000,0.0000,0.0000,0.0000,0.0000,0.0000,0.0000,0.0000,1,0,0,0,0,0.0000
151.9175,185.2042,0.0864,102.8923,0.0000,0.0000,0.0000,0.0000,0.0000,270.0021,0.0000,0.0000,0.0000,0.0000,0.0000,0.0000,0.0000,0.0000,0.0000,1,0,0,0,0,0.0000
151.9724,185.2042,0.0864,102.8923,0.0000,0.0000,0.0000,0.0000,0.0000,270.0021,0.0000,0.0000,0.0000,0.0000,0.0000,0.0000,0.0000,0.0000,0.0000,1,0,0,0,0,0.0000
152.0552,185.2042,0.0864,102.8923,0.0000,0.0000,0.0000,0.0000,0.0000,270.0021,0.0000,0.0000,0.0000,0.0000,0.0000,0.0000,0.0000,0.0000,0.0000,1,0,0,0,0,0.0000
152.1084,185.2042,0.0864,102.8923,0.0000,0.0000,0.0000,0.0000,0.0000,270.0021,0.0000,0.0000,0.0000,0.0000,0.0000,0.0000,0.0000,0.0000,0.0000,1,0,0,0,0,0.0000
152.1656,185.2042,0.0864,102.8923,0.0000,0.0000,0.0000,0.0000,0.0000,270.0021,0.0000,0.0000,0.0000,0.0000,0.0000,0.0000,0.0000,0.0000,0.0000,1,0,0,0,0,0.0000
152.2218,185.2042,0.0864,102.8923,0.0000,0.0000,0.0000,0.0000,0.0000,270.0021,0.0000,0.0000,0.0000,0.0000,0.0000,0.0000,0.0000,0.0000,0.0000,1,0,0,0,0,0.0000
152.3045,185.2042,0.0864,102.8923,0.0000,0.0000,0.0000,0.0000,0.0000,270.0021,0.0000,0.0000,0.0000,0.0000,0.0000,0.0000,0.0000,0.0000,0.0000,1,0,0,0,0,0.0000
152.3889,185.2042,0.0864,102.8923,0.0000,0.0000,0.0000,0.0000,0.0000,270.0021,0.0000,0.0000,0.0000,0.0000,0.0000,0.0000,0.0000,0.0000,0.0000,1,0,0,0,0,0.0000
152.4424,185.2042,0.0864,102.8923,0.0000,0.0000,0.0000,0.0000,0.0000,270.0021,0.0000,0.0000,0.0000,0.0000,0.0000,0.0000,0.0000,0.0000,0.0000,1,0,0,0,0,0.0000
152.4984,185.2042,0.0864,102.8923,0.0000,0.0000,0.0000,0.0000,0.0000,270.0021,0.0000,0.0000,0.0000,0.0000,0.0000,0.0000,0.0000,0.0000,0.0000,1,0,0,0,0,0.0000
152.5555,185.2042,0.0864,102.8923,0.0000,0.0000,0.0000,0.0000,0.0000,270.0021,0.0000,0.0000,0.0000,0.0000,0.0000,0.0000,0.0000,0.0000,0.0000,1,0,0,0,0,0.0000
152.6116,185.2042,0.0864,102.8923,0.0000,0.0000,0.0000,0.0000,0.0000,270.0021,0.0000,0.0000,0.0000,0.0000,0.0000,0.0000,0.0000,0.0000,0.0000,1,0,0,0,0,0.0000
152.6800,185.2042,0.0864,102.8923,0.0000,0.0000,0.0000,0.0000,0.0000,270.0021,0.0000,0.0000,0.0000,0.0000,0.0000,0.0000,0.0000,0.0000,0.0000,1,0,0,0,0,0.0000
152.7474,185.2042,0.0864,102.8923,0.0000,0.0000,0.0000,0.0000,0.0000,270.0021,0.0000,0.0000,0.0000,0.0000,0.0000,0.0000,0.0000,0.0000,0.0000,1,0,0,0,0,0.0000
152.8047,185.2042,0.0864,102.8923,0.0000,0.0000,0.0000,0.0000,0.0000,270.0021,0.0000,0.0000,0.0000,0.0000,0.0000,0.0000,0.0000,0.0000,0.0000,1,0,0,0,0,0.0000
152.8604,185.2042,0.0864,102.8923,0.0000,0.0000,0.0000,0.0000,0.0000,270.0021,0.0000,0.0000,0.0000,0.0000,0.0000,0.0000,0.0000,0.0000,0.0000,1,0,0,0,0,0.0000
152.9152,185.2042,0.0864,102.8923,0.0000,0.0000,0.0000,0.0000,0.0000,270.0021,0.0000,0.0000,0.0000,0.0000,0.0000,0.0000,0.0000,0.0000,0.0000,1,0,0,0,0,0.0000
152.9746,185.2042,0.0864,102.8923,0.0000,0.0000,0.0000,0.0000,0.0000,270.0021,0.0000,0.0000,0.0000,0.0000,0.0000,0.0000,0.0000,0.0000,0.0000,1,0,0,0,0,0.0000
153.0415,185.2042,0.0864,102.8923,0.0000,0.0000,0.0000,0.0000,0.0000,270.0021,0.0000,0.0000,0.0000,0.0000,0.0000,0.0000,0.0000,0.0000,0.0000,1,0,0,0,0,0.0000
153.0986,185.2042,0.0864,102.8923,0.0000,0.0000,0.0000,0.0000,0.0000,270.0021,0.0000,0.0000,0.0000,0.0000,0.0000,0.0000,0.0000,0.0000,0.0000,1,0,0,0,0,0.0000
153.1544,185.2042,0.0864,102.8923,0.0000,0.0000,0.0000,0.0000,0.0000,270.0021,0.0000,0.0000,0.0000,0.0000,0.0000,0.0000,0.0000,0.0000,0.0000,1,0,0,0,0,0.0000
153.2063,185.2042,0.0864,102.8923,0.0000,0.0000,0.0000,0.0000,0.0000,270.0021,0.0000,0.0000,0.0000,0.0000,0.0000,0.0000,0.0000,0.0000,0.0000,1,0,0,0,0,0.0000
153.2803,185.2042,0.0864,102.8923,0.0000,0.0000,0.0000,0.0000,0.0000,270.0021,0.0000,0.0000,0.0000,0.0000,0.0000,0.0000,0.0000,0.0000,0.0000,1,0,0,0,0,0.0000
153.3635,185.2042,0.0864,102.8923,0.0000,0.0000,0.0000,0.0000,0.0000,270.0021,0.0000,0.0000,0.0000,0.0000,0.0000,0.0000,0.0000,0.0000,0.0000,1,0,0,0,0,0.0000
153.4257,185.2042,0.0864,102.8923,0.0000,0.0000,0.0000,0.0000,0.0000,270.0021,0.0000,0.0000,0.0000,0.0000,0.0000,0.0000,0.0000,0.0000,0.0000,1,0,0,0,0,0.0000
153.4951,185.2042,0.0864,102.8923,0.0000,0.0000,0.0000,0.0000,0.0000,270.0021,0.0000,0.0000,0.0000,0.0000,0.0000,0.0000,0.0000,0.0000,0.0000,1,0,0,0,0,0.0000
153.5685,185.2042,0.0864,102.8923,0.0000,0.0000,0.0000,0.0000,0.0000,270.0021,0.0000,0.0000,0.0000,0.0000,0.0000,0.0000,0.0000,0.0000,0.0000,1,0,0,0,0,0.0000
153.6310,185.2042,0.0864,102.8923,0.0000,0.0000,0.0000,0.0000,0.0000,270.0021,0.0000,0.0000,0.0000,0.0000,0.0000,0.0000,0.0000,0.0000,0.0000,1,0,0,0,0,0.0000
153.7002,185.2042,0.0864,102.8923,0.0000,0.0000,0.0000,0.0000,0.0000,270.0021,0.0000,0.0000,0.0000,0.0000,0.0000,0.0000,0.0000,0.0000,0.0000,1,0,0,0,0,0.0000
153.7562,185.2042,0.0864,102.8923,0.0000,0.0000,0.0000,0.0000,0.0000,270.0021,0.0000,0.0000,0.0000,0.0000,0.0000,0.0000,0.0000,0.0000,0.0000,1,0,0,0,0,0.0000
153.8117,185.2042,0.0864,102.8923,0.0000,0.0000,0.0000,0.0000,0.0000,270.0021,0.0000,0.0000,0.0000,0.0000,0.0000,0.0000,0.0000,0.0000,0.0000,1,0,0,0,0,0.0000
153.8676,185.2042,0.0864,102.8923,0.0000,0.0000,0.0000,0.0000,0.0000,270.0021,0.0000,0.0000,0.0000,0.0000,0.0000,0.0000,0.0000,0.0000,0.0000,1,0,0,0,0,0.0000
153.9230,185.2042,0.0864,102.8923,0.0000,0.0000,0.0000,0.0000,0.0000,270.0021,0.0000,0.0000,0.0000,0.0000,0.0000,0.0000,0.0000,0.0000,0.0000,1,0,0,0,0,0.0000
153.9787,185.2042,0.0864,102.8923,0.0000,0.0000,0.0000,0.0000,0.0000,270.0021,0.0000,0.0000,0.0000,0.0000,0.0000,0.0000,0.0000,0.0000,0.0000,1,0,0,0,0,0.0000
154.0348,185.2042,0.0864,102.8923,0.0000,0.0000,0.0000,0.0000,0.0000,270.0021,0.0000,0.0000,0.0000,0.0000,0.0000,0.0000,0.0000,0.0000,0.0000,1,0,0,0,0,0.0000
154.1035,185.2042,0.0864,102.8923,0.0000,0.0000,0.0000,0.0000,0.0000,270.0021,0.0000,0.0000,0.0000,0.0000,0.0000,0.0000,0.0000,0.0000,0.0000,1,0,0,0,0,0.0000
154.1613,185.2042,0.0864,102.8923,0.0000,0.0000,0.0000,0.0000,0.0000,270.0021,0.0000,0.0000,0.0000,0.0000,0.0000,0.0000,0.0000,0.0000,0.0000,1,0,0,0,0,0.0000
154.2279,185.2042,0.0864,102.8923,0.0000,0.0000,0.0000,0.0000,0.0000,270.0021,0.0000,0.0000,0.0000,0.0000,0.0000,0.0000,0.0000,0.0000,0.0000,1,0,0,0,0,0.0000
154.2851,185.2042,0.0864,102.8923,0.0000,0.0000,0.0000,0.0000,0.0000,270.0021,0.0000,0.0000,0.0000,0.0000,0.0000,0.0000,0.0000,0.0000,0.0000,1,0,0,0,0,0.0000
154.3400,185.2042,0.0864,102.8923,0.0000,0.0000,0.0000,0.0000,0.0000,270.0021,0.0000,0.0000,0.0000,0.0000,0.0000,0.0000,0.0000,0.0000,0.0000,1,0,0,0,0,0.0000
154.3947,185.2042,0.0864,102.8923,0.0000,0.0000,0.0000,0.0000,0.0000,270.0021,0.0000,0.0000,0.0000,0.0000,0.0000,0.0000,0.0000,0.0000,0.0000,1,0,0,0,0,0.0000
154.4531,185.2042,0.0864,102.8923,0.0000,0.0000,0.0000,0.0000,0.0000,270.0021,0.0000,0.0000,0.0000,0.0000,0.0000,0.0000,0.0000,0.0000,0.0000,1,0,0,0,0,0.0000
154.5065,185.2042,0.0864,102.8923,0.0000,0.0000,0.0000,0.0000,0.0000,270.0021,0.0000,0.0000,0.0000,0.0000,0.0000,0.0000,0.0000,0.0000,0.0000,1,0,0,0,0,0.0000
154.5757,185.2042,0.0864,102.8923,0.0000,0.0000,0.0000,0.0000,0.0000,270.0021,0.0000,0.0000,0.0000,0.0000,0.0000,0.0000,0.0000,0.0000,0.0000,1,0,0,0,0,0.0000
154.6304,185.2042,0.0864,102.8923,0.0000,0.0000,0.0000,0.0000,0.0000,270.0021,0.0000,0.0000,0.0000,0.0000,0.0000,0.0000,0.0000,0.0000,0.0000,1,0,0,0,0,0.0000
154.7003,185.2042,0.0864,102.8923,0.0000,0.0000,0.0000,0.0000,0.0000,270.0021,0.0000,0.0000,0.0000,0.0000,0.0000,0.0000,0.0000,0.0000,0.0000,1,0,0,0,0,0.0000
154.7556,185.2042,0.0864,102.8923,0.0000,0.0000,0.0000,0.0000,0.0000,270.0021,0.0000,0.0000,0.0000,0.0000,0.0000,0.0000,0.0000,0.0000,0.0000,1,0,0,0,0,0.0000
154.8113,185.2042,0.0864,102.8923,0.0000,0.0000,0.0000,0.0000,0.0000,270.0021,0.0000,0.0000,0.0000,0.0000,0.0000,0.0000,0.0000,0.0000,0.0000,1,0,0,0,0,0.0000
154.8805,185.2042,0.0864,102.8923,0.0000,0.0000,0.0000,0.0000,0.0000,270.0021,0.0000,0.0000,0.0000,0.0000,0.0000,0.0000,0.0000,0.0000,0.0000,1,0,0,0,0,0.0000
154.9358,185.2042,0.0864,102.8923,0.0000,0.0000,0.0000,0.0000,0.0000,270.0021,0.0000,0.0000,0.0000,0.0000,0.0000,0.0000,0.0000,0.0000,0.0000,1,0,0,0,0,0.0000
154.9912,185.2042,0.0864,102.8923,0.0000,0.0000,0.0000,0.0000,0.0000,270.0021,0.0000,0.0000,0.0000,0.0000,0.0000,0.0000,0.0000,0.0000,0.0000,1,0,0,0,0,0.0000
155.0463,185.2042,0.0864,102.8923,0.0000,0.0000,0.0000,0.0000,0.0000,270.0021,0.0000,0.0000,0.0000,0.0000,0.0000,0.0000,0.0000,0.0000,0.0000,1,0,0,0,0,0.0000
155.1167,185.2042,0.0864,102.8923,0.0000,0.0000,0.0000,0.0000,0.0000,270.0021,0.0000,0.0000,0.0000,0.0000,0.0000,0.0000,0.0000,0.0000,0.0000,1,0,0,0,0,0.0000
155.1882,185.2042,0.0864,102.8923,0.0000,0.0000,0.0000,0.0000,0.0000,270.0021,0.0000,0.0000,0.0000,0.0000,0.0000,0.0000,0.0000,0.0000,0.0000,1,0,0,0,0,0.0000
155.2430,185.2042,0.0864,102.8923,0.0000,0.0000,0.0000,0.0000,0.0000,270.0021,0.0000,0.0000,0.0000,0.0000,0.0000,0.0000,0.0000,0.0000,0.0000,1,0,0,0,0,0.0000
155.3116,185.2042,0.0864,102.8923,0.0000,0.0000,0.0000,0.0000,0.0000,270.0021,0.0000,0.0000,0.0000,0.0000,0.0000,0.0000,0.0000,0.0000,0.0000,1,0,0,0,0,0.0000
155.3676,185.2042,0.0864,102.8923,0.0000,0.0000,0.0000,0.0000,0.0000,270.0021,0.0000,0.0000,0.0000,0.0000,0.0000,0.0000,0.0000,0.0000,0.0000,1,0,0,0,0,0.0000
155.4362,185.2042,0.0864,102.8923,0.0000,0.0000,0.0000,0.0000,0.0000,270.0021,0.0000,0.0000,0.0000,0.0000,0.0000,0.0000,0.0000,0.0000,0.0000,1,0,0,0,0,0.0000
155.4915,185.2042,0.0864,102.8923,0.0000,0.0000,0.0000,0.0000,0.0000,270.0021,0.0000,0.0000,0.0000,0.0000,0.0000,0.0000,0.0000,0.0000,0.0000,1,0,0,0,0,0.0000
155.5468,185.2042,0.0864,102.8923,0.0000,0.0000,0.0000,0.0000,0.0000,270.0021,0.0000,0.0000,0.0000,0.0000,0.0000,0.0000,0.0000,0.0000,0.0000,1,0,0,0,0,0.0000
155.6023,185.2042,0.0864,102.8923,0.0000,0.0000,0.0000,0.0000,0.0000,270.0021,0.0000,0.0000,0.0000,0.0000,0.0000,0.0000,0.0000,0.0000,0.0000,1,0,0,0,0,0.0000
155.6582,185.2042,0.0864,102.8923,0.0000,0.0000,0.0000,0.0000,0.0000,270.0021,0.0000,0.0000,0.0000,0.0000,0.0000,0.0000,0.0000,0.0000,0.0000,1,0,0,0,0,0.0000
155.7152,185.2042,0.0864,102.8923,0.0000,0.0000,0.0000,0.0000,0.0000,270.0021,0.0000,0.0000,0.0000,0.0000,0.0000,0.0000,0.0000,0.0000,0.0000,1,0,0,0,0,0.0000
155.7692,185.2042,0.0864,102.8923,0.0000,0.0000,0.0000,0.0000,0.0000,270.0021,0.0000,0.0000,0.0000,0.0000,0.0000,0.0000,0.0000,0.0000,0.0000,1,0,0,0,0,0.0000
155.8389,185.2042,0.0864,102.8923,0.0000,0.0000,0.0000,0.0000,0.0000,270.0021,0.0000,0.0000,0.0000,0.0000,0.0000,0.0000,0.0000,0.0000,0.0000,1,0,0,0,0,0.0000
155.9088,185.2042,0.0864,102.8923,0.0000,0.0000,0.0000,0.0000,0.0000,270.0021,0.0000,0.0000,0.0000,0.0000,0.0000,0.0000,0.0000,0.0000,0.0000,1,0,0,0,0,0.0000
155.9649,185.2042,0.0864,102.8923,0.0000,0.0000,0.0000,0.0000,0.0000,270.0021,0.0000,0.0000,0.0000,0.0000,0.0000,0.0000,0.0000,0.0000,0.0000,1,0,0,0,0,0.0000
156.0204,185.2042,0.0864,102.8923,0.0000,0.0000,0.0000,0.0000,0.0000,270.0021,0.0000,0.0000,0.0000,0.0000,0.0000,0.0000,0.0000,0.0000,0.0000,1,0,0,0,0,0.0000
156.0767,185.2042,0.0864,102.8923,0.0000,0.0000,0.0000,0.0000,0.0000,270.0021,0.0000,0.0000,0.0000,0.0000,0.0000,0.0000,0.0000,0.0000,0.0000,1,0,0,0,0,0.0000
156.1312,185.2042,0.0864,102.8923,0.0000,0.0000,0.0000,0.0000,0.0000,270.0021,0.0000,0.0000,0.0000,0.0000,0.0000,0.0000,0.0000,0.0000,0.0000,1,0,0,0,0,0.0000
156.1875,185.2042,0.0864,102.8923,0.0000,0.0000,0.0000,0.0000,0.0000,270.0021,0.0000,0.0000,0.0000,0.0000,0.0000,0.0000,0.0000,0.0000,0.0000,1,0,0,0,0,0.0000
156.2414,185.2042,0.0864,102.8923,0.0000,0.0000,0.0000,0.0000,0.0000,270.0021,0.0000,0.0000,0.0000,0.0000,0.0000,0.0000,0.0000,0.0000,0.0000,1,0,0,0,0,0.0000
156.2979,185.2042,0.0864,102.8923,0.0000,0.0000,0.0000,0.0000,0.0000,270.0021,0.0000,0.0000,0.0000,0.0000,0.0000,0.0000,0.0000,0.0000,0.0000,1,0,0,0,0,0.0000
156.3666,185.2042,0.0864,102.8923,0.0000,0.0000,0.0000,0.0000,0.0000,270.0021,0.0000,0.0000,0.0000,0.0000,0.0000,0.0000,0.0000,0.0000,0.0000,1,0,0,0,0,0.0000
156.4218,185.2042,0.0864,102.8923,0.0000,0.0000,0.0000,0.0000,0.0000,270.0021,0.0000,0.0000,0.0000,0.0000,0.0000,0.0000,0.0000,0.0000,0.0000,1,0,0,0,0,0.0000
156.4778,185.2042,0.0864,102.8923,0.0000,0.0000,0.0000,0.0000,0.0000,270.0021,0.0000,0.0000,0.0000,0.0000,0.0000,0.0000,0.0000,0.0000,0.0000,1,0,0,0,0,0.0000
156.5470,185.2042,0.0864,102.8923,0.0000,0.0000,0.0000,0.0000,0.0000,270.0021,0.0000,0.0000,0.0000,0.0000,0.0000,0.0000,0.0000,0.0000,0.0000,1,0,0,0,0,0.0000
156.6047,185.2042,0.0864,102.8923,0.0000,0.0000,0.0000,0.0000,0.0000,270.0021,0.0000,0.0000,0.0000,0.0000,0.0000,0.0000,0.0000,0.0000,0.0000,1,0,0,0,0,0.0000
156.6584,185.2042,0.0864,102.8923,0.0000,0.0000,0.0000,0.0000,0.0000,270.0021,0.0000,0.0000,0.0000,0.0000,0.0000,0.0000,0.0000,0.0000,0.0000,1,0,0,0,0,0.0000
156.7137,185.2042,0.0864,102.8923,0.0000,0.0000,0.0000,0.0000,0.0000,270.0021,0.0000,0.0000,0.0000,0.0000,0.0000,0.0000,0.0000,0.0000,0.0000,1,0,0,0,0,0.0000
156.7713,185.2042,0.0864,102.8923,0.0000,0.0000,0.0000,0.0000,0.0000,270.0021,0.0000,0.0000,0.0000,0.0000,0.0000,0.0000,0.0000,0.0000,0.0000,1,0,0,0,0,0.0000
156.8254,185.2042,0.0864,102.8923,0.0000,0.0000,0.0000,0.0000,0.0000,270.0021,0.0000,0.0000,0.0000,0.0000,0.0000,0.0000,0.0000,0.0000,0.0000,1,0,0,0,0,0.0000
156.9223,185.2042,0.0864,102.8923,0.0000,0.0000,0.0000,0.0000,0.0000,270.0021,0.0000,0.0000,0.0000,0.0000,0.0000,0.0000,0.0000,0.0000,0.0000,1,0,0,0,0,0.0000
156.9807,185.2042,0.0864,102.8923,0.0000,0.0000,0.0000,0.0000,0.0000,270.0021,0.0000,0.0000,0.0000,0.0000,0.0000,0.0000,0.0000,0.0000,0.0000,1,0,0,0,0,0.0000
157.0335,185.2042,0.0864,102.8923,0.0000,0.0000,0.0000,0.0000,0.0000,270.0021,0.0000,0.0000,0.0000,0.0000,0.0000,0.0000,0.0000,0.0000,0.0000,1,0,0,0,0,0.0000
157.0890,185.2042,0.0864,102.8923,0.0000,0.0000,0.0000,0.0000,0.0000,270.0021,0.0000,0.0000,0.0000,0.0000,0.0000,0.0000,0.0000,0.0000,0.0000,1,0,0,0,0,0.0000
157.1450,185.2042,0.0864,102.8923,0.0000,0.0000,0.0000,0.0000,0.0000,270.0021,0.0000,0.0000,0.0000,0.0000,0.0000,0.0000,0.0000,0.0000,0.0000,1,0,0,0,0,0.0000
157.1998,185.2042,0.0864,102.8923,0.0000,0.0000,0.0000,0.0000,0.0000,270.0021,0.0000,0.0000,0.0000,0.0000,0.0000,0.0000,0.0000,0.0000,0.0000,1,0,0,0,0,0.0000
157.2563,185.2042,0.0864,102.8923,0.0000,0.0000,0.0000,0.0000,0.0000,270.0021,0.0000,0.0000,0.0000,0.0000,0.0000,0.0000,0.0000,0.0000,0.0000,1,0,0,0,0,0.0000
157.3116,185.2042,0.0864,102.8923,0.0000,0.0000,0.0000,0.0000,0.0000,270.0021,0.0000,0.0000,0.0000,0.0000,0.0000,0.0000,0.0000,0.0000,0.0000,1,0,0,0,0,0.0000
157.3706,185.2042,0.0864,102.8923,0.0000,0.0000,0.0000,0.0000,0.0000,270.0021,0.0000,0.0000,0.0000,0.0000,0.0000,0.0000,0.0000,0.0000,0.0000,1,0,0,0,0,0.0000
157.4388,185.2042,0.0864,102.8923,0.0000,0.0000,0.0000,0.0000,0.0000,270.0021,0.0000,0.0000,0.0000,0.0000,0.0000,0.0000,0.0000,0.0000,0.0000,1,0,0,0,0,0.0000
157.4922,185.2042,0.0864,102.8923,0.0000,0.0000,0.0000,0.0000,0.0000,270.0021,0.0000,0.0000,0.0000,0.0000,0.0000,0.0000,0.0000,0.0000,0.0000,1,0,0,0,0,0.0000
157.5475,185.2042,0.0864,102.8923,0.0000,0.0000,0.0000,0.0000,0.0000,270.0021,0.0000,0.0000,0.0000,0.0000,0.0000,0.0000,0.0000,0.0000,0.0000,1,0,0,0,0,0.0000
157.6033,185.2042,0.0864,102.8923,0.0000,0.0000,0.0000,0.0000,0.0000,270.0021,0.0000,0.0000,0.0000,0.0000,0.0000,0.0000,0.0000,0.0000,0.0000,1,0,0,0,0,0.0000
157.6725,185.2042,0.0864,102.8923,0.0000,0.0000,0.0000,0.0000,0.0000,270.0021,0.0000,0.0000,0.0000,0.0000,0.0000,0.0000,0.0000,0.0000,0.0000,1,0,0,0,0,0.0000
157.7426,185.2042,0.0864,102.8923,0.0000,0.0000,0.0000,0.0000,0.0000,270.0021,0.0000,0.0000,0.0000,0.0000,0.0000,0.0000,0.0000,0.0000,0.0000,1,0,0,0,0,0.0000
157.7971,185.2042,0.0864,102.8923,0.0000,0.0000,0.0000,0.0000,0.0000,270.0021,0.0000,0.0000,0.0000,0.0000,0.0000,0.0000,0.0000,0.0000,0.0000,1,0,0,0,0,0.0000
157.8535,185.2042,0.0864,102.8923,0.0000,0.0000,0.0000,0.0000,0.0000,270.0021,0.0000,0.0000,0.0000,0.0000,0.0000,0.0000,0.0000,0.0000,0.0000,1,0,0,0,0,0.0000
157.9097,185.2042,0.0864,102.8923,0.0000,0.0000,0.0000,0.0000,0.0000,270.0021,0.0000,0.0000,0.0000,0.0000,0.0000,0.0000,0.0000,0.0000,0.0000,1,0,0,0,0,0.0000
157.9779,185.2042,0.0864,102.8923,0.0000,0.0000,0.0000,0.0000,0.0000,270.0021,0.0000,0.0000,0.0000,0.0000,0.0000,0.0000,0.0000,0.0000,0.0000,1,0,0,0,0,0.0000
158.0338,185.2042,0.0864,102.8923,0.0000,0.0000,0.0000,0.0000,0.0000,270.0021,0.0000,0.0000,0.0000,0.0000,0.0000,0.0000,0.0000,0.0000,0.0000,1,0,0,0,0,0.0000
158.1029,185.2042,0.0864,102.8923,0.0000,0.0000,0.0000,0.0000,0.0000,270.0021,0.0000,0.0000,0.0000,0.0000,0.0000,0.0000,0.0000,0.0000,0.0000,1,0,0,0,0,0.0000
158.1584,185.2042,0.0864,102.8923,0.0000,0.0000,0.0000,0.0000,0.0000,270.0021,0.0000,0.0000,0.0000,0.0000,0.0000,0.0000,0.0000,0.0000,0.0000,1,0,0,0,0,0.0000
158.2278,185.2042,0.0864,102.8923,0.0000,0.0000,0.0000,0.0000,0.0000,270.0021,0.0000,0.0000,0.0000,0.0000,0.0000,0.0000,0.0000,0.0000,0.0000,1,0,0,0,0,0.0000
158.2835,185.2042,0.0864,102.8923,0.0000,0.0000,0.0000,0.0000,0.0000,270.0021,0.0000,0.0000,0.0000,0.0000,0.0000,0.0000,0.0000,0.0000,0.0000,1,0,0,0,0,0.0000
158.3386,185.2042,0.0864,102.8923,0.0000,0.0000,0.0000,0.0000,0.0000,270.0021,0.0000,0.0000,0.0000,0.0000,0.0000,0.0000,0.0000,0.0000,0.0000,1,0,0,0,0,0.0000
158.3952,185.2042,0.0864,102.8923,0.0000,0.0000,0.0000,0.0000,0.0000,270.0021,0.0000,0.0000,0.0000,0.0000,0.0000,0.0000,0.0000,0.0000,0.0000,1,0,0,0,0,0.0000
158.4534,185.2042,0.0864,102.8923,0.0000,0.0000,0.0000,0.0000,0.0000,270.0021,0.0000,0.0000,0.0000,0.0000,0.0000,0.0000,0.0000,0.0000,0.0000,1,0,0,0,0,0.0000
158.5348,185.2042,0.0864,102.8923,0.0000,0.0000,0.0000,0.0000,0.0000,270.0021,0.0000,0.0000,0.0000,0.0000,0.0000,0.0000,0.0000,0.0000,0.0000,1,0,0,0,0,0.0000
158.5900,185.2042,0.0864,102.8923,0.0000,0.0000,0.0000,0.0000,0.0000,270.0021,0.0000,0.0000,0.0000,0.0000,0.0000,0.0000,0.0000,0.0000,0.0000,1,0,0,0,0,0.0000
158.6462,185.2042,0.0864,102.8923,0.0000,0.0000,0.0000,0.0000,0.0000,270.0021,0.0000,0.0000,0.0000,0.0000,0.0000,0.0000,0.0000,0.0000,0.0000,1,0,0,0,0,0.0000
158.7013,185.2042,0.0864,102.8923,0.0000,0.0000,0.0000,0.0000,0.0000,270.0021,0.0000,0.0000,0.0000,0.0000,0.0000,0.0000,0.0000,0.0000,0.0000,1,0,0,0,0,0.0000
158.7561,185.2042,0.0864,102.8923,0.0000,0.0000,0.0000,0.0000,0.0000,270.0021,0.0000,0.0000,0.0000,0.0000,0.0000,0.0000,0.0000,0.0000,0.0000,1,0,0,0,0,0.0000
158.8269,185.2042,0.0864,102.8923,0.0000,0.0000,0.0000,0.0000,0.0000,270.0021,0.0000,0.0000,0.0000,0.0000,0.0000,0.0000,0.0000,0.0000,0.0000,1,0,0,0,0,0.0000
158.8813,185.2042,0.0864,102.8923,0.0000,0.0000,0.0000,0.0000,0.0000,270.0021,0.0000,0.0000,0.0000,0.0000,0.0000,0.0000,0.0000,0.0000,0.0000,1,0,0,0,0,0.0000
158.9377,185.2042,0.0864,102.8923,0.0000,0.0000,0.0000,0.0000,0.0000,270.0021,0.0000,0.0000,0.0000,0.0000,0.0000,0.0000,0.0000,0.0000,0.0000,1,0,0,0,0,0.0000
158.9919,185.2042,0.0864,102.8923,0.0000,0.0000,0.0000,0.0000,0.0000,270.0021,0.0000,0.0000,0.0000,0.0000,0.0000,0.0000,0.0000,0.0000,0.0000,1,0,0,0,0,0.0000
159.0614,185.2042,0.0864,102.8923,0.0000,0.0000,0.0000,0.0000,0.0000,270.0021,0.0000,0.0000,0.0000,0.0000,0.0000,0.0000,0.0000,0.0000,0.0000,1,0,0,0,0,0.0000
159.1185,185.2042,0.0864,102.8923,0.0000,0.0000,0.0000,0.0000,0.0000,270.0021,0.0000,0.0000,0.0000,0.0000,0.0000,0.0000,0.0000,0.0000,0.0000,1,0,0,0,0,0.0000
159.1718,185.2042,0.0864,102.8923,0.0000,0.0000,0.0000,0.0000,0.0000,270.0021,0.0000,0.0000,0.0000,0.0000,0.0000,0.0000,0.0000,0.0000,0.0000,1,0,0,0,0,0.0000
159.2302,185.2042,0.0864,102.8923,0.0000,0.0000,0.0000,0.0000,0.0000,270.0021,0.0000,0.0000,0.0000,0.0000,0.0000,0.0000,0.0000,0.0000,0.0000,1,0,0,0,0,0.0000
159.2845,185.2042,0.0864,102.8923,0.0000,0.0000,0.0000,0.0000,0.0000,270.0021,0.0000,0.0000,0.0000,0.0000,0.0000,0.0000,0.0000,0.0000,0.0000,1,0,0,0,0,0.0000
159.3418,185.2042,0.0864,102.8923,0.0000,0.0000,0.0000,0.0000,0.0000,270.0021,0.0000,0.0000,0.0000,0.0000,0.0000,0.0000,0.0000,0.0000,0.0000,1,0,0,0,0,0.0000
159.4090,185.2042,0.0864,102.8923,0.0000,0.0000,0.0000,0.0000,0.0000,270.0021,0.0000,0.0000,0.0000,0.0000,0.0000,0.0000,0.0000,0.0000,0.0000,1,0,0,0,0,0.0000
159.4654,185.2042,0.0864,102.8923,0.0000,0.0000,0.0000,0.0000,0.0000,270.0021,0.0000,0.0000,0.0000,0.0000,0.0000,0.0000,0.0000,0.0000,0.0000,1,0,0,0,0,0.0000
159.5219,185.2042,0.0864,102.8923,0.0000,0.0000,0.0000,0.0000,0.0000,270.0021,0.0000,0.0000,0.0000,0.0000,0.0000,0.0000,0.0000,0.0000,0.0000,1,0,0,0,0,0.0000
159.5903,185.2042,0.0864,102.8923,0.0000,0.0000,0.0000,0.0000,0.0000,270.0021,0.0000,0.0000,0.0000,0.0000,0.0000,0.0000,0.0000,0.0000,0.0000,1,0,0,0,0,0.0000
159.6449,185.2042,0.0864,102.8923,0.0000,0.0000,0.0000,0.0000,0.0000,270.0021,0.0000,0.0000,0.0000,0.0000,0.0000,0.0000,0.0000,0.0000,0.0000,1,0,0,0,0,0.0000
159.7018,185.2042,0.0864,102.8923,0.0000,0.0000,0.0000,0.0000,0.0000,270.0021,0.0000,0.0000,0.0000,0.0000,0.0000,0.0000,0.0000,0.0000,0.0000,1,0,0,0,0,0.0000
159.7620,185.2042,0.0864,102.8923,0.0000,0.0000,0.0000,0.0000,0.0000,270.0021,0.0000,0.0000,0.0000,0.0000,0.0000,0.0000,0.0000,0.0000,0.0000,1,0,0,0,0,0.0000
159.8243,185.2042,0.0864,102.8923,0.0000,0.0000,0.0000,0.0000,0.0000,270.0021,0.0000,0.0000,0.0000,0.0000,0.0000,0.0000,0.0000,0.0000,0.0000,1,0,0,0,0,0.0000
159.8960,185.2042,0.0864,102.8923,0.0000,0.0000,0.0000,0.0000,0.0000,270.0021,0.0000,0.0000,0.0000,0.0000,0.0000,0.0000,0.0000,0.0000,0.0000,1,0,0,0,0,0.0000
159.9523,185.2042,0.0864,102.8923,0.0000,0.0000,0.0000,0.0000,0.0000,270.0021,0.0000,0.0000,0.0000,0.0000,0.0000,0.0000,0.0000,0.0000,0.0000,1,0,0,0,0,0.0000
160.0066,185.2042,0.0864,102.8923,0.0000,0.0000,0.0000,0.0000,0.0000,270.0021,0.0000,0.0000,0.0000,0.0000,0.0000,0.0000,0.0000,0.0000,0.0000,1,0,0,0,0,0.0000
160.0613,185.2042,0.0864,102.8923,0.0000,0.0000,0.0000,0.0000,0.0000,270.0021,0.0000,0.0000,0.0000,0.0000,0.0000,0.0000,0.0000,0.0000,0.0000,1,0,0,0,0,0.0000
160.1176,185.2042,0.0864,102.8923,0.0000,0.0000,0.0000,0.0000,0.0000,270.0021,0.0000,0.0000,0.0000,0.0000,0.0000,0.0000,0.0000,0.0000,0.0000,1,0,0,0,0,0.0000
160.1739,185.2042,0.0864,102.8923,0.0000,0.0000,0.0000,0.0000,0.0000,270.0021,0.0000,0.0000,0.0000,0.0000,0.0000,0.0000,0.0000,0.0000,0.0000,1,0,0,0,0,0.0000
160.2289,185.2042,0.0864,102.8923,0.0000,0.0000,0.0000,0.0000,0.0000,270.0021,0.0000,0.0000,0.0000,0.0000,0.0000,0.0000,0.0000,0.0000,0.0000,1,0,0,0,0,0.0000
160.2845,185.2042,0.0864,102.8923,0.0000,0.0000,0.0000,0.0000,0.0000,270.0021,0.0000,0.0000,0.0000,0.0000,0.0000,0.0000,0.0000,0.0000,0.0000,1,0,0,0,0,0.0000
160.3387,185.2042,0.0864,102.8923,0.0000,0.0000,0.0000,0.0000,0.0000,270.0021,0.0000,0.0000,0.0000,0.0000,0.0000,0.0000,0.0000,0.0000,0.0000,1,0,0,0,0,0.0000
160.3958,185.2042,0.0864,102.8923,0.0000,0.0000,0.0000,0.0000,0.0000,270.0021,0.0000,0.0000,0.0000,0.0000,0.0000,0.0000,0.0000,0.0000,0.0000,1,0,0,0,0,0.0000
160.4521,185.2042,0.0864,102.8923,0.0000,0.0000,0.0000,0.0000,0.0000,270.0021,0.0000,0.0000,0.0000,0.0000,0.0000,0.0000,0.0000,0.0000,0.0000,1,0,0,0,0,0.0000
160.5070,185.2042,0.0864,102.8923,0.0000,0.0000,0.0000,0.0000,0.0000,270.0021,0.0000,0.0000,0.0000,0.0000,0.0000,0.0000,0.0000,0.0000,0.0000,1,0,0,0,0,0.0000
160.5607,185.2042,0.0864,102.8923,0.0000,0.0000,0.0000,0.0000,0.0000,270.0021,0.0000,0.0000,0.0000,0.0000,0.0000,0.0000,0.0000,0.0000,0.0000,1,0,0,0,0,0.0000
160.6171,185.2042,0.0864,102.8923,0.0000,0.0000,0.0000,0.0000,0.0000,270.0021,0.0000,0.0000,0.0000,0.0000,0.0000,0.0000,0.0000,0.0000,0.0000,1,0,0,0,0,0.0000
160.6871,185.2042,0.0864,102.8923,0.0000,0.0000,0.0000,0.0000,0.0000,270.0021,0.0000,0.0000,0.0000,0.0000,0.0000,0.0000,0.0000,0.0000,0.0000,1,0,0,0,0,0.0000
160.7422,185.2042,0.0864,102.8923,0.0000,0.0000,0.0000,0.0000,0.0000,270.0021,0.0000,0.0000,0.0000,0.0000,0.0000,0.0000,0.0000,0.0000,0.0000,1,0,0,0,0,0.0000
160.7965,185.2042,0.0864,102.8923,0.0000,0.0000,0.0000,0.0000,0.0000,270.0021,0.0000,0.0000,0.0000,0.0000,0.0000,0.0000,0.0000,0.0000,0.0000,1,0,0,0,0,0.0000
160.8671,185.2042,0.0864,102.8923,0.0000,0.0000,0.0000,0.0000,0.0000,270.0021,0.0000,0.0000,0.0000,0.0000,0.0000,0.0000,0.0000,0.0000,0.0000,1,0,0,0,0,0.0000
160.9232,185.2042,0.0864,102.8923,0.0000,0.0000,0.0000,0.0000,0.0000,270.0021,0.0000,0.0000,0.0000,0.0000,0.0000,0.0000,0.0000,0.0000,0.0000,1,0,0,0,0,0.0000
160.9783,185.2042,0.0864,102.8923,0.0000,0.0000,0.0000,0.0000,0.0000,270.0021,0.0000,0.0000,0.0000,0.0000,0.0000,0.0000,0.0000,0.0000,0.0000,1,0,0,0,0,0.0000
161.0477,185.2042,0.0864,102.8923,0.0000,0.0000,0.0000,0.0000,0.0000,270.0021,0.0000,0.0000,0.0000,0.0000,0.0000,0.0000,0.0000,0.0000,0.0000,1,0,0,0,0,0.0000
161.1041,185.2042,0.0864,102.8923,0.0000,0.0000,0.0000,0.0000,0.0000,270.0021,0.0000,0.0000,0.0000,0.0000,0.0000,0.0000,0.0000,0.0000,0.0000,1,0,0,0,0,0.0000
161.1591,185.2042,0.0864,102.8923,0.0000,0.0000,0.0000,0.0000,0.0000,270.0021,0.0000,0.0000,0.0000,0.0000,0.0000,0.0000,0.0000,0.0000,0.0000,1,0,0,0,0,0.0000
161.2275,185.2042,0.0864,102.8923,0.0000,0.0000,0.0000,0.0000,0.0000,270.0021,0.0000,0.0000,0.0000,0.0000,0.0000,0.0000,0.0000,0.0000,0.0000,1,0,0,0,0,0.0000
161.2832,185.2042,0.0864,102.8923,0.0000,0.0000,0.0000,0.0000,0.0000,270.0021,0.0000,0.0000,0.0000,0.0000,0.0000,0.0000,0.0000,0.0000,0.0000,1,0,0,0,0,0.0000
161.3384,185.2042,0.0864,102.8923,0.0000,0.0000,0.0000,0.0000,0.0000,270.0021,0.0000,0.0000,0.0000,0.0000,0.0000,0.0000,0.0000,0.0000,0.0000,1,0,0,0,0,0.0000
161.3941,185.2042,0.0864,102.8923,0.0000,0.0000,0.0000,0.0000,0.0000,270.0021,0.0000,0.0000,0.0000,0.0000,0.0000,0.0000,0.0000,0.0000,0.0000,1,0,0,0,0,0.0000
161.4493,185.2042,0.0864,102.8923,0.0000,0.0000,0.0000,0.0000,0.0000,270.0021,0.0000,0.0000,0.0000,0.0000,0.0000,0.0000,0.0000,0.0000,0.0000,1,0,0,0,0,0.0000
161.5158,185.2042,0.0864,102.8923,0.0000,0.0000,0.0000,0.0000,0.0000,270.0021,0.0000,0.0000,0.0000,0.0000,0.0000,0.0000,0.0000,0.0000,0.0000,1,0,0,0,0,0.0000
161.5763,185.2042,0.0864,102.8923,0.0000,0.0000,0.0000,0.0000,0.0000,270.0021,0.0000,0.0000,0.0000,0.0000,0.0000,0.0000,0.0000,0.0000,0.0000,1,0,0,0,0,0.0000
161.6308,185.2042,0.0864,102.8923,0.0000,0.0000,0.0000,0.0000,0.0000,270.0021,0.0000,0.0000,0.0000,0.0000,0.0000,0.0000,0.0000,0.0000,0.0000,1,0,0,0,0,0.0000
161.6859,185.2042,0.0864,102.8923,0.0000,0.0000,0.0000,0.0000,0.0000,270.0021,0.0000,0.0000,0.0000,0.0000,0.0000,0.0000,0.0000,0.0000,0.0000,1,0,0,0,0,0.0000
161.7557,185.2042,0.0864,102.8923,0.0000,0.0000,0.0000,0.0000,0.0000,270.0021,0.0000,0.0000,0.0000,0.0000,0.0000,0.0000,0.0000,0.0000,0.0000,1,0,0,0,0,0.0000
161.8129,185.2042,0.0864,102.8923,0.0000,0.0000,0.0000,0.0000,0.0000,270.0021,0.0000,0.0000,0.0000,0.0000,0.0000,0.0000,0.0000,0.0000,0.0000,1,0,0,0,0,0.0000
161.8681,185.2042,0.0864,102.8923,0.0000,0.0000,0.0000,0.0000,0.0000,270.0021,0.0000,0.0000,0.0000,0.0000,0.0000,0.0000,0.0000,0.0000,0.0000,1,0,0,0,0,0.0000
161.9222,185.2042,0.0864,102.8923,0.0000,0.0000,0.0000,0.0000,0.0000,270.0021,0.0000,0.0000,0.0000,0.0000,0.0000,0.0000,0.0000,0.0000,0.0000,1,0,0,0,0,0.0000
161.9915,185.2042,0.0864,102.8923,0.0000,0.0000,0.0000,0.0000,0.0000,270.0021,0.0000,0.0000,0.0000,0.0000,0.0000,0.0000,0.0000,0.0000,0.0000,1,0,0,0,0,0.0000
162.0480,185.2042,0.0864,102.8923,0.0000,0.0000,0.0000,0.0000,0.0000,270.0021,0.0000,0.0000,0.0000,0.0000,0.0000,0.0000,0.0000,0.0000,0.0000,1,0,0,0,0,0.0000
162.1036,185.2042,0.0864,102.8923,0.0000,0.0000,0.0000,0.0000,0.0000,270.0021,0.0000,0.0000,0.0000,0.0000,0.0000,0.0000,0.0000,0.0000,0.0000,1,0,0,0,0,0.0000
162.1585,185.2042,0.0864,102.8923,0.0000,0.0000,0.0000,0.0000,0.0000,270.0021,0.0000,0.0000,0.0000,0.0000,0.0000,0.0000,0.0000,0.0000,0.0000,1,0,0,0,0,0.0000
162.2151,185.2042,0.0864,102.8923,0.0000,0.0000,0.0000,0.0000,0.0000,270.0021,0.0000,0.0000,0.0000,0.0000,0.0000,0.0000,0.0000,0.0000,0.0000,1,0,0,0,0,0.0000
162.2835,185.2042,0.0864,102.8923,0.0000,0.0000,0.0000,0.0000,0.0000,270.0021,0.0000,0.0000,0.0000,0.0000,0.0000,0.0000,0.0000,0.0000,0.0000,1,0,0,0,0,0.0000
162.3401,185.2042,0.0864,102.8923,0.0000,0.0000,0.0000,0.0000,0.0000,270.0021,0.0000,0.0000,0.0000,0.0000,0.0000,0.0000,0.0000,0.0000,0.0000,1,0,0,0,0,0.0000
162.3934,185.2042,0.0864,102.8923,0.0000,0.0000,0.0000,0.0000,0.0000,270.0021,0.0000,0.0000,0.0000,0.0000,0.0000,0.0000,0.0000,0.0000,0.0000,1,0,0,0,0,0.0000
162.4492,185.2042,0.0864,102.8923,0.0000,0.0000,0.0000,0.0000,0.0000,270.0021,0.0000,0.0000,0.0000,0.0000,0.0000,0.0000,0.0000,0.0000,0.0000,1,0,0,0,0,0.0000
162.5049,185.2042,0.0864,102.8923,0.0000,0.0000,0.0000,0.0000,0.0000,270.0021,0.0000,0.0000,0.0000,0.0000,0.0000,0.0000,0.0000,0.0000,0.0000,1,0,0,0,0,0.0000
162.5747,185.2042,0.0864,102.8923,0.0000,0.0000,0.0000,0.0000,0.0000,270.0021,0.0000,0.0000,0.0000,0.0000,0.0000,0.0000,0.0000,0.0000,0.0000,1,0,0,0,0,0.0000
162.6310,185.2042,0.0864,102.8923,0.0000,0.0000,0.0000,0.0000,0.0000,270.0021,0.0000,0.0000,0.0000,0.0000,0.0000,0.0000,0.0000,0.0000,0.0000,1,0,0,0,0,0.0000
162.6859,185.2042,0.0864,102.8923,0.0000,0.0000,0.0000,0.0000,0.0000,270.0021,0.0000,0.0000,0.0000,0.0000,0.0000,0.0000,0.0000,0.0000,0.0000,1,0,0,0,0,0.0000
162.7687,185.2042,0.0864,102.8923,0.0000,0.0000,0.0000,0.0000,0.0000,270.0021,0.0000,0.0000,0.0000,0.0000,0.0000,0.0000,0.0000,0.0000,0.0000,1,0,0,0,0,0.0000
162.8379,185.2042,0.0864,102.8923,0.0000,0.0000,0.0000,0.0000,0.0000,270.0021,0.0000,0.0000,0.0000,0.0000,0.0000,0.0000,0.0000,0.0000,0.0000,1,0,0,0,0,0.0000
162.8933,185.2042,0.0864,102.8923,0.0000,0.0000,0.0000,0.0000,0.0000,270.0021,0.0000,0.0000,0.0000,0.0000,0.0000,0.0000,0.0000,0.0000,0.0000,1,0,0,0,0,0.0000
162.9480,185.2042,0.0864,102.8923,0.0000,0.0000,0.0000,0.0000,0.0000,270.0021,0.0000,0.0000,0.0000,0.0000,0.0000,0.0000,0.0000,0.0000,0.0000,1,0,0,0,0,0.0000
163.0039,185.2042,0.0864,102.8923,0.0000,0.0000,0.0000,0.0000,0.0000,270.0021,0.0000,0.0000,0.0000,0.0000,0.0000,0.0000,0.0000,0.0000,0.0000,1,0,0,0,0,0.0000
163.0738,185.2042,0.0864,102.8923,0.0000,0.0000,0.0000,0.0000,0.0000,270.0021,0.0000,0.0000,0.0000,0.0000,0.0000,0.0000,0.0000,0.0000,0.0000,1,0,0,0,0,0.0000
163.1290,185.2042,0.0864,102.8923,0.0000,0.0000,0.0000,0.0000,0.0000,270.0021,0.0000,0.0000,0.0000,0.0000,0.0000,0.0000,0.0000,0.0000,0.0000,1,0,0,0,0,0.0000
163.1849,185.2042,0.0864,102.8923,0.0000,0.0000,0.0000,0.0000,0.0000,270.0021,0.0000,0.0000,0.0000,0.0000,0.0000,0.0000,0.0000,0.0000,0.0000,1,0,0,0,0,0.0000
163.2417,185.2042,0.0864,102.8923,0.0000,0.0000,0.0000,0.0000,0.0000,270.0021,0.0000,0.0000,0.0000,0.0000,0.0000,0.0000,0.0000,0.0000,0.0000,1,0,0,0,0,0.0000
163.2956,185.2042,0.0864,102.8923,0.0000,0.0000,0.0000,0.0000,0.0000,270.0021,0.0000,0.0000,0.0000,0.0000,0.0000,0.0000,0.0000,0.0000,0.0000,1,0,0,0,0,0.0000
163.3657,185.2042,0.0864,102.8923,0.0000,0.0000,0.0000,0.0000,0.0000,270.0021,0.0000,0.0000,0.0000,0.0000,0.0000,0.0000,0.0000,0.0000,0.0000,1,0,0,0,0,0.0000
163.4210,185.2042,0.0864,102.8923,0.0000,0.0000,0.0000,0.0000,0.0000,270.0021,0.0000,0.0000,0.0000,0.0000,0.0000,0.0000,0.0000,0.0000,0.0000,1,0,0,0,0,0.0000
163.4904,185.2042,0.0864,102.8923,0.0000,0.0000,0.0000,0.0000,0.0000,270.0021,0.0000,0.0000,0.0000,0.0000,0.0000,0.0000,0.0000,0.0000,0.0000,1,0,0,0,0,0.0000
163.5463,185.2042,0.0864,102.8923,0.0000,0.0000,0.0000,0.0000,0.0000,270.0021,0.0000,0.0000,0.0000,0.0000,0.0000,0.0000,0.0000,0.0000,0.0000,1,0,0,0,0,0.0000
163.6022,185.2042,0.0864,102.8923,0.0000,0.0000,0.0000,0.0000,0.0000,270.0021,0.0000,0.0000,0.0000,0.0000,0.0000,0.0000,0.0000,0.0000,0.0000,1,0,0,0,0,0.0000
163.6568,185.2042,0.0864,102.8923,0.0000,0.0000,0.0000,0.0000,0.0000,270.0021,0.0000,0.0000,0.0000,0.0000,0.0000,0.0000,0.0000,0.0000,0.0000,1,0,0,0,0,0.0000
163.7135,185.2042,0.0864,102.8923,0.0000,0.0000,0.0000,0.0000,0.0000,270.0021,0.0000,0.0000,0.0000,0.0000,0.0000,0.0000,0.0000,0.0000,0.0000,1,0,0,0,0,0.0000
163.7679,185.2042,0.0864,102.8923,0.0000,0.0000,0.0000,0.0000,0.0000,270.0021,0.0000,0.0000,0.0000,0.0000,0.0000,0.0000,0.0000,0.0000,0.0000,1,0,0,0,0,0.0000
163.8259,185.2042,0.0864,102.8923,0.0000,0.0000,0.0000,0.0000,0.0000,270.0021,0.0000,0.0000,0.0000,0.0000,0.0000,0.0000,0.0000,0.0000,0.0000,1,0,0,0,0,0.0000
163.8933,185.2042,0.0864,102.8923,0.0000,0.0000,0.0000,0.0000,0.0000,270.0021,0.0000,0.0000,0.0000,0.0000,0.0000,0.0000,0.0000,0.0000,0.0000,1,0,0,0,0,0.0000
163.9487,185.2042,0.0864,102.8923,0.0000,0.0000,0.0000,0.0000,0.0000,270.0021,0.0000,0.0000,0.0000,0.0000,0.0000,0.0000,0.0000,0.0000,0.0000,1,0,0,0,0,0.0000
164.0082,185.2042,0.0864,102.8923,0.0000,0.0000,0.0000,0.0000,0.0000,270.0021,0.0000,0.0000,0.0000,0.0000,0.0000,0.0000,0.0000,0.0000,0.0000,1,0,0,0,0,0.0000
164.0597,185.2042,0.0864,102.8923,0.0000,0.0000,0.0000,0.0000,0.0000,270.0021,0.0000,0.0000,0.0000,0.0000,0.0000,0.0000,0.0000,0.0000,0.0000,1,0,0,0,0,0.0000
164.1172,185.2042,0.0864,102.8923,0.0000,0.0000,0.0000,0.0000,0.0000,270.0021,0.0000,0.0000,0.0000,0.0000,0.0000,0.0000,0.0000,0.0000,0.0000,1,0,0,0,0,0.0000
164.1715,185.2042,0.0864,102.8923,0.0000,0.0000,0.0000,0.0000,0.0000,270.0021,0.0000,0.0000,0.0000,0.0000,0.0000,0.0000,0.0000,0.0000,0.0000,1,0,0,0,0,0.0000
164.2265,185.2042,0.0864,102.8923,0.0000,0.0000,0.0000,0.0000,0.0000,270.0021,0.0000,0.0000,0.0000,0.0000,0.0000,0.0000,0.0000,0.0000,0.0000,1,0,0,0,0,0.0000
164.2819,185.2042,0.0864,102.8923,0.0000,0.0000,0.0000,0.0000,0.0000,270.0021,0.0000,0.0000,0.0000,0.0000,0.0000,0.0000,0.0000,0.0000,0.0000,1,0,0,0,0,0.0000
164.3380,185.2042,0.0864,102.8923,0.0000,0.0000,0.0000,0.0000,0.0000,270.0021,0.0000,0.0000,0.0000,0.0000,0.0000,0.0000,0.0000,0.0000,0.0000,1,0,0,0,0,0.0000
164.3928,185.2042,0.0864,102.8923,0.0000,0.0000,0.0000,0.0000,0.0000,270.0021,0.0000,0.0000,0.0000,0.0000,0.0000,0.0000,0.0000,0.0000,0.0000,1,0,0,0,0,0.0000
164.4679,185.2042,0.0864,102.8923,0.0000,0.0000,0.0000,0.0000,0.0000,270.0021,0.0000,0.0000,0.0000,0.0000,0.0000,0.0000,0.0000,0.0000,0.0000,1,0,0,0,0,0.0000
164.5353,185.2042,0.0864,102.8923,0.0000,0.0000,0.0000,0.0000,0.0000,270.0021,0.0000,0.0000,0.0000,0.0000,0.0000,0.0000,0.0000,0.0000,0.0000,1,0,0,0,0,0.0000
164.5871,185.2042,0.0864,102.8923,0.0000,0.0000,0.0000,0.0000,0.0000,270.0021,0.0000,0.0000,0.0000,0.0000,0.0000,0.0000,0.0000,0.0000,0.0000,1,0,0,0,0,0.0000
164.6573,185.2042,0.0864,102.8923,0.0000,0.0000,0.0000,0.0000,0.0000,270.0021,0.0000,0.0000,0.0000,0.0000,0.0000,0.0000,0.0000,0.0000,0.0000,1,0,0,0,0,0.0000
164.7139,185.2042,0.0864,102.8923,0.0000,0.0000,0.0000,0.0000,0.0000,270.0021,0.0000,0.0000,0.0000,0.0000,0.0000,0.0000,0.0000,0.0000,0.0000,1,0,0,0,0,0.0000
164.7800,185.2042,0.0864,102.8923,0.0000,0.0000,0.0000,0.0000,0.0000,270.0021,0.0000,0.0000,0.0000,0.0000,0.0000,0.0000,0.0000,0.0000,0.0000,1,0,0,0,0,0.0000
164.8515,185.2042,0.0864,102.8923,0.0000,0.0000,0.0000,0.0000,0.0000,270.0021,0.0000,0.0000,0.0000,0.0000,0.0000,0.0000,0.0000,0.0000,0.0000,1,0,0,0,0,0.0000
164.9220,185.2042,0.0864,102.8923,0.0000,0.0000,0.0000,0.0000,0.0000,270.0021,0.0000,0.0000,0.0000,0.0000,0.0000,0.0000,0.0000,0.0000,0.0000,1,0,0,0,0,0.0000
164.9771,185.2042,0.0864,102.8923,0.0000,0.0000,0.0000,0.0000,0.0000,270.0021,0.0000,0.0000,0.0000,0.0000,0.0000,0.0000,0.0000,0.0000,0.0000,1,0,0,0,0,0.0000
165.0323,185.2042,0.0864,102.8923,0.0000,0.0000,0.0000,0.0000,0.0000,270.0021,0.0000,0.0000,0.0000,0.0000,0.0000,0.0000,0.0000,0.0000,0.0000,1,0,0,0,0,0.0000
165.0875,185.2042,0.0864,102.8923,0.0000,0.0000,0.0000,0.0000,0.0000,270.0021,0.0000,0.0000,0.0000,0.0000,0.0000,0.0000,0.0000,0.0000,0.0000,1,0,0,0,0,0.0000
165.1572,185.2042,0.0864,102.8923,0.0000,0.0000,0.0000,0.0000,0.0000,270.0021,0.0000,0.0000,0.0000,0.0000,0.0000,0.0000,0.0000,0.0000,0.0000,1,0,0,0,0,0.0000
165.2270,185.2042,0.0864,102.8923,0.0000,0.0000,0.0000,0.0000,0.0000,270.0021,0.0000,0.0000,0.0000,0.0000,0.0000,0.0000,0.0000,0.0000,0.0000,1,0,0,0,0,0.0000
165.2875,185.2042,0.0864,102.8923,0.0000,0.0000,0.0000,0.0000,0.0000,270.0021,0.0000,0.0000,0.0000,0.0000,0.0000,0.0000,0.0000,0.0000,0.0000,1,0,0,0,0,0.0000
165.3375,185.2042,0.0864,102.8923,0.0000,0.0000,0.0000,0.0000,0.0000,270.0021,0.0000,0.0000,0.0000,0.0000,0.0000,0.0000,0.0000,0.0000,0.0000,1,0,0,0,0,0.0000
165.4071,185.2042,0.0864,102.8923,0.0000,0.0000,0.0000,0.0000,0.0000,270.0021,0.0000,0.0000,0.0000,0.0000,0.0000,0.0000,0.0000,0.0000,0.0000,1,0,0,0,0,0.0000
165.4767,185.2042,0.0864,102.8923,0.0000,0.0000,0.0000,0.0000,0.0000,270.0021,0.0000,0.0000,0.0000,0.0000,0.0000,0.0000,0.0000,0.0000,0.0000,1,0,0,0,0,0.0000
165.5461,185.2042,0.0864,102.8923,0.0000,0.0000,0.0000,0.0000,0.0000,270.0021,0.0000,0.0000,0.0000,0.0000,0.0000,0.0000,0.0000,0.0000,0.0000,1,0,0,0,0,0.0000
165.6012,185.2042,0.0864,102.8923,0.0000,0.0000,0.0000,0.0000,0.0000,270.0021,0.0000,0.0000,0.0000,0.0000,0.0000,0.0000,0.0000,0.0000,0.0000,1,0,0,0,0,0.0000
165.6568,185.2042,0.0864,102.8923,0.0000,0.0000,0.0000,0.0000,0.0000,270.0021,0.0000,0.0000,0.0000,0.0000,0.0000,0.0000,0.0000,0.0000,0.0000,1,0,0,0,0,0.0000
165.7263,185.2042,0.0864,102.8923,0.0000,0.0000,0.0000,0.0000,0.0000,270.0021,0.0000,0.0000,0.0000,0.0000,0.0000,0.0000,0.0000,0.0000,0.0000,1,0,0,0,0,0.0000
165.7820,185.2042,0.0864,102.8923,0.0000,0.0000,0.0000,0.0000,0.0000,270.0021,0.0000,0.0000,0.0000,0.0000,0.0000,0.0000,0.0000,0.0000,0.0000,1,0,0,0,0,0.0000
165.8381,185.2042,0.0864,102.8923,0.0000,0.0000,0.0000,0.0000,0.0000,270.0021,0.0000,0.0000,0.0000,0.0000,0.0000,0.0000,0.0000,0.0000,0.0000,1,0,0,0,0,0.0000
165.9067,185.2042,0.0864,102.8923,0.0000,0.0000,0.0000,0.0000,0.0000,270.0021,0.0000,0.0000,0.0000,0.0000,0.0000,0.0000,0.0000,0.0000,0.0000,1,0,0,0,0,0.0000
165.9622,185.2042,0.0864,102.8923,0.0000,0.0000,0.0000,0.0000,0.0000,270.0021,0.0000,0.0000,0.0000,0.0000,0.0000,0.0000,0.0000,0.0000,0.0000,1,0,0,0,0,0.0000
166.0464,185.2042,0.0864,102.8923,0.0000,0.0000,0.0000,0.0000,0.0000,270.0021,0.0000,0.0000,0.0000,0.0000,0.0000,0.0000,0.0000,0.0000,0.0000,1,0,0,0,0,0.0000
166.1019,185.2042,0.0864,102.8923,0.0000,0.0000,0.0000,0.0000,0.0000,270.0021,0.0000,0.0000,0.0000,0.0000,0.0000,0.0000,0.0000,0.0000,0.0000,1,0,0,0,0,0.0000
166.1572,185.2042,0.0864,102.8923,0.0000,0.0000,0.0000,0.0000,0.0000,270.0021,0.0000,0.0000,0.0000,0.0000,0.0000,0.0000,0.0000,0.0000,0.0000,1,0,0,0,0,0.0000
166.2130,185.2042,0.0864,102.8923,0.0000,0.0000,0.0000,0.0000,0.0000,270.0021,0.0000,0.0000,0.0000,0.0000,0.0000,0.0000,0.0000,0.0000,0.0000,1,0,0,0,0,0.0000
166.2820,185.2042,0.0864,102.8923,0.0000,0.0000,0.0000,0.0000,0.0000,270.0021,0.0000,0.0000,0.0000,0.0000,0.0000,0.0000,0.0000,0.0000,0.0000,1,0,0,0,0,0.0000
166.3528,185.2042,0.0864,102.8923,0.0000,0.0000,0.0000,0.0000,0.0000,270.0021,0.0000,0.0000,0.0000,0.0000,0.0000,0.0000,0.0000,0.0000,0.0000,1,0,0,0,0,0.0000
166.4075,185.2042,0.0864,102.8923,0.0000,0.0000,0.0000,0.0000,0.0000,270.0021,0.0000,0.0000,0.0000,0.0000,0.0000,0.0000,0.0000,0.0000,0.0000,1,0,0,0,0,0.0000
166.4624,185.2042,0.0864,102.8923,0.0000,0.0000,0.0000,0.0000,0.0000,270.0021,0.0000,0.0000,0.0000,0.0000,0.0000,0.0000,0.0000,0.0000,0.0000,1,0,0,0,0,0.0000
166.5182,185.2042,0.0864,102.8923,0.0000,0.0000,0.0000,0.0000,0.0000,270.0021,0.0000,0.0000,0.0000,0.0000,0.0000,0.0000,0.0000,0.0000,0.0000,1,0,0,0,0,0.0000
166.5743,185.2042,0.0864,102.8923,0.0000,0.0000,0.0000,0.0000,0.0000,270.0021,0.0000,0.0000,0.0000,0.0000,0.0000,0.0000,0.0000,0.0000,0.0000,1,0,0,0,0,0.0000
166.6336,185.2042,0.0864,102.8923,0.0000,0.0000,0.0000,0.0000,0.0000,270.0021,0.0000,0.0000,0.0000,0.0000,0.0000,0.0000,0.0000,0.0000,0.0000,1,0,0,0,0,0.0000
166.6892,185.2042,0.0864,102.8923,0.0000,0.0000,0.0000,0.0000,0.0000,270.0021,0.0000,0.0000,0.0000,0.0000,0.0000,0.0000,0.0000,0.0000,0.0000,1,0,0,0,0,0.0000
166.7426,185.2042,0.0864,102.8923,0.0000,0.0000,0.0000,0.0000,0.0000,270.0021,0.0000,0.0000,0.0000,0.0000,0.0000,0.0000,0.0000,0.0000,0.0000,1,0,0,0,0,0.0000
166.7968,185.2042,0.0864,102.8923,0.0000,0.0000,0.0000,0.0000,0.0000,270.0021,0.0000,0.0000,0.0000,0.0000,0.0000,0.0000,0.0000,0.0000,0.0000,1,0,0,0,0,0.0000
166.8517,185.2042,0.0864,102.8923,0.0000,0.0000,0.0000,0.0000,0.0000,270.0021,0.0000,0.0000,0.0000,0.0000,0.0000,0.0000,0.0000,0.0000,0.0000,1,0,0,0,0,0.0000
166.9075,185.2042,0.0864,102.8923,0.0000,0.0000,0.0000,0.0000,0.0000,270.0021,0.0000,0.0000,0.0000,0.0000,0.0000,0.0000,0.0000,0.0000,0.0000,1,0,0,0,0,0.0000
166.9622,185.2042,0.0864,102.8923,0.0000,0.0000,0.0000,0.0000,0.0000,270.0021,0.0000,0.0000,0.0000,0.0000,0.0000,0.0000,0.0000,0.0000,0.0000,1,0,0,0,0,0.0000
167.0200,185.2042,0.0864,102.8923,0.0000,0.0000,0.0000,0.0000,0.0000,270.0021,0.0000,0.0000,0.0000,0.0000,0.0000,0.0000,0.0000,0.0000,0.0000,1,0,0,0,0,0.0000
167.0740,185.2042,0.0864,102.8923,0.0000,0.0000,0.0000,0.0000,0.0000,270.0021,0.0000,0.0000,0.0000,0.0000,0.0000,0.0000,0.0000,0.0000,0.0000,1,0,0,0,0,0.0000
167.1438,185.2042,0.0864,102.8923,0.0000,0.0000,0.0000,0.0000,0.0000,270.0021,0.0000,0.0000,0.0000,0.0000,0.0000,0.0000,0.0000,0.0000,0.0000,1,0,0,0,0,0.0000
167.1995,185.2042,0.0864,102.8923,0.0000,0.0000,0.0000,0.0000,0.0000,270.0021,0.0000,0.0000,0.0000,0.0000,0.0000,0.0000,0.0000,0.0000,0.0000,1,0,0,0,0,0.0000
167.2551,185.2042,0.0864,102.8923,0.0000,0.0000,0.0000,0.0000,0.0000,270.0021,0.0000,0.0000,0.0000,0.0000,0.0000,0.0000,0.0000,0.0000,0.0000,1,0,0,0,0,0.0000
167.3109,185.2042,0.0864,102.8923,0.0000,0.0000,0.0000,0.0000,0.0000,270.0021,0.0000,0.0000,0.0000,0.0000,0.0000,0.0000,0.0000,0.0000,0.0000,1,0,0,0,0,0.0000
167.3670,185.2042,0.0864,102.8923,0.0000,0.0000,0.0000,0.0000,0.0000,270.0021,0.0000,0.0000,0.0000,0.0000,0.0000,0.0000,0.0000,0.0000,0.0000,1,0,0,0,0,0.0000
167.4229,185.2042,0.0864,102.8923,0.0000,0.0000,0.0000,0.0000,0.0000,270.0021,0.0000,0.0000,0.0000,0.0000,0.0000,0.0000,0.0000,0.0000,0.0000,1,0,0,0,0,0.0000
167.4785,185.2042,0.0864,102.8923,0.0000,0.0000,0.0000,0.0000,0.0000,270.0021,0.0000,0.0000,0.0000,0.0000,0.0000,0.0000,0.0000,0.0000,0.0000,1,0,0,0,0,0.0000
167.5334,185.2042,0.0864,102.8923,0.0000,0.0000,0.0000,0.0000,0.0000,270.0021,0.0000,0.0000,0.0000,0.0000,0.0000,0.0000,0.0000,0.0000,0.0000,1,0,0,0,0,0.0000
167.5887,185.2042,0.0864,102.8923,0.0000,0.0000,0.0000,0.0000,0.0000,270.0021,0.0000,0.0000,0.0000,0.0000,0.0000,0.0000,0.0000,0.0000,0.0000,1,0,0,0,0,0.0000
167.6585,185.2042,0.0864,102.8923,0.0000,0.0000,0.0000,0.0000,0.0000,270.0021,0.0000,0.0000,0.0000,0.0000,0.0000,0.0000,0.0000,0.0000,0.0000,1,0,0,0,0,0.0000
167.7159,185.2042,0.0864,102.8923,0.0000,0.0000,0.0000,0.0000,0.0000,270.0021,0.0000,0.0000,0.0000,0.0000,0.0000,0.0000,0.0000,0.0000,0.0000,1,0,0,0,0,0.0000
167.7709,185.2042,0.0864,102.8923,0.0000,0.0000,0.0000,0.0000,0.0000,270.0021,0.0000,0.0000,0.0000,0.0000,0.0000,0.0000,0.0000,0.0000,0.0000,1,0,0,0,0,0.0000
167.8256,185.2042,0.0864,102.8923,0.0000,0.0000,0.0000,0.0000,0.0000,270.0021,0.0000,0.0000,0.0000,0.0000,0.0000,0.0000,0.0000,0.0000,0.0000,1,0,0,0,0,0.0000
167.8814,185.2042,0.0864,102.8923,0.0000,0.0000,0.0000,0.0000,0.0000,270.0021,0.0000,0.0000,0.0000,0.0000,0.0000,0.0000,0.0000,0.0000,0.0000,1,0,0,0,0,0.0000
167.9377,185.2042,0.0864,102.8923,0.0000,0.0000,0.0000,0.0000,0.0000,270.0021,0.0000,0.0000,0.0000,0.0000,0.0000,0.0000,0.0000,0.0000,0.0000,1,0,0,0,0,0.0000
167.9920,185.2042,0.0864,102.8923,0.0000,0.0000,0.0000,0.0000,0.0000,270.0021,0.0000,0.0000,0.0000,0.0000,0.0000,0.0000,0.0000,0.0000,0.0000,1,0,0,0,0,0.0000
168.0480,185.2042,0.0864,102.8923,0.0000,0.0000,0.0000,0.0000,0.0000,270.0021,0.0000,0.0000,0.0000,0.0000,0.0000,0.0000,0.0000,0.0000,0.0000,1,0,0,0,0,0.0000
168.1045,185.2042,0.0864,102.8923,0.0000,0.0000,0.0000,0.0000,0.0000,270.0021,0.0000,0.0000,0.0000,0.0000,0.0000,0.0000,0.0000,0.0000,0.0000,1,0,0,0,0,0.0000
168.1607,185.2042,0.0864,102.8923,0.0000,0.0000,0.0000,0.0000,0.0000,270.0021,0.0000,0.0000,0.0000,0.0000,0.0000,0.0000,0.0000,0.0000,0.0000,1,0,0,0,0,0.0000
168.2279,185.2042,0.0864,102.8923,0.0000,0.0000,0.0000,0.0000,0.0000,270.0021,0.0000,0.0000,0.0000,0.0000,0.0000,0.0000,0.0000,0.0000,0.0000,1,0,0,0,0,0.0000
168.2844,185.2042,0.0864,102.8923,0.0000,0.0000,0.0000,0.0000,0.0000,270.0021,0.0000,0.0000,0.0000,0.0000,0.0000,0.0000,0.0000,0.0000,0.0000,1,0,0,0,0,0.0000
168.3394,185.2042,0.0864,102.8923,0.0000,0.0000,0.0000,0.0000,0.0000,270.0021,0.0000,0.0000,0.0000,0.0000,0.0000,0.0000,0.0000,0.0000,0.0000,1,0,0,0,0,0.0000
168.3947,185.2042,0.0864,102.8923,0.0000,0.0000,0.0000,0.0000,0.0000,270.0021,0.0000,0.0000,0.0000,0.0000,0.0000,0.0000,0.0000,0.0000,0.0000,1,0,0,0,0,0.0000
168.4498,185.2042,0.0864,102.8923,0.0000,0.0000,0.0000,0.0000,0.0000,270.0021,0.0000,0.0000,0.0000,0.0000,0.0000,0.0000,0.0000,0.0000,0.0000,1,0,0,0,0,0.0000
168.5058,185.2042,0.0864,102.8923,0.0000,0.0000,0.0000,0.0000,0.0000,270.0021,0.0000,0.0000,0.0000,0.0000,0.0000,0.0000,0.0000,0.0000,0.0000,1,0,0,0,0,0.0000
168.5620,185.2042,0.0864,102.8923,0.0000,0.0000,0.0000,0.0000,0.0000,270.0021,0.0000,0.0000,0.0000,0.0000,0.0000,0.0000,0.0000,0.0000,0.0000,1,0,0,0,0,0.0000
168.6302,185.2042,0.0864,102.8923,0.0000,0.0000,0.0000,0.0000,0.0000,270.0021,0.0000,0.0000,0.0000,0.0000,0.0000,0.0000,0.0000,0.0000,0.0000,1,0,0,0,0,0.0000
168.6863,185.2042,0.0864,102.8923,0.0000,0.0000,0.0000,0.0000,0.0000,270.0021,0.0000,0.0000,0.0000,0.0000,0.0000,0.0000,0.0000,0.0000,0.0000,1,0,0,0,0,0.0000
168.7556,185.2042,0.0864,102.8923,0.0000,0.0000,0.0000,0.0000,0.0000,270.0021,0.0000,0.0000,0.0000,0.0000,0.0000,0.0000,0.0000,0.0000,0.0000,1,0,0,0,0,0.0000
168.8107,185.2042,0.0864,102.8923,0.0000,0.0000,0.0000,0.0000,0.0000,270.0021,0.0000,0.0000,0.0000,0.0000,0.0000,0.0000,0.0000,0.0000,0.0000,1,0,0,0,0,0.0000
168.8666,185.2042,0.0864,102.8923,0.0000,0.0000,0.0000,0.0000,0.0000,270.0021,0.0000,0.0000,0.0000,0.0000,0.0000,0.0000,0.0000,0.0000,0.0000,1,0,0,0,0,0.0000
168.9218,185.2042,0.0864,102.8923,0.0000,0.0000,0.0000,0.0000,0.0000,270.0021,0.0000,0.0000,0.0000,0.0000,0.0000,0.0000,0.0000,0.0000,0.0000,1,0,0,0,0,0.0000
168.9771,185.2042,0.0864,102.8923,0.0000,0.0000,0.0000,0.0000,0.0000,270.0021,0.0000,0.0000,0.0000,0.0000,0.0000,0.0000,0.0000,0.0000,0.0000,1,0,0,0,0,0.0000
169.0333,185.2042,0.0864,102.8923,0.0000,0.0000,0.0000,0.0000,0.0000,270.0021,0.0000,0.0000,0.0000,0.0000,0.0000,0.0000,0.0000,0.0000,0.0000,1,0,0,0,0,0.0000
169.0883,185.2042,0.0864,102.8923,0.0000,0.0000,0.0000,0.0000,0.0000,270.0021,0.0000,0.0000,0.0000,0.0000,0.0000,0.0000,0.0000,0.0000,0.0000,1,0,0,0,0,0.0000
169.1481,185.2042,0.0864,102.8923,0.0000,0.0000,0.0000,0.0000,0.0000,270.0021,0.0000,0.0000,0.0000,0.0000,0.0000,0.0000,0.0000,0.0000,0.0000,1,0,0,0,0,0.0000
169.1994,185.2042,0.0864,102.8923,0.0000,0.0000,0.0000,0.0000,0.0000,270.0021,0.0000,0.0000,0.0000,0.0000,0.0000,0.0000,0.0000,0.0000,0.0000,1,0,0,0,0,0.0000
169.2551,185.2042,0.0864,102.8923,0.0000,0.0000,0.0000,0.0000,0.0000,270.0021,0.0000,0.0000,0.0000,0.0000,0.0000,0.0000,0.0000,0.0000,0.0000,1,0,0,0,0,0.0000
169.3248,185.2042,0.0864,102.8923,0.0000,0.0000,0.0000,0.0000,0.0000,270.0021,0.0000,0.0000,0.0000,0.0000,0.0000,0.0000,0.0000,0.0000,0.0000,1,0,0,0,0,0.0000
169.3939,185.2042,0.0864,102.8923,0.0000,0.0000,0.0000,0.0000,0.0000,270.0021,0.0000,0.0000,0.0000,0.0000,0.0000,0.0000,0.0000,0.0000,0.0000,1,0,0,0,0,0.0000
169.4494,185.2042,0.0864,102.8923,0.0000,0.0000,0.0000,0.0000,0.0000,270.0021,0.0000,0.0000,0.0000,0.0000,0.0000,0.0000,0.0000,0.0000,0.0000,1,0,0,0,0,0.0000
169.5059,185.2042,0.0864,102.8923,0.0000,0.0000,0.0000,0.0000,0.0000,270.0021,0.0000,0.0000,0.0000,0.0000,0.0000,0.0000,0.0000,0.0000,0.0000,1,0,0,0,0,0.0000
169.5612,185.2042,0.0864,102.8923,0.0000,0.0000,0.0000,0.0000,0.0000,270.0021,0.0000,0.0000,0.0000,0.0000,0.0000,0.0000,0.0000,0.0000,0.0000,1,0,0,0,0,0.0000
169.6161,185.2042,0.0864,102.8923,0.0000,0.0000,0.0000,0.0000,0.0000,270.0021,0.0000,0.0000,0.0000,0.0000,0.0000,0.0000,0.0000,0.0000,0.0000,1,0,0,0,0,0.0000
169.6864,185.2042,0.0864,102.8923,0.0000,0.0000,0.0000,0.0000,0.0000,270.0021,0.0000,0.0000,0.0000,0.0000,0.0000,0.0000,0.0000,0.0000,0.0000,1,0,0,0,0,0.0000
169.7552,185.2042,0.0864,102.8923,0.0000,0.0000,0.0000,0.0000,0.0000,270.0021,0.0000,0.0000,0.0000,0.0000,0.0000,0.0000,0.0000,0.0000,0.0000,1,0,0,0,0,0.0000
169.8252,185.2042,0.0864,102.8923,0.0000,0.0000,0.0000,0.0000,0.0000,270.0021,0.0000,0.0000,0.0000,0.0000,0.0000,0.0000,0.0000,0.0000,0.0000,1,0,0,0,0,0.0000
169.8803,185.2042,0.0864,102.8923,0.0000,0.0000,0.0000,0.0000,0.0000,270.0021,0.0000,0.0000,0.0000,0.0000,0.0000,0.0000,0.0000,0.0000,0.0000,1,0,0,0,0,0.0000
169.9354,185.2042,0.0864,102.8923,0.0000,0.0000,0.0000,0.0000,0.0000,270.0021,0.0000,0.0000,0.0000,0.0000,0.0000,0.0000,0.0000,0.0000,0.0000,1,0,0,0,0,0.0000
169.9909,185.2042,0.0864,102.8923,0.0000,0.0000,0.0000,0.0000,0.0000,270.0021,0.0000,0.0000,0.0000,0.0000,0.0000,0.0000,0.0000,0.0000,0.0000,1,0,0,0,0,0.0000
170.0609,185.2042,0.0864,102.8923,0.0000,0.0000,0.0000,0.0000,0.0000,270.0021,0.0000,0.0000,0.0000,0.0000,0.0000,0.0000,0.0000,0.0000,0.0000,1,0,0,0,0,0.0000
170.1161,185.2042,0.0864,102.8923,0.0000,0.0000,0.0000,0.0000,0.0000,270.0021,0.0000,0.0000,0.0000,0.0000,0.0000,0.0000,0.0000,0.0000,0.0000,1,0,0,0,0,0.0000
170.1714,185.2042,0.0864,102.8923,0.0000,0.0000,0.0000,0.0000,0.0000,270.0021,0.0000,0.0000,0.0000,0.0000,0.0000,0.0000,0.0000,0.0000,0.0000,1,0,0,0,0,0.0000
170.2309,185.2042,0.0864,102.8923,0.0000,0.0000,0.0000,0.0000,0.0000,270.0021,0.0000,0.0000,0.0000,0.0000,0.0000,0.0000,0.0000,0.0000,0.0000,1,0,0,0,0,0.0000
170.2972,185.2042,0.0864,102.8923,0.0000,0.0000,0.0000,0.0000,0.0000,270.0021,0.0000,0.0000,0.0000,0.0000,0.0000,0.0000,0.0000,0.0000,0.0000,1,0,0,0,0,0.0000
170.3665,185.2042,0.0864,102.8923,0.0000,0.0000,0.0000,0.0000,0.0000,270.0021,0.0000,0.0000,0.0000,0.0000,0.0000,0.0000,0.0000,0.0000,0.0000,1,0,0,0,0,0.0000
170.4218,185.2042,0.0864,102.8923,0.0000,0.0000,0.0000,0.0000,0.0000,270.0021,0.0000,0.0000,0.0000,0.0000,0.0000,0.0000,0.0000,0.0000,0.0000,1,0,0,0,0,0.0000
170.4772,185.2042,0.0864,102.8923,0.0000,0.0000,0.0000,0.0000,0.0000,270.0021,0.0000,0.0000,0.0000,0.0000,0.0000,0.0000,0.0000,0.0000,0.0000,1,0,0,0,0,0.0000
170.5333,185.2042,0.0864,102.8923,0.0000,0.0000,0.0000,0.0000,0.0000,270.0021,0.0000,0.0000,0.0000,0.0000,0.0000,0.0000,0.0000,0.0000,0.0000,1,0,0,0,0,0.0000
170.6071,185.2042,0.0864,102.8923,0.0000,0.0000,0.0000,0.0000,0.0000,270.0021,0.0000,0.0000,0.0000,0.0000,0.0000,0.0000,0.0000,0.0000,0.0000,1,0,0,0,0,0.0000
170.6590,185.2042,0.0864,102.8923,0.0000,0.0000,0.0000,0.0000,0.0000,270.0021,0.0000,0.0000,0.0000,0.0000,0.0000,0.0000,0.0000,0.0000,0.0000,1,0,0,0,0,0.0000
170.7148,185.2042,0.0864,102.8923,0.0000,0.0000,0.0000,0.0000,0.0000,270.0021,0.0000,0.0000,0.0000,0.0000,0.0000,0.0000,0.0000,0.0000,0.0000,1,0,0,0,0,0.0000
170.7728,185.2042,0.0864,102.8923,0.0000,0.0000,0.0000,0.0000,0.0000,270.0021,0.0000,0.0000,0.0000,0.0000,0.0000,0.0000,0.0000,0.0000,0.0000,1,0,0,0,0,0.0000
170.8259,185.2042,0.0864,102.8923,0.0000,0.0000,0.0000,0.0000,0.0000,270.0021,0.0000,0.0000,0.0000,0.0000,0.0000,0.0000,0.0000,0.0000,0.0000,1,0,0,0,0,0.0000
170.8986,185.2042,0.0864,102.8923,0.0000,0.0000,0.0000,0.0000,0.0000,270.0021,0.0000,0.0000,0.0000,0.0000,0.0000,0.0000,0.0000,0.0000,0.0000,1,0,0,0,0,0.0000
170.9638,185.2042,0.0864,102.8923,0.0000,0.0000,0.0000,0.0000,0.0000,270.0021,0.0000,0.0000,0.0000,0.0000,0.0000,0.0000,0.0000,0.0000,0.0000,1,0,0,0,0,0.0000
171.0191,185.2042,0.0864,102.8923,0.0000,0.0000,0.0000,0.0000,0.0000,270.0021,0.0000,0.0000,0.0000,0.0000,0.0000,0.0000,0.0000,0.0000,0.0000,1,0,0,0,0,0.0000
171.0764,185.2042,0.0864,102.8923,0.0000,0.0000,0.0000,0.0000,0.0000,270.0021,0.0000,0.0000,0.0000,0.0000,0.0000,0.0000,0.0000,0.0000,0.0000,1,0,0,0,0,0.0000
171.1322,185.2042,0.0864,102.8923,0.0000,0.0000,0.0000,0.0000,0.0000,270.0021,0.0000,0.0000,0.0000,0.0000,0.0000,0.0000,0.0000,0.0000,0.0000,1,0,0,0,0,0.0000
171.1851,185.2042,0.0864,102.8923,0.0000,0.0000,0.0000,0.0000,0.0000,270.0021,0.0000,0.0000,0.0000,0.0000,0.0000,0.0000,0.0000,0.0000,0.0000,1,0,0,0,0,0.0000
171.2412,185.2042,0.0864,102.8923,0.0000,0.0000,0.0000,0.0000,0.0000,270.0021,0.0000,0.0000,0.0000,0.0000,0.0000,0.0000,0.0000,0.0000,0.0000,1,0,0,0,0,0.0000
171.2960,185.2042,0.0864,102.8923,0.0000,0.0000,0.0000,0.0000,0.0000,270.0021,0.0000,0.0000,0.0000,0.0000,0.0000,0.0000,0.0000,0.0000,0.0000,1,0,0,0,0,0.0000
171.3660,185.2042,0.0864,102.8923,0.0000,0.0000,0.0000,0.0000,0.0000,270.0021,0.0000,0.0000,0.0000,0.0000,0.0000,0.0000,0.0000,0.0000,0.0000,1,0,0,0,0,0.0000
171.4359,185.2042,0.0864,102.8923,0.0000,0.0000,0.0000,0.0000,0.0000,270.0021,0.0000,0.0000,0.0000,0.0000,0.0000,0.0000,0.0000,0.0000,0.0000,1,0,0,0,0,0.0000
171.4905,185.2042,0.0864,102.8923,0.0000,0.0000,0.0000,0.0000,0.0000,270.0021,0.0000,0.0000,0.0000,0.0000,0.0000,0.0000,0.0000,0.0000,0.0000,1,0,0,0,0,0.0000
171.5459,185.2042,0.0864,102.8923,0.0000,0.0000,0.0000,0.0000,0.0000,270.0021,0.0000,0.0000,0.0000,0.0000,0.0000,0.0000,0.0000,0.0000,0.0000,1,0,0,0,0,0.0000
171.6017,185.2042,0.0864,102.8923,0.0000,0.0000,0.0000,0.0000,0.0000,270.0021,0.0000,0.0000,0.0000,0.0000,0.0000,0.0000,0.0000,0.0000,0.0000,1,0,0,0,0,0.0000
171.6590,185.2042,0.0864,102.8923,0.0000,0.0000,0.0000,0.0000,0.0000,270.0021,0.0000,0.0000,0.0000,0.0000,0.0000,0.0000,0.0000,0.0000,0.0000,1,0,0,0,0,0.0000
171.7124,185.2042,0.0864,102.8923,0.0000,0.0000,0.0000,0.0000,0.0000,270.0021,0.0000,0.0000,0.0000,0.0000,0.0000,0.0000,0.0000,0.0000,0.0000,1,0,0,0,0,0.0000
171.7689,185.2042,0.0864,102.8923,0.0000,0.0000,0.0000,0.0000,0.0000,270.0021,0.0000,0.0000,0.0000,0.0000,0.0000,0.0000,0.0000,0.0000,0.0000,1,0,0,0,0,0.0000
171.8236,185.2042,0.0864,102.8923,0.0000,0.0000,0.0000,0.0000,0.0000,270.0021,0.0000,0.0000,0.0000,0.0000,0.0000,0.0000,0.0000,0.0000,0.0000,1,0,0,0,0,0.0000
171.8932,185.2042,0.0864,102.8923,0.0000,0.0000,0.0000,0.0000,0.0000,270.0021,0.0000,0.0000,0.0000,0.0000,0.0000,0.0000,0.0000,0.0000,0.0000,1,0,0,0,0,0.0000
171.9764,185.2042,0.0864,102.8923,0.0000,0.0000,0.0000,0.0000,0.0000,270.0021,0.0000,0.0000,0.0000,0.0000,0.0000,0.0000,0.0000,0.0000,0.0000,1,0,0,0,0,0.0000
172.0318,185.2042,0.0864,102.8923,0.0000,0.0000,0.0000,0.0000,0.0000,270.0021,0.0000,0.0000,0.0000,0.0000,0.0000,0.0000,0.0000,0.0000,0.0000,1,0,0,0,0,0.0000
172.0882,185.2042,0.0864,102.8923,0.0000,0.0000,0.0000,0.0000,0.0000,270.0021,0.0000,0.0000,0.0000,0.0000,0.0000,0.0000,0.0000,0.0000,0.0000,1,0,0,0,0,0.0000
172.1572,185.2042,0.0864,102.8923,0.0000,0.0000,0.0000,0.0000,0.0000,270.0021,0.0000,0.0000,0.0000,0.0000,0.0000,0.0000,0.0000,0.0000,0.0000,1,0,0,0,0,0.0000
172.2133,185.2042,0.0864,102.8923,0.0000,0.0000,0.0000,0.0000,0.0000,270.0021,0.0000,0.0000,0.0000,0.0000,0.0000,0.0000,0.0000,0.0000,0.0000,1,0,0,0,0,0.0000
172.2683,185.2042,0.0864,102.8923,0.0000,0.0000,0.0000,0.0000,0.0000,270.0021,0.0000,0.0000,0.0000,0.0000,0.0000,0.0000,0.0000,0.0000,0.0000,1,0,0,0,0,0.0000
172.3377,185.2042,0.0864,102.8923,0.0000,0.0000,0.0000,0.0000,0.0000,270.0021,0.0000,0.0000,0.0000,0.0000,0.0000,0.0000,0.0000,0.0000,0.0000,1,0,0,0,0,0.0000
172.4086,185.2042,0.0864,102.8923,0.0000,0.0000,0.0000,0.0000,0.0000,270.0021,0.0000,0.0000,0.0000,0.0000,0.0000,0.0000,0.0000,0.0000,0.0000,1,0,0,0,0,0.0000
172.4628,185.2042,0.0864,102.8923,0.0000,0.0000,0.0000,0.0000,0.0000,270.0021,0.0000,0.0000,0.0000,0.0000,0.0000,0.0000,0.0000,0.0000,0.0000,1,0,0,0,0,0.0000
172.5323,185.2042,0.0864,102.8923,0.0000,0.0000,0.0000,0.0000,0.0000,270.0021,0.0000,0.0000,0.0000,0.0000,0.0000,0.0000,0.0000,0.0000,0.0000,1,0,0,0,0,0.0000
172.6035,185.2042,0.0864,102.8923,0.0000,0.0000,0.0000,0.0000,0.0000,270.0021,0.0000,0.0000,0.0000,0.0000,0.0000,0.0000,0.0000,0.0000,0.0000,1,0,0,0,0,0.0000
172.6615,185.2042,0.0864,102.8923,0.0000,0.0000,0.0000,0.0000,0.0000,270.0021,0.0000,0.0000,0.0000,0.0000,0.0000,0.0000,0.0000,0.0000,0.0000,1,0,0,0,0,0.0000
172.7132,185.2042,0.0864,102.8923,0.0000,0.0000,0.0000,0.0000,0.0000,270.0021,0.0000,0.0000,0.0000,0.0000,0.0000,0.0000,0.0000,0.0000,0.0000,1,0,0,0,0,0.0000
172.7685,185.2042,0.0864,102.8923,0.0000,0.0000,0.0000,0.0000,0.0000,270.0021,0.0000,0.0000,0.0000,0.0000,0.0000,0.0000,0.0000,0.0000,0.0000,1,0,0,0,0,0.0000
172.8246,185.2042,0.0864,102.8923,0.0000,0.0000,0.0000,0.0000,0.0000,270.0021,0.0000,0.0000,0.0000,0.0000,0.0000,0.0000,0.0000,0.0000,0.0000,1,0,0,0,0,0.0000
172.8799,185.2042,0.0864,102.8923,0.0000,0.0000,0.0000,0.0000,0.0000,270.0021,0.0000,0.0000,0.0000,0.0000,0.0000,0.0000,0.0000,0.0000,0.0000,1,0,0,0,0,0.0000
172.9487,185.2042,0.0864,102.8923,0.0000,0.0000,0.0000,0.0000,0.0000,270.0021,0.0000,0.0000,0.0000,0.0000,0.0000,0.0000,0.0000,0.0000,0.0000,1,0,0,0,0,0.0000
173.0332,185.2042,0.0864,102.8923,0.0000,0.0000,0.0000,0.0000,0.0000,270.0021,0.0000,0.0000,0.0000,0.0000,0.0000,0.0000,0.0000,0.0000,0.0000,1,0,0,0,0,0.0000
173.0881,185.2042,0.0864,102.8923,0.0000,0.0000,0.0000,0.0000,0.0000,270.0021,0.0000,0.0000,0.0000,0.0000,0.0000,0.0000,0.0000,0.0000,0.0000,1,0,0,0,0,0.0000
173.1439,185.2042,0.0864,102.8923,0.0000,0.0000,0.0000,0.0000,0.0000,270.0021,0.0000,0.0000,0.0000,0.0000,0.0000,0.0000,0.0000,0.0000,0.0000,1,0,0,0,0,0.0000
173.1999,185.2042,0.0864,102.8923,0.0000,0.0000,0.0000,0.0000,0.0000,270.0021,0.0000,0.0000,0.0000,0.0000,0.0000,0.0000,0.0000,0.0000,0.0000,1,0,0,0,0,0.0000
173.2556,185.2042,0.0864,102.8923,0.0000,0.0000,0.0000,0.0000,0.0000,270.0021,0.0000,0.0000,0.0000,0.0000,0.0000,0.0000,0.0000,0.0000,0.0000,1,0,0,0,0,0.0000
173.3104,185.2042,0.0864,102.8923,0.0000,0.0000,0.0000,0.0000,0.0000,270.0021,0.0000,0.0000,0.0000,0.0000,0.0000,0.0000,0.0000,0.0000,0.0000,1,0,0,0,0,0.0000
173.3670,185.2042,0.0864,102.8923,0.0000,0.0000,0.0000,0.0000,0.0000,270.0021,0.0000,0.0000,0.0000,0.0000,0.0000,0.0000,0.0000,0.0000,0.0000,1,0,0,0,0,0.0000
173.4226,185.2042,0.0864,102.8923,0.0000,0.0000,0.0000,0.0000,0.0000,270.0021,0.0000,0.0000,0.0000,0.0000,0.0000,0.0000,0.0000,0.0000,0.0000,1,0,0,0,0,0.0000
173.4790,185.2042,0.0864,102.8923,0.0000,0.0000,0.0000,0.0000,0.0000,270.0021,0.0000,0.0000,0.0000,0.0000,0.0000,0.0000,0.0000,0.0000,0.0000,1,0,0,0,0,0.0000
173.5339,185.2042,0.0864,102.8923,0.0000,0.0000,0.0000,0.0000,0.0000,270.0021,0.0000,0.0000,0.0000,0.0000,0.0000,0.0000,0.0000,0.0000,0.0000,1,0,0,0,0,0.0000
173.6035,185.2042,0.0864,102.8923,0.0000,0.0000,0.0000,0.0000,0.0000,270.0021,0.0000,0.0000,0.0000,0.0000,0.0000,0.0000,0.0000,0.0000,0.0000,1,0,0,0,0,0.0000
173.6591,185.2042,0.0864,102.8923,0.0000,0.0000,0.0000,0.0000,0.0000,270.0021,0.0000,0.0000,0.0000,0.0000,0.0000,0.0000,0.0000,0.0000,0.0000,1,0,0,0,0,0.0000
173.7136,185.2042,0.0864,102.8923,0.0000,0.0000,0.0000,0.0000,0.0000,270.0021,0.0000,0.0000,0.0000,0.0000,0.0000,0.0000,0.0000,0.0000,0.0000,1,0,0,0,0,0.0000
173.7690,185.2042,0.0864,102.8923,0.0000,0.0000,0.0000,0.0000,0.0000,270.0021,0.0000,0.0000,0.0000,0.0000,0.0000,0.0000,0.0000,0.0000,0.0000,1,0,0,0,0,0.0000
173.8412,185.2042,0.0864,102.8923,0.0000,0.0000,0.0000,0.0000,0.0000,270.0021,0.0000,0.0000,0.0000,0.0000,0.0000,0.0000,0.0000,0.0000,0.0000,1,0,0,0,0,0.0000
173.8961,185.2042,0.0864,102.8923,0.0000,0.0000,0.0000,0.0000,0.0000,270.0021,0.0000,0.0000,0.0000,0.0000,0.0000,0.0000,0.0000,0.0000,0.0000,1,0,0,0,0,0.0000
173.9501,185.2042,0.0864,102.8923,0.0000,0.0000,0.0000,0.0000,0.0000,270.0021,0.0000,0.0000,0.0000,0.0000,0.0000,0.0000,0.0000,0.0000,0.0000,1,0,0,0,0,0.0000
174.0055,185.2042,0.0864,102.8923,0.0000,0.0000,0.0000,0.0000,0.0000,270.0021,0.0000,0.0000,0.0000,0.0000,0.0000,0.0000,0.0000,0.0000,0.0000,1,0,0,0,0,0.0000
174.0608,185.2042,0.0864,102.8923,0.0000,0.0000,0.0000,0.0000,0.0000,270.0021,0.0000,0.0000,0.0000,0.0000,0.0000,0.0000,0.0000,0.0000,0.0000,1,0,0,0,0,0.0000
174.1308,185.2042,0.0864,102.8923,0.0000,0.0000,0.0000,0.0000,0.0000,270.0021,0.0000,0.0000,0.0000,0.0000,0.0000,0.0000,0.0000,0.0000,0.0000,1,0,0,0,0,0.0000
174.1892,185.2042,0.0864,102.8923,0.0000,0.0000,0.0000,0.0000,0.0000,270.0021,0.0000,0.0000,0.0000,0.0000,0.0000,0.0000,0.0000,0.0000,0.0000,1,0,0,0,0,0.0000
174.2430,185.2042,0.0864,102.8923,0.0000,0.0000,0.0000,0.0000,0.0000,270.0021,0.0000,0.0000,0.0000,0.0000,0.0000,0.0000,0.0000,0.0000,0.0000,1,0,0,0,0,0.0000
174.3114,185.2042,0.0864,102.8923,0.0000,0.0000,0.0000,0.0000,0.0000,270.0021,0.0000,0.0000,0.0000,0.0000,0.0000,0.0000,0.0000,0.0000,0.0000,1,0,0,0,0,0.0000
174.3665,185.2042,0.0864,102.8923,0.0000,0.0000,0.0000,0.0000,0.0000,270.0021,0.0000,0.0000,0.0000,0.0000,0.0000,0.0000,0.0000,0.0000,0.0000,1,0,0,0,0,0.0000
174.4234,185.2042,0.0864,102.8923,0.0000,0.0000,0.0000,0.0000,0.0000,270.0021,0.0000,0.0000,0.0000,0.0000,0.0000,0.0000,0.0000,0.0000,0.0000,1,0,0,0,0,0.0000
174.4786,185.2042,0.0864,102.8923,0.0000,0.0000,0.0000,0.0000,0.0000,270.0021,0.0000,0.0000,0.0000,0.0000,0.0000,0.0000,0.0000,0.0000,0.0000,1,0,0,0,0,0.0000
174.5331,185.2042,0.0864,102.8923,0.0000,0.0000,0.0000,0.0000,0.0000,270.0021,0.0000,0.0000,0.0000,0.0000,0.0000,0.0000,0.0000,0.0000,0.0000,1,0,0,0,0,0.0000
174.5913,185.2042,0.0864,102.8923,0.0000,0.0000,0.0000,0.0000,0.0000,270.0021,0.0000,0.0000,0.0000,0.0000,0.0000,0.0000,0.0000,0.0000,0.0000,1,0,0,0,0,0.0000
174.6588,185.2042,0.0864,102.8923,0.0000,0.0000,0.0000,0.0000,0.0000,270.0021,0.0000,0.0000,0.0000,0.0000,0.0000,0.0000,0.0000,0.0000,0.0000,1,0,0,0,0,0.0000
174.7134,185.2042,0.0864,102.8923,0.0000,0.0000,0.0000,0.0000,0.0000,270.0021,0.0000,0.0000,0.0000,0.0000,0.0000,0.0000,0.0000,0.0000,0.0000,1,0,0,0,0,0.0000
174.7691,185.2042,0.0864,102.8923,0.0000,0.0000,0.0000,0.0000,0.0000,270.0021,0.0000,0.0000,0.0000,0.0000,0.0000,0.0000,0.0000,0.0000,0.0000,1,0,0,0,0,0.0000
174.8253,185.2042,0.0864,102.8923,0.0000,0.0000,0.0000,0.0000,0.0000,270.0021,0.0000,0.0000,0.0000,0.0000,0.0000,0.0000,0.0000,0.0000,0.0000,1,0,0,0,0,0.0000
174.8802,185.2042,0.0864,102.8923,0.0000,0.0000,0.0000,0.0000,0.0000,270.0021,0.0000,0.0000,0.0000,0.0000,0.0000,0.0000,0.0000,0.0000,0.0000,1,0,0,0,0,0.0000
174.9362,185.2042,0.0864,102.8923,0.0000,0.0000,0.0000,0.0000,0.0000,270.0021,0.0000,0.0000,0.0000,0.0000,0.0000,0.0000,0.0000,0.0000,0.0000,1,0,0,0,0,0.0000
174.9911,185.2042,0.0864,102.8923,0.0000,0.0000,0.0000,0.0000,0.0000,270.0021,0.0000,0.0000,0.0000,0.0000,0.0000,0.0000,0.0000,0.0000,0.0000,1,0,0,0,0,0.0000
175.0473,185.2042,0.0864,102.8923,0.0000,0.0000,0.0000,0.0000,0.0000,270.0021,0.0000,0.0000,0.0000,0.0000,0.0000,0.0000,0.0000,0.0000,0.0000,1,0,0,0,0,0.0000
175.1031,185.2042,0.0864,102.8923,0.0000,0.0000,0.0000,0.0000,0.0000,270.0021,0.0000,0.0000,0.0000,0.0000,0.0000,0.0000,0.0000,0.0000,0.0000,1,0,0,0,0,0.0000
175.1585,185.2042,0.0864,102.8923,0.0000,0.0000,0.0000,0.0000,0.0000,270.0021,0.0000,0.0000,0.0000,0.0000,0.0000,0.0000,0.0000,0.0000,0.0000,1,0,0,0,0,0.0000
175.2136,185.2042,0.0864,102.8923,0.0000,0.0000,0.0000,0.0000,0.0000,270.0021,0.0000,0.0000,0.0000,0.0000,0.0000,0.0000,0.0000,0.0000,0.0000,1,0,0,0,0,0.0000
175.2691,185.2042,0.0864,102.8923,0.0000,0.0000,0.0000,0.0000,0.0000,270.0021,0.0000,0.0000,0.0000,0.0000,0.0000,0.0000,0.0000,0.0000,0.0000,1,0,0,0,0,0.0000
175.3251,185.2042,0.0864,102.8923,0.0000,0.0000,0.0000,0.0000,0.0000,270.0021,0.0000,0.0000,0.0000,0.0000,0.0000,0.0000,0.0000,0.0000,0.0000,1,0,0,0,0,0.0000
175.3802,185.2042,0.0864,102.8923,0.0000,0.0000,0.0000,0.0000,0.0000,270.0021,0.0000,0.0000,0.0000,0.0000,0.0000,0.0000,0.0000,0.0000,0.0000,1,0,0,0,0,0.0000
175.4371,185.2042,0.0864,102.8923,0.0000,0.0000,0.0000,0.0000,0.0000,270.0021,0.0000,0.0000,0.0000,0.0000,0.0000,0.0000,0.0000,0.0000,0.0000,1,0,0,0,0,0.0000
175.4902,185.2042,0.0864,102.8923,0.0000,0.0000,0.0000,0.0000,0.0000,270.0021,0.0000,0.0000,0.0000,0.0000,0.0000,0.0000,0.0000,0.0000,0.0000,1,0,0,0,0,0.0000
175.5597,185.2042,0.0864,102.8923,0.0000,0.0000,0.0000,0.0000,0.0000,270.0021,0.0000,0.0000,0.0000,0.0000,0.0000,0.0000,0.0000,0.0000,0.0000,1,0,0,0,0,0.0000
175.6294,185.2042,0.0864,102.8923,0.0000,0.0000,0.0000,0.0000,0.0000,270.0021,0.0000,0.0000,0.0000,0.0000,0.0000,0.0000,0.0000,0.0000,0.0000,1,0,0,0,0,0.0000
175.6848,185.2042,0.0864,102.8923,0.0000,0.0000,0.0000,0.0000,0.0000,270.0021,0.0000,0.0000,0.0000,0.0000,0.0000,0.0000,0.0000,0.0000,0.0000,1,0,0,0,0,0.0000
175.7545,185.2042,0.0864,102.8923,0.0000,0.0000,0.0000,0.0000,0.0000,270.0021,0.0000,0.0000,0.0000,0.0000,0.0000,0.0000,0.0000,0.0000,0.0000,1,0,0,0,0,0.0000
175.8099,185.2042,0.0864,102.8923,0.0000,0.0000,0.0000,0.0000,0.0000,270.0021,0.0000,0.0000,0.0000,0.0000,0.0000,0.0000,0.0000,0.0000,0.0000,1,0,0,0,0,0.0000
175.8792,185.2042,0.0864,102.8923,0.0000,0.0000,0.0000,0.0000,0.0000,270.0021,0.0000,0.0000,0.0000,0.0000,0.0000,0.0000,0.0000,0.0000,0.0000,1,0,0,0,0,0.0000
175.9351,185.2042,0.0864,102.8923,0.0000,0.0000,0.0000,0.0000,0.0000,270.0021,0.0000,0.0000,0.0000,0.0000,0.0000,0.0000,0.0000,0.0000,0.0000,1,0,0,0,0,0.0000
175.9907,185.2042,0.0864,102.8923,0.0000,0.0000,0.0000,0.0000,0.0000,270.0021,0.0000,0.0000,0.0000,0.0000,0.0000,0.0000,0.0000,0.0000,0.0000,1,0,0,0,0,0.0000
176.0466,185.2042,0.0864,102.8923,0.0000,0.0000,0.0000,0.0000,0.0000,270.0021,0.0000,0.0000,0.0000,0.0000,0.0000,0.0000,0.0000,0.0000,0.0000,1,0,0,0,0,0.0000
176.1017,185.2042,0.0864,102.8923,0.0000,0.0000,0.0000,0.0000,0.0000,270.0021,0.0000,0.0000,0.0000,0.0000,0.0000,0.0000,0.0000,0.0000,0.0000,1,0,0,0,0,0.0000
176.1577,185.2042,0.0864,102.8923,0.0000,0.0000,0.0000,0.0000,0.0000,270.0021,0.0000,0.0000,0.0000,0.0000,0.0000,0.0000,0.0000,0.0000,0.0000,1,0,0,0,0,0.0000
176.2269,185.2042,0.0864,102.8923,0.0000,0.0000,0.0000,0.0000,0.0000,270.0021,0.0000,0.0000,0.0000,0.0000,0.0000,0.0000,0.0000,0.0000,0.0000,1,0,0,0,0,0.0000
176.3142,185.2042,0.0864,102.8923,0.0000,0.0000,0.0000,0.0000,0.0000,270.0021,0.0000,0.0000,0.0000,0.0000,0.0000,0.0000,0.0000,0.0000,0.0000,1,0,0,0,0,0.0000
176.3666,185.2042,0.0864,102.8923,0.0000,0.0000,0.0000,0.0000,0.0000,270.0021,0.0000,0.0000,0.0000,0.0000,0.0000,0.0000,0.0000,0.0000,0.0000,1,0,0,0,0,0.0000
176.4209,185.2042,0.0864,102.8923,0.0000,0.0000,0.0000,0.0000,0.0000,270.0021,0.0000,0.0000,0.0000,0.0000,0.0000,0.0000,0.0000,0.0000,0.0000,1,0,0,0,0,0.0000
176.4766,185.2042,0.0864,102.8923,0.0000,0.0000,0.0000,0.0000,0.0000,270.0021,0.0000,0.0000,0.0000,0.0000,0.0000,0.0000,0.0000,0.0000,0.0000,1,0,0,0,0,0.0000
176.5460,185.2042,0.0864,102.8923,0.0000,0.0000,0.0000,0.0000,0.0000,270.0021,0.0000,0.0000,0.0000,0.0000,0.0000,0.0000,0.0000,0.0000,0.0000,1,0,0,0,0,0.0000
176.6010,185.2042,0.0864,102.8923,0.0000,0.0000,0.0000,0.0000,0.0000,270.0021,0.0000,0.0000,0.0000,0.0000,0.0000,0.0000,0.0000,0.0000,0.0000,1,0,0,0,0,0.0000
176.6568,185.2042,0.0864,102.8923,0.0000,0.0000,0.0000,0.0000,0.0000,270.0021,0.0000,0.0000,0.0000,0.0000,0.0000,0.0000,0.0000,0.0000,0.0000,1,0,0,0,0,0.0000
176.7268,185.2042,0.0864,102.8923,0.0000,0.0000,0.0000,0.0000,0.0000,270.0021,0.0000,0.0000,0.0000,0.0000,0.0000,0.0000,0.0000,0.0000,0.0000,1,0,0,0,0,0.0000
176.8100,185.2042,0.0864,102.8923,0.0000,0.0000,0.0000,0.0000,0.0000,270.0021,0.0000,0.0000,0.0000,0.0000,0.0000,0.0000,0.0000,0.0000,0.0000,1,0,0,0,0,0.0000
176.8796,185.2042,0.0864,102.8923,0.0000,0.0000,0.0000,0.0000,0.0000,270.0021,0.0000,0.0000,0.0000,0.0000,0.0000,0.0000,0.0000,0.0000,0.0000,1,0,0,0,0,0.0000
176.9484,185.2042,0.0864,102.8923,0.0000,0.0000,0.0000,0.0000,0.0000,270.0021,0.0000,0.0000,0.0000,0.0000,0.0000,0.0000,0.0000,0.0000,0.0000,1,0,0,0,0,0.0000
177.0060,185.2042,0.0864,102.8923,0.0000,0.0000,0.0000,0.0000,0.0000,270.0021,0.0000,0.0000,0.0000,0.0000,0.0000,0.0000,0.0000,0.0000,0.0000,1,0,0,0,0,0.0000
177.0602,185.2042,0.0864,102.8923,0.0000,0.0000,0.0000,0.0000,0.0000,270.0021,0.0000,0.0000,0.0000,0.0000,0.0000,0.0000,0.0000,0.0000,0.0000,1,0,0,0,0,0.0000
177.1158,185.2042,0.0864,102.8923,0.0000,0.0000,0.0000,0.0000,0.0000,270.0021,0.0000,0.0000,0.0000,0.0000,0.0000,0.0000,0.0000,0.0000,0.0000,1,0,0,0,0,0.0000
177.1708,185.2042,0.0864,102.8923,0.0000,0.0000,0.0000,0.0000,0.0000,270.0021,0.0000,0.0000,0.0000,0.0000,0.0000,0.0000,0.0000,0.0000,0.0000,1,0,0,0,0,0.0000
177.2288,185.2042,0.0864,102.8923,0.0000,0.0000,0.0000,0.0000,0.0000,270.0021,0.0000,0.0000,0.0000,0.0000,0.0000,0.0000,0.0000,0.0000,0.0000,1,0,0,0,0,0.0000
177.2833,185.2042,0.0864,102.8923,0.0000,0.0000,0.0000,0.0000,0.0000,270.0021,0.0000,0.0000,0.0000,0.0000,0.0000,0.0000,0.0000,0.0000,0.0000,1,0,0,0,0,0.0000
177.3340,185.2042,0.0864,102.8923,0.0000,0.0000,0.0000,0.0000,0.0000,270.0021,0.0000,0.0000,0.0000,0.0000,0.0000,0.0000,0.0000,0.0000,0.0000,1,0,0,0,0,0.0000
177.4082,185.2042,0.0864,102.8923,0.0000,0.0000,0.0000,0.0000,0.0000,270.0021,0.0000,0.0000,0.0000,0.0000,0.0000,0.0000,0.0000,0.0000,0.0000,1,0,0,0,0,0.0000
177.4643,185.2042,0.0864,102.8923,0.0000,0.0000,0.0000,0.0000,0.0000,270.0021,0.0000,0.0000,0.0000,0.0000,0.0000,0.0000,0.0000,0.0000,0.0000,1,0,0,0,0,0.0000
177.5198,185.2042,0.0864,102.8923,0.0000,0.0000,0.0000,0.0000,0.0000,270.0021,0.0000,0.0000,0.0000,0.0000,0.0000,0.0000,0.0000,0.0000,0.0000,1,0,0,0,0,0.0000
177.5754,185.2042,0.0864,102.8923,0.0000,0.0000,0.0000,0.0000,0.0000,270.0021,0.0000,0.0000,0.0000,0.0000,0.0000,0.0000,0.0000,0.0000,0.0000,1,0,0,0,0,0.0000
177.6313,185.2042,0.0864,102.8923,0.0000,0.0000,0.0000,0.0000,0.0000,270.0021,0.0000,0.0000,0.0000,0.0000,0.0000,0.0000,0.0000,0.0000,0.0000,1,0,0,0,0,0.0000
177.6868,185.2042,0.0864,102.8923,0.0000,0.0000,0.0000,0.0000,0.0000,270.0021,0.0000,0.0000,0.0000,0.0000,0.0000,0.0000,0.0000,0.0000,0.0000,1,0,0,0,0,0.0000
177.7412,185.2042,0.0864,102.8923,0.0000,0.0000,0.0000,0.0000,0.0000,270.0021,0.0000,0.0000,0.0000,0.0000,0.0000,0.0000,0.0000,0.0000,0.0000,1,0,0,0,0,0.0000
177.7969,185.2042,0.0864,102.8923,0.0000,0.0000,0.0000,0.0000,0.0000,270.0021,0.0000,0.0000,0.0000,0.0000,0.0000,0.0000,0.0000,0.0000,0.0000,1,0,0,0,0,0.0000
177.8554,185.2042,0.0864,102.8923,0.0000,0.0000,0.0000,0.0000,0.0000,270.0021,0.0000,0.0000,0.0000,0.0000,0.0000,0.0000,0.0000,0.0000,0.0000,1,0,0,0,0,0.0000
177.9224,185.2042,0.0864,102.8923,0.0000,0.0000,0.0000,0.0000,0.0000,270.0021,0.0000,0.0000,0.0000,0.0000,0.0000,0.0000,0.0000,0.0000,0.0000,1,0,0,0,0,0.0000
177.9782,185.2042,0.0864,102.8923,0.0000,0.0000,0.0000,0.0000,0.0000,270.0021,0.0000,0.0000,0.0000,0.0000,0.0000,0.0000,0.0000,0.0000,0.0000,1,0,0,0,0,0.0000
178.0338,185.2042,0.0864,102.8923,0.0000,0.0000,0.0000,0.0000,0.0000,270.0021,0.0000,0.0000,0.0000,0.0000,0.0000,0.0000,0.0000,0.0000,0.0000,1,0,0,0,0,0.0000
178.0888,185.2042,0.0864,102.8923,0.0000,0.0000,0.0000,0.0000,0.0000,270.0021,0.0000,0.0000,0.0000,0.0000,0.0000,0.0000,0.0000,0.0000,0.0000,1,0,0,0,0,0.0000
178.1451,185.2042,0.0864,102.8923,0.0000,0.0000,0.0000,0.0000,0.0000,270.0021,0.0000,0.0000,0.0000,0.0000,0.0000,0.0000,0.0000,0.0000,0.0000,1,0,0,0,0,0.0000
178.2001,185.2042,0.0864,102.8923,0.0000,0.0000,0.0000,0.0000,0.0000,270.0021,0.0000,0.0000,0.0000,0.0000,0.0000,0.0000,0.0000,0.0000,0.0000,1,0,0,0,0,0.0000
178.2564,185.2042,0.0864,102.8923,0.0000,0.0000,0.0000,0.0000,0.0000,270.0021,0.0000,0.0000,0.0000,0.0000,0.0000,0.0000,0.0000,0.0000,0.0000,1,0,0,0,0,0.0000
178.3115,185.2042,0.0864,102.8923,0.0000,0.0000,0.0000,0.0000,0.0000,270.0021,0.0000,0.0000,0.0000,0.0000,0.0000,0.0000,0.0000,0.0000,0.0000,1,0,0,0,0,0.0000
178.3668,185.2042,0.0864,102.8923,0.0000,0.0000,0.0000,0.0000,0.0000,270.0021,0.0000,0.0000,0.0000,0.0000,0.0000,0.0000,0.0000,0.0000,0.0000,1,0,0,0,0,0.0000
178.4227,185.2042,0.0864,102.8923,0.0000,0.0000,0.0000,0.0000,0.0000,270.0021,0.0000,0.0000,0.0000,0.0000,0.0000,0.0000,0.0000,0.0000,0.0000,1,0,0,0,0,0.0000
178.4966,185.2042,0.0864,102.8923,0.0000,0.0000,0.0000,0.0000,0.0000,270.0021,0.0000,0.0000,0.0000,0.0000,0.0000,0.0000,0.0000,0.0000,0.0000,1,0,0,0,0,0.0000
178.5472,185.2042,0.0864,102.8923,0.0000,0.0000,0.0000,0.0000,0.0000,270.0021,0.0000,0.0000,0.0000,0.0000,0.0000,0.0000,0.0000,0.0000,0.0000,1,0,0,0,0,0.0000
178.6025,185.2042,0.0864,102.8923,0.0000,0.0000,0.0000,0.0000,0.0000,270.0021,0.0000,0.0000,0.0000,0.0000,0.0000,0.0000,0.0000,0.0000,0.0000,1,0,0,0,0,0.0000
178.6583,185.2042,0.0864,102.8923,0.0000,0.0000,0.0000,0.0000,0.0000,270.0021,0.0000,0.0000,0.0000,0.0000,0.0000,0.0000,0.0000,0.0000,0.0000,1,0,0,0,0,0.0000
178.7136,185.2042,0.0864,102.8923,0.0000,0.0000,0.0000,0.0000,0.0000,270.0021,0.0000,0.0000,0.0000,0.0000,0.0000,0.0000,0.0000,0.0000,0.0000,1,0,0,0,0,0.0000
178.7831,185.2042,0.0864,102.8923,0.0000,0.0000,0.0000,0.0000,0.0000,270.0021,0.0000,0.0000,0.0000,0.0000,0.0000,0.0000,0.0000,0.0000,0.0000,1,0,0,0,0,0.0000
178.8382,185.2042,0.0864,102.8923,0.0000,0.0000,0.0000,0.0000,0.0000,270.0021,0.0000,0.0000,0.0000,0.0000,0.0000,0.0000,0.0000,0.0000,0.0000,1,0,0,0,0,0.0000
178.8988,185.2042,0.0864,102.8923,0.0000,0.0000,0.0000,0.0000,0.0000,270.0021,0.0000,0.0000,0.0000,0.0000,0.0000,0.0000,0.0000,0.0000,0.0000,1,0,0,0,0,0.0000
178.9496,185.2042,0.0864,102.8923,0.0000,0.0000,0.0000,0.0000,0.0000,270.0021,0.0000,0.0000,0.0000,0.0000,0.0000,0.0000,0.0000,0.0000,0.0000,1,0,0,0,0,0.0000
179.0054,185.2042,0.0864,102.8923,0.0000,0.0000,0.0000,0.0000,0.0000,270.0021,0.0000,0.0000,0.0000,0.0000,0.0000,0.0000,0.0000,0.0000,0.0000,1,0,0,0,0,0.0000
179.0611,185.2042,0.0864,102.8923,0.0000,0.0000,0.0000,0.0000,0.0000,270.0021,0.0000,0.0000,0.0000,0.0000,0.0000,0.0000,0.0000,0.0000,0.0000,1,0,0,0,0,0.0000
179.1166,185.2042,0.0864,102.8923,0.0000,0.0000,0.0000,0.0000,0.0000,270.0021,0.0000,0.0000,0.0000,0.0000,0.0000,0.0000,0.0000,0.0000,0.0000,1,0,0,0,0,0.0000
179.1718,185.2042,0.0864,102.8923,0.0000,0.0000,0.0000,0.0000,0.0000,270.0021,0.0000,0.0000,0.0000,0.0000,0.0000,0.0000,0.0000,0.0000,0.0000,1,0,0,0,0,0.0000
179.2412,185.2042,0.0864,102.8923,0.0000,0.0000,0.0000,0.0000,0.0000,270.0021,0.0000,0.0000,0.0000,0.0000,0.0000,0.0000,0.0000,0.0000,0.0000,1,0,0,0,0,0.0000
179.2984,185.2042,0.0864,102.8923,0.0000,0.0000,0.0000,0.0000,0.0000,270.0021,0.0000,0.0000,0.0000,0.0000,0.0000,0.0000,0.0000,0.0000,0.0000,1,0,0,0,0,0.0000
179.3534,185.2042,0.0864,102.8923,0.0000,0.0000,0.0000,0.0000,0.0000,270.0021,0.0000,0.0000,0.0000,0.0000,0.0000,0.0000,0.0000,0.0000,0.0000,1,0,0,0,0,0.0000
179.4077,185.2042,0.0864,102.8923,0.0000,0.0000,0.0000,0.0000,0.0000,270.0021,0.0000,0.0000,0.0000,0.0000,0.0000,0.0000,0.0000,0.0000,0.0000,1,0,0,0,0,0.0000
179.4639,185.2042,0.0864,102.8923,0.0000,0.0000,0.0000,0.0000,0.0000,270.0021,0.0000,0.0000,0.0000,0.0000,0.0000,0.0000,0.0000,0.0000,0.0000,1,0,0,0,0,0.0000
179.5191,185.2042,0.0864,102.8923,0.0000,0.0000,0.0000,0.0000,0.0000,270.0021,0.0000,0.0000,0.0000,0.0000,0.0000,0.0000,0.0000,0.0000,0.0000,1,0,0,0,0,0.0000
179.5746,185.2042,0.0864,102.8923,0.0000,0.0000,0.0000,0.0000,0.0000,270.0021,0.0000,0.0000,0.0000,0.0000,0.0000,0.0000,0.0000,0.0000,0.0000,1,0,0,0,0,0.0000
179.6445,185.2042,0.0864,102.8923,0.0000,0.0000,0.0000,0.0000,0.0000,270.0021,0.0000,0.0000,0.0000,0.0000,0.0000,0.0000,0.0000,0.0000,0.0000,1,0,0,0,0,0.0000
179.7035,185.2042,0.0864,102.8923,0.0000,0.0000,0.0000,0.0000,0.0000,270.0021,0.0000,0.0000,0.0000,0.0000,0.0000,0.0000,0.0000,0.0000,0.0000,1,0,0,0,0,0.0000
179.7554,185.2042,0.0864,102.8923,0.0000,0.0000,0.0000,0.0000,0.0000,270.0021,0.0000,0.0000,0.0000,0.0000,0.0000,0.0000,0.0000,0.0000,0.0000,1,0,0,0,0,0.0000
179.8111,185.2042,0.0864,102.8923,0.0000,0.0000,0.0000,0.0000,0.0000,270.0021,0.0000,0.0000,0.0000,0.0000,0.0000,0.0000,0.0000,0.0000,0.0000,1,0,0,0,0,0.0000
179.8667,185.2042,0.0864,102.8923,0.0000,0.0000,0.0000,0.0000,0.0000,270.0021,0.0000,0.0000,0.0000,0.0000,0.0000,0.0000,0.0000,0.0000,0.0000,1,0,0,0,0,0.0000
179.9215,185.2042,0.0864,102.8923,0.0000,0.0000,0.0000,0.0000,0.0000,270.0021,0.0000,0.0000,0.0000,0.0000,0.0000,0.0000,0.0000,0.0000,0.0000,1,0,0,0,0,0.0000
179.9791,185.2042,0.0864,102.8923,0.0000,0.0000,0.0000,0.0000,0.0000,270.0021,0.0000,0.0000,0.0000,0.0000,0.0000,0.0000,0.0000,0.0000,0.0000,1,0,0,0,0,0.0000
180.0493,185.2042,0.0864,102.8923,0.0000,0.0000,0.0000,0.0000,0.0000,270.0021,0.0000,0.0000,0.0000,0.0000,0.0000,0.0000,0.0000,0.0000,0.0000,1,0,0,0,0,0.0000
180.1098,185.2042,0.0864,102.8923,0.0000,0.0000,0.0000,0.0000,0.0000,270.0021,0.0000,0.0000,0.0000,0.0000,0.0000,0.0000,0.0000,0.0000,0.0000,1,0,0,0,0,0.0000
180.1717,185.2042,0.0864,102.8923,0.0000,0.0000,0.0000,0.0000,0.0000,270.0021,0.0000,0.0000,0.0000,0.0000,0.0000,0.0000,0.0000,0.0000,0.0000,1,0,0,0,0,0.0000
180.2424,185.2042,0.0864,102.8923,0.0000,0.0000,0.0000,0.0000,0.0000,270.0021,0.0000,0.0000,0.0000,0.0000,0.0000,0.0000,0.0000,0.0000,0.0000,1,0,0,0,0,0.0000
180.3123,185.2042,0.0864,102.8923,0.0000,0.0000,0.0000,0.0000,0.0000,270.0021,0.0000,0.0000,0.0000,0.0000,0.0000,0.0000,0.0000,0.0000,0.0000,1,0,0,0,0,0.0000
180.3680,185.2042,0.0864,102.8923,0.0000,0.0000,0.0000,0.0000,0.0000,270.0021,0.0000,0.0000,0.0000,0.0000,0.0000,0.0000,0.0000,0.0000,0.0000,1,0,0,0,0,0.0000
180.4243,185.2042,0.0864,102.8923,0.0000,0.0000,0.0000,0.0000,0.0000,270.0021,0.0000,0.0000,0.0000,0.0000,0.0000,0.0000,0.0000,0.0000,0.0000,1,0,0,0,0,0.0000
180.4796,185.2042,0.0864,102.8923,0.0000,0.0000,0.0000,0.0000,0.0000,270.0021,0.0000,0.0000,0.0000,0.0000,0.0000,0.0000,0.0000,0.0000,0.0000,1,0,0,0,0,0.0000
180.5335,185.2042,0.0864,102.8923,0.0000,0.0000,0.0000,0.0000,0.0000,270.0021,0.0000,0.0000,0.0000,0.0000,0.0000,0.0000,0.0000,0.0000,0.0000,1,0,0,0,0,0.0000
180.6043,185.2042,0.0864,102.8923,0.0000,0.0000,0.0000,0.0000,0.0000,270.0021,0.0000,0.0000,0.0000,0.0000,0.0000,0.0000,0.0000,0.0000,0.0000,1,0,0,0,0,0.0000
180.6606,185.2042,0.0864,102.8923,0.0000,0.0000,0.0000,0.0000,0.0000,270.0021,0.0000,0.0000,0.0000,0.0000,0.0000,0.0000,0.0000,0.0000,0.0000,1,0,0,0,0,0.0000
180.7143,185.2042,0.0864,102.8923,0.0000,0.0000,0.0000,0.0000,0.0000,270.0021,0.0000,0.0000,0.0000,0.0000,0.0000,0.0000,0.0000,0.0000,0.0000,1,0,0,0,0,0.0000
180.7692,185.2042,0.0864,102.8923,0.0000,0.0000,0.0000,0.0000,0.0000,270.0021,0.0000,0.0000,0.0000,0.0000,0.0000,0.0000,0.0000,0.0000,0.0000,1,0,0,0,0,0.0000
180.8249,185.2042,0.0864,102.8923,0.0000,0.0000,0.0000,0.0000,0.0000,270.0021,0.0000,0.0000,0.0000,0.0000,0.0000,0.0000,0.0000,0.0000,0.0000,1,0,0,0,0,0.0000
180.8800,185.2042,0.0864,102.8923,0.0000,0.0000,0.0000,0.0000,0.0000,270.0021,0.0000,0.0000,0.0000,0.0000,0.0000,0.0000,0.0000,0.0000,0.0000,1,0,0,0,0,0.0000
180.9358,185.2042,0.0864,102.8923,0.0000,0.0000,0.0000,0.0000,0.0000,270.0021,0.0000,0.0000,0.0000,0.0000,0.0000,0.0000,0.0000,0.0000,0.0000,1,0,0,0,0,0.0000
180.9915,185.2042,0.0864,102.8923,0.0000,0.0000,0.0000,0.0000,0.0000,270.0021,0.0000,0.0000,0.0000,0.0000,0.0000,0.0000,0.0000,0.0000,0.0000,1,0,0,0,0,0.0000
181.0479,185.2042,0.0864,102.8923,0.0000,0.0000,0.0000,0.0000,0.0000,270.0021,0.0000,0.0000,0.0000,0.0000,0.0000,0.0000,0.0000,0.0000,0.0000,1,0,0,0,0,0.0000
181.1172,185.2042,0.0864,102.8923,0.0000,0.0000,0.0000,0.0000,0.0000,270.0021,0.0000,0.0000,0.0000,0.0000,0.0000,0.0000,0.0000,0.0000,0.0000,1,0,0,0,0,0.0000
181.1722,185.2042,0.0864,102.8923,0.0000,0.0000,0.0000,0.0000,0.0000,270.0021,0.0000,0.0000,0.0000,0.0000,0.0000,0.0000,0.0000,0.0000,0.0000,1,0,0,0,0,0.0000
181.2293,185.2042,0.0864,102.8923,0.0000,0.0000,0.0000,0.0000,0.0000,270.0021,0.0000,0.0000,0.0000,0.0000,0.0000,0.0000,0.0000,0.0000,0.0000,1,0,0,0,0,0.0000
181.2843,185.2042,0.0864,102.8923,0.0000,0.0000,0.0000,0.0000,0.0000,270.0021,0.0000,0.0000,0.0000,0.0000,0.0000,0.0000,0.0000,0.0000,0.0000,1,0,0,0,0,0.0000
181.3381,185.2042,0.0864,102.8923,0.0000,0.0000,0.0000,0.0000,0.0000,270.0021,0.0000,0.0000,0.0000,0.0000,0.0000,0.0000,0.0000,0.0000,0.0000,1,0,0,0,0,0.0000
181.3943,185.2042,0.0864,102.8923,0.0000,0.0000,0.0000,0.0000,0.0000,270.0021,0.0000,0.0000,0.0000,0.0000,0.0000,0.0000,0.0000,0.0000,0.0000,1,0,0,0,0,0.0000
181.4502,185.2042,0.0864,102.8923,0.0000,0.0000,0.0000,0.0000,0.0000,270.0021,0.0000,0.0000,0.0000,0.0000,0.0000,0.0000,0.0000,0.0000,0.0000,1,0,0,0,0,0.0000
181.5054,185.2042,0.0864,102.8923,0.0000,0.0000,0.0000,0.0000,0.0000,270.0021,0.0000,0.0000,0.0000,0.0000,0.0000,0.0000,0.0000,0.0000,0.0000,1,0,0,0,0,0.0000
181.5749,185.2042,0.0864,102.8923,0.0000,0.0000,0.0000,0.0000,0.0000,270.0021,0.0000,0.0000,0.0000,0.0000,0.0000,0.0000,0.0000,0.0000,0.0000,1,0,0,0,0,0.0000
181.6453,185.2042,0.0864,102.8923,0.0000,0.0000,0.0000,0.0000,0.0000,270.0021,0.0000,0.0000,0.0000,0.0000,0.0000,0.0000,0.0000,0.0000,0.0000,1,0,0,0,0,0.0000
181.7014,185.2042,0.0864,102.8923,0.0000,0.0000,0.0000,0.0000,0.0000,270.0021,0.0000,0.0000,0.0000,0.0000,0.0000,0.0000,0.0000,0.0000,0.0000,1,0,0,0,0,0.0000
181.7550,185.2042,0.0864,102.8923,0.0000,0.0000,0.0000,0.0000,0.0000,270.0021,0.0000,0.0000,0.0000,0.0000,0.0000,0.0000,0.0000,0.0000,0.0000,1,0,0,0,0,0.0000
182.0065,185.2042,0.0864,102.8923,0.0000,0.0000,0.0000,0.0000,0.0000,270.0021,0.0000,0.0000,0.0000,0.0000,0.0000,0.0000,0.0000,0.0000,0.0000,1,0,0,0,0,0.0000
182.0793,185.2042,0.0864,102.8923,0.0000,0.0000,0.0000,0.0000,0.0000,270.0021,0.0000,0.0000,0.0000,0.0000,0.0000,0.0000,0.0000,0.0000,0.0000,1,0,0,0,0,0.0000
182.1300,185.2042,0.0864,102.8923,0.0000,0.0000,0.0000,0.0000,0.0000,270.0021,0.0000,0.0000,0.0000,0.0000,0.0000,0.0000,0.0000,0.0000,0.0000,1,0,0,0,0,0.0000
182.2007,185.2042,0.0864,102.8923,0.0000,0.0000,0.0000,0.0000,0.0000,270.0021,0.0000,0.0000,0.0000,0.0000,0.0000,0.0000,0.0000,0.0000,0.0000,1,0,0,0,0,0.0000
182.2705,185.2042,0.0864,102.8923,0.0000,0.0000,0.0000,0.0000,0.0000,270.0021,0.0000,0.0000,0.0000,0.0000,0.0000,0.0000,0.0000,0.0000,0.0000,1,0,0,0,0,0.0000
182.3543,185.2042,0.0864,102.8923,0.0000,0.0000,0.0000,0.0000,0.0000,270.0021,0.0000,0.0000,0.0000,0.0000,0.0000,0.0000,0.0000,0.0000,0.0000,1,0,0,0,0,0.0000
182.4095,185.2042,0.0864,102.8923,0.0000,0.0000,0.0000,0.0000,0.0000,270.0021,0.0000,0.0000,0.0000,0.0000,0.0000,0.0000,0.0000,0.0000,0.0000,1,0,0,0,0,0.0000
182.4648,185.2042,0.0864,102.8923,0.0000,0.0000,0.0000,0.0000,0.0000,270.0021,0.0000,0.0000,0.0000,0.0000,0.0000,0.0000,0.0000,0.0000,0.0000,1,0,0,0,0,0.0000
182.5830,185.2042,0.0864,102.8923,0.0000,0.0000,0.0000,0.0000,0.0000,270.0021,0.0000,0.0000,0.0000,0.0000,0.0000,0.0000,0.0000,0.0000,0.0000,1,0,0,0,0,0.0000
182.6607,185.2042,0.0864,102.8923,0.0000,0.0000,0.0000,0.0000,0.0000,270.0021,0.0000,0.0000,0.0000,0.0000,0.0000,0.0000,0.0000,0.0000,0.0000,1,0,0,0,0,0.0000
182.7162,185.2042,0.0864,102.8923,0.0000,0.0000,0.0000,0.0000,0.0000,270.0021,0.0000,0.0000,0.0000,0.0000,0.0000,0.0000,0.0000,0.0000,0.0000,1,0,0,0,0,0.0000
182.7704,185.2042,0.0864,102.8923,0.0000,0.0000,0.0000,0.0000,0.0000,270.0021,0.0000,0.0000,0.0000,0.0000,0.0000,0.0000,0.0000,0.0000,0.0000,1,0,0,0,0,0.0000
182.8261,185.2042,0.0864,102.8923,0.0000,0.0000,0.0000,0.0000,0.0000,270.0021,0.0000,0.0000,0.0000,0.0000,0.0000,0.0000,0.0000,0.0000,0.0000,1,0,0,0,0,0.0000
182.8817,185.2042,0.0864,102.8923,0.0000,0.0000,0.0000,0.0000,0.0000,270.0021,0.0000,0.0000,0.0000,0.0000,0.0000,0.0000,0.0000,0.0000,0.0000,1,0,0,0,0,0.0000
182.9415,185.2042,0.0864,102.8923,0.0000,0.0000,0.0000,0.0000,0.0000,270.0021,0.0000,0.0000,0.0000,0.0000,0.0000,0.0000,0.0000,0.0000,0.0000,1,0,0,0,0,0.0000
182.9924,185.2042,0.0864,102.8923,0.0000,0.0000,0.0000,0.0000,0.0000,270.0021,0.0000,0.0000,0.0000,0.0000,0.0000,0.0000,0.0000,0.0000,0.0000,1,0,0,0,0,0.0000
183.0473,185.2042,0.0864,102.8923,0.0000,0.0000,0.0000,0.0000,0.0000,270.0021,0.0000,0.0000,0.0000,0.0000,0.0000,0.0000,0.0000,0.0000,0.0000,1,0,0,0,0,0.0000
183.1036,185.2042,0.0864,102.8923,0.0000,0.0000,0.0000,0.0000,0.0000,270.0021,0.0000,0.0000,0.0000,0.0000,0.0000,0.0000,0.0000,0.0000,0.0000,1,0,0,0,0,0.0000
183.1578,185.2042,0.0864,102.8923,0.0000,0.0000,0.0000,0.0000,0.0000,270.0021,0.0000,0.0000,0.0000,0.0000,0.0000,0.0000,0.0000,0.0000,0.0000,1,0,0,0,0,0.0000
183.2694,185.2042,0.0864,102.8923,0.0000,0.0000,0.0000,0.0000,0.0000,270.0021,0.0000,0.0000,0.0000,0.0000,0.0000,0.0000,0.0000,0.0000,0.0000,1,0,0,0,0,0.0000
183.3572,185.2042,0.0864,102.8923,0.0000,0.0000,0.0000,0.0000,0.0000,270.0021,0.0000,0.0000,0.0000,0.0000,0.0000,0.0000,0.0000,0.0000,0.0000,1,0,0,0,0,0.0000
183.4084,185.2042,0.0864,102.8923,0.0000,0.0000,0.0000,0.0000,0.0000,270.0021,0.0000,0.0000,0.0000,0.0000,0.0000,0.0000,0.0000,0.0000,0.0000,1,0,0,0,0,0.0000
183.4646,185.2042,0.0864,102.8923,0.0000,0.0000,0.0000,0.0000,0.0000,270.0021,0.0000,0.0000,0.0000,0.0000,0.0000,0.0000,0.0000,0.0000,0.0000,1,0,0,0,0,0.0000
183.5230,185.2042,0.0864,102.8923,0.0000,0.0000,0.0000,0.0000,0.0000,270.0021,0.0000,0.0000,0.0000,0.0000,0.0000,0.0000,0.0000,0.0000,0.0000,1,0,0,0,0,0.0000
183.5900,185.2042,0.0864,102.8923,0.0000,0.0000,0.0000,0.0000,0.0000,270.0021,0.0000,0.0000,0.0000,0.0000,0.0000,0.0000,0.0000,0.0000,0.0000,1,0,0,0,0,0.0000
183.6452,185.2042,0.0864,102.8923,0.0000,0.0000,0.0000,0.0000,0.0000,270.0021,0.0000,0.0000,0.0000,0.0000,0.0000,0.0000,0.0000,0.0000,0.0000,1,0,0,0,0,0.0000
183.6994,185.2042,0.0864,102.8923,0.0000,0.0000,0.0000,0.0000,0.0000,270.0021,0.0000,0.0000,0.0000,0.0000,0.0000,0.0000,0.0000,0.0000,0.0000,1,0,0,0,0,0.0000
183.7695,185.2042,0.0864,102.8923,0.0000,0.0000,0.0000,0.0000,0.0000,270.0021,0.0000,0.0000,0.0000,0.0000,0.0000,0.0000,0.0000,0.0000,0.0000,1,0,0,0,0,0.0000
183.8245,185.2042,0.0864,102.8923,0.0000,0.0000,0.0000,0.0000,0.0000,270.0021,0.0000,0.0000,0.0000,0.0000,0.0000,0.0000,0.0000,0.0000,0.0000,1,0,0,0,0,0.0000
183.8951,185.2042,0.0864,102.8923,0.0000,0.0000,0.0000,0.0000,0.0000,270.0021,0.0000,0.0000,0.0000,0.0000,0.0000,0.0000,0.0000,0.0000,0.0000,1,0,0,0,0,0.0000
183.9497,185.2042,0.0864,102.8923,0.0000,0.0000,0.0000,0.0000,0.0000,270.0021,0.0000,0.0000,0.0000,0.0000,0.0000,0.0000,0.0000,0.0000,0.0000,1,0,0,0,0,0.0000
184.0054,185.2042,0.0864,102.8923,0.0000,0.0000,0.0000,0.0000,0.0000,270.0021,0.0000,0.0000,0.0000,0.0000,0.0000,0.0000,0.0000,0.0000,0.0000,1,0,0,0,0,0.0000
184.0633,185.2042,0.0864,102.8923,0.0000,0.0000,0.0000,0.0000,0.0000,270.0021,0.0000,0.0000,0.0000,0.0000,0.0000,0.0000,0.0000,0.0000,0.0000,1,0,0,0,0,0.0000
184.1185,185.2042,0.0864,102.8923,0.0000,0.0000,0.0000,0.0000,0.0000,270.0021,0.0000,0.0000,0.0000,0.0000,0.0000,0.0000,0.0000,0.0000,0.0000,1,0,0,0,0,0.0000
184.1721,185.2042,0.0864,102.8923,0.0000,0.0000,0.0000,0.0000,0.0000,270.0021,0.0000,0.0000,0.0000,0.0000,0.0000,0.0000,0.0000,0.0000,0.0000,1,0,0,0,0,0.0000
184.2283,185.2042,0.0864,102.8923,0.0000,0.0000,0.0000,0.0000,0.0000,270.0021,0.0000,0.0000,0.0000,0.0000,0.0000,0.0000,0.0000,0.0000,0.0000,1,0,0,0,0,0.0000
184.2988,185.2042,0.0864,102.8923,0.0000,0.0000,0.0000,0.0000,0.0000,270.0021,0.0000,0.0000,0.0000,0.0000,0.0000,0.0000,0.0000,0.0000,0.0000,1,0,0,0,0,0.0000
184.3546,185.2042,0.0864,102.8923,0.0000,0.0000,0.0000,0.0000,0.0000,270.0021,0.0000,0.0000,0.0000,0.0000,0.0000,0.0000,0.0000,0.0000,0.0000,1,0,0,0,0,0.0000
184.4281,185.2042,0.0864,102.8923,0.0000,0.0000,0.0000,0.0000,0.0000,270.0021,0.0000,0.0000,0.0000,0.0000,0.0000,0.0000,0.0000,0.0000,0.0000,1,0,0,0,0,0.0000
184.5079,185.2042,0.0864,102.8923,0.0000,0.0000,0.0000,0.0000,0.0000,270.0021,0.0000,0.0000,0.0000,0.0000,0.0000,0.0000,0.0000,0.0000,0.0000,1,0,0,0,0,0.0000
184.5617,185.2042,0.0864,102.8923,0.0000,0.0000,0.0000,0.0000,0.0000,270.0021,0.0000,0.0000,0.0000,0.0000,0.0000,0.0000,0.0000,0.0000,0.0000,1,0,0,0,0,0.0000
184.6358,185.2042,0.0864,102.8923,0.0000,0.0000,0.0000,0.0000,0.0000,270.0021,0.0000,0.0000,0.0000,0.0000,0.0000,0.0000,0.0000,0.0000,0.0000,1,0,0,0,0,0.0000
184.7006,185.2042,0.0864,102.8923,0.0000,0.0000,0.0000,0.0000,0.0000,270.0021,0.0000,0.0000,0.0000,0.0000,0.0000,0.0000,0.0000,0.0000,0.0000,1,0,0,0,0,0.0000
184.7557,185.2042,0.0864,102.8923,0.0000,0.0000,0.0000,0.0000,0.0000,270.0021,0.0000,0.0000,0.0000,0.0000,0.0000,0.0000,0.0000,0.0000,0.0000,1,0,0,0,0,0.0000
184.8137,185.2042,0.0864,102.8923,0.0000,0.0000,0.0000,0.0000,0.0000,270.0021,0.0000,0.0000,0.0000,0.0000,0.0000,0.0000,0.0000,0.0000,0.0000,1,0,0,0,0,0.0000
184.8808,185.2042,0.0864,102.8923,0.0000,0.0000,0.0000,0.0000,0.0000,270.0021,0.0000,0.0000,0.0000,0.0000,0.0000,0.0000,0.0000,0.0000,0.0000,1,0,0,0,0,0.0000
184.9359,185.2042,0.0864,102.8923,0.0000,0.0000,0.0000,0.0000,0.0000,270.0021,0.0000,0.0000,0.0000,0.0000,0.0000,0.0000,0.0000,0.0000,0.0000,1,0,0,0,0,0.0000
184.9918,185.2042,0.0864,102.8923,0.0000,0.0000,0.0000,0.0000,0.0000,270.0021,0.0000,0.0000,0.0000,0.0000,0.0000,0.0000,0.0000,0.0000,0.0000,1,0,0,0,0,0.0000
185.0615,185.2042,0.0864,102.8923,0.0000,0.0000,0.0000,0.0000,0.0000,270.0021,0.0000,0.0000,0.0000,0.0000,0.0000,0.0000,0.0000,0.0000,0.0000,1,0,0,0,0,0.0000
185.1169,185.2042,0.0864,102.8923,0.0000,0.0000,0.0000,0.0000,0.0000,270.0021,0.0000,0.0000,0.0000,0.0000,0.0000,0.0000,0.0000,0.0000,0.0000,1,0,0,0,0,0.0000
185.1714,185.2042,0.0864,102.8923,0.0000,0.0000,0.0000,0.0000,0.0000,270.0021,0.0000,0.0000,0.0000,0.0000,0.0000,0.0000,0.0000,0.0000,0.0000,1,0,0,0,0,0.0000
185.2286,185.2042,0.0864,102.8923,0.0000,0.0000,0.0000,0.0000,0.0000,270.0021,0.0000,0.0000,0.0000,0.0000,0.0000,0.0000,0.0000,0.0000,0.0000,1,0,0,0,0,0.0000
185.2840,185.2042,0.0864,102.8923,0.0000,0.0000,0.0000,0.0000,0.0000,270.0021,0.0000,0.0000,0.0000,0.0000,0.0000,0.0000,0.0000,0.0000,0.0000,1,0,0,0,0,0.0000
185.3395,185.2042,0.0864,102.8923,0.0000,0.0000,0.0000,0.0000,0.0000,270.0021,0.0000,0.0000,0.0000,0.0000,0.0000,0.0000,0.0000,0.0000,0.0000,1,0,0,0,0,0.0000
185.4090,185.2042,0.0864,102.8923,0.0000,0.0000,0.0000,0.0000,0.0000,270.0021,0.0000,0.0000,0.0000,0.0000,0.0000,0.0000,0.0000,0.0000,0.0000,1,0,0,0,0,0.0000
185.4647,185.2042,0.0864,102.8923,0.0000,0.0000,0.0000,0.0000,0.0000,270.0021,0.0000,0.0000,0.0000,0.0000,0.0000,0.0000,0.0000,0.0000,0.0000,1,0,0,0,0,0.0000
185.5250,185.2042,0.0864,102.8923,0.0000,0.0000,0.0000,0.0000,0.0000,270.0021,0.0000,0.0000,0.0000,0.0000,0.0000,0.0000,0.0000,0.0000,0.0000,1,0,0,0,0,0.0000
185.5937,185.2042,0.0864,102.8923,0.0000,0.0000,0.0000,0.0000,0.0000,270.0021,0.0000,0.0000,0.0000,0.0000,0.0000,0.0000,0.0000,0.0000,0.0000,1,0,0,0,0,0.0000
185.6445,185.2042,0.0864,102.8923,0.0000,0.0000,0.0000,0.0000,0.0000,270.0021,0.0000,0.0000,0.0000,0.0000,0.0000,0.0000,0.0000,0.0000,0.0000,1,0,0,0,0,0.0000
185.7142,185.2042,0.0864,102.8923,0.0000,0.0000,0.0000,0.0000,0.0000,270.0021,0.0000,0.0000,0.0000,0.0000,0.0000,0.0000,0.0000,0.0000,0.0000,1,0,0,0,0,0.0000
185.7694,185.2042,0.0864,102.8923,0.0000,0.0000,0.0000,0.0000,0.0000,270.0021,0.0000,0.0000,0.0000,0.0000,0.0000,0.0000,0.0000,0.0000,0.0000,1,0,0,0,0,0.0000
185.8255,185.2042,0.0864,102.8923,0.0000,0.0000,0.0000,0.0000,0.0000,270.0021,0.0000,0.0000,0.0000,0.0000,0.0000,0.0000,0.0000,0.0000,0.0000,1,0,0,0,0,0.0000
185.8808,185.2042,0.0864,102.8923,0.0000,0.0000,0.0000,0.0000,0.0000,270.0021,0.0000,0.0000,0.0000,0.0000,0.0000,0.0000,0.0000,0.0000,0.0000,1,0,0,0,0,0.0000
185.9495,185.2042,0.0864,102.8923,0.0000,0.0000,0.0000,0.0000,0.0000,270.0021,0.0000,0.0000,0.0000,0.0000,0.0000,0.0000,0.0000,0.0000,0.0000,1,0,0,0,0,0.0000
186.0051,185.2042,0.0864,102.8923,0.0000,0.0000,0.0000,0.0000,0.0000,270.0021,0.0000,0.0000,0.0000,0.0000,0.0000,0.0000,0.0000,0.0000,0.0000,1,0,0,0,0,0.0000
186.0607,185.2042,0.0864,102.8923,0.0000,0.0000,0.0000,0.0000,0.0000,270.0021,0.0000,0.0000,0.0000,0.0000,0.0000,0.0000,0.0000,0.0000,0.0000,1,0,0,0,0,0.0000
186.1167,185.2042,0.0864,102.8923,0.0000,0.0000,0.0000,0.0000,0.0000,270.0021,0.0000,0.0000,0.0000,0.0000,0.0000,0.0000,0.0000,0.0000,0.0000,1,0,0,0,0,0.0000
186.1721,185.2042,0.0864,102.8923,0.0000,0.0000,0.0000,0.0000,0.0000,270.0021,0.0000,0.0000,0.0000,0.0000,0.0000,0.0000,0.0000,0.0000,0.0000,1,0,0,0,0,0.0000
186.2282,185.2042,0.0864,102.8923,0.0000,0.0000,0.0000,0.0000,0.0000,270.0021,0.0000,0.0000,0.0000,0.0000,0.0000,0.0000,0.0000,0.0000,0.0000,1,0,0,0,0,0.0000
186.2851,185.2042,0.0864,102.8923,0.0000,0.0000,0.0000,0.0000,0.0000,270.0021,0.0000,0.0000,0.0000,0.0000,0.0000,0.0000,0.0000,0.0000,0.0000,1,0,0,0,0,0.0000
186.3393,185.2042,0.0864,102.8923,0.0000,0.0000,0.0000,0.0000,0.0000,270.0021,0.0000,0.0000,0.0000,0.0000,0.0000,0.0000,0.0000,0.0000,0.0000,1,0,0,0,0,0.0000
186.3937,185.2042,0.0864,102.8923,0.0000,0.0000,0.0000,0.0000,0.0000,270.0021,0.0000,0.0000,0.0000,0.0000,0.0000,0.0000,0.0000,0.0000,0.0000,1,0,0,0,0,0.0000
186.4494,185.2042,0.0864,102.8923,0.0000,0.0000,0.0000,0.0000,0.0000,270.0021,0.0000,0.0000,0.0000,0.0000,0.0000,0.0000,0.0000,0.0000,0.0000,1,0,0,0,0,0.0000
186.5205,185.2042,0.0864,102.8923,0.0000,0.0000,0.0000,0.0000,0.0000,270.0021,0.0000,0.0000,0.0000,0.0000,0.0000,0.0000,0.0000,0.0000,0.0000,1,0,0,0,0,0.0000
186.6141,185.2042,0.0864,102.8923,0.0000,0.0000,0.0000,0.0000,0.0000,270.0021,0.0000,0.0000,0.0000,0.0000,0.0000,0.0000,0.0000,0.0000,0.0000,1,0,0,0,0,0.0000
186.6910,185.2042,0.0864,102.8923,0.0000,0.0000,0.0000,0.0000,0.0000,270.0021,0.0000,0.0000,0.0000,0.0000,0.0000,0.0000,0.0000,0.0000,0.0000,1,0,0,0,0,0.0000
186.7487,185.2042,0.0864,102.8923,0.0000,0.0000,0.0000,0.0000,0.0000,270.0021,0.0000,0.0000,0.0000,0.0000,0.0000,0.0000,0.0000,0.0000,0.0000,1,0,0,0,0,0.0000
186.8342,185.2042,0.0864,102.8923,0.0000,0.0000,0.0000,0.0000,0.0000,270.0021,0.0000,0.0000,0.0000,0.0000,0.0000,0.0000,0.0000,0.0000,0.0000,1,0,0,0,0,0.0000
186.9027,185.2042,0.0864,102.8923,0.0000,0.0000,0.0000,0.0000,0.0000,270.0021,0.0000,0.0000,0.0000,0.0000,0.0000,0.0000,0.0000,0.0000,0.0000,1,0,0,0,0,0.0000
186.9558,185.2042,0.0864,102.8923,0.0000,0.0000,0.0000,0.0000,0.0000,270.0021,0.0000,0.0000,0.0000,0.0000,0.0000,0.0000,0.0000,0.0000,0.0000,1,0,0,0,0,0.0000
187.0275,185.2042,0.0864,102.8923,0.0000,0.0000,0.0000,0.0000,0.0000,270.0021,0.0000,0.0000,0.0000,0.0000,0.0000,0.0000,0.0000,0.0000,0.0000,1,0,0,0,0,0.0000
187.1065,185.2042,0.0864,102.8923,0.0000,0.0000,0.0000,0.0000,0.0000,270.0021,0.0000,0.0000,0.0000,0.0000,0.0000,0.0000,0.0000,0.0000,0.0000,1,0,0,0,0,0.0000
187.1801,185.2042,0.0864,102.8923,0.0000,0.0000,0.0000,0.0000,0.0000,270.0021,0.0000,0.0000,0.0000,0.0000,0.0000,0.0000,0.0000,0.0000,0.0000,1,0,0,0,0,0.0000
187.2326,185.2042,0.0864,102.8923,0.0000,0.0000,0.0000,0.0000,0.0000,270.0021,0.0000,0.0000,0.0000,0.0000,0.0000,0.0000,0.0000,0.0000,0.0000,1,0,0,0,0,0.0000
187.2855,185.2042,0.0864,102.8923,0.0000,0.0000,0.0000,0.0000,0.0000,270.0021,0.0000,0.0000,0.0000,0.0000,0.0000,0.0000,0.0000,0.0000,0.0000,1,0,0,0,0,0.0000
187.3411,185.2042,0.0864,102.8923,0.0000,0.0000,0.0000,0.0000,0.0000,270.0021,0.0000,0.0000,0.0000,0.0000,0.0000,0.0000,0.0000,0.0000,0.0000,1,0,0,0,0,0.0000
187.4140,185.2042,0.0864,102.8923,0.0000,0.0000,0.0000,0.0000,0.0000,270.0021,0.0000,0.0000,0.0000,0.0000,0.0000,0.0000,0.0000,0.0000,0.0000,1,0,0,0,0,0.0000
187.4672,185.2042,0.0864,102.8923,0.0000,0.0000,0.0000,0.0000,0.0000,270.0021,0.0000,0.0000,0.0000,0.0000,0.0000,0.0000,0.0000,0.0000,0.0000,1,0,0,0,0,0.0000
187.5222,185.2042,0.0864,102.8923,0.0000,0.0000,0.0000,0.0000,0.0000,270.0021,0.0000,0.0000,0.0000,0.0000,0.0000,0.0000,0.0000,0.0000,0.0000,1,0,0,0,0,0.0000
187.5922,185.2042,0.0864,102.8923,0.0000,0.0000,0.0000,0.0000,0.0000,270.0021,0.0000,0.0000,0.0000,0.0000,0.0000,0.0000,0.0000,0.0000,0.0000,1,0,0,0,0,0.0000
187.6487,185.2042,0.0864,102.8923,0.0000,0.0000,0.0000,0.0000,0.0000,270.0021,0.0000,0.0000,0.0000,0.0000,0.0000,0.0000,0.0000,0.0000,0.0000,1,0,0,0,0,0.0000
187.7031,185.2042,0.0864,102.8923,0.0000,0.0000,0.0000,0.0000,0.0000,270.0021,0.0000,0.0000,0.0000,0.0000,0.0000,0.0000,0.0000,0.0000,0.0000,1,0,0,0,0,0.0000
187.7580,185.2042,0.0864,102.8923,0.0000,0.0000,0.0000,0.0000,0.0000,270.0021,0.0000,0.0000,0.0000,0.0000,0.0000,0.0000,0.0000,0.0000,0.0000,1,0,0,0,0,0.0000
187.8227,185.2042,0.0864,102.8923,0.0000,0.0000,0.0000,0.0000,0.0000,270.0021,0.0000,0.0000,0.0000,0.0000,0.0000,0.0000,0.0000,0.0000,0.0000,1,0,0,0,0,0.0000
187.8856,185.2042,0.0864,102.8923,0.0000,0.0000,0.0000,0.0000,0.0000,270.0021,0.0000,0.0000,0.0000,0.0000,0.0000,0.0000,0.0000,0.0000,0.0000,1,0,0,0,0,0.0000
187.9385,185.2042,0.0864,102.8923,0.0000,0.0000,0.0000,0.0000,0.0000,270.0021,0.0000,0.0000,0.0000,0.0000,0.0000,0.0000,0.0000,0.0000,0.0000,1,0,0,0,0,0.0000
188.0013,185.2042,0.0864,102.8923,0.0000,0.0000,0.0000,0.0000,0.0000,270.0021,0.0000,0.0000,0.0000,0.0000,0.0000,0.0000,0.0000,0.0000,0.0000,1,0,0,0,0,0.0000
188.0529,185.2042,0.0864,102.8923,0.0000,0.0000,0.0000,0.0000,0.0000,270.0021,0.0000,0.0000,0.0000,0.0000,0.0000,0.0000,0.0000,0.0000,0.0000,1,0,0,0,0,0.0000
188.1226,185.2042,0.0864,102.8923,0.0000,0.0000,0.0000,0.0000,0.0000,270.0021,0.0000,0.0000,0.0000,0.0000,0.0000,0.0000,0.0000,0.0000,0.0000,1,0,0,0,0,0.0000
188.1917,185.2042,0.0864,102.8923,0.0000,0.0000,0.0000,0.0000,0.0000,270.0021,0.0000,0.0000,0.0000,0.0000,0.0000,0.0000,0.0000,0.0000,0.0000,1,0,0,0,0,0.0000
188.2658,185.2042,0.0864,102.8923,0.0000,0.0000,0.0000,0.0000,0.0000,270.0021,0.0000,0.0000,0.0000,0.0000,0.0000,0.0000,0.0000,0.0000,0.0000,1,0,0,0,0,0.0000
188.3565,185.2042,0.0864,102.8923,0.0000,0.0000,0.0000,0.0000,0.0000,270.0021,0.0000,0.0000,0.0000,0.0000,0.0000,0.0000,0.0000,0.0000,0.0000,1,0,0,0,0,0.0000
188.4126,185.2042,0.0864,102.8923,0.0000,0.0000,0.0000,0.0000,0.0000,270.0021,0.0000,0.0000,0.0000,0.0000,0.0000,0.0000,0.0000,0.0000,0.0000,1,0,0,0,0,0.0000
188.4676,185.2042,0.0864,102.8923,0.0000,0.0000,0.0000,0.0000,0.0000,270.0021,0.0000,0.0000,0.0000,0.0000,0.0000,0.0000,0.0000,0.0000,0.0000,1,0,0,0,0,0.0000
188.5251,185.2042,0.0864,102.8923,0.0000,0.0000,0.0000,0.0000,0.0000,270.0021,0.0000,0.0000,0.0000,0.0000,0.0000,0.0000,0.0000,0.0000,0.0000,1,0,0,0,0,0.0000
188.5795,185.2042,0.0864,102.8923,0.0000,0.0000,0.0000,0.0000,0.0000,270.0021,0.0000,0.0000,0.0000,0.0000,0.0000,0.0000,0.0000,0.0000,0.0000,1,0,0,0,0,0.0000
188.6496,185.2042,0.0864,102.8923,0.0000,0.0000,0.0000,0.0000,0.0000,270.0021,0.0000,0.0000,0.0000,0.0000,0.0000,0.0000,0.0000,0.0000,0.0000,1,0,0,0,0,0.0000
188.7027,185.2042,0.0864,102.8923,0.0000,0.0000,0.0000,0.0000,0.0000,270.0021,0.0000,0.0000,0.0000,0.0000,0.0000,0.0000,0.0000,0.0000,0.0000,1,0,0,0,0,0.0000
188.7590,185.2042,0.0864,102.8923,0.0000,0.0000,0.0000,0.0000,0.0000,270.0021,0.0000,0.0000,0.0000,0.0000,0.0000,0.0000,0.0000,0.0000,0.0000,1,0,0,0,0,0.0000
188.8171,185.2042,0.0864,102.8923,0.0000,0.0000,0.0000,0.0000,0.0000,270.0021,0.0000,0.0000,0.0000,0.0000,0.0000,0.0000,0.0000,0.0000,0.0000,1,0,0,0,0,0.0000
188.8714,185.2042,0.0864,102.8923,0.0000,0.0000,0.0000,0.0000,0.0000,270.0021,0.0000,0.0000,0.0000,0.0000,0.0000,0.0000,0.0000,0.0000,0.0000,1,0,0,0,0,0.0000
188.9250,185.2042,0.0864,102.8923,0.0000,0.0000,0.0000,0.0000,0.0000,270.0021,0.0000,0.0000,0.0000,0.0000,0.0000,0.0000,0.0000,0.0000,0.0000,1,0,0,0,0,0.0000
188.9824,185.2042,0.0864,102.8923,0.0000,0.0000,0.0000,0.0000,0.0000,270.0021,0.0000,0.0000,0.0000,0.0000,0.0000,0.0000,0.0000,0.0000,0.0000,1,0,0,0,0,0.0000
189.0367,185.2042,0.0864,102.8923,0.0000,0.0000,0.0000,0.0000,0.0000,270.0021,0.0000,0.0000,0.0000,0.0000,0.0000,0.0000,0.0000,0.0000,0.0000,1,0,0,0,0,0.0000
189.1057,185.2042,0.0864,102.8923,0.0000,0.0000,0.0000,0.0000,0.0000,270.0021,0.0000,0.0000,0.0000,0.0000,0.0000,0.0000,0.0000,0.0000,0.0000,1,0,0,0,0,0.0000
189.1608,185.2042,0.0864,102.8923,0.0000,0.0000,0.0000,0.0000,0.0000,270.0021,0.0000,0.0000,0.0000,0.0000,0.0000,0.0000,0.0000,0.0000,0.0000,1,0,0,0,0,0.0000
189.2299,185.2042,0.0864,102.8923,0.0000,0.0000,0.0000,0.0000,0.0000,270.0021,0.0000,0.0000,0.0000,0.0000,0.0000,0.0000,0.0000,0.0000,0.0000,1,0,0,0,0,0.0000
189.2875,185.2042,0.0864,102.8923,0.0000,0.0000,0.0000,0.0000,0.0000,270.0021,0.0000,0.0000,0.0000,0.0000,0.0000,0.0000,0.0000,0.0000,0.0000,1,0,0,0,0,0.0000
189.3424,185.2042,0.0864,102.8923,0.0000,0.0000,0.0000,0.0000,0.0000,270.0021,0.0000,0.0000,0.0000,0.0000,0.0000,0.0000,0.0000,0.0000,0.0000,1,0,0,0,0,0.0000
189.3978,185.2042,0.0864,102.8923,0.0000,0.0000,0.0000,0.0000,0.0000,270.0021,0.0000,0.0000,0.0000,0.0000,0.0000,0.0000,0.0000,0.0000,0.0000,1,0,0,0,0,0.0000
189.4542,185.2042,0.0864,102.8923,0.0000,0.0000,0.0000,0.0000,0.0000,270.0021,0.0000,0.0000,0.0000,0.0000,0.0000,0.0000,0.0000,0.0000,0.0000,1,0,0,0,0,0.0000
189.5090,185.2042,0.0864,102.8923,0.0000,0.0000,0.0000,0.0000,0.0000,270.0021,0.0000,0.0000,0.0000,0.0000,0.0000,0.0000,0.0000,0.0000,0.0000,1,0,0,0,0,0.0000
189.5776,185.2042,0.0864,102.8923,0.0000,0.0000,0.0000,0.0000,0.0000,270.0021,0.0000,0.0000,0.0000,0.0000,0.0000,0.0000,0.0000,0.0000,0.0000,1,0,0,0,0,0.0000
189.6435,185.2042,0.0864,102.8923,0.0000,0.0000,0.0000,0.0000,0.0000,270.0021,0.0000,0.0000,0.0000,0.0000,0.0000,0.0000,0.0000,0.0000,0.0000,1,0,0,0,0,0.0000
189.7032,185.2042,0.0864,102.8923,0.0000,0.0000,0.0000,0.0000,0.0000,270.0021,0.0000,0.0000,0.0000,0.0000,0.0000,0.0000,0.0000,0.0000,0.0000,1,0,0,0,0,0.0000
189.7718,185.2042,0.0864,102.8923,0.0000,0.0000,0.0000,0.0000,0.0000,270.0021,0.0000,0.0000,0.0000,0.0000,0.0000,0.0000,0.0000,0.0000,0.0000,1,0,0,0,0,0.0000
189.8294,185.2042,0.0864,102.8923,0.0000,0.0000,0.0000,0.0000,0.0000,270.0021,0.0000,0.0000,0.0000,0.0000,0.0000,0.0000,0.0000,0.0000,0.0000,1,0,0,0,0,0.0000
189.8833,185.2042,0.0864,102.8923,0.0000,0.0000,0.0000,0.0000,0.0000,270.0021,0.0000,0.0000,0.0000,0.0000,0.0000,0.0000,0.0000,0.0000,0.0000,1,0,0,0,0,0.0000
189.9390,185.2042,0.0864,102.8923,0.0000,0.0000,0.0000,0.0000,0.0000,270.0021,0.0000,0.0000,0.0000,0.0000,0.0000,0.0000,0.0000,0.0000,0.0000,1,0,0,0,0,0.0000
189.9939,185.2042,0.0864,102.8923,0.0000,0.0000,0.0000,0.0000,0.0000,270.0021,0.0000,0.0000,0.0000,0.0000,0.0000,0.0000,0.0000,0.0000,0.0000,1,0,0,0,0,0.0000
190.0511,185.2042,0.0864,102.8923,0.0000,0.0000,0.0000,0.0000,0.0000,270.0021,0.0000,0.0000,0.0000,0.0000,0.0000,0.0000,0.0000,0.0000,0.0000,1,0,0,0,0,0.0000
190.1059,185.2042,0.0864,102.8923,0.0000,0.0000,0.0000,0.0000,0.0000,270.0021,0.0000,0.0000,0.0000,0.0000,0.0000,0.0000,0.0000,0.0000,0.0000,1,0,0,0,0,0.0000
190.1618,185.2042,0.0864,102.8923,0.0000,0.0000,0.0000,0.0000,0.0000,270.0021,0.0000,0.0000,0.0000,0.0000,0.0000,0.0000,0.0000,0.0000,0.0000,1,0,0,0,0,0.0000
190.2176,185.2042,0.0864,102.8923,0.0000,0.0000,0.0000,0.0000,0.0000,270.0021,0.0000,0.0000,0.0000,0.0000,0.0000,0.0000,0.0000,0.0000,0.0000,1,0,0,0,0,0.0000
190.2874,185.2042,0.0864,102.8923,0.0000,0.0000,0.0000,0.0000,0.0000,270.0021,0.0000,0.0000,0.0000,0.0000,0.0000,0.0000,0.0000,0.0000,0.0000,1,0,0,0,0,0.0000
190.3422,185.2042,0.0864,102.8923,0.0000,0.0000,0.0000,0.0000,0.0000,270.0021,0.0000,0.0000,0.0000,0.0000,0.0000,0.0000,0.0000,0.0000,0.0000,1,0,0,0,0,0.0000
190.4113,185.2042,0.0864,102.8923,0.0000,0.0000,0.0000,0.0000,0.0000,270.0021,0.0000,0.0000,0.0000,0.0000,0.0000,0.0000,0.0000,0.0000,0.0000,1,0,0,0,0,0.0000
190.4678,185.2042,0.0864,102.8923,0.0000,0.0000,0.0000,0.0000,0.0000,270.0021,0.0000,0.0000,0.0000,0.0000,0.0000,0.0000,0.0000,0.0000,0.0000,1,0,0,0,0,0.0000
190.5573,185.2042,0.0864,102.8923,0.0000,0.0000,0.0000,0.0000,0.0000,270.0021,0.0000,0.0000,0.0000,0.0000,0.0000,0.0000,0.0000,0.0000,0.0000,1,0,0,0,0,0.0000
190.6199,185.2042,0.0864,102.8923,0.0000,0.0000,0.0000,0.0000,0.0000,270.0021,0.0000,0.0000,0.0000,0.0000,0.0000,0.0000,0.0000,0.0000,0.0000,1,0,0,0,0,0.0000
190.6772,185.2042,0.0864,102.8923,0.0000,0.0000,0.0000,0.0000,0.0000,270.0021,0.0000,0.0000,0.0000,0.0000,0.0000,0.0000,0.0000,0.0000,0.0000,1,0,0,0,0,0.0000
190.7337,185.2042,0.0864,102.8923,0.0000,0.0000,0.0000,0.0000,0.0000,270.0021,0.0000,0.0000,0.0000,0.0000,0.0000,0.0000,0.0000,0.0000,0.0000,1,0,0,0,0,0.0000
190.7869,185.2042,0.0864,102.8923,0.0000,0.0000,0.0000,0.0000,0.0000,270.0021,0.0000,0.0000,0.0000,0.0000,0.0000,0.0000,0.0000,0.0000,0.0000,1,0,0,0,0,0.0000
190.8569,185.2042,0.0864,102.8923,0.0000,0.0000,0.0000,0.0000,0.0000,270.0021,0.0000,0.0000,0.0000,0.0000,0.0000,0.0000,0.0000,0.0000,0.0000,1,0,0,0,0,0.0000
190.9136,185.2042,0.0864,102.8923,0.0000,0.0000,0.0000,0.0000,0.0000,270.0021,0.0000,0.0000,0.0000,0.0000,0.0000,0.0000,0.0000,0.0000,0.0000,1,0,0,0,0,0.0000
190.9672,185.2042,0.0864,102.8923,0.0000,0.0000,0.0000,0.0000,0.0000,270.0021,0.0000,0.0000,0.0000,0.0000,0.0000,0.0000,0.0000,0.0000,0.0000,1,0,0,0,0,0.0000
191.0229,185.2042,0.0864,102.8923,0.0000,0.0000,0.0000,0.0000,0.0000,270.0021,0.0000,0.0000,0.0000,0.0000,0.0000,0.0000,0.0000,0.0000,0.0000,1,0,0,0,0,0.0000
191.0826,185.2042,0.0864,102.8923,0.0000,0.0000,0.0000,0.0000,0.0000,270.0021,0.0000,0.0000,0.0000,0.0000,0.0000,0.0000,0.0000,0.0000,0.0000,1,0,0,0,0,0.0000
191.1339,185.2042,0.0864,102.8923,0.0000,0.0000,0.0000,0.0000,0.0000,270.0021,0.0000,0.0000,0.0000,0.0000,0.0000,0.0000,0.0000,0.0000,0.0000,1,0,0,0,0,0.0000
191.1880,185.2042,0.0864,102.8923,0.0000,0.0000,0.0000,0.0000,0.0000,270.0021,0.0000,0.0000,0.0000,0.0000,0.0000,0.0000,0.0000,0.0000,0.0000,1,0,0,0,0,0.0000
191.2489,185.2042,0.0864,102.8923,0.0000,0.0000,0.0000,0.0000,0.0000,270.0021,0.0000,0.0000,0.0000,0.0000,0.0000,0.0000,0.0000,0.0000,0.0000,1,0,0,0,0,0.0000
191.2999,185.2042,0.0864,102.8923,0.0000,0.0000,0.0000,0.0000,0.0000,270.0021,0.0000,0.0000,0.0000,0.0000,0.0000,0.0000,0.0000,0.0000,0.0000,1,0,0,0,0,0.0000
191.3765,185.2042,0.0864,102.8923,0.0000,0.0000,0.0000,0.0000,0.0000,270.0021,0.0000,0.0000,0.0000,0.0000,0.0000,0.0000,0.0000,0.0000,0.0000,1,0,0,0,0,0.0000
191.4386,185.2042,0.0864,102.8923,0.0000,0.0000,0.0000,0.0000,0.0000,270.0021,0.0000,0.0000,0.0000,0.0000,0.0000,0.0000,0.0000,0.0000,0.0000,1,0,0,0,0,0.0000
191.4966,185.2042,0.0864,102.8923,0.0000,0.0000,0.0000,0.0000,0.0000,270.0021,0.0000,0.0000,0.0000,0.0000,0.0000,0.0000,0.0000,0.0000,0.0000,1,0,0,0,0,0.0000
191.5544,185.2042,0.0864,102.8923,0.0000,0.0000,0.0000,0.0000,0.0000,270.0021,0.0000,0.0000,0.0000,0.0000,0.0000,0.0000,0.0000,0.0000,0.0000,1,0,0,0,0,0.0000
191.6073,185.2042,0.0864,102.8923,0.0000,0.0000,0.0000,0.0000,0.0000,270.0021,0.0000,0.0000,0.0000,0.0000,0.0000,0.0000,0.0000,0.0000,0.0000,1,0,0,0,0,0.0000
191.6778,185.2042,0.0864,102.8923,0.0000,0.0000,0.0000,0.0000,0.0000,270.0021,0.0000,0.0000,0.0000,0.0000,0.0000,0.0000,0.0000,0.0000,0.0000,1,0,0,0,0,0.0000
191.7313,185.2042,0.0864,102.8923,0.0000,0.0000,0.0000,0.0000,0.0000,270.0021,0.0000,0.0000,0.0000,0.0000,0.0000,0.0000,0.0000,0.0000,0.0000,1,0,0,0,0,0.0000
191.7869,185.2042,0.0864,102.8923,0.0000,0.0000,0.0000,0.0000,0.0000,270.0021,0.0000,0.0000,0.0000,0.0000,0.0000,0.0000,0.0000,0.0000,0.0000,1,0,0,0,0,0.0000
191.8434,185.2042,0.0864,102.8923,0.0000,0.0000,0.0000,0.0000,0.0000,270.0021,0.0000,0.0000,0.0000,0.0000,0.0000,0.0000,0.0000,0.0000,0.0000,1,0,0,0,0,0.0000
191.9120,185.2042,0.0864,102.8923,0.0000,0.0000,0.0000,0.0000,0.0000,270.0021,0.0000,0.0000,0.0000,0.0000,0.0000,0.0000,0.0000,0.0000,0.0000,1,0,0,0,0,0.0000
191.9702,185.2042,0.0864,102.8923,0.0000,0.0000,0.0000,0.0000,0.0000,270.0021,0.0000,0.0000,0.0000,0.0000,0.0000,0.0000,0.0000,0.0000,0.0000,1,0,0,0,0,0.0000
192.0232,185.2042,0.0864,102.8923,0.0000,0.0000,0.0000,0.0000,0.0000,270.0021,0.0000,0.0000,0.0000,0.0000,0.0000,0.0000,0.0000,0.0000,0.0000,1,0,0,0,0,0.0000
192.0786,185.2042,0.0864,102.8923,0.0000,0.0000,0.0000,0.0000,0.0000,270.0021,0.0000,0.0000,0.0000,0.0000,0.0000,0.0000,0.0000,0.0000,0.0000,1,0,0,0,0,0.0000
192.1356,185.2042,0.0864,102.8923,0.0000,0.0000,0.0000,0.0000,0.0000,270.0021,0.0000,0.0000,0.0000,0.0000,0.0000,0.0000,0.0000,0.0000,0.0000,1,0,0,0,0,0.0000
192.1983,185.2042,0.0864,102.8923,0.0000,0.0000,0.0000,0.0000,0.0000,270.0021,0.0000,0.0000,0.0000,0.0000,0.0000,0.0000,0.0000,0.0000,0.0000,1,0,0,0,0,0.0000
192.2602,185.2042,0.0864,102.8923,0.0000,0.0000,0.0000,0.0000,0.0000,270.0021,0.0000,0.0000,0.0000,0.0000,0.0000,0.0000,0.0000,0.0000,0.0000,1,0,0,0,0,0.0000
192.3158,185.2042,0.0864,102.8923,0.0000,0.0000,0.0000,0.0000,0.0000,270.0021,0.0000,0.0000,0.0000,0.0000,0.0000,0.0000,0.0000,0.0000,0.0000,1,0,0,0,0,0.0000
192.3704,185.2042,0.0864,102.8923,0.0000,0.0000,0.0000,0.0000,0.0000,270.0021,0.0000,0.0000,0.0000,0.0000,0.0000,0.0000,0.0000,0.0000,0.0000,1,0,0,0,0,0.0000
192.4574,185.2042,0.0864,102.8923,0.0000,0.0000,0.0000,0.0000,0.0000,270.0021,0.0000,0.0000,0.0000,0.0000,0.0000,0.0000,0.0000,0.0000,0.0000,1,0,0,0,0,0.0000
192.5340,185.2042,0.0864,102.8923,0.0000,0.0000,0.0000,0.0000,0.0000,270.0021,0.0000,0.0000,0.0000,0.0000,0.0000,0.0000,0.0000,0.0000,0.0000,1,0,0,0,0,0.0000
192.6068,185.2042,0.0864,102.8923,0.0000,0.0000,0.0000,0.0000,0.0000,270.0021,0.0000,0.0000,0.0000,0.0000,0.0000,0.0000,0.0000,0.0000,0.0000,1,0,0,0,0,0.0000
192.6615,185.2042,0.0864,102.8923,0.0000,0.0000,0.0000,0.0000,0.0000,270.0021,0.0000,0.0000,0.0000,0.0000,0.0000,0.0000,0.0000,0.0000,0.0000,1,0,0,0,0,0.0000
192.7175,185.2042,0.0864,102.8923,0.0000,0.0000,0.0000,0.0000,0.0000,270.0021,0.0000,0.0000,0.0000,0.0000,0.0000,0.0000,0.0000,0.0000,0.0000,1,0,0,0,0,0.0000
192.7752,185.2042,0.0864,102.8923,0.0000,0.0000,0.0000,0.0000,0.0000,270.0021,0.0000,0.0000,0.0000,0.0000,0.0000,0.0000,0.0000,0.0000,0.0000,1,0,0,0,0,0.0000
192.8282,185.2042,0.0864,102.8923,0.0000,0.0000,0.0000,0.0000,0.0000,270.0021,0.0000,0.0000,0.0000,0.0000,0.0000,0.0000,0.0000,0.0000,0.0000,1,0,0,0,0,0.0000
192.8877,185.2042,0.0864,102.8923,0.0000,0.0000,0.0000,0.0000,0.0000,270.0021,0.0000,0.0000,0.0000,0.0000,0.0000,0.0000,0.0000,0.0000,0.0000,1,0,0,0,0,0.0000
192.9433,185.2042,0.0864,102.8923,0.0000,0.0000,0.0000,0.0000,0.0000,270.0021,0.0000,0.0000,0.0000,0.0000,0.0000,0.0000,0.0000,0.0000,0.0000,1,0,0,0,0,0.0000
192.9969,185.2042,0.0864,102.8923,0.0000,0.0000,0.0000,0.0000,0.0000,270.0021,0.0000,0.0000,0.0000,0.0000,0.0000,0.0000,0.0000,0.0000,0.0000,1,0,0,0,0,0.0000
193.0645,185.2042,0.0864,102.8923,0.0000,0.0000,0.0000,0.0000,0.0000,270.0021,0.0000,0.0000,0.0000,0.0000,0.0000,0.0000,0.0000,0.0000,0.0000,1,0,0,0,0,0.0000
193.1190,185.2042,0.0864,102.8923,0.0000,0.0000,0.0000,0.0000,0.0000,270.0021,0.0000,0.0000,0.0000,0.0000,0.0000,0.0000,0.0000,0.0000,0.0000,1,0,0,0,0,0.0000
193.1751,185.2042,0.0864,102.8923,0.0000,0.0000,0.0000,0.0000,0.0000,270.0021,0.0000,0.0000,0.0000,0.0000,0.0000,0.0000,0.0000,0.0000,0.0000,1,0,0,0,0,0.0000
193.2299,185.2042,0.0864,102.8923,0.0000,0.0000,0.0000,0.0000,0.0000,270.0021,0.0000,0.0000,0.0000,0.0000,0.0000,0.0000,0.0000,0.0000,0.0000,1,0,0,0,0,0.0000
193.2870,185.2042,0.0864,102.8923,0.0000,0.0000,0.0000,0.0000,0.0000,270.0021,0.0000,0.0000,0.0000,0.0000,0.0000,0.0000,0.0000,0.0000,0.0000,1,0,0,0,0,0.0000
193.3423,185.2042,0.0864,102.8923,0.0000,0.0000,0.0000,0.0000,0.0000,270.0021,0.0000,0.0000,0.0000,0.0000,0.0000,0.0000,0.0000,0.0000,0.0000,1,0,0,0,0,0.0000
193.4014,185.2042,0.0864,102.8923,0.0000,0.0000,0.0000,0.0000,0.0000,270.0021,0.0000,0.0000,0.0000,0.0000,0.0000,0.0000,0.0000,0.0000,0.0000,1,0,0,0,0,0.0000
193.4706,185.2042,0.0864,102.8923,0.0000,0.0000,0.0000,0.0000,0.0000,270.0021,0.0000,0.0000,0.0000,0.0000,0.0000,0.0000,0.0000,0.0000,0.0000,1,0,0,0,0,0.0000
193.5368,185.2042,0.0864,102.8923,0.0000,0.0000,0.0000,0.0000,0.0000,270.0021,0.0000,0.0000,0.0000,0.0000,0.0000,0.0000,0.0000,0.0000,0.0000,1,0,0,0,0,0.0000
193.6078,185.2042,0.0864,102.8923,0.0000,0.0000,0.0000,0.0000,0.0000,270.0021,0.0000,0.0000,0.0000,0.0000,0.0000,0.0000,0.0000,0.0000,0.0000,1,0,0,0,0,0.0000
193.6798,185.2042,0.0864,102.8923,0.0000,0.0000,0.0000,0.0000,0.0000,270.0021,0.0000,0.0000,0.0000,0.0000,0.0000,0.0000,0.0000,0.0000,0.0000,1,0,0,0,0,0.0000
193.7474,185.2042,0.0864,102.8923,0.0000,0.0000,0.0000,0.0000,0.0000,270.0021,0.0000,0.0000,0.0000,0.0000,0.0000,0.0000,0.0000,0.0000,0.0000,1,0,0,0,0,0.0000
193.8048,185.2042,0.0864,102.8923,0.0000,0.0000,0.0000,0.0000,0.0000,270.0021,0.0000,0.0000,0.0000,0.0000,0.0000,0.0000,0.0000,0.0000,0.0000,1,0,0,0,0,0.0000
193.8587,185.2042,0.0864,102.8923,0.0000,0.0000,0.0000,0.0000,0.0000,270.0021,0.0000,0.0000,0.0000,0.0000,0.0000,0.0000,0.0000,0.0000,0.0000,1,0,0,0,0,0.0000
193.9122,185.2042,0.0864,102.8923,0.0000,0.0000,0.0000,0.0000,0.0000,270.0021,0.0000,0.0000,0.0000,0.0000,0.0000,0.0000,0.0000,0.0000,0.0000,1,0,0,0,0,0.0000
193.9686,185.2042,0.0864,102.8923,0.0000,0.0000,0.0000,0.0000,0.0000,270.0021,0.0000,0.0000,0.0000,0.0000,0.0000,0.0000,0.0000,0.0000,0.0000,1,0,0,0,0,0.0000
194.0222,185.2042,0.0864,102.8923,0.0000,0.0000,0.0000,0.0000,0.0000,270.0021,0.0000,0.0000,0.0000,0.0000,0.0000,0.0000,0.0000,0.0000,0.0000,1,0,0,0,0,0.0000
194.1044,185.2042,0.0864,102.8923,0.0000,0.0000,0.0000,0.0000,0.0000,270.0021,0.0000,0.0000,0.0000,0.0000,0.0000,0.0000,0.0000,0.0000,0.0000,1,0,0,0,0,0.0000
194.2190,185.2042,0.0864,102.8923,0.0000,0.0000,0.0000,0.0000,0.0000,270.0021,0.0000,0.0000,0.0000,0.0000,0.0000,0.0000,0.0000,0.0000,0.0000,1,0,0,0,0,0.0000
194.2859,185.2042,0.0864,102.8923,0.0000,0.0000,0.0000,0.0000,0.0000,270.0021,0.0000,0.0000,0.0000,0.0000,0.0000,0.0000,0.0000,0.0000,0.0000,1,0,0,0,0,0.0000
194.3424,185.2042,0.0864,102.8923,0.0000,0.0000,0.0000,0.0000,0.0000,270.0021,0.0000,0.0000,0.0000,0.0000,0.0000,0.0000,0.0000,0.0000,0.0000,1,0,0,0,0,0.0000
194.4100,185.2042,0.0864,102.8923,0.0000,0.0000,0.0000,0.0000,0.0000,270.0021,0.0000,0.0000,0.0000,0.0000,0.0000,0.0000,0.0000,0.0000,0.0000,1,0,0,0,0,0.0000
194.4669,185.2042,0.0864,102.8923,0.0000,0.0000,0.0000,0.0000,0.0000,270.0021,0.0000,0.0000,0.0000,0.0000,0.0000,0.0000,0.0000,0.0000,0.0000,1,0,0,0,0,0.0000
194.5375,185.2042,0.0864,102.8923,0.0000,0.0000,0.0000,0.0000,0.0000,270.0021,0.0000,0.0000,0.0000,0.0000,0.0000,0.0000,0.0000,0.0000,0.0000,1,0,0,0,0,0.0000
194.5916,185.2042,0.0864,102.8923,0.0000,0.0000,0.0000,0.0000,0.0000,270.0021,0.0000,0.0000,0.0000,0.0000,0.0000,0.0000,0.0000,0.0000,0.0000,1,0,0,0,0,0.0000
194.6512,185.2042,0.0864,102.8923,0.0000,0.0000,0.0000,0.0000,0.0000,270.0021,0.0000,0.0000,0.0000,0.0000,0.0000,0.0000,0.0000,0.0000,0.0000,1,0,0,0,0,0.0000
194.7157,185.2042,0.0864,102.8923,0.0000,0.0000,0.0000,0.0000,0.0000,270.0021,0.0000,0.0000,0.0000,0.0000,0.0000,0.0000,0.0000,0.0000,0.0000,1,0,0,0,0,0.0000
194.7722,185.2042,0.0864,102.8923,0.0000,0.0000,0.0000,0.0000,0.0000,270.0021,0.0000,0.0000,0.0000,0.0000,0.0000,0.0000,0.0000,0.0000,0.0000,1,0,0,0,0,0.0000
194.8416,185.2042,0.0864,102.8923,0.0000,0.0000,0.0000,0.0000,0.0000,270.0021,0.0000,0.0000,0.0000,0.0000,0.0000,0.0000,0.0000,0.0000,0.0000,1,0,0,0,0,0.0000
194.9054,185.2042,0.0864,102.8923,0.0000,0.0000,0.0000,0.0000,0.0000,270.0021,0.0000,0.0000,0.0000,0.0000,0.0000,0.0000,0.0000,0.0000,0.0000,1,0,0,0,0,0.0000
194.9820,185.2042,0.0864,102.8923,0.0000,0.0000,0.0000,0.0000,0.0000,270.0021,0.0000,0.0000,0.0000,0.0000,0.0000,0.0000,0.0000,0.0000,0.0000,1,0,0,0,0,0.0000
195.0360,185.2042,0.0864,102.8923,0.0000,0.0000,0.0000,0.0000,0.0000,270.0021,0.0000,0.0000,0.0000,0.0000,0.0000,0.0000,0.0000,0.0000,0.0000,1,0,0,0,0,0.0000
195.0928,185.2042,0.0864,102.8923,0.0000,0.0000,0.0000,0.0000,0.0000,270.0021,0.0000,0.0000,0.0000,0.0000,0.0000,0.0000,0.0000,0.0000,0.0000,1,0,0,0,0,0.0000
195.1468,185.2042,0.0864,102.8923,0.0000,0.0000,0.0000,0.0000,0.0000,270.0021,0.0000,0.0000,0.0000,0.0000,0.0000,0.0000,0.0000,0.0000,0.0000,1,0,0,0,0,0.0000
195.2041,185.2042,0.0864,102.8923,0.0000,0.0000,0.0000,0.0000,0.0000,270.0021,0.0000,0.0000,0.0000,0.0000,0.0000,0.0000,0.0000,0.0000,0.0000,1,0,0,0,0,0.0000
195.2746,185.2042,0.0864,102.8923,0.0000,0.0000,0.0000,0.0000,0.0000,270.0021,0.0000,0.0000,0.0000,0.0000,0.0000,0.0000,0.0000,0.0000,0.0000,1,0,0,0,0,0.0000
195.3278,185.2042,0.0864,102.8923,0.0000,0.0000,0.0000,0.0000,0.0000,270.0021,0.0000,0.0000,0.0000,0.0000,0.0000,0.0000,0.0000,0.0000,0.0000,1,0,0,0,0,0.0000
195.3845,185.2042,0.0864,102.8923,0.0000,0.0000,0.0000,0.0000,0.0000,270.0021,0.0000,0.0000,0.0000,0.0000,0.0000,0.0000,0.0000,0.0000,0.0000,1,0,0,0,0,0.0000
195.4420,185.2042,0.0864,102.8923,0.0000,0.0000,0.0000,0.0000,0.0000,270.0021,0.0000,0.0000,0.0000,0.0000,0.0000,0.0000,0.0000,0.0000,0.0000,1,0,0,0,0,0.0000
195.4944,185.2042,0.0864,102.8923,0.0000,0.0000,0.0000,0.0000,0.0000,270.0021,0.0000,0.0000,0.0000,0.0000,0.0000,0.0000,0.0000,0.0000,0.0000,1,0,0,0,0,0.0000
195.5501,185.2042,0.0864,102.8923,0.0000,0.0000,0.0000,0.0000,0.0000,270.0021,0.0000,0.0000,0.0000,0.0000,0.0000,0.0000,0.0000,0.0000,0.0000,1,0,0,0,0,0.0000
195.6047,185.2042,0.0864,102.8923,0.0000,0.0000,0.0000,0.0000,0.0000,270.0021,0.0000,0.0000,0.0000,0.0000,0.0000,0.0000,0.0000,0.0000,0.0000,1,0,0,0,0,0.0000
195.6770,185.2042,0.0864,102.8923,0.0000,0.0000,0.0000,0.0000,0.0000,270.0021,0.0000,0.0000,0.0000,0.0000,0.0000,0.0000,0.0000,0.0000,0.0000,1,0,0,0,0,0.0000
195.7539,185.2042,0.0864,102.8923,0.0000,0.0000,0.0000,0.0000,0.0000,270.0021,0.0000,0.0000,0.0000,0.0000,0.0000,0.0000,0.0000,0.0000,0.0000,1,0,0,0,0,0.0000
195.8314,185.2042,0.0864,102.8923,0.0000,0.0000,0.0000,0.0000,0.0000,270.0021,0.0000,0.0000,0.0000,0.0000,0.0000,0.0000,0.0000,0.0000,0.0000,1,0,0,0,0,0.0000
195.8847,185.2042,0.0864,102.8923,0.0000,0.0000,0.0000,0.0000,0.0000,270.0021,0.0000,0.0000,0.0000,0.0000,0.0000,0.0000,0.0000,0.0000,0.0000,1,0,0,0,0,0.0000
195.9400,185.2042,0.0864,102.8923,0.0000,0.0000,0.0000,0.0000,0.0000,270.0021,0.0000,0.0000,0.0000,0.0000,0.0000,0.0000,0.0000,0.0000,0.0000,1,0,0,0,0,0.0000
195.9963,185.2042,0.0864,102.8923,0.0000,0.0000,0.0000,0.0000,0.0000,270.0021,0.0000,0.0000,0.0000,0.0000,0.0000,0.0000,0.0000,0.0000,0.0000,1,0,0,0,0,0.0000
196.0506,185.2042,0.0864,102.8923,0.0000,0.0000,0.0000,0.0000,0.0000,270.0021,0.0000,0.0000,0.0000,0.0000,0.0000,0.0000,0.0000,0.0000,0.0000,1,0,0,0,0,0.0000
196.1060,185.2042,0.0864,102.8923,0.0000,0.0000,0.0000,0.0000,0.0000,270.0021,0.0000,0.0000,0.0000,0.0000,0.0000,0.0000,0.0000,0.0000,0.0000,1,0,0,0,0,0.0000
196.1655,185.2042,0.0864,102.8923,0.0000,0.0000,0.0000,0.0000,0.0000,270.0021,0.0000,0.0000,0.0000,0.0000,0.0000,0.0000,0.0000,0.0000,0.0000,1,0,0,0,0,0.0000
196.2172,185.2042,0.0864,102.8923,0.0000,0.0000,0.0000,0.0000,0.0000,270.0021,0.0000,0.0000,0.0000,0.0000,0.0000,0.0000,0.0000,0.0000,0.0000,1,0,0,0,0,0.0000
196.2734,185.2042,0.0864,102.8923,0.0000,0.0000,0.0000,0.0000,0.0000,270.0021,0.0000,0.0000,0.0000,0.0000,0.0000,0.0000,0.0000,0.0000,0.0000,1,0,0,0,0,0.0000
196.3481,185.2042,0.0864,102.8923,0.0000,0.0000,0.0000,0.0000,0.0000,270.0021,0.0000,0.0000,0.0000,0.0000,0.0000,0.0000,0.0000,0.0000,0.0000,1,0,0,0,0,0.0000
196.4139,185.2042,0.0864,102.8923,0.0000,0.0000,0.0000,0.0000,0.0000,270.0021,0.0000,0.0000,0.0000,0.0000,0.0000,0.0000,0.0000,0.0000,0.0000,1,0,0,0,0,0.0000
196.4663,185.2042,0.0864,102.8923,0.0000,0.0000,0.0000,0.0000,0.0000,270.0021,0.0000,0.0000,0.0000,0.0000,0.0000,0.0000,0.0000,0.0000,0.0000,1,0,0,0,0,0.0000
196.5228,185.2042,0.0864,102.8923,0.0000,0.0000,0.0000,0.0000,0.0000,270.0021,0.0000,0.0000,0.0000,0.0000,0.0000,0.0000,0.0000,0.0000,0.0000,1,0,0,0,0,0.0000
196.5787,185.2042,0.0864,102.8923,0.0000,0.0000,0.0000,0.0000,0.0000,270.0021,0.0000,0.0000,0.0000,0.0000,0.0000,0.0000,0.0000,0.0000,0.0000,1,0,0,0,0,0.0000
196.6343,185.2042,0.0864,102.8923,0.0000,0.0000,0.0000,0.0000,0.0000,270.0021,0.0000,0.0000,0.0000,0.0000,0.0000,0.0000,0.0000,0.0000,0.0000,1,0,0,0,0,0.0000
196.6900,185.2042,0.0864,102.8923,0.0000,0.0000,0.0000,0.0000,0.0000,270.0021,0.0000,0.0000,0.0000,0.0000,0.0000,0.0000,0.0000,0.0000,0.0000,1,0,0,0,0,0.0000
196.7463,185.2042,0.0864,102.8923,0.0000,0.0000,0.0000,0.0000,0.0000,270.0021,0.0000,0.0000,0.0000,0.0000,0.0000,0.0000,0.0000,0.0000,0.0000,1,0,0,0,0,0.0000
196.8005,185.2042,0.0864,102.8923,0.0000,0.0000,0.0000,0.0000,0.0000,270.0021,0.0000,0.0000,0.0000,0.0000,0.0000,0.0000,0.0000,0.0000,0.0000,1,0,0,0,0,0.0000
196.8719,185.2042,0.0864,102.8923,0.0000,0.0000,0.0000,0.0000,0.0000,270.0021,0.0000,0.0000,0.0000,0.0000,0.0000,0.0000,0.0000,0.0000,0.0000,1,0,0,0,0,0.0000
196.9282,185.2042,0.0864,102.8923,0.0000,0.0000,0.0000,0.0000,0.0000,270.0021,0.0000,0.0000,0.0000,0.0000,0.0000,0.0000,0.0000,0.0000,0.0000,1,0,0,0,0,0.0000
196.9813,185.2042,0.0864,102.8923,0.0000,0.0000,0.0000,0.0000,0.0000,270.0021,0.0000,0.0000,0.0000,0.0000,0.0000,0.0000,0.0000,0.0000,0.0000,1,0,0,0,0,0.0000
197.0368,185.2042,0.0864,102.8923,0.0000,0.0000,0.0000,0.0000,0.0000,270.0021,0.0000,0.0000,0.0000,0.0000,0.0000,0.0000,0.0000,0.0000,0.0000,1,0,0,0,0,0.0000
197.0917,185.2042,0.0864,102.8923,0.0000,0.0000,0.0000,0.0000,0.0000,270.0021,0.0000,0.0000,0.0000,0.0000,0.0000,0.0000,0.0000,0.0000,0.0000,1,0,0,0,0,0.0000
197.1473,185.2042,0.0864,102.8923,0.0000,0.0000,0.0000,0.0000,0.0000,270.0021,0.0000,0.0000,0.0000,0.0000,0.0000,0.0000,0.0000,0.0000,0.0000,1,0,0,0,0,0.0000
197.2053,185.2042,0.0864,102.8923,0.0000,0.0000,0.0000,0.0000,0.0000,270.0021,0.0000,0.0000,0.0000,0.0000,0.0000,0.0000,0.0000,0.0000,0.0000,1,0,0,0,0,0.0000
197.2615,185.2042,0.0864,102.8923,0.0000,0.0000,0.0000,0.0000,0.0000,270.0021,0.0000,0.0000,0.0000,0.0000,0.0000,0.0000,0.0000,0.0000,0.0000,1,0,0,0,0,0.0000
197.3132,185.2042,0.0864,102.8923,0.0000,0.0000,0.0000,0.0000,0.0000,270.0021,0.0000,0.0000,0.0000,0.0000,0.0000,0.0000,0.0000,0.0000,0.0000,1,0,0,0,0,0.0000
197.3702,185.2042,0.0864,102.8923,0.0000,0.0000,0.0000,0.0000,0.0000,270.0021,0.0000,0.0000,0.0000,0.0000,0.0000,0.0000,0.0000,0.0000,0.0000,1,0,0,0,0,0.0000
197.4429,185.2042,0.0864,102.8923,0.0000,0.0000,0.0000,0.0000,0.0000,270.0021,0.0000,0.0000,0.0000,0.0000,0.0000,0.0000,0.0000,0.0000,0.0000,1,0,0,0,0,0.0000
197.4975,185.2042,0.0864,102.8923,0.0000,0.0000,0.0000,0.0000,0.0000,270.0021,0.0000,0.0000,0.0000,0.0000,0.0000,0.0000,0.0000,0.0000,0.0000,1,0,0,0,0,0.0000
197.5567,185.2042,0.0864,102.8923,0.0000,0.0000,0.0000,0.0000,0.0000,270.0021,0.0000,0.0000,0.0000,0.0000,0.0000,0.0000,0.0000,0.0000,0.0000,1,0,0,0,0,0.0000
197.6074,185.2042,0.0864,102.8923,0.0000,0.0000,0.0000,0.0000,0.0000,270.0021,0.0000,0.0000,0.0000,0.0000,0.0000,0.0000,0.0000,0.0000,0.0000,1,0,0,0,0,0.0000
197.6640,185.2042,0.0864,102.8923,0.0000,0.0000,0.0000,0.0000,0.0000,270.0021,0.0000,0.0000,0.0000,0.0000,0.0000,0.0000,0.0000,0.0000,0.0000,1,0,0,0,0,0.0000
197.7332,185.2042,0.0864,102.8923,0.0000,0.0000,0.0000,0.0000,0.0000,270.0021,0.0000,0.0000,0.0000,0.0000,0.0000,0.0000,0.0000,0.0000,0.0000,1,0,0,0,0,0.0000
197.8264,185.2042,0.0864,102.8923,0.0000,0.0000,0.0000,0.0000,0.0000,270.0021,0.0000,0.0000,0.0000,0.0000,0.0000,0.0000,0.0000,0.0000,0.0000,1,0,0,0,0,0.0000
197.8857,185.2042,0.0864,102.8923,0.0000,0.0000,0.0000,0.0000,0.0000,270.0021,0.0000,0.0000,0.0000,0.0000,0.0000,0.0000,0.0000,0.0000,0.0000,1,0,0,0,0,0.0000
197.9561,185.2042,0.0864,102.8923,0.0000,0.0000,0.0000,0.0000,0.0000,270.0021,0.0000,0.0000,0.0000,0.0000,0.0000,0.0000,0.0000,0.0000,0.0000,1,0,0,0,0,0.0000
198.0125,185.2042,0.0864,102.8923,0.0000,0.0000,0.0000,0.0000,0.0000,270.0021,0.0000,0.0000,0.0000,0.0000,0.0000,0.0000,0.0000,0.0000,0.0000,1,0,0,0,0,0.0000
198.0663,185.2042,0.0864,102.8923,0.0000,0.0000,0.0000,0.0000,0.0000,270.0021,0.0000,0.0000,0.0000,0.0000,0.0000,0.0000,0.0000,0.0000,0.0000,1,0,0,0,0,0.0000
198.1225,185.2042,0.0864,102.8923,0.0000,0.0000,0.0000,0.0000,0.0000,270.0021,0.0000,0.0000,0.0000,0.0000,0.0000,0.0000,0.0000,0.0000,0.0000,1,0,0,0,0,0.0000
198.1795,185.2042,0.0864,102.8923,0.0000,0.0000,0.0000,0.0000,0.0000,270.0021,0.0000,0.0000,0.0000,0.0000,0.0000,0.0000,0.0000,0.0000,0.0000,1,0,0,0,0,0.0000
198.2311,185.2042,0.0864,102.8923,0.0000,0.0000,0.0000,0.0000,0.0000,270.0021,0.0000,0.0000,0.0000,0.0000,0.0000,0.0000,0.0000,0.0000,0.0000,1,0,0,0,0,0.0000
198.2881,185.2042,0.0864,102.8923,0.0000,0.0000,0.0000,0.0000,0.0000,270.0021,0.0000,0.0000,0.0000,0.0000,0.0000,0.0000,0.0000,0.0000,0.0000,1,0,0,0,0,0.0000
198.3429,185.2042,0.0864,102.8923,0.0000,0.0000,0.0000,0.0000,0.0000,270.0021,0.0000,0.0000,0.0000,0.0000,0.0000,0.0000,0.0000,0.0000,0.0000,1,0,0,0,0,0.0000
198.4022,185.2042,0.0864,102.8923,0.0000,0.0000,0.0000,0.0000,0.0000,270.0021,0.0000,0.0000,0.0000,0.0000,0.0000,0.0000,0.0000,0.0000,0.0000,1,0,0,0,0,0.0000
198.4540,185.2042,0.0864,102.8923,0.0000,0.0000,0.0000,0.0000,0.0000,270.0021,0.0000,0.0000,0.0000,0.0000,0.0000,0.0000,0.0000,0.0000,0.0000,1,0,0,0,0,0.0000
198.5237,185.2042,0.0864,102.8923,0.0000,0.0000,0.0000,0.0000,0.0000,270.0021,0.0000,0.0000,0.0000,0.0000,0.0000,0.0000,0.0000,0.0000,0.0000,1,0,0,0,0,0.0000
198.5832,185.2042,0.0864,102.8923,0.0000,0.0000,0.0000,0.0000,0.0000,270.0021,0.0000,0.0000,0.0000,0.0000,0.0000,0.0000,0.0000,0.0000,0.0000,1,0,0,0,0,0.0000
198.6362,185.2042,0.0864,102.8923,0.0000,0.0000,0.0000,0.0000,0.0000,270.0021,0.0000,0.0000,0.0000,0.0000,0.0000,0.0000,0.0000,0.0000,0.0000,1,0,0,0,0,0.0000
198.6923,185.2042,0.0864,102.8923,0.0000,0.0000,0.0000,0.0000,0.0000,270.0021,0.0000,0.0000,0.0000,0.0000,0.0000,0.0000,0.0000,0.0000,0.0000,1,0,0,0,0,0.0000
198.7489,185.2042,0.0864,102.8923,0.0000,0.0000,0.0000,0.0000,0.0000,270.0021,0.0000,0.0000,0.0000,0.0000,0.0000,0.0000,0.0000,0.0000,0.0000,1,0,0,0,0,0.0000
198.8033,185.2042,0.0864,102.8923,0.0000,0.0000,0.0000,0.0000,0.0000,270.0021,0.0000,0.0000,0.0000,0.0000,0.0000,0.0000,0.0000,0.0000,0.0000,1,0,0,0,0,0.0000
198.8577,185.2042,0.0864,102.8923,0.0000,0.0000,0.0000,0.0000,0.0000,270.0021,0.0000,0.0000,0.0000,0.0000,0.0000,0.0000,0.0000,0.0000,0.0000,1,0,0,0,0,0.0000
198.9112,185.2042,0.0864,102.8923,0.0000,0.0000,0.0000,0.0000,0.0000,270.0021,0.0000,0.0000,0.0000,0.0000,0.0000,0.0000,0.0000,0.0000,0.0000,1,0,0,0,0,0.0000
198.9676,185.2042,0.0864,102.8923,0.0000,0.0000,0.0000,0.0000,0.0000,270.0021,0.0000,0.0000,0.0000,0.0000,0.0000,0.0000,0.0000,0.0000,0.0000,1,0,0,0,0,0.0000
199.0371,185.2042,0.0864,102.8923,0.0000,0.0000,0.0000,0.0000,0.0000,270.0021,0.0000,0.0000,0.0000,0.0000,0.0000,0.0000,0.0000,0.0000,0.0000,1,0,0,0,0,0.0000
199.0934,185.2042,0.0864,102.8923,0.0000,0.0000,0.0000,0.0000,0.0000,270.0021,0.0000,0.0000,0.0000,0.0000,0.0000,0.0000,0.0000,0.0000,0.0000,1,0,0,0,0,0.0000
199.1493,185.2042,0.0864,102.8923,0.0000,0.0000,0.0000,0.0000,0.0000,270.0021,0.0000,0.0000,0.0000,0.0000,0.0000,0.0000,0.0000,0.0000,0.0000,1,0,0,0,0,0.0000
199.2205,185.2042,0.0864,102.8923,0.0000,0.0000,0.0000,0.0000,0.0000,270.0021,0.0000,0.0000,0.0000,0.0000,0.0000,0.0000,0.0000,0.0000,0.0000,1,0,0,0,0,0.0000
199.2769,185.2042,0.0864,102.8923,0.0000,0.0000,0.0000,0.0000,0.0000,270.0021,0.0000,0.0000,0.0000,0.0000,0.0000,0.0000,0.0000,0.0000,0.0000,1,0,0,0,0,0.0000
199.3285,185.2042,0.0864,102.8923,0.0000,0.0000,0.0000,0.0000,0.0000,270.0021,0.0000,0.0000,0.0000,0.0000,0.0000,0.0000,0.0000,0.0000,0.0000,1,0,0,0,0,0.0000
199.3852,185.2042,0.0864,102.8923,0.0000,0.0000,0.0000,0.0000,0.0000,270.0021,0.0000,0.0000,0.0000,0.0000,0.0000,0.0000,0.0000,0.0000,0.0000,1,0,0,0,0,0.0000
199.4393,185.2042,0.0864,102.8923,0.0000,0.0000,0.0000,0.0000,0.0000,270.0021,0.0000,0.0000,0.0000,0.0000,0.0000,0.0000,0.0000,0.0000,0.0000,1,0,0,0,0,0.0000
199.4959,185.2042,0.0864,102.8923,0.0000,0.0000,0.0000,0.0000,0.0000,270.0021,0.0000,0.0000,0.0000,0.0000,0.0000,0.0000,0.0000,0.0000,0.0000,1,0,0,0,0,0.0000
199.5656,185.2042,0.0864,102.8923,0.0000,0.0000,0.0000,0.0000,0.0000,270.0021,0.0000,0.0000,0.0000,0.0000,0.0000,0.0000,0.0000,0.0000,0.0000,1,0,0,0,0,0.0000
199.6212,185.2042,0.0864,102.8923,0.0000,0.0000,0.0000,0.0000,0.0000,270.0021,0.0000,0.0000,0.0000,0.0000,0.0000,0.0000,0.0000,0.0000,0.0000,1,0,0,0,0,0.0000
199.6779,185.2042,0.0864,102.8923,0.0000,0.0000,0.0000,0.0000,0.0000,270.0021,0.0000,0.0000,0.0000,0.0000,0.0000,0.0000,0.0000,0.0000,0.0000,1,0,0,0,0,0.0000
199.7318,185.2042,0.0864,102.8923,0.0000,0.0000,0.0000,0.0000,0.0000,270.0021,0.0000,0.0000,0.0000,0.0000,0.0000,0.0000,0.0000,0.0000,0.0000,1,0,0,0,0,0.0000
199.7903,185.2042,0.0864,102.8923,0.0000,0.0000,0.0000,0.0000,0.0000,270.0021,0.0000,0.0000,0.0000,0.0000,0.0000,0.0000,0.0000,0.0000,0.0000,1,0,0,0,0,0.0000
199.8428,185.2042,0.0864,102.8923,0.0000,0.0000,0.0000,0.0000,0.0000,270.0021,0.0000,0.0000,0.0000,0.0000,0.0000,0.0000,0.0000,0.0000,0.0000,1,0,0,0,0,0.0000
199.8995,185.2042,0.0864,102.8923,0.0000,0.0000,0.0000,0.0000,0.0000,270.0021,0.0000,0.0000,0.0000,0.0000,0.0000,0.0000,0.0000,0.0000,0.0000,1,0,0,0,0,0.0000
199.9580,185.2042,0.0864,102.8923,0.0000,0.0000,0.0000,0.0000,0.0000,270.0021,0.0000,0.0000,0.0000,0.0000,0.0000,0.0000,0.0000,0.0000,0.0000,1,0,0,0,0,0.0000
200.0085,185.2042,0.0864,102.8923,0.0000,0.0000,0.0000,0.0000,0.0000,270.0021,0.0000,0.0000,0.0000,0.0000,0.0000,0.0000,0.0000,0.0000,0.0000,1,0,0,0,0,0.0000
200.0640,185.2042,0.0864,102.8923,0.0000,0.0000,0.0000,0.0000,0.0000,270.0021,0.0000,0.0000,0.0000,0.0000,0.0000,0.0000,0.0000,0.0000,0.0000,1,0,0,0,0,0.0000
200.1352,185.2042,0.0864,102.8923,0.0000,0.0000,0.0000,0.0000,0.0000,270.0021,0.0000,0.0000,0.0000,0.0000,0.0000,0.0000,0.0000,0.0000,0.0000,1,0,0,0,0,0.0000
200.1917,185.2042,0.0864,102.8923,0.0000,0.0000,0.0000,0.0000,0.0000,270.0021,0.0000,0.0000,0.0000,0.0000,0.0000,0.0000,0.0000,0.0000,0.0000,1,0,0,0,0,0.0000
200.2489,185.2042,0.0864,102.8923,0.0000,0.0000,0.0000,0.0000,0.0000,270.0021,0.0000,0.0000,0.0000,0.0000,0.0000,0.0000,0.0000,0.0000,0.0000,1,0,0,0,0,0.0000
200.3179,185.2042,0.0864,102.8923,0.0000,0.0000,0.0000,0.0000,0.0000,270.0021,0.0000,0.0000,0.0000,0.0000,0.0000,0.0000,0.0000,0.0000,0.0000,1,0,0,0,0,0.0000
200.3714,185.2042,0.0864,102.8923,0.0000,0.0000,0.0000,0.0000,0.0000,270.0021,0.0000,0.0000,0.0000,0.0000,0.0000,0.0000,0.0000,0.0000,0.0000,1,0,0,0,0,0.0000
200.4260,185.2042,0.0864,102.8923,0.0000,0.0000,0.0000,0.0000,0.0000,270.0021,0.0000,0.0000,0.0000,0.0000,0.0000,0.0000,0.0000,0.0000,0.0000,1,0,0,0,0,0.0000
200.4818,185.2042,0.0864,102.8923,0.0000,0.0000,0.0000,0.0000,0.0000,270.0021,0.0000,0.0000,0.0000,0.0000,0.0000,0.0000,0.0000,0.0000,0.0000,1,0,0,0,0,0.0000
200.5376,185.2042,0.0864,102.8923,0.0000,0.0000,0.0000,0.0000,0.0000,270.0021,0.0000,0.0000,0.0000,0.0000,0.0000,0.0000,0.0000,0.0000,0.0000,1,0,0,0,0,0.0000
200.5928,185.2042,0.0864,102.8923,0.0000,0.0000,0.0000,0.0000,0.0000,270.0021,0.0000,0.0000,0.0000,0.0000,0.0000,0.0000,0.0000,0.0000,0.0000,1,0,0,0,0,0.0000
200.6647,185.2042,0.0864,102.8923,0.0000,0.0000,0.0000,0.0000,0.0000,270.0021,0.0000,0.0000,0.0000,0.0000,0.0000,0.0000,0.0000,0.0000,0.0000,1,0,0,0,0,0.0000
200.7213,185.2042,0.0864,102.8923,0.0000,0.0000,0.0000,0.0000,0.0000,270.0021,0.0000,0.0000,0.0000,0.0000,0.0000,0.0000,0.0000,0.0000,0.0000,1,0,0,0,0,0.0000
200.7755,185.2042,0.0864,102.8923,0.0000,0.0000,0.0000,0.0000,0.0000,270.0021,0.0000,0.0000,0.0000,0.0000,0.0000,0.0000,0.0000,0.0000,0.0000,1,0,0,0,0,0.0000
200.8307,185.2042,0.0864,102.8923,0.0000,0.0000,0.0000,0.0000,0.0000,270.0021,0.0000,0.0000,0.0000,0.0000,0.0000,0.0000,0.0000,0.0000,0.0000,1,0,0,0,0,0.0000
200.8865,185.2042,0.0864,102.8923,0.0000,0.0000,0.0000,0.0000,0.0000,270.0021,0.0000,0.0000,0.0000,0.0000,0.0000,0.0000,0.0000,0.0000,0.0000,1,0,0,0,0,0.0000
200.9411,185.2042,0.0864,102.8923,0.0000,0.0000,0.0000,0.0000,0.0000,270.0021,0.0000,0.0000,0.0000,0.0000,0.0000,0.0000,0.0000,0.0000,0.0000,1,0,0,0,0,0.0000
200.9981,185.2042,0.0864,102.8923,0.0000,0.0000,0.0000,0.0000,0.0000,270.0021,0.0000,0.0000,0.0000,0.0000,0.0000,0.0000,0.0000,0.0000,0.0000,1,0,0,0,0,0.0000
201.0521,185.2042,0.0864,102.8923,0.0000,0.0000,0.0000,0.0000,0.0000,270.0021,0.0000,0.0000,0.0000,0.0000,0.0000,0.0000,0.0000,0.0000,0.0000,1,0,0,0,0,0.0000
201.1102,185.2042,0.0864,102.8923,0.0000,0.0000,0.0000,0.0000,0.0000,270.0021,0.0000,0.0000,0.0000,0.0000,0.0000,0.0000,0.0000,0.0000,0.0000,1,0,0,0,0,0.0000
201.1803,185.2042,0.0864,102.8923,0.0000,0.0000,0.0000,0.0000,0.0000,270.0021,0.0000,0.0000,0.0000,0.0000,0.0000,0.0000,0.0000,0.0000,0.0000,1,0,0,0,0,0.0000
201.2339,185.2042,0.0864,102.8923,0.0000,0.0000,0.0000,0.0000,0.0000,270.0021,0.0000,0.0000,0.0000,0.0000,0.0000,0.0000,0.0000,0.0000,0.0000,1,0,0,0,0,0.0000
201.2897,185.2042,0.0864,102.8923,0.0000,0.0000,0.0000,0.0000,0.0000,270.0021,0.0000,0.0000,0.0000,0.0000,0.0000,0.0000,0.0000,0.0000,0.0000,1,0,0,0,0,0.0000
201.3431,185.2042,0.0864,102.8923,0.0000,0.0000,0.0000,0.0000,0.0000,270.0021,0.0000,0.0000,0.0000,0.0000,0.0000,0.0000,0.0000,0.0000,0.0000,1,0,0,0,0,0.0000
201.4001,185.2042,0.0864,102.8923,0.0000,0.0000,0.0000,0.0000,0.0000,270.0021,0.0000,0.0000,0.0000,0.0000,0.0000,0.0000,0.0000,0.0000,0.0000,1,0,0,0,0,0.0000
201.4559,185.2042,0.0864,102.8923,0.0000,0.0000,0.0000,0.0000,0.0000,270.0021,0.0000,0.0000,0.0000,0.0000,0.0000,0.0000,0.0000,0.0000,0.0000,1,0,0,0,0,0.0000
201.5099,185.2042,0.0864,102.8923,0.0000,0.0000,0.0000,0.0000,0.0000,270.0021,0.0000,0.0000,0.0000,0.0000,0.0000,0.0000,0.0000,0.0000,0.0000,1,0,0,0,0,0.0000
201.5679,185.2042,0.0864,102.8923,0.0000,0.0000,0.0000,0.0000,0.0000,270.0021,0.0000,0.0000,0.0000,0.0000,0.0000,0.0000,0.0000,0.0000,0.0000,1,0,0,0,0,0.0000
201.6225,185.2042,0.0864,102.8923,0.0000,0.0000,0.0000,0.0000,0.0000,270.0021,0.0000,0.0000,0.0000,0.0000,0.0000,0.0000,0.0000,0.0000,0.0000,1,0,0,0,0,0.0000
201.6860,185.2042,0.0864,102.8923,0.0000,0.0000,0.0000,0.0000,0.0000,270.0021,0.0000,0.0000,0.0000,0.0000,0.0000,0.0000,0.0000,0.0000,0.0000,1,0,0,0,0,0.0000
201.7629,185.2042,0.0864,102.8923,0.0000,0.0000,0.0000,0.0000,0.0000,270.0021,0.0000,0.0000,0.0000,0.0000,0.0000,0.0000,0.0000,0.0000,0.0000,1,0,0,0,0,0.0000
201.8294,185.2042,0.0864,102.8923,0.0000,0.0000,0.0000,0.0000,0.0000,270.0021,0.0000,0.0000,0.0000,0.0000,0.0000,0.0000,0.0000,0.0000,0.0000,1,0,0,0,0,0.0000
201.9004,185.2042,0.0864,102.8923,0.0000,0.0000,0.0000,0.0000,0.0000,270.0021,0.0000,0.0000,0.0000,0.0000,0.0000,0.0000,0.0000,0.0000,0.0000,1,0,0,0,0,0.0000
201.9543,185.2042,0.0864,102.8923,0.0000,0.0000,0.0000,0.0000,0.0000,270.0021,0.0000,0.0000,0.0000,0.0000,0.0000,0.0000,0.0000,0.0000,0.0000,1,0,0,0,0,0.0000
202.0143,185.2042,0.0864,102.8923,0.0000,0.0000,0.0000,0.0000,0.0000,270.0021,0.0000,0.0000,0.0000,0.0000,0.0000,0.0000,0.0000,0.0000,0.0000,1,0,0,0,0,0.0000
202.0876,185.2042,0.0864,102.8923,0.0000,0.0000,0.0000,0.0000,0.0000,270.0021,0.0000,0.0000,0.0000,0.0000,0.0000,0.0000,0.0000,0.0000,0.0000,1,0,0,0,0,0.0000
202.1488,185.2042,0.0864,102.8923,0.0000,0.0000,0.0000,0.0000,0.0000,270.0021,0.0000,0.0000,0.0000,0.0000,0.0000,0.0000,0.0000,0.0000,0.0000,1,0,0,0,0,0.0000
202.2086,185.2042,0.0864,102.8923,0.0000,0.0000,0.0000,0.0000,0.0000,270.0021,0.0000,0.0000,0.0000,0.0000,0.0000,0.0000,0.0000,0.0000,0.0000,1,0,0,0,0,0.0000
202.2885,185.2042,0.0864,102.8923,0.0000,0.0000,0.0000,0.0000,0.0000,270.0021,0.0000,0.0000,0.0000,0.0000,0.0000,0.0000,0.0000,0.0000,0.0000,1,0,0,0,0,0.0000
202.3427,185.2042,0.0864,102.8923,0.0000,0.0000,0.0000,0.0000,0.0000,270.0021,0.0000,0.0000,0.0000,0.0000,0.0000,0.0000,0.0000,0.0000,0.0000,1,0,0,0,0,0.0000
202.4006,185.2042,0.0864,102.8923,0.0000,0.0000,0.0000,0.0000,0.0000,270.0021,0.0000,0.0000,0.0000,0.0000,0.0000,0.0000,0.0000,0.0000,0.0000,1,0,0,0,0,0.0000
202.4555,185.2042,0.0864,102.8923,0.0000,0.0000,0.0000,0.0000,0.0000,270.0021,0.0000,0.0000,0.0000,0.0000,0.0000,0.0000,0.0000,0.0000,0.0000,1,0,0,0,0,0.0000
202.5102,185.2042,0.0864,102.8923,0.0000,0.0000,0.0000,0.0000,0.0000,270.0021,0.0000,0.0000,0.0000,0.0000,0.0000,0.0000,0.0000,0.0000,0.0000,1,0,0,0,0,0.0000
202.5661,185.2042,0.0864,102.8923,0.0000,0.0000,0.0000,0.0000,0.0000,270.0021,0.0000,0.0000,0.0000,0.0000,0.0000,0.0000,0.0000,0.0000,0.0000,1,0,0,0,0,0.0000
202.6247,185.2042,0.0864,102.8923,0.0000,0.0000,0.0000,0.0000,0.0000,270.0021,0.0000,0.0000,0.0000,0.0000,0.0000,0.0000,0.0000,0.0000,0.0000,1,0,0,0,0,0.0000
202.6897,185.2042,0.0864,102.8923,0.0000,0.0000,0.0000,0.0000,0.0000,270.0021,0.0000,0.0000,0.0000,0.0000,0.0000,0.0000,0.0000,0.0000,0.0000,1,0,0,0,0,0.0000
202.7474,185.2042,0.0864,102.8923,0.0000,0.0000,0.0000,0.0000,0.0000,270.0021,0.0000,0.0000,0.0000,0.0000,0.0000,0.0000,0.0000,0.0000,0.0000,1,0,0,0,0,0.0000
202.8303,185.2042,0.0864,102.8923,0.0000,0.0000,0.0000,0.0000,0.0000,270.0021,0.0000,0.0000,0.0000,0.0000,0.0000,0.0000,0.0000,0.0000,0.0000,1,0,0,0,0,0.0000
202.8849,185.2042,0.0864,102.8923,0.0000,0.0000,0.0000,0.0000,0.0000,270.0021,0.0000,0.0000,0.0000,0.0000,0.0000,0.0000,0.0000,0.0000,0.0000,1,0,0,0,0,0.0000
202.9399,185.2042,0.0864,102.8923,0.0000,0.0000,0.0000,0.0000,0.0000,270.0021,0.0000,0.0000,0.0000,0.0000,0.0000,0.0000,0.0000,0.0000,0.0000,1,0,0,0,0,0.0000
202.9951,185.2042,0.0864,102.8923,0.0000,0.0000,0.0000,0.0000,0.0000,270.0021,0.0000,0.0000,0.0000,0.0000,0.0000,0.0000,0.0000,0.0000,0.0000,1,0,0,0,0,0.0000
203.0539,185.2042,0.0864,102.8923,0.0000,0.0000,0.0000,0.0000,0.0000,270.0021,0.0000,0.0000,0.0000,0.0000,0.0000,0.0000,0.0000,0.0000,0.0000,1,0,0,0,0,0.0000
203.1063,185.2042,0.0864,102.8923,0.0000,0.0000,0.0000,0.0000,0.0000,270.0021,0.0000,0.0000,0.0000,0.0000,0.0000,0.0000,0.0000,0.0000,0.0000,1,0,0,0,0,0.0000
203.1636,185.2042,0.0864,102.8923,0.0000,0.0000,0.0000,0.0000,0.0000,270.0021,0.0000,0.0000,0.0000,0.0000,0.0000,0.0000,0.0000,0.0000,0.0000,1,0,0,0,0,0.0000
203.2193,185.2042,0.0864,102.8923,0.0000,0.0000,0.0000,0.0000,0.0000,270.0021,0.0000,0.0000,0.0000,0.0000,0.0000,0.0000,0.0000,0.0000,0.0000,1,0,0,0,0,0.0000
203.2875,185.2042,0.0864,102.8923,0.0000,0.0000,0.0000,0.0000,0.0000,270.0021,0.0000,0.0000,0.0000,0.0000,0.0000,0.0000,0.0000,0.0000,0.0000,1,0,0,0,0,0.0000
203.3583,185.2042,0.0864,102.8923,0.0000,0.0000,0.0000,0.0000,0.0000,270.0021,0.0000,0.0000,0.0000,0.0000,0.0000,0.0000,0.0000,0.0000,0.0000,1,0,0,0,0,0.0000
203.4269,185.2042,0.0864,102.8923,0.0000,0.0000,0.0000,0.0000,0.0000,270.0021,0.0000,0.0000,0.0000,0.0000,0.0000,0.0000,0.0000,0.0000,0.0000,1,0,0,0,0,0.0000
203.4975,185.2042,0.0864,102.8923,0.0000,0.0000,0.0000,0.0000,0.0000,270.0021,0.0000,0.0000,0.0000,0.0000,0.0000,0.0000,0.0000,0.0000,0.0000,1,0,0,0,0,0.0000
203.5691,185.2042,0.0864,102.8923,0.0000,0.0000,0.0000,0.0000,0.0000,270.0021,0.0000,0.0000,0.0000,0.0000,0.0000,0.0000,0.0000,0.0000,0.0000,1,0,0,0,0,0.0000
203.6228,185.2042,0.0864,102.8923,0.0000,0.0000,0.0000,0.0000,0.0000,270.0021,0.0000,0.0000,0.0000,0.0000,0.0000,0.0000,0.0000,0.0000,0.0000,1,0,0,0,0,0.0000
203.6862,185.2042,0.0864,102.8923,0.0000,0.0000,0.0000,0.0000,0.0000,270.0021,0.0000,0.0000,0.0000,0.0000,0.0000,0.0000,0.0000,0.0000,0.0000,1,0,0,0,0,0.0000
203.7456,185.2042,0.0864,102.8923,0.0000,0.0000,0.0000,0.0000,0.0000,270.0021,0.0000,0.0000,0.0000,0.0000,0.0000,0.0000,0.0000,0.0000,0.0000,1,0,0,0,0,0.0000
203.8028,185.2042,0.0864,102.8923,0.0000,0.0000,0.0000,0.0000,0.0000,270.0021,0.0000,0.0000,0.0000,0.0000,0.0000,0.0000,0.0000,0.0000,0.0000,1,0,0,0,0,0.0000
203.8733,185.2042,0.0864,102.8923,0.0000,0.0000,0.0000,0.0000,0.0000,270.0021,0.0000,0.0000,0.0000,0.0000,0.0000,0.0000,0.0000,0.0000,0.0000,1,0,0,0,0,0.0000
203.9312,185.2042,0.0864,102.8923,0.0000,0.0000,0.0000,0.0000,0.0000,270.0021,0.0000,0.0000,0.0000,0.0000,0.0000,0.0000,0.0000,0.0000,0.0000,1,0,0,0,0,0.0000
203.9958,185.2042,0.0864,102.8923,0.0000,0.0000,0.0000,0.0000,0.0000,270.0021,0.0000,0.0000,0.0000,0.0000,0.0000,0.0000,0.0000,0.0000,0.0000,1,0,0,0,0,0.0000
204.0510,185.2042,0.0864,102.8923,0.0000,0.0000,0.0000,0.0000,0.0000,270.0021,0.0000,0.0000,0.0000,0.0000,0.0000,0.0000,0.0000,0.0000,0.0000,1,0,0,0,0,0.0000
204.1076,185.2042,0.0864,102.8923,0.0000,0.0000,0.0000,0.0000,0.0000,270.0021,0.0000,0.0000,0.0000,0.0000,0.0000,0.0000,0.0000,0.0000,0.0000,1,0,0,0,0,0.0000
204.1626,185.2042,0.0864,102.8923,0.0000,0.0000,0.0000,0.0000,0.0000,270.0021,0.0000,0.0000,0.0000,0.0000,0.0000,0.0000,0.0000,0.0000,0.0000,1,0,0,0,0,0.0000
204.2175,185.2042,0.0864,102.8923,0.0000,0.0000,0.0000,0.0000,0.0000,270.0021,0.0000,0.0000,0.0000,0.0000,0.0000,0.0000,0.0000,0.0000,0.0000,1,0,0,0,0,0.0000
204.2743,185.2042,0.0864,102.8923,0.0000,0.0000,0.0000,0.0000,0.0000,270.0021,0.0000,0.0000,0.0000,0.0000,0.0000,0.0000,0.0000,0.0000,0.0000,1,0,0,0,0,0.0000
204.3588,185.2042,0.0864,102.8923,0.0000,0.0000,0.0000,0.0000,0.0000,270.0021,0.0000,0.0000,0.0000,0.0000,0.0000,0.0000,0.0000,0.0000,0.0000,1,0,0,0,0,0.0000
204.4329,185.2042,0.0864,102.8923,0.0000,0.0000,0.0000,0.0000,0.0000,270.0021,0.0000,0.0000,0.0000,0.0000,0.0000,0.0000,0.0000,0.0000,0.0000,1,0,0,0,0,0.0000
204.4843,185.2042,0.0864,102.8923,0.0000,0.0000,0.0000,0.0000,0.0000,270.0021,0.0000,0.0000,0.0000,0.0000,0.0000,0.0000,0.0000,0.0000,0.0000,1,0,0,0,0,0.0000
204.5511,185.2042,0.0864,102.8923,0.0000,0.0000,0.0000,0.0000,0.0000,270.0021,0.0000,0.0000,0.0000,0.0000,0.0000,0.0000,0.0000,0.0000,0.0000,1,0,0,0,0,0.0000
204.6068,185.2042,0.0864,102.8923,0.0000,0.0000,0.0000,0.0000,0.0000,270.0021,0.0000,0.0000,0.0000,0.0000,0.0000,0.0000,0.0000,0.0000,0.0000,1,0,0,0,0,0.0000
204.6659,185.2042,0.0864,102.8923,0.0000,0.0000,0.0000,0.0000,0.0000,270.0021,0.0000,0.0000,0.0000,0.0000,0.0000,0.0000,0.0000,0.0000,0.0000,1,0,0,0,0,0.0000
204.7186,185.2042,0.0864,102.8923,0.0000,0.0000,0.0000,0.0000,0.0000,270.0021,0.0000,0.0000,0.0000,0.0000,0.0000,0.0000,0.0000,0.0000,0.0000,1,0,0,0,0,0.0000
204.7764,185.2042,0.0864,102.8923,0.0000,0.0000,0.0000,0.0000,0.0000,270.0021,0.0000,0.0000,0.0000,0.0000,0.0000,0.0000,0.0000,0.0000,0.0000,1,0,0,0,0,0.0000
204.8281,185.2042,0.0864,102.8923,0.0000,0.0000,0.0000,0.0000,0.0000,270.0021,0.0000,0.0000,0.0000,0.0000,0.0000,0.0000,0.0000,0.0000,0.0000,1,0,0,0,0,0.0000
204.8844,185.2042,0.0864,102.8923,0.0000,0.0000,0.0000,0.0000,0.0000,270.0021,0.0000,0.0000,0.0000,0.0000,0.0000,0.0000,0.0000,0.0000,0.0000,1,0,0,0,0,0.0000
204.9424,185.2042,0.0864,102.8923,0.0000,0.0000,0.0000,0.0000,0.0000,270.0021,0.0000,0.0000,0.0000,0.0000,0.0000,0.0000,0.0000,0.0000,0.0000,1,0,0,0,0,0.0000
205.0131,185.2042,0.0864,102.8923,0.0000,0.0000,0.0000,0.0000,0.0000,270.0021,0.0000,0.0000,0.0000,0.0000,0.0000,0.0000,0.0000,0.0000,0.0000,1,0,0,0,0,0.0000
205.1199,185.2042,0.0864,102.8923,0.0000,0.0000,0.0000,0.0000,0.0000,270.0021,0.0000,0.0000,0.0000,0.0000,0.0000,0.0000,0.0000,0.0000,0.0000,1,0,0,0,0,0.0000
205.1955,185.2042,0.0864,102.8923,0.0000,0.0000,0.0000,0.0000,0.0000,270.0021,0.0000,0.0000,0.0000,0.0000,0.0000,0.0000,0.0000,0.0000,0.0000,1,0,0,0,0,0.0000
205.2539,185.2042,0.0864,102.8923,0.0000,0.0000,0.0000,0.0000,0.0000,270.0021,0.0000,0.0000,0.0000,0.0000,0.0000,0.0000,0.0000,0.0000,0.0000,1,0,0,0,0,0.0000
205.3160,185.2042,0.0864,102.8923,0.0000,0.0000,0.0000,0.0000,0.0000,270.0021,0.0000,0.0000,0.0000,0.0000,0.0000,0.0000,0.0000,0.0000,0.0000,1,0,0,0,0,0.0000
205.3868,185.2042,0.0864,102.8923,0.0000,0.0000,0.0000,0.0000,0.0000,270.0021,0.0000,0.0000,0.0000,0.0000,0.0000,0.0000,0.0000,0.0000,0.0000,1,0,0,0,0,0.0000
205.4455,185.2042,0.0864,102.8923,0.0000,0.0000,0.0000,0.0000,0.0000,270.0021,0.0000,0.0000,0.0000,0.0000,0.0000,0.0000,0.0000,0.0000,0.0000,1,0,0,0,0,0.0000
205.5121,185.2042,0.0864,102.8923,0.0000,0.0000,0.0000,0.0000,0.0000,270.0021,0.0000,0.0000,0.0000,0.0000,0.0000,0.0000,0.0000,0.0000,0.0000,1,0,0,0,0,0.0000
205.5661,185.2042,0.0864,102.8923,0.0000,0.0000,0.0000,0.0000,0.0000,270.0021,0.0000,0.0000,0.0000,0.0000,0.0000,0.0000,0.0000,0.0000,0.0000,1,0,0,0,0,0.0000
205.6337,185.2042,0.0864,102.8923,0.0000,0.0000,0.0000,0.0000,0.0000,270.0021,0.0000,0.0000,0.0000,0.0000,0.0000,0.0000,0.0000,0.0000,0.0000,1,0,0,0,0,0.0000
205.7041,185.2042,0.0864,102.8923,0.0000,0.0000,0.0000,0.0000,0.0000,270.0021,0.0000,0.0000,0.0000,0.0000,0.0000,0.0000,0.0000,0.0000,0.0000,1,0,0,0,0,0.0000
205.7903,185.2042,0.0864,102.8923,0.0000,0.0000,0.0000,0.0000,0.0000,270.0021,0.0000,0.0000,0.0000,0.0000,0.0000,0.0000,0.0000,0.0000,0.0000,1,0,0,0,0,0.0000
205.8799,185.2042,0.0864,102.8923,0.0000,0.0000,0.0000,0.0000,0.0000,270.0021,0.0000,0.0000,0.0000,0.0000,0.0000,0.0000,0.0000,0.0000,0.0000,1,0,0,0,0,0.0000
205.9662,185.2042,0.0864,102.8923,0.0000,0.0000,0.0000,0.0000,0.0000,270.0021,0.0000,0.0000,0.0000,0.0000,0.0000,0.0000,0.0000,0.0000,0.0000,1,0,0,0,0,0.0000
206.0240,185.2042,0.0864,102.8923,0.0000,0.0000,0.0000,0.0000,0.0000,270.0021,0.0000,0.0000,0.0000,0.0000,0.0000,0.0000,0.0000,0.0000,0.0000,1,0,0,0,0,0.0000
206.0944,185.2042,0.0864,102.8923,0.0000,0.0000,0.0000,0.0000,0.0000,270.0021,0.0000,0.0000,0.0000,0.0000,0.0000,0.0000,0.0000,0.0000,0.0000,1,0,0,0,0,0.0000
206.1617,185.2042,0.0864,102.8923,0.0000,0.0000,0.0000,0.0000,0.0000,270.0021,0.0000,0.0000,0.0000,0.0000,0.0000,0.0000,0.0000,0.0000,0.0000,1,0,0,0,0,0.0000
206.2213,185.2042,0.0864,102.8923,0.0000,0.0000,0.0000,0.0000,0.0000,270.0021,0.0000,0.0000,0.0000,0.0000,0.0000,0.0000,0.0000,0.0000,0.0000,1,0,0,0,0,0.0000
206.2749,185.2042,0.0864,102.8923,0.0000,0.0000,0.0000,0.0000,0.0000,270.0021,0.0000,0.0000,0.0000,0.0000,0.0000,0.0000,0.0000,0.0000,0.0000,1,0,0,0,0,0.0000
206.3307,185.2042,0.0864,102.8923,0.0000,0.0000,0.0000,0.0000,0.0000,270.0021,0.0000,0.0000,0.0000,0.0000,0.0000,0.0000,0.0000,0.0000,0.0000,1,0,0,0,0,0.0000
206.3850,185.2042,0.0864,102.8923,0.0000,0.0000,0.0000,0.0000,0.0000,270.0021,0.0000,0.0000,0.0000,0.0000,0.0000,0.0000,0.0000,0.0000,0.0000,1,0,0,0,0,0.0000
206.4402,185.2042,0.0864,102.8923,0.0000,0.0000,0.0000,0.0000,0.0000,270.0021,0.0000,0.0000,0.0000,0.0000,0.0000,0.0000,0.0000,0.0000,0.0000,1,0,0,0,0,0.0000
206.4972,185.2042,0.0864,102.8923,0.0000,0.0000,0.0000,0.0000,0.0000,270.0021,0.0000,0.0000,0.0000,0.0000,0.0000,0.0000,0.0000,0.0000,0.0000,1,0,0,0,0,0.0000
206.5519,185.2042,0.0864,102.8923,0.0000,0.0000,0.0000,0.0000,0.0000,270.0021,0.0000,0.0000,0.0000,0.0000,0.0000,0.0000,0.0000,0.0000,0.0000,1,0,0,0,0,0.0000
206.6223,185.2042,0.0864,102.8923,0.0000,0.0000,0.0000,0.0000,0.0000,270.0021,0.0000,0.0000,0.0000,0.0000,0.0000,0.0000,0.0000,0.0000,0.0000,1,0,0,0,0,0.0000
206.6949,185.2042,0.0864,102.8923,0.0000,0.0000,0.0000,0.0000,0.0000,270.0021,0.0000,0.0000,0.0000,0.0000,0.0000,0.0000,0.0000,0.0000,0.0000,1,0,0,0,0,0.0000
206.7610,185.2042,0.0864,102.8923,0.0000,0.0000,0.0000,0.0000,0.0000,270.0021,0.0000,0.0000,0.0000,0.0000,0.0000,0.0000,0.0000,0.0000,0.0000,1,0,0,0,0,0.0000
206.8152,185.2042,0.0864,102.8923,0.0000,0.0000,0.0000,0.0000,0.0000,270.0021,0.0000,0.0000,0.0000,0.0000,0.0000,0.0000,0.0000,0.0000,0.0000,1,0,0,0,0,0.0000
206.8762,185.2042,0.0864,102.8923,0.0000,0.0000,0.0000,0.0000,0.0000,270.0021,0.0000,0.0000,0.0000,0.0000,0.0000,0.0000,0.0000,0.0000,0.0000,1,0,0,0,0,0.0000
206.9268,185.2042,0.0864,102.8923,0.0000,0.0000,0.0000,0.0000,0.0000,270.0021,0.0000,0.0000,0.0000,0.0000,0.0000,0.0000,0.0000,0.0000,0.0000,1,0,0,0,0,0.0000
206.9811,185.2042,0.0864,102.8923,0.0000,0.0000,0.0000,0.0000,0.0000,270.0021,0.0000,0.0000,0.0000,0.0000,0.0000,0.0000,0.0000,0.0000,0.0000,1,0,0,0,0,0.0000
207.0389,185.2042,0.0864,102.8923,0.0000,0.0000,0.0000,0.0000,0.0000,270.0021,0.0000,0.0000,0.0000,0.0000,0.0000,0.0000,0.0000,0.0000,0.0000,1,0,0,0,0,0.0000
207.0927,185.2042,0.0864,102.8923,0.0000,0.0000,0.0000,0.0000,0.0000,270.0021,0.0000,0.0000,0.0000,0.0000,0.0000,0.0000,0.0000,0.0000,0.0000,1,0,0,0,0,0.0000
207.1623,185.2042,0.0864,102.8923,0.0000,0.0000,0.0000,0.0000,0.0000,270.0021,0.0000,0.0000,0.0000,0.0000,0.0000,0.0000,0.0000,0.0000,0.0000,1,0,0,0,0,0.0000
207.2181,185.2042,0.0864,102.8923,0.0000,0.0000,0.0000,0.0000,0.0000,270.0021,0.0000,0.0000,0.0000,0.0000,0.0000,0.0000,0.0000,0.0000,0.0000,1,0,0,0,0,0.0000
207.2735,185.2042,0.0864,102.8923,0.0000,0.0000,0.0000,0.0000,0.0000,270.0021,0.0000,0.0000,0.0000,0.0000,0.0000,0.0000,0.0000,0.0000,0.0000,1,0,0,0,0,0.0000
207.3280,185.2042,0.0864,102.8923,0.0000,0.0000,0.0000,0.0000,0.0000,270.0021,0.0000,0.0000,0.0000,0.0000,0.0000,0.0000,0.0000,0.0000,0.0000,1,0,0,0,0,0.0000
207.3849,185.2042,0.0864,102.8923,0.0000,0.0000,0.0000,0.0000,0.0000,270.0021,0.0000,0.0000,0.0000,0.0000,0.0000,0.0000,0.0000,0.0000,0.0000,1,0,0,0,0,0.0000
207.4426,185.2042,0.0864,102.8923,0.0000,0.0000,0.0000,0.0000,0.0000,270.0021,0.0000,0.0000,0.0000,0.0000,0.0000,0.0000,0.0000,0.0000,0.0000,1,0,0,0,0,0.0000
207.4963,185.2042,0.0864,102.8923,0.0000,0.0000,0.0000,0.0000,0.0000,270.0021,0.0000,0.0000,0.0000,0.0000,0.0000,0.0000,0.0000,0.0000,0.0000,1,0,0,0,0,0.0000
207.5643,185.2042,0.0864,102.8923,0.0000,0.0000,0.0000,0.0000,0.0000,270.0021,0.0000,0.0000,0.0000,0.0000,0.0000,0.0000,0.0000,0.0000,0.0000,1,0,0,0,0,0.0000
207.6245,185.2042,0.0864,102.8923,0.0000,0.0000,0.0000,0.0000,0.0000,270.0021,0.0000,0.0000,0.0000,0.0000,0.0000,0.0000,0.0000,0.0000,0.0000,1,0,0,0,0,0.0000
207.7054,185.2042,0.0864,102.8923,0.0000,0.0000,0.0000,0.0000,0.0000,270.0021,0.0000,0.0000,0.0000,0.0000,0.0000,0.0000,0.0000,0.0000,0.0000,1,0,0,0,0,0.0000
207.7616,185.2042,0.0864,102.8923,0.0000,0.0000,0.0000,0.0000,0.0000,270.0021,0.0000,0.0000,0.0000,0.0000,0.0000,0.0000,0.0000,0.0000,0.0000,1,0,0,0,0,0.0000
207.8141,185.2042,0.0864,102.8923,0.0000,0.0000,0.0000,0.0000,0.0000,270.0021,0.0000,0.0000,0.0000,0.0000,0.0000,0.0000,0.0000,0.0000,0.0000,1,0,0,0,0,0.0000
207.8713,185.2042,0.0864,102.8923,0.0000,0.0000,0.0000,0.0000,0.0000,270.0021,0.0000,0.0000,0.0000,0.0000,0.0000,0.0000,0.0000,0.0000,0.0000,1,0,0,0,0,0.0000
207.9272,185.2042,0.0864,102.8923,0.0000,0.0000,0.0000,0.0000,0.0000,270.0021,0.0000,0.0000,0.0000,0.0000,0.0000,0.0000,0.0000,0.0000,0.0000,1,0,0,0,0,0.0000
207.9827,185.2042,0.0864,102.8923,0.0000,0.0000,0.0000,0.0000,0.0000,270.0021,0.0000,0.0000,0.0000,0.0000,0.0000,0.0000,0.0000,0.0000,0.0000,1,0,0,0,0,0.0000
208.0386,185.2042,0.0864,102.8923,0.0000,0.0000,0.0000,0.0000,0.0000,270.0021,0.0000,0.0000,0.0000,0.0000,0.0000,0.0000,0.0000,0.0000,0.0000,1,0,0,0,0,0.0000
208.0940,185.2042,0.0864,102.8923,0.0000,0.0000,0.0000,0.0000,0.0000,270.0021,0.0000,0.0000,0.0000,0.0000,0.0000,0.0000,0.0000,0.0000,0.0000,1,0,0,0,0,0.0000
208.1490,185.2042,0.0864,102.8923,0.0000,0.0000,0.0000,0.0000,0.0000,270.0021,0.0000,0.0000,0.0000,0.0000,0.0000,0.0000,0.0000,0.0000,0.0000,1,0,0,0,0,0.0000
208.2029,185.2042,0.0864,102.8923,0.0000,0.0000,0.0000,0.0000,0.0000,270.0021,0.0000,0.0000,0.0000,0.0000,0.0000,0.0000,0.0000,0.0000,0.0000,1,0,0,0,0,0.0000
208.2727,185.2042,0.0864,102.8923,0.0000,0.0000,0.0000,0.0000,0.0000,270.0021,0.0000,0.0000,0.0000,0.0000,0.0000,0.0000,0.0000,0.0000,0.0000,1,0,0,0,0,0.0000
208.3283,185.2042,0.0864,102.8923,0.0000,0.0000,0.0000,0.0000,0.0000,270.0021,0.0000,0.0000,0.0000,0.0000,0.0000,0.0000,0.0000,0.0000,0.0000,1,0,0,0,0,0.0000
208.3855,185.2042,0.0864,102.8923,0.0000,0.0000,0.0000,0.0000,0.0000,270.0021,0.0000,0.0000,0.0000,0.0000,0.0000,0.0000,0.0000,0.0000,0.0000,1,0,0,0,0,0.0000
208.4419,185.2042,0.0864,102.8923,0.0000,0.0000,0.0000,0.0000,0.0000,270.0021,0.0000,0.0000,0.0000,0.0000,0.0000,0.0000,0.0000,0.0000,0.0000,1,0,0,0,0,0.0000
208.4982,185.2042,0.0864,102.8923,0.0000,0.0000,0.0000,0.0000,0.0000,270.0021,0.0000,0.0000,0.0000,0.0000,0.0000,0.0000,0.0000,0.0000,0.0000,1,0,0,0,0,0.0000
208.5524,185.2042,0.0864,102.8923,0.0000,0.0000,0.0000,0.0000,0.0000,270.0021,0.0000,0.0000,0.0000,0.0000,0.0000,0.0000,0.0000,0.0000,0.0000,1,0,0,0,0,0.0000
208.6066,185.2042,0.0864,102.8923,0.0000,0.0000,0.0000,0.0000,0.0000,270.0021,0.0000,0.0000,0.0000,0.0000,0.0000,0.0000,0.0000,0.0000,0.0000,1,0,0,0,0,0.0000
208.6615,185.2042,0.0864,102.8923,0.0000,0.0000,0.0000,0.0000,0.0000,270.0021,0.0000,0.0000,0.0000,0.0000,0.0000,0.0000,0.0000,0.0000,0.0000,1,0,0,0,0,0.0000
208.7558,185.2042,0.0864,102.8923,0.0000,0.0000,0.0000,0.0000,0.0000,270.0021,0.0000,0.0000,0.0000,0.0000,0.0000,0.0000,0.0000,0.0000,0.0000,1,0,0,0,0,0.0000
208.8653,185.2042,0.0864,102.8923,0.0000,0.0000,0.0000,0.0000,0.0000,270.0021,0.0000,0.0000,0.0000,0.0000,0.0000,0.0000,0.0000,0.0000,0.0000,1,0,0,0,0,0.0000
208.9278,185.2042,0.0864,102.8923,0.0000,0.0000,0.0000,0.0000,0.0000,270.0021,0.0000,0.0000,0.0000,0.0000,0.0000,0.0000,0.0000,0.0000,0.0000,1,0,0,0,0,0.0000
208.9838,185.2042,0.0864,102.8923,0.0000,0.0000,0.0000,0.0000,0.0000,270.0021,0.0000,0.0000,0.0000,0.0000,0.0000,0.0000,0.0000,0.0000,0.0000,1,0,0,0,0,0.0000
209.0520,185.2042,0.0864,102.8923,0.0000,0.0000,0.0000,0.0000,0.0000,270.0021,0.0000,0.0000,0.0000,0.0000,0.0000,0.0000,0.0000,0.0000,0.0000,1,0,0,0,0,0.0000
209.1078,185.2042,0.0864,102.8923,0.0000,0.0000,0.0000,0.0000,0.0000,270.0021,0.0000,0.0000,0.0000,0.0000,0.0000,0.0000,0.0000,0.0000,0.0000,1,0,0,0,0,0.0000
209.1625,185.2042,0.0864,102.8923,0.0000,0.0000,0.0000,0.0000,0.0000,270.0021,0.0000,0.0000,0.0000,0.0000,0.0000,0.0000,0.0000,0.0000,0.0000,1,0,0,0,0,0.0000
209.2177,185.2042,0.0864,102.8923,0.0000,0.0000,0.0000,0.0000,0.0000,270.0021,0.0000,0.0000,0.0000,0.0000,0.0000,0.0000,0.0000,0.0000,0.0000,1,0,0,0,0,0.0000
209.2724,185.2042,0.0864,102.8923,0.0000,0.0000,0.0000,0.0000,0.0000,270.0021,0.0000,0.0000,0.0000,0.0000,0.0000,0.0000,0.0000,0.0000,0.0000,1,0,0,0,0,0.0000
209.3433,185.2042,0.0864,102.8923,0.0000,0.0000,0.0000,0.0000,0.0000,270.0021,0.0000,0.0000,0.0000,0.0000,0.0000,0.0000,0.0000,0.0000,0.0000,1,0,0,0,0,0.0000
209.4124,185.2042,0.0864,102.8923,0.0000,0.0000,0.0000,0.0000,0.0000,270.0021,0.0000,0.0000,0.0000,0.0000,0.0000,0.0000,0.0000,0.0000,0.0000,1,0,0,0,0,0.0000
209.4672,185.2042,0.0864,102.8923,0.0000,0.0000,0.0000,0.0000,0.0000,270.0021,0.0000,0.0000,0.0000,0.0000,0.0000,0.0000,0.0000,0.0000,0.0000,1,0,0,0,0,0.0000
209.5228,185.2042,0.0864,102.8923,0.0000,0.0000,0.0000,0.0000,0.0000,270.0021,0.0000,0.0000,0.0000,0.0000,0.0000,0.0000,0.0000,0.0000,0.0000,1,0,0,0,0,0.0000
209.5785,185.2042,0.0864,102.8923,0.0000,0.0000,0.0000,0.0000,0.0000,270.0021,0.0000,0.0000,0.0000,0.0000,0.0000,0.0000,0.0000,0.0000,0.0000,1,0,0,0,0,0.0000
209.6341,185.2042,0.0864,102.8923,0.0000,0.0000,0.0000,0.0000,0.0000,270.0021,0.0000,0.0000,0.0000,0.0000,0.0000,0.0000,0.0000,0.0000,0.0000,1,0,0,0,0,0.0000
209.6898,185.2042,0.0864,102.8923,0.0000,0.0000,0.0000,0.0000,0.0000,270.0021,0.0000,0.0000,0.0000,0.0000,0.0000,0.0000,0.0000,0.0000,0.0000,1,0,0,0,0,0.0000
209.7460,185.2042,0.0864,102.8923,0.0000,0.0000,0.0000,0.0000,0.0000,270.0021,0.0000,0.0000,0.0000,0.0000,0.0000,0.0000,0.0000,0.0000,0.0000,1,0,0,0,0,0.0000
209.8022,185.2042,0.0864,102.8923,0.0000,0.0000,0.0000,0.0000,0.0000,270.0021,0.0000,0.0000,0.0000,0.0000,0.0000,0.0000,0.0000,0.0000,0.0000,1,0,0,0,0,0.0000
209.8578,185.2042,0.0864,102.8923,0.0000,0.0000,0.0000,0.0000,0.0000,270.0021,0.0000,0.0000,0.0000,0.0000,0.0000,0.0000,0.0000,0.0000,0.0000,1,0,0,0,0,0.0000
209.9325,185.2042,0.0864,102.8923,0.0000,0.0000,0.0000,0.0000,0.0000,270.0021,0.0000,0.0000,0.0000,0.0000,0.0000,0.0000,0.0000,0.0000,0.0000,1,0,0,0,0,0.0000
210.0091,185.2042,0.0864,102.8923,0.0000,0.0000,0.0000,0.0000,0.0000,270.0021,0.0000,0.0000,0.0000,0.0000,0.0000,0.0000,0.0000,0.0000,0.0000,1,0,0,0,0,0.0000
210.0674,185.2042,0.0864,102.8923,0.0000,0.0000,0.0000,0.0000,0.0000,270.0021,0.0000,0.0000,0.0000,0.0000,0.0000,0.0000,0.0000,0.0000,0.0000,1,0,0,0,0,0.0000
210.1208,185.2042,0.0864,102.8923,0.0000,0.0000,0.0000,0.0000,0.0000,270.0021,0.0000,0.0000,0.0000,0.0000,0.0000,0.0000,0.0000,0.0000,0.0000,1,0,0,0,0,0.0000
210.1769,185.2042,0.0864,102.8923,0.0000,0.0000,0.0000,0.0000,0.0000,270.0021,0.0000,0.0000,0.0000,0.0000,0.0000,0.0000,0.0000,0.0000,0.0000,1,0,0,0,0,0.0000
210.2322,185.2042,0.0864,102.8923,0.0000,0.0000,0.0000,0.0000,0.0000,270.0021,0.0000,0.0000,0.0000,0.0000,0.0000,0.0000,0.0000,0.0000,0.0000,1,0,0,0,0,0.0000
210.2868,185.2042,0.0864,102.8923,0.0000,0.0000,0.0000,0.0000,0.0000,270.0021,0.0000,0.0000,0.0000,0.0000,0.0000,0.0000,0.0000,0.0000,0.0000,1,0,0,0,0,0.0000
210.3424,185.2042,0.0864,102.8923,0.0000,0.0000,0.0000,0.0000,0.0000,270.0021,0.0000,0.0000,0.0000,0.0000,0.0000,0.0000,0.0000,0.0000,0.0000,1,0,0,0,0,0.0000
210.3972,185.2042,0.0864,102.8923,0.0000,0.0000,0.0000,0.0000,0.0000,270.0021,0.0000,0.0000,0.0000,0.0000,0.0000,0.0000,0.0000,0.0000,0.0000,1,0,0,0,0,0.0000
210.4884,185.2042,0.0864,102.8923,0.0000,0.0000,0.0000,0.0000,0.0000,270.0021,0.0000,0.0000,0.0000,0.0000,0.0000,0.0000,0.0000,0.0000,0.0000,1,0,0,0,0,0.0000
210.5573,185.2042,0.0864,102.8923,0.0000,0.0000,0.0000,0.0000,0.0000,270.0021,0.0000,0.0000,0.0000,0.0000,0.0000,0.0000,0.0000,0.0000,0.0000,1,0,0,0,0,0.0000
210.6086,185.2042,0.0864,102.8923,0.0000,0.0000,0.0000,0.0000,0.0000,270.0021,0.0000,0.0000,0.0000,0.0000,0.0000,0.0000,0.0000,0.0000,0.0000,1,0,0,0,0,0.0000
210.6626,185.2042,0.0864,102.8923,0.0000,0.0000,0.0000,0.0000,0.0000,270.0021,0.0000,0.0000,0.0000,0.0000,0.0000,0.0000,0.0000,0.0000,0.0000,1,0,0,0,0,0.0000
210.7183,185.2042,0.0864,102.8923,0.0000,0.0000,0.0000,0.0000,0.0000,270.0021,0.0000,0.0000,0.0000,0.0000,0.0000,0.0000,0.0000,0.0000,0.0000,1,0,0,0,0,0.0000
210.7879,185.2042,0.0864,102.8923,0.0000,0.0000,0.0000,0.0000,0.0000,270.0021,0.0000,0.0000,0.0000,0.0000,0.0000,0.0000,0.0000,0.0000,0.0000,1,0,0,0,0,0.0000
210.8576,185.2042,0.0864,102.8923,0.0000,0.0000,0.0000,0.0000,0.0000,270.0021,0.0000,0.0000,0.0000,0.0000,0.0000,0.0000,0.0000,0.0000,0.0000,1,0,0,0,0,0.0000
210.9130,185.2042,0.0864,102.8923,0.0000,0.0000,0.0000,0.0000,0.0000,270.0021,0.0000,0.0000,0.0000,0.0000,0.0000,0.0000,0.0000,0.0000,0.0000,1,0,0,0,0,0.0000
210.9679,185.2042,0.0864,102.8923,0.0000,0.0000,0.0000,0.0000,0.0000,270.0021,0.0000,0.0000,0.0000,0.0000,0.0000,0.0000,0.0000,0.0000,0.0000,1,0,0,0,0,0.0000
211.0369,185.2042,0.0864,102.8923,0.0000,0.0000,0.0000,0.0000,0.0000,270.0021,0.0000,0.0000,0.0000,0.0000,0.0000,0.0000,0.0000,0.0000,0.0000,1,0,0,0,0,0.0000
211.0923,185.2042,0.0864,102.8923,0.0000,0.0000,0.0000,0.0000,0.0000,270.0021,0.0000,0.0000,0.0000,0.0000,0.0000,0.0000,0.0000,0.0000,0.0000,1,0,0,0,0,0.0000
211.1497,185.2042,0.0864,102.8923,0.0000,0.0000,0.0000,0.0000,0.0000,270.0021,0.0000,0.0000,0.0000,0.0000,0.0000,0.0000,0.0000,0.0000,0.0000,1,0,0,0,0,0.0000
211.2057,185.2042,0.0864,102.8923,0.0000,0.0000,0.0000,0.0000,0.0000,270.0021,0.0000,0.0000,0.0000,0.0000,0.0000,0.0000,0.0000,0.0000,0.0000,1,0,0,0,0,0.0000
211.2594,185.2042,0.0864,102.8923,0.0000,0.0000,0.0000,0.0000,0.0000,270.0021,0.0000,0.0000,0.0000,0.0000,0.0000,0.0000,0.0000,0.0000,0.0000,1,0,0,0,0,0.0000
211.3156,185.2042,0.0864,102.8923,0.0000,0.0000,0.0000,0.0000,0.0000,270.0021,0.0000,0.0000,0.0000,0.0000,0.0000,0.0000,0.0000,0.0000,0.0000,1,0,0,0,0,0.0000
211.3716,185.2042,0.0864,102.8923,0.0000,0.0000,0.0000,0.0000,0.0000,270.0021,0.0000,0.0000,0.0000,0.0000,0.0000,0.0000,0.0000,0.0000,0.0000,1,0,0,0,0,0.0000
211.4267,185.2042,0.0864,102.8923,0.0000,0.0000,0.0000,0.0000,0.0000,270.0021,0.0000,0.0000,0.0000,0.0000,0.0000,0.0000,0.0000,0.0000,0.0000,1,0,0,0,0,0.0000
211.4826,185.2042,0.0864,102.8923,0.0000,0.0000,0.0000,0.0000,0.0000,270.0021,0.0000,0.0000,0.0000,0.0000,0.0000,0.0000,0.0000,0.0000,0.0000,1,0,0,0,0,0.0000
211.5547,185.2042,0.0864,102.8923,0.0000,0.0000,0.0000,0.0000,0.0000,270.0021,0.0000,0.0000,0.0000,0.0000,0.0000,0.0000,0.0000,0.0000,0.0000,1,0,0,0,0,0.0000
211.6068,185.2042,0.0864,102.8923,0.0000,0.0000,0.0000,0.0000,0.0000,270.0021,0.0000,0.0000,0.0000,0.0000,0.0000,0.0000,0.0000,0.0000,0.0000,1,0,0,0,0,0.0000
211.6626,185.2042,0.0864,102.8923,0.0000,0.0000,0.0000,0.0000,0.0000,270.0021,0.0000,0.0000,0.0000,0.0000,0.0000,0.0000,0.0000,0.0000,0.0000,1,0,0,0,0,0.0000
211.7188,185.2042,0.0864,102.8923,0.0000,0.0000,0.0000,0.0000,0.0000,270.0021,0.0000,0.0000,0.0000,0.0000,0.0000,0.0000,0.0000,0.0000,0.0000,1,0,0,0,0,0.0000
211.7754,185.2042,0.0864,102.8923,0.0000,0.0000,0.0000,0.0000,0.0000,270.0021,0.0000,0.0000,0.0000,0.0000,0.0000,0.0000,0.0000,0.0000,0.0000,1,0,0,0,0,0.0000
211.8298,185.2042,0.0864,102.8923,0.0000,0.0000,0.0000,0.0000,0.0000,270.0021,0.0000,0.0000,0.0000,0.0000,0.0000,0.0000,0.0000,0.0000,0.0000,1,0,0,0,0,0.0000
211.8832,185.2042,0.0864,102.8923,0.0000,0.0000,0.0000,0.0000,0.0000,270.0021,0.0000,0.0000,0.0000,0.0000,0.0000,0.0000,0.0000,0.0000,0.0000,1,0,0,0,0,0.0000
211.9693,185.2042,0.0864,102.8923,0.0000,0.0000,0.0000,0.0000,0.0000,270.0021,0.0000,0.0000,0.0000,0.0000,0.0000,0.0000,0.0000,0.0000,0.0000,1,0,0,0,0,0.0000
212.0322,185.2042,0.0864,102.8923,0.0000,0.0000,0.0000,0.0000,0.0000,270.0021,0.0000,0.0000,0.0000,0.0000,0.0000,0.0000,0.0000,0.0000,0.0000,1,0,0,0,0,0.0000
212.1689,185.2042,0.0864,102.8923,0.0000,0.0000,0.0000,0.0000,0.0000,270.0021,0.0000,0.0000,0.0000,0.0000,0.0000,0.0000,0.0000,0.0000,0.0000,1,0,0,0,0,0.0000
212.2333,185.2042,0.0864,102.8923,0.0000,0.0000,0.0000,0.0000,0.0000,270.0021,0.0000,0.0000,0.0000,0.0000,0.0000,0.0000,0.0000,0.0000,0.0000,1,0,0,0,0,0.0000
212.2871,185.2042,0.0864,102.8923,0.0000,0.0000,0.0000,0.0000,0.0000,270.0021,0.0000,0.0000,0.0000,0.0000,0.0000,0.0000,0.0000,0.0000,0.0000,1,0,0,0,0,0.0000
212.3430,185.2042,0.0864,102.8923,0.0000,0.0000,0.0000,0.0000,0.0000,270.0021,0.0000,0.0000,0.0000,0.0000,0.0000,0.0000,0.0000,0.0000,0.0000,1,0,0,0,0,0.0000
212.3982,185.2042,0.0864,102.8923,0.0000,0.0000,0.0000,0.0000,0.0000,270.0021,0.0000,0.0000,0.0000,0.0000,0.0000,0.0000,0.0000,0.0000,0.0000,1,0,0,0,0,0.0000
212.4541,185.2042,0.0864,102.8923,0.0000,0.0000,0.0000,0.0000,0.0000,270.0021,0.0000,0.0000,0.0000,0.0000,0.0000,0.0000,0.0000,0.0000,0.0000,1,0,0,0,0,0.0000
212.5118,185.2042,0.0864,102.8923,0.0000,0.0000,0.0000,0.0000,0.0000,270.0021,0.0000,0.0000,0.0000,0.0000,0.0000,0.0000,0.0000,0.0000,0.0000,1,0,0,0,0,0.0000
212.5650,185.2042,0.0864,102.8923,0.0000,0.0000,0.0000,0.0000,0.0000,270.0021,0.0000,0.0000,0.0000,0.0000,0.0000,0.0000,0.0000,0.0000,0.0000,1,0,0,0,0,0.0000
212.6239,185.2042,0.0864,102.8923,0.0000,0.0000,0.0000,0.0000,0.0000,270.0021,0.0000,0.0000,0.0000,0.0000,0.0000,0.0000,0.0000,0.0000,0.0000,1,0,0,0,0,0.0000
212.6916,185.2042,0.0864,102.8923,0.0000,0.0000,0.0000,0.0000,0.0000,270.0021,0.0000,0.0000,0.0000,0.0000,0.0000,0.0000,0.0000,0.0000,0.0000,1,0,0,0,0,0.0000
212.7466,185.2042,0.0864,102.8923,0.0000,0.0000,0.0000,0.0000,0.0000,270.0021,0.0000,0.0000,0.0000,0.0000,0.0000,0.0000,0.0000,0.0000,0.0000,1,0,0,0,0,0.0000
212.8020,185.2042,0.0864,102.8923,0.0000,0.0000,0.0000,0.0000,0.0000,270.0021,0.0000,0.0000,0.0000,0.0000,0.0000,0.0000,0.0000,0.0000,0.0000,1,0,0,0,0,0.0000
212.8584,185.2042,0.0864,102.8923,0.0000,0.0000,0.0000,0.0000,0.0000,270.0021,0.0000,0.0000,0.0000,0.0000,0.0000,0.0000,0.0000,0.0000,0.0000,1,0,0,0,0,0.0000
212.9148,185.2042,0.0864,102.8923,0.0000,0.0000,0.0000,0.0000,0.0000,270.0021,0.0000,0.0000,0.0000,0.0000,0.0000,0.0000,0.0000,0.0000,0.0000,1,0,0,0,0,0.0000
212.9672,185.2042,0.0864,102.8923,0.0000,0.0000,0.0000,0.0000,0.0000,270.0021,0.0000,0.0000,0.0000,0.0000,0.0000,0.0000,0.0000,0.0000,0.0000,1,0,0,0,0,0.0000
213.0238,185.2042,0.0864,102.8923,0.0000,0.0000,0.0000,0.0000,0.0000,270.0021,0.0000,0.0000,0.0000,0.0000,0.0000,0.0000,0.0000,0.0000,0.0000,1,0,0,0,0,0.0000
213.0789,185.2042,0.0864,102.8923,0.0000,0.0000,0.0000,0.0000,0.0000,270.0021,0.0000,0.0000,0.0000,0.0000,0.0000,0.0000,0.0000,0.0000,0.0000,1,0,0,0,0,0.0000
213.2248,185.2042,0.0864,102.8923,0.0000,0.0000,0.0000,0.0000,0.0000,270.0021,0.0000,0.0000,0.0000,0.0000,0.0000,0.0000,0.0000,0.0000,0.0000,1,0,0,0,0,0.0000
213.3467,185.2042,0.0864,102.8923,0.0000,0.0000,0.0000,0.0000,0.0000,270.0021,0.0000,0.0000,0.0000,0.0000,0.0000,0.0000,0.0000,0.0000,0.0000,1,0,0,0,0,0.0000
213.4063,185.2042,0.0864,102.8923,0.0000,0.0000,0.0000,0.0000,0.0000,270.0021,0.0000,0.0000,0.0000,0.0000,0.0000,0.0000,0.0000,0.0000,0.0000,1,0,0,0,0,0.0000
213.4693,185.2042,0.0864,102.8923,0.0000,0.0000,0.0000,0.0000,0.0000,270.0021,0.0000,0.0000,0.0000,0.0000,0.0000,0.0000,0.0000,0.0000,0.0000,1,0,0,0,0,0.0000
213.5505,185.2042,0.0864,102.8923,0.0000,0.0000,0.0000,0.0000,0.0000,270.0021,0.0000,0.0000,0.0000,0.0000,0.0000,0.0000,0.0000,0.0000,0.0000,1,0,0,0,0,0.0000
213.6227,185.2042,0.0864,102.8923,0.0000,0.0000,0.0000,0.0000,0.0000,270.0021,0.0000,0.0000,0.0000,0.0000,0.0000,0.0000,0.0000,0.0000,0.0000,1,0,0,0,0,0.0000
213.6768,185.2042,0.0864,102.8923,0.0000,0.0000,0.0000,0.0000,0.0000,270.0021,0.0000,0.0000,0.0000,0.0000,0.0000,0.0000,0.0000,0.0000,0.0000,1,0,0,0,0,0.0000
213.7316,185.2042,0.0864,102.8923,0.0000,0.0000,0.0000,0.0000,0.0000,270.0021,0.0000,0.0000,0.0000,0.0000,0.0000,0.0000,0.0000,0.0000,0.0000,1,0,0,0,0,0.0000
213.7871,185.2042,0.0864,102.8923,0.0000,0.0000,0.0000,0.0000,0.0000,270.0021,0.0000,0.0000,0.0000,0.0000,0.0000,0.0000,0.0000,0.0000,0.0000,1,0,0,0,0,0.0000
213.8472,185.2042,0.0864,102.8923,0.0000,0.0000,0.0000,0.0000,0.0000,270.0021,0.0000,0.0000,0.0000,0.0000,0.0000,0.0000,0.0000,0.0000,0.0000,1,0,0,0,0,0.0000
213.9156,185.2042,0.0864,102.8923,0.0000,0.0000,0.0000,0.0000,0.0000,270.0021,0.0000,0.0000,0.0000,0.0000,0.0000,0.0000,0.0000,0.0000,0.0000,1,0,0,0,0,0.0000
213.9682,185.2042,0.0864,102.8923,0.0000,0.0000,0.0000,0.0000,0.0000,270.0021,0.0000,0.0000,0.0000,0.0000,0.0000,0.0000,0.0000,0.0000,0.0000,1,0,0,0,0,0.0000
214.0262,185.2042,0.0864,102.8923,0.0000,0.0000,0.0000,0.0000,0.0000,270.0021,0.0000,0.0000,0.0000,0.0000,0.0000,0.0000,0.0000,0.0000,0.0000,1,0,0,0,0,0.0000
214.0811,185.2042,0.0864,102.8923,0.0000,0.0000,0.0000,0.0000,0.0000,270.0021,0.0000,0.0000,0.0000,0.0000,0.0000,0.0000,0.0000,0.0000,0.0000,1,0,0,0,0,0.0000
214.1420,185.2042,0.0864,102.8923,0.0000,0.0000,0.0000,0.0000,0.0000,270.0021,0.0000,0.0000,0.0000,0.0000,0.0000,0.0000,0.0000,0.0000,0.0000,1,0,0,0,0,0.0000
214.2087,185.2042,0.0864,102.8923,0.0000,0.0000,0.0000,0.0000,0.0000,270.0021,0.0000,0.0000,0.0000,0.0000,0.0000,0.0000,0.0000,0.0000,0.0000,1,0,0,0,0,0.0000
214.2775,185.2042,0.0864,102.8923,0.0000,0.0000,0.0000,0.0000,0.0000,270.0021,0.0000,0.0000,0.0000,0.0000,0.0000,0.0000,0.0000,0.0000,0.0000,1,0,0,0,0,0.0000
214.3294,185.2042,0.0864,102.8923,0.0000,0.0000,0.0000,0.0000,0.0000,270.0021,0.0000,0.0000,0.0000,0.0000,0.0000,0.0000,0.0000,0.0000,0.0000,1,0,0,0,0,0.0000
214.3841,185.2042,0.0864,102.8923,0.0000,0.0000,0.0000,0.0000,0.0000,270.0021,0.0000,0.0000,0.0000,0.0000,0.0000,0.0000,0.0000,0.0000,0.0000,1,0,0,0,0,0.0000
214.4545,185.2042,0.0864,102.8923,0.0000,0.0000,0.0000,0.0000,0.0000,270.0021,0.0000,0.0000,0.0000,0.0000,0.0000,0.0000,0.0000,0.0000,0.0000,1,0,0,0,0,0.0000
214.5106,185.2042,0.0864,102.8923,0.0000,0.0000,0.0000,0.0000,0.0000,270.0021,0.0000,0.0000,0.0000,0.0000,0.0000,0.0000,0.0000,0.0000,0.0000,1,0,0,0,0,0.0000
214.5696,185.2042,0.0864,102.8923,0.0000,0.0000,0.0000,0.0000,0.0000,270.0021,0.0000,0.0000,0.0000,0.0000,0.0000,0.0000,0.0000,0.0000,0.0000,1,0,0,0,0,0.0000
214.6270,185.2042,0.0864,102.8923,0.0000,0.0000,0.0000,0.0000,0.0000,270.0021,0.0000,0.0000,0.0000,0.0000,0.0000,0.0000,0.0000,0.0000,0.0000,1,0,0,0,0,0.0000
214.6780,185.2042,0.0864,102.8923,0.0000,0.0000,0.0000,0.0000,0.0000,270.0021,0.0000,0.0000,0.0000,0.0000,0.0000,0.0000,0.0000,0.0000,0.0000,1,0,0,0,0,0.0000
214.7328,185.2042,0.0864,102.8923,0.0000,0.0000,0.0000,0.0000,0.0000,270.0021,0.0000,0.0000,0.0000,0.0000,0.0000,0.0000,0.0000,0.0000,0.0000,1,0,0,0,0,0.0000
214.7865,185.2042,0.0864,102.8923,0.0000,0.0000,0.0000,0.0000,0.0000,270.0021,0.0000,0.0000,0.0000,0.0000,0.0000,0.0000,0.0000,0.0000,0.0000,1,0,0,0,0,0.0000
214.8435,185.2042,0.0864,102.8923,0.0000,0.0000,0.0000,0.0000,0.0000,270.0021,0.0000,0.0000,0.0000,0.0000,0.0000,0.0000,0.0000,0.0000,0.0000,1,0,0,0,0,0.0000
214.8994,185.2042,0.0864,102.8923,0.0000,0.0000,0.0000,0.0000,0.0000,270.0021,0.0000,0.0000,0.0000,0.0000,0.0000,0.0000,0.0000,0.0000,0.0000,1,0,0,0,0,0.0000
214.9554,185.2042,0.0864,102.8923,0.0000,0.0000,0.0000,0.0000,0.0000,270.0021,0.0000,0.0000,0.0000,0.0000,0.0000,0.0000,0.0000,0.0000,0.0000,1,0,0,0,0,0.0000
215.0510,185.2042,0.0864,102.8923,0.0000,0.0000,0.0000,0.0000,0.0000,270.0021,0.0000,0.0000,0.0000,0.0000,0.0000,0.0000,0.0000,0.0000,0.0000,1,0,0,0,0,0.0000
215.1106,185.2042,0.0864,102.8923,0.0000,0.0000,0.0000,0.0000,0.0000,270.0021,0.0000,0.0000,0.0000,0.0000,0.0000,0.0000,0.0000,0.0000,0.0000,1,0,0,0,0,0.0000
215.1631,185.2042,0.0864,102.8923,0.0000,0.0000,0.0000,0.0000,0.0000,270.0021,0.0000,0.0000,0.0000,0.0000,0.0000,0.0000,0.0000,0.0000,0.0000,1,0,0,0,0,0.0000
215.2184,185.2042,0.0864,102.8923,0.0000,0.0000,0.0000,0.0000,0.0000,270.0021,0.0000,0.0000,0.0000,0.0000,0.0000,0.0000,0.0000,0.0000,0.0000,1,0,0,0,0,0.0000
215.2732,185.2042,0.0864,102.8923,0.0000,0.0000,0.0000,0.0000,0.0000,270.0021,0.0000,0.0000,0.0000,0.0000,0.0000,0.0000,0.0000,0.0000,0.0000,1,0,0,0,0,0.0000
215.3314,185.2042,0.0864,102.8923,0.0000,0.0000,0.0000,0.0000,0.0000,270.0021,0.0000,0.0000,0.0000,0.0000,0.0000,0.0000,0.0000,0.0000,0.0000,1,0,0,0,0,0.0000
215.3840,185.2042,0.0864,102.8923,0.0000,0.0000,0.0000,0.0000,0.0000,270.0021,0.0000,0.0000,0.0000,0.0000,0.0000,0.0000,0.0000,0.0000,0.0000,1,0,0,0,0,0.0000
215.4429,185.2042,0.0864,102.8923,0.0000,0.0000,0.0000,0.0000,0.0000,270.0021,0.0000,0.0000,0.0000,0.0000,0.0000,0.0000,0.0000,0.0000,0.0000,1,0,0,0,0,0.0000
215.4989,185.2042,0.0864,102.8923,0.0000,0.0000,0.0000,0.0000,0.0000,270.0021,0.0000,0.0000,0.0000,0.0000,0.0000,0.0000,0.0000,0.0000,0.0000,1,0,0,0,0,0.0000
215.5601,185.2042,0.0864,102.8923,0.0000,0.0000,0.0000,0.0000,0.0000,270.0021,0.0000,0.0000,0.0000,0.0000,0.0000,0.0000,0.0000,0.0000,0.0000,1,0,0,0,0,0.0000
215.6162,185.2042,0.0864,102.8923,0.0000,0.0000,0.0000,0.0000,0.0000,270.0021,0.0000,0.0000,0.0000,0.0000,0.0000,0.0000,0.0000,0.0000,0.0000,1,0,0,0,0,0.0000
215.6722,185.2042,0.0864,102.8923,0.0000,0.0000,0.0000,0.0000,0.0000,270.0021,0.0000,0.0000,0.0000,0.0000,0.0000,0.0000,0.0000,0.0000,0.0000,1,0,0,0,0,0.0000
215.7271,185.2042,0.0864,102.8923,0.0000,0.0000,0.0000,0.0000,0.0000,270.0021,0.0000,0.0000,0.0000,0.0000,0.0000,0.0000,0.0000,0.0000,0.0000,1,0,0,0,0,0.0000
215.7826,185.2042,0.0864,102.8923,0.0000,0.0000,0.0000,0.0000,0.0000,270.0021,0.0000,0.0000,0.0000,0.0000,0.0000,0.0000,0.0000,0.0000,0.0000,1,0,0,0,0,0.0000
215.8519,185.2042,0.0864,102.8923,0.0000,0.0000,0.0000,0.0000,0.0000,270.0021,0.0000,0.0000,0.0000,0.0000,0.0000,0.0000,0.0000,0.0000,0.0000,1,0,0,0,0,0.0000
215.9140,185.2042,0.0864,102.8923,0.0000,0.0000,0.0000,0.0000,0.0000,270.0021,0.0000,0.0000,0.0000,0.0000,0.0000,0.0000,0.0000,0.0000,0.0000,1,0,0,0,0,0.0000
215.9930,185.2042,0.0864,102.8923,0.0000,0.0000,0.0000,0.0000,0.0000,270.0021,0.0000,0.0000,0.0000,0.0000,0.0000,0.0000,0.0000,0.0000,0.0000,1,0,0,0,0,0.0000
216.0515,185.2042,0.0864,102.8923,0.0000,0.0000,0.0000,0.0000,0.0000,270.0021,0.0000,0.0000,0.0000,0.0000,0.0000,0.0000,0.0000,0.0000,0.0000,1,0,0,0,0,0.0000
216.1064,185.2042,0.0864,102.8923,0.0000,0.0000,0.0000,0.0000,0.0000,270.0021,0.0000,0.0000,0.0000,0.0000,0.0000,0.0000,0.0000,0.0000,0.0000,1,0,0,0,0,0.0000
216.1614,185.2042,0.0864,102.8923,0.0000,0.0000,0.0000,0.0000,0.0000,270.0021,0.0000,0.0000,0.0000,0.0000,0.0000,0.0000,0.0000,0.0000,0.0000,1,0,0,0,0,0.0000
216.2147,185.2042,0.0864,102.8923,0.0000,0.0000,0.0000,0.0000,0.0000,270.0021,0.0000,0.0000,0.0000,0.0000,0.0000,0.0000,0.0000,0.0000,0.0000,1,0,0,0,0,0.0000
216.2844,185.2042,0.0864,102.8923,0.0000,0.0000,0.0000,0.0000,0.0000,270.0021,0.0000,0.0000,0.0000,0.0000,0.0000,0.0000,0.0000,0.0000,0.0000,1,0,0,0,0,0.0000
216.3397,185.2042,0.0864,102.8923,0.0000,0.0000,0.0000,0.0000,0.0000,270.0021,0.0000,0.0000,0.0000,0.0000,0.0000,0.0000,0.0000,0.0000,0.0000,1,0,0,0,0,0.0000
216.3955,185.2042,0.0864,102.8923,0.0000,0.0000,0.0000,0.0000,0.0000,270.0021,0.0000,0.0000,0.0000,0.0000,0.0000,0.0000,0.0000,0.0000,0.0000,1,0,0,0,0,0.0000
216.4548,185.2042,0.0864,102.8923,0.0000,0.0000,0.0000,0.0000,0.0000,270.0021,0.0000,0.0000,0.0000,0.0000,0.0000,0.0000,0.0000,0.0000,0.0000,1,0,0,0,0,0.0000
216.5067,185.2042,0.0864,102.8923,0.0000,0.0000,0.0000,0.0000,0.0000,270.0021,0.0000,0.0000,0.0000,0.0000,0.0000,0.0000,0.0000,0.0000,0.0000,1,0,0,0,0,0.0000
216.5631,185.2042,0.0864,102.8923,0.0000,0.0000,0.0000,0.0000,0.0000,270.0021,0.0000,0.0000,0.0000,0.0000,0.0000,0.0000,0.0000,0.0000,0.0000,1,0,0,0,0,0.0000
216.6313,185.2042,0.0864,102.8923,0.0000,0.0000,0.0000,0.0000,0.0000,270.0021,0.0000,0.0000,0.0000,0.0000,0.0000,0.0000,0.0000,0.0000,0.0000,1,0,0,0,0,0.0000
216.6880,185.2042,0.0864,102.8923,0.0000,0.0000,0.0000,0.0000,0.0000,270.0021,0.0000,0.0000,0.0000,0.0000,0.0000,0.0000,0.0000,0.0000,0.0000,1,0,0,0,0,0.0000
216.7415,185.2042,0.0864,102.8923,0.0000,0.0000,0.0000,0.0000,0.0000,270.0021,0.0000,0.0000,0.0000,0.0000,0.0000,0.0000,0.0000,0.0000,0.0000,1,0,0,0,0,0.0000
216.8004,185.2042,0.0864,102.8923,0.0000,0.0000,0.0000,0.0000,0.0000,270.0021,0.0000,0.0000,0.0000,0.0000,0.0000,0.0000,0.0000,0.0000,0.0000,1,0,0,0,0,0.0000
216.8549,185.2042,0.0864,102.8923,0.0000,0.0000,0.0000,0.0000,0.0000,270.0021,0.0000,0.0000,0.0000,0.0000,0.0000,0.0000,0.0000,0.0000,0.0000,1,0,0,0,0,0.0000
216.9092,185.2042,0.0864,102.8923,0.0000,0.0000,0.0000,0.0000,0.0000,270.0021,0.0000,0.0000,0.0000,0.0000,0.0000,0.0000,0.0000,0.0000,0.0000,1,0,0,0,0,0.0000
216.9653,185.2042,0.0864,102.8923,0.0000,0.0000,0.0000,0.0000,0.0000,270.0021,0.0000,0.0000,0.0000,0.0000,0.0000,0.0000,0.0000,0.0000,0.0000,1,0,0,0,0,0.0000
217.0303,185.2042,0.0864,102.8923,0.0000,0.0000,0.0000,0.0000,0.0000,270.0021,0.0000,0.0000,0.0000,0.0000,0.0000,0.0000,0.0000,0.0000,0.0000,1,0,0,0,0,0.0000
217.0937,185.2042,0.0864,102.8923,0.0000,0.0000,0.0000,0.0000,0.0000,270.0021,0.0000,0.0000,0.0000,0.0000,0.0000,0.0000,0.0000,0.0000,0.0000,1,0,0,0,0,0.0000
217.2017,185.2042,0.0864,102.8923,0.0000,0.0000,0.0000,0.0000,0.0000,270.0021,0.0000,0.0000,0.0000,0.0000,0.0000,0.0000,0.0000,0.0000,0.0000,1,0,0,0,0,0.0000
217.2586,185.2042,0.0864,102.8923,0.0000,0.0000,0.0000,0.0000,0.0000,270.0021,0.0000,0.0000,0.0000,0.0000,0.0000,0.0000,0.0000,0.0000,0.0000,1,0,0,0,0,0.0000
217.3180,185.2042,0.0864,102.8923,0.0000,0.0000,0.0000,0.0000,0.0000,270.0021,0.0000,0.0000,0.0000,0.0000,0.0000,0.0000,0.0000,0.0000,0.0000,1,0,0,0,0,0.0000
217.3953,185.2042,0.0864,102.8923,0.0000,0.0000,0.0000,0.0000,0.0000,270.0021,0.0000,0.0000,0.0000,0.0000,0.0000,0.0000,0.0000,0.0000,0.0000,1,0,0,0,0,0.0000
217.4500,185.2042,0.0864,102.8923,0.0000,0.0000,0.0000,0.0000,0.0000,270.0021,0.0000,0.0000,0.0000,0.0000,0.0000,0.0000,0.0000,0.0000,0.0000,1,0,0,0,0,0.0000
217.5079,185.2042,0.0864,102.8923,0.0000,0.0000,0.0000,0.0000,0.0000,270.0021,0.0000,0.0000,0.0000,0.0000,0.0000,0.0000,0.0000,0.0000,0.0000,1,0,0,0,0,0.0000
217.5636,185.2042,0.0864,102.8923,0.0000,0.0000,0.0000,0.0000,0.0000,270.0021,0.0000,0.0000,0.0000,0.0000,0.0000,0.0000,0.0000,0.0000,0.0000,1,0,0,0,0,0.0000
217.6178,185.2042,0.0864,102.8923,0.0000,0.0000,0.0000,0.0000,0.0000,270.0021,0.0000,0.0000,0.0000,0.0000,0.0000,0.0000,0.0000,0.0000,0.0000,1,0,0,0,0,0.0000
217.6727,185.2042,0.0864,102.8923,0.0000,0.0000,0.0000,0.0000,0.0000,270.0021,0.0000,0.0000,0.0000,0.0000,0.0000,0.0000,0.0000,0.0000,0.0000,1,0,0,0,0,0.0000
217.7430,185.2042,0.0864,102.8923,0.0000,0.0000,0.0000,0.0000,0.0000,270.0021,0.0000,0.0000,0.0000,0.0000,0.0000,0.0000,0.0000,0.0000,0.0000,1,0,0,0,0,0.0000
217.8153,185.2042,0.0864,102.8923,0.0000,0.0000,0.0000,0.0000,0.0000,270.0021,0.0000,0.0000,0.0000,0.0000,0.0000,0.0000,0.0000,0.0000,0.0000,1,0,0,0,0,0.0000
217.8697,185.2042,0.0864,102.8923,0.0000,0.0000,0.0000,0.0000,0.0000,270.0021,0.0000,0.0000,0.0000,0.0000,0.0000,0.0000,0.0000,0.0000,0.0000,1,0,0,0,0,0.0000
217.9234,185.2042,0.0864,102.8923,0.0000,0.0000,0.0000,0.0000,0.0000,270.0021,0.0000,0.0000,0.0000,0.0000,0.0000,0.0000,0.0000,0.0000,0.0000,1,0,0,0,0,0.0000
217.9799,185.2042,0.0864,102.8923,0.0000,0.0000,0.0000,0.0000,0.0000,270.0021,0.0000,0.0000,0.0000,0.0000,0.0000,0.0000,0.0000,0.0000,0.0000,1,0,0,0,0,0.0000
218.0370,185.2042,0.0864,102.8923,0.0000,0.0000,0.0000,0.0000,0.0000,270.0021,0.0000,0.0000,0.0000,0.0000,0.0000,0.0000,0.0000,0.0000,0.0000,1,0,0,0,0,0.0000
218.0889,185.2042,0.0864,102.8923,0.0000,0.0000,0.0000,0.0000,0.0000,270.0021,0.0000,0.0000,0.0000,0.0000,0.0000,0.0000,0.0000,0.0000,0.0000,1,0,0,0,0,0.0000
218.1446,185.2042,0.0864,102.8923,0.0000,0.0000,0.0000,0.0000,0.0000,270.0021,0.0000,0.0000,0.0000,0.0000,0.0000,0.0000,0.0000,0.0000,0.0000,1,0,0,0,0,0.0000
218.2162,185.2042,0.0864,102.8923,0.0000,0.0000,0.0000,0.0000,0.0000,270.0021,0.0000,0.0000,0.0000,0.0000,0.0000,0.0000,0.0000,0.0000,0.0000,1,0,0,0,0,0.0000
218.2856,185.2042,0.0864,102.8923,0.0000,0.0000,0.0000,0.0000,0.0000,270.0021,0.0000,0.0000,0.0000,0.0000,0.0000,0.0000,0.0000,0.0000,0.0000,1,0,0,0,0,0.0000
218.3551,185.2042,0.0864,102.8923,0.0000,0.0000,0.0000,0.0000,0.0000,270.0021,0.0000,0.0000,0.0000,0.0000,0.0000,0.0000,0.0000,0.0000,0.0000,1,0,0,0,0,0.0000
218.4090,185.2042,0.0864,102.8923,0.0000,0.0000,0.0000,0.0000,0.0000,270.0021,0.0000,0.0000,0.0000,0.0000,0.0000,0.0000,0.0000,0.0000,0.0000,1,0,0,0,0,0.0000
218.4648,185.2042,0.0864,102.8923,0.0000,0.0000,0.0000,0.0000,0.0000,270.0021,0.0000,0.0000,0.0000,0.0000,0.0000,0.0000,0.0000,0.0000,0.0000,1,0,0,0,0,0.0000
218.5190,185.2042,0.0864,102.8923,0.0000,0.0000,0.0000,0.0000,0.0000,270.0021,0.0000,0.0000,0.0000,0.0000,0.0000,0.0000,0.0000,0.0000,0.0000,1,0,0,0,0,0.0000
218.5750,185.2042,0.0864,102.8923,0.0000,0.0000,0.0000,0.0000,0.0000,270.0021,0.0000,0.0000,0.0000,0.0000,0.0000,0.0000,0.0000,0.0000,0.0000,1,0,0,0,0,0.0000
218.6451,185.2042,0.0864,102.8923,0.0000,0.0000,0.0000,0.0000,0.0000,270.0021,0.0000,0.0000,0.0000,0.0000,0.0000,0.0000,0.0000,0.0000,0.0000,1,0,0,0,0,0.0000
218.7006,185.2042,0.0864,102.8923,0.0000,0.0000,0.0000,0.0000,0.0000,270.0021,0.0000,0.0000,0.0000,0.0000,0.0000,0.0000,0.0000,0.0000,0.0000,1,0,0,0,0,0.0000
218.7582,185.2042,0.0864,102.8923,0.0000,0.0000,0.0000,0.0000,0.0000,270.0021,0.0000,0.0000,0.0000,0.0000,0.0000,0.0000,0.0000,0.0000,0.0000,1,0,0,0,0,0.0000
218.8266,185.2042,0.0864,102.8923,0.0000,0.0000,0.0000,0.0000,0.0000,270.0021,0.0000,0.0000,0.0000,0.0000,0.0000,0.0000,0.0000,0.0000,0.0000,1,0,0,0,0,0.0000
218.8844,185.2042,0.0864,102.8923,0.0000,0.0000,0.0000,0.0000,0.0000,270.0021,0.0000,0.0000,0.0000,0.0000,0.0000,0.0000,0.0000,0.0000,0.0000,1,0,0,0,0,0.0000
218.9498,185.2042,0.0864,102.8923,0.0000,0.0000,0.0000,0.0000,0.0000,270.0021,0.0000,0.0000,0.0000,0.0000,0.0000,0.0000,0.0000,0.0000,0.0000,1,0,0,0,0,0.0000
219.0088,185.2042,0.0864,102.8923,0.0000,0.0000,0.0000,0.0000,0.0000,270.0021,0.0000,0.0000,0.0000,0.0000,0.0000,0.0000,0.0000,0.0000,0.0000,1,0,0,0,0,0.0000
219.0685,185.2042,0.0864,102.8923,0.0000,0.0000,0.0000,0.0000,0.0000,270.0021,0.0000,0.0000,0.0000,0.0000,0.0000,0.0000,0.0000,0.0000,0.0000,1,0,0,0,0,0.0000
219.1219,185.2042,0.0864,102.8923,0.0000,0.0000,0.0000,0.0000,0.0000,270.0021,0.0000,0.0000,0.0000,0.0000,0.0000,0.0000,0.0000,0.0000,0.0000,1,0,0,0,0,0.0000
219.2005,185.2042,0.0864,102.8923,0.0000,0.0000,0.0000,0.0000,0.0000,270.0021,0.0000,0.0000,0.0000,0.0000,0.0000,0.0000,0.0000,0.0000,0.0000,1,0,0,0,0,0.0000
219.2705,185.2042,0.0864,102.8923,0.0000,0.0000,0.0000,0.0000,0.0000,270.0021,0.0000,0.0000,0.0000,0.0000,0.0000,0.0000,0.0000,0.0000,0.0000,1,0,0,0,0,0.0000
219.3398,185.2042,0.0864,102.8923,0.0000,0.0000,0.0000,0.0000,0.0000,270.0021,0.0000,0.0000,0.0000,0.0000,0.0000,0.0000,0.0000,0.0000,0.0000,1,0,0,0,0,0.0000
219.3951,185.2042,0.0864,102.8923,0.0000,0.0000,0.0000,0.0000,0.0000,270.0021,0.0000,0.0000,0.0000,0.0000,0.0000,0.0000,0.0000,0.0000,0.0000,1,0,0,0,0,0.0000
219.4500,185.2042,0.0864,102.8923,0.0000,0.0000,0.0000,0.0000,0.0000,270.0021,0.0000,0.0000,0.0000,0.0000,0.0000,0.0000,0.0000,0.0000,0.0000,1,0,0,0,0,0.0000
219.5052,185.2042,0.0864,102.8923,0.0000,0.0000,0.0000,0.0000,0.0000,270.0021,0.0000,0.0000,0.0000,0.0000,0.0000,0.0000,0.0000,0.0000,0.0000,1,0,0,0,0,0.0000
219.5616,185.2042,0.0864,102.8923,0.0000,0.0000,0.0000,0.0000,0.0000,270.0021,0.0000,0.0000,0.0000,0.0000,0.0000,0.0000,0.0000,0.0000,0.0000,1,0,0,0,0,0.0000
219.6307,185.2042,0.0864,102.8923,0.0000,0.0000,0.0000,0.0000,0.0000,270.0021,0.0000,0.0000,0.0000,0.0000,0.0000,0.0000,0.0000,0.0000,0.0000,1,0,0,0,0,0.0000
219.6861,185.2042,0.0864,102.8923,0.0000,0.0000,0.0000,0.0000,0.0000,270.0021,0.0000,0.0000,0.0000,0.0000,0.0000,0.0000,0.0000,0.0000,0.0000,1,0,0,0,0,0.0000
219.7549,185.2042,0.0864,102.8923,0.0000,0.0000,0.0000,0.0000,0.0000,270.0021,0.0000,0.0000,0.0000,0.0000,0.0000,0.0000,0.0000,0.0000,0.0000,1,0,0,0,0,0.0000
219.8110,185.2042,0.0864,102.8923,0.0000,0.0000,0.0000,0.0000,0.0000,270.0021,0.0000,0.0000,0.0000,0.0000,0.0000,0.0000,0.0000,0.0000,0.0000,1,0,0,0,0,0.0000
219.8802,185.2042,0.0864,102.8923,0.0000,0.0000,0.0000,0.0000,0.0000,270.0021,0.0000,0.0000,0.0000,0.0000,0.0000,0.0000,0.0000,0.0000,0.0000,1,0,0,0,0,0.0000
219.9353,185.2042,0.0864,102.8923,0.0000,0.0000,0.0000,0.0000,0.0000,270.0021,0.0000,0.0000,0.0000,0.0000,0.0000,0.0000,0.0000,0.0000,0.0000,1,0,0,0,0,0.0000
219.9913,185.2042,0.0864,102.8923,0.0000,0.0000,0.0000,0.0000,0.0000,270.0021,0.0000,0.0000,0.0000,0.0000,0.0000,0.0000,0.0000,0.0000,0.0000,1,0,0,0,0,0.0000
220.0641,185.2042,0.0864,102.8923,0.0000,0.0000,0.0000,0.0000,0.0000,270.0021,0.0000,0.0000,0.0000,0.0000,0.0000,0.0000,0.0000,0.0000,0.0000,1,0,0,0,0,0.0000
220.1151,185.2042,0.0864,102.8923,0.0000,0.0000,0.0000,0.0000,0.0000,270.0021,0.0000,0.0000,0.0000,0.0000,0.0000,0.0000,0.0000,0.0000,0.0000,1,0,0,0,0,0.0000
220.1703,185.2042,0.0864,102.8923,0.0000,0.0000,0.0000,0.0000,0.0000,270.0021,0.0000,0.0000,0.0000,0.0000,0.0000,0.0000,0.0000,0.0000,0.0000,1,0,0,0,0,0.0000
220.2267,185.2042,0.0864,102.8923,0.0000,0.0000,0.0000,0.0000,0.0000,270.0021,0.0000,0.0000,0.0000,0.0000,0.0000,0.0000,0.0000,0.0000,0.0000,1,0,0,0,0,0.0000
220.2818,185.2042,0.0864,102.8923,0.0000,0.0000,0.0000,0.0000,0.0000,270.0021,0.0000,0.0000,0.0000,0.0000,0.0000,0.0000,0.0000,0.0000,0.0000,1,0,0,0,0,0.0000
220.3398,185.2042,0.0864,102.8923,0.0000,0.0000,0.0000,0.0000,0.0000,270.0021,0.0000,0.0000,0.0000,0.0000,0.0000,0.0000,0.0000,0.0000,0.0000,1,0,0,0,0,0.0000
220.4074,185.2042,0.0864,102.8923,0.0000,0.0000,0.0000,0.0000,0.0000,270.0021,0.0000,0.0000,0.0000,0.0000,0.0000,0.0000,0.0000,0.0000,0.0000,1,0,0,0,0,0.0000
220.4762,185.2042,0.0864,102.8923,0.0000,0.0000,0.0000,0.0000,0.0000,270.0021,0.0000,0.0000,0.0000,0.0000,0.0000,0.0000,0.0000,0.0000,0.0000,1,0,0,0,0,0.0000
220.5457,185.2042,0.0864,102.8923,0.0000,0.0000,0.0000,0.0000,0.0000,270.0021,0.0000,0.0000,0.0000,0.0000,0.0000,0.0000,0.0000,0.0000,0.0000,1,0,0,0,0,0.0000
220.6012,185.2042,0.0864,102.8923,0.0000,0.0000,0.0000,0.0000,0.0000,270.0021,0.0000,0.0000,0.0000,0.0000,0.0000,0.0000,0.0000,0.0000,0.0000,1,0,0,0,0,0.0000
220.6580,185.2042,0.0864,102.8923,0.0000,0.0000,0.0000,0.0000,0.0000,270.0021,0.0000,0.0000,0.0000,0.0000,0.0000,0.0000,0.0000,0.0000,0.0000,1,0,0,0,0,0.0000
220.7151,185.2042,0.0864,102.8923,0.0000,0.0000,0.0000,0.0000,0.0000,270.0021,0.0000,0.0000,0.0000,0.0000,0.0000,0.0000,0.0000,0.0000,0.0000,1,0,0,0,0,0.0000
220.7684,185.2042,0.0864,102.8923,0.0000,0.0000,0.0000,0.0000,0.0000,270.0021,0.0000,0.0000,0.0000,0.0000,0.0000,0.0000,0.0000,0.0000,0.0000,1,0,0,0,0,0.0000
220.8247,185.2042,0.0864,102.8923,0.0000,0.0000,0.0000,0.0000,0.0000,270.0021,0.0000,0.0000,0.0000,0.0000,0.0000,0.0000,0.0000,0.0000,0.0000,1,0,0,0,0,0.0000
220.8792,185.2042,0.0864,102.8923,0.0000,0.0000,0.0000,0.0000,0.0000,270.0021,0.0000,0.0000,0.0000,0.0000,0.0000,0.0000,0.0000,0.0000,0.0000,1,0,0,0,0,0.0000
220.9501,185.2042,0.0864,102.8923,0.0000,0.0000,0.0000,0.0000,0.0000,270.0021,0.0000,0.0000,0.0000,0.0000,0.0000,0.0000,0.0000,0.0000,0.0000,1,0,0,0,0,0.0000
221.0086,185.2042,0.0864,102.8923,0.0000,0.0000,0.0000,0.0000,0.0000,270.0021,0.0000,0.0000,0.0000,0.0000,0.0000,0.0000,0.0000,0.0000,0.0000,1,0,0,0,0,0.0000
221.0599,185.2042,0.0864,102.8923,0.0000,0.0000,0.0000,0.0000,0.0000,270.0021,0.0000,0.0000,0.0000,0.0000,0.0000,0.0000,0.0000,0.0000,0.0000,1,0,0,0,0,0.0000
221.1152,185.2042,0.0864,102.8923,0.0000,0.0000,0.0000,0.0000,0.0000,270.0021,0.0000,0.0000,0.0000,0.0000,0.0000,0.0000,0.0000,0.0000,0.0000,1,0,0,0,0,0.0000
221.1708,185.2042,0.0864,102.8923,0.0000,0.0000,0.0000,0.0000,0.0000,270.0021,0.0000,0.0000,0.0000,0.0000,0.0000,0.0000,0.0000,0.0000,0.0000,1,0,0,0,0,0.0000
221.2403,185.2042,0.0864,102.8923,0.0000,0.0000,0.0000,0.0000,0.0000,270.0021,0.0000,0.0000,0.0000,0.0000,0.0000,0.0000,0.0000,0.0000,0.0000,1,0,0,0,0,0.0000
221.2955,185.2042,0.0864,102.8923,0.0000,0.0000,0.0000,0.0000,0.0000,270.0021,0.0000,0.0000,0.0000,0.0000,0.0000,0.0000,0.0000,0.0000,0.0000,1,0,0,0,0,0.0000
221.3511,185.2042,0.0864,102.8923,0.0000,0.0000,0.0000,0.0000,0.0000,270.0021,0.0000,0.0000,0.0000,0.0000,0.0000,0.0000,0.0000,0.0000,0.0000,1,0,0,0,0,0.0000
221.4068,185.2042,0.0864,102.8923,0.0000,0.0000,0.0000,0.0000,0.0000,270.0021,0.0000,0.0000,0.0000,0.0000,0.0000,0.0000,0.0000,0.0000,0.0000,1,0,0,0,0,0.0000
221.4787,185.2042,0.0864,102.8923,0.0000,0.0000,0.0000,0.0000,0.0000,270.0021,0.0000,0.0000,0.0000,0.0000,0.0000,0.0000,0.0000,0.0000,0.0000,1,0,0,0,0,0.0000
221.5462,185.2042,0.0864,102.8923,0.0000,0.0000,0.0000,0.0000,0.0000,270.0021,0.0000,0.0000,0.0000,0.0000,0.0000,0.0000,0.0000,0.0000,0.0000,1,0,0,0,0,0.0000
221.6009,185.2042,0.0864,102.8923,0.0000,0.0000,0.0000,0.0000,0.0000,270.0021,0.0000,0.0000,0.0000,0.0000,0.0000,0.0000,0.0000,0.0000,0.0000,1,0,0,0,0,0.0000
221.6711,185.2042,0.0864,102.8923,0.0000,0.0000,0.0000,0.0000,0.0000,270.0021,0.0000,0.0000,0.0000,0.0000,0.0000,0.0000,0.0000,0.0000,0.0000,1,0,0,0,0,0.0000
221.7268,185.2042,0.0864,102.8923,0.0000,0.0000,0.0000,0.0000,0.0000,270.0021,0.0000,0.0000,0.0000,0.0000,0.0000,0.0000,0.0000,0.0000,0.0000,1,0,0,0,0,0.0000
221.7819,185.2042,0.0864,102.8923,0.0000,0.0000,0.0000,0.0000,0.0000,270.0021,0.0000,0.0000,0.0000,0.0000,0.0000,0.0000,0.0000,0.0000,0.0000,1,0,0,0,0,0.0000
221.8409,185.2042,0.0864,102.8923,0.0000,0.0000,0.0000,0.0000,0.0000,270.0021,0.0000,0.0000,0.0000,0.0000,0.0000,0.0000,0.0000,0.0000,0.0000,1,0,0,0,0,0.0000
221.8982,185.2042,0.0864,102.8923,0.0000,0.0000,0.0000,0.0000,0.0000,270.0021,0.0000,0.0000,0.0000,0.0000,0.0000,0.0000,0.0000,0.0000,0.0000,1,0,0,0,0,0.0000
221.9525,185.2042,0.0864,102.8923,0.0000,0.0000,0.0000,0.0000,0.0000,270.0021,0.0000,0.0000,0.0000,0.0000,0.0000,0.0000,0.0000,0.0000,0.0000,1,0,0,0,0,0.0000
222.0219,185.2042,0.0864,102.8923,0.0000,0.0000,0.0000,0.0000,0.0000,270.0021,0.0000,0.0000,0.0000,0.0000,0.0000,0.0000,0.0000,0.0000,0.0000,1,0,0,0,0,0.0000
222.1030,185.2042,0.0864,102.8923,0.0000,0.0000,0.0000,0.0000,0.0000,270.0021,0.0000,0.0000,0.0000,0.0000,0.0000,0.0000,0.0000,0.0000,0.0000,1,0,0,0,0,0.0000
222.1581,185.2042,0.0864,102.8923,0.0000,0.0000,0.0000,0.0000,0.0000,270.0021,0.0000,0.0000,0.0000,0.0000,0.0000,0.0000,0.0000,0.0000,0.0000,1,0,0,0,0,0.0000
222.2151,185.2042,0.0864,102.8923,0.0000,0.0000,0.0000,0.0000,0.0000,270.0021,0.0000,0.0000,0.0000,0.0000,0.0000,0.0000,0.0000,0.0000,0.0000,1,0,0,0,0,0.0000
222.2702,185.2042,0.0864,102.8923,0.0000,0.0000,0.0000,0.0000,0.0000,270.0021,0.0000,0.0000,0.0000,0.0000,0.0000,0.0000,0.0000,0.0000,0.0000,1,0,0,0,0,0.0000
222.3261,185.2042,0.0864,102.8923,0.0000,0.0000,0.0000,0.0000,0.0000,270.0021,0.0000,0.0000,0.0000,0.0000,0.0000,0.0000,0.0000,0.0000,0.0000,1,0,0,0,0,0.0000
222.3812,185.2042,0.0864,102.8923,0.0000,0.0000,0.0000,0.0000,0.0000,270.0021,0.0000,0.0000,0.0000,0.0000,0.0000,0.0000,0.0000,0.0000,0.0000,1,0,0,0,0,0.0000
222.4366,185.2042,0.0864,102.8923,0.0000,0.0000,0.0000,0.0000,0.0000,270.0021,0.0000,0.0000,0.0000,0.0000,0.0000,0.0000,0.0000,0.0000,0.0000,1,0,0,0,0,0.0000
222.4931,185.2042,0.0864,102.8923,0.0000,0.0000,0.0000,0.0000,0.0000,270.0021,0.0000,0.0000,0.0000,0.0000,0.0000,0.0000,0.0000,0.0000,0.0000,1,0,0,0,0,0.0000
222.5621,185.2042,0.0864,102.8923,0.0000,0.0000,0.0000,0.0000,0.0000,270.0021,0.0000,0.0000,0.0000,0.0000,0.0000,0.0000,0.0000,0.0000,0.0000,1,0,0,0,0,0.0000
222.6172,185.2042,0.0864,102.8923,0.0000,0.0000,0.0000,0.0000,0.0000,270.0021,0.0000,0.0000,0.0000,0.0000,0.0000,0.0000,0.0000,0.0000,0.0000,1,0,0,0,0,0.0000
222.6741,185.2042,0.0864,102.8923,0.0000,0.0000,0.0000,0.0000,0.0000,270.0021,0.0000,0.0000,0.0000,0.0000,0.0000,0.0000,0.0000,0.0000,0.0000,1,0,0,0,0,0.0000
222.7293,185.2042,0.0864,102.8923,0.0000,0.0000,0.0000,0.0000,0.0000,270.0021,0.0000,0.0000,0.0000,0.0000,0.0000,0.0000,0.0000,0.0000,0.0000,1,0,0,0,0,0.0000
222.7847,185.2042,0.0864,102.8923,0.0000,0.0000,0.0000,0.0000,0.0000,270.0021,0.0000,0.0000,0.0000,0.0000,0.0000,0.0000,0.0000,0.0000,0.0000,1,0,0,0,0,0.0000
222.8410,185.2042,0.0864,102.8923,0.0000,0.0000,0.0000,0.0000,0.0000,270.0021,0.0000,0.0000,0.0000,0.0000,0.0000,0.0000,0.0000,0.0000,0.0000,1,0,0,0,0,0.0000
222.8969,185.2042,0.0864,102.8923,0.0000,0.0000,0.0000,0.0000,0.0000,270.0021,0.0000,0.0000,0.0000,0.0000,0.0000,0.0000,0.0000,0.0000,0.0000,1,0,0,0,0,0.0000
222.9508,185.2042,0.0864,102.8923,0.0000,0.0000,0.0000,0.0000,0.0000,270.0021,0.0000,0.0000,0.0000,0.0000,0.0000,0.0000,0.0000,0.0000,0.0000,1,0,0,0,0,0.0000
223.0055,185.2042,0.0864,102.8923,0.0000,0.0000,0.0000,0.0000,0.0000,270.0021,0.0000,0.0000,0.0000,0.0000,0.0000,0.0000,0.0000,0.0000,0.0000,1,0,0,0,0,0.0000
223.0626,185.2042,0.0864,102.8923,0.0000,0.0000,0.0000,0.0000,0.0000,270.0021,0.0000,0.0000,0.0000,0.0000,0.0000,0.0000,0.0000,0.0000,0.0000,1,0,0,0,0,0.0000
223.1170,185.2042,0.0864,102.8923,0.0000,0.0000,0.0000,0.0000,0.0000,270.0021,0.0000,0.0000,0.0000,0.0000,0.0000,0.0000,0.0000,0.0000,0.0000,1,0,0,0,0,0.0000
223.1719,185.2042,0.0864,102.8923,0.0000,0.0000,0.0000,0.0000,0.0000,270.0021,0.0000,0.0000,0.0000,0.0000,0.0000,0.0000,0.0000,0.0000,0.0000,1,0,0,0,0,0.0000
223.2283,185.2042,0.0864,102.8923,0.0000,0.0000,0.0000,0.0000,0.0000,270.0021,0.0000,0.0000,0.0000,0.0000,0.0000,0.0000,0.0000,0.0000,0.0000,1,0,0,0,0,0.0000
223.2835,185.2042,0.0864,102.8923,0.0000,0.0000,0.0000,0.0000,0.0000,270.0021,0.0000,0.0000,0.0000,0.0000,0.0000,0.0000,0.0000,0.0000,0.0000,1,0,0,0,0,0.0000
223.3394,185.2042,0.0864,102.8923,0.0000,0.0000,0.0000,0.0000,0.0000,270.0021,0.0000,0.0000,0.0000,0.0000,0.0000,0.0000,0.0000,0.0000,0.0000,1,0,0,0,0,0.0000
223.3938,185.2042,0.0864,102.8923,0.0000,0.0000,0.0000,0.0000,0.0000,270.0021,0.0000,0.0000,0.0000,0.0000,0.0000,0.0000,0.0000,0.0000,0.0000,1,0,0,0,0,0.0000
223.4497,185.2042,0.0864,102.8923,0.0000,0.0000,0.0000,0.0000,0.0000,270.0021,0.0000,0.0000,0.0000,0.0000,0.0000,0.0000,0.0000,0.0000,0.0000,1,0,0,0,0,0.0000
223.5055,185.2042,0.0864,102.8923,0.0000,0.0000,0.0000,0.0000,0.0000,270.0021,0.0000,0.0000,0.0000,0.0000,0.0000,0.0000,0.0000,0.0000,0.0000,1,0,0,0,0,0.0000
223.5616,185.2042,0.0864,102.8923,0.0000,0.0000,0.0000,0.0000,0.0000,270.0021,0.0000,0.0000,0.0000,0.0000,0.0000,0.0000,0.0000,0.0000,0.0000,1,0,0,0,0,0.0000
223.6174,185.2042,0.0864,102.8923,0.0000,0.0000,0.0000,0.0000,0.0000,270.0021,0.0000,0.0000,0.0000,0.0000,0.0000,0.0000,0.0000,0.0000,0.0000,1,0,0,0,0,0.0000
223.6858,185.2042,0.0864,102.8923,0.0000,0.0000,0.0000,0.0000,0.0000,270.0021,0.0000,0.0000,0.0000,0.0000,0.0000,0.0000,0.0000,0.0000,0.0000,1,0,0,0,0,0.0000
223.7413,185.2042,0.0864,102.8923,0.0000,0.0000,0.0000,0.0000,0.0000,270.0021,0.0000,0.0000,0.0000,0.0000,0.0000,0.0000,0.0000,0.0000,0.0000,1,0,0,0,0,0.0000
223.7975,185.2042,0.0864,102.8923,0.0000,0.0000,0.0000,0.0000,0.0000,270.0021,0.0000,0.0000,0.0000,0.0000,0.0000,0.0000,0.0000,0.0000,0.0000,1,0,0,0,0,0.0000
223.8527,185.2042,0.0864,102.8923,0.0000,0.0000,0.0000,0.0000,0.0000,270.0021,0.0000,0.0000,0.0000,0.0000,0.0000,0.0000,0.0000,0.0000,0.0000,1,0,0,0,0,0.0000
223.9079,185.2042,0.0864,102.8923,0.0000,0.0000,0.0000,0.0000,0.0000,270.0021,0.0000,0.0000,0.0000,0.0000,0.0000,0.0000,0.0000,0.0000,0.0000,1,0,0,0,0,0.0000
223.9651,185.2042,0.0864,102.8923,0.0000,0.0000,0.0000,0.0000,0.0000,270.0021,0.0000,0.0000,0.0000,0.0000,0.0000,0.0000,0.0000,0.0000,0.0000,1,0,0,0,0,0.0000
224.0193,185.2042,0.0864,102.8923,0.0000,0.0000,0.0000,0.0000,0.0000,270.0021,0.0000,0.0000,0.0000,0.0000,0.0000,0.0000,0.0000,0.0000,0.0000,1,0,0,0,0,0.0000
224.0745,185.2042,0.0864,102.8923,0.0000,0.0000,0.0000,0.0000,0.0000,270.0021,0.0000,0.0000,0.0000,0.0000,0.0000,0.0000,0.0000,0.0000,0.0000,1,0,0,0,0,0.0000
224.1438,185.2042,0.0864,102.8923,0.0000,0.0000,0.0000,0.0000,0.0000,270.0021,0.0000,0.0000,0.0000,0.0000,0.0000,0.0000,0.0000,0.0000,0.0000,1,0,0,0,0,0.0000
224.2195,185.2042,0.0864,102.8923,0.0000,0.0000,0.0000,0.0000,0.0000,270.0021,0.0000,0.0000,0.0000,0.0000,0.0000,0.0000,0.0000,0.0000,0.0000,1,0,0,0,0,0.0000
224.2835,185.2042,0.0864,102.8923,0.0000,0.0000,0.0000,0.0000,0.0000,270.0021,0.0000,0.0000,0.0000,0.0000,0.0000,0.0000,0.0000,0.0000,0.0000,1,0,0,0,0,0.0000
224.3385,185.2042,0.0864,102.8923,0.0000,0.0000,0.0000,0.0000,0.0000,270.0021,0.0000,0.0000,0.0000,0.0000,0.0000,0.0000,0.0000,0.0000,0.0000,1,0,0,0,0,0.0000
224.3936,185.2042,0.0864,102.8923,0.0000,0.0000,0.0000,0.0000,0.0000,270.0021,0.0000,0.0000,0.0000,0.0000,0.0000,0.0000,0.0000,0.0000,0.0000,1,0,0,0,0,0.0000
224.4498,185.2042,0.0864,102.8923,0.0000,0.0000,0.0000,0.0000,0.0000,270.0021,0.0000,0.0000,0.0000,0.0000,0.0000,0.0000,0.0000,0.0000,0.0000,1,0,0,0,0,0.0000
224.5062,185.2042,0.0864,102.8923,0.0000,0.0000,0.0000,0.0000,0.0000,270.0021,0.0000,0.0000,0.0000,0.0000,0.0000,0.0000,0.0000,0.0000,0.0000,1,0,0,0,0,0.0000
224.5606,185.2042,0.0864,102.8923,0.0000,0.0000,0.0000,0.0000,0.0000,270.0021,0.0000,0.0000,0.0000,0.0000,0.0000,0.0000,0.0000,0.0000,0.0000,1,0,0,0,0,0.0000
224.6167,185.2042,0.0864,102.8923,0.0000,0.0000,0.0000,0.0000,0.0000,270.0021,0.0000,0.0000,0.0000,0.0000,0.0000,0.0000,0.0000,0.0000,0.0000,1,0,0,0,0,0.0000
224.6714,185.2042,0.0864,102.8923,0.0000,0.0000,0.0000,0.0000,0.0000,270.0021,0.0000,0.0000,0.0000,0.0000,0.0000,0.0000,0.0000,0.0000,0.0000,1,0,0,0,0,0.0000
224.7273,185.2042,0.0864,102.8923,0.0000,0.0000,0.0000,0.0000,0.0000,270.0021,0.0000,0.0000,0.0000,0.0000,0.0000,0.0000,0.0000,0.0000,0.0000,1,0,0,0,0,0.0000
224.7976,185.2042,0.0864,102.8923,0.0000,0.0000,0.0000,0.0000,0.0000,270.0021,0.0000,0.0000,0.0000,0.0000,0.0000,0.0000,0.0000,0.0000,0.0000,1,0,0,0,0,0.0000
224.8663,185.2042,0.0864,102.8923,0.0000,0.0000,0.0000,0.0000,0.0000,270.0021,0.0000,0.0000,0.0000,0.0000,0.0000,0.0000,0.0000,0.0000,0.0000,1,0,0,0,0,0.0000
224.9222,185.2042,0.0864,102.8923,0.0000,0.0000,0.0000,0.0000,0.0000,270.0021,0.0000,0.0000,0.0000,0.0000,0.0000,0.0000,0.0000,0.0000,0.0000,1,0,0,0,0,0.0000
224.9777,185.2042,0.0864,102.8923,0.0000,0.0000,0.0000,0.0000,0.0000,270.0021,0.0000,0.0000,0.0000,0.0000,0.0000,0.0000,0.0000,0.0000,0.0000,1,0,0,0,0,0.0000
225.0325,185.2042,0.0864,102.8923,0.0000,0.0000,0.0000,0.0000,0.0000,270.0021,0.0000,0.0000,0.0000,0.0000,0.0000,0.0000,0.0000,0.0000,0.0000,1,0,0,0,0,0.0000
225.0899,185.2042,0.0864,102.8923,0.0000,0.0000,0.0000,0.0000,0.0000,270.0021,0.0000,0.0000,0.0000,0.0000,0.0000,0.0000,0.0000,0.0000,0.0000,1,0,0,0,0,0.0000
225.1436,185.2042,0.0864,102.8923,0.0000,0.0000,0.0000,0.0000,0.0000,270.0021,0.0000,0.0000,0.0000,0.0000,0.0000,0.0000,0.0000,0.0000,0.0000,1,0,0,0,0,0.0000
225.1992,185.2042,0.0864,102.8923,0.0000,0.0000,0.0000,0.0000,0.0000,270.0021,0.0000,0.0000,0.0000,0.0000,0.0000,0.0000,0.0000,0.0000,0.0000,1,0,0,0,0,0.0000
225.2538,185.2042,0.0864,102.8923,0.0000,0.0000,0.0000,0.0000,0.0000,270.0021,0.0000,0.0000,0.0000,0.0000,0.0000,0.0000,0.0000,0.0000,0.0000,1,0,0,0,0,0.0000
225.3232,185.2042,0.0864,102.8923,0.0000,0.0000,0.0000,0.0000,0.0000,270.0021,0.0000,0.0000,0.0000,0.0000,0.0000,0.0000,0.0000,0.0000,0.0000,1,0,0,0,0,0.0000
225.3924,185.2042,0.0864,102.8923,0.0000,0.0000,0.0000,0.0000,0.0000,270.0021,0.0000,0.0000,0.0000,0.0000,0.0000,0.0000,0.0000,0.0000,0.0000,1,0,0,0,0,0.0000
225.4478,185.2042,0.0864,102.8923,0.0000,0.0000,0.0000,0.0000,0.0000,270.0021,0.0000,0.0000,0.0000,0.0000,0.0000,0.0000,0.0000,0.0000,0.0000,1,0,0,0,0,0.0000
225.5036,185.2042,0.0864,102.8923,0.0000,0.0000,0.0000,0.0000,0.0000,270.0021,0.0000,0.0000,0.0000,0.0000,0.0000,0.0000,0.0000,0.0000,0.0000,1,0,0,0,0,0.0000
225.5601,185.2042,0.0864,102.8923,0.0000,0.0000,0.0000,0.0000,0.0000,270.0021,0.0000,0.0000,0.0000,0.0000,0.0000,0.0000,0.0000,0.0000,0.0000,1,0,0,0,0,0.0000
225.6149,185.2042,0.0864,102.8923,0.0000,0.0000,0.0000,0.0000,0.0000,270.0021,0.0000,0.0000,0.0000,0.0000,0.0000,0.0000,0.0000,0.0000,0.0000,1,0,0,0,0,0.0000
225.6846,185.2042,0.0864,102.8923,0.0000,0.0000,0.0000,0.0000,0.0000,270.0021,0.0000,0.0000,0.0000,0.0000,0.0000,0.0000,0.0000,0.0000,0.0000,1,0,0,0,0,0.0000
225.7539,185.2042,0.0864,102.8923,0.0000,0.0000,0.0000,0.0000,0.0000,270.0021,0.0000,0.0000,0.0000,0.0000,0.0000,0.0000,0.0000,0.0000,0.0000,1,0,0,0,0,0.0000
225.8238,185.2042,0.0864,102.8923,0.0000,0.0000,0.0000,0.0000,0.0000,270.0021,0.0000,0.0000,0.0000,0.0000,0.0000,0.0000,0.0000,0.0000,0.0000,1,0,0,0,0,0.0000
225.8935,185.2042,0.0864,102.8923,0.0000,0.0000,0.0000,0.0000,0.0000,270.0021,0.0000,0.0000,0.0000,0.0000,0.0000,0.0000,0.0000,0.0000,0.0000,1,0,0,0,0,0.0000
225.9491,185.2042,0.0864,102.8923,0.0000,0.0000,0.0000,0.0000,0.0000,270.0021,0.0000,0.0000,0.0000,0.0000,0.0000,0.0000,0.0000,0.0000,0.0000,1,0,0,0,0,0.0000
226.0090,185.2042,0.0864,102.8923,0.0000,0.0000,0.0000,0.0000,0.0000,270.0021,0.0000,0.0000,0.0000,0.0000,0.0000,0.0000,0.0000,0.0000,0.0000,1,0,0,0,0,0.0000
226.0596,185.2042,0.0864,102.8923,0.0000,0.0000,0.0000,0.0000,0.0000,270.0021,0.0000,0.0000,0.0000,0.0000,0.0000,0.0000,0.0000,0.0000,0.0000,1,0,0,0,0,0.0000
226.1154,185.2042,0.0864,102.8923,0.0000,0.0000,0.0000,0.0000,0.0000,270.0021,0.0000,0.0000,0.0000,0.0000,0.0000,0.0000,0.0000,0.0000,0.0000,1,0,0,0,0,0.0000
226.1702,185.2042,0.0864,102.8923,0.0000,0.0000,0.0000,0.0000,0.0000,270.0021,0.0000,0.0000,0.0000,0.0000,0.0000,0.0000,0.0000,0.0000,0.0000,1,0,0,0,0,0.0000
226.2442,185.2042,0.0864,102.8923,0.0000,0.0000,0.0000,0.0000,0.0000,270.0021,0.0000,0.0000,0.0000,0.0000,0.0000,0.0000,0.0000,0.0000,0.0000,1,0,0,0,0,0.0000
226.2964,185.2042,0.0864,102.8923,0.0000,0.0000,0.0000,0.0000,0.0000,270.0021,0.0000,0.0000,0.0000,0.0000,0.0000,0.0000,0.0000,0.0000,0.0000,1,0,0,0,0,0.0000
226.3661,185.2042,0.0864,102.8923,0.0000,0.0000,0.0000,0.0000,0.0000,270.0021,0.0000,0.0000,0.0000,0.0000,0.0000,0.0000,0.0000,0.0000,0.0000,1,0,0,0,0,0.0000
226.4210,185.2042,0.0864,102.8923,0.0000,0.0000,0.0000,0.0000,0.0000,270.0021,0.0000,0.0000,0.0000,0.0000,0.0000,0.0000,0.0000,0.0000,0.0000,1,0,0,0,0,0.0000
226.4776,185.2042,0.0864,102.8923,0.0000,0.0000,0.0000,0.0000,0.0000,270.0021,0.0000,0.0000,0.0000,0.0000,0.0000,0.0000,0.0000,0.0000,0.0000,1,0,0,0,0,0.0000
226.5472,185.2042,0.0864,102.8923,0.0000,0.0000,0.0000,0.0000,0.0000,270.0021,0.0000,0.0000,0.0000,0.0000,0.0000,0.0000,0.0000,0.0000,0.0000,1,0,0,0,0,0.0000
226.6035,185.2042,0.0864,102.8923,0.0000,0.0000,0.0000,0.0000,0.0000,270.0021,0.0000,0.0000,0.0000,0.0000,0.0000,0.0000,0.0000,0.0000,0.0000,1,0,0,0,0,0.0000
226.6594,185.2042,0.0864,102.8923,0.0000,0.0000,0.0000,0.0000,0.0000,270.0021,0.0000,0.0000,0.0000,0.0000,0.0000,0.0000,0.0000,0.0000,0.0000,1,0,0,0,0,0.0000
226.7151,185.2042,0.0864,102.8923,0.0000,0.0000,0.0000,0.0000,0.0000,270.0021,0.0000,0.0000,0.0000,0.0000,0.0000,0.0000,0.0000,0.0000,0.0000,1,0,0,0,0,0.0000
226.7697,185.2042,0.0864,102.8923,0.0000,0.0000,0.0000,0.0000,0.0000,270.0021,0.0000,0.0000,0.0000,0.0000,0.0000,0.0000,0.0000,0.0000,0.0000,1,0,0,0,0,0.0000
226.8260,185.2042,0.0864,102.8923,0.0000,0.0000,0.0000,0.0000,0.0000,270.0021,0.0000,0.0000,0.0000,0.0000,0.0000,0.0000,0.0000,0.0000,0.0000,1,0,0,0,0,0.0000
226.8951,185.2042,0.0864,102.8923,0.0000,0.0000,0.0000,0.0000,0.0000,270.0021,0.0000,0.0000,0.0000,0.0000,0.0000,0.0000,0.0000,0.0000,0.0000,1,0,0,0,0,0.0000
226.9498,185.2042,0.0864,102.8923,0.0000,0.0000,0.0000,0.0000,0.0000,270.0021,0.0000,0.0000,0.0000,0.0000,0.0000,0.0000,0.0000,0.0000,0.0000,1,0,0,0,0,0.0000
227.0050,185.2042,0.0864,102.8923,0.0000,0.0000,0.0000,0.0000,0.0000,270.0021,0.0000,0.0000,0.0000,0.0000,0.0000,0.0000,0.0000,0.0000,0.0000,1,0,0,0,0,0.0000
227.0612,185.2042,0.0864,102.8923,0.0000,0.0000,0.0000,0.0000,0.0000,270.0021,0.0000,0.0000,0.0000,0.0000,0.0000,0.0000,0.0000,0.0000,0.0000,1,0,0,0,0,0.0000
227.1166,185.2042,0.0864,102.8923,0.0000,0.0000,0.0000,0.0000,0.0000,270.0021,0.0000,0.0000,0.0000,0.0000,0.0000,0.0000,0.0000,0.0000,0.0000,1,0,0,0,0,0.0000
227.1725,185.2042,0.0864,102.8923,0.0000,0.0000,0.0000,0.0000,0.0000,270.0021,0.0000,0.0000,0.0000,0.0000,0.0000,0.0000,0.0000,0.0000,0.0000,1,0,0,0,0,0.0000
227.2274,185.2042,0.0864,102.8923,0.0000,0.0000,0.0000,0.0000,0.0000,270.0021,0.0000,0.0000,0.0000,0.0000,0.0000,0.0000,0.0000,0.0000,0.0000,1,0,0,0,0,0.0000
227.2825,185.2042,0.0864,102.8923,0.0000,0.0000,0.0000,0.0000,0.0000,270.0021,0.0000,0.0000,0.0000,0.0000,0.0000,0.0000,0.0000,0.0000,0.0000,1,0,0,0,0,0.0000
227.3438,185.2042,0.0864,102.8923,0.0000,0.0000,0.0000,0.0000,0.0000,270.0021,0.0000,0.0000,0.0000,0.0000,0.0000,0.0000,0.0000,0.0000,0.0000,1,0,0,0,0,0.0000
227.4079,185.2042,0.0864,102.8923,0.0000,0.0000,0.0000,0.0000,0.0000,270.0021,0.0000,0.0000,0.0000,0.0000,0.0000,0.0000,0.0000,0.0000,0.0000,1,0,0,0,0,0.0000
227.4783,185.2042,0.0864,102.8923,0.0000,0.0000,0.0000,0.0000,0.0000,270.0021,0.0000,0.0000,0.0000,0.0000,0.0000,0.0000,0.0000,0.0000,0.0000,1,0,0,0,0,0.0000
227.5354,185.2042,0.0864,102.8923,0.0000,0.0000,0.0000,0.0000,0.0000,270.0021,0.0000,0.0000,0.0000,0.0000,0.0000,0.0000,0.0000,0.0000,0.0000,1,0,0,0,0,0.0000
227.5881,185.2042,0.0864,102.8923,0.0000,0.0000,0.0000,0.0000,0.0000,270.0021,0.0000,0.0000,0.0000,0.0000,0.0000,0.0000,0.0000,0.0000,0.0000,1,0,0,0,0,0.0000
227.6571,185.2042,0.0864,102.8923,0.0000,0.0000,0.0000,0.0000,0.0000,270.0021,0.0000,0.0000,0.0000,0.0000,0.0000,0.0000,0.0000,0.0000,0.0000,1,0,0,0,0,0.0000
227.7132,185.2042,0.0864,102.8923,0.0000,0.0000,0.0000,0.0000,0.0000,270.0021,0.0000,0.0000,0.0000,0.0000,0.0000,0.0000,0.0000,0.0000,0.0000,1,0,0,0,0,0.0000
227.7688,185.2042,0.0864,102.8923,0.0000,0.0000,0.0000,0.0000,0.0000,270.0021,0.0000,0.0000,0.0000,0.0000,0.0000,0.0000,0.0000,0.0000,0.0000,1,0,0,0,0,0.0000
227.8264,185.2042,0.0864,102.8923,0.0000,0.0000,0.0000,0.0000,0.0000,270.0021,0.0000,0.0000,0.0000,0.0000,0.0000,0.0000,0.0000,0.0000,0.0000,1,0,0,0,0,0.0000
227.8821,185.2042,0.0864,102.8923,0.0000,0.0000,0.0000,0.0000,0.0000,270.0021,0.0000,0.0000,0.0000,0.0000,0.0000,0.0000,0.0000,0.0000,0.0000,1,0,0,0,0,0.0000
227.9491,185.2042,0.0864,102.8923,0.0000,0.0000,0.0000,0.0000,0.0000,270.0021,0.0000,0.0000,0.0000,0.0000,0.0000,0.0000,0.0000,0.0000,0.0000,1,0,0,0,0,0.0000
228.0055,185.2042,0.0864,102.8923,0.0000,0.0000,0.0000,0.0000,0.0000,270.0021,0.0000,0.0000,0.0000,0.0000,0.0000,0.0000,0.0000,0.0000,0.0000,1,0,0,0,0,0.0000
228.0593,185.2042,0.0864,102.8923,0.0000,0.0000,0.0000,0.0000,0.0000,270.0021,0.0000,0.0000,0.0000,0.0000,0.0000,0.0000,0.0000,0.0000,0.0000,1,0,0,0,0,0.0000
228.1148,185.2042,0.0864,102.8923,0.0000,0.0000,0.0000,0.0000,0.0000,270.0021,0.0000,0.0000,0.0000,0.0000,0.0000,0.0000,0.0000,0.0000,0.0000,1,0,0,0,0,0.0000
228.1848,185.2042,0.0864,102.8923,0.0000,0.0000,0.0000,0.0000,0.0000,270.0021,0.0000,0.0000,0.0000,0.0000,0.0000,0.0000,0.0000,0.0000,0.0000,1,0,0,0,0,0.0000
228.2401,185.2042,0.0864,102.8923,0.0000,0.0000,0.0000,0.0000,0.0000,270.0021,0.0000,0.0000,0.0000,0.0000,0.0000,0.0000,0.0000,0.0000,0.0000,1,0,0,0,0,0.0000
228.2955,185.2042,0.0864,102.8923,0.0000,0.0000,0.0000,0.0000,0.0000,270.0021,0.0000,0.0000,0.0000,0.0000,0.0000,0.0000,0.0000,0.0000,0.0000,1,0,0,0,0,0.0000
228.3514,185.2042,0.0864,102.8923,0.0000,0.0000,0.0000,0.0000,0.0000,270.0021,0.0000,0.0000,0.0000,0.0000,0.0000,0.0000,0.0000,0.0000,0.0000,1,0,0,0,0,0.0000
228.4072,185.2042,0.0864,102.8923,0.0000,0.0000,0.0000,0.0000,0.0000,270.0021,0.0000,0.0000,0.0000,0.0000,0.0000,0.0000,0.0000,0.0000,0.0000,1,0,0,0,0,0.0000
228.4906,185.2042,0.0864,102.8923,0.0000,0.0000,0.0000,0.0000,0.0000,270.0021,0.0000,0.0000,0.0000,0.0000,0.0000,0.0000,0.0000,0.0000,0.0000,1,0,0,0,0,0.0000
228.5459,185.2042,0.0864,102.8923,0.0000,0.0000,0.0000,0.0000,0.0000,270.0021,0.0000,0.0000,0.0000,0.0000,0.0000,0.0000,0.0000,0.0000,0.0000,1,0,0,0,0,0.0000
228.6010,185.2042,0.0864,102.8923,0.0000,0.0000,0.0000,0.0000,0.0000,270.0021,0.0000,0.0000,0.0000,0.0000,0.0000,0.0000,0.0000,0.0000,0.0000,1,0,0,0,0,0.0000
228.6582,185.2042,0.0864,102.8923,0.0000,0.0000,0.0000,0.0000,0.0000,270.0021,0.0000,0.0000,0.0000,0.0000,0.0000,0.0000,0.0000,0.0000,0.0000,1,0,0,0,0,0.0000
228.7126,185.2042,0.0864,102.8923,0.0000,0.0000,0.0000,0.0000,0.0000,270.0021,0.0000,0.0000,0.0000,0.0000,0.0000,0.0000,0.0000,0.0000,0.0000,1,0,0,0,0,0.0000
228.7681,185.2042,0.0864,102.8923,0.0000,0.0000,0.0000,0.0000,0.0000,270.0021,0.0000,0.0000,0.0000,0.0000,0.0000,0.0000,0.0000,0.0000,0.0000,1,0,0,0,0,0.0000
228.8372,185.2042,0.0864,102.8923,0.0000,0.0000,0.0000,0.0000,0.0000,270.0021,0.0000,0.0000,0.0000,0.0000,0.0000,0.0000,0.0000,0.0000,0.0000,1,0,0,0,0,0.0000
228.8928,185.2042,0.0864,102.8923,0.0000,0.0000,0.0000,0.0000,0.0000,270.0021,0.0000,0.0000,0.0000,0.0000,0.0000,0.0000,0.0000,0.0000,0.0000,1,0,0,0,0,0.0000
228.9506,185.2042,0.0864,102.8923,0.0000,0.0000,0.0000,0.0000,0.0000,270.0021,0.0000,0.0000,0.0000,0.0000,0.0000,0.0000,0.0000,0.0000,0.0000,1,0,0,0,0,0.0000
229.0182,185.2042,0.0864,102.8923,0.0000,0.0000,0.0000,0.0000,0.0000,270.0021,0.0000,0.0000,0.0000,0.0000,0.0000,0.0000,0.0000,0.0000,0.0000,1,0,0,0,0,0.0000
229.0781,185.2042,0.0864,102.8923,0.0000,0.0000,0.0000,0.0000,0.0000,270.0021,0.0000,0.0000,0.0000,0.0000,0.0000,0.0000,0.0000,0.0000,0.0000,1,0,0,0,0,0.0000
229.1294,185.2042,0.0864,102.8923,0.0000,0.0000,0.0000,0.0000,0.0000,270.0021,0.0000,0.0000,0.0000,0.0000,0.0000,0.0000,0.0000,0.0000,0.0000,1,0,0,0,0,0.0000
229.1846,185.2042,0.0864,102.8923,0.0000,0.0000,0.0000,0.0000,0.0000,270.0021,0.0000,0.0000,0.0000,0.0000,0.0000,0.0000,0.0000,0.0000,0.0000,1,0,0,0,0,0.0000
229.2541,185.2042,0.0864,102.8923,0.0000,0.0000,0.0000,0.0000,0.0000,270.0021,0.0000,0.0000,0.0000,0.0000,0.0000,0.0000,0.0000,0.0000,0.0000,1,0,0,0,0,0.0000
229.3099,185.2042,0.0864,102.8923,0.0000,0.0000,0.0000,0.0000,0.0000,270.0021,0.0000,0.0000,0.0000,0.0000,0.0000,0.0000,0.0000,0.0000,0.0000,1,0,0,0,0,0.0000
229.3661,185.2042,0.0864,102.8923,0.0000,0.0000,0.0000,0.0000,0.0000,270.0021,0.0000,0.0000,0.0000,0.0000,0.0000,0.0000,0.0000,0.0000,0.0000,1,0,0,0,0,0.0000
229.4362,185.2042,0.0864,102.8923,0.0000,0.0000,0.0000,0.0000,0.0000,270.0021,0.0000,0.0000,0.0000,0.0000,0.0000,0.0000,0.0000,0.0000,0.0000,1,0,0,0,0,0.0000
229.4920,185.2042,0.0864,102.8923,0.0000,0.0000,0.0000,0.0000,0.0000,270.0021,0.0000,0.0000,0.0000,0.0000,0.0000,0.0000,0.0000,0.0000,0.0000,1,0,0,0,0,0.0000
229.5607,185.2042,0.0864,102.8923,0.0000,0.0000,0.0000,0.0000,0.0000,270.0021,0.0000,0.0000,0.0000,0.0000,0.0000,0.0000,0.0000,0.0000,0.0000,1,0,0,0,0,0.0000
229.6167,185.2042,0.0864,102.8923,0.0000,0.0000,0.0000,0.0000,0.0000,270.0021,0.0000,0.0000,0.0000,0.0000,0.0000,0.0000,0.0000,0.0000,0.0000,1,0,0,0,0,0.0000
229.6718,185.2042,0.0864,102.8923,0.0000,0.0000,0.0000,0.0000,0.0000,270.0021,0.0000,0.0000,0.0000,0.0000,0.0000,0.0000,0.0000,0.0000,0.0000,1,0,0,0,0,0.0000
229.7275,185.2042,0.0864,102.8923,0.0000,0.0000,0.0000,0.0000,0.0000,270.0021,0.0000,0.0000,0.0000,0.0000,0.0000,0.0000,0.0000,0.0000,0.0000,1,0,0,0,0,0.0000
229.7833,185.2042,0.0864,102.8923,0.0000,0.0000,0.0000,0.0000,0.0000,270.0021,0.0000,0.0000,0.0000,0.0000,0.0000,0.0000,0.0000,0.0000,0.0000,1,0,0,0,0,0.0000
229.8374,185.2042,0.0864,102.8923,0.0000,0.0000,0.0000,0.0000,0.0000,270.0021,0.0000,0.0000,0.0000,0.0000,0.0000,0.0000,0.0000,0.0000,0.0000,1,0,0,0,0,0.0000
229.8927,185.2042,0.0864,102.8923,0.0000,0.0000,0.0000,0.0000,0.0000,270.0021,0.0000,0.0000,0.0000,0.0000,0.0000,0.0000,0.0000,0.0000,0.0000,1,0,0,0,0,0.0000
229.9490,185.2042,0.0864,102.8923,0.0000,0.0000,0.0000,0.0000,0.0000,270.0021,0.0000,0.0000,0.0000,0.0000,0.0000,0.0000,0.0000,0.0000,0.0000,1,0,0,0,0,0.0000
230.0058,185.2042,0.0864,102.8923,0.0000,0.0000,0.0000,0.0000,0.0000,270.0021,0.0000,0.0000,0.0000,0.0000,0.0000,0.0000,0.0000,0.0000,0.0000,1,0,0,0,0,0.0000
230.0608,185.2042,0.0864,102.8923,0.0000,0.0000,0.0000,0.0000,0.0000,270.0021,0.0000,0.0000,0.0000,0.0000,0.0000,0.0000,0.0000,0.0000,0.0000,1,0,0,0,0,0.0000
230.1303,185.2042,0.0864,102.8923,0.0000,0.0000,0.0000,0.0000,0.0000,270.0021,0.0000,0.0000,0.0000,0.0000,0.0000,0.0000,0.0000,0.0000,0.0000,1,0,0,0,0,0.0000
230.1871,185.2042,0.0864,102.8923,0.0000,0.0000,0.0000,0.0000,0.0000,270.0021,0.0000,0.0000,0.0000,0.0000,0.0000,0.0000,0.0000,0.0000,0.0000,1,0,0,0,0,0.0000
230.2398,185.2042,0.0864,102.8923,0.0000,0.0000,0.0000,0.0000,0.0000,270.0021,0.0000,0.0000,0.0000,0.0000,0.0000,0.0000,0.0000,0.0000,0.0000,1,0,0,0,0,0.0000
230.2951,185.2042,0.0864,102.8923,0.0000,0.0000,0.0000,0.0000,0.0000,270.0021,0.0000,0.0000,0.0000,0.0000,0.0000,0.0000,0.0000,0.0000,0.0000,1,0,0,0,0,0.0000
230.3510,185.2042,0.0864,102.8923,0.0000,0.0000,0.0000,0.0000,0.0000,270.0021,0.0000,0.0000,0.0000,0.0000,0.0000,0.0000,0.0000,0.0000,0.0000,1,0,0,0,0,0.0000
230.4206,185.2042,0.0864,102.8923,0.0000,0.0000,0.0000,0.0000,0.0000,270.0021,0.0000,0.0000,0.0000,0.0000,0.0000,0.0000,0.0000,0.0000,0.0000,1,0,0,0,0,0.0000
230.4761,185.2042,0.0864,102.8923,0.0000,0.0000,0.0000,0.0000,0.0000,270.0021,0.0000,0.0000,0.0000,0.0000,0.0000,0.0000,0.0000,0.0000,0.0000,1,0,0,0,0,0.0000
230.5318,185.2042,0.0864,102.8923,0.0000,0.0000,0.0000,0.0000,0.0000,270.0021,0.0000,0.0000,0.0000,0.0000,0.0000,0.0000,0.0000,0.0000,0.0000,1,0,0,0,0,0.0000
230.6012,185.2042,0.0864,102.8923,0.0000,0.0000,0.0000,0.0000,0.0000,270.0021,0.0000,0.0000,0.0000,0.0000,0.0000,0.0000,0.0000,0.0000,0.0000,1,0,0,0,0,0.0000
230.6709,185.2042,0.0864,102.8923,0.0000,0.0000,0.0000,0.0000,0.0000,270.0021,0.0000,0.0000,0.0000,0.0000,0.0000,0.0000,0.0000,0.0000,0.0000,1,0,0,0,0,0.0000
230.7421,185.2042,0.0864,102.8923,0.0000,0.0000,0.0000,0.0000,0.0000,270.0021,0.0000,0.0000,0.0000,0.0000,0.0000,0.0000,0.0000,0.0000,0.0000,1,0,0,0,0,0.0000
231.0615,185.2042,0.0864,102.8923,0.0000,0.0000,0.0000,0.0000,0.0000,270.0021,0.0000,0.0000,0.0000,0.0000,0.0000,0.0000,0.0000,0.0000,0.0000,1,0,0,0,0,0.0000
