time,position_x,position_y,position_z,speed_ms,speed_kmh,forward_speed,sideways_speed,acceleration_ms2,yaw,yaw_rate,raw_steer_x,raw_throttle_y,raw_brake_z,steer_input,handlebar_angle,steer_rate,throttle,brake,is_grounded,harsh_brake,harsh_steer,high_side_slip,high_yaw_rate,risk_score
0.1512,185.2042,0.1115,102.8923,0.0000,0.0000,0.0000,0.0000,0.0000,270.0000,0.0000,0.0000,0.0000,0.0000,0.0000,0.0000,0.0000,0.0000,0.0000,1,0,0,0,0,0.0000
0.2237,185.2042,0.0864,102.8923,0.0001,0.0002,0.0000,0.0001,0.0008,270.0012,0.0160,0.0000,0.0000,0.0000,0.0000,0.0000,0.0000,0.0000,0.0000,1,0,0,0,0,0.0009
0.2789,185.2042,0.0864,102.8923,0.0001,0.0002,0.0000,0.0001,0.0000,270.0014,0.0044,0.0000,0.0000,0.0000,0.0000,0.0000,0.0000,0.0000,0.0000,1,0,0,0,0,0.0002
0.3400,185.2042,0.0864,102.8923,0.0001,0.0002,0.0000,0.0001,0.0000,270.0018,0.0060,0.0000,0.0000,0.0000,0.0000,0.0000,0.0000,0.0000,0.0000,1,0,0,0,0,0.0003
0.3960,185.2042,0.0864,102.8923,0.0001,0.0002,0.0000,0.0001,0.0000,270.0021,0.0054,0.0000,0.0000,0.0000,0.0000,0.0000,0.0000,0.0000,0.0000,1,0,0,0,0,0.0003
0.4645,185.2042,0.0864,102.8923,0.0000,0.0000,0.0000,0.0000,-0.0009,270.0021,0.0009,0.0000,0.0000,0.0000,0.0000,0.0000,0.0000,0.0000,0.0000,1,0,0,0,0,0.0000
0.5453,185.2042,0.0864,102.8923,0.0000,0.0000,0.0000,0.0000,0.0000,270.0021,0.0000,0.0000,0.0000,0.0000,0.0000,0.0000,0.0000,0.0000,0.0000,1,0,0,0,0,0.0000
0.5973,185.2042,0.0864,102.8923,0.0000,0.0000,0.0000,0.0000,0.0000,270.0021,0.0000,0.0000,0.0000,0.0000,0.0000,0.0000,0.0000,0.0000,0.0000,1,0,0,0,0,0.0000
0.6487,185.2042,0.0864,102.8923,0.0000,0.0000,0.0000,0.0000,0.0000,270.0021,0.0000,0.0000,0.0000,0.0000,0.0000,0.0000,0.0000,0.0000,0.0000,1,0,0,0,0,0.0000
0.7012,185.2042,0.0864,102.8923,0.0000,0.0000,0.0000,0.0000,0.0000,270.0021,0.0000,0.0000,0.0000,0.0000,0.0000,0.0000,0.0000,0.0000,0.0000,1,0,0,0,0,0.0000
0.7610,185.2042,0.0864,102.8923,0.0000,0.0000,0.0000,0.0000,0.0000,270.0021,0.0000,0.0000,0.0000,0.0000,0.0000,0.0000,0.0000,0.0000,0.0000,1,0,0,0,0,0.0000
0.8206,185.2042,0.0864,102.8923,0.0000,0.0000,0.0000,0.0000,0.0000,270.0021,0.0000,0.0000,0.0000,0.0000,0.0000,0.0000,0.0000,0.0000,0.0000,1,0,0,0,0,0.0000
0.8811,185.2042,0.0864,102.8923,0.0000,0.0000,0.0000,0.0000,0.0000,270.0021,0.0000,0.0000,0.0000,0.0000,0.0000,0.0000,0.0000,0.0000,0.0000,1,0,0,0,0,0.0000
0.9409,185.2042,0.0864,102.8923,0.0000,0.0000,0.0000,0.0000,0.0000,270.0021,0.0000,0.0000,0.0000,0.0000,0.0000,0.0000,0.0000,0.0000,0.0000,1,0,0,0,0,0.0000
0.9915,185.2042,0.0864,102.8923,0.0000,0.0000,0.0000,0.0000,0.0000,270.0021,0.0000,0.0000,0.0000,0.0000,0.0000,0.0000,0.0000,0.0000,0.0000,1,0,0,0,0,0.0000
1.0466,185.2042,0.0864,102.8923,0.0000,0.0000,0.0000,0.0000,0.0000,270.0021,0.0000,0.0000,0.0000,0.0000,0.0000,0.0000,0.0000,0.0000,0.0000,1,0,0,0,0,0.0000
1.0992,185.2042,0.0864,102.8923,0.0000,0.0000,0.0000,0.0000,0.0000,270.0021,0.0000,0.0000,0.0000,0.0000,0.0000,0.0000,0.0000,0.0000,0.0000,1,0,0,0,0,0.0000
1.1610,185.2042,0.0864,102.8923,0.0000,0.0000,0.0000,0.0000,0.0000,270.0021,0.0000,0.0000,0.0000,0.0000,0.0000,0.0000,0.0000,0.0000,0.0000,1,0,0,0,0,0.0000
1.2111,185.2042,0.0864,102.8923,0.0000,0.0000,0.0000,0.0000,0.0000,270.0021,0.0000,0.0000,0.0000,0.0000,0.0000,0.0000,0.0000,0.0000,0.0000,1,0,0,0,0,0.0000
1.2692,185.2042,0.0864,102.8923,0.0000,0.0000,0.0000,0.0000,0.0000,270.0021,0.0000,0.0000,0.0000,0.0000,0.0000,0.0000,0.0000,0.0000,0.0000,1,0,0,0,0,0.0000
1.3304,185.2042,0.0864,102.8923,0.0000,0.0000,0.0000,0.0000,0.0000,270.0021,0.0000,0.0000,0.0000,0.0000,0.0000,0.0000,0.0000,0.0000,0.0000,1,0,0,0,0,0.0000
1.3876,185.2042,0.0864,102.8923,0.0000,0.0000,0.0000,0.0000,0.0000,270.0021,0.0000,0.0000,0.0000,0.0000,0.0000,0.0000,0.0000,0.0000,0.0000,1,0,0,0,0,0.0000
1.4396,185.2042,0.0864,102.8923,0.0000,0.0000,0.0000,0.0000,0.0000,270.0021,0.0000,0.0000,0.0000,0.0000,0.0000,0.0000,0.0000,0.0000,0.0000,1,0,0,0,0,0.0000
1.4902,185.2042,0.0864,102.8923,0.0000,0.0000,0.0000,0.0000,0.0000,270.0021,0.0000,0.0000,0.0000,0.0000,0.0000,0.0000,0.0000,0.0000,0.0000,1,0,0,0,0,0.0000
1.5545,185.2042,0.0864,102.8923,0.0000,0.0000,0.0000,0.0000,0.0000,270.0021,0.0000,0.0000,0.0000,0.0000,0.0000,0.0000,0.0000,0.0000,0.0000,1,0,0,0,0,0.0000
1.6162,185.2042,0.0864,102.8923,0.0000,0.0000,0.0000,0.0000,0.0000,270.0021,0.0000,0.0000,0.0000,0.0000,0.0000,0.0000,0.0000,0.0000,0.0000,1,0,0,0,0,0.0000
1.6724,185.2042,0.0864,102.8923,0.0000,0.0000,0.0000,0.0000,0.0000,270.0021,0.0000,0.0000,0.0000,0.0000,0.0000,0.0000,0.0000,0.0000,0.0000,1,0,0,0,0,0.0000
1.7293,185.2042,0.0864,102.8923,0.0000,0.0000,0.0000,0.0000,0.0000,270.0021,0.0000,0.0000,0.0000,0.0000,0.0000,0.0000,0.0000,0.0000,0.0000,1,0,0,0,0,0.0000
1.7850,185.2042,0.0864,102.8923,0.0000,0.0000,0.0000,0.0000,0.0000,270.0021,0.0000,0.0000,0.0000,0.0000,0.0000,0.0000,0.0000,0.0000,0.0000,1,0,0,0,0,0.0000
1.8363,185.2042,0.0864,102.8923,0.0000,0.0000,0.0000,0.0000,0.0000,270.0021,0.0000,0.0000,0.0000,0.0000,0.0000,0.0000,0.0000,0.0000,0.0000,1,0,0,0,0,0.0000
1.8970,185.2042,0.0864,102.8923,0.0000,0.0000,0.0000,0.0000,0.0000,270.0021,0.0000,0.0000,0.0000,0.0000,0.0000,0.0000,0.0000,0.0000,0.0000,1,0,0,0,0,0.0000
1.9580,185.2042,0.0864,102.8923,0.0000,0.0000,0.0000,0.0000,0.0000,270.0021,0.0000,0.0000,0.0000,0.0000,0.0000,0.0000,0.0000,0.0000,0.0000,1,0,0,0,0,0.0000
2.0086,185.2042,0.0864,102.8923,0.0000,0.0000,0.0000,0.0000,0.0000,270.0021,0.0000,0.0000,0.0000,0.0000,0.0000,0.0000,0.0000,0.0000,0.0000,1,0,0,0,0,0.0000
2.0734,185.2042,0.0864,102.8923,0.0000,0.0000,0.0000,0.0000,0.0000,270.0021,0.0000,0.0000,0.0000,0.0000,0.0000,0.0000,0.0000,0.0000,0.0000,1,0,0,0,0,0.0000
2.1299,185.2042,0.0864,102.8923,0.0000,0.0000,0.0000,0.0000,0.0000,270.0021,0.0000,0.0000,0.0000,0.0000,0.0000,0.0000,0.0000,0.0000,0.0000,1,0,0,0,0,0.0000
2.1838,185.2042,0.0864,102.8923,0.0000,0.0000,0.0000,0.0000,0.0000,270.0021,0.0000,0.0000,0.0000,0.0000,0.0000,0.0000,0.0000,0.0000,0.0000,1,0,0,0,0,0.0000
2.2346,185.2042,0.0864,102.8923,0.0000,0.0000,0.0000,0.0000,0.0000,270.0021,0.0000,0.0000,0.0000,0.0000,0.0000,0.0000,0.0000,0.0000,0.0000,1,0,0,0,0,0.0000
2.2949,185.2042,0.0864,102.8923,0.0000,0.0000,0.0000,0.0000,0.0000,270.0021,0.0000,0.0000,0.0000,0.0000,0.0000,0.0000,0.0000,0.0000,0.0000,1,0,0,0,0,0.0000
2.3530,185.2042,0.0864,102.8923,0.0000,0.0000,0.0000,0.0000,0.0000,270.0021,0.0000,0.0000,0.0000,0.0000,0.0000,0.0000,0.0000,0.0000,0.0000,1,0,0,0,0,0.0000
2.4144,185.2042,0.0864,102.8923,0.0000,0.0000,0.0000,0.0000,0.0000,270.0021,0.0000,0.0000,0.0000,0.0000,0.0000,0.0000,0.0000,0.0000,0.0000,1,0,0,0,0,0.0000
2.4660,185.2042,0.0864,102.8923,0.0000,0.0000,0.0000,0.0000,0.0000,270.0021,0.0000,0.0000,0.0000,0.0000,0.0000,0.0000,0.0000,0.0000,0.0000,1,0,0,0,0,0.0000
2.5258,185.2042,0.0864,102.8923,0.0000,0.0000,0.0000,0.0000,0.0000,270.0021,0.0000,0.0000,0.0000,0.0000,0.0000,0.0000,0.0000,0.0000,0.0000,1,0,0,0,0,0.0000
2.5868,185.2042,0.0864,102.8923,0.0000,0.0000,0.0000,0.0000,0.0000,270.0021,0.0000,0.0000,0.0000,0.0000,0.0000,0.0000,0.0000,0.0000,0.0000,1,0,0,0,0,0.0000
2.6454,185.2042,0.0864,102.8923,0.0000,0.0000,0.0000,0.0000,0.0000,270.0021,0.0000,0.0000,0.0000,0.0000,0.0000,0.0000,0.0000,0.0000,0.0000,1,0,0,0,0,0.0000
2.7013,185.2042,0.0864,102.8923,0.0000,0.0000,0.0000,0.0000,0.0000,270.0021,0.0000,0.0000,0.0000,0.0000,0.0000,0.0000,0.0000,0.0000,0.0000,1,0,0,0,0,0.0000
2.7630,185.2042,0.0864,102.8923,0.0000,0.0000,0.0000,0.0000,0.0000,270.0021,0.0000,0.0000,0.0000,0.0000,0.0000,0.0000,0.0000,0.0000,0.0000,1,0,0,0,0,0.0000
2.8146,185.2042,0.0864,102.8923,0.0000,0.0000,0.0000,0.0000,0.0000,270.0021,0.0000,0.0000,0.0000,0.0000,0.0000,0.0000,0.0000,0.0000,0.0000,1,0,0,0,0,0.0000
2.8731,185.2042,0.0864,102.8923,0.0000,0.0000,0.0000,0.0000,0.0000,270.0021,0.0000,0.0000,0.0000,0.0000,0.0000,0.0000,0.0000,0.0000,0.0000,1,0,0,0,0,0.0000
2.9340,185.2042,0.0864,102.8923,0.0000,0.0000,0.0000,0.0000,0.0000,270.0021,0.0000,0.0000,0.0000,0.0000,0.0000,0.0000,0.0000,0.0000,0.0000,1,0,0,0,0,0.0000
2.9911,185.2042,0.0864,102.8923,0.0000,0.0000,0.0000,0.0000,0.0000,270.0021,0.0000,0.0000,0.0000,0.0000,0.0000,0.0000,0.0000,0.0000,0.0000,1,0,0,0,0,0.0000
3.0526,185.2042,0.0864,102.8923,0.0000,0.0000,0.0000,0.0000,0.0000,270.0021,0.0000,0.0000,0.0000,0.0000,0.0000,0.0000,0.0000,0.0000,0.0000,1,0,0,0,0,0.0000
3.1060,185.2042,0.0864,102.8923,0.0000,0.0000,0.0000,0.0000,0.0000,270.0021,0.0000,0.0000,0.0000,0.0000,0.0000,0.0000,0.0000,0.0000,0.0000,1,0,0,0,0,0.0000
3.1569,185.2042,0.0864,102.8923,0.0000,0.0000,0.0000,0.0000,0.0000,270.0021,0.0000,0.0000,0.0000,0.0000,0.0000,0.0000,0.0000,0.0000,0.0000,1,0,0,0,0,0.0000
3.2094,185.2042,0.0864,102.8923,0.0000,0.0000,0.0000,0.0000,0.0000,270.0021,0.0000,0.0000,0.0000,0.0000,0.0000,0.0000,0.0000,0.0000,0.0000,1,0,0,0,0,0.0000
3.2610,185.2042,0.0864,102.8923,0.0000,0.0000,0.0000,0.0000,0.0000,270.0021,0.0000,0.0000,0.0000,0.0000,0.0000,0.0000,0.0000,0.0000,0.0000,1,0,0,0,0,0.0000
3.3222,185.2042,0.0864,102.8923,0.0000,0.0000,0.0000,0.0000,0.0000,270.0021,0.0000,0.0000,0.0000,0.0000,0.0000,0.0000,0.0000,0.0000,0.0000,1,0,0,0,0,0.0000
3.3813,185.2042,0.0864,102.8923,0.0000,0.0000,0.0000,0.0000,0.0000,270.0021,0.0000,0.0000,0.0000,0.0000,0.0000,0.0000,0.0000,0.0000,0.0000,1,0,0,0,0,0.0000
3.4404,185.2042,0.0864,102.8923,0.0000,0.0000,0.0000,0.0000,0.0000,270.0021,0.0000,0.0000,0.0000,0.0000,0.0000,0.0000,0.0000,0.0000,0.0000,1,0,0,0,0,0.0000
3.4921,185.2042,0.0864,102.8923,0.0000,0.0000,0.0000,0.0000,0.0000,270.0021,0.0000,0.0000,0.0000,0.0000,0.0000,0.0000,0.0000,0.0000,0.0000,1,0,0,0,0,0.0000
3.5517,185.2042,0.0864,102.8923,0.0000,0.0000,0.0000,0.0000,0.0000,270.0021,0.0000,0.0000,0.0000,0.0000,0.0000,0.0000,0.0000,0.0000,0.0000,1,0,0,0,0,0.0000
3.6254,185.2042,0.0864,102.8923,0.0000,0.0000,0.0000,0.0000,0.0000,270.0021,0.0000,0.0000,0.0000,0.0000,0.0000,0.0000,0.0000,0.0000,0.0000,1,0,0,0,0,0.0000
3.6874,185.2042,0.0864,102.8923,0.0000,0.0000,0.0000,0.0000,0.0000,270.0021,0.0000,0.0000,0.0000,0.0000,0.0000,0.0000,0.0000,0.0000,0.0000,1,0,0,0,0,0.0000
3.7407,185.2042,0.0864,102.8923,0.0000,0.0000,0.0000,0.0000,0.0000,270.0021,0.0000,0.0000,0.0000,0.0000,0.0000,0.0000,0.0000,0.0000,0.0000,1,0,0,0,0,0.0000
3.7969,185.2042,0.0864,102.8923,0.0000,0.0000,0.0000,0.0000,0.0000,270.0021,0.0000,0.0000,0.0000,0.0000,0.0000,0.0000,0.0000,0.0000,0.0000,1,0,0,0,0,0.0000
3.8498,185.2042,0.0864,102.8923,0.0000,0.0000,0.0000,0.0000,0.0000,270.0021,0.0000,0.0000,0.0000,0.0000,0.0000,0.0000,0.0000,0.0000,0.0000,1,0,0,0,0,0.0000
3.9063,185.2042,0.0864,102.8923,0.0000,0.0000,0.0000,0.0000,0.0000,270.0021,0.0000,0.0000,0.0000,0.0000,0.0000,0.0000,0.0000,0.0000,0.0000,1,0,0,0,0,0.0000
3.9589,185.2042,0.0864,102.8923,0.0000,0.0000,0.0000,0.0000,0.0000,270.0021,0.0000,0.0000,0.0000,0.0000,0.0000,0.0000,0.0000,0.0000,0.0000,1,0,0,0,0,0.0000
4.0165,185.2042,0.0864,102.8923,0.0000,0.0000,0.0000,0.0000,0.0000,270.0021,0.0000,0.0000,0.0000,0.0000,0.0000,0.0000,0.0000,0.0000,0.0000,1,0,0,0,0,0.0000
4.0719,185.2042,0.0864,102.8923,0.0000,0.0000,0.0000,0.0000,0.0000,270.0021,0.0000,0.0000,0.0000,0.0000,0.0000,0.0000,0.0000,0.0000,0.0000,1,0,0,0,0,0.0000
4.1445,185.2042,0.0864,102.8923,0.0000,0.0000,0.0000,0.0000,0.0000,270.0021,0.0000,0.0000,0.0000,0.0000,0.0000,0.0000,0.0000,0.0000,0.0000,1,0,0,0,0,0.0000
4.1969,185.2042,0.0864,102.8923,0.0000,0.0000,0.0000,0.0000,0.0000,270.0021,0.0000,0.0000,0.0000,0.0000,0.0000,0.0000,0.0000,0.0000,0.0000,1,0,0,0,0,0.0000
4.2528,185.2042,0.0864,102.8923,0.0000,0.0000,0.0000,0.0000,0.0000,270.0021,0.0000,0.0000,0.0000,0.0000,0.0000,0.0000,0.0000,0.0000,0.0000,1,0,0,0,0,0.0000
4.3094,185.2042,0.0864,102.8923,0.0000,0.0000,0.0000,0.0000,0.0000,270.0021,0.0000,0.0000,0.0000,0.0000,0.0000,0.0000,0.0000,0.0000,0.0000,1,0,0,0,0,0.0000
4.3694,185.2042,0.0864,102.8923,0.0000,0.0000,0.0000,0.0000,0.0000,270.0021,0.0000,0.0000,0.0000,0.0000,0.0000,0.0000,0.0000,0.0000,0.0000,1,0,0,0,0,0.0000
4.4294,185.2042,0.0864,102.8923,0.0000,0.0000,0.0000,0.0000,0.0000,270.0021,0.0000,0.0000,0.0000,0.0000,0.0000,0.0000,0.0000,0.0000,0.0000,1,0,0,0,0,0.0000
4.4898,185.2042,0.0864,102.8923,0.0000,0.0000,0.0000,0.0000,0.0000,270.0021,0.0000,0.0000,0.0000,0.0000,0.0000,0.0000,0.0000,0.0000,0.0000,1,0,0,0,0,0.0000
4.5475,185.2042,0.0864,102.8923,0.0000,0.0000,0.0000,0.0000,0.0000,270.0021,0.0000,0.0000,0.0000,0.0000,0.0000,0.0000,0.0000,0.0000,0.0000,1,0,0,0,0,0.0000
4.6093,185.2042,0.0864,102.8923,0.0000,0.0000,0.0000,0.0000,0.0000,270.0021,0.0000,0.0000,0.0000,0.0000,0.0000,0.0000,0.0000,0.0000,0.0000,1,0,0,0,0,0.0000
4.6620,185.2042,0.0864,102.8923,0.0000,0.0000,0.0000,0.0000,0.0000,270.0021,0.0000,0.0000,0.0000,0.0000,0.0000,0.0000,0.0000,0.0000,0.0000,1,0,0,0,0,0.0000
4.7133,185.2042,0.0864,102.8923,0.0000,0.0000,0.0000,0.0000,0.0000,270.0021,0.0000,0.0000,0.0000,0.0000,0.0000,0.0000,0.0000,0.0000,0.0000,1,0,0,0,0,0.0000
4.7656,185.2042,0.0864,102.8923,0.0000,0.0000,0.0000,0.0000,0.0000,270.0021,0.0000,0.0000,0.0000,0.0000,0.0000,0.0000,0.0000,0.0000,0.0000,1,0,0,0,0,0.0000
4.8262,185.2042,0.0864,102.8923,0.0000,0.0000,0.0000,0.0000,0.0000,270.0021,0.0000,0.0000,0.0000,0.0000,0.0000,0.0000,0.0000,0.0000,0.0000,1,0,0,0,0,0.0000
4.8768,185.2042,0.0864,102.8923,0.0000,0.0000,0.0000,0.0000,0.0000,270.0021,0.0000,0.0000,0.0000,0.0000,0.0000,0.0000,0.0000,0.0000,0.0000,1,0,0,0,0,0.0000
4.9334,185.2042,0.0864,102.8923,0.0000,0.0000,0.0000,0.0000,0.0000,270.0021,0.0000,0.0000,0.0000,0.0000,0.0000,0.0000,0.0000,0.0000,0.0000,1,0,0,0,0,0.0000
4.9859,185.2042,0.0864,102.8923,0.0000,0.0000,0.0000,0.0000,0.0000,270.0021,0.0000,0.0000,0.0000,0.0000,0.0000,0.0000,0.0000,0.0000,0.0000,1,0,0,0,0,0.0000
5.0428,185.2042,0.0864,102.8923,0.0000,0.0000,0.0000,0.0000,0.0000,270.0021,0.0000,0.0000,0.0000,0.0000,0.0000,0.0000,0.0000,0.0000,0.0000,1,0,0,0,0,0.0000
5.0996,185.2042,0.0864,102.8923,0.0000,0.0000,0.0000,0.0000,0.0000,270.0021,0.0000,0.0000,0.0000,0.0000,0.0000,0.0000,0.0000,0.0000,0.0000,1,0,0,0,0,0.0000
5.1520,185.2042,0.0864,102.8923,0.0000,0.0000,0.0000,0.0000,0.0000,270.0021,0.0000,0.0000,0.0000,0.0000,0.0000,0.0000,0.0000,0.0000,0.0000,1,0,0,0,0,0.0000
5.2057,185.2042,0.0864,102.8923,0.0000,0.0000,0.0000,0.0000,0.0000,270.0021,0.0000,0.0000,0.0000,0.0000,0.0000,0.0000,0.0000,0.0000,0.0000,1,0,0,0,0,0.0000
5.2612,185.2042,0.0864,102.8923,0.0000,0.0000,0.0000,0.0000,0.0000,270.0021,0.0000,0.0000,0.0000,0.0000,0.0000,0.0000,0.0000,0.0000,0.0000,1,0,0,0,0,0.0000
5.3123,185.2042,0.0864,102.8923,0.0000,0.0000,0.0000,0.0000,0.0000,270.0021,0.0000,0.0000,0.0000,0.0000,0.0000,0.0000,0.0000,0.0000,0.0000,1,0,0,0,0,0.0000
5.3710,185.2042,0.0864,102.8923,0.0000,0.0000,0.0000,0.0000,0.0000,270.0021,0.0000,0.0000,0.0000,0.0000,0.0000,0.0000,0.0000,0.0000,0.0000,1,0,0,0,0,0.0000
5.4308,185.2042,0.0864,102.8923,0.0000,0.0000,0.0000,0.0000,0.0000,270.0021,0.0000,0.0000,0.0000,0.0000,0.0000,0.0000,0.0000,0.0000,0.0000,1,0,0,0,0,0.0000
5.4829,185.2042,0.0864,102.8923,0.0000,0.0000,0.0000,0.0000,0.0000,270.0021,0.0000,0.0000,0.0000,0.0000,0.0000,0.0000,0.0000,0.0000,0.0000,1,0,0,0,0,0.0000
5.5392,185.2042,0.0864,102.8923,0.0000,0.0000,0.0000,0.0000,0.0000,270.0021,0.0000,0.0000,0.0000,0.0000,0.0000,0.0000,0.0000,0.0000,0.0000,1,0,0,0,0,0.0000
5.5905,185.2042,0.0864,102.8923,0.0000,0.0000,0.0000,0.0000,0.0000,270.0021,0.0000,0.0000,0.0000,0.0000,0.0000,0.0000,0.0000,0.0000,0.0000,1,0,0,0,0,0.0000
5.6510,185.2042,0.0864,102.8923,0.0000,0.0000,0.0000,0.0000,0.0000,270.0021,0.0000,0.0000,0.0000,0.0000,0.0000,0.0000,0.0000,0.0000,0.0000,1,0,0,0,0,0.0000
5.7058,185.2042,0.0864,102.8923,0.0000,0.0000,0.0000,0.0000,0.0000,270.0021,0.0000,0.0000,0.0000,0.0000,0.0000,0.0000,0.0000,0.0000,0.0000,1,0,0,0,0,0.0000
5.7661,185.2042,0.0864,102.8923,0.0000,0.0000,0.0000,0.0000,0.0000,270.0021,0.0000,0.0000,0.0000,0.0000,0.0000,0.0000,0.0000,0.0000,0.0000,1,0,0,0,0,0.0000
5.8225,185.2042,0.0864,102.8923,0.0000,0.0000,0.0000,0.0000,0.0000,270.0021,0.0000,0.0000,0.0000,0.0000,0.0000,0.0000,0.0000,0.0000,0.0000,1,0,0,0,0,0.0000
5.8794,185.2042,0.0864,102.8923,0.0000,0.0000,0.0000,0.0000,0.0000,270.0021,0.0000,0.0000,0.0000,0.0000,0.0000,0.0000,0.0000,0.0000,0.0000,1,0,0,0,0,0.0000
5.9296,185.2042,0.0864,102.8923,0.0000,0.0000,0.0000,0.0000,0.0000,270.0021,0.0000,0.0000,0.0000,0.0000,0.0000,0.0000,0.0000,0.0000,0.0000,1,0,0,0,0,0.0000
5.9825,185.2042,0.0864,102.8923,0.0000,0.0000,0.0000,0.0000,0.0000,270.0021,0.0000,0.0000,0.0000,0.0000,0.0000,0.0000,0.0000,0.0000,0.0000,1,0,0,0,0,0.0000
6.0388,185.2042,0.0864,102.8923,0.0000,0.0000,0.0000,0.0000,0.0000,270.0021,0.0000,0.0000,0.0000,0.0000,0.0000,0.0000,0.0000,0.0000,0.0000,1,0,0,0,0,0.0000
6.0897,185.2042,0.0864,102.8923,0.0000,0.0000,0.0000,0.0000,0.0000,270.0021,0.0000,0.0000,0.0000,0.0000,0.0000,0.0000,0.0000,0.0000,0.0000,1,0,0,0,0,0.0000
6.1509,185.2042,0.0864,102.8923,0.0000,0.0000,0.0000,0.0000,0.0000,270.0021,0.0000,0.0000,0.0000,0.0000,0.0000,0.0000,0.0000,0.0000,0.0000,1,0,0,0,0,0.0000
6.2132,185.2042,0.0864,102.8923,0.0000,0.0000,0.0000,0.0000,0.0000,270.0021,0.0000,0.0000,0.0000,0.0000,0.0000,0.0000,0.0000,0.0000,0.0000,1,0,0,0,0,0.0000
6.2673,185.2042,0.0864,102.8923,0.0000,0.0000,0.0000,0.0000,0.0000,270.0021,0.0000,0.0000,0.0000,0.0000,0.0000,0.0000,0.0000,0.0000,0.0000,1,0,0,0,0,0.0000
6.3288,185.2042,0.0864,102.8923,0.0000,0.0000,0.0000,0.0000,0.0000,270.0021,0.0000,0.0000,0.0000,0.0000,0.0000,0.0000,0.0000,0.0000,0.0000,1,0,0,0,0,0.0000
6.3870,185.2042,0.0864,102.8923,0.0000,0.0000,0.0000,0.0000,0.0000,270.0021,0.0000,0.0000,0.0000,0.0000,0.0000,0.0000,0.0000,0.0000,0.0000,1,0,0,0,0,0.0000
6.4397,185.2042,0.0864,102.8923,0.0000,0.0000,0.0000,0.0000,0.0000,270.0021,0.0000,0.0000,0.0000,0.0000,0.0000,0.0000,0.0000,0.0000,0.0000,1,0,0,0,0,0.0000
6.4999,185.2042,0.0864,102.8923,0.0000,0.0000,0.0000,0.0000,0.0000,270.0021,0.0000,0.0000,0.0000,0.0000,0.0000,0.0000,0.0000,0.0000,0.0000,1,0,0,0,0,0.0000
6.5594,185.2042,0.0864,102.8923,0.0000,0.0000,0.0000,0.0000,0.0000,270.0021,0.0000,0.0000,0.0000,0.0000,0.0000,0.0000,0.0000,0.0000,0.0000,1,0,0,0,0,0.0000
6.6198,185.2042,0.0864,102.8923,0.0000,0.0000,0.0000,0.0000,0.0000,270.0021,0.0000,0.0000,0.0000,0.0000,0.0000,0.0000,0.0000,0.0000,0.0000,1,0,0,0,0,0.0000
6.6788,185.2042,0.0864,102.8923,0.0000,0.0000,0.0000,0.0000,0.0000,270.0021,0.0000,0.0000,0.0000,0.0000,0.0000,0.0000,0.0000,0.0000,0.0000,1,0,0,0,0,0.0000
6.7353,185.2042,0.0864,102.8923,0.0000,0.0000,0.0000,0.0000,0.0000,270.0021,0.0000,0.0000,0.0000,0.0000,0.0000,0.0000,0.0000,0.0000,0.0000,1,0,0,0,0,0.0000
6.7907,185.2042,0.0864,102.8923,0.0000,0.0000,0.0000,0.0000,0.0000,270.0021,0.0000,0.0000,0.0000,0.0000,0.0000,0.0000,0.0000,0.0000,0.0000,1,0,0,0,0,0.0000
6.8417,185.2042,0.0864,102.8923,0.0000,0.0000,0.0000,0.0000,0.0000,270.0021,0.0000,0.0000,0.0000,0.0000,0.0000,0.0000,0.0000,0.0000,0.0000,1,0,0,0,0,0.0000
6.9000,185.2042,0.0864,102.8923,0.0000,0.0000,0.0000,0.0000,0.0000,270.0021,0.0000,0.0000,0.0000,0.0000,0.0000,0.0000,0.0000,0.0000,0.0000,1,0,0,0,0,0.0000
6.9618,185.2042,0.0864,102.8923,0.0000,0.0000,0.0000,0.0000,0.0000,270.0021,0.0000,0.0000,0.0000,0.0000,0.0000,0.0000,0.0000,0.0000,0.0000,1,0,0,0,0,0.0000
7.0181,185.2042,0.0864,102.8923,0.0000,0.0000,0.0000,0.0000,0.0000,270.0021,0.0000,0.0000,0.0000,0.0000,0.0000,0.0000,0.0000,0.0000,0.0000,1,0,0,0,0,0.0000
7.0714,185.2042,0.0864,102.8923,0.0000,0.0000,0.0000,0.0000,0.0000,270.0021,0.0000,0.0000,0.0000,0.0000,0.0000,0.0000,0.0000,0.0000,0.0000,1,0,0,0,0,0.0000
7.1320,185.2042,0.0864,102.8923,0.0000,0.0000,0.0000,0.0000,0.0000,270.0021,0.0000,0.0000,0.0000,0.0000,0.0000,0.0000,0.0000,0.0000,0.0000,1,0,0,0,0,0.0000
7.1901,185.2042,0.0864,102.8923,0.0000,0.0000,0.0000,0.0000,0.0000,270.0021,0.0000,0.0000,0.0000,0.0000,0.0000,0.0000,0.0000,0.0000,0.0000,1,0,0,0,0,0.0000
7.2467,185.2042,0.0864,102.8923,0.0000,0.0000,0.0000,0.0000,0.0000,270.0021,0.0000,0.0000,0.0000,0.0000,0.0000,0.0000,0.0000,0.0000,0.0000,1,0,0,0,0,0.0000
7.3043,185.2042,0.0864,102.8923,0.0000,0.0000,0.0000,0.0000,0.0000,270.0021,0.0000,0.0000,0.0000,0.0000,0.0000,0.0000,0.0000,0.0000,0.0000,1,0,0,0,0,0.0000
7.3600,185.2042,0.0864,102.8923,0.0000,0.0000,0.0000,0.0000,0.0000,270.0021,0.0000,0.0000,0.0000,0.0000,0.0000,0.0000,0.0000,0.0000,0.0000,1,0,0,0,0,0.0000
7.4193,185.2042,0.0864,102.8923,0.0000,0.0000,0.0000,0.0000,0.0000,270.0021,0.0000,0.0000,0.0000,0.0000,0.0000,0.0000,0.0000,0.0000,0.0000,1,0,0,0,0,0.0000
7.4786,185.2042,0.0864,102.8923,0.0000,0.0000,0.0000,0.0000,0.0000,270.0021,0.0000,0.0000,0.0000,0.0000,0.0000,0.0000,0.0000,0.0000,0.0000,1,0,0,0,0,0.0000
7.5300,185.2042,0.0864,102.8923,0.0000,0.0000,0.0000,0.0000,0.0000,270.0021,0.0000,0.0000,0.0000,0.0000,0.0000,0.0000,0.0000,0.0000,0.0000,1,0,0,0,0,0.0000
7.5890,185.2042,0.0864,102.8923,0.0000,0.0000,0.0000,0.0000,0.0000,270.0021,0.0000,0.0000,0.0000,0.0000,0.0000,0.0000,0.0000,0.0000,0.0000,1,0,0,0,0,0.0000
7.6496,185.2042,0.0864,102.8923,0.0000,0.0000,0.0000,0.0000,0.0000,270.0021,0.0000,0.0000,0.0000,0.0000,0.0000,0.0000,0.0000,0.0000,0.0000,1,0,0,0,0,0.0000
7.7083,185.2042,0.0864,102.8923,0.0000,0.0000,0.0000,0.0000,0.0000,270.0021,0.0000,0.0000,0.0000,0.0000,0.0000,0.0000,0.0000,0.0000,0.0000,1,0,0,0,0,0.0000
7.7604,185.2042,0.0864,102.8923,0.0000,0.0000,0.0000,0.0000,0.0000,270.0021,0.0000,0.0000,0.0000,0.0000,0.0000,0.0000,0.0000,0.0000,0.0000,1,0,0,0,0,0.0000
7.8177,185.2042,0.0864,102.8923,0.0000,0.0000,0.0000,0.0000,0.0000,270.0021,0.0000,0.0000,0.0000,0.0000,0.0000,0.0000,0.0000,0.0000,0.0000,1,0,0,0,0,0.0000
7.8723,185.2042,0.0864,102.8923,0.0000,0.0000,0.0000,0.0000,0.0000,270.0021,0.0000,0.0000,0.0000,0.0000,0.0000,0.0000,0.0000,0.0000,0.0000,1,0,0,0,0,0.0000
7.9250,185.2042,0.0864,102.8923,0.0000,0.0000,0.0000,0.0000,0.0000,270.0021,0.0000,0.0000,0.0000,0.0000,0.0000,0.0000,0.0000,0.0000,0.0000,1,0,0,0,0,0.0000
7.9842,185.2042,0.0864,102.8923,0.0000,0.0000,0.0000,0.0000,0.0000,270.0021,0.0000,0.0000,0.0000,0.0000,0.0000,0.0000,0.0000,0.0000,0.0000,1,0,0,0,0,0.0000
8.0453,185.2042,0.0864,102.8923,0.0000,0.0000,0.0000,0.0000,0.0000,270.0021,0.0000,0.0000,0.0000,0.0000,0.0000,0.0000,0.0000,0.0000,0.0000,1,0,0,0,0,0.0000
8.1033,185.2042,0.0864,102.8923,0.0000,0.0000,0.0000,0.0000,0.0000,270.0021,0.0000,0.0000,0.0000,0.0000,0.0000,0.0000,0.0000,0.0000,0.0000,1,0,0,0,0,0.0000
8.1549,185.2042,0.0864,102.8923,0.0000,0.0000,0.0000,0.0000,0.0000,270.0021,0.0000,0.0000,0.0000,0.0000,0.0000,0.0000,0.0000,0.0000,0.0000,1,0,0,0,0,0.0000
8.2139,185.2042,0.0864,102.8923,0.0000,0.0000,0.0000,0.0000,0.0000,270.0021,0.0000,0.0000,0.0000,0.0000,0.0000,0.0000,0.0000,0.0000,0.0000,1,0,0,0,0,0.0000
8.2775,185.2042,0.0864,102.8923,0.0000,0.0000,0.0000,0.0000,0.0000,270.0021,0.0000,0.0000,0.0000,0.0000,0.0000,0.0000,0.0000,0.0000,0.0000,1,0,0,0,0,0.0000
8.3388,185.2042,0.0864,102.8923,0.0000,0.0000,0.0000,0.0000,0.0000,270.0021,0.0000,0.0000,0.0000,0.0000,0.0000,0.0000,0.0000,0.0000,0.0000,1,0,0,0,0,0.0000
8.4021,185.2042,0.0864,102.8923,0.0000,0.0000,0.0000,0.0000,0.0000,270.0021,0.0000,0.0000,0.0000,0.0000,0.0000,0.0000,0.0000,0.0000,0.0000,1,0,0,0,0,0.0000
8.4635,185.2042,0.0864,102.8923,0.0000,0.0000,0.0000,0.0000,0.0000,270.0021,0.0000,0.0000,0.0000,0.0000,0.0000,0.0000,0.0000,0.0000,0.0000,1,0,0,0,0,0.0000
8.5146,185.2042,0.0864,102.8923,0.0000,0.0000,0.0000,0.0000,0.0000,270.0021,0.0000,0.0000,0.0000,0.0000,0.0000,0.0000,0.0000,0.0000,0.0000,1,0,0,0,0,0.0000
8.5718,185.2042,0.0864,102.8923,0.0000,0.0000,0.0000,0.0000,0.0000,270.0021,0.0000,0.0000,0.0000,0.0000,0.0000,0.0000,0.0000,0.0000,0.0000,1,0,0,0,0,0.0000
8.6225,185.2042,0.0864,102.8923,0.0000,0.0000,0.0000,0.0000,0.0000,270.0021,0.0000,0.0000,0.0000,0.0000,0.0000,0.0000,0.0000,0.0000,0.0000,1,0,0,0,0,0.0000
8.6744,185.2042,0.0864,102.8923,0.0000,0.0000,0.0000,0.0000,0.0000,270.0021,0.0000,0.0000,0.0000,0.0000,0.0000,0.0000,0.0000,0.0000,0.0000,1,0,0,0,0,0.0000
8.7332,185.2042,0.0864,102.8923,0.0000,0.0000,0.0000,0.0000,0.0000,270.0021,0.0000,0.0000,0.0000,0.0000,0.0000,0.0000,0.0000,0.0000,0.0000,1,0,0,0,0,0.0000
8.7976,185.2042,0.0864,102.8923,0.0000,0.0000,0.0000,0.0000,0.0000,270.0021,0.0000,0.0000,0.0000,0.0000,0.0000,0.0000,0.0000,0.0000,0.0000,1,0,0,0,0,0.0000
8.8495,185.2042,0.0864,102.8923,0.0000,0.0000,0.0000,0.0000,0.0000,270.0021,0.0000,0.0000,0.0000,0.0000,0.0000,0.0000,0.0000,0.0000,0.0000,1,0,0,0,0,0.0000
8.9024,185.2042,0.0864,102.8923,0.0000,0.0000,0.0000,0.0000,0.0000,270.0021,0.0000,0.0000,0.0000,0.0000,0.0000,0.0000,0.0000,0.0000,0.0000,1,0,0,0,0,0.0000
8.9622,185.2042,0.0864,102.8923,0.0000,0.0000,0.0000,0.0000,0.0000,270.0021,0.0000,0.0000,0.0000,0.0000,0.0000,0.0000,0.0000,0.0000,0.0000,1,0,0,0,0,0.0000
9.0134,185.2042,0.0864,102.8923,0.0000,0.0000,0.0000,0.0000,0.0000,270.0021,0.0000,0.0000,0.0000,0.0000,0.0000,0.0000,0.0000,0.0000,0.0000,1,0,0,0,0,0.0000
9.0715,185.2042,0.0864,102.8923,0.0000,0.0000,0.0000,0.0000,0.0000,270.0021,0.0000,0.0000,0.0000,0.0000,0.0000,0.0000,0.0000,0.0000,0.0000,1,0,0,0,0,0.0000
9.1316,185.2042,0.0864,102.8923,0.0000,0.0000,0.0000,0.0000,0.0000,270.0021,0.0000,0.0000,0.0000,0.0000,0.0000,0.0000,0.0000,0.0000,0.0000,1,0,0,0,0,0.0000
9.1923,185.2042,0.0864,102.8923,0.0000,0.0000,0.0000,0.0000,0.0000,270.0021,0.0000,0.0000,0.0000,0.0000,0.0000,0.0000,0.0000,0.0000,0.0000,1,0,0,0,0,0.0000
9.2436,185.2042,0.0864,102.8923,0.0000,0.0000,0.0000,0.0000,0.0000,270.0021,0.0000,0.0000,0.0000,0.0000,0.0000,0.0000,0.0000,0.0000,0.0000,1,0,0,0,0,0.0000
9.3158,185.2042,0.0864,102.8923,0.0000,0.0000,0.0000,0.0000,0.0000,270.0021,0.0000,0.0000,0.0000,0.0000,0.0000,0.0000,0.0000,0.0000,0.0000,1,0,0,0,0,0.0000
9.3684,185.2042,0.0864,102.8923,0.0000,0.0000,0.0000,0.0000,0.0000,270.0021,0.0000,0.0000,0.0000,0.0000,0.0000,0.0000,0.0000,0.0000,0.0000,1,0,0,0,0,0.0000
9.4216,185.2042,0.0864,102.8923,0.0000,0.0000,0.0000,0.0000,0.0000,270.0021,0.0000,0.0000,0.0000,0.0000,0.0000,0.0000,0.0000,0.0000,0.0000,1,0,0,0,0,0.0000
9.4787,185.2042,0.0864,102.8923,0.0000,0.0000,0.0000,0.0000,0.0000,270.0021,0.0000,0.0000,0.0000,0.0000,0.0000,0.0000,0.0000,0.0000,0.0000,1,0,0,0,0,0.0000
9.5316,185.2042,0.0864,102.8923,0.0000,0.0000,0.0000,0.0000,0.0000,270.0021,0.0000,0.0000,0.0000,0.0000,0.0000,0.0000,0.0000,0.0000,0.0000,1,0,0,0,0,0.0000
9.5905,185.2042,0.0864,102.8923,0.0000,0.0000,0.0000,0.0000,0.0000,270.0021,0.0000,0.0000,0.0000,0.0000,0.0000,0.0000,0.0000,0.0000,0.0000,1,0,0,0,0,0.0000
9.6416,185.2042,0.0864,102.8923,0.0000,0.0000,0.0000,0.0000,0.0000,270.0021,0.0000,0.0000,0.0000,0.0000,0.0000,0.0000,0.0000,0.0000,0.0000,1,0,0,0,0,0.0000
9.7006,185.2042,0.0864,102.8923,0.0000,0.0000,0.0000,0.0000,0.0000,270.0021,0.0000,0.0000,0.0000,0.0000,0.0000,0.0000,0.0000,0.0000,0.0000,1,0,0,0,0,0.0000
9.7517,185.2042,0.0864,102.8923,0.0000,0.0000,0.0000,0.0000,0.0000,270.0021,0.0000,0.0000,0.0000,0.0000,0.0000,0.0000,0.0000,0.0000,0.0000,1,0,0,0,0,0.0000
9.8117,185.2042,0.0864,102.8923,0.0000,0.0000,0.0000,0.0000,0.0000,270.0021,0.0000,0.0000,0.0000,0.0000,0.0000,0.0000,0.0000,0.0000,0.0000,1,0,0,0,0,0.0000
9.8673,185.2042,0.0864,102.8923,0.0000,0.0000,0.0000,0.0000,0.0000,270.0021,0.0000,0.0000,0.0000,0.0000,0.0000,0.0000,0.0000,0.0000,0.0000,1,0,0,0,0,0.0000
9.9246,185.2042,0.0864,102.8923,0.0000,0.0000,0.0000,0.0000,0.0000,270.0021,0.0000,0.0000,0.0000,0.0000,0.0000,0.0000,0.0000,0.0000,0.0000,1,0,0,0,0,0.0000
9.9824,185.2042,0.0864,102.8923,0.0000,0.0000,0.0000,0.0000,0.0000,270.0021,0.0000,0.0000,0.0000,0.0000,0.0000,0.0000,0.0000,0.0000,0.0000,1,0,0,0,0,0.0000
10.0324,185.2042,0.0864,102.8923,0.0000,0.0000,0.0000,0.0000,0.0000,270.0021,0.0000,0.0000,0.0000,0.0000,0.0000,0.0000,0.0000,0.0000,0.0000,1,0,0,0,0,0.0000
10.0919,185.2042,0.0864,102.8923,0.0000,0.0000,0.0000,0.0000,0.0000,270.0021,0.0000,0.0000,0.0000,0.0000,0.0000,0.0000,0.0000,0.0000,0.0000,1,0,0,0,0,0.0000
10.1481,185.2042,0.0864,102.8923,0.0000,0.0000,0.0000,0.0000,0.0000,270.0021,0.0000,0.0000,0.0000,0.0000,0.0000,0.0000,0.0000,0.0000,0.0000,1,0,0,0,0,0.0000
10.2005,185.2042,0.0864,102.8923,0.0000,0.0000,0.0000,0.0000,0.0000,270.0021,0.0000,0.0000,0.0000,0.0000,0.0000,0.0000,0.0000,0.0000,0.0000,1,0,0,0,0,0.0000
10.2606,185.2042,0.0864,102.8923,0.0000,0.0000,0.0000,0.0000,0.0000,270.0021,0.0000,0.0000,0.0000,0.0000,0.0000,0.0000,0.0000,0.0000,0.0000,1,0,0,0,0,0.0000
10.3212,185.2042,0.0864,102.8923,0.0000,0.0000,0.0000,0.0000,0.0000,270.0021,0.0000,0.0000,0.0000,0.0000,0.0000,0.0000,0.0000,0.0000,0.0000,1,0,0,0,0,0.0000
10.3750,185.2042,0.0864,102.8923,0.0000,0.0000,0.0000,0.0000,0.0000,270.0021,0.0000,0.0000,0.0000,0.0000,0.0000,0.0000,0.0000,0.0000,0.0000,1,0,0,0,0,0.0000
10.4268,185.2042,0.0864,102.8923,0.0000,0.0000,0.0000,0.0000,0.0000,270.0021,0.0000,0.0000,0.0000,0.0000,0.0000,0.0000,0.0000,0.0000,0.0000,1,0,0,0,0,0.0000
10.4792,185.2042,0.0864,102.8923,0.0000,0.0000,0.0000,0.0000,0.0000,270.0021,0.0000,0.0000,0.0000,0.0000,0.0000,0.0000,0.0000,0.0000,0.0000,1,0,0,0,0,0.0000
10.5309,185.2042,0.0864,102.8923,0.0000,0.0000,0.0000,0.0000,0.0000,270.0021,0.0000,0.0000,0.0000,0.0000,0.0000,0.0000,0.0000,0.0000,0.0000,1,0,0,0,0,0.0000
10.5884,185.2042,0.0864,102.8923,0.0000,0.0000,0.0000,0.0000,0.0000,270.0021,0.0000,0.0000,0.0000,0.0000,0.0000,0.0000,0.0000,0.0000,0.0000,1,0,0,0,0,0.0000
10.6497,185.2042,0.0864,102.8923,0.0000,0.0000,0.0000,0.0000,0.0000,270.0021,0.0000,0.0000,0.0000,0.0000,0.0000,0.0000,0.0000,0.0000,0.0000,1,0,0,0,0,0.0000
10.7008,185.2042,0.0864,102.8923,0.0000,0.0000,0.0000,0.0000,0.0000,270.0021,0.0000,0.0000,0.0000,0.0000,0.0000,0.0000,0.0000,0.0000,0.0000,1,0,0,0,0,0.0000
10.7599,185.2042,0.0864,102.8923,0.0000,0.0000,0.0000,0.0000,0.0000,270.0021,0.0000,0.0000,0.0000,0.0000,0.0000,0.0000,0.0000,0.0000,0.0000,1,0,0,0,0,0.0000
10.8193,185.2042,0.0864,102.8923,0.0000,0.0000,0.0000,0.0000,0.0000,270.0021,0.0000,0.0000,0.0000,0.0000,0.0000,0.0000,0.0000,0.0000,0.0000,1,0,0,0,0,0.0000
10.8723,185.2042,0.0864,102.8923,0.0000,0.0000,0.0000,0.0000,0.0000,270.0021,0.0000,0.0000,0.0000,0.0000,0.0000,0.0000,0.0000,0.0000,0.0000,1,0,0,0,0,0.0000
10.9330,185.2042,0.0864,102.8923,0.0000,0.0000,0.0000,0.0000,0.0000,270.0021,0.0000,0.0000,0.0000,0.0000,0.0000,0.0000,0.0000,0.0000,0.0000,1,0,0,0,0,0.0000
10.9854,185.2042,0.0864,102.8923,0.0000,0.0000,0.0000,0.0000,0.0000,270.0021,0.0000,0.0000,0.0000,0.0000,0.0000,0.0000,0.0000,0.0000,0.0000,1,0,0,0,0,0.0000
11.0381,185.2042,0.0864,102.8923,0.0000,0.0000,0.0000,0.0000,0.0000,270.0021,0.0000,0.0000,0.0000,0.0000,0.0000,0.0000,0.0000,0.0000,0.0000,1,0,0,0,0,0.0000
11.0895,185.2042,0.0864,102.8923,0.0000,0.0000,0.0000,0.0000,0.0000,270.0021,0.0000,0.0000,0.0000,0.0000,0.0000,0.0000,0.0000,0.0000,0.0000,1,0,0,0,0,0.0000
11.1495,185.2042,0.0864,102.8923,0.0000,0.0000,0.0000,0.0000,0.0000,270.0021,0.0000,0.0000,0.0000,0.0000,0.0000,0.0000,0.0000,0.0000,0.0000,1,0,0,0,0,0.0000
11.2088,185.2042,0.0864,102.8923,0.0000,0.0000,0.0000,0.0000,0.0000,270.0021,0.0000,0.0000,0.0000,0.0000,0.0000,0.0000,0.0000,0.0000,0.0000,1,0,0,0,0,0.0000
11.2687,185.2042,0.0864,102.8923,0.0000,0.0000,0.0000,0.0000,0.0000,270.0021,0.0000,0.0000,0.0000,0.0000,0.0000,0.0000,0.0000,0.0000,0.0000,1,0,0,0,0,0.0000
11.3202,185.2042,0.0864,102.8923,0.0000,0.0000,0.0000,0.0000,0.0000,270.0021,0.0000,0.0000,0.0000,0.0000,0.0000,0.0000,0.0000,0.0000,0.0000,1,0,0,0,0,0.0000
11.3812,185.2042,0.0864,102.8923,0.0000,0.0000,0.0000,0.0000,0.0000,270.0021,0.0000,0.0000,0.0000,0.0000,0.0000,0.0000,0.0000,0.0000,0.0000,1,0,0,0,0,0.0000
11.4321,185.2042,0.0864,102.8923,0.0000,0.0000,0.0000,0.0000,0.0000,270.0021,0.0000,0.0000,0.0000,0.0000,0.0000,0.0000,0.0000,0.0000,0.0000,1,0,0,0,0,0.0000
11.4832,185.2042,0.0864,102.8923,0.0000,0.0000,0.0000,0.0000,0.0000,270.0021,0.0000,0.0000,0.0000,0.0000,0.0000,0.0000,0.0000,0.0000,0.0000,1,0,0,0,0,0.0000
11.5356,185.2042,0.0864,102.8923,0.0000,0.0000,0.0000,0.0000,0.0000,270.0021,0.0000,0.0000,0.0000,0.0000,0.0000,0.0000,0.0000,0.0000,0.0000,1,0,0,0,0,0.0000
11.5953,185.2042,0.0864,102.8923,0.0000,0.0000,0.0000,0.0000,0.0000,270.0021,0.0000,0.0000,0.0000,0.0000,0.0000,0.0000,0.0000,0.0000,0.0000,1,0,0,0,0,0.0000
11.6551,185.2042,0.0864,102.8923,0.0000,0.0000,0.0000,0.0000,0.0000,270.0021,0.0000,0.0000,0.0000,0.0000,0.0000,0.0000,0.0000,0.0000,0.0000,1,0,0,0,0,0.0000
11.7067,185.2042,0.0864,102.8923,0.0000,0.0000,0.0000,0.0000,0.0000,270.0021,0.0000,0.0000,0.0000,0.0000,0.0000,0.0000,0.0000,0.0000,0.0000,1,0,0,0,0,0.0000
11.7673,185.2042,0.0864,102.8923,0.0000,0.0000,0.0000,0.0000,0.0000,270.0021,0.0000,0.0000,0.0000,0.0000,0.0000,0.0000,0.0000,0.0000,0.0000,1,0,0,0,0,0.0000
11.8267,185.2042,0.0864,102.8923,0.0000,0.0000,0.0000,0.0000,0.0000,270.0021,0.0000,0.0000,0.0000,0.0000,0.0000,0.0000,0.0000,0.0000,0.0000,1,0,0,0,0,0.0000
11.8998,185.2042,0.0864,102.8923,0.0000,0.0000,0.0000,0.0000,0.0000,270.0021,0.0000,0.0000,0.0000,0.0000,0.0000,0.0000,0.0000,0.0000,0.0000,1,0,0,0,0,0.0000
11.9551,185.2042,0.0864,102.8923,0.0000,0.0000,0.0000,0.0000,0.0000,270.0021,0.0000,0.0000,0.0000,0.0000,0.0000,0.0000,0.0000,0.0000,0.0000,1,0,0,0,0,0.0000
12.0159,185.2042,0.0864,102.8923,0.0000,0.0000,0.0000,0.0000,0.0000,270.0021,0.0000,0.0000,0.0000,0.0000,0.0000,0.0000,0.0000,0.0000,0.0000,1,0,0,0,0,0.0000
12.0734,185.2042,0.0864,102.8923,0.0000,0.0000,0.0000,0.0000,0.0000,270.0021,0.0000,0.0000,0.0000,0.0000,0.0000,0.0000,0.0000,0.0000,0.0000,1,0,0,0,0,0.0000
12.1281,185.2042,0.0864,102.8923,0.0000,0.0000,0.0000,0.0000,0.0000,270.0021,0.0000,0.0000,0.0000,0.0000,0.0000,0.0000,0.0000,0.0000,0.0000,1,0,0,0,0,0.0000
12.1876,185.2042,0.0864,102.8923,0.0000,0.0000,0.0000,0.0000,0.0000,270.0021,0.0000,0.0000,0.0000,0.0000,0.0000,0.0000,0.0000,0.0000,0.0000,1,0,0,0,0,0.0000
12.2490,185.2042,0.0864,102.8923,0.0000,0.0000,0.0000,0.0000,0.0000,270.0021,0.0000,0.0000,0.0000,0.0000,0.0000,0.0000,0.0000,0.0000,0.0000,1,0,0,0,0,0.0000
12.2999,185.2042,0.0864,102.8923,0.0000,0.0000,0.0000,0.0000,0.0000,270.0021,0.0000,0.0000,0.0000,0.0000,0.0000,0.0000,0.0000,0.0000,0.0000,1,0,0,0,0,0.0000
12.3577,185.2042,0.0864,102.8923,0.0000,0.0000,0.0000,0.0000,0.0000,270.0021,0.0000,0.0000,0.0000,0.0000,0.0000,0.0000,0.0000,0.0000,0.0000,1,0,0,0,0,0.0000
12.4104,185.2042,0.0864,102.8923,0.0000,0.0000,0.0000,0.0000,0.0000,270.0021,0.0000,0.0000,0.0000,0.0000,0.0000,0.0000,0.0000,0.0000,0.0000,1,0,0,0,0,0.0000
12.4604,185.2042,0.0864,102.8923,0.0000,0.0000,0.0000,0.0000,0.0000,270.0021,0.0000,0.0000,0.0000,0.0000,0.0000,0.0000,0.0000,0.0000,0.0000,1,0,0,0,0,0.0000
12.5125,185.2042,0.0864,102.8923,0.0000,0.0000,0.0000,0.0000,0.0000,270.0021,0.0000,0.0000,0.0000,0.0000,0.0000,0.0000,0.0000,0.0000,0.0000,1,0,0,0,0,0.0000
12.5647,185.2042,0.0864,102.8923,0.0000,0.0000,0.0000,0.0000,0.0000,270.0021,0.0000,0.0000,0.0000,0.0000,0.0000,0.0000,0.0000,0.0000,0.0000,1,0,0,0,0,0.0000
12.6158,185.2042,0.0864,102.8923,0.0000,0.0000,0.0000,0.0000,0.0000,270.0021,0.0000,0.0000,0.0000,0.0000,0.0000,0.0000,0.0000,0.0000,0.0000,1,0,0,0,0,0.0000
12.6764,185.2042,0.0864,102.8923,0.0000,0.0000,0.0000,0.0000,0.0000,270.0021,0.0000,0.0000,0.0000,0.0000,0.0000,0.0000,0.0000,0.0000,0.0000,1,0,0,0,0,0.0000
12.7361,185.2042,0.0864,102.8923,0.0000,0.0000,0.0000,0.0000,0.0000,270.0021,0.0000,0.0000,0.0000,0.0000,0.0000,0.0000,0.0000,0.0000,0.0000,1,0,0,0,0,0.0000
12.7874,185.2042,0.0864,102.8923,0.0000,0.0000,0.0000,0.0000,0.0000,270.0021,0.0000,0.0000,0.0000,0.0000,0.0000,0.0000,0.0000,0.0000,0.0000,1,0,0,0,0,0.0000
12.8476,185.2042,0.0864,102.8923,0.0000,0.0000,0.0000,0.0000,0.0000,270.0021,0.0000,0.0000,0.0000,0.0000,0.0000,0.0000,0.0000,0.0000,0.0000,1,0,0,0,0,0.0000
12.9199,185.2042,0.0864,102.8923,0.0000,0.0000,0.0000,0.0000,0.0000,270.0021,0.0000,0.0000,0.0000,0.0000,0.0000,0.0000,0.0000,0.0000,0.0000,1,0,0,0,0,0.0000
12.9704,185.2042,0.0864,102.8923,0.0000,0.0000,0.0000,0.0000,0.0000,270.0021,0.0000,0.0000,0.0000,0.0000,0.0000,0.0000,0.0000,0.0000,0.0000,1,0,0,0,0,0.0000
13.0259,185.2042,0.0864,102.8923,0.0000,0.0000,0.0000,0.0000,0.0000,270.0021,0.0000,0.0000,0.0000,0.0000,0.0000,0.0000,0.0000,0.0000,0.0000,1,0,0,0,0,0.0000
13.0856,185.2042,0.0864,102.8923,0.0000,0.0000,0.0000,0.0000,0.0000,270.0021,0.0000,0.0000,0.0000,0.0000,0.0000,0.0000,0.0000,0.0000,0.0000,1,0,0,0,0,0.0000
13.1473,185.2042,0.0864,102.8923,0.0000,0.0000,0.0000,0.0000,0.0000,270.0021,0.0000,0.0000,0.0000,0.0000,0.0000,0.0000,0.0000,0.0000,0.0000,1,0,0,0,0,0.0000
13.2070,185.2042,0.0864,102.8923,0.0000,0.0000,0.0000,0.0000,0.0000,270.0021,0.0000,0.0000,0.0000,0.0000,0.0000,0.0000,0.0000,0.0000,0.0000,1,0,0,0,0,0.0000
13.2682,185.2042,0.0864,102.8923,0.0000,0.0000,0.0000,0.0000,0.0000,270.0021,0.0000,0.0000,0.0000,0.0000,0.0000,0.0000,0.0000,0.0000,0.0000,1,0,0,0,0,0.0000
13.3245,185.2042,0.0864,102.8923,0.0000,0.0000,0.0000,0.0000,0.0000,270.0021,0.0000,0.0000,0.0000,0.0000,0.0000,0.0000,0.0000,0.0000,0.0000,1,0,0,0,0,0.0000
13.3872,185.2042,0.0864,102.8923,0.0000,0.0000,0.0000,0.0000,0.0000,270.0021,0.0000,0.0000,0.0000,0.0000,0.0000,0.0000,0.0000,0.0000,0.0000,1,0,0,0,0,0.0000
13.4430,185.2042,0.0864,102.8923,0.0000,0.0000,0.0000,0.0000,0.0000,270.0021,0.0000,0.0000,0.0000,0.0000,0.0000,0.0000,0.0000,0.0000,0.0000,1,0,0,0,0,0.0000
13.4975,185.2042,0.0864,102.8923,0.0000,0.0000,0.0000,0.0000,0.0000,270.0021,0.0000,0.0000,0.0000,0.0000,0.0000,0.0000,0.0000,0.0000,0.0000,1,0,0,0,0,0.0000
13.5577,185.2042,0.0864,102.8923,0.0000,0.0000,0.0000,0.0000,0.0000,270.0021,0.0000,0.0000,0.0000,0.0000,0.0000,0.0000,0.0000,0.0000,0.0000,1,0,0,0,0,0.0000
13.6189,185.2042,0.0864,102.8923,0.0000,0.0000,0.0000,0.0000,0.0000,270.0021,0.0000,0.0000,0.0000,0.0000,0.0000,0.0000,0.0000,0.0000,0.0000,1,0,0,0,0,0.0000
13.6789,185.2042,0.0864,102.8923,0.0000,0.0000,0.0000,0.0000,0.0000,270.0021,0.0000,0.0000,0.0000,0.0000,0.0000,0.0000,0.0000,0.0000,0.0000,1,0,0,0,0,0.0000
13.7357,185.2042,0.0864,102.8923,0.0000,0.0000,0.0000,0.0000,0.0000,270.0021,0.0000,0.0000,0.0000,0.0000,0.0000,0.0000,0.0000,0.0000,0.0000,1,0,0,0,0,0.0000
13.7877,185.2042,0.0864,102.8923,0.0000,0.0000,0.0000,0.0000,0.0000,270.0021,0.0000,0.0000,0.0000,0.0000,0.0000,0.0000,0.0000,0.0000,0.0000,1,0,0,0,0,0.0000
13.8468,185.2042,0.0864,102.8923,0.0000,0.0000,0.0000,0.0000,0.0000,270.0021,0.0000,0.0000,0.0000,0.0000,0.0000,0.0000,0.0000,0.0000,0.0000,1,0,0,0,0,0.0000
13.9074,185.2042,0.0864,102.8923,0.0000,0.0000,0.0000,0.0000,0.0000,270.0021,0.0000,0.0000,0.0000,0.0000,0.0000,0.0000,0.0000,0.0000,0.0000,1,0,0,0,0,0.0000
13.9611,185.2042,0.0864,102.8923,0.0000,0.0000,0.0000,0.0000,0.0000,270.0021,0.0000,0.0000,0.0000,0.0000,0.0000,0.0000,0.0000,0.0000,0.0000,1,0,0,0,0,0.0000
14.0134,185.2042,0.0864,102.8923,0.0000,0.0000,0.0000,0.0000,0.0000,270.0021,0.0000,0.0000,0.0000,0.0000,0.0000,0.0000,0.0000,0.0000,0.0000,1,0,0,0,0,0.0000
14.0726,185.2042,0.0864,102.8923,0.0000,0.0000,0.0000,0.0000,0.0000,270.0021,0.0000,0.0000,0.0000,0.0000,0.0000,0.0000,0.0000,0.0000,0.0000,1,0,0,0,0,0.0000
14.1250,185.2042,0.0864,102.8923,0.0000,0.0000,0.0000,0.0000,0.0000,270.0021,0.0000,0.0000,0.0000,0.0000,0.0000,0.0000,0.0000,0.0000,0.0000,1,0,0,0,0,0.0000
14.1771,185.2042,0.0864,102.8923,0.0000,0.0000,0.0000,0.0000,0.0000,270.0021,0.0000,0.0000,0.0000,0.0000,0.0000,0.0000,0.0000,0.0000,0.0000,1,0,0,0,0,0.0000
14.2362,185.2042,0.0864,102.8923,0.0000,0.0000,0.0000,0.0000,0.0000,270.0021,0.0000,0.0000,0.0000,0.0000,0.0000,0.0000,0.0000,0.0000,0.0000,1,0,0,0,0,0.0000
14.2958,185.2042,0.0864,102.8923,0.0000,0.0000,0.0000,0.0000,0.0000,270.0021,0.0000,0.0000,0.0000,0.0000,0.0000,0.0000,0.0000,0.0000,0.0000,1,0,0,0,0,0.0000
14.3471,185.2042,0.0864,102.8923,0.0000,0.0000,0.0000,0.0000,0.0000,270.0021,0.0000,0.0000,0.0000,0.0000,0.0000,0.0000,0.0000,0.0000,0.0000,1,0,0,0,0,0.0000
14.4040,185.2042,0.0864,102.8923,0.0000,0.0000,0.0000,0.0000,0.0000,270.0021,0.0000,0.0000,0.0000,0.0000,0.0000,0.0000,0.0000,0.0000,0.0000,1,0,0,0,0,0.0000
14.4621,185.2042,0.0864,102.8923,0.0000,0.0000,0.0000,0.0000,0.0000,270.0021,0.0000,0.0000,0.0000,0.0000,0.0000,0.0000,0.0000,0.0000,0.0000,1,0,0,0,0,0.0000
14.5229,185.2042,0.0864,102.8923,0.0000,0.0000,0.0000,0.0000,0.0000,270.0021,0.0000,0.0000,0.0000,0.0000,0.0000,0.0000,0.0000,0.0000,0.0000,1,0,0,0,0,0.0000
14.5771,185.2042,0.0864,102.8923,0.0000,0.0000,0.0000,0.0000,0.0000,270.0021,0.0000,0.0000,0.0000,0.0000,0.0000,0.0000,0.0000,0.0000,0.0000,1,0,0,0,0,0.0000
14.6336,185.2042,0.0864,102.8923,0.0000,0.0000,0.0000,0.0000,0.0000,270.0021,0.0000,0.0000,0.0000,0.0000,0.0000,0.0000,0.0000,0.0000,0.0000,1,0,0,0,0,0.0000
14.6844,185.2042,0.0864,102.8923,0.0000,0.0000,0.0000,0.0000,0.0000,270.0021,0.0000,0.0000,0.0000,0.0000,0.0000,0.0000,0.0000,0.0000,0.0000,1,0,0,0,0,0.0000
14.7451,185.2042,0.0864,102.8923,0.0000,0.0000,0.0000,0.0000,0.0000,270.0021,0.0000,0.0000,0.0000,0.0000,0.0000,0.0000,0.0000,0.0000,0.0000,1,0,0,0,0,0.0000
14.7952,185.2042,0.0864,102.8923,0.0000,0.0000,0.0000,0.0000,0.0000,270.0021,0.0000,0.0000,0.0000,0.0000,0.0000,0.0000,0.0000,0.0000,0.0000,1,0,0,0,0,0.0000
14.8464,185.2042,0.0864,102.8923,0.0000,0.0000,0.0000,0.0000,0.0000,270.0021,0.0000,0.0000,0.0000,0.0000,0.0000,0.0000,0.0000,0.0000,0.0000,1,0,0,0,0,0.0000
14.9060,185.2042,0.0864,102.8923,0.0000,0.0000,0.0000,0.0000,0.0000,270.0021,0.0000,0.0000,0.0000,0.0000,0.0000,0.0000,0.0000,0.0000,0.0000,1,0,0,0,0,0.0000
14.9571,185.2042,0.0864,102.8923,0.0000,0.0000,0.0000,0.0000,0.0000,270.0021,0.0000,0.0000,0.0000,0.0000,0.0000,0.0000,0.0000,0.0000,0.0000,1,0,0,0,0,0.0000
15.0087,185.2042,0.0864,102.8923,0.0000,0.0000,0.0000,0.0000,0.0000,270.0021,0.0000,0.0000,0.0000,0.0000,0.0000,0.0000,0.0000,0.0000,0.0000,1,0,0,0,0,0.0000
15.0641,185.2042,0.0864,102.8923,0.0000,0.0000,0.0000,0.0000,0.0000,270.0021,0.0000,0.0000,0.0000,0.0000,0.0000,0.0000,0.0000,0.0000,0.0000,1,0,0,0,0,0.0000
15.1238,185.2042,0.0864,102.8923,0.0000,0.0000,0.0000,0.0000,0.0000,270.0021,0.0000,0.0000,0.0000,0.0000,0.0000,0.0000,0.0000,0.0000,0.0000,1,0,0,0,0,0.0000
15.1844,185.2042,0.0864,102.8923,0.0000,0.0000,0.0000,0.0000,0.0000,270.0021,0.0000,0.0000,0.0000,0.0000,0.0000,0.0000,0.0000,0.0000,0.0000,1,0,0,0,0,0.0000
15.2437,185.2042,0.0864,102.8923,0.0000,0.0000,0.0000,0.0000,0.0000,270.0021,0.0000,0.0000,0.0000,0.0000,0.0000,0.0000,0.0000,0.0000,0.0000,1,0,0,0,0,0.0000
15.2950,185.2042,0.0864,102.8923,0.0000,0.0000,0.0000,0.0000,0.0000,270.0021,0.0000,0.0000,0.0000,0.0000,0.0000,0.0000,0.0000,0.0000,0.0000,1,0,0,0,0,0.0000
15.3519,185.2042,0.0864,102.8923,0.0000,0.0000,0.0000,0.0000,0.0000,270.0021,0.0000,0.0000,0.0000,0.0000,0.0000,0.0000,0.0000,0.0000,0.0000,1,0,0,0,0,0.0000
15.4041,185.2042,0.0864,102.8923,0.0000,0.0000,0.0000,0.0000,0.0000,270.0021,0.0000,0.0000,0.0000,0.0000,0.0000,0.0000,0.0000,0.0000,0.0000,1,0,0,0,0,0.0000
15.4638,185.2042,0.0864,102.8923,0.0000,0.0000,0.0000,0.0000,0.0000,270.0021,0.0000,0.0000,0.0000,0.0000,0.0000,0.0000,0.0000,0.0000,0.0000,1,0,0,0,0,0.0000
15.5190,185.2042,0.0864,102.8923,0.0000,0.0000,0.0000,0.0000,0.0000,270.0021,0.0000,0.0000,0.0000,0.0000,0.0000,0.0000,0.0000,0.0000,0.0000,1,0,0,0,0,0.0000
15.5760,185.2042,0.0864,102.8923,0.0000,0.0000,0.0000,0.0000,0.0000,270.0021,0.0000,0.0000,0.0000,0.0000,0.0000,0.0000,0.0000,0.0000,0.0000,1,0,0,0,0,0.0000
15.6361,185.2042,0.0864,102.8923,0.0000,0.0000,0.0000,0.0000,0.0000,270.0021,0.0000,0.0000,0.0000,0.0000,0.0000,0.0000,0.0000,0.0000,0.0000,1,0,0,0,0,0.0000
15.6876,185.2042,0.0864,102.8923,0.0000,0.0000,0.0000,0.0000,0.0000,270.0021,0.0000,0.0000,0.0000,0.0000,0.0000,0.0000,0.0000,0.0000,0.0000,1,0,0,0,0,0.0000
15.7390,185.2042,0.0864,102.8923,0.0000,0.0000,0.0000,0.0000,0.0000,270.0021,0.0000,0.0000,0.0000,0.0000,0.0000,0.0000,0.0000,0.0000,0.0000,1,0,0,0,0,0.0000
15.8006,185.2042,0.0864,102.8923,0.0000,0.0000,0.0000,0.0000,0.0000,270.0021,0.0000,0.0000,0.0000,0.0000,0.0000,0.0000,0.0000,0.0000,0.0000,1,0,0,0,0,0.0000
15.8516,185.2042,0.0864,102.8923,0.0000,0.0000,0.0000,0.0000,0.0000,270.0021,0.0000,0.0000,0.0000,0.0000,0.0000,0.0000,0.0000,0.0000,0.0000,1,0,0,0,0,0.0000
15.9085,185.2042,0.0864,102.8923,0.0000,0.0000,0.0000,0.0000,0.0000,270.0021,0.0000,0.0000,0.0000,0.0000,0.0000,0.0000,0.0000,0.0000,0.0000,1,0,0,0,0,0.0000
15.9598,185.2042,0.0864,102.8923,0.0000,0.0000,0.0000,0.0000,0.0000,270.0021,0.0000,0.0000,0.0000,0.0000,0.0000,0.0000,0.0000,0.0000,0.0000,1,0,0,0,0,0.0000
16.0154,185.2042,0.0864,102.8923,0.0000,0.0000,0.0000,0.0000,0.0000,270.0021,0.0000,0.0000,0.0000,0.0000,0.0000,0.0000,0.0000,0.0000,0.0000,1,0,0,0,0,0.0000
16.0790,185.2042,0.0864,102.8923,0.0000,0.0000,0.0000,0.0000,0.0000,270.0021,0.0000,0.0000,0.0000,0.0000,0.0000,0.0000,0.0000,0.0000,0.0000,1,0,0,0,0,0.0000
16.1304,185.2042,0.0864,102.8923,0.0000,0.0000,0.0000,0.0000,0.0000,270.0021,0.0000,0.0000,0.0000,0.0000,0.0000,0.0000,0.0000,0.0000,0.0000,1,0,0,0,0,0.0000
16.1877,185.2042,0.0864,102.8923,0.0000,0.0000,0.0000,0.0000,0.0000,270.0021,0.0000,0.0000,0.0000,0.0000,0.0000,0.0000,0.0000,0.0000,0.0000,1,0,0,0,0,0.0000
16.2398,185.2042,0.0864,102.8923,0.0000,0.0000,0.0000,0.0000,0.0000,270.0021,0.0000,0.0000,0.0000,0.0000,0.0000,0.0000,0.0000,0.0000,0.0000,1,0,0,0,0,0.0000
16.2904,185.2042,0.0864,102.8923,0.0000,0.0000,0.0000,0.0000,0.0000,270.0021,0.0000,0.0000,0.0000,0.0000,0.0000,0.0000,0.0000,0.0000,0.0000,1,0,0,0,0,0.0000
16.3511,185.2042,0.0864,102.8923,0.0000,0.0000,0.0000,0.0000,0.0000,270.0021,0.0000,0.0000,0.0000,0.0000,0.0000,0.0000,0.0000,0.0000,0.0000,1,0,0,0,0,0.0000
16.4095,185.2042,0.0864,102.8923,0.0000,0.0000,0.0000,0.0000,0.0000,270.0021,0.0000,0.0000,0.0000,0.0000,0.0000,0.0000,0.0000,0.0000,0.0000,1,0,0,0,0,0.0000
16.4611,185.2042,0.0864,102.8923,0.0000,0.0000,0.0000,0.0000,0.0000,270.0021,0.0000,0.0000,0.0000,0.0000,0.0000,0.0000,0.0000,0.0000,0.0000,1,0,0,0,0,0.0000
16.5340,185.2042,0.0864,102.8923,0.0000,0.0000,0.0000,0.0000,0.0000,270.0021,0.0000,0.0000,0.0000,0.0000,0.0000,0.0000,0.0000,0.0000,0.0000,1,0,0,0,0,0.0000
16.5849,185.2042,0.0864,102.8923,0.0000,0.0000,0.0000,0.0000,0.0000,270.0021,0.0000,0.0000,0.0000,0.0000,0.0000,0.0000,0.0000,0.0000,0.0000,1,0,0,0,0,0.0000
16.6426,185.2042,0.0864,102.8923,0.0000,0.0000,0.0000,0.0000,0.0000,270.0021,0.0000,0.0000,0.0000,0.0000,0.0000,0.0000,0.0000,0.0000,0.0000,1,0,0,0,0,0.0000
16.6965,185.2042,0.0864,102.8923,0.0000,0.0000,0.0000,0.0000,0.0000,270.0021,0.0000,0.0000,0.0000,0.0000,0.0000,0.0000,0.0000,0.0000,0.0000,1,0,0,0,0,0.0000
16.7543,185.2042,0.0864,102.8923,0.0000,0.0000,0.0000,0.0000,0.0000,270.0021,0.0000,0.0000,0.0000,0.0000,0.0000,0.0000,0.0000,0.0000,0.0000,1,0,0,0,0,0.0000
16.8179,185.2042,0.0864,102.8923,0.0000,0.0000,0.0000,0.0000,0.0000,270.0021,0.0000,0.0000,0.0000,0.0000,0.0000,0.0000,0.0000,0.0000,0.0000,1,0,0,0,0,0.0000
16.8714,185.2042,0.0864,102.8923,0.0000,0.0000,0.0000,0.0000,0.0000,270.0021,0.0000,0.0000,0.0000,0.0000,0.0000,0.0000,0.0000,0.0000,0.0000,1,0,0,0,0,0.0000
16.9323,185.2042,0.0864,102.8923,0.0000,0.0000,0.0000,0.0000,0.0000,270.0021,0.0000,0.0000,0.0000,0.0000,0.0000,0.0000,0.0000,0.0000,0.0000,1,0,0,0,0,0.0000
16.9899,185.2042,0.0864,102.8923,0.0000,0.0000,0.0000,0.0000,0.0000,270.0021,0.0000,0.0000,0.0000,0.0000,0.0000,0.0000,0.0000,0.0000,0.0000,1,0,0,0,0,0.0000
17.0448,185.2042,0.0864,102.8923,0.0000,0.0000,0.0000,0.0000,0.0000,270.0021,0.0000,0.0000,0.0000,0.0000,0.0000,0.0000,0.0000,0.0000,0.0000,1,0,0,0,0,0.0000
17.0961,185.2042,0.0864,102.8923,0.0000,0.0000,0.0000,0.0000,0.0000,270.0021,0.0000,0.0000,0.0000,0.0000,0.0000,0.0000,0.0000,0.0000,0.0000,1,0,0,0,0,0.0000
17.1558,185.2042,0.0864,102.8923,0.0000,0.0000,0.0000,0.0000,0.0000,270.0021,0.0000,0.0000,0.0000,0.0000,0.0000,0.0000,0.0000,0.0000,0.0000,1,0,0,0,0,0.0000
17.2110,185.2042,0.0864,102.8923,0.0000,0.0000,0.0000,0.0000,0.0000,270.0021,0.0000,0.0000,0.0000,0.0000,0.0000,0.0000,0.0000,0.0000,0.0000,1,0,0,0,0,0.0000
17.2714,185.2042,0.0864,102.8923,0.0000,0.0000,0.0000,0.0000,0.0000,270.0021,0.0000,0.0000,0.0000,0.0000,0.0000,0.0000,0.0000,0.0000,0.0000,1,0,0,0,0,0.0000
17.3318,185.2042,0.0864,102.8923,0.0000,0.0000,0.0000,0.0000,0.0000,270.0021,0.0000,0.0000,0.0000,0.0000,0.0000,0.0000,0.0000,0.0000,0.0000,1,0,0,0,0,0.0000
17.3919,185.2042,0.0864,102.8923,0.0000,0.0000,0.0000,0.0000,0.0000,270.0021,0.0000,0.0000,0.0000,0.0000,0.0000,0.0000,0.0000,0.0000,0.0000,1,0,0,0,0,0.0000
17.4535,185.2042,0.0864,102.8923,0.0000,0.0000,0.0000,0.0000,0.0000,270.0021,0.0000,0.0000,0.0000,0.0000,0.0000,0.0000,0.0000,0.0000,0.0000,1,0,0,0,0,0.0000
17.5111,185.2042,0.0864,102.8923,0.0000,0.0000,0.0000,0.0000,0.0000,270.0021,0.0000,0.0000,0.0000,0.0000,0.0000,0.0000,0.0000,0.0000,0.0000,1,0,0,0,0,0.0000
17.5685,185.2042,0.0864,102.8923,0.0000,0.0000,0.0000,0.0000,0.0000,270.0021,0.0000,0.0000,0.0000,0.0000,0.0000,0.0000,0.0000,0.0000,0.0000,1,0,0,0,0,0.0000
17.6258,185.2042,0.0864,102.8923,0.0000,0.0000,0.0000,0.0000,0.0000,270.0021,0.0000,0.0000,0.0000,0.0000,0.0000,0.0000,0.0000,0.0000,0.0000,1,0,0,0,0,0.0000
17.6778,185.2042,0.0864,102.8923,0.0000,0.0000,0.0000,0.0000,0.0000,270.0021,0.0000,0.0000,0.0000,0.0000,0.0000,0.0000,0.0000,0.0000,0.0000,1,0,0,0,0,0.0000
17.7283,185.2042,0.0864,102.8923,0.0000,0.0000,0.0000,0.0000,0.0000,270.0021,0.0000,0.0000,0.0000,0.0000,0.0000,0.0000,0.0000,0.0000,0.0000,1,0,0,0,0,0.0000
17.7785,185.2042,0.0864,102.8923,0.0000,0.0000,0.0000,0.0000,0.0000,270.0021,0.0000,0.0000,0.0000,0.0000,0.0000,0.0000,0.0000,0.0000,0.0000,1,0,0,0,0,0.0000
17.8414,185.2042,0.0864,102.8923,0.0000,0.0000,0.0000,0.0000,0.0000,270.0021,0.0000,0.0000,0.0000,0.0000,0.0000,0.0000,0.0000,0.0000,0.0000,1,0,0,0,0,0.0000
17.9026,185.2042,0.0864,102.8923,0.0000,0.0000,0.0000,0.0000,0.0000,270.0021,0.0000,0.0000,0.0000,0.0000,0.0000,0.0000,0.0000,0.0000,0.0000,1,0,0,0,0,0.0000
17.9585,185.2042,0.0864,102.8923,0.0000,0.0000,0.0000,0.0000,0.0000,270.0021,0.0000,0.0000,0.0000,0.0000,0.0000,0.0000,0.0000,0.0000,0.0000,1,0,0,0,0,0.0000
18.0107,185.2042,0.0864,102.8923,0.0000,0.0000,0.0000,0.0000,0.0000,270.0021,0.0000,0.0000,0.0000,0.0000,0.0000,0.0000,0.0000,0.0000,0.0000,1,0,0,0,0,0.0000
18.0761,185.2042,0.0864,102.8923,0.0000,0.0000,0.0000,0.0000,0.0000,270.0021,0.0000,0.0000,0.0000,0.0000,0.0000,0.0000,0.0000,0.0000,0.0000,1,0,0,0,0,0.0000
18.1284,185.2042,0.0864,102.8923,0.0000,0.0000,0.0000,0.0000,0.0000,270.0021,0.0000,0.0000,0.0000,0.0000,0.0000,0.0000,0.0000,0.0000,0.0000,1,0,0,0,0,0.0000
18.1800,185.2042,0.0864,102.8923,0.0000,0.0000,0.0000,0.0000,0.0000,270.0021,0.0000,0.0000,0.0000,0.0000,0.0000,0.0000,0.0000,0.0000,0.0000,1,0,0,0,0,0.0000
18.2388,185.2042,0.0864,102.8923,0.0000,0.0000,0.0000,0.0000,0.0000,270.0021,0.0000,0.0000,0.0000,0.0000,0.0000,0.0000,0.0000,0.0000,0.0000,1,0,0,0,0,0.0000
18.2897,185.2042,0.0864,102.8923,0.0000,0.0000,0.0000,0.0000,0.0000,270.0021,0.0000,0.0000,0.0000,0.0000,0.0000,0.0000,0.0000,0.0000,0.0000,1,0,0,0,0,0.0000
18.3501,185.2042,0.0864,102.8923,0.0000,0.0000,0.0000,0.0000,0.0000,270.0021,0.0000,0.0000,0.0000,0.0000,0.0000,0.0000,0.0000,0.0000,0.0000,1,0,0,0,0,0.0000
18.4116,185.2042,0.0864,102.8923,0.0000,0.0000,0.0000,0.0000,0.0000,270.0021,0.0000,0.0000,0.0000,0.0000,0.0000,0.0000,0.0000,0.0000,0.0000,1,0,0,0,0,0.0000
18.4722,185.2042,0.0864,102.8923,0.0000,0.0000,0.0000,0.0000,0.0000,270.0021,0.0000,0.0000,0.0000,0.0000,0.0000,0.0000,0.0000,0.0000,0.0000,1,0,0,0,0,0.0000
18.5294,185.2042,0.0864,102.8923,0.0000,0.0000,0.0000,0.0000,0.0000,270.0021,0.0000,0.0000,0.0000,0.0000,0.0000,0.0000,0.0000,0.0000,0.0000,1,0,0,0,0,0.0000
18.5965,185.2042,0.0864,102.8923,0.0000,0.0000,0.0000,0.0000,0.0000,270.0021,0.0000,0.0000,0.0000,0.0000,0.0000,0.0000,0.0000,0.0000,0.0000,1,0,0,0,0,0.0000
18.6469,185.2042,0.0864,102.8923,0.0000,0.0000,0.0000,0.0000,0.0000,270.0021,0.0000,0.0000,0.0000,0.0000,0.0000,0.0000,0.0000,0.0000,0.0000,1,0,0,0,0,0.0000
18.6989,185.2042,0.0864,102.8923,0.0000,0.0000,0.0000,0.0000,0.0000,270.0021,0.0000,0.0000,0.0000,0.0000,0.0000,0.0000,0.0000,0.0000,0.0000,1,0,0,0,0,0.0000
18.7519,185.2042,0.0864,102.8923,0.0000,0.0000,0.0000,0.0000,0.0000,270.0021,0.0000,0.0000,0.0000,0.0000,0.0000,0.0000,0.0000,0.0000,0.0000,1,0,0,0,0,0.0000
18.8019,185.2042,0.0864,102.8923,0.0000,0.0000,0.0000,0.0000,0.0000,270.0021,0.0000,0.0000,0.0000,0.0000,0.0000,0.0000,0.0000,0.0000,0.0000,1,0,0,0,0,0.0000
18.8578,185.2042,0.0864,102.8923,0.0000,0.0000,0.0000,0.0000,0.0000,270.0021,0.0000,0.0000,0.0000,0.0000,0.0000,0.0000,0.0000,0.0000,0.0000,1,0,0,0,0,0.0000
18.9111,185.2042,0.0864,102.8923,0.0000,0.0000,0.0000,0.0000,0.0000,270.0021,0.0000,0.0000,0.0000,0.0000,0.0000,0.0000,0.0000,0.0000,0.0000,1,0,0,0,0,0.0000
18.9715,185.2042,0.0864,102.8923,0.0000,0.0000,0.0000,0.0000,0.0000,270.0021,0.0000,0.0000,0.0000,0.0000,0.0000,0.0000,0.0000,0.0000,0.0000,1,0,0,0,0,0.0000
19.0309,185.2042,0.0864,102.8923,0.0000,0.0000,0.0000,0.0000,0.0000,270.0021,0.0000,0.0000,0.0000,0.0000,0.0000,0.0000,0.0000,0.0000,0.0000,1,0,0,0,0,0.0000
19.1026,185.2042,0.0864,102.8923,0.0000,0.0000,0.0000,0.0000,0.0000,270.0021,0.0000,0.0000,0.0000,0.0000,0.0000,0.0000,0.0000,0.0000,0.0000,1,0,0,0,0,0.0000
19.1538,185.2042,0.0864,102.8923,0.0000,0.0000,0.0000,0.0000,0.0000,270.0021,0.0000,0.0000,0.0000,0.0000,0.0000,0.0000,0.0000,0.0000,0.0000,1,0,0,0,0,0.0000
19.2062,185.2042,0.0864,102.8923,0.0000,0.0000,0.0000,0.0000,0.0000,270.0021,0.0000,0.0000,0.0000,0.0000,0.0000,0.0000,0.0000,0.0000,0.0000,1,0,0,0,0,0.0000
19.2583,185.2042,0.0864,102.8923,0.0000,0.0000,0.0000,0.0000,0.0000,270.0021,0.0000,0.0000,0.0000,0.0000,0.0000,0.0000,0.0000,0.0000,0.0000,1,0,0,0,0,0.0000
19.3189,185.2042,0.0864,102.8923,0.0000,0.0000,0.0000,0.0000,0.0000,270.0021,0.0000,0.0000,0.0000,0.0000,0.0000,0.0000,0.0000,0.0000,0.0000,1,0,0,0,0,0.0000
19.3747,185.2042,0.0864,102.8923,0.0000,0.0000,0.0000,0.0000,0.0000,270.0021,0.0000,0.0000,0.0000,0.0000,0.0000,0.0000,0.0000,0.0000,0.0000,1,0,0,0,0,0.0000
19.4277,185.2042,0.0864,102.8923,0.0000,0.0000,0.0000,0.0000,0.0000,270.0021,0.0000,0.0000,0.0000,0.0000,0.0000,0.0000,0.0000,0.0000,0.0000,1,0,0,0,0,0.0000
19.4877,185.2042,0.0864,102.8923,0.0000,0.0000,0.0000,0.0000,0.0000,270.0021,0.0000,0.0000,0.0000,0.0000,0.0000,0.0000,0.0000,0.0000,0.0000,1,0,0,0,0,0.0000
19.5466,185.2042,0.0864,102.8923,0.0000,0.0000,0.0000,0.0000,0.0000,270.0021,0.0000,0.0000,0.0000,0.0000,0.0000,0.0000,0.0000,0.0000,0.0000,1,0,0,0,0,0.0000
19.6209,185.2042,0.0864,102.8923,0.0000,0.0000,0.0000,0.0000,0.0000,270.0021,0.0000,0.0000,0.0000,0.0000,0.0000,0.0000,0.0000,0.0000,0.0000,1,0,0,0,0,0.0000
19.6787,185.2042,0.0864,102.8923,0.0000,0.0000,0.0000,0.0000,0.0000,270.0021,0.0000,0.0000,0.0000,0.0000,0.0000,0.0000,0.0000,0.0000,0.0000,1,0,0,0,0,0.0000
19.7387,185.2042,0.0864,102.8923,0.0000,0.0000,0.0000,0.0000,0.0000,270.0021,0.0000,0.0000,0.0000,0.0000,0.0000,0.0000,0.0000,0.0000,0.0000,1,0,0,0,0,0.0000
19.7984,185.2042,0.0864,102.8923,0.0000,0.0000,0.0000,0.0000,0.0000,270.0021,0.0000,0.0000,0.0000,0.0000,0.0000,0.0000,0.0000,0.0000,0.0000,1,0,0,0,0,0.0000
19.8544,185.2042,0.0864,102.8923,0.0000,0.0000,0.0000,0.0000,0.0000,270.0021,0.0000,0.0000,0.0000,0.0000,0.0000,0.0000,0.0000,0.0000,0.0000,1,0,0,0,0,0.0000
19.9073,185.2042,0.0864,102.8923,0.0000,0.0000,0.0000,0.0000,0.0000,270.0021,0.0000,0.0000,0.0000,0.0000,0.0000,0.0000,0.0000,0.0000,0.0000,1,0,0,0,0,0.0000
19.9678,185.2042,0.0864,102.8923,0.0000,0.0000,0.0000,0.0000,0.0000,270.0021,0.0000,0.0000,0.0000,0.0000,0.0000,0.0000,0.0000,0.0000,0.0000,1,0,0,0,0,0.0000
20.0247,185.2042,0.0864,102.8923,0.0000,0.0000,0.0000,0.0000,0.0000,270.0021,0.0000,0.0000,0.0000,0.0000,0.0000,0.0000,0.0000,0.0000,0.0000,1,0,0,0,0,0.0000
20.0784,185.2042,0.0864,102.8923,0.0000,0.0000,0.0000,0.0000,0.0000,270.0021,0.0000,0.0000,0.0000,0.0000,0.0000,0.0000,0.0000,0.0000,0.0000,1,0,0,0,0,0.0000
20.1414,185.2042,0.0864,102.8923,0.0000,0.0000,0.0000,0.0000,0.0000,270.0021,0.0000,0.0000,0.0000,0.0000,0.0000,0.0000,0.0000,0.0000,0.0000,1,0,0,0,0,0.0000
20.2035,185.2042,0.0864,102.8923,0.0000,0.0000,0.0000,0.0000,0.0000,270.0021,0.0000,0.0000,0.0000,0.0000,0.0000,0.0000,0.0000,0.0000,0.0000,1,0,0,0,0,0.0000
20.2547,185.2042,0.0864,102.8923,0.0000,0.0000,0.0000,0.0000,0.0000,270.0021,0.0000,0.0000,0.0000,0.0000,0.0000,0.0000,0.0000,0.0000,0.0000,1,0,0,0,0,0.0000
20.3119,185.2042,0.0864,102.8923,0.0000,0.0000,0.0000,0.0000,0.0000,270.0021,0.0000,0.0000,0.0000,0.0000,0.0000,0.0000,0.0000,0.0000,0.0000,1,0,0,0,0,0.0000
20.3728,185.2042,0.0864,102.8923,0.0000,0.0000,0.0000,0.0000,0.0000,270.0021,0.0000,0.0000,0.0000,0.0000,0.0000,0.0000,0.0000,0.0000,0.0000,1,0,0,0,0,0.0000
20.4229,185.2042,0.0864,102.8923,0.0000,0.0000,0.0000,0.0000,0.0000,270.0021,0.0000,0.0000,0.0000,0.0000,0.0000,0.0000,0.0000,0.0000,0.0000,1,0,0,0,0,0.0000
20.4826,185.2042,0.0864,102.8923,0.0000,0.0000,0.0000,0.0000,0.0000,270.0021,0.0000,0.0000,0.0000,0.0000,0.0000,0.0000,0.0000,0.0000,0.0000,1,0,0,0,0,0.0000
20.5334,185.2042,0.0864,102.8923,0.0000,0.0000,0.0000,0.0000,0.0000,270.0021,0.0000,0.0000,0.0000,0.0000,0.0000,0.0000,0.0000,0.0000,0.0000,1,0,0,0,0,0.0000
20.5915,185.2042,0.0864,102.8923,0.0000,0.0000,0.0000,0.0000,0.0000,270.0021,0.0000,0.0000,0.0000,0.0000,0.0000,0.0000,0.0000,0.0000,0.0000,1,0,0,0,0,0.0000
20.6558,185.2042,0.0864,102.8923,0.0000,0.0000,0.0000,0.0000,0.0000,270.0021,0.0000,0.0000,0.0000,0.0000,0.0000,0.0000,0.0000,0.0000,0.0000,1,0,0,0,0,0.0000
20.7090,185.2042,0.0864,102.8923,0.0000,0.0000,0.0000,0.0000,0.0000,270.0021,0.0000,0.0000,0.0000,0.0000,0.0000,0.0000,0.0000,0.0000,0.0000,1,0,0,0,0,0.0000
20.7613,185.2042,0.0864,102.8923,0.0000,0.0000,0.0000,0.0000,0.0000,270.0021,0.0000,0.0000,0.0000,0.0000,0.0000,0.0000,0.0000,0.0000,0.0000,1,0,0,0,0,0.0000
20.8216,185.2042,0.0864,102.8923,0.0000,0.0000,0.0000,0.0000,0.0000,270.0021,0.0000,0.0000,0.0000,0.0000,0.0000,0.0000,0.0000,0.0000,0.0000,1,0,0,0,0,0.0000
20.8824,185.2042,0.0864,102.8923,0.0000,0.0000,0.0000,0.0000,0.0000,270.0021,0.0000,0.0000,0.0000,0.0000,0.0000,0.0000,0.0000,0.0000,0.0000,1,0,0,0,0,0.0000
20.9424,185.2042,0.0864,102.8923,0.0000,0.0000,0.0000,0.0000,0.0000,270.0021,0.0000,0.0000,0.0000,0.0000,0.0000,0.0000,0.0000,0.0000,0.0000,1,0,0,0,0,0.0000
21.0009,185.2042,0.0864,102.8923,0.0000,0.0000,0.0000,0.0000,0.0000,270.0021,0.0000,0.0000,0.0000,0.0000,0.0000,0.0000,0.0000,0.0000,0.0000,1,0,0,0,0,0.0000
21.0510,185.2042,0.0864,102.8923,0.0000,0.0000,0.0000,0.0000,0.0000,270.0021,0.0000,0.0000,0.0000,0.0000,0.0000,0.0000,0.0000,0.0000,0.0000,1,0,0,0,0,0.0000
21.1012,185.2042,0.0864,102.8923,0.0000,0.0000,0.0000,0.0000,0.0000,270.0021,0.0000,0.0000,0.0000,0.0000,0.0000,0.0000,0.0000,0.0000,0.0000,1,0,0,0,0,0.0000
21.1515,185.2042,0.0864,102.8923,0.0000,0.0000,0.0000,0.0000,0.0000,270.0021,0.0000,0.0000,0.0000,0.0000,0.0000,0.0000,0.0000,0.0000,0.0000,1,0,0,0,0,0.0000
21.2119,185.2042,0.0864,102.8923,0.0000,0.0000,0.0000,0.0000,0.0000,270.0021,0.0000,0.0000,0.0000,0.0000,0.0000,0.0000,0.0000,0.0000,0.0000,1,0,0,0,0,0.0000
21.2718,185.2042,0.0864,102.8923,0.0000,0.0000,0.0000,0.0000,0.0000,270.0021,0.0000,0.0000,0.0000,0.0000,0.0000,0.0000,0.0000,0.0000,0.0000,1,0,0,0,0,0.0000
21.3246,185.2042,0.0864,102.8923,0.0000,0.0000,0.0000,0.0000,0.0000,270.0021,0.0000,0.0000,0.0000,0.0000,0.0000,0.0000,0.0000,0.0000,0.0000,1,0,0,0,0,0.0000
21.3754,185.2042,0.0864,102.8923,0.0000,0.0000,0.0000,0.0000,0.0000,270.0021,0.0000,0.0000,0.0000,0.0000,0.0000,0.0000,0.0000,0.0000,0.0000,1,0,0,0,0,0.0000
21.4364,185.2042,0.0864,102.8923,0.0000,0.0000,0.0000,0.0000,0.0000,270.0021,0.0000,0.0000,0.0000,0.0000,0.0000,0.0000,0.0000,0.0000,0.0000,1,0,0,0,0,0.0000
21.4965,185.2042,0.0864,102.8923,0.0000,0.0000,0.0000,0.0000,0.0000,270.0021,0.0000,0.0000,0.0000,0.0000,0.0000,0.0000,0.0000,0.0000,0.0000,1,0,0,0,0,0.0000
21.5547,185.2042,0.0864,102.8923,0.0000,0.0000,0.0000,0.0000,0.0000,270.0021,0.0000,0.0000,0.0000,0.0000,0.0000,0.0000,0.0000,0.0000,0.0000,1,0,0,0,0,0.0000
21.6166,185.2042,0.0864,102.8923,0.0000,0.0000,0.0000,0.0000,0.0000,270.0021,0.0000,0.0000,0.0000,0.0000,0.0000,0.0000,0.0000,0.0000,0.0000,1,0,0,0,0,0.0000
21.6901,185.2042,0.0864,102.8923,0.0000,0.0000,0.0000,0.0000,0.0000,270.0021,0.0000,0.0000,0.0000,0.0000,0.0000,0.0000,0.0000,0.0000,0.0000,1,0,0,0,0,0.0000
21.7404,185.2042,0.0864,102.8923,0.0000,0.0000,0.0000,0.0000,0.0000,270.0021,0.0000,0.0000,0.0000,0.0000,0.0000,0.0000,0.0000,0.0000,0.0000,1,0,0,0,0,0.0000
21.7929,185.2042,0.0864,102.8923,0.0000,0.0000,0.0000,0.0000,0.0000,270.0021,0.0000,0.0000,0.0000,0.0000,0.0000,0.0000,0.0000,0.0000,0.0000,1,0,0,0,0,0.0000
21.8429,185.2042,0.0864,102.8923,0.0000,0.0000,0.0000,0.0000,0.0000,270.0021,0.0000,0.0000,0.0000,0.0000,0.0000,0.0000,0.0000,0.0000,0.0000,1,0,0,0,0,0.0000
21.9035,185.2042,0.0864,102.8923,0.0000,0.0000,0.0000,0.0000,0.0000,270.0021,0.0000,0.0000,0.0000,0.0000,0.0000,0.0000,0.0000,0.0000,0.0000,1,0,0,0,0,0.0000
21.9554,185.2042,0.0864,102.8923,0.0000,0.0000,0.0000,0.0000,0.0000,270.0021,0.0000,0.0000,0.0000,0.0000,0.0000,0.0000,0.0000,0.0000,0.0000,1,0,0,0,0,0.0000
22.0126,185.2042,0.0864,102.8923,0.0000,0.0000,0.0000,0.0000,0.0000,270.0021,0.0000,0.0000,0.0000,0.0000,0.0000,0.0000,0.0000,0.0000,0.0000,1,0,0,0,0,0.0000
22.0641,185.2042,0.0864,102.8923,0.0000,0.0000,0.0000,0.0000,0.0000,270.0021,0.0000,0.0000,0.0000,0.0000,0.0000,0.0000,0.0000,0.0000,0.0000,1,0,0,0,0,0.0000
22.1156,185.2042,0.0864,102.8923,0.0000,0.0000,0.0000,0.0000,0.0000,270.0021,0.0000,0.0000,0.0000,0.0000,0.0000,0.0000,0.0000,0.0000,0.0000,1,0,0,0,0,0.0000
22.1684,185.2042,0.0864,102.8923,0.0000,0.0000,0.0000,0.0000,0.0000,270.0021,0.0000,0.0000,0.0000,0.0000,0.0000,0.0000,0.0000,0.0000,0.0000,1,0,0,0,0,0.0000
22.2229,185.2042,0.0864,102.8923,0.0000,0.0000,0.0000,0.0000,0.0000,270.0021,0.0000,0.0000,0.0000,0.0000,0.0000,0.0000,0.0000,0.0000,0.0000,1,0,0,0,0,0.0000
22.2842,185.2042,0.0864,102.8923,0.0000,0.0000,0.0000,0.0000,0.0000,270.0021,0.0000,0.0000,0.0000,0.0000,0.0000,0.0000,0.0000,0.0000,0.0000,1,0,0,0,0,0.0000
22.3445,185.2042,0.0864,102.8923,0.0000,0.0000,0.0000,0.0000,0.0000,270.0021,0.0000,0.0000,0.0000,0.0000,0.0000,0.0000,0.0000,0.0000,0.0000,1,0,0,0,0,0.0000
22.4017,185.2042,0.0864,102.8923,0.0000,0.0000,0.0000,0.0000,0.0000,270.0021,0.0000,0.0000,0.0000,0.0000,0.0000,0.0000,0.0000,0.0000,0.0000,1,0,0,0,0,0.0000
22.4551,185.2042,0.0864,102.8923,0.0000,0.0000,0.0000,0.0000,0.0000,270.0021,0.0000,0.0000,0.0000,0.0000,0.0000,0.0000,0.0000,0.0000,0.0000,1,0,0,0,0,0.0000
22.5124,185.2042,0.0864,102.8923,0.0000,0.0000,0.0000,0.0000,0.0000,270.0021,0.0000,0.0000,0.0000,0.0000,0.0000,0.0000,0.0000,0.0000,0.0000,1,0,0,0,0,0.0000
22.5741,185.2042,0.0864,102.8923,0.0000,0.0000,0.0000,0.0000,0.0000,270.0021,0.0000,0.0000,0.0000,0.0000,0.0000,0.0000,0.0000,0.0000,0.0000,1,0,0,0,0,0.0000
22.6342,185.2042,0.0864,102.8923,0.0000,0.0000,0.0000,0.0000,0.0000,270.0021,0.0000,0.0000,0.0000,0.0000,0.0000,0.0000,0.0000,0.0000,0.0000,1,0,0,0,0,0.0000
22.6940,185.2042,0.0864,102.8923,0.0000,0.0000,0.0000,0.0000,0.0000,270.0021,0.0000,0.0000,0.0000,0.0000,0.0000,0.0000,0.0000,0.0000,0.0000,1,0,0,0,0,0.0000
22.7466,185.2042,0.0864,102.8923,0.0000,0.0000,0.0000,0.0000,0.0000,270.0021,0.0000,0.0000,0.0000,0.0000,0.0000,0.0000,0.0000,0.0000,0.0000,1,0,0,0,0,0.0000
22.7971,185.2042,0.0864,102.8923,0.0000,0.0000,0.0000,0.0000,0.0000,270.0021,0.0000,0.0000,0.0000,0.0000,0.0000,0.0000,0.0000,0.0000,0.0000,1,0,0,0,0,0.0000
22.8566,185.2042,0.0864,102.8923,0.0000,0.0000,0.0000,0.0000,0.0000,270.0021,0.0000,0.0000,0.0000,0.0000,0.0000,0.0000,0.0000,0.0000,0.0000,1,0,0,0,0,0.0000
22.9093,185.2042,0.0864,102.8923,0.0000,0.0000,0.0000,0.0000,0.0000,270.0021,0.0000,0.0000,0.0000,0.0000,0.0000,0.0000,0.0000,0.0000,0.0000,1,0,0,0,0,0.0000
22.9696,185.2042,0.0864,102.8923,0.0000,0.0000,0.0000,0.0000,0.0000,270.0021,0.0000,0.0000,0.0000,0.0000,0.0000,0.0000,0.0000,0.0000,0.0000,1,0,0,0,0,0.0000
23.0301,185.2042,0.0864,102.8923,0.0000,0.0000,0.0000,0.0000,0.0000,270.0021,0.0000,0.0000,0.0000,0.0000,0.0000,0.0000,0.0000,0.0000,0.0000,1,0,0,0,0,0.0000
23.0911,185.2042,0.0864,102.8923,0.0000,0.0000,0.0000,0.0000,0.0000,270.0021,0.0000,0.0000,0.0000,0.0000,0.0000,0.0000,0.0000,0.0000,0.0000,1,0,0,0,0,0.0000
23.1415,185.2042,0.0864,102.8923,0.0000,0.0000,0.0000,0.0000,0.0000,270.0021,0.0000,0.0000,0.0000,0.0000,0.0000,0.0000,0.0000,0.0000,0.0000,1,0,0,0,0,0.0000
23.1944,185.2042,0.0864,102.8923,0.0000,0.0000,0.0000,0.0000,0.0000,270.0021,0.0000,0.0000,0.0000,0.0000,0.0000,0.0000,0.0000,0.0000,0.0000,1,0,0,0,0,0.0000
23.2469,185.2042,0.0864,102.8923,0.0000,0.0000,0.0000,0.0000,0.0000,270.0021,0.0000,0.0000,0.0000,0.0000,0.0000,0.0000,0.0000,0.0000,0.0000,1,0,0,0,0,0.0000
23.3003,185.2042,0.0864,102.8923,0.0000,0.0000,0.0000,0.0000,0.0000,270.0021,0.0000,0.0000,0.0000,0.0000,0.0000,0.0000,0.0000,0.0000,0.0000,1,0,0,0,0,0.0000
23.3546,185.2042,0.0864,102.8923,0.0000,0.0000,0.0000,0.0000,0.0000,270.0021,0.0000,0.0000,0.0000,0.0000,0.0000,0.0000,0.0000,0.0000,0.0000,1,0,0,0,0,0.0000
23.4053,185.2042,0.0864,102.8923,0.0000,0.0000,0.0000,0.0000,0.0000,270.0021,0.0000,0.0000,0.0000,0.0000,0.0000,0.0000,0.0000,0.0000,0.0000,1,0,0,0,0,0.0000
23.4653,185.2042,0.0864,102.8923,0.0000,0.0000,0.0000,0.0000,0.0000,270.0021,0.0000,0.0000,0.0000,0.0000,0.0000,0.0000,0.0000,0.0000,0.0000,1,0,0,0,0,0.0000
23.5212,185.2042,0.0864,102.8923,0.0000,0.0000,0.0000,0.0000,0.0000,270.0021,0.0000,0.0000,0.0000,0.0000,0.0000,0.0000,0.0000,0.0000,0.0000,1,0,0,0,0,0.0000
23.5719,185.2042,0.0864,102.8923,0.0000,0.0000,0.0000,0.0000,0.0000,270.0021,0.0000,0.0000,0.0000,0.0000,0.0000,0.0000,0.0000,0.0000,0.0000,1,0,0,0,0,0.0000
23.6231,185.2042,0.0864,102.8923,0.0000,0.0000,0.0000,0.0000,0.0000,270.0021,0.0000,0.0000,0.0000,0.0000,0.0000,0.0000,0.0000,0.0000,0.0000,1,0,0,0,0,0.0000
23.6751,185.2042,0.0864,102.8923,0.0000,0.0000,0.0000,0.0000,0.0000,270.0021,0.0000,0.0000,0.0000,0.0000,0.0000,0.0000,0.0000,0.0000,0.0000,1,0,0,0,0,0.0000
23.7402,185.2042,0.0864,102.8923,0.0000,0.0000,0.0000,0.0000,0.0000,270.0021,0.0000,0.0000,0.0000,0.0000,0.0000,0.0000,0.0000,0.0000,0.0000,1,0,0,0,0,0.0000
23.7942,185.2042,0.0864,102.8923,0.0000,0.0000,0.0000,0.0000,0.0000,270.0021,0.0000,0.0000,0.0000,0.0000,0.0000,0.0000,0.0000,0.0000,0.0000,1,0,0,0,0,0.0000
23.8535,185.2042,0.0864,102.8923,0.0000,0.0000,0.0000,0.0000,0.0000,270.0021,0.0000,0.0000,0.0000,0.0000,0.0000,0.0000,0.0000,0.0000,0.0000,1,0,0,0,0,0.0000
23.9110,185.2042,0.0864,102.8923,0.0000,0.0000,0.0000,0.0000,0.0000,270.0021,0.0000,0.0000,0.0000,0.0000,0.0000,0.0000,0.0000,0.0000,0.0000,1,0,0,0,0,0.0000
23.9635,185.2042,0.0864,102.8923,0.0000,0.0000,0.0000,0.0000,0.0000,270.0021,0.0000,0.0000,0.0000,0.0000,0.0000,0.0000,0.0000,0.0000,0.0000,1,0,0,0,0,0.0000
24.0146,185.2042,0.0864,102.8923,0.0000,0.0000,0.0000,0.0000,0.0000,270.0021,0.0000,0.0000,0.0000,0.0000,0.0000,0.0000,0.0000,0.0000,0.0000,1,0,0,0,0,0.0000
24.1978,185.2042,0.0864,102.8923,0.0000,0.0000,0.0000,0.0000,0.0000,270.0021,0.0000,0.0000,0.0000,0.0000,0.0000,0.0000,0.0000,0.0000,0.0000,1,0,0,0,0,0.0000
24.2554,185.2042,0.0864,102.8923,0.0000,0.0000,0.0000,0.0000,0.0000,270.0021,0.0000,0.0000,0.0000,0.0000,0.0000,0.0000,0.0000,0.0000,0.0000,1,0,0,0,0,0.0000
24.3130,185.2042,0.0864,102.8923,0.0000,0.0000,0.0000,0.0000,0.0000,270.0021,0.0000,0.0000,0.0000,0.0000,0.0000,0.0000,0.0000,0.0000,0.0000,1,0,0,0,0,0.0000
24.3758,185.2042,0.0864,102.8923,0.0000,0.0000,0.0000,0.0000,0.0000,270.0021,0.0000,0.0000,0.0000,0.0000,0.0000,0.0000,0.0000,0.0000,0.0000,1,0,0,0,0,0.0000
24.4303,185.2042,0.0864,102.8923,0.0000,0.0000,0.0000,0.0000,0.0000,270.0021,0.0000,0.0000,0.0000,0.0000,0.0000,0.0000,0.0000,0.0000,0.0000,1,0,0,0,0,0.0000
24.4843,185.2042,0.0864,102.8923,0.0000,0.0000,0.0000,0.0000,0.0000,270.0021,0.0000,0.0000,0.0000,0.0000,0.0000,0.0000,0.0000,0.0000,0.0000,1,0,0,0,0,0.0000
24.5481,185.2042,0.0864,102.8923,0.0000,0.0000,0.0000,0.0000,0.0000,270.0021,0.0000,0.0000,0.0000,0.0000,0.0000,0.0000,0.0000,0.0000,0.0000,1,0,0,0,0,0.0000
24.6108,185.2042,0.0864,102.8923,0.0000,0.0000,0.0000,0.0000,0.0000,270.0021,0.0000,0.0000,0.0000,0.0000,0.0000,0.0000,0.0000,0.0000,0.0000,1,0,0,0,0,0.0000
24.6707,185.2042,0.0864,102.8923,0.0000,0.0000,0.0000,0.0000,0.0000,270.0021,0.0000,0.0000,0.0000,0.0000,0.0000,0.0000,0.0000,0.0000,0.0000,1,0,0,0,0,0.0000
24.7370,185.2042,0.0864,102.8923,0.0000,0.0000,0.0000,0.0000,0.0000,270.0021,0.0000,0.0000,0.0000,0.0000,0.0000,0.0000,0.0000,0.0000,0.0000,1,0,0,0,0,0.0000
24.7909,185.2042,0.0864,102.8923,0.0000,0.0000,0.0000,0.0000,0.0000,270.0021,0.0000,0.0000,0.0000,0.0000,0.0000,0.0000,0.0000,0.0000,0.0000,1,0,0,0,0,0.0000
24.8490,185.2042,0.0864,102.8923,0.0000,0.0000,0.0000,0.0000,0.0000,270.0021,0.0000,0.0000,0.0000,0.0000,0.0000,0.0000,0.0000,0.0000,0.0000,1,0,0,0,0,0.0000
24.8997,185.2042,0.0864,102.8923,0.0000,0.0000,0.0000,0.0000,0.0000,270.0021,0.0000,0.0000,0.0000,0.0000,0.0000,0.0000,0.0000,0.0000,0.0000,1,0,0,0,0,0.0000
24.9504,185.2042,0.0864,102.8923,0.0000,0.0000,0.0000,0.0000,0.0000,270.0021,0.0000,0.0000,0.0000,0.0000,0.0000,0.0000,0.0000,0.0000,0.0000,1,0,0,0,0,0.0000
25.0073,185.2042,0.0864,102.8923,0.0000,0.0000,0.0000,0.0000,0.0000,270.0021,0.0000,0.0000,0.0000,0.0000,0.0000,0.0000,0.0000,0.0000,0.0000,1,0,0,0,0,0.0000
25.0677,185.2042,0.0864,102.8923,0.0000,0.0000,0.0000,0.0000,0.0000,270.0021,0.0000,0.0000,0.0000,0.0000,0.0000,0.0000,0.0000,0.0000,0.0000,1,0,0,0,0,0.0000
25.1282,185.2042,0.0864,102.8923,0.0000,0.0000,0.0000,0.0000,0.0000,270.0021,0.0000,0.0000,0.0000,0.0000,0.0000,0.0000,0.0000,0.0000,0.0000,1,0,0,0,0,0.0000
25.1853,185.2042,0.0864,102.8923,0.0000,0.0000,0.0000,0.0000,0.0000,270.0021,0.0000,0.0000,0.0000,0.0000,0.0000,0.0000,0.0000,0.0000,0.0000,1,0,0,0,0,0.0000
25.2369,185.2042,0.0864,102.8923,0.0000,0.0000,0.0000,0.0000,0.0000,270.0021,0.0000,0.0000,0.0000,0.0000,0.0000,0.0000,0.0000,0.0000,0.0000,1,0,0,0,0,0.0000
25.2879,185.2042,0.0864,102.8923,0.0000,0.0000,0.0000,0.0000,0.0000,270.0021,0.0000,0.0000,0.0000,0.0000,0.0000,0.0000,0.0000,0.0000,0.0000,1,0,0,0,0,0.0000
25.3411,185.2042,0.0864,102.8923,0.0000,0.0000,0.0000,0.0000,0.0000,270.0021,0.0000,0.0000,0.0000,0.0000,0.0000,0.0000,0.0000,0.0000,0.0000,1,0,0,0,0,0.0000
25.4014,185.2042,0.0864,102.8923,0.0000,0.0000,0.0000,0.0000,0.0000,270.0021,0.0000,0.0000,0.0000,0.0000,0.0000,0.0000,0.0000,0.0000,0.0000,1,0,0,0,0,0.0000
25.4576,185.2042,0.0864,102.8923,0.0000,0.0000,0.0000,0.0000,0.0000,270.0021,0.0000,0.0000,0.0000,0.0000,0.0000,0.0000,0.0000,0.0000,0.0000,1,0,0,0,0,0.0000
25.5100,185.2042,0.0864,102.8923,0.0000,0.0000,0.0000,0.0000,0.0000,270.0021,0.0000,0.0000,0.0000,0.0000,0.0000,0.0000,0.0000,0.0000,0.0000,1,0,0,0,0,0.0000
25.5626,185.2042,0.0864,102.8923,0.0000,0.0000,0.0000,0.0000,0.0000,270.0021,0.0000,0.0000,0.0000,0.0000,0.0000,0.0000,0.0000,0.0000,0.0000,1,0,0,0,0,0.0000
25.6200,185.2042,0.0864,102.8923,0.0000,0.0000,0.0000,0.0000,0.0000,270.0021,0.0000,0.0000,0.0000,0.0000,0.0000,0.0000,0.0000,0.0000,0.0000,1,0,0,0,0,0.0000
25.6719,185.2042,0.0864,102.8923,0.0000,0.0000,0.0000,0.0000,0.0000,270.0021,0.0000,0.0000,0.0000,0.0000,0.0000,0.0000,0.0000,0.0000,0.0000,1,0,0,0,0,0.0000
25.7294,185.2042,0.0864,102.8923,0.0000,0.0000,0.0000,0.0000,0.0000,270.0021,0.0000,0.0000,0.0000,0.0000,0.0000,0.0000,0.0000,0.0000,0.0000,1,0,0,0,0,0.0000
25.7820,185.2042,0.0864,102.8923,0.0000,0.0000,0.0000,0.0000,0.0000,270.0021,0.0000,0.0000,0.0000,0.0000,0.0000,0.0000,0.0000,0.0000,0.0000,1,0,0,0,0,0.0000
25.8471,185.2042,0.0864,102.8923,0.0000,0.0000,0.0000,0.0000,0.0000,270.0021,0.0000,0.0000,0.0000,0.0000,0.0000,0.0000,0.0000,0.0000,0.0000,1,0,0,0,0,0.0000
25.8977,185.2042,0.0864,102.8923,0.0000,0.0000,0.0000,0.0000,0.0000,270.0021,0.0000,0.0000,0.0000,0.0000,0.0000,0.0000,0.0000,0.0000,0.0000,1,0,0,0,0,0.0000
25.9544,185.2042,0.0864,102.8923,0.0000,0.0000,0.0000,0.0000,0.0000,270.0021,0.0000,0.0000,0.0000,0.0000,0.0000,0.0000,0.0000,0.0000,0.0000,1,0,0,0,0,0.0000
26.0144,185.2042,0.0864,102.8923,0.0000,0.0000,0.0000,0.0000,0.0000,270.0021,0.0000,0.0000,0.0000,0.0000,0.0000,0.0000,0.0000,0.0000,0.0000,1,0,0,0,0,0.0000
26.0711,185.2042,0.0864,102.8923,0.0000,0.0000,0.0000,0.0000,0.0000,270.0021,0.0000,0.0000,0.0000,0.0000,0.0000,0.0000,0.0000,0.0000,0.0000,1,0,0,0,0,0.0000
26.1222,185.2042,0.0864,102.8923,0.0000,0.0000,0.0000,0.0000,0.0000,270.0021,0.0000,0.0000,0.0000,0.0000,0.0000,0.0000,0.0000,0.0000,0.0000,1,0,0,0,0,0.0000
26.1724,185.2042,0.0864,102.8923,0.0000,0.0000,0.0000,0.0000,0.0000,270.0021,0.0000,0.0000,0.0000,0.0000,0.0000,0.0000,0.0000,0.0000,0.0000,1,0,0,0,0,0.0000
26.2244,185.2042,0.0864,102.8923,0.0000,0.0000,0.0000,0.0000,0.0000,270.0021,0.0000,0.0000,0.0000,0.0000,0.0000,0.0000,0.0000,0.0000,0.0000,1,0,0,0,0,0.0000
26.2812,185.2042,0.0864,102.8923,0.0000,0.0000,0.0000,0.0000,0.0000,270.0021,0.0000,0.0000,0.0000,0.0000,0.0000,0.0000,0.0000,0.0000,0.0000,1,0,0,0,0,0.0000
26.3344,185.2042,0.0864,102.8923,0.0000,0.0000,0.0000,0.0000,0.0000,270.0021,0.0000,0.0000,0.0000,0.0000,0.0000,0.0000,0.0000,0.0000,0.0000,1,0,0,0,0,0.0000
26.3978,185.2042,0.0864,102.8923,0.0000,0.0000,0.0000,0.0000,0.0000,270.0021,0.0000,0.0000,0.0000,0.0000,0.0000,0.0000,0.0000,0.0000,0.0000,1,0,0,0,0,0.0000
26.4526,185.2042,0.0864,102.8923,0.0000,0.0000,0.0000,0.0000,0.0000,270.0021,0.0000,0.0000,0.0000,0.0000,0.0000,0.0000,0.0000,0.0000,0.0000,1,0,0,0,0,0.0000
26.5073,185.2042,0.0864,102.8923,0.0000,0.0000,0.0000,0.0000,0.0000,270.0021,0.0000,0.0000,0.0000,0.0000,0.0000,0.0000,0.0000,0.0000,0.0000,1,0,0,0,0,0.0000
26.5609,185.2042,0.0864,102.8923,0.0000,0.0000,0.0000,0.0000,0.0000,270.0021,0.0000,0.0000,0.0000,0.0000,0.0000,0.0000,0.0000,0.0000,0.0000,1,0,0,0,0,0.0000
26.6235,185.2042,0.0864,102.8923,0.0000,0.0000,0.0000,0.0000,0.0000,270.0021,0.0000,0.0000,0.0000,0.0000,0.0000,0.0000,0.0000,0.0000,0.0000,1,0,0,0,0,0.0000
26.6738,185.2042,0.0864,102.8923,0.0000,0.0000,0.0000,0.0000,0.0000,270.0021,0.0000,0.0000,0.0000,0.0000,0.0000,0.0000,0.0000,0.0000,0.0000,1,0,0,0,0,0.0000
26.7304,185.2042,0.0864,102.8923,0.0000,0.0000,0.0000,0.0000,0.0000,270.0021,0.0000,0.0000,0.0000,0.0000,0.0000,0.0000,0.0000,0.0000,0.0000,1,0,0,0,0,0.0000
26.7876,185.2042,0.0864,102.8923,0.0000,0.0000,0.0000,0.0000,0.0000,270.0021,0.0000,0.0000,0.0000,0.0000,0.0000,0.0000,0.0000,0.0000,0.0000,1,0,0,0,0,0.0000
26.8471,185.2042,0.0864,102.8923,0.0000,0.0000,0.0000,0.0000,0.0000,270.0021,0.0000,0.0000,0.0000,0.0000,0.0000,0.0000,0.0000,0.0000,0.0000,1,0,0,0,0,0.0000
26.9011,185.2042,0.0864,102.8923,0.0000,0.0000,0.0000,0.0000,0.0000,270.0021,0.0000,0.0000,0.0000,0.0000,0.0000,0.0000,0.0000,0.0000,0.0000,1,0,0,0,0,0.0000
26.9546,185.2042,0.0864,102.8923,0.0000,0.0000,0.0000,0.0000,0.0000,270.0021,0.0000,0.0000,0.0000,0.0000,0.0000,0.0000,0.0000,0.0000,0.0000,1,0,0,0,0,0.0000
27.0163,185.2042,0.0864,102.8923,0.0000,0.0000,0.0000,0.0000,0.0000,270.0021,0.0000,0.0000,0.0000,0.0000,0.0000,0.0000,0.0000,0.0000,0.0000,1,0,0,0,0,0.0000
27.0709,185.2042,0.0864,102.8923,0.0000,0.0000,0.0000,0.0000,0.0000,270.0021,0.0000,0.0000,0.0000,0.0000,0.0000,0.0000,0.0000,0.0000,0.0000,1,0,0,0,0,0.0000
27.1308,185.2042,0.0864,102.8923,0.0000,0.0000,0.0000,0.0000,0.0000,270.0021,0.0000,0.0000,0.0000,0.0000,0.0000,0.0000,0.0000,0.0000,0.0000,1,0,0,0,0,0.0000
27.1961,185.2042,0.0864,102.8923,0.0000,0.0000,0.0000,0.0000,0.0000,270.0021,0.0000,0.0000,0.0000,0.0000,0.0000,0.0000,0.0000,0.0000,0.0000,1,0,0,0,0,0.0000
27.2497,185.2042,0.0864,102.8923,0.0000,0.0000,0.0000,0.0000,0.0000,270.0021,0.0000,0.0000,0.0000,0.0000,0.0000,0.0000,0.0000,0.0000,0.0000,1,0,0,0,0,0.0000
27.3072,185.2042,0.0864,102.8923,0.0000,0.0000,0.0000,0.0000,0.0000,270.0021,0.0000,0.0000,0.0000,0.0000,0.0000,0.0000,0.0000,0.0000,0.0000,1,0,0,0,0,0.0000
27.3653,185.2042,0.0864,102.8923,0.0000,0.0000,0.0000,0.0000,0.0000,270.0021,0.0000,0.0000,0.0000,0.0000,0.0000,0.0000,0.0000,0.0000,0.0000,1,0,0,0,0,0.0000
27.4171,185.2042,0.0864,102.8923,0.0000,0.0000,0.0000,0.0000,0.0000,270.0021,0.0000,0.0000,0.0000,0.0000,0.0000,0.0000,0.0000,0.0000,0.0000,1,0,0,0,0,0.0000
27.4740,185.2042,0.0864,102.8923,0.0000,0.0000,0.0000,0.0000,0.0000,270.0021,0.0000,0.0000,0.0000,0.0000,0.0000,0.0000,0.0000,0.0000,0.0000,1,0,0,0,0,0.0000
27.5241,185.2042,0.0864,102.8923,0.0000,0.0000,0.0000,0.0000,0.0000,270.0021,0.0000,0.0000,0.0000,0.0000,0.0000,0.0000,0.0000,0.0000,0.0000,1,0,0,0,0,0.0000
27.5841,185.2042,0.0864,102.8923,0.0000,0.0000,0.0000,0.0000,0.0000,270.0021,0.0000,0.0000,0.0000,0.0000,0.0000,0.0000,0.0000,0.0000,0.0000,1,0,0,0,0,0.0000
27.6441,185.2042,0.0864,102.8923,0.0000,0.0000,0.0000,0.0000,0.0000,270.0021,0.0000,0.0000,0.0000,0.0000,0.0000,0.0000,0.0000,0.0000,0.0000,1,0,0,0,0,0.0000
27.6998,185.2042,0.0864,102.8923,0.0000,0.0000,0.0000,0.0000,0.0000,270.0021,0.0000,0.0000,0.0000,0.0000,0.0000,0.0000,0.0000,0.0000,0.0000,1,0,0,0,0,0.0000
27.7568,185.2042,0.0864,102.8923,0.0000,0.0000,0.0000,0.0000,0.0000,270.0021,0.0000,0.0000,0.0000,0.0000,0.0000,0.0000,0.0000,0.0000,0.0000,1,0,0,0,0,0.0000
27.8184,185.2042,0.0864,102.8923,0.0000,0.0000,0.0000,0.0000,0.0000,270.0021,0.0000,0.0000,0.0000,0.0000,0.0000,0.0000,0.0000,0.0000,0.0000,1,0,0,0,0,0.0000
27.8692,185.2042,0.0864,102.8923,0.0000,0.0000,0.0000,0.0000,0.0000,270.0021,0.0000,0.0000,0.0000,0.0000,0.0000,0.0000,0.0000,0.0000,0.0000,1,0,0,0,0,0.0000
27.9249,185.2042,0.0864,102.8923,0.0000,0.0000,0.0000,0.0000,0.0000,270.0021,0.0000,0.0000,0.0000,0.0000,0.0000,0.0000,0.0000,0.0000,0.0000,1,0,0,0,0,0.0000
27.9867,185.2042,0.0864,102.8923,0.0000,0.0000,0.0000,0.0000,0.0000,270.0021,0.0000,0.0000,0.0000,0.0000,0.0000,0.0000,0.0000,0.0000,0.0000,1,0,0,0,0,0.0000
28.0428,185.2042,0.0864,102.8923,0.0000,0.0000,0.0000,0.0000,0.0000,270.0021,0.0000,0.0000,0.0000,0.0000,0.0000,0.0000,0.0000,0.0000,0.0000,1,0,0,0,0,0.0000
28.0961,185.2042,0.0864,102.8923,0.0000,0.0000,0.0000,0.0000,0.0000,270.0021,0.0000,0.0000,0.0000,0.0000,0.0000,0.0000,0.0000,0.0000,0.0000,1,0,0,0,0,0.0000
28.1524,185.2042,0.0864,102.8923,0.0000,0.0000,0.0000,0.0000,0.0000,270.0021,0.0000,0.0000,0.0000,0.0000,0.0000,0.0000,0.0000,0.0000,0.0000,1,0,0,0,0,0.0000
28.2026,185.2042,0.0864,102.8923,0.0000,0.0000,0.0000,0.0000,0.0000,270.0021,0.0000,0.0000,0.0000,0.0000,0.0000,0.0000,0.0000,0.0000,0.0000,1,0,0,0,0,0.0000
28.2548,185.2042,0.0864,102.8923,0.0000,0.0000,0.0000,0.0000,0.0000,270.0021,0.0000,0.0000,0.0000,0.0000,0.0000,0.0000,0.0000,0.0000,0.0000,1,0,0,0,0,0.0000
28.3060,185.2042,0.0864,102.8923,0.0000,0.0000,0.0000,0.0000,0.0000,270.0021,0.0000,0.0000,0.0000,0.0000,0.0000,0.0000,0.0000,0.0000,0.0000,1,0,0,0,0,0.0000
28.3588,185.2042,0.0864,102.8923,0.0000,0.0000,0.0000,0.0000,0.0000,270.0021,0.0000,0.0000,0.0000,0.0000,0.0000,0.0000,0.0000,0.0000,0.0000,1,0,0,0,0,0.0000
28.4116,185.2042,0.0864,102.8923,0.0000,0.0000,0.0000,0.0000,0.0000,270.0021,0.0000,0.0000,0.0000,0.0000,0.0000,0.0000,0.0000,0.0000,0.0000,1,0,0,0,0,0.0000
28.4638,185.2042,0.0864,102.8923,0.0000,0.0000,0.0000,0.0000,0.0000,270.0021,0.0000,0.0000,0.0000,0.0000,0.0000,0.0000,0.0000,0.0000,0.0000,1,0,0,0,0,0.0000
28.5148,185.2042,0.0864,102.8923,0.0001,0.0003,0.0000,0.0001,0.0014,270.0023,0.0024,0.0000,0.0000,0.0000,0.0000,0.0000,0.0000,0.0000,0.0000,1,0,0,0,0,0.0001
28.5712,185.2042,0.0864,102.8923,0.0001,0.0003,0.0000,0.0001,0.0000,270.0027,0.0070,0.0000,0.0000,0.0000,0.0000,0.0000,0.0000,0.0000,0.0000,1,0,0,0,0,0.0004
28.6308,185.2042,0.0864,102.8923,0.0001,0.0003,0.0000,0.0001,0.0000,270.0031,0.0082,0.0000,0.0000,0.0000,0.0000,0.0000,0.0000,0.0000,0.0000,1,0,0,0,0,0.0005
28.6859,185.2043,0.0864,102.8924,0.0001,0.0003,0.0000,0.0001,0.0000,270.0035,0.0072,0.0000,0.0000,0.0000,0.0000,0.0000,0.0000,0.0000,0.0000,1,0,0,0,0,0.0004
28.7386,185.2042,0.0864,102.8923,0.0001,0.0003,0.0000,0.0001,0.0000,270.0039,0.0075,0.0000,0.0000,0.0000,0.0000,0.0000,0.0000,0.0000,0.0000,1,0,0,0,0,0.0004
28.7921,185.2042,0.0864,102.8923,0.0001,0.0003,0.0000,0.0001,0.0000,270.0042,0.0057,0.0000,0.0000,0.0000,0.0000,0.0000,0.0000,0.0000,0.0000,1,0,0,0,0,0.0003
28.8444,185.2042,0.0864,102.8923,0.0001,0.0003,0.0000,0.0001,0.0000,270.0045,0.0041,0.0000,0.0000,0.0000,0.0000,0.0000,0.0000,0.0000,0.0000,1,0,0,0,0,0.0002
28.8988,185.2042,0.0864,102.8923,0.0001,0.0003,0.0000,0.0001,0.0000,270.0048,0.0056,0.0000,0.0000,0.0000,0.0000,0.0000,0.0000,0.0000,0.0000,1,0,0,0,0,0.0003
28.9643,185.2042,0.0864,102.8923,0.0001,0.0003,0.0000,0.0001,0.0000,270.0051,0.0056,-1.0000,0.0000,0.0000,-0.3754,-2.5824,39.4500,0.0000,0.0000,1,0,0,0,0,2.1920
29.0179,185.2043,0.0864,102.8924,0.0001,0.0003,0.0000,0.0001,0.0000,270.0054,0.0057,-1.0000,0.0000,0.0000,-0.6532,-17.1645,271.8876,0.0000,0.0000,1,0,0,0,0,10.0003
29.0731,185.2042,0.0864,102.8923,0.0001,0.0003,0.0000,0.0001,0.0000,270.0057,0.0055,-1.0000,0.0000,0.0000,-0.8074,-31.7159,263.6545,0.0000,0.0000,1,0,0,0,0,10.0003
29.1305,185.2042,0.0864,102.8923,0.0008,0.0028,-0.0002,0.0007,0.0122,269.8898,-2.0173,-1.0000,1.0000,0.0000,-0.8931,-41.6346,172.5828,0.3754,0.0000,1,0,0,0,0,9.7000
29.1889,185.2038,0.0864,102.8922,0.0364,0.1310,0.0364,0.0014,0.6110,269.5444,-5.9246,-1.0000,1.0000,0.0000,-0.9406,-48.3515,115.2063,0.6532,0.0000,1,0,0,0,0,6.7295
29.2411,185.1961,0.0864,102.8919,0.2944,1.0600,0.2944,0.0015,4.9406,269.0449,-9.5633,-1.0000,1.0000,0.0000,-0.9670,-53.0141,89.2725,0.8074,0.0000,1,0,0,0,0,5.4909
29.2929,185.1722,0.0864,102.8913,0.6146,2.2125,0.6146,0.0002,6.1842,268.5457,-9.6423,-1.0000,1.0000,0.0000,-0.9794,-55.5008,48.0339,0.8797,0.0000,1,0,0,0,0,3.2103
29.3457,185.1254,0.0864,102.8897,1.0967,3.9479,1.0966,0.0043,9.1230,267.8074,-13.9717,-1.0000,1.0000,0.0000,-0.9886,-57.1817,31.8095,0.9332,0.0000,1,0,0,0,0,2.6028
29.4046,185.0427,0.0864,102.8863,1.7426,6.2733,1.7426,0.0081,10.9621,267.1089,-11.8553,0.0000,1.0000,0.0000,-0.4880,-49.6754,127.3865,0.9670,0.0000,1,0,1,0,0,27.8056
29.4780,184.8910,0.0864,102.8786,2.4266,8.7357,2.4266,0.0081,9.3215,266.7075,-5.4695,0.0000,1.0000,0.0000,-0.2409,-36.1612,184.1720,0.9837,0.0000,1,0,1,0,0,30.3540
29.5307,184.7477,0.0864,102.8704,3.0114,10.8411,3.0114,0.0064,11.0976,266.5098,-3.7513,0.0000,1.0000,0.0000,-0.1338,-21.7840,272.8123,0.9910,0.0000,1,0,1,0,0,30.2403
29.5880,184.5585,0.0864,102.8588,3.6035,12.9724,3.6035,0.0040,10.3296,266.3873,-2.1373,0.0000,1.0000,0.0000,-0.0743,-13.3022,147.9883,0.9950,0.0000,1,0,1,0,0,28.3572
29.6412,184.3517,0.0864,102.8458,4.1994,15.1180,4.1994,0.0217,11.2152,266.7020,5.9220,1.0000,1.0000,0.0000,0.4035,-2.3333,206.4129,0.9972,0.0000,1,0,1,0,0,30.4064
29.7024,184.0757,0.0864,102.8290,4.7975,17.2708,4.7970,0.0691,9.7584,267.5355,13.6002,1.0000,1.0000,0.0000,0.6688,16.8549,313.1177,0.9985,0.0000,1,0,1,0,0,30.9716
29.7633,183.7613,0.0864,102.8131,5.5159,19.8574,5.5142,0.1379,11.8126,268.9969,24.0279,1.0000,1.0000,0.0000,0.8365,32.0542,249.8926,0.9992,0.0000,1,0,1,0,0,31.7099
29.8144,183.4665,0.0864,102.8028,5.9945,21.5802,5.9916,0.1867,9.3658,270.1732,23.0208,1.0000,1.0000,0.0000,0.8979,41.4241,183.3772,0.9995,0.0000,1,0,1,0,0,31.7460
29.8749,183.0804,0.0864,102.7973,6.7113,24.1608,6.7062,0.2621,11.8425,272.1671,32.9403,1.0000,1.0000,0.0000,0.9496,49.0558,126.0788,0.9998,0.0000,1,0,1,0,0,29.4203
29.9261,182.7230,0.0864,102.8009,7.3071,26.3056,7.2998,0.3266,11.6270,274.0018,35.8057,1.0000,1.0000,0.0000,0.9720,53.1781,80.4493,0.9999,0.0000,1,0,0,0,0,7.1291
29.9888,182.2472,0.0864,102.8193,7.9019,28.4468,7.8952,0.3254,9.4826,275.3886,22.1100,0.0000,1.0000,0.0000,0.5397,51.9430,19.6917,0.9999,0.0000,1,0,0,0,0,2.9400
30.0467,181.7722,0.0864,102.8508,8.4981,30.5931,8.4937,0.2729,10.3118,276.1975,13.9895,0.0000,1.0000,0.0000,0.2997,35.0245,292.6193,1.0000,0.0000,1,0,1,0,0,31.2588
30.1023,181.2816,0.0864,102.8933,9.0962,32.7463,9.0937,0.2111,10.7443,276.6671,8.4367,0.0000,1.0000,0.0000,0.1664,24.8259,183.2106,1.0000,0.0000,1,0,1,0,0,30.8168
30.1539,180.7979,0.0864,102.9418,9.6956,34.9041,9.6943,0.1562,11.6246,276.9383,5.2599,0.0000,1.0000,0.0000,0.0924,15.7502,176.0179,1.0000,0.0000,1,0,1,0,0,30.3127
30.2076,180.2645,0.0864,103.0003,10.2956,37.0640,10.2938,0.1904,11.1738,277.5840,12.0256,1.0000,1.0000,0.0000,0.4267,14.1486,29.8280,1.0000,0.0000,1,0,0,0,0,2.6025
30.2587,179.7287,0.0864,103.0644,10.8943,39.2194,10.8889,0.3418,11.7127,279.0925,29.5105,1.0000,1.0000,0.0000,0.6817,22.6261,165.8460,1.0000,0.0000,1,0,1,0,0,31.3237
30.3144,179.1138,0.0864,103.1481,11.4892,41.3610,11.4772,0.5244,10.6747,281.1472,36.8688,1.0000,1.0000,0.0000,0.8232,34.0923,205.7500,1.0000,0.0000,1,0,1,0,0,32.7330
30.3718,178.4492,0.0864,103.2564,12.0762,43.4742,12.0604,0.6178,10.2340,283.3834,38.9875,0.0000,1.0000,0.0000,0.6922,42.5228,146.9813,1.0000,0.0000,1,0,1,0,0,31.0990
30.4298,177.7467,0.0864,103.3969,12.6646,45.5924,12.6515,0.5745,10.1414,284.7931,24.2964,0.0000,1.0000,0.0000,0.3843,37.6354,84.2372,1.0000,0.0000,1,0,0,0,0,6.7101
30.5040,176.8033,0.0864,103.6164,13.4949,48.5816,13.4881,0.4275,11.1873,285.8192,13.8249,0.0000,1.0000,0.0000,0.1687,26.5364,149.5413,1.0000,0.0000,1,0,1,0,0,29.5510
30.5683,175.9447,0.0864,103.8380,14.0919,50.7309,14.0894,0.2693,9.2874,285.9862,2.5978,-1.0000,1.0000,0.0000,-0.1160,14.7361,183.5671,1.0000,0.0000,1,0,1,0,0,30.4309
30.6243,175.1647,0.0864,104.0487,14.6921,52.8915,14.6917,0.1013,10.7276,284.7778,-21.6001,-1.0000,1.0000,0.0000,-0.5091,-5.1318,355.1357,1.0000,0.0000,1,0,1,0,0,31.3034
30.6747,174.4376,0.0864,104.2424,14.9619,53.8629,14.9530,0.5165,5.3469,282.6034,-43.0878,-1.0000,1.0000,0.0000,-0.7274,-20.3967,302.4863,1.0000,0.0000,1,0,1,0,0,32.9116
30.7287,173.6525,0.0864,104.4349,14.8427,53.4338,14.8271,0.6802,-2.2077,279.8975,-50.1274,-1.0000,1.0000,0.0000,-0.8487,-32.5476,225.1018,1.0000,0.0000,1,0,1,0,0,33.4723
30.7882,172.7789,0.0864,104.6087,15.0769,54.2767,15.0642,0.6183,3.9320,277.8702,-34.0465,0.0000,1.0000,0.0000,-0.4712,-36.9527,73.9802,1.0000,0.0000,1,0,0,0,0,6.6166
30.8451,171.9403,0.0864,104.7492,14.9619,53.8627,14.9578,0.3487,-2.0211,277.7041,-2.9195,1.0000,1.0000,0.0000,0.1831,-19.6692,303.7732,1.0000,0.0000,1,0,1,0,0,30.5117
30.8992,171.1406,0.0864,104.8722,14.8427,53.4336,14.8422,0.1134,-2.2054,279.1053,25.9216,1.0000,1.0000,0.0000,0.5464,1.6799,394.9690,1.0000,0.0000,1,0,1,0,0,31.5547
30.9494,170.3987,0.0864,104.9881,15.0813,54.2925,15.0711,0.5544,4.7539,281.3773,45.2687,1.0000,1.0000,0.0000,0.7481,19.5174,355.4008,1.0000,0.0000,1,0,1,0,0,33.0664
31.0145,169.4412,0.0864,105.1620,15.0722,54.2599,15.0563,0.6916,-0.1392,284.7126,51.2577,1.0000,1.0000,0.0000,0.8757,32.3343,196.9725,1.0000,0.0000,1,0,1,0,0,33.5359
31.0742,168.5726,0.0864,105.3694,14.9570,53.8453,14.9407,0.6989,-1.9285,287.7582,50.9981,1.0000,1.0000,0.0000,0.9310,45.8569,226.4297,1.0000,0.0000,1,0,1,0,0,33.5342
31.1321,167.7423,0.0864,105.6185,14.8427,53.4338,14.8261,0.7020,-1.9728,290.9398,54.9110,1.0000,1.0000,0.0000,0.9617,51.9029,104.3514,1.0000,0.0000,1,0,0,0,0,9.5574
31.1897,166.9328,0.0864,105.9137,15.0703,54.2529,15.0536,0.7077,3.9519,294.1911,56.4707,1.0000,1.0000,0.0000,0.9787,54.9874,53.5727,1.0000,0.0000,1,0,0,0,0,6.8179
31.2419,166.2161,0.0864,106.2223,14.9565,53.8433,14.9396,0.7093,-2.1778,297.4943,63.2203,1.0000,1.0000,0.0000,0.9882,57.1191,40.7984,1.0000,0.0000,1,0,0,0,0,6.4901
31.2927,165.5345,0.0864,106.5598,14.8427,53.4338,14.8259,0.7057,-2.2397,300.8248,65.5755,1.0000,1.0000,0.0000,0.9934,58.2085,21.4486,1.0000,0.0000,1,0,0,0,0,5.5479
31.3451,164.8531,0.0864,106.9445,14.9564,53.8429,14.9395,0.7101,2.1687,303.4853,50.7703,1.0000,1.0000,0.0000,0.9959,58.8836,12.8841,1.0000,0.0000,1,0,0,0,0,4.2485
31.3997,164.1657,0.0864,107.3851,14.8427,53.4337,14.8258,0.7083,-2.0825,306.8219,61.1370,1.0000,1.0000,0.0000,0.9977,59.3934,9.3414,1.0000,0.0000,1,0,0,0,0,4.6312
31.4508,163.5459,0.0864,107.8329,15.0699,54.2517,15.0530,0.7135,4.4446,310.1684,65.4681,1.0000,1.0000,0.0000,0.9987,59.6315,4.6565,1.0000,0.0000,1,0,0,0,0,4.6060
31.5115,162.8431,0.0864,108.4062,14.9562,53.8423,14.9393,0.7113,-1.8735,313.5205,55.2352,1.0000,1.0000,0.0000,0.9993,59.7908,2.6252,1.0000,0.0000,1,0,0,0,0,3.9278
31.5618,162.2890,0.0864,108.9153,14.8426,53.4334,14.8257,0.7087,-2.2601,316.8699,66.6350,1.0000,1.0000,0.0000,0.9996,59.8853,1.8796,1.0000,0.0000,1,0,0,0,0,4.5226
31.6147,161.7363,0.0864,109.4809,15.0699,54.2515,15.0530,0.7134,4.2945,320.2096,63.1102,1.0000,1.0000,0.0000,0.9998,59.9294,0.8351,1.0000,0.0000,1,0,0,0,0,4.2626
31.6720,161.1741,0.0864,110.1275,14.9562,53.8425,14.9393,0.7109,-1.9823,323.5513,58.3048,1.0000,1.0000,0.0000,0.9999,59.9627,0.5803,1.0000,0.0000,1,0,0,0,0,3.9844
31.7252,160.6870,0.0864,110.7579,14.8428,53.4340,14.8258,0.7089,-2.1330,326.8973,62.8952,1.0000,1.0000,0.0000,0.9999,59.9773,0.2741,1.0000,0.0000,1,0,0,0,0,4.2258
31.7828,160.2013,0.0864,111.4689,15.0699,54.2516,15.0530,0.7134,3.9409,330.2378,57.9643,1.0000,1.0000,0.0000,1.0000,59.9882,0.1890,1.0000,0.0000,1,0,0,0,0,3.9408
31.8375,159.7809,0.0864,112.1693,14.9563,53.8425,14.9394,0.7110,-2.0791,333.5800,61.1495,1.0000,1.0000,0.0000,1.0000,59.9933,0.0943,1.0000,0.0000,1,0,0,0,0,4.1155
31.8881,159.4277,0.0864,112.8394,15.0698,54.2512,15.0529,0.7132,2.2445,336.2552,52.8907,1.0000,1.0000,0.0000,1.0000,59.9960,0.0527,1.0000,0.0000,1,0,0,0,0,3.6512
31.9387,159.1113,0.0864,113.5255,14.9572,53.8459,14.9420,0.6745,-2.2252,339.3831,61.8248,0.0000,1.0000,0.0000,0.7903,59.1087,17.5386,1.0000,0.0000,1,0,0,0,0,5.0855
31.9928,158.8060,0.0864,114.2763,14.8425,53.4331,14.8300,0.6108,-2.1187,341.2645,34.7642,0.0000,1.0000,0.0000,0.4388,47.1576,220.8295,1.0000,0.0000,1,0,1,0,0,32.5486
32.0496,158.5087,0.0864,115.0722,15.0798,54.2874,15.0696,0.5552,4.1755,342.3047,18.3049,0.0000,1.0000,0.0000,0.2437,36.8787,180.8778,1.0000,0.0000,1,0,1,0,0,31.5692
32.1106,158.2077,0.0864,115.9329,14.9618,53.8626,14.9555,0.4349,-1.9350,342.8803,9.4388,0.0000,1.0000,0.0000,0.1353,21.0787,259.1109,1.0000,0.0000,1,0,1,0,0,30.9604
32.1617,157.9668,0.0864,116.6592,14.8426,53.4335,14.8369,0.4145,-2.3329,343.6123,14.3281,1.0000,1.0000,0.0000,0.3725,15.9025,101.3150,1.0000,0.0000,1,0,0,0,0,6.8436
32.2245,157.6849,0.0864,117.5557,14.8428,53.4340,14.8283,0.6545,0.0020,345.9206,36.7621,1.0000,1.0000,0.0000,0.6903,24.3057,133.8313,1.0000,0.0000,1,0,1,0,0,30.1389
32.2775,157.4714,0.0864,118.3180,14.9580,53.8488,14.9427,0.6772,2.1742,347.9689,38.6458,1.0000,1.0000,0.0000,0.8065,34.0939,184.6772,1.0000,0.0000,1,0,1,0,0,32.8261
32.3310,157.2871,0.0864,119.0971,14.8427,53.4337,14.8301,0.6123,-2.1553,349.8890,35.8928,0.0000,1.0000,0.0000,0.4478,36.3045,41.3211,1.0000,0.0000,1,0,0,0,0,4.9084
32.3873,157.1154,0.0864,119.9234,15.0796,54.2866,15.0693,0.5570,4.2029,350.9535,18.8829,0.0000,1.0000,0.0000,0.2487,26.9929,165.1875,1.0000,0.0000,1,0,1,0,0,30.7802
32.4429,156.9630,0.0864,120.7398,14.9618,53.8626,14.9555,0.4370,-2.1190,351.5411,10.5735,0.0000,1.0000,0.0000,0.1381,18.8151,147.1355,1.0000,0.0000,1,0,1,0,0,29.1997
32.4956,156.8300,0.0864,121.5180,14.8426,53.4333,14.8392,0.3174,-2.2622,351.8677,6.1935,0.0000,1.0000,0.0000,0.0767,13.2361,105.8173,1.0000,0.0000,1,0,0,0,0,6.5436
32.5661,156.6653,0.0864,122.5592,14.8426,53.4332,14.8412,0.2004,-0.0002,352.0760,2.9559,0.0000,1.0000,0.0000,0.0379,7.9557,74.9154,1.0000,0.0000,1,0,0,0,0,4.5287
32.6262,156.5333,0.0864,123.4487,14.8427,53.4337,14.8427,0.0156,0.0021,351.7686,-5.1204,-1.0000,1.0000,0.0000,-0.2787,2.1123,97.3133,1.0000,0.0000,1,0,0,0,0,5.7066
32.6854,156.4047,0.0864,124.3250,15.0825,54.2971,15.0785,0.3505,4.0515,350.1347,-27.5987,-1.0000,1.0000,0.0000,-0.5995,-12.5908,248.3618,1.0000,0.0000,1,0,1,0,0,31.8819
32.7373,156.2836,0.0864,125.0922,14.9593,53.8534,14.9443,0.6702,-2.3719,347.7361,-46.1567,-1.0000,1.0000,0.0000,-0.7776,-27.3186,283.4035,1.0000,0.0000,1,0,1,0,0,33.2363
32.7946,156.1202,0.0864,125.9336,14.8427,53.4338,14.8269,0.6851,-2.0356,344.9104,-49.3452,-1.0000,1.0000,0.0000,-0.8765,-39.2498,208.3606,1.0000,0.0000,1,0,1,0,0,33.4338
32.8468,155.9337,0.0864,126.6907,15.0714,54.2569,15.0551,0.6992,4.3831,341.8539,-58.5928,-1.0000,1.0000,0.0000,-0.9314,-46.1270,131.8325,1.0000,0.0000,1,0,1,0,0,31.2751
32.9019,155.6950,0.0864,127.4798,14.9576,53.8474,14.9428,0.6658,-2.0628,338.8794,-53.9429,0.0000,1.0000,0.0000,-0.7522,-50.7656,84.1220,1.0000,0.0000,1,0,0,0,0,8.3379
32.9627,155.3895,0.0864,128.3369,14.8427,53.4338,14.8319,0.5672,-1.8897,337.2941,-26.0750,1.0000,1.0000,0.0000,-0.2080,-42.6399,133.6490,1.0000,0.0000,1,0,1,0,0,29.4468
33.0218,155.0706,0.0864,129.1629,15.0819,54.2949,15.0806,0.2027,4.0452,337.7566,7.8225,1.0000,1.0000,0.0000,0.3292,-15.4050,460.5811,1.0000,0.0000,1,0,1,0,0,30.6362
33.0783,154.7603,0.0864,129.9476,15.0826,54.2974,15.0784,0.3567,0.0121,339.9471,38.7853,1.0000,1.0000,0.0000,0.6689,3.4490,333.8376,1.0000,0.0000,1,0,1,0,0,32.5095
33.1291,154.4864,0.0864,130.6575,14.8426,53.4335,14.8274,0.6722,-4.7212,341.9568,39.5413,1.0000,1.0000,0.0000,0.7932,26.6385,456.2423,1.0000,0.0000,1,0,1,0,0,32.8761
33.1855,154.2091,0.0864,131.4545,15.0720,54.2593,15.0561,0.6931,4.0677,344.8046,50.4951,1.0000,1.0000,0.0000,0.8852,37.4851,192.3283,1.0000,0.0000,1,0,1,0,0,33.4951
33.2371,153.9923,0.0864,132.1941,14.9569,53.8449,14.9405,0.6999,-2.2316,347.8729,59.4741,1.0000,1.0000,0.0000,0.9362,46.1639,168.2272,1.0000,0.0000,1,0,1,0,0,33.3520
33.2966,153.7888,0.0864,133.0597,14.8427,53.4337,14.8261,0.7025,-1.9217,351.0669,53.7388,1.0000,1.0000,0.0000,0.9646,52.0308,98.7072,1.0000,0.0000,1,0,0,0,0,9.1792
33.3523,153.6456,0.0864,133.8814,15.0702,54.2527,15.0535,0.7098,4.0812,354.3232,58.4188,1.0000,1.0000,0.0000,0.9803,55.2673,58.0641,1.0000,0.0000,1,0,0,0,0,7.1778
33.4102,153.5470,0.0864,134.7399,14.9564,53.8430,14.9396,0.7089,-1.9672,357.6186,56.9713,1.0000,1.0000,0.0000,0.9891,57.2666,34.5658,1.0000,0.0000,1,0,0,0,0,5.7963
33.4705,153.4996,0.0864,135.6406,14.9562,53.8424,14.9394,0.7100,-0.0027,1.6006,66.0172,1.0000,1.0000,0.0000,0.9946,58.4793,20.1052,1.0000,0.0000,1,0,0,0,0,5.4967
33.5252,153.5056,0.0864,136.4597,14.8427,53.4337,14.8258,0.7083,-2.0747,4.9341,60.9208,1.0000,1.0000,0.0000,0.9970,59.1164,11.6418,1.0000,0.0000,1,0,0,0,0,4.7471
33.5985,153.5830,0.0864,137.5519,14.8426,53.4335,14.8307,0.5942,-0.0009,7.7580,38.5418,-1.0000,1.0000,0.0000,0.3441,54.0032,69.7858,1.0000,0.0000,1,0,0,0,0,6.6187
33.6552,153.6736,0.0864,138.3974,14.8427,53.4336,14.8413,0.2017,0.0007,7.3822,-6.6213,-1.0000,1.0000,0.0000,-0.3365,21.8912,565.8001,1.0000,0.0000,1,0,1,0,0,30.5717
33.7088,153.7668,0.0864,139.1928,14.9629,53.8663,14.9619,0.1717,2.2417,6.0365,-25.0991,-1.0000,1.0000,0.0000,-0.5856,-3.5313,474.1625,1.0000,0.0000,1,0,1,0,0,31.5665
33.7592,153.8507,0.0864,139.9427,14.8427,53.4338,14.8308,0.5945,-2.3851,3.6689,-47.0004,-1.0000,1.0000,0.0000,-0.7699,-20.8001,342.8188,1.0000,0.0000,1,0,1,0,0,33.2120
33.8156,153.9227,0.0864,140.7835,15.0724,54.2605,15.0566,0.6889,4.0692,0.8664,-49.6596,-1.0000,1.0000,0.0000,-0.8722,-36.3813,276.0927,1.0000,0.0000,1,0,1,0,0,33.4444
33.8745,153.9526,0.0864,141.6622,14.9571,53.8454,14.9408,0.6967,-1.9602,357.8187,-51.8039,-1.0000,1.0000,0.0000,-0.9290,-44.9469,145.5973,1.0000,0.0000,1,0,1,0,0,31.6654
33.9299,153.9345,0.0864,142.4920,14.8427,53.4336,14.8262,0.6999,-2.0617,354.6316,-57.4456,-1.0000,1.0000,0.0000,-0.9606,-51.5255,118.5757,1.0000,0.0000,1,0,0,0,0,10.4863
33.9871,153.8673,0.0864,143.3443,15.0704,54.2535,15.0538,0.7076,3.9875,351.3746,-57.0259,-1.0000,1.0000,0.0000,-0.9781,-54.8111,57.5261,1.0000,0.0000,1,0,0,0,0,7.0683
34.0435,153.7521,0.0864,144.1791,14.9565,53.8435,14.9398,0.7069,-2.0182,348.0743,-58.4839,-1.0000,1.0000,0.0000,-0.9879,-57.1295,41.0848,1.0000,0.0000,1,0,0,0,0,6.2406
34.1084,153.5587,0.0864,145.1306,14.9565,53.8432,14.9397,0.7080,-0.0011,344.0834,-61.4653,-1.0000,1.0000,0.0000,-0.9940,-58.2173,16.7539,1.0000,0.0000,1,0,0,0,0,5.0555
34.1672,153.3283,0.0864,145.9791,14.9565,53.8433,14.9397,0.7083,0.0002,340.0757,-68.1622,-1.0000,1.0000,0.0000,-0.9970,-59.1526,15.9069,1.0000,0.0000,1,0,0,0,0,5.3809
34.2266,153.0426,0.0864,146.8201,14.8427,53.4338,14.8268,0.6872,-1.9165,336.8008,-55.1773,0.0000,1.0000,0.0000,-0.8874,-59.5305,6.3678,1.0000,0.0000,1,0,0,0,0,4.1136
34.2837,152.7238,0.0864,147.6137,15.0765,54.2753,15.0636,0.6220,4.0889,334.6813,-37.0751,0.0000,1.0000,0.0000,-0.4927,-49.9665,167.2993,1.0000,0.0000,1,0,1,0,0,31.9730
34.3436,152.3636,0.0864,148.4319,15.0798,54.2874,15.0699,0.5486,0.0563,333.3373,-22.4694,0.0000,1.0000,0.0000,-0.2432,-35.2948,245.2881,1.0000,0.0000,1,0,1,0,0,31.7940
34.4026,151.9899,0.0864,149.2318,14.9623,53.8643,14.9599,0.2693,-1.9917,333.4173,1.3549,1.0000,1.0000,0.0000,0.2403,-19.2360,272.1204,1.0000,0.0000,1,0,1,0,0,30.3452
34.4558,151.6440,0.0864,149.9500,14.8427,53.4337,14.8416,0.1856,-2.2482,334.9615,29.0310,1.0000,1.0000,0.0000,0.5782,4.4909,446.0609,1.0000,0.0000,1,0,1,0,0,31.8004
34.5089,151.3016,0.0864,150.6664,14.9620,53.8631,14.9525,0.5311,2.2437,336.7945,34.4862,1.0000,1.0000,0.0000,0.7365,20.8647,308.0658,1.0000,0.0000,1,0,1,0,0,32.4484
34.5716,150.9200,0.0864,151.5231,14.9571,53.8457,14.9413,0.6883,-0.0770,340.0928,52.6028,1.0000,1.0000,0.0000,0.8699,35.4569,232.7221,1.0000,0.0000,1,0,1,0,0,33.6126
34.6235,150.6401,0.0864,152.2472,14.8427,53.4339,14.8264,0.6962,-2.2065,343.1286,58.5589,1.0000,1.0000,0.0000,0.9278,43.0439,146.3500,1.0000,0.0000,1,0,1,0,0,32.0874
34.6844,150.3585,0.0864,153.1140,15.0707,54.2545,15.0541,0.7062,3.7401,346.2972,51.9925,1.0000,1.0000,0.0000,0.9599,51.2891,135.2924,1.0000,0.0000,1,0,1,0,0,31.1076
34.7355,150.1637,0.0864,153.8522,14.9565,53.8433,14.9398,0.7071,-2.2341,349.5438,63.5128,1.0000,1.0000,0.0000,0.9777,54.5430,63.6566,1.0000,0.0000,1,0,0,0,0,7.7741
34.7879,150.0039,0.0864,154.6209,14.8427,53.4337,14.8259,0.7067,-2.1708,352.8369,62.8245,1.0000,1.0000,0.0000,0.9876,56.8886,44.7470,1.0000,0.0000,1,0,0,0,0,6.6904
34.8398,149.8877,0.0864,155.3863,14.9563,53.8428,14.9395,0.7095,2.1914,355.4832,51.0351,1.0000,1.0000,0.0000,0.9923,58.0189,21.7997,1.0000,0.0000,1,0,0,0,0,4.7579
34.8940,149.8104,0.0864,156.1934,14.8427,53.4336,14.8258,0.7080,-2.0976,358.8111,61.4188,1.0000,1.0000,0.0000,0.9957,58.8511,15.3573,1.0000,0.0000,1,0,0,0,0,4.9808
34.9493,149.7788,0.0864,157.0199,15.0698,54.2514,15.0530,0.7129,4.1087,2.1416,60.2357,1.0000,1.0000,0.0000,0.9976,59.3540,9.0957,1.0000,0.0000,1,0,0,0,0,4.5613
35.0109,149.7999,0.0864,157.9400,15.0698,54.2512,15.0529,0.7133,-0.0009,6.1468,65.0282,1.0000,1.0000,0.0000,0.9988,59.6299,4.4799,1.0000,0.0000,1,0,0,0,0,4.5715
35.0641,149.8661,0.0864,158.7339,14.8427,53.4338,14.8258,0.7085,-4.2621,8.8213,50.2010,1.0000,1.0000,0.0000,0.9993,59.7972,3.1412,1.0000,0.0000,1,0,0,0,0,3.6795
35.1163,149.9742,0.0864,159.5069,15.0698,54.2511,15.0529,0.7132,4.3540,12.1602,64.0289,1.0000,1.0000,0.0000,0.9996,59.8722,1.4372,1.0000,0.0000,1,0,0,0,0,4.3469
35.1732,150.1398,0.0864,160.3413,14.9563,53.8425,14.9394,0.7108,-1.9933,15.5015,58.6785,1.0000,1.0000,0.0000,0.9998,59.9308,1.0287,1.0000,0.0000,1,0,0,0,0,4.0299
35.2239,150.3296,0.0864,161.0763,14.8427,53.4338,14.8258,0.7088,-2.2389,18.8473,65.9857,1.0000,1.0000,0.0000,0.9999,59.9610,0.5962,1.0000,0.0000,1,0,0,0,0,4.4153
35.2746,150.5570,0.0864,161.7976,14.9572,53.8460,14.9420,0.6743,2.2609,21.3039,48.5182,0.0000,1.0000,0.0000,0.7902,57.8907,40.8880,1.0000,0.0000,1,0,0,0,0,5.6433
35.3395,150.8911,0.0864,162.7095,14.9613,53.8608,14.9532,0.4924,0.0637,22.7792,22.7249,-1.0000,1.0000,0.0000,0.0147,41.7537,248.5594,1.0000,0.0000,1,0,1,0,0,31.7561
35.3973,151.2058,0.0864,163.5154,14.8427,53.4337,14.8425,0.0722,-2.0519,21.8444,-16.1668,-1.0000,1.0000,0.0000,-0.4366,9.4041,559.4563,1.0000,0.0000,1,0,1,0,0,30.9711
35.4490,151.4898,0.0863,164.2363,15.0824,54.2967,15.0775,0.3862,4.6342,19.8356,-38.8314,-1.0000,1.0000,0.0000,-0.6871,-10.7214,389.0404,1.0000,0.0000,1,0,1,0,0,32.5414
35.5052,151.7868,0.0863,165.0221,14.9579,53.8485,14.9425,0.6788,-2.2153,17.2293,-46.3717,-1.0000,1.0000,0.0000,-0.8263,-28.6294,318.6158,1.0000,0.0000,1,0,1,0,0,33.2569
35.5597,152.0432,0.0863,165.7960,14.8427,53.4335,14.8266,0.6899,-2.1158,14.2875,-54.0034,-1.0000,1.0000,0.0000,-0.9035,-41.1039,228.9992,1.0000,0.0000,1,0,1,0,0,33.6974
35.6111,152.2481,0.0863,166.5361,15.0710,54.2557,15.0547,0.7019,4.4455,11.1665,-60.7563,-1.0000,1.0000,0.0000,-0.9464,-47.8000,130.3539,1.0000,0.0000,1,0,1,0,0,31.3158
35.6720,152.4417,0.0863,167.4259,14.9566,53.8438,14.9400,0.7038,-1.8781,7.9419,-52.9389,-1.0000,1.0000,0.0000,-0.9703,-53.1111,87.1915,1.0000,0.0000,1,0,0,0,0,8.4909
35.7342,152.5820,0.0863,168.3449,14.9565,53.8433,14.9398,0.7063,-0.0023,3.9987,-63.4310,-1.0000,1.0000,0.0000,-0.9853,-56.2228,50.0565,1.0000,0.0000,1,0,0,0,0,7.0132
35.7929,152.6604,0.0863,169.2211,14.8428,53.4340,14.8284,0.6532,-1.9339,1.0936,-49.4140,0.0000,1.0000,0.0000,-0.6944,-55.7426,8.1683,1.0000,0.0000,1,0,0,0,0,3.8591
35.8461,152.6963,0.0863,170.0146,15.0783,54.2819,15.0662,0.6029,4.4352,359.4430,-31.0811,0.0000,1.0000,0.0000,-0.3856,-43.5015,230.5108,1.0000,0.0000,1,0,1,0,0,32.3265
35.9015,152.7130,0.0863,170.8435,14.9614,53.8609,14.9521,0.5249,-2.1090,358.5241,-16.5724,0.0000,1.0000,0.0000,-0.2141,-30.3716,236.7851,1.0000,0.0000,1,0,1,0,0,31.4470
35.9546,152.7137,0.0863,171.6397,14.8427,53.4336,14.8374,0.3965,-2.2332,358.0081,-9.7084,0.0000,1.0000,0.0000,-0.1189,-20.9756,176.8080,1.0000,0.0000,1,0,1,0,0,30.7627
36.0102,152.7019,0.0863,172.4703,15.0821,54.2955,15.0795,0.2790,4.3073,357.7200,-5.1844,0.0000,1.0000,0.0000,-0.0660,-13.4964,134.5657,1.0000,0.0000,1,0,1,0,0,28.0414
36.0603,152.6829,0.0863,173.2190,14.8427,53.4337,14.8384,0.3565,-4.7839,356.9169,-16.0500,-1.0000,1.0000,0.0000,-0.4166,-12.5104,19.7065,1.0000,0.0000,1,0,0,0,0,2.3467
36.1208,152.6474,0.0863,174.1245,14.8427,53.4339,14.8282,0.6561,0.0006,354.4766,-40.3222,-1.0000,1.0000,0.0000,-0.7120,-23.7123,185.0952,1.0000,0.0000,1,0,1,0,0,32.9031
36.1726,152.5937,0.0863,174.8965,14.9580,53.8488,14.9426,0.6777,2.2243,352.3763,-40.5318,-1.0000,1.0000,0.0000,-0.8201,-32.8568,176.4704,1.0000,0.0000,1,0,1,0,0,32.7353
36.2233,152.5078,0.0863,175.6510,14.8427,53.4337,14.8267,0.6892,-2.2737,349.4492,-57.7155,-1.0000,1.0000,0.0000,-0.9001,-43.0757,201.4911,1.0000,0.0000,1,0,1,0,0,33.9030
36.2772,152.3778,0.0863,176.4454,15.0711,54.2560,15.0548,0.7015,4.2407,346.3363,-57.7921,-1.0000,1.0000,0.0000,-0.9445,-48.9475,109.0115,1.0000,0.0000,1,0,0,0,0,9.9651
36.3314,152.2064,0.0863,177.2383,14.9596,53.8547,14.9465,0.6262,-2.0545,344.0787,-41.6098,0.0000,1.0000,0.0000,-0.5245,-47.5200,26.3102,1.0000,0.0000,1,0,0,0,0,4.4012
36.3908,151.9877,0.0863,178.0998,14.8427,53.4338,14.8315,0.5761,-1.9695,342.8218,-21.1726,0.0000,1.0000,0.0000,-0.2912,-35.5869,201.0141,1.0000,0.0000,1,0,1,0,0,31.7584
36.4445,151.7729,0.0863,178.8734,15.0806,54.2902,15.0734,0.4659,4.4314,342.1289,-12.9059,0.0000,1.0000,0.0000,-0.1617,-24.9831,197.5226,1.0000,0.0000,1,0,1,0,0,31.1804
36.4978,151.5464,0.0863,179.6379,14.9621,53.8635,14.9583,0.3356,-2.2229,341.7484,-7.1380,0.0000,1.0000,0.0000,-0.0898,-16.3982,161.0130,1.0000,0.0000,1,0,1,0,0,29.6782
36.5579,151.2795,0.0863,180.4966,14.8427,53.4339,14.8410,0.2295,-1.9870,341.5350,-3.5521,0.0000,1.0000,0.0000,-0.0499,-9.9923,106.6533,1.0000,0.0000,1,0,0,0,0,6.3545
36.6193,150.9975,0.0863,181.3729,14.8427,53.4336,14.8420,0.1372,-0.0011,341.3937,-2.2977,0.0000,1.0000,0.0000,-0.0246,-5.7327,69.2828,1.0000,0.0000,1,0,0,0,0,4.1153
36.6907,150.6638,0.0863,182.3858,14.8428,53.4340,14.8426,0.0778,0.0015,341.3208,-1.0232,0.0000,1.0000,0.0000,-0.0122,-3.2718,34.5097,1.0000,0.0000,1,0,0,0,0,2.0526
36.7488,150.3882,0.0863,183.2109,15.0830,54.2989,15.0830,0.0464,4.1334,341.2867,-0.5854,0.0000,1.0000,0.0000,-0.0067,-1.6658,27.6298,1.0000,0.0000,1,0,0,0,0,1.6137
36.8065,150.1129,0.0863,184.0289,14.9629,53.8663,14.9626,0.0797,-2.0814,341.0512,-4.0790,-1.0000,1.0000,0.0000,-0.2134,-2.9498,22.2361,1.0000,0.0000,1,0,0,0,0,1.5418
36.8592,149.8584,0.0863,184.7755,14.8427,53.4338,14.8383,0.3636,-2.2804,339.5719,-28.0811,-1.0000,1.0000,0.0000,-0.5632,-12.2890,177.2798,1.0000,0.0000,1,0,1,0,0,31.7764
36.9190,149.5583,0.0863,185.6195,14.8426,53.4334,14.8274,0.6711,-0.0017,336.7307,-47.4945,-1.0000,1.0000,0.0000,-0.7844,-27.6986,257.5895,1.0000,0.0000,1,0,1,0,0,33.3168
36.9789,149.2245,0.0863,186.4491,15.0723,54.2603,15.0565,0.6903,3.8390,333.8925,-47.4344,-1.0000,1.0000,0.0000,-0.8803,-39.3978,195.5296,1.0000,0.0000,1,0,1,0,0,33.3222
37.0391,148.8430,0.0863,187.2651,14.9569,53.8449,14.9406,0.6974,-1.9147,330.8256,-50.8841,-1.0000,1.0000,0.0000,-0.9335,-47.6030,136.1361,1.0000,0.0000,1,0,1,0,0,31.0895
37.0938,148.4555,0.0863,187.9853,14.8427,53.4337,14.8278,0.6638,-2.0894,327.8432,-54.5547,0.0000,1.0000,0.0000,-0.7534,-51.6289,73.6410,1.0000,0.0000,1,0,0,0,0,7.7929
37.1538,147.9940,0.0863,188.7563,14.8427,53.4338,14.8307,0.5970,0.0007,325.7920,-34.1768,0.0000,1.0000,0.0000,-0.3719,-41.8035,163.7111,1.0000,0.0000,1,0,1,0,0,31.5971
37.2102,147.5402,0.0863,189.4663,15.0765,54.2754,15.0625,0.6499,4.1464,323.9380,-32.8850,-1.0000,1.0000,0.0000,-0.6512,-35.2941,115.4611,1.0000,0.0000,1,0,0,0,0,8.8881
37.2642,147.0814,0.0863,190.1313,14.9581,53.8491,14.9429,0.6752,-2.1913,321.4174,-46.6507,-1.0000,1.0000,0.0000,-0.8063,-40.1147,89.2189,1.0000,0.0000,1,0,0,0,0,8.2254
37.3157,146.6163,0.0863,190.7465,15.0724,54.2605,15.0566,0.6901,2.2186,319.1240,-44.5267,-1.0000,1.0000,0.0000,-0.8790,-44.9167,93.2312,1.0000,0.0000,1,0,0,0,0,8.3400
37.3658,146.1384,0.0863,191.3208,14.9569,53.8448,14.9406,0.6972,-2.3085,316.0601,-61.2569,-1.0000,1.0000,0.0000,-0.9328,-49.3535,88.7042,1.0000,0.0000,1,0,0,0,0,9.0304
37.4214,145.5735,0.0863,191.9326,14.8427,53.4337,14.8262,0.7002,-2.0534,312.8639,-57.4667,-1.0000,1.0000,0.0000,-0.9627,-53.1815,68.8261,1.0000,0.0000,1,0,0,0,0,7.7239
37.4723,145.0285,0.0863,192.4627,14.9567,53.8439,14.9400,0.7050,2.2388,310.2595,-51.1675,-1.0000,1.0000,0.0000,-0.9767,-55.6808,49.1022,1.0000,0.0000,1,0,0,0,0,6.2776
37.5239,144.4468,0.0863,192.9713,14.8427,53.4336,14.8260,0.7045,-2.2074,306.9584,-63.9344,-1.0000,1.0000,0.0000,-0.9871,-57.2954,31.2716,1.0000,0.0000,1,0,0,0,0,6.0012
37.5765,143.8277,0.0863,193.4564,15.0702,54.2526,15.0534,0.7101,4.3240,303.6383,-63.1044,-1.0000,1.0000,0.0000,-0.9928,-58.2408,17.9694,1.0000,0.0000,1,0,0,0,0,5.2108
37.6312,143.1573,0.0863,193.9234,14.9564,53.8432,14.9397,0.7082,-2.0811,300.3030,-61.0266,-1.0000,1.0000,0.0000,-0.9960,-58.9975,13.8464,1.0000,0.0000,1,0,0,0,0,4.8698
37.6884,142.4267,0.0863,194.3708,14.8427,53.4337,14.8268,0.6868,-1.9875,297.0324,-57.1437,0.0000,1.0000,0.0000,-0.8868,-59.4317,7.5848,1.0000,0.0000,1,0,0,0,0,4.2901
37.7473,141.6515,0.0863,194.7896,15.0765,54.2754,15.0637,0.6216,3.9692,294.9232,-35.8029,0.0000,1.0000,0.0000,-0.4924,-48.3417,188.2515,1.0000,0.0000,1,0,1,0,0,32.6075
37.8000,140.9467,0.0863,195.1418,14.9613,53.8605,14.9505,0.5683,-2.1857,293.7511,-22.2307,0.0000,1.0000,0.0000,-0.2734,-35.8565,236.7905,1.0000,0.0000,1,0,1,0,0,31.8048
37.8548,140.2054,0.0863,195.4934,14.8426,53.4332,14.8357,0.4499,-2.1669,293.0937,-12.0006,0.0000,1.0000,0.0000,-0.1518,-23.5899,223.9287,1.0000,0.0000,1,0,1,0,0,31.1213
37.9090,139.4674,0.0863,195.8282,15.0817,54.2942,15.0778,0.3450,4.4121,292.6526,-8.1368,-1.0000,1.0000,0.0000,-0.1953,-14.6507,164.9215,1.0000,0.0000,1,0,1,0,0,29.9575
37.9661,138.6859,0.0863,196.1698,14.9619,53.8627,14.9535,0.5015,-2.1016,291.2195,-25.1319,-1.0000,1.0000,0.0000,-0.5532,-18.4430,66.5013,1.0000,0.0000,1,0,0,0,0,5.5935
38.0189,137.9550,0.0863,196.4734,14.8427,53.4337,14.8279,0.6632,-2.2564,288.9295,-43.3552,-1.0000,1.0000,0.0000,-0.7519,-28.6630,193.4952,1.0000,0.0000,1,0,1,0,0,33.0788
38.0771,137.1386,0.0863,196.7752,15.0726,54.2613,15.0569,0.6871,3.9473,286.1700,-47.3791,-1.0000,1.0000,0.0000,-0.8622,-39.1530,180.1078,1.0000,0.0000,1,0,1,0,0,33.3159
38.1278,136.4166,0.0863,197.0034,14.8426,53.4334,14.8265,0.6918,-4.5405,283.7627,-47.5282,-1.0000,1.0000,0.0000,-0.9139,-45.0754,116.9241,1.0000,0.0000,1,0,0,0,0,9.8353
38.1843,135.5976,0.0863,197.2162,14.8427,53.4335,14.8262,0.6992,0.0007,279.9724,-67.0768,-1.0000,1.0000,0.0000,-0.9575,-51.2288,108.8956,1.0000,0.0000,1,0,0,0,0,10.4829
38.2375,134.8183,0.0863,197.3743,14.9583,53.8500,14.9441,0.6527,2.1724,277.7920,-40.9433,0.0000,1.0000,0.0000,-0.6761,-52.9874,33.0234,1.0000,0.0000,1,0,0,0,0,4.7638
38.2991,133.9092,0.0863,197.5199,14.9611,53.8600,14.9493,0.5954,0.0449,275.9511,-29.9091,0.0000,1.0000,0.0000,-0.3337,-39.7167,215.6085,1.0000,0.0000,1,0,1,0,0,32.2586
38.3599,133.0076,0.0863,197.6406,14.8427,53.4337,14.8341,0.5044,-1.9477,275.1473,-13.2219,0.0000,1.0000,0.0000,-0.1853,-25.9995,225.6445,1.0000,0.0000,1,0,1,0,0,31.2443
38.4174,132.1513,0.0863,197.7385,14.8427,53.4336,14.8385,0.3506,-0.0004,274.6373,-8.8635,0.0000,1.0000,0.0000,-0.0915,-16.3631,167.4814,1.0000,0.0000,1,0,1,0,0,30.1513
38.4679,131.4009,0.0863,197.8137,14.9625,53.8649,14.9602,0.2593,2.3726,274.4496,-3.7192,0.0000,1.0000,0.0000,-0.0571,-10.5621,114.8992,1.0000,0.0000,1,0,0,0,0,6.8498
38.5185,130.6450,0.0863,197.8824,14.8427,53.4338,14.8418,0.1701,-2.3639,274.3082,-2.7900,0.0000,1.0000,0.0000,-0.0317,-6.9263,71.7758,1.0000,0.0000,1,0,0,0,0,4.3145
38.5778,129.7617,0.0863,197.9566,15.0830,54.2987,15.0826,0.1106,4.0536,274.2274,-1.3635,0.0000,1.0000,0.0000,-0.0176,-4.0523,48.4909,1.0000,0.0000,1,0,0,0,0,2.8797
38.6336,128.9306,0.0863,198.0229,14.9628,53.8662,14.9626,0.0768,-2.1543,274.1794,-0.8607,0.0000,1.0000,0.0000,-0.0098,-2.4640,28.4795,1.0000,0.0000,1,0,0,0,0,1.7070
38.6845,128.1700,0.0863,198.0817,14.8427,53.4337,14.8427,0.0025,-2.3600,274.3658,3.6615,1.0000,1.0000,0.0000,0.2042,-1.5097,18.7477,1.0000,0.0000,1,0,0,0,0,1.2475
38.7622,127.0124,0.0863,198.1721,14.9621,53.8637,14.9549,0.4650,1.5373,276.6503,29.4065,1.0000,1.0000,0.0000,0.6508,11.2528,164.2822,1.0000,0.0000,1,0,1,0,0,31.2266
38.8129,126.2562,0.0863,198.2424,15.0764,54.2749,15.0612,0.6749,2.2528,278.6223,38.8961,1.0000,1.0000,0.0000,0.7819,28.9390,348.8336,1.0000,0.0000,1,0,1,0,0,32.8324
38.8713,125.3914,0.0863,198.3569,14.9574,53.8466,14.9415,0.6897,-2.0374,281.4444,48.3329,1.0000,1.0000,0.0000,0.8789,40.3257,195.0180,1.0000,0.0000,1,0,1,0,0,33.3769
38.9280,124.5565,0.0863,198.5127,14.9569,53.8448,14.9405,0.7007,-0.0089,285.1271,64.8529,1.0000,1.0000,0.0000,0.9402,48.1902,138.4956,1.0000,0.0000,1,0,1,0,0,31.9998
38.9847,123.7322,0.0863,198.7147,14.8427,53.4337,14.8260,0.7031,-2.0149,288.3307,56.5255,1.0000,1.0000,0.0000,0.9668,52.7515,80.4807,1.0000,0.0000,1,0,0,0,0,8.3220
39.0361,122.9981,0.0863,198.9376,14.9565,53.8434,14.9398,0.7072,2.2153,290.9350,50.6914,1.0000,1.0000,0.0000,0.9793,55.3898,51.3535,1.0000,0.0000,1,0,0,0,0,6.3784
39.0959,122.1582,0.0863,199.2460,14.9564,53.8430,14.9396,0.7092,-0.0018,294.8903,66.1007,1.0000,1.0000,0.0000,0.9898,57.3962,33.5306,1.0000,0.0000,1,0,0,0,0,6.2464
39.1531,121.3738,0.0863,199.5895,14.8426,53.4335,14.8257,0.7078,-1.9887,298.2122,58.0699,1.0000,1.0000,0.0000,0.9943,58.5319,19.8522,1.0000,0.0000,1,0,0,0,0,5.0443
39.2119,120.5921,0.0863,199.9899,15.0698,54.2514,15.0530,0.7128,3.8680,301.5393,56.6385,1.0000,1.0000,0.0000,0.9968,59.1180,9.9788,1.0000,0.0000,1,0,0,0,0,4.4104
39.2745,119.7851,0.0863,200.4644,15.0785,54.2825,15.0678,0.5685,0.1378,303.8265,36.5256,-1.0000,1.0000,0.0000,0.1947,54.9363,66.7820,1.0000,0.0000,1,0,0,0,0,6.3049
39.3356,119.0109,0.0863,200.9509,14.9624,53.8648,14.9611,0.2029,-1.8979,303.3226,-8.2416,-1.0000,1.0000,0.0000,-0.3366,18.7245,592.2949,1.0000,0.0000,1,0,1,0,0,30.6613
39.3928,118.2903,0.0863,201.4122,14.8426,53.4334,14.8403,0.2624,-2.0956,301.5491,-31.0195,-1.0000,1.0000,0.0000,-0.6316,-5.7585,428.2137,1.0000,0.0000,1,0,1,0,0,31.9885
39.4516,117.5436,0.0863,201.8795,14.8427,53.4337,14.8274,0.6746,0.0014,298.5248,-51.4232,-1.0000,1.0000,0.0000,-0.8182,-25.8629,341.8457,1.0000,0.0000,1,0,1,0,0,33.5386
39.5152,116.7173,0.0863,202.3502,15.0719,54.2589,15.0559,0.6937,3.6052,295.6073,-45.8876,-1.0000,1.0000,0.0000,-0.8990,-39.5389,215.1003,1.0000,0.0000,1,0,1,0,0,33.2397
39.5708,115.9735,0.0863,202.7203,14.9568,53.8446,14.9405,0.6993,-2.0687,292.4957,-55.9386,-1.0000,1.0000,0.0000,-0.9439,-48.4577,160.3359,1.0000,0.0000,1,0,1,0,0,32.7165
39.6217,115.2744,0.0863,203.0231,14.8427,53.4337,14.8261,0.7013,-2.2427,289.2730,-63.3100,-1.0000,1.0000,0.0000,-0.9689,-52.6682,82.7147,1.0000,0.0000,1,0,0,0,0,8.8212
39.6774,114.4943,0.0863,203.3119,15.0703,54.2532,15.0537,0.7083,4.0929,285.9962,-58.9112,-1.0000,1.0000,0.0000,-0.9827,-55.4659,50.2999,1.0000,0.0000,1,0,0,0,0,6.7723
39.7292,113.7537,0.0863,203.5402,14.9565,53.8433,14.9397,0.7072,-2.1955,282.6850,-63.8394,-1.0000,1.0000,0.0000,-0.9904,-57.4597,38.4384,1.0000,0.0000,1,0,0,0,0,6.3913
39.7881,112.8988,0.0863,203.7504,14.8427,53.4339,14.8260,0.7058,-1.9331,279.3513,-56.6661,-1.0000,1.0000,0.0000,-0.9947,-58.2929,14.1626,1.0000,0.0000,1,0,0,0,0,4.6482
39.8448,112.0639,0.0863,203.9029,15.0701,54.2522,15.0533,0.7109,4.0059,276.0132,-58.8284,-1.0000,1.0000,0.0000,-0.9970,-59.1663,15.3933,1.0000,0.0000,1,0,0,0,0,4.8310
39.8973,111.2857,0.0863,203.9993,14.9564,53.8429,14.9396,0.7086,-2.1656,272.6677,-63.7297,-1.0000,1.0000,0.0000,-0.9984,-59.5213,6.7626,1.0000,0.0000,1,0,0,0,0,4.6269
39.9492,110.5107,0.0863,204.0525,14.8427,53.4337,14.8259,0.7065,-2.1919,269.3152,-64.6408,-1.0000,1.0000,0.0000,-0.9991,-59.7183,3.7985,1.0000,0.0000,1,0,0,0,0,4.5162
40.0070,109.6464,0.0863,204.0614,15.0700,54.2521,15.0532,0.7112,3.9292,265.9664,-57.8788,-1.0000,1.0000,0.0000,-0.9995,-59.8458,2.2022,1.0000,0.0000,1,0,0,0,0,4.0457
40.0622,108.8227,0.0863,204.0210,14.9564,53.8430,14.9396,0.7088,-2.0594,262.6152,-60.7415,-1.0000,1.0000,0.0000,-0.9997,-59.9138,1.2326,1.0000,0.0000,1,0,0,0,0,4.1539
40.1186,107.9834,0.0863,203.9301,14.8427,53.4338,14.8259,0.7067,-2.0158,259.2594,-59.5078,-1.0000,1.0000,0.0000,-0.9998,-59.9514,0.6668,1.0000,0.0000,1,0,0,0,0,4.0572
40.1731,107.1805,0.0863,203.7954,15.0700,54.2519,15.0532,0.7113,4.1710,255.9089,-61.4941,-1.0000,1.0000,0.0000,-0.9999,-59.9715,0.3687,1.0000,0.0000,1,0,0,0,0,4.1448
40.2247,106.4273,0.0863,203.6252,14.8427,53.4336,14.8258,0.7068,-4.4020,253.2240,-51.9920,-1.0000,1.0000,0.0000,-0.9999,-59.9838,0.2393,1.0000,0.0000,1,0,0,0,0,3.6161
40.3031,105.3050,0.0863,203.2894,14.9564,53.8429,14.9395,0.7090,1.4509,248.5329,-59.8682,-1.0000,1.0000,0.0000,-1.0000,-59.9911,0.0926,1.0000,0.0000,1,0,0,0,0,4.0422
40.3546,104.5836,0.0863,203.0183,14.8428,53.4339,14.8259,0.7068,-2.2059,245.1764,-65.1817,-1.0000,1.0000,0.0000,-1.0000,-59.9959,0.0937,1.0000,0.0000,1,0,0,0,0,4.3407
40.4064,103.8735,0.0863,202.7093,15.0754,54.2712,15.0621,0.6330,4.4897,242.7885,-46.0954,0.0000,1.0000,0.0000,-0.5553,-54.4271,107.4979,1.0000,0.0000,1,0,0,0,0,9.1627
40.4569,103.1909,0.0863,202.3842,14.8426,53.4335,14.8308,0.5927,-4.6043,241.6659,-22.2121,0.0000,1.0000,0.0000,-0.3468,-41.5044,255.6889,1.0000,0.0000,1,0,1,0,0,31.8330
40.5094,102.4886,0.0863,202.0311,15.0809,54.2914,15.0770,0.3462,4.5377,241.5001,-3.1568,1.0000,1.0000,0.0000,0.1828,-24.4210,325.3153,1.0000,0.0000,1,0,1,0,0,30.5197
40.5707,101.6760,0.0863,201.6090,15.0830,54.2986,15.0815,0.2079,0.0329,243.2931,29.2759,1.0000,1.0000,0.0000,0.5966,-0.1672,396.0143,1.0000,0.0000,1,0,1,0,0,31.8332
40.6277,100.9173,0.0863,201.2181,14.9614,53.8609,14.9482,0.6273,-2.1316,245.6734,41.7333,1.0000,1.0000,0.0000,0.7760,22.0418,389.3760,1.0000,0.0000,1,0,1,0,0,32.9474
40.6812,100.1958,0.0863,200.8697,15.0725,54.2611,15.0568,0.6886,2.0785,247.8976,41.5866,1.0000,1.0000,0.0000,0.8601,35.5142,251.9043,1.0000,0.0000,1,0,1,0,0,32.9956
40.7390,99.4004,0.0863,200.5334,15.0712,54.2562,15.0548,0.7013,-0.0237,251.5292,62.8181,1.0000,1.0000,0.0000,0.9309,45.1104,165.9900,1.0000,0.0000,1,0,1,0,0,33.4096
40.7906,98.6743,0.0863,200.2706,14.8427,53.4336,14.8261,0.7011,-4.4251,254.0669,49.1463,1.0000,1.0000,0.0000,0.9569,50.7859,109.9150,1.0000,0.0000,1,0,0,0,0,9.5453
40.8426,97.9309,0.0863,200.0446,15.0703,54.2530,15.0536,0.7091,4.3831,257.3048,62.3525,1.0000,1.0000,0.0000,0.9760,54.2927,67.5300,1.0000,0.0000,1,0,0,0,0,7.9215
40.8932,97.1965,0.0863,199.8625,14.9564,53.8429,14.9396,0.7087,-2.2496,260.5899,64.8708,1.0000,1.0000,0.0000,0.9867,56.5775,45.1184,1.0000,0.0000,1,0,0,0,0,6.8213
40.9512,96.3430,0.0863,199.7016,14.8427,53.4337,14.8258,0.7075,-1.9591,263.9045,57.1304,1.0000,1.0000,0.0000,0.9926,58.0136,24.7521,1.0000,0.0000,1,0,0,0,0,5.2640
41.0098,95.4742,0.0863,199.5919,15.0699,54.2517,15.0531,0.7126,3.8793,267.2275,56.7310,1.0000,1.0000,0.0000,0.9959,58.9203,15.4797,1.0000,0.0000,1,0,0,0,0,4.7210
41.0697,94.5812,0.0863,199.5347,14.9563,53.8427,14.9394,0.7104,-1.8973,270.5600,55.6464,1.0000,1.0000,0.0000,0.9977,59.3830,7.7265,1.0000,0.0000,1,0,0,0,0,4.2332
41.1291,93.6928,0.0863,199.5338,14.9563,53.8427,14.9394,0.7108,0.0001,274.5654,67.4239,1.0000,1.0000,0.0000,0.9989,59.6658,4.7606,1.0000,0.0000,1,0,0,0,0,4.7231
41.1878,92.8154,0.0863,199.5873,14.8427,53.4336,14.8258,0.7086,-1.9341,277.9090,56.9095,1.0000,1.0000,0.0000,0.9994,59.8088,2.4339,1.0000,0.0000,1,0,0,0,0,4.0130
41.2430,91.9955,0.0863,199.6868,15.0698,54.2514,15.0529,0.7133,4.1142,281.2482,60.4817,1.0000,1.0000,0.0000,0.9997,59.8979,1.6146,1.0000,0.0000,1,0,0,0,0,4.1598
41.2942,91.2432,0.0863,199.8209,14.9563,53.8427,14.9394,0.7110,-2.2190,284.5897,65.3245,1.0000,1.0000,0.0000,0.9998,59.9391,0.8040,1.0000,0.0000,1,0,0,0,0,4.3869
41.3560,90.3447,0.0863,200.0370,14.8428,53.4339,14.8258,0.7087,-1.8380,287.9355,54.1546,1.0000,1.0000,0.0000,0.9999,59.9651,0.4218,1.0000,0.0000,1,0,0,0,0,3.7482
41.4134,89.5224,0.0863,200.2901,15.0698,54.2512,15.0529,0.7132,3.9499,291.2758,58.1203,1.0000,1.0000,0.0000,0.9999,59.9824,0.3014,1.0000,0.0000,1,0,0,0,0,3.9555
41.4702,88.7294,0.0863,200.5873,15.0698,54.2513,15.0529,0.7135,0.0006,295.2873,70.7423,1.0000,1.0000,0.0000,1.0000,59.9903,0.1378,1.0000,0.0000,1,0,0,0,0,4.6480
41.5254,87.9738,0.0863,200.9225,14.9563,53.8426,14.9394,0.7111,-2.0534,298.6294,60.4554,1.0000,1.0000,0.0000,1.0000,59.9942,0.0709,1.0000,0.0000,1,0,0,0,0,4.0757
41.5779,87.2748,0.0863,201.2814,15.0698,54.2514,15.0529,0.7133,2.1634,301.3046,50.9737,1.0000,1.0000,0.0000,1.0000,59.9968,0.0507,1.0000,0.0000,1,0,0,0,0,3.5446
41.6386,86.4944,0.0863,201.7420,15.0725,54.2609,15.0580,0.6610,0.0435,304.9025,59.3299,0.0000,1.0000,0.0000,0.7026,57.9920,33.0601,1.0000,0.0000,1,0,0,0,0,5.7906
41.6903,85.8470,0.0863,202.1662,14.8426,53.4335,14.8301,0.6106,-4.4407,306.3138,27.2697,0.0000,1.0000,0.0000,0.4388,45.4334,242.6595,1.0000,0.0000,1,0,1,0,0,32.1321
41.7433,85.1941,0.0863,202.6182,15.0801,54.2883,15.0732,0.4546,4.4780,306.9402,11.8135,-1.0000,1.0000,0.0000,-0.0537,31.9819,253.6857,1.0000,0.0000,1,0,1,0,0,31.1085
41.8024,84.4757,0.0863,203.1322,14.9627,53.8658,14.9627,0.0175,-1.9854,305.8439,-18.5486,-1.0000,1.0000,0.0000,-0.4746,5.6064,446.2489,1.0000,0.0000,1,0,1,0,0,31.0481
41.8595,83.7821,0.0863,203.6291,14.9619,53.8628,14.9530,0.5156,-0.0146,303.2466,-45.5488,-1.0000,1.0000,0.0000,-0.7406,-8.8097,252.8164,1.0000,0.0000,1,0,1,0,0,33.0474
41.9107,83.1505,0.0863,204.0650,15.0733,54.2639,15.0578,0.6829,2.1746,301.0855,-42.1844,-1.0000,1.0000,0.0000,-0.8380,-33.6560,484.9814,1.0000,0.0000,1,0,1,0,0,33.0232
41.9746,82.3393,0.0863,204.5695,15.0715,54.2572,15.0553,0.6973,-0.0290,297.5016,-56.0860,-1.0000,1.0000,0.0000,-0.9200,-43.3489,151.6881,1.0000,0.0000,1,0,1,0,0,32.2370
42.0269,81.6534,0.0863,204.9451,14.9568,53.8444,14.9403,0.7011,-2.1912,294.3398,-60.4149,-1.0000,1.0000,0.0000,-0.9556,-49.8410,124.0515,1.0000,0.0000,1,0,1,0,0,30.9513
42.0860,80.8556,0.0863,205.3254,14.8427,53.4338,14.8261,0.7025,-1.9310,291.0893,-55.0353,-1.0000,1.0000,0.0000,-0.9753,-54.1592,73.1126,1.0000,0.0000,1,0,0,0,0,7.8292
42.1401,80.1065,0.0863,205.6306,15.0703,54.2529,15.0536,0.7089,4.2067,287.7972,-60.8641,-1.0000,1.0000,0.0000,-0.9863,-56.6073,45.2605,1.0000,0.0000,1,0,0,0,0,6.6014
42.1985,79.2807,0.0863,205.9121,14.9564,53.8431,14.9397,0.7076,-1.9500,284.4774,-56.8651,-1.0000,1.0000,0.0000,-0.9924,-58.0505,24.7202,1.0000,0.0000,1,0,0,0,0,5.2422
42.2486,78.5570,0.0863,206.1138,14.8426,53.4333,14.8258,0.7060,-2.2690,281.1389,-66.5476,-1.0000,1.0000,0.0000,-0.9958,-58.8226,15.3912,1.0000,0.0000,1,0,0,0,0,5.2656
42.3050,77.7340,0.0863,206.2941,15.0701,54.2522,15.0533,0.7109,4.0339,277.7981,-59.2461,-1.0000,1.0000,0.0000,-0.9977,-59.2851,8.2027,1.0000,0.0000,1,0,0,0,0,4.4547
42.3635,76.8703,0.0863,206.4294,14.9564,53.8429,14.9396,0.7087,-1.9440,274.4513,-57.2199,-1.0000,1.0000,0.0000,-0.9987,-59.5618,4.7305,1.0000,0.0000,1,0,0,0,0,4.1525
42.4243,75.9654,0.0863,206.5137,14.9563,53.8428,14.9395,0.7087,-0.0001,270.4310,-66.1538,-1.0000,1.0000,0.0000,-0.9994,-59.7985,3.8952,1.0000,0.0000,1,0,0,0,0,4.6024
42.4824,75.0951,0.0863,206.5396,14.8427,53.4336,14.8258,0.7066,-1.9544,267.0760,-57.6832,-1.0000,1.0000,0.0000,-0.9996,-59.8935,1.6326,1.0000,0.0000,1,0,0,0,0,4.0095
42.5336,74.3308,0.0863,206.5185,14.9564,53.8430,14.9396,0.7090,2.2218,264.3974,-52.3276,-1.0000,1.0000,0.0000,-0.9998,-59.9356,0.8229,1.0000,0.0000,1,0,0,0,0,3.6638
42.5849,73.5667,0.0863,206.4558,14.8426,53.4334,14.8258,0.7067,-2.2214,261.0414,-65.5211,-1.0000,1.0000,0.0000,-0.9999,-59.9619,0.5125,1.0000,0.0000,1,0,0,0,0,4.3828
42.6388,72.7682,0.0863,206.3456,15.0699,54.2517,15.0531,0.7113,4.2152,257.6910,-62.1307,-1.0000,1.0000,0.0000,-0.9999,-59.9786,0.3111,1.0000,0.0000,1,0,0,0,0,4.1770
42.6920,71.9875,0.0863,206.1927,14.9564,53.8430,14.9396,0.7088,-2.1332,254.3387,-62.9862,-1.0000,1.0000,0.0000,-1.0000,-59.9874,0.1640,1.0000,0.0000,1,0,0,0,0,4.2192
42.7461,71.2031,0.0863,205.9923,15.0700,54.2520,15.0532,0.7115,2.1020,251.6553,-49.6459,-1.0000,1.0000,0.0000,-1.0000,-59.9928,0.1002,1.0000,0.0000,1,0,0,0,0,3.4718
42.8027,70.3975,0.0863,205.7355,15.0699,54.2517,15.0531,0.7113,-0.0017,247.6316,-71.0643,-1.0000,1.0000,0.0000,-1.0000,-59.9961,0.0587,1.0000,0.0000,1,0,0,0,0,4.6592
42.8531,69.6926,0.0863,205.4660,14.8427,53.4337,14.8259,0.7068,-4.5046,244.9465,-53.2303,-1.0000,1.0000,0.0000,-1.0000,-59.9977,0.0315,1.0000,0.0000,1,0,0,0,0,3.6733
42.9108,68.9050,0.0863,205.1125,15.0700,54.2522,15.0532,0.7114,3.9410,241.5957,-58.0837,-1.0000,1.0000,0.0000,-1.0000,-59.9987,0.0183,1.0000,0.0000,1,0,0,0,0,3.9360
42.9680,68.1488,0.0863,204.7166,14.9564,53.8430,14.9396,0.7090,-1.9885,238.2432,-58.6553,-1.0000,1.0000,0.0000,-1.0000,-59.9993,0.0101,1.0000,0.0000,1,0,0,0,0,3.9703
43.0186,67.4989,0.0863,204.3273,14.8426,53.4335,14.8258,0.7068,-2.2475,234.8867,-66.3166,-1.0000,1.0000,0.0000,-1.0000,-59.9996,0.0054,1.0000,0.0000,1,0,0,0,0,4.3988
43.0706,66.8544,0.0863,203.8926,15.0701,54.2522,15.0533,0.7113,4.3729,231.5359,-64.4325,-1.0000,1.0000,0.0000,-1.0000,-59.9998,0.0032,1.0000,0.0000,1,0,0,0,0,4.2878
43.1236,66.2223,0.0863,203.4135,14.9573,53.8462,14.9422,0.6724,-2.1254,228.3978,-59.1402,0.0000,1.0000,0.0000,-0.7903,-59.2462,14.2022,1.0000,0.0000,1,0,0,0,0,4.7489
43.1741,65.6414,0.0863,202.9295,15.0793,54.2856,15.0697,0.5381,2.4169,227.4674,-18.4247,1.0000,1.0000,0.0000,-0.1182,-45.4434,273.3492,1.0000,0.0000,1,0,1,0,0,31.5588
43.2249,65.0686,0.0863,202.4327,14.9626,53.8654,14.9619,0.1413,-2.3005,228.1433,13.3225,1.0000,1.0000,0.0000,0.3791,-19.3381,514.5761,1.0000,0.0000,1,0,1,0,0,30.8818
43.2781,64.4700,0.0863,201.9055,15.0829,54.2986,15.0811,0.2361,2.2607,229.5684,26.7772,1.0000,1.0000,0.0000,0.6122,3.0573,420.7851,1.0000,0.0000,1,0,1,0,0,31.7224
43.3335,63.8450,0.0863,201.3636,14.9612,53.8604,14.9471,0.6506,-2.1979,231.9858,43.6583,1.0000,1.0000,0.0000,0.7846,24.3643,384.8105,1.0000,0.0000,1,0,1,0,0,33.0777
43.3901,63.1869,0.0863,200.8309,14.9573,53.8462,14.9412,0.6926,-0.0697,235.4126,60.5326,1.0000,1.0000,0.0000,0.8937,34.6022,180.8477,1.0000,0.0000,1,0,1,0,0,34.0575
43.4435,62.5402,0.0863,200.3598,15.0712,54.2562,15.0548,0.7022,2.1314,237.8763,46.1125,1.0000,1.0000,0.0000,0.9336,46.2532,218.0669,1.0000,0.0000,1,0,1,0,0,33.2607
43.5017,61.8104,0.0863,199.8868,15.0704,54.2533,15.0537,0.7079,-0.0136,241.7232,66.0806,1.0000,1.0000,0.0000,0.9672,52.2914,103.7204,1.0000,0.0000,1,0,0,0,0,10.1380
43.5525,61.1513,0.0863,199.5099,14.8427,53.4337,14.8260,0.7051,-4.4859,244.3372,51.5066,1.0000,1.0000,0.0000,0.9795,55.0195,53.7553,1.0000,0.0000,1,0,0,0,0,6.5605
43.6045,60.4559,0.0863,199.1595,15.0702,54.2526,15.0534,0.7114,4.3686,247.6291,63.2188,1.0000,1.0000,0.0000,0.9886,56.9591,37.2492,1.0000,0.0000,1,0,0,0,0,6.2896
43.6547,59.7700,0.0863,198.8582,14.8426,53.4335,14.8258,0.7074,-4.5404,250.2830,52.9588,1.0000,1.0000,0.0000,0.9929,58.1242,23.2498,1.0000,0.0000,1,0,0,0,0,4.9487
43.7059,59.0523,0.0863,198.5875,15.0699,54.2516,15.0530,0.7127,4.4332,253.6067,64.8373,1.0000,1.0000,0.0000,0.9961,58.9171,15.4676,1.0000,0.0000,1,0,0,0,0,5.1707
43.7652,58.2071,0.0863,198.3232,14.9563,53.8426,14.9394,0.7104,-1.9170,256.9395,56.2353,1.0000,1.0000,0.0000,0.9978,59.3853,7.8995,1.0000,0.0000,1,0,0,0,0,4.2756
43.8233,57.3629,0.0863,198.1152,14.9563,53.8426,14.9394,0.7109,-0.0001,260.9453,68.9034,1.0000,1.0000,0.0000,0.9989,59.6648,4.8078,1.0000,0.0000,1,0,0,0,0,4.8080
43.8734,56.6260,0.0863,197.9778,15.0699,54.2515,15.0530,0.7132,2.2679,263.6184,53.3744,1.0000,1.0000,0.0000,0.9993,59.8027,2.7545,1.0000,0.0000,1,0,0,0,0,3.8282
43.9296,55.7928,0.0863,197.8698,14.9563,53.8426,14.9394,0.7108,-2.0198,266.9591,59.4117,1.0000,1.0000,0.0000,0.9996,59.8842,1.4483,1.0000,0.0000,1,0,0,0,0,4.0940
43.9892,54.9043,0.0863,197.8091,14.8427,53.4337,14.8258,0.7086,-1.9077,270.3044,56.1763,1.0000,1.0000,0.0000,0.9998,59.9394,0.9277,1.0000,0.0000,1,0,0,0,0,3.8885
44.0456,54.0592,0.0863,197.8033,14.8427,53.4337,14.8257,0.7089,0.0000,274.3156,71.0662,1.0000,1.0000,0.0000,0.9999,59.9656,0.4640,1.0000,0.0000,1,0,0,0,0,4.6903
44.1036,53.1935,0.0863,197.8495,15.0698,54.2512,15.0529,0.7134,3.9140,277.6559,57.5706,1.0000,1.0000,0.0000,0.9999,59.9816,0.2759,1.0000,0.0000,1,0,0,0,0,3.9238
44.1549,52.4319,0.0863,197.9340,14.8427,53.4336,14.8257,0.7086,-4.4304,280.3326,52.2161,1.0000,1.0000,0.0000,1.0000,59.9892,0.1478,1.0000,0.0000,1,0,0,0,0,3.6252
44.2110,51.6041,0.0863,198.0735,15.0698,54.2512,15.0529,0.7132,4.0513,283.6732,59.5896,1.0000,1.0000,0.0000,1.0000,59.9939,0.0844,1.0000,0.0000,1,0,0,0,0,4.0251
44.2622,50.8581,0.0863,198.2433,14.9563,53.8425,14.9394,0.7109,-2.2156,287.0154,65.2215,1.0000,1.0000,0.0000,1.0000,59.9963,0.0460,1.0000,0.0000,1,0,0,0,0,4.3389
44.3124,50.1351,0.0863,198.4485,14.8426,53.4334,14.8257,0.7089,-2.2648,290.3616,66.6819,1.0000,1.0000,0.0000,1.0000,59.9979,0.0319,1.0000,0.0000,1,0,0,0,0,4.4227
44.3697,49.3255,0.0863,198.7289,15.0698,54.2513,15.0529,0.7134,3.9620,293.7022,58.2532,1.0000,1.0000,0.0000,1.0000,59.9989,0.0169,1.0000,0.0000,1,0,0,0,0,3.9473
44.4244,48.5702,0.0863,199.0412,14.9562,53.8423,14.9393,0.7110,-2.0775,297.0445,61.1240,1.0000,1.0000,0.0000,1.0000,59.9994,0.0096,1.0000,0.0000,1,0,0,0,0,4.1094
44.4791,47.8333,0.0863,199.3969,14.8427,53.4339,14.8258,0.7089,-2.0764,300.3907,61.2356,1.0000,1.0000,0.0000,1.0000,59.9996,0.0045,1.0000,0.0000,1,0,0,0,0,4.1186
44.5306,47.1597,0.0863,199.7696,14.9562,53.8425,14.9393,0.7108,2.2017,303.0620,51.8159,1.0000,1.0000,0.0000,1.0000,59.9998,0.0033,1.0000,0.0000,1,0,0,0,0,3.5917
44.5832,46.4933,0.0863,200.1871,14.8426,53.4334,14.8281,0.6569,-2.1627,305.9938,55.7985,0.0000,1.0000,0.0000,0.7026,57.9998,38.0630,1.0000,0.0000,1,0,0,0,0,5.8784
44.6451,45.7289,0.0863,200.7124,14.8427,53.4337,14.8367,0.4214,0.0015,306.9304,15.1145,-1.0000,1.0000,0.0000,-0.0979,38.7105,311.2900,1.0000,0.0000,1,0,1,0,0,31.2655
44.6966,45.1036,0.0863,201.1596,14.9627,53.8657,14.9625,0.0722,2.3317,306.0644,-16.8285,-1.0000,1.0000,0.0000,-0.4365,12.9064,501.4360,1.0000,0.0000,1,0,1,0,0,31.0073
44.7580,44.3568,0.0863,201.6961,14.9621,53.8636,14.9548,0.4683,-0.0095,303.5703,-40.5840,-1.0000,1.0000,0.0000,-0.7219,-13.0952,423.1010,1.0000,0.0000,1,0,1,0,0,32.7242
44.8108,43.7069,0.0863,202.1476,14.8427,53.4336,14.8270,0.6819,-2.2616,300.8819,-50.9061,-1.0000,1.0000,0.0000,-0.8456,-30.7805,334.8809,1.0000,0.0000,1,0,1,0,0,33.5173
44.8679,42.9869,0.0863,202.6028,15.0715,54.2574,15.0553,0.6985,4.0124,297.9045,-52.2087,-1.0000,1.0000,0.0000,-0.9142,-42.0981,198.4512,1.0000,0.0000,1,0,1,0,0,33.5957
44.9324,42.1437,0.0863,203.0701,14.9567,53.8440,14.9401,0.7031,-1.7807,294.7539,-48.8619,-1.0000,1.0000,0.0000,-0.9524,-48.5631,100.2646,1.0000,0.0000,1,0,0,0,0,8.9900
44.9899,41.3671,0.0863,203.4401,14.9566,53.8437,14.9400,0.7048,-0.0016,290.8582,-67.7289,-1.0000,1.0000,0.0000,-0.9765,-54.3609,100.7999,1.0000,0.0000,1,0,0,0,0,10.0695
45.0406,40.6650,0.0863,203.7278,15.0702,54.2529,15.0536,0.7088,2.2424,288.2222,-52.0120,-1.0000,1.0000,0.0000,-0.9853,-56.4934,42.0756,1.0000,0.0000,1,0,0,0,0,5.9326
45.0987,39.8444,0.0863,204.0113,14.9565,53.8433,14.9397,0.7076,-1.9575,284.9048,-57.0812,-1.0000,1.0000,0.0000,-0.9918,-57.7612,21.8143,1.0000,0.0000,1,0,0,0,0,5.0927
45.1583,38.9857,0.0863,204.2498,14.9564,53.8431,14.9396,0.7082,-0.0012,280.9030,-67.1482,-1.0000,1.0000,0.0000,-0.9960,-58.8451,18.1875,1.0000,0.0000,1,0,0,0,0,5.4511
45.2166,38.1314,0.0863,204.4310,14.8427,53.4338,14.8259,0.7064,-1.9478,277.5560,-57.3491,-1.0000,1.0000,0.0000,-0.9978,-59.3821,9.2014,1.0000,0.0000,1,0,0,0,0,4.4111
45.2765,37.2456,0.0863,204.5623,15.0700,54.2521,15.0532,0.7112,3.7989,274.2103,-55.9164,-1.0000,1.0000,0.0000,-0.9988,-59.6498,4.4734,1.0000,0.0000,1,0,0,0,0,4.0629
45.3291,36.4622,0.0863,204.6310,14.9564,53.8430,14.9396,0.7088,-2.1576,270.8609,-63.5933,-1.0000,1.0000,0.0000,-0.9993,-59.8008,2.8668,1.0000,0.0000,1,0,0,0,0,4.4031
45.3930,35.5069,0.0863,204.6560,14.9564,53.8430,14.9396,0.7089,-0.0002,266.8389,-62.9314,-1.0000,1.0000,0.0000,-0.9997,-59.8887,1.3759,1.0000,0.0000,1,0,0,0,0,4.2835
45.4555,34.5737,0.0863,204.6185,14.9563,53.8428,14.9395,0.7088,-0.0007,262.8159,-64.4139,-1.0000,1.0000,0.0000,-0.9998,-59.9355,0.7499,1.0000,0.0000,1,0,0,0,0,4.3311
45.5141,33.7010,0.0863,204.5271,14.8426,53.4335,14.8258,0.7067,-1.9392,259.4599,-57.2435,-1.0000,1.0000,0.0000,-0.9999,-59.9703,0.5935,1.0000,0.0000,1,0,0,0,0,3.9274
45.5714,32.8560,0.0863,204.3861,15.0701,54.2522,15.0533,0.7114,3.9689,256.1092,-58.4755,-1.0000,1.0000,0.0000,-0.9999,-59.9829,0.2189,1.0000,0.0000,1,0,0,0,0,3.9689
45.6266,32.0517,0.0863,204.2024,14.9564,53.8429,14.9396,0.7089,-2.0593,252.7569,-60.7152,-1.0000,1.0000,0.0000,-1.0000,-59.9909,0.1449,1.0000,0.0000,1,0,0,0,0,4.0921
45.6771,31.3260,0.0863,203.9936,14.8426,53.4334,14.8258,0.7066,-2.2563,249.4075,-66.4364,-1.0000,1.0000,0.0000,-1.0000,-59.9943,0.0678,1.0000,0.0000,1,0,0,0,0,4.4088
45.7278,30.6098,0.0863,203.7453,14.9564,53.8430,14.9396,0.7085,2.2410,246.7354,-52.6315,-1.0000,1.0000,0.0000,-1.0000,-59.9966,0.0458,1.0000,0.0000,1,0,0,0,0,3.6371
45.7801,29.8847,0.0863,203.4493,14.8426,53.4335,14.8258,0.7067,-2.1745,243.3797,-64.1494,-1.0000,1.0000,0.0000,-1.0000,-59.9981,0.0294,1.0000,0.0000,1,0,0,0,0,4.2797
45.8390,29.0904,0.0863,203.0691,15.0700,54.2520,15.0532,0.7114,3.8608,240.0288,-56.8954,-1.0000,1.0000,0.0000,-1.0000,-59.9990,0.0146,1.0000,0.0000,1,0,0,0,0,3.8698
45.9002,28.2916,0.0863,202.6250,15.0778,54.2799,15.0666,0.5790,0.1266,237.3355,-44.0417,1.0000,1.0000,0.0000,-0.2492,-54.4326,91.0231,1.0000,0.0000,1,0,0,0,0,8.0796
45.9720,27.3711,0.0863,202.0709,15.0823,54.2964,15.0817,0.1355,0.0639,237.9552,8.6348,1.0000,1.0000,0.0000,0.3833,-24.7974,412.9217,1.0000,0.0000,1,0,1,0,0,30.6145
46.0246,26.7012,0.0863,201.6592,14.9626,53.8653,14.9590,0.3301,-2.2760,239.8271,35.5795,1.0000,1.0000,0.0000,0.6576,6.4310,593.5565,1.0000,0.0000,1,0,1,0,0,32.3076
46.0820,25.9644,0.0863,201.2166,14.8427,53.4337,14.8273,0.6752,-2.0890,242.3562,44.0614,1.0000,1.0000,0.0000,0.8099,25.9576,340.1854,1.0000,0.0000,1,0,1,0,0,33.1302
46.1423,25.1721,0.0863,200.7825,15.0718,54.2586,15.0558,0.6946,3.7959,245.2438,47.8332,1.0000,1.0000,0.0000,0.8944,39.8131,229.5184,1.0000,0.0000,1,0,1,0,0,33.3487
46.1937,24.4817,0.0863,200.4500,14.9568,53.8446,14.9404,0.7007,-2.2409,248.3342,60.2144,1.0000,1.0000,0.0000,0.9414,46.9779,139.6026,1.0000,0.0000,1,0,1,0,0,31.8037
46.2497,23.7087,0.0863,200.1267,14.8428,53.4340,14.8261,0.7030,-2.0366,251.5405,57.2600,1.0000,1.0000,0.0000,0.9674,52.3365,95.6965,1.0000,0.0000,1,0,0,0,0,9.2081
46.3096,22.8628,0.0863,199.8298,14.8427,53.4337,14.8259,0.7061,-0.0014,255.4638,65.4953,1.0000,1.0000,0.0000,0.9839,55.6334,55.0390,1.0000,0.0000,1,0,0,0,0,7.4099
46.3678,22.0260,0.0863,199.5927,15.0700,54.2520,15.0532,0.7118,3.9042,258.7662,56.7260,1.0000,1.0000,0.0000,0.9911,57.4522,31.2407,1.0000,0.0000,1,0,0,0,0,5.5956
46.4186,21.2844,0.0863,199.4270,14.8428,53.4340,14.8259,0.7077,-4.4705,261.4251,52.3134,1.0000,1.0000,0.0000,0.9944,58.5303,21.2115,1.0000,0.0000,1,0,0,0,0,4.7999
46.4690,20.5404,0.0863,199.3019,15.0699,54.2516,15.0530,0.7128,4.5045,264.7526,65.9912,1.0000,1.0000,0.0000,0.9969,59.1121,11.5393,1.0000,0.0000,1,0,0,0,0,5.0168
46.5213,19.7642,0.0863,199.2137,14.9563,53.8426,14.9394,0.7107,-2.1736,268.0875,63.7974,1.0000,1.0000,0.0000,0.9983,59.4733,6.9088,1.0000,0.0000,1,0,0,0,0,4.6409
46.5820,18.8578,0.0863,199.1651,14.8426,53.4334,14.8257,0.7086,-1.8734,271.4297,55.0895,1.0000,1.0000,0.0000,0.9990,59.7145,3.9761,1.0000,0.0000,1,0,0,0,0,3.9975
46.6416,17.9650,0.0863,199.1735,15.0698,54.2514,15.0530,0.7131,3.8083,274.7681,55.9550,1.0000,1.0000,0.0000,0.9995,59.8456,2.1984,1.0000,0.0000,1,0,0,0,0,3.9405
46.6992,17.1080,0.0863,199.2345,15.0698,54.2512,15.0529,0.7134,-0.0010,278.7784,69.7135,1.0000,1.0000,0.0000,0.9997,59.9135,1.1799,1.0000,0.0000,1,0,0,0,0,4.6486
46.7615,16.1847,0.0863,199.3591,14.9563,53.8428,14.9394,0.7108,-1.8204,282.1201,53.6272,1.0000,1.0000,0.0000,0.9999,59.9542,0.6531,1.0000,0.0000,1,0,0,0,0,3.7285
46.8152,15.3965,0.0863,199.5148,14.8427,53.4338,14.8258,0.7087,-2.1159,285.4661,62.3149,1.0000,1.0000,0.0000,0.9999,59.9729,0.3473,1.0000,0.0000,1,0,0,0,0,4.1975
46.8748,14.5324,0.0863,199.7395,15.0699,54.2515,15.0530,0.7132,3.8069,288.8065,55.9893,1.0000,1.0000,0.0000,1.0000,59.9861,0.2215,1.0000,0.0000,1,0,0,0,0,3.8327
46.9343,13.6887,0.0863,200.0167,15.0699,54.2515,15.0530,0.7134,0.0003,292.8180,67.4876,1.0000,1.0000,0.0000,1.0000,59.9924,0.1056,1.0000,0.0000,1,0,0,0,0,4.4653
46.9894,12.9230,0.0863,200.3202,14.9562,53.8424,14.9393,0.7110,-2.0624,296.1602,60.6490,1.0000,1.0000,0.0000,1.0000,59.9956,0.0589,1.0000,0.0000,1,0,0,0,0,4.0857
47.0412,12.2187,0.0863,200.6461,15.0698,54.2512,15.0529,0.7132,2.1918,298.8355,51.6348,1.0000,1.0000,0.0000,1.0000,59.9977,0.0402,1.0000,0.0000,1,0,0,0,0,3.5807
47.0916,11.5538,0.0863,200.9987,14.9563,53.8427,14.9394,0.7109,-2.2512,302.1777,66.2998,1.0000,1.0000,0.0000,1.0000,59.9986,0.0188,1.0000,0.0000,1,0,0,0,0,4.3974
47.1421,10.9054,0.0863,201.3875,14.8427,53.4336,14.8274,0.6724,-2.2513,305.3086,62.0272,0.0000,1.0000,0.0000,0.7903,59.9991,0.0100,1.0000,0.0000,1,0,0,0,0,4.1260
47.2043,10.1327,0.0863,201.9047,15.0781,54.2811,15.0670,0.5775,3.7855,306.9720,26.7486,-1.0000,1.0000,0.0000,0.2292,47.6524,198.5410,1.0000,0.0000,1,0,1,0,0,32.0605
47.2637,9.4083,0.0863,202.4180,14.9625,53.8648,14.9608,0.2248,-1.9467,306.5505,-7.0978,-1.0000,1.0000,0.0000,-0.3175,19.6920,470.7561,1.0000,0.0000,1,0,1,0,0,30.6197
47.3179,8.7504,0.0863,202.8925,14.8427,53.4337,14.8407,0.2406,-2.2093,304.8227,-31.8745,-1.0000,1.0000,0.0000,-0.6210,-7.4372,500.4745,1.0000,0.0000,1,0,1,0,0,32.0140
47.3707,8.1052,0.0863,203.3498,15.0801,54.2885,15.0660,0.6534,4.4970,302.3746,-46.3627,-1.0000,1.0000,0.0000,-0.7896,-23.4838,303.8948,1.0000,0.0000,1,0,1,0,0,33.2256
47.4316,7.3447,0.0863,203.8506,15.0720,54.2592,15.0561,0.6930,-0.1337,298.9220,-56.6626,-1.0000,1.0000,0.0000,-0.8961,-38.2666,242.6117,1.0000,0.0000,1,0,1,0,0,33.8376
47.4865,6.6356,0.0863,204.2650,14.9569,53.8448,14.9406,0.6988,-2.0958,295.8173,-56.5307,-1.0000,1.0000,0.0000,-0.9423,-46.6934,153.4367,1.0000,0.0000,1,0,1,0,0,32.3657
47.5373,5.9599,0.0863,204.6137,15.0707,54.2546,15.0542,0.7051,2.2409,293.2500,-50.5451,-1.0000,1.0000,0.0000,-0.9640,-52.1742,107.9048,1.0000,0.0000,1,0,0,0,0,9.5045
47.5924,5.2093,0.0863,204.9516,14.9565,53.8435,14.9399,0.7055,-2.0724,289.9836,-59.2863,-1.0000,1.0000,0.0000,-0.9800,-55.2632,56.0659,1.0000,0.0000,1,0,0,0,0,7.1160
47.6499,4.4062,0.0863,205.2584,14.8427,53.4337,14.8259,0.7049,-1.9810,286.6748,-57.5718,-1.0000,1.0000,0.0000,-0.9889,-57.2174,34.0034,1.0000,0.0000,1,0,0,0,0,5.7999
47.7005,3.6854,0.0863,205.4881,15.0701,54.2523,15.0534,0.7102,4.4960,283.3504,-65.7268,-1.0000,1.0000,0.0000,-0.9938,-58.2558,20.5291,1.0000,0.0000,1,0,0,0,0,5.4989
47.7582,2.8497,0.0863,205.7032,14.9564,53.8429,14.9396,0.7083,-1.9697,280.0127,-57.8098,-1.0000,1.0000,0.0000,-0.9966,-59.0767,14.2198,1.0000,0.0000,1,0,0,0,0,4.7120
47.8138,2.0333,0.0863,205.8622,14.8428,53.4342,14.8260,0.7064,-2.0430,276.6644,-60.2432,-1.0000,1.0000,0.0000,-0.9981,-59.4658,7.0009,1.0000,0.0000,1,0,0,0,0,4.4497
47.8724,1.1633,0.0863,205.9780,15.0700,54.2519,15.0532,0.7112,3.8723,273.3180,-57.0488,-1.0000,1.0000,0.0000,-0.9989,-59.7032,4.0471,1.0000,0.0000,1,0,0,0,0,4.1022
47.9281,0.3345,0.0863,206.0378,14.9564,53.8430,14.9396,0.7089,-2.0413,269.9681,-60.2010,-1.0000,1.0000,0.0000,-0.9994,-59.8345,2.3586,1.0000,0.0000,1,0,0,0,0,4.1865
47.9860,-0.5311,0.0863,206.0486,14.9563,53.8425,14.9393,0.7111,-0.0022,265.9435,-69.5279,-1.0000,1.0000,0.0000,-0.9997,-59.9065,1.2444,1.0000,0.0000,1,0,0,0,0,4.6449
48.0408,-1.3517,0.0863,206.0101,14.8427,53.4339,14.8258,0.7089,-2.0695,262.5850,-61.2347,-1.0000,1.0000,0.0000,-0.9998,-59.9383,0.5798,1.0000,0.0000,1,0,0,0,0,4.1506
48.1032,-2.2784,0.0863,205.9085,15.0699,54.2518,15.0531,0.7114,3.6423,259.2340,-53.7207,-1.0000,1.0000,0.0000,-0.9999,-59.9719,0.5387,1.0000,0.0000,1,0,0,0,0,3.7225
48.1653,-3.1919,0.0863,205.7473,15.0700,54.2519,15.0532,0.7113,0.0004,255.2102,-64.8275,-1.0000,1.0000,0.0000,-1.0000,-59.9850,0.2104,1.0000,0.0000,1,0,0,0,0,4.3212
48.2180,-3.9591,0.0863,205.5635,14.8426,53.4335,14.8258,0.7069,-4.3078,252.5252,-50.8818,-1.0000,1.0000,0.0000,-1.0000,-59.9911,0.1161,1.0000,0.0000,1,0,0,0,0,3.5476
48.2697,-4.7009,0.0863,205.3417,15.0700,54.2520,15.0532,0.7114,4.3953,249.1745,-64.7812,-1.0000,1.0000,0.0000,-1.0000,-59.9953,0.0808,1.0000,0.0000,1,0,0,0,0,4.3115
48.3300,-5.5466,0.0863,205.0338,15.0700,54.2518,15.0532,0.7113,-0.0006,245.1507,-66.8028,-1.0000,1.0000,0.0000,-1.0000,-59.9974,0.0346,1.0000,0.0000,1,0,0,0,0,4.4211
48.3828,-6.2715,0.0863,204.7194,14.8427,53.4338,14.8259,0.7068,-4.3012,242.4657,-50.8236,-1.0000,1.0000,0.0000,-1.0000,-59.9985,0.0207,1.0000,0.0000,1,0,0,0,0,3.5390
48.4329,-6.9423,0.0863,204.3843,15.0700,54.2519,15.0532,0.7113,4.5332,239.1149,-66.8442,-1.0000,1.0000,0.0000,-1.0000,-59.9991,0.0129,1.0000,0.0000,1,0,0,0,0,4.4223
48.4865,-7.6387,0.0863,203.9903,14.9594,53.8537,14.9460,0.6315,-2.0661,236.7249,-44.6520,0.0000,1.0000,0.0000,-0.5553,-53.7456,116.8362,1.0000,0.0000,1,0,0,0,0,9.6048
48.5373,-8.2881,0.0863,203.5920,15.0790,54.2844,15.0672,0.5963,2.3520,235.6027,-22.0639,0.0000,1.0000,0.0000,-0.3468,-40.6838,256.7915,1.0000,0.0000,1,0,1,0,0,31.8190
48.5916,-8.9704,0.0863,203.1528,14.9617,53.8622,14.9563,0.4015,-2.1603,235.1844,-7.7027,1.0000,1.0000,0.0000,0.1048,-25.8681,272.8760,1.0000,0.0000,1,0,1,0,0,30.8304
48.6538,-9.7448,0.0863,202.6375,14.9628,53.8662,14.9622,0.1379,0.0178,236.7652,25.4259,1.0000,1.0000,0.0000,0.5581,-0.9391,400.9690,1.0000,0.0000,1,0,1,0,0,31.5508
48.7078,-10.4194,0.0863,202.1899,14.8427,53.4336,14.8317,0.5694,-2.2239,239.0570,42.4149,1.0000,1.0000,0.0000,0.7546,20.3013,393.1131,1.0000,0.0000,1,0,1,0,0,32.9319
48.7598,-11.0753,0.0863,201.7736,14.9577,53.8477,14.9420,0.6842,2.2119,241.2348,41.8738,1.0000,1.0000,0.0000,0.8467,33.7538,258.6534,1.0000,0.0000,1,0,1,0,0,33.0125
48.8237,-11.9063,0.0863,201.3024,14.9570,53.8450,14.9407,0.6978,-0.0116,244.8301,56.2847,1.0000,1.0000,0.0000,0.9243,44.0153,160.6454,1.0000,0.0000,1,0,1,0,0,32.7514
48.8802,-12.6639,0.0863,200.9290,14.8427,53.4338,14.8261,0.7014,-2.0237,247.9958,56.0789,1.0000,1.0000,0.0000,0.9580,50.8534,121.1354,1.0000,0.0000,1,0,1,0,0,30.5540
48.9381,-13.4622,0.0863,200.5909,15.0703,54.2531,15.0536,0.7091,3.9287,251.2363,55.9426,1.0000,1.0000,0.0000,0.9767,54.7128,66.6266,1.0000,0.0000,1,0,0,0,0,7.5152
48.9977,-14.3019,0.0863,200.2936,15.0701,54.2522,15.0533,0.7114,-0.0040,255.1846,66.2196,1.0000,1.0000,0.0000,0.9885,56.9387,37.3321,1.0000,0.0000,1,0,0,0,0,6.4610
49.0549,-15.1234,0.0863,200.0577,14.9563,53.8427,14.9395,0.7098,-1.9894,258.4993,57.9763,1.0000,1.0000,0.0000,0.9936,58.1813,21.7338,1.0000,0.0000,1,0,0,0,0,5.1402
49.1170,-16.0305,0.0863,199.8571,14.8427,53.4338,14.8258,0.7080,-1.8288,261.8305,53.6228,1.0000,1.0000,0.0000,0.9964,59.0646,14.2187,1.0000,0.0000,1,0,0,0,0,4.4845
49.1769,-16.9166,0.0863,199.7202,14.8427,53.4338,14.8258,0.7085,0.0002,265.8326,66.8017,1.0000,1.0000,0.0000,0.9982,59.4940,7.1662,1.0000,0.0000,1,0,0,0,0,4.8253
49.2281,-17.6779,0.0863,199.6474,14.9563,53.8426,14.9394,0.7106,2.2182,268.5002,52.1136,1.0000,1.0000,0.0000,0.9989,59.6931,3.8892,1.0000,0.0000,1,0,0,0,0,3.8239
49.2809,-18.4667,0.0863,199.6154,14.8428,53.4339,14.8258,0.7086,-2.1512,271.8439,63.3593,1.0000,1.0000,0.0000,0.9994,59.8110,2.2358,1.0000,0.0000,1,0,0,0,0,4.3603
49.3314,-19.2223,0.0863,199.6257,15.0698,54.2514,15.0529,0.7134,4.4941,275.1832,66.0873,1.0000,1.0000,0.0000,0.9997,59.8963,1.6872,1.0000,0.0000,1,0,0,0,0,4.4753
49.3827,-19.9870,0.0863,199.6770,14.8427,53.4336,14.8257,0.7086,-4.4313,277.8594,52.2021,1.0000,1.0000,0.0000,0.9998,59.9368,0.7894,1.0000,0.0000,1,0,0,0,0,3.6601
49.4433,-20.8866,0.0863,199.7910,14.8426,53.4335,14.8257,0.7088,-0.0004,281.8705,66.1928,1.0000,1.0000,0.0000,0.9999,59.9652,0.4698,1.0000,0.0000,1,0,0,0,0,4.4198
49.4977,-21.6865,0.0863,199.9418,15.0698,54.2513,15.0529,0.7134,4.1713,285.2108,61.3333,1.0000,1.0000,0.0000,0.9999,59.9813,0.2954,1.0000,0.0000,1,0,0,0,0,4.1339
49.5497,-22.4408,0.0863,200.1281,14.8427,53.4338,14.8258,0.7086,-4.3693,287.8876,51.5006,1.0000,1.0000,0.0000,1.0000,59.9890,0.1469,1.0000,0.0000,1,0,0,0,0,3.5854
49.6071,-23.2619,0.0863,200.3820,14.8428,53.4339,14.8258,0.7089,0.0006,291.8992,69.8841,1.0000,1.0000,0.0000,1.0000,59.9937,0.0824,1.0000,0.0000,1,0,0,0,0,4.6034
49.6591,-23.9898,0.0863,200.6539,14.9563,53.8427,14.9403,0.6915,2.1821,294.4963,49.9132,0.0000,1.0000,0.0000,0.8890,59.3476,12.4175,1.0000,0.0000,1,0,0,0,0,4.1563
49.7132,-24.7330,0.0863,200.9733,14.8426,53.4334,14.8304,0.6010,-2.1028,296.5386,37.7776,-1.0000,1.0000,0.0000,0.3826,50.9704,154.9546,1.0000,0.0000,1,0,1,0,0,31.3147
49.7656,-25.4448,0.0863,201.3023,15.0812,54.2924,15.0780,0.3140,4.5536,296.4819,-1.0826,-1.0000,1.0000,0.0000,-0.2323,26.7460,462.2758,1.0000,0.0000,1,0,1,0,0,30.3725
49.8238,-26.2297,0.0863,201.6762,14.9629,53.8663,14.9621,0.1487,-2.0356,294.9599,-26.1739,-1.0000,1.0000,0.0000,-0.5737,0.9694,443.2985,1.0000,0.0000,1,0,1,0,0,31.6032
49.8837,-27.0408,0.0863,202.0580,14.9613,53.8606,14.9471,0.6508,-0.0265,292.0937,-47.8431,-1.0000,1.0000,0.0000,-0.7896,-21.5259,375.4846,1.0000,0.0000,1,0,1,0,0,33.3105
49.9377,-27.7827,0.0863,202.3817,15.0725,54.2611,15.0568,0.6883,2.0589,289.8340,-41.8174,-1.0000,1.0000,0.0000,-0.8686,-36.6476,279.8498,1.0000,0.0000,1,0,1,0,0,33.0082
49.9937,-28.5647,0.0863,202.6776,14.9571,53.8455,14.9409,0.6963,-2.0622,286.7951,-54.2824,-1.0000,1.0000,0.0000,-0.9270,-45.7233,162.1117,1.0000,0.0000,1,0,1,0,0,32.7202
50.0448,-29.2928,0.0863,202.9103,14.8427,53.4338,14.8262,0.6997,-2.2394,283.6129,-62.3049,-1.0000,1.0000,0.0000,-0.9595,-50.8485,100.3467,1.0000,0.0000,1,0,0,0,0,9.7433
50.1159,-30.3235,0.0863,203.1713,14.8426,53.4334,14.8260,0.7034,-0.0012,279.6990,-55.0193,-1.0000,1.0000,0.0000,-0.9800,-54.7690,55.1111,1.0000,0.0000,1,0,0,0,0,6.8292
50.1757,-31.2035,0.0863,203.3316,14.8427,53.4337,14.8259,0.7050,0.0012,275.7294,-66.4151,-1.0000,1.0000,0.0000,-0.9901,-57.3429,43.0648,1.0000,0.0000,1,0,0,0,0,6.7947
50.2353,-32.0898,0.0863,203.4367,15.0701,54.2523,15.0533,0.7105,3.8098,272.4021,-55.7520,-1.0000,1.0000,0.0000,-0.9945,-58.4849,19.1355,1.0000,0.0000,1,0,0,0,0,4.8676
50.2951,-32.9819,0.0863,203.4863,15.0701,54.2523,15.0533,0.7108,0.0001,268.3932,-67.0401,-1.0000,1.0000,0.0000,-0.9973,-59.1863,11.7288,1.0000,0.0000,1,0,0,0,0,5.0835
50.3537,-33.8579,0.0863,203.4801,14.9564,53.8429,14.9396,0.7086,-1.9410,265.0472,-57.1084,-1.0000,1.0000,0.0000,-0.9985,-59.5454,6.1301,1.0000,0.0000,1,0,0,0,0,4.2239
50.4134,-34.7487,0.0863,203.4185,14.8427,53.4337,14.8259,0.7067,-1.9041,261.6943,-56.1692,-1.0000,1.0000,0.0000,-0.9992,-59.7559,3.5252,1.0000,0.0000,1,0,0,0,0,4.0305
50.4647,-35.5094,0.0863,203.3210,15.0700,54.2521,15.0532,0.7113,4.4340,258.3454,-65.3154,-1.0000,1.0000,0.0000,-0.9995,-59.8510,1.8563,1.0000,0.0000,1,0,0,0,0,4.4397
50.5220,-36.3506,0.0863,203.1638,14.9563,53.8428,14.9395,0.7089,-1.9861,254.9941,-58.5324,-1.0000,1.0000,0.0000,-0.9997,-59.9206,1.2156,1.0000,0.0000,1,0,0,0,0,4.0303
50.5808,-37.2043,0.0863,202.9496,14.8427,53.4337,14.8259,0.7068,-1.9309,251.6382,-57.0247,-1.0000,1.0000,0.0000,-0.9999,-59.9572,0.6212,1.0000,0.0000,1,0,0,0,0,3.9169
50.6372,-38.0097,0.0863,202.6946,15.0700,54.2521,15.0532,0.7114,4.0289,248.2878,-59.3775,-1.0000,1.0000,0.0000,-0.9999,-59.9720,0.2622,1.0000,0.0000,1,0,0,0,0,4.0214
50.6907,-38.7555,0.0863,202.4097,14.9564,53.8430,14.9396,0.7090,-2.1252,244.9356,-62.7008,-1.0000,1.0000,0.0000,-1.0000,-59.9856,0.2554,1.0000,0.0000,1,0,0,0,0,4.2086
50.7471,-39.5250,0.0863,202.0638,14.8427,53.4336,14.8268,0.6875,-2.0165,241.6537,-58.1921,0.0000,1.0000,0.0000,-0.8890,-59.9922,0.1168,1.0000,0.0000,1,0,0,0,0,3.9342
50.8074,-40.3275,0.0863,201.6505,14.8427,53.4337,14.8317,0.5722,0.0004,239.4499,-36.5419,1.0000,1.0000,0.0000,-0.2292,-49.5277,173.5112,1.0000,0.0000,1,0,1,0,0,32.2478
50.8661,-41.0969,0.0863,201.2263,15.0819,54.2948,15.0804,0.2158,4.0719,239.8621,7.0176,1.0000,1.0000,0.0000,0.3175,-21.3196,480.1985,1.0000,0.0000,1,0,1,0,0,30.6045
50.9210,-41.8105,0.0863,200.8236,14.9629,53.8663,14.9607,0.2528,-2.1718,241.5771,31.2893,1.0000,1.0000,0.0000,0.6210,3.1266,446.0219,1.0000,0.0000,1,0,1,0,0,31.9917
50.9775,-42.5506,0.0863,200.4128,14.8427,53.4335,14.8278,0.6646,-2.1262,244.0189,43.1895,1.0000,1.0000,0.0000,0.7896,24.2906,374.3345,1.0000,0.0000,1,0,1,0,0,33.0711
51.0283,-43.2256,0.0863,200.0645,15.0722,54.2598,15.0562,0.6929,4.5175,246.8580,55.8829,1.0000,1.0000,0.0000,0.8831,37.2948,255.9671,1.0000,0.0000,1,0,1,0,0,33.7942
51.0842,-43.9857,0.0863,199.7181,14.9569,53.8450,14.9406,0.6997,-2.0623,249.9214,54.8316,1.0000,1.0000,0.0000,0.9351,45.8855,153.7623,1.0000,0.0000,1,0,1,0,0,32.2903
51.1465,-44.8550,0.0863,199.3810,14.8428,53.4339,14.8261,0.7024,-1.8321,253.1129,51.2036,1.0000,1.0000,0.0000,0.9640,51.0858,83.4338,1.0000,0.0000,1,0,0,0,0,8.1897
51.1988,-45.6000,0.0863,199.1408,15.0702,54.2527,15.0535,0.7098,4.3479,256.3678,62.2173,1.0000,1.0000,0.0000,0.9800,55.0348,75.4853,1.0000,0.0000,1,0,0,0,0,8.3567
51.2574,-46.4477,0.0863,198.9198,14.9563,53.8428,14.9395,0.7089,-1.9424,259.6624,56.1983,1.0000,1.0000,0.0000,0.9889,57.2643,38.0298,1.0000,0.0000,1,0,0,0,0,5.9459
51.3122,-47.2512,0.0863,198.7601,14.8427,53.4338,14.8258,0.7076,-2.0748,262.9822,60.6219,1.0000,1.0000,0.0000,0.9938,58.2916,18.7584,1.0000,0.0000,1,0,0,0,0,5.1251
51.3684,-48.0849,0.0863,198.6443,15.0699,54.2515,15.0530,0.7127,4.0387,266.3082,59.1346,1.0000,1.0000,0.0000,0.9966,59.0973,14.3268,1.0000,0.0000,1,0,0,0,0,4.7905
51.4218,-48.8799,0.0863,198.5801,14.9563,53.8425,14.9394,0.7106,-2.1277,269.6423,62.4392,1.0000,1.0000,0.0000,0.9981,59.4353,6.3280,1.0000,0.0000,1,0,0,0,0,4.5330
51.4868,-49.8516,0.0863,198.5620,14.9563,53.8428,14.9394,0.7108,0.0012,273.6490,61.6467,1.0000,1.0000,0.0000,0.9991,59.7039,4.1329,1.0000,0.0000,1,0,0,0,0,4.3673
51.5387,-50.6280,0.0863,198.5952,14.8428,53.4339,14.8258,0.7088,-2.1887,276.9932,64.4399,1.0000,1.0000,0.0000,0.9995,59.8299,2.4280,1.0000,0.0000,1,0,0,0,0,4.4312
51.5993,-51.5286,0.0863,198.6874,15.0698,54.2514,15.0530,0.7133,3.7493,280.3326,55.1379,1.0000,1.0000,0.0000,0.9997,59.9080,1.2898,1.0000,0.0000,1,0,0,0,0,3.8448
51.6664,-52.5179,0.0863,198.8562,15.0699,54.2515,15.0530,0.7133,0.0005,284.3435,59.7676,1.0000,1.0000,0.0000,0.9999,59.9497,0.6207,1.0000,0.0000,1,0,0,0,0,4.0649
51.7189,-53.2816,0.0863,199.0365,14.9563,53.8427,14.9394,0.7109,-2.1622,287.6853,63.6235,1.0000,1.0000,0.0000,0.9999,59.9743,0.4691,1.0000,0.0000,1,0,0,0,0,4.2737
51.7801,-54.1574,0.0863,199.2992,14.8427,53.4338,14.8258,0.7086,-1.8578,291.0314,54.7301,1.0000,1.0000,0.0000,1.0000,59.9861,0.1927,1.0000,0.0000,1,0,0,0,0,3.7674
51.8369,-54.9555,0.0863,199.5938,15.0698,54.2513,15.0529,0.7132,3.9967,294.3719,58.7913,1.0000,1.0000,0.0000,1.0000,59.9923,0.1092,1.0000,0.0000,1,0,0,0,0,3.9821
51.8922,-55.7115,0.0863,199.9246,14.9563,53.8425,14.9394,0.7108,-2.0547,297.7141,60.4721,1.0000,1.0000,0.0000,1.0000,59.9959,0.0657,1.0000,0.0000,1,0,0,0,0,4.0760
51.9481,-56.4571,0.0863,200.3042,14.9563,53.8426,14.9394,0.7111,0.0003,301.7258,71.7060,1.0000,1.0000,0.0000,1.0000,59.9977,0.0324,1.0000,0.0000,1,0,0,0,0,4.6986
52.0079,-57.2281,0.0863,200.7583,14.8427,53.4337,14.8258,0.7091,-1.8996,305.0813,56.1271,1.0000,1.0000,0.0000,1.0000,59.9987,0.0167,1.0000,0.0000,1,0,0,0,0,3.8357
52.0663,-57.9520,0.0863,201.2474,15.0698,54.2511,15.0528,0.7138,3.8862,308.4348,57.4015,1.0000,1.0000,0.0000,1.0000,59.9993,0.0104,1.0000,0.0000,1,0,0,0,0,3.9000
52.1223,-58.6157,0.0863,201.7567,14.9572,53.8459,14.9420,0.6744,-2.0099,311.5692,55.9749,0.0000,1.0000,0.0000,0.7903,58.8590,20.3643,1.0000,0.0000,1,0,0,0,0,4.9174
52.1850,-59.3300,0.0863,202.3633,14.9607,53.8584,14.9484,0.6049,0.0552,313.7094,34.1598,0.0000,1.0000,0.0000,0.3901,47.7093,177.9606,1.0000,0.0000,1,0,1,0,0,32.3910
52.2375,-59.9162,0.0863,202.8895,14.8427,53.4338,14.8393,0.3164,-2.2433,313.6709,-0.7319,-1.0000,1.0000,0.0000,-0.2281,28.2369,370.3529,1.0000,0.0000,1,0,1,0,0,30.3604
52.2970,-60.5699,0.0863,203.4914,15.0830,54.2989,15.0823,0.1459,4.0438,312.1588,-25.4451,-1.0000,1.0000,0.0000,-0.5714,0.0107,474.9854,1.0000,0.0000,1,0,1,0,0,31.5587
52.3570,-61.2323,0.0863,204.0965,14.9618,53.8624,14.9508,0.5730,-2.0206,309.8283,-38.8384,-1.0000,1.0000,0.0000,-0.7620,-21.6962,361.7514,1.0000,0.0000,1,0,1,0,0,32.7322
52.4111,-61.8446,0.0863,204.6263,14.8426,53.4332,14.8268,0.6837,-2.2033,307.0398,-51.5364,-1.0000,1.0000,0.0000,-0.8678,-35.2862,251.1649,1.0000,0.0000,1,0,1,0,0,33.5541
52.4650,-62.4793,0.0863,205.1238,15.0714,54.2569,15.0552,0.6985,4.2451,304.0038,-56.3273,-1.0000,1.0000,0.0000,-0.9266,-44.3672,168.4855,1.0000,0.0000,1,0,1,0,0,33.1848
52.5211,-63.1660,0.0863,205.6052,14.9567,53.8442,14.9403,0.7019,-2.0422,300.8265,-56.6117,-1.0000,1.0000,0.0000,-0.9593,-51.2028,121.7907,1.0000,0.0000,1,0,1,0,0,30.6151
52.5785,-63.8955,0.0863,206.0568,14.8427,53.4337,14.8261,0.7029,-1.9880,297.5672,-56.8231,-1.0000,1.0000,0.0000,-0.9774,-54.5695,58.6975,1.0000,0.0000,1,0,0,0,0,7.1281
52.6388,-64.6908,0.0863,206.4847,14.8427,53.4337,14.8260,0.7048,-0.0001,293.6047,-65.6653,-1.0000,1.0000,0.0000,-0.9888,-56.9492,39.4348,1.0000,0.0000,1,0,0,0,0,6.5511
52.7010,-65.5369,0.0863,206.8725,15.0702,54.2525,15.0534,0.7103,3.6549,290.2805,-53.4152,-1.0000,1.0000,0.0000,-0.9938,-58.2123,20.2966,1.0000,0.0000,1,0,0,0,0,4.8021
52.7541,-66.2758,0.0863,207.1585,14.9564,53.8431,14.9396,0.7083,-2.1438,286.9428,-62.9106,-1.0000,1.0000,0.0000,-0.9966,-59.0816,16.3853,1.0000,0.0000,1,0,0,0,0,5.1157
52.8054,-67.0064,0.0863,207.3963,14.8427,53.4338,14.8259,0.7064,-2.2158,283.5945,-65.2501,-1.0000,1.0000,0.0000,-0.9981,-59.4527,7.2302,1.0000,0.0000,1,0,0,0,0,4.7405
52.8564,-67.7419,0.0863,207.5927,14.9564,53.8429,14.9396,0.7088,2.2299,280.9190,-52.4886,-1.0000,1.0000,0.0000,-0.9988,-59.6688,4.2411,1.0000,0.0000,1,0,0,0,0,3.8625
52.9120,-68.3474,0.1959,207.7128,10.0031,36.0113,9.9984,0.3076,-89.1065,276.9583,-71.2512,-1.0000,1.0000,0.0000,-0.9993,-59.8093,2.5275,1.0000,0.0000,1,0,0,0,0,4.5600
52.9738,-69.0169,0.1685,207.7700,11.6529,41.9503,11.6314,0.7062,26.6904,269.8872,-114.4020,-1.0000,1.0000,0.0000,-0.9997,-59.8946,1.3795,1.0000,0.0000,1,0,0,0,1,27.3414
53.0279,-69.5086,0.2333,207.8098,10.2420,36.8711,10.2233,0.6176,-26.0464,269.4911,-7.3127,-1.0000,1.0000,0.0000,-0.9998,-59.9417,0.8704,1.0000,0.0000,1,0,0,0,0,1.3591
53.0835,-70.0893,0.2363,207.8284,10.8305,38.9899,10.8121,0.6315,10.5882,267.0577,-43.7755,-1.0000,1.0000,0.0000,-0.9999,-59.9670,0.4548,1.0000,0.0000,1,0,0,0,0,3.3318
53.1355,-70.6644,0.2363,207.8206,11.2936,40.6571,11.2755,0.6392,8.9165,264.9485,-40.6093,-1.0000,1.0000,0.0000,-0.9999,-59.9810,0.2691,1.0000,0.0000,1,0,0,0,0,3.1200
53.1901,-71.2990,0.2363,207.7822,11.8707,42.7346,11.8528,0.6531,10.5593,262.2399,-49.5601,-1.0000,1.0000,0.0000,-1.0000,-59.9886,0.1386,1.0000,0.0000,1,0,0,0,0,3.5863
53.2438,-71.9500,0.2364,207.7122,12.4433,44.7960,12.4244,0.6863,10.6652,259.5077,-50.8910,-1.0000,1.0000,0.0000,-1.0000,-59.9941,0.1024,1.0000,0.0000,1,0,0,0,0,3.6603
53.3060,-72.7362,0.2364,207.5868,13.2014,47.5250,13.1828,0.7003,12.1803,256.1425,-54.0705,-1.0000,1.0000,0.0000,-1.0000,-59.9967,0.0423,1.0000,0.0000,1,0,0,0,0,3.8020
53.3642,-73.5241,0.2175,207.4120,14.5580,52.4086,14.5410,0.7029,23.3129,253.1001,-52.2843,-1.0000,1.0000,0.0000,-1.0000,-59.9982,0.0257,1.0000,0.0000,1,0,0,0,0,3.6304
53.4217,-74.3524,0.1596,207.1757,15.2644,54.9518,15.2475,0.7169,12.2925,249.8499,-56.5560,-1.0000,1.0000,0.0000,-1.0000,-59.9991,0.0147,1.0000,0.0000,1,0,0,0,0,3.8473
53.4844,-75.2085,0.0868,206.8739,13.0901,47.1242,13.0733,0.6621,-34.6727,245.9444,-62.2792,-1.0000,1.0000,0.0000,-1.0000,-59.9995,0.0071,1.0000,0.0000,1,0,0,0,0,4.2191
53.5364,-75.8471,0.0863,206.6090,13.6022,48.9680,13.5852,0.6809,9.8495,242.8902,-58.7385,-1.0000,1.0000,0.0000,-1.0000,-59.9997,0.0044,1.0000,0.0000,1,0,0,0,0,4.0144
53.5895,-76.5093,0.0863,206.2927,14.0593,50.6135,14.0424,0.6903,8.6131,240.3749,-47.3951,-1.0000,1.0000,0.0000,-1.0000,-59.9998,0.0022,1.0000,0.0000,1,0,0,0,0,3.3696
53.6418,-77.1697,0.0863,205.9322,14.6302,52.6686,14.6150,0.6670,10.9040,237.3475,-57.8257,0.0000,1.0000,0.0000,-0.7903,-59.2609,14.1154,1.0000,0.0000,1,0,0,0,0,4.6806
53.6986,-77.8928,0.0863,205.4959,14.8426,53.4334,14.8350,0.4758,3.7452,236.4307,-16.1625,1.0000,1.0000,0.0000,0.0059,-39.0048,357.0945,1.0000,0.0000,1,0,1,0,0,31.3788
53.7494,-78.5374,0.0863,205.0906,15.0827,54.2977,15.0826,0.0460,4.7172,237.4031,19.1059,1.0000,1.0000,0.0000,0.4480,-12.4244,522.2921,1.0000,0.0000,1,0,1,0,0,31.1072
53.8003,-79.1796,0.0863,204.6831,14.8427,53.4336,14.8391,0.3249,-4.7204,238.9680,30.7777,1.0000,1.0000,0.0000,0.6552,8.3711,408.9899,1.0000,0.0000,1,0,1,0,0,32.0382
53.8523,-79.8419,0.0863,204.2726,15.0775,54.2791,15.0622,0.6797,4.5125,241.4873,48.4070,1.0000,1.0000,0.0000,0.8085,26.8203,354.4926,1.0000,0.0000,1,0,1,0,0,33.3655
53.9025,-80.4915,0.0863,203.9000,14.9572,53.8461,14.9412,0.6926,-2.4000,244.3728,57.5800,1.0000,1.0000,0.0000,0.8937,38.4330,231.7275,1.0000,0.0000,1,0,1,0,0,33.8934
53.9619,-81.2845,0.0863,203.4976,14.8426,53.4333,14.8261,0.6984,-1.9297,247.4654,52.0509,1.0000,1.0000,0.0000,0.9410,46.7452,139.9028,1.0000,0.0000,1,0,1,0,0,31.3699
54.0121,-81.9710,0.0863,203.1940,14.9566,53.8438,14.9400,0.7044,2.2693,250.0178,50.8022,1.0000,1.0000,0.0000,0.9631,52.1597,107.7646,1.0000,0.0000,1,0,0,0,0,9.5157
54.0741,-82.8383,0.0863,202.8685,14.9565,53.8434,14.9397,0.7077,-0.0019,253.9293,63.1421,1.0000,1.0000,0.0000,0.9818,55.3861,52.0842,1.0000,0.0000,1,0,0,0,0,7.1113
54.1324,-83.6730,0.0863,202.6127,14.8428,53.4339,14.8259,0.7069,-1.9488,257.2322,56.5903,1.0000,1.0000,0.0000,0.9899,57.4791,35.8604,1.0000,0.0000,1,0,0,0,0,5.8505
54.1872,-84.4701,0.0863,202.4191,15.0699,54.2517,15.0531,0.7123,4.1452,260.5488,60.5154,1.0000,1.0000,0.0000,0.9944,58.5214,19.0174,1.0000,0.0000,1,0,0,0,0,5.1275
54.2519,-85.4220,0.0863,202.2499,15.0699,54.2516,15.0530,0.7128,-0.0006,264.5453,61.7940,1.0000,1.0000,0.0000,0.9972,59.0943,8.8590,1.0000,0.0000,1,0,0,0,0,4.6347
54.3024,-86.1715,0.0863,202.1627,14.9563,53.8427,14.9394,0.7108,-2.2491,267.8809,66.0479,1.0000,1.0000,0.0000,0.9985,59.5299,8.6250,1.0000,0.0000,1,0,0,0,0,4.8613
54.3617,-87.0579,0.0863,202.1114,14.8427,53.4337,14.8258,0.7086,-1.9151,271.2234,56.3385,1.0000,1.0000,0.0000,0.9991,59.7418,3.5713,1.0000,0.0000,1,0,0,0,0,4.0445
54.4174,-87.8897,0.0863,202.1134,15.0698,54.2512,15.0529,0.7133,4.0824,274.5622,60.0173,1.0000,1.0000,0.0000,0.9995,59.8513,1.9683,1.0000,0.0000,1,0,0,0,0,4.1536
54.4801,-88.8261,0.0863,202.1738,15.0699,54.2516,15.0530,0.7134,0.0016,278.5726,63.8785,1.0000,1.0000,0.0000,0.9998,59.9221,1.1275,1.0000,0.0000,1,0,0,0,0,4.3216
54.5389,-89.6974,0.0863,202.2859,14.9588,53.8518,14.9459,0.6228,-1.8901,281.2863,46.1913,-1.0000,1.0000,0.0000,0.4928,57.3783,43.2974,1.0000,0.0000,1,0,0,0,0,5.5961
54.5930,-90.4963,0.0863,202.4199,14.8426,53.4335,14.8381,0.3665,-2.1482,281.4930,3.8195,-1.0000,1.0000,0.0000,-0.1711,31.8992,471.0299,1.0000,0.0000,1,0,1,0,0,30.5826
54.6533,-91.3836,0.0863,202.5818,15.0830,54.2987,15.0827,0.0897,3.9870,280.1166,-22.8321,-1.0000,1.0000,0.0000,-0.5397,4.9590,446.9192,1.0000,0.0000,1,0,1,0,0,31.3576
54.7110,-92.2325,0.0863,202.7345,14.9619,53.8629,14.9527,0.5259,-2.0981,277.8615,-39.0803,-1.0000,1.0000,0.0000,-0.7444,-19.8419,429.7877,1.0000,0.0000,1,0,1,0,0,32.6984
54.7709,-93.1183,0.0863,202.8701,14.9575,53.8470,14.9417,0.6869,-0.0734,274.5318,-55.5787,-1.0000,1.0000,0.0000,-0.8738,-32.8964,217.9024,1.0000,0.0000,1,0,1,0,0,33.7766
54.8306,-94.0067,0.0863,202.9582,14.8428,53.4340,14.8265,0.6945,-1.9226,271.4764,-51.2014,-1.0000,1.0000,0.0000,-0.9299,-45.3757,209.1273,1.0000,0.0000,1,0,1,0,0,33.5464
54.8815,-94.7682,0.0863,202.9925,15.0707,54.2545,15.0542,0.7045,4.4719,268.2925,-62.4684,-1.0000,1.0000,0.0000,-0.9611,-50.7409,105.2662,1.0000,0.0000,1,0,0,0,0,10.0198
54.9339,-95.5515,0.0863,202.9872,14.9566,53.8439,14.9400,0.7051,-2.1769,265.0329,-62.2040,-1.0000,1.0000,0.0000,-0.9784,-54.6659,74.9009,1.0000,0.0000,1,0,0,0,0,8.3240
54.9864,-96.3356,0.0863,202.9390,15.0702,54.2526,15.0535,0.7090,2.1641,262.3930,-50.3155,-1.0000,1.0000,0.0000,-0.9865,-56.6605,38.0164,1.0000,0.0000,1,0,0,0,0,5.6131
55.0393,-97.1202,0.0863,202.8477,14.9564,53.8429,14.9396,0.7076,-2.1517,259.0726,-62.7825,-1.0000,1.0000,0.0000,-0.9925,-58.0399,26.0809,1.0000,0.0000,1,0,0,0,0,5.6465
55.0966,-97.9648,0.0863,202.6998,14.8427,53.4335,14.8259,0.7061,-1.9844,255.7340,-58.2573,-1.0000,1.0000,0.0000,-0.9958,-58.9003,15.0132,1.0000,0.0000,1,0,0,0,0,4.7841
55.1484,-98.7194,0.0863,202.5225,15.0700,54.2521,15.0533,0.7109,4.3865,252.3932,-64.4474,-1.0000,1.0000,0.0000,-0.9977,-59.3207,8.1105,1.0000,0.0000,1,0,0,0,0,4.7386
55.2038,-99.5129,0.0863,202.2882,14.9564,53.8430,14.9396,0.7087,-2.0531,249.0462,-60.4681,-1.0000,1.0000,0.0000,-0.9987,-59.6013,5.0689,1.0000,0.0000,1,0,0,0,0,4.3517
55.2560,-100.2491,0.0863,202.0258,14.8426,53.4333,14.8287,0.6410,-2.1812,246.3589,-51.4985,0.0000,1.0000,0.0000,-0.6239,-56.6171,57.1882,1.0000,0.0000,1,0,0,0,0,6.6860
55.3160,-101.0813,0.0863,201.6897,15.0797,54.2869,15.0712,0.5053,3.9493,245.2812,-17.9498,1.0000,1.0000,0.0000,-0.0490,-40.2484,272.6318,1.0000,0.0000,1,0,1,0,0,31.4999
55.3733,-101.8685,0.0863,201.3518,14.9627,53.8657,14.9624,0.0892,-2.0417,246.1222,14.6760,1.0000,1.0000,0.0000,0.4175,-13.5913,465.2158,1.0000,0.0000,1,0,1,0,0,30.9047
55.4301,-102.6483,0.0863,201.0124,14.8427,53.4339,14.8381,0.3729,-2.1116,248.0784,34.4357,1.0000,1.0000,0.0000,0.6766,12.4919,459.1422,1.0000,0.0000,1,0,1,0,0,32.2900
55.4953,-103.5482,0.0863,200.6377,14.8426,53.4335,14.8270,0.6807,-0.0018,251.2122,48.1028,1.0000,1.0000,0.0000,0.8403,29.7001,264.1424,1.0000,0.0000,1,0,1,0,0,33.3603
55.5532,-104.3632,0.0863,200.3432,15.0715,54.2576,15.0554,0.6977,3.9524,254.1723,51.1080,1.0000,1.0000,0.0000,0.9113,42.8428,226.9167,1.0000,0.0000,1,0,1,0,0,33.5337
55.6145,-105.2415,0.0863,200.0813,15.0706,54.2543,15.0541,0.7057,-0.0149,257.9431,61.4884,1.0000,1.0000,0.0000,0.9562,49.6627,111.2098,1.0000,0.0000,1,0,0,0,0,10.2968
55.6684,-106.0261,0.0863,199.8955,14.9565,53.8434,14.9398,0.7068,-2.1156,261.1809,60.0187,1.0000,1.0000,0.0000,0.9757,53.9083,78.6986,1.0000,0.0000,1,0,0,0,0,8.4154
55.7270,-106.8893,0.0863,199.7432,14.8426,53.4334,14.8258,0.7064,-1.9445,264.4692,56.1490,1.0000,1.0000,0.0000,0.9865,56.4644,43.6475,1.0000,0.0000,1,0,0,0,0,6.2581
55.7960,-107.9144,0.0863,199.6312,14.8427,53.4337,14.8258,0.7076,0.0012,268.4443,57.6231,1.0000,1.0000,0.0000,0.9933,58.0693,23.2645,1.0000,0.0000,1,0,0,0,0,5.2088
55.8534,-108.7724,0.0863,199.5944,15.0699,54.2515,15.0530,0.7126,3.9585,271.7691,57.9351,1.0000,1.0000,0.0000,0.9963,59.0425,16.9571,1.0000,0.0000,1,0,0,0,0,4.8700
55.9071,-109.5746,0.0863,199.6068,14.9563,53.8425,14.9394,0.7105,-2.1152,275.1025,62.0581,1.0000,1.0000,0.0000,0.9979,59.3950,6.5625,1.0000,0.0000,1,0,0,0,0,4.5248
55.9661,-110.4537,0.0863,199.6722,14.8427,53.4335,14.8257,0.7084,-1.9271,278.4439,56.6792,1.0000,1.0000,0.0000,0.9989,59.6719,4.6980,1.0000,0.0000,1,0,0,0,0,4.1258
56.0221,-111.2858,0.0863,199.7851,14.8427,53.4337,14.8258,0.7088,0.0010,282.4525,71.4900,1.0000,1.0000,0.0000,0.9994,59.8145,2.5433,1.0000,0.0000,1,0,0,0,0,4.8293
56.0778,-112.1022,0.0863,199.9452,15.0698,54.2511,15.0529,0.7134,4.0752,285.7919,59.9384,1.0000,1.0000,0.0000,0.9997,59.9019,1.5683,1.0000,0.0000,1,0,0,0,0,4.1272
56.1364,-112.9505,0.0863,200.1639,14.9587,53.8511,14.9447,0.6457,-1.8964,288.4686,45.6917,0.0000,1.0000,0.0000,0.6244,55.2514,79.3846,1.0000,0.0000,1,0,0,0,0,7.5961
56.1916,-113.7410,0.0863,200.4033,14.8427,53.4338,14.8316,0.5754,-2.1017,289.8793,25.5758,-1.0000,1.0000,0.0000,0.2357,41.2938,253.0543,1.0000,0.0000,1,0,1,0,0,32.0024
56.2432,-114.4742,0.0863,200.6431,14.9621,53.8635,14.9588,0.3161,2.3122,289.6841,-3.7824,-1.0000,1.0000,0.0000,-0.2282,22.9821,354.7371,1.0000,0.0000,1,0,1,0,0,30.5270
56.3126,-115.4587,0.0863,200.9761,15.0826,54.2975,15.0791,0.3275,1.7360,287.3113,-34.1706,-1.0000,1.0000,0.0000,-0.6613,-3.6403,383.3922,1.0000,0.0000,1,0,1,0,0,32.2241
56.3635,-116.1819,0.0863,201.2141,14.8428,53.4340,14.8286,0.6477,-4.7135,285.3087,-39.3535,-1.0000,1.0000,0.0000,-0.7884,-26.1587,442.5092,1.0000,0.0000,1,0,1,0,0,32.8409
56.4166,-116.9442,0.0863,201.4384,15.0722,54.2600,15.0564,0.6907,4.3213,282.4618,-53.6159,-1.0000,1.0000,0.0000,-0.8825,-36.6769,198.0936,1.0000,0.0000,1,0,1,0,0,33.6661
56.4676,-117.6844,0.0863,201.6185,14.9570,53.8451,14.9407,0.6975,-2.2604,279.3896,-60.2544,-1.0000,1.0000,0.0000,-0.9348,-45.2601,168.3399,1.0000,0.0000,1,0,1,0,0,33.3992
56.5260,-118.5442,0.0863,201.7794,14.8427,53.4337,14.8262,0.7004,-1.9553,276.1888,-54.7697,-1.0000,1.0000,0.0000,-0.9638,-51.5296,107.2791,1.0000,0.0000,1,0,0,0,0,9.7105
56.5766,-119.2925,0.0863,201.8773,14.9566,53.8437,14.9399,0.7051,2.2543,273.5823,-51.5995,-1.0000,1.0000,0.0000,-0.9774,-54.7396,63.5465,1.0000,0.0000,1,0,0,0,0,7.1042
56.6319,-120.1171,0.0863,201.9404,14.8427,53.4339,14.8284,0.6528,-2.0585,270.6943,-52.2263,0.0000,1.0000,0.0000,-0.6900,-53.4882,22.6294,1.0000,0.0000,1,0,0,0,0,4.8184
56.6910,-121.0028,0.0863,201.9706,14.8427,53.4337,14.8309,0.5915,-0.0006,268.8153,-31.7499,0.0000,1.0000,0.0000,-0.3406,-41.4127,204.0427,1.0000,0.0000,1,0,1,0,0,32.3616
56.7473,-121.8442,0.0863,201.9782,15.0802,54.2887,15.0713,0.5177,4.2209,267.9244,-15.8335,-1.0000,1.0000,0.0000,-0.3001,-28.6829,226.2405,1.0000,0.0000,1,0,1,0,0,31.3945
56.7986,-122.6109,0.0863,201.9704,14.8427,53.4337,14.8302,0.6094,-4.6307,266.6497,-24.8533,-1.0000,1.0000,0.0000,-0.5629,-27.2008,28.8977,1.0000,0.0000,1,0,0,0,0,3.6021
56.8595,-123.5225,0.0863,201.9336,14.8427,53.4336,14.8276,0.6690,-0.0003,263.8127,-46.5489,-1.0000,1.0000,0.0000,-0.7842,-34.9416,127.0075,1.0000,0.0000,1,0,1,0,0,30.3181
56.9107,-124.2849,0.0863,201.8690,15.0723,54.2601,15.0565,0.6902,4.4847,260.9761,-55.4087,-1.0000,1.0000,0.0000,-0.8802,-42.6060,149.7154,1.0000,0.0000,1,0,1,0,0,32.0827
56.9618,-125.0421,0.0863,201.7690,14.8426,53.4335,14.8281,0.6572,-4.4984,258.7480,-43.6473,0.0000,1.0000,0.0000,-0.7155,-47.0075,86.2236,1.0000,0.0000,1,0,0,0,0,7.8792
57.0224,-125.9363,0.0863,201.6124,14.8428,53.4340,14.8309,0.5937,0.0027,256.7999,-32.1233,0.0000,1.0000,0.0000,-0.3532,-38.7331,136.4386,1.0000,0.0000,1,0,1,0,0,29.9645
57.0747,-126.7012,0.0863,201.4579,14.9615,53.8612,14.9521,0.5281,2.2721,256.0859,-13.6697,0.0000,1.0000,0.0000,-0.2206,-27.3289,218.3581,1.0000,0.0000,1,0,1,0,0,31.2889
57.1276,-127.4747,0.0863,201.2867,14.8427,53.4336,14.8373,0.4014,-2.2445,255.5546,-10.0415,0.0000,1.0000,0.0000,-0.1225,-19.4092,149.6617,1.0000,0.0000,1,0,1,0,0,29.2781
57.1891,-128.3708,0.0863,201.0739,14.8427,53.4338,14.8404,0.2615,0.0006,255.2163,-5.4984,0.0000,1.0000,0.0000,-0.0605,-11.9830,120.7120,1.0000,0.0000,1,0,1,0,0,27.2760
57.2464,-129.2017,0.0863,200.8665,15.0827,54.2977,15.0817,0.1736,4.1900,255.0777,-2.4201,0.0000,1.0000,0.0000,-0.0336,-6.8605,89.4392,1.0000,0.0000,1,0,0,0,0,5.2759
57.2999,-129.9769,0.0863,200.6672,14.9629,53.8663,14.9625,0.1105,-2.2387,255.0031,-1.3934,0.0000,1.0000,0.0000,-0.0186,-4.3898,46.1565,1.0000,0.0000,1,0,0,0,0,2.7524
57.3556,-130.7837,0.0863,200.4559,14.8426,53.4333,14.8424,0.0672,-2.1609,254.9555,-0.8547,0.0000,1.0000,0.0000,-0.0104,-2.6163,31.8604,1.0000,0.0000,1,0,0,0,0,1.8854
57.4100,-131.5696,0.0863,200.2474,15.0831,54.2990,15.0830,0.0394,4.4194,254.9258,-0.5463,0.0000,1.0000,0.0000,-0.0057,-1.5444,19.6995,1.0000,0.0000,1,0,0,0,0,1.1640
57.4661,-132.3811,0.0863,200.0305,14.9629,53.8665,14.9629,0.0213,-2.1400,254.9070,-0.3349,0.0000,1.0000,0.0000,-0.0032,-0.8529,12.3174,1.0000,0.0000,1,0,0,0,0,0.7243
57.5254,-133.2385,0.0863,199.8000,14.8427,53.4337,14.8427,0.0100,-2.0277,254.8943,-0.2152,0.0000,1.0000,0.0000,-0.0018,-0.5041,5.8835,1.0000,0.0000,1,0,0,0,0,0.3489
57.5767,-133.9789,0.0863,199.6004,15.0831,54.2990,15.0831,0.0028,4.6864,254.8849,-0.1821,0.0000,1.0000,0.0000,-0.0010,-0.2838,4.2955,1.0000,0.0000,1,0,0,0,0,0.2516
57.6358,-134.8320,0.0863,199.3699,14.9629,53.8665,14.9629,0.0023,-2.0336,254.8818,-0.0537,0.0000,1.0000,0.0000,-0.0005,-0.1591,2.1101,1.0000,0.0000,1,0,0,0,0,0.1225
57.6975,-135.7244,0.0863,199.1284,14.8427,53.4337,14.8427,0.0070,-1.9458,254.8863,0.0733,0.0000,1.0000,0.0000,-0.0003,-0.0871,1.1658,1.0000,0.0000,1,0,0,0,0,0.0759
57.7481,-136.4550,0.0863,198.9307,15.0831,54.2991,15.0828,0.0940,4.7566,254.4710,-8.2174,-1.0000,1.0000,0.0000,-0.2976,-1.9962,37.7767,1.0000,0.0000,1,0,0,0,0,2.6487
57.7990,-137.1887,0.0863,198.7295,14.9623,53.8643,14.9567,0.4100,-2.3730,252.7935,-32.9588,-1.0000,1.0000,0.0000,-0.6100,-14.3423,242.5760,1.0000,0.0000,1,0,1,0,0,32.2421
57.8678,-138.1776,0.0863,198.4402,14.9582,53.8493,14.9429,0.6754,-0.0604,249.8290,-43.0475,-1.0000,1.0000,0.0000,-0.8075,-28.3397,203.2524,1.0000,0.0000,1,0,1,0,0,33.0688
57.9245,-138.9797,0.0863,198.1654,14.8426,53.4335,14.8267,0.6880,-2.0394,246.9321,-51.1420,-1.0000,1.0000,0.0000,-0.8931,-42.4682,249.4256,1.0000,0.0000,1,0,1,0,0,33.5365
57.9750,-139.6810,0.0863,197.8857,14.9570,53.8451,14.9407,0.6974,2.2629,244.4678,-48.7707,-1.0000,1.0000,0.0000,-0.9332,-48.4863,119.1012,1.0000,0.0000,1,0,0,0,0,10.0256
58.0295,-140.4212,0.0863,197.5449,14.8427,53.4338,14.8262,0.7004,-2.0969,241.2706,-58.6790,-1.0000,1.0000,0.0000,-0.9629,-52.9013,81.0292,1.0000,0.0000,1,0,0,0,0,8.4693
58.0908,-141.2306,0.0863,197.1129,14.8428,53.4340,14.8261,0.7035,0.0007,237.3474,-63.9905,-1.0000,1.0000,0.0000,-0.9817,-55.7540,46.5298,1.0000,0.0000,1,0,0,0,0,6.8510
58.1527,-142.0178,0.0863,196.6264,15.0702,54.2527,15.0535,0.7092,3.6769,234.0474,-53.3491,-1.0000,1.0000,0.0000,-0.9898,-57.6021,29.8786,1.0000,0.0000,1,0,0,0,0,5.3297
58.2073,-142.6842,0.0863,196.1564,14.9565,53.8434,14.9397,0.7093,-2.0822,230.7283,-60.7768,-1.0000,1.0000,0.0000,-0.9944,-58.6112,18.4764,1.0000,0.0000,1,0,0,0,0,5.1143
58.2645,-143.3532,0.0863,195.6234,14.9565,53.8433,14.9397,0.7083,-0.0006,226.7204,-70.0707,-1.0000,1.0000,0.0000,-0.9972,-59.2207,10.6575,1.0000,0.0000,1,0,0,0,0,5.1953
58.3240,-144.0148,0.0863,195.0261,14.8426,53.4335,14.8258,0.7065,-1.9111,223.3705,-56.2454,-1.0000,1.0000,0.0000,-0.9985,-59.5438,5.4237,1.0000,0.0000,1,0,0,0,0,4.1400
58.3771,-144.5708,0.0863,194.4611,15.0700,54.2520,15.0532,0.7111,4.2865,220.0233,-63.1076,-1.0000,1.0000,0.0000,-0.9991,-59.7106,3.1462,1.0000,0.0000,1,0,0,0,0,4.3886
58.4350,-145.1414,0.0863,193.8090,14.9563,53.8425,14.9395,0.7088,-1.9622,216.6730,-57.8006,-1.0000,1.0000,0.0000,-0.9995,-59.8610,2.5946,1.0000,0.0000,1,0,0,0,0,4.0662
58.4941,-145.6813,0.0863,193.1094,14.8426,53.4333,14.8258,0.7068,-1.9245,213.3176,-56.8034,-1.0000,1.0000,0.0000,-0.9997,-59.9242,1.0688,1.0000,0.0000,1,0,0,0,0,3.9294
58.5445,-146.1065,0.0863,192.4871,15.0700,54.2519,15.0532,0.7113,4.5119,209.9673,-66.4792,-1.0000,1.0000,0.0000,-0.9999,-59.9549,0.6101,1.0000,0.0000,1,0,0,0,0,4.4352
58.5993,-146.5309,0.0863,191.7858,14.9565,53.8434,14.9397,0.7089,-2.0689,206.6152,-61.1241,-1.0000,1.0000,0.0000,-0.9999,-59.9743,0.3527,1.0000,0.0000,1,0,0,0,0,4.1263
58.6580,-146.9393,0.0863,191.0090,14.8427,53.4338,14.8259,0.7068,-1.9400,203.2589,-57.2301,-1.0000,1.0000,0.0000,-1.0000,-59.9859,0.1977,1.0000,0.0000,1,0,0,0,0,3.9047
58.7294,-147.3703,0.0863,190.0327,14.8427,53.4337,14.8258,0.7069,-0.0007,199.2350,-56.3500,-1.0000,1.0000,0.0000,-1.0000,-59.9919,0.0840,1.0000,0.0000,1,0,0,0,0,3.8496
58.7838,-147.6487,0.0863,189.2680,15.0699,54.2516,15.0531,0.7114,4.1801,195.8842,-61.6502,-1.0000,1.0000,0.0000,-1.0000,-59.9960,0.0771,1.0000,0.0000,1,0,0,0,0,4.1374
58.8402,-147.8905,0.0863,188.4608,14.9564,53.8429,14.9395,0.7090,-2.0121,192.5318,-59.4156,-1.0000,1.0000,0.0000,-1.0000,-59.9979,0.0333,1.0000,0.0000,1,0,0,0,0,4.0138
58.8986,-148.0922,0.0863,187.6109,14.9594,53.8537,14.9460,0.6315,0.0515,189.4704,-52.4186,0.0000,1.0000,0.0000,-0.5553,-52.6016,126.6430,1.0000,0.0000,1,0,1,0,0,30.5811
58.9490,-148.2391,0.0863,186.8707,15.0790,54.2844,15.0672,0.5963,2.3744,188.3481,-22.2761,0.0000,1.0000,0.0000,-0.3468,-41.1399,227.5006,1.0000,0.0000,1,0,1,0,0,31.8308
59.0075,-148.3901,0.0863,186.0084,14.9615,53.8615,14.9531,0.5015,-2.0050,187.5163,-14.2006,0.0000,1.0000,0.0000,-0.1926,-26.7417,245.7942,1.0000,0.0000,1,0,1,0,0,31.2917
59.0705,-148.5338,0.0863,185.0778,14.9621,53.8636,14.9581,0.3487,0.0092,186.9875,-8.4015,0.0000,1.0000,0.0000,-0.0951,-17.0270,154.3424,1.0000,0.0000,1,0,1,0,0,29.3909
59.1257,-148.6486,0.0863,184.2584,14.8426,53.4335,14.8406,0.2468,-2.1620,186.7569,-4.1715,0.0000,1.0000,0.0000,-0.0528,-10.0538,126.1801,1.0000,0.0000,1,0,1,0,0,27.4912
59.1892,-148.7717,0.0863,183.3166,14.8427,53.4336,14.8418,0.1583,0.0005,186.6062,-2.3759,0.0000,1.0000,0.0000,-0.0261,-6.0192,63.5842,1.0000,0.0000,1,0,0,0,0,3.8245
59.2511,-148.8853,0.0863,182.3978,15.0828,54.2981,15.0825,0.1004,3.8824,186.5389,-1.0884,0.0000,1.0000,0.0000,-0.0145,-3.3639,42.9301,1.0000,0.0000,1,0,0,0,0,2.5454
59.3023,-148.9760,0.0863,181.6380,14.9629,53.8665,14.9628,0.0599,-2.3406,186.4993,-0.7733,0.0000,1.0000,0.0000,-0.0080,-2.0920,24.8296,1.0000,0.0000,1,0,0,0,0,1.4825
59.3617,-149.0790,0.0863,180.7546,14.8426,53.4334,14.8426,0.0342,-2.0244,186.4749,-0.4093,0.0000,1.0000,0.0000,-0.0045,-1.1260,16.2542,1.0000,0.0000,1,0,0,0,0,0.9603
59.4147,-149.1695,0.0863,179.9666,15.0831,54.2990,15.0831,0.0179,4.5406,186.4592,-0.2974,0.0000,1.0000,0.0000,-0.0025,-0.6766,8.4878,1.0000,0.0000,1,0,0,0,0,0.5059
59.4653,-149.2554,0.0863,179.2151,14.9630,53.8668,14.9630,0.0156,-2.3722,186.4476,-0.2291,0.0000,1.0000,0.0000,-0.0014,-0.3948,5.5673,1.0000,0.0000,1,0,0,0,0,0.3376
59.5245,-149.3559,0.0863,178.3344,14.8427,53.4336,14.8427,0.0154,-2.0326,186.4384,-0.1546,0.0000,1.0000,0.0000,-0.0008,-0.2202,2.9490,1.0000,0.0000,1,0,0,0,0,0.1880
59.5813,-149.4517,0.0863,177.4889,15.0831,54.2990,15.0831,0.0055,4.2294,186.4315,-0.1224,0.0000,1.0000,0.0000,-0.0004,-0.1228,1.7135,1.0000,0.0000,1,0,0,0,0,0.1075
59.6325,-149.5374,0.0863,176.7289,14.9629,53.8664,14.9629,0.0004,-2.3485,186.4253,-0.1205,0.0000,1.0000,0.0000,-0.0002,-0.0736,0.9624,1.0000,0.0000,1,0,0,0,0,0.0605
59.6828,-149.6212,0.0863,175.9833,14.8963,53.6266,14.8963,0.0031,-1.3248,186.4207,-0.0911,0.0000,0.0000,0.0000,-0.0001,-0.0436,0.5954,0.6246,0.0000,1,0,0,0,0,0.0412
59.7358,-149.7088,0.0863,175.2021,14.7272,53.0179,14.7272,0.0053,-3.1912,186.4153,-0.1014,0.0000,0.0000,0.0000,-0.0001,-0.0256,0.3409,0.3468,0.0000,1,0,0,0,0,0.0300
59.7914,-149.7985,0.0863,174.4001,14.2834,51.4202,14.2834,0.0067,-7.9803,186.4102,-0.0933,0.0000,0.0000,0.0000,0.0000,-0.0167,0.1594,0.1926,0.0000,1,0,0,0,0,0.0210
