time,position_x,position_y,position_z,speed_ms,speed_kmh,forward_speed,sideways_speed,acceleration_ms2,yaw,yaw_rate,raw_steer_x,raw_throttle_y,raw_brake_z,steer_input,handlebar_angle,steer_rate,throttle,brake,is_grounded,harsh_brake,harsh_steer,high_side_slip,high_yaw_rate,risk_score
0.1295,185.1237,0.0971,102.8923,1.7477,6.2919,1.7477,0.0030,13.5008,269.8140,-1.4371,-0.0870,0.7576,0.3274,-0.4730,0.0000,0.0000,0.6917,0.6075,1,0,0,0,0,3.1428
0.1916,185.1068,0.0864,102.8914,0.5712,2.0563,0.5712,0.0027,-18.9393,269.5567,-4.1408,-0.0870,0.7576,0.3274,-0.5412,-30.0003,482.9304,0.8478,0.6463,1,0,0,0,0,13.5313
0.2500,185.0509,0.0864,102.8907,1.3692,4.9290,1.3692,0.0014,13.6674,269.3013,-4.3750,-0.0870,0.7576,0.3274,-0.5634,-31.6975,29.0703,0.9155,0.6580,1,0,0,0,0,5.1637
0.3183,184.9260,0.0864,102.8886,2.2370,8.0533,2.2370,0.0028,12.6916,268.9106,-5.7139,-0.0870,0.7576,0.3274,-0.5741,-32.9651,18.5375,0.9583,0.6632,1,0,0,0,0,4.6821
0.3750,184.7799,0.0864,102.8855,2.8535,10.2725,2.8535,0.0076,10.8838,268.5287,-6.7417,-0.0870,0.7576,0.3274,-0.5775,-33.9554,17.4836,0.9768,0.6648,1,0,0,0,0,4.7101
0.4281,184.6132,0.0864,102.8810,3.3708,12.1348,3.3708,0.0129,9.7381,268.1065,-7.9483,-0.0870,0.7576,0.3274,-0.5790,-34.3217,6.8962,0.9871,0.6654,1,0,0,0,0,4.2094
0.4825,184.4179,0.0864,102.8745,3.7976,13.6713,3.7975,0.0181,7.8478,267.6518,-8.3613,-0.0870,0.7576,0.3274,-0.5797,-34.5376,3.9699,0.9929,0.6657,1,0,0,0,0,4.0852
0.5339,184.2146,0.0864,102.8664,4.1458,14.9248,4.1457,0.0229,6.7768,267.1712,-9.3535,-0.0870,0.7576,0.3274,-0.5799,-34.6664,2.5074,0.9960,0.6658,1,0,0,0,0,4.0710
0.5943,183.9559,0.0864,102.8539,4.4278,15.9400,4.4277,0.0273,4.6623,266.6698,-8.2894,-0.0870,0.7576,0.3274,-0.5801,-34.7391,1.2007,0.9978,0.6658,1,0,0,0,0,3.9489
0.6536,183.6863,0.0864,102.8386,4.6550,16.7580,4.6549,0.0311,3.8325,266.1518,-8.7367,-0.0870,0.7576,0.3274,-0.5801,-34.7737,0.5850,0.9988,0.6659,1,0,0,0,0,3.9473
0.7049,183.4429,0.0864,102.8226,4.8375,17.4150,4.8374,0.0342,3.5592,265.6203,-10.3651,-0.0870,0.7576,0.3274,-0.5801,-34.7901,0.3182,0.9993,0.6659,1,0,0,0,0,4.0289
0.7682,183.1321,0.0864,102.7992,5.0093,18.0334,5.0091,0.0373,2.7130,264.9691,-10.2861,-0.0870,0.7576,0.3274,-0.5801,-34.7998,0.1535,0.9997,0.6659,1,0,0,0,0,4.0209
0.8213,182.8645,0.0864,102.7766,5.1007,18.3624,5.1005,0.0391,1.7216,264.5282,-8.3056,-0.0870,0.7576,0.3274,-0.5801,-34.8046,0.0909,0.9998,0.6659,1,0,0,0,0,3.9107
0.8738,182.5952,0.0864,102.7513,5.1941,18.6988,5.1939,0.0408,1.7813,263.9711,-10.6190,-0.0870,0.7576,0.3274,-0.5801,-34.8065,0.0364,0.9999,0.6659,1,0,0,0,0,4.0392
0.9239,182.3344,0.0864,102.7244,5.2688,18.9676,5.2686,0.0422,1.4900,263.4086,-11.2267,-0.0870,0.7576,0.3274,-0.5801,-34.8076,0.0219,0.9999,0.6659,1,0,0,0,0,4.0745
0.9761,182.0598,0.0864,102.6937,5.3175,19.1429,5.3173,0.0433,0.9328,262.9555,-8.6806,-0.0870,0.7576,0.3274,-0.5801,-34.8082,0.0115,1.0000,0.6659,1,0,0,0,0,3.9343
1.0346,181.7493,0.0864,102.6559,5.3758,19.3529,5.3756,0.0444,0.9975,262.2718,-11.6912,-0.0870,0.7576,0.3274,-0.5801,-34.8086,0.0059,1.0000,0.6659,1,0,0,0,0,4.1030
1.0852,181.4786,0.0864,102.6203,5.4068,19.4644,5.4066,0.0451,0.6115,261.8136,-9.0471,-0.0870,0.7576,0.3274,-0.5801,-34.8087,0.0029,1.0000,0.6659,1,0,0,0,0,3.9572
1.1462,181.1512,0.0864,102.5739,5.4438,19.5978,5.4436,0.0458,0.6082,261.1237,-11.3181,-0.0870,0.7576,0.3274,-0.5801,-34.8088,0.0014,1.0000,0.6659,1,0,0,0,0,4.0843
1.2072,180.8219,0.0864,102.5235,5.4679,19.6844,5.4677,0.0463,0.3941,260.5469,-9.4494,-0.0870,0.7576,0.3274,-0.5801,-34.8088,0.0006,1.0000,0.6659,1,0,0,0,0,3.9814
1.2683,180.4914,0.0864,102.4692,5.4905,19.7657,5.4903,0.0467,0.3694,259.8528,-11.3557,-0.0870,0.7576,0.3274,-0.5801,-34.8089,0.0003,1.0000,0.6659,1,0,0,0,0,4.0879
1.3279,180.1687,0.0864,102.4125,5.5050,19.8182,5.5048,0.0471,0.2445,259.2733,-9.7254,-0.0870,0.7576,0.3274,-0.5801,-34.8089,0.0001,1.0000,0.6659,1,0,0,0,0,3.9979
1.3894,179.8356,0.0864,102.3503,5.5187,19.8674,5.5185,0.0473,0.2224,258.5767,-11.3314,-0.0870,0.7576,0.3274,-0.5801,-34.8089,0.0000,1.0000,0.6659,1,0,0,0,0,4.0875
1.4394,179.5645,0.0864,102.2967,5.5259,19.8934,5.5257,0.0475,0.1443,258.1119,-9.2867,-0.0870,0.7576,0.3274,-0.5801,-34.8089,0.0000,1.0000,0.6659,1,0,0,0,0,3.9743
1.5006,179.2331,0.0864,102.2278,5.5346,19.9246,5.5344,0.0476,0.1418,257.4139,-11.4048,-0.0870,0.7576,0.3274,-0.5801,-34.8089,0.0000,1.0000,0.6659,1,0,0,0,0,4.0921
1.5602,178.9109,0.0864,102.1570,5.5403,19.9450,5.5401,0.0478,0.0951,256.8318,-9.7727,-0.0870,0.7576,0.3274,-0.5801,-34.8089,0.0000,1.0000,0.6659,1,0,0,0,0,4.0017
1.6188,178.5943,0.0864,102.0839,5.5448,19.9612,5.5446,0.0479,0.0769,256.2494,-9.9338,-0.0870,0.7576,0.3274,-0.5801,-34.8089,0.0000,1.0000,0.6659,1,0,0,0,0,4.0109
1.6702,178.3176,0.0864,102.0170,5.5484,19.9741,5.5482,0.0480,0.0695,255.6666,-11.3532,-0.0870,0.7576,0.3274,-0.5801,-34.8089,0.0000,1.0000,0.6659,1,0,0,0,0,4.0898
1.7224,178.0363,0.0864,101.9463,5.5513,19.9846,5.5511,0.0480,0.0557,255.0838,-11.1546,-0.0870,0.7576,0.3274,-0.5801,-34.8089,0.0000,1.0000,0.6659,1,0,0,0,0,4.0787
1.7858,177.6958,0.0864,101.8567,5.5535,19.9927,5.5533,0.0481,0.0357,254.5006,-9.1938,-0.0870,0.7576,0.3274,-0.5801,-34.8089,0.0000,1.0000,0.6659,1,0,0,0,0,3.9701
1.8359,177.4278,0.0864,101.7832,5.5553,19.9991,5.5551,0.0481,0.0355,253.9173,-11.6609,-0.0870,0.7576,0.3274,-0.5801,-34.8089,0.0001,1.0000,0.6659,1,0,0,0,0,4.1071
1.8873,177.1530,0.0864,101.7052,5.5567,20.0043,5.5565,0.0481,0.0279,253.3340,-11.3449,-0.0870,0.7576,0.3274,-0.5801,-34.8089,0.0000,1.0000,0.6659,1,0,0,0,0,4.0894
1.9404,176.8701,0.0864,101.6219,5.5577,20.0076,5.5575,0.0482,0.0174,252.8674,-8.7927,-0.0870,0.7576,0.3274,-0.5801,-34.8089,0.0000,1.0000,0.6659,1,0,0,0,0,3.9479
1.9981,176.5631,0.0864,101.5281,5.5588,20.0117,5.5586,0.0481,0.0200,252.1673,-12.1205,-0.0870,0.7576,0.3274,-0.5801,-34.8089,0.0000,1.0000,0.6659,1,0,0,0,0,4.1326
2.0520,176.2775,0.0864,101.4376,5.5594,20.0138,5.5592,0.0482,0.0105,251.7005,-8.6638,-0.0870,0.7576,0.3274,-0.5801,-34.8089,0.0000,1.0000,0.6659,1,0,0,0,0,3.9408
2.1063,175.9904,0.0864,101.3435,5.5600,20.0160,5.5598,0.0482,0.0111,251.1170,-10.7356,-0.0870,0.7576,0.3274,-0.5801,-34.8089,0.0000,1.0000,0.6659,1,0,0,0,0,4.0559
2.1599,175.7081,0.0864,101.2478,5.5605,20.0178,5.5603,0.0482,0.0098,250.5334,-10.8888,-0.0870,0.7576,0.3274,-0.5801,-34.8089,0.0000,1.0000,0.6659,1,0,0,0,0,4.0644
2.2153,175.4178,0.0864,101.1462,5.5609,20.0191,5.5607,0.0482,0.0065,249.9499,-10.5475,-0.0870,0.7576,0.3274,-0.5801,-34.8089,0.0000,1.0000,0.6659,1,0,0,0,0,4.0454
2.2691,175.1361,0.0864,101.0445,5.5612,20.0203,5.5610,0.0482,0.0058,249.3662,-10.8371,-0.0870,0.7576,0.3274,-0.5801,-34.8089,0.0000,1.0000,0.6659,1,0,0,0,0,4.0615
2.3258,174.8407,0.0864,100.9344,5.5614,20.0212,5.5612,0.0482,0.0045,248.7826,-10.2971,-0.0870,0.7576,0.3274,-0.5801,-34.8089,0.0000,1.0000,0.6659,1,0,0,0,0,4.0315
2.3786,174.5668,0.0864,100.8291,5.5616,20.0219,5.5614,0.0482,0.0040,248.1990,-11.0626,-0.0870,0.7576,0.3274,-0.5801,-34.8089,0.0000,1.0000,0.6659,1,0,0,0,0,4.0740
2.4297,174.3024,0.0864,100.7247,5.5618,20.0224,5.5616,0.0492,0.0028,247.7210,-9.3504,-0.1007,0.7576,0.3274,-0.6082,-35.0424,4.5684,1.0000,0.6659,1,0,0,0,0,4.2354
2.4907,173.9879,0.0864,100.5965,5.5619,20.0229,5.5616,0.0545,0.0020,246.9305,-12.9458,-0.1183,0.7576,0.3274,-0.6951,-37.0758,33.3025,1.0000,0.6659,1,0,0,0,0,6.0457
2.5487,173.6907,0.0864,100.4712,5.5618,20.0225,5.5615,0.0618,-0.0019,246.1767,-12.9968,-0.1339,0.7576,0.3274,-0.7896,-40.7457,63.2762,1.0000,0.6659,1,0,0,0,0,7.7334
2.5991,173.4341,0.0864,100.3593,5.5618,20.0224,5.5613,0.0701,-0.0002,245.3290,-16.8474,-0.1437,0.7576,0.3274,-0.8787,-45.0479,85.4941,1.0000,0.6659,1,0,0,0,0,9.2040
2.6505,173.1734,0.0864,100.2417,5.5616,20.0218,5.5611,0.0759,-0.0037,244.5992,-14.1897,-0.1496,0.7576,0.3274,-0.9282,-49.3316,83.2941,1.0000,0.6659,1,0,0,0,0,8.9499
2.7006,172.9211,0.0864,100.1236,5.5614,20.0211,5.5608,0.0814,-0.0037,243.6421,-19.1079,-0.1554,0.7576,0.3274,-0.9691,-52.9926,73.0903,1.0000,0.6659,1,0,0,0,0,8.6709
2.7578,172.6349,0.0864,99.9841,5.5611,20.0199,5.5605,0.0846,-0.0055,242.6598,-17.1574,-0.1554,0.7576,0.3274,-0.9867,-56.1008,54.2879,1.0000,0.6659,1,0,0,0,0,7.5268
2.8115,172.3691,0.0864,99.8489,5.5608,20.0188,5.5601,0.0863,-0.0057,241.6667,-18.5180,-0.1554,0.7576,0.3274,-0.9943,-57.6668,29.2012,1.0000,0.6659,1,0,0,0,0,6.2132
2.8729,172.0671,0.0864,99.6886,5.5606,20.0181,5.5599,0.0872,-0.0032,240.6690,-16.2274,-0.1633,0.7576,0.3274,-0.9975,-58.8077,18.5550,1.0000,0.6659,1,0,0,0,0,5.4969
2.9256,171.8111,0.0864,99.5468,5.5603,20.0172,5.5597,0.0875,-0.0048,239.6693,-18.9901,-0.1711,0.7576,0.3274,-0.9989,-59.3788,10.8493,1.0000,0.6659,1,0,0,0,0,5.2232
2.9799,171.5493,0.0864,99.3960,5.5603,20.0170,5.5596,0.0877,-0.0013,238.6688,-18.4135,-0.1711,0.7576,0.3274,-0.9995,-59.6709,5.3763,1.0000,0.6659,1,0,0,0,0,4.8875
3.0312,171.3045,0.0864,99.2500,5.5600,20.0158,5.5592,0.0938,-0.0062,237.6808,-19.2731,-0.1711,0.7576,0.3274,-0.9998,-59.8092,2.6975,1.0000,0.6659,1,0,0,0,0,4.8029
3.0841,171.0546,0.0864,99.0951,5.5599,20.0156,5.5592,0.0894,-0.0012,236.8903,-14.9451,-0.1711,0.7576,0.3274,-0.9999,-59.9040,1.7924,1.0000,0.6659,1,0,0,0,0,4.5003
3.1474,170.7590,0.0864,98.9042,5.5598,20.0152,5.5591,0.0873,-0.0020,235.7046,-18.7373,-0.1711,0.7576,0.3274,-1.0000,-59.9510,0.7427,1.0000,0.6659,1,0,0,0,0,4.6471
3.2017,170.5082,0.0864,98.7356,5.5598,20.0152,5.5591,0.0868,0.0002,234.7164,-18.1804,-0.1711,0.7576,0.3274,-1.0000,-59.9774,0.4854,1.0000,0.6659,1,0,0,0,0,4.6005
3.2538,170.2706,0.0864,98.5702,5.5598,20.0153,5.5591,0.0911,0.0005,233.7281,-18.9798,-0.1613,0.7576,0.3274,-1.0000,-59.9880,0.2045,1.0000,0.6659,1,0,0,0,0,4.6409
3.3056,170.0364,0.0864,98.4020,5.5597,20.0150,5.5589,0.0951,-0.0018,232.9308,-15.3741,-0.1515,0.7576,0.3274,-1.0000,-59.9936,0.1081,1.0000,0.6659,1,0,0,0,0,4.4462
3.3564,169.8098,0.0864,98.2334,5.5595,20.0142,5.5588,0.0893,-0.0039,231.9432,-19.4403,-0.1437,0.7576,0.3274,-0.9838,-59.8374,3.0744,1.0000,0.6659,1,0,0,0,0,4.8211
3.4074,169.5853,0.0864,98.0606,5.5595,20.0143,5.5589,0.0867,0.0005,231.1654,-15.2597,-0.1398,0.7576,0.3274,-0.9622,-59.0708,15.0414,1.0000,0.6659,1,0,0,0,0,5.2467
3.4632,169.3429,0.0864,97.8675,5.5596,20.0147,5.5590,0.0841,0.0019,230.2145,-17.0597,-0.1378,0.7107,0.3274,-0.9412,-57.9810,19.5525,1.0000,0.6659,1,0,0,0,0,5.5903
3.5257,169.0748,0.0864,97.6459,5.5597,20.0148,5.5591,0.0819,0.0002,229.0951,-17.8924,-0.1359,0.6129,0.3274,-0.9250,-56.9255,16.8691,1.0000,0.6659,1,0,0,0,0,5.4816
3.5878,168.8135,0.0864,97.4218,5.4964,19.7871,5.4959,0.0788,-1.0184,228.0074,-17.5159,-0.1339,0.4937,0.3274,-0.9076,-55.8815,16.8139,0.9425,0.6659,1,0,0,0,0,5.4516
3.6486,168.5684,0.0864,97.2040,5.2664,18.9591,5.2659,0.0718,-3.7857,227.1670,-13.8330,-0.1261,0.3881,0.3274,-0.8809,-54.7779,18.1654,0.8357,0.6659,1,0,0,0,0,5.3116
3.7051,168.3585,0.0864,97.0116,4.8252,17.3706,4.8248,0.0594,-7.8109,226.4297,-13.0509,-0.1203,0.2923,0.3274,-0.8441,-53.0779,30.0905,0.7007,0.6659,1,0,0,0,0,5.9109
3.7598,168.1800,0.0864,96.8434,4.1790,15.0445,4.1788,0.0435,-11.8142,225.8206,-11.1375,-0.1144,0.2063,0.3274,-0.8024,-51.3456,31.6747,0.5525,0.6659,1,0,0,0,0,5.8638
3.8159,168.0282,0.0864,96.6972,3.4007,12.2426,3.4006,0.0276,-13.8741,225.3353,-8.6504,-0.1144,0.1926,0.3274,-0.7797,-49.1656,38.8609,0.4404,0.6659,1,0,0,0,0,6.0908
3.8693,167.9149,0.0864,96.5858,2.6110,9.3995,2.6109,0.0149,-14.7799,224.9505,-7.2029,-0.1144,0.1848,0.3274,-0.7700,-47.8792,24.0741,0.3719,0.6659,1,0,0,0,0,5.1524
3.9243,167.8280,0.0864,96.4990,1.8813,6.7727,1.8813,0.0059,-13.2574,224.6475,-5.5049,-0.1144,0.1848,0.3274,-0.7658,-46.8975,17.8379,0.3328,0.6659,1,0,0,0,0,4.6729
3.9776,167.7696,0.0864,96.4397,1.2438,4.4777,1.2438,0.0003,-11.9602,224.4113,-4.4315,-0.1144,0.1848,0.3274,-0.7640,-46.4363,8.6512,0.3111,0.6659,1,0,0,0,0,4.0601
4.0293,167.7335,0.0864,96.4025,0.8048,2.8972,0.8048,0.0020,-8.4985,224.2619,-2.8911,-0.1144,0.1848,0.3274,-0.7633,-46.1350,5.8326,0.3010,0.6659,1,0,0,0,0,3.8512
4.0836,167.7139,0.0864,96.3820,0.3401,1.2244,0.3401,0.0028,-8.5504,224.1160,-2.6854,-0.1144,0.1848,0.3274,-0.7629,-45.9640,3.1473,0.2935,0.6659,1,0,0,0,0,3.6534
4.1468,167.7094,0.0864,96.3770,0.0010,0.0035,-0.0002,0.0009,-5.3645,223.9884,-2.0192,-0.1144,0.1848,0.3274,-0.7628,-45.8597,1.6498,0.2887,0.6659,1,0,0,0,0,3.5332
4.1995,167.7094,0.0864,96.3770,0.0009,0.0034,-0.0002,0.0009,-0.0004,223.8981,-1.7128,-0.1144,0.1848,0.3274,-0.7627,-45.8072,0.9969,0.2866,0.6659,1,0,0,0,0,3.4799
4.2534,167.7095,0.0864,96.3769,0.0009,0.0034,-0.0002,0.0009,-0.0001,223.8083,-1.6665,-0.1144,0.1848,0.3274,-0.7627,-45.7853,0.4069,0.2855,0.6659,1,0,0,0,0,3.4446
4.3043,167.7096,0.0864,96.3768,0.0009,0.0034,-0.0002,0.0009,0.0000,223.7367,-1.4085,-0.1144,0.1848,0.3274,-0.7627,-45.7720,0.2608,0.2850,0.6659,1,0,0,0,0,3.4221
4.3637,167.7096,0.0864,96.3767,0.0009,0.0034,-0.0002,0.0009,0.0000,223.6295,-1.8044,-0.1144,0.1848,0.3274,-0.7626,-45.7655,0.1091,0.2845,0.6659,1,0,0,0,0,3.4357
4.4218,167.7097,0.0864,96.3766,0.0009,0.0034,-0.0002,0.0009,0.0000,223.5401,-1.5363,-0.1144,0.1848,0.3274,-0.7626,-45.7621,0.0595,0.2843,0.6659,1,0,0,0,0,3.4180
4.4764,167.7098,0.0864,96.3766,0.0009,0.0034,-0.0002,0.0009,0.0000,223.4509,-1.6350,-0.1144,0.1848,0.3274,-0.7626,-45.7603,0.0317,0.2842,0.6659,1,0,0,0,0,3.4220
4.5269,167.7099,0.0864,96.3765,0.0009,0.0034,-0.0002,0.0009,-0.0001,223.3796,-1.4125,-0.1144,0.1828,0.3274,-0.7626,-45.7596,0.0147,0.2834,0.6659,1,0,0,0,0,3.4087
4.5848,167.7099,0.0864,96.3764,0.0009,0.0033,-0.0002,0.0009,-0.0001,223.2731,-1.8390,-0.1144,0.1828,0.3274,-0.7626,-45.7592,0.0074,0.2821,0.6659,1,0,0,0,0,3.4319
4.6351,167.7100,0.0864,96.3763,0.0009,0.0033,-0.0002,0.0009,0.0000,223.2023,-1.4068,-0.1144,0.1828,0.3274,-0.7626,-45.7590,0.0039,0.2815,0.6659,1,0,0,0,0,3.4077
4.6865,167.7101,0.0864,96.3763,0.0009,0.0033,-0.0002,0.0009,0.0000,223.1139,-1.7217,-0.1144,0.1828,0.3274,-0.7626,-45.7589,0.0018,0.2812,0.6659,1,0,0,0,0,3.4251
4.7453,167.7102,0.0864,96.3762,0.0009,0.0033,-0.0002,0.0009,0.0000,223.0257,-1.4984,-0.1144,0.1828,0.3274,-0.7626,-45.7588,0.0010,0.2810,0.6659,1,0,0,0,0,3.4127
4.7981,167.7102,0.0864,96.3761,0.0009,0.0033,-0.0002,0.0009,0.0000,222.9375,-1.6732,-0.1144,0.1828,0.3274,-0.7626,-45.7588,0.0005,0.2808,0.6659,1,0,0,0,0,3.4224
4.8591,167.7103,0.0864,96.3761,0.0009,0.0033,-0.0002,0.0009,0.0000,222.8493,-1.4437,-0.1144,0.1828,0.3274,-0.7626,-45.7588,0.0002,0.2808,0.6659,1,0,0,0,0,3.4096
4.9107,167.7104,0.0864,96.3760,0.0009,0.0033,-0.0002,0.0009,0.0000,222.7612,-1.7110,-0.1144,0.1828,0.3274,-0.7626,-45.7588,0.0000,0.2807,0.6659,1,0,0,0,0,3.4244
4.9671,167.7105,0.0864,96.3760,0.0009,0.0033,-0.0002,0.0009,0.0000,222.6730,-1.5634,-0.1144,0.1828,0.3274,-0.7626,-45.7588,0.0000,0.2807,0.6659,1,0,0,0,0,3.4162
5.0205,167.7105,0.0864,96.3759,0.0009,0.0033,-0.0002,0.0009,0.0000,222.5848,-1.6506,-0.1144,0.1828,0.3274,-0.7626,-45.7588,0.0000,0.2807,0.6659,1,0,0,0,0,3.4211
5.0719,167.7106,0.0864,96.3759,0.0009,0.0033,-0.0002,0.0009,0.0000,222.5143,-1.3719,-0.1144,0.1828,0.3274,-0.7626,-45.7588,0.0001,0.2807,0.6659,1,0,0,0,0,3.4056
5.1269,167.7107,0.0864,96.3759,0.0009,0.0033,-0.0002,0.0009,0.0000,222.4261,-1.6039,-0.1144,0.1828,0.3274,-0.7626,-45.7588,0.0000,0.2807,0.6659,1,0,0,0,0,3.4185
5.1780,167.7108,0.0864,96.3758,0.0009,0.0033,-0.0002,0.0009,0.0000,222.3380,-1.7258,-0.1144,0.1828,0.3274,-0.7626,-45.7588,0.0000,0.2807,0.6659,1,0,0,0,0,3.4252
5.2303,167.7108,0.0864,96.3758,0.0009,0.0033,-0.0002,0.0009,0.0000,222.2498,-1.6854,-0.1144,0.1828,0.3274,-0.7626,-45.7588,0.0000,0.2807,0.6659,1,0,0,0,0,3.4230
5.2826,167.7109,0.0864,96.3758,0.0009,0.0033,-0.0002,0.0009,0.0000,222.1792,-1.3498,-0.1144,0.1828,0.3274,-0.7626,-45.7588,0.0000,0.2807,0.6659,1,0,0,0,0,3.4044
5.3426,167.7110,0.0864,96.3757,0.0009,0.0033,-0.0002,0.0009,0.0000,222.0734,-1.7612,-0.1144,0.1828,0.3274,-0.7626,-45.7588,0.0000,0.2807,0.6659,1,0,0,0,0,3.4272
5.3932,167.7111,0.0864,96.3757,0.0009,0.0033,-0.0002,0.0009,0.0000,222.0029,-1.3955,-0.1144,0.1828,0.3274,-0.7626,-45.7588,0.0000,0.2807,0.6659,1,0,0,0,0,3.4069
5.4435,167.7111,0.0864,96.3757,0.0009,0.0033,-0.0002,0.0009,0.0000,221.9147,-1.7498,-0.1144,0.1828,0.3274,-0.7626,-45.7588,0.0000,0.2807,0.6659,1,0,0,0,0,3.4266
5.5036,167.7112,0.0864,96.3756,0.0009,0.0033,-0.0002,0.0009,0.0000,221.8266,-1.4671,-0.1144,0.1828,0.3274,-0.7626,-45.7588,0.0000,0.2807,0.6659,1,0,0,0,0,3.4109
5.5603,167.7113,0.0864,96.3756,0.0009,0.0033,-0.0002,0.0009,0.0000,221.7384,-1.5564,-0.1144,0.1828,0.3274,-0.7626,-45.7588,0.0000,0.2807,0.6659,1,0,0,0,0,3.4158
5.6109,167.7114,0.0864,96.3755,0.0009,0.0033,-0.0002,0.0009,0.0000,221.6503,-1.7398,-0.1144,0.1828,0.3274,-0.7626,-45.7588,0.0000,0.2807,0.6659,1,0,0,0,0,3.4260
5.6776,167.7115,0.0864,96.3755,0.0009,0.0033,-0.0002,0.0009,0.0000,221.5445,-1.5866,-0.1144,0.1828,0.3274,-0.7626,-45.7588,0.0000,0.2807,0.6659,1,0,0,0,0,3.4175
5.7305,167.7115,0.0864,96.3755,0.0009,0.0033,-0.0002,0.0009,0.0000,221.4564,-1.6661,-0.1144,0.1828,0.3274,-0.7626,-45.7588,0.0000,0.2807,0.6659,1,0,0,0,0,3.4219
5.7813,167.7116,0.0864,96.3754,0.0009,0.0033,-0.0002,0.0009,0.0000,221.3858,-1.3881,-0.1144,0.1828,0.3274,-0.7626,-45.7588,0.0000,0.2807,0.6659,1,0,0,0,0,3.4065
5.8316,167.7117,0.0864,96.3754,0.0009,0.0033,-0.0002,0.0009,0.0000,221.2976,-1.7525,-0.1144,0.1828,0.3274,-0.7626,-45.7588,0.0000,0.2807,0.6659,1,0,0,0,0,3.4267
5.8828,167.7117,0.0864,96.3753,0.0009,0.0033,-0.0002,0.0009,0.0000,221.2271,-1.3797,-0.1144,0.1828,0.3274,-0.7626,-45.7588,0.0000,0.2807,0.6659,1,0,0,0,0,3.4060
5.9445,167.7118,0.0864,96.3753,0.0009,0.0033,-0.0002,0.0009,0.0000,221.1213,-1.7137,-0.1144,0.1828,0.3274,-0.7626,-45.7588,0.0000,0.2807,0.6659,1,0,0,0,0,3.4246
5.9946,167.7119,0.0864,96.3753,0.0009,0.0033,-0.0002,0.0009,0.0000,221.0334,-1.7543,-0.1124,0.1828,0.3274,-0.7575,-45.7161,0.8516,0.2807,0.6659,1,0,0,0,0,3.4741
6.0457,167.7120,0.0864,96.3752,0.0009,0.0033,-0.0002,0.0009,0.0000,220.9636,-1.3650,-0.1124,0.1828,0.3274,-0.7536,-45.5507,3.2342,0.2807,0.6659,1,0,0,0,0,3.5849
6.1050,167.7120,0.0864,96.3752,0.0009,0.0033,-0.0002,0.0009,0.0000,220.8593,-1.7597,-0.1124,0.1828,0.3274,-0.7511,-45.3304,3.7144,0.2807,0.6659,1,0,0,0,0,3.6335
6.1606,167.7121,0.0864,96.3752,0.0009,0.0033,-0.0002,0.0009,0.0000,220.7725,-1.5612,-0.1124,0.1828,0.3274,-0.7502,-45.1723,2.8451,0.2807,0.6659,1,0,0,0,0,3.5742
6.2117,167.7122,0.0864,96.3751,0.0009,0.0033,-0.0002,0.0009,0.0000,220.7031,-1.3591,-0.1124,0.1828,0.3274,-0.7499,-45.0993,1.4302,0.2807,0.6659,1,0,0,0,0,3.4843
6.2717,167.7123,0.0864,96.3751,0.0009,0.0033,-0.0002,0.0009,0.0000,220.5990,-1.7355,-0.1124,0.1828,0.3274,-0.7497,-45.0408,0.9752,0.2807,0.6659,1,0,0,0,0,3.4800
6.3221,167.7123,0.0864,96.3751,0.0009,0.0033,-0.0002,0.0009,0.0000,220.5296,-1.3740,-0.1124,0.1828,0.3274,-0.7497,-45.0111,0.5878,0.2807,0.6659,1,0,0,0,0,3.4384
6.3741,167.7124,0.0864,96.3750,0.0009,0.0033,-0.0002,0.0009,0.0000,220.4429,-1.6704,-0.1124,0.1828,0.3274,-0.7497,-44.9970,0.2713,0.2807,0.6659,1,0,0,0,0,3.4372
6.4245,167.7125,0.0864,96.3750,0.0009,0.0033,-0.0002,0.0009,0.0000,220.3735,-1.3765,-0.1124,0.1828,0.3274,-0.7496,-44.9884,0.1713,0.2807,0.6659,1,0,0,0,0,3.4154
6.4751,167.7126,0.0864,96.3749,0.0009,0.0033,-0.0002,0.0009,0.0000,220.2868,-1.7151,-0.1124,0.1828,0.3274,-0.7496,-44.9831,0.1045,0.2807,0.6659,1,0,0,0,0,3.4305
6.5259,167.7126,0.0864,96.3749,0.0009,0.0033,-0.0002,0.0009,0.0000,220.2174,-1.3651,-0.1124,0.1828,0.3274,-0.7496,-44.9807,0.0468,0.2807,0.6659,1,0,0,0,0,3.4078
6.5760,167.7127,0.0864,96.3749,0.0009,0.0033,-0.0002,0.0009,0.0000,220.1307,-1.7306,-0.1124,0.1828,0.3274,-0.7496,-44.9792,0.0288,0.2807,0.6659,1,0,0,0,0,3.4271
6.6384,167.7128,0.0864,96.3748,0.0009,0.0033,-0.0002,0.0009,0.0000,220.0267,-1.6685,-0.1124,0.1828,0.3274,-0.7496,-44.9783,0.0150,0.2807,0.6659,1,0,0,0,0,3.4229
6.6966,167.7128,0.0864,96.3748,0.0009,0.0033,-0.0002,0.0009,0.0000,219.9399,-1.4901,-0.1124,0.1828,0.3274,-0.7496,-44.9779,0.0071,0.2807,0.6659,1,0,0,0,0,3.4126
6.7483,167.7129,0.0864,96.3748,0.0009,0.0033,-0.0002,0.0009,0.0000,219.8706,-1.3411,-0.1124,0.1828,0.3274,-0.7496,-44.9777,0.0035,0.2807,0.6659,1,0,0,0,0,3.4041
6.8047,167.7130,0.0864,96.3747,0.0009,0.0033,-0.0002,0.0009,0.0000,219.7665,-1.8453,-0.1124,0.1828,0.3274,-0.7496,-44.9776,0.0018,0.2807,0.6659,1,0,0,0,0,3.4320
6.8656,167.7131,0.0864,96.3747,0.0009,0.0033,-0.0002,0.0009,0.0000,219.6798,-1.4231,-0.1124,0.1828,0.3274,-0.7496,-44.9776,0.0009,0.2807,0.6659,1,0,0,0,0,3.4085
6.9161,167.7131,0.0864,96.3746,0.0009,0.0033,-0.0002,0.0009,0.0000,219.5931,-1.7193,-0.1124,0.1828,0.3274,-0.7496,-44.9775,0.0005,0.2807,0.6659,1,0,0,0,0,3.4249
6.9663,167.7132,0.0864,96.3746,0.0009,0.0033,-0.0002,0.0009,0.0000,219.5237,-1.3811,-0.1124,0.1828,0.3274,-0.7496,-44.9775,0.0002,0.2807,0.6659,1,0,0,0,0,3.4061
7.0169,167.7133,0.0864,96.3746,0.0009,0.0033,-0.0002,0.0009,0.0000,219.4370,-1.7169,-0.1124,0.1828,0.3274,-0.7496,-44.9775,0.0000,0.2807,0.6659,1,0,0,0,0,3.4248
7.0758,167.7134,0.0864,96.3745,0.0009,0.0033,-0.0002,0.0009,0.0000,219.3502,-1.4717,-0.1124,0.1828,0.3274,-0.7496,-44.9775,0.0000,0.2807,0.6659,1,0,0,0,0,3.4111
7.1365,167.7135,0.0864,96.3745,0.0009,0.0033,-0.0002,0.0009,0.0000,219.2635,-1.4287,-0.1124,0.1828,0.3274,-0.7496,-44.9775,0.0000,0.2807,0.6659,1,0,0,0,0,3.4087
7.1977,167.7135,0.0864,96.3744,0.0009,0.0033,-0.0002,0.0009,0.0000,219.1595,-1.7015,-0.1124,0.1828,0.3274,-0.7496,-44.9775,0.0000,0.2807,0.6659,1,0,0,0,0,3.4239
7.2582,167.7136,0.0864,96.3744,0.0009,0.0033,-0.0002,0.0009,0.0000,219.0727,-1.4326,-0.1124,0.1828,0.3274,-0.7496,-44.9775,0.0000,0.2807,0.6659,1,0,0,0,0,3.4090
7.3191,167.7137,0.0864,96.3744,0.0009,0.0033,-0.0002,0.0009,0.0000,218.9687,-1.7074,-0.1124,0.1828,0.3274,-0.7496,-44.9775,0.0000,0.2807,0.6659,1,0,0,0,0,3.4242
7.3799,167.7138,0.0864,96.3743,0.0009,0.0033,-0.0002,0.0009,0.0000,218.8824,-1.4186,-0.1066,0.1828,0.3274,-0.7386,-44.9050,1.1933,0.2807,0.6659,1,0,0,0,0,3.4745
7.4392,167.7139,0.0864,96.3743,0.0009,0.0033,-0.0002,0.0009,0.0000,218.7827,-1.6825,-0.1007,0.1828,0.3274,-0.7022,-44.0682,14.1173,0.2807,0.6659,1,0,0,0,0,4.2071
7.5002,167.7140,0.0864,96.3742,0.0009,0.0033,-0.0002,0.0009,0.0000,218.7035,-1.2985,-0.0929,0.1828,0.3274,-0.6662,-42.5618,24.6984,0.2807,0.6659,1,0,0,0,0,4.7736
7.5613,167.7140,0.0864,96.3742,0.0009,0.0033,-0.0002,0.0009,0.0000,218.6147,-1.4539,-0.0831,0.1828,0.3274,-0.6103,-40.3295,36.5339,0.2807,0.6659,1,0,0,0,0,5.4398
7.6183,167.7141,0.0864,96.3742,0.0009,0.0033,-0.0002,0.0009,0.0000,218.5474,-1.1803,-0.0733,0.1828,0.3274,-0.5511,-37.4514,50.5027,0.2807,0.6659,1,0,0,0,0,6.2006
7.6795,167.7142,0.0864,96.3741,0.0009,0.0033,-0.0002,0.0009,0.0000,218.4865,-0.9937,-0.0636,0.1828,0.3274,-0.4926,-34.2744,51.8791,0.2807,0.6659,1,0,0,0,0,6.2667
7.7405,167.7143,0.0864,96.3741,0.0009,0.0033,-0.0002,0.0009,0.0000,218.4226,-1.0487,-0.0538,0.1828,0.3274,-0.4164,-30.6059,60.2028,0.2807,0.6659,1,0,0,0,0,6.7322
7.8055,167.7144,0.0864,96.3740,0.0009,0.0033,-0.0002,0.0009,0.0000,218.3682,-0.8370,-0.0440,0.1828,0.3274,-0.3475,-26.6328,61.0846,0.2807,0.6659,1,0,0,0,0,6.7695
7.8623,167.7145,0.0864,96.3740,0.0009,0.0033,-0.0002,0.0009,0.0000,218.3298,-0.6759,-0.0362,0.1828,0.3274,-0.2916,-22.7186,68.9093,0.2807,0.6659,1,0,0,0,0,7.1952
7.9224,167.7145,0.0864,96.3740,0.0009,0.0033,-0.0002,0.0009,0.0000,218.2974,-0.5384,-0.0284,0.1828,0.3274,-0.2379,-19.1360,59.6282,0.2807,0.6659,1,0,0,0,0,6.6720
7.9827,167.7146,0.0864,96.3739,0.0009,0.0033,-0.0002,0.0009,0.0000,218.2654,-0.5313,-0.0206,0.1828,0.3274,-0.1847,-15.6714,57.4509,0.2807,0.6659,1,0,0,0,0,6.5506
8.0399,167.7147,0.0864,96.3739,0.0009,0.0033,-0.0002,0.0009,0.0000,218.2489,-0.2888,-0.0147,0.1828,0.3274,-0.0794,-11.5736,71.6847,0.2807,0.6659,1,0,0,0,0,7.3279
8.0899,167.7148,0.0864,96.3738,0.0009,0.0033,-0.0002,0.0009,0.0000,218.2411,-0.1548,-0.0108,0.1828,0.3274,-0.0404,-7.6069,79.2191,0.2807,0.6659,1,0,0,0,0,7.7390
8.1440,167.7148,0.0864,96.3738,0.0009,0.0033,-0.0002,0.0009,0.0000,218.2345,-0.1219,-0.0049,0.1828,0.3274,-0.0174,-4.8135,51.6405,0.2807,0.6659,1,0,0,0,0,6.2051
8.2047,167.7149,0.0864,96.3738,0.0009,0.0033,-0.0002,0.0009,0.0000,218.2286,-0.0985,0.0029,0.1828,0.3274,-0.0063,-2.5695,36.9716,0.2807,0.6659,1,0,0,0,0,5.3888
8.2648,167.7150,0.0864,96.3737,0.0009,0.0033,-0.0002,0.0009,0.0000,218.2242,-0.0721,0.0068,0.1828,0.3274,-0.0027,-1.3284,20.6576,0.2807,0.6659,1,0,0,0,0,4.4810
8.3214,167.7151,0.0864,96.3737,0.0009,0.0033,-0.0002,0.0009,0.0000,218.2202,-0.0706,0.0127,0.1828,0.3274,-0.0012,-0.6731,11.5701,0.2807,0.6659,1,0,0,0,0,3.9761
8.3721,167.7151,0.0864,96.3736,0.0009,0.0033,-0.0002,0.0009,0.0000,218.2163,-0.0772,0.0186,0.1828,0.3274,-0.0005,-0.3761,5.8670,0.2807,0.6659,1,0,0,0,0,3.6596
8.4236,167.7152,0.0864,96.3736,0.0009,0.0033,-0.0002,0.0009,0.0000,218.2144,-0.0379,0.0225,0.1828,0.3274,0.0191,0.1553,10.3070,0.2807,0.6659,1,0,0,0,0,3.9041
8.4752,167.7153,0.0864,96.3736,0.0009,0.0033,-0.0002,0.0009,0.0000,218.2141,-0.0065,0.0322,0.1828,0.3274,0.0394,0.8782,14.0264,0.2807,0.6659,1,0,0,0,0,4.1090
8.5326,167.7154,0.0864,96.3735,0.0009,0.0033,-0.0002,0.0009,0.0000,218.2156,0.0274,0.0381,0.1828,0.3274,0.0543,1.9503,18.6817,0.2807,0.6659,1,0,0,0,0,4.3688
8.5879,167.7155,0.0864,96.3735,0.0009,0.0033,-0.0002,0.0009,0.0000,218.2187,0.0557,0.0440,0.1828,0.3274,0.0676,2.7608,14.6360,0.2807,0.6659,1,0,0,0,0,4.1456
8.6381,167.7155,0.0864,96.3735,0.0009,0.0033,-0.0002,0.0009,0.0000,218.2231,0.0879,0.0518,0.1828,0.3274,0.0797,3.5348,15.4264,0.2807,0.6659,1,0,0,0,0,4.1913
8.6964,167.7156,0.0864,96.3734,0.0009,0.0033,-0.0002,0.0009,0.0000,218.2287,0.0962,0.0557,0.1828,0.3274,0.0899,4.3124,13.3286,0.2807,0.6659,1,0,0,0,0,4.0752
8.7572,167.7157,0.0864,96.3734,0.0009,0.0033,-0.0002,0.0009,0.0000,218.2354,0.1095,0.0596,0.1828,0.3274,0.0987,5.0424,12.0171,0.2807,0.6659,1,0,0,0,0,4.0031
8.8073,167.7158,0.0864,96.3733,0.0009,0.0033,-0.0002,0.0009,0.0000,218.2430,0.1511,0.0635,0.1828,0.3274,0.1065,5.5538,10.2100,0.2807,0.6659,1,0,0,0,0,3.9050
8.8717,167.7158,0.0864,96.3733,0.0009,0.0033,-0.0002,0.0009,0.0000,218.2531,0.1567,0.0674,0.1828,0.3274,0.1147,6.1077,8.6043,0.2807,0.6659,1,0,0,0,0,3.8161
8.9260,167.7159,0.0864,96.3733,0.0009,0.0033,-0.0002,0.0009,0.0000,218.2624,0.1724,0.0733,0.1828,0.3274,0.1232,6.6475,9.9310,0.2807,0.6659,1,0,0,0,0,3.8907
8.9763,167.7160,0.0864,96.3732,0.0009,0.0033,-0.0002,0.0009,0.0000,218.2706,0.1617,0.0752,0.1828,0.3274,0.1295,7.0944,8.8875,0.2807,0.6659,1,0,0,0,0,3.8321
9.0297,167.7160,0.0864,96.3732,0.0009,0.0033,-0.0002,0.0009,0.0000,218.2815,0.2058,0.0811,0.1828,0.3274,0.1380,7.5700,8.9097,0.2807,0.6659,1,0,0,0,0,3.8358
9.0879,167.7161,0.0864,96.3731,0.0009,0.0033,-0.0002,0.0009,0.0000,218.2935,0.2048,0.0850,0.1828,0.3274,0.1457,8.0379,8.0314,0.2807,0.6659,1,0,0,0,0,3.7869
9.1389,167.7162,0.0864,96.3731,0.0009,0.0033,-0.0002,0.0009,0.0000,218.3061,0.2477,0.0870,0.1828,0.3274,0.1518,8.4486,8.0513,0.2807,0.6659,1,0,0,0,0,3.7904
9.1918,167.7163,0.0864,96.3731,0.0009,0.0033,-0.0002,0.0009,0.0000,218.3193,0.2498,0.0889,0.1828,0.3274,0.1568,8.8199,7.0186,0.2807,0.6659,1,0,0,0,0,3.7332
9.2450,167.7164,0.0864,96.3730,0.0009,0.0033,-0.0002,0.0009,0.0000,218.3303,0.2070,0.0909,0.1828,0.3274,0.1607,9.1647,6.4860,0.2807,0.6659,1,0,0,0,0,3.7012
9.3049,167.7164,0.0864,96.3730,0.0009,0.0033,-0.0002,0.0009,0.0000,218.3474,0.2844,0.0929,0.1828,0.3274,0.1653,9.4878,5.3910,0.2807,0.6659,1,0,0,0,0,3.6447
9.3646,167.7165,0.0864,96.3730,0.0009,0.0033,-0.0002,0.0009,0.0000,218.3619,0.2435,0.0929,0.1828,0.3274,0.1673,9.7539,4.4619,0.2807,0.6659,1,0,0,0,0,3.5908
9.4166,167.7166,0.0864,96.3729,0.0009,0.0033,-0.0002,0.0009,0.0000,218.3766,0.2835,0.0948,0.1828,0.3274,0.1699,9.9258,3.3012,0.2807,0.6659,1,0,0,0,0,3.5285
9.4733,167.7167,0.0864,96.3729,0.0009,0.0033,-0.0002,0.0009,0.0000,218.3917,0.2660,0.0948,0.1828,0.3274,0.1713,10.0947,2.9830,0.2807,0.6659,1,0,0,0,0,3.5099
9.5263,167.7167,0.0864,96.3728,0.0009,0.0033,-0.0002,0.0009,0.0000,218.4068,0.2851,0.0948,0.1828,0.3274,0.1719,10.1894,1.7837,0.2807,0.6659,1,0,0,0,0,3.4443
9.5876,167.7168,0.0864,96.3728,0.0009,0.0033,-0.0002,0.0009,0.0000,218.4221,0.2483,0.0968,0.1828,0.3274,0.1736,10.2721,1.3502,0.2807,0.6659,1,0,0,0,0,3.4182
9.6393,167.7169,0.0864,96.3728,0.0009,0.0033,-0.0002,0.0009,0.0000,218.4375,0.2987,0.0968,0.1828,0.3274,0.1749,10.3620,1.7396,0.2807,0.6659,1,0,0,0,0,3.4426
9.6965,167.7170,0.0864,96.3727,0.0009,0.0033,-0.0002,0.0009,0.0000,218.4530,0.2708,0.0968,0.1828,0.3274,0.1755,10.4440,1.4339,0.2807,0.6659,1,0,0,0,0,3.4241
9.7485,167.7170,0.0864,96.3727,0.0009,0.0033,-0.0002,0.0009,0.0000,218.4686,0.2991,0.0968,0.1828,0.3274,0.1757,10.4905,0.8922,0.2807,0.6659,1,0,0,0,0,3.3956
9.8029,167.7171,0.0864,96.3727,0.0009,0.0033,-0.0002,0.0009,0.0000,218.4842,0.2870,0.0968,0.1828,0.3274,0.1758,10.5172,0.4924,0.2807,0.6659,1,0,0,0,0,3.3727
9.8564,167.7172,0.0864,96.3726,0.0009,0.0033,-0.0002,0.0009,0.0000,218.4966,0.2335,0.0968,0.1828,0.3274,0.1759,10.5356,0.3424,0.2807,0.6659,1,0,0,0,0,3.3614
9.9132,167.7173,0.0864,96.3726,0.0009,0.0033,-0.0002,0.0009,0.0000,218.5154,0.3296,0.0968,0.1828,0.3274,0.1759,10.5445,0.1580,0.2807,0.6659,1,0,0,0,0,3.3565
9.9810,167.7174,0.0864,96.3725,0.0009,0.0033,-0.0002,0.0009,0.0000,218.5341,0.2757,0.0968,0.1828,0.3274,0.1759,10.5500,0.0811,0.2807,0.6659,1,0,0,0,0,3.3492
10.0345,167.7174,0.0864,96.3725,0.0009,0.0033,-0.0002,0.0009,0.0000,218.5497,0.2923,0.0968,0.1828,0.3274,0.1759,10.5528,0.0525,0.2807,0.6659,1,0,0,0,0,3.3485
10.0871,167.7175,0.0864,96.3725,0.0009,0.0033,-0.0002,0.0009,0.0000,218.5621,0.2366,0.0968,0.1828,0.3274,0.1759,10.5541,0.0235,0.2807,0.6659,1,0,0,0,0,3.3438
10.1410,167.7176,0.0864,96.3724,0.0009,0.0033,-0.0002,0.0009,0.0000,218.5778,0.2899,0.0968,0.1828,0.3274,0.1759,10.5547,0.0114,0.2807,0.6659,1,0,0,0,0,3.3461
10.1920,167.7177,0.0864,96.3724,0.0009,0.0033,-0.0002,0.0009,0.0000,218.5934,0.3060,0.0968,0.1828,0.3274,0.1759,10.5550,0.0063,0.2807,0.6659,1,0,0,0,0,3.3467
10.2434,167.7177,0.0864,96.3723,0.0009,0.0033,-0.0002,0.0009,0.0000,218.6059,0.2429,0.0968,0.1828,0.3274,0.1759,10.5552,0.0030,0.2807,0.6659,1,0,0,0,0,3.3430
10.2988,167.7178,0.0864,96.3723,0.0009,0.0033,-0.0002,0.0009,0.0000,218.6214,0.2810,0.0968,0.1828,0.3274,0.1759,10.5553,0.0017,0.2807,0.6659,1,0,0,0,0,3.3451
10.3505,167.7179,0.0864,96.3723,0.0009,0.0033,-0.0002,0.0009,0.0000,218.6370,0.3017,0.0968,0.1828,0.3274,0.1759,10.5553,0.0010,0.2807,0.6659,1,0,0,0,0,3.3462
10.4031,167.7179,0.0864,96.3722,0.0009,0.0033,-0.0002,0.0009,0.0000,218.6526,0.2971,0.0968,0.1828,0.3274,0.1759,10.5553,0.0005,0.2807,0.6659,1,0,0,0,0,3.3459
10.4644,167.7180,0.0864,96.3722,0.0009,0.0033,-0.0002,0.0009,0.0000,218.6682,0.2539,0.0968,0.1828,0.3274,0.1759,10.5553,0.0002,0.2807,0.6659,1,0,0,0,0,3.3435
10.5153,167.7181,0.0864,96.3722,0.0009,0.0033,-0.0002,0.0009,0.0000,218.6838,0.3066,0.0968,0.1828,0.3274,0.1759,10.5554,0.0001,0.2807,0.6659,1,0,0,0,0,3.3464
10.5689,167.7182,0.0864,96.3721,0.0009,0.0033,-0.0002,0.0009,0.0000,218.6994,0.2911,0.0968,0.1828,0.3274,0.1759,10.5554,0.0001,0.2807,0.6659,1,0,0,0,0,3.3455
10.6197,167.7182,0.0864,96.3721,0.0009,0.0033,-0.0002,0.0009,0.0000,218.7119,0.2458,0.0968,0.1828,0.3274,0.1759,10.5554,0.0000,0.2807,0.6659,1,0,0,0,0,3.3430
10.6778,167.7183,0.0864,96.3721,0.0009,0.0033,-0.0002,0.0009,0.0000,218.7275,0.2682,0.0968,0.1828,0.3274,0.1759,10.5554,0.0000,0.2807,0.6659,1,0,0,0,0,3.3443
10.7380,167.7184,0.0864,96.3720,0.0009,0.0033,-0.0002,0.0009,0.0000,218.7462,0.3114,0.0968,0.1828,0.3274,0.1759,10.5554,0.0000,0.2807,0.6659,1,0,0,0,0,3.3467
10.7889,167.7185,0.0864,96.3720,0.0009,0.0033,-0.0002,0.0009,0.0000,218.7587,0.2445,0.0968,0.1828,0.3274,0.1759,10.5554,0.0000,0.2807,0.6659,1,0,0,0,0,3.3430
10.8460,167.7186,0.0864,96.3719,0.0009,0.0033,-0.0002,0.0009,0.0000,218.7774,0.3275,0.0968,0.1828,0.3274,0.1759,10.5554,0.0000,0.2807,0.6659,1,0,0,0,0,3.3476
10.8996,167.7186,0.0864,96.3719,0.0009,0.0033,-0.0002,0.0009,0.0000,218.7899,0.2330,0.0968,0.1828,0.3274,0.1759,10.5554,0.0000,0.2807,0.6659,1,0,0,0,0,3.3423
10.9588,167.7187,0.0864,96.3719,0.0009,0.0033,-0.0002,0.0009,0.0000,218.8086,0.3162,0.0968,0.1828,0.3274,0.1759,10.5554,0.0000,0.2807,0.6659,1,0,0,0,0,3.3469
11.0171,167.7188,0.0864,96.3718,0.0009,0.0033,-0.0002,0.0009,0.0000,218.8242,0.2672,0.0968,0.1828,0.3274,0.1759,10.5554,0.0000,0.2807,0.6659,1,0,0,0,0,3.3442
11.0732,167.7189,0.0864,96.3718,0.0009,0.0033,-0.0002,0.0009,0.0000,218.8398,0.2780,0.0968,0.1828,0.3274,0.1759,10.5554,0.0000,0.2807,0.6659,1,0,0,0,0,3.3448
11.1235,167.7189,0.0864,96.3718,0.0009,0.0033,-0.0002,0.0009,0.0000,218.8553,0.3098,0.0968,0.1828,0.3274,0.1759,10.5554,0.0000,0.2807,0.6659,1,0,0,0,0,3.3466
11.1758,167.7190,0.0864,96.3717,0.0009,0.0033,-0.0002,0.0009,0.0000,218.8678,0.2384,0.0968,0.1828,0.3274,0.1759,10.5554,0.0000,0.2807,0.6659,1,0,0,0,0,3.3426
11.2339,167.7191,0.0864,96.3717,0.0009,0.0033,-0.0002,0.0009,0.0000,218.8863,0.3183,0.0948,0.1828,0.3274,0.1737,10.5173,0.6545,0.2807,0.6659,1,0,0,0,0,3.3834
11.2846,167.7192,0.0864,96.3716,0.0009,0.0033,-0.0002,0.0009,0.0000,218.8985,0.2414,0.0948,0.1828,0.3274,0.1730,10.4624,1.0839,0.2807,0.6659,1,0,0,0,0,3.4030
11.3477,167.7192,0.0864,96.3716,0.0009,0.0033,-0.0002,0.0009,0.0000,218.9167,0.2884,0.0948,0.1828,0.3274,0.1726,10.4130,0.7827,0.2807,0.6659,1,0,0,0,0,3.3889
11.4046,167.7193,0.0864,96.3715,0.0009,0.0033,-0.0002,0.0009,0.0000,218.9319,0.2671,0.0948,0.1828,0.3274,0.1725,10.3786,0.6030,0.2807,0.6659,1,0,0,0,0,3.3777
11.4589,167.7194,0.0864,96.3715,0.0009,0.0033,-0.0002,0.0009,0.0000,218.9471,0.2794,0.0948,0.1828,0.3274,0.1724,10.3635,0.2799,0.2807,0.6659,1,0,0,0,0,3.3604
11.5150,167.7195,0.0864,96.3715,0.0009,0.0033,-0.0002,0.0009,0.0000,218.9621,0.2678,0.0929,0.1828,0.3274,0.1704,10.3175,0.8189,0.2807,0.6659,1,0,0,0,0,3.3897
11.5771,167.7196,0.0864,96.3714,0.0009,0.0033,-0.0002,0.0009,0.0000,218.9770,0.2400,0.0929,0.1828,0.3274,0.1695,10.2520,1.0547,0.2807,0.6659,1,0,0,0,0,3.4013
11.6356,167.7196,0.0864,96.3714,0.0009,0.0033,-0.0002,0.0009,0.0000,218.9948,0.3040,0.0929,0.1828,0.3274,0.1691,10.1997,0.8945,0.2807,0.6659,1,0,0,0,0,3.3960
11.6856,167.7197,0.0864,96.3714,0.0009,0.0033,-0.0002,0.0009,0.0000,219.0066,0.2359,0.0909,0.1828,0.3274,0.1679,10.1609,0.7762,0.2807,0.6659,1,0,0,0,0,3.3856
11.7394,167.7198,0.0864,96.3713,0.0009,0.0033,-0.0002,0.0009,0.0000,219.0212,0.2703,0.0909,0.1828,0.3274,0.1664,10.0971,1.1848,0.2807,0.6659,1,0,0,0,0,3.4102
11.7958,167.7199,0.0864,96.3713,0.0009,0.0033,-0.0002,0.0009,0.0000,219.0356,0.2563,0.0909,0.1828,0.3274,0.1658,10.0237,1.3007,0.2807,0.6659,1,0,0,0,0,3.4159
11.8477,167.7199,0.0864,96.3713,0.0009,0.0033,-0.0002,0.0009,0.0000,219.0501,0.2787,0.0909,0.1828,0.3274,0.1655,9.9812,0.8185,0.2807,0.6659,1,0,0,0,0,3.3903
11.8981,167.7200,0.0864,96.3712,0.0009,0.0033,-0.0002,0.0009,0.0000,219.0616,0.2294,0.0909,0.1828,0.3274,0.1654,9.9563,0.4946,0.2807,0.6659,1,0,0,0,0,3.3696
11.9594,167.7201,0.0864,96.3712,0.0009,0.0033,-0.0002,0.0009,0.0000,219.0789,0.2818,0.0909,0.1828,0.3274,0.1653,9.9369,0.3166,0.2807,0.6659,1,0,0,0,0,3.3626
12.0206,167.7202,0.0864,96.3711,0.0009,0.0033,-0.0002,0.0009,0.0000,219.0933,0.2352,0.0909,0.1828,0.3274,0.1653,9.9266,0.1690,0.2807,0.6659,1,0,0,0,0,3.3518
12.0771,167.7202,0.0864,96.3711,0.0009,0.0033,-0.0002,0.0009,0.0000,219.1106,0.3054,0.0909,0.1828,0.3274,0.1653,9.9214,0.0903,0.2807,0.6659,1,0,0,0,0,3.3514
12.1309,167.7203,0.0864,96.3711,0.0009,0.0033,-0.0002,0.0009,0.0000,219.1221,0.2138,0.0909,0.1828,0.3274,0.1653,9.9189,0.0467,0.2807,0.6659,1,0,0,0,0,3.3438
12.1875,167.7204,0.0864,96.3710,0.0009,0.0033,-0.0002,0.0009,0.0000,219.1365,0.2548,0.0909,0.1828,0.3274,0.1653,9.9176,0.0245,0.2807,0.6659,1,0,0,0,0,3.3449
12.2500,167.7205,0.0864,96.3710,0.0009,0.0033,-0.0002,0.0009,0.0000,219.1538,0.2766,0.0909,0.1828,0.3274,0.1653,9.9168,0.0116,0.2807,0.6659,1,0,0,0,0,3.3454
12.3045,167.7206,0.0864,96.3709,0.0009,0.0033,-0.0002,0.0009,0.0000,219.1681,0.2632,0.0909,0.1828,0.3274,0.1653,9.9165,0.0067,0.2807,0.6659,1,0,0,0,0,3.3444
12.3571,167.7206,0.0864,96.3709,0.0009,0.0033,-0.0002,0.0009,0.0000,219.1824,0.2707,0.0889,0.1828,0.3274,0.1632,9.8820,0.6562,0.2807,0.6659,1,0,0,0,0,3.3809
12.4127,167.7207,0.0864,96.3709,0.0009,0.0033,-0.0002,0.0009,0.0000,219.1965,0.2534,0.0889,0.1828,0.3274,0.1624,9.8263,1.0004,0.2807,0.6659,1,0,0,0,0,3.3990
12.4691,167.7208,0.0864,96.3708,0.0009,0.0033,-0.0002,0.0009,0.0000,219.2105,0.2495,0.0889,0.1828,0.3274,0.1620,9.7766,0.8810,0.2807,0.6659,1,0,0,0,0,3.3922
12.5302,167.7209,0.0864,96.3708,0.0009,0.0033,-0.0002,0.0009,0.0000,219.2245,0.2292,0.0889,0.1828,0.3274,0.1618,9.7448,0.5207,0.2807,0.6659,1,0,0,0,0,3.3710
12.5862,167.7209,0.0864,96.3707,0.0009,0.0033,-0.0002,0.0009,0.0000,219.2385,0.2499,0.0889,0.1828,0.3274,0.1618,9.7242,0.3684,0.2807,0.6659,1,0,0,0,0,3.3637
12.6401,167.7210,0.0864,96.3707,0.0009,0.0033,-0.0002,0.0009,0.0000,219.2526,0.2607,0.0889,0.1828,0.3274,0.1617,9.7153,0.1644,0.2807,0.6659,1,0,0,0,0,3.3530
12.6968,167.7211,0.0864,96.3707,0.0009,0.0033,-0.0002,0.0009,0.0000,219.2666,0.2464,0.0889,0.1828,0.3274,0.1617,9.7091,0.1091,0.2807,0.6659,1,0,0,0,0,3.3491
12.7475,167.7212,0.0864,96.3706,0.0009,0.0033,-0.0002,0.0009,0.0000,219.2806,0.2765,0.0889,0.1828,0.3274,0.1617,9.7064,0.0542,0.2807,0.6659,1,0,0,0,0,3.3477
12.7992,167.7212,0.0864,96.3706,0.0009,0.0033,-0.0002,0.0009,0.0000,219.2945,0.2702,0.0889,0.1828,0.3274,0.1617,9.7050,0.0270,0.2807,0.6659,1,0,0,0,0,3.3459
12.8544,167.7213,0.0864,96.3706,0.0009,0.0033,-0.0002,0.0009,0.0000,219.3085,0.2538,0.0889,0.1828,0.3274,0.1617,9.7040,0.0166,0.2807,0.6659,1,0,0,0,0,3.3444
12.9093,167.7214,0.0864,96.3705,0.0009,0.0033,-0.0002,0.0009,0.0000,219.3197,0.2039,0.0889,0.1828,0.3274,0.1617,9.7036,0.0088,0.2807,0.6659,1,0,0,0,0,3.3412
12.9645,167.7215,0.0864,96.3705,0.0009,0.0033,-0.0002,0.0009,0.0000,219.3337,0.2534,0.0889,0.1828,0.3274,0.1617,9.7033,0.0046,0.2807,0.6659,1,0,0,0,0,3.3437
13.0161,167.7215,0.0864,96.3704,0.0009,0.0033,-0.0002,0.0009,0.0000,219.3477,0.2717,0.0889,0.1828,0.3274,0.1617,9.7032,0.0021,0.2807,0.6659,1,0,0,0,0,3.3446
13.0671,167.7216,0.0864,96.3704,0.0009,0.0033,-0.0002,0.0009,0.0000,219.3617,0.2740,0.0889,0.1828,0.3274,0.1617,9.7031,0.0012,0.2807,0.6659,1,0,0,0,0,3.3447
13.1288,167.7217,0.0864,96.3704,0.0009,0.0033,-0.0002,0.0009,0.0000,219.3757,0.2270,0.0889,0.1828,0.3274,0.1617,9.7031,0.0006,0.2807,0.6659,1,0,0,0,0,3.3420
13.1860,167.7218,0.0864,96.3703,0.0009,0.0033,-0.0002,0.0009,0.0000,219.3897,0.2447,0.0889,0.1828,0.3274,0.1617,9.7031,0.0003,0.2807,0.6659,1,0,0,0,0,3.3430
13.2482,167.7219,0.0864,96.3703,0.0009,0.0033,-0.0002,0.0009,0.0000,219.4065,0.2700,0.0889,0.1828,0.3274,0.1617,9.7031,0.0001,0.2807,0.6659,1,0,0,0,0,3.3444
13.2985,167.7219,0.0864,96.3703,0.0009,0.0033,-0.0002,0.0009,0.0000,219.4205,0.2789,0.0889,0.1828,0.3274,0.1617,9.7031,0.0001,0.2807,0.6659,1,0,0,0,0,3.3449
13.3549,167.7220,0.0864,96.3702,0.0009,0.0033,-0.0002,0.0009,0.0000,219.4345,0.2481,0.0889,0.1828,0.3274,0.1617,9.7031,0.0000,0.2807,0.6659,1,0,0,0,0,3.3432
13.4138,167.7221,0.0864,96.3702,0.0009,0.0033,-0.0002,0.0009,0.0000,219.4484,0.2351,0.0870,0.1828,0.3274,0.1597,9.6678,0.5992,0.2807,0.6659,1,0,0,0,0,3.3757
13.4739,167.7222,0.0864,96.3701,0.0009,0.0033,-0.0002,0.0009,0.0000,219.4621,0.2279,0.0870,0.1828,0.3274,0.1588,9.6047,1.0478,0.2807,0.6659,1,0,0,0,0,3.4002
13.5287,167.7222,0.0864,96.3701,0.0009,0.0033,-0.0002,0.0009,0.0000,219.4758,0.2500,0.0870,0.1828,0.3274,0.1584,9.5573,0.8670,0.2807,0.6659,1,0,0,0,0,3.3914
13.5808,167.7223,0.0864,96.3701,0.0009,0.0033,-0.0002,0.0009,0.0000,219.4894,0.2614,0.0870,0.1828,0.3274,0.1583,9.5324,0.4781,0.2807,0.6659,1,0,0,0,0,3.3705
13.6452,167.7224,0.0864,96.3700,0.0009,0.0033,-0.0002,0.0009,0.0000,219.5057,0.2538,0.0870,0.1828,0.3274,0.1582,9.5121,0.3139,0.2807,0.6659,1,0,0,0,0,3.3609
13.7003,167.7225,0.0864,96.3700,0.0009,0.0033,-0.0002,0.0009,0.0000,219.5194,0.2472,0.0870,0.1828,0.3274,0.1582,9.5016,0.1920,0.2807,0.6659,1,0,0,0,0,3.3538
13.7529,167.7225,0.0864,96.3699,0.0009,0.0033,-0.0002,0.0009,0.0000,219.5330,0.2590,0.0870,0.1828,0.3274,0.1582,9.4961,0.1031,0.2807,0.6659,1,0,0,0,0,3.3495
13.8063,167.7226,0.0864,96.3699,0.0009,0.0033,-0.0002,0.0009,0.0000,219.5439,0.2042,0.0870,0.1828,0.3274,0.1582,9.4933,0.0531,0.2807,0.6659,1,0,0,0,0,3.3437
13.8624,167.7227,0.0864,96.3699,0.0009,0.0033,-0.0002,0.0009,0.0000,219.5575,0.2429,0.0870,0.1828,0.3274,0.1582,9.4916,0.0297,0.2807,0.6659,1,0,0,0,0,3.3445
13.9211,167.7228,0.0864,96.3698,0.0009,0.0033,-0.0002,0.0009,0.0000,219.5739,0.2786,0.0870,0.1828,0.3274,0.1582,9.4908,0.0137,0.2807,0.6659,1,0,0,0,0,3.3456
13.9727,167.7229,0.0864,96.3698,0.0009,0.0033,-0.0002,0.0009,0.0000,219.5847,0.2105,0.0870,0.1828,0.3274,0.1582,9.4904,0.0075,0.2807,0.6659,1,0,0,0,0,3.3415
14.0236,167.7229,0.0864,96.3698,0.0009,0.0033,-0.0002,0.0009,0.0000,219.5983,0.2672,0.0870,0.1828,0.3274,0.1582,9.4902,0.0041,0.2807,0.6659,1,0,0,0,0,3.3444
14.0743,167.7230,0.0864,96.3697,0.0009,0.0033,-0.0002,0.0009,0.0000,219.6092,0.2145,0.0870,0.1828,0.3274,0.1582,9.4901,0.0022,0.2807,0.6659,1,0,0,0,0,3.3414
14.1256,167.7231,0.0864,96.3697,0.0009,0.0033,-0.0002,0.0009,0.0000,219.6228,0.2657,0.0870,0.1828,0.3274,0.1582,9.4901,0.0012,0.2807,0.6659,1,0,0,0,0,3.3442
14.1842,167.7231,0.0864,96.3696,0.0009,0.0033,-0.0002,0.0009,0.0000,219.6364,0.2323,0.0870,0.1828,0.3274,0.1582,9.4900,0.0006,0.2807,0.6659,1,0,0,0,0,3.3423
14.2342,167.7232,0.0864,96.3696,0.0009,0.0033,-0.0002,0.0009,0.0000,219.6501,0.2723,0.0870,0.1828,0.3274,0.1582,9.4900,0.0003,0.2807,0.6659,1,0,0,0,0,3.3445
14.2894,167.7233,0.0864,96.3696,0.0009,0.0033,-0.0002,0.0009,0.0000,219.6637,0.2469,0.0870,0.1828,0.3274,0.1582,9.4900,0.0001,0.2807,0.6659,1,0,0,0,0,3.3431
14.3496,167.7234,0.0864,96.3695,0.0009,0.0033,-0.0002,0.0009,0.0000,219.6772,0.2251,0.0870,0.1828,0.3274,0.1582,9.4900,0.0001,0.2807,0.6659,1,0,0,0,0,3.3419
14.4125,167.7234,0.0864,96.3695,0.0009,0.0033,-0.0002,0.0009,0.0000,219.6936,0.2598,0.0870,0.1828,0.3274,0.1582,9.4900,0.0000,0.2807,0.6659,1,0,0,0,0,3.3438
14.4669,167.7235,0.0864,96.3694,0.0009,0.0033,-0.0002,0.0009,0.0000,219.7072,0.2498,0.0870,0.1828,0.3274,0.1582,9.4900,0.0000,0.2807,0.6659,1,0,0,0,0,3.3432
14.5179,167.7236,0.0864,96.3694,0.0009,0.0033,-0.0002,0.0009,0.0000,219.7181,0.2142,0.0870,0.1828,0.3274,0.1582,9.4900,0.0000,0.2807,0.6659,1,0,0,0,0,3.3413
14.5704,167.7237,0.0864,96.3694,0.0009,0.0033,-0.0002,0.0009,0.0000,219.7317,0.2595,0.0870,0.1828,0.3274,0.1582,9.4900,0.0000,0.2807,0.6659,1,0,0,0,0,3.3438
14.6320,167.7238,0.0864,96.3693,0.0009,0.0033,-0.0002,0.0009,0.0000,219.7480,0.2649,0.0870,0.1828,0.3274,0.1582,9.4900,0.0000,0.2807,0.6659,1,0,0,0,0,3.3441
14.6899,167.7238,0.0864,96.3693,0.0009,0.0033,-0.0002,0.0009,0.0000,219.7616,0.2349,0.0870,0.1828,0.3274,0.1582,9.4900,0.0000,0.2807,0.6659,1,0,0,0,0,3.3424
14.7410,167.7239,0.0864,96.3693,0.0009,0.0033,-0.0002,0.0009,0.0000,219.7752,0.2665,0.0870,0.1828,0.3274,0.1582,9.4900,0.0000,0.2807,0.6659,1,0,0,0,0,3.3442
14.8021,167.7240,0.0864,96.3692,0.0009,0.0033,-0.0002,0.0009,0.0000,219.7888,0.2223,0.0870,0.1828,0.3274,0.1582,9.4900,0.0000,0.2807,0.6659,1,0,0,0,0,3.3417
14.8568,167.7241,0.0864,96.3692,0.0009,0.0033,-0.0002,0.0009,0.0000,219.8025,0.2493,0.0870,0.1828,0.3274,0.1582,9.4900,0.0000,0.2807,0.6659,1,0,0,0,0,3.3432
14.9131,167.7242,0.0864,96.3691,0.0009,0.0033,-0.0002,0.0009,0.0000,219.8161,0.2418,0.0870,0.1828,0.3274,0.1582,9.4900,0.0000,0.2807,0.6659,1,0,0,0,0,3.3428
14.9710,167.7242,0.0864,96.3691,0.0009,0.0033,-0.0002,0.0009,0.0000,219.8297,0.2353,0.0870,0.1828,0.3274,0.1582,9.4900,0.0000,0.2807,0.6659,1,0,0,0,0,3.3424
15.0228,167.7243,0.0864,96.3691,0.0009,0.0033,-0.0002,0.0009,0.0000,219.8434,0.2634,0.0889,0.1828,0.3274,0.1592,9.4935,0.0665,0.2807,0.6659,1,0,0,0,0,3.3477
15.0835,167.7244,0.0864,96.3690,0.0009,0.0033,-0.0002,0.0009,0.0000,219.8574,0.2315,0.0948,0.1828,0.3274,0.1642,9.5870,1.5406,0.2807,0.6659,1,0,0,0,0,3.4278
15.1467,167.7245,0.0864,96.3690,0.0009,0.0033,-0.0002,0.0009,0.0000,219.8751,0.2807,0.0987,0.1828,0.3274,0.1717,9.8500,4.1637,0.2807,0.6659,1,0,0,0,0,3.5763
15.1999,167.7245,0.0864,96.3689,0.0009,0.0033,-0.0002,0.0009,0.0000,219.8907,0.2920,0.1026,0.1828,0.3274,0.1784,10.1707,6.0296,0.2807,0.6659,1,0,0,0,0,3.6806
15.2570,167.7246,0.0864,96.3689,0.0009,0.0033,-0.0002,0.0009,0.0000,219.9072,0.2891,0.1065,0.1828,0.3274,0.1868,10.5367,6.4095,0.2807,0.6659,1,0,0,0,0,3.7015
15.3096,167.7247,0.0864,96.3689,0.0009,0.0033,-0.0002,0.0009,0.0000,219.9247,0.3331,0.1163,0.1828,0.3274,0.1981,11.0490,9.7341,0.2807,0.6659,1,0,0,0,0,3.8887
15.3758,167.7248,0.0864,96.3688,0.0009,0.0033,-0.0002,0.0009,0.0000,219.9473,0.3414,0.1202,0.1828,0.3274,0.2097,11.6264,8.7236,0.2807,0.6659,1,0,0,0,0,3.8330
15.4328,167.7249,0.0864,96.3688,0.0009,0.0033,-0.0002,0.0009,0.0000,219.9672,0.3489,0.1261,0.1828,0.3274,0.2188,12.2889,11.6273,0.2807,0.6659,1,0,0,0,0,3.9947
15.4860,167.7249,0.0864,96.3687,0.0009,0.0033,-0.0002,0.0009,0.0000,219.9880,0.3907,0.1280,0.1828,0.3274,0.2261,12.7763,9.1633,0.2807,0.6659,1,0,0,0,0,3.8601
15.5436,167.7250,0.0864,96.3687,0.0009,0.0033,-0.0002,0.0009,0.0000,220.0096,0.3754,0.1319,0.1828,0.3274,0.2334,13.3123,9.3059,0.2807,0.6659,1,0,0,0,0,3.8672
15.6027,167.7251,0.0864,96.3687,0.0009,0.0033,-0.0002,0.0009,0.0000,220.0321,0.3810,0.1378,0.1828,0.3274,0.2423,13.7989,8.2313,0.2807,0.6659,1,0,0,0,0,3.8078
15.6564,167.7252,0.0864,96.3686,0.0009,0.0033,-0.0002,0.0009,0.0000,220.0556,0.4373,0.1417,0.1828,0.3274,0.2504,14.3104,9.5307,0.2807,0.6659,1,0,0,0,0,3.8831
15.7079,167.7252,0.0864,96.3686,0.0009,0.0033,-0.0002,0.0009,0.0000,220.0799,0.4709,0.1456,0.1828,0.3274,0.2572,14.7530,8.5860,0.2807,0.6659,1,0,0,0,0,3.8325
15.7584,167.7253,0.0864,96.3686,0.0009,0.0033,-0.0002,0.0009,0.0000,220.0998,0.3944,0.1476,0.1828,0.3274,0.2615,15.1325,7.5212,0.2807,0.6659,1,0,0,0,0,3.7691
15.8102,167.7254,0.0864,96.3685,0.0009,0.0033,-0.0002,0.0009,0.0000,220.1251,0.4887,0.1496,0.1828,0.3274,0.2660,15.4643,6.4027,0.2807,0.6659,1,0,0,0,0,3.7122
15.8772,167.7255,0.0864,96.3685,0.0009,0.0033,-0.0002,0.0009,0.0000,220.1561,0.4622,0.1496,0.1828,0.3274,0.2698,15.7809,4.7240,0.2807,0.6659,1,0,0,0,0,3.6175
15.9296,167.7255,0.0864,96.3684,0.0009,0.0033,-0.0002,0.0009,0.0000,220.1821,0.4967,0.1496,0.1828,0.3274,0.2710,16.0113,4.3984,0.2807,0.6659,1,0,0,0,0,3.6013
15.9905,167.7256,0.0864,96.3684,0.0009,0.0033,-0.0002,0.0009,0.0000,220.2082,0.4286,0.1496,0.1828,0.3274,0.2715,16.1571,2.3931,0.2807,0.6659,1,0,0,0,0,3.4861
16.0443,167.7257,0.0864,96.3684,0.0009,0.0033,-0.0002,0.0009,0.0000,220.2344,0.4863,0.1496,0.1828,0.3274,0.2717,16.2309,1.3710,0.2807,0.6659,1,0,0,0,0,3.4326
16.1120,167.7258,0.0864,96.3683,0.0009,0.0033,-0.0002,0.0009,0.0000,220.2658,0.4641,0.1496,0.1828,0.3274,0.2719,16.2701,0.5805,0.2807,0.6659,1,0,0,0,0,3.3874
16.1731,167.7259,0.0864,96.3683,0.0009,0.0033,-0.0002,0.0009,0.0000,220.2972,0.5143,0.1496,0.1828,0.3274,0.2719,16.2948,0.4032,0.2807,0.6659,1,0,0,0,0,3.3803
16.2287,167.7260,0.0864,96.3682,0.0009,0.0033,-0.0002,0.0009,0.0000,220.3234,0.4718,0.1515,0.1828,0.3274,0.2733,16.3168,0.3949,0.2807,0.6659,1,0,0,0,0,3.3775
16.2885,167.7260,0.0864,96.3682,0.0009,0.0033,-0.0002,0.0009,0.0000,220.3498,0.4418,0.1515,0.1828,0.3274,0.2745,16.3789,1.0407,0.2807,0.6659,1,0,0,0,0,3.4117
16.3446,167.7261,0.0864,96.3682,0.0009,0.0033,-0.0002,0.0009,0.0000,220.3763,0.4722,0.1515,0.1828,0.3274,0.2751,16.4356,1.0097,0.2807,0.6659,1,0,0,0,0,3.4117
16.3977,167.7262,0.0864,96.3681,0.0009,0.0033,-0.0002,0.0009,0.0000,220.4029,0.5003,0.1515,0.1828,0.3274,0.2753,16.4748,0.7388,0.2807,0.6659,1,0,0,0,0,3.3982
16.4505,167.7263,0.0864,96.3681,0.0009,0.0033,-0.0002,0.0009,0.0000,220.4295,0.5034,0.1515,0.1828,0.3274,0.2754,16.4961,0.4022,0.2807,0.6659,1,0,0,0,0,3.3797
16.5023,167.7263,0.0864,96.3680,0.0009,0.0033,-0.0002,0.0009,0.0000,220.4507,0.4100,0.1515,0.1828,0.3274,0.2754,16.5099,0.2680,0.2807,0.6659,1,0,0,0,0,3.3670
16.5528,167.7264,0.0864,96.3680,0.0009,0.0033,-0.0002,0.0009,0.0000,220.4773,0.5262,0.1515,0.1828,0.3274,0.2755,16.5180,0.1599,0.2807,0.6659,1,0,0,0,0,3.3675
16.6054,167.7265,0.0864,96.3680,0.0009,0.0033,-0.0002,0.0009,0.0000,220.4986,0.4042,0.1515,0.1828,0.3274,0.2755,16.5225,0.0858,0.2807,0.6659,1,0,0,0,0,3.3566
16.6564,167.7265,0.0864,96.3679,0.0009,0.0033,-0.0002,0.0009,0.0000,220.5251,0.5207,0.1515,0.1828,0.3274,0.2755,16.5250,0.0476,0.2807,0.6659,1,0,0,0,0,3.3609
16.7078,167.7266,0.0864,96.3679,0.0009,0.0033,-0.0002,0.0009,0.0000,220.5517,0.5175,0.1515,0.1828,0.3274,0.2755,16.5264,0.0272,0.2807,0.6659,1,0,0,0,0,3.3596
16.7603,167.7267,0.0864,96.3679,0.0009,0.0033,-0.0002,0.0009,0.0000,220.5730,0.4056,0.1515,0.1828,0.3274,0.2755,16.5271,0.0148,0.2807,0.6659,1,0,0,0,0,3.3527
16.8166,167.7267,0.0864,96.3678,0.0009,0.0033,-0.0002,0.0009,0.0000,220.6049,0.5659,0.1515,0.1828,0.3274,0.2755,16.5276,0.0084,0.2807,0.6659,1,0,0,0,0,3.3613
16.8788,167.7268,0.0864,96.3678,0.0009,0.0033,-0.0002,0.0009,0.0000,220.6314,0.4272,0.1515,0.1828,0.3274,0.2755,16.5278,0.0033,0.2807,0.6659,1,0,0,0,0,3.3533
16.9327,167.7269,0.0864,96.3678,0.0009,0.0033,-0.0002,0.0009,0.0000,220.6581,0.4935,0.1515,0.1828,0.3274,0.2755,16.5279,0.0019,0.2807,0.6659,1,0,0,0,0,3.3569
16.9902,167.7270,0.0864,96.3677,0.0009,0.0033,-0.0002,0.0009,0.0000,220.6846,0.4629,0.1515,0.1828,0.3274,0.2755,16.5280,0.0009,0.2807,0.6659,1,0,0,0,0,3.3551
17.0461,167.7271,0.0864,96.3677,0.0009,0.0033,-0.0002,0.0009,0.0000,220.7112,0.4752,0.1515,0.1828,0.3274,0.2755,16.5280,0.0004,0.2807,0.6659,1,0,0,0,0,3.3558
17.1039,167.7272,0.0864,96.3676,0.0009,0.0033,-0.0002,0.0009,0.0000,220.7378,0.4603,0.1515,0.1828,0.3274,0.2755,16.5280,0.0002,0.2807,0.6659,1,0,0,0,0,3.3550
17.1604,167.7272,0.0864,96.3676,0.0009,0.0033,-0.0002,0.0009,0.0000,220.7645,0.4716,0.1515,0.1828,0.3274,0.2755,16.5280,0.0001,0.2807,0.6659,1,0,0,0,0,3.3556
17.2122,167.7273,0.0864,96.3676,0.0009,0.0033,-0.0002,0.0009,0.0000,220.7910,0.5129,0.1515,0.1828,0.3274,0.2755,16.5280,0.0000,0.2807,0.6659,1,0,0,0,0,3.3579
17.2637,167.7274,0.0864,96.3675,0.0009,0.0033,-0.0002,0.0009,0.0000,220.8176,0.5168,0.1515,0.1828,0.3274,0.2755,16.5280,0.0000,0.2807,0.6659,1,0,0,0,0,3.3581
17.3223,167.7274,0.0864,96.3675,0.0009,0.0033,-0.0002,0.0009,0.0000,220.8442,0.4537,0.1515,0.1828,0.3274,0.2755,16.5280,0.0000,0.2807,0.6659,1,0,0,0,0,3.3546
17.3843,167.7275,0.0864,96.3674,0.0009,0.0033,-0.0002,0.0009,0.0000,220.8761,0.5144,0.1515,0.1828,0.3274,0.2755,16.5280,0.0000,0.2807,0.6659,1,0,0,0,0,3.3579
17.4353,167.7276,0.0864,96.3674,0.0009,0.0033,-0.0002,0.0009,0.0000,220.8974,0.4164,0.1515,0.1828,0.3274,0.2755,16.5280,0.0000,0.2807,0.6659,1,0,0,0,0,3.3525
17.4927,167.7277,0.0864,96.3674,0.0009,0.0033,-0.0002,0.0009,0.0000,220.9240,0.4631,0.1515,0.1828,0.3274,0.2755,16.5280,0.0000,0.2807,0.6659,1,0,0,0,0,3.3551
17.5432,167.7278,0.0864,96.3673,0.0009,0.0033,-0.0002,0.0009,0.0000,220.9505,0.5271,0.1515,0.1828,0.3274,0.2755,16.5280,0.0000,0.2807,0.6659,1,0,0,0,0,3.3587
17.5940,167.7278,0.0864,96.3673,0.0009,0.0033,-0.0002,0.0009,0.0000,220.9771,0.5227,0.1515,0.1828,0.3274,0.2755,16.5280,0.0000,0.2807,0.6659,1,0,0,0,0,3.3584
17.6482,167.7279,0.0864,96.3673,0.0009,0.0033,-0.0002,0.0009,0.0000,220.9984,0.3927,0.1515,0.1828,0.3274,0.2755,16.5280,0.0000,0.2807,0.6659,1,0,0,0,0,3.3512
17.7033,167.7280,0.0864,96.3672,0.0009,0.0033,-0.0002,0.0009,0.0000,221.0250,0.4824,0.1515,0.1828,0.3274,0.2755,16.5280,0.0000,0.2807,0.6659,1,0,0,0,0,3.3562
17.7557,167.7281,0.0864,96.3672,0.0009,0.0033,-0.0002,0.0009,0.0000,221.0515,0.5058,0.1476,0.1828,0.3274,0.2735,16.5165,0.2195,0.2807,0.6659,1,0,0,0,0,3.3697
17.8057,167.7281,0.0864,96.3672,0.0009,0.0033,-0.0002,0.0009,0.0000,221.0773,0.5160,0.1398,0.1828,0.3274,0.2648,16.3684,2.9591,0.2807,0.6659,1,0,0,0,0,3.5224
17.8668,167.7282,0.0864,96.3671,0.0009,0.0033,-0.0002,0.0009,0.0000,221.1018,0.4007,0.1280,0.1828,0.3274,0.2503,15.9396,7.0245,0.2807,0.6659,1,0,0,0,0,3.7419
17.9256,167.7283,0.0864,96.3671,0.0009,0.0033,-0.0002,0.0009,0.0000,221.1245,0.3861,0.1144,0.1828,0.3274,0.2328,15.1926,12.6932,0.2807,0.6659,1,0,0,0,0,4.0560
17.9911,167.7284,0.0864,96.3670,0.0009,0.0033,-0.0002,0.0009,0.0000,221.1484,0.3655,0.0968,0.1828,0.3274,0.2029,14.0871,16.8769,0.2807,0.6659,1,0,0,0,0,4.2873
18.0521,167.7285,0.0864,96.3670,0.0009,0.0033,-0.0002,0.0009,0.0000,221.1683,0.3262,0.0811,0.1828,0.3274,0.1722,12.6699,23.2491,0.2807,0.6659,1,0,0,0,0,4.6391
18.1085,167.7285,0.0864,96.3669,0.0009,0.0033,-0.0002,0.0009,0.0000,221.1816,0.2363,0.0655,0.1828,0.3274,0.1451,11.2076,25.9399,0.2807,0.6659,1,0,0,0,0,4.7836
18.1637,167.7286,0.0864,96.3669,0.0009,0.0033,-0.0002,0.0009,0.0000,221.1919,0.1854,0.0459,0.1828,0.3274,0.1153,9.3837,33.0187,0.2807,0.6659,1,0,0,0,0,5.1740
18.2158,167.7287,0.0864,96.3669,0.0009,0.0033,-0.0002,0.0009,0.0000,221.1987,0.1319,0.0303,0.1828,0.3274,0.0855,7.9417,27.7024,0.2807,0.6659,1,0,0,0,0,4.8757
18.2663,167.7288,0.0864,96.3668,0.0009,0.0033,-0.0002,0.0009,0.0000,221.2015,0.0547,0.0146,0.1828,0.3274,0.0518,6.1199,36.0724,0.2807,0.6659,1,0,0,0,0,5.3364
18.3258,167.7288,0.0864,96.3668,0.0009,0.0033,-0.0002,0.0009,0.0000,221.2011,-0.0061,-0.0049,0.1828,0.3274,0.0223,4.0642,34.5133,0.2807,0.6659,1,0,0,0,0,5.2471
18.3862,167.7289,0.0864,96.3667,0.0009,0.0033,-0.0002,0.0009,0.0000,221.1965,-0.0758,-0.0264,0.1828,0.3274,-0.0407,2.1941,30.9698,0.2807,0.6659,1,0,0,0,0,5.0541
18.4538,167.7290,0.0864,96.3667,0.0009,0.0033,-0.0002,0.0009,0.0000,221.1738,-0.3361,-0.0499,0.1828,0.3274,-0.2021,-2.6050,71.0392,0.2807,0.6659,1,0,0,0,0,7.2947
18.5107,167.7291,0.0864,96.3667,0.0009,0.0033,-0.0002,0.0009,0.0000,221.1380,-0.6308,-0.0772,0.1828,0.3274,-0.3493,-10.3927,136.8837,0.2807,0.6659,1,0,0,0,0,10.9691
18.5691,167.7292,0.0864,96.3666,0.0009,0.0033,-0.0002,0.0009,0.0000,221.0856,-0.8961,-0.1007,0.1828,0.3274,-0.4962,-18.1988,133.4944,0.2807,0.6659,1,0,0,0,0,10.7955
18.6282,167.7293,0.0864,96.3666,0.0009,0.0033,-0.0002,0.0009,0.0000,221.0023,-1.4106,-0.1203,0.1828,0.3274,-0.6615,-27.2230,152.7884,0.2807,0.6659,1,0,0,0,0,11.8960
18.6872,167.7293,0.0864,96.3666,0.0009,0.0033,-0.0002,0.0009,0.0000,220.9162,-1.4600,-0.1437,0.1828,0.3274,-0.8032,-35.6699,143.1958,0.2807,0.6659,1,0,0,0,0,11.3658
18.7420,167.7294,0.0864,96.3665,0.0009,0.0033,-0.0002,0.0009,0.0000,220.8156,-1.8342,-0.1633,0.1828,0.3274,-0.9132,-43.8269,148.8350,0.2807,0.6659,1,0,0,0,0,11.6999
18.7983,167.7295,0.0864,96.3665,0.0009,0.0033,-0.0002,0.0009,0.0000,220.7072,-1.9275,-0.1828,0.1828,0.3274,-0.9627,-50.3826,116.5039,0.2807,0.6659,1,0,0,0,0,9.9089
18.8510,167.7296,0.0864,96.3664,0.0009,0.0033,-0.0002,0.0009,0.0000,220.5954,-2.1220,-0.1965,0.1828,0.3274,-0.9840,-54.0776,70.1209,0.2807,0.6659,1,0,0,0,0,7.3429
18.9110,167.7296,0.0864,96.3664,0.0009,0.0033,-0.0002,0.0009,0.0000,220.4821,-1.8885,-0.2141,0.1828,0.3274,-0.9931,-56.8938,46.9490,0.2807,0.6659,1,0,0,0,0,6.0426
18.9713,167.7297,0.0864,96.3664,0.0009,0.0033,-0.0002,0.0009,0.0000,220.3454,-2.2655,-0.2317,0.1828,0.3274,-0.9975,-58.4153,25.2237,0.2807,0.6659,1,0,0,0,0,4.8565
19.0317,167.7298,0.0864,96.3663,0.0009,0.0033,-0.0002,0.0009,0.0000,220.2313,-1.8900,-0.2493,0.1828,0.3274,-0.9989,-59.2005,13.0017,0.2807,0.6659,1,0,0,0,0,4.1567
19.0852,167.7299,0.0864,96.3663,0.0009,0.0033,-0.0002,0.0009,0.0000,220.1170,-2.1333,-0.2610,0.1828,0.3274,-0.9995,-59.6062,7.5727,0.2807,0.6659,1,0,0,0,0,3.8686
19.1385,167.7299,0.0864,96.3662,0.0009,0.0033,-0.0002,0.0009,0.0000,220.0027,-2.1471,-0.2688,0.1828,0.3274,-0.9998,-59.7798,3.2596,0.2807,0.6659,1,0,0,0,0,3.6297
19.1888,167.7300,0.0864,96.3662,0.0009,0.0033,-0.0002,0.0009,0.0000,219.9112,-1.8162,-0.2747,0.1828,0.3274,-0.9999,-59.8871,2.1314,0.2807,0.6659,1,0,0,0,0,3.5487
19.2496,167.7301,0.0864,96.3662,0.0009,0.0033,-0.0002,0.0009,0.0000,219.7740,-2.2571,-0.2767,0.1828,0.3274,-1.0000,-59.9418,0.9003,0.2807,0.6659,1,0,0,0,0,3.5048
19.3083,167.7302,0.0864,96.3661,0.0009,0.0033,-0.0002,0.0009,0.0000,219.6597,-1.9492,-0.2786,0.1828,0.3274,-1.0000,-59.9721,0.5172,0.2807,0.6659,1,0,0,0,0,3.4664
19.3588,167.7303,0.0864,96.3661,0.0009,0.0033,-0.0002,0.0009,0.0000,219.5453,-2.2618,-0.2786,0.1828,0.3274,-1.0000,-59.9852,0.2583,0.2807,0.6659,1,0,0,0,0,3.4694
19.4114,167.7303,0.0864,96.3660,0.0009,0.0033,-0.0002,0.0009,0.0000,219.4538,-1.7422,-0.2786,0.1828,0.3274,-1.0000,-59.9927,0.1429,0.2807,0.6659,1,0,0,0,0,3.4341
19.4621,167.7304,0.0864,96.3660,0.0009,0.0033,-0.0002,0.0009,0.0000,219.3394,-2.2540,-0.2786,0.1828,0.3274,-1.0000,-59.9962,0.0686,0.2807,0.6659,1,0,0,0,0,3.4584
19.5124,167.7305,0.0864,96.3660,0.0009,0.0033,-0.0002,0.0009,0.0000,219.2479,-1.8210,-0.2786,0.1828,0.3274,-1.0000,-59.9980,0.0354,0.2807,0.6659,1,0,0,0,0,3.4325
19.5647,167.7305,0.0864,96.3659,0.0009,0.0033,-0.0002,0.0009,0.0000,219.1335,-2.1874,-0.2708,0.1828,0.3274,-1.0000,-59.9990,0.0189,0.2807,0.6659,1,0,0,0,0,3.4519
19.6255,167.7306,0.0864,96.3659,0.0009,0.0033,-0.0002,0.0009,0.0000,218.9962,-2.2553,-0.2591,0.1828,0.3274,-1.0000,-59.9995,0.0086,0.2807,0.6659,1,0,0,0,0,3.4551
19.6773,167.7307,0.0864,96.3659,0.0009,0.0033,-0.0002,0.0009,0.0000,218.9048,-1.7686,-0.2473,0.1828,0.3274,-1.0000,-59.9997,0.0047,0.2807,0.6659,1,0,0,0,0,3.4279
19.7342,167.7308,0.0864,96.3658,0.0009,0.0033,-0.0002,0.0009,0.0000,218.7904,-2.0106,-0.2317,0.1828,0.3274,-1.0000,-59.9999,0.0025,0.2807,0.6659,1,0,0,0,0,3.4412
19.7846,167.7308,0.0864,96.3658,0.0009,0.0033,-0.0002,0.0009,0.0000,218.6760,-2.2680,-0.2141,0.1828,0.3274,-1.0000,-59.9999,0.0011,0.2807,0.6659,1,0,0,0,0,3.4554
19.8463,167.7309,0.0864,96.3658,0.0009,0.0033,-0.0002,0.0009,0.0000,218.5616,-1.8537,-0.1965,0.1828,0.3274,-1.0000,-60.0000,0.0006,0.2807,0.6659,1,0,0,0,0,3.4324
19.8978,167.7310,0.0864,96.3657,0.0009,0.0033,-0.0002,0.0009,0.0000,218.4471,-2.2202,-0.1770,0.1828,0.3274,-1.0000,-60.0000,0.0003,0.2807,0.6659,1,0,0,0,0,3.4527
19.9587,167.7311,0.0864,96.3657,0.0009,0.0033,-0.0002,0.0009,0.0000,218.3101,-2.2542,-0.1476,0.1828,0.3274,-0.9955,-60.0000,0.0001,0.2807,0.6659,1,0,0,0,0,3.4546
20.0171,167.7312,0.0864,96.3656,0.0009,0.0033,-0.0002,0.0009,0.0000,218.2005,-1.8740,-0.1242,0.1828,0.3274,-0.9227,-59.1436,14.6484,0.2807,0.6659,1,0,0,0,0,4.2473
20.0679,167.7312,0.0864,96.3656,0.0009,0.0033,-0.0002,0.0009,0.0000,218.1208,-1.5697,-0.1046,0.1828,0.3274,-0.8315,-56.1447,59.0545,0.2807,0.6659,1,0,0,0,0,6.6974
20.1182,167.7313,0.0864,96.3656,0.0009,0.0033,-0.0002,0.0009,0.0000,218.0344,-1.7160,-0.0812,0.1828,0.3274,-0.6906,-51.3945,94.4200,0.2807,0.6659,1,0,0,0,0,8.6703
20.1690,167.7314,0.0864,96.3655,0.0009,0.0033,-0.0002,0.0009,0.0000,217.9629,-1.4067,-0.0636,0.1828,0.3274,-0.5583,-45.1754,122.3481,0.2807,0.6659,1,0,0,0,0,10.2046
20.2280,167.7314,0.0864,96.3655,0.0009,0.0033,-0.0002,0.0009,0.0000,217.9061,-0.9637,-0.0420,0.1828,0.3274,-0.4260,-37.4055,131.7705,0.2807,0.6659,1,0,0,0,0,10.7035
20.2886,167.7315,0.0864,96.3654,0.0009,0.0033,-0.0002,0.0009,0.0000,217.8638,-0.6989,-0.0225,0.1828,0.3274,-0.2965,-28.9273,139.9920,0.2807,0.6659,1,0,0,0,0,11.1455
20.3397,167.7316,0.0864,96.3654,0.0009,0.0033,-0.0002,0.0009,0.0000,217.8396,-0.4723,-0.0049,0.1828,0.3274,-0.1275,-21.1810,151.3593,0.2807,0.6659,1,0,0,0,0,11.7645
20.3900,167.7317,0.0864,96.3654,0.0009,0.0033,-0.0002,0.0009,0.0000,217.8290,-0.2114,0.0068,0.1828,0.3274,-0.0649,-13.3764,155.3715,0.2807,0.6659,1,0,0,0,0,11.9729
20.4466,167.7318,0.0864,96.3653,0.0009,0.0033,-0.0002,0.0009,0.0000,217.8203,-0.1530,0.0303,0.1828,0.3274,-0.0033,-7.4606,104.4130,0.2807,0.6659,1,0,0,0,0,9.1386
20.5067,167.7318,0.0864,96.3653,0.0009,0.0033,-0.0002,0.0009,0.0000,217.8195,-0.0132,0.0518,0.1828,0.3274,0.0463,-3.1073,72.4750,0.2807,0.6659,1,0,0,0,0,7.3565
20.5691,167.7319,0.0864,96.3653,0.0009,0.0033,-0.0002,0.0009,0.0000,217.8248,0.0851,0.0713,0.1828,0.3274,0.0937,0.7660,62.0552,0.2807,0.6659,1,0,0,0,0,6.7816
20.6282,167.7320,0.0864,96.3652,0.0009,0.0033,-0.0002,0.0009,0.0000,217.8337,0.1498,0.0889,0.1828,0.3274,0.1282,3.8032,51.4013,0.2807,0.6659,1,0,0,0,0,6.1933
20.6789,167.7321,0.0864,96.3652,0.0009,0.0033,-0.0002,0.0009,0.0000,217.8433,0.1908,0.1046,0.1828,0.3274,0.1537,6.0050,43.4227,0.2807,0.6659,1,0,0,0,0,5.7523
20.7300,167.7321,0.0864,96.3651,0.0009,0.0033,-0.0002,0.0009,0.0000,217.8588,0.3019,0.1222,0.1828,0.3274,0.1877,7.9973,38.9844,0.2807,0.6659,1,0,0,0,0,5.5119
20.7803,167.7322,0.0864,96.3651,0.0009,0.0033,-0.0002,0.0009,0.0000,217.8777,0.3775,0.1339,0.1828,0.3274,0.2173,9.8701,37.2698,0.2807,0.6659,1,0,0,0,0,5.4209
20.8415,167.7323,0.0864,96.3651,0.0009,0.0033,-0.0002,0.0009,0.0000,217.8996,0.3564,0.1437,0.1828,0.3274,0.2407,11.9085,33.2947,0.2807,0.6659,1,0,0,0,0,5.1989
20.9032,167.7324,0.0864,96.3650,0.0009,0.0033,-0.0002,0.0009,0.0000,217.9284,0.4676,0.1515,0.1828,0.3274,0.2598,13.6030,27.4773,0.2807,0.6659,1,0,0,0,0,4.8819
20.9634,167.7325,0.0864,96.3650,0.0009,0.0033,-0.0002,0.0009,0.0000,217.9542,0.4280,0.1574,0.1828,0.3274,0.2735,14.8458,20.6164,0.2807,0.6659,1,0,0,0,0,4.4985
21.0255,167.7325,0.0864,96.3649,0.0009,0.0033,-0.0002,0.0009,0.0000,217.9866,0.5219,0.1593,0.1828,0.3274,0.2830,15.8342,15.9167,0.2807,0.6659,1,0,0,0,0,4.2426
21.0762,167.7326,0.0864,96.3649,0.0009,0.0033,-0.0002,0.0009,0.0000,218.0087,0.4362,0.1593,0.1828,0.3274,0.2863,16.4259,11.6752,0.2807,0.6659,1,0,0,0,0,4.0022
21.1271,167.7327,0.0864,96.3649,0.0009,0.0033,-0.0002,0.0009,0.0000,218.0366,0.5475,0.1554,0.1828,0.3274,0.2862,16.8076,7.4991,0.2807,0.6659,1,0,0,0,0,3.7764
21.1850,167.7328,0.0864,96.3648,0.0009,0.0033,-0.0002,0.0009,0.0000,218.0637,0.4686,0.1398,0.1828,0.3274,0.2744,16.8628,0.9550,0.2807,0.6659,1,0,0,0,0,3.4085
21.2400,167.7328,0.0864,96.3648,0.0009,0.0033,-0.0002,0.0009,0.0000,218.0887,0.4556,0.1241,0.1828,0.3274,0.2529,16.3467,9.3905,0.2807,0.6659,1,0,0,0,0,3.8764
21.3001,167.7329,0.0864,96.3648,0.0009,0.0033,-0.0002,0.0009,0.0000,218.1109,0.3680,0.1007,0.1828,0.3274,0.2222,15.2888,17.5838,0.2807,0.6659,1,0,0,0,0,4.3267
21.3527,167.7330,0.0864,96.3647,0.0009,0.0033,-0.0002,0.0009,0.0000,218.1288,0.3405,0.0713,0.1828,0.3274,0.1789,13.7624,29.0381,0.2807,0.6659,1,0,0,0,0,4.9615
21.4083,167.7331,0.0864,96.3647,0.0009,0.0033,-0.0002,0.0009,0.0000,218.1413,0.2245,0.0361,0.1828,0.3274,0.1266,11.2718,44.8063,0.2807,0.6659,1,0,0,0,0,5.8311
21.4656,167.7332,0.0864,96.3646,0.0009,0.0033,-0.0002,0.0009,0.0000,218.1478,0.1131,0.0049,0.1828,0.3274,0.0690,8.0936,55.4223,0.2807,0.6659,1,0,0,0,0,6.4147
21.5158,167.7332,0.0864,96.3646,0.0009,0.0033,-0.0002,0.0009,0.0000,218.1471,-0.0134,-0.0264,0.1828,0.3274,-0.0174,5.7438,46.8830,0.2807,0.6659,1,0,0,0,0,5.9347
21.5747,167.7333,0.0864,96.3646,0.0009,0.0033,-0.0002,0.0009,0.0000,218.1304,-0.2835,-0.0538,0.1828,0.3274,-0.1826,-0.1718,100.2930,0.2807,0.6659,1,0,0,0,0,8.9170
21.6316,167.7334,0.0864,96.3645,0.0009,0.0033,-0.0002,0.0009,0.0000,218.0954,-0.6157,-0.0792,0.1828,0.3274,-0.3464,-8.6169,148.4102,0.2807,0.6659,1,0,0,0,0,11.6086
21.6828,167.7335,0.0864,96.3645,0.0009,0.0033,-0.0002,0.0009,0.0000,218.0436,-1.0125,-0.0948,0.1828,0.3274,-0.4883,-16.6625,157.2904,0.2807,0.6659,1,0,0,0,0,12.1240
21.7336,167.7335,0.0864,96.3645,0.0009,0.0033,-0.0002,0.0009,0.0000,217.9920,-1.0144,-0.1066,0.1828,0.3274,-0.5835,-24.3991,152.1688,0.2807,0.6659,1,0,0,0,0,11.8396
21.7850,167.7336,0.0864,96.3644,0.0009,0.0033,-0.0002,0.0009,0.0000,217.9168,-1.4622,-0.1144,0.1828,0.3274,-0.6797,-30.7526,123.6431,0.2807,0.6659,1,0,0,0,0,10.2797
21.8366,167.7337,0.0864,96.3644,0.0009,0.0033,-0.0002,0.0009,0.0000,217.8336,-1.6143,-0.1183,0.1828,0.3274,-0.7396,-36.4446,110.3680,0.2807,0.6659,1,0,0,0,0,9.5506
21.8958,167.7337,0.0864,96.3643,0.0009,0.0033,-0.0002,0.0009,0.0000,217.7460,-1.4801,-0.1183,0.1828,0.3274,-0.7676,-41.0737,78.1743,0.2807,0.6659,1,0,0,0,0,7.7546
21.9460,167.7338,0.0864,96.3643,0.0009,0.0033,-0.0002,0.0009,0.0000,217.6564,-1.7839,-0.1183,0.1828,0.3274,-0.7796,-43.8007,54.3114,0.2807,0.6659,1,0,0,0,0,6.4458
22.0047,167.7339,0.0864,96.3643,0.0009,0.0033,-0.0002,0.0009,0.0000,217.5660,-1.5416,-0.1183,0.1828,0.3274,-0.7848,-45.3552,26.5107,0.2807,0.6659,1,0,0,0,0,4.8878
22.0560,167.7340,0.0864,96.3642,0.0009,0.0033,-0.0002,0.0009,0.0000,217.4753,-1.7684,-0.1183,0.1828,0.3274,-0.7870,-46.2208,16.8663,0.2807,0.6659,1,0,0,0,0,4.3646
22.1102,167.7340,0.0864,96.3642,0.0009,0.0033,-0.0002,0.0009,0.0000,217.4025,-1.3408,-0.1183,0.1828,0.3274,-0.7878,-46.7294,9.3807,0.2807,0.6659,1,0,0,0,0,3.9250
22.1621,167.7341,0.0864,96.3642,0.0009,0.0033,-0.0002,0.0009,0.0000,217.3116,-1.7506,-0.1183,0.1828,0.3274,-0.7883,-47.0048,5.3011,0.2807,0.6659,1,0,0,0,0,3.7211
22.2126,167.7342,0.0864,96.3641,0.0009,0.0033,-0.0002,0.0009,0.0000,217.2206,-1.8025,-0.1183,0.1828,0.3274,-0.7885,-47.1468,2.8157,0.2807,0.6659,1,0,0,0,0,3.5859
22.2695,167.7343,0.0864,96.3641,0.0009,0.0033,-0.0002,0.0009,0.0000,217.1297,-1.5981,-0.1183,0.1828,0.3274,-0.7886,-47.2393,1.6245,0.2807,0.6659,1,0,0,0,0,3.5084
22.3196,167.7343,0.0864,96.3640,0.0009,0.0033,-0.0002,0.0009,0.0000,217.0577,-1.4351,-0.1105,0.1828,0.3274,-0.7713,-47.0288,4.1969,0.2807,0.6659,1,0,0,0,0,3.6423
22.3708,167.7344,0.0864,96.3640,0.0009,0.0033,-0.0002,0.0009,0.0000,216.9729,-1.6569,-0.0929,0.1828,0.3274,-0.7051,-45.8063,23.8747,0.2807,0.6659,1,0,0,0,0,4.7478
22.4215,167.7345,0.0864,96.3640,0.0009,0.0033,-0.0002,0.0009,0.0000,216.9108,-1.2253,-0.0831,0.1828,0.3274,-0.6436,-43.0197,55.0324,0.2807,0.6659,1,0,0,0,0,6.4548
22.4729,167.7345,0.0864,96.3639,0.0009,0.0033,-0.0002,0.0009,0.0000,216.8423,-1.3328,-0.0655,0.1828,0.3274,-0.5451,-39.8134,62.3455,0.2807,0.6659,1,0,0,0,0,6.8671
22.5234,167.7346,0.0864,96.3639,0.0009,0.0033,-0.0002,0.0009,0.0000,216.7858,-1.1184,-0.0440,0.1828,0.3274,-0.4269,-35.0157,94.9369,0.2807,0.6659,1,0,0,0,0,8.6658
22.5840,167.7347,0.0864,96.3639,0.0009,0.0033,-0.0002,0.0009,0.0000,216.7442,-0.6857,-0.0206,0.1828,0.3274,-0.2851,-28.0790,114.6119,0.2807,0.6659,1,0,0,0,0,9.7348
22.6349,167.7348,0.0864,96.3638,0.0009,0.0033,-0.0002,0.0009,0.0000,216.7209,-0.4588,-0.0010,0.1828,0.3274,-0.1225,-20.5460,147.8424,0.2807,0.6659,1,0,0,0,0,11.5683
22.6944,167.7348,0.0864,96.3638,0.0009,0.0033,-0.0002,0.0009,0.0000,216.7086,-0.2059,0.0186,0.1828,0.3274,-0.0527,-12.4860,135.6190,0.2807,0.6659,1,0,0,0,0,10.8752
22.7457,167.7349,0.0864,96.3638,0.0009,0.0033,-0.0002,0.0009,0.0000,216.7032,-0.1059,0.0342,0.1828,0.3274,0.0079,-7.1829,103.3441,0.2807,0.6659,1,0,0,0,0,9.0766
22.7961,167.7350,0.0864,96.3637,0.0009,0.0033,-0.0002,0.0009,0.0000,216.7029,-0.0061,0.0499,0.1828,0.3274,0.0447,-3.0828,81.3297,0.2807,0.6659,1,0,0,0,0,7.8480
22.8565,167.7350,0.0864,96.3637,0.0009,0.0033,-0.0002,0.0009,0.0000,216.7076,0.0773,0.0635,0.1828,0.3274,0.0852,0.7091,62.7969,0.2807,0.6659,1,0,0,0,0,6.8224
22.9080,167.7351,0.0864,96.3636,0.0009,0.0033,-0.0002,0.0009,0.0000,216.7130,0.1057,0.0694,0.1828,0.3274,0.1026,3.0316,45.0527,0.2807,0.6659,1,0,0,0,0,5.8382
22.9581,167.7352,0.0864,96.3636,0.0009,0.0033,-0.0002,0.0009,0.0000,216.7217,0.1730,0.0752,0.1828,0.3274,0.1200,4.7280,33.8689,0.2807,0.6659,1,0,0,0,0,5.2206
23.0082,167.7353,0.0864,96.3636,0.0009,0.0033,-0.0002,0.0009,0.0000,216.7297,0.1609,0.0772,0.1828,0.3274,0.1293,6.0493,26.3794,0.2807,0.6659,1,0,0,0,0,4.8038
23.0594,167.7354,0.0864,96.3635,0.0009,0.0033,-0.0002,0.0009,0.0000,216.7408,0.2153,0.0791,0.1828,0.3274,0.1376,6.9694,17.9604,0.2807,0.6659,1,0,0,0,0,4.3391
23.1104,167.7354,0.0864,96.3635,0.0009,0.0033,-0.0002,0.0009,0.0000,216.7524,0.2282,0.0791,0.1828,0.3274,0.1412,7.6372,13.0893,0.2807,0.6659,1,0,0,0,0,4.0692
23.1639,167.7355,0.0864,96.3635,0.0009,0.0033,-0.0002,0.0009,0.0000,216.7619,0.1771,0.0791,0.1828,0.3274,0.1425,8.0399,7.5382,0.2807,0.6659,1,0,0,0,0,3.7580
23.2179,167.7356,0.0864,96.3634,0.0009,0.0033,-0.0002,0.0009,0.0000,216.7735,0.2148,0.0674,0.1828,0.3274,0.1363,8.2467,3.8267,0.2807,0.6659,1,0,0,0,0,3.5539
23.2684,167.7356,0.0864,96.3634,0.0009,0.0033,-0.0002,0.0009,0.0000,216.7834,0.1966,0.0499,0.1828,0.3274,0.1160,7.9591,5.6936,0.2807,0.6659,1,0,0,0,0,3.6566
23.3264,167.7357,0.0864,96.3634,0.0009,0.0033,-0.0002,0.0009,0.0000,216.7906,0.1235,0.0283,0.1828,0.3274,0.0878,7.0898,15.0042,0.2807,0.6659,1,0,0,0,0,4.1698
23.3818,167.7358,0.0864,96.3633,0.0009,0.0033,-0.0002,0.0009,0.0000,216.7932,0.0482,0.0010,0.1828,0.3274,0.0412,5.4843,28.9634,0.2807,0.6659,1,0,0,0,0,4.9411
23.4402,167.7359,0.0864,96.3633,0.0009,0.0033,-0.0002,0.0009,0.0000,216.7888,-0.0752,-0.0342,0.1828,0.3274,-0.0609,3.1238,40.4032,0.2807,0.6659,1,0,0,0,0,5.5782
23.4973,167.7359,0.0864,96.3632,0.0009,0.0033,-0.0002,0.0009,0.0000,216.7673,-0.3767,-0.0636,0.1828,0.3274,-0.2277,-3.8005,121.4031,0.2807,0.6659,1,0,0,0,0,10.0949
23.5473,167.7360,0.0864,96.3632,0.0009,0.0033,-0.0002,0.0009,0.0000,216.7250,-0.8467,-0.0987,0.1828,0.3274,-0.4311,-11.1405,146.7137,0.2807,0.6659,1,0,0,0,0,11.5272
23.5984,167.7361,0.0864,96.3632,0.0009,0.0033,-0.0002,0.0009,0.0000,216.6750,-0.9787,-0.1203,0.1848,0.3274,-0.5897,-21.0618,194.2415,0.2811,0.6659,1,0,0,0,0,13.3837
23.6605,167.7362,0.0864,96.3631,0.0009,0.0034,-0.0002,0.0009,0.0002,216.5731,-1.6409,-0.1535,0.1867,0.3274,-0.8203,-32.2142,179.5399,0.2838,0.6659,1,0,0,0,0,13.3950
23.7113,167.7362,0.0864,96.3631,0.0009,0.0034,-0.0002,0.0009,0.0001,216.4695,-2.0381,-0.1750,0.1867,0.3274,-0.9228,-41.8945,190.4856,0.2854,0.6659,1,0,0,0,0,13.4426
23.7679,167.7363,0.0864,96.3631,0.0009,0.0034,-0.0002,0.0009,0.0001,216.3583,-1.9638,-0.1945,0.1867,0.3274,-0.9668,-49.9046,141.5286,0.2863,0.6659,1,0,0,0,0,11.3012
23.8292,167.7364,0.0864,96.3630,0.0009,0.0034,-0.0002,0.0009,0.0000,216.2438,-1.8688,-0.2102,0.1867,0.3274,-0.9857,-54.4258,73.7511,0.2868,0.6659,1,0,0,0,0,7.5305
23.8807,167.7365,0.0864,96.3630,0.0009,0.0034,-0.0002,0.0009,0.0000,216.1278,-2.2537,-0.2258,0.1867,0.3274,-0.9939,-56.7600,45.3629,0.2871,0.6659,1,0,0,0,0,5.9747
23.9358,167.7365,0.0864,96.3629,0.0009,0.0034,-0.0002,0.0009,0.0000,216.0112,-2.1126,-0.2336,0.1867,0.3274,-0.9974,-58.1893,25.9013,0.2872,0.6659,1,0,0,0,0,4.8857
23.9926,167.7366,0.0864,96.3629,0.0009,0.0034,-0.0002,0.0009,0.0000,215.8943,-2.0600,-0.2395,0.1867,0.3274,-0.9989,-59.1554,17.0228,0.2873,0.6659,1,0,0,0,0,4.3895
24.0518,167.7367,0.0864,96.3629,0.0009,0.0034,-0.0002,0.0009,0.0000,215.7773,-1.9753,-0.2415,0.1867,0.3274,-0.9995,-59.5670,6.9493,0.2874,0.6659,1,0,0,0,0,3.8252
24.1041,167.7368,0.0864,96.3628,0.0009,0.0034,-0.0002,0.0009,0.0000,215.6602,-2.2427,-0.2415,0.1867,0.3274,-0.9998,-59.7620,3.7330,0.2874,0.6659,1,0,0,0,0,3.6614
24.1570,167.7368,0.0864,96.3628,0.0009,0.0034,-0.0002,0.0009,0.0000,215.5431,-2.2139,-0.2415,0.1867,0.3274,-0.9999,-59.8826,2.2786,0.2874,0.6659,1,0,0,0,0,3.5790
24.2105,167.7369,0.0864,96.3628,0.0009,0.0034,-0.0002,0.0009,0.0000,215.4260,-2.1880,-0.2297,0.1867,0.3274,-1.0000,-59.9370,1.0180,0.2874,0.6659,1,0,0,0,0,3.5075
24.2637,167.7370,0.0864,96.3627,0.0009,0.0034,-0.0002,0.0009,0.0000,215.3323,-1.7598,-0.2141,0.1867,0.3274,-1.0000,-59.9677,0.5758,0.2874,0.6659,1,0,0,0,0,3.4591
24.3138,167.7371,0.0864,96.3627,0.0009,0.0034,-0.0002,0.0009,0.0000,215.2152,-2.3388,-0.2004,0.1867,0.3274,-1.0000,-59.9826,0.2971,0.2874,0.6659,1,0,0,0,0,3.4758
24.3706,167.7372,0.0864,96.3626,0.0009,0.0034,-0.0002,0.0009,0.0000,215.0981,-2.0611,-0.1691,0.1867,0.3274,-1.0000,-59.9919,0.1647,0.2874,0.6659,1,0,0,0,0,3.4530
24.4238,167.7372,0.0864,96.3626,0.0009,0.0034,-0.0002,0.0009,0.0000,214.9812,-2.1967,-0.1457,0.1867,0.3274,-0.9934,-59.9825,0.1765,0.2874,0.6659,1,0,0,0,0,3.4612
24.4838,167.7373,0.0864,96.3626,0.0009,0.0034,-0.0002,0.0009,0.0000,214.8705,-1.8446,-0.1144,0.1867,0.3274,-0.8970,-58.7301,20.8771,0.2874,0.6659,1,0,0,0,0,4.5917
24.5411,167.7374,0.0864,96.3625,0.0009,0.0034,-0.0002,0.0009,0.0000,214.7750,-1.6679,-0.0851,0.1867,0.3274,-0.7445,-53.1771,96.9918,0.2874,0.6659,1,0,0,0,0,8.8105
24.5947,167.7375,0.0864,96.3625,0.0009,0.0034,-0.0002,0.0009,0.0000,214.6980,-1.4383,-0.0557,0.1867,0.3274,-0.5741,-46.9745,115.7277,0.2874,0.6659,1,0,0,0,0,9.8386
24.6453,167.7375,0.0864,96.3625,0.0009,0.0034,-0.0002,0.0009,0.0000,214.6410,-1.1233,-0.0342,0.1867,0.3274,-0.4013,-38.8611,160.0477,0.2874,0.6659,1,0,0,0,0,12.2833
24.7028,167.7376,0.0864,96.3624,0.0009,0.0034,-0.0002,0.0009,0.0000,214.6068,-0.5957,-0.0029,0.1867,0.3274,-0.1854,-27.3441,200.3646,0.2874,0.6659,1,0,0,0,0,13.3625
24.7608,167.7377,0.0864,96.3624,0.0009,0.0034,-0.0002,0.0009,0.0000,214.5899,-0.2907,0.0244,0.1867,0.3274,-0.0728,-17.3073,173.2292,0.2874,0.6659,1,0,0,0,0,12.9694
24.8206,167.7378,0.0864,96.3623,0.0009,0.0034,-0.0002,0.0009,0.0000,214.5839,-0.1010,0.0577,0.1867,0.3274,0.0300,-8.8625,141.2247,0.2874,0.6659,1,0,0,0,0,11.1808
24.8707,167.7378,0.0864,96.3623,0.0009,0.0034,-0.0002,0.0009,0.0000,214.5865,0.0517,0.0811,0.1867,0.3274,0.0830,-3.1739,113.4108,0.2874,0.6659,1,0,0,0,0,9.6328
24.9211,167.7379,0.0864,96.3623,0.0009,0.0034,-0.0002,0.0009,0.0000,214.5956,0.1807,0.1007,0.1867,0.3274,0.1346,1.6858,96.5497,0.2874,0.6659,1,0,0,0,0,8.7033
24.9711,167.7380,0.0864,96.3622,0.0009,0.0034,-0.0002,0.0009,0.0000,214.6066,0.2207,0.1202,0.1867,0.3274,0.1707,5.1397,69.0161,0.2874,0.6659,1,0,0,0,0,7.1759
25.0231,167.7380,0.0864,96.3622,0.0009,0.0034,-0.0002,0.0009,0.0000,214.6245,0.3435,0.1339,0.1867,0.3274,0.2067,7.9998,55.0292,0.2874,0.6659,1,0,0,0,0,6.4056
25.0735,167.7381,0.0864,96.3622,0.0009,0.0034,-0.0002,0.0009,0.0000,214.6415,0.3379,0.1456,0.1867,0.3274,0.2323,10.6360,52.3057,0.2874,0.6659,1,0,0,0,0,6.2540
25.1346,167.7382,0.0864,96.3621,0.0009,0.0034,-0.0002,0.0009,0.0000,214.6709,0.4810,0.1574,0.1867,0.3274,0.2633,12.8539,36.2589,0.2874,0.6659,1,0,0,0,0,5.3705
25.1850,167.7383,0.0864,96.3621,0.0009,0.0034,-0.0002,0.0009,0.0000,214.6924,0.4253,0.1593,0.1867,0.3274,0.2755,14.5573,33.8182,0.2874,0.6659,1,0,0,0,0,5.2318
25.2451,167.7383,0.0864,96.3620,0.0009,0.0034,-0.0002,0.0009,0.0000,214.7258,0.5566,0.1593,0.1867,0.3274,0.2845,15.7529,19.8851,0.2874,0.6659,1,0,0,0,0,4.4650
25.2981,167.7384,0.0864,96.3620,0.0009,0.0034,-0.0002,0.0009,0.0000,214.7543,0.5367,0.1593,0.1867,0.3274,0.2875,16.4867,13.8461,0.2874,0.6659,1,0,0,0,0,4.1284
25.3573,167.7385,0.0864,96.3620,0.0009,0.0034,-0.0002,0.0009,0.0000,214.7829,0.4844,0.1593,0.1867,0.3274,0.2887,16.8960,6.9163,0.2874,0.6659,1,0,0,0,0,3.7405
25.4148,167.7386,0.0864,96.3619,0.0009,0.0034,-0.0002,0.0009,0.0000,214.8117,0.5003,0.1593,0.1867,0.3274,0.2893,17.1383,4.2157,0.2874,0.6659,1,0,0,0,0,3.5914
25.4752,167.7387,0.0864,96.3619,0.0009,0.0034,-0.0002,0.0009,0.0000,214.8462,0.5717,0.1593,0.1867,0.3274,0.2895,17.2540,1.9167,0.2874,0.6659,1,0,0,0,0,3.4676
25.5276,167.7387,0.0864,96.3619,0.0009,0.0034,-0.0002,0.0009,0.0000,214.8693,0.4395,0.1593,0.1867,0.3274,0.2896,17.3122,1.1100,0.2874,0.6659,1,0,0,0,0,3.4155
25.5844,167.7388,0.0864,96.3618,0.0009,0.0034,-0.0002,0.0009,0.0000,214.8981,0.5079,0.1593,0.1867,0.3274,0.2896,17.3476,0.6234,0.2874,0.6659,1,0,0,0,0,3.3922
25.6430,167.7389,0.0864,96.3618,0.0009,0.0034,-0.0002,0.0009,0.0000,214.9324,0.5848,0.1515,0.1867,0.3274,0.2843,17.3080,0.6758,0.2874,0.6659,1,0,0,0,0,3.3994
25.6950,167.7390,0.0864,96.3617,0.0009,0.0034,-0.0002,0.0009,0.0000,214.9544,0.4234,0.1417,0.1867,0.3274,0.2738,17.0102,5.7264,0.2874,0.6659,1,0,0,0,0,3.6710
25.7464,167.7390,0.0864,96.3617,0.0009,0.0034,-0.0002,0.0009,0.0000,214.9801,0.5005,0.1280,0.1867,0.3274,0.2545,16.5108,9.7220,0.2874,0.6659,1,0,0,0,0,3.8973
25.7975,167.7391,0.0864,96.3617,0.0009,0.0034,-0.0002,0.0009,0.0000,215.0036,0.4589,0.1163,0.1867,0.3274,0.2343,15.6672,16.4964,0.2874,0.6659,1,0,0,0,0,4.2713
25.8491,167.7392,0.0864,96.3616,0.0009,0.0034,-0.0002,0.0009,0.0000,215.0205,0.3282,0.1026,0.1867,0.3274,0.2142,14.6890,18.9719,0.2874,0.6659,1,0,0,0,0,4.4016
25.9082,167.7393,0.0864,96.3616,0.0009,0.0034,-0.0002,0.0009,0.0000,215.0425,0.3729,0.0909,0.1867,0.3274,0.1864,13.3249,23.0887,0.2874,0.6659,1,0,0,0,0,4.6328
25.9600,167.7393,0.0864,96.3615,0.0009,0.0034,-0.0002,0.0009,0.0000,215.0553,0.2459,0.0811,0.1867,0.3274,0.1696,12.1195,23.2642,0.2874,0.6659,1,0,0,0,0,4.6355
26.0197,167.7394,0.0864,96.3615,0.0009,0.0034,-0.0002,0.0009,0.0000,215.0717,0.2740,0.0694,0.1867,0.3274,0.1461,10.7145,23.5161,0.2874,0.6659,1,0,0,0,0,4.6510
26.0795,167.7395,0.0864,96.3615,0.0009,0.0034,-0.0002,0.0009,0.0000,215.0828,0.1869,0.0596,0.1867,0.3274,0.1265,9.4217,21.6265,0.2874,0.6659,1,0,0,0,0,4.5412
26.1337,167.7396,0.0864,96.3614,0.0009,0.0034,-0.0002,0.0009,0.0000,215.0919,0.1668,0.0479,0.1867,0.3274,0.1074,8.2115,22.3153,0.2874,0.6659,1,0,0,0,0,4.5784
26.1864,167.7396,0.0864,96.3614,0.0009,0.0034,-0.0002,0.0009,0.0000,215.0988,0.1325,0.0381,0.1867,0.3274,0.0894,7.0429,22.2042,0.2874,0.6659,1,0,0,0,0,4.5703
26.2381,167.7397,0.0864,96.3614,0.0009,0.0034,-0.0002,0.0009,0.0000,215.1030,0.0799,0.0303,0.1867,0.3274,0.0751,5.9864,20.4245,0.2874,0.6659,1,0,0,0,0,4.4685
26.2997,167.7398,0.0864,96.3613,0.0009,0.0034,-0.0002,0.0009,0.0000,215.1068,0.0622,0.0225,0.1867,0.3274,0.0556,4.9223,17.2763,0.2874,0.6659,1,0,0,0,0,4.2926
26.3515,167.7399,0.0864,96.3613,0.0009,0.0034,-0.0002,0.0009,0.0000,215.1071,0.0065,0.0166,0.1867,0.3274,0.0269,3.8672,20.3496,0.2874,0.6659,1,0,0,0,0,4.4603
26.4022,167.7399,0.0864,96.3612,0.0009,0.0034,-0.0002,0.0009,0.0000,215.1056,-0.0313,0.0127,0.1867,0.3274,0.0137,2.6268,24.4694,0.2874,0.6659,1,0,0,0,0,4.6905
26.4621,167.7400,0.0864,96.3612,0.0009,0.0034,-0.0002,0.0009,0.0000,215.1026,-0.0499,0.0068,0.1867,0.3274,0.0059,1.5255,18.3871,0.2874,0.6659,1,0,0,0,0,4.3537
26.5150,167.7401,0.0864,96.3612,0.0009,0.0034,-0.0002,0.0009,0.0000,215.0990,-0.0675,-0.0010,0.1867,0.3274,0.0025,0.8764,12.2646,0.2874,0.6659,1,0,0,0,0,4.0145
26.5746,167.7402,0.0864,96.3611,0.0009,0.0034,-0.0002,0.0009,0.0000,215.0944,-0.0774,-0.0069,0.1867,0.3274,0.0009,0.4671,6.8741,0.2874,0.6659,1,0,0,0,0,3.7156
26.6256,167.7402,0.0864,96.3611,0.0009,0.0034,-0.0002,0.0009,0.0000,215.0913,-0.0610,-0.0108,0.1867,0.3274,0.0005,0.2638,3.9837,0.2874,0.6659,1,0,0,0,0,3.5541
26.6763,167.7403,0.0864,96.3611,0.0009,0.0034,-0.0002,0.0009,0.0000,215.0873,-0.0782,-0.0166,0.1867,0.3274,0.0002,0.1474,2.2954,0.2874,0.6659,1,0,0,0,0,3.4612
26.7357,167.7404,0.0864,96.3610,0.0009,0.0034,-0.0002,0.0009,0.0000,215.0833,-0.0674,-0.0186,0.1867,0.3274,0.0001,0.0739,1.2385,0.2874,0.6659,1,0,0,0,0,3.4019
26.7951,167.7405,0.0864,96.3610,0.0009,0.0034,-0.0002,0.0009,0.0000,215.0734,-0.1662,-0.0225,0.1867,0.3274,-0.0801,-1.4098,24.9399,0.2874,0.6659,1,0,0,0,0,4.7242
26.8469,167.7406,0.0864,96.3609,0.0009,0.0034,-0.0002,0.0009,0.0000,215.0570,-0.3171,-0.0245,0.1867,0.3274,-0.1264,-3.7633,45.4517,0.2874,0.6659,1,0,0,0,0,5.8721
26.9066,167.7406,0.0864,96.3609,0.0009,0.0034,-0.0002,0.0009,0.0000,215.0321,-0.4176,-0.0284,0.1867,0.3274,-0.1618,-6.2634,41.9209,0.2874,0.6659,1,0,0,0,0,5.6815
26.9639,167.7407,0.0864,96.3609,0.0009,0.0034,-0.0002,0.0009,0.0000,215.0082,-0.4161,-0.0303,0.1867,0.3274,-0.1838,-8.4831,38.7035,0.2874,0.6659,1,0,0,0,0,5.5027
27.0156,167.7408,0.0864,96.3608,0.0009,0.0034,-0.0002,0.0009,0.0000,214.9876,-0.3988,-0.0323,0.1867,0.3274,-0.1980,-9.9667,28.6810,0.2874,0.6659,1,0,0,0,0,4.9449
27.0676,167.7408,0.0864,96.3608,0.0009,0.0034,-0.0002,0.0009,0.0000,214.9603,-0.5250,-0.0342,0.1867,0.3274,-0.2115,-10.9964,19.8156,0.2874,0.6659,1,0,0,0,0,4.4594
27.1276,167.7409,0.0864,96.3607,0.0009,0.0034,-0.0002,0.0009,0.0000,214.9316,-0.4778,-0.0362,0.1867,0.3274,-0.2230,-12.0750,17.9655,0.2874,0.6659,1,0,0,0,0,4.3540
27.1884,167.7410,0.0864,96.3607,0.0009,0.0034,-0.0002,0.0009,0.0000,214.8955,-0.5946,-0.0362,0.1867,0.3274,-0.2346,-12.9974,15.1929,0.2874,0.6659,1,0,0,0,0,4.2065
27.2444,167.7411,0.0864,96.3607,0.0009,0.0034,-0.0002,0.0009,0.0000,214.8647,-0.5499,-0.0362,0.1867,0.3274,-0.2384,-13.6445,11.5460,0.2874,0.6659,1,0,0,0,0,4.0014
27.2957,167.7411,0.0864,96.3606,0.0009,0.0034,-0.0002,0.0009,0.0000,214.8336,-0.6054,-0.0362,0.1867,0.3274,-0.2400,-13.9900,6.7327,0.2874,0.6659,1,0,0,0,0,3.7370
27.3469,167.7412,0.0864,96.3606,0.0009,0.0034,-0.0002,0.0009,0.0000,214.8087,-0.4876,-0.0362,0.1867,0.3274,-0.2406,-14.1954,4.0118,0.2874,0.6659,1,0,0,0,0,3.5793
27.3976,167.7413,0.0864,96.3606,0.0009,0.0034,-0.0002,0.0009,0.0000,214.7775,-0.6152,-0.0362,0.1867,0.3274,-0.2409,-14.3075,2.2104,0.2874,0.6659,1,0,0,0,0,3.4863
27.4567,167.7414,0.0864,96.3605,0.0009,0.0034,-0.0002,0.0009,0.0000,214.7462,-0.5285,-0.0362,0.1867,0.3274,-0.2411,-14.3887,1.3743,0.2874,0.6659,1,0,0,0,0,3.4351
27.5085,167.7415,0.0864,96.3605,0.0009,0.0034,-0.0002,0.0009,0.0000,214.7149,-0.6044,-0.0362,0.1867,0.3274,-0.2411,-14.4259,0.7184,0.2874,0.6659,1,0,0,0,0,3.4029
27.5688,167.7415,0.0864,96.3604,0.0009,0.0034,-0.0002,0.0009,0.0000,214.6837,-0.5190,-0.0362,0.1867,0.3274,-0.2412,-14.4497,0.3941,0.2874,0.6659,1,0,0,0,0,3.3801
27.6264,167.7416,0.0864,96.3604,0.0009,0.0034,-0.0002,0.0009,0.0000,214.6524,-0.5432,-0.0362,0.1867,0.3274,-0.2412,-14.4609,0.1952,0.2874,0.6659,1,0,0,0,0,3.3704
27.6785,167.7417,0.0864,96.3604,0.0009,0.0034,-0.0002,0.0009,0.0000,214.6211,-0.6008,-0.0362,0.1867,0.3274,-0.2412,-14.4658,0.0936,0.2874,0.6659,1,0,0,0,0,3.3680
27.7392,167.7418,0.0864,96.3603,0.0009,0.0034,-0.0002,0.0009,0.0000,214.5836,-0.6182,-0.0362,0.1867,0.3274,-0.2412,-14.4689,0.0510,0.2874,0.6659,1,0,0,0,0,3.3665
27.7907,167.7419,0.0864,96.3603,0.0009,0.0034,-0.0002,0.0009,0.0000,214.5585,-0.4857,-0.0362,0.1867,0.3274,-0.2412,-14.4702,0.0252,0.2874,0.6659,1,0,0,0,0,3.3578
27.8504,167.7419,0.0864,96.3602,0.0009,0.0034,-0.0002,0.0009,0.0000,214.5206,-0.6351,-0.0381,0.1867,0.3274,-0.2476,-14.5303,1.0066,0.2874,0.6659,1,0,0,0,0,3.4206
27.9007,167.7420,0.0864,96.3602,0.0009,0.0034,-0.0002,0.0009,0.0000,214.4945,-0.5187,-0.0420,0.1867,0.3274,-0.2580,-14.7641,4.6491,0.2874,0.6659,1,0,0,0,0,3.6165
27.9517,167.7421,0.0864,96.3602,0.0009,0.0034,-0.0002,0.0009,0.0000,214.4598,-0.6803,-0.0459,0.1867,0.3274,-0.2808,-15.3678,11.8451,0.2874,0.6659,1,0,0,0,0,4.0252
28.0112,167.7422,0.0864,96.3601,0.0009,0.0034,-0.0002,0.0009,0.0000,214.4225,-0.6273,-0.0499,0.1867,0.3274,-0.3056,-16.4438,18.0695,0.2874,0.6659,1,0,0,0,0,4.3681
28.0705,167.7422,0.0864,96.3601,0.0009,0.0034,-0.0002,0.0009,0.0000,214.3822,-0.6799,-0.0538,0.1867,0.3274,-0.3304,-17.8784,24.2120,0.2874,0.6659,1,0,0,0,0,4.7123
28.1245,167.7423,0.0864,96.3601,0.0009,0.0034,-0.0002,0.0009,0.0000,214.3396,-0.7890,-0.0538,0.1867,0.3274,-0.3465,-19.2114,24.6871,0.2874,0.6659,1,0,0,0,0,4.7447
28.1756,167.7424,0.0864,96.3600,0.0009,0.0034,-0.0002,0.0009,0.0000,214.2959,-0.8549,-0.0538,0.1867,0.3274,-0.3534,-20.0865,17.1047,0.2874,0.6659,1,0,0,0,0,4.3271
28.2276,167.7424,0.0864,96.3600,0.0009,0.0034,-0.0002,0.0009,0.0000,214.2517,-0.8492,-0.0538,0.1867,0.3274,-0.3563,-20.6313,10.4707,0.2874,0.6659,1,0,0,0,0,3.9583
28.2789,167.7425,0.0864,96.3600,0.0009,0.0034,-0.0002,0.0009,0.0000,214.2162,-0.6931,-0.0538,0.1867,0.3274,-0.3574,-21.0063,7.3161,0.2874,0.6659,1,0,0,0,0,3.7743
28.3294,167.7426,0.0864,96.3599,0.0009,0.0034,-0.0002,0.0009,0.0000,214.1717,-0.8807,-0.0538,0.1867,0.3274,-0.3581,-21.2284,4.3969,0.2874,0.6659,1,0,0,0,0,3.6226
28.3798,167.7427,0.0864,96.3599,0.0009,0.0034,-0.0002,0.0009,0.0000,214.1361,-0.7064,-0.0538,0.1867,0.3274,-0.3583,-21.3536,2.4843,0.2874,0.6659,1,0,0,0,0,3.5066
28.4306,167.7427,0.0864,96.3598,0.0009,0.0034,-0.0002,0.0009,0.0000,214.0915,-0.8778,-0.0538,0.1867,0.3274,-0.3585,-21.4258,1.4229,0.2874,0.6659,1,0,0,0,0,3.4572
28.4896,167.7428,0.0864,96.3598,0.0009,0.0034,-0.0002,0.0009,0.0000,214.0470,-0.7543,-0.0538,0.1867,0.3274,-0.3585,-21.4708,0.7615,0.2874,0.6659,1,0,0,0,0,3.4136
28.5495,167.7429,0.0864,96.3598,0.0009,0.0034,-0.0002,0.0009,0.0000,213.9935,-0.8934,-0.0538,0.1867,0.3274,-0.3586,-21.4937,0.3838,0.2874,0.6659,1,0,0,0,0,3.4003
28.6008,167.7430,0.0864,96.3597,0.0009,0.0034,-0.0002,0.0009,0.0000,213.9579,-0.6944,-0.0538,0.1867,0.3274,-0.3586,-21.5043,0.2065,0.2874,0.6659,1,0,0,0,0,3.3794
28.6527,167.7430,0.0864,96.3597,0.0009,0.0034,-0.0002,0.0009,0.0000,213.9134,-0.8572,-0.0538,0.1867,0.3274,-0.3586,-21.5090,0.0907,0.2874,0.6659,1,0,0,0,0,3.3820
28.7028,167.7431,0.0864,96.3597,0.0009,0.0034,-0.0002,0.0009,0.0000,213.8777,-0.7117,-0.0538,0.1867,0.3274,-0.3586,-21.5120,0.0593,0.2874,0.6659,1,0,0,0,0,3.3722
28.7611,167.7432,0.0864,96.3596,0.0009,0.0034,-0.0002,0.0009,0.0000,213.8243,-0.9178,-0.0538,0.1867,0.3274,-0.3586,-21.5136,0.0277,0.2874,0.6659,1,0,0,0,0,3.3819
28.8113,167.7433,0.0864,96.3596,0.0009,0.0034,-0.0002,0.0009,0.0000,213.7887,-0.7094,-0.0538,0.1867,0.3274,-0.3586,-21.5144,0.0148,0.2874,0.6659,1,0,0,0,0,3.3696
28.8725,167.7433,0.0864,96.3595,0.0009,0.0034,-0.0002,0.0009,0.0000,213.7352,-0.8740,-0.0538,0.1867,0.3274,-0.3586,-21.5148,0.0075,0.2874,0.6659,1,0,0,0,0,3.3783
28.9291,167.7434,0.0864,96.3595,0.0009,0.0034,-0.0002,0.0009,0.0000,213.6906,-0.7871,-0.0538,0.1867,0.3274,-0.3586,-21.5150,0.0038,0.2874,0.6659,1,0,0,0,0,3.3733
28.9835,167.7435,0.0864,96.3595,0.0009,0.0034,-0.0002,0.0009,0.0000,213.6461,-0.8189,-0.0538,0.1867,0.3274,-0.3586,-21.5151,0.0015,0.2874,0.6659,1,0,0,0,0,3.3750
29.0447,167.7436,0.0864,96.3594,0.0009,0.0034,-0.0002,0.0009,0.0000,213.6015,-0.7281,-0.0538,0.1867,0.3274,-0.3586,-21.5152,0.0009,0.2874,0.6659,1,0,0,0,0,3.3699
29.0948,167.7436,0.0864,96.3594,0.0009,0.0034,-0.0002,0.0009,0.0000,213.5570,-0.8891,-0.0538,0.1867,0.3274,-0.3586,-21.5152,0.0004,0.2874,0.6659,1,0,0,0,0,3.3788
29.1450,167.7437,0.0864,96.3594,0.0009,0.0034,-0.0002,0.0009,0.0000,213.5214,-0.7094,-0.0538,0.1867,0.3274,-0.3586,-21.5152,0.0002,0.2874,0.6659,1,0,0,0,0,3.3688
29.1980,167.7438,0.0864,96.3593,0.0009,0.0034,-0.0002,0.0009,0.0000,213.4768,-0.8408,-0.0538,0.1867,0.3274,-0.3586,-21.5152,0.0001,0.2874,0.6659,1,0,0,0,0,3.3761
29.2560,167.7439,0.0864,96.3593,0.0009,0.0034,-0.0002,0.0009,0.0000,213.4322,-0.7679,-0.0538,0.1867,0.3274,-0.3586,-21.5152,0.0000,0.2874,0.6659,1,0,0,0,0,3.3720
29.3138,167.7439,0.0864,96.3592,0.0009,0.0034,-0.0002,0.0009,0.0000,213.3877,-0.7706,-0.0538,0.1867,0.3274,-0.3586,-21.5152,0.0000,0.2874,0.6659,1,0,0,0,0,3.3722
29.3676,167.7440,0.0864,96.3592,0.0009,0.0034,-0.0002,0.0009,0.0000,213.3432,-0.8286,-0.0538,0.1867,0.3274,-0.3586,-21.5152,0.0000,0.2874,0.6659,1,0,0,0,0,3.3754
29.4265,167.7441,0.0864,96.3592,0.0009,0.0034,-0.0002,0.0009,0.0000,213.2897,-0.9071,-0.0538,0.1867,0.3274,-0.3586,-21.5152,0.0000,0.2874,0.6659,1,0,0,0,0,3.3798
29.4785,167.7442,0.0864,96.3591,0.0009,0.0034,-0.0002,0.0009,0.0000,213.2540,-0.6865,-0.0538,0.1867,0.3274,-0.3586,-21.5152,0.0000,0.2874,0.6659,1,0,0,0,0,3.3675
29.5378,167.7442,0.0864,96.3591,0.0009,0.0034,-0.0002,0.0009,0.0000,213.2005,-0.9003,-0.0538,0.1867,0.3274,-0.3586,-21.5152,0.0000,0.2874,0.6659,1,0,0,0,0,3.3794
29.5981,167.7443,0.0864,96.3590,0.0009,0.0034,-0.0002,0.0009,0.0000,213.1560,-0.7397,-0.0538,0.1867,0.3274,-0.3586,-21.5152,0.0000,0.2874,0.6659,1,0,0,0,0,3.3705
29.6557,167.7444,0.0864,96.3590,0.0009,0.0034,-0.0002,0.0009,0.0000,213.1114,-0.7728,-0.0538,0.1867,0.3274,-0.3586,-21.5152,0.0000,0.2874,0.6659,1,0,0,0,0,3.3723
29.7087,167.7445,0.0864,96.3590,0.0009,0.0034,-0.0002,0.0009,0.0000,213.0669,-0.8405,-0.0538,0.1867,0.3274,-0.3586,-21.5152,0.0000,0.2874,0.6659,1,0,0,0,0,3.3761
29.7654,167.7446,0.0864,96.3589,0.0009,0.0034,-0.0002,0.0009,0.0000,213.0223,-0.7862,-0.0538,0.1867,0.3274,-0.3586,-21.5152,0.0000,0.2874,0.6659,1,0,0,0,0,3.3731
29.8189,167.7446,0.0864,96.3589,0.0009,0.0034,-0.0002,0.0009,0.0000,212.9778,-0.8336,-0.0538,0.1867,0.3274,-0.3586,-21.5152,0.0000,0.2874,0.6659,1,0,0,0,0,3.3757
29.8692,167.7447,0.0864,96.3589,0.0009,0.0034,-0.0002,0.0009,0.0000,212.9421,-0.7087,-0.0538,0.1867,0.3274,-0.3586,-21.5152,0.0000,0.2874,0.6659,1,0,0,0,0,3.3687
29.9330,167.7448,0.0864,96.3588,0.0009,0.0034,-0.0002,0.0009,0.0000,212.8886,-0.8375,-0.0538,0.1867,0.3274,-0.3586,-21.5152,0.0000,0.2874,0.6659,1,0,0,0,0,3.3759
29.9890,167.7449,0.0864,96.3588,0.0009,0.0034,-0.0002,0.0009,0.0000,212.8441,-0.7959,-0.0538,0.1867,0.3274,-0.3586,-21.5152,0.0000,0.2874,0.6659,1,0,0,0,0,3.3736
30.0496,167.7449,0.0864,96.3587,0.0009,0.0034,-0.0002,0.0009,0.0000,212.7906,-0.8833,-0.0538,0.1867,0.3274,-0.3586,-21.5152,0.0000,0.2874,0.6659,1,0,0,0,0,3.3784
30.1023,167.7450,0.0864,96.3587,0.0009,0.0034,-0.0002,0.0009,0.0000,212.7550,-0.6753,-0.0538,0.1867,0.3274,-0.3586,-21.5152,0.0000,0.2874,0.6659,1,0,0,0,0,3.3669
30.1554,167.7451,0.0864,96.3587,0.0009,0.0034,-0.0002,0.0009,0.0000,212.7104,-0.8396,-0.0538,0.1867,0.3274,-0.3586,-21.5152,0.0000,0.2874,0.6659,1,0,0,0,0,3.3760
30.2136,167.7452,0.0864,96.3586,0.0009,0.0034,-0.0002,0.0009,0.0000,212.6659,-0.7654,-0.0538,0.1867,0.3274,-0.3586,-21.5152,0.0000,0.2874,0.6659,1,0,0,0,0,3.3719
30.2746,167.7453,0.0864,96.3586,0.0009,0.0034,-0.0002,0.0009,0.0000,212.6124,-0.8763,-0.0538,0.1867,0.3274,-0.3586,-21.5152,0.0000,0.2874,0.6659,1,0,0,0,0,3.3781
30.3254,167.7453,0.0864,96.3585,0.0009,0.0034,-0.0002,0.0009,0.0000,212.5678,-0.8773,-0.0538,0.1867,0.3274,-0.3586,-21.5152,0.0000,0.2874,0.6659,1,0,0,0,0,3.3781
30.3852,167.7454,0.0864,96.3585,0.0009,0.0034,-0.0002,0.0009,0.0000,212.5233,-0.7448,-0.0538,0.1867,0.3274,-0.3586,-21.5152,0.0000,0.2874,0.6659,1,0,0,0,0,3.3707
30.4466,167.7455,0.0864,96.3585,0.0009,0.0034,-0.0002,0.0009,0.0000,212.4787,-0.7265,-0.0538,0.1867,0.3274,-0.3586,-21.5152,0.0000,0.2874,0.6659,1,0,0,0,0,3.3697
30.5059,167.7456,0.0864,96.3584,0.0009,0.0034,-0.0002,0.0009,0.0000,212.4253,-0.9011,-0.0538,0.1867,0.3274,-0.3586,-21.5152,0.0000,0.2874,0.6659,1,0,0,0,0,3.3794
30.5568,167.7456,0.0864,96.3584,0.0009,0.0034,-0.0002,0.0009,0.0000,212.3896,-0.7007,-0.0538,0.1867,0.3274,-0.3586,-21.5152,0.0000,0.2874,0.6659,1,0,0,0,0,3.3683
30.6163,167.7457,0.0864,96.3584,0.0009,0.0034,-0.0002,0.0009,0.0000,212.3362,-0.8977,-0.0538,0.1867,0.3274,-0.3586,-21.5152,0.0000,0.2874,0.6659,1,0,0,0,0,3.3792
30.6734,167.7458,0.0864,96.3583,0.0009,0.0034,-0.0002,0.0009,0.0000,212.2916,-0.7812,-0.0538,0.1867,0.3274,-0.3586,-21.5152,0.0000,0.2874,0.6659,1,0,0,0,0,3.3728
30.7274,167.7459,0.0864,96.3583,0.0009,0.0034,-0.0002,0.0009,0.0000,212.2470,-0.8253,-0.0538,0.1867,0.3274,-0.3586,-21.5152,0.0000,0.2874,0.6659,1,0,0,0,0,3.3752
30.7854,167.7460,0.0864,96.3582,0.0009,0.0034,-0.0002,0.0009,0.0000,212.2025,-0.7677,-0.0538,0.1867,0.3274,-0.3586,-21.5152,0.0000,0.2874,0.6659,1,0,0,0,0,3.3720
30.8456,167.7460,0.0864,96.3582,0.0009,0.0034,-0.0002,0.0009,0.0000,212.1579,-0.7407,-0.0538,0.1867,0.3274,-0.3586,-21.5152,0.0000,0.2874,0.6659,1,0,0,0,0,3.3705
30.8960,167.7461,0.0864,96.3582,0.0009,0.0034,-0.0002,0.0009,0.0000,212.1133,-0.8835,-0.0538,0.1867,0.3274,-0.3586,-21.5152,0.0000,0.2874,0.6659,1,0,0,0,0,3.3785
30.9475,167.7462,0.0864,96.3581,0.0009,0.0034,-0.0002,0.0009,0.0000,212.0688,-0.8657,-0.0538,0.1867,0.3274,-0.3586,-21.5152,0.0000,0.2874,0.6659,1,0,0,0,0,3.3775
30.9982,167.7462,0.0864,96.3581,0.0009,0.0034,-0.0002,0.0009,0.0000,212.0331,-0.7028,-0.0538,0.1867,0.3274,-0.3586,-21.5152,0.0000,0.2874,0.6659,1,0,0,0,0,3.3684
31.0550,167.7463,0.0864,96.3580,0.0009,0.0034,-0.0002,0.0009,0.0000,211.9886,-0.7851,-0.0538,0.1867,0.3274,-0.3586,-21.5152,0.0000,0.2874,0.6659,1,0,0,0,0,3.3730
31.1060,167.7464,0.0864,96.3580,0.0009,0.0034,-0.0002,0.0009,0.0000,211.9440,-0.8723,-0.0538,0.1867,0.3274,-0.3586,-21.5152,0.0000,0.2874,0.6659,1,0,0,0,0,3.3778
31.1611,167.7465,0.0864,96.3580,0.0009,0.0034,-0.0002,0.0009,0.0000,211.8995,-0.8086,-0.0538,0.1867,0.3274,-0.3586,-21.5152,0.0000,0.2874,0.6659,1,0,0,0,0,3.3743
31.2170,167.7466,0.0864,96.3579,0.0009,0.0034,-0.0002,0.0009,0.0000,211.8549,-0.7973,-0.0538,0.1867,0.3274,-0.3586,-21.5152,0.0000,0.2874,0.6659,1,0,0,0,0,3.3737
31.2790,167.7466,0.0864,96.3579,0.0009,0.0034,-0.0002,0.0009,0.0000,211.8104,-0.7191,-0.0538,0.1867,0.3274,-0.3586,-21.5152,0.0000,0.2874,0.6659,1,0,0,0,0,3.3693
31.3393,167.7467,0.0864,96.3579,0.0009,0.0034,-0.0002,0.0009,0.0000,211.7569,-0.8860,-0.0538,0.1867,0.3274,-0.3586,-21.5152,0.0000,0.2874,0.6659,1,0,0,0,0,3.3786
31.3979,167.7468,0.0864,96.3578,0.0009,0.0034,-0.0002,0.0009,0.0000,211.7124,-0.7604,-0.0538,0.1867,0.3274,-0.3586,-21.5152,0.0000,0.2874,0.6659,1,0,0,0,0,3.3716
31.4483,167.7469,0.0864,96.3578,0.0009,0.0034,-0.0002,0.0009,0.0000,211.6678,-0.8845,-0.0538,0.1867,0.3274,-0.3586,-21.5152,0.0000,0.2874,0.6659,1,0,0,0,0,3.3785
31.5094,167.7470,0.0864,96.3577,0.0009,0.0034,-0.0002,0.0009,0.0000,211.6233,-0.7287,-0.0538,0.1867,0.3274,-0.3586,-21.5152,0.0000,0.2874,0.6659,1,0,0,0,0,3.3699
31.5602,167.7470,0.0864,96.3577,0.0009,0.0034,-0.0002,0.0009,0.0000,211.5787,-0.8764,-0.0538,0.1867,0.3274,-0.3586,-21.5152,0.0000,0.2874,0.6659,1,0,0,0,0,3.3781
31.6171,167.7471,0.0864,96.3577,0.0009,0.0034,-0.0002,0.0009,0.0000,211.5342,-0.7827,-0.0538,0.1867,0.3274,-0.3586,-21.5152,0.0000,0.2874,0.6659,1,0,0,0,0,3.3729
31.6684,167.7472,0.0864,96.3576,0.0009,0.0034,-0.0002,0.0009,0.0000,211.4896,-0.8691,-0.0538,0.1867,0.3274,-0.3586,-21.5152,0.0000,0.2874,0.6659,1,0,0,0,0,3.3777
31.7277,167.7473,0.0864,96.3576,0.0009,0.0034,-0.0002,0.0009,0.0000,211.4450,-0.7508,-0.0538,0.1867,0.3274,-0.3586,-21.5152,0.0000,0.2874,0.6659,1,0,0,0,0,3.3711
31.7881,167.7473,0.0864,96.3575,0.0009,0.0034,-0.0002,0.0009,0.0000,211.4005,-0.7387,-0.0538,0.1867,0.3274,-0.3586,-21.5152,0.0000,0.2874,0.6659,1,0,0,0,0,3.3704
31.8495,167.7474,0.0864,96.3575,0.0009,0.0034,-0.0002,0.0009,0.0000,211.3470,-0.8703,-0.0538,0.1867,0.3274,-0.3586,-21.5152,0.0000,0.2874,0.6659,1,0,0,0,0,3.3777
31.9064,167.7475,0.0864,96.3575,0.0009,0.0034,-0.0002,0.0009,0.0000,211.3025,-0.7828,-0.0538,0.1867,0.3274,-0.3586,-21.5152,0.0000,0.2874,0.6659,1,0,0,0,0,3.3729
31.9597,167.7476,0.0864,96.3574,0.0009,0.0034,-0.0002,0.0009,0.0000,211.2579,-0.8359,-0.0538,0.1867,0.3274,-0.3586,-21.5152,0.0000,0.2874,0.6659,1,0,0,0,0,3.3758
32.0180,167.7477,0.0864,96.3574,0.0009,0.0034,-0.0002,0.0009,0.0000,211.2134,-0.7641,-0.0538,0.1867,0.3274,-0.3586,-21.5152,0.0000,0.2874,0.6659,1,0,0,0,0,3.3718
32.0783,167.7477,0.0864,96.3573,0.0009,0.0034,-0.0002,0.0009,0.0000,211.1688,-0.7392,-0.0538,0.1867,0.3274,-0.3586,-21.5152,0.0000,0.2874,0.6659,1,0,0,0,0,3.3704
32.1298,167.7478,0.0864,96.3573,0.0009,0.0034,-0.0002,0.0009,0.0000,211.1242,-0.8660,-0.0538,0.1867,0.3274,-0.3586,-21.5152,0.0000,0.2874,0.6659,1,0,0,0,0,3.3775
32.1887,167.7479,0.0864,96.3573,0.0009,0.0034,-0.0002,0.0009,0.0000,211.0796,-0.7562,-0.0538,0.1867,0.3274,-0.3586,-21.5152,0.0000,0.2874,0.6659,1,0,0,0,0,3.3714
32.2478,167.7480,0.0864,96.3572,0.0009,0.0034,-0.0002,0.0009,0.0000,211.0261,-0.9053,-0.0538,0.1867,0.3274,-0.3586,-21.5152,0.0000,0.2874,0.6659,1,0,0,0,0,3.3797
32.2986,167.7480,0.0864,96.3572,0.0009,0.0034,-0.0002,0.0009,0.0000,210.9905,-0.7028,-0.0538,0.1867,0.3274,-0.3586,-21.5152,0.0000,0.2874,0.6659,1,0,0,0,0,3.3684
32.3492,167.7481,0.0864,96.3572,0.0009,0.0034,-0.0002,0.0009,0.0000,210.9459,-0.8791,-0.0538,0.1867,0.3274,-0.3586,-21.5152,0.0000,0.2874,0.6659,1,0,0,0,0,3.3782
32.4096,167.7482,0.0864,96.3571,0.0009,0.0034,-0.0002,0.0009,0.0000,210.9014,-0.7388,-0.0538,0.1867,0.3274,-0.3586,-21.5152,0.0000,0.2874,0.6659,1,0,0,0,0,3.3704
32.4666,167.7483,0.0864,96.3571,0.0009,0.0034,-0.0002,0.0009,0.0000,210.8568,-0.7816,-0.0538,0.1867,0.3274,-0.3586,-21.5152,0.0000,0.2874,0.6659,1,0,0,0,0,3.3728
32.5172,167.7484,0.0864,96.3570,0.0009,0.0034,-0.0002,0.0009,0.0000,210.8123,-0.8802,-0.0538,0.1867,0.3274,-0.3586,-21.5152,0.0000,0.2874,0.6659,1,0,0,0,0,3.3783
32.5707,167.7484,0.0864,96.3570,0.0009,0.0034,-0.0002,0.0009,0.0000,210.7677,-0.8332,-0.0538,0.1867,0.3274,-0.3586,-21.5152,0.0000,0.2874,0.6659,1,0,0,0,0,3.3757
32.6208,167.7485,0.0864,96.3570,0.0009,0.0034,-0.0002,0.0009,0.0000,210.7321,-0.7106,-0.0538,0.1867,0.3274,-0.3586,-21.5152,0.0000,0.2874,0.6659,1,0,0,0,0,3.3688
32.6793,167.7486,0.0864,96.3569,0.0009,0.0034,-0.0002,0.0009,0.0000,210.6786,-0.9148,-0.0538,0.1867,0.3274,-0.3586,-21.5152,0.0000,0.2874,0.6659,1,0,0,0,0,3.3802
32.7401,167.7487,0.0864,96.3569,0.0009,0.0034,-0.0002,0.0009,0.0000,210.6340,-0.7326,-0.0538,0.1867,0.3274,-0.3586,-21.5152,0.0000,0.2874,0.6659,1,0,0,0,0,3.3701
32.7906,167.7487,0.0864,96.3568,0.0009,0.0034,-0.0002,0.0009,0.0000,210.5895,-0.8820,-0.0538,0.1867,0.3274,-0.3586,-21.5152,0.0000,0.2874,0.6659,1,0,0,0,0,3.3784
32.8481,167.7488,0.0864,96.3568,0.0009,0.0034,-0.0002,0.0009,0.0000,210.5449,-0.7743,-0.0538,0.1867,0.3274,-0.3586,-21.5152,0.0000,0.2874,0.6659,1,0,0,0,0,3.3724
32.9012,167.7489,0.0864,96.3568,0.0009,0.0034,-0.0002,0.0009,0.0000,210.5004,-0.8397,-0.0538,0.1867,0.3274,-0.3586,-21.5152,0.0000,0.2874,0.6659,1,0,0,0,0,3.3760
32.9579,167.7489,0.0864,96.3567,0.0009,0.0034,-0.0002,0.0009,0.0000,210.4559,-0.7857,-0.0538,0.1867,0.3274,-0.3586,-21.5152,0.0000,0.2874,0.6659,1,0,0,0,0,3.3730
33.0128,167.7490,0.0864,96.3567,0.0009,0.0034,-0.0002,0.0009,0.0000,210.4113,-0.8113,-0.0538,0.1867,0.3274,-0.3586,-21.5152,0.0000,0.2874,0.6659,1,0,0,0,0,3.3744
33.0651,167.7491,0.0864,96.3567,0.0009,0.0034,-0.0002,0.0009,0.0000,210.3756,-0.6813,-0.0538,0.1867,0.3274,-0.3586,-21.5152,0.0000,0.2874,0.6659,1,0,0,0,0,3.3672
33.1205,167.7492,0.0864,96.3566,0.0009,0.0034,-0.0002,0.0009,0.0000,210.3311,-0.8055,-0.0538,0.1867,0.3274,-0.3586,-21.5152,0.0000,0.2874,0.6659,1,0,0,0,0,3.3741
33.1726,167.7492,0.0864,96.3566,0.0009,0.0034,-0.0002,0.0009,0.0000,210.2865,-0.8547,-0.0538,0.1867,0.3274,-0.3586,-21.5152,0.0000,0.2874,0.6659,1,0,0,0,0,3.3769
33.2307,167.7493,0.0864,96.3566,0.0009,0.0034,-0.0002,0.0009,0.0000,210.2420,-0.7669,-0.0538,0.1867,0.3274,-0.3586,-21.5152,0.0000,0.2874,0.6659,1,0,0,0,0,3.3720
33.2815,167.7494,0.0864,96.3565,0.0009,0.0034,-0.0002,0.0009,0.0000,210.1974,-0.8776,-0.0538,0.1867,0.3274,-0.3586,-21.5152,0.0000,0.2874,0.6659,1,0,0,0,0,3.3781
33.3335,167.7495,0.0864,96.3565,0.0009,0.0034,-0.0002,0.0009,0.0000,210.1528,-0.8561,-0.0538,0.1867,0.3274,-0.3586,-21.5152,0.0000,0.2874,0.6659,1,0,0,0,0,3.3769
33.3865,167.7495,0.0864,96.3564,0.0009,0.0034,-0.0002,0.0009,0.0000,210.1172,-0.6735,-0.0538,0.1867,0.3274,-0.3586,-21.5152,0.0000,0.2874,0.6659,1,0,0,0,0,3.3668
33.4390,167.7496,0.0864,96.3564,0.0009,0.0034,-0.0002,0.0009,0.0000,210.0726,-0.8478,-0.0538,0.1867,0.3274,-0.3586,-21.5152,0.0000,0.2874,0.6659,1,0,0,0,0,3.3765
33.4952,167.7497,0.0864,96.3564,0.0009,0.0034,-0.0002,0.0009,0.0000,210.0281,-0.7930,-0.0538,0.1867,0.3274,-0.3586,-21.5152,0.0000,0.2874,0.6659,1,0,0,0,0,3.3734
33.5459,167.7498,0.0864,96.3563,0.0009,0.0034,-0.0002,0.0009,0.0000,209.9835,-0.8788,-0.0538,0.1867,0.3274,-0.3586,-21.5152,0.0000,0.2874,0.6659,1,0,0,0,0,3.3782
33.5980,167.7498,0.0864,96.3563,0.0009,0.0034,-0.0002,0.0009,0.0000,209.9478,-0.6846,-0.0538,0.1867,0.3274,-0.3586,-21.5152,0.0000,0.2874,0.6659,1,0,0,0,0,3.3674
33.6494,167.7499,0.0864,96.3563,0.0009,0.0034,-0.0002,0.0009,0.0000,209.9033,-0.8666,-0.0538,0.1867,0.3274,-0.3586,-21.5152,0.0000,0.2874,0.6659,1,0,0,0,0,3.3775
33.7011,167.7500,0.0864,96.3562,0.0009,0.0034,-0.0002,0.0009,0.0000,209.8588,-0.8607,-0.0538,0.1867,0.3274,-0.3586,-21.5152,0.0000,0.2874,0.6659,1,0,0,0,0,3.3772
33.7588,167.7500,0.0864,96.3562,0.0009,0.0034,-0.0002,0.0009,0.0000,209.8142,-0.7723,-0.0538,0.1867,0.3274,-0.3586,-21.5152,0.0000,0.2874,0.6659,1,0,0,0,0,3.3723
33.8096,167.7501,0.0864,96.3562,0.0009,0.0034,-0.0002,0.0009,0.0000,209.7786,-0.7018,-0.0538,0.1867,0.3274,-0.3586,-21.5152,0.0000,0.2874,0.6659,1,0,0,0,0,3.3684
33.8603,167.7502,0.0864,96.3561,0.0009,0.0034,-0.0002,0.0009,0.0000,209.7341,-0.8795,-0.0538,0.1867,0.3274,-0.3586,-21.5152,0.0000,0.2874,0.6659,1,0,0,0,0,3.3782
33.9114,167.7503,0.0864,96.3561,0.0009,0.0034,-0.0002,0.0009,0.0000,209.6895,-0.8710,-0.0538,0.1867,0.3274,-0.3586,-21.5152,0.0000,0.2874,0.6659,1,0,0,0,0,3.3778
33.9622,167.7503,0.0864,96.3561,0.0009,0.0034,-0.0002,0.0009,0.0000,209.6539,-0.7020,-0.0538,0.1867,0.3274,-0.3586,-21.5152,0.0000,0.2874,0.6659,1,0,0,0,0,3.3684
34.0124,167.7504,0.0864,96.3560,0.0009,0.0034,-0.0002,0.0009,0.0000,209.6093,-0.8869,-0.0538,0.1867,0.3274,-0.3586,-21.5152,0.0000,0.2874,0.6659,1,0,0,0,0,3.3786
34.0631,167.7505,0.0864,96.3560,0.0009,0.0034,-0.0002,0.0009,0.0000,209.5737,-0.7027,-0.0538,0.1867,0.3274,-0.3586,-21.5152,0.0000,0.2874,0.6659,1,0,0,0,0,3.3684
34.1198,167.7505,0.0864,96.3559,0.0009,0.0034,-0.0002,0.0009,0.0000,209.5291,-0.7870,-0.0538,0.1867,0.3274,-0.3586,-21.5152,0.0000,0.2874,0.6659,1,0,0,0,0,3.3731
34.1717,167.7506,0.0864,96.3559,0.0009,0.0034,-0.0002,0.0009,0.0000,209.4846,-0.8583,-0.0538,0.1867,0.3274,-0.3586,-21.5152,0.0000,0.2874,0.6659,1,0,0,0,0,3.3771
34.2250,167.7507,0.0864,96.3559,0.0009,0.0034,-0.0002,0.0009,0.0000,209.4400,-0.8349,-0.0538,0.1867,0.3274,-0.3586,-21.5152,0.0000,0.2874,0.6659,1,0,0,0,0,3.3758
34.2791,167.7508,0.0864,96.3558,0.0009,0.0034,-0.0002,0.0009,0.0000,209.3954,-0.8241,-0.0538,0.1867,0.3274,-0.3586,-21.5152,0.0000,0.2874,0.6659,1,0,0,0,0,3.3752
34.3338,167.7508,0.0864,96.3558,0.0009,0.0034,-0.0002,0.0009,0.0000,209.3509,-0.8150,-0.0538,0.1867,0.3274,-0.3586,-21.5152,0.0000,0.2874,0.6659,1,0,0,0,0,3.3746
34.3847,167.7509,0.0864,96.3558,0.0009,0.0034,-0.0002,0.0009,0.0000,209.3152,-0.7005,-0.0538,0.1867,0.3274,-0.3586,-21.5152,0.0000,0.2874,0.6659,1,0,0,0,0,3.3683
34.4440,167.7510,0.0864,96.3557,0.0009,0.0034,-0.0002,0.0009,0.0000,209.2618,-0.9005,-0.0538,0.1867,0.3274,-0.3586,-21.5152,0.0000,0.2874,0.6659,1,0,0,0,0,3.3794
34.4984,167.7511,0.0864,96.3557,0.0009,0.0034,-0.0002,0.0009,0.0000,209.2261,-0.6565,-0.0538,0.1867,0.3274,-0.3586,-21.5152,0.0000,0.2874,0.6659,1,0,0,0,0,3.3658
34.5503,167.7511,0.0864,96.3556,0.0009,0.0034,-0.0002,0.0009,0.0000,209.1815,-0.8578,-0.0538,0.1867,0.3274,-0.3586,-21.5152,0.0000,0.2874,0.6659,1,0,0,0,0,3.3770
34.6102,167.7512,0.0864,96.3556,0.0009,0.0034,-0.0002,0.0009,0.0000,209.1281,-0.8925,-0.0538,0.1867,0.3274,-0.3586,-21.5152,0.0000,0.2874,0.6659,1,0,0,0,0,3.3790
34.6611,167.7513,0.0864,96.3556,0.0009,0.0034,-0.0002,0.0009,0.0000,209.0924,-0.7001,-0.0538,0.1867,0.3274,-0.3586,-21.5152,0.0000,0.2874,0.6659,1,0,0,0,0,3.3683
34.7133,167.7514,0.0864,96.3555,0.0009,0.0034,-0.0002,0.0009,0.0000,209.0479,-0.8536,-0.0538,0.1867,0.3274,-0.3586,-21.5152,0.0000,0.2874,0.6659,1,0,0,0,0,3.3768
34.7695,167.7514,0.0864,96.3555,0.0009,0.0034,-0.0002,0.0009,0.0000,209.0033,-0.7929,-0.0538,0.1867,0.3274,-0.3586,-21.5152,0.0000,0.2874,0.6659,1,0,0,0,0,3.3734
34.8237,167.7515,0.0864,96.3555,0.0009,0.0034,-0.0002,0.0009,0.0000,208.9588,-0.8227,-0.0538,0.1867,0.3274,-0.3586,-21.5152,0.0000,0.2874,0.6659,1,0,0,0,0,3.3751
34.8778,167.7516,0.0864,96.3554,0.0009,0.0034,-0.0002,0.0009,0.0000,208.9142,-0.8233,-0.0538,0.1867,0.3274,-0.3586,-21.5152,0.0000,0.2874,0.6659,1,0,0,0,0,3.3751
34.9358,167.7517,0.0864,96.3554,0.0009,0.0034,-0.0002,0.0009,0.0000,208.8696,-0.7688,-0.0538,0.1867,0.3274,-0.3586,-21.5152,0.0000,0.2874,0.6659,1,0,0,0,0,3.3721
34.9898,167.7517,0.0864,96.3553,0.0009,0.0034,-0.0002,0.0009,0.0000,208.8251,-0.8239,-0.0538,0.1867,0.3274,-0.3586,-21.5152,0.0000,0.2874,0.6659,1,0,0,0,0,3.3751
35.0500,167.7518,0.0864,96.3553,0.0009,0.0034,-0.0002,0.0009,0.0000,208.7805,-0.7412,-0.0538,0.1867,0.3274,-0.3586,-21.5152,0.0000,0.2874,0.6659,1,0,0,0,0,3.3705
35.1057,167.7519,0.0864,96.3553,0.0009,0.0034,-0.0002,0.0009,0.0000,208.7360,-0.7990,-0.0538,0.1867,0.3274,-0.3586,-21.5152,0.0000,0.2874,0.6659,1,0,0,0,0,3.3738
35.1626,167.7520,0.0864,96.3552,0.0009,0.0034,-0.0002,0.0009,0.0000,208.6914,-0.7836,-0.0538,0.1867,0.3274,-0.3586,-21.5152,0.0000,0.2874,0.6659,1,0,0,0,0,3.3729
35.2127,167.7520,0.0864,96.3552,0.0009,0.0034,-0.0002,0.0009,0.0000,208.6469,-0.8896,-0.0538,0.1867,0.3274,-0.3586,-21.5152,0.0000,0.2874,0.6659,1,0,0,0,0,3.3788
35.2715,167.7521,0.0864,96.3552,0.0009,0.0034,-0.0002,0.0009,0.0000,208.6023,-0.7578,-0.0538,0.1867,0.3274,-0.3586,-21.5152,0.0000,0.2874,0.6659,1,0,0,0,0,3.3715
35.3225,167.7522,0.0864,96.3551,0.0009,0.0034,-0.0002,0.0009,0.0000,208.5578,-0.8735,-0.0538,0.1867,0.3274,-0.3586,-21.5152,0.0000,0.2874,0.6659,1,0,0,0,0,3.3779
35.3731,167.7523,0.0864,96.3551,0.0009,0.0034,-0.0002,0.0009,0.0000,208.5221,-0.7047,-0.0538,0.1867,0.3274,-0.3586,-21.5152,0.0000,0.2874,0.6659,1,0,0,0,0,3.3685
35.4333,167.7523,0.0864,96.3550,0.0009,0.0034,-0.0002,0.0009,0.0000,208.4687,-0.8870,-0.0538,0.1867,0.3274,-0.3586,-21.5152,0.0000,0.2874,0.6659,1,0,0,0,0,3.3786
35.4837,167.7524,0.0864,96.3550,0.0009,0.0034,-0.0002,0.0009,0.0000,208.4330,-0.7077,-0.0538,0.1867,0.3274,-0.3586,-21.5152,0.0000,0.2874,0.6659,1,0,0,0,0,3.3687
35.5369,167.7525,0.0864,96.3550,0.0009,0.0034,-0.0002,0.0009,0.0000,208.3885,-0.8373,-0.0538,0.1867,0.3274,-0.3586,-21.5152,0.0000,0.2874,0.6659,1,0,0,0,0,3.3759
35.6002,167.7526,0.0864,96.3549,0.0009,0.0034,-0.0002,0.0009,0.0000,208.3350,-0.8446,-0.0538,0.1867,0.3274,-0.3586,-21.5152,0.0000,0.2874,0.6659,1,0,0,0,0,3.3763
35.6538,167.7527,0.0864,96.3549,0.0009,0.0034,-0.0002,0.0009,0.0000,208.2904,-0.8321,-0.0538,0.1867,0.3274,-0.3586,-21.5152,0.0000,0.2874,0.6659,1,0,0,0,0,3.3756
35.7083,167.7527,0.0864,96.3548,0.0009,0.0034,-0.0002,0.0009,0.0000,208.2548,-0.6530,-0.0538,0.1867,0.3274,-0.3586,-21.5152,0.0000,0.2874,0.6659,1,0,0,0,0,3.3656
35.7635,167.7528,0.0864,96.3548,0.0009,0.0034,-0.0002,0.0009,0.0000,208.2102,-0.8082,-0.0538,0.1867,0.3274,-0.3586,-21.5152,0.0000,0.2874,0.6659,1,0,0,0,0,3.3743
35.8180,167.7529,0.0864,96.3548,0.0009,0.0034,-0.0002,0.0009,0.0000,208.1657,-0.8165,-0.0538,0.1867,0.3274,-0.3586,-21.5152,0.0000,0.2874,0.6659,1,0,0,0,0,3.3747
35.8694,167.7530,0.0864,96.3547,0.0009,0.0034,-0.0002,0.0009,0.0000,208.1211,-0.8667,-0.0538,0.1867,0.3274,-0.3586,-21.5152,0.0000,0.2874,0.6659,1,0,0,0,0,3.3775
35.9253,167.7530,0.0864,96.3547,0.0009,0.0034,-0.0002,0.0009,0.0000,208.0765,-0.7980,-0.0538,0.1867,0.3274,-0.3586,-21.5152,0.0000,0.2874,0.6659,1,0,0,0,0,3.3737
35.9780,167.7531,0.0864,96.3547,0.0009,0.0034,-0.0002,0.0009,0.0000,208.0320,-0.8450,-0.0538,0.1867,0.3274,-0.3586,-21.5152,0.0000,0.2874,0.6659,1,0,0,0,0,3.3763
36.0288,167.7532,0.0864,96.3546,0.0009,0.0034,-0.0002,0.0009,0.0000,207.9963,-0.7028,-0.0538,0.1867,0.3274,-0.3586,-21.5152,0.0000,0.2874,0.6659,1,0,0,0,0,3.3684
36.0813,167.7532,0.0864,96.3546,0.0009,0.0034,-0.0002,0.0009,0.0000,207.9518,-0.8485,-0.0538,0.1867,0.3274,-0.3586,-21.5152,0.0000,0.2874,0.6659,1,0,0,0,0,3.3765
36.1392,167.7533,0.0864,96.3546,0.0009,0.0034,-0.0002,0.0009,0.0000,207.9072,-0.7686,-0.0538,0.1867,0.3274,-0.3586,-21.5152,0.0000,0.2874,0.6659,1,0,0,0,0,3.3721
36.1988,167.7534,0.0864,96.3545,0.0009,0.0034,-0.0002,0.0009,0.0000,207.8537,-0.8970,-0.0538,0.1867,0.3274,-0.3586,-21.5152,0.0000,0.2874,0.6659,1,0,0,0,0,3.3792
36.2595,167.7535,0.0864,96.3545,0.0009,0.0034,-0.0002,0.0009,0.0000,207.8092,-0.7350,-0.0538,0.1867,0.3274,-0.3586,-21.5152,0.0000,0.2874,0.6659,1,0,0,0,0,3.3702
36.3101,167.7535,0.0864,96.3544,0.0009,0.0034,-0.0002,0.0009,0.0000,207.7646,-0.8807,-0.0538,0.1867,0.3274,-0.3586,-21.5152,0.0000,0.2874,0.6659,1,0,0,0,0,3.3783
36.3606,167.7536,0.0864,96.3544,0.0009,0.0034,-0.0002,0.0009,0.0000,207.7290,-0.7052,-0.0538,0.1867,0.3274,-0.3586,-21.5152,0.0000,0.2874,0.6659,1,0,0,0,0,3.3685
36.4132,167.7537,0.0864,96.3544,0.0009,0.0034,-0.0002,0.0009,0.0000,207.6844,-0.8480,-0.0538,0.1867,0.3274,-0.3586,-21.5152,0.0000,0.2874,0.6659,1,0,0,0,0,3.3765
36.4723,167.7538,0.0864,96.3543,0.0009,0.0034,-0.0002,0.0009,0.0000,207.6399,-0.7529,-0.0538,0.1867,0.3274,-0.3586,-21.5152,0.0000,0.2874,0.6659,1,0,0,0,0,3.3712
36.5293,167.7539,0.0864,96.3543,0.0009,0.0034,-0.0002,0.0009,0.0000,207.5953,-0.7825,-0.0538,0.1867,0.3274,-0.3586,-21.5152,0.0000,0.2874,0.6659,1,0,0,0,0,3.3728
36.5836,167.7539,0.0864,96.3542,0.0009,0.0034,-0.0002,0.0009,0.0000,207.5508,-0.8195,-0.0538,0.1867,0.3274,-0.3586,-21.5152,0.0000,0.2874,0.6659,1,0,0,0,0,3.3749
36.6405,167.7540,0.0864,96.3542,0.0009,0.0034,-0.0002,0.0009,0.0000,207.5062,-0.7835,-0.0538,0.1867,0.3274,-0.3586,-21.5152,0.0000,0.2874,0.6659,1,0,0,0,0,3.3729
36.6937,167.7541,0.0864,96.3542,0.0009,0.0034,-0.0002,0.0009,0.0000,207.4617,-0.8375,-0.0538,0.1867,0.3274,-0.3586,-21.5152,0.0000,0.2874,0.6659,1,0,0,0,0,3.3759
36.7527,167.7542,0.0864,96.3541,0.0009,0.0034,-0.0002,0.0009,0.0000,207.4082,-0.9067,-0.0538,0.1867,0.3274,-0.3586,-21.5152,0.0000,0.2874,0.6659,1,0,0,0,0,3.3797
36.8133,167.7542,0.0864,96.3541,0.0009,0.0034,-0.0002,0.0009,0.0000,207.3636,-0.7349,-0.0538,0.1867,0.3274,-0.3586,-21.5152,0.0000,0.2874,0.6659,1,0,0,0,0,3.3702
36.8713,167.7543,0.0864,96.3541,0.0009,0.0034,-0.0002,0.0009,0.0000,207.3191,-0.7687,-0.0538,0.1867,0.3274,-0.3586,-21.5152,0.0000,0.2874,0.6659,1,0,0,0,0,3.3721
36.9220,167.7544,0.0864,96.3540,0.0009,0.0034,-0.0002,0.0009,0.0000,207.2745,-0.8780,-0.0538,0.1867,0.3274,-0.3586,-21.5152,0.0000,0.2874,0.6659,1,0,0,0,0,3.3781
36.9729,167.7545,0.0864,96.3540,0.0009,0.0034,-0.0002,0.0009,0.0000,207.2389,-0.7002,-0.0538,0.1867,0.3274,-0.3586,-21.5152,0.0000,0.2874,0.6659,1,0,0,0,0,3.3683
37.0237,167.7545,0.0864,96.3539,0.0009,0.0034,-0.0002,0.0009,0.0000,207.1943,-0.8782,-0.0538,0.1867,0.3274,-0.3586,-21.5152,0.0000,0.2874,0.6659,1,0,0,0,0,3.3782
37.0738,167.7546,0.0864,96.3539,0.0009,0.0034,-0.0002,0.0009,0.0000,207.1587,-0.7106,-0.0538,0.1867,0.3274,-0.3586,-21.5152,0.0000,0.2874,0.6659,1,0,0,0,0,3.3688
37.1328,167.7547,0.0864,96.3539,0.0009,0.0034,-0.0002,0.0009,0.0000,207.1052,-0.9060,-0.0538,0.1867,0.3274,-0.3586,-21.5152,0.0000,0.2874,0.6659,1,0,0,0,0,3.3797
37.1976,167.7548,0.0864,96.3538,0.0009,0.0034,-0.0002,0.0009,0.0000,207.0517,-0.8256,-0.0538,0.1867,0.3274,-0.3586,-21.5152,0.0000,0.2874,0.6659,1,0,0,0,0,3.3752
37.2553,167.7549,0.0864,96.3538,0.0009,0.0034,-0.0002,0.0009,0.0000,207.0072,-0.7722,-0.0538,0.1867,0.3274,-0.3586,-21.5152,0.0000,0.2874,0.6659,1,0,0,0,0,3.3723
37.3119,167.7549,0.0864,96.3537,0.0009,0.0034,-0.0002,0.0009,0.0000,206.9626,-0.7871,-0.0538,0.1867,0.3274,-0.3586,-21.5152,0.0000,0.2874,0.6659,1,0,0,0,0,3.3731
37.3620,167.7550,0.0864,96.3537,0.0009,0.0034,-0.0002,0.0009,0.0000,206.9270,-0.7109,-0.0538,0.1867,0.3274,-0.3586,-21.5152,0.0000,0.2874,0.6659,1,0,0,0,0,3.3689
37.4168,167.7551,0.0864,96.3537,0.0009,0.0034,-0.0002,0.0009,0.0000,206.8783,-0.8878,-0.0538,0.1867,0.3274,-0.4573,-22.5317,18.5632,0.2874,0.6659,1,0,0,0,0,4.4100
37.4752,167.7552,0.0864,96.3536,0.0009,0.0034,-0.0002,0.0009,0.0000,206.7958,-1.4127,-0.0538,0.1867,0.3274,-0.6370,-28.4649,101.5774,0.2874,0.6659,1,0,0,0,0,9.0510
37.5310,167.7552,0.0864,96.3536,0.0009,0.0034,-0.0002,0.0009,0.0000,206.7132,-1.4820,-0.0538,0.1867,0.3274,-0.7296,-35.1223,119.3860,0.2874,0.6659,1,0,0,0,0,10.0443
37.5814,167.7553,0.0864,96.3536,0.0009,0.0034,-0.0002,0.0009,0.0000,206.6404,-1.4411,-0.0538,0.1867,0.3274,-0.7894,-39.8540,93.7630,0.2874,0.6659,1,0,0,0,0,8.6185
37.6344,167.7554,0.0864,96.3535,0.0009,0.0034,-0.0002,0.0009,0.0000,206.5434,-1.8336,-0.0538,0.1867,0.3274,-0.8404,-44.2320,82.7196,0.2874,0.6659,1,0,0,0,0,8.0268
37.6876,167.7555,0.0864,96.3535,0.0009,0.0034,-0.0002,0.0009,0.0000,206.4425,-1.8953,-0.0538,0.1867,0.3274,-0.8653,-47.7460,65.9923,0.2874,0.6659,1,0,0,0,0,7.1009
37.7450,167.7555,0.0864,96.3534,0.0009,0.0034,-0.0002,0.0009,0.0000,206.3398,-1.7885,-0.0538,0.1867,0.3274,-0.8760,-50.2089,42.9079,0.2874,0.6659,1,0,0,0,0,5.8125
37.7991,167.7556,0.0864,96.3534,0.0009,0.0034,-0.0002,0.0009,0.0000,206.2364,-1.9140,-0.0538,0.1867,0.3274,-0.8806,-51.3767,21.6055,0.2874,0.6659,1,0,0,0,0,4.6360
37.8580,167.7557,0.0864,96.3534,0.0009,0.0034,-0.0002,0.0009,0.0000,206.1326,-1.7605,-0.0538,0.1867,0.3274,-0.8826,-52.1892,13.7866,0.2874,0.6659,1,0,0,0,0,4.1931
37.9123,167.7558,0.0864,96.3533,0.0009,0.0034,-0.0002,0.0009,0.0000,206.0284,-1.9190,-0.0538,0.1867,0.3274,-0.8894,-52.6264,8.0541,0.2874,0.6659,1,0,0,0,0,3.8834
37.9727,167.7558,0.0864,96.3533,0.0009,0.0034,-0.0002,0.0009,0.0000,205.9229,-1.7467,-0.0538,0.1867,0.3274,-0.9021,-53.2328,10.0404,0.2874,0.6659,1,0,0,0,0,3.9842
38.0342,167.7559,0.0864,96.3532,0.0009,0.0034,-0.0002,0.0009,0.0000,205.7950,-2.0785,-0.0538,0.1867,0.3274,-0.9097,-53.8681,10.3211,0.2874,0.6659,1,0,0,0,0,4.0182
38.0951,167.7560,0.0864,96.3532,0.0009,0.0034,-0.0002,0.0009,0.0000,205.6879,-1.7601,-0.0538,0.1867,0.3274,-0.9122,-54.3031,7.1480,0.2874,0.6659,1,0,0,0,0,3.8243
38.1568,167.7561,0.0864,96.3532,0.0009,0.0034,-0.0002,0.0009,0.0000,205.5592,-2.0870,-0.0538,0.1867,0.3274,-0.9134,-54.5594,4.1548,0.2874,0.6659,1,0,0,0,0,3.6761
38.2160,167.7562,0.0864,96.3531,0.0009,0.0034,-0.0002,0.0009,0.0000,205.4518,-1.8115,-0.0538,0.1867,0.3274,-0.9138,-54.6970,2.3223,0.2874,0.6659,1,0,0,0,0,3.5590
38.2768,167.7563,0.0864,96.3531,0.0009,0.0034,-0.0002,0.0009,0.0000,205.3229,-2.1197,-0.0538,0.1867,0.3274,-0.9140,-54.7720,1.2345,0.2874,0.6659,1,0,0,0,0,3.5157
38.3273,167.7563,0.0864,96.3530,0.0009,0.0034,-0.0002,0.0009,0.0000,205.2370,-1.7019,-0.0538,0.1867,0.3274,-0.9140,-54.8048,0.6489,0.2874,0.6659,1,0,0,0,0,3.4600
38.3805,167.7564,0.0864,96.3530,0.0009,0.0034,-0.0002,0.0009,0.0000,205.1296,-2.0198,-0.0538,0.1867,0.3274,-0.9141,-54.8231,0.3446,0.2874,0.6659,1,0,0,0,0,3.4607
38.4346,167.7565,0.0864,96.3530,0.0009,0.0034,-0.0002,0.0009,0.0000,205.0222,-1.9859,-0.0538,0.1867,0.3274,-0.9141,-54.8350,0.2200,0.2874,0.6659,1,0,0,0,0,3.4519
38.4945,167.7566,0.0864,96.3529,0.0009,0.0034,-0.0002,0.0009,0.0000,204.9149,-1.7930,-0.0538,0.1867,0.3274,-0.9102,-54.8213,0.2290,0.2874,0.6659,1,0,0,0,0,3.4417
38.5535,167.7567,0.0864,96.3529,0.0009,0.0034,-0.0002,0.0009,0.0000,204.7878,-2.1534,-0.0538,0.1867,0.3274,-0.8924,-54.4959,5.5137,0.2874,0.6659,1,0,0,0,0,3.7553
38.6041,167.7567,0.0864,96.3529,0.0009,0.0034,-0.0002,0.0009,0.0000,204.7051,-1.6330,-0.0538,0.1867,0.3274,-0.8688,-53.7608,14.5138,0.2874,0.6659,1,0,0,0,0,4.2264
38.6548,167.7568,0.0864,96.3528,0.0009,0.0034,-0.0002,0.0009,0.0000,204.6062,-1.9527,-0.0538,0.1867,0.3274,-0.8149,-52.2747,29.3504,0.2874,0.6659,1,0,0,0,0,5.0684
38.7156,167.7569,0.0864,96.3528,0.0009,0.0034,-0.0002,0.0009,0.0000,204.5212,-1.3980,-0.0538,0.1867,0.3274,-0.6031,-48.1152,68.4173,0.2874,0.6659,1,0,0,0,0,7.2080
38.7690,167.7569,0.0864,96.3527,0.0009,0.0034,-0.0002,0.0009,0.0000,204.4774,-0.8188,-0.0538,0.1867,0.3274,-0.2146,-34.4845,255.0283,0.2874,0.6659,1,0,0,0,0,13.3749
38.8262,167.7570,0.0864,96.3527,0.0009,0.0034,-0.0002,0.0009,0.0000,204.4664,-0.1930,-0.0538,0.1867,0.3274,0.0247,-19.7898,256.6901,0.2874,0.6659,1,0,0,0,0,13.3401
38.8771,167.7571,0.0864,96.3527,0.0009,0.0034,-0.0002,0.0009,0.0000,204.4784,0.2368,-0.0538,0.1867,0.3274,0.2096,-6.6094,259.2989,0.2874,0.6659,1,0,0,0,0,13.3425
38.9339,167.7572,0.0864,96.3526,0.0009,0.0034,-0.0002,0.0009,0.0000,204.5076,0.5137,-0.0538,0.1867,0.3274,0.3428,5.9300,220.5377,0.2874,0.6659,1,0,0,0,0,13.3579
38.9878,167.7572,0.0864,96.3526,0.0009,0.0034,-0.0002,0.0009,0.0000,204.5471,0.7320,-0.0538,0.1867,0.3274,0.4045,14.4249,157.5897,0.2874,0.6659,1,0,0,0,0,12.1250
39.0402,167.7573,0.0864,96.3526,0.0009,0.0034,-0.0002,0.0009,0.0000,204.5909,0.8368,-0.0538,0.1867,0.3274,0.4311,19.3882,94.8050,0.2874,0.6659,1,0,0,0,0,8.6428
39.0969,167.7574,0.0864,96.3525,0.0009,0.0034,-0.0002,0.0009,0.0000,204.6365,0.8047,-0.0538,0.1867,0.3274,0.4425,23.0662,64.8259,0.2874,0.6659,1,0,0,0,0,6.9755
39.1546,167.7575,0.0864,96.3525,0.0009,0.0034,-0.0002,0.0009,0.0000,204.6830,0.8057,-0.0538,0.1867,0.3274,0.4474,24.7559,29.2895,0.2874,0.6659,1,0,0,0,0,5.0013
39.2085,167.7575,0.0864,96.3524,0.0009,0.0034,-0.0002,0.0009,0.0000,204.7298,0.8694,-0.0538,0.1867,0.3274,0.4495,25.8809,20.8864,0.2874,0.6659,1,0,0,0,0,4.5380
39.2696,167.7576,0.0864,96.3524,0.0009,0.0034,-0.0002,0.0009,0.0000,204.7768,0.7684,-0.0538,0.1867,0.3274,0.4504,26.4934,10.0212,0.2874,0.6659,1,0,0,0,0,3.9288
39.3300,167.7577,0.0864,96.3524,0.0009,0.0034,-0.0002,0.0009,0.0000,204.8333,0.9350,-0.0538,0.1867,0.3274,0.4509,26.7891,4.8971,0.2874,0.6659,1,0,0,0,0,3.6534
39.3819,167.7578,0.0864,96.3523,0.0009,0.0034,-0.0002,0.0009,0.0000,204.8708,0.7230,-0.0538,0.1867,0.3274,0.4461,26.9143,2.4107,0.2874,0.6659,1,0,0,0,0,3.5035
39.4381,167.7579,0.0864,96.3523,0.0009,0.0034,-0.0002,0.0009,0.0000,204.9152,0.7903,-0.0538,0.1867,0.3274,0.4128,26.3454,10.1323,0.2874,0.6659,1,0,0,0,0,3.9362
39.4918,167.7579,0.0864,96.3523,0.0009,0.0034,-0.0002,0.0009,0.0000,204.9555,0.7494,-0.0538,0.1867,0.3274,0.3770,25.0787,23.5763,0.2874,0.6659,1,0,0,0,0,4.6808
39.5524,167.7580,0.0864,96.3522,0.0009,0.0034,-0.0002,0.0009,0.0000,205.0000,0.7350,-0.0538,0.1867,0.3274,0.3558,23.3470,28.5862,0.2874,0.6659,1,0,0,0,0,4.9583
39.6131,167.7581,0.0864,96.3522,0.0009,0.0034,-0.0002,0.0009,0.0000,205.0357,0.5883,-0.0538,0.1867,0.3274,0.3455,22.1449,19.8079,0.2874,0.6659,1,0,0,0,0,4.4625
39.6740,167.7582,0.0864,96.3521,0.0009,0.0034,-0.0002,0.0009,0.0000,205.0765,0.6695,-0.0538,0.1867,0.3274,0.3303,21.1218,16.7997,0.2874,0.6659,1,0,0,0,0,4.2999
39.7353,167.7583,0.0864,96.3521,0.0009,0.0034,-0.0002,0.0009,0.0000,205.1095,0.5391,-0.0538,0.1867,0.3274,0.3253,20.3299,12.9190,0.2874,0.6659,1,0,0,0,0,4.0770
39.7909,167.7583,0.0864,96.3520,0.0009,0.0034,-0.0002,0.0009,0.0000,205.1415,0.5748,-0.0538,0.1867,0.3274,0.3116,19.6645,11.9643,0.2874,0.6659,1,0,0,0,0,4.0260
39.8526,167.7584,0.0864,96.3520,0.0009,0.0034,-0.0002,0.0009,0.0000,205.1783,0.5957,-0.0538,0.1867,0.3274,0.3029,19.0136,10.5430,0.2874,0.6659,1,0,0,0,0,3.9482
39.9071,167.7585,0.0864,96.3520,0.0009,0.0034,-0.0002,0.0009,0.0000,205.2076,0.5384,-0.0538,0.1867,0.3274,0.2876,18.3568,12.0530,0.2874,0.6659,1,0,0,0,0,4.0289
39.9580,167.7586,0.0864,96.3519,0.0009,0.0034,-0.0002,0.0009,0.0000,205.2300,0.4404,-0.0538,0.1867,0.3274,0.2802,17.7665,11.5994,0.2874,0.6659,1,0,0,0,0,3.9983
40.0183,167.7587,0.0864,96.3519,0.0009,0.0034,-0.0002,0.0009,0.0000,205.2628,0.5450,-0.0538,0.1867,0.3274,0.2753,17.1648,9.9865,0.2874,0.6659,1,0,0,0,0,3.9145
40.0789,167.7587,0.0864,96.3518,0.0009,0.0034,-0.0002,0.0009,0.0000,205.2899,0.4463,-0.0538,0.1867,0.3274,0.2737,16.7874,6.2225,0.2874,0.6659,1,0,0,0,0,3.6999
40.1312,167.7588,0.0864,96.3518,0.0009,0.0034,-0.0002,0.0009,0.0000,205.3168,0.5142,-0.0538,0.1867,0.3274,0.2688,16.6060,3.4698,0.2874,0.6659,1,0,0,0,0,3.5507
40.1889,167.7589,0.0864,96.3518,0.0009,0.0034,-0.0002,0.0009,0.0000,205.3407,0.4146,-0.0538,0.1867,0.3274,0.2283,15.8201,13.6032,0.2874,0.6659,1,0,0,0,0,4.1081
40.2509,167.7590,0.0864,96.3517,0.0009,0.0034,-0.0002,0.0009,0.0000,205.3625,0.3502,-0.0538,0.1867,0.3274,0.1782,13.7622,33.1937,0.2874,0.6659,1,0,0,0,0,5.1929
40.3012,167.7590,0.0864,96.3517,0.0009,0.0034,-0.0002,0.0009,0.0000,205.3746,0.2407,-0.0538,0.1867,0.3274,0.1641,12.1094,32.8804,0.2874,0.6659,1,0,0,0,0,5.1694
40.3517,167.7591,0.0864,96.3517,0.0009,0.0034,-0.0002,0.0009,0.0000,205.3885,0.2768,-0.0538,0.1867,0.3274,0.1558,10.9093,23.7713,0.2874,0.6659,1,0,0,0,0,4.6654
40.4081,167.7592,0.0864,96.3516,0.0009,0.0034,-0.0002,0.0009,0.0000,205.4019,0.2377,-0.0538,0.1867,0.3274,0.1523,10.0044,16.0331,0.2874,0.6659,1,0,0,0,0,4.2333
40.4622,167.7593,0.0864,96.3516,0.0009,0.0034,-0.0002,0.0009,0.0000,205.4151,0.2435,-0.0538,0.1867,0.3274,0.1507,9.5753,7.9369,0.2874,0.6659,1,0,0,0,0,3.7838
40.5190,167.7593,0.0864,96.3515,0.0009,0.0034,-0.0002,0.0009,0.0000,205.4270,0.2097,-0.0538,0.1867,0.3274,0.1317,9.0462,9.3068,0.2874,0.6659,1,0,0,0,0,3.8581
40.5734,167.7594,0.0864,96.3515,0.0009,0.0034,-0.0002,0.0009,0.0000,205.4352,0.1499,-0.0538,0.1867,0.3274,0.0800,8.0289,18.7177,0.2874,0.6659,1,0,0,0,0,4.3776
40.6248,167.7595,0.0864,96.3515,0.0009,0.0034,-0.0002,0.0009,0.0000,205.4368,0.0321,-0.0538,0.1867,0.3274,0.0407,5.6498,46.3211,0.2874,0.6659,1,0,0,0,0,5.9045
40.6895,167.7596,0.0864,96.3514,0.0009,0.0034,-0.0002,0.0009,0.0000,205.4353,-0.0245,-0.0538,0.1867,0.3274,0.0148,3.5484,32.4529,0.2874,0.6659,1,0,0,0,0,5.1337
40.7483,167.7597,0.0864,96.3514,0.0009,0.0034,-0.0002,0.0009,0.0000,205.4317,-0.0612,-0.0538,0.1867,0.3274,0.0054,1.9347,27.4305,0.2874,0.6659,1,0,0,0,0,4.8567
40.8032,167.7597,0.0864,96.3513,0.0009,0.0034,-0.0002,0.0009,0.0000,205.4288,-0.0517,-0.0538,0.1867,0.3274,0.0027,1.0234,16.6083,0.2874,0.6659,1,0,0,0,0,4.2549
40.8572,167.7598,0.0864,96.3513,0.0009,0.0034,-0.0002,0.0009,0.0000,205.4250,-0.0701,-0.0538,0.1867,0.3274,0.0012,0.5952,7.9316,0.2874,0.6659,1,0,0,0,0,3.7739
40.9072,167.7599,0.0864,96.3513,0.0009,0.0034,-0.0002,0.0009,0.0000,205.4211,-0.0781,-0.0538,0.1867,0.3274,0.0005,0.3368,5.1636,0.2874,0.6659,1,0,0,0,0,3.6206
40.9641,167.7599,0.0864,96.3512,0.0009,0.0034,-0.0002,0.0009,0.0000,205.4172,-0.0687,-0.0538,0.1867,0.3274,0.0002,0.1652,3.0189,0.2874,0.6659,1,0,0,0,0,3.5009
41.0148,167.7600,0.0864,96.3512,0.0009,0.0034,-0.0002,0.0009,0.0000,205.4133,-0.0783,-0.0538,0.1867,0.3274,0.0001,0.0891,1.5021,0.2874,0.6659,1,0,0,0,0,3.4172
41.0658,167.7601,0.0864,96.3512,0.0009,0.0034,-0.0002,0.0009,0.0000,205.4007,-0.2462,-0.0538,0.1867,0.3274,-0.1536,-1.9095,39.1301,0.2874,0.6659,1,0,0,0,0,5.5169
41.1170,167.7602,0.0864,96.3511,0.0009,0.0034,-0.0002,0.0009,0.0000,205.3725,-0.5512,-0.0538,0.1867,0.3274,-0.2443,-6.7434,94.4946,0.2874,0.6659,1,0,0,0,0,8.6097
41.1674,167.7602,0.0864,96.3511,0.0009,0.0034,-0.0002,0.0009,0.0000,205.3451,-0.5427,-0.0538,0.1867,0.3274,-0.2780,-11.2919,90.2825,0.2874,0.6659,1,0,0,0,0,8.3752
41.2283,167.7603,0.0864,96.3511,0.0009,0.0034,-0.0002,0.0009,0.0000,205.3006,-0.7302,-0.0538,0.1867,0.3274,-0.3001,-14.4578,51.9575,0.2874,0.6659,1,0,0,0,0,6.2565
41.2871,167.7604,0.0864,96.3510,0.0009,0.0034,-0.0002,0.0009,0.0000,205.2621,-0.6546,-0.0538,0.1867,0.3274,-0.3073,-16.4455,33.8105,0.2874,0.6659,1,0,0,0,0,5.2441
41.3485,167.7605,0.0864,96.3510,0.0009,0.0034,-0.0002,0.0009,0.0000,205.2153,-0.7629,-0.0538,0.1867,0.3274,-0.3108,-17.5973,18.7679,0.2874,0.6659,1,0,0,0,0,4.4144
41.4052,167.7606,0.0864,96.3509,0.0009,0.0034,-0.0002,0.0009,0.0000,205.1761,-0.6909,-0.0538,0.1867,0.3274,-0.3119,-18.1892,10.4287,0.2874,0.6659,1,0,0,0,0,3.9471
41.4576,167.7606,0.0864,96.3509,0.0009,0.0034,-0.0002,0.0009,0.0000,205.1447,-0.6000,-0.0538,0.1867,0.3274,-0.3123,-18.4414,4.8143,0.2874,0.6659,1,0,0,0,0,3.6302
41.5188,167.7607,0.0864,96.3509,0.0009,0.0034,-0.0002,0.0009,0.0000,205.0975,-0.7716,-0.0538,0.1867,0.3274,-0.3126,-18.6062,2.6926,0.2874,0.6659,1,0,0,0,0,3.5218
41.5753,167.7608,0.0864,96.3508,0.0009,0.0034,-0.0002,0.0009,0.0000,205.0581,-0.6967,-0.0538,0.1867,0.3274,-0.3127,-18.6900,1.4829,0.2874,0.6659,1,0,0,0,0,3.4505
41.6284,167.7609,0.0864,96.3508,0.0009,0.0034,-0.0002,0.0009,0.0000,205.0187,-0.7418,-0.0538,0.1867,0.3274,-0.3127,-18.7241,0.6425,0.2874,0.6659,1,0,0,0,0,3.4063
41.6852,167.7609,0.0864,96.3507,0.0009,0.0034,-0.0002,0.0009,0.0000,204.9928,-0.4553,-0.0538,0.1867,0.3274,-0.1344,-15.6487,54.1026,0.2874,0.6659,1,0,0,0,0,6.3604
41.7469,167.7610,0.0864,96.3507,0.0009,0.0034,-0.0002,0.0009,0.0000,204.9795,-0.2166,-0.0538,0.1867,0.3274,-0.0578,-10.2726,87.1348,0.2874,0.6659,1,0,0,0,0,8.1822
41.8079,167.7611,0.0864,96.3507,0.0009,0.0034,-0.0002,0.0009,0.0000,204.9702,-0.1523,-0.0538,0.1867,0.3274,-0.0210,-5.9109,71.5824,0.2874,0.6659,1,0,0,0,0,7.3146
41.8686,167.7612,0.0864,96.3506,0.0009,0.0034,-0.0002,0.0009,0.0000,204.9648,-0.0895,-0.0538,0.1867,0.3274,-0.0090,-3.1465,45.5336,0.2874,0.6659,1,0,0,0,0,5.8640
41.9248,167.7613,0.0864,96.3506,0.0009,0.0034,-0.0002,0.0009,0.0000,204.9593,-0.0977,-0.0538,0.1867,0.3274,-0.0033,-1.6457,26.7019,0.2874,0.6659,1,0,0,0,0,4.8182
41.9789,167.7614,0.0864,96.3505,0.0009,0.0034,-0.0002,0.0009,0.0000,204.9559,-0.0620,-0.0538,0.1867,0.3274,-0.0017,-0.9280,13.2471,0.2874,0.6659,1,0,0,0,0,4.0688
42.0375,167.7614,0.0864,96.3505,0.0009,0.0034,-0.0002,0.0009,0.0000,204.9510,-0.0834,-0.0538,0.1867,0.3274,-0.0006,-0.4775,7.6929,0.2874,0.6659,1,0,0,0,0,3.7614
42.0989,167.7615,0.0864,96.3505,0.0009,0.0034,-0.0002,0.0009,0.0000,204.9470,-0.0657,-0.0538,0.1867,0.3274,-0.0003,-0.2315,4.0099,0.2874,0.6659,1,0,0,0,0,3.5558
42.1552,167.7616,0.0864,96.3504,0.0009,0.0034,-0.0002,0.0009,0.0000,204.9431,-0.0699,-0.0538,0.1867,0.3274,-0.0001,-0.1109,2.1421,0.2874,0.6659,1,0,0,0,0,3.4523
42.2129,167.7617,0.0864,96.3504,0.0009,0.0034,-0.0002,0.0009,0.0000,204.9391,-0.0688,-0.0538,0.1867,0.3274,0.0000,-0.0628,0.8328,0.2874,0.6659,1,0,0,0,0,3.3795
42.2651,167.7617,0.0864,96.3503,0.0009,0.0034,-0.0002,0.0009,0.0000,204.9351,-0.0760,-0.0538,0.1867,0.3274,0.0000,-0.0305,0.6189,0.2874,0.6659,1,0,0,0,0,3.3680
42.3158,167.7618,0.0864,96.3503,0.0009,0.0034,-0.0002,0.0009,0.0000,204.9312,-0.0781,-0.0538,0.1867,0.3274,0.0000,-0.0163,0.2806,0.2874,0.6659,1,0,0,0,0,3.3493
42.3728,167.7619,0.0864,96.3503,0.0009,0.0034,-0.0002,0.0009,0.0000,204.9272,-0.0696,-0.0538,0.1867,0.3274,0.0000,-0.0077,0.1508,0.2874,0.6659,1,0,0,0,0,3.3416
42.4233,167.7619,0.0864,96.3502,0.0009,0.0034,-0.0002,0.0009,0.0000,204.9240,-0.0628,-0.0538,0.1867,0.3274,0.0000,-0.0042,0.0679,0.2874,0.6659,1,0,0,0,0,3.3366
42.4805,167.7620,0.0864,96.3502,0.0009,0.0034,-0.0002,0.0009,0.0000,204.9193,-0.0834,-0.0538,0.1867,0.3274,0.0000,-0.0021,0.0376,0.2874,0.6659,1,0,0,0,0,3.3361
42.5314,167.7621,0.0864,96.3502,0.0009,0.0034,-0.0002,0.0009,0.0000,204.9161,-0.0623,-0.0538,0.1867,0.3274,0.0000,-0.0011,0.0192,0.2874,0.6659,1,0,0,0,0,3.3339
42.5888,167.7622,0.0864,96.3501,0.0009,0.0034,-0.0002,0.0009,0.0000,204.9121,-0.0691,-0.0538,0.1867,0.3274,0.0000,-0.0005,0.0105,0.2874,0.6659,1,0,0,0,0,3.3338
42.6412,167.7623,0.0864,96.3501,0.0009,0.0034,-0.0002,0.0009,0.0000,204.9082,-0.0757,-0.0538,0.1867,0.3274,0.0000,-0.0003,0.0044,0.2874,0.6659,1,0,0,0,0,3.3338
42.6929,167.7623,0.0864,96.3500,0.0009,0.0034,-0.0002,0.0009,0.0000,204.9042,-0.0768,-0.0538,0.1867,0.3274,0.0000,-0.0001,0.0026,0.2874,0.6659,1,0,0,0,0,3.3338
42.7473,167.7624,0.0864,96.3500,0.0009,0.0034,-0.0002,0.0009,0.0000,204.9003,-0.0729,-0.0538,0.1867,0.3274,0.0000,-0.0001,0.0014,0.2874,0.6659,1,0,0,0,0,3.3335
42.8009,167.7625,0.0864,96.3500,0.0009,0.0034,-0.0002,0.0009,0.0000,204.8971,-0.0592,-0.0538,0.1867,0.3274,0.0000,0.0000,0.0007,0.2874,0.6659,1,0,0,0,0,3.3327
42.8545,167.7626,0.0864,96.3499,0.0009,0.0034,-0.0002,0.0009,0.0000,204.8931,-0.0740,-0.0538,0.1867,0.3274,0.0000,0.0000,0.0003,0.2874,0.6659,1,0,0,0,0,3.3335
42.9142,167.7626,0.0864,96.3499,0.0009,0.0034,-0.0002,0.0009,0.0000,204.8884,-0.0797,-0.0538,0.1867,0.3274,0.0000,0.0000,0.0002,0.2874,0.6659,1,0,0,0,0,3.3338
42.9645,167.7627,0.0864,96.3499,0.0009,0.0034,-0.0002,0.0009,0.0000,204.8852,-0.0630,-0.0538,0.1867,0.3274,0.0000,0.0000,0.0001,0.2874,0.6659,1,0,0,0,0,3.3329
43.0169,167.7628,0.0864,96.3498,0.0009,0.0034,-0.0002,0.0009,0.0000,204.8812,-0.0758,-0.0538,0.1867,0.3274,0.0000,0.0000,0.0000,0.2874,0.6659,1,0,0,0,0,3.3336
43.0708,167.7628,0.0864,96.3498,0.0009,0.0034,-0.0002,0.0009,0.0000,204.8772,-0.0735,-0.0538,0.1867,0.3274,0.0000,0.0000,0.0000,0.2874,0.6659,1,0,0,0,0,3.3335
43.1308,167.7629,0.0864,96.3497,0.0009,0.0034,-0.0002,0.0009,0.0000,204.8733,-0.0661,-0.0538,0.1867,0.3274,0.0000,0.0000,0.0000,0.2874,0.6659,1,0,0,0,0,3.3330
43.1882,167.7630,0.0864,96.3497,0.0009,0.0034,-0.0002,0.0009,0.0000,204.8693,-0.0691,-0.0538,0.1867,0.3274,0.0000,0.0000,0.0000,0.2874,0.6659,1,0,0,0,0,3.3332
43.2393,167.7631,0.0864,96.3497,0.0009,0.0034,-0.0002,0.0009,0.0000,204.8654,-0.0777,-0.0538,0.1867,0.3274,0.0000,0.0000,0.0000,0.2874,0.6659,1,0,0,0,0,3.3337
43.2904,167.7632,0.0864,96.3496,0.0009,0.0034,-0.0002,0.0009,0.0000,204.8614,-0.0776,-0.0538,0.1867,0.3274,0.0000,0.0000,0.0000,0.2874,0.6659,1,0,0,0,0,3.3337
43.3405,167.7632,0.0864,96.3496,0.0009,0.0034,-0.0002,0.0009,0.0000,204.8582,-0.0633,-0.0538,0.1867,0.3274,0.0000,0.0000,0.0000,0.2874,0.6659,1,0,0,0,0,3.3329
43.4030,167.7633,0.0864,96.3496,0.0009,0.0034,-0.0002,0.0009,0.0000,204.8535,-0.0761,-0.0538,0.1867,0.3274,0.0000,0.0000,0.0000,0.2874,0.6659,1,0,0,0,0,3.3336
43.4675,167.7634,0.0864,96.3495,0.0009,0.0034,-0.0002,0.0009,0.0000,204.8495,-0.0616,-0.0538,0.1867,0.3274,0.0000,0.0000,0.0000,0.2874,0.6659,1,0,0,0,0,3.3328
43.5207,167.7635,0.0864,96.3495,0.0009,0.0034,-0.0002,0.0009,0.0000,204.8455,-0.0745,-0.0538,0.1867,0.3274,0.0000,0.0000,0.0000,0.2874,0.6659,1,0,0,0,0,3.3335
43.5728,167.7635,0.0864,96.3494,0.0009,0.0034,-0.0002,0.0009,0.0000,204.8416,-0.0761,-0.0596,0.1867,0.3274,0.0000,0.0000,0.0000,0.2874,0.6659,1,0,0,0,0,3.3336
43.6336,167.7636,0.0864,96.3494,0.0009,0.0034,-0.0002,0.0009,0.0000,204.8315,-0.1658,-0.0636,0.1867,0.3274,-0.1015,-1.3761,22.6533,0.2874,0.6659,1,0,0,0,0,4.5971
43.6841,167.7637,0.0864,96.3494,0.0009,0.0034,-0.0002,0.0009,0.0000,204.8103,-0.4202,-0.0675,0.1867,0.3274,-0.1809,-4.7572,66.8927,0.2874,0.6659,1,0,0,0,0,7.0690
43.7454,167.7638,0.0864,96.3493,0.0009,0.0034,-0.0002,0.0009,0.0000,204.7749,-0.5765,-0.0753,0.1867,0.3274,-0.2569,-9.1651,71.9049,0.2874,0.6659,1,0,0,0,0,7.3561
43.8073,167.7639,0.0864,96.3493,0.0009,0.0034,-0.0002,0.0009,0.0000,204.7361,-0.6268,-0.0909,0.1867,0.3274,-0.3474,-13.7356,73.8637,0.2874,0.6659,1,0,0,0,0,7.4677
43.8638,167.7639,0.0864,96.3492,0.0009,0.0034,-0.0002,0.0009,0.0000,204.6863,-0.8821,-0.1007,0.1867,0.3274,-0.4457,-19.3529,99.3604,0.2874,0.6659,1,0,0,0,0,8.8984
43.9146,167.7640,0.0864,96.3492,0.0009,0.0034,-0.0002,0.0009,0.0000,204.6247,-1.2125,-0.1124,0.1867,0.3274,-0.5501,-24.3422,98.2299,0.2874,0.6659,1,0,0,0,0,8.8539
43.9648,167.7641,0.0864,96.3492,0.0009,0.0034,-0.0002,0.0009,0.0000,204.5674,-1.1430,-0.1183,0.1867,0.3274,-0.6243,-29.6110,105.0810,0.2874,0.6659,1,0,0,0,0,9.2307
44.0166,167.7642,0.0864,96.3491,0.0009,0.0034,-0.0002,0.0009,0.0000,204.4871,-1.5493,-0.1261,0.1867,0.3274,-0.7043,-34.6038,96.3013,0.2874,0.6659,1,0,0,0,0,8.7655
44.0673,167.7642,0.0864,96.3491,0.0009,0.0034,-0.0002,0.0009,0.0000,204.3993,-1.7328,-0.1300,0.1867,0.3274,-0.7629,-38.7119,81.1056,0.2874,0.6659,1,0,0,0,0,7.9315
44.1278,167.7643,0.0864,96.3491,0.0009,0.0034,-0.0002,0.0009,0.0000,204.3066,-1.5310,-0.1300,0.1867,0.3274,-0.7945,-42.9946,70.7200,0.2874,0.6659,1,0,0,0,0,7.3433
44.1887,167.7644,0.0864,96.3490,0.0009,0.0034,-0.0002,0.0009,0.0000,204.2117,-1.5596,-0.1300,0.1867,0.3274,-0.8081,-45.7708,45.6189,0.2874,0.6659,1,0,0,0,0,5.9504
44.2399,167.7645,0.0864,96.3490,0.0009,0.0034,-0.0002,0.0009,0.0000,204.1170,-1.8489,-0.1242,0.1867,0.3274,-0.7940,-47.0192,24.3655,0.2874,0.6659,1,0,0,0,0,4.7857
44.2960,167.7645,0.0864,96.3489,0.0009,0.0034,-0.0002,0.0009,0.0000,204.0266,-1.6126,-0.1144,0.1867,0.3274,-0.7398,-46.5677,8.0545,0.2874,0.6659,1,0,0,0,0,3.8664
44.3578,167.7646,0.0864,96.3489,0.0009,0.0034,-0.0002,0.0009,0.0000,203.9271,-1.6075,-0.1085,0.1867,0.3274,-0.6707,-44.3571,35.7287,0.2874,0.6659,1,0,0,0,0,5.4036
44.4090,167.7647,0.0864,96.3489,0.0009,0.0034,-0.0002,0.0009,0.0000,203.8652,-1.2100,-0.1066,0.1867,0.3274,-0.6385,-41.9075,47.8690,0.2874,0.6659,1,0,0,0,0,6.0560
44.4686,167.7648,0.0864,96.3488,0.0009,0.0034,-0.0002,0.0009,0.0000,203.7764,-1.4892,-0.1046,0.1867,0.3274,-0.6070,-39.4516,41.1975,0.2874,0.6659,1,0,0,0,0,5.7009
44.5293,167.7649,0.0864,96.3488,0.0009,0.0034,-0.0002,0.0009,0.0000,203.7046,-1.1836,-0.1046,0.1867,0.3274,-0.5958,-37.6483,29.7235,0.2874,0.6659,1,0,0,0,0,5.0464
44.5853,167.7649,0.0864,96.3487,0.0009,0.0034,-0.0002,0.0009,0.0000,203.6336,-1.2685,-0.1046,0.1867,0.3274,-0.5909,-36.5308,19.9521,0.2874,0.6659,1,0,0,0,0,4.5083
44.6424,167.7650,0.0864,96.3487,0.0009,0.0034,-0.0002,0.0009,0.0000,203.5596,-1.2972,-0.1046,0.1867,0.3274,-0.6429,-36.8483,5.5655,0.2874,0.6659,1,0,0,0,0,3.7106
44.6938,167.7651,0.0864,96.3487,0.0009,0.0034,-0.0002,0.0009,0.0000,203.4805,-1.5381,-0.1046,0.1867,0.3274,-0.6739,-38.1341,25.0120,0.2874,0.6659,1,0,0,0,0,4.8044
44.7451,167.7652,0.0864,96.3486,0.0009,0.0034,-0.0002,0.0009,0.0000,203.3993,-1.5815,-0.1046,0.1867,0.3274,-0.6873,-39.4168,24.9692,0.2874,0.6659,1,0,0,0,0,4.8044
44.7956,167.7652,0.0864,96.3486,0.0009,0.0034,-0.0002,0.0009,0.0000,203.3336,-1.3018,-0.1046,0.1867,0.3274,-0.6922,-40.3404,18.2991,0.2874,0.6659,1,0,0,0,0,4.4183
44.8491,167.7653,0.0864,96.3486,0.0009,0.0034,-0.0002,0.0009,0.0000,203.2511,-1.5427,-0.1046,0.1867,0.3274,-0.6951,-40.9593,11.5719,0.2874,0.6659,1,0,0,0,0,4.0580
44.9007,167.7654,0.0864,96.3485,0.0009,0.0034,-0.0002,0.0009,0.0000,203.1683,-1.6027,-0.1046,0.1867,0.3274,-0.6964,-41.3495,7.5593,0.2874,0.6659,1,0,0,0,0,3.8384
44.9607,167.7654,0.0864,96.3485,0.0009,0.0034,-0.0002,0.0009,0.0000,203.0855,-1.3801,-0.1046,0.1867,0.3274,-0.6969,-41.5925,4.0485,0.2874,0.6659,1,0,0,0,0,3.6310
45.0122,167.7655,0.0864,96.3485,0.0009,0.0034,-0.0002,0.0009,0.0000,203.0027,-1.6103,-0.1046,0.1867,0.3274,-0.6972,-41.7034,2.1553,0.2874,0.6659,1,0,0,0,0,3.5386
45.0730,167.7657,0.0864,96.3484,0.0009,0.0034,-0.0002,0.0009,0.0000,202.9198,-1.3627,-0.1046,0.1867,0.3274,-0.6973,-41.7736,1.1549,0.2874,0.6659,1,0,0,0,0,3.4692
45.1318,167.7658,0.0864,96.3484,0.0009,0.0034,-0.0002,0.0009,0.0000,202.8369,-1.4085,-0.1046,0.1867,0.3274,-0.6973,-41.8073,0.5721,0.2874,0.6659,1,0,0,0,0,3.4394
45.1878,167.7660,0.0864,96.3483,0.0009,0.0034,-0.0002,0.0009,0.0000,202.7541,-1.4797,-0.1046,0.1867,0.3274,-0.6973,-41.8245,0.3074,0.2874,0.6659,1,0,0,0,0,3.4287
45.2483,167.7661,0.0864,96.3483,0.0009,0.0034,-0.0002,0.0009,0.0000,202.6547,-1.6424,-0.1046,0.1867,0.3274,-0.6973,-41.8322,0.1270,0.2874,0.6659,1,0,0,0,0,3.4277
45.3045,167.7663,0.0864,96.3483,0.0009,0.0034,-0.0002,0.0009,0.0000,202.5718,-1.4754,-0.1046,0.1867,0.3274,-0.6973,-41.8363,0.0739,0.2874,0.6659,1,0,0,0,0,3.4154
45.3661,167.7665,0.0864,96.3482,0.0009,0.0034,-0.0002,0.0009,0.0000,202.4724,-1.6122,-0.1046,0.1867,0.3274,-0.6973,-41.8384,0.0338,0.2874,0.6659,1,0,0,0,0,3.4208
45.4214,167.7666,0.0864,96.3482,0.0009,0.0034,-0.0002,0.0009,0.0000,202.3896,-1.4997,-0.1046,0.1867,0.3274,-0.6973,-41.8394,0.0174,0.2874,0.6659,1,0,0,0,0,3.4137
45.4738,167.7668,0.0864,96.3481,0.0009,0.0034,-0.0002,0.0009,0.0000,202.3233,-1.2643,-0.1046,0.1867,0.3274,-0.6973,-41.8398,0.0081,0.2874,0.6659,1,0,0,0,0,3.4001
45.5338,167.7669,0.0864,96.3481,0.0009,0.0034,-0.0002,0.0009,0.0000,202.2239,-1.6582,-0.1046,0.1867,0.3274,-0.6973,-41.8400,0.0038,0.2874,0.6659,1,0,0,0,0,3.4217
45.5854,167.7671,0.0864,96.3481,0.0009,0.0034,-0.0002,0.0009,0.0000,202.1576,-1.2835,-0.1046,0.1867,0.3274,-0.6973,-41.8401,0.0021,0.2874,0.6659,1,0,0,0,0,3.4008
45.6405,167.7672,0.0864,96.3480,0.0009,0.0034,-0.0002,0.0009,0.0000,202.0748,-1.5021,-0.1046,0.1867,0.3274,-0.6973,-41.8402,0.0010,0.2874,0.6659,1,0,0,0,0,3.4129
45.6946,167.7674,0.0864,96.3480,0.0009,0.0034,-0.0002,0.0009,0.0000,201.9919,-1.5324,-0.1046,0.1867,0.3274,-0.6973,-41.8402,0.0006,0.2874,0.6659,1,0,0,0,0,3.4145
45.7454,167.7675,0.0864,96.3480,0.0009,0.0034,-0.0002,0.0009,0.0000,201.9091,-1.6310,-0.1046,0.1867,0.3274,-0.6973,-41.8402,0.0002,0.2874,0.6659,1,0,0,0,0,3.4200
45.8069,167.7677,0.0864,96.3480,0.0009,0.0034,-0.0002,0.0009,0.0000,201.8262,-1.3477,-0.1046,0.1867,0.3274,-0.6973,-41.8402,0.0001,0.2874,0.6659,1,0,0,0,0,3.4042
45.8599,167.7678,0.0864,96.3480,0.0009,0.0034,-0.0002,0.0009,0.0000,201.7433,-1.5635,-0.1046,0.1867,0.3274,-0.6973,-41.8402,0.0000,0.2874,0.6659,1,0,0,0,0,3.4162
45.9162,167.7680,0.0864,96.3480,0.0009,0.0034,-0.0002,0.0009,0.0000,201.6605,-1.4731,-0.1046,0.1867,0.3274,-0.6973,-41.8402,0.0000,0.2874,0.6659,1,0,0,0,0,3.4112
45.9718,167.7681,0.0864,96.3480,0.0009,0.0034,-0.0002,0.0009,0.0000,201.5776,-1.4896,-0.1046,0.1867,0.3274,-0.6973,-41.8402,0.0000,0.2874,0.6659,1,0,0,0,0,3.4121
46.0297,167.7683,0.0864,96.3480,0.0009,0.0034,-0.0002,0.0009,0.0000,201.4948,-1.4306,-0.1046,0.1867,0.3274,-0.6973,-41.8402,0.0000,0.2874,0.6659,1,0,0,0,0,3.4088
46.0848,167.7685,0.0864,96.3480,0.0009,0.0034,-0.0002,0.0009,0.0000,201.4119,-1.5038,-0.1046,0.1867,0.3274,-0.6973,-41.8402,0.0000,0.2874,0.6659,1,0,0,0,0,3.4129
46.1397,167.7686,0.0864,96.3480,0.0009,0.0034,-0.0002,0.0009,0.0000,201.3291,-1.5100,-0.1046,0.1867,0.3274,-0.6973,-41.8402,0.0000,0.2874,0.6659,1,0,0,0,0,3.4133
46.1912,167.7687,0.0864,96.3480,0.0009,0.0034,-0.0002,0.0009,0.0000,201.2462,-1.6075,-0.1046,0.1867,0.3274,-0.6973,-41.8402,0.0000,0.2874,0.6659,1,0,0,0,0,3.4187
46.2471,167.7689,0.0864,96.3480,0.0009,0.0034,-0.0002,0.0009,0.0000,201.1634,-1.4821,-0.1046,0.1867,0.3274,-0.6973,-41.8402,0.0000,0.2874,0.6659,1,0,0,0,0,3.4117
46.3043,167.7691,0.0864,96.3480,0.0009,0.0034,-0.0002,0.0009,0.0000,201.0819,-1.4226,-0.1046,0.1867,0.3274,-0.6463,-41.7243,2.0252,0.2874,0.6659,1,0,0,0,0,3.5209
46.3602,167.7692,0.0864,96.3480,0.0009,0.0034,-0.0002,0.0009,0.0000,201.0274,-0.9763,-0.1046,0.1867,0.3274,-0.3012,-35.2446,116.0644,0.2874,0.6659,1,0,0,0,0,9.8316
46.4229,167.7694,0.0864,96.3480,0.0009,0.0034,-0.0002,0.0009,0.0000,201.0014,-0.4154,-0.1046,0.1867,0.3274,-0.0792,-22.0589,210.1510,0.2874,0.6659,1,0,0,0,0,13.3525
46.4737,167.7695,0.0864,96.3480,0.0009,0.0034,-0.0002,0.0009,0.0000,200.9957,-0.1105,-0.1046,0.1867,0.3274,-0.0020,-12.5311,187.4835,0.2874,0.6659,1,0,0,0,0,13.3355
46.5272,167.7697,0.0864,96.3480,0.0009,0.0034,-0.0002,0.0009,0.0000,200.9950,-0.0143,-0.1046,0.1867,0.3274,0.0436,-5.9846,122.3268,0.2874,0.6659,1,0,0,0,0,10.1261
46.5807,167.7698,0.0864,96.3480,0.0009,0.0034,-0.0002,0.0009,0.0000,200.9974,0.0460,-0.1046,0.1867,0.3274,0.0632,-0.9143,94.9322,0.2874,0.6659,1,0,0,0,0,8.6059
46.6341,167.7700,0.0864,96.3480,0.0009,0.0034,-0.0002,0.0009,0.0000,201.0013,0.0719,-0.1046,0.1867,0.3274,0.0717,1.4065,43.4086,0.2874,0.6659,1,0,0,0,0,5.7450
46.6910,167.7701,0.0864,96.3480,0.0009,0.0034,-0.0002,0.0009,0.0000,201.0057,0.0777,-0.1046,0.1867,0.3274,0.0753,3.0460,28.8075,0.2874,0.6659,1,0,0,0,0,4.9341
46.7418,167.7703,0.0864,96.3480,0.0009,0.0034,-0.0002,0.0009,0.0000,201.0094,0.0733,-0.1046,0.1867,0.3274,0.0766,3.7729,14.3140,0.2874,0.6659,1,0,0,0,0,4.1287
46.7929,167.7704,0.0864,96.3480,0.0009,0.0034,-0.0002,0.0009,0.0000,201.0142,0.0933,-0.1046,0.1867,0.3274,0.0774,4.1847,8.0675,0.2874,0.6659,1,0,0,0,0,3.7827
46.8587,167.7706,0.0864,96.3480,0.0009,0.0034,-0.0002,0.0009,0.0000,201.0200,0.0879,-0.1046,0.1867,0.3274,0.0778,4.4291,3.7134,0.2874,0.6659,1,0,0,0,0,3.5406
46.9111,167.7707,0.0864,96.3480,0.0009,0.0034,-0.0002,0.0009,0.0000,201.0248,0.0927,-0.1046,0.1867,0.3274,0.0779,4.5629,2.5489,0.2874,0.6659,1,0,0,0,0,3.4761
46.9613,167.7709,0.0864,96.3480,0.0009,0.0034,-0.0002,0.0009,0.0000,201.0287,0.0778,-0.1026,0.1867,0.3274,0.0784,4.6211,1.1596,0.2874,0.6659,1,0,0,0,0,3.3981
47.0153,167.7710,0.0864,96.3480,0.0009,0.0034,-0.0002,0.0009,0.0000,201.0338,0.0936,-0.1007,0.1867,0.3274,0.0805,4.6837,1.1609,0.2874,0.6659,1,0,0,0,0,3.3991
47.0736,167.7712,0.0864,96.3480,0.0009,0.0034,-0.0002,0.0009,0.0000,201.0392,0.0929,-0.0948,0.1867,0.3274,0.0851,4.8249,2.4214,0.2874,0.6659,1,0,0,0,0,3.4691
47.1333,167.7713,0.0864,96.3480,0.0009,0.0034,-0.0002,0.0009,0.0000,201.0467,0.1252,-0.0870,0.1867,0.3274,0.0943,5.1010,4.6249,0.2874,0.6659,1,0,0,0,0,3.5933
47.1904,167.7715,0.0864,96.3480,0.0009,0.0034,-0.0002,0.0009,0.0000,201.0540,0.1280,-0.0812,0.1867,0.3274,0.1029,5.5113,7.1893,0.2874,0.6659,1,0,0,0,0,3.7359
47.2414,167.7716,0.0864,96.3480,0.0009,0.0034,-0.0002,0.0009,0.0000,201.0605,0.1267,-0.0792,0.1867,0.3274,0.1083,5.9047,7.7044,0.2874,0.6659,1,0,0,0,0,3.7644
47.2938,167.7718,0.0864,96.3480,0.0009,0.0034,-0.0002,0.0009,0.0000,201.0690,0.1628,-0.0792,0.1867,0.3274,0.1114,6.2336,6.2800,0.2874,0.6659,1,0,0,0,0,3.6873
47.3477,167.7719,0.0864,96.3480,0.0009,0.0034,-0.0002,0.0009,0.0000,201.0777,0.1621,-0.0792,0.1867,0.3274,0.1128,6.5051,5.0335,0.2874,0.6659,1,0,0,0,0,3.6180
47.4021,167.7721,0.0864,96.3480,0.0009,0.0034,-0.0002,0.0009,0.0000,201.0866,0.1625,-0.0792,0.1867,0.3274,0.1134,6.6373,2.4298,0.2874,0.6659,1,0,0,0,0,3.4734
47.4582,167.7722,0.0864,96.3480,0.0009,0.0034,-0.0002,0.0009,0.0000,201.0955,0.1585,-0.0792,0.1867,0.3274,0.1136,6.7314,1.6793,0.2874,0.6659,1,0,0,0,0,3.4315
47.5086,167.7724,0.0864,96.3480,0.0009,0.0034,-0.0002,0.0009,0.0000,201.1044,0.1768,-0.0792,0.1867,0.3274,0.1138,6.7748,0.8598,0.2874,0.6659,1,0,0,0,0,3.3870
47.5592,167.7725,0.0864,96.3480,0.0009,0.0034,-0.0002,0.0009,0.0000,201.1115,0.1415,-0.0792,0.1867,0.3274,0.1138,6.7994,0.4877,0.2874,0.6659,1,0,0,0,0,3.3643
47.6201,167.7727,0.0864,96.3480,0.0009,0.0034,-0.0002,0.0009,0.0000,201.1223,0.1759,-0.0792,0.1867,0.3274,0.1138,6.8143,0.2436,0.2874,0.6659,1,0,0,0,0,3.3527
47.6707,167.7728,0.0864,96.3480,0.0009,0.0034,-0.0002,0.0009,0.0000,201.1294,0.1412,-0.0792,0.1867,0.3274,0.1138,6.8214,0.1412,0.2874,0.6659,1,0,0,0,0,3.3451
47.7226,167.7729,0.0864,96.3480,0.0009,0.0034,-0.0002,0.0009,0.0000,201.1383,0.1719,-0.0792,0.1867,0.3274,0.1138,6.8254,0.0770,0.2874,0.6659,1,0,0,0,0,3.3432
47.7817,167.7731,0.0864,96.3480,0.0009,0.0034,-0.0002,0.0009,0.0000,201.1472,0.1510,-0.0792,0.1867,0.3274,0.1138,6.8277,0.0396,0.2874,0.6659,1,0,0,0,0,3.3400
47.8420,167.7733,0.0864,96.3480,0.0009,0.0034,-0.0002,0.0009,0.0000,201.1580,0.1779,-0.0792,0.1867,0.3274,0.1138,6.8289,0.0191,0.2874,0.6659,1,0,0,0,0,3.3403
47.8926,167.7734,0.0864,96.3480,0.0009,0.0034,-0.0002,0.0009,0.0000,201.1651,0.1412,-0.0792,0.1867,0.3274,0.1138,6.8294,0.0098,0.2874,0.6659,1,0,0,0,0,3.3378
47.9519,167.7736,0.0864,96.3480,0.0009,0.0034,-0.0002,0.0009,0.0000,201.1740,0.1505,-0.0792,0.1867,0.3274,0.1138,6.8297,0.0049,0.2874,0.6659,1,0,0,0,0,3.3380
48.0131,167.7738,0.0864,96.3480,0.0009,0.0034,-0.0002,0.0009,0.0000,201.1848,0.1750,-0.0792,0.1867,0.3274,0.1138,6.8298,0.0023,0.2874,0.6659,1,0,0,0,0,3.3392
48.0636,167.7739,0.0864,96.3480,0.0009,0.0034,-0.0002,0.0009,0.0000,201.1937,0.1773,-0.0792,0.1867,0.3274,0.1138,6.8299,0.0011,0.2874,0.6659,1,0,0,0,0,3.3393
48.1189,167.7740,0.0864,96.3480,0.0009,0.0034,-0.0002,0.0009,0.0000,201.2026,0.1613,-0.0792,0.1867,0.3274,0.1138,6.8299,0.0006,0.2874,0.6659,1,0,0,0,0,3.3384
48.1757,167.7742,0.0864,96.3480,0.0009,0.0034,-0.0002,0.0009,0.0000,201.2115,0.1571,-0.0792,0.1867,0.3274,0.1138,6.8299,0.0003,0.2874,0.6659,1,0,0,0,0,3.3381
48.2372,167.7744,0.0864,96.3480,0.0009,0.0034,-0.0002,0.0009,0.0000,201.2205,0.1451,-0.0792,0.1867,0.3274,0.1138,6.8299,0.0001,0.2874,0.6659,1,0,0,0,0,3.3374
48.2876,167.7745,0.0864,96.3480,0.0009,0.0034,-0.0002,0.0009,0.0000,201.2294,0.1774,-0.0792,0.1867,0.3274,0.1138,6.8299,0.0001,0.2874,0.6659,1,0,0,0,0,3.3392
48.3381,167.7747,0.0864,96.3480,0.0009,0.0034,-0.0002,0.0009,0.0000,201.2358,0.1266,-0.0792,0.1867,0.3274,0.0983,6.6252,4.0550,0.2874,0.6659,1,0,0,0,0,3.5617
48.3971,167.7748,0.0864,96.3480,0.0009,0.0034,-0.0002,0.0009,0.0000,201.2430,0.1227,-0.0792,0.1867,0.3274,0.0833,5.9931,10.6965,0.2874,0.6659,1,0,0,0,0,3.9304
48.4577,167.7750,0.0864,96.3480,0.0009,0.0034,-0.0002,0.0009,0.0000,201.2481,0.0837,-0.0792,0.1867,0.3274,0.0784,5.3829,10.0791,0.2874,0.6659,1,0,0,0,0,3.8940
48.5168,167.7751,0.0864,96.3480,0.0009,0.0034,-0.0002,0.0009,0.0000,201.2529,0.0803,-0.0792,0.1867,0.3274,0.0763,4.9789,6.8327,0.2874,0.6659,1,0,0,0,0,3.7134
48.5777,167.7753,0.0864,96.3480,0.0009,0.0034,-0.0002,0.0009,0.0000,201.2584,0.0907,-0.0792,0.1867,0.3274,0.0753,4.7488,3.7772,0.2874,0.6659,1,0,0,0,0,3.5443
48.6283,167.7755,0.0864,96.3480,0.0009,0.0034,-0.0002,0.0009,0.0000,201.2620,0.0715,-0.0792,0.1867,0.3274,0.0750,4.6339,2.2715,0.2874,0.6659,1,0,0,0,0,3.4595
48.6890,167.7756,0.0864,96.3480,0.0009,0.0034,-0.0002,0.0009,0.0000,201.2674,0.0890,-0.0792,0.1867,0.3274,0.0748,4.5593,1.2288,0.2874,0.6659,1,0,0,0,0,3.4026
48.7486,167.7758,0.0864,96.3480,0.0009,0.0034,-0.0002,0.0009,0.0000,201.2719,0.0760,-0.0792,0.1867,0.3274,0.0748,4.5210,0.6439,0.2874,0.6659,1,0,0,0,0,3.3694
48.8052,167.7759,0.0864,96.3480,0.0009,0.0034,-0.0002,0.0009,0.0000,201.2704,-0.0264,-0.0792,0.1867,0.3274,-0.0764,3.5286,17.5423,0.2874,0.6659,1,0,0,0,0,4.3054
48.8643,167.7761,0.0864,96.3480,0.0009,0.0034,-0.0002,0.0009,0.0000,201.2362,-0.5796,-0.0792,0.1867,0.3274,-0.2888,-4.4007,134.1057,0.2874,0.6659,1,0,0,0,0,10.8119
48.9246,167.7763,0.0864,96.3480,0.0009,0.0034,-0.0002,0.0009,0.0000,201.1943,-0.6950,-0.0792,0.1867,0.3274,-0.3578,-12.4972,134.3990,0.2874,0.6659,1,0,0,0,0,10.8346
48.9834,167.7764,0.0864,96.3480,0.0009,0.0034,-0.0002,0.0009,0.0000,201.1476,-0.7930,-0.0792,0.1867,0.3274,-0.3875,-17.8349,90.6486,0.2874,0.6659,1,0,0,0,0,8.4095
49.0445,167.7766,0.0864,96.3480,0.0009,0.0034,-0.0002,0.0009,0.0000,201.0889,-0.9608,-0.0792,0.1867,0.3274,-0.4017,-20.9996,51.8405,0.2874,0.6659,1,0,0,0,0,6.2628
49.0948,167.7767,0.0864,96.3480,0.0009,0.0034,-0.0002,0.0009,0.0000,201.0491,-0.7916,-0.0792,0.1867,0.3274,-0.4057,-22.6372,32.5739,0.2874,0.6659,1,0,0,0,0,5.1830
49.1548,167.7769,0.0864,96.3480,0.0009,0.0034,-0.0002,0.0009,0.0000,200.9890,-1.0008,-0.0792,0.1867,0.3274,-0.4083,-23.5449,15.1102,0.2874,0.6659,1,0,0,0,0,4.2244
49.2107,167.7770,0.0864,96.3480,0.0009,0.0034,-0.0002,0.0009,0.0000,200.9564,-0.5836,-0.0792,0.1867,0.3274,-0.1755,-19.7055,68.7488,0.2874,0.6659,1,0,0,0,0,7.1812
49.2647,167.7772,0.0864,96.3480,0.0009,0.0034,-0.0002,0.0009,0.0000,200.9401,-0.3018,-0.0792,0.1867,0.3274,-0.0754,-13.5751,113.5248,0.2874,0.6659,1,0,0,0,0,9.6531
49.3184,167.7773,0.0864,96.3480,0.0009,0.0034,-0.0002,0.0009,0.0000,200.9309,-0.1722,-0.0792,0.1867,0.3274,-0.0324,-8.7153,90.5181,0.2874,0.6659,1,0,0,0,0,8.3677
49.3685,167.7775,0.0864,96.3480,0.0009,0.0034,-0.0002,0.0009,0.0000,200.9258,-0.1024,-0.0792,0.1867,0.3274,-0.0165,-5.2933,68.3214,0.2874,0.6659,1,0,0,0,0,7.1307
49.4187,167.7776,0.0864,96.3480,0.0009,0.0034,-0.0002,0.0009,0.0000,200.9207,-0.1020,-0.0792,0.1867,0.3274,-0.0071,-3.1223,43.2072,0.2874,0.6659,1,0,0,0,0,5.7354
49.4764,167.7778,0.0864,96.3480,0.0009,0.0034,-0.0002,0.0009,0.0000,200.9162,-0.0772,-0.0792,0.1867,0.3274,-0.0030,-1.6505,25.4912,0.2874,0.6659,1,0,0,0,0,4.7498
49.5388,167.7780,0.0864,96.3480,0.0009,0.0034,-0.0002,0.0009,0.0000,200.9120,-0.0665,-0.0792,0.1867,0.3274,-0.0013,-0.8151,13.3927,0.2874,0.6659,1,0,0,0,0,4.0771
49.5967,167.7781,0.0864,96.3480,0.0009,0.0034,-0.0002,0.0009,0.0000,200.9072,-0.0838,-0.0792,0.1867,0.3274,-0.0005,-0.4073,7.0441,0.2874,0.6659,1,0,0,0,0,3.7254
49.6484,167.7783,0.0864,96.3480,0.0009,0.0034,-0.0002,0.0009,0.0000,200.9040,-0.0620,-0.0792,0.1867,0.3274,-0.0002,-0.2212,3.6025,0.2874,0.6659,1,0,0,0,0,3.5330
49.6984,167.7784,0.0864,96.3480,0.0009,0.0034,-0.0002,0.0009,0.0000,200.9000,-0.0787,-0.0792,0.1867,0.3274,-0.0001,-0.1221,1.9816,0.2874,0.6659,1,0,0,0,0,3.4438
49.7585,167.7786,0.0864,96.3480,0.0009,0.0034,-0.0002,0.0009,0.0000,200.8961,-0.0661,-0.0792,0.1867,0.3274,0.0000,-0.0587,1.0559,0.2874,0.6659,1,0,0,0,0,3.3917
49.8196,167.7787,0.0864,96.3480,0.0009,0.0034,-0.0002,0.0009,0.0000,200.8913,-0.0778,-0.0792,0.1867,0.3274,0.0000,-0.0275,0.5084,0.2874,0.6659,1,0,0,0,0,3.3619
49.8725,167.7789,0.0864,96.3480,0.0009,0.0034,-0.0002,0.0009,0.0000,200.8873,-0.0751,-0.0792,0.1867,0.3274,0.0000,-0.0144,0.2491,0.2874,0.6659,1,0,0,0,0,3.3474
49.9343,167.7791,0.0864,96.3480,0.0009,0.0034,-0.0002,0.0009,0.0000,200.8834,-0.0642,-0.0792,0.1867,0.3274,0.0000,-0.0067,0.1249,0.2874,0.6659,1,0,0,0,0,3.3399
49.9943,167.7792,0.0864,96.3480,0.0009,0.0034,-0.0002,0.0009,0.0000,200.8794,-0.0661,-0.0792,0.1867,0.3274,0.0000,-0.0031,0.0588,0.2874,0.6659,1,0,0,0,0,3.3363
50.0444,167.7793,0.0864,96.3480,0.0009,0.0034,-0.0002,0.0009,0.0000,200.8754,-0.0791,-0.0792,0.1867,0.3274,0.0000,-0.0017,0.0292,0.2874,0.6659,1,0,0,0,0,3.3354
50.0970,167.7795,0.0864,96.3480,0.0009,0.0034,-0.0002,0.0009,0.0000,200.8715,-0.0755,-0.0792,0.1867,0.3274,0.0000,-0.0008,0.0166,0.2874,0.6659,1,0,0,0,0,3.3345
50.1479,167.7796,0.0864,96.3480,0.0009,0.0034,-0.0002,0.0009,0.0000,200.8683,-0.0623,-0.0792,0.1867,0.3274,0.0000,-0.0005,0.0070,0.2874,0.6659,1,0,0,0,0,3.3332
50.2008,167.7798,0.0864,96.3480,0.0009,0.0034,-0.0002,0.0009,0.0000,200.8643,-0.0750,-0.0792,0.1867,0.3274,0.0000,-0.0002,0.0041,0.2874,0.6659,1,0,0,0,0,3.3338
50.2596,167.7799,0.0864,96.3480,0.0009,0.0034,-0.0002,0.0009,0.0000,200.8604,-0.0675,-0.0792,0.1867,0.3274,0.0000,-0.0001,0.0021,0.2874,0.6659,1,0,0,0,0,3.3332
50.3099,167.7801,0.0864,96.3480,0.0009,0.0034,-0.0002,0.0009,0.0000,200.8564,-0.0789,-0.0792,0.1867,0.3274,0.0000,-0.0001,0.0010,0.2874,0.6659,1,0,0,0,0,3.3338
50.3730,167.7802,0.0864,96.3480,0.0009,0.0034,-0.0002,0.0009,0.0000,200.8516,-0.0754,-0.0792,0.1867,0.3274,0.0000,0.0000,0.0005,0.2874,0.6659,1,0,0,0,0,3.3336
50.4275,167.7804,0.0864,96.3480,0.0009,0.0034,-0.0002,0.0009,0.0000,200.8477,-0.0729,-0.0792,0.1867,0.3274,0.0000,0.0000,0.0003,0.2874,0.6659,1,0,0,0,0,3.3334
50.4815,167.7805,0.0864,96.3480,0.0009,0.0034,-0.0002,0.0009,0.0000,200.8445,-0.0587,-0.0792,0.1867,0.3274,0.0000,0.0000,0.0001,0.2874,0.6659,1,0,0,0,0,3.3326
50.5326,167.7807,0.0864,96.3480,0.0009,0.0034,-0.0002,0.0009,0.0000,200.8405,-0.0777,-0.0792,0.1867,0.3274,0.0000,0.0000,0.0001,0.2874,0.6659,1,0,0,0,0,3.3337
50.5884,167.7808,0.0864,96.3480,0.0009,0.0034,-0.0002,0.0009,0.0000,200.8366,-0.0711,-0.0792,0.1867,0.3274,0.0000,0.0000,0.0000,0.2874,0.6659,1,0,0,0,0,3.3333
50.6401,167.7810,0.0864,96.3480,0.0009,0.0034,-0.0002,0.0009,0.0000,200.8326,-0.0767,-0.0792,0.1867,0.3274,0.0000,0.0000,0.0000,0.2874,0.6659,1,0,0,0,0,3.3336
50.6921,167.7811,0.0864,96.3480,0.0009,0.0034,-0.0002,0.0009,0.0000,200.8295,-0.0611,-0.0792,0.1867,0.3274,0.0000,0.0000,0.0000,0.2874,0.6659,1,0,0,0,0,3.3328
50.7431,167.7813,0.0864,96.3480,0.0009,0.0034,-0.0002,0.0009,0.0000,200.8255,-0.0777,-0.0792,0.1867,0.3274,0.0000,0.0000,0.0000,0.2874,0.6659,1,0,0,0,0,3.3337
50.8020,167.7814,0.0864,96.3480,0.0009,0.0034,-0.0002,0.0009,0.0000,200.8215,-0.0674,-0.0792,0.1867,0.3274,0.0000,0.0000,0.0000,0.2874,0.6659,1,0,0,0,0,3.3331
50.8541,167.7816,0.0864,96.3480,0.0009,0.0034,-0.0002,0.0009,0.0000,200.8176,-0.0761,-0.0792,0.1867,0.3274,0.0000,0.0000,0.0000,0.2874,0.6659,1,0,0,0,0,3.3336
50.9147,167.7817,0.0864,96.3480,0.0009,0.0034,-0.0002,0.0009,0.0000,200.8136,-0.0655,-0.0792,0.1867,0.3274,0.0000,0.0000,0.0000,0.2874,0.6659,1,0,0,0,0,3.3330
50.9649,167.7819,0.0864,96.3480,0.0009,0.0034,-0.0002,0.0009,0.0000,200.8096,-0.0790,-0.0792,0.1867,0.3274,0.0000,0.0000,0.0000,0.2874,0.6659,1,0,0,0,0,3.3338
51.0236,167.7820,0.0864,96.3480,0.0009,0.0034,-0.0002,0.0009,0.0000,200.8057,-0.0675,-0.0792,0.1867,0.3274,0.0000,0.0000,0.0000,0.2874,0.6659,1,0,0,0,0,3.3331
51.0750,167.7822,0.0864,96.3480,0.0009,0.0034,-0.0002,0.0009,0.0000,200.8017,-0.0773,-0.0792,0.1867,0.3274,0.0000,0.0000,0.0000,0.2874,0.6659,1,0,0,0,0,3.3337
51.1339,167.7823,0.0864,96.3480,0.0009,0.0034,-0.0002,0.0009,0.0000,200.7977,-0.0673,-0.0792,0.1867,0.3274,0.0000,0.0000,0.0000,0.2874,0.6659,1,0,0,0,0,3.3331
51.1883,167.7825,0.0864,96.3480,0.0009,0.0034,-0.0002,0.0009,0.0000,200.7938,-0.0730,-0.0792,0.1867,0.3274,0.0000,0.0000,0.0000,0.2874,0.6659,1,0,0,0,0,3.3334
51.2396,167.7826,0.0864,96.3480,0.0009,0.0034,-0.0002,0.0009,0.0000,200.7898,-0.0774,-0.0792,0.1867,0.3274,0.0000,0.0000,0.0000,0.2874,0.6659,1,0,0,0,0,3.3337
51.2932,167.7828,0.0864,96.3480,0.0009,0.0034,-0.0002,0.0009,0.0000,200.7858,-0.0740,-0.0792,0.1867,0.3274,0.0000,0.0000,0.0000,0.2874,0.6659,1,0,0,0,0,3.3335
51.3528,167.7829,0.0864,96.3480,0.0009,0.0034,-0.0002,0.0009,0.0000,200.7819,-0.0665,-0.0792,0.1867,0.3274,0.0000,0.0000,0.0000,0.2874,0.6659,1,0,0,0,0,3.3331
51.4042,167.7831,0.0864,96.3480,0.0009,0.0034,-0.0002,0.0009,0.0000,200.7779,-0.0773,-0.0792,0.1867,0.3274,0.0000,0.0000,0.0000,0.2874,0.6659,1,0,0,0,0,3.3337
51.4648,167.7832,0.0864,96.3480,0.0009,0.0034,-0.0002,0.0009,0.0000,200.7739,-0.0654,-0.0792,0.1867,0.3274,0.0000,0.0000,0.0000,0.2874,0.6659,1,0,0,0,0,3.3330
51.5240,167.7834,0.0864,96.3480,0.0009,0.0034,-0.0002,0.0009,0.0000,200.7699,-0.0670,-0.0792,0.1867,0.3274,0.0000,0.0000,0.0000,0.2874,0.6659,1,0,0,0,0,3.3331
51.5852,167.7836,0.0864,96.3480,0.0009,0.0034,-0.0002,0.0009,0.0000,200.7652,-0.0778,-0.0792,0.1867,0.3274,0.0000,0.0000,0.0000,0.2874,0.6659,1,0,0,0,0,3.3337
51.6354,167.7837,0.0864,96.3480,0.0009,0.0034,-0.0002,0.0009,0.0000,200.7620,-0.0632,-0.0792,0.1867,0.3274,0.0000,0.0000,0.0000,0.2874,0.6659,1,0,0,0,0,3.3329
51.6947,167.7839,0.0864,96.3480,0.0009,0.0034,-0.0002,0.0009,0.0000,200.7572,-0.0803,-0.0792,0.1867,0.3274,0.0000,0.0000,0.0000,0.2874,0.6659,1,0,0,0,0,3.3338
51.7453,167.7840,0.0864,96.3480,0.0009,0.0034,-0.0002,0.0009,0.0000,200.7541,-0.0628,-0.0792,0.1867,0.3274,0.0000,0.0000,0.0000,0.2874,0.6659,1,0,0,0,0,3.3329
51.7955,167.7842,0.0864,96.3480,0.0009,0.0034,-0.0002,0.0009,0.0000,200.7501,-0.0789,-0.0792,0.1867,0.3274,0.0000,0.0000,0.0000,0.2874,0.6659,1,0,0,0,0,3.3338
51.8546,167.7843,0.0864,96.3480,0.0009,0.0034,-0.0002,0.0009,0.0000,200.7462,-0.0672,-0.0792,0.1867,0.3274,0.0000,0.0000,0.0000,0.2874,0.6659,1,0,0,0,0,3.3331
51.9106,167.7845,0.0864,96.3480,0.0009,0.0034,-0.0002,0.0009,0.0000,200.7422,-0.0708,-0.0792,0.1867,0.3274,0.0000,0.0000,0.0000,0.2874,0.6659,1,0,0,0,0,3.3333
51.9643,167.7846,0.0864,96.3480,0.0009,0.0034,-0.0002,0.0009,0.0000,200.7382,-0.0739,-0.0792,0.1867,0.3274,0.0000,0.0000,0.0000,0.2874,0.6659,1,0,0,0,0,3.3335
52.0247,167.7848,0.0864,96.3480,0.0009,0.0034,-0.0002,0.0009,0.0000,200.7343,-0.0658,-0.0792,0.1867,0.3274,0.0000,0.0000,0.0000,0.2874,0.6659,1,0,0,0,0,3.3330
52.0830,167.7850,0.0864,96.3480,0.0009,0.0034,-0.0002,0.0009,0.0000,200.7295,-0.0816,-0.0792,0.1867,0.3274,0.0000,0.0000,0.0000,0.2874,0.6659,1,0,0,0,0,3.3339
52.1335,167.7851,0.0864,96.3480,0.0009,0.0034,-0.0002,0.0009,0.0000,200.7263,-0.0628,-0.0792,0.1867,0.3274,0.0000,0.0000,0.0000,0.2874,0.6659,1,0,0,0,0,3.3329
52.1843,167.7852,0.0864,96.3480,0.0009,0.0034,-0.0002,0.0009,0.0000,200.7224,-0.0782,-0.0792,0.1867,0.3274,0.0000,0.0000,0.0000,0.2874,0.6659,1,0,0,0,0,3.3337
52.2358,167.7854,0.0864,96.3480,0.0009,0.0034,-0.0002,0.0009,0.0000,200.7192,-0.0616,-0.0792,0.1867,0.3274,0.0000,0.0000,0.0000,0.2874,0.6659,1,0,0,0,0,3.3328
52.2946,167.7855,0.0864,96.3480,0.0009,0.0034,-0.0002,0.0009,0.0000,200.7144,-0.0808,-0.0792,0.1867,0.3274,0.0000,0.0000,0.0000,0.2874,0.6659,1,0,0,0,0,3.3339
52.3518,167.7857,0.0864,96.3480,0.0009,0.0034,-0.0002,0.0009,0.0000,200.7105,-0.0694,-0.0792,0.1867,0.3274,0.0000,0.0000,0.0000,0.2874,0.6659,1,0,0,0,0,3.3332
52.4069,167.7858,0.0864,96.3480,0.0009,0.0034,-0.0002,0.0009,0.0000,200.7065,-0.0721,-0.0792,0.1867,0.3274,0.0000,0.0000,0.0000,0.2874,0.6659,1,0,0,0,0,3.3334
52.4671,167.7860,0.0864,96.3480,0.0009,0.0034,-0.0002,0.0009,0.0000,200.7025,-0.0659,-0.0792,0.1867,0.3274,0.0000,0.0000,0.0000,0.2874,0.6659,1,0,0,0,0,3.3330
52.5272,167.7862,0.0864,96.3480,0.0009,0.0034,-0.0002,0.0009,0.0000,200.6978,-0.0792,-0.0792,0.1867,0.3274,0.0000,0.0000,0.0000,0.2874,0.6659,1,0,0,0,0,3.3338
52.5798,167.7863,0.0864,96.3480,0.0009,0.0034,-0.0002,0.0009,0.0000,200.6946,-0.0603,-0.0792,0.1867,0.3274,0.0000,0.0000,0.0000,0.2874,0.6659,1,0,0,0,0,3.3327
52.6363,167.7865,0.0864,96.3480,0.0009,0.0034,-0.0002,0.0009,0.0000,200.6898,-0.0843,-0.0792,0.1867,0.3274,0.0000,0.0000,0.0000,0.2874,0.6659,1,0,0,0,0,3.3341
52.6924,167.7866,0.0864,96.3480,0.0009,0.0034,-0.0002,0.0009,0.0000,200.6859,-0.0706,-0.0792,0.1867,0.3274,0.0000,0.0000,0.0000,0.2874,0.6659,1,0,0,0,0,3.3333
52.7444,167.7868,0.0864,96.3480,0.0009,0.0034,-0.0002,0.0009,0.0000,200.6827,-0.0611,-0.0792,0.1867,0.3274,0.0000,0.0000,0.0000,0.2874,0.6659,1,0,0,0,0,3.3328
52.8062,167.7869,0.0864,96.3480,0.0009,0.0034,-0.0002,0.0009,0.0000,200.6780,-0.0770,-0.0792,0.1867,0.3274,0.0000,0.0000,0.0000,0.2874,0.6659,1,0,0,0,0,3.3336
52.8570,167.7871,0.0864,96.3480,0.0009,0.0034,-0.0002,0.0009,0.0000,200.6748,-0.0625,-0.0792,0.1867,0.3274,0.0000,0.0000,0.0000,0.2874,0.6659,1,0,0,0,0,3.3328
52.9166,167.7872,0.0864,96.3480,0.0009,0.0034,-0.0002,0.0009,0.0000,200.6700,-0.0799,-0.0792,0.1867,0.3274,0.0000,0.0000,0.0000,0.2874,0.6659,1,0,0,0,0,3.3338
52.9776,167.7874,0.0864,96.3480,0.0009,0.0034,-0.0002,0.0009,0.0000,200.6661,-0.0650,-0.0792,0.1867,0.3274,0.0000,0.0000,0.0000,0.2874,0.6659,1,0,0,0,0,3.3330
53.0284,167.7875,0.0864,96.3480,0.0009,0.0034,-0.0002,0.0009,0.0000,200.6621,-0.0781,-0.0792,0.1867,0.3274,0.0000,0.0000,0.0000,0.2874,0.6659,1,0,0,0,0,3.3337
53.0796,167.7877,0.0864,96.3480,0.0009,0.0034,-0.0002,0.0009,0.0000,200.6589,-0.0619,-0.0792,0.1867,0.3274,0.0000,0.0000,0.0000,0.2874,0.6659,1,0,0,0,0,3.3328
53.1464,167.7879,0.0864,96.3480,0.0009,0.0034,-0.0002,0.0009,0.0000,200.6542,-0.0714,-0.0792,0.1867,0.3274,0.0000,0.0000,0.0000,0.2874,0.6659,1,0,0,0,0,3.3333
53.2008,167.7880,0.0864,96.3480,0.0009,0.0034,-0.0002,0.0009,0.0000,200.6502,-0.0729,-0.0792,0.1867,0.3274,0.0000,0.0000,0.0000,0.2874,0.6659,1,0,0,0,0,3.3334
53.2523,167.7882,0.0864,96.3480,0.0009,0.0034,-0.0002,0.0009,0.0000,200.6463,-0.0770,-0.0792,0.1867,0.3274,0.0000,0.0000,0.0000,0.2874,0.6659,1,0,0,0,0,3.3336
53.3043,167.7883,0.0864,96.3480,0.0009,0.0034,-0.0002,0.0009,0.0000,200.6423,-0.0763,-0.0792,0.1867,0.3274,0.0000,0.0000,0.0000,0.2874,0.6659,1,0,0,0,0,3.3336
53.3628,167.7885,0.0864,96.3480,0.0009,0.0034,-0.0002,0.0009,0.0000,200.6383,-0.0678,-0.0792,0.1867,0.3274,0.0000,0.0000,0.0000,0.2874,0.6659,1,0,0,0,0,3.3331
53.4137,167.7886,0.0864,96.3480,0.0009,0.0034,-0.0002,0.0009,0.0000,200.6344,-0.0779,-0.0792,0.1867,0.3274,0.0000,0.0000,0.0000,0.2874,0.6659,1,0,0,0,0,3.3337
53.4743,167.7888,0.0864,96.3480,0.0009,0.0034,-0.0002,0.0009,0.0000,200.6304,-0.0655,-0.0792,0.1867,0.3274,0.0000,0.0000,0.0000,0.2874,0.6659,1,0,0,0,0,3.3330
53.5306,167.7889,0.0864,96.3480,0.0009,0.0034,-0.0002,0.0009,0.0000,200.6264,-0.0704,-0.0792,0.1867,0.3274,0.0000,0.0000,0.0000,0.2874,0.6659,1,0,0,0,0,3.3333
53.5840,167.7891,0.0864,96.3480,0.0009,0.0034,-0.0002,0.0009,0.0000,200.6225,-0.0743,-0.0792,0.1867,0.3274,0.0000,0.0000,0.0000,0.2874,0.6659,1,0,0,0,0,3.3335
53.6421,167.7892,0.0864,96.3480,0.0009,0.0034,-0.0002,0.0009,0.0000,200.6185,-0.0683,-0.0792,0.1867,0.3274,0.0000,0.0000,0.0000,0.2874,0.6659,1,0,0,0,0,3.3332
53.7041,167.7894,0.0864,96.3480,0.0009,0.0034,-0.0002,0.0009,0.0000,200.6137,-0.0767,-0.0792,0.1867,0.3274,0.0000,0.0000,0.0000,0.2874,0.6659,1,0,0,0,0,3.3336
53.7553,167.7896,0.0864,96.3480,0.0009,0.0034,-0.0002,0.0009,0.0000,200.6106,-0.0621,-0.0792,0.1867,0.3274,0.0000,0.0000,0.0000,0.2874,0.6659,1,0,0,0,0,3.3328
53.8116,167.7897,0.0864,96.3480,0.0009,0.0034,-0.0002,0.0009,0.0000,200.6066,-0.0704,-0.0792,0.1867,0.3274,0.0000,0.0000,0.0000,0.2874,0.6659,1,0,0,0,0,3.3333
53.8628,167.7899,0.0864,96.3480,0.0009,0.0034,-0.0002,0.0009,0.0000,200.6026,-0.0775,-0.0792,0.1867,0.3274,0.0000,0.0000,0.0000,0.2874,0.6659,1,0,0,0,0,3.3337
53.9162,167.7900,0.0864,96.3480,0.0009,0.0034,-0.0002,0.0009,0.0000,200.5987,-0.0743,-0.0792,0.1867,0.3274,0.0000,0.0000,0.0000,0.2874,0.6659,1,0,0,0,0,3.3335
53.9721,167.7901,0.0864,96.3480,0.0009,0.0034,-0.0002,0.0009,0.0000,200.5947,-0.0709,-0.0792,0.1867,0.3274,0.0000,0.0000,0.0000,0.2874,0.6659,1,0,0,0,0,3.3333
54.0226,167.7903,0.0864,96.3480,0.0009,0.0034,-0.0002,0.0009,0.0000,200.5915,-0.0628,-0.0792,0.1867,0.3274,0.0000,0.0000,0.0000,0.2874,0.6659,1,0,0,0,0,3.3329
54.0752,167.7904,0.0864,96.3480,0.0009,0.0034,-0.0002,0.0009,0.0000,200.5876,-0.0754,-0.0792,0.1867,0.3274,0.0000,0.0000,0.0000,0.2874,0.6659,1,0,0,0,0,3.3336
54.1324,167.7906,0.0864,96.3480,0.0009,0.0034,-0.0002,0.0009,0.0000,200.5836,-0.0694,-0.0792,0.1867,0.3274,0.0000,0.0000,0.0000,0.2874,0.6659,1,0,0,0,0,3.3332
54.1937,167.7907,0.0864,96.3480,0.0009,0.0034,-0.0002,0.0009,0.0000,200.5788,-0.0777,-0.0792,0.1867,0.3274,0.0000,0.0000,0.0000,0.2874,0.6659,1,0,0,0,0,3.3337
54.3686,167.7912,0.0864,96.3480,0.0009,0.0034,-0.0002,0.0009,0.0000,200.5662,-0.0726,-0.0792,0.1867,0.3274,0.0000,0.0000,0.0000,0.2874,0.6659,1,0,0,0,0,3.3334
54.4230,167.7914,0.0864,96.3480,0.0009,0.0034,-0.0002,0.0009,0.0000,200.5630,-0.0583,-0.0792,0.1867,0.3274,0.0000,0.0000,0.0000,0.2874,0.6659,1,0,0,0,0,3.3326
54.4803,167.7915,0.0864,96.3480,0.0009,0.0034,-0.0002,0.0009,0.0000,200.5582,-0.0831,-0.0792,0.1867,0.3274,0.0000,0.0000,0.0000,0.2874,0.6659,1,0,0,0,0,3.3340
54.5368,167.7917,0.0864,96.3480,0.0009,0.0034,-0.0002,0.0009,0.0000,200.5543,-0.0703,-0.0792,0.1867,0.3274,0.0000,0.0000,0.0000,0.2874,0.6659,1,0,0,0,0,3.3333
54.5937,167.7919,0.0864,96.3480,0.0009,0.0034,-0.0002,0.0009,0.0000,200.5503,-0.0697,-0.0792,0.1867,0.3274,0.0000,0.0000,0.0000,0.2874,0.6659,1,0,0,0,0,3.3332
54.6500,167.7920,0.0864,96.3480,0.0009,0.0034,-0.0002,0.0009,0.0000,200.5463,-0.0704,-0.0792,0.1867,0.3274,0.0000,0.0000,0.0000,0.2874,0.6659,1,0,0,0,0,3.3333
54.7011,167.7921,0.0864,96.3480,0.0009,0.0034,-0.0002,0.0009,0.0000,200.5424,-0.0777,-0.0792,0.1867,0.3274,0.0000,0.0000,0.0000,0.2874,0.6659,1,0,0,0,0,3.3337
54.7607,167.7923,0.0864,96.3480,0.0009,0.0034,-0.0002,0.0009,0.0000,200.5384,-0.0665,-0.0792,0.1867,0.3274,0.0000,0.0000,0.0000,0.2874,0.6659,1,0,0,0,0,3.3331
54.8183,167.7925,0.0864,96.3480,0.0009,0.0034,-0.0002,0.0009,0.0000,200.5345,-0.0689,-0.0792,0.1867,0.3274,0.0000,0.0000,0.0000,0.2874,0.6659,1,0,0,0,0,3.3332
54.9227,167.7928,0.0864,96.3480,0.0009,0.0034,-0.0002,0.0009,0.0000,200.5273,-0.0684,-0.0792,0.1867,0.3274,0.0000,0.0000,0.0000,0.2874,0.6659,1,0,0,0,0,3.3332
54.9731,167.7929,0.0864,96.3480,0.0009,0.0034,-0.0002,0.0009,0.0000,200.5233,-0.0787,-0.0792,0.1867,0.3274,0.0000,0.0000,0.0000,0.2874,0.6659,1,0,0,0,0,3.3337
55.0263,167.7930,0.0864,96.3480,0.0009,0.0034,-0.0002,0.0009,0.0000,200.5194,-0.0746,-0.0792,0.1867,0.3274,0.0000,0.0000,0.0000,0.2874,0.6659,1,0,0,0,0,3.3335
55.0781,167.7932,0.0864,96.3480,0.0009,0.0034,-0.0002,0.0009,0.0000,200.5162,-0.0613,-0.0792,0.1867,0.3274,0.0000,0.0000,0.0000,0.2874,0.6659,1,0,0,0,0,3.3328
55.1394,167.7934,0.0864,96.3480,0.0009,0.0034,-0.0002,0.0009,0.0000,200.5115,-0.0777,-0.0792,0.1867,0.3274,0.0000,0.0000,0.0000,0.2874,0.6659,1,0,0,0,0,3.3337
55.1990,167.7935,0.0864,96.3480,0.0009,0.0034,-0.0002,0.0009,0.0000,200.5075,-0.0665,-0.0792,0.1867,0.3274,0.0000,0.0000,0.0000,0.2874,0.6659,1,0,0,0,0,3.3331
55.2598,167.7937,0.0864,96.3480,0.0009,0.0034,-0.0002,0.0009,0.0000,200.5027,-0.0784,-0.0792,0.1867,0.3274,0.0000,0.0000,0.0000,0.2874,0.6659,1,0,0,0,0,3.3337
55.3163,167.7939,0.0864,96.3480,0.0009,0.0034,-0.0002,0.0009,0.0000,200.4988,-0.0701,-0.0792,0.1867,0.3274,0.0000,0.0000,0.0000,0.2874,0.6659,1,0,0,0,0,3.3333
55.3777,167.7940,0.0864,96.3480,0.0009,0.0034,-0.0002,0.0009,0.0000,200.4948,-0.0646,-0.0792,0.1867,0.3274,0.0000,0.0000,0.0000,0.2874,0.6659,1,0,0,0,0,3.3330
55.4386,167.7942,0.0864,96.3480,0.0009,0.0034,-0.0002,0.0009,0.0000,200.4901,-0.0781,-0.0792,0.1867,0.3274,0.0000,0.0000,0.0000,0.2874,0.6659,1,0,0,0,0,3.3337
55.4983,167.7943,0.0864,96.3480,0.0009,0.0034,-0.0002,0.0009,0.0000,200.4861,-0.0665,-0.0792,0.1867,0.3274,0.0000,0.0000,0.0000,0.2874,0.6659,1,0,0,0,0,3.3331
55.5576,167.7945,0.0864,96.3480,0.0009,0.0034,-0.0002,0.0009,0.0000,200.4813,-0.0803,-0.0792,0.1867,0.3274,0.0000,0.0000,0.0000,0.2874,0.6659,1,0,0,0,0,3.3338
55.6097,167.7946,0.0864,96.3480,0.0009,0.0034,-0.0002,0.0009,0.0000,200.4781,-0.0609,-0.0792,0.1867,0.3274,0.0000,0.0000,0.0000,0.2874,0.6659,1,0,0,0,0,3.3328
55.6696,167.7948,0.0864,96.3480,0.0009,0.0034,-0.0002,0.0009,0.0000,200.4734,-0.0794,-0.0792,0.1867,0.3274,0.0000,0.0000,0.0000,0.2874,0.6659,1,0,0,0,0,3.3338
55.7299,167.7950,0.0864,96.3480,0.0009,0.0034,-0.0002,0.0009,0.0000,200.4694,-0.0658,-0.0792,0.1867,0.3274,0.0000,0.0000,0.0000,0.2874,0.6659,1,0,0,0,0,3.3330
55.7887,167.7951,0.0864,96.3480,0.0009,0.0034,-0.0002,0.0009,0.0000,200.4647,-0.0810,-0.0792,0.1867,0.3274,0.0000,0.0000,0.0000,0.2874,0.6659,1,0,0,0,0,3.3339
55.8415,167.7953,0.0864,96.3480,0.0009,0.0034,-0.0002,0.0009,0.0000,200.4615,-0.0601,-0.0792,0.1867,0.3274,0.0000,0.0000,0.0000,0.2874,0.6659,1,0,0,0,0,3.3327
55.8960,167.7954,0.0864,96.3480,0.0009,0.0034,-0.0002,0.0009,0.0000,200.4575,-0.0728,-0.0792,0.1867,0.3274,0.0000,0.0000,0.0000,0.2874,0.6659,1,0,0,0,0,3.3334
55.9519,167.7956,0.0864,96.3480,0.0009,0.0034,-0.0002,0.0009,0.0000,200.4536,-0.0710,-0.0792,0.1867,0.3274,0.0000,0.0000,0.0000,0.2874,0.6659,1,0,0,0,0,3.3333
56.0072,167.7957,0.0864,96.3480,0.0009,0.0034,-0.0002,0.0009,0.0000,200.4496,-0.0717,-0.0792,0.1867,0.3274,0.0000,0.0000,0.0000,0.2874,0.6659,1,0,0,0,0,3.3334
56.0608,167.7959,0.0864,96.3480,0.0009,0.0034,-0.0002,0.0009,0.0000,200.4456,-0.0741,-0.0772,0.1867,0.3274,0.0000,0.0000,0.0000,0.2874,0.6659,1,0,0,0,0,3.3335
56.1188,167.7961,0.0864,96.3480,0.0009,0.0034,-0.0002,0.0009,0.0000,200.4417,-0.0684,-0.0753,0.1867,0.3274,0.0000,0.0000,0.0000,0.2874,0.6659,1,0,0,0,0,3.3332
56.1690,167.7962,0.0864,96.3480,0.0009,0.0034,-0.0002,0.0009,0.0000,200.4377,-0.0791,-0.0733,0.1867,0.3274,0.0000,0.0000,0.0000,0.2874,0.6659,1,0,0,0,0,3.3338
56.2223,167.7963,0.0864,96.3480,0.0009,0.0034,-0.0002,0.0009,0.0000,200.4337,-0.0744,-0.0714,0.1867,0.3274,0.0000,0.0000,0.0000,0.2874,0.6659,1,0,0,0,0,3.3335
56.2752,167.7965,0.0864,96.3480,0.0009,0.0034,-0.0002,0.0009,0.0000,200.4312,-0.0485,-0.0694,0.1867,0.3274,0.0128,0.1806,3.4139,0.2874,0.6659,1,0,0,0,0,3.5217
56.3260,167.7966,0.0864,96.3480,0.0009,0.0034,-0.0002,0.0009,0.0000,200.4296,-0.0324,-0.0675,0.1867,0.3274,0.0251,0.6649,9.5368,0.2874,0.6659,1,0,0,0,0,3.8610
56.3777,167.7968,0.0864,96.3480,0.0009,0.0034,-0.0002,0.0009,0.0000,200.4291,-0.0094,-0.0616,0.1867,0.3274,0.0343,1.1764,9.8899,0.2874,0.6659,1,0,0,0,0,3.8793
56.4379,167.7969,0.0864,96.3480,0.0009,0.0034,-0.0002,0.0009,0.0000,200.4296,0.0086,-0.0557,0.1867,0.3274,0.0431,1.7504,9.5393,0.2874,0.6659,1,0,0,0,0,3.8598
56.4905,167.7971,0.0864,96.3480,0.0009,0.0034,-0.0002,0.0009,0.0000,200.4310,0.0276,-0.0518,0.1867,0.3274,0.0510,2.2584,9.6558,0.2874,0.6659,1,0,0,0,0,3.8673
56.5458,167.7972,0.0864,96.3480,0.0009,0.0034,-0.0002,0.0009,0.0000,200.4336,0.0458,-0.0440,0.1867,0.3274,0.0615,2.8297,10.3271,0.2874,0.6659,1,0,0,0,0,3.9056
56.5988,167.7974,0.0864,96.3480,0.0009,0.0034,-0.0002,0.0009,0.0000,200.4364,0.0542,-0.0381,0.1867,0.3274,0.0699,3.3347,9.5365,0.2874,0.6659,1,0,0,0,0,3.8622
56.6588,167.7975,0.0864,96.3480,0.0009,0.0034,-0.0002,0.0009,0.0000,200.4422,0.0969,-0.0264,0.1867,0.3274,0.0845,4.0172,11.3716,0.2874,0.6659,1,0,0,0,0,3.9665
56.7179,167.7977,0.0864,96.3480,0.0009,0.0034,-0.0002,0.0009,0.0000,200.4486,0.1082,-0.0186,0.1867,0.3274,0.0963,4.7486,12.3789,0.2874,0.6659,1,0,0,0,0,4.0231
56.7696,167.7978,0.0864,96.3480,0.0009,0.0034,-0.0002,0.0009,0.0000,200.4564,0.1509,-0.0127,0.1867,0.3274,0.1089,5.4222,13.0330,0.2874,0.6659,1,0,0,0,0,4.0618
56.8267,167.7980,0.0864,96.3480,0.0009,0.0034,-0.0002,0.0009,0.0000,200.4656,0.1610,-0.0029,0.1867,0.3274,0.1215,6.2132,13.8449,0.2874,0.6659,1,0,0,0,0,4.1075
56.8789,167.7981,0.0864,96.3480,0.0009,0.0034,-0.0002,0.0009,0.0000,200.4762,0.2031,0.0049,0.1867,0.3274,0.1338,6.8572,12.3347,0.2874,0.6659,1,0,0,0,0,4.0259
56.9399,167.7983,0.0864,96.3480,0.0009,0.0034,-0.0002,0.0009,0.0000,200.4882,0.1961,0.0107,0.1867,0.3274,0.1452,7.6428,12.8762,0.2874,0.6659,1,0,0,0,0,4.0556
56.9992,167.7985,0.0864,96.3480,0.0009,0.0034,-0.0002,0.0009,0.0000,200.5042,0.2705,0.0205,0.1867,0.3274,0.1590,8.4244,13.1833,0.2874,0.6659,1,0,0,0,0,4.0768
57.0512,167.7986,0.0864,96.3480,0.0009,0.0034,-0.0002,0.0009,0.0000,200.5160,0.2257,0.0244,0.1867,0.3274,0.1678,9.1150,13.2848,0.2874,0.6659,1,0,0,0,0,4.0800
57.1022,167.7988,0.0864,96.3480,0.0009,0.0034,-0.0002,0.0009,0.0000,200.5320,0.3135,0.0342,0.1867,0.3274,0.1814,9.7149,11.7591,0.2874,0.6659,1,0,0,0,0,4.0001
57.1544,167.7989,0.0864,96.3480,0.0009,0.0034,-0.0002,0.0009,0.0000,200.5493,0.3327,0.0420,0.1867,0.3274,0.1933,10.4072,13.2643,0.2874,0.6659,1,0,0,0,0,4.0848
57.2088,167.7990,0.0864,96.3480,0.0009,0.0034,-0.0002,0.0009,0.0000,200.5642,0.2730,0.0459,0.1867,0.3274,0.2021,11.2055,14.6771,0.2874,0.6659,1,0,0,0,0,4.1599
57.2691,167.7992,0.0864,96.3480,0.0009,0.0034,-0.0002,0.0009,0.0000,200.5881,0.3969,0.0577,0.1867,0.3274,0.2174,11.9129,11.7352,0.2874,0.6659,1,0,0,0,0,4.0034
57.3200,167.7993,0.0864,96.3480,0.0009,0.0034,-0.0002,0.0009,0.0000,200.6052,0.3352,0.0635,0.1867,0.3274,0.2272,12.5825,13.1440,0.2874,0.6659,1,0,0,0,0,4.0782
57.3807,167.7995,0.0864,96.3480,0.0009,0.0034,-0.0002,0.0009,0.0000,200.6325,0.4492,0.0733,0.1867,0.3274,0.2423,13.3707,12.9781,0.2874,0.6659,1,0,0,0,0,4.0753
57.4414,167.7997,0.0864,96.3480,0.0009,0.0034,-0.0002,0.0009,0.0000,200.6567,0.3996,0.0811,0.1867,0.3274,0.2538,14.1933,13.5582,0.2874,0.6659,1,0,0,0,0,4.1048
57.5004,167.7998,0.0864,96.3480,0.0009,0.0034,-0.0002,0.0009,0.0000,200.6875,0.5218,0.0870,0.1867,0.3274,0.2668,14.9498,12.8197,0.2874,0.6659,1,0,0,0,0,4.0706
57.5601,167.8000,0.0864,96.3480,0.0009,0.0034,-0.0002,0.0009,0.0000,200.7146,0.4538,0.0968,0.1867,0.3274,0.2788,15.6669,12.0164,0.2874,0.6659,1,0,0,0,0,4.0222
57.6123,167.8001,0.0864,96.3480,0.0009,0.0034,-0.0002,0.0009,0.0000,200.7429,0.5433,0.1026,0.1867,0.3274,0.2896,16.3482,13.0543,0.2874,0.6659,1,0,0,0,0,4.0848
57.6717,167.8003,0.0864,96.3480,0.0009,0.0034,-0.0002,0.0009,0.0000,200.7725,0.4970,0.1085,0.1867,0.3274,0.2998,17.0213,11.3308,0.2874,0.6659,1,0,0,0,0,3.9865
57.7324,167.8005,0.0864,96.3480,0.0009,0.0034,-0.0002,0.0009,0.0000,200.8094,0.6087,0.1163,0.1867,0.3274,0.3124,17.7505,12.0050,0.2874,0.6659,1,0,0,0,0,4.0301
57.7913,167.8006,0.0864,96.3480,0.0009,0.0034,-0.0002,0.0009,0.0000,200.8414,0.5435,0.1202,0.1867,0.3274,0.3207,18.3960,10.9678,0.2874,0.6659,1,0,0,0,0,3.9689
57.8415,167.8008,0.0864,96.3480,0.0009,0.0034,-0.0002,0.0009,0.0000,200.8676,0.5219,0.1241,0.1867,0.3274,0.3265,18.8813,9.6733,0.2874,0.6659,1,0,0,0,0,3.8958
57.9017,167.8009,0.0864,96.3480,0.0009,0.0034,-0.0002,0.0009,0.0000,200.9078,0.6663,0.1261,0.1867,0.3274,0.3334,19.3701,8.1096,0.2874,0.6659,1,0,0,0,0,3.8169
57.9614,167.8011,0.0864,96.3480,0.0009,0.0034,-0.0002,0.0009,0.0000,200.9419,0.5716,0.1300,0.1867,0.3274,0.3384,19.7887,7.0124,0.2874,0.6659,1,0,0,0,0,3.7507
58.0190,167.8013,0.0864,96.3480,0.0009,0.0034,-0.0002,0.0009,0.0000,200.9765,0.6008,0.1319,0.1867,0.3274,0.3423,20.1374,6.0540,0.2874,0.6659,1,0,0,0,0,3.6991
58.0744,167.8014,0.0864,96.3480,0.0009,0.0034,-0.0002,0.0009,0.0000,201.0115,0.6311,0.1319,0.1867,0.3274,0.3449,20.3738,4.2652,0.2874,0.6659,1,0,0,0,0,3.6014
58.1359,167.8016,0.0864,96.3480,0.0009,0.0034,-0.0002,0.0009,0.0000,201.0537,0.6872,0.1339,0.1867,0.3274,0.3476,20.5874,3.4739,0.2874,0.6659,1,0,0,0,0,3.5605
58.1959,167.8018,0.0864,96.3480,0.0009,0.0034,-0.0002,0.0009,0.0000,201.0892,0.5918,0.1339,0.1867,0.3274,0.3489,20.7560,2.8146,0.2874,0.6659,1,0,0,0,0,3.5186
58.2563,167.8019,0.0864,96.3480,0.0009,0.0034,-0.0002,0.0009,0.0000,201.1318,0.7054,0.1339,0.1867,0.3274,0.3495,20.8614,1.7416,0.2874,0.6659,1,0,0,0,0,3.4653
58.3168,167.8021,0.0864,96.3480,0.0009,0.0034,-0.0002,0.0009,0.0000,201.1674,0.5893,0.1339,0.1867,0.3274,0.3497,20.9235,1.0276,0.2874,0.6659,1,0,0,0,0,3.4192
58.3765,167.8022,0.0864,96.3480,0.0009,0.0034,-0.0002,0.0009,0.0000,201.2102,0.7162,0.1339,0.1867,0.3274,0.3498,20.9561,0.5463,0.2874,0.6659,1,0,0,0,0,3.3995
58.4287,167.8024,0.0864,96.3480,0.0009,0.0034,-0.0002,0.0009,0.0000,201.2387,0.5462,0.1339,0.1867,0.3274,0.3498,20.9715,0.2947,0.2874,0.6659,1,0,0,0,0,3.3761
58.4895,167.8026,0.0864,96.3480,0.0009,0.0034,-0.0002,0.0009,0.0000,201.2815,0.7031,0.1339,0.1867,0.3274,0.3498,20.9812,0.1599,0.2874,0.6659,1,0,0,0,0,3.3773
58.5466,167.8027,0.0864,96.3480,0.0009,0.0034,-0.0002,0.0009,0.0000,201.3171,0.6248,0.1339,0.1867,0.3274,0.3498,20.9860,0.0845,0.2874,0.6659,1,0,0,0,0,3.3688
58.6010,167.8029,0.0864,96.3480,0.0009,0.0034,-0.0002,0.0009,0.0000,201.3528,0.6547,0.1339,0.1867,0.3274,0.3498,20.9880,0.0370,0.2874,0.6659,1,0,0,0,0,3.3678
58.6572,167.8030,0.0864,96.3480,0.0009,0.0034,-0.0002,0.0009,0.0000,201.3884,0.6329,0.1319,0.1867,0.3274,0.3494,20.9893,0.0225,0.2874,0.6659,1,0,0,0,0,3.3658
58.7092,167.8032,0.0864,96.3480,0.0009,0.0034,-0.0002,0.0009,0.0000,201.4235,0.6762,0.1241,0.1867,0.3274,0.3430,20.9025,1.6700,0.2874,0.6659,1,0,0,0,0,3.4597
58.7696,167.8033,0.0864,96.3480,0.0009,0.0034,-0.0002,0.0009,0.0000,201.4575,0.5620,0.1065,0.1867,0.3274,0.3277,20.5508,5.8236,0.2874,0.6659,1,0,0,0,0,3.6841
58.8315,167.8035,0.0864,96.3480,0.0009,0.0034,-0.0002,0.0009,0.0000,201.4955,0.6139,0.0929,0.1867,0.3274,0.3052,19.7940,12.2341,0.2874,0.6659,1,0,0,0,0,4.0432
58.8884,167.8036,0.0864,96.3480,0.0009,0.0034,-0.0002,0.0009,0.0000,201.5245,0.5098,0.0752,0.1867,0.3274,0.2826,18.7302,18.6949,0.2874,0.6659,1,0,0,0,0,4.3963
58.9393,167.8038,0.0864,96.3480,0.0009,0.0034,-0.0002,0.0009,0.0000,201.5459,0.4208,0.0616,0.1867,0.3274,0.2644,17.6440,21.3527,0.2874,0.6659,1,0,0,0,0,4.5390
58.9991,167.8040,0.0864,96.3480,0.0009,0.0034,-0.0002,0.0009,0.0000,201.5745,0.4793,0.0420,0.1867,0.3274,0.2337,16.2275,23.6805,0.2874,0.6659,1,0,0,0,0,4.6716
59.0603,167.8041,0.0864,96.3480,0.0009,0.0034,-0.0002,0.0009,0.0000,201.5952,0.3377,0.0244,0.1867,0.3274,0.2072,14.6923,25.0942,0.2874,0.6659,1,0,0,0,0,4.7423
59.1205,167.8043,0.0864,96.3480,0.0009,0.0034,-0.0002,0.0009,0.0000,201.6160,0.3453,0.0029,0.1867,0.3274,0.1745,12.9447,29.0143,0.2874,0.6659,1,0,0,0,0,4.9605
59.1762,167.8044,0.0864,96.3480,0.0009,0.0034,-0.0002,0.0009,0.0000,201.6299,0.2504,-0.0147,0.1867,0.3274,0.1477,11.3413,28.7885,0.2874,0.6659,1,0,0,0,0,4.9426
59.2360,167.8046,0.0864,96.3480,0.0009,0.0034,-0.0002,0.0009,0.0000,201.6407,0.1802,-0.0342,0.1867,0.3274,0.1184,9.6306,28.6087,0.2874,0.6659,1,0,0,0,0,4.9288
59.2889,167.8047,0.0864,96.3480,0.0009,0.0034,-0.0002,0.0009,0.0000,201.6483,0.1429,-0.0479,0.1867,0.3274,0.0915,8.1141,28.6440,0.2874,0.6659,1,0,0,0,0,4.9286
59.3437,167.8049,0.0864,96.3480,0.0009,0.0034,-0.0002,0.0009,0.0000,201.6527,0.0811,-0.0675,0.1867,0.3274,0.0634,6.3803,31.6721,0.2874,0.6659,1,0,0,0,0,5.0934
59.4048,167.8051,0.0864,96.3480,0.0009,0.0034,-0.0002,0.0009,0.0000,201.6532,0.0077,-0.0870,0.1867,0.3274,0.0273,4.3301,33.5268,0.2874,0.6659,1,0,0,0,0,5.1924
59.4651,167.8052,0.0864,96.3480,0.0009,0.0034,-0.0002,0.0009,0.0000,201.6506,-0.0435,-0.1066,0.1867,0.3274,0.0099,2.5894,28.8560,0.2874,0.6659,1,0,0,0,0,4.9349
59.5243,167.8054,0.0864,96.3480,0.0009,0.0034,-0.0002,0.0009,0.0000,201.6331,-0.2960,-0.1242,0.1867,0.3274,-0.2451,-0.8721,58.4893,0.2874,0.6659,1,0,0,0,0,6.5952
59.5841,167.8056,0.0864,96.3480,0.0009,0.0034,-0.0002,0.0009,0.0000,201.5825,-0.8472,-0.1417,0.1867,0.3274,-0.5273,-12.9055,201.3590,0.2874,0.6659,1,0,0,0,0,13.3764
59.6362,167.8057,0.0864,96.3480,0.0009,0.0034,-0.0002,0.0009,0.0000,201.5002,-1.5786,-0.1554,0.1867,0.3274,-0.7844,-25.8537,248.6104,0.2874,0.6659,1,0,0,0,0,13.4171
59.6938,167.8059,0.0864,96.3480,0.0009,0.0034,-0.0002,0.0009,0.0000,201.3982,-1.7690,-0.1730,0.1867,0.3274,-0.9073,-39.1359,230.3737,0.2874,0.6659,1,0,0,0,0,13.4276
59.7525,167.8060,0.0864,96.3480,0.0009,0.0034,-0.0002,0.0009,0.0000,201.2650,-2.2695,-0.1906,0.1867,0.3274,-0.9664,-48.4022,157.7949,0.2874,0.6659,1,0,0,0,0,12.2218
59.8057,167.8062,0.0864,96.3480,0.0009,0.0034,-0.0002,0.0009,0.0000,201.1733,-1.7250,-0.2063,0.1867,0.3274,-0.9829,-53.2491,91.2003,0.2874,0.6659,1,0,0,0,0,8.4919
59.8664,167.8064,0.0864,96.3480,0.0009,0.0034,-0.0002,0.0009,0.0000,201.0341,-2.2922,-0.2239,0.1867,0.3274,-0.9938,-56.5685,54.6500,0.2874,0.6659,1,0,0,0,0,6.4928
59.9271,167.8065,0.0864,96.3480,0.0009,0.0034,-0.0002,0.0009,0.0000,200.9174,-1.9221,-0.2415,0.1867,0.3274,-0.9973,-58.2839,28.2537,0.2874,0.6659,1,0,0,0,0,5.0058
59.9833,167.8067,0.0864,96.3480,0.0009,0.0034,-0.0002,0.0009,0.0000,200.8004,-2.0811,-0.2571,0.1867,0.3274,-0.9989,-59.1539,15.4818,0.2874,0.6659,1,0,0,0,0,4.3051
60.0451,167.8068,0.0864,96.3480,0.0009,0.0034,-0.0002,0.0009,0.0000,200.6600,-2.2736,-0.2767,0.1867,0.3274,-0.9996,-59.5704,6.7412,0.2874,0.6659,1,0,0,0,0,3.8302
60.1012,167.8070,0.0864,96.3480,0.0009,0.0034,-0.0002,0.0009,0.0000,200.5429,-2.0870,-0.2903,0.1867,0.3274,-0.9998,-59.7834,3.7964,0.2874,0.6659,1,0,0,0,0,3.6562
60.1612,167.8072,0.0864,96.3480,0.0009,0.0034,-0.0002,0.0009,0.0000,200.4258,-1.9518,-0.3060,0.1867,0.3274,-0.9999,-59.8958,1.8736,0.2874,0.6659,1,0,0,0,0,3.5419
60.2128,167.8073,0.0864,96.3480,0.0009,0.0034,-0.0002,0.0009,0.0000,200.3087,-2.2706,-0.3197,0.1867,0.3274,-1.0000,-59.9479,1.0109,0.2874,0.6659,1,0,0,0,0,3.5117
60.2702,167.8075,0.0864,96.3480,0.0009,0.0034,-0.0002,0.0009,0.0000,200.1915,-2.0418,-0.3314,0.1867,0.3274,-1.0000,-59.9728,0.4342,0.2874,0.6659,1,0,0,0,0,3.4669
60.3226,167.8076,0.0864,96.3480,0.0009,0.0034,-0.0002,0.0009,0.0000,200.0744,-2.2336,-0.3412,0.1867,0.3274,-1.0000,-59.9859,0.2499,0.2874,0.6659,1,0,0,0,0,3.4673
60.3790,167.8078,0.0864,96.3480,0.0009,0.0034,-0.0002,0.0009,0.0000,199.9573,-2.0767,-0.3529,0.1867,0.3274,-1.0000,-59.9934,0.1316,0.2874,0.6659,1,0,0,0,0,3.4521
60.4322,167.8079,0.0864,96.3480,0.0009,0.0034,-0.0002,0.0009,0.0000,199.8403,-2.2021,-0.3646,0.1867,0.3274,-1.0000,-59.9964,0.0573,0.2874,0.6659,1,0,0,0,0,3.4549
60.4908,167.8081,0.0864,96.3480,0.0009,0.0034,-0.0002,0.0009,0.0000,199.7232,-1.9986,-0.3725,0.1867,0.3274,-1.0000,-59.9983,0.0319,0.2874,0.6659,1,0,0,0,0,3.4422
60.5427,167.8082,0.0864,96.3480,0.0009,0.0034,-0.0002,0.0009,0.0000,199.6060,-2.2533,-0.3822,0.1867,0.3274,-1.0000,-59.9991,0.0162,0.2874,0.6659,1,0,0,0,0,3.4555
60.6027,167.8084,0.0864,96.3480,0.0009,0.0034,-0.0002,0.0009,0.0000,199.4889,-1.9527,-0.3959,0.1867,0.3274,-1.0000,-59.9996,0.0079,0.2874,0.6659,1,0,0,0,0,3.4383
60.6651,167.8085,0.0864,96.3480,0.0009,0.0034,-0.0002,0.0009,0.0000,199.3484,-2.2518,-0.4076,0.1867,0.3274,-1.0000,-59.9998,0.0035,0.2874,0.6659,1,0,0,0,0,3.4547
60.7208,167.8087,0.0864,96.3480,0.0009,0.0034,-0.0002,0.0009,0.0000,199.2313,-2.1023,-0.4174,0.1867,0.3274,-1.0000,-59.9999,0.0017,0.2874,0.6659,1,0,0,0,0,3.4463
60.7726,167.8088,0.0864,96.3480,0.0009,0.0034,-0.0002,0.0009,0.0000,199.1142,-2.2605,-0.4252,0.1867,0.3274,-1.0000,-59.9999,0.0008,0.2874,0.6659,1,0,0,0,0,3.4550
60.8310,167.8090,0.0864,96.3480,0.0009,0.0034,-0.0002,0.0009,0.0000,198.9971,-2.0082,-0.4311,0.1867,0.3274,-1.0000,-60.0000,0.0005,0.2874,0.6659,1,0,0,0,0,3.4410
60.8856,167.8091,0.0864,96.3480,0.0009,0.0034,-0.0002,0.0009,0.0000,198.8800,-2.1413,-0.4350,0.1867,0.3274,-1.0000,-60.0000,0.0002,0.2874,0.6659,1,0,0,0,0,3.4483
60.9375,167.8093,0.0864,96.3480,0.0009,0.0034,-0.0002,0.0009,0.0000,198.7863,-1.8077,-0.4409,0.1867,0.3274,-1.0000,-60.0000,0.0000,0.2874,0.6659,1,0,0,0,0,3.4298
60.9960,167.8094,0.0864,96.3480,0.0009,0.0034,-0.0002,0.0009,0.0000,198.6458,-2.3992,-0.4448,0.1867,0.3274,-1.0000,-60.0000,0.0001,0.2874,0.6659,1,0,0,0,0,3.4627
61.0549,167.8096,0.0864,96.3480,0.0009,0.0034,-0.0002,0.0009,0.0000,198.5287,-1.9886,-0.4467,0.1867,0.3274,-1.0000,-60.0000,0.0000,0.2874,0.6659,1,0,0,0,0,3.4398
61.1144,167.8098,0.0864,96.3480,0.0009,0.0034,-0.0002,0.0009,0.0000,198.4116,-1.9695,-0.4467,0.1867,0.3274,-1.0000,-60.0000,0.0000,0.2874,0.6659,1,0,0,0,0,3.4388
61.1657,167.8099,0.0864,96.3480,0.0009,0.0034,-0.0002,0.0009,0.0000,198.2945,-2.2830,-0.4467,0.1867,0.3274,-1.0000,-60.0000,0.0000,0.2874,0.6659,1,0,0,0,0,3.4562
61.2248,167.8101,0.0864,96.3480,0.0009,0.0034,-0.0002,0.0009,0.0000,198.1774,-1.9804,-0.4467,0.1867,0.3274,-1.0000,-60.0000,0.0000,0.2874,0.6659,1,0,0,0,0,3.4394
61.2794,167.8102,0.0864,96.3480,0.0009,0.0034,-0.0002,0.0009,0.0000,198.0603,-2.1470,-0.4467,0.1867,0.3274,-1.0000,-60.0000,0.0000,0.2874,0.6659,1,0,0,0,0,3.4486
61.3421,167.8104,0.0864,96.3480,0.0009,0.0034,-0.0002,0.0009,0.0000,197.9197,-2.2408,-0.4389,0.1867,0.3274,-1.0000,-60.0000,0.0000,0.2874,0.6659,1,0,0,0,0,3.4539
61.3949,167.8105,0.0864,96.3480,0.0009,0.0034,-0.0002,0.0009,0.0000,197.8026,-2.2154,-0.4233,0.1867,0.3274,-1.0000,-60.0000,0.0000,0.2874,0.6659,1,0,0,0,0,3.4524
61.4463,167.8107,0.0864,96.3480,0.0009,0.0034,-0.0002,0.0009,0.0000,197.7090,-1.8239,-0.4116,0.1867,0.3274,-1.0000,-60.0000,0.0000,0.2874,0.6659,1,0,0,0,0,3.4307
61.5071,167.8109,0.0864,96.3480,0.0009,0.0034,-0.0002,0.0009,0.0000,197.5684,-2.3098,-0.3959,0.1867,0.3274,-1.0000,-60.0000,0.0000,0.2874,0.6659,1,0,0,0,0,3.4577
61.5682,167.8110,0.0864,96.3480,0.0009,0.0034,-0.0002,0.0009,0.0000,197.4513,-1.9182,-0.3764,0.1867,0.3274,-1.0000,-60.0000,0.0000,0.2874,0.6659,1,0,0,0,0,3.4359
61.6265,167.8112,0.0864,96.3480,0.0009,0.0034,-0.0002,0.0009,0.0000,197.3342,-2.0093,-0.3607,0.1867,0.3274,-1.0000,-60.0000,0.0000,0.2874,0.6659,1,0,0,0,0,3.4410
61.6863,167.8113,0.0864,96.3480,0.0009,0.0034,-0.0002,0.0009,0.0000,197.1937,-2.3491,-0.3431,0.1867,0.3274,-1.0000,-60.0000,0.0000,0.2874,0.6659,1,0,0,0,0,3.4599
61.7371,167.8115,0.0864,96.3480,0.0009,0.0034,-0.0002,0.0009,0.0000,197.1000,-1.8441,-0.3236,0.1867,0.3274,-1.0000,-60.0000,0.0000,0.2874,0.6659,1,0,0,0,0,3.4318
61.7973,167.8116,0.0864,96.3480,0.0009,0.0034,-0.0002,0.0009,0.0000,196.9595,-2.3333,-0.3001,0.1867,0.3274,-1.0000,-60.0000,0.0000,0.2874,0.6659,1,0,0,0,0,3.4590
61.8583,167.8118,0.0864,96.3480,0.0009,0.0034,-0.0002,0.0009,0.0000,196.8424,-1.9214,-0.2806,0.1867,0.3274,-1.0000,-60.0000,0.0000,0.2874,0.6659,1,0,0,0,0,3.4361
61.9174,167.8120,0.0864,96.3480,0.0009,0.0034,-0.0002,0.0009,0.0000,196.7018,-2.3780,-0.2571,0.1867,0.3274,-1.0000,-60.0000,0.0000,0.2874,0.6659,1,0,0,0,0,3.4615
61.9775,167.8122,0.0864,96.3480,0.0009,0.0034,-0.0002,0.0009,0.0000,196.5847,-1.9479,-0.2375,0.1867,0.3274,-1.0000,-60.0000,0.0000,0.2874,0.6659,1,0,0,0,0,3.4376
62.0282,167.8123,0.0864,96.3480,0.0009,0.0034,-0.0002,0.0009,0.0000,196.4676,-2.3114,-0.2180,0.1867,0.3274,-1.0000,-60.0000,0.0000,0.2874,0.6659,1,0,0,0,0,3.4578
62.0886,167.8125,0.0864,96.3480,0.0009,0.0034,-0.0002,0.0009,0.0000,196.3505,-1.9364,-0.2004,0.1867,0.3274,-1.0000,-60.0000,0.0000,0.2874,0.6659,1,0,0,0,0,3.4369
62.1392,167.8126,0.0864,96.3480,0.0009,0.0034,-0.0002,0.0009,0.0000,196.2334,-2.3148,-0.1828,0.1867,0.3274,-1.0000,-60.0000,0.0000,0.2874,0.6659,1,0,0,0,0,3.4580
62.2000,167.8128,0.0864,96.3480,0.0009,0.0034,-0.0002,0.0009,0.0000,196.1163,-1.9268,-0.1652,0.1867,0.3274,-1.0000,-60.0000,0.0000,0.2874,0.6659,1,0,0,0,0,3.4364
62.2605,167.8129,0.0864,96.3480,0.0009,0.0034,-0.0002,0.0009,0.0000,195.9765,-2.3115,-0.1457,0.1867,0.3274,-0.9794,-60.0000,0.0000,0.2874,0.6659,1,0,0,0,0,3.4578
62.3210,167.8131,0.0864,96.3480,0.0009,0.0034,-0.0002,0.0009,0.0000,195.8719,-1.7295,-0.1261,0.1867,0.3274,-0.8168,-57.3943,43.0764,0.2874,0.6659,1,0,0,0,0,5.8186
62.3809,167.8133,0.0864,96.3480,0.0009,0.0034,-0.0002,0.0009,0.0000,195.7906,-1.3567,-0.1085,0.1867,0.3274,-0.5477,-49.7569,127.5461,0.2874,0.6659,1,0,0,0,0,10.4906
62.4400,167.8134,0.0864,96.3480,0.0009,0.0034,-0.0002,0.0009,0.0000,195.7430,-0.8060,-0.0909,0.1867,0.3274,-0.1988,-34.4682,258.5042,0.2874,0.6659,1,0,0,0,0,13.3742
62.4903,167.8136,0.0864,96.3480,0.0009,0.0034,-0.0002,0.0009,0.0000,195.7278,-0.3021,-0.0792,0.1867,0.3274,-0.1012,-22.5136,237.6445,0.2874,0.6659,1,0,0,0,0,13.3462
62.5501,167.8137,0.0864,96.3480,0.0009,0.0034,-0.0002,0.0009,0.0000,195.7158,-0.2014,-0.0655,0.1867,0.3274,-0.0226,-12.5461,166.9185,0.2874,0.6659,1,0,0,0,0,12.6138
62.6108,167.8139,0.0864,96.3480,0.0009,0.0034,-0.0002,0.0009,0.0000,195.7125,-0.0533,-0.0499,0.1867,0.3274,0.0227,-5.8791,109.7801,0.2874,0.6659,1,0,0,0,0,9.4312
62.6619,167.8140,0.0864,96.3480,0.0009,0.0034,-0.0002,0.0009,0.0000,195.7133,0.0143,-0.0381,0.1867,0.3274,0.0529,-2.1719,72.5076,0.2874,0.6659,1,0,0,0,0,7.3584
62.7183,167.8142,0.0864,96.3480,0.0009,0.0034,-0.0002,0.0009,0.0000,195.7170,0.0663,-0.0245,0.1867,0.3274,0.0774,1.1696,59.2457,0.2874,0.6659,1,0,0,0,0,6.6245
62.7796,167.8144,0.0864,96.3480,0.0009,0.0034,-0.0002,0.0009,0.0000,195.7233,0.1030,-0.0088,0.1867,0.3274,0.1003,3.3231,35.1295,0.2874,0.6659,1,0,0,0,0,5.2867
62.8305,167.8145,0.0864,96.3480,0.0009,0.0034,-0.0002,0.0009,0.0000,195.7322,0.1749,0.0029,0.1867,0.3274,0.1221,4.8907,30.8177,0.2874,0.6659,1,0,0,0,0,5.0512
62.8907,167.8147,0.0864,96.3480,0.0009,0.0034,-0.0002,0.0009,0.0000,195.7435,0.1876,0.0186,0.1867,0.3274,0.1439,6.5503,27.5743,0.2874,0.6659,1,0,0,0,0,4.8717
62.9428,167.8148,0.0864,96.3480,0.0009,0.0034,-0.0002,0.0009,0.0000,195.7575,0.2681,0.0342,0.1867,0.3274,0.1682,7.8345,24.6286,0.2874,0.6659,1,0,0,0,0,4.7125
63.0018,167.8150,0.0864,96.3480,0.0009,0.0034,-0.0002,0.0009,0.0000,195.7742,0.2826,0.0499,0.1867,0.3274,0.1918,9.4489,27.3535,0.2874,0.6659,1,0,0,0,0,4.8647
63.0553,167.8151,0.0864,96.3480,0.0009,0.0034,-0.0002,0.0009,0.0000,195.7935,0.3626,0.0655,0.1867,0.3274,0.2159,10.8033,25.3461,0.2874,0.6659,1,0,0,0,0,4.7576
63.1118,167.8153,0.0864,96.3480,0.0009,0.0034,-0.0002,0.0009,0.0000,195.8157,0.3921,0.0831,0.1867,0.3274,0.2411,12.3334,27.0573,0.2874,0.6659,1,0,0,0,0,4.8543
63.1624,167.8154,0.0864,96.3480,0.0009,0.0034,-0.0002,0.0009,0.0000,195.8406,0.4934,0.0948,0.1867,0.3274,0.2645,13.7131,27.3004,0.2874,0.6659,1,0,0,0,0,4.8735
63.2137,167.8156,0.0864,96.3480,0.0009,0.0034,-0.0002,0.0009,0.0000,195.8624,0.4225,0.1046,0.1867,0.3274,0.2810,14.9126,23.3431,0.2874,0.6659,1,0,0,0,0,4.6497
63.2726,167.8157,0.0864,96.3480,0.0009,0.0034,-0.0002,0.0009,0.0000,195.8975,0.5969,0.1163,0.1867,0.3274,0.3029,16.2932,23.4498,0.2874,0.6659,1,0,0,0,0,4.6653
63.3248,167.8158,0.0864,96.3480,0.0009,0.0034,-0.0002,0.0009,0.0000,195.9224,0.4771,0.1202,0.1867,0.3274,0.3141,17.3531,20.3064,0.2874,0.6659,1,0,0,0,0,4.4840
63.3847,167.8160,0.0864,96.3480,0.0009,0.0034,-0.0002,0.0009,0.0000,195.9614,0.6515,0.1261,0.1867,0.3274,0.3279,18.3781,17.1023,0.2874,0.6659,1,0,0,0,0,4.3157
63.4352,167.8162,0.0864,96.3480,0.0009,0.0034,-0.0002,0.0009,0.0000,195.9883,0.5329,0.1280,0.1867,0.3274,0.3342,19.0733,13.7720,0.2874,0.6659,1,0,0,0,0,4.1241
63.4945,167.8163,0.0864,96.3480,0.0009,0.0034,-0.0002,0.0009,0.0000,196.0293,0.6922,0.1280,0.1867,0.3274,0.3383,19.6613,9.9280,0.2874,0.6659,1,0,0,0,0,3.9194
63.5542,167.8165,0.0864,96.3480,0.0009,0.0034,-0.0002,0.0009,0.0000,196.0638,0.5762,0.1280,0.1867,0.3274,0.3397,20.0244,6.0771,0.2874,0.6659,1,0,0,0,0,3.6990
63.6049,167.8166,0.0864,96.3480,0.0009,0.0034,-0.0002,0.0009,0.0000,196.0983,0.6808,0.1280,0.1867,0.3274,0.3402,20.2043,3.5480,0.2874,0.6659,1,0,0,0,0,3.5643
63.6563,167.8168,0.0864,96.3480,0.0009,0.0034,-0.0002,0.0009,0.0000,196.1259,0.5382,0.1280,0.1867,0.3274,0.3405,20.3088,2.0336,0.2874,0.6659,1,0,0,0,0,3.4722
63.7155,167.8169,0.0864,96.3480,0.0009,0.0034,-0.0002,0.0009,0.0000,196.1674,0.7002,0.1280,0.1867,0.3274,0.3406,20.3745,1.1099,0.2874,0.6659,1,0,0,0,0,3.4299
63.7744,167.8171,0.0864,96.3480,0.0009,0.0034,-0.0002,0.0009,0.0000,196.2020,0.5864,0.1280,0.1867,0.3274,0.3407,20.4077,0.5627,0.2874,0.6659,1,0,0,0,0,3.3932
63.8356,167.8172,0.0864,96.3480,0.0009,0.0034,-0.0002,0.0009,0.0000,196.2365,0.5653,0.1280,0.1867,0.3274,0.3407,20.4252,0.2858,0.2874,0.6659,1,0,0,0,0,3.3767
63.8948,167.8174,0.0864,96.3480,0.0009,0.0034,-0.0002,0.0009,0.0000,196.2780,0.7002,0.1280,0.1867,0.3274,0.3407,20.4333,0.1377,0.2874,0.6659,1,0,0,0,0,3.3759
63.9549,167.8176,0.0864,96.3480,0.0009,0.0034,-0.0002,0.0009,0.0000,196.3126,0.5753,0.1280,0.1867,0.3274,0.3407,20.4374,0.0681,0.2874,0.6659,1,0,0,0,0,3.3651
64.0148,167.8177,0.0864,96.3480,0.0009,0.0034,-0.0002,0.0009,0.0000,196.3539,0.6887,0.1222,0.1867,0.3274,0.3369,20.4053,0.5360,0.2874,0.6659,1,0,0,0,0,3.3974
64.0652,167.8179,0.0864,96.3480,0.0009,0.0034,-0.0002,0.0009,0.0000,196.3807,0.5326,0.1104,0.1867,0.3274,0.3275,20.2179,3.7200,0.2874,0.6659,1,0,0,0,0,3.5656
64.1251,167.8181,0.0864,96.3480,0.0009,0.0034,-0.0002,0.0009,0.0000,196.4191,0.6416,0.0987,0.1867,0.3274,0.3106,19.6963,8.7146,0.2874,0.6659,1,0,0,0,0,3.8492
64.1808,167.8182,0.0864,96.3480,0.0009,0.0034,-0.0002,0.0009,0.0000,196.4492,0.5399,0.0870,0.1867,0.3274,0.2939,19.0070,12.3735,0.2874,0.6659,1,0,0,0,0,4.0468
64.2369,167.8184,0.0864,96.3480,0.0009,0.0034,-0.0002,0.0009,0.0000,196.4772,0.4995,0.0713,0.1867,0.3274,0.2741,18.0491,17.0787,0.2874,0.6659,1,0,0,0,0,4.3059
64.2968,167.8185,0.0864,96.3480,0.0009,0.0034,-0.0002,0.0009,0.0000,196.5026,0.4238,0.0538,0.1867,0.3274,0.2498,16.8743,19.6099,0.2874,0.6659,1,0,0,0,0,4.4424
64.3484,167.8187,0.0864,96.3480,0.0009,0.0034,-0.0002,0.0009,0.0000,196.5252,0.4386,0.0381,0.1867,0.3274,0.2259,15.6400,23.8940,0.2874,0.6659,1,0,0,0,0,4.6812
64.4011,167.8188,0.0864,96.3480,0.0009,0.0034,-0.0002,0.0009,0.0000,196.5413,0.3061,0.0244,0.1867,0.3274,0.2053,14.4826,21.9864,0.2874,0.6659,1,0,0,0,0,4.5678
64.4579,167.8190,0.0864,96.3480,0.0009,0.0034,-0.0002,0.0009,0.0000,196.5620,0.3644,0.0068,0.1867,0.3274,0.1754,12.9225,27.4579,0.2874,0.6659,1,0,0,0,0,4.8751
64.5178,167.8191,0.0864,96.3480,0.0009,0.0034,-0.0002,0.0009,0.0000,196.5760,0.2330,-0.0166,0.1867,0.3274,0.1469,11.2461,27.9811,0.2874,0.6659,1,0,0,0,0,4.8968
64.5692,167.8193,0.0864,96.3480,0.0009,0.0034,-0.0002,0.0009,0.0000,196.5868,0.2098,-0.0323,0.1867,0.3274,0.1194,9.7226,29.6305,0.2874,0.6659,1,0,0,0,0,4.9872
64.6192,167.8194,0.0864,96.3480,0.0009,0.0034,-0.0002,0.0009,0.0000,196.5930,0.1250,-0.0499,0.1867,0.3274,0.0951,8.2617,29.1947,0.2874,0.6659,1,0,0,0,0,4.9582
64.6787,167.8196,0.0864,96.3480,0.0009,0.0034,-0.0002,0.0009,0.0000,196.5979,0.0808,-0.0694,0.1867,0.3274,0.0657,6.4297,30.8085,0.2874,0.6659,1,0,0,0,0,5.0454
64.7384,167.8197,0.0864,96.3480,0.0009,0.0034,-0.0002,0.0009,0.0000,196.5983,0.0066,-0.0929,0.1867,0.3274,0.0239,4.3572,34.7247,0.2874,0.6659,1,0,0,0,0,5.2589
64.7959,167.8199,0.0864,96.3480,0.0009,0.0034,-0.0002,0.0009,0.0000,196.5937,-0.0791,-0.1105,0.1867,0.3274,-0.0549,2.7503,27.9584,0.2874,0.6659,1,0,0,0,0,4.8870
64.8490,167.8201,0.0864,96.3480,0.0009,0.0034,-0.0002,0.0009,0.0000,196.5701,-0.4453,-0.1339,0.1867,0.3274,-0.2561,-3.3539,114.9223,0.2874,0.6659,1,0,0,0,0,9.7387
64.9022,167.8202,0.0864,96.3480,0.0009,0.0034,-0.0002,0.0009,0.0000,196.5222,-0.8993,-0.1535,0.1867,0.3274,-0.4727,-11.6385,155.7947,0.2874,0.6659,1,0,0,0,0,12.0346
64.9526,167.8203,0.0864,96.3480,0.0009,0.0034,-0.0002,0.0009,0.0000,196.4654,-1.1266,-0.1730,0.1867,0.3274,-0.6632,-22.5511,216.1273,0.2874,0.6659,1,0,0,0,0,13.3920
65.0029,167.8205,0.0864,96.3480,0.0009,0.0034,-0.0002,0.0009,0.0000,196.3913,-1.4723,-0.1867,0.1867,0.3274,-0.4599,-29.7269,142.7011,0.2874,0.6659,1,0,0,0,0,11.3390
65.0628,167.8206,0.0864,96.3480,0.0009,0.0034,-0.0002,0.0009,0.0000,196.3542,-0.6213,-0.2082,0.1867,0.3274,-0.2107,-24.5588,86.3792,0.2874,0.6659,1,0,0,0,0,8.1627
65.1157,167.8208,0.0864,96.3480,0.0009,0.0034,-0.0002,0.0009,0.0000,196.3347,-0.3670,-0.2278,0.1867,0.3274,-0.0959,-16.4109,154.0630,0.2874,0.6659,1,0,0,0,0,11.9088
65.1675,167.8209,0.0864,96.3480,0.0009,0.0034,-0.0002,0.0009,0.0000,196.3257,-0.1743,-0.2395,0.1867,0.3274,-0.0501,-10.3501,116.9793,0.2874,0.6659,1,0,0,0,0,9.8379
65.2205,167.8211,0.0864,96.3480,0.0009,0.0034,-0.0002,0.0009,0.0000,196.3181,-0.1428,-0.2571,0.1867,0.3274,-0.0232,-6.4469,73.6426,0.2874,0.6659,1,0,0,0,0,7.4286
65.2710,167.8212,0.0864,96.3480,0.0009,0.0034,-0.0002,0.0009,0.0000,196.3124,-0.1135,-0.2708,0.1867,0.3274,-0.0118,-3.8685,51.0285,0.2874,0.6659,1,0,0,0,0,6.1706
65.3312,167.8214,0.0864,96.3480,0.0009,0.0034,-0.0002,0.0009,0.0000,196.3075,-0.0821,-0.2825,0.1867,0.3274,-0.0070,-2.0862,29.6109,0.2874,0.6659,1,0,0,0,0,4.9790
65.3910,167.8215,0.0864,96.3480,0.0009,0.0034,-0.0002,0.0009,0.0000,196.3019,-0.0924,-0.2884,0.1867,0.3274,-0.0048,-1.1655,15.4010,0.2874,0.6659,1,0,0,0,0,4.1901
65.4492,167.8217,0.0864,96.3480,0.0009,0.0034,-0.0002,0.0009,0.0000,196.2975,-0.0764,-0.2923,0.1867,0.3274,-0.0042,-0.6928,8.1108,0.2874,0.6659,1,0,0,0,0,3.7842
65.5105,167.8219,0.0864,96.3480,0.0009,0.0034,-0.0002,0.0009,0.0000,196.2931,-0.0722,-0.2942,0.1867,0.3274,-0.0039,-0.4502,3.9579,0.2874,0.6659,1,0,0,0,0,3.5533
65.5714,167.8220,0.0864,96.3480,0.0009,0.0034,-0.0002,0.0009,0.0000,196.2876,-0.0892,-0.2942,0.1867,0.3274,-0.0097,-0.3323,1.9345,0.2874,0.6659,1,0,0,0,0,3.4418
65.6322,167.8222,0.0864,96.3480,0.0009,0.0034,-0.0002,0.0009,0.0000,196.2812,-0.1055,-0.2942,0.1867,0.3274,-0.0279,-0.7963,7.6411,0.2874,0.6659,1,0,0,0,0,3.7597
65.6975,167.8224,0.0864,96.3480,0.0009,0.0034,-0.0002,0.0009,0.0000,196.2685,-0.1942,-0.2942,0.1867,0.3274,-0.1856,-1.4305,9.7021,0.2874,0.6659,1,0,0,0,0,3.8792
65.7521,167.8225,0.0864,96.3480,0.0009,0.0034,-0.0002,0.0009,0.0000,196.2085,-1.0994,-0.2942,0.1867,0.3274,-0.6500,-13.6184,223.3301,0.2874,0.6659,1,0,0,0,0,13.3905
65.8041,167.8227,0.0864,96.3480,0.0009,0.0034,-0.0002,0.0009,0.0000,196.1160,-1.7794,-0.2942,0.1867,0.3274,-0.8496,-29.0325,296.3270,0.2874,0.6659,1,0,0,0,0,13.4282
65.8661,167.8228,0.0864,96.3480,0.0009,0.0034,-0.0002,0.0009,0.0000,196.0094,-1.7187,-0.2942,0.1867,0.3274,-0.9353,-42.0218,209.4909,0.2874,0.6659,1,0,0,0,0,13.4249
65.9229,167.8230,0.0864,96.3480,0.0009,0.0034,-0.0002,0.0009,0.0000,195.8739,-2.3866,-0.2942,0.1867,0.3274,-0.9765,-50.1851,143.8157,0.2874,0.6659,1,0,0,0,0,11.4517
65.9842,167.8232,0.0864,96.3480,0.0009,0.0034,-0.0002,0.0009,0.0000,195.7584,-1.8835,-0.2942,0.1867,0.3274,-0.9899,-54.9482,77.6894,0.2874,0.6659,1,0,0,0,0,7.7501
66.0426,167.8233,0.0864,96.3480,0.0009,0.0034,-0.0002,0.0009,0.0000,195.6420,-1.9953,-0.2942,0.1867,0.3274,-0.9957,-57.4064,42.1171,0.2874,0.6659,1,0,0,0,0,5.7801
66.0927,167.8235,0.0864,96.3480,0.0009,0.0034,-0.0002,0.0009,0.0000,195.5252,-2.3317,-0.2942,0.1867,0.3274,-0.9981,-58.5473,22.7707,0.2874,0.6659,1,0,0,0,0,4.7239
66.1521,167.8236,0.0864,96.3480,0.0009,0.0034,-0.0002,0.0009,0.0000,195.4082,-1.9692,-0.2903,0.1867,0.3274,-0.9992,-59.2773,12.2874,0.2874,0.6659,1,0,0,0,0,4.1214
66.2372,167.8239,0.0864,96.3480,0.0009,0.0034,-0.0002,0.0009,0.0000,195.2208,-2.2012,-0.2806,0.1867,0.3274,-0.9998,-59.6324,4.1718,0.2874,0.6659,1,0,0,0,0,3.6834
66.2910,167.8240,0.0864,96.3480,0.0009,0.0034,-0.0002,0.0009,0.0000,195.1037,-2.1751,-0.2630,0.1867,0.3274,-0.9999,-59.8829,4.6532,0.2874,0.6659,1,0,0,0,0,3.7087
66.3480,167.8242,0.0864,96.3480,0.0009,0.0034,-0.0002,0.0009,0.0000,194.9866,-2.0543,-0.2454,0.1867,0.3274,-1.0000,-59.9442,1.0752,0.2874,0.6659,1,0,0,0,0,3.5032
66.4008,167.8243,0.0864,96.3480,0.0009,0.0034,-0.0002,0.0009,0.0000,194.8695,-2.2214,-0.2336,0.1867,0.3274,-1.0000,-59.9695,0.4800,0.2874,0.6659,1,0,0,0,0,3.4794
66.4616,167.8245,0.0864,96.3480,0.0009,0.0034,-0.0002,0.0009,0.0000,194.7814,-1.4488,-0.2161,0.1867,0.3274,-0.6113,-54.4952,90.0516,0.2874,0.6659,1,0,0,0,0,8.4127
66.5169,167.8246,0.0864,96.3480,0.0009,0.0034,-0.0002,0.0009,0.0000,194.7223,-1.0688,-0.2004,0.1867,0.3274,-0.4186,-43.2255,203.7722,0.2874,0.6659,1,0,0,0,0,13.3888
66.5734,167.8248,0.0864,96.3480,0.0009,0.0034,-0.0002,0.0009,0.0000,194.6795,-0.7561,-0.1828,0.1867,0.3274,-0.3018,-31.7048,203.5905,0.2874,0.6659,1,0,0,0,0,13.3714
66.6267,167.8249,0.0864,96.3480,0.0009,0.0034,-0.0002,0.0009,0.0000,194.6464,-0.6212,-0.1672,0.1867,0.3274,-0.2314,-24.3542,138.0324,0.2874,0.6659,1,0,0,0,0,11.0324
66.6818,167.8251,0.0864,96.3480,0.0009,0.0034,-0.0002,0.0009,0.0000,194.6199,-0.4821,-0.1496,0.1867,0.3274,-0.1796,-18.1869,111.9915,0.2874,0.6659,1,0,0,0,0,9.5779
66.7431,167.8253,0.0864,96.3480,0.0009,0.0034,-0.0002,0.0009,0.0000,194.5984,-0.3501,-0.1339,0.1867,0.3274,-0.1385,-13.5595,75.5049,0.2874,0.6659,1,0,0,0,0,7.5435
66.8013,167.8254,0.0864,96.3480,0.0009,0.0034,-0.0002,0.0009,0.0000,194.5786,-0.3403,-0.1144,0.1867,0.3274,-0.0920,-10.0450,60.2943,0.2874,0.6659,1,0,0,0,0,6.6980
66.8538,167.8255,0.0864,96.3480,0.0009,0.0034,-0.0002,0.0009,0.0000,194.5694,-0.1770,-0.1007,0.1867,0.3274,-0.0514,-7.3259,51.8776,0.2874,0.6659,1,0,0,0,0,6.2213
66.9132,167.8257,0.0864,96.3480,0.0009,0.0034,-0.0002,0.0009,0.0000,194.5606,-0.1479,-0.0890,0.1867,0.3274,-0.0187,-4.4912,47.7020,0.2874,0.6659,1,0,0,0,0,5.9877
66.9715,167.8259,0.0864,96.3480,0.0009,0.0034,-0.0002,0.0009,0.0000,194.5553,-0.0906,-0.0792,0.1867,0.3274,-0.0080,-2.5404,33.4670,0.2874,0.6659,1,0,0,0,0,5.1937
67.0237,167.8260,0.0864,96.3480,0.0009,0.0034,-0.0002,0.0009,0.0000,194.5508,-0.0864,-0.0753,0.1867,0.3274,-0.0034,-1.4686,20.5145,0.2874,0.6659,1,0,0,0,0,4.4739
67.0874,167.8262,0.0864,96.3480,0.0009,0.0034,-0.0002,0.0009,0.0000,194.5466,-0.0661,-0.0714,0.1867,0.3274,-0.0015,-0.7747,10.8936,0.2874,0.6659,1,0,0,0,0,3.9382
67.1436,167.8264,0.0864,96.3480,0.0009,0.0034,-0.0002,0.0009,0.0000,194.5425,-0.0727,-0.0714,0.1867,0.3274,-0.0006,-0.3620,7.3394,0.2874,0.6659,1,0,0,0,0,3.7412
67.2039,167.8265,0.0864,96.3480,0.0009,0.0034,-0.0002,0.0009,0.0000,194.5378,-0.0780,-0.0694,0.1867,0.3274,0.0048,-0.1903,2.8504,0.2874,0.6659,1,0,0,0,0,3.4921
67.2581,167.8267,0.0864,96.3480,0.0009,0.0034,-0.0002,0.0009,0.0000,194.5355,-0.0417,-0.0694,0.1867,0.3274,0.0204,0.2895,8.8567,0.2874,0.6659,1,0,0,0,0,3.8237
67.3116,167.8268,0.0864,96.3480,0.0009,0.0034,-0.0002,0.0009,0.0000,194.5344,-0.0217,-0.0694,0.1867,0.3274,0.0271,0.8550,10.5721,0.2874,0.6659,1,0,0,0,0,3.9179
67.3700,167.8270,0.0864,96.3480,0.0009,0.0034,-0.0002,0.0009,0.0000,194.5337,-0.0120,-0.0694,0.1867,0.3274,0.0300,1.3084,7.7556,0.2874,0.6659,1,0,0,0,0,3.7609
67.4204,167.8271,0.0864,96.3480,0.0009,0.0034,-0.0002,0.0009,0.0000,194.5333,-0.0079,-0.0694,0.1867,0.3274,0.0311,1.5547,4.8883,0.2874,0.6659,1,0,0,0,0,3.6014
67.4751,167.8273,0.0864,96.3480,0.0009,0.0034,-0.0002,0.0009,0.0000,194.5329,-0.0073,-0.0694,0.1867,0.3274,0.0317,1.7216,3.0521,0.2874,0.6659,1,0,0,0,0,3.4993
67.5343,167.8274,0.0864,96.3480,0.0009,0.0034,-0.0002,0.0009,0.0000,194.5324,-0.0082,-0.0694,0.1867,0.3274,0.0320,1.8221,1.6972,0.2874,0.6659,1,0,0,0,0,3.4241
67.5857,167.8276,0.0864,96.3480,0.0009,0.0034,-0.0002,0.0009,0.0000,194.5322,-0.0048,-0.0694,0.1867,0.3274,0.0321,1.8744,1.0187,0.2874,0.6659,1,0,0,0,0,3.3862
67.6375,167.8277,0.0864,96.3480,0.0009,0.0034,-0.0002,0.0009,0.0000,194.5318,-0.0059,-0.0694,0.1867,0.3274,0.0321,1.8981,0.4564,0.2874,0.6659,1,0,0,0,0,3.3551
67.6958,167.8279,0.0864,96.3480,0.0009,0.0034,-0.0002,0.0009,0.0000,194.5315,-0.0052,-0.0694,0.1867,0.3274,0.0322,1.9140,0.2734,0.2874,0.6659,1,0,0,0,0,3.3449
67.7469,167.8280,0.0864,96.3480,0.0009,0.0034,-0.0002,0.0009,0.0000,194.5312,-0.0060,-0.0694,0.1867,0.3274,0.0322,1.9214,0.1453,0.2874,0.6659,1,0,0,0,0,3.3378
67.8002,167.8282,0.0864,96.3480,0.0009,0.0034,-0.0002,0.0009,0.0000,194.5295,-0.0320,-0.0812,0.1867,0.3274,0.0138,1.6488,5.1105,0.2874,0.6659,1,0,0,0,0,3.6151
67.8553,167.8283,0.0864,96.3480,0.0009,0.0034,-0.0002,0.0009,0.0000,194.5265,-0.0543,-0.0929,0.1867,0.3274,0.0059,1.1521,9.0180,0.2874,0.6659,1,0,0,0,0,3.8334
67.9127,167.8285,0.0864,96.3480,0.0009,0.0034,-0.0002,0.0009,0.0000,194.5229,-0.0622,-0.1066,0.1867,0.3274,0.0026,0.6895,8.0624,0.2874,0.6659,1,0,0,0,0,3.7807
67.9720,167.8286,0.0864,96.3480,0.0009,0.0034,-0.0002,0.0009,0.0000,194.5175,-0.0925,-0.1203,0.1867,0.3274,-0.0281,0.0727,10.3904,0.2874,0.6659,1,0,0,0,0,3.9118
68.0310,167.8288,0.0864,96.3480,0.0009,0.0034,-0.0002,0.0009,0.0000,194.5080,-0.1605,-0.1359,0.1867,0.3274,-0.0627,-1.4062,25.0821,0.2874,0.6659,1,0,0,0,0,4.7317
68.0824,167.8289,0.0864,96.3480,0.0009,0.0034,-0.0002,0.0009,0.0000,194.4947,-0.2596,-0.1515,0.1867,0.3274,-0.0962,-2.9977,30.9827,0.2874,0.6659,1,0,0,0,0,5.0651
68.1427,167.8291,0.0864,96.3480,0.0009,0.0034,-0.0002,0.0009,0.0000,194.4776,-0.2833,-0.1691,0.1867,0.3274,-0.1305,-5.0137,33.4134,0.2874,0.6659,1,0,0,0,0,5.2014
68.1931,167.8292,0.0864,96.3480,0.0009,0.0034,-0.0002,0.0009,0.0000,194.4565,-0.4178,-0.1828,0.1867,0.3274,-0.1645,-6.8153,35.7462,0.2874,0.6659,1,0,0,0,0,5.3385
68.2528,167.8294,0.0864,96.3480,0.0009,0.0034,-0.0002,0.0009,0.0000,194.4319,-0.4134,-0.1945,0.1867,0.3274,-0.1946,-8.9166,35.2297,0.2874,0.6659,1,0,0,0,0,5.3095
68.3115,167.8296,0.0864,96.3480,0.0009,0.0034,-0.0002,0.0009,0.0000,194.3979,-0.5784,-0.2102,0.1867,0.3274,-0.2298,-10.9642,34.8366,0.2874,0.6659,1,0,0,0,0,5.2969
68.3631,167.8297,0.0864,96.3480,0.0009,0.0034,-0.0002,0.0009,0.0000,194.3725,-0.4913,-0.2219,0.1867,0.3274,-0.2543,-12.5962,31.6531,0.2874,0.6659,1,0,0,0,0,5.1152
68.4221,167.8299,0.0864,96.3480,0.0009,0.0034,-0.0002,0.0009,0.0000,194.3305,-0.7127,-0.2356,0.1867,0.3274,-0.2881,-14.5336,32.8346,0.2874,0.6659,1,0,0,0,0,5.1931
68.4723,167.8300,0.0864,96.3480,0.0009,0.0034,-0.0002,0.0009,0.0000,194.2999,-0.6096,-0.2473,0.1867,0.3274,-0.3121,-16.0958,31.1144,0.2874,0.6659,1,0,0,0,0,5.0918
68.5319,167.8302,0.0864,96.3480,0.0009,0.0034,-0.0002,0.0009,0.0000,194.2503,-0.8315,-0.2610,0.1867,0.3274,-0.3426,-17.9562,31.2134,0.2874,0.6659,1,0,0,0,0,5.1096
68.5916,167.8303,0.0864,96.3480,0.0009,0.0034,-0.0002,0.0009,0.0000,194.2057,-0.7458,-0.2728,0.1867,0.3274,-0.3694,-19.6981,29.1551,0.2874,0.6659,1,0,0,0,0,4.9905
68.6527,167.8305,0.0864,96.3480,0.0009,0.0034,-0.0002,0.0009,0.0000,194.1582,-0.7789,-0.2845,0.1867,0.3274,-0.3956,-21.4153,28.1310,0.2874,0.6659,1,0,0,0,0,4.9355
68.7118,167.8307,0.0864,96.3480,0.0009,0.0034,-0.0002,0.0009,0.0000,194.0972,-1.0315,-0.2981,0.1867,0.3274,-0.4264,-23.0933,28.3871,0.2874,0.6659,1,0,0,0,0,4.9637
68.7698,167.8308,0.0864,96.3480,0.0009,0.0034,-0.0002,0.0009,0.0000,194.0433,-0.9295,-0.3099,0.1867,0.3274,-0.4515,-24.7376,28.3582,0.2874,0.6659,1,0,0,0,0,4.9565
68.8216,167.8310,0.0864,96.3480,0.0009,0.0034,-0.0002,0.0009,0.0000,193.9867,-1.0939,-0.3197,0.1867,0.3274,-0.4747,-26.1381,27.0457,0.2874,0.6659,1,0,0,0,0,4.8927
68.8729,167.8311,0.0864,96.3480,0.0009,0.0034,-0.0002,0.0009,0.0000,193.9396,-0.9168,-0.3275,0.1867,0.3274,-0.4915,-27.4840,26.2213,0.2874,0.6659,1,0,0,0,0,4.8370
68.9327,167.8313,0.0864,96.3480,0.0009,0.0034,-0.0002,0.0009,0.0000,193.8665,-1.2229,-0.3333,0.1867,0.3274,-0.5112,-28.8599,23.0107,0.2874,0.6659,1,0,0,0,0,4.6757
68.9917,167.8314,0.0864,96.3480,0.0009,0.0034,-0.0002,0.0009,0.0000,193.8035,-1.0672,-0.3392,0.1867,0.3274,-0.5276,-30.0509,20.1796,0.2874,0.6659,1,0,0,0,0,4.5097
69.0436,167.8316,0.0864,96.3480,0.0009,0.0034,-0.0002,0.0009,0.0000,193.7390,-1.2441,-0.3431,0.1867,0.3274,-0.5393,-31.0051,18.4018,0.2874,0.6659,1,0,0,0,0,4.4208
69.0959,167.8317,0.0864,96.3480,0.0009,0.0034,-0.0002,0.0009,0.0000,193.6866,-1.0015,-0.3451,0.1867,0.3274,-0.5468,-31.8317,15.7888,0.2874,0.6659,1,0,0,0,0,4.2622
69.1490,167.8319,0.0864,96.3480,0.0009,0.0034,-0.0002,0.0009,0.0000,193.6204,-1.2460,-0.3451,0.1867,0.3274,-0.5512,-32.3498,9.7518,0.2874,0.6659,1,0,0,0,0,3.9404
69.2087,167.8320,0.0864,96.3480,0.0009,0.0034,-0.0002,0.0009,0.0000,193.5406,-1.3371,-0.3451,0.1867,0.3274,-0.5533,-32.7729,7.0913,0.2874,0.6659,1,0,0,0,0,3.7976
69.2630,167.8322,0.0864,96.3480,0.0009,0.0034,-0.0002,0.0009,0.0000,193.4873,-0.9817,-0.3451,0.1867,0.3274,-0.5539,-32.9961,4.1133,0.2874,0.6659,1,0,0,0,0,3.6124
69.3222,167.8324,0.0864,96.3480,0.0009,0.0034,-0.0002,0.0009,0.0000,193.4073,-1.3507,-0.3451,0.1867,0.3274,-0.5543,-33.1309,2.2746,0.2874,0.6659,1,0,0,0,0,3.5308
69.3796,167.8325,0.0864,96.3480,0.0009,0.0034,-0.0002,0.0009,0.0000,193.3406,-1.1613,-0.3451,0.1867,0.3274,-0.5544,-33.1947,1.1118,0.2874,0.6659,1,0,0,0,0,3.4557
69.4351,167.8327,0.0864,96.3480,0.0009,0.0034,-0.0002,0.0009,0.0000,193.2741,-1.1999,-0.3392,0.1867,0.3274,-0.5509,-33.2205,0.4644,0.2874,0.6659,1,0,0,0,0,3.4218
69.4871,167.8328,0.0864,96.3480,0.0009,0.0034,-0.0002,0.0009,0.0000,193.2085,-1.2619,-0.3314,0.1867,0.3274,-0.5397,-33.0097,4.0555,0.2874,0.6659,1,0,0,0,0,3.6248
69.5376,167.8329,0.0864,96.3480,0.0009,0.0034,-0.0002,0.0009,0.0000,193.1573,-1.0141,-0.3197,0.1867,0.3274,-0.5244,-32.5227,9.6426,0.2874,0.6659,1,0,0,0,0,3.9214
69.5968,167.8331,0.0864,96.3480,0.0009,0.0034,-0.0002,0.0009,0.0000,193.0954,-1.0438,-0.3079,0.1867,0.3274,-0.5017,-31.6267,15.1270,0.2874,0.6659,1,0,0,0,0,4.2277
69.6554,167.8333,0.0864,96.3480,0.0009,0.0034,-0.0002,0.0009,0.0000,193.0253,-1.1965,-0.2903,0.1867,0.3274,-0.4663,-30.3071,22.5241,0.2874,0.6659,1,0,0,0,0,4.6472
69.7060,167.8334,0.0864,96.3480,0.0009,0.0034,-0.0002,0.0009,0.0000,192.9814,-0.8688,-0.2747,0.1867,0.3274,-0.4404,-28.8705,28.4009,0.2874,0.6659,1,0,0,0,0,4.9555
69.7655,167.8336,0.0864,96.3480,0.0009,0.0034,-0.0002,0.0009,0.0000,192.9201,-1.0300,-0.2571,0.1867,0.3274,-0.3992,-26.9630,32.0624,0.2874,0.6659,1,0,0,0,0,5.1678
69.8264,167.8337,0.0864,96.3480,0.0009,0.0034,-0.0002,0.0009,0.0000,192.8736,-0.7640,-0.2336,0.1867,0.3274,-0.3599,-24.7069,37.0094,0.2874,0.6659,1,0,0,0,0,5.4279
69.8778,167.8339,0.0864,96.3480,0.0009,0.0034,-0.0002,0.0009,0.0000,192.8322,-0.8052,-0.2102,0.1867,0.3274,-0.3123,-22.6023,40.9525,0.2874,0.6659,1,0,0,0,0,5.6492
69.9379,167.8340,0.0864,96.3480,0.0009,0.0034,-0.0002,0.0009,0.0000,192.7961,-0.6010,-0.1867,0.1867,0.3274,-0.2649,-19.8631,45.6026,0.2874,0.6659,1,0,0,0,0,5.8962
69.9946,167.8342,0.0864,96.3480,0.0009,0.0034,-0.0002,0.0009,0.0000,192.7654,-0.5415,-0.1633,0.1867,0.3274,-0.2165,-17.0026,50.4009,0.2874,0.6659,1,0,0,0,0,6.1595
70.0467,167.8343,0.0864,96.3480,0.0009,0.0034,-0.0002,0.0009,0.0000,192.7405,-0.4782,-0.1417,0.1867,0.3274,-0.1647,-14.4652,48.7306,0.2874,0.6659,1,0,0,0,0,6.0632
70.0978,167.8345,0.0864,96.3480,0.0009,0.0034,-0.0002,0.0009,0.0000,192.7211,-0.3783,-0.1203,0.1867,0.3274,-0.1172,-11.6022,55.9758,0.2874,0.6659,1,0,0,0,0,6.4602
70.1546,167.8346,0.0864,96.3480,0.0009,0.0034,-0.0002,0.0009,0.0000,192.7083,-0.2271,-0.0968,0.1867,0.3274,-0.0546,-8.2156,59.7094,0.2874,0.6659,1,0,0,0,0,6.6592
70.2156,167.8348,0.0864,96.3480,0.0009,0.0034,-0.0002,0.0009,0.0000,192.7005,-0.1281,-0.0753,0.1867,0.3274,-0.0235,-5.1121,50.8808,0.2874,0.6659,1,0,0,0,0,6.1632
70.2767,167.8350,0.0864,96.3480,0.0009,0.0034,-0.0002,0.0009,0.0000,192.6966,-0.0629,-0.0459,0.1867,0.3274,0.0270,-2.3835,44.6159,0.2874,0.6659,1,0,0,0,0,5.8115
70.3277,167.8351,0.0864,96.3480,0.0009,0.0034,-0.0002,0.0009,0.0000,192.6976,0.0197,-0.0245,0.1867,0.3274,0.0582,-0.0855,45.0286,0.2874,0.6659,1,0,0,0,0,5.8321
70.3860,167.8353,0.0864,96.3480,0.0009,0.0034,-0.0002,0.0009,0.0000,192.7042,0.1127,-0.0029,0.1867,0.3274,0.1005,2.4270,43.1455,0.2874,0.6659,1,0,0,0,0,5.7326
70.4378,167.8354,0.0864,96.3480,0.0009,0.0034,-0.0002,0.0009,0.0000,192.7117,0.1441,0.0166,0.1867,0.3274,0.1278,4.4946,39.9172,0.2874,0.6659,1,0,0,0,0,5.5550
70.4967,167.8356,0.0864,96.3480,0.0009,0.0034,-0.0002,0.0009,0.0000,192.7275,0.2696,0.0381,0.1867,0.3274,0.1682,6.7124,37.6405,0.2874,0.6659,1,0,0,0,0,5.4355
70.5557,167.8357,0.0864,96.3480,0.0009,0.0034,-0.0002,0.0009,0.0000,192.7451,0.2975,0.0674,0.1867,0.3274,0.2051,8.9873,38.5326,0.2874,0.6659,1,0,0,0,0,5.4866
70.6165,167.8359,0.0864,96.3480,0.0009,0.0034,-0.0002,0.0009,0.0000,192.7667,0.3561,0.0870,0.1867,0.3274,0.2401,11.2990,38.0709,0.2874,0.6659,1,0,0,0,0,5.4642
70.6670,167.8360,0.0864,96.3480,0.0009,0.0034,-0.0002,0.0009,0.0000,192.7922,0.5041,0.1085,0.1867,0.3274,0.2728,13.2004,37.6574,0.2874,0.6659,1,0,0,0,0,5.4495
70.7253,167.8362,0.0864,96.3480,0.0009,0.0034,-0.0002,0.0009,0.0000,192.8214,0.4999,0.1280,0.1867,0.3274,0.3061,15.2921,35.8194,0.2874,0.6659,1,0,0,0,0,5.3471
70.7767,167.8363,0.0864,96.3480,0.0009,0.0034,-0.0002,0.0009,0.0000,192.8542,0.6387,0.1456,0.1867,0.3274,0.3366,17.1496,36.1818,0.2874,0.6659,1,0,0,0,0,5.3750
70.8354,167.8365,0.0864,96.3480,0.0009,0.0034,-0.0002,0.0009,0.0000,192.8906,0.6199,0.1691,0.1867,0.3274,0.3701,19.1821,34.6075,0.2874,0.6659,1,0,0,0,0,5.2864
70.8867,167.8366,0.0864,96.3480,0.0009,0.0034,-0.0002,0.0009,0.0000,192.9306,0.7800,0.1886,0.1867,0.3274,0.4016,21.0370,36.1362,0.2874,0.6659,1,0,0,0,0,5.3803
70.9369,167.8368,0.0864,96.3480,0.0009,0.0034,-0.0002,0.0009,0.0000,192.9651,0.6890,0.2023,0.1867,0.3274,0.4251,22.7562,34.3023,0.2874,0.6659,1,0,0,0,0,5.2733
70.9978,167.8370,0.0864,96.3480,0.0009,0.0034,-0.0002,0.0009,0.0000,193.0207,0.9120,0.2199,0.1867,0.3274,0.4574,24.7311,32.4015,0.2874,0.6659,1,0,0,0,0,5.1801
71.0575,167.8371,0.0864,96.3480,0.0009,0.0034,-0.0002,0.0009,0.0000,193.0704,0.8319,0.2375,0.1867,0.3274,0.4844,26.4962,29.5736,0.2874,0.6659,1,0,0,0,0,5.0186
71.1075,167.8372,0.0864,96.3480,0.0009,0.0034,-0.0002,0.0009,0.0000,193.1229,1.0503,0.2532,0.1867,0.3274,0.5092,28.0745,31.5355,0.2874,0.6659,1,0,0,0,0,5.1397
71.1672,167.8374,0.0864,96.3480,0.0009,0.0034,-0.0002,0.0009,0.0000,193.1784,0.9306,0.2708,0.1867,0.3274,0.5355,29.7550,28.1895,0.2874,0.6659,1,0,0,0,0,4.9472
71.2245,167.8376,0.0864,96.3480,0.0009,0.0034,-0.0002,0.0009,0.0000,193.2368,1.0189,0.2883,0.1867,0.3274,0.5609,31.3995,28.7013,0.2874,0.6659,1,0,0,0,0,4.9805
71.2772,167.8377,0.0864,96.3480,0.0009,0.0034,-0.0002,0.0009,0.0000,193.2981,1.1615,0.3001,0.1867,0.3274,0.5862,32.8419,27.3323,0.2874,0.6659,1,0,0,0,0,4.9124
71.3380,167.8379,0.0864,96.3480,0.0009,0.0034,-0.0002,0.0009,0.0000,193.3617,1.0471,0.3079,0.1867,0.3274,0.6040,34.3722,25.1952,0.2874,0.6659,1,0,0,0,0,4.7873
71.3964,167.8381,0.0864,96.3480,0.0009,0.0034,-0.0002,0.0009,0.0000,193.4403,1.3446,0.3138,0.1867,0.3274,0.6196,35.5909,20.8528,0.2874,0.6659,1,0,0,0,0,4.5626
71.4574,167.8382,0.0864,96.3480,0.0009,0.0034,-0.0002,0.0009,0.0000,193.5071,1.0950,0.3177,0.1867,0.3274,0.6290,36.5874,16.3267,0.2874,0.6659,1,0,0,0,0,4.2972
71.5166,167.8384,0.0864,96.3480,0.0009,0.0034,-0.0002,0.0009,0.0000,193.5747,1.1427,0.3177,0.1867,0.3274,0.6336,37.2947,11.9632,0.2874,0.6659,1,0,0,0,0,4.0575
71.5784,167.8385,0.0864,96.3480,0.0009,0.0034,-0.0002,0.0009,0.0000,193.6562,1.3184,0.3177,0.1867,0.3274,0.6357,37.7232,6.9333,0.2874,0.6659,1,0,0,0,0,3.7878
71.6316,167.8387,0.0864,96.3480,0.0009,0.0034,-0.0002,0.0009,0.0000,193.7242,1.2775,0.3177,0.1867,0.3274,0.6365,37.9436,4.1367,0.2874,0.6659,1,0,0,0,0,3.6302
71.6893,167.8389,0.0864,96.3480,0.0009,0.0034,-0.0002,0.0009,0.0000,193.7923,1.1794,0.3177,0.1867,0.3274,0.6368,38.0662,2.1245,0.2874,0.6659,1,0,0,0,0,3.5129
71.7460,167.8390,0.0864,96.3480,0.0009,0.0034,-0.0002,0.0009,0.0000,193.8601,1.1973,0.3079,0.1867,0.3274,0.6320,38.1123,0.8135,0.2874,0.6659,1,0,0,0,0,3.4411
71.7975,167.8392,0.0864,96.3480,0.0009,0.0034,-0.0002,0.0009,0.0000,193.9270,1.2988,0.2962,0.1867,0.3274,0.6205,37.8878,4.3630,0.2874,0.6659,1,0,0,0,0,3.6439
71.8553,167.8393,0.0864,96.3480,0.0009,0.0034,-0.0002,0.0009,0.0000,193.9920,1.1261,0.2825,0.1867,0.3274,0.6026,37.2913,10.3252,0.2874,0.6659,1,0,0,0,0,3.9656
71.9057,167.8394,0.0864,96.3480,0.0009,0.0034,-0.0002,0.0009,0.0000,194.0424,0.9994,0.2688,0.1867,0.3274,0.5848,36.4482,16.7216,0.2874,0.6659,1,0,0,0,0,4.3139
71.9649,167.8396,0.0864,96.3480,0.0009,0.0034,-0.0002,0.0009,0.0000,194.1146,1.2193,0.2434,0.1867,0.3274,0.5524,35.3078,19.2630,0.2874,0.6659,1,0,0,0,0,4.4673
72.0252,167.8398,0.0864,96.3480,0.0009,0.0034,-0.0002,0.0009,0.0000,194.1711,0.9371,0.2180,0.1867,0.3274,0.5214,33.6338,27.7633,0.2874,0.6659,1,0,0,0,0,4.9238
72.0863,167.8399,0.0864,96.3480,0.0009,0.0034,-0.0002,0.0009,0.0000,194.2335,1.0200,0.1886,0.1867,0.3274,0.4759,31.6569,32.3257,0.2874,0.6659,1,0,0,0,0,5.1819
72.1377,167.8401,0.0864,96.3480,0.0009,0.0034,-0.0002,0.0009,0.0000,194.2716,0.7428,0.1632,0.1867,0.3274,0.4433,29.7934,36.2982,0.2874,0.6659,1,0,0,0,0,5.3872
72.1920,167.8402,0.0864,96.3480,0.0009,0.0034,-0.0002,0.0009,0.0000,194.3149,0.7978,0.1378,0.1867,0.3274,0.4015,27.5571,41.1847,0.2874,0.6659,1,0,0,0,0,5.6617
72.2422,167.8404,0.0864,96.3480,0.0009,0.0034,-0.0002,0.0009,0.0000,194.3539,0.7764,0.1163,0.1867,0.3274,0.3643,25.4377,42.2239,0.2874,0.6659,1,0,0,0,0,5.7183
72.3021,167.8405,0.0864,96.3480,0.0009,0.0034,-0.0002,0.0009,0.0000,194.3886,0.5795,0.0929,0.1867,0.3274,0.3267,22.9230,41.9829,0.2874,0.6659,1,0,0,0,0,5.6939
72.3624,167.8407,0.0864,96.3480,0.0009,0.0034,-0.0002,0.0009,0.0000,194.4248,0.5998,0.0635,0.1867,0.3274,0.2823,20.4993,40.1983,0.2874,0.6659,1,0,0,0,0,5.5959
72.4181,167.8409,0.0864,96.3480,0.0009,0.0034,-0.0002,0.0009,0.0000,194.4499,0.4509,0.0361,0.1867,0.3274,0.2411,18.0385,44.1223,0.2874,0.6659,1,0,0,0,0,5.8057
72.4708,167.8410,0.0864,96.3480,0.0009,0.0034,-0.0002,0.0009,0.0000,194.4669,0.3218,0.0166,0.1867,0.3274,0.2107,15.9890,38.9055,0.2874,0.6659,1,0,0,0,0,5.5087
72.5220,167.8411,0.0864,96.3480,0.0009,0.0034,-0.0002,0.0009,0.0000,194.4841,0.3370,-0.0069,0.1867,0.3274,0.1723,13.8447,41.8734,0.2874,0.6659,1,0,0,0,0,5.6744
72.5790,167.8413,0.0864,96.3480,0.0009,0.0034,-0.0002,0.0009,0.0000,194.4971,0.2281,-0.0342,0.1867,0.3274,0.1337,11.3281,44.1445,0.2874,0.6659,1,0,0,0,0,5.7945
72.6310,167.8414,0.0864,96.3480,0.0009,0.0034,-0.0002,0.0009,0.0000,194.5056,0.1621,-0.0557,0.1867,0.3274,0.0935,9.3406,38.2493,0.2874,0.6659,1,0,0,0,0,5.4633
72.6820,167.8416,0.0864,96.3480,0.0009,0.0034,-0.0002,0.0009,0.0000,194.5089,0.0646,-0.0792,0.1867,0.3274,0.0557,7.0597,44.7072,0.2874,0.6659,1,0,0,0,0,5.8167
72.7414,167.8418,0.0864,96.3480,0.0009,0.0034,-0.0002,0.0009,0.0000,194.5085,-0.0062,-0.1066,0.1867,0.3274,0.0202,4.4177,44.4643,0.2874,0.6659,1,0,0,0,0,5.8000
72.8011,167.8419,0.0864,96.3480,0.0009,0.0034,-0.0002,0.0009,0.0000,194.5030,-0.0920,-0.1339,0.1867,0.3274,-0.0357,2.0106,40.3153,0.2874,0.6659,1,0,0,0,0,5.5742
72.8612,167.8421,0.0864,96.3480,0.0009,0.0034,-0.0002,0.0009,0.0000,194.4880,-0.2483,-0.1613,0.1867,0.3274,-0.1015,-1.2507,54.2529,0.2874,0.6659,1,0,0,0,0,6.3572
72.9129,167.8422,0.0864,96.3480,0.0009,0.0034,-0.0002,0.0009,0.0000,194.4731,-0.2883,-0.1828,0.1867,0.3274,-0.1462,-4.4438,61.8122,0.2874,0.6659,1,0,0,0,0,6.7794
72.9692,167.8424,0.0864,96.3480,0.0009,0.0034,-0.0002,0.0009,0.0000,194.4491,-0.4273,-0.2043,0.1867,0.3274,-0.1975,-7.6311,56.6311,0.2874,0.6659,1,0,0,0,0,6.4993
73.0215,167.8425,0.0864,96.3480,0.0009,0.0034,-0.0002,0.0009,0.0000,194.4190,-0.5737,-0.2297,0.1867,0.3274,-0.2510,-10.2347,49.7390,0.2874,0.6659,1,0,0,0,0,6.1245
73.0717,167.8427,0.0864,96.3480,0.0009,0.0034,-0.0002,0.0009,0.0000,194.3833,-0.7114,-0.2493,0.1867,0.3274,-0.2996,-13.0732,56.5510,0.2874,0.6659,1,0,0,0,0,6.5106
73.1314,167.8428,0.0864,96.3480,0.0009,0.0034,-0.0002,0.0009,0.0000,194.3420,-0.6921,-0.2747,0.1867,0.3274,-0.3502,-16.3127,54.2557,0.2874,0.6659,1,0,0,0,0,6.3820
73.1924,167.8430,0.0864,96.3480,0.0009,0.0034,-0.0002,0.0009,0.0000,194.2954,-0.7640,-0.2962,0.1867,0.3274,-0.3951,-19.5674,53.3926,0.2874,0.6659,1,0,0,0,0,6.3381
73.2525,167.8432,0.0864,96.3480,0.0009,0.0034,-0.0002,0.0009,0.0000,194.2327,-1.0437,-0.3177,0.1867,0.3274,-0.4483,-22.6177,50.7365,0.2874,0.6659,1,0,0,0,0,6.2060
73.3111,167.8433,0.0864,96.3480,0.0009,0.0034,-0.0002,0.0009,0.0000,194.1751,-0.9828,-0.3333,0.1867,0.3274,-0.4891,-25.4266,47.9643,0.2874,0.6659,1,0,0,0,0,6.0487
73.3658,167.8435,0.0864,96.3480,0.0009,0.0034,-0.0002,0.0009,0.0000,194.1133,-1.1301,-0.3490,0.1867,0.3274,-0.5262,-27.6604,40.7889,0.2874,0.6659,1,0,0,0,0,5.6582
73.4216,167.8436,0.0864,96.3480,0.0009,0.0034,-0.0002,0.0009,0.0000,194.0477,-1.1747,-0.3568,0.1867,0.3274,-0.5541,-30.1954,45.4470,0.2874,0.6659,1,0,0,0,0,5.9195
73.4796,167.8438,0.0864,96.3480,0.0009,0.0034,-0.0002,0.0009,0.0000,193.9799,-1.1707,-0.3588,0.1867,0.3274,-0.5705,-32.1754,34.1534,0.2874,0.6659,1,0,0,0,0,5.2918
73.5395,167.8439,0.0864,96.3480,0.0009,0.0034,-0.0002,0.0009,0.0000,193.8969,-1.3848,-0.3588,0.1867,0.3274,-0.5793,-33.4311,20.9554,0.2874,0.6659,1,0,0,0,0,4.5705
73.5966,167.8441,0.0864,96.3480,0.0009,0.0034,-0.0002,0.0009,0.0000,193.8272,-1.2216,-0.3588,0.1867,0.3274,-0.5821,-34.1481,12.5658,0.2874,0.6659,1,0,0,0,0,4.0953
73.6562,167.8443,0.0864,96.3480,0.0009,0.0034,-0.0002,0.0009,0.0000,193.7572,-1.1734,-0.3588,0.1867,0.3274,-0.5833,-34.5867,7.3577,0.2874,0.6659,1,0,0,0,0,3.8033
73.7156,167.8444,0.0864,96.3480,0.0009,0.0034,-0.0002,0.0009,0.0000,193.6732,-1.4134,-0.3588,0.1867,0.3274,-0.5839,-34.8173,3.8773,0.2874,0.6659,1,0,0,0,0,3.6233
73.7756,167.8446,0.0864,96.3480,0.0009,0.0034,-0.0002,0.0009,0.0000,193.6032,-1.1675,-0.3588,0.1867,0.3274,-0.5841,-34.9376,2.0066,0.2874,0.6659,1,0,0,0,0,3.5057
73.8292,167.8447,0.0864,96.3480,0.0009,0.0034,-0.0002,0.0009,0.0000,193.5331,-1.3090,-0.3588,0.1867,0.3274,-0.5842,-34.9936,1.0450,0.2874,0.6659,1,0,0,0,0,3.4602
73.8804,167.8449,0.0864,96.3480,0.0009,0.0034,-0.0002,0.0009,0.0000,193.4770,-1.0950,-0.3588,0.1867,0.3274,-0.5842,-35.0215,0.5448,0.2874,0.6659,1,0,0,0,0,3.4205
73.9401,167.8450,0.0864,96.3480,0.0009,0.0034,-0.0002,0.0009,0.0000,193.3929,-1.4077,-0.3588,0.1867,0.3274,-0.5842,-35.0384,0.2837,0.2874,0.6659,1,0,0,0,0,3.4233
73.9906,167.8452,0.0864,96.3480,0.0009,0.0034,-0.0002,0.0009,0.0000,193.3368,-1.1116,-0.3588,0.1867,0.3274,-0.5842,-35.0467,0.1631,0.2874,0.6659,1,0,0,0,0,3.4002
74.0493,167.8453,0.0864,96.3480,0.0009,0.0034,-0.0002,0.0009,0.0000,193.2527,-1.4328,-0.3588,0.1867,0.3274,-0.5842,-35.0508,0.0703,0.2874,0.6659,1,0,0,0,0,3.4129
74.1003,167.8455,0.0864,96.3480,0.0009,0.0034,-0.0002,0.0009,0.0000,193.1966,-1.1009,-0.3588,0.1867,0.3274,-0.5842,-35.0527,0.0386,0.2874,0.6659,1,0,0,0,0,3.3927
74.1540,167.8456,0.0864,96.3480,0.0009,0.0034,-0.0002,0.0009,0.0000,193.1269,-1.2959,-0.3509,0.1867,0.3274,-0.5773,-34.9733,1.4781,0.2874,0.6659,1,0,0,0,0,3.4835
74.2139,167.8458,0.0864,96.3480,0.0009,0.0034,-0.0002,0.0009,0.0000,193.0587,-1.1391,-0.3373,0.1867,0.3274,-0.5603,-34.5687,6.7533,0.2874,0.6659,1,0,0,0,0,3.7678
74.2648,167.8459,0.0864,96.3480,0.0009,0.0034,-0.0002,0.0009,0.0000,192.9931,-1.2901,-0.3216,0.1867,0.3274,-0.5339,-33.7879,15.3527,0.2874,0.6659,1,0,0,0,0,4.2540
74.3160,167.8461,0.0864,96.3480,0.0009,0.0034,-0.0002,0.0009,0.0000,192.9307,-1.2187,-0.3060,0.1867,0.3274,-0.5031,-32.5251,24.6725,0.2874,0.6659,1,0,0,0,0,4.7678
74.3775,167.8463,0.0864,96.3480,0.0009,0.0034,-0.0002,0.0009,0.0000,192.8720,-0.9528,-0.2923,0.1867,0.3274,-0.4703,-31.0124,24.5723,0.2874,0.6659,1,0,0,0,0,4.7474
74.4320,167.8464,0.0864,96.3480,0.0009,0.0034,-0.0002,0.0009,0.0000,192.8174,-1.0029,-0.2728,0.1867,0.3274,-0.4333,-28.8533,39.5968,0.2874,0.6659,1,0,0,0,0,5.5849
74.4852,167.8465,0.0864,96.3480,0.0009,0.0034,-0.0002,0.0009,0.0000,192.7667,-0.9528,-0.2571,0.1867,0.3274,-0.3987,-27.0571,33.7813,0.2874,0.6659,1,0,0,0,0,5.2590
74.5398,167.8467,0.0864,96.3480,0.0009,0.0034,-0.0002,0.0009,0.0000,192.7203,-0.8493,-0.2375,0.1867,0.3274,-0.3588,-25.0308,37.0998,0.2874,0.6659,1,0,0,0,0,5.4377
74.6015,167.8468,0.0864,96.3480,0.0009,0.0034,-0.0002,0.0009,0.0000,192.6786,-0.6760,-0.2180,0.1867,0.3274,-0.3162,-22.4340,42.1085,0.2874,0.6659,1,0,0,0,0,5.7063
74.6527,167.8470,0.0864,96.3480,0.0009,0.0034,-0.0002,0.0009,0.0000,192.6417,-0.7209,-0.2043,0.1867,0.3274,-0.2765,-20.2212,43.1994,0.2874,0.6659,1,0,0,0,0,5.7694
74.7167,167.8472,0.0864,96.3480,0.0009,0.0034,-0.0002,0.0009,0.0000,192.6030,-0.6045,-0.1848,0.1867,0.3274,-0.2310,-17.6503,40.1925,0.2874,0.6659,1,0,0,0,0,5.5959
74.7704,167.8473,0.0864,96.3480,0.0009,0.0034,-0.0002,0.0009,0.0000,192.5754,-0.5138,-0.1652,0.1867,0.3274,-0.1936,-15.0694,48.0655,0.2874,0.6659,1,0,0,0,0,6.0282
74.8218,167.8475,0.0864,96.3480,0.0009,0.0034,-0.0002,0.0009,0.0000,192.5563,-0.3725,-0.1515,0.1867,0.3274,-0.1648,-13.1723,36.9361,0.2874,0.6659,1,0,0,0,0,5.4021
74.8829,167.8476,0.0864,96.3480,0.0009,0.0034,-0.0002,0.0009,0.0000,192.5326,-0.3880,-0.1339,0.1867,0.3274,-0.1217,-10.7619,39.3937,0.2874,0.6659,1,0,0,0,0,5.5395
74.9431,167.8478,0.0864,96.3480,0.0009,0.0034,-0.0002,0.0009,0.0000,192.5166,-0.2649,-0.1261,0.1867,0.3274,-0.0958,-8.4874,37.8185,0.2874,0.6659,1,0,0,0,0,5.4451
75.0054,167.8480,0.0864,96.3480,0.0009,0.0034,-0.0002,0.0009,0.0000,192.5009,-0.2525,-0.1203,0.1867,0.3274,-0.0732,-6.6099,30.1063,0.2874,0.6659,1,0,0,0,0,5.0160
75.0555,167.8481,0.0864,96.3480,0.0009,0.0034,-0.0002,0.0009,0.0000,192.4916,-0.1860,-0.1183,0.1867,0.3274,-0.0654,-5.4335,23.5076,0.2874,0.6659,1,0,0,0,0,4.6457
75.1077,167.8482,0.0864,96.3480,0.0009,0.0034,-0.0002,0.0009,0.0000,192.4807,-0.2080,-0.1164,0.1867,0.3274,-0.0592,-4.5537,16.8476,0.2874,0.6659,1,0,0,0,0,4.2769
75.1673,167.8484,0.0864,96.3480,0.0009,0.0034,-0.0002,0.0009,0.0000,192.4702,-0.1772,-0.1164,0.1867,0.3274,-0.0577,-3.9943,9.3871,0.2874,0.6659,1,0,0,0,0,3.8607
75.2173,167.8486,0.0864,96.3480,0.0009,0.0034,-0.0002,0.0009,0.0000,192.4597,-0.2086,-0.1144,0.1867,0.3274,-0.0563,-3.7398,5.0850,0.2874,0.6659,1,0,0,0,0,3.6235
75.2726,167.8487,0.0864,96.3480,0.0009,0.0034,-0.0002,0.0009,0.0000,192.4496,-0.1835,-0.1144,0.1867,0.3274,-0.0538,-3.5077,4.2027,0.2874,0.6659,1,0,0,0,0,3.5730
75.3360,167.8489,0.0864,96.3480,0.0009,0.0034,-0.0002,0.0009,0.0000,192.4376,-0.1890,-0.1144,0.1867,0.3274,-0.0532,-3.3502,2.4818,0.2874,0.6659,1,0,0,0,0,3.4777
75.3922,167.8490,0.0864,96.3480,0.0009,0.0034,-0.0002,0.0009,0.0000,192.4283,-0.1659,-0.1085,0.1867,0.3274,-0.0356,-3.1886,2.8797,0.2874,0.6659,1,0,0,0,0,3.4986
75.4529,167.8492,0.0864,96.3480,0.0009,0.0034,-0.0002,0.0009,0.0000,192.4225,-0.0945,-0.1007,0.1867,0.3274,-0.0079,-2.1393,17.2812,0.2874,0.6659,1,0,0,0,0,4.2947
75.5134,167.8494,0.0864,96.3480,0.0009,0.0034,-0.0002,0.0009,0.0000,192.4174,-0.0857,-0.0909,0.1867,0.3274,-0.0013,-1.1135,16.9428,0.2874,0.6659,1,0,0,0,0,4.2754
75.5645,167.8495,0.0864,96.3480,0.0009,0.0034,-0.0002,0.0009,0.0000,192.4141,-0.0633,-0.0792,0.1867,0.3274,-0.0004,-0.6208,9.6471,0.2874,0.6659,1,0,0,0,0,3.8688
75.6212,167.8497,0.0864,96.3480,0.0009,0.0034,-0.0002,0.0009,0.0000,192.4107,-0.0603,-0.0675,0.1867,0.3274,0.0159,-0.1488,8.3305,0.2874,0.6659,1,0,0,0,0,3.7955
75.6738,167.8498,0.0864,96.3480,0.0009,0.0034,-0.0002,0.0009,0.0000,192.4108,0.0020,-0.0518,0.1867,0.3274,0.0468,0.8030,18.0709,0.2874,0.6659,1,0,0,0,0,4.3334
75.7329,167.8500,0.0864,96.3480,0.0009,0.0034,-0.0002,0.0009,0.0000,192.4139,0.0514,-0.0342,0.1867,0.3274,0.0721,2.2896,25.1475,0.2874,0.6659,1,0,0,0,0,4.7293
75.7867,167.8501,0.0864,96.3480,0.0009,0.0034,-0.0002,0.0009,0.0000,192.4199,0.1123,-0.0166,0.1867,0.3274,0.0988,3.6515,25.3207,0.2874,0.6659,1,0,0,0,0,4.7423
75.8426,167.8503,0.0864,96.3480,0.0009,0.0034,-0.0002,0.0009,0.0000,192.4288,0.1600,-0.0029,0.1867,0.3274,0.1238,5.3027,29.5464,0.2874,0.6659,1,0,0,0,0,4.9797
75.8945,167.8504,0.0864,96.3480,0.0009,0.0034,-0.0002,0.0009,0.0000,192.4411,0.2362,0.0244,0.1867,0.3274,0.1576,6.6772,26.4671,0.2874,0.6659,1,0,0,0,0,4.8129
75.9461,167.8506,0.0864,96.3480,0.0009,0.0034,-0.0002,0.0009,0.0000,192.4539,0.2473,0.0459,0.1867,0.3274,0.1874,8.5034,35.4072,0.2874,0.6659,1,0,0,0,0,5.3102
75.9976,167.8507,0.0864,96.3480,0.0009,0.0034,-0.0002,0.0009,0.0000,192.4747,0.4044,0.0791,0.1867,0.3274,0.2381,10.5177,39.1428,0.2874,0.6659,1,0,0,0,0,5.5264
76.0534,167.8509,0.0864,96.3480,0.0009,0.0034,-0.0002,0.0009,0.0000,192.5008,0.4681,0.1065,0.1867,0.3274,0.2831,13.4144,51.9107,0.2874,0.6659,1,0,0,0,0,6.2393
76.1041,167.8510,0.0864,96.3480,0.0009,0.0034,-0.0002,0.0009,0.0000,192.5326,0.6267,0.1476,0.1867,0.3274,0.3375,15.8461,47.9442,0.2874,0.6659,1,0,0,0,0,6.0278
76.1562,167.8511,0.0864,96.3480,0.0009,0.0034,-0.0002,0.0009,0.0000,192.5623,0.5695,0.1730,0.1867,0.3274,0.3784,18.2987,47.0885,0.2874,0.6659,1,0,0,0,0,5.9770
76.2089,167.8513,0.0864,96.3480,0.0009,0.0034,-0.0002,0.0009,0.0000,192.6049,0.8089,0.2062,0.1867,0.3274,0.4325,21.6690,63.9655,0.2874,0.6659,1,0,0,0,0,6.9279
76.2592,167.8514,0.0864,96.3480,0.0009,0.0034,-0.0002,0.0009,0.0000,192.6536,0.9683,0.2414,0.1867,0.3274,0.4860,24.2103,50.5081,0.2874,0.6659,1,0,0,0,0,6.1892
76.3164,167.8516,0.0864,96.3480,0.0009,0.0034,-0.0002,0.0009,0.0000,192.7083,0.9565,0.2747,0.1867,0.3274,0.5397,27.6533,60.2187,0.2874,0.6659,1,0,0,0,0,6.7280
76.3679,167.8517,0.0864,96.3480,0.0009,0.0034,-0.0002,0.0009,0.0000,192.7558,0.9231,0.2883,0.1867,0.3274,0.5713,30.5064,55.4097,0.2874,0.6659,1,0,0,0,0,6.4590
76.4182,167.8519,0.0864,96.3480,0.0009,0.0034,-0.0002,0.0009,0.0000,192.8186,1.2477,0.3060,0.1867,0.3274,0.6023,32.7525,44.5987,0.2874,0.6659,1,0,0,0,0,5.8764
76.4704,167.8520,0.0864,96.3480,0.0009,0.0034,-0.0002,0.0009,0.0000,192.8843,1.2571,0.3138,0.1867,0.3274,0.6218,34.6046,35.4751,0.2874,0.6659,1,0,0,0,0,5.3700
76.5274,167.8522,0.0864,96.3480,0.0009,0.0034,-0.0002,0.0009,0.0000,192.9515,1.1785,0.3177,0.1867,0.3274,0.6325,36.2409,28.6972,0.2874,0.6659,1,0,0,0,0,4.9891
76.5803,167.8523,0.0864,96.3480,0.0009,0.0034,-0.0002,0.0009,0.0000,193.0194,1.2855,0.3177,0.1867,0.3274,0.6359,37.0912,16.1011,0.2874,0.6659,1,0,0,0,0,4.2953
76.6303,167.8524,0.0864,96.3480,0.0009,0.0034,-0.0002,0.0009,0.0000,193.0738,1.0876,0.3177,0.1867,0.3274,0.6367,37.5909,9.9823,0.2874,0.6659,1,0,0,0,0,3.9444
76.6902,167.8526,0.0864,96.3480,0.0009,0.0034,-0.0002,0.0009,0.0000,193.1555,1.3652,0.3177,0.1867,0.3274,0.6369,37.9290,5.6463,0.2874,0.6659,1,0,0,0,0,3.7189
76.7437,167.8528,0.0864,96.3480,0.0009,0.0034,-0.0002,0.0009,0.0000,193.2101,1.0178,0.3177,0.1867,0.3274,0.6370,38.0624,2.4905,0.2874,0.6659,1,0,0,0,0,3.5243
76.7981,167.8529,0.0864,96.3480,0.0009,0.0034,-0.0002,0.0009,0.0000,193.2782,1.2530,0.3177,0.1867,0.3274,0.6370,38.1503,1.6170,0.2874,0.6659,1,0,0,0,0,3.4888
76.8505,167.8530,0.0864,96.3480,0.0009,0.0034,-0.0002,0.0009,0.0000,193.3463,1.3014,0.3177,0.1867,0.3274,0.6370,38.1821,0.6074,0.2874,0.6659,1,0,0,0,0,3.4354
76.9030,167.8532,0.0864,96.3480,0.0009,0.0034,-0.0002,0.0009,0.0000,193.4138,1.2846,0.3040,0.1867,0.3274,0.6250,38.1228,1.1278,0.2874,0.6659,1,0,0,0,0,3.4634
76.9595,167.8533,0.0864,96.3480,0.0009,0.0034,-0.0002,0.0009,0.0000,193.4789,1.1530,0.2825,0.1867,0.3274,0.5996,37.5143,10.7750,0.2874,0.6659,1,0,0,0,0,3.9920
77.0245,167.8535,0.0864,96.3480,0.0009,0.0034,-0.0002,0.0009,0.0000,193.5520,1.1236,0.2493,0.1867,0.3274,0.5525,36.1548,20.8998,0.2874,0.6659,1,0,0,0,0,4.5529
77.0840,167.8537,0.0864,96.3480,0.0009,0.0034,-0.0002,0.0009,0.0000,193.6068,0.9206,0.1984,0.1867,0.3274,0.4944,33.6077,42.8179,0.2874,0.6659,1,0,0,0,0,5.7593
77.1359,167.8538,0.0864,96.3480,0.0009,0.0034,-0.0002,0.0009,0.0000,193.6536,0.9035,0.1456,0.1867,0.3274,0.4176,30.7762,54.5947,0.2874,0.6659,1,0,0,0,0,6.4126
77.1902,167.8540,0.0864,96.3480,0.0009,0.0034,-0.0002,0.0009,0.0000,193.6909,0.6864,0.0889,0.1867,0.3274,0.3288,26.9365,70.7333,0.2874,0.6659,1,0,0,0,0,7.2971
77.2425,167.8541,0.0864,96.3480,0.0009,0.0034,-0.0002,0.0009,0.0000,193.7134,0.4292,0.0303,0.1867,0.3274,0.2535,22.3431,87.7660,0.2874,0.6659,1,0,0,0,0,8.2291
77.3004,167.8543,0.0864,96.3480,0.0009,0.0034,-0.0002,0.0009,0.0000,193.7352,0.3767,-0.0127,0.1867,0.3274,0.1592,17.1642,89.4804,0.2874,0.6659,1,0,0,0,0,8.3214
77.3521,167.8544,0.0864,96.3480,0.0009,0.0034,-0.0002,0.0009,0.0000,193.7437,0.1647,-0.0420,0.1867,0.3274,0.1109,12.8653,83.1820,0.2874,0.6659,1,0,0,0,0,7.9597
77.4126,167.8546,0.0864,96.3480,0.0009,0.0034,-0.0002,0.0009,0.0000,193.7498,0.1013,-0.0616,0.1867,0.3274,0.0635,8.6760,69.2079,0.2874,0.6659,1,0,0,0,0,7.1799
77.4718,167.8548,0.0864,96.3480,0.0009,0.0034,-0.0002,0.0009,0.0000,193.7514,0.0266,-0.0675,0.1867,0.3274,0.0425,5.7708,49.0970,0.2874,0.6659,1,0,0,0,0,6.0585
77.5229,167.8549,0.0864,96.3480,0.0009,0.0034,-0.0002,0.0009,0.0000,193.7518,0.0078,-0.0675,0.1867,0.3274,0.0371,4.0264,34.0833,0.2874,0.6659,1,0,0,0,0,5.2233
77.5829,167.8550,0.0864,96.3480,0.0009,0.0034,-0.0002,0.0009,0.0000,193.7519,0.0018,-0.0675,0.1867,0.3274,0.0357,3.0758,15.8573,0.2874,0.6659,1,0,0,0,0,4.2104
77.6344,167.8552,0.0864,96.3480,0.0009,0.0034,-0.0002,0.0009,0.0000,193.7519,0.0009,-0.0675,0.1867,0.3274,0.0353,2.6174,8.8940,0.2874,0.6659,1,0,0,0,0,3.8235
77.6924,167.8554,0.0864,96.3480,0.0009,0.0034,-0.0002,0.0009,0.0000,193.7519,0.0000,-0.0675,0.1867,0.3274,0.0352,2.3546,4.5317,0.2874,0.6659,1,0,0,0,0,3.5811
77.7443,167.8555,0.0864,96.3480,0.0009,0.0034,-0.0002,0.0009,0.0000,193.7519,0.0000,-0.0675,0.1867,0.3274,0.0352,2.2374,2.2585,0.2874,0.6659,1,0,0,0,0,3.4548
77.7947,167.8556,0.0864,96.3480,0.0009,0.0034,-0.0002,0.0009,0.0000,193.7519,0.0000,-0.0675,0.1867,0.3274,0.0352,2.1784,1.1721,0.2874,0.6659,1,0,0,0,0,3.3945
77.8536,167.8558,0.0864,96.3480,0.0009,0.0034,-0.0002,0.0009,0.0000,193.7519,0.0000,-0.0675,0.1867,0.3274,0.0352,2.1437,0.5895,0.2874,0.6659,1,0,0,0,0,3.3621
77.9037,167.8559,0.0864,96.3480,0.0009,0.0034,-0.0002,0.0009,0.0000,193.7519,0.0000,-0.0675,0.1867,0.3274,0.0352,2.1294,0.2833,0.2874,0.6659,1,0,0,0,0,3.3451
77.9543,167.8561,0.0864,96.3480,0.0009,0.0034,-0.0002,0.0009,0.0000,193.7516,-0.0060,-0.0714,0.1867,0.3274,0.0255,2.0901,0.7784,0.2874,0.6659,1,0,0,0,0,3.3729
78.0094,167.8562,0.0864,96.3480,0.0009,0.0034,-0.0002,0.0009,0.0000,193.7491,-0.0465,-0.0870,0.1867,0.3274,0.0065,1.4342,11.9077,0.2874,0.6659,1,0,0,0,0,3.9935
78.0641,167.8564,0.0864,96.3480,0.0009,0.0034,-0.0002,0.0009,0.0000,193.7455,-0.0658,-0.1026,0.1867,0.3274,0.0017,0.8231,11.1735,0.2874,0.6659,1,0,0,0,0,3.9538
78.1189,167.8565,0.0864,96.3480,0.0009,0.0034,-0.0002,0.0009,0.0000,193.7385,-0.1257,-0.1281,0.1867,0.3274,-0.0507,-0.3024,20.5208,0.2874,0.6659,1,0,0,0,0,4.4764
78.1749,167.8567,0.0864,96.3480,0.0009,0.0034,-0.0002,0.0009,0.0000,193.7240,-0.2600,-0.1672,0.1867,0.3274,-0.1219,-2.5167,39.5471,0.2874,0.6659,1,0,0,0,0,5.5409
78.2257,167.8568,0.0864,96.3480,0.0009,0.0034,-0.0002,0.0009,0.0000,193.7015,-0.4418,-0.1965,0.1867,0.3274,-0.1897,-5.8808,66.1668,0.2874,0.6659,1,0,0,0,0,7.0298
78.2798,167.8570,0.0864,96.3480,0.0009,0.0034,-0.0002,0.0009,0.0000,193.6717,-0.5526,-0.2219,0.1867,0.3274,-0.2538,-9.1619,60.7505,0.2874,0.6659,1,0,0,0,0,6.7351
78.3350,167.8571,0.0864,96.3480,0.0009,0.0034,-0.0002,0.0009,0.0000,193.6340,-0.6819,-0.2571,0.1867,0.3274,-0.3244,-13.2566,74.1407,0.2874,0.6659,1,0,0,0,0,7.4862
78.3857,167.8573,0.0864,96.3480,0.0009,0.0034,-0.0002,0.0009,0.0000,193.5983,-0.7046,-0.2884,0.1867,0.3274,-0.3822,-16.9255,72.3368,0.2874,0.6659,1,0,0,0,0,7.3872
78.4371,167.8574,0.0864,96.3480,0.0009,0.0034,-0.0002,0.0009,0.0000,193.5464,-1.0101,-0.3138,0.1867,0.3274,-0.4478,-21.0240,79.7963,0.2874,0.6659,1,0,0,0,0,7.8186
78.4874,167.8575,0.0864,96.3480,0.0009,0.0034,-0.0002,0.0009,0.0000,193.5006,-0.9111,-0.3275,0.1867,0.3274,-0.4853,-24.2137,63.4042,0.2874,0.6659,1,0,0,0,0,6.9024
78.5456,167.8577,0.0864,96.3480,0.0009,0.0034,-0.0002,0.0009,0.0000,193.4261,-1.2783,-0.3412,0.1867,0.3274,-0.5293,-27.5224,56.8020,0.2874,0.6659,1,0,0,0,0,6.5561
78.6047,167.8579,0.0864,96.3480,0.0009,0.0034,-0.0002,0.0009,0.0000,193.3612,-1.0983,-0.3431,0.1867,0.3274,-0.5435,-30.0005,41.9106,0.2874,0.6659,1,0,0,0,0,5.7188
78.6660,167.8580,0.0864,96.3480,0.0009,0.0034,-0.0002,0.0009,0.0000,193.2821,-1.2916,-0.3431,0.1867,0.3274,-0.5490,-31.4864,24.2629,0.2874,0.6659,1,0,0,0,0,4.7491
78.7161,167.8582,0.0864,96.3480,0.0009,0.0034,-0.0002,0.0009,0.0000,193.2292,-1.0564,-0.3431,0.1867,0.3274,-0.5498,-32.2016,14.2766,0.2874,0.6659,1,0,0,0,0,4.1812
78.7663,167.8583,0.0864,96.3480,0.0009,0.0034,-0.0002,0.0009,0.0000,193.1629,-1.3177,-0.3431,0.1867,0.3274,-0.5502,-32.5832,7.5932,0.2874,0.6659,1,0,0,0,0,3.8244
78.8260,167.8585,0.0864,96.3480,0.0009,0.0034,-0.0002,0.0009,0.0000,193.0967,-1.1093,-0.3431,0.1867,0.3274,-0.5503,-32.8082,3.7683,0.2874,0.6659,1,0,0,0,0,3.6003
78.8878,167.8586,0.0864,96.3480,0.0009,0.0034,-0.0002,0.0009,0.0000,193.0173,-1.2862,-0.3431,0.1867,0.3274,-0.5503,-32.9209,1.8245,0.2874,0.6659,1,0,0,0,0,3.5022
78.9470,167.8588,0.0864,96.3480,0.0009,0.0034,-0.0002,0.0009,0.0000,192.9510,-1.1199,-0.3431,0.1867,0.3274,-0.5503,-32.9732,0.8854,0.2874,0.6659,1,0,0,0,0,3.4408
79.0050,167.8590,0.0864,96.3480,0.0009,0.0034,-0.0002,0.0009,0.0000,192.8848,-1.1414,-0.3431,0.1867,0.3274,-0.5503,-32.9961,0.3940,0.2874,0.6659,1,0,0,0,0,3.4147
79.0618,167.8591,0.0864,96.3480,0.0009,0.0034,-0.0002,0.0009,0.0000,192.8186,-1.1648,-0.3431,0.1867,0.3274,-0.5503,-33.0075,0.2011,0.2874,0.6659,1,0,0,0,0,3.4053
79.1167,167.8593,0.0864,96.3480,0.0009,0.0034,-0.0002,0.0009,0.0000,192.7534,-1.1877,-0.3275,0.1867,0.3274,-0.5322,-32.8143,3.5195,0.2874,0.6659,1,0,0,0,0,3.5909
79.1690,167.8594,0.0864,96.3480,0.0009,0.0034,-0.0002,0.0009,0.0000,192.6911,-1.1921,-0.3118,0.1867,0.3274,-0.5022,-32.0617,14.4108,0.2874,0.6659,1,0,0,0,0,4.1962
79.2206,167.8596,0.0864,96.3480,0.0009,0.0034,-0.0002,0.0009,0.0000,192.6442,-0.9087,-0.2903,0.1867,0.3274,-0.4690,-30.7908,24.6062,0.2874,0.6659,1,0,0,0,0,4.7469
79.2802,167.8597,0.0864,96.3480,0.0009,0.0034,-0.0002,0.0009,0.0000,192.5816,-1.0502,-0.2512,0.1867,0.3274,-0.3936,-28.2350,42.8598,0.2874,0.6659,1,0,0,0,0,5.7688
79.3405,167.8599,0.0864,96.3480,0.0009,0.0034,-0.0002,0.0009,0.0000,192.5377,-0.7283,-0.2063,0.1867,0.3274,-0.3173,-24.6775,59.0386,0.2874,0.6659,1,0,0,0,0,6.6498
79.3993,167.8601,0.0864,96.3480,0.0009,0.0034,-0.0002,0.0009,0.0000,192.4989,-0.6598,-0.1594,0.1867,0.3274,-0.2050,-20.1122,77.6015,0.2874,0.6659,1,0,0,0,0,7.6772
79.4501,167.8602,0.0864,96.3480,0.0009,0.0034,-0.0002,0.0009,0.0000,192.4821,-0.3314,-0.1124,0.1867,0.3274,-0.1169,-15.3301,94.2409,0.2874,0.6659,1,0,0,0,0,8.5834
79.5040,167.8603,0.0864,96.3480,0.0009,0.0034,-0.0002,0.0009,0.0000,192.4721,-0.1868,-0.0655,0.1867,0.3274,-0.0208,-9.9548,99.6956,0.2874,0.6659,1,0,0,0,0,8.8784
79.5578,167.8605,0.0864,96.3480,0.0009,0.0034,-0.0002,0.0009,0.0000,192.4710,-0.0193,-0.0303,0.1867,0.3274,0.0538,-4.0813,109.2449,0.2874,0.6659,1,0,0,0,0,9.3996
79.6104,167.8606,0.0864,96.3480,0.0009,0.0034,-0.0002,0.0009,0.0000,192.4764,0.1014,-0.0127,0.1867,0.3274,0.0979,-0.0885,75.8144,0.2874,0.6659,1,0,0,0,0,7.5469
79.6706,167.8608,0.0864,96.3480,0.0009,0.0034,-0.0002,0.0009,0.0000,192.4853,0.1487,-0.0069,0.1867,0.3274,0.1215,3.4640,59.0679,0.2874,0.6659,1,0,0,0,0,6.6192
79.7313,167.8610,0.0864,96.3480,0.0009,0.0034,-0.0002,0.0009,0.0000,192.4980,0.2082,-0.0049,0.1867,0.3274,0.1307,5.7164,37.1127,0.2874,0.6659,1,0,0,0,0,5.4028
79.7816,167.8611,0.0864,96.3480,0.0009,0.0034,-0.0002,0.0009,0.0000,192.5068,0.1750,-0.0029,0.1867,0.3274,0.1335,6.7395,20.3366,0.2874,0.6659,1,0,0,0,0,4.4689
79.8419,167.8613,0.0864,96.3480,0.0009,0.0034,-0.0002,0.0009,0.0000,192.5181,0.1875,-0.0029,0.1867,0.3274,0.1354,7.4606,11.9599,0.2874,0.6659,1,0,0,0,0,4.0042
79.8993,167.8614,0.0864,96.3480,0.0009,0.0034,-0.0002,0.0009,0.0000,192.5312,0.2288,-0.0108,0.1867,0.3274,0.1287,7.7305,4.6958,0.2874,0.6659,1,0,0,0,0,3.6030
79.9499,167.8616,0.0864,96.3480,0.0009,0.0034,-0.0002,0.0009,0.0000,192.5394,0.1621,-0.0127,0.1867,0.3274,0.1238,7.6618,1.3598,0.2874,0.6659,1,0,0,0,0,3.4139
80.0031,167.8617,0.0864,96.3480,0.0009,0.0034,-0.0002,0.0009,0.0000,192.5493,0.1856,-0.0127,0.1867,0.3274,0.1215,7.5045,2.9564,0.2874,0.6659,1,0,0,0,0,3.5039
80.0535,167.8618,0.0864,96.3480,0.0009,0.0034,-0.0002,0.0009,0.0000,192.5591,0.1951,-0.0088,0.1867,0.3274,0.1235,7.4001,2.0691,0.2874,0.6659,1,0,0,0,0,3.4552
80.1174,167.8620,0.0864,96.3480,0.0009,0.0034,-0.0002,0.0009,0.0000,192.5701,0.1714,0.0049,0.1867,0.3274,0.1380,7.5627,2.5473,0.2874,0.6659,1,0,0,0,0,3.4804
80.1739,167.8622,0.0864,96.3480,0.0009,0.0034,-0.0002,0.0009,0.0000,192.5832,0.2320,0.0283,0.1867,0.3274,0.1616,8.2706,12.5278,0.2874,0.6659,1,0,0,0,0,4.0382
80.2247,167.8623,0.0864,96.3480,0.0009,0.0034,-0.0002,0.0009,0.0000,192.6004,0.3391,0.0596,0.1867,0.3274,0.2055,9.4613,23.4176,0.2874,0.6659,1,0,0,0,0,4.6492
80.2766,167.8625,0.0864,96.3480,0.0009,0.0034,-0.0002,0.0009,0.0000,192.6229,0.4328,0.0929,0.1867,0.3274,0.2527,11.4650,38.6098,0.2874,0.6659,1,0,0,0,0,5.4984
80.3359,167.8626,0.0864,96.3480,0.0009,0.0034,-0.0002,0.0009,0.0000,192.6518,0.4878,0.1398,0.1867,0.3274,0.3160,14.1810,45.8166,0.2874,0.6659,1,0,0,0,0,5.9018
80.3956,167.8628,0.0864,96.3480,0.0009,0.0034,-0.0002,0.0009,0.0000,192.6880,0.6069,0.1828,0.1867,0.3274,0.3818,17.7599,59.9559,0.2874,0.6659,1,0,0,0,0,6.6940
80.4460,167.8629,0.0864,96.3480,0.0009,0.0034,-0.0002,0.0009,0.0000,192.7319,0.8696,0.2219,0.1867,0.3274,0.4486,21.2902,69.9825,0.2874,0.6659,1,0,0,0,0,7.2656
80.4973,167.8631,0.0864,96.3480,0.0009,0.0034,-0.0002,0.0009,0.0000,192.7823,0.9825,0.2493,0.1867,0.3274,0.5014,24.3656,59.9306,0.2874,0.6659,1,0,0,0,0,6.7134
80.5540,167.8632,0.0864,96.3480,0.0009,0.0034,-0.0002,0.0009,0.0000,192.8385,0.9917,0.2766,0.1867,0.3274,0.5490,28.1371,66.5148,0.2874,0.6659,1,0,0,0,0,7.0797
80.6066,167.8634,0.0864,96.3480,0.0009,0.0034,-0.0002,0.0009,0.0000,192.8865,0.9126,0.2883,0.1867,0.3274,0.5730,30.9610,53.7680,0.2874,0.6659,1,0,0,0,0,6.3672
80.6576,167.8635,0.0864,96.3480,0.0009,0.0034,-0.0002,0.0009,0.0000,192.9493,1.2330,0.3021,0.1867,0.3274,0.5998,33.0298,40.5734,0.2874,0.6659,1,0,0,0,0,5.6519
80.7080,167.8636,0.0864,96.3480,0.0009,0.0034,-0.0002,0.0009,0.0000,193.0010,1.0256,0.3040,0.1867,0.3274,0.6096,34.6117,31.3728,0.2874,0.6659,1,0,0,0,0,5.1293
80.7661,167.8638,0.0864,96.3480,0.0009,0.0034,-0.0002,0.0009,0.0000,193.0797,1.3526,0.3060,0.1867,0.3274,0.6167,35.7860,20.1885,0.2874,0.6659,1,0,0,0,0,4.5261
80.8184,167.8640,0.0864,96.3480,0.0009,0.0034,-0.0002,0.0009,0.0000,193.1324,1.0095,0.3060,0.1867,0.3274,0.6180,36.3738,11.2533,0.2874,0.6659,1,0,0,0,0,4.0106
80.8751,167.8641,0.0864,96.3480,0.0009,0.0034,-0.0002,0.0009,0.0000,193.2117,1.3956,0.3060,0.1867,0.3274,0.6186,36.6531,4.9209,0.2874,0.6659,1,0,0,0,0,3.6803
80.9295,167.8642,0.0864,96.3480,0.0009,0.0034,-0.0002,0.0009,0.0000,193.2645,0.9725,0.3060,0.1867,0.3274,0.6186,36.9438,5.3486,0.2874,0.6659,1,0,0,0,0,3.6805
80.9818,167.8644,0.0864,96.3480,0.0009,0.0034,-0.0002,0.0009,0.0000,193.3298,1.2483,0.2903,0.1867,0.3274,0.6058,36.8791,1.2382,0.2874,0.6659,1,0,0,0,0,3.4675
81.0444,167.8646,0.0864,96.3480,0.0009,0.0034,-0.0002,0.0009,0.0000,193.4054,1.2086,0.2747,0.1867,0.3274,0.5821,36.3084,9.1128,0.2874,0.6659,1,0,0,0,0,3.9028
81.1001,167.8647,0.0864,96.3480,0.0009,0.0034,-0.0002,0.0009,0.0000,193.4652,1.0719,0.2414,0.1867,0.3274,0.5470,35.0530,22.5263,0.2874,0.6659,1,0,0,0,0,4.6404
81.1513,167.8649,0.0864,96.3480,0.0009,0.0034,-0.0002,0.0009,0.0000,193.5095,0.8671,0.2160,0.1867,0.3274,0.5111,33.5934,28.5316,0.2874,0.6659,1,0,0,0,0,4.9626
81.2130,167.8651,0.0864,96.3480,0.0009,0.0034,-0.0002,0.0009,0.0000,193.5694,0.9685,0.1808,0.1867,0.3274,0.4527,31.0546,41.0986,0.2874,0.6659,1,0,0,0,0,5.6664
81.2646,167.8652,0.0864,96.3480,0.0009,0.0034,-0.0002,0.0009,0.0000,193.6132,0.8507,0.1476,0.1867,0.3274,0.4018,28.6653,46.3340,0.2874,0.6659,1,0,0,0,0,5.9507
81.3193,167.8653,0.0864,96.3480,0.0009,0.0034,-0.0002,0.0009,0.0000,193.6512,0.6932,0.1163,0.1867,0.3274,0.3499,25.7888,52.5613,0.2874,0.6659,1,0,0,0,0,6.2879
81.3749,167.8655,0.0864,96.3480,0.0009,0.0034,-0.0002,0.0009,0.0000,193.6832,0.5757,0.0811,0.1867,0.3274,0.2974,22.5840,57.6378,0.2874,0.6659,1,0,0,0,0,6.5635
81.4316,167.8656,0.0864,96.3480,0.0009,0.0034,-0.0002,0.0009,0.0000,193.7094,0.4634,0.0479,0.1867,0.3274,0.2463,19.5639,53.3207,0.2874,0.6659,1,0,0,0,0,6.3174
81.4921,167.8658,0.0864,96.3480,0.0009,0.0034,-0.0002,0.0009,0.0000,193.7297,0.3353,0.0127,0.1867,0.3274,0.1927,16.1991,55.6281,0.2874,0.6659,1,0,0,0,0,6.4384
81.5423,167.8659,0.0864,96.3480,0.0009,0.0034,-0.0002,0.0009,0.0000,193.7443,0.2911,-0.0147,0.1867,0.3274,0.1466,13.4202,55.2800,0.2874,0.6659,1,0,0,0,0,6.4167
81.6018,167.8661,0.0864,96.3480,0.0009,0.0034,-0.0002,0.0009,0.0000,193.7539,0.1601,-0.0420,0.1867,0.3274,0.1021,10.3589,51.4820,0.2874,0.6659,1,0,0,0,0,6.1984
81.6622,167.8663,0.0864,96.3480,0.0009,0.0034,-0.0002,0.0009,0.0000,193.7583,0.0740,-0.0714,0.1867,0.3274,0.0516,7.3609,49.6027,0.2874,0.6659,1,0,0,0,0,6.0892
81.7125,167.8664,0.0864,96.3480,0.0009,0.0034,-0.0002,0.0009,0.0000,193.7571,-0.0237,-0.0948,0.1867,0.3274,0.0132,4.7387,52.2029,0.2874,0.6659,1,0,0,0,0,6.2308
81.7710,167.8666,0.0864,96.3480,0.0009,0.0034,-0.0002,0.0009,0.0000,193.7526,-0.0782,-0.1183,0.1867,0.3274,-0.0255,2.2289,42.8785,0.2874,0.6659,1,0,0,0,0,5.7159
81.8313,167.8667,0.0864,96.3480,0.0009,0.0034,-0.0002,0.0009,0.0000,193.7392,-0.2218,-0.1457,0.1867,0.3274,-0.0898,-0.7339,49.1634,0.2874,0.6659,1,0,0,0,0,6.0730
81.8932,167.8669,0.0864,96.3480,0.0009,0.0034,-0.0002,0.0009,0.0000,193.7212,-0.2909,-0.1730,0.1867,0.3274,-0.1472,-4.0443,53.4886,0.2874,0.6659,1,0,0,0,0,6.3171
81.9476,167.8671,0.0864,96.3480,0.0009,0.0034,-0.0002,0.0009,0.0000,193.6967,-0.4489,-0.1984,0.1867,0.3274,-0.2027,-7.2501,58.8746,0.2874,0.6659,1,0,0,0,0,6.6251
82.0063,167.8672,0.0864,96.3480,0.0009,0.0034,-0.0002,0.0009,0.0000,193.6663,-0.5180,-0.2239,0.1867,0.3274,-0.2553,-10.6449,57.8549,0.2874,0.6659,1,0,0,0,0,6.5723
82.0635,167.8674,0.0864,96.3480,0.0009,0.0034,-0.0002,0.0009,0.0000,193.6220,-0.7751,-0.2473,0.1867,0.3274,-0.3148,-13.8859,56.6939,0.2874,0.6659,1,0,0,0,0,6.5221
82.1177,167.8675,0.0864,96.3480,0.0009,0.0034,-0.0002,0.0009,0.0000,193.5880,-0.6274,-0.2669,0.1867,0.3274,-0.3551,-16.6746,51.4159,0.2874,0.6659,1,0,0,0,0,6.2207
82.1738,167.8677,0.0864,96.3480,0.0009,0.0034,-0.0002,0.0009,0.0000,193.5305,-1.0254,-0.2903,0.1867,0.3274,-0.4103,-20.0260,59.7418,0.2874,0.6659,1,0,0,0,0,6.7053
82.2255,167.8678,0.0864,96.3480,0.0009,0.0034,-0.0002,0.0009,0.0000,193.4882,-0.8178,-0.3079,0.1867,0.3274,-0.4453,-22.6748,51.2510,0.2874,0.6659,1,0,0,0,0,6.2221
82.2865,167.8680,0.0864,96.3480,0.0009,0.0034,-0.0002,0.0009,0.0000,193.4194,-1.1271,-0.3275,0.1867,0.3274,-0.4910,-25.5378,46.9313,0.2874,0.6659,1,0,0,0,0,5.9993
82.3425,167.8681,0.0864,96.3480,0.0009,0.0034,-0.0002,0.0009,0.0000,193.3571,-1.1120,-0.3431,0.1867,0.3274,-0.5297,-28.2185,47.8565,0.2874,0.6659,1,0,0,0,0,6.0498
82.3929,167.8683,0.0864,96.3480,0.0009,0.0034,-0.0002,0.0009,0.0000,193.3050,-1.0345,-0.3470,0.1867,0.3274,-0.5475,-30.1807,38.8971,0.2874,0.6659,1,0,0,0,0,5.5478
82.4483,167.8684,0.0864,96.3480,0.0009,0.0034,-0.0002,0.0009,0.0000,193.2381,-1.2064,-0.3490,0.1867,0.3274,-0.5591,-31.6530,26.5782,0.2874,0.6659,1,0,0,0,0,4.8730
82.5095,167.8686,0.0864,96.3480,0.0009,0.0034,-0.0002,0.0009,0.0000,193.1571,-1.3230,-0.3490,0.1867,0.3274,-0.5622,-32.7514,17.9428,0.2874,0.6659,1,0,0,0,0,4.3997
82.5599,167.8687,0.0864,96.3480,0.0009,0.0034,-0.0002,0.0009,0.0000,193.1030,-1.0752,-0.3490,0.1867,0.3274,-0.5628,-33.2291,9.4926,0.2874,0.6659,1,0,0,0,0,3.9165
82.6183,167.8689,0.0864,96.3480,0.0009,0.0034,-0.0002,0.0009,0.0000,193.0219,-1.3891,-0.3451,0.1867,0.3274,-0.5602,-33.5120,4.8432,0.2874,0.6659,1,0,0,0,0,3.6756
82.6787,167.8691,0.0864,96.3480,0.0009,0.0034,-0.0002,0.0009,0.0000,192.9559,-1.0918,-0.3294,0.1867,0.3274,-0.5381,-33.3056,3.4140,0.2874,0.6659,1,0,0,0,0,3.5797
82.7411,167.8692,0.0864,96.3480,0.0009,0.0034,-0.0002,0.0009,0.0000,192.8808,-1.2048,-0.3118,0.1867,0.3274,-0.5034,-32.2243,17.3326,0.2874,0.6659,1,0,0,0,0,4.3592
82.7999,167.8694,0.0864,96.3480,0.0009,0.0034,-0.0002,0.0009,0.0000,192.8223,-0.9945,-0.2962,0.1867,0.3274,-0.4684,-30.7304,25.4100,0.2874,0.6659,1,0,0,0,0,4.7963
82.8603,167.8696,0.0864,96.3480,0.0009,0.0034,-0.0002,0.0009,0.0000,192.7681,-0.8961,-0.2669,0.1867,0.3274,-0.4223,-28.6143,35.0079,0.2874,0.6659,1,0,0,0,0,5.3240
82.9191,167.8697,0.0864,96.3480,0.0009,0.0034,-0.0002,0.0009,0.0000,192.7114,-0.9641,-0.2375,0.1867,0.3274,-0.3543,-25.8662,46.7236,0.2874,0.6659,1,0,0,0,0,5.9787
82.9812,167.8699,0.0864,96.3480,0.0009,0.0034,-0.0002,0.0009,0.0000,192.6718,-0.6388,-0.2004,0.1867,0.3274,-0.2873,-22.4221,55.5408,0.2874,0.6659,1,0,0,0,0,6.4505
83.0390,167.8701,0.0864,96.3480,0.0009,0.0034,-0.0002,0.0009,0.0000,192.6399,-0.5514,-0.1691,0.1867,0.3274,-0.2201,-18.6340,65.4331,0.2874,0.6659,1,0,0,0,0,6.9952
83.0915,167.8702,0.0864,96.3480,0.0009,0.0034,-0.0002,0.0009,0.0000,192.6157,-0.4600,-0.1378,0.1867,0.3274,-0.1513,-14.8968,71.2089,0.2874,0.6659,1,0,0,0,0,7.3110
83.1531,167.8704,0.0864,96.3480,0.0009,0.0034,-0.0002,0.0009,0.0000,192.5972,-0.3013,-0.1026,0.1867,0.3274,-0.0677,-10.4106,72.8372,0.2874,0.6659,1,0,0,0,0,7.3926
83.2130,167.8705,0.0864,96.3480,0.0009,0.0034,-0.0002,0.0009,0.0000,192.5904,-0.1132,-0.0675,0.1867,0.3274,-0.0003,-6.1038,71.9480,0.2874,0.6659,1,0,0,0,0,7.3328
83.2631,167.8707,0.0864,96.3480,0.0009,0.0034,-0.0002,0.0009,0.0000,192.5900,-0.0073,-0.0362,0.1867,0.3274,0.0527,-2.5226,71.4434,0.2874,0.6659,1,0,0,0,0,7.2989
83.3215,167.8708,0.0864,96.3480,0.0009,0.0034,-0.0002,0.0009,0.0000,192.5956,0.0959,-0.0010,0.1867,0.3274,0.1055,1.2907,65.3196,0.2874,0.6659,1,0,0,0,0,6.9636
83.3808,167.8710,0.0864,96.3480,0.0009,0.0034,-0.0002,0.0009,0.0000,192.6070,0.1915,0.0303,0.1867,0.3274,0.1555,4.6117,56.0147,0.2874,0.6659,1,0,0,0,0,6.4519
83.4396,167.8712,0.0864,96.3480,0.0009,0.0034,-0.0002,0.0009,0.0000,192.6278,0.3542,0.0616,0.1867,0.3274,0.2101,8.0631,58.6980,0.2874,0.6659,1,0,0,0,0,6.6100
83.4912,167.8713,0.0864,96.3480,0.0009,0.0034,-0.0002,0.0009,0.0000,192.6457,0.3465,0.0791,0.1867,0.3274,0.2441,10.8336,53.6770,0.2874,0.6659,1,0,0,0,0,6.3307
83.5423,167.8714,0.0864,96.3480,0.0009,0.0034,-0.0002,0.0009,0.0000,192.6720,0.5144,0.1085,0.1867,0.3274,0.2830,13.2209,46.6820,0.2874,0.6659,1,0,0,0,0,5.9514
83.5940,167.8716,0.0864,96.3480,0.0009,0.0034,-0.0002,0.0009,0.0000,192.6960,0.4660,0.1241,0.1867,0.3274,0.3118,15.2690,39.6640,0.2874,0.6659,1,0,0,0,0,5.5588
83.6538,167.8717,0.0864,96.3480,0.0009,0.0034,-0.0002,0.0009,0.0000,192.7368,0.6809,0.1456,0.1867,0.3274,0.3504,17.6276,39.4319,0.2874,0.6659,1,0,0,0,0,5.5579
83.7130,167.8719,0.0864,96.3480,0.0009,0.0034,-0.0002,0.0009,0.0000,192.7746,0.6388,0.1652,0.1867,0.3274,0.3811,19.9877,39.8755,0.2874,0.6659,1,0,0,0,0,5.5802
83.7632,167.8720,0.0864,96.3480,0.0009,0.0034,-0.0002,0.0009,0.0000,192.8155,0.8159,0.1808,0.1867,0.3274,0.4070,21.6749,33.6128,0.2874,0.6659,1,0,0,0,0,5.2421
83.8139,167.8722,0.0864,96.3480,0.0009,0.0034,-0.0002,0.0009,0.0000,192.8502,0.6833,0.1867,0.1867,0.3274,0.4231,23.3262,32.5332,0.2874,0.6659,1,0,0,0,0,5.1747
83.8707,167.8723,0.0864,96.3480,0.0009,0.0034,-0.0002,0.0009,0.0000,192.8948,0.7858,0.1886,0.1867,0.3274,0.4320,24.5844,22.1744,0.2874,0.6659,1,0,0,0,0,4.6049
83.9315,167.8725,0.0864,96.3480,0.0009,0.0034,-0.0002,0.0009,0.0000,192.9490,0.8911,0.1886,0.1867,0.3274,0.4347,25.3249,12.1746,0.2874,0.6659,1,0,0,0,0,4.0552
83.9840,167.8727,0.0864,96.3480,0.0009,0.0034,-0.0002,0.0009,0.0000,192.9942,0.8618,0.1867,0.1867,0.3274,0.4345,25.7055,7.2521,0.2874,0.6659,1,0,0,0,0,3.7801
84.0399,167.8728,0.0864,96.3480,0.0009,0.0034,-0.0002,0.0009,0.0000,193.0386,0.7931,0.1730,0.1867,0.3274,0.4213,25.7454,0.7134,0.2874,0.6659,1,0,0,0,0,3.4131
84.0900,167.8730,0.0864,96.3480,0.0009,0.0034,-0.0002,0.0009,0.0000,193.0727,0.6815,0.1613,0.1867,0.3274,0.4051,25.2942,9.0223,0.2874,0.6659,1,0,0,0,0,3.8685
84.1422,167.8731,0.0864,96.3480,0.0009,0.0034,-0.0002,0.0009,0.0000,193.1129,0.7678,0.1417,0.1867,0.3274,0.3790,24.5386,14.4549,0.2874,0.6659,1,0,0,0,0,4.1751
84.2044,167.8733,0.0864,96.3480,0.0009,0.0034,-0.0002,0.0009,0.0000,193.1497,0.5930,0.1124,0.1867,0.3274,0.3463,23.0719,23.5733,0.2874,0.6659,1,0,0,0,0,4.6719
84.2661,167.8734,0.0864,96.3480,0.0009,0.0034,-0.0002,0.0009,0.0000,193.1878,0.6173,0.0811,0.1867,0.3274,0.2938,20.9713,34.0891,0.2874,0.6659,1,0,0,0,0,5.2575
84.3252,167.8736,0.0864,96.3480,0.0009,0.0034,-0.0002,0.0009,0.0000,193.2139,0.4419,0.0459,0.1867,0.3274,0.2461,18.4634,42.3984,0.2874,0.6659,1,0,0,0,0,5.7094
84.3763,167.8737,0.0864,96.3480,0.0009,0.0034,-0.0002,0.0009,0.0000,193.2342,0.3977,0.0107,0.1867,0.3274,0.1930,15.7992,52.1743,0.2874,0.6659,1,0,0,0,0,6.2500
84.4374,167.8739,0.0864,96.3480,0.0009,0.0034,-0.0002,0.0009,0.0000,193.2489,0.2392,-0.0206,0.1867,0.3274,0.1437,12.8493,48.2645,0.2874,0.6659,1,0,0,0,0,6.0240
84.4968,167.8741,0.0864,96.3480,0.0009,0.0034,-0.0002,0.0009,0.0000,193.2592,0.1746,-0.0538,0.1867,0.3274,0.0884,9.6285,54.1983,0.2874,0.6659,1,0,0,0,0,6.3501
84.5508,167.8742,0.0864,96.3480,0.0009,0.0034,-0.0002,0.0009,0.0000,193.2619,0.0504,-0.0831,0.1867,0.3274,0.0399,6.8470,51.5676,0.2874,0.6659,1,0,0,0,0,6.1970
84.6066,167.8744,0.0864,96.3480,0.0009,0.0034,-0.0002,0.0009,0.0000,193.2588,-0.0558,-0.1124,0.1867,0.3274,-0.0137,3.6992,56.4266,0.2874,0.6659,1,0,0,0,0,6.4673
84.6589,167.8745,0.0864,96.3480,0.0009,0.0034,-0.0002,0.0009,0.0000,193.2518,-0.1336,-0.1378,0.1867,0.3274,-0.0606,1.0031,51.5362,0.2874,0.6659,1,0,0,0,0,6.1999
84.7092,167.8746,0.0864,96.3480,0.0009,0.0034,-0.0002,0.0009,0.0000,193.2368,-0.2994,-0.1613,0.1867,0.3274,-0.1217,-1.9474,58.5944,0.2874,0.6659,1,0,0,0,0,6.6012
84.7705,167.8748,0.0864,96.3480,0.0009,0.0034,-0.0002,0.0009,0.0000,193.2155,-0.3476,-0.1848,0.1867,0.3274,-0.1739,-5.7812,62.5630,0.2874,0.6659,1,0,0,0,0,6.8244
84.8303,167.8750,0.0864,96.3480,0.0009,0.0034,-0.0002,0.0009,0.0000,193.1824,-0.5528,-0.2102,0.1867,0.3274,-0.2316,-9.2077,57.2638,0.2874,0.6659,1,0,0,0,0,6.5414
84.8888,167.8752,0.0864,96.3480,0.0009,0.0034,-0.0002,0.0009,0.0000,193.1494,-0.5648,-0.2278,0.1867,0.3274,-0.2736,-12.3217,53.2631,0.2874,0.6659,1,0,0,0,0,6.3198
84.9412,167.8753,0.0864,96.3480,0.0009,0.0034,-0.0002,0.0009,0.0000,193.1116,-0.7202,-0.2454,0.1867,0.3274,-0.3139,-14.8685,48.5891,0.2874,0.6659,1,0,0,0,0,6.0688
85.0018,167.8755,0.0864,96.3480,0.0009,0.0034,-0.0002,0.0009,0.0000,193.0694,-0.6971,-0.2630,0.1867,0.3274,-0.3533,-17.4613,42.7910,0.2874,0.6659,1,0,0,0,0,5.7454
85.0616,167.8756,0.0864,96.3480,0.0009,0.0034,-0.0002,0.0009,0.0000,193.0139,-0.9287,-0.2728,0.1867,0.3274,-0.3844,-20.0319,43.0322,0.2874,0.6659,1,0,0,0,0,5.7716
85.1210,167.8758,0.0864,96.3480,0.0009,0.0034,-0.0002,0.0009,0.0000,192.9655,-0.8146,-0.2747,0.1867,0.3274,-0.3968,-21.8407,30.4212,0.2874,0.6659,1,0,0,0,0,5.0647
85.1735,167.8759,0.0864,96.3480,0.0009,0.0034,-0.0002,0.0009,0.0000,192.9163,-0.9360,-0.2747,0.1867,0.3274,-0.4003,-22.8645,19.5059,0.2874,0.6659,1,0,0,0,0,4.4650
85.2295,167.8761,0.0864,96.3480,0.0009,0.0034,-0.0002,0.0009,0.0000,192.8670,-0.8810,-0.2747,0.1867,0.3274,-0.4012,-23.5053,11.4399,0.2874,0.6659,1,0,0,0,0,4.0139
85.2817,167.8762,0.0864,96.3480,0.0009,0.0034,-0.0002,0.0009,0.0000,192.8182,-0.9349,-0.2649,0.1867,0.3274,-0.3907,-23.6809,3.3615,0.2874,0.6659,1,0,0,0,0,3.5681
85.3404,167.8764,0.0864,96.3480,0.0009,0.0034,-0.0002,0.0009,0.0000,192.7717,-0.7916,-0.2493,0.1867,0.3274,-0.3640,-23.2299,7.6861,0.2874,0.6659,1,0,0,0,0,3.8004
85.3938,167.8765,0.0864,96.3480,0.0009,0.0034,-0.0002,0.0009,0.0000,192.7286,-0.8092,-0.2356,0.1867,0.3274,-0.3344,-22.1734,19.8113,0.2874,0.6659,1,0,0,0,0,4.4750
85.4535,167.8767,0.0864,96.3480,0.0009,0.0034,-0.0002,0.0009,0.0000,192.6893,-0.6568,-0.2161,0.1867,0.3274,-0.2974,-20.5544,27.0732,0.2874,0.6659,1,0,0,0,0,4.8699
85.5048,167.8768,0.0864,96.3480,0.0009,0.0034,-0.0002,0.0009,0.0000,192.6541,-0.6883,-0.1984,0.1867,0.3274,-0.2613,-18.8004,34.2229,0.2874,0.6659,1,0,0,0,0,5.2689
85.5611,167.8770,0.0864,96.3480,0.0009,0.0034,-0.0002,0.0009,0.0000,192.6244,-0.5270,-0.1691,0.1867,0.3274,-0.2053,-16.3499,43.5393,0.2874,0.6659,1,0,0,0,0,5.7775
85.6127,167.8771,0.0864,96.3480,0.0009,0.0034,-0.0002,0.0009,0.0000,192.6050,-0.3749,-0.1457,0.1867,0.3274,-0.1611,-13.9929,45.6665,0.2874,0.6659,1,0,0,0,0,5.8872
85.6633,167.8773,0.0864,96.3480,0.0009,0.0034,-0.0002,0.0009,0.0000,192.5872,-0.3530,-0.1183,0.1867,0.3274,-0.0985,-10.8945,61.2730,0.2874,0.6659,1,0,0,0,0,6.7530
85.7167,167.8774,0.0864,96.3480,0.0009,0.0034,-0.0002,0.0009,0.0000,192.5761,-0.2069,-0.0909,0.1867,0.3274,-0.0392,-7.7979,57.9990,0.2874,0.6659,1,0,0,0,0,6.5630
85.7706,167.8776,0.0864,96.3480,0.0009,0.0034,-0.0002,0.0009,0.0000,192.5708,-0.0979,-0.0636,0.1867,0.3274,0.0031,-4.4509,62.0849,0.2874,0.6659,1,0,0,0,0,6.7840
85.8248,167.8777,0.0864,96.3480,0.0009,0.0034,-0.0002,0.0009,0.0000,192.5695,-0.0248,-0.0342,0.1867,0.3274,0.0298,-1.8098,48.7288,0.2874,0.6659,1,0,0,0,0,6.0379
85.8840,167.8779,0.0864,96.3480,0.0009,0.0034,-0.0002,0.0009,0.0000,192.5715,0.0335,-0.0049,0.1867,0.3274,0.0627,0.6209,41.0668,0.2874,0.6659,1,0,0,0,0,5.6127
85.9363,167.8780,0.0864,96.3480,0.0009,0.0034,-0.0002,0.0009,0.0000,192.5763,0.0928,0.0186,0.1867,0.3274,0.0872,2.4261,34.5127,0.2874,0.6659,1,0,0,0,0,5.2519
85.9954,167.8782,0.0864,96.3480,0.0009,0.0034,-0.0002,0.0009,0.0000,192.5839,0.1287,0.0479,0.1867,0.3274,0.1117,4.2164,30.2554,0.2874,0.6659,1,0,0,0,0,5.0174
86.0526,167.8783,0.0864,96.3480,0.0009,0.0034,-0.0002,0.0009,0.0000,192.5942,0.1802,0.0752,0.1867,0.3274,0.1355,5.8927,29.3342,0.2874,0.6659,1,0,0,0,0,4.9691
86.1117,167.8785,0.0864,96.3480,0.0009,0.0034,-0.0002,0.0009,0.0000,192.6071,0.2173,0.0968,0.1867,0.3274,0.1572,7.4510,26.3582,0.2874,0.6659,1,0,0,0,0,4.8058
86.1698,167.8787,0.0864,96.3480,0.0009,0.0034,-0.0002,0.0009,0.0000,192.6256,0.3181,0.1163,0.1867,0.3274,0.1800,8.7942,23.1040,0.2874,0.6659,1,0,0,0,0,4.6306
86.2269,167.8788,0.0864,96.3480,0.0009,0.0034,-0.0002,0.0009,0.0000,192.6431,0.3066,0.1339,0.1867,0.3274,0.1956,10.0876,22.6804,0.2874,0.6659,1,0,0,0,0,4.6064
86.2828,167.8790,0.0864,96.3480,0.0009,0.0034,-0.0002,0.0009,0.0000,192.6623,0.3430,0.1456,0.1867,0.3274,0.2095,11.0989,18.0707,0.2874,0.6659,1,0,0,0,0,4.3524
86.3431,167.8791,0.0864,96.3480,0.0009,0.0034,-0.0002,0.0009,0.0000,192.6825,0.3358,0.1476,0.1867,0.3274,0.2157,11.9844,14.6968,0.2874,0.6659,1,0,0,0,0,4.1645
86.4059,167.8793,0.0864,96.3480,0.0009,0.0034,-0.0002,0.0009,0.0000,192.7072,0.3934,0.1496,0.1867,0.3274,0.2183,12.5330,8.7253,0.2874,0.6659,1,0,0,0,0,3.8360
86.4619,167.8795,0.0864,96.3480,0.0009,0.0034,-0.0002,0.0009,0.0000,192.7281,0.3724,0.1496,0.1867,0.3274,0.2194,12.8521,5.7059,0.2874,0.6659,1,0,0,0,0,3.6671
86.5140,167.8796,0.0864,96.3480,0.0009,0.0034,-0.0002,0.0009,0.0000,192.7490,0.4011,0.1496,0.1867,0.3274,0.2197,13.0071,2.9737,0.2874,0.6659,1,0,0,0,0,3.5169
86.5657,167.8798,0.0864,96.3480,0.0009,0.0034,-0.0002,0.0009,0.0000,192.7656,0.3222,0.1437,0.1867,0.3274,0.2178,13.0842,1.4902,0.2874,0.6659,1,0,0,0,0,3.4301
86.6182,167.8799,0.0864,96.3480,0.0009,0.0034,-0.0002,0.0009,0.0000,192.7857,0.3827,0.1300,0.1867,0.3274,0.2085,12.9636,2.2981,0.2874,0.6659,1,0,0,0,0,3.4783
86.6743,167.8801,0.0864,96.3480,0.0009,0.0034,-0.0002,0.0009,0.0000,192.8046,0.3360,0.1144,0.1867,0.3274,0.1965,12.5512,7.3466,0.2874,0.6659,1,0,0,0,0,3.7562
86.7268,167.8802,0.0864,96.3480,0.0009,0.0034,-0.0002,0.0009,0.0000,192.8219,0.3307,0.1007,0.1867,0.3274,0.1829,12.0282,9.9696,0.2874,0.6659,1,0,0,0,0,3.9016
86.7873,167.8804,0.0864,96.3480,0.0009,0.0034,-0.0002,0.0009,0.0000,192.8375,0.2570,0.0772,0.1867,0.3274,0.1657,11.2129,13.4631,0.2874,0.6659,1,0,0,0,0,4.0916
86.8489,167.8805,0.0864,96.3480,0.0009,0.0034,-0.0002,0.0009,0.0000,192.8533,0.2564,0.0518,0.1867,0.3274,0.1415,10.1457,17.3281,0.2874,0.6659,1,0,0,0,0,4.3063
86.9088,167.8807,0.0864,96.3480,0.0009,0.0034,-0.0002,0.0009,0.0000,192.8638,0.1758,0.0264,0.1867,0.3274,0.1199,8.9714,19.6026,0.2874,0.6659,1,0,0,0,0,4.4282
86.9664,167.8809,0.0864,96.3480,0.0009,0.0034,-0.0002,0.0009,0.0000,192.8721,0.1448,0.0068,0.1867,0.3274,0.1012,7.7352,21.4812,0.2874,0.6659,1,0,0,0,0,4.5308
87.0217,167.8810,0.0864,96.3480,0.0009,0.0034,-0.0002,0.0009,0.0000,192.8783,0.1122,-0.0127,0.1867,0.3274,0.0826,6.5965,20.5667,0.2874,0.6659,1,0,0,0,0,4.4782
87.0728,167.8811,0.0864,96.3480,0.0009,0.0034,-0.0002,0.0009,0.0000,192.8826,0.0824,-0.0284,0.1867,0.3274,0.0659,5.5951,19.5982,0.2874,0.6659,1,0,0,0,0,4.4227
87.1231,167.8813,0.0864,96.3480,0.0009,0.0034,-0.0002,0.0009,0.0000,192.8847,0.0422,-0.0420,0.1867,0.3274,0.0539,4.6514,18.7651,0.2874,0.6659,1,0,0,0,0,4.3742
87.1735,167.8814,0.0864,96.3480,0.0009,0.0034,-0.0002,0.0009,0.0000,192.8859,0.0251,-0.0499,0.1867,0.3274,0.0421,3.8230,16.4344,0.2874,0.6659,1,0,0,0,0,4.2438
87.2259,167.8816,0.0864,96.3480,0.0009,0.0034,-0.0002,0.0009,0.0000,192.8862,0.0050,-0.0557,0.1867,0.3274,0.0349,3.0209,15.3167,0.2874,0.6659,1,0,0,0,0,4.1806
87.2781,167.8817,0.0864,96.3480,0.0009,0.0034,-0.0002,0.0009,0.0000,192.8859,-0.0053,-0.0596,0.1867,0.3274,0.0306,2.5351,9.3052,0.2874,0.6659,1,0,0,0,0,3.8466
87.3378,167.8819,0.0864,96.3480,0.0009,0.0034,-0.0002,0.0009,0.0000,192.8850,-0.0148,-0.0616,0.1867,0.3274,0.0272,2.1072,7.1656,0.2874,0.6659,1,0,0,0,0,3.7283
87.3890,167.8820,0.0864,96.3480,0.0009,0.0034,-0.0002,0.0009,0.0000,192.8843,-0.0149,-0.0616,0.1867,0.3274,0.0264,1.8722,4.5887,0.2874,0.6659,1,0,0,0,0,3.5851
87.4417,167.8822,0.0864,96.3480,0.0009,0.0034,-0.0002,0.0009,0.0000,192.8833,-0.0185,-0.0616,0.1867,0.3274,0.0262,1.7242,2.8105,0.2874,0.6659,1,0,0,0,0,3.4865
87.4954,167.8823,0.0864,96.3480,0.0009,0.0034,-0.0002,0.0009,0.0000,192.8823,-0.0182,-0.0616,0.1867,0.3274,0.0261,1.6460,1.4574,0.2874,0.6659,1,0,0,0,0,3.4113
87.5528,167.8825,0.0864,96.3480,0.0009,0.0034,-0.0002,0.0009,0.0000,192.8813,-0.0170,-0.0616,0.1867,0.3274,0.0261,1.6034,0.7418,0.2874,0.6659,1,0,0,0,0,3.3715
87.6133,167.8826,0.0864,96.3480,0.0009,0.0034,-0.0002,0.0009,0.0000,192.8802,-0.0192,-0.0616,0.1867,0.3274,0.0261,1.5817,0.3598,0.2874,0.6659,1,0,0,0,0,3.3504
87.6654,167.8828,0.0864,96.3480,0.0009,0.0034,-0.0002,0.0009,0.0000,192.8794,-0.0152,-0.0616,0.1867,0.3274,0.0261,1.5723,0.1790,0.2874,0.6659,1,0,0,0,0,3.3402
87.7158,167.8829,0.0864,96.3480,0.0009,0.0034,-0.0002,0.0009,0.0000,192.8784,-0.0194,-0.0616,0.1867,0.3274,0.0261,1.5682,0.0819,0.2874,0.6659,1,0,0,0,0,3.3350
87.7716,167.8831,0.0864,96.3480,0.0009,0.0034,-0.0002,0.0009,0.0000,192.8774,-0.0175,-0.0616,0.1867,0.3274,0.0261,1.5657,0.0447,0.2874,0.6659,1,0,0,0,0,3.3328
87.8217,167.8832,0.0864,96.3480,0.0009,0.0034,-0.0002,0.0009,0.0000,192.8766,-0.0159,-0.0616,0.1867,0.3274,0.0261,1.5645,0.0234,0.2874,0.6659,1,0,0,0,0,3.3315
87.8752,167.8834,0.0864,96.3480,0.0009,0.0034,-0.0002,0.0009,0.0000,192.8757,-0.0182,-0.0616,0.1867,0.3274,0.0261,1.5639,0.0116,0.2874,0.6659,1,0,0,0,0,3.3310
87.9337,167.8835,0.0864,96.3480,0.0009,0.0034,-0.0002,0.0009,0.0000,192.8747,-0.0167,-0.0616,0.1867,0.3274,0.0261,1.5636,0.0057,0.2874,0.6659,1,0,0,0,0,3.3306
87.9871,167.8837,0.0864,96.3480,0.0009,0.0034,-0.0002,0.0009,0.0000,192.8737,-0.0183,-0.0616,0.1867,0.3274,0.0261,1.5634,0.0026,0.2874,0.6659,1,0,0,0,0,3.3305
88.0466,167.8838,0.0864,96.3480,0.0009,0.0034,-0.0002,0.0009,0.0000,192.8725,-0.0195,-0.0616,0.1867,0.3274,0.0261,1.5633,0.0014,0.2874,0.6659,1,0,0,0,0,3.3305
88.1001,167.8840,0.0864,96.3480,0.0009,0.0034,-0.0002,0.0009,0.0000,192.8718,-0.0148,-0.0616,0.1867,0.3274,0.0261,1.5633,0.0006,0.2874,0.6659,1,0,0,0,0,3.3302
88.1505,167.8841,0.0864,96.3480,0.0009,0.0034,-0.0002,0.0009,0.0000,192.8708,-0.0194,-0.0616,0.1867,0.3274,0.0261,1.5633,0.0004,0.2874,0.6659,1,0,0,0,0,3.3305
88.2023,167.8842,0.0864,96.3480,0.0009,0.0034,-0.0002,0.0009,0.0000,192.8698,-0.0189,-0.0616,0.1867,0.3274,0.0261,1.5633,0.0002,0.2874,0.6659,1,0,0,0,0,3.3304
88.2622,167.8844,0.0864,96.3480,0.0009,0.0034,-0.0002,0.0009,0.0000,192.8688,-0.0163,-0.0616,0.1867,0.3274,0.0261,1.5633,0.0001,0.2874,0.6659,1,0,0,0,0,3.3303
88.3222,167.8846,0.0864,96.3480,0.0009,0.0034,-0.0002,0.0009,0.0000,192.8678,-0.0163,-0.0616,0.1867,0.3274,0.0261,1.5633,0.0000,0.2874,0.6659,1,0,0,0,0,3.3303
88.3832,167.8847,0.0864,96.3480,0.0009,0.0034,-0.0002,0.0009,0.0000,192.8667,-0.0190,-0.0616,0.1867,0.3274,0.0261,1.5633,0.0000,0.2874,0.6659,1,0,0,0,0,3.3304
88.4433,167.8849,0.0864,96.3480,0.0009,0.0034,-0.0002,0.0009,0.0000,192.8657,-0.0163,-0.0616,0.1867,0.3274,0.0261,1.5633,0.0000,0.2874,0.6659,1,0,0,0,0,3.3303
88.4933,167.8851,0.0864,96.3480,0.0009,0.0034,-0.0002,0.0009,0.0000,192.8647,-0.0195,-0.0616,0.1867,0.3274,0.0261,1.5633,0.0000,0.2874,0.6659,1,0,0,0,0,3.3305
88.5437,167.8852,0.0864,96.3480,0.0009,0.0034,-0.0002,0.0009,0.0000,192.8639,-0.0157,-0.0616,0.1867,0.3274,0.0261,1.5633,0.0000,0.2874,0.6659,1,0,0,0,0,3.3302
88.6094,167.8854,0.0864,96.3480,0.0009,0.0034,-0.0002,0.0009,0.0000,192.8628,-0.0177,-0.0616,0.1867,0.3274,0.0261,1.5633,0.0000,0.2874,0.6659,1,0,0,0,0,3.3304
88.6614,167.8855,0.0864,96.3480,0.0009,0.0034,-0.0002,0.0009,0.0000,192.8618,-0.0188,-0.0616,0.1867,0.3274,0.0261,1.5633,0.0000,0.2874,0.6659,1,0,0,0,0,3.3304
88.7145,167.8857,0.0864,96.3480,0.0009,0.0034,-0.0002,0.0009,0.0000,192.8608,-0.0184,-0.0616,0.1867,0.3274,0.0261,1.5633,0.0000,0.2874,0.6659,1,0,0,0,0,3.3304
88.7650,167.8858,0.0864,96.3480,0.0009,0.0034,-0.0002,0.0009,0.0000,192.8600,-0.0157,-0.0616,0.1867,0.3274,0.0261,1.5633,0.0000,0.2874,0.6659,1,0,0,0,0,3.3302
88.8246,167.8860,0.0864,96.3480,0.0009,0.0034,-0.0002,0.0009,0.0000,192.8589,-0.0195,-0.0616,0.1867,0.3274,0.0261,1.5633,0.0000,0.2874,0.6659,1,0,0,0,0,3.3305
88.8832,167.8861,0.0864,96.3480,0.0009,0.0034,-0.0002,0.0009,0.0000,192.8579,-0.0166,-0.0616,0.1867,0.3274,0.0261,1.5633,0.0000,0.2874,0.6659,1,0,0,0,0,3.3303
88.9350,167.8863,0.0864,96.3480,0.0009,0.0034,-0.0002,0.0009,0.0000,192.8569,-0.0189,-0.0616,0.1867,0.3274,0.0261,1.5633,0.0000,0.2874,0.6659,1,0,0,0,0,3.3304
88.9951,167.8864,0.0864,96.3480,0.0009,0.0034,-0.0002,0.0009,0.0000,192.8559,-0.0162,-0.0616,0.1867,0.3274,0.0261,1.5633,0.0000,0.2874,0.6659,1,0,0,0,0,3.3303
89.0545,167.8866,0.0864,96.3480,0.0009,0.0034,-0.0002,0.0009,0.0000,192.8549,-0.0164,-0.0616,0.1867,0.3274,0.0261,1.5633,0.0000,0.2874,0.6659,1,0,0,0,0,3.3303
89.1139,167.8867,0.0864,96.3480,0.0009,0.0034,-0.0002,0.0009,0.0000,192.8538,-0.0195,-0.0616,0.1867,0.3274,0.0261,1.5633,0.0000,0.2874,0.6659,1,0,0,0,0,3.3305
89.1673,167.8869,0.0864,96.3480,0.0009,0.0034,-0.0002,0.0009,0.0000,192.8528,-0.0183,-0.0616,0.1867,0.3274,0.0261,1.5633,0.0000,0.2874,0.6659,1,0,0,0,0,3.3304
89.2204,167.8871,0.0864,96.3480,0.0009,0.0034,-0.0002,0.0009,0.0000,192.8520,-0.0149,-0.0616,0.1867,0.3274,0.0261,1.5633,0.0000,0.2874,0.6659,1,0,0,0,0,3.3302
89.2801,167.8872,0.0864,96.3480,0.0009,0.0034,-0.0002,0.0009,0.0000,192.8508,-0.0194,-0.0616,0.1867,0.3274,0.0261,1.5633,0.0000,0.2874,0.6659,1,0,0,0,0,3.3304
89.3383,167.8874,0.0864,96.3480,0.0009,0.0034,-0.0002,0.0009,0.0000,192.8499,-0.0168,-0.0616,0.1867,0.3274,0.0261,1.5633,0.0000,0.2874,0.6659,1,0,0,0,0,3.3303
89.3897,167.8875,0.0864,96.3480,0.0009,0.0034,-0.0002,0.0009,0.0000,192.8489,-0.0190,-0.0616,0.1867,0.3274,0.0261,1.5633,0.0000,0.2874,0.6659,1,0,0,0,0,3.3304
89.4484,167.8877,0.0864,96.3480,0.0009,0.0034,-0.0002,0.0009,0.0000,192.8479,-0.0166,-0.0616,0.1867,0.3274,0.0261,1.5633,0.0000,0.2874,0.6659,1,0,0,0,0,3.3303
89.4995,167.8878,0.0864,96.3480,0.0009,0.0034,-0.0002,0.0009,0.0000,192.8472,-0.0143,-0.0518,0.1867,0.3274,0.0309,1.6136,0.9839,0.2874,0.6659,1,0,0,0,0,3.3848
89.5504,167.8880,0.0864,96.3480,0.0009,0.0034,-0.0002,0.0009,0.0000,192.8472,0.0009,-0.0401,0.1867,0.3274,0.0388,1.8105,3.8660,0.2874,0.6659,1,0,0,0,0,3.5442
89.6076,167.8881,0.0864,96.3480,0.0009,0.0034,-0.0002,0.0009,0.0000,192.8484,0.0206,-0.0284,0.1867,0.3274,0.0498,2.2842,8.2895,0.2874,0.6659,1,0,0,0,0,3.7910
89.6594,167.8883,0.0864,96.3480,0.0009,0.0034,-0.0002,0.0009,0.0000,192.8509,0.0489,-0.0147,0.1867,0.3274,0.0621,2.7561,9.1056,0.2874,0.6659,1,0,0,0,0,3.8380
89.7190,167.8884,0.0864,96.3480,0.0009,0.0034,-0.0002,0.0009,0.0000,192.8548,0.0653,0.0029,0.1867,0.3274,0.0750,3.4705,11.9858,0.2874,0.6659,1,0,0,0,0,3.9989
89.7705,167.8886,0.0864,96.3480,0.0009,0.0034,-0.0002,0.0009,0.0000,192.8604,0.1075,0.0186,0.1867,0.3274,0.0898,4.1769,13.7094,0.2874,0.6659,1,0,0,0,0,4.0970
89.8297,167.8887,0.0864,96.3480,0.0009,0.0034,-0.0002,0.0009,0.0000,192.8675,0.1212,0.0342,0.1867,0.3274,0.1042,5.0397,14.5826,0.2874,0.6659,1,0,0,0,0,4.1462
89.8894,167.8889,0.0864,96.3480,0.0009,0.0034,-0.0002,0.0009,0.0000,192.8788,0.1887,0.0635,0.1867,0.3274,0.1281,6.0322,16.6345,0.2874,0.6659,1,0,0,0,0,4.2640
89.9397,167.8890,0.0864,96.3480,0.0009,0.0034,-0.0002,0.0009,0.0000,192.8882,0.1871,0.0870,0.1867,0.3274,0.1460,7.0568,20.3621,0.2874,0.6659,1,0,0,0,0,4.4710
89.9989,167.8892,0.0864,96.3480,0.0009,0.0034,-0.0002,0.0009,0.0000,192.9055,0.2915,0.1124,0.1867,0.3274,0.1729,8.3586,21.9720,0.2874,0.6659,1,0,0,0,0,4.5662
90.0491,167.8893,0.0864,96.3480,0.0009,0.0034,-0.0002,0.0009,0.0000,192.9189,0.2685,0.1319,0.1867,0.3274,0.1905,9.4893,22.5582,0.2874,0.6659,1,0,0,0,0,4.5975
90.1010,167.8895,0.0864,96.3480,0.0009,0.0034,-0.0002,0.0009,0.0000,192.9379,0.3661,0.1535,0.1867,0.3274,0.2112,10.7084,23.4740,0.2874,0.6659,1,0,0,0,0,4.6538
90.1623,167.8896,0.0864,96.3480,0.0009,0.0034,-0.0002,0.0009,0.0000,192.9593,0.3488,0.1769,0.1867,0.3274,0.2323,12.0743,22.2838,0.2874,0.6659,1,0,0,0,0,4.5867
90.2213,167.8898,0.0864,96.3480,0.0009,0.0034,-0.0002,0.0009,0.0000,192.9879,0.4836,0.1984,0.1867,0.3274,0.2538,13.4132,22.6788,0.2874,0.6659,1,0,0,0,0,4.6162
90.2802,167.8900,0.0864,96.3480,0.0009,0.0034,-0.0002,0.0009,0.0000,193.0139,0.4419,0.2160,0.1867,0.3274,0.2713,14.5933,20.0580,0.2874,0.6659,1,0,0,0,0,4.4683
90.3415,167.8901,0.0864,96.3480,0.0009,0.0034,-0.0002,0.0009,0.0000,193.0417,0.4527,0.2336,0.1867,0.3274,0.2867,15.7497,18.8395,0.2874,0.6659,1,0,0,0,0,4.4012
90.4001,167.8903,0.0864,96.3480,0.0009,0.0034,-0.0002,0.0009,0.0000,193.0773,0.6077,0.2493,0.1867,0.3274,0.3037,16.8046,18.0092,0.2874,0.6659,1,0,0,0,0,4.3636
90.4510,167.8904,0.0864,96.3480,0.0009,0.0034,-0.0002,0.0009,0.0000,193.1021,0.4881,0.2590,0.1867,0.3274,0.3128,17.5993,15.6145,0.2874,0.6659,1,0,0,0,0,4.2240
90.5109,167.8906,0.0864,96.3480,0.0009,0.0034,-0.0002,0.0009,0.0000,193.1407,0.6454,0.2668,0.1867,0.3274,0.3234,18.3987,13.3472,0.2874,0.6659,1,0,0,0,0,4.1067
90.5642,167.8907,0.0864,96.3480,0.0009,0.0034,-0.0002,0.0009,0.0000,193.1672,0.4963,0.2727,0.1867,0.3274,0.3287,18.9590,10.5237,0.2874,0.6659,1,0,0,0,0,3.9416
90.6182,167.8909,0.0864,96.3480,0.0009,0.0034,-0.0002,0.0009,0.0000,193.2007,0.6196,0.2747,0.1867,0.3274,0.3325,19.4068,8.2843,0.2874,0.6659,1,0,0,0,0,3.8240
90.6686,167.8910,0.0864,96.3480,0.0009,0.0034,-0.0002,0.0009,0.0000,193.2345,0.6705,0.2747,0.1867,0.3274,0.3340,19.7050,5.9142,0.2874,0.6659,1,0,0,0,0,3.6952
90.7297,167.8912,0.0864,96.3480,0.0009,0.0034,-0.0002,0.0009,0.0000,193.2683,0.5549,0.2747,0.1867,0.3274,0.3344,19.8882,3.0017,0.2874,0.6659,1,0,0,0,0,3.5270
90.7810,167.8913,0.0864,96.3480,0.0009,0.0034,-0.0002,0.0009,0.0000,193.3022,0.6594,0.2747,0.1867,0.3274,0.3345,19.9759,1.7060,0.2874,0.6659,1,0,0,0,0,3.4608
90.8430,167.8915,0.0864,96.3480,0.0009,0.0034,-0.0002,0.0009,0.0000,193.3429,0.6571,0.2747,0.1867,0.3274,0.3346,20.0272,0.8297,0.2874,0.6659,1,0,0,0,0,3.4120
90.8982,167.8917,0.0864,96.3480,0.0009,0.0034,-0.0002,0.0009,0.0000,193.3767,0.6125,0.2688,0.1867,0.3274,0.3324,20.0403,0.2363,0.2874,0.6659,1,0,0,0,0,3.3765
90.9495,167.8918,0.0864,96.3480,0.0009,0.0034,-0.0002,0.0009,0.0000,193.4034,0.5191,0.2590,0.1867,0.3274,0.3266,19.9319,2.1119,0.2874,0.6659,1,0,0,0,0,3.4755
90.9996,167.8919,0.0864,96.3480,0.0009,0.0034,-0.0002,0.0009,0.0000,193.4356,0.6428,0.2434,0.1867,0.3274,0.3144,19.6283,6.0620,0.2874,0.6659,1,0,0,0,0,3.7019
91.0560,167.8921,0.0864,96.3480,0.0009,0.0034,-0.0002,0.0009,0.0000,193.4663,0.5444,0.2277,0.1867,0.3274,0.3010,19.0560,10.1380,0.2874,0.6659,1,0,0,0,0,3.9228
91.1156,167.8923,0.0864,96.3480,0.0009,0.0034,-0.0002,0.0009,0.0000,193.4953,0.4866,0.2082,0.1867,0.3274,0.2845,18.3168,12.4048,0.2874,0.6659,1,0,0,0,0,4.0456
91.1720,167.8924,0.0864,96.3480,0.0009,0.0034,-0.0002,0.0009,0.0000,193.5220,0.4740,0.1789,0.1867,0.3274,0.2623,17.2424,19.0516,0.2874,0.6659,1,0,0,0,0,4.4141
91.2254,167.8926,0.0864,96.3480,0.0009,0.0034,-0.0002,0.0009,0.0000,193.5460,0.4495,0.1535,0.1867,0.3274,0.2379,16.2082,19.3539,0.2874,0.6659,1,0,0,0,0,4.4296
91.2850,167.8927,0.0864,96.3480,0.0009,0.0034,-0.0002,0.0009,0.0000,193.5674,0.3579,0.1241,0.1867,0.3274,0.2136,14.8059,23.5272,0.2874,0.6659,1,0,0,0,0,4.6563
91.3459,167.8929,0.0864,96.3480,0.0009,0.0034,-0.0002,0.0009,0.0000,193.5891,0.3569,0.0929,0.1867,0.3274,0.1829,13.2295,25.9087,0.2874,0.6659,1,0,0,0,0,4.7886
91.3971,167.8930,0.0864,96.3480,0.0009,0.0034,-0.0002,0.0009,0.0000,193.6012,0.2357,0.0674,0.1867,0.3274,0.1610,11.7131,29.5833,0.2874,0.6659,1,0,0,0,0,4.9860
91.4548,167.8932,0.0864,96.3480,0.0009,0.0034,-0.0002,0.0009,0.0000,193.6158,0.2537,0.0322,0.1867,0.3274,0.1300,10.1989,26.2790,0.2874,0.6659,1,0,0,0,0,4.8034
91.5109,167.8933,0.0864,96.3480,0.0009,0.0034,-0.0002,0.0009,0.0000,193.6247,0.1593,0.0068,0.1867,0.3274,0.1039,8.5872,28.7074,0.2874,0.6659,1,0,0,0,0,4.9331
91.5656,167.8935,0.0864,96.3480,0.0009,0.0034,-0.0002,0.0009,0.0000,193.6307,0.1084,-0.0245,0.1867,0.3274,0.0771,7.0141,28.7396,0.2874,0.6659,1,0,0,0,0,4.9320
91.6162,167.8936,0.0864,96.3480,0.0009,0.0034,-0.0002,0.0009,0.0000,193.6332,0.0510,-0.0479,0.1867,0.3274,0.0553,5.6472,27.0599,0.2874,0.6659,1,0,0,0,0,4.8355
91.6727,167.8938,0.0864,96.3480,0.0009,0.0034,-0.0002,0.0009,0.0000,193.6338,0.0100,-0.0714,0.1867,0.3274,0.0301,3.9328,30.3011,0.2874,0.6659,1,0,0,0,0,5.0133
91.7229,167.8939,0.0864,96.3480,0.0009,0.0034,-0.0002,0.0009,0.0000,193.6312,-0.0524,-0.1066,0.1867,0.3274,0.0002,2.5087,28.4064,0.2874,0.6659,1,0,0,0,0,4.9104
91.7852,167.8941,0.0864,96.3480,0.0009,0.0034,-0.0002,0.0009,0.0000,193.6253,-0.0940,-0.1378,0.1867,0.3274,-0.0295,0.7660,27.9579,0.2874,0.6659,1,0,0,0,0,4.8878
91.8445,167.8943,0.0864,96.3480,0.0009,0.0034,-0.0002,0.0009,0.0000,193.6134,-0.2017,-0.1711,0.1867,0.3274,-0.0693,-1.1881,32.9552,0.2874,0.6659,1,0,0,0,0,5.1714
91.8968,167.8944,0.0864,96.3480,0.0009,0.0034,-0.0002,0.0009,0.0000,193.6026,-0.2067,-0.1965,0.1867,0.3274,-0.0946,-2.9388,33.5003,0.2874,0.6659,1,0,0,0,0,5.2020
91.9554,167.8946,0.0864,96.3480,0.0009,0.0034,-0.0002,0.0009,0.0000,193.5822,-0.3469,-0.2219,0.1867,0.3274,-0.1284,-4.9020,33.4566,0.2874,0.6659,1,0,0,0,0,5.2073
92.0057,167.8947,0.0864,96.3480,0.0009,0.0034,-0.0002,0.0009,0.0000,193.5661,-0.3191,-0.2434,0.1867,0.3274,-0.1505,-6.5250,32.2661,0.2874,0.6659,1,0,0,0,0,5.1397
92.0645,167.8949,0.0864,96.3480,0.0009,0.0034,-0.0002,0.0009,0.0000,193.5385,-0.4702,-0.2669,0.1867,0.3274,-0.1803,-8.3097,30.3847,0.2874,0.6659,1,0,0,0,0,5.0435
92.1160,167.8950,0.0864,96.3480,0.0009,0.0034,-0.0002,0.0009,0.0000,193.5181,-0.3976,-0.2845,0.1867,0.3274,-0.1983,-9.7390,27.7537,0.2874,0.6659,1,0,0,0,0,4.8933
92.1761,167.8952,0.0864,96.3480,0.0009,0.0034,-0.0002,0.0009,0.0000,193.4843,-0.5616,-0.3040,0.1867,0.3274,-0.2235,-11.2810,25.6554,0.2874,0.6659,1,0,0,0,0,4.7859
92.2269,167.8953,0.0864,96.3480,0.0009,0.0034,-0.0002,0.0009,0.0000,193.4600,-0.4769,-0.3177,0.1867,0.3274,-0.2386,-12.4650,23.3013,0.2874,0.6659,1,0,0,0,0,4.6504
92.2871,167.8955,0.0864,96.3480,0.0009,0.0034,-0.0002,0.0009,0.0000,193.4212,-0.6454,-0.3353,0.1867,0.3274,-0.2596,-13.7712,21.6822,0.2874,0.6659,1,0,0,0,0,4.5698
92.3467,167.8956,0.0864,96.3480,0.0009,0.0034,-0.0002,0.0009,0.0000,193.3870,-0.5732,-0.3412,0.1867,0.3274,-0.2706,-14.8983,18.9347,0.2874,0.6659,1,0,0,0,0,4.4131
92.3968,167.8958,0.0864,96.3480,0.0009,0.0034,-0.0002,0.0009,0.0000,193.3521,-0.6955,-0.3412,0.1867,0.3274,-0.2746,-15.5960,13.9004,0.2874,0.6659,1,0,0,0,0,4.1403
92.4554,167.8960,0.0864,96.3480,0.0009,0.0034,-0.0002,0.0009,0.0000,193.3170,-0.6001,-0.3412,0.1867,0.3274,-0.2757,-16.0764,8.2077,0.2874,0.6659,1,0,0,0,0,3.8187
92.5059,167.8961,0.0864,96.3480,0.0009,0.0034,-0.0002,0.0009,0.0000,193.2888,-0.5568,-0.3412,0.1867,0.3274,-0.2759,-16.3021,4.4659,0.2874,0.6659,1,0,0,0,0,3.6084
92.5569,167.8962,0.0864,96.3480,0.0009,0.0034,-0.0002,0.0009,0.0000,193.2537,-0.6889,-0.3373,0.1867,0.3274,-0.2746,-16.4208,2.3275,0.2874,0.6659,1,0,0,0,0,3.4970
92.6154,167.8964,0.0864,96.3480,0.0009,0.0034,-0.0002,0.0009,0.0000,193.2191,-0.5924,-0.3255,0.1867,0.3274,-0.2670,-16.3558,1.1105,0.2874,0.6659,1,0,0,0,0,3.4240
92.6732,167.8965,0.0864,96.3480,0.0009,0.0034,-0.0002,0.0009,0.0000,193.1859,-0.5729,-0.3099,0.1867,0.3274,-0.2521,-15.9730,6.6172,0.2874,0.6659,1,0,0,0,0,3.7288
92.7297,167.8967,0.0864,96.3480,0.0009,0.0034,-0.0002,0.0009,0.0000,193.1485,-0.6630,-0.2942,0.1867,0.3274,-0.2334,-15.2279,13.1936,0.2874,0.6659,1,0,0,0,0,4.0992
92.7883,167.8969,0.0864,96.3480,0.0009,0.0034,-0.0002,0.0009,0.0000,193.1193,-0.4975,-0.2747,0.1867,0.3274,-0.2151,-14.3712,14.6217,0.2874,0.6659,1,0,0,0,0,4.1693
92.8439,167.8970,0.0864,96.3480,0.0009,0.0034,-0.0002,0.0009,0.0000,193.0927,-0.4794,-0.2493,0.1867,0.3274,-0.1913,-13.3596,18.1811,0.2874,0.6659,1,0,0,0,0,4.3661
92.8955,167.8972,0.0864,96.3480,0.0009,0.0034,-0.0002,0.0009,0.0000,193.0734,-0.3729,-0.2258,0.1867,0.3274,-0.1684,-12.1540,23.3865,0.2874,0.6659,1,0,0,0,0,4.6493
92.9551,167.8973,0.0864,96.3480,0.0009,0.0034,-0.0002,0.0009,0.0000,193.0486,-0.4157,-0.1945,0.1867,0.3274,-0.1331,-10.4988,27.7676,0.2874,0.6659,1,0,0,0,0,4.8951
93.0137,167.8975,0.0864,96.3480,0.0009,0.0034,-0.0002,0.0009,0.0000,193.0319,-0.2863,-0.1613,0.1867,0.3274,-0.1002,-8.6665,31.2588,0.2874,0.6659,1,0,0,0,0,5.0819
93.0737,167.8976,0.0864,96.3480,0.0009,0.0034,-0.0002,0.0009,0.0000,193.0167,-0.2526,-0.1261,0.1867,0.3274,-0.0600,-6.6749,33.1736,0.2874,0.6659,1,0,0,0,0,5.1864
93.1268,167.8978,0.0864,96.3480,0.0009,0.0034,-0.0002,0.0009,0.0000,193.0097,-0.1323,-0.1026,0.1867,0.3274,-0.0324,-4.6308,38.5236,0.2874,0.6659,1,0,0,0,0,5.4769
93.1788,167.8979,0.0864,96.3480,0.0009,0.0034,-0.0002,0.0009,0.0000,193.0086,-0.0211,-0.0675,0.1867,0.3274,0.0955,-2.1082,48.5595,0.2874,0.6659,1,0,0,0,0,6.0283
93.2304,167.8981,0.0864,96.3480,0.0009,0.0034,-0.0002,0.0009,0.0000,193.0346,0.5041,-0.0362,0.1867,0.3274,0.3858,5.1323,140.3055,0.2874,0.6659,1,0,0,0,0,11.1521
93.2886,167.8982,0.0864,96.3480,0.0009,0.0034,-0.0002,0.0009,0.0000,193.0978,1.0845,-0.0069,0.1867,0.3274,0.7271,18.9105,236.5338,0.2874,0.6659,1,0,0,0,0,13.3896
93.3402,167.8984,0.0864,96.3480,0.0009,0.0034,-0.0002,0.0009,0.0000,193.1924,1.8334,0.0225,0.1867,0.3274,0.9302,33.9299,291.2155,0.2874,0.6659,1,0,0,0,0,13.4312
93.3993,167.8985,0.0864,96.3480,0.0009,0.0034,-0.0002,0.0009,0.0000,193.2978,1.7841,0.0577,0.1867,0.3274,0.9821,46.3988,210.9895,0.2874,0.6659,1,0,0,0,0,13.4285
93.4500,167.8987,0.0864,96.3480,0.0009,0.0034,-0.0002,0.0009,0.0000,193.3843,1.7050,0.0850,0.1867,0.3274,0.9940,52.6028,122.2638,0.2874,0.6659,1,0,0,0,0,10.2165
93.5100,167.8988,0.0864,96.3480,0.0009,0.0034,-0.0002,0.0009,0.0000,193.5150,2.1802,0.1222,0.1867,0.3274,0.9988,56.3921,63.2131,0.2874,0.6659,1,0,0,0,0,6.9623
93.5600,167.8990,0.0864,96.3480,0.0009,0.0034,-0.0002,0.0009,0.0000,193.6023,1.7450,0.1456,0.1867,0.3274,0.9996,58.0766,33.6675,0.2874,0.6659,1,0,0,0,0,5.2967
93.6114,167.8991,0.0864,96.3480,0.0009,0.0034,-0.0002,0.0009,0.0000,193.7115,2.1260,0.1710,0.1867,0.3274,0.9999,59.0167,18.3030,0.2874,0.6659,1,0,0,0,0,4.4643
93.6717,167.8993,0.0864,96.3480,0.0009,0.0034,-0.0002,0.0009,0.0000,193.8207,1.8099,0.1965,0.1867,0.3274,1.0000,59.5486,8.8147,0.2874,0.6659,1,0,0,0,0,3.9196
93.7295,167.8994,0.0864,96.3480,0.0009,0.0034,-0.0002,0.0009,0.0000,193.9518,2.2687,0.2160,0.1867,0.3274,1.0000,59.7835,4.0657,0.2874,0.6659,1,0,0,0,0,3.6813
93.7803,167.8996,0.0864,96.3480,0.0009,0.0034,-0.0002,0.0009,0.0000,194.0391,1.7189,0.2297,0.1867,0.3274,1.0000,59.8876,2.0493,0.2874,0.6659,1,0,0,0,0,3.5387
93.8413,167.8998,0.0864,96.3480,0.0009,0.0034,-0.0002,0.0009,0.0000,194.1701,2.1468,0.2375,0.1867,0.3274,1.0000,59.9484,0.9966,0.2874,0.6659,1,0,0,0,0,3.5040
93.9004,167.8999,0.0864,96.3480,0.0009,0.0034,-0.0002,0.0009,0.0000,194.2794,1.8496,0.2414,0.1867,0.3274,1.0000,59.9760,0.4671,0.2874,0.6659,1,0,0,0,0,3.4581
93.9598,167.9001,0.0864,96.3480,0.0009,0.0034,-0.0002,0.0009,0.0000,194.3886,1.8389,0.2414,0.1867,0.3274,1.0000,59.9887,0.2145,0.2874,0.6659,1,0,0,0,0,3.4434
94.0143,167.9002,0.0864,96.3480,0.0009,0.0034,-0.0002,0.0009,0.0000,194.4978,2.0017,0.2414,0.1867,0.3274,1.0000,59.9944,0.1030,0.2874,0.6659,1,0,0,0,0,3.4463
94.0744,167.9004,0.0864,96.3480,0.0009,0.0034,-0.0002,0.0009,0.0000,194.6288,2.1819,0.2414,0.1867,0.3274,1.0000,59.9974,0.0509,0.2874,0.6659,1,0,0,0,0,3.4534
94.1322,167.9006,0.0864,96.3480,0.0009,0.0034,-0.0002,0.0009,0.0000,194.7380,1.8879,0.2414,0.1867,0.3274,1.0000,59.9988,0.0242,0.2874,0.6659,1,0,0,0,0,3.4356
94.1873,167.9007,0.0864,96.3480,0.0009,0.0034,-0.0002,0.0009,0.0000,194.8472,1.9834,0.2414,0.1867,0.3274,1.0000,59.9994,0.0105,0.2874,0.6659,1,0,0,0,0,3.4401
94.2478,167.9009,0.0864,96.3480,0.0009,0.0034,-0.0002,0.0009,0.0000,194.9564,1.8055,0.2395,0.1867,0.3274,1.0000,59.9997,0.0055,0.2874,0.6659,1,0,0,0,0,3.4300
94.3088,167.9010,0.0864,96.3480,0.0009,0.0034,-0.0002,0.0009,0.0000,195.0874,2.1473,0.2356,0.1867,0.3274,1.0000,59.9999,0.0024,0.2874,0.6659,1,0,0,0,0,3.4488
94.3675,167.9012,0.0864,96.3480,0.0009,0.0034,-0.0002,0.0009,0.0000,195.1966,1.8587,0.2316,0.1867,0.3274,1.0000,59.9999,0.0012,0.2874,0.6659,1,0,0,0,0,3.4327
94.4271,167.9014,0.0864,96.3480,0.0009,0.0034,-0.0002,0.0009,0.0000,195.3058,1.8325,0.2238,0.1867,0.3274,1.0000,60.0000,0.0005,0.2874,0.6659,1,0,0,0,0,3.4312
94.4878,167.9015,0.0864,96.3480,0.0009,0.0034,-0.0002,0.0009,0.0000,195.4369,2.1613,0.2199,0.1867,0.3274,1.0000,60.0000,0.0003,0.2874,0.6659,1,0,0,0,0,3.4495
94.5386,167.9017,0.0864,96.3480,0.0009,0.0034,-0.0002,0.0009,0.0000,195.5243,1.7175,0.2141,0.1867,0.3274,1.0000,60.0000,0.0001,0.2874,0.6659,1,0,0,0,0,3.4248
94.5986,167.9018,0.0864,96.3480,0.0009,0.0034,-0.0002,0.0009,0.0000,195.6553,2.1866,0.2102,0.1867,0.3274,1.0000,60.0000,0.0000,0.2874,0.6659,1,0,0,0,0,3.4508
94.6553,167.9020,0.0864,96.3480,0.0009,0.0034,-0.0002,0.0009,0.0000,195.7645,1.9255,0.2043,0.1867,0.3274,1.0000,60.0000,0.0000,0.2874,0.6659,1,0,0,0,0,3.4363
94.7069,167.9021,0.0864,96.3480,0.0009,0.0034,-0.0002,0.0009,0.0000,195.8737,2.1134,0.2004,0.1867,0.3274,1.0000,60.0000,0.0000,0.2874,0.6659,1,0,0,0,0,3.4468
94.7577,167.9023,0.0864,96.3480,0.0009,0.0034,-0.0002,0.0009,0.0000,195.9611,1.7194,0.1926,0.1867,0.3274,1.0000,60.0000,0.0000,0.2874,0.6659,1,0,0,0,0,3.4249
94.8168,167.9025,0.0864,96.3480,0.0009,0.0034,-0.0002,0.0009,0.0000,196.0921,2.2208,0.1808,0.1867,0.3274,1.0000,60.0000,0.0000,0.2874,0.6659,1,0,0,0,0,3.4527
94.8691,167.9026,0.0864,96.3480,0.0009,0.0034,-0.0002,0.0009,0.0000,196.1795,1.6704,0.1671,0.1867,0.3274,1.0000,60.0000,0.0000,0.2874,0.6659,1,0,0,0,0,3.4222
94.9192,167.9027,0.0864,96.3480,0.0009,0.0034,-0.0002,0.0009,0.0000,196.2887,2.1784,0.1515,0.1867,0.3274,1.0000,60.0000,0.0000,0.2874,0.6659,1,0,0,0,0,3.4504
94.9790,167.9029,0.0864,96.3480,0.0009,0.0034,-0.0002,0.0009,0.0000,196.3979,1.8253,0.1280,0.1867,0.3274,1.0000,60.0000,0.0000,0.2874,0.6659,1,0,0,0,0,3.4308
95.0391,167.9030,0.0864,96.3480,0.0009,0.0034,-0.0002,0.0009,0.0000,196.5290,2.1805,0.0929,0.1867,0.3274,1.0000,60.0000,0.0000,0.2874,0.6659,1,0,0,0,0,3.4505
95.0982,167.9032,0.0864,96.3480,0.0009,0.0034,-0.0002,0.0009,0.0000,196.6382,1.8482,0.0635,0.1867,0.3274,1.0000,60.0000,0.0000,0.2874,0.6659,1,0,0,0,0,3.4320
95.1507,167.9034,0.0864,96.3480,0.0009,0.0034,-0.0002,0.0009,0.0000,196.7474,2.0796,0.0322,0.1867,0.3274,1.0000,60.0000,0.0000,0.2874,0.6659,1,0,0,0,0,3.4449
95.2103,167.9035,0.0864,96.3480,0.0009,0.0034,-0.0002,0.0009,0.0000,196.8521,1.7571,-0.0010,0.1867,0.3274,0.9116,59.2675,12.2875,0.2874,0.6659,1,0,0,0,0,4.1096
95.2727,167.9037,0.0864,96.3480,0.0009,0.0034,-0.0002,0.0009,0.0000,196.9501,1.5705,-0.0362,0.1867,0.3274,0.6324,53.5498,91.6974,0.2874,0.6659,1,0,0,0,0,8.5109
95.3285,167.9038,0.0864,96.3480,0.0009,0.0034,-0.0002,0.0009,0.0000,196.9992,0.8806,-0.0675,0.1867,0.3274,0.3623,41.1252,222.4734,0.2874,0.6659,1,0,0,0,0,13.3783
95.3884,167.9040,0.0864,96.3480,0.0009,0.0034,-0.0002,0.0009,0.0000,197.0186,0.3226,-0.0987,0.1867,0.3274,0.1113,27.7872,222.7624,0.2874,0.6659,1,0,0,0,0,13.3473
95.4403,167.9042,0.0864,96.3480,0.0009,0.0034,-0.0002,0.0009,0.0000,197.0192,0.0126,-0.1222,0.1867,0.3274,0.0074,15.9649,227.7449,0.2874,0.6659,1,0,0,0,0,13.3301
95.5006,167.9043,0.0864,96.3480,0.0009,0.0034,-0.0002,0.0009,0.0000,197.0125,-0.1114,-0.1496,0.1867,0.3274,-0.0411,6.9026,150.3748,0.2874,0.6659,1,0,0,0,0,11.6897
95.5599,167.9045,0.0864,96.3480,0.0009,0.0034,-0.0002,0.0009,0.0000,196.9992,-0.2248,-0.1730,0.1867,0.3274,-0.0766,1.3857,92.9933,0.2874,0.6659,1,0,0,0,0,8.5082
95.6116,167.9046,0.0864,96.3480,0.0009,0.0034,-0.0002,0.0009,0.0000,196.9880,-0.2168,-0.1887,0.1867,0.3274,-0.0949,-1.7055,59.8469,0.2874,0.6659,1,0,0,0,0,6.6662
95.6718,167.9048,0.0864,96.3480,0.0009,0.0034,-0.0002,0.0009,0.0000,196.9685,-0.3233,-0.2063,0.1867,0.3274,-0.1171,-4.1978,41.3881,0.2874,0.6659,1,0,0,0,0,5.6467
95.7277,167.9049,0.0864,96.3480,0.0009,0.0034,-0.0002,0.0009,0.0000,196.9500,-0.3299,-0.2200,0.1867,0.3274,-0.1339,-5.9653,31.6322,0.2874,0.6659,1,0,0,0,0,5.1050
95.7789,167.9051,0.0864,96.3480,0.0009,0.0034,-0.0002,0.0009,0.0000,196.9343,-0.3072,-0.2219,0.1867,0.3274,-0.1410,-7.1040,22.2118,0.2874,0.6659,1,0,0,0,0,4.5804
95.8316,167.9052,0.0864,96.3480,0.0009,0.0034,-0.0002,0.0009,0.0000,196.9140,-0.3850,-0.2239,0.1867,0.3274,-0.1455,-7.7955,13.1411,0.2874,0.6659,1,0,0,0,0,4.0808
95.8901,167.9054,0.0864,96.3480,0.0009,0.0034,-0.0002,0.0009,0.0000,196.8935,-0.3506,-0.2239,0.1867,0.3274,-0.1467,-8.3185,8.9411,0.2874,0.6659,1,0,0,0,0,3.8456
95.9422,167.9055,0.0864,96.3480,0.0009,0.0034,-0.0002,0.0009,0.0000,196.8729,-0.3954,-0.2239,0.1867,0.3274,-0.1470,-8.5578,4.5920,0.2874,0.6659,1,0,0,0,0,3.6064
96.0014,167.9057,0.0864,96.3480,0.0009,0.0034,-0.0002,0.0009,0.0000,196.8525,-0.3443,-0.2161,0.1867,0.3274,-0.1430,-8.6591,1.7111,0.2874,0.6659,1,0,0,0,0,3.4436
96.0620,167.9059,0.0864,96.3480,0.0009,0.0034,-0.0002,0.0009,0.0000,196.8292,-0.3846,-0.2043,0.1867,0.3274,-0.1316,-8.4591,3.2998,0.2874,0.6659,1,0,0,0,0,3.5341
96.1213,167.9060,0.0864,96.3480,0.0009,0.0034,-0.0002,0.0009,0.0000,196.8112,-0.3032,-0.1887,0.1867,0.3274,-0.1178,-7.9965,7.8029,0.2874,0.6659,1,0,0,0,0,3.7797
96.1819,167.9062,0.0864,96.3480,0.0009,0.0034,-0.0002,0.0009,0.0000,196.7919,-0.3183,-0.1711,0.1867,0.3274,-0.0991,-7.2231,12.7630,0.2874,0.6659,1,0,0,0,0,4.0561
96.2392,167.9063,0.0864,96.3480,0.0009,0.0034,-0.0002,0.0009,0.0000,196.7780,-0.2426,-0.1535,0.1867,0.3274,-0.0807,-6.2751,16.5282,0.2874,0.6659,1,0,0,0,0,4.2611
96.2923,167.9065,0.0864,96.3480,0.0009,0.0034,-0.0002,0.0009,0.0000,196.7683,-0.1816,-0.1359,0.1867,0.3274,-0.0654,-5.4214,16.0756,0.2874,0.6659,1,0,0,0,0,4.2325
96.3517,167.9067,0.0864,96.3480,0.0009,0.0034,-0.0002,0.0009,0.0000,196.7568,-0.1944,-0.1124,0.1867,0.3274,-0.0392,-4.1918,20.7246,0.2874,0.6659,1,0,0,0,0,4.4915
96.4111,167.9068,0.0864,96.3480,0.0009,0.0034,-0.0002,0.0009,0.0000,196.7500,-0.1141,-0.0890,0.1867,0.3274,-0.0134,-2.8696,22.2584,0.2874,0.6659,1,0,0,0,0,4.5723
96.4720,167.9070,0.0864,96.3480,0.0009,0.0034,-0.0002,0.0009,0.0000,196.7545,0.0738,-0.0694,0.1867,0.3274,0.1384,0.1301,49.2089,0.2874,0.6659,1,0,0,0,0,6.0673
96.5247,167.9071,0.0864,96.3480,0.0009,0.0034,-0.0002,0.0009,0.0000,196.7715,0.3213,-0.0538,0.1867,0.3274,0.2761,6.0675,112.6232,0.2874,0.6659,1,0,0,0,0,9.6041
96.5815,167.9073,0.0864,96.3480,0.0009,0.0034,-0.0002,0.0009,0.0000,196.8221,0.8924,-0.0362,0.1867,0.3274,0.4965,15.3444,163.3231,0.2874,0.6659,1,0,0,0,0,12.4525
96.6338,167.9074,0.0864,96.3480,0.0009,0.0034,-0.0002,0.0009,0.0000,196.8696,0.9077,-0.0303,0.1867,0.3274,0.5933,23.2474,151.3089,0.2874,0.6659,1,0,0,0,0,11.7859
96.6851,167.9076,0.0864,96.3480,0.0009,0.0034,-0.0002,0.0009,0.0000,196.9391,1.3553,-0.0264,0.1867,0.3274,0.6758,30.4580,140.5998,0.2874,0.6659,1,0,0,0,0,11.2158
96.7357,167.9077,0.0864,96.3480,0.0009,0.0034,-0.0002,0.0009,0.0000,196.9987,1.1785,-0.0245,0.1867,0.3274,0.7053,35.6739,103.0542,0.2874,0.6659,1,0,0,0,0,9.1201
96.7882,167.9079,0.0864,96.3480,0.0009,0.0034,-0.0002,0.0009,0.0000,197.0762,1.4767,-0.0225,0.1867,0.3274,0.7315,39.2763,68.6388,0.2874,0.6659,1,0,0,0,0,7.2247
96.8468,167.9080,0.0864,96.3480,0.0009,0.0034,-0.0002,0.0009,0.0000,197.1561,1.3614,-0.0225,0.1867,0.3274,0.7452,41.9698,45.8980,0.2874,0.6659,1,0,0,0,0,5.9549
96.8987,167.9082,0.0864,96.3480,0.0009,0.0034,-0.0002,0.0009,0.0000,197.2374,1.5653,-0.0206,0.1867,0.3274,0.7608,43.4800,29.0930,0.2874,0.6659,1,0,0,0,0,5.0326
96.9563,167.9083,0.0864,96.3480,0.0009,0.0034,-0.0002,0.0009,0.0000,197.3201,1.4385,-0.0206,0.1867,0.3274,0.7689,44.7789,22.5794,0.2874,0.6659,1,0,0,0,0,4.6637
97.0086,167.9085,0.0864,96.3480,0.0009,0.0034,-0.0002,0.0009,0.0000,197.4033,1.5881,-0.0206,0.1867,0.3274,0.7709,45.4658,13.1141,0.2874,0.6659,1,0,0,0,0,4.1462
97.0649,167.9086,0.0864,96.3480,0.0009,0.0034,-0.0002,0.0009,0.0000,197.4866,1.4817,-0.0206,0.1867,0.3274,0.7714,45.9027,7.7702,0.2874,0.6659,1,0,0,0,0,3.8434
97.1161,167.9088,0.0864,96.3480,0.0009,0.0034,-0.0002,0.0009,0.0000,197.5699,1.6257,-0.0206,0.1867,0.3274,0.7716,46.0899,3.6539,0.2874,0.6659,1,0,0,0,0,3.6227
97.1690,167.9089,0.0864,96.3480,0.0009,0.0034,-0.0002,0.0009,0.0000,197.6366,1.2612,-0.0206,0.1867,0.3274,0.7716,46.1853,1.8036,0.2874,0.6659,1,0,0,0,0,3.4996
97.2284,167.9091,0.0864,96.3480,0.0009,0.0034,-0.0002,0.0009,0.0000,197.7366,1.6852,-0.0206,0.1867,0.3274,0.7716,46.2451,1.0082,0.2874,0.6659,1,0,0,0,0,3.4790
97.2874,167.9092,0.0864,96.3480,0.0009,0.0034,-0.0002,0.0009,0.0000,197.8200,1.4121,-0.0206,0.1867,0.3274,0.7716,46.2727,0.4676,0.2874,0.6659,1,0,0,0,0,3.4338
97.3378,167.9094,0.0864,96.3480,0.0009,0.0034,-0.0002,0.0009,0.0000,197.9034,1.6556,-0.0206,0.1867,0.3274,0.7716,46.2844,0.2323,0.2874,0.6659,1,0,0,0,0,3.4343
97.3980,167.9095,0.0864,96.3480,0.0009,0.0034,-0.0002,0.0009,0.0000,197.9868,1.3848,-0.0206,0.1867,0.3274,0.7716,46.2914,0.1159,0.2874,0.6659,1,0,0,0,0,3.4127
97.4581,167.9097,0.0864,96.3480,0.0009,0.0034,-0.0002,0.0009,0.0000,198.0869,1.6663,-0.0206,0.1867,0.3274,0.7716,46.2946,0.0538,0.2874,0.6659,1,0,0,0,0,3.4249
97.5083,167.9098,0.0864,96.3480,0.0009,0.0034,-0.0002,0.0009,0.0000,198.1536,1.3289,-0.0206,0.1867,0.3274,0.7716,46.2960,0.0276,0.2874,0.6659,1,0,0,0,0,3.4047
97.5600,167.9100,0.0864,96.3480,0.0009,0.0034,-0.0002,0.0009,0.0000,198.2370,1.6133,-0.0206,0.1867,0.3274,0.7716,46.2966,0.0120,0.2874,0.6659,1,0,0,0,0,3.4197
97.6174,167.9101,0.0864,96.3480,0.0009,0.0034,-0.0002,0.0009,0.0000,198.3204,1.4523,-0.0206,0.1867,0.3274,0.7716,46.2971,0.0072,0.2874,0.6659,1,0,0,0,0,3.4105
97.6697,167.9103,0.0864,96.3480,0.0009,0.0034,-0.0002,0.0009,0.0000,198.4038,1.5937,-0.0206,0.1867,0.3274,0.7716,46.2972,0.0031,0.2874,0.6659,1,0,0,0,0,3.4181
97.7216,167.9104,0.0864,96.3480,0.0009,0.0034,-0.0002,0.0009,0.0000,198.4705,1.2868,-0.0206,0.1867,0.3274,0.7716,46.2973,0.0018,0.2874,0.6659,1,0,0,0,0,3.4010
97.7758,167.9106,0.0864,96.3480,0.0009,0.0034,-0.0002,0.0009,0.0000,198.5499,1.4632,-0.0206,0.1867,0.3274,0.5962,46.2974,0.0008,0.2874,0.6659,1,0,0,0,0,3.4107
97.8320,167.9107,0.0864,96.3480,0.0009,0.0034,-0.0002,0.0009,0.0000,198.5801,0.5378,-0.0206,0.1867,0.3274,0.1796,33.1335,234.3349,0.2874,0.6659,1,0,0,0,0,13.3593
97.8846,167.9109,0.0864,96.3480,0.0009,0.0034,-0.0002,0.0009,0.0000,198.5880,0.1493,-0.0206,0.1867,0.3274,0.0730,20.5718,239.0734,0.2874,0.6659,1,0,0,0,0,13.3377
97.9403,167.9110,0.0864,96.3480,0.0009,0.0034,-0.0002,0.0009,0.0000,198.5901,0.0378,-0.0206,0.1867,0.3274,0.0457,11.2694,166.9789,0.2874,0.6659,1,0,0,0,0,12.6081
97.9905,167.9112,0.0864,96.3480,0.0009,0.0034,-0.0002,0.0009,0.0000,198.5907,0.0115,-0.0206,0.1867,0.3274,0.0395,7.1201,82.6268,0.2874,0.6659,1,0,0,0,0,7.9204
98.0427,167.9113,0.0864,96.3480,0.0009,0.0034,-0.0002,0.0009,0.0000,198.5910,0.0058,-0.0206,0.1867,0.3274,0.0372,4.9359,41.8003,0.2874,0.6659,1,0,0,0,0,5.6519
98.1033,167.9115,0.0864,96.3480,0.0009,0.0034,-0.0002,0.0009,0.0000,198.5912,0.0038,-0.0206,0.1867,0.3274,0.0365,3.4397,24.6934,0.2874,0.6659,1,0,0,0,0,4.7014
98.1634,167.9116,0.0864,96.3480,0.0009,0.0034,-0.0002,0.0009,0.0000,198.5913,0.0018,-0.0225,0.1867,0.3274,0.0357,2.7627,11.2780,0.2874,0.6659,1,0,0,0,0,3.9560
98.2161,167.9118,0.0864,96.3480,0.0009,0.0034,-0.0002,0.0009,0.0000,198.5914,0.0014,-0.0225,0.1867,0.3274,0.0354,2.4333,6.2430,0.2874,0.6659,1,0,0,0,0,3.6763
98.2720,167.9119,0.0864,96.3480,0.0009,0.0034,-0.0002,0.0009,0.0000,198.5914,0.0003,-0.0225,0.1867,0.3274,0.0354,2.2841,2.6725,0.2874,0.6659,1,0,0,0,0,3.4779
98.3250,167.9121,0.0864,96.3480,0.0009,0.0034,-0.0002,0.0009,0.0000,198.6021,0.2008,-0.0225,0.1867,0.3274,0.3357,4.0803,33.8703,0.2874,0.6659,1,0,0,0,0,5.2222
98.3820,167.9122,0.0864,96.3480,0.0009,0.0034,-0.0002,0.0009,0.0000,198.6607,1.0289,-0.0225,0.1867,0.3274,0.6440,18.0750,245.4916,0.2874,0.6659,1,0,0,0,0,13.3865
98.4351,167.9124,0.0864,96.3480,0.0009,0.0034,-0.0002,0.0009,0.0000,198.7359,1.4174,-0.0225,0.1867,0.3274,0.7228,28.6601,199.4835,0.2874,0.6659,1,0,0,0,0,13.4081
98.4861,167.9125,0.0864,96.3480,0.0009,0.0034,-0.0002,0.0009,0.0000,198.7993,1.2433,-0.0225,0.1867,0.3274,0.7408,36.1704,147.2097,0.2874,0.6659,1,0,0,0,0,11.5768
98.5455,167.9127,0.0864,96.3480,0.0009,0.0034,-0.0002,0.0009,0.0000,198.8798,1.3534,-0.0225,0.1867,0.3274,0.7476,40.6296,75.0495,0.2874,0.6659,1,0,0,0,0,7.5740
98.6058,167.9128,0.0864,96.3480,0.0009,0.0034,-0.0002,0.0009,0.0000,198.9767,1.6063,-0.0225,0.1867,0.3274,0.7495,42.9528,38.4962,0.2874,0.6659,1,0,0,0,0,5.5573
98.6655,167.9130,0.0864,96.3480,0.0009,0.0034,-0.0002,0.0009,0.0000,199.0576,1.3557,-0.0225,0.1867,0.3274,0.7498,44.0321,18.0922,0.2874,0.6659,1,0,0,0,0,4.4098
98.7252,167.9132,0.0864,96.3480,0.0009,0.0034,-0.0002,0.0009,0.0000,199.1546,1.6241,-0.0225,0.1867,0.3274,0.7499,44.5482,8.6374,0.2874,0.6659,1,0,0,0,0,3.8995
98.7848,167.9133,0.0864,96.3480,0.0009,0.0034,-0.0002,0.0009,0.0000,199.2355,1.3585,-0.0225,0.1867,0.3274,0.7499,44.7855,3.9860,0.2874,0.6659,1,0,0,0,0,3.6263
98.8452,167.9135,0.0864,96.3480,0.0009,0.0034,-0.0002,0.0009,0.0000,199.3163,1.3390,-0.0225,0.1867,0.3274,0.7499,44.8977,1.8577,0.2874,0.6659,1,0,0,0,0,3.5070
98.9057,167.9137,0.0864,96.3480,0.0009,0.0034,-0.0002,0.0009,0.0000,199.4134,1.6045,-0.0225,0.1867,0.3274,0.7499,44.9504,0.8707,0.2874,0.6659,1,0,0,0,0,3.4669
98.9575,167.9138,0.0864,96.3480,0.0009,0.0034,-0.0002,0.0009,0.0000,199.4943,1.5607,-0.0225,0.1867,0.3274,0.7499,44.9724,0.4248,0.2874,0.6659,1,0,0,0,0,3.4397
99.0180,167.9140,0.0864,96.3480,0.0009,0.0034,-0.0002,0.0009,0.0000,199.5751,1.3359,-0.0225,0.1867,0.3274,0.7499,44.9847,0.2036,0.2874,0.6659,1,0,0,0,0,3.4149
99.0701,167.9141,0.0864,96.3480,0.0009,0.0034,-0.0002,0.0009,0.0000,199.6560,1.5510,-0.0225,0.1867,0.3274,0.7499,44.9902,0.1054,0.2874,0.6659,1,0,0,0,0,3.4214
99.1252,167.9143,0.0864,96.3480,0.0009,0.0034,-0.0002,0.0009,0.0000,199.7369,1.4697,-0.0225,0.1867,0.3274,0.7499,44.9928,0.0467,0.2874,0.6659,1,0,0,0,0,3.4136
99.1755,167.9144,0.0864,96.3480,0.0009,0.0034,-0.0002,0.0009,0.0000,199.8015,1.2847,-0.0225,0.1867,0.3274,0.7499,44.9940,0.0239,0.2874,0.6659,1,0,0,0,0,3.4021
99.2297,167.9146,0.0864,96.3480,0.0009,0.0034,-0.0002,0.0009,0.0000,199.8604,1.0851,-0.0225,0.1867,0.3274,0.4065,40.5524,81.8908,0.2874,0.6659,1,0,0,0,0,7.9391
99.2891,167.9147,0.0864,96.3480,0.0009,0.0034,-0.0002,0.0009,0.0000,199.8921,0.5345,-0.0225,0.1867,0.3274,0.2772,29.3856,188.1556,0.2874,0.6659,1,0,0,0,0,13.3591
99.3422,167.9149,0.0864,96.3480,0.0009,0.0034,-0.0002,0.0009,0.0000,199.9168,0.4656,-0.0225,0.1867,0.3274,0.2441,22.5633,128.5712,0.2874,0.6659,1,0,0,0,0,10.4981
99.4061,167.9151,0.0864,96.3480,0.0009,0.0034,-0.0002,0.0009,0.0000,199.9444,0.4309,-0.0225,0.1867,0.3274,0.2349,18.1309,69.3521,0.2874,0.6659,1,0,0,0,0,7.2062
99.4628,167.9152,0.0864,96.3480,0.0009,0.0034,-0.0002,0.0009,0.0000,199.9668,0.3963,-0.0225,0.1867,0.3274,0.2333,15.9286,38.8291,0.2874,0.6659,1,0,0,0,0,5.5086
99.5216,167.9154,0.0864,96.3480,0.0009,0.0034,-0.0002,0.0009,0.0000,199.9890,0.3756,-0.0245,0.1867,0.3274,0.2284,14.8148,18.9230,0.2874,0.6659,1,0,0,0,0,4.4015
99.5740,167.9155,0.0864,96.3480,0.0009,0.0034,-0.0002,0.0009,0.0000,200.0107,0.4150,-0.0245,0.1867,0.3274,0.2266,14.2489,10.8164,0.2874,0.6659,1,0,0,0,0,3.9533
99.6301,167.9157,0.0864,96.3480,0.0009,0.0034,-0.0002,0.0009,0.0000,200.0323,0.3858,-0.0245,0.1867,0.3274,0.2262,13.8856,6.4708,0.2874,0.6659,1,0,0,0,0,3.7103
99.6832,167.9158,0.0864,96.3480,0.0009,0.0034,-0.0002,0.0009,0.0000,200.0539,0.4063,-0.0245,0.1867,0.3274,0.2260,13.7387,2.7685,0.2874,0.6659,1,0,0,0,0,3.5057
99.7434,167.9160,0.0864,96.3480,0.0009,0.0034,-0.0002,0.0009,0.0000,200.0755,0.3586,-0.0245,0.1867,0.3274,0.2260,13.6433,1.5841,0.2874,0.6659,1,0,0,0,0,3.4373
99.8038,167.9161,0.0864,96.3480,0.0009,0.0034,-0.0002,0.0009,0.0000,200.1014,0.4291,-0.0245,0.1867,0.3274,0.2260,13.5979,0.7522,0.2874,0.6659,1,0,0,0,0,3.3950
99.8668,167.9163,0.0864,96.3480,0.0009,0.0034,-0.0002,0.0009,0.0000,200.1273,0.4107,-0.0245,0.1867,0.3274,0.2260,13.5776,0.3214,0.2874,0.6659,1,0,0,0,0,3.3700
99.9245,167.9165,0.0864,96.3480,0.0009,0.0034,-0.0002,0.0009,0.0000,200.1489,0.3746,-0.0245,0.1867,0.3274,0.2260,13.5682,0.1642,0.2874,0.6659,1,0,0,0,0,3.3593
99.9853,167.9167,0.0864,96.3480,0.0009,0.0034,-0.0002,0.0009,0.0000,200.1705,0.3552,-0.0245,0.1867,0.3274,0.2260,13.5637,0.0741,0.2874,0.6659,1,0,0,0,0,3.3532
100.0384,167.9168,0.0864,96.3480,0.0009,0.0034,-0.0002,0.0009,0.0000,200.1920,0.4060,-0.0264,0.1867,0.3274,0.2244,13.5618,0.0346,0.2874,0.6659,1,0,0,0,0,3.3538
100.0943,167.9169,0.0864,96.3480,0.0009,0.0034,-0.0002,0.0009,0.0000,200.2132,0.3779,-0.0264,0.1867,0.3274,0.2206,13.4415,2.1506,0.2874,0.6659,1,0,0,0,0,3.4698
100.1539,167.9171,0.0864,96.3480,0.0009,0.0034,-0.0002,0.0009,0.0000,200.2340,0.3494,-0.0284,0.1867,0.3274,0.2168,13.2945,2.4667,0.2874,0.6659,1,0,0,0,0,3.4858
100.2080,167.9173,0.0864,96.3480,0.0009,0.0034,-0.0002,0.0009,0.0000,200.2543,0.3744,-0.0303,0.1867,0.3274,0.2120,13.0932,3.7190,0.2874,0.6659,1,0,0,0,0,3.5568
100.2630,167.9174,0.0864,96.3480,0.0009,0.0034,-0.0002,0.0009,0.0000,200.2737,0.3534,-0.0342,0.1867,0.3274,0.2020,12.7854,5.5966,0.2874,0.6659,1,0,0,0,0,3.6599
100.3148,167.9176,0.0864,96.3480,0.0009,0.0034,-0.0002,0.0009,0.0000,200.2915,0.3437,-0.0381,0.1867,0.3274,0.1870,12.2463,10.4078,0.2874,0.6659,1,0,0,0,0,3.9267
100.3705,167.9177,0.0864,96.3480,0.0009,0.0034,-0.0002,0.0009,0.0000,200.3075,0.2870,-0.0440,0.1867,0.3274,0.1693,11.5316,12.8412,0.2874,0.6659,1,0,0,0,0,4.0587
100.4310,167.9179,0.0864,96.3480,0.0009,0.0034,-0.0002,0.0009,0.0000,200.3207,0.2190,-0.0557,0.1867,0.3274,0.1393,10.3277,19.9089,0.2874,0.6659,1,0,0,0,0,4.4476
100.4903,167.9180,0.0864,96.3480,0.0009,0.0034,-0.0002,0.0009,0.0000,200.3311,0.1755,-0.0714,0.1867,0.3274,0.0921,8.5644,29.6991,0.2874,0.6659,1,0,0,0,0,4.9891
100.5427,167.9182,0.0864,96.3480,0.0009,0.0034,-0.0002,0.0009,0.0000,200.3339,0.0527,-0.0851,0.1867,0.3274,0.0503,6.6163,37.1892,0.2874,0.6659,1,0,0,0,0,5.3984
100.6029,167.9183,0.0864,96.3480,0.0009,0.0034,-0.0002,0.0009,0.0000,200.3318,-0.0345,-0.1026,0.1867,0.3274,0.0035,3.8377,46.1418,0.2874,0.6659,1,0,0,0,0,5.8947
100.6627,167.9185,0.0864,96.3480,0.0009,0.0034,-0.0002,0.0009,0.0000,200.3266,-0.0868,-0.1203,0.1867,0.3274,-0.0191,1.4941,39.1959,0.2874,0.6659,1,0,0,0,0,5.5117
100.7150,167.9187,0.0864,96.3480,0.0009,0.0034,-0.0002,0.0009,0.0000,200.3191,-0.1446,-0.1398,0.1867,0.3274,-0.0403,-0.0573,29.6471,0.2874,0.6659,1,0,0,0,0,4.9845
100.7744,167.9188,0.0864,96.3480,0.0009,0.0034,-0.0002,0.0009,0.0000,200.3089,-0.1718,-0.1652,0.1867,0.3274,-0.0656,-1.7085,27.8326,0.2874,0.6659,1,0,0,0,0,4.8852
100.8337,167.9190,0.0864,96.3480,0.0009,0.0034,-0.0002,0.0009,0.0000,200.2927,-0.2725,-0.1906,0.1867,0.3274,-0.0964,-3.3543,27.7302,0.2874,0.6659,1,0,0,0,0,4.8851
100.8878,167.9191,0.0864,96.3480,0.0009,0.0034,-0.0002,0.0009,0.0000,200.2796,-0.2428,-0.2121,0.1867,0.3274,-0.1177,-4.7203,25.2737,0.2874,0.6659,1,0,0,0,0,4.7470
100.9490,167.9193,0.0864,96.3480,0.0009,0.0034,-0.0002,0.0009,0.0000,200.2564,-0.3789,-0.2375,0.1867,0.3274,-0.1481,-6.5560,29.9902,0.2874,0.6659,1,0,0,0,0,5.0165
101.0090,167.9195,0.0864,96.3480,0.0009,0.0034,-0.0002,0.0009,0.0000,200.2340,-0.3727,-0.2630,0.1867,0.3274,-0.1730,-8.2116,27.5848,0.2874,0.6659,1,0,0,0,0,4.8826
101.0592,167.9196,0.0864,96.3480,0.0009,0.0034,-0.0002,0.0009,0.0000,200.2087,-0.5038,-0.2845,0.1867,0.3274,-0.1983,-9.5401,26.4539,0.2874,0.6659,1,0,0,0,0,4.8270
101.1103,167.9197,0.0864,96.3480,0.0009,0.0034,-0.0002,0.0009,0.0000,200.1808,-0.5463,-0.3021,0.1867,0.3274,-0.2195,-11.0541,29.6541,0.2874,0.6659,1,0,0,0,0,5.0072
101.1621,167.9199,0.0864,96.3480,0.0009,0.0034,-0.0002,0.0009,0.0000,200.1568,-0.4626,-0.3158,0.1867,0.3274,-0.2358,-12.1716,21.5780,0.2874,0.6659,1,0,0,0,0,4.5538
101.2223,167.9200,0.0864,96.3480,0.0009,0.0034,-0.0002,0.0009,0.0000,200.1183,-0.6395,-0.3333,0.1867,0.3274,-0.2567,-13.5842,23.4559,0.2874,0.6659,1,0,0,0,0,4.6680
101.2794,167.9202,0.0864,96.3480,0.0009,0.0034,-0.0002,0.0009,0.0000,200.0841,-0.5999,-0.3509,0.1867,0.3274,-0.2750,-14.8408,22.0158,0.2874,0.6659,1,0,0,0,0,4.5858
101.3302,167.9203,0.0864,96.3480,0.0009,0.0034,-0.0002,0.0009,0.0000,200.0553,-0.5657,-0.3568,0.1867,0.3274,-0.2863,-15.8507,19.8723,0.2874,0.6659,1,0,0,0,0,4.4648
101.3946,167.9205,0.0864,96.3480,0.0009,0.0034,-0.0002,0.0009,0.0000,200.0107,-0.6940,-0.3646,0.1867,0.3274,-0.2978,-16.7315,13.6824,0.2874,0.6659,1,0,0,0,0,4.1281
101.4496,167.9207,0.0864,96.3480,0.0009,0.0034,-0.0002,0.0009,0.0000,199.9727,-0.6902,-0.3666,0.1867,0.3274,-0.3022,-17.4343,12.7776,0.2874,0.6659,1,0,0,0,0,4.0776
101.5027,167.9208,0.0864,96.3480,0.0009,0.0034,-0.0002,0.0009,0.0000,199.9344,-0.7200,-0.3666,0.1867,0.3274,-0.3035,-17.7802,6.5076,0.2874,0.6659,1,0,0,0,0,3.7309
101.5622,167.9210,0.0864,96.3480,0.0009,0.0034,-0.0002,0.0009,0.0000,199.8961,-0.6446,-0.3666,0.1867,0.3274,-0.3038,-18.0157,3.9610,0.2874,0.6659,1,0,0,0,0,3.5852
101.6190,167.9211,0.0864,96.3480,0.0009,0.0034,-0.0002,0.0009,0.0000,199.8579,-0.6722,-0.3568,0.1867,0.3274,-0.2992,-18.0740,1.0257,0.2874,0.6659,1,0,0,0,0,3.4237
101.6698,167.9213,0.0864,96.3480,0.0009,0.0034,-0.0002,0.0009,0.0000,199.8209,-0.7278,-0.3412,0.1867,0.3274,-0.2864,-17.8417,4.5710,0.2874,0.6659,1,0,0,0,0,3.6237
101.7217,167.9214,0.0864,96.3480,0.0009,0.0034,-0.0002,0.0009,0.0000,199.7857,-0.6797,-0.3275,0.1867,0.3274,-0.2704,-17.3515,9.4448,0.2874,0.6659,1,0,0,0,0,3.8918
101.7827,167.9216,0.0864,96.3480,0.0009,0.0034,-0.0002,0.0009,0.0000,199.7524,-0.5444,-0.3040,0.1867,0.3274,-0.2493,-16.4977,13.9854,0.2874,0.6659,1,0,0,0,0,4.1366
101.8437,167.9218,0.0864,96.3480,0.0009,0.0034,-0.0002,0.0009,0.0000,199.7162,-0.5949,-0.2747,0.1867,0.3274,-0.2191,-15.2232,20.9130,0.2874,0.6659,1,0,0,0,0,4.5243
101.9043,167.9219,0.0864,96.3480,0.0009,0.0034,-0.0002,0.0009,0.0000,199.6897,-0.4363,-0.2375,0.1867,0.3274,-0.1847,-13.6358,26.2038,0.2874,0.6659,1,0,0,0,0,4.8094
101.9629,167.9221,0.0864,96.3480,0.0009,0.0034,-0.0002,0.0009,0.0000,199.6670,-0.3874,-0.2082,0.1867,0.3274,-0.1528,-11.8034,31.2647,0.2874,0.6659,1,0,0,0,0,5.0878
102.0229,167.9223,0.0864,96.3480,0.0009,0.0034,-0.0002,0.0009,0.0000,199.6450,-0.3666,-0.1691,0.1867,0.3274,-0.1095,-9.7292,34.5634,0.2874,0.6659,1,0,0,0,0,5.2699
102.0828,167.9224,0.0864,96.3480,0.0009,0.0034,-0.0002,0.0009,0.0000,199.6312,-0.2311,-0.1339,0.1867,0.3274,-0.0715,-7.5773,35.8893,0.2874,0.6659,1,0,0,0,0,5.3361
102.1423,167.9226,0.0864,96.3480,0.0009,0.0034,-0.0002,0.0009,0.0000,199.6200,-0.1885,-0.0987,0.1867,0.3274,-0.0299,-5.2590,39.0119,0.2874,0.6659,1,0,0,0,0,5.5072
102.2022,167.9227,0.0864,96.3480,0.0009,0.0034,-0.0002,0.0009,0.0000,199.6166,-0.0560,-0.0636,0.1867,0.3274,0.0372,-2.7146,42.4341,0.2874,0.6659,1,0,0,0,0,5.6899
102.2630,167.9229,0.0864,96.3480,0.0009,0.0034,-0.0002,0.0009,0.0000,199.6232,0.1090,-0.0284,0.1867,0.3274,0.1349,1.4885,69.1760,0.2874,0.6659,1,0,0,0,0,7.1785
102.3159,167.9230,0.0864,96.3480,0.0009,0.0034,-0.0002,0.0009,0.0000,199.6428,0.3685,0.0029,0.1867,0.3274,0.2527,6.0408,85.9644,0.2874,0.6659,1,0,0,0,0,8.1256
102.3720,167.9232,0.0864,96.3480,0.0009,0.0034,-0.0002,0.0009,0.0000,199.6748,0.5710,0.0381,0.1867,0.3274,0.3621,12.6099,117.1768,0.2874,0.6659,1,0,0,0,0,9.8709
102.4320,167.9234,0.0864,96.3480,0.0009,0.0034,-0.0002,0.0009,0.0000,199.7301,0.9214,0.0733,0.1867,0.3274,0.4965,19.4982,114.7809,0.2874,0.6659,1,0,0,0,0,9.7573
102.4841,167.9235,0.0864,96.3480,0.0009,0.0034,-0.0002,0.0009,0.0000,199.7768,0.8983,0.1026,0.1867,0.3274,0.5870,25.4653,114.6134,0.2874,0.6659,1,0,0,0,0,9.7467
102.5419,167.9237,0.0864,96.3480,0.0009,0.0034,-0.0002,0.0009,0.0000,199.8618,1.4680,0.1339,0.1867,0.3274,0.7125,32.2649,117.5467,0.2874,0.6659,1,0,0,0,0,9.9413
102.5923,167.9238,0.0864,96.3480,0.0009,0.0034,-0.0002,0.0009,0.0000,199.9278,1.3099,0.1574,0.1867,0.3274,0.7944,38.0825,115.4459,0.2874,0.6659,1,0,0,0,0,9.8158
102.6423,167.9240,0.0864,96.3480,0.0009,0.0034,-0.0002,0.0009,0.0000,200.0194,1.8331,0.1769,0.1867,0.3274,0.8768,43.4923,108.1907,0.2874,0.6659,1,0,0,0,0,9.4418
102.7037,167.9241,0.0864,96.3480,0.0009,0.0034,-0.0002,0.0009,0.0000,200.1201,1.6422,0.1984,0.1867,0.3274,0.9542,49.5536,98.8373,0.2874,0.6659,1,0,0,0,0,8.9116
102.7609,167.9243,0.0864,96.3480,0.0009,0.0034,-0.0002,0.0009,0.0000,200.2269,1.8641,0.2141,0.1867,0.3274,0.9883,54.5088,86.5412,0.2874,0.6659,1,0,0,0,0,8.2408
102.8225,167.9244,0.0864,96.3480,0.0009,0.0034,-0.0002,0.0009,0.0000,200.3572,2.1154,0.2316,0.1867,0.3274,0.9977,57.1843,43.4131,0.2874,0.6659,1,0,0,0,0,5.8587
102.8738,167.9246,0.0864,96.3480,0.0009,0.0034,-0.0002,0.0009,0.0000,200.4445,1.7020,0.2395,0.1867,0.3274,0.9992,58.5150,25.9589,0.2874,0.6659,1,0,0,0,0,4.8661
102.9276,167.9247,0.0864,96.3480,0.0009,0.0034,-0.0002,0.0009,0.0000,200.5537,2.0307,0.2414,0.1867,0.3274,0.9998,59.2059,12.8494,0.2874,0.6659,1,0,0,0,0,4.1560
102.9828,167.9249,0.0864,96.3480,0.0009,0.0034,-0.0002,0.0009,0.0000,200.6629,1.9784,0.2414,0.1867,0.3274,0.9999,59.6421,7.9020,0.2874,0.6659,1,0,0,0,0,3.8783
103.0440,167.9251,0.0864,96.3480,0.0009,0.0034,-0.0002,0.0009,0.0000,200.7939,2.1400,0.2414,0.1867,0.3274,1.0000,59.8267,3.0145,0.2874,0.6659,1,0,0,0,0,3.6157
103.0940,167.9252,0.0864,96.3480,0.0009,0.0034,-0.0002,0.0009,0.0000,200.8813,1.7460,0.2414,0.1867,0.3274,1.0000,59.9084,1.6341,0.2874,0.6659,1,0,0,0,0,3.5172
103.1466,167.9253,0.0864,96.3480,0.0009,0.0034,-0.0002,0.0009,0.0000,200.9905,2.0790,0.2336,0.1867,0.3274,1.0000,59.9563,0.9106,0.2874,0.6659,1,0,0,0,0,3.4955
103.2072,167.9255,0.0864,96.3480,0.0009,0.0034,-0.0002,0.0009,0.0000,201.0997,1.8014,0.2219,0.1867,0.3274,1.0000,59.9789,0.3726,0.2874,0.6659,1,0,0,0,0,3.4502
103.2589,167.9256,0.0864,96.3480,0.0009,0.0034,-0.0002,0.0009,0.0000,201.2089,2.1128,0.2062,0.1867,0.3274,1.0000,59.9891,0.1975,0.2874,0.6659,1,0,0,0,0,3.4577
103.3153,167.9258,0.0864,96.3480,0.0009,0.0034,-0.0002,0.0009,0.0000,201.3177,1.9281,0.1926,0.1867,0.3274,0.9897,59.8762,2.0003,0.2874,0.6659,1,0,0,0,0,3.5476
103.3694,167.9260,0.0864,96.3480,0.0009,0.0034,-0.0002,0.0009,0.0000,201.4223,1.9351,0.1691,0.1867,0.3274,0.9350,58.9958,16.2852,0.2874,0.6659,1,0,0,0,0,4.3416
103.4289,167.9261,0.0864,96.3480,0.0009,0.0034,-0.0002,0.0009,0.0000,201.5187,1.6189,0.1398,0.1867,0.3274,0.8511,56.1053,48.5855,0.2874,0.6659,1,0,0,0,0,6.1185
103.4892,167.9263,0.0864,96.3480,0.0009,0.0034,-0.0002,0.0009,0.0000,201.6204,1.6871,0.1065,0.1867,0.3274,0.7388,51.6188,74.3801,0.2874,0.6659,1,0,0,0,0,7.5553
103.5395,167.9264,0.0864,96.3480,0.0009,0.0034,-0.0002,0.0009,0.0000,201.6795,1.1744,0.0791,0.1867,0.3274,0.6550,47.0528,90.8290,0.2874,0.6659,1,0,0,0,0,8.4407
103.5905,167.9266,0.0864,96.3480,0.0009,0.0034,-0.0002,0.0009,0.0000,201.7421,1.2281,0.0479,0.1867,0.3274,0.5455,41.9406,100.2350,0.2874,0.6659,1,0,0,0,0,8.9662
103.6488,167.9267,0.0864,96.3480,0.0009,0.0034,-0.0002,0.0009,0.0000,201.7928,0.8694,0.0166,0.1867,0.3274,0.4407,35.4752,110.7893,0.2874,0.6659,1,0,0,0,0,9.5326
103.7097,167.9269,0.0864,96.3480,0.0009,0.0034,-0.0002,0.0009,0.0000,201.8383,0.7472,-0.0147,0.1867,0.3274,0.3202,28.8241,109.2596,0.2874,0.6659,1,0,0,0,0,9.4409
103.7603,167.9270,0.0864,96.3480,0.0009,0.0034,-0.0002,0.0009,0.0000,201.8594,0.4166,-0.0381,0.1867,0.3274,0.2380,23.3991,107.2483,0.2874,0.6659,1,0,0,0,0,9.3108
103.8105,167.9272,0.0864,96.3480,0.0009,0.0034,-0.0002,0.0009,0.0000,201.8758,0.3260,-0.0675,0.1867,0.3274,0.1415,17.8178,111.0438,0.2874,0.6659,1,0,0,0,0,9.5166
103.8697,167.9273,0.0864,96.3480,0.0009,0.0034,-0.0002,0.0009,0.0000,201.8807,0.0825,-0.0987,0.1867,0.3274,0.0421,11.4963,106.8434,0.2874,0.6659,1,0,0,0,0,9.2697
103.9200,167.9275,0.0864,96.3480,0.0009,0.0034,-0.0002,0.0009,0.0000,201.8776,-0.0601,-0.1222,0.1867,0.3274,-0.0096,6.4817,99.7375,0.2874,0.6659,1,0,0,0,0,8.8737
103.9802,167.9276,0.0864,96.3480,0.0009,0.0034,-0.0002,0.0009,0.0000,201.8698,-0.1307,-0.1574,0.1867,0.3274,-0.0504,2.1227,72.3410,0.2874,0.6659,1,0,0,0,0,7.3556
104.0386,167.9278,0.0864,96.3480,0.0009,0.0034,-0.0002,0.0009,0.0000,201.8578,-0.2041,-0.1828,0.1867,0.3274,-0.0828,-1.0932,55.1419,0.2874,0.6659,1,0,0,0,0,6.4041
104.0945,167.9279,0.0864,96.3480,0.0009,0.0034,-0.0002,0.0009,0.0000,201.8426,-0.2726,-0.2082,0.1867,0.3274,-0.1108,-3.6595,45.8462,0.2874,0.6659,1,0,0,0,0,5.8915
104.1569,167.9281,0.0864,96.3480,0.0009,0.0034,-0.0002,0.0009,0.0000,201.8199,-0.3642,-0.2415,0.1867,0.3274,-0.1466,-5.7909,34.1905,0.2874,0.6659,1,0,0,0,0,5.2491
104.2117,167.9283,0.0864,96.3480,0.0009,0.0034,-0.0002,0.0009,0.0000,201.7972,-0.4136,-0.2669,0.1867,0.3274,-0.1773,-7.7524,35.7766,0.2874,0.6659,1,0,0,0,0,5.3399
104.2717,167.9284,0.0864,96.3480,0.0009,0.0034,-0.0002,0.0009,0.0000,201.7714,-0.4302,-0.2923,0.1867,0.3274,-0.2034,-9.7134,32.6734,0.2874,0.6659,1,0,0,0,0,5.1685
104.3310,167.9286,0.0864,96.3480,0.0009,0.0034,-0.0002,0.0009,0.0000,201.7364,-0.5908,-0.3177,0.1867,0.3274,-0.2353,-11.5105,30.3030,0.2874,0.6659,1,0,0,0,0,5.0457
104.3923,167.9288,0.0864,96.3480,0.0009,0.0034,-0.0002,0.0009,0.0000,201.7043,-0.5235,-0.3353,0.1867,0.3274,-0.2564,-13.2577,28.5198,0.2874,0.6659,1,0,0,0,0,4.9429
104.4562,167.9289,0.0864,96.3480,0.0009,0.0034,-0.0002,0.0009,0.0000,201.6630,-0.6467,-0.3529,0.1867,0.3274,-0.2778,-14.7553,23.4369,0.2874,0.6659,1,0,0,0,0,4.6673
104.5116,167.9291,0.0864,96.3480,0.0009,0.0034,-0.0002,0.0009,0.0000,201.6263,-0.6616,-0.3686,0.1867,0.3274,-0.2959,-15.9856,22.1910,0.2874,0.6659,1,0,0,0,0,4.5990
104.5617,167.9292,0.0864,96.3480,0.0009,0.0034,-0.0002,0.0009,0.0000,201.5958,-0.6096,-0.3744,0.1867,0.3274,-0.3058,-16.9791,19.8258,0.2874,0.6659,1,0,0,0,0,4.4647
104.6231,167.9294,0.0864,96.3480,0.0009,0.0034,-0.0002,0.0009,0.0000,201.5488,-0.7660,-0.3783,0.1867,0.3274,-0.3140,-17.8616,14.3844,0.2874,0.6659,1,0,0,0,0,4.1711
104.6824,167.9296,0.0864,96.3480,0.0009,0.0034,-0.0002,0.0009,0.0000,201.5090,-0.6707,-0.3803,0.1867,0.3274,-0.3177,-18.4585,10.0601,0.2874,0.6659,1,0,0,0,0,3.9255
104.7332,167.9297,0.0864,96.3480,0.0009,0.0034,-0.0002,0.0009,0.0000,201.4689,-0.7876,-0.3803,0.1867,0.3274,-0.3187,-18.7674,6.0809,0.2874,0.6659,1,0,0,0,0,3.7110
104.7841,167.9298,0.0864,96.3480,0.0009,0.0034,-0.0002,0.0009,0.0000,201.4289,-0.7872,-0.3803,0.1867,0.3274,-0.3189,-18.9496,3.5785,0.2874,0.6659,1,0,0,0,0,3.5719
104.8374,167.9300,0.0864,96.3480,0.0009,0.0034,-0.0002,0.0009,0.0000,201.3968,-0.6020,-0.3803,0.1867,0.3274,-0.3190,-19.0419,1.7339,0.2874,0.6659,1,0,0,0,0,3.4591
104.8894,167.9301,0.0864,96.3480,0.0009,0.0034,-0.0002,0.0009,0.0000,201.3568,-0.7698,-0.3803,0.1867,0.3274,-0.3190,-19.0853,0.8356,0.2874,0.6659,1,0,0,0,0,3.4186
104.9491,167.9303,0.0864,96.3480,0.0009,0.0034,-0.0002,0.0009,0.0000,201.3170,-0.6654,-0.3705,0.1867,0.3274,-0.3137,-19.0480,0.6252,0.2874,0.6659,1,0,0,0,0,3.4011
105.0096,167.9305,0.0864,96.3480,0.0009,0.0034,-0.0002,0.0009,0.0000,201.2706,-0.7673,-0.3588,0.1867,0.3274,-0.3019,-18.7507,4.9116,0.2874,0.6659,1,0,0,0,0,3.6449
105.0689,167.9306,0.0864,96.3480,0.0009,0.0034,-0.0002,0.0009,0.0000,201.2334,-0.6271,-0.3431,0.1867,0.3274,-0.2877,-18.2329,8.7287,0.2874,0.6659,1,0,0,0,0,3.8491
105.1243,167.9308,0.0864,96.3480,0.0009,0.0034,-0.0002,0.0009,0.0000,201.1980,-0.6389,-0.3275,0.1867,0.3274,-0.2707,-17.5152,12.9758,0.2874,0.6659,1,0,0,0,0,4.0857
105.1746,167.9309,0.0864,96.3480,0.0009,0.0034,-0.0002,0.0009,0.0000,201.1647,-0.6615,-0.3060,0.1867,0.3274,-0.2511,-16.6933,16.3139,0.2874,0.6659,1,0,0,0,0,4.2724
105.2360,167.9311,0.0864,96.3480,0.0009,0.0034,-0.0002,0.0009,0.0000,201.1343,-0.4952,-0.2747,0.1867,0.3274,-0.2215,-15.4355,20.4903,0.2874,0.6659,1,0,0,0,0,4.4952
105.2965,167.9313,0.0864,96.3480,0.0009,0.0034,-0.0002,0.0009,0.0000,201.1025,-0.5269,-0.2415,0.1867,0.3274,-0.1843,-13.7071,28.5856,0.2874,0.6659,1,0,0,0,0,4.9467
105.3467,167.9314,0.0864,96.3480,0.0009,0.0034,-0.0002,0.0009,0.0000,201.0843,-0.3621,-0.2102,0.1867,0.3274,-0.1552,-12.1321,31.3558,0.2874,0.6659,1,0,0,0,0,5.0915
105.4046,167.9315,0.0864,96.3480,0.0009,0.0034,-0.0002,0.0009,0.0000,201.0651,-0.3313,-0.1789,0.1867,0.3274,-0.1207,-10.0906,35.2878,0.2874,0.6659,1,0,0,0,0,5.3082
105.4571,167.9317,0.0864,96.3480,0.0009,0.0034,-0.0002,0.0009,0.0000,201.0503,-0.2823,-0.1417,0.1867,0.3274,-0.0803,-8.1451,37.0298,0.2874,0.6659,1,0,0,0,0,5.4023
105.5139,167.9319,0.0864,96.3480,0.0009,0.0034,-0.0002,0.0009,0.0000,201.0397,-0.1857,-0.1085,0.1867,0.3274,-0.0432,-5.6474,43.9382,0.2874,0.6659,1,0,0,0,0,5.7807
105.5644,167.9320,0.0864,96.3480,0.0009,0.0034,-0.0002,0.0009,0.0000,201.0341,-0.1119,-0.0714,0.1867,0.3274,0.0122,-3.5741,41.0883,0.2874,0.6659,1,0,0,0,0,5.6183
105.6180,167.9321,0.0864,96.3480,0.0009,0.0034,-0.0002,0.0009,0.0000,201.0375,0.0626,-0.0401,0.1867,0.3274,0.1041,-0.3359,60.3821,0.2874,0.6659,1,0,0,0,0,6.6874
105.6700,167.9323,0.0864,96.3480,0.0009,0.0034,-0.0002,0.0009,0.0000,201.0485,0.2129,-0.0127,0.1867,0.3274,0.1905,3.8432,80.4237,0.2874,0.6659,1,0,0,0,0,7.8092
105.7309,167.9324,0.0864,96.3480,0.0009,0.0034,-0.0002,0.0009,0.0000,201.0802,0.5190,0.0225,0.1867,0.3274,0.3208,10.1581,103.6194,0.2874,0.6659,1,0,0,0,0,9.1148
105.7812,167.9326,0.0864,96.3480,0.0009,0.0034,-0.0002,0.0009,0.0000,201.1102,0.5978,0.0401,0.1867,0.3274,0.3933,15.3861,103.9671,0.2874,0.6659,1,0,0,0,0,9.1385
105.8416,167.9327,0.0864,96.3480,0.0009,0.0034,-0.0002,0.0009,0.0000,201.1665,0.9321,0.0655,0.1867,0.3274,0.4867,21.4071,99.7318,0.2874,0.6659,1,0,0,0,0,8.9218
105.9018,167.9329,0.0864,96.3480,0.0009,0.0034,-0.0002,0.0009,0.0000,201.2283,1.0266,0.0811,0.1867,0.3274,0.7256,27.0843,94.2891,0.2874,0.6659,1,0,0,0,0,8.6247
105.9544,167.9331,0.0864,96.3480,0.0009,0.0034,-0.0002,0.0009,0.0000,201.3228,1.7968,0.0968,0.1867,0.3274,0.9298,38.1780,211.0095,0.2874,0.6659,1,0,0,0,0,13.4292
106.0145,167.9332,0.0864,96.3480,0.0009,0.0034,-0.0002,0.0009,0.0000,201.4282,1.7540,0.1046,0.1867,0.3274,0.9820,48.7723,176.2651,0.2874,0.6659,1,0,0,0,0,13.2193
106.0745,167.9334,0.0864,96.3480,0.0009,0.0034,-0.0002,0.0009,0.0000,201.5582,2.1660,0.1065,0.1867,0.3274,0.9965,54.5496,96.2671,0.2874,0.6659,1,0,0,0,0,8.7979
106.1318,167.9335,0.0864,96.3480,0.0009,0.0034,-0.0002,0.0009,0.0000,201.6672,1.9041,0.1065,0.1867,0.3274,0.9991,57.4452,50.5784,0.2874,0.6659,1,0,0,0,0,6.2451
106.1847,167.9337,0.0864,96.3480,0.0009,0.0034,-0.0002,0.0009,0.0000,201.7764,2.0605,0.1046,0.1867,0.3274,0.9998,58.6967,23.6222,0.2874,0.6659,1,0,0,0,0,4.7562
106.2353,167.9338,0.0864,96.3480,0.0009,0.0034,-0.0002,0.0009,0.0000,201.8603,1.6611,0.0948,0.1867,0.3274,0.8513,59.3047,12.0264,0.2874,0.6659,1,0,0,0,0,4.0898
106.2878,167.9340,0.0864,96.3480,0.0009,0.0034,-0.0002,0.0009,0.0000,201.9242,1.2149,0.0870,0.1867,0.3274,0.4909,49.8939,179.1320,0.2874,0.6659,1,0,0,0,0,13.3486
106.3483,167.9341,0.0864,96.3480,0.0009,0.0034,-0.0002,0.0009,0.0000,201.9674,0.7148,0.0752,0.1867,0.3274,0.3830,36.8107,216.2737,0.2874,0.6659,1,0,0,0,0,13.3691
106.4067,167.9343,0.0864,96.3480,0.0009,0.0034,-0.0002,0.0009,0.0000,202.0097,0.7237,0.0596,0.1867,0.3274,0.3266,28.5754,140.9537,0.2874,0.6659,1,0,0,0,0,11.2003
106.4594,167.9344,0.0864,96.3480,0.0009,0.0034,-0.0002,0.0009,0.0000,202.0347,0.4748,0.0459,0.1867,0.3274,0.3007,23.8367,90.0162,0.2874,0.6659,1,0,0,0,0,8.3566
106.5201,167.9346,0.0864,96.3479,0.0009,0.0034,-0.0002,0.0009,0.0000,202.0680,0.5491,0.0322,0.1867,0.3274,0.2673,20.1804,60.2724,0.2874,0.6659,1,0,0,0,0,6.7083
106.5799,167.9348,0.0864,96.3479,0.0009,0.0034,-0.0002,0.0009,0.0000,202.0923,0.4057,0.0166,0.1867,0.3274,0.2381,17.5239,44.3965,0.2874,0.6659,1,0,0,0,0,5.8184
106.6406,167.9349,0.0864,96.3479,0.0009,0.0034,-0.0002,0.0009,0.0000,202.1170,0.4074,-0.0010,0.1867,0.3274,0.2023,15.2206,37.9644,0.2874,0.6659,1,0,0,0,0,5.4611
106.6997,167.9351,0.0864,96.3478,0.0009,0.0034,-0.0002,0.0009,0.0000,202.1337,0.2831,-0.0166,0.1867,0.3274,0.1700,13.1732,34.6223,0.2874,0.6659,1,0,0,0,0,5.2686
106.7498,167.9353,0.0864,96.3478,0.0009,0.0034,-0.0002,0.0009,0.0000,202.1470,0.2650,-0.0284,0.1867,0.3274,0.1418,11.4157,35.0405,0.2874,0.6659,1,0,0,0,0,5.2908
106.8110,167.9354,0.0864,96.3477,0.0009,0.0034,-0.0002,0.0009,0.0000,202.1571,0.1642,-0.0440,0.1867,0.3274,0.1124,9.4065,32.8652,0.2874,0.6659,1,0,0,0,0,5.1643
106.8696,167.9356,0.0864,96.3477,0.0009,0.0034,-0.0002,0.0009,0.0000,202.1640,0.1182,-0.0577,0.1867,0.3274,0.0849,7.5798,31.1728,0.2874,0.6659,1,0,0,0,0,5.0678
106.9312,167.9357,0.0864,96.3477,0.0009,0.0034,-0.0002,0.0009,0.0000,202.1683,0.0701,-0.0694,0.1867,0.3274,0.0550,5.7056,30.4142,0.2874,0.6659,1,0,0,0,0,5.0229
106.9922,167.9359,0.0864,96.3476,0.0009,0.0034,-0.0002,0.0009,0.0000,202.1691,0.0123,-0.0831,0.1867,0.3274,0.0318,4.0346,27.3901,0.2874,0.6659,1,0,0,0,0,4.8517
107.0529,167.9361,0.0864,96.3476,0.0009,0.0034,-0.0002,0.0009,0.0000,202.1664,-0.0443,-0.0929,0.1867,0.3274,0.0060,2.4402,26.2742,0.2874,0.6659,1,0,0,0,0,4.7915
107.1126,167.9362,0.0864,96.3475,0.0009,0.0034,-0.0002,0.0009,0.0000,202.1621,-0.0716,-0.1046,0.1867,0.3274,-0.0085,1.1030,22.3993,0.2874,0.6659,1,0,0,0,0,4.5777
107.1692,167.9364,0.0864,96.3475,0.0009,0.0034,-0.0002,0.0009,0.0000,202.1563,-0.1024,-0.1164,0.1867,0.3274,-0.0211,-0.0160,19.7669,0.2874,0.6659,1,0,0,0,0,4.4332
107.2250,167.9365,0.0864,96.3475,0.0009,0.0034,-0.0002,0.0009,0.0000,202.1491,-0.1291,-0.1281,0.1867,0.3274,-0.0333,-0.7537,13.2257,0.2874,0.6659,1,0,0,0,0,4.0713
107.2805,167.9367,0.0864,96.3474,0.0009,0.0034,-0.0002,0.0009,0.0000,202.1406,-0.1528,-0.1378,0.1867,0.3274,-0.0448,-1.5963,15.1721,0.2874,0.6659,1,0,0,0,0,4.1808
107.3311,167.9368,0.0864,96.3474,0.0009,0.0034,-0.0002,0.0009,0.0000,202.1308,-0.1941,-0.1457,0.1867,0.3274,-0.0557,-2.2556,13.0213,0.2874,0.6659,1,0,0,0,0,4.0636
107.3833,167.9370,0.0864,96.3473,0.0009,0.0034,-0.0002,0.0009,0.0000,202.1199,-0.2093,-0.1535,0.1867,0.3274,-0.0651,-2.9724,13.7341,0.2874,0.6659,1,0,0,0,0,4.1040
107.4394,167.9371,0.0864,96.3473,0.0009,0.0034,-0.0002,0.0009,0.0000,202.1079,-0.2123,-0.1613,0.1867,0.3274,-0.0737,-3.5677,10.6173,0.2874,0.6659,1,0,0,0,0,3.9310
107.5006,167.9373,0.0864,96.3473,0.0009,0.0034,-0.0002,0.0009,0.0000,202.0952,-0.2081,-0.1672,0.1867,0.3274,-0.0803,-4.1072,8.8225,0.2874,0.6659,1,0,0,0,0,3.8311
107.5535,167.9375,0.0864,96.3472,0.0009,0.0034,-0.0002,0.0009,0.0000,202.0818,-0.2537,-0.1711,0.1867,0.3274,-0.0856,-4.5286,7.9623,0.2874,0.6659,1,0,0,0,0,3.7858
107.6141,167.9376,0.0864,96.3472,0.0009,0.0034,-0.0002,0.0009,0.0000,202.0678,-0.2304,-0.1750,0.1867,0.3274,-0.0903,-4.9265,6.5605,0.2874,0.6659,1,0,0,0,0,3.7066
107.6694,167.9378,0.0864,96.3472,0.0009,0.0034,-0.0002,0.0009,0.0000,202.0533,-0.2633,-0.1809,0.1867,0.3274,-0.0959,-5.2934,6.6362,0.2874,0.6659,1,0,0,0,0,3.7127
107.7219,167.9379,0.0864,96.3471,0.0009,0.0034,-0.0002,0.0009,0.0000,202.0380,-0.2909,-0.1867,0.1867,0.3274,-0.1022,-5.5974,5.7954,0.2874,0.6659,1,0,0,0,0,3.6675
107.7831,167.9381,0.0864,96.3471,0.0009,0.0034,-0.0002,0.0009,0.0000,202.0187,-0.3163,-0.1965,0.1867,0.3274,-0.1114,-6.0265,7.0141,0.2874,0.6659,1,0,0,0,0,3.7366
107.8382,167.9382,0.0864,96.3471,0.0009,0.0034,-0.0002,0.0009,0.0000,202.0013,-0.3156,-0.2082,0.1867,0.3274,-0.1235,-6.4249,7.2285,0.2874,0.6659,1,0,0,0,0,3.7485
107.8904,167.9384,0.0864,96.3471,0.0009,0.0034,-0.0002,0.0009,0.0000,201.9862,-0.2879,-0.2219,0.1867,0.3274,-0.1352,-7.1658,14.1804,0.2874,0.6659,1,0,0,0,0,4.1332
107.9429,167.9385,0.0864,96.3471,0.0009,0.0034,-0.0002,0.0009,0.0000,201.9657,-0.3910,-0.2395,0.1867,0.3274,-0.1530,-7.8353,12.7659,0.2874,0.6659,1,0,0,0,0,4.0603
107.9982,167.9387,0.0864,96.3471,0.0009,0.0034,-0.0002,0.0009,0.0000,201.9433,-0.4060,-0.2551,0.1867,0.3274,-0.1704,-8.7955,17.3562,0.2874,0.6659,1,0,0,0,0,4.3162
108.0515,167.9388,0.0864,96.3471,0.0009,0.0034,-0.0002,0.0009,0.0000,201.9188,-0.4592,-0.2747,0.1867,0.3274,-0.1893,-9.7911,18.6789,0.2874,0.6659,1,0,0,0,0,4.3926
108.1126,167.9390,0.0864,96.3471,0.0009,0.0034,-0.0002,0.0009,0.0000,201.8920,-0.4385,-0.2962,0.1867,0.3274,-0.2105,-10.9248,18.5521,0.2874,0.6659,1,0,0,0,0,4.3844
108.1702,167.9391,0.0864,96.3471,0.0009,0.0034,-0.0002,0.0009,0.0000,201.8566,-0.6144,-0.3138,0.1867,0.3274,-0.2346,-12.1827,21.8323,0.2874,0.6659,1,0,0,0,0,4.5764
108.2208,167.9393,0.0864,96.3471,0.0009,0.0034,-0.0002,0.0009,0.0000,201.8311,-0.5035,-0.3314,0.1867,0.3274,-0.2521,-13.2733,21.5731,0.2874,0.6659,1,0,0,0,0,4.5558
108.2782,167.9395,0.0864,96.3471,0.0009,0.0034,-0.0002,0.0009,0.0000,201.7973,-0.5888,-0.3451,0.1867,0.3274,-0.2707,-14.6338,23.6909,0.2874,0.6659,1,0,0,0,0,4.6782
108.3393,167.9396,0.0864,96.3471,0.0009,0.0034,-0.0002,0.0009,0.0000,201.7541,-0.7085,-0.3666,0.1867,0.3274,-0.2929,-15.8001,19.0948,0.2874,0.6659,1,0,0,0,0,4.4296
108.4010,167.9398,0.0864,96.3471,0.0009,0.0034,-0.0002,0.0009,0.0000,201.7160,-0.6173,-0.3783,0.1867,0.3274,-0.3077,-17.0057,19.5248,0.2874,0.6659,1,0,0,0,0,4.4484
108.4577,167.9399,0.0864,96.3471,0.0009,0.0034,-0.0002,0.0009,0.0000,201.6765,-0.6966,-0.3822,0.1867,0.3274,-0.3168,-17.9834,17.2590,0.2874,0.6659,1,0,0,0,0,4.3269
108.5115,167.9401,0.0864,96.3471,0.0009,0.0034,-0.0002,0.0009,0.0000,201.6362,-0.7482,-0.3881,0.1867,0.3274,-0.3237,-18.5788,11.0601,0.2874,0.6659,1,0,0,0,0,3.9854
108.5685,167.9402,0.0864,96.3471,0.0009,0.0034,-0.0002,0.0009,0.0000,201.5953,-0.7182,-0.3900,0.1867,0.3274,-0.3280,-19.1280,9.6305,0.2874,0.6659,1,0,0,0,0,3.9043
108.6299,167.9404,0.0864,96.3471,0.0009,0.0034,-0.0002,0.0009,0.0000,201.5459,-0.8054,-0.3920,0.1867,0.3274,-0.3299,-19.4413,5.1035,0.2874,0.6659,1,0,0,0,0,3.6576
108.6823,167.9406,0.0864,96.3471,0.0009,0.0034,-0.0002,0.0009,0.0000,201.5044,-0.7911,-0.3920,0.1867,0.3274,-0.3314,-19.6384,3.7658,0.2874,0.6659,1,0,0,0,0,3.5825
108.7352,167.9407,0.0864,96.3471,0.0009,0.0034,-0.0002,0.0009,0.0000,201.4712,-0.6269,-0.3920,0.1867,0.3274,-0.3317,-19.7694,2.4728,0.2874,0.6659,1,0,0,0,0,3.5016
108.7874,167.9408,0.0864,96.3471,0.0009,0.0034,-0.0002,0.0009,0.0000,201.4300,-0.7891,-0.3822,0.1867,0.3274,-0.3263,-19.7900,0.3956,0.2874,0.6659,1,0,0,0,0,3.3952
108.8469,167.9410,0.0864,96.3471,0.0009,0.0034,-0.0002,0.0009,0.0000,201.3819,-0.8096,-0.3686,0.1867,0.3274,-0.3144,-19.5154,4.6172,0.2874,0.6659,1,0,0,0,0,3.6309
108.8970,167.9411,0.0864,96.3471,0.0009,0.0034,-0.0002,0.0009,0.0000,201.3509,-0.6175,-0.3529,0.1867,0.3274,-0.3013,-19.0406,9.4739,0.2874,0.6659,1,0,0,0,0,3.8900
108.9493,167.9413,0.0864,96.3471,0.0009,0.0034,-0.0002,0.0009,0.0000,201.3141,-0.7050,-0.3373,0.1867,0.3274,-0.2836,-18.3828,12.5803,0.2874,0.6659,1,0,0,0,0,4.0674
109.0027,167.9414,0.0864,96.3471,0.0009,0.0034,-0.0002,0.0009,0.0000,201.2796,-0.6453,-0.3138,0.1867,0.3274,-0.2596,-17.4684,17.1258,0.2874,0.6659,1,0,0,0,0,4.3167
109.0638,167.9416,0.0864,96.3471,0.0009,0.0034,-0.0002,0.0009,0.0000,201.2482,-0.5147,-0.2845,0.1867,0.3274,-0.2308,-16.1869,20.9866,0.2874,0.6659,1,0,0,0,0,4.5239
109.1204,167.9418,0.0864,96.3471,0.0009,0.0034,-0.0002,0.0009,0.0000,201.2204,-0.4902,-0.2493,0.1867,0.3274,-0.1961,-14.4333,30.9847,0.2874,0.6659,1,0,0,0,0,5.0780
109.1810,167.9419,0.0864,96.3471,0.0009,0.0034,-0.0002,0.0009,0.0000,201.1924,-0.4623,-0.2141,0.1867,0.3274,-0.1553,-12.3851,33.7648,0.2874,0.6659,1,0,0,0,0,5.2309
109.2374,167.9421,0.0864,96.3471,0.0009,0.0034,-0.0002,0.0009,0.0000,201.1732,-0.3406,-0.1809,0.1867,0.3274,-0.1211,-10.3271,36.5211,0.2874,0.6659,1,0,0,0,0,5.3772
109.2904,167.9422,0.0864,96.3471,0.0009,0.0034,-0.0002,0.0009,0.0000,201.1608,-0.2347,-0.1535,0.1867,0.3274,-0.0914,-8.2588,38.9838,0.2874,0.6659,1,0,0,0,0,5.5082
109.3438,167.9424,0.0864,96.3471,0.0009,0.0034,-0.0002,0.0009,0.0000,201.1489,-0.2228,-0.1222,0.1867,0.3274,-0.0566,-6.3966,34.8653,0.2874,0.6659,1,0,0,0,0,5.2787
109.3999,167.9425,0.0864,96.3471,0.0009,0.0034,-0.0002,0.0009,0.0000,201.1406,-0.1470,-0.0987,0.1867,0.3274,-0.0267,-4.2215,38.8131,0.2874,0.6659,1,0,0,0,0,5.4938
109.4510,167.9427,0.0864,96.3471,0.0009,0.0034,-0.0002,0.0009,0.0000,201.1357,-0.0974,-0.0753,0.1867,0.3274,0.0052,-2.5408,32.8945,0.2874,0.6659,1,0,0,0,0,5.1622
109.5011,167.9428,0.0864,96.3471,0.0009,0.0034,-0.0002,0.0009,0.0000,201.1346,-0.0207,-0.0616,0.1867,0.3274,0.0346,-0.6738,37.2805,0.2874,0.6659,1,0,0,0,0,5.4017
109.5544,167.9430,0.0864,96.3471,0.0009,0.0034,-0.0002,0.0009,0.0000,201.1372,0.0478,-0.0420,0.1867,0.3274,0.0727,1.1642,34.4457,0.2874,0.6659,1,0,0,0,0,5.2457
109.6150,167.9431,0.0864,96.3471,0.0009,0.0034,-0.0002,0.0009,0.0000,201.1456,0.1390,-0.0245,0.1867,0.3274,0.1130,3.5428,39.2605,0.2874,0.6659,1,0,0,0,0,5.5182
109.6742,167.9433,0.0864,96.3471,0.0009,0.0034,-0.0002,0.0009,0.0000,201.1567,0.1873,-0.0108,0.1867,0.3274,0.1442,5.7583,37.4127,0.2874,0.6659,1,0,0,0,0,5.4183
109.7348,167.9435,0.0864,96.3471,0.0009,0.0034,-0.0002,0.0009,0.0000,201.1732,0.2736,-0.0049,0.1867,0.3274,0.1652,7.5986,30.3866,0.2874,0.6659,1,0,0,0,0,5.0327
109.7905,167.9436,0.0864,96.3471,0.0009,0.0034,-0.0002,0.0009,0.0000,201.1886,0.2752,-0.0029,0.1867,0.3274,0.1737,8.9668,24.5553,0.2874,0.6659,1,0,0,0,0,4.7088
109.8426,167.9438,0.0864,96.3471,0.0009,0.0034,-0.0002,0.0009,0.0000,201.2013,0.2444,-0.0029,0.1867,0.3274,0.1763,9.6682,13.4695,0.2874,0.6659,1,0,0,0,0,4.0913
109.9030,167.9439,0.0864,96.3471,0.0009,0.0034,-0.0002,0.0009,0.0000,201.2206,0.3191,-0.0029,0.1867,0.3274,0.1774,10.1778,8.4303,0.2874,0.6659,1,0,0,0,0,3.8155
109.9623,167.9441,0.0864,96.3471,0.0009,0.0034,-0.0002,0.0009,0.0000,201.2367,0.2713,-0.0029,0.1867,0.3274,0.1776,10.4311,4.2705,0.2874,0.6659,1,0,0,0,0,3.5817
110.0139,167.9442,0.0864,96.3471,0.0009,0.0034,-0.0002,0.0009,0.0000,201.2528,0.3125,-0.0029,0.1867,0.3274,0.1776,10.5401,2.1156,0.2874,0.6659,1,0,0,0,0,3.4643
110.0658,167.9444,0.0864,96.3471,0.0009,0.0034,-0.0002,0.0009,0.0000,201.2657,0.2489,-0.0029,0.1867,0.3274,0.1777,10.5986,1.1248,0.2874,0.6659,1,0,0,0,0,3.4057
110.1213,167.9445,0.0864,96.3471,0.0009,0.0034,-0.0002,0.0009,0.0000,201.2819,0.2916,-0.0029,0.1867,0.3274,0.1777,10.6313,0.5904,0.2874,0.6659,1,0,0,0,0,3.3784
110.1740,167.9447,0.0864,96.3471,0.0009,0.0034,-0.0002,0.0009,0.0000,201.2981,0.3075,-0.0029,0.1867,0.3274,0.1777,10.6453,0.2644,0.2874,0.6659,1,0,0,0,0,3.3611
110.2279,167.9448,0.0864,96.3471,0.0009,0.0034,-0.0002,0.0009,0.0000,201.3143,0.3005,0.0010,0.1867,0.3274,0.1796,10.6521,0.1268,0.2874,0.6659,1,0,0,0,0,3.3531
110.2856,167.9450,0.0864,96.3471,0.0009,0.0034,-0.0002,0.0009,0.0000,201.3316,0.2994,0.0127,0.1867,0.3274,0.1949,10.9019,4.3291,0.2874,0.6659,1,0,0,0,0,3.5865
110.3438,167.9451,0.0864,96.3471,0.0009,0.0034,-0.0002,0.0009,0.0000,201.3514,0.3408,0.0283,0.1867,0.3274,0.2216,11.6835,13.4295,0.2874,0.6659,1,0,0,0,0,4.0944
110.3980,167.9453,0.0864,96.3471,0.0009,0.0034,-0.0002,0.0009,0.0000,201.3745,0.4260,0.0459,0.1867,0.3274,0.2518,12.9159,22.7537,0.2874,0.6659,1,0,0,0,0,4.6171
110.4585,167.9454,0.0864,96.3471,0.0009,0.0034,-0.0002,0.0009,0.0000,201.4078,0.5506,0.0752,0.1867,0.3274,0.3039,14.8209,31.4911,0.2874,0.6659,1,0,0,0,0,5.1095
110.5189,167.9456,0.0864,96.3471,0.0009,0.0034,-0.0002,0.0009,0.0000,201.4419,0.5633,0.1026,0.1867,0.3274,0.3582,17.3746,42.2196,0.2874,0.6659,1,0,0,0,0,5.7062
110.5794,167.9458,0.0864,96.3471,0.0009,0.0034,-0.0002,0.0009,0.0000,201.4910,0.8130,0.1339,0.1867,0.3274,0.4237,20.5586,52.7005,0.2874,0.6659,1,0,0,0,0,6.3023
110.6402,167.9459,0.0864,96.3471,0.0009,0.0034,-0.0002,0.0009,0.0000,201.5387,0.7839,0.1613,0.1867,0.3274,0.4782,23.9328,55.4483,0.2874,0.6659,1,0,0,0,0,6.4534
110.6977,167.9461,0.0864,96.3471,0.0009,0.0034,-0.0002,0.0009,0.0000,201.5923,0.9328,0.1808,0.1867,0.3274,0.5278,27.3893,60.0791,0.2874,0.6659,1,0,0,0,0,6.7189
110.7483,167.9462,0.0864,96.3471,0.0009,0.0034,-0.0002,0.0009,0.0000,201.6511,1.1622,0.2043,0.1867,0.3274,0.5716,29.9597,50.8383,0.2874,0.6659,1,0,0,0,0,6.2183
110.7983,167.9464,0.0864,96.3471,0.0009,0.0034,-0.0002,0.0009,0.0000,201.7014,1.0063,0.2199,0.1867,0.3274,0.6034,32.3600,47.9806,0.2874,0.6659,1,0,0,0,0,6.0509
110.8584,167.9465,0.0864,96.3471,0.0009,0.0034,-0.0002,0.0009,0.0000,201.7824,1.3487,0.2375,0.1867,0.3274,0.6484,35.1293,46.1395,0.2874,0.6659,1,0,0,0,0,5.9676
110.9178,167.9467,0.0864,96.3471,0.0009,0.0034,-0.0002,0.0009,0.0000,201.8542,1.2086,0.2512,0.1867,0.3274,0.6807,37.5848,41.3372,0.2874,0.6659,1,0,0,0,0,5.6930
110.9701,167.9469,0.0864,96.3471,0.0009,0.0034,-0.0002,0.0009,0.0000,201.9282,1.4153,0.2532,0.1867,0.3274,0.6940,39.3675,34.0863,0.2874,0.6659,1,0,0,0,0,5.3017
111.0277,167.9470,0.0864,96.3471,0.0009,0.0034,-0.0002,0.0009,0.0000,202.0032,1.3000,0.2532,0.1867,0.3274,0.6987,40.6323,21.9373,0.2874,0.6659,1,0,0,0,0,4.6203
111.0823,167.9472,0.0864,96.3471,0.0009,0.0034,-0.0002,0.0009,0.0000,202.0784,1.3782,0.2532,0.1867,0.3274,0.6999,41.3364,12.9008,0.2874,0.6659,1,0,0,0,0,4.1226
111.1368,167.9473,0.0864,96.3470,0.0009,0.0034,-0.0002,0.0009,0.0000,202.1536,1.3787,0.2512,0.1867,0.3274,0.6986,41.6488,5.7291,0.2874,0.6659,1,0,0,0,0,3.7242
111.1871,167.9474,0.0864,96.3470,0.0009,0.0034,-0.0002,0.0009,0.0000,202.2129,1.1796,0.2375,0.1867,0.3274,0.6845,41.6168,0.6365,0.2874,0.6659,1,0,0,0,0,3.4303
111.2418,167.9476,0.0864,96.3469,0.0009,0.0034,-0.0002,0.0009,0.0000,202.2844,1.3088,0.2238,0.1867,0.3274,0.6561,40.8371,14.2658,0.2874,0.6659,1,0,0,0,0,4.1946
111.2933,167.9477,0.0864,96.3469,0.0009,0.0034,-0.0002,0.0009,0.0000,202.3524,1.3204,0.2062,0.1867,0.3274,0.6232,39.7822,20.4811,0.2874,0.6659,1,0,0,0,0,4.5406
111.3589,167.9479,0.0864,96.3469,0.0009,0.0034,-0.0002,0.0009,0.0000,202.4282,1.1558,0.1750,0.1867,0.3274,0.5696,37.7886,30.4009,0.2874,0.6659,1,0,0,0,0,5.0825
111.4090,167.9480,0.0864,96.3468,0.0009,0.0034,-0.0002,0.0009,0.0000,202.4737,0.9066,0.1417,0.1867,0.3274,0.5175,35.3614,48.3803,0.2874,0.6659,1,0,0,0,0,6.0675
111.4695,167.9482,0.0864,96.3468,0.0009,0.0034,-0.0002,0.0009,0.0000,202.5335,0.9880,0.1085,0.1867,0.3274,0.4437,31.9491,56.4209,0.2874,0.6659,1,0,0,0,0,6.5188
111.5291,167.9484,0.0864,96.3467,0.0009,0.0034,-0.0002,0.0009,0.0000,202.5753,0.7017,0.0791,0.1867,0.3274,0.3805,28.2277,62.4311,0.2874,0.6659,1,0,0,0,0,6.8367
111.5817,167.9485,0.0864,96.3467,0.0009,0.0034,-0.0002,0.0009,0.0000,202.6102,0.6631,0.0499,0.1867,0.3274,0.3197,24.7958,65.2405,0.2874,0.6659,1,0,0,0,0,6.9907
111.6393,167.9487,0.0864,96.3467,0.0009,0.0034,-0.0002,0.0009,0.0000,202.6382,0.4856,0.0186,0.1867,0.3274,0.2573,20.4240,75.8962,0.2874,0.6659,1,0,0,0,0,7.5728
111.6909,167.9488,0.0864,96.3466,0.0009,0.0034,-0.0002,0.0009,0.0000,202.6602,0.4272,-0.0010,0.1867,0.3274,0.2117,17.4754,57.1299,0.2874,0.6659,1,0,0,0,0,6.5270
111.7475,167.9490,0.0864,96.3466,0.0009,0.0034,-0.0002,0.0009,0.0000,202.6770,0.2964,-0.0206,0.1867,0.3274,0.1669,14.1801,58.2489,0.2874,0.6659,1,0,0,0,0,6.5819
111.8040,167.9492,0.0864,96.3465,0.0009,0.0034,-0.0002,0.0009,0.0000,202.6893,0.2174,-0.0401,0.1867,0.3274,0.1276,11.6329,45.0859,0.2874,0.6659,1,0,0,0,0,5.8462
111.8556,167.9493,0.0864,96.3465,0.0009,0.0034,-0.0002,0.0009,0.0000,202.6965,0.1409,-0.0636,0.1867,0.3274,0.0803,9.2390,46.4505,0.2874,0.6659,1,0,0,0,0,5.9178
111.9148,167.9494,0.0864,96.3465,0.0009,0.0034,-0.0002,0.0009,0.0000,202.6979,0.0240,-0.0929,0.1867,0.3274,0.0267,6.2482,50.5182,0.2874,0.6659,1,0,0,0,0,6.1373
111.9667,167.9496,0.0864,96.3464,0.0009,0.0034,-0.0002,0.0009,0.0000,202.6922,-0.1100,-0.1164,0.1867,0.3274,-0.0446,3.2765,57.2536,0.2874,0.6659,1,0,0,0,0,6.5162
112.0257,167.9498,0.0864,96.3464,0.0009,0.0034,-0.0002,0.0009,0.0000,202.6776,-0.2475,-0.1457,0.1867,0.3274,-0.1288,-0.9237,71.1185,0.2874,0.6659,1,0,0,0,0,7.2941
112.0797,167.9499,0.0864,96.3464,0.0009,0.0034,-0.0002,0.0009,0.0000,202.6527,-0.4619,-0.1770,0.1867,0.3274,-0.2225,-5.6528,87.6132,0.2874,0.6659,1,0,0,0,0,8.2224
112.1362,167.9501,0.0864,96.3463,0.0009,0.0034,-0.0002,0.0009,0.0000,202.6175,-0.6226,-0.2043,0.1867,0.3274,-0.3113,-11.0265,95.1671,0.2874,0.6659,1,0,0,0,0,8.6510
112.1979,167.9502,0.0864,96.3463,0.0009,0.0034,-0.0002,0.0009,0.0000,202.5733,-0.7168,-0.2258,0.1867,0.3274,-0.3864,-16.2035,83.8669,0.2874,0.6659,1,0,0,0,0,8.0285
112.2486,167.9504,0.0864,96.3462,0.0009,0.0034,-0.0002,0.0009,0.0000,202.5201,-1.0486,-0.2473,0.1867,0.3274,-0.4645,-20.4958,84.6655,0.2874,0.6659,1,0,0,0,0,8.0913
112.3053,167.9505,0.0864,96.3462,0.0009,0.0034,-0.0002,0.0009,0.0000,202.4589,-1.0786,-0.2669,0.1867,0.3274,-0.5321,-25.3574,85.6589,0.2874,0.6659,1,0,0,0,0,8.1481
112.3578,167.9507,0.0864,96.3462,0.0009,0.0034,-0.0002,0.0009,0.0000,202.3902,-1.3087,-0.2864,0.1867,0.3274,-0.5962,-29.4598,78.2239,0.2874,0.6659,1,0,0,0,0,7.7478
112.4085,167.9508,0.0864,96.3461,0.0009,0.0034,-0.0002,0.0009,0.0000,202.3302,-1.1838,-0.3021,0.1867,0.3274,-0.6463,-33.6004,81.6121,0.2874,0.6659,1,0,0,0,0,7.9291
112.4621,167.9510,0.0864,96.3461,0.0009,0.0034,-0.0002,0.0009,0.0000,202.2486,-1.5219,-0.3216,0.1867,0.3274,-0.7106,-36.9447,62.3701,0.2874,0.6659,1,0,0,0,0,6.8789
112.5183,167.9511,0.0864,96.3461,0.0009,0.0034,-0.0002,0.0009,0.0000,202.1605,-1.5676,-0.3373,0.1867,0.3274,-0.7641,-41.0566,73.1875,0.2874,0.6659,1,0,0,0,0,7.4824
112.5726,167.9512,0.0864,96.3460,0.0009,0.0034,-0.0002,0.0009,0.0000,202.0662,-1.7360,-0.3548,0.1867,0.3274,-0.8200,-44.0882,55.8092,0.2874,0.6659,1,0,0,0,0,6.5263
112.6319,167.9514,0.0864,96.3460,0.0009,0.0034,-0.0002,0.0009,0.0000,201.9455,-2.0368,-0.3666,0.1867,0.3274,-0.8729,-47.7532,61.8480,0.2874,0.6659,1,0,0,0,0,6.8785
112.6863,167.9516,0.0864,96.3460,0.0009,0.0034,-0.0002,0.0009,0.0000,201.8619,-1.5373,-0.3725,0.1867,0.3274,-0.8961,-50.3376,47.5500,0.2874,0.6659,1,0,0,0,0,6.0564
112.7462,167.9517,0.0864,96.3460,0.0009,0.0034,-0.0002,0.0009,0.0000,201.7338,-2.1364,-0.3744,0.1867,0.3274,-0.9133,-52.5464,36.8343,0.2874,0.6659,1,0,0,0,0,5.4944
112.8028,167.9519,0.0864,96.3460,0.0009,0.0034,-0.0002,0.0009,0.0000,201.6263,-1.9005,-0.3744,0.1867,0.3274,-0.9164,-53.8245,22.5797,0.2874,0.6659,1,0,0,0,0,4.6894
112.8568,167.9520,0.0864,96.3460,0.0009,0.0034,-0.0002,0.0009,0.0000,201.5185,-1.9977,-0.3744,0.1867,0.3274,-0.9172,-54.3784,10.2712,0.2874,0.6659,1,0,0,0,0,4.0110
112.9161,167.9522,0.0864,96.3460,0.0009,0.0034,-0.0002,0.0009,0.0000,201.4107,-1.8150,-0.3744,0.1867,0.3274,-0.9174,-54.7298,5.9172,0.2874,0.6659,1,0,0,0,0,3.7589
112.9735,167.9524,0.0864,96.3460,0.0009,0.0034,-0.0002,0.0009,0.0000,201.3035,-1.8694,-0.3686,0.1867,0.3274,-0.9071,-54.7566,0.4675,0.2874,0.6659,1,0,0,0,0,3.4592
113.0266,167.9525,0.0864,96.3460,0.0009,0.0034,-0.0002,0.0009,0.0000,201.1985,-1.9776,-0.3568,0.1867,0.3274,-0.8806,-54.3041,8.5272,0.2874,0.6659,1,0,0,0,0,3.9130
113.0862,167.9527,0.0864,96.3460,0.0009,0.0034,-0.0002,0.0009,0.0000,201.0972,-1.6974,-0.3431,0.1867,0.3274,-0.8446,-52.9615,22.5061,0.2874,0.6659,1,0,0,0,0,4.6740
113.1462,167.9528,0.0864,96.3460,0.0009,0.0034,-0.0002,0.0009,0.0000,200.9819,-1.9220,-0.3255,0.1867,0.3274,-0.7911,-50.9275,33.8875,0.2874,0.6659,1,0,0,0,0,5.3188
113.2026,167.9530,0.0864,96.3460,0.0009,0.0034,-0.0002,0.0009,0.0000,200.8916,-1.6013,-0.3099,0.1867,0.3274,-0.7433,-48.3298,46.0806,0.2874,0.6659,1,0,0,0,0,5.9784
113.2530,167.9531,0.0864,96.3460,0.0009,0.0034,-0.0002,0.0009,0.0000,200.8235,-1.3505,-0.2981,0.1867,0.3274,-0.7020,-45.8506,49.1751,0.2874,0.6659,1,0,0,0,0,6.1363
113.3151,167.9533,0.0864,96.3460,0.0009,0.0034,-0.0002,0.0009,0.0000,200.7292,-1.5197,-0.2708,0.1867,0.3274,-0.6254,-42.8132,48.9509,0.2874,0.6659,1,0,0,0,0,6.1333
113.3674,167.9534,0.0864,96.3460,0.0009,0.0034,-0.0002,0.0009,0.0000,200.6593,-1.3372,-0.2454,0.1867,0.3274,-0.5525,-39.2794,67.5591,0.2874,0.6659,1,0,0,0,0,7.1569
113.4260,167.9536,0.0864,96.3460,0.0009,0.0034,-0.0002,0.0009,0.0000,200.5987,-1.0338,-0.2200,0.1867,0.3274,-0.4682,-34.9231,74.3084,0.2874,0.6659,1,0,0,0,0,7.5151
113.4833,167.9538,0.0864,96.3460,0.0009,0.0034,-0.0002,0.0009,0.0000,200.5475,-0.8934,-0.1945,0.1867,0.3274,-0.3846,-29.5695,93.5116,0.2874,0.6659,1,0,0,0,0,8.5741
113.5363,167.9539,0.0864,96.3460,0.0009,0.0034,-0.0002,0.0009,0.0000,200.5059,-0.7853,-0.1613,0.1867,0.3274,-0.2946,-25.3716,79.1925,0.2874,0.6659,1,0,0,0,0,7.7726
113.5934,167.9541,0.0864,96.3460,0.0009,0.0034,-0.0002,0.0009,0.0000,200.4748,-0.5436,-0.1320,0.1867,0.3274,-0.2004,-19.6901,99.4108,0.2874,0.6659,1,0,0,0,0,8.8824
113.6490,167.9542,0.0864,96.3460,0.0009,0.0034,-0.0002,0.0009,0.0000,200.4543,-0.3686,-0.1085,0.1867,0.3274,-0.1109,-15.1038,82.5506,0.2874,0.6659,1,0,0,0,0,7.9360
113.7110,167.9544,0.0864,96.3460,0.0009,0.0034,-0.0002,0.0009,0.0000,200.4419,-0.1997,-0.0792,0.1867,0.3274,-0.0185,-9.2576,94.2295,0.2874,0.6659,1,0,0,0,0,8.5754
113.7618,167.9545,0.0864,96.3460,0.0009,0.0034,-0.0002,0.0009,0.0000,200.4402,-0.0337,-0.0538,0.1867,0.3274,0.0351,-4.0543,102.5570,0.2874,0.6659,1,0,0,0,0,9.0289
113.8121,167.9547,0.0864,96.3460,0.0009,0.0034,-0.0002,0.0009,0.0000,200.4442,0.0790,-0.0245,0.1867,0.3274,0.0933,-0.2306,75.8900,0.2874,0.6659,1,0,0,0,0,7.5499
113.8721,167.9548,0.0864,96.3460,0.0009,0.0034,-0.0002,0.0009,0.0000,200.4543,0.1685,-0.0029,0.1867,0.3274,0.1456,3.4217,60.9297,0.2874,0.6659,1,0,0,0,0,6.7237
113.9308,167.9550,0.0864,96.3460,0.0009,0.0034,-0.0002,0.0009,0.0000,200.4737,0.3309,0.0186,0.1867,0.3274,0.1995,6.7744,57.0703,0.2874,0.6659,1,0,0,0,0,6.5183
113.9888,167.9551,0.0864,96.3460,0.0009,0.0034,-0.0002,0.0009,0.0000,200.4957,0.3798,0.0440,0.1867,0.3274,0.2472,10.2488,59.9755,0.2874,0.6659,1,0,0,0,0,6.6824
114.0454,167.9553,0.0864,96.3460,0.0009,0.0034,-0.0002,0.0009,0.0000,200.5229,0.4793,0.0674,0.1867,0.3274,0.2933,13.3926,55.5111,0.2874,0.6659,1,0,0,0,0,6.4399
114.0983,167.9554,0.0864,96.3460,0.0009,0.0034,-0.0002,0.0009,0.0000,200.5546,0.5995,0.0811,0.1867,0.3274,0.3292,15.6752,43.1803,0.2874,0.6659,1,0,0,0,0,5.7616
114.1487,167.9556,0.0864,96.3460,0.0009,0.0034,-0.0002,0.0009,0.0000,200.5829,0.5613,0.0968,0.1867,0.3274,0.3585,17.9266,44.6217,0.2874,0.6659,1,0,0,0,0,5.8395
114.2082,167.9557,0.0864,96.3460,0.0009,0.0034,-0.0002,0.0009,0.0000,200.6303,0.7967,0.1183,0.1867,0.3274,0.4031,20.4518,42.4504,0.2874,0.6659,1,0,0,0,0,5.7320
114.2587,167.9559,0.0864,96.3460,0.0009,0.0034,-0.0002,0.0009,0.0000,200.6654,0.6948,0.1339,0.1867,0.3274,0.4337,22.5387,41.3328,0.2874,0.6659,1,0,0,0,0,5.6642
114.3187,167.9561,0.0864,96.3460,0.0009,0.0034,-0.0002,0.0009,0.0000,200.7127,0.7890,0.1515,0.1867,0.3274,0.4677,24.9708,40.5155,0.2874,0.6659,1,0,0,0,0,5.6241
114.3695,167.9562,0.0864,96.3460,0.0009,0.0034,-0.0002,0.0009,0.0000,200.7640,1.0090,0.1652,0.1867,0.3274,0.5011,26.8905,37.7813,0.2874,0.6659,1,0,0,0,0,5.4844
114.4212,167.9563,0.0864,96.3460,0.0009,0.0034,-0.0002,0.0009,0.0000,200.8190,1.0642,0.1808,0.1867,0.3274,0.5338,28.7209,35.4326,0.2874,0.6659,1,0,0,0,0,5.3570
114.4777,167.9565,0.0864,96.3460,0.0009,0.0034,-0.0002,0.0009,0.0000,200.8777,1.0389,0.1965,0.1867,0.3274,0.5665,30.9131,38.7654,0.2874,0.6659,1,0,0,0,0,5.5407
114.5374,167.9567,0.0864,96.3460,0.0009,0.0034,-0.0002,0.0009,0.0000,200.9394,1.0342,0.2023,0.1867,0.3274,0.5873,32.9210,33.6679,0.2874,0.6659,1,0,0,0,0,5.2573
114.5895,167.9568,0.0864,96.3460,0.0009,0.0034,-0.0002,0.0009,0.0000,201.0027,1.2145,0.2043,0.1867,0.3274,0.5972,34.2036,24.6174,0.2874,0.6659,1,0,0,0,0,4.7645
114.6500,167.9570,0.0864,96.3460,0.0009,0.0034,-0.0002,0.0009,0.0000,201.0665,1.0551,0.2043,0.1867,0.3274,0.5997,35.1353,15.4018,0.2874,0.6659,1,0,0,0,0,4.2436
114.7068,167.9571,0.0864,96.3460,0.0009,0.0034,-0.0002,0.0009,0.0000,201.1305,1.1254,0.2043,0.1867,0.3274,0.6003,35.6091,8.3379,0.2874,0.6659,1,0,0,0,0,3.8551
114.7590,167.9573,0.0864,96.3460,0.0009,0.0034,-0.0002,0.0009,0.0000,201.1935,1.2084,0.1906,0.1867,0.3274,0.5854,35.6393,0.5782,0.2874,0.6659,1,0,0,0,0,3.4286
114.8204,167.9574,0.0864,96.3460,0.0009,0.0034,-0.0002,0.0009,0.0000,201.2658,1.1775,0.1710,0.1867,0.3274,0.5524,34.8647,12.6255,0.2874,0.6659,1,0,0,0,0,4.0962
114.8797,167.9576,0.0864,96.3460,0.0009,0.0034,-0.0002,0.0009,0.0000,201.3221,0.9481,0.1535,0.1867,0.3274,0.5191,33.4816,23.2893,0.2874,0.6659,1,0,0,0,0,4.6759
114.9375,167.9578,0.0864,96.3460,0.0009,0.0034,-0.0002,0.0009,0.0000,201.3743,0.9042,0.1339,0.1867,0.3274,0.4803,31.6069,32.4353,0.2874,0.6659,1,0,0,0,0,5.1816
114.9980,167.9579,0.0864,96.3460,0.0009,0.0034,-0.0002,0.0009,0.0000,201.4301,0.9228,0.1026,0.1867,0.3274,0.4220,29.3302,37.6581,0.2874,0.6659,1,0,0,0,0,5.4728
115.0551,167.9581,0.0864,96.3460,0.0009,0.0034,-0.0002,0.0009,0.0000,201.4703,0.7041,0.0713,0.1867,0.3274,0.3678,26.3305,52.5706,0.2874,0.6659,1,0,0,0,0,6.2891
115.1094,167.9582,0.0864,96.3460,0.0009,0.0034,-0.0002,0.0009,0.0000,201.5037,0.6151,0.0440,0.1867,0.3274,0.3075,23.3286,55.2540,0.2874,0.6659,1,0,0,0,0,6.4332
115.1595,167.9584,0.0864,96.3460,0.0009,0.0034,-0.0002,0.0009,0.0000,201.5258,0.4415,0.0225,0.1867,0.3274,0.2623,20.3597,59.2388,0.2874,0.6659,1,0,0,0,0,6.6449
115.2107,167.9585,0.0864,96.3460,0.0009,0.0034,-0.0002,0.0009,0.0000,201.5476,0.4246,-0.0069,0.1867,0.3274,0.2048,17.4682,56.5082,0.2874,0.6659,1,0,0,0,0,6.4923
115.2710,167.9587,0.0864,96.3460,0.0009,0.0034,-0.0002,0.0009,0.0000,201.5631,0.2570,-0.0362,0.1867,0.3274,0.1497,13.8089,60.6058,0.2874,0.6659,1,0,0,0,0,6.7106
115.3357,167.9588,0.0864,96.3460,0.0009,0.0034,-0.0002,0.0009,0.0000,201.5730,0.1525,-0.0675,0.1867,0.3274,0.0799,10.1201,57.0694,0.2874,0.6659,1,0,0,0,0,6.5084
115.3892,167.9590,0.0864,96.3460,0.0009,0.0034,-0.0002,0.0009,0.0000,201.5739,0.0168,-0.0968,0.1867,0.3274,0.0190,6.3915,69.7366,0.2874,0.6659,1,0,0,0,0,7.2046
115.4433,167.9592,0.0864,96.3460,0.0009,0.0034,-0.0002,0.0009,0.0000,201.5673,-0.1206,-0.1222,0.1867,0.3274,-0.0526,2.9894,62.8329,0.2874,0.6659,1,0,0,0,0,6.8268
115.5033,167.9593,0.0864,96.3460,0.0009,0.0034,-0.0002,0.0009,0.0000,201.5518,-0.2595,-0.1515,0.1867,0.3274,-0.1378,-1.4425,73.9056,0.2874,0.6659,1,0,0,0,0,7.4497
115.5541,167.9595,0.0864,96.3460,0.0009,0.0034,-0.0002,0.0009,0.0000,201.5266,-0.4948,-0.1730,0.1867,0.3274,-0.2201,-5.7193,84.0562,0.2874,0.6659,1,0,0,0,0,8.0267
115.6144,167.9596,0.0864,96.3460,0.0009,0.0034,-0.0002,0.0009,0.0000,201.4920,-0.5746,-0.1984,0.1867,0.3274,-0.3023,-10.9668,87.1284,0.2874,0.6659,1,0,0,0,0,8.2018
115.6703,167.9598,0.0864,96.3460,0.0009,0.0034,-0.0002,0.0009,0.0000,201.4490,-0.7673,-0.2161,0.1867,0.3274,-0.3702,-16.1005,91.7371,0.2874,0.6659,1,0,0,0,0,8.4685
115.7235,167.9599,0.0864,96.3460,0.0009,0.0034,-0.0002,0.0009,0.0000,201.3979,-0.9619,-0.2415,0.1867,0.3274,-0.4465,-19.9731,72.7831,0.2874,0.6659,1,0,0,0,0,7.4263
115.7803,167.9601,0.0864,96.3460,0.0009,0.0034,-0.0002,0.0009,0.0000,201.3386,-1.0438,-0.2630,0.1867,0.3274,-0.5173,-24.9337,87.3686,0.2874,0.6659,1,0,0,0,0,8.2412
115.8331,167.9602,0.0864,96.3460,0.0009,0.0034,-0.0002,0.0009,0.0000,201.2714,-1.2730,-0.2825,0.1867,0.3274,-0.5839,-28.5679,68.9054,0.2874,0.6659,1,0,0,0,0,7.2282
115.8831,167.9604,0.0864,96.3460,0.0009,0.0034,-0.0002,0.0009,0.0000,201.2125,-1.1784,-0.3021,0.1867,0.3274,-0.6371,-32.3656,75.9015,0.2874,0.6659,1,0,0,0,0,7.6116
115.9397,167.9605,0.0864,96.3460,0.0009,0.0034,-0.0002,0.0009,0.0000,201.1154,-1.7144,-0.3216,0.1867,0.3274,-0.7100,-36.7169,76.8242,0.2874,0.6659,1,0,0,0,0,7.6926
115.9909,167.9606,0.0864,96.3460,0.0009,0.0034,-0.0002,0.0009,0.0000,201.0455,-1.3678,-0.3353,0.1867,0.3274,-0.7540,-40.0893,65.9733,0.2874,0.6659,1,0,0,0,0,7.0705
116.0411,167.9608,0.0864,96.3460,0.0009,0.0034,-0.0002,0.0009,0.0000,200.9526,-1.8490,-0.3490,0.1867,0.3274,-0.8052,-43.2671,63.2926,0.2874,0.6659,1,0,0,0,0,6.9483
116.0924,167.9609,0.0864,96.3460,0.0009,0.0034,-0.0002,0.0009,0.0000,200.8750,-1.5125,-0.3529,0.1867,0.3274,-0.8314,-46.0787,54.7735,0.2874,0.6659,1,0,0,0,0,6.4564
116.1475,167.9611,0.0864,96.3460,0.0009,0.0034,-0.0002,0.0009,0.0000,200.7759,-1.7979,-0.3548,0.1867,0.3274,-0.8453,-48.1793,38.1130,0.2874,0.6659,1,0,0,0,0,5.5466
116.1975,167.9612,0.0864,96.3460,0.0009,0.0034,-0.0002,0.0009,0.0000,200.6758,-2.0021,-0.3548,0.1867,0.3274,-0.8520,-49.4770,25.9405,0.2874,0.6659,1,0,0,0,0,4.8817
116.2577,167.9614,0.0864,96.3460,0.0009,0.0034,-0.0002,0.0009,0.0000,200.5753,-1.6710,-0.3548,0.1867,0.3274,-0.8538,-50.3996,15.3361,0.2874,0.6659,1,0,0,0,0,4.2742
116.3186,167.9615,0.0864,96.3460,0.0009,0.0034,-0.0002,0.0009,0.0000,200.4548,-1.9770,-0.3490,0.1867,0.3274,-0.8454,-50.8102,6.7417,0.2874,0.6659,1,0,0,0,0,3.8137
116.3803,167.9617,0.0864,96.3460,0.0009,0.0034,-0.0002,0.0009,0.0000,200.3575,-1.5785,-0.3333,0.1867,0.3274,-0.8102,-50.3139,8.0499,0.2874,0.6659,1,0,0,0,0,3.8643
116.4386,167.9619,0.0864,96.3460,0.0009,0.0034,-0.0002,0.0009,0.0000,200.2650,-1.5870,-0.3158,0.1867,0.3274,-0.7625,-48.7110,27.4924,0.2874,0.6659,1,0,0,0,0,4.9449
116.4886,167.9620,0.0864,96.3460,0.0009,0.0034,-0.0002,0.0009,0.0000,200.1781,-1.7363,-0.3021,0.1867,0.3274,-0.7138,-46.6790,40.5948,0.2874,0.6659,1,0,0,0,0,5.6811
116.5487,167.9622,0.0864,96.3460,0.0009,0.0034,-0.0002,0.0009,0.0000,200.0971,-1.3486,-0.2806,0.1867,0.3274,-0.6559,-43.7557,48.6735,0.2874,0.6659,1,0,0,0,0,6.1084
116.6088,167.9623,0.0864,96.3460,0.0009,0.0034,-0.0002,0.0009,0.0000,200.0101,-1.4477,-0.2532,0.1867,0.3274,-0.5700,-40.1343,60.2361,0.2874,0.6659,1,0,0,0,0,6.7562
116.6693,167.9625,0.0864,96.3460,0.0009,0.0034,-0.0002,0.0009,0.0000,199.9469,-1.0442,-0.2239,0.1867,0.3274,-0.4913,-35.7090,73.0807,0.2874,0.6659,1,0,0,0,0,7.4474
116.7287,167.9627,0.0864,96.3460,0.0009,0.0034,-0.0002,0.0009,0.0000,199.8831,-1.0750,-0.1965,0.1867,0.3274,-0.3950,-30.9309,80.5281,0.2874,0.6659,1,0,0,0,0,7.8629
116.7887,167.9628,0.0864,96.3460,0.0009,0.0034,-0.0002,0.0009,0.0000,199.8405,-0.7083,-0.1652,0.1867,0.3274,-0.3022,-25.9100,83.6002,0.2874,0.6659,1,0,0,0,0,8.0132
116.8486,167.9630,0.0864,96.3460,0.0009,0.0034,-0.0002,0.0009,0.0000,199.8086,-0.5340,-0.1339,0.1867,0.3274,-0.2097,-20.2480,94.5400,0.2874,0.6659,1,0,0,0,0,8.6113
116.9014,167.9632,0.0864,96.3460,0.0009,0.0034,-0.0002,0.0009,0.0000,199.7875,-0.3990,-0.1066,0.1867,0.3274,-0.1139,-15.2450,94.8018,0.2874,0.6659,1,0,0,0,0,8.6183
116.9518,167.9633,0.0864,96.3460,0.0009,0.0034,-0.0002,0.0009,0.0000,199.7763,-0.2228,-0.0812,0.1867,0.3274,-0.0321,-10.0828,102.4109,0.2874,0.6659,1,0,0,0,0,9.0312
117.0096,167.9634,0.0864,96.3460,0.0009,0.0034,-0.0002,0.0009,0.0000,199.7735,-0.0481,-0.0518,0.1867,0.3274,0.0371,-4.6719,93.6246,0.2874,0.6659,1,0,0,0,0,8.5334
117.0604,167.9636,0.0864,96.3460,0.0009,0.0034,-0.0002,0.0009,0.0000,199.7764,0.0564,-0.0303,0.1867,0.3274,0.0846,-0.5708,80.6756,0.2874,0.6659,1,0,0,0,0,7.8145
117.1215,167.9638,0.0864,96.3460,0.0009,0.0034,-0.0002,0.0009,0.0000,199.7880,0.1903,-0.0049,0.1867,0.3274,0.1445,3.3001,63.4219,0.2874,0.6659,1,0,0,0,0,6.8634
117.1804,167.9639,0.0864,96.3460,0.0009,0.0034,-0.0002,0.0009,0.0000,199.8034,0.2621,0.0166,0.1867,0.3274,0.1893,6.9286,61.5897,0.2874,0.6659,1,0,0,0,0,6.7656
117.2334,167.9641,0.0864,96.3460,0.0009,0.0034,-0.0002,0.0009,0.0000,199.8245,0.3974,0.0440,0.1867,0.3274,0.2421,9.7653,53.4898,0.2874,0.6659,1,0,0,0,0,6.3231
117.2905,167.9642,0.0864,96.3460,0.0009,0.0034,-0.0002,0.0009,0.0000,199.8513,0.4698,0.0674,0.1867,0.3274,0.2928,13.1951,60.1000,0.2874,0.6659,1,0,0,0,0,6.6944
117.3430,167.9644,0.0864,96.3460,0.0009,0.0034,-0.0002,0.0009,0.0000,199.8838,0.6193,0.0909,0.1867,0.3274,0.3402,15.8202,50.0183,0.2874,0.6659,1,0,0,0,0,6.1426
117.4030,167.9645,0.0864,96.3460,0.0009,0.0034,-0.0002,0.0009,0.0000,199.9213,0.6249,0.1144,0.1867,0.3274,0.3846,19.0068,53.1131,0.2874,0.6659,1,0,0,0,0,6.3148
117.4633,167.9647,0.0864,96.3460,0.0009,0.0034,-0.0002,0.0009,0.0000,199.9729,0.8552,0.1339,0.1867,0.3274,0.4347,22.0444,50.3405,0.2874,0.6659,1,0,0,0,0,6.1736
117.5230,167.9649,0.0864,96.3460,0.0009,0.0034,-0.0002,0.0009,0.0000,200.0208,0.8018,0.1535,0.1867,0.3274,0.4734,24.7348,45.0927,0.2874,0.6659,1,0,0,0,0,5.8791
117.5833,167.9650,0.0864,96.3460,0.0009,0.0034,-0.0002,0.0009,0.0000,200.0835,1.0406,0.1710,0.1867,0.3274,0.5128,27.3553,43.4514,0.2874,0.6659,1,0,0,0,0,5.8011
117.6429,167.9652,0.0864,96.3460,0.0009,0.0034,-0.0002,0.0009,0.0000,200.1402,0.9501,0.1906,0.1867,0.3274,0.5499,29.6917,39.1908,0.2874,0.6659,1,0,0,0,0,5.5594
117.7024,167.9654,0.0864,96.3460,0.0009,0.0034,-0.0002,0.0009,0.0000,200.2003,1.0112,0.1984,0.1867,0.3274,0.5763,31.9190,37.4125,0.2874,0.6659,1,0,0,0,0,5.4640
117.7529,167.9655,0.0864,96.3460,0.0009,0.0034,-0.0002,0.0009,0.0000,200.2627,1.2345,0.2023,0.1867,0.3274,0.5907,33.3714,28.7662,0.2874,0.6659,1,0,0,0,0,4.9961
117.8118,167.9657,0.0864,96.3460,0.0009,0.0034,-0.0002,0.0009,0.0000,200.3259,1.0739,0.2023,0.1867,0.3274,0.5951,34.5626,20.2291,0.2874,0.6659,1,0,0,0,0,4.5129
117.8704,167.9658,0.0864,96.3460,0.0009,0.0034,-0.0002,0.0009,0.0000,200.3894,1.0839,0.2023,0.1867,0.3274,0.5962,35.1893,10.7036,0.2874,0.6659,1,0,0,0,0,3.9842
117.9249,167.9660,0.0864,96.3460,0.0009,0.0034,-0.0002,0.0009,0.0000,200.4528,1.1620,0.1984,0.1867,0.3274,0.5938,35.4797,5.3203,0.2874,0.6659,1,0,0,0,0,3.6895
117.9796,167.9661,0.0864,96.3460,0.0009,0.0034,-0.0002,0.0009,0.0000,200.5149,1.1352,0.1847,0.1867,0.3274,0.5753,35.3323,2.6946,0.2874,0.6659,1,0,0,0,0,3.5421
118.0396,167.9663,0.0864,96.3460,0.0009,0.0034,-0.0002,0.0009,0.0000,200.5862,1.1898,0.1710,0.1867,0.3274,0.5493,34.4728,14.3301,0.2874,0.6659,1,0,0,0,0,4.1916
118.0913,167.9664,0.0864,96.3460,0.0009,0.0034,-0.0002,0.0009,0.0000,200.6315,0.8755,0.1574,0.1867,0.3274,0.5254,33.3484,21.7434,0.2874,0.6659,1,0,0,0,0,4.5860
118.1416,167.9666,0.0864,96.3460,0.0009,0.0034,-0.0002,0.0009,0.0000,200.6848,1.0599,0.1437,0.1867,0.3274,0.4938,32.3130,20.5963,0.2874,0.6659,1,0,0,0,0,4.5325
118.1977,167.9667,0.0864,96.3460,0.0009,0.0034,-0.0002,0.0009,0.0000,200.7339,0.8741,0.1163,0.1867,0.3274,0.4507,30.2603,36.5516,0.2874,0.6659,1,0,0,0,0,5.4086
118.2501,167.9669,0.0864,96.3460,0.0009,0.0034,-0.0002,0.0009,0.0000,200.7774,0.8317,0.0909,0.1867,0.3274,0.3983,28.2436,38.5548,0.2874,0.6659,1,0,0,0,0,5.5175
118.3044,167.9670,0.0864,96.3460,0.0009,0.0034,-0.0002,0.0009,0.0000,200.8145,0.6824,0.0577,0.1867,0.3274,0.3389,25.1541,56.8112,0.2874,0.6659,1,0,0,0,0,6.5235
118.3593,167.9672,0.0864,96.3460,0.0009,0.0034,-0.0002,0.0009,0.0000,200.8450,0.5558,0.0303,0.1867,0.3274,0.2796,22.2931,52.1831,0.2874,0.6659,1,0,0,0,0,6.2593
118.4106,167.9673,0.0864,96.3460,0.0009,0.0034,-0.0002,0.0009,0.0000,200.8640,0.3708,-0.0010,0.1867,0.3274,0.2250,18.7751,68.5565,0.2874,0.6659,1,0,0,0,0,7.1587
118.4615,167.9674,0.0864,96.3460,0.0009,0.0034,-0.0002,0.0009,0.0000,200.8813,0.3389,-0.0284,0.1867,0.3274,0.1641,15.3618,67.0359,0.2874,0.6659,1,0,0,0,0,7.0724
118.5122,167.9676,0.0864,96.3460,0.0009,0.0034,-0.0002,0.0009,0.0000,200.8901,0.1742,-0.0557,0.1867,0.3274,0.1128,12.2404,61.5494,0.2874,0.6659,1,0,0,0,0,6.7585
118.5675,167.9677,0.0864,96.3460,0.0009,0.0034,-0.0002,0.0009,0.0000,200.8947,0.0842,-0.0831,0.1867,0.3274,0.0518,8.6164,65.5903,0.2874,0.6659,1,0,0,0,0,6.9780
118.6282,167.9679,0.0864,96.3460,0.0009,0.0034,-0.0002,0.0009,0.0000,200.8906,-0.0683,-0.1144,0.1867,0.3274,-0.0318,4.3719,69.8302,0.2874,0.6659,1,0,0,0,0,7.2126
118.6828,167.9681,0.0864,96.3460,0.0009,0.0034,-0.0002,0.0009,0.0000,200.8772,-0.2462,-0.1476,0.1867,0.3274,-0.1208,0.0605,79.0474,0.2874,0.6659,1,0,0,0,0,7.7346
118.7386,167.9682,0.0864,96.3460,0.0009,0.0034,-0.0002,0.0009,0.0000,200.8531,-0.4316,-0.1750,0.1867,0.3274,-0.2146,-5.2147,94.4319,0.2874,0.6659,1,0,0,0,0,8.5996
118.7946,167.9684,0.0864,96.3460,0.0009,0.0034,-0.0002,0.0009,0.0000,200.8189,-0.6111,-0.1984,0.1867,0.3274,-0.2985,-10.2938,90.8090,0.2874,0.6659,1,0,0,0,0,8.4083
118.8536,167.9685,0.0864,96.3460,0.0009,0.0034,-0.0002,0.0009,0.0000,200.7755,-0.7355,-0.2239,0.1867,0.3274,-0.3801,-15.3810,86.2273,0.2874,0.6659,1,0,0,0,0,8.1606
118.9070,167.9687,0.0864,96.3460,0.0009,0.0034,-0.0002,0.0009,0.0000,200.7236,-0.9713,-0.2434,0.1867,0.3274,-0.4522,-20.2405,90.9274,0.2874,0.6659,1,0,0,0,0,8.4349
118.9611,167.9688,0.0864,96.3460,0.0009,0.0034,-0.0002,0.0009,0.0000,200.6642,-1.0981,-0.2610,0.1867,0.3274,-0.5138,-24.3559,76.1340,0.2874,0.6659,1,0,0,0,0,7.6200
119.0204,167.9690,0.0864,96.3460,0.0009,0.0034,-0.0002,0.0009,0.0000,200.5984,-1.1110,-0.2767,0.1867,0.3274,-0.5683,-28.3814,67.8794,0.2874,0.6659,1,0,0,0,0,7.1622
119.0770,167.9691,0.0864,96.3460,0.0009,0.0034,-0.0002,0.0009,0.0000,200.5262,-1.2728,-0.2962,0.1867,0.3274,-0.6254,-32.5401,73.4037,0.2874,0.6659,1,0,0,0,0,7.4781
119.1334,167.9693,0.0864,96.3460,0.0009,0.0034,-0.0002,0.0009,0.0000,200.4479,-1.3887,-0.3079,0.1867,0.3274,-0.6760,-36.0163,61.6469,0.2874,0.6659,1,0,0,0,0,6.8313
119.1886,167.9695,0.0864,96.3460,0.0009,0.0034,-0.0002,0.0009,0.0000,200.3645,-1.5145,-0.3197,0.1867,0.3274,-0.7180,-39.0248,54.5700,0.2874,0.6659,1,0,0,0,0,6.4452
119.2448,167.9696,0.0864,96.3460,0.0009,0.0034,-0.0002,0.0009,0.0000,200.2777,-1.5418,-0.3216,0.1867,0.3274,-0.7385,-41.5519,44.9255,0.2874,0.6659,1,0,0,0,0,5.9109
119.3038,167.9698,0.0864,96.3460,0.0009,0.0034,-0.0002,0.0009,0.0000,200.1720,-1.7932,-0.3216,0.1867,0.3274,-0.7455,-43.0976,26.2201,0.2874,0.6659,1,0,0,0,0,4.8857
119.3594,167.9699,0.0864,96.3460,0.0009,0.0034,-0.0002,0.0009,0.0000,200.0836,-1.5890,-0.3216,0.1867,0.3274,-0.7467,-43.9877,15.9918,0.2874,0.6659,1,0,0,0,0,4.3061
119.4205,167.9701,0.0864,96.3460,0.0009,0.0034,-0.0002,0.0009,0.0000,199.9954,-1.4434,-0.3158,0.1867,0.3274,-0.7394,-44.3812,6.4396,0.2874,0.6659,1,0,0,0,0,3.7673
119.4706,167.9702,0.0864,96.3460,0.0009,0.0034,-0.0002,0.0009,0.0000,199.9094,-1.7171,-0.3040,0.1867,0.3274,-0.7119,-44.0800,6.0181,0.2874,0.6659,1,0,0,0,0,3.7591
119.5224,167.9704,0.0864,96.3460,0.0009,0.0034,-0.0002,0.0009,0.0000,199.8437,-1.2671,-0.2884,0.1867,0.3274,-0.6754,-43.0175,20.4784,0.2874,0.6659,1,0,0,0,0,4.5375
119.5784,167.9705,0.0864,96.3460,0.0009,0.0034,-0.0002,0.0009,0.0000,199.7665,-1.3805,-0.2747,0.1867,0.3274,-0.6274,-40.7572,40.4288,0.2874,0.6659,1,0,0,0,0,5.6521
119.6317,167.9707,0.0864,96.3460,0.0009,0.0034,-0.0002,0.0009,0.0000,199.6954,-1.3326,-0.2532,0.1867,0.3274,-0.5699,-38.5806,40.7913,0.2874,0.6659,1,0,0,0,0,5.6696
119.6899,167.9708,0.0864,96.3460,0.0009,0.0034,-0.0002,0.0009,0.0000,199.6314,-1.0984,-0.2297,0.1867,0.3274,-0.5023,-35.2288,57.5565,0.2874,0.6659,1,0,0,0,0,6.5880
119.7419,167.9710,0.0864,96.3460,0.0009,0.0034,-0.0002,0.0009,0.0000,199.5760,-1.0665,-0.2043,0.1867,0.3274,-0.4228,-31.6917,68.0693,0.2874,0.6659,1,0,0,0,0,7.1703
119.7924,167.9711,0.0864,96.3460,0.0009,0.0034,-0.0002,0.0009,0.0000,199.5297,-0.9149,-0.1789,0.1867,0.3274,-0.3403,-27.5586,81.7836,0.2874,0.6659,1,0,0,0,0,7.9237
119.8532,167.9713,0.0864,96.3460,0.0009,0.0034,-0.0002,0.0009,0.0000,199.4936,-0.5956,-0.1515,0.1867,0.3274,-0.2487,-22.6647,80.5944,0.2874,0.6659,1,0,0,0,0,7.8399
119.9099,167.9714,0.0864,96.3460,0.0009,0.0034,-0.0002,0.0009,0.0000,199.4674,-0.4620,-0.1242,0.1867,0.3274,-0.1627,-16.7741,103.8035,0.2874,0.6659,1,0,0,0,0,9.1219
119.9617,167.9716,0.0864,96.3460,0.0009,0.0034,-0.0002,0.0009,0.0000,199.4510,-0.3152,-0.0987,0.1867,0.3274,-0.0754,-12.5027,82.4668,0.2874,0.6659,1,0,0,0,0,7.9284
120.0145,167.9717,0.0864,96.3460,0.0009,0.0034,-0.0002,0.0009,0.0000,199.4440,-0.1329,-0.0714,0.1867,0.3274,0.0001,-7.5042,94.6083,0.2874,0.6659,1,0,0,0,0,8.5928
120.0714,167.9719,0.0864,96.3460,0.0009,0.0034,-0.0002,0.0009,0.0000,199.4445,0.0097,-0.0401,0.1867,0.3274,0.0646,-2.4837,88.3519,0.2874,0.6659,1,0,0,0,0,8.2383
120.1231,167.9720,0.0864,96.3460,0.0009,0.0034,-0.0002,0.0009,0.0000,199.4496,0.0970,-0.0186,0.1867,0.3274,0.1074,0.9348,66.0383,0.2874,0.6659,1,0,0,0,0,7.0036
120.1829,167.9722,0.0864,96.3460,0.0009,0.0034,-0.0002,0.0009,0.0000,199.4638,0.2383,0.0049,0.1867,0.3274,0.1632,4.7304,63.5200,0.2874,0.6659,1,0,0,0,0,6.8715
120.2337,167.9723,0.0864,96.3460,0.0009,0.0034,-0.0002,0.0009,0.0000,199.4775,0.2695,0.0244,0.1867,0.3274,0.2013,7.6275,57.0338,0.2874,0.6659,1,0,0,0,0,6.5129
120.2896,167.9725,0.0864,96.3460,0.0009,0.0034,-0.0002,0.0009,0.0000,199.4997,0.3966,0.0479,0.1867,0.3274,0.2505,10.6254,53.6295,0.2874,0.6659,1,0,0,0,0,6.3308
120.3409,167.9726,0.0864,96.3460,0.0009,0.0034,-0.0002,0.0009,0.0000,199.5272,0.5376,0.0674,0.1867,0.3274,0.2960,13.3632,53.3759,0.2874,0.6659,1,0,0,0,0,6.3246
120.4007,167.9728,0.0864,96.3460,0.0009,0.0034,-0.0002,0.0009,0.0000,199.5594,0.5366,0.0870,0.1867,0.3274,0.3348,16.1420,46.4210,0.2874,0.6659,1,0,0,0,0,5.9381
120.4508,167.9729,0.0864,96.3460,0.0009,0.0034,-0.0002,0.0009,0.0000,199.5957,0.7263,0.1026,0.1867,0.3274,0.3708,18.6428,49.9295,0.2874,0.6659,1,0,0,0,0,6.1436
120.5064,167.9731,0.0864,96.3460,0.0009,0.0034,-0.0002,0.0009,0.0000,199.6360,0.7249,0.1183,0.1867,0.3274,0.4048,20.9654,41.7765,0.2874,0.6659,1,0,0,0,0,5.6906
120.5666,167.9732,0.0864,96.3460,0.0009,0.0034,-0.0002,0.0009,0.0000,199.6800,0.7302,0.1300,0.1867,0.3274,0.4337,23.2371,37.7587,0.2874,0.6659,1,0,0,0,0,5.4676
120.6255,167.9734,0.0864,96.3460,0.0009,0.0034,-0.0002,0.0009,0.0000,199.7356,0.9437,0.1339,0.1867,0.3274,0.4506,25.0506,30.7779,0.2874,0.6659,1,0,0,0,0,5.0917
120.6760,167.9735,0.0864,96.3460,0.0009,0.0034,-0.0002,0.0009,0.0000,199.7736,0.7546,0.1359,0.1867,0.3274,0.4575,26.0581,19.9683,0.2874,0.6659,1,0,0,0,0,4.4806
120.7311,167.9737,0.0864,96.3460,0.0009,0.0034,-0.0002,0.0009,0.0000,199.8217,0.8709,0.1359,0.1867,0.3274,0.4600,26.8588,14.5227,0.2874,0.6659,1,0,0,0,0,4.1846
120.7839,167.9738,0.0864,96.3460,0.0009,0.0034,-0.0002,0.0009,0.0000,199.8698,0.9118,0.1359,0.1867,0.3274,0.4607,27.2159,6.7632,0.2874,0.6659,1,0,0,0,0,3.7558
120.8436,167.9740,0.0864,96.3460,0.0009,0.0034,-0.0002,0.0009,0.0000,199.9180,0.8065,0.1339,0.1867,0.3274,0.4599,27.4446,3.8312,0.2874,0.6659,1,0,0,0,0,3.5870
120.9028,167.9742,0.0864,96.3460,0.0009,0.0034,-0.0002,0.0009,0.0000,199.9744,0.9546,0.1241,0.1867,0.3274,0.4445,27.3054,2.3526,0.2874,0.6659,1,0,0,0,0,3.5131
120.9549,167.9743,0.0864,96.3460,0.0009,0.0034,-0.0002,0.0009,0.0000,200.0104,0.6905,0.1085,0.1867,0.3274,0.4240,26.7828,10.0302,0.2874,0.6659,1,0,0,0,0,3.9250
121.0146,167.9745,0.0864,96.3460,0.0009,0.0034,-0.0002,0.0009,0.0000,200.0606,0.8396,0.0929,0.1867,0.3274,0.3912,25.5322,20.9290,0.2874,0.6659,1,0,0,0,0,4.5387
121.0747,167.9746,0.0864,96.3460,0.0009,0.0034,-0.0002,0.0009,0.0000,200.0986,0.6338,0.0772,0.1867,0.3274,0.3591,24.0005,25.5102,0.2874,0.6659,1,0,0,0,0,4.7818
121.1346,167.9748,0.0864,96.3460,0.0009,0.0034,-0.0002,0.0009,0.0000,200.1397,0.6862,0.0596,0.1867,0.3274,0.3222,22.1834,30.3439,0.2874,0.6659,1,0,0,0,0,5.0533
121.1947,167.9750,0.0864,96.3460,0.0009,0.0034,-0.0002,0.0009,0.0000,200.1700,0.5022,0.0381,0.1867,0.3274,0.2876,20.2001,32.9642,0.2874,0.6659,1,0,0,0,0,5.1886
121.2551,167.9751,0.0864,96.3460,0.0009,0.0034,-0.0002,0.0009,0.0000,200.1960,0.4310,0.0166,0.1867,0.3274,0.2482,17.9858,36.6819,0.2874,0.6659,1,0,0,0,0,5.3912
121.3183,167.9753,0.0864,96.3460,0.0009,0.0034,-0.0002,0.0009,0.0000,200.2210,0.3953,-0.0069,0.1867,0.3274,0.1979,15.5421,38.6468,0.2874,0.6659,1,0,0,0,0,5.4984
121.3800,167.9755,0.0864,96.3460,0.0009,0.0034,-0.0002,0.0009,0.0000,200.2388,0.2898,-0.0303,0.1867,0.3274,0.1459,12.6684,46.5645,0.2874,0.6659,1,0,0,0,0,5.9324
121.4381,167.9756,0.0864,96.3460,0.0009,0.0034,-0.0002,0.0009,0.0000,200.2483,0.1628,-0.0557,0.1867,0.3274,0.0998,9.9591,46.6947,0.2874,0.6659,1,0,0,0,0,5.9326
121.4974,167.9758,0.0864,96.3460,0.0009,0.0034,-0.0002,0.0009,0.0000,200.2521,0.0648,-0.0812,0.1867,0.3274,0.0486,7.0747,48.6387,0.2874,0.6659,1,0,0,0,0,6.0351
121.5578,167.9760,0.0864,96.3460,0.0009,0.0034,-0.0002,0.0009,0.0000,200.2491,-0.0505,-0.1046,0.1867,0.3274,-0.0144,3.9230,52.1580,0.2874,0.6659,1,0,0,0,0,6.2298
121.6189,167.9761,0.0864,96.3460,0.0009,0.0034,-0.0002,0.0009,0.0000,200.2386,-0.1714,-0.1320,0.1867,0.3274,-0.0873,0.3862,57.9258,0.2874,0.6659,1,0,0,0,0,6.5570
121.6792,167.9763,0.0864,96.3460,0.0009,0.0034,-0.0002,0.0009,0.0000,200.2148,-0.3947,-0.1594,0.1867,0.3274,-0.1773,-3.9517,71.9267,0.2874,0.6659,1,0,0,0,0,7.3472
121.7396,167.9765,0.0864,96.3460,0.0009,0.0034,-0.0002,0.0009,0.0000,200.1859,-0.4800,-0.1828,0.1867,0.3274,-0.2506,-8.5572,76.2471,0.2874,0.6659,1,0,0,0,0,7.5920
121.7961,167.9766,0.0864,96.3460,0.0009,0.0034,-0.0002,0.0009,0.0000,200.1488,-0.6560,-0.2043,0.1867,0.3274,-0.3206,-13.2051,82.2369,0.2874,0.6659,1,0,0,0,0,7.9345
121.8575,167.9768,0.0864,96.3460,0.0009,0.0034,-0.0002,0.0009,0.0000,200.0940,-0.8908,-0.2258,0.1867,0.3274,-0.4008,-17.5201,70.2053,0.2874,0.6659,1,0,0,0,0,7.2792
121.9178,167.9769,0.0864,96.3460,0.0009,0.0034,-0.0002,0.0009,0.0000,200.0404,-0.8894,-0.2473,0.1867,0.3274,-0.4647,-21.8945,72.5586,0.2874,0.6659,1,0,0,0,0,7.4098
121.9705,167.9771,0.0864,96.3460,0.0009,0.0034,-0.0002,0.0009,0.0000,199.9800,-1.1482,-0.2610,0.1867,0.3274,-0.5200,-25.5060,68.6241,0.2874,0.6659,1,0,0,0,0,7.2056
122.0260,167.9772,0.0864,96.3460,0.0009,0.0034,-0.0002,0.0009,0.0000,199.9136,-1.1948,-0.2786,0.1867,0.3274,-0.5732,-29.2137,66.7096,0.2874,0.6659,1,0,0,0,0,7.1018
122.0789,167.9774,0.0864,96.3460,0.0009,0.0034,-0.0002,0.0009,0.0000,199.8410,-1.3745,-0.2923,0.1867,0.3274,-0.6268,-32.2935,58.2843,0.2874,0.6659,1,0,0,0,0,6.6437
122.1317,167.9775,0.0864,96.3460,0.0009,0.0034,-0.0002,0.0009,0.0000,199.7797,-1.1584,-0.2962,0.1867,0.3274,-0.6489,-35.3385,57.6174,0.2874,0.6659,1,0,0,0,0,6.5947
122.1908,167.9777,0.0864,96.3460,0.0009,0.0034,-0.0002,0.0009,0.0000,199.6856,-1.5928,-0.2962,0.1867,0.3274,-0.6620,-37.4421,35.5988,0.2874,0.6659,1,0,0,0,0,5.3956
122.2421,167.9778,0.0864,96.3460,0.0009,0.0034,-0.0002,0.0009,0.0000,199.6223,-1.2333,-0.2962,0.1867,0.3274,-0.6641,-38.5086,20.8030,0.2874,0.6659,1,0,0,0,0,4.5536
122.2976,167.9780,0.0864,96.3460,0.0009,0.0034,-0.0002,0.0009,0.0000,199.5434,-1.4230,-0.2923,0.1867,0.3274,-0.6596,-39.2203,12.8221,0.2874,0.6659,1,0,0,0,0,4.1208
122.3484,167.9781,0.0864,96.3460,0.0009,0.0034,-0.0002,0.0009,0.0000,199.4666,-1.5121,-0.2786,0.1867,0.3274,-0.6316,-39.0368,3.6103,0.2874,0.6659,1,0,0,0,0,3.6139
122.4011,167.9783,0.0864,96.3460,0.0009,0.0034,-0.0002,0.0009,0.0000,199.3935,-1.3861,-0.2669,0.1867,0.3274,-0.5951,-38.0683,18.3906,0.2874,0.6659,1,0,0,0,0,4.4281
122.4553,167.9784,0.0864,96.3460,0.0009,0.0034,-0.0002,0.0009,0.0000,199.3254,-1.2573,-0.2512,0.1867,0.3274,-0.5476,-36.3249,32.1792,0.2874,0.6659,1,0,0,0,0,5.1870
122.5123,167.9786,0.0864,96.3460,0.0009,0.0034,-0.0002,0.0009,0.0000,199.2632,-1.0909,-0.2336,0.1867,0.3274,-0.4944,-33.7274,45.5163,0.2874,0.6659,1,0,0,0,0,5.9187
122.5718,167.9787,0.0864,96.3460,0.0009,0.0034,-0.0002,0.0009,0.0000,199.2070,-0.9438,-0.2121,0.1867,0.3274,-0.4352,-30.8817,47.8802,0.2874,0.6659,1,0,0,0,0,6.0418
122.6313,167.9789,0.0864,96.3460,0.0009,0.0034,-0.0002,0.0009,0.0000,199.1591,-0.8054,-0.1867,0.1867,0.3274,-0.3588,-27.0859,63.7691,0.2874,0.6659,1,0,0,0,0,6.9168
122.6922,167.9791,0.0864,96.3460,0.0009,0.0034,-0.0002,0.0009,0.0000,199.1139,-0.7423,-0.1535,0.1867,0.3274,-0.2569,-22.4650,75.8894,0.2874,0.6659,1,0,0,0,0,7.5867
122.7537,167.9792,0.0864,96.3460,0.0009,0.0034,-0.0002,0.0009,0.0000,199.0864,-0.4476,-0.1261,0.1867,0.3274,-0.1744,-17.3598,83.0208,0.2874,0.6659,1,0,0,0,0,7.9665
122.8139,167.9794,0.0864,96.3460,0.0009,0.0034,-0.0002,0.0009,0.0000,199.0655,-0.3460,-0.1007,0.1867,0.3274,-0.0817,-12.1846,85.9185,0.2874,0.6659,1,0,0,0,0,8.1218
122.8642,167.9796,0.0864,96.3460,0.0009,0.0034,-0.0002,0.0009,0.0000,199.0586,-0.1384,-0.0792,0.1867,0.3274,-0.0203,-7.8985,85.2471,0.2874,0.6659,1,0,0,0,0,8.0730
122.9174,167.9797,0.0864,96.3460,0.0009,0.0034,-0.0002,0.0009,0.0000,199.0561,-0.0459,-0.0557,0.1867,0.3274,0.0352,-3.8058,76.9210,0.2874,0.6659,1,0,0,0,0,7.6053
122.9770,167.9799,0.0864,96.3460,0.0009,0.0034,-0.0002,0.0009,0.0000,199.0607,0.0770,-0.0342,0.1867,0.3274,0.0911,0.0393,64.4883,0.2874,0.6659,1,0,0,0,0,6.9163
123.0299,167.9800,0.0864,96.3460,0.0009,0.0034,-0.0002,0.0009,0.0000,199.0679,0.1356,-0.0108,0.1867,0.3274,0.1292,3.2083,59.9375,0.2874,0.6659,1,0,0,0,0,6.6668
123.0808,167.9801,0.0864,96.3460,0.0009,0.0034,-0.0002,0.0009,0.0000,199.0815,0.2681,0.0088,0.1867,0.3274,0.1727,6.0988,56.8025,0.2874,0.6659,1,0,0,0,0,6.5000
123.1417,167.9803,0.0864,96.3460,0.0009,0.0034,-0.0002,0.0009,0.0000,199.0999,0.3006,0.0303,0.1867,0.3274,0.2141,8.9227,46.3643,0.2874,0.6659,1,0,0,0,0,5.9219
123.1931,167.9805,0.0864,96.3460,0.0009,0.0034,-0.0002,0.0009,0.0000,199.1232,0.4529,0.0479,0.1867,0.3274,0.2573,11.3274,46.7166,0.2874,0.6659,1,0,0,0,0,5.9499
123.2547,167.9806,0.0864,96.3460,0.0009,0.0034,-0.0002,0.0009,0.0000,199.1573,0.5556,0.0713,0.1867,0.3274,0.3072,14.2983,48.2881,0.2874,0.6659,1,0,0,0,0,6.0429
123.3132,167.9808,0.0864,96.3460,0.0009,0.0034,-0.0002,0.0009,0.0000,199.1906,0.5676,0.0870,0.1867,0.3274,0.3420,16.9590,45.4866,0.2874,0.6659,1,0,0,0,0,5.8879
123.3732,167.9809,0.0864,96.3460,0.0009,0.0034,-0.0002,0.0009,0.0000,199.2277,0.6185,0.1046,0.1867,0.3274,0.3765,19.3685,40.1605,0.2874,0.6659,1,0,0,0,0,5.5949
123.4253,167.9811,0.0864,96.3460,0.0009,0.0034,-0.0002,0.0009,0.0000,199.2685,0.7844,0.1163,0.1867,0.3274,0.4070,21.3954,38.9093,0.2874,0.6659,1,0,0,0,0,5.5346
123.4830,167.9813,0.0864,96.3460,0.0009,0.0034,-0.0002,0.0009,0.0000,199.3117,0.7472,0.1183,0.1867,0.3274,0.4204,23.2689,32.4297,0.2874,0.6659,1,0,0,0,0,5.1725
123.5342,167.9814,0.0864,96.3460,0.0009,0.0034,-0.0002,0.0009,0.0000,199.3556,0.8574,0.1183,0.1867,0.3274,0.4239,24.2566,19.3049,0.2874,0.6659,1,0,0,0,0,4.4495
123.5907,167.9815,0.0864,96.3460,0.0009,0.0034,-0.0002,0.0009,0.0000,199.3994,0.7768,0.1124,0.1867,0.3274,0.4199,24.8528,10.5578,0.2874,0.6659,1,0,0,0,0,3.9591
123.6523,167.9817,0.0864,96.3460,0.0009,0.0034,-0.0002,0.0009,0.0000,199.4417,0.6850,0.0987,0.1867,0.3274,0.3994,24.7945,0.9458,0.2874,0.6659,1,0,0,0,0,3.4200
123.7107,167.9819,0.0864,96.3460,0.0009,0.0034,-0.0002,0.0009,0.0000,199.4883,0.7992,0.0791,0.1867,0.3274,0.3642,23.8207,16.6850,0.2874,0.6659,1,0,0,0,0,4.3007
123.7700,167.9820,0.0864,96.3460,0.0009,0.0034,-0.0002,0.0009,0.0000,199.5228,0.5809,0.0518,0.1867,0.3274,0.3196,22.2940,25.7508,0.2874,0.6659,1,0,0,0,0,4.7922
123.8219,167.9822,0.0864,96.3460,0.0009,0.0034,-0.0002,0.0009,0.0000,199.5516,0.5550,0.0283,0.1867,0.3274,0.2695,20.1403,41.5127,0.2874,0.6659,1,0,0,0,0,5.6665
123.8746,167.9823,0.0864,96.3460,0.0009,0.0034,-0.0002,0.0009,0.0000,199.5700,0.3503,-0.0010,0.1867,0.3274,0.2201,17.6378,47.4826,0.2874,0.6659,1,0,0,0,0,5.9868
123.9284,167.9825,0.0864,96.3460,0.0009,0.0034,-0.0002,0.0009,0.0000,199.5867,0.3093,-0.0303,0.1867,0.3274,0.1582,14.5398,57.5646,0.2874,0.6659,1,0,0,0,0,6.5446
123.9882,167.9826,0.0864,96.3460,0.0009,0.0034,-0.0002,0.0009,0.0000,199.5974,0.1800,-0.0655,0.1867,0.3274,0.0847,10.7555,63.3076,0.2874,0.6659,1,0,0,0,0,6.8565
124.0473,167.9828,0.0864,96.3460,0.0009,0.0034,-0.0002,0.0009,0.0000,199.5981,0.0108,-0.1046,0.1867,0.3274,0.0067,6.8159,66.5944,0.2874,0.6659,1,0,0,0,0,7.0297
124.0988,167.9829,0.0864,96.3460,0.0009,0.0034,-0.0002,0.0009,0.0000,199.5888,-0.1795,-0.1359,0.1867,0.3274,-0.0849,2.2092,89.4399,0.2874,0.6659,1,0,0,0,0,8.3082
124.1593,167.9831,0.0864,96.3460,0.0009,0.0034,-0.0002,0.0009,0.0000,199.5680,-0.3453,-0.1672,0.1867,0.3274,-0.1898,-2.8098,83.0306,0.2874,0.6659,1,0,0,0,0,7.9614
124.2134,167.9832,0.0864,96.3460,0.0009,0.0034,-0.0002,0.0009,0.0000,199.5356,-0.5994,-0.2004,0.1867,0.3274,-0.2912,-8.5733,106.5928,0.2874,0.6659,1,0,0,0,0,9.2845
124.2750,167.9834,0.0864,96.3460,0.0009,0.0034,-0.0002,0.0009,0.0000,199.4922,-0.7035,-0.2278,0.1867,0.3274,-0.3850,-14.9367,103.3035,0.2874,0.6659,1,0,0,0,0,9.1075
124.3264,167.9836,0.0864,96.3460,0.0009,0.0034,-0.0002,0.0009,0.0000,199.4387,-1.0405,-0.2512,0.1867,0.3274,-0.4706,-20.3529,105.3427,0.2874,0.6659,1,0,0,0,0,9.2395
124.3875,167.9837,0.0864,96.3460,0.0009,0.0034,-0.0002,0.0009,0.0000,199.3638,-1.2254,-0.2708,0.1867,0.3274,-0.5478,-25.5900,85.6232,0.2874,0.6659,1,0,0,0,0,8.1543
124.4475,167.9839,0.0864,96.3460,0.0009,0.0034,-0.0002,0.0009,0.0000,199.2938,-1.1672,-0.2884,0.1867,0.3274,-0.6058,-30.2951,78.5117,0.2874,0.6659,1,0,0,0,0,7.7560
124.4999,167.9841,0.0864,96.3460,0.0009,0.0034,-0.0002,0.0009,0.0000,199.2177,-1.4535,-0.3040,0.1867,0.3274,-0.6581,-34.0161,71.0023,0.2874,0.6659,1,0,0,0,0,7.3547
124.5519,167.9842,0.0864,96.3460,0.0009,0.0034,-0.0002,0.0009,0.0000,199.1525,-1.2509,-0.3138,0.1867,0.3274,-0.6972,-37.0026,57.3626,0.2874,0.6659,1,0,0,0,0,6.5857
124.6079,167.9843,0.0864,96.3460,0.0009,0.0034,-0.0002,0.0009,0.0000,199.0675,-1.5212,-0.3197,0.1867,0.3274,-0.7271,-40.0999,55.3780,0.2874,0.6659,1,0,0,0,0,6.4904
124.6601,167.9845,0.0864,96.3460,0.0009,0.0034,-0.0002,0.0009,0.0000,198.9800,-1.6741,-0.3216,0.1867,0.3274,-0.7420,-42.0455,37.2391,0.2874,0.6659,1,0,0,0,0,5.4912
124.7244,167.9847,0.0864,96.3460,0.0009,0.0034,-0.0002,0.0009,0.0000,198.8741,-1.6463,-0.3216,0.1867,0.3274,-0.7461,-43.4621,22.0227,0.2874,0.6659,1,0,0,0,0,4.6443
124.7792,167.9848,0.0864,96.3460,0.0009,0.0034,-0.0002,0.0009,0.0000,198.7856,-1.6148,-0.3216,0.1867,0.3274,-0.7469,-44.1817,13.1356,0.2874,0.6659,1,0,0,0,0,4.1488
124.8372,167.9850,0.0864,96.3460,0.0009,0.0034,-0.0002,0.0009,0.0000,198.6974,-1.5217,-0.3158,0.1867,0.3274,-0.7394,-44.4734,5.0313,0.2874,0.6659,1,0,0,0,0,3.6934
124.8954,167.9851,0.0864,96.3460,0.0009,0.0034,-0.0002,0.0009,0.0000,198.6110,-1.4851,-0.3060,0.1867,0.3274,-0.7173,-44.1667,5.2718,0.2874,0.6659,1,0,0,0,0,3.7048
124.9558,167.9853,0.0864,96.3460,0.0009,0.0034,-0.0002,0.0009,0.0000,198.5128,-1.6247,-0.2884,0.1867,0.3274,-0.6666,-42.7761,23.0136,0.2874,0.6659,1,0,0,0,0,4.6982
125.0088,167.9854,0.0864,96.3460,0.0009,0.0034,-0.0002,0.0009,0.0000,198.4363,-1.4426,-0.2767,0.1867,0.3274,-0.6251,-41.0415,32.6944,0.2874,0.6659,1,0,0,0,0,5.2259
125.0678,167.9856,0.0864,96.3460,0.0009,0.0034,-0.0002,0.0009,0.0000,198.3652,-1.2054,-0.2571,0.1867,0.3274,-0.5723,-38.3539,45.6012,0.2874,0.6659,1,0,0,0,0,5.9297
125.1225,167.9857,0.0864,96.3460,0.0009,0.0034,-0.0002,0.0009,0.0000,198.3009,-1.1771,-0.2336,0.1867,0.3274,-0.5071,-35.4546,53.0009,0.2874,0.6659,1,0,0,0,0,6.3393
125.1767,167.9859,0.0864,96.3460,0.0009,0.0034,-0.0002,0.0009,0.0000,198.2442,-1.0443,-0.2121,0.1867,0.3274,-0.4384,-32.0300,63.1405,0.2874,0.6659,1,0,0,0,0,6.8952
125.2362,167.9861,0.0864,96.3460,0.0009,0.0034,-0.0002,0.0009,0.0000,198.1960,-0.8112,-0.1848,0.1867,0.3274,-0.3595,-27.9511,68.5776,0.2874,0.6659,1,0,0,0,0,7.1843
125.2967,167.9862,0.0864,96.3460,0.0009,0.0034,-0.0002,0.0009,0.0000,198.1568,-0.6483,-0.1574,0.1867,0.3274,-0.2769,-23.2990,76.8542,0.2874,0.6659,1,0,0,0,0,7.6351
125.3560,167.9864,0.0864,96.3460,0.0009,0.0034,-0.0002,0.0009,0.0000,198.1226,-0.5767,-0.1300,0.1867,0.3274,-0.1773,-18.1421,87.0021,0.2874,0.6659,1,0,0,0,0,8.1949
125.4094,167.9865,0.0864,96.3460,0.0009,0.0034,-0.0002,0.0009,0.0000,198.1034,-0.3585,-0.1066,0.1867,0.3274,-0.1038,-13.4469,87.8411,0.2874,0.6659,1,0,0,0,0,8.2293
125.4637,167.9867,0.0864,96.3460,0.0009,0.0034,-0.0002,0.0009,0.0000,198.0927,-0.1979,-0.0831,0.1867,0.3274,-0.0301,-8.8690,84.3575,0.2874,0.6659,1,0,0,0,0,8.0269
125.5165,167.9868,0.0864,96.3460,0.0009,0.0034,-0.0002,0.0009,0.0000,198.0897,-0.0566,-0.0577,0.1867,0.3274,0.0221,-4.7142,78.6499,0.2874,0.6659,1,0,0,0,0,7.7020
125.5772,167.9870,0.0864,96.3460,0.0009,0.0034,-0.0002,0.0009,0.0000,198.0936,0.0648,-0.0284,0.1867,0.3274,0.0920,-0.3503,71.8858,0.2874,0.6659,1,0,0,0,0,7.3266
125.6364,167.9872,0.0864,96.3460,0.0009,0.0034,-0.0002,0.0009,0.0000,198.1042,0.1791,0.0010,0.1867,0.3274,0.1513,3.6002,66.7945,0.2874,0.6659,1,0,0,0,0,7.0501
125.6969,167.9873,0.0864,96.3460,0.0009,0.0034,-0.0002,0.0009,0.0000,198.1253,0.3481,0.0342,0.1867,0.3274,0.2179,7.5892,65.9408,0.2874,0.6659,1,0,0,0,0,7.0121
125.7486,167.9875,0.0864,96.3460,0.0009,0.0034,-0.0002,0.0009,0.0000,198.1444,0.3705,0.0557,0.1867,0.3274,0.2638,10.7646,61.3876,0.2874,0.6659,1,0,0,0,0,6.7604
125.8060,167.9876,0.0864,96.3460,0.0009,0.0034,-0.0002,0.0009,0.0000,198.1742,0.5188,0.0831,0.1867,0.3274,0.3198,14.2696,61.0509,0.2874,0.6659,1,0,0,0,0,6.7499
125.8588,167.9878,0.0864,96.3460,0.0009,0.0034,-0.0002,0.0009,0.0000,198.2096,0.6705,0.1026,0.1867,0.3274,0.3656,17.3034,57.4640,0.2874,0.6659,1,0,0,0,0,6.5591
125.9191,167.9879,0.0864,96.3460,0.0009,0.0034,-0.0002,0.0009,0.0000,198.2586,0.8128,0.1241,0.1867,0.3274,0.4143,20.6083,54.8262,0.2874,0.6659,1,0,0,0,0,6.4204
125.9791,167.9881,0.0864,96.3460,0.0009,0.0034,-0.0002,0.0009,0.0000,198.3041,0.7579,0.1417,0.1867,0.3274,0.4508,23.3641,45.9192,0.2874,0.6659,1,0,0,0,0,5.9225
126.0377,167.9883,0.0864,96.3460,0.0009,0.0034,-0.0002,0.0009,0.0000,198.3535,0.8429,0.1574,0.1867,0.3274,0.4846,25.7719,41.1040,0.2874,0.6659,1,0,0,0,0,5.6598
126.0907,167.9884,0.0864,96.3460,0.0009,0.0034,-0.0002,0.0009,0.0000,198.4058,0.9885,0.1613,0.1867,0.3274,0.5043,27.7478,37.2971,0.2874,0.6659,1,0,0,0,0,5.4563
126.1488,167.9886,0.0864,96.3460,0.0009,0.0034,-0.0002,0.0009,0.0000,198.4594,0.9219,0.1613,0.1867,0.3274,0.5106,29.2395,25.6617,0.2874,0.6659,1,0,0,0,0,4.8062
126.2045,167.9887,0.0864,96.3460,0.0009,0.0034,-0.0002,0.0009,0.0000,198.5134,0.9694,0.1613,0.1867,0.3274,0.5122,29.9496,12.7583,0.2874,0.6659,1,0,0,0,0,4.0920
126.2560,167.9889,0.0864,96.3460,0.0009,0.0034,-0.0002,0.0009,0.0000,198.5674,1.0487,0.1613,0.1867,0.3274,0.5127,30.3329,7.4420,0.2874,0.6659,1,0,0,0,0,3.8011
126.3139,167.9890,0.0864,96.3460,0.0009,0.0034,-0.0002,0.0009,0.0000,198.6205,0.9166,0.1456,0.1867,0.3274,0.4962,30.3595,0.4597,0.2874,0.6659,1,0,0,0,0,3.4058
126.3657,167.9892,0.0864,96.3460,0.0009,0.0034,-0.0002,0.0009,0.0000,198.6708,0.9704,0.1300,0.1867,0.3274,0.4674,29.7264,12.2222,0.2874,0.6659,1,0,0,0,0,4.0623
126.4260,167.9893,0.0864,96.3460,0.0009,0.0034,-0.0002,0.0009,0.0000,198.7174,0.7732,0.1104,0.1867,0.3274,0.4320,28.3689,22.5233,0.2874,0.6659,1,0,0,0,0,4.6236
126.4818,167.9895,0.0864,96.3460,0.0009,0.0034,-0.0002,0.0009,0.0000,198.7592,0.7483,0.0850,0.1867,0.3274,0.3865,26.1938,38.9311,0.2874,0.6659,1,0,0,0,0,5.5338
126.5355,167.9896,0.0864,96.3460,0.0009,0.0034,-0.0002,0.0009,0.0000,198.7948,0.6636,0.0499,0.1867,0.3274,0.3253,23.9846,41.1325,0.2874,0.6659,1,0,0,0,0,5.6514
126.5941,167.9898,0.0864,96.3460,0.0009,0.0034,-0.0002,0.0009,0.0000,198.8234,0.4883,0.0146,0.1867,0.3274,0.2615,20.5925,57.9218,0.2874,0.6659,1,0,0,0,0,6.5744
126.6479,167.9900,0.0864,96.3460,0.0009,0.0034,-0.0002,0.0009,0.0000,198.8445,0.3925,-0.0088,0.1867,0.3274,0.1986,16.8861,68.8307,0.2874,0.6659,1,0,0,0,0,7.1751
126.7034,167.9901,0.0864,96.3460,0.0009,0.0034,-0.0002,0.0009,0.0000,198.8582,0.2464,-0.0479,0.1867,0.3274,0.1290,13.5616,59.9704,0.2874,0.6659,1,0,0,0,0,6.6747
126.7636,167.9903,0.0864,96.3460,0.0009,0.0034,-0.0002,0.0009,0.0000,198.8642,0.0991,-0.0831,0.1867,0.3274,0.0467,9.3584,69.8423,0.2874,0.6659,1,0,0,0,0,7.2150
126.8187,167.9904,0.0864,96.3460,0.0009,0.0034,-0.0002,0.0009,0.0000,198.8604,-0.0675,-0.1183,0.1867,0.3274,-0.0324,5.0112,78.8426,0.2874,0.6659,1,0,0,0,0,7.7133
126.8804,167.9906,0.0864,96.3460,0.0009,0.0034,-0.0002,0.0009,0.0000,198.8455,-0.2418,-0.1535,0.1867,0.3274,-0.1382,-0.2074,84.5511,0.2874,0.6659,1,0,0,0,0,8.0401
126.9359,167.9907,0.0864,96.3460,0.0009,0.0034,-0.0002,0.0009,0.0000,198.8190,-0.4769,-0.1848,0.1867,0.3274,-0.2386,-6.5913,115.0650,0.2874,0.6659,1,0,0,0,0,9.7484
126.9888,167.9909,0.0864,96.3460,0.0009,0.0034,-0.0002,0.0009,0.0000,198.7811,-0.7179,-0.2141,0.1867,0.3274,-0.3397,-11.4670,92.2034,0.2874,0.6659,1,0,0,0,0,8.4917
127.0479,167.9910,0.0864,96.3460,0.0009,0.0034,-0.0002,0.0009,0.0000,198.7329,-0.8153,-0.2395,0.1867,0.3274,-0.4256,-17.6298,104.2012,0.2874,0.6659,1,0,0,0,0,9.1636
127.1000,167.9912,0.0864,96.3460,0.0009,0.0034,-0.0002,0.0009,0.0000,198.6746,-1.1178,-0.2669,0.1867,0.3274,-0.5148,-22.6820,96.9840,0.2874,0.6659,1,0,0,0,0,8.7795
127.1582,167.9913,0.0864,96.3460,0.0009,0.0034,-0.0002,0.0009,0.0000,198.6073,-1.1572,-0.2923,0.1867,0.3274,-0.5942,-28.1991,94.7516,0.2874,0.6659,1,0,0,0,0,8.6576
127.2103,167.9915,0.0864,96.3460,0.0009,0.0034,-0.0002,0.0009,0.0000,198.5310,-1.4636,-0.3079,0.1867,0.3274,-0.6652,-32.8230,88.7745,0.2874,0.6659,1,0,0,0,0,8.3426
127.2689,167.9917,0.0864,96.3460,0.0009,0.0034,-0.0002,0.0009,0.0000,198.4475,-1.4255,-0.3275,0.1867,0.3274,-0.7281,-37.5602,80.8466,0.2874,0.6659,1,0,0,0,0,7.9000
127.3196,167.9918,0.0864,96.3460,0.0009,0.0034,-0.0002,0.0009,0.0000,198.3573,-1.7807,-0.3412,0.1867,0.3274,-0.7818,-41.4843,77.4609,0.2874,0.6659,1,0,0,0,0,7.7317
127.3802,167.9920,0.0864,96.3460,0.0009,0.0034,-0.0002,0.0009,0.0000,198.2625,-1.5634,-0.3451,0.1867,0.3274,-0.8118,-44.6663,52.4829,0.2874,0.6659,1,0,0,0,0,6.3319
127.4397,167.9921,0.0864,96.3460,0.0009,0.0034,-0.0002,0.0009,0.0000,198.1467,-1.9469,-0.3451,0.1867,0.3274,-0.8207,-47.0156,39.4819,0.2874,0.6659,1,0,0,0,0,5.6310
127.5006,167.9923,0.0864,96.3460,0.0009,0.0034,-0.0002,0.0009,0.0000,198.0497,-1.5929,-0.3451,0.1867,0.3274,-0.8223,-48.2562,20.3827,0.2874,0.6659,1,0,0,0,0,4.5502
127.5581,167.9925,0.0864,96.3460,0.0009,0.0034,-0.0002,0.0009,0.0000,197.9529,-1.6840,-0.3412,0.1867,0.3274,-0.8174,-48.8034,9.5127,0.2874,0.6659,1,0,0,0,0,3.9514
127.6104,167.9926,0.0864,96.3460,0.0009,0.0034,-0.0002,0.0009,0.0000,197.8583,-1.8064,-0.3275,0.1867,0.3274,-0.7873,-48.5578,4.6915,0.2874,0.6659,1,0,0,0,0,3.6904
127.6711,167.9928,0.0864,96.3460,0.0009,0.0034,-0.0002,0.0009,0.0000,197.7683,-1.4837,-0.3099,0.1867,0.3274,-0.7408,-47.1498,23.2058,0.2874,0.6659,1,0,0,0,0,4.7010
127.7309,167.9929,0.0864,96.3460,0.0009,0.0034,-0.0002,0.0009,0.0000,197.6680,-1.6787,-0.2845,0.1867,0.3274,-0.6727,-44.7230,40.6243,0.2874,0.6659,1,0,0,0,0,5.6795
127.7900,167.9931,0.0864,96.3460,0.0009,0.0034,-0.0002,0.0009,0.0000,197.5936,-1.2570,-0.2571,0.1867,0.3274,-0.5892,-41.3778,56.5170,0.2874,0.6659,1,0,0,0,0,6.5390
127.8422,167.9932,0.0864,96.3460,0.0009,0.0034,-0.0002,0.0009,0.0000,197.5292,-1.2357,-0.2278,0.1867,0.3274,-0.4983,-37.1629,80.8852,0.2874,0.6659,1,0,0,0,0,7.8916
127.9015,167.9934,0.0864,96.3460,0.0009,0.0034,-0.0002,0.0009,0.0000,197.4763,-0.8909,-0.1926,0.1867,0.3274,-0.3909,-31.8526,89.5115,0.2874,0.6659,1,0,0,0,0,8.3517
127.9529,167.9935,0.0864,96.3460,0.0009,0.0034,-0.0002,0.0009,0.0000,197.4348,-0.8082,-0.1613,0.1867,0.3274,-0.2937,-26.4749,104.5638,0.2874,0.6659,1,0,0,0,0,9.1834
128.0093,167.9937,0.0864,96.3460,0.0009,0.0034,-0.0002,0.0009,0.0000,197.4048,-0.5311,-0.1261,0.1867,0.3274,-0.1874,-20.1251,112.5301,0.2874,0.6659,1,0,0,0,0,9.6105
128.0615,167.9938,0.0864,96.3460,0.0009,0.0034,-0.0002,0.0009,0.0000,197.3866,-0.3484,-0.0987,0.1867,0.3274,-0.0861,-14.7078,103.7793,0.2874,0.6659,1,0,0,0,0,9.1142
128.1214,167.9940,0.0864,96.3460,0.0009,0.0034,-0.0002,0.0009,0.0000,197.3793,-0.1224,-0.0636,0.1867,0.3274,0.0046,-8.3110,106.9178,0.2874,0.6659,1,0,0,0,0,9.2761
128.1817,167.9942,0.0864,96.3460,0.0009,0.0034,-0.0002,0.0009,0.0000,197.3811,0.0291,-0.0284,0.1867,0.3274,0.0802,-2.6404,94.0586,0.2874,0.6659,1,0,0,0,0,8.5565
128.2402,167.9943,0.0864,96.3460,0.0009,0.0034,-0.0002,0.0009,0.0000,197.3940,0.2203,0.0068,0.1867,0.3274,0.1626,2.6402,90.2392,0.2874,0.6659,1,0,0,0,0,8.3549
128.2927,167.9945,0.0864,96.3460,0.0009,0.0034,-0.0002,0.0009,0.0000,197.4083,0.2721,0.0342,0.1867,0.3274,0.2123,6.7612,78.4420,0.2874,0.6659,1,0,0,0,0,7.7024
128.3524,167.9946,0.0864,96.3460,0.0009,0.0034,-0.0002,0.0009,0.0000,197.4382,0.5018,0.0655,0.1867,0.3274,0.2841,11.1280,73.1927,0.2874,0.6659,1,0,0,0,0,7.4235
128.4133,167.9948,0.0864,96.3460,0.0009,0.0034,-0.0002,0.0009,0.0000,197.4703,0.5270,0.0948,0.1867,0.3274,0.3405,15.1990,66.7991,0.2874,0.6659,1,0,0,0,0,7.0697
128.4655,167.9949,0.0864,96.3460,0.0009,0.0034,-0.0002,0.0009,0.0000,197.5081,0.7234,0.1144,0.1867,0.3274,0.3874,18.3808,60.9728,0.2874,0.6659,1,0,0,0,0,6.7569
128.5253,167.9951,0.0864,96.3460,0.0009,0.0034,-0.0002,0.0009,0.0000,197.5505,0.7098,0.1300,0.1867,0.3274,0.4255,21.5942,53.7079,0.2874,0.6659,1,0,0,0,0,6.3526
128.5844,167.9953,0.0864,96.3460,0.0009,0.0034,-0.0002,0.0009,0.0000,197.6069,0.9553,0.1476,0.1867,0.3274,0.4666,24.3502,46.6963,0.2874,0.6659,1,0,0,0,0,5.9767
128.6436,167.9954,0.0864,96.3460,0.0009,0.0034,-0.0002,0.0009,0.0000,197.6572,0.8482,0.1535,0.1867,0.3274,0.4864,26.5384,36.9017,0.2874,0.6659,1,0,0,0,0,5.4266
128.7030,167.9956,0.0864,96.3460,0.0009,0.0034,-0.0002,0.0009,0.0000,197.7089,0.8714,0.1554,0.1867,0.3274,0.4951,28.1057,26.4197,0.2874,0.6659,1,0,0,0,0,4.8455
128.7545,167.9957,0.0864,96.3460,0.0009,0.0034,-0.0002,0.0009,0.0000,197.7613,1.0160,0.1554,0.1867,0.3274,0.4994,28.9531,16.4300,0.2874,0.6659,1,0,0,0,0,4.2986
128.8062,167.9959,0.0864,96.3460,0.0009,0.0034,-0.0002,0.0009,0.0000,197.8139,1.0180,0.1554,0.1867,0.3274,0.5005,29.4547,9.7052,0.2874,0.6659,1,0,0,0,0,3.9251
128.8572,167.9960,0.0864,96.3460,0.0009,0.0034,-0.0002,0.0009,0.0000,197.8555,0.8168,0.1456,0.1867,0.3274,0.4903,29.6142,3.1291,0.2874,0.6659,1,0,0,0,0,3.5486
128.9167,167.9962,0.0864,96.3460,0.0009,0.0034,-0.0002,0.0009,0.0000,197.9152,1.0026,0.1280,0.1867,0.3274,0.4622,29.0943,8.7336,0.2874,0.6659,1,0,0,0,0,3.8703
128.9759,167.9963,0.0864,96.3460,0.0009,0.0034,-0.0002,0.0009,0.0000,197.9613,0.7789,0.1085,0.1867,0.3274,0.4288,27.9447,19.4379,0.2874,0.6659,1,0,0,0,0,4.4525
129.0262,167.9965,0.0864,96.3460,0.0009,0.0034,-0.0002,0.0009,0.0000,197.9949,0.6682,0.0831,0.1867,0.3274,0.3918,26.4421,29.8397,0.2874,0.6659,1,0,0,0,0,5.0243
129.0859,167.9967,0.0864,96.3460,0.0009,0.0034,-0.0002,0.0009,0.0000,198.0380,0.7218,0.0499,0.1867,0.3274,0.3226,23.8135,44.0470,0.2874,0.6659,1,0,0,0,0,5.8165
129.1449,167.9968,0.0864,96.3460,0.0009,0.0034,-0.0002,0.0009,0.0000,198.0667,0.4866,0.0205,0.1867,0.3274,0.2645,20.5688,54.9477,0.2874,0.6659,1,0,0,0,0,6.4091
129.2052,167.9970,0.0864,96.3460,0.0009,0.0034,-0.0002,0.0009,0.0000,198.0925,0.4283,-0.0108,0.1867,0.3274,0.1957,17.1756,56.3539,0.2874,0.6659,1,0,0,0,0,6.4839
129.2654,167.9971,0.0864,96.3460,0.0009,0.0034,-0.0002,0.0009,0.0000,198.1068,0.2366,-0.0362,0.1867,0.3274,0.1403,13.4321,62.0942,0.2874,0.6659,1,0,0,0,0,6.7922
129.3262,167.9973,0.0864,96.3460,0.0009,0.0034,-0.0002,0.0009,0.0000,198.1168,0.1648,-0.0577,0.1867,0.3274,0.0874,10.0447,55.7786,0.2874,0.6659,1,0,0,0,0,6.4373
129.3876,167.9975,0.0864,96.3460,0.0009,0.0034,-0.0002,0.0009,0.0000,198.1199,0.0512,-0.0792,0.1867,0.3274,0.0466,6.8636,51.7830,0.2874,0.6659,1,0,0,0,0,6.2090
129.4475,167.9977,0.0864,96.3460,0.0009,0.0034,-0.0002,0.0009,0.0000,198.1188,-0.0189,-0.0968,0.1867,0.3274,0.0084,4.1191,45.8369,0.2874,0.6659,1,0,0,0,0,5.8769
129.5081,167.9978,0.0864,96.3460,0.0009,0.0034,-0.0002,0.0009,0.0000,198.1123,-0.1078,-0.1007,0.1867,0.3274,-0.0242,1.5817,41.8765,0.2874,0.6659,1,0,0,0,0,5.6618
129.5582,167.9980,0.0864,96.3460,0.0009,0.0034,-0.0002,0.0009,0.0000,198.1062,-0.1212,-0.1026,0.1867,0.3274,-0.0352,-0.0320,32.2119,0.2874,0.6659,1,0,0,0,0,5.1257
129.6185,167.9981,0.0864,96.3460,0.0009,0.0034,-0.0002,0.0009,0.0000,198.0963,-0.1648,-0.1026,0.1867,0.3274,-0.0397,-1.2560,20.2768,0.2874,0.6659,1,0,0,0,0,4.4650
129.6790,167.9983,0.0864,96.3460,0.0009,0.0034,-0.0002,0.0009,0.0000,198.0877,-0.1412,-0.1026,0.1867,0.3274,-0.0405,-1.8734,10.2031,0.2874,0.6659,1,0,0,0,0,3.9041
129.7362,167.9984,0.0864,96.3460,0.0009,0.0034,-0.0002,0.0009,0.0000,198.0795,-0.1432,-0.0987,0.1867,0.3274,-0.0339,-2.0756,3.5406,0.2874,0.6659,1,0,0,0,0,3.5340
129.7887,167.9986,0.0864,96.3460,0.0009,0.0034,-0.0002,0.0009,0.0000,198.0724,-0.1346,-0.0929,0.1867,0.3274,-0.0211,-1.8976,3.3858,0.2874,0.6659,1,0,0,0,0,3.5250
129.8496,167.9987,0.0864,96.3460,0.0009,0.0034,-0.0002,0.0009,0.0000,198.0668,-0.0923,-0.0831,0.1867,0.3274,0.0031,-1.1677,12.0010,0.2874,0.6659,1,0,0,0,0,4.0012
129.9092,167.9989,0.0864,96.3460,0.0009,0.0034,-0.0002,0.0009,0.0000,198.0644,-0.0409,-0.0753,0.1867,0.3274,0.0201,-0.2056,16.1291,0.2874,0.6659,1,0,0,0,0,4.2277
129.9693,167.9991,0.0864,96.3460,0.0009,0.0034,-0.0002,0.0009,0.0000,198.0636,-0.0137,-0.0714,0.1867,0.3274,0.0324,0.7669,16.1894,0.2874,0.6659,1,0,0,0,0,4.2295
130.0200,167.9992,0.0864,96.3460,0.0009,0.0034,-0.0002,0.0009,0.0000,198.0639,0.0057,-0.0694,0.1867,0.3274,0.0395,1.4423,13.3118,0.2874,0.6659,1,0,0,0,0,4.0692
130.0794,167.9994,0.0864,96.3460,0.0009,0.0034,-0.0002,0.0009,0.0000,198.0646,0.0116,-0.0675,0.1867,0.3274,0.0423,1.9777,9.0224,0.2874,0.6659,1,0,0,0,0,3.8313
130.1393,167.9996,0.0864,96.3460,0.0009,0.0034,-0.0002,0.0009,0.0000,198.0658,0.0211,-0.0675,0.1867,0.3274,0.0453,2.3316,5.9060,0.2874,0.6659,1,0,0,0,0,3.6587
130.1916,167.9997,0.0864,96.3460,0.0009,0.0034,-0.0002,0.0009,0.0000,198.0668,0.0184,-0.0675,0.1867,0.3274,0.0458,2.5272,3.7404,0.2874,0.6659,1,0,0,0,0,3.5382
130.2436,167.9998,0.0864,96.3460,0.0009,0.0034,-0.0002,0.0009,0.0000,198.0680,0.0235,-0.0675,0.1867,0.3274,0.0459,2.6427,2.2200,0.2874,0.6659,1,0,0,0,0,3.4540
130.2940,168.0000,0.0864,96.3460,0.0009,0.0034,-0.0002,0.0009,0.0000,198.0692,0.0242,-0.0675,0.1867,0.3274,0.0460,2.6943,1.0250,0.2874,0.6659,1,0,0,0,0,3.3877
130.3450,168.0001,0.0864,96.3460,0.0009,0.0034,-0.0002,0.0009,0.0000,198.0702,0.0191,-0.0675,0.1867,0.3274,0.0460,2.7256,0.6137,0.2874,0.6659,1,0,0,0,0,3.3645
130.3968,168.0002,0.0864,96.3460,0.0009,0.0034,-0.0002,0.0009,0.0000,198.0714,0.0236,-0.0675,0.1867,0.3274,0.0460,2.7430,0.3352,0.2874,0.6659,1,0,0,0,0,3.3493
130.4525,168.0004,0.0864,96.3460,0.0009,0.0034,-0.0002,0.0009,0.0000,198.0727,0.0230,-0.0675,0.1867,0.3274,0.0460,2.7516,0.1546,0.2874,0.6659,1,0,0,0,0,3.3392
130.5045,168.0006,0.0864,96.3460,0.0009,0.0034,-0.0002,0.0009,0.0000,198.0739,0.0235,-0.0675,0.1867,0.3274,0.0460,2.7555,0.0749,0.2874,0.6659,1,0,0,0,0,3.3348
130.5646,168.0007,0.0864,96.3460,0.0009,0.0034,-0.0002,0.0009,0.0000,198.0751,0.0203,-0.0675,0.1867,0.3274,0.0460,2.7579,0.0401,0.2874,0.6659,1,0,0,0,0,3.3327
130.6245,168.0009,0.0864,96.3460,0.0009,0.0034,-0.0002,0.0009,0.0000,198.0764,0.0204,-0.0675,0.1867,0.3274,0.0460,2.7590,0.0184,0.2874,0.6659,1,0,0,0,0,3.3315
130.6769,168.0010,0.0864,96.3460,0.0009,0.0034,-0.0002,0.0009,0.0000,198.0776,0.0233,-0.0675,0.1867,0.3274,0.0460,2.7595,0.0092,0.2874,0.6659,1,0,0,0,0,3.3312
130.7351,168.0012,0.0864,96.3460,0.0009,0.0034,-0.0002,0.0009,0.0000,198.0788,0.0210,-0.0675,0.1867,0.3274,0.0460,2.7598,0.0044,0.2874,0.6659,1,0,0,0,0,3.3308
130.7945,168.0013,0.0864,96.3460,0.0009,0.0034,-0.0002,0.0009,0.0000,198.0803,0.0247,-0.0675,0.1867,0.3274,0.0460,2.7599,0.0021,0.2874,0.6659,1,0,0,0,0,3.3309
130.8548,168.0015,0.0864,96.3460,0.0009,0.0034,-0.0002,0.0009,0.0000,198.0816,0.0212,-0.0675,0.1867,0.3274,0.0460,2.7599,0.0010,0.2874,0.6659,1,0,0,0,0,3.3306
130.9060,168.0017,0.0864,96.3460,0.0009,0.0034,-0.0002,0.0009,0.0000,198.0828,0.0239,-0.0675,0.1867,0.3274,0.0460,2.7600,0.0005,0.2874,0.6659,1,0,0,0,0,3.3307
130.9654,168.0018,0.0864,96.3460,0.0009,0.0034,-0.0002,0.0009,0.0000,198.0840,0.0206,-0.0675,0.1867,0.3274,0.0460,2.7600,0.0002,0.2874,0.6659,1,0,0,0,0,3.3305
131.0175,168.0020,0.0864,96.3460,0.0009,0.0034,-0.0002,0.0009,0.0000,198.0852,0.0234,-0.0675,0.1867,0.3274,0.0460,2.7600,0.0001,0.2874,0.6659,1,0,0,0,0,3.3307
131.0773,168.0021,0.0864,96.3460,0.0009,0.0034,-0.0002,0.0009,0.0000,198.0864,0.0204,-0.0675,0.1867,0.3274,0.0460,2.7600,0.0001,0.2874,0.6659,1,0,0,0,0,3.3305
131.1369,168.0023,0.0864,96.3460,0.0009,0.0034,-0.0002,0.0009,0.0000,198.0879,0.0246,-0.0675,0.1867,0.3274,0.0460,2.7600,0.0000,0.2874,0.6659,1,0,0,0,0,3.3307
131.1954,168.0025,0.0864,96.3460,0.0009,0.0034,-0.0002,0.0009,0.0000,198.0891,0.0211,-0.0675,0.1867,0.3274,0.0460,2.7600,0.0000,0.2874,0.6659,1,0,0,0,0,3.3305
131.2557,168.0026,0.0864,96.3460,0.0009,0.0034,-0.0002,0.0009,0.0000,198.0904,0.0207,-0.0675,0.1867,0.3274,0.0460,2.7600,0.0000,0.2874,0.6659,1,0,0,0,0,3.3305
131.3172,168.0028,0.0864,96.3460,0.0009,0.0034,-0.0002,0.0009,0.0000,198.0919,0.0238,-0.0675,0.1867,0.3274,0.0460,2.7600,0.0000,0.2874,0.6659,1,0,0,0,0,3.3307
131.3781,168.0030,0.0864,96.3460,0.0009,0.0034,-0.0002,0.0009,0.0000,198.0931,0.0200,-0.0675,0.1867,0.3274,0.0460,2.7600,0.0000,0.2874,0.6659,1,0,0,0,0,3.3305
131.4385,168.0031,0.0864,96.3460,0.0009,0.0034,-0.0002,0.0009,0.0000,198.0945,0.0243,-0.0675,0.1867,0.3274,0.0460,2.7600,0.0000,0.2874,0.6659,1,0,0,0,0,3.3307
131.4913,168.0033,0.0864,96.3460,0.0009,0.0034,-0.0002,0.0009,0.0000,198.0958,0.0231,-0.0675,0.1867,0.3274,0.0460,2.7600,0.0000,0.2874,0.6659,1,0,0,0,0,3.3307
131.5506,168.0034,0.0864,96.3460,0.0009,0.0034,-0.0002,0.0009,0.0000,198.0970,0.0206,-0.0675,0.1867,0.3274,0.0460,2.7600,0.0000,0.2874,0.6659,1,0,0,0,0,3.3305
131.6096,168.0036,0.0864,96.3460,0.0009,0.0034,-0.0002,0.0009,0.0000,198.0983,0.0217,-0.0675,0.1867,0.3274,0.0460,2.7600,0.0000,0.2874,0.6659,1,0,0,0,0,3.3306
131.6689,168.0038,0.0864,96.3460,0.0009,0.0034,-0.0002,0.0009,0.0000,198.0997,0.0247,-0.0675,0.1867,0.3274,0.0460,2.7600,0.0000,0.2874,0.6659,1,0,0,0,0,3.3307
131.7263,168.0039,0.0864,96.3460,0.0009,0.0034,-0.0002,0.0009,0.0000,198.1010,0.0213,-0.0675,0.1867,0.3274,0.0460,2.7600,0.0000,0.2874,0.6659,1,0,0,0,0,3.3306
131.7863,168.0041,0.0864,96.3460,0.0009,0.0034,-0.0002,0.0009,0.0000,198.1022,0.0204,-0.0675,0.1867,0.3274,0.0460,2.7600,0.0000,0.2874,0.6659,1,0,0,0,0,3.3305
131.8374,168.0042,0.0864,96.3460,0.0009,0.0034,-0.0002,0.0009,0.0000,198.1034,0.0239,-0.0675,0.1867,0.3274,0.0460,2.7600,0.0000,0.2874,0.6659,1,0,0,0,0,3.3307
131.8896,168.0044,0.0864,96.3460,0.0009,0.0034,-0.0002,0.0009,0.0000,198.1044,0.0193,-0.0675,0.1867,0.3274,0.0460,2.7600,0.0000,0.2874,0.6659,1,0,0,0,0,3.3304
131.9489,168.0045,0.0864,96.3460,0.0009,0.0034,-0.0002,0.0009,0.0000,198.1059,0.0255,-0.0675,0.1867,0.3274,0.0460,2.7600,0.0000,0.2874,0.6659,1,0,0,0,0,3.3308
131.9999,168.0047,0.0864,96.3460,0.0009,0.0034,-0.0002,0.0009,0.0000,198.1069,0.0195,-0.0675,0.1867,0.3274,0.0460,2.7600,0.0000,0.2874,0.6659,1,0,0,0,0,3.3305
132.0501,168.0048,0.0864,96.3460,0.0009,0.0034,-0.0002,0.0009,0.0000,198.1081,0.0243,-0.0675,0.1867,0.3274,0.0460,2.7600,0.0000,0.2874,0.6659,1,0,0,0,0,3.3307
132.1049,168.0050,0.0864,96.3460,0.0009,0.0034,-0.0002,0.0009,0.0000,198.1093,0.0223,-0.0675,0.1867,0.3274,0.0460,2.7600,0.0000,0.2874,0.6659,1,0,0,0,0,3.3306
132.2890,168.0055,0.0864,96.3460,0.0009,0.0034,-0.0002,0.0009,0.0000,198.1133,0.0213,-0.0675,0.1867,0.3274,0.0460,2.7600,0.0000,0.2874,0.6659,1,0,0,0,0,3.3306
132.3413,168.0056,0.0864,96.3460,0.0009,0.0034,-0.0002,0.0009,0.0000,198.1145,0.0239,-0.0675,0.1867,0.3274,0.0460,2.7600,0.0000,0.2874,0.6659,1,0,0,0,0,3.3307
132.3938,168.0058,0.0864,96.3460,0.0009,0.0034,-0.0002,0.0009,0.0000,198.1157,0.0233,-0.0675,0.1867,0.3274,0.0460,2.7600,0.0000,0.2874,0.6659,1,0,0,0,0,3.3307
132.4561,168.0059,0.0864,96.3460,0.0009,0.0034,-0.0002,0.0009,0.0000,198.1170,0.0196,-0.0675,0.1867,0.3274,0.0460,2.7600,0.0000,0.2874,0.6659,1,0,0,0,0,3.3305
132.5122,168.0061,0.0864,96.3460,0.0009,0.0034,-0.0002,0.0009,0.0000,198.1184,0.0261,-0.0675,0.1867,0.3274,0.0460,2.7600,0.0000,0.2874,0.6659,1,0,0,0,0,3.3308
132.5650,168.0062,0.0864,96.3460,0.0009,0.0034,-0.0002,0.0009,0.0000,198.1194,0.0182,-0.0675,0.1867,0.3274,0.0460,2.7600,0.0000,0.2874,0.6659,1,0,0,0,0,3.3304
132.6160,168.0063,0.0864,96.3460,0.0009,0.0034,-0.0002,0.0009,0.0000,198.1206,0.0236,-0.0675,0.1867,0.3274,0.0460,2.7600,0.0000,0.2874,0.6659,1,0,0,0,0,3.3307
132.6806,168.0065,0.0864,96.3460,0.0009,0.0034,-0.0002,0.0009,-0.0001,198.1221,0.0227,-0.0675,0.1828,0.3274,0.0460,2.7600,0.0000,0.2857,0.6659,1,0,0,0,0,3.3306
132.7373,168.0066,0.0864,96.3460,0.0008,0.0028,-0.0002,0.0008,-0.0027,198.1232,0.0205,-0.0675,0.1085,0.3274,0.0460,2.7600,0.0000,0.2428,0.6659,1,0,0,0,0,3.3305
132.7907,168.0067,0.0864,96.3460,0.0006,0.0021,-0.0001,0.0006,-0.0037,198.1242,0.0188,-0.0675,0.0831,0.3274,0.0460,2.7600,0.0000,0.1879,0.6659,1,0,0,0,0,3.3304
132.8474,168.0068,0.0864,96.3460,0.0004,0.0015,-0.0001,0.0004,-0.0029,198.1251,0.0151,-0.0675,0.0557,0.3274,0.0460,2.7600,0.0000,0.1432,0.6659,1,0,0,0,0,3.3302
132.9005,168.0068,0.0864,96.3460,0.0002,0.0008,-0.0001,0.0002,-0.0039,198.1258,0.0132,-0.0675,0.0186,0.3274,0.0460,2.7600,0.0000,0.0864,0.6659,1,0,0,0,0,3.3301
132.9585,168.0068,0.0864,96.3460,0.0001,0.0003,0.0000,0.0001,-0.0024,198.1263,0.0095,-0.0675,0.0088,0.3274,0.0460,2.7600,0.0000,0.0480,0.6659,1,0,0,0,0,3.3299
133.0103,168.0068,0.0864,96.3460,0.0000,0.0000,0.0000,0.0000,-0.0013,198.1267,0.0077,-0.0675,0.0088,0.3274,0.0460,2.7600,0.0000,0.0300,0.6659,1,0,0,0,0,3.3298
133.0680,168.0068,0.0864,96.3460,0.0000,0.0001,0.0000,0.0000,0.0005,198.1270,0.0053,-0.0675,0.0088,0.3274,0.0460,2.7600,0.0000,0.0148,0.6659,1,0,0,0,0,3.3297
133.1200,168.0068,0.0864,96.3460,0.0001,0.0002,0.0001,0.0000,0.0002,198.1272,0.0035,-0.0675,0.0088,0.3274,0.0460,2.7600,0.0000,0.0092,0.6659,1,0,0,0,0,3.3296
133.1779,168.0068,0.0864,96.3460,0.0001,0.0002,0.0001,0.0000,0.0002,198.1276,0.0066,-0.0675,0.0088,0.3274,0.0460,2.7600,0.0000,0.0046,0.6659,1,0,0,0,0,3.3297
133.2362,168.0068,0.0864,96.3460,0.0000,0.0002,0.0000,0.0000,-0.0003,198.1279,0.0052,-0.0675,0.0420,0.3274,0.0460,2.7600,0.0000,0.0101,0.6659,1,0,0,0,0,3.3297
133.2935,168.0068,0.0864,96.3460,0.0001,0.0002,0.0000,0.0001,0.0002,198.1283,0.0064,-0.0675,0.0851,0.3274,0.0460,2.7600,0.0000,0.0443,0.6659,1,0,0,0,0,3.3297
133.3492,168.0068,0.0864,96.3460,0.0002,0.0009,-0.0001,0.0002,0.0033,198.1289,0.0112,-0.0675,0.1242,0.3274,0.0460,2.7600,0.0000,0.0946,0.6659,1,0,0,0,0,3.3300
133.4084,168.0069,0.0864,96.3460,0.0004,0.0016,-0.0001,0.0004,0.0031,198.1297,0.0129,-0.0675,0.1496,0.3274,0.0460,2.7600,0.0000,0.1456,0.6659,1,0,0,0,0,3.3301
133.4750,168.0070,0.0864,96.3460,0.0006,0.0022,-0.0001,0.0006,0.0027,198.1307,0.0160,-0.0675,0.1672,0.3274,0.0460,2.7600,0.0000,0.1947,0.6659,1,0,0,0,0,3.3303
133.5269,168.0070,0.0864,96.3460,0.0007,0.0027,-0.0002,0.0007,0.0024,198.1318,0.0203,-0.0675,0.1828,0.3274,0.0460,2.7600,0.0000,0.2295,0.6659,1,0,0,0,0,3.3305
133.5782,168.0071,0.0864,96.3460,0.0008,0.0031,-0.0002,0.0008,0.0022,198.1329,0.0223,-0.0675,0.1984,0.3274,0.0460,2.7600,0.0000,0.2606,0.6659,1,0,0,0,0,3.3306
133.6374,168.0072,0.0864,96.3460,0.0010,0.0035,-0.0002,0.0009,0.0021,198.1342,0.0209,-0.0675,0.2258,0.3274,0.0460,2.7600,0.0000,0.2954,0.6659,1,0,0,0,0,3.3305
133.6902,168.0074,0.0864,96.3460,0.0013,0.0047,0.0001,0.0013,0.0064,198.1333,-0.0162,-0.0675,0.2454,0.3274,0.0460,2.7600,0.0000,0.3323,0.6659,1,0,0,0,0,3.3303
133.7480,168.0075,0.0864,96.3458,0.0016,0.0058,0.0003,0.0016,0.0050,198.1305,-0.0485,-0.0675,0.2630,0.3274,0.0460,2.7600,0.0000,0.3666,0.6659,1,0,0,0,0,3.3321
133.7996,168.0077,0.0864,96.3457,0.0018,0.0065,0.0004,0.0018,0.0042,198.1264,-0.0804,-0.0675,0.2649,0.3274,0.0460,2.7600,0.0000,0.3913,0.6659,1,0,0,0,0,3.3338
133.8615,168.0078,0.0864,96.3455,0.0019,0.0070,0.0004,0.0019,0.0020,198.1214,-0.0809,-0.0675,0.2649,0.3274,0.0460,2.7600,0.0000,0.4051,0.6659,1,0,0,0,0,3.3339
133.9140,168.0080,0.0864,96.3454,0.0020,0.0072,0.0005,0.0020,0.0013,198.1159,-0.1035,-0.0675,0.2649,0.3274,0.0460,2.7600,0.0000,0.4127,0.6659,1,0,0,0,0,3.3351
133.9726,168.0081,0.0864,96.3452,0.0020,0.0074,0.0005,0.0020,0.0007,198.1102,-0.0974,-0.0675,0.2649,0.3274,0.0460,2.7600,0.0000,0.4169,0.6659,1,0,0,0,0,3.3348
134.0256,168.0083,0.0864,96.3450,0.0021,0.0074,0.0005,0.0020,0.0004,198.1044,-0.1100,-0.0675,0.2649,0.3274,0.0460,2.7600,0.0000,0.4193,0.6659,1,0,0,0,0,3.3355
134.0781,168.0084,0.0864,96.3448,0.0021,0.0075,0.0005,0.0020,0.0002,198.0985,-0.1116,-0.0675,0.2649,0.3274,0.0460,2.7600,0.0000,0.4206,0.6659,1,0,0,0,0,3.3356
134.1329,168.0086,0.0864,96.3446,0.0021,0.0075,0.0005,0.0020,0.0001,198.0926,-0.1080,-0.0675,0.2649,0.3274,0.0460,2.7600,0.0000,0.4213,0.6659,1,0,0,0,0,3.3354
134.1888,168.0087,0.0864,96.3445,0.0021,0.0075,0.0005,0.0020,0.0001,198.0866,-0.1070,-0.0675,0.2649,0.3274,0.0460,2.7600,0.0000,0.4217,0.6659,1,0,0,0,0,3.3353
134.2395,168.0089,0.0864,96.3443,0.0021,0.0075,0.0005,0.0020,0.0000,198.0818,-0.0951,-0.0675,0.2649,0.3274,0.0460,2.7600,0.0000,0.4219,0.6659,1,0,0,0,0,3.3347
134.2914,168.0090,0.0864,96.3441,0.0021,0.0075,0.0005,0.0020,0.0000,198.0758,-0.1166,-0.0675,0.2649,0.3274,0.0460,2.7600,0.0000,0.4221,0.6659,1,0,0,0,0,3.3358
134.3420,168.0092,0.0864,96.3439,0.0021,0.0075,0.0005,0.0020,0.0000,198.0710,-0.0952,-0.0675,0.2649,0.3274,0.0460,2.7600,0.0000,0.4221,0.6659,1,0,0,0,0,3.3347
134.3966,168.0093,0.0864,96.3437,0.0021,0.0075,0.0005,0.0020,0.0000,198.0649,-0.1107,-0.0675,0.2649,0.3274,0.0460,2.7600,0.0000,0.4222,0.6659,1,0,0,0,0,3.3355
134.4480,168.0094,0.0864,96.3436,0.0021,0.0075,0.0005,0.0020,0.0000,198.0589,-0.1174,-0.0675,0.2649,0.3274,0.0460,2.7600,0.0000,0.4222,0.6659,1,0,0,0,0,3.3359
134.5023,168.0096,0.0864,96.3434,0.0021,0.0075,0.0005,0.0020,0.0000,198.0529,-0.1112,-0.0675,0.2649,0.3274,0.0460,2.7600,0.0000,0.4222,0.6659,1,0,0,0,0,3.3355
134.5597,168.0098,0.0864,96.3432,0.0021,0.0075,0.0005,0.0020,0.0000,198.0469,-0.1054,-0.0675,0.2649,0.3274,0.0460,2.7600,0.0000,0.4222,0.6659,1,0,0,0,0,3.3352
134.6144,168.0099,0.0864,96.3430,0.0021,0.0075,0.0005,0.0020,0.0000,198.0408,-0.1104,-0.0675,0.2649,0.3274,0.0460,2.7600,0.0000,0.4222,0.6659,1,0,0,0,0,3.3355
134.6729,168.0101,0.0864,96.3428,0.0021,0.0075,0.0005,0.0020,0.0000,198.0348,-0.1034,-0.0675,0.2649,0.3274,0.0460,2.7600,0.0000,0.4222,0.6659,1,0,0,0,0,3.3351
134.7324,168.0102,0.0864,96.3426,0.0021,0.0075,0.0005,0.0020,0.0000,198.0276,-0.1209,-0.0675,0.2649,0.3274,0.0460,2.7600,0.0000,0.4222,0.6659,1,0,0,0,0,3.3361
134.7862,168.0104,0.0864,96.3424,0.0021,0.0075,0.0005,0.0020,0.0000,198.0228,-0.0897,-0.0675,0.2649,0.3274,0.0460,2.7600,0.0000,0.4222,0.6659,1,0,0,0,0,3.3344
134.8377,168.0105,0.0864,96.3422,0.0021,0.0075,0.0005,0.0020,0.0000,198.0167,-0.1173,-0.0675,0.2649,0.3274,0.0460,2.7600,0.0000,0.4222,0.6659,1,0,0,0,0,3.3359
134.8932,168.0107,0.0864,96.3420,0.0021,0.0075,0.0005,0.0020,0.0000,198.0107,-0.1089,-0.0675,0.2649,0.3274,0.0460,2.7600,0.0000,0.4222,0.6659,1,0,0,0,0,3.3354
134.9496,168.0108,0.0864,96.3418,0.0021,0.0075,0.0005,0.0020,0.0000,198.0046,-0.1071,-0.0675,0.2649,0.3274,0.0460,2.7600,0.0000,0.4222,0.6659,1,0,0,0,0,3.3353
135.0095,168.0110,0.0864,96.3416,0.0021,0.0075,0.0005,0.0020,0.0000,197.9974,-0.1203,-0.0675,0.2649,0.3274,0.0460,2.7600,0.0000,0.4222,0.6659,1,0,0,0,0,3.3361
135.0636,168.0111,0.0864,96.3415,0.0021,0.0075,0.0005,0.0020,0.0000,197.9926,-0.0892,-0.0675,0.2649,0.3274,0.0460,2.7600,0.0000,0.4222,0.6659,1,0,0,0,0,3.3343
135.1190,168.0113,0.0864,96.3413,0.0021,0.0075,0.0005,0.0020,0.0000,197.9866,-0.1089,-0.0675,0.2649,0.3274,0.0460,2.7600,0.0000,0.4222,0.6659,1,0,0,0,0,3.3354
135.1787,168.0114,0.0864,96.3411,0.0020,0.0073,0.0005,0.0020,-0.0012,197.9796,-0.1166,-0.0675,0.2493,0.3274,0.0460,2.7600,0.0000,0.4141,0.6659,1,0,0,0,0,3.3358
135.2318,168.0116,0.0864,96.3409,0.0019,0.0068,0.0004,0.0018,-0.0026,197.9744,-0.0990,-0.0675,0.2356,0.3274,0.0460,2.7600,0.0000,0.3986,0.6659,1,0,0,0,0,3.3349
135.2908,168.0117,0.0864,96.3407,0.0016,0.0059,0.0003,0.0016,-0.0042,197.9702,-0.0708,-0.0675,0.2043,0.3274,0.0460,2.7600,0.0000,0.3698,0.6659,1,0,0,0,0,3.3333
135.3497,168.0119,0.0864,96.3406,0.0014,0.0049,0.0001,0.0014,-0.0044,197.9674,-0.0466,-0.0675,0.1887,0.3274,0.0460,2.7600,0.0000,0.3394,0.6659,1,0,0,0,0,3.3320
135.4110,168.0121,0.0864,96.3406,0.0010,0.0037,-0.0002,0.0010,-0.0055,197.9664,-0.0169,-0.0675,0.1691,0.3274,0.0460,2.7600,0.0000,0.3023,0.6659,1,0,0,0,0,3.3303
135.4712,168.0122,0.0864,96.3406,0.0008,0.0031,-0.0002,0.0008,-0.0031,197.9676,0.0200,-0.0675,0.1281,0.3274,0.0460,2.7600,0.0000,0.2602,0.6659,1,0,0,0,0,3.3305
135.5358,168.0123,0.0864,96.3406,0.0007,0.0024,-0.0002,0.0007,-0.0027,197.9689,0.0203,-0.0675,0.1105,0.3274,0.0460,2.7600,0.0000,0.2130,0.6659,1,0,0,0,0,3.3305
135.5945,168.0124,0.0864,96.3406,0.0006,0.0020,-0.0001,0.0005,-0.0021,197.9698,0.0161,-0.0675,0.0929,0.3274,0.0460,2.7600,0.0000,0.1786,0.6659,1,0,0,0,0,3.3303
135.6449,168.0125,0.0864,96.3406,0.0004,0.0016,-0.0001,0.0004,-0.0024,197.9707,0.0170,-0.0675,0.0753,0.3274,0.0460,2.7600,0.0000,0.1458,0.6659,1,0,0,0,0,3.3303
135.7043,168.0125,0.0864,96.3406,0.0003,0.0011,-0.0001,0.0003,-0.0019,197.9714,0.0121,-0.0675,0.0538,0.3274,0.0460,2.7600,0.0000,0.1142,0.6659,1,0,0,0,0,3.3300
135.7646,168.0125,0.0864,96.3406,0.0002,0.0006,0.0000,0.0001,-0.0027,197.9722,0.0129,-0.0675,0.0264,0.3274,0.0460,2.7600,0.0000,0.0687,0.6659,1,0,0,0,0,3.3301
135.8231,168.0125,0.0864,96.3406,0.0000,0.0002,0.0000,0.0000,-0.0019,197.9727,0.0091,-0.0675,0.0010,0.3274,0.0460,2.7600,0.0000,0.0383,0.6659,1,0,0,0,0,3.3299
135.8787,168.0125,0.0864,96.3406,0.0000,0.0002,0.0000,0.0000,0.0000,197.9731,0.0066,-0.0675,-0.0342,0.3274,0.0460,2.7600,0.0000,0.0213,0.6659,1,0,0,0,0,3.3297
135.9308,168.0126,0.0864,96.3406,0.0000,0.0002,0.0000,0.0000,0.0000,197.9733,0.0035,-0.0675,-0.0616,0.3274,0.0460,2.7600,0.0000,0.0118,0.6659,1,0,0,0,0,3.3296
135.9901,168.0125,0.0864,96.3406,0.0001,0.0002,0.0001,0.0000,0.0002,197.9735,0.0039,-0.0675,-0.0909,0.3274,0.0460,2.7600,0.0000,0.0066,0.6659,1,0,0,0,0,3.3296
136.0515,168.0125,0.0864,96.3406,0.0001,0.0002,0.0001,0.0000,0.0002,197.9738,0.0045,-0.0675,-0.0968,0.3274,0.0460,2.7600,0.0000,0.0036,0.6659,1,0,0,0,0,3.3296
136.1066,168.0125,0.0864,96.3406,0.0001,0.0003,0.0001,0.0000,0.0001,197.9741,0.0061,-0.0675,-0.0968,0.3274,0.0460,2.7600,0.0000,0.0020,0.6659,1,0,0,0,0,3.3297
136.1659,168.0125,0.0864,96.3406,0.0001,0.0003,0.0001,0.0000,0.0001,197.9745,0.0057,-0.0675,-0.0968,0.3274,0.0460,2.7600,0.0000,0.0010,0.6659,1,0,0,0,0,3.3297
136.2164,168.0125,0.0864,96.3406,0.0001,0.0003,0.0001,0.0000,0.0000,197.9747,0.0054,-0.0675,-0.0968,0.3274,0.0460,2.7600,0.0000,0.0006,0.6659,1,0,0,0,0,3.3297
136.2718,168.0125,0.0864,96.3406,0.0001,0.0003,0.0001,0.0000,0.0000,197.9751,0.0061,-0.0675,-0.0968,0.3274,0.0460,2.7600,0.0000,0.0003,0.6659,1,0,0,0,0,3.3297
136.3263,168.0125,0.0864,96.3406,0.0001,0.0003,0.0001,0.0000,0.0000,197.9754,0.0053,-0.0675,-0.0968,0.3274,0.0460,2.7600,0.0000,0.0002,0.6659,1,0,0,0,0,3.3297
136.3817,168.0125,0.0864,96.3406,0.0001,0.0003,0.0001,0.0000,0.0000,197.9757,0.0061,-0.0675,-0.0968,0.3274,0.0460,2.7600,0.0000,0.0001,0.6659,1,0,0,0,0,3.3297
136.4332,168.0125,0.0864,96.3406,0.0001,0.0003,0.0001,0.0000,0.0000,197.9760,0.0068,-0.0675,-0.0968,0.3274,0.0460,2.7600,0.0000,0.0001,0.6659,1,0,0,0,0,3.3297
136.4907,168.0125,0.0864,96.3406,0.0001,0.0003,0.0001,0.0000,0.0000,197.9764,0.0058,-0.0675,-0.0968,0.3274,0.0460,2.7600,0.0000,0.0000,0.6659,1,0,0,0,0,3.3297
136.5438,168.0125,0.0864,96.3406,0.0001,0.0003,0.0001,0.0000,0.0000,197.9767,0.0066,-0.0675,-0.0968,0.3274,0.0460,2.7600,0.0000,0.0000,0.6659,1,0,0,0,0,3.3297
136.5982,168.0125,0.0864,96.3406,0.0001,0.0003,0.0001,0.0000,0.0000,197.9771,0.0065,-0.0675,-0.0968,0.3274,0.0460,2.7600,0.0000,0.0000,0.6659,1,0,0,0,0,3.3297
136.6568,168.0125,0.0864,96.3406,0.0001,0.0003,0.0001,0.0000,0.0000,197.9774,0.0049,-0.0694,-0.0968,0.3274,0.0434,2.7233,0.6259,0.0000,0.6659,1,0,0,0,0,3.3644
136.7135,168.0125,0.0864,96.3406,0.0001,0.0003,0.0001,0.0000,0.0000,197.9777,0.0056,-0.0694,-0.0968,0.3274,0.0424,2.6389,1.4880,0.0000,0.6659,1,0,0,0,0,3.4124
136.7654,168.0125,0.0864,96.3406,0.0001,0.0003,0.0001,0.0000,0.0000,197.9780,0.0068,-0.0714,-0.0968,0.3274,0.0404,2.5810,1.1170,0.0000,0.6659,1,0,0,0,0,3.3918
136.8156,168.0125,0.0864,96.3406,0.0001,0.0003,0.0001,0.0000,0.0000,197.9783,0.0055,-0.0714,-0.0968,0.3274,0.0388,2.4808,1.9957,0.0000,0.6659,1,0,0,0,0,3.4405
136.8732,168.0125,0.0864,96.3406,0.0001,0.0003,0.0001,0.0000,0.0000,197.9787,0.0061,-0.0714,-0.0968,0.3274,0.0382,2.3908,1.5616,0.0000,0.6659,1,0,0,0,0,3.4165
136.9245,168.0125,0.0864,96.3406,0.0001,0.0003,0.0001,0.0000,0.0000,197.9790,0.0068,-0.0714,-0.0968,0.3274,0.0381,2.3411,0.9685,0.0000,0.6659,1,0,0,0,0,3.3836
136.9793,168.0125,0.0864,96.3406,0.0001,0.0003,0.0001,0.0000,0.0000,197.9793,0.0059,-0.0714,-0.0968,0.3274,0.0380,2.3110,0.5492,0.0000,0.6659,1,0,0,0,0,3.3602
137.0359,168.0125,0.0864,96.3406,0.0001,0.0003,0.0001,0.0000,0.0000,197.9797,0.0062,-0.0714,-0.0968,0.3274,0.0380,2.2962,0.2617,0.0000,0.6659,1,0,0,0,0,3.3443
137.0899,168.0125,0.0864,96.3406,0.0001,0.0003,0.0001,0.0000,0.0000,197.9800,0.0062,-0.0714,-0.0968,0.3274,0.0380,2.2898,0.1194,0.0000,0.6659,1,0,0,0,0,3.3363
137.1472,168.0125,0.0864,96.3406,0.0001,0.0003,0.0001,0.0000,0.0000,197.9804,0.0061,-0.0714,-0.0968,0.3274,0.0380,2.2853,0.0780,0.0000,0.6659,1,0,0,0,0,3.3340
137.1984,168.0125,0.0864,96.3406,0.0001,0.0003,0.0001,0.0000,0.0000,197.9807,0.0068,-0.0714,-0.0968,0.3274,0.0380,2.2835,0.0340,0.0000,0.6659,1,0,0,0,0,3.3316
137.2586,168.0125,0.0864,96.3406,0.0001,0.0003,0.0001,0.0000,0.0000,197.9811,0.0056,-0.0714,-0.0968,0.3274,0.0380,2.2825,0.0168,0.0000,0.6659,1,0,0,0,0,3.3306
137.3193,168.0125,0.0864,96.3406,0.0001,0.0003,0.0001,0.0000,0.0000,197.9814,0.0063,-0.0714,-0.0968,0.3274,0.0380,2.2821,0.0078,0.0000,0.6659,1,0,0,0,0,3.3302
137.3762,168.0125,0.0864,96.3406,0.0001,0.0003,0.0001,0.0000,0.0000,197.9818,0.0062,-0.0714,-0.0968,0.3274,0.0380,2.2818,0.0038,0.0000,0.6659,1,0,0,0,0,3.3299
137.4268,168.0125,0.0864,96.3406,0.0001,0.0003,0.0001,0.0000,0.0000,197.9821,0.0054,-0.0714,-0.0968,0.3274,0.0380,2.2818,0.0017,0.0000,0.6659,1,0,0,0,0,3.3298
137.4776,168.0125,0.0864,96.3406,0.0001,0.0003,0.0001,0.0000,0.0000,197.9824,0.0069,-0.0714,-0.0968,0.3274,0.0380,2.2817,0.0009,0.0000,0.6659,1,0,0,0,0,3.3298
137.5384,168.0125,0.0864,96.3406,0.0001,0.0003,0.0001,0.0000,0.0000,197.9828,0.0055,-0.0714,-0.0968,0.3274,0.0380,2.2817,0.0004,0.0000,0.6659,1,0,0,0,0,3.3297
137.5907,168.0125,0.0864,96.3406,0.0001,0.0003,0.0001,0.0000,0.0000,197.9831,0.0064,-0.0714,-0.0968,0.3274,0.0380,2.2817,0.0002,0.0000,0.6659,1,0,0,0,0,3.3297
137.6518,168.0126,0.0864,96.3406,0.0001,0.0003,0.0001,0.0000,0.0000,197.9835,0.0060,-0.0714,-0.0968,0.3274,0.0380,2.2817,0.0001,0.0000,0.6659,1,0,0,0,0,3.3297
137.7134,168.0125,0.0864,96.3406,0.0001,0.0003,0.0001,0.0000,0.0000,197.9838,0.0055,-0.0733,-0.0968,0.3274,0.0364,2.2736,0.1313,0.0000,0.6659,1,0,0,0,0,3.3370
137.7709,168.0125,0.0864,96.3406,0.0001,0.0003,0.0001,0.0000,0.0000,197.9841,0.0061,-0.0733,-0.0713,0.3274,0.0346,2.1872,1.5007,0.0000,0.6659,1,0,0,0,0,3.4131
137.8213,168.0125,0.0864,96.3406,0.0001,0.0003,0.0001,0.0000,0.0000,197.9845,0.0070,-0.0733,-0.0186,0.3274,0.0342,2.1300,1.1351,0.0000,0.6659,1,0,0,0,0,3.3928
137.8750,168.0125,0.0864,96.3406,0.0001,0.0003,0.0001,0.0000,-0.0002,197.9848,0.0065,-0.0753,0.0323,0.3274,0.0314,2.0575,1.3523,0.0031,0.6659,1,0,0,0,0,3.4049
137.9356,168.0125,0.0864,96.3406,0.0000,0.0002,0.0000,0.0000,-0.0004,197.9851,0.0038,-0.0753,0.0870,0.3274,0.0304,1.9488,1.7927,0.0403,0.6659,1,0,0,0,0,3.4292
137.9931,168.0125,0.0864,96.3406,0.0002,0.0009,-0.0001,0.0002,0.0034,197.9852,0.0024,-0.0753,0.1300,0.3274,0.0301,1.8753,1.2770,0.0944,0.6659,1,0,0,0,0,3.4004
138.0465,168.0126,0.0864,96.3406,0.0005,0.0018,-0.0001,0.0005,0.0050,197.9851,-0.0017,-0.0753,0.1887,0.3274,0.0301,1.8436,0.5949,0.1675,0.6659,1,0,0,0,0,3.3625
138.1072,168.0127,0.0864,96.3406,0.0009,0.0031,-0.0002,0.0008,0.0057,197.9846,-0.0090,-0.0772,0.2415,0.3274,0.0274,1.7996,0.7240,0.2625,0.6659,1,0,0,0,0,3.3701
138.1602,168.0128,0.0864,96.3405,0.0013,0.0047,0.0001,0.0013,0.0085,197.9826,-0.0363,-0.0772,0.2942,0.3274,0.0265,1.7142,1.6133,0.3318,0.6659,1,0,0,0,0,3.4210
138.2135,168.0129,0.0864,96.3404,0.0020,0.0071,0.0004,0.0019,0.0124,197.9757,-0.1305,-0.0772,0.3197,0.3274,0.0262,1.6451,1.2957,0.4088,0.6659,1,0,0,0,0,3.4086
138.2720,168.0131,0.0864,96.3401,0.0097,0.0349,0.0095,0.0018,0.1323,197.9669,-0.1502,-0.0772,0.3216,0.3274,0.0261,1.6042,0.6990,0.4583,0.6659,1,0,0,0,0,3.3765
138.3331,168.0125,0.0864,96.3373,0.0897,0.3228,0.0896,0.0020,1.3085,197.9644,-0.0405,-0.0772,0.3216,0.3274,0.0261,1.5829,0.3498,0.4895,0.6659,1,0,0,0,0,3.3510
138.3846,168.0106,0.0864,96.3309,0.1816,0.6539,0.1816,0.0024,1.7872,197.9633,-0.0213,-0.0772,0.3216,0.3274,0.0261,1.5740,0.1726,0.5031,0.6659,1,0,0,0,0,3.3401
138.4452,168.0066,0.0864,96.3178,0.2743,0.9874,0.2743,0.0027,1.5268,197.9626,-0.0121,-0.0772,0.3216,0.3274,0.0261,1.5687,0.0874,0.5106,0.6659,1,0,0,0,0,3.3349
138.4956,168.0020,0.0864,96.3027,0.3590,1.2923,0.3590,0.0031,1.6813,197.9621,-0.0085,-0.0772,0.3216,0.3274,0.0261,1.5665,0.0424,0.5148,0.6659,1,0,0,0,0,3.3322
138.5557,167.9950,0.0864,96.2801,0.4324,1.5567,0.4324,0.0033,1.2212,197.9620,-0.0030,-0.0772,0.3216,0.3274,0.0261,1.5653,0.0213,0.5171,0.6659,1,0,0,0,0,3.3307
138.6160,167.9866,0.0864,96.2532,0.4943,1.7794,0.4943,0.0035,1.0263,197.9620,0.0010,-0.0772,0.3216,0.3274,0.0261,1.5647,0.0098,0.5184,0.6659,1,0,0,0,0,3.3300
138.6764,167.9771,0.0864,96.2228,0.5546,1.9964,0.5545,0.0037,0.9983,197.9623,0.0045,-0.0772,0.3216,0.3274,0.0261,1.5644,0.0045,0.5192,0.6659,1,0,0,0,0,3.4294
138.7327,167.9674,0.0864,96.1919,0.5947,2.1408,0.5947,0.0038,0.7124,197.9627,0.0068,-0.0772,0.3216,0.3274,0.0261,1.5643,0.0022,0.5196,0.6659,1,0,0,0,0,3.4255
138.7863,167.9576,0.0864,96.1607,0.6271,2.2577,0.6271,0.0039,0.6058,197.9632,0.0091,-0.0772,0.3216,0.3274,0.0261,1.5642,0.0009,0.5198,0.6659,1,0,0,0,0,3.4228
138.8469,167.9460,0.0864,96.1237,0.6533,2.3519,0.6533,0.0039,0.4314,197.9635,0.0050,-0.0792,0.3216,0.3274,0.0238,1.5419,0.3688,0.5199,0.6659,1,0,0,0,0,3.4407
138.9072,167.9339,0.0864,96.0854,0.6823,2.4561,0.6822,0.0040,0.4809,197.9632,-0.0046,-0.0792,0.3275,0.3274,0.0224,1.4536,1.4654,0.5233,0.6659,1,0,0,0,0,3.4994
138.9668,167.9214,0.0864,96.0458,0.7112,2.5603,0.7112,0.0041,0.4851,197.9629,-0.0051,-0.0792,0.3353,0.3274,0.0222,1.3920,1.0327,0.5297,0.6659,1,0,0,0,0,3.4730
139.0275,167.9081,0.0864,96.0034,0.7585,2.7305,0.7584,0.0042,0.7788,197.9627,-0.0030,-0.0792,0.3392,0.3274,0.0221,1.3573,0.5717,0.5387,0.6659,1,0,0,0,0,3.4440
139.0873,167.8940,0.0864,95.9590,0.8078,2.9082,0.8078,0.0043,0.8253,197.9627,0.0003,-0.0792,0.3470,0.3274,0.0221,1.3409,0.2755,0.5480,0.6659,1,0,0,0,0,3.4240
139.1437,167.8798,0.0864,95.9139,0.8734,3.1442,0.8734,0.0044,1.1629,197.9630,0.0046,-0.0792,0.3588,0.3274,0.0221,1.3322,0.1540,0.5628,0.6659,1,0,0,0,0,3.4135
139.1974,167.8651,0.0864,95.8674,0.9505,3.4218,0.9505,0.0045,1.4368,197.9636,0.0108,-0.0792,0.3607,0.3274,0.0221,1.3288,0.0631,0.5733,0.6659,1,0,0,0,0,3.4049
139.2531,167.8484,0.0864,95.8149,1.0281,3.7012,1.0281,0.0047,1.3912,197.9644,0.0145,-0.0792,0.3607,0.3274,0.0221,1.3267,0.0365,0.5795,0.6659,1,0,0,0,0,3.4002
139.3063,167.8313,0.0864,95.7612,1.0989,3.9559,1.0989,0.0048,1.3310,197.9654,0.0192,-0.0792,0.3607,0.3274,0.0221,1.3259,0.0151,0.5830,0.6659,1,0,0,0,0,3.3967
139.3701,167.8095,0.0864,95.6924,1.1604,4.1775,1.1604,0.0049,0.9640,197.9666,0.0189,-0.0792,0.3607,0.3274,0.0221,1.3254,0.0078,0.5850,0.6659,1,0,0,0,0,3.3938
139.4262,167.7893,0.0864,95.6288,1.2122,4.3639,1.2122,0.0050,0.9243,197.9680,0.0242,-0.0792,0.3607,0.3274,0.0221,1.3252,0.0041,0.5861,0.6659,1,0,0,0,0,3.3923
139.4763,167.7705,0.0864,95.5698,1.2549,4.5178,1.2549,0.0050,0.8530,197.9694,0.0295,-0.0792,0.3607,0.3274,0.0221,1.3251,0.0020,0.5867,0.6659,1,0,0,0,0,3.3913
139.5322,167.7489,0.0864,95.5020,1.2900,4.6441,1.2900,0.0051,0.6273,197.9710,0.0281,-0.0792,0.3607,0.3274,0.0221,1.3251,0.0009,0.5870,0.6659,1,0,0,0,0,3.3902
139.5885,167.7266,0.0864,95.4320,1.3183,4.7460,1.3183,0.0051,0.5026,197.9727,0.0293,-0.0792,0.3607,0.3274,0.0221,1.3250,0.0004,0.5872,0.6659,1,0,0,0,0,3.3894
139.6469,167.7030,0.0864,95.3579,1.3412,4.8283,1.3412,0.0052,0.3915,197.9744,0.0295,-0.0792,0.3607,0.3274,0.0221,1.3250,0.0003,0.5873,0.6659,1,0,0,0,0,3.3887
139.7026,167.6801,0.0864,95.2862,1.3596,4.8945,1.3596,0.0052,0.3304,197.9761,0.0315,-0.0792,0.3607,0.3274,0.0221,1.3250,0.0001,0.5873,0.6659,1,0,0,0,0,3.3883
139.7644,167.6544,0.0864,95.2056,1.3768,4.9566,1.3768,0.0052,0.2791,197.9783,0.0356,-0.0792,0.3607,0.3274,0.0221,1.3250,0.0000,0.5874,0.6659,1,0,0,0,0,3.3882
139.8161,167.6328,0.0864,95.1375,1.3881,4.9973,1.3881,0.0052,0.2184,197.9802,0.0357,-0.0792,0.3607,0.3274,0.0221,1.3250,0.0000,0.5874,0.6659,1,0,0,0,0,3.3881
139.8779,167.6066,0.0864,95.0556,1.3971,5.0296,1.3971,0.0052,0.1455,197.9820,0.0301,-0.0792,0.3607,0.3274,0.0221,1.3250,0.0000,0.5874,0.6659,1,0,0,0,0,3.3873
139.9309,167.5840,0.0864,94.9848,1.4043,5.0555,1.4043,0.0053,0.1354,197.9840,0.0363,-0.0792,0.3607,0.3274,0.0221,1.3250,0.0000,0.5874,0.6659,1,0,0,0,0,3.3876
139.9864,167.5603,0.0864,94.9104,1.4101,5.0762,1.4100,0.0053,0.1036,197.9859,0.0346,-0.0792,0.3607,0.3274,0.0221,1.3250,0.0000,0.5874,0.6659,1,0,0,0,0,3.3873
140.0434,167.5358,0.0864,94.8338,1.4146,5.0927,1.4146,0.0053,0.0807,197.9878,0.0338,-0.0792,0.3607,0.3274,0.0221,1.3250,0.0000,0.5874,0.6659,1,0,0,0,0,3.3871
140.0947,167.5137,0.0864,94.7645,1.4183,5.1060,1.4183,0.0053,0.0720,197.9897,0.0378,-0.0792,0.3607,0.3274,0.0221,1.3250,0.0000,0.5874,0.6659,1,0,0,0,0,3.3874
140.1453,167.4919,0.0864,94.6961,1.4207,5.1146,1.4207,0.0053,0.0470,197.9913,0.0308,-0.0792,0.3607,0.3274,0.0221,1.3250,0.0000,0.5874,0.6659,1,0,0,0,0,3.3868
140.1963,167.4698,0.0864,94.6270,1.4231,5.1232,1.4231,0.0053,0.0470,197.9932,0.0380,-0.0792,0.3607,0.3274,0.0221,1.3250,0.0000,0.5874,0.6659,1,0,0,0,0,3.3872
140.2578,167.4432,0.0864,94.5436,1.4250,5.1302,1.4250,0.0053,0.0314,197.9952,0.0317,-0.0792,0.3607,0.3274,0.0221,1.3250,0.0000,0.5874,0.6659,1,0,0,0,0,3.3867
140.3156,167.4183,0.0864,94.4658,1.3810,4.9718,1.3810,0.0052,-0.7613,197.9975,0.0399,-0.0792,0.3686,-0.5034,0.0221,1.3250,0.0000,0.5898,0.8446,1,1,0,0,0,24.2815
140.3688,167.3965,0.0864,94.3973,1.3233,4.7640,1.3233,0.0050,-1.0856,197.9990,0.0284,-0.0792,0.3744,-0.8534,0.0221,1.3250,0.0000,0.5978,0.9250,1,1,0,0,0,24.6833
140.4250,167.3745,0.0864,94.3285,1.2601,4.5363,1.2601,0.0049,-1.1253,198.0008,0.0315,-0.0792,0.3744,-0.9394,0.0221,1.3250,0.0000,0.6037,0.9698,1,1,0,0,0,24.9088
140.5012,167.3460,0.0864,94.2394,1.2059,4.3414,1.2059,0.0048,-0.7105,198.0031,0.0308,-0.0792,0.3822,-0.9727,0.0221,1.3250,0.0000,0.6135,0.9916,1,1,0,0,0,25.0187
140.5659,167.3224,0.0864,94.1652,1.2062,4.3422,1.2062,0.0047,0.0038,198.0052,0.0323,-0.0792,0.3959,-1.0000,0.0221,1.3250,0.0000,0.6303,0.9972,1,1,0,0,0,25.0465
140.6201,167.3024,0.0864,94.1025,1.2269,4.4170,1.2269,0.0048,0.3835,198.0071,0.0349,-0.0792,0.3959,-1.0000,0.0221,1.3250,0.0000,0.6382,0.9989,1,1,0,0,0,25.0543
140.6783,167.2804,0.0864,94.0337,1.2541,4.5146,1.2540,0.0048,0.4656,198.0091,0.0349,-0.0792,0.3979,-1.0000,0.0221,1.3250,0.0000,0.6441,0.9995,1,1,0,0,0,25.0567
140.7365,167.2579,0.0864,93.9633,1.2779,4.6003,1.2778,0.0048,0.4086,198.0112,0.0362,-0.0792,0.3588,-1.0000,0.0221,1.3250,0.0000,0.6399,0.9998,1,1,0,0,0,25.0574
140.7943,167.2386,0.0864,93.9026,0.8225,2.9610,0.8225,0.0044,-7.8884,198.0113,0.0003,-0.0792,-0.7165,-1.0000,0.0221,1.3250,0.0000,0.3257,0.9999,1,0,0,0,0,5.0800
140.8540,167.2293,0.0864,93.8732,0.1629,0.5864,0.1629,0.0027,-11.0419,198.0080,-0.0542,-0.0792,-0.9570,-1.0000,0.0221,1.3250,0.0000,0.1809,1.0000,1,0,0,0,0,5.0029
140.9105,167.2291,0.0864,93.8722,0.0003,0.0010,-0.0001,0.0003,-2.8803,198.0063,-0.0303,-0.0792,-0.1222,-1.0000,0.0221,1.3250,0.0000,0.1004,1.0000,1,0,0,0,0,5.0016
140.9610,167.2291,0.0864,93.8722,0.0001,0.0004,0.0000,0.0001,-0.0032,198.0063,-0.0012,-0.0792,-0.7439,-1.0000,0.0221,1.3250,0.0000,0.0558,1.0000,1,0,0,0,0,5.0000
141.0179,167.2291,0.0864,93.8722,0.0000,0.0001,0.0000,0.0000,-0.0016,198.0064,0.0027,-0.0792,-0.9609,-1.0000,0.0221,1.3250,0.0000,0.0310,1.0000,1,0,0,0,0,5.0001
141.0756,167.2291,0.0864,93.8722,0.0000,0.0001,0.0000,0.0000,0.0004,198.0065,0.0008,-0.0792,-0.9922,-1.0000,0.0221,1.3250,0.0000,0.0172,1.0000,1,0,0,0,0,5.0000
141.1416,167.2291,0.0864,93.8722,0.0001,0.0002,0.0001,0.0000,0.0002,198.0066,0.0023,-0.0792,-0.9922,-1.0000,0.0221,1.3250,0.0000,0.0085,1.0000,1,0,0,0,0,5.0001
141.2070,167.2291,0.0864,93.8722,0.0001,0.0002,0.0001,0.0000,0.0002,198.0069,0.0040,-0.0792,-0.9922,-0.9980,0.0221,1.3250,0.0000,0.0042,1.0000,1,0,0,0,0,5.0002
141.2729,167.2291,0.0864,93.8722,0.0001,0.0003,0.0001,0.0000,0.0001,198.0072,0.0049,-0.0792,-0.9922,-0.9902,0.0221,1.3250,0.0000,0.0021,1.0000,1,0,0,0,0,5.0003
141.3344,167.2291,0.0864,93.8722,0.0001,0.0003,0.0001,0.0000,0.0001,198.0075,0.0052,-0.0792,-0.9922,-0.9902,0.0221,1.3250,0.0000,0.0011,1.0000,1,0,0,0,0,5.0003
141.3990,167.2291,0.0864,93.8722,0.0001,0.0003,0.0001,0.0000,0.0000,198.0079,0.0064,-0.0792,-0.9922,-0.9844,0.0221,1.3250,0.0000,0.0006,1.0000,1,0,0,0,0,5.0004
141.4584,167.2291,0.0864,93.8722,0.0001,0.0003,0.0001,0.0000,0.0000,198.0083,0.0069,-0.0792,-0.9922,-0.9844,0.0221,1.3250,0.0000,0.0003,1.0000,1,0,0,0,0,5.0004
141.5194,167.2291,0.0864,93.8722,0.0001,0.0003,0.0001,0.0000,0.0000,198.0087,0.0058,-0.0792,-0.9922,-0.9727,0.0221,1.3250,0.0000,0.0002,1.0000,1,0,0,0,0,5.0003
141.5841,167.2291,0.0864,93.8722,0.0001,0.0003,0.0001,0.0000,0.0000,198.0091,0.0064,-0.0792,-0.8573,-0.8710,0.0221,1.3250,0.0000,0.0001,1.0000,1,0,0,0,0,5.0004
141.6467,167.2291,0.0864,93.8722,0.0001,0.0003,0.0001,0.0000,0.0000,198.0094,0.0056,-0.0792,-0.9765,-0.7400,0.0221,1.3250,0.0000,0.0000,1.0000,1,0,0,0,0,5.0003
141.7117,167.2291,0.0864,93.8722,0.0001,0.0003,0.0001,0.0000,0.0000,198.0099,0.0068,-0.0792,-0.9042,-0.6970,0.0221,1.3250,0.0000,0.0000,1.0000,1,0,0,0,0,5.0004
141.7743,167.2291,0.0864,93.8722,0.0001,0.0003,0.0001,0.0000,0.0000,198.0103,0.0071,-0.0812,-0.9863,-0.6833,0.0198,1.3069,0.2901,0.0000,1.0000,1,0,0,0,0,5.0165
141.8343,167.2291,0.0864,93.8722,0.0001,0.0003,0.0001,0.0000,0.0000,198.0107,0.0056,-0.0812,-0.9922,-0.6677,0.0185,1.2162,1.5119,0.0000,1.0000,1,0,0,0,0,5.0843
141.8934,167.2291,0.0864,93.8722,0.0001,0.0003,0.0001,0.0000,0.0000,198.0111,0.0070,-0.0812,-0.7947,-0.5562,0.0181,1.1522,1.0839,0.0000,1.0000,1,0,0,0,0,5.0606
141.9528,167.2291,0.0864,93.8722,0.0001,0.0004,0.0000,0.0001,0.0003,198.0113,0.0033,-0.0812,0.2258,-0.5113,0.0181,1.1158,0.6114,0.0546,1.0000,1,0,0,0,0,5.0342
142.0114,167.2292,0.0864,93.8722,0.0008,0.0030,-0.0002,0.0008,0.0126,198.0102,-0.0177,-0.0812,0.3529,-0.4995,0.0180,1.0982,0.3006,0.2580,1.0000,1,0,0,0,0,5.0177
142.0674,167.2293,0.0864,93.8721,0.0021,0.0074,0.0005,0.0020,0.0220,198.0034,-0.1222,-0.0812,0.3900,-0.4937,0.0180,1.0898,0.1506,0.4211,1.0000,1,0,0,0,0,5.0152
142.1259,167.2289,0.0864,93.8699,0.1169,0.4207,0.1168,0.0021,1.9615,197.9974,-0.1022,-0.0812,0.3920,-0.4937,0.0180,1.0857,0.0700,0.5326,1.0000,1,0,0,0,0,5.0096
142.1861,167.2260,0.0864,93.8601,0.1496,0.5386,0.1496,0.0023,0.5442,197.9946,-0.0466,-0.0812,-0.5425,-0.4897,0.0180,1.0838,0.0319,0.3902,1.0000,1,0,0,0,0,5.0044
142.2491,167.2255,0.0864,93.8581,0.0006,0.0022,-0.0001,0.0006,-2.3674,197.9907,-0.0616,-0.0812,-0.9355,-0.4858,0.0180,1.0828,0.0149,0.1926,1.0000,1,0,0,0,0,5.0042
142.3129,167.2255,0.0864,93.8581,0.0003,0.0011,-0.0001,0.0003,-0.0049,197.9901,-0.0105,-0.0812,-0.9883,-0.4819,0.0180,1.0824,0.0064,0.1070,1.0000,1,0,0,0,0,5.0009
142.3909,167.2255,0.0864,93.8581,0.0001,0.0002,0.0000,0.0001,-0.0030,197.9899,-0.0023,-0.0812,-0.9922,-0.4741,0.0180,1.0823,0.0021,0.0417,1.0000,1,0,0,0,0,5.0002
142.4520,167.2255,0.0864,93.8581,0.0000,0.0000,0.0000,0.0000,-0.0007,197.9900,0.0020,-0.0812,-0.9922,-0.4683,0.0180,1.0822,0.0017,0.0232,1.0000,1,0,0,0,0,5.0002
142.5066,167.2255,0.0864,93.8581,0.0000,0.0002,0.0000,0.0000,0.0006,197.9901,0.0011,-0.0812,0.0166,-0.4683,0.0180,1.0821,0.0004,0.0129,1.0000,1,0,0,0,0,5.0001
142.5614,167.2255,0.0864,93.8581,0.0000,0.0002,0.0000,0.0000,0.0000,197.9902,0.0022,-0.0812,0.0890,-0.4683,0.0180,1.0821,0.0002,0.0203,1.0000,1,0,0,0,0,5.0001
142.6114,167.2255,0.0864,93.8581,0.0005,0.0016,-0.0001,0.0004,0.0083,197.9899,-0.0061,-0.0812,0.3099,-0.4683,0.0180,1.0821,0.0001,0.1533,1.0000,1,0,0,0,0,5.0003
142.6689,167.2256,0.0864,93.8581,0.0008,0.0030,-0.0002,0.0008,0.0066,197.9881,-0.0319,-0.0812,0.1809,-0.4624,0.0180,1.0821,0.0000,0.2564,1.0000,1,0,0,0,0,5.0018
142.7254,167.2257,0.0864,93.8581,0.0015,0.0056,0.0002,0.0015,0.0126,197.9839,-0.0734,-0.0812,0.3314,-0.3998,0.0180,1.0821,0.0000,0.3607,1.0000,1,0,0,0,0,5.0041
142.7830,167.2259,0.0864,93.8578,0.0161,0.0580,0.0160,0.0018,0.2533,197.9749,-0.1565,-0.0812,0.3705,-0.3314,0.0180,1.0821,0.0000,0.4705,1.0000,1,0,0,0,0,5.0087
142.8446,167.2246,0.0864,93.8531,0.1539,0.5541,0.1539,0.0022,2.2370,197.9720,-0.0471,-0.0812,0.3861,-0.2845,0.0180,1.0821,0.0000,0.5417,1.0000,1,0,0,0,0,5.0026
142.9019,167.2206,0.0864,93.8399,0.2144,0.7718,0.2144,0.0026,1.0538,197.9689,-0.0543,-0.0812,-0.4057,-0.2591,0.0180,1.0821,0.0000,0.3948,1.0000,1,0,0,0,0,5.0030
142.9628,167.2192,0.0864,93.8350,0.0007,0.0025,-0.0002,0.0007,-3.5096,197.9652,-0.0612,-0.0812,-0.8983,-0.2258,0.0180,1.0821,0.0000,0.2192,1.0000,1,0,0,0,0,5.0034
143.0220,167.2193,0.0864,93.8350,0.0003,0.0012,-0.0001,0.0003,-0.0060,197.9643,-0.0144,-0.0812,-0.8201,-0.2004,0.0180,1.0821,0.0000,0.1217,1.0000,1,0,0,0,0,5.0008
143.0762,167.2193,0.0864,93.8350,0.0001,0.0005,0.0000,0.0001,-0.0036,197.9640,-0.0056,-0.0812,-0.9726,-0.1828,0.0180,1.0821,0.0000,0.0676,1.0000,1,0,0,0,0,5.0003
143.1302,167.2193,0.0864,93.8350,0.0000,0.0001,0.0000,0.0000,-0.0020,197.9641,0.0003,-0.0812,-0.9922,-0.1789,0.0180,1.0821,0.0000,0.0375,1.0000,1,0,0,0,0,5.0000
143.1875,167.2193,0.0864,93.8350,0.0000,0.0002,0.0000,0.0000,0.0000,197.9642,0.0019,-0.0812,-0.9922,-0.1770,0.0180,1.0821,0.0000,0.0208,1.0000,1,0,0,0,0,5.0001
143.2437,167.2193,0.0864,93.8350,0.0000,0.0002,0.0000,0.0000,0.0001,197.9642,0.0008,-0.0812,-0.9922,-0.1770,0.0180,1.0821,0.0000,0.0116,1.0000,1,0,0,0,0,5.0000
143.3016,167.2193,0.0864,93.8350,0.0001,0.0002,0.0001,0.0000,0.0003,197.9645,0.0045,-0.0812,-0.9922,-0.1711,0.0180,1.0821,0.0000,0.0057,1.0000,1,0,0,0,0,5.0002
143.3603,167.2193,0.0864,93.8350,0.0001,0.0003,0.0001,0.0000,0.0001,197.9647,0.0039,-0.0812,-0.9922,-0.1613,0.0180,1.0821,0.0000,0.0032,1.0000,1,0,0,0,0,5.0002
143.4147,167.2193,0.0864,93.8350,0.0001,0.0003,0.0001,0.0000,0.0001,197.9650,0.0056,-0.0812,-0.1710,0.0518,0.0180,1.0821,0.0000,0.0018,0.9912,1,0,0,0,0,4.9563
143.4666,167.2193,0.0864,93.8350,0.0003,0.0012,-0.0001,0.0003,0.0047,197.9650,-0.0012,-0.0812,0.2981,0.2844,0.0180,1.0821,0.0000,0.1157,0.8699,1,0,0,0,0,4.3497
143.5194,167.2194,0.0864,93.8350,0.0012,0.0044,0.0001,0.0012,0.0169,197.9629,-0.0393,-0.0812,0.3764,0.3235,0.0180,1.0821,0.0000,0.3214,0.7567,1,0,0,0,0,3.7857
143.5750,167.2196,0.0864,93.8349,0.0070,0.0251,0.0067,0.0019,0.1038,197.9539,-0.1624,-0.0812,0.3842,0.3274,0.0180,1.0821,0.0000,0.4581,0.7026,1,0,0,0,0,3.5219
143.6302,167.2187,0.0864,93.8314,0.1348,0.4853,0.1348,0.0022,2.3141,197.9506,-0.0591,-0.0812,0.3842,0.3274,0.0180,1.0821,0.0000,0.5336,0.6806,1,0,0,0,0,3.4065
143.6907,167.2142,0.0864,93.8167,0.3910,1.4077,0.3910,0.0030,4.2404,197.9481,-0.0414,-0.0812,0.3842,0.3274,0.0180,1.0821,0.0000,0.5815,0.6708,1,0,0,0,0,3.3564
143.7513,167.2052,0.0864,93.7878,0.6224,2.2406,0.6224,0.0037,3.8163,197.9467,-0.0227,-0.0812,0.3920,0.3274,0.0180,1.0821,0.0000,0.6066,0.6679,1,0,0,0,0,3.4294
143.8127,167.1913,0.0864,93.7439,0.8883,3.1979,0.8883,0.0043,4.3274,197.9458,-0.0144,-0.0812,0.3900,0.3274,0.0180,1.0821,0.0000,0.6235,0.6665,1,0,0,0,0,3.4059
143.8743,167.1730,0.0864,93.6862,1.0841,3.9028,1.0841,0.0046,3.1821,197.9456,-0.0035,-0.0812,0.3939,0.3274,0.0180,1.0821,0.0000,0.6327,0.6661,1,0,0,0,0,3.3951
143.9335,167.1518,0.0864,93.6195,1.2539,4.5142,1.2539,0.0049,2.8677,197.9458,0.0039,-0.0812,0.3939,0.3274,0.0180,1.0821,0.0000,0.6380,0.6660,1,0,0,0,0,3.3889
143.9961,167.1262,0.0864,93.5389,1.4226,5.1215,1.4226,0.0052,2.6958,197.9465,0.0107,-0.0812,0.3939,0.3274,0.0180,1.0821,0.0000,0.6414,0.6659,1,0,0,0,0,3.3846
144.0568,167.0987,0.0864,93.4528,1.5565,5.6036,1.5565,0.0054,2.2045,197.9476,0.0183,-0.0812,0.3939,0.3274,0.0180,1.0821,0.0000,0.6431,0.6659,1,0,0,0,0,3.3821
144.1070,167.0745,0.0864,93.3767,1.6291,5.8649,1.6291,0.0054,1.4467,197.9485,0.0176,-0.0812,0.3939,0.3274,0.0180,1.0821,0.0000,0.6437,0.6659,1,0,0,0,0,3.3804
144.1640,167.0459,0.0864,93.2873,1.6064,5.7830,1.6064,0.0055,-0.3990,197.9495,0.0171,-0.0812,-0.4330,0.3294,0.0180,1.0821,0.0000,0.5045,0.6653,1,0,0,0,0,3.3784
144.2209,167.0226,0.0864,93.2140,1.1007,3.9625,1.1007,0.0051,-8.8854,197.9483,-0.0209,-0.0812,-0.9218,0.3294,0.0180,1.0821,0.0000,0.2801,0.6644,1,0,0,0,0,3.3927
144.2780,167.0110,0.0864,93.1769,0.2236,0.8050,0.2236,0.0031,-15.3484,197.9437,-0.0796,-0.0812,-0.9843,0.3294,0.0180,1.0821,0.0000,0.1383,0.6641,1,0,0,0,0,3.3248
144.3395,167.0101,0.0864,93.1738,0.0003,0.0011,-0.0001,0.0003,-3.6332,197.9418,-0.0308,-0.0812,0.2023,0.3294,0.0180,1.0821,0.0000,0.1131,0.6640,1,0,0,0,0,3.3215
144.3987,167.0102,0.0864,93.1738,0.0010,0.0036,-0.0002,0.0010,0.0116,197.9404,-0.0247,-0.0812,0.3666,0.3294,0.0180,1.0821,0.0000,0.2987,0.6639,1,0,0,0,0,3.3209
144.4624,167.0103,0.0864,93.1736,0.0104,0.0376,0.0103,0.0018,0.1482,197.9304,-0.1567,-0.0812,0.3900,0.3294,0.0180,1.0821,0.0000,0.4660,0.6639,1,0,0,0,0,3.3282
144.5204,167.0091,0.0864,93.1691,0.1555,0.5599,0.1555,0.0022,2.5023,197.9274,-0.0526,-0.0812,0.3920,0.0244,0.0180,1.0821,0.0000,0.5437,0.7615,1,0,0,0,0,3.8105
144.5780,167.0044,0.0864,93.1537,0.4130,1.4866,0.4129,0.0031,4.4690,197.9250,-0.0413,-0.0812,0.3920,-0.2200,0.0180,1.0821,0.0000,0.5931,0.9200,1,0,0,0,0,4.6025
144.6339,166.9961,0.0864,93.1270,0.6168,2.2204,0.6168,0.0036,3.6486,197.9237,-0.0229,-0.0812,0.3939,-0.4663,0.0180,1.0821,0.0000,0.6153,0.9678,1,0,0,0,0,4.9280
144.6902,166.9844,0.0864,93.0898,0.7901,2.8444,0.7901,0.0040,3.0779,197.9229,-0.0141,-0.0812,0.3939,-0.5367,0.0180,1.0821,0.0000,0.6284,0.9871,1,0,0,0,0,5.0116
144.7478,166.9695,0.0864,93.0428,0.9289,3.3442,0.9289,0.0042,2.4085,197.9225,-0.0069,-0.0812,0.3939,-0.5464,0.0180,1.0821,0.0000,0.6357,0.9948,1,0,0,0,0,5.0428
144.8044,166.9527,0.0864,92.9897,1.0384,3.7383,1.0384,0.0044,1.9333,197.9224,-0.0022,-0.0812,0.3998,-0.6872,0.0180,1.0821,0.0000,0.6419,0.9979,1,1,0,0,0,25.0535
144.8609,166.9341,0.0864,92.9312,1.1345,4.0843,1.1345,0.0046,1.7011,197.9225,0.0024,-0.0812,0.4096,-0.8632,0.0180,1.0821,0.0000,0.6536,0.9992,1,1,0,0,0,25.0563
144.9219,166.9123,0.0864,92.8624,1.2369,4.4528,1.2369,0.0047,1.6790,197.9230,0.0083,-0.0812,0.4096,-0.8944,0.0180,1.0821,0.0000,0.6627,0.9997,1,1,0,0,0,25.0563
144.9827,166.8889,0.0864,92.7888,1.3061,4.7019,1.3061,0.0048,1.1376,197.9237,0.0103,-0.0812,0.4096,-0.8964,0.0180,1.0821,0.0000,0.6667,0.9999,1,1,0,0,0,25.0551
145.0463,166.8710,0.0876,92.7865,0.3199,1.1517,0.0783,0.3102,-15.5171,196.6131,-20.6214,-0.0812,0.4096,-0.6031,0.0180,1.0821,0.0000,0.6692,1.0000,1,0,0,0,0,6.1454
145.1071,166.8518,0.0879,92.7869,0.3483,1.2538,0.0831,0.3382,0.4665,195.3411,-20.9190,-0.0812,0.4096,-0.1848,0.0180,1.0821,0.0000,0.6703,1.0000,1,0,0,0,0,6.1621
145.1635,166.8329,0.0882,92.7868,0.3631,1.3072,0.0869,0.3526,0.2630,193.9974,-23.8140,-0.0812,0.4096,0.1339,0.0180,1.0821,0.0000,0.6709,0.9710,1,0,0,0,0,6.1781
145.2228,166.8121,0.0886,92.7862,0.3806,1.3701,0.0916,0.3694,0.2943,192.3168,-28.3350,-0.0812,0.4096,0.2786,0.0180,1.0821,0.0000,0.6713,0.8154,1,0,0,0,0,5.6513
145.2784,166.7919,0.0889,92.7852,0.3942,1.4192,0.0954,0.3825,0.2453,190.8584,-26.2350,-0.0812,0.4096,0.2962,0.0180,1.0821,0.0000,0.6715,0.7461,1,0,0,0,0,5.1882
145.3333,166.7713,0.0892,92.7836,0.4043,1.4557,0.0971,0.3925,0.1847,189.3588,-27.3309,-0.0812,0.4096,0.2962,0.0180,1.0821,0.0000,0.6716,0.7172,1,0,0,0,0,5.1046
145.3885,166.7502,0.0895,92.7814,0.4111,1.4798,0.0990,0.3990,0.1215,187.8321,-27.6458,-0.0812,0.4096,0.2962,0.0180,1.0821,0.0000,0.6716,0.7056,1,0,0,0,0,5.0640
145.4446,166.7285,0.0897,92.7787,0.4150,1.4941,0.0992,0.4030,0.0707,186.2913,-27.4701,-0.0812,0.4096,0.2962,0.0180,1.0821,0.0000,0.6717,0.7009,1,0,0,0,0,5.0308
145.5040,166.7055,0.0899,92.7751,0.4162,1.4983,0.0980,0.4045,0.0195,184.7481,-25.9795,-0.0831,0.4096,0.2962,0.0151,1.0319,0.8449,0.6717,0.6991,1,0,0,0,0,4.9855
145.5609,166.6835,0.0899,92.7711,0.4127,1.4857,0.0948,0.4017,-0.0612,183.2207,-26.8365,-0.0831,0.4076,0.2962,0.0143,0.9504,1.4326,0.6713,0.6983,1,0,0,0,0,5.0620
145.6165,166.6627,0.0896,92.7670,0.3877,1.3957,0.0864,0.3780,-0.4499,181.7712,-26.0824,-0.0831,0.3197,0.2962,0.0141,0.8991,0.9229,0.6322,0.6980,1,0,0,0,0,4.9903
145.6699,166.6442,0.0891,92.7630,0.3589,1.2921,0.0790,0.3501,-0.5390,180.4277,-25.1577,-0.0831,0.3099,0.2962,0.0141,0.8723,0.5020,0.5727,0.6979,1,0,0,0,0,4.9149
145.7246,166.6334,0.0891,92.7616,0.0307,0.1104,-0.0067,0.0299,-5.9988,179.8011,-11.4512,-0.0831,0.2688,0.2962,0.0141,0.8577,0.2669,0.5238,0.6978,1,0,0,0,0,4.1401
145.7803,166.6356,0.0888,92.7611,0.0507,0.1826,-0.0001,0.0507,0.3594,180.0108,3.7616,-0.0831,0.0245,0.2962,0.0141,0.8502,0.1348,0.3686,0.6978,1,0,0,0,0,3.7055
145.8401,166.6358,0.0888,92.7610,0.0082,0.0296,0.0016,0.0081,-0.7103,179.9973,-0.2256,-0.0831,0.3333,0.2962,0.0140,0.8463,0.0651,0.3928,0.6978,1,0,0,0,0,3.5051
145.8991,166.6357,0.0888,92.7610,0.0005,0.0017,0.0004,0.0002,-0.1317,180.0009,0.0595,-0.0831,0.3373,0.2962,0.0140,0.8445,0.0307,0.4807,0.6978,1,0,0,0,0,3.4940
145.9550,166.6357,0.0888,92.7610,0.0007,0.0025,0.0002,0.0007,0.0038,180.0011,0.0044,-0.0831,0.3509,0.2962,0.0140,0.8437,0.0143,0.5200,0.6978,1,0,0,0,0,3.4900
146.0090,166.6357,0.0888,92.7610,0.0005,0.0017,0.0001,0.0005,-0.0037,180.0016,0.0088,-0.0831,0.3725,0.2962,0.0140,0.8433,0.0067,0.5431,0.6978,1,0,0,0,0,3.4898
146.0638,166.6357,0.0888,92.7610,0.0007,0.0027,0.0004,0.0007,0.0047,180.0030,0.0267,-0.0831,0.4624,0.2962,0.0140,0.8431,0.0033,0.6150,0.6978,1,0,0,0,0,3.4906
146.1182,166.6357,0.0888,92.7610,0.0009,0.0034,0.0005,0.0008,0.0038,180.0046,0.0283,-0.0831,0.4976,0.2962,0.0140,0.8430,0.0016,0.6966,0.6978,1,0,0,0,0,3.4906
146.1787,166.6357,0.0888,92.7610,0.0018,0.0064,0.0010,0.0015,0.0136,180.0060,0.0235,-0.0831,0.5113,0.2962,0.0140,0.8430,0.0008,0.7690,0.6978,1,0,0,0,0,3.4903
146.2400,166.6356,0.0888,92.7610,0.0017,0.0060,0.0008,0.0015,-0.0016,180.0069,0.0144,-0.0831,0.5132,0.2962,0.0140,0.8430,0.0004,0.8044,0.6978,1,0,0,0,0,3.4898
146.3000,166.6355,0.0888,92.7610,0.0019,0.0069,0.0009,0.0017,0.0042,180.0072,0.0056,-0.0831,0.5132,0.2962,0.0140,0.8430,0.0002,0.8276,0.6978,1,0,0,0,0,3.4893
146.3540,166.6355,0.0888,92.7610,0.0017,0.0063,0.0008,0.0016,-0.0034,180.0076,0.0065,-0.0831,0.5132,0.2962,0.0140,0.8430,0.0001,0.8377,0.6978,1,0,0,0,0,3.4893
146.4068,166.6354,0.0888,92.7610,0.0020,0.0072,0.0009,0.0018,0.0046,180.0076,0.0000,-0.0831,0.5132,0.2962,0.0140,0.8430,0.0000,0.8425,0.6978,1,0,0,0,0,3.4890
146.4615,166.6353,0.0888,92.7610,0.0019,0.0067,0.0008,0.0017,-0.0022,180.0077,0.0028,-0.0831,0.5132,0.2962,0.0140,0.8430,0.0000,0.8460,0.6978,1,0,0,0,0,3.4891
146.5146,166.6353,0.0888,92.7610,0.0021,0.0075,0.0010,0.0018,0.0039,180.0077,0.0003,-0.0831,0.5132,0.2962,0.0140,0.8430,0.0000,0.8479,0.6978,1,0,0,0,0,3.4890
146.5685,166.6352,0.0888,92.7610,0.0019,0.0067,0.0008,0.0017,-0.0037,180.0078,0.0011,-0.0831,0.5132,0.2962,0.0140,0.8430,0.0000,0.8490,0.6978,1,0,0,0,0,3.4890
146.6217,166.6351,0.0888,92.7610,0.0021,0.0075,0.0010,0.0019,0.0040,180.0077,-0.0011,-0.0831,0.5132,0.2962,0.0140,0.8430,0.0000,0.8496,0.6978,1,0,0,0,0,3.4890
146.6775,166.6350,0.0888,92.7610,0.0021,0.0076,0.0010,0.0019,0.0004,180.0077,-0.0011,-0.0831,0.5132,0.2962,0.0140,0.8430,0.0000,0.8499,0.6978,1,0,0,0,0,3.4890
146.7374,166.6349,0.0888,92.7610,0.0018,0.0065,0.0008,0.0016,-0.0050,180.0078,0.0025,-0.0831,0.5132,0.2962,0.0140,0.8430,0.0000,0.8501,0.6978,1,0,0,0,0,3.4891
146.7977,166.6349,0.0888,92.7610,0.0020,0.0072,0.0009,0.0018,0.0030,180.0077,-0.0020,-0.0831,0.5132,0.2962,0.0140,0.8430,0.0000,0.8502,0.6978,1,0,0,0,0,3.4891
146.8540,166.6348,0.0889,92.7610,0.0021,0.0074,0.0009,0.0018,0.0013,180.0077,0.0000,-0.0831,0.5132,0.2962,0.0140,0.8430,0.0000,0.8503,0.6978,1,0,0,0,0,3.4890
146.9080,166.6347,0.0889,92.7610,0.0018,0.0064,0.0008,0.0016,-0.0051,180.0078,0.0011,-0.0831,0.5132,0.2962,0.0140,0.8430,0.0000,0.8503,0.6978,1,0,0,0,0,3.4890
146.9613,166.6346,0.0889,92.7610,0.0020,0.0073,0.0009,0.0018,0.0044,180.0077,-0.0006,-0.0831,0.5132,0.2962,0.0140,0.8430,0.0000,0.8503,0.6978,1,0,0,0,0,3.4890
147.0168,166.6346,0.0889,92.7610,0.0021,0.0075,0.0009,0.0019,0.0013,180.0077,-0.0011,-0.0831,0.4976,0.2962,0.0140,0.8430,0.0000,0.8473,0.6978,1,0,0,0,0,3.4890
147.0741,166.6345,0.0889,92.7610,0.0019,0.0067,0.0008,0.0017,-0.0042,180.0068,-0.0149,-0.0831,0.4917,0.2962,0.0140,0.8430,0.0000,0.8056,0.6978,1,0,0,0,0,3.4898
147.1298,166.6344,0.0889,92.7610,0.0018,0.0065,0.0008,0.0016,-0.0009,180.0072,0.0068,-0.0831,0.4995,0.2962,0.0140,0.8430,0.0000,0.8146,0.6978,1,0,0,0,0,3.4893
147.1823,166.6343,0.0889,92.7610,0.0019,0.0069,0.0009,0.0017,0.0020,180.0072,0.0009,-0.0831,0.5113,0.2962,0.0140,0.8430,0.0000,0.8267,0.6978,1,0,0,0,0,3.4890
147.2363,166.6342,0.0889,92.7610,0.0021,0.0074,0.0009,0.0018,0.0028,180.0075,0.0051,-0.0831,0.5132,0.2962,0.0140,0.8430,0.0000,0.8372,0.6978,1,0,0,0,0,3.4893
147.2971,166.6342,0.0889,92.7610,0.0019,0.0070,0.0009,0.0017,-0.0019,180.0076,0.0020,-0.0831,0.5132,0.2962,0.0140,0.8430,0.0000,0.8439,0.6978,1,0,0,0,0,3.4891
147.3593,166.6341,0.0889,92.7610,0.0020,0.0073,0.0009,0.0018,0.0016,180.0076,0.0000,-0.0831,0.5113,0.2962,0.0140,0.8430,0.0000,0.8464,0.6978,1,0,0,0,0,3.4890
147.4183,166.6340,0.0889,92.7610,0.0018,0.0066,0.0008,0.0016,-0.0033,180.0075,-0.0021,-0.0831,0.5113,0.2962,0.0140,0.8430,0.0000,0.8466,0.6978,1,0,0,0,0,3.4891
147.4717,166.6339,0.0889,92.7610,0.0020,0.0072,0.0009,0.0018,0.0028,180.0077,0.0023,-0.0831,0.5132,0.2962,0.0140,0.8430,0.0000,0.8472,0.6978,1,0,0,0,0,3.4891
147.5268,166.6339,0.0889,92.7610,0.0020,0.0072,0.0009,0.0018,0.0002,180.0077,0.0006,-0.0831,0.5132,0.2962,0.0140,0.8430,0.0000,0.8486,0.6978,1,0,0,0,0,3.4890
147.5805,166.6338,0.0889,92.7610,0.0018,0.0065,0.0008,0.0016,-0.0038,180.0078,0.0011,-0.0831,0.5113,0.2962,0.0140,0.8430,0.0000,0.8490,0.6978,1,0,0,0,0,3.4890
147.6351,166.6337,0.0889,92.7610,0.0021,0.0074,0.0009,0.0019,0.0047,180.0073,-0.0089,-0.0831,0.4643,0.2962,0.0140,0.8430,0.0000,0.8260,0.6978,1,0,0,0,0,3.4895
147.6885,166.6336,0.0889,92.7610,0.0021,0.0076,0.0009,0.0019,0.0006,180.0064,-0.0171,-0.0831,0.4135,0.2962,0.0140,0.8430,0.0000,0.7715,0.6978,1,0,0,0,0,3.4899
147.7414,166.6336,0.0889,92.7610,0.0018,0.0066,0.0007,0.0017,-0.0050,180.0050,-0.0254,-0.0831,0.3705,0.2962,0.0140,0.8430,0.0000,0.7047,0.6978,1,0,0,0,0,3.4904
147.7950,166.6335,0.0889,92.7610,0.0016,0.0056,0.0006,0.0014,-0.0051,180.0042,-0.0159,-0.0831,0.3607,0.2962,0.0140,0.8430,0.0000,0.6617,0.6978,1,0,0,0,0,3.4899
147.8488,166.6334,0.0889,92.7610,0.0013,0.0047,0.0005,0.0012,-0.0050,180.0035,-0.0125,-0.0831,0.3607,0.2962,0.0140,0.8430,0.0000,0.6287,0.6978,1,0,0,0,0,3.4897
147.9030,166.6333,0.0889,92.7610,0.0013,0.0046,0.0005,0.0012,-0.0005,180.0029,-0.0101,-0.0831,0.3607,0.2962,0.0140,0.8430,0.0000,0.6103,0.6978,1,0,0,0,0,3.4895
147.9606,166.6333,0.0889,92.7610,0.0012,0.0044,0.0005,0.0011,-0.0005,180.0029,-0.0011,-0.0831,0.3607,0.2962,0.0140,0.8430,0.0000,0.6001,0.6978,1,0,0,0,0,3.4890
148.0226,166.6332,0.0889,92.7610,0.0011,0.0038,0.0004,0.0010,-0.0029,180.0027,-0.0020,-0.0831,0.3607,0.2962,0.0140,0.8430,0.0000,0.5937,0.6978,1,0,0,0,0,3.4891
148.0841,166.6331,0.0889,92.7610,0.0009,0.0031,0.0003,0.0008,-0.0030,180.0029,0.0027,-0.0831,0.3881,0.2962,0.0140,0.8430,0.0000,0.6008,0.6978,1,0,0,0,0,3.4891
148.1395,166.6331,0.0889,92.7610,0.0011,0.0039,0.0006,0.0009,0.0041,180.0035,0.0113,-0.0831,0.4506,0.2962,0.0140,0.8430,0.0000,0.6438,0.6978,1,0,0,0,0,3.4896
148.1954,166.6331,0.0889,92.7610,0.0011,0.0038,0.0005,0.0009,-0.0005,180.0049,0.0254,-0.0831,0.5015,0.2962,0.0140,0.8430,0.0000,0.7114,0.6978,1,0,0,0,0,3.4904
148.2534,166.6331,0.0889,92.7610,0.0017,0.0062,0.0011,0.0013,0.0112,180.0067,0.0300,-0.0831,0.5406,0.2962,0.0140,0.8430,0.0000,0.7956,0.6978,1,0,0,0,0,3.4906
148.3100,166.6330,0.0889,92.7610,0.0017,0.0060,0.0008,0.0015,-0.0007,180.0077,0.0178,-0.0831,0.5680,0.2962,0.0140,0.8430,0.0000,0.8561,0.6978,1,0,0,0,0,3.4900
148.3637,166.6330,0.0889,92.7610,0.0020,0.0072,0.0010,0.0017,0.0058,180.0090,0.0244,-0.0831,0.6031,0.2962,0.0140,0.8430,0.0000,0.9153,0.6978,1,0,0,0,0,3.4903
148.4163,166.6329,0.0889,92.7610,0.0022,0.0078,0.0010,0.0019,0.0033,180.0096,0.0116,-0.0831,0.6344,0.2962,0.0140,0.8430,0.0000,0.9471,0.6978,1,0,0,0,0,3.4896
148.4703,166.6328,0.0889,92.7610,0.0022,0.0081,0.0011,0.0019,0.0015,180.0101,0.0082,-0.0851,0.6657,0.2962,0.0131,0.8430,0.0000,0.9706,0.6978,1,0,0,0,0,3.4894
148.5242,166.6327,0.0889,92.7610,0.0021,0.0075,0.0010,0.0018,-0.0031,180.0102,0.0020,-0.0851,0.6735,0.2962,0.0108,0.7755,1.2531,0.9837,0.6978,1,0,0,0,0,3.5587
148.5775,166.6327,0.0889,92.7610,0.0022,0.0079,0.0012,0.0019,0.0020,180.0103,0.0020,-0.0851,0.6735,0.2962,0.0103,0.7041,1.3366,0.9909,0.6978,1,0,0,0,0,3.5633
148.6340,166.6326,0.0889,92.7610,0.0022,0.0078,0.0011,0.0018,-0.0004,180.0103,0.0005,-0.0851,0.6735,0.2962,0.0101,0.6556,0.8601,0.9950,0.6978,1,0,0,0,0,3.5368
148.6908,166.6325,0.0889,92.7610,0.0022,0.0080,0.0012,0.0019,0.0010,180.0105,0.0032,-0.0851,0.6735,0.2962,0.0101,0.6296,0.4569,0.9972,0.6978,1,0,0,0,0,3.5145
148.7483,166.6324,0.0889,92.7610,0.0022,0.0079,0.0011,0.0019,-0.0004,180.0106,0.0013,-0.0831,0.6735,0.2962,0.0117,0.6259,0.0640,0.9984,0.6978,1,0,0,0,0,3.4926
148.8011,166.6324,0.0889,92.7610,0.0025,0.0088,0.0012,0.0022,0.0049,180.0107,0.0026,-0.0831,0.6735,0.2962,0.0135,0.6939,1.2874,0.9991,0.6978,1,0,0,0,0,3.5606
148.8541,166.6323,0.0889,92.7610,0.0025,0.0089,0.0012,0.0022,0.0004,180.0108,0.0012,-0.0831,0.6735,0.2962,0.0139,0.7572,1.1935,0.9995,0.6978,1,0,0,0,0,3.5553
148.9114,166.6322,0.0889,92.7610,0.0024,0.0087,0.0012,0.0021,-0.0010,180.0108,0.0003,-0.0831,0.6735,0.2962,0.0140,0.7992,0.7332,0.9997,0.6978,1,0,0,0,0,3.5297
148.9692,166.6321,0.0889,92.7610,0.0025,0.0089,0.0012,0.0022,0.0010,180.0107,-0.0005,-0.0831,0.6774,0.2962,0.0140,0.8218,0.3911,0.9999,0.6978,1,0,0,0,0,3.5107
149.0273,166.6321,0.0889,92.7610,0.0024,0.0085,0.0012,0.0021,-0.0020,180.0107,0.0000,-0.0851,0.7107,0.2962,0.0131,0.8331,0.1938,0.9999,0.6978,1,0,0,0,0,3.4997
149.0804,166.6320,0.0889,92.7610,0.0023,0.0082,0.0011,0.0020,-0.0014,180.0105,-0.0040,-0.0851,0.7361,0.2962,0.0108,0.7680,1.2246,1.0000,0.6978,1,0,0,0,0,3.5572
149.1386,166.6319,0.0889,92.7610,0.0022,0.0078,0.0012,0.0018,-0.0018,180.0105,-0.0005,-0.0851,0.7713,0.2962,0.0103,0.6948,1.2572,1.0000,0.6978,1,0,0,0,0,3.5588
149.1955,166.6318,0.0889,92.7610,0.0020,0.0073,0.0011,0.0017,-0.0024,180.0106,0.0011,-0.0851,0.8025,0.2962,0.0101,0.6499,0.7903,1.0000,0.6978,1,0,0,0,0,3.5329
149.2518,166.6318,0.0889,92.7610,0.0022,0.0077,0.0011,0.0018,0.0020,180.0106,0.0000,-0.0851,0.8319,0.2962,0.0101,0.6265,0.4154,1.0000,0.6978,1,0,0,0,0,3.5120
149.3050,166.6317,0.0889,92.7610,0.0021,0.0076,0.0011,0.0018,-0.0005,180.0106,0.0000,-0.0851,0.8514,0.2962,0.0101,0.6153,0.2106,1.0000,0.6978,1,0,0,0,0,3.5007
149.3581,166.6316,0.0889,92.7610,0.0022,0.0080,0.0011,0.0019,0.0021,180.0106,0.0000,-0.0851,0.8788,0.2962,0.0101,0.6096,0.1069,1.0000,0.6978,1,0,0,0,0,3.4949
149.4112,166.6316,0.0889,92.7610,0.0021,0.0075,0.0011,0.0018,-0.0028,180.0106,0.0014,-0.0851,0.8964,0.2962,0.0101,0.6067,0.0546,1.0000,0.6978,1,0,0,0,0,3.4921
149.4646,166.6315,0.0889,92.7610,0.0021,0.0074,0.0010,0.0018,-0.0006,180.0105,-0.0017,-0.0851,0.9120,0.2962,0.0101,0.6052,0.0272,1.0000,0.6978,1,0,0,0,0,3.4906
149.5177,166.6314,0.0889,92.7610,0.0022,0.0080,0.0011,0.0019,0.0029,180.0106,0.0011,-0.0851,0.9277,0.2962,0.0101,0.6045,0.0137,1.0000,0.6978,1,0,0,0,0,3.4898
149.5715,166.6313,0.0889,92.7610,0.0022,0.0080,0.0012,0.0019,0.0001,180.0104,-0.0040,-0.0870,0.9296,0.2962,0.0091,0.6042,0.0069,1.0000,0.6978,1,0,0,0,0,3.4896
149.6244,166.6313,0.0889,92.7610,0.0018,0.0063,0.0010,0.0015,-0.0085,180.0102,-0.0029,-0.0870,0.9296,0.2962,0.0069,0.5342,1.3242,1.0000,0.6978,1,0,0,0,0,3.5627
149.6821,166.6313,0.0889,92.7610,0.0018,0.0063,0.0010,0.0014,-0.0002,180.0103,0.0018,-0.0870,0.9296,0.2962,0.0063,0.4600,1.2857,1.0000,0.6978,1,0,0,0,0,3.5605
149.7420,166.6313,0.0889,92.7610,0.0017,0.0061,0.0010,0.0014,-0.0009,180.0104,0.0003,-0.0870,0.9296,0.2962,0.0061,0.4109,0.8197,1.0000,0.6978,1,0,0,0,0,3.5345
149.8045,166.6313,0.0889,92.7610,0.0017,0.0060,0.0010,0.0014,-0.0003,180.0103,-0.0005,-0.0870,0.9296,0.2962,0.0061,0.3856,0.4041,1.0000,0.6978,1,0,0,0,0,3.5114
149.8599,166.6313,0.0889,92.7610,0.0018,0.0064,0.0010,0.0015,0.0016,180.0103,-0.0011,-0.0870,0.9296,0.2962,0.0061,0.3749,0.1934,1.0000,0.6978,1,0,0,0,0,3.4998
149.9143,166.6313,0.0889,92.7610,0.0018,0.0065,0.0011,0.0014,0.0006,180.0103,0.0008,-0.0870,0.9296,0.2962,0.0061,0.3697,0.0964,1.0000,0.6978,1,0,0,0,0,3.4944
149.9733,166.6313,0.0889,92.7610,0.0019,0.0070,0.0012,0.0015,0.0022,180.0103,-0.0005,-0.0870,0.9296,0.2962,0.0061,0.3669,0.0468,1.0000,0.6978,1,0,0,0,0,3.4916
150.0345,166.6313,0.0889,92.7610,0.0019,0.0068,0.0011,0.0015,-0.0007,180.0104,0.0022,-0.0870,0.9296,0.2962,0.0061,0.3657,0.0204,1.0000,0.6978,1,0,0,0,0,3.4902
150.0928,166.6313,0.0889,92.7610,0.0017,0.0062,0.0010,0.0014,-0.0027,180.0103,-0.0021,-0.0870,0.9296,0.2962,0.0061,0.3651,0.0099,1.0000,0.6978,1,0,0,0,0,3.4896
150.1496,166.6313,0.0889,92.7610,0.0016,0.0057,0.0009,0.0013,-0.0025,180.0104,0.0013,-0.0870,0.9296,0.2962,0.0061,0.3649,0.0043,1.0000,0.6978,1,0,0,0,0,3.4893
150.2125,166.6313,0.0889,92.7610,0.0017,0.0060,0.0009,0.0014,0.0011,180.0102,-0.0024,-0.0870,0.9296,0.2962,0.0061,0.3647,0.0020,1.0000,0.6978,1,0,0,0,0,3.4892
150.2693,166.6313,0.0889,92.7610,0.0017,0.0060,0.0009,0.0014,0.0002,180.0103,0.0013,-0.0870,0.9296,0.2962,0.0061,0.3647,0.0010,1.0000,0.6978,1,0,0,0,0,3.4891
150.3250,166.6313,0.0889,92.7610,0.0016,0.0059,0.0009,0.0013,-0.0007,180.0103,0.0000,-0.0870,0.9296,0.2962,0.0061,0.3647,0.0004,1.0000,0.6978,1,0,0,0,0,3.4890
150.3790,166.6313,0.0889,92.7610,0.0019,0.0068,0.0011,0.0016,0.0047,180.0103,0.0006,-0.0870,0.9296,0.2962,0.0061,0.3646,0.0002,1.0000,0.6978,1,0,0,0,0,3.4890
150.4306,166.6313,0.0889,92.7610,0.0016,0.0058,0.0010,0.0012,-0.0055,180.0100,-0.0059,-0.0870,0.9296,0.2962,0.0061,0.3646,0.0001,1.0000,0.6978,1,0,0,0,0,3.4893
150.4850,166.6313,0.0889,92.7610,0.0015,0.0052,0.0010,0.0011,-0.0028,180.0103,0.0045,-0.0870,0.9296,0.2962,0.0061,0.3646,0.0001,1.0000,0.6978,1,0,0,0,0,3.4892
150.5417,166.6313,0.0889,92.7610,0.0015,0.0054,0.0010,0.0011,0.0007,180.0100,-0.0043,-0.0870,0.9296,0.2962,0.0061,0.3646,0.0000,1.0000,0.6978,1,0,0,0,0,3.4892
150.5945,166.6313,0.0889,92.7610,0.0013,0.0047,0.0009,0.0010,-0.0035,180.0104,0.0066,-0.0870,0.9296,0.2962,0.0061,0.3646,0.0000,1.0000,0.6978,1,0,0,0,0,3.4893
150.6491,166.6313,0.0889,92.7610,0.0016,0.0057,0.0010,0.0012,0.0047,180.0102,-0.0045,-0.0870,0.9296,0.2962,0.0061,0.3646,0.0000,1.0000,0.6978,1,0,0,0,0,3.4892
150.7045,166.6313,0.0889,92.7610,0.0012,0.0041,0.0009,0.0008,-0.0076,180.0100,-0.0022,-0.0870,0.9296,0.2962,0.0061,0.3646,0.0000,1.0000,0.6978,1,0,0,0,0,3.4891
150.7591,166.6313,0.0889,92.7610,0.0018,0.0066,0.0011,0.0015,0.0125,180.0103,0.0053,-0.0870,0.9296,0.2962,0.0061,0.3646,0.0000,1.0000,0.6978,1,0,0,0,0,3.4893
150.8102,166.6313,0.0889,92.7610,0.0018,0.0066,0.0010,0.0015,-0.0001,180.0102,-0.0024,-0.0870,0.9296,0.2962,0.0061,0.3646,0.0000,1.0000,0.6978,1,0,0,0,0,3.4891
150.8627,166.6313,0.0889,92.7610,0.0018,0.0066,0.0011,0.0015,0.0003,180.0103,0.0023,-0.0870,0.9296,0.2962,0.0061,0.3646,0.0000,1.0000,0.6978,1,0,0,0,0,3.4891
150.9162,166.6313,0.0889,92.7610,0.0017,0.0060,0.0010,0.0014,-0.0032,180.0103,0.0000,-0.0870,0.9296,0.2962,0.0061,0.3646,0.0000,1.0000,0.6978,1,0,0,0,0,3.4890
150.9713,166.6313,0.0889,92.7610,0.0016,0.0058,0.0010,0.0013,-0.0009,180.0104,0.0008,-0.0870,0.9296,0.2962,0.0061,0.3646,0.0000,1.0000,0.6978,1,0,0,0,0,3.4890
151.0262,166.6313,0.0889,92.7610,0.0019,0.0068,0.0011,0.0015,0.0047,180.0103,-0.0011,-0.0870,0.9296,0.2962,0.0061,0.3646,0.0000,1.0000,0.6978,1,0,0,0,0,3.4890
151.0827,166.6313,0.0889,92.7610,0.0018,0.0066,0.0011,0.0015,-0.0011,180.0103,0.0008,-0.0870,0.9296,0.2962,0.0061,0.3646,0.0000,1.0000,0.6978,1,0,0,0,0,3.4890
151.1416,166.6313,0.0889,92.7610,0.0017,0.0060,0.0010,0.0014,-0.0029,180.0104,0.0008,-0.0870,0.9296,0.2962,0.0061,0.3646,0.0000,1.0000,0.6978,1,0,0,0,0,3.4890
151.1990,166.6313,0.0889,92.7610,0.0017,0.0063,0.0010,0.0014,0.0016,180.0104,0.0003,-0.0870,0.9296,0.2962,0.0061,0.3646,0.0000,1.0000,0.6978,1,0,0,0,0,3.4890
151.2561,166.6313,0.0889,92.7610,0.0019,0.0067,0.0011,0.0015,0.0023,180.0103,-0.0021,-0.0870,0.9296,0.2962,0.0061,0.3646,0.0000,1.0000,0.6978,1,0,0,0,0,3.4891
151.3131,166.6313,0.0889,92.7610,0.0017,0.0062,0.0010,0.0014,-0.0026,180.0103,0.0005,-0.0870,0.9296,0.2962,0.0061,0.3646,0.0000,1.0000,0.6978,1,0,0,0,0,3.4890
151.3723,166.6313,0.0889,92.7610,0.0020,0.0071,0.0012,0.0016,0.0041,180.0103,0.0000,-0.0870,0.9296,0.2962,0.0061,0.3646,0.0000,1.0000,0.6978,1,0,0,0,0,3.4890
151.4314,166.6313,0.0889,92.7610,0.0019,0.0068,0.0012,0.0015,-0.0013,180.0104,0.0023,-0.0870,0.9296,0.2962,0.0061,0.3646,0.0000,1.0000,0.6978,1,0,0,0,0,3.4891
151.4898,166.6313,0.0889,92.7610,0.0017,0.0059,0.0009,0.0014,-0.0041,180.0102,-0.0031,-0.0870,0.9296,0.2962,0.0061,0.3646,0.0000,1.0000,0.6978,1,0,0,0,0,3.4891
151.5451,166.6313,0.0889,92.7610,0.0016,0.0057,0.0009,0.0013,-0.0013,180.0104,0.0025,-0.0870,0.9296,0.2962,0.0061,0.3646,0.0000,1.0000,0.6978,1,0,0,0,0,3.4891
151.6005,166.6313,0.0889,92.7610,0.0019,0.0067,0.0011,0.0015,0.0052,180.0103,-0.0022,-0.0870,0.9296,0.2962,0.0061,0.3646,0.0000,1.0000,0.6978,1,0,0,0,0,3.4891
151.6588,166.6313,0.0889,92.7610,0.0016,0.0057,0.0009,0.0013,-0.0050,180.0104,0.0018,-0.0870,0.9296,0.2962,0.0061,0.3646,0.0000,1.0000,0.6978,1,0,0,0,0,3.4891
151.7179,166.6313,0.0889,92.7610,0.0016,0.0059,0.0009,0.0014,0.0011,180.0103,-0.0021,-0.0870,0.9296,0.2962,0.0061,0.3646,0.0000,1.0000,0.6978,1,0,0,0,0,3.4891
151.7766,166.6313,0.0889,92.7610,0.0019,0.0067,0.0011,0.0015,0.0039,180.0104,0.0031,-0.0870,0.9296,0.2962,0.0061,0.3646,0.0000,1.0000,0.6978,1,0,0,0,0,3.4891
151.8339,166.6313,0.0889,92.7610,0.0019,0.0067,0.0011,0.0015,-0.0003,180.0103,-0.0021,-0.0870,0.9296,0.2962,0.0061,0.3646,0.0000,1.0000,0.6978,1,0,0,0,0,3.4891
151.8968,166.6313,0.0889,92.7610,0.0017,0.0060,0.0010,0.0013,-0.0030,180.0103,0.0002,-0.0890,0.9296,0.2962,0.0044,0.3559,0.1383,1.0000,0.6978,1,0,0,0,0,3.4967
151.9497,166.6313,0.0889,92.7610,0.0014,0.0049,0.0009,0.0010,-0.0055,180.0100,-0.0052,-0.0890,0.9296,0.2962,0.0027,0.2892,1.2613,1.0000,0.6978,1,0,0,0,0,3.5593
152.0090,166.6313,0.0889,92.7610,0.0015,0.0054,0.0010,0.0011,0.0023,180.0100,0.0000,-0.0890,0.9296,0.2962,0.0022,0.2118,1.3066,1.0000,0.6978,1,0,0,0,0,3.5616
152.0646,166.6313,0.0889,92.7611,0.0014,0.0051,0.0009,0.0011,-0.0018,180.0100,0.0000,-0.0890,0.9296,0.2962,0.0021,0.1690,0.7684,1.0000,0.6978,1,0,0,0,0,3.5317
152.1207,166.6313,0.0889,92.7611,0.0014,0.0050,0.0009,0.0010,-0.0002,180.0100,0.0000,-0.0890,0.9296,0.2962,0.0021,0.1473,0.3878,1.0000,0.6978,1,0,0,0,0,3.5105
152.1752,166.6313,0.0889,92.7610,0.0015,0.0055,0.0010,0.0011,0.0021,180.0100,0.0000,-0.0890,0.9296,0.2962,0.0021,0.1361,0.2050,1.0000,0.6978,1,0,0,0,0,3.5004
152.2267,166.6313,0.0889,92.7611,0.0015,0.0053,0.0010,0.0011,-0.0009,180.0101,0.0003,-0.0890,0.9296,0.2962,0.0021,0.1309,0.1003,1.0000,0.6978,1,0,0,0,0,3.4946
152.2798,166.6313,0.0889,92.7611,0.0013,0.0047,0.0009,0.0010,-0.0031,180.0100,-0.0006,-0.0890,0.9296,0.2962,0.0021,0.1282,0.0515,1.0000,0.6978,1,0,0,0,0,3.4919
152.3348,166.6313,0.0889,92.7610,0.0016,0.0058,0.0011,0.0011,0.0054,180.0101,0.0006,-0.0890,0.9296,0.2962,0.0021,0.1268,0.0252,1.0000,0.6978,1,0,0,0,0,3.4904
152.3897,166.6313,0.0889,92.7611,0.0015,0.0053,0.0010,0.0011,-0.0022,180.0100,0.0000,-0.0890,0.9296,0.2962,0.0021,0.1261,0.0128,1.0000,0.6978,1,0,0,0,0,3.4897
152.4474,166.6313,0.0889,92.7611,0.0014,0.0049,0.0009,0.0010,-0.0023,180.0101,0.0003,-0.0890,0.9296,0.2962,0.0021,0.1258,0.0059,1.0000,0.6978,1,0,0,0,0,3.4893
152.5136,166.6313,0.0889,92.7611,0.0014,0.0049,0.0009,0.0010,0.0001,180.0101,0.0000,-0.0890,0.9296,0.2962,0.0021,0.1256,0.0028,1.0000,0.6978,1,0,0,0,0,3.4891
152.5793,166.6313,0.0889,92.7610,0.0015,0.0052,0.0010,0.0011,0.0014,180.0101,0.0002,-0.0890,0.9296,0.2962,0.0021,0.1255,0.0012,1.0000,0.6978,1,0,0,0,0,3.4890
152.6339,166.6313,0.0889,92.7610,0.0015,0.0052,0.0010,0.0011,0.0000,180.0101,0.0000,-0.0890,0.9296,0.2962,0.0021,0.1255,0.0006,1.0000,0.6978,1,0,0,0,0,3.4890
152.6865,166.6313,0.0889,92.7611,0.0015,0.0052,0.0010,0.0011,0.0000,180.0101,0.0000,-0.0890,0.9296,0.2962,0.0021,0.1255,0.0002,1.0000,0.6978,1,0,0,0,0,3.4890
152.7395,166.6313,0.0889,92.7611,0.0015,0.0052,0.0010,0.0011,0.0000,180.0101,0.0000,-0.0890,0.9296,0.2962,0.0021,0.1255,0.0001,1.0000,0.6978,1,0,0,0,0,3.4890
152.7923,166.6313,0.0889,92.7611,0.0015,0.0052,0.0010,0.0011,0.0000,180.0101,0.0000,-0.0890,0.9296,0.2962,0.0021,0.1255,0.0001,1.0000,0.6978,1,0,0,0,0,3.4890
152.8561,166.6313,0.0889,92.7611,0.0015,0.0052,0.0010,0.0011,0.0000,180.0101,0.0000,-0.0890,0.9296,0.2962,0.0021,0.1255,0.0000,1.0000,0.6978,1,0,0,0,0,3.4890
152.9158,166.6313,0.0889,92.7610,0.0014,0.0049,0.0009,0.0010,-0.0014,180.0101,0.0000,-0.0890,0.9296,0.2962,0.0021,0.1255,0.0000,1.0000,0.6978,1,0,0,0,0,3.4890
152.9688,166.6313,0.0889,92.7610,0.0015,0.0052,0.0010,0.0011,0.0016,180.0101,0.0000,-0.0890,0.9296,0.2962,0.0021,0.1255,0.0000,1.0000,0.6978,1,0,0,0,0,3.4890
153.0253,166.6313,0.0889,92.7610,0.0014,0.0049,0.0009,0.0010,-0.0015,180.0101,0.0000,-0.0890,0.9296,0.2962,0.0021,0.1255,0.0000,1.0000,0.6978,1,0,0,0,0,3.4890
153.0839,166.6313,0.0889,92.7610,0.0014,0.0049,0.0009,0.0010,0.0000,180.0101,0.0000,-0.0890,0.9296,0.2962,0.0021,0.1255,0.0000,1.0000,0.6978,1,0,0,0,0,3.4890
153.1412,166.6313,0.0889,92.7610,0.0014,0.0049,0.0009,0.0010,0.0000,180.0101,0.0000,-0.0890,0.9296,0.2962,0.0021,0.1255,0.0000,1.0000,0.6978,1,0,0,0,0,3.4890
153.2052,166.6313,0.0889,92.7610,0.0014,0.0049,0.0009,0.0010,-0.0003,180.0101,0.0002,-0.0890,0.9296,0.2962,0.0021,0.1255,0.0000,1.0000,0.6978,1,0,0,0,0,3.4890
153.2585,166.6313,0.0889,92.7610,0.0014,0.0049,0.0009,0.0010,0.0000,180.0101,0.0000,-0.0890,0.9296,0.2962,0.0021,0.1255,0.0000,1.0000,0.6978,1,0,0,0,0,3.4890
153.3140,166.6313,0.0889,92.7610,0.0014,0.0049,0.0009,0.0010,0.0000,180.0101,0.0000,-0.0890,0.9296,0.2962,0.0021,0.1255,0.0000,1.0000,0.6978,1,0,0,0,0,3.4890
153.3770,166.6313,0.0889,92.7610,0.0014,0.0049,0.0009,0.0010,0.0000,180.0101,0.0000,-0.0890,0.9296,0.2962,0.0021,0.1255,0.0000,1.0000,0.6978,1,0,0,0,0,3.4890
153.4290,166.6313,0.0889,92.7610,0.0014,0.0049,0.0009,0.0010,0.0000,180.0101,0.0000,-0.0890,0.9296,0.2962,0.0021,0.1255,0.0000,1.0000,0.6978,1,0,0,0,0,3.4890
153.4827,166.6313,0.0889,92.7610,0.0014,0.0049,0.0009,0.0010,0.0000,180.0101,0.0000,-0.0890,0.9296,0.2962,0.0021,0.1255,0.0000,1.0000,0.6978,1,0,0,0,0,3.4890
153.5346,166.6313,0.0889,92.7610,0.0014,0.0049,0.0009,0.0010,0.0004,180.0101,0.0000,-0.0890,0.9296,0.2962,0.0021,0.1255,0.0000,1.0000,0.6978,1,0,0,0,0,3.4890
153.5917,166.6313,0.0889,92.7610,0.0014,0.0049,0.0009,0.0010,-0.0003,180.0101,0.0003,-0.0890,0.9296,0.2962,0.0021,0.1255,0.0000,1.0000,0.6978,1,0,0,0,0,3.4890
153.6433,166.6313,0.0889,92.7610,0.0014,0.0049,0.0009,0.0010,0.0004,180.0101,0.0000,-0.0890,0.9296,0.2962,0.0021,0.1255,0.0000,1.0000,0.6978,1,0,0,0,0,3.4890
153.6965,166.6313,0.0889,92.7610,0.0014,0.0049,0.0009,0.0010,0.0000,180.0101,0.0000,-0.0890,0.9296,0.2962,0.0021,0.1255,0.0000,1.0000,0.6978,1,0,0,0,0,3.4890
153.7511,166.6313,0.0889,92.7610,0.0014,0.0049,0.0009,0.0010,0.0000,180.0101,0.0000,-0.0890,0.9296,0.2962,0.0021,0.1255,0.0000,1.0000,0.6978,1,0,0,0,0,3.4890
153.8025,166.6313,0.0889,92.7610,0.0014,0.0049,0.0009,0.0010,0.0000,180.0101,0.0000,-0.0890,0.9296,0.2962,0.0021,0.1255,0.0000,1.0000,0.6978,1,0,0,0,0,3.4890
153.8547,166.6313,0.0889,92.7610,0.0015,0.0052,0.0010,0.0011,0.0017,180.0101,0.0000,-0.0890,0.9296,0.2962,0.0021,0.1255,0.0000,1.0000,0.6978,1,0,0,0,0,3.4890
153.9077,166.6313,0.0889,92.7611,0.0015,0.0052,0.0010,0.0011,0.0000,180.0101,0.0000,-0.0890,0.9296,0.2962,0.0021,0.1255,0.0000,1.0000,0.6978,1,0,0,0,0,3.4890
153.9595,166.6313,0.0889,92.7611,0.0015,0.0052,0.0010,0.0011,0.0000,180.0101,0.0000,-0.0890,0.9296,0.2962,0.0021,0.1255,0.0000,1.0000,0.6978,1,0,0,0,0,3.4890
154.0108,166.6313,0.0889,92.7611,0.0014,0.0049,0.0009,0.0010,-0.0019,180.0101,0.0000,-0.0890,0.9296,0.2962,0.0021,0.1255,0.0000,1.0000,0.6978,1,0,0,0,0,3.4890
154.0641,166.6313,0.0889,92.7611,0.0014,0.0049,0.0009,0.0010,0.0000,180.0101,0.0000,-0.0890,0.9296,0.2962,0.0021,0.1255,0.0000,1.0000,0.6978,1,0,0,0,0,3.4890
154.1165,166.6313,0.0889,92.7611,0.0014,0.0049,0.0009,0.0010,0.0000,180.0101,0.0000,-0.0890,0.9296,0.2962,0.0021,0.1255,0.0000,1.0000,0.6978,1,0,0,0,0,3.4890
154.1677,166.6313,0.0889,92.7611,0.0014,0.0049,0.0009,0.0010,0.0001,180.0100,0.0000,-0.0890,0.9296,0.2962,0.0021,0.1255,0.0000,1.0000,0.6978,1,0,0,0,0,3.4890
154.2205,166.6313,0.0889,92.7611,0.0014,0.0049,0.0009,0.0010,0.0000,180.0100,0.0000,-0.0890,0.9296,0.2962,0.0021,0.1255,0.0000,1.0000,0.6978,1,0,0,0,0,3.4890
154.2742,166.6313,0.0889,92.7611,0.0014,0.0049,0.0009,0.0010,0.0000,180.0100,0.0000,-0.0890,0.9296,0.2962,0.0021,0.1255,0.0000,1.0000,0.6978,1,0,0,0,0,3.4890
154.3258,166.6313,0.0889,92.7610,0.0013,0.0046,0.0009,0.0009,-0.0016,180.0100,-0.0012,-0.0909,0.9296,0.2962,-0.0008,0.1057,0.3839,1.0000,0.6978,1,0,0,0,0,3.5104
154.3773,166.6313,0.0889,92.7610,0.0006,0.0023,0.0006,0.0001,-0.0127,180.0091,-0.0178,-0.0987,0.9296,0.2962,-0.0132,-0.0827,3.6597,1.0000,0.6978,1,0,0,0,0,3.6933
154.4297,166.6315,0.0889,92.7610,0.0031,0.0112,-0.0002,0.0031,0.0471,180.0073,-0.0338,-0.1105,0.9296,0.2962,-0.0429,-0.8566,14.7688,1.0000,0.6978,1,0,0,0,0,4.3113
154.4843,166.6318,0.0889,92.7610,0.0071,0.0256,0.0002,0.0071,0.0735,180.0055,-0.0335,-0.1242,0.9296,0.2962,-0.0820,-2.2823,26.0844,1.0000,0.6978,1,0,0,0,0,4.9400
154.5387,166.6323,0.0888,92.7611,0.0118,0.0424,0.0004,0.0118,0.0861,180.0032,-0.0416,-0.1378,0.9296,0.2962,-0.1293,-4.2367,35.9889,1.0000,0.6978,1,0,0,0,0,5.4907
154.5914,166.6330,0.0888,92.7611,0.0161,0.0580,0.0003,0.0161,0.0819,180.0014,-0.0353,-0.1535,0.9296,0.2962,-0.1781,-6.4993,42.8558,1.0000,0.6978,1,0,0,0,0,5.8718
154.6449,166.6340,0.0888,92.7611,0.0194,0.0699,0.0002,0.0194,0.0616,180.0005,-0.0160,-0.1633,0.9296,0.2962,-0.2103,-9.0127,47.0233,1.0000,0.6978,1,0,0,0,0,6.1023
154.6979,166.6351,0.0887,92.7611,0.0226,0.0814,0.0009,0.0226,0.0606,179.9991,-0.0265,-0.1730,0.9296,0.2962,-0.2455,-11.3530,44.1874,1.0000,0.6978,1,0,0,0,0,5.9453
154.7500,166.6364,0.0887,92.7611,0.0262,0.0943,0.0009,0.0262,0.0688,179.9981,-0.0187,-0.1848,0.9296,0.2962,-0.2814,-13.5133,41.4696,1.0000,0.6978,1,0,0,0,0,5.7939
154.8020,166.6379,0.0887,92.7611,0.0294,0.1057,0.0014,0.0293,0.0605,179.9968,-0.0258,-0.1945,0.9296,0.2962,-0.3172,-15.5462,39.0350,1.0000,0.6978,1,0,0,0,0,5.6590
154.8548,166.6395,0.0886,92.7611,0.0317,0.1141,0.0009,0.0317,0.0444,179.9959,-0.0173,-0.2043,0.9296,0.2962,-0.3450,-17.5912,38.7456,1.0000,0.6978,1,0,0,0,0,5.6425
154.9081,166.6413,0.0885,92.7611,0.0348,0.1254,0.0016,0.0348,0.0587,179.9946,-0.0229,-0.2161,0.9296,0.2962,-0.3801,-19.6651,38.9225,1.0000,0.6978,1,0,0,0,0,5.6526
154.9624,166.6433,0.0884,92.7611,0.0386,0.1390,0.0025,0.0385,0.0696,179.9937,-0.0180,-0.2239,0.9296,0.2962,-0.4129,-21.7227,37.9103,1.0000,0.6978,1,0,0,0,0,5.5961
155.0153,166.6454,0.0884,92.7612,0.0415,0.1495,0.0025,0.0415,0.0553,179.9923,-0.0265,-0.2356,0.9296,0.2962,-0.4491,-23.7080,37.5170,1.0000,0.6978,1,0,0,0,0,5.5747
155.0690,166.6478,0.0883,92.7612,0.0455,0.1636,0.0024,0.0454,0.0731,179.9909,-0.0250,-0.2473,0.9296,0.2962,-0.4884,-25.7814,38.6359,1.0000,0.6978,1,0,0,0,0,5.6368
155.1219,166.6503,0.0881,92.7612,0.0482,0.1737,0.0029,0.0482,0.0527,179.9898,-0.0208,-0.2610,0.9296,0.2962,-0.5221,-27.9593,41.1429,1.0000,0.6978,1,0,0,0,0,5.7758
155.1738,166.6530,0.0880,92.7612,0.0523,0.1882,0.0035,0.0522,0.0778,179.9881,-0.0329,-0.2728,0.9296,0.2962,-0.5627,-30.2236,43.6193,1.0000,0.6978,1,0,0,0,0,5.9141
155.2267,166.6558,0.0879,92.7613,0.0559,0.2013,0.0031,0.0558,0.0689,179.9866,-0.0288,-0.2845,0.9296,0.2962,-0.6048,-32.5217,43.4285,1.0000,0.6978,1,0,0,0,0,5.9033
155.2785,166.6588,0.0877,92.7613,0.0597,0.2149,0.0035,0.0596,0.0726,179.9855,-0.0200,-0.2942,0.9296,0.2962,-0.6413,-34.7811,43.6404,1.0000,0.6978,1,0,0,0,0,5.9145
155.3309,166.6620,0.0876,92.7613,0.0619,0.2229,0.0032,0.0618,0.0426,179.9847,-0.0163,-0.3040,0.9296,0.2962,-0.6679,-36.9638,41.6438,1.0000,0.6978,1,0,0,0,0,5.8034
155.3832,166.6653,0.0874,92.7614,0.0648,0.2331,0.0038,0.0646,0.0543,179.9834,-0.0239,-0.3099,0.9296,0.2962,-0.6950,-38.9077,37.1423,1.0000,0.6978,1,0,0,0,0,5.5538
155.4349,166.6688,0.0872,92.7614,0.0668,0.2404,0.0041,0.0666,0.0391,179.9825,-0.0177,-0.3158,0.9296,0.2962,-0.7172,-40.5268,31.3277,1.0000,0.6978,1,0,0,0,0,5.2304
155.4879,166.6724,0.0871,92.7614,0.0677,0.2436,0.0033,0.0676,0.0166,179.9824,-0.0023,-0.3177,0.9296,0.2962,-0.7281,-41.9250,26.4003,1.0000,0.6978,1,0,0,0,0,4.9558
155.5398,166.6760,0.0868,92.7615,0.0696,0.2504,0.0032,0.0695,0.0365,179.9838,0.0262,-0.3177,0.9296,0.2962,-0.7329,-42.8822,18.4332,1.0000,0.6978,1,0,0,0,0,4.5145
155.5911,166.6793,0.0865,92.7615,0.0501,0.1803,0.0088,0.0493,-0.3790,179.9378,-0.8954,-0.3177,0.9296,0.2962,-0.7341,-43.4303,10.6772,1.0000,0.6978,1,0,0,0,0,4.1319
155.6436,166.6816,0.0864,92.7620,0.0486,0.1750,0.0097,0.0476,-0.0286,179.8468,-1.7357,-0.3177,0.9296,0.2962,-0.7344,-43.7404,5.9149,1.0000,0.6978,1,0,0,0,0,3.9140
155.6958,166.6840,0.0864,92.7624,0.0509,0.1832,0.0110,0.0497,0.0438,179.7446,-1.9551,-0.3177,0.9296,0.2962,-0.7345,-43.9013,3.0794,1.0000,0.6978,1,0,0,0,0,3.7687
155.7493,166.6865,0.0864,92.7627,0.0509,0.1833,0.0110,0.0497,0.0005,179.6468,-1.8293,-0.3197,0.9296,0.2962,-0.7360,-43.9866,1.5943,1.0000,0.6978,1,0,0,0,0,3.6792
155.8044,166.6890,0.0864,92.7631,0.0498,0.1791,0.0108,0.0486,-0.0209,179.5456,-1.8356,-0.3197,0.9296,0.2962,-0.7396,-44.1334,2.6634,1.0000,0.6978,1,0,0,0,0,3.7389
155.8572,166.6914,0.0864,92.7634,0.0506,0.1821,0.0110,0.0494,0.0154,179.4431,-1.9416,-0.3197,0.9296,0.2962,-0.7405,-44.2677,2.5440,1.0000,0.6978,1,0,0,0,0,3.7382
155.9118,166.6940,0.0864,92.7637,0.0510,0.1837,0.0110,0.0498,0.0084,179.3448,-1.8020,-0.3197,0.9296,0.2962,-0.7408,-44.3546,1.5919,1.0000,0.6978,1,0,0,0,0,3.6775
155.9651,166.6965,0.0864,92.7641,0.0507,0.1824,0.0109,0.0495,-0.0068,179.2654,-1.4883,-0.3197,0.9296,0.2962,-0.7408,-44.4016,0.8815,1.0000,0.6978,1,0,0,0,0,3.6206
156.0178,166.6989,0.0864,92.7644,0.0505,0.1820,0.0109,0.0494,-0.0022,179.1658,-1.8900,-0.3197,0.9296,0.2962,-0.7408,-44.4256,0.4558,1.0000,0.6978,1,0,0,0,0,3.6193
156.0698,166.7014,0.0864,92.7647,0.0500,0.1799,0.0107,0.0488,-0.0110,179.0684,-1.8738,-0.3197,0.9296,0.2962,-0.7408,-44.4376,0.2306,1.0000,0.6978,1,0,0,0,0,3.6059
156.1282,166.7042,0.0864,92.7650,0.0514,0.1850,0.0111,0.0502,0.0241,178.9703,-1.6797,-0.3275,0.9296,0.2962,-0.7539,-44.6081,2.9196,1.0000,0.6978,1,0,0,0,0,3.7445
156.1800,166.7067,0.0864,92.7653,0.0520,0.1872,0.0112,0.0508,0.0121,178.8667,-2.0012,-0.3333,0.9296,0.2962,-0.7726,-45.1391,10.2583,1.0000,0.6978,1,0,0,0,0,4.1701
156.2314,166.7092,0.0864,92.7656,0.0533,0.1920,0.0115,0.0521,0.0260,178.7813,-1.6609,-0.3392,0.9296,0.2962,-0.7901,-45.9662,16.0941,1.0000,0.6978,1,0,0,0,0,4.4754
156.2840,166.7120,0.0864,92.7659,0.0637,0.2294,0.0139,0.0622,0.1973,178.6776,-1.9710,-0.3451,0.9296,0.2962,-0.8081,-46.9080,17.9011,1.0000,0.6978,1,0,0,0,0,4.5930
156.3366,166.7154,0.0864,92.7661,0.0737,0.2652,0.0157,0.0720,0.1891,178.6052,-1.3763,-0.3529,0.9296,0.2962,-0.8332,-48.0431,21.5820,1.0000,0.6978,1,0,0,0,0,4.7644
156.3885,166.7189,0.0864,92.7663,0.0768,0.2765,0.0164,0.0750,0.0603,178.5368,-1.3178,-0.3588,0.9296,0.2962,-0.8567,-49.2558,23.3685,1.0000,0.6978,1,0,0,0,0,4.8604
156.4404,166.7227,0.0864,92.7665,0.0774,0.2788,0.0164,0.0757,0.0122,178.4810,-1.0756,-0.3646,0.9296,0.2962,-0.8738,-50.5443,24.8289,1.0000,0.6978,1,0,0,0,0,4.9281
156.4947,166.7266,0.0864,92.7668,0.0786,0.2828,0.0167,0.0768,0.0207,178.4065,-1.3723,-0.3725,0.9296,0.2962,-0.8932,-51.7310,21.8516,1.0000,0.6978,1,0,0,0,0,4.7792
156.5470,166.7304,0.0864,92.7670,0.0800,0.2881,0.0170,0.0782,0.0279,178.3274,-1.5130,-0.3803,0.9296,0.2962,-0.9164,-52.9638,23.5612,1.0000,0.6978,1,0,0,0,0,4.8820
156.5987,166.7344,0.0864,92.7672,0.0822,0.2960,0.0175,0.0803,0.0427,178.2451,-1.5895,-0.3900,0.9296,0.2962,-0.9484,-54.2353,24.5737,1.0000,0.6978,1,0,0,0,0,4.9425
156.6512,166.7384,0.0864,92.7675,0.0835,0.3006,0.0177,0.0816,0.0242,178.1738,-1.3611,-0.3998,0.9296,0.2962,-0.9759,-55.9034,31.8070,1.0000,0.6978,1,0,0,0,0,5.3316
156.7038,166.7426,0.0864,92.7677,0.0863,0.3107,0.0183,0.0843,0.0534,178.0831,-1.7212,-0.4096,0.9296,0.2962,-0.9938,-57.5038,30.3926,1.0000,0.6978,1,0,0,0,0,5.2731
156.7555,166.7467,0.0864,92.7680,0.0872,0.3138,0.0185,0.0852,0.0163,177.9922,-1.7602,-0.4174,0.9296,0.2962,-0.9984,-58.6117,21.4423,1.0000,0.6978,1,0,0,0,0,4.7780
156.8071,166.7509,0.0864,92.7683,0.0859,0.3093,0.0182,0.0840,-0.0242,177.9180,-1.4374,-0.4272,0.9296,0.2962,-0.9995,-59.2639,12.6324,1.0000,0.6978,1,0,0,0,0,4.2706
156.8592,166.7542,0.0864,92.7686,0.0600,0.2160,0.0128,0.0586,-0.4978,177.7905,-2.4485,-0.4331,0.9296,0.2962,-0.9999,-59.6162,6.7686,1.0000,0.6978,1,0,0,0,0,4.0010
156.9115,166.7572,0.0864,92.7691,0.0604,0.2174,0.0129,0.0590,0.0072,177.6371,-2.9347,-0.4350,0.9296,0.2962,-1.0000,-59.8032,3.5736,1.0000,0.6978,1,0,0,0,0,3.8505
156.9626,166.7601,0.0864,92.7695,0.0609,0.2191,0.0130,0.0595,0.0096,177.5148,-2.3902,-0.4350,0.9296,0.2962,-1.0000,-59.8987,1.8689,1.0000,0.6978,1,0,0,0,0,3.7256
157.0150,166.7631,0.0864,92.7699,0.0592,0.2130,0.0126,0.0578,-0.0327,177.3624,-2.9134,-0.4350,0.9296,0.2962,-1.0000,-59.9488,0.9559,1.0000,0.6978,1,0,0,0,0,3.7039
157.0664,166.7660,0.0864,92.7703,0.0604,0.2176,0.0130,0.0590,0.0250,177.2081,-3.0006,-0.4350,0.9296,0.2962,-1.0000,-59.9737,0.4854,1.0000,0.6978,1,0,0,0,0,3.6826
157.1192,166.7691,0.0864,92.7707,0.0622,0.2239,0.0133,0.0608,0.0333,177.0905,-2.2247,-0.4350,0.9296,0.2962,-1.0000,-59.9867,0.2462,1.0000,0.6978,1,0,0,0,0,3.6262
157.1707,166.7721,0.0864,92.7711,0.0629,0.2265,0.0135,0.0614,0.0137,176.9457,-2.8141,-0.4350,0.9296,0.2962,-1.0000,-59.9933,0.1271,1.0000,0.6978,1,0,0,0,0,3.6524
157.2226,166.7752,0.0864,92.7714,0.0732,0.2634,0.0174,0.0711,0.1978,176.8011,-2.7859,-0.4350,0.9296,0.2962,-1.0000,-59.9966,0.0632,1.0000,0.6978,1,0,0,0,0,3.6473
157.2736,166.7802,0.0865,92.7714,0.1349,0.4857,0.0299,0.1316,1.2097,176.8224,0.4179,-0.4350,0.9296,0.2962,-1.0000,-59.9982,0.0329,1.0000,0.6978,1,0,0,0,0,3.5140
157.3263,166.7842,0.0864,92.7717,0.0626,0.2255,0.0134,0.0612,-1.3728,176.7313,-1.7317,-0.4292,0.9296,0.2962,-1.0000,-59.9991,0.0166,1.0000,0.6978,1,0,0,0,0,3.5861
157.3783,166.7888,0.0865,92.7717,0.1316,0.4737,0.0295,0.1282,1.3260,176.7171,-0.2735,-0.4155,0.9296,0.2962,-1.0000,-59.9995,0.0084,1.0000,0.6978,1,0,0,0,0,3.5046
157.4299,166.7932,0.0864,92.7719,0.0664,0.2392,0.0142,0.0649,-1.2607,176.6565,-1.1719,-0.4018,0.9296,0.2962,-1.0000,-59.9998,0.0044,1.0000,0.6978,1,0,0,0,0,3.5543
157.4816,166.7975,0.0865,92.7720,0.1401,0.5042,0.0357,0.1354,1.4246,176.6043,-1.0112,-0.3861,0.9296,0.2962,-0.9795,-59.8074,3.7242,1.0000,0.6978,1,0,0,0,0,3.7520
157.5341,166.8024,0.0864,92.7720,0.0657,0.2365,0.0141,0.0642,-1.4161,176.5876,-0.3162,-0.3744,0.9296,0.2962,-0.9394,-58.7993,19.1999,1.0000,0.6978,1,0,0,0,0,4.5732
157.5852,166.8054,0.0864,92.7723,0.0607,0.2185,0.0130,0.0593,-0.0981,176.4948,-1.8167,-0.3666,0.9296,0.2962,-0.9123,-57.2379,30.5541,1.0000,0.6978,1,0,0,0,0,5.2873
157.6369,166.8093,0.0865,92.7724,0.0996,0.3587,0.0222,0.0971,0.7536,176.4489,-0.8881,-0.3666,0.9296,0.2962,-0.8974,-55.7434,28.9171,1.0000,0.6978,1,0,0,0,0,5.1448
157.6898,166.8130,0.0864,92.7726,0.0722,0.2598,0.0171,0.0701,-0.5186,176.3763,-1.3708,-0.3646,0.9296,0.2962,-0.8893,-54.7094,19.5227,1.0000,0.6978,1,0,0,0,0,4.6497
157.7409,166.8168,0.0864,92.7728,0.0697,0.2510,0.0150,0.0681,-0.0480,176.3392,-0.7261,-0.3646,0.9296,0.2962,-0.8870,-54.0063,13.7790,1.0000,0.6978,1,0,0,0,0,4.2948
157.7929,166.8205,0.0865,92.7729,0.0902,0.3247,0.0218,0.0875,0.3937,176.2796,-1.1460,-0.3646,0.9296,0.2962,-0.8862,-53.6051,7.7113,1.0000,0.6978,1,0,0,0,0,3.9810
157.8452,166.8243,0.0864,92.7730,0.0639,0.2302,0.0136,0.0625,-0.5019,176.2196,-1.1473,-0.3686,0.9296,0.2962,-0.8910,-53.4127,3.6781,1.0000,0.6978,1,0,0,0,0,3.7570
157.8971,166.8281,0.0864,92.7732,0.0772,0.2780,0.0168,0.0754,0.2558,176.1802,-0.7592,-0.3783,0.9296,0.2962,-0.9105,-53.6381,4.3442,1.0000,0.6978,1,0,0,0,0,3.7725
157.9487,166.8317,0.0865,92.7733,0.0915,0.3294,0.0221,0.0888,0.2769,176.0983,-1.5880,-0.3861,0.9296,0.2962,-0.9374,-54.5279,17.2568,1.0000,0.6978,1,0,0,0,0,4.5359
158.0018,166.8358,0.0864,92.7735,0.0802,0.2888,0.0191,0.0779,-0.2120,176.0300,-1.2858,-0.3959,0.9296,0.2962,-0.9661,-55.7141,22.3337,1.0000,0.6978,1,0,0,0,0,4.8012
158.0549,166.8401,0.0864,92.7737,0.0745,0.2681,0.0160,0.0727,-0.1085,175.9672,-1.1829,-0.4037,0.9296,0.2962,-0.9907,-57.1609,27.2620,1.0000,0.6978,1,0,0,0,0,5.0692
158.1085,166.8440,0.0865,92.7739,0.0959,0.3451,0.0216,0.0934,0.3991,175.8832,-1.5668,-0.4135,0.9296,0.2962,-0.9976,-58.4087,23.2772,1.0000,0.6978,1,0,0,0,0,4.8692
158.1627,166.8483,0.0864,92.7741,0.0745,0.2684,0.0160,0.0728,-0.3933,175.8156,-1.2481,-0.4213,0.9296,0.2962,-0.9992,-59.1675,14.0052,1.0000,0.6978,1,0,0,0,0,4.3364
158.2149,166.8522,0.0864,92.7743,0.0762,0.2742,0.0163,0.0744,0.0312,175.7263,-1.7091,-0.4292,0.9296,0.2962,-0.9998,-59.5715,7.7327,1.0000,0.6978,1,0,0,0,0,4.0135
158.2683,166.8563,0.0864,92.7745,0.0783,0.2818,0.0168,0.0765,0.0395,175.6429,-1.5620,-0.4350,0.9296,0.2962,-0.9999,-59.7821,3.9448,1.0000,0.6978,1,0,0,0,0,3.7949
158.3243,166.8604,0.0864,92.7747,0.0861,0.3099,0.0193,0.0839,0.1389,175.5499,-1.6581,-0.4389,0.9296,0.2962,-1.0000,-59.8911,1.9447,1.0000,0.6978,1,0,0,0,0,3.6891
158.3845,166.8649,0.0864,92.7750,0.0750,0.2699,0.0162,0.0732,-0.1844,175.4566,-1.5515,-0.4428,0.9296,0.2962,-1.0000,-59.9512,0.9996,1.0000,0.6978,1,0,0,0,0,3.6307
158.4443,166.8691,0.0864,92.7752,0.0745,0.2681,0.0162,0.0727,-0.0086,175.3307,-2.1041,-0.4467,0.9296,0.2962,-1.0000,-59.9780,0.4470,1.0000,0.6978,1,0,0,0,0,3.6307
158.5011,166.8732,0.0864,92.7755,0.0750,0.2701,0.0163,0.0732,0.0099,175.2294,-1.7859,-0.4506,0.9296,0.2962,-1.0000,-59.9895,0.2033,1.0000,0.6978,1,0,0,0,0,3.5995
158.5602,166.8775,0.0864,92.7757,0.0757,0.2724,0.0165,0.0738,0.0108,175.1287,-1.7037,-0.4526,0.9296,0.2962,-1.0000,-59.9952,0.0963,1.0000,0.6978,1,0,0,0,0,3.5890
158.6183,166.8817,0.0864,92.7760,0.0762,0.2744,0.0166,0.0744,0.0098,175.0318,-1.6675,-0.4546,0.9296,0.2962,-1.0000,-59.9978,0.0437,1.0000,0.6978,1,0,0,0,0,3.5840
158.6731,166.8857,0.0864,92.7762,0.0766,0.2759,0.0168,0.0748,0.0075,174.9324,-1.8120,-0.4585,0.9296,0.2962,-1.0000,-59.9989,0.0216,1.0000,0.6978,1,0,0,0,0,3.5908
158.7265,166.8895,0.0864,92.7764,0.0776,0.2794,0.0170,0.0757,0.0182,174.8373,-1.7804,-0.4624,0.9296,0.2962,-1.0000,-59.9995,0.0097,1.0000,0.6978,1,0,0,0,0,3.5884
158.7829,166.8937,0.0864,92.7766,0.0791,0.2846,0.0174,0.0771,0.0258,174.7450,-1.6370,-0.4663,0.9296,0.2962,-1.0000,-59.9997,0.0049,1.0000,0.6978,1,0,0,0,0,3.5802
158.8398,166.8979,0.0864,92.7768,0.0793,0.2855,0.0175,0.0774,0.0041,174.6545,-1.5904,-0.4702,0.9296,0.2962,-1.0000,-59.9999,0.0024,1.0000,0.6978,1,0,0,0,0,3.5775
158.8934,166.9019,0.0864,92.7770,0.0801,0.2882,0.0177,0.0781,0.0140,174.5672,-1.6283,-0.4741,0.9296,0.2962,-1.0000,-59.9999,0.0012,1.0000,0.6978,1,0,0,0,0,3.5795
158.9463,166.9059,0.0864,92.7772,0.0808,0.2910,0.0179,0.0788,0.0148,174.4833,-1.5865,-0.4800,0.9296,0.2962,-1.0000,-60.0000,0.0005,1.0000,0.6978,1,0,0,0,0,3.5771
158.9983,166.9099,0.0864,92.7774,0.0810,0.2915,0.0180,0.0790,0.0027,174.3999,-1.6042,-0.4858,0.9296,0.2962,-1.0000,-60.0000,0.0003,1.0000,0.6978,1,0,0,0,0,3.5781
159.0502,166.9139,0.0864,92.7775,0.0821,0.2956,0.0182,0.0801,0.0217,174.3365,-1.2206,-0.4897,0.9296,0.2962,-1.0000,-60.0000,0.0001,1.0000,0.6978,1,0,0,0,0,3.5568
159.1057,166.9182,0.0864,92.7777,0.0831,0.2992,0.0185,0.0810,0.0180,174.2576,-1.4233,-0.4956,0.9296,0.2962,-1.0000,-60.0000,0.0001,1.0000,0.6978,1,0,0,0,0,3.5680
159.1626,166.9227,0.0864,92.7779,0.0833,0.2999,0.0185,0.0812,0.0038,174.1812,-1.3423,-0.4995,0.9296,0.2962,-1.0000,-60.0000,0.0000,1.0000,0.6978,1,0,0,0,0,3.5635
159.2190,166.9272,0.0864,92.7780,0.0859,0.3094,0.0193,0.0837,0.0463,174.0961,-1.5076,-0.5054,0.9296,0.2962,-1.0000,-60.0000,0.0000,1.0000,0.6978,1,0,0,0,0,3.5727
159.2714,166.9315,0.0864,92.7781,0.0859,0.3091,0.0192,0.0837,-0.0012,174.0408,-1.0559,-0.5093,0.9296,0.2962,-1.0000,-60.0000,0.0000,1.0000,0.6978,1,0,0,0,0,3.5476
159.3241,166.9358,0.0864,92.7783,0.0863,0.3106,0.0194,0.0841,0.0077,173.9734,-1.2766,-0.5132,0.9296,0.2962,-1.0000,-60.0000,0.0000,1.0000,0.6978,1,0,0,0,0,3.5599
159.3770,166.9401,0.0864,92.7784,0.0887,0.3193,0.0200,0.0864,0.0456,173.9116,-1.1719,-0.5171,0.9296,0.2962,-1.0000,-60.0000,0.0000,1.0000,0.6978,1,0,0,0,0,3.5541
159.4290,166.9445,0.0864,92.7785,0.0918,0.3305,0.0206,0.0895,0.0600,173.8665,-0.8652,-0.5191,0.9296,0.2962,-1.0000,-60.0000,0.0000,1.0000,0.6978,1,0,0,0,0,3.5370
159.4819,166.9491,0.0864,92.7786,0.0947,0.3410,0.0213,0.0923,0.0553,173.8157,-0.9602,-0.5210,0.9296,0.2962,-1.0000,-60.0000,0.0000,1.0000,0.6978,1,0,0,0,0,3.5423
159.5338,166.9536,0.0864,92.7787,0.0967,0.3480,0.0219,0.0942,0.0371,173.7693,-0.8958,-0.5210,0.9296,0.2962,-1.0000,-60.0000,0.0000,1.0000,0.6978,1,0,0,0,0,3.5387
159.5860,166.9584,0.0865,92.7788,0.1069,0.3849,0.0243,0.1041,0.1962,173.7433,-0.4975,-0.5210,0.9296,0.2962,-1.0000,-60.0000,0.0000,1.0000,0.6978,1,0,0,0,0,3.5166
159.6403,166.9639,0.0865,92.7787,0.1274,0.4585,0.0307,0.1236,0.3770,173.7722,0.5331,-0.5093,0.9296,0.2962,-1.0000,-60.0000,0.0000,1.0000,0.6978,1,0,0,0,0,3.5186
159.6972,166.9710,0.0865,92.7785,0.1542,0.5551,0.0372,0.1496,0.4710,173.8924,2.1104,-0.4937,0.9296,0.2962,-1.0000,-60.0000,0.0000,1.0000,0.6978,1,0,0,0,0,3.6062
159.7558,166.9797,0.0865,92.7780,0.1834,0.6604,0.0443,0.1780,0.4997,174.1131,3.7709,-0.4663,0.9296,0.2962,-1.0000,-60.0000,0.0000,1.0000,0.6978,1,0,0,0,0,3.6985
159.8148,166.9901,0.0865,92.7773,0.2117,0.7622,0.0509,0.2055,0.4790,174.4390,5.5195,-0.4311,0.9296,0.2962,-1.0000,-60.0000,0.0000,1.0000,0.6978,1,0,0,0,0,3.7956
159.8711,167.0015,0.0866,92.7763,0.2438,0.8775,0.0587,0.2366,0.5693,174.8722,7.6988,-0.3959,0.9296,0.2962,-0.9968,-60.0000,0.0000,1.0000,0.6978,1,0,0,0,0,3.9167
159.9277,167.0148,0.0866,92.7750,0.2859,1.0293,0.0684,0.2776,0.7445,175.4397,10.0191,-0.3646,0.9296,0.2962,-0.9399,-59.1578,14.8693,1.0000,0.6978,1,0,0,0,0,4.8717
159.9799,167.0291,0.0866,92.7732,0.3244,1.1677,0.0780,0.3148,0.7357,176.1925,14.4092,-0.3255,0.9296,0.2962,-0.8367,-56.3307,54.1100,1.0000,0.6978,1,0,0,0,0,7.2956
160.0318,167.0446,0.0866,92.7710,0.3487,1.2552,0.0845,0.3383,0.4690,177.1032,17.5687,-0.2864,0.9296,0.2962,-0.7099,-51.7930,87.5441,1.0000,0.6978,1,0,0,0,0,9.3286
160.0835,167.0544,0.0863,92.7698,0.0040,0.0146,-0.0005,0.0040,-6.6681,177.4428,6.5707,-0.2454,0.9296,0.2962,-0.5964,-45.8919,114.1825,1.0000,0.6978,1,0,0,0,0,10.1975
160.1363,167.0547,0.0864,92.7702,0.0098,0.0352,0.0021,0.0095,0.1081,177.2601,-3.4540,-0.2121,0.9296,0.2962,-0.4769,-39.1438,127.6312,1.0000,0.6978,1,0,0,0,0,10.7715
160.1892,167.0560,0.0864,92.7704,0.0432,0.1554,0.0102,0.0419,0.6320,177.2145,-0.8640,-0.1730,0.9296,0.2962,-0.3477,-32.0426,134.3870,1.0000,0.6978,1,0,0,0,0,11.0029
160.2406,167.0579,0.0864,92.7703,0.0252,0.0909,0.0054,0.0247,-0.3486,177.2626,0.9368,-0.1359,0.9296,0.2962,-0.2145,-25.1487,134.1453,1.0000,0.6978,1,0,0,0,0,10.9935
160.2923,167.0584,0.0864,92.7704,0.0073,0.0262,0.0016,0.0071,-0.3477,177.2298,-0.6358,-0.0987,0.9296,0.2962,-0.1137,-17.9199,139.8309,1.0000,0.6978,1,0,0,0,0,11.2927
160.3448,167.0588,0.0864,92.7704,0.0012,0.0044,0.0008,0.0009,-0.1155,177.2432,0.2552,-0.0636,0.9296,0.2962,-0.0047,-10.7885,135.8609,1.0000,0.6978,1,0,0,0,0,11.0510
160.3968,167.0634,0.0865,92.7693,0.0871,0.3134,0.0192,0.0849,1.6509,177.6552,7.9231,-0.0303,0.9296,0.2962,0.0800,-4.7113,116.8654,1.0000,0.6978,1,0,0,0,0,10.4217
160.4492,167.0664,0.0868,92.7679,0.1148,0.4132,0.0148,0.1138,0.5286,177.8266,3.2683,0.0010,0.9296,0.2962,0.1378,0.7787,104.6806,1.0000,0.6978,1,0,0,0,0,9.4861
160.5021,167.0717,0.0864,92.7672,0.0062,0.0222,0.0058,0.0020,-2.0524,178.3049,9.0384,0.0322,0.9296,0.2962,0.2047,5.4769,88.7838,1.0000,0.6978,1,0,0,0,0,8.9235
160.5553,167.0723,0.0861,92.7668,0.0053,0.0191,0.0053,0.0001,-0.0163,178.4419,2.5748,0.0635,0.9296,0.2962,0.2710,9.8572,82.3013,1.0000,0.6978,1,0,0,0,0,8.2043
160.6073,167.0724,0.0861,92.7665,0.0086,0.0308,0.0085,0.0005,0.0627,178.5707,2.4781,0.0948,0.9296,0.2962,0.3406,13.7234,74.3704,1.0000,0.6978,1,0,0,0,0,7.7583
160.6599,167.0724,0.0861,92.7660,0.0096,0.0347,0.0096,0.0007,0.0203,178.6918,2.3008,0.1261,0.9296,0.2962,0.3949,17.7484,76.5025,1.0000,0.6978,1,0,0,0,0,7.8669
160.7124,167.0725,0.0862,92.7655,0.0111,0.0400,0.0111,0.0010,0.0283,178.8656,3.3151,0.1554,0.9296,0.2962,0.4596,21.6429,74.2583,1.0000,0.6978,1,0,0,0,0,7.7986
160.7643,167.0726,0.0862,92.7649,0.0126,0.0453,0.0125,0.0013,0.0284,179.0619,3.7829,0.1750,0.9296,0.2962,0.5131,25.2301,69.1445,1.0000,0.6978,1,0,0,0,0,7.5405
160.8157,167.0726,0.0862,92.7643,0.0132,0.0474,0.0131,0.0014,0.0114,179.2326,3.3190,0.1945,0.9296,0.2962,0.5527,28.5064,63.7138,1.0000,0.6978,1,0,0,0,0,7.2130
160.8693,167.0726,0.0862,92.7636,0.0149,0.0536,0.0148,0.0017,0.0318,179.4594,4.2323,0.2121,0.9296,0.2962,0.5914,31.4247,54.4419,1.0000,0.6978,1,0,0,0,0,6.7486
160.9218,167.0726,0.0862,92.7628,0.0147,0.0530,0.0146,0.0017,-0.0031,179.7003,4.5839,0.2277,0.9296,0.2962,0.6266,33.9388,47.8422,1.0000,0.6978,1,0,0,0,0,6.4015
160.9737,167.0727,0.0863,92.7618,0.0105,0.0379,0.0102,0.0025,-0.0810,179.9776,5.3488,0.2434,0.9296,0.2962,0.6619,36.0911,41.5227,1.0000,0.6978,1,0,0,0,0,6.0929
161.0278,167.0722,0.0862,92.7619,0.0057,0.0203,-0.0008,0.0056,-0.0901,180.1871,3.8723,0.2590,0.9296,0.2962,0.6947,38.2843,40.5344,1.0000,0.6978,1,0,0,0,0,5.9560
161.0805,167.0718,0.0863,92.7629,0.0041,0.0146,-0.0006,0.0040,-0.0301,180.3843,3.7434,0.2668,0.9296,0.2962,0.7156,40.2681,37.6497,1.0000,0.6978,1,0,0,0,0,5.7886
161.1404,167.0713,0.0863,92.7638,0.0040,0.0142,-0.0005,0.0039,-0.0018,180.6903,5.1028,0.2727,0.9296,0.2962,0.7337,41.9558,28.1520,1.0000,0.6978,1,0,0,0,0,5.3365
161.1934,167.0708,0.0863,92.7646,0.0040,0.0143,-0.0005,0.0039,0.0000,180.8975,3.9099,0.2747,0.9296,0.2962,0.7397,43.1145,21.8650,1.0000,0.6978,1,0,0,0,0,4.9209
161.2462,167.0704,0.0863,92.7654,0.0040,0.0144,-0.0006,0.0040,0.0010,181.1585,4.9465,0.2747,0.9296,0.2962,0.7431,43.8014,13.0179,1.0000,0.6978,1,0,0,0,0,4.4870
161.2986,167.0700,0.0863,92.7662,0.0038,0.0137,-0.0005,0.0038,-0.0042,181.4207,5.0067,0.2747,0.9296,0.2962,0.7439,44.2056,7.7188,1.0000,0.6978,1,0,0,0,0,4.1959
161.3509,167.0696,0.0863,92.7670,0.0036,0.0130,-0.0005,0.0036,-0.0035,181.6837,5.0257,0.2747,0.9296,0.2962,0.7442,44.4236,4.1650,1.0000,0.6978,1,0,0,0,0,3.9996
161.4037,167.0686,0.0864,92.7676,0.0369,0.1330,0.0080,0.0361,0.6305,181.8429,3.0118,0.2747,0.9296,0.2962,0.7442,44.5359,2.1241,1.0000,0.6978,1,0,0,0,0,3.7743
161.4569,167.0662,0.0864,92.7679,0.0524,0.1888,0.0113,0.0512,0.2915,181.9427,1.8780,0.2747,0.9296,0.2962,0.7442,44.5951,1.1131,1.0000,0.6978,1,0,0,0,0,3.6551
161.5104,167.0636,0.0864,92.7681,0.0498,0.1792,0.0106,0.0486,-0.0498,182.0365,1.7529,0.2747,0.9296,0.2962,0.7442,44.6248,0.5548,1.0000,0.6978,1,0,0,0,0,3.6172
161.5648,167.0611,0.0864,92.7684,0.0498,0.1794,0.0106,0.0487,0.0012,182.1328,1.7709,0.2747,0.9296,0.2962,0.7442,44.6396,0.2729,1.0000,0.6978,1,0,0,0,0,3.6025
161.6196,167.0585,0.0864,92.7687,0.0498,0.1792,0.0106,0.0486,-0.0010,182.2281,1.7404,0.2747,0.9296,0.2962,0.7442,44.6472,0.1392,1.0000,0.6978,1,0,0,0,0,3.5934
161.6733,167.0560,0.0864,92.7690,0.0488,0.1757,0.0104,0.0477,-0.0179,182.3262,1.8238,0.2747,0.9296,0.2962,0.7442,44.6509,0.0681,1.0000,0.6978,1,0,0,0,0,3.5941
161.7280,167.0535,0.0864,92.7693,0.0494,0.1778,0.0105,0.0482,0.0104,182.4227,1.7660,0.2747,0.9296,0.2962,0.7442,44.6527,0.0330,1.0000,0.6978,1,0,0,0,0,3.5889
161.7818,167.0509,0.0864,92.7696,0.0495,0.1780,0.0105,0.0483,0.0014,182.4989,1.4180,0.2747,0.9296,0.2962,0.7442,44.6536,0.0163,1.0000,0.6978,1,0,0,0,0,3.5687
161.8338,167.0485,0.0864,92.7698,0.0484,0.1742,0.0103,0.0473,-0.0206,182.5968,1.8784,0.2766,0.9296,0.2962,0.7452,44.6540,0.0081,1.0000,0.6978,1,0,0,0,0,3.5938
161.8882,167.0460,0.0864,92.7701,0.0492,0.1770,0.0104,0.0480,0.0143,182.6957,1.8195,0.2805,0.9296,0.2962,0.7521,44.7839,2.3898,1.0000,0.6978,1,0,0,0,0,3.7228
161.9416,167.0435,0.0864,92.7704,0.0533,0.1920,0.0120,0.0519,0.0779,182.7955,1.8686,0.2883,0.9296,0.2962,0.7639,45.0876,5.6844,1.0000,0.6978,1,0,0,0,0,3.9086
161.9945,167.0403,0.0864,92.7705,0.0708,0.2548,0.0160,0.0689,0.3300,182.8457,0.9484,0.2962,0.9296,0.2962,0.7796,45.6270,10.1974,1.0000,0.6978,1,0,0,0,0,4.1082
162.0481,167.0368,0.0864,92.7706,0.0716,0.2577,0.0161,0.0697,0.0149,182.8752,0.5495,0.3040,0.9296,0.2962,0.7927,46.3639,13.7435,1.0000,0.6978,1,0,0,0,0,4.2830
162.1087,167.0327,0.0864,92.7707,0.0744,0.2677,0.0168,0.0724,0.0462,182.9221,0.7748,0.3157,0.9296,0.2962,0.8151,47.3948,17.0217,1.0000,0.6978,1,0,0,0,0,4.4777
162.1606,167.0290,0.0864,92.7708,0.0759,0.2732,0.0172,0.0739,0.0289,182.9622,0.7717,0.3255,0.9296,0.2962,0.8359,48.3577,18.5375,1.0000,0.6978,1,0,0,0,0,4.5617
162.2149,167.0251,0.0864,92.7709,0.0774,0.2786,0.0175,0.0754,0.0277,182.9958,0.6194,0.3353,0.9296,0.2962,0.8531,49.4804,20.6793,1.0000,0.6978,1,0,0,0,0,4.6722
162.2679,167.0213,0.0864,92.7710,0.0786,0.2830,0.0178,0.0765,0.0230,183.0388,0.8122,0.3451,0.9296,0.2962,0.8729,50.6091,21.3049,1.0000,0.6978,1,0,0,0,0,4.7177
162.3218,167.0173,0.0864,92.7712,0.0802,0.2887,0.0182,0.0781,0.0295,183.0832,0.8231,0.3509,0.9296,0.2962,0.8910,51.7637,21.4121,1.0000,0.6978,1,0,0,0,0,4.7243
162.3753,167.0133,0.0864,92.7713,0.0835,0.3005,0.0190,0.0813,0.0614,183.1282,0.8415,0.3607,0.9296,0.2962,0.9090,52.8199,19.7654,1.0000,0.6978,1,0,0,0,0,4.6338
162.4276,167.0092,0.0864,92.7714,0.0847,0.3050,0.0194,0.0825,0.0237,183.1724,0.8452,0.3666,0.9296,0.2962,0.9243,53.8576,19.8209,1.0000,0.6978,1,0,0,0,0,4.6371
162.4815,167.0049,0.0864,92.7715,0.0856,0.3083,0.0196,0.0834,0.0173,183.2077,0.6546,0.3744,0.9296,0.2962,0.9372,54.8322,18.0996,1.0000,0.6978,1,0,0,0,0,4.5309
162.5362,167.0005,0.0864,92.7716,0.0869,0.3127,0.0199,0.0846,0.0226,183.2508,0.7876,0.3744,0.9296,0.2962,0.9450,55.7016,15.8806,1.0000,0.6978,1,0,0,0,0,4.4150
162.5902,166.9960,0.0864,92.7717,0.0884,0.3182,0.0203,0.0860,0.0279,183.2923,0.7687,0.3783,0.9296,0.2962,0.9509,56.2988,11.0638,1.0000,0.6978,1,0,0,0,0,4.1463
162.6431,166.9916,0.0865,92.7718,0.0894,0.3218,0.0206,0.0870,0.0193,183.3316,0.7438,0.3783,0.9296,0.2962,0.9545,56.7365,8.2760,1.0000,0.6978,1,0,0,0,0,3.9901
162.6967,166.9870,0.0865,92.7719,0.0933,0.3360,0.0217,0.0908,0.0733,183.3655,0.6311,0.3822,0.9296,0.2962,0.9593,57.0626,6.0798,1.0000,0.6978,1,0,0,0,0,3.8618
162.7498,166.9824,0.0865,92.7720,0.0969,0.3488,0.0224,0.0943,0.0674,183.3958,0.5718,0.3822,0.9296,0.2962,0.9625,57.3547,5.5088,1.0000,0.6978,1,0,0,0,0,3.8268
162.8033,166.9774,0.0865,92.7720,0.1070,0.3852,0.0252,0.1040,0.1885,183.4075,0.2185,0.3822,0.9296,0.2962,0.9633,57.5662,3.9490,1.0000,0.6978,1,0,0,0,0,3.7205
162.8561,166.9719,0.0865,92.7719,0.1312,0.4723,0.0317,0.1273,0.4586,183.3646,-0.8130,0.3822,0.9296,0.2962,0.9636,57.6879,2.3053,1.0000,0.6978,1,0,0,0,0,3.6622
162.9100,166.9649,0.0865,92.7715,0.1620,0.5833,0.0392,0.1572,0.5719,183.2162,-2.7531,0.3822,0.9296,0.2962,0.9636,57.7527,1.2029,1.0000,0.6978,1,0,0,0,0,3.7087
162.9640,166.9565,0.0865,92.7709,0.1895,0.6823,0.0459,0.1839,0.5093,182.9648,-4.6546,0.3822,0.9296,0.2962,0.9637,57.7857,0.6108,1.0000,0.6978,1,0,0,0,0,3.7815
163.0171,166.9473,0.0865,92.7700,0.1573,0.5662,0.0322,0.1539,-0.6080,182.6489,-5.9523,0.3822,0.9296,0.2962,0.9637,57.8025,0.3161,1.0000,0.6978,1,0,0,0,0,3.8372
163.0751,166.9429,0.0864,92.7703,0.0528,0.1900,0.0111,0.0516,-1.7994,182.7678,2.0465,0.3822,0.9296,0.2962,0.9637,57.8117,0.1573,1.0000,0.6978,1,0,0,0,0,3.6114
163.1320,166.9388,0.0865,92.7705,0.0999,0.3598,0.0236,0.0971,0.8300,182.8445,1.3500,0.3783,0.9296,0.2962,0.9601,57.7855,0.4602,1.0000,0.6978,1,0,0,0,0,3.5895
163.1893,166.9325,0.0865,92.7703,0.1532,0.5515,0.0377,0.1485,0.9282,182.7764,-1.1872,0.3724,0.9296,0.2962,0.9502,57.5381,4.3122,1.0000,0.6978,1,0,0,0,0,3.7945
163.2448,166.9268,0.0864,92.7702,0.0587,0.2114,0.0121,0.0575,-1.7037,182.7450,-0.5663,0.3724,0.9199,0.2962,0.9454,57.1742,6.5618,1.0000,0.6978,1,0,0,0,0,3.8850
163.2989,166.9232,0.0865,92.7705,0.0941,0.3389,0.0220,0.0915,0.6542,182.8384,1.7263,0.3685,0.9101,0.2962,0.9403,56.8881,5.2861,1.0000,0.6978,1,0,0,0,0,3.8786
163.3546,166.9173,0.0865,92.7703,0.1557,0.5604,0.0386,0.1508,1.1044,182.7735,-1.1652,0.3646,0.9101,0.2962,0.9343,56.5750,5.6187,1.0000,0.6978,1,0,0,0,0,3.8659
163.4095,166.9114,0.0864,92.7702,0.0573,0.2061,0.0117,0.0560,-1.7944,182.7253,-0.8792,0.3607,0.9101,0.2962,0.9255,56.1737,7.3188,1.0000,0.6978,1,0,0,0,0,3.9444
163.4657,166.9081,0.0865,92.7705,0.0879,0.3165,0.0207,0.0855,0.5454,182.8375,1.9957,0.3587,0.9120,0.2962,0.9195,55.7574,7.4010,1.0000,0.6978,1,0,0,0,0,4.0110
163.5194,166.9026,0.0865,92.7703,0.1539,0.5541,0.0385,0.1490,1.2303,182.7795,-1.0813,0.3568,0.9394,0.2962,0.9151,55.3991,6.6790,1.0000,0.6978,1,0,0,0,0,3.9201
163.5739,166.8966,0.0864,92.7701,0.0577,0.2079,0.0119,0.0565,-1.7646,182.7215,-1.0650,0.3548,0.9844,0.2962,0.9104,55.0942,5.5934,1.0000,0.6978,1,0,0,0,0,3.8589
163.6262,166.8936,0.0864,92.7704,0.0885,0.3186,0.0209,0.0860,0.5879,182.8287,2.0490,0.3548,1.0000,0.2962,0.9085,54.8319,5.0147,1.0000,0.6978,1,0,0,0,0,3.8814
163.6792,166.8884,0.0865,92.7703,0.1439,0.5180,0.0360,0.1393,1.0443,182.7893,-0.7434,0.3529,1.0000,0.2981,0.9071,54.6628,3.1871,1.0000,0.6975,1,0,0,0,0,3.7057
163.7325,166.8830,0.0864,92.7702,0.0570,0.2053,0.0117,0.0558,-1.6320,182.7401,-0.9240,0.3529,1.0000,0.2981,0.9046,54.4980,3.0953,1.0000,0.6965,1,0,0,0,0,3.7056
163.7854,166.8795,0.0865,92.7704,0.1013,0.3648,0.0245,0.0983,0.8375,182.8195,1.5014,0.3529,1.0000,0.2981,0.9040,54.3780,2.2680,1.0000,0.6961,1,0,0,0,0,3.6898
163.8383,166.8734,0.0865,92.7701,0.0910,0.3278,0.0191,0.0890,-0.1946,182.7197,-1.8874,0.3529,1.0000,0.2981,0.9039,54.3073,1.3382,1.0000,0.6959,1,0,0,0,0,3.6587
163.8911,166.8699,0.0864,92.7704,0.0693,0.2495,0.0163,0.0673,-0.4117,182.8043,1.6021,0.3529,1.0000,0.2981,0.9038,54.2689,0.7260,1.0000,0.6959,1,0,0,0,0,3.6086
163.9454,166.8658,0.0865,92.7705,0.0928,0.3340,0.0222,0.0901,0.4317,182.8615,1.0514,0.3548,1.0000,0.2981,0.9048,54.2486,0.3738,1.0000,0.6958,1,0,0,0,0,3.5583
163.9996,166.8609,0.0865,92.7705,0.1112,0.4002,0.0275,0.1077,0.3392,182.8734,0.2193,0.3626,1.0000,0.2981,0.9148,54.3986,2.7673,1.0000,0.6958,1,0,0,0,0,3.6450
164.0528,166.8549,0.0866,92.7703,0.1679,0.6045,0.0431,0.1623,1.0675,182.7845,-1.6712,0.3646,1.0000,0.2981,0.9224,54.7556,6.7129,1.0000,0.6958,1,0,0,0,0,3.9448
164.1065,166.8483,0.0864,92.7701,0.0602,0.2168,0.0123,0.0589,-2.0041,182.6876,-1.8035,0.3646,1.0000,0.2981,0.9264,55.1096,6.5886,1.0000,0.6958,1,0,0,0,0,3.9452
164.1654,166.8452,0.0864,92.7705,0.0645,0.2323,0.0155,0.0626,0.0732,182.8374,2.5452,0.3646,1.0000,0.2981,0.9274,55.3809,4.6090,1.0000,0.6958,1,0,0,0,0,3.8765
164.2206,166.8409,0.0865,92.7706,0.1005,0.3618,0.0245,0.0975,0.6521,182.8952,1.0492,0.3646,1.0000,0.2981,0.9276,55.5221,2.5600,1.0000,0.6958,1,0,0,0,0,3.6795
164.2756,166.8354,0.0865,92.7705,0.1317,0.4740,0.0336,0.1273,0.5661,182.8723,-0.4164,0.3646,1.0000,0.2981,0.9277,55.5930,1.2874,1.0000,0.6958,1,0,0,0,0,3.5737
164.3294,166.8274,0.0865,92.7700,0.1210,0.4356,0.0250,0.1184,-0.1976,182.6444,-4.2329,0.3646,1.0000,0.2981,0.9277,55.6282,0.6539,1.0000,0.6958,1,0,0,0,0,3.7505
164.3862,166.8239,0.0864,92.7703,0.0465,0.1672,0.0097,0.0454,-1.3138,182.7771,2.3385,0.3646,1.0000,0.2981,0.9277,55.6465,0.3231,1.0000,0.6958,1,0,0,0,0,3.6269
164.4395,166.8210,0.0865,92.7706,0.0908,0.3269,0.0218,0.0882,0.8317,182.9126,2.5409,0.3646,1.0000,0.2981,0.9277,55.6550,0.1585,1.0000,0.6958,1,0,0,0,0,3.6290
164.4924,166.8147,0.0866,92.7703,0.2489,0.8962,0.0620,0.2411,2.9892,182.7317,-3.4185,0.3646,1.0000,0.2981,0.9277,55.6592,0.0795,1.0000,0.6958,1,0,0,0,0,3.6733
164.5468,166.7999,0.0867,92.7684,0.3447,1.2410,0.0810,0.3351,1.7600,182.0088,-13.2829,0.3646,1.0000,0.2981,0.9277,55.6613,0.0388,1.0000,0.6958,1,0,0,0,0,4.2191
164.6006,166.7843,0.0865,92.7663,0.2395,0.8621,0.0462,0.2350,-1.9569,181.4256,-10.8414,0.3646,1.0000,0.2981,0.9277,55.6623,0.0195,1.0000,0.6958,1,0,0,0,0,4.0824
164.6540,166.7806,0.0864,92.7666,0.0493,0.1776,0.0103,0.0483,-3.5642,181.5244,1.8513,0.3646,1.0000,0.2981,0.9277,55.6628,0.0095,1.0000,0.6958,1,0,0,0,0,3.5824
164.7071,166.7777,0.0864,92.7670,0.0717,0.2582,0.0154,0.0701,0.4210,181.6631,2.6104,0.3646,1.0000,0.2981,0.9277,55.6631,0.0047,1.0000,0.6958,1,0,0,0,0,3.6243
164.7599,166.7738,0.0864,92.7672,0.0800,0.2881,0.0169,0.0782,0.1573,181.7526,1.6952,0.3646,1.0000,0.2981,0.9277,55.6632,0.0023,1.0000,0.6958,1,0,0,0,0,3.5733
164.8127,166.7699,0.0864,92.7675,0.0823,0.2965,0.0175,0.0805,0.0440,181.8328,1.5186,0.3646,1.0000,0.2981,0.9277,55.6633,0.0012,1.0000,0.6958,1,0,0,0,0,3.5634
164.8664,166.7657,0.0864,92.7677,0.0813,0.2928,0.0171,0.0795,-0.0192,181.8954,1.1648,0.3646,1.0000,0.2981,0.9277,55.6633,0.0006,1.0000,0.6958,1,0,0,0,0,3.5437
164.9205,166.7616,0.0864,92.7679,0.0810,0.2915,0.0171,0.0792,-0.0063,181.9770,1.5104,0.3646,1.0000,0.2981,0.9277,55.6633,0.0003,1.0000,0.6958,1,0,0,0,0,3.5629
164.9747,166.7574,0.0864,92.7682,0.0817,0.2941,0.0173,0.0798,0.0133,182.0580,1.4917,0.3646,1.0000,0.2981,0.9277,55.6633,0.0001,1.0000,0.6958,1,0,0,0,0,3.5619
165.0280,166.7534,0.0864,92.7684,0.0823,0.2963,0.0174,0.0804,0.0114,182.1387,1.5155,0.3646,1.0000,0.2981,0.9277,55.6633,0.0000,1.0000,0.6958,1,0,0,0,0,3.5632
165.0813,166.7493,0.0864,92.7687,0.0818,0.2943,0.0173,0.0799,-0.0101,182.2187,1.5016,0.3646,1.0000,0.2981,0.9277,55.6633,0.0000,1.0000,0.6958,1,0,0,0,0,3.5624
165.1389,166.7448,0.0864,92.7689,0.0820,0.2950,0.0174,0.0801,0.0034,182.2998,1.4074,0.3646,1.0000,0.2981,0.9277,55.6633,0.0000,1.0000,0.6958,1,0,0,0,0,3.5572
165.1987,166.7402,0.0864,92.7692,0.0803,0.2892,0.0170,0.0785,-0.0272,182.3804,1.3467,0.3646,0.9805,0.2981,0.9277,55.6633,0.0000,1.0000,0.6958,1,0,0,0,0,3.5538
165.2552,166.7360,0.0864,92.7694,0.0807,0.2904,0.0170,0.0789,0.0061,182.4628,1.4604,0.3646,0.9375,0.2981,0.9277,55.6633,0.0000,1.0000,0.6958,1,0,0,0,0,3.5601
165.3114,166.7317,0.0864,92.7696,0.0806,0.2901,0.0170,0.0788,-0.0019,182.5468,1.4932,0.3646,0.9042,0.2981,0.9277,55.6633,0.0000,1.0000,0.6958,1,0,0,0,0,3.5620
165.3689,166.7273,0.0864,92.7699,0.0811,0.2920,0.0172,0.0793,0.0096,182.6429,1.6729,0.3646,0.8964,0.2981,0.9277,55.6633,0.0000,1.0000,0.6958,1,0,0,0,0,3.5719
165.4247,166.7230,0.0864,92.7701,0.0804,0.2895,0.0171,0.0786,-0.0128,182.7251,1.4728,0.3646,0.8964,0.2981,0.9277,55.6633,0.0000,1.0000,0.6958,1,0,0,0,0,3.5608
165.4813,166.7187,0.0865,92.7703,0.1044,0.3757,0.0256,0.1012,0.4235,182.7886,1.1214,0.3646,0.9120,0.2981,0.9277,55.6633,0.0000,1.0000,0.6958,1,0,0,0,0,3.5413
165.5358,166.7112,0.0866,92.7698,0.1941,0.6987,0.0447,0.1889,1.6464,182.5892,-3.6595,0.3646,0.9629,0.2981,0.9277,55.6633,0.0000,1.0000,0.6958,1,0,0,0,0,3.6823
165.5940,166.7015,0.0865,92.7691,0.1731,0.6230,0.0394,0.1685,-0.3612,182.3468,-4.1657,0.3646,0.9961,0.2981,0.9277,55.6633,0.0000,1.0000,0.6958,1,0,0,0,0,3.7104
165.6523,166.6933,0.0865,92.7686,0.1427,0.5136,0.0321,0.1390,-0.5211,182.1972,-2.5651,0.3646,1.0000,0.2981,0.9277,55.6633,0.0000,1.0000,0.6958,1,0,0,0,0,3.6215
165.7079,166.6870,0.0865,92.7685,0.1121,0.4035,0.0249,0.1093,-0.5500,182.1508,-0.8336,0.3646,1.0000,0.2981,0.9277,55.6633,0.0000,1.0000,0.6958,1,0,0,0,0,3.5253
165.7642,166.6819,0.0865,92.7686,0.0887,0.3194,0.0187,0.0867,-0.4150,182.1853,0.6138,0.3646,1.0000,0.2981,0.9277,55.6633,0.0000,1.0000,0.6958,1,0,0,0,0,3.5131
165.8202,166.6775,0.0864,92.7688,0.0814,0.2931,0.0172,0.0796,-0.1303,182.2609,1.3498,0.3646,1.0000,0.2981,0.9277,55.6633,0.0000,1.0000,0.6958,1,0,0,0,0,3.5540
165.8772,166.6731,0.0864,92.7690,0.0825,0.2972,0.0174,0.0807,0.0197,182.3391,1.3730,0.3646,1.0000,0.2981,0.9277,55.6633,0.0000,1.0000,0.6958,1,0,0,0,0,3.5553
165.9324,166.6689,0.0864,92.7693,0.0802,0.2889,0.0170,0.0784,-0.0416,182.4209,1.4815,0.3646,1.0000,0.2981,0.9277,55.6633,0.0000,1.0000,0.6958,1,0,0,0,0,3.5613
165.9892,166.6645,0.0864,92.7695,0.0814,0.2930,0.0172,0.0796,0.0201,182.5011,1.4106,0.3646,1.0000,0.2981,0.9277,55.6633,0.0000,1.0000,0.6958,1,0,0,0,0,3.5574
166.0421,166.6605,0.0864,92.7697,0.0810,0.2914,0.0171,0.0791,-0.0082,182.5830,1.5483,0.3646,1.0000,0.2981,0.9277,55.6633,0.0000,1.0000,0.6958,1,0,0,0,0,3.5650
166.0954,166.6564,0.0864,92.7700,0.0804,0.2893,0.0170,0.0785,-0.0113,182.6651,1.5426,0.3646,1.0000,0.2981,0.9277,55.6633,0.0000,1.0000,0.6958,1,0,0,0,0,3.5647
166.1488,166.6524,0.0864,92.7702,0.0796,0.2865,0.0169,0.0778,-0.0143,182.7489,1.5699,0.3646,1.0000,0.2981,0.9277,55.6633,0.0000,1.0000,0.6958,1,0,0,0,0,3.5662
166.2061,166.6472,0.0865,92.7702,0.1563,0.5625,0.0402,0.1510,1.3362,182.7423,-0.1165,0.3646,1.0000,0.2981,0.9277,55.6633,0.0000,1.0000,0.6958,1,0,0,0,0,3.4855
166.2596,166.6386,0.0865,92.7695,0.1828,0.6581,0.0418,0.1780,0.4964,182.5001,-4.5297,0.3626,1.0000,0.2981,0.9268,55.6633,0.0000,1.0000,0.6958,1,0,0,0,0,3.7307
166.3124,166.6306,0.0865,92.7690,0.1554,0.5593,0.0352,0.1513,-0.5192,182.3097,-3.6049,0.3587,1.0000,0.2981,0.9189,55.5390,2.3541,1.0000,0.6958,1,0,0,0,0,3.8101
166.3670,166.6236,0.0865,92.7687,0.1235,0.4445,0.0278,0.1203,-0.5844,182.2150,-1.7349,0.3548,1.0000,0.2981,0.9119,55.2573,5.1621,1.0000,0.6958,1,0,0,0,0,3.8622
166.4227,166.6179,0.0865,92.7687,0.0974,0.3506,0.0212,0.0951,-0.4681,182.2126,-0.0427,0.3490,1.0000,0.2981,0.9020,54.8779,6.8091,1.0000,0.6958,1,0,0,0,0,3.8597
166.4757,166.6136,0.0864,92.7688,0.0824,0.2966,0.0174,0.0805,-0.2829,182.2563,0.8245,0.3411,1.0000,0.2981,0.8900,54.3427,10.0931,1.0000,0.6958,1,0,0,0,0,4.0855
166.5300,166.6095,0.0864,92.7690,0.0780,0.2806,0.0165,0.0762,-0.0818,182.3246,1.2569,0.3353,1.0000,0.2981,0.8776,53.6925,11.9760,1.0000,0.6958,1,0,0,0,0,4.2142
166.5836,166.6057,0.0864,92.7692,0.0760,0.2734,0.0161,0.0742,-0.0373,182.3957,1.3273,0.3255,1.0000,0.2981,0.8605,52.9410,14.0144,1.0000,0.6958,1,0,0,0,0,4.3313
166.6362,166.6019,0.0864,92.7694,0.0755,0.2718,0.0160,0.0738,-0.0087,182.4597,1.2191,0.3157,1.0000,0.2981,0.8397,52.0308,17.3366,1.0000,0.6958,1,0,0,0,0,4.5099
166.6891,166.5982,0.0864,92.7696,0.0730,0.2627,0.0155,0.0713,-0.0474,182.5238,1.2088,0.3079,1.0000,0.2981,0.8211,51.0006,19.4387,1.0000,0.6958,1,0,0,0,0,4.6261
166.7421,166.5945,0.0864,92.7697,0.0737,0.2654,0.0156,0.0720,0.0138,182.5747,0.9608,0.3079,1.0000,0.2981,0.8151,50.0431,18.0892,1.0000,0.6958,1,0,0,0,0,4.5373
166.7952,166.5909,0.0864,92.7699,0.0728,0.2620,0.0154,0.0711,-0.0176,182.6369,1.1727,0.3079,1.0000,0.2981,0.8128,49.4287,11.5710,1.0000,0.6958,1,0,0,0,0,4.1870
166.8483,166.5873,0.0864,92.7701,0.0723,0.2604,0.0154,0.0707,-0.0086,182.7013,1.2131,0.3079,1.0000,0.2981,0.8123,49.0892,6.3971,1.0000,0.6958,1,0,0,0,0,3.9018
166.9014,166.5837,0.0864,92.7703,0.0736,0.2651,0.0156,0.0719,0.0245,182.7643,1.1865,0.3196,1.0000,0.2981,0.8255,48.9937,1.7991,1.0000,0.6958,1,0,0,0,0,3.6449
166.9563,166.5794,0.0865,92.7703,0.1320,0.4753,0.0338,0.1276,1.0619,182.7609,-0.0622,0.3333,1.0000,0.2981,0.8494,49.4821,8.8818,1.0000,0.6958,1,0,0,0,0,3.9759
167.0102,166.5726,0.0865,92.7699,0.1402,0.5046,0.0316,0.1366,0.1511,182.6501,-2.0578,0.3548,1.0000,0.2981,0.8793,50.6029,20.8074,1.0000,0.6958,1,0,0,0,0,4.7493
167.0645,166.5666,0.0865,92.7698,0.1103,0.3970,0.0245,0.1075,-0.5507,182.5970,-0.9772,0.3705,1.0000,0.2981,0.9162,52.2688,30.6941,1.0000,0.6958,1,0,0,0,0,5.2385
167.1196,166.5618,0.0864,92.7699,0.0852,0.3068,0.0180,0.0833,-0.4543,182.6438,0.8475,0.3861,1.0000,0.2981,0.9494,54.1241,33.6439,1.0000,0.6958,1,0,0,0,0,5.3952
167.1753,166.5574,0.0864,92.7702,0.0843,0.3035,0.0179,0.0824,-0.0167,182.7306,1.5596,0.4037,1.0000,0.2981,0.9820,56.1565,36.5216,1.0000,0.6958,1,0,0,0,0,5.5946
167.2289,166.5526,0.0865,92.7703,0.1351,0.4864,0.0344,0.1307,0.9480,182.7757,0.8420,0.4193,1.0000,0.2981,0.9954,57.8036,30.7266,1.0000,0.6958,1,0,0,0,0,5.2328
167.2817,166.5434,0.0866,92.7695,0.2236,0.8048,0.0516,0.2175,1.6753,182.4877,-5.4543,0.4291,1.0000,0.2981,0.9988,58.8123,19.1064,1.0000,0.6958,1,0,0,0,0,4.8435
167.3342,166.5330,0.0866,92.7685,0.2197,0.7908,0.0507,0.2137,-0.0738,182.1427,-6.5649,0.4369,1.0000,0.2981,0.9997,59.3808,10.8158,1.0000,0.6958,1,0,0,0,0,4.4446
167.3875,166.5228,0.0866,92.7676,0.2124,0.7647,0.0485,0.2068,-0.1361,181.8879,-4.7848,0.4408,1.0000,0.2981,0.9999,59.6876,5.7622,1.0000,0.6958,1,0,0,0,0,4.0649
167.4417,166.5167,0.0864,92.7676,0.0600,0.2162,0.0123,0.0588,-2.8124,181.8384,-0.9147,0.4448,1.0000,0.2981,1.0000,59.8427,2.8631,1.0000,0.6958,1,0,0,0,0,3.6889
167.4944,166.5133,0.0864,92.7679,0.0804,0.2895,0.0171,0.0786,0.3864,181.9807,2.6968,0.4467,1.0000,0.2981,1.0000,59.9212,1.4866,1.0000,0.6958,1,0,0,0,0,3.7114
167.5492,166.5090,0.0864,92.7682,0.0842,0.3032,0.0178,0.0823,0.0692,182.0797,1.8094,0.4467,1.0000,0.2981,1.0000,59.9612,0.7310,1.0000,0.6958,1,0,0,0,0,3.6201
167.6022,166.5047,0.0864,92.7685,0.0878,0.3161,0.0186,0.0858,0.0675,182.1715,1.7288,0.4467,1.0000,0.2981,1.0000,59.9805,0.3632,1.0000,0.6958,1,0,0,0,0,3.5952
167.6549,166.5005,0.0864,92.7688,0.0855,0.3077,0.0182,0.0835,-0.0441,182.2639,1.7557,0.4487,1.0000,0.2981,1.0000,59.9903,0.1868,1.0000,0.6958,1,0,0,0,0,3.5869
167.7087,166.4962,0.0864,92.7690,0.0864,0.3111,0.0183,0.0845,0.0177,182.3371,1.3593,0.4506,1.0000,0.2981,1.0000,59.9952,0.0906,1.0000,0.6958,1,0,0,0,0,3.5596
167.7626,166.4919,0.0864,92.7693,0.0859,0.3093,0.0182,0.0839,-0.0096,182.4308,1.7387,0.4545,1.0000,0.2981,1.0000,59.9976,0.0454,1.0000,0.6958,1,0,0,0,0,3.5781
167.8157,166.4876,0.0864,92.7696,0.0861,0.3101,0.0183,0.0842,0.0041,182.5224,1.7256,0.4565,1.0000,0.2981,1.0000,59.9988,0.0223,1.0000,0.6958,1,0,0,0,0,3.5761
167.8690,166.4833,0.0864,92.7698,0.0858,0.3090,0.0183,0.0839,-0.0055,182.6140,1.7182,0.4604,1.0000,0.2981,1.0000,59.9994,0.0112,1.0000,0.6958,1,0,0,0,0,3.5751
167.9222,166.4791,0.0864,92.7701,0.0865,0.3113,0.0184,0.0845,0.0122,182.7087,1.7819,0.4624,1.0000,0.2981,1.0000,59.9997,0.0057,1.0000,0.6958,1,0,0,0,0,3.5783
167.9766,166.4747,0.0865,92.7703,0.1108,0.3990,0.0274,0.1074,0.4471,182.7844,1.3894,0.4682,1.0000,0.2981,1.0000,59.9999,0.0027,1.0000,0.6958,1,0,0,0,0,3.5563
168.0309,166.4667,0.0866,92.7698,0.2186,0.7869,0.0506,0.2127,1.9851,182.6166,-3.0925,0.4741,1.0000,0.2981,1.0000,59.9999,0.0014,1.0000,0.6958,1,0,0,0,0,3.6509
168.0888,166.4550,0.0866,92.7687,0.2281,0.8213,0.0528,0.2219,0.1650,182.1790,-7.5642,0.4799,1.0000,0.2981,1.0000,60.0000,0.0006,1.0000,0.6958,1,0,0,0,0,3.8993
168.1423,166.4443,0.0866,92.7676,0.2229,0.8026,0.0510,0.2170,-0.0971,181.8972,-5.2675,0.4838,1.0000,0.2981,1.0000,60.0000,0.0004,1.0000,0.6958,1,0,0,0,0,3.7717
168.1955,166.4395,0.0864,92.7678,0.0570,0.2051,0.0119,0.0557,-3.1157,181.9307,0.6296,0.4897,1.0000,0.2981,1.0000,60.0000,0.0001,1.0000,0.6958,1,0,0,0,0,3.5140
168.2505,166.4358,0.0864,92.7682,0.0845,0.3040,0.0179,0.0825,0.4997,182.0618,2.3821,0.4956,1.0000,0.2981,1.0000,60.0000,0.0001,1.0000,0.6958,1,0,0,0,0,3.6113
168.3039,166.4316,0.0864,92.7685,0.0874,0.3148,0.0186,0.0854,0.0558,182.1554,1.7530,0.4995,1.0000,0.2981,1.0000,60.0000,0.0000,1.0000,0.6958,1,0,0,0,0,3.5764
168.3577,166.4272,0.0864,92.7687,0.0866,0.3117,0.0184,0.0846,-0.0157,182.2475,1.7119,0.5015,1.0000,0.2981,1.0000,60.0000,0.0000,1.0000,0.6958,1,0,0,0,0,3.5741
168.4110,166.4229,0.0864,92.7690,0.0857,0.3086,0.0182,0.0838,-0.0161,182.3385,1.7105,0.5054,1.0000,0.2981,1.0000,60.0000,0.0000,1.0000,0.6958,1,0,0,0,0,3.5740
168.4641,166.4187,0.0864,92.7692,0.0861,0.3101,0.0183,0.0842,0.0078,182.4120,1.3829,0.5093,1.0000,0.2981,1.0000,60.0000,0.0000,1.0000,0.6958,1,0,0,0,0,3.5558
168.5190,166.4143,0.0864,92.7695,0.0856,0.3081,0.0182,0.0836,-0.0101,182.5028,1.6539,0.5132,1.0000,0.2981,1.0000,60.0000,0.0000,1.0000,0.6958,1,0,0,0,0,3.5709
168.5735,166.4099,0.0864,92.7698,0.0863,0.3108,0.0183,0.0844,0.0134,182.5941,1.6745,0.5171,1.0000,0.2981,1.0000,60.0000,0.0000,1.0000,0.6958,1,0,0,0,0,3.5720
168.6274,166.4055,0.0864,92.7700,0.0861,0.3100,0.0183,0.0841,-0.0038,182.6870,1.7228,0.5210,1.0000,0.2981,1.0000,60.0000,0.0000,1.0000,0.6958,1,0,0,0,0,3.5747
168.6828,166.4011,0.0865,92.7703,0.0944,0.3400,0.0227,0.0917,0.1502,182.7745,1.5796,0.5229,1.0000,0.2981,1.0000,60.0000,0.0000,1.0000,0.6958,1,0,0,0,0,3.5668
168.7380,166.3940,0.0865,92.7700,0.1714,0.6170,0.0392,0.1668,1.3943,182.6682,-1.9265,0.5249,1.0000,0.2981,1.0000,60.0000,0.0000,1.0000,0.6958,1,0,0,0,0,3.5860
168.7927,166.3857,0.0865,92.7695,0.1654,0.5954,0.0376,0.1611,-0.1098,182.5022,-3.0377,0.5269,1.0000,0.2981,1.0000,60.0000,0.0000,1.0000,0.6958,1,0,0,0,0,3.6478
168.8482,166.3778,0.0865,92.7691,0.1546,0.5566,0.0351,0.1506,-0.1945,182.3708,-2.3673,0.5288,1.0000,0.2981,1.0000,60.0000,0.0000,1.0000,0.6958,1,0,0,0,0,3.6105
168.9009,166.3709,0.0865,92.7688,0.1405,0.5058,0.0318,0.1369,-0.2674,182.2800,-1.7227,0.5288,1.0000,0.2981,1.0000,60.0000,0.0000,1.0000,0.6958,1,0,0,0,0,3.5747
168.9536,166.3646,0.0865,92.7687,0.1266,0.4556,0.0286,0.1233,-0.2647,182.2384,-0.7892,0.5308,1.0000,0.2981,1.0000,60.0000,0.0000,1.0000,0.6958,1,0,0,0,0,3.5229
169.0073,166.3588,0.0865,92.7687,0.1160,0.4178,0.0260,0.1131,-0.1955,182.2361,-0.0432,0.5308,1.0000,0.2981,1.0000,60.0000,0.0000,1.0000,0.6958,1,0,0,0,0,3.4814
169.0613,166.3535,0.0865,92.7688,0.1016,0.3658,0.0221,0.0992,-0.2674,182.2731,0.6852,0.5308,1.0000,0.2981,1.0000,60.0000,0.0000,1.0000,0.6958,1,0,0,0,0,3.5171
169.1168,166.3487,0.0865,92.7691,0.0883,0.3179,0.0188,0.0863,-0.2397,182.3473,1.3364,0.5308,1.0000,0.2981,1.0000,60.0000,0.0000,1.0000,0.6958,1,0,0,0,0,3.5533
169.1725,166.3442,0.0864,92.7693,0.0870,0.3132,0.0185,0.0850,-0.0235,182.4382,1.6326,0.5308,1.0000,0.2981,1.0000,60.0000,0.0000,1.0000,0.6958,1,0,0,0,0,3.5697
169.2293,166.3396,0.0864,92.7696,0.0856,0.3082,0.0182,0.0837,-0.0244,182.5286,1.5918,0.5308,1.0000,0.2981,1.0000,60.0000,0.0000,1.0000,0.6958,1,0,0,0,0,3.5674
169.2828,166.3353,0.0864,92.7698,0.0858,0.3088,0.0182,0.0838,0.0030,182.6198,1.7035,0.5229,1.0000,0.2981,1.0000,60.0000,0.0000,1.0000,0.6958,1,0,0,0,0,3.5736
169.3372,166.3310,0.0864,92.7701,0.0858,0.3088,0.0182,0.0838,0.0003,182.7143,1.7388,0.5034,1.0000,0.2981,1.0000,60.0000,0.0000,1.0000,0.6958,1,0,0,0,0,3.5756
169.3905,166.3266,0.0865,92.7703,0.1115,0.4015,0.0277,0.1080,0.4823,182.7879,1.3799,0.4760,1.0000,0.2981,1.0000,60.0000,0.0000,1.0000,0.6958,1,0,0,0,0,3.5557
169.4434,166.3184,0.0866,92.7697,0.2259,0.8134,0.0526,0.2197,2.1624,182.5440,-4.6090,0.4448,1.0000,0.2981,1.0000,60.0000,0.0000,1.0000,0.6958,1,0,0,0,0,3.7351
169.4967,166.3076,0.0866,92.7687,0.2275,0.8192,0.0522,0.2215,0.0300,182.2513,-5.4957,0.4096,1.0000,0.2981,1.0000,60.0000,0.0000,1.0000,0.6958,1,0,0,0,0,3.7843
169.5499,166.2984,0.0864,92.7680,0.0976,0.3514,0.0195,0.0957,-2.4418,181.9823,-5.0565,0.3685,1.0000,0.2981,0.9724,59.7963,3.8285,1.0000,0.6958,1,0,0,0,0,3.9726
169.6033,166.2952,0.0864,92.7684,0.0645,0.2323,0.0139,0.0630,-0.6193,182.1152,2.4867,0.3216,1.0000,0.2981,0.8956,58.0438,32.7863,1.0000,0.6958,1,0,0,0,0,5.4386
169.6569,166.2916,0.0864,92.7686,0.0747,0.2690,0.0159,0.0730,0.1903,182.1857,1.3155,0.2747,1.0000,0.2981,0.8014,54.6952,62.4871,1.0000,0.6958,1,0,0,0,0,7.0236
169.7109,166.2880,0.0864,92.7687,0.0683,0.2458,0.0146,0.0667,-0.1194,182.2255,0.7378,0.2277,1.0000,0.2981,0.7061,50.1669,83.9501,1.0000,0.6958,1,0,0,0,0,8.1839
169.7636,166.2848,0.0864,92.7688,0.0606,0.2181,0.0129,0.0592,-0.1460,182.2504,0.4716,0.1828,1.0000,0.2981,0.6064,45.1597,95.0063,1.0000,0.6958,1,0,0,0,0,8.7833
169.8167,166.2819,0.0864,92.7688,0.0555,0.1998,0.0117,0.0542,-0.0959,182.2563,0.1129,0.1261,1.0000,0.2981,0.5161,39.6456,103.8136,1.0000,0.6958,1,0,0,0,0,9.2527
169.8702,166.2794,0.0864,92.7688,0.0458,0.1648,0.0098,0.0447,-0.1816,182.2518,-0.0850,0.0752,1.0000,0.2981,0.4081,33.7447,110.3034,1.0000,0.6958,1,0,0,0,0,9.6117
169.9237,166.2772,0.0864,92.7688,0.0388,0.1396,0.0084,0.0379,-0.1307,182.2283,-0.4401,0.0264,1.0000,0.2981,0.3042,27.7838,111.3598,1.0000,0.6958,1,0,0,0,0,9.6901
169.9777,166.2754,0.0864,92.7687,0.0320,0.1153,0.0070,0.0312,-0.1252,182.1914,-0.6829,-0.0206,1.0000,0.2981,0.2018,21.6575,113.3841,1.0000,0.6958,1,0,0,0,0,9.8161
170.0307,166.2740,0.0864,92.7686,0.0216,0.0777,0.0048,0.0211,-0.1968,182.1464,-0.8493,-0.0675,1.0000,0.2981,0.1000,15.7595,111.3608,1.0000,0.6958,1,0,0,0,0,9.7129
170.0837,166.2732,0.0864,92.7685,0.0015,0.0055,0.0003,0.0015,-0.3785,182.1150,-0.5915,-0.1144,1.0000,0.2981,0.0093,9.8452,111.5067,1.0000,0.6958,1,0,0,0,0,9.7067
170.1368,166.2706,0.0866,92.7675,0.1529,0.5504,0.0365,0.1485,2.8522,181.8630,-4.7499,-0.1613,1.0000,0.2981,-0.1304,3.1928,125.3514,1.0000,0.6958,1,0,0,0,0,10.7069
170.1897,166.2675,0.0864,92.7669,0.0078,0.0282,0.0078,0.0008,-2.7416,181.5717,-5.5050,-0.2023,1.0000,0.2981,-0.2767,-4.4302,144.0953,1.0000,0.6958,1,0,0,0,0,11.7901
170.2422,166.2675,0.0864,92.7665,0.0102,0.0367,0.0101,0.0013,0.0445,181.4234,-2.8251,-0.2493,1.0000,0.2981,-0.4328,-12.0755,145.5686,1.0000,0.6958,1,0,0,0,0,11.7231
170.2962,166.2675,0.0864,92.7659,0.0131,0.0472,0.0130,0.0020,0.0542,181.2179,-3.8056,-0.2962,1.0000,0.2981,-0.5834,-20.6914,159.5505,1.0000,0.6958,1,0,0,0,0,12.5543
170.3504,166.2675,0.0864,92.7651,0.0158,0.0570,0.0156,0.0026,0.0503,181.0123,-3.7961,-0.3373,1.0000,0.2981,-0.7032,-29.5283,163.1369,1.0000,0.6958,1,0,0,0,0,12.7531
170.4031,166.2675,0.0864,92.7642,0.0183,0.0658,0.0180,0.0032,0.0462,180.7113,-5.7094,-0.3705,1.0000,0.2981,-0.8256,-37.6820,154.6634,1.0000,0.6958,1,0,0,0,0,12.3886
170.4562,166.2676,0.0864,92.7631,0.0223,0.0804,0.0220,0.0041,0.0766,180.3656,-6.5111,-0.4057,1.0000,0.2981,-0.9388,-45.0165,138.1633,1.0000,0.6958,1,0,0,0,0,11.5165
170.5095,166.2677,0.0864,92.7616,0.0023,0.0084,0.0017,0.0016,-0.3749,179.9858,-7.1222,-0.4311,1.0000,0.2981,-0.9843,-51.4245,120.1599,1.0000,0.6958,1,0,0,0,0,10.5502
170.5631,166.2690,0.0864,92.7623,0.0612,0.2203,0.0133,0.0597,1.0990,179.7342,-4.6988,-0.4467,1.0000,0.2981,-0.9960,-55.4374,74.9456,1.0000,0.6958,1,0,0,0,0,7.9037
170.6169,166.2723,0.0864,92.7628,0.0659,0.2372,0.0140,0.0644,0.0873,179.6245,-2.0385,-0.4624,1.0000,0.2981,-0.9987,-57.6651,41.3820,1.0000,0.6958,1,0,0,0,0,5.8913
170.6705,166.2755,0.0864,92.7633,0.0652,0.2348,0.0139,0.0637,-0.0126,179.4782,-2.7297,-0.4780,1.0000,0.2981,-0.9997,-58.8179,21.5186,1.0000,0.6958,1,0,0,0,0,4.8261
170.7235,166.2786,0.0864,92.7638,0.0636,0.2288,0.0135,0.0621,-0.0312,179.3323,-2.7524,-0.4878,1.0000,0.2981,-0.9999,-59.4032,11.0417,1.0000,0.6958,1,0,0,0,0,4.2453
170.7772,166.2818,0.0864,92.7642,0.0640,0.2303,0.0136,0.0625,0.0077,179.1846,-2.7500,-0.4937,1.0000,0.2981,-1.0000,-59.7013,5.5505,1.0000,0.6958,1,0,0,0,0,3.9401
170.8299,166.2849,0.0864,92.7647,0.0645,0.2322,0.0137,0.0630,0.0103,179.0393,-2.7572,-0.4976,1.0000,0.2981,-1.0000,-59.8509,2.8367,1.0000,0.6958,1,0,0,0,0,3.7898
170.8824,166.2881,0.0864,92.7651,0.0634,0.2283,0.0135,0.0620,-0.0211,178.9235,-2.2070,-0.4976,1.0000,0.2981,-1.0000,-59.9250,1.4129,1.0000,0.6958,1,0,0,0,0,3.6801
170.9360,166.2913,0.0864,92.7656,0.0638,0.2299,0.0136,0.0624,0.0083,178.7772,-2.7277,-0.4976,1.0000,0.2981,-1.0000,-59.9624,0.6963,1.0000,0.6958,1,0,0,0,0,3.6692
170.9883,166.2944,0.0864,92.7660,0.0636,0.2289,0.0135,0.0621,-0.0051,178.6322,-2.7756,-0.4976,1.0000,0.2981,-1.0000,-59.9811,0.3594,1.0000,0.6958,1,0,0,0,0,3.6532
171.0410,166.2975,0.0864,92.7665,0.0636,0.2289,0.0135,0.0621,-0.0001,178.4847,-2.7978,-0.4995,1.0000,0.2981,-1.0000,-59.9904,0.1765,1.0000,0.6958,1,0,0,0,0,3.6442
171.0945,166.3007,0.0864,92.7669,0.0628,0.2261,0.0133,0.0614,-0.0145,178.3657,-2.2255,-0.4995,1.0000,0.2981,-1.0000,-59.9953,0.0903,1.0000,0.6958,1,0,0,0,0,3.6077
171.1465,166.3036,0.0864,92.7674,0.0617,0.2223,0.0132,0.0603,-0.0203,178.2161,-2.8759,-0.4995,1.0000,0.2981,-1.0000,-59.9976,0.0450,1.0000,0.6958,1,0,0,0,0,3.6413
171.1987,166.3067,0.0864,92.7678,0.0624,0.2247,0.0134,0.0610,0.0127,178.0665,-2.8633,-0.4995,1.0000,0.2981,-1.0000,-59.9988,0.0225,1.0000,0.6958,1,0,0,0,0,3.6393
171.2512,166.3097,0.0864,92.7682,0.0607,0.2184,0.0130,0.0593,-0.0332,177.9163,-2.8641,-0.4995,1.0000,0.2981,-1.0000,-59.9994,0.0113,1.0000,0.6958,1,0,0,0,0,3.6388
171.3034,166.3127,0.0864,92.7686,0.0618,0.2226,0.0132,0.0604,0.0224,177.7968,-2.2874,-0.4995,1.0000,0.2981,-1.0000,-59.9997,0.0058,1.0000,0.6958,1,0,0,0,0,3.6064
171.3570,166.3158,0.0864,92.7691,0.0612,0.2202,0.0131,0.0598,-0.0124,177.6470,-2.7934,-0.4995,1.0000,0.2981,-1.0000,-59.9998,0.0029,1.0000,0.6958,1,0,0,0,0,3.6344
171.4091,166.3187,0.0864,92.7695,0.0600,0.2159,0.0128,0.0586,-0.0233,177.4939,-2.9391,-0.4995,1.0000,0.2981,-1.0000,-59.9999,0.0015,1.0000,0.6958,1,0,0,0,0,3.6424
171.4608,166.3217,0.0864,92.7699,0.0603,0.2171,0.0128,0.0589,0.0067,177.3719,-2.3583,-0.4995,1.0000,0.2981,-1.0000,-60.0000,0.0007,1.0000,0.6958,1,0,0,0,0,3.6101
171.5130,166.3246,0.0864,92.7703,0.0595,0.2144,0.0127,0.0582,-0.0147,177.2184,-2.9398,-0.4995,1.0000,0.2981,-1.0000,-60.0000,0.0004,1.0000,0.6958,1,0,0,0,0,3.6423
171.5652,166.3286,0.0865,92.7705,0.0919,0.3310,0.0203,0.0897,0.6212,177.1276,-1.7425,-0.4995,1.0000,0.2981,-1.0000,-60.0000,0.0001,1.0000,0.6958,1,0,0,0,0,3.5758
171.6178,166.3332,0.0865,92.7707,0.0952,0.3427,0.0212,0.0928,0.0618,177.0653,-1.1848,-0.4995,1.0000,0.2981,-1.0000,-60.0000,0.0000,1.0000,0.6958,1,0,0,0,0,3.5448
171.6705,166.3379,0.0865,92.7709,0.0987,0.3552,0.0221,0.0962,0.0660,177.0210,-0.8394,-0.4995,1.0000,0.2981,-1.0000,-60.0000,0.0000,1.0000,0.6958,1,0,0,0,0,3.5256
171.7229,166.3427,0.0865,92.7710,0.1051,0.3785,0.0243,0.1023,0.1234,176.9765,-0.8484,-0.4995,1.0000,0.2981,-1.0000,-60.0000,0.0000,1.0000,0.6958,1,0,0,0,0,3.5261
171.7762,166.3482,0.0865,92.7710,0.1368,0.4926,0.0332,0.1328,0.5952,176.9904,0.2610,-0.4995,1.0000,0.2981,-1.0000,-60.0000,0.0000,1.0000,0.6958,1,0,0,0,0,3.4935
171.8286,166.3562,0.0866,92.7703,0.2701,0.9722,0.0697,0.2609,2.5455,177.2795,5.5227,-0.4995,1.0000,0.2981,-1.0000,-60.0000,0.0000,1.0000,0.6958,1,0,0,0,0,3.7858
171.8810,166.3637,0.0864,92.7700,0.0559,0.2011,0.0111,0.0548,-4.0878,177.3542,1.4269,-0.4995,1.0000,0.2981,-1.0000,-60.0000,0.0000,1.0000,0.6958,1,0,0,0,0,3.5583
171.9349,166.3665,0.0864,92.7704,0.0701,0.2523,0.0161,0.0682,0.2636,177.1856,-3.1270,-0.4995,1.0000,0.2981,-1.0000,-60.0000,0.0001,1.0000,0.6958,1,0,0,0,0,3.6527
171.9875,166.3708,0.0865,92.7706,0.0938,0.3378,0.0207,0.0915,0.4514,177.1100,-1.4386,-0.4995,1.0000,0.2981,-1.0000,-60.0000,0.0000,1.0000,0.6958,1,0,0,0,0,3.5589
172.0399,166.3755,0.0865,92.7708,0.0978,0.3522,0.0220,0.0953,0.0766,177.0527,-1.0925,-0.4995,1.0000,0.2981,-1.0000,-60.0000,0.0000,1.0000,0.6958,1,0,0,0,0,3.5397
172.0932,166.3818,0.0866,92.7705,0.1896,0.6827,0.0488,0.1832,1.7214,177.1286,1.4249,-0.4995,1.0000,0.2981,-1.0000,-60.0000,0.0000,1.0000,0.6958,1,0,0,0,0,3.5582
172.1459,166.3928,0.0865,92.7694,0.1737,0.6255,0.0390,0.1693,-0.3020,177.5525,8.0484,-0.4995,1.0000,0.2981,-1.0000,-60.0000,0.0000,1.0000,0.6958,1,0,0,0,0,3.9261
172.1986,166.4001,0.0865,92.7690,0.1415,0.5095,0.0321,0.1378,-0.6114,177.6641,2.1178,-0.4995,1.0000,0.2981,-1.0000,-60.0000,0.0000,1.0000,0.6958,1,0,0,0,0,3.5967
172.2530,166.4066,0.0865,92.7689,0.1260,0.4536,0.0285,0.1227,-0.2854,177.7079,0.8063,-0.4995,1.0000,0.2981,-1.0000,-60.0000,0.0000,1.0000,0.6958,1,0,0,0,0,3.5238
172.3062,166.4123,0.0865,92.7689,0.1142,0.4110,0.0257,0.1112,-0.2223,177.7093,0.0258,-0.4995,1.0000,0.2981,-1.0000,-60.0000,0.0000,1.0000,0.6958,1,0,0,0,0,3.4804
172.3604,166.4176,0.0865,92.7690,0.1018,0.3663,0.0222,0.0993,-0.2292,177.6777,-0.5829,-0.4995,1.0000,0.2981,-1.0000,-60.0000,0.0000,1.0000,0.6958,1,0,0,0,0,3.5114
172.4148,166.4223,0.0864,92.7692,0.0877,0.3156,0.0187,0.0856,-0.2589,177.6047,-1.3419,-0.4995,1.0000,0.2981,-1.0000,-60.0000,0.0000,1.0000,0.6958,1,0,0,0,0,3.5536
172.4679,166.4266,0.0864,92.7694,0.0870,0.3133,0.0186,0.0850,-0.0119,177.5179,-1.6343,-0.4995,1.0000,0.2981,-1.0000,-60.0000,0.0000,1.0000,0.6958,1,0,0,0,0,3.5698
172.5206,166.4308,0.0864,92.7697,0.0868,0.3125,0.0185,0.0848,-0.0042,177.4265,-1.7349,-0.4995,1.0000,0.2981,-1.0000,-60.0000,0.0000,1.0000,0.6958,1,0,0,0,0,3.5754
172.5745,166.4351,0.0864,92.7699,0.0857,0.3084,0.0183,0.0837,-0.0210,177.3334,-1.7281,-0.4995,1.0000,0.2981,-1.0000,-60.0000,0.0000,1.0000,0.6958,1,0,0,0,0,3.5750
172.6273,166.4393,0.0864,92.7702,0.0868,0.3126,0.0186,0.0848,0.0220,177.2412,-1.7467,-0.4995,1.0000,0.2981,-1.0000,-60.0000,0.0000,1.0000,0.6958,1,0,0,0,0,3.5760
172.6807,166.4443,0.0865,92.7703,0.1399,0.5037,0.0358,0.1353,0.9938,177.2208,-0.3816,-0.4995,1.0000,0.2981,-1.0000,-60.0000,0.0000,1.0000,0.6958,1,0,0,0,0,3.5002
172.7347,166.4543,0.0866,92.7694,0.2350,0.8462,0.0544,0.2287,1.7621,177.5438,5.9830,-0.4995,1.0000,0.2981,-1.0000,-60.0000,0.0000,1.0000,0.6958,1,0,0,0,0,3.8114
172.7889,166.4657,0.0866,92.7682,0.2326,0.8373,0.0537,0.2263,-0.0454,177.9322,7.1572,-0.4995,1.0000,0.2981,-1.0000,-60.0000,0.0000,1.0000,0.6958,1,0,0,0,0,3.8766
172.8424,166.4765,0.0866,92.7672,0.2262,0.8143,0.0523,0.2201,-0.1193,178.2991,6.8582,-0.4995,1.0000,0.2981,-1.0000,-60.0000,0.0000,1.0000,0.6958,1,0,0,0,0,3.8600
172.8964,166.4872,0.0865,92.7661,0.1667,0.6003,0.0340,0.1632,-1.1012,178.6318,6.1616,-0.4995,1.0000,0.2981,-1.0000,-60.0000,0.0000,1.0000,0.6958,1,0,0,0,0,3.8213
172.9486,166.4915,0.0864,92.7664,0.0575,0.2071,0.0120,0.0563,-2.0936,178.5483,-1.6005,-0.4995,1.0000,0.2981,-1.0000,-60.0000,0.0000,1.0000,0.6958,1,0,0,0,0,3.5679
173.0019,166.4950,0.0864,92.7668,0.0821,0.2955,0.0175,0.0802,0.4605,178.4104,-2.5847,-0.4995,1.0000,0.2981,-1.0000,-60.0000,0.0000,1.0000,0.6958,1,0,0,0,0,3.6226
173.0541,166.4991,0.0865,92.7670,0.0882,0.3175,0.0187,0.0862,0.1170,178.3172,-1.7877,-0.4995,1.0000,0.2981,-1.0000,-60.0000,0.0000,1.0000,0.6958,1,0,0,0,0,3.5783
173.1083,166.5035,0.0865,92.7673,0.0872,0.3141,0.0186,0.0852,-0.0173,178.2269,-1.6652,-0.4995,1.0000,0.2981,-1.0000,-60.0000,0.0000,1.0000,0.6958,1,0,0,0,0,3.5715
173.1656,166.5081,0.0865,92.7676,0.0883,0.3177,0.0188,0.0862,0.0176,178.1392,-1.5297,-0.4995,1.0000,0.2981,-1.0000,-60.0000,0.0000,1.0000,0.6958,1,0,0,0,0,3.5640
173.2175,166.5123,0.0864,92.7678,0.0863,0.3105,0.0184,0.0843,-0.0384,178.0489,-1.7402,-0.4995,1.0000,0.2981,-1.0000,-60.0000,0.0000,1.0000,0.6958,1,0,0,0,0,3.5757
173.2700,166.5165,0.0865,92.7681,0.0883,0.3179,0.0187,0.0863,0.0390,177.9775,-1.3620,-0.4995,1.0000,0.2981,-1.0000,-60.0000,0.0000,1.0000,0.6958,1,0,0,0,0,3.5547
173.3224,166.5208,0.0864,92.7683,0.0859,0.3094,0.0183,0.0840,-0.0452,177.8883,-1.7014,-0.4976,1.0000,0.2981,-1.0000,-60.0000,0.0000,1.0000,0.6958,1,0,0,0,0,3.5735
173.3762,166.5251,0.0864,92.7686,0.0878,0.3161,0.0187,0.0858,0.0346,177.7987,-1.6637,-0.4897,1.0000,0.2981,-1.0000,-60.0000,0.0000,1.0000,0.6958,1,0,0,0,0,3.5714
173.4292,166.5294,0.0864,92.7688,0.0883,0.3180,0.0188,0.0863,0.0098,177.7099,-1.6747,-0.4800,1.0000,0.2981,-1.0000,-60.0000,0.0000,1.0000,0.6958,1,0,0,0,0,3.5720
173.4811,166.5336,0.0864,92.7691,0.0865,0.3115,0.0184,0.0846,-0.0344,177.6375,-1.3957,-0.4643,1.0000,0.2981,-1.0000,-60.0000,0.0000,1.0000,0.6958,1,0,0,0,0,3.5565
173.5343,166.5379,0.0864,92.7694,0.0866,0.3118,0.0184,0.0846,0.0013,177.5476,-1.6907,-0.4487,1.0000,0.2981,-1.0000,-60.0000,0.0000,1.0000,0.6958,1,0,0,0,0,3.5729
173.5876,166.5421,0.0864,92.7696,0.0855,0.3079,0.0182,0.0836,-0.0199,177.4559,-1.7215,-0.4252,1.0000,0.2981,-1.0000,-60.0000,0.0000,1.0000,0.6958,1,0,0,0,0,3.5746
173.6403,166.5464,0.0864,92.7699,0.0863,0.3107,0.0184,0.0843,0.0147,177.3652,-1.7194,-0.3998,1.0000,0.2981,-0.9999,-60.0000,0.0000,1.0000,0.6958,1,0,0,0,0,3.5745
173.6927,166.5506,0.0864,92.7701,0.0840,0.3024,0.0179,0.0821,-0.0442,177.2824,-1.5807,-0.3725,1.0000,0.2981,-0.9475,-59.6065,7.5097,1.0000,0.6958,1,0,0,0,0,3.9840
173.7451,166.5546,0.0864,92.7703,0.0808,0.2909,0.0172,0.0789,-0.0612,177.2261,-1.0749,-0.3431,1.0000,0.2981,-0.8785,-57.4201,41.7617,1.0000,0.6958,1,0,0,0,0,5.8588
173.8037,166.5603,0.0865,92.7701,0.1247,0.4488,0.0282,0.1214,0.7484,177.2769,0.8672,-0.3099,1.0000,0.2981,-0.7814,-53.4043,68.5193,1.0000,0.6958,1,0,0,0,0,7.3338
173.8611,166.5655,0.0864,92.7700,0.0729,0.2626,0.0154,0.0713,-0.9013,177.3330,0.9777,-0.2806,1.0000,0.2981,-0.6658,-48.3459,88.1436,1.0000,0.6958,1,0,0,0,0,8.4302
173.9194,166.5691,0.0864,92.7701,0.0584,0.2101,0.0123,0.0571,-0.2497,177.3223,-0.1852,-0.2473,1.0000,0.2981,-0.5680,-42.5933,98.6139,1.0000,0.6958,1,0,0,0,0,8.9678
173.9778,166.5721,0.0864,92.7701,0.0513,0.1846,0.0109,0.0501,-0.1216,177.3179,-0.0737,-0.2200,1.0000,0.2981,-0.4782,-36.8092,99.1279,1.0000,0.6958,1,0,0,0,0,8.9902
174.0361,166.5747,0.0864,92.7701,0.0462,0.1663,0.0098,0.0451,-0.0869,177.3270,0.1550,-0.1926,1.0000,0.2981,-0.3922,-31.0334,98.9341,1.0000,0.6958,1,0,0,0,0,8.9840
174.0939,166.5769,0.0864,92.7700,0.0383,0.1380,0.0083,0.0374,-0.1361,177.3511,0.4166,-0.1691,1.0000,0.2981,-0.2965,-25.6552,93.0484,1.0000,0.6958,1,0,0,0,0,8.6715
174.1573,166.5790,0.0864,92.7699,0.0323,0.1163,0.0070,0.0315,-0.0952,177.3846,0.5283,-0.1378,1.0000,0.2981,-0.2130,-19.9196,90.5109,1.0000,0.6958,1,0,0,0,0,8.5367
174.2123,166.5805,0.0864,92.7698,0.0241,0.0867,0.0053,0.0235,-0.1495,177.4271,0.7740,-0.1164,1.0000,0.2981,-0.1349,-14.9619,90.1019,1.0000,0.6958,1,0,0,0,0,8.5277
174.2661,166.5815,0.0864,92.7697,0.0019,0.0067,-0.0002,0.0019,-0.4130,177.4606,0.6222,-0.0987,1.0000,0.2981,-0.0670,-10.5555,81.9686,1.0000,0.6958,1,0,0,0,0,8.0674
174.3248,166.5820,0.0864,92.7697,0.0134,0.0483,0.0030,0.0131,0.1966,177.4819,0.3630,-0.0812,1.0000,0.2981,-0.0130,-6.1020,75.7895,1.0000,0.6958,1,0,0,0,0,7.7097
174.3777,166.5823,0.0864,92.7677,0.2476,0.8913,0.2476,0.0019,4.4337,177.5011,0.3632,-0.0655,1.0000,0.2981,0.0258,-2.8379,61.8073,1.0000,0.6958,1,0,0,0,0,6.9329
