time,position_x,position_y,position_z,speed_ms,speed_kmh,forward_speed,sideways_speed,acceleration_ms2,yaw,yaw_rate,raw_steer_x,raw_throttle_y,raw_brake_z,steer_input,handlebar_angle,steer_rate,throttle,brake,is_grounded,harsh_brake,harsh_steer,high_side_slip,high_yaw_rate,risk_score
0.1369,185.2042,0.1122,102.8923,0.0000,0.0000,0.0000,0.0000,0.0000,270.0000,0.0000,-0.0499,-0.0088,0.3001,-0.1052,0.0000,0.0000,0.0000,0.8651,1,0,0,0,0,4.3256
0.1944,185.2042,0.0864,102.8924,0.0001,0.0003,0.0000,0.0001,0.0013,270.0012,0.0207,-0.0499,-0.0088,0.3001,-0.1163,-6.5141,113.2500,0.0000,0.9457,1,0,0,0,0,11.0215
0.2597,185.2042,0.0864,102.8923,0.0001,0.0003,0.0000,0.0001,-0.0001,270.0016,0.0070,-0.0499,-0.0088,0.3001,-0.1217,-6.8774,5.5626,0.0000,0.9818,1,0,0,0,0,5.2185
0.3320,185.2042,0.0864,102.8924,0.0001,0.0003,0.0000,0.0001,0.0000,270.0021,0.0063,-0.0499,-0.0088,0.3001,-0.1236,-7.1241,3.4146,0.0000,0.9939,1,0,0,0,0,5.1595
0.3890,185.2042,0.0864,102.8923,0.0001,0.0003,0.0000,0.0001,0.0000,270.0026,0.0080,-0.0499,-0.0088,0.3001,-0.1243,-7.3270,3.5591,0.0000,0.9980,1,0,0,0,0,5.1879
0.4400,185.2042,0.0864,102.8923,0.0001,0.0003,0.0000,0.0001,0.0000,270.0029,0.0066,-0.0499,-0.0088,0.3001,-0.1245,-7.3980,1.3917,0.0000,0.9990,1,0,0,0,0,5.0727
0.4959,185.2042,0.0864,102.8924,0.0001,0.0003,0.0000,0.0001,0.0000,270.0033,0.0071,-0.0499,-0.0088,0.3001,-0.1246,-7.4402,0.7535,0.0000,0.9996,1,0,0,0,0,5.0403
0.5507,185.2042,0.0864,102.8924,0.0001,0.0003,0.0000,0.0001,0.0000,270.0037,0.0072,-0.0499,-0.0088,0.3001,-0.1247,-7.4636,0.4275,0.0000,0.9998,1,0,0,0,0,5.0234
0.6093,185.2042,0.0864,102.8924,0.0001,0.0003,0.0000,0.0001,0.0000,270.0041,0.0068,-0.0499,-0.0088,0.3001,-0.1247,-7.4729,0.1593,0.0000,0.9999,1,0,0,0,0,5.0089
0.6666,185.2043,0.0864,102.8924,0.0001,0.0003,0.0000,0.0001,0.0000,270.0044,0.0053,-0.0499,-0.0088,0.3001,-0.1247,-7.4775,0.0803,0.0000,1.0000,1,0,0,0,0,5.0047
0.7195,185.2042,0.0864,102.8924,0.0001,0.0003,0.0000,0.0001,0.0000,270.0046,0.0046,-0.0499,-0.0088,0.3001,-0.1247,-7.4798,0.0424,0.0000,1.0000,1,0,0,0,0,5.0026
0.7860,185.2042,0.0864,102.8924,0.0001,0.0003,0.0000,0.0001,0.0000,270.0050,0.0055,-0.0499,-0.0088,0.3001,-0.1247,-7.4810,0.0184,0.0000,1.0000,1,0,0,0,0,5.0013
0.8361,185.2042,0.0864,102.8923,0.0001,0.0003,0.0000,0.0001,0.0000,270.0053,0.0061,-0.0499,-0.0088,0.3001,-0.1247,-7.4816,0.0134,0.0000,1.0000,1,0,0,0,0,5.0011
0.8925,185.2042,0.0864,102.8924,0.0001,0.0003,0.0000,0.0001,0.0000,270.0056,0.0054,-0.0499,-0.0088,0.3001,-0.1247,-7.4820,0.0055,0.0000,1.0000,1,0,0,0,0,5.0006
0.9467,185.2042,0.0864,102.8924,0.0001,0.0003,0.0000,0.0001,0.0000,270.0059,0.0056,-0.0499,-0.0088,0.3001,-0.1247,-7.4821,0.0025,0.0000,1.0000,1,0,0,0,0,5.0005
1.0053,185.2042,0.0864,102.8924,0.0001,0.0003,0.0000,0.0001,0.0000,270.0062,0.0052,-0.0499,-0.0088,0.3001,-0.1247,-7.4822,0.0016,0.0000,1.0000,1,0,0,0,0,5.0004
1.0620,185.2042,0.0864,102.8924,0.0001,0.0003,0.0000,0.0001,0.0000,270.0065,0.0054,-0.0499,-0.0088,0.3001,-0.1247,-7.4822,0.0007,0.0000,1.0000,1,0,0,0,0,5.0003
1.1210,185.2042,0.0864,102.8924,0.0001,0.0003,0.0000,0.0001,0.0000,270.0068,0.0052,-0.0499,-0.0088,0.3001,-0.1247,-7.4822,0.0003,0.0000,1.0000,1,0,0,0,0,5.0003
1.1728,185.2042,0.0864,102.8924,0.0001,0.0003,0.0000,0.0001,0.0000,270.0071,0.0059,-0.0499,-0.0088,0.3001,-0.1247,-7.4823,0.0002,0.0000,1.0000,1,0,0,0,0,5.0003
1.2330,185.2042,0.0864,102.8924,0.0001,0.0003,0.0000,0.0001,0.0000,270.0074,0.0051,-0.0499,-0.0088,0.3001,-0.1247,-7.4823,0.0001,0.0000,1.0000,1,0,0,0,0,5.0003
1.2891,185.2042,0.0864,102.8924,0.0001,0.0003,0.0000,0.0001,0.0000,270.0077,0.0044,-0.0499,-0.0088,0.3001,-0.1247,-7.4823,0.0000,0.0000,1.0000,1,0,0,0,0,5.0002
1.3414,185.2042,0.0864,102.8924,0.0001,0.0003,0.0000,0.0001,0.0000,270.0079,0.0047,-0.0499,-0.0088,0.3001,-0.1247,-7.4823,0.0000,0.0000,1.0000,1,0,0,0,0,5.0003
1.4087,185.2042,0.0864,102.8924,0.0001,0.0003,0.0000,0.0001,0.0000,270.0082,0.0045,-0.0499,-0.0088,0.3001,-0.1247,-7.4823,0.0000,0.0000,1.0000,1,0,0,0,0,5.0003
1.4674,185.2042,0.0864,102.8924,0.0001,0.0003,0.0000,0.0001,0.0000,270.0085,0.0052,-0.0499,-0.0088,0.3001,-0.1247,-7.4823,0.0000,0.0000,1.0000,1,0,0,0,0,5.0003
1.5427,185.2042,0.0864,102.8924,0.0001,0.0003,0.0000,0.0001,0.0000,270.0089,0.0040,-0.0499,-0.0088,0.3001,-0.1247,-7.4823,0.0000,0.0000,1.0000,1,0,0,0,0,5.0002
1.5953,185.2042,0.0864,102.8924,0.0001,0.0003,0.0000,0.0001,0.0000,270.0092,0.0058,-0.0499,-0.0088,0.3001,-0.1247,-7.4823,0.0000,0.0000,1.0000,1,0,0,0,0,5.0003
1.6523,185.2042,0.0864,102.8924,0.0001,0.0003,0.0000,0.0001,0.0000,270.0094,0.0037,-0.0499,-0.0088,0.3001,-0.1247,-7.4823,0.0000,0.0000,1.0000,1,0,0,0,0,5.0002
1.7034,185.2042,0.0864,102.8924,0.0001,0.0003,0.0000,0.0001,0.0000,270.0096,0.0048,-0.0499,-0.0010,0.3001,-0.1247,-7.4823,0.0000,0.0000,1.0000,1,0,0,0,0,5.0003
1.7553,185.2042,0.0864,102.8924,0.0001,0.0003,0.0000,0.0001,0.0000,270.0099,0.0053,-0.0499,0.0127,0.3001,-0.1247,-7.4823,0.0000,0.0000,1.0000,1,0,0,0,0,5.0003
1.8191,185.2042,0.0864,102.8924,0.0001,0.0005,0.0000,0.0001,0.0011,270.0099,0.0010,-0.0499,0.0401,0.3001,-0.1247,-7.4823,0.0000,0.0110,1.0000,1,0,0,0,0,5.0001
1.8802,185.2043,0.0864,102.8924,0.0001,0.0004,0.0000,0.0001,-0.0003,270.0069,-0.0499,-0.0499,0.0733,0.3001,-0.1247,-7.4823,0.0000,0.0442,1.0000,1,0,0,0,0,5.0028
1.9370,185.2042,0.0864,102.8923,0.0003,0.0012,-0.0001,0.0003,0.0036,270.0002,-0.1177,-0.0499,0.1144,0.3001,-0.1247,-7.4823,0.0000,0.0895,1.0000,1,0,0,0,0,5.0065
1.9878,185.2042,0.0864,102.8923,0.0006,0.0021,-0.0001,0.0006,0.0051,269.9880,-0.2398,-0.0499,0.1476,0.3001,-0.1247,-7.4823,0.0000,0.1465,1.0000,1,0,0,0,0,5.0133
2.0578,185.2042,0.0864,102.8922,0.0012,0.0042,0.0002,0.0012,0.0083,269.9639,-0.3444,-0.0499,0.1965,0.3001,-0.1247,-7.4823,0.0000,0.2242,1.0000,1,0,0,0,0,5.0191
2.1155,185.2041,0.0864,102.8920,0.0082,0.0293,0.0080,0.0014,0.1208,269.9325,-0.5441,-0.0499,0.2473,0.3001,-0.1247,-7.4823,0.0000,0.2970,1.0000,1,0,0,0,0,5.0302
2.1707,185.2008,0.0864,102.8918,0.1275,0.4589,0.1275,0.0018,2.1630,269.8991,-0.6047,-0.0499,0.2747,0.3001,-0.1247,-7.4823,0.0000,0.3608,1.0000,1,0,0,0,0,5.0336
2.2241,185.1889,0.0864,102.8916,0.3331,1.1993,0.3331,0.0023,3.8545,269.8589,-0.7532,-0.0499,0.3138,0.3001,-0.1247,-7.4823,0.0000,0.4236,1.0000,1,0,0,0,0,5.0418
2.2760,185.1659,0.0864,102.8913,0.5903,2.1252,0.5903,0.0028,4.9486,269.8110,-0.9219,-0.0499,0.3509,0.3001,-0.1247,-7.4823,0.0000,0.4889,1.0000,1,0,0,0,0,5.1214
2.3283,185.1292,0.0864,102.8910,0.8254,2.9716,0.8254,0.0030,4.4941,269.7664,-0.8534,-0.0499,0.3881,0.3001,-0.1247,-7.4823,0.0000,0.5456,1.0000,1,0,0,0,0,5.1011
2.3862,185.0715,0.0864,102.8905,1.1213,4.0368,1.1213,0.0030,5.1112,269.7032,-1.0907,-0.0499,0.4018,0.3001,-0.1247,-7.4823,0.0000,0.5990,1.0000,1,1,0,0,0,25.1011
2.4386,185.0048,0.0864,102.8898,1.3851,4.9863,1.3851,0.0029,5.0389,269.6331,-1.3398,-0.0499,0.4213,0.3001,-0.1247,-7.4823,0.0000,0.6405,1.0000,1,1,0,0,0,25.1063
2.4936,184.9217,0.0864,102.8890,1.6133,5.8079,1.6133,0.0028,4.1446,269.5572,-1.3783,-0.0499,0.4350,0.3001,-0.1247,-7.4823,0.0000,0.6747,1.0000,1,1,0,0,0,25.1023
2.5524,184.8205,0.0864,102.8879,1.8036,6.4930,1.8036,0.0025,3.2392,269.4767,-1.3709,-0.0499,0.4428,0.3001,-0.1247,-7.4823,0.0000,0.7001,1.0000,1,1,0,0,0,25.0973
2.6089,184.7131,0.0864,102.8866,1.9878,7.1560,1.9878,0.0023,3.2579,269.3749,-1.8008,-0.0499,0.4526,0.3001,-0.1247,-7.4823,0.0000,0.7249,1.0000,1,1,0,0,0,25.1175
2.6658,184.5972,0.0864,102.8851,2.1021,7.5675,2.1021,0.0021,2.0110,269.2870,-1.5470,-0.0499,0.4526,0.3001,-0.1247,-7.4823,0.0000,0.7356,1.0000,1,1,0,0,0,25.1010
2.7188,184.4839,0.0864,102.8834,2.1676,7.8032,2.1676,0.0019,1.2343,269.2154,-1.3493,-0.0499,0.4526,0.3001,-0.1247,-7.4823,0.0000,0.7401,1.0000,1,1,0,0,0,25.0885
2.7812,184.3463,0.0864,102.8812,2.2320,8.0353,2.2320,0.0018,1.0328,269.1067,-1.7418,-0.0499,0.4526,0.3001,-0.1247,-7.4823,0.0000,0.7434,1.0000,1,1,0,0,0,25.1091
2.8321,184.2318,0.0864,102.8792,2.2641,8.1506,2.2640,0.0018,0.6290,269.0154,-1.7920,-0.0499,0.4526,0.3001,-0.1247,-7.4823,0.0000,0.7446,1.0000,1,1,0,0,0,25.1113
2.8829,184.1165,0.0864,102.8770,2.2805,8.2098,2.2805,0.0017,0.3241,268.9421,-1.4445,-0.0499,0.4526,0.3001,-0.1247,-7.4823,0.0000,0.7452,1.0000,1,1,0,0,0,25.0916
2.9457,183.9727,0.0864,102.8740,2.2954,8.2633,2.2954,0.0017,0.2366,268.8319,-1.7536,-0.0499,0.4526,0.3001,-0.1247,-7.4823,0.0000,0.7455,1.0000,1,1,0,0,0,25.1085
3.0019,183.8436,0.0864,102.8711,2.3023,8.2884,2.3023,0.0017,0.1241,268.7400,-1.6367,-0.0499,0.4526,0.3001,-0.1247,-7.4823,0.0000,0.7457,1.0000,1,1,0,0,0,25.1019
3.0545,183.7225,0.0864,102.8682,2.3064,8.3032,2.3064,0.0017,0.0781,268.6481,-1.7487,-0.0499,0.4526,0.3001,-0.1247,-7.4823,0.0000,0.7458,1.0000,1,1,0,0,0,25.1081
3.1198,183.5718,0.0864,102.8643,2.3091,8.3128,2.3091,0.0017,0.0411,268.5375,-1.6924,-0.0499,0.4526,0.3001,-0.1247,-7.4823,0.0000,0.7458,1.0000,1,1,0,0,0,25.1049
3.1779,183.4376,0.0864,102.8606,2.3103,8.3172,2.3103,0.0017,0.0210,268.4454,-1.5846,-0.0499,0.4526,0.3001,-0.1247,-7.4823,0.0000,0.7458,1.0000,1,1,0,0,0,25.0988
3.2295,183.3183,0.0864,102.8571,2.3109,8.3193,2.3109,0.0016,0.0108,268.3717,-1.4270,-0.0499,0.4526,0.3001,-0.1247,-7.4823,0.0000,0.7458,1.0000,1,1,0,0,0,25.0899
3.2843,183.1918,0.0864,102.8532,2.3114,8.3210,2.3114,0.0016,0.0087,268.2797,-1.6807,-0.0499,0.4526,0.3001,-0.1247,-7.4823,0.0000,0.7458,1.0000,1,1,0,0,0,25.1040
3.3456,183.0502,0.0864,102.8486,2.3117,8.3221,2.3117,0.0017,0.0050,268.1691,-1.8049,-0.0499,0.4526,0.3001,-0.1247,-7.4823,0.0000,0.7458,1.0000,1,1,0,0,0,25.1110
3.4033,182.9170,0.0864,102.8441,2.3118,8.3226,2.3118,0.0016,0.0023,268.0770,-1.5975,-0.0499,0.4526,0.3001,-0.1247,-7.4823,0.0000,0.7458,1.0000,1,1,0,0,0,25.0994
3.4567,182.7934,0.0864,102.8397,2.3119,8.3227,2.3119,0.0017,0.0006,267.9849,-1.7227,-0.0499,0.4526,0.3001,-0.1247,-7.4823,0.0000,0.7458,1.0000,1,1,0,0,0,25.1064
3.5175,182.6530,0.0864,102.8344,2.3119,8.3229,2.3119,0.0016,0.0012,267.8928,-1.5144,-0.0499,0.4526,0.3001,-0.1247,-7.4823,0.0000,0.7458,1.0000,1,1,0,0,0,25.0948
3.5713,182.5287,0.0864,102.8296,2.3119,8.3229,2.3119,0.0016,-0.0003,267.8007,-1.7134,-0.0499,0.4526,0.3001,-0.1247,-7.4823,0.0000,0.7458,1.0000,1,1,0,0,0,25.1058
3.6283,182.3971,0.0864,102.8243,2.3119,8.3230,2.3119,0.0016,0.0005,267.7085,-1.6169,-0.0499,0.4526,0.3001,-0.1247,-7.4823,0.0000,0.7458,1.0000,1,1,0,0,0,25.1004
3.6856,182.2648,0.0864,102.8187,2.3120,8.3232,2.3120,0.0017,0.0009,267.5979,-1.9305,-0.0499,0.4526,0.3001,-0.1247,-7.4823,0.0000,0.7458,1.0000,1,1,0,0,0,25.1181
3.7470,182.1230,0.0864,102.8124,2.3120,8.3230,2.3120,0.0016,-0.0005,267.5058,-1.4997,-0.0499,0.4526,0.3001,-0.1247,-7.4823,0.0000,0.7458,1.0000,1,1,0,0,0,25.0940
3.8100,181.9775,0.0864,102.8058,2.3120,8.3231,2.3120,0.0017,0.0002,267.3953,-1.7547,-0.0499,0.4526,0.3001,-0.1247,-7.4823,0.0000,0.7458,1.0000,1,1,0,0,0,25.1083
3.8673,181.8450,0.0864,102.7995,2.3119,8.3230,2.3119,0.0017,-0.0003,267.3031,-1.6071,-0.0499,0.4526,0.3001,-0.1247,-7.4823,0.0000,0.7458,1.0000,1,1,0,0,0,25.1000
3.9210,181.7211,0.0864,102.7934,2.3120,8.3232,2.3120,0.0017,0.0010,267.2110,-1.7151,-0.0499,0.4526,0.3001,-0.1247,-7.4823,0.0000,0.7458,1.0000,1,1,0,0,0,25.1061
3.9721,181.6030,0.0864,102.7874,2.3120,8.3232,2.3120,0.0016,-0.0001,267.1373,-1.4416,-0.0499,0.4526,0.3001,-0.1247,-7.4823,0.0000,0.7458,1.0000,1,1,0,0,0,25.0907
4.0263,181.4780,0.0864,102.7809,2.3155,8.3358,2.3155,0.0016,0.0647,267.0451,-1.7041,-0.0499,0.4604,0.3001,-0.1247,-7.4823,0.0000,0.7494,1.0000,1,1,0,0,0,25.1053
4.0807,181.3512,0.0864,102.7740,2.3569,8.4847,2.3569,0.0016,0.7597,266.9514,-1.7218,-0.0499,0.5015,0.3001,-0.1247,-7.4823,0.0000,0.7772,1.0000,1,1,0,0,0,25.1057
4.1390,181.2104,0.0864,102.7662,2.4811,8.9320,2.4811,0.0013,2.1314,266.8532,-1.6841,-0.0499,0.5582,0.3001,-0.1247,-7.4823,0.0000,0.8330,1.0000,1,1,0,0,0,25.1016
4.2047,181.0381,0.0864,102.7564,2.7565,9.9232,2.7565,0.0007,4.1892,266.7253,-1.9450,-0.0499,0.6051,0.3001,-0.1247,-7.4823,0.0000,0.9174,1.0000,1,1,0,0,0,25.1121
4.2638,180.8667,0.0864,102.7463,3.0505,10.9818,3.0505,0.0000,4.9793,266.5872,-2.3399,-0.0499,0.6188,0.3001,-0.1247,-7.4823,0.0000,0.9650,1.0000,1,1,0,0,0,25.1300
4.3228,180.6817,0.0864,102.7350,3.2372,11.6539,3.2372,0.0006,3.1624,266.4669,-2.0364,-0.0499,0.6344,0.3001,-0.1247,-7.4823,0.0000,0.9829,1.0000,1,1,0,0,0,25.1159
4.3768,180.5036,0.0864,102.7238,3.3664,12.1189,3.3664,0.0010,2.3917,266.3440,-2.2769,-0.0499,0.6500,0.3001,-0.1247,-7.4823,0.0000,0.9916,1.0000,1,1,0,0,0,25.1311
4.4371,180.2984,0.0864,102.7104,3.4507,12.4224,3.4507,0.0014,1.3985,266.2193,-2.0676,-0.0499,0.6677,0.3001,-0.1247,-7.4823,0.0000,0.9959,1.0000,1,1,0,0,0,25.1208
4.4912,180.1104,0.0864,102.6978,3.5036,12.6128,3.5036,0.0016,0.9772,266.0937,-2.3211,-0.0499,0.6794,0.3001,-0.1247,-7.4823,0.0000,0.9980,1.0000,1,1,0,0,0,25.1356
4.5470,179.9143,0.0864,102.6842,3.5360,12.7295,3.5360,0.0017,0.5806,265.9674,-2.2628,-0.0499,0.6892,0.3001,-0.1247,-7.4823,0.0000,0.9990,1.0000,1,1,0,0,0,25.1329
4.6005,179.7254,0.0864,102.6707,3.5554,12.7994,3.5554,0.0018,0.3635,265.8407,-2.3718,-0.0499,0.6950,0.3001,-0.1247,-7.4823,0.0000,0.9995,1.0000,1,1,0,0,0,25.1392
4.6511,179.5454,0.0864,102.6574,3.5669,12.8409,3.5669,0.0018,0.2276,265.7139,-2.5019,-0.0499,0.6950,0.3001,-0.1247,-7.4823,0.0000,0.9998,1.0000,1,1,0,0,0,25.1465
4.7065,179.3483,0.0864,102.6425,3.5736,12.8651,3.5736,0.0018,0.1217,265.5869,-2.2950,-0.0499,0.6950,0.3001,-0.1247,-7.4823,0.0000,0.9999,1.0000,1,1,0,0,0,25.1352
4.7650,179.1397,0.0864,102.6263,3.5775,12.8791,3.5775,0.0019,0.0663,265.4598,-2.1714,-0.0499,0.6950,0.3001,-0.1247,-7.4823,0.0000,0.9999,1.0000,1,1,0,0,0,25.1284
4.8184,178.9494,0.0864,102.6110,3.5798,12.8872,3.5798,0.0019,0.0423,265.3326,-2.3831,-0.0499,0.6950,0.3001,-0.1247,-7.4823,0.0000,1.0000,1.0000,1,1,0,0,0,25.1402
4.8711,178.7611,0.0864,102.5955,3.5809,12.8912,3.5809,0.0019,0.0208,265.2308,-1.9293,-0.0499,0.6950,0.3001,-0.1247,-7.4823,0.0000,1.0000,1.0000,1,1,0,0,0,25.1152
4.9306,178.5488,0.0864,102.5775,3.5819,12.8947,3.5819,0.0019,0.0167,265.0782,-2.5651,-0.0499,0.6950,0.3001,-0.1247,-7.4823,0.0000,1.0000,1.0000,1,1,0,0,0,25.1504
4.9825,178.3638,0.0864,102.5614,3.5822,12.8959,3.5822,0.0019,0.0064,264.9765,-1.9621,-0.0499,0.6950,0.3001,-0.1247,-7.4823,0.0000,1.0000,1.0000,1,1,0,0,0,25.1170
5.0326,178.1849,0.0864,102.5455,3.5824,12.8968,3.5824,0.0019,0.0048,264.8493,-2.5368,-0.0499,0.6950,0.3001,-0.1247,-7.4823,0.0000,1.0000,1.0000,1,1,0,0,0,25.1488
5.0841,178.0012,0.0864,102.5288,3.5826,12.8975,3.5826,0.0018,0.0039,264.7230,-2.4540,-0.0479,0.6950,0.3001,-0.1228,-7.4692,0.2537,1.0000,1.0000,1,1,0,0,0,25.1581
5.1564,177.7434,0.0864,102.5047,3.5827,12.8978,3.5827,0.0017,0.0011,264.5742,-2.0585,-0.0479,0.6950,0.3001,-0.1209,-7.3947,1.0308,1.0000,1.0000,1,1,0,0,0,25.1789
5.2141,177.5377,0.0864,102.4850,3.5827,12.8979,3.5827,0.0017,0.0004,264.4513,-2.1315,-0.0479,0.6950,0.3001,-0.1203,-7.2921,1.7791,1.0000,1.0000,1,1,0,0,0,25.2244
5.2797,177.3037,0.0864,102.4619,3.5828,12.8981,3.5828,0.0017,0.0008,264.3040,-2.2443,-0.0479,0.6950,0.3001,-0.1200,-7.2469,0.6879,1.0000,1.0000,1,1,0,0,0,25.1699
5.3358,177.1035,0.0864,102.4418,3.5828,12.8981,3.5828,0.0017,0.0004,264.1814,-2.1827,-0.0479,0.6950,0.3001,-0.1199,-7.2181,0.5130,1.0000,1.0000,1,1,0,0,0,25.1567
5.3948,176.8934,0.0864,102.4201,3.5828,12.8981,3.5828,0.0016,-0.0004,264.0344,-2.4939,-0.0479,0.6950,0.3001,-0.1198,-7.2051,0.2202,1.0000,1.0000,1,1,0,0,0,25.1575
5.4533,176.6851,0.0864,102.3982,3.5828,12.8982,3.5828,0.0016,0.0007,263.9118,-2.0968,-0.0479,0.6950,0.3001,-0.1198,-7.1971,0.1376,1.0000,1.0000,1,1,0,0,0,25.1310
5.5040,176.5043,0.0864,102.3787,3.5828,12.8979,3.5828,0.0017,-0.0015,263.8137,-1.9323,-0.0479,0.6950,0.3001,-0.1198,-7.1935,0.0702,1.0000,1.0000,1,1,0,0,0,25.1182
5.5672,176.2794,0.0864,102.3541,3.5828,12.8982,3.5828,0.0016,0.0012,263.6666,-2.3303,-0.0479,0.6950,0.3001,-0.1198,-7.1914,0.0336,1.0000,1.0000,1,1,0,0,0,25.1382
5.6213,176.0866,0.0864,102.3325,3.5828,12.8980,3.5828,0.0016,-0.0008,263.5440,-2.2625,-0.0479,0.6950,0.3001,-0.1198,-7.1903,0.0201,1.0000,1.0000,1,1,0,0,0,25.1337
5.6796,175.8791,0.0864,102.3088,3.5828,12.8980,3.5828,0.0016,-0.0001,263.4216,-2.1001,-0.0479,0.6950,0.3001,-0.1198,-7.1898,0.0094,1.0000,1.0000,1,1,0,0,0,25.1241
5.7354,175.6805,0.0864,102.2857,3.5828,12.8982,3.5828,0.0017,0.0010,263.2991,-2.1952,-0.0479,0.6950,0.3001,-0.1198,-7.1896,0.0038,1.0000,1.0000,1,1,0,0,0,25.1291
5.7873,175.4958,0.0864,102.2638,3.5828,12.8980,3.5828,0.0016,-0.0014,263.1766,-2.3606,-0.0479,0.6950,0.3001,-0.1198,-7.1894,0.0030,1.0000,1.0000,1,1,0,0,0,25.1382
5.8445,175.2926,0.0864,102.2393,3.5828,12.8981,3.5828,0.0020,0.0006,263.0478,-2.2533,-0.0616,0.6950,0.3001,-0.1336,-7.3241,2.3560,1.0000,1.0000,1,1,0,0,0,25.2643
5.8979,175.1024,0.0864,102.2159,3.5828,12.8980,3.5828,0.0029,-0.0004,262.8977,-2.8075,-0.0772,0.6950,0.3001,-0.1596,-8.0099,12.8236,1.0000,1.0000,1,1,0,0,0,25.8806
5.9563,174.8950,0.0864,102.1899,3.5828,12.8982,3.5828,0.0044,0.0009,262.7167,-3.1029,-0.0909,0.6950,0.3001,-0.1927,-9.3847,23.5726,1.0000,1.0000,1,1,0,0,0,26.5006
6.0107,174.7015,0.0864,102.1650,3.5828,12.8981,3.5828,0.0061,-0.0007,262.5045,-3.8980,-0.1026,0.6950,0.3001,-0.2241,-10.7907,25.8212,1.0000,1.0000,1,1,0,0,0,26.6765
6.0724,174.4823,0.0864,102.1360,3.5828,12.8980,3.5828,0.0077,-0.0001,262.2167,-4.6615,-0.1066,0.6950,0.3001,-0.2490,-12.6617,30.3122,1.0000,1.0000,1,1,0,0,0,26.9752
6.1312,174.2737,0.0864,102.1075,3.5828,12.8981,3.5828,0.0086,0.0003,261.9615,-4.3423,-0.1066,0.6950,0.3001,-0.2589,-14.0650,23.8734,1.0000,1.0000,1,1,0,0,0,26.6034
6.1886,174.0700,0.0864,102.0787,3.5828,12.8981,3.5828,0.0090,0.0001,261.7003,-4.5501,-0.1066,0.6950,0.3001,-0.2632,-14.6941,10.9570,1.0000,1.0000,1,1,0,0,0,25.8993
6.2400,173.8880,0.0864,102.0521,3.5828,12.8982,3.5828,0.0091,0.0003,261.4379,-5.1095,-0.1007,0.6950,0.3001,-0.2609,-15.3708,13.1787,1.0000,1.0000,1,1,0,0,0,26.0543
6.2979,173.6828,0.0864,102.0212,3.5828,12.8981,3.5828,0.0088,-0.0003,261.1839,-4.3854,-0.0948,0.6950,0.3001,-0.2496,-15.3773,0.1113,1.0000,1.0000,1,1,0,0,0,25.2868
6.3546,173.4821,0.0864,101.9901,3.5828,12.8982,3.5828,0.0082,0.0004,260.9440,-4.2326,-0.0851,0.6950,0.3001,-0.2325,-14.9848,6.9237,1.0000,1.0000,1,1,0,0,0,25.6540
6.4059,173.3004,0.0864,101.9611,3.5828,12.8980,3.5828,0.0072,-0.0008,260.7228,-4.3054,-0.0772,0.6950,0.3001,-0.2133,-14.2124,15.0350,1.0000,1.0000,1,1,0,0,0,26.1047
6.4564,173.1221,0.0864,101.9320,3.5828,12.8981,3.5828,0.0065,0.0004,260.5595,-3.2394,-0.0714,0.6950,0.3001,-0.1976,-13.4288,15.5422,1.0000,1.0000,1,1,0,0,0,26.0704
6.5154,172.9134,0.0864,101.8972,3.5828,12.8981,3.5828,0.0056,-0.0001,260.3705,-3.2016,-0.0675,0.6950,0.3001,-0.1825,-12.2682,19.6532,1.0000,1.0000,1,1,0,0,0,26.2930
6.5791,172.6885,0.0864,101.8588,3.5828,12.8981,3.5828,0.0047,0.0001,260.1601,-3.3035,-0.0636,0.6950,0.3001,-0.1686,-11.3253,14.8098,1.0000,1.0000,1,1,0,0,0,26.0258
6.6388,172.4778,0.0864,101.8221,3.5828,12.8980,3.5828,0.0040,-0.0005,259.9633,-3.2977,-0.0616,0.6950,0.3001,-0.1593,-10.5203,13.4855,1.0000,1.0000,1,1,0,0,0,25.9491
6.7064,172.2392,0.0864,101.7797,3.5828,12.8980,3.5828,0.0037,-0.0001,259.7727,-2.8168,-0.0616,0.6950,0.3001,-0.1559,-10.0100,7.5428,1.0000,1.0000,1,1,0,0,0,25.5909
6.7578,172.0581,0.0864,101.7469,3.5828,12.8981,3.5828,0.0036,0.0006,259.6470,-2.4456,-0.0616,0.6950,0.3001,-0.1550,-9.5942,8.0917,1.0000,1.0000,1,1,0,0,0,25.6005
6.8223,171.8307,0.0864,101.7051,3.5828,12.8979,3.5828,0.0035,-0.0008,259.4594,-2.9076,-0.0616,0.6950,0.3001,-0.1544,-9.4303,2.5404,1.0000,1.0000,1,1,0,0,0,25.3173
6.8787,171.6321,0.0864,101.6680,3.5828,12.8981,3.5828,0.0035,0.0009,259.3033,-2.7672,-0.0616,0.6950,0.3001,-0.1542,-9.3299,1.7786,1.0000,1.0000,1,1,0,0,0,25.2671
6.9292,171.4544,0.0864,101.6344,3.5828,12.8980,3.5828,0.0055,-0.0005,259.1559,-2.9216,-0.0616,0.6950,0.3001,-0.1541,-9.2905,0.7821,1.0000,1.0000,1,1,0,0,0,25.2290
6.9826,171.2665,0.0864,101.5984,3.5828,12.8980,3.5828,0.0036,0.0001,259.0109,-2.7142,-0.0616,0.6950,0.3001,-0.1540,-9.2667,0.4443,1.0000,1.0000,1,1,0,0,0,25.1906
7.0449,171.0476,0.0864,101.5557,3.5828,12.8982,3.5828,0.0030,0.0006,258.8659,-2.3296,-0.0616,0.6950,0.3001,-0.1540,-9.2536,0.2120,1.0000,1.0000,1,1,0,0,0,25.1539
7.1020,170.8467,0.0864,101.5160,3.5828,12.8983,3.5828,0.0029,0.0005,258.7210,-2.5350,-0.0616,0.6950,0.3001,-0.1540,-9.2465,0.1242,1.0000,1.0000,1,1,0,0,0,25.1598
7.1583,170.6490,0.0864,101.4763,3.5828,12.8980,3.5828,0.0028,-0.0010,258.5760,-2.5763,-0.0616,0.6950,0.3001,-0.1540,-9.2435,0.0530,1.0000,1.0000,1,1,0,0,0,25.1579
7.2222,170.4247,0.0864,101.4307,3.5828,12.8980,3.5828,0.0028,0.0000,258.4021,-2.7227,-0.0616,0.6950,0.3001,-0.1540,-9.2419,0.0242,1.0000,1.0000,1,1,0,0,0,25.1645
7.2803,170.2206,0.0864,101.3886,3.5828,12.8982,3.5828,0.0028,0.0008,258.2571,-2.4935,-0.0616,0.6950,0.3001,-0.1540,-9.2408,0.0188,1.0000,1.0000,1,1,0,0,0,25.1514
7.3370,170.0219,0.0864,101.3471,3.5828,12.8982,3.5828,0.0028,-0.0001,258.1121,-2.5578,-0.0616,0.6950,0.3001,-0.1540,-9.2404,0.0067,1.0000,1.0000,1,1,0,0,0,25.1543
7.3924,169.8277,0.0864,101.3063,3.5828,12.8980,3.5828,0.0066,-0.0008,257.9619,-2.7118,-0.0616,0.6950,0.3001,-0.1540,-9.2403,0.0032,1.0000,1.0000,1,1,0,0,0,25.1784
7.4498,169.6266,0.0864,101.2633,3.5828,12.8981,3.5828,0.0041,0.0003,257.7748,-3.2597,-0.0616,0.6950,0.3001,-0.1540,-9.2402,0.0014,1.0000,1.0000,1,1,0,0,0,25.1982
7.5092,169.4185,0.0864,101.2181,3.5828,12.8980,3.5828,0.0036,-0.0002,257.6191,-2.6203,-0.0616,0.6950,0.3001,-0.1540,-9.2401,0.0007,1.0000,1.0000,1,1,0,0,0,25.1608
7.5685,169.2110,0.0864,101.1723,3.5828,12.8981,3.5828,0.0035,0.0001,257.4632,-2.6278,-0.0616,0.6950,0.3001,-0.1540,-9.2401,0.0004,1.0000,1.0000,1,1,0,0,0,25.1608
7.6321,168.9886,0.0864,101.1226,3.5828,12.8980,3.5828,0.0035,-0.0003,257.2762,-2.9406,-0.0616,0.6950,0.3001,-0.1540,-9.2401,0.0001,1.0000,1.0000,1,1,0,0,0,25.1779
7.6904,168.7852,0.0864,101.0765,3.5828,12.8981,3.5828,0.0035,0.0006,257.1204,-2.6770,-0.0616,0.6950,0.3001,-0.1540,-9.2401,0.0001,1.0000,1.0000,1,1,0,0,0,25.1633
7.7555,168.5577,0.0864,101.0242,3.5828,12.8980,3.5828,0.0035,-0.0005,256.9333,-2.8706,-0.0616,0.6950,0.3001,-0.1540,-9.2401,0.0000,1.0000,1.0000,1,1,0,0,0,25.1740
7.8078,168.3752,0.0864,100.9817,3.5827,12.8977,3.5827,0.0034,-0.0014,256.7774,-2.9813,-0.0616,0.6950,0.3001,-0.1540,-9.2401,0.0000,1.0000,1.0000,1,1,0,0,0,25.1801
7.8583,168.1991,0.0864,100.9402,3.5827,12.8977,3.5827,0.0035,0.0000,256.6526,-2.4703,-0.0616,0.6950,0.3001,-0.1540,-9.2401,0.0000,1.0000,1.0000,1,1,0,0,0,25.1518
7.9133,168.0075,0.0864,100.8945,3.5828,12.8981,3.5828,0.0035,0.0019,256.4968,-2.8363,-0.0616,0.6950,0.3001,-0.1540,-9.2401,0.0000,1.0000,1.0000,1,1,0,0,0,25.1722
7.9697,167.8109,0.0864,100.8471,3.5828,12.8980,3.5828,0.0035,-0.0004,256.3409,-2.7612,-0.0616,0.6950,0.3001,-0.1540,-9.2401,0.0000,1.0000,1.0000,1,1,0,0,0,25.1680
8.0201,167.6355,0.0864,100.8043,3.5828,12.8981,3.5828,0.0035,0.0006,256.1851,-3.0916,-0.0616,0.6950,0.3001,-0.1540,-9.2401,0.0000,1.0000,1.0000,1,1,0,0,0,25.1862
8.0754,167.4434,0.0864,100.7569,3.5828,12.8980,3.5828,0.0035,-0.0007,256.0293,-2.8202,-0.0616,0.6950,0.3001,-0.1540,-9.2401,0.0000,1.0000,1.0000,1,1,0,0,0,25.1711
8.1369,167.2296,0.0864,100.7035,3.5828,12.8979,3.5828,0.0034,-0.0003,255.8423,-3.0402,-0.0616,0.6950,0.3001,-0.1540,-9.2401,0.0000,1.0000,1.0000,1,1,0,0,0,25.1832
8.1930,167.0346,0.0864,100.6542,3.5828,12.8980,3.5828,0.0031,0.0004,255.6927,-2.6656,-0.0499,0.6950,0.3001,-0.1419,-9.1193,2.1521,1.0000,1.0000,1,1,0,0,0,25.2807
8.2551,166.8190,0.0864,100.5991,3.5828,12.8981,3.5828,0.0024,0.0002,255.5607,-2.1246,-0.0401,0.6950,0.3001,-0.1212,-8.6846,6.9951,1.0000,1.0000,1,1,0,0,0,25.5165
8.3119,166.6220,0.0864,100.5481,3.5828,12.8981,3.5828,0.0012,0.0002,255.4525,-1.9044,-0.0264,0.6950,0.3001,-0.0949,-7.3358,23.7504,1.0000,1.0000,1,1,0,0,0,26.4302
8.3746,166.4047,0.0864,100.4915,3.5828,12.8981,3.5828,0.0010,0.0000,255.3693,-1.3286,-0.0108,0.6950,0.3001,-0.0423,-5.7489,25.3246,1.0000,1.0000,1,1,0,0,0,26.4851
8.4317,166.2069,0.0864,100.4396,3.5828,12.8981,3.5828,0.0028,-0.0003,255.3385,-0.5394,0.0088,0.6950,0.3001,-0.0182,-3.5464,38.5828,1.0000,1.0000,1,1,0,0,0,27.1852
8.4821,166.0322,0.0864,100.3936,3.5828,12.8981,3.5828,0.0039,0.0000,255.3239,-0.2893,0.0205,0.6950,0.3001,0.0002,-2.2215,26.2782,1.0000,1.0000,1,1,0,0,0,26.4925
8.5363,165.8445,0.0864,100.3441,3.5828,12.8982,3.5828,0.0057,0.0010,255.3449,0.3880,0.0361,0.6950,0.3001,0.0435,-0.5777,30.3345,1.0000,1.0000,1,1,0,0,0,26.7309
8.5866,165.6703,0.0864,100.2982,3.5828,12.8982,3.5828,0.0074,-0.0004,255.3920,0.9356,0.0499,0.6950,0.3001,0.0781,1.1562,34.4735,1.0000,1.0000,1,1,0,0,0,26.9983
8.6483,165.4564,0.0864,100.2420,3.5828,12.8982,3.5828,0.0101,0.0003,255.5109,1.9256,0.0674,0.6950,0.3001,0.1269,3.7923,42.7052,1.0000,1.0000,1,1,0,0,0,27.5216
8.7052,165.2590,0.0864,100.1905,3.5828,12.8980,3.5828,0.0122,-0.0012,255.6542,2.5179,0.0850,0.6950,0.3001,0.1684,6.4703,47.0310,1.0000,1.0000,1,1,0,0,0,27.8040
8.7706,165.0323,0.0864,100.1320,3.5827,12.8979,3.5827,0.0148,-0.0004,255.8784,3.4300,0.0987,0.6950,0.3001,0.2144,8.5399,31.6744,1.0000,1.0000,1,1,0,0,0,27.0123
8.8219,164.8542,0.0864,100.0865,3.5828,12.8979,3.5827,0.0162,0.0001,256.0538,3.4196,0.1046,0.6950,0.3001,0.2370,11.5320,58.3277,1.0000,1.0000,1,1,0,0,0,28.4983
8.8763,164.6652,0.0864,100.0390,3.5828,12.8979,3.5827,0.0174,0.0001,256.2897,4.3364,0.1065,0.6950,0.3001,0.2517,13.1718,30.1366,1.0000,1.0000,1,1,0,0,0,26.9882
8.9264,164.4909,0.0864,99.9959,3.5827,12.8979,3.5827,0.0182,-0.0003,256.5363,4.9201,0.1065,0.6950,0.3001,0.2600,14.2138,20.7936,1.0000,1.0000,1,1,0,0,0,26.5047
8.9887,164.2741,0.0864,99.9432,3.5827,12.8977,3.5827,0.0185,-0.0007,256.7878,4.0398,0.1065,0.6950,0.3001,0.2636,14.9988,12.6071,1.0000,1.0000,1,1,0,0,0,26.0024
9.0387,164.0999,0.0864,99.9017,3.5827,12.8977,3.5827,0.0188,0.0000,257.0416,5.0756,0.1065,0.6950,0.3001,0.2651,15.4341,8.7062,1.0000,1.0000,1,1,0,0,0,25.8442
9.1005,163.8843,0.0864,99.8513,3.5827,12.8976,3.5826,0.0188,-0.0008,257.2963,4.1215,0.1065,0.6950,0.3001,0.2658,15.6915,4.1639,1.0000,1.0000,1,1,0,0,0,25.5390
9.1594,163.6785,0.0864,99.8043,3.5827,12.8978,3.5827,0.0189,0.0011,257.6025,5.1962,0.1065,0.6950,0.3001,0.2661,15.8406,2.5319,1.0000,1.0000,1,1,0,0,0,25.5084
9.2140,163.4877,0.0864,99.7616,3.5827,12.8977,3.5827,0.0189,-0.0002,257.8578,4.6791,0.1065,0.6950,0.3001,0.2662,15.9023,1.1307,1.0000,1.0000,1,1,0,0,0,25.4019
9.2851,163.2386,0.0864,99.7072,3.5827,12.8976,3.5826,0.0189,-0.0004,258.1643,4.3056,0.1065,0.6950,0.3001,0.2663,15.9408,0.5407,1.0000,1.0000,1,1,0,0,0,25.3483
9.3392,163.0492,0.0864,99.6668,3.5827,12.8977,3.5826,0.0189,0.0004,258.4197,4.7261,0.1065,0.6950,0.3001,0.2663,15.9625,0.4009,1.0000,1.0000,1,1,0,0,0,25.3639
9.3977,162.8440,0.0864,99.6240,3.5827,12.8976,3.5826,0.0189,-0.0005,258.6752,4.3661,0.1065,0.6950,0.3001,0.2663,15.9711,0.1463,1.0000,1.0000,1,1,0,0,0,25.3297
9.4519,162.6537,0.0864,99.5853,3.5828,12.8979,3.5827,0.0189,0.0018,258.9306,4.7114,0.1065,0.6950,0.3001,0.2663,15.9745,0.0635,1.0000,1.0000,1,1,0,0,0,25.3443
9.5021,162.4773,0.0864,99.5501,3.5827,12.8978,3.5827,0.0189,-0.0007,259.1860,5.0872,0.1065,0.6950,0.3001,0.2663,15.9764,0.0381,1.0000,1.0000,1,1,0,0,0,25.3639
9.5596,162.2751,0.0864,99.5107,3.5826,12.8975,3.5826,0.0189,-0.0013,259.4415,4.4441,0.1065,0.6950,0.3001,0.2663,15.9775,0.0189,1.0000,1.0000,1,1,0,0,0,25.3271
9.6146,162.0815,0.0864,99.4739,3.5827,12.8977,3.5826,0.0189,0.0006,259.6969,4.6437,0.1065,0.6950,0.3001,0.2663,15.9780,0.0091,1.0000,1.0000,1,1,0,0,0,25.3377
9.6647,161.9050,0.0864,99.4410,3.5827,12.8978,3.5827,0.0189,0.0010,259.9012,4.0753,0.1065,0.6950,0.3001,0.2663,15.9782,0.0047,1.0000,1.0000,1,1,0,0,0,25.3057
9.7223,161.7022,0.0864,99.4043,3.5827,12.8976,3.5826,0.0189,-0.0012,260.1566,4.4405,0.1065,0.6950,0.3001,0.2663,15.9784,0.0023,1.0000,1.0000,1,1,0,0,0,25.3258
9.7747,161.5172,0.0864,99.3716,3.5826,12.8975,3.5826,0.0189,-0.0004,260.4129,4.8874,0.1085,0.6950,0.3001,0.2682,15.9932,0.2832,1.0000,1.0000,1,1,0,0,0,25.3665
9.8352,161.3037,0.0864,99.3348,3.5827,12.8976,3.5826,0.0191,0.0005,260.7232,5.1307,0.1085,0.6950,0.2844,0.2701,16.0846,1.5108,1.0000,1.0000,1,1,0,0,0,25.4488
9.8940,161.0946,0.0864,99.2998,3.7652,13.5548,3.7652,0.0202,3.1052,260.9831,4.4221,0.1085,0.6911,-0.3842,0.2707,16.1600,1.2825,1.0000,0.6947,1,0,0,0,0,3.8709
9.9452,160.8841,0.0864,99.2656,4.5595,16.4143,4.5595,0.0257,15.4962,261.1998,4.2265,0.1085,0.6911,-0.7458,0.2710,16.2047,0.8717,1.0000,0.3353,1,0,0,0,0,2.0443
9.9959,160.6175,0.0864,99.2235,5.9907,21.5665,5.9906,0.0382,28.2274,261.4970,5.8632,0.1085,0.6950,-0.9766,0.2711,16.2324,0.5481,1.0000,0.1349,1,0,0,0,0,1.1263
10.0482,160.2668,0.0864,99.1695,7.6863,27.6706,7.6861,0.0570,32.4120,261.8323,6.4082,0.1085,0.6970,-0.9980,0.2711,16.2482,0.3018,1.0000,0.0543,1,0,0,0,0,0.7552
10.1108,159.7329,0.0864,99.0903,9.5252,34.2908,9.5249,0.0822,29.3688,262.2106,6.0416,0.1085,0.6970,-1.0000,0.2712,16.2601,0.1897,1.0000,0.0218,1,0,0,0,0,0.5848
10.1692,159.1158,0.0864,99.0027,11.8280,42.5809,11.8274,0.1219,39.4465,262.7252,8.8147,0.1085,0.6970,-1.0000,0.2712,16.2660,0.1012,1.0000,0.0073,1,0,0,0,0,0.6865
10.2224,158.4510,0.0864,98.9127,13.3923,48.2124,13.3915,0.1536,29.4315,263.1060,7.1651,0.1085,0.6970,-1.0000,0.2712,16.2684,0.0447,1.0000,0.0035,1,0,0,0,0,0.5902
10.2731,157.7235,0.0864,98.8192,15.3634,55.3084,15.3621,0.1999,38.8893,263.6252,10.2436,0.1085,0.6970,-1.0000,0.2712,16.2699,0.0293,1.0000,0.0014,1,0,0,0,0,0.7730
10.3278,156.8351,0.0864,98.7119,17.3431,62.4352,17.3413,0.2532,36.1483,264.1927,10.3635,0.1085,0.6970,-1.0000,0.2712,16.2707,0.0144,1.0000,0.0006,1,0,0,0,0,0.7984
10.3825,155.8404,0.0864,98.6004,19.3266,69.5757,19.3240,0.3134,36.2523,264.8088,11.2600,0.1085,0.6970,-1.0000,0.2712,16.2710,0.0066,1.0000,0.0002,1,0,0,0,0,0.8703
10.4389,154.7025,0.0864,98.4839,21.3112,76.7204,21.3078,0.3805,35.1912,265.4733,11.7819,0.1085,0.6970,-1.0000,0.2712,16.2713,0.0042,1.0000,0.0001,1,0,0,0,0,0.9230
10.4901,153.5722,0.0864,98.3794,23.2960,83.8656,23.2916,0.4546,38.8056,266.1862,13.9394,0.1085,0.6970,-1.0000,0.2712,16.2714,0.0018,1.0000,0.0000,1,0,0,0,0,1.0674
10.5439,152.2809,0.0864,98.2740,24.8836,89.5810,24.8782,0.5184,29.5099,266.7915,11.2507,0.1085,0.6970,-1.0000,0.2712,16.2714,0.0009,1.0000,0.0000,1,0,0,0,0,0.9377
10.6008,150.8003,0.0864,98.1707,27.2640,98.1503,27.2570,0.6191,41.7912,267.7577,16.9631,0.1085,0.6970,-1.0000,0.2712,16.2714,0.0004,1.0000,0.0000,1,0,0,0,0,1.2831
10.6516,149.3816,0.0864,98.0913,28.8489,103.8559,28.8420,0.6275,31.2242,268.4406,13.4532,0.1085,0.6970,-1.0000,0.2712,16.2714,0.0003,1.0000,0.0000,1,0,0,0,0,1.0737
10.7038,147.8337,0.0864,98.0280,30.2387,108.8595,30.2321,0.6356,26.6060,269.3347,17.1155,0.1085,0.6970,-0.9531,0.2712,16.2715,0.0001,1.0000,0.0000,1,0,0,0,0,1.2662
10.7633,146.0467,0.0864,97.9835,29.8427,107.4339,29.8361,0.6303,-6.6552,270.2392,15.2022,0.1085,0.6950,-0.5973,0.2712,16.2715,0.0000,1.0000,0.0000,1,0,0,0,0,1.1614
10.8327,143.9639,0.0864,97.9702,29.8428,107.4340,29.8362,0.6288,0.0007,271.3371,15.8304,0.1085,0.6931,-0.1691,0.2712,16.2715,0.0000,1.0000,0.0000,1,0,0,0,0,1.1955
10.8876,142.3483,0.0864,97.9884,28.1156,101.2161,28.1092,0.6013,-31.4651,272.2398,16.4456,0.1085,0.6931,0.1691,0.2712,16.2715,0.0000,1.0000,0.4209,1,0,0,0,0,3.3392
10.9448,140.9722,0.0864,98.0225,19.5013,70.2047,19.4965,0.4308,-150.6863,273.1706,16.2813,0.1085,0.6931,0.2844,0.2712,16.2715,0.0000,1.0000,0.8058,1,1,0,0,0,25.2651
11.0000,140.0425,0.0864,98.0579,14.3307,51.5906,14.3279,0.2837,-93.5092,273.6500,8.6693,0.1085,0.6931,0.2942,0.2712,16.2715,0.0000,1.0000,0.9063,1,1,0,0,0,25.3101
11.0581,139.3829,0.0864,98.0917,9.1868,33.0724,9.1857,0.1378,-88.6164,274.2076,9.6057,0.1085,0.6931,0.2942,0.2712,16.2715,0.0000,1.0000,0.9686,1,1,0,0,0,25.6016
11.1179,138.9104,0.0864,98.1215,6.7596,24.3346,6.7592,0.0768,-40.5608,274.5782,6.1948,0.1085,0.6931,0.2942,0.2712,16.2715,0.0000,1.0000,0.9874,1,1,0,0,0,25.4514
11.1804,138.5432,0.0864,98.1484,5.1710,18.6156,5.1708,0.0433,-25.4182,274.9612,6.1266,0.1065,0.6931,0.2942,0.2698,16.2662,0.0836,1.0000,0.9958,1,1,0,0,0,25.4495
11.2304,138.3011,0.0864,98.1679,4.5796,16.4866,4.5795,0.0327,-11.8261,275.1928,4.6319,0.1026,0.6931,0.2942,0.2659,16.2035,1.2544,1.0000,0.9980,1,1,0,0,0,25.4239
11.2886,138.0514,0.0864,98.1895,4.1385,14.8987,4.1384,0.0254,-7.5827,275.4596,4.5863,0.0968,0.6931,0.2942,0.2540,15.8516,6.0501,1.0000,0.9992,1,1,0,0,0,25.6788
11.3578,137.7788,0.0864,98.2148,3.8275,13.7790,3.8275,0.0207,-4.4925,275.8052,4.9928,0.0968,0.6931,0.2942,0.2456,15.4162,6.2885,1.0000,0.9998,1,1,0,0,0,25.7066
11.4161,137.5602,0.0864,98.2362,3.7187,13.3874,3.7187,0.0192,-1.8676,276.0433,4.0884,0.0968,0.6931,0.2942,0.2435,14.9511,7.9860,1.0000,0.9999,1,1,0,0,0,25.7477
11.4702,137.3617,0.0864,98.2565,3.6583,13.1701,3.6583,0.0184,-1.1156,276.2782,4.3389,0.0968,0.6931,0.2942,0.2426,14.7805,3.1505,1.0000,1.0000,1,1,0,0,0,25.4915
11.5240,137.1668,0.0864,98.2773,3.6248,13.0493,3.6247,0.0181,-0.6234,276.5115,4.3345,0.0968,0.6911,0.2942,0.2422,14.6543,2.3465,1.0000,1.0000,1,1,0,0,0,25.4458
11.5820,136.9585,0.0864,98.3003,3.6061,12.9819,3.6061,0.0178,-0.3226,276.7426,3.9873,0.0948,0.6911,0.2942,0.2396,14.5615,1.6011,1.0000,1.0000,1,1,0,0,0,25.3843
11.6393,136.7536,0.0864,98.3239,3.5957,12.9445,3.5957,0.0176,-0.1813,276.9713,3.9921,0.0948,0.6911,0.2942,0.2381,14.4384,2.1492,1.0000,1.0000,1,1,0,0,0,25.4144
11.6912,136.5683,0.0864,98.3459,3.5899,12.9236,3.5899,0.0175,-0.1118,277.1989,4.3829,0.0948,0.6911,0.2942,0.2375,14.3545,1.6140,1.0000,1.0000,1,1,0,0,0,25.4061
11.7482,136.3654,0.0864,98.3708,3.5867,12.9122,3.5867,0.0174,-0.0559,277.4260,3.9859,0.0948,0.6911,0.2942,0.2372,14.2954,1.0386,1.0000,1.0000,1,1,0,0,0,25.3519
11.7997,136.1822,0.0864,98.3940,3.5849,12.9056,3.5849,0.0174,-0.0352,277.6529,4.4071,0.0948,0.6911,0.2942,0.2371,14.2634,0.6214,1.0000,1.0000,1,1,0,0,0,25.3521
11.8505,136.0016,0.0864,98.4176,3.5841,12.9029,3.5841,0.0173,-0.0152,277.8344,3.5725,0.0948,0.6911,0.2942,0.2371,14.2463,0.3366,1.0000,1.0000,1,1,0,0,0,25.2898
11.9025,135.8170,0.0864,98.4424,3.5835,12.9006,3.5835,0.0174,-0.0120,278.0613,4.3621,0.0948,0.6911,0.2942,0.2370,14.2337,0.2423,1.0000,1.0000,1,1,0,0,0,25.3284
11.9557,135.6280,0.0864,98.4685,3.5832,12.8994,3.5831,0.0174,-0.0065,278.2880,4.2593,0.0948,0.6911,0.2942,0.2370,14.2275,0.1148,1.0000,1.0000,1,1,0,0,0,25.3157
12.0116,135.4298,0.0864,98.4966,3.5829,12.8986,3.5829,0.0174,-0.0041,278.5147,4.0589,0.0948,0.6911,0.2942,0.2370,14.2242,0.0608,1.0000,1.0000,1,1,0,0,0,25.3015
12.0624,135.2495,0.0864,98.5230,3.5829,12.8983,3.5828,0.0173,-0.0012,278.6955,3.5548,0.0909,0.6911,0.2942,0.2349,14.2175,0.1314,1.0000,1.0000,1,1,0,0,0,25.2771
12.1149,135.0635,0.0864,98.5508,3.5828,12.8981,3.5828,0.0169,-0.0014,278.9132,4.1463,0.0811,0.6911,0.2942,0.2219,13.9938,4.2602,1.0000,1.0000,1,1,0,0,0,25.5378
12.1678,134.8764,0.0864,98.5795,3.5828,12.8979,3.5827,0.0160,-0.0007,279.1107,3.7382,0.0655,0.6911,0.2942,0.1962,13.3918,11.3952,1.0000,1.0000,1,1,0,0,0,25.9076
12.2208,134.6887,0.0864,98.6089,3.5828,12.8980,3.5828,0.0149,0.0005,279.2491,2.6093,0.0616,0.6911,0.2942,0.1754,12.4121,18.4700,1.0000,1.0000,1,1,0,0,0,26.2333
12.2774,134.4885,0.0864,98.6410,3.5827,12.8977,3.5827,0.0137,-0.0014,279.4357,3.2975,0.0596,0.6911,0.2942,0.1586,11.1478,22.3414,1.0000,1.0000,1,1,0,0,0,26.4818
12.3351,134.2845,0.0864,98.6742,3.5827,12.8979,3.5827,0.0132,0.0007,279.5822,2.5395,0.0596,0.6911,0.2942,0.1532,10.1701,16.9487,1.0000,1.0000,1,1,0,0,0,26.1378
12.3953,134.0716,0.0864,98.7096,3.5828,12.8979,3.5827,0.0129,0.0001,279.7252,2.3738,0.0596,0.6911,0.2942,0.1508,9.7584,6.8333,1.0000,1.0000,1,1,0,0,0,25.5653
12.4472,133.8884,0.0864,98.7405,3.5827,12.8977,3.5827,0.0128,-0.0013,279.8670,2.7338,0.0596,0.6911,0.2942,0.1498,9.3103,8.6416,1.0000,1.0000,1,1,0,0,0,25.6854
12.4977,133.7101,0.0864,98.7710,3.5828,12.8979,3.5827,0.0127,0.0013,279.9799,2.2361,0.0596,0.6911,0.2942,0.1494,9.1529,3.1175,1.0000,1.0000,1,1,0,0,0,25.3505
12.5501,133.5250,0.0864,98.8030,3.5828,12.8979,3.5827,0.0127,0.0001,280.1208,2.6870,0.0596,0.6911,0.2942,0.1492,9.0604,1.7645,1.0000,1.0000,1,1,0,0,0,25.3003
12.6020,133.3421,0.0864,98.8352,3.5827,12.8978,3.5827,0.0127,-0.0006,280.2616,2.7161,0.0596,0.6911,0.2942,0.1491,9.0019,1.1272,1.0000,1.0000,1,1,0,0,0,25.2666
12.6533,133.1611,0.0864,98.8674,3.5828,12.8980,3.5827,0.0126,0.0009,280.3741,2.1931,0.0596,0.6911,0.2942,0.1491,8.9752,0.5207,1.0000,1.0000,1,1,0,0,0,25.2036
12.7043,132.9812,0.0864,98.8999,3.5828,12.8980,3.5827,0.0127,-0.0001,280.5148,2.7578,0.0596,0.6911,0.2942,0.1491,8.9599,0.3003,1.0000,1.0000,1,1,0,0,0,25.2229
12.7565,132.7973,0.0864,98.9335,3.5828,12.8979,3.5827,0.0127,-0.0002,280.6555,2.6955,0.0596,0.6911,0.2942,0.1490,8.9524,0.1441,1.0000,1.0000,1,1,0,0,0,25.2108
12.8143,132.5935,0.0864,98.9712,3.5827,12.8977,3.5827,0.0127,-0.0009,280.7962,2.4326,0.0596,0.6911,0.2942,0.1490,8.9472,0.0901,1.0000,1.0000,1,1,0,0,0,25.1932
12.8676,132.4059,0.0864,99.0065,3.5828,12.8980,3.5827,0.0127,0.0013,280.9370,2.6427,0.0596,0.6911,0.2942,0.1490,8.9449,0.0422,1.0000,1.0000,1,1,0,0,0,25.2022
12.9180,132.2285,0.0864,99.0402,3.5828,12.8981,3.5828,0.0126,0.0007,281.0495,2.2324,0.0596,0.6911,0.2942,0.1490,8.9438,0.0227,1.0000,1.0000,1,1,0,0,0,25.1782
12.9682,132.0520,0.0864,99.0742,3.5828,12.8982,3.5828,0.0127,0.0003,281.1902,2.8052,0.0596,0.6911,0.2942,0.1490,8.9432,0.0112,1.0000,1.0000,1,1,0,0,0,25.2095
13.0195,131.8713,0.0864,99.1094,3.5828,12.8981,3.5828,0.0126,-0.0001,281.3028,2.1908,0.0596,0.6911,0.2981,0.1490,8.9429,0.0061,1.0000,1.0000,1,1,0,0,0,25.1749
13.0749,131.6768,0.0864,99.1478,3.5828,12.8981,3.5828,0.0126,-0.0004,281.4435,2.5424,0.0596,0.6911,0.2981,0.1490,8.9427,0.0030,1.0000,1.0000,1,1,0,0,0,25.1943
13.1336,131.4706,0.0864,99.1890,3.5827,12.8979,3.5827,0.0127,-0.0009,281.6124,2.8775,0.0596,0.6911,0.2981,0.1490,8.9426,0.0015,1.0000,1.0000,1,1,0,0,0,25.2130
13.1857,131.2876,0.0864,99.2261,3.5827,12.8978,3.5827,0.0126,-0.0006,281.7249,2.1602,0.0596,0.6911,0.2981,0.1490,8.9426,0.0007,1.0000,1.0000,1,1,0,0,0,25.1729
13.2464,131.0747,0.0864,99.2697,3.5827,12.8979,3.5827,0.0127,0.0005,281.8938,2.7828,0.0596,0.6911,0.2981,0.1490,8.9426,0.0004,1.0000,1.0000,1,1,0,0,0,25.2076
13.3062,130.8647,0.0864,99.3134,3.5828,12.8980,3.5827,0.0126,0.0005,282.0345,2.3503,0.0596,0.6911,0.2981,0.1490,8.9426,0.0002,1.0000,1.0000,1,1,0,0,0,25.1835
13.3573,130.6857,0.0864,99.3510,3.5828,12.8979,3.5827,0.0127,-0.0003,282.1752,2.7551,0.0596,0.6911,0.2981,0.1490,8.9426,0.0001,1.0000,1.0000,1,1,0,0,0,25.2061
13.4239,130.4523,0.0864,99.4008,3.5827,12.8979,3.5827,0.0127,-0.0002,282.3440,2.5345,0.0596,0.6911,0.2981,0.1490,8.9426,0.0000,1.0000,1.0000,1,1,0,0,0,25.1938
13.4831,130.2448,0.0864,99.4456,3.5827,12.8979,3.5827,0.0126,0.0001,282.4845,2.3723,0.0577,0.6911,0.3001,0.1483,8.9426,0.0000,1.0000,1.0000,1,1,0,0,0,25.1847
13.5342,130.0660,0.0864,99.4847,3.5827,12.8978,3.5827,0.0124,-0.0004,282.6198,2.6473,0.0499,0.6911,0.3001,0.1390,8.8286,2.2310,1.0000,1.0000,1,1,0,0,0,25.3230
13.5942,129.8562,0.0864,99.5310,3.5828,12.8982,3.5828,0.0118,0.0016,282.7431,2.0573,0.0361,0.6911,0.3001,0.1172,8.3216,8.4546,1.0000,1.0000,1,1,0,0,0,25.6335
13.6456,129.6766,0.0864,99.5714,3.5828,12.8981,3.5828,0.0048,-0.0004,282.8358,1.8033,0.0225,0.6911,0.3001,0.0884,7.2687,20.4855,1.0000,1.0000,1,1,0,0,0,26.2583
13.6974,129.4955,0.0864,99.6127,3.5828,12.8981,3.5828,0.0006,-0.0002,282.8837,0.9240,0.0127,0.6911,0.3001,0.0380,5.7441,29.4205,1.0000,1.0000,1,1,0,0,0,26.6884
13.7618,129.2708,0.0864,99.6643,3.5829,12.8983,3.5829,0.0033,0.0010,282.9010,0.2693,0.0029,0.6911,0.3001,0.0163,3.5561,33.9989,1.0000,1.0000,1,1,0,0,0,26.9174
13.8161,129.0810,0.0864,99.7081,3.5828,12.8981,3.5828,0.0044,-0.0011,282.9050,0.0730,-0.0069,0.6911,0.3001,0.0070,1.9748,29.0837,1.0000,1.0000,1,1,0,0,0,26.6384
13.8745,128.8773,0.0864,99.7551,3.5827,12.8978,3.5827,0.0050,-0.0012,282.9034,-0.0277,-0.0069,0.6911,0.3001,0.0030,1.0801,15.3287,1.0000,1.0000,1,1,0,0,0,25.8740
13.9422,128.6412,0.0864,99.8097,3.5828,12.8981,3.5828,0.0052,0.0012,282.8974,-0.0880,-0.0069,0.6911,0.3001,0.0009,0.6181,6.8295,1.0000,1.0000,1,1,0,0,0,25.4060
13.9956,128.4545,0.0864,99.8528,3.5828,12.8981,3.5828,0.0053,-0.0002,282.8933,-0.0776,-0.0088,0.6911,0.3001,0.0005,0.2751,6.4137,1.0000,1.0000,1,1,0,0,0,25.3828
14.0528,128.2548,0.0864,99.8988,3.5828,12.8981,3.5828,0.0002,-0.0001,282.8871,-0.1083,-0.0088,0.6911,0.3001,0.0002,0.1390,2.3791,1.0000,1.0000,1,1,0,0,0,25.1390
14.1066,128.0671,0.0864,99.9415,3.5828,12.8980,3.5828,0.0031,-0.0004,282.8831,-0.0750,-0.0088,0.6911,0.3001,0.0001,0.0760,1.1729,1.0000,1.0000,1,1,0,0,0,25.0824
14.1638,127.8671,0.0864,99.9870,3.5828,12.8981,3.5828,0.0044,0.0005,282.8770,-0.1061,-0.0127,0.6911,0.3001,0.0000,0.0363,0.6936,1.0000,1.0000,1,1,0,0,0,25.0630
14.2153,127.6874,0.0864,100.0277,3.5828,12.8980,3.5828,0.0044,-0.0008,282.8684,-0.1661,-0.0206,0.6911,0.3001,-0.0147,-0.0495,1.6665,1.0000,1.0000,1,1,0,0,0,25.1200
14.2673,127.5054,0.0864,100.0690,3.5828,12.8980,3.5828,0.0033,0.0003,282.8317,-0.7061,-0.0264,0.6911,0.3001,-0.0422,-0.8544,15.4567,1.0000,1.0000,1,1,0,0,0,25.9117
14.3191,127.3247,0.0864,100.1098,3.5828,12.8981,3.5828,0.0023,0.0002,282.7751,-1.0933,-0.0284,0.6911,0.3001,-0.0582,-1.8282,18.8262,1.0000,1.0000,1,1,0,0,0,26.1162
14.3794,127.1136,0.0864,100.1574,3.5828,12.8980,3.5828,0.0016,0.0000,282.7083,-1.1074,-0.0284,0.6911,0.3001,-0.0654,-2.8181,16.3954,1.0000,1.0000,1,1,0,0,0,25.9790
14.4309,126.9336,0.0864,100.1977,3.5828,12.8980,3.5828,0.0013,-0.0003,282.6370,-1.3846,-0.0284,0.6911,0.3001,-0.0686,-3.4372,12.0230,1.0000,1.0000,1,1,0,0,0,25.7502
14.4860,126.7409,0.0864,100.2407,3.5828,12.8980,3.5828,0.0011,0.0002,282.5639,-1.3265,-0.0284,0.6911,0.2962,-0.0699,-3.8147,6.8518,1.0000,1.0000,1,1,0,0,0,25.4591
14.5391,126.5553,0.0864,100.2818,3.5828,12.8981,3.5828,0.0010,0.0005,282.5047,-1.1158,-0.0284,0.6911,0.0440,-0.0704,-3.9903,3.3094,1.0000,1.0000,1,1,0,0,0,25.2501
14.5969,126.3325,0.0864,100.3309,4.5596,16.4147,4.5596,0.0005,16.8915,282.4132,-1.5810,-0.0284,0.6911,-0.5855,-0.0707,-4.1228,2.2911,1.0000,0.3353,1,0,0,0,0,1.8933
14.6471,126.0848,0.0864,100.3852,5.6782,20.4415,5.6782,0.0010,22.2898,282.3466,-1.3276,-0.0284,0.6970,-0.9003,-0.0708,-4.1815,1.1696,1.0000,0.1618,1,0,0,0,0,0.9506
14.7093,125.6832,0.0864,100.4728,7.6866,27.6718,7.6866,0.0077,32.2830,282.2372,-1.7595,-0.0284,0.6970,-0.9883,-0.0709,-4.2200,0.6188,1.0000,0.0543,1,0,0,0,0,0.4184
14.7674,125.1997,0.0864,100.5778,9.5258,34.2928,9.5258,0.0113,31.6710,282.1426,-1.6275,-0.0284,0.6970,-1.0000,-0.0709,-4.2383,0.3153,1.0000,0.0218,1,0,0,0,0,0.2348
14.8178,124.6904,0.0864,100.6876,11.0537,39.7934,11.0537,0.0162,30.3367,282.0583,-1.6735,-0.0284,0.6970,-1.0000,-0.0709,-4.2459,0.1511,1.0000,0.0105,1,0,0,0,0,0.1760
14.8714,124.0523,0.0864,100.8242,13.0013,46.8045,13.0012,0.0269,36.3051,281.9419,-2.1704,-0.0284,0.6970,-1.0000,-0.0709,-4.2503,0.0814,1.0000,0.0042,1,0,0,0,0,0.1773
14.9217,123.3639,0.0864,100.9706,14.9705,53.8938,14.9705,0.0383,39.1690,281.8043,-2.7376,-0.0284,0.6970,-1.0000,-0.0709,-4.2523,0.0405,1.0000,0.0017,1,0,0,0,0,0.2013
14.9784,122.4816,0.0864,101.1563,16.9500,61.0201,16.9500,0.0523,34.9100,281.6518,-2.6894,-0.0284,0.6970,-1.0000,-0.0709,-4.2534,0.0192,1.0000,0.0007,1,0,0,0,0,0.2002
15.0349,121.4897,0.0864,101.3628,18.9344,68.1638,18.9343,0.0681,35.1026,281.4867,-2.9200,-0.0284,0.6970,-1.0000,-0.0709,-4.2544,0.0170,1.0000,0.0003,1,0,0,0,0,0.2185
15.0878,120.4592,0.0864,101.5746,20.9209,75.3153,20.9208,0.0853,37.5364,281.3112,-3.3174,-0.0284,0.6970,-1.0000,-0.0709,-4.2547,0.0051,1.0000,0.0001,1,0,0,0,0,0.2463
15.1512,119.0963,0.0864,101.8508,22.9085,82.4706,22.9083,0.1013,31.3801,281.1315,-2.8365,-0.0284,0.6970,-0.8671,-0.0709,-4.2548,0.0027,1.0000,0.0000,1,0,0,0,0,0.2243
15.2073,117.7691,0.0864,102.1157,25.2939,91.0581,25.2936,0.1295,42.4794,280.8863,-4.3666,-0.0284,0.6970,-0.5738,-0.0709,-4.2549,0.0014,1.0000,0.0000,1,0,0,0,0,0.3196
15.2578,116.4797,0.0864,102.3688,26.8844,96.7837,26.8840,0.1487,31.4952,280.7125,-3.4411,-0.0284,0.6970,-0.2747,-0.0709,-4.2549,0.0007,1.0000,0.0000,1,0,0,0,0,0.2742
15.3114,115.0156,0.0864,102.6515,28.3461,102.0460,28.3456,0.1704,27.2824,280.4840,-4.2656,-0.0284,0.6970,0.0322,-0.0709,-4.2550,0.0004,1.0000,0.1665,1,0,0,0,0,1.1597
15.3651,113.6275,0.0864,102.9145,23.0220,82.8791,23.0216,0.1417,-99.1504,280.2577,-4.2141,-0.0362,0.6970,0.2493,-0.0758,-4.2782,0.4332,1.0000,0.6647,1,0,0,0,0,3.6740
15.4177,112.5907,0.0864,103.1070,17.3895,62.6022,17.3892,0.1042,-107.0020,280.0819,-3.3388,-0.0440,0.6970,0.2805,-0.0907,-4.6444,6.9566,1.0000,0.8382,1,1,0,0,0,24.8527
15.4930,111.6216,0.0864,103.2821,10.2552,36.9186,10.2550,0.0547,-94.7430,279.7697,-4.1467,-0.0636,0.6970,0.2883,-0.1321,-5.6360,13.1681,1.0000,0.9548,1,1,0,0,0,25.8158
15.5452,111.1786,0.0864,103.3596,7.3923,26.6122,7.3922,0.0336,-54.8960,279.5499,-4.2145,-0.0694,0.6970,0.2883,-0.1549,-7.2849,31.6189,1.0000,0.9818,1,1,0,0,0,26.9680
15.5958,110.8505,0.0864,103.4156,5.7292,20.6251,5.7292,0.0207,-32.8316,279.3416,-4.1124,-0.0694,0.6970,0.2883,-0.1655,-8.3843,21.7032,1.0000,0.9927,1,1,0,0,0,26.4518
15.6525,110.5548,0.0864,103.4648,4.7845,17.2241,4.7845,0.0133,-16.6768,279.1453,-3.4645,-0.0694,0.6970,0.2883,-0.1701,-9.2978,16.1251,1.0000,0.9971,1,1,0,0,0,26.1153
15.7032,110.3270,0.0864,103.5017,4.3366,15.6119,4.3366,0.0099,-8.8374,278.9946,-2.9737,-0.0694,0.6970,0.2883,-0.1718,-9.7584,9.0899,1.0000,0.9986,1,1,0,0,0,25.6973
15.7638,110.0799,0.0864,103.5408,3.9565,14.2433,3.9565,0.0070,-6.2724,278.7751,-3.6224,-0.0694,0.6970,0.2883,-0.1729,-10.0451,4.7293,1.0000,0.9995,1,1,0,0,0,25.4883
15.8216,109.8584,0.0864,103.5749,3.7907,13.6464,3.7907,0.0059,-2.8670,278.5959,-3.0981,-0.0694,0.6970,0.2883,-0.1733,-10.2268,3.1429,1.0000,0.9998,1,1,0,0,0,25.3690
15.8798,109.6431,0.0864,103.6074,3.6985,13.3144,3.6984,0.0053,-1.5841,278.4185,-3.0466,-0.0694,0.6970,0.2883,-0.1734,-10.3205,1.6089,1.0000,0.9999,1,1,0,0,0,25.2796
15.9302,109.4601,0.0864,103.6344,3.6470,13.1294,3.6470,0.0049,-1.0202,278.2422,-3.4989,-0.0694,0.6970,0.2883,-0.1735,-10.3639,0.8622,1.0000,1.0000,1,1,0,0,0,25.2622
15.9833,109.2692,0.0864,103.6620,3.6230,13.0428,3.6230,0.0048,-0.4529,278.1016,-2.6492,-0.0694,0.6970,0.2883,-0.1735,-10.3851,0.3994,1.0000,1.0000,1,1,0,0,0,25.1891
16.0361,109.0804,0.0864,103.6887,3.6051,12.9785,3.6051,0.0046,-0.3387,277.9261,-3.3255,-0.0694,0.6970,0.2883,-0.1735,-10.3991,0.2655,1.0000,1.0000,1,1,0,0,0,25.2188
16.0972,108.8627,0.0864,103.7188,3.5938,12.9376,3.5938,0.0045,-0.1860,277.7158,-3.4423,-0.0694,0.6970,0.2883,-0.1735,-10.4054,0.1017,1.0000,1.0000,1,1,0,0,0,25.2158
16.1480,108.6818,0.0864,103.7433,3.5897,12.9230,3.5897,0.0046,-0.0797,277.5757,-2.7563,-0.0694,0.6970,0.2923,-0.1735,-10.4087,0.0666,1.0000,1.0000,1,1,0,0,0,25.1759
16.1996,108.4983,0.0864,103.7676,3.5867,12.9120,3.5867,0.0045,-0.0594,277.4008,-3.3913,-0.0694,0.6970,0.2923,-0.1735,-10.4102,0.0281,1.0000,1.0000,1,1,0,0,0,25.2088
16.2502,108.3181,0.0864,103.7909,3.5852,12.9067,3.5852,0.0045,-0.0286,277.2609,-2.7604,-0.0694,0.6970,0.2923,-0.1735,-10.4111,0.0176,1.0000,1.0000,1,1,0,0,0,25.1733
16.3003,108.1399,0.0864,103.8134,3.5841,12.9029,3.5841,0.0045,-0.0213,277.0862,-3.4878,-0.0694,0.6970,0.2453,-0.1735,-10.4115,0.0085,1.0000,1.0000,1,1,0,0,0,25.2130
16.3507,107.9609,0.0864,103.8356,3.6498,13.1393,3.6498,0.0046,1.3045,276.9113,-3.4752,-0.0694,0.6970,-0.0675,-0.1735,-10.4117,0.0045,1.0000,0.8335,1,1,0,0,0,24.3796
16.4078,107.7354,0.0864,103.8628,4.5602,16.4167,4.5602,0.0073,15.9422,276.7288,-3.1957,-0.0733,0.6970,-0.7967,-0.1774,-10.4451,0.5839,1.0000,0.3353,1,0,0,0,0,1.9104
16.4633,107.4514,0.0864,103.8964,5.9913,21.5688,5.9913,0.0143,25.8015,276.5211,-3.7446,-0.0753,0.6989,-0.9687,-0.1836,-10.6367,3.4539,1.0000,0.1349,1,0,0,0,0,1.1100
16.5309,106.9876,0.0864,103.9496,8.0462,28.9662,8.0461,0.0290,30.3881,276.2319,-4.2762,-0.0753,0.6989,-0.9961,-0.1865,-10.8432,3.0547,1.0000,0.0452,1,0,0,0,0,0.6875
16.5833,106.5281,0.0864,104.0006,9.5262,34.2942,9.5261,0.0430,28.2410,276.0138,-4.1625,-0.0753,0.6989,-1.0000,-0.1873,-11.0724,4.3731,1.0000,0.0218,1,0,0,0,0,0.6510
16.6423,105.8984,0.0864,104.0681,11.8293,42.5854,11.8291,0.0699,39.0369,275.6472,-6.2139,-0.0753,0.6989,-1.0000,-0.1879,-11.1705,1.6624,1.0000,0.0073,1,0,0,0,0,0.5628
16.6944,105.2415,0.0864,104.1356,13.7872,49.6339,13.7869,0.0980,37.5423,275.3051,-6.5579,-0.0753,0.6989,-1.0000,-0.1880,-11.2201,0.9519,1.0000,0.0029,1,0,0,0,0,0.5385
16.7464,104.4899,0.0864,104.2092,15.3656,55.3161,15.3651,0.1243,30.3556,275.0073,-5.7289,-0.0753,0.6989,-1.0000,-0.1881,-11.2523,0.6195,1.0000,0.0014,1,0,0,0,0,0.4812
16.7971,103.6648,0.0864,104.2857,17.3460,62.4456,17.3453,0.1614,39.0595,274.6047,-7.9389,-0.0753,0.6989,-1.0000,-0.1882,-11.2686,0.3217,1.0000,0.0006,1,0,0,0,0,0.6013
16.8534,102.6407,0.0864,104.3747,19.3304,69.5893,19.3293,0.2035,35.2428,274.1686,-7.7453,-0.0753,0.6989,-1.0000,-0.1882,-11.2799,0.2001,1.0000,0.0002,1,0,0,0,0,0.6005
16.9093,101.5132,0.0864,104.4652,21.3163,76.7388,21.3148,0.2552,35.5721,273.7049,-8.3058,-0.0753,0.6989,-1.0000,-0.1882,-11.2854,0.0978,1.0000,0.0001,1,0,0,0,0,0.6469
16.9617,100.3533,0.0864,104.5506,23.3027,83.8899,23.3007,0.3117,37.8996,273.2092,-9.4589,-0.0753,0.6989,-1.0000,-0.1882,-11.2879,0.0489,1.0000,0.0000,1,0,0,0,0,0.7290
17.0145,99.0850,0.0864,104.6348,24.8918,89.6106,24.8893,0.3567,30.1077,272.7850,-8.0364,-0.0753,0.6989,-1.0000,-0.1882,-11.2894,0.0272,1.0000,0.0000,1,0,0,0,0,0.6630
17.0725,97.5747,0.0864,104.7220,27.2752,98.1909,27.2719,0.4245,41.0578,272.1061,-11.6944,-0.0753,0.6989,-0.9980,-0.1882,-11.2902,0.0142,1.0000,0.0000,1,0,0,0,0,0.8840
17.1351,95.8107,0.0864,104.8063,29.2608,105.3390,29.2567,0.4893,31.7355,271.5016,-9.6625,-0.0753,0.6989,-0.9844,-0.1882,-11.2906,0.0060,1.0000,0.0000,1,0,0,0,0,0.7880
17.1862,94.2823,0.0864,104.8646,29.8427,107.4337,29.8377,0.5463,11.3736,270.8686,-12.3737,-0.0753,0.7009,-0.9824,-0.1882,-11.2907,0.0034,1.0000,0.0000,1,0,0,0,0,0.9622
17.2378,92.7337,0.0864,104.9097,29.8427,107.4337,29.8372,0.5712,0.0001,270.3630,-9.7931,-0.0714,0.7009,-0.9707,-0.1855,-11.2703,0.3966,1.0000,0.0000,1,0,0,0,0,0.8532
17.2959,90.9875,0.0864,104.9429,29.8427,107.4337,29.8371,0.5758,0.0000,269.6426,-12.4045,-0.0596,0.7009,-0.6892,-0.1702,-10.9938,4.7597,1.0000,0.0000,1,0,0,0,0,1.2430
17.3552,89.2080,0.0864,104.9573,30.2396,108.8625,30.2346,0.5505,6.6975,269.1122,-8.9494,-0.0459,0.7009,-0.3939,-0.1461,-10.2293,12.9019,1.0000,0.0000,1,0,0,0,0,1.4871
17.4053,87.7025,0.0864,104.9548,29.8427,107.4336,29.8386,0.4915,-7.9247,268.6767,-8.6961,-0.0342,0.7009,-0.1848,-0.1166,-9.1723,21.1030,1.0000,0.0000,1,0,0,0,0,1.9025
17.4637,85.9487,0.0864,104.9365,30.2399,108.8637,30.2370,0.4166,6.7987,268.3461,-5.6585,-0.0225,0.7009,-0.1359,-0.0853,-7.8461,22.6971,1.0000,0.0000,1,0,0,0,0,1.7820
17.5184,84.3058,0.0864,104.9064,29.8427,107.4337,29.8411,0.3071,-7.2668,268.1638,-3.3342,-0.0127,0.7009,-0.1281,-0.0367,-5.5641,41.7496,1.0000,0.0000,1,0,0,0,0,2.6590
17.5707,82.7343,0.0864,104.8687,29.8427,107.4336,29.8418,0.2232,-0.0008,268.0942,-1.3283,-0.0088,0.7009,-0.0284,-0.0187,-3.5096,39.2216,1.0000,0.0000,1,0,0,0,0,2.3650
17.6264,81.1816,0.0864,104.8250,25.5147,91.8529,25.5145,0.1138,-77.7247,268.0514,-0.7700,-0.0049,0.7009,0.1945,-0.0080,-2.2308,22.9649,1.0000,0.5977,1,0,0,0,0,4.3741
17.6823,80.0054,0.0864,104.7884,16.7508,60.3030,16.7508,0.0338,-156.7867,268.0303,-0.3762,-0.0010,0.7009,0.2805,-0.0029,-1.1513,19.3121,1.0000,0.8651,1,1,0,0,0,25.4497
17.7330,79.2651,0.0864,104.7640,12.2882,44.2377,12.2882,0.0119,-88.1469,268.0231,-0.1423,0.0029,0.7009,0.2883,-0.0015,-0.6652,9.6015,1.0000,0.9349,1,1,0,0,0,25.2303
17.7866,78.7123,0.0864,104.7451,8.5955,30.9437,8.5955,0.0006,-68.7725,268.0165,-0.1233,0.0049,0.7009,0.2883,-0.0006,-0.3638,5.6136,1.0000,0.9738,1,1,0,0,0,25.1888
17.8377,78.3277,0.0864,104.7316,6.7626,24.3454,6.7626,0.0026,-35.9339,268.0120,-0.0891,0.0049,0.7009,0.2883,-0.0003,-0.2104,3.0082,1.0000,0.9874,1,1,0,0,0,25.1147
17.8977,77.9791,0.0864,104.7192,5.1727,18.6217,5.1727,0.0043,-26.4968,268.0056,-0.1068,0.0068,0.7009,0.2883,-0.0001,-0.1049,1.7573,1.0000,0.9958,1,1,0,0,0,25.0950
17.9483,77.7346,0.0864,104.7104,4.5808,16.4909,4.5808,0.0046,-11.6935,268.0015,-0.0808,0.0107,0.7009,0.2883,-0.0001,-0.0544,0.9990,1.0000,0.9980,1,1,0,0,0,25.0648
17.9989,77.5163,0.0864,104.7025,4.1392,14.9013,4.1392,0.0047,-8.7201,267.9963,-0.1025,0.0107,0.7009,0.2883,0.0000,-0.0294,0.4923,1.0000,0.9992,1,1,0,0,0,25.0461
18.0636,77.2587,0.0864,104.6930,3.8584,13.8901,3.8584,0.0048,-4.3430,267.9901,-0.0963,0.0107,0.7009,0.2883,0.0000,-0.0166,0.1983,1.0000,0.9997,1,1,0,0,0,25.0335
18.1138,77.0678,0.0864,104.6860,3.7552,13.5187,3.7552,0.0047,-2.0530,267.9859,-0.0826,0.0107,0.7009,0.2883,0.0000,-0.0070,0.1914,1.0000,0.9999,1,1,0,0,0,25.0334
18.1655,76.8763,0.0864,104.6790,3.6786,13.2430,3.6786,0.0047,-1.4824,267.9807,-0.0998,0.0107,0.7009,0.2883,0.0000,-0.0036,0.0648,1.0000,0.9999,1,1,0,0,0,25.0282
18.2164,76.6902,0.0864,104.6721,3.6361,13.0898,3.6361,0.0048,-0.8357,267.9756,-0.1013,0.0107,0.7009,0.2883,0.0000,-0.0021,0.0310,1.0000,1.0000,1,1,0,0,0,25.0269
18.2670,76.5069,0.0864,104.6653,3.6161,13.0181,3.6161,0.0047,-0.3937,267.9715,-0.0808,0.0107,0.7009,0.2883,0.0000,-0.0010,0.0205,1.0000,1.0000,1,1,0,0,0,25.0252
18.3171,76.3264,0.0864,104.6586,3.6013,12.9646,3.6013,0.0048,-0.2970,267.9663,-0.1030,0.0107,0.7009,0.2883,0.0000,-0.0006,0.0095,1.0000,1.0000,1,1,0,0,0,25.0260
18.3683,76.1421,0.0864,104.6517,3.5943,12.9396,3.5943,0.0047,-0.1353,267.9622,-0.0816,0.0107,0.7009,0.2883,0.0000,-0.0003,0.0051,1.0000,1.0000,1,1,0,0,0,25.0245
18.4191,75.9601,0.0864,104.6449,3.5892,12.9212,3.5892,0.0047,-0.1011,267.9570,-0.1023,0.0107,0.7009,0.2883,0.0000,-0.0002,0.0027,1.0000,1.0000,1,1,0,0,0,25.0256
18.4697,75.7785,0.0864,104.6381,3.5868,12.9126,3.5868,0.0047,-0.0470,267.9529,-0.0807,0.0107,0.7009,0.2883,0.0000,-0.0001,0.0014,1.0000,1.0000,1,1,0,0,0,25.0243
18.5317,75.5562,0.0864,104.6298,3.5848,12.9052,3.5848,0.0047,-0.0331,267.9467,-0.0994,0.0107,0.7009,0.2883,0.0000,0.0000,0.0007,1.0000,1.0000,1,1,0,0,0,25.0254
18.5865,75.3600,0.0864,104.6224,3.5839,12.9021,3.5839,0.0047,-0.0157,267.9415,-0.0947,0.0107,0.7009,0.2883,0.0000,0.0000,0.0004,1.0000,1.0000,1,1,0,0,0,25.0251
18.6378,75.1764,0.0864,104.6155,3.5834,12.9002,3.5834,0.0048,-0.0103,267.9363,-0.1012,0.0107,0.7009,0.2883,0.0000,0.0000,0.0002,1.0000,1.0000,1,1,0,0,0,25.0255
18.7017,74.9475,0.0864,104.6069,3.5831,12.8992,3.5831,0.0047,-0.0045,267.9312,-0.0812,0.0107,0.7009,0.2883,0.0000,0.0000,0.0001,1.0000,1.0000,1,1,0,0,0,25.0242
18.7548,74.7576,0.0864,104.5997,3.5830,12.8988,3.5830,0.0047,-0.0021,267.9261,-0.0955,0.0107,0.7009,0.2903,0.0000,0.0000,0.0000,1.0000,1.0000,1,1,0,0,0,25.0251
18.8055,74.5759,0.0864,104.5928,3.5829,12.8985,3.5829,0.0048,-0.0015,267.9209,-0.1023,0.0107,0.7009,0.2903,0.0000,0.0000,0.0000,1.0000,1.0000,1,1,0,0,0,25.0256
18.8590,74.3845,0.0864,104.5855,3.5829,12.8983,3.5829,0.0048,-0.0011,267.9157,-0.0970,0.0107,0.7009,0.2903,0.0000,0.0000,0.0000,1.0000,1.0000,1,1,0,0,0,25.0253
18.9108,74.1991,0.0864,104.5784,3.5828,12.8981,3.5828,0.0047,-0.0009,267.9116,-0.0802,0.0107,0.7009,0.2903,0.0000,0.0000,0.0000,1.0000,1.0000,1,1,0,0,0,25.0242
18.9692,73.9900,0.0864,104.5704,3.5828,12.8981,3.5828,0.0047,-0.0004,267.9064,-0.0888,0.0107,0.7009,0.2903,0.0000,0.0000,0.0000,1.0000,1.0000,1,1,0,0,0,25.0246
19.0245,73.7919,0.0864,104.5628,3.5828,12.8980,3.5828,0.0047,-0.0002,267.9012,-0.0932,0.0107,0.7009,0.2903,0.0000,0.0000,0.0000,1.0000,1.0000,1,1,0,0,0,25.0249
19.0887,73.5620,0.0864,104.5540,3.5828,12.8981,3.5828,0.0047,0.0002,267.8951,-0.0955,0.0107,0.7009,0.2903,0.0000,0.0000,0.0000,1.0000,1.0000,1,1,0,0,0,25.0251
19.1395,73.3802,0.0864,104.5470,3.5828,12.8981,3.5828,0.0047,0.0003,267.8899,-0.1021,0.0107,0.7009,0.2903,0.0000,0.0000,0.0000,1.0000,1.0000,1,1,0,0,0,25.0255
19.1983,73.1697,0.0864,104.5389,3.5828,12.8979,3.5828,0.0047,-0.0009,267.8847,-0.0883,0.0107,0.7009,0.2903,0.0000,0.0000,0.0000,1.0000,1.0000,1,1,0,0,0,25.0247
19.2507,72.9818,0.0864,104.5316,3.5828,12.8981,3.5828,0.0047,0.0012,267.8795,-0.0989,0.0107,0.7009,0.2903,0.0000,0.0000,0.0000,1.0000,1.0000,1,1,0,0,0,25.0254
19.3119,72.7627,0.0864,104.5231,3.5828,12.8981,3.5828,0.0047,0.0000,267.8744,-0.0838,0.0107,0.6989,0.2903,0.0000,0.0000,0.0000,1.0000,1.0000,1,1,0,0,0,25.0244
19.3716,72.5491,0.0864,104.5148,3.5828,12.8981,3.5828,0.0048,-0.0004,267.8682,-0.1033,0.0107,0.6989,0.2903,0.0000,0.0000,0.0000,1.0000,1.0000,1,1,0,0,0,25.0256
19.4293,72.3424,0.0864,104.5068,3.5828,12.8981,3.5828,0.0047,0.0002,267.8630,-0.0899,0.0107,0.6989,0.2903,0.0000,0.0000,0.0000,1.0000,1.0000,1,1,0,0,0,25.0248
19.4838,72.1476,0.0864,104.4992,3.5828,12.8981,3.5828,0.0047,-0.0002,267.8578,-0.0953,0.0107,0.6989,0.2903,0.0000,0.0000,0.0000,1.0000,1.0000,1,1,0,0,0,25.0252
19.5340,71.9677,0.0864,104.4921,3.5828,12.8981,3.5828,0.0047,0.0004,267.8537,-0.0820,0.0107,0.6989,0.2903,0.0000,0.0000,0.0000,1.0000,1.0000,1,1,0,0,0,25.0243
19.6084,71.7013,0.0864,104.4817,3.5828,12.8980,3.5828,0.0047,-0.0006,267.8465,-0.0972,0.0107,0.6989,0.2903,0.0000,0.0000,0.0000,1.0000,1.0000,1,1,0,0,0,25.0252
19.6707,71.4784,0.0864,104.4729,3.5828,12.8980,3.5828,0.0048,0.0001,267.8403,-0.0995,0.0107,0.6989,0.2903,0.0000,0.0000,0.0000,1.0000,1.0000,1,1,0,0,0,25.0254
19.7318,71.2595,0.0864,104.4643,3.5828,12.8981,3.5828,0.0047,0.0007,267.8351,-0.0843,0.0107,0.6989,0.2903,0.0000,0.0000,0.0000,1.0000,1.0000,1,1,0,0,0,25.0245
19.7935,71.0387,0.0864,104.4555,3.5828,12.8980,3.5828,0.0048,-0.0007,267.8289,-0.1009,0.0107,0.6989,0.2903,0.0000,0.0000,0.0000,1.0000,1.0000,1,1,0,0,0,25.0255
19.8534,70.8243,0.0864,104.4470,3.5828,12.8981,3.5828,0.0047,0.0005,267.8238,-0.0856,0.0107,0.6989,0.2903,0.0000,0.0000,0.0000,1.0000,1.0000,1,1,0,0,0,25.0245
19.9185,70.5915,0.0864,104.4378,3.5828,12.8980,3.5828,0.0047,-0.0003,267.8176,-0.0948,0.0107,0.6989,0.2903,0.0000,0.0000,0.0000,1.0000,1.0000,1,1,0,0,0,25.0251
19.9726,70.3977,0.0864,104.4300,3.5829,12.8983,3.5829,0.0047,0.0016,267.8124,-0.0958,0.0107,0.6989,0.2903,0.0000,0.0000,0.0000,1.0000,1.0000,1,1,0,0,0,25.0252
20.0248,70.2110,0.0864,104.4226,3.5828,12.8980,3.5828,0.0048,-0.0016,267.8073,-0.0994,0.0107,0.6989,0.2903,0.0000,0.0000,0.0000,1.0000,1.0000,1,1,0,0,0,25.0255
20.0864,69.9905,0.0864,104.4138,3.5828,12.8981,3.5828,0.0047,0.0005,267.8022,-0.0827,0.0107,0.6989,0.2903,0.0000,0.0000,0.0000,1.0000,1.0000,1,1,0,0,0,25.0244
20.1395,69.8003,0.0864,104.4061,3.5828,12.8982,3.5828,0.0047,0.0001,267.7971,-0.0959,0.0107,0.6989,0.2903,0.0000,0.0000,0.0000,1.0000,1.0000,1,1,0,0,0,25.0252
20.2013,69.5789,0.0864,104.3972,3.5828,12.8980,3.5828,0.0047,-0.0009,267.7919,-0.0839,0.0107,0.6989,0.2903,0.0000,0.0000,0.0000,1.0000,1.0000,1,1,0,0,0,25.0244
20.2571,69.3791,0.0864,104.3892,3.5828,12.8982,3.5828,0.0047,0.0013,267.7868,-0.0913,0.0107,0.6989,0.2903,0.0000,0.0000,0.0000,1.0000,1.0000,1,1,0,0,0,25.0248
20.3080,69.1972,0.0864,104.3818,3.5828,12.8981,3.5828,0.0047,-0.0009,267.7816,-0.1015,0.0107,0.6989,0.2903,0.0000,0.0000,0.0000,1.0000,1.0000,1,1,0,0,0,25.0254
20.3591,69.0141,0.0864,104.3744,3.5828,12.8981,3.5828,0.0048,0.0001,267.7765,-0.1002,0.0107,0.6989,0.2903,0.0000,0.0000,0.0000,1.0000,1.0000,1,1,0,0,0,25.0255
20.4177,68.8044,0.0864,104.3659,3.5828,12.8982,3.5828,0.0047,0.0003,267.7713,-0.0880,0.0107,0.6989,0.2903,0.0000,0.0000,0.0000,1.0000,1.0000,1,1,0,0,0,25.0247
20.4691,68.6202,0.0864,104.3584,3.5828,12.8981,3.5828,0.0048,-0.0005,267.7662,-0.0990,0.0107,0.6989,0.2903,0.0000,0.0000,0.0000,1.0000,1.0000,1,1,0,0,0,25.0254
20.5345,68.3863,0.0864,104.3489,3.5828,12.8981,3.5828,0.0047,0.0001,267.7610,-0.0794,0.0107,0.6989,0.2903,0.0000,0.0000,0.0000,1.0000,1.0000,1,1,0,0,0,25.0241
20.5892,68.1906,0.0864,104.3409,3.5828,12.8981,3.5828,0.0047,0.0002,267.7560,-0.0927,0.0107,0.6989,0.2903,0.0000,0.0000,0.0000,1.0000,1.0000,1,1,0,0,0,25.0249
20.6409,68.0055,0.0864,104.3333,3.5828,12.8980,3.5828,0.0047,-0.0005,267.7508,-0.0997,0.0107,0.6989,0.2903,0.0000,0.0000,0.0000,1.0000,1.0000,1,1,0,0,0,25.0253
20.6981,67.8007,0.0864,104.3249,3.5827,12.8979,3.5827,0.0047,-0.0009,267.7457,-0.0902,0.0107,0.6989,0.2903,0.0000,0.0000,0.0000,1.0000,1.0000,1,1,0,0,0,25.0248
20.7523,67.6066,0.0864,104.3169,3.5828,12.8981,3.5828,0.0047,0.0014,267.7405,-0.0957,0.0107,0.6989,0.2903,0.0000,0.0000,0.0000,1.0000,1.0000,1,1,0,0,0,25.0251
20.8034,67.4238,0.0864,104.3094,3.5828,12.8981,3.5828,0.0048,0.0001,267.7354,-0.1004,0.0107,0.6989,0.2903,0.0000,0.0000,0.0000,1.0000,1.0000,1,1,0,0,0,25.0255
20.8567,67.2327,0.0864,104.3015,3.5828,12.8981,3.5828,0.0047,-0.0002,267.7313,-0.0766,0.0107,0.6989,0.2903,0.0000,0.0000,0.0000,1.0000,1.0000,1,1,0,0,0,25.0240
20.9182,67.0129,0.0864,104.2924,3.5828,12.8980,3.5828,0.0047,-0.0004,267.7250,-0.1014,0.0107,0.6989,0.2923,0.0000,0.0000,0.0000,1.0000,1.0000,1,1,0,0,0,25.0254
20.9687,66.8321,0.0864,104.2849,3.5828,12.8981,3.5828,0.0048,0.0008,267.7198,-0.1027,0.0107,0.6989,0.2923,0.0000,0.0000,0.0000,1.0000,1.0000,1,1,0,0,0,25.0256
21.0218,66.6420,0.0864,104.2770,3.5828,12.8981,3.5828,0.0047,-0.0004,267.7157,-0.0782,0.0107,0.6989,0.0889,0.0000,0.0000,0.0000,1.0000,1.0000,1,1,0,0,0,25.0241
21.0785,66.4189,0.0864,104.2677,4.3228,15.5622,4.3228,0.0054,13.0589,267.7106,-0.0899,0.0107,0.6989,-0.4683,0.0000,0.0000,0.0000,1.0000,0.4023,1,0,0,0,0,2.0353
21.1431,66.0821,0.0864,104.2538,5.9908,21.5671,5.9908,0.0066,25.8199,267.7044,-0.0959,0.0107,0.6989,-0.8827,0.0000,0.0000,0.0000,1.0000,0.1349,1,0,0,0,0,0.6964
21.1972,65.7088,0.0864,104.2383,7.6866,27.6718,7.6866,0.0074,31.3141,267.6993,-0.0947,0.0107,0.6989,-0.9766,0.0000,0.0000,0.0000,1.0000,0.0543,1,0,0,0,0,0.2911
21.2553,65.2041,0.0864,104.2175,9.5258,34.2929,9.5258,0.0079,31.6581,267.6942,-0.0877,0.0107,0.6989,-0.9941,0.0000,0.0000,0.0000,1.0000,0.0218,1,0,0,0,0,0.1265
21.3079,64.6474,0.0864,104.1945,11.4407,41.1864,11.4407,0.0083,36.3835,267.6891,-0.0974,0.0107,0.6989,-0.9941,0.0000,0.0000,0.0000,1.0000,0.0088,1,0,0,0,0,0.0602
21.3707,63.8577,0.0864,104.1620,13.7872,49.6337,13.7872,0.0085,37.3898,267.6829,-0.0987,0.0107,0.6989,-0.9941,0.0000,0.0000,0.0000,1.0000,0.0029,1,0,0,0,0,0.0295
21.4307,62.9728,0.0864,104.1256,15.7615,56.7414,15.7615,0.0084,32.9269,267.6778,-0.0850,0.0107,0.6989,-0.9687,0.0000,0.0000,0.0000,1.0000,0.0012,1,0,0,0,0,0.0186
21.4818,62.1175,0.0864,104.0904,17.7435,63.8766,17.7435,0.0084,38.7770,267.6726,-0.1009,0.0107,0.6989,-0.7967,0.0000,0.0000,0.0000,1.0000,0.0005,1,0,0,0,0,0.0151
21.5438,60.9544,0.0864,104.0424,19.7291,71.0246,19.7291,0.0080,32.0110,267.6674,-0.0836,0.0107,0.6989,-0.3412,0.0000,0.0000,0.0000,1.0000,0.0002,1,0,0,0,0,0.0117
21.6028,59.7273,0.0864,103.9919,20.9972,75.5900,20.9972,0.0076,21.5022,267.6612,-0.1056,0.0107,0.6989,0.0987,0.0000,0.0000,0.0000,1.0000,0.3053,1,0,0,0,0,1.5380
21.6665,58.5168,0.0864,103.9418,16.7271,60.2177,16.7271,0.0059,-66.9705,267.6560,-0.0814,0.0107,0.6989,0.2453,0.0000,0.0000,0.0000,1.0000,0.7206,1,0,0,0,0,3.6126
21.7181,57.7973,0.0864,103.9120,11.9404,42.9856,11.9404,0.0052,-92.9003,267.6509,-0.0995,0.0107,0.6989,0.2883,0.0000,0.0000,0.0000,1.0000,0.8876,1,1,0,0,0,24.4500
21.7732,57.2428,0.0864,103.8889,8.5259,30.6934,8.5259,0.0050,-61.9333,267.6457,-0.0941,0.0107,0.6989,0.2883,0.0000,0.0000,0.0000,1.0000,0.9548,1,1,0,0,0,24.7879
21.8284,56.8362,0.0864,103.8718,6.4159,23.0972,6.4159,0.0049,-38.1960,267.6405,-0.0939,0.0107,0.6989,0.2883,0.0000,0.0000,0.0000,1.0000,0.9818,1,1,0,0,0,24.9257
21.8893,56.4903,0.0864,103.8572,5.0091,18.0329,5.0091,0.0049,-23.1204,267.6343,-0.1023,0.0107,0.6989,0.2883,0.0000,0.0000,0.0000,1.0000,0.9939,1,1,0,0,0,24.9898
21.9516,56.1982,0.0864,103.8447,4.3822,15.7760,4.3822,0.0048,-10.0595,267.6291,-0.0828,0.0107,0.6989,0.2883,0.0000,0.0000,0.0000,1.0000,0.9975,1,1,0,0,0,25.0088
22.0018,55.9876,0.0864,103.8356,4.0293,14.5056,4.0293,0.0048,-7.0237,267.6240,-0.1021,0.0107,0.6989,0.2883,0.0000,0.0000,0.0000,1.0000,0.9990,1,1,0,0,0,25.0187
22.0601,55.7588,0.0864,103.8258,3.8318,13.7945,3.8318,0.0048,-3.3911,267.6189,-0.0880,0.0107,0.6989,0.2883,0.0000,0.0000,0.0000,1.0000,0.9996,1,1,0,0,0,25.0216
22.1125,55.5609,0.0864,103.8172,3.7214,13.3972,3.7214,0.0048,-2.1043,267.6137,-0.0983,0.0107,0.6989,0.2883,0.0000,0.0000,0.0000,1.0000,0.9998,1,1,0,0,0,25.0239
22.1855,55.2926,0.0864,103.8056,3.6514,13.1450,3.6514,0.0047,-0.9608,267.6075,-0.0854,0.0107,0.6989,0.2883,0.0000,0.0000,0.0000,1.0000,0.9999,1,1,0,0,0,25.0239
22.2447,55.0775,0.0864,103.7962,3.6167,13.0201,3.6167,0.0048,-0.5853,267.6013,-0.1035,0.0107,0.6989,0.2883,0.0000,0.0000,0.0000,1.0000,1.0000,1,1,0,0,0,25.0254
22.2993,54.8805,0.0864,103.7876,3.6040,12.9745,3.6040,0.0047,-0.2319,267.5972,-0.0754,0.0107,0.6989,0.2883,0.0000,0.0000,0.0000,1.0000,1.0000,1,1,0,0,0,25.0237
22.3574,54.6717,0.0864,103.7785,3.5932,12.9357,3.5932,0.0048,-0.1859,267.5910,-0.1072,0.0107,0.6989,0.2883,0.0000,0.0000,0.0000,1.0000,1.0000,1,1,0,0,0,25.0258
22.4091,54.4862,0.0864,103.7703,3.5894,12.9217,3.5893,0.0047,-0.0752,267.5869,-0.0802,0.0107,0.6989,0.2883,0.0000,0.0000,0.0000,1.0000,1.0000,1,1,0,0,0,25.0241
22.4596,54.3054,0.0864,103.7624,3.5865,12.9112,3.5865,0.0047,-0.0574,267.5817,-0.1029,0.0107,0.6989,0.2883,0.0000,0.0000,0.0000,1.0000,1.0000,1,1,0,0,0,25.0255
22.5239,54.0750,0.0864,103.7523,3.5846,12.9046,3.5846,0.0048,-0.0288,267.5755,-0.0958,0.0107,0.6989,0.2883,0.0000,0.0000,0.0000,1.0000,1.0000,1,1,0,0,0,25.0252
22.5790,53.8779,0.0864,103.7436,3.5838,12.9016,3.5838,0.0048,-0.0151,267.5704,-0.0931,0.0107,0.6989,0.2883,0.0000,0.0000,0.0000,1.0000,1.0000,1,1,0,0,0,25.0251
22.6399,53.6598,0.0864,103.7339,3.5834,12.9001,3.5834,0.0047,-0.0066,267.5652,-0.0852,0.0107,0.6989,0.2883,0.0000,0.0000,0.0000,1.0000,1.0000,1,1,0,0,0,25.0245
22.7056,53.4246,0.0864,103.7235,3.5830,12.8989,3.5830,0.0047,-0.0049,267.5590,-0.0948,0.0107,0.6989,0.2883,0.0000,0.0000,0.0000,1.0000,1.0000,1,1,0,0,0,25.0251
22.7561,53.2439,0.0864,103.7155,3.5830,12.8987,3.5830,0.0048,-0.0014,267.5538,-0.1016,0.0107,0.6989,0.2883,0.0000,0.0000,0.0000,1.0000,1.0000,1,1,0,0,0,25.0256
22.8062,53.0643,0.0864,103.7075,3.5829,12.8983,3.5829,0.0047,-0.0022,267.5498,-0.0809,0.0107,0.6989,0.2883,0.0000,0.0000,0.0000,1.0000,1.0000,1,1,0,0,0,25.0243
22.8593,52.8744,0.0864,103.6991,3.5829,12.8984,3.5829,0.0047,0.0005,267.5446,-0.0972,0.0107,0.6989,0.2883,0.0000,0.0000,0.0000,1.0000,1.0000,1,1,0,0,0,25.0253
22.9094,52.6950,0.0864,103.6911,3.5828,12.8982,3.5828,0.0047,-0.0011,267.5405,-0.0822,0.0107,0.6989,0.2883,0.0000,0.0000,0.0000,1.0000,1.0000,1,1,0,0,0,25.0243
22.9607,52.5113,0.0864,103.6828,3.5828,12.8981,3.5828,0.0047,-0.0006,267.5354,-0.0999,0.0107,0.6989,0.2883,0.0000,0.0000,0.0000,1.0000,1.0000,1,1,0,0,0,25.0254
23.0108,52.3322,0.0864,103.6748,3.5828,12.8982,3.5828,0.0048,0.0003,267.5302,-0.1031,0.0107,0.6989,0.2883,0.0000,0.0000,0.0000,1.0000,1.0000,1,1,0,0,0,25.0257
23.0693,52.1229,0.0864,103.6654,3.5828,12.8980,3.5828,0.0047,-0.0006,267.5250,-0.0887,0.0107,0.6989,0.2883,0.0000,0.0000,0.0000,1.0000,1.0000,1,1,0,0,0,25.0248
23.1211,51.9372,0.0864,103.6571,3.5828,12.8980,3.5828,0.0047,-0.0001,267.5209,-0.0800,0.0107,0.6989,0.2883,0.0000,0.0000,0.0000,1.0000,1.0000,1,1,0,0,0,25.0241
23.1713,51.7576,0.0864,103.6490,3.5828,12.8980,3.5828,0.0047,0.0000,267.5157,-0.1034,0.0107,0.6989,0.2883,0.0000,0.0000,0.0000,1.0000,1.0000,1,1,0,0,0,25.0256
23.2237,51.5700,0.0864,103.6405,3.5828,12.8982,3.5828,0.0048,0.0011,267.5106,-0.0966,0.0107,0.6989,0.2883,0.0000,0.0000,0.0000,1.0000,1.0000,1,1,0,0,0,25.0253
23.2763,51.3818,0.0864,103.6320,3.5828,12.8980,3.5828,0.0047,-0.0013,267.5065,-0.0789,0.0107,0.6989,0.2883,0.0000,0.0000,0.0000,1.0000,1.0000,1,1,0,0,0,25.0241
23.3358,51.1690,0.0864,103.6224,3.5828,12.8980,3.5828,0.0047,0.0004,267.5003,-0.1037,0.0107,0.6989,0.2883,0.0000,0.0000,0.0000,1.0000,1.0000,1,1,0,0,0,25.0256
23.3956,50.9550,0.0864,103.6127,3.5828,12.8981,3.5828,0.0047,0.0003,267.4952,-0.0857,0.0107,0.6989,0.2883,0.0000,0.0000,0.0000,1.0000,1.0000,1,1,0,0,0,25.0245
23.4489,50.7640,0.0864,103.6040,3.5828,12.8982,3.5828,0.0047,0.0003,267.4901,-0.0961,0.0107,0.6989,0.2883,0.0000,0.0000,0.0000,1.0000,1.0000,1,1,0,0,0,25.0252
23.5013,50.5765,0.0864,103.5954,3.5828,12.8981,3.5828,0.0047,-0.0005,267.4849,-0.0990,0.0107,0.6989,0.2883,0.0000,0.0000,0.0000,1.0000,1.0000,1,1,0,0,0,25.0254
23.5582,50.3730,0.0864,103.5861,3.5828,12.8982,3.5828,0.0047,0.0004,267.4797,-0.0913,0.0107,0.6989,0.2903,0.0000,0.0000,0.0000,1.0000,1.0000,1,1,0,0,0,25.0249
23.6124,50.1788,0.0864,103.5772,3.5828,12.8982,3.5828,0.0048,0.0001,267.4746,-0.0934,0.0107,0.6989,0.2923,0.0000,0.0000,0.0000,1.0000,1.0000,1,1,0,0,0,25.0251
23.6695,49.9745,0.0864,103.5679,3.5828,12.8981,3.5828,0.0047,-0.0005,267.4695,-0.0898,0.0107,0.6989,0.2708,0.0000,0.0000,0.0000,1.0000,1.0000,1,1,0,0,0,25.0248
23.7341,49.7433,0.0864,103.5573,3.5828,12.8981,3.5828,0.0048,0.0002,267.4633,-0.0964,0.0107,0.6989,0.1280,0.0000,0.0000,0.0000,1.0000,1.0000,1,1,0,0,0,25.0252
23.7853,49.5578,0.0864,103.5487,3.7653,13.5551,3.7653,0.0049,3.5676,267.4592,-0.0799,0.0107,0.6989,-0.1300,0.0000,0.0000,0.0000,1.0000,0.6947,1,0,0,0,0,3.4977
23.8452,49.2970,0.0864,103.5367,5.0890,18.3205,5.0890,0.0061,22.0838,267.4530,-0.1028,0.0107,0.6989,-0.4370,0.0000,0.0000,0.0000,1.0000,0.2329,1,0,0,0,0,1.1884
23.8968,49.0032,0.0864,103.5232,6.3138,22.7296,6.3138,0.0068,23.7387,267.4489,-0.0799,0.0107,0.6989,-0.6677,0.0000,0.0000,0.0000,1.0000,0.1124,1,0,0,0,0,0.5827
23.9543,48.5829,0.0864,103.5040,8.4097,30.2751,8.4097,0.0078,36.4728,267.4427,-0.1073,0.0107,0.6989,-0.8749,0.0000,0.0000,0.0000,1.0000,0.0377,1,0,0,0,0,0.2083
24.0066,48.1057,0.0864,103.4822,9.9042,35.6552,9.9042,0.0080,28.5420,267.4386,-0.0787,0.0107,0.6989,-0.9042,0.0000,0.0000,0.0000,1.0000,0.0182,1,0,0,0,0,0.1075
24.0635,47.4814,0.0864,103.4537,11.8290,42.5845,11.8290,0.0083,33.8360,267.4335,-0.0896,0.0107,0.6989,-0.8632,0.0000,0.0000,0.0000,1.0000,0.0073,1,0,0,0,0,0.0521
24.1188,46.7669,0.0864,103.4211,13.7872,49.6337,13.7872,0.0084,35.4616,267.4283,-0.0945,0.0107,0.6989,-0.5250,0.0000,0.0000,0.0000,1.0000,0.0029,1,0,0,0,0,0.0291
24.1766,45.9034,0.0864,103.3817,16.1575,58.1670,16.1575,0.0085,41.0091,267.4221,-0.1067,0.0107,0.6989,-0.1261,0.0000,0.0000,0.0000,1.0000,0.0010,1,0,0,0,0,0.0188
24.2294,45.0211,0.0864,103.3414,16.8530,60.6710,16.8530,0.0078,13.1618,267.4180,-0.0785,0.0107,0.6989,0.0518,0.0000,0.0000,0.0000,1.0000,0.3058,1,0,0,0,0,1.5401
24.2837,44.1899,0.0864,103.3034,13.7628,49.5460,13.7628,0.0064,-56.9068,267.4128,-0.0944,0.0107,0.6989,0.2102,0.0000,0.0000,0.0000,1.0000,0.7207,1,0,0,0,0,3.6158
24.3342,43.5905,0.0864,103.2760,10.1148,36.4131,10.1148,0.0055,-72.2232,267.4077,-0.1027,0.0107,0.6989,0.2708,0.0000,0.0000,0.0000,1.0000,0.8877,1,1,0,0,0,24.4521
24.3859,43.1304,0.0864,103.2548,7.9094,28.4738,7.9094,0.0051,-42.6975,267.4035,-0.0804,0.0107,0.6989,0.2805,0.0000,0.0000,0.0000,1.0000,0.9458,1,1,0,0,0,24.7430
24.4401,42.7628,0.0864,103.2378,6.0842,21.9031,6.0842,0.0049,-33.6518,267.3983,-0.0957,0.0107,0.6989,0.2825,0.0000,0.0000,0.0000,1.0000,0.9782,1,1,0,0,0,24.9084
24.5002,42.4394,0.0864,103.2227,4.8495,17.4582,4.8495,0.0049,-20.5535,267.3922,-0.1026,0.0107,0.6989,0.2825,0.0000,0.0000,0.0000,1.0000,0.9927,1,1,0,0,0,24.9843
24.5505,42.2082,0.0864,103.2118,4.3821,15.7755,4.3821,0.0048,-9.2958,267.3880,-0.0825,0.0107,0.6989,0.2825,0.0000,0.0000,0.0000,1.0000,0.9965,1,1,0,0,0,25.0034
24.6125,41.9508,0.0864,103.1997,3.9813,14.3327,3.9813,0.0048,-6.4611,267.3818,-0.0994,0.0107,0.6989,0.2825,0.0000,0.0000,0.0000,1.0000,0.9988,1,1,0,0,0,25.0177
24.6761,41.7043,0.0864,103.1880,3.7807,13.6105,3.7807,0.0048,-3.1534,267.3756,-0.0979,0.0107,0.6989,0.2825,0.0000,0.0000,0.0000,1.0000,0.9996,1,1,0,0,0,25.0225
24.7318,41.4963,0.0864,103.1781,3.6931,13.2950,3.6931,0.0048,-1.5742,267.3705,-0.0921,0.0107,0.6989,0.2825,0.0000,0.0000,0.0000,1.0000,0.9998,1,1,0,0,0,25.0237
24.7875,41.2918,0.0864,103.1684,3.6442,13.1190,3.6442,0.0048,-0.8767,267.3653,-0.0925,0.0107,0.6989,0.2825,0.0000,0.0000,0.0000,1.0000,0.9999,1,1,0,0,0,25.0245
24.8463,41.0789,0.0864,103.1582,3.6170,13.0210,3.6169,0.0047,-0.4636,267.3602,-0.0878,0.0107,0.6989,0.2825,0.0000,0.0000,0.0000,1.0000,1.0000,1,1,0,0,0,25.0244
24.9011,40.8811,0.0864,103.1488,3.6018,12.9663,3.6018,0.0047,-0.2768,267.3550,-0.0946,0.0107,0.6989,0.2825,0.0000,0.0000,0.0000,1.0000,1.0000,1,1,0,0,0,25.0250
24.9535,40.6928,0.0864,103.1397,3.5934,12.9362,3.5934,0.0048,-0.1599,267.3498,-0.0990,0.0107,0.6989,0.2903,0.0000,0.0000,0.0000,1.0000,1.0000,1,1,0,0,0,25.0254
25.0037,40.5128,0.0864,103.1311,3.5894,12.9217,3.5894,0.0047,-0.0800,267.3456,-0.0827,0.0107,0.6989,0.2395,0.0000,0.0000,0.0000,1.0000,1.0000,1,1,0,0,0,25.0243
25.0539,40.3327,0.0864,103.1224,3.6528,13.1501,3.6528,0.0048,1.2630,267.3405,-0.1021,0.0107,0.6989,-0.0166,0.0000,0.0000,0.0000,1.0000,0.8335,1,1,0,0,0,24.1930
25.1040,40.1359,0.0864,103.1129,4.3257,15.5727,4.3257,0.0055,13.4318,267.3364,-0.0828,0.0107,0.6989,-0.4624,0.0000,0.0000,0.0000,1.0000,0.4023,1,0,0,0,0,2.0350
25.1562,39.8773,0.0864,103.1005,5.6807,20.4505,5.6807,0.0065,25.9751,267.3312,-0.0995,0.0107,0.6989,-0.8182,0.0000,0.0000,0.0000,1.0000,0.1618,1,0,0,0,0,0.8318
25.2083,39.5454,0.0864,103.0846,7.3355,26.4077,7.3355,0.0074,31.7435,267.3260,-0.0995,0.0107,0.6989,-0.9394,0.0000,0.0000,0.0000,1.0000,0.0651,1,0,0,0,0,0.3461
25.2596,39.1357,0.0864,103.0650,8.7804,31.6096,8.7804,0.0078,28.1826,267.3218,-0.0809,0.0107,0.6989,-0.9668,0.0000,0.0000,0.0000,1.0000,0.0314,1,0,0,0,0,0.1749
25.3246,38.4908,0.0864,103.0342,11.0560,39.8017,11.0560,0.0083,35.0252,267.3157,-0.0949,0.0107,0.6989,-0.9727,0.0000,0.0000,0.0000,1.0000,0.0105,1,0,0,0,0,0.0692
25.3832,37.7831,0.0864,103.0004,13.0036,46.8129,13.0036,0.0084,33.1971,267.3105,-0.0879,0.0107,0.6989,-0.9590,0.0000,0.0000,0.0000,1.0000,0.0042,1,0,0,0,0,0.0357
25.4333,37.0834,0.0864,102.9670,14.9728,53.9022,14.9728,0.0085,39.3600,267.3054,-0.1019,0.0107,0.6989,-0.8475,0.0000,0.0000,0.0000,1.0000,0.0017,1,0,0,0,0,0.0227
25.4847,36.2713,0.0864,102.9282,16.5560,59.6016,16.5560,0.0083,30.7694,267.3013,-0.0807,0.0107,0.6989,-0.6070,0.0000,0.0000,0.0000,1.0000,0.0008,1,0,0,0,0,0.0161
25.5348,35.3902,0.0864,102.8862,18.5398,66.7432,18.5398,0.0083,39.6384,267.2962,-0.1012,0.0107,0.6989,-0.1828,0.0000,0.0000,0.0000,1.0000,0.0003,1,0,0,0,0,0.0140
25.5859,34.3989,0.0864,102.8388,20.5261,73.8939,20.5261,0.0082,38.8639,267.2911,-0.1003,0.0107,0.6989,-0.0342,0.0000,0.0000,0.0000,1.0000,0.0001,1,0,0,0,0,0.0123
25.6377,33.3297,0.0864,102.7877,20.0564,72.2031,20.0564,0.0072,-9.0591,267.2870,-0.0789,0.0107,0.6989,0.1241,0.0000,0.0000,0.0000,1.0000,0.4210,1,0,0,0,0,2.1149
25.6976,32.2832,0.0864,102.7376,14.4705,52.0939,14.4705,0.0058,-93.3572,267.2809,-0.1020,0.0107,0.6989,0.2708,0.0000,0.0000,0.0000,1.0000,0.8059,1,1,0,0,0,24.0410
25.7484,31.6355,0.0864,102.7065,10.9885,39.5587,10.9885,0.0052,-68.4944,267.2768,-0.0804,0.0107,0.6989,0.2883,0.0000,0.0000,0.0000,1.0000,0.9063,1,1,0,0,0,24.5430
25.8030,31.1303,0.0864,102.6824,7.9276,28.5395,7.9276,0.0018,-56.0368,267.2711,-0.1039,0.0107,0.6989,0.2883,0.0000,0.0000,0.0000,1.0000,0.9623,1,1,0,0,0,24.8208
25.8534,30.7800,0.0864,102.6659,6.0642,21.8312,6.0642,0.0047,-37.0133,267.2653,-0.1164,0.0107,0.6989,0.2883,0.0000,0.0000,0.0000,1.0000,0.9848,1,1,0,0,0,24.9423
25.9045,30.4945,0.0864,102.6526,5.1532,18.5515,5.1532,0.0054,-17.8292,267.2606,-0.0920,0.0107,0.6989,0.2883,0.0000,0.0000,0.0000,1.0000,0.9927,1,1,0,0,0,24.9843
25.9633,30.2165,0.0864,102.6397,4.3673,15.7223,4.3673,0.0055,-13.3485,267.2535,-0.1192,0.0107,0.6989,0.2883,0.0000,0.0000,0.0000,1.0000,0.9975,1,1,0,0,0,25.0133
26.0159,29.9950,0.0864,102.6295,4.0753,14.6709,4.0753,0.0055,-5.5575,267.2489,-0.0889,0.0107,0.6989,0.2883,0.0000,0.0000,0.0000,1.0000,0.9988,1,1,0,0,0,25.0194
26.0788,29.7480,0.0864,102.6178,3.8271,13.7776,3.8271,0.0001,-3.9456,267.2422,-0.1053,0.0107,0.6989,0.2883,0.0000,0.0000,0.0000,1.0000,0.9996,1,1,0,0,0,25.0041
26.1344,29.5387,0.0864,102.6075,3.7189,13.3879,3.7189,0.0035,-1.9464,267.2371,-0.0933,0.0107,0.6989,0.2883,0.0000,0.0000,0.0000,1.0000,0.9998,1,1,0,0,0,25.0184
26.1870,29.3448,0.0864,102.5979,3.6585,13.1705,3.6585,0.0044,-1.1472,267.2319,-0.0974,0.0107,0.6989,0.2883,0.0000,0.0000,0.0000,1.0000,0.9999,1,1,0,0,0,25.0232
26.2486,29.1209,0.0864,102.5867,3.6249,13.0497,3.6249,0.0046,-0.5452,267.2268,-0.0832,0.0107,0.6989,0.2883,0.0000,0.0000,0.0000,1.0000,1.0000,1,1,0,0,0,25.0237
26.3123,28.8912,0.0864,102.5752,3.6036,12.9730,3.6036,0.0047,-0.3345,267.2206,-0.0973,0.0107,0.6989,0.2883,0.0000,0.0000,0.0000,1.0000,1.0000,1,1,0,0,0,25.0250
26.3626,28.7102,0.0864,102.5661,3.5944,12.9398,3.5944,0.0048,-0.1832,267.2155,-0.1025,0.0107,0.6989,0.2883,0.0000,0.0000,0.0000,1.0000,1.0000,1,1,0,0,0,25.0255
26.4129,28.5298,0.0864,102.5570,3.5900,12.9241,3.5900,0.0047,-0.0868,267.2113,-0.0825,0.0107,0.6989,0.2883,0.0000,0.0000,0.0000,1.0000,1.0000,1,1,0,0,0,25.0243
26.4635,28.3485,0.0864,102.5478,3.5868,12.9125,3.5868,0.0048,-0.0637,267.2061,-0.1019,0.0107,0.6989,0.2883,0.0000,0.0000,0.0000,1.0000,1.0000,1,1,0,0,0,25.0256
26.5206,28.1439,0.0864,102.5375,3.5850,12.9060,3.5850,0.0047,-0.0315,267.2010,-0.0903,0.0107,0.6989,0.2883,0.0000,0.0000,0.0000,1.0000,1.0000,1,1,0,0,0,25.0249
26.5714,27.9620,0.0864,102.5283,3.5842,12.9031,3.5842,0.0047,-0.0162,267.1969,-0.0811,0.0107,0.6989,0.2883,0.0000,0.0000,0.0000,1.0000,1.0000,1,1,0,0,0,25.0242
26.6325,27.7433,0.0864,102.5172,3.5835,12.9006,3.5835,0.0047,-0.0113,267.1907,-0.1014,0.0107,0.6989,0.2883,0.0000,0.0000,0.0000,1.0000,1.0000,1,1,0,0,0,25.0255
26.6828,27.5635,0.0864,102.5081,3.5833,12.8997,3.5833,0.0047,-0.0047,267.1865,-0.0826,0.0107,0.6989,0.2883,0.0000,0.0000,0.0000,1.0000,1.0000,1,1,0,0,0,25.0243
26.7356,27.3744,0.0864,102.4984,3.5830,12.8989,3.5830,0.0047,-0.0044,267.1814,-0.0976,0.0107,0.6989,0.2883,0.0000,0.0000,0.0000,1.0000,1.0000,1,1,0,0,0,25.0252
26.7963,27.1572,0.0864,102.4874,3.5829,12.8984,3.5829,0.0048,-0.0023,267.1752,-0.1010,0.0107,0.6989,0.2883,0.0000,0.0000,0.0000,1.0000,1.0000,1,1,0,0,0,25.0255
26.8519,26.9584,0.0864,102.4772,3.5829,12.8984,3.5829,0.0048,-0.0002,267.1701,-0.0929,0.0107,0.6989,0.2883,0.0000,0.0000,0.0000,1.0000,1.0000,1,1,0,0,0,25.0251
26.9067,26.7622,0.0864,102.4672,3.5828,12.8982,3.5828,0.0048,-0.0007,267.1649,-0.0952,0.0107,0.6989,0.2883,0.0000,0.0000,0.0000,1.0000,1.0000,1,1,0,0,0,25.0252
26.9705,26.5339,0.0864,102.4555,3.5828,12.8981,3.5828,0.0047,-0.0003,267.1597,-0.0813,0.0107,0.6989,0.2883,0.0000,0.0000,0.0000,1.0000,1.0000,1,1,0,0,0,25.0243
27.0280,26.3282,0.0864,102.4449,3.5828,12.8981,3.5828,0.0047,-0.0004,267.1546,-0.0887,0.0107,0.6989,0.2883,0.0000,0.0000,0.0000,1.0000,1.0000,1,1,0,0,0,25.0246
27.0785,26.1475,0.0864,102.4356,3.5828,12.8982,3.5828,0.0047,0.0005,267.1494,-0.1021,0.0107,0.6989,0.2883,0.0000,0.0000,0.0000,1.0000,1.0000,1,1,0,0,0,25.0255
27.1383,25.9337,0.0864,102.4246,3.5828,12.8980,3.5828,0.0047,-0.0009,267.1443,-0.0858,0.0107,0.6989,0.2883,0.0000,0.0000,0.0000,1.0000,1.0000,1,1,0,0,0,25.0245
27.1912,25.7444,0.0864,102.4148,3.5828,12.8980,3.5828,0.0047,0.0003,267.1391,-0.0975,0.0107,0.6989,0.2883,0.0000,0.0000,0.0000,1.0000,1.0000,1,1,0,0,0,25.0252
27.2520,25.5269,0.0864,102.4036,3.5828,12.8981,3.5828,0.0048,0.0003,267.1330,-0.1009,0.0107,0.6989,0.2883,0.0000,0.0000,0.0000,1.0000,1.0000,1,1,0,0,0,25.0255
27.3122,25.3113,0.0864,102.3924,3.5828,12.8981,3.5828,0.0047,0.0001,267.1278,-0.0856,0.0107,0.6989,0.2883,0.0000,0.0000,0.0000,1.0000,1.0000,1,1,0,0,0,25.0246
27.3646,25.1239,0.0864,102.3827,3.5828,12.8982,3.5828,0.0047,0.0002,267.1227,-0.0973,0.0107,0.6989,0.2883,0.0000,0.0000,0.0000,1.0000,1.0000,1,1,0,0,0,25.0253
27.4169,24.9367,0.0864,102.3729,3.5828,12.8981,3.5828,0.0047,-0.0004,267.1186,-0.0793,0.0107,0.6989,0.2883,0.0000,0.0000,0.0000,1.0000,1.0000,1,1,0,0,0,25.0241
27.4716,24.7413,0.0864,102.3627,3.5828,12.8981,3.5828,0.0047,0.0001,267.1135,-0.0939,0.0107,0.6989,0.2883,0.0000,0.0000,0.0000,1.0000,1.0000,1,1,0,0,0,25.0249
27.5225,24.5591,0.0864,102.3532,3.5828,12.8980,3.5828,0.0047,-0.0006,267.1083,-0.1019,0.0107,0.6989,0.2883,0.0000,0.0000,0.0000,1.0000,1.0000,1,1,0,0,0,25.0255
27.5819,24.3464,0.0864,102.3421,3.5828,12.8980,3.5828,0.0047,-0.0001,267.1031,-0.0867,0.0107,0.6989,0.2883,0.0000,0.0000,0.0000,1.0000,1.0000,1,1,0,0,0,25.0245
27.6332,24.1630,0.0864,102.3325,3.5828,12.8981,3.5828,0.0047,0.0006,267.0980,-0.1000,0.0107,0.6989,0.2883,0.0000,0.0000,0.0000,1.0000,1.0000,1,1,0,0,0,25.0254
27.6845,23.9792,0.0864,102.3229,3.5828,12.8980,3.5828,0.0048,-0.0003,267.0929,-0.0998,0.0107,0.6989,0.2883,0.0000,0.0000,0.0000,1.0000,1.0000,1,1,0,0,0,25.0255
27.7347,23.7997,0.0864,102.3135,3.5828,12.8981,3.5828,0.0047,0.0006,267.0887,-0.0827,0.0107,0.6989,0.2883,0.0000,0.0000,0.0000,1.0000,1.0000,1,1,0,0,0,25.0244
27.7856,23.6177,0.0864,102.3039,3.5828,12.8980,3.5828,0.0048,-0.0006,267.0836,-0.1014,0.0107,0.6989,0.2883,0.0000,0.0000,0.0000,1.0000,1.0000,1,1,0,0,0,25.0255
27.8375,23.4320,0.0864,102.2941,3.5828,12.8982,3.5828,0.0047,0.0008,267.0795,-0.0788,0.0107,0.6989,0.2883,0.0000,0.0000,0.0000,1.0000,1.0000,1,1,0,0,0,25.0241
27.8930,23.2336,0.0864,102.2836,3.5828,12.8979,3.5828,0.0047,-0.0012,267.0743,-0.0935,0.0107,0.6989,0.2883,0.0000,0.0000,0.0000,1.0000,1.0000,1,1,0,0,0,25.0249
27.9443,23.0498,0.0864,102.2739,3.5828,12.8980,3.5828,0.0047,0.0003,267.0691,-0.1010,0.0107,0.6989,0.2883,0.0000,0.0000,0.0000,1.0000,1.0000,1,1,0,0,0,25.0254
27.9947,22.8694,0.0864,102.2644,3.5828,12.8979,3.5828,0.0048,-0.0003,267.0639,-0.1029,0.0107,0.6989,0.2883,0.0000,0.0000,0.0000,1.0000,1.0000,1,1,0,0,0,25.0256
28.0478,22.6794,0.0864,102.2543,3.5828,12.8981,3.5828,0.0047,0.0008,267.0598,-0.0776,0.0107,0.6989,0.2883,0.0000,0.0000,0.0000,1.0000,1.0000,1,1,0,0,0,25.0240
28.0994,22.4950,0.0864,102.2445,3.5828,12.8981,3.5828,0.0047,0.0003,267.0546,-0.1000,0.0107,0.6989,0.2883,0.0000,0.0000,0.0000,1.0000,1.0000,1,1,0,0,0,25.0254
28.1531,22.3030,0.0864,102.2343,3.5828,12.8981,3.5828,0.0047,-0.0003,267.0495,-0.0950,0.0107,0.6989,0.2883,0.0000,0.0000,0.0000,1.0000,1.0000,1,1,0,0,0,25.0252
28.2102,22.0985,0.0864,102.2234,3.5828,12.8979,3.5828,0.0047,-0.0007,267.0444,-0.0902,0.0107,0.6989,0.2883,0.0000,0.0000,0.0000,1.0000,1.0000,1,1,0,0,0,25.0248
28.2733,21.8729,0.0864,102.2113,3.5828,12.8980,3.5828,0.0048,0.0005,267.0382,-0.0982,0.0107,0.6989,0.2883,0.0000,0.0000,0.0000,1.0000,1.0000,1,1,0,0,0,25.0254
28.3334,21.6579,0.0864,102.1998,3.5828,12.8980,3.5828,0.0047,-0.0001,267.0330,-0.0858,0.0107,0.6989,0.2883,0.0000,0.0000,0.0000,1.0000,1.0000,1,1,0,0,0,25.0246
28.3840,21.4766,0.0864,102.1901,3.5828,12.8982,3.5828,0.0048,0.0008,267.0279,-0.1012,0.0107,0.6989,0.2883,0.0000,0.0000,0.0000,1.0000,1.0000,1,1,0,0,0,25.0255
28.4423,21.2681,0.0864,102.1789,3.5827,12.8979,3.5827,0.0047,-0.0013,267.0227,-0.0890,0.0107,0.6989,0.2883,0.0000,0.0000,0.0000,1.0000,1.0000,1,1,0,0,0,25.0248
28.5018,21.0552,0.0864,102.1675,3.5828,12.8981,3.5828,0.0047,0.0008,267.0175,-0.0872,0.0107,0.6989,0.2883,0.0000,0.0000,0.0000,1.0000,1.0000,1,1,0,0,0,25.0246
28.5532,20.8716,0.0864,102.1576,3.5828,12.8981,3.5828,0.0047,0.0001,267.0124,-0.1005,0.0107,0.6989,0.2883,0.0000,0.0000,0.0000,1.0000,1.0000,1,1,0,0,0,25.0254
28.6104,20.6669,0.0864,102.1466,3.5828,12.8981,3.5828,0.0047,0.0001,267.0073,-0.0891,0.0107,0.6989,0.2883,0.0000,0.0000,0.0000,1.0000,1.0000,1,1,0,0,0,25.0248
28.6706,20.4515,0.0864,102.1349,3.5828,12.8981,3.5828,0.0047,-0.0001,267.0021,-0.0862,0.0107,0.6989,0.2883,0.0000,0.0000,0.0000,1.0000,1.0000,1,1,0,0,0,25.0245
28.7237,20.2616,0.0864,102.1246,3.5828,12.8980,3.5828,0.0047,-0.0002,266.9969,-0.0971,0.0107,0.6989,0.2883,0.0000,0.0000,0.0000,1.0000,1.0000,1,1,0,0,0,25.0252
28.7837,20.0467,0.0864,102.1130,3.5828,12.8981,3.5828,0.0048,0.0003,266.9908,-0.1022,0.0107,0.6989,0.2883,0.0000,0.0000,0.0000,1.0000,1.0000,1,1,0,0,0,25.0256
28.8481,19.8165,0.0864,102.1005,3.5828,12.8981,3.5828,0.0047,0.0000,266.9856,-0.0801,0.0107,0.6989,0.2883,0.0000,0.0000,0.0000,1.0000,1.0000,1,1,0,0,0,25.0242
28.9070,19.6057,0.0864,102.0890,3.5828,12.8981,3.5828,0.0047,0.0001,266.9794,-0.1051,0.0107,0.6989,0.2883,0.0000,0.0000,0.0000,1.0000,1.0000,1,1,0,0,0,25.0257
28.9574,19.4255,0.0864,102.0792,3.5828,12.8981,3.5828,0.0047,-0.0002,266.9753,-0.0824,0.0107,0.6989,0.2883,0.0000,0.0000,0.0000,1.0000,1.0000,1,1,0,0,0,25.0243
29.0131,19.2262,0.0864,102.0683,3.5828,12.8980,3.5828,0.0047,-0.0004,266.9701,-0.0925,0.0107,0.6989,0.2883,0.0000,0.0000,0.0000,1.0000,1.0000,1,1,0,0,0,25.0249
29.0653,19.0395,0.0864,102.0581,3.5828,12.8981,3.5828,0.0047,0.0007,266.9650,-0.0989,0.0107,0.6989,0.2883,0.0000,0.0000,0.0000,1.0000,1.0000,1,1,0,0,0,25.0253
29.1236,18.8308,0.0864,102.0467,3.5828,12.8981,3.5828,0.0047,-0.0004,266.9598,-0.0884,0.0107,0.6989,0.2883,0.0000,0.0000,0.0000,1.0000,1.0000,1,1,0,0,0,25.0247
29.1744,18.6491,0.0864,102.0367,3.5827,12.8979,3.5827,0.0047,-0.0008,266.9546,-0.1022,0.0107,0.6989,0.2883,0.0000,0.0000,0.0000,1.0000,1.0000,1,1,0,0,0,25.0255
29.2313,18.4457,0.0864,102.0255,3.5828,12.8980,3.5828,0.0047,0.0007,266.9494,-0.0913,0.0107,0.6989,0.2883,0.0000,0.0000,0.0000,1.0000,1.0000,1,1,0,0,0,25.0249
29.2815,18.2659,0.0864,102.0156,3.5828,12.8982,3.5828,0.0047,0.0009,266.9453,-0.0814,0.0107,0.6989,0.2883,0.0000,0.0000,0.0000,1.0000,1.0000,1,1,0,0,0,25.0242
29.3335,18.0799,0.0864,102.0054,3.5828,12.8981,3.5828,0.0047,-0.0006,266.9402,-0.0992,0.0107,0.6989,0.2883,0.0000,0.0000,0.0000,1.0000,1.0000,1,1,0,0,0,25.0253
29.3865,17.8904,0.0864,101.9949,3.5828,12.8981,3.5828,0.0047,0.0000,266.9350,-0.0973,0.0107,0.6989,0.2883,0.0000,0.0000,0.0000,1.0000,1.0000,1,1,0,0,0,25.0252
29.4480,17.6702,0.0864,101.9827,3.5828,12.8980,3.5828,0.0047,-0.0003,266.9299,-0.0838,0.0107,0.6989,0.2883,0.0000,0.0000,0.0000,1.0000,1.0000,1,1,0,0,0,25.0243
29.5031,17.4732,0.0864,101.9718,3.5828,12.8981,3.5828,0.0047,0.0004,266.9247,-0.0942,0.0107,0.6989,0.2883,0.0000,0.0000,0.0000,1.0000,1.0000,1,1,0,0,0,25.0249
29.5607,17.2674,0.0864,101.9604,3.5828,12.8980,3.5828,0.0048,-0.0004,266.9186,-0.1061,0.0107,0.6989,0.2883,0.0000,0.0000,0.0000,1.0000,1.0000,1,1,0,0,0,25.0258
29.6132,17.0795,0.0864,101.9500,3.5828,12.8981,3.5828,0.0047,0.0002,266.9145,-0.0784,0.0107,0.6989,0.2883,0.0000,0.0000,0.0000,1.0000,1.0000,1,1,0,0,0,25.0241
29.6647,16.8953,0.0864,101.9397,3.5828,12.8981,3.5828,0.0047,0.0001,266.9093,-0.1001,0.0107,0.6989,0.2883,0.0000,0.0000,0.0000,1.0000,1.0000,1,1,0,0,0,25.0254
29.7155,16.7133,0.0864,101.9296,3.5828,12.8981,3.5828,0.0048,0.0002,266.9041,-0.1014,0.0107,0.6989,0.2883,0.0000,0.0000,0.0000,1.0000,1.0000,1,1,0,0,0,25.0256
29.7667,16.5302,0.0864,101.9193,3.5828,12.8981,3.5828,0.0047,-0.0002,266.9001,-0.0799,0.0107,0.6989,0.2883,0.0000,0.0000,0.0000,1.0000,1.0000,1,1,0,0,0,25.0242
29.8299,16.3044,0.0864,101.9067,3.5828,12.8981,3.5828,0.0047,0.0001,266.8939,-0.0982,0.0107,0.6989,0.2883,0.0000,0.0000,0.0000,1.0000,1.0000,1,1,0,0,0,25.0253
29.8884,16.0951,0.0864,101.8950,3.5828,12.8980,3.5828,0.0047,-0.0003,266.8887,-0.0887,0.0107,0.6989,0.2883,0.0000,0.0000,0.0000,1.0000,1.0000,1,1,0,0,0,25.0247
29.9427,15.9008,0.0864,101.8845,3.5828,12.8981,3.5828,0.0022,0.0006,266.8938,0.0944,0.0107,0.6989,0.2883,0.0000,0.0000,0.0000,1.0000,1.0000,1,1,0,0,0,25.0145
30.0060,15.6743,0.0864,101.8725,3.5828,12.8981,3.5828,0.0042,-0.0002,266.8999,0.0964,0.0107,0.6989,0.2883,0.0000,0.0000,0.0000,1.0000,1.0000,1,1,0,0,0,25.0230
30.0570,15.4919,0.0864,101.8629,3.5828,12.8981,3.5828,0.0045,0.0001,266.9040,0.0802,0.0107,0.6989,0.2883,0.0000,0.0000,0.0000,1.0000,1.0000,1,1,0,0,0,25.0234
30.1154,15.2828,0.0864,101.8520,3.5828,12.8980,3.5828,0.0047,-0.0003,266.9101,0.1044,0.0107,0.6989,0.2883,0.0000,0.0000,0.0000,1.0000,1.0000,1,1,0,0,0,25.0256
30.1727,15.0777,0.0864,101.8413,3.5828,12.8981,3.5828,0.0047,0.0003,266.9152,0.0894,0.0107,0.6989,0.2883,0.0000,0.0000,0.0000,1.0000,1.0000,1,1,0,0,0,25.0248
30.2256,14.8884,0.0864,101.8314,3.5828,12.8981,3.5828,0.0048,-0.0001,266.9203,0.0958,0.0107,0.6989,0.2883,0.0000,0.0000,0.0000,1.0000,1.0000,1,1,0,0,0,25.0253
30.2759,14.7085,0.0864,101.8217,3.5828,12.8981,3.5828,0.0018,0.0000,266.9250,0.0934,0.0107,0.6989,0.2883,0.0000,0.0000,0.0000,1.0000,1.0000,1,1,0,0,0,25.0128
30.3274,14.5245,0.0864,101.8116,3.5828,12.8980,3.5828,0.0044,-0.0004,266.9308,0.1128,0.0107,0.6989,0.2883,0.0000,0.0000,0.0000,1.0000,1.0000,1,1,0,0,0,25.0245
30.3850,14.3184,0.0864,101.8006,3.5828,12.8981,3.5828,0.0028,0.0006,266.9290,-0.0318,0.0107,0.6989,0.2883,0.0000,0.0000,0.0000,1.0000,1.0000,1,1,0,0,0,25.0136
30.4433,14.1098,0.0864,101.7897,3.5829,12.8983,3.5828,0.0051,0.0006,266.9225,-0.1099,0.0107,0.6989,0.2883,0.0000,0.0000,0.0000,1.0000,1.0000,1,1,0,0,0,25.0275
30.5014,13.9018,0.0864,101.7790,3.5828,12.8981,3.5828,0.0057,-0.0010,266.9161,-0.1113,0.0107,0.6989,0.2883,0.0000,0.0000,0.0000,1.0000,1.0000,1,1,0,0,0,25.0302
30.5515,13.7224,0.0864,101.7695,3.5828,12.8980,3.5828,0.0008,-0.0005,266.9158,-0.0049,0.0107,0.6989,0.2883,0.0000,0.0000,0.0000,1.0000,1.0000,1,1,0,0,0,25.0036
30.6117,13.5073,0.0864,101.7578,3.5828,12.8980,3.5828,0.0027,0.0002,266.9202,0.0726,0.0107,0.6989,0.2883,0.0000,0.0000,0.0000,1.0000,1.0000,1,1,0,0,0,25.0155
30.6723,13.2904,0.0864,101.7458,3.5828,12.8981,3.5828,0.0044,0.0005,266.9265,0.1037,0.0107,0.6989,0.2727,0.0000,0.0000,0.0000,1.0000,1.0000,1,1,0,0,0,25.0240
30.7235,13.1049,0.0864,101.7355,3.7653,13.5552,3.7653,0.0050,3.5687,266.9267,0.0042,0.0107,0.6989,-0.0812,0.0000,0.0000,0.0000,1.0000,0.6947,1,0,0,0,0,3.4936
30.7805,12.8582,0.0864,101.7219,5.0890,18.3205,5.0890,0.0061,23.2188,266.9205,-0.1087,0.0107,0.6989,-0.6500,0.0000,0.0000,0.0000,1.0000,0.2329,1,0,0,0,0,1.1889
30.8333,12.5597,0.0864,101.7054,6.3138,22.7295,6.3138,0.0068,23.1942,266.9163,-0.0792,0.0107,0.6989,-0.8866,0.0000,0.0000,0.0000,1.0000,0.1124,1,0,0,0,0,0.5827
30.8915,12.1354,0.0864,101.6820,8.4097,30.2749,8.4097,0.0078,36.0016,266.9102,-0.1059,0.0107,0.6989,-0.9511,0.0000,0.0000,0.0000,1.0000,0.0377,1,0,0,0,0,0.2083
30.9446,11.6510,0.0864,101.6554,9.9042,35.6552,9.9042,0.0080,28.1159,266.9060,-0.0775,0.0107,0.6989,-0.9648,0.0000,0.0000,0.0000,1.0000,0.0182,1,0,0,0,0,0.1074
31.0026,11.0136,0.0864,101.6203,12.2187,43.9874,12.2187,0.0085,39.9481,266.8999,-0.1064,0.0107,0.6989,-0.9648,0.0000,0.0000,0.0000,1.0000,0.0061,1,0,0,0,0,0.0468
31.0565,10.3139,0.0864,101.5819,13.7872,49.6338,13.7872,0.0083,29.0736,266.8957,-0.0775,0.0107,0.6989,-0.8319,0.0000,0.0000,0.0000,1.0000,0.0029,1,0,0,0,0,0.0281
31.1066,9.5728,0.0864,101.5412,15.7615,56.7414,15.7615,0.0084,39.4600,266.8905,-0.1037,0.0107,0.6989,-0.3490,0.0000,0.0000,0.0000,1.0000,0.0012,1,0,0,0,0,0.0197
31.1691,8.5220,0.0864,101.4834,18.1404,65.3054,18.1404,0.0084,38.0389,266.8842,-0.1005,0.0107,0.6989,-0.0010,0.0000,0.0000,0.0000,1.0000,0.0004,1,0,0,0,0,0.0145
31.2247,7.5375,0.0864,101.4293,16.2038,58.3336,16.2038,0.0070,-34.8581,266.8790,-0.0934,0.0107,0.6989,0.1300,0.0000,0.0000,0.0000,1.0000,0.5979,1,0,0,0,0,3.0011
31.2750,6.7978,0.0864,101.3886,12.8976,46.4313,12.8976,0.0058,-65.6287,266.8749,-0.0824,0.0107,0.6989,0.2062,0.0000,0.0000,0.0000,1.0000,0.8059,1,1,0,0,0,24.0410
31.3266,6.2265,0.0864,101.3570,9.3229,33.5625,9.3229,0.0053,-69.2827,266.8698,-0.0994,0.0107,0.6989,0.2375,0.0000,0.0000,0.0000,1.0000,0.9219,1,1,0,0,0,24.6236
31.3778,5.8040,0.0864,101.3336,7.3262,26.3744,7.3262,0.0050,-38.9913,266.8657,-0.0799,0.0107,0.6989,0.2532,0.0000,0.0000,0.0000,1.0000,0.9623,1,1,0,0,0,24.8262
31.4386,5.4227,0.0864,101.3123,5.4957,19.7844,5.4957,0.0049,-30.1253,266.8595,-0.1009,0.0107,0.6989,0.2864,0.0000,0.0000,0.0000,1.0000,0.9874,1,1,0,0,0,24.9559
31.4924,5.1494,0.0864,101.2970,4.6616,16.7817,4.6616,0.0049,-15.4979,266.8544,-0.0947,0.0107,0.6989,0.2864,0.0000,0.0000,0.0000,1.0000,0.9949,1,1,0,0,0,24.9956
31.5533,4.8810,0.0864,101.2818,4.1876,15.0755,4.1876,0.0048,-7.7802,266.8493,-0.0842,0.0107,0.6989,0.2864,0.0000,0.0000,0.0000,1.0000,0.9980,1,1,0,0,0,25.0117
31.6098,4.6538,0.0864,101.2690,3.9208,14.1147,3.9208,0.0048,-4.7292,266.8442,-0.0903,0.0107,0.6989,0.2864,0.0000,0.0000,0.0000,1.0000,0.9992,1,1,0,0,0,25.0192
31.6605,4.4594,0.0864,101.2579,3.7713,13.5767,3.7713,0.0048,-2.9469,266.8391,-0.1017,0.0107,0.6989,0.2864,0.0000,0.0000,0.0000,1.0000,0.9997,1,1,0,0,0,25.0230
31.7114,4.2698,0.0864,101.2471,3.7008,13.3230,3.7008,0.0047,-1.3845,266.8349,-0.0809,0.0107,0.6989,0.2864,0.0000,0.0000,0.0000,1.0000,0.9998,1,1,0,0,0,25.0229
31.7723,4.0469,0.0864,101.2344,3.6412,13.1084,3.6412,0.0047,-0.9788,266.8287,-0.1027,0.0107,0.6989,0.2864,0.0000,0.0000,0.0000,1.0000,0.9999,1,1,0,0,0,25.0250
31.8228,3.8638,0.0864,101.2240,3.6193,13.0296,3.6193,0.0047,-0.4328,266.8246,-0.0803,0.0107,0.6989,0.2864,0.0000,0.0000,0.0000,1.0000,1.0000,1,1,0,0,0,25.0239
31.8742,3.6788,0.0864,101.2134,3.6030,12.9710,3.6030,0.0047,-0.3175,266.8194,-0.1010,0.0107,0.6989,0.2864,0.0000,0.0000,0.0000,1.0000,1.0000,1,1,0,0,0,25.0253
31.9395,3.4441,0.0864,101.1999,3.5929,12.9343,3.5929,0.0047,-0.1559,266.8133,-0.0939,0.0107,0.6989,0.2864,0.0000,0.0000,0.0000,1.0000,1.0000,1,1,0,0,0,25.0250
31.9961,3.2411,0.0864,101.1883,3.5883,12.9180,3.5883,0.0047,-0.0797,266.8081,-0.0916,0.0107,0.6989,0.2864,0.0000,0.0000,0.0000,1.0000,1.0000,1,1,0,0,0,25.0249
32.0486,3.0533,0.0864,101.1775,3.5859,12.9092,3.5859,0.0048,-0.0467,266.8030,-0.0966,0.0107,0.6989,0.2864,0.0000,0.0000,0.0000,1.0000,1.0000,1,1,0,0,0,25.0252
32.0992,2.8723,0.0864,101.1670,3.5847,12.9050,3.5847,0.0047,-0.0232,266.7989,-0.0821,0.0107,0.6989,0.2864,0.0000,0.0000,0.0000,1.0000,1.0000,1,1,0,0,0,25.0243
32.1530,2.6795,0.0864,101.1559,3.5838,12.9018,3.5838,0.0047,-0.0163,266.7937,-0.0963,0.0107,0.6989,0.2864,0.0000,0.0000,0.0000,1.0000,1.0000,1,1,0,0,0,25.0251
32.2146,2.4594,0.0864,101.1432,3.5833,12.9000,3.5833,0.0047,-0.0083,266.7875,-0.1012,0.0107,0.6989,0.2864,0.0000,0.0000,0.0000,1.0000,1.0000,1,1,0,0,0,25.0255
32.2751,2.2427,0.0864,101.1307,3.5831,12.8992,3.5831,0.0047,-0.0038,266.7823,-0.0851,0.0107,0.6989,0.2864,0.0000,0.0000,0.0000,1.0000,1.0000,1,1,0,0,0,25.0245
32.3360,2.0251,0.0864,101.1181,3.5829,12.8985,3.5829,0.0048,-0.0028,266.7762,-0.1008,0.0107,0.6989,0.2864,0.0000,0.0000,0.0000,1.0000,1.0000,1,1,0,0,0,25.0255
32.3932,1.8203,0.0864,101.1062,3.5828,12.8983,3.5828,0.0047,-0.0013,266.7710,-0.0906,0.0107,0.6989,0.2864,0.0000,0.0000,0.0000,1.0000,1.0000,1,1,0,0,0,25.0249
32.4487,1.6220,0.0864,101.0946,3.5828,12.8982,3.5828,0.0047,-0.0003,266.7658,-0.0936,0.0107,0.6989,0.2864,0.0000,0.0000,0.0000,1.0000,1.0000,1,1,0,0,0,25.0251
32.5017,1.4325,0.0864,101.0836,3.5828,12.8981,3.5828,0.0048,-0.0006,266.7606,-0.0979,0.0107,0.6989,0.2864,0.0000,0.0000,0.0000,1.0000,1.0000,1,1,0,0,0,25.0254
32.5606,1.2216,0.0864,101.0713,3.5828,12.8981,3.5828,0.0047,-0.0001,266.7554,-0.0880,0.0107,0.6989,0.2864,0.0000,0.0000,0.0000,1.0000,1.0000,1,1,0,0,0,25.0247
32.6168,1.0208,0.0864,101.0596,3.5828,12.8980,3.5828,0.0047,-0.0003,266.7504,-0.0903,0.0107,0.6989,0.2864,0.0000,0.0000,0.0000,1.0000,1.0000,1,1,0,0,0,25.0249
32.6690,0.8341,0.0864,101.0486,3.5828,12.8980,3.5828,0.0048,0.0000,266.7452,-0.0994,0.0107,0.6989,0.2864,0.0000,0.0000,0.0000,1.0000,1.0000,1,1,0,0,0,25.0254
32.7322,0.6079,0.0864,101.0354,3.5828,12.8980,3.5828,0.0047,0.0001,266.7400,-0.0815,0.0107,0.6989,0.2864,0.0000,0.0000,0.0000,1.0000,1.0000,1,1,0,0,0,25.0243
32.7824,0.4284,0.0864,101.0248,3.5828,12.8979,3.5828,0.0047,-0.0005,266.7349,-0.1028,0.0107,0.6989,0.2864,0.0000,0.0000,0.0000,1.0000,1.0000,1,1,0,0,0,25.0256
32.8419,0.2154,0.0864,101.0123,3.5828,12.8979,3.5828,0.0047,-0.0001,266.7298,-0.0856,0.0107,0.6989,0.2883,0.0000,0.0000,0.0000,1.0000,1.0000,1,1,0,0,0,25.0245
32.8942,0.0286,0.0864,101.0013,3.5828,12.8982,3.5828,0.0047,0.0012,266.7246,-0.0987,0.0107,0.6989,0.2883,0.0000,0.0000,0.0000,1.0000,1.0000,1,1,0,0,0,25.0253
32.9457,-0.1558,0.0864,100.9904,3.5828,12.8982,3.5828,0.0048,0.0001,266.7194,-0.1006,0.0107,0.6989,0.0811,0.0000,0.0000,0.0000,1.0000,1.0000,1,1,0,0,0,25.0255
33.0172,-0.4375,0.0864,100.9738,4.5596,16.4147,4.5596,0.0057,13.6712,266.7132,-0.0867,0.0107,0.6989,-0.5386,0.0000,0.0000,0.0000,1.0000,0.3353,1,0,0,0,0,1.7000
33.0684,-0.7031,0.0864,100.9582,5.9909,21.5671,5.9909,0.0067,27.9265,266.7081,-0.1000,0.0107,0.6989,-0.8025,0.0000,0.0000,0.0000,1.0000,0.1349,1,0,0,0,0,0.6968
33.1210,-1.0525,0.0864,100.9376,7.3331,26.3992,7.3331,0.0073,25.5247,266.7040,-0.0783,0.0107,0.6989,-0.6598,0.0000,0.0000,0.0000,1.0000,0.0651,1,0,0,0,0,0.3447
33.1765,-1.5161,0.0864,100.9104,9.1503,32.9410,9.1503,0.0079,32.7507,266.6988,-0.0935,0.0107,0.6989,-0.2239,0.0000,0.0000,0.0000,1.0000,0.0262,1,0,0,0,0,0.1490
33.2283,-2.0285,0.0864,100.8803,10.0553,36.1990,10.0553,0.0076,17.4790,266.6936,-0.1002,0.0107,0.6989,0.0264,0.0000,0.0000,0.0000,1.0000,0.4315,1,0,0,0,0,2.1743
33.2883,-2.6193,0.0864,100.8456,9.9708,35.8949,9.9708,0.0071,-1.4083,266.6885,-0.0845,0.0107,0.6989,-0.3079,0.0000,0.0000,0.0000,1.0000,0.2539,1,0,0,0,0,1.2850
33.3484,-3.2574,0.0864,100.8082,11.3844,40.9837,11.3844,0.0076,23.5171,266.6823,-0.1036,0.0107,0.6989,-0.7674,0.0000,0.0000,0.0000,1.0000,0.0851,1,0,0,0,0,0.4414
33.3989,-3.8664,0.0864,100.7724,12.6867,45.6720,12.6867,0.0077,25.7517,266.6782,-0.0815,0.0107,0.6989,-0.8671,0.0000,0.0000,0.0000,1.0000,0.0411,1,0,0,0,0,0.2191
33.4628,-4.7505,0.0864,100.7204,14.8695,53.5302,14.8695,0.0080,34.1928,266.6719,-0.0980,0.0107,0.6989,-0.4526,0.0000,0.0000,0.0000,1.0000,0.0138,1,0,0,0,0,0.0824
33.5250,-5.7446,0.0864,100.6620,17.1761,61.8341,17.1761,0.0082,37.0667,266.6658,-0.0981,0.0107,0.6989,-0.0792,0.0000,0.0000,0.0000,1.0000,0.0046,1,0,0,0,0,0.0357
33.5782,-6.7014,0.0864,100.6057,19.1372,68.8940,19.1372,0.0082,36.8705,266.6606,-0.0975,0.0107,0.6989,-0.3490,0.0000,0.0000,0.0000,1.0000,0.0019,1,0,0,0,0,0.0211
33.6381,-7.8996,0.0864,100.5352,21.1135,76.0086,21.1135,0.0079,32.9917,266.6555,-0.0856,0.0107,0.6989,-0.7791,0.0000,0.0000,0.0000,1.0000,0.0007,1,0,0,0,0,0.0141
33.6937,-9.1255,0.0864,100.4630,23.0965,83.1472,23.0965,0.0077,35.6702,266.6503,-0.0933,0.0107,0.6989,-0.8729,0.0000,0.0000,0.0000,1.0000,0.0003,1,0,0,0,0,0.0117
33.7439,-10.3275,0.0864,100.3922,24.6853,88.8669,24.6853,0.0059,31.6317,266.6483,-0.0401,0.0107,0.6989,-0.6579,0.0000,0.0000,0.0000,1.0000,0.0001,1,0,0,0,0,0.0065
33.7991,-11.7517,0.0864,100.3083,26.6725,96.0208,26.6725,0.0103,36.0356,266.6541,0.1051,0.0107,0.6989,-0.2180,0.0000,0.0000,0.0000,1.0000,0.0001,1,0,0,0,0,0.0119
33.8543,-13.2861,0.0864,100.2180,28.6604,103.1774,28.6604,0.0087,36.0118,266.6489,-0.0940,0.0107,0.6989,-0.1535,0.0000,0.0000,0.0000,1.0000,0.0000,1,0,0,0,0,0.0099
33.9061,-14.8200,0.0864,100.1276,29.8427,107.4337,29.8427,0.0077,22.8259,266.6437,-0.1002,0.0107,0.6989,-0.6481,0.0000,0.0000,0.0000,1.0000,0.0000,1,0,0,0,0,0.0095
33.9603,-16.4472,0.0864,100.0316,30.2403,108.8652,30.2403,0.0070,7.3296,266.6385,-0.0956,0.0107,0.6989,-0.8671,0.0000,0.0000,0.0000,1.0000,0.0000,1,0,0,0,0,0.0088
34.0109,-17.9659,0.0864,99.9419,29.8427,107.4335,29.8427,0.0068,-7.8583,266.6334,-0.1025,0.0107,0.6989,-0.7713,0.0000,0.0000,0.0000,1.0000,0.0000,1,0,0,0,0,0.0091
34.0631,-19.5285,0.0864,99.8496,29.8427,107.4338,29.8427,0.0072,0.0013,266.6315,-0.0351,0.0107,0.6989,-0.3548,0.0000,0.0000,0.0000,1.0000,0.0000,1,0,0,0,0,0.0056
34.1186,-21.1901,0.0864,99.7516,29.6889,106.8801,29.6889,0.0015,-2.7700,266.6260,-0.1000,0.0107,0.6989,0.0499,0.0000,0.0000,0.0000,1.0000,0.1665,1,0,0,0,0,0.8388
34.1698,-22.5840,0.0864,99.6692,24.0302,86.5089,24.0302,0.0033,-110.4863,266.6208,-0.1007,0.0107,0.6989,0.2238,0.0000,0.0000,0.0000,1.0000,0.6647,1,0,0,0,0,3.3312
34.2366,-23.9033,0.0864,99.5909,15.4985,55.7946,15.4985,0.0042,-127.7006,266.6146,-0.0936,0.0107,0.6989,0.2805,0.0000,0.0000,0.0000,1.0000,0.8876,1,1,0,0,0,24.4471
34.2934,-24.6362,0.0864,99.5472,10.5861,38.1099,10.5861,0.0045,-86.4961,266.6094,-0.0913,0.0107,0.6989,0.2864,0.0000,0.0000,0.0000,1.0000,0.9548,1,1,0,0,0,24.7853
34.3514,-25.1512,0.0864,99.5163,7.5793,27.2855,7.5793,0.0047,-51.8494,266.6042,-0.0884,0.0107,0.6989,0.2864,0.0000,0.0000,0.0000,1.0000,0.9818,1,1,0,0,0,24.9232
34.4058,-25.5080,0.0864,99.4948,5.8338,21.0015,5.8338,0.0048,-32.0660,266.5991,-0.0942,0.0107,0.6989,0.2864,0.0000,0.0000,0.0000,1.0000,0.9927,1,1,0,0,0,24.9810
34.4632,-25.8089,0.0864,99.4765,4.8428,17.4341,4.8428,0.0048,-17.2675,266.5939,-0.0904,0.0107,0.6989,0.2864,0.0000,0.0000,0.0000,1.0000,0.9971,1,1,0,0,0,25.0052
34.5145,-26.0405,0.0864,99.4624,4.2859,15.4292,4.2859,0.0048,-10.8576,266.5887,-0.1011,0.0107,0.6989,0.2864,0.0000,0.0000,0.0000,1.0000,0.9988,1,1,0,0,0,25.0165
34.5715,-26.2748,0.0864,99.4481,3.9745,14.3082,3.9745,0.0048,-5.4625,266.5836,-0.0899,0.0107,0.6989,0.2864,0.0000,0.0000,0.0000,1.0000,0.9995,1,1,0,0,0,25.0207
34.6220,-26.4705,0.0864,99.4361,3.8007,13.6827,3.8007,0.0048,-3.4426,266.5785,-0.1016,0.0107,0.6989,0.2864,0.0000,0.0000,0.0000,1.0000,0.9998,1,1,0,0,0,25.0236
34.6819,-26.6948,0.0864,99.4223,3.7041,13.3346,3.7041,0.0048,-1.6141,266.5733,-0.0866,0.0107,0.6989,0.2864,0.0000,0.0000,0.0000,1.0000,0.9999,1,1,0,0,0,25.0237
34.7325,-26.8805,0.0864,99.4108,3.6502,13.1406,3.6502,0.0048,-1.0652,266.5681,-0.1025,0.0107,0.6989,0.2864,0.0000,0.0000,0.0000,1.0000,1.0000,1,1,0,0,0,25.0252
34.7899,-27.0889,0.0864,99.3980,3.6202,13.0328,3.6202,0.0048,-0.5215,266.5629,-0.0903,0.0107,0.6989,0.2883,0.0000,0.0000,0.0000,1.0000,1.0000,1,1,0,0,0,25.0247
34.8421,-27.2768,0.0864,99.3864,3.6062,12.9823,3.6062,0.0047,-0.2689,266.5588,-0.0790,0.0107,0.6989,0.2805,0.0000,0.0000,0.0000,1.0000,1.0000,1,1,0,0,0,25.0240
34.9055,-27.5068,0.0864,99.3722,3.7775,13.5992,3.7775,0.0049,2.7004,266.5527,-0.0967,0.0107,0.6989,-0.1906,0.0000,0.0000,0.0000,1.0000,0.6947,1,0,0,0,0,3.4986
34.9649,-27.7626,0.0864,99.3563,4.8255,17.3720,4.8255,0.0058,17.6525,266.5475,-0.0869,0.0107,0.6989,-0.7967,0.0000,0.0000,0.0000,1.0000,0.2795,1,0,0,0,0,1.4203
35.0258,-28.1142,0.0864,99.3346,6.6545,23.9564,6.6545,0.0070,30.0114,266.5413,-0.1027,0.0107,0.6989,-0.9257,0.0000,0.0000,0.0000,1.0000,0.0937,1,0,0,0,0,0.4900
35.0802,-28.5213,0.0864,99.3095,8.4182,30.3053,8.4181,0.0054,32.4275,266.5359,-0.0976,0.0107,0.6989,-0.9394,0.0000,0.0000,0.0000,1.0000,0.0377,1,0,0,0,0,0.2035
35.1382,-29.0622,0.0864,99.2768,10.2936,37.0569,10.2936,0.0025,32.3507,266.5302,-0.1000,0.0107,0.6989,-0.7185,0.0000,0.0000,0.0000,1.0000,0.0152,1,0,0,0,0,0.0850
35.1891,-29.6316,0.0864,99.2426,12.2270,44.0173,12.2270,0.0068,38.0024,266.5243,-0.1146,0.0107,0.6989,-0.3509,0.0000,0.0000,0.0000,1.0000,0.0061,1,0,0,0,0,0.0453
35.2462,-30.3646,0.0864,99.1985,12.8907,46.4065,12.8907,0.0045,11.6149,266.5188,-0.0972,0.0107,0.6989,0.1496,0.0000,0.0000,0.0000,1.0000,0.4234,1,0,0,0,0,2.1277
35.2980,-30.9840,0.0864,99.1608,11.0781,39.8813,11.0781,0.0007,-35.0100,266.5147,-0.0790,0.0107,0.6989,0.2688,0.0000,0.0000,0.0000,1.0000,0.7217,1,0,0,0,0,3.6138
35.3494,-31.4742,0.0864,99.1307,8.4594,30.4537,8.4594,0.0036,-50.9648,266.5096,-0.0998,0.0107,0.6989,0.2962,0.0000,0.0000,0.0000,1.0000,0.8881,1,1,0,0,0,24.4522
35.4102,-31.9166,0.0864,99.1034,6.2118,22.3624,6.2118,0.0047,-36.9629,266.5034,-0.1009,0.0107,0.6989,0.2981,0.0000,0.0000,0.0000,1.0000,0.9625,1,1,0,0,0,24.8292
35.4636,-32.2216,0.0864,99.0844,5.2769,18.9968,5.2769,0.0047,-17.4878,266.4993,-0.0771,0.0107,0.6989,0.3001,0.0000,0.0000,0.0000,1.0000,0.9819,1,1,0,0,0,24.9272
35.5198,-32.4916,0.0864,99.0675,4.5465,16.3673,4.5465,0.0048,-12.9980,266.4942,-0.0902,0.0107,0.6989,0.3001,0.0000,0.0000,0.0000,1.0000,0.9927,1,1,0,0,0,24.9843
35.5715,-32.7126,0.0864,99.0536,4.1260,14.8537,4.1260,0.0048,-8.1418,266.4890,-0.1005,0.0107,0.6989,0.3001,0.0000,0.0000,0.0000,1.0000,0.9971,1,1,0,0,0,25.0083
35.6279,-32.9373,0.0864,99.0395,3.8875,13.9949,3.8875,0.0048,-4.2261,266.4839,-0.0914,0.0107,0.6989,0.3001,0.0000,0.0000,0.0000,1.0000,0.9988,1,1,0,0,0,25.0176
35.6896,-33.1713,0.0864,99.0247,3.7344,13.4438,3.7344,0.0048,-2.4825,266.4777,-0.1005,0.0107,0.6931,0.3001,0.0000,0.0000,0.0000,1.0000,0.9996,1,1,0,0,0,25.0228
35.7456,-33.3780,0.0864,99.0116,3.6674,13.2025,3.6674,0.0048,-1.1970,266.4726,-0.0910,0.0107,0.6208,0.3001,0.0000,0.0000,0.0000,1.0000,0.9998,1,1,0,0,0,25.0237
35.8022,-33.5838,0.0864,98.9986,3.6005,12.9620,3.6005,0.0047,-1.1801,266.4674,-0.0911,0.0107,0.5386,0.3001,0.0000,0.0000,0.0000,0.9706,0.9999,1,1,0,0,0,25.0245
35.8540,-33.7667,0.0864,98.9870,3.4352,12.3667,3.4352,0.0048,-3.1890,266.4623,-0.0983,0.0107,0.4956,0.3001,0.0000,0.0000,0.0000,0.9051,1.0000,1,1,0,0,0,25.0261
35.9116,-33.9581,0.0864,98.9748,3.1923,11.4921,3.1922,0.0047,-4.2207,266.4572,-0.0901,0.0107,0.4546,0.3001,0.0000,0.0000,0.0000,0.8379,1.0000,1,1,0,0,0,25.0271
35.9652,-34.1224,0.0864,98.9643,2.9042,10.4552,2.9042,0.0047,-5.3712,266.4520,-0.0956,0.0107,0.4076,0.3001,0.0000,0.0000,0.0000,0.7664,1.0000,1,1,0,0,0,25.0295
36.0261,-34.2896,0.0864,98.9536,2.5772,9.2779,2.5772,0.0046,-5.3704,266.4468,-0.0852,0.0107,0.3705,0.3001,0.0000,0.0000,0.0000,0.6925,1.0000,1,1,0,0,0,25.0315
36.0891,-34.4394,0.0864,98.9439,2.1854,7.8674,2.1854,0.0045,-6.2200,266.4406,-0.0988,0.0107,0.3392,0.3001,0.0000,0.0000,0.0000,0.6188,1.0000,1,1,0,0,0,25.0365
36.1438,-34.5511,0.0864,98.9366,1.8753,6.7512,1.8753,0.0044,-5.6704,266.4354,-0.0960,0.0107,0.3040,0.3001,0.0000,0.0000,0.0000,0.5611,1.0000,1,1,0,0,0,25.0406
36.2045,-34.6559,0.0864,98.9297,1.5799,5.6875,1.5798,0.0043,-4.8640,266.4302,-0.0854,0.0107,0.2806,0.3001,0.0000,0.0000,0.0000,0.5083,1.0000,1,1,0,0,0,25.0452
36.2585,-34.7336,0.0864,98.9246,1.3303,4.7890,1.3303,0.0041,-4.6261,266.4249,-0.0973,0.0107,0.2806,0.3001,0.0000,0.0000,0.0000,0.4781,1.0000,1,1,0,0,0,25.0517
36.3179,-34.8064,0.0864,98.9197,1.1487,4.1352,1.1487,0.0039,-3.0553,266.4197,-0.0873,0.0107,0.2806,0.3001,0.0000,0.0000,0.0000,0.4634,1.0000,1,1,0,0,0,25.0563
36.3755,-34.8681,0.0864,98.9155,1.0080,3.6289,1.0080,0.0038,-2.4406,266.4135,-0.1091,0.0107,0.2806,0.3001,0.0000,0.0000,0.0000,0.4552,1.0000,1,1,0,0,0,25.0625
36.4266,-34.9179,0.0864,98.9121,0.9486,3.4150,0.9486,0.0037,-1.1649,266.4093,-0.0813,0.0107,0.2806,0.3001,0.0000,0.0000,0.0000,0.4526,1.0000,1,0,0,0,0,5.0631
36.4791,-34.9662,0.0864,98.9088,0.9002,3.2408,0.9002,0.0036,-0.9208,266.4041,-0.0993,0.0107,0.2806,0.3001,0.0000,0.0000,0.0000,0.4509,1.0000,1,0,0,0,0,5.0662
36.5372,-35.0174,0.0864,98.9053,0.8709,3.1352,0.8709,0.0036,-0.5050,266.3989,-0.0893,0.0107,0.2806,0.3001,0.0000,0.0000,0.0000,0.4500,1.0000,1,0,0,0,0,5.0668
36.5999,-35.0713,0.0864,98.9016,0.8509,3.0632,0.8509,0.0036,-0.3189,266.3927,-0.0983,0.0107,0.2806,0.3001,0.0000,0.0000,0.0000,0.4496,1.0000,1,0,0,0,0,5.0683
36.6617,-35.1233,0.0864,98.8980,0.8416,3.0298,0.8416,0.0035,-0.1503,266.3876,-0.0835,0.0107,0.2806,0.3001,0.0000,0.0000,0.0000,0.4494,1.0000,1,0,0,0,0,5.0677
36.7152,-35.1681,0.0864,98.8949,0.8362,3.0103,0.8362,0.0035,-0.1012,266.3824,-0.0969,0.0107,0.2806,0.3001,0.0000,0.0000,0.0000,0.4493,1.0000,1,0,0,0,0,5.0688
36.7714,-35.2149,0.0864,98.8917,0.8331,2.9992,0.8331,0.0035,-0.0545,266.3772,-0.0923,0.0107,0.2806,0.3001,0.0000,0.0000,0.0000,0.4493,1.0000,1,0,0,0,0,5.0686
36.8256,-35.2599,0.0864,98.8886,0.8313,2.9925,0.8312,0.0035,-0.0345,266.3720,-0.0957,0.0107,0.2806,0.3001,0.0000,0.0000,0.0000,0.4492,1.0000,1,0,0,0,0,5.0689
36.8773,-35.3027,0.0864,98.8856,0.8303,2.9889,0.8302,0.0035,-0.0194,266.3669,-0.0998,0.0107,0.2806,0.3001,0.0000,0.0000,0.0000,0.4492,1.0000,1,0,0,0,0,5.0693
36.9351,-35.3505,0.0864,98.8823,0.8297,2.9870,0.8297,0.0035,-0.0093,266.3617,-0.0893,0.0107,0.2806,0.3001,0.0000,0.0000,0.0000,0.4492,1.0000,1,0,0,0,0,5.0687
36.9921,-35.3977,0.0864,98.8790,0.8293,2.9856,0.8293,0.0035,-0.0065,266.3565,-0.0905,0.0107,0.2806,0.3001,0.0000,0.0000,0.0000,0.4492,1.0000,1,0,0,0,0,5.0687
37.0450,-35.4415,0.0864,98.8759,0.8291,2.9849,0.8291,0.0035,-0.0040,266.3513,-0.0985,0.0107,0.2806,0.3001,0.0000,0.0000,0.0000,0.4492,1.0000,1,0,0,0,0,5.0692
37.1137,-35.4983,0.0864,98.8719,0.8290,2.9845,0.8290,0.0035,-0.0014,266.3451,-0.0906,0.0107,0.2806,0.3001,0.0000,0.0000,0.0000,0.4492,1.0000,1,0,0,0,0,5.0687
37.1640,-35.5399,0.0864,98.8690,0.8290,2.9844,0.8290,0.0035,-0.0009,266.3399,-0.1033,0.0107,0.2806,0.3001,0.0000,0.0000,0.0000,0.4492,1.0000,1,0,0,0,0,5.0696
37.2223,-35.5881,0.0864,98.8657,0.8289,2.9841,0.8289,0.0035,-0.0014,266.3347,-0.0890,0.0107,0.2806,0.3001,0.0000,0.0000,0.0000,0.4492,1.0000,1,0,0,0,0,5.0687
37.2821,-35.6375,0.0864,98.8622,0.8289,2.9841,0.8289,0.0035,0.0002,266.3296,-0.0863,0.0107,0.2806,0.3001,0.0000,0.0000,0.0000,0.4492,1.0000,1,0,0,0,0,5.0685
37.3348,-35.6812,0.0864,98.8592,0.8290,2.9842,0.8289,0.0035,0.0005,266.3244,-0.0972,0.0107,0.2806,0.3001,0.0000,0.0000,0.0000,0.4492,1.0000,1,0,0,0,0,5.0691
37.3865,-35.7239,0.0864,98.8562,0.8263,2.9746,0.8263,0.0035,-0.0517,266.3192,-0.1004,0.0107,0.2786,0.3001,0.0000,0.0000,0.0000,0.4475,1.0000,1,0,0,0,0,5.0696
37.4463,-35.7729,0.0864,98.8527,0.8175,2.9430,0.8175,0.0035,-0.1468,266.3141,-0.0868,0.0107,0.2688,0.3001,0.0000,0.0000,0.0000,0.4419,1.0000,1,0,0,0,0,5.0693
37.5063,-35.8206,0.0864,98.8494,0.7677,2.7636,0.7677,0.0035,-0.8299,266.3088,-0.0869,0.0107,0.2258,0.3001,0.0000,0.0000,0.0000,0.4121,1.0000,1,0,0,0,0,5.0725
37.5565,-35.8556,0.0864,98.8469,0.6291,2.2647,0.6291,0.0033,-2.7649,266.3036,-0.1035,0.0107,0.1770,0.3001,0.0000,0.0000,0.0000,0.3532,1.0000,1,0,0,0,0,5.0845
37.6265,-35.8902,0.0864,98.8443,0.3606,1.2982,0.3606,0.0028,-3.8350,266.2974,-0.0898,0.0107,0.1378,0.3001,0.0000,0.0000,0.0000,0.2767,1.0000,1,0,0,0,0,5.0050
37.6801,-35.9022,0.0864,98.8434,0.1091,0.3928,0.1091,0.0019,-4.6896,266.2921,-0.0979,0.0107,0.1164,0.3001,0.0000,0.0000,0.0000,0.2256,1.0000,1,0,0,0,0,5.0054
37.7393,-35.9034,0.0864,98.8431,0.0008,0.0028,-0.0002,0.0008,-1.8306,266.2867,-0.0913,0.0107,0.1066,0.3001,0.0000,0.0000,0.0000,0.1885,1.0000,1,0,0,0,0,5.0051
37.7937,-35.9034,0.0864,98.8430,0.0007,0.0025,-0.0002,0.0007,-0.0017,266.2838,-0.0544,0.0107,0.1066,0.3001,0.0000,0.0000,0.0000,0.1684,1.0000,1,0,0,0,0,5.0030
37.8443,-35.9034,0.0864,98.8430,0.0006,0.0023,-0.0002,0.0006,-0.0009,266.2810,-0.0537,0.0107,0.1066,0.3001,0.0000,0.0000,0.0000,0.1586,1.0000,1,0,0,0,0,5.0030
37.8943,-35.9034,0.0864,98.8429,0.0006,0.0021,-0.0001,0.0006,-0.0010,266.2790,-0.0408,0.0107,0.0929,0.3001,0.0000,0.0000,0.0000,0.1475,1.0000,1,0,0,0,0,5.0023
37.9474,-35.9034,0.0864,98.8428,0.0005,0.0019,-0.0001,0.0005,-0.0013,266.2767,-0.0437,0.0107,0.0851,0.3001,0.0000,0.0000,0.0000,0.1322,1.0000,1,0,0,0,0,5.0024
38.0071,-35.9034,0.0864,98.8428,0.0004,0.0016,-0.0001,0.0004,-0.0013,266.2744,-0.0388,0.0107,0.0772,0.3001,0.0000,0.0000,0.0000,0.1153,1.0000,1,0,0,0,0,5.0022
38.0577,-35.9033,0.0864,98.8427,0.0004,0.0015,-0.0001,0.0004,-0.0008,266.2730,-0.0272,0.0107,0.0753,0.3001,0.0000,0.0000,0.0000,0.1066,1.0000,1,0,0,0,0,5.0015
38.1175,-35.9033,0.0864,98.8427,0.0004,0.0013,-0.0001,0.0004,-0.0006,266.2711,-0.0311,0.0107,0.0733,0.3001,0.0000,0.0000,0.0000,0.0981,1.0000,1,0,0,0,0,5.0017
38.1701,-35.9033,0.0864,98.8427,0.0004,0.0013,-0.0001,0.0003,-0.0002,266.2699,-0.0232,0.0107,0.0733,0.3001,0.0000,0.0000,0.0000,0.0954,1.0000,1,0,0,0,0,5.0013
38.2235,-35.9033,0.0864,98.8426,0.0003,0.0013,-0.0001,0.0003,-0.0002,266.2684,-0.0280,0.0107,0.0733,0.3001,0.0000,0.0000,0.0000,0.0936,1.0000,1,0,0,0,0,5.0016
38.2849,-35.9033,0.0864,98.8426,0.0003,0.0012,-0.0001,0.0003,-0.0001,266.2666,-0.0288,0.0107,0.0733,0.3001,0.0000,0.0000,0.0000,0.0926,1.0000,1,0,0,0,0,5.0016
38.3355,-35.9032,0.0864,98.8425,0.0003,0.0012,-0.0001,0.0003,0.0000,266.2655,-0.0229,0.0107,0.0733,0.3001,0.0000,0.0000,0.0000,0.0923,1.0000,1,0,0,0,0,5.0013
38.3979,-35.9032,0.0864,98.8425,0.0003,0.0012,-0.0001,0.0003,0.0000,266.2638,-0.0264,0.0107,0.0733,0.3001,0.0000,0.0000,0.0000,0.0921,1.0000,1,0,0,0,0,5.0015
38.4536,-35.9032,0.0864,98.8425,0.0003,0.0012,-0.0001,0.0003,0.0000,266.2625,-0.0241,0.0107,0.0733,0.3001,0.0000,0.0000,0.0000,0.0920,1.0000,1,0,0,0,0,5.0013
38.5039,-35.9032,0.0864,98.8424,0.0003,0.0012,-0.0001,0.0003,0.0000,266.2614,-0.0225,0.0107,0.0733,0.3001,0.0000,0.0000,0.0000,0.0920,1.0000,1,0,0,0,0,5.0012
38.5540,-35.9032,0.0864,98.8424,0.0003,0.0012,-0.0001,0.0003,0.0000,266.2599,-0.0280,0.0107,0.0733,0.3001,0.0000,0.0000,0.0000,0.0919,1.0000,1,0,0,0,0,5.0016
38.6096,-35.9031,0.0864,98.8424,0.0003,0.0012,-0.0001,0.0003,0.0000,266.2586,-0.0247,0.0107,0.0733,0.3001,0.0000,0.0000,0.0000,0.0919,1.0000,1,0,0,0,0,5.0014
38.6725,-35.9031,0.0864,98.8423,0.0003,0.0012,-0.0001,0.0003,0.0000,266.2568,-0.0287,0.0107,0.0733,0.3001,0.0000,0.0000,0.0000,0.0919,1.0000,1,0,0,0,0,5.0016
38.7232,-35.9031,0.0864,98.8423,0.0003,0.0012,-0.0001,0.0003,0.0000,266.2556,-0.0229,0.0107,0.0733,0.3001,0.0000,0.0000,0.0000,0.0919,1.0000,1,0,0,0,0,5.0013
38.7824,-35.9031,0.0864,98.8422,0.0003,0.0012,-0.0001,0.0003,0.0000,266.2542,-0.0232,0.0107,0.0733,0.3001,0.0000,0.0000,0.0000,0.0919,1.0000,1,0,0,0,0,5.0013
38.8436,-35.9031,0.0864,98.8422,0.0003,0.0012,-0.0001,0.0003,0.0000,266.2527,-0.0259,0.0107,0.0733,0.3001,0.0000,0.0000,0.0000,0.0919,1.0000,1,0,0,0,0,5.0014
38.8943,-35.9031,0.0864,98.8422,0.0003,0.0012,-0.0001,0.0003,0.0000,266.2516,-0.0211,0.0107,0.0733,0.3001,0.0000,0.0000,0.0000,0.0919,1.0000,1,0,0,0,0,5.0012
38.9463,-35.9030,0.0864,98.8421,0.0003,0.0012,-0.0001,0.0003,0.0000,266.2502,-0.0270,0.0107,0.0733,0.3001,0.0000,0.0000,0.0000,0.0919,1.0000,1,0,0,0,0,5.0015
39.0107,-35.9030,0.0864,98.8421,0.0003,0.0012,-0.0001,0.0003,0.0000,266.2485,-0.0265,0.0107,0.0733,0.3001,0.0000,0.0000,0.0000,0.0919,1.0000,1,0,0,0,0,5.0015
39.0653,-35.9030,0.0864,98.8420,0.0003,0.0012,-0.0001,0.0003,0.0000,266.2471,-0.0252,0.0107,0.0733,0.3001,0.0000,0.0000,0.0000,0.0919,1.0000,1,0,0,0,0,5.0014
39.1174,-35.9030,0.0864,98.8420,0.0003,0.0012,-0.0001,0.0003,0.0000,266.2456,-0.0287,0.0107,0.0733,0.3001,0.0000,0.0000,0.0000,0.0919,1.0000,1,0,0,0,0,5.0016
39.1693,-35.9030,0.0864,98.8420,0.0003,0.0012,-0.0001,0.0003,0.0000,266.2444,-0.0223,0.0107,0.0733,0.3001,0.0000,0.0000,0.0000,0.0919,1.0000,1,0,0,0,0,5.0012
39.2208,-35.9029,0.0864,98.8419,0.0003,0.0012,-0.0001,0.0003,0.0000,266.2431,-0.0267,0.0107,0.0733,0.3001,0.0000,0.0000,0.0000,0.0919,1.0000,1,0,0,0,0,5.0015
39.2723,-35.9029,0.0864,98.8419,0.0003,0.0012,-0.0001,0.0003,0.0000,266.2417,-0.0267,0.0107,0.0733,0.3001,0.0000,0.0000,0.0000,0.0919,1.0000,1,0,0,0,0,5.0015
39.3265,-35.9029,0.0864,98.8419,0.0003,0.0012,-0.0001,0.0003,0.0000,266.2407,-0.0192,0.0107,0.0733,0.3001,0.0000,0.0000,0.0000,0.0919,1.0000,1,0,0,0,0,5.0011
39.3852,-35.9029,0.0864,98.8418,0.0003,0.0012,-0.0001,0.0003,0.0000,266.2390,-0.0281,0.0107,0.0733,0.3001,0.0000,0.0000,0.0000,0.0919,1.0000,1,0,0,0,0,5.0016
39.4420,-35.9029,0.0864,98.8418,0.0003,0.0012,-0.0001,0.0003,0.0000,266.2375,-0.0258,0.0107,0.0733,0.3001,0.0000,0.0000,0.0000,0.0919,1.0000,1,0,0,0,0,5.0014
39.4964,-35.9028,0.0864,98.8417,0.0003,0.0012,-0.0001,0.0003,0.0000,266.2362,-0.0253,0.0107,0.0733,0.3001,0.0000,0.0000,0.0000,0.0919,1.0000,1,0,0,0,0,5.0014
39.5541,-35.9028,0.0864,98.8417,0.0003,0.0012,-0.0001,0.0003,0.0000,266.2347,-0.0249,0.0107,0.0733,0.3001,0.0000,0.0000,0.0000,0.0919,1.0000,1,0,0,0,0,5.0014
39.6074,-35.9028,0.0864,98.8417,0.0003,0.0012,-0.0001,0.0003,0.0000,266.2333,-0.0269,0.0107,0.0733,0.3001,0.0000,0.0000,0.0000,0.0919,1.0000,1,0,0,0,0,5.0015
39.6685,-35.9028,0.0864,98.8416,0.0003,0.0012,-0.0001,0.0003,0.0000,266.2321,-0.0205,0.0107,0.0733,0.3001,0.0000,0.0000,0.0000,0.0919,1.0000,1,0,0,0,0,5.0011
39.7202,-35.9028,0.0864,98.8416,0.0003,0.0012,-0.0001,0.0003,0.0000,266.2307,-0.0254,0.0107,0.0733,0.3001,0.0000,0.0000,0.0000,0.0919,1.0000,1,0,0,0,0,5.0014
39.7728,-35.9027,0.0864,98.8416,0.0003,0.0012,-0.0001,0.0003,0.0000,266.2295,-0.0244,0.0107,0.0733,0.3001,0.0000,0.0000,0.0000,0.0919,1.0000,1,0,0,0,0,5.0014
39.8265,-35.9027,0.0864,98.8415,0.0003,0.0012,-0.0001,0.0003,0.0000,266.2283,-0.0210,0.0107,0.0733,0.3001,0.0000,0.0000,0.0000,0.0919,1.0000,1,0,0,0,0,5.0012
39.8873,-35.9027,0.0864,98.8415,0.0003,0.0012,-0.0001,0.0003,0.0000,266.2266,-0.0286,0.0107,0.0733,0.3001,0.0000,0.0000,0.0000,0.0919,1.0000,1,0,0,0,0,5.0016
39.9374,-35.9027,0.0864,98.8414,0.0003,0.0012,-0.0001,0.0003,0.0000,266.2255,-0.0219,0.0107,0.0733,0.3001,0.0000,0.0000,0.0000,0.0919,1.0000,1,0,0,0,0,5.0012
39.9995,-35.9027,0.0864,98.8414,0.0003,0.0012,-0.0001,0.0003,0.0000,266.2238,-0.0275,0.0107,0.0733,0.3001,0.0000,0.0000,0.0000,0.0919,1.0000,1,0,0,0,0,5.0015
40.0589,-35.9027,0.0864,98.8414,0.0003,0.0012,-0.0001,0.0003,0.0000,266.2224,-0.0231,0.0107,0.0733,0.3001,0.0000,0.0000,0.0000,0.0919,1.0000,1,0,0,0,0,5.0013
40.1098,-35.9026,0.0864,98.8413,0.0003,0.0012,-0.0001,0.0003,0.0000,266.2211,-0.0252,0.0107,0.0733,0.3001,0.0000,0.0000,0.0000,0.0919,1.0000,1,0,0,0,0,5.0014
40.1601,-35.9026,0.0864,98.8413,0.0002,0.0009,-0.0001,0.0002,-0.0019,266.2199,-0.0242,0.0107,-0.0049,0.3001,0.0000,0.0000,0.0000,0.0710,1.0000,1,0,0,0,0,5.0013
40.2262,-35.9026,0.0864,98.8413,0.0001,0.0003,0.0000,0.0001,-0.0025,266.2194,-0.0083,0.0107,-0.0088,0.3001,0.0000,0.0000,0.0000,0.0347,1.0000,1,0,0,0,0,5.0005
40.2842,-35.9026,0.0864,98.8413,0.0001,0.0004,0.0000,0.0001,0.0007,266.2195,0.0016,0.0107,-0.0499,0.3021,0.0000,0.0000,0.0000,0.0147,1.0000,1,0,0,0,0,5.0001
40.3449,-35.9026,0.0864,98.8413,0.0000,0.0001,0.0000,0.0000,-0.0014,266.2197,0.0045,0.0107,0.0538,0.2844,0.0000,0.0000,0.0000,0.0240,1.0000,1,0,0,0,0,5.0003
40.4023,-35.9026,0.0864,98.8413,0.0002,0.0005,0.0000,0.0001,0.0021,266.2193,-0.0074,0.0107,0.0655,0.2825,0.0000,0.0000,0.0000,0.0501,1.0000,1,0,0,0,0,5.0004
40.4602,-35.9026,0.0864,98.8412,0.0002,0.0008,-0.0001,0.0002,0.0013,266.2183,-0.0174,0.0107,0.0655,0.2825,0.0000,0.0000,0.0000,0.0664,1.0000,1,0,0,0,0,5.0010
40.5159,-35.9026,0.0864,98.8412,0.0003,0.0009,-0.0001,0.0002,0.0005,266.2172,-0.0192,0.0107,0.0655,0.2903,0.0000,0.0000,0.0000,0.0726,1.0000,1,0,0,0,0,5.0011
40.5729,-35.9026,0.0864,98.8411,0.0003,0.0010,-0.0001,0.0003,0.0002,266.2161,-0.0203,0.0107,0.0655,0.2923,0.0000,0.0000,0.0000,0.0756,1.0000,1,0,0,0,0,5.0011
40.6292,-35.9026,0.0864,98.8411,0.0003,0.0010,-0.0001,0.0003,0.0001,266.2149,-0.0206,0.0107,0.0655,0.2923,0.0000,0.0000,0.0000,0.0770,1.0000,1,0,0,0,0,5.0011
40.6926,-35.9026,0.0864,98.8411,0.0003,0.0010,-0.0001,0.0003,0.0001,266.2134,-0.0231,0.0107,0.0655,0.2923,0.0000,0.0000,0.0000,0.0778,1.0000,1,0,0,0,0,5.0013
40.7450,-35.9026,0.0864,98.8410,0.0003,0.0010,-0.0001,0.0003,0.0000,266.2126,-0.0169,0.0107,0.0655,0.2923,0.0000,0.0000,0.0000,0.0781,1.0000,1,0,0,0,0,5.0009
40.8074,-35.9026,0.0864,98.8410,0.0003,0.0010,-0.0001,0.0003,0.0000,266.2111,-0.0230,0.0107,0.0655,0.2923,0.0000,0.0000,0.0000,0.0783,1.0000,1,0,0,0,0,5.0013
40.8607,-35.9026,0.0864,98.8410,0.0003,0.0010,-0.0001,0.0003,0.0000,266.2100,-0.0206,0.0107,0.0655,0.2923,0.0000,0.0000,0.0000,0.0784,1.0000,1,0,0,0,0,5.0011
40.9156,-35.9026,0.0864,98.8409,0.0003,0.0010,-0.0001,0.0003,0.0000,266.2089,-0.0211,0.0107,0.0655,0.2923,0.0000,0.0000,0.0000,0.0784,1.0000,1,0,0,0,0,5.0012
40.9755,-35.9026,0.0864,98.8409,0.0003,0.0010,-0.0001,0.0003,0.0000,266.2077,-0.0199,0.0107,0.0655,0.2923,0.0000,0.0000,0.0000,0.0784,1.0000,1,0,0,0,0,5.0011
41.0281,-35.9026,0.0864,98.8408,0.0003,0.0010,-0.0001,0.0003,0.0000,266.2065,-0.0227,0.0107,0.0655,0.2923,0.0000,0.0000,0.0000,0.0784,1.0000,1,0,0,0,0,5.0013
41.0847,-35.9026,0.0864,98.8408,0.0003,0.0010,-0.0001,0.0003,0.0000,266.2053,-0.0216,0.0107,0.0655,0.2923,0.0000,0.0000,0.0000,0.0784,1.0000,1,0,0,0,0,5.0012
41.1461,-35.9026,0.0864,98.8408,0.0003,0.0010,-0.0001,0.0003,0.0000,266.2040,-0.0199,0.0107,0.0655,0.2923,0.0000,0.0000,0.0000,0.0784,1.0000,1,0,0,0,0,5.0011
41.2138,-35.9026,0.0864,98.8407,0.0003,0.0010,-0.0001,0.0003,0.0000,266.2026,-0.0212,0.0107,0.0655,0.2923,0.0000,0.0000,0.0000,0.0784,1.0000,1,0,0,0,0,5.0012
41.2641,-35.9026,0.0864,98.8407,0.0003,0.0010,-0.0001,0.0003,0.0000,266.2015,-0.0224,0.0107,0.0655,0.2923,0.0000,0.0000,0.0000,0.0784,1.0000,1,0,0,0,0,5.0012
41.3160,-35.9026,0.0864,98.8406,0.0003,0.0010,-0.0001,0.0003,0.0000,266.2003,-0.0223,0.0107,0.0655,0.2923,0.0000,0.0000,0.0000,0.0784,1.0000,1,0,0,0,0,5.0012
41.3662,-35.9026,0.0864,98.8406,0.0003,0.0010,-0.0001,0.0003,0.0000,266.1994,-0.0176,0.0107,0.0655,0.2923,0.0000,0.0000,0.0000,0.0784,1.0000,1,0,0,0,0,5.0010
41.4176,-35.9026,0.0864,98.8406,0.0003,0.0010,-0.0001,0.0003,0.0000,266.1983,-0.0220,0.0107,0.0655,0.2923,0.0000,0.0000,0.0000,0.0784,1.0000,1,0,0,0,0,5.0012
41.4699,-35.9026,0.0864,98.8405,0.0003,0.0010,-0.0001,0.0003,0.0000,266.1971,-0.0222,0.0107,0.0655,0.2923,0.0000,0.0000,0.0000,0.0784,1.0000,1,0,0,0,0,5.0012
41.5298,-35.9026,0.0864,98.8405,0.0003,0.0010,-0.0001,0.0003,0.0000,266.1959,-0.0204,0.0107,0.0655,0.2923,0.0000,0.0000,0.0000,0.0784,1.0000,1,0,0,0,0,5.0011
41.5821,-35.9026,0.0864,98.8405,0.0003,0.0010,-0.0001,0.0003,0.0000,266.1946,-0.0245,0.0107,0.0655,0.2923,0.0000,0.0000,0.0000,0.0784,1.0000,1,0,0,0,0,5.0014
41.6430,-35.9026,0.0864,98.8404,0.0003,0.0010,-0.0001,0.0003,0.0000,266.1934,-0.0201,0.0107,0.0655,0.2923,0.0000,0.0000,0.0000,0.0784,1.0000,1,0,0,0,0,5.0011
41.7033,-35.9026,0.0864,98.8404,0.0003,0.0010,-0.0001,0.0003,0.0000,266.1920,-0.0238,0.0107,0.0655,0.2923,0.0000,0.0000,0.0000,0.0784,1.0000,1,0,0,0,0,5.0013
41.7601,-35.9026,0.0864,98.8403,0.0003,0.0010,-0.0001,0.0003,0.0000,266.1908,-0.0204,0.0107,0.0655,0.2923,0.0000,0.0000,0.0000,0.0784,1.0000,1,0,0,0,0,5.0011
41.8123,-35.9026,0.0864,98.8403,0.0003,0.0010,-0.0001,0.0003,0.0000,266.1899,-0.0170,0.0107,0.0655,0.2923,0.0000,0.0000,0.0000,0.0784,1.0000,1,0,0,0,0,5.0009
41.8723,-35.9026,0.0864,98.8403,0.0003,0.0010,-0.0001,0.0003,0.0000,266.1885,-0.0234,0.0107,0.0655,0.2923,0.0000,0.0000,0.0000,0.0784,1.0000,1,0,0,0,0,5.0013
41.9328,-35.9026,0.0864,98.8402,0.0003,0.0010,-0.0001,0.0003,0.0000,266.1874,-0.0192,0.0107,0.0655,0.2923,0.0000,0.0000,0.0000,0.0784,1.0000,1,0,0,0,0,5.0011
41.9911,-35.9026,0.0864,98.8402,0.0003,0.0010,-0.0001,0.0003,0.0000,266.1862,-0.0199,0.0107,0.0655,0.2923,0.0000,0.0000,0.0000,0.0784,1.0000,1,0,0,0,0,5.0011
42.0431,-35.9026,0.0864,98.8401,0.0003,0.0010,-0.0001,0.0003,0.0000,266.1850,-0.0235,0.0107,0.0655,0.2923,0.0000,0.0000,0.0000,0.0784,1.0000,1,0,0,0,0,5.0013
42.0995,-35.9026,0.0864,98.8401,0.0003,0.0010,-0.0001,0.0003,0.0000,266.1838,-0.0206,0.0107,0.0655,0.2923,0.0000,0.0000,0.0000,0.0784,1.0000,1,0,0,0,0,5.0011
42.1549,-35.9026,0.0864,98.8401,0.0003,0.0010,-0.0001,0.0003,0.0000,266.1826,-0.0220,0.0107,0.0655,0.2923,0.0000,0.0000,0.0000,0.0784,1.0000,1,0,0,0,0,5.0012
42.2172,-35.9026,0.0864,98.8400,0.0003,0.0010,-0.0001,0.0003,0.0000,266.1811,-0.0240,0.0107,0.0655,0.2923,0.0000,0.0000,0.0000,0.0784,1.0000,1,0,0,0,0,5.0013
42.2675,-35.9026,0.0864,98.8400,0.0003,0.0010,-0.0001,0.0003,0.0000,266.1803,-0.0170,0.0107,0.0655,0.2923,0.0000,0.0000,0.0000,0.0784,1.0000,1,0,0,0,0,5.0009
42.3189,-35.9026,0.0864,98.8400,0.0003,0.0010,-0.0001,0.0003,0.0000,266.1791,-0.0219,0.0107,0.0655,0.2923,0.0000,0.0000,0.0000,0.0784,1.0000,1,0,0,0,0,5.0012
42.3780,-35.9026,0.0864,98.8399,0.0003,0.0010,-0.0001,0.0003,0.0000,266.1780,-0.0196,0.0107,0.0655,0.2923,0.0000,0.0000,0.0000,0.0784,1.0000,1,0,0,0,0,5.0011
42.4326,-35.9026,0.0864,98.8399,0.0003,0.0010,-0.0001,0.0003,0.0000,266.1769,-0.0201,0.0107,0.0655,0.2923,0.0000,0.0000,0.0000,0.0784,1.0000,1,0,0,0,0,5.0011
42.4905,-35.9026,0.0864,98.8398,0.0003,0.0010,-0.0001,0.0003,0.0000,266.1757,-0.0205,0.0107,0.0655,0.2923,0.0000,0.0000,0.0000,0.0784,1.0000,1,0,0,0,0,5.0011
42.5520,-35.9026,0.0864,98.8398,0.0003,0.0010,-0.0001,0.0003,0.0000,266.1743,-0.0233,0.0107,0.0655,0.2923,0.0000,0.0000,0.0000,0.0784,1.0000,1,0,0,0,0,5.0013
42.6052,-35.9026,0.0864,98.8398,0.0003,0.0010,-0.0001,0.0003,0.0000,266.1730,-0.0230,0.0107,0.0655,0.2923,0.0000,0.0000,0.0000,0.0784,1.0000,1,0,0,0,0,5.0013
42.6552,-35.9026,0.0864,98.8397,0.0003,0.0010,-0.0001,0.0003,0.0000,266.1721,-0.0189,0.0107,0.0655,0.2923,0.0000,0.0000,0.0000,0.0784,1.0000,1,0,0,0,0,5.0011
42.7183,-35.9026,0.0864,98.8397,0.0003,0.0010,-0.0001,0.0003,0.0000,266.1706,-0.0237,0.0107,0.0655,0.2923,0.0000,0.0000,0.0000,0.0784,1.0000,1,0,0,0,0,5.0013
42.7746,-35.9026,0.0864,98.8396,0.0003,0.0010,-0.0001,0.0003,0.0000,266.1695,-0.0201,0.0107,0.0655,0.2923,0.0000,0.0000,0.0000,0.0784,1.0000,1,0,0,0,0,5.0011
42.8273,-35.9026,0.0864,98.8396,0.0003,0.0010,-0.0001,0.0003,0.0000,266.1683,-0.0214,0.0107,0.0655,0.2923,0.0000,0.0000,0.0000,0.0784,1.0000,1,0,0,0,0,5.0012
42.8819,-35.9026,0.0864,98.8396,0.0003,0.0010,-0.0001,0.0003,0.0000,266.1673,-0.0195,0.0107,0.0655,0.2923,0.0000,0.0000,0.0000,0.0784,1.0000,1,0,0,0,0,5.0011
42.9422,-35.9026,0.0864,98.8395,0.0003,0.0010,-0.0001,0.0003,0.0000,266.1661,-0.0192,0.0107,0.0655,0.2923,0.0000,0.0000,0.0000,0.0784,1.0000,1,0,0,0,0,5.0011
43.0016,-35.9026,0.0864,98.8395,0.0003,0.0010,-0.0001,0.0003,0.0000,266.1647,-0.0242,0.0107,0.0655,0.2923,0.0000,0.0000,0.0000,0.0784,1.0000,1,0,0,0,0,5.0013
43.0541,-35.9026,0.0864,98.8395,0.0003,0.0010,-0.0001,0.0003,0.0000,266.1638,-0.0174,0.0107,0.0655,0.2923,0.0000,0.0000,0.0000,0.0784,1.0000,1,0,0,0,0,5.0010
43.1108,-35.9026,0.0864,98.8394,0.0003,0.0010,-0.0001,0.0003,0.0000,266.1625,-0.0215,0.0107,0.0655,0.2923,0.0000,0.0000,0.0000,0.0784,1.0000,1,0,0,0,0,5.0012
43.1635,-35.9026,0.0864,98.8394,0.0003,0.0010,-0.0001,0.0003,0.0000,266.1613,-0.0232,0.0107,0.0655,0.2923,0.0000,0.0000,0.0000,0.0784,1.0000,1,0,0,0,0,5.0013
43.2172,-35.9026,0.0864,98.8393,0.0003,0.0010,-0.0001,0.0003,0.0000,266.1601,-0.0227,0.0107,0.0655,0.2923,0.0000,0.0000,0.0000,0.0784,1.0000,1,0,0,0,0,5.0013
43.2687,-35.9026,0.0864,98.8393,0.0003,0.0010,-0.0001,0.0003,0.0000,266.1589,-0.0225,0.0107,0.0655,0.2923,0.0000,0.0000,0.0000,0.0784,1.0000,1,0,0,0,0,5.0013
43.3218,-35.9026,0.0864,98.8393,0.0003,0.0010,-0.0001,0.0003,0.0000,266.1581,-0.0166,0.0107,0.0655,0.2923,0.0000,0.0000,0.0000,0.0784,1.0000,1,0,0,0,0,5.0009
43.3772,-35.9026,0.0864,98.8392,0.0003,0.0010,-0.0001,0.0003,0.0000,266.1570,-0.0193,0.0107,0.0655,0.2923,0.0000,0.0000,0.0000,0.0784,1.0000,1,0,0,0,0,5.0011
43.4281,-35.9026,0.0864,98.8392,0.0003,0.0010,-0.0001,0.0003,0.0000,266.1558,-0.0228,0.0107,0.0655,0.2923,0.0000,0.0000,0.0000,0.0784,1.0000,1,0,0,0,0,5.0013
43.4798,-35.9026,0.0864,98.8392,0.0003,0.0010,-0.0001,0.0003,0.0000,266.1546,-0.0236,0.0107,0.0655,0.2923,0.0000,0.0000,0.0000,0.0784,1.0000,1,0,0,0,0,5.0013
43.5357,-35.9026,0.0864,98.8391,0.0003,0.0010,-0.0001,0.0003,0.0000,266.1534,-0.0219,0.0107,0.0655,0.2923,0.0000,0.0000,0.0000,0.0784,1.0000,1,0,0,0,0,5.0012
43.5970,-35.9026,0.0864,98.8391,0.0003,0.0010,-0.0001,0.0003,0.0000,266.1522,-0.0199,0.0107,0.0655,0.2923,0.0000,0.0000,0.0000,0.0784,1.0000,1,0,0,0,0,5.0011
43.6508,-35.9026,0.0864,98.8390,0.0003,0.0010,-0.0001,0.0003,0.0000,266.1510,-0.0216,0.0107,0.0655,0.2923,0.0000,0.0000,0.0000,0.0784,1.0000,1,0,0,0,0,5.0012
43.7102,-35.9026,0.0864,98.8390,0.0003,0.0010,-0.0001,0.0003,0.0000,266.1498,-0.0205,0.0107,0.0655,0.2923,0.0000,0.0000,0.0000,0.0784,1.0000,1,0,0,0,0,5.0011
43.7820,-35.9026,0.0864,98.8389,0.0003,0.0010,-0.0001,0.0003,0.0000,266.1481,-0.0230,0.0107,0.0655,0.2923,0.0000,0.0000,0.0000,0.0784,1.0000,1,0,0,0,0,5.0013
43.8347,-35.9026,0.0864,98.8389,0.0003,0.0010,-0.0001,0.0003,0.0000,266.1470,-0.0214,0.0107,0.0655,0.2923,0.0000,0.0000,0.0000,0.0784,1.0000,1,0,0,0,0,5.0012
43.8936,-35.9026,0.0864,98.8389,0.0003,0.0010,-0.0001,0.0003,0.0000,266.1459,-0.0181,0.0107,0.0655,0.2923,0.0000,0.0000,0.0000,0.0784,1.0000,1,0,0,0,0,5.0010
43.9512,-35.9026,0.0864,98.8388,0.0003,0.0010,-0.0001,0.0003,0.0000,266.1448,-0.0190,0.0107,0.0655,0.2923,0.0000,0.0000,0.0000,0.0784,1.0000,1,0,0,0,0,5.0011
44.0023,-35.9026,0.0864,98.8388,0.0003,0.0010,-0.0001,0.0003,0.0000,266.1436,-0.0239,0.0107,0.0655,0.2923,0.0000,0.0000,0.0000,0.0784,1.0000,1,0,0,0,0,5.0013
44.0625,-35.9026,0.0864,98.8388,0.0003,0.0010,-0.0001,0.0003,0.0000,266.1424,-0.0203,0.0107,0.0655,0.2923,0.0000,0.0000,0.0000,0.0784,1.0000,1,0,0,0,0,5.0011
44.1210,-35.9026,0.0864,98.8387,0.0003,0.0010,-0.0001,0.0003,0.0000,266.1412,-0.0208,0.0107,0.0675,0.2923,0.0000,0.0000,0.0000,0.0789,1.0000,1,0,0,0,0,5.0012
44.1724,-35.9026,0.0864,98.8387,0.0003,0.0010,-0.0001,0.0003,0.0001,266.1400,-0.0238,0.0107,0.0675,0.2923,0.0000,0.0000,0.0000,0.0804,1.0000,1,0,0,0,0,5.0013
44.2300,-35.9026,0.0864,98.8386,0.0003,0.0010,-0.0001,0.0003,0.0001,266.1387,-0.0212,0.0107,0.0675,0.2923,0.0000,0.0000,0.0000,0.0811,1.0000,1,0,0,0,0,5.0012
44.2959,-35.9026,0.0864,98.8386,0.0003,0.0011,-0.0001,0.0003,0.0000,266.1373,-0.0222,0.0107,0.0675,0.2923,0.0000,0.0000,0.0000,0.0815,1.0000,1,0,0,0,0,5.0012
44.3574,-35.9025,0.0864,98.8386,0.0003,0.0011,-0.0001,0.0003,0.0000,266.1358,-0.0233,0.0107,0.0675,0.2923,0.0000,0.0000,0.0000,0.0817,1.0000,1,0,0,0,0,5.0013
44.4139,-35.9025,0.0864,98.8385,0.0003,0.0011,-0.0001,0.0003,0.0000,266.1346,-0.0211,0.0107,0.0675,0.2923,0.0000,0.0000,0.0000,0.0817,1.0000,1,0,0,0,0,5.0012
44.4669,-35.9025,0.0864,98.8385,0.0003,0.0011,-0.0001,0.0003,0.0000,266.1334,-0.0242,0.0107,0.0675,0.2923,0.0000,0.0000,0.0000,0.0818,1.0000,1,0,0,0,0,5.0013
44.5272,-35.9025,0.0864,98.8384,0.0003,0.0011,-0.0001,0.0003,0.0000,266.1320,-0.0223,0.0107,0.0675,0.2923,0.0000,0.0000,0.0000,0.0818,1.0000,1,0,0,0,0,5.0012
44.5794,-35.9025,0.0864,98.8384,0.0003,0.0011,-0.0001,0.0003,0.0000,266.1307,-0.0246,0.0107,0.0675,0.2923,0.0000,0.0000,0.0000,0.0818,1.0000,1,0,0,0,0,5.0014
44.6325,-35.9024,0.0864,98.8384,0.0003,0.0011,-0.0001,0.0003,0.0000,266.1297,-0.0195,0.0107,0.0675,0.2923,0.0000,0.0000,0.0000,0.0818,1.0000,1,0,0,0,0,5.0011
44.6993,-35.9024,0.0864,98.8383,0.0003,0.0011,-0.0001,0.0003,0.0000,266.1281,-0.0233,0.0107,0.0675,0.2923,0.0000,0.0000,0.0000,0.0818,1.0000,1,0,0,0,0,5.0013
44.7500,-35.9024,0.0864,98.8383,0.0003,0.0011,-0.0001,0.0003,0.0000,266.1269,-0.0247,0.0107,0.0675,0.2923,0.0000,0.0000,0.0000,0.0818,1.0000,1,0,0,0,0,5.0014
44.8112,-35.9024,0.0864,98.8382,0.0003,0.0011,-0.0001,0.0003,0.0000,266.1254,-0.0239,0.0107,0.0675,0.2923,0.0000,0.0000,0.0000,0.0818,1.0000,1,0,0,0,0,5.0013
44.8738,-35.9024,0.0864,98.8382,0.0003,0.0011,-0.0001,0.0003,0.0000,266.1242,-0.0195,0.0107,0.0675,0.2923,0.0000,0.0000,0.0000,0.0818,1.0000,1,0,0,0,0,5.0011
44.9264,-35.9023,0.0864,98.8382,0.0003,0.0011,-0.0001,0.0003,0.0000,266.1229,-0.0244,0.0107,0.0675,0.2923,0.0000,0.0000,0.0000,0.0818,1.0000,1,0,0,0,0,5.0014
44.9769,-35.9023,0.0864,98.8381,0.0003,0.0011,-0.0001,0.0003,0.0000,266.1219,-0.0206,0.0107,0.0675,0.2923,0.0000,0.0000,0.0000,0.0818,1.0000,1,0,0,0,0,5.0011
45.0320,-35.9023,0.0864,98.8381,0.0003,0.0011,-0.0001,0.0003,0.0000,266.1205,-0.0243,0.0107,0.0675,0.2923,0.0000,0.0000,0.0000,0.0818,1.0000,1,0,0,0,0,5.0014
45.0906,-35.9023,0.0864,98.8380,0.0003,0.0011,-0.0001,0.0003,0.0000,266.1190,-0.0261,0.0107,0.0675,0.2923,0.0000,0.0000,0.0000,0.0818,1.0000,1,0,0,0,0,5.0014
45.1489,-35.9023,0.0864,98.8380,0.0003,0.0011,-0.0001,0.0003,0.0000,266.1177,-0.0230,0.0107,0.0675,0.2923,0.0000,0.0000,0.0000,0.0818,1.0000,1,0,0,0,0,5.0013
45.2069,-35.9022,0.0864,98.8380,0.0003,0.0011,-0.0001,0.0003,0.0000,266.1165,-0.0205,0.0107,0.0675,0.2923,0.0000,0.0000,0.0000,0.0818,1.0000,1,0,0,0,0,5.0011
45.2577,-35.9022,0.0864,98.8379,0.0003,0.0011,-0.0001,0.0003,0.0000,266.1153,-0.0234,0.0107,0.0675,0.2923,0.0000,0.0000,0.0000,0.0818,1.0000,1,0,0,0,0,5.0013
45.3306,-35.9022,0.0864,98.8379,0.0003,0.0011,-0.0001,0.0003,0.0000,266.1138,-0.0201,0.0107,0.0675,0.2923,0.0000,0.0000,0.0000,0.0818,1.0000,1,0,0,0,0,5.0011
45.3899,-35.9022,0.0864,98.8378,0.0003,0.0011,-0.0001,0.0003,0.0000,266.1124,-0.0242,0.0107,0.0675,0.2923,0.0000,0.0000,0.0000,0.0818,1.0000,1,0,0,0,0,5.0013
45.4428,-35.9022,0.0864,98.8378,0.0003,0.0011,-0.0001,0.0003,0.0000,266.1114,-0.0190,0.0107,0.0675,0.2923,0.0000,0.0000,0.0000,0.0818,1.0000,1,0,0,0,0,5.0011
45.5025,-35.9021,0.0864,98.8378,0.0003,0.0011,-0.0001,0.0003,0.0000,266.1099,-0.0256,0.0107,0.0675,0.2923,0.0000,0.0000,0.0000,0.0818,1.0000,1,0,0,0,0,5.0014
45.5526,-35.9021,0.0864,98.8377,0.0003,0.0011,-0.0001,0.0003,0.0000,266.1088,-0.0207,0.0107,0.0675,0.2923,0.0000,0.0000,0.0000,0.0818,1.0000,1,0,0,0,0,5.0011
45.6049,-35.9021,0.0864,98.8377,0.0003,0.0011,-0.0001,0.0003,0.0000,266.1076,-0.0234,0.0107,0.0675,0.2923,0.0000,0.0000,0.0000,0.0818,1.0000,1,0,0,0,0,5.0013
45.6585,-35.9021,0.0864,98.8377,0.0003,0.0011,-0.0001,0.0003,0.0000,266.1064,-0.0228,0.0107,0.0675,0.2923,0.0000,0.0000,0.0000,0.0818,1.0000,1,0,0,0,0,5.0013
45.7090,-35.9021,0.0864,98.8376,0.0003,0.0011,-0.0001,0.0003,0.0000,266.1054,-0.0193,0.0107,0.0675,0.2923,0.0000,0.0000,0.0000,0.0818,1.0000,1,0,0,0,0,5.0011
45.7611,-35.9020,0.0864,98.8376,0.0003,0.0011,-0.0001,0.0003,0.0000,266.1042,-0.0235,0.0107,0.0675,0.2923,0.0000,0.0000,0.0000,0.0818,1.0000,1,0,0,0,0,5.0013
45.8139,-35.9020,0.0864,98.8375,0.0003,0.0011,-0.0001,0.0003,0.0000,266.1030,-0.0231,0.0107,0.0675,0.2923,0.0000,0.0000,0.0000,0.0818,1.0000,1,0,0,0,0,5.0013
45.8707,-35.9020,0.0864,98.8375,0.0003,0.0011,-0.0001,0.0003,0.0000,266.1017,-0.0215,0.0107,0.0675,0.2923,0.0000,0.0000,0.0000,0.0818,1.0000,1,0,0,0,0,5.0012
45.9263,-35.9020,0.0864,98.8375,0.0003,0.0011,-0.0001,0.0003,0.0000,266.1005,-0.0220,0.0107,0.0675,0.2923,0.0000,0.0000,0.0000,0.0818,1.0000,1,0,0,0,0,5.0012
45.9807,-35.9020,0.0864,98.8374,0.0003,0.0011,-0.0001,0.0003,0.0000,266.0993,-0.0224,0.0107,0.0675,0.2923,0.0000,0.0000,0.0000,0.0818,1.0000,1,0,0,0,0,5.0012
46.0452,-35.9020,0.0864,98.8374,0.0003,0.0011,-0.0001,0.0003,0.0000,266.0978,-0.0236,0.0107,0.0675,0.2923,0.0000,0.0000,0.0000,0.0818,1.0000,1,0,0,0,0,5.0013
46.0987,-35.9019,0.0864,98.8374,0.0003,0.0011,-0.0001,0.0003,0.0000,266.0965,-0.0240,0.0107,0.0675,0.2923,0.0000,0.0000,0.0000,0.0818,1.0000,1,0,0,0,0,5.0013
46.1512,-35.9019,0.0864,98.8373,0.0003,0.0011,-0.0001,0.0003,0.0000,266.0955,-0.0186,0.0107,0.0675,0.2923,0.0000,0.0000,0.0000,0.0818,1.0000,1,0,0,0,0,5.0010
46.2092,-35.9019,0.0864,98.8373,0.0003,0.0011,-0.0001,0.0003,0.0000,266.0944,-0.0200,0.0107,0.0675,0.2923,0.0000,0.0000,0.0000,0.0818,1.0000,1,0,0,0,0,5.0011
46.2617,-35.9019,0.0864,98.8372,0.0003,0.0011,-0.0001,0.0003,0.0000,266.0931,-0.0233,0.0107,0.0675,0.2923,0.0000,0.0000,0.0000,0.0818,1.0000,1,0,0,0,0,5.0013
46.3162,-35.9019,0.0864,98.8372,0.0003,0.0011,-0.0001,0.0003,0.0000,266.0919,-0.0229,0.0107,0.0675,0.2923,0.0000,0.0000,0.0000,0.0818,1.0000,1,0,0,0,0,5.0013
46.3724,-35.9018,0.0864,98.8372,0.0003,0.0011,-0.0001,0.0003,0.0000,266.0906,-0.0234,0.0107,0.0675,0.2923,0.0000,0.0000,0.0000,0.0818,1.0000,1,0,0,0,0,5.0013
46.4233,-35.9018,0.0864,98.8371,0.0003,0.0011,-0.0001,0.0003,0.0000,266.0893,-0.0252,0.0107,0.0675,0.2923,0.0000,0.0000,0.0000,0.0818,1.0000,1,0,0,0,0,5.0014
46.4753,-35.9018,0.0864,98.8371,0.0003,0.0011,-0.0001,0.0003,0.0000,266.0883,-0.0199,0.0107,0.0675,0.2923,0.0000,0.0000,0.0000,0.0818,1.0000,1,0,0,0,0,5.0011
46.5290,-35.9018,0.0864,98.8371,0.0003,0.0011,-0.0001,0.0003,0.0000,266.0870,-0.0227,0.0107,0.0675,0.2923,0.0000,0.0000,0.0000,0.0818,1.0000,1,0,0,0,0,5.0013
46.5795,-35.9018,0.0864,98.8370,0.0003,0.0011,-0.0001,0.0003,0.0000,266.0858,-0.0248,0.0107,0.0675,0.2923,0.0000,0.0000,0.0000,0.0818,1.0000,1,0,0,0,0,5.0014
46.6347,-35.9017,0.0864,98.8370,0.0003,0.0011,-0.0001,0.0003,0.0000,266.0846,-0.0221,0.0107,0.0675,0.2923,0.0000,0.0000,0.0000,0.0818,1.0000,1,0,0,0,0,5.0012
46.6892,-35.9017,0.0864,98.8369,0.0003,0.0011,-0.0001,0.0003,0.0000,266.0834,-0.0218,0.0107,0.0675,0.2923,0.0000,0.0000,0.0000,0.0818,1.0000,1,0,0,0,0,5.0012
46.8512,-35.9017,0.0864,98.8368,0.0003,0.0011,-0.0001,0.0003,0.0000,266.0799,-0.0215,0.0107,0.0675,0.2923,0.0000,0.0000,0.0000,0.0818,1.0000,1,0,0,0,0,5.0012
46.9367,-35.9016,0.0864,98.8368,0.0003,0.0011,-0.0001,0.0003,0.0000,266.0779,-0.0229,0.0107,0.0675,0.2923,0.0000,0.0000,0.0000,0.0818,1.0000,1,0,0,0,0,5.0013
46.9875,-35.9016,0.0864,98.8367,0.0003,0.0011,-0.0001,0.0003,0.0000,266.0767,-0.0240,0.0107,0.0675,0.2923,0.0000,0.0000,0.0000,0.0818,1.0000,1,0,0,0,0,5.0013
47.0413,-35.9016,0.0864,98.8367,0.0003,0.0011,-0.0001,0.0003,0.0000,266.0757,-0.0199,0.0107,0.0675,0.2923,0.0000,0.0000,0.0000,0.0818,1.0000,1,0,0,0,0,5.0011
47.0990,-35.9016,0.0864,98.8367,0.0003,0.0011,-0.0001,0.0003,0.0000,266.0742,-0.0260,0.0107,0.0675,0.2923,0.0000,0.0000,0.0000,0.0818,1.0000,1,0,0,0,0,5.0014
47.1575,-35.9016,0.0864,98.8366,0.0003,0.0011,-0.0001,0.0003,0.0000,266.0730,-0.0198,0.0107,0.0675,0.2923,0.0000,0.0000,0.0000,0.0818,1.0000,1,0,0,0,0,5.0011
47.2086,-35.9016,0.0864,98.8366,0.0003,0.0011,-0.0001,0.0003,0.0000,266.0718,-0.0239,0.0107,0.0675,0.2923,0.0000,0.0000,0.0000,0.0818,1.0000,1,0,0,0,0,5.0013
47.2652,-35.9015,0.0864,98.8366,0.0003,0.0011,-0.0001,0.0003,0.0000,266.0706,-0.0216,0.0107,0.0675,0.2923,0.0000,0.0000,0.0000,0.0818,1.0000,1,0,0,0,0,5.0012
47.3224,-35.9015,0.0864,98.8365,0.0003,0.0011,-0.0001,0.0003,0.0000,266.0693,-0.0213,0.0107,0.0675,0.2923,0.0000,0.0000,0.0000,0.0818,1.0000,1,0,0,0,0,5.0012
47.4008,-35.9015,0.0864,98.8365,0.0003,0.0011,-0.0001,0.0003,0.0000,266.0676,-0.0218,0.0107,0.0675,0.2923,0.0000,0.0000,0.0000,0.0818,1.0000,1,0,0,0,0,5.0012
47.4589,-35.9015,0.0864,98.8364,0.0003,0.0011,-0.0001,0.0003,0.0000,266.0663,-0.0220,0.0107,0.0675,0.2923,0.0000,0.0000,0.0000,0.0818,1.0000,1,0,0,0,0,5.0012
47.5195,-35.9014,0.0864,98.8364,0.0003,0.0011,-0.0001,0.0003,0.0000,266.0647,-0.0267,0.0107,0.0675,0.2923,0.0000,0.0000,0.0000,0.0818,1.0000,1,0,0,0,0,5.0015
47.5767,-35.9014,0.0864,98.8363,0.0003,0.0011,-0.0001,0.0003,0.0000,266.0635,-0.0219,0.0107,0.0675,0.2923,0.0000,0.0000,0.0000,0.0818,1.0000,1,0,0,0,0,5.0012
47.6314,-35.9014,0.0864,98.8363,0.0003,0.0011,-0.0001,0.0003,0.0000,266.0623,-0.0212,0.0107,0.0675,0.2923,0.0000,0.0000,0.0000,0.0818,1.0000,1,0,0,0,0,5.0012
47.6894,-35.9014,0.0864,98.8363,0.0003,0.0011,-0.0001,0.0003,0.0000,266.0611,-0.0210,0.0107,0.0675,0.2923,0.0000,0.0000,0.0000,0.0818,1.0000,1,0,0,0,0,5.0012
47.7511,-35.9014,0.0864,98.8362,0.0003,0.0011,-0.0001,0.0003,0.0000,266.0599,-0.0198,0.0107,0.0675,0.2923,0.0000,0.0000,0.0000,0.0818,1.0000,1,0,0,0,0,5.0011
47.8042,-35.9013,0.0864,98.8362,0.0003,0.0011,-0.0001,0.0003,0.0000,266.0587,-0.0230,0.0107,0.0675,0.2923,0.0000,0.0000,0.0000,0.0818,1.0000,1,0,0,0,0,5.0013
47.8622,-35.9013,0.0864,98.8361,0.0003,0.0011,-0.0001,0.0003,0.0000,266.0574,-0.0221,0.0107,0.0675,0.2923,0.0000,0.0000,0.0000,0.0818,1.0000,1,0,0,0,0,5.0012
47.9271,-35.9013,0.0864,98.8361,0.0003,0.0011,-0.0001,0.0003,0.0000,266.0559,-0.0225,0.0107,0.0675,0.2923,0.0000,0.0000,0.0000,0.0818,1.0000,1,0,0,0,0,5.0013
47.9971,-35.9013,0.0864,98.8360,0.0003,0.0011,-0.0001,0.0003,0.0000,266.0541,-0.0262,0.0107,0.0675,0.2923,0.0000,0.0000,0.0000,0.0818,1.0000,1,0,0,0,0,5.0015
48.0550,-35.9013,0.0864,98.8360,0.0003,0.0011,-0.0001,0.0003,0.0000,266.0529,-0.0211,0.0107,0.0675,0.2923,0.0000,0.0000,0.0000,0.0818,1.0000,1,0,0,0,0,5.0012
48.1072,-35.9012,0.0864,98.8360,0.0003,0.0011,-0.0001,0.0003,0.0000,266.0519,-0.0187,0.0107,0.0675,0.2923,0.0000,0.0000,0.0000,0.0818,1.0000,1,0,0,0,0,5.0010
48.1606,-35.9012,0.0864,98.8359,0.0003,0.0011,-0.0001,0.0003,0.0000,266.0507,-0.0229,0.0107,0.0675,0.2923,0.0000,0.0000,0.0000,0.0818,1.0000,1,0,0,0,0,5.0013
48.2141,-35.9012,0.0864,98.8359,0.0003,0.0011,-0.0001,0.0003,0.0000,266.0494,-0.0228,0.0107,0.0675,0.2923,0.0000,0.0000,0.0000,0.0818,1.0000,1,0,0,0,0,5.0013
48.2765,-35.9012,0.0864,98.8359,0.0003,0.0011,-0.0001,0.0003,0.0000,266.0480,-0.0235,0.0107,0.0675,0.2923,0.0000,0.0000,0.0000,0.0818,1.0000,1,0,0,0,0,5.0013
48.3283,-35.9012,0.0864,98.8358,0.0003,0.0011,-0.0001,0.0003,0.0000,266.0469,-0.0206,0.0107,0.0675,0.2923,0.0000,0.0000,0.0000,0.0818,1.0000,1,0,0,0,0,5.0011
48.3903,-35.9011,0.0864,98.8358,0.0003,0.0011,-0.0001,0.0003,0.0000,266.0454,-0.0241,0.0107,0.0675,0.2923,0.0000,0.0000,0.0000,0.0818,1.0000,1,0,0,0,0,5.0013
48.4507,-35.9011,0.0864,98.8357,0.0003,0.0011,-0.0001,0.0003,0.0000,266.0442,-0.0207,0.0107,0.0675,0.2923,0.0000,0.0000,0.0000,0.0818,1.0000,1,0,0,0,0,5.0012
48.5150,-35.9011,0.0864,98.8357,0.0003,0.0011,-0.0001,0.0003,0.0000,266.0427,-0.0223,0.0107,0.0675,0.2923,0.0000,0.0000,0.0000,0.0818,1.0000,1,0,0,0,0,5.0012
48.5652,-35.9011,0.0864,98.8357,0.0003,0.0011,-0.0001,0.0003,0.0000,266.0415,-0.0243,0.0107,0.0675,0.2923,0.0000,0.0000,0.0000,0.0818,1.0000,1,0,0,0,0,5.0013
48.6263,-35.9011,0.0864,98.8356,0.0003,0.0011,-0.0001,0.0003,0.0000,266.0403,-0.0200,0.0107,0.0675,0.2923,0.0000,0.0000,0.0000,0.0818,1.0000,1,0,0,0,0,5.0011
48.6863,-35.9010,0.0864,98.8356,0.0003,0.0011,-0.0001,0.0003,0.0000,266.0389,-0.0234,0.0107,0.0675,0.2923,0.0000,0.0000,0.0000,0.0818,1.0000,1,0,0,0,0,5.0013
48.7408,-35.9010,0.0864,98.8355,0.0003,0.0011,-0.0001,0.0003,0.0000,266.0377,-0.0224,0.0107,0.0675,0.2923,0.0000,0.0000,0.0000,0.0818,1.0000,1,0,0,0,0,5.0012
48.7964,-35.9010,0.0864,98.8355,0.0003,0.0011,-0.0001,0.0003,0.0000,266.0363,-0.0242,0.0107,0.0675,0.2923,0.0000,0.0000,0.0000,0.0818,1.0000,1,0,0,0,0,5.0013
48.8495,-35.9010,0.0864,98.8355,0.0003,0.0011,-0.0001,0.0003,0.0000,266.0352,-0.0207,0.0107,0.0675,0.2923,0.0000,0.0000,0.0000,0.0818,1.0000,1,0,0,0,0,5.0011
48.9040,-35.9010,0.0864,98.8354,0.0003,0.0011,-0.0001,0.0003,0.0000,266.0340,-0.0224,0.0107,0.0675,0.2923,0.0000,0.0000,0.0000,0.0818,1.0000,1,0,0,0,0,5.0012
48.9558,-35.9010,0.0864,98.8354,0.0003,0.0011,-0.0001,0.0003,0.0000,266.0327,-0.0253,0.0107,0.0675,0.2923,0.0000,0.0000,0.0000,0.0818,1.0000,1,0,0,0,0,5.0014
49.0305,-35.9009,0.0864,98.8353,0.0003,0.0011,-0.0001,0.0003,0.0000,266.0311,-0.0216,0.0107,0.0675,0.2923,0.0000,0.0000,0.0000,0.0818,1.0000,1,0,0,0,0,5.0012
49.0806,-35.9009,0.0864,98.8353,0.0003,0.0011,-0.0001,0.0003,0.0000,266.0301,-0.0195,0.0107,0.0675,0.2923,0.0000,0.0000,0.0000,0.0818,1.0000,1,0,0,0,0,5.0011
49.1312,-35.9009,0.0864,98.8353,0.0003,0.0011,-0.0001,0.0003,0.0000,266.0289,-0.0229,0.0107,0.0675,0.2923,0.0000,0.0000,0.0000,0.0818,1.0000,1,0,0,0,0,5.0013
49.1917,-35.9009,0.0864,98.8352,0.0003,0.0011,-0.0001,0.0003,0.0000,266.0277,-0.0202,0.0107,0.0675,0.2923,0.0000,0.0000,0.0000,0.0818,1.0000,1,0,0,0,0,5.0011
49.2480,-35.9008,0.0864,98.8352,0.0003,0.0011,-0.0001,0.0003,0.0000,266.0264,-0.0228,0.0107,0.0675,0.2923,0.0000,0.0000,0.0000,0.0818,1.0000,1,0,0,0,0,5.0013
49.3096,-35.9008,0.0864,98.8351,0.0003,0.0011,-0.0001,0.0003,0.0000,266.0248,-0.0257,0.0107,0.0675,0.2923,0.0000,0.0000,0.0000,0.0818,1.0000,1,0,0,0,0,5.0014
49.3625,-35.9008,0.0864,98.8351,0.0003,0.0011,-0.0001,0.0003,0.0000,266.0235,-0.0254,0.0107,0.0675,0.2923,0.0000,0.0000,0.0000,0.0818,1.0000,1,0,0,0,0,5.0014
49.4182,-35.9008,0.0864,98.8351,0.0003,0.0011,-0.0001,0.0003,0.0000,266.0222,-0.0230,0.0107,0.0675,0.2923,0.0000,0.0000,0.0000,0.0818,1.0000,1,0,0,0,0,5.0013
49.4707,-35.9008,0.0864,98.8350,0.0003,0.0011,-0.0001,0.0003,0.0000,266.0212,-0.0186,0.0107,0.0675,0.2923,0.0000,0.0000,0.0000,0.0818,1.0000,1,0,0,0,0,5.0010
49.5215,-35.9008,0.0864,98.8350,0.0003,0.0011,-0.0001,0.0003,0.0000,266.0201,-0.0228,0.0107,0.0675,0.2923,0.0000,0.0000,0.0000,0.0818,1.0000,1,0,0,0,0,5.0013
49.5838,-35.9007,0.0864,98.8350,0.0003,0.0011,-0.0001,0.0003,0.0000,266.0186,-0.0235,0.0107,0.0675,0.2923,0.0000,0.0000,0.0000,0.0818,1.0000,1,0,0,0,0,5.0013
49.6382,-35.9007,0.0864,98.8349,0.0003,0.0011,-0.0001,0.0003,0.0000,266.0177,-0.0168,0.0107,0.0675,0.2923,0.0000,0.0000,0.0000,0.0818,1.0000,1,0,0,0,0,5.0009
49.6899,-35.9007,0.0864,98.8349,0.0003,0.0011,-0.0001,0.0003,0.0000,266.0165,-0.0236,0.0107,0.0675,0.2923,0.0000,0.0000,0.0000,0.0818,1.0000,1,0,0,0,0,5.0013
49.7414,-35.9007,0.0864,98.8349,0.0003,0.0011,-0.0001,0.0003,0.0000,266.0152,-0.0249,0.0107,0.0675,0.2923,0.0000,0.0000,0.0000,0.0818,1.0000,1,0,0,0,0,5.0014
49.7922,-35.9007,0.0864,98.8348,0.0003,0.0011,-0.0001,0.0003,0.0000,266.0142,-0.0204,0.0107,0.0675,0.2923,0.0000,0.0000,0.0000,0.0818,1.0000,1,0,0,0,0,5.0011
49.8430,-35.9006,0.0864,98.8348,0.0003,0.0011,-0.0001,0.0003,0.0000,266.0128,-0.0264,0.0107,0.0675,0.2923,0.0000,0.0000,0.0000,0.0818,1.0000,1,0,0,0,0,5.0015
49.8931,-35.9006,0.0864,98.8348,0.0003,0.0011,-0.0001,0.0003,0.0000,266.0118,-0.0207,0.0107,0.0675,0.2923,0.0000,0.0000,0.0000,0.0818,1.0000,1,0,0,0,0,5.0012
49.9526,-35.9006,0.0864,98.8347,0.0003,0.0011,-0.0001,0.0003,0.0000,266.0103,-0.0246,0.0107,0.0675,0.2923,0.0000,0.0000,0.0000,0.0818,1.0000,1,0,0,0,0,5.0014
50.0128,-35.9006,0.0864,98.8347,0.0003,0.0011,-0.0001,0.0003,0.0000,266.0091,-0.0198,0.0107,0.0675,0.2923,0.0000,0.0000,0.0000,0.0818,1.0000,1,0,0,0,0,5.0011
50.0651,-35.9006,0.0864,98.8346,0.0003,0.0011,-0.0001,0.0003,0.0000,266.0079,-0.0234,0.0107,0.0675,0.2923,0.0000,0.0000,0.0000,0.0818,1.0000,1,0,0,0,0,5.0013
50.1220,-35.9005,0.0864,98.8346,0.0003,0.0011,-0.0001,0.0003,0.0000,266.0067,-0.0220,0.0107,0.0675,0.2923,0.0000,0.0000,0.0000,0.0818,1.0000,1,0,0,0,0,5.0012
50.1851,-35.9005,0.0864,98.8345,0.0003,0.0011,-0.0001,0.0003,0.0000,266.0052,-0.0232,0.0107,0.0675,0.2923,0.0000,0.0000,0.0000,0.0818,1.0000,1,0,0,0,0,5.0013
50.2362,-35.9005,0.0864,98.8345,0.0003,0.0011,-0.0001,0.0003,0.0000,266.0042,-0.0191,0.0107,0.0675,0.2923,0.0000,0.0000,0.0000,0.0818,1.0000,1,0,0,0,0,5.0011
50.2950,-35.9005,0.0864,98.8345,0.0003,0.0011,-0.0001,0.0003,0.0000,266.0027,-0.0260,0.0107,0.0675,0.2923,0.0000,0.0000,0.0000,0.0818,1.0000,1,0,0,0,0,5.0014
50.3450,-35.9005,0.0864,98.8344,0.0003,0.0011,-0.0001,0.0003,0.0000,266.0016,-0.0226,0.0107,0.0675,0.2923,0.0000,0.0000,0.0000,0.0818,1.0000,1,0,0,0,0,5.0013
50.3967,-35.9005,0.0864,98.8344,0.0003,0.0011,-0.0001,0.0003,0.0000,266.0003,-0.0242,0.0107,0.0675,0.2923,0.0000,0.0000,0.0000,0.0818,1.0000,1,0,0,0,0,5.0013
50.4510,-35.9004,0.0864,98.8344,0.0003,0.0011,-0.0001,0.0003,0.0000,265.9991,-0.0225,0.0107,0.0675,0.2923,0.0000,0.0000,0.0000,0.0818,1.0000,1,0,0,0,0,5.0012
50.5024,-35.9004,0.0864,98.8343,0.0003,0.0011,-0.0001,0.0003,0.0000,265.9982,-0.0178,0.0107,0.0675,0.2923,0.0000,0.0000,0.0000,0.0818,1.0000,1,0,0,0,0,5.0010
50.5699,-35.9004,0.0864,98.8343,0.0003,0.0011,-0.0001,0.0003,0.0000,265.9967,-0.0217,0.0107,0.0675,0.2923,0.0000,0.0000,0.0000,0.0818,1.0000,1,0,0,0,0,5.0012
50.6304,-35.9004,0.0864,98.8342,0.0003,0.0011,-0.0001,0.0003,0.0000,265.9951,-0.0263,0.0107,0.0675,0.2923,0.0000,0.0000,0.0000,0.0818,1.0000,1,0,0,0,0,5.0015
50.6855,-35.9004,0.0864,98.8342,0.0003,0.0011,-0.0001,0.0003,0.0000,265.9938,-0.0233,0.0107,0.0675,0.2923,0.0000,0.0000,0.0000,0.0818,1.0000,1,0,0,0,0,5.0013
50.7458,-35.9003,0.0864,98.8342,0.0003,0.0011,-0.0001,0.0003,0.0000,265.9925,-0.0217,0.0107,0.0675,0.2923,0.0000,0.0000,0.0000,0.0818,1.0000,1,0,0,0,0,5.0012
50.8070,-35.9003,0.0864,98.8341,0.0003,0.0011,-0.0001,0.0003,0.0000,265.9909,-0.0265,0.0107,0.0675,0.2923,0.0000,0.0000,0.0000,0.0818,1.0000,1,0,0,0,0,5.0015
50.8592,-35.9003,0.0864,98.8341,0.0003,0.0011,-0.0001,0.0003,0.0000,265.9899,-0.0199,0.0107,0.0675,0.2923,0.0000,0.0000,0.0000,0.0818,1.0000,1,0,0,0,0,5.0011
50.9166,-35.9003,0.0864,98.8340,0.0003,0.0011,-0.0001,0.0003,0.0000,265.9884,-0.0255,0.0107,0.0675,0.2923,0.0000,0.0000,0.0000,0.0818,1.0000,1,0,0,0,0,5.0014
50.9770,-35.9003,0.0864,98.8340,0.0003,0.0011,-0.0001,0.0003,0.0000,265.9872,-0.0192,0.0107,0.0675,0.2923,0.0000,0.0000,0.0000,0.0818,1.0000,1,0,0,0,0,5.0011
51.0278,-35.9002,0.0864,98.8340,0.0003,0.0011,-0.0001,0.0003,0.0000,265.9860,-0.0246,0.0107,0.0675,0.2923,0.0000,0.0000,0.0000,0.0818,1.0000,1,0,0,0,0,5.0014
51.0809,-35.9002,0.0864,98.8339,0.0003,0.0011,-0.0001,0.0003,0.0000,265.9849,-0.0201,0.0107,0.0675,0.2923,0.0000,0.0000,0.0000,0.0818,1.0000,1,0,0,0,0,5.0011
51.1383,-35.9002,0.0864,98.8339,0.0003,0.0011,-0.0001,0.0003,0.0000,265.9834,-0.0266,0.0107,0.0675,0.2923,0.0000,0.0000,0.0000,0.0818,1.0000,1,0,0,0,0,5.0015
51.1960,-35.9002,0.0864,98.8339,0.0003,0.0011,-0.0001,0.0003,0.0000,265.9822,-0.0212,0.0107,0.0675,0.2923,0.0000,0.0000,0.0000,0.0818,1.0000,1,0,0,0,0,5.0012
51.2519,-35.9002,0.0864,98.8338,0.0003,0.0011,-0.0001,0.0003,0.0000,265.9810,-0.0218,0.0107,0.0675,0.2923,0.0000,0.0000,0.0000,0.0818,1.0000,1,0,0,0,0,5.0012
51.3104,-35.9001,0.0864,98.8338,0.0003,0.0011,-0.0001,0.0003,0.0000,265.9797,-0.0219,0.0107,0.0675,0.2923,0.0000,0.0000,0.0000,0.0818,1.0000,1,0,0,0,0,5.0012
51.3642,-35.9001,0.0864,98.8337,0.0003,0.0011,-0.0001,0.0003,0.0000,265.9785,-0.0227,0.0107,0.0675,0.2923,0.0000,0.0000,0.0000,0.0818,1.0000,1,0,0,0,0,5.0013
51.4154,-35.9001,0.0864,98.8337,0.0003,0.0011,-0.0001,0.0003,0.0000,265.9773,-0.0226,0.0107,0.0675,0.2923,0.0000,0.0000,0.0000,0.0818,1.0000,1,0,0,0,0,5.0013
51.4657,-35.9001,0.0864,98.8337,0.0003,0.0011,-0.0001,0.0003,0.0000,265.9763,-0.0194,0.0107,0.0675,0.2923,0.0000,0.0000,0.0000,0.0818,1.0000,1,0,0,0,0,5.0011
51.5181,-35.9001,0.0864,98.8336,0.0003,0.0011,-0.0001,0.0003,0.0000,265.9751,-0.0233,0.0107,0.0675,0.2923,0.0000,0.0000,0.0000,0.0818,1.0000,1,0,0,0,0,5.0013
51.5791,-35.9001,0.0864,98.8336,0.0003,0.0011,-0.0001,0.0003,0.0000,265.9739,-0.0200,0.0107,0.0675,0.2923,0.0000,0.0000,0.0000,0.0818,1.0000,1,0,0,0,0,5.0011
51.6344,-35.9000,0.0864,98.8335,0.0003,0.0011,-0.0001,0.0003,0.0000,265.9726,-0.0226,0.0107,0.0675,0.2923,0.0000,0.0000,0.0000,0.0818,1.0000,1,0,0,0,0,5.0013
51.6914,-35.9000,0.0864,98.8335,0.0003,0.0011,-0.0001,0.0003,0.0000,265.9714,-0.0220,0.0107,0.0675,0.2923,0.0000,0.0000,0.0000,0.0818,1.0000,1,0,0,0,0,5.0012
51.7485,-35.9000,0.0864,98.8335,0.0003,0.0011,-0.0001,0.0003,0.0000,265.9699,-0.0256,0.0107,0.0675,0.2923,0.0000,0.0000,0.0000,0.0818,1.0000,1,0,0,0,0,5.0014
51.8014,-35.9000,0.0864,98.8334,0.0003,0.0011,-0.0001,0.0003,0.0000,265.9689,-0.0185,0.0107,0.0675,0.2923,0.0000,0.0000,0.0000,0.0818,1.0000,1,0,0,0,0,5.0010
51.8590,-35.9000,0.0864,98.8334,0.0003,0.0011,-0.0001,0.0003,0.0000,265.9677,-0.0212,0.0107,0.0675,0.2923,0.0000,0.0000,0.0000,0.0818,1.0000,1,0,0,0,0,5.0012
51.9113,-35.8999,0.0864,98.8334,0.0003,0.0011,-0.0001,0.0003,0.0000,265.9665,-0.0228,0.0107,0.0675,0.2923,0.0000,0.0000,0.0000,0.0818,1.0000,1,0,0,0,0,5.0013
51.9703,-35.8999,0.0864,98.8333,0.0003,0.0011,-0.0001,0.0003,0.0000,265.9651,-0.0243,0.0107,0.0675,0.2923,0.0000,0.0000,0.0000,0.0818,1.0000,1,0,0,0,0,5.0013
52.0316,-35.8999,0.0864,98.8333,0.0003,0.0011,-0.0001,0.0003,0.0000,265.9639,-0.0199,0.0107,0.0675,0.2923,0.0000,0.0000,0.0000,0.0818,1.0000,1,0,0,0,0,5.0011
52.0821,-35.8999,0.0864,98.8332,0.0003,0.0011,-0.0001,0.0003,0.0000,265.9626,-0.0242,0.0107,0.0675,0.2923,0.0000,0.0000,0.0000,0.0818,1.0000,1,0,0,0,0,5.0013
52.1342,-35.8999,0.0864,98.8332,0.0003,0.0011,-0.0001,0.0003,0.0000,265.9616,-0.0193,0.0107,0.0675,0.2923,0.0000,0.0000,0.0000,0.0818,1.0000,1,0,0,0,0,5.0011
52.1913,-35.8998,0.0864,98.8332,0.0003,0.0011,-0.0001,0.0003,0.0000,265.9604,-0.0219,0.0107,0.0675,0.2923,0.0000,0.0000,0.0000,0.0818,1.0000,1,0,0,0,0,5.0012
52.2491,-35.8998,0.0864,98.8331,0.0003,0.0011,-0.0001,0.0003,0.0000,265.9589,-0.0264,0.0107,0.0675,0.2923,0.0000,0.0000,0.0000,0.0818,1.0000,1,0,0,0,0,5.0015
52.3070,-35.8998,0.0864,98.8331,0.0003,0.0011,-0.0001,0.0003,0.0000,265.9576,-0.0216,0.0107,0.0675,0.2923,0.0000,0.0000,0.0000,0.0818,1.0000,1,0,0,0,0,5.0012
52.3670,-35.8998,0.0864,98.8330,0.0003,0.0011,-0.0001,0.0003,0.0000,265.9564,-0.0198,0.0107,0.0675,0.2923,0.0000,0.0000,0.0000,0.0818,1.0000,1,0,0,0,0,5.0011
52.4303,-35.8998,0.0864,98.8330,0.0003,0.0011,-0.0001,0.0003,0.0000,265.9550,-0.0231,0.0107,0.0675,0.2923,0.0000,0.0000,0.0000,0.0818,1.0000,1,0,0,0,0,5.0013
52.4897,-35.8997,0.0864,98.8330,0.0003,0.0011,-0.0001,0.0003,0.0000,265.9537,-0.0206,0.0107,0.0675,0.2923,0.0000,0.0000,0.0000,0.0818,1.0000,1,0,0,0,0,5.0011
52.5603,-35.8997,0.0864,98.8329,0.0003,0.0011,-0.0001,0.0003,0.0000,265.9520,-0.0242,0.0107,0.0675,0.2923,0.0000,0.0000,0.0000,0.0818,1.0000,1,0,0,0,0,5.0013
52.6126,-35.8997,0.0864,98.8329,0.0003,0.0011,-0.0001,0.0003,0.0000,265.9510,-0.0198,0.0107,0.0675,0.2923,0.0000,0.0000,0.0000,0.0818,1.0000,1,0,0,0,0,5.0011
52.6702,-35.8997,0.0864,98.8328,0.0003,0.0011,-0.0001,0.0003,0.0000,265.9495,-0.0265,0.0107,0.0675,0.2923,0.0000,0.0000,0.0000,0.0818,1.0000,1,0,0,0,0,5.0015
52.7297,-35.8997,0.0864,98.8328,0.0003,0.0011,-0.0001,0.0003,0.0000,265.9482,-0.0216,0.0107,0.0675,0.2923,0.0000,0.0000,0.0000,0.0818,1.0000,1,0,0,0,0,5.0012
52.7814,-35.8996,0.0864,98.8328,0.0003,0.0011,-0.0001,0.0003,0.0000,265.9470,-0.0224,0.0107,0.0675,0.2923,0.0000,0.0000,0.0000,0.0818,1.0000,1,0,0,0,0,5.0012
52.8411,-35.8996,0.0864,98.8327,0.0003,0.0011,-0.0001,0.0003,0.0000,265.9458,-0.0204,0.0107,0.0675,0.2923,0.0000,0.0000,0.0000,0.0818,1.0000,1,0,0,0,0,5.0011
52.8987,-35.8996,0.0864,98.8327,0.0003,0.0011,-0.0001,0.0003,0.0000,265.9445,-0.0223,0.0107,0.0675,0.2923,0.0000,0.0000,0.0000,0.0818,1.0000,1,0,0,0,0,5.0012
52.9615,-35.8996,0.0864,98.8326,0.0003,0.0011,-0.0001,0.0003,0.0000,265.9431,-0.0233,0.0107,0.0675,0.2923,0.0000,0.0000,0.0000,0.0818,1.0000,1,0,0,0,0,5.0013
53.0229,-35.8996,0.0864,98.8326,0.0003,0.0011,-0.0001,0.0003,0.0000,265.9418,-0.0199,0.0107,0.0675,0.2923,0.0000,0.0000,0.0000,0.0818,1.0000,1,0,0,0,0,5.0011
53.0804,-35.8995,0.0864,98.8326,0.0003,0.0011,-0.0001,0.0003,0.0000,265.9404,-0.0255,0.0107,0.0675,0.2923,0.0000,0.0000,0.0000,0.0818,1.0000,1,0,0,0,0,5.0014
53.1523,-35.8995,0.0864,98.8325,0.0003,0.0011,-0.0001,0.0003,0.0000,265.9388,-0.0221,0.0107,0.0675,0.2923,0.0000,0.0000,0.0000,0.0818,1.0000,1,0,0,0,0,5.0012
53.2115,-35.8995,0.0864,98.8325,0.0003,0.0011,-0.0001,0.0003,0.0000,265.9375,-0.0217,0.0107,0.0675,0.2923,0.0000,0.0000,0.0000,0.0818,1.0000,1,0,0,0,0,5.0012
53.2699,-35.8995,0.0864,98.8324,0.0003,0.0011,-0.0001,0.0003,0.0000,265.9361,-0.0245,0.0107,0.0675,0.2923,0.0000,0.0000,0.0000,0.0818,1.0000,1,0,0,0,0,5.0014
53.3251,-35.8994,0.0864,98.8324,0.0003,0.0011,-0.0001,0.0003,0.0000,265.9349,-0.0216,0.0107,0.0675,0.2923,0.0000,0.0000,0.0000,0.0818,1.0000,1,0,0,0,0,5.0012
53.3870,-35.8994,0.0864,98.8323,0.0003,0.0011,-0.0001,0.0003,0.0000,265.9337,-0.0197,0.0107,0.0675,0.2923,0.0000,0.0000,0.0000,0.0818,1.0000,1,0,0,0,0,5.0011
53.4450,-35.8994,0.0864,98.8323,0.0003,0.0011,-0.0001,0.0003,0.0000,265.9324,-0.0211,0.0107,0.0675,0.2923,0.0000,0.0000,0.0000,0.0818,1.0000,1,0,0,0,0,5.0012
53.5051,-35.8994,0.0864,98.8323,0.0003,0.0011,-0.0001,0.0003,0.0000,265.9310,-0.0244,0.0107,0.0675,0.2923,0.0000,0.0000,0.0000,0.0818,1.0000,1,0,0,0,0,5.0014
53.5656,-35.8994,0.0864,98.8322,0.0003,0.0011,-0.0001,0.0003,0.0000,265.9297,-0.0202,0.0107,0.0675,0.2923,0.0000,0.0000,0.0000,0.0818,1.0000,1,0,0,0,0,5.0011
53.6295,-35.8993,0.0864,98.8322,0.0003,0.0011,-0.0001,0.0003,0.0000,265.9282,-0.0239,0.0107,0.0675,0.2923,0.0000,0.0000,0.0000,0.0818,1.0000,1,0,0,0,0,5.0013
53.6860,-35.8993,0.0864,98.8321,0.0003,0.0011,-0.0001,0.0003,0.0000,265.9270,-0.0221,0.0107,0.0675,0.2923,0.0000,0.0000,0.0000,0.0818,1.0000,1,0,0,0,0,5.0012
53.7467,-35.8993,0.0864,98.8321,0.0003,0.0011,-0.0001,0.0003,0.0000,265.9255,-0.0241,0.0107,0.0675,0.2923,0.0000,0.0000,0.0000,0.0818,1.0000,1,0,0,0,0,5.0013
53.8035,-35.8993,0.0864,98.8321,0.0003,0.0011,-0.0001,0.0003,0.0000,265.9244,-0.0199,0.0107,0.0675,0.2923,0.0000,0.0000,0.0000,0.0818,1.0000,1,0,0,0,0,5.0011
53.8549,-35.8993,0.0864,98.8320,0.0003,0.0011,-0.0001,0.0003,0.0000,265.9234,-0.0190,0.0107,0.0675,0.2923,0.0000,0.0000,0.0000,0.0818,1.0000,1,0,0,0,0,5.0011
53.9158,-35.8992,0.0864,98.8320,0.0003,0.0011,-0.0001,0.0003,0.0000,265.9218,-0.0265,0.0107,0.0675,0.2923,0.0000,0.0000,0.0000,0.0818,1.0000,1,0,0,0,0,5.0015
53.9682,-35.8992,0.0864,98.8319,0.0003,0.0011,-0.0001,0.0003,0.0000,265.9205,-0.0239,0.0107,0.0675,0.2923,0.0000,0.0000,0.0000,0.0818,1.0000,1,0,0,0,0,5.0013
54.0299,-35.8992,0.0864,98.8319,0.0003,0.0011,-0.0001,0.0003,0.0000,265.9193,-0.0208,0.0107,0.0675,0.2923,0.0000,0.0000,0.0000,0.0818,1.0000,1,0,0,0,0,5.0012
54.0847,-35.8992,0.0864,98.8319,0.0003,0.0011,-0.0001,0.0003,0.0000,265.9180,-0.0223,0.0107,0.0675,0.2923,0.0000,0.0000,0.0000,0.0818,1.0000,1,0,0,0,0,5.0012
54.1376,-35.8992,0.0864,98.8318,0.0003,0.0011,-0.0001,0.0003,0.0000,265.9167,-0.0242,0.0107,0.0675,0.2923,0.0000,0.0000,0.0000,0.0818,1.0000,1,0,0,0,0,5.0013
54.1932,-35.8992,0.0864,98.8318,0.0003,0.0011,-0.0001,0.0003,0.0000,265.9155,-0.0220,0.0107,0.0675,0.2923,0.0000,0.0000,0.0000,0.0818,1.0000,1,0,0,0,0,5.0012
54.2556,-35.8991,0.0864,98.8317,0.0003,0.0011,-0.0001,0.0003,0.0000,265.9143,-0.0196,0.0107,0.0675,0.2923,0.0000,0.0000,0.0000,0.0818,1.0000,1,0,0,0,0,5.0011
54.3114,-35.8991,0.0864,98.8317,0.0003,0.0011,-0.0001,0.0003,0.0000,265.9131,-0.0208,0.0107,0.0675,0.2923,0.0000,0.0000,0.0000,0.0818,1.0000,1,0,0,0,0,5.0012
54.3719,-35.8991,0.0864,98.8317,0.0003,0.0011,-0.0001,0.0003,0.0000,265.9117,-0.0242,0.0107,0.0675,0.2923,0.0000,0.0000,0.0000,0.0818,1.0000,1,0,0,0,0,5.0013
54.4318,-35.8991,0.0864,98.8316,0.0003,0.0011,-0.0001,0.0003,0.0000,265.9103,-0.0229,0.0107,0.0675,0.2923,0.0000,0.0000,0.0000,0.0818,1.0000,1,0,0,0,0,5.0013
54.4897,-35.8990,0.0864,98.8316,0.0003,0.0011,-0.0001,0.0003,0.0000,265.9091,-0.0216,0.0107,0.0675,0.2923,0.0000,0.0000,0.0000,0.0818,1.0000,1,0,0,0,0,5.0012
54.5561,-35.8990,0.0864,98.8315,0.0003,0.0011,-0.0001,0.0003,0.0000,265.9075,-0.0234,0.0107,0.0675,0.2923,0.0000,0.0000,0.0000,0.0818,1.0000,1,0,0,0,0,5.0013
54.6121,-35.8990,0.0864,98.8315,0.0003,0.0011,-0.0001,0.0003,0.0000,265.9059,-0.0278,0.0107,0.0675,0.2923,0.0000,0.0000,0.0000,0.0818,1.0000,1,0,0,0,0,5.0015
54.6695,-35.8990,0.0864,98.8315,0.0003,0.0011,-0.0001,0.0003,0.0000,265.9047,-0.0223,0.0107,0.0675,0.2923,0.0000,0.0000,0.0000,0.0818,1.0000,1,0,0,0,0,5.0012
54.7322,-35.8990,0.0864,98.8314,0.0003,0.0011,-0.0001,0.0003,0.0000,265.9035,-0.0185,0.0107,0.0675,0.2923,0.0000,0.0000,0.0000,0.0818,1.0000,1,0,0,0,0,5.0010
54.7864,-35.8989,0.0864,98.8314,0.0003,0.0011,-0.0001,0.0003,0.0000,265.9023,-0.0225,0.0107,0.0675,0.2923,0.0000,0.0000,0.0000,0.0818,1.0000,1,0,0,0,0,5.0013
54.8447,-35.8989,0.0864,98.8313,0.0003,0.0011,-0.0001,0.0003,0.0000,265.9011,-0.0204,0.0107,0.0675,0.2923,0.0000,0.0000,0.0000,0.0818,1.0000,1,0,0,0,0,5.0011
54.9001,-35.8989,0.0864,98.8313,0.0003,0.0011,-0.0001,0.0003,0.0000,265.8998,-0.0231,0.0107,0.0675,0.2923,0.0000,0.0000,0.0000,0.0818,1.0000,1,0,0,0,0,5.0013
54.9572,-35.8989,0.0864,98.8313,0.0003,0.0011,-0.0001,0.0003,0.0000,265.8983,-0.0262,0.0107,0.0675,0.2923,0.0000,0.0000,0.0000,0.0818,1.0000,1,0,0,0,0,5.0015
55.0095,-35.8989,0.0864,98.8312,0.0003,0.0011,-0.0001,0.0003,0.0000,265.8973,-0.0186,0.0107,0.0675,0.2923,0.0000,0.0000,0.0000,0.0818,1.0000,1,0,0,0,0,5.0010
55.0621,-35.8989,0.0864,98.8312,0.0003,0.0011,-0.0001,0.0003,0.0000,265.8960,-0.0255,0.0107,0.0675,0.2923,0.0000,0.0000,0.0000,0.0818,1.0000,1,0,0,0,0,5.0014
55.1193,-35.8988,0.0864,98.8312,0.0003,0.0011,-0.0001,0.0003,0.0000,265.8947,-0.0219,0.0107,0.0675,0.2923,0.0000,0.0000,0.0000,0.0818,1.0000,1,0,0,0,0,5.0012
55.1797,-35.8988,0.0864,98.8311,0.0003,0.0011,-0.0001,0.0003,0.0000,265.8933,-0.0238,0.0107,0.0675,0.2923,0.0000,0.0000,0.0000,0.0818,1.0000,1,0,0,0,0,5.0013
55.2327,-35.8988,0.0864,98.8311,0.0003,0.0011,-0.0001,0.0003,0.0000,265.8923,-0.0184,0.0107,0.0675,0.2923,0.0000,0.0000,0.0000,0.0818,1.0000,1,0,0,0,0,5.0010
55.2835,-35.8988,0.0864,98.8310,0.0003,0.0011,-0.0001,0.0003,0.0000,265.8911,-0.0234,0.0107,0.0675,0.2923,0.0000,0.0000,0.0000,0.0818,1.0000,1,0,0,0,0,5.0013
55.3451,-35.8988,0.0864,98.8310,0.0003,0.0011,-0.0001,0.0003,0.0000,265.8897,-0.0233,0.0107,0.0675,0.2923,0.0000,0.0000,0.0000,0.0818,1.0000,1,0,0,0,0,5.0013
55.4251,-35.8987,0.0864,98.8309,0.0003,0.0011,-0.0001,0.0003,0.0000,265.8879,-0.0229,0.0107,0.0675,0.2923,0.0000,0.0000,0.0000,0.0818,1.0000,1,0,0,0,0,5.0013
55.5366,-35.8987,0.0864,98.8309,0.0003,0.0011,-0.0001,0.0003,0.0000,265.8853,-0.0230,0.0107,0.0675,0.2923,0.0000,0.0000,0.0000,0.0818,1.0000,1,0,0,0,0,5.0013
55.6017,-35.8987,0.0864,98.8308,0.0003,0.0011,-0.0001,0.0003,0.0000,265.8838,-0.0235,0.0107,0.0675,0.2923,0.0000,0.0000,0.0000,0.0818,1.0000,1,0,0,0,0,5.0013
55.6558,-35.8986,0.0864,98.8308,0.0003,0.0011,-0.0001,0.0003,0.0000,265.8826,-0.0226,0.0107,0.0675,0.2923,0.0000,0.0000,0.0000,0.0818,1.0000,1,0,0,0,0,5.0013
55.7455,-35.8986,0.0864,98.8307,0.0003,0.0011,-0.0001,0.0003,0.0000,265.8806,-0.0218,0.0107,0.0675,0.2923,0.0000,0.0000,0.0000,0.0818,1.0000,1,0,0,0,0,5.0012
55.8217,-35.8986,0.0864,98.8307,0.0003,0.0011,-0.0001,0.0003,0.0000,265.8791,-0.0204,0.0107,0.0675,0.2923,0.0000,0.0000,0.0000,0.0818,1.0000,1,0,0,0,0,5.0011
55.8735,-35.8986,0.0864,98.8306,0.0003,0.0011,-0.0001,0.0003,0.0000,265.8777,-0.0253,0.0107,0.0675,0.2923,0.0000,0.0000,0.0000,0.0818,1.0000,1,0,0,0,0,5.0014
55.9238,-35.8986,0.0864,98.8306,0.0003,0.0011,-0.0001,0.0003,0.0000,265.8764,-0.0267,0.0107,0.0675,0.2923,0.0000,0.0000,0.0000,0.0818,1.0000,1,0,0,0,0,5.0015
55.9836,-35.8985,0.0864,98.8306,0.0003,0.0011,-0.0001,0.0003,0.0000,265.8751,-0.0214,0.0107,0.0675,0.2923,0.0000,0.0000,0.0000,0.0818,1.0000,1,0,0,0,0,5.0012
56.0417,-35.8985,0.0864,98.8305,0.0003,0.0011,-0.0001,0.0003,0.0000,265.8738,-0.0221,0.0107,0.0675,0.2923,0.0000,0.0000,0.0000,0.0818,1.0000,1,0,0,0,0,5.0012
56.0921,-35.8985,0.0864,98.8305,0.0003,0.0011,-0.0001,0.0003,0.0000,265.8727,-0.0236,0.0107,0.0675,0.2923,0.0000,0.0000,0.0000,0.0818,1.0000,1,0,0,0,0,5.0013
56.1449,-35.8985,0.0864,98.8304,0.0003,0.0011,-0.0001,0.0003,0.0000,265.8715,-0.0226,0.0107,0.0675,0.2923,0.0000,0.0000,0.0000,0.0818,1.0000,1,0,0,0,0,5.0013
56.2034,-35.8985,0.0864,98.8304,0.0003,0.0011,-0.0001,0.0003,0.0000,265.8702,-0.0208,0.0107,0.0675,0.2923,0.0000,0.0000,0.0000,0.0818,1.0000,1,0,0,0,0,5.0012
56.2534,-35.8984,0.0864,98.8304,0.0003,0.0011,-0.0001,0.0003,0.0000,265.8693,-0.0189,0.0107,0.0675,0.2923,0.0000,0.0000,0.0000,0.0818,1.0000,1,0,0,0,0,5.0011
56.3248,-35.8984,0.0864,98.8303,0.0003,0.0011,-0.0001,0.0003,0.0000,265.8676,-0.0244,0.0107,0.0675,0.2923,0.0000,0.0000,0.0000,0.0818,1.0000,1,0,0,0,0,5.0014
56.3754,-35.8984,0.0864,98.8303,0.0003,0.0011,-0.0001,0.0003,0.0000,265.8665,-0.0199,0.0107,0.0675,0.2923,0.0000,0.0000,0.0000,0.0818,1.0000,1,0,0,0,0,5.0011
56.4279,-35.8984,0.0864,98.8303,0.0003,0.0011,-0.0001,0.0003,0.0000,265.8652,-0.0262,0.0107,0.0675,0.2923,0.0000,0.0000,0.0000,0.0818,1.0000,1,0,0,0,0,5.0015
56.4905,-35.8984,0.0864,98.8302,0.0003,0.0011,-0.0001,0.0003,0.0000,265.8636,-0.0248,0.0107,0.0675,0.2923,0.0000,0.0000,0.0000,0.0818,1.0000,1,0,0,0,0,5.0014
56.5497,-35.8983,0.0864,98.8302,0.0003,0.0011,-0.0001,0.0003,0.0000,265.8624,-0.0212,0.0107,0.0675,0.2923,0.0000,0.0000,0.0000,0.0818,1.0000,1,0,0,0,0,5.0012
56.6087,-35.8983,0.0864,98.8301,0.0003,0.0011,-0.0001,0.0003,0.0000,265.8612,-0.0196,0.0107,0.0675,0.2923,0.0000,0.0000,0.0000,0.0818,1.0000,1,0,0,0,0,5.0011
56.6602,-35.8983,0.0864,98.8301,0.0003,0.0011,-0.0001,0.0003,0.0000,265.8600,-0.0237,0.0107,0.0675,0.2923,0.0000,0.0000,0.0000,0.0818,1.0000,1,0,0,0,0,5.0013
56.7197,-35.8983,0.0864,98.8301,0.0003,0.0011,-0.0001,0.0003,0.0000,265.8587,-0.0210,0.0107,0.0675,0.2923,0.0000,0.0000,0.0000,0.0818,1.0000,1,0,0,0,0,5.0012
56.7703,-35.8983,0.0864,98.8300,0.0003,0.0011,-0.0001,0.0003,0.0000,265.8575,-0.0247,0.0107,0.0675,0.2923,0.0000,0.0000,0.0000,0.0818,1.0000,1,0,0,0,0,5.0014
56.8396,-35.8982,0.0864,98.8300,0.0003,0.0011,-0.0001,0.0003,0.0000,265.8560,-0.0212,0.0107,0.0675,0.2923,0.0000,0.0000,0.0000,0.0818,1.0000,1,0,0,0,0,5.0012
56.8996,-35.8982,0.0864,98.8299,0.0003,0.0011,-0.0001,0.0003,0.0000,265.8545,-0.0249,0.0107,0.0675,0.2923,0.0000,0.0000,0.0000,0.0818,1.0000,1,0,0,0,0,5.0014
56.9613,-35.8982,0.0864,98.8299,0.0003,0.0011,-0.0001,0.0003,0.0000,265.8532,-0.0218,0.0107,0.0675,0.2923,0.0000,0.0000,0.0000,0.0818,1.0000,1,0,0,0,0,5.0012
57.0206,-35.8982,0.0864,98.8298,0.0003,0.0011,-0.0001,0.0003,0.0000,265.8519,-0.0211,0.0107,0.0675,0.2923,0.0000,0.0000,0.0000,0.0818,1.0000,1,0,0,0,0,5.0012
57.0807,-35.8982,0.0864,98.8298,0.0003,0.0011,-0.0001,0.0003,0.0000,265.8505,-0.0234,0.0107,0.0675,0.2923,0.0000,0.0000,0.0000,0.0818,1.0000,1,0,0,0,0,5.0013
57.1316,-35.8981,0.0864,98.8298,0.0003,0.0011,-0.0001,0.0003,0.0000,265.8495,-0.0192,0.0107,0.0675,0.2923,0.0000,0.0000,0.0000,0.0818,1.0000,1,0,0,0,0,5.0011
57.1904,-35.8981,0.0864,98.8297,0.0003,0.0011,-0.0001,0.0003,0.0000,265.8480,-0.0260,0.0107,0.0675,0.2923,0.0000,0.0000,0.0000,0.0818,1.0000,1,0,0,0,0,5.0014
57.2416,-35.8981,0.0864,98.8297,0.0003,0.0011,-0.0001,0.0003,0.0000,265.8470,-0.0203,0.0107,0.0675,0.2923,0.0000,0.0000,0.0000,0.0818,1.0000,1,0,0,0,0,5.0011
57.2982,-35.8981,0.0864,98.8297,0.0003,0.0011,-0.0001,0.0003,0.0000,265.8455,-0.0259,0.0107,0.0675,0.2923,0.0000,0.0000,0.0000,0.0818,1.0000,1,0,0,0,0,5.0014
57.3512,-35.8981,0.0864,98.8296,0.0003,0.0011,-0.0001,0.0003,0.0000,265.8445,-0.0184,0.0107,0.0675,0.2923,0.0000,0.0000,0.0000,0.0818,1.0000,1,0,0,0,0,5.0010
57.4085,-35.8980,0.0864,98.8296,0.0003,0.0011,-0.0001,0.0003,0.0000,265.8433,-0.0218,0.0107,0.0675,0.2923,0.0000,0.0000,0.0000,0.0818,1.0000,1,0,0,0,0,5.0012
57.4603,-35.8980,0.0864,98.8295,0.0003,0.0011,-0.0001,0.0003,0.0000,265.8420,-0.0253,0.0107,0.0675,0.2923,0.0000,0.0000,0.0000,0.0818,1.0000,1,0,0,0,0,5.0014
57.5106,-35.8980,0.0864,98.8295,0.0003,0.0011,-0.0001,0.0003,0.0000,265.8408,-0.0243,0.0107,0.0675,0.2923,0.0000,0.0000,0.0000,0.0818,1.0000,1,0,0,0,0,5.0013
57.5620,-35.8980,0.0864,98.8295,0.0003,0.0011,-0.0001,0.0003,0.0000,265.8398,-0.0178,0.0107,0.0675,0.2923,0.0000,0.0000,0.0000,0.0818,1.0000,1,0,0,0,0,5.0010
57.6128,-35.8980,0.0864,98.8294,0.0003,0.0011,-0.0001,0.0003,0.0000,265.8386,-0.0240,0.0107,0.0675,0.2923,0.0000,0.0000,0.0000,0.0818,1.0000,1,0,0,0,0,5.0013
57.6733,-35.8980,0.0864,98.8294,0.0003,0.0011,-0.0001,0.0003,0.0000,265.8373,-0.0217,0.0107,0.0675,0.2923,0.0000,0.0000,0.0000,0.0818,1.0000,1,0,0,0,0,5.0012
57.7246,-35.8979,0.0864,98.8294,0.0003,0.0011,-0.0001,0.0003,0.0000,265.8361,-0.0244,0.0107,0.0675,0.2923,0.0000,0.0000,0.0000,0.0818,1.0000,1,0,0,0,0,5.0014
57.7801,-35.8979,0.0864,98.8293,0.0003,0.0011,-0.0001,0.0003,0.0000,265.8347,-0.0242,0.0107,0.0675,0.2923,0.0000,0.0000,0.0000,0.0818,1.0000,1,0,0,0,0,5.0013
57.8326,-35.8979,0.0864,98.8293,0.0003,0.0011,-0.0001,0.0003,0.0000,265.8334,-0.0244,0.0107,0.0675,0.2923,0.0000,0.0000,0.0000,0.0818,1.0000,1,0,0,0,0,5.0014
57.8832,-35.8979,0.0864,98.8293,0.0003,0.0011,-0.0001,0.0003,0.0000,265.8323,-0.0217,0.0107,0.0675,0.2923,0.0000,0.0000,0.0000,0.0818,1.0000,1,0,0,0,0,5.0012
57.9351,-35.8979,0.0864,98.8292,0.0003,0.0011,-0.0001,0.0003,0.0000,265.8311,-0.0247,0.0107,0.0675,0.2923,0.0000,0.0000,0.0000,0.0818,1.0000,1,0,0,0,0,5.0014
57.9943,-35.8978,0.0864,98.8292,0.0003,0.0011,-0.0001,0.0003,0.0000,265.8299,-0.0201,0.0107,0.0675,0.2923,0.0000,0.0000,0.0000,0.0818,1.0000,1,0,0,0,0,5.0011
58.0455,-35.8978,0.0864,98.8291,0.0003,0.0011,-0.0001,0.0003,0.0000,265.8287,-0.0232,0.0107,0.0675,0.2923,0.0000,0.0000,0.0000,0.0818,1.0000,1,0,0,0,0,5.0013
58.0976,-35.8978,0.0864,98.8291,0.0003,0.0011,-0.0001,0.0003,0.0000,265.8275,-0.0234,0.0107,0.0675,0.2923,0.0000,0.0000,0.0000,0.0818,1.0000,1,0,0,0,0,5.0013
58.1566,-35.8978,0.0864,98.8291,0.0003,0.0011,-0.0001,0.0003,0.0000,265.8262,-0.0217,0.0107,0.0675,0.2923,0.0000,0.0000,0.0000,0.0818,1.0000,1,0,0,0,0,5.0012
58.2134,-35.8978,0.0864,98.8290,0.0003,0.0011,-0.0001,0.0003,0.0000,265.8250,-0.0215,0.0107,0.0675,0.2923,0.0000,0.0000,0.0000,0.0818,1.0000,1,0,0,0,0,5.0012
58.2637,-35.8978,0.0864,98.8290,0.0003,0.0011,-0.0001,0.0003,0.0000,265.8240,-0.0194,0.0107,0.0675,0.2923,0.0000,0.0000,0.0000,0.0818,1.0000,1,0,0,0,0,5.0011
58.3165,-35.8977,0.0864,98.8290,0.0003,0.0011,-0.0001,0.0003,0.0000,265.8228,-0.0231,0.0107,0.0675,0.2923,0.0000,0.0000,0.0000,0.0818,1.0000,1,0,0,0,0,5.0013
58.3807,-35.8977,0.0864,98.8289,0.0003,0.0011,-0.0001,0.0003,0.0000,265.8213,-0.0228,0.0107,0.0675,0.2923,0.0000,0.0000,0.0000,0.0818,1.0000,1,0,0,0,0,5.0013
58.4319,-35.8977,0.0864,98.8289,0.0003,0.0011,-0.0001,0.0003,0.0000,265.8201,-0.0238,0.0107,0.0675,0.2923,0.0000,0.0000,0.0000,0.0818,1.0000,1,0,0,0,0,5.0013
58.4894,-35.8977,0.0864,98.8288,0.0003,0.0011,-0.0001,0.0003,0.0000,265.8188,-0.0212,0.0107,0.0675,0.2923,0.0000,0.0000,0.0000,0.0818,1.0000,1,0,0,0,0,5.0012
58.5436,-35.8977,0.0864,98.8288,0.0003,0.0011,-0.0001,0.0003,0.0000,265.8176,-0.0225,0.0107,0.0675,0.2923,0.0000,0.0000,0.0000,0.0818,1.0000,1,0,0,0,0,5.0013
58.6014,-35.8976,0.0864,98.8288,0.0003,0.0011,-0.0001,0.0003,0.0000,265.8164,-0.0211,0.0107,0.0675,0.2923,0.0000,0.0000,0.0000,0.0818,1.0000,1,0,0,0,0,5.0012
58.6627,-35.8976,0.0864,98.8287,0.0003,0.0011,-0.0001,0.0003,0.0000,265.8152,-0.0199,0.0107,0.0675,0.2923,0.0000,0.0000,0.0000,0.0818,1.0000,1,0,0,0,0,5.0011
58.7201,-35.8976,0.0864,98.8287,0.0003,0.0011,-0.0001,0.0003,0.0000,265.8136,-0.0276,0.0107,0.0675,0.2923,0.0000,0.0000,0.0000,0.0818,1.0000,1,0,0,0,0,5.0015
58.7714,-35.8976,0.0864,98.8286,0.0003,0.0011,-0.0001,0.0003,0.0000,265.8126,-0.0203,0.0107,0.0675,0.2923,0.0000,0.0000,0.0000,0.0818,1.0000,1,0,0,0,0,5.0011
58.8222,-35.8976,0.0864,98.8286,0.0003,0.0011,-0.0001,0.0003,0.0000,265.8113,-0.0240,0.0107,0.0675,0.2923,0.0000,0.0000,0.0000,0.0818,1.0000,1,0,0,0,0,5.0013
58.8736,-35.8975,0.0864,98.8286,0.0003,0.0011,-0.0001,0.0003,0.0000,265.8104,-0.0190,0.0107,0.0675,0.2923,0.0000,0.0000,0.0000,0.0818,1.0000,1,0,0,0,0,5.0011
58.9280,-35.8975,0.0864,98.8285,0.0003,0.0011,-0.0001,0.0003,0.0000,265.8091,-0.0224,0.0107,0.0675,0.2923,0.0000,0.0000,0.0000,0.0818,1.0000,1,0,0,0,0,5.0012
58.9784,-35.8975,0.0864,98.8285,0.0003,0.0011,-0.0001,0.0003,0.0000,265.8079,-0.0254,0.0107,0.0675,0.2923,0.0000,0.0000,0.0000,0.0818,1.0000,1,0,0,0,0,5.0014
59.0295,-35.8975,0.0864,98.8285,0.0003,0.0011,-0.0001,0.0003,0.0000,265.8069,-0.0185,0.0107,0.0675,0.2923,0.0000,0.0000,0.0000,0.0818,1.0000,1,0,0,0,0,5.0010
59.0796,-35.8975,0.0864,98.8284,0.0003,0.0011,-0.0001,0.0003,0.0000,265.8057,-0.0238,0.0107,0.0675,0.2923,0.0000,0.0000,0.0000,0.0818,1.0000,1,0,0,0,0,5.0013
59.1315,-35.8975,0.0864,98.8284,0.0003,0.0011,-0.0001,0.0003,0.0000,265.8045,-0.0241,0.0107,0.0675,0.2923,0.0000,0.0000,0.0000,0.0818,1.0000,1,0,0,0,0,5.0013
59.1882,-35.8974,0.0864,98.8284,0.0003,0.0011,-0.0001,0.0003,0.0000,265.8032,-0.0231,0.0107,0.0675,0.2923,0.0000,0.0000,0.0000,0.0818,1.0000,1,0,0,0,0,5.0013
59.2402,-35.8974,0.0864,98.8283,0.0003,0.0011,-0.0001,0.0003,0.0000,265.8021,-0.0200,0.0107,0.0675,0.2923,0.0000,0.0000,0.0000,0.0818,1.0000,1,0,0,0,0,5.0011
59.2911,-35.8974,0.0864,98.8283,0.0003,0.0011,-0.0001,0.0003,0.0000,265.8009,-0.0240,0.0107,0.0675,0.2923,0.0000,0.0000,0.0000,0.0818,1.0000,1,0,0,0,0,5.0013
59.3507,-35.8974,0.0864,98.8282,0.0003,0.0011,-0.0001,0.0003,0.0000,265.7997,-0.0205,0.0107,0.0675,0.2923,0.0000,0.0000,0.0000,0.0818,1.0000,1,0,0,0,0,5.0011
59.4122,-35.8974,0.0864,98.8282,0.0003,0.0011,-0.0001,0.0003,0.0000,265.7982,-0.0238,0.0107,0.0675,0.2923,0.0000,0.0000,0.0000,0.0818,1.0000,1,0,0,0,0,5.0013
59.4683,-35.8973,0.0864,98.8282,0.0003,0.0011,-0.0001,0.0003,0.0000,265.7969,-0.0234,0.0107,0.0675,0.2923,0.0000,0.0000,0.0000,0.0818,1.0000,1,0,0,0,0,5.0013
59.5186,-35.8973,0.0864,98.8281,0.0003,0.0011,-0.0001,0.0003,0.0000,265.7957,-0.0249,0.0107,0.0675,0.2923,0.0000,0.0000,0.0000,0.0818,1.0000,1,0,0,0,0,5.0014
59.5715,-35.8973,0.0864,98.8281,0.0003,0.0011,-0.0001,0.0003,0.0000,265.7947,-0.0185,0.0107,0.0675,0.2923,0.0000,0.0000,0.0000,0.0818,1.0000,1,0,0,0,0,5.0010
59.6304,-35.8973,0.0864,98.8281,0.0003,0.0011,-0.0001,0.0003,0.0000,265.7932,-0.0249,0.0107,0.0675,0.2923,0.0000,0.0000,0.0000,0.0818,1.0000,1,0,0,0,0,5.0014
59.6902,-35.8973,0.0864,98.8280,0.0003,0.0011,-0.0001,0.0003,0.0000,265.7919,-0.0214,0.0107,0.0675,0.2923,0.0000,0.0000,0.0000,0.0818,1.0000,1,0,0,0,0,5.0012
59.7512,-35.8972,0.0864,98.8280,0.0003,0.0011,-0.0001,0.0003,0.0000,265.7906,-0.0210,0.0107,0.0675,0.2923,0.0000,0.0000,0.0000,0.0818,1.0000,1,0,0,0,0,5.0012
59.8102,-35.8972,0.0864,98.8279,0.0003,0.0011,-0.0001,0.0003,0.0000,265.7891,-0.0264,0.0107,0.0675,0.2923,0.0000,0.0000,0.0000,0.0818,1.0000,1,0,0,0,0,5.0015
59.8716,-35.8972,0.0864,98.8279,0.0003,0.0011,-0.0001,0.0003,0.0000,265.7879,-0.0189,0.0107,0.0675,0.2923,0.0000,0.0000,0.0000,0.0818,1.0000,1,0,0,0,0,5.0010
59.9336,-35.8972,0.0864,98.8278,0.0003,0.0011,-0.0001,0.0003,0.0000,265.7865,-0.0232,0.0107,0.0675,0.2923,0.0000,0.0000,0.0000,0.0818,1.0000,1,0,0,0,0,5.0013
59.9920,-35.8972,0.0864,98.8278,0.0003,0.0011,-0.0001,0.0003,0.0000,265.7852,-0.0230,0.0107,0.0675,0.2923,0.0000,0.0000,0.0000,0.0818,1.0000,1,0,0,0,0,5.0013
60.0438,-35.8971,0.0864,98.8278,0.0003,0.0011,-0.0001,0.0003,0.0000,265.7839,-0.0247,0.0107,0.0675,0.2923,0.0000,0.0000,0.0000,0.0818,1.0000,1,0,0,0,0,5.0014
60.1039,-35.8971,0.0864,98.8277,0.0003,0.0011,-0.0001,0.0003,0.0000,265.7827,-0.0203,0.0107,0.0675,0.2923,0.0000,0.0000,0.0000,0.0818,1.0000,1,0,0,0,0,5.0011
60.1541,-35.8971,0.0864,98.8277,0.0003,0.0011,-0.0001,0.0003,0.0000,265.7814,-0.0243,0.0107,0.0675,0.2923,0.0000,0.0000,0.0000,0.0818,1.0000,1,0,0,0,0,5.0014
60.2105,-35.8971,0.0864,98.8277,0.0003,0.0011,-0.0001,0.0003,0.0000,265.7802,-0.0227,0.0107,0.0675,0.2923,0.0000,0.0000,0.0000,0.0818,1.0000,1,0,0,0,0,5.0013
60.2625,-35.8971,0.0864,98.8276,0.0003,0.0011,-0.0001,0.0003,0.0000,265.7789,-0.0246,0.0107,0.0675,0.2923,0.0000,0.0000,0.0000,0.0818,1.0000,1,0,0,0,0,5.0014
60.3236,-35.8970,0.0864,98.8276,0.0003,0.0011,-0.0001,0.0003,0.0000,265.7776,-0.0200,0.0107,0.0675,0.2923,0.0000,0.0000,0.0000,0.0818,1.0000,1,0,0,0,0,5.0011
60.3827,-35.8970,0.0864,98.8275,0.0003,0.0011,-0.0001,0.0003,0.0000,265.7765,-0.0196,0.0107,0.0675,0.2923,0.0000,0.0000,0.0000,0.0818,1.0000,1,0,0,0,0,5.0011
60.4524,-35.8970,0.0864,98.8275,0.0003,0.0011,-0.0001,0.0003,0.0000,265.7747,-0.0254,0.0107,0.0675,0.2923,0.0000,0.0000,0.0000,0.0818,1.0000,1,0,0,0,0,5.0014
60.5047,-35.8970,0.0864,98.8275,0.0003,0.0011,-0.0001,0.0003,0.0000,265.7736,-0.0210,0.0107,0.0675,0.2923,0.0000,0.0000,0.0000,0.0818,1.0000,1,0,0,0,0,5.0012
60.5658,-35.8970,0.0864,98.8274,0.0003,0.0011,-0.0001,0.0003,0.0000,265.7721,-0.0245,0.0107,0.0675,0.2923,0.0000,0.0000,0.0000,0.0818,1.0000,1,0,0,0,0,5.0014
60.6220,-35.8969,0.0864,98.8274,0.0003,0.0011,-0.0001,0.0003,0.0000,265.7708,-0.0234,0.0107,0.0675,0.2923,0.0000,0.0000,0.0000,0.0818,1.0000,1,0,0,0,0,5.0013
60.6731,-35.8969,0.0864,98.8273,0.0003,0.0011,-0.0001,0.0003,0.0000,265.7695,-0.0251,0.0107,0.0675,0.2923,0.0000,0.0000,0.0000,0.0818,1.0000,1,0,0,0,0,5.0014
60.7250,-35.8969,0.0864,98.8273,0.0003,0.0011,-0.0001,0.0003,0.0000,265.7684,-0.0212,0.0107,0.0675,0.2923,0.0000,0.0000,0.0000,0.0818,1.0000,1,0,0,0,0,5.0012
60.7756,-35.8969,0.0864,98.8273,0.0003,0.0011,-0.0001,0.0003,0.0000,265.7672,-0.0241,0.0107,0.0675,0.2923,0.0000,0.0000,0.0000,0.0818,1.0000,1,0,0,0,0,5.0013
60.8349,-35.8969,0.0864,98.8272,0.0003,0.0011,-0.0001,0.0003,0.0000,265.7661,-0.0190,0.0107,0.0675,0.2923,0.0000,0.0000,0.0000,0.0818,1.0000,1,0,0,0,0,5.0011
60.8947,-35.8968,0.0864,98.8272,0.0003,0.0011,-0.0001,0.0003,0.0000,265.7646,-0.0240,0.0107,0.0675,0.2923,0.0000,0.0000,0.0000,0.0818,1.0000,1,0,0,0,0,5.0013
60.9653,-35.8968,0.0864,98.8271,0.0003,0.0011,-0.0001,0.0003,0.0000,265.7631,-0.0216,0.0107,0.0675,0.2923,0.0000,0.0000,0.0000,0.0818,1.0000,1,0,0,0,0,5.0012
61.0272,-35.8968,0.0864,98.8271,0.0003,0.0011,-0.0001,0.0003,0.0000,265.7619,-0.0197,0.0107,0.0675,0.2923,0.0000,0.0000,0.0000,0.0818,1.0000,1,0,0,0,0,5.0011
61.0849,-35.8968,0.0864,98.8271,0.0003,0.0011,-0.0001,0.0003,0.0000,265.7604,-0.0259,0.0107,0.0675,0.2923,0.0000,0.0000,0.0000,0.0818,1.0000,1,0,0,0,0,5.0014
61.1465,-35.8968,0.0864,98.8270,0.0003,0.0011,-0.0001,0.0003,0.0000,265.7591,-0.0213,0.0107,0.0675,0.2923,0.0000,0.0000,0.0000,0.0818,1.0000,1,0,0,0,0,5.0012
61.1966,-35.8967,0.0864,98.8270,0.0003,0.0011,-0.0001,0.0003,0.0000,265.7578,-0.0268,0.0107,0.0675,0.2923,0.0000,0.0000,0.0000,0.0818,1.0000,1,0,0,0,0,5.0015
61.2565,-35.8967,0.0864,98.8269,0.0003,0.0011,-0.0001,0.0003,0.0000,265.7565,-0.0204,0.0107,0.0675,0.2923,0.0000,0.0000,0.0000,0.0818,1.0000,1,0,0,0,0,5.0011
61.3166,-35.8967,0.0864,98.8269,0.0003,0.0011,-0.0001,0.0003,0.0000,265.7552,-0.0228,0.0107,0.0675,0.2923,0.0000,0.0000,0.0000,0.0818,1.0000,1,0,0,0,0,5.0013
61.3763,-35.8967,0.0864,98.8268,0.0003,0.0011,-0.0001,0.0003,0.0000,265.7540,-0.0200,0.0107,0.0675,0.2923,0.0000,0.0000,0.0000,0.0818,1.0000,1,0,0,0,0,5.0011
61.4371,-35.8967,0.0864,98.8268,0.0003,0.0011,-0.0001,0.0003,0.0000,265.7528,-0.0191,0.0107,0.0675,0.2923,0.0000,0.0000,0.0000,0.0818,1.0000,1,0,0,0,0,5.0011
61.4882,-35.8966,0.0864,98.8268,0.0003,0.0011,-0.0001,0.0003,0.0000,265.7515,-0.0263,0.0107,0.0675,0.2923,0.0000,0.0000,0.0000,0.0818,1.0000,1,0,0,0,0,5.0015
61.5422,-35.8966,0.0864,98.8267,0.0003,0.0011,-0.0001,0.0003,0.0000,265.7502,-0.0232,0.0107,0.0675,0.2923,0.0000,0.0000,0.0000,0.0818,1.0000,1,0,0,0,0,5.0013
61.5928,-35.8966,0.0864,98.8267,0.0003,0.0011,-0.0001,0.0003,0.0000,265.7492,-0.0199,0.0107,0.0675,0.2923,0.0000,0.0000,0.0000,0.0818,1.0000,1,0,0,0,0,5.0011
61.6514,-35.8966,0.0864,98.8267,0.0003,0.0011,-0.0001,0.0003,0.0000,265.7477,-0.0250,0.0107,0.0675,0.2923,0.0000,0.0000,0.0000,0.0818,1.0000,1,0,0,0,0,5.0014
61.7020,-35.8966,0.0864,98.8266,0.0003,0.0011,-0.0001,0.0003,0.0000,265.7468,-0.0193,0.0107,0.0675,0.2923,0.0000,0.0000,0.0000,0.0818,1.0000,1,0,0,0,0,5.0011
61.7600,-35.8966,0.0864,98.8266,0.0003,0.0011,-0.0001,0.0003,0.0000,265.7455,-0.0210,0.0107,0.0675,0.2923,0.0000,0.0000,0.0000,0.0818,1.0000,1,0,0,0,0,5.0012
61.8121,-35.8965,0.0864,98.8266,0.0003,0.0011,-0.0001,0.0003,0.0000,265.7444,-0.0217,0.0107,0.0675,0.2923,0.0000,0.0000,0.0000,0.0818,1.0000,1,0,0,0,0,5.0012
61.8640,-35.8965,0.0864,98.8265,0.0003,0.0011,-0.0001,0.0003,0.0000,265.7432,-0.0229,0.0107,0.0675,0.2923,0.0000,0.0000,0.0000,0.0818,1.0000,1,0,0,0,0,5.0013
61.9243,-35.8965,0.0864,98.8265,0.0003,0.0011,-0.0001,0.0003,0.0000,265.7420,-0.0198,0.0107,0.0675,0.2923,0.0000,0.0000,0.0000,0.0818,1.0000,1,0,0,0,0,5.0011
61.9930,-35.8965,0.0864,98.8264,0.0003,0.0011,-0.0001,0.0003,0.0000,265.7405,-0.0222,0.0107,0.0675,0.2923,0.0000,0.0000,0.0000,0.0818,1.0000,1,0,0,0,0,5.0012
62.0460,-35.8965,0.0864,98.8264,0.0003,0.0011,-0.0001,0.0003,0.0000,265.7393,-0.0236,0.0107,0.0675,0.2923,0.0000,0.0000,0.0000,0.0818,1.0000,1,0,0,0,0,5.0013
62.1067,-35.8964,0.0864,98.8264,0.0003,0.0011,-0.0001,0.0003,0.0000,265.7378,-0.0241,0.0107,0.0675,0.2923,0.0000,0.0000,0.0000,0.0818,1.0000,1,0,0,0,0,5.0013
62.1655,-35.8964,0.0864,98.8263,0.0003,0.0011,-0.0001,0.0003,0.0000,265.7366,-0.0208,0.0107,0.0675,0.2923,0.0000,0.0000,0.0000,0.0818,1.0000,1,0,0,0,0,5.0012
62.2236,-35.8964,0.0864,98.8263,0.0003,0.0011,-0.0001,0.0003,0.0000,265.7354,-0.0210,0.0107,0.0675,0.2923,0.0000,0.0000,0.0000,0.0818,1.0000,1,0,0,0,0,5.0012
62.2757,-35.8964,0.0864,98.8262,0.0003,0.0011,-0.0001,0.0003,0.0000,265.7342,-0.0223,0.0107,0.0675,0.2923,0.0000,0.0000,0.0000,0.0818,1.0000,1,0,0,0,0,5.0012
62.3359,-35.8964,0.0864,98.8262,0.0003,0.0011,-0.0001,0.0003,0.0000,265.7330,-0.0203,0.0107,0.0675,0.2923,0.0000,0.0000,0.0000,0.0818,1.0000,1,0,0,0,0,5.0011
62.3957,-35.8963,0.0864,98.8261,0.0003,0.0011,-0.0001,0.0003,0.0000,265.7315,-0.0245,0.0107,0.0675,0.2923,0.0000,0.0000,0.0000,0.0818,1.0000,1,0,0,0,0,5.0014
62.4460,-35.8963,0.0864,98.8261,0.0003,0.0011,-0.0001,0.0003,0.0000,265.7305,-0.0194,0.0107,0.0675,0.2923,0.0000,0.0000,0.0000,0.0818,1.0000,1,0,0,0,0,5.0011
62.5072,-35.8963,0.0864,98.8261,0.0003,0.0011,-0.0001,0.0003,0.0000,265.7290,-0.0244,0.0107,0.0675,0.2923,0.0000,0.0000,0.0000,0.0818,1.0000,1,0,0,0,0,5.0014
62.5595,-35.8963,0.0864,98.8260,0.0003,0.0011,-0.0001,0.0003,0.0000,265.7280,-0.0193,0.0107,0.0675,0.2923,0.0000,0.0000,0.0000,0.0818,1.0000,1,0,0,0,0,5.0011
62.6170,-35.8963,0.0864,98.8260,0.0003,0.0011,-0.0001,0.0003,0.0000,265.7266,-0.0255,0.0107,0.0675,0.2923,0.0000,0.0000,0.0000,0.0818,1.0000,1,0,0,0,0,5.0014
62.6778,-35.8962,0.0864,98.8260,0.0003,0.0011,-0.0001,0.0003,0.0000,265.7253,-0.0201,0.0107,0.0675,0.2923,0.0000,0.0000,0.0000,0.0818,1.0000,1,0,0,0,0,5.0011
62.7365,-35.8962,0.0864,98.8259,0.0003,0.0011,-0.0001,0.0003,0.0000,265.7241,-0.0208,0.0107,0.0675,0.2923,0.0000,0.0000,0.0000,0.0818,1.0000,1,0,0,0,0,5.0012
62.7872,-35.8962,0.0864,98.8259,0.0003,0.0011,-0.0001,0.0003,0.0000,265.7229,-0.0235,0.0107,0.0675,0.2923,0.0000,0.0000,0.0000,0.0818,1.0000,1,0,0,0,0,5.0013
62.8464,-35.8962,0.0864,98.8258,0.0003,0.0011,-0.0001,0.0003,0.0000,265.7217,-0.0201,0.0107,0.0675,0.2923,0.0000,0.0000,0.0000,0.0818,1.0000,1,0,0,0,0,5.0011
62.8980,-35.8962,0.0864,98.8258,0.0003,0.0011,-0.0001,0.0003,0.0000,265.7205,-0.0237,0.0107,0.0675,0.2923,0.0000,0.0000,0.0000,0.0818,1.0000,1,0,0,0,0,5.0013
62.9586,-35.8961,0.0864,98.8258,0.0003,0.0011,-0.0001,0.0003,0.0000,265.7193,-0.0201,0.0107,0.0675,0.2923,0.0000,0.0000,0.0000,0.0818,1.0000,1,0,0,0,0,5.0011
63.0269,-35.8961,0.0864,98.8257,0.0003,0.0011,-0.0001,0.0003,0.0000,265.7176,-0.0255,0.0107,0.0675,0.2923,0.0000,0.0000,0.0000,0.0818,1.0000,1,0,0,0,0,5.0014
63.0899,-35.8961,0.0864,98.8257,0.0003,0.0011,-0.0001,0.0003,0.0000,265.7163,-0.0203,0.0107,0.0675,0.2923,0.0000,0.0000,0.0000,0.0818,1.0000,1,0,0,0,0,5.0011
63.1481,-35.8961,0.0864,98.8256,0.0003,0.0011,-0.0001,0.0003,0.0000,265.7148,-0.0257,0.0107,0.0675,0.2923,0.0000,0.0000,0.0000,0.0818,1.0000,1,0,0,0,0,5.0014
63.2112,-35.8961,0.0864,98.8256,0.0003,0.0011,-0.0001,0.0003,0.0000,265.7137,-0.0179,0.0107,0.0675,0.2923,0.0000,0.0000,0.0000,0.0818,1.0000,1,0,0,0,0,5.0010
63.2716,-35.8960,0.0864,98.8256,0.0003,0.0011,-0.0001,0.0003,0.0000,265.7122,-0.0248,0.0107,0.0675,0.2923,0.0000,0.0000,0.0000,0.0818,1.0000,1,0,0,0,0,5.0014
63.3305,-35.8960,0.0864,98.8255,0.0003,0.0011,-0.0001,0.0003,0.0000,265.7110,-0.0197,0.0107,0.0675,0.2923,0.0000,0.0000,0.0000,0.0818,1.0000,1,0,0,0,0,5.0011
63.3911,-35.8960,0.0864,98.8255,0.0003,0.0011,-0.0001,0.0003,0.0000,265.7098,-0.0201,0.0107,0.0675,0.2923,0.0000,0.0000,0.0000,0.0818,1.0000,1,0,0,0,0,5.0011
63.4505,-35.8960,0.0864,98.8254,0.0003,0.0011,-0.0001,0.0003,0.0000,265.7083,-0.0247,0.0107,0.0675,0.2923,0.0000,0.0000,0.0000,0.0818,1.0000,1,0,0,0,0,5.0014
63.5105,-35.8959,0.0864,98.8254,0.0003,0.0011,-0.0001,0.0003,0.0000,265.7071,-0.0203,0.0107,0.0675,0.2923,0.0000,0.0000,0.0000,0.0818,1.0000,1,0,0,0,0,5.0011
63.5615,-35.8959,0.0864,98.8254,0.0003,0.0011,-0.0001,0.0003,0.0000,265.7058,-0.0257,0.0107,0.0675,0.2923,0.0000,0.0000,0.0000,0.0818,1.0000,1,0,0,0,0,5.0014
63.6159,-35.8959,0.0864,98.8253,0.0003,0.0011,-0.0001,0.0003,0.0000,265.7045,-0.0230,0.0107,0.0675,0.2923,0.0000,0.0000,0.0000,0.0818,1.0000,1,0,0,0,0,5.0013
63.6714,-35.8959,0.0864,98.8253,0.0003,0.0011,-0.0001,0.0003,0.0000,265.7033,-0.0220,0.0107,0.0675,0.2923,0.0000,0.0000,0.0000,0.0818,1.0000,1,0,0,0,0,5.0012
63.7335,-35.8959,0.0864,98.8252,0.0003,0.0011,-0.0001,0.0003,0.0000,265.7021,-0.0187,0.0107,0.0675,0.2923,0.0000,0.0000,0.0000,0.0818,1.0000,1,0,0,0,0,5.0010
63.7904,-35.8959,0.0864,98.8252,0.0003,0.0011,-0.0001,0.0003,0.0000,265.7009,-0.0215,0.0107,0.0675,0.2923,0.0000,0.0000,0.0000,0.0818,1.0000,1,0,0,0,0,5.0012
63.8428,-35.8958,0.0864,98.8252,0.0003,0.0011,-0.0001,0.0003,0.0000,265.6997,-0.0233,0.0107,0.0675,0.2923,0.0000,0.0000,0.0000,0.0818,1.0000,1,0,0,0,0,5.0013
63.8993,-35.8958,0.0864,98.8251,0.0003,0.0011,-0.0001,0.0003,0.0000,265.6985,-0.0216,0.0107,0.0675,0.2923,0.0000,0.0000,0.0000,0.0818,1.0000,1,0,0,0,0,5.0012
63.9504,-35.8958,0.0864,98.8251,0.0003,0.0011,-0.0001,0.0003,0.0000,265.6973,-0.0239,0.0107,0.0675,0.2923,0.0000,0.0000,0.0000,0.0818,1.0000,1,0,0,0,0,5.0013
64.0030,-35.8958,0.0864,98.8250,0.0003,0.0011,-0.0001,0.0003,0.0000,265.6960,-0.0232,0.0107,0.0675,0.2923,0.0000,0.0000,0.0000,0.0818,1.0000,1,0,0,0,0,5.0013
64.0531,-35.8958,0.0864,98.8250,0.0003,0.0011,-0.0001,0.0003,0.0000,265.6950,-0.0201,0.0107,0.0675,0.2923,0.0000,0.0000,0.0000,0.0818,1.0000,1,0,0,0,0,5.0011
64.1039,-35.8957,0.0864,98.8250,0.0003,0.0011,-0.0001,0.0003,0.0000,265.6938,-0.0241,0.0107,0.0675,0.2923,0.0000,0.0000,0.0000,0.0818,1.0000,1,0,0,0,0,5.0013
64.1655,-35.8957,0.0864,98.8249,0.0003,0.0011,-0.0001,0.0003,0.0000,265.6926,-0.0198,0.0107,0.0675,0.2923,0.0000,0.0000,0.0000,0.0818,1.0000,1,0,0,0,0,5.0011
64.2235,-35.8957,0.0864,98.8249,0.0003,0.0011,-0.0001,0.0003,0.0000,265.6915,-0.0195,0.0107,0.0675,0.1847,0.0000,0.0000,0.0000,0.0818,1.0000,1,0,0,0,0,5.0011
64.2736,-35.8957,0.0864,98.8249,0.0003,0.0011,-0.0001,0.0003,0.0000,265.6902,-0.0243,0.0107,0.0675,-0.2375,0.0000,0.0000,0.0000,0.0818,0.5791,1,0,0,0,0,2.8966
64.3355,-35.8957,0.0864,98.8248,0.0003,0.0011,-0.0001,0.0003,0.0000,265.6889,-0.0217,0.0107,0.0675,-0.7302,0.0000,0.0000,0.0000,0.0818,0.2329,1,0,0,0,0,1.1659
64.3914,-35.8956,0.0864,98.8248,0.0003,0.0011,-0.0001,0.0003,0.0000,265.6874,-0.0262,0.0107,0.0675,-0.9394,0.0000,0.0000,0.0000,0.0818,0.0781,1,0,0,0,0,0.3920
64.4427,-35.8956,0.0864,98.8247,0.0003,0.0011,-0.0001,0.0003,0.0000,265.6865,-0.0190,0.0107,0.0675,-0.9922,0.0000,0.0000,0.0000,0.0818,0.0377,1,0,0,0,0,0.1895
64.4938,-35.8956,0.0864,98.8247,0.0003,0.0011,-0.0001,0.0003,0.0000,265.6852,-0.0239,0.0107,0.0675,-1.0000,0.0000,0.0000,0.0000,0.0818,0.0152,1,0,0,0,0,0.0772
64.5450,-35.8956,0.0864,98.8247,0.0003,0.0011,-0.0001,0.0003,0.0001,265.6842,-0.0203,0.0107,0.0694,-1.0000,0.0000,0.0000,0.0000,0.0826,0.0073,1,0,0,0,0,0.0377
64.5954,-35.8956,0.0864,98.8246,0.0003,0.0011,-0.0001,0.0003,0.0001,265.6829,-0.0267,0.0107,0.0694,-1.0000,0.0000,0.0000,0.0000,0.0839,0.0029,1,0,0,0,0,0.0162
64.6467,-35.8956,0.0864,98.8246,0.0003,0.0011,-0.0001,0.0003,0.0001,265.6816,-0.0238,0.0107,0.0694,-1.0000,0.0000,0.0000,0.0000,0.0846,0.0012,1,0,0,0,0,0.0072
64.6989,-35.8955,0.0864,98.8246,0.0003,0.0011,-0.0001,0.0003,0.0000,265.6806,-0.0199,0.0107,0.0694,-1.0000,0.0000,0.0000,0.0000,0.0848,0.0006,1,0,0,0,0,0.0040
64.7599,-35.8955,0.0864,98.8245,0.0003,0.0011,-0.0001,0.0003,0.0000,265.6790,-0.0260,0.0107,0.0694,-1.0000,0.0000,0.0000,0.0000,0.0850,0.0002,1,0,0,0,0,0.0024
64.8147,-35.8955,0.0864,98.8245,0.0003,0.0011,-0.0001,0.0003,0.0000,265.6776,-0.0256,0.0107,0.0694,-1.0000,0.0000,0.0000,0.0000,0.0851,0.0001,1,0,0,0,0,0.0018
64.8673,-35.8955,0.0864,98.8245,0.0003,0.0011,-0.0001,0.0003,0.0000,265.6765,-0.0203,0.0107,0.0694,-1.0000,0.0000,0.0000,0.0000,0.0851,0.0000,1,0,0,0,0,0.0013
64.9175,-35.8955,0.0864,98.8244,0.0003,0.0011,-0.0001,0.0003,0.0000,265.6753,-0.0255,0.0107,0.0694,-1.0000,0.0000,0.0000,0.0000,0.0851,0.0000,1,0,0,0,0,0.0015
64.9701,-35.8954,0.0864,98.8244,0.0003,0.0011,-0.0001,0.0003,0.0000,265.6740,-0.0250,0.0107,0.0694,-1.0000,0.0000,0.0000,0.0000,0.0852,0.0000,1,0,0,0,0,0.0014
65.0231,-35.8954,0.0864,98.8243,0.0003,0.0011,-0.0001,0.0003,0.0000,265.6729,-0.0196,0.0107,0.0694,-1.0000,0.0000,0.0000,0.0000,0.0852,0.0000,1,0,0,0,0,0.0011
65.0847,-35.8954,0.0864,98.8243,0.0003,0.0011,-0.0001,0.0003,0.0000,265.6713,-0.0258,0.0107,0.0694,-0.9824,0.0000,0.0000,0.0000,0.0852,0.0000,1,0,0,0,0,0.0014
65.1381,-35.8954,0.0864,98.8243,0.0003,0.0011,-0.0001,0.0003,0.0000,265.6701,-0.0229,0.0107,0.0694,-0.7811,0.0000,0.0000,0.0000,0.0852,0.0000,1,0,0,0,0,0.0013
65.1973,-35.8954,0.0864,98.8242,0.0003,0.0011,-0.0001,0.0003,0.0000,265.6689,-0.0211,0.0107,0.0694,-0.4428,0.0000,0.0000,0.0000,0.0852,0.0000,1,0,0,0,0,0.0012
65.2546,-35.8953,0.0864,98.8242,0.0003,0.0011,-0.0001,0.0003,0.0000,265.6675,-0.0240,0.0107,0.0694,-0.2942,0.0000,0.0000,0.0000,0.0852,0.0000,1,0,0,0,0,0.0013
65.3070,-35.8953,0.0864,98.8241,0.0003,0.0011,-0.0001,0.0003,0.0000,265.6661,-0.0262,0.0107,0.0694,-0.2239,0.0000,0.0000,0.0000,0.0852,0.0000,1,0,0,0,0,0.0015
65.3681,-35.8953,0.0864,98.8241,0.0003,0.0011,-0.0001,0.0003,0.0000,265.6646,-0.0255,0.0107,0.0694,-0.2161,0.0000,0.0000,0.0000,0.0852,0.0000,1,0,0,0,0,0.0014
65.4256,-35.8953,0.0864,98.8241,0.0003,0.0011,-0.0001,0.0003,0.0000,265.6632,-0.0233,0.0107,0.0694,-0.2161,0.0000,0.0000,0.0000,0.0852,0.0000,1,0,0,0,0,0.0013
65.4767,-35.8953,0.0864,98.8240,0.0003,0.0011,-0.0001,0.0003,0.0000,265.6622,-0.0197,0.0107,0.0694,-0.2161,0.0000,0.0000,0.0000,0.0852,0.0000,1,0,0,0,0,0.0011
65.5280,-35.8953,0.0864,98.8240,0.0003,0.0011,-0.0001,0.0003,0.0000,265.6609,-0.0250,0.0107,0.0694,-0.2141,0.0000,0.0000,0.0000,0.0852,0.0000,1,0,0,0,0,0.0014
65.5971,-35.8952,0.0864,98.8239,0.0003,0.0011,-0.0001,0.0003,0.0000,265.6594,-0.0225,0.0107,0.0694,-0.2884,0.0000,0.0000,0.0000,0.0852,0.0000,1,0,0,0,0,0.0013
65.6503,-35.8952,0.0864,98.8239,0.0003,0.0011,-0.0001,0.0003,0.0000,265.6581,-0.0235,0.0107,0.0694,-0.8377,0.0000,0.0000,0.0000,0.0852,0.0000,1,0,0,0,0,0.0013
65.7086,-35.8952,0.0864,98.8239,0.0003,0.0011,-0.0001,0.0003,0.0000,265.6568,-0.0230,0.0107,0.0694,-0.9824,0.0000,0.0000,0.0000,0.0852,0.0000,1,0,0,0,0,0.0013
65.7614,-35.8952,0.0864,98.8238,0.0003,0.0011,-0.0001,0.0003,0.0000,265.6554,-0.0254,0.0107,0.0694,-1.0000,0.0000,0.0000,0.0000,0.0852,0.0000,1,0,0,0,0,0.0014
65.8183,-35.8952,0.0864,98.8238,0.0003,0.0011,-0.0001,0.0003,0.0000,265.6541,-0.0231,0.0107,0.0694,-1.0000,0.0000,0.0000,0.0000,0.0852,0.0000,1,0,0,0,0,0.0013
65.8818,-35.8951,0.0864,98.8238,0.0003,0.0011,-0.0001,0.0003,0.0000,265.6525,-0.0250,0.0107,0.0694,-1.0000,0.0000,0.0000,0.0000,0.0852,0.0000,1,0,0,0,0,0.0014
65.9402,-35.8951,0.0864,98.8237,0.0003,0.0011,-0.0001,0.0003,0.0000,265.6513,-0.0214,0.0107,0.0694,-0.9980,0.0000,0.0000,0.0000,0.0852,0.0000,1,0,0,0,0,0.0012
65.9907,-35.8951,0.0864,98.8237,0.0003,0.0011,-0.0001,0.0003,0.0000,265.6500,-0.0248,0.0107,0.0694,-0.9805,0.0000,0.0000,0.0000,0.0852,0.0000,1,0,0,0,0,0.0014
66.0497,-35.8951,0.0864,98.8236,0.0003,0.0011,-0.0001,0.0003,0.0000,265.6487,-0.0228,0.0107,0.0694,-0.8299,0.0000,0.0000,0.0000,0.0852,0.0000,1,0,0,0,0,0.0013
66.1105,-35.8951,0.0864,98.8236,0.0003,0.0011,-0.0001,0.0003,0.0000,265.6474,-0.0211,0.0107,0.0694,-0.6364,0.0000,0.0000,0.0000,0.0852,0.0000,1,0,0,0,0,0.0012
66.1621,-35.8950,0.0864,98.8236,0.0003,0.0011,-0.0001,0.0003,0.0000,265.6460,-0.0266,0.0107,0.0694,-0.4331,0.0000,0.0000,0.0000,0.0852,0.0000,1,0,0,0,0,0.0015
66.2195,-35.8950,0.0864,98.8235,0.0003,0.0011,-0.0001,0.0003,0.0000,265.6447,-0.0229,0.0107,0.0694,-0.3158,0.0000,0.0000,0.0000,0.0852,0.0000,1,0,0,0,0,0.0013
66.2710,-35.8950,0.0864,98.8235,0.0003,0.0011,-0.0001,0.0003,0.0000,265.6434,-0.0249,0.0107,0.0694,-0.2864,0.0000,0.0000,0.0000,0.0852,0.0000,1,0,0,0,0,0.0014
66.3211,-35.8950,0.0864,98.8235,0.0003,0.0011,-0.0001,0.0003,0.0000,265.6424,-0.0213,0.0107,0.0694,-0.2825,0.0000,0.0000,0.0000,0.0852,0.0000,1,0,0,0,0,0.0012
66.3814,-35.8950,0.0864,98.8234,0.0003,0.0011,-0.0001,0.0003,0.0000,265.6408,-0.0253,0.0107,0.0694,-0.2825,0.0000,0.0000,0.0000,0.0852,0.0000,1,0,0,0,0,0.0014
66.4325,-35.8949,0.0864,98.8234,0.0003,0.0011,-0.0001,0.0003,0.0000,265.6399,-0.0191,0.0107,0.0694,-0.2767,0.0000,0.0000,0.0000,0.0852,0.0000,1,0,0,0,0,0.0011
66.4925,-35.8949,0.0864,98.8233,0.0003,0.0011,-0.0001,0.0003,0.0000,265.6383,-0.0255,0.0107,0.0694,-0.4135,0.0000,0.0000,0.0000,0.0852,0.0000,1,0,0,0,0,0.0014
66.5426,-35.8949,0.0864,98.8233,0.0003,0.0011,-0.0001,0.0003,0.0000,265.6372,-0.0219,0.0107,0.0694,-0.8123,0.0000,0.0000,0.0000,0.0852,0.0000,1,0,0,0,0,0.0012
66.6017,-35.8949,0.0864,98.8233,0.0003,0.0011,-0.0001,0.0003,0.0000,265.6356,-0.0274,0.0107,0.0694,-0.9766,0.0000,0.0000,0.0000,0.0852,0.0000,1,0,0,0,0,0.0015
66.6520,-35.8949,0.0864,98.8232,0.0003,0.0011,-0.0001,0.0003,0.0000,265.6346,-0.0212,0.0107,0.0694,-1.0000,0.0000,0.0000,0.0000,0.0852,0.0000,1,0,0,0,0,0.0012
66.7147,-35.8948,0.0864,98.8232,0.0003,0.0011,-0.0001,0.0003,0.0000,265.6330,-0.0248,0.0107,0.0694,-1.0000,0.0000,0.0000,0.0000,0.0852,0.0000,1,0,0,0,0,0.0014
66.7713,-35.8948,0.0864,98.8231,0.0003,0.0011,-0.0001,0.0003,0.0000,265.6316,-0.0243,0.0107,0.0694,-1.0000,0.0000,0.0000,0.0000,0.0852,0.0000,1,0,0,0,0,0.0013
66.8214,-35.8948,0.0864,98.8231,0.0003,0.0011,-0.0001,0.0003,0.0000,265.6306,-0.0201,0.0107,0.0694,-0.9902,0.0000,0.0000,0.0000,0.0852,0.0000,1,0,0,0,0,0.0011
66.8741,-35.8948,0.0864,98.8231,0.0003,0.0011,-0.0001,0.0003,0.0000,265.6294,-0.0231,0.0107,0.0694,-0.9550,0.0000,0.0000,0.0000,0.0852,0.0000,1,0,0,0,0,0.0013
66.9345,-35.8948,0.0864,98.8230,0.0003,0.0011,-0.0001,0.0003,0.0000,265.6279,-0.0248,0.0107,0.0694,-0.6188,0.0000,0.0000,0.0000,0.0852,0.0000,1,0,0,0,0,0.0014
66.9939,-35.8948,0.0864,98.8230,0.0003,0.0011,-0.0001,0.0003,0.0000,265.6266,-0.0226,0.0107,0.0694,-0.3979,0.0000,0.0000,0.0000,0.0852,0.0000,1,0,0,0,0,0.0013
67.0519,-35.8947,0.0864,98.8230,0.0003,0.0011,-0.0001,0.0003,0.0000,265.6252,-0.0237,0.0107,0.0694,-0.2317,0.0000,0.0000,0.0000,0.0852,0.0000,1,0,0,0,0,0.0013
67.1044,-35.8947,0.0864,98.8229,0.0003,0.0011,-0.0001,0.0003,0.0000,265.6238,-0.0256,0.0107,0.0694,0.0342,0.0000,0.0000,0.0000,0.0852,0.1665,1,0,0,0,0,0.8339
67.1583,-35.8947,0.0864,98.8229,0.0003,0.0011,-0.0001,0.0003,0.0000,265.6226,-0.0238,0.0107,0.0694,0.2493,0.0000,0.0000,0.0000,0.0852,0.6647,1,0,0,0,0,3.3248
67.2154,-35.8947,0.0864,98.8228,0.0003,0.0011,-0.0001,0.0003,0.0000,265.6212,-0.0235,0.0107,0.0694,0.2903,0.0000,0.0000,0.0000,0.0852,0.8651,1,0,0,0,0,4.3269
67.2659,-35.8947,0.0864,98.8228,0.0003,0.0011,-0.0001,0.0003,0.0000,265.6202,-0.0205,0.0107,0.0694,0.2942,0.0000,0.0000,0.0000,0.0852,0.9349,1,0,0,0,0,4.6756
67.3174,-35.8946,0.0864,98.8228,0.0003,0.0011,-0.0001,0.0003,0.0000,265.6190,-0.0237,0.0107,0.0694,0.2942,0.0000,0.0000,0.0000,0.0852,0.9738,1,0,0,0,0,4.8704
67.3776,-35.8946,0.0864,98.8227,0.0003,0.0011,-0.0001,0.0003,0.0000,265.6175,-0.0243,0.0107,0.0694,0.2942,0.0000,0.0000,0.0000,0.0852,0.9912,1,0,0,0,0,4.9574
67.4372,-35.8946,0.0864,98.8227,0.0003,0.0011,-0.0001,0.0003,0.0000,265.6162,-0.0220,0.0107,0.0694,0.2942,0.0000,0.0000,0.0000,0.0852,0.9965,1,0,0,0,0,4.9836
67.4895,-35.8946,0.0864,98.8227,0.0003,0.0011,-0.0001,0.0003,0.0000,265.6148,-0.0268,0.0107,0.0694,0.2942,0.0000,0.0000,0.0000,0.0852,0.9986,1,0,0,0,0,4.9944
67.5459,-35.8946,0.0864,98.8226,0.0003,0.0011,-0.0001,0.0003,0.0000,265.6134,-0.0238,0.0107,0.0694,0.2942,0.0000,0.0000,0.0000,0.0852,0.9994,1,0,0,0,0,4.9985
67.5982,-35.8945,0.0864,98.8226,0.0003,0.0011,-0.0001,0.0003,0.0000,265.6124,-0.0204,0.0107,0.0694,0.2942,0.0000,0.0000,0.0000,0.0852,0.9997,1,0,0,0,0,4.9998
67.6573,-35.8945,0.0864,98.8225,0.0003,0.0011,-0.0001,0.0003,0.0000,265.6108,-0.0263,0.0107,0.0694,0.2942,0.0000,0.0000,0.0000,0.0852,0.9999,1,0,0,0,0,5.0010
67.7105,-35.8945,0.0864,98.8225,0.0003,0.0011,-0.0001,0.0003,0.0000,265.6095,-0.0252,0.0107,0.0694,0.0909,0.0000,0.0000,0.0000,0.0852,1.0000,1,0,0,0,0,5.0012
67.7606,-35.8945,0.0864,98.8225,0.0003,0.0011,-0.0001,0.0003,0.0000,265.6085,-0.0195,0.0107,0.0694,-0.2630,0.0000,0.0000,0.0000,0.0852,0.4826,1,0,0,0,0,2.4142
67.8188,-35.8945,0.0864,98.8224,0.0003,0.0011,-0.0001,0.0003,0.0000,265.6072,-0.0215,0.0107,0.0694,-0.6970,0.0000,0.0000,0.0000,0.0852,0.1941,1,0,0,0,0,0.9719
67.8816,-35.8944,0.0864,98.8224,0.0003,0.0011,-0.0001,0.0003,0.0001,265.6057,-0.0243,0.0107,0.0714,-0.9375,0.0000,0.0000,0.0000,0.0871,0.0651,1,0,0,0,0,0.3268
67.9370,-35.8944,0.0864,98.8223,0.0003,0.0012,-0.0001,0.0003,0.0001,265.6043,-0.0253,0.0107,0.0714,-0.9863,0.0000,0.0000,0.0000,0.0878,0.0262,1,0,0,0,0,0.1323
67.9890,-35.8944,0.0864,98.8223,0.0003,0.0012,-0.0001,0.0003,0.0000,265.6029,-0.0270,0.0107,0.0714,-0.9902,0.0000,0.0000,0.0000,0.0882,0.0105,1,0,0,0,0,0.0542
68.0393,-35.8944,0.0864,98.8223,0.0003,0.0012,-0.0001,0.0003,0.0000,265.6018,-0.0212,0.0107,0.0714,-0.9824,0.0000,0.0000,0.0000,0.0883,0.0051,1,0,0,0,0,0.0266
68.0898,-35.8944,0.0864,98.8222,0.0003,0.0012,-0.0001,0.0003,0.0000,265.6004,-0.0278,0.0107,0.0714,-0.8358,0.0000,0.0000,0.0000,0.0884,0.0020,1,0,0,0,0,0.0118
68.1508,-35.8944,0.0864,98.8222,0.0003,0.0012,-0.0001,0.0003,0.0000,265.5990,-0.0230,0.0107,0.0714,-0.3021,0.0000,0.0000,0.0000,0.0885,0.0008,1,0,0,0,0,0.0054
68.2020,-35.8943,0.0864,98.8222,0.0003,0.0012,-0.0001,0.0003,0.0000,265.5977,-0.0256,0.0107,0.0714,0.0361,0.0000,0.0000,0.0000,0.0885,0.1668,1,0,0,0,0,0.8356
68.2539,-35.8943,0.0864,98.8221,0.0003,0.0012,-0.0001,0.0003,0.0000,265.5965,-0.0235,0.0107,0.0714,0.2571,0.0000,0.0000,0.0000,0.0885,0.6648,1,0,0,0,0,3.3255
68.3123,-35.8943,0.0864,98.8221,0.0003,0.0012,-0.0001,0.0003,0.0000,265.5952,-0.0214,0.0107,0.0714,0.2962,0.0000,0.0000,0.0000,0.0885,0.8652,1,0,0,0,0,4.3270
68.3683,-35.8943,0.0864,98.8220,0.0003,0.0012,-0.0001,0.0003,0.0000,265.5939,-0.0245,0.0107,0.0714,0.2981,0.0000,0.0000,0.0000,0.0885,0.9458,1,0,0,0,0,4.7302
68.4210,-35.8943,0.0864,98.8220,0.0003,0.0012,-0.0001,0.0003,0.0000,265.5925,-0.0261,0.0107,0.0714,0.2981,0.0000,0.0000,0.0000,0.0885,0.9782,1,0,0,0,0,4.8924
68.4807,-35.8942,0.0864,98.8220,0.0003,0.0012,-0.0001,0.0003,0.0000,265.5911,-0.0230,0.0107,0.0714,0.2981,0.0000,0.0000,0.0000,0.0885,0.9912,1,0,0,0,0,4.9574
68.5315,-35.8942,0.0864,98.8219,0.0003,0.0012,-0.0001,0.0003,0.0000,265.5897,-0.0276,0.0107,0.0714,0.2981,0.0000,0.0000,0.0000,0.0885,0.9965,1,0,0,0,0,4.9839
68.5923,-35.8942,0.0864,98.8219,0.0003,0.0012,-0.0001,0.0003,0.0000,265.5883,-0.0226,0.0107,0.0714,0.2981,0.0000,0.0000,0.0000,0.0885,0.9986,1,0,0,0,0,4.9942
68.6518,-35.8942,0.0864,98.8219,0.0003,0.0012,-0.0001,0.0003,0.0000,265.5871,-0.0210,0.0107,0.0714,0.2844,0.0000,0.0000,0.0000,0.0885,0.9994,1,0,0,0,0,4.9983
68.7024,-35.8942,0.0864,98.8218,0.0003,0.0012,-0.0001,0.0003,0.0000,265.5858,-0.0254,0.0107,0.0714,0.1359,0.0000,0.0000,0.0000,0.0885,0.9998,1,0,0,0,0,5.0003
68.7534,-35.8941,0.0864,98.8218,0.0003,0.0012,-0.0001,0.0003,0.0000,265.5845,-0.0251,0.0107,0.0714,-0.2180,0.0000,0.0000,0.0000,0.0885,0.5790,1,0,0,0,0,2.8962
68.8051,-35.8941,0.0864,98.8218,0.0003,0.0012,-0.0001,0.0003,0.0000,265.5834,-0.0213,0.0107,0.0714,-0.7498,0.0000,0.0000,0.0000,0.0885,0.2794,1,0,0,0,0,1.3983
68.8648,-35.8941,0.0864,98.8217,0.0003,0.0012,-0.0001,0.0003,0.0001,265.5818,-0.0276,0.0107,0.0733,-0.9609,0.0000,0.0000,0.0000,0.0900,0.0937,1,0,0,0,0,0.4700
68.9149,-35.8941,0.0864,98.8217,0.0003,0.0012,-0.0001,0.0003,0.0001,265.5806,-0.0243,0.0107,0.0733,-0.9961,0.0000,0.0000,0.0000,0.0908,0.0452,1,0,0,0,0,0.2275
68.9722,-35.8941,0.0864,98.8216,0.0003,0.0012,-0.0001,0.0003,0.0000,265.5792,-0.0245,0.0107,0.0733,-1.0000,0.0000,0.0000,0.0000,0.0914,0.0182,1,0,0,0,0,0.0923
69.0224,-35.8941,0.0864,98.8216,0.0003,0.0012,-0.0001,0.0003,0.0000,265.5777,-0.0292,0.0107,0.0733,-1.0000,0.0000,0.0000,0.0000,0.0916,0.0073,1,0,0,0,0,0.0382
69.0747,-35.8940,0.0864,98.8216,0.0002,0.0007,0.0000,0.0002,-0.0028,265.5768,-0.0163,0.0107,-0.5562,-0.9902,0.0000,0.0000,0.0000,0.0597,0.0035,1,0,0,0,0,0.0186
69.1320,-35.8940,0.0864,98.8216,0.0000,0.0001,0.0000,0.0000,-0.0027,265.5764,-0.0075,0.0107,-0.9550,-0.7185,0.0000,0.0000,0.0000,0.0253,0.0012,1,0,0,0,0,0.0063
69.1952,-35.8940,0.0864,98.8216,0.0001,0.0004,0.0000,0.0001,0.0011,265.5767,0.0048,0.0107,-0.4643,-0.4076,0.0000,0.0000,0.0000,0.0124,0.0005,1,0,0,0,0,0.0027
69.2467,-35.8940,0.0864,98.8216,0.0001,0.0003,0.0000,0.0001,-0.0003,265.5772,0.0089,0.0107,-0.0733,0.0010,0.0000,0.0000,0.0000,0.0061,0.1667,1,0,0,0,0,0.8340
69.3000,-35.8940,0.0864,98.8216,0.0001,0.0004,0.0000,0.0001,0.0005,265.5777,0.0092,0.0107,0.0499,0.2375,0.0000,0.0000,0.0000,0.0178,0.6648,1,0,0,0,0,3.3244
69.3571,-35.8940,0.0864,98.8216,0.0001,0.0005,0.0000,0.0001,0.0006,265.5774,-0.0048,0.0107,0.0694,0.2903,0.0000,0.0000,0.0000,0.0498,0.8651,1,0,0,0,0,4.3260
69.4138,-35.8940,0.0864,98.8215,0.0002,0.0008,-0.0001,0.0002,0.0015,265.5766,-0.0140,0.0107,0.0694,0.2962,0.0000,0.0000,0.0000,0.0679,0.9458,1,0,0,0,0,4.7295
69.4674,-35.8940,0.0864,98.8215,0.0003,0.0010,-0.0001,0.0003,0.0008,265.5756,-0.0194,0.0107,0.0694,0.2962,0.0000,0.0000,0.0000,0.0767,0.9782,1,0,0,0,0,4.8920
69.5240,-35.8940,0.0864,98.8214,0.0003,0.0010,-0.0001,0.0003,0.0003,265.5744,-0.0205,0.0107,0.0694,0.1671,0.0000,0.0000,0.0000,0.0810,0.9912,1,0,0,0,0,4.9572
69.5746,-35.8940,0.0864,98.8214,0.0003,0.0011,-0.0001,0.0003,0.0002,265.5734,-0.0205,0.0107,0.0694,-0.0909,0.0000,0.0000,0.0000,0.0828,0.6905,1,0,0,0,0,3.4536
69.6266,-35.8940,0.0864,98.8214,0.0003,0.0011,-0.0001,0.0003,0.0002,265.5720,-0.0258,0.0107,0.0714,-0.7517,0.0000,0.0000,0.0000,0.0852,0.2778,1,0,0,0,0,1.3903
69.6875,-35.8940,0.0864,98.8213,0.0003,0.0012,-0.0001,0.0003,0.0002,265.5704,-0.0266,0.0107,0.0733,-0.9648,0.0000,0.0000,0.0000,0.0883,0.0931,1,0,0,0,0,0.4672
69.7491,-35.8939,0.0864,98.8213,0.0003,0.0012,-0.0001,0.0003,0.0001,265.5690,-0.0228,0.0107,0.0733,-1.0000,0.0000,0.0000,0.0000,0.0901,0.0375,1,0,0,0,0,0.1886
69.8095,-35.8939,0.0864,98.8213,0.0002,0.0007,0.0000,0.0002,-0.0023,265.5675,-0.0252,0.0107,-0.4018,-0.9941,0.0000,0.0000,0.0000,0.0591,0.0126,1,0,0,0,0,0.0642
69.8679,-35.8939,0.0864,98.8212,0.0001,0.0002,0.0000,0.0001,-0.0024,265.5671,-0.0068,0.0107,-0.1280,-0.6677,0.0000,0.0000,0.0000,0.0289,0.0051,1,0,0,0,0,0.0256
69.9182,-35.8939,0.0864,98.8212,0.0001,0.0004,0.0000,0.0001,0.0011,265.5671,0.0012,0.0107,-0.0948,-0.2571,0.0000,0.0000,0.0000,0.0163,0.0024,1,0,0,0,0,0.0123
69.9782,-35.8939,0.0864,98.8212,0.0000,0.0001,0.0000,0.0000,-0.0016,265.5676,0.0071,0.0107,0.0518,0.0929,0.0000,0.0000,0.0000,0.0212,0.3061,1,0,0,0,0,1.5309
70.0374,-35.8939,0.0864,98.8212,0.0002,0.0006,0.0000,0.0001,0.0023,265.5671,-0.0072,0.0107,0.0694,0.2649,0.0000,0.0000,0.0000,0.0511,0.7209,1,0,0,0,0,3.6047
70.0883,-35.8939,0.0864,98.8212,0.0002,0.0008,-0.0001,0.0002,0.0016,265.5663,-0.0162,0.0107,0.0694,0.2864,0.0000,0.0000,0.0000,0.0685,0.8877,1,0,0,0,0,4.4394
70.1494,-35.8939,0.0864,98.8212,0.0003,0.0010,-0.0001,0.0003,0.0006,265.5653,-0.0170,0.0107,0.0694,0.2883,0.0000,0.0000,0.0000,0.0770,0.9548,1,0,0,0,0,4.7751
70.2055,-35.8939,0.0864,98.8211,0.0003,0.0010,-0.0001,0.0003,0.0003,265.5641,-0.0212,0.0107,0.0694,0.2883,0.0000,0.0000,0.0000,0.0812,0.9818,1,0,0,0,0,4.9103
70.2627,-35.8939,0.0864,98.8211,0.0003,0.0011,-0.0001,0.0003,0.0002,265.5629,-0.0213,0.0107,0.0694,0.2883,0.0000,0.0000,0.0000,0.0832,0.9927,1,0,0,0,0,4.9646
70.3224,-35.8939,0.0864,98.8210,0.0003,0.0011,-0.0001,0.0003,0.0001,265.5614,-0.0245,0.0107,0.0694,0.2883,0.0000,0.0000,0.0000,0.0843,0.9975,1,0,0,0,0,4.9891
70.3817,-35.8938,0.0864,98.8210,0.0003,0.0011,-0.0001,0.0003,0.0000,265.5600,-0.0232,0.0107,0.0694,0.2883,0.0000,0.0000,0.0000,0.0848,0.9990,1,0,0,0,0,4.9964
70.4426,-35.8938,0.0864,98.8210,0.0003,0.0011,-0.0001,0.0003,0.0000,265.5584,-0.0271,0.0107,0.0694,0.2883,0.0000,0.0000,0.0000,0.0850,0.9997,1,0,0,0,0,4.9999
70.4987,-35.8938,0.0864,98.8209,0.0003,0.0011,-0.0001,0.0003,0.0000,265.5570,-0.0239,0.0107,0.0694,0.2883,0.0000,0.0000,0.0000,0.0851,0.9999,1,0,0,0,0,5.0007
70.5511,-35.8938,0.0864,98.8209,0.0003,0.0010,-0.0001,0.0003,-0.0008,265.5561,-0.0187,0.0107,0.0420,0.2883,0.0000,0.0000,0.0000,0.0762,0.9999,1,0,0,0,0,5.0007
70.6111,-35.8938,0.0864,98.8209,0.0001,0.0003,0.0000,0.0001,-0.0033,265.5554,-0.0107,0.0107,-0.0459,0.2883,0.0000,0.0000,0.0000,0.0326,1.0000,1,0,0,0,0,5.0005
70.6617,-35.8938,0.0864,98.8209,0.0000,0.0000,0.0000,0.0000,-0.0013,265.5553,-0.0024,0.0107,-0.0909,0.2883,0.0000,0.0000,0.0000,0.0184,1.0000,1,0,0,0,0,5.0001
70.7120,-35.8938,0.0864,98.8209,0.0001,0.0004,0.0000,0.0001,0.0018,265.5558,0.0097,0.0107,-0.1163,0.2883,0.0000,0.0000,0.0000,0.0090,1.0000,1,0,0,0,0,5.0005
70.7637,-35.8938,0.0864,98.8209,0.0001,0.0003,0.0000,0.0001,-0.0002,265.5562,0.0083,0.0107,-0.1417,0.2883,0.0000,0.0000,0.0000,0.0044,1.0000,1,0,0,0,0,5.0005
70.8199,-35.8938,0.0864,98.8209,0.0001,0.0003,0.0000,0.0001,-0.0001,265.5566,0.0071,0.0107,-0.1574,0.2883,0.0000,0.0000,0.0000,0.0022,1.0000,1,0,0,0,0,5.0004
70.8729,-35.8938,0.0864,98.8209,0.0001,0.0003,0.0000,0.0001,0.0000,265.5569,0.0046,0.0107,-0.1574,0.2883,0.0000,0.0000,0.0000,0.0012,1.0000,1,0,0,0,0,5.0003
70.9323,-35.8938,0.0864,98.8209,0.0001,0.0003,0.0000,0.0001,0.0000,265.5572,0.0062,0.0107,-0.1593,0.2883,0.0000,0.0000,0.0000,0.0005,1.0000,1,0,0,0,0,5.0003
70.9914,-35.8938,0.0864,98.8209,0.0001,0.0003,0.0000,0.0001,0.0000,265.5574,0.0036,0.0107,-0.1593,0.2883,0.0000,0.0000,0.0000,0.0003,1.0000,1,0,0,0,0,5.0002
71.0523,-35.8938,0.0864,98.8209,0.0001,0.0003,0.0000,0.0001,0.0000,265.5577,0.0050,0.0107,-0.1691,0.2883,0.0000,0.0000,0.0000,0.0001,1.0000,1,0,0,0,0,5.0003
71.1114,-35.8938,0.0864,98.8209,0.0001,0.0003,0.0000,0.0001,0.0000,265.5580,0.0036,0.0107,-0.3333,0.2903,0.0000,0.0000,0.0000,0.0001,1.0000,1,0,0,0,0,5.0002
71.1619,-35.8938,0.0864,98.8209,0.0001,0.0003,0.0000,0.0001,0.0000,265.5581,0.0030,0.0107,-0.2238,0.2903,0.0000,0.0000,0.0000,0.0000,1.0000,1,0,0,0,0,5.0002
71.2230,-35.8938,0.0864,98.8209,0.0001,0.0003,0.0000,0.0001,0.0000,265.5583,0.0030,0.0107,-0.8866,0.2923,0.0000,0.0000,0.0000,0.0000,1.0000,1,0,0,0,0,5.0002
71.2733,-35.8938,0.0864,98.8209,0.0001,0.0003,0.0000,0.0001,0.0000,265.5585,0.0036,0.0107,-0.9746,0.2923,0.0000,0.0000,0.0000,0.0000,1.0000,1,0,0,0,0,5.0002
71.3235,-35.8938,0.0864,98.8209,0.0001,0.0003,0.0000,0.0001,0.0000,265.5586,0.0030,0.0107,-0.9902,0.2923,0.0000,0.0000,0.0000,0.0000,1.0000,1,0,0,0,0,5.0002
71.3813,-35.8938,0.0864,98.8209,0.0001,0.0003,0.0000,0.0001,0.0000,265.5588,0.0037,0.0107,-0.9902,0.2923,0.0000,0.0000,0.0000,0.0000,1.0000,1,0,0,0,0,5.0002
71.4339,-35.8938,0.0864,98.8209,0.0001,0.0003,0.0000,0.0001,0.0000,265.5591,0.0046,0.0107,-0.9902,0.2923,0.0000,0.0000,0.0000,0.0000,1.0000,1,0,0,0,0,5.0003
71.4936,-35.8938,0.0864,98.8209,0.0001,0.0003,0.0000,0.0001,0.0000,265.5593,0.0041,0.0107,-0.9902,0.2923,0.0000,0.0000,0.0000,0.0000,1.0000,1,0,0,0,0,5.0002
71.5540,-35.8938,0.0864,98.8209,0.0001,0.0003,0.0000,0.0001,0.0000,265.5597,0.0061,0.0107,-0.9902,0.2923,0.0000,0.0000,0.0000,0.0000,1.0000,1,0,0,0,0,5.0003
71.6132,-35.8938,0.0864,98.8209,0.0001,0.0003,0.0000,0.0001,0.0000,265.5600,0.0057,0.0107,-0.9902,0.2923,0.0000,0.0000,0.0000,0.0000,1.0000,1,0,0,0,0,5.0003
71.6740,-35.8938,0.0864,98.8209,0.0001,0.0003,0.0000,0.0001,0.0000,265.5604,0.0065,0.0107,-0.9902,0.2923,0.0000,0.0000,0.0000,0.0000,1.0000,1,0,0,0,0,5.0004
71.7331,-35.8938,0.0864,98.8209,0.0001,0.0003,0.0000,0.0001,0.0000,265.5608,0.0057,0.0107,-0.9902,0.2923,0.0000,0.0000,0.0000,0.0000,1.0000,1,0,0,0,0,5.0003
71.7963,-35.8938,0.0864,98.8209,0.0001,0.0003,0.0000,0.0001,0.0000,265.5611,0.0058,0.0107,-0.9902,0.2923,0.0000,0.0000,0.0000,0.0000,1.0000,1,0,0,0,0,5.0003
71.8464,-35.8938,0.0864,98.8209,0.0001,0.0003,0.0000,0.0001,0.0000,265.5614,0.0055,0.0107,-0.9902,0.2923,0.0000,0.0000,0.0000,0.0000,1.0000,1,0,0,0,0,5.0003
71.9035,-35.8938,0.0864,98.8209,0.0001,0.0003,0.0000,0.0001,0.0000,265.5617,0.0053,0.0107,-0.9902,0.2923,0.0000,0.0000,0.0000,0.0000,1.0000,1,0,0,0,0,5.0003
71.9671,-35.8938,0.0864,98.8209,0.0001,0.0003,0.0000,0.0001,0.0000,265.5621,0.0058,0.0107,-0.9902,0.2923,0.0000,0.0000,0.0000,0.0000,1.0000,1,0,0,0,0,5.0003
72.0264,-35.8938,0.0864,98.8209,0.0001,0.0003,0.0000,0.0001,0.0000,265.5624,0.0051,0.0107,-0.9902,0.2923,0.0000,0.0000,0.0000,0.0000,1.0000,1,0,0,0,0,5.0003
72.0791,-35.8938,0.0864,98.8209,0.0001,0.0003,0.0000,0.0001,0.0000,265.5627,0.0058,0.0107,-0.9902,0.2923,0.0000,0.0000,0.0000,0.0000,1.0000,1,0,0,0,0,5.0003
72.1354,-35.8938,0.0864,98.8209,0.0001,0.0003,0.0000,0.0001,0.0000,265.5630,0.0054,0.0107,-0.9902,0.2923,0.0000,0.0000,0.0000,0.0000,1.0000,1,0,0,0,0,5.0003
72.1854,-35.8938,0.0864,98.8209,0.0001,0.0003,0.0000,0.0001,0.0000,265.5633,0.0061,0.0107,-0.9902,0.2923,0.0000,0.0000,0.0000,0.0000,1.0000,1,0,0,0,0,5.0003
72.2464,-35.8938,0.0864,98.8209,0.0001,0.0003,0.0000,0.0001,0.0000,265.5636,0.0050,0.0107,-0.9902,0.2923,0.0000,0.0000,0.0000,0.0000,1.0000,1,0,0,0,0,5.0003
72.2977,-35.8938,0.0864,98.8209,0.0001,0.0003,0.0000,0.0001,0.0000,265.5639,0.0059,0.0107,-0.9902,0.2923,0.0000,0.0000,0.0000,0.0000,1.0000,1,0,0,0,0,5.0003
72.3501,-35.8938,0.0864,98.8209,0.0001,0.0003,0.0000,0.0001,0.0000,265.5642,0.0058,0.0107,-0.9902,0.2923,0.0000,0.0000,0.0000,0.0000,1.0000,1,0,0,0,0,5.0003
72.4085,-35.8938,0.0864,98.8209,0.0001,0.0003,0.0000,0.0001,0.0000,265.5645,0.0052,0.0107,-0.9902,0.2923,0.0000,0.0000,0.0000,0.0000,1.0000,1,0,0,0,0,5.0003
72.4683,-35.8938,0.0864,98.8209,0.0001,0.0003,0.0000,0.0001,0.0000,265.5648,0.0051,0.0107,-0.7243,0.2923,0.0000,0.0000,0.0000,0.0000,1.0000,1,0,0,0,0,5.0003
72.5277,-35.8938,0.0864,98.8209,0.0001,0.0003,0.0000,0.0001,0.0000,265.5652,0.0067,0.0107,-0.9589,0.2923,0.0000,0.0000,0.0000,0.0000,1.0000,1,0,0,0,0,5.0004
72.5869,-35.8938,0.0864,98.8209,0.0001,0.0003,0.0000,0.0001,0.0000,265.5656,0.0067,0.0107,-0.8318,0.2923,0.0000,0.0000,0.0000,0.0000,1.0000,1,0,0,0,0,5.0004
72.6480,-35.8938,0.0864,98.8209,0.0001,0.0003,0.0000,0.0001,0.0000,265.5660,0.0065,0.0107,-0.2316,0.2923,0.0000,0.0000,0.0000,0.0000,1.0000,1,0,0,0,0,5.0004
72.7054,-35.8938,0.0864,98.8209,0.0001,0.0003,0.0000,0.0001,0.0000,265.5665,0.0085,0.0107,-0.2277,0.2923,0.0000,0.0000,0.0000,0.0000,1.0000,1,0,0,0,0,5.0005
72.7570,-35.8938,0.0864,98.8209,0.0001,0.0003,0.0000,0.0001,0.0000,265.5668,0.0065,0.0107,-0.2199,0.2923,0.0000,0.0000,0.0000,0.0000,1.0000,1,0,0,0,0,5.0004
72.8083,-35.8938,0.0864,98.8209,0.0001,0.0003,0.0000,0.0001,0.0000,265.5672,0.0071,0.0107,-0.2258,0.2923,0.0000,0.0000,0.0000,0.0000,1.0000,1,0,0,0,0,5.0004
72.8590,-35.8938,0.0864,98.8209,0.0001,0.0003,0.0000,0.0001,0.0000,265.5674,0.0048,0.0107,-0.2316,0.2923,0.0000,0.0000,0.0000,0.0000,1.0000,1,0,0,0,0,5.0003
72.9191,-35.8938,0.0864,98.8209,0.0001,0.0003,0.0000,0.0001,0.0000,265.5679,0.0071,0.0107,-0.7400,0.2923,0.0000,0.0000,0.0000,0.0000,1.0000,1,0,0,0,0,5.0004
72.9696,-35.8938,0.0864,98.8209,0.0001,0.0003,0.0000,0.0001,0.0000,265.5681,0.0048,0.0107,-0.9257,0.2923,0.0000,0.0000,0.0000,0.0000,1.0000,1,0,0,0,0,5.0003
73.0280,-35.8938,0.0864,98.8209,0.0001,0.0003,0.0000,0.0001,0.0000,265.5685,0.0063,0.0107,-0.9863,0.2923,0.0000,0.0000,0.0000,0.0000,1.0000,1,0,0,0,0,5.0003
73.0862,-35.8938,0.0864,98.8209,0.0001,0.0003,0.0000,0.0001,0.0000,265.5687,0.0037,0.0107,-0.9902,0.2923,0.0000,0.0000,0.0000,0.0000,1.0000,1,0,0,0,0,5.0002
73.1393,-35.8938,0.0864,98.8209,0.0001,0.0003,0.0000,0.0001,0.0000,265.5689,0.0034,0.0107,-0.9902,0.2923,0.0000,0.0000,0.0000,0.0000,1.0000,1,0,0,0,0,5.0002
73.2005,-35.8938,0.0864,98.8209,0.0001,0.0003,0.0000,0.0001,0.0000,265.5690,0.0025,0.0107,-0.5855,0.2923,0.0000,0.0000,0.0000,0.0000,1.0000,1,0,0,0,0,5.0001
73.2565,-35.8938,0.0864,98.8209,0.0001,0.0003,0.0000,0.0001,0.0000,265.5692,0.0038,0.0107,-0.3411,0.2923,0.0000,0.0000,0.0000,0.0000,1.0000,1,0,0,0,0,5.0002
73.3100,-35.8938,0.0864,98.8209,0.0001,0.0003,0.0000,0.0001,0.0000,265.5695,0.0046,0.0107,-0.3802,0.2923,0.0000,0.0000,0.0000,0.0000,1.0000,1,0,0,0,0,5.0003
73.3637,-35.8938,0.0864,98.8209,0.0001,0.0003,0.0000,0.0001,0.0000,265.5698,0.0051,0.0107,-0.3568,0.2923,0.0000,0.0000,0.0000,0.0000,1.0000,1,0,0,0,0,5.0003
73.4209,-35.8938,0.0864,98.8209,0.0001,0.0003,0.0000,0.0001,0.0000,265.5700,0.0043,0.0107,-0.3998,0.2923,0.0000,0.0000,0.0000,0.0000,1.0000,1,0,0,0,0,5.0002
73.4734,-35.8938,0.0864,98.8209,0.0001,0.0003,0.0000,0.0001,0.0000,265.5703,0.0047,0.0107,-0.4057,0.2923,0.0000,0.0000,0.0000,0.0000,1.0000,1,0,0,0,0,5.0003
73.5239,-35.8938,0.0864,98.8209,0.0001,0.0003,0.0000,0.0001,0.0000,265.5704,0.0036,0.0107,-0.4057,0.2923,0.0000,0.0000,0.0000,0.0000,1.0000,1,0,0,0,0,5.0002
73.5808,-35.8938,0.0864,98.8209,0.0001,0.0003,0.0000,0.0001,0.0000,265.5706,0.0038,0.0107,-0.4057,0.2923,0.0000,0.0000,0.0000,0.0000,1.0000,1,0,0,0,0,5.0002
73.6335,-35.8938,0.0864,98.8209,0.0001,0.0003,0.0000,0.0001,0.0000,265.5709,0.0052,0.0107,-0.4057,0.2923,0.0000,0.0000,0.0000,0.0000,1.0000,1,0,0,0,0,5.0003
73.6840,-35.8938,0.0864,98.8209,0.0001,0.0003,0.0000,0.0001,0.0000,265.5712,0.0060,0.0107,-0.4057,0.2923,0.0000,0.0000,0.0000,0.0000,1.0000,1,0,0,0,0,5.0003
73.7398,-35.8938,0.0864,98.8209,0.0001,0.0003,0.0000,0.0001,0.0000,265.5716,0.0060,0.0107,-0.4057,0.2923,0.0000,0.0000,0.0000,0.0000,1.0000,1,0,0,0,0,5.0003
73.7911,-35.8938,0.0864,98.8209,0.0001,0.0003,0.0000,0.0001,0.0000,265.5718,0.0054,0.0107,-0.4057,0.2923,0.0000,0.0000,0.0000,0.0000,1.0000,1,0,0,0,0,5.0003
73.8545,-35.8938,0.0864,98.8209,0.0001,0.0003,0.0000,0.0001,0.0000,265.5722,0.0063,0.0107,-0.3998,0.2923,0.0000,0.0000,0.0000,0.0000,1.0000,1,0,0,0,0,5.0003
73.9136,-35.8938,0.0864,98.8209,0.0001,0.0003,0.0000,0.0001,0.0000,265.5725,0.0052,0.0107,-0.3861,0.2923,0.0000,0.0000,0.0000,0.0000,1.0000,1,0,0,0,0,5.0003
73.9738,-35.8938,0.0864,98.8209,0.0001,0.0003,0.0000,0.0001,0.0000,265.5729,0.0066,0.0107,-0.3724,0.2923,0.0000,0.0000,0.0000,0.0000,1.0000,1,0,0,0,0,5.0004
74.0344,-35.8938,0.0864,98.8209,0.0001,0.0003,0.0000,0.0001,0.0000,265.5732,0.0050,0.0107,-0.3705,0.2923,0.0000,0.0000,0.0000,0.0000,1.0000,1,0,0,0,0,5.0003
74.0937,-35.8938,0.0864,98.8209,0.0001,0.0003,0.0000,0.0001,0.0000,265.5736,0.0062,0.0107,-0.3705,0.2923,0.0000,0.0000,0.0000,0.0000,1.0000,1,0,0,0,0,5.0003
74.1548,-35.8938,0.0864,98.8209,0.0001,0.0003,0.0000,0.0001,0.0000,265.5739,0.0050,0.0107,-0.3705,0.2923,0.0000,0.0000,0.0000,0.0000,1.0000,1,0,0,0,0,5.0003
74.2117,-35.8938,0.0864,98.8209,0.0001,0.0003,0.0000,0.0001,0.0000,265.5742,0.0054,0.0107,-0.3705,0.2923,0.0000,0.0000,0.0000,0.0000,1.0000,1,0,0,0,0,5.0003
74.2642,-35.8938,0.0864,98.8209,0.0001,0.0003,0.0000,0.0001,0.0000,265.5745,0.0058,0.0107,-0.3705,0.2923,0.0000,0.0000,0.0000,0.0000,1.0000,1,0,0,0,0,5.0003
74.3253,-35.8938,0.0864,98.8209,0.0001,0.0003,0.0000,0.0001,0.0000,265.5750,0.0070,0.0107,-0.3705,0.2923,0.0000,0.0000,0.0000,0.0000,1.0000,1,0,0,0,0,5.0004
74.3828,-35.8938,0.0864,98.8209,0.0001,0.0003,0.0000,0.0001,0.0000,265.5754,0.0080,0.0107,-0.3705,0.2923,0.0000,0.0000,0.0000,0.0000,1.0000,1,0,0,0,0,5.0004
74.4373,-35.8938,0.0864,98.8209,0.0001,0.0003,0.0000,0.0001,0.0000,265.5757,0.0062,0.0107,-0.3724,0.2923,0.0000,0.0000,0.0000,0.0000,1.0000,1,0,0,0,0,5.0003
74.4926,-35.8938,0.0864,98.8209,0.0001,0.0003,0.0000,0.0001,0.0000,265.5760,0.0055,0.0107,-0.9257,0.2923,0.0000,0.0000,0.0000,0.0000,1.0000,1,0,0,0,0,5.0003
74.5464,-35.8938,0.0864,98.8209,0.0001,0.0003,0.0000,0.0001,0.0000,265.5763,0.0045,0.0107,-0.9785,0.2923,0.0000,0.0000,0.0000,0.0000,1.0000,1,0,0,0,0,5.0003
74.6057,-35.8938,0.0864,98.8209,0.0001,0.0003,0.0000,0.0001,0.0000,265.5767,0.0067,0.0107,-0.9902,0.2923,0.0000,0.0000,0.0000,0.0000,1.0000,1,0,0,0,0,5.0004
74.6623,-35.8938,0.0864,98.8209,0.0001,0.0003,0.0000,0.0001,0.0000,265.5771,0.0070,0.0107,-0.9902,0.2923,0.0000,0.0000,0.0000,0.0000,1.0000,1,0,0,0,0,5.0004
74.7123,-35.8938,0.0864,98.8209,0.0001,0.0003,0.0000,0.0001,0.0000,265.5774,0.0061,0.0107,-0.9902,0.2923,0.0000,0.0000,0.0000,0.0000,1.0000,1,0,0,0,0,5.0003
74.7670,-35.8938,0.0864,98.8209,0.0001,0.0003,0.0000,0.0001,0.0000,265.5778,0.0073,0.0107,-0.3392,0.2923,0.0000,0.0000,0.0000,0.0000,1.0000,1,0,0,0,0,5.0004
74.8173,-35.8938,0.0864,98.8209,0.0001,0.0003,0.0000,0.0001,0.0000,265.5781,0.0055,0.0107,-0.2238,0.2923,0.0000,0.0000,0.0000,0.0000,1.0000,1,0,0,0,0,5.0003
74.8682,-35.8938,0.0864,98.8209,0.0001,0.0003,0.0000,0.0001,0.0000,265.5783,0.0054,0.0107,-0.2102,0.2923,0.0000,0.0000,0.0000,0.0000,1.0000,1,0,0,0,0,5.0003
74.9205,-35.8938,0.0864,98.8209,0.0001,0.0003,0.0000,0.0001,0.0000,265.5787,0.0064,0.0107,-0.2102,0.2923,0.0000,0.0000,0.0000,0.0000,1.0000,1,0,0,0,0,5.0004
74.9820,-35.8938,0.0864,98.8209,0.0001,0.0003,0.0000,0.0001,0.0000,265.5791,0.0065,0.0107,-0.2102,0.2923,0.0000,0.0000,0.0000,0.0000,1.0000,1,0,0,0,0,5.0004
75.0434,-35.8938,0.0864,98.8209,0.0001,0.0003,0.0000,0.0001,0.0000,265.5793,0.0030,0.0107,-0.2102,0.2923,0.0000,0.0000,0.0000,0.0000,1.0000,1,0,0,0,0,5.0002
75.1038,-35.8938,0.0864,98.8209,0.0001,0.0003,0.0000,0.0001,0.0000,265.5796,0.0056,0.0107,-0.2102,0.2923,0.0000,0.0000,0.0000,0.0000,1.0000,1,0,0,0,0,5.0003
75.1621,-35.8938,0.0864,98.8209,0.0001,0.0003,0.0000,0.0001,0.0000,265.5798,0.0042,0.0107,-0.2102,0.2923,0.0000,0.0000,0.0000,0.0000,1.0000,1,0,0,0,0,5.0002
75.2127,-35.8938,0.0864,98.8209,0.0001,0.0003,0.0000,0.0001,0.0000,265.5801,0.0054,0.0107,-0.2141,0.2923,0.0000,0.0000,0.0000,0.0000,1.0000,1,0,0,0,0,5.0003
75.2707,-35.8938,0.0864,98.8209,0.0001,0.0003,0.0000,0.0001,0.0000,265.5804,0.0058,0.0107,-0.2238,0.2923,0.0000,0.0000,0.0000,0.0000,1.0000,1,0,0,0,0,5.0003
75.3324,-35.8938,0.0864,98.8209,0.0001,0.0003,0.0000,0.0001,0.0000,265.5807,0.0040,0.0107,-0.2336,0.2923,0.0000,0.0000,0.0000,0.0000,1.0000,1,0,0,0,0,5.0002
75.3856,-35.8938,0.0864,98.8209,0.0001,0.0003,0.0000,0.0001,0.0000,265.5810,0.0052,0.0107,-0.2668,0.2923,0.0000,0.0000,0.0000,0.0000,1.0000,1,0,0,0,0,5.0003
75.4371,-35.8938,0.0864,98.8209,0.0001,0.0003,0.0000,0.0001,0.0000,265.5812,0.0053,0.0107,-0.2962,0.2923,0.0000,0.0000,0.0000,0.0000,1.0000,1,0,0,0,0,5.0003
75.4951,-35.8938,0.0864,98.8209,0.0001,0.0003,0.0000,0.0001,0.0000,265.5815,0.0042,0.0107,-0.3333,0.2923,0.0000,0.0000,0.0000,0.0000,1.0000,1,0,0,0,0,5.0002
75.5478,-35.8938,0.0864,98.8209,0.0001,0.0003,0.0000,0.0001,0.0000,265.5817,0.0046,0.0107,-0.3529,0.2923,0.0000,0.0000,0.0000,0.0000,1.0000,1,0,0,0,0,5.0003
75.6009,-35.8938,0.0864,98.8209,0.0001,0.0003,0.0000,0.0001,0.0000,265.5819,0.0034,0.0107,-0.3548,0.2923,0.0000,0.0000,0.0000,0.0000,1.0000,1,0,0,0,0,5.0002
75.6585,-35.8938,0.0864,98.8209,0.0001,0.0003,0.0000,0.0001,0.0000,265.5822,0.0048,0.0107,-0.3548,0.2923,0.0000,0.0000,0.0000,0.0000,1.0000,1,0,0,0,0,5.0003
75.7109,-35.8938,0.0864,98.8209,0.0001,0.0003,0.0000,0.0001,0.0000,265.5825,0.0052,0.0107,-0.3548,0.2923,0.0000,0.0000,0.0000,0.0000,1.0000,1,0,0,0,0,5.0003
75.7703,-35.8938,0.0864,98.8209,0.0001,0.0003,0.0000,0.0001,0.0000,265.5828,0.0062,0.0107,-0.3548,0.2923,0.0000,0.0000,0.0000,0.0000,1.0000,1,0,0,0,0,5.0003
75.8204,-35.8938,0.0864,98.8209,0.0001,0.0003,0.0000,0.0001,0.0000,265.5831,0.0049,0.0107,-0.3548,0.2923,0.0000,0.0000,0.0000,0.0000,1.0000,1,0,0,0,0,5.0003
75.8708,-35.8938,0.0864,98.8209,0.0001,0.0003,0.0000,0.0001,0.0000,265.5834,0.0061,0.0107,-0.3548,0.2923,0.0000,0.0000,0.0000,0.0000,1.0000,1,0,0,0,0,5.0003
75.9315,-35.8938,0.0864,98.8209,0.0001,0.0003,0.0000,0.0001,0.0000,265.5837,0.0050,0.0107,-0.3548,0.2923,0.0000,0.0000,0.0000,0.0000,1.0000,1,0,0,0,0,5.0003
75.9916,-35.8938,0.0864,98.8209,0.0001,0.0003,0.0000,0.0001,0.0000,265.5841,0.0071,0.0107,-0.3548,0.2923,0.0000,0.0000,0.0000,0.0000,1.0000,1,0,0,0,0,5.0004
76.0527,-35.8938,0.0864,98.8209,0.0001,0.0003,0.0000,0.0001,0.0000,265.5844,0.0050,0.0107,-0.3548,0.2923,0.0000,0.0000,0.0000,0.0000,1.0000,1,0,0,0,0,5.0003
76.1115,-35.8938,0.0864,98.8209,0.0001,0.0003,0.0000,0.0001,0.0000,265.5847,0.0052,0.0107,-0.3470,0.2923,0.0000,0.0000,0.0000,0.0000,1.0000,1,0,0,0,0,5.0003
76.1620,-35.8938,0.0864,98.8209,0.0001,0.0003,0.0000,0.0001,0.0000,265.5850,0.0060,0.0107,-0.3372,0.2923,0.0000,0.0000,0.0000,0.0000,1.0000,1,0,0,0,0,5.0003
76.2221,-35.8938,0.0864,98.8209,0.0001,0.0003,0.0000,0.0001,0.0000,265.5854,0.0061,0.0107,-0.3294,0.2923,0.0000,0.0000,0.0000,0.0000,1.0000,1,0,0,0,0,5.0003
76.2790,-35.8938,0.0864,98.8209,0.0001,0.0003,0.0000,0.0001,0.0000,265.5858,0.0070,0.0107,-0.3177,0.2923,0.0000,0.0000,0.0000,0.0000,1.0000,1,0,0,0,0,5.0004
76.3310,-35.8938,0.0864,98.8209,0.0001,0.0003,0.0000,0.0001,0.0000,265.5862,0.0076,0.0107,-0.3001,0.2923,0.0000,0.0000,0.0000,0.0000,1.0000,1,0,0,0,0,5.0004
76.3844,-35.8938,0.0864,98.8209,0.0001,0.0003,0.0000,0.0001,0.0000,265.5866,0.0074,0.0107,-0.2883,0.2923,0.0000,0.0000,0.0000,0.0000,1.0000,1,0,0,0,0,5.0004
76.4418,-35.8938,0.0864,98.8209,0.0001,0.0003,0.0000,0.0001,0.0000,265.5870,0.0069,0.0107,-0.2610,0.2923,0.0000,0.0000,0.0000,0.0000,1.0000,1,0,0,0,0,5.0004
76.4943,-35.8938,0.0864,98.8209,0.0001,0.0003,0.0000,0.0001,0.0000,265.5873,0.0058,0.0107,-0.2375,0.2923,0.0000,0.0000,0.0000,0.0000,1.0000,1,0,0,0,0,5.0003
76.5537,-35.8938,0.0864,98.8209,0.0001,0.0003,0.0000,0.0001,0.0000,265.5876,0.0056,0.0107,-0.2258,0.2923,0.0000,0.0000,0.0000,0.0000,1.0000,1,0,0,0,0,5.0003
76.6128,-35.8938,0.0864,98.8209,0.0001,0.0003,0.0000,0.0001,0.0000,265.5880,0.0072,0.0107,-0.2219,0.2923,0.0000,0.0000,0.0000,0.0000,1.0000,1,0,0,0,0,5.0004
76.6742,-35.8938,0.0864,98.8209,0.0001,0.0003,0.0000,0.0001,0.0000,265.5884,0.0055,0.0107,-0.2180,0.2923,0.0000,0.0000,0.0000,0.0000,1.0000,1,0,0,0,0,5.0003
76.7351,-35.8938,0.0864,98.8209,0.0001,0.0003,0.0000,0.0001,0.0000,265.5887,0.0060,0.0107,-0.2141,0.2923,0.0000,0.0000,0.0000,0.0000,1.0000,1,0,0,0,0,5.0003
76.7853,-35.8938,0.0864,98.8209,0.0001,0.0003,0.0000,0.0001,0.0000,265.5890,0.0049,0.0107,-0.2141,0.2923,0.0000,0.0000,0.0000,0.0000,1.0000,1,0,0,0,0,5.0003
76.8451,-35.8938,0.0864,98.8209,0.0001,0.0003,0.0000,0.0001,0.0000,265.5893,0.0051,0.0107,-0.2141,0.2923,0.0000,0.0000,0.0000,0.0000,1.0000,1,0,0,0,0,5.0003
76.9035,-35.8938,0.0864,98.8209,0.0001,0.0003,0.0000,0.0001,0.0000,265.5897,0.0068,0.0107,-0.2141,0.2923,0.0000,0.0000,0.0000,0.0000,1.0000,1,0,0,0,0,5.0004
76.9563,-35.8938,0.0864,98.8209,0.0001,0.0003,0.0000,0.0001,0.0000,265.5900,0.0052,0.0107,-0.2141,0.2923,0.0000,0.0000,0.0000,0.0000,1.0000,1,0,0,0,0,5.0003
77.0172,-35.8938,0.0864,98.8209,0.0001,0.0003,0.0000,0.0001,0.0000,265.5902,0.0040,0.0107,-0.2141,0.2923,0.0000,0.0000,0.0000,0.0000,1.0000,1,0,0,0,0,5.0002
77.0689,-35.8938,0.0864,98.8209,0.0001,0.0003,0.0000,0.0001,0.0000,265.5905,0.0065,0.0107,-0.2141,0.2923,0.0000,0.0000,0.0000,0.0000,1.0000,1,0,0,0,0,5.0004
77.1281,-35.8938,0.0864,98.8209,0.0001,0.0003,0.0000,0.0001,0.0000,265.5909,0.0057,0.0107,-0.6735,0.2923,0.0000,0.0000,0.0000,0.0000,1.0000,1,0,0,0,0,5.0003
77.1844,-35.8938,0.0864,98.8209,0.0001,0.0003,0.0000,0.0001,0.0000,265.5912,0.0054,0.0107,-0.9511,0.2923,0.0000,0.0000,0.0000,0.0000,1.0000,1,0,0,0,0,5.0003
77.2379,-35.8938,0.0864,98.8209,0.0001,0.0003,0.0000,0.0001,0.0000,265.5915,0.0057,0.0107,-0.9824,0.2923,0.0000,0.0000,0.0000,0.0000,1.0000,1,0,0,0,0,5.0003
77.2942,-35.8938,0.0864,98.8209,0.0001,0.0003,0.0000,0.0001,0.0000,265.5918,0.0054,0.0107,-0.9902,0.2923,0.0000,0.0000,0.0000,0.0000,1.0000,1,0,0,0,0,5.0003
77.3464,-35.8938,0.0864,98.8209,0.0001,0.0003,0.0000,0.0001,0.0000,265.5921,0.0053,0.0107,-0.9902,0.2923,0.0000,0.0000,0.0000,0.0000,1.0000,1,0,0,0,0,5.0003
77.4113,-35.8938,0.0864,98.8209,0.0001,0.0003,0.0000,0.0001,0.0000,265.5923,0.0033,0.0107,-0.9902,0.2923,0.0000,0.0000,0.0000,0.0000,1.0000,1,0,0,0,0,5.0002
77.4687,-35.8938,0.0864,98.8209,0.0001,0.0003,0.0000,0.0001,0.0000,265.5926,0.0053,0.0107,-0.9902,0.2923,0.0000,0.0000,0.0000,0.0000,1.0000,1,0,0,0,0,5.0003
77.5211,-35.8938,0.0864,98.8209,0.0001,0.0003,0.0000,0.0001,0.0000,265.5928,0.0041,0.0107,-0.9902,0.2923,0.0000,0.0000,0.0000,0.0000,1.0000,1,0,0,0,0,5.0002
77.5814,-35.8938,0.0864,98.8209,0.0001,0.0003,0.0000,0.0001,0.0000,265.5931,0.0056,0.0107,-0.9902,0.2923,0.0000,0.0000,0.0000,0.0000,1.0000,1,0,0,0,0,5.0003
77.6427,-35.8938,0.0864,98.8209,0.0001,0.0003,0.0000,0.0001,0.0000,265.5934,0.0040,0.0107,-0.9902,0.2923,0.0000,0.0000,0.0000,0.0000,1.0000,1,0,0,0,0,5.0002
77.7026,-35.8938,0.0864,98.8209,0.0001,0.0003,0.0000,0.0001,0.0000,265.5937,0.0051,0.0107,-0.9902,0.2923,0.0000,0.0000,0.0000,0.0000,1.0000,1,0,0,0,0,5.0003
77.7528,-35.8938,0.0864,98.8209,0.0001,0.0003,0.0000,0.0001,0.0000,265.5939,0.0049,0.0107,-0.9902,0.2923,0.0000,0.0000,0.0000,0.0000,1.0000,1,0,0,0,0,5.0003
77.8123,-35.8938,0.0864,98.8209,0.0001,0.0003,0.0000,0.0001,0.0000,265.5943,0.0062,0.0107,-0.9902,0.2923,0.0000,0.0000,0.0000,0.0000,1.0000,1,0,0,0,0,5.0003
77.8723,-35.8938,0.0864,98.8209,0.0001,0.0003,0.0000,0.0001,0.0000,265.5946,0.0051,0.0107,-0.9902,0.2923,0.0000,0.0000,0.0000,0.0000,1.0000,1,0,0,0,0,5.0003
77.9254,-35.8938,0.0864,98.8209,0.0001,0.0003,0.0000,0.0001,0.0000,265.5949,0.0058,0.0107,-0.9902,0.2923,0.0000,0.0000,0.0000,0.0000,1.0000,1,0,0,0,0,5.0003
77.9805,-35.8938,0.0864,98.8209,0.0001,0.0003,0.0000,0.0001,0.0000,265.5952,0.0055,0.0107,-0.9902,0.2923,0.0000,0.0000,0.0000,0.0000,1.0000,1,0,0,0,0,5.0003
78.0356,-35.8938,0.0864,98.8209,0.0001,0.0003,0.0000,0.0001,0.0000,265.5955,0.0055,0.0107,-0.9902,0.2923,0.0000,0.0000,0.0000,0.0000,1.0000,1,0,0,0,0,5.0003
78.0909,-35.8938,0.0864,98.8209,0.0001,0.0003,0.0000,0.0001,0.0000,265.5959,0.0066,0.0107,-0.9902,0.2923,0.0000,0.0000,0.0000,0.0000,1.0000,1,0,0,0,0,5.0004
78.1527,-35.8938,0.0864,98.8209,0.0001,0.0003,0.0000,0.0001,0.0000,265.5963,0.0069,0.0107,-0.9902,0.2923,0.0000,0.0000,0.0000,0.0000,1.0000,1,0,0,0,0,5.0004
78.2103,-35.8938,0.0864,98.8209,0.0001,0.0003,0.0000,0.0001,0.0000,265.5967,0.0064,0.0107,-0.9902,0.2923,0.0000,0.0000,0.0000,0.0000,1.0000,1,0,0,0,0,5.0004
78.2634,-35.8938,0.0864,98.8209,0.0001,0.0003,0.0000,0.0001,0.0000,265.5971,0.0080,0.0107,-0.9902,0.2923,0.0000,0.0000,0.0000,0.0000,1.0000,1,0,0,0,0,5.0004
78.3239,-35.8938,0.0864,98.8209,0.0001,0.0003,0.0000,0.0001,0.0000,265.5976,0.0076,0.0107,-0.9902,0.2923,0.0000,0.0000,0.0000,0.0000,1.0000,1,0,0,0,0,5.0004
78.3838,-35.8938,0.0864,98.8209,0.0001,0.0003,0.0000,0.0001,0.0000,265.5980,0.0066,0.0107,-0.9902,0.2923,0.0000,0.0000,0.0000,0.0000,1.0000,1,0,0,0,0,5.0004
78.4453,-35.8938,0.0864,98.8209,0.0001,0.0003,0.0000,0.0001,0.0000,265.5984,0.0069,0.0107,-0.9902,0.2923,0.0000,0.0000,0.0000,0.0000,1.0000,1,0,0,0,0,5.0004
78.4970,-35.8938,0.0864,98.8209,0.0001,0.0003,0.0000,0.0001,0.0000,265.5986,0.0047,0.0107,-0.9902,0.2923,0.0000,0.0000,0.0000,0.0000,1.0000,1,0,0,0,0,5.0003
78.5527,-35.8938,0.0864,98.8209,0.0001,0.0003,0.0000,0.0001,0.0000,265.5989,0.0049,0.0107,-0.9902,0.2923,0.0000,0.0000,0.0000,0.0000,1.0000,1,0,0,0,0,5.0003
78.6043,-35.8938,0.0864,98.8209,0.0001,0.0003,0.0000,0.0001,0.0000,265.5991,0.0041,0.0107,-0.9902,0.2923,0.0000,0.0000,0.0000,0.0000,1.0000,1,0,0,0,0,5.0002
78.6645,-35.8938,0.0864,98.8209,0.0001,0.0003,0.0000,0.0001,0.0000,265.5994,0.0041,0.0107,-0.9902,0.2923,0.0000,0.0000,0.0000,0.0000,1.0000,1,0,0,0,0,5.0002
78.7241,-35.8938,0.0864,98.8209,0.0001,0.0003,0.0000,0.0001,0.0000,265.5997,0.0061,0.0107,-0.9902,0.2923,0.0000,0.0000,0.0000,0.0000,1.0000,1,0,0,0,0,5.0003
78.7753,-35.8938,0.0864,98.8209,0.0001,0.0003,0.0000,0.0001,0.0000,265.6000,0.0048,0.0107,-0.9902,0.2923,0.0000,0.0000,0.0000,0.0000,1.0000,1,0,0,0,0,5.0003
78.8326,-35.8938,0.0864,98.8209,0.0005,0.0018,-0.0001,0.0005,0.0074,265.5997,-0.0053,0.0107,0.3646,0.2923,0.0000,0.0000,0.0000,0.1295,1.0000,1,0,0,0,0,5.0003
78.8849,-35.8963,0.0864,98.8206,0.1761,0.6338,0.1760,0.0019,3.3537,265.5952,-0.0863,0.0107,0.6794,0.2923,0.0000,0.0000,0.0000,0.4781,1.0000,1,0,0,0,0,5.0048
78.9556,-35.9449,0.0864,98.8165,1.2825,4.6169,1.2825,0.0036,15.6424,265.5879,-0.1027,0.0107,0.7478,0.2923,0.0000,0.0000,0.0000,0.8081,1.0000,1,1,0,0,0,25.0473
79.0192,-36.0506,0.0864,98.8080,2.0312,7.3124,2.0312,0.0041,11.7744,265.5828,-0.0806,0.0107,0.7556,0.2923,0.0000,0.0000,0.0000,0.9061,1.0000,1,1,0,0,0,25.0350
79.0693,-36.1675,0.0864,98.7987,2.5871,9.3135,2.5871,0.0044,11.0929,265.5776,-0.1035,0.0107,0.7556,0.2923,0.0000,0.0000,0.0000,0.9541,1.0000,1,1,0,0,0,25.0315
79.1210,-36.3098,0.0864,98.7874,2.9642,10.6712,2.9642,0.0046,7.3028,265.5724,-0.1005,0.0107,0.7380,0.2923,0.0000,0.0000,0.0000,0.9775,1.0000,1,1,0,0,0,25.0289
79.1768,-36.4806,0.0864,98.7738,3.2072,11.5460,3.2072,0.0047,4.3571,265.5673,-0.0919,0.0107,0.7380,0.2923,0.0000,0.0000,0.0000,0.9890,1.0000,1,1,0,0,0,25.0270
79.2289,-36.6507,0.0864,98.7603,3.3339,12.0019,3.3339,0.0047,2.4275,265.5631,-0.0790,0.0107,0.7380,0.2923,0.0000,0.0000,0.0000,0.9938,1.0000,1,1,0,0,0,25.0254
79.2793,-36.8208,0.0864,98.7468,3.4357,12.3685,3.4357,0.0047,2.0223,265.5580,-0.1024,0.0107,0.7380,0.2923,0.0000,0.0000,0.0000,0.9970,1.0000,1,1,0,0,0,25.0263
79.3357,-37.0160,0.0864,98.7313,3.4968,12.5884,3.4968,0.0047,1.0816,265.5528,-0.0919,0.0107,0.7380,0.2923,0.0000,0.0000,0.0000,0.9985,1.0000,1,1,0,0,0,25.0254
79.3875,-37.1974,0.0864,98.7168,3.5329,12.7183,3.5329,0.0048,0.6969,265.5476,-0.1001,0.0107,0.7380,0.2923,0.0000,0.0000,0.0000,0.9993,1.0000,1,1,0,0,0,25.0257
79.4482,-37.4116,0.0864,98.6998,3.5540,12.7945,3.5540,0.0047,0.3490,265.5425,-0.0835,0.0107,0.7380,0.2923,0.0000,0.0000,0.0000,0.9996,1.0000,1,1,0,0,0,25.0246
79.4986,-37.5904,0.0864,98.6855,3.5663,12.8387,3.5663,0.0048,0.2435,265.5374,-0.1030,0.0107,0.7380,0.2923,0.0000,0.0000,0.0000,0.9998,1.0000,1,1,0,0,0,25.0257
79.5503,-37.7745,0.0864,98.6708,3.5723,12.8602,3.5723,0.0047,0.1158,265.5332,-0.0802,0.0107,0.7380,0.2923,0.0000,0.0000,0.0000,0.9999,1.0000,1,1,0,0,0,25.0243
79.6070,-37.9766,0.0864,98.6547,3.5768,12.8765,3.5768,0.0047,0.0795,265.5280,-0.0915,0.0107,0.7380,0.2923,0.0000,0.0000,0.0000,1.0000,1.0000,1,1,0,0,0,25.0248
79.6580,-38.1585,0.0864,98.6401,3.5794,12.8860,3.5794,0.0047,0.0517,265.5228,-0.1017,0.0107,0.7263,0.2923,0.0000,0.0000,0.0000,1.0000,1.0000,1,1,0,0,0,25.0255
79.7213,-38.3844,0.0864,98.6221,3.5811,12.8918,3.5811,0.0048,0.0257,265.5167,-0.0974,0.0107,0.7087,0.2923,0.0000,0.0000,0.0000,1.0000,1.0000,1,1,0,0,0,25.0253
79.7808,-38.5966,0.0864,98.6050,3.5818,12.8946,3.5818,0.0047,0.0133,265.5115,-0.0863,0.0107,0.6813,0.2923,0.0000,0.0000,0.0000,1.0000,1.0000,1,1,0,0,0,25.0246
79.8345,-38.7884,0.0864,98.5897,3.5822,12.8960,3.5822,0.0047,0.0069,265.5063,-0.0966,0.0107,0.6520,0.2923,0.0000,0.0000,0.0000,1.0000,1.0000,1,1,0,0,0,25.0252
79.8883,-38.9805,0.0864,98.5742,3.5825,12.8970,3.5825,0.0048,0.0053,265.5012,-0.0964,0.0107,0.6110,0.2923,0.0000,0.0000,0.0000,1.0000,1.0000,1,1,0,0,0,25.0253
79.9404,-39.1664,0.0864,98.5593,3.5756,12.8720,3.5756,0.0047,-0.1332,265.4970,-0.0797,0.0107,0.5797,0.2923,0.0000,0.0000,0.0000,0.9921,1.0000,1,1,0,0,0,25.0242
80.0024,-39.3854,0.0864,98.5416,3.5018,12.6065,3.5018,0.0047,-1.1895,265.4908,-0.0994,0.0107,0.5445,0.2923,0.0000,0.0000,0.0000,0.9549,1.0000,1,1,0,0,0,25.0258
80.0634,-39.5877,0.0864,98.5253,3.1590,11.3725,3.1590,0.0047,-5.6195,265.4857,-0.0841,0.0107,0.4585,0.2923,0.0000,0.0000,0.0000,0.8030,1.0000,1,1,0,0,0,25.0269
80.1234,-39.7661,0.0864,98.5108,2.8531,10.2710,2.8531,0.0047,-5.0960,265.4795,-0.1037,0.0107,0.4761,0.2923,0.0000,0.0000,0.0000,0.7920,1.0000,1,1,0,0,0,25.0303
80.1804,-39.9239,0.0864,98.4980,2.6971,9.7095,2.6971,0.0046,-2.7353,265.4743,-0.0910,0.0107,0.4526,0.2923,0.0000,0.0000,0.0000,0.7772,1.0000,1,1,0,0,0,25.0307
80.2326,-40.0606,0.0864,98.4869,2.5560,9.2015,2.5560,0.0046,-2.7066,265.4692,-0.0972,0.0107,0.4350,0.2923,0.0000,0.0000,0.0000,0.7497,1.0000,1,1,0,0,0,25.0324
80.2923,-40.2091,0.0864,98.4747,2.4289,8.7440,2.4289,0.0045,-2.1273,265.4641,-0.0863,0.0107,0.4350,0.2923,0.0000,0.0000,0.0000,0.7322,1.0000,1,1,0,0,0,25.0329
80.3525,-40.3516,0.0864,98.4631,2.3334,8.4001,2.3334,0.0045,-1.5862,265.4589,-0.0856,0.0107,0.4350,0.2923,0.0000,0.0000,0.0000,0.7237,1.0000,1,1,0,0,0,25.0337
80.4131,-40.4900,0.0864,98.4517,2.2581,8.1292,2.2581,0.0045,-1.2416,265.4527,-0.1027,0.0107,0.4350,0.2923,0.0000,0.0000,0.0000,0.7190,1.0000,1,1,0,0,0,25.0355
80.4703,-40.6175,0.0864,98.4412,2.2196,7.9906,2.2196,0.0045,-0.6730,265.4476,-0.0891,0.0107,0.4350,0.2923,0.0000,0.0000,0.0000,0.7172,1.0000,1,1,0,0,0,25.0352
80.5215,-40.7301,0.0864,98.4320,2.1957,7.9045,2.1957,0.0045,-0.4674,265.4424,-0.1007,0.0107,0.4350,0.2923,0.0000,0.0000,0.0000,0.7164,1.0000,1,1,0,0,0,25.0362
80.5805,-40.8588,0.0864,98.4214,2.1812,7.8523,2.1812,0.0045,-0.2456,265.4373,-0.0879,0.0107,0.4350,0.2923,0.0000,0.0000,0.0000,0.7159,1.0000,1,1,0,0,0,25.0355
80.6318,-40.9700,0.0864,98.4122,2.1725,7.8211,2.1725,0.0045,-0.1686,265.4320,-0.1024,0.0107,0.4350,0.2923,0.0000,0.0000,0.0000,0.7157,1.0000,1,1,0,0,0,25.0365
80.6847,-41.0796,0.0864,98.4031,1.9002,6.8406,1.9002,0.0044,-5.1465,265.4279,-0.0784,0.0107,-0.6207,0.2923,0.0000,0.0000,0.0000,0.4661,1.0000,1,1,0,0,0,25.0390
80.7384,-41.1593,0.0864,98.3964,1.2105,4.3578,1.2105,0.0041,-12.8533,265.4227,-0.0967,0.0107,0.2942,0.2923,0.0000,0.0000,0.0000,0.3537,1.0000,1,1,0,0,0,25.0563
80.7985,-41.2231,0.0864,98.3910,1.0431,3.7552,1.0431,0.0038,-2.7856,265.4165,-0.1026,0.0107,0.4174,0.2923,0.0000,0.0000,0.0000,0.5182,1.0000,1,1,0,0,0,25.0606
80.8548,-41.2861,0.0864,98.3856,1.2503,4.5012,1.2503,0.0039,3.6783,265.4113,-0.0915,0.0107,0.4331,0.2923,0.0000,0.0000,0.0000,0.6153,1.0000,1,1,0,0,0,25.0518
80.9063,-41.3558,0.0864,98.3798,1.4595,5.2543,1.4595,0.0040,4.0599,265.4072,-0.0805,0.0107,0.4331,0.2923,0.0000,0.0000,0.0000,0.6575,1.0000,1,1,0,0,0,25.0457
80.9605,-41.4417,0.0864,98.3726,1.6856,6.0680,1.6856,0.0042,4.1744,265.4020,-0.0953,0.0107,0.4331,0.2923,0.0000,0.0000,0.0000,0.6854,1.0000,1,1,0,0,0,25.0424
81.0256,-41.5581,0.0864,98.3628,1.8772,6.7580,1.8772,0.0043,2.9440,265.3958,-0.0956,0.0107,0.4331,0.2923,0.0000,0.0000,0.0000,0.7008,1.0000,1,1,0,0,0,25.0396
81.0763,-41.6449,0.0864,98.3556,1.4137,5.0894,1.4137,0.0042,-9.1326,265.3907,-0.1010,0.0107,-0.8025,0.2923,0.0000,0.0000,0.0000,0.3429,1.0000,1,1,0,0,0,25.0503
81.1288,-41.7025,0.0864,98.3506,0.7976,2.8712,0.7975,0.0038,-11.7525,265.3865,-0.0792,0.0107,-0.9511,0.2923,0.0000,0.0000,0.0000,0.1936,1.0000,1,0,0,0,0,5.0754
81.1859,-41.7232,0.0864,98.3487,0.0012,0.0043,0.0002,0.0012,-13.9301,265.3798,-0.1180,0.0107,-0.4760,0.2923,0.0000,0.0000,0.0000,0.0821,1.0000,1,0,0,0,0,5.0066
81.2383,-41.7232,0.0864,98.3486,0.0004,0.0016,-0.0001,0.0004,-0.0147,265.3787,-0.0204,0.0107,0.2454,0.2923,0.0000,0.0000,0.0000,0.1143,1.0000,1,0,0,0,0,5.0011
81.2984,-41.7244,0.0864,98.3484,0.1231,0.4430,0.1230,0.0017,2.0407,265.3714,-0.1219,0.0107,0.4096,0.2923,0.0000,0.0000,0.0000,0.4051,1.0000,1,0,0,0,0,5.0068
81.3583,-41.7440,0.0864,98.3466,0.5759,2.0732,0.5759,0.0028,7.5666,265.3662,-0.0867,0.0107,0.4331,0.2923,0.0000,0.0000,0.0000,0.5591,1.0000,1,0,0,0,0,5.0773
81.4173,-41.7935,0.0864,98.3423,1.0543,3.7955,1.0543,0.0035,8.1029,265.3610,-0.0879,0.0107,0.4331,0.2923,0.0000,0.0000,0.0000,0.6373,1.0000,1,1,0,0,0,25.0548
81.4776,-41.8714,0.0864,98.3357,1.4931,5.3751,1.4931,0.0040,7.2789,265.3548,-0.1033,0.0107,0.4331,0.2923,0.0000,0.0000,0.0000,0.6804,1.0000,1,1,0,0,0,25.0458
81.5409,-41.9743,0.0864,98.3269,1.7746,6.3886,1.7746,0.0042,4.4437,265.3486,-0.0983,0.0107,0.4331,0.2923,0.0000,0.0000,0.0000,0.6987,1.0000,1,1,0,0,0,25.0412
81.5921,-42.0678,0.0864,98.3190,1.8956,6.8241,1.8956,0.0043,2.3631,265.3444,-0.0811,0.0107,0.4331,0.2923,0.0000,0.0000,0.0000,0.7046,1.0000,1,1,0,0,0,25.0384
81.6533,-42.1871,0.0864,98.3090,2.0097,7.2349,2.0097,0.0044,1.8654,265.3382,-0.1018,0.0107,0.4331,0.2923,0.0000,0.0000,0.0000,0.7089,1.0000,1,1,0,0,0,25.0383
81.7105,-42.3031,0.0864,98.2992,2.0646,7.4327,2.0646,0.0044,0.9611,265.3331,-0.0897,0.0107,0.4331,0.2923,0.0000,0.0000,0.0000,0.7106,1.0000,1,1,0,0,0,25.0370
81.7614,-42.4087,0.0864,98.2903,2.0922,7.5318,2.0922,0.0044,0.5405,265.3289,-0.0821,0.0107,0.4331,0.2923,0.0000,0.0000,0.0000,0.7113,1.0000,1,1,0,0,0,25.0361
81.8125,-42.5159,0.0864,98.2812,2.1138,7.6097,2.1138,0.0044,0.4231,265.3237,-0.1009,0.0107,0.4331,0.2923,0.0000,0.0000,0.0000,0.7117,1.0000,1,1,0,0,0,25.0370
81.8721,-42.6418,0.0864,98.2705,2.1264,7.6549,2.1264,0.0044,0.2108,265.3185,-0.0871,0.0107,0.4331,0.2923,0.0000,0.0000,0.0000,0.7119,1.0000,1,1,0,0,0,25.0360
81.9231,-42.7501,0.0864,98.2614,2.1338,7.6815,2.1338,0.0044,0.1452,265.3133,-0.1024,0.0107,0.4331,0.2923,0.0000,0.0000,0.0000,0.7121,1.0000,1,1,0,0,0,25.0369
81.9796,-42.8704,0.0864,98.2512,2.1380,7.6967,2.1380,0.0044,0.0744,265.3082,-0.0912,0.0107,0.4331,0.2923,0.0000,0.0000,0.0000,0.7121,1.0000,1,1,0,0,0,25.0362
82.0338,-42.9858,0.0864,98.2414,2.1404,7.7054,2.1404,0.0044,0.0450,265.3029,-0.0964,0.0107,0.4331,0.2923,0.0000,0.0000,0.0000,0.7121,1.0000,1,1,0,0,0,25.0365
82.0877,-43.1007,0.0864,98.2316,2.1417,7.7103,2.1417,0.0044,0.0249,265.2978,-0.0957,0.0107,0.4331,0.2923,0.0000,0.0000,0.0000,0.7121,1.0000,1,1,0,0,0,25.0365
82.1482,-43.2300,0.0864,98.2206,2.1426,7.7132,2.1426,0.0044,0.0136,265.2926,-0.0852,0.0107,0.4331,0.2923,0.0000,0.0000,0.0000,0.7122,1.0000,1,1,0,0,0,25.0357
82.2090,-43.3598,0.0864,98.2096,2.1430,7.7149,2.1430,0.0044,0.0078,265.2864,-0.1019,0.0107,0.4331,0.2923,0.0000,0.0000,0.0000,0.7122,1.0000,1,1,0,0,0,25.0368
82.2680,-43.4859,0.0864,98.1988,2.1433,7.7159,2.1433,0.0044,0.0047,265.2813,-0.0879,0.0107,0.4331,0.2923,0.0000,0.0000,0.0000,0.7122,1.0000,1,1,0,0,0,25.0359
82.3260,-43.6097,0.0864,98.1883,2.1434,7.7161,2.1434,0.0044,0.0011,265.2761,-0.0895,0.0107,0.4331,0.2923,0.0000,0.0000,0.0000,0.7122,1.0000,1,1,0,0,0,25.0360
82.3770,-43.7186,0.0864,98.1790,2.1435,7.7166,2.1435,0.0044,0.0025,265.2709,-0.1018,0.0107,0.4331,0.2923,0.0000,0.0000,0.0000,0.7122,1.0000,1,1,0,0,0,25.0367
82.4392,-43.8513,0.0864,98.1676,2.1435,7.7165,2.1435,0.0044,-0.0003,265.2657,-0.0830,0.0107,0.4331,0.2923,0.0000,0.0000,0.0000,0.7122,1.0000,1,1,0,0,0,25.0356
82.4964,-43.9726,0.0864,98.1572,1.9944,7.1799,1.9944,0.0044,-2.6069,265.2595,-0.1084,0.0107,-0.2688,0.2923,0.0000,0.0000,0.0000,0.5327,1.0000,1,1,0,0,0,25.0394
82.5501,-44.0643,0.0864,98.1493,1.4075,5.0669,1.4075,0.0042,-10.9190,265.2554,-0.0772,0.0107,-0.8397,0.2923,0.0000,0.0000,0.0000,0.3007,1.0000,1,1,0,0,0,25.0494
82.6011,-44.1122,0.0864,98.1451,0.5810,2.0917,0.5810,0.0035,-16.2230,265.2502,-0.1018,0.0107,-0.9667,0.2923,0.0000,0.0000,0.0000,0.1472,1.0000,1,0,0,0,0,5.0964
82.6607,-44.1249,0.0864,98.1438,0.0004,0.0016,-0.0001,0.0004,-9.7303,265.2455,-0.0788,0.0107,-0.9902,0.2923,0.0000,0.0000,0.0000,0.0720,1.0000,1,0,0,0,0,5.0044
82.7200,-44.1249,0.0864,98.1438,0.0001,0.0002,0.0000,0.0001,-0.0064,265.2448,-0.0124,0.0107,-0.9902,0.2923,0.0000,0.0000,0.0000,0.0305,1.0000,1,0,0,0,0,5.0007
82.7800,-44.1249,0.0864,98.1438,0.0001,0.0004,0.0000,0.0001,0.0007,265.2448,0.0000,0.0107,-0.5953,0.2923,0.0000,0.0000,0.0000,0.0149,1.0000,1,0,0,0,0,5.0000
82.8305,-44.1249,0.0864,98.1438,0.0001,0.0003,0.0000,0.0001,-0.0003,265.2451,0.0060,0.0107,-0.9257,0.2923,0.0000,0.0000,0.0000,0.0073,1.0000,1,0,0,0,0,5.0003
82.8808,-44.1249,0.0864,98.1438,0.0001,0.0003,0.0000,0.0001,-0.0001,265.2453,0.0048,0.0107,-0.9804,0.2923,0.0000,0.0000,0.0000,0.0041,1.0000,1,0,0,0,0,5.0003
82.9411,-44.1249,0.0864,98.1438,0.0001,0.0003,0.0000,0.0001,-0.0001,265.2457,0.0061,0.0107,-0.9902,0.2923,0.0000,0.0000,0.0000,0.0018,1.0000,1,0,0,0,0,5.0003
82.9980,-44.1249,0.0864,98.1438,0.0001,0.0003,0.0000,0.0001,0.0000,265.2460,0.0054,0.0107,-0.9902,0.2923,0.0000,0.0000,0.0000,0.0009,1.0000,1,0,0,0,0,5.0003
83.0487,-44.1249,0.0864,98.1438,0.0001,0.0003,0.0000,0.0001,0.0000,265.2462,0.0048,0.0107,-0.9902,0.2923,0.0000,0.0000,0.0000,0.0005,1.0000,1,0,0,0,0,5.0003
83.1002,-44.1249,0.0864,98.1438,0.0001,0.0003,0.0000,0.0001,0.0000,265.2465,0.0059,0.0107,-0.9902,0.2923,0.0000,0.0000,0.0000,0.0002,1.0000,1,0,0,0,0,5.0003
83.1604,-44.1249,0.0864,98.1438,0.0001,0.0003,0.0000,0.0001,0.0000,265.2469,0.0056,0.0107,-0.9902,0.2923,0.0000,0.0000,0.0000,0.0001,1.0000,1,0,0,0,0,5.0003
83.2113,-44.1249,0.0864,98.1438,0.0001,0.0003,0.0000,0.0001,0.0000,265.2472,0.0066,0.0107,-0.9902,0.2923,0.0000,0.0000,0.0000,0.0001,1.0000,1,0,0,0,0,5.0004
83.2721,-44.1249,0.0864,98.1438,0.0001,0.0003,0.0000,0.0001,0.0000,265.2475,0.0050,0.0107,-0.9902,0.2923,0.0000,0.0000,0.0000,0.0000,1.0000,1,0,0,0,0,5.0003
83.3225,-44.1249,0.0864,98.1438,0.0001,0.0003,0.0000,0.0001,0.0000,265.2478,0.0061,0.0107,-0.9902,0.2923,0.0000,0.0000,0.0000,0.0000,1.0000,1,0,0,0,0,5.0003
83.3802,-44.1249,0.0864,98.1438,0.0001,0.0003,0.0000,0.0001,0.0000,265.2482,0.0064,0.0107,-0.9902,0.2923,0.0000,0.0000,0.0000,0.0000,1.0000,1,0,0,0,0,5.0004
83.4319,-44.1249,0.0864,98.1438,0.0001,0.0003,0.0000,0.0001,0.0000,265.2486,0.0077,0.0107,-0.9902,0.2923,0.0000,0.0000,0.0000,0.0000,1.0000,1,0,0,0,0,5.0004
83.4914,-44.1249,0.0864,98.1438,0.0001,0.0003,0.0000,0.0001,0.0000,265.2490,0.0067,0.0107,-0.9902,0.2923,0.0000,0.0000,0.0000,0.0000,1.0000,1,0,0,0,0,5.0004
83.5492,-44.1249,0.0864,98.1438,0.0001,0.0003,0.0000,0.0001,0.0000,265.2493,0.0053,0.0107,-0.9902,0.2923,0.0000,0.0000,0.0000,0.0000,1.0000,1,0,0,0,0,5.0003
83.6051,-44.1249,0.0864,98.1438,0.0001,0.0003,0.0000,0.0001,0.0000,265.2496,0.0055,0.0107,-0.9902,0.2923,0.0000,0.0000,0.0000,0.0000,1.0000,1,0,0,0,0,5.0003
83.6628,-44.1249,0.0864,98.1438,0.0001,0.0003,0.0000,0.0001,0.0000,265.2499,0.0063,0.0107,-0.9902,0.2923,0.0000,0.0000,0.0000,0.0000,1.0000,1,0,0,0,0,5.0004
83.7165,-44.1249,0.0864,98.1438,0.0001,0.0003,0.0000,0.0001,0.0000,265.2502,0.0057,0.0107,-0.9902,0.2923,0.0000,0.0000,0.0000,0.0000,1.0000,1,0,0,0,0,5.0003
83.7731,-44.1249,0.0864,98.1438,0.0001,0.0003,0.0000,0.0001,0.0000,265.2506,0.0059,0.0107,-0.9902,0.2923,0.0000,0.0000,0.0000,0.0000,1.0000,1,0,0,0,0,5.0003
83.8238,-44.1249,0.0864,98.1438,0.0001,0.0003,0.0000,0.0001,0.0000,265.2509,0.0054,0.0107,-0.9902,0.2923,0.0000,0.0000,0.0000,0.0000,1.0000,1,0,0,0,0,5.0003
83.8740,-44.1249,0.0864,98.1438,0.0001,0.0003,0.0000,0.0001,0.0000,265.2511,0.0055,0.0107,-0.9902,0.2923,0.0000,0.0000,0.0000,0.0000,1.0000,1,0,0,0,0,5.0003
83.9253,-44.1249,0.0864,98.1438,0.0001,0.0003,0.0000,0.0001,0.0000,265.2514,0.0048,0.0107,-0.9902,0.2923,0.0000,0.0000,0.0000,0.0000,1.0000,1,0,0,0,0,5.0003
83.9847,-44.1249,0.0864,98.1438,0.0001,0.0003,0.0000,0.0001,0.0000,265.2518,0.0067,0.0107,-0.9902,0.2923,0.0000,0.0000,0.0000,0.0000,1.0000,1,0,0,0,0,5.0004
84.0351,-44.1249,0.0864,98.1438,0.0001,0.0003,0.0000,0.0001,0.0000,265.2520,0.0048,0.0107,-0.2962,0.2923,0.0000,0.0000,0.0000,0.0000,1.0000,1,0,0,0,0,5.0003
84.0865,-44.1249,0.0864,98.1438,0.0006,0.0021,-0.0001,0.0006,0.0101,265.2512,-0.0154,0.0107,0.3158,0.2923,0.0000,0.0000,0.0000,0.1495,1.0000,1,0,0,0,0,5.0009
84.1389,-44.1258,0.0864,98.1436,0.1100,0.3959,0.1100,0.0017,2.0867,265.2446,-0.1258,0.0107,0.4155,0.2923,0.0000,0.0000,0.0000,0.3984,1.0000,1,0,0,0,0,5.0070
84.1906,-44.1396,0.0864,98.1422,0.4593,1.6536,0.4593,0.0025,6.7640,265.2405,-0.0804,0.0107,0.4331,0.2923,0.0000,0.0000,0.0000,0.5321,1.0000,1,0,0,0,0,5.0045
84.2466,-44.1806,0.0864,98.1386,0.9510,3.4238,0.9510,0.0034,8.7794,265.2353,-0.0926,0.0107,0.4331,0.2923,0.0000,0.0000,0.0000,0.6241,1.0000,1,0,0,0,0,5.0583
84.2994,-44.2425,0.0864,98.1331,1.3555,4.8799,1.3555,0.0038,7.6579,265.2301,-0.0982,0.0107,0.4331,0.2923,0.0000,0.0000,0.0000,0.6691,1.0000,1,1,0,0,0,25.0481
84.3520,-44.3213,0.0864,98.1263,1.6444,5.9197,1.6443,0.0041,5.4945,265.2249,-0.0987,0.0107,0.4331,0.2923,0.0000,0.0000,0.0000,0.6911,1.0000,1,1,0,0,0,25.0430
84.4069,-44.4165,0.0864,98.1180,1.8362,6.6105,1.8362,0.0043,3.4898,265.2197,-0.0944,0.0107,0.4331,0.2923,0.0000,0.0000,0.0000,0.7018,1.0000,1,1,0,0,0,25.0401
84.4713,-44.5386,0.0864,98.1074,1.9770,7.1171,1.9770,0.0044,2.1857,265.2135,-0.0967,0.0107,0.4350,0.2923,0.0000,0.0000,0.0000,0.7086,1.0000,1,1,0,0,0,25.0385
84.5292,-44.6545,0.0864,98.0974,2.0487,7.3752,2.0487,0.0044,1.2388,265.2083,-0.0902,0.0107,0.4350,0.2923,0.0000,0.0000,0.0000,0.7121,1.0000,1,1,0,0,0,25.0372
84.5903,-44.7806,0.0864,98.0865,2.0935,7.5368,2.0935,0.0044,0.7352,265.2031,-0.0845,0.0107,0.4350,0.2923,0.0000,0.0000,0.0000,0.7139,1.0000,1,1,0,0,0,25.0362
84.6420,-44.8893,0.0864,98.0770,2.1209,7.6354,2.1209,0.0044,0.5295,265.1980,-0.0997,0.0107,0.4350,0.2923,0.0000,0.0000,0.0000,0.7147,1.0000,1,1,0,0,0,25.0368
84.7041,-45.0211,0.0864,98.0656,2.1397,7.7029,2.1397,0.0045,0.3018,265.1917,-0.1002,0.0107,0.4350,0.2923,0.0000,0.0000,0.0000,0.7152,1.0000,1,1,0,0,0,25.0368
84.7606,-45.1418,0.0864,98.0551,2.1485,7.7344,2.1484,0.0045,0.1549,265.1866,-0.0913,0.0107,0.4350,0.2923,0.0000,0.0000,0.0000,0.7154,1.0000,1,1,0,0,0,25.0362
84.8220,-45.2734,0.0864,98.0437,2.1535,7.7527,2.1535,0.0044,0.0826,265.1814,-0.0845,0.0107,0.4350,0.2923,0.0000,0.0000,0.0000,0.7154,1.0000,1,1,0,0,0,25.0356
84.8794,-45.3966,0.0864,98.0329,2.1565,7.7634,2.1565,0.0044,0.0519,265.1761,-0.0915,0.0107,0.4350,0.2923,0.0000,0.0000,0.0000,0.7155,1.0000,1,1,0,0,0,25.0359
84.9414,-45.5298,0.0864,98.0213,2.1584,7.7703,2.1584,0.0044,0.0308,265.1699,-0.1004,0.0107,0.4350,0.2923,0.0000,0.0000,0.0000,0.7155,1.0000,1,1,0,0,0,25.0365
84.9932,-45.6404,0.0864,98.0117,2.0135,7.2486,2.0135,0.0044,-2.8011,265.1647,-0.1009,0.0107,-0.0791,0.2923,0.0000,0.0000,0.0000,0.5376,1.0000,1,1,0,0,0,25.0387
85.0534,-45.7418,0.0864,98.0027,1.2561,4.5220,1.2561,0.0042,-12.5770,265.1595,-0.0867,0.0107,-0.2395,0.2923,0.0000,0.0000,0.0000,0.2631,1.0000,1,1,0,0,0,25.0546
85.1124,-45.7901,0.0864,97.9984,0.4432,1.5954,0.4432,0.0033,-13.7702,265.1542,-0.0889,0.0107,-0.3196,0.2923,0.0000,0.0000,0.0000,0.1287,1.0000,1,0,0,0,0,5.0049
85.1640,-45.7967,0.0864,97.9976,0.0008,0.0027,-0.0002,0.0007,-8.5707,265.1494,-0.0940,0.0107,0.3079,0.2923,0.0000,0.0000,0.0000,0.1814,1.0000,1,0,0,0,0,5.0052
85.2233,-45.7968,0.0864,97.9975,0.0013,0.0048,0.0002,0.0013,0.0100,265.1394,-0.1684,0.0107,0.0127,0.1124,0.0000,0.0000,0.0000,0.2388,1.0000,1,0,0,0,0,5.0094
85.2821,-45.7968,0.0864,97.9974,0.0004,0.0014,-0.0001,0.0004,-0.0163,265.1359,-0.0597,0.0107,-0.8592,-0.2239,0.0000,0.0000,0.0000,0.1013,0.4023,1,0,0,0,0,2.0147
85.3328,-45.7968,0.0864,97.9973,0.0002,0.0007,0.0000,0.0002,-0.0040,265.1350,-0.0168,0.0107,-0.9707,-0.4917,0.0000,0.0000,0.0000,0.0572,0.1942,1,0,0,0,0,0.9717
85.3927,-45.7968,0.0864,97.9973,0.0000,0.0001,0.0000,0.0000,-0.0025,265.1346,-0.0071,0.0107,-0.9883,-0.8456,0.0000,0.0000,0.0000,0.0243,0.0651,1,0,0,0,0,0.3259
85.4539,-45.7968,0.0864,97.9973,0.0001,0.0004,0.0000,0.0001,0.0011,265.1349,0.0040,0.0107,-0.9902,-0.9570,0.0000,0.0000,0.0000,0.0119,0.0262,1,0,0,0,0,0.1312
85.5047,-45.7968,0.0864,97.9973,0.0000,0.0001,0.0000,0.0000,-0.0014,265.1352,0.0060,0.0107,0.0636,-0.9844,0.0000,0.0000,0.0000,0.0245,0.0105,1,0,0,0,0,0.0530
85.5639,-45.7968,0.0864,97.9972,0.0160,0.0575,0.0159,0.0014,0.2695,265.1301,-0.0856,0.0107,0.3959,-0.9902,0.0000,0.0000,0.0000,0.3114,0.0042,1,0,0,0,0,0.0259
85.6221,-45.8083,0.0864,97.9961,0.4429,1.5944,0.4429,0.0028,7.3300,265.1249,-0.0896,0.0107,0.4311,-0.9902,0.0000,0.0000,0.0000,0.5070,0.0017,1,0,0,0,0,0.0135
85.6774,-45.8555,0.0864,97.9917,1.2506,4.5022,1.2506,0.0045,14.6045,265.1197,-0.0933,0.0107,0.4311,-0.9902,0.0000,0.0000,0.0000,0.6100,0.0007,1,0,0,0,0,0.0621
85.7380,-45.9655,0.0864,97.9819,2.4612,8.8603,2.4612,0.0061,19.9789,265.1135,-0.1022,0.0107,0.4311,-0.9531,0.0000,0.0000,0.0000,0.6669,0.0002,1,0,0,0,0,0.0439
85.7943,-46.1302,0.0864,97.9674,3.5641,12.8306,3.5641,0.0070,19.6009,265.1083,-0.0922,0.0107,0.4311,-0.7889,0.0000,0.0000,0.0000,0.6883,0.0001,1,0,0,0,0,0.0352
85.8445,-46.3312,0.0864,97.9498,4.4760,16.1137,4.4760,0.0076,18.1498,265.1042,-0.0826,0.0107,0.4311,-0.7439,0.0000,0.0000,0.0000,0.6972,0.0000,1,0,0,0,0,0.0302
85.8947,-46.5842,0.0864,97.9276,5.6349,20.2856,5.6349,0.0081,23.0701,265.0990,-0.1033,0.0107,0.4311,-0.7224,0.0000,0.0000,0.0000,0.7031,0.0000,1,0,0,0,0,0.0274
85.9567,-46.9687,0.0864,97.8940,6.8048,24.4972,6.8048,0.0084,18.8889,265.0938,-0.0843,0.0107,0.4311,-0.7224,0.0000,0.0000,0.0000,0.7060,0.0000,1,0,0,0,0,0.0231
86.0134,-47.3860,0.0864,97.8576,7.7165,27.7794,7.7165,0.0085,16.0619,265.0886,-0.0909,0.0107,0.0518,-0.8808,0.0000,0.0000,0.0000,0.5167,0.0000,1,0,0,0,0,0.0217
86.0671,-47.8108,0.0864,97.8206,8.1135,29.2085,8.1135,0.0087,7.3990,265.0835,-0.0961,0.0107,0.3373,-0.9511,0.0000,0.0000,0.0000,0.4388,0.0000,1,0,0,0,0,0.0214
86.1251,-48.2986,0.0864,97.7780,8.8889,31.9999,8.8889,0.0089,13.3746,265.0773,-0.1069,0.0107,0.4233,-0.9727,0.0000,0.0000,0.0000,0.5686,0.0000,1,0,0,0,0,0.0209
86.1827,-48.8308,0.0864,97.7315,9.8102,35.3167,9.8102,0.0089,15.9821,265.0721,-0.0895,0.0107,0.4331,-0.9785,0.0000,0.0000,0.0000,0.6408,0.0000,1,0,0,0,0,0.0185
86.2426,-49.4459,0.0864,97.6779,10.8683,39.1260,10.8683,0.0088,17.6788,265.0669,-0.0872,0.0107,0.4331,-0.9824,0.0000,0.0000,0.0000,0.6772,0.0000,1,0,0,0,0,0.0170
86.3022,-50.1284,0.0864,97.6183,11.9936,43.1769,11.9936,0.0087,18.8678,265.0617,-0.0870,0.0107,0.4331,-0.9883,0.0000,0.0000,0.0000,0.6951,0.0000,1,0,0,0,0,0.0157
86.3608,-50.8712,0.0864,97.5535,13.3856,48.1882,13.3856,0.0088,23.7452,265.0556,-0.1046,0.0107,0.4331,-0.9941,0.0000,0.0000,0.0000,0.7049,0.0000,1,0,0,0,0,0.0156
86.4135,-51.5990,0.0864,97.4900,14.5620,52.4230,14.5620,0.0087,22.3487,265.0504,-0.0980,0.0107,0.4331,-1.0000,0.0000,0.0000,0.0000,0.7086,0.0000,1,0,0,0,0,0.0144
86.4688,-52.4279,0.0864,97.4177,15.5081,55.8293,15.5081,0.0084,17.0964,265.0463,-0.0739,0.0107,0.4331,-1.0000,0.0000,0.0000,0.0000,0.7102,0.0000,1,0,0,0,0,0.0122
86.5226,-53.2960,0.0864,97.3418,16.6942,60.0990,16.6942,0.0083,22.0503,265.0413,-0.0942,0.0107,0.4331,-1.0000,0.0000,0.0000,0.0000,0.7112,0.0000,1,0,0,0,0,0.0127
86.5799,-54.2881,0.0864,97.2552,17.8820,64.3753,17.8820,0.0081,20.7346,265.0361,-0.0895,0.0107,0.4331,-1.0000,0.0000,0.0000,0.0000,0.7117,0.0000,1,0,0,0,0,0.0118
86.6302,-55.2175,0.0864,97.1739,19.0708,68.6550,19.0708,0.0081,23.6303,265.0309,-0.1031,0.0107,0.4331,-1.0000,0.0000,0.0000,0.0000,0.7119,0.0000,1,0,0,0,0,0.0121
86.6846,-56.2822,0.0864,97.0808,20.2601,72.9362,20.2601,0.0080,21.8743,265.0259,-0.0926,0.0107,0.4331,-1.0000,0.0000,0.0000,0.0000,0.7120,0.0000,1,0,0,0,0,0.0111
86.7452,-57.5447,0.0864,96.9706,21.4496,77.2184,21.4496,0.0023,19.6090,265.0290,0.0508,0.0107,0.4331,-1.0000,0.0000,0.0000,0.0000,0.7121,0.0000,1,0,0,0,0,0.0045
86.7965,-58.6745,0.0864,96.8724,22.6392,81.5011,22.6392,0.0016,23.1790,265.0296,0.0119,0.0107,0.4331,-1.0000,0.0000,0.0000,0.0000,0.7121,0.0000,1,0,0,0,0,0.0017
86.8468,-59.8343,0.0864,96.7716,23.8288,85.7837,23.8288,0.0024,23.6793,265.0304,0.0158,0.0107,0.4331,-0.9980,0.0000,0.0000,0.0000,0.7121,0.0000,1,0,0,0,0,0.0024
86.9027,-61.1898,0.0864,96.6534,25.0184,90.0663,25.0184,0.0044,21.2630,265.0252,-0.0927,0.0107,0.4331,-0.8495,0.0000,0.0000,0.0000,0.7122,0.0000,1,0,0,0,0,0.0078
86.9618,-62.6926,0.0864,96.5222,26.2082,94.3493,26.2082,0.0054,20.1555,265.0201,-0.0858,0.0107,0.4331,-0.4311,0.0000,0.0000,0.0000,0.7122,0.0000,1,0,0,0,0,0.0079
87.0164,-64.1484,0.0864,96.3949,27.3978,98.6319,27.3978,0.0060,21.7894,265.0150,-0.0945,0.0107,0.4331,-0.0284,0.0000,0.0000,0.0000,0.7122,0.0000,1,0,0,0,0,0.0085
87.0726,-65.5937,0.0864,96.2684,22.8572,82.2858,22.8572,0.0055,-80.7633,265.0098,-0.0923,0.0107,0.4331,0.2610,0.0000,0.0000,0.0000,0.7122,0.5977,1,0,0,0,0,2.9973
87.1243,-66.6073,0.0864,96.1795,15.7111,56.5598,15.7111,0.0050,-138.1700,265.0046,-0.0997,0.0107,0.4331,0.2883,0.0000,0.0000,0.0000,0.7122,0.8382,1,1,0,0,0,24.2012
87.1748,-67.2879,0.0864,96.1197,11.1536,40.1530,11.1536,0.0048,-90.1669,265.0005,-0.0809,0.0107,0.4331,0.2923,0.0000,0.0000,0.0000,0.7122,0.9219,1,1,0,0,0,24.6204
87.2259,-67.7544,0.0864,96.0786,7.3375,26.4149,7.3375,0.0049,-74.7217,264.9954,-0.1004,0.0107,0.4331,0.2923,0.0000,0.0000,0.0000,0.7122,0.9686,1,1,0,0,0,24.8585
87.2795,-68.0900,0.0864,96.0488,5.0789,18.2840,5.0789,0.0049,-42.1528,264.9902,-0.0968,0.0107,0.4331,0.2923,0.0000,0.0000,0.0000,0.7122,0.9874,1,1,0,0,0,24.9566
87.3385,-68.3519,0.0864,96.0255,3.7881,13.6371,3.7881,0.0048,-21.8786,264.9851,-0.0874,0.0107,0.4331,0.2923,0.0000,0.0000,0.0000,0.7122,0.9949,1,1,0,0,0,24.9985
87.3987,-68.5551,0.0864,96.0073,3.0613,11.0205,3.0613,0.0047,-12.0667,264.9799,-0.0851,0.0107,0.4331,0.2923,0.0000,0.0000,0.0000,0.7122,0.9980,1,1,0,0,0,25.0176
87.4560,-68.7156,0.0864,95.9928,2.6547,9.5568,2.6546,0.0046,-7.0947,264.9748,-0.0900,0.0107,0.4331,0.2923,0.0000,0.0000,0.0000,0.7122,0.9992,1,1,0,0,0,25.0270
87.5086,-68.8474,0.0864,95.9809,2.4279,8.7404,2.4279,0.0046,-4.3138,264.9696,-0.0987,0.0107,0.4331,0.2923,0.0000,0.0000,0.0000,0.7122,0.9997,1,1,0,0,0,25.0320
87.5684,-68.9875,0.0864,95.9683,2.2841,8.2228,2.2841,0.0045,-2.4027,264.9634,-0.1040,0.0107,0.4331,0.2923,0.0000,0.0000,0.0000,0.7122,0.9999,1,1,0,0,0,25.0349
87.6197,-69.1027,0.0864,95.9578,2.2314,8.0330,2.2314,0.0045,-1.0283,264.9592,-0.0821,0.0107,0.4331,0.2923,0.0000,0.0000,0.0000,0.7122,0.9999,1,1,0,0,0,25.0344
87.6774,-69.2295,0.0864,95.9463,2.1924,7.8926,2.1924,0.0044,-0.6766,264.9540,-0.0900,0.0107,0.4331,0.2923,0.0000,0.0000,0.0000,0.7122,1.0000,1,1,0,0,0,25.0353
87.7286,-69.3403,0.0864,95.9362,2.1486,7.7351,2.1486,0.0044,-0.8545,264.9488,-0.1019,0.0107,0.3979,0.2923,0.0000,0.0000,0.0000,0.6931,1.0000,1,1,0,0,0,25.0367
87.7882,-69.4648,0.0864,95.9248,2.0354,7.3274,2.0354,0.0044,-1.8977,264.9436,-0.0869,0.0107,0.3451,0.2923,0.0000,0.0000,0.0000,0.6425,1.0000,1,1,0,0,0,25.0373
87.8491,-69.5807,0.0864,95.9142,1.7808,6.4108,1.7808,0.0043,-4.1841,264.9374,-0.1013,0.0107,0.2942,0.2923,0.0000,0.0000,0.0000,0.5602,1.0000,1,1,0,0,0,25.0422
87.8992,-69.6639,0.0864,95.9066,1.5589,5.6119,1.5588,0.0042,-4.4316,264.9333,-0.0810,0.0107,0.2532,0.2923,0.0000,0.0000,0.0000,0.5010,1.0000,1,1,0,0,0,25.0453
87.9554,-69.7413,0.0864,95.8994,1.2507,4.5026,1.2507,0.0041,-5.4831,264.9281,-0.0929,0.0107,0.2258,0.2923,0.0000,0.0000,0.0000,0.4339,1.0000,1,1,0,0,0,25.0538
88.0073,-69.7970,0.0864,95.8941,0.9437,3.3975,0.9437,0.0038,-5.9153,264.9229,-0.1000,0.0107,0.1984,0.2923,0.0000,0.0000,0.0000,0.3762,1.0000,1,0,0,0,0,5.0659
88.0582,-69.8379,0.0864,95.8903,0.6596,2.3745,0.6596,0.0034,-5.5807,264.9177,-0.1025,0.0107,0.1789,0.2923,0.0000,0.0000,0.0000,0.3288,1.0000,1,0,0,0,0,5.0837
88.1092,-69.8662,0.0864,95.8875,0.4560,1.6416,0.4560,0.0030,-3.9889,264.9135,-0.0825,0.0107,0.1633,0.2923,0.0000,0.0000,0.0000,0.2964,1.0000,1,0,0,0,0,5.0046
88.1603,-69.8835,0.0864,95.8858,0.2374,0.8547,0.2374,0.0024,-4.2807,264.9083,-0.1028,0.0107,0.1574,0.2923,0.0000,0.0000,0.0000,0.2671,1.0000,1,0,0,0,0,5.0057
88.2206,-69.8923,0.0864,95.8848,0.0716,0.2576,0.0715,0.0016,-2.7474,264.9030,-0.0869,0.0107,0.1574,0.2923,0.0000,0.0000,0.0000,0.2517,1.0000,1,0,0,0,0,5.0048
88.2816,-69.8932,0.0864,95.8845,0.0014,0.0050,0.0003,0.0014,-1.1512,264.8932,-0.1617,0.0107,0.1574,0.2923,0.0000,0.0000,0.0000,0.2431,1.0000,1,0,0,0,0,5.0090
88.3393,-69.8932,0.0864,95.8844,0.0007,0.0027,-0.0002,0.0007,-0.0110,264.8862,-0.1207,0.0107,-0.2649,0.2942,0.0000,0.0000,0.0000,0.1790,1.0000,1,0,0,0,0,5.0067
88.3919,-69.8932,0.0864,95.8843,0.0003,0.0012,-0.0001,0.0003,-0.0080,264.8843,-0.0365,0.0107,-0.8709,0.2942,0.0000,0.0000,0.0000,0.0876,1.0000,1,0,0,0,0,5.0020
88.4516,-69.8932,0.0864,95.8843,0.0001,0.0004,0.0000,0.0001,-0.0034,264.8834,-0.0154,0.0107,-0.9765,0.2942,0.0000,0.0000,0.0000,0.0429,1.0000,1,0,0,0,0,5.0009
88.5121,-69.8932,0.0864,95.8843,0.0002,0.0007,0.0000,0.0002,0.0015,264.8828,-0.0091,0.0107,0.1242,0.2942,0.0000,0.0000,0.0000,0.0628,1.0000,1,0,0,0,0,5.0005
88.5728,-69.8933,0.0864,95.8842,0.0162,0.0584,0.0162,0.0014,0.2638,264.8774,-0.0889,0.0107,0.3842,0.2942,0.0000,0.0000,0.0000,0.3118,1.0000,1,0,0,0,0,5.0049
88.6315,-69.9041,0.0864,95.8830,0.3831,1.3790,0.3831,0.0024,6.2469,264.8722,-0.0889,0.0107,0.4643,0.2942,0.0000,0.0000,0.0000,0.5207,1.0000,1,0,0,0,0,5.0049
88.6918,-69.9480,0.0864,95.8788,1.0835,3.9005,1.0835,0.0035,11.6225,264.8660,-0.1033,0.0107,0.5034,0.2942,0.0000,0.0000,0.0000,0.6908,1.0000,1,1,0,0,0,25.0539
88.7539,-70.0329,0.0864,95.8708,1.6444,5.9200,1.6444,0.0040,9.0336,264.8608,-0.0835,0.0107,0.5406,0.2942,0.0000,0.0000,0.0000,0.7838,1.0000,1,1,0,0,0,25.0410
88.8119,-70.1393,0.0864,95.8611,1.9543,7.0353,1.9543,0.0011,5.3393,264.8543,-0.1120,0.0107,0.4937,0.2942,0.0000,0.0000,0.0000,0.7303,1.0000,1,1,0,0,0,25.0145
88.8720,-70.2634,0.0864,95.8501,2.2454,8.0836,2.2454,0.0039,4.8477,264.8484,-0.0975,0.0107,0.6031,0.2942,0.0000,0.0000,0.0000,0.8484,1.0000,1,1,0,0,0,25.0317
88.9329,-70.4121,0.0864,95.8371,2.6235,9.4445,2.6235,0.0047,6.2046,264.8426,-0.0962,0.0107,0.6461,0.2942,0.0000,0.0000,0.0000,0.9258,1.0000,1,1,0,0,0,25.0324
88.9833,-70.5531,0.0864,95.8247,2.9441,10.5987,2.9441,0.0050,6.3642,264.8367,-0.1163,0.0107,0.6735,0.2942,0.0000,0.0000,0.0000,0.9637,1.0000,1,1,0,0,0,25.0320
89.0426,-70.7347,0.0864,95.8086,3.1762,11.4345,3.1762,0.0052,3.9148,264.8308,-0.0993,0.0107,0.6970,0.2942,0.0000,0.0000,0.0000,0.9822,1.0000,1,1,0,0,0,25.0299
89.1016,-70.9272,0.0864,95.7916,3.3553,12.0792,3.3553,0.0052,3.0354,264.8238,-0.1195,0.0107,0.7146,0.2942,0.0000,0.0000,0.0000,0.9925,1.0000,1,1,0,0,0,25.0300
89.1534,-71.1024,0.0864,95.7761,3.4309,12.3514,3.4309,0.0053,1.4594,264.8191,-0.0901,0.0107,0.7263,0.2942,0.0000,0.0000,0.0000,0.9957,1.0000,1,1,0,0,0,25.0282
89.2133,-71.3093,0.0864,95.7577,3.5014,12.6051,3.5014,0.0053,1.1774,264.8120,-0.1183,0.0107,0.7263,0.2942,0.0000,0.0000,0.0000,0.9982,1.0000,1,1,0,0,0,25.0292
89.2724,-71.5167,0.0864,95.7392,3.5350,12.7261,3.5350,0.0053,0.5682,264.8062,-0.0985,0.0107,0.7263,0.2942,0.0000,0.0000,0.0000,0.9991,1.0000,1,1,0,0,0,25.0281
89.3326,-71.7294,0.0864,95.7203,3.5550,12.7981,3.5550,0.0054,0.3322,264.8003,-0.0978,0.0107,0.7263,0.2942,0.0000,0.0000,0.0000,0.9996,1.0000,1,1,0,0,0,25.0281
89.3901,-71.9332,0.0864,95.7018,3.5684,12.8464,3.5684,0.0020,0.2332,264.7941,-0.1084,0.0107,0.6970,0.2942,0.0000,0.0000,0.0000,0.9998,1.0000,1,1,0,0,0,25.0146
89.4433,-72.1226,0.0864,95.6843,3.5736,12.8650,3.5736,0.0038,0.0971,264.7899,-0.0779,0.0107,0.6422,0.2942,0.0000,0.0000,0.0000,0.9999,1.0000,1,1,0,0,0,25.0201
89.5024,-72.3328,0.0864,95.6648,3.5750,12.8700,3.5750,0.0045,0.0235,264.7837,-0.1054,0.0107,0.5875,0.2942,0.0000,0.0000,0.0000,0.9958,1.0000,1,1,0,0,0,25.0249
89.5624,-72.5453,0.0864,95.6450,3.5203,12.6732,3.5203,0.0047,-0.9101,264.7786,-0.0849,0.0107,0.5386,0.2942,0.0000,0.0000,0.0000,0.9579,1.0000,1,1,0,0,0,25.0246
89.6224,-72.7508,0.0864,95.6259,3.3277,11.9797,3.3277,0.0047,-3.2113,264.7724,-0.1033,0.0107,0.4839,0.2942,0.0000,0.0000,0.0000,0.8830,1.0000,1,1,0,0,0,25.0270
89.6725,-72.9122,0.0864,95.6108,3.1255,11.2519,3.1255,0.0047,-4.0360,264.7682,-0.0829,0.0107,0.4350,0.2942,0.0000,0.0000,0.0000,0.8193,1.0000,1,1,0,0,0,25.0271
89.7323,-73.0882,0.0864,95.5943,2.8172,10.1421,2.8172,0.0046,-5.1577,264.7631,-0.0868,0.0107,0.3979,0.2942,0.0000,0.0000,0.0000,0.7437,1.0000,1,1,0,0,0,25.0294
89.7922,-73.2435,0.0864,95.5797,2.4173,8.7023,2.4173,0.0046,-6.6779,264.7569,-0.1034,0.0107,0.3588,0.2942,0.0000,0.0000,0.0000,0.6609,1.0000,1,1,0,0,0,25.0341
89.8535,-73.3810,0.0864,95.5667,2.1094,7.5939,2.1094,0.0045,-5.0166,264.7518,-0.0830,0.0107,0.3373,0.2942,0.0000,0.0000,0.0000,0.6117,1.0000,1,1,0,0,0,25.0364
89.9110,-73.4921,0.0864,95.5561,1.7815,6.4135,1.7815,0.0044,-5.7048,264.7455,-0.1083,0.0107,0.3079,0.2942,0.0000,0.0000,0.0000,0.5563,1.0000,1,1,0,0,0,25.0428
89.9735,-73.5954,0.0864,95.5463,1.5294,5.5057,1.5293,0.0042,-4.0322,264.7404,-0.0830,0.0107,0.2825,0.2942,0.0000,0.0000,0.0000,0.5099,1.0000,1,1,0,0,0,25.0460
90.0294,-73.6732,0.0864,95.5388,1.2972,4.6699,1.2972,0.0041,-4.1574,264.7352,-0.0929,0.0107,0.2708,0.2942,0.0000,0.0000,0.0000,0.4729,1.0000,1,1,0,0,0,25.0522
90.0830,-73.7343,0.0864,95.5329,0.9474,3.4106,0.9474,0.0038,-6.5307,264.7300,-0.0969,0.0107,-0.6618,0.2942,0.0000,0.0000,0.0000,0.3014,1.0000,1,0,0,0,0,5.0661
90.1435,-73.7707,0.0864,95.5292,0.2040,0.7345,0.2040,0.0025,-12.2713,264.7238,-0.1028,0.0107,-0.9492,0.2942,0.0000,0.0000,0.0000,0.1279,1.0000,1,0,0,0,0,5.0057
90.2004,-73.7738,0.0864,95.5288,0.0002,0.0007,-0.0001,0.0002,-3.5862,264.7204,-0.0585,0.0107,-0.9863,0.2942,0.0000,0.0000,0.0000,0.0626,1.0000,1,0,0,0,0,5.0033
90.2511,-73.7738,0.0864,95.5288,0.0001,0.0003,0.0000,0.0001,-0.0024,264.7200,-0.0084,0.0107,-0.9902,0.2962,0.0000,0.0000,0.0000,0.0353,1.0000,1,0,0,0,0,5.0005
90.3127,-73.7738,0.0864,95.5288,0.0001,0.0004,0.0000,0.0001,0.0002,264.7200,0.0005,0.0107,-0.2512,0.2962,0.0000,0.0000,0.0000,0.0150,1.0000,1,0,0,0,0,5.0000
90.3736,-73.7738,0.0864,95.5288,0.0004,0.0014,-0.0001,0.0004,0.0048,264.7195,-0.0095,0.0107,0.1965,0.2962,0.0000,0.0000,0.0000,0.1035,1.0000,1,0,0,0,0,5.0005
90.4334,-73.7738,0.0864,95.5287,0.0016,0.0059,0.0004,0.0016,0.0210,264.7122,-0.1215,0.0107,0.2571,0.2962,0.0000,0.0000,0.0000,0.2689,1.0000,1,0,0,0,0,5.0067
90.4924,-73.7755,0.0864,95.5283,0.0871,0.3137,0.0871,0.0016,1.4477,264.7055,-0.1132,0.0107,0.2630,0.2962,0.0000,0.0000,0.0000,0.3455,1.0000,1,0,0,0,0,5.0063
90.5430,-73.7834,0.0864,95.5274,0.2446,0.8807,0.2446,0.0022,3.1149,264.7003,-0.1026,0.0107,0.2630,0.2962,0.0000,0.0000,0.0000,0.3830,1.0000,1,0,0,0,0,5.0057
90.6029,-73.8019,0.0864,95.5255,0.3857,1.3885,0.3857,0.0026,2.3531,264.6951,-0.0866,0.0107,0.2630,0.2962,0.0000,0.0000,0.0000,0.4013,1.0000,1,0,0,0,0,5.0048
90.6644,-73.8291,0.0864,95.5227,0.4902,1.7646,0.4902,0.0029,1.7012,264.6900,-0.0840,0.0107,0.2630,0.2962,0.0000,0.0000,0.0000,0.4103,1.0000,1,0,0,0,0,5.0047
90.7203,-73.8588,0.0864,95.5197,0.5719,2.0589,0.5719,0.0031,1.4609,264.6837,-0.1118,0.0107,0.2630,0.2962,0.0000,0.0000,0.0000,0.4152,1.0000,1,0,0,0,0,5.0868
90.7822,-73.8953,0.0864,95.5160,0.6135,2.2086,0.6135,0.0032,0.6719,264.6785,-0.0838,0.0107,0.2630,0.2962,0.0000,0.0000,0.0000,0.4171,1.0000,1,0,0,0,0,5.0819
90.8332,-73.9271,0.0864,95.5128,0.6393,2.3014,0.6393,0.0032,0.5050,264.6733,-0.1029,0.0107,0.2630,0.2962,0.0000,0.0000,0.0000,0.4180,1.0000,1,0,0,0,0,5.0813
90.8936,-73.9660,0.0864,95.5089,0.6548,2.3574,0.6548,0.0032,0.2579,264.6681,-0.0865,0.0107,0.2630,0.2962,0.0000,0.0000,0.0000,0.4184,1.0000,1,0,0,0,0,5.0792
90.9513,-74.0039,0.0864,95.5051,0.6642,2.3910,0.6642,0.0033,0.1615,264.6628,-0.0903,0.0107,0.2630,0.2962,0.0000,0.0000,0.0000,0.4187,1.0000,1,0,0,0,0,5.0788
91.0018,-74.0374,0.0864,95.5018,0.6696,2.4107,0.6696,0.0033,0.1086,264.6576,-0.1035,0.0107,0.2630,0.2962,0.0000,0.0000,0.0000,0.4188,1.0000,1,0,0,0,0,5.0793
91.0530,-74.0716,0.0864,95.4983,0.6723,2.4204,0.6723,0.0033,0.0524,264.6534,-0.0816,0.0107,0.2630,0.2962,0.0000,0.0000,0.0000,0.4188,1.0000,1,0,0,0,0,5.0777
91.1134,-74.1121,0.0864,95.4942,0.6719,2.4189,0.6719,0.0033,-0.0066,264.6472,-0.1030,0.0107,0.2571,0.2962,0.0000,0.0000,0.0000,0.4160,1.0000,1,0,0,0,0,5.0792
91.1752,-74.1497,0.0864,95.4904,0.4957,1.7845,0.4957,0.0031,-2.8509,264.6420,-0.0849,0.0107,-0.1652,0.2962,0.0000,0.0000,0.0000,0.2645,1.0000,1,0,0,0,0,5.0047
91.2334,-74.1643,0.0864,95.4888,0.0814,0.2930,0.0814,0.0017,-7.1182,264.6357,-0.1075,0.0107,-0.0068,0.2962,0.0000,0.0000,0.0000,0.2083,1.0000,1,0,0,0,0,5.0060
91.3014,-74.1657,0.0864,95.4885,0.0419,0.1510,0.0419,0.0014,-0.5810,264.6261,-0.1420,0.0107,0.3255,0.2962,0.0000,0.0000,0.0000,0.3368,1.0000,1,0,0,0,0,5.0079
91.3551,-74.1759,0.0864,95.4873,0.4393,1.5814,0.4393,0.0025,7.3884,264.6208,-0.0970,0.0107,0.4722,0.2962,0.0000,0.0000,0.0000,0.5412,1.0000,1,0,0,0,0,5.0054
91.4053,-74.2022,0.0864,95.4846,0.5745,2.0681,0.5745,0.0030,2.6952,264.6167,-0.0828,0.0107,0.2923,0.2962,0.0000,0.0000,0.0000,0.4222,1.0000,1,0,0,0,0,5.0827
91.4611,-74.2416,0.0864,95.4807,0.8790,3.1643,0.8790,0.0034,5.4594,264.6115,-0.0930,0.0107,0.5308,0.2962,0.0000,0.0000,0.0000,0.6071,1.0000,1,0,0,0,0,5.0628
91.5112,-74.3003,0.0864,95.4749,1.5083,5.4300,1.5083,0.0039,12.5594,264.6063,-0.1035,0.0107,0.6305,0.2962,0.0000,0.0000,0.0000,0.8036,1.0000,1,1,0,0,0,25.0445
91.5646,-74.3956,0.0864,95.4656,2.1502,7.7409,2.1502,0.0043,12.0197,264.6012,-0.0966,0.0107,0.6872,0.2962,0.0000,0.0000,0.0000,0.9039,1.0000,1,1,0,0,0,25.0352
91.6228,-74.5336,0.0864,95.4522,2.6500,9.5400,2.6500,0.0045,8.5905,264.5960,-0.0887,0.0107,0.7341,0.2962,0.0000,0.0000,0.0000,0.9530,1.0000,1,1,0,0,0,25.0303
91.6729,-74.6736,0.0864,95.4386,2.9389,10.5802,2.9389,0.0046,5.7600,264.5919,-0.0827,0.0107,0.7713,0.2962,0.0000,0.0000,0.0000,0.9735,1.0000,1,1,0,0,0,25.0279
91.7238,-74.8296,0.0864,95.4236,3.1874,11.4745,3.1874,0.0047,4.8817,264.5867,-0.1007,0.0107,0.8025,0.2962,0.0000,0.0000,0.0000,0.9870,1.0000,1,1,0,0,0,25.0275
91.7835,-75.0241,0.0864,95.4048,3.3447,12.0408,3.3447,0.0047,2.6352,264.5815,-0.0874,0.0107,0.8280,0.2962,0.0000,0.0000,0.0000,0.9936,1.0000,1,1,0,0,0,25.0258
91.8449,-75.2324,0.0864,95.3846,3.4557,12.4405,3.4557,0.0047,1.8081,264.5753,-0.1004,0.0107,0.8475,0.2962,0.0000,0.0000,0.0000,0.9973,1.0000,1,1,0,0,0,25.0261
91.9045,-75.4390,0.0864,95.3646,3.5083,12.6300,3.5083,0.0047,0.8838,264.5702,-0.0866,0.0107,0.8475,0.2962,0.0000,0.0000,0.0000,0.9987,1.0000,1,1,0,0,0,25.0249
91.9663,-75.6561,0.0864,95.3436,3.5441,12.7586,3.5441,0.0047,0.5778,264.5640,-0.0997,0.0107,0.8475,0.2962,0.0000,0.0000,0.0000,0.9994,1.0000,1,1,0,0,0,25.0256
92.0197,-75.8449,0.0864,95.3253,3.5605,12.8180,3.5605,0.0048,0.3087,264.5588,-0.0971,0.0107,0.8475,0.2962,0.0000,0.0000,0.0000,0.9997,1.0000,1,1,0,0,0,25.0254
92.0753,-76.0420,0.0864,95.3062,3.5700,12.8520,3.5700,0.0048,0.1703,264.5536,-0.0934,0.0107,0.8475,0.2962,0.0000,0.0000,0.0000,0.9999,1.0000,1,1,0,0,0,25.0252
92.1264,-76.2239,0.0864,95.2885,3.5746,12.8687,3.5746,0.0047,0.0906,264.5495,-0.0805,0.0107,0.8202,0.2962,0.0000,0.0000,0.0000,0.9999,1.0000,1,1,0,0,0,25.0243
92.1855,-76.4342,0.0864,95.2681,3.5786,12.8831,3.5786,0.0048,0.0675,264.5434,-0.1038,0.0107,0.7341,0.2962,0.0000,0.0000,0.0000,1.0000,1.0000,1,1,0,0,0,25.0257
92.2359,-76.6135,0.0864,95.2506,3.5802,12.8886,3.5802,0.0047,0.0303,264.5392,-0.0825,0.0107,0.6422,0.2962,0.0000,0.0000,0.0000,1.0000,1.0000,1,1,0,0,0,25.0244
92.2960,-76.8278,0.0864,95.2298,3.5656,12.8361,3.5656,0.0047,-0.2423,264.5341,-0.0862,0.0107,0.5445,0.2962,0.0000,0.0000,0.0000,0.9806,1.0000,1,1,0,0,0,25.0246
92.3579,-77.0422,0.0864,95.2088,3.3766,12.1557,3.3766,0.0047,-3.0528,264.5278,-0.1006,0.0107,0.4643,0.2962,0.0000,0.0000,0.0000,0.8852,1.0000,1,1,0,0,0,25.0265
92.4147,-77.2247,0.0864,95.1910,3.0781,11.0812,3.0781,0.0047,-5.2551,264.5226,-0.0919,0.0107,0.4116,0.2962,0.0000,0.0000,0.0000,0.7925,1.0000,1,1,0,0,0,25.0279
92.4677,-77.3776,0.0864,95.1760,2.7222,9.7999,2.7222,0.0046,-6.7145,264.5175,-0.0973,0.0107,0.3783,0.2962,0.0000,0.0000,0.0000,0.7120,1.0000,1,1,0,0,0,25.0310
92.5264,-77.5262,0.0864,95.1614,2.3838,8.5818,2.3838,0.0046,-5.7648,264.5123,-0.0874,0.0107,0.3725,0.2962,0.0000,0.0000,0.0000,0.6595,1.0000,1,1,0,0,0,25.0335
92.5866,-77.6589,0.0864,95.1483,2.0588,7.4117,2.0588,0.0045,-5.4072,264.5061,-0.1036,0.0107,0.3548,0.2962,0.0000,0.0000,0.0000,0.6175,1.0000,1,1,0,0,0,25.0383
92.6465,-77.7754,0.0864,95.1367,1.8398,6.6234,1.8398,0.0044,-3.6542,264.5009,-0.0866,0.0107,0.3353,0.2962,0.0000,0.0000,0.0000,0.5853,1.0000,1,1,0,0,0,25.0404
92.7080,-77.8813,0.0864,95.1262,1.6102,5.7966,1.6102,0.0043,-3.7344,264.4947,-0.1012,0.0107,0.3177,0.2962,0.0000,0.0000,0.0000,0.5480,1.0000,1,1,0,0,0,25.0454
92.7674,-77.9722,0.0864,95.1171,1.4547,5.2368,1.4547,0.0042,-2.6147,264.4895,-0.0877,0.0107,0.3177,0.2962,0.0000,0.0000,0.0000,0.5302,1.0000,1,1,0,0,0,25.0478
92.8359,-78.0666,0.0864,95.1076,1.3255,4.7719,1.3255,0.0041,-1.8857,264.4832,-0.0913,0.0107,0.3177,0.2962,0.0000,0.0000,0.0000,0.5205,1.0000,1,1,0,0,0,25.0509
92.8977,-78.1455,0.0864,95.0996,1.2471,4.4894,1.2471,0.0040,-1.2704,264.4769,-0.1018,0.0107,0.3177,0.2962,0.0000,0.0000,0.0000,0.5163,1.0000,1,1,0,0,0,25.0536
92.9566,-78.2174,0.0864,95.0924,1.2078,4.3482,1.2078,0.0039,-0.6657,264.4717,-0.0880,0.0107,0.3177,0.2962,0.0000,0.0000,0.0000,0.5148,1.0000,1,1,0,0,0,25.0539
93.0161,-78.2881,0.0864,95.0852,1.1839,4.2619,1.1839,0.0039,-0.4029,264.4665,-0.0882,0.0107,0.3177,0.2962,0.0000,0.0000,0.0000,0.5140,1.0000,1,1,0,0,0,25.0544
93.0743,-78.3565,0.0864,95.0783,1.1914,4.2891,1.1914,0.0039,0.1300,264.4603,-0.1070,0.0107,0.3509,0.2962,0.0000,0.0000,0.0000,0.5329,1.0000,1,1,0,0,0,25.0552
93.1249,-78.4178,0.0864,95.0721,1.2604,4.5375,1.2604,0.0039,1.3635,264.4561,-0.0832,0.0107,0.4037,0.2962,0.0000,0.0000,0.0000,0.5745,1.0000,1,1,0,0,0,25.0514
93.1756,-78.4857,0.0864,95.0652,1.4634,5.2684,1.4634,0.0041,4.0082,264.4509,-0.1024,0.0107,0.4722,0.2962,0.0000,0.0000,0.0000,0.6588,1.0000,1,1,0,0,0,25.0472
93.2277,-78.5683,0.0864,95.0569,1.7344,6.2437,1.7344,0.0042,5.2002,264.4467,-0.0797,0.0107,0.5503,0.2962,0.0000,0.0000,0.0000,0.7543,1.0000,1,1,0,0,0,25.0404
93.2846,-78.6798,0.0864,95.0457,2.2116,7.9617,2.2116,0.0046,8.3782,264.4449,-0.0327,0.0107,0.5953,0.2962,0.0000,0.0000,0.0000,0.8587,1.0000,1,1,0,0,0,25.0330
93.3364,-78.8018,0.0864,95.0335,2.5423,9.1522,2.5423,0.0048,6.3881,264.4495,0.0890,0.0107,0.6598,0.2962,0.0000,0.0000,0.0000,0.9202,1.0000,1,1,0,0,0,25.0335
93.3952,-78.9626,0.0864,95.0175,2.8910,10.4077,2.8910,0.0050,5.9266,264.4553,0.0985,0.0107,0.6970,0.2962,0.0000,0.0000,0.0000,0.9610,1.0000,1,1,0,0,0,25.0317
93.4460,-79.1161,0.0864,95.0023,3.1429,11.3143,3.1429,0.0051,4.9620,264.4611,0.1143,0.0107,0.7361,0.2962,0.0000,0.0000,0.0000,0.9809,1.0000,1,1,0,0,0,25.0309
93.4972,-79.2808,0.0864,94.9860,3.3112,11.9205,3.3112,0.0052,3.2854,264.4669,0.1131,0.0107,0.7595,0.2962,0.0000,0.0000,0.0000,0.9907,1.0000,1,1,0,0,0,25.0298
93.5567,-79.4798,0.0864,94.9663,3.4186,12.3071,3.4186,0.0053,1.8073,264.4727,0.0976,0.0107,0.7693,0.2962,0.0000,0.0000,0.0000,0.9954,1.0000,1,1,0,0,0,25.0285
93.6171,-79.6878,0.0864,94.9459,3.4851,12.5462,3.4851,0.0007,1.0989,264.4696,-0.0505,0.0107,0.7713,0.2962,0.0000,0.0000,0.0000,0.9978,1.0000,1,1,0,0,0,25.0058
93.6773,-79.8982,0.0864,94.9258,3.5311,12.7121,3.5311,0.0041,0.7655,264.4626,-0.1166,0.0107,0.7713,0.2962,0.0000,0.0000,0.0000,0.9991,1.0000,1,1,0,0,0,25.0238
93.7338,-80.0973,0.0864,94.9068,3.5528,12.7901,3.5528,0.0050,0.3835,264.4567,-0.1043,0.0107,0.7615,0.2962,0.0000,0.0000,0.0000,0.9995,1.0000,1,1,0,0,0,25.0269
93.7864,-80.2839,0.0864,94.8890,3.5654,12.8355,3.5654,0.0052,0.2400,264.4509,-0.1107,0.0107,0.7165,0.2962,0.0000,0.0000,0.0000,0.9998,1.0000,1,1,0,0,0,25.0281
93.8436,-80.4869,0.0864,94.8693,3.5728,12.8622,3.5728,0.0020,0.1298,264.4457,-0.0908,0.0107,0.6149,0.2962,0.0000,0.0000,0.0000,0.9999,1.0000,1,1,0,0,0,25.0136
93.8955,-80.6715,0.0864,94.8511,3.5392,12.7411,3.5392,0.0040,-0.6473,264.4406,-0.0974,0.0107,0.5230,0.2962,0.0000,0.0000,0.0000,0.9623,1.0000,1,1,0,0,0,25.0225
93.9473,-80.8506,0.0864,94.8334,3.3921,12.2117,3.3921,0.0045,-2.8415,264.4365,-0.0802,0.0107,0.4526,0.2962,0.0000,0.0000,0.0000,0.8841,1.0000,1,1,0,0,0,25.0242
94.0084,-81.0455,0.0864,94.8140,2.9905,10.7657,2.9905,0.0046,-6.5752,264.4302,-0.1019,0.0107,0.3939,0.2962,0.0000,0.0000,0.0000,0.7606,1.0000,1,1,0,0,0,25.0289
94.0675,-81.2101,0.0864,94.7976,2.5877,9.3155,2.5876,0.0046,-6.8181,264.4250,-0.0878,0.0107,0.3490,0.2962,0.0000,0.0000,0.0000,0.6701,1.0000,1,1,0,0,0,25.0315
94.1276,-81.3521,0.0864,94.7834,2.2041,7.9349,2.2041,0.0045,-6.3775,264.4199,-0.0863,0.0107,0.3353,0.2962,0.0000,0.0000,0.0000,0.6090,1.0000,1,1,0,0,0,25.0354
94.1875,-81.4714,0.0864,94.7714,1.8450,6.6420,1.8450,0.0044,-5.9951,264.4137,-0.1029,0.0107,0.3333,0.2962,0.0000,0.0000,0.0000,0.5709,1.0000,1,1,0,0,0,25.0414
94.2478,-81.5753,0.0864,94.7608,1.6393,5.9014,1.6393,0.0043,-3.4128,264.4085,-0.0861,0.0107,0.3333,0.2962,0.0000,0.0000,0.0000,0.5552,1.0000,1,1,0,0,0,25.0438
94.3075,-81.6676,0.0864,94.7515,1.4785,5.3226,1.4785,0.0042,-2.6910,264.4023,-0.1042,0.0107,0.3275,0.2962,0.0000,0.0000,0.0000,0.5435,1.0000,1,1,0,0,0,25.0481
94.3665,-81.7517,0.0864,94.7429,1.3847,4.9849,1.3847,0.0041,-1.5896,264.3971,-0.0879,0.0107,0.3236,0.2962,0.0000,0.0000,0.0000,0.5337,1.0000,1,1,0,0,0,25.0492
94.4179,-81.8208,0.0864,94.7358,1.3172,4.7420,1.3172,0.0040,-1.3131,264.3919,-0.1009,0.0107,0.3236,0.2962,0.0000,0.0000,0.0000,0.5284,1.0000,1,1,0,0,0,25.0517
94.4750,-81.8944,0.0864,94.7283,1.2722,4.5797,1.2721,0.0040,-0.7893,264.3867,-0.0909,0.0107,0.3236,0.2962,0.0000,0.0000,0.0000,0.5258,1.0000,1,1,0,0,0,25.0522
94.5273,-81.9598,0.0864,94.7216,1.2481,4.4932,1.2481,0.0040,-0.4602,264.3826,-0.0794,0.0107,0.3236,0.2962,0.0000,0.0000,0.0000,0.5248,1.0000,1,1,0,0,0,25.0520
94.5877,-82.0341,0.0864,94.7139,1.2257,4.4124,1.2257,0.0039,-0.3711,264.3764,-0.1020,0.0107,0.3236,0.2962,0.0000,0.0000,0.0000,0.5240,1.0000,1,1,0,0,0,25.0540
94.6449,-82.1035,0.0864,94.7068,1.2149,4.3736,1.2149,0.0039,-0.1887,264.3712,-0.0902,0.0107,0.3236,0.2962,0.0000,0.0000,0.0000,0.5237,1.0000,1,1,0,0,0,25.0536
94.6968,-82.1661,0.0864,94.7004,1.2085,4.3507,1.2085,0.0039,-0.1227,264.3661,-0.0999,0.0107,0.3236,0.2962,0.0000,0.0000,0.0000,0.5235,1.0000,1,1,0,0,0,25.0544
94.7476,-82.2270,0.0864,94.6941,1.2054,4.3393,1.2054,0.0039,-0.0620,264.3619,-0.0823,0.0107,0.3236,0.2962,0.0000,0.0000,0.0000,0.5234,1.0000,1,1,0,0,0,25.0533
94.8076,-82.2989,0.0864,94.6867,1.2026,4.3295,1.2026,0.0039,-0.0456,264.3557,-0.1038,0.0107,0.3236,0.2962,0.0000,0.0000,0.0000,0.5234,1.0000,1,1,0,0,0,25.0547
94.8579,-82.3590,0.0864,94.6804,1.2015,4.3256,1.2015,0.0039,-0.0215,264.3515,-0.0824,0.0107,0.3236,0.2962,0.0000,0.0000,0.0000,0.5234,1.0000,1,1,0,0,0,25.0534
94.9093,-82.4204,0.0864,94.6741,1.2007,4.3224,1.2007,0.0039,-0.0171,264.3463,-0.1011,0.0107,0.3236,0.2962,0.0000,0.0000,0.0000,0.5234,1.0000,1,1,0,0,0,25.0546
94.9600,-82.4810,0.0864,94.6678,1.2003,4.3210,1.2003,0.0039,-0.0077,264.3422,-0.0812,0.0107,0.3236,0.2962,0.0000,0.0000,0.0000,0.5234,1.0000,1,1,0,0,0,25.0534
95.0110,-82.5418,0.0864,94.6615,1.2000,4.3201,1.2000,0.0039,-0.0051,264.3370,-0.1012,0.0107,0.3236,0.2962,0.0000,0.0000,0.0000,0.5234,1.0000,1,1,0,0,0,25.0546
95.0691,-82.6111,0.0864,94.6543,1.1998,4.3194,1.1998,0.0039,-0.0033,264.3318,-0.0893,0.0107,0.3236,0.2962,0.0000,0.0000,0.0000,0.5234,1.0000,1,1,0,0,0,25.0539
95.1243,-82.6770,0.0864,94.6475,1.1998,4.3191,1.1998,0.0039,-0.0012,264.3267,-0.0940,0.0107,0.3236,0.2962,0.0000,0.0000,0.0000,0.5234,1.0000,1,1,0,0,0,25.0541
95.1814,-82.7451,0.0864,94.6404,1.1994,4.3179,1.1994,0.0039,-0.0057,264.3215,-0.0908,0.0107,0.3216,0.2962,0.0000,0.0000,0.0000,0.5229,1.0000,1,1,0,0,0,25.0539
95.2402,-82.8152,0.0864,94.6331,1.1954,4.3035,1.1954,0.0039,-0.0683,264.3152,-0.1059,0.0107,0.3216,0.2962,0.0000,0.0000,0.0000,0.5212,1.0000,1,1,0,0,0,25.0551
95.3007,-82.8871,0.0864,94.6256,1.1937,4.2975,1.1937,0.0039,-0.0275,264.3100,-0.0862,0.0107,0.3275,0.2962,0.0000,0.0000,0.0000,0.5231,1.0000,1,1,0,0,0,25.0539
95.3598,-82.9576,0.0864,94.6183,1.2061,4.3421,1.2061,0.0039,0.2098,264.3048,-0.0878,0.0107,0.3333,0.2962,0.0000,0.0000,0.0000,0.5303,1.0000,1,1,0,0,0,25.0535
95.4218,-83.0330,0.0864,94.6104,1.2434,4.4762,1.2434,0.0039,0.6011,264.2986,-0.1000,0.0107,0.3451,0.2962,0.0000,0.0000,0.0000,0.5448,1.0000,1,1,0,0,0,25.0531
95.4788,-83.1050,0.0864,94.6030,1.2983,4.6739,1.2983,0.0040,0.9639,264.2935,-0.0900,0.0107,0.3627,0.2962,0.0000,0.0000,0.0000,0.5639,1.0000,1,1,0,0,0,25.0509
95.5382,-83.1846,0.0864,94.5947,1.4109,5.0792,1.4109,0.0041,1.8940,264.2873,-0.1047,0.0107,0.3998,0.2962,0.0000,0.0000,0.0000,0.6032,1.0000,1,1,0,0,0,25.0489
95.5920,-83.2630,0.0864,94.5865,1.5258,5.4928,1.5258,0.0041,2.1340,264.2831,-0.0771,0.0107,0.4272,0.2962,0.0000,0.0000,0.0000,0.6399,1.0000,1,1,0,0,0,25.0446
95.6487,-83.3551,0.0864,94.5770,1.7587,6.3314,1.7587,0.0042,4.1133,264.2769,-0.1099,0.0107,0.4741,0.2962,0.0000,0.0000,0.0000,0.7051,1.0000,1,1,0,0,0,25.0423
95.7012,-83.4516,0.0864,94.5670,1.9548,7.0372,1.9548,0.0043,3.7336,264.2728,-0.0790,0.0107,0.5132,0.2962,0.0000,0.0000,0.0000,0.7589,1.0000,1,1,0,0,0,25.0374
95.7609,-83.5777,0.0864,94.5540,2.3116,8.3216,2.3115,0.0044,5.9753,264.2666,-0.1032,0.0107,0.5660,0.2962,0.0000,0.0000,0.0000,0.8471,1.0000,1,1,0,0,0,25.0346
95.8219,-83.7277,0.0864,94.5386,2.6543,9.5555,2.6543,0.0045,5.6225,264.2614,-0.0851,0.0107,0.6266,0.2962,0.0000,0.0000,0.0000,0.9238,1.0000,1,1,0,0,0,25.0303
95.8817,-83.8960,0.0864,94.5213,2.9584,10.6501,2.9584,0.0046,5.0835,264.2563,-0.0862,0.0107,0.6598,0.2962,0.0000,0.0000,0.0000,0.9627,1.0000,1,1,0,0,0,25.0280
95.9507,-84.1106,0.0864,94.4993,3.2512,11.7045,3.2512,0.0047,4.2399,264.2490,-0.1051,0.0107,0.6618,0.2962,0.0000,0.0000,0.0000,0.9863,1.0000,1,1,0,0,0,25.0275
96.0102,-84.3067,0.0864,94.4792,3.3790,12.1645,3.3790,0.0047,2.1501,264.2438,-0.0873,0.0107,0.6325,0.2962,0.0000,0.0000,0.0000,0.9933,1.0000,1,1,0,0,0,25.0257
96.0604,-84.4776,0.0864,94.4616,3.4493,12.4175,3.4493,0.0047,1.3980,264.2386,-0.1026,0.0107,0.5562,0.2962,0.0000,0.0000,0.0000,0.9826,1.0000,1,1,0,0,0,25.0263
96.1194,-84.6785,0.0864,94.4410,3.3703,12.1331,3.3703,0.0047,-1.3408,264.2336,-0.0865,0.0107,0.4800,0.2962,0.0000,0.0000,0.0000,0.9079,1.0000,1,1,0,0,0,25.0258
96.1717,-84.8487,0.0864,94.4235,3.1206,11.2341,3.1206,0.0047,-4.7726,264.2284,-0.0986,0.0107,0.4174,0.2962,0.0000,0.0000,0.0000,0.8104,1.0000,1,1,0,0,0,25.0281
96.2241,-85.0045,0.0864,94.4074,2.8442,10.2393,2.8442,0.0046,-5.2677,264.2242,-0.0797,0.0107,0.3842,0.2962,0.0000,0.0000,0.0000,0.7367,1.0000,1,1,0,0,0,25.0289
96.2828,-85.1579,0.0864,94.3915,2.4206,8.7142,2.4206,0.0046,-7.2217,264.2180,-0.1066,0.0107,0.3666,0.2962,0.0000,0.0000,0.0000,0.6613,1.0000,1,1,0,0,0,25.0343
96.3334,-85.2734,0.0864,94.3795,2.1671,7.8016,2.1671,0.0045,-5.0137,264.2138,-0.0821,0.0107,0.3392,0.2962,0.0000,0.0000,0.0000,0.6181,1.0000,1,1,0,0,0,25.0356
96.3918,-85.3900,0.0864,94.3674,1.8838,6.7815,1.8838,0.0044,-4.8472,264.2086,-0.0882,0.0107,0.3294,0.2962,0.0000,0.0000,0.0000,0.5762,1.0000,1,1,0,0,0,25.0398
96.4600,-85.5069,0.0864,94.3551,1.5923,5.7321,1.5923,0.0043,-4.2776,264.2014,-0.1061,0.0107,0.3275,0.2962,0.0000,0.0000,0.0000,0.5477,1.0000,1,1,0,0,0,25.0460
96.5128,-85.5875,0.0864,94.3466,1.4804,5.3296,1.4804,0.0042,-2.1168,264.1973,-0.0786,0.0107,0.3275,0.2962,0.0000,0.0000,0.0000,0.5400,1.0000,1,1,0,0,0,25.0465
96.5744,-85.6744,0.0864,94.3375,1.3703,4.9330,1.3703,0.0041,-1.7874,264.1910,-0.1010,0.0107,0.3275,0.2962,0.0000,0.0000,0.0000,0.5343,1.0000,1,1,0,0,0,25.0503
96.6298,-85.7482,0.0864,94.3296,1.3153,4.7352,1.3153,0.0040,-0.9930,264.1859,-0.0938,0.0107,0.3275,0.2962,0.0000,0.0000,0.0000,0.5322,1.0000,1,1,0,0,0,25.0512
96.6819,-85.8156,0.0864,94.3225,1.2818,4.6146,1.2818,0.0040,-0.6425,264.1807,-0.0995,0.0107,0.3275,0.2962,0.0000,0.0000,0.0000,0.5311,1.0000,1,1,0,0,0,25.0524
96.7429,-85.8926,0.0864,94.3143,1.2617,4.5420,1.2617,0.0040,-0.3307,264.1755,-0.0851,0.0107,0.3275,0.2962,0.0000,0.0000,0.0000,0.5306,1.0000,1,1,0,0,0,25.0520
96.8004,-85.9644,0.0864,94.3067,1.2498,4.4992,1.2498,0.0040,-0.2067,264.1703,-0.0908,0.0107,0.3275,0.2962,0.0000,0.0000,0.0000,0.5303,1.0000,1,1,0,0,0,25.0526
96.8515,-86.0277,0.0864,94.2999,1.2428,4.4740,1.2428,0.0040,-0.1367,264.1650,-0.1020,0.0107,0.3275,0.2962,0.0000,0.0000,0.0000,0.5302,1.0000,1,1,0,0,0,25.0535
96.9035,-86.0918,0.0864,94.2931,1.2387,4.4594,1.2387,0.0040,-0.0784,264.1599,-0.0993,0.0107,0.3275,0.2962,0.0000,0.0000,0.0000,0.5302,1.0000,1,1,0,0,0,25.0535
96.9737,-86.1782,0.0864,94.2839,1.2361,4.4499,1.2361,0.0040,-0.0377,264.1537,-0.0883,0.0107,0.3275,0.2962,0.0000,0.0000,0.0000,0.5301,1.0000,1,1,0,0,0,25.0529
97.0253,-86.2417,0.0864,94.2771,1.2348,4.4455,1.2348,0.0040,-0.0237,264.1485,-0.0998,0.0107,0.3275,0.2962,0.0000,0.0000,0.0000,0.5301,1.0000,1,1,0,0,0,25.0536
97.0839,-86.3136,0.0864,94.2694,1.2342,4.4431,1.2342,0.0040,-0.0111,264.1433,-0.0891,0.0107,0.3275,0.2962,0.0000,0.0000,0.0000,0.5301,1.0000,1,1,0,0,0,25.0530
97.1429,-86.3859,0.0864,94.2617,1.2338,4.4417,1.2338,0.0039,-0.0068,264.1381,-0.0880,0.0107,0.3275,0.2962,0.0000,0.0000,0.0000,0.5301,1.0000,1,1,0,0,0,25.0528
97.1943,-86.4490,0.0864,94.2549,1.2336,4.4408,1.2336,0.0040,-0.0046,264.1329,-0.1021,0.0107,0.3275,0.2962,0.0000,0.0000,0.0000,0.5301,1.0000,1,1,0,0,0,25.0537
97.2513,-86.5189,0.0864,94.2474,1.2334,4.4403,1.2334,0.0039,-0.0024,264.1277,-0.0905,0.0107,0.3275,0.2962,0.0000,0.0000,0.0000,0.5301,1.0000,1,1,0,0,0,25.0531
97.3058,-86.5857,0.0864,94.2403,1.2334,4.4402,1.2334,0.0039,-0.0006,264.1225,-0.0964,0.0107,0.3275,0.2962,0.0000,0.0000,0.0000,0.5301,1.0000,1,1,0,0,0,25.0534
97.3639,-86.6570,0.0864,94.2326,1.2333,4.4400,1.2333,0.0039,-0.0011,264.1173,-0.0887,0.0107,0.3275,0.2962,0.0000,0.0000,0.0000,0.5301,1.0000,1,1,0,0,0,25.0529
97.4251,-86.7321,0.0864,94.2245,1.2333,4.4398,1.2333,0.0040,-0.0008,264.1111,-0.1017,0.0107,0.3275,0.2962,0.0000,0.0000,0.0000,0.5301,1.0000,1,1,0,0,0,25.0538
97.4817,-86.8014,0.0864,94.2171,1.2334,4.4401,1.2333,0.0040,0.0011,264.1059,-0.0912,0.0107,0.3275,0.2962,0.0000,0.0000,0.0000,0.5301,1.0000,1,1,0,0,0,25.0532
97.5351,-86.8669,0.0864,94.2100,1.2333,4.4399,1.2333,0.0039,-0.0008,264.1018,-0.0771,0.0107,0.3275,0.2962,0.0000,0.0000,0.0000,0.5301,1.0000,1,1,0,0,0,25.0522
97.5963,-86.9420,0.0864,94.2020,1.2333,4.4397,1.2332,0.0039,-0.0009,264.0956,-0.1017,0.0107,0.3275,0.2962,0.0000,0.0000,0.0000,0.5301,1.0000,1,1,0,0,0,25.0537
97.6550,-87.0139,0.0864,94.1942,1.2333,4.4398,1.2333,0.0039,0.0006,264.0904,-0.0884,0.0107,0.3275,0.2962,0.0000,0.0000,0.0000,0.5301,1.0000,1,1,0,0,0,25.0528
97.7150,-87.0875,0.0864,94.1863,1.2333,4.4399,1.2333,0.0040,0.0003,264.0842,-0.1038,0.0107,0.3275,0.2962,0.0000,0.0000,0.0000,0.5301,1.0000,1,1,0,0,0,25.0539
97.7743,-87.1602,0.0864,94.1784,1.2333,4.4400,1.2333,0.0039,0.0005,264.0790,-0.0875,0.0107,0.3275,0.2962,0.0000,0.0000,0.0000,0.5301,1.0000,1,1,0,0,0,25.0529
97.8266,-87.2244,0.0864,94.1715,1.2333,4.4399,1.2333,0.0040,-0.0006,264.0739,-0.0979,0.0107,0.3275,0.2962,0.0000,0.0000,0.0000,0.5301,1.0000,1,1,0,0,0,25.0535
97.8835,-87.2941,0.0864,94.1639,1.2333,4.4399,1.2333,0.0039,-0.0001,264.0687,-0.0912,0.0107,0.3275,0.2962,0.0000,0.0000,0.0000,0.5301,1.0000,1,1,0,0,0,25.0531
97.9337,-87.3557,0.0864,94.1572,1.2333,4.4399,1.2333,0.0039,0.0002,264.0645,-0.0827,0.0107,0.3275,0.2962,0.0000,0.0000,0.0000,0.5301,1.0000,1,1,0,0,0,25.0525
97.9957,-87.4317,0.0864,94.1490,1.2333,4.4399,1.2333,0.0039,0.0001,264.0583,-0.1004,0.0107,0.3275,0.2962,0.0000,0.0000,0.0000,0.5301,1.0000,1,1,0,0,0,25.0536
98.0540,-87.5031,0.0864,94.1413,1.2333,4.4398,1.2333,0.0039,-0.0004,264.0531,-0.0891,0.0107,0.3275,0.2962,0.0000,0.0000,0.0000,0.5301,1.0000,1,1,0,0,0,25.0529
98.1070,-87.5681,0.0864,94.1342,1.2333,4.4398,1.2333,0.0039,-0.0003,264.0479,-0.0979,0.0107,0.3275,0.2962,0.0000,0.0000,0.0000,0.5301,1.0000,1,1,0,0,0,25.0534
98.1683,-87.6433,0.0864,94.1260,1.2333,4.4399,1.2333,0.0039,0.0005,264.0427,-0.0846,0.0107,0.3275,0.2962,0.0000,0.0000,0.0000,0.5301,1.0000,1,1,0,0,0,25.0526
98.2277,-87.7161,0.0864,94.1181,1.2333,4.4397,1.2332,0.0039,-0.0007,264.0364,-0.1059,0.0107,0.3275,0.2962,0.0000,0.0000,0.0000,0.5301,1.0000,1,1,0,0,0,25.0539
98.2841,-87.7854,0.0864,94.1106,1.2333,4.4398,1.2333,0.0039,0.0006,264.0313,-0.0919,0.0107,0.3275,0.2962,0.0000,0.0000,0.0000,0.5301,1.0000,1,1,0,0,0,25.0531
98.3451,-87.8601,0.0864,94.1025,1.2333,4.4400,1.2333,0.0039,0.0009,264.0260,-0.0861,0.0107,0.3275,0.2962,0.0000,0.0000,0.0000,0.5301,1.0000,1,1,0,0,0,25.0527
98.4052,-87.9338,0.0864,94.0944,1.2333,4.4399,1.2333,0.0039,-0.0005,264.0197,-0.1041,0.0107,0.3275,0.2962,0.0000,0.0000,0.0000,0.5301,1.0000,1,1,0,0,0,25.0538
98.4654,-88.0076,0.0864,94.0863,1.2333,4.4398,1.2333,0.0039,-0.0007,264.0145,-0.0866,0.0107,0.3275,0.2962,0.0000,0.0000,0.0000,0.5301,1.0000,1,1,0,0,0,25.0527
98.5229,-88.0782,0.0864,94.0786,1.2333,4.4399,1.2333,0.0039,0.0004,264.0093,-0.0902,0.0107,0.3275,0.2962,0.0000,0.0000,0.0000,0.5301,1.0000,1,1,0,0,0,25.0529
98.5840,-88.1531,0.0864,94.0704,1.2333,4.4398,1.2333,0.0039,-0.0005,264.0031,-0.1029,0.0107,0.3275,0.2962,0.0000,0.0000,0.0000,0.5301,1.0000,1,1,0,0,0,25.0537
98.6404,-88.2223,0.0864,94.0629,1.2332,4.4397,1.2332,0.0039,-0.0004,263.9979,-0.0919,0.0107,0.3275,0.2962,0.0000,0.0000,0.0000,0.5301,1.0000,1,1,0,0,0,25.0531
98.6928,-88.2865,0.0864,94.0559,1.2333,4.4399,1.2333,0.0040,0.0011,263.9926,-0.0997,0.0107,0.3275,0.2962,0.0000,0.0000,0.0000,0.5301,1.0000,1,1,0,0,0,25.0536
98.7505,-88.3573,0.0864,94.0481,1.2333,4.4397,1.2333,0.0039,-0.0007,263.9875,-0.0893,0.0107,0.3275,0.2962,0.0000,0.0000,0.0000,0.5301,1.0000,1,1,0,0,0,25.0530
98.8043,-88.4231,0.0864,94.0408,1.2333,4.4398,1.2333,0.0040,0.0003,263.9823,-0.0966,0.0107,0.3275,0.2962,0.0000,0.0000,0.0000,0.5301,1.0000,1,1,0,0,0,25.0534
98.8615,-88.4933,0.0864,94.0331,1.2333,4.4397,1.2332,0.0039,-0.0004,263.9771,-0.0902,0.0107,0.3275,0.2962,0.0000,0.0000,0.0000,0.5301,1.0000,1,1,0,0,0,25.0530
98.9147,-88.5585,0.0864,94.0260,1.2333,4.4400,1.2333,0.0040,0.0016,263.9720,-0.0974,0.0107,0.3275,0.2962,0.0000,0.0000,0.0000,0.5301,1.0000,1,1,0,0,0,25.0535
98.9749,-88.6323,0.0864,94.0179,1.2332,4.4397,1.2332,0.0039,-0.0016,263.9668,-0.0862,0.0107,0.3275,0.2962,0.0000,0.0000,0.0000,0.5301,1.0000,1,1,0,0,0,25.0527
99.0253,-88.6940,0.0864,94.0111,1.2333,4.4399,1.2333,0.0040,0.0013,263.9615,-0.1035,0.0107,0.3275,0.2962,0.0000,0.0000,0.0000,0.5301,1.0000,1,1,0,0,0,25.0538
99.0760,-88.7561,0.0864,94.0042,1.2333,4.4398,1.2333,0.0039,-0.0005,263.9574,-0.0819,0.0107,0.3275,0.2962,0.0000,0.0000,0.0000,0.5301,1.0000,1,1,0,0,0,25.0525
99.1295,-88.8218,0.0864,93.9970,1.2333,4.4399,1.2333,0.0039,0.0004,263.9522,-0.0969,0.0107,0.3275,0.2962,0.0000,0.0000,0.0000,0.5301,1.0000,1,1,0,0,0,25.0534
99.1809,-88.8847,0.0864,93.9900,1.2333,4.4398,1.2333,0.0040,-0.0004,263.9470,-0.1010,0.0107,0.3275,0.2962,0.0000,0.0000,0.0000,0.5301,1.0000,1,1,0,0,0,25.0537
99.2419,-88.9594,0.0864,93.9817,1.2333,4.4398,1.2333,0.0039,-0.0001,263.9419,-0.0841,0.0107,0.3275,0.2962,0.0000,0.0000,0.0000,0.5301,1.0000,1,1,0,0,0,25.0526
99.2922,-89.0211,0.0864,93.9749,1.2333,4.4400,1.2333,0.0040,0.0008,263.9367,-0.1030,0.0107,0.3275,0.2962,0.0000,0.0000,0.0000,0.5301,1.0000,1,1,0,0,0,25.0538
99.3490,-89.0907,0.0864,93.9672,1.2333,4.4398,1.2333,0.0039,-0.0009,263.9315,-0.0914,0.0107,0.3275,0.2277,0.0000,0.0000,0.0000,0.5301,1.0000,1,1,0,0,0,25.0531
99.4002,-89.1544,0.0864,93.9602,1.2961,4.6661,1.2961,0.0041,1.2280,263.9274,-0.0811,0.0107,0.3275,-0.0147,0.0000,0.0000,0.0000,0.5301,0.6947,1,0,0,0,0,3.5256
99.4604,-89.2451,0.0864,93.9502,1.7518,6.3065,1.7518,0.0051,7.5648,263.9211,-0.1039,0.0107,0.3275,-0.6716,0.0000,0.0000,0.0000,0.5301,0.2329,1,0,0,0,0,1.2141
99.5104,-89.3431,0.0864,93.9394,2.1734,7.8241,2.1733,0.0058,8.4305,263.9170,-0.0830,0.0107,0.3275,-0.9199,0.0000,0.0000,0.0000,0.5301,0.1124,1,0,0,0,0,0.6066
99.5615,-89.4698,0.0864,93.9255,2.7696,9.9705,2.7696,0.0066,11.6659,263.9117,-0.1027,0.0107,0.3275,-0.9863,0.0000,0.0000,0.0000,0.5301,0.0452,1,0,0,0,0,0.2674
99.6208,-89.6531,0.0864,93.9055,3.4093,12.2735,3.4093,0.0072,10.7856,263.9066,-0.0870,0.0107,0.3275,-1.0000,0.0000,0.0000,0.0000,0.5301,0.0182,1,0,0,0,0,0.1274
99.6809,-89.8810,0.0864,93.8806,4.2060,15.1417,4.2060,0.0078,13.2625,263.9003,-0.1046,0.0107,0.3275,-1.0000,0.0000,0.0000,0.0000,0.5301,0.0061,1,0,0,0,0,0.0641
99.7416,-90.1552,0.0864,93.8507,4.8815,17.5734,4.8815,0.0081,11.1268,263.8952,-0.0840,0.0107,0.3275,-1.0000,0.0000,0.0000,0.0000,0.5301,0.0025,1,0,0,0,0,0.0418
99.8023,-90.4737,0.0864,93.8160,5.6982,20.5135,5.6982,0.0084,13.4701,263.8890,-0.1017,0.0107,0.3275,-0.9746,0.0000,0.0000,0.0000,0.5301,0.0008,1,0,0,0,0,0.0319
99.8613,-90.8270,0.0864,93.7776,6.3811,22.9719,6.3811,0.0086,11.5715,263.8839,-0.0874,0.0107,0.3275,-0.7028,0.0000,0.0000,0.0000,0.5301,0.0003,1,0,0,0,0,0.0266
99.9119,-91.1636,0.0864,93.7410,7.0648,25.4334,7.0648,0.0087,13.5135,263.8787,-0.1025,0.0107,0.3275,-0.3099,0.0000,0.0000,0.0000,0.5301,0.0001,1,0,0,0,0,0.0249
99.9701,-91.5872,0.0864,93.6950,7.3576,26.4873,7.3576,0.0084,5.0262,263.8735,-0.0891,0.0107,0.3275,0.0929,0.0000,0.0000,0.0000,0.5301,0.3053,1,0,0,0,0,1.5487
100.0206,-91.9290,0.0864,93.6578,6.2106,22.3580,6.2106,0.0071,-22.7240,263.8694,-0.0810,0.0107,0.3275,0.2610,0.0000,0.0000,0.0000,0.5301,0.6647,1,0,0,0,0,3.3452
100.0722,-92.1983,0.0864,93.6285,4.4709,16.0953,4.4709,0.0058,-33.7105,263.8642,-0.1005,0.0107,0.3275,0.2883,0.0000,0.0000,0.0000,0.5301,0.8651,1,1,0,0,0,24.3508
100.1279,-92.4070,0.0864,93.6057,3.1666,11.3999,3.1666,0.0051,-23.4155,263.8590,-0.0926,0.0107,0.3275,0.2942,0.0000,0.0000,0.0000,0.5301,0.9457,1,1,0,0,0,24.7582
100.1813,-92.5520,0.0864,93.5897,2.3460,8.4455,2.3460,0.0047,-15.3686,263.8539,-0.0966,0.0107,0.3275,0.1691,0.0000,0.0000,0.0000,0.5301,0.9782,1,1,0,0,0,24.9266
100.2423,-92.6812,0.0864,93.5755,2.0519,7.3869,2.0519,0.0048,-4.8227,263.8487,-0.0851,0.0107,0.3275,-0.3412,0.0000,0.0000,0.0000,0.5301,0.5703,1,0,0,0,0,2.8913
100.3003,-92.8079,0.0864,93.5614,2.4219,8.7188,2.4219,0.0058,6.3709,263.8425,-0.1061,0.0107,0.3275,-0.8808,0.0000,0.0000,0.0000,0.5301,0.1912,1,0,0,0,0,0.9977
100.3583,-92.9601,0.0864,93.5445,2.9422,10.5921,2.9422,0.0065,8.9729,263.8374,-0.0889,0.0107,0.3275,-0.9785,0.0000,0.0000,0.0000,0.5301,0.0769,1,0,0,0,0,0.4229
100.4118,-93.1304,0.0864,93.5257,3.5466,12.7678,3.5466,0.0072,11.3019,263.8322,-0.0976,0.0107,0.3275,-0.9961,0.0000,0.0000,0.0000,0.5301,0.0309,1,0,0,0,0,0.1906
100.4621,-93.3199,0.0864,93.5048,4.0612,14.6201,4.0611,0.0076,10.2231,263.8280,-0.0825,0.0107,0.3275,-0.9961,0.0000,0.0000,0.0000,0.5301,0.0149,1,0,0,0,0,0.1072
100.5184,-93.5669,0.0864,93.4775,4.7244,17.0080,4.7244,0.0080,11.7850,263.8228,-0.0922,0.0107,0.3275,-0.9511,0.0000,0.0000,0.0000,0.5301,0.0060,1,0,0,0,0,0.0604
100.5701,-93.8271,0.0864,93.4489,5.3991,19.4366,5.3990,0.0083,13.0611,263.8176,-0.1004,0.0107,0.3275,-0.5015,0.0000,0.0000,0.0000,0.5301,0.0024,1,0,0,0,0,0.0407
100.6223,-94.1213,0.0864,93.4165,5.7740,20.7864,5.7740,0.0081,7.1848,263.8124,-0.0994,0.0107,0.3275,0.0264,0.0000,0.0000,0.0000,0.5301,0.3062,1,0,0,0,0,1.5579
100.6787,-94.4234,0.0864,93.3832,4.7173,16.9822,4.7173,0.0067,-18.7320,263.8073,-0.0909,0.0107,0.3275,0.2747,0.0000,0.0000,0.0000,0.5301,0.7209,1,0,0,0,0,3.6309
100.7295,-94.6360,0.0864,93.3598,3.6964,13.3071,3.6964,0.0057,-20.0974,263.8033,-0.0799,0.0107,0.3275,0.2962,0.0000,0.0000,0.0000,0.5301,0.8653,1,1,0,0,0,24.3541
100.7804,-94.7962,0.0864,93.3420,2.7143,9.7716,2.7143,0.0050,-19.2840,263.7980,-0.1025,0.0107,0.3275,0.3001,0.0000,0.0000,0.0000,0.5301,0.9458,1,1,0,0,0,24.7626
100.8324,-94.9213,0.0864,93.3281,2.0896,7.5227,2.0896,0.0047,-12.0205,263.7928,-0.0998,0.0107,0.3275,0.3001,0.0000,0.0000,0.0000,0.5301,0.9782,1,1,0,0,0,24.9300
100.8924,-95.0352,0.0864,93.3154,1.7195,6.1903,1.7195,0.0044,-6.1669,263.7877,-0.0864,0.0107,0.3275,0.3001,0.0000,0.0000,0.0000,0.5301,0.9912,1,1,0,0,0,24.9993
100.9442,-95.1183,0.0864,93.3060,1.5070,5.4251,1.5070,0.0042,-4.1042,263.7826,-0.0978,0.0107,0.3275,0.3001,0.0000,0.0000,0.0000,0.5301,0.9965,1,1,0,0,0,25.0300
101.0034,-95.2035,0.0864,93.2964,1.3866,4.9916,1.3866,0.0041,-2.0322,263.7774,-0.0875,0.0107,0.3275,0.3001,0.0000,0.0000,0.0000,0.5301,0.9986,1,1,0,0,0,25.0423
101.0641,-95.2848,0.0864,93.2872,1.3189,4.7480,1.3189,0.0040,-1.1143,263.7722,-0.0854,0.0107,0.3275,0.3001,0.0000,0.0000,0.0000,0.5301,0.9994,1,1,0,0,0,25.0478
101.1144,-95.3496,0.0864,93.2798,1.2837,4.6213,1.2837,0.0040,-0.7009,263.7670,-0.1033,0.0107,0.3373,0.3001,0.0000,0.0000,0.0000,0.5335,0.9998,1,1,0,0,0,25.0514
101.1661,-95.4158,0.0864,93.2723,1.3145,4.7322,1.3145,0.0040,0.5955,263.7618,-0.1009,0.0107,0.3998,0.3001,0.0000,0.0000,0.0000,0.5722,0.9999,1,1,0,0,0,25.0509
101.2215,-95.4915,0.0864,93.2637,1.5014,5.4051,1.5014,0.0041,3.3749,263.7566,-0.0942,0.0107,0.4839,0.3001,0.0000,0.0000,0.0000,0.6671,1.0000,1,1,0,0,0,25.0459
101.2791,-95.5860,0.0864,93.2531,1.8653,6.7150,1.8653,0.0042,6.3137,263.7514,-0.0900,0.0107,0.5484,0.3001,0.0000,0.0000,0.0000,0.7855,1.0000,1,1,0,0,0,25.0390
101.3347,-95.6992,0.0864,93.2404,2.2598,8.1355,2.2598,0.0044,7.0930,263.7462,-0.0933,0.0107,0.5543,0.3001,0.0000,0.0000,0.0000,0.8548,1.0000,1,1,0,0,0,25.0344
101.3870,-95.8238,0.0864,93.2264,2.5218,9.0785,2.5218,0.0045,5.0168,263.7421,-0.0783,0.0107,0.5523,0.3001,0.0000,0.0000,0.0000,0.8832,1.0000,1,1,0,0,0,25.0309
101.4459,-95.9793,0.0864,93.2090,2.7210,9.7955,2.7210,0.0046,3.3799,263.7359,-0.1051,0.0107,0.4467,0.3001,0.0000,0.0000,0.0000,0.8417,1.0000,1,1,0,0,0,25.0311
101.5046,-96.1357,0.0864,93.1914,2.5920,9.3312,2.5920,0.0046,-2.1964,263.7308,-0.0878,0.0107,0.3373,0.3001,0.0000,0.0000,0.0000,0.7241,1.0000,1,1,0,0,0,25.0314
101.5562,-96.2605,0.0864,93.1774,2.2238,8.0056,2.2238,0.0045,-7.1354,263.7256,-0.1011,0.0107,0.2591,0.3001,0.0000,0.0000,0.0000,0.5879,1.0000,1,1,0,0,0,25.0362
101.6095,-96.3670,0.0864,93.1654,1.6859,6.0691,1.6858,0.0044,-10.1041,263.7205,-0.0946,0.0107,-0.2453,0.3021,0.0000,0.0000,0.0000,0.4116,1.0000,1,1,0,0,0,25.0442
101.6683,-96.4459,0.0864,93.1564,0.8942,3.2190,0.8942,0.0039,-13.4535,263.7153,-0.0882,0.0107,-0.1730,0.3021,0.0000,0.0000,0.0000,0.2014,1.0000,1,0,0,0,0,5.0704
101.7201,-96.4750,0.0864,93.1530,0.2939,1.0579,0.2938,0.0028,-11.5919,263.7112,-0.0801,0.0107,0.0596,0.3021,0.0000,0.0000,0.0000,0.1228,1.0000,1,0,0,0,0,5.0045
101.7798,-96.4776,0.0864,93.1525,0.0005,0.0019,-0.0001,0.0005,-4.9134,263.7063,-0.0813,0.0107,0.1105,0.3021,0.0000,0.0000,0.0000,0.1323,1.0000,1,0,0,0,0,5.0045
101.8300,-96.4776,0.0864,93.1524,0.0006,0.0022,-0.0001,0.0006,0.0017,263.7044,-0.0383,0.0107,0.1339,0.3021,0.0000,0.0000,0.0000,0.1516,1.0000,1,0,0,0,0,5.0021
101.8897,-96.4776,0.0864,93.1523,0.0013,0.0046,0.0002,0.0013,0.0111,263.6988,-0.0935,0.0107,0.2239,0.3021,0.0000,0.0000,0.0000,0.2341,1.0000,1,0,0,0,0,5.0052
101.9518,-96.4791,0.0864,93.1520,0.0884,0.3181,0.0884,0.0016,1.4031,263.6911,-0.1249,0.0107,0.3509,0.3021,0.0000,0.0000,0.0000,0.3712,1.0000,1,0,0,0,0,5.0069
102.0093,-96.4963,0.0864,93.1499,0.5904,2.1253,0.5904,0.0028,8.7289,263.6848,-0.1088,0.0107,0.4683,0.3021,0.0000,0.0000,0.0000,0.5705,1.0000,1,0,0,0,0,5.0775
102.0699,-96.5481,0.0864,93.1439,1.1942,4.2991,1.1942,0.0036,9.9628,263.6796,-0.0856,0.0107,0.5386,0.3021,0.0000,0.0000,0.0000,0.7235,1.0000,1,1,0,0,0,25.0499
102.1204,-96.6218,0.0864,93.1354,1.7926,6.4533,1.7926,0.0041,11.8548,263.6744,-0.1028,0.0107,0.5543,0.3021,0.0000,0.0000,0.0000,0.8218,1.0000,1,1,0,0,0,25.0400
102.1794,-96.7399,0.0864,93.1220,2.2692,8.1692,2.2692,0.0044,8.0799,263.6693,-0.0879,0.0107,0.5445,0.3021,0.0000,0.0000,0.0000,0.8695,1.0000,1,1,0,0,0,25.0337
102.2415,-96.8894,0.0864,93.1050,2.5172,9.0620,2.5172,0.0045,3.9951,263.6642,-0.0821,0.0107,0.4331,0.3021,0.0000,0.0000,0.0000,0.8234,1.0000,1,1,0,0,0,25.0312
102.2996,-97.0331,0.0864,93.0887,2.3888,8.5997,2.3888,0.0045,-2.2103,263.6580,-0.1066,0.0107,0.3099,0.3021,0.0000,0.0000,0.0000,0.6812,1.0000,1,1,0,0,0,25.0344
102.3566,-97.1592,0.0864,93.0744,1.9831,7.1390,1.9831,0.0045,-7.1079,263.6528,-0.0909,0.0107,0.2082,0.3021,0.0000,0.0000,0.0000,0.5232,1.0000,1,1,0,0,0,25.0387
102.4106,-97.2525,0.0864,93.0637,1.4316,5.1539,1.4316,0.0042,-10.2271,263.6476,-0.0962,0.0107,0.1476,0.3021,0.0000,0.0000,0.0000,0.3843,1.0000,1,1,0,0,0,25.0498
102.4702,-97.3209,0.0864,93.0557,0.8527,3.0697,0.8527,0.0038,-9.7003,263.6424,-0.0874,0.0107,0.1124,0.3021,0.0000,0.0000,0.0000,0.2746,1.0000,1,0,0,0,0,5.0716
102.5308,-97.3551,0.0864,93.0516,0.2721,0.9797,0.2721,0.0026,-9.5813,263.6361,-0.1032,0.0107,0.1085,0.3021,0.0000,0.0000,0.0000,0.2037,1.0000,1,0,0,0,0,5.0057
102.5815,-97.3625,0.0864,93.0506,0.0217,0.0780,0.0216,0.0014,-4.9460,263.6317,-0.0874,0.0107,0.1691,0.3021,0.0000,0.0000,0.0000,0.2116,1.0000,1,0,0,0,0,5.0049
102.6394,-97.3628,0.0864,93.0504,0.0131,0.0472,0.0130,0.0014,-0.1481,263.6224,-0.1601,0.0107,0.3001,0.3021,0.0000,0.0000,0.0000,0.3061,1.0000,1,0,0,0,0,5.0089
102.7008,-97.3725,0.0864,93.0491,0.3749,1.3497,0.3749,0.0024,5.8978,263.6162,-0.1010,0.0107,0.4331,0.3021,0.0000,0.0000,0.0000,0.5009,1.0000,1,0,0,0,0,5.0056
102.7597,-97.4097,0.0864,93.0447,0.9227,3.3217,0.9227,0.0033,9.2909,263.6110,-0.0885,0.0107,0.5113,0.3021,0.0000,0.0000,0.0000,0.6589,1.0000,1,0,0,0,0,5.0584
102.8101,-97.4703,0.0864,93.0377,1.5147,5.4530,1.5147,0.0039,11.7591,263.6058,-0.1024,0.0107,0.5308,0.3021,0.0000,0.0000,0.0000,0.7684,1.0000,1,1,0,0,0,25.0443
102.8613,-97.5580,0.0864,93.0276,1.9213,6.9167,1.9213,0.0042,7.9338,263.6017,-0.0810,0.0107,0.5210,0.3021,0.0000,0.0000,0.0000,0.8161,1.0000,1,1,0,0,0,25.0371
102.9179,-97.6774,0.0864,93.0139,2.2347,8.0450,2.2347,0.0044,5.5357,263.5965,-0.0911,0.0107,0.4311,0.3021,0.0000,0.0000,0.0000,0.7913,1.0000,1,1,0,0,0,25.0344
102.9706,-97.7951,0.0864,93.0003,2.2135,7.9688,2.2135,0.0044,-0.4024,263.5914,-0.0974,0.0107,0.3177,0.3021,0.0000,0.0000,0.0000,0.6772,1.0000,1,1,0,0,0,25.0355
103.0293,-97.9156,0.0864,92.9864,1.9212,6.9163,1.9212,0.0044,-4.9809,263.5862,-0.0879,0.0107,0.2454,0.3021,0.0000,0.0000,0.0000,0.5505,1.0000,1,1,0,0,0,25.0392
103.0920,-98.0180,0.0864,92.9746,1.3938,5.0177,1.3938,0.0042,-8.4097,263.5801,-0.0983,0.0107,0.1809,0.3021,0.0000,0.0000,0.0000,0.4119,1.0000,1,1,0,0,0,25.0506
103.1508,-98.0847,0.0864,92.9667,0.9342,3.3632,0.9342,0.0038,-7.8119,263.5750,-0.0871,0.0107,0.1554,0.3021,0.0000,0.0000,0.0000,0.3287,1.0000,1,0,0,0,0,5.0664
103.2027,-98.1214,0.0864,92.9623,0.5438,1.9576,0.5438,0.0033,-7.5325,263.5698,-0.1001,0.0107,0.1554,0.3021,0.0000,0.0000,0.0000,0.2801,1.0000,1,0,0,0,0,5.0959
103.2617,-98.1438,0.0864,92.9596,0.2623,0.9444,0.2623,0.0025,-4.7711,263.5646,-0.0879,0.0107,0.1750,0.3021,0.0000,0.0000,0.0000,0.2627,1.0000,1,0,0,0,0,5.0049
103.3211,-98.1551,0.0864,92.9581,0.1843,0.6633,0.1842,0.0020,-1.3128,263.5583,-0.1057,0.0107,0.2806,0.3021,0.0000,0.0000,0.0000,0.3385,1.0000,1,0,0,0,0,5.0059
103.3714,-98.1679,0.0864,92.9565,0.3609,1.2993,0.3609,0.0024,3.5130,263.5541,-0.0825,0.0107,0.4155,0.3021,0.0000,0.0000,0.0000,0.4580,1.0000,1,0,0,0,0,5.0046
103.4327,-98.2066,0.0864,92.9518,0.9592,3.4530,0.9592,0.0034,9.7639,263.5479,-0.1016,0.0107,0.5191,0.3021,0.0000,0.0000,0.0000,0.6616,1.0000,1,0,0,0,0,5.0584
103.4926,-98.2814,0.0864,92.9431,1.5667,5.6402,1.5667,0.0039,10.1497,263.5427,-0.0867,0.0107,0.5582,0.3021,0.0000,0.0000,0.0000,0.7898,1.0000,1,1,0,0,0,25.0424
103.5427,-98.3730,0.0864,92.9324,2.1049,7.5777,2.1049,0.0043,10.7307,263.5376,-0.1028,0.0107,0.5523,0.3021,0.0000,0.0000,0.0000,0.8590,1.0000,1,1,0,0,0,25.0362
103.5928,-98.4859,0.0864,92.9193,2.4261,8.7341,2.4261,0.0044,6.4083,263.5335,-0.0810,0.0107,0.5484,0.3021,0.0000,0.0000,0.0000,0.8823,1.0000,1,1,0,0,0,25.0318
103.6519,-98.6378,0.0864,92.9018,2.7301,9.8283,2.7301,0.0046,5.1470,263.5273,-0.1049,0.0107,0.5152,0.3021,0.0000,0.0000,0.0000,0.8858,1.0000,1,1,0,0,0,25.0310
103.7134,-98.8089,0.0864,92.8820,2.8745,10.3481,2.8745,0.0046,2.3455,263.5221,-0.0843,0.0107,0.5562,0.3021,0.0000,0.0000,0.0000,0.9007,1.0000,1,1,0,0,0,25.0287
103.7724,-98.9810,0.0864,92.8621,2.9889,10.7601,2.9889,0.0046,1.9419,263.5169,-0.0886,0.0107,0.5503,0.3021,0.0000,0.0000,0.0000,0.9124,1.0000,1,1,0,0,0,25.0281
103.8330,-99.1626,0.0864,92.8411,3.0136,10.8490,3.0136,0.0047,0.4078,263.5107,-0.1027,0.0107,0.4878,0.3021,0.0000,0.0000,0.0000,0.8719,1.0000,1,1,0,0,0,25.0289
103.8936,-99.3406,0.0864,92.8204,2.8738,10.3456,2.8738,0.0046,-2.3064,263.5056,-0.0846,0.0107,0.4057,0.3021,0.0000,0.0000,0.0000,0.7906,1.0000,1,1,0,0,0,25.0288
103.9529,-99.4999,0.0864,92.8019,2.4952,8.9828,2.4952,0.0046,-6.3886,263.4994,-0.1040,0.0107,0.3236,0.3021,0.0000,0.0000,0.0000,0.6611,1.0000,1,1,0,0,0,25.0334
104.0033,-99.6168,0.0864,92.7883,2.1511,7.7439,2.1511,0.0045,-6.8237,263.4952,-0.0823,0.0107,0.2610,0.3021,0.0000,0.0000,0.0000,0.5668,1.0000,1,1,0,0,0,25.0360
104.0629,-99.7282,0.0864,92.7753,1.5793,5.6856,1.5793,0.0043,-9.5981,263.4891,-0.1035,0.0107,0.2063,0.3021,0.0000,0.0000,0.0000,0.4457,1.0000,1,1,0,0,0,25.0467
104.1215,-99.8077,0.0864,92.7658,1.0977,3.9518,1.0977,0.0040,-8.2183,263.4839,-0.0880,0.0107,0.1535,0.3021,0.0000,0.0000,0.0000,0.3499,1.0000,1,1,0,0,0,25.0596
104.1724,-99.8533,0.0864,92.7604,0.7262,2.6142,0.7261,0.0036,-7.2964,263.4798,-0.0809,0.0107,0.1203,0.3021,0.0000,0.0000,0.0000,0.2827,1.0000,1,0,0,0,0,5.0788
104.2347,-99.8808,0.0864,92.7569,0.2149,0.7738,0.2149,0.0024,-8.2076,263.4735,-0.1004,0.0107,0.0929,0.3021,0.0000,0.0000,0.0000,0.1992,1.0000,1,0,0,0,0,5.0056
104.2943,-99.8842,0.0864,92.7564,0.0006,0.0022,-0.0002,0.0006,-3.5927,263.4681,-0.0911,0.0107,0.0772,0.3021,0.0000,0.0000,0.0000,0.1526,1.0000,1,0,0,0,0,5.0051
104.3459,-99.8841,0.0864,92.7563,0.0005,0.0017,-0.0001,0.0005,-0.0028,263.4659,-0.0420,0.0107,0.0714,0.3021,0.0000,0.0000,0.0000,0.1214,1.0000,1,0,0,0,0,5.0023
104.4033,-99.8841,0.0864,92.7563,0.0004,0.0013,-0.0001,0.0003,-0.0021,263.4643,-0.0287,0.0107,0.0557,0.3021,0.0000,0.0000,0.0000,0.0943,1.0000,1,0,0,0,0,5.0016
104.4644,-99.8841,0.0864,92.7562,0.0003,0.0010,-0.0001,0.0003,-0.0014,263.4629,-0.0230,0.0107,0.0557,0.3021,0.0000,0.0000,0.0000,0.0755,1.0000,1,0,0,0,0,5.0013
104.5257,-99.8841,0.0864,92.7562,0.0002,0.0008,-0.0001,0.0002,-0.0005,263.4619,-0.0169,0.0107,0.0557,0.3021,0.0000,0.0000,0.0000,0.0684,1.0000,1,0,0,0,0,5.0009
104.5819,-99.8841,0.0864,92.7562,0.0002,0.0008,-0.0001,0.0002,-0.0003,263.4608,-0.0179,0.0107,0.0557,0.3021,0.0000,0.0000,0.0000,0.0649,1.0000,1,0,0,0,0,5.0010
104.6327,-99.8841,0.0864,92.7561,0.0002,0.0008,-0.0001,0.0002,-0.0002,263.4599,-0.0180,0.0107,0.0557,0.3021,0.0000,0.0000,0.0000,0.0632,1.0000,1,0,0,0,0,5.0010
104.6863,-99.8841,0.0864,92.7561,0.0002,0.0007,0.0000,0.0002,-0.0001,263.4590,-0.0165,0.0107,0.0557,0.3021,0.0000,0.0000,0.0000,0.0624,1.0000,1,0,0,0,0,5.0009
104.7475,-99.8841,0.0864,92.7560,0.0002,0.0007,0.0000,0.0002,0.0000,263.4581,-0.0150,0.0107,0.0557,0.3021,0.0000,0.0000,0.0000,0.0620,1.0000,1,0,0,0,0,5.0008
104.8050,-99.8841,0.0864,92.7560,0.0002,0.0007,0.0000,0.0002,0.0000,263.4572,-0.0159,0.0107,0.0557,0.3021,0.0000,0.0000,0.0000,0.0618,1.0000,1,0,0,0,0,5.0009
104.8670,-99.8841,0.0864,92.7560,0.0002,0.0007,0.0000,0.0002,0.0000,263.4562,-0.0167,0.0107,0.0557,0.3021,0.0000,0.0000,0.0000,0.0617,1.0000,1,0,0,0,0,5.0009
104.9263,-99.8841,0.0864,92.7559,0.0002,0.0007,0.0000,0.0002,0.0000,263.4553,-0.0144,0.0107,0.0557,0.3021,0.0000,0.0000,0.0000,0.0616,1.0000,1,0,0,0,0,5.0008
104.9857,-99.8841,0.0864,92.7559,0.0002,0.0007,0.0000,0.0002,0.0000,263.4542,-0.0185,0.0107,0.0557,0.3021,0.0000,0.0000,0.0000,0.0616,1.0000,1,0,0,0,0,5.0010
105.0372,-99.8841,0.0864,92.7558,0.0002,0.0007,0.0000,0.0002,0.0000,263.4535,-0.0142,0.0107,0.0557,0.3021,0.0000,0.0000,0.0000,0.0616,1.0000,1,0,0,0,0,5.0008
105.0970,-99.8841,0.0864,92.7558,0.0002,0.0007,0.0000,0.0002,0.0000,263.4525,-0.0163,0.0107,0.0557,0.3021,0.0000,0.0000,0.0000,0.0616,1.0000,1,0,0,0,0,5.0009
105.1569,-99.8841,0.0864,92.7558,0.0002,0.0007,0.0000,0.0002,0.0000,263.4517,-0.0137,0.0107,0.0557,0.3021,0.0000,0.0000,0.0000,0.0616,1.0000,1,0,0,0,0,5.0008
105.2178,-99.8841,0.0864,92.7557,0.0002,0.0007,0.0000,0.0002,0.0000,263.4506,-0.0175,0.0107,0.0557,0.3021,0.0000,0.0000,0.0000,0.0616,1.0000,1,0,0,0,0,5.0010
105.2760,-99.8841,0.0864,92.7557,0.0002,0.0007,0.0000,0.0002,0.0000,263.4497,-0.0163,0.0107,0.0557,0.3021,0.0000,0.0000,0.0000,0.0616,1.0000,1,0,0,0,0,5.0009
105.3364,-99.8841,0.0864,92.7556,0.0002,0.0007,0.0000,0.0002,0.0000,263.4487,-0.0157,0.0107,0.0557,0.3021,0.0000,0.0000,0.0000,0.0616,1.0000,1,0,0,0,0,5.0009
105.3966,-99.8841,0.0864,92.7556,0.0002,0.0007,0.0000,0.0002,0.0000,263.4476,-0.0182,0.0107,0.0557,0.3021,0.0000,0.0000,0.0000,0.0616,1.0000,1,0,0,0,0,5.0010
105.4561,-99.8841,0.0864,92.7556,0.0002,0.0007,0.0000,0.0002,0.0000,263.4468,-0.0144,0.0107,0.0557,0.3021,0.0000,0.0000,0.0000,0.0616,1.0000,1,0,0,0,0,5.0008
105.5069,-99.8841,0.0864,92.7555,0.0002,0.0007,0.0000,0.0002,0.0000,263.4459,-0.0174,0.0107,0.0557,0.3021,0.0000,0.0000,0.0000,0.0616,1.0000,1,0,0,0,0,5.0010
105.5666,-99.8841,0.0864,92.7555,0.0002,0.0007,0.0000,0.0002,0.0000,263.4451,-0.0138,0.0107,0.0557,0.3021,0.0000,0.0000,0.0000,0.0616,1.0000,1,0,0,0,0,5.0008
105.6266,-99.8841,0.0864,92.7554,0.0002,0.0007,0.0000,0.0002,0.0000,263.4442,-0.0153,0.0107,0.0557,0.3021,0.0000,0.0000,0.0000,0.0616,1.0000,1,0,0,0,0,5.0008
105.6773,-99.8841,0.0864,92.7554,0.0002,0.0007,0.0000,0.0002,0.0000,263.4432,-0.0180,0.0107,0.0557,0.3021,0.0000,0.0000,0.0000,0.0616,1.0000,1,0,0,0,0,5.0010
105.7279,-99.8841,0.0864,92.7554,0.0002,0.0007,0.0000,0.0002,0.0000,263.4424,-0.0169,0.0107,0.0557,0.3021,0.0000,0.0000,0.0000,0.0616,1.0000,1,0,0,0,0,5.0009
105.7857,-99.8841,0.0864,92.7553,0.0002,0.0007,0.0000,0.0002,0.0000,263.4416,-0.0137,0.0107,0.0557,0.3021,0.0000,0.0000,0.0000,0.0616,1.0000,1,0,0,0,0,5.0008
105.8385,-99.8841,0.0864,92.7553,0.0002,0.0007,0.0000,0.0002,0.0000,263.4408,-0.0150,0.0107,0.0557,0.3021,0.0000,0.0000,0.0000,0.0616,1.0000,1,0,0,0,0,5.0008
105.8889,-99.8841,0.0864,92.7553,0.0002,0.0007,0.0000,0.0002,0.0000,263.4401,-0.0133,0.0107,0.0557,0.2668,0.0000,0.0000,0.0000,0.0616,1.0000,1,0,0,0,0,5.0007
105.9495,-99.8841,0.0864,92.7552,0.0002,0.0007,0.0000,0.0002,0.0000,263.4390,-0.0186,0.0107,0.0557,-0.0440,0.0000,0.0000,0.0000,0.0616,0.6947,1,0,0,0,0,3.4746
106.0075,-99.8841,0.0864,92.7552,0.0002,0.0007,0.0000,0.0002,0.0000,263.4380,-0.0163,0.0107,0.0557,-0.6559,0.0000,0.0000,0.0000,0.0616,0.2795,1,0,0,0,0,1.3983
106.0691,-99.8841,0.0864,92.7551,0.0002,0.0007,0.0000,0.0002,0.0000,263.4371,-0.0149,0.0107,0.0557,-0.9375,0.0000,0.0000,0.0000,0.0616,0.1124,1,0,0,0,0,0.5630
106.1254,-99.8841,0.0864,92.7551,0.0002,0.0007,0.0000,0.0002,0.0000,263.4362,-0.0157,0.0107,0.0557,-0.9902,0.0000,0.0000,0.0000,0.0616,0.0452,1,0,0,0,0,0.2270
106.1780,-99.8841,0.0864,92.7551,0.0002,0.0007,0.0000,0.0002,0.0000,263.4354,-0.0168,0.0107,0.0557,-1.0000,0.0000,0.0000,0.0000,0.0616,0.0182,1,0,0,0,0,0.0919
106.2387,-99.8841,0.0864,92.7550,0.0002,0.0007,0.0000,0.0002,-0.0003,263.4344,-0.0151,0.0107,0.0518,-0.9629,0.0000,0.0000,0.0000,0.0582,0.0061,1,0,0,0,0,0.0313
106.2997,-99.8841,0.0864,92.7550,0.0002,0.0006,0.0000,0.0002,-0.0001,263.4337,-0.0125,0.0107,0.0518,-0.5113,0.0000,0.0000,0.0000,0.0565,0.0025,1,0,0,0,0,0.0130
106.3568,-99.8841,0.0864,92.7549,0.0002,0.0006,0.0000,0.0002,-0.0001,263.4330,-0.0128,0.0107,0.0518,-0.1359,0.0000,0.0000,0.0000,0.0557,0.0010,1,0,0,0,0,0.0056
106.4086,-99.8841,0.0864,92.7549,0.0002,0.0006,0.0000,0.0002,0.0000,263.4323,-0.0136,0.0107,0.0518,0.2414,0.0000,0.0000,0.0000,0.0552,0.5981,1,0,0,0,0,2.9913
106.4657,-99.8841,0.0864,92.7549,0.0002,0.0006,0.0000,0.0002,0.0000,263.4316,-0.0107,0.0107,0.0518,0.2962,0.0000,0.0000,0.0000,0.0551,0.8383,1,0,0,0,0,4.1922
106.5185,-99.8841,0.0864,92.7548,0.0002,0.0006,0.0000,0.0002,0.0000,263.4309,-0.0133,0.0107,0.0518,0.3001,0.0000,0.0000,0.0000,0.0550,0.9350,1,0,0,0,0,4.6756
106.5791,-99.8841,0.0864,92.7548,0.0002,0.0006,0.0000,0.0002,0.0000,263.4303,-0.0111,0.0107,0.0518,0.3001,0.0000,0.0000,0.0000,0.0549,0.9738,1,0,0,0,0,4.8698
106.6381,-99.8841,0.0864,92.7548,0.0002,0.0006,0.0000,0.0002,0.0000,263.4294,-0.0145,0.0107,0.0518,0.3001,0.0000,0.0000,0.0000,0.0549,0.9912,1,0,0,0,0,4.9569
106.6992,-99.8841,0.0864,92.7547,0.0002,0.0006,0.0000,0.0002,0.0000,263.4287,-0.0120,0.0107,0.0518,0.3001,0.0000,0.0000,0.0000,0.0549,0.9965,1,0,0,0,0,4.9830
106.7597,-99.8841,0.0864,92.7547,0.0002,0.0006,0.0000,0.0002,0.0000,263.4279,-0.0131,0.0107,0.0518,0.3001,0.0000,0.0000,0.0000,0.0549,0.9986,1,0,0,0,0,4.9936
106.8199,-99.8841,0.0864,92.7546,0.0002,0.0006,0.0000,0.0002,0.0000,263.4269,-0.0157,0.0107,0.0518,0.3001,0.0000,0.0000,0.0000,0.0549,0.9995,1,0,0,0,0,4.9985
106.8770,-99.8841,0.0864,92.7546,0.0002,0.0006,0.0000,0.0002,0.0000,263.4261,-0.0139,0.0107,0.0518,0.3001,0.0000,0.0000,0.0000,0.0549,0.9998,1,0,0,0,0,4.9998
106.9281,-99.8841,0.0864,92.7546,0.0002,0.0006,0.0000,0.0002,0.0000,263.4254,-0.0149,0.0107,0.0518,0.3001,0.0000,0.0000,0.0000,0.0549,0.9999,1,0,0,0,0,5.0004
106.9788,-99.8841,0.0864,92.7545,0.0002,0.0006,0.0000,0.0002,0.0000,263.4249,-0.0102,0.0107,0.0518,0.3001,0.0000,0.0000,0.0000,0.0549,1.0000,1,0,0,0,0,5.0004
107.0394,-99.8841,0.0864,92.7545,0.0002,0.0006,0.0000,0.0002,0.0000,263.4240,-0.0151,0.0107,0.0518,0.3001,0.0000,0.0000,0.0000,0.0549,1.0000,1,0,0,0,0,5.0008
107.0906,-99.8841,0.0864,92.7544,0.0002,0.0006,0.0000,0.0002,0.0000,263.4233,-0.0119,0.0107,0.0518,0.3001,0.0000,0.0000,0.0000,0.0549,1.0000,1,0,0,0,0,5.0006
107.1487,-99.8841,0.0864,92.7544,0.0001,0.0004,0.0000,0.0001,-0.0011,263.4225,-0.0142,0.0107,-0.4526,0.3021,0.0000,0.0000,0.0000,0.0403,1.0000,1,0,0,0,0,5.0008
107.2100,-99.8841,0.0864,92.7544,0.0001,0.0002,0.0000,0.0001,-0.0007,263.4222,-0.0045,0.0107,0.0577,0.3021,0.0000,0.0000,0.0000,0.0316,1.0000,1,0,0,0,0,5.0002
107.2603,-99.8841,0.0864,92.7544,0.0009,0.0034,0.0000,0.0009,0.0172,263.4200,-0.0443,0.0107,0.3373,0.3021,0.0000,0.0000,0.0000,0.2024,1.0000,1,0,0,0,0,5.0025
107.3105,-99.8859,0.0864,92.7540,0.1309,0.4712,0.1309,0.0017,2.5908,263.4147,-0.1052,0.0107,0.4624,0.3021,0.0000,0.0000,0.0000,0.4210,1.0000,1,0,0,0,0,5.0058
107.3704,-99.9116,0.0864,92.7508,0.8425,3.0331,0.8425,0.0031,11.8777,263.4086,-0.1029,0.0107,0.5308,0.3021,0.0000,0.0000,0.0000,0.6708,1.0000,1,0,0,0,0,5.0615
107.4227,-99.9686,0.0864,92.7440,1.3810,4.9715,1.3810,0.0037,10.3044,263.4044,-0.0794,0.0107,0.5386,0.3021,0.0000,0.0000,0.0000,0.7678,1.0000,1,1,0,0,0,25.0449
107.4814,-100.0685,0.0864,92.7321,2.0238,7.2857,2.0238,0.0042,10.9467,263.3982,-0.1055,0.0107,0.4995,0.3021,0.0000,0.0000,0.0000,0.8238,1.0000,1,1,0,0,0,25.0373
107.5327,-100.1710,0.0864,92.7200,1.9167,6.9001,1.9167,0.0043,-2.0878,263.3941,-0.0809,0.0107,0.1965,0.3021,0.0000,0.0000,0.0000,0.5571,1.0000,1,1,0,0,0,25.0384
107.5919,-100.2628,0.0864,92.7090,1.2302,4.4287,1.2302,0.0041,-11.5851,263.3889,-0.0881,0.0107,-0.6344,0.3021,0.0000,0.0000,0.0000,0.2726,1.0000,1,1,0,0,0,25.0551
107.6486,-100.3048,0.0864,92.7038,0.3002,1.0807,0.3002,0.0029,-16.4194,263.3826,-0.1110,0.0107,-0.6540,0.3021,0.0000,0.0000,0.0000,0.1156,1.0000,1,0,0,0,0,5.0062
107.7008,-100.3101,0.0864,92.7031,0.0007,0.0024,-0.0002,0.0007,-5.7318,263.3793,-0.0631,0.0107,0.3490,0.3021,0.0000,0.0000,0.0000,0.1664,1.0000,1,0,0,0,0,5.0035
107.7511,-100.3143,0.0864,92.7024,0.2989,1.0761,0.2989,0.0021,5.9380,263.3733,-0.1191,0.0107,0.5621,0.3021,0.0000,0.0000,0.0000,0.5333,1.0000,1,0,0,0,0,5.0066
107.8016,-100.3451,0.0864,92.6987,0.9239,3.3260,0.9239,0.0031,12.3687,263.3691,-0.0821,0.0107,0.6383,0.3021,0.0000,0.0000,0.0000,0.7365,1.0000,1,0,0,0,0,5.0557
107.8627,-100.4321,0.0864,92.6882,1.8735,6.7444,1.8734,0.0040,15.5343,263.3629,-0.1013,0.0107,0.6461,0.3021,0.0000,0.0000,0.0000,0.8883,1.0000,1,1,0,0,0,25.0380
107.9191,-100.5540,0.0864,92.6737,2.4740,8.9063,2.4740,0.0044,10.6554,263.3578,-0.0915,0.0107,0.6461,0.3021,0.0000,0.0000,0.0000,0.9453,1.0000,1,1,0,0,0,25.0317
107.9730,-100.6978,0.0864,92.6566,2.8889,10.4002,2.8889,0.0046,7.6941,263.3526,-0.0962,0.0107,0.6461,0.3021,0.0000,0.0000,0.0000,0.9732,1.0000,1,1,0,0,0,25.0290
108.0328,-100.8777,0.0864,92.6353,3.1593,11.3733,3.1593,0.0046,4.5239,263.3474,-0.0868,0.0107,0.6461,0.3021,0.0000,0.0000,0.0000,0.9869,1.0000,1,1,0,0,0,25.0268
108.0931,-101.0732,0.0864,92.6121,3.3541,12.0746,3.3541,0.0047,3.2288,263.3413,-0.1017,0.0107,0.6461,0.3021,0.0000,0.0000,0.0000,0.9944,1.0000,1,1,0,0,0,25.0267
108.1501,-101.2657,0.0864,92.5893,3.4478,12.4122,3.4478,0.0047,1.6444,263.3361,-0.0904,0.0107,0.6461,0.3021,0.0000,0.0000,0.0000,0.9973,1.0000,1,1,0,0,0,25.0256
108.2015,-101.4428,0.0864,92.5683,3.4950,12.5819,3.4950,0.0047,0.9181,263.3319,-0.0814,0.0107,0.6461,0.3021,0.0000,0.0000,0.0000,0.9985,1.0000,1,1,0,0,0,25.0247
108.2627,-101.6567,0.0864,92.5429,3.5371,12.7337,3.5371,0.0047,0.6888,263.3257,-0.1012,0.0107,0.6461,0.3021,0.0000,0.0000,0.0000,0.9993,1.0000,1,1,0,0,0,25.0257
108.3130,-101.8339,0.0864,92.5219,3.5534,12.7923,3.5534,0.0047,0.3239,263.3216,-0.0825,0.0107,0.6461,0.3021,0.0000,0.0000,0.0000,0.9996,1.0000,1,1,0,0,0,25.0244
108.3699,-102.0351,0.0864,92.4979,3.5677,12.8438,3.5677,0.0048,0.2512,263.3155,-0.1072,0.0107,0.6461,0.3021,0.0000,0.0000,0.0000,0.9998,1.0000,1,1,0,0,0,25.0260
108.4236,-102.2255,0.0864,92.4753,3.5732,12.8634,3.5732,0.0047,0.1014,263.3113,-0.0773,0.0107,0.6461,0.3021,0.0000,0.0000,0.0000,0.9999,1.0000,1,1,0,0,0,25.0241
108.4737,-102.4034,0.0864,92.4541,3.5774,12.8785,3.5773,0.0047,0.0835,263.3062,-0.1035,0.0107,0.6461,0.3021,0.0000,0.0000,0.0000,1.0000,1.0000,1,1,0,0,0,25.0256
108.5339,-102.6173,0.0864,92.4286,3.5797,12.8870,3.5797,0.0047,0.0395,263.3010,-0.0862,0.0107,0.6461,0.3021,0.0000,0.0000,0.0000,1.0000,1.0000,1,1,0,0,0,25.0245
108.5940,-102.8311,0.0864,92.4031,3.5813,12.8926,3.5813,0.0047,0.0257,263.2947,-0.1035,0.0107,0.6461,0.3021,0.0000,0.0000,0.0000,1.0000,1.0000,1,1,0,0,0,25.0256
108.6505,-103.0319,0.0864,92.3792,3.5819,12.8947,3.5819,0.0047,0.0106,263.2896,-0.0908,0.0107,0.6461,0.3021,0.0000,0.0000,0.0000,1.0000,1.0000,1,1,0,0,0,25.0249
108.7017,-103.2142,0.0864,92.3574,3.5823,12.8962,3.5823,0.0047,0.0079,263.2855,-0.0804,0.0107,0.6461,0.3021,0.0000,0.0000,0.0000,1.0000,1.0000,1,1,0,0,0,25.0242
108.7545,-103.4020,0.0864,92.3350,3.5825,12.8969,3.5825,0.0047,0.0038,263.2803,-0.0982,0.0107,0.6461,0.3021,0.0000,0.0000,0.0000,1.0000,1.0000,1,1,0,0,0,25.0252
108.8123,-103.6076,0.0864,92.3104,3.5826,12.8975,3.5826,0.0047,0.0028,263.2751,-0.0898,0.0107,0.6461,0.3021,0.0000,0.0000,0.0000,1.0000,1.0000,1,1,0,0,0,25.0247
108.8735,-103.8216,0.0860,92.2856,2.6391,9.5007,2.6359,0.1300,-15.4225,263.4084,2.1778,0.0107,0.6461,0.3021,0.0000,0.0000,0.0000,1.0000,1.0000,1,1,0,0,0,25.8597
108.9344,-103.9337,0.0858,92.2799,1.1522,4.1481,1.1502,0.0686,-24.4092,263.6572,4.0852,0.0107,0.6442,0.3021,0.0000,0.0000,0.0000,1.0000,1.0000,1,1,0,0,0,26.1197
108.9914,-103.9892,0.0860,92.2777,0.8932,3.2156,0.8931,0.0134,-4.5441,263.9210,4.6275,0.0107,0.6266,0.3021,0.0000,0.0000,0.0000,1.0000,1.0000,1,0,0,0,0,5.4823
109.0430,-104.0339,0.0860,92.2754,0.8701,3.1324,0.8700,0.0111,-0.4485,264.0801,3.0852,0.0107,0.6149,0.3021,0.0000,0.0000,0.0000,1.0000,1.0000,1,0,0,0,0,5.3633
109.1053,-104.0876,0.0860,92.2727,0.8702,3.1326,0.8701,0.0110,0.0012,264.3102,3.6943,0.0107,0.5660,0.3021,0.0000,0.0000,0.0000,0.9826,1.0000,1,0,0,0,0,5.3949
109.1584,-104.1324,0.0860,92.2706,0.8163,2.9385,0.8162,0.0104,-1.0159,264.4921,3.4267,0.0107,0.4780,0.3021,0.0000,0.0000,0.0000,0.9139,1.0000,1,0,0,0,0,5.3823
109.2148,-104.1752,0.0861,92.2686,0.6921,2.4916,0.6921,0.0089,-2.1986,264.6513,2.8191,0.0107,0.3959,0.3021,0.0000,0.0000,0.0000,0.7996,1.0000,1,0,0,0,0,5.3491
109.2748,-104.2117,0.0862,92.2671,0.5357,1.9284,0.5356,0.0068,-2.6088,264.7788,2.1267,0.0107,0.3333,0.3021,0.0000,0.0000,0.0000,0.6809,1.0000,1,0,0,0,0,5.3075
109.3251,-104.2350,0.0862,92.2661,0.4032,1.4516,0.4032,0.0050,-2.6337,264.8741,1.8947,0.0107,0.2981,0.3021,0.0000,0.0000,0.0000,0.5899,1.0000,1,0,0,0,0,5.1053
109.3764,-104.2531,0.0863,92.2654,0.3131,1.1273,0.3131,0.0037,-1.7577,264.9318,1.1258,0.0107,0.2708,0.3021,0.0000,0.0000,0.0000,0.5291,1.0000,1,0,0,0,0,5.0625
109.4364,-104.2680,0.0863,92.2649,0.1950,0.7020,0.1950,0.0023,-1.9681,264.9937,1.0311,0.0107,0.2375,0.3021,0.0000,0.0000,0.0000,0.4512,1.0000,1,0,0,0,0,5.0573
109.4894,-104.2764,0.0863,92.2646,0.1267,0.4561,0.1267,0.0015,-1.2872,265.0204,0.5027,0.0107,0.2063,0.3021,0.0000,0.0000,0.0000,0.4016,1.0000,1,0,0,0,0,5.0279
109.5455,-104.2806,0.0864,92.2644,0.0427,0.1537,0.0427,0.0006,-1.4969,265.0399,0.3475,0.0107,0.1848,0.3021,0.0000,0.0000,0.0000,0.3462,1.0000,1,0,0,0,0,5.0193
109.5970,-104.2812,0.0864,92.2644,0.0001,0.0004,0.0000,0.0001,-0.8276,265.0467,0.1322,0.0107,0.1809,0.3021,0.0000,0.0000,0.0000,0.3110,1.0000,1,0,0,0,0,5.0073
109.6482,-104.2811,0.0864,92.2644,0.0002,0.0008,0.0000,0.0002,0.0021,265.0483,0.0328,0.0107,0.1809,0.3021,0.0000,0.0000,0.0000,0.2938,1.0000,1,0,0,0,0,5.0018
109.7079,-104.2812,0.0864,92.2644,0.0001,0.0004,0.0000,0.0001,-0.0021,265.0503,0.0327,0.0107,0.1809,0.3021,0.0000,0.0000,0.0000,0.2854,1.0000,1,0,0,0,0,5.0018
109.7651,-104.2812,0.0864,92.2644,0.0002,0.0006,0.0000,0.0002,0.0012,265.0516,0.0235,0.0107,0.1809,0.3021,0.0000,0.0000,0.0000,0.2813,1.0000,1,0,0,0,0,5.0013
109.8154,-104.2811,0.0864,92.2643,0.0001,0.0005,0.0000,0.0001,-0.0007,265.0532,0.0315,0.0107,0.1809,0.3021,0.0000,0.0000,0.0000,0.2793,1.0000,1,0,0,0,0,5.0018
109.8674,-104.2812,0.0864,92.2643,0.0001,0.0004,0.0000,0.0001,-0.0005,265.0540,0.0141,0.0107,0.1809,0.3021,0.0000,0.0000,0.0000,0.2784,1.0000,1,0,0,0,0,5.0008
109.9202,-104.2812,0.0864,92.2643,0.0001,0.0004,0.0000,0.0001,0.0002,265.0553,0.0260,0.0107,0.1770,0.3021,0.0000,0.0000,0.0000,0.2756,1.0000,1,0,0,0,0,5.0014
109.9761,-104.2812,0.0864,92.2643,0.0002,0.0006,0.0000,0.0002,0.0006,265.0567,0.0240,0.0107,0.1770,0.3021,0.0000,0.0000,0.0000,0.2730,1.0000,1,0,0,0,0,5.0013
110.0276,-104.2812,0.0864,92.2643,0.0004,0.0013,0.0001,0.0004,0.0043,265.0578,0.0213,0.0107,0.1770,0.3021,0.0000,0.0000,0.0000,0.2718,1.0000,1,0,0,0,0,5.0012
110.0885,-104.2812,0.0864,92.2642,0.0002,0.0008,0.0000,0.0002,-0.0024,265.0593,0.0250,0.0107,0.2023,0.3021,0.0000,0.0000,0.0000,0.2845,1.0000,1,0,0,0,0,5.0014
110.1479,-104.2812,0.0864,92.2642,0.0002,0.0007,0.0002,0.0001,-0.0005,265.0607,0.0236,0.0107,0.2571,0.3021,0.0000,0.0000,0.0000,0.3355,1.0000,1,0,0,0,0,5.0013
110.2078,-104.2829,0.0864,92.2641,0.0806,0.2901,0.0806,0.0003,1.3418,265.0642,0.0586,0.0107,0.3333,0.3021,0.0000,0.0000,0.0000,0.4195,1.0000,1,0,0,0,0,5.0033
110.2690,-104.2932,0.0863,92.2635,0.2617,0.9422,0.2617,0.0019,2.9610,265.0956,0.5133,0.0107,0.4076,0.3021,0.0000,0.0000,0.0000,0.5400,1.0000,1,0,0,0,0,5.0285
110.3288,-104.3131,0.0863,92.2625,0.4204,1.5136,0.4204,0.0036,2.6555,265.1528,0.9565,0.0107,0.4663,0.3021,0.0000,0.0000,0.0000,0.6476,1.0000,1,0,0,0,0,5.0531
110.3800,-104.3383,0.0862,92.2613,0.5805,2.0899,0.5805,0.0054,3.1270,265.2380,1.6653,0.0107,0.5308,0.3021,0.0000,0.0000,0.0000,0.7511,1.0000,1,0,0,0,0,5.2319
110.4364,-104.3748,0.0861,92.2597,0.7400,2.6641,0.7400,0.0070,2.8266,265.3498,1.9805,0.0107,0.5777,0.3021,0.0000,0.0000,0.0000,0.8451,1.0000,1,0,0,0,0,5.2511
110.4889,-104.4167,0.0861,92.2579,0.8608,3.0989,0.8608,0.0078,2.2994,265.4562,2.0267,0.0107,0.6129,0.3021,0.0000,0.0000,0.0000,0.9098,1.0000,1,0,0,0,0,5.2478
110.5478,-104.4710,0.0861,92.2557,0.9829,3.5384,0.9828,0.0093,2.0735,265.6394,3.1101,0.0107,0.6422,0.3021,0.0000,0.0000,0.0000,0.9618,1.0000,1,0,0,0,0,5.3149
110.6080,-104.5321,0.0860,92.2534,1.0564,3.8029,1.0563,0.0094,1.2205,265.8007,2.6802,0.0107,0.6579,0.3021,0.0000,0.0000,0.0000,0.9813,1.0000,1,1,0,0,0,25.2830
110.6583,-104.5859,0.0860,92.2515,1.1041,3.9747,1.1040,0.0099,0.9500,265.9662,3.2932,0.0107,0.6618,0.3021,0.0000,0.0000,0.0000,0.9908,1.0000,1,1,0,0,0,25.3176
110.7184,-104.6529,0.0860,92.2491,1.1406,4.1061,1.1405,0.0097,0.6066,266.1323,2.7610,0.0107,0.6618,0.3021,0.0000,0.0000,0.0000,0.9955,1.0000,1,1,0,0,0,25.2810
110.7783,-104.7220,0.0860,92.2468,1.1860,4.2696,1.1859,0.0100,0.7587,266.3290,3.2875,0.0107,0.6618,0.3021,0.0000,0.0000,0.0000,0.9981,1.0000,1,1,0,0,0,25.3090
110.8459,-104.8030,0.0861,92.2443,1.2278,4.4201,1.2278,0.0098,0.6181,266.5226,2.8600,0.0107,0.6110,0.3021,0.0000,0.0000,0.0000,0.9992,1.0000,1,1,0,0,0,25.2787
110.8984,-104.8662,0.0861,92.2425,1.2058,4.3410,1.2058,0.0109,-0.4188,266.6487,2.4030,0.0107,0.4995,0.3021,0.0000,0.0000,0.0000,0.9526,1.0000,1,1,0,0,0,25.2697
110.9588,-104.9351,0.0861,92.2405,1.0398,3.7432,1.0397,0.0083,-2.7508,266.8177,2.8005,0.0107,0.3939,0.3021,0.0000,0.0000,0.0000,0.8143,1.0000,1,1,0,0,0,25.2750
111.0161,-104.9879,0.0862,92.2392,0.7990,2.8763,0.7989,0.0063,-4.1989,266.9310,1.9742,0.0107,0.2884,0.3021,0.0000,0.0000,0.0000,0.6668,1.0000,1,0,0,0,0,5.2286
111.0670,-105.0219,0.0862,92.2384,0.5204,1.8736,0.5204,0.0043,-5.4775,267.0119,1.5916,0.0107,0.2180,0.3021,0.0000,0.0000,0.0000,0.5231,1.0000,1,0,0,0,0,5.2119
111.1284,-105.0460,0.0863,92.2380,0.2598,0.9353,0.2598,0.0022,-4.2408,267.0606,0.7921,0.0107,0.1789,0.3021,0.0000,0.0000,0.0000,0.4046,1.0000,1,0,0,0,0,5.0440
111.1792,-105.0543,0.0863,92.2378,0.0709,0.2553,0.0709,0.0007,-3.7204,267.0829,0.4400,0.0107,0.1691,0.3021,0.0000,0.0000,0.0000,0.3303,1.0000,1,0,0,0,0,5.0244
111.2385,-105.0556,0.0864,92.2378,0.0001,0.0004,0.0000,0.0001,-1.1938,267.0890,0.1024,0.0107,0.1691,0.3021,0.0000,0.0000,0.0000,0.2929,1.0000,1,0,0,0,0,5.0057
111.2986,-105.0556,0.0864,92.2378,0.0001,0.0005,0.0000,0.0001,0.0005,267.0905,0.0244,0.0107,0.1691,0.3021,0.0000,0.0000,0.0000,0.2746,1.0000,1,0,0,0,0,5.0014
111.3567,-105.0556,0.0864,92.2378,0.0002,0.0009,0.0000,0.0002,0.0015,267.0926,0.0362,0.0107,0.1691,0.3021,0.0000,0.0000,0.0000,0.2645,1.0000,1,0,0,0,0,5.0020
111.4103,-105.0556,0.0864,92.2378,0.0005,0.0019,0.0001,0.0005,0.0054,267.0936,0.0194,0.0107,0.1809,0.3021,0.0000,0.0000,0.0000,0.2640,1.0000,1,0,0,0,0,5.0011
111.4686,-105.0556,0.0864,92.2377,0.0004,0.0014,0.0001,0.0004,-0.0024,267.0954,0.0308,0.0107,0.2532,0.3021,0.0000,0.0000,0.0000,0.3204,1.0000,1,0,0,0,0,5.0017
111.5293,-105.0579,0.0864,92.2376,0.1188,0.4276,0.1188,0.0002,1.9515,267.0982,0.0468,0.0107,0.3998,0.3021,0.0000,0.0000,0.0000,0.4495,1.0000,1,0,0,0,0,5.0026
111.5883,-105.0743,0.0863,92.2371,0.4722,1.7000,0.4722,0.0021,5.9912,267.1294,0.5281,0.0107,0.5171,0.3021,0.0000,0.0000,0.0000,0.6459,1.0000,1,0,0,0,0,5.0293
111.6390,-105.1043,0.0862,92.2362,0.7381,2.6570,0.7381,0.0037,5.2474,267.1764,0.9283,0.0107,0.5797,0.3021,0.0000,0.0000,0.0000,0.7712,1.0000,1,0,0,0,0,5.1268
111.6994,-105.1593,0.0862,92.2347,1.0894,3.9217,1.0894,0.0062,5.8110,267.2854,1.8026,0.0107,0.6286,0.3021,0.0000,0.0000,0.0000,0.9024,1.0000,1,1,0,0,0,25.1854
111.7605,-105.2313,0.0861,92.2329,1.2799,4.6076,1.2799,0.0071,3.1183,267.4006,1.8851,0.0107,0.6559,0.3021,0.0000,0.0000,0.0000,0.9523,1.0000,1,1,0,0,0,25.1878
111.8172,-105.3072,0.0861,92.2311,1.4001,5.0402,1.4000,0.0075,2.1205,267.5266,2.2240,0.0107,0.6618,0.3021,0.0000,0.0000,0.0000,0.9766,1.0000,1,1,0,0,0,25.2044
111.8695,-105.3822,0.0861,92.2295,1.4839,5.3421,1.4839,0.0079,1.6046,267.6561,2.4779,0.0107,0.6618,0.3021,0.0000,0.0000,0.0000,0.9886,1.0000,1,1,0,0,0,25.2172
111.9293,-105.4726,0.0861,92.2277,1.5475,5.5709,1.5474,0.0076,1.0617,267.7857,2.1652,0.0107,0.6364,0.3021,0.0000,0.0000,0.0000,0.9944,1.0000,1,1,0,0,0,25.1940
111.9887,-105.5661,0.0861,92.2259,1.6034,5.7722,1.6034,0.0079,0.9416,267.9380,2.5649,0.0107,0.5621,0.3021,0.0000,0.0000,0.0000,0.9838,1.0000,1,1,0,0,0,25.2163
112.0493,-105.6620,0.0861,92.2243,1.5538,5.5937,1.5538,0.0071,-0.8186,268.0582,1.9831,0.0107,0.4761,0.3021,0.0000,0.0000,0.0000,0.9099,1.0000,1,1,0,0,0,25.1785
112.1065,-105.7454,0.0862,92.2230,1.3595,4.8940,1.3594,0.0062,-3.3981,268.1653,1.8738,0.0107,0.3803,0.3021,0.0000,0.0000,0.0000,0.7875,1.0000,1,1,0,0,0,25.1726
112.1593,-105.8092,0.0862,92.2221,1.0602,3.8166,1.0602,0.0049,-5.6652,268.2508,1.6181,0.0107,0.2806,0.3021,0.0000,0.0000,0.0000,0.6378,1.0000,1,1,0,0,0,25.1590
112.2192,-105.8617,0.0863,92.2214,0.7130,2.5670,0.7130,0.0033,-5.7902,268.3120,1.0201,0.0107,0.2121,0.3021,0.0000,0.0000,0.0000,0.5007,1.0000,1,0,0,0,0,5.1255
112.2806,-105.8927,0.0863,92.2210,0.3461,1.2461,0.3461,0.0015,-5.9793,268.3557,0.7127,0.0107,0.1984,0.3021,0.0000,0.0000,0.0000,0.3925,1.0000,1,0,0,0,0,5.0396
112.3392,-105.9068,0.0863,92.2208,0.1487,0.5354,0.1487,0.0007,-3.3703,268.3740,0.3126,0.0107,0.1965,0.3021,0.0000,0.0000,0.0000,0.3487,1.0000,1,0,0,0,0,5.0174
112.3998,-105.9117,0.0864,92.2208,0.0265,0.0956,0.0265,0.0001,-2.0154,268.3834,0.1541,0.0107,0.1965,0.3021,0.0000,0.0000,0.0000,0.3231,1.0000,1,0,0,0,0,5.0086
112.4595,-105.9121,0.0864,92.2208,0.0002,0.0008,0.0000,0.0002,-0.4413,268.3855,0.0353,0.0107,0.1965,0.3021,0.0000,0.0000,0.0000,0.3135,1.0000,1,0,0,0,0,5.0020
112.5173,-105.9121,0.0864,92.2208,0.0001,0.0004,0.0000,0.0001,-0.0019,268.3872,0.0301,0.0107,0.1965,0.3021,0.0000,0.0000,0.0000,0.3088,1.0000,1,0,0,0,0,5.0017
112.5691,-105.9121,0.0864,92.2207,0.0001,0.0003,0.0000,0.0001,-0.0002,268.3885,0.0253,0.0107,0.1945,0.3021,0.0000,0.0000,0.0000,0.3053,1.0000,1,0,0,0,0,5.0014
112.6197,-105.9121,0.0864,92.2207,0.0001,0.0004,0.0000,0.0001,0.0004,268.3895,0.0187,0.0107,0.1945,0.3021,0.0000,0.0000,0.0000,0.3034,1.0000,1,0,0,0,0,5.0010
112.6802,-105.9121,0.0864,92.2207,0.0001,0.0005,0.0000,0.0001,0.0003,268.3915,0.0343,0.0107,0.1945,0.3021,0.0000,0.0000,0.0000,0.3020,1.0000,1,0,0,0,0,5.0019
112.7394,-105.9121,0.0864,92.2207,0.0001,0.0005,0.0000,0.0001,0.0003,268.3929,0.0237,0.0107,0.1945,0.3021,0.0000,0.0000,0.0000,0.3014,1.0000,1,0,0,0,0,5.0013
112.7994,-105.9121,0.0864,92.2207,0.0001,0.0004,0.0000,0.0001,-0.0008,268.3953,0.0397,0.0107,0.1945,0.3021,0.0000,0.0000,0.0000,0.3011,1.0000,1,0,0,0,0,5.0022
112.8498,-105.9121,0.0864,92.2206,0.0001,0.0005,0.0000,0.0001,0.0007,268.3967,0.0267,0.0107,0.1945,0.3021,0.0000,0.0000,0.0000,0.3010,1.0000,1,0,0,0,0,5.0015
112.9112,-105.9121,0.0864,92.2206,0.0001,0.0003,0.0000,0.0001,-0.0009,268.3986,0.0308,0.0107,0.1945,0.3021,0.0000,0.0000,0.0000,0.3010,1.0000,1,0,0,0,0,5.0017
112.9694,-105.9122,0.0864,92.2206,0.0002,0.0007,0.0000,0.0002,0.0021,268.4000,0.0246,0.0107,0.1945,0.3021,0.0000,0.0000,0.0000,0.3009,1.0000,1,0,0,0,0,5.0014
113.0307,-105.9121,0.0864,92.2206,0.0001,0.0004,0.0000,0.0001,-0.0013,268.4019,0.0314,0.0107,0.1945,0.3021,0.0000,0.0000,0.0000,0.3009,1.0000,1,0,0,0,0,5.0017
113.0903,-105.9122,0.0864,92.2205,0.0002,0.0007,0.0000,0.0002,0.0012,268.4037,0.0297,0.0107,0.1945,0.3021,0.0000,0.0000,0.0000,0.3009,1.0000,1,0,0,0,0,5.0016
113.1408,-105.9121,0.0864,92.2205,0.0001,0.0005,0.0000,0.0001,-0.0013,268.4048,0.0211,0.0107,0.1945,0.3021,0.0000,0.0000,0.0000,0.3009,1.0000,1,0,0,0,0,5.0012
113.2005,-105.9121,0.0864,92.2205,0.0001,0.0004,0.0000,0.0001,-0.0004,268.4069,0.0358,0.0107,0.1945,0.3021,0.0000,0.0000,0.0000,0.3009,1.0000,1,0,0,0,0,5.0020
113.2525,-105.9121,0.0864,92.2205,0.0001,0.0003,0.0000,0.0001,-0.0004,268.4081,0.0223,0.0107,0.1945,0.3021,0.0000,0.0000,0.0000,0.3009,1.0000,1,0,0,0,0,5.0012
113.3119,-105.9121,0.0864,92.2205,0.0002,0.0006,0.0000,0.0002,0.0012,268.4093,0.0205,0.0107,0.1945,0.3021,0.0000,0.0000,0.0000,0.3009,1.0000,1,0,0,0,0,5.0011
113.3681,-105.9121,0.0864,92.2204,0.0004,0.0013,0.0000,0.0004,0.0038,268.4106,0.0244,0.0107,0.1945,0.3021,0.0000,0.0000,0.0000,0.3009,1.0000,1,0,0,0,0,5.0014
113.4243,-105.9121,0.0864,92.2204,0.0003,0.0009,0.0000,0.0003,-0.0020,268.4127,0.0364,0.0107,0.1945,0.3021,0.0000,0.0000,0.0000,0.3009,1.0000,1,0,0,0,0,5.0020
113.4748,-105.9121,0.0864,92.2204,0.0003,0.0010,0.0000,0.0003,0.0001,268.4138,0.0230,0.0107,0.1945,0.3021,0.0000,0.0000,0.0000,0.3009,1.0000,1,0,0,0,0,5.0013
113.5333,-105.9121,0.0864,92.2204,0.0001,0.0005,0.0000,0.0001,-0.0024,268.4158,0.0328,0.0107,0.1945,0.3021,0.0000,0.0000,0.0000,0.3009,1.0000,1,0,0,0,0,5.0018
113.5950,-105.9121,0.0864,92.2204,0.0001,0.0004,0.0000,0.0001,-0.0001,268.4175,0.0287,0.0107,0.1945,0.3021,0.0000,0.0000,0.0000,0.3009,1.0000,1,0,0,0,0,5.0016
113.6516,-105.9121,0.0864,92.2203,0.0001,0.0005,0.0000,0.0001,0.0003,268.4193,0.0308,0.0107,0.1945,0.3021,0.0000,0.0000,0.0000,0.3009,1.0000,1,0,0,0,0,5.0017
113.7022,-105.9121,0.0864,92.2203,0.0001,0.0004,0.0000,0.0001,-0.0004,268.4207,0.0271,0.0107,0.1945,0.3021,0.0000,0.0000,0.0000,0.3009,1.0000,1,0,0,0,0,5.0015
113.7624,-105.9121,0.0864,92.2203,0.0001,0.0003,0.0000,0.0001,-0.0006,268.4221,0.0244,0.0107,0.1945,0.3021,0.0000,0.0000,0.0000,0.3009,1.0000,1,0,0,0,0,5.0014
113.8138,-105.9121,0.0864,92.2203,0.0001,0.0005,0.0000,0.0001,0.0010,268.4237,0.0315,0.0107,0.1945,0.3021,0.0000,0.0000,0.0000,0.3009,1.0000,1,0,0,0,0,5.0017
113.8651,-105.9121,0.0864,92.2203,0.0001,0.0004,0.0000,0.0001,-0.0004,268.4254,0.0321,0.0107,0.1945,0.3021,0.0000,0.0000,0.0000,0.3009,1.0000,1,0,0,0,0,5.0018
113.9254,-105.9121,0.0864,92.2202,0.0003,0.0009,0.0000,0.0003,0.0024,268.4265,0.0182,0.0107,0.1945,0.3021,0.0000,0.0000,0.0000,0.3009,1.0000,1,0,0,0,0,5.0010
113.9821,-105.9121,0.0864,92.2202,0.0002,0.0007,0.0000,0.0002,-0.0009,268.4280,0.0263,0.0107,0.1945,0.3021,0.0000,0.0000,0.0000,0.3009,1.0000,1,0,0,0,0,5.0015
114.0340,-105.9121,0.0864,92.2202,0.0002,0.0008,0.0000,0.0002,0.0005,268.4299,0.0365,0.0107,0.1945,0.3021,0.0000,0.0000,0.0000,0.3009,1.0000,1,0,0,0,0,5.0020
114.0845,-105.9121,0.0864,92.2202,0.0001,0.0004,0.0000,0.0001,-0.0022,268.4311,0.0242,0.0107,-0.2962,0.3021,0.0000,0.0000,0.0000,0.2608,1.0000,1,0,0,0,0,5.0013
114.1453,-105.9121,0.0864,92.2202,0.0002,0.0006,0.0000,0.0002,0.0008,268.4324,0.0211,0.0107,-0.9003,0.3021,0.0000,0.0000,0.0000,0.1106,1.0000,1,0,0,0,0,5.0012
114.1961,-105.9121,0.0864,92.2202,0.0001,0.0004,0.0000,0.0001,-0.0013,268.4323,-0.0024,0.0107,-0.9785,0.3021,0.0000,0.0000,0.0000,0.0624,1.0000,1,0,0,0,0,5.0001
114.2526,-105.9121,0.0864,92.2202,0.0000,0.0001,0.0000,0.0000,-0.0015,268.4322,-0.0005,0.0107,-0.9902,0.3021,0.0000,0.0000,0.0000,0.0265,1.0000,1,0,0,0,0,5.0000
114.3156,-105.9121,0.0864,92.2202,0.0001,0.0003,0.0000,0.0001,0.0009,268.4320,-0.0029,0.0107,-0.9902,0.3021,0.0000,0.0000,0.0000,0.0130,1.0000,1,0,0,0,0,5.0002
114.3753,-105.9121,0.0864,92.2202,0.0000,0.0001,0.0000,0.0000,-0.0006,268.4319,-0.0015,0.0107,-0.9902,0.3021,0.0000,0.0000,0.0000,0.0055,1.0000,1,0,0,0,0,5.0001
114.4427,-105.9121,0.0864,92.2202,0.0001,0.0002,0.0000,0.0001,0.0002,268.4319,-0.0009,0.0107,-0.9902,0.3021,0.0000,0.0000,0.0000,0.0023,1.0000,1,0,0,0,0,5.0001
114.4984,-105.9121,0.0864,92.2202,0.0000,0.0002,0.0000,0.0000,-0.0001,268.4319,-0.0005,0.0107,-0.9902,0.3021,0.0000,0.0000,0.0000,0.0011,1.0000,1,0,0,0,0,5.0000
114.5534,-105.9121,0.0864,92.2202,0.0001,0.0002,0.0000,0.0001,0.0001,268.4319,0.0006,0.0107,-0.6109,0.3021,0.0000,0.0000,0.0000,0.0006,1.0000,1,0,0,0,0,5.0000
114.6057,-105.9121,0.0864,92.2202,0.0001,0.0002,0.0000,0.0001,0.0000,268.4319,0.0000,0.0107,-0.8925,0.3021,0.0000,0.0000,0.0000,0.0003,1.0000,1,0,0,0,0,5.0000
114.6622,-105.9121,0.0864,92.2202,0.0000,0.0002,0.0000,0.0000,-0.0001,268.4319,-0.0005,0.0107,-0.9765,0.3021,0.0000,0.0000,0.0000,0.0002,1.0000,1,0,0,0,0,5.0000
114.7144,-105.9121,0.0864,92.2202,0.0001,0.0002,0.0000,0.0001,0.0001,268.4319,0.0006,0.0107,-0.9902,0.3021,0.0000,0.0000,0.0000,0.0001,1.0000,1,0,0,0,0,5.0000
114.7654,-105.9122,0.0864,92.2202,0.0000,0.0002,0.0000,0.0000,-0.0001,268.4319,-0.0006,0.0107,-0.9902,0.3021,0.0000,0.0000,0.0000,0.0000,1.0000,1,0,0,0,0,5.0000
114.8243,-105.9121,0.0864,92.2202,0.0001,0.0002,0.0000,0.0001,0.0001,268.4319,0.0005,0.0107,-0.0049,0.3021,0.0000,0.0000,0.0000,0.0000,1.0000,1,0,0,0,0,5.0000
114.8748,-105.9121,0.0864,92.2202,0.0001,0.0004,0.0000,0.0001,0.0010,268.4321,0.0048,0.0107,0.1652,0.3021,0.0000,0.0000,0.0000,0.0960,1.0000,1,0,0,0,0,5.0003
114.9350,-105.9121,0.0864,92.2202,0.0003,0.0011,0.0000,0.0003,0.0036,268.4331,0.0167,0.0107,0.1945,0.3021,0.0000,0.0000,0.0000,0.1960,1.0000,1,0,0,0,0,5.0009
114.9962,-105.9121,0.0864,92.2201,0.0002,0.0007,0.0000,0.0002,-0.0022,268.4354,0.0364,0.0107,0.1945,0.3021,0.0000,0.0000,0.0000,0.2564,1.0000,1,0,0,0,0,5.0020
115.0566,-105.9121,0.0864,92.2201,0.0002,0.0007,0.0000,0.0002,0.0000,268.4370,0.0268,0.0107,0.1965,0.3021,0.0000,0.0000,0.0000,0.2806,1.0000,1,0,0,0,0,5.0015
115.1150,-105.9122,0.0864,92.2201,0.0002,0.0007,0.0000,0.0002,0.0001,268.4386,0.0277,0.0107,0.1965,0.3021,0.0000,0.0000,0.0000,0.2927,1.0000,1,0,0,0,0,5.0015
115.1665,-105.9121,0.0864,92.2201,0.0003,0.0010,0.0000,0.0003,0.0015,268.4399,0.0249,0.0107,0.1965,0.3021,0.0000,0.0000,0.0000,0.2986,1.0000,1,0,0,0,0,5.0014
115.2261,-105.9121,0.0864,92.2200,0.0001,0.0005,0.0000,0.0001,-0.0020,268.4421,0.0369,0.0107,0.1965,0.3021,0.0000,0.0000,0.0000,0.3015,1.0000,1,0,0,0,0,5.0020
115.2859,-105.9121,0.0864,92.2200,0.0002,0.0007,0.0000,0.0002,0.0006,268.4437,0.0265,0.0107,0.1965,0.3021,0.0000,0.0000,0.0000,0.3031,1.0000,1,0,0,0,0,5.0015
115.3473,-105.9121,0.0864,92.2200,0.0001,0.0003,0.0000,0.0001,-0.0016,268.4460,0.0378,0.0107,0.1965,0.3021,0.0000,0.0000,0.0000,0.3037,1.0000,1,0,0,0,0,5.0021
115.4063,-105.9121,0.0864,92.2200,0.0002,0.0009,0.0000,0.0002,0.0028,268.4473,0.0217,0.0107,0.1965,0.3021,0.0000,0.0000,0.0000,0.3040,1.0000,1,0,0,0,0,5.0012
115.4744,-105.9121,0.0864,92.2199,0.0002,0.0007,0.0000,0.0002,-0.0005,268.4499,0.0385,0.0107,0.1965,0.3021,0.0000,0.0000,0.0000,0.3042,1.0000,1,0,0,0,0,5.0021
115.5272,-105.9121,0.0864,92.2199,0.0002,0.0007,0.0000,0.0002,-0.0004,268.4509,0.0191,0.0107,0.1965,0.3021,0.0000,0.0000,0.0000,0.3042,1.0000,1,0,0,0,0,5.0011
115.5773,-105.9121,0.0864,92.2199,0.0001,0.0004,0.0000,0.0001,-0.0013,268.4526,0.0335,0.0107,0.1965,0.3021,0.0000,0.0000,0.0000,0.3042,1.0000,1,0,0,0,0,5.0019
115.6375,-105.9121,0.0864,92.2199,0.0002,0.0006,0.0000,0.0002,0.0006,268.4542,0.0264,0.0107,0.1965,0.3021,0.0000,0.0000,0.0000,0.3043,1.0000,1,0,0,0,0,5.0015
115.6974,-105.9121,0.0864,92.2199,0.0003,0.0012,0.0000,0.0003,0.0027,268.4552,0.0178,0.0107,0.1965,0.3021,0.0000,0.0000,0.0000,0.3043,1.0000,1,0,0,0,0,5.0010
115.7540,-105.9122,0.0864,92.2198,0.0001,0.0005,0.0000,0.0001,-0.0034,268.4569,0.0291,0.0107,0.1965,0.3021,0.0000,0.0000,0.0000,0.3043,1.0000,1,0,0,0,0,5.0016
115.8169,-105.9121,0.0864,92.2198,0.0004,0.0014,0.0001,0.0004,0.0042,268.4589,0.0316,0.0107,0.1965,0.3021,0.0000,0.0000,0.0000,0.3043,1.0000,1,0,0,0,0,5.0018
115.8781,-105.9122,0.0864,92.2198,0.0001,0.0005,0.0000,0.0001,-0.0041,268.4608,0.0319,0.0107,0.1965,0.3021,0.0000,0.0000,0.0000,0.3043,1.0000,1,0,0,0,0,5.0018
115.9376,-105.9121,0.0864,92.2198,0.0001,0.0003,0.0000,0.0001,-0.0011,268.4625,0.0277,0.0107,0.1965,0.3021,0.0000,0.0000,0.0000,0.3043,1.0000,1,0,0,0,0,5.0015
115.9964,-105.9121,0.0864,92.2197,0.0001,0.0003,0.0000,0.0001,0.0004,268.4644,0.0332,0.0107,0.1965,0.3021,0.0000,0.0000,0.0000,0.3043,1.0000,1,0,0,0,0,5.0018
116.0579,-105.9121,0.0864,92.2197,0.0001,0.0003,0.0000,0.0001,-0.0001,268.4661,0.0278,0.0107,0.1965,0.3021,0.0000,0.0000,0.0000,0.3043,1.0000,1,0,0,0,0,5.0015
116.1169,-105.9121,0.0864,92.2197,0.0004,0.0013,0.0000,0.0003,0.0045,268.4677,0.0263,0.0107,0.1965,0.3021,0.0000,0.0000,0.0000,0.3043,1.0000,1,0,0,0,0,5.0015
116.1676,-105.9121,0.0864,92.2197,0.0004,0.0014,0.0001,0.0004,0.0008,268.4691,0.0271,0.0107,0.1965,0.3021,0.0000,0.0000,0.0000,0.3043,1.0000,1,0,0,0,0,5.0015
116.2269,-105.9121,0.0864,92.2197,0.0001,0.0005,0.0000,0.0001,-0.0043,268.4709,0.0314,0.0107,0.1965,0.3021,0.0000,0.0000,0.0000,0.3043,1.0000,1,0,0,0,0,5.0017
116.2861,-105.9122,0.0864,92.2196,0.0001,0.0004,0.0000,0.0001,-0.0006,268.4727,0.0309,0.0107,0.1965,0.3021,0.0000,0.0000,0.0000,0.3043,1.0000,1,0,0,0,0,5.0017
116.3478,-105.9121,0.0864,92.2196,0.0001,0.0004,0.0000,0.0001,0.0003,268.4741,0.0213,0.0107,0.1965,0.3021,0.0000,0.0000,0.0000,0.3043,1.0000,1,0,0,0,0,5.0012
116.4073,-105.9122,0.0864,92.2196,0.0001,0.0003,0.0000,0.0001,-0.0005,268.4760,0.0333,0.0107,0.1965,0.3021,0.0000,0.0000,0.0000,0.3043,1.0000,1,0,0,0,0,5.0019
116.4674,-105.9121,0.0864,92.2196,0.0002,0.0006,0.0000,0.0002,0.0011,268.4771,0.0173,0.0107,0.1965,0.3021,0.0000,0.0000,0.0000,0.3043,1.0000,1,0,0,0,0,5.0010
116.5296,-105.9121,0.0864,92.2195,0.0001,0.0004,0.0000,0.0001,-0.0005,268.4790,0.0309,0.0107,0.1965,0.3021,0.0000,0.0000,0.0000,0.3043,1.0000,1,0,0,0,0,5.0017
116.5813,-105.9121,0.0864,92.2195,0.0001,0.0005,0.0000,0.0001,0.0002,268.4803,0.0254,0.0107,0.1965,0.3021,0.0000,0.0000,0.0000,0.3043,1.0000,1,0,0,0,0,5.0014
116.6406,-105.9121,0.0864,92.2195,0.0001,0.0004,0.0000,0.0001,-0.0002,268.4822,0.0314,0.0107,0.1965,0.3021,0.0000,0.0000,0.0000,0.3043,1.0000,1,0,0,0,0,5.0017
116.6969,-105.9121,0.0864,92.2195,0.0001,0.0005,0.0000,0.0001,0.0003,268.4835,0.0239,0.0107,0.1965,0.3021,0.0000,0.0000,0.0000,0.3043,1.0000,1,0,0,0,0,5.0013
116.7506,-105.9121,0.0864,92.2195,0.0002,0.0006,0.0000,0.0002,0.0003,268.4846,0.0210,0.0107,0.1965,0.3021,0.0000,0.0000,0.0000,0.3043,1.0000,1,0,0,0,0,5.0012
116.8090,-105.9121,0.0864,92.2195,0.0002,0.0006,0.0000,0.0002,0.0004,268.4865,0.0309,0.0107,0.1965,0.3021,0.0000,0.0000,0.0000,0.3043,1.0000,1,0,0,0,0,5.0017
116.8692,-105.9130,0.0864,92.2194,0.0779,0.2803,0.0779,0.0003,1.2901,268.4882,0.0289,0.0107,0.5914,0.3021,0.0000,0.0000,0.0000,0.4530,1.0000,1,0,0,0,0,5.0016
116.9295,-105.9369,0.0863,92.2189,0.7231,2.6033,0.7231,0.0015,10.6936,268.5095,0.3525,0.0107,0.4702,0.3021,0.0000,0.0000,0.0000,0.7263,1.0000,1,0,0,0,0,5.0508
116.9809,-105.9788,0.0863,92.2183,0.8544,3.0760,0.8544,0.0025,2.5534,268.5439,0.6706,0.0107,0.2415,0.3021,0.0000,0.0000,0.0000,0.6229,1.0000,1,0,0,0,0,5.0809
117.0313,-106.0169,0.0863,92.2179,0.6395,2.3022,0.6395,0.0023,-4.2718,268.5873,0.8613,0.0107,0.2043,0.3021,0.0000,0.0000,0.0000,0.4773,1.0000,1,0,0,0,0,5.1028
117.0894,-106.0459,0.0863,92.2176,0.3646,1.3125,0.3646,0.0013,-4.7298,268.6166,0.5046,0.0107,0.1984,0.3021,0.0000,0.0000,0.0000,0.3909,1.0000,1,0,0,0,0,5.0280
117.1395,-106.0591,0.0863,92.2174,0.1674,0.6027,0.1674,0.0006,-3.9345,268.6327,0.3215,0.0107,0.1984,0.3021,0.0000,0.0000,0.0000,0.3484,1.0000,1,0,0,0,0,5.0179
117.1902,-106.0650,0.0864,92.2174,0.0717,0.2583,0.0717,0.0001,-1.8868,268.6393,0.1294,0.0107,0.1984,0.3021,0.0000,0.0000,0.0000,0.3306,1.0000,1,0,0,0,0,5.0072
117.2502,-106.0668,0.0864,92.2174,0.0001,0.0004,0.0000,0.0001,-1.1942,268.6433,0.0677,0.0107,0.1984,0.3021,0.0000,0.0000,0.0000,0.3174,1.0000,1,0,0,0,0,5.0038
117.3005,-106.0668,0.0864,92.2174,0.0003,0.0012,0.0000,0.0003,0.0046,268.6446,0.0249,0.0107,0.1984,0.3021,0.0000,0.0000,0.0000,0.3131,1.0000,1,0,0,0,0,5.0014
117.3510,-106.0668,0.0864,92.2173,0.0001,0.0004,0.0000,0.0001,-0.0041,268.6469,0.0447,0.0107,0.1984,0.3021,0.0000,0.0000,0.0000,0.3103,1.0000,1,0,0,0,0,5.0025
117.4097,-106.0668,0.0864,92.2173,0.0004,0.0013,0.0000,0.0004,0.0042,268.6480,0.0203,0.0107,0.1984,0.3021,0.0000,0.0000,0.0000,0.3090,1.0000,1,0,0,0,0,5.0011
117.4699,-106.0668,0.0864,92.2173,0.0003,0.0010,0.0000,0.0003,-0.0015,268.6496,0.0259,0.0107,0.1965,0.3021,0.0000,0.0000,0.0000,0.3066,1.0000,1,0,0,0,0,5.0014
117.5203,-106.0668,0.0864,92.2173,0.0001,0.0005,0.0000,0.0001,-0.0026,268.6513,0.0339,0.0107,0.1965,0.3021,0.0000,0.0000,0.0000,0.3054,1.0000,1,0,0,0,0,5.0019
117.5709,-106.0668,0.0864,92.2173,0.0001,0.0005,0.0000,0.0001,-0.0004,268.6528,0.0301,0.0107,0.1965,0.3021,0.0000,0.0000,0.0000,0.3049,1.0000,1,0,0,0,0,5.0017
117.6307,-106.0668,0.0864,92.2172,0.0004,0.0015,0.0001,0.0004,0.0048,268.6541,0.0204,0.0107,0.1965,0.3021,0.0000,0.0000,0.0000,0.3045,1.0000,1,0,0,0,0,5.0011
117.6820,-106.0668,0.0864,92.2172,0.0003,0.0011,0.0000,0.0003,-0.0019,268.6553,0.0244,0.0107,0.1965,0.3021,0.0000,0.0000,0.0000,0.3044,1.0000,1,0,0,0,0,5.0014
117.7417,-106.0668,0.0864,92.2172,0.0003,0.0010,0.0000,0.0003,-0.0005,268.6575,0.0373,0.0107,0.1965,0.3021,0.0000,0.0000,0.0000,0.3043,1.0000,1,0,0,0,0,5.0021
117.8006,-106.0668,0.0864,92.2172,0.0001,0.0005,0.0000,0.0001,-0.0023,268.6595,0.0332,0.0107,0.1965,0.3021,0.0000,0.0000,0.0000,0.3043,1.0000,1,0,0,0,0,5.0018
117.8508,-106.0668,0.0864,92.2171,0.0004,0.0015,0.0001,0.0004,0.0056,268.6612,0.0335,0.0107,0.1965,0.3021,0.0000,0.0000,0.0000,0.3043,1.0000,1,0,0,0,0,5.0019
117.9101,-106.0668,0.0864,92.2171,0.0001,0.0004,0.0000,0.0001,-0.0052,268.6633,0.0355,0.0107,0.1965,0.3021,0.0000,0.0000,0.0000,0.3043,1.0000,1,0,0,0,0,5.0020
117.9712,-106.0668,0.0864,92.2171,0.0001,0.0004,0.0000,0.0001,-0.0001,268.6652,0.0319,0.0107,0.1965,0.3021,0.0000,0.0000,0.0000,0.3043,1.0000,1,0,0,0,0,5.0018
118.0300,-106.0668,0.0864,92.2171,0.0003,0.0012,0.0000,0.0003,0.0037,268.6666,0.0239,0.0107,0.1965,0.3021,0.0000,0.0000,0.0000,0.3043,1.0000,1,0,0,0,0,5.0013
118.0823,-106.0668,0.0864,92.2170,0.0000,0.0002,0.0000,0.0000,-0.0053,268.6685,0.0356,0.0107,0.1965,0.3021,0.0000,0.0000,0.0000,0.3043,1.0000,1,0,0,0,0,5.0020
118.1424,-106.0668,0.0864,92.2170,0.0001,0.0005,0.0000,0.0001,0.0013,268.6697,0.0203,0.0107,0.1965,0.3021,0.0000,0.0000,0.0000,0.3043,1.0000,1,0,0,0,0,5.0011
118.2025,-106.0668,0.0864,92.2170,0.0002,0.0006,0.0000,0.0002,0.0005,268.6712,0.0249,0.0107,0.1965,0.3021,0.0000,0.0000,0.0000,0.3043,1.0000,1,0,0,0,0,5.0014
118.2635,-106.0668,0.0864,92.2170,0.0001,0.0003,0.0000,0.0001,-0.0011,268.6733,0.0350,0.0107,0.1965,0.3021,0.0000,0.0000,0.0000,0.3043,1.0000,1,0,0,0,0,5.0019
118.3231,-106.0668,0.0864,92.2170,0.0002,0.0008,0.0000,0.0002,0.0024,268.6747,0.0236,0.0107,0.1887,0.3021,0.0000,0.0000,0.0000,0.3002,1.0000,1,0,0,0,0,5.0013
118.3829,-106.0668,0.0864,92.2169,0.0001,0.0004,0.0000,0.0001,-0.0021,268.6768,0.0347,0.0107,0.1887,0.3021,0.0000,0.0000,0.0000,0.2948,1.0000,1,0,0,0,0,5.0019
118.4421,-106.0668,0.0864,92.2169,0.0002,0.0006,0.0000,0.0002,0.0009,268.6781,0.0222,0.0107,0.1887,0.3021,0.0000,0.0000,0.0000,0.2928,1.0000,1,0,0,0,0,5.0012
118.4922,-106.0668,0.0864,92.2169,0.0001,0.0005,0.0000,0.0001,-0.0006,268.6791,0.0201,0.0107,0.1887,0.3021,0.0000,0.0000,0.0000,0.2919,1.0000,1,0,0,0,0,5.0011
118.5453,-106.0668,0.0864,92.2169,0.0001,0.0005,0.0000,0.0001,0.0000,268.6810,0.0356,0.0107,0.1887,0.3021,0.0000,0.0000,0.0000,0.2913,1.0000,1,0,0,0,0,5.0020
118.6025,-106.0668,0.0864,92.2169,0.0003,0.0012,0.0000,0.0003,0.0033,268.6825,0.0251,0.0107,0.1887,0.3021,0.0000,0.0000,0.0000,0.2911,1.0000,1,0,0,0,0,5.0014
118.6537,-106.0668,0.0864,92.2168,0.0001,0.0005,0.0000,0.0001,-0.0037,268.6837,0.0239,0.0107,0.1887,0.3021,0.0000,0.0000,0.0000,0.2909,1.0000,1,0,0,0,0,5.0013
118.7044,-106.0668,0.0864,92.2168,0.0001,0.0004,0.0000,0.0001,-0.0005,268.6855,0.0349,0.0107,0.1887,0.3021,0.0000,0.0000,0.0000,0.2909,1.0000,1,0,0,0,0,5.0019
118.7558,-106.0668,0.0864,92.2168,0.0002,0.0006,0.0000,0.0002,0.0011,268.6866,0.0219,0.0107,0.1887,0.3021,0.0000,0.0000,0.0000,0.2908,1.0000,1,0,0,0,0,5.0012
118.8140,-106.0668,0.0864,92.2168,0.0003,0.0010,0.0000,0.0003,0.0021,268.6885,0.0336,0.0107,0.1887,0.3021,0.0000,0.0000,0.0000,0.2908,1.0000,1,0,0,0,0,5.0019
118.8647,-106.0668,0.0864,92.2168,0.0002,0.0005,0.0000,0.0001,-0.0025,268.6899,0.0277,0.0107,0.1887,0.3021,0.0000,0.0000,0.0000,0.2908,1.0000,1,0,0,0,0,5.0015
118.9249,-106.0668,0.0864,92.2167,0.0001,0.0004,0.0000,0.0001,-0.0009,268.6924,0.0406,0.0107,0.1887,0.3021,0.0000,0.0000,0.0000,0.2908,1.0000,1,0,0,0,0,5.0023
118.9850,-106.0668,0.0864,92.2167,0.0001,0.0004,0.0000,0.0001,0.0004,268.6938,0.0233,0.0107,0.1887,0.3021,0.0000,0.0000,0.0000,0.2908,1.0000,1,0,0,0,0,5.0013
119.0354,-106.0668,0.0864,92.2167,0.0002,0.0007,0.0000,0.0002,0.0015,268.6949,0.0230,0.0107,0.1887,0.3021,0.0000,0.0000,0.0000,0.2908,1.0000,1,0,0,0,0,5.0013
119.0931,-106.0668,0.0864,92.2167,0.0004,0.0014,0.0001,0.0004,0.0033,268.6972,0.0387,0.0107,0.1887,0.3021,0.0000,0.0000,0.0000,0.2908,1.0000,1,0,0,0,0,5.0021
119.1437,-106.0668,0.0864,92.2166,0.0002,0.0008,0.0000,0.0002,-0.0031,268.6985,0.0271,0.0107,0.1887,0.3021,0.0000,0.0000,0.0000,0.2908,1.0000,1,0,0,0,0,5.0015
119.1952,-106.0668,0.0864,92.2166,0.0002,0.0006,0.0000,0.0002,-0.0010,268.7002,0.0320,0.0107,0.1887,0.3021,0.0000,0.0000,0.0000,0.2908,1.0000,1,0,0,0,0,5.0018
119.2555,-106.0668,0.0864,92.2166,0.0004,0.0016,0.0001,0.0004,0.0044,268.7022,0.0329,0.0107,0.1887,0.3021,0.0000,0.0000,0.0000,0.2908,1.0000,1,0,0,0,0,5.0018
119.3164,-106.0668,0.0864,92.2166,0.0002,0.0008,0.0000,0.0002,-0.0036,268.7040,0.0295,0.0107,0.1887,0.3021,0.0000,0.0000,0.0000,0.2908,1.0000,1,0,0,0,0,5.0016
119.3748,-106.0668,0.0864,92.2166,0.0001,0.0003,0.0000,0.0001,-0.0023,268.7057,0.0298,0.0107,0.1887,0.3021,0.0000,0.0000,0.0000,0.2908,1.0000,1,0,0,0,0,5.0017
119.4364,-106.0668,0.0864,92.2165,0.0002,0.0005,0.0000,0.0001,0.0010,268.7074,0.0267,0.0107,0.1887,0.3021,0.0000,0.0000,0.0000,0.2908,1.0000,1,0,0,0,0,5.0015
119.4947,-106.0668,0.0864,92.2165,0.0001,0.0005,0.0000,0.0001,-0.0004,268.7090,0.0288,0.0107,0.1770,0.3021,0.0000,0.0000,0.0000,0.2849,1.0000,1,0,0,0,0,5.0016
119.5643,-106.0668,0.0864,92.2165,0.0001,0.0005,0.0000,0.0001,0.0003,268.7108,0.0259,0.0107,0.1515,0.3021,0.0000,0.0000,0.0000,0.2570,1.0000,1,0,0,0,0,5.0014
119.6165,-106.0668,0.0864,92.2165,0.0003,0.0010,0.0000,0.0003,0.0023,268.7123,0.0274,0.0107,0.1457,0.3021,0.0000,0.0000,0.0000,0.2364,1.0000,1,0,0,0,0,5.0015
119.6760,-106.0668,0.0864,92.2164,0.0002,0.0006,0.0000,0.0002,-0.0017,268.7144,0.0349,0.0107,0.1164,0.3021,0.0000,0.0000,0.0000,0.2106,1.0000,1,0,0,0,0,5.0019
119.7364,-106.0668,0.0864,92.2164,0.0003,0.0010,0.0000,0.0003,0.0018,268.7160,0.0268,0.0107,0.0596,0.3021,0.0000,0.0000,0.0000,0.1466,1.0000,1,0,0,0,0,5.0015
119.7958,-106.0668,0.0864,92.2164,0.0001,0.0005,0.0000,0.0001,-0.0024,268.7169,0.0164,0.0107,-0.0166,0.3021,0.0000,0.0000,0.0000,0.0739,1.0000,1,0,0,0,0,5.0009
119.8568,-106.0668,0.0864,92.2164,0.0000,0.0000,0.0000,0.0000,-0.0022,268.7166,-0.0055,0.0107,-0.0752,0.3021,0.0000,0.0000,0.0000,0.0362,1.0000,1,0,0,0,0,5.0003
119.9161,-106.0668,0.0864,92.2164,0.0001,0.0003,0.0000,0.0001,0.0011,268.7166,-0.0010,0.0107,-0.0850,0.3021,0.0000,0.0000,0.0000,0.0153,1.0000,1,0,0,0,0,5.0001
119.9755,-106.0668,0.0864,92.2164,0.0001,0.0002,0.0000,0.0001,-0.0003,268.7166,0.0000,0.0107,-0.0870,0.3021,0.0000,0.0000,0.0000,0.0075,1.0000,1,0,0,0,0,5.0000
120.0370,-106.0668,0.0864,92.2164,0.0000,0.0002,0.0000,0.0000,-0.0002,268.7166,0.0005,0.0107,-0.0870,0.3021,0.0000,0.0000,0.0000,0.0032,1.0000,1,0,0,0,0,5.0000
120.0961,-106.0668,0.0864,92.2164,0.0000,0.0001,0.0000,0.0000,-0.0001,268.7166,-0.0005,0.0107,-0.0459,0.3021,0.0000,0.0000,0.0000,0.0016,1.0000,1,0,0,0,0,5.0000
120.1471,-106.0668,0.0864,92.2164,0.0000,0.0002,0.0000,0.0000,0.0002,268.7166,0.0006,0.0107,0.0225,0.3021,0.0000,0.0000,0.0000,0.0018,1.0000,1,0,0,0,0,5.0000
120.2087,-106.0668,0.0864,92.2164,0.0000,0.0000,0.0000,0.0000,-0.0007,268.7169,0.0059,0.0107,0.1417,0.3021,0.0000,0.0000,0.0000,0.0794,1.0000,1,0,0,0,0,5.0003
120.2657,-106.0668,0.0864,92.2164,0.0003,0.0009,0.0000,0.0003,0.0044,268.7179,0.0161,0.0107,0.2630,0.3021,0.0000,0.0000,0.0000,0.2188,1.0000,1,0,0,0,0,5.0009
120.3169,-106.0670,0.0864,92.2164,0.0252,0.0908,0.0252,0.0000,0.4881,268.7194,0.0304,0.0107,0.3451,0.3021,0.0000,0.0000,0.0000,0.3720,1.0000,1,0,0,0,0,5.0017
120.3788,-106.0758,0.0864,92.2162,0.2698,0.9713,0.2698,0.0002,3.9476,268.7244,0.0808,0.0107,0.4252,0.3021,0.0000,0.0000,0.0000,0.5154,1.0000,1,0,0,0,0,5.0045
120.4374,-106.1036,0.0863,92.2158,0.6805,2.4497,0.6805,0.0013,7.0171,268.7493,0.4255,0.0107,0.4839,0.3021,0.0000,0.0000,0.0000,0.6632,1.0000,1,0,0,0,0,5.0528
120.4943,-106.1511,0.0863,92.2152,1.0026,3.6095,1.0026,0.0023,5.6534,268.7861,0.6459,0.0107,0.4976,0.3021,0.0000,0.0000,0.0000,0.7439,1.0000,1,1,0,0,0,25.0698
120.5575,-106.2224,0.0863,92.2144,1.2652,4.5548,1.2652,0.0032,4.1545,268.8465,0.9550,0.0107,0.4976,0.3021,0.0000,0.0000,0.0000,0.7897,1.0000,1,1,0,0,0,25.0910
120.6116,-106.2939,0.0863,92.2136,1.3799,4.9676,1.3799,0.0032,2.1203,268.8917,0.8353,0.0107,0.4976,0.3021,0.0000,0.0000,0.0000,0.8044,1.0000,1,1,0,0,0,25.0814
120.6710,-106.3793,0.0863,92.2128,1.4876,5.3555,1.4876,0.0035,1.8139,268.9622,1.1878,0.0107,0.4897,0.3021,0.0000,0.0000,0.0000,0.8116,1.0000,1,1,0,0,0,25.1016
120.7319,-106.4704,0.0863,92.2120,1.4837,5.3415,1.4837,0.0033,-0.0638,269.0206,0.9582,0.0107,0.3998,0.3021,0.0000,0.0000,0.0000,0.7614,1.0000,1,1,0,0,0,25.0870
120.7878,-106.5484,0.0863,92.2113,1.3094,4.7139,1.3094,0.0029,-3.1205,269.0731,0.9396,0.0107,0.3040,0.3021,0.0000,0.0000,0.0000,0.6513,1.0000,1,1,0,0,0,25.0854
120.8412,-106.6092,0.0863,92.2109,0.9759,3.5134,0.9759,0.0023,-6.2401,269.1157,0.7971,0.0107,0.2082,0.3021,0.0000,0.0000,0.0000,0.5098,1.0000,1,0,0,0,0,5.0794
120.8999,-106.6531,0.0863,92.2106,0.5530,1.9909,0.5530,0.0012,-7.2043,269.1433,0.4705,0.0107,0.1222,0.3021,0.0000,0.0000,0.0000,0.3634,1.0000,1,0,0,0,0,5.0598
120.9519,-106.6682,0.0864,92.2105,0.0837,0.3015,0.0837,0.0004,-9.0245,269.1581,0.2846,0.0107,0.0596,0.3021,0.0000,0.0000,0.0000,0.2265,1.0000,1,0,0,0,0,5.0158
121.0111,-106.6685,0.0864,92.2105,0.0001,0.0003,0.0000,0.0001,-1.4129,269.1615,0.0572,0.0107,0.0069,0.3021,0.0000,0.0000,0.0000,0.1194,1.0000,1,0,0,0,0,5.0032
121.0613,-106.6685,0.0864,92.2105,0.0000,0.0000,0.0000,0.0000,-0.0014,269.1616,0.0024,0.0107,-0.0303,0.3021,0.0000,0.0000,0.0000,0.0584,1.0000,1,0,0,0,0,5.0001
121.1175,-106.6685,0.0864,92.2105,0.0000,0.0001,0.0000,0.0000,0.0003,269.1615,-0.0016,0.0107,-0.0674,0.3021,0.0000,0.0000,0.0000,0.0286,1.0000,1,0,0,0,0,5.0001
121.1801,-106.6685,0.0864,92.2105,0.0001,0.0003,0.0000,0.0001,0.0007,269.1612,-0.0044,0.0107,-0.0850,0.3021,0.0000,0.0000,0.0000,0.0121,1.0000,1,0,0,0,0,5.0002
121.2311,-106.6685,0.0864,92.2105,0.0001,0.0002,0.0000,0.0001,-0.0002,269.1612,0.0000,0.0107,-0.0929,0.3021,0.0000,0.0000,0.0000,0.0068,1.0000,1,0,0,0,0,5.0000
121.2899,-106.6685,0.0864,92.2105,0.0001,0.0002,0.0000,0.0001,-0.0001,269.1612,0.0000,0.0107,-0.0948,0.3021,0.0000,0.0000,0.0000,0.0029,1.0000,1,0,0,0,0,5.0000
121.3506,-106.6685,0.0864,92.2105,0.0000,0.0002,0.0000,0.0000,-0.0001,269.1613,0.0005,0.0107,-0.0948,0.3021,0.0000,0.0000,0.0000,0.0014,1.0000,1,0,0,0,0,5.0000
121.4075,-106.6685,0.0864,92.2105,0.0000,0.0002,0.0000,0.0000,0.0001,269.1613,0.0005,0.0107,-0.0518,0.3021,0.0000,0.0000,0.0000,0.0007,1.0000,1,0,0,0,0,5.0000
121.4612,-106.6685,0.0864,92.2105,0.0000,0.0002,0.0000,0.0000,-0.0001,269.1613,-0.0006,0.0107,0.0127,0.3021,0.0000,0.0000,0.0000,0.0003,1.0000,1,0,0,0,0,5.0000
121.5218,-106.6685,0.0864,92.2105,0.0000,0.0000,0.0000,0.0000,-0.0007,269.1613,0.0010,0.0107,0.1046,0.3021,0.0000,0.0000,0.0000,0.0453,1.0000,1,0,0,0,0,5.0001
121.5802,-106.6685,0.0864,92.2105,0.0001,0.0005,0.0000,0.0001,0.0023,269.1620,0.0125,0.0107,0.1848,0.3021,0.0000,0.0000,0.0000,0.1566,1.0000,1,0,0,0,0,5.0007
121.6316,-106.6685,0.0864,92.2105,0.0001,0.0004,0.0000,0.0001,-0.0004,269.1634,0.0255,0.0107,0.2317,0.3021,0.0000,0.0000,0.0000,0.2400,1.0000,1,0,0,0,0,5.0014
121.6833,-106.6686,0.0864,92.2105,0.0162,0.0585,0.0162,0.0001,0.3121,269.1645,0.0218,0.0107,0.3158,0.3021,0.0000,0.0000,0.0000,0.3574,1.0000,1,0,0,0,0,5.0012
121.7335,-106.6731,0.0864,92.2104,0.1627,0.5858,0.1627,0.0000,2.9136,269.1663,0.0358,0.0107,0.3686,0.3021,0.0000,0.0000,0.0000,0.4544,1.0000,1,0,0,0,0,5.0020
121.7898,-106.6925,0.0863,92.2102,0.5471,1.9695,0.5471,0.0006,6.8330,269.1785,0.2165,0.0107,0.4565,0.3021,0.0000,0.0000,0.0000,0.6048,1.0000,1,0,0,0,0,5.0273
121.8534,-106.7385,0.0863,92.2098,0.9134,3.2881,0.9134,0.0012,5.7615,269.2004,0.3447,0.0107,0.5054,0.3021,0.0000,0.0000,0.0000,0.7100,1.0000,1,0,0,0,0,5.0383
121.9109,-106.8027,0.0863,92.2093,1.2608,4.5390,1.2608,0.0017,6.0385,269.2314,0.5399,0.0107,0.5250,0.3021,0.0000,0.0000,0.0000,0.7869,1.0000,1,1,0,0,0,25.0504
121.9641,-106.8791,0.0863,92.2088,1.5584,5.6102,1.5584,0.0022,5.5933,269.2704,0.7314,0.0107,0.5543,0.3021,0.0000,0.0000,0.0000,0.8501,1.0000,1,1,0,0,0,25.0615
122.0219,-106.9773,0.0863,92.2081,1.8021,6.4877,1.8021,0.0024,4.2172,269.3149,0.7714,0.0107,0.5601,0.3021,0.0000,0.0000,0.0000,0.8913,1.0000,1,1,0,0,0,25.0632
122.0727,-107.0739,0.0863,92.2075,1.9775,7.1188,1.9774,0.0028,3.4542,269.3622,0.9302,0.0107,0.5601,0.3021,0.0000,0.0000,0.0000,0.9117,1.0000,1,1,0,0,0,25.0731
122.1400,-107.2120,0.0863,92.2068,2.1118,7.6025,2.1118,0.0027,1.9951,269.4191,0.8452,0.0107,0.5406,0.3021,0.0000,0.0000,0.0000,0.9119,1.0000,1,1,0,0,0,25.0664
122.1933,-107.3250,0.0863,92.2062,2.1093,7.5935,2.1093,0.0027,-0.0466,269.4651,0.8639,0.0107,0.4565,0.3021,0.0000,0.0000,0.0000,0.8600,1.0000,1,1,0,0,0,25.0671
122.2518,-107.4442,0.0863,92.2057,1.9343,6.9635,1.9343,0.0022,-2.9879,269.5060,0.6977,0.0107,0.3509,0.3021,0.0000,0.0000,0.0000,0.7456,1.0000,1,1,0,0,0,25.0561
122.3122,-107.5485,0.0863,92.2053,1.4648,5.2733,1.4648,0.0017,-7.7732,269.5455,0.6543,0.0107,0.2219,0.3021,0.0000,0.0000,0.0000,0.5582,1.0000,1,1,0,0,0,25.0539
122.3714,-107.6201,0.0863,92.2050,0.8985,3.2346,0.8985,0.0010,-9.5788,269.5677,0.3763,0.0107,0.1026,0.3021,0.0000,0.0000,0.0000,0.3724,1.0000,1,0,0,0,0,5.0378
122.4326,-107.6541,0.0864,92.2049,0.2622,0.9439,0.2622,0.0004,-10.3877,269.5803,0.2048,0.0107,0.0127,0.3021,0.0000,0.0000,0.0000,0.2094,1.0000,1,0,0,0,0,5.0114
122.4933,-107.6559,0.0864,92.2049,0.0000,0.0001,0.0000,0.0000,-4.3214,269.5841,0.0639,0.0107,-0.0577,0.3021,0.0000,0.0000,0.0000,0.0888,1.0000,1,0,0,0,0,5.0035
122.5516,-107.6559,0.0864,92.2049,0.0001,0.0005,0.0000,0.0001,0.0017,269.5839,-0.0037,0.0107,-0.0870,0.3021,0.0000,0.0000,0.0000,0.0435,1.0000,1,0,0,0,0,5.0002
122.6039,-107.6559,0.0864,92.2049,0.0000,0.0001,0.0000,0.0000,-0.0020,269.5839,-0.0012,0.0107,-0.0889,0.3021,0.0000,0.0000,0.0000,0.0213,1.0000,1,0,0,0,0,5.0001
122.6608,-107.6559,0.0864,92.2049,0.0001,0.0002,0.0000,0.0001,0.0006,269.5837,-0.0021,0.0107,-0.0909,0.3021,0.0000,0.0000,0.0000,0.0104,1.0000,1,0,0,0,0,5.0001
122.7243,-107.6559,0.0864,92.2049,0.0001,0.0002,0.0000,0.0001,-0.0002,269.5838,0.0005,0.0107,-0.0303,0.3021,0.0000,0.0000,0.0000,0.0044,1.0000,1,0,0,0,0,5.0000
122.7804,-107.6559,0.0864,92.2049,0.0000,0.0002,0.0000,0.0000,-0.0003,269.5839,0.0016,0.0107,0.0792,0.3021,0.0000,0.0000,0.0000,0.0263,1.0000,1,0,0,0,0,5.0001
122.8427,-107.6559,0.0864,92.2049,0.0001,0.0004,0.0000,0.0001,0.0010,269.5844,0.0078,0.0107,0.1828,0.3021,0.0000,0.0000,0.0000,0.1215,1.0000,1,0,0,0,0,5.0004
122.8934,-107.6559,0.0864,92.2049,0.0001,0.0003,0.0000,0.0001,-0.0001,269.5857,0.0265,0.0107,0.2884,0.3021,0.0000,0.0000,0.0000,0.2693,1.0000,1,0,0,0,0,5.0015
122.9526,-107.6577,0.0864,92.2049,0.0961,0.3461,0.0961,0.0000,1.6234,269.5865,0.0144,0.0107,0.3939,0.3021,0.0000,0.0000,0.0000,0.4278,1.0000,1,0,0,0,0,5.0008
123.0129,-107.6758,0.0864,92.2048,0.5511,1.9840,0.5511,0.0001,7.5412,269.5920,0.0905,0.0107,0.4956,0.3021,0.0000,0.0000,0.0000,0.6211,1.0000,1,0,0,0,0,5.0070
123.0703,-107.7209,0.0863,92.2045,1.0603,3.8171,1.0603,0.0006,8.8680,269.6049,0.2254,0.0107,0.5621,0.3021,0.0000,0.0000,0.0000,0.7652,1.0000,1,1,0,0,0,25.0204
123.1346,-107.8076,0.0863,92.2042,1.6699,6.0116,1.6699,0.0011,9.4901,269.6294,0.3806,0.0107,0.6090,0.3021,0.0000,0.0000,0.0000,0.8915,1.0000,1,1,0,0,0,25.0306
123.1860,-107.9026,0.0863,92.2038,2.0112,7.2402,2.0112,0.0012,6.6311,269.6496,0.3931,0.0107,0.6325,0.3021,0.0000,0.0000,0.0000,0.9388,1.0000,1,1,0,0,0,25.0305
123.2362,-108.0122,0.0863,92.2035,2.3284,8.3822,2.3284,0.0014,6.3231,269.6776,0.5566,0.0107,0.6559,0.3021,0.0000,0.0000,0.0000,0.9700,1.0000,1,1,0,0,0,25.0400
123.2873,-108.1361,0.0863,92.2031,2.5048,9.0173,2.5048,0.0013,3.4548,269.7011,0.4608,0.0107,0.6559,0.3021,0.0000,0.0000,0.0000,0.9831,1.0000,1,1,0,0,0,25.0335
123.3389,-108.2702,0.0863,92.2028,2.6620,9.5832,2.6620,0.0013,3.0439,269.7297,0.5550,0.0107,0.6559,0.3021,0.0000,0.0000,0.0000,0.9917,1.0000,1,1,0,0,0,25.0384
123.3934,-108.4184,0.0863,92.2024,2.7667,9.9600,2.7667,0.0013,1.9201,269.7576,0.5111,0.0107,0.6481,0.3021,0.0000,0.0000,0.0000,0.9960,1.0000,1,1,0,0,0,25.0353
123.4440,-108.5601,0.0863,92.2021,2.8420,10.2312,2.8420,0.0012,1.4893,269.7835,0.5122,0.0107,0.6149,0.3021,0.0000,0.0000,0.0000,0.9980,1.0000,1,1,0,0,0,25.0349
123.4976,-108.7134,0.0863,92.2018,2.8673,10.3222,2.8673,0.0009,0.4712,269.8025,0.3545,0.0107,0.5367,0.3021,0.0000,0.0000,0.0000,0.9731,1.0000,1,1,0,0,0,25.0243
123.5533,-108.8697,0.0863,92.2016,2.7382,9.8574,2.7382,0.0008,-2.3190,269.8245,0.3946,0.0107,0.4311,0.3021,0.0000,0.0000,0.0000,0.8776,1.0000,1,1,0,0,0,25.0262
123.6049,-109.0016,0.0863,92.2014,2.3816,8.5737,2.3816,0.0007,-6.9169,269.8443,0.3848,0.0107,0.2942,0.3021,0.0000,0.0000,0.0000,0.7206,1.0000,1,1,0,0,0,25.0259
123.6619,-109.1209,0.0863,92.2012,1.8045,6.4962,1.8045,0.0005,-10.1121,269.8597,0.2690,0.0107,0.1730,0.3021,0.0000,0.0000,0.0000,0.5308,1.0000,1,1,0,0,0,25.0191
123.7201,-109.2027,0.0864,92.2011,1.0912,3.9285,1.0912,0.0002,-12.2512,269.8699,0.1761,0.0107,0.0870,0.3021,0.0000,0.0000,0.0000,0.3456,1.0000,1,1,0,0,0,25.0122
123.7733,-109.2375,0.0864,92.2010,0.3353,1.2069,0.3353,0.0000,-14.2226,269.8759,0.1125,0.0107,-0.0068,0.3021,0.0000,0.0000,0.0000,0.1814,1.0000,1,0,0,0,0,5.0063
123.8355,-109.2412,0.0864,92.2010,0.0001,0.0004,0.0000,0.0001,-5.3846,269.8777,0.0294,0.0107,-0.0655,0.3021,0.0000,0.0000,0.0000,0.0770,1.0000,1,0,0,0,0,5.0016
123.8945,-109.2412,0.0864,92.2010,0.0000,0.0001,0.0000,0.0000,-0.0014,269.8776,-0.0026,0.0107,-0.0889,0.3021,0.0000,0.0000,0.0000,0.0377,1.0000,1,0,0,0,0,5.0001
123.9552,-109.2412,0.0864,92.2010,0.0000,0.0001,0.0000,0.0000,0.0001,269.8772,-0.0065,0.0107,-0.0929,0.3021,0.0000,0.0000,0.0000,0.0160,1.0000,1,0,0,0,0,5.0004
124.0109,-109.2412,0.0864,92.2010,0.0001,0.0003,0.0000,0.0001,0.0009,269.8773,0.0022,0.0107,-0.0948,0.3021,0.0000,0.0000,0.0000,0.0078,1.0000,1,0,0,0,0,5.0001
124.0626,-109.2412,0.0864,92.2010,0.0000,0.0002,0.0000,0.0000,-0.0007,269.8772,-0.0030,0.0107,-0.0889,0.3021,0.0000,0.0000,0.0000,0.0044,1.0000,1,0,0,0,0,5.0002
124.1144,-109.2412,0.0864,92.2010,0.0000,0.0002,0.0000,0.0000,-0.0001,269.8772,0.0000,0.0107,-0.0244,0.3021,0.0000,0.0000,0.0000,0.0022,1.0000,1,0,0,0,0,5.0000
124.1752,-109.2412,0.0864,92.2010,0.0000,0.0002,0.0000,0.0000,0.0001,269.8773,0.0025,0.0107,0.0890,0.3021,0.0000,0.0000,0.0000,0.0273,1.0000,1,0,0,0,0,5.0001
124.2346,-109.2412,0.0864,92.2010,0.0003,0.0009,0.0000,0.0003,0.0035,269.8784,0.0180,0.0107,0.2512,0.3021,0.0000,0.0000,0.0000,0.1825,1.0000,1,0,0,0,0,5.0010
124.2848,-109.2412,0.0864,92.2010,0.0001,0.0004,0.0000,0.0001,-0.0029,269.8800,0.0316,0.0107,0.3666,0.3021,0.0000,0.0000,0.0000,0.3271,1.0000,1,0,0,0,0,5.0018
124.3473,-109.2509,0.0864,92.2009,0.3811,1.3720,0.3811,0.0002,6.1025,269.8819,0.0313,0.0107,0.4995,0.3021,0.0000,0.0000,0.0000,0.5794,1.0000,1,0,0,0,0,5.0017
124.4064,-109.2910,0.0864,92.2009,0.9668,3.4804,0.9668,0.0001,9.9077,269.8866,0.0790,0.0107,0.5777,0.3021,0.0000,0.0000,0.0000,0.7546,1.0000,1,0,0,0,0,5.0054
124.4621,-109.3648,0.0864,92.2007,1.5963,5.7466,1.5963,0.0001,11.2903,269.8941,0.1352,0.0107,0.6266,0.3021,0.0000,0.0000,0.0000,0.8784,1.0000,1,1,0,0,0,25.0083
124.5158,-109.4665,0.0863,92.2006,2.1171,7.6216,2.1171,0.0001,9.7026,269.9034,0.1734,0.0107,0.6853,0.3021,0.0000,0.0000,0.0000,0.9405,1.0000,1,1,0,0,0,25.0106
124.5752,-109.6053,0.0863,92.2005,2.5464,9.1671,2.5464,0.0002,7.2242,269.9162,0.2147,0.0107,0.7361,0.3021,0.0000,0.0000,0.0000,0.9748,1.0000,1,1,0,0,0,25.0133
124.6374,-109.7708,0.0863,92.2003,2.7761,9.9941,2.7761,0.0001,3.6936,269.9266,0.1668,0.0107,0.7674,0.3021,0.0000,0.0000,0.0000,0.9876,1.0000,1,1,0,0,0,25.0100
124.6883,-109.9159,0.0863,92.2002,2.9219,10.5188,2.9219,0.0002,2.8643,269.9370,0.2057,0.0107,0.7674,0.3021,0.0000,0.0000,0.0000,0.9940,1.0000,1,1,0,0,0,25.0123
124.7454,-110.0854,0.0863,92.2001,3.0197,10.8709,3.0197,0.0000,1.7139,269.9462,0.1599,0.0107,0.7674,0.3021,0.0000,0.0000,0.0000,0.9970,1.0000,1,1,0,0,0,25.0091
124.7982,-110.2463,0.0864,92.2000,3.0798,11.0871,3.0798,0.0001,1.1379,269.9550,0.1671,0.0107,0.7674,0.3021,0.0000,0.0000,0.0000,0.9986,1.0000,1,1,0,0,0,25.0096
124.8571,-110.4289,0.0864,92.1999,3.1227,11.2416,3.1227,0.0001,0.7286,269.9626,0.1295,0.0107,0.7674,0.3021,0.0000,0.0000,0.0000,0.9993,1.0000,1,1,0,0,0,25.0076
124.9099,-110.5946,0.0864,92.1998,3.1539,11.3539,3.1539,0.0002,0.5903,269.9691,0.1236,0.0107,0.7674,0.3021,0.0000,0.0000,0.0000,0.9997,1.0000,1,1,0,0,0,25.0076
124.9675,-110.7768,0.0864,92.1997,3.1723,11.4205,3.1723,0.0002,0.3210,269.9755,0.1097,0.0107,0.7674,0.3021,0.0000,0.0000,0.0000,0.9998,1.0000,1,1,0,0,0,25.0069
125.0188,-110.9396,0.0864,92.1996,3.1833,11.4600,3.1833,0.0002,0.2147,269.9802,0.0923,0.0107,0.7537,0.3021,0.0000,0.0000,0.0000,0.9999,1.0000,1,1,0,0,0,25.0062
125.0795,-111.1335,0.0864,92.1996,3.2000,11.5201,3.2000,0.0003,0.2744,269.9859,0.0934,0.0107,0.7263,0.3021,0.0000,0.0000,0.0000,1.0000,1.0000,1,1,0,0,0,25.0065
125.1381,-111.3213,0.0864,92.1995,3.2079,11.5483,3.2079,0.0003,0.1339,269.9905,0.0792,0.0107,0.6227,0.3021,0.0000,0.0000,0.0000,1.0000,1.0000,1,1,0,0,0,25.0058
125.1979,-111.5127,0.0864,92.1995,3.1686,11.4068,3.1686,0.0004,-0.6576,269.9951,0.0776,0.0107,0.5328,0.3021,0.0000,0.0000,0.0000,0.9583,1.0000,1,1,0,0,0,25.0061
125.2499,-111.6744,0.0864,92.1994,3.0392,10.9410,3.0392,0.0008,-2.4894,269.9998,0.0893,0.0107,0.4819,0.3021,0.0000,0.0000,0.0000,0.8991,1.0000,1,1,0,0,0,25.0087
125.3111,-111.8507,0.0864,92.1994,2.7080,9.7486,2.7080,0.0001,-5.4153,269.9999,0.0015,0.0107,0.4194,0.3021,0.0000,0.0000,0.0000,0.7983,1.0000,1,1,0,0,0,25.0006
125.3697,-112.0006,0.0864,92.1994,2.4070,8.6652,2.4070,0.0016,-5.1284,270.0014,0.0260,0.0107,0.3548,0.3021,0.0000,0.0000,0.0000,0.7044,1.0000,1,1,0,0,0,25.0114
125.4319,-112.1377,0.0864,92.1994,1.9228,6.9221,1.9228,0.0004,-7.7945,269.9998,-0.0251,0.0107,0.2747,0.3021,0.0000,0.0000,0.0000,0.5753,1.0000,1,1,0,0,0,25.0044
125.4920,-112.2413,0.0864,92.1994,1.4551,5.2385,1.4551,0.0007,-7.7751,270.0000,0.0025,0.0107,0.1926,0.3021,0.0000,0.0000,0.0000,0.4537,1.0000,1,1,0,0,0,25.0070
125.5431,-112.3012,0.0864,92.1994,0.8701,3.1324,0.8701,0.0003,-11.4584,270.0001,0.0018,0.0107,0.1359,0.3021,0.0000,0.0000,0.0000,0.3397,1.0000,1,0,0,0,0,5.0059
125.5942,-112.3343,0.0864,92.1994,0.4336,1.5609,0.4336,0.0003,-8.5399,270.0001,0.0006,0.0107,0.1124,0.3021,0.0000,0.0000,0.0000,0.2664,1.0000,1,0,0,0,0,5.0000
125.6460,-112.3449,0.0864,92.1994,0.0433,0.1559,0.0433,0.0003,-7.5369,269.9996,-0.0094,0.0107,0.0948,0.3021,0.0000,0.0000,0.0000,0.2006,1.0000,1,0,0,0,0,5.0005
125.7053,-112.3452,0.0864,92.1994,0.0004,0.0015,0.0000,0.0004,-0.7224,270.0001,0.0072,0.0107,0.0694,0.3021,0.0000,0.0000,0.0000,0.1493,1.0000,1,0,0,0,0,5.0004
125.7660,-112.3452,0.0864,92.1994,0.0004,0.0016,0.0001,0.0004,0.0001,270.0002,0.0020,0.0107,0.0264,0.3021,0.0000,0.0000,0.0000,0.0854,1.0000,1,0,0,0,0,5.0001
125.8195,-112.3452,0.0864,92.1994,0.0000,0.0000,0.0000,0.0000,-0.0081,269.9999,-0.0046,0.0107,0.0088,0.3021,0.0000,0.0000,0.0000,0.0421,1.0000,1,0,0,0,0,5.0003
125.8762,-112.3452,0.0864,92.1994,0.0000,0.0001,0.0000,0.0000,0.0004,269.9998,-0.0016,0.0107,0.0069,0.3021,0.0000,0.0000,0.0000,0.0206,1.0000,1,0,0,0,0,5.0001
125.9413,-112.3452,0.0864,92.1994,0.0001,0.0003,0.0000,0.0001,0.0010,269.9997,-0.0019,0.0107,0.0069,0.3021,0.0000,0.0000,0.0000,0.0087,1.0000,1,0,0,0,0,5.0001
125.9953,-112.3452,0.0864,92.1994,0.0000,0.0001,0.0000,0.0000,-0.0012,269.9990,-0.0141,0.0107,0.0069,0.3021,0.0000,0.0000,0.0000,0.0049,1.0000,1,0,0,0,0,5.0008
126.0580,-112.3452,0.0864,92.1994,0.0001,0.0002,0.0000,0.0001,0.0005,269.9990,0.0010,0.0107,0.0069,0.3021,0.0000,0.0000,0.0000,0.0021,1.0000,1,0,0,0,0,5.0001
126.1171,-112.3452,0.0864,92.1994,0.0000,0.0002,0.0000,0.0000,-0.0002,269.9989,-0.0021,0.0107,0.0069,0.3021,0.0000,0.0000,0.0000,0.0010,1.0000,1,0,0,0,0,5.0001
126.1779,-112.3452,0.0864,92.1994,0.0000,0.0001,0.0000,0.0000,-0.0001,269.9989,0.0000,0.0107,0.0069,0.3021,0.0000,0.0000,0.0000,0.0004,1.0000,1,0,0,0,0,5.0000
126.2366,-112.3452,0.0864,92.1994,0.0000,0.0001,0.0000,0.0000,-0.0001,269.9989,0.0000,0.0107,0.0049,0.3021,0.0000,0.0000,0.0000,0.0002,1.0000,1,0,0,0,0,5.0000
126.2894,-112.3452,0.0864,92.1994,0.0000,0.0001,0.0000,0.0000,0.0000,269.9989,0.0000,0.0107,0.0049,0.3021,0.0000,0.0000,0.0000,0.0001,1.0000,1,0,0,0,0,5.0000
126.3483,-112.3452,0.0864,92.1994,0.0000,0.0001,0.0000,0.0000,0.0000,269.9989,0.0000,0.0107,0.0049,0.3021,0.0000,0.0000,0.0000,0.0001,1.0000,1,0,0,0,0,5.0000
126.4057,-112.3452,0.0864,92.1994,0.0000,0.0001,0.0000,0.0000,0.0000,269.9989,0.0000,0.0107,0.0049,0.3021,0.0000,0.0000,0.0000,0.0000,1.0000,1,0,0,0,0,5.0000
126.4577,-112.3452,0.0864,92.1994,0.0000,0.0001,0.0000,0.0000,0.0000,269.9989,0.0000,0.0107,0.0049,0.3021,0.0000,0.0000,0.0000,0.0000,1.0000,1,0,0,0,0,5.0000
126.5197,-112.3452,0.0864,92.1994,0.0000,0.0001,0.0000,0.0000,0.0000,269.9989,0.0000,0.0107,0.0127,0.3021,0.0000,0.0000,0.0000,0.0000,1.0000,1,0,0,0,0,5.0000
126.5780,-112.3452,0.0864,92.1994,0.0002,0.0008,0.0001,0.0002,0.0035,269.9985,-0.0068,0.0107,0.0577,0.3021,0.0000,0.0000,0.0000,0.0214,1.0000,1,0,0,0,0,5.0004
126.6298,-112.3452,0.0864,92.1994,0.0000,0.0000,0.0000,0.0000,-0.0042,269.9987,0.0029,0.0107,0.1026,0.3021,0.0000,0.0000,0.0000,0.0723,1.0000,1,0,0,0,0,5.0002
126.6799,-112.3452,0.0864,92.1994,0.0004,0.0015,-0.0001,0.0004,0.0083,269.9999,0.0256,0.0107,0.1594,0.3021,0.0000,0.0000,0.0000,0.1340,1.0000,1,0,0,0,0,5.0014
126.7388,-112.3452,0.0864,92.1994,0.0004,0.0015,0.0000,0.0004,-0.0001,270.0001,0.0021,0.0107,0.2591,0.3021,0.0000,0.0000,0.0000,0.2388,1.0000,1,0,0,0,0,5.0001
126.8006,-112.3473,0.0864,92.1994,0.1135,0.4087,0.1135,0.0012,1.8309,270.0006,0.0094,0.0107,0.3666,0.3021,0.0000,0.0000,0.0000,0.4052,1.0000,1,0,0,0,0,5.0005
126.8602,-112.3639,0.0864,92.1994,0.4471,1.6097,0.4471,0.0005,5.5971,270.0001,-0.0092,0.0107,0.4741,0.3021,0.0000,0.0000,0.0000,0.5626,1.0000,1,0,0,0,0,5.0005
126.9115,-112.4031,0.0864,92.1994,1.0487,3.7752,1.0487,0.0001,11.7154,269.9986,-0.0297,0.0107,0.5562,0.3021,0.0000,0.0000,0.0000,0.7210,1.0000,1,1,0,0,0,25.0037
126.9699,-112.4829,0.0864,92.1994,1.6842,6.0630,1.6842,0.0009,10.8841,269.9987,0.0031,0.0107,0.6149,0.3021,0.0000,0.0000,0.0000,0.8529,1.0000,1,1,0,0,0,25.0082
127.0201,-112.5813,0.0864,92.1994,2.2451,8.0823,2.2451,0.0004,11.1699,269.9992,0.0091,0.0107,0.6579,0.3021,0.0000,0.0000,0.0000,0.9280,1.0000,1,1,0,0,0,25.0035
127.0806,-112.7281,0.0864,92.1994,2.6216,9.4377,2.6216,0.0012,6.2263,270.0009,0.0283,0.0107,0.7048,0.3021,0.0000,0.0000,0.0000,0.9648,1.0000,1,1,0,0,0,25.0082
127.1377,-112.8876,0.0864,92.1994,2.9223,10.5203,2.9223,0.0007,5.2703,270.0009,0.0000,0.0107,0.7185,0.3021,0.0000,0.0000,0.0000,0.9828,1.0000,1,1,0,0,0,25.0034
127.1899,-113.0458,0.0864,92.1994,3.1142,11.2110,3.1142,0.0004,3.6728,270.0012,0.0053,0.0107,0.7283,0.3021,0.0000,0.0000,0.0000,0.9916,1.0000,1,1,0,0,0,25.0023
127.2495,-113.2352,0.0864,92.1994,3.1896,11.4825,3.1896,0.0001,1.2653,269.9995,-0.0276,0.0107,0.7283,0.3021,0.0000,0.0000,0.0000,0.9959,1.0000,1,1,0,0,0,25.0019
127.2998,-113.3955,0.0864,92.1994,3.1987,11.5152,3.1987,0.0003,0.1804,270.0000,0.0097,0.0107,0.7283,0.3021,0.0000,0.0000,0.0000,0.9980,1.0000,1,1,0,0,0,25.0020
127.3511,-113.5617,0.0864,92.1994,3.2817,11.8141,3.2817,0.0012,1.6175,270.0005,0.0101,0.0107,0.7283,0.3021,0.0000,0.0000,0.0000,0.9990,1.0000,1,1,0,0,0,25.0059
127.4129,-113.7652,0.0864,92.1994,3.3384,12.0183,3.3384,0.0004,0.9184,269.9992,-0.0217,0.0107,0.7283,0.3021,0.0000,0.0000,0.0000,0.9995,1.0000,1,1,0,0,0,25.0030
127.4718,-113.9605,0.0864,92.1994,3.2928,11.8540,3.2928,0.0002,-0.7744,270.0000,0.0135,0.0107,0.7283,0.3021,0.0000,0.0000,0.0000,0.9998,1.0000,1,1,0,0,0,25.0016
127.5232,-114.1303,0.0864,92.1994,3.3522,12.0681,3.3522,0.0009,1.1582,269.9998,-0.0030,0.0107,0.7283,0.3021,0.0000,0.0000,0.0000,0.9999,1.0000,1,1,0,0,0,25.0043
127.5733,-114.2978,0.0864,92.1994,3.3794,12.1657,3.3794,0.0006,0.5414,269.9995,-0.0073,0.0107,0.7283,0.3021,0.0000,0.0000,0.0000,0.9999,1.0000,1,1,0,0,0,25.0031
127.6296,-114.4877,0.0864,92.1994,3.3946,12.2205,3.3946,0.0005,0.2705,269.9992,-0.0043,0.0107,0.7263,0.3021,0.0000,0.0000,0.0000,1.0000,1.0000,1,1,0,0,0,25.0023
127.6799,-114.6575,0.0864,92.1994,3.3757,12.1524,3.3757,0.0009,-0.3767,270.0006,0.0273,0.0107,0.6911,0.3021,0.0000,0.0000,0.0000,1.0000,1.0000,1,1,0,0,0,25.0053
127.7313,-114.8308,0.0864,92.1994,3.3458,12.0447,3.3458,0.0006,-0.5811,270.0000,-0.0125,0.0107,0.6070,0.3021,0.0000,0.0000,0.0000,1.0000,1.0000,1,1,0,0,0,25.0036
127.7832,-115.0054,0.0864,92.1994,3.3595,12.0942,3.3595,0.0005,0.2648,270.0012,0.0229,0.0107,0.5367,0.3021,0.0000,0.0000,0.0000,0.9636,1.0000,1,1,0,0,0,25.0034
127.8426,-115.2004,0.0864,92.1994,3.1585,11.3706,3.1585,0.0008,-3.3863,270.0002,-0.0154,0.0107,0.4331,0.3021,0.0000,0.0000,0.0000,0.8656,1.0000,1,1,0,0,0,25.0048
127.9024,-115.3776,0.0864,92.1994,2.7851,10.0262,2.7851,0.0006,-6.2473,269.9994,-0.0143,0.0107,0.3333,0.3021,0.0000,0.0000,0.0000,0.7302,1.0000,1,1,0,0,0,25.0039
127.9624,-115.5260,0.0864,92.1994,2.1582,7.7697,2.1582,0.0012,-10.4302,270.0004,0.0168,0.0107,0.2532,0.3021,0.0000,0.0000,0.0000,0.5649,1.0000,1,1,0,0,0,25.0090
128.0220,-115.6376,0.0864,92.1994,1.5462,5.5664,1.5462,0.0009,-10.2790,270.0002,-0.0036,0.0107,0.2063,0.3021,0.0000,0.0000,0.0000,0.4497,1.0000,1,1,0,0,0,25.0090
128.0733,-115.7047,0.0864,92.1994,1.0156,3.6561,1.0156,0.0007,-10.3377,270.0001,-0.0024,0.0107,0.1867,0.3021,0.0000,0.0000,0.0000,0.3702,1.0000,1,1,0,0,0,25.0112
128.1308,-115.7518,0.0864,92.1994,0.5886,2.1190,0.5886,0.0006,-7.4303,270.0008,0.0122,0.0107,0.1691,0.3021,0.0000,0.0000,0.0000,0.3159,1.0000,1,0,0,0,0,5.0165
128.1835,-115.7757,0.0864,92.1994,0.3006,1.0823,0.3006,0.0000,-5.4592,269.9988,-0.0376,0.0107,0.1691,0.3021,0.0000,0.0000,0.0000,0.2859,1.0000,1,0,0,0,0,5.0021
128.2434,-115.7866,0.0864,92.1994,0.0591,0.2129,0.0591,0.0009,-4.0336,270.0006,0.0306,0.0107,0.1672,0.3021,0.0000,0.0000,0.0000,0.2700,1.0000,1,0,0,0,0,5.0017
128.3005,-115.7874,0.0864,92.1994,0.0005,0.0018,-0.0001,0.0005,-1.0264,269.9994,-0.0208,0.0107,0.1672,0.3021,0.0000,0.0000,0.0000,0.2617,1.0000,1,0,0,0,0,5.0012
128.3539,-115.7874,0.0864,92.1994,0.0003,0.0009,0.0000,0.0003,-0.0045,270.0000,0.0109,0.0107,0.1672,0.3021,0.0000,0.0000,0.0000,0.2576,1.0000,1,0,0,0,0,5.0006
128.4126,-115.7874,0.0864,92.1994,0.0003,0.0009,0.0000,0.0003,0.0000,270.0000,0.0000,0.0107,0.1672,0.3021,0.0000,0.0000,0.0000,0.2556,1.0000,1,0,0,0,0,5.0000
128.4630,-115.7874,0.0864,92.1994,0.0003,0.0009,0.0000,0.0003,0.0000,270.0000,0.0000,0.0107,0.1652,0.3021,0.0000,0.0000,0.0000,0.2535,1.0000,1,0,0,0,0,5.0000
128.5130,-115.7874,0.0864,92.1994,0.0003,0.0009,0.0000,0.0003,0.0000,270.0000,0.0000,0.0107,0.1652,0.3021,0.0000,0.0000,0.0000,0.2521,1.0000,1,0,0,0,0,5.0000
128.5633,-115.7874,0.0864,92.1994,0.0003,0.0009,0.0000,0.0003,0.0000,270.0000,0.0000,0.0107,0.1652,0.3021,0.0000,0.0000,0.0000,0.2512,1.0000,1,0,0,0,0,5.0000
128.6231,-115.7874,0.0864,92.1994,0.0003,0.0009,0.0000,0.0003,0.0000,270.0000,0.0000,0.0107,0.1691,0.3021,0.0000,0.0000,0.0000,0.2520,1.0000,1,0,0,0,0,5.0000
128.6875,-115.7874,0.0864,92.1994,0.0017,0.0062,0.0007,0.0016,0.0228,269.9974,-0.0403,0.0107,0.2258,0.3021,0.0000,0.0000,0.0000,0.2890,1.0000,1,0,0,0,0,5.0022
128.7404,-115.7880,0.0864,92.1994,0.0783,0.2817,0.0782,0.0008,1.4462,269.9985,0.0208,0.0107,0.3392,0.3021,0.0000,0.0000,0.0000,0.3910,1.0000,1,0,0,0,0,5.0012
128.7928,-115.7978,0.0864,92.1994,0.3095,1.1143,0.3095,0.0009,4.4151,270.0007,0.0419,0.0107,0.4174,0.3021,0.0000,0.0000,0.0000,0.4984,1.0000,1,0,0,0,0,5.0023
128.8446,-115.8272,0.0864,92.1994,0.7999,2.8797,0.7999,0.0011,9.4693,270.0007,0.0006,0.0107,0.5250,0.3021,0.0000,0.0000,0.0000,0.6583,1.0000,1,0,0,0,0,5.0199
128.8966,-115.8839,0.0864,92.1994,1.4171,5.1015,1.4171,0.0006,11.8542,270.0010,0.0053,0.0107,0.6031,0.3021,0.0000,0.0000,0.0000,0.8097,1.0000,1,1,0,0,0,25.0067
128.9547,-115.9838,0.0864,92.1994,2.0319,7.3148,2.0319,0.0005,10.5809,270.0014,0.0063,0.0107,0.6638,0.3021,0.0000,0.0000,0.0000,0.9069,1.0000,1,1,0,0,0,25.0039
129.0054,-116.0983,0.0864,92.1994,2.4650,8.8741,2.4650,0.0001,8.5425,269.9998,-0.0307,0.0107,0.7028,0.3021,0.0000,0.0000,0.0000,0.9544,1.0000,1,1,0,0,0,25.0024
129.0611,-116.2452,0.0864,92.1994,2.8095,10.1142,2.8095,0.0005,6.1930,269.9998,-0.0011,0.0107,0.7185,0.3021,0.0000,0.0000,0.0000,0.9777,1.0000,1,1,0,0,0,25.0026
129.1147,-116.3992,0.0864,92.1994,2.9327,10.5576,2.9327,0.0000,2.2986,269.9999,0.0023,0.0107,0.7185,0.3021,0.0000,0.0000,0.0000,0.9874,1.0000,1,1,0,0,0,25.0002
129.1739,-116.5788,0.0864,92.1994,3.1007,11.1624,3.1007,0.0006,2.8357,269.9999,0.0005,0.0107,0.7185,0.3021,0.0000,0.0000,0.0000,0.9947,1.0000,1,1,0,0,0,25.0029
129.2345,-116.7710,0.0864,92.1994,3.2284,11.6223,3.2284,0.0011,2.1070,270.0002,0.0045,0.0107,0.7185,0.3021,0.0000,0.0000,0.0000,0.9974,1.0000,1,1,0,0,0,25.0053
129.2940,-116.9659,0.0864,92.1994,3.2806,11.8100,3.2806,0.0004,0.8771,269.9998,-0.0062,0.0107,0.6892,0.3021,0.0000,0.0000,0.0000,0.9989,1.0000,1,1,0,0,0,25.0022
129.3441,-117.1320,0.0864,92.1994,3.3375,12.0151,3.3375,0.0010,1.1375,270.0001,0.0049,0.0107,0.6540,0.3021,0.0000,0.0000,0.0000,0.9994,1.0000,1,1,0,0,0,25.0049
129.4034,-117.3285,0.0864,92.1994,3.3226,11.9615,3.3226,0.0011,-0.2507,270.0009,0.0144,0.0107,0.5875,0.3021,0.0000,0.0000,0.0000,0.9959,1.0000,1,1,0,0,0,25.0059
129.4540,-117.4955,0.0864,92.1994,3.2217,11.5980,3.2217,0.0001,-1.9934,269.9997,-0.0241,0.0107,0.4976,0.3021,0.0000,0.0000,0.0000,0.9295,1.0000,1,1,0,0,0,25.0018
129.5137,-117.6806,0.0864,92.1994,2.9797,10.7270,2.9797,0.0005,-4.0511,269.9986,-0.0184,0.0107,0.3861,0.3021,0.0000,0.0000,0.0000,0.8145,1.0000,1,1,0,0,0,25.0034
129.5734,-117.8410,0.0864,92.1994,2.4144,8.6917,2.4144,0.0016,-9.4714,270.0016,0.0511,0.0107,0.2903,0.3021,0.0000,0.0000,0.0000,0.6432,1.0000,1,1,0,0,0,25.0125
129.6252,-117.9542,0.0864,92.1994,1.9802,7.1286,1.9802,0.0009,-8.3914,270.0012,-0.0088,0.0107,0.2161,0.3021,0.0000,0.0000,0.0000,0.5313,1.0000,1,1,0,0,0,25.0072
129.6833,-118.0476,0.0864,92.1994,1.2590,4.5324,1.2590,0.0006,-12.3951,269.9984,-0.0477,0.0107,0.1828,0.3021,0.0000,0.0000,0.0000,0.3938,1.0000,1,1,0,0,0,25.0098
129.7432,-118.1073,0.0864,92.1994,0.7579,2.7284,0.7579,0.0016,-8.3710,270.0015,0.0510,0.0107,0.1809,0.3021,0.0000,0.0000,0.0000,0.3352,1.0000,1,0,0,0,0,5.0352
129.7944,-118.1376,0.0864,92.1994,0.4009,1.4432,0.4009,0.0010,-6.9798,270.0004,-0.0215,0.0107,0.1789,0.3021,0.0000,0.0000,0.0000,0.3045,1.0000,1,0,0,0,0,5.0012
129.8649,-118.1561,0.0864,92.1994,0.1220,0.4392,0.1220,0.0012,-3.9519,270.0007,0.0043,0.0107,0.1789,0.3021,0.0000,0.0000,0.0000,0.2869,1.0000,1,0,0,0,0,5.0002
129.9265,-118.1593,0.0864,92.1994,0.0016,0.0057,0.0009,0.0013,-1.9556,270.0005,-0.0025,0.0107,0.1789,0.3021,0.0000,0.0000,0.0000,0.2794,1.0000,1,0,0,0,0,5.0001
129.9855,-118.1594,0.0864,92.1994,0.0017,0.0061,0.0003,0.0016,0.0019,270.0021,0.0269,0.0107,0.1789,0.3021,0.0000,0.0000,0.0000,0.2766,1.0000,1,0,0,0,0,5.0015
130.0444,-118.1595,0.0864,92.1994,0.0016,0.0058,0.0012,0.0011,-0.0010,269.9978,-0.0726,0.0107,0.1789,0.3021,0.0000,0.0000,0.0000,0.2753,1.0000,1,0,0,0,0,5.0040
130.1055,-118.1595,0.0864,92.1994,0.0007,0.0024,-0.0002,0.0007,-0.0154,269.9998,0.0315,0.0107,0.1789,0.3021,0.0000,0.0000,0.0000,0.2745,1.0000,1,0,0,0,0,5.0017
130.1668,-118.1595,0.0864,92.1994,0.0006,0.0022,0.0001,0.0006,-0.0010,269.9977,-0.0344,0.0107,0.1789,0.3021,0.0000,0.0000,0.0000,0.2742,1.0000,1,0,0,0,0,5.0019
130.2248,-118.1595,0.0864,92.1994,0.0003,0.0009,0.0000,0.0003,-0.0063,270.0000,0.0405,0.0107,0.1789,0.3021,0.0000,0.0000,0.0000,0.2741,1.0000,1,0,0,0,0,5.0022
130.2866,-118.1595,0.0864,92.1994,0.0003,0.0009,0.0001,0.0002,0.0000,270.0000,0.0000,0.0107,0.1789,0.3021,0.0000,0.0000,0.0000,0.2740,1.0000,1,0,0,0,0,5.0000
130.3455,-118.1595,0.0864,92.1994,0.0003,0.0009,0.0001,0.0003,0.0000,270.0000,0.0000,0.0107,0.1789,0.3021,0.0000,0.0000,0.0000,0.2740,1.0000,1,0,0,0,0,5.0000
130.4050,-118.1595,0.0864,92.1994,0.0003,0.0009,0.0001,0.0003,0.0000,270.0000,0.0000,0.0107,0.1789,0.3021,0.0000,0.0000,0.0000,0.2740,1.0000,1,0,0,0,0,5.0000
130.4664,-118.1595,0.0864,92.1994,0.0003,0.0009,0.0001,0.0003,0.0000,270.0000,0.0000,0.0107,0.1789,0.3021,0.0000,0.0000,0.0000,0.2740,1.0000,1,0,0,0,0,5.0000
130.5252,-118.1595,0.0864,92.1994,0.0003,0.0009,0.0001,0.0003,0.0000,270.0000,0.0000,0.0107,0.1789,0.3021,0.0000,0.0000,0.0000,0.2740,1.0000,1,0,0,0,0,5.0000
130.5870,-118.1595,0.0864,92.1994,0.0003,0.0009,0.0001,0.0003,0.0000,270.0000,0.0000,0.0107,0.1789,0.3021,0.0000,0.0000,0.0000,0.2740,1.0000,1,0,0,0,0,5.0000
130.6449,-118.1595,0.0864,92.1994,0.0003,0.0009,0.0001,0.0003,0.0000,270.0000,0.0000,0.0107,0.1789,0.3021,0.0000,0.0000,0.0000,0.2740,1.0000,1,0,0,0,0,5.0000
130.6960,-118.1595,0.0864,92.1994,0.0003,0.0009,0.0001,0.0003,0.0000,270.0000,0.0000,0.0107,0.1789,0.3021,0.0000,0.0000,0.0000,0.2740,1.0000,1,0,0,0,0,5.0000
130.7550,-118.1595,0.0864,92.1994,0.0003,0.0009,0.0001,0.0003,0.0000,270.0000,0.0000,0.0107,0.1789,0.3021,0.0000,0.0000,0.0000,0.2740,1.0000,1,0,0,0,0,5.0000
130.8160,-118.1595,0.0864,92.1994,0.0033,0.0120,0.0024,0.0024,0.0505,270.0015,0.0245,0.0107,0.2239,0.3021,0.0000,0.0000,0.0000,0.2944,1.0000,1,0,0,0,0,5.0014
130.8867,-118.1633,0.0864,92.1994,0.1448,0.5214,0.1448,0.0013,2.0030,270.0007,-0.0117,0.0107,0.3412,0.3021,0.0000,0.0000,0.0000,0.4117,1.0000,1,0,0,0,0,5.0006
130.9470,-118.1841,0.0864,92.1994,0.6441,2.3189,0.6441,0.0011,8.2712,270.0002,-0.0071,0.0107,0.5230,0.3021,0.0000,0.0000,0.0000,0.6315,1.0000,1,0,0,0,0,5.0249
131.0071,-118.2411,0.0864,92.1994,1.3305,4.7896,1.3305,0.0015,11.4277,270.0005,0.0046,0.0107,0.6129,0.3021,0.0000,0.0000,0.0000,0.8111,1.0000,1,1,0,0,0,25.0174
131.0634,-118.3340,0.0864,92.1994,1.9299,6.9475,1.9299,0.0001,10.6397,269.9999,-0.0103,0.0107,0.6520,0.3021,0.0000,0.0000,0.0000,0.9076,1.0000,1,1,0,0,0,25.0014
131.1167,-118.4505,0.0864,92.1994,2.4462,8.8064,2.4462,0.0003,9.6853,269.9985,-0.0263,0.0107,0.6892,0.3021,0.0000,0.0000,0.0000,0.9548,1.0000,1,1,0,0,0,25.0032
131.1729,-118.5977,0.0864,92.1994,2.8091,10.1129,2.8091,0.0004,6.4668,270.0012,0.0479,0.0107,0.7224,0.3021,0.0000,0.0000,0.0000,0.9779,1.0000,1,1,0,0,0,25.0046
131.2243,-118.7478,0.0864,92.1994,3.0385,10.9386,3.0385,0.0012,4.4577,270.0005,-0.0130,0.0107,0.7361,0.3021,0.0000,0.0000,0.0000,0.9892,1.0000,1,1,0,0,0,25.0068
131.2860,-118.9406,0.0864,92.1994,3.2326,11.6374,3.2326,0.0010,3.1448,270.0004,-0.0020,0.0107,0.7380,0.3021,0.0000,0.0000,0.0000,0.9947,1.0000,1,1,0,0,0,25.0048
131.3459,-119.1364,0.0864,92.1994,3.2721,11.7796,3.2721,0.0012,0.6600,269.9998,-0.0112,0.0107,0.7341,0.3021,0.0000,0.0000,0.0000,0.9974,1.0000,1,1,0,0,0,25.0062
131.4063,-119.3373,0.0864,92.1994,3.3333,11.9999,3.3333,0.0005,1.0123,270.0015,0.0288,0.0107,0.6579,0.3021,0.0000,0.0000,0.0000,0.9989,1.0000,1,1,0,0,0,25.0040
131.4663,-119.5376,0.0864,92.1994,3.2988,11.8756,3.2988,0.0006,-0.5758,269.9996,-0.0310,0.0107,0.5445,0.3021,0.0000,0.0000,0.0000,0.9822,1.0000,1,1,0,0,0,25.0044
131.5169,-119.7035,0.0864,92.1994,3.1899,11.4836,3.1899,0.0013,-2.1515,270.0000,0.0066,0.0107,0.4428,0.3021,0.0000,0.0000,0.0000,0.8829,1.0000,1,1,0,0,0,25.0063
131.5674,-119.8569,0.0864,92.1994,2.9178,10.5040,2.9178,0.0006,-5.3872,269.9992,-0.0157,0.0107,0.3646,0.3021,0.0000,0.0000,0.0000,0.7828,1.0000,1,1,0,0,0,25.0041
131.6285,-120.0155,0.0864,92.1994,2.3157,8.3365,2.3157,0.0002,-9.8671,269.9986,-0.0090,0.0107,0.2708,0.3021,0.0000,0.0000,0.0000,0.6094,1.0000,1,1,0,0,0,25.0018
131.6843,-120.1288,0.0864,92.1994,1.7213,6.1966,1.7213,0.0014,-10.6409,270.0005,0.0328,0.0107,0.2239,0.3021,0.0000,0.0000,0.0000,0.4882,1.0000,1,1,0,0,0,25.0137
131.7368,-120.2065,0.0864,92.1994,1.2229,4.4024,1.2229,0.0001,-9.4948,269.9989,-0.0297,0.0107,0.2180,0.3021,0.0000,0.0000,0.0000,0.4134,1.0000,1,1,0,0,0,25.0033
131.7967,-120.2659,0.0864,92.1994,0.7451,2.6824,0.7451,0.0004,-7.9816,269.9999,0.0168,0.0107,0.2180,0.3021,0.0000,0.0000,0.0000,0.3766,1.0000,1,0,0,0,0,5.0080
131.8574,-120.2995,0.0864,92.1994,0.4392,1.5813,0.4392,0.0002,-5.0353,269.9993,-0.0106,0.0107,0.2180,0.3021,0.0000,0.0000,0.0000,0.3563,1.0000,1,0,0,0,0,5.0006
131.9078,-120.3183,0.0864,92.1994,0.2913,1.0488,0.2913,0.0008,-2.9381,270.0001,0.0170,0.0107,0.2180,0.3021,0.0000,0.0000,0.0000,0.3498,1.0000,1,0,0,0,0,5.0009
131.9587,-120.3299,0.0864,92.1994,0.1550,0.5579,0.1550,0.0004,-2.6792,270.0000,-0.0024,0.0107,0.2180,0.3021,0.0000,0.0000,0.0000,0.3455,1.0000,1,0,0,0,0,5.0001
132.0152,-120.3389,0.0864,92.1994,0.1669,0.6008,0.1669,0.0001,0.2112,269.9987,-0.0227,0.0107,0.2180,0.3021,0.0000,0.0000,0.0000,0.3434,1.0000,1,0,0,0,0,5.0013
132.0813,-120.3489,0.0864,92.1994,0.1521,0.5475,0.1521,0.0006,-0.2244,269.9987,-0.0009,0.0107,0.2180,0.3021,0.0000,0.0000,0.0000,0.3422,1.0000,1,0,0,0,0,5.0001
132.1360,-120.3550,0.0864,92.1994,0.0576,0.2074,0.0576,0.0003,-1.7259,270.0000,0.0245,0.0107,0.2180,0.3021,0.0000,0.0000,0.0000,0.3418,1.0000,1,0,0,0,0,5.0014
132.1880,-120.3575,0.0864,92.1994,0.0568,0.2046,0.0568,0.0020,-0.0147,270.0009,0.0164,0.0107,0.2180,0.3021,0.0000,0.0000,0.0000,0.3416,1.0000,1,0,0,0,0,5.0009
132.2479,-120.3622,0.0864,92.1994,0.0568,0.2046,0.0568,0.0003,-0.0001,270.0000,-0.0148,0.0107,0.2180,0.3021,0.0000,0.0000,0.0000,0.3415,1.0000,1,0,0,0,0,5.0008
132.3073,-120.3644,0.0864,92.1994,0.0415,0.1496,0.0415,0.0020,-0.2573,270.0008,0.0139,0.0107,0.2102,0.0968,0.0000,0.0000,0.0000,0.3356,1.0000,1,0,0,0,0,5.0008
132.3574,-120.3672,0.0864,92.1994,0.0646,0.2327,0.0646,0.0019,0.4605,270.0007,-0.0012,0.0107,0.2102,-0.4213,0.0000,0.0000,0.0000,0.3317,0.4826,1,0,0,0,0,2.4133
132.4172,-120.3718,0.0864,92.1994,0.0857,0.3085,0.0857,0.0019,0.3525,270.0007,0.0000,0.0107,0.2102,-0.8886,0.0000,0.0000,0.0000,0.3297,0.1942,1,0,0,0,0,0.9708
132.4711,-120.3777,0.0864,92.1994,0.1378,0.4960,0.1378,0.0000,0.9654,269.9991,-0.0294,0.0107,0.2102,-0.9883,0.0000,0.0000,0.0000,0.3288,0.0781,1,0,0,0,0,0.3922
132.5289,-120.3860,0.0864,92.1994,0.1550,0.5581,0.1550,0.0015,0.2983,270.0005,0.0243,0.0107,0.2102,-1.0000,0.0000,0.0000,0.0000,0.3283,0.0314,1,0,0,0,0,0.1585
132.5792,-120.3941,0.0864,92.1994,0.1729,0.6223,0.1729,0.0015,0.3552,270.0005,-0.0006,0.0107,0.2102,-1.0000,0.0000,0.0000,0.0000,0.3281,0.0126,1,0,0,0,0,0.0632
132.6297,-120.4038,0.0864,92.1994,0.2003,0.7209,0.2003,0.0015,0.5422,270.0005,-0.0006,0.0107,0.2102,-1.0000,0.0000,0.0000,0.0000,0.3280,0.0061,1,0,0,0,0,0.0305
132.6906,-120.4143,0.0864,92.1994,0.1997,0.7189,0.1997,0.0004,-0.0093,269.9988,-0.0270,0.0107,0.2102,-1.0000,0.0000,0.0000,0.0000,0.3279,0.0020,1,0,0,0,0,0.0117
132.7535,-120.4275,0.0864,92.1994,0.2206,0.7941,0.2206,0.0014,0.3322,270.0003,0.0233,0.0107,0.2102,-1.0000,0.0000,0.0000,0.0000,0.3279,0.0008,1,0,0,0,0,0.0054
132.8037,-120.4397,0.0864,92.1994,0.2258,0.8131,0.2258,0.0006,0.1050,269.9997,-0.0115,0.0107,0.2102,-1.0000,0.0000,0.0000,0.0000,0.3279,0.0003,1,0,0,0,0,0.0023
132.8652,-120.4548,0.0864,92.1994,0.2364,0.8509,0.2364,0.0009,0.1712,270.0000,0.0040,0.0107,0.2102,-1.0000,0.0000,0.0000,0.0000,0.3279,0.0001,1,0,0,0,0,0.0009
132.9337,-120.4685,0.0864,92.1994,0.2120,0.7631,0.2120,0.0019,-0.3560,270.0006,0.0093,0.0107,0.2102,-1.0000,0.0000,0.0000,0.0000,0.3279,0.0000,1,0,0,0,0,0.0007
132.9954,-120.4812,0.0864,92.1994,0.1696,0.6106,0.1696,0.0007,-0.6864,270.0000,-0.0094,0.0107,0.2102,-1.0000,0.0000,0.0000,0.0000,0.3279,0.0000,1,0,0,0,0,0.0006
133.0458,-120.4898,0.0864,92.1994,0.1337,0.4811,0.1336,0.0007,-0.7139,270.0001,0.0006,0.0107,0.2102,-0.9961,0.0000,0.0000,0.0000,0.3279,0.0000,1,0,0,0,0,0.0001
133.0962,-120.4976,0.0864,92.1994,0.1689,0.6080,0.1689,0.0019,0.6990,270.0008,0.0145,0.0107,0.2102,-0.9140,0.0000,0.0000,0.0000,0.3279,0.0000,1,0,0,0,0,0.0008
133.1553,-120.5088,0.0864,92.1994,0.1781,0.6413,0.1781,0.0006,0.1562,269.9998,-0.0176,0.0107,0.2102,-0.4917,0.0000,0.0000,0.0000,0.3279,0.0000,1,0,0,0,0,0.0010
133.2150,-120.5184,0.0864,92.1994,0.1785,0.6426,0.1785,0.0014,0.0061,270.0002,0.0077,0.0107,0.2102,-0.0831,0.0000,0.0000,0.0000,0.3279,0.0000,1,0,0,0,0,0.0004
133.2723,-120.5283,0.0864,92.1994,0.1705,0.6139,0.1705,0.0014,-0.1389,270.0003,0.0011,0.0107,0.2082,0.1085,0.0000,0.0000,0.0000,0.3264,0.4209,1,0,0,0,0,2.1048
133.3252,-120.5343,0.0864,92.1994,0.0926,0.3333,0.0926,0.0021,-1.4728,270.0008,0.0098,0.0107,0.2082,0.2493,0.0000,0.0000,0.0000,0.3255,0.7671,1,0,0,0,0,3.8358
133.3754,-120.5391,0.0864,92.1994,0.0906,0.3263,0.0906,0.0022,-0.0388,270.0007,-0.0012,0.0107,0.2082,0.2805,0.0000,0.0000,0.0000,0.3251,0.8876,1,0,0,0,0,4.4379
133.4432,-120.5453,0.0864,92.1994,0.0815,0.2933,0.0815,0.0015,-0.1353,270.0004,-0.0045,0.0107,0.2082,-0.0518,0.0000,0.0000,0.0000,0.3247,0.7958,1,0,0,0,0,3.9793
133.4965,-120.5474,0.0864,92.1994,0.0390,0.1404,0.0390,0.0020,-0.7973,270.0005,0.0023,0.0107,0.2082,-0.7224,0.0000,0.0000,0.0000,0.3246,0.3201,1,0,0,0,0,1.6008
133.5576,-120.5509,0.0864,92.1994,0.0307,0.1105,0.0307,0.0000,-0.1361,269.9996,-0.0160,0.0107,0.2082,-0.9570,0.0000,0.0000,0.0000,0.3246,0.1073,1,0,0,0,0,0.5376
133.6128,-120.5529,0.0864,92.1994,0.0547,0.1968,0.0546,0.0018,0.4339,270.0006,0.0188,0.0107,0.2082,-0.9980,0.0000,0.0000,0.0000,0.3245,0.0432,1,0,0,0,0,0.2169
133.6651,-120.5568,0.0864,92.1994,0.0840,0.3026,0.0840,0.0013,0.5619,270.0003,-0.0058,0.0107,0.2082,-1.0000,0.0000,0.0000,0.0000,0.3245,0.0208,1,0,0,0,0,0.1045
133.7247,-120.5612,0.0864,92.1994,0.0322,0.1158,0.0322,0.0002,-0.8701,269.9999,-0.0072,0.0107,0.2082,-0.8104,0.0000,0.0000,0.0000,0.3245,0.0070,1,0,0,0,0,0.0353
133.7758,-120.5624,0.0864,92.1994,0.0292,0.1052,0.0292,0.0016,-0.0576,270.0005,0.0114,0.0107,0.2082,-0.1984,0.0000,0.0000,0.0000,0.3245,0.0034,1,0,0,0,0,0.0175
133.8363,-120.5640,0.0864,92.1994,0.0000,0.0001,0.0000,0.0000,-0.4826,269.9998,-0.0116,0.0107,0.2082,0.2082,0.0000,0.0000,0.0000,0.3245,0.5185,1,0,0,0,0,2.5931
133.8926,-120.5644,0.0864,92.1994,0.0037,0.0132,0.0036,0.0004,0.0647,269.9999,0.0027,0.0107,0.2082,0.2864,0.0000,0.0000,0.0000,0.3245,0.8063,1,0,0,0,0,4.0316
133.9440,-120.5652,0.0864,92.1994,0.0320,0.1152,0.0320,0.0016,0.5518,270.0005,0.0119,0.0107,0.2082,0.2923,0.0000,0.0000,0.0000,0.3245,0.9221,1,0,0,0,0,4.6111
133.9970,-120.5661,0.0864,92.1994,0.0201,0.0725,0.0200,0.0019,-0.2237,270.0006,0.0023,0.0107,0.2082,0.2923,0.0000,0.0000,0.0000,0.3245,0.9624,1,0,0,0,0,4.8121
134.0568,-120.5687,0.0864,92.1994,0.0503,0.1812,0.0503,0.0018,0.5053,270.0006,-0.0005,0.0107,0.2082,0.2923,0.0000,0.0000,0.0000,0.3245,0.9874,1,0,0,0,0,4.9370
134.1166,-120.5723,0.0864,92.1994,0.0738,0.2656,0.0738,0.0003,0.3917,269.9989,-0.0286,0.0107,0.2082,0.2923,0.0000,0.0000,0.0000,0.3245,0.9949,1,0,0,0,0,4.9762
134.1677,-120.5759,0.0864,92.1994,0.0660,0.2376,0.0660,0.0014,-0.1517,270.0003,0.0280,0.0107,0.2082,0.2923,0.0000,0.0000,0.0000,0.3245,0.9980,1,0,0,0,0,4.9914
134.2262,-120.5777,0.0864,92.1994,0.0232,0.0836,0.0231,0.0019,-0.7318,270.0006,0.0042,0.0107,0.2102,0.2923,0.0000,0.0000,0.0000,0.3250,0.9992,1,0,0,0,0,4.9961
134.2841,-120.5808,0.0864,92.1994,0.0918,0.3304,0.0918,0.0002,1.1834,269.9986,-0.0342,0.0107,0.2728,0.2923,0.0000,0.0000,0.0000,0.3543,0.9997,1,0,0,0,0,5.0003
134.3371,-120.5882,0.0864,92.1994,0.2145,0.7721,0.2145,0.0006,2.3151,269.9998,0.0219,0.0107,0.3725,0.2923,0.0000,0.0000,0.0000,0.4496,0.9999,1,0,0,0,0,5.0006
134.3974,-120.6098,0.0864,92.1994,0.5533,1.9919,0.5533,0.0010,5.6204,269.9980,-0.0283,0.0107,0.4995,0.2923,0.0000,0.0000,0.0000,0.6007,0.9999,1,0,0,0,0,5.0294
134.4537,-120.6606,0.0864,92.1994,1.1754,4.2314,1.1754,0.0024,11.0636,270.0007,0.0472,0.0107,0.5934,0.2923,0.0000,0.0000,0.0000,0.7696,1.0000,1,1,0,0,0,25.0335
134.5099,-120.7476,0.0864,92.1994,1.9104,6.8776,1.9104,0.0016,13.0794,270.0000,-0.0125,0.0107,0.6520,0.2923,0.0000,0.0000,0.0000,0.9023,1.0000,1,1,0,0,0,25.0136
134.5701,-120.8742,0.0864,92.1994,2.3212,8.3562,2.3212,0.0001,6.8234,269.9992,-0.0137,0.0107,0.6833,0.2923,0.0000,0.0000,0.0000,0.9522,1.0000,1,1,0,0,0,25.0016
134.6298,-121.0234,0.0864,92.1994,2.6425,9.5131,2.6425,0.0000,5.3767,269.9993,0.0020,0.0107,0.6970,0.2923,0.0000,0.0000,0.0000,0.9766,1.0000,1,1,0,0,0,25.0002
134.6904,-121.1918,0.0864,92.1994,2.8934,10.4161,2.8934,0.0000,4.1437,269.9987,-0.0091,0.0107,0.6970,0.2923,0.0000,0.0000,0.0000,0.9901,1.0000,1,1,0,0,0,25.0005
134.7503,-121.3689,0.0864,92.1994,3.0116,10.8419,3.0116,0.0001,1.9743,269.9986,-0.0025,0.0107,0.6970,0.2923,0.0000,0.0000,0.0000,0.9951,1.0000,1,1,0,0,0,25.0005
134.8043,-121.5339,0.0864,92.1994,3.0833,11.0998,3.0833,0.0001,1.3246,269.9986,-0.0006,0.0107,0.6970,0.2923,0.0000,0.0000,0.0000,0.9976,1.0000,1,1,0,0,0,25.0005
134.8603,-121.7078,0.0864,92.1994,3.1273,11.2581,3.1273,0.0001,0.7865,269.9985,-0.0005,0.0107,0.6970,0.2923,0.0000,0.0000,0.0000,0.9988,1.0000,1,1,0,0,0,25.0005
134.9127,-121.8724,0.0864,92.1994,3.1535,11.3524,3.1535,0.0001,0.4999,269.9985,0.0000,0.0107,0.6970,0.2923,0.0000,0.0000,0.0000,0.9994,1.0000,1,1,0,0,0,25.0005
134.9627,-122.0306,0.0864,92.1994,3.1667,11.4001,3.1667,0.0001,0.2645,269.9985,-0.0006,0.0107,0.6970,0.2923,0.0000,0.0000,0.0000,0.9997,1.0000,1,1,0,0,0,25.0005
135.0263,-122.2323,0.0864,92.1994,3.1762,11.4342,3.1762,0.0001,0.1491,269.9985,0.0005,0.0107,0.6970,0.2923,0.0000,0.0000,0.0000,0.9999,1.0000,1,1,0,0,0,25.0004
135.0836,-122.4145,0.0864,92.1994,3.1817,11.4542,3.1817,0.0000,0.0968,269.9985,-0.0011,0.0107,0.6970,0.2942,0.0000,0.0000,0.0000,0.9999,1.0000,1,1,0,0,0,25.0001
135.1448,-122.6093,0.0864,92.1994,3.1857,11.4685,3.1857,0.0001,0.0651,269.9985,0.0000,0.0107,0.6970,0.2649,0.0000,0.0000,0.0000,1.0000,1.0000,1,1,0,0,0,25.0003
135.1953,-122.7700,0.0864,92.1994,3.1860,11.4698,3.1860,0.0001,0.0068,269.9985,0.0000,0.0107,0.6970,0.0264,0.0000,0.0000,0.0000,1.0000,1.0000,1,1,0,0,0,25.0003
135.2525,-122.9703,0.0864,92.1994,3.8450,13.8420,3.8450,0.0002,11.5005,269.9985,0.0005,0.0107,0.6970,-0.3392,0.0000,0.0000,0.0000,1.0000,0.4023,1,0,0,0,0,2.0123
135.3053,-123.2072,0.0864,92.1994,5.0487,18.1752,5.0487,0.0001,22.8188,269.9987,0.0035,0.0107,0.6970,-0.7771,0.0000,0.0000,0.0000,1.0000,0.1618,1,0,0,0,0,0.8095
135.3558,-123.4974,0.0864,92.1994,6.5232,23.4836,6.5232,0.0000,29.2215,269.9987,0.0000,0.0107,0.6970,-0.9296,0.0000,0.0000,0.0000,1.0000,0.0651,1,0,0,0,0,0.3256
135.4125,-123.9089,0.0864,92.1994,8.1402,29.3046,8.1402,0.0000,28.5017,269.9987,0.0000,0.0107,0.6970,-0.9941,0.0000,0.0000,0.0000,1.0000,0.0262,1,0,0,0,0,0.1310
135.4648,-124.3731,0.0864,92.1994,9.8317,35.3940,9.8317,0.0001,32.3188,269.9988,0.0023,0.0107,0.6970,-1.0000,0.0000,0.0000,0.0000,1.0000,0.0105,1,0,0,0,0,0.0530
135.5175,-124.9268,0.0864,92.1994,11.2154,40.3754,11.2154,0.0001,26.2470,269.9990,0.0029,0.0107,0.6970,-1.0000,0.0000,0.0000,0.0000,1.0000,0.0051,1,0,0,0,0,0.0257
135.5703,-125.5680,0.0864,92.1994,12.9679,46.6843,12.9679,0.0000,33.2127,269.9990,0.0000,0.0107,0.6970,-1.0000,0.0000,0.0000,0.0000,1.0000,0.0020,1,0,0,0,0,0.0102
135.6203,-126.2568,0.0864,92.1994,14.7340,53.0424,14.7340,0.0000,35.3209,269.9987,-0.0049,0.0107,0.6970,-1.0000,0.0000,0.0000,0.0000,1.0000,0.0008,1,0,0,0,0,0.0044
135.6715,-127.0451,0.0864,92.1994,16.1448,58.1213,16.1448,0.0000,27.5502,269.9987,0.0000,0.0107,0.6970,-1.0000,0.0000,0.0000,0.0000,1.0000,0.0004,1,0,0,0,0,0.0020
135.7292,-128.0318,0.0864,92.1994,17.9067,64.4642,17.9067,0.0001,30.5636,269.9989,0.0026,0.0107,0.6970,-1.0000,0.0000,0.0000,0.0000,1.0000,0.0002,1,0,0,0,0,0.0011
135.7799,-128.9874,0.0864,92.1994,19.6803,70.8489,19.6803,0.0000,34.9775,269.9988,-0.0006,0.0107,0.6970,-1.0000,0.0000,0.0000,0.0000,1.0000,0.0001,1,0,0,0,0,0.0004
135.8301,-130.0149,0.0864,92.1994,21.1177,76.0238,21.1177,0.0002,28.6340,269.9992,0.0067,0.0107,0.6970,-1.0000,0.0000,0.0000,0.0000,1.0000,0.0000,1,0,0,0,0,0.0007
135.8904,-131.3609,0.0864,92.1994,23.3637,84.1092,23.3637,0.0009,37.2258,269.9999,0.0121,0.0107,0.6970,-1.0000,0.0000,0.0000,0.0000,1.0000,0.0000,1,0,0,0,0,0.0013
135.9528,-132.8807,0.0864,92.1994,25.5853,92.1069,25.5853,0.0003,35.6235,269.9990,-0.0142,0.0107,0.6970,-1.0000,0.0000,0.0000,0.0000,1.0000,0.0000,1,0,0,0,0,0.0010
136.0217,-134.7095,0.0864,92.1996,27.6966,99.7077,27.6966,0.0063,30.6194,270.0040,0.0726,0.0107,0.6970,-1.0000,0.0000,0.0000,0.0000,1.0000,0.0000,1,0,0,0,0,0.0074
136.0834,-136.4770,0.0864,92.1998,29.6693,106.8096,29.6693,0.0002,32.0012,269.9994,-0.0757,0.0107,0.6970,-1.0000,0.0000,0.0000,0.0000,1.0000,0.0000,1,0,0,0,0,0.0043
136.1429,-138.2649,0.0864,92.1995,29.8032,107.2913,29.8032,0.0023,2.2470,269.9937,-0.0943,0.0107,0.6970,-1.0000,0.0000,0.0000,0.0000,1.0000,0.0000,1,0,0,0,0,0.0064
136.2047,-140.1145,0.0864,92.1993,30.1150,108.4139,30.1150,0.0014,5.0498,269.9955,0.0292,0.0107,0.6970,-1.0000,0.0000,0.0000,0.0000,1.0000,0.0000,1,0,0,0,0,0.0023
136.2638,-141.8840,0.0864,92.1994,30.1354,108.4875,30.1354,0.0014,0.3457,269.9966,0.0170,0.0107,0.6970,-1.0000,0.0000,0.0000,0.0000,1.0000,0.0000,1,0,0,0,0,0.0016
136.3158,-143.4435,0.0864,92.1994,30.1409,108.5074,30.1409,0.0012,0.1060,269.9969,0.0076,0.0107,0.6970,-1.0000,0.0000,0.0000,0.0000,1.0000,0.0000,1,0,0,0,0,0.0010
136.3716,-145.1140,0.0864,92.1994,29.7926,107.2534,29.7926,0.0010,-6.2455,269.9973,0.0066,0.0107,0.6970,-1.0000,0.0000,0.0000,0.0000,1.0000,0.0000,1,0,0,0,0,0.0009
136.4348,-147.0082,0.0864,92.1994,29.7943,107.2594,29.7943,0.0009,0.0264,269.9976,0.0048,0.0107,0.6970,-1.0000,0.0000,0.0000,0.0000,1.0000,0.0000,1,0,0,0,0,0.0007
136.4923,-148.7342,0.0864,92.1994,30.1452,108.5228,30.1452,0.0009,6.0938,269.9977,0.0016,0.0107,0.6970,-1.0000,0.0000,0.0000,0.0000,1.0000,0.0000,1,0,0,0,0,0.0005
136.5434,-150.2651,0.0864,92.1994,29.7958,107.2648,29.7958,0.0008,-6.8423,269.9977,0.0000,0.0107,0.6970,-1.0000,0.0000,0.0000,0.0000,1.0000,0.0000,1,0,0,0,0,0.0004
136.5956,-151.8291,0.0864,92.1994,29.7958,107.2648,29.7958,0.0008,0.0001,269.9977,0.0000,0.0107,0.6970,-1.0000,0.0000,0.0000,0.0000,1.0000,0.0000,1,0,0,0,0,0.0004
136.6464,-153.3523,0.0864,92.1994,30.1468,108.5286,30.1468,0.0008,6.9110,269.9977,0.0000,0.0107,0.6970,-1.0000,0.0000,0.0000,0.0000,1.0000,0.0000,1,0,0,0,0,0.0004
136.7048,-155.1017,0.0864,92.1994,29.7962,107.2662,29.7962,0.0008,-6.0051,269.9977,0.0000,0.0107,0.6970,-1.0000,0.0000,0.0000,0.0000,1.0000,0.0000,1,0,0,0,0,0.0004
136.7556,-156.6241,0.0864,92.1994,30.1466,108.5276,30.1466,0.0008,6.9004,269.9977,0.0000,0.0107,0.6970,-1.0000,0.0000,0.0000,0.0000,1.0000,0.0000,1,0,0,0,0,0.0004
136.8163,-158.4425,0.0864,92.1994,29.7959,107.2652,29.7959,0.0008,-5.7787,269.9977,0.0000,0.0107,0.6970,-1.0000,0.0000,0.0000,0.0000,1.0000,0.0000,1,0,0,0,0,0.0004
136.8759,-160.2290,0.0864,92.1994,29.7962,107.2662,29.7962,0.0008,0.0045,269.9977,0.0005,0.0107,0.6970,-1.0000,0.0000,0.0000,0.0000,1.0000,0.0000,1,0,0,0,0,0.0004
136.9340,-161.9716,0.0864,92.1994,30.1457,108.5245,30.1457,0.0008,6.0092,269.9977,0.0000,0.0107,0.6970,-1.0000,0.0000,0.0000,0.0000,1.0000,0.0000,1,0,0,0,0,0.0004
136.9875,-163.5759,0.0864,92.1994,29.7960,107.2656,29.7960,0.0008,-6.5349,269.9977,0.0000,0.0107,0.6970,-1.0000,0.0000,0.0000,0.0000,1.0000,0.0000,1,0,0,0,0,0.0004
137.0460,-165.3267,0.0864,92.1994,30.2021,108.7275,30.2021,0.0014,6.9506,269.9987,0.0162,0.0107,0.6970,-1.0000,0.0000,0.0000,0.0000,1.0000,0.0000,1,0,0,0,0,0.0016
137.0986,-166.9053,0.0864,92.1994,29.8077,107.3077,29.8077,0.0002,-7.4963,269.9995,0.0162,0.0107,0.6970,-1.0000,0.0000,0.0000,0.0000,1.0000,0.0000,1,0,0,0,0,0.0010
137.1578,-168.6791,0.0864,92.1996,29.8363,107.4106,29.8363,0.0148,0.4826,270.0039,0.0737,0.0107,0.6970,-1.0000,0.0000,0.0000,0.0000,1.0000,0.0000,1,0,0,0,0,0.0115
137.2114,-170.2868,0.0864,92.2007,30.2404,108.8653,30.2404,0.0118,7.5448,270.0068,0.0541,0.0107,0.6970,-1.0000,0.0000,0.0000,0.0000,1.0000,0.0000,1,0,0,0,0,0.0089
137.2628,-171.8320,0.0864,92.2011,29.8426,107.4335,29.8426,0.0037,-7.7393,270.0040,-0.0540,0.0107,0.6970,-1.0000,0.0000,0.0000,0.0000,1.0000,0.0000,1,0,0,0,0,0.0049
137.3133,-173.3487,0.0864,92.2014,29.8427,107.4338,29.8427,0.0042,0.0018,270.0025,-0.0308,0.0107,0.6970,-1.0000,0.0000,0.0000,0.0000,1.0000,0.0000,1,0,0,0,0,0.0038
137.3667,-174.9532,0.0864,92.2014,30.2404,108.8655,30.2404,0.0002,7.4445,269.9973,-0.0977,0.0107,0.6970,-1.0000,0.0000,0.0000,0.0000,1.0000,0.0000,1,0,0,0,0,0.0055
137.4229,-176.6404,0.0864,92.2011,29.8428,107.4339,29.8428,0.0027,-7.0840,269.9921,-0.0919,0.0107,0.6970,-1.0000,0.0000,0.0000,0.0000,1.0000,0.0000,1,0,0,0,0,0.0064
137.4751,-178.2101,0.0864,92.2006,30.2403,108.8652,30.2403,0.0043,7.6032,269.9870,-0.0975,0.0107,0.6970,-1.0000,0.0000,0.0000,0.0000,1.0000,0.0000,1,0,0,0,0,0.0076
137.5281,-179.8017,0.0864,92.1999,30.2404,108.8653,30.2404,0.0046,0.0006,269.9828,-0.0784,0.0107,0.6970,-1.0000,0.0000,0.0000,0.0000,1.0000,0.0000,1,0,0,0,0,0.0066
137.5802,-181.3629,0.0864,92.1993,29.7327,107.0376,29.7327,0.0013,-9.7375,269.9841,0.0246,0.0107,0.6970,-1.0000,0.0000,0.0000,0.0000,1.0000,0.0000,1,0,0,0,0,0.0020
137.6316,-182.8968,0.0864,92.1992,30.0421,108.1517,30.0421,0.0036,6.0254,269.9896,0.1058,0.0107,0.6970,-1.0000,0.0000,0.0000,0.0000,1.0000,0.0000,1,0,0,0,0,0.0077
137.6897,-184.6357,0.0864,92.1993,29.7715,107.1773,29.7715,0.0028,-4.6567,269.9927,0.0546,0.0107,0.6970,-1.0000,0.0000,0.0000,0.0000,1.0000,0.0000,1,0,0,0,0,0.0044
137.7515,-186.4864,0.0864,92.1994,29.7849,107.2254,29.7849,0.0020,0.2164,269.9948,0.0341,0.0107,0.6970,-1.0000,0.0000,0.0000,0.0000,1.0000,0.0000,1,0,0,0,0,0.0029
137.8083,-188.1862,0.0864,92.1994,30.1302,108.4688,30.1302,0.0016,6.0812,269.9959,0.0188,0.0107,0.6970,-1.0000,0.0000,0.0000,0.0000,1.0000,0.0000,1,0,0,0,0,0.0018
137.8623,-189.8056,0.0864,92.1994,29.7905,107.2459,29.7905,0.0013,-6.2906,269.9966,0.0124,0.0107,0.6970,-1.0000,0.0000,0.0000,0.0000,1.0000,0.0000,1,0,0,0,0,0.0014
137.9219,-191.5925,0.0864,92.1994,30.1383,108.4979,30.1383,0.0012,5.8293,269.9969,0.0061,0.0107,0.6970,-1.0000,0.0000,0.0000,0.0000,1.0000,0.0000,1,0,0,0,0,0.0009
137.9722,-193.1004,0.0864,92.1994,30.1393,108.5014,30.1393,0.0011,0.0193,269.9971,0.0036,0.0107,0.6970,-1.0000,0.0000,0.0000,0.0000,1.0000,0.0000,1,0,0,0,0,0.0007
138.0325,-194.9061,0.0864,92.1994,30.1493,108.5376,30.1493,0.0006,0.1669,269.9980,0.0152,0.0107,0.6970,-1.0000,0.0000,0.0000,0.0000,1.0000,0.0000,1,0,0,0,0,0.0011
138.0885,-196.5862,0.0864,92.1994,29.7970,107.2692,29.7970,0.0007,-6.2864,269.9981,0.0005,0.0107,0.6970,-1.0000,0.0000,0.0000,0.0000,1.0000,0.0000,1,0,0,0,0,0.0004
138.1510,-198.4593,0.0864,92.1994,29.7965,107.2674,29.7965,0.0007,-0.0081,269.9979,-0.0034,0.0107,0.6970,-1.0000,0.0000,0.0000,0.0000,1.0000,0.0000,1,0,0,0,0,0.0005
138.2112,-200.2616,0.0864,92.1994,30.1471,108.5295,30.1471,0.0007,5.8272,269.9977,-0.0020,0.0107,0.6970,-1.0000,0.0000,0.0000,0.0000,1.0000,0.0000,1,0,0,0,0,0.0004
138.2704,-202.0367,0.0864,92.1994,29.7956,107.2640,29.7956,0.0008,-5.9330,269.9977,-0.0010,0.0107,0.6970,-1.0000,0.0000,0.0000,0.0000,1.0000,0.0000,1,0,0,0,0,0.0004
138.3320,-203.8846,0.0864,92.1994,29.7954,107.2632,29.7954,0.0009,-0.0036,269.9977,0.0000,0.0107,0.6970,-1.0000,0.0000,0.0000,0.0000,1.0000,0.0000,1,0,0,0,0,0.0004
138.3908,-205.6449,0.0864,92.1994,30.1467,108.5282,30.1467,0.0008,5.9830,269.9976,-0.0010,0.0107,0.6970,-1.0000,0.0000,0.0000,0.0000,1.0000,0.0000,1,0,0,0,0,0.0004
138.4419,-207.1766,0.0864,92.1994,29.7939,107.2579,29.7939,0.0008,-6.9053,269.9977,0.0012,0.0107,0.6970,-1.0000,0.0000,0.0000,0.0000,1.0000,0.0000,1,0,0,0,0,0.0005
138.4997,-208.9092,0.0864,92.1994,30.1456,108.5243,30.1456,0.0009,6.0827,269.9977,0.0000,0.0107,0.6970,-1.0000,0.0000,0.0000,0.0000,1.0000,0.0000,1,0,0,0,0,0.0004
138.5527,-210.4993,0.0864,92.1994,29.7946,107.2605,29.7946,0.0009,-6.6184,269.9977,0.0000,0.0107,0.6970,-1.0000,0.0000,0.0000,0.0000,1.0000,0.0000,1,0,0,0,0,0.0005
138.6123,-212.2844,0.0864,92.1994,30.1448,108.5212,30.1448,0.0009,5.8769,269.9977,0.0000,0.0107,0.6970,-1.0000,0.0000,0.0000,0.0000,1.0000,0.0000,1,0,0,0,0,0.0004
138.6720,-214.0715,0.0864,92.1994,29.7953,107.2629,29.7953,0.0008,-5.8584,269.9976,-0.0010,0.0107,0.6970,-1.0000,0.0000,0.0000,0.0000,1.0000,0.0000,1,0,0,0,0,0.0005
138.7324,-215.8825,0.0864,92.1994,29.7942,107.2593,29.7942,0.0009,-0.0166,269.9977,0.0010,0.0107,0.6970,-1.0000,0.0000,0.0000,0.0000,1.0000,0.0000,1,0,0,0,0,0.0005
138.7893,-217.5891,0.0864,92.1994,30.1437,108.5172,30.1437,0.0009,6.1359,269.9977,0.0000,0.0107,0.6970,-1.0000,0.0000,0.0000,0.0000,1.0000,0.0000,1,0,0,0,0,0.0004
138.8492,-219.3822,0.0864,92.1994,29.7953,107.2632,29.7953,0.0008,-5.8191,269.9976,-0.0010,0.0107,0.6970,-1.0000,0.0000,0.0000,0.0000,1.0000,0.0000,1,0,0,0,0,0.0005
138.9019,-220.9618,0.0864,92.1994,30.1450,108.5221,30.1450,0.0008,6.6391,269.9976,0.0000,0.0107,0.6970,-1.0000,0.0000,0.0000,0.0000,1.0000,0.0000,1,0,0,0,0,0.0004
138.9536,-222.5124,0.0864,92.1994,29.7939,107.2580,29.7939,0.0009,-6.7865,269.9977,0.0012,0.0107,0.6970,-1.0000,0.0000,0.0000,0.0000,1.0000,0.0000,1,0,0,0,0,0.0005
139.0104,-224.2139,0.0864,92.1994,30.1435,108.5166,30.1435,0.0009,6.1562,269.9977,-0.0005,0.0107,0.6970,-1.0000,0.0000,0.0000,0.0000,1.0000,0.0000,1,0,0,0,0,0.0005
139.0629,-225.7879,0.0864,92.1994,29.7957,107.2644,29.7957,0.0008,-6.6246,269.9976,-0.0006,0.0107,0.6970,-1.0000,0.0000,0.0000,0.0000,1.0000,0.0000,1,0,0,0,0,0.0004
139.1234,-227.6020,0.0864,92.1994,30.1443,108.5193,30.1443,0.0009,5.7584,269.9977,0.0010,0.0107,0.6970,-1.0000,0.0000,0.0000,0.0000,1.0000,0.0000,1,0,0,0,0,0.0005
139.1739,-229.1156,0.0864,92.1994,29.8427,107.4338,29.8427,0.0009,-5.9737,269.9956,-0.0411,0.0107,0.6970,-1.0000,0.0000,0.0000,0.0000,1.0000,0.0000,1,0,0,0,0,0.0027
139.2334,-230.9009,0.0864,92.1990,30.2404,108.8654,30.2404,0.0030,6.6894,269.9905,-0.0862,0.0107,0.6970,-1.0000,0.0000,0.0000,0.0000,1.0000,0.0000,1,0,0,0,0,0.0063
139.2925,-232.6764,0.0864,92.1983,29.8427,107.4336,29.8427,0.0041,-6.7248,269.9853,-0.0882,0.0107,0.6970,-1.0000,0.0000,0.0000,0.0000,1.0000,0.0000,1,0,0,0,0,0.0069
139.3523,-234.4752,0.0864,92.1974,29.8427,107.4337,29.8427,0.0053,0.0004,269.9792,-0.1020,0.0107,0.6970,-1.0000,0.0000,0.0000,0.0000,1.0000,0.0000,1,0,0,0,0,0.0083
139.4128,-236.2919,0.0864,92.1962,30.2404,108.8654,30.2404,0.0054,6.5766,269.9740,-0.0853,0.0107,0.6970,-1.0000,0.0000,0.0000,0.0000,1.0000,0.0000,1,0,0,0,0,0.0074
139.4718,-238.0632,0.0864,92.1950,30.2404,108.8653,30.2404,0.0061,-0.0003,269.9679,-0.1034,0.0107,0.6970,-1.0000,0.0000,0.0000,0.0000,1.0000,0.0000,1,0,0,0,0,0.0088
139.5324,-239.8838,0.0864,92.1934,29.8427,107.4336,29.8427,0.0059,-6.5653,269.9627,-0.0856,0.0107,0.6970,-1.0000,0.0000,0.0000,0.0000,1.0000,0.0000,1,0,0,0,0,0.0077
139.5832,-241.4081,0.0864,92.1920,30.2404,108.8655,30.2404,0.0062,7.8351,269.9576,-0.1004,0.0107,0.6970,-1.0000,0.0000,0.0000,0.0000,1.0000,0.0000,1,0,0,0,0,0.0087
139.6432,-243.2141,0.0864,92.1902,29.8427,107.4337,29.8427,0.0060,-6.6189,269.9524,-0.0874,0.0107,0.6970,-1.0000,0.0000,0.0000,0.0000,1.0000,0.0000,1,0,0,0,0,0.0078
139.6941,-244.7415,0.0864,92.1885,30.2404,108.8654,30.2404,0.0062,7.8177,269.9473,-0.1002,0.0107,0.6970,-1.0000,0.0000,0.0000,0.0000,1.0000,0.0000,1,0,0,0,0,0.0087
139.7541,-246.5452,0.0864,92.1863,29.8427,107.4335,29.8427,0.0060,-6.6278,269.9421,-0.0854,0.0107,0.6970,-1.0000,0.0000,0.0000,0.0000,1.0000,0.0000,1,0,0,0,0,0.0078
139.8106,-248.2419,0.0864,92.1841,30.2404,108.8655,30.2404,0.0060,7.0436,269.9370,-0.0908,0.0107,0.6970,-1.0000,0.0000,0.0000,0.0000,1.0000,0.0000,1,0,0,0,0,0.0080
139.8616,-249.7737,0.0864,92.1820,29.8427,107.4338,29.8427,0.0062,-7.8036,269.9318,-0.1018,0.0107,0.6970,-1.0000,0.0000,0.0000,0.0000,1.0000,0.0000,1,0,0,0,0,0.0088
139.9223,-251.5983,0.0864,92.1794,30.2404,108.8654,30.2404,0.0059,6.5448,269.9266,-0.0864,0.0107,0.6970,-1.0000,0.0000,0.0000,0.0000,1.0000,0.0000,1,0,0,0,0,0.0077
139.9829,-253.4154,0.0864,92.1765,30.2404,108.8655,30.2404,0.0062,0.0009,269.9203,-0.1028,0.0107,0.6970,-1.0000,0.0000,0.0000,0.0000,1.0000,0.0000,1,0,0,0,0,0.0088
140.0402,-254.0526,0.0873,92.1408,0.7243,2.6076,0.1744,0.7030,-514.5960,272.7747,49.7632,0.0107,0.6970,-1.0000,0.0000,0.0000,0.0000,1.0000,0.0000,1,0,0,0,0,17.3231
140.0906,-254.0631,0.0881,92.1089,0.7003,2.5210,0.1654,0.6805,-0.4771,274.8895,41.9479,0.0107,0.6970,-1.0000,0.0000,0.0000,0.0000,1.0000,0.0000,1,0,0,0,0,16.9060
140.1527,-254.0778,0.0889,92.0708,0.7002,2.5206,0.1687,0.6795,-0.0020,278.0512,50.9607,0.0107,0.6970,-1.0000,0.0000,0.0000,0.0000,1.0000,0.0000,1,0,0,0,0,17.3893
140.2124,-254.0938,0.0898,92.0347,0.7000,2.5200,0.1664,0.6799,-0.0030,280.6845,44.1145,0.0107,0.6970,-1.0000,0.0000,0.0000,0.0000,1.0000,0.0000,1,0,0,0,0,17.0210
140.2725,-254.1116,0.0907,91.9993,0.6995,2.5183,0.1671,0.6793,-0.0076,283.8429,52.5222,0.0107,0.6970,-0.8866,0.0000,0.0000,0.0000,1.0000,0.0000,1,0,0,0,0,17.4839
140.3317,-254.1308,0.0915,91.9654,0.6993,2.5175,0.1671,0.6790,-0.0038,286.4732,44.4278,0.0107,0.6970,-0.2063,0.0000,0.0000,0.0000,1.0000,0.0000,1,0,0,0,0,17.0336
140.3891,-254.1506,0.0923,91.9340,0.6677,2.4038,0.1590,0.6485,-0.5510,289.0421,44.7983,0.0107,0.6970,0.2336,0.0000,0.0000,0.0000,1.0000,0.5174,1,0,0,0,0,19.6443
140.4410,-254.1688,0.0930,91.9076,0.6471,2.3294,0.1541,0.6284,-0.3977,291.5002,47.3400,0.0107,0.6970,0.2923,0.0000,0.0000,0.0000,1.0000,0.8058,1,0,0,0,0,21.2274
140.5013,-254.1908,0.0938,91.8786,0.6385,2.2984,0.1507,0.6204,-0.1429,293.9105,39.9894,0.0107,0.6970,0.3001,0.0000,0.0000,0.0000,1.0000,0.9219,1,0,0,0,0,21.4072
140.5625,-254.2142,0.0943,91.8503,0.6272,2.2578,0.1481,0.6094,-0.1844,296.7651,46.6074,0.0107,0.6970,0.3001,0.0000,0.0000,0.0000,1.0000,0.9738,1,0,0,0,0,22.0340
140.6218,-254.2306,0.0937,91.8298,0.1273,0.4582,-0.0234,0.1251,-8.4259,298.3939,27.4542,0.0107,0.6970,0.3001,0.0000,0.0000,0.0000,1.0000,0.9895,1,0,0,0,0,6.4726
140.6785,-254.2297,0.0936,91.8331,0.0551,0.1985,0.0110,0.0540,-1.2742,298.1073,-5.0601,0.0107,0.6970,0.3001,0.0000,0.0000,0.0000,1.0000,0.9958,1,0,0,0,0,5.2599
140.7415,-254.2299,0.0936,91.8328,0.0025,0.0091,0.0020,0.0015,-0.8341,298.1407,0.5289,0.0107,0.6970,0.3001,0.0000,0.0000,0.0000,1.0000,0.9986,1,0,0,0,0,5.0223
140.8007,-254.2298,0.0936,91.8329,0.0019,0.0068,0.0016,0.0010,-0.0106,298.1344,-0.1062,0.0107,0.6970,0.3001,0.0000,0.0000,0.0000,1.0000,0.9994,1,0,0,0,0,5.0030
140.8620,-254.2298,0.0936,91.8329,0.0011,0.0039,0.0009,0.0006,-0.0133,298.1350,0.0105,0.0107,0.6970,0.3001,0.0000,0.0000,0.0000,1.0000,0.9998,1,0,0,0,0,4.9996
140.9184,-254.2298,0.0936,91.8329,0.0019,0.0069,0.0018,0.0008,0.0147,298.1354,0.0070,0.0107,0.6970,0.3001,0.0000,0.0000,0.0000,1.0000,0.9999,1,0,0,0,0,5.0000
140.9823,-254.2298,0.0936,91.8328,0.0016,0.0056,0.0011,0.0012,-0.0054,298.1353,-0.0024,0.0107,0.6970,0.3001,0.0000,0.0000,0.0000,1.0000,1.0000,1,0,0,0,0,5.0000
141.0419,-254.2298,0.0936,91.8328,0.0010,0.0036,0.0009,0.0005,-0.0095,298.1354,0.0015,0.0107,0.6970,0.3001,0.0000,0.0000,0.0000,1.0000,1.0000,1,0,0,0,0,5.0000
141.1018,-254.2299,0.0936,91.8328,0.0011,0.0041,0.0009,0.0007,0.0025,298.1353,-0.0015,0.0107,0.6970,0.3001,0.0000,0.0000,0.0000,1.0000,1.0000,1,0,0,0,0,5.0001
141.1518,-254.2299,0.0936,91.8328,0.0016,0.0058,0.0011,0.0012,0.0090,298.1349,-0.0079,0.0107,0.6970,0.3001,0.0000,0.0000,0.0000,1.0000,1.0000,1,0,0,0,0,5.0004
141.2094,-254.2299,0.0936,91.8328,0.0011,0.0040,0.0009,0.0007,-0.0083,298.1349,0.0011,0.0107,0.6970,0.3001,0.0000,0.0000,0.0000,1.0000,1.0000,1,0,0,0,0,5.0001
141.2719,-254.2299,0.0936,91.8328,0.0016,0.0057,0.0011,0.0012,0.0074,298.1349,-0.0005,0.0107,0.6970,0.3001,0.0000,0.0000,0.0000,1.0000,1.0000,1,0,0,0,0,5.0000
141.3311,-254.2299,0.0936,91.8328,0.0014,0.0050,0.0010,0.0009,-0.0032,298.1351,0.0036,0.0107,0.6970,0.3001,0.0000,0.0000,0.0000,1.0000,1.0000,1,0,0,0,0,5.0002
141.3823,-254.2299,0.0936,91.8327,0.0010,0.0035,0.0009,0.0005,-0.0083,298.1358,0.0131,0.0107,0.6970,0.3001,0.0000,0.0000,0.0000,1.0000,1.0000,1,0,0,0,0,5.0007
141.4424,-254.2299,0.0936,91.8327,0.0014,0.0050,0.0010,0.0009,0.0067,298.1354,-0.0061,0.0107,0.6970,0.3001,0.0000,0.0000,0.0000,1.0000,1.0000,1,0,0,0,0,5.0003
141.4927,-254.2299,0.0936,91.8327,0.0024,0.0088,0.0021,0.0013,0.0211,298.1349,-0.0115,0.0107,0.6970,0.3001,0.0000,0.0000,0.0000,1.0000,1.0000,1,0,0,0,0,5.0006
141.5532,-254.2299,0.0936,91.8327,0.0015,0.0054,0.0010,0.0011,-0.0156,298.1351,0.0040,0.0107,0.6911,0.3001,0.0000,0.0000,0.0000,1.0000,1.0000,1,0,0,0,0,5.0002
141.6092,-254.2299,0.0936,91.8327,0.0010,0.0036,0.0009,0.0005,-0.0087,298.1351,0.0005,0.0107,0.5875,0.3001,0.0000,0.0000,0.0000,0.9971,1.0000,1,0,0,0,0,5.0000
141.6636,-254.2299,0.0936,91.8327,0.0019,0.0069,0.0016,0.0011,0.0169,298.1342,-0.0168,0.0107,0.4878,0.3001,0.0000,0.0000,0.0000,0.9241,1.0000,1,0,0,0,0,5.0009
141.7139,-254.2299,0.0936,91.8327,0.0019,0.0070,0.0014,0.0014,0.0002,298.1327,-0.0304,0.0107,0.3803,0.3001,0.0000,0.0000,0.0000,0.7894,1.0000,1,0,0,0,0,5.0017
141.7645,-254.2299,0.0936,91.8327,0.0010,0.0037,0.0005,0.0009,-0.0180,298.1307,-0.0385,0.0107,0.2747,0.3001,0.0000,0.0000,0.0000,0.6605,1.0000,1,0,0,0,0,5.0021
141.8239,-254.2299,0.0936,91.8327,0.0006,0.0023,0.0003,0.0006,-0.0067,298.1288,-0.0334,0.0107,0.2082,0.3001,0.0000,0.0000,0.0000,0.5133,1.0000,1,0,0,0,0,5.0019
141.8826,-254.2299,0.0936,91.8327,0.0008,0.0030,0.0004,0.0008,0.0036,298.1266,-0.0369,0.0107,0.1437,0.3001,0.0000,0.0000,0.0000,0.3624,1.0000,1,0,0,0,0,5.0021
141.9434,-254.2299,0.0936,91.8327,0.0003,0.0011,0.0000,0.0003,-0.0090,298.1266,0.0010,0.0107,0.0948,0.3001,0.0000,0.0000,0.0000,0.2567,1.0000,1,0,0,0,0,5.0001
142.0049,-254.2299,0.0935,91.8327,0.0003,0.0010,-0.0002,0.0001,-0.0001,298.1269,0.0045,0.0107,0.0753,0.3001,0.0000,0.0000,0.0000,0.1693,1.0000,1,0,0,0,0,5.0002
142.0603,-254.2298,0.0901,91.8327,0.0049,0.0175,-0.0048,0.0005,0.0824,298.1263,-0.0110,0.0107,0.0714,0.3001,0.0000,0.0000,0.0000,0.1286,1.0000,1,0,0,0,0,5.0006
142.1107,-254.2296,0.0867,91.8326,0.0008,0.0029,0.0002,0.0008,-0.0804,298.1278,0.0297,0.0107,0.0694,0.3001,0.0000,0.0000,0.0000,0.1100,1.0000,1,0,0,0,0,5.0016
142.1758,-254.2296,0.0866,91.8326,0.0000,0.0002,0.0000,0.0000,-0.0118,298.1257,-0.0319,0.0107,0.0694,0.3001,0.0000,0.0000,0.0000,0.0957,1.0000,1,0,0,0,0,5.0018
142.2357,-254.2296,0.0865,91.8326,0.0001,0.0003,-0.0001,0.0001,0.0009,298.1245,-0.0209,0.0107,0.0694,0.3001,0.0000,0.0000,0.0000,0.0896,1.0000,1,0,0,0,0,5.0012
142.2877,-254.2296,0.0865,91.8326,0.0002,0.0007,0.0000,0.0002,0.0017,298.1249,0.0088,0.0107,0.0694,0.3001,0.0000,0.0000,0.0000,0.0877,1.0000,1,0,0,0,0,5.0005
142.3486,-254.2296,0.0865,91.8326,0.0001,0.0002,0.0000,0.0001,-0.0020,298.1242,-0.0115,0.0107,0.0694,0.3001,0.0000,0.0000,0.0000,0.0862,1.0000,1,0,0,0,0,5.0006
142.4064,-254.2296,0.0865,91.8326,0.0000,0.0001,0.0000,0.0000,-0.0006,298.1248,0.0095,0.0107,0.0694,0.3001,0.0000,0.0000,0.0000,0.0857,1.0000,1,0,0,0,0,5.0005
142.4681,-254.2296,0.0865,91.8326,0.0001,0.0004,0.0000,0.0001,0.0014,298.1245,-0.0045,0.0107,0.0694,0.3001,0.0000,0.0000,0.0000,0.0854,1.0000,1,0,0,0,0,5.0002
142.5272,-254.2296,0.0864,91.8326,0.0001,0.0005,0.0000,0.0001,0.0006,298.1247,0.0036,0.0107,0.0694,0.3001,0.0000,0.0000,0.0000,0.0853,1.0000,1,0,0,0,0,5.0002
142.5776,-254.2296,0.0864,91.8326,0.0000,0.0001,0.0000,0.0000,-0.0021,298.1246,-0.0018,0.0107,0.0694,0.3001,0.0000,0.0000,0.0000,0.0852,1.0000,1,0,0,0,0,5.0001
142.6387,-254.2296,0.0864,91.8325,0.0017,0.0061,0.0016,0.0006,0.0270,298.1242,-0.0065,0.0107,0.0694,0.3001,0.0000,0.0000,0.0000,0.0852,1.0000,1,0,0,0,0,5.0004
142.6967,-254.2296,0.0864,91.8326,0.0002,0.0007,0.0000,0.0002,-0.0258,298.1248,0.0095,0.0107,0.0694,0.3001,0.0000,0.0000,0.0000,0.0852,1.0000,1,0,0,0,0,5.0005
142.7493,-254.2296,0.0864,91.8326,0.0011,0.0039,0.0011,0.0001,0.0173,298.1244,-0.0076,0.0107,0.0694,0.3001,0.0000,0.0000,0.0000,0.0852,1.0000,1,0,0,0,0,5.0004
142.8077,-254.2296,0.0864,91.8326,0.0000,0.0001,0.0000,0.0000,-0.0184,298.1248,0.0078,0.0107,0.0694,0.3001,0.0000,0.0000,0.0000,0.0852,1.0000,1,0,0,0,0,5.0004
142.8591,-254.2296,0.0864,91.8326,0.0013,0.0047,0.0013,0.0003,0.0252,298.1245,-0.0059,0.0107,0.0694,0.3001,0.0000,0.0000,0.0000,0.0852,1.0000,1,0,0,0,0,5.0003
142.9189,-254.2296,0.0864,91.8326,0.0000,0.0002,0.0000,0.0000,-0.0212,298.1251,0.0087,0.0107,0.0694,0.3001,0.0000,0.0000,0.0000,0.0852,1.0000,1,0,0,0,0,5.0005
142.9793,-254.2296,0.0864,91.8326,0.0000,0.0002,0.0000,0.0000,0.0000,298.1248,-0.0035,0.0107,0.0694,0.3001,0.0000,0.0000,0.0000,0.0852,1.0000,1,0,0,0,0,5.0002
143.0312,-254.2296,0.0864,91.8326,0.0001,0.0005,0.0000,0.0001,0.0020,298.1248,-0.0012,0.0107,0.0694,0.3001,0.0000,0.0000,0.0000,0.0852,1.0000,1,0,0,0,0,5.0001
143.0912,-254.2296,0.0864,91.8326,0.0001,0.0002,0.0000,0.0000,-0.0016,298.1247,-0.0010,0.0107,0.0694,0.3001,0.0000,0.0000,0.0000,0.0852,1.0000,1,0,0,0,0,5.0001
143.1486,-254.2296,0.0864,91.8326,0.0010,0.0036,0.0010,0.0000,0.0164,298.1243,-0.0069,0.0107,0.0694,0.3001,0.0000,0.0000,0.0000,0.0852,1.0000,1,0,0,0,0,5.0004
143.2025,-254.2296,0.0864,91.8326,0.0004,0.0016,0.0001,0.0004,-0.0100,298.1254,0.0198,0.0107,0.0694,0.3001,0.0000,0.0000,0.0000,0.0852,1.0000,1,0,0,0,0,5.0011
143.2584,-254.2296,0.0864,91.8326,0.0004,0.0013,0.0001,0.0003,-0.0017,298.1253,-0.0022,0.0107,0.0694,0.3001,0.0000,0.0000,0.0000,0.0852,1.0000,1,0,0,0,0,5.0001
143.3106,-254.2296,0.0864,91.8326,0.0012,0.0044,0.0012,0.0002,0.0168,298.1248,-0.0099,0.0107,0.0694,0.3001,0.0000,0.0000,0.0000,0.0852,1.0000,1,0,0,0,0,5.0006
143.3618,-254.2296,0.0864,91.8326,0.0012,0.0044,0.0012,0.0002,-0.0001,298.1248,0.0012,0.0107,0.0694,0.3001,0.0000,0.0000,0.0000,0.0852,1.0000,1,0,0,0,0,5.0001
143.4203,-254.2296,0.0864,91.8326,0.0012,0.0044,0.0012,0.0002,0.0000,298.1248,-0.0010,0.0107,0.0694,0.3001,0.0000,0.0000,0.0000,0.0852,1.0000,1,0,0,0,0,5.0001
143.4798,-254.2296,0.0864,91.8326,0.0012,0.0044,0.0012,0.0002,0.0000,298.1254,0.0113,0.0107,0.0694,0.3001,0.0000,0.0000,0.0000,0.0852,1.0000,1,0,0,0,0,5.0006
143.5314,-254.2296,0.0864,91.8326,0.0001,0.0003,0.0000,0.0001,-0.0222,298.1256,0.0041,0.0107,0.0694,0.3001,0.0000,0.0000,0.0000,0.0852,1.0000,1,0,0,0,0,5.0002
143.5912,-254.2296,0.0864,91.8326,0.0001,0.0003,0.0000,0.0001,-0.0001,298.1254,-0.0036,0.0107,0.0694,0.3001,0.0000,0.0000,0.0000,0.0852,1.0000,1,0,0,0,0,5.0002
143.6496,-254.2296,0.0864,91.8326,0.0017,0.0063,0.0017,0.0001,0.0286,298.1253,-0.0021,0.0107,0.0694,0.3001,0.0000,0.0000,0.0000,0.0852,1.0000,1,0,0,0,0,5.0001
143.7102,-254.2296,0.0864,91.8326,0.0000,0.0001,0.0000,0.0000,-0.0285,298.1248,-0.0081,0.0107,0.0694,0.3001,0.0000,0.0000,0.0000,0.0852,1.0000,1,0,0,0,0,5.0004
143.7713,-254.2296,0.0864,91.8326,0.0007,0.0026,0.0007,0.0002,0.0115,298.1248,-0.0005,0.0107,0.0694,0.3001,0.0000,0.0000,0.0000,0.0852,1.0000,1,0,0,0,0,5.0000
143.8302,-254.2296,0.0864,91.8326,0.0001,0.0002,0.0000,0.0001,-0.0113,298.1246,-0.0031,0.0107,0.0694,0.3001,0.0000,0.0000,0.0000,0.0852,1.0000,1,0,0,0,0,5.0002
143.8927,-254.2296,0.0864,91.8326,0.0001,0.0002,0.0000,0.0001,0.0000,298.1246,0.0000,0.0107,0.0694,0.3001,0.0000,0.0000,0.0000,0.0852,1.0000,1,0,0,0,0,5.0000
143.9469,-254.2296,0.0864,91.8326,0.0007,0.0026,0.0007,0.0002,0.0123,298.1248,0.0034,0.0107,0.0694,0.3001,0.0000,0.0000,0.0000,0.0852,1.0000,1,0,0,0,0,5.0002
143.9979,-254.2296,0.0864,91.8326,0.0007,0.0026,0.0007,0.0002,0.0000,298.1248,0.0000,0.0107,0.0694,0.3001,0.0000,0.0000,0.0000,0.0852,1.0000,1,0,0,0,0,5.0000
144.0484,-254.2296,0.0864,91.8326,0.0001,0.0002,0.0000,0.0001,-0.0132,298.1246,-0.0036,0.0107,0.0694,0.3001,0.0000,0.0000,0.0000,0.0852,1.0000,1,0,0,0,0,5.0002
144.0996,-254.2296,0.0864,91.8326,0.0001,0.0002,0.0000,0.0001,0.0000,298.1246,0.0000,0.0107,0.0694,0.3001,0.0000,0.0000,0.0000,0.0852,1.0000,1,0,0,0,0,5.0000
144.1510,-254.2296,0.0864,91.8326,0.0007,0.0026,0.0007,0.0002,0.0129,298.1248,0.0036,0.0107,0.0694,0.3001,0.0000,0.0000,0.0000,0.0852,1.0000,1,0,0,0,0,5.0002
144.2022,-254.2296,0.0864,91.8326,0.0001,0.0002,0.0000,0.0001,-0.0130,298.1246,-0.0036,0.0107,0.0694,0.3001,0.0000,0.0000,0.0000,0.0852,1.0000,1,0,0,0,0,5.0002
144.2612,-254.2296,0.0864,91.8326,0.0007,0.0026,0.0007,0.0002,0.0113,298.1248,0.0031,0.0107,0.0694,0.3001,0.0000,0.0000,0.0000,0.0852,1.0000,1,0,0,0,0,5.0002
144.3206,-254.2296,0.0864,91.8326,0.0001,0.0002,0.0000,0.0001,-0.0112,298.1246,-0.0031,0.0107,0.0694,0.3001,0.0000,0.0000,0.0000,0.0852,1.0000,1,0,0,0,0,5.0002
144.3815,-254.2296,0.0864,91.8326,0.0001,0.0002,0.0000,0.0001,0.0000,298.1246,0.0000,0.0107,0.0694,0.3001,0.0000,0.0000,0.0000,0.0852,1.0000,1,0,0,0,0,5.0000
144.4388,-254.2296,0.0864,91.8326,0.0007,0.0026,0.0007,0.0002,0.0116,298.1248,0.0032,0.0107,0.0694,0.3001,0.0000,0.0000,0.0000,0.0852,1.0000,1,0,0,0,0,5.0002
144.4908,-254.2296,0.0864,91.8326,0.0001,0.0002,0.0000,0.0001,-0.0128,298.1246,-0.0035,0.0107,0.0694,0.3001,0.0000,0.0000,0.0000,0.0852,1.0000,1,0,0,0,0,5.0002
144.5483,-254.2296,0.0864,91.8326,0.0007,0.0026,0.0007,0.0002,0.0116,298.1248,0.0032,0.0107,0.0694,0.3001,0.0000,0.0000,0.0000,0.0852,1.0000,1,0,0,0,0,5.0002
144.6063,-254.2296,0.0864,91.8326,0.0001,0.0002,0.0000,0.0001,-0.0115,298.1246,-0.0032,0.0107,0.0694,0.3001,0.0000,0.0000,0.0000,0.0852,1.0000,1,0,0,0,0,5.0002
144.6568,-254.2296,0.0864,91.8326,0.0007,0.0026,0.0007,0.0002,0.0132,298.1248,0.0036,0.0107,0.0694,0.3001,0.0000,0.0000,0.0000,0.0852,1.0000,1,0,0,0,0,5.0002
144.7164,-254.2296,0.0864,91.8326,0.0001,0.0002,0.0000,0.0001,-0.0112,298.1246,-0.0031,0.0107,0.0694,0.3001,0.0000,0.0000,0.0000,0.0852,1.0000,1,0,0,0,0,5.0002
144.7769,-254.2296,0.0864,91.8326,0.0007,0.0026,0.0007,0.0002,0.0110,298.1248,0.0030,0.0107,0.0694,0.3001,0.0000,0.0000,0.0000,0.0852,1.0000,1,0,0,0,0,5.0002
144.8353,-254.2296,0.0864,91.8326,0.0007,0.0026,0.0007,0.0002,0.0000,298.1248,0.0000,0.0107,0.0694,0.3001,0.0000,0.0000,0.0000,0.0852,1.0000,1,0,0,0,0,5.0000
144.8958,-254.2296,0.0864,91.8326,0.0001,0.0002,0.0000,0.0001,-0.0110,298.1246,-0.0030,0.0107,0.0694,0.3001,0.0000,0.0000,0.0000,0.0852,1.0000,1,0,0,0,0,5.0002
144.9568,-254.2296,0.0864,91.8326,0.0001,0.0002,0.0000,0.0001,0.0000,298.1246,0.0000,0.0107,0.0694,0.3001,0.0000,0.0000,0.0000,0.0852,1.0000,1,0,0,0,0,5.0000
145.0073,-254.2296,0.0864,91.8326,0.0001,0.0002,0.0000,0.0001,0.0000,298.1246,0.0000,0.0107,0.0694,0.3001,0.0000,0.0000,0.0000,0.0852,1.0000,1,0,0,0,0,5.0000
145.0688,-254.2296,0.0864,91.8326,0.0001,0.0002,0.0000,0.0001,0.0000,298.1246,0.0000,0.0107,0.0694,0.3001,0.0000,0.0000,0.0000,0.0852,1.0000,1,0,0,0,0,5.0000
145.1259,-254.2296,0.0864,91.8326,0.0007,0.0026,0.0007,0.0002,0.0117,298.1248,0.0032,0.0107,0.0694,0.3001,0.0000,0.0000,0.0000,0.0852,1.0000,1,0,0,0,0,5.0002
145.1785,-254.2296,0.0864,91.8326,0.0001,0.0002,0.0000,0.0001,-0.0127,298.1246,-0.0035,0.0107,0.0694,0.3001,0.0000,0.0000,0.0000,0.0852,1.0000,1,0,0,0,0,5.0002
145.2467,-254.2296,0.0864,91.8326,0.0001,0.0002,0.0000,0.0001,0.0000,298.1246,0.0000,0.0107,0.0694,0.3001,0.0000,0.0000,0.0000,0.0852,1.0000,1,0,0,0,0,5.0000
145.3105,-254.2296,0.0864,91.8326,0.0001,0.0002,0.0000,0.0001,0.0000,298.1246,0.0000,0.0107,0.0694,0.3001,0.0000,0.0000,0.0000,0.0852,1.0000,1,0,0,0,0,5.0000
145.3701,-254.2296,0.0864,91.8326,0.0007,0.0026,0.0007,0.0002,0.0112,298.1248,0.0031,0.0107,0.0694,0.3001,0.0000,0.0000,0.0000,0.0852,1.0000,1,0,0,0,0,5.0002
145.4297,-254.2296,0.0864,91.8326,0.0001,0.0002,0.0000,0.0001,-0.0112,298.1246,-0.0031,0.0107,0.0694,0.3001,0.0000,0.0000,0.0000,0.0852,1.0000,1,0,0,0,0,5.0002
145.4888,-254.2296,0.0864,91.8326,0.0001,0.0002,0.0000,0.0001,0.0000,298.1246,0.0000,0.0107,0.0694,0.3001,0.0000,0.0000,0.0000,0.0852,1.0000,1,0,0,0,0,5.0000
145.5484,-254.2296,0.0864,91.8326,0.0007,0.0026,0.0007,0.0002,0.0112,298.1248,0.0031,0.0107,0.0694,0.3001,0.0000,0.0000,0.0000,0.0852,1.0000,1,0,0,0,0,5.0002
145.6114,-254.2296,0.0864,91.8326,0.0007,0.0026,0.0007,0.0002,0.0000,298.1248,0.0000,0.0107,0.0694,0.3001,0.0000,0.0000,0.0000,0.0852,1.0000,1,0,0,0,0,5.0000
145.6646,-254.2296,0.0864,91.8326,0.0007,0.0026,0.0007,0.0002,0.0000,298.1248,0.0000,0.0107,0.0694,0.3001,0.0000,0.0000,0.0000,0.0852,1.0000,1,0,0,0,0,5.0000
145.7190,-254.2296,0.0864,91.8326,0.0001,0.0002,0.0000,0.0001,-0.0122,298.1246,-0.0034,0.0107,0.0694,0.3001,0.0000,0.0000,0.0000,0.0852,1.0000,1,0,0,0,0,5.0002
