time,position_x,position_y,position_z,speed_ms,speed_kmh,forward_speed,sideways_speed,acceleration_ms2,yaw,yaw_rate,raw_steer_x,raw_throttle_y,raw_brake_z,steer_input,handlebar_angle,steer_rate,throttle,brake,is_grounded,harsh_brake,harsh_steer,high_side_slip,high_yaw_rate,risk_score
0.1287,185.1836,0.1256,102.8923,0.4451,1.6024,0.4451,0.0000,3.4588,270.0131,0.1015,-0.0694,0.2747,0.3509,0.0440,1.0704,8.3173,0.3037,0.5874,1,0,0,0,0,3.4050
0.1800,185.1760,0.0865,102.8922,0.0007,0.0026,-0.0002,0.0007,-8.6589,270.0187,0.1106,-0.0694,0.2747,0.3509,0.0429,2.6190,30.1764,0.3639,0.6200,1,0,0,0,0,4.7827
0.2519,185.1760,0.0864,102.8921,0.0008,0.0030,-0.0001,0.0008,0.0013,270.0271,0.1159,-0.0694,0.2375,0.3509,0.0423,2.5817,0.5185,0.3850,0.6346,1,0,0,0,0,3.2081
0.3285,185.1760,0.0864,102.8920,0.0006,0.0022,-0.0001,0.0006,-0.0028,270.0362,0.1196,-0.0694,0.1320,0.3509,0.0421,2.5547,0.3531,0.3006,0.6399,1,0,0,0,0,3.2256
0.3803,185.1760,0.0864,102.8919,0.0004,0.0013,-0.0001,0.0004,-0.0046,270.0408,0.0883,-0.0694,0.0459,0.3509,0.0421,2.5357,0.3656,0.1959,0.6411,1,0,0,0,0,3.2307
0.4427,185.1760,0.0864,102.8919,0.0002,0.0006,0.0000,0.0002,-0.0031,270.0435,0.0440,-0.0694,-0.0107,0.3509,0.0420,2.5283,0.1187,0.1096,0.6416,1,0,0,0,0,3.2170
0.4930,185.1760,0.0864,102.8919,0.0001,0.0002,0.0000,0.0001,-0.0022,270.0453,0.0358,-0.0694,-0.0479,0.3509,0.0420,2.5246,0.0743,0.0608,0.6418,1,0,0,0,0,3.2151
0.5467,185.1760,0.0864,102.8919,0.0002,0.0006,0.0000,0.0002,0.0021,270.0467,0.0250,-0.0694,-0.0674,0.3509,0.0420,2.5226,0.0374,0.0338,0.6419,1,0,0,0,0,3.2128
0.6087,185.1760,0.0864,102.8919,0.0001,0.0005,0.0000,0.0001,-0.0007,270.0481,0.0226,-0.0694,-0.0694,0.3509,0.0420,2.5217,0.0138,0.0188,0.6419,1,0,0,0,0,3.2116
0.6589,185.1760,0.0864,102.8919,0.0001,0.0004,0.0000,0.0001,-0.0006,270.0489,0.0164,-0.0694,-0.0694,0.3509,0.0420,2.5213,0.0084,0.0104,0.6419,1,0,0,0,0,3.2110
0.7102,185.1760,0.0864,102.8919,0.0001,0.0003,0.0000,0.0001,-0.0003,270.0494,0.0101,-0.0694,-0.0694,0.3509,0.0420,2.5211,0.0045,0.0065,0.6419,1,0,0,0,0,3.2104
0.7710,185.1760,0.0864,102.8919,0.0001,0.0003,0.0000,0.0001,-0.0002,270.0501,0.0110,-0.0694,-0.0616,0.3509,0.0420,2.5210,0.0020,0.0032,0.6419,1,0,0,0,0,3.2104
0.8255,185.1760,0.0864,102.8919,0.0001,0.0003,0.0000,0.0001,-0.0001,270.0505,0.0067,-0.0694,-0.0616,0.3509,0.0420,2.5209,0.0012,0.0018,0.6419,1,0,0,0,0,3.2101
0.8761,185.1760,0.0864,102.8919,0.0001,0.0003,0.0000,0.0001,0.0000,270.0507,0.0048,-0.0694,-0.0616,0.3509,0.0420,2.5209,0.0006,0.0011,0.6419,1,0,0,0,0,3.2099
0.9276,185.1760,0.0864,102.8919,0.0001,0.0003,0.0000,0.0001,0.0000,270.0510,0.0053,-0.0694,-0.0616,0.3509,0.0420,2.5208,0.0003,0.0006,0.6419,1,0,0,0,0,3.2099
0.9886,185.1760,0.0864,102.8919,0.0001,0.0003,0.0000,0.0001,0.0000,270.0510,0.0000,-0.0694,-0.0616,0.3509,0.0420,2.5208,0.0002,0.0003,0.6419,1,0,0,0,0,3.2096
1.0449,185.1760,0.0864,102.8919,0.0001,0.0003,0.0000,0.0001,0.0000,270.0510,0.0000,-0.0694,-0.0616,0.3509,0.0420,2.5208,0.0001,0.0002,0.6419,1,0,0,0,0,3.2096
1.1016,185.1760,0.0864,102.8919,0.0001,0.0003,0.0000,0.0001,0.0000,270.0510,0.0000,-0.0694,-0.0616,0.3509,0.0420,2.5208,0.0000,0.0001,0.6419,1,0,0,0,0,3.2096
1.1539,185.1760,0.0864,102.8919,0.0001,0.0003,0.0000,0.0001,0.0000,270.0510,0.0000,-0.0694,-0.0616,0.3509,0.0420,2.5208,0.0000,0.0001,0.6419,1,0,0,0,0,3.2096
1.2108,185.1760,0.0864,102.8919,0.0001,0.0003,0.0000,0.0001,0.0000,270.0510,0.0000,-0.0694,-0.0772,0.3509,0.0420,2.5208,0.0000,0.0000,0.6419,1,0,0,0,0,3.2096
1.2655,185.1759,0.0864,102.8919,0.0001,0.0003,0.0000,0.0001,0.0000,270.0510,0.0000,-0.0694,-0.0948,0.3509,0.0420,2.5208,0.0000,0.0000,0.6419,1,0,0,0,0,3.2096
1.3257,185.1760,0.0864,102.8919,0.0001,0.0003,0.0000,0.0001,0.0000,270.0510,0.0000,-0.0694,-0.1124,0.3509,0.0420,2.5208,0.0000,0.0000,0.6419,1,0,0,0,0,3.2096
1.3762,185.1760,0.0864,102.8919,0.0001,0.0003,0.0000,0.0001,0.0000,270.0510,0.0000,-0.0694,-0.1241,0.3509,0.0420,2.5208,0.0000,0.0000,0.6419,1,0,0,0,0,3.2096
1.4275,185.1760,0.0864,102.8919,0.0001,0.0003,0.0000,0.0001,0.0000,270.0510,0.0000,-0.0694,-0.1261,0.3509,0.0420,2.5208,0.0000,0.0000,0.6419,1,0,0,0,0,3.2096
1.4866,185.1760,0.0864,102.8919,0.0001,0.0003,0.0000,0.0001,0.0000,270.0510,0.0000,-0.0694,-0.1398,0.3509,0.0420,2.5208,0.0000,0.0000,0.6419,1,0,0,0,0,3.2096
1.5536,185.1760,0.0864,102.8919,0.0001,0.0003,0.0000,0.0001,0.0000,270.0510,0.0000,-0.0694,-0.1437,0.3509,0.0420,2.5208,0.0000,0.0000,0.6419,1,0,0,0,0,3.2096
1.6148,185.1760,0.0864,102.8919,0.0001,0.0003,0.0000,0.0001,0.0000,270.0510,0.0000,-0.0694,-0.1437,0.3509,0.0420,2.5208,0.0000,0.0000,0.6419,1,0,0,0,0,3.2096
1.6659,185.1760,0.0864,102.8919,0.0001,0.0003,0.0000,0.0001,0.0000,270.0510,0.0000,-0.0694,-0.1437,0.3509,0.0420,2.5208,0.0000,0.0000,0.6419,1,0,0,0,0,3.2096
1.7168,185.1760,0.0864,102.8919,0.0001,0.0003,0.0000,0.0001,0.0000,270.0510,0.0000,-0.0694,-0.1437,0.3509,0.0420,2.5208,0.0000,0.0000,0.6419,1,0,0,0,0,3.2096
1.7761,185.1760,0.0864,102.8919,0.0001,0.0003,0.0000,0.0001,0.0000,270.0510,0.0000,-0.0694,-0.1437,0.3509,0.0420,2.5208,0.0000,0.0000,0.6419,1,0,0,0,0,3.2096
1.8271,185.1760,0.0864,102.8919,0.0001,0.0003,0.0000,0.0001,0.0000,270.0510,0.0000,-0.0694,-0.1437,0.3509,0.0420,2.5208,0.0000,0.0000,0.6419,1,0,0,0,0,3.2096
1.8786,185.1760,0.0864,102.8919,0.0001,0.0003,0.0000,0.0001,0.0000,270.0510,0.0000,-0.0694,-0.1437,0.3509,0.0420,2.5208,0.0000,0.0000,0.6419,1,0,0,0,0,3.2096
1.9378,185.1760,0.0864,102.8919,0.0001,0.0003,0.0000,0.0001,0.0000,270.0510,0.0000,-0.0694,-0.1437,0.3509,0.0420,2.5208,0.0000,0.0000,0.6419,1,0,0,0,0,3.2096
1.9908,185.1760,0.0864,102.8919,0.0001,0.0003,0.0000,0.0001,0.0000,270.0510,0.0000,-0.0694,-0.1417,0.3509,0.0420,2.5208,0.0000,0.0000,0.6419,1,0,0,0,0,3.2096
2.0427,185.1760,0.0864,102.8919,0.0001,0.0003,0.0000,0.0001,0.0000,270.0510,0.0000,-0.0694,-0.1104,0.3509,0.0420,2.5208,0.0000,0.0000,0.6419,1,0,0,0,0,3.2096
2.0959,185.1760,0.0864,102.8919,0.0001,0.0003,0.0000,0.0001,0.0000,270.0510,0.0000,-0.0694,-0.0733,0.3509,0.0420,2.5208,0.0000,0.0000,0.6419,1,0,0,0,0,3.2096
2.1490,185.1760,0.0864,102.8919,0.0001,0.0003,0.0000,0.0001,0.0000,270.0510,0.0000,-0.0694,-0.0322,0.3509,0.0420,2.5208,0.0000,0.0000,0.6419,1,0,0,0,0,3.2096
2.2059,185.1760,0.0864,102.8919,0.0001,0.0003,0.0000,0.0001,0.0000,270.0510,0.0000,-0.0694,0.0147,0.3509,0.0420,2.5208,0.0000,0.0000,0.6419,1,0,0,0,0,3.2096
2.2573,185.1760,0.0864,102.8919,0.0001,0.0004,0.0000,0.0001,0.0009,270.0515,0.0089,-0.0694,0.0499,0.3509,0.0420,2.5208,0.0000,0.0143,0.6419,1,0,0,0,0,3.2101
2.3083,185.1760,0.0864,102.8919,0.0000,0.0001,0.0000,0.0000,-0.0019,270.0526,0.0215,-0.0694,0.0929,0.3509,0.0420,2.5208,0.0000,0.0456,0.6419,1,0,0,0,0,3.2108
2.3592,185.1760,0.0864,102.8919,0.0002,0.0006,0.0000,0.0002,0.0029,270.0543,0.0348,-0.0694,0.1496,0.3509,0.0420,2.5208,0.0000,0.1088,0.6419,1,0,0,0,0,3.2116
2.4186,185.1760,0.0864,102.8919,0.0003,0.0012,-0.0001,0.0003,0.0028,270.0575,0.0534,-0.0694,0.1887,0.3509,0.0420,2.5208,0.0000,0.1812,0.6419,1,0,0,0,0,3.2126
2.4698,185.1760,0.0864,102.8918,0.0005,0.0016,-0.0001,0.0004,0.0024,270.0616,0.0811,-0.0694,0.1945,0.3509,0.0420,2.5208,0.0000,0.2342,0.6419,1,0,0,0,0,3.2141
2.5207,185.1760,0.0864,102.8918,0.0005,0.0019,-0.0001,0.0005,0.0013,270.0666,0.0970,-0.0694,0.1945,0.3509,0.0420,2.5208,0.0000,0.2639,0.6419,1,0,0,0,0,3.2150
2.5868,185.1760,0.0864,102.8917,0.0006,0.0020,-0.0001,0.0005,0.0006,270.0730,0.0966,-0.0694,0.1945,0.3509,0.0420,2.5208,0.0000,0.2826,0.6419,1,0,0,0,0,3.2150
2.6451,185.1760,0.0864,102.8916,0.0006,0.0021,-0.0001,0.0006,0.0003,270.0784,0.0937,-0.0694,0.1945,0.3509,0.0420,2.5208,0.0000,0.2907,0.6419,1,0,0,0,0,3.2148
2.6984,185.1759,0.0864,102.8915,0.0006,0.0021,-0.0001,0.0006,0.0002,270.0840,0.1041,-0.0694,0.1945,0.3509,0.0420,2.5208,0.0000,0.2953,0.6419,1,0,0,0,0,3.2154
2.7492,185.1760,0.0864,102.8915,0.0006,0.0022,-0.0001,0.0006,0.0001,270.0885,0.0896,-0.0694,0.1945,0.3509,0.0420,2.5208,0.0000,0.2974,0.6419,1,0,0,0,0,3.2146
2.8002,185.1760,0.0864,102.8914,0.0006,0.0022,-0.0001,0.0006,0.0001,270.0943,0.1130,-0.0694,0.1945,0.3509,0.0420,2.5208,0.0000,0.2989,0.6419,1,0,0,0,0,3.2159
2.8515,185.1760,0.0864,102.8913,0.0006,0.0022,-0.0001,0.0006,0.0000,270.0988,0.0887,-0.0694,0.1945,0.3509,0.0420,2.5208,0.0000,0.2997,0.6419,1,0,0,0,0,3.2146
2.9026,185.1760,0.0864,102.8912,0.0006,0.0022,-0.0001,0.0006,0.0000,270.1047,0.1140,-0.0694,0.1945,0.3509,0.0420,2.5208,0.0000,0.3002,0.6419,1,0,0,0,0,3.2160
2.9547,185.1760,0.0864,102.8912,0.0006,0.0022,-0.0002,0.0006,0.0003,270.1104,0.1101,-0.0694,0.2063,0.3509,0.0420,2.5208,0.0000,0.3061,0.6419,1,0,0,0,0,3.2157
3.0054,185.1760,0.0864,102.8911,0.0007,0.0024,-0.0002,0.0006,0.0007,270.1153,0.0957,-0.0694,0.2317,0.3509,0.0420,2.5208,0.0000,0.3222,0.6419,1,0,0,0,0,3.2150
3.0657,185.1760,0.0864,102.8910,0.0007,0.0027,-0.0002,0.0007,0.0015,270.1231,0.1302,-0.0694,0.2669,0.3509,0.0420,2.5208,0.0000,0.3630,0.6419,1,0,0,0,0,3.2169
3.1212,185.1760,0.0864,102.8909,0.0010,0.0037,0.0001,0.0010,0.0049,270.1294,0.1133,-0.0694,0.3197,0.3509,0.0420,2.5208,0.0000,0.4182,0.6419,1,0,0,0,0,3.2159
3.1721,185.1759,0.0864,102.8908,0.0013,0.0046,0.0002,0.0013,0.0051,270.1335,0.0808,-0.0694,0.3529,0.3509,0.0420,2.5208,0.0000,0.4677,0.6419,1,0,0,0,0,3.2141
3.2266,185.1758,0.0864,102.8906,0.0016,0.0058,0.0004,0.0016,0.0061,270.1379,0.0801,-0.0694,0.3803,0.3509,0.0420,2.5208,0.0000,0.5286,0.6419,1,0,0,0,0,3.2141
3.2797,185.1757,0.0864,102.8905,0.0091,0.0326,0.0089,0.0014,0.1403,270.1428,0.0932,-0.0694,0.4155,0.3509,0.0420,2.5208,0.0000,0.5883,0.6419,1,0,0,0,0,3.2148
3.3320,185.1739,0.0864,102.8903,0.0743,0.2676,0.0743,0.0016,1.2477,270.1544,0.2222,-0.0694,0.4428,0.3509,0.0420,2.5208,0.0000,0.6438,0.6419,1,0,0,0,0,3.2220
3.3822,185.1682,0.0864,102.8902,0.1577,0.5679,0.1577,0.0020,1.6600,270.1652,0.2144,-0.0694,0.4604,0.3509,0.0420,2.5208,0.0000,0.6832,0.6419,1,0,0,0,0,3.2215
3.4436,185.1540,0.0864,102.8900,0.3102,1.1166,0.3101,0.0026,2.4847,270.1836,0.2990,-0.0694,0.4819,0.3509,0.0420,2.5208,0.0000,0.7355,0.6419,1,0,0,0,0,3.2262
3.5003,185.1329,0.0864,102.8898,0.4457,1.6046,0.4457,0.0030,2.3884,270.2006,0.3005,-0.0694,0.5015,0.3509,0.0420,2.5208,0.0000,0.7728,0.6419,1,0,0,0,0,3.2263
3.5560,185.1046,0.0864,102.8897,0.5778,2.0799,0.5777,0.0034,2.3716,270.2190,0.3306,-0.0694,0.5034,0.3509,0.0420,2.5208,0.0000,0.7998,0.6419,1,0,0,0,0,3.3160
3.6195,185.0638,0.0864,102.8895,0.7175,2.5831,0.7175,0.0038,2.2027,270.2426,0.3717,-0.0694,0.5132,0.3509,0.0420,2.5208,0.0000,0.8241,0.6419,1,0,0,0,0,3.3091
3.6836,185.0146,0.0864,102.8894,0.8148,2.9334,0.8148,0.0040,1.5172,270.2632,0.3208,-0.0694,0.5132,0.3509,0.0420,2.5208,0.0000,0.8357,0.6419,1,0,0,0,0,3.3012
3.7411,184.9651,0.0864,102.8893,0.9049,3.2576,0.9049,0.0042,1.5667,270.2886,0.4417,-0.0694,0.5132,0.3509,0.0420,2.5208,0.0000,0.8431,0.6419,1,0,0,0,0,3.3044
3.7977,184.9126,0.0864,102.8893,0.9603,3.4571,0.9603,0.0044,0.9794,270.3102,0.3818,-0.0694,0.5132,0.3509,0.0420,2.5208,0.0000,0.8463,0.6419,1,0,0,0,0,3.2991
3.8526,184.8587,0.0864,102.8893,1.0013,3.6046,1.0013,0.0045,0.7450,270.3320,0.3974,-0.0694,0.5132,0.3509,0.0420,2.5208,0.0000,0.8481,0.6419,1,0,0,0,0,3.2986
3.9035,184.8071,0.0864,102.8893,1.0259,3.6932,1.0259,0.0045,0.4838,270.3496,0.3453,-0.0694,0.5132,0.3509,0.0420,2.5208,0.0000,0.8489,0.6419,1,0,0,0,0,3.2948
3.9606,184.7479,0.0864,102.8893,1.0489,3.7759,1.0489,0.0046,0.4026,270.3717,0.3873,-0.0694,0.5132,0.3509,0.0420,2.5208,0.0000,0.8496,0.6419,1,0,0,0,0,3.2964
4.0139,184.6914,0.0864,102.8894,1.0652,3.8348,1.0652,0.0046,0.3066,270.3940,0.4172,-0.0694,0.5132,0.3509,0.0420,2.5208,0.0000,0.8499,0.6419,1,0,0,0,0,3.2976
4.0748,184.6262,0.0864,102.8895,1.0787,3.8832,1.0786,0.0046,0.2210,270.4205,0.4368,-0.0694,0.5132,0.3509,0.0420,2.5208,0.0000,0.8501,0.6419,1,0,0,0,0,3.2985
4.1379,184.5579,0.0864,102.8896,1.0862,3.9105,1.0862,0.0046,0.1202,270.4428,0.3534,-0.0694,0.5132,0.3509,0.0420,2.5208,0.0000,0.8502,0.6419,1,0,0,0,0,3.2934
4.1886,184.5027,0.0864,102.8897,1.0916,3.9298,1.0916,0.0047,0.1058,270.4651,0.4397,-0.0694,0.5132,0.3509,0.0420,2.5208,0.0000,0.8503,0.6419,1,0,0,0,0,3.2982
4.2413,184.4450,0.0864,102.8899,1.0953,3.9432,1.0953,0.0047,0.0709,270.4875,0.4245,-0.0694,0.5132,0.3509,0.0420,2.5208,0.0000,0.8503,0.6419,1,0,0,0,0,3.2973
4.3029,184.3775,0.0864,102.8901,1.0979,3.9526,1.0979,0.0047,0.0421,270.5099,0.3645,-0.0694,0.5132,0.3509,0.0420,2.5208,0.0000,0.8503,0.6419,1,0,0,0,0,3.2938
4.3628,184.3116,0.0864,102.8903,1.1032,3.9716,1.1032,0.0047,0.0882,270.5369,0.4501,-0.0694,0.5250,0.3509,0.0420,2.5208,0.0000,0.8560,0.6419,1,0,0,0,0,3.2985
4.4136,184.2553,0.0864,102.8906,1.1164,4.0191,1.1164,0.0047,0.2596,270.5551,0.3586,-0.0694,0.5406,0.3509,0.0420,2.5208,0.0000,0.8681,0.6419,1,0,0,0,0,3.2928
4.4672,184.1947,0.0864,102.8908,1.1495,4.1383,1.1495,0.0048,0.6184,270.5785,0.4353,-0.0694,0.5582,0.3509,0.0420,2.5208,0.0000,0.8893,0.6419,1,0,0,0,0,3.2959
4.5183,184.1348,0.0864,102.8911,1.2017,4.3263,1.2017,0.0048,1.0205,270.6027,0.4735,-0.0694,0.5797,0.3509,0.0420,2.5208,0.0000,0.9160,0.6419,1,0,0,0,0,3.2965
4.5688,184.0728,0.0864,102.8915,1.2602,4.5366,1.2602,0.0049,1.1581,270.6228,0.3980,-0.0694,0.5992,0.3509,0.0420,2.5208,0.0000,0.9440,0.6419,1,0,0,0,0,3.2904
4.6217,184.0039,0.0864,102.8919,1.3448,4.8413,1.3448,0.0051,1.5987,270.6489,0.4941,-0.0694,0.6168,0.3509,0.0420,2.5208,0.0000,0.9689,0.6419,1,0,0,0,0,3.2937
4.6751,183.9302,0.0864,102.8924,1.4243,5.1274,1.4243,0.0052,1.4888,270.6760,0.5065,-0.0694,0.6325,0.3509,0.0420,2.5208,0.0000,0.9827,0.6419,1,0,0,0,0,3.2928
4.7287,183.8523,0.0864,102.8930,1.4908,5.3669,1.4908,0.0053,1.2414,270.7035,0.5135,-0.0694,0.6461,0.3509,0.0420,2.5208,0.0000,0.9904,0.6419,1,0,0,0,0,3.2920
4.7845,183.7678,0.0864,102.8937,1.5433,5.5558,1.5433,0.0054,0.9401,270.7314,0.5009,-0.0694,0.6598,0.3509,0.0420,2.5208,0.0000,0.9947,0.6419,1,0,0,0,0,3.2904
4.8391,183.6827,0.0864,102.8944,1.5761,5.6739,1.5761,0.0055,0.6009,270.7540,0.4127,-0.0694,0.6735,0.3509,0.0420,2.5208,0.0000,0.9967,0.6419,1,0,0,0,0,3.2847
4.8953,183.5931,0.0864,102.8952,1.6126,5.8055,1.6126,0.0056,0.6511,270.7879,0.6047,-0.0694,0.6833,0.3509,0.0420,2.5208,0.0000,0.9984,0.6419,1,0,0,0,0,3.2951
4.9506,183.5034,0.0864,102.8961,1.6304,5.8695,1.6304,0.0056,0.3213,270.8108,0.4138,-0.0694,0.6872,0.3509,0.0420,2.5208,0.0000,0.9990,0.6419,1,0,0,0,0,3.2840
5.0103,183.4053,0.0864,102.8971,1.6497,5.9388,1.6497,0.0056,0.3222,270.8450,0.5721,-0.0694,0.6872,0.3509,0.0420,2.5208,0.0000,0.9995,0.6419,1,0,0,0,0,3.2927
5.0613,183.3210,0.0864,102.8980,1.6588,5.9716,1.6588,0.0056,0.1788,270.8679,0.4499,-0.0694,0.6872,0.3509,0.0420,2.5208,0.0000,0.9997,0.6419,1,0,0,0,0,3.2856
5.1134,183.2343,0.0864,102.8990,1.6671,6.0017,1.6671,0.0057,0.1607,270.8966,0.5512,-0.0694,0.6872,0.3509,0.0420,2.5208,0.0000,0.9998,0.6419,1,0,0,0,0,3.2912
5.1683,183.1426,0.0864,102.9000,1.6731,6.0231,1.6731,0.0057,0.1083,270.9254,0.5237,-0.0694,0.6872,0.3509,0.0420,2.5208,0.0000,0.9999,0.6419,1,0,0,0,0,3.2896
5.2319,183.0360,0.0864,102.9013,1.6779,6.0403,1.6779,0.0057,0.0750,270.9598,0.5402,-0.0694,0.6872,0.3509,0.0420,2.5208,0.0000,1.0000,0.6419,1,0,0,0,0,3.2906
5.2860,182.9451,0.0864,102.9025,1.6806,6.0502,1.6806,0.0057,0.0505,270.9885,0.5302,-0.0694,0.6872,0.3509,0.0420,2.5208,0.0000,1.0000,0.6419,1,0,0,0,0,3.2900
5.3374,182.8588,0.0864,102.9036,1.6822,6.0558,1.6822,0.0057,0.0303,271.0114,0.4473,-0.0694,0.6872,0.3509,0.0420,2.5208,0.0000,1.0000,0.6419,1,0,0,0,0,3.2852
5.3880,182.7737,0.0864,102.9048,1.6836,6.0608,1.6836,0.0057,0.0278,271.0402,0.5678,-0.0694,0.6872,0.3509,0.0420,2.5208,0.0000,1.0000,0.6419,1,0,0,0,0,3.2920
5.4394,182.6870,0.0864,102.9060,1.6846,6.0644,1.6846,0.0057,0.0193,271.0688,0.5578,-0.0694,0.6872,0.3509,0.0420,2.5208,0.0000,1.0000,0.6419,1,0,0,0,0,3.2915
5.4998,182.5853,0.0864,102.9075,1.6852,6.0669,1.6852,0.0057,0.0112,271.0975,0.4738,-0.0694,0.6911,0.3509,0.0420,2.5208,0.0000,1.0000,0.6419,1,0,0,0,0,3.2867
5.5512,182.4986,0.0864,102.9088,1.6857,6.0684,1.6857,0.0057,0.0085,271.1262,0.5580,-0.0694,0.7165,0.3509,0.0420,2.5208,0.0000,1.0000,0.6419,1,0,0,0,0,3.2915
5.6079,182.4032,0.0864,102.9103,1.6861,6.0698,1.6861,0.0057,0.0069,271.1548,0.5066,-0.0694,0.7400,0.3509,0.0420,2.5208,0.0000,1.0000,0.6419,1,0,0,0,0,3.2886
5.6601,182.3152,0.0864,102.9118,1.6862,6.0703,1.6862,0.0057,0.0025,271.1778,0.4393,-0.0694,0.7595,0.3509,0.0420,2.5208,0.0000,1.0000,0.6419,1,0,0,0,0,3.2847
5.7170,182.2191,0.0864,102.9133,1.6864,6.0711,1.6864,0.0057,0.0040,271.2123,0.6057,-0.0694,0.7947,0.3509,0.0420,2.5208,0.0000,1.0000,0.6419,1,0,0,0,0,3.2942
5.7738,182.1234,0.0864,102.9150,1.6865,6.0716,1.6865,0.0057,0.0021,271.2410,0.5062,-0.0694,0.8260,0.3509,0.0420,2.5208,0.0000,1.0000,0.6419,1,0,0,0,0,3.2886
5.8269,182.0339,0.0864,102.9166,1.6866,6.0717,1.6866,0.0057,0.0006,271.2639,0.4321,-0.0694,0.8495,0.3509,0.0420,2.5208,0.0000,1.0000,0.6419,1,0,0,0,0,3.2843
5.8826,181.9400,0.0864,102.9183,1.6867,6.0720,1.6867,0.0057,0.0016,271.2926,0.5140,-0.0694,0.8847,0.3509,0.0420,2.5208,0.0000,1.0000,0.6419,1,0,0,0,0,3.2888
5.9437,181.8368,0.0864,102.9202,1.6867,6.0721,1.6867,0.0057,0.0007,271.3271,0.5636,-0.0694,0.9179,0.3509,0.0420,2.5208,0.0000,1.0000,0.6419,1,0,0,0,0,3.2917
5.9982,181.7449,0.0864,102.9220,1.6867,6.0722,1.6867,0.0057,0.0005,271.3558,0.5275,-0.0694,0.9335,0.3509,0.0420,2.5208,0.0000,1.0000,0.6419,1,0,0,0,0,3.2897
6.0566,181.6464,0.0864,102.9239,1.6867,6.0720,1.6867,0.0057,-0.0010,271.3845,0.4911,-0.0694,0.9687,0.3509,0.0420,2.5208,0.0000,1.0000,0.6419,1,0,0,0,0,3.2876
6.1160,181.5463,0.0864,102.9259,1.6867,6.0721,1.6867,0.0057,0.0003,271.4131,0.4832,-0.0694,0.9941,0.3509,0.0420,2.5208,0.0000,1.0000,0.6419,1,0,0,0,0,3.2871
6.1715,181.4527,0.0864,102.9279,1.6868,6.0726,1.6868,0.0057,0.0023,271.4418,0.5170,-0.0694,1.0000,0.3509,0.0420,2.5208,0.0000,1.0000,0.6419,1,0,0,0,0,3.2890
6.2275,181.3582,0.0864,102.9299,1.6868,6.0725,1.6868,0.0057,-0.0006,271.4763,0.6145,-0.0694,1.0000,0.3509,0.0420,2.5208,0.0000,1.0000,0.6419,1,0,0,0,0,3.2947
6.2873,181.2572,0.0864,102.9321,1.6868,6.0723,1.6868,0.0057,-0.0005,271.5050,0.4803,-0.0694,1.0000,0.3509,0.0420,2.5208,0.0000,1.0000,0.6419,1,0,0,0,0,3.2871
6.3459,181.1584,0.0864,102.9343,1.6868,6.0723,1.6868,0.0057,0.0000,271.5337,0.4898,-0.0694,1.0000,0.3509,0.0420,2.5208,0.0000,1.0000,0.6419,1,0,0,0,0,3.2875
6.3973,181.0717,0.0864,102.9363,1.6867,6.0721,1.6867,0.0057,-0.0012,271.5623,0.5563,-0.0694,1.0000,0.3509,0.0420,2.5208,0.0000,1.0000,0.6419,1,0,0,0,0,3.2913
6.4577,180.9699,0.0864,102.9387,1.6867,6.0723,1.6867,0.0057,0.0006,271.5910,0.4756,-0.0694,1.0000,0.3509,0.0420,2.5208,0.0000,1.0000,0.6419,1,0,0,0,0,3.2867
6.5091,180.8832,0.0864,102.9407,1.6868,6.0724,1.6868,0.0057,0.0005,271.6197,0.5583,-0.0694,1.0000,0.3509,0.0420,2.5208,0.0000,1.0000,0.6419,1,0,0,0,0,3.2914
6.5620,180.7940,0.0864,102.9429,1.6868,6.0724,1.6868,0.0057,0.0001,271.6484,0.5421,-0.0694,1.0000,0.3509,0.0420,2.5208,0.0000,1.0000,0.6419,1,0,0,0,0,3.2906
6.6228,180.6914,0.0864,102.9454,1.6868,6.0725,1.6868,0.0057,0.0007,271.6771,0.4724,-0.0694,1.0000,0.3509,0.0420,2.5208,0.0000,1.0000,0.6419,1,0,0,0,0,3.2866
6.6810,180.5932,0.0864,102.9479,1.6868,6.0724,1.6868,0.0057,-0.0005,271.7058,0.4931,-0.0694,1.0000,0.3509,0.0420,2.5208,0.0000,1.0000,0.6419,1,0,0,0,0,3.2877
6.7489,180.4787,0.0864,102.9509,1.6868,6.0723,1.6868,0.0057,-0.0003,271.7460,0.5914,-0.0694,1.0000,0.3509,0.0420,2.5208,0.0000,1.0000,0.6419,1,0,0,0,0,3.2934
6.8063,180.3819,0.0864,102.9535,1.6867,6.0722,1.6867,0.0056,-0.0005,271.7717,0.4480,-0.0714,1.0000,0.3509,0.0300,2.5208,0.0000,1.0000,0.6419,1,0,0,0,0,3.2846
6.8647,180.2833,0.0864,102.9561,1.6868,6.0724,1.6868,0.0053,0.0006,271.7816,0.1691,-0.0714,1.0000,0.3509,0.0129,1.8277,11.8576,1.0000,0.6419,1,0,0,0,0,3.9250
6.9178,180.1937,0.0864,102.9585,1.6868,6.0725,1.6868,0.0051,0.0005,271.7829,0.0253,-0.0714,1.0000,0.3509,0.0055,1.2653,10.5887,1.0000,0.6419,1,0,0,0,0,3.8445
6.9764,180.0950,0.0864,102.9613,1.6868,6.0724,1.6868,0.0050,-0.0002,271.7805,-0.0412,-0.0714,1.0000,0.3509,0.0024,0.6706,10.1606,1.0000,0.6419,1,0,0,0,0,3.8205
7.0379,179.9913,0.0864,102.9641,1.6868,6.0724,1.6868,0.0049,-0.0003,271.7756,-0.0794,-0.0714,1.0000,0.3509,0.0009,0.3754,4.7994,1.0000,0.6419,1,0,0,0,0,3.5243
7.0880,179.9068,0.0864,102.9664,1.6868,6.0725,1.6868,0.0049,0.0006,271.7719,-0.0743,-0.0714,0.9648,0.3509,0.0004,0.2038,3.4275,1.0000,0.6419,1,0,0,0,0,3.4474
7.1482,179.8051,0.0864,102.9692,1.6868,6.0725,1.6868,0.0048,0.0000,271.7668,-0.0835,-0.0714,0.8964,0.3509,0.0002,0.1083,1.5833,1.0000,0.6419,1,0,0,0,0,3.3452
7.2232,179.6786,0.0864,102.9726,1.6867,6.0723,1.6867,0.0048,-0.0007,271.7597,-0.0952,-0.0714,0.7928,0.3509,0.0001,0.0545,0.7182,1.0000,0.6419,1,0,0,0,0,3.2979
7.2826,179.5785,0.0864,102.9753,1.6868,6.0723,1.6868,0.0049,0.0002,271.7535,-0.1048,-0.0714,0.6422,0.3509,0.0000,0.0214,0.5569,1.0000,0.6419,1,0,0,0,0,3.2896
7.3368,179.4871,0.0864,102.9777,1.6826,6.0575,1.6826,0.0048,-0.0761,271.7493,-0.0766,-0.0714,0.5601,0.3509,0.0000,0.0110,0.1921,0.9888,0.6419,1,0,0,0,0,3.2676
7.3960,179.3893,0.0864,102.9803,1.6115,5.8013,1.6115,0.0048,-1.2035,271.7431,-0.1053,-0.0714,0.4897,0.3509,0.0000,0.0053,0.0959,0.9188,0.6419,1,0,0,0,0,3.2657
7.4467,179.3103,0.0864,102.9824,1.5062,5.4225,1.5062,0.0047,-2.0751,271.7390,-0.0819,-0.0714,0.4331,0.3509,0.0000,0.0028,0.0493,0.8513,0.6419,1,0,0,0,0,3.2642
7.5035,179.2307,0.0864,102.9845,1.3183,4.7460,1.3183,0.0046,-3.3058,271.7337,-0.0923,-0.0714,0.3881,0.3509,0.0000,0.0013,0.0256,0.7666,0.6419,1,0,0,0,0,3.2687
7.5593,179.1646,0.0864,102.9862,1.0468,3.7684,1.0468,0.0044,-4.8650,271.7275,-0.1115,-0.0714,0.3548,0.3509,0.0000,0.0007,0.0119,0.6791,0.6419,1,0,0,0,0,3.2791
7.6118,179.1143,0.0864,102.9874,0.8615,3.1016,0.8615,0.0041,-3.5283,271.7233,-0.0802,-0.0714,0.3451,0.3509,0.0000,0.0004,0.0060,0.6356,0.6419,1,0,0,0,0,3.2859
7.6645,179.0749,0.0864,102.9883,0.6509,2.3432,0.6509,0.0037,-4.0024,271.7180,-0.0997,-0.0714,0.3451,0.3509,0.0000,0.0002,0.0034,0.6022,0.6419,1,0,0,0,0,3.3011
7.7381,179.0355,0.0864,102.9891,0.4186,1.5070,0.4186,0.0031,-3.1528,271.7107,-0.0994,-0.0714,0.3451,0.3509,0.0000,0.0001,0.0014,0.5788,0.6419,1,0,0,0,0,3.2152
7.7954,179.0148,0.0864,102.9895,0.2969,1.0690,0.2969,0.0027,-2.1234,271.7055,-0.0906,-0.0714,0.3451,0.3509,0.0000,0.0000,0.0010,0.5706,0.6419,1,0,0,0,0,3.2147
7.8492,179.0011,0.0864,102.9897,0.2060,0.7416,0.2060,0.0023,-1.6925,271.7003,-0.0977,-0.0714,0.3451,0.3509,0.0000,0.0000,0.0003,0.5661,0.6419,1,0,0,0,0,3.2151
7.9066,178.9911,0.0864,102.9898,0.1394,0.5018,0.1394,0.0020,-1.1606,271.6950,-0.0909,-0.0714,0.3451,0.3509,0.0000,0.0000,0.0001,0.5636,0.6419,1,0,0,0,0,3.2147
7.9590,178.9850,0.0864,102.9898,0.0913,0.3285,0.0912,0.0017,-0.9180,271.6898,-0.1007,-0.0714,0.3451,0.3509,0.0000,0.0000,0.0001,0.5622,0.6419,1,0,0,0,0,3.2152
8.0175,178.9807,0.0864,102.9898,0.0485,0.1746,0.0485,0.0015,-0.7300,271.6845,-0.0891,-0.0714,0.3001,0.3509,0.0000,0.0000,0.0000,0.5447,0.6419,1,0,0,0,0,3.2146
8.0702,178.9796,0.0864,102.9897,0.0014,0.0049,0.0002,0.0013,-0.8958,271.6765,-0.1525,-0.0714,0.2375,0.3509,0.0000,0.0000,0.0000,0.4814,0.6419,1,0,0,0,0,3.2181
8.1298,178.9795,0.0864,102.9895,0.0009,0.0032,0.0000,0.0009,-0.0078,271.6699,-0.1111,-0.0714,0.1594,0.3509,0.0000,0.0000,0.0000,0.3964,0.6419,1,0,0,0,0,3.2158
8.1858,178.9795,0.0864,102.9894,0.0006,0.0021,-0.0001,0.0006,-0.0055,271.6671,-0.0490,-0.0714,0.0851,0.3509,0.0000,0.0000,0.0000,0.2892,0.6419,1,0,0,0,0,3.2124
8.2519,178.9795,0.0864,102.9894,0.0003,0.0011,-0.0001,0.0003,-0.0040,271.6650,-0.0319,-0.0714,0.0440,0.3509,0.0000,0.0000,0.0000,0.1742,0.6419,1,0,0,0,0,3.2114
8.3022,178.9795,0.0864,102.9893,0.0002,0.0006,0.0000,0.0002,-0.0029,271.6642,-0.0158,-0.0714,-0.0088,0.3509,0.0000,0.0000,0.0000,0.1089,0.6419,1,0,0,0,0,3.2105
8.3609,178.9795,0.0864,102.9893,0.0000,0.0002,0.0000,0.0000,-0.0021,271.6638,-0.0083,-0.0714,-0.0655,0.3509,0.0000,0.0000,0.0000,0.0537,0.6419,1,0,0,0,0,3.2101
8.4175,178.9795,0.0864,102.9893,0.0002,0.0007,0.0000,0.0002,0.0025,271.6641,0.0054,-0.0714,-0.0968,0.3509,0.0000,0.0000,0.0000,0.0298,0.6419,1,0,0,0,0,3.2099
8.4720,178.9795,0.0864,102.9893,0.0001,0.0005,0.0000,0.0001,-0.0010,271.6647,0.0123,-0.0714,-0.1104,0.3509,0.0000,0.0000,0.0000,0.0166,0.6419,1,0,0,0,0,3.2103
8.5278,178.9795,0.0864,102.9894,0.0001,0.0004,0.0000,0.0001,-0.0005,271.6653,0.0099,-0.0714,-0.1300,0.3509,0.0000,0.0000,0.0000,0.0092,0.6419,1,0,0,0,0,3.2102
8.5788,178.9795,0.0864,102.9894,0.0001,0.0003,0.0000,0.0001,-0.0003,271.6656,0.0072,-0.0714,-0.1300,0.3509,0.0000,0.0000,0.0000,0.0057,0.6419,1,0,0,0,0,3.2100
8.6306,178.9795,0.0864,102.9894,0.0001,0.0003,0.0000,0.0001,-0.0002,271.6660,0.0077,-0.0714,-0.1300,0.3509,0.0000,0.0000,0.0000,0.0032,0.6419,1,0,0,0,0,3.2101
8.6854,178.9795,0.0864,102.9894,0.0001,0.0003,0.0000,0.0001,-0.0001,271.6664,0.0061,-0.0714,-0.1300,0.3509,0.0000,0.0000,0.0000,0.0018,0.6419,1,0,0,0,0,3.2100
8.7440,178.9795,0.0864,102.9894,0.0001,0.0003,0.0000,0.0001,-0.0001,271.6667,0.0052,-0.0714,-0.1300,0.3509,0.0000,0.0000,0.0000,0.0010,0.6419,1,0,0,0,0,3.2099
8.8041,178.9795,0.0864,102.9894,0.0001,0.0002,0.0000,0.0001,0.0000,271.6671,0.0076,-0.0714,-0.1300,0.3509,0.0000,0.0000,0.0000,0.0005,0.6419,1,0,0,0,0,3.2101
8.8763,178.9795,0.0864,102.9893,0.0001,0.0002,0.0000,0.0001,0.0000,271.6677,0.0072,-0.0714,-0.1300,0.3509,0.0000,0.0000,0.0000,0.0002,0.6419,1,0,0,0,0,3.2100
8.9297,178.9795,0.0864,102.9894,0.0001,0.0002,0.0000,0.0001,0.0000,271.6681,0.0080,-0.0714,-0.1300,0.3509,0.0000,0.0000,0.0000,0.0001,0.6419,1,0,0,0,0,3.2101
8.9838,178.9795,0.0864,102.9894,0.0001,0.0002,0.0000,0.0001,0.0000,271.6685,0.0079,-0.0714,-0.1300,0.3509,0.0000,0.0000,0.0000,0.0001,0.6419,1,0,0,0,0,3.2101
9.0415,178.9795,0.0864,102.9894,0.0001,0.0002,0.0000,0.0001,0.0000,271.6689,0.0069,-0.0714,-0.1065,0.3509,0.0000,0.0000,0.0000,0.0000,0.6419,1,0,0,0,0,3.2100
9.0938,178.9795,0.0864,102.9894,0.0001,0.0002,0.0000,0.0001,0.0000,271.6693,0.0064,-0.0714,-0.0655,0.3509,0.0000,0.0000,0.0000,0.0000,0.6419,1,0,0,0,0,3.2100
9.1472,178.9795,0.0864,102.9894,0.0001,0.0002,0.0000,0.0001,0.0000,271.6696,0.0057,-0.0714,-0.0401,0.3509,0.0000,0.0000,0.0000,0.0000,0.6419,1,0,0,0,0,3.2100
9.2033,178.9795,0.0864,102.9894,0.0001,0.0002,0.0000,0.0001,0.0000,271.6698,0.0043,-0.0714,-0.0342,0.3509,0.0000,0.0000,0.0000,0.0000,0.6419,1,0,0,0,0,3.2099
9.2583,178.9795,0.0864,102.9894,0.0001,0.0002,0.0000,0.0001,0.0000,271.6700,0.0039,-0.0714,-0.0342,0.3509,0.0000,0.0000,0.0000,0.0000,0.6419,1,0,0,0,0,3.2098
9.3127,178.9795,0.0864,102.9894,0.0001,0.0002,0.0000,0.0001,0.0000,271.6702,0.0034,-0.0714,-0.0342,0.3509,0.0000,0.0000,0.0000,0.0000,0.6419,1,0,0,0,0,3.2098
9.3651,178.9795,0.0864,102.9894,0.0001,0.0002,0.0000,0.0001,0.0000,271.6704,0.0041,-0.0714,-0.0459,0.3509,0.0000,0.0000,0.0000,0.0000,0.6419,1,0,0,0,0,3.2099
9.4221,178.9795,0.0864,102.9894,0.0001,0.0002,0.0000,0.0001,0.0000,271.6707,0.0043,-0.0714,-0.0674,0.3509,0.0000,0.0000,0.0000,0.0000,0.6419,1,0,0,0,0,3.2099
9.4829,178.9795,0.0864,102.9893,0.0001,0.0002,0.0000,0.0001,0.0000,271.6709,0.0045,-0.0714,-0.0889,0.3509,0.0000,0.0000,0.0000,0.0000,0.6419,1,0,0,0,0,3.2099
9.5356,178.9795,0.0864,102.9894,0.0001,0.0002,0.0000,0.0001,0.0000,271.6712,0.0052,-0.0714,-0.1046,0.3509,0.0000,0.0000,0.0000,0.0000,0.6419,1,0,0,0,0,3.2099
9.5963,178.9795,0.0864,102.9894,0.0001,0.0002,0.0000,0.0001,0.0000,271.6714,0.0040,-0.0714,-0.1104,0.3509,0.0000,0.0000,0.0000,0.0000,0.6419,1,0,0,0,0,3.2099
9.6567,178.9795,0.0864,102.9894,0.0001,0.0002,0.0000,0.0001,0.0000,271.6717,0.0040,-0.0714,-0.1104,0.3509,0.0000,0.0000,0.0000,0.0000,0.6419,1,0,0,0,0,3.2099
9.7070,178.9795,0.0864,102.9894,0.0001,0.0002,0.0000,0.0001,0.0000,271.6720,0.0055,-0.0714,-0.1104,0.3509,0.0000,0.0000,0.0000,0.0000,0.6419,1,0,0,0,0,3.2099
9.7573,178.9795,0.0864,102.9894,0.0001,0.0002,0.0000,0.0001,0.0000,271.6722,0.0055,-0.0714,-0.1104,0.3509,0.0000,0.0000,0.0000,0.0000,0.6419,1,0,0,0,0,3.2099
9.8074,178.9795,0.0864,102.9894,0.0001,0.0002,0.0000,0.0001,0.0000,271.6725,0.0049,-0.0714,-0.1104,0.3509,0.0000,0.0000,0.0000,0.0000,0.6419,1,0,0,0,0,3.2099
9.8723,178.9795,0.0864,102.9893,0.0001,0.0002,0.0000,0.0001,0.0000,271.6729,0.0056,-0.0714,-0.1104,0.3509,0.0000,0.0000,0.0000,0.0000,0.6419,1,0,0,0,0,3.2099
9.9246,178.9795,0.0864,102.9894,0.0001,0.0002,0.0000,0.0001,0.0000,271.6732,0.0058,-0.0714,-0.1104,0.3509,0.0000,0.0000,0.0000,0.0000,0.6419,1,0,0,0,0,3.2100
9.9760,178.9795,0.0864,102.9894,0.0001,0.0002,0.0000,0.0001,0.0000,271.6734,0.0048,-0.0714,-0.1104,0.3509,0.0000,0.0000,0.0000,0.0000,0.6419,1,0,0,0,0,3.2099
10.0277,178.9795,0.0864,102.9893,0.0001,0.0002,0.0000,0.0001,0.0000,271.6737,0.0059,-0.0714,-0.1104,0.3509,0.0000,0.0000,0.0000,0.0000,0.6419,1,0,0,0,0,3.2100
10.0880,178.9795,0.0864,102.9894,0.0001,0.0002,0.0000,0.0001,0.0000,271.6740,0.0051,-0.0714,-0.1104,0.3509,0.0000,0.0000,0.0000,0.0000,0.6419,1,0,0,0,0,3.2099
10.1420,178.9795,0.0864,102.9894,0.0001,0.0002,0.0000,0.0001,0.0000,271.6743,0.0057,-0.0714,-0.1104,0.3509,0.0000,0.0000,0.0000,0.0000,0.6419,1,0,0,0,0,3.2099
10.1992,178.9795,0.0864,102.9894,0.0001,0.0002,0.0000,0.0001,0.0000,271.6746,0.0053,-0.0714,-0.1104,0.3509,0.0000,0.0000,0.0000,0.0000,0.6419,1,0,0,0,0,3.2099
10.2605,178.9795,0.0864,102.9894,0.0001,0.0002,0.0000,0.0001,0.0000,271.6750,0.0060,-0.0714,-0.1104,0.3509,0.0000,0.0000,0.0000,0.0000,0.6419,1,0,0,0,0,3.2100
10.3218,178.9795,0.0864,102.9894,0.0001,0.0002,0.0000,0.0001,0.0000,271.6753,0.0050,-0.0714,-0.1104,0.3509,0.0000,0.0000,0.0000,0.0000,0.6419,1,0,0,0,0,3.2099
10.3855,178.9795,0.0864,102.9893,0.0001,0.0002,0.0000,0.0001,0.0000,271.6757,0.0057,-0.0714,-0.1104,0.3509,0.0000,0.0000,0.0000,0.0000,0.6419,1,0,0,0,0,3.2100
10.4401,178.9795,0.0864,102.9894,0.0001,0.0002,0.0000,0.0001,0.0000,271.6760,0.0056,-0.0714,-0.1104,0.3509,0.0000,0.0000,0.0000,0.0000,0.6419,1,0,0,0,0,3.2099
10.4945,178.9795,0.0864,102.9893,0.0001,0.0002,0.0000,0.0001,0.0000,271.6763,0.0056,-0.0714,-0.1104,0.3509,0.0000,0.0000,0.0000,0.0000,0.6419,1,0,0,0,0,3.2099
10.5558,178.9795,0.0864,102.9894,0.0001,0.0002,0.0000,0.0001,0.0000,271.6766,0.0050,-0.0714,-0.1104,0.3509,0.0000,0.0000,0.0000,0.0000,0.6419,1,0,0,0,0,3.2099
10.6079,178.9795,0.0864,102.9894,0.0001,0.0002,0.0000,0.0001,0.0000,271.6769,0.0059,-0.0714,-0.1104,0.3509,0.0000,0.0000,0.0000,0.0000,0.6419,1,0,0,0,0,3.2100
10.6588,178.9795,0.0864,102.9893,0.0001,0.0002,0.0000,0.0001,0.0000,271.6772,0.0060,-0.0714,-0.1104,0.3509,0.0000,0.0000,0.0000,0.0000,0.6419,1,0,0,0,0,3.2100
10.7179,178.9795,0.0864,102.9894,0.0001,0.0002,0.0000,0.0001,0.0000,271.6776,0.0062,-0.0714,-0.1104,0.3509,0.0000,0.0000,0.0000,0.0000,0.6419,1,0,0,0,0,3.2100
10.7700,178.9795,0.0864,102.9894,0.0001,0.0002,0.0000,0.0001,0.0000,271.6779,0.0059,-0.0714,-0.1104,0.3509,0.0000,0.0000,0.0000,0.0000,0.6419,1,0,0,0,0,3.2100
10.8390,178.9795,0.0864,102.9894,0.0001,0.0002,0.0000,0.0001,0.0000,271.6783,0.0066,-0.0714,-0.1104,0.3509,0.0000,0.0000,0.0000,0.0000,0.6419,1,0,0,0,0,3.2100
10.8949,178.9795,0.0864,102.9894,0.0001,0.0002,0.0000,0.0001,0.0000,271.6788,0.0082,-0.0714,-0.1104,0.3509,0.0000,0.0000,0.0000,0.0000,0.6419,1,0,0,0,0,3.2101
10.9528,178.9795,0.0864,102.9894,0.0001,0.0002,0.0000,0.0001,0.0000,271.6792,0.0074,-0.0714,-0.1104,0.3509,0.0000,0.0000,0.0000,0.0000,0.6419,1,0,0,0,0,3.2100
11.0038,178.9795,0.0864,102.9894,0.0001,0.0002,0.0000,0.0001,0.0000,271.6796,0.0072,-0.0714,-0.1104,0.3509,0.0000,0.0000,0.0000,0.0000,0.6419,1,0,0,0,0,3.2100
11.0570,178.9795,0.0864,102.9894,0.0001,0.0002,0.0000,0.0001,0.0000,271.6800,0.0080,-0.0714,-0.1104,0.3509,0.0000,0.0000,0.0000,0.0000,0.6419,1,0,0,0,0,3.2101
11.1075,178.9795,0.0864,102.9894,0.0001,0.0002,0.0000,0.0001,0.0000,271.6802,0.0048,-0.0714,-0.1104,0.3509,0.0000,0.0000,0.0000,0.0000,0.6419,1,0,0,0,0,3.2099
11.1689,178.9795,0.0864,102.9893,0.0001,0.0002,0.0000,0.0001,0.0000,271.6805,0.0050,-0.0714,-0.1104,0.3509,0.0000,0.0000,0.0000,0.0000,0.6419,1,0,0,0,0,3.2099
11.2266,178.9795,0.0864,102.9894,0.0001,0.0002,0.0000,0.0001,0.0000,271.6808,0.0053,-0.0714,-0.1104,0.3509,0.0000,0.0000,0.0000,0.0000,0.6419,1,0,0,0,0,3.2099
11.2900,178.9795,0.0864,102.9894,0.0001,0.0002,0.0000,0.0001,0.0000,271.6812,0.0048,-0.0714,-0.1104,0.3509,0.0000,0.0000,0.0000,0.0000,0.6419,1,0,0,0,0,3.2099
11.3573,178.9795,0.0864,102.9894,0.0001,0.0002,0.0000,0.0001,0.0000,271.6814,0.0041,-0.0714,-0.1104,0.3509,0.0000,0.0000,0.0000,0.0000,0.6419,1,0,0,0,0,3.2099
11.4119,178.9795,0.0864,102.9894,0.0001,0.0002,0.0000,0.0001,0.0000,271.6817,0.0050,-0.0714,-0.1104,0.3509,0.0000,0.0000,0.0000,0.0000,0.6419,1,0,0,0,0,3.2099
11.4690,178.9795,0.0864,102.9894,0.0001,0.0002,0.0000,0.0001,0.0000,271.6820,0.0053,-0.0714,-0.1104,0.3509,0.0000,0.0000,0.0000,0.0000,0.6419,1,0,0,0,0,3.2099
11.5199,178.9795,0.0864,102.9894,0.0001,0.0002,0.0000,0.0001,0.0000,271.6822,0.0036,-0.0714,-0.1104,0.3509,0.0000,0.0000,0.0000,0.0000,0.6419,1,0,0,0,0,3.2098
11.5703,178.9795,0.0864,102.9893,0.0001,0.0002,0.0000,0.0001,0.0000,271.6825,0.0055,-0.0714,-0.1104,0.3509,0.0000,0.0000,0.0000,0.0000,0.6419,1,0,0,0,0,3.2099
11.6213,178.9795,0.0864,102.9894,0.0001,0.0002,0.0000,0.0001,0.0000,271.6826,0.0036,-0.0714,-0.1104,0.3509,0.0000,0.0000,0.0000,0.0000,0.6419,1,0,0,0,0,3.2098
11.6823,178.9795,0.0864,102.9894,0.0001,0.0002,0.0000,0.0001,0.0000,271.6830,0.0055,-0.0714,-0.1104,0.3509,0.0000,0.0000,0.0000,0.0000,0.6419,1,0,0,0,0,3.2099
11.7343,178.9795,0.0864,102.9894,0.0001,0.0002,0.0000,0.0001,0.0000,271.6832,0.0047,-0.0714,-0.1104,0.3509,0.0000,0.0000,0.0000,0.0000,0.6419,1,0,0,0,0,3.2099
11.7945,178.9795,0.0864,102.9894,0.0001,0.0002,0.0000,0.0001,0.0000,271.6835,0.0046,-0.0714,-0.1104,0.3509,0.0000,0.0000,0.0000,0.0000,0.6419,1,0,0,0,0,3.2099
11.8489,178.9795,0.0864,102.9893,0.0001,0.0002,0.0000,0.0001,0.0000,271.6838,0.0062,-0.0714,-0.1104,0.3509,0.0000,0.0000,0.0000,0.0000,0.6419,1,0,0,0,0,3.2100
11.9053,178.9795,0.0864,102.9894,0.0001,0.0002,0.0000,0.0001,0.0000,271.6842,0.0070,-0.0714,-0.1104,0.3509,0.0000,0.0000,0.0000,0.0000,0.6419,1,0,0,0,0,3.2100
11.9653,178.9795,0.0864,102.9894,0.0001,0.0002,0.0000,0.0001,0.0000,271.6846,0.0056,-0.0714,-0.1104,0.3509,0.0000,0.0000,0.0000,0.0000,0.6419,1,0,0,0,0,3.2099
12.0222,178.9795,0.0864,102.9894,0.0001,0.0002,0.0000,0.0001,0.0000,271.6849,0.0064,-0.0714,-0.1104,0.3509,0.0000,0.0000,0.0000,0.0000,0.6419,1,0,0,0,0,3.2100
12.0762,178.9795,0.0864,102.9894,0.0001,0.0002,0.0000,0.0001,0.0000,271.6852,0.0045,-0.0714,-0.1104,0.3509,0.0000,0.0000,0.0000,0.0000,0.6419,1,0,0,0,0,3.2099
12.1320,178.9795,0.0864,102.9894,0.0001,0.0002,0.0000,0.0001,0.0000,271.6855,0.0055,-0.0714,-0.1104,0.3509,0.0000,0.0000,0.0000,0.0000,0.6419,1,0,0,0,0,3.2099
12.1836,178.9795,0.0864,102.9894,0.0001,0.0002,0.0000,0.0001,0.0000,271.6858,0.0059,-0.0714,-0.1104,0.3509,0.0000,0.0000,0.0000,0.0000,0.6419,1,0,0,0,0,3.2100
12.2353,178.9795,0.0864,102.9894,0.0001,0.0002,0.0000,0.0001,0.0000,271.6861,0.0065,-0.0714,-0.1104,0.3509,0.0000,0.0000,0.0000,0.0000,0.6419,1,0,0,0,0,3.2100
12.2955,178.9795,0.0864,102.9894,0.0001,0.0002,0.0000,0.0001,0.0000,271.6865,0.0056,-0.0714,-0.1104,0.3509,0.0000,0.0000,0.0000,0.0000,0.6419,1,0,0,0,0,3.2099
12.3536,178.9795,0.0864,102.9894,0.0001,0.0002,0.0000,0.0001,0.0000,271.6868,0.0053,-0.0714,-0.1104,0.3509,0.0000,0.0000,0.0000,0.0000,0.6419,1,0,0,0,0,3.2099
12.4041,178.9795,0.0864,102.9894,0.0001,0.0002,0.0000,0.0001,0.0000,271.6871,0.0060,-0.0714,-0.1104,0.3509,0.0000,0.0000,0.0000,0.0000,0.6419,1,0,0,0,0,3.2100
12.4596,178.9795,0.0864,102.9893,0.0001,0.0002,0.0000,0.0001,0.0000,271.6874,0.0055,-0.0714,-0.1104,0.3509,0.0000,0.0000,0.0000,0.0000,0.6419,1,0,0,0,0,3.2099
12.5186,178.9795,0.0864,102.9894,0.0001,0.0002,0.0000,0.0001,0.0000,271.6877,0.0052,-0.0714,-0.1104,0.3509,0.0000,0.0000,0.0000,0.0000,0.6419,1,0,0,0,0,3.2099
12.5729,178.9795,0.0864,102.9894,0.0001,0.0002,0.0000,0.0001,0.0000,271.6880,0.0056,-0.0714,-0.1104,0.3509,0.0000,0.0000,0.0000,0.0000,0.6419,1,0,0,0,0,3.2099
12.6261,178.9795,0.0864,102.9894,0.0001,0.0002,0.0000,0.0001,0.0000,271.6883,0.0057,-0.0714,-0.1104,0.3509,0.0000,0.0000,0.0000,0.0000,0.6419,1,0,0,0,0,3.2100
12.6867,178.9795,0.0864,102.9894,0.0001,0.0002,0.0000,0.0001,0.0000,271.6886,0.0050,-0.0714,-0.1104,0.3509,0.0000,0.0000,0.0000,0.0000,0.6419,1,0,0,0,0,3.2099
12.7479,178.9795,0.0864,102.9893,0.0001,0.0002,0.0000,0.0001,0.0000,271.6890,0.0060,-0.0714,-0.1104,0.3509,0.0000,0.0000,0.0000,0.0000,0.6419,1,0,0,0,0,3.2100
12.8074,178.9795,0.0864,102.9894,0.0001,0.0002,0.0000,0.0001,0.0000,271.6893,0.0062,-0.0714,-0.1104,0.3509,0.0000,0.0000,0.0000,0.0000,0.6419,1,0,0,0,0,3.2100
12.8603,178.9795,0.0864,102.9894,0.0001,0.0002,0.0000,0.0001,0.0000,271.6898,0.0086,-0.0714,-0.1104,0.3509,0.0000,0.0000,0.0000,0.0000,0.6419,1,0,0,0,0,3.2101
12.9131,178.9795,0.0864,102.9894,0.0001,0.0002,0.0000,0.0001,0.0000,271.6902,0.0075,-0.0714,-0.1104,0.3509,0.0000,0.0000,0.0000,0.0000,0.6419,1,0,0,0,0,3.2101
12.9670,178.9795,0.0864,102.9894,0.0001,0.0002,0.0000,0.0001,0.0000,271.6906,0.0074,-0.0714,-0.1104,0.3509,0.0000,0.0000,0.0000,0.0000,0.6419,1,0,0,0,0,3.2100
13.0220,178.9795,0.0864,102.9894,0.0001,0.0002,0.0000,0.0001,0.0000,271.6910,0.0072,-0.0714,-0.1104,0.3509,0.0000,0.0000,0.0000,0.0000,0.6419,1,0,0,0,0,3.2100
13.0754,178.9795,0.0864,102.9894,0.0001,0.0002,0.0000,0.0001,0.0000,271.6912,0.0046,-0.0714,-0.1104,0.3509,0.0000,0.0000,0.0000,0.0000,0.6419,1,0,0,0,0,3.2099
13.1259,178.9795,0.0864,102.9894,0.0001,0.0002,0.0000,0.0001,0.0000,271.6915,0.0048,-0.0714,-0.1104,0.3509,0.0000,0.0000,0.0000,0.0000,0.6419,1,0,0,0,0,3.2099
13.1844,178.9795,0.0864,102.9894,0.0001,0.0002,0.0000,0.0001,0.0000,271.6917,0.0042,-0.0714,-0.1104,0.3509,0.0000,0.0000,0.0000,0.0000,0.6419,1,0,0,0,0,3.2099
13.2360,178.9795,0.0864,102.9894,0.0001,0.0002,0.0000,0.0001,0.0000,271.6920,0.0047,-0.0714,-0.1104,0.3509,0.0000,0.0000,0.0000,0.0000,0.6419,1,0,0,0,0,3.2099
13.2883,178.9795,0.0864,102.9894,0.0001,0.0002,0.0000,0.0001,0.0000,271.6922,0.0047,-0.0714,-0.1104,0.3509,0.0000,0.0000,0.0000,0.0000,0.6419,1,0,0,0,0,3.2099
13.3394,178.9795,0.0864,102.9894,0.0001,0.0002,0.0000,0.0001,0.0000,271.6924,0.0048,-0.0714,-0.1104,0.3509,0.0000,0.0000,0.0000,0.0000,0.6419,1,0,0,0,0,3.2099
13.4133,178.9795,0.0864,102.9894,0.0001,0.0002,0.0000,0.0001,0.0000,271.6928,0.0045,-0.0714,-0.1104,0.3509,0.0000,0.0000,0.0000,0.0000,0.6419,1,0,0,0,0,3.2099
13.4637,178.9795,0.0864,102.9894,0.0001,0.0002,0.0000,0.0001,0.0000,271.6930,0.0036,-0.0714,-0.1104,0.3509,0.0000,0.0000,0.0000,0.0000,0.6419,1,0,0,0,0,3.2098
13.5229,178.9795,0.0864,102.9894,0.0001,0.0002,0.0000,0.0001,0.0000,271.6932,0.0046,-0.0714,-0.1104,0.3509,0.0000,0.0000,0.0000,0.0000,0.6419,1,0,0,0,0,3.2099
13.5778,178.9795,0.0864,102.9894,0.0001,0.0002,0.0000,0.0001,0.0000,271.6935,0.0044,-0.0714,-0.1104,0.3509,0.0000,0.0000,0.0000,0.0000,0.6419,1,0,0,0,0,3.2099
13.6328,178.9795,0.0864,102.9894,0.0001,0.0002,0.0000,0.0001,0.0000,271.6938,0.0055,-0.0714,-0.1104,0.3509,0.0000,0.0000,0.0000,0.0000,0.6419,1,0,0,0,0,3.2099
13.6921,178.9795,0.0864,102.9894,0.0001,0.0002,0.0000,0.0001,0.0000,271.6940,0.0041,-0.0714,-0.1104,0.3509,0.0000,0.0000,0.0000,0.0000,0.6419,1,0,0,0,0,3.2099
13.7467,178.9795,0.0864,102.9893,0.0001,0.0002,0.0000,0.0001,0.0000,271.6943,0.0045,-0.0714,-0.1104,0.3509,0.0000,0.0000,0.0000,0.0000,0.6419,1,0,0,0,0,3.2099
13.8074,178.9795,0.0864,102.9894,0.0001,0.0002,0.0000,0.0001,0.0000,271.6945,0.0040,-0.0714,-0.1104,0.3509,0.0000,0.0000,0.0000,0.0000,0.6419,1,0,0,0,0,3.2099
13.8577,178.9795,0.0864,102.9894,0.0001,0.0002,0.0000,0.0001,0.0000,271.6949,0.0073,-0.0714,-0.1104,0.3509,0.0000,0.0000,0.0000,0.0000,0.6419,1,0,0,0,0,3.2100
13.9253,178.9795,0.0864,102.9894,0.0001,0.0002,0.0000,0.0001,0.0000,271.6953,0.0068,-0.0714,-0.1104,0.3509,0.0000,0.0000,0.0000,0.0000,0.6419,1,0,0,0,0,3.2100
13.9768,178.9795,0.0864,102.9894,0.0001,0.0002,0.0000,0.0001,0.0000,271.6956,0.0059,-0.0714,-0.1104,0.3509,0.0000,0.0000,0.0000,0.0000,0.6419,1,0,0,0,0,3.2100
14.0348,178.9795,0.0864,102.9894,0.0001,0.0002,0.0000,0.0001,0.0000,271.6960,0.0058,-0.0714,-0.1104,0.3509,0.0000,0.0000,0.0000,0.0000,0.6419,1,0,0,0,0,3.2100
14.0860,178.9795,0.0864,102.9894,0.0001,0.0002,0.0000,0.0001,0.0000,271.6963,0.0060,-0.0714,-0.1104,0.3509,0.0000,0.0000,0.0000,0.0000,0.6419,1,0,0,0,0,3.2100
14.1478,178.9795,0.0864,102.9894,0.0001,0.0002,0.0000,0.0001,0.0000,271.6966,0.0054,-0.0714,-0.1104,0.3509,0.0000,0.0000,0.0000,0.0000,0.6419,1,0,0,0,0,3.2099
14.1994,178.9795,0.0864,102.9893,0.0001,0.0002,0.0000,0.0001,0.0000,271.6970,0.0065,-0.0714,-0.1104,0.3509,0.0000,0.0000,0.0000,0.0000,0.6419,1,0,0,0,0,3.2100
14.2562,178.9795,0.0864,102.9893,0.0001,0.0002,0.0000,0.0001,0.0000,271.6973,0.0054,-0.0714,-0.1104,0.3509,0.0000,0.0000,0.0000,0.0000,0.6419,1,0,0,0,0,3.2099
14.3093,178.9795,0.0864,102.9894,0.0001,0.0002,0.0000,0.0001,0.0000,271.6976,0.0063,-0.0714,-0.1104,0.3509,0.0000,0.0000,0.0000,0.0000,0.6419,1,0,0,0,0,3.2100
14.3600,178.9795,0.0864,102.9893,0.0001,0.0002,0.0000,0.0001,0.0000,271.6979,0.0054,-0.0714,-0.1104,0.3509,0.0000,0.0000,0.0000,0.0000,0.6419,1,0,0,0,0,3.2099
14.4340,178.9795,0.0864,102.9894,0.0001,0.0002,0.0000,0.0001,0.0000,271.6983,0.0058,-0.0714,-0.1104,0.3509,0.0000,0.0000,0.0000,0.0000,0.6419,1,0,0,0,0,3.2100
14.4841,178.9795,0.0864,102.9894,0.0001,0.0002,0.0000,0.0001,0.0000,271.6986,0.0055,-0.0714,-0.1104,0.3509,0.0000,0.0000,0.0000,0.0000,0.6419,1,0,0,0,0,3.2099
14.5348,178.9795,0.0864,102.9893,0.0001,0.0002,0.0000,0.0001,0.0000,271.6989,0.0066,-0.0714,-0.1104,0.3509,0.0000,0.0000,0.0000,0.0000,0.6419,1,0,0,0,0,3.2100
14.5883,178.9795,0.0864,102.9894,0.0001,0.0002,0.0000,0.0001,0.0000,271.6992,0.0057,-0.0714,-0.1104,0.3509,0.0000,0.0000,0.0000,0.0000,0.6419,1,0,0,0,0,3.2100
14.6383,178.9795,0.0864,102.9894,0.0001,0.0002,0.0000,0.0001,0.0000,271.6995,0.0055,-0.0714,-0.1104,0.3509,0.0000,0.0000,0.0000,0.0000,0.6419,1,0,0,0,0,3.2099
14.6927,178.9795,0.0864,102.9894,0.0001,0.0002,0.0000,0.0001,0.0000,271.6998,0.0062,-0.0714,-0.1104,0.3509,0.0000,0.0000,0.0000,0.0000,0.6419,1,0,0,0,0,3.2100
14.7526,178.9795,0.0864,102.9894,0.0001,0.0002,0.0000,0.0001,0.0000,271.7003,0.0082,-0.0714,-0.1104,0.3509,0.0000,0.0000,0.0000,0.0000,0.6419,1,0,0,0,0,3.2101
14.8134,178.9795,0.0864,102.9894,0.0001,0.0002,0.0000,0.0001,0.0000,271.7008,0.0075,-0.0714,-0.1104,0.3509,0.0000,0.0000,0.0000,0.0000,0.6419,1,0,0,0,0,3.2101
14.8761,178.9795,0.0864,102.9894,0.0001,0.0002,0.0000,0.0001,0.0000,271.7013,0.0078,-0.0714,-0.1104,0.3509,0.0000,0.0000,0.0000,0.0000,0.6419,1,0,0,0,0,3.2101
14.9480,178.9795,0.0864,102.9894,0.0001,0.0002,0.0000,0.0001,0.0000,271.7017,0.0064,-0.0714,-0.1104,0.3509,0.0000,0.0000,0.0000,0.0000,0.6419,1,0,0,0,0,3.2100
14.9994,178.9795,0.0864,102.9894,0.0001,0.0002,0.0000,0.0001,0.0000,271.7021,0.0065,-0.0714,-0.1104,0.3509,0.0000,0.0000,0.0000,0.0000,0.6419,1,0,0,0,0,3.2100
15.0594,178.9795,0.0864,102.9894,0.0001,0.0002,0.0000,0.0001,0.0000,271.7024,0.0051,-0.0714,-0.1104,0.3509,0.0000,0.0000,0.0000,0.0000,0.6419,1,0,0,0,0,3.2099
15.1224,178.9795,0.0864,102.9894,0.0001,0.0002,0.0000,0.0001,0.0000,271.7027,0.0048,-0.0714,-0.1104,0.3509,0.0000,0.0000,0.0000,0.0000,0.6419,1,0,0,0,0,3.2099
15.1779,178.9795,0.0864,102.9893,0.0001,0.0002,0.0000,0.0001,0.0000,271.7029,0.0039,-0.0714,-0.1104,0.3509,0.0000,0.0000,0.0000,0.0000,0.6419,1,0,0,0,0,3.2098
15.2286,178.9795,0.0864,102.9894,0.0001,0.0002,0.0000,0.0001,0.0000,271.7031,0.0048,-0.0714,-0.1104,0.3509,0.0000,0.0000,0.0000,0.0000,0.6419,1,0,0,0,0,3.2099
15.2815,178.9795,0.0864,102.9893,0.0001,0.0002,0.0000,0.0001,0.0000,271.7034,0.0058,-0.0714,-0.1104,0.3509,0.0000,0.0000,0.0000,0.0000,0.6419,1,0,0,0,0,3.2100
15.3407,178.9795,0.0864,102.9894,0.0001,0.0002,0.0000,0.0001,0.0000,271.7037,0.0052,-0.0714,-0.1104,0.3509,0.0000,0.0000,0.0000,0.0000,0.6419,1,0,0,0,0,3.2099
15.3988,178.9795,0.0864,102.9894,0.0001,0.0002,0.0000,0.0001,0.0000,271.7040,0.0042,-0.0714,-0.1104,0.3509,0.0000,0.0000,0.0000,0.0000,0.6419,1,0,0,0,0,3.2099
15.4595,178.9795,0.0864,102.9894,0.0001,0.0002,0.0000,0.0001,0.0000,271.7042,0.0040,-0.0714,-0.1104,0.3509,0.0000,0.0000,0.0000,0.0000,0.6419,1,0,0,0,0,3.2099
15.5099,178.9795,0.0864,102.9894,0.0001,0.0002,0.0000,0.0001,0.0000,271.7044,0.0042,-0.0714,-0.1104,0.3509,0.0000,0.0000,0.0000,0.0000,0.6419,1,0,0,0,0,3.2099
15.5677,178.9795,0.0864,102.9894,0.0001,0.0002,0.0000,0.0001,0.0000,271.7047,0.0042,-0.0714,-0.1104,0.3509,0.0000,0.0000,0.0000,0.0000,0.6419,1,0,0,0,0,3.2099
15.6189,178.9795,0.0864,102.9894,0.0001,0.0002,0.0000,0.0001,0.0000,271.7049,0.0042,-0.0714,-0.1104,0.3509,0.0000,0.0000,0.0000,0.0000,0.6419,1,0,0,0,0,3.2099
15.6764,178.9795,0.0864,102.9894,0.0001,0.0002,0.0000,0.0001,0.0000,271.7051,0.0042,-0.0714,-0.1104,0.3509,0.0000,0.0000,0.0000,0.0000,0.6419,1,0,0,0,0,3.2099
15.7293,178.9795,0.0864,102.9894,0.0001,0.0002,0.0000,0.0001,0.0000,271.7054,0.0058,-0.0714,-0.1104,0.3509,0.0000,0.0000,0.0000,0.0000,0.6419,1,0,0,0,0,3.2100
15.7814,178.9795,0.0864,102.9894,0.0001,0.0002,0.0000,0.0001,0.0000,271.7057,0.0047,-0.0714,-0.1104,0.3509,0.0000,0.0000,0.0000,0.0000,0.6419,1,0,0,0,0,3.2099
15.8399,178.9795,0.0864,102.9894,0.0001,0.0002,0.0000,0.0001,0.0000,271.7061,0.0073,-0.0714,-0.1104,0.3509,0.0000,0.0000,0.0000,0.0000,0.6419,1,0,0,0,0,3.2100
15.8947,178.9795,0.0864,102.9894,0.0001,0.0002,0.0000,0.0001,0.0000,271.7064,0.0056,-0.0714,-0.1104,0.3509,0.0000,0.0000,0.0000,0.0000,0.6419,1,0,0,0,0,3.2099
15.9461,178.9795,0.0864,102.9894,0.0001,0.0002,0.0000,0.0001,0.0000,271.7067,0.0059,-0.0714,-0.1104,0.3509,0.0000,0.0000,0.0000,0.0000,0.6419,1,0,0,0,0,3.2100
16.0006,178.9795,0.0864,102.9894,0.0001,0.0002,0.0000,0.0001,0.0000,271.7070,0.0056,-0.0714,-0.1104,0.3509,0.0000,0.0000,0.0000,0.0000,0.6419,1,0,0,0,0,3.2099
16.0569,178.9795,0.0864,102.9894,0.0001,0.0002,0.0000,0.0001,0.0000,271.7073,0.0054,-0.0714,-0.1104,0.3509,0.0000,0.0000,0.0000,0.0000,0.6419,1,0,0,0,0,3.2099
16.1089,178.9795,0.0864,102.9894,0.0001,0.0002,0.0000,0.0001,0.0000,271.7076,0.0059,-0.0714,-0.1104,0.3509,0.0000,0.0000,0.0000,0.0000,0.6419,1,0,0,0,0,3.2100
16.1602,178.9795,0.0864,102.9894,0.0001,0.0002,0.0000,0.0001,0.0000,271.7079,0.0048,-0.0714,-0.1104,0.3509,0.0000,0.0000,0.0000,0.0000,0.6419,1,0,0,0,0,3.2099
16.2139,178.9795,0.0864,102.9894,0.0001,0.0002,0.0000,0.0001,0.0000,271.7082,0.0057,-0.0714,-0.1104,0.3509,0.0000,0.0000,0.0000,0.0000,0.6419,1,0,0,0,0,3.2099
16.2712,178.9795,0.0864,102.9893,0.0001,0.0002,0.0000,0.0001,0.0000,271.7085,0.0053,-0.0714,-0.1104,0.3509,0.0000,0.0000,0.0000,0.0000,0.6419,1,0,0,0,0,3.2099
16.3217,178.9795,0.0864,102.9894,0.0001,0.0002,0.0000,0.0001,0.0000,271.7088,0.0060,-0.0714,-0.1104,0.3509,0.0000,0.0000,0.0000,0.0000,0.6419,1,0,0,0,0,3.2100
16.3778,178.9795,0.0864,102.9894,0.0001,0.0002,0.0000,0.0001,0.0000,271.7091,0.0054,-0.0714,-0.1104,0.3509,0.0000,0.0000,0.0000,0.0000,0.6419,1,0,0,0,0,3.2099
16.4288,178.9795,0.0864,102.9894,0.0001,0.0002,0.0000,0.0001,0.0000,271.7094,0.0060,-0.0714,-0.1104,0.3509,0.0000,0.0000,0.0000,0.0000,0.6419,1,0,0,0,0,3.2100
16.4853,178.9795,0.0864,102.9894,0.0001,0.0002,0.0000,0.0001,0.0000,271.7097,0.0054,-0.0714,-0.1104,0.3509,0.0000,0.0000,0.0000,0.0000,0.6419,1,0,0,0,0,3.2099
16.5414,178.9795,0.0864,102.9894,0.0001,0.0002,0.0000,0.0001,0.0000,271.7100,0.0054,-0.0714,-0.1104,0.3509,0.0000,0.0000,0.0000,0.0000,0.6419,1,0,0,0,0,3.2099
16.5966,178.9795,0.0864,102.9893,0.0001,0.0002,0.0000,0.0001,0.0000,271.7103,0.0055,-0.0714,-0.1104,0.3509,0.0000,0.0000,0.0000,0.0000,0.6419,1,0,0,0,0,3.2099
16.6467,178.9795,0.0864,102.9894,0.0001,0.0002,0.0000,0.0001,0.0000,271.7106,0.0049,-0.0714,-0.1104,0.3509,0.0000,0.0000,0.0000,0.0000,0.6419,1,0,0,0,0,3.2099
16.7002,178.9795,0.0864,102.9894,0.0001,0.0002,0.0000,0.0001,0.0000,271.7110,0.0080,-0.0714,-0.1104,0.3509,0.0000,0.0000,0.0000,0.0000,0.6419,1,0,0,0,0,3.2101
16.7518,178.9795,0.0864,102.9894,0.0001,0.0002,0.0000,0.0001,0.0000,271.7114,0.0071,-0.0714,-0.1104,0.3509,0.0000,0.0000,0.0000,0.0000,0.6419,1,0,0,0,0,3.2100
16.8094,178.9795,0.0864,102.9894,0.0001,0.0002,0.0000,0.0001,0.0000,271.7118,0.0074,-0.0714,-0.1104,0.3509,0.0000,0.0000,0.0000,0.0000,0.6419,1,0,0,0,0,3.2100
16.8626,178.9795,0.0864,102.9894,0.0001,0.0002,0.0000,0.0001,0.0000,271.7122,0.0069,-0.0714,-0.1104,0.3509,0.0000,0.0000,0.0000,0.0000,0.6419,1,0,0,0,0,3.2100
16.9150,178.9795,0.0864,102.9894,0.0001,0.0002,0.0000,0.0001,0.0000,271.7125,0.0058,-0.0714,-0.1104,0.3509,0.0000,0.0000,0.0000,0.0000,0.6419,1,0,0,0,0,3.2100
16.9668,178.9795,0.0864,102.9894,0.0001,0.0002,0.0000,0.0001,0.0000,271.7128,0.0059,-0.0714,-0.1104,0.3509,0.0000,0.0000,0.0000,0.0000,0.6419,1,0,0,0,0,3.2100
17.0243,178.9795,0.0864,102.9894,0.0001,0.0002,0.0000,0.0001,0.0000,271.7131,0.0053,-0.0714,-0.1104,0.3509,0.0000,0.0000,0.0000,0.0000,0.6419,1,0,0,0,0,3.2099
17.0785,178.9795,0.0864,102.9894,0.0001,0.0002,0.0000,0.0001,0.0000,271.7134,0.0056,-0.0714,-0.1104,0.3509,0.0000,0.0000,0.0000,0.0000,0.6419,1,0,0,0,0,3.2099
17.1293,178.9795,0.0864,102.9894,0.0001,0.0002,0.0000,0.0001,0.0000,271.7136,0.0048,-0.0714,-0.1104,0.3509,0.0000,0.0000,0.0000,0.0000,0.6419,1,0,0,0,0,3.2099
17.1869,178.9795,0.0864,102.9894,0.0001,0.0002,0.0000,0.0001,0.0000,271.7139,0.0042,-0.0714,-0.1104,0.3509,0.0000,0.0000,0.0000,0.0000,0.6419,1,0,0,0,0,3.2099
17.2489,178.9795,0.0864,102.9894,0.0001,0.0002,0.0000,0.0001,0.0000,271.7141,0.0039,-0.0714,-0.1104,0.3509,0.0000,0.0000,0.0000,0.0000,0.6419,1,0,0,0,0,3.2099
17.3017,178.9795,0.0864,102.9894,0.0001,0.0002,0.0000,0.0001,0.0000,271.7144,0.0058,-0.0714,-0.1104,0.3509,0.0000,0.0000,0.0000,0.0000,0.6419,1,0,0,0,0,3.2100
17.3599,178.9795,0.0864,102.9894,0.0001,0.0002,0.0000,0.0001,0.0000,271.7147,0.0047,-0.0714,-0.1104,0.3509,0.0000,0.0000,0.0000,0.0000,0.6419,1,0,0,0,0,3.2099
17.4217,178.9795,0.0864,102.9894,0.0001,0.0002,0.0000,0.0001,0.0000,271.7150,0.0044,-0.0714,-0.1104,0.3509,0.0000,0.0000,0.0000,0.0000,0.6419,1,0,0,0,0,3.2099
17.4747,178.9795,0.0864,102.9894,0.0001,0.0002,0.0000,0.0001,0.0000,271.7152,0.0046,-0.0714,-0.1104,0.3509,0.0000,0.0000,0.0000,0.0000,0.6419,1,0,0,0,0,3.2099
17.5276,178.9795,0.0864,102.9894,0.0001,0.0002,0.0000,0.0001,0.0000,271.7155,0.0046,-0.0714,-0.1104,0.3509,0.0000,0.0000,0.0000,0.0000,0.6419,1,0,0,0,0,3.2099
17.5943,178.9795,0.0864,102.9894,0.0001,0.0002,0.0000,0.0001,0.0000,271.7157,0.0041,-0.0714,-0.1104,0.3509,0.0000,0.0000,0.0000,0.0000,0.6419,1,0,0,0,0,3.2099
17.6447,178.9795,0.0864,102.9894,0.0001,0.0002,0.0000,0.0001,0.0000,271.7159,0.0036,-0.0714,-0.1104,0.3509,0.0000,0.0000,0.0000,0.0000,0.6419,1,0,0,0,0,3.2098
17.7053,178.9795,0.0864,102.9894,0.0001,0.0002,0.0000,0.0001,0.0000,271.7162,0.0050,-0.0714,-0.1104,0.3509,0.0000,0.0000,0.0000,0.0000,0.6419,1,0,0,0,0,3.2099
17.7557,178.9795,0.0864,102.9894,0.0001,0.0002,0.0000,0.0001,0.0000,271.7164,0.0042,-0.0714,-0.1104,0.3509,0.0000,0.0000,0.0000,0.0000,0.6419,1,0,0,0,0,3.2099
17.8149,178.9795,0.0864,102.9894,0.0001,0.0002,0.0000,0.0001,0.0000,271.7167,0.0052,-0.0714,-0.1104,0.3509,0.0000,0.0000,0.0000,0.0000,0.6419,1,0,0,0,0,3.2099
17.8715,178.9795,0.0864,102.9894,0.0001,0.0002,0.0000,0.0001,0.0000,271.7172,0.0081,-0.0714,-0.1104,0.3509,0.0000,0.0000,0.0000,0.0000,0.6419,1,0,0,0,0,3.2101
17.9256,178.9795,0.0864,102.9894,0.0001,0.0002,0.0000,0.0001,0.0000,271.7175,0.0062,-0.0714,-0.1104,0.3509,0.0000,0.0000,0.0000,0.0000,0.6419,1,0,0,0,0,3.2100
17.9859,178.9795,0.0864,102.9894,0.0001,0.0002,0.0000,0.0001,0.0000,271.7179,0.0061,-0.0714,-0.1104,0.3509,0.0000,0.0000,0.0000,0.0000,0.6419,1,0,0,0,0,3.2100
18.0385,178.9795,0.0864,102.9894,0.0001,0.0002,0.0000,0.0001,0.0000,271.7182,0.0058,-0.0714,-0.1104,0.3509,0.0000,0.0000,0.0000,0.0000,0.6419,1,0,0,0,0,3.2100
18.0964,178.9795,0.0864,102.9894,0.0001,0.0002,0.0000,0.0001,0.0000,271.7185,0.0053,-0.0714,-0.1104,0.3509,0.0000,0.0000,0.0000,0.0000,0.6419,1,0,0,0,0,3.2099
18.1552,178.9795,0.0864,102.9894,0.0001,0.0002,0.0000,0.0001,0.0000,271.7188,0.0052,-0.0714,-0.1104,0.3509,0.0000,0.0000,0.0000,0.0000,0.6419,1,0,0,0,0,3.2099
18.2145,178.9795,0.0864,102.9894,0.0001,0.0002,0.0000,0.0001,0.0000,271.7191,0.0051,-0.0714,-0.1104,0.3509,0.0000,0.0000,0.0000,0.0000,0.6419,1,0,0,0,0,3.2099
18.2661,178.9795,0.0864,102.9894,0.0001,0.0002,0.0000,0.0001,0.0000,271.7194,0.0059,-0.0714,-0.1104,0.3509,0.0000,0.0000,0.0000,0.0000,0.6419,1,0,0,0,0,3.2100
18.3240,178.9795,0.0864,102.9894,0.0001,0.0002,0.0000,0.0001,0.0000,271.7197,0.0053,-0.0714,-0.1104,0.3509,0.0000,0.0000,0.0000,0.0000,0.6419,1,0,0,0,0,3.2099
18.3751,178.9795,0.0864,102.9894,0.0001,0.0002,0.0000,0.0001,0.0000,271.7200,0.0060,-0.0714,-0.1104,0.3509,0.0000,0.0000,0.0000,0.0000,0.6419,1,0,0,0,0,3.2100
18.4255,178.9795,0.0864,102.9894,0.0001,0.0002,0.0000,0.0001,0.0000,271.7203,0.0048,-0.0714,-0.1104,0.3509,0.0000,0.0000,0.0000,0.0000,0.6419,1,0,0,0,0,3.2099
18.4778,178.9795,0.0864,102.9894,0.0001,0.0002,0.0000,0.0001,0.0000,271.7206,0.0058,-0.0714,-0.1104,0.3509,0.0000,0.0000,0.0000,0.0000,0.6419,1,0,0,0,0,3.2100
18.5419,178.9795,0.0864,102.9894,0.0001,0.0002,0.0000,0.0001,0.0000,271.7209,0.0057,-0.0714,-0.1104,0.3509,0.0000,0.0000,0.0000,0.0000,0.6419,1,0,0,0,0,3.2100
18.5951,178.9795,0.0864,102.9894,0.0001,0.0002,0.0000,0.0001,0.0000,271.7213,0.0057,-0.0714,-0.1104,0.3509,0.0000,0.0000,0.0000,0.0000,0.6419,1,0,0,0,0,3.2100
18.6550,178.9795,0.0864,102.9894,0.0001,0.0002,0.0000,0.0001,0.0000,271.7216,0.0051,-0.0714,-0.1104,0.3509,0.0000,0.0000,0.0000,0.0000,0.6419,1,0,0,0,0,3.2099
18.7136,178.9795,0.0864,102.9894,0.0001,0.0002,0.0000,0.0001,0.0000,271.7220,0.0073,-0.0714,-0.1104,0.3509,0.0000,0.0000,0.0000,0.0000,0.6419,1,0,0,0,0,3.2100
18.7706,178.9795,0.0864,102.9894,0.0001,0.0002,0.0000,0.0001,0.0000,271.7224,0.0070,-0.0714,-0.1104,0.3509,0.0000,0.0000,0.0000,0.0000,0.6419,1,0,0,0,0,3.2100
18.8272,178.9795,0.0864,102.9893,0.0001,0.0002,0.0000,0.0001,0.0000,271.7228,0.0070,-0.0714,-0.1104,0.3509,0.0000,0.0000,0.0000,0.0000,0.6419,1,0,0,0,0,3.2100
18.8838,178.9795,0.0864,102.9894,0.0001,0.0002,0.0000,0.0001,0.0000,271.7232,0.0070,-0.0714,-0.1104,0.3509,0.0000,0.0000,0.0000,0.0000,0.6419,1,0,0,0,0,3.2100
18.9356,178.9795,0.0864,102.9894,0.0001,0.0002,0.0000,0.0001,0.0000,271.7234,0.0053,-0.0714,-0.1104,0.3509,0.0000,0.0000,0.0000,0.0000,0.6419,1,0,0,0,0,3.2099
18.9887,178.9795,0.0864,102.9894,0.0001,0.0002,0.0000,0.0001,0.0000,271.7238,0.0058,-0.0714,-0.1104,0.3509,0.0000,0.0000,0.0000,0.0000,0.6419,1,0,0,0,0,3.2100
19.0634,178.9795,0.0864,102.9894,0.0001,0.0002,0.0000,0.0001,0.0000,271.7242,0.0057,-0.0714,-0.1104,0.3509,0.0000,0.0000,0.0000,0.0000,0.6419,1,0,0,0,0,3.2100
19.1198,178.9795,0.0864,102.9894,0.0001,0.0002,0.0000,0.0001,0.0000,271.7245,0.0054,-0.0714,-0.1104,0.3509,0.0000,0.0000,0.0000,0.0000,0.6419,1,0,0,0,0,3.2099
19.1707,178.9795,0.0864,102.9894,0.0001,0.0002,0.0000,0.0001,0.0000,271.7247,0.0042,-0.0714,-0.1104,0.3509,0.0000,0.0000,0.0000,0.0000,0.6419,1,0,0,0,0,3.2099
19.2260,178.9795,0.0864,102.9894,0.0001,0.0002,0.0000,0.0001,0.0000,271.7249,0.0039,-0.0714,-0.1104,0.3509,0.0000,0.0000,0.0000,0.0000,0.6419,1,0,0,0,0,3.2098
19.2769,178.9795,0.0864,102.9893,0.0001,0.0002,0.0000,0.0001,0.0000,271.7252,0.0048,-0.0714,-0.1104,0.3509,0.0000,0.0000,0.0000,0.0000,0.6419,1,0,0,0,0,3.2099
19.3274,178.9795,0.0864,102.9894,0.0001,0.0002,0.0000,0.0001,0.0000,271.7254,0.0054,-0.0714,-0.1104,0.3509,0.0000,0.0000,0.0000,0.0000,0.6419,1,0,0,0,0,3.2099
19.3890,178.9795,0.0864,102.9894,0.0001,0.0002,0.0000,0.0001,0.0000,271.7257,0.0040,-0.0714,-0.1104,0.3509,0.0000,0.0000,0.0000,0.0000,0.6419,1,0,0,0,0,3.2099
19.4495,178.9795,0.0864,102.9894,0.0001,0.0002,0.0000,0.0001,0.0000,271.7260,0.0045,-0.0714,-0.1104,0.3509,0.0000,0.0000,0.0000,0.0000,0.6419,1,0,0,0,0,3.2099
19.5004,178.9795,0.0864,102.9894,0.0001,0.0002,0.0000,0.0001,0.0000,271.7262,0.0048,-0.0714,-0.1104,0.3509,0.0000,0.0000,0.0000,0.0000,0.6419,1,0,0,0,0,3.2099
19.5725,178.9795,0.0864,102.9893,0.0001,0.0002,0.0000,0.0001,0.0000,271.7265,0.0047,-0.0714,-0.1104,0.3509,0.0000,0.0000,0.0000,0.0000,0.6419,1,0,0,0,0,3.2099
19.6233,178.9795,0.0864,102.9894,0.0001,0.0002,0.0000,0.0001,0.0000,271.7267,0.0036,-0.0714,-0.1104,0.3509,0.0000,0.0000,0.0000,0.0000,0.6419,1,0,0,0,0,3.2098
19.6746,178.9795,0.0864,102.9894,0.0001,0.0002,0.0000,0.0001,0.0000,271.7270,0.0053,-0.0714,-0.1104,0.3509,0.0000,0.0000,0.0000,0.0000,0.6419,1,0,0,0,0,3.2099
19.7276,178.9795,0.0864,102.9894,0.0001,0.0002,0.0000,0.0001,0.0000,271.7273,0.0058,-0.0714,-0.1104,0.3509,0.0000,0.0000,0.0000,0.0000,0.6419,1,0,0,0,0,3.2100
19.7785,178.9795,0.0864,102.9894,0.0001,0.0002,0.0000,0.0001,0.0000,271.7275,0.0048,-0.0714,-0.1104,0.3509,0.0000,0.0000,0.0000,0.0000,0.6419,1,0,0,0,0,3.2099
19.8296,178.9795,0.0864,102.9894,0.0001,0.0002,0.0000,0.0001,0.0000,271.7278,0.0060,-0.0714,-0.1104,0.3509,0.0000,0.0000,0.0000,0.0000,0.6419,1,0,0,0,0,3.2100
19.8895,178.9795,0.0864,102.9893,0.0001,0.0002,0.0000,0.0001,0.0000,271.7282,0.0061,-0.0714,-0.1104,0.3509,0.0000,0.0000,0.0000,0.0000,0.6419,1,0,0,0,0,3.2100
19.9400,178.9795,0.0864,102.9894,0.0001,0.0002,0.0000,0.0001,0.0000,271.7286,0.0072,-0.0714,-0.1104,0.3509,0.0000,0.0000,0.0000,0.0000,0.6419,1,0,0,0,0,3.2100
19.9908,178.9795,0.0864,102.9894,0.0001,0.0002,0.0000,0.0001,0.0000,271.7289,0.0054,-0.0714,-0.1104,0.3509,0.0000,0.0000,0.0000,0.0000,0.6419,1,0,0,0,0,3.2099
20.0505,178.9795,0.0864,102.9894,0.0001,0.0002,0.0000,0.0001,0.0000,271.7292,0.0066,-0.0714,-0.1104,0.3509,0.0000,0.0000,0.0000,0.0000,0.6419,1,0,0,0,0,3.2100
20.1060,178.9795,0.0864,102.9894,0.0001,0.0002,0.0000,0.0001,0.0000,271.7296,0.0055,-0.0714,-0.1104,0.3509,0.0000,0.0000,0.0000,0.0000,0.6419,1,0,0,0,0,3.2099
20.1588,178.9795,0.0864,102.9894,0.0001,0.0002,0.0000,0.0001,0.0000,271.7299,0.0058,-0.0714,-0.1104,0.3509,0.0000,0.0000,0.0000,0.0000,0.6419,1,0,0,0,0,3.2100
20.2203,178.9795,0.0864,102.9894,0.0001,0.0002,0.0000,0.0001,0.0000,271.7302,0.0050,-0.0714,-0.1104,0.3509,0.0000,0.0000,0.0000,0.0000,0.6419,1,0,0,0,0,3.2099
20.2731,178.9795,0.0864,102.9893,0.0001,0.0002,0.0000,0.0001,0.0000,271.7305,0.0058,-0.0714,-0.1104,0.3509,0.0000,0.0000,0.0000,0.0000,0.6419,1,0,0,0,0,3.2100
20.3352,178.9795,0.0864,102.9894,0.0001,0.0002,0.0000,0.0001,0.0000,271.7308,0.0054,-0.0714,-0.1104,0.3509,0.0000,0.0000,0.0000,0.0000,0.6419,1,0,0,0,0,3.2099
20.3857,178.9795,0.0864,102.9894,0.0001,0.0002,0.0000,0.0001,0.0000,271.7311,0.0060,-0.0714,-0.1104,0.3509,0.0000,0.0000,0.0000,0.0000,0.6419,1,0,0,0,0,3.2100
20.4450,178.9795,0.0864,102.9894,0.0001,0.0002,0.0000,0.0001,0.0000,271.7314,0.0057,-0.0714,-0.1104,0.3509,0.0000,0.0000,0.0000,0.0000,0.6419,1,0,0,0,0,3.2099
20.5055,178.9795,0.0864,102.9894,0.0001,0.0002,0.0000,0.0001,0.0000,271.7318,0.0066,-0.0714,-0.1104,0.3509,0.0000,0.0000,0.0000,0.0000,0.6419,1,0,0,0,0,3.2100
20.5559,178.9795,0.0864,102.9894,0.0001,0.0002,0.0000,0.0001,0.0000,271.7321,0.0055,-0.0714,-0.1104,0.3509,0.0000,0.0000,0.0000,0.0000,0.6419,1,0,0,0,0,3.2099
20.6130,178.9795,0.0864,102.9894,0.0001,0.0002,0.0000,0.0001,0.0000,271.7325,0.0064,-0.0714,-0.1104,0.3509,0.0000,0.0000,0.0000,0.0000,0.6419,1,0,0,0,0,3.2100
20.6632,178.9795,0.0864,102.9894,0.0001,0.0002,0.0000,0.0001,0.0000,271.7328,0.0067,-0.0714,-0.1104,0.3509,0.0000,0.0000,0.0000,0.0000,0.6419,1,0,0,0,0,3.2100
20.7226,178.9795,0.0864,102.9894,0.0001,0.0002,0.0000,0.0001,0.0000,271.7332,0.0057,-0.0714,-0.1104,0.3509,0.0000,0.0000,0.0000,0.0000,0.6419,1,0,0,0,0,3.2099
20.7823,178.9795,0.0864,102.9894,0.0001,0.0002,0.0000,0.0001,0.0000,271.7335,0.0061,-0.0714,-0.1104,0.3509,0.0000,0.0000,0.0000,0.0000,0.6419,1,0,0,0,0,3.2100
20.8410,178.9795,0.0864,102.9894,0.0001,0.0002,0.0000,0.0001,0.0000,271.7339,0.0073,-0.0714,-0.1104,0.3509,0.0000,0.0000,0.0000,0.0000,0.6419,1,0,0,0,0,3.2100
20.8929,178.9795,0.0864,102.9893,0.0001,0.0002,0.0000,0.0001,0.0000,271.7343,0.0059,-0.0714,-0.1104,0.3509,0.0000,0.0000,0.0000,0.0000,0.6419,1,0,0,0,0,3.2100
20.9441,178.9795,0.0864,102.9894,0.0001,0.0002,0.0000,0.0001,0.0000,271.7345,0.0048,-0.0714,-0.1104,0.3509,0.0000,0.0000,0.0000,0.0000,0.6419,1,0,0,0,0,3.2099
20.9953,178.9795,0.0864,102.9894,0.0001,0.0002,0.0000,0.0001,0.0000,271.7348,0.0060,-0.0714,-0.1104,0.3509,0.0000,0.0000,0.0000,0.0000,0.6419,1,0,0,0,0,3.2100
21.0479,178.9795,0.0864,102.9894,0.0001,0.0002,0.0000,0.0001,0.0000,271.7351,0.0058,-0.0714,-0.1104,0.3509,0.0000,0.0000,0.0000,0.0000,0.6419,1,0,0,0,0,3.2100
21.1119,178.9795,0.0864,102.9894,0.0001,0.0002,0.0000,0.0001,0.0000,271.7354,0.0048,-0.0714,-0.1104,0.3509,0.0000,0.0000,0.0000,0.0000,0.6419,1,0,0,0,0,3.2099
21.1636,178.9795,0.0864,102.9894,0.0001,0.0002,0.0000,0.0001,0.0000,271.7357,0.0059,-0.0714,-0.1104,0.3509,0.0000,0.0000,0.0000,0.0000,0.6419,1,0,0,0,0,3.2100
21.2239,178.9795,0.0864,102.9894,0.0001,0.0002,0.0000,0.0001,0.0000,271.7360,0.0046,-0.0714,-0.1104,0.3509,0.0000,0.0000,0.0000,0.0000,0.6419,1,0,0,0,0,3.2099
21.2838,178.9795,0.0864,102.9894,0.0001,0.0002,0.0000,0.0001,0.0000,271.7362,0.0041,-0.0714,-0.1104,0.3509,0.0000,0.0000,0.0000,0.0000,0.6419,1,0,0,0,0,3.2099
21.3344,178.9795,0.0864,102.9894,0.0001,0.0002,0.0000,0.0001,0.0000,271.7365,0.0054,-0.0714,-0.1104,0.3509,0.0000,0.0000,0.0000,0.0000,0.6419,1,0,0,0,0,3.2099
21.3846,178.9795,0.0864,102.9894,0.0001,0.0002,0.0000,0.0001,0.0000,271.7368,0.0049,-0.0714,-0.1104,0.3509,0.0000,0.0000,0.0000,0.0000,0.6419,1,0,0,0,0,3.2099
21.4447,178.9795,0.0864,102.9894,0.0001,0.0002,0.0000,0.0001,0.0000,271.7370,0.0046,-0.0714,-0.1104,0.3509,0.0000,0.0000,0.0000,0.0000,0.6419,1,0,0,0,0,3.2099
21.4949,178.9795,0.0864,102.9894,0.0001,0.0002,0.0000,0.0001,0.0000,271.7372,0.0043,-0.0714,-0.1104,0.3509,0.0000,0.0000,0.0000,0.0000,0.6419,1,0,0,0,0,3.2099
21.5569,178.9795,0.0864,102.9894,0.0001,0.0002,0.0000,0.0001,0.0000,271.7375,0.0049,-0.0714,-0.1104,0.3509,0.0000,0.0000,0.0000,0.0000,0.6419,1,0,0,0,0,3.2099
21.6238,178.9795,0.0864,102.9894,0.0001,0.0002,0.0000,0.0001,0.0000,271.7379,0.0055,-0.0714,-0.1104,0.3509,0.0000,0.0000,0.0000,0.0000,0.6419,1,0,0,0,0,3.2099
21.6863,178.9795,0.0864,102.9894,0.0001,0.0002,0.0000,0.0001,0.0000,271.7382,0.0049,-0.0714,-0.1104,0.3509,0.0000,0.0000,0.0000,0.0000,0.6419,1,0,0,0,0,3.2099
21.7449,178.9795,0.0864,102.9894,0.0001,0.0002,0.0000,0.0001,0.0000,271.7386,0.0057,-0.0714,-0.1104,0.3509,0.0000,0.0000,0.0000,0.0000,0.6419,1,0,0,0,0,3.2100
21.8043,178.9795,0.0864,102.9894,0.0001,0.0002,0.0000,0.0001,0.0000,271.7390,0.0067,-0.0714,-0.1104,0.3509,0.0000,0.0000,0.0000,0.0000,0.6419,1,0,0,0,0,3.2100
21.8551,178.9795,0.0864,102.9894,0.0001,0.0002,0.0000,0.0001,0.0000,271.7392,0.0054,-0.0714,-0.1104,0.3509,0.0000,0.0000,0.0000,0.0000,0.6419,1,0,0,0,0,3.2099
21.9164,178.9795,0.0864,102.9894,0.0001,0.0002,0.0000,0.0001,0.0000,271.7397,0.0075,-0.0714,-0.1104,0.3509,0.0000,0.0000,0.0000,0.0000,0.6419,1,0,0,0,0,3.2100
21.9739,178.9795,0.0864,102.9894,0.0001,0.0002,0.0000,0.0001,0.0000,271.7400,0.0053,-0.0714,-0.1104,0.3509,0.0000,0.0000,0.0000,0.0000,0.6419,1,0,0,0,0,3.2099
22.0268,178.9795,0.0864,102.9894,0.0001,0.0002,0.0000,0.0001,0.0000,271.7403,0.0058,-0.0714,-0.1104,0.3509,0.0000,0.0000,0.0000,0.0000,0.6419,1,0,0,0,0,3.2100
22.0877,178.9795,0.0864,102.9894,0.0001,0.0002,0.0000,0.0001,0.0000,271.7406,0.0050,-0.0714,-0.1104,0.3509,0.0000,0.0000,0.0000,0.0000,0.6419,1,0,0,0,0,3.2099
22.1406,178.9795,0.0864,102.9894,0.0001,0.0002,0.0000,0.0001,0.0000,271.7409,0.0058,-0.0714,-0.1104,0.3509,0.0000,0.0000,0.0000,0.0000,0.6419,1,0,0,0,0,3.2100
22.1965,178.9795,0.0864,102.9894,0.0001,0.0002,0.0000,0.0001,0.0000,271.7412,0.0055,-0.0714,-0.1104,0.3509,0.0000,0.0000,0.0000,0.0000,0.6419,1,0,0,0,0,3.2099
22.2475,178.9795,0.0864,102.9894,0.0001,0.0002,0.0000,0.0001,0.0000,271.7415,0.0060,-0.0714,-0.1104,0.3509,0.0000,0.0000,0.0000,0.0000,0.6419,1,0,0,0,0,3.2100
22.3008,178.9795,0.0864,102.9894,0.0001,0.0002,0.0000,0.0001,0.0000,271.7418,0.0057,-0.0714,-0.1104,0.3509,0.0000,0.0000,0.0000,0.0000,0.6419,1,0,0,0,0,3.2100
22.3628,178.9795,0.0864,102.9894,0.0001,0.0002,0.0000,0.0001,0.0000,271.7421,0.0049,-0.0714,-0.1104,0.3509,0.0000,0.0000,0.0000,0.0000,0.6419,1,0,0,0,0,3.2099
22.4240,178.9795,0.0864,102.9894,0.0001,0.0002,0.0000,0.0001,0.0000,271.7425,0.0060,-0.0714,-0.1104,0.3509,0.0000,0.0000,0.0000,0.0000,0.6419,1,0,0,0,0,3.2100
22.4852,178.9795,0.0864,102.9894,0.0001,0.0002,0.0000,0.0001,0.0000,271.7428,0.0050,-0.0714,-0.1104,0.3509,0.0000,0.0000,0.0000,0.0000,0.6419,1,0,0,0,0,3.2099
22.5360,178.9795,0.0864,102.9894,0.0001,0.0002,0.0000,0.0001,0.0000,271.7431,0.0066,-0.0714,-0.1104,0.3509,0.0000,0.0000,0.0000,0.0000,0.6419,1,0,0,0,0,3.2100
22.5871,178.9795,0.0864,102.9894,0.0001,0.0002,0.0000,0.0001,0.0000,271.7434,0.0060,-0.0714,-0.1104,0.3509,0.0000,0.0000,0.0000,0.0000,0.6419,1,0,0,0,0,3.2100
22.6406,178.9795,0.0864,102.9894,0.0001,0.0002,0.0000,0.0001,0.0000,271.7438,0.0074,-0.0714,-0.1104,0.3509,0.0000,0.0000,0.0000,0.0000,0.6419,1,0,0,0,0,3.2100
22.6947,178.9795,0.0864,102.9894,0.0001,0.0002,0.0000,0.0001,0.0000,271.7441,0.0056,-0.0714,-0.1104,0.3509,0.0000,0.0000,0.0000,0.0000,0.6419,1,0,0,0,0,3.2099
22.7486,178.9795,0.0864,102.9894,0.0001,0.0002,0.0000,0.0001,0.0000,271.7445,0.0062,-0.0714,-0.1104,0.3509,0.0000,0.0000,0.0000,0.0000,0.6419,1,0,0,0,0,3.2100
22.8010,178.9795,0.0864,102.9894,0.0001,0.0002,0.0000,0.0001,0.0000,271.7448,0.0064,-0.0714,-0.1104,0.3509,0.0000,0.0000,0.0000,0.0000,0.6419,1,0,0,0,0,3.2100
22.8545,178.9795,0.0864,102.9894,0.0001,0.0002,0.0000,0.0001,0.0000,271.7451,0.0046,-0.0714,-0.1104,0.3509,0.0000,0.0000,0.0000,0.0000,0.6419,1,0,0,0,0,3.2099
22.9116,178.9795,0.0864,102.9893,0.0001,0.0002,0.0000,0.0001,0.0000,271.7455,0.0069,-0.0714,-0.1104,0.3509,0.0000,0.0000,0.0000,0.0000,0.6419,1,0,0,0,0,3.2100
22.9643,178.9795,0.0864,102.9894,0.0001,0.0002,0.0000,0.0001,0.0000,271.7457,0.0052,-0.0714,-0.1104,0.3509,0.0000,0.0000,0.0000,0.0000,0.6419,1,0,0,0,0,3.2099
23.0266,178.9795,0.0864,102.9893,0.0001,0.0002,0.0000,0.0001,0.0000,271.7461,0.0059,-0.0714,-0.1104,0.3509,0.0000,0.0000,0.0000,0.0000,0.6419,1,0,0,0,0,3.2100
23.0872,178.9795,0.0864,102.9894,0.0001,0.0002,0.0000,0.0001,0.0000,271.7464,0.0050,-0.0714,-0.1104,0.3509,0.0000,0.0000,0.0000,0.0000,0.6419,1,0,0,0,0,3.2099
23.1682,178.9795,0.0864,102.9894,0.0001,0.0002,0.0000,0.0001,0.0000,271.7469,0.0060,-0.0714,-0.1104,0.3509,0.0000,0.0000,0.0000,0.0000,0.6419,1,0,0,0,0,3.2100
23.2217,178.9795,0.0864,102.9894,0.0001,0.0002,0.0000,0.0001,0.0000,271.7471,0.0046,-0.0714,-0.1104,0.3509,0.0000,0.0000,0.0000,0.0000,0.6419,1,0,0,0,0,3.2099
23.2846,178.9795,0.0864,102.9894,0.0001,0.0002,0.0000,0.0001,0.0000,271.7474,0.0044,-0.0714,-0.1104,0.3509,0.0000,0.0000,0.0000,0.0000,0.6419,1,0,0,0,0,3.2099
23.3440,178.9795,0.0864,102.9894,0.0001,0.0002,0.0000,0.0001,0.0000,271.7477,0.0051,-0.0714,-0.1104,0.3509,0.0000,0.0000,0.0000,0.0000,0.6419,1,0,0,0,0,3.2099
23.4001,178.9795,0.0864,102.9894,0.0001,0.0002,0.0000,0.0001,0.0000,271.7480,0.0049,-0.0714,-0.1104,0.3509,0.0000,0.0000,0.0000,0.0000,0.6419,1,0,0,0,0,3.2099
23.4507,178.9795,0.0864,102.9894,0.0001,0.0002,0.0000,0.0001,0.0000,271.7482,0.0036,-0.0714,-0.1104,0.3509,0.0000,0.0000,0.0000,0.0000,0.6419,1,0,0,0,0,3.2098
23.5021,178.9795,0.0864,102.9894,0.0001,0.0002,0.0000,0.0001,0.0000,271.7484,0.0053,-0.0714,-0.1104,0.3509,0.0000,0.0000,0.0000,0.0000,0.6419,1,0,0,0,0,3.2099
23.5558,178.9795,0.0864,102.9894,0.0001,0.0002,0.0000,0.0001,0.0000,271.7488,0.0063,-0.0714,-0.1104,0.3509,0.0000,0.0000,0.0000,0.0000,0.6419,1,0,0,0,0,3.2100
23.6165,178.9795,0.0864,102.9894,0.0001,0.0002,0.0000,0.0001,0.0000,271.7491,0.0050,-0.0714,-0.1104,0.3509,0.0000,0.0000,0.0000,0.0000,0.6419,1,0,0,0,0,3.2099
23.6792,178.9795,0.0864,102.9894,0.0001,0.0002,0.0000,0.0001,0.0000,271.7495,0.0058,-0.0714,-0.1104,0.3509,0.0000,0.0000,0.0000,0.0000,0.6419,1,0,0,0,0,3.2100
23.7337,178.9795,0.0864,102.9894,0.0001,0.0002,0.0000,0.0001,0.0000,271.7498,0.0056,-0.0714,-0.1104,0.3509,0.0000,0.0000,0.0000,0.0000,0.6419,1,0,0,0,0,3.2099
23.7959,178.9795,0.0864,102.9894,0.0001,0.0002,0.0000,0.0001,0.0000,271.7501,0.0049,-0.0714,-0.1104,0.3509,0.0000,0.0000,0.0000,0.0000,0.6419,1,0,0,0,0,3.2099
23.8466,178.9795,0.0864,102.9894,0.0001,0.0002,0.0000,0.0001,0.0000,271.7504,0.0072,-0.0714,-0.1104,0.3509,0.0000,0.0000,0.0000,0.0000,0.6419,1,0,0,0,0,3.2100
23.8979,178.9795,0.0864,102.9894,0.0001,0.0002,0.0000,0.0001,0.0000,271.7507,0.0059,-0.0714,-0.1104,0.3509,0.0000,0.0000,0.0000,0.0000,0.6419,1,0,0,0,0,3.2100
23.9569,178.9795,0.0864,102.9894,0.0001,0.0002,0.0000,0.0001,0.0000,271.7512,0.0083,-0.0714,-0.1104,0.3509,0.0000,0.0000,0.0000,0.0000,0.6419,1,0,0,0,0,3.2101
24.0096,178.9795,0.0864,102.9894,0.0001,0.0002,0.0000,0.0001,0.0000,271.7515,0.0058,-0.0714,-0.1104,0.3509,0.0000,0.0000,0.0000,0.0000,0.6419,1,0,0,0,0,3.2100
24.0713,178.9795,0.0864,102.9894,0.0001,0.0002,0.0000,0.0001,0.0000,271.7518,0.0049,-0.0714,-0.1104,0.3509,0.0000,0.0000,0.0000,0.0000,0.6419,1,0,0,0,0,3.2099
24.1255,178.9795,0.0864,102.9894,0.0001,0.0002,0.0000,0.0001,0.0000,271.7521,0.0056,-0.0714,-0.1104,0.3509,0.0000,0.0000,0.0000,0.0000,0.6419,1,0,0,0,0,3.2099
24.1922,178.9795,0.0864,102.9894,0.0001,0.0002,0.0000,0.0001,0.0000,271.7525,0.0055,-0.0714,-0.1104,0.3509,0.0000,0.0000,0.0000,0.0000,0.6419,1,0,0,0,0,3.2099
24.2527,178.9795,0.0864,102.9894,0.0001,0.0002,0.0000,0.0001,0.0000,271.7528,0.0050,-0.0714,-0.1104,0.3509,0.0000,0.0000,0.0000,0.0000,0.6419,1,0,0,0,0,3.2099
24.3040,178.9795,0.0864,102.9894,0.0001,0.0002,0.0000,0.0001,0.0000,271.7531,0.0060,-0.0714,-0.1104,0.3509,0.0000,0.0000,0.0000,0.0000,0.6419,1,0,0,0,0,3.2100
24.3623,178.9795,0.0864,102.9894,0.0001,0.0002,0.0000,0.0001,0.0000,271.7534,0.0052,-0.0714,-0.1104,0.3509,0.0000,0.0000,0.0000,0.0000,0.6419,1,0,0,0,0,3.2099
24.4149,178.9795,0.0864,102.9894,0.0001,0.0002,0.0000,0.0001,0.0000,271.7538,0.0064,-0.0714,-0.1104,0.3509,0.0000,0.0000,0.0000,0.0000,0.6419,1,0,0,0,0,3.2100
24.4653,178.9795,0.0864,102.9894,0.0001,0.0002,0.0000,0.0001,0.0000,271.7541,0.0073,-0.0714,-0.1104,0.3509,0.0000,0.0000,0.0000,0.0000,0.6419,1,0,0,0,0,3.2100
24.5168,178.9795,0.0864,102.9894,0.0001,0.0002,0.0000,0.0001,0.0000,271.7544,0.0059,-0.0714,-0.1104,0.3509,0.0000,0.0000,0.0000,0.0000,0.6419,1,0,0,0,0,3.2100
24.5670,178.9795,0.0864,102.9894,0.0001,0.0002,0.0000,0.0001,0.0000,271.7548,0.0067,-0.0714,-0.1104,0.3509,0.0000,0.0000,0.0000,0.0000,0.6419,1,0,0,0,0,3.2100
24.6191,178.9795,0.0864,102.9894,0.0001,0.0002,0.0000,0.0001,0.0000,271.7550,0.0047,-0.0714,-0.1104,0.3509,0.0000,0.0000,0.0000,0.0000,0.6419,1,0,0,0,0,3.2099
24.6759,178.9795,0.0864,102.9894,0.0001,0.0002,0.0000,0.0001,0.0000,271.7554,0.0064,-0.0714,-0.1104,0.3509,0.0000,0.0000,0.0000,0.0000,0.6419,1,0,0,0,0,3.2100
24.7313,178.9795,0.0864,102.9894,0.0001,0.0002,0.0000,0.0001,0.0000,271.7557,0.0055,-0.0714,-0.1104,0.3509,0.0000,0.0000,0.0000,0.0000,0.6419,1,0,0,0,0,3.2099
24.7841,178.9795,0.0864,102.9894,0.0001,0.0002,0.0000,0.0001,0.0000,271.7559,0.0046,-0.0714,-0.1104,0.3509,0.0000,0.0000,0.0000,0.0000,0.6419,1,0,0,0,0,3.2099
24.8430,178.9795,0.0864,102.9894,0.0001,0.0002,0.0000,0.0001,0.0000,271.7563,0.0062,-0.0714,-0.1104,0.3509,0.0000,0.0000,0.0000,0.0000,0.6419,1,0,0,0,0,3.2100
24.8936,178.9795,0.0864,102.9894,0.0001,0.0002,0.0000,0.0001,0.0000,271.7565,0.0048,-0.0714,-0.1104,0.3509,0.0000,0.0000,0.0000,0.0000,0.6419,1,0,0,0,0,3.2099
24.9511,178.9795,0.0864,102.9894,0.0001,0.0002,0.0000,0.0001,0.0000,271.7568,0.0053,-0.0714,-0.1104,0.3509,0.0000,0.0000,0.0000,0.0000,0.6419,1,0,0,0,0,3.2099
25.0039,178.9795,0.0864,102.9894,0.0001,0.0002,0.0000,0.0001,0.0000,271.7571,0.0058,-0.0714,-0.1104,0.3509,0.0000,0.0000,0.0000,0.0000,0.6419,1,0,0,0,0,3.2100
25.0551,178.9795,0.0864,102.9894,0.0001,0.0002,0.0000,0.0001,0.0000,271.7574,0.0060,-0.0714,-0.1104,0.3509,0.0000,0.0000,0.0000,0.0000,0.6419,1,0,0,0,0,3.2100
25.1167,178.9795,0.0864,102.9894,0.0001,0.0002,0.0000,0.0001,0.0000,271.7578,0.0050,-0.0714,-0.1104,0.3509,0.0000,0.0000,0.0000,0.0000,0.6419,1,0,0,0,0,3.2099
25.1785,178.9795,0.0864,102.9894,0.0001,0.0002,0.0000,0.0001,0.0000,271.7581,0.0054,-0.0714,-0.1104,0.3509,0.0000,0.0000,0.0000,0.0000,0.6419,1,0,0,0,0,3.2099
25.2326,178.9795,0.0864,102.9894,0.0001,0.0002,0.0000,0.0001,0.0000,271.7584,0.0051,-0.0714,-0.1104,0.3509,0.0000,0.0000,0.0000,0.0000,0.6419,1,0,0,0,0,3.2099
25.2853,178.9795,0.0864,102.9894,0.0001,0.0002,0.0000,0.0001,0.0000,271.7585,0.0035,-0.0714,-0.1104,0.3509,0.0000,0.0000,0.0000,0.0000,0.6419,1,0,0,0,0,3.2098
25.3403,178.9795,0.0864,102.9894,0.0001,0.0002,0.0000,0.0001,0.0000,271.7588,0.0050,-0.0714,-0.1104,0.3509,0.0000,0.0000,0.0000,0.0000,0.6419,1,0,0,0,0,3.2099
25.3978,178.9795,0.0864,102.9893,0.0001,0.0002,0.0000,0.0001,0.0000,271.7591,0.0053,-0.0714,-0.1104,0.3509,0.0000,0.0000,0.0000,0.0000,0.6419,1,0,0,0,0,3.2099
25.4599,178.9795,0.0864,102.9894,0.0001,0.0002,0.0000,0.0001,0.0000,271.7594,0.0049,-0.0714,-0.1104,0.3509,0.0000,0.0000,0.0000,0.0000,0.6419,1,0,0,0,0,3.2099
25.5129,178.9795,0.0864,102.9893,0.0001,0.0002,0.0000,0.0001,0.0000,271.7598,0.0063,-0.0714,-0.1104,0.3509,0.0000,0.0000,0.0000,0.0000,0.6419,1,0,0,0,0,3.2100
25.5699,178.9795,0.0864,102.9894,0.0001,0.0002,0.0000,0.0001,0.0000,271.7601,0.0054,-0.0714,-0.1104,0.3509,0.0000,0.0000,0.0000,0.0000,0.6419,1,0,0,0,0,3.2099
25.6216,178.9795,0.0864,102.9894,0.0001,0.0002,0.0000,0.0001,0.0000,271.7604,0.0059,-0.0714,-0.1104,0.3509,0.0000,0.0000,0.0000,0.0000,0.6419,1,0,0,0,0,3.2100
25.6724,178.9795,0.0864,102.9894,0.0001,0.0002,0.0000,0.0001,0.0000,271.7606,0.0048,-0.0714,-0.1104,0.3509,0.0000,0.0000,0.0000,0.0000,0.6419,1,0,0,0,0,3.2099
25.7268,178.9795,0.0864,102.9894,0.0001,0.0002,0.0000,0.0001,0.0000,271.7609,0.0056,-0.0714,-0.1104,0.3509,0.0000,0.0000,0.0000,0.0000,0.6419,1,0,0,0,0,3.2099
25.7819,178.9795,0.0864,102.9894,0.0001,0.0002,0.0000,0.0001,0.0000,271.7612,0.0055,-0.0714,-0.1104,0.3509,0.0000,0.0000,0.0000,0.0000,0.6419,1,0,0,0,0,3.2099
25.8350,178.9795,0.0864,102.9894,0.0001,0.0002,0.0000,0.0001,0.0000,271.7616,0.0069,-0.0714,-0.1104,0.3509,0.0000,0.0000,0.0000,0.0000,0.6419,1,0,0,0,0,3.2100
25.8976,178.9795,0.0864,102.9893,0.0001,0.0002,0.0000,0.0001,0.0000,271.7620,0.0068,-0.0714,-0.1104,0.3509,0.0000,0.0000,0.0000,0.0000,0.6419,1,0,0,0,0,3.2100
25.9488,178.9795,0.0864,102.9894,0.0001,0.0002,0.0000,0.0001,0.0000,271.7623,0.0054,-0.0714,-0.1104,0.3509,0.0000,0.0000,0.0000,0.0000,0.6419,1,0,0,0,0,3.2099
26.0061,178.9795,0.0864,102.9894,0.0001,0.0002,0.0000,0.0001,0.0000,271.7626,0.0053,-0.0714,-0.1104,0.3509,0.0000,0.0000,0.0000,0.0000,0.6419,1,0,0,0,0,3.2099
26.0573,178.9795,0.0864,102.9894,0.0001,0.0002,0.0000,0.0001,0.0000,271.7629,0.0066,-0.0714,-0.1104,0.3509,0.0000,0.0000,0.0000,0.0000,0.6419,1,0,0,0,0,3.2100
26.1086,178.9795,0.0864,102.9894,0.0001,0.0002,0.0000,0.0001,0.0000,271.7632,0.0059,-0.0714,-0.1104,0.3509,0.0000,0.0000,0.0000,0.0000,0.6419,1,0,0,0,0,3.2100
26.1623,178.9795,0.0864,102.9894,0.0001,0.0002,0.0000,0.0001,0.0000,271.7635,0.0051,-0.0714,-0.1104,0.3509,0.0000,0.0000,0.0000,0.0000,0.6419,1,0,0,0,0,3.2099
26.2386,178.9795,0.0864,102.9894,0.0001,0.0002,0.0000,0.0001,0.0000,271.7640,0.0060,-0.0714,-0.1104,0.3509,0.0000,0.0000,0.0000,0.0000,0.6419,1,0,0,0,0,3.2100
26.2893,178.9795,0.0864,102.9894,0.0001,0.0002,0.0000,0.0001,0.0000,271.7643,0.0060,-0.0714,-0.1104,0.3509,0.0000,0.0000,0.0000,0.0000,0.6419,1,0,0,0,0,3.2100
26.3395,178.9795,0.0864,102.9894,0.0001,0.0002,0.0000,0.0001,0.0000,271.7645,0.0049,-0.0714,-0.1104,0.3509,0.0000,0.0000,0.0000,0.0000,0.6419,1,0,0,0,0,3.2099
26.4043,178.9795,0.0864,102.9894,0.0001,0.0002,0.0000,0.0001,0.0000,271.7649,0.0061,-0.0714,-0.1104,0.3509,0.0000,0.0000,0.0000,0.0000,0.6419,1,0,0,0,0,3.2100
26.4599,178.9795,0.0864,102.9894,0.0001,0.0002,0.0000,0.0001,0.0000,271.7653,0.0071,-0.0714,-0.1104,0.3509,0.0000,0.0000,0.0000,0.0000,0.6419,1,0,0,0,0,3.2100
26.5205,178.9795,0.0864,102.9894,0.0001,0.0002,0.0000,0.0001,0.0000,271.7657,0.0060,-0.0714,-0.1104,0.3509,0.0000,0.0000,0.0000,0.0000,0.6419,1,0,0,0,0,3.2100
26.5707,178.9795,0.0864,102.9894,0.0001,0.0002,0.0000,0.0001,0.0000,271.7659,0.0049,-0.0714,-0.1104,0.3509,0.0000,0.0000,0.0000,0.0000,0.6419,1,0,0,0,0,3.2099
26.6232,178.9795,0.0864,102.9894,0.0001,0.0002,0.0000,0.0001,0.0000,271.7662,0.0058,-0.0714,-0.1104,0.3509,0.0000,0.0000,0.0000,0.0000,0.6419,1,0,0,0,0,3.2100
26.6798,178.9795,0.0864,102.9894,0.0001,0.0002,0.0000,0.0001,0.0000,271.7665,0.0049,-0.0714,-0.1104,0.3509,0.0000,0.0000,0.0000,0.0000,0.6419,1,0,0,0,0,3.2099
26.7337,178.9795,0.0864,102.9894,0.0001,0.0002,0.0000,0.0001,0.0000,271.7668,0.0045,-0.0714,-0.1104,0.3509,0.0000,0.0000,0.0000,0.0000,0.6419,1,0,0,0,0,3.2099
26.7902,178.9795,0.0864,102.9894,0.0001,0.0002,0.0000,0.0001,0.0000,271.7670,0.0043,-0.0714,-0.1104,0.3509,0.0000,0.0000,0.0000,0.0000,0.6419,1,0,0,0,0,3.2099
26.8485,178.9795,0.0864,102.9894,0.0001,0.0002,0.0000,0.0001,0.0000,271.7673,0.0052,-0.0714,-0.1104,0.3509,0.0000,0.0000,0.0000,0.0000,0.6419,1,0,0,0,0,3.2099
26.9073,178.9795,0.0864,102.9894,0.0001,0.0002,0.0000,0.0001,0.0000,271.7677,0.0068,-0.0714,-0.1104,0.3509,0.0000,0.0000,0.0000,0.0000,0.6419,1,0,0,0,0,3.2100
26.9581,178.9795,0.0864,102.9893,0.0001,0.0002,0.0000,0.0001,0.0000,271.7679,0.0048,-0.0714,-0.1104,0.3509,0.0000,0.0000,0.0000,0.0000,0.6419,1,0,0,0,0,3.2099
27.0160,178.9795,0.0864,102.9894,0.0001,0.0002,0.0000,0.0001,0.0000,271.7682,0.0053,-0.0714,-0.1104,0.3509,0.0000,0.0000,0.0000,0.0000,0.6419,1,0,0,0,0,3.2099
27.0673,178.9795,0.0864,102.9894,0.0001,0.0002,0.0000,0.0001,0.0000,271.7686,0.0059,-0.0714,-0.1104,0.3509,0.0000,0.0000,0.0000,0.0000,0.6419,1,0,0,0,0,3.2100
27.1205,178.9795,0.0864,102.9894,0.0001,0.0002,0.0000,0.0001,0.0000,271.7689,0.0057,-0.0714,-0.1104,0.3509,0.0000,0.0000,0.0000,0.0000,0.6419,1,0,0,0,0,3.2100
27.1813,178.9795,0.0864,102.9893,0.0001,0.0002,0.0000,0.0001,0.0000,271.7691,0.0040,-0.0714,-0.1104,0.3509,0.0000,0.0000,0.0000,0.0000,0.6419,1,0,0,0,0,3.2099
27.2316,178.9795,0.0864,102.9894,0.0001,0.0002,0.0000,0.0001,0.0000,271.7693,0.0043,-0.0714,-0.1104,0.3509,0.0000,0.0000,0.0000,0.0000,0.6419,1,0,0,0,0,3.2099
27.2886,178.9795,0.0864,102.9894,0.0001,0.0002,0.0000,0.0001,0.0000,271.7696,0.0048,-0.0714,-0.1104,0.3509,0.0000,0.0000,0.0000,0.0000,0.6419,1,0,0,0,0,3.2099
27.3486,178.9795,0.0864,102.9894,0.0001,0.0002,0.0000,0.0001,0.0000,271.7699,0.0051,-0.0714,-0.1104,0.3509,0.0000,0.0000,0.0000,0.0000,0.6419,1,0,0,0,0,3.2099
27.4007,178.9795,0.0864,102.9894,0.0001,0.0002,0.0000,0.0001,0.0000,271.7701,0.0047,-0.0714,-0.1104,0.3509,0.0000,0.0000,0.0000,0.0000,0.6419,1,0,0,0,0,3.2099
27.4606,178.9795,0.0864,102.9893,0.0001,0.0002,0.0000,0.0001,0.0000,271.7704,0.0051,-0.0714,-0.1104,0.3509,0.0000,0.0000,0.0000,0.0000,0.6419,1,0,0,0,0,3.2099
27.5191,178.9795,0.0864,102.9894,0.0001,0.0002,0.0000,0.0001,0.0000,271.7708,0.0063,-0.0714,-0.1104,0.3509,0.0000,0.0000,0.0000,0.0000,0.6419,1,0,0,0,0,3.2100
27.5712,178.9795,0.0864,102.9894,0.0001,0.0002,0.0000,0.0001,0.0000,271.7711,0.0047,-0.0714,-0.1104,0.3509,0.0000,0.0000,0.0000,0.0000,0.6419,1,0,0,0,0,3.2099
27.6291,178.9795,0.0864,102.9894,0.0001,0.0002,0.0000,0.0001,0.0000,271.7714,0.0063,-0.0714,-0.1104,0.3509,0.0000,0.0000,0.0000,0.0000,0.6419,1,0,0,0,0,3.2100
27.6858,178.9795,0.0864,102.9894,0.0001,0.0002,0.0000,0.0001,0.0000,271.7717,0.0054,-0.0714,-0.1104,0.3509,0.0000,0.0000,0.0000,0.0000,0.6419,1,0,0,0,0,3.2099
27.7420,178.9795,0.0864,102.9894,0.0001,0.0002,0.0000,0.0001,0.0000,271.7720,0.0054,-0.0714,-0.1104,0.3509,0.0000,0.0000,0.0000,0.0000,0.6419,1,0,0,0,0,3.2099
27.7927,178.9795,0.0864,102.9894,0.0001,0.0002,0.0000,0.0001,0.0000,271.7723,0.0048,-0.0714,-0.1104,0.3509,0.0000,0.0000,0.0000,0.0000,0.6419,1,0,0,0,0,3.2099
27.8529,178.9795,0.0864,102.9894,0.0001,0.0002,0.0000,0.0001,0.0000,271.7727,0.0066,-0.0714,-0.1104,0.3509,0.0000,0.0000,0.0000,0.0000,0.6419,1,0,0,0,0,3.2100
27.9036,178.9795,0.0864,102.9894,0.0001,0.0002,0.0000,0.0001,0.0000,271.7730,0.0060,-0.0714,-0.1104,0.3509,0.0000,0.0000,0.0000,0.0000,0.6419,1,0,0,0,0,3.2100
27.9557,178.9795,0.0864,102.9894,0.0001,0.0002,0.0000,0.0001,0.0000,271.7733,0.0064,-0.0714,-0.1104,0.3509,0.0000,0.0000,0.0000,0.0000,0.6419,1,0,0,0,0,3.2100
28.0127,178.9795,0.0864,102.9894,0.0001,0.0002,0.0000,0.0001,0.0000,271.7736,0.0054,-0.0714,-0.1104,0.3509,0.0000,0.0000,0.0000,0.0000,0.6419,1,0,0,0,0,3.2099
28.0648,178.9795,0.0864,102.9894,0.0001,0.0002,0.0000,0.0001,0.0000,271.7739,0.0059,-0.0714,-0.1104,0.3509,0.0000,0.0000,0.0000,0.0000,0.6419,1,0,0,0,0,3.2100
28.1279,178.9795,0.0864,102.9894,0.0001,0.0002,0.0000,0.0001,0.0000,271.7743,0.0058,-0.0714,-0.1104,0.3509,0.0000,0.0000,0.0000,0.0000,0.6419,1,0,0,0,0,3.2100
28.1814,178.9795,0.0864,102.9894,0.0001,0.0002,0.0000,0.0001,0.0000,271.7745,0.0046,-0.0714,-0.1104,0.3509,0.0000,0.0000,0.0000,0.0000,0.6419,1,0,0,0,0,3.2099
28.2401,178.9795,0.0864,102.9894,0.0001,0.0002,0.0000,0.0001,0.0000,271.7749,0.0062,-0.0714,-0.1104,0.3509,0.0000,0.0000,0.0000,0.0000,0.6419,1,0,0,0,0,3.2100
28.3086,178.9795,0.0864,102.9893,0.0001,0.0002,0.0000,0.0001,0.0000,271.7753,0.0053,-0.0714,-0.1104,0.3509,0.0000,0.0000,0.0000,0.0000,0.6419,1,0,0,0,0,3.2099
28.3596,178.9795,0.0864,102.9894,0.0001,0.0002,0.0000,0.0001,0.0000,271.7755,0.0048,-0.0714,-0.1104,0.3509,0.0000,0.0000,0.0000,0.0000,0.6419,1,0,0,0,0,3.2099
28.4215,178.9795,0.0864,102.9894,0.0001,0.0002,0.0000,0.0001,0.0000,271.7760,0.0079,-0.0714,-0.1104,0.3509,0.0000,0.0000,0.0000,0.0000,0.6419,1,0,0,0,0,3.2101
28.4753,178.9795,0.0864,102.9894,0.0001,0.0002,0.0000,0.0001,0.0000,271.7763,0.0057,-0.0714,-0.1104,0.3509,0.0000,0.0000,0.0000,0.0000,0.6419,1,0,0,0,0,3.2099
28.5276,178.9795,0.0864,102.9894,0.0001,0.0002,0.0000,0.0001,0.0000,271.7766,0.0058,-0.0714,-0.1104,0.3509,0.0000,0.0000,0.0000,0.0000,0.6419,1,0,0,0,0,3.2100
28.5820,178.9795,0.0864,102.9894,0.0001,0.0002,0.0000,0.0001,0.0000,271.7769,0.0045,-0.0714,-0.1104,0.3509,0.0000,0.0000,0.0000,0.0000,0.6419,1,0,0,0,0,3.2099
28.6387,178.9795,0.0864,102.9894,0.0001,0.0002,0.0000,0.0001,0.0000,271.7772,0.0065,-0.0714,-0.1104,0.3509,0.0000,0.0000,0.0000,0.0000,0.6419,1,0,0,0,0,3.2100
28.6963,178.9795,0.0864,102.9894,0.0001,0.0002,0.0000,0.0001,0.0000,271.7775,0.0042,-0.0714,-0.1104,0.3509,0.0000,0.0000,0.0000,0.0000,0.6419,1,0,0,0,0,3.2099
28.7470,178.9795,0.0864,102.9894,0.0001,0.0002,0.0000,0.0001,0.0000,271.7776,0.0036,-0.0714,-0.1104,0.3509,0.0000,0.0000,0.0000,0.0000,0.6419,1,0,0,0,0,3.2098
28.7982,178.9795,0.0864,102.9893,0.0001,0.0002,0.0000,0.0001,0.0000,271.7779,0.0048,-0.0714,-0.1104,0.3509,0.0000,0.0000,0.0000,0.0000,0.6419,1,0,0,0,0,3.2099
28.8581,178.9795,0.0864,102.9894,0.0001,0.0002,0.0000,0.0001,0.0000,271.7782,0.0051,-0.0714,-0.1104,0.3509,0.0000,0.0000,0.0000,0.0000,0.6419,1,0,0,0,0,3.2099
28.9162,178.9795,0.0864,102.9894,0.0001,0.0002,0.0000,0.0001,0.0000,271.7786,0.0063,-0.0714,-0.1104,0.3509,0.0000,0.0000,0.0000,0.0000,0.6419,1,0,0,0,0,3.2100
28.9750,178.9795,0.0864,102.9894,0.0001,0.0002,0.0000,0.0001,0.0000,271.7789,0.0052,-0.0714,-0.1104,0.3509,0.0000,0.0000,0.0000,0.0000,0.6419,1,0,0,0,0,3.2099
29.0266,178.9795,0.0864,102.9894,0.0001,0.0002,0.0000,0.0001,0.0000,271.7792,0.0059,-0.0714,-0.1104,0.3509,0.0000,0.0000,0.0000,0.0000,0.6419,1,0,0,0,0,3.2100
29.0855,178.9795,0.0864,102.9894,0.0001,0.0002,0.0000,0.0001,0.0000,271.7795,0.0052,-0.0714,-0.1104,0.3509,0.0000,0.0000,0.0000,0.0000,0.6419,1,0,0,0,0,3.2099
29.1377,178.9795,0.0864,102.9893,0.0001,0.0002,0.0000,0.0001,0.0000,271.7798,0.0058,-0.0714,-0.1104,0.3509,0.0000,0.0000,0.0000,0.0000,0.6419,1,0,0,0,0,3.2100
29.1924,178.9795,0.0864,102.9894,0.0001,0.0002,0.0000,0.0001,0.0000,271.7800,0.0045,-0.0714,-0.1104,0.3509,0.0000,0.0000,0.0000,0.0000,0.6419,1,0,0,0,0,3.2099
29.2432,178.9795,0.0864,102.9894,0.0001,0.0002,0.0000,0.0001,0.0000,271.7803,0.0048,-0.0714,-0.1104,0.3509,0.0000,0.0000,0.0000,0.0000,0.6419,1,0,0,0,0,3.2099
29.2940,178.9795,0.0864,102.9894,0.0001,0.0002,0.0000,0.0001,0.0000,271.7805,0.0048,-0.0714,-0.1104,0.3509,0.0000,0.0000,0.0000,0.0000,0.6419,1,0,0,0,0,3.2099
29.3536,178.9795,0.0864,102.9894,0.0001,0.0002,0.0000,0.0001,0.0000,271.7807,0.0036,-0.0714,-0.1104,0.3509,0.0000,0.0000,0.0000,0.0000,0.6419,1,0,0,0,0,3.2098
29.4083,178.9795,0.0864,102.9894,0.0001,0.0002,0.0000,0.0001,0.0000,271.7811,0.0061,-0.0714,-0.1104,0.3509,0.0000,0.0000,0.0000,0.0000,0.6419,1,0,0,0,0,3.2100
29.4592,178.9795,0.0864,102.9894,0.0001,0.0002,0.0000,0.0001,0.0000,271.7813,0.0048,-0.0714,-0.1104,0.3509,0.0000,0.0000,0.0000,0.0000,0.6419,1,0,0,0,0,3.2099
29.5105,178.9795,0.0864,102.9894,0.0001,0.0002,0.0000,0.0001,0.0000,271.7816,0.0060,-0.0714,-0.1104,0.3509,0.0000,0.0000,0.0000,0.0000,0.6419,1,0,0,0,0,3.2100
29.5698,178.9795,0.0864,102.9894,0.0001,0.0002,0.0000,0.0001,0.0000,271.7819,0.0051,-0.0714,-0.1104,0.3509,0.0000,0.0000,0.0000,0.0000,0.6419,1,0,0,0,0,3.2099
29.6227,178.9795,0.0864,102.9894,0.0001,0.0002,0.0000,0.0001,0.0000,271.7822,0.0058,-0.0714,-0.1104,0.3509,0.0000,0.0000,0.0000,0.0000,0.6419,1,0,0,0,0,3.2100
29.6745,178.9795,0.0864,102.9894,0.0001,0.0002,0.0000,0.0001,0.0000,271.7826,0.0065,-0.0714,-0.1104,0.3509,0.0000,0.0000,0.0000,0.0000,0.6419,1,0,0,0,0,3.2100
29.7317,178.9795,0.0864,102.9894,0.0001,0.0002,0.0000,0.0001,0.0000,271.7829,0.0059,-0.0714,-0.1104,0.3509,0.0000,0.0000,0.0000,0.0000,0.6419,1,0,0,0,0,3.2100
29.7978,178.9795,0.0864,102.9894,0.0001,0.0002,0.0000,0.0001,0.0000,271.7833,0.0055,-0.0714,-0.1104,0.3509,0.0000,0.0000,0.0000,0.0000,0.6419,1,0,0,0,0,3.2099
29.8581,178.9795,0.0864,102.9894,0.0001,0.0002,0.0000,0.0001,0.0000,271.7836,0.0056,-0.0714,-0.1104,0.3509,0.0000,0.0000,0.0000,0.0000,0.6419,1,0,0,0,0,3.2099
29.9170,178.9795,0.0864,102.9894,0.0001,0.0002,0.0000,0.0001,0.0000,271.7841,0.0088,-0.0714,-0.1104,0.3509,0.0000,0.0000,0.0000,0.0000,0.6419,1,0,0,0,0,3.2101
29.9780,178.9795,0.0864,102.9894,0.0001,0.0002,0.0000,0.0001,0.0000,271.7845,0.0065,-0.0714,-0.1104,0.3509,0.0000,0.0000,0.0000,0.0000,0.6419,1,0,0,0,0,3.2100
30.0358,178.9795,0.0864,102.9894,0.0001,0.0002,0.0000,0.0001,0.0000,271.7849,0.0058,-0.0714,-0.1104,0.3509,0.0000,0.0000,0.0000,0.0000,0.6419,1,0,0,0,0,3.2100
30.0937,178.9795,0.0864,102.9894,0.0001,0.0002,0.0000,0.0001,0.0000,271.7852,0.0069,-0.0714,-0.1104,0.3509,0.0000,0.0000,0.0000,0.0000,0.6419,1,0,0,0,0,3.2100
30.1456,178.9795,0.0864,102.9894,0.0001,0.0002,0.0000,0.0001,0.0000,271.7855,0.0053,-0.0714,-0.1104,0.3509,0.0000,0.0000,0.0000,0.0000,0.6419,1,0,0,0,0,3.2099
30.2017,178.9795,0.0864,102.9894,0.0001,0.0002,0.0000,0.0001,0.0000,271.7858,0.0054,-0.0714,-0.1104,0.3509,0.0000,0.0000,0.0000,0.0000,0.6419,1,0,0,0,0,3.2099
30.2601,178.9795,0.0864,102.9893,0.0001,0.0002,0.0000,0.0001,0.0000,271.7862,0.0063,-0.0714,-0.1104,0.3509,0.0000,0.0000,0.0000,0.0000,0.6419,1,0,0,0,0,3.2100
30.3128,178.9795,0.0864,102.9894,0.0001,0.0002,0.0000,0.0001,0.0000,271.7865,0.0058,-0.0714,-0.1104,0.3509,0.0000,0.0000,0.0000,0.0000,0.6419,1,0,0,0,0,3.2100
30.3677,178.9795,0.0864,102.9894,0.0001,0.0002,0.0000,0.0001,0.0000,271.7869,0.0078,-0.0714,-0.1104,0.3509,0.0000,0.0000,0.0000,0.0000,0.6419,1,0,0,0,0,3.2101
30.4323,178.9795,0.0864,102.9894,0.0001,0.0002,0.0000,0.0001,0.0000,271.7873,0.0061,-0.0714,-0.1104,0.3509,0.0000,0.0000,0.0000,0.0000,0.6419,1,0,0,0,0,3.2100
30.4863,178.9795,0.0864,102.9894,0.0001,0.0002,0.0000,0.0001,0.0000,271.7877,0.0062,-0.0714,-0.1104,0.3509,0.0000,0.0000,0.0000,0.0000,0.6419,1,0,0,0,0,3.2100
30.5395,178.9795,0.0864,102.9894,0.0001,0.0002,0.0000,0.0001,0.0000,271.7880,0.0057,-0.0714,-0.1104,0.3509,0.0000,0.0000,0.0000,0.0000,0.6419,1,0,0,0,0,3.2100
30.5918,178.9795,0.0864,102.9894,0.0001,0.0002,0.0000,0.0001,0.0000,271.7882,0.0047,-0.0714,-0.1104,0.3509,0.0000,0.0000,0.0000,0.0000,0.6419,1,0,0,0,0,3.2099
30.6480,178.9795,0.0864,102.9894,0.0001,0.0002,0.0000,0.0001,0.0000,271.7885,0.0043,-0.0714,-0.1104,0.3509,0.0000,0.0000,0.0000,0.0000,0.6419,1,0,0,0,0,3.2099
30.7013,178.9795,0.0864,102.9894,0.0001,0.0002,0.0000,0.0001,0.0000,271.7887,0.0040,-0.0714,-0.1104,0.3509,0.0000,0.0000,0.0000,0.0000,0.6419,1,0,0,0,0,3.2099
30.7609,178.9795,0.0864,102.9894,0.0001,0.0002,0.0000,0.0001,0.0000,271.7889,0.0046,-0.0714,-0.1104,0.3509,0.0000,0.0000,0.0000,0.0000,0.6419,1,0,0,0,0,3.2099
30.8148,178.9795,0.0864,102.9893,0.0001,0.0002,0.0000,0.0001,0.0000,271.7892,0.0045,-0.0714,-0.1104,0.3509,0.0000,0.0000,0.0000,0.0000,0.6419,1,0,0,0,0,3.2099
30.8811,178.9795,0.0864,102.9894,0.0001,0.0002,0.0000,0.0001,0.0000,271.7896,0.0055,-0.0714,-0.1104,0.3509,0.0000,0.0000,0.0000,0.0000,0.6419,1,0,0,0,0,3.2099
30.9384,178.9795,0.0864,102.9894,0.0001,0.0002,0.0000,0.0001,0.0000,271.7899,0.0053,-0.0714,-0.1104,0.3509,0.0000,0.0000,0.0000,0.0000,0.6419,1,0,0,0,0,3.2099
30.9916,178.9795,0.0864,102.9894,0.0001,0.0002,0.0000,0.0001,0.0000,271.7902,0.0057,-0.0714,-0.1104,0.3509,0.0000,0.0000,0.0000,0.0000,0.6419,1,0,0,0,0,3.2100
31.0464,178.9795,0.0864,102.9894,0.0001,0.0002,0.0000,0.0001,0.0000,271.7904,0.0045,-0.0714,-0.1104,0.3509,0.0000,0.0000,0.0000,0.0000,0.6419,1,0,0,0,0,3.2099
31.0970,178.9795,0.0864,102.9894,0.0001,0.0002,0.0000,0.0001,0.0000,271.7907,0.0060,-0.0714,-0.1104,0.3509,0.0000,0.0000,0.0000,0.0000,0.6419,1,0,0,0,0,3.2100
31.1532,178.9795,0.0864,102.9894,0.0001,0.0002,0.0000,0.0001,0.0000,271.7910,0.0054,-0.0714,-0.1104,0.3509,0.0000,0.0000,0.0000,0.0000,0.6419,1,0,0,0,0,3.2099
31.2056,178.9795,0.0864,102.9893,0.0001,0.0002,0.0000,0.0001,0.0000,271.7913,0.0052,-0.0714,-0.1104,0.3509,0.0000,0.0000,0.0000,0.0000,0.6419,1,0,0,0,0,3.2099
31.2568,178.9795,0.0864,102.9894,0.0001,0.0002,0.0000,0.0001,0.0000,271.7915,0.0036,-0.0714,-0.1104,0.3509,0.0000,0.0000,0.0000,0.0000,0.6419,1,0,0,0,0,3.2098
31.3142,178.9795,0.0864,102.9894,0.0001,0.0002,0.0000,0.0001,0.0000,271.7918,0.0058,-0.0714,-0.1104,0.3509,0.0000,0.0000,0.0000,0.0000,0.6419,1,0,0,0,0,3.2100
31.3659,178.9795,0.0864,102.9894,0.0001,0.0002,0.0000,0.0001,0.0000,271.7921,0.0047,-0.0714,-0.1104,0.3509,0.0000,0.0000,0.0000,0.0000,0.6419,1,0,0,0,0,3.2099
31.4236,178.9795,0.0864,102.9894,0.0001,0.0002,0.0000,0.0001,0.0000,271.7924,0.0053,-0.0714,-0.1104,0.3509,0.0000,0.0000,0.0000,0.0000,0.6419,1,0,0,0,0,3.2099
31.4817,178.9795,0.0864,102.9894,0.0001,0.0002,0.0000,0.0001,0.0000,271.7927,0.0063,-0.0714,-0.1104,0.3509,0.0000,0.0000,0.0000,0.0000,0.6419,1,0,0,0,0,3.2100
31.5325,178.9795,0.0864,102.9894,0.0001,0.0002,0.0000,0.0001,0.0000,271.7930,0.0054,-0.0714,-0.1104,0.3509,0.0000,0.0000,0.0000,0.0000,0.6419,1,0,0,0,0,3.2099
31.5902,178.9795,0.0864,102.9894,0.0001,0.0002,0.0000,0.0001,0.0000,271.7933,0.0058,-0.0714,-0.1104,0.3509,0.0000,0.0000,0.0000,0.0000,0.6419,1,0,0,0,0,3.2100
31.6441,178.9795,0.0864,102.9894,0.0001,0.0002,0.0000,0.0001,0.0000,271.7936,0.0057,-0.0714,-0.1104,0.3509,0.0000,0.0000,0.0000,0.0000,0.6419,1,0,0,0,0,3.2099
31.7053,178.9795,0.0864,102.9893,0.0001,0.0002,0.0000,0.0001,0.0000,271.7940,0.0060,-0.0714,-0.1104,0.3509,0.0000,0.0000,0.0000,0.0000,0.6419,1,0,0,0,0,3.2100
31.7560,178.9795,0.0864,102.9894,0.0001,0.0002,0.0000,0.0001,0.0000,271.7943,0.0048,-0.0714,-0.1104,0.3509,0.0000,0.0000,0.0000,0.0000,0.6419,1,0,0,0,0,3.2099
31.8139,178.9795,0.0864,102.9893,0.0001,0.0002,0.0000,0.0001,0.0000,271.7946,0.0063,-0.0714,-0.1104,0.3509,0.0000,0.0000,0.0000,0.0000,0.6419,1,0,0,0,0,3.2100
31.8652,178.9795,0.0864,102.9894,0.0001,0.0002,0.0000,0.0001,0.0000,271.7949,0.0060,-0.0714,-0.1104,0.3509,0.0000,0.0000,0.0000,0.0000,0.6419,1,0,0,0,0,3.2100
31.9239,178.9795,0.0864,102.9893,0.0001,0.0002,0.0000,0.0001,0.0000,271.7953,0.0073,-0.0714,-0.1104,0.3509,0.0000,0.0000,0.0000,0.0000,0.6419,1,0,0,0,0,3.2100
31.9865,178.9795,0.0864,102.9894,0.0001,0.0002,0.0000,0.0001,0.0000,271.7957,0.0049,-0.0714,-0.1104,0.3509,0.0000,0.0000,0.0000,0.0000,0.6419,1,0,0,0,0,3.2099
32.0407,178.9795,0.0864,102.9894,0.0001,0.0002,0.0000,0.0001,0.0000,271.7960,0.0056,-0.0714,-0.1104,0.3509,0.0000,0.0000,0.0000,0.0000,0.6419,1,0,0,0,0,3.2099
32.1036,178.9795,0.0864,102.9893,0.0001,0.0002,0.0000,0.0001,0.0000,271.7963,0.0058,-0.0714,-0.1104,0.3509,0.0000,0.0000,0.0000,0.0000,0.6419,1,0,0,0,0,3.2100
32.1554,178.9795,0.0864,102.9894,0.0001,0.0002,0.0000,0.0001,0.0000,271.7966,0.0047,-0.0714,-0.1104,0.3509,0.0000,0.0000,0.0000,0.0000,0.6419,1,0,0,0,0,3.2099
32.2145,178.9795,0.0864,102.9894,0.0001,0.0002,0.0000,0.0001,0.0000,271.7970,0.0072,-0.0714,-0.1104,0.3509,0.0000,0.0000,0.0000,0.0000,0.6419,1,0,0,0,0,3.2100
32.2710,178.9795,0.0864,102.9894,0.0001,0.0002,0.0000,0.0001,0.0000,271.7974,0.0070,-0.0714,-0.1104,0.3509,0.0000,0.0000,0.0000,0.0000,0.6419,1,0,0,0,0,3.2100
32.3238,178.9795,0.0864,102.9894,0.0001,0.0002,0.0000,0.0001,0.0000,271.7978,0.0075,-0.0714,-0.1104,0.3509,0.0000,0.0000,0.0000,0.0000,0.6419,1,0,0,0,0,3.2101
32.3752,178.9795,0.0864,102.9893,0.0001,0.0002,0.0000,0.0001,0.0000,271.7980,0.0047,-0.0714,-0.1104,0.3509,0.0000,0.0000,0.0000,0.0000,0.6419,1,0,0,0,0,3.2099
32.4270,178.9795,0.0864,102.9894,0.0001,0.0002,0.0000,0.0001,0.0000,271.7983,0.0059,-0.0714,-0.1104,0.3509,0.0000,0.0000,0.0000,0.0000,0.6419,1,0,0,0,0,3.2100
32.4880,178.9795,0.0864,102.9894,0.0001,0.0002,0.0000,0.0001,0.0000,271.7986,0.0050,-0.0714,-0.1104,0.3509,0.0000,0.0000,0.0000,0.0000,0.6419,1,0,0,0,0,3.2099
32.5388,178.9795,0.0864,102.9894,0.0001,0.0002,0.0000,0.0001,0.0000,271.7990,0.0060,-0.0714,-0.1104,0.3509,0.0000,0.0000,0.0000,0.0000,0.6419,1,0,0,0,0,3.2100
32.6001,178.9795,0.0864,102.9894,0.0001,0.0002,0.0000,0.0001,0.0000,271.7993,0.0050,-0.0714,-0.1104,0.3509,0.0000,0.0000,0.0000,0.0000,0.6419,1,0,0,0,0,3.2099
32.6597,178.9795,0.0864,102.9894,0.0001,0.0002,0.0000,0.0001,0.0000,271.7996,0.0051,-0.0714,-0.1104,0.3509,0.0000,0.0000,0.0000,0.0000,0.6419,1,0,0,0,0,3.2099
32.7119,178.9795,0.0864,102.9894,0.0001,0.0002,0.0000,0.0001,0.0000,271.7998,0.0041,-0.0714,-0.1104,0.3509,0.0000,0.0000,0.0000,0.0000,0.6419,1,0,0,0,0,3.2099
32.7629,178.9795,0.0864,102.9894,0.0001,0.0002,0.0000,0.0001,0.0000,271.8000,0.0042,-0.0714,-0.1104,0.3509,0.0000,0.0000,0.0000,0.0000,0.6419,1,0,0,0,0,3.2099
32.8132,178.9795,0.0864,102.9894,0.0001,0.0002,0.0000,0.0001,0.0000,271.8002,0.0049,-0.0714,-0.1104,0.3509,0.0000,0.0000,0.0000,0.0000,0.6419,1,0,0,0,0,3.2099
32.8696,178.9795,0.0864,102.9894,0.0001,0.0002,0.0000,0.0001,0.0000,271.8005,0.0043,-0.0714,-0.1104,0.3509,0.0000,0.0000,0.0000,0.0000,0.6419,1,0,0,0,0,3.2099
32.9394,178.9795,0.0864,102.9894,0.0001,0.0002,0.0000,0.0001,0.0000,271.8008,0.0052,-0.0714,-0.1104,0.3509,0.0000,0.0000,0.0000,0.0000,0.6419,1,0,0,0,0,3.2099
32.9900,178.9795,0.0864,102.9893,0.0001,0.0002,0.0000,0.0001,0.0000,271.8011,0.0060,-0.0714,-0.1104,0.3509,0.0000,0.0000,0.0000,0.0000,0.6419,1,0,0,0,0,3.2100
33.0403,178.9795,0.0864,102.9894,0.0001,0.0002,0.0000,0.0001,0.0000,271.8014,0.0055,-0.0714,-0.1104,0.3509,0.0000,0.0000,0.0000,0.0000,0.6419,1,0,0,0,0,3.2099
33.1003,178.9795,0.0864,102.9894,0.0001,0.0002,0.0000,0.0001,0.0000,271.8018,0.0066,-0.0714,-0.1104,0.3509,0.0000,0.0000,0.0000,0.0000,0.6419,1,0,0,0,0,3.2100
33.1586,178.9795,0.0864,102.9894,0.0001,0.0002,0.0000,0.0001,0.0000,271.8021,0.0052,-0.0714,-0.1104,0.3509,0.0000,0.0000,0.0000,0.0000,0.6419,1,0,0,0,0,3.2099
33.2130,178.9795,0.0864,102.9894,0.0001,0.0002,0.0000,0.0001,0.0000,271.8024,0.0045,-0.0714,-0.1104,0.3509,0.0000,0.0000,0.0000,0.0000,0.6419,1,0,0,0,0,3.2099
33.2689,178.9795,0.0864,102.9894,0.0001,0.0002,0.0000,0.0001,0.0000,271.8027,0.0066,-0.0714,-0.1104,0.3509,0.0000,0.0000,0.0000,0.0000,0.6419,1,0,0,0,0,3.2100
33.3210,178.9795,0.0864,102.9894,0.0001,0.0002,0.0000,0.0001,0.0000,271.8030,0.0047,-0.0714,-0.1104,0.3509,0.0000,0.0000,0.0000,0.0000,0.6419,1,0,0,0,0,3.2099
33.3710,178.9795,0.0864,102.9893,0.0001,0.0002,0.0000,0.0001,0.0000,271.8033,0.0061,-0.0714,-0.1104,0.3509,0.0000,0.0000,0.0000,0.0000,0.6419,1,0,0,0,0,3.2100
33.4224,178.9795,0.0864,102.9894,0.0001,0.0002,0.0000,0.0001,0.0000,271.8036,0.0059,-0.0714,-0.1104,0.3509,0.0000,0.0000,0.0000,0.0000,0.6419,1,0,0,0,0,3.2100
33.4769,178.9795,0.0864,102.9894,0.0001,0.0002,0.0000,0.0001,0.0000,271.8038,0.0045,-0.0714,-0.1104,0.3509,0.0000,0.0000,0.0000,0.0000,0.6419,1,0,0,0,0,3.2099
33.5365,178.9795,0.0864,102.9894,0.0001,0.0002,0.0000,0.0001,0.0000,271.8042,0.0061,-0.0714,-0.1104,0.3509,0.0000,0.0000,0.0000,0.0000,0.6419,1,0,0,0,0,3.2100
33.5924,178.9795,0.0864,102.9894,0.0001,0.0002,0.0000,0.0001,0.0000,271.8046,0.0065,-0.0714,-0.1104,0.3509,0.0000,0.0000,0.0000,0.0000,0.6419,1,0,0,0,0,3.2100
33.6442,178.9795,0.0864,102.9894,0.0001,0.0002,0.0000,0.0001,0.0000,271.8049,0.0059,-0.0714,-0.1104,0.3509,0.0000,0.0000,0.0000,0.0000,0.6419,1,0,0,0,0,3.2100
33.6960,178.9795,0.0864,102.9894,0.0001,0.0002,0.0000,0.0001,0.0000,271.8051,0.0047,-0.0714,-0.1104,0.3509,0.0000,0.0000,0.0000,0.0000,0.6419,1,0,0,0,0,3.2099
33.7528,178.9795,0.0864,102.9894,0.0001,0.0002,0.0000,0.0001,0.0000,271.8054,0.0054,-0.0714,-0.1104,0.3509,0.0000,0.0000,0.0000,0.0000,0.6419,1,0,0,0,0,3.2099
33.8038,178.9795,0.0864,102.9894,0.0001,0.0002,0.0000,0.0001,0.0000,271.8057,0.0060,-0.0714,-0.1104,0.3509,0.0000,0.0000,0.0000,0.0000,0.6419,1,0,0,0,0,3.2100
33.8566,178.9795,0.0864,102.9894,0.0001,0.0002,0.0000,0.0001,0.0000,271.8061,0.0075,-0.0714,-0.1104,0.3509,0.0000,0.0000,0.0000,0.0000,0.6419,1,0,0,0,0,3.2101
33.9084,178.9795,0.0864,102.9893,0.0001,0.0002,0.0000,0.0001,0.0000,271.8065,0.0065,-0.0714,-0.1104,0.3509,0.0000,0.0000,0.0000,0.0000,0.6419,1,0,0,0,0,3.2100
33.9704,178.9795,0.0864,102.9894,0.0001,0.0002,0.0000,0.0001,0.0000,271.8068,0.0059,-0.0714,-0.1104,0.3509,0.0000,0.0000,0.0000,0.0000,0.6419,1,0,0,0,0,3.2100
34.0236,178.9795,0.0864,102.9893,0.0001,0.0002,0.0000,0.0001,0.0000,271.8071,0.0057,-0.0714,-0.1104,0.3509,0.0000,0.0000,0.0000,0.0000,0.6419,1,0,0,0,0,3.2100
34.0809,178.9795,0.0864,102.9893,0.0001,0.0002,0.0000,0.0001,0.0000,271.8075,0.0059,-0.0714,-0.1104,0.3509,0.0000,0.0000,0.0000,0.0000,0.6419,1,0,0,0,0,3.2100
34.1329,178.9795,0.0864,102.9894,0.0001,0.0002,0.0000,0.0001,0.0000,271.8078,0.0065,-0.0714,-0.1104,0.3509,0.0000,0.0000,0.0000,0.0000,0.6419,1,0,0,0,0,3.2100
34.1835,178.9795,0.0864,102.9894,0.0001,0.0002,0.0000,0.0001,0.0000,271.8081,0.0060,-0.0714,-0.1104,0.3509,0.0000,0.0000,0.0000,0.0000,0.6419,1,0,0,0,0,3.2100
34.2337,178.9795,0.0864,102.9894,0.0001,0.0002,0.0000,0.0001,0.0000,271.8085,0.0073,-0.0714,-0.1104,0.3509,0.0000,0.0000,0.0000,0.0000,0.6419,1,0,0,0,0,3.2100
34.2848,178.9795,0.0864,102.9894,0.0001,0.0002,0.0000,0.0001,0.0000,271.8087,0.0048,-0.0714,-0.1104,0.3509,0.0000,0.0000,0.0000,0.0000,0.6419,1,0,0,0,0,3.2099
34.3365,178.9795,0.0864,102.9894,0.0001,0.0002,0.0000,0.0001,0.0000,271.8090,0.0059,-0.0714,-0.1104,0.3509,0.0000,0.0000,0.0000,0.0000,0.6419,1,0,0,0,0,3.2100
34.3980,178.9795,0.0864,102.9894,0.0001,0.0002,0.0000,0.0001,0.0000,271.8094,0.0055,-0.0714,-0.1104,0.3509,0.0000,0.0000,0.0000,0.0000,0.6419,1,0,0,0,0,3.2099
34.4502,178.9795,0.0864,102.9894,0.0001,0.0002,0.0000,0.0001,0.0000,271.8097,0.0058,-0.0714,-0.1104,0.3509,0.0000,0.0000,0.0000,0.0000,0.6419,1,0,0,0,0,3.2100
34.5037,178.9795,0.0864,102.9893,0.0001,0.0002,0.0000,0.0001,0.0000,271.8099,0.0046,-0.0714,-0.1104,0.3509,0.0000,0.0000,0.0000,0.0000,0.6419,1,0,0,0,0,3.2099
34.5606,178.9795,0.0864,102.9894,0.0001,0.0002,0.0000,0.0001,0.0000,271.8102,0.0048,-0.0714,-0.1104,0.3509,0.0000,0.0000,0.0000,0.0000,0.6419,1,0,0,0,0,3.2099
34.6192,178.9795,0.0864,102.9894,0.0001,0.0002,0.0000,0.0001,0.0000,271.8105,0.0047,-0.0714,-0.1104,0.3509,0.0000,0.0000,0.0000,0.0000,0.6419,1,0,0,0,0,3.2099
34.6769,178.9795,0.0864,102.9894,0.0001,0.0002,0.0000,0.0001,0.0000,271.8107,0.0048,-0.0714,-0.1104,0.3509,0.0000,0.0000,0.0000,0.0000,0.6419,1,0,0,0,0,3.2099
34.7358,178.9795,0.0864,102.9894,0.0001,0.0002,0.0000,0.0001,0.0000,271.8110,0.0041,-0.0714,-0.1104,0.3509,0.0000,0.0000,0.0000,0.0000,0.6419,1,0,0,0,0,3.2099
34.7974,178.9795,0.0864,102.9894,0.0001,0.0002,0.0000,0.0001,0.0000,271.8112,0.0040,-0.0714,-0.1104,0.3509,0.0000,0.0000,0.0000,0.0000,0.6419,1,0,0,0,0,3.2099
34.8580,178.9795,0.0864,102.9894,0.0001,0.0002,0.0000,0.0001,0.0000,271.8116,0.0060,-0.0714,-0.1104,0.3509,0.0000,0.0000,0.0000,0.0000,0.6419,1,0,0,0,0,3.2100
34.9172,178.9795,0.0864,102.9894,0.0001,0.0002,0.0000,0.0001,0.0000,271.8119,0.0052,-0.0714,-0.1104,0.3509,0.0000,0.0000,0.0000,0.0000,0.6419,1,0,0,0,0,3.2099
34.9700,178.9795,0.0864,102.9893,0.0001,0.0002,0.0000,0.0001,0.0000,271.8122,0.0064,-0.0714,-0.1104,0.3509,0.0000,0.0000,0.0000,0.0000,0.6419,1,0,0,0,0,3.2100
35.0254,178.9795,0.0864,102.9894,0.0001,0.0002,0.0000,0.0001,0.0000,271.8126,0.0061,-0.0714,-0.1104,0.3509,0.0000,0.0000,0.0000,0.0000,0.6419,1,0,0,0,0,3.2100
35.0846,178.9795,0.0864,102.9894,0.0001,0.0002,0.0000,0.0001,0.0000,271.8129,0.0052,-0.0714,-0.1104,0.3509,0.0000,0.0000,0.0000,0.0000,0.6419,1,0,0,0,0,3.2099
35.1429,178.9795,0.0864,102.9894,0.0001,0.0002,0.0000,0.0001,0.0000,271.8133,0.0073,-0.0714,-0.1104,0.3509,0.0000,0.0000,0.0000,0.0000,0.6419,1,0,0,0,0,3.2100
35.1939,178.9795,0.0864,102.9894,0.0001,0.0002,0.0000,0.0001,0.0000,271.8135,0.0048,-0.0714,-0.1104,0.3509,0.0000,0.0000,0.0000,0.0000,0.6419,1,0,0,0,0,3.2099
35.2458,178.9795,0.0864,102.9893,0.0001,0.0002,0.0000,0.0001,0.0000,271.8138,0.0059,-0.0714,-0.1104,0.3509,0.0000,0.0000,0.0000,0.0000,0.6419,1,0,0,0,0,3.2100
35.3015,178.9795,0.0864,102.9893,0.0001,0.0002,0.0000,0.0001,0.0000,271.8141,0.0055,-0.0714,-0.1104,0.3509,0.0000,0.0000,0.0000,0.0000,0.6419,1,0,0,0,0,3.2099
35.3540,178.9795,0.0864,102.9894,0.0001,0.0002,0.0000,0.0001,0.0000,271.8145,0.0058,-0.0714,-0.1104,0.3509,0.0000,0.0000,0.0000,0.0000,0.6419,1,0,0,0,0,3.2100
35.4043,178.9795,0.0864,102.9894,0.0001,0.0002,0.0000,0.0001,0.0000,271.8147,0.0049,-0.0714,-0.1104,0.3509,0.0000,0.0000,0.0000,0.0000,0.6419,1,0,0,0,0,3.2099
35.4656,178.9795,0.0864,102.9894,0.0001,0.0002,0.0000,0.0001,0.0000,271.8151,0.0060,-0.0714,-0.1104,0.3509,0.0000,0.0000,0.0000,0.0000,0.6419,1,0,0,0,0,3.2100
35.5212,178.9795,0.0864,102.9893,0.0001,0.0002,0.0000,0.0001,0.0000,271.8154,0.0055,-0.0714,-0.1104,0.3509,0.0000,0.0000,0.0000,0.0000,0.6419,1,0,0,0,0,3.2099
35.5782,178.9795,0.0864,102.9894,0.0001,0.0002,0.0000,0.0001,0.0000,271.8157,0.0054,-0.0714,-0.1104,0.3509,0.0000,0.0000,0.0000,0.0000,0.6419,1,0,0,0,0,3.2099
35.6304,178.9795,0.0864,102.9894,0.0001,0.0002,0.0000,0.0001,0.0000,271.8159,0.0053,-0.0714,-0.1104,0.3509,0.0000,0.0000,0.0000,0.0000,0.6419,1,0,0,0,0,3.2099
35.6909,178.9795,0.0864,102.9894,0.0001,0.0002,0.0000,0.0001,0.0000,271.8163,0.0066,-0.0714,-0.1104,0.3509,0.0000,0.0000,0.0000,0.0000,0.6419,1,0,0,0,0,3.2100
35.7434,178.9795,0.0864,102.9894,0.0001,0.0002,0.0000,0.0001,0.0000,271.8167,0.0058,-0.0714,-0.1104,0.3509,0.0000,0.0000,0.0000,0.0000,0.6419,1,0,0,0,0,3.2100
35.8005,178.9795,0.0864,102.9894,0.0001,0.0002,0.0000,0.0001,0.0000,271.8170,0.0059,-0.0714,-0.1104,0.3509,0.0000,0.0000,0.0000,0.0000,0.6419,1,0,0,0,0,3.2100
35.8557,178.9795,0.0864,102.9894,0.0001,0.0002,0.0000,0.0001,0.0000,271.8174,0.0066,-0.0714,-0.1104,0.3509,0.0000,0.0000,0.0000,0.0000,0.6419,1,0,0,0,0,3.2100
35.9159,178.9795,0.0864,102.9894,0.0001,0.0002,0.0000,0.0001,0.0000,271.8177,0.0066,-0.0714,-0.1104,0.3509,0.0000,0.0000,0.0000,0.0000,0.6419,1,0,0,0,0,3.2100
35.9744,178.9795,0.0864,102.9894,0.0001,0.0002,0.0000,0.0001,0.0000,271.8181,0.0052,-0.0714,-0.1104,0.3509,0.0000,0.0000,0.0000,0.0000,0.6419,1,0,0,0,0,3.2099
36.0324,178.9795,0.0864,102.9894,0.0001,0.0002,0.0000,0.0001,0.0000,271.8184,0.0063,-0.0714,-0.1104,0.3509,0.0000,0.0000,0.0000,0.0000,0.6419,1,0,0,0,0,3.2100
36.0881,178.9795,0.0864,102.9894,0.0001,0.0002,0.0000,0.0001,0.0000,271.8188,0.0066,-0.0714,-0.1104,0.3509,0.0000,0.0000,0.0000,0.0000,0.6419,1,0,0,0,0,3.2100
36.1473,178.9795,0.0864,102.9894,0.0001,0.0002,0.0000,0.0001,0.0000,271.8192,0.0067,-0.0714,-0.1104,0.3509,0.0000,0.0000,0.0000,0.0000,0.6419,1,0,0,0,0,3.2100
36.1991,178.9795,0.0864,102.9894,0.0001,0.0002,0.0000,0.0001,0.0000,271.8195,0.0065,-0.0714,-0.1104,0.3509,0.0000,0.0000,0.0000,0.0000,0.6419,1,0,0,0,0,3.2100
36.2566,178.9795,0.0864,102.9894,0.0001,0.0002,0.0000,0.0001,0.0000,271.8199,0.0058,-0.0714,-0.1104,0.3509,0.0000,0.0000,0.0000,0.0000,0.6419,1,0,0,0,0,3.2100
36.3068,178.9795,0.0864,102.9894,0.0001,0.0002,0.0000,0.0001,0.0000,271.8201,0.0055,-0.0714,-0.1104,0.3509,0.0000,0.0000,0.0000,0.0000,0.6419,1,0,0,0,0,3.2099
36.3684,178.9795,0.0864,102.9894,0.0001,0.0002,0.0000,0.0001,0.0000,271.8204,0.0049,-0.0714,-0.1104,0.3509,0.0000,0.0000,0.0000,0.0000,0.6419,1,0,0,0,0,3.2099
36.4262,178.9795,0.0864,102.9894,0.0001,0.0002,0.0000,0.0001,0.0000,271.8207,0.0042,-0.0714,-0.1104,0.3509,0.0000,0.0000,0.0000,0.0000,0.6419,1,0,0,0,0,3.2099
36.4801,178.9795,0.0864,102.9894,0.0001,0.0002,0.0000,0.0001,0.0000,271.8210,0.0051,-0.0714,-0.1104,0.3509,0.0000,0.0000,0.0000,0.0000,0.6419,1,0,0,0,0,3.2099
36.5424,178.9795,0.0864,102.9894,0.0001,0.0002,0.0000,0.0001,0.0000,271.8213,0.0049,-0.0714,-0.1104,0.3509,0.0000,0.0000,0.0000,0.0000,0.6419,1,0,0,0,0,3.2099
36.6010,178.9795,0.0864,102.9893,0.0001,0.0002,0.0000,0.0001,0.0000,271.8215,0.0036,-0.0714,-0.1104,0.3509,0.0000,0.0000,0.0000,0.0000,0.6419,1,0,0,0,0,3.2098
36.6578,178.9795,0.0864,102.9894,0.0001,0.0002,0.0000,0.0001,0.0000,271.8217,0.0043,-0.0714,-0.1124,0.3509,0.0000,0.0000,0.0000,0.0000,0.6419,1,0,0,0,0,3.2099
36.7116,178.9795,0.0864,102.9894,0.0001,0.0002,0.0000,0.0001,0.0000,271.8220,0.0051,-0.0714,-0.1124,0.3509,0.0000,0.0000,0.0000,0.0000,0.6419,1,0,0,0,0,3.2099
36.7619,178.9795,0.0864,102.9894,0.0001,0.0002,0.0000,0.0001,0.0000,271.8222,0.0042,-0.0714,-0.1124,0.3509,0.0000,0.0000,0.0000,0.0000,0.6419,1,0,0,0,0,3.2099
36.8123,178.9795,0.0864,102.9894,0.0001,0.0002,0.0000,0.0001,0.0000,271.8225,0.0061,-0.0714,-0.1124,0.3509,0.0000,0.0000,0.0000,0.0000,0.6419,1,0,0,0,0,3.2100
36.8644,178.9795,0.0864,102.9894,0.0001,0.0002,0.0000,0.0001,0.0000,271.8228,0.0059,-0.0714,-0.1124,0.3509,0.0000,0.0000,0.0000,0.0000,0.6419,1,0,0,0,0,3.2100
36.9153,178.9795,0.0864,102.9893,0.0001,0.0002,0.0000,0.0001,0.0000,271.8231,0.0048,-0.0714,-0.1124,0.3509,0.0000,0.0000,0.0000,0.0000,0.6419,1,0,0,0,0,3.2099
36.9745,178.9795,0.0864,102.9894,0.0001,0.0002,0.0000,0.0001,0.0000,271.8234,0.0062,-0.0714,-0.1124,0.3509,0.0000,0.0000,0.0000,0.0000,0.6419,1,0,0,0,0,3.2100
37.0247,178.9795,0.0864,102.9894,0.0001,0.0002,0.0000,0.0001,0.0000,271.8237,0.0049,-0.0714,-0.1124,0.3509,0.0000,0.0000,0.0000,0.0000,0.6419,1,0,0,0,0,3.2099
37.0852,178.9795,0.0864,102.9894,0.0001,0.0002,0.0000,0.0001,0.0000,271.8240,0.0061,-0.0714,-0.1124,0.3509,0.0000,0.0000,0.0000,0.0000,0.6419,1,0,0,0,0,3.2100
37.1407,178.9795,0.0864,102.9894,0.0001,0.0002,0.0000,0.0001,0.0000,271.8245,0.0077,-0.0714,-0.1124,0.3509,0.0000,0.0000,0.0000,0.0000,0.6419,1,0,0,0,0,3.2101
37.1921,178.9795,0.0864,102.9893,0.0001,0.0002,0.0000,0.0001,0.0000,271.8247,0.0053,-0.0714,-0.1124,0.3509,0.0000,0.0000,0.0000,0.0000,0.6419,1,0,0,0,0,3.2099
37.2428,178.9795,0.0864,102.9894,0.0001,0.0002,0.0000,0.0001,0.0000,271.8251,0.0066,-0.0714,-0.1124,0.3509,0.0000,0.0000,0.0000,0.0000,0.6419,1,0,0,0,0,3.2100
37.2949,178.9795,0.0864,102.9894,0.0001,0.0002,0.0000,0.0001,0.0000,271.8253,0.0047,-0.0714,-0.1124,0.3509,0.0000,0.0000,0.0000,0.0000,0.6419,1,0,0,0,0,3.2099
37.3453,178.9795,0.0864,102.9894,0.0001,0.0002,0.0000,0.0001,0.0000,271.8256,0.0061,-0.0714,-0.1124,0.3509,0.0000,0.0000,0.0000,0.0000,0.6419,1,0,0,0,0,3.2100
37.3967,178.9795,0.0864,102.9894,0.0001,0.0002,0.0000,0.0001,0.0000,271.8259,0.0059,-0.0714,-0.1124,0.3509,0.0000,0.0000,0.0000,0.0000,0.6419,1,0,0,0,0,3.2100
37.4569,178.9795,0.0864,102.9894,0.0001,0.0002,0.0000,0.0001,0.0000,271.8262,0.0051,-0.0714,-0.1124,0.3509,0.0000,0.0000,0.0000,0.0000,0.6419,1,0,0,0,0,3.2099
37.5150,178.9795,0.0864,102.9893,0.0001,0.0002,0.0000,0.0001,0.0000,271.8265,0.0053,-0.0714,-0.1124,0.3509,0.0000,0.0000,0.0000,0.0000,0.6419,1,0,0,0,0,3.2099
37.5731,178.9795,0.0864,102.9894,0.0001,0.0002,0.0000,0.0001,0.0000,271.8268,0.0053,-0.0714,-0.1124,0.3509,0.0000,0.0000,0.0000,0.0000,0.6419,1,0,0,0,0,3.2099
37.6297,178.9795,0.0864,102.9894,0.0001,0.0002,0.0000,0.0001,0.0000,271.8272,0.0065,-0.0714,-0.1124,0.3509,0.0000,0.0000,0.0000,0.0000,0.6419,1,0,0,0,0,3.2100
37.6815,178.9795,0.0864,102.9894,0.0001,0.0002,0.0000,0.0001,0.0000,271.8275,0.0047,-0.0714,-0.1124,0.3509,0.0000,0.0000,0.0000,0.0000,0.6419,1,0,0,0,0,3.2099
37.7330,178.9795,0.0864,102.9894,0.0001,0.0002,0.0000,0.0001,0.0000,271.8278,0.0059,-0.0714,-0.1124,0.3509,0.0000,0.0000,0.0000,0.0000,0.6419,1,0,0,0,0,3.2100
37.7932,178.9795,0.0864,102.9894,0.0001,0.0002,0.0000,0.0001,0.0000,271.8281,0.0051,-0.0714,-0.1124,0.3509,0.0000,0.0000,0.0000,0.0000,0.6419,1,0,0,0,0,3.2099
37.8432,178.9795,0.0864,102.9894,0.0001,0.0002,0.0000,0.0001,0.0000,271.8284,0.0073,-0.0714,-0.1124,0.3509,0.0000,0.0000,0.0000,0.0000,0.6419,1,0,0,0,0,3.2100
37.8937,178.9795,0.0864,102.9894,0.0001,0.0002,0.0000,0.0001,0.0000,271.8287,0.0060,-0.0714,-0.1124,0.3509,0.0000,0.0000,0.0000,0.0000,0.6419,1,0,0,0,0,3.2100
37.9450,178.9795,0.0864,102.9893,0.0001,0.0002,0.0000,0.0001,0.0000,271.8290,0.0060,-0.0714,-0.1124,0.3509,0.0000,0.0000,0.0000,0.0000,0.6419,1,0,0,0,0,3.2100
38.0040,178.9795,0.0864,102.9894,0.0001,0.0002,0.0000,0.0001,0.0000,271.8293,0.0052,-0.0714,-0.1124,0.3509,0.0000,0.0000,0.0000,0.0000,0.6419,1,0,0,0,0,3.2099
38.0565,178.9795,0.0864,102.9894,0.0001,0.0002,0.0000,0.0001,0.0000,271.8297,0.0070,-0.0714,-0.1124,0.3509,0.0000,0.0000,0.0000,0.0000,0.6419,1,0,0,0,0,3.2100
38.1084,178.9795,0.0864,102.9894,0.0001,0.0002,0.0000,0.0001,0.0000,271.8301,0.0071,-0.0714,-0.1124,0.3509,0.0000,0.0000,0.0000,0.0000,0.6419,1,0,0,0,0,3.2100
38.1673,178.9795,0.0864,102.9894,0.0001,0.0002,0.0000,0.0001,0.0000,271.8304,0.0052,-0.0714,-0.1124,0.3509,0.0000,0.0000,0.0000,0.0000,0.6419,1,0,0,0,0,3.2099
38.2179,178.9795,0.0864,102.9894,0.0001,0.0002,0.0000,0.0001,0.0000,271.8307,0.0060,-0.0714,-0.1124,0.3509,0.0000,0.0000,0.0000,0.0000,0.6419,1,0,0,0,0,3.2100
38.2688,178.9795,0.0864,102.9894,0.0001,0.0002,0.0000,0.0001,0.0000,271.8309,0.0048,-0.0714,-0.1124,0.3509,0.0000,0.0000,0.0000,0.0000,0.6419,1,0,0,0,0,3.2099
38.3219,178.9795,0.0864,102.9894,0.0001,0.0002,0.0000,0.0001,0.0000,271.8312,0.0058,-0.0714,-0.1124,0.3509,0.0000,0.0000,0.0000,0.0000,0.6419,1,0,0,0,0,3.2100
38.3727,178.9795,0.0864,102.9893,0.0001,0.0002,0.0000,0.0001,0.0000,271.8315,0.0042,-0.0714,-0.1124,0.3509,0.0000,0.0000,0.0000,0.0000,0.6419,1,0,0,0,0,3.2099
38.4240,178.9795,0.0864,102.9894,0.0001,0.0002,0.0000,0.0001,0.0000,271.8316,0.0036,-0.0714,-0.1124,0.3509,0.0000,0.0000,0.0000,0.0000,0.6419,1,0,0,0,0,3.2098
38.4758,178.9795,0.0864,102.9894,0.0001,0.0002,0.0000,0.0001,0.0000,271.8318,0.0041,-0.0714,-0.1124,0.3509,0.0000,0.0000,0.0000,0.0000,0.6419,1,0,0,0,0,3.2099
38.5340,178.9795,0.0864,102.9894,0.0001,0.0002,0.0000,0.0001,0.0000,271.8321,0.0042,-0.0714,-0.1124,0.3509,0.0000,0.0000,0.0000,0.0000,0.6419,1,0,0,0,0,3.2099
38.5857,178.9795,0.0864,102.9893,0.0001,0.0002,0.0000,0.0001,0.0000,271.8324,0.0053,-0.0714,-0.1124,0.3509,0.0000,0.0000,0.0000,0.0000,0.6419,1,0,0,0,0,3.2099
38.6388,178.9795,0.0864,102.9894,0.0001,0.0002,0.0000,0.0001,0.0000,271.8326,0.0040,-0.0714,-0.1124,0.3509,0.0000,0.0000,0.0000,0.0000,0.6419,1,0,0,0,0,3.2099
38.6946,178.9795,0.0864,102.9894,0.0001,0.0002,0.0000,0.0001,0.0000,271.8329,0.0049,-0.0714,-0.1124,0.3509,0.0000,0.0000,0.0000,0.0000,0.6419,1,0,0,0,0,3.2099
38.7489,178.9795,0.0864,102.9894,0.0001,0.0002,0.0000,0.0001,0.0000,271.8331,0.0039,-0.0714,-0.1124,0.3509,0.0000,0.0000,0.0000,0.0000,0.6419,1,0,0,0,0,3.2099
38.8067,178.9795,0.0864,102.9894,0.0001,0.0002,0.0000,0.0001,0.0000,271.8333,0.0042,-0.0714,-0.1124,0.3509,0.0000,0.0000,0.0000,0.0000,0.6419,1,0,0,0,0,3.2099
38.8573,178.9795,0.0864,102.9893,0.0001,0.0002,0.0000,0.0001,0.0000,271.8335,0.0042,-0.0714,-0.1124,0.3509,0.0000,0.0000,0.0000,0.0000,0.6419,1,0,0,0,0,3.2099
38.9080,178.9795,0.0864,102.9893,0.0001,0.0002,0.0000,0.0001,0.0000,271.8338,0.0054,-0.0714,-0.1124,0.3509,0.0000,0.0000,0.0000,0.0000,0.6419,1,0,0,0,0,3.2099
38.9616,178.9795,0.0864,102.9894,0.0001,0.0002,0.0000,0.0001,0.0000,271.8341,0.0057,-0.0714,-0.1124,0.3509,0.0000,0.0000,0.0000,0.0000,0.6419,1,0,0,0,0,3.2100
39.0224,178.9795,0.0864,102.9894,0.0001,0.0002,0.0000,0.0001,0.0000,271.8344,0.0050,-0.0714,-0.1124,0.3509,0.0000,0.0000,0.0000,0.0000,0.6419,1,0,0,0,0,3.2099
39.0822,178.9795,0.0864,102.9894,0.0001,0.0002,0.0000,0.0001,0.0000,271.8347,0.0051,-0.0714,-0.1124,0.3509,0.0000,0.0000,0.0000,0.0000,0.6419,1,0,0,0,0,3.2099
39.1386,178.9795,0.0864,102.9894,0.0001,0.0002,0.0000,0.0001,0.0000,271.8352,0.0087,-0.0714,-0.1124,0.3509,0.0000,0.0000,0.0000,0.0000,0.6419,1,0,0,0,0,3.2101
39.1987,178.9795,0.0864,102.9893,0.0001,0.0002,0.0000,0.0001,0.0000,271.8356,0.0066,-0.0714,-0.1124,0.3509,0.0000,0.0000,0.0000,0.0000,0.6419,1,0,0,0,0,3.2100
39.2565,178.9795,0.0864,102.9893,0.0001,0.0002,0.0000,0.0001,0.0000,271.8359,0.0053,-0.0714,-0.1124,0.3509,0.0000,0.0000,0.0000,0.0000,0.6419,1,0,0,0,0,3.2099
39.3116,178.9795,0.0864,102.9894,0.0001,0.0002,0.0000,0.0001,0.0000,271.8362,0.0061,-0.0714,-0.1124,0.3509,0.0000,0.0000,0.0000,0.0000,0.6419,1,0,0,0,0,3.2100
39.3632,178.9795,0.0864,102.9894,0.0001,0.0002,0.0000,0.0001,0.0000,271.8365,0.0059,-0.0714,-0.1124,0.3509,0.0000,0.0000,0.0000,0.0000,0.6419,1,0,0,0,0,3.2100
39.4250,178.9795,0.0864,102.9894,0.0001,0.0002,0.0000,0.0001,0.0000,271.8369,0.0049,-0.0714,-0.1124,0.3509,0.0000,0.0000,0.0000,0.0000,0.6419,1,0,0,0,0,3.2099
39.4812,178.9795,0.0864,102.9894,0.0001,0.0002,0.0000,0.0001,0.0000,271.8372,0.0054,-0.0714,-0.1124,0.3509,0.0000,0.0000,0.0000,0.0000,0.6419,1,0,0,0,0,3.2099
39.5320,178.9795,0.0864,102.9894,0.0001,0.0002,0.0000,0.0001,0.0000,271.8375,0.0060,-0.0714,-0.1124,0.3509,0.0000,0.0000,0.0000,0.0000,0.6419,1,0,0,0,0,3.2100
39.5827,178.9795,0.0864,102.9894,0.0001,0.0002,0.0000,0.0001,0.0000,271.8378,0.0060,-0.0714,-0.1124,0.3509,0.0000,0.0000,0.0000,0.0000,0.6419,1,0,0,0,0,3.2100
39.6430,178.9795,0.0864,102.9894,0.0001,0.0002,0.0000,0.0001,0.0000,271.8381,0.0056,-0.0714,-0.1124,0.3509,0.0000,0.0000,0.0000,0.0000,0.6419,1,0,0,0,0,3.2099
39.6975,178.9795,0.0864,102.9894,0.0001,0.0002,0.0000,0.0001,0.0000,271.8384,0.0062,-0.0714,-0.1124,0.3509,0.0000,0.0000,0.0000,0.0000,0.6419,1,0,0,0,0,3.2100
39.7520,178.9795,0.0864,102.9894,0.0001,0.0002,0.0000,0.0001,0.0000,271.8388,0.0062,-0.0714,-0.1124,0.3509,0.0000,0.0000,0.0000,0.0000,0.6419,1,0,0,0,0,3.2100
39.8089,178.9795,0.0864,102.9894,0.0001,0.0002,0.0000,0.0001,0.0000,271.8391,0.0059,-0.0714,-0.1124,0.3509,0.0000,0.0000,0.0000,0.0000,0.6419,1,0,0,0,0,3.2100
39.8641,178.9795,0.0864,102.9894,0.0001,0.0002,0.0000,0.0001,0.0000,271.8394,0.0055,-0.0714,-0.1124,0.3509,0.0000,0.0000,0.0000,0.0000,0.6419,1,0,0,0,0,3.2099
39.9223,178.9795,0.0864,102.9894,0.0001,0.0002,0.0000,0.0001,0.0000,271.8398,0.0073,-0.0714,-0.1124,0.3509,0.0000,0.0000,0.0000,0.0000,0.6419,1,0,0,0,0,3.2100
39.9734,178.9795,0.0864,102.9894,0.0001,0.0002,0.0000,0.0001,0.0000,271.8401,0.0060,-0.0714,-0.1124,0.3509,0.0000,0.0000,0.0000,0.0000,0.6419,1,0,0,0,0,3.2100
40.0318,178.9795,0.0864,102.9894,0.0001,0.0002,0.0000,0.0001,0.0000,271.8405,0.0068,-0.0714,-0.1124,0.3509,0.0000,0.0000,0.0000,0.0000,0.6419,1,0,0,0,0,3.2100
40.0839,178.9795,0.0864,102.9894,0.0001,0.0002,0.0000,0.0001,0.0000,271.8409,0.0070,-0.0714,-0.1124,0.3509,0.0000,0.0000,0.0000,0.0000,0.6419,1,0,0,0,0,3.2100
40.1340,178.9795,0.0864,102.9894,0.0001,0.0002,0.0000,0.0001,0.0000,271.8412,0.0055,-0.0714,-0.1124,0.3509,0.0000,0.0000,0.0000,0.0000,0.6419,1,0,0,0,0,3.2099
40.1899,178.9795,0.0864,102.9894,0.0001,0.0002,0.0000,0.0001,0.0000,271.8415,0.0055,-0.0714,-0.1124,0.3509,0.0000,0.0000,0.0000,0.0000,0.6419,1,0,0,0,0,3.2099
40.2504,178.9795,0.0864,102.9894,0.0001,0.0002,0.0000,0.0001,0.0000,271.8419,0.0071,-0.0714,-0.1124,0.3509,0.0000,0.0000,0.0000,0.0000,0.6419,1,0,0,0,0,3.2100
40.3006,178.9795,0.0864,102.9894,0.0001,0.0002,0.0000,0.0001,0.0000,271.8421,0.0043,-0.0714,-0.1124,0.3509,0.0000,0.0000,0.0000,0.0000,0.6419,1,0,0,0,0,3.2099
40.3508,178.9795,0.0864,102.9894,0.0001,0.0002,0.0000,0.0001,0.0000,271.8423,0.0042,-0.0714,-0.1124,0.3509,0.0000,0.0000,0.0000,0.0000,0.6419,1,0,0,0,0,3.2099
40.4089,178.9795,0.0864,102.9894,0.0001,0.0002,0.0000,0.0001,0.0000,271.8426,0.0042,-0.0714,-0.1124,0.3509,0.0000,0.0000,0.0000,0.0000,0.6419,1,0,0,0,0,3.2099
40.4598,178.9795,0.0864,102.9894,0.0001,0.0002,0.0000,0.0001,0.0000,271.8428,0.0048,-0.0714,-0.1124,0.3509,0.0000,0.0000,0.0000,0.0000,0.6419,1,0,0,0,0,3.2099
40.5180,178.9795,0.0864,102.9894,0.0001,0.0002,0.0000,0.0001,0.0000,271.8431,0.0052,-0.0714,-0.1124,0.3509,0.0000,0.0000,0.0000,0.0000,0.6419,1,0,0,0,0,3.2099
40.5689,178.9795,0.0864,102.9893,0.0001,0.0002,0.0000,0.0001,0.0000,271.8433,0.0036,-0.0714,-0.1124,0.3509,0.0000,0.0000,0.0000,0.0000,0.6419,1,0,0,0,0,3.2098
40.6194,178.9795,0.0864,102.9894,0.0001,0.0002,0.0000,0.0001,0.0000,271.8436,0.0048,-0.0714,-0.1124,0.3509,0.0000,0.0000,0.0000,0.0000,0.6419,1,0,0,0,0,3.2099
40.6777,178.9795,0.0864,102.9894,0.0001,0.0002,0.0000,0.0001,0.0000,271.8438,0.0047,-0.0714,-0.1124,0.3509,0.0000,0.0000,0.0000,0.0000,0.6419,1,0,0,0,0,3.2099
40.7344,178.9795,0.0864,102.9894,0.0001,0.0002,0.0000,0.0001,0.0000,271.8441,0.0043,-0.0714,-0.1124,0.3509,0.0000,0.0000,0.0000,0.0000,0.6419,1,0,0,0,0,3.2099
40.7927,178.9795,0.0864,102.9894,0.0001,0.0002,0.0000,0.0001,0.0000,271.8444,0.0058,-0.0714,-0.1124,0.3509,0.0000,0.0000,0.0000,0.0000,0.6419,1,0,0,0,0,3.2100
40.8464,178.9795,0.0864,102.9894,0.0001,0.0002,0.0000,0.0001,0.0000,271.8446,0.0040,-0.0714,-0.1124,0.3509,0.0000,0.0000,0.0000,0.0000,0.6419,1,0,0,0,0,3.2099
40.8966,178.9795,0.0864,102.9894,0.0001,0.0002,0.0000,0.0001,0.0000,271.8450,0.0067,-0.0714,-0.1124,0.3509,0.0000,0.0000,0.0000,0.0000,0.6419,1,0,0,0,0,3.2100
40.9582,178.9795,0.0864,102.9893,0.0001,0.0002,0.0000,0.0001,0.0000,271.8453,0.0050,-0.0714,-0.1124,0.3509,0.0000,0.0000,0.0000,0.0000,0.6419,1,0,0,0,0,3.2099
41.0099,178.9795,0.0864,102.9894,0.0001,0.0002,0.0000,0.0001,0.0000,271.8456,0.0071,-0.0714,-0.1124,0.3509,0.0000,0.0000,0.0000,0.0000,0.6419,1,0,0,0,0,3.2100
41.0693,178.9795,0.0864,102.9894,0.0001,0.0002,0.0000,0.0001,0.0000,271.8460,0.0067,-0.0714,-0.1124,0.3509,0.0000,0.0000,0.0000,0.0000,0.6419,1,0,0,0,0,3.2100
41.1205,178.9795,0.0864,102.9894,0.0001,0.0002,0.0000,0.0001,0.0000,271.8464,0.0077,-0.0714,-0.1124,0.3509,0.0000,0.0000,0.0000,0.0000,0.6419,1,0,0,0,0,3.2101
41.1920,178.9795,0.0864,102.9894,0.0001,0.0002,0.0000,0.0001,0.0000,271.8469,0.0060,-0.0714,-0.1124,0.3509,0.0000,0.0000,0.0000,0.0000,0.6419,1,0,0,0,0,3.2100
41.2436,178.9795,0.0864,102.9894,0.0001,0.0002,0.0000,0.0001,0.0000,271.8472,0.0059,-0.0714,-0.1124,0.3509,0.0000,0.0000,0.0000,0.0000,0.6419,1,0,0,0,0,3.2100
41.3016,178.9795,0.0864,102.9894,0.0001,0.0002,0.0000,0.0001,0.0000,271.8475,0.0053,-0.0714,-0.1124,0.3509,0.0000,0.0000,0.0000,0.0000,0.6419,1,0,0,0,0,3.2099
41.3525,178.9795,0.0864,102.9894,0.0001,0.0002,0.0000,0.0001,0.0000,271.8478,0.0060,-0.0714,-0.1124,0.3509,0.0000,0.0000,0.0000,0.0000,0.6419,1,0,0,0,0,3.2100
41.4059,178.9795,0.0864,102.9894,0.0001,0.0002,0.0000,0.0001,0.0000,271.8481,0.0057,-0.0714,-0.1124,0.3509,0.0000,0.0000,0.0000,0.0000,0.6419,1,0,0,0,0,3.2100
41.4611,178.9795,0.0864,102.9894,0.0001,0.0002,0.0000,0.0001,0.0000,271.8484,0.0061,-0.0714,-0.1124,0.3509,0.0000,0.0000,0.0000,0.0000,0.6419,1,0,0,0,0,3.2100
41.5124,178.9795,0.0864,102.9894,0.0001,0.0002,0.0000,0.0001,0.0000,271.8487,0.0054,-0.0714,-0.1124,0.3509,0.0000,0.0000,0.0000,0.0000,0.6419,1,0,0,0,0,3.2099
41.5626,178.9795,0.0864,102.9894,0.0001,0.0002,0.0000,0.0001,0.0000,271.8490,0.0061,-0.0714,-0.1124,0.3509,0.0000,0.0000,0.0000,0.0000,0.6419,1,0,0,0,0,3.2100
41.6147,178.9795,0.0864,102.9894,0.0001,0.0002,0.0000,0.0001,0.0000,271.8493,0.0059,-0.0714,-0.1124,0.3509,0.0000,0.0000,0.0000,0.0000,0.6419,1,0,0,0,0,3.2100
41.6733,178.9795,0.0864,102.9894,0.0001,0.0002,0.0000,0.0001,0.0000,271.8497,0.0062,-0.0714,-0.1124,0.3509,0.0000,0.0000,0.0000,0.0000,0.6419,1,0,0,0,0,3.2100
41.7360,178.9795,0.0864,102.9894,0.0001,0.0002,0.0000,0.0001,0.0000,271.8500,0.0049,-0.0714,-0.1124,0.3509,0.0000,0.0000,0.0000,0.0000,0.6419,1,0,0,0,0,3.2099
41.7860,178.9795,0.0864,102.9894,0.0001,0.0002,0.0000,0.0001,0.0000,271.8503,0.0061,-0.0714,-0.1124,0.3509,0.0000,0.0000,0.0000,0.0000,0.6419,1,0,0,0,0,3.2100
41.8371,178.9795,0.0864,102.9894,0.0001,0.0002,0.0000,0.0001,0.0000,271.8506,0.0072,-0.0714,-0.1124,0.3509,0.0000,0.0000,0.0000,0.0000,0.6419,1,0,0,0,0,3.2100
41.8997,178.9795,0.0864,102.9893,0.0001,0.0002,0.0000,0.0001,0.0000,271.8511,0.0068,-0.0714,-0.1124,0.3509,0.0000,0.0000,0.0000,0.0000,0.6419,1,0,0,0,0,3.2100
41.9504,178.9795,0.0864,102.9893,0.0001,0.0002,0.0000,0.0001,0.0000,271.8514,0.0072,-0.0714,-0.1124,0.3509,0.0000,0.0000,0.0000,0.0000,0.6419,1,0,0,0,0,3.2100
42.0097,178.9795,0.0864,102.9894,0.0001,0.0002,0.0000,0.0001,0.0000,271.8518,0.0062,-0.0714,-0.1124,0.3509,0.0000,0.0000,0.0000,0.0000,0.6419,1,0,0,0,0,3.2100
42.0610,178.9795,0.0864,102.9894,0.0001,0.0002,0.0000,0.0001,0.0000,271.8521,0.0065,-0.0714,-0.1124,0.3509,0.0000,0.0000,0.0000,0.0000,0.6419,1,0,0,0,0,3.2100
42.1124,178.9795,0.0864,102.9894,0.0001,0.0002,0.0000,0.0001,0.0000,271.8524,0.0047,-0.0714,-0.1124,0.3509,0.0000,0.0000,0.0000,0.0000,0.6419,1,0,0,0,0,3.2099
42.1770,178.9795,0.0864,102.9894,0.0001,0.0002,0.0000,0.0001,0.0000,271.8528,0.0057,-0.0714,-0.1124,0.3509,0.0000,0.0000,0.0000,0.0000,0.6419,1,0,0,0,0,3.2099
42.2326,178.9795,0.0864,102.9894,0.0001,0.0002,0.0000,0.0001,0.0000,271.8530,0.0038,-0.0714,-0.1124,0.3509,0.0000,0.0000,0.0000,0.0000,0.6419,1,0,0,0,0,3.2098
42.2923,178.9795,0.0864,102.9894,0.0001,0.0002,0.0000,0.0001,0.0000,271.8532,0.0046,-0.0714,-0.1124,0.3509,0.0000,0.0000,0.0000,0.0000,0.6419,1,0,0,0,0,3.2099
42.3533,178.9795,0.0864,102.9894,0.0001,0.0002,0.0000,0.0001,0.0000,271.8535,0.0045,-0.0714,-0.1124,0.3509,0.0000,0.0000,0.0000,0.0000,0.6419,1,0,0,0,0,3.2099
42.4041,178.9795,0.0864,102.9894,0.0001,0.0002,0.0000,0.0001,0.0000,271.8538,0.0060,-0.0714,-0.1124,0.3509,0.0000,0.0000,0.0000,0.0000,0.6419,1,0,0,0,0,3.2100
42.4630,178.9795,0.0864,102.9894,0.0001,0.0002,0.0000,0.0001,0.0000,271.8541,0.0041,-0.0714,-0.1124,0.3509,0.0000,0.0000,0.0000,0.0000,0.6419,1,0,0,0,0,3.2099
42.5156,178.9795,0.0864,102.9894,0.0001,0.0002,0.0000,0.0001,0.0000,271.8543,0.0041,-0.0714,-0.1124,0.3509,0.0000,0.0000,0.0000,0.0000,0.6419,1,0,0,0,0,3.2099
42.5681,178.9795,0.0864,102.9894,0.0001,0.0002,0.0000,0.0001,0.0000,271.8545,0.0041,-0.0714,-0.1124,0.3509,0.0000,0.0000,0.0000,0.0000,0.6419,1,0,0,0,0,3.2099
42.6346,178.9795,0.0864,102.9894,0.0001,0.0002,0.0000,0.0001,0.0000,271.8548,0.0041,-0.0714,-0.1124,0.3509,0.0000,0.0000,0.0000,0.0000,0.6419,1,0,0,0,0,3.2099
42.6916,178.9795,0.0864,102.9893,0.0001,0.0002,0.0000,0.0001,0.0000,271.8550,0.0048,-0.0714,-0.1124,0.3509,0.0000,0.0000,0.0000,0.0000,0.6419,1,0,0,0,0,3.2099
42.7493,178.9795,0.0864,102.9894,0.0001,0.0002,0.0000,0.0001,0.0000,271.8553,0.0048,-0.0714,-0.1124,0.3509,0.0000,0.0000,0.0000,0.0000,0.6419,1,0,0,0,0,3.2099
42.8112,178.9795,0.0864,102.9894,0.0001,0.0002,0.0000,0.0001,0.0000,271.8556,0.0039,-0.0714,-0.1124,0.3509,0.0000,0.0000,0.0000,0.0000,0.6419,1,0,0,0,0,3.2099
42.8614,178.9795,0.0864,102.9893,0.0001,0.0002,0.0000,0.0001,0.0000,271.8558,0.0049,-0.0714,-0.1124,0.3509,0.0000,0.0000,0.0000,0.0000,0.6419,1,0,0,0,0,3.2099
42.9130,178.9795,0.0864,102.9894,0.0001,0.0002,0.0000,0.0001,0.0000,271.8561,0.0053,-0.0714,-0.1124,0.3509,0.0000,0.0000,0.0000,0.0000,0.6419,1,0,0,0,0,3.2099
42.9657,178.9795,0.0864,102.9894,0.0001,0.0002,0.0000,0.0001,0.0000,271.8563,0.0046,-0.0714,-0.1124,0.3509,0.0000,0.0000,0.0000,0.0000,0.6419,1,0,0,0,0,3.2099
43.0258,178.9795,0.0864,102.9894,0.0001,0.0002,0.0000,0.0001,0.0000,271.8568,0.0081,-0.0714,-0.1124,0.3509,0.0000,0.0000,0.0000,0.0000,0.6419,1,0,0,0,0,3.2101
43.0759,178.9795,0.0864,102.9894,0.0001,0.0002,0.0000,0.0001,0.0000,271.8571,0.0061,-0.0714,-0.1124,0.3509,0.0000,0.0000,0.0000,0.0000,0.6419,1,0,0,0,0,3.2100
43.1288,178.9795,0.0864,102.9894,0.0001,0.0002,0.0000,0.0001,0.0000,271.8575,0.0075,-0.0714,-0.1124,0.3509,0.0000,0.0000,0.0000,0.0000,0.6419,1,0,0,0,0,3.2101
43.1794,178.9795,0.0864,102.9894,0.0001,0.0002,0.0000,0.0001,0.0000,271.8579,0.0078,-0.0714,-0.1124,0.3509,0.0000,0.0000,0.0000,0.0000,0.6419,1,0,0,0,0,3.2101
43.2540,178.9795,0.0864,102.9894,0.0001,0.0002,0.0000,0.0001,0.0000,271.8583,0.0057,-0.0714,-0.1124,0.3509,0.0000,0.0000,0.0000,0.0000,0.6419,1,0,0,0,0,3.2100
43.3115,178.9795,0.0864,102.9894,0.0001,0.0002,0.0000,0.0001,0.0000,271.8586,0.0053,-0.0714,-0.1124,0.3509,0.0000,0.0000,0.0000,0.0000,0.6419,1,0,0,0,0,3.2099
43.3641,178.9795,0.0864,102.9894,0.0001,0.0002,0.0000,0.0001,0.0000,271.8589,0.0058,-0.0714,-0.1124,0.3509,0.0000,0.0000,0.0000,0.0000,0.6419,1,0,0,0,0,3.2100
43.4245,178.9795,0.0864,102.9894,0.0001,0.0002,0.0000,0.0001,0.0000,271.8593,0.0061,-0.0714,-0.1124,0.3509,0.0000,0.0000,0.0000,0.0000,0.6419,1,0,0,0,0,3.2100
43.4746,178.9795,0.0864,102.9894,0.0001,0.0002,0.0000,0.0001,0.0000,271.8596,0.0049,-0.0714,-0.1124,0.3509,0.0000,0.0000,0.0000,0.0000,0.6419,1,0,0,0,0,3.2099
43.5267,178.9795,0.0864,102.9894,0.0001,0.0002,0.0000,0.0001,0.0000,271.8599,0.0059,-0.0714,-0.1124,0.3509,0.0000,0.0000,0.0000,0.0000,0.6419,1,0,0,0,0,3.2100
43.5848,178.9795,0.0864,102.9894,0.0001,0.0002,0.0000,0.0001,0.0000,271.8602,0.0053,-0.0714,-0.1124,0.3509,0.0000,0.0000,0.0000,0.0000,0.6419,1,0,0,0,0,3.2099
43.6375,178.9795,0.0864,102.9894,0.0001,0.0002,0.0000,0.0001,0.0000,271.8605,0.0058,-0.0714,-0.1124,0.3509,0.0000,0.0000,0.0000,0.0000,0.6419,1,0,0,0,0,3.2100
43.6888,178.9795,0.0864,102.9894,0.0001,0.0002,0.0000,0.0001,0.0000,271.8607,0.0048,-0.0714,-0.1124,0.3509,0.0000,0.0000,0.0000,0.0000,0.6419,1,0,0,0,0,3.2099
43.7400,178.9795,0.0864,102.9894,0.0001,0.0002,0.0000,0.0001,0.0000,271.8610,0.0060,-0.0714,-0.1124,0.3509,0.0000,0.0000,0.0000,0.0000,0.6419,1,0,0,0,0,3.2100
43.7924,178.9795,0.0864,102.9894,0.0001,0.0002,0.0000,0.0001,0.0000,271.8613,0.0058,-0.0714,-0.1124,0.3509,0.0000,0.0000,0.0000,0.0000,0.6419,1,0,0,0,0,3.2100
43.8440,178.9795,0.0864,102.9894,0.0001,0.0002,0.0000,0.0001,0.0000,271.8616,0.0053,-0.0714,-0.1124,0.3509,0.0000,0.0000,0.0000,0.0000,0.6419,1,0,0,0,0,3.2099
43.9025,178.9795,0.0864,102.9894,0.0001,0.0002,0.0000,0.0001,0.0000,271.8621,0.0089,-0.0714,-0.1124,0.3509,0.0000,0.0000,0.0000,0.0000,0.6419,1,0,0,0,0,3.2101
43.9526,178.9795,0.0864,102.9894,0.0001,0.0002,0.0000,0.0001,0.0000,271.8624,0.0061,-0.0714,-0.1124,0.3509,0.0000,0.0000,0.0000,0.0000,0.6419,1,0,0,0,0,3.2100
44.0118,178.9795,0.0864,102.9894,0.0001,0.0002,0.0000,0.0001,0.0000,271.8628,0.0062,-0.0714,-0.1124,0.3509,0.0000,0.0000,0.0000,0.0000,0.6419,1,0,0,0,0,3.2100
44.0655,178.9795,0.0864,102.9894,0.0001,0.0002,0.0000,0.0001,0.0000,271.8630,0.0045,-0.0714,-0.1124,0.3509,0.0000,0.0000,0.0000,0.0000,0.6419,1,0,0,0,0,3.2099
44.1215,178.9795,0.0864,102.9894,0.0001,0.0002,0.0000,0.0001,0.0000,271.8633,0.0055,-0.0714,-0.1124,0.3509,0.0000,0.0000,0.0000,0.0000,0.6419,1,0,0,0,0,3.2099
44.1719,178.9795,0.0864,102.9893,0.0001,0.0002,0.0000,0.0001,0.0000,271.8636,0.0055,-0.0714,-0.1124,0.3509,0.0000,0.0000,0.0000,0.0000,0.6419,1,0,0,0,0,3.2099
44.2266,178.9795,0.0864,102.9893,0.0001,0.0002,0.0000,0.0001,0.0000,271.8639,0.0050,-0.0714,-0.1124,0.3509,0.0000,0.0000,0.0000,0.0000,0.6419,1,0,0,0,0,3.2099
44.2903,178.9795,0.0864,102.9894,0.0001,0.0002,0.0000,0.0001,0.0000,271.8642,0.0043,-0.0714,-0.1124,0.3509,0.0000,0.0000,0.0000,0.0000,0.6419,1,0,0,0,0,3.2099
44.3543,178.9795,0.0864,102.9894,0.0001,0.0002,0.0000,0.0001,0.0000,271.8644,0.0038,-0.0714,-0.1124,0.3509,0.0000,0.0000,0.0000,0.0000,0.6419,1,0,0,0,0,3.2098
44.4106,178.9795,0.0864,102.9894,0.0001,0.0002,0.0000,0.0001,0.0000,271.8647,0.0043,-0.0714,-0.1124,0.3509,0.0000,0.0000,0.0000,0.0000,0.6419,1,0,0,0,0,3.2099
44.4725,178.9795,0.0864,102.9894,0.0001,0.0002,0.0000,0.0001,0.0000,271.8649,0.0044,-0.0714,-0.1124,0.3509,0.0000,0.0000,0.0000,0.0000,0.6419,1,0,0,0,0,3.2099
44.5253,178.9795,0.0864,102.9894,0.0001,0.0002,0.0000,0.0001,0.0000,271.8652,0.0046,-0.0714,-0.1124,0.3509,0.0000,0.0000,0.0000,0.0000,0.6419,1,0,0,0,0,3.2099
44.5835,178.9795,0.0864,102.9894,0.0001,0.0002,0.0000,0.0001,0.0000,271.8654,0.0042,-0.0714,-0.1124,0.3509,0.0000,0.0000,0.0000,0.0000,0.6419,1,0,0,0,0,3.2099
44.6483,178.9795,0.0864,102.9894,0.0001,0.0002,0.0000,0.0001,0.0000,271.8657,0.0047,-0.0714,-0.1124,0.3509,0.0000,0.0000,0.0000,0.0000,0.6419,1,0,0,0,0,3.2099
44.7017,178.9795,0.0864,102.9894,0.0001,0.0002,0.0000,0.0001,0.0000,271.8660,0.0046,-0.0714,-0.1124,0.3509,0.0000,0.0000,0.0000,0.0000,0.6419,1,0,0,0,0,3.2099
44.7544,178.9795,0.0864,102.9894,0.0001,0.0002,0.0000,0.0001,0.0000,271.8662,0.0046,-0.0714,-0.1124,0.3509,0.0000,0.0000,0.0000,0.0000,0.6419,1,0,0,0,0,3.2099
44.8105,178.9795,0.0864,102.9894,0.0001,0.0002,0.0000,0.0001,0.0000,271.8665,0.0049,-0.0714,-0.1124,0.3509,0.0000,0.0000,0.0000,0.0000,0.6419,1,0,0,0,0,3.2099
44.8655,178.9795,0.0864,102.9894,0.0001,0.0002,0.0000,0.0001,0.0000,271.8668,0.0050,-0.0714,-0.1124,0.3509,0.0000,0.0000,0.0000,0.0000,0.6419,1,0,0,0,0,3.2099
44.9159,178.9795,0.0864,102.9893,0.0001,0.0002,0.0000,0.0001,0.0000,271.8670,0.0048,-0.0714,-0.1124,0.3509,0.0000,0.0000,0.0000,0.0000,0.6419,1,0,0,0,0,3.2099
44.9676,178.9795,0.0864,102.9894,0.0001,0.0002,0.0000,0.0001,0.0000,271.8673,0.0059,-0.0714,-0.1124,0.3509,0.0000,0.0000,0.0000,0.0000,0.6419,1,0,0,0,0,3.2100
45.0212,178.9795,0.0864,102.9894,0.0001,0.0002,0.0000,0.0001,0.0000,271.8676,0.0057,-0.0714,-0.1124,0.3509,0.0000,0.0000,0.0000,0.0000,0.6419,1,0,0,0,0,3.2099
45.0791,178.9795,0.0864,102.9893,0.0001,0.0002,0.0000,0.0001,0.0000,271.8681,0.0084,-0.0714,-0.1124,0.3509,0.0000,0.0000,0.0000,0.0000,0.6419,1,0,0,0,0,3.2101
45.1352,178.9795,0.0864,102.9894,0.0001,0.0002,0.0000,0.0001,0.0000,271.8685,0.0076,-0.0714,-0.1124,0.3509,0.0000,0.0000,0.0000,0.0000,0.6419,1,0,0,0,0,3.2101
45.1886,178.9795,0.0864,102.9894,0.0001,0.0002,0.0000,0.0001,0.0000,271.8689,0.0069,-0.0714,-0.1124,0.3509,0.0000,0.0000,0.0000,0.0000,0.6419,1,0,0,0,0,3.2100
45.2505,178.9795,0.0864,102.9894,0.0001,0.0002,0.0000,0.0001,0.0000,271.8693,0.0059,-0.0714,-0.1124,0.3509,0.0000,0.0000,0.0000,0.0000,0.6419,1,0,0,0,0,3.2100
45.3009,178.9795,0.0864,102.9894,0.0001,0.0002,0.0000,0.0001,0.0000,271.8696,0.0060,-0.0714,-0.1124,0.3509,0.0000,0.0000,0.0000,0.0000,0.6419,1,0,0,0,0,3.2100
45.3530,178.9795,0.0864,102.9894,0.0001,0.0002,0.0000,0.0001,0.0000,271.8698,0.0047,-0.0714,-0.1124,0.3509,0.0000,0.0000,0.0000,0.0000,0.6419,1,0,0,0,0,3.2099
45.4048,178.9795,0.0864,102.9894,0.0001,0.0002,0.0000,0.0001,0.0000,271.8701,0.0059,-0.0714,-0.1124,0.3509,0.0000,0.0000,0.0000,0.0000,0.6419,1,0,0,0,0,3.2100
45.4615,178.9795,0.0864,102.9894,0.0001,0.0002,0.0000,0.0001,0.0000,271.8704,0.0054,-0.0714,-0.1124,0.3509,0.0000,0.0000,0.0000,0.0000,0.6419,1,0,0,0,0,3.2099
45.5129,178.9795,0.0864,102.9893,0.0001,0.0002,0.0000,0.0001,0.0000,271.8707,0.0059,-0.0714,-0.1124,0.3509,0.0000,0.0000,0.0000,0.0000,0.6419,1,0,0,0,0,3.2100
45.5635,178.9795,0.0864,102.9894,0.0001,0.0002,0.0000,0.0001,0.0000,271.8710,0.0048,-0.0714,-0.1124,0.3509,0.0000,0.0000,0.0000,0.0000,0.6419,1,0,0,0,0,3.2099
45.6138,178.9795,0.0864,102.9894,0.0001,0.0002,0.0000,0.0001,0.0000,271.8713,0.0067,-0.0714,-0.1124,0.3509,0.0000,0.0000,0.0000,0.0000,0.6419,1,0,0,0,0,3.2100
45.6728,178.9795,0.0864,102.9894,0.0001,0.0002,0.0000,0.0001,0.0000,271.8716,0.0057,-0.0714,-0.1124,0.3509,0.0000,0.0000,0.0000,0.0000,0.6419,1,0,0,0,0,3.2099
45.7334,178.9795,0.0864,102.9894,0.0001,0.0002,0.0000,0.0001,0.0000,271.8720,0.0060,-0.0714,-0.1124,0.3509,0.0000,0.0000,0.0000,0.0000,0.6419,1,0,0,0,0,3.2100
45.7838,178.9795,0.0864,102.9894,0.0001,0.0002,0.0000,0.0001,0.0000,271.8723,0.0048,-0.0714,-0.1124,0.3509,0.0000,0.0000,0.0000,0.0000,0.6419,1,0,0,0,0,3.2099
45.8387,178.9795,0.0864,102.9894,0.0001,0.0002,0.0000,0.0001,0.0000,271.8727,0.0078,-0.0714,-0.1124,0.3509,0.0000,0.0000,0.0000,0.0000,0.6419,1,0,0,0,0,3.2101
45.8900,178.9795,0.0864,102.9894,0.0001,0.0002,0.0000,0.0001,0.0000,271.8731,0.0089,-0.0714,-0.1124,0.3509,0.0000,0.0000,0.0000,0.0000,0.6419,1,0,0,0,0,3.2101
45.9479,178.9795,0.0864,102.9894,0.0001,0.0002,0.0000,0.0001,0.0000,271.8735,0.0058,-0.0714,-0.1124,0.3509,0.0000,0.0000,0.0000,0.0000,0.6419,1,0,0,0,0,3.2100
46.0059,178.9795,0.0864,102.9894,0.0001,0.0002,0.0000,0.0001,0.0000,271.8738,0.0053,-0.0714,-0.1124,0.3509,0.0000,0.0000,0.0000,0.0000,0.6419,1,0,0,0,0,3.2099
46.0631,178.9795,0.0864,102.9894,0.0001,0.0002,0.0000,0.0001,0.0000,271.8741,0.0053,-0.0714,-0.1124,0.3509,0.0000,0.0000,0.0000,0.0000,0.6419,1,0,0,0,0,3.2099
46.1196,178.9795,0.0864,102.9894,0.0001,0.0002,0.0000,0.0001,0.0000,271.8744,0.0049,-0.0714,-0.1124,0.3509,0.0000,0.0000,0.0000,0.0000,0.6419,1,0,0,0,0,3.2099
46.1706,178.9795,0.0864,102.9894,0.0001,0.0002,0.0000,0.0001,0.0000,271.8746,0.0048,-0.0714,-0.1124,0.3509,0.0000,0.0000,0.0000,0.0000,0.6419,1,0,0,0,0,3.2099
46.2282,178.9795,0.0864,102.9894,0.0001,0.0002,0.0000,0.0001,0.0000,271.8748,0.0042,-0.0714,-0.1124,0.3509,0.0000,0.0000,0.0000,0.0000,0.6419,1,0,0,0,0,3.2099
46.2808,178.9795,0.0864,102.9894,0.0001,0.0002,0.0000,0.0001,0.0000,271.8751,0.0046,-0.0714,-0.1124,0.3509,0.0000,0.0000,0.0000,0.0000,0.6419,1,0,0,0,0,3.2099
46.3312,178.9795,0.0864,102.9894,0.0001,0.0002,0.0000,0.0001,0.0000,271.8753,0.0042,-0.0714,-0.1124,0.3509,0.0000,0.0000,0.0000,0.0000,0.6419,1,0,0,0,0,3.2099
46.3944,178.9795,0.0864,102.9894,0.0001,0.0002,0.0000,0.0001,0.0000,271.8757,0.0058,-0.0714,-0.1124,0.3509,0.0000,0.0000,0.0000,0.0000,0.6419,1,0,0,0,0,3.2100
46.4521,178.9795,0.0864,102.9893,0.0001,0.0002,0.0000,0.0001,0.0000,271.8759,0.0042,-0.0714,-0.1124,0.3509,0.0000,0.0000,0.0000,0.0000,0.6419,1,0,0,0,0,3.2099
46.5022,178.9795,0.0864,102.9893,0.0001,0.0002,0.0000,0.0001,0.0000,271.8762,0.0049,-0.0714,-0.1124,0.3509,0.0000,0.0000,0.0000,0.0000,0.6419,1,0,0,0,0,3.2099
46.5561,178.9795,0.0864,102.9894,0.0001,0.0002,0.0000,0.0001,0.0000,271.8764,0.0045,-0.0714,-0.1124,0.3509,0.0000,0.0000,0.0000,0.0000,0.6419,1,0,0,0,0,3.2099
46.6070,178.9795,0.0864,102.9894,0.0001,0.0002,0.0000,0.0001,0.0000,271.8766,0.0036,-0.0714,-0.1124,0.3509,0.0000,0.0000,0.0000,0.0000,0.6419,1,0,0,0,0,3.2098
46.6671,178.9795,0.0864,102.9894,0.0001,0.0002,0.0000,0.0001,0.0000,271.8769,0.0051,-0.0714,-0.1124,0.3509,0.0000,0.0000,0.0000,0.0000,0.6419,1,0,0,0,0,3.2099
46.7258,178.9795,0.0864,102.9894,0.0001,0.0002,0.0000,0.0001,0.0000,271.8772,0.0052,-0.0714,-0.1124,0.3509,0.0000,0.0000,0.0000,0.0000,0.6419,1,0,0,0,0,3.2099
46.7797,178.9795,0.0864,102.9894,0.0001,0.0002,0.0000,0.0001,0.0000,271.8774,0.0045,-0.0714,-0.1124,0.3509,0.0000,0.0000,0.0000,0.0000,0.6419,1,0,0,0,0,3.2099
46.8398,178.9795,0.0864,102.9894,0.0001,0.0002,0.0000,0.0001,0.0000,271.8777,0.0041,-0.0714,-0.1124,0.3509,0.0000,0.0000,0.0000,0.0000,0.6419,1,0,0,0,0,3.2099
46.8961,178.9795,0.0864,102.9894,0.0001,0.0002,0.0000,0.0001,0.0000,271.8779,0.0043,-0.0714,-0.1124,0.3509,0.0000,0.0000,0.0000,0.0000,0.6419,1,0,0,0,0,3.2099
46.9565,178.9795,0.0864,102.9894,0.0001,0.0002,0.0000,0.0001,0.0000,271.8784,0.0076,-0.0714,-0.1124,0.3509,0.0000,0.0000,0.0000,0.0000,0.6419,1,0,0,0,0,3.2101
47.0140,178.9795,0.0864,102.9894,0.0001,0.0002,0.0000,0.0001,0.0000,271.8788,0.0069,-0.0714,-0.1124,0.3509,0.0000,0.0000,0.0000,0.0000,0.6419,1,0,0,0,0,3.2100
47.0698,178.9795,0.0864,102.9894,0.0001,0.0002,0.0000,0.0001,0.0000,271.8792,0.0071,-0.0714,-0.1124,0.3509,0.0000,0.0000,0.0000,0.0000,0.6419,1,0,0,0,0,3.2100
47.1301,178.9795,0.0864,102.9894,0.0001,0.0002,0.0000,0.0001,0.0000,271.8796,0.0066,-0.0714,-0.1124,0.3509,0.0000,0.0000,0.0000,0.0000,0.6419,1,0,0,0,0,3.2100
47.1900,178.9795,0.0864,102.9894,0.0001,0.0002,0.0000,0.0001,0.0000,271.8801,0.0082,-0.0714,-0.1124,0.3509,0.0000,0.0000,0.0000,0.0000,0.6419,1,0,0,0,0,3.2101
47.2510,178.9795,0.0864,102.9893,0.0001,0.0002,0.0000,0.0001,0.0000,271.8804,0.0060,-0.0714,-0.1124,0.3509,0.0000,0.0000,0.0000,0.0000,0.6419,1,0,0,0,0,3.2100
47.3027,178.9795,0.0864,102.9894,0.0001,0.0002,0.0000,0.0001,0.0000,271.8807,0.0059,-0.0714,-0.1124,0.3509,0.0000,0.0000,0.0000,0.0000,0.6419,1,0,0,0,0,3.2100
47.3529,178.9795,0.0864,102.9894,0.0001,0.0002,0.0000,0.0001,0.0000,271.8810,0.0061,-0.0714,-0.1124,0.3509,0.0000,0.0000,0.0000,0.0000,0.6419,1,0,0,0,0,3.2100
47.4045,178.9795,0.0864,102.9894,0.0001,0.0002,0.0000,0.0001,0.0000,271.8813,0.0047,-0.0714,-0.1124,0.3509,0.0000,0.0000,0.0000,0.0000,0.6419,1,0,0,0,0,3.2099
47.4664,178.9795,0.0864,102.9894,0.0001,0.0002,0.0000,0.0001,0.0000,271.8817,0.0059,-0.0714,-0.1124,0.3509,0.0000,0.0000,0.0000,0.0000,0.6419,1,0,0,0,0,3.2100
47.5176,178.9795,0.0864,102.9894,0.0001,0.0002,0.0000,0.0001,0.0000,271.8819,0.0048,-0.0714,-0.1124,0.3509,0.0000,0.0000,0.0000,0.0000,0.6419,1,0,0,0,0,3.2099
47.5693,178.9795,0.0864,102.9894,0.0001,0.0002,0.0000,0.0001,0.0000,271.8822,0.0059,-0.0714,-0.1124,0.3509,0.0000,0.0000,0.0000,0.0000,0.6419,1,0,0,0,0,3.2100
47.6197,178.9795,0.0864,102.9894,0.0001,0.0002,0.0000,0.0001,0.0000,271.8825,0.0061,-0.0714,-0.1124,0.3509,0.0000,0.0000,0.0000,0.0000,0.6419,1,0,0,0,0,3.2100
47.6700,178.9795,0.0864,102.9894,0.0001,0.0002,0.0000,0.0001,0.0000,271.8828,0.0048,-0.0714,-0.1124,0.3509,0.0000,0.0000,0.0000,0.0000,0.6419,1,0,0,0,0,3.2099
47.7209,178.9795,0.0864,102.9893,0.0001,0.0002,0.0000,0.0001,0.0000,271.8831,0.0060,-0.0714,-0.1124,0.3509,0.0000,0.0000,0.0000,0.0000,0.6419,1,0,0,0,0,3.2100
47.7749,178.9795,0.0864,102.9894,0.0001,0.0002,0.0000,0.0001,0.0000,271.8834,0.0068,-0.0714,-0.1124,0.3509,0.0000,0.0000,0.0000,0.0000,0.6419,1,0,0,0,0,3.2100
47.8341,178.9795,0.0864,102.9894,0.0001,0.0002,0.0000,0.0001,0.0000,271.8839,0.0072,-0.0714,-0.1124,0.3509,0.0000,0.0000,0.0000,0.0000,0.6419,1,0,0,0,0,3.2100
47.8962,178.9795,0.0864,102.9894,0.0001,0.0002,0.0000,0.0001,0.0000,271.8842,0.0064,-0.0714,-0.1124,0.3509,0.0000,0.0000,0.0000,0.0000,0.6419,1,0,0,0,0,3.2100
47.9553,178.9795,0.0864,102.9894,0.0001,0.0002,0.0000,0.0001,0.0000,271.8846,0.0067,-0.0714,-0.1124,0.3509,0.0000,0.0000,0.0000,0.0000,0.6419,1,0,0,0,0,3.2100
48.0068,178.9795,0.0864,102.9894,0.0001,0.0002,0.0000,0.0001,0.0000,271.8849,0.0047,-0.0714,-0.1124,0.3509,0.0000,0.0000,0.0000,0.0000,0.6419,1,0,0,0,0,3.2099
48.0641,178.9795,0.0864,102.9893,0.0001,0.0002,0.0000,0.0001,0.0000,271.8852,0.0053,-0.0714,-0.1124,0.3509,0.0000,0.0000,0.0000,0.0000,0.6419,1,0,0,0,0,3.2099
48.1143,178.9795,0.0864,102.9893,0.0001,0.0002,0.0000,0.0001,0.0000,271.8854,0.0036,-0.0714,-0.1124,0.3509,0.0000,0.0000,0.0000,0.0000,0.6419,1,0,0,0,0,3.2098
48.1740,178.9795,0.0864,102.9894,0.0001,0.0002,0.0000,0.0001,0.0000,271.8856,0.0031,-0.0714,-0.1124,0.3509,0.0000,0.0000,0.0000,0.0000,0.6419,1,0,0,0,0,3.2098
48.2283,178.9795,0.0864,102.9894,0.0001,0.0002,0.0000,0.0001,0.0000,271.8858,0.0051,-0.0714,-0.1124,0.3509,0.0000,0.0000,0.0000,0.0000,0.6419,1,0,0,0,0,3.2099
48.2836,178.9795,0.0864,102.9894,0.0001,0.0002,0.0000,0.0001,0.0000,271.8861,0.0044,-0.0714,-0.1124,0.3509,0.0000,0.0000,0.0000,0.0000,0.6419,1,0,0,0,0,3.2099
48.3447,178.9795,0.0864,102.9894,0.0001,0.0002,0.0000,0.0001,0.0000,271.8864,0.0055,-0.0714,-0.1124,0.3509,0.0000,0.0000,0.0000,0.0000,0.6419,1,0,0,0,0,3.2099
48.4118,178.9795,0.0864,102.9894,0.0001,0.0002,0.0000,0.0001,0.0000,271.8867,0.0045,-0.0714,-0.1124,0.3509,0.0000,0.0000,0.0000,0.0000,0.6419,1,0,0,0,0,3.2099
48.4622,178.9795,0.0864,102.9894,0.0001,0.0002,0.0000,0.0001,0.0000,271.8869,0.0042,-0.0714,-0.1124,0.3509,0.0000,0.0000,0.0000,0.0000,0.6419,1,0,0,0,0,3.2099
48.5190,178.9795,0.0864,102.9894,0.0001,0.0002,0.0000,0.0001,0.0000,271.8873,0.0059,-0.0714,-0.1124,0.3509,0.0000,0.0000,0.0000,0.0000,0.6419,1,0,0,0,0,3.2100
48.5765,178.9795,0.0864,102.9894,0.0001,0.0002,0.0000,0.0001,0.0000,271.8875,0.0042,-0.0714,-0.1124,0.3509,0.0000,0.0000,0.0000,0.0000,0.6419,1,0,0,0,0,3.2099
48.6348,178.9795,0.0864,102.9894,0.0001,0.0002,0.0000,0.0001,0.0000,271.8877,0.0037,-0.0714,-0.1124,0.3509,0.0000,0.0000,0.0000,0.0000,0.6419,1,0,0,0,0,3.2098
48.6941,178.9795,0.0864,102.9894,0.0001,0.0002,0.0000,0.0001,0.0000,271.8880,0.0041,-0.0714,-0.1124,0.3509,0.0000,0.0000,0.0000,0.0000,0.6419,1,0,0,0,0,3.2099
48.7451,178.9795,0.0864,102.9894,0.0001,0.0002,0.0000,0.0001,0.0000,271.8882,0.0042,-0.0714,-0.1124,0.3509,0.0000,0.0000,0.0000,0.0000,0.6419,1,0,0,0,0,3.2099
48.8070,178.9795,0.0864,102.9894,0.0001,0.0002,0.0000,0.0001,0.0000,271.8885,0.0049,-0.0714,-0.1124,0.3509,0.0000,0.0000,0.0000,0.0000,0.6419,1,0,0,0,0,3.2099
48.8571,178.9795,0.0864,102.9894,0.0001,0.0002,0.0000,0.0001,0.0000,271.8887,0.0049,-0.0714,-0.1124,0.3509,0.0000,0.0000,0.0000,0.0000,0.6419,1,0,0,0,0,3.2099
48.9225,178.9795,0.0864,102.9893,0.0001,0.0002,0.0000,0.0001,0.0000,271.8891,0.0056,-0.0714,-0.1124,0.3509,0.0000,0.0000,0.0000,0.0000,0.6419,1,0,0,0,0,3.2099
48.9734,178.9795,0.0864,102.9894,0.0001,0.0002,0.0000,0.0001,0.0000,271.8894,0.0066,-0.0714,-0.1124,0.3509,0.0000,0.0000,0.0000,0.0000,0.6419,1,0,0,0,0,3.2100
49.0284,178.9795,0.0864,102.9894,0.0001,0.0002,0.0000,0.0001,0.0000,271.8897,0.0050,-0.0714,-0.1124,0.3509,0.0000,0.0000,0.0000,0.0000,0.6419,1,0,0,0,0,3.2099
49.0813,178.9795,0.0864,102.9894,0.0001,0.0002,0.0000,0.0001,0.0000,271.8901,0.0075,-0.0714,-0.1124,0.3509,0.0000,0.0000,0.0000,0.0000,0.6419,1,0,0,0,0,3.2101
49.1382,178.9795,0.0864,102.9894,0.0001,0.0002,0.0000,0.0001,0.0000,271.8905,0.0070,-0.0714,-0.1124,0.3509,0.0000,0.0000,0.0000,0.0000,0.6419,1,0,0,0,0,3.2100
49.1923,178.9795,0.0864,102.9893,0.0001,0.0002,0.0000,0.0001,0.0000,271.8909,0.0073,-0.0714,-0.1124,0.3509,0.0000,0.0000,0.0000,0.0000,0.6419,1,0,0,0,0,3.2100
49.2516,178.9795,0.0864,102.9894,0.0001,0.0002,0.0000,0.0001,0.0000,271.8914,0.0077,-0.0714,-0.1124,0.3509,0.0000,0.0000,0.0000,0.0000,0.6419,1,0,0,0,0,3.2101
49.3107,178.9795,0.0864,102.9894,0.0001,0.0002,0.0000,0.0001,0.0000,271.8917,0.0052,-0.0714,-0.1124,0.3509,0.0000,0.0000,0.0000,0.0000,0.6419,1,0,0,0,0,3.2099
49.3627,178.9795,0.0864,102.9894,0.0001,0.0002,0.0000,0.0001,0.0000,271.8920,0.0059,-0.0714,-0.1124,0.3509,0.0000,0.0000,0.0000,0.0000,0.6419,1,0,0,0,0,3.2100
49.4141,178.9795,0.0864,102.9894,0.0001,0.0002,0.0000,0.0001,0.0000,271.8922,0.0048,-0.0714,-0.1124,0.3509,0.0000,0.0000,0.0000,0.0000,0.6419,1,0,0,0,0,3.2099
49.4773,178.9795,0.0864,102.9894,0.0001,0.0002,0.0000,0.0001,0.0000,271.8926,0.0058,-0.0714,-0.1124,0.3509,0.0000,0.0000,0.0000,0.0000,0.6419,1,0,0,0,0,3.2100
49.5353,178.9795,0.0864,102.9894,0.0001,0.0002,0.0000,0.0001,0.0000,271.8929,0.0053,-0.0714,-0.1124,0.3509,0.0000,0.0000,0.0000,0.0000,0.6419,1,0,0,0,0,3.2099
49.5867,178.9795,0.0864,102.9894,0.0001,0.0002,0.0000,0.0001,0.0000,271.8932,0.0065,-0.0714,-0.1124,0.3509,0.0000,0.0000,0.0000,0.0000,0.6419,1,0,0,0,0,3.2100
49.6446,178.9795,0.0864,102.9894,0.0001,0.0002,0.0000,0.0001,0.0000,271.8936,0.0058,-0.0714,-0.1124,0.3509,0.0000,0.0000,0.0000,0.0000,0.6419,1,0,0,0,0,3.2100
49.6964,178.9795,0.0864,102.9894,0.0001,0.0002,0.0000,0.0001,0.0000,271.8939,0.0059,-0.0714,-0.1124,0.3509,0.0000,0.0000,0.0000,0.0000,0.6419,1,0,0,0,0,3.2100
49.7547,178.9795,0.0864,102.9894,0.0001,0.0002,0.0000,0.0001,0.0000,271.8942,0.0058,-0.0714,-0.1124,0.3509,0.0000,0.0000,0.0000,0.0000,0.6419,1,0,0,0,0,3.2100
49.8104,178.9795,0.0864,102.9894,0.0001,0.0002,0.0000,0.0001,0.0000,271.8946,0.0066,-0.0714,-0.1124,0.3509,0.0000,0.0000,0.0000,0.0000,0.6419,1,0,0,0,0,3.2100
49.8690,178.9795,0.0864,102.9894,0.0001,0.0002,0.0000,0.0001,0.0000,271.8949,0.0057,-0.0714,-0.1124,0.3509,0.0000,0.0000,0.0000,0.0000,0.6419,1,0,0,0,0,3.2100
49.9316,178.9795,0.0864,102.9894,0.0001,0.0002,0.0000,0.0001,0.0000,271.8954,0.0073,-0.0714,-0.1124,0.3509,0.0000,0.0000,0.0000,0.0000,0.6419,1,0,0,0,0,3.2100
49.9833,178.9795,0.0864,102.9894,0.0001,0.0002,0.0000,0.0001,0.0000,271.8957,0.0071,-0.0714,-0.1124,0.3509,0.0000,0.0000,0.0000,0.0000,0.6419,1,0,0,0,0,3.2100
50.0351,178.9795,0.0864,102.9894,0.0001,0.0002,0.0000,0.0001,0.0000,271.8959,0.0041,-0.0714,-0.1124,0.3509,0.0000,0.0000,0.0000,0.0000,0.6419,1,0,0,0,0,3.2099
50.0927,178.9795,0.0864,102.9894,0.0001,0.0002,0.0000,0.0001,0.0000,271.8962,0.0042,-0.0714,-0.1124,0.3509,0.0000,0.0000,0.0000,0.0000,0.6419,1,0,0,0,0,3.2099
50.1435,178.9795,0.0864,102.9893,0.0001,0.0002,0.0000,0.0001,0.0000,271.8964,0.0042,-0.0714,-0.1124,0.3509,0.0000,0.0000,0.0000,0.0000,0.6419,1,0,0,0,0,3.2099
50.2038,178.9795,0.0864,102.9894,0.0001,0.0002,0.0000,0.0001,0.0000,271.8966,0.0040,-0.0714,-0.1124,0.3509,0.0000,0.0000,0.0000,0.0000,0.6419,1,0,0,0,0,3.2099
50.2561,178.9795,0.0864,102.9894,0.0001,0.0002,0.0000,0.0001,0.0000,271.8969,0.0052,-0.0714,-0.1124,0.3509,0.0000,0.0000,0.0000,0.0000,0.6419,1,0,0,0,0,3.2099
50.3142,178.9795,0.0864,102.9894,0.0001,0.0002,0.0000,0.0001,0.0000,271.8972,0.0053,-0.0714,-0.1124,0.3509,0.0000,0.0000,0.0000,0.0000,0.6419,1,0,0,0,0,3.2099
50.3669,178.9795,0.0864,102.9894,0.0001,0.0002,0.0000,0.0001,0.0000,271.8975,0.0046,-0.0714,-0.1124,0.3509,0.0000,0.0000,0.0000,0.0000,0.6419,1,0,0,0,0,3.2099
50.4188,178.9795,0.0864,102.9894,0.0001,0.0002,0.0000,0.0001,0.0000,271.8977,0.0047,-0.0714,-0.1124,0.3509,0.0000,0.0000,0.0000,0.0000,0.6419,1,0,0,0,0,3.2099
50.4736,178.9795,0.0864,102.9894,0.0001,0.0002,0.0000,0.0001,0.0000,271.8979,0.0045,-0.0714,-0.1124,0.3509,0.0000,0.0000,0.0000,0.0000,0.6419,1,0,0,0,0,3.2099
50.5406,178.9795,0.0864,102.9894,0.0001,0.0002,0.0000,0.0001,0.0000,271.8982,0.0041,-0.0714,-0.1124,0.3509,0.0000,0.0000,0.0000,0.0000,0.6419,1,0,0,0,0,3.2099
50.5968,178.9795,0.0864,102.9893,0.0001,0.0002,0.0000,0.0001,0.0000,271.8985,0.0043,-0.0714,-0.1124,0.3509,0.0000,0.0000,0.0000,0.0000,0.6419,1,0,0,0,0,3.2099
50.6479,178.9795,0.0864,102.9894,0.0001,0.0002,0.0000,0.0001,0.0000,271.8986,0.0030,-0.0714,-0.1124,0.3509,0.0000,0.0000,0.0000,0.0000,0.6419,1,0,0,0,0,3.2098
50.6982,178.9795,0.0864,102.9893,0.0001,0.0002,0.0000,0.0001,0.0000,271.8989,0.0049,-0.0714,-0.1124,0.3509,0.0000,0.0000,0.0000,0.0000,0.6419,1,0,0,0,0,3.2099
50.7497,178.9795,0.0864,102.9894,0.0001,0.0002,0.0000,0.0001,0.0000,271.8991,0.0047,-0.0714,-0.1124,0.3509,0.0000,0.0000,0.0000,0.0000,0.6419,1,0,0,0,0,3.2099
50.8108,178.9795,0.0864,102.9894,0.0001,0.0002,0.0000,0.0001,0.0000,271.8994,0.0050,-0.0714,-0.1124,0.3509,0.0000,0.0000,0.0000,0.0000,0.6419,1,0,0,0,0,3.2099
50.8624,178.9795,0.0864,102.9893,0.0001,0.0002,0.0000,0.0001,0.0000,271.8997,0.0059,-0.0714,-0.1124,0.3509,0.0000,0.0000,0.0000,0.0000,0.6419,1,0,0,0,0,3.2100
50.9206,178.9795,0.0864,102.9893,0.0001,0.0002,0.0000,0.0001,0.0000,271.9000,0.0052,-0.0714,-0.1124,0.3509,0.0000,0.0000,0.0000,0.0000,0.6419,1,0,0,0,0,3.2099
50.9889,178.9795,0.0864,102.9894,0.0001,0.0002,0.0000,0.0001,0.0000,271.9004,0.0054,-0.0714,-0.1124,0.3509,0.0000,0.0000,0.0000,0.0000,0.6419,1,0,0,0,0,3.2099
51.0439,178.9795,0.0864,102.9894,0.0001,0.0002,0.0000,0.0001,0.0000,271.9008,0.0072,-0.0714,-0.1124,0.3509,0.0000,0.0000,0.0000,0.0000,0.6419,1,0,0,0,0,3.2100
51.0972,178.9795,0.0864,102.9894,0.0001,0.0002,0.0000,0.0001,0.0000,271.9012,0.0074,-0.0714,-0.1124,0.3509,0.0000,0.0000,0.0000,0.0000,0.6419,1,0,0,0,0,3.2100
51.1532,178.9795,0.0864,102.9894,0.0001,0.0002,0.0000,0.0001,0.0000,271.9016,0.0071,-0.0714,-0.1124,0.3509,0.0000,0.0000,0.0000,0.0000,0.6419,1,0,0,0,0,3.2100
51.2154,178.9795,0.0864,102.9894,0.0001,0.0002,0.0000,0.0001,0.0000,271.9020,0.0074,-0.0714,-0.1124,0.3509,0.0000,0.0000,0.0000,0.0000,0.6419,1,0,0,0,0,3.2100
51.2749,178.9795,0.0864,102.9893,0.0001,0.0002,0.0000,0.0001,0.0000,271.9025,0.0072,-0.0714,-0.1124,0.3509,0.0000,0.0000,0.0000,0.0000,0.6419,1,0,0,0,0,3.2100
51.3269,178.9795,0.0864,102.9893,0.0001,0.0002,0.0000,0.0001,0.0000,271.9028,0.0059,-0.0714,-0.1124,0.3509,0.0000,0.0000,0.0000,0.0000,0.6419,1,0,0,0,0,3.2100
51.3772,178.9795,0.0864,102.9894,0.0001,0.0002,0.0000,0.0001,0.0000,271.9030,0.0049,-0.0714,-0.1124,0.3509,0.0000,0.0000,0.0000,0.0000,0.6419,1,0,0,0,0,3.2099
51.4286,178.9795,0.0864,102.9894,0.0001,0.0002,0.0000,0.0001,0.0000,271.9033,0.0059,-0.0714,-0.1124,0.3509,0.0000,0.0000,0.0000,0.0000,0.6419,1,0,0,0,0,3.2100
51.5030,178.9795,0.0864,102.9894,0.0001,0.0002,0.0000,0.0001,0.0000,271.9037,0.0049,-0.0714,-0.1124,0.3509,0.0000,0.0000,0.0000,0.0000,0.6419,1,0,0,0,0,3.2099
51.5558,178.9795,0.0864,102.9893,0.0001,0.0002,0.0000,0.0001,0.0000,271.9040,0.0058,-0.0714,-0.1124,0.3509,0.0000,0.0000,0.0000,0.0000,0.6419,1,0,0,0,0,3.2100
51.6074,178.9795,0.0864,102.9894,0.0001,0.0002,0.0000,0.0001,0.0000,271.9043,0.0059,-0.0714,-0.1124,0.3509,0.0000,0.0000,0.0000,0.0000,0.6419,1,0,0,0,0,3.2100
51.6655,178.9795,0.0864,102.9894,0.0001,0.0002,0.0000,0.0001,0.0000,271.9046,0.0053,-0.0714,-0.1124,0.3509,0.0000,0.0000,0.0000,0.0000,0.6419,1,0,0,0,0,3.2099
51.7183,178.9795,0.0864,102.9894,0.0001,0.0002,0.0000,0.0001,0.0000,271.9050,0.0075,-0.0714,-0.1124,0.3509,0.0000,0.0000,0.0000,0.0000,0.6419,1,0,0,0,0,3.2101
51.7736,178.9795,0.0864,102.9894,0.0001,0.0002,0.0000,0.0001,0.0000,271.9054,0.0072,-0.0714,-0.1124,0.3509,0.0000,0.0000,0.0000,0.0000,0.6419,1,0,0,0,0,3.2100
51.8289,178.9795,0.0864,102.9894,0.0001,0.0002,0.0000,0.0001,0.0000,271.9058,0.0066,-0.0714,-0.1124,0.3509,0.0000,0.0000,0.0000,0.0000,0.6419,1,0,0,0,0,3.2100
51.8876,178.9795,0.0864,102.9894,0.0001,0.0002,0.0000,0.0001,0.0000,271.9061,0.0057,-0.0714,-0.1124,0.3509,0.0000,0.0000,0.0000,0.0000,0.6419,1,0,0,0,0,3.2100
51.9388,178.9795,0.0864,102.9894,0.0001,0.0002,0.0000,0.0001,0.0000,271.9065,0.0078,-0.0714,-0.1124,0.3509,0.0000,0.0000,0.0000,0.0000,0.6419,1,0,0,0,0,3.2101
51.9899,178.9795,0.0864,102.9894,0.0001,0.0002,0.0000,0.0001,0.0000,271.9067,0.0048,-0.0714,-0.1124,0.3509,0.0000,0.0000,0.0000,0.0000,0.6419,1,0,0,0,0,3.2099
52.0464,178.9795,0.0864,102.9894,0.0001,0.0002,0.0000,0.0001,0.0000,271.9070,0.0049,-0.0714,-0.1124,0.3509,0.0000,0.0000,0.0000,0.0000,0.6419,1,0,0,0,0,3.2099
52.0985,178.9795,0.0864,102.9894,0.0001,0.0002,0.0000,0.0001,0.0000,271.9072,0.0041,-0.0714,-0.1124,0.3509,0.0000,0.0000,0.0000,0.0000,0.6419,1,0,0,0,0,3.2099
52.1524,178.9795,0.0864,102.9893,0.0001,0.0002,0.0000,0.0001,0.0000,271.9075,0.0045,-0.0714,-0.1124,0.3509,0.0000,0.0000,0.0000,0.0000,0.6419,1,0,0,0,0,3.2099
52.2033,178.9795,0.0864,102.9894,0.0001,0.0002,0.0000,0.0001,0.0000,271.9077,0.0048,-0.0714,-0.1124,0.3509,0.0000,0.0000,0.0000,0.0000,0.6419,1,0,0,0,0,3.2099
52.2538,178.9795,0.0864,102.9894,0.0001,0.0002,0.0000,0.0001,0.0000,271.9079,0.0042,-0.0714,-0.1124,0.3509,0.0000,0.0000,0.0000,0.0000,0.6419,1,0,0,0,0,3.2099
52.3050,178.9795,0.0864,102.9894,0.0001,0.0002,0.0000,0.0001,0.0000,271.9082,0.0048,-0.0714,-0.1124,0.3509,0.0000,0.0000,0.0000,0.0000,0.6419,1,0,0,0,0,3.2099
52.3554,178.9795,0.0864,102.9894,0.0001,0.0002,0.0000,0.0001,0.0000,271.9083,0.0030,-0.0714,-0.1124,0.3509,0.0000,0.0000,0.0000,0.0000,0.6419,1,0,0,0,0,3.2098
52.4059,178.9795,0.0864,102.9894,0.0001,0.0002,0.0000,0.0001,0.0000,271.9086,0.0048,-0.0714,-0.1124,0.3509,0.0000,0.0000,0.0000,0.0000,0.6419,1,0,0,0,0,3.2099
52.4569,178.9795,0.0864,102.9894,0.0001,0.0002,0.0000,0.0001,0.0000,271.9088,0.0048,-0.0714,-0.1124,0.3509,0.0000,0.0000,0.0000,0.0000,0.6419,1,0,0,0,0,3.2099
52.5303,178.9795,0.0864,102.9893,0.0001,0.0002,0.0000,0.0001,0.0000,271.9092,0.0058,-0.0714,-0.1124,0.3509,0.0000,0.0000,0.0000,0.0000,0.6419,1,0,0,0,0,3.2100
52.5891,178.9795,0.0864,102.9893,0.0001,0.0002,0.0000,0.0001,0.0000,271.9095,0.0041,-0.0714,-0.1124,0.3509,0.0000,0.0000,0.0000,0.0000,0.6419,1,0,0,0,0,3.2099
52.6406,178.9795,0.0864,102.9894,0.0001,0.0002,0.0000,0.0001,0.0000,271.9097,0.0042,-0.0714,-0.1124,0.3509,0.0000,0.0000,0.0000,0.0000,0.6419,1,0,0,0,0,3.2099
52.6982,178.9795,0.0864,102.9894,0.0001,0.0002,0.0000,0.0001,0.0000,271.9099,0.0037,-0.0714,-0.1124,0.3509,0.0000,0.0000,0.0000,0.0000,0.6419,1,0,0,0,0,3.2098
52.7487,178.9795,0.0864,102.9894,0.0001,0.0002,0.0000,0.0001,0.0000,271.9102,0.0048,-0.0714,-0.1124,0.3509,0.0000,0.0000,0.0000,0.0000,0.6419,1,0,0,0,0,3.2099
52.8006,178.9795,0.0864,102.9894,0.0001,0.0002,0.0000,0.0001,0.0000,271.9104,0.0047,-0.0714,-0.1124,0.3509,0.0000,0.0000,0.0000,0.0000,0.6419,1,0,0,0,0,3.2099
52.8609,178.9795,0.0864,102.9894,0.0001,0.0002,0.0000,0.0001,0.0000,271.9108,0.0061,-0.0714,-0.1124,0.3509,0.0000,0.0000,0.0000,0.0000,0.6419,1,0,0,0,0,3.2100
52.9191,178.9795,0.0864,102.9894,0.0001,0.0002,0.0000,0.0001,0.0000,271.9111,0.0052,-0.0714,-0.1124,0.3509,0.0000,0.0000,0.0000,0.0000,0.6419,1,0,0,0,0,3.2099
52.9705,178.9795,0.0864,102.9894,0.0001,0.0002,0.0000,0.0001,0.0000,271.9114,0.0065,-0.0714,-0.1124,0.3509,0.0000,0.0000,0.0000,0.0000,0.6419,1,0,0,0,0,3.2100
53.0265,178.9795,0.0864,102.9893,0.0001,0.0002,0.0000,0.0001,0.0000,271.9118,0.0065,-0.0714,-0.1124,0.3509,0.0000,0.0000,0.0000,0.0000,0.6419,1,0,0,0,0,3.2100
53.0857,178.9795,0.0864,102.9894,0.0001,0.0002,0.0000,0.0001,0.0000,271.9122,0.0067,-0.0714,-0.1124,0.3509,0.0000,0.0000,0.0000,0.0000,0.6419,1,0,0,0,0,3.2100
53.1418,178.9795,0.0864,102.9894,0.0001,0.0002,0.0000,0.0001,0.0000,271.9126,0.0071,-0.0714,-0.1124,0.3509,0.0000,0.0000,0.0000,0.0000,0.6419,1,0,0,0,0,3.2100
53.2008,178.9795,0.0864,102.9894,0.0001,0.0002,0.0000,0.0001,0.0000,271.9130,0.0067,-0.0714,-0.1124,0.3509,0.0000,0.0000,0.0000,0.0000,0.6419,1,0,0,0,0,3.2100
53.2522,178.9795,0.0864,102.9894,0.0001,0.0002,0.0000,0.0001,0.0000,271.9134,0.0083,-0.0714,-0.1124,0.3509,0.0000,0.0000,0.0000,0.0000,0.6419,1,0,0,0,0,3.2101
53.3037,178.9795,0.0864,102.9894,0.0001,0.0002,0.0000,0.0001,0.0000,271.9137,0.0059,-0.0714,-0.1124,0.3509,0.0000,0.0000,0.0000,0.0000,0.6419,1,0,0,0,0,3.2100
53.3538,178.9795,0.0864,102.9893,0.0001,0.0002,0.0000,0.0001,0.0000,271.9139,0.0049,-0.0714,-0.1124,0.3509,0.0000,0.0000,0.0000,0.0000,0.6419,1,0,0,0,0,3.2099
53.4127,178.9795,0.0864,102.9894,0.0001,0.0002,0.0000,0.0001,0.0000,271.9142,0.0052,-0.0714,-0.1124,0.3509,0.0000,0.0000,0.0000,0.0000,0.6419,1,0,0,0,0,3.2099
53.4692,178.9795,0.0864,102.9894,0.0001,0.0002,0.0000,0.0001,0.0000,271.9146,0.0065,-0.0714,-0.1124,0.3509,0.0000,0.0000,0.0000,0.0000,0.6419,1,0,0,0,0,3.2100
53.5230,178.9795,0.0864,102.9894,0.0001,0.0002,0.0000,0.0001,0.0000,271.9149,0.0045,-0.0714,-0.1124,0.3509,0.0000,0.0000,0.0000,0.0000,0.6419,1,0,0,0,0,3.2099
53.5809,178.9795,0.0864,102.9894,0.0001,0.0002,0.0000,0.0001,0.0000,271.9152,0.0063,-0.0714,-0.1124,0.3509,0.0000,0.0000,0.0000,0.0000,0.6419,1,0,0,0,0,3.2100
53.6319,178.9795,0.0864,102.9893,0.0001,0.0002,0.0000,0.0001,0.0000,271.9155,0.0048,-0.0714,-0.1124,0.3509,0.0000,0.0000,0.0000,0.0000,0.6419,1,0,0,0,0,3.2099
53.6898,178.9795,0.0864,102.9894,0.0001,0.0002,0.0000,0.0001,0.0000,271.9158,0.0063,-0.0714,-0.1124,0.3509,0.0000,0.0000,0.0000,0.0000,0.6419,1,0,0,0,0,3.2100
53.7498,178.9795,0.0864,102.9893,0.0001,0.0002,0.0000,0.0001,0.0000,271.9163,0.0081,-0.0714,-0.1124,0.3509,0.0000,0.0000,0.0000,0.0000,0.6419,1,0,0,0,0,3.2101
53.8094,178.9795,0.0864,102.9893,0.0001,0.0002,0.0000,0.0001,0.0000,271.9166,0.0051,-0.0714,-0.1124,0.3509,0.0000,0.0000,0.0000,0.0000,0.6419,1,0,0,0,0,3.2099
53.8623,178.9795,0.0864,102.9894,0.0001,0.0002,0.0000,0.0001,0.0000,271.9169,0.0058,-0.0714,-0.1124,0.3509,0.0000,0.0000,0.0000,0.0000,0.6419,1,0,0,0,0,3.2100
53.9226,178.9795,0.0864,102.9894,0.0001,0.0002,0.0000,0.0001,0.0000,271.9173,0.0056,-0.0714,-0.1124,0.3509,0.0000,0.0000,0.0000,0.0000,0.6419,1,0,0,0,0,3.2099
53.9752,178.9795,0.0864,102.9893,0.0001,0.0002,0.0000,0.0001,0.0000,271.9176,0.0064,-0.0714,-0.1124,0.3509,0.0000,0.0000,0.0000,0.0000,0.6419,1,0,0,0,0,3.2100
54.0353,178.9795,0.0864,102.9894,0.0001,0.0002,0.0000,0.0001,0.0000,271.9180,0.0061,-0.0714,-0.1124,0.3509,0.0000,0.0000,0.0000,0.0000,0.6419,1,0,0,0,0,3.2100
54.0894,178.9795,0.0864,102.9894,0.0001,0.0002,0.0000,0.0001,0.0000,271.9182,0.0040,-0.0714,-0.1124,0.3509,0.0000,0.0000,0.0000,0.0000,0.6419,1,0,0,0,0,3.2099
54.1410,178.9795,0.0864,102.9894,0.0001,0.0002,0.0000,0.0001,0.0000,271.9184,0.0047,-0.0714,-0.1124,0.3509,0.0000,0.0000,0.0000,0.0000,0.6419,1,0,0,0,0,3.2099
54.2015,178.9795,0.0864,102.9894,0.0001,0.0002,0.0000,0.0001,0.0000,271.9187,0.0045,-0.0714,-0.1124,0.3509,0.0000,0.0000,0.0000,0.0000,0.6419,1,0,0,0,0,3.2099
54.2600,178.9795,0.0864,102.9894,0.0001,0.0002,0.0000,0.0001,0.0000,271.9189,0.0042,-0.0714,-0.1124,0.3509,0.0000,0.0000,0.0000,0.0000,0.6419,1,0,0,0,0,3.2099
54.3123,178.9795,0.0864,102.9894,0.0001,0.0002,0.0000,0.0001,0.0000,271.9192,0.0047,-0.0714,-0.1124,0.3509,0.0000,0.0000,0.0000,0.0000,0.6419,1,0,0,0,0,3.2099
54.3706,178.9795,0.0864,102.9894,0.0001,0.0002,0.0000,0.0001,0.0000,271.9194,0.0042,-0.0714,-0.1124,0.3509,0.0000,0.0000,0.0000,0.0000,0.6419,1,0,0,0,0,3.2099
54.4222,178.9795,0.0864,102.9894,0.0001,0.0002,0.0000,0.0001,0.0000,271.9196,0.0041,-0.0714,-0.1124,0.3509,0.0000,0.0000,0.0000,0.0000,0.6419,1,0,0,0,0,3.2099
54.4736,178.9795,0.0864,102.9894,0.0001,0.0002,0.0000,0.0001,0.0000,271.9199,0.0042,-0.0714,-0.1124,0.3509,0.0000,0.0000,0.0000,0.0000,0.6419,1,0,0,0,0,3.2099
54.5337,178.9795,0.0864,102.9894,0.0001,0.0002,0.0000,0.0001,0.0000,271.9201,0.0041,-0.0714,-0.1124,0.3509,0.0000,0.0000,0.0000,0.0000,0.6419,1,0,0,0,0,3.2099
54.6021,178.9795,0.0864,102.9894,0.0001,0.0002,0.0000,0.0001,0.0000,271.9205,0.0054,-0.0714,-0.1124,0.3509,0.0000,0.0000,0.0000,0.0000,0.6419,1,0,0,0,0,3.2099
54.6595,178.9795,0.0864,102.9894,0.0001,0.0002,0.0000,0.0001,0.0000,271.9207,0.0043,-0.0714,-0.1124,0.3509,0.0000,0.0000,0.0000,0.0000,0.6419,1,0,0,0,0,3.2099
54.7105,178.9795,0.0864,102.9894,0.0001,0.0002,0.0000,0.0001,0.0000,271.9210,0.0048,-0.0714,-0.1124,0.3509,0.0000,0.0000,0.0000,0.0000,0.6419,1,0,0,0,0,3.2099
54.7608,178.9795,0.0864,102.9894,0.0001,0.0002,0.0000,0.0001,0.0000,271.9213,0.0061,-0.0714,-0.1124,0.3509,0.0000,0.0000,0.0000,0.0000,0.6419,1,0,0,0,0,3.2100
54.8159,178.9795,0.0864,102.9894,0.0001,0.0002,0.0000,0.0001,0.0000,271.9216,0.0055,-0.0714,-0.1124,0.3509,0.0000,0.0000,0.0000,0.0000,0.6419,1,0,0,0,0,3.2099
54.8794,178.9795,0.0864,102.9894,0.0001,0.0002,0.0000,0.0001,0.0000,271.9220,0.0063,-0.0714,-0.1124,0.3509,0.0000,0.0000,0.0000,0.0000,0.6419,1,0,0,0,0,3.2100
54.9348,178.9795,0.0864,102.9894,0.0001,0.0002,0.0000,0.0001,0.0000,271.9223,0.0061,-0.0714,-0.1124,0.3509,0.0000,0.0000,0.0000,0.0000,0.6419,1,0,0,0,0,3.2100
54.9867,178.9795,0.0864,102.9894,0.0001,0.0002,0.0000,0.0001,0.0000,271.9225,0.0047,-0.0714,-0.1124,0.3509,0.0000,0.0000,0.0000,0.0000,0.6419,1,0,0,0,0,3.2099
55.0376,178.9795,0.0864,102.9894,0.0001,0.0002,0.0000,0.0001,0.0000,271.9229,0.0060,-0.0714,-0.1124,0.3509,0.0000,0.0000,0.0000,0.0000,0.6419,1,0,0,0,0,3.2100
55.1120,178.9795,0.0864,102.9894,0.0001,0.0002,0.0000,0.0001,0.0000,271.9234,0.0074,-0.0714,-0.1124,0.3509,0.0000,0.0000,0.0000,0.0000,0.6419,1,0,0,0,0,3.2100
55.1661,178.9795,0.0864,102.9894,0.0001,0.0002,0.0000,0.0001,0.0000,271.9237,0.0062,-0.0714,-0.1124,0.3509,0.0000,0.0000,0.0000,0.0000,0.6419,1,0,0,0,0,3.2100
55.2218,178.9795,0.0864,102.9894,0.0001,0.0002,0.0000,0.0001,0.0000,271.9241,0.0071,-0.0714,-0.1124,0.3509,0.0000,0.0000,0.0000,0.0000,0.6419,1,0,0,0,0,3.2100
55.2738,178.9795,0.0864,102.9894,0.0001,0.0002,0.0000,0.0001,0.0000,271.9245,0.0076,-0.0714,-0.1124,0.3509,0.0000,0.0000,0.0000,0.0000,0.6419,1,0,0,0,0,3.2101
55.3308,178.9795,0.0864,102.9894,0.0001,0.0002,0.0000,0.0001,0.0000,271.9249,0.0064,-0.0714,-0.1124,0.3509,0.0000,0.0000,0.0000,0.0000,0.6419,1,0,0,0,0,3.2100
55.3818,178.9795,0.0864,102.9894,0.0001,0.0002,0.0000,0.0001,0.0000,271.9252,0.0066,-0.0714,-0.1124,0.3509,0.0000,0.0000,0.0000,0.0000,0.6419,1,0,0,0,0,3.2100
55.4432,178.9795,0.0864,102.9894,0.0001,0.0002,0.0000,0.0001,0.0000,271.9255,0.0050,-0.0714,-0.1124,0.3509,0.0000,0.0000,0.0000,0.0000,0.6419,1,0,0,0,0,3.2099
55.5032,178.9795,0.0864,102.9894,0.0001,0.0002,0.0000,0.0001,0.0000,271.9259,0.0061,-0.0714,-0.1124,0.3509,0.0000,0.0000,0.0000,0.0000,0.6419,1,0,0,0,0,3.2100
55.5552,178.9795,0.0864,102.9894,0.0001,0.0002,0.0000,0.0001,0.0000,271.9261,0.0047,-0.0714,-0.1124,0.3509,0.0000,0.0000,0.0000,0.0000,0.6419,1,0,0,0,0,3.2099
55.6280,178.9795,0.0864,102.9894,0.0001,0.0002,0.0000,0.0001,0.0000,271.9267,0.0076,-0.0714,-0.1124,0.3509,0.0000,0.0000,0.0000,0.0000,0.6419,1,0,0,0,0,3.2101
55.6796,178.9795,0.0864,102.9893,0.0001,0.0002,0.0000,0.0001,0.0000,271.9271,0.0071,-0.0714,-0.1124,0.3509,0.0000,0.0000,0.0000,0.0000,0.6419,1,0,0,0,0,3.2100
55.7342,178.9795,0.0864,102.9894,0.0001,0.0002,0.0000,0.0001,0.0000,271.9274,0.0056,-0.0714,-0.1124,0.3509,0.0000,0.0000,0.0000,0.0000,0.6419,1,0,0,0,0,3.2099
55.7946,178.9795,0.0864,102.9894,0.0001,0.0002,0.0000,0.0001,0.0000,271.9277,0.0056,-0.0714,-0.1124,0.3509,0.0000,0.0000,0.0000,0.0000,0.6419,1,0,0,0,0,3.2099
55.8449,178.9795,0.0864,102.9894,0.0001,0.0002,0.0000,0.0001,0.0000,271.9280,0.0067,-0.0714,-0.1124,0.3509,0.0000,0.0000,0.0000,0.0000,0.6419,1,0,0,0,0,3.2100
55.8976,178.9795,0.0864,102.9894,0.0001,0.0002,0.0000,0.0001,0.0000,271.9283,0.0046,-0.0714,-0.1124,0.3509,0.0000,0.0000,0.0000,0.0000,0.6419,1,0,0,0,0,3.2099
55.9537,178.9795,0.0864,102.9894,0.0001,0.0002,0.0000,0.0001,0.0000,271.9286,0.0054,-0.0714,-0.1124,0.3509,0.0000,0.0000,0.0000,0.0000,0.6419,1,0,0,0,0,3.2099
56.0077,178.9795,0.0864,102.9894,0.0001,0.0002,0.0000,0.0001,0.0000,271.9289,0.0057,-0.0714,-0.1124,0.3509,0.0000,0.0000,0.0000,0.0000,0.6419,1,0,0,0,0,3.2099
56.0691,178.9795,0.0864,102.9894,0.0001,0.0002,0.0000,0.0001,0.0000,271.9292,0.0050,-0.0714,-0.1124,0.3509,0.0000,0.0000,0.0000,0.0000,0.6419,1,0,0,0,0,3.2099
56.1191,178.9795,0.0864,102.9894,0.0001,0.0002,0.0000,0.0001,0.0000,271.9294,0.0049,-0.0714,-0.1124,0.3509,0.0000,0.0000,0.0000,0.0000,0.6419,1,0,0,0,0,3.2099
56.1757,178.9795,0.0864,102.9894,0.0001,0.0002,0.0000,0.0001,0.0000,271.9297,0.0049,-0.0714,-0.1124,0.3509,0.0000,0.0000,0.0000,0.0000,0.6419,1,0,0,0,0,3.2099
56.2272,178.9795,0.0864,102.9894,0.0001,0.0002,0.0000,0.0001,0.0000,271.9300,0.0047,-0.0714,-0.1124,0.3509,0.0000,0.0000,0.0000,0.0000,0.6419,1,0,0,0,0,3.2099
56.2880,178.9795,0.0864,102.9894,0.0001,0.0002,0.0000,0.0001,0.0000,271.9302,0.0035,-0.0714,-0.1124,0.3509,0.0000,0.0000,0.0000,0.0000,0.6419,1,0,0,0,0,3.2098
56.3436,178.9795,0.0864,102.9894,0.0001,0.0002,0.0000,0.0001,0.0000,271.9305,0.0055,-0.0714,-0.1124,0.3509,0.0000,0.0000,0.0000,0.0000,0.6419,1,0,0,0,0,3.2099
56.4034,178.9795,0.0864,102.9894,0.0001,0.0002,0.0000,0.0001,0.0000,271.9308,0.0051,-0.0714,-0.1124,0.3509,0.0000,0.0000,0.0000,0.0000,0.6419,1,0,0,0,0,3.2099
56.4545,178.9795,0.0864,102.9894,0.0001,0.0002,0.0000,0.0001,0.0000,271.9310,0.0048,-0.0714,-0.1124,0.3509,0.0000,0.0000,0.0000,0.0000,0.6419,1,0,0,0,0,3.2099
56.5048,178.9795,0.0864,102.9894,0.0001,0.0002,0.0000,0.0001,0.0000,271.9313,0.0049,-0.0714,-0.1124,0.3509,0.0000,0.0000,0.0000,0.0000,0.6419,1,0,0,0,0,3.2099
56.5640,178.9795,0.0864,102.9894,0.0001,0.0002,0.0000,0.0001,0.0000,271.9315,0.0041,-0.0714,-0.1124,0.3509,0.0000,0.0000,0.0000,0.0000,0.6419,1,0,0,0,0,3.2099
56.6264,178.9795,0.0864,102.9894,0.0001,0.0002,0.0000,0.0001,0.0000,271.9319,0.0059,-0.0714,-0.1124,0.3509,0.0000,0.0000,0.0000,0.0000,0.6419,1,0,0,0,0,3.2100
56.6829,178.9795,0.0864,102.9894,0.0001,0.0002,0.0000,0.0001,0.0000,271.9322,0.0054,-0.0714,-0.1124,0.3509,0.0000,0.0000,0.0000,0.0000,0.6419,1,0,0,0,0,3.2099
56.7352,178.9795,0.0864,102.9894,0.0001,0.0002,0.0000,0.0001,0.0000,271.9325,0.0058,-0.0714,-0.1124,0.3509,0.0000,0.0000,0.0000,0.0000,0.6419,1,0,0,0,0,3.2100
56.7871,178.9795,0.0864,102.9894,0.0001,0.0002,0.0000,0.0001,0.0000,271.9327,0.0047,-0.0714,-0.1124,0.3509,0.0000,0.0000,0.0000,0.0000,0.6419,1,0,0,0,0,3.2099
56.8376,178.9795,0.0864,102.9894,0.0001,0.0002,0.0000,0.0001,0.0000,271.9330,0.0060,-0.0714,-0.1124,0.3509,0.0000,0.0000,0.0000,0.0000,0.6419,1,0,0,0,0,3.2100
56.8877,178.9795,0.0864,102.9894,0.0001,0.0002,0.0000,0.0001,0.0000,271.9333,0.0061,-0.0714,-0.1124,0.3509,0.0000,0.0000,0.0000,0.0000,0.6419,1,0,0,0,0,3.2100
56.9388,178.9795,0.0864,102.9893,0.0001,0.0002,0.0000,0.0001,0.0000,271.9336,0.0048,-0.0714,-0.1124,0.3509,0.0000,0.0000,0.0000,0.0000,0.6419,1,0,0,0,0,3.2099
56.9900,178.9795,0.0864,102.9894,0.0001,0.0002,0.0000,0.0001,0.0000,271.9339,0.0066,-0.0714,-0.1124,0.3509,0.0000,0.0000,0.0000,0.0000,0.6419,1,0,0,0,0,3.2100
57.0513,178.9795,0.0864,102.9894,0.0001,0.0002,0.0000,0.0001,0.0000,271.9343,0.0065,-0.0714,-0.1124,0.3509,0.0000,0.0000,0.0000,0.0000,0.6419,1,0,0,0,0,3.2100
57.1035,178.9795,0.0864,102.9893,0.0001,0.0002,0.0000,0.0001,0.0000,271.9347,0.0076,-0.0714,-0.1124,0.3509,0.0000,0.0000,0.0000,0.0000,0.6419,1,0,0,0,0,3.2101
57.1768,178.9795,0.0864,102.9893,0.0001,0.0002,0.0000,0.0001,0.0000,271.9353,0.0079,-0.0714,-0.1124,0.3509,0.0000,0.0000,0.0000,0.0000,0.6419,1,0,0,0,0,3.2101
57.2285,178.9795,0.0864,102.9894,0.0001,0.0002,0.0000,0.0001,0.0000,271.9356,0.0059,-0.0714,-0.1124,0.3509,0.0000,0.0000,0.0000,0.0000,0.6419,1,0,0,0,0,3.2100
57.2858,178.9795,0.0864,102.9894,0.0001,0.0002,0.0000,0.0001,0.0000,271.9359,0.0059,-0.0714,-0.1124,0.3509,0.0000,0.0000,0.0000,0.0000,0.6419,1,0,0,0,0,3.2100
57.3384,178.9795,0.0864,102.9894,0.0001,0.0002,0.0000,0.0001,0.0000,271.9363,0.0064,-0.0714,-0.1124,0.3509,0.0000,0.0000,0.0000,0.0000,0.6419,1,0,0,0,0,3.2100
57.3912,178.9795,0.0864,102.9894,0.0001,0.0002,0.0000,0.0001,0.0000,271.9366,0.0058,-0.0714,-0.1124,0.3509,0.0000,0.0000,0.0000,0.0000,0.6419,1,0,0,0,0,3.2100
57.4487,178.9795,0.0864,102.9894,0.0001,0.0002,0.0000,0.0001,0.0000,271.9369,0.0053,-0.0714,-0.1124,0.3509,0.0000,0.0000,0.0000,0.0000,0.6419,1,0,0,0,0,3.2099
57.5012,178.9795,0.0864,102.9894,0.0001,0.0002,0.0000,0.0001,0.0000,271.9372,0.0064,-0.0714,-0.1124,0.3509,0.0000,0.0000,0.0000,0.0000,0.6419,1,0,0,0,0,3.2100
57.5524,178.9795,0.0864,102.9894,0.0001,0.0002,0.0000,0.0001,0.0000,271.9375,0.0054,-0.0714,-0.1124,0.3509,0.0000,0.0000,0.0000,0.0000,0.6419,1,0,0,0,0,3.2099
57.6033,178.9795,0.0864,102.9894,0.0001,0.0002,0.0000,0.0001,0.0000,271.9379,0.0078,-0.0714,-0.1124,0.3509,0.0000,0.0000,0.0000,0.0000,0.6419,1,0,0,0,0,3.2101
57.6617,178.9795,0.0864,102.9894,0.0001,0.0002,0.0000,0.0001,0.0000,271.9382,0.0052,-0.0714,-0.1124,0.3509,0.0000,0.0000,0.0000,0.0000,0.6419,1,0,0,0,0,3.2099
57.7218,178.9795,0.0864,102.9894,0.0001,0.0002,0.0000,0.0001,0.0000,271.9386,0.0066,-0.0714,-0.1124,0.3509,0.0000,0.0000,0.0000,0.0000,0.6419,1,0,0,0,0,3.2100
57.7818,178.9795,0.0864,102.9894,0.0001,0.0002,0.0000,0.0001,0.0000,271.9389,0.0051,-0.0714,-0.1124,0.3509,0.0000,0.0000,0.0000,0.0000,0.6419,1,0,0,0,0,3.2099
57.8371,178.9795,0.0864,102.9894,0.0001,0.0002,0.0000,0.0001,0.0000,271.9392,0.0055,-0.0714,-0.1124,0.3509,0.0000,0.0000,0.0000,0.0000,0.6419,1,0,0,0,0,3.2099
57.8993,178.9795,0.0864,102.9894,0.0001,0.0002,0.0000,0.0001,0.0000,271.9396,0.0059,-0.0714,-0.1124,0.3509,0.0000,0.0000,0.0000,0.0000,0.6419,1,0,0,0,0,3.2100
57.9627,178.9795,0.0864,102.9894,0.0001,0.0002,0.0000,0.0001,0.0000,271.9399,0.0048,-0.0714,-0.1124,0.3509,0.0000,0.0000,0.0000,0.0000,0.6419,1,0,0,0,0,3.2099
58.0186,178.9795,0.0864,102.9894,0.0001,0.0002,0.0000,0.0001,0.0000,271.9402,0.0055,-0.0714,-0.1124,0.3509,0.0000,0.0000,0.0000,0.0000,0.6419,1,0,0,0,0,3.2099
58.0690,178.9795,0.0864,102.9894,0.0001,0.0002,0.0000,0.0001,0.0000,271.9405,0.0055,-0.0714,-0.1124,0.3509,0.0000,0.0000,0.0000,0.0000,0.6419,1,0,0,0,0,3.2099
58.1223,178.9795,0.0864,102.9894,0.0001,0.0002,0.0000,0.0001,0.0000,271.9407,0.0040,-0.0714,-0.1124,0.3509,0.0000,0.0000,0.0000,0.0000,0.6419,1,0,0,0,0,3.2099
58.1736,178.9795,0.0864,102.9894,0.0001,0.0002,0.0000,0.0001,0.0000,271.9409,0.0036,-0.0714,-0.1124,0.3509,0.0000,0.0000,0.0000,0.0000,0.6419,1,0,0,0,0,3.2098
58.2286,178.9795,0.0864,102.9893,0.0001,0.0002,0.0000,0.0001,0.0000,271.9411,0.0044,-0.0714,-0.1124,0.3509,0.0000,0.0000,0.0000,0.0000,0.6419,1,0,0,0,0,3.2099
58.2875,178.9795,0.0864,102.9894,0.0001,0.0002,0.0000,0.0001,0.0000,271.9414,0.0047,-0.0714,-0.1124,0.3509,0.0000,0.0000,0.0000,0.0000,0.6419,1,0,0,0,0,3.2099
58.3415,178.9795,0.0864,102.9894,0.0001,0.0002,0.0000,0.0001,0.0000,271.9416,0.0040,-0.0714,-0.1124,0.3509,0.0000,0.0000,0.0000,0.0000,0.6419,1,0,0,0,0,3.2099
58.3955,178.9795,0.0864,102.9894,0.0001,0.0002,0.0000,0.0001,0.0000,271.9418,0.0045,-0.0714,-0.1124,0.3509,0.0000,0.0000,0.0000,0.0000,0.6419,1,0,0,0,0,3.2099
58.4457,178.9795,0.0864,102.9894,0.0001,0.0002,0.0000,0.0001,0.0000,271.9421,0.0061,-0.0714,-0.1124,0.3509,0.0000,0.0000,0.0000,0.0000,0.6419,1,0,0,0,0,3.2100
58.4961,178.9795,0.0864,102.9894,0.0001,0.0002,0.0000,0.0001,0.0000,271.9423,0.0036,-0.0714,-0.1124,0.3509,0.0000,0.0000,0.0000,0.0000,0.6419,1,0,0,0,0,3.2098
58.5566,178.9795,0.0864,102.9894,0.0001,0.0002,0.0000,0.0001,0.0000,271.9427,0.0060,-0.0714,-0.1124,0.3509,0.0000,0.0000,0.0000,0.0000,0.6419,1,0,0,0,0,3.2100
58.6149,178.9795,0.0864,102.9893,0.0001,0.0002,0.0000,0.0001,0.0000,271.9431,0.0063,-0.0714,-0.1124,0.3509,0.0000,0.0000,0.0000,0.0000,0.6419,1,0,0,0,0,3.2100
58.6731,178.9795,0.0864,102.9894,0.0001,0.0002,0.0000,0.0001,0.0000,271.9434,0.0052,-0.0714,-0.1124,0.3509,0.0000,0.0000,0.0000,0.0000,0.6419,1,0,0,0,0,3.2099
58.7232,178.9795,0.0864,102.9894,0.0001,0.0002,0.0000,0.0001,0.0000,271.9437,0.0061,-0.0714,-0.1124,0.3509,0.0000,0.0000,0.0000,0.0000,0.6419,1,0,0,0,0,3.2100
58.7769,178.9795,0.0864,102.9894,0.0001,0.0002,0.0000,0.0001,0.0000,271.9440,0.0057,-0.0714,-0.1124,0.3509,0.0000,0.0000,0.0000,0.0000,0.6419,1,0,0,0,0,3.2099
58.8290,178.9795,0.0864,102.9894,0.0001,0.0002,0.0000,0.0001,0.0000,271.9442,0.0047,-0.0714,-0.1124,0.3509,0.0000,0.0000,0.0000,0.0000,0.6419,1,0,0,0,0,3.2099
58.8799,178.9795,0.0864,102.9894,0.0001,0.0002,0.0000,0.0001,0.0000,271.9445,0.0060,-0.0714,-0.1124,0.3509,0.0000,0.0000,0.0000,0.0000,0.6419,1,0,0,0,0,3.2100
58.9419,178.9795,0.0864,102.9894,0.0001,0.0002,0.0000,0.0001,0.0000,271.9449,0.0064,-0.0714,-0.1124,0.3509,0.0000,0.0000,0.0000,0.0000,0.6419,1,0,0,0,0,3.2100
59.0014,178.9795,0.0864,102.9894,0.0001,0.0002,0.0000,0.0001,0.0000,271.9453,0.0067,-0.0714,-0.1124,0.3509,0.0000,0.0000,0.0000,0.0000,0.6419,1,0,0,0,0,3.2100
59.0550,178.9795,0.0864,102.9893,0.0001,0.0002,0.0000,0.0001,0.0000,271.9457,0.0080,-0.0714,-0.1124,0.3509,0.0000,0.0000,0.0000,0.0000,0.6419,1,0,0,0,0,3.2101
59.1098,178.9795,0.0864,102.9894,0.0001,0.0002,0.0000,0.0001,0.0000,271.9461,0.0067,-0.0714,-0.1124,0.3509,0.0000,0.0000,0.0000,0.0000,0.6419,1,0,0,0,0,3.2100
59.1599,178.9795,0.0864,102.9894,0.0001,0.0002,0.0000,0.0001,0.0000,271.9464,0.0067,-0.0714,-0.1124,0.3509,0.0000,0.0000,0.0000,0.0000,0.6419,1,0,0,0,0,3.2100
59.2102,178.9795,0.0864,102.9894,0.0001,0.0002,0.0000,0.0001,0.0000,271.9468,0.0079,-0.0714,-0.1124,0.3509,0.0000,0.0000,0.0000,0.0000,0.6419,1,0,0,0,0,3.2101
59.2665,178.9795,0.0864,102.9894,0.0001,0.0002,0.0000,0.0001,0.0000,271.9471,0.0054,-0.0714,-0.1124,0.3509,0.0000,0.0000,0.0000,0.0000,0.6419,1,0,0,0,0,3.2099
59.3277,178.9795,0.0864,102.9894,0.0001,0.0002,0.0000,0.0001,0.0000,271.9475,0.0055,-0.0714,-0.1124,0.3509,0.0000,0.0000,0.0000,0.0000,0.6419,1,0,0,0,0,3.2099
59.3854,178.9795,0.0864,102.9894,0.0001,0.0002,0.0000,0.0001,0.0000,271.9479,0.0069,-0.0714,-0.1124,0.3509,0.0000,0.0000,0.0000,0.0000,0.6419,1,0,0,0,0,3.2100
59.4408,178.9795,0.0864,102.9894,0.0001,0.0002,0.0000,0.0001,0.0000,271.9483,0.0072,-0.0714,-0.1124,0.3509,0.0000,0.0000,0.0000,0.0000,0.6419,1,0,0,0,0,3.2100
59.5000,178.9795,0.0864,102.9894,0.0001,0.0002,0.0000,0.0001,0.0000,271.9487,0.0067,-0.0714,-0.1124,0.3509,0.0000,0.0000,0.0000,0.0000,0.6419,1,0,0,0,0,3.2100
59.5518,178.9795,0.0864,102.9894,0.0001,0.0002,0.0000,0.0001,0.0000,271.9490,0.0071,-0.0714,-0.1124,0.3509,0.0000,0.0000,0.0000,0.0000,0.6419,1,0,0,0,0,3.2100
59.6027,178.9795,0.0864,102.9894,0.0001,0.0002,0.0000,0.0001,0.0000,271.9493,0.0048,-0.0714,-0.1124,0.3509,0.0000,0.0000,0.0000,0.0000,0.6419,1,0,0,0,0,3.2099
59.6611,178.9795,0.0864,102.9894,0.0001,0.0002,0.0000,0.0001,0.0000,271.9496,0.0052,-0.0714,-0.1124,0.3509,0.0000,0.0000,0.0000,0.0000,0.6419,1,0,0,0,0,3.2099
59.7119,178.9795,0.0864,102.9894,0.0001,0.0002,0.0000,0.0001,0.0000,271.9498,0.0042,-0.0714,-0.1124,0.3509,0.0000,0.0000,0.0000,0.0000,0.6419,1,0,0,0,0,3.2099
59.7670,178.9795,0.0864,102.9894,0.0001,0.0002,0.0000,0.0001,0.0000,271.9500,0.0044,-0.0714,-0.1124,0.3509,0.0000,0.0000,0.0000,0.0000,0.6419,1,0,0,0,0,3.2099
59.8277,178.9795,0.0864,102.9894,0.0001,0.0002,0.0000,0.0001,0.0000,271.9503,0.0035,-0.0714,-0.1124,0.3509,0.0000,0.0000,0.0000,0.0000,0.6419,1,0,0,0,0,3.2098
59.8858,178.9795,0.0864,102.9894,0.0001,0.0002,0.0000,0.0001,0.0000,271.9506,0.0053,-0.0714,-0.1124,0.3509,0.0000,0.0000,0.0000,0.0000,0.6419,1,0,0,0,0,3.2099
59.9361,178.9795,0.0864,102.9894,0.0001,0.0002,0.0000,0.0001,0.0000,271.9508,0.0049,-0.0714,-0.1124,0.3509,0.0000,0.0000,0.0000,0.0000,0.6419,1,0,0,0,0,3.2099
59.9906,178.9795,0.0864,102.9894,0.0001,0.0002,0.0000,0.0001,0.0000,271.9511,0.0056,-0.0714,-0.1124,0.3509,0.0000,0.0000,0.0000,0.0000,0.6419,1,0,0,0,0,3.2099
60.0493,178.9795,0.0864,102.9894,0.0001,0.0002,0.0000,0.0001,0.0000,271.9514,0.0052,-0.0714,-0.1124,0.3509,0.0000,0.0000,0.0000,0.0000,0.6419,1,0,0,0,0,3.2099
60.1071,178.9795,0.0864,102.9894,0.0001,0.0002,0.0000,0.0001,0.0000,271.9517,0.0048,-0.0714,-0.1124,0.3509,0.0000,0.0000,0.0000,0.0000,0.6419,1,0,0,0,0,3.2099
60.1575,178.9795,0.0864,102.9894,0.0001,0.0002,0.0000,0.0001,0.0000,271.9519,0.0042,-0.0714,-0.1124,0.3509,0.0000,0.0000,0.0000,0.0000,0.6419,1,0,0,0,0,3.2099
60.2126,178.9795,0.0864,102.9894,0.0001,0.0002,0.0000,0.0001,0.0000,271.9522,0.0055,-0.0714,-0.1124,0.3509,0.0000,0.0000,0.0000,0.0000,0.6419,1,0,0,0,0,3.2099
60.2691,178.9795,0.0864,102.9894,0.0001,0.0002,0.0000,0.0001,0.0000,271.9525,0.0054,-0.0714,-0.1124,0.3509,0.0000,0.0000,0.0000,0.0000,0.6419,1,0,0,0,0,3.2099
60.3208,178.9795,0.0864,102.9894,0.0001,0.0002,0.0000,0.0001,0.0000,271.9527,0.0041,-0.0714,-0.1124,0.3509,0.0000,0.0000,0.0000,0.0000,0.6419,1,0,0,0,0,3.2099
60.3787,178.9795,0.0864,102.9894,0.0001,0.0002,0.0000,0.0001,0.0000,271.9530,0.0042,-0.0714,-0.1124,0.3509,0.0000,0.0000,0.0000,0.0000,0.6419,1,0,0,0,0,3.2099
60.4329,178.9795,0.0864,102.9894,0.0001,0.0002,0.0000,0.0001,0.0000,271.9532,0.0039,-0.0714,-0.1124,0.3509,0.0000,0.0000,0.0000,0.0000,0.6419,1,0,0,0,0,3.2099
60.4886,178.9795,0.0864,102.9894,0.0001,0.0002,0.0000,0.0001,0.0000,271.9535,0.0060,-0.0714,-0.1124,0.3509,0.0000,0.0000,0.0000,0.0000,0.6419,1,0,0,0,0,3.2100
60.5394,178.9795,0.0864,102.9894,0.0001,0.0002,0.0000,0.0001,0.0000,271.9539,0.0066,-0.0714,-0.1124,0.3509,0.0000,0.0000,0.0000,0.0000,0.6419,1,0,0,0,0,3.2100
60.6023,178.9795,0.0864,102.9893,0.0001,0.0002,0.0000,0.0001,0.0000,271.9542,0.0049,-0.0714,-0.1124,0.3509,0.0000,0.0000,0.0000,0.0000,0.6419,1,0,0,0,0,3.2099
60.6595,178.9795,0.0864,102.9894,0.0001,0.0002,0.0000,0.0001,0.0000,271.9545,0.0053,-0.0714,-0.1124,0.3509,0.0000,0.0000,0.0000,0.0000,0.6419,1,0,0,0,0,3.2099
60.7162,178.9795,0.0864,102.9894,0.0001,0.0002,0.0000,0.0001,0.0000,271.9548,0.0054,-0.0714,-0.1124,0.3509,0.0000,0.0000,0.0000,0.0000,0.6419,1,0,0,0,0,3.2099
60.7821,178.9795,0.0864,102.9894,0.0001,0.0002,0.0000,0.0001,0.0000,271.9551,0.0056,-0.0714,-0.1124,0.3509,0.0000,0.0000,0.0000,0.0000,0.6419,1,0,0,0,0,3.2099
60.8393,178.9795,0.0864,102.9894,0.0001,0.0002,0.0000,0.0001,0.0000,271.9555,0.0064,-0.0714,-0.1124,0.3509,0.0000,0.0000,0.0000,0.0000,0.6419,1,0,0,0,0,3.2100
60.8901,178.9795,0.0864,102.9894,0.0001,0.0002,0.0000,0.0001,0.0000,271.9557,0.0048,-0.0714,-0.1124,0.3509,0.0000,0.0000,0.0000,0.0000,0.6419,1,0,0,0,0,3.2099
60.9503,178.9795,0.0864,102.9894,0.0001,0.0002,0.0000,0.0001,0.0000,271.9561,0.0066,-0.0714,-0.1124,0.3509,0.0000,0.0000,0.0000,0.0000,0.6419,1,0,0,0,0,3.2100
61.0117,178.9795,0.0864,102.9894,0.0001,0.0002,0.0000,0.0001,0.0000,271.9565,0.0065,-0.0714,-0.1124,0.3509,0.0000,0.0000,0.0000,0.0000,0.6419,1,0,0,0,0,3.2100
61.0720,178.9795,0.0864,102.9894,0.0001,0.0002,0.0000,0.0001,0.0000,271.9570,0.0071,-0.0714,-0.1124,0.3509,0.0000,0.0000,0.0000,0.0000,0.6419,1,0,0,0,0,3.2100
61.1292,178.9795,0.0864,102.9894,0.0001,0.0002,0.0000,0.0001,0.0000,271.9574,0.0080,-0.0714,-0.1124,0.3509,0.0000,0.0000,0.0000,0.0000,0.6419,1,0,0,0,0,3.2101
61.1820,178.9795,0.0864,102.9894,0.0001,0.0002,0.0000,0.0001,0.0000,271.9578,0.0064,-0.0714,-0.1124,0.3509,0.0000,0.0000,0.0000,0.0000,0.6419,1,0,0,0,0,3.2100
61.2324,178.9795,0.0864,102.9893,0.0001,0.0002,0.0000,0.0001,0.0000,271.9581,0.0073,-0.0714,-0.1124,0.3509,0.0000,0.0000,0.0000,0.0000,0.6419,1,0,0,0,0,3.2100
61.2967,178.9795,0.0864,102.9894,0.0001,0.0002,0.0000,0.0001,0.0000,271.9585,0.0057,-0.0714,-0.1124,0.3509,0.0000,0.0000,0.0000,0.0000,0.6419,1,0,0,0,0,3.2099
61.3493,178.9795,0.0864,102.9894,0.0001,0.0002,0.0000,0.0001,0.0000,271.9588,0.0058,-0.0714,-0.1124,0.3509,0.0000,0.0000,0.0000,0.0000,0.6419,1,0,0,0,0,3.2100
61.4049,178.9795,0.0864,102.9894,0.0001,0.0002,0.0000,0.0001,0.0000,271.9592,0.0071,-0.0714,-0.1124,0.3509,0.0000,0.0000,0.0000,0.0000,0.6419,1,0,0,0,0,3.2100
61.4557,178.9795,0.0864,102.9894,0.0001,0.0002,0.0000,0.0001,0.0000,271.9595,0.0066,-0.0714,-0.1124,0.3509,0.0000,0.0000,0.0000,0.0000,0.6419,1,0,0,0,0,3.2100
61.5157,178.9795,0.0864,102.9894,0.0001,0.0002,0.0000,0.0001,0.0000,271.9598,0.0051,-0.0714,-0.1124,0.3509,0.0000,0.0000,0.0000,0.0000,0.6419,1,0,0,0,0,3.2099
61.5665,178.9795,0.0864,102.9894,0.0001,0.0002,0.0000,0.0001,0.0000,271.9601,0.0060,-0.0714,-0.1124,0.3509,0.0000,0.0000,0.0000,0.0000,0.6419,1,0,0,0,0,3.2100
61.6181,178.9795,0.0864,102.9894,0.0001,0.0002,0.0000,0.0001,0.0000,271.9604,0.0053,-0.0714,-0.1124,0.3509,0.0000,0.0000,0.0000,0.0000,0.6419,1,0,0,0,0,3.2099
61.6802,178.9795,0.0864,102.9893,0.0001,0.0002,0.0000,0.0001,0.0000,271.9607,0.0039,-0.0714,-0.1124,0.3509,0.0000,0.0000,0.0000,0.0000,0.6419,1,0,0,0,0,3.2099
61.7306,178.9795,0.0864,102.9894,0.0001,0.0002,0.0000,0.0001,0.0000,271.9609,0.0048,-0.0714,-0.1124,0.3509,0.0000,0.0000,0.0000,0.0000,0.6419,1,0,0,0,0,3.2099
61.7812,178.9795,0.0864,102.9894,0.0001,0.0002,0.0000,0.0001,0.0000,271.9611,0.0042,-0.0714,-0.1124,0.3509,0.0000,0.0000,0.0000,0.0000,0.6419,1,0,0,0,0,3.2099
61.8447,178.9795,0.0864,102.9894,0.0001,0.0002,0.0000,0.0001,0.0000,271.9614,0.0043,-0.0714,-0.1124,0.3509,0.0000,0.0000,0.0000,0.0000,0.6419,1,0,0,0,0,3.2099
61.8955,178.9795,0.0864,102.9894,0.0001,0.0002,0.0000,0.0001,0.0000,271.9616,0.0042,-0.0714,-0.1124,0.3509,0.0000,0.0000,0.0000,0.0000,0.6419,1,0,0,0,0,3.2099
61.9461,178.9795,0.0864,102.9894,0.0001,0.0002,0.0000,0.0001,0.0000,271.9618,0.0036,-0.0714,-0.1124,0.3509,0.0000,0.0000,0.0000,0.0000,0.6419,1,0,0,0,0,3.2098
62.0040,178.9795,0.0864,102.9894,0.0001,0.0002,0.0000,0.0001,0.0000,271.9621,0.0053,-0.0714,-0.1124,0.3509,0.0000,0.0000,0.0000,0.0000,0.6419,1,0,0,0,0,3.2099
62.0541,178.9795,0.0864,102.9894,0.0001,0.0002,0.0000,0.0001,0.0000,271.9624,0.0061,-0.0714,-0.1124,0.3509,0.0000,0.0000,0.0000,0.0000,0.6419,1,0,0,0,0,3.2100
62.1052,178.9795,0.0864,102.9893,0.0001,0.0002,0.0000,0.0001,0.0000,271.9626,0.0048,-0.0714,-0.1124,0.3509,0.0000,0.0000,0.0000,0.0000,0.6419,1,0,0,0,0,3.2099
62.1562,178.9795,0.0864,102.9894,0.0001,0.0002,0.0000,0.0001,0.0000,271.9628,0.0036,-0.0714,-0.1124,0.3509,0.0000,0.0000,0.0000,0.0000,0.6419,1,0,0,0,0,3.2098
62.2138,178.9795,0.0864,102.9893,0.0001,0.0002,0.0000,0.0001,0.0000,271.9630,0.0037,-0.0714,-0.1124,0.3509,0.0000,0.0000,0.0000,0.0000,0.6419,1,0,0,0,0,3.2098
62.2759,178.9795,0.0864,102.9894,0.0001,0.0002,0.0000,0.0001,0.0000,271.9633,0.0049,-0.0714,-0.1124,0.3509,0.0000,0.0000,0.0000,0.0000,0.6419,1,0,0,0,0,3.2099
62.3312,178.9795,0.0864,102.9893,0.0001,0.0002,0.0000,0.0001,0.0000,271.9636,0.0039,-0.0714,-0.1124,0.3509,0.0000,0.0000,0.0000,0.0000,0.6419,1,0,0,0,0,3.2098
62.3816,178.9795,0.0864,102.9894,0.0001,0.0002,0.0000,0.0001,0.0000,271.9638,0.0042,-0.0714,-0.1124,0.3509,0.0000,0.0000,0.0000,0.0000,0.6419,1,0,0,0,0,3.2099
62.4451,178.9795,0.0864,102.9893,0.0001,0.0002,0.0000,0.0001,0.0000,271.9641,0.0053,-0.0714,-0.1124,0.3509,0.0000,0.0000,0.0000,0.0000,0.6419,1,0,0,0,0,3.2099
62.4977,178.9795,0.0864,102.9893,0.0001,0.0002,0.0000,0.0001,0.0000,271.9644,0.0058,-0.0714,-0.1124,0.3509,0.0000,0.0000,0.0000,0.0000,0.6419,1,0,0,0,0,3.2100
62.5500,178.9795,0.0864,102.9894,0.0001,0.0002,0.0000,0.0001,0.0000,271.9647,0.0058,-0.0714,-0.1124,0.3509,0.0000,0.0000,0.0000,0.0000,0.6419,1,0,0,0,0,3.2100
62.6034,178.9795,0.0864,102.9894,0.0001,0.0002,0.0000,0.0001,0.0000,271.9650,0.0046,-0.0714,-0.1124,0.3509,0.0000,0.0000,0.0000,0.0000,0.6419,1,0,0,0,0,3.2099
62.6584,178.9795,0.0864,102.9894,0.0001,0.0002,0.0000,0.0001,0.0000,271.9653,0.0056,-0.0714,-0.1124,0.3509,0.0000,0.0000,0.0000,0.0000,0.6419,1,0,0,0,0,3.2099
62.7088,178.9795,0.0864,102.9894,0.0001,0.0002,0.0000,0.0001,0.0000,271.9656,0.0061,-0.0714,-0.1124,0.3509,0.0000,0.0000,0.0000,0.0000,0.6419,1,0,0,0,0,3.2100
62.7633,178.9795,0.0864,102.9894,0.0001,0.0002,0.0000,0.0001,0.0000,271.9659,0.0062,-0.0714,-0.1124,0.3509,0.0000,0.0000,0.0000,0.0000,0.6419,1,0,0,0,0,3.2100
62.8218,178.9795,0.0864,102.9894,0.0001,0.0002,0.0000,0.0001,0.0000,271.9662,0.0057,-0.0714,-0.1124,0.3509,0.0000,0.0000,0.0000,0.0000,0.6419,1,0,0,0,0,3.2100
62.8784,178.9795,0.0864,102.9894,0.0001,0.0002,0.0000,0.0001,0.0000,271.9666,0.0054,-0.0714,-0.1124,0.3509,0.0000,0.0000,0.0000,0.0000,0.6419,1,0,0,0,0,3.2099
62.9360,178.9795,0.0864,102.9894,0.0001,0.0002,0.0000,0.0001,0.0000,271.9669,0.0053,-0.0714,-0.1124,0.3509,0.0000,0.0000,0.0000,0.0000,0.6419,1,0,0,0,0,3.2099
62.9961,178.9795,0.0864,102.9894,0.0001,0.0002,0.0000,0.0001,0.0000,271.9672,0.0061,-0.0714,-0.1124,0.3509,0.0000,0.0000,0.0000,0.0000,0.6419,1,0,0,0,0,3.2100
63.0462,178.9795,0.0864,102.9894,0.0001,0.0002,0.0000,0.0001,0.0000,271.9676,0.0067,-0.0714,-0.1124,0.3509,0.0000,0.0000,0.0000,0.0000,0.6419,1,0,0,0,0,3.2100
63.0963,178.9795,0.0864,102.9894,0.0001,0.0002,0.0000,0.0001,0.0000,271.9680,0.0079,-0.0714,-0.1124,0.3509,0.0000,0.0000,0.0000,0.0000,0.6419,1,0,0,0,0,3.2101
63.1473,178.9795,0.0864,102.9894,0.0001,0.0002,0.0000,0.0001,0.0000,271.9683,0.0060,-0.0714,-0.1124,0.3509,0.0000,0.0000,0.0000,0.0000,0.6419,1,0,0,0,0,3.2100
63.1974,178.9795,0.0864,102.9894,0.0001,0.0002,0.0000,0.0001,0.0000,271.9687,0.0085,-0.0714,-0.1124,0.3509,0.0000,0.0000,0.0000,0.0000,0.6419,1,0,0,0,0,3.2101
63.2587,178.9795,0.0864,102.9894,0.0001,0.0002,0.0000,0.0001,0.0000,271.9691,0.0060,-0.0714,-0.1124,0.3509,0.0000,0.0000,0.0000,0.0000,0.6419,1,0,0,0,0,3.2100
63.3190,178.9795,0.0864,102.9893,0.0001,0.0002,0.0000,0.0001,0.0000,271.9695,0.0071,-0.0714,-0.1124,0.3509,0.0000,0.0000,0.0000,0.0000,0.6419,1,0,0,0,0,3.2100
63.3764,178.9795,0.0864,102.9894,0.0001,0.0002,0.0000,0.0001,0.0000,271.9698,0.0064,-0.0714,-0.1124,0.3509,0.0000,0.0000,0.0000,0.0000,0.6419,1,0,0,0,0,3.2100
63.4322,178.9795,0.0864,102.9894,0.0001,0.0002,0.0000,0.0001,0.0000,271.9702,0.0066,-0.0714,-0.1124,0.3509,0.0000,0.0000,0.0000,0.0000,0.6419,1,0,0,0,0,3.2100
63.4919,178.9795,0.0864,102.9894,0.0001,0.0002,0.0000,0.0001,0.0000,271.9705,0.0051,-0.0714,-0.1124,0.3509,0.0000,0.0000,0.0000,0.0000,0.6419,1,0,0,0,0,3.2099
63.5425,178.9795,0.0864,102.9894,0.0001,0.0002,0.0000,0.0001,0.0000,271.9709,0.0066,-0.0714,-0.1124,0.3509,0.0000,0.0000,0.0000,0.0000,0.6419,1,0,0,0,0,3.2100
63.5934,178.9795,0.0864,102.9894,0.0001,0.0002,0.0000,0.0001,0.0000,271.9712,0.0066,-0.0714,-0.1124,0.3509,0.0000,0.0000,0.0000,0.0000,0.6419,1,0,0,0,0,3.2100
63.6441,178.9795,0.0864,102.9894,0.0001,0.0002,0.0000,0.0001,0.0000,271.9714,0.0036,-0.0714,-0.1124,0.3509,0.0000,0.0000,0.0000,0.0000,0.6419,1,0,0,0,0,3.2098
63.7022,178.9795,0.0864,102.9894,0.0001,0.0002,0.0000,0.0001,0.0000,271.9716,0.0042,-0.0714,-0.1124,0.3509,0.0000,0.0000,0.0000,0.0000,0.6419,1,0,0,0,0,3.2099
63.7536,178.9795,0.0864,102.9894,0.0001,0.0002,0.0000,0.0001,0.0000,271.9719,0.0048,-0.0714,-0.1124,0.3509,0.0000,0.0000,0.0000,0.0000,0.6419,1,0,0,0,0,3.2099
63.8048,178.9795,0.0864,102.9894,0.0001,0.0002,0.0000,0.0001,0.0000,271.9721,0.0048,-0.0714,-0.1124,0.3509,0.0000,0.0000,0.0000,0.0000,0.6419,1,0,0,0,0,3.2099
63.8708,178.9795,0.0864,102.9894,0.0001,0.0002,0.0000,0.0001,0.0000,271.9724,0.0046,-0.0714,-0.1124,0.3509,0.0000,0.0000,0.0000,0.0000,0.6419,1,0,0,0,0,3.2099
63.9275,178.9795,0.0864,102.9894,0.0001,0.0002,0.0000,0.0001,0.0000,271.9727,0.0048,-0.0714,-0.1124,0.3509,0.0000,0.0000,0.0000,0.0000,0.6419,1,0,0,0,0,3.2099
63.9800,178.9795,0.0864,102.9894,0.0001,0.0002,0.0000,0.0001,0.0000,271.9729,0.0046,-0.0714,-0.1124,0.3509,0.0000,0.0000,0.0000,0.0000,0.6419,1,0,0,0,0,3.2099
64.0389,178.9795,0.0864,102.9894,0.0001,0.0002,0.0000,0.0001,0.0000,271.9733,0.0067,-0.0714,-0.1124,0.3509,0.0000,0.0000,0.0000,0.0000,0.6419,1,0,0,0,0,3.2100
64.0940,178.9795,0.0864,102.9893,0.0001,0.0002,0.0000,0.0001,0.0000,271.9736,0.0055,-0.0714,-0.1124,0.3509,0.0000,0.0000,0.0000,0.0000,0.6419,1,0,0,0,0,3.2099
64.1469,178.9795,0.0864,102.9894,0.0001,0.0002,0.0000,0.0001,0.0000,271.9739,0.0046,-0.0714,-0.1124,0.3509,0.0000,0.0000,0.0000,0.0000,0.6419,1,0,0,0,0,3.2099
64.1982,178.9795,0.0864,102.9893,0.0001,0.0002,0.0000,0.0001,0.0000,271.9741,0.0048,-0.0714,-0.1124,0.3509,0.0000,0.0000,0.0000,0.0000,0.6419,1,0,0,0,0,3.2099
64.2586,178.9795,0.0864,102.9894,0.0001,0.0002,0.0000,0.0001,0.0000,271.9745,0.0056,-0.0714,-0.1124,0.3509,0.0000,0.0000,0.0000,0.0000,0.6419,1,0,0,0,0,3.2099
64.3093,178.9795,0.0864,102.9894,0.0001,0.0002,0.0000,0.0001,0.0000,271.9746,0.0036,-0.0714,-0.1124,0.3509,0.0000,0.0000,0.0000,0.0000,0.6419,1,0,0,0,0,3.2098
64.3805,178.9795,0.0864,102.9894,0.0001,0.0002,0.0000,0.0001,0.0000,271.9750,0.0056,-0.0714,-0.1124,0.3509,0.0000,0.0000,0.0000,0.0000,0.6419,1,0,0,0,0,3.2099
64.4311,178.9795,0.0864,102.9894,0.0001,0.0002,0.0000,0.0001,0.0000,271.9753,0.0048,-0.0714,-0.1124,0.3509,0.0000,0.0000,0.0000,0.0000,0.6419,1,0,0,0,0,3.2099
64.4820,178.9795,0.0864,102.9893,0.0001,0.0002,0.0000,0.0001,0.0000,271.9756,0.0060,-0.0714,-0.1124,0.3509,0.0000,0.0000,0.0000,0.0000,0.6419,1,0,0,0,0,3.2100
64.5395,178.9795,0.0864,102.9894,0.0001,0.0002,0.0000,0.0001,0.0000,271.9759,0.0053,-0.0714,-0.1124,0.3509,0.0000,0.0000,0.0000,0.0000,0.6419,1,0,0,0,0,3.2099
64.5918,178.9795,0.0864,102.9893,0.0001,0.0002,0.0000,0.0001,0.0000,271.9762,0.0058,-0.0714,-0.1124,0.3509,0.0000,0.0000,0.0000,0.0000,0.6419,1,0,0,0,0,3.2100
64.6418,178.9795,0.0864,102.9894,0.0001,0.0002,0.0000,0.0001,0.0000,271.9764,0.0049,-0.0714,-0.1124,0.3509,0.0000,0.0000,0.0000,0.0000,0.6419,1,0,0,0,0,3.2099
64.6929,178.9795,0.0864,102.9894,0.0001,0.0002,0.0000,0.0001,0.0000,271.9767,0.0060,-0.0714,-0.1124,0.3509,0.0000,0.0000,0.0000,0.0000,0.6419,1,0,0,0,0,3.2100
64.7437,178.9795,0.0864,102.9893,0.0001,0.0002,0.0000,0.0001,0.0000,271.9770,0.0048,-0.0714,-0.1124,0.3509,0.0000,0.0000,0.0000,0.0000,0.6419,1,0,0,0,0,3.2099
64.7941,178.9795,0.0864,102.9894,0.0001,0.0002,0.0000,0.0001,0.0000,271.9773,0.0060,-0.0714,-0.1124,0.3509,0.0000,0.0000,0.0000,0.0000,0.6419,1,0,0,0,0,3.2100
64.8469,178.9795,0.0864,102.9894,0.0001,0.0002,0.0000,0.0001,0.0000,271.9776,0.0058,-0.0714,-0.1124,0.3509,0.0000,0.0000,0.0000,0.0000,0.6419,1,0,0,0,0,3.2100
64.9027,178.9795,0.0864,102.9893,0.0001,0.0002,0.0000,0.0001,0.0000,271.9779,0.0055,-0.0714,-0.1124,0.3509,0.0000,0.0000,0.0000,0.0000,0.6419,1,0,0,0,0,3.2099
64.9597,178.9795,0.0864,102.9894,0.0001,0.0002,0.0000,0.0001,0.0000,271.9782,0.0059,-0.0714,-0.1124,0.3509,0.0000,0.0000,0.0000,0.0000,0.6419,1,0,0,0,0,3.2100
65.0117,178.9795,0.0864,102.9894,0.0001,0.0002,0.0000,0.0001,0.0000,271.9785,0.0053,-0.0714,-0.1124,0.3509,0.0000,0.0000,0.0000,0.0000,0.6419,1,0,0,0,0,3.2099
65.0731,178.9795,0.0864,102.9894,0.0001,0.0002,0.0000,0.0001,0.0000,271.9790,0.0075,-0.0714,-0.1124,0.3509,0.0000,0.0000,0.0000,0.0000,0.6419,1,0,0,0,0,3.2100
65.1242,178.9795,0.0864,102.9894,0.0001,0.0002,0.0000,0.0001,0.0000,271.9794,0.0078,-0.0714,-0.1124,0.3509,0.0000,0.0000,0.0000,0.0000,0.6419,1,0,0,0,0,3.2101
65.1813,178.9795,0.0864,102.9894,0.0001,0.0002,0.0000,0.0001,0.0000,271.9797,0.0064,-0.0714,-0.1124,0.3509,0.0000,0.0000,0.0000,0.0000,0.6419,1,0,0,0,0,3.2100
65.2331,178.9795,0.0864,102.9894,0.0001,0.0002,0.0000,0.0001,0.0000,271.9801,0.0065,-0.0714,-0.1124,0.3509,0.0000,0.0000,0.0000,0.0000,0.6419,1,0,0,0,0,3.2100
65.2853,178.9795,0.0864,102.9894,0.0001,0.0002,0.0000,0.0001,0.0000,271.9805,0.0082,-0.0714,-0.1124,0.3509,0.0000,0.0000,0.0000,0.0000,0.6419,1,0,0,0,0,3.2101
65.3457,178.9795,0.0864,102.9894,0.0001,0.0002,0.0000,0.0001,0.0000,271.9810,0.0076,-0.0714,-0.1124,0.3509,0.0000,0.0000,0.0000,0.0000,0.6419,1,0,0,0,0,3.2101
65.3972,178.9795,0.0864,102.9893,0.0001,0.0002,0.0000,0.0001,0.0000,271.9812,0.0053,-0.0714,-0.1124,0.3509,0.0000,0.0000,0.0000,0.0000,0.6419,1,0,0,0,0,3.2099
65.4552,178.9795,0.0864,102.9894,0.0001,0.0002,0.0000,0.0001,0.0000,271.9816,0.0058,-0.0714,-0.1124,0.3509,0.0000,0.0000,0.0000,0.0000,0.6419,1,0,0,0,0,3.2100
65.5135,178.9795,0.0864,102.9894,0.0001,0.0002,0.0000,0.0001,0.0000,271.9819,0.0063,-0.0714,-0.1124,0.3509,0.0000,0.0000,0.0000,0.0000,0.6419,1,0,0,0,0,3.2100
65.5720,178.9795,0.0864,102.9893,0.0001,0.0002,0.0000,0.0001,0.0000,271.9822,0.0042,-0.0714,-0.1124,0.3509,0.0000,0.0000,0.0000,0.0000,0.6419,1,0,0,0,0,3.2099
65.6325,178.9795,0.0864,102.9894,0.0001,0.0002,0.0000,0.0001,0.0000,271.9825,0.0045,-0.0714,-0.1124,0.3509,0.0000,0.0000,0.0000,0.0000,0.6419,1,0,0,0,0,3.2099
65.6917,178.9795,0.0864,102.9893,0.0001,0.0002,0.0000,0.0001,0.0000,271.9827,0.0046,-0.0714,-0.1124,0.3509,0.0000,0.0000,0.0000,0.0000,0.6419,1,0,0,0,0,3.2099
65.7445,178.9795,0.0864,102.9894,0.0001,0.0002,0.0000,0.0001,0.0000,271.9829,0.0035,-0.0714,-0.1124,0.3509,0.0000,0.0000,0.0000,0.0000,0.6419,1,0,0,0,0,3.2098
65.8050,178.9795,0.0864,102.9894,0.0001,0.0002,0.0000,0.0001,0.0000,271.9832,0.0045,-0.0714,-0.1124,0.3509,0.0000,0.0000,0.0000,0.0000,0.6419,1,0,0,0,0,3.2099
65.8627,178.9795,0.0864,102.9894,0.0001,0.0002,0.0000,0.0001,0.0000,271.9834,0.0042,-0.0714,-0.1124,0.3509,0.0000,0.0000,0.0000,0.0000,0.6419,1,0,0,0,0,3.2099
65.9348,178.9795,0.0864,102.9894,0.0001,0.0002,0.0000,0.0001,0.0000,271.9838,0.0047,-0.0714,-0.1124,0.3509,0.0000,0.0000,0.0000,0.0000,0.6419,1,0,0,0,0,3.2099
65.9936,178.9795,0.0864,102.9894,0.0001,0.0002,0.0000,0.0001,0.0000,271.9840,0.0042,-0.0714,-0.1124,0.3509,0.0000,0.0000,0.0000,0.0000,0.6419,1,0,0,0,0,3.2099
66.0509,178.9795,0.0864,102.9894,0.0001,0.0002,0.0000,0.0001,0.0000,271.9843,0.0053,-0.0714,-0.1124,0.3509,0.0000,0.0000,0.0000,0.0000,0.6419,1,0,0,0,0,3.2099
66.1107,178.9795,0.0864,102.9893,0.0001,0.0002,0.0000,0.0001,0.0000,271.9846,0.0051,-0.0714,-0.1124,0.3509,0.0000,0.0000,0.0000,0.0000,0.6419,1,0,0,0,0,3.2099
66.1698,178.9795,0.0864,102.9893,0.0001,0.0002,0.0000,0.0001,0.0000,271.9849,0.0052,-0.0714,-0.1124,0.3509,0.0000,0.0000,0.0000,0.0000,0.6419,1,0,0,0,0,3.2099
66.2277,178.9795,0.0864,102.9894,0.0001,0.0002,0.0000,0.0001,0.0000,271.9852,0.0047,-0.0714,-0.1124,0.3509,0.0000,0.0000,0.0000,0.0000,0.6419,1,0,0,0,0,3.2099
66.2791,178.9795,0.0864,102.9894,0.0001,0.0002,0.0000,0.0001,0.0000,271.9854,0.0047,-0.0714,-0.1124,0.3509,0.0000,0.0000,0.0000,0.0000,0.6419,1,0,0,0,0,3.2099
66.3379,178.9795,0.0864,102.9893,0.0001,0.0002,0.0000,0.0001,0.0000,271.9857,0.0047,-0.0714,-0.1124,0.3509,0.0000,0.0000,0.0000,0.0000,0.6419,1,0,0,0,0,3.2099
66.3898,178.9795,0.0864,102.9894,0.0001,0.0002,0.0000,0.0001,0.0000,271.9861,0.0071,-0.0714,-0.1124,0.3509,0.0000,0.0000,0.0000,0.0000,0.6419,1,0,0,0,0,3.2100
66.4449,178.9795,0.0864,102.9894,0.0001,0.0002,0.0000,0.0001,0.0000,271.9864,0.0055,-0.0714,-0.1124,0.3509,0.0000,0.0000,0.0000,0.0000,0.6419,1,0,0,0,0,3.2099
66.5011,178.9795,0.0864,102.9894,0.0001,0.0002,0.0000,0.0001,0.0000,271.9867,0.0054,-0.0714,-0.1124,0.3509,0.0000,0.0000,0.0000,0.0000,0.6419,1,0,0,0,0,3.2099
66.5524,178.9795,0.0864,102.9894,0.0001,0.0002,0.0000,0.0001,0.0000,271.9870,0.0054,-0.0714,-0.1124,0.3509,0.0000,0.0000,0.0000,0.0000,0.6419,1,0,0,0,0,3.2099
66.6151,178.9795,0.0864,102.9894,0.0001,0.0002,0.0000,0.0001,0.0000,271.9874,0.0063,-0.0714,-0.1124,0.3509,0.0000,0.0000,0.0000,0.0000,0.6419,1,0,0,0,0,3.2100
66.6715,178.9795,0.0864,102.9894,0.0001,0.0002,0.0000,0.0001,0.0000,271.9877,0.0054,-0.0714,-0.1124,0.3509,0.0000,0.0000,0.0000,0.0000,0.6419,1,0,0,0,0,3.2099
66.7220,178.9795,0.0864,102.9894,0.0001,0.0002,0.0000,0.0001,0.0000,271.9879,0.0048,-0.0714,-0.1124,0.3509,0.0000,0.0000,0.0000,0.0000,0.6419,1,0,0,0,0,3.2099
66.7760,178.9795,0.0864,102.9894,0.0001,0.0002,0.0000,0.0001,0.0000,271.9882,0.0056,-0.0714,-0.1124,0.3509,0.0000,0.0000,0.0000,0.0000,0.6419,1,0,0,0,0,3.2099
66.8270,178.9795,0.0864,102.9894,0.0001,0.0002,0.0000,0.0001,0.0000,271.9885,0.0060,-0.0714,-0.1124,0.3509,0.0000,0.0000,0.0000,0.0000,0.6419,1,0,0,0,0,3.2100
66.8781,178.9795,0.0864,102.9894,0.0001,0.0002,0.0000,0.0001,0.0000,271.9889,0.0066,-0.0714,-0.1124,0.3509,0.0000,0.0000,0.0000,0.0000,0.6419,1,0,0,0,0,3.2100
66.9360,178.9795,0.0864,102.9894,0.0001,0.0002,0.0000,0.0001,0.0000,271.9892,0.0058,-0.0714,-0.1124,0.3509,0.0000,0.0000,0.0000,0.0000,0.6419,1,0,0,0,0,3.2100
66.9920,178.9795,0.0864,102.9894,0.0001,0.0002,0.0000,0.0001,0.0000,271.9895,0.0055,-0.0714,-0.1124,0.3509,0.0000,0.0000,0.0000,0.0000,0.6419,1,0,0,0,0,3.2099
67.0440,178.9795,0.0864,102.9894,0.0001,0.0002,0.0000,0.0001,0.0000,271.9899,0.0070,-0.0714,-0.1124,0.3509,0.0000,0.0000,0.0000,0.0000,0.6419,1,0,0,0,0,3.2100
67.1022,178.9795,0.0864,102.9894,0.0001,0.0002,0.0000,0.0001,0.0000,271.9903,0.0068,-0.0714,-0.1124,0.3509,0.0000,0.0000,0.0000,0.0000,0.6419,1,0,0,0,0,3.2100
67.1628,178.9795,0.0864,102.9894,0.0001,0.0002,0.0000,0.0001,0.0000,271.9907,0.0066,-0.0714,-0.1124,0.3509,0.0000,0.0000,0.0000,0.0000,0.6419,1,0,0,0,0,3.2100
67.2229,178.9795,0.0864,102.9894,0.0001,0.0002,0.0000,0.0001,0.0000,271.9912,0.0086,-0.0714,-0.1124,0.3509,0.0000,0.0000,0.0000,0.0000,0.6419,1,0,0,0,0,3.2101
67.2737,178.9795,0.0864,102.9894,0.0001,0.0002,0.0000,0.0001,0.0000,271.9915,0.0072,-0.0714,-0.1124,0.3509,0.0000,0.0000,0.0000,0.0000,0.6419,1,0,0,0,0,3.2100
67.3331,178.9795,0.0864,102.9894,0.0001,0.0002,0.0000,0.0001,0.0000,271.9919,0.0067,-0.0714,-0.1124,0.3509,0.0000,0.0000,0.0000,0.0000,0.6419,1,0,0,0,0,3.2100
67.3968,178.9795,0.0864,102.9894,0.0001,0.0002,0.0000,0.0001,0.0000,271.9922,0.0048,-0.0714,-0.1124,0.3509,0.0000,0.0000,0.0000,0.0000,0.6419,1,0,0,0,0,3.2099
67.4518,178.9795,0.0864,102.9893,0.0001,0.0002,0.0000,0.0001,0.0000,271.9926,0.0055,-0.0714,-0.1124,0.3509,0.0000,0.0000,0.0000,0.0000,0.6419,1,0,0,0,0,3.2099
67.5093,178.9795,0.0864,102.9894,0.0001,0.0002,0.0000,0.0001,0.0000,271.9928,0.0048,-0.0714,-0.1124,0.3509,0.0000,0.0000,0.0000,0.0000,0.6419,1,0,0,0,0,3.2099
67.5698,178.9795,0.0864,102.9894,0.0001,0.0002,0.0000,0.0001,0.0000,271.9931,0.0050,-0.0714,-0.1124,0.3509,0.0000,0.0000,0.0000,0.0000,0.6419,1,0,0,0,0,3.2099
67.6277,178.9795,0.0864,102.9894,0.0001,0.0002,0.0000,0.0001,0.0000,271.9933,0.0037,-0.0714,-0.1124,0.3509,0.0000,0.0000,0.0000,0.0000,0.6419,1,0,0,0,0,3.2098
67.6891,178.9795,0.0864,102.9894,0.0001,0.0002,0.0000,0.0001,0.0000,271.9937,0.0050,-0.0714,-0.1124,0.3509,0.0000,0.0000,0.0000,0.0000,0.6419,1,0,0,0,0,3.2099
67.7511,178.9795,0.0864,102.9894,0.0001,0.0002,0.0000,0.0001,0.0000,271.9939,0.0044,-0.0714,-0.1124,0.3509,0.0000,0.0000,0.0000,0.0000,0.6419,1,0,0,0,0,3.2099
67.8018,178.9795,0.0864,102.9893,0.0001,0.0002,0.0000,0.0001,0.0000,271.9941,0.0042,-0.0714,-0.1124,0.3509,0.0000,0.0000,0.0000,0.0000,0.6419,1,0,0,0,0,3.2099
67.8609,178.9795,0.0864,102.9894,0.0001,0.0002,0.0000,0.0001,0.0000,271.9944,0.0041,-0.0714,-0.1124,0.3509,0.0000,0.0000,0.0000,0.0000,0.6419,1,0,0,0,0,3.2099
67.9248,178.9795,0.0864,102.9894,0.0001,0.0002,0.0000,0.0001,0.0000,271.9947,0.0043,-0.0714,-0.1124,0.3509,0.0000,0.0000,0.0000,0.0000,0.6419,1,0,0,0,0,3.2099
67.9999,178.9795,0.0864,102.9894,0.0001,0.0002,0.0000,0.0001,0.0000,271.9950,0.0045,-0.0714,-0.1124,0.3509,0.0000,0.0000,0.0000,0.0000,0.6419,1,0,0,0,0,3.2099
68.0593,178.9795,0.0864,102.9894,0.0001,0.0002,0.0000,0.0001,0.0000,271.9952,0.0041,-0.0714,-0.1124,0.3509,0.0000,0.0000,0.0000,0.0000,0.6419,1,0,0,0,0,3.2099
68.1117,178.9795,0.0864,102.9894,0.0001,0.0002,0.0000,0.0001,0.0000,271.9956,0.0064,-0.0714,-0.1124,0.3509,0.0000,0.0000,0.0000,0.0000,0.6419,1,0,0,0,0,3.2100
68.1650,178.9795,0.0864,102.9894,0.0001,0.0002,0.0000,0.0001,0.0000,271.9958,0.0051,-0.0714,-0.1124,0.3509,0.0000,0.0000,0.0000,0.0000,0.6419,1,0,0,0,0,3.2099
68.2253,178.9795,0.0864,102.9894,0.0001,0.0002,0.0000,0.0001,0.0000,271.9962,0.0051,-0.0714,-0.1124,0.3509,0.0000,0.0000,0.0000,0.0000,0.6419,1,0,0,0,0,3.2099
68.2767,178.9795,0.0864,102.9894,0.0001,0.0002,0.0000,0.0001,0.0000,271.9965,0.0059,-0.0714,-0.1124,0.3509,0.0000,0.0000,0.0000,0.0000,0.6419,1,0,0,0,0,3.2100
68.3357,178.9795,0.0864,102.9893,0.0001,0.0002,0.0000,0.0001,0.0000,271.9968,0.0052,-0.0714,-0.1124,0.3509,0.0000,0.0000,0.0000,0.0000,0.6419,1,0,0,0,0,3.2099
68.3864,178.9795,0.0864,102.9894,0.0001,0.0002,0.0000,0.0001,0.0000,271.9970,0.0048,-0.0714,-0.1124,0.3509,0.0000,0.0000,0.0000,0.0000,0.6419,1,0,0,0,0,3.2099
68.4444,178.9795,0.0864,102.9894,0.0001,0.0002,0.0000,0.0001,0.0000,271.9974,0.0068,-0.0714,-0.1124,0.3509,0.0000,0.0000,0.0000,0.0000,0.6419,1,0,0,0,0,3.2100
68.5159,178.9795,0.0864,102.9894,0.0001,0.0002,0.0000,0.0001,0.0000,271.9978,0.0056,-0.0714,-0.1124,0.3509,0.0000,0.0000,0.0000,0.0000,0.6419,1,0,0,0,0,3.2099
68.5757,178.9795,0.0864,102.9894,0.0001,0.0002,0.0000,0.0001,0.0000,271.9981,0.0051,-0.0714,-0.1124,0.3509,0.0000,0.0000,0.0000,0.0000,0.6419,1,0,0,0,0,3.2099
68.6367,178.9795,0.0864,102.9894,0.0001,0.0002,0.0000,0.0001,0.0000,271.9985,0.0060,-0.0714,-0.1124,0.3509,0.0000,0.0000,0.0000,0.0000,0.6419,1,0,0,0,0,3.2100
68.6943,178.9795,0.0864,102.9894,0.0001,0.0002,0.0000,0.0001,0.0000,271.9988,0.0053,-0.0714,-0.1124,0.3509,0.0000,0.0000,0.0000,0.0000,0.6419,1,0,0,0,0,3.2099
68.7566,178.9795,0.0864,102.9894,0.0001,0.0002,0.0000,0.0001,0.0000,271.9992,0.0064,-0.0714,-0.1124,0.3509,0.0000,0.0000,0.0000,0.0000,0.6419,1,0,0,0,0,3.2100
68.8115,178.9795,0.0864,102.9894,0.0001,0.0002,0.0000,0.0001,0.0000,271.9995,0.0056,-0.0714,-0.1124,0.3509,0.0000,0.0000,0.0000,0.0000,0.6419,1,0,0,0,0,3.2099
68.8617,178.9795,0.0864,102.9894,0.0001,0.0002,0.0000,0.0001,0.0000,271.9998,0.0055,-0.0714,-0.1124,0.3509,0.0000,0.0000,0.0000,0.0000,0.6419,1,0,0,0,0,3.2099
68.9225,178.9795,0.0864,102.9894,0.0001,0.0002,0.0000,0.0001,0.0000,272.0001,0.0060,-0.0714,-0.1124,0.3509,0.0000,0.0000,0.0000,0.0000,0.6419,1,0,0,0,0,3.2100
68.9728,178.9795,0.0864,102.9894,0.0001,0.0002,0.0000,0.0001,0.0000,272.0004,0.0048,-0.0714,-0.1124,0.3509,0.0000,0.0000,0.0000,0.0000,0.6419,1,0,0,0,0,3.2099
69.0294,178.9795,0.0864,102.9893,0.0001,0.0002,0.0000,0.0001,0.0000,272.0007,0.0054,-0.0714,-0.1124,0.3509,0.0000,0.0000,0.0000,0.0000,0.6419,1,0,0,0,0,3.2099
69.0859,178.9795,0.0864,102.9894,0.0001,0.0002,0.0000,0.0001,0.0000,272.0010,0.0065,-0.0714,-0.1124,0.3509,0.0000,0.0000,0.0000,0.0000,0.6419,1,0,0,0,0,3.2100
69.1432,178.9795,0.0864,102.9893,0.0001,0.0002,0.0000,0.0001,0.0000,272.0015,0.0080,-0.0714,-0.1124,0.3509,0.0000,0.0000,0.0000,0.0000,0.6419,1,0,0,0,0,3.2101
69.1995,178.9795,0.0864,102.9893,0.0001,0.0002,0.0000,0.0001,0.0000,272.0020,0.0081,-0.0714,-0.1124,0.3509,0.0000,0.0000,0.0000,0.0000,0.6419,1,0,0,0,0,3.2101
69.2534,178.9795,0.0864,102.9894,0.0001,0.0002,0.0000,0.0001,0.0000,272.0024,0.0091,-0.0714,-0.1124,0.3509,0.0000,0.0000,0.0000,0.0000,0.6419,1,0,0,0,0,3.2101
69.3159,178.9795,0.0864,102.9894,0.0001,0.0002,0.0000,0.0001,0.0000,272.0028,0.0059,-0.0714,-0.1124,0.3509,0.0000,0.0000,0.0000,0.0000,0.6419,1,0,0,0,0,3.2100
69.3747,178.9795,0.0864,102.9894,0.0001,0.0002,0.0000,0.0001,0.0000,272.0031,0.0052,-0.0714,-0.1124,0.3509,0.0000,0.0000,0.0000,0.0000,0.6419,1,0,0,0,0,3.2099
69.4268,178.9795,0.0864,102.9894,0.0001,0.0002,0.0000,0.0001,0.0000,272.0034,0.0059,-0.0714,-0.1124,0.3509,0.0000,0.0000,0.0000,0.0000,0.6419,1,0,0,0,0,3.2100
69.4852,178.9795,0.0864,102.9894,0.0001,0.0002,0.0000,0.0001,0.0000,272.0037,0.0042,-0.0714,-0.1124,0.3509,0.0000,0.0000,0.0000,0.0000,0.6419,1,0,0,0,0,3.2099
69.5425,178.9795,0.0864,102.9894,0.0001,0.0002,0.0000,0.0001,0.0000,272.0039,0.0048,-0.0714,-0.1124,0.3509,0.0000,0.0000,0.0000,0.0000,0.6419,1,0,0,0,0,3.2099
69.6046,178.9795,0.0864,102.9893,0.0001,0.0002,0.0000,0.0001,0.0000,272.0042,0.0044,-0.0714,-0.1124,0.3509,0.0000,0.0000,0.0000,0.0000,0.6419,1,0,0,0,0,3.2099
69.6637,178.9795,0.0864,102.9894,0.0001,0.0002,0.0000,0.0001,0.0000,272.0045,0.0047,-0.0714,-0.1124,0.3509,0.0000,0.0000,0.0000,0.0000,0.6419,1,0,0,0,0,3.2099
69.7182,178.9795,0.0864,102.9894,0.0001,0.0002,0.0000,0.0001,0.0000,272.0047,0.0034,-0.0714,-0.1124,0.3509,0.0000,0.0000,0.0000,0.0000,0.6419,1,0,0,0,0,3.2098
69.7686,178.9795,0.0864,102.9893,0.0001,0.0002,0.0000,0.0001,0.0000,272.0049,0.0042,-0.0714,-0.1124,0.3509,0.0000,0.0000,0.0000,0.0000,0.6419,1,0,0,0,0,3.2099
69.8285,178.9795,0.0864,102.9894,0.0001,0.0002,0.0000,0.0001,0.0000,272.0051,0.0031,-0.0714,-0.1124,0.3509,0.0000,0.0000,0.0000,0.0000,0.6419,1,0,0,0,0,3.2098
69.8819,178.9795,0.0864,102.9893,0.0001,0.0002,0.0000,0.0001,0.0000,272.0054,0.0057,-0.0714,-0.1124,0.3509,0.0000,0.0000,0.0000,0.0000,0.6419,1,0,0,0,0,3.2100
69.9413,178.9795,0.0864,102.9894,0.0001,0.0002,0.0000,0.0001,0.0000,272.0057,0.0062,-0.0714,-0.1124,0.3509,0.0000,0.0000,0.0000,0.0000,0.6419,1,0,0,0,0,3.2100
70.0003,178.9795,0.0864,102.9894,0.0001,0.0002,0.0000,0.0001,0.0000,272.0060,0.0047,-0.0714,-0.1124,0.3509,0.0000,0.0000,0.0000,0.0000,0.6419,1,0,0,0,0,3.2099
70.0613,178.9795,0.0864,102.9894,0.0001,0.0002,0.0000,0.0001,0.0000,272.0063,0.0040,-0.0714,-0.1124,0.3509,0.0000,0.0000,0.0000,0.0000,0.6419,1,0,0,0,0,3.2099
70.1212,178.9795,0.0864,102.9894,0.0001,0.0002,0.0000,0.0001,0.0000,272.0066,0.0056,-0.0714,-0.1124,0.3509,0.0000,0.0000,0.0000,0.0000,0.6419,1,0,0,0,0,3.2099
70.1756,178.9795,0.0864,102.9894,0.0001,0.0002,0.0000,0.0001,0.0000,272.0069,0.0062,-0.0714,-0.1124,0.3509,0.0000,0.0000,0.0000,0.0000,0.6419,1,0,0,0,0,3.2100
70.2343,178.9795,0.0864,102.9894,0.0001,0.0002,0.0000,0.0001,0.0000,272.0073,0.0057,-0.0714,-0.1124,0.3509,0.0000,0.0000,0.0000,0.0000,0.6419,1,0,0,0,0,3.2100
70.2914,178.9795,0.0864,102.9894,0.0001,0.0002,0.0000,0.0001,0.0000,272.0076,0.0053,-0.0714,-0.1124,0.3509,0.0000,0.0000,0.0000,0.0000,0.6419,1,0,0,0,0,3.2099
70.3433,178.9795,0.0864,102.9894,0.0001,0.0002,0.0000,0.0001,0.0000,272.0079,0.0059,-0.0714,-0.1124,0.3509,0.0000,0.0000,0.0000,0.0000,0.6419,1,0,0,0,0,3.2100
70.3952,178.9795,0.0864,102.9894,0.0001,0.0002,0.0000,0.0001,0.0000,272.0081,0.0047,-0.0714,-0.1124,0.3509,0.0000,0.0000,0.0000,0.0000,0.6419,1,0,0,0,0,3.2099
70.4564,178.9795,0.0864,102.9894,0.0001,0.0002,0.0000,0.0001,0.0000,272.0085,0.0060,-0.0714,-0.1124,0.3509,0.0000,0.0000,0.0000,0.0000,0.6419,1,0,0,0,0,3.2100
70.5083,178.9795,0.0864,102.9894,0.0001,0.0002,0.0000,0.0001,0.0000,272.0088,0.0059,-0.0714,-0.1124,0.3509,0.0000,0.0000,0.0000,0.0000,0.6419,1,0,0,0,0,3.2100
70.5740,178.9795,0.0864,102.9894,0.0001,0.0002,0.0000,0.0001,0.0000,272.0092,0.0056,-0.0714,-0.1124,0.3509,0.0000,0.0000,0.0000,0.0000,0.6419,1,0,0,0,0,3.2099
70.6400,178.9795,0.0864,102.9894,0.0001,0.0002,0.0000,0.0001,0.0000,272.0095,0.0046,-0.0714,-0.1124,0.3509,0.0000,0.0000,0.0000,0.0000,0.6419,1,0,0,0,0,3.2099
70.6966,178.9795,0.0864,102.9894,0.0001,0.0002,0.0000,0.0001,0.0000,272.0098,0.0065,-0.0714,-0.1124,0.3509,0.0000,0.0000,0.0000,0.0000,0.6419,1,0,0,0,0,3.2100
70.7468,178.9795,0.0864,102.9894,0.0001,0.0002,0.0000,0.0001,0.0000,272.0101,0.0049,-0.0714,-0.1124,0.3509,0.0000,0.0000,0.0000,0.0000,0.6419,1,0,0,0,0,3.2099
70.7978,178.9795,0.0864,102.9894,0.0001,0.0002,0.0000,0.0001,0.0000,272.0104,0.0060,-0.0714,-0.1124,0.3509,0.0000,0.0000,0.0000,0.0000,0.6419,1,0,0,0,0,3.2100
70.8486,178.9795,0.0864,102.9894,0.0001,0.0002,0.0000,0.0001,0.0000,272.0106,0.0048,-0.0714,-0.1124,0.3509,0.0000,0.0000,0.0000,0.0000,0.6419,1,0,0,0,0,3.2099
70.9086,178.9795,0.0864,102.9894,0.0001,0.0002,0.0000,0.0001,0.0000,272.0110,0.0071,-0.0714,-0.1124,0.3509,0.0000,0.0000,0.0000,0.0000,0.6419,1,0,0,0,0,3.2100
70.9588,178.9795,0.0864,102.9894,0.0001,0.0002,0.0000,0.0001,0.0000,272.0113,0.0049,-0.0714,-0.1124,0.3509,0.0000,0.0000,0.0000,0.0000,0.6419,1,0,0,0,0,3.2099
71.0096,178.9795,0.0864,102.9894,0.0001,0.0002,0.0000,0.0001,0.0000,272.0116,0.0066,-0.0714,-0.1124,0.3509,0.0000,0.0000,0.0000,0.0000,0.6419,1,0,0,0,0,3.2100
71.0598,178.9795,0.0864,102.9893,0.0001,0.0002,0.0000,0.0001,0.0000,272.0119,0.0055,-0.0714,-0.1124,0.3509,0.0000,0.0000,0.0000,0.0000,0.6419,1,0,0,0,0,3.2099
71.1227,178.9795,0.0864,102.9894,0.0001,0.0002,0.0000,0.0001,0.0000,272.0124,0.0082,-0.0714,-0.1124,0.3509,0.0000,0.0000,0.0000,0.0000,0.6419,1,0,0,0,0,3.2101
71.1754,178.9795,0.0864,102.9894,0.0001,0.0002,0.0000,0.0001,0.0000,272.0129,0.0087,-0.0714,-0.1124,0.3509,0.0000,0.0000,0.0000,0.0000,0.6419,1,0,0,0,0,3.2101
71.2347,178.9795,0.0864,102.9894,0.0001,0.0002,0.0000,0.0001,0.0000,272.0133,0.0072,-0.0714,-0.1124,0.3509,0.0000,0.0000,0.0000,0.0000,0.6419,1,0,0,0,0,3.2100
71.2972,178.9795,0.0864,102.9893,0.0001,0.0002,0.0000,0.0001,0.0000,272.0138,0.0073,-0.0714,-0.1124,0.3509,0.0000,0.0000,0.0000,0.0000,0.6419,1,0,0,0,0,3.2100
71.3552,178.9795,0.0864,102.9894,0.0001,0.0002,0.0000,0.0001,0.0000,272.0141,0.0058,-0.0714,-0.1124,0.3509,0.0000,0.0000,0.0000,0.0000,0.6419,1,0,0,0,0,3.2100
71.4062,178.9795,0.0864,102.9894,0.0001,0.0002,0.0000,0.0001,0.0000,272.0143,0.0036,-0.0714,-0.1124,0.3509,0.0000,0.0000,0.0000,0.0000,0.6419,1,0,0,0,0,3.2098
71.4589,178.9795,0.0864,102.9894,0.0001,0.0002,0.0000,0.0001,0.0000,272.0145,0.0046,-0.0714,-0.1124,0.3509,0.0000,0.0000,0.0000,0.0000,0.6419,1,0,0,0,0,3.2099
71.5186,178.9795,0.0864,102.9894,0.0001,0.0002,0.0000,0.0001,0.0000,272.0148,0.0046,-0.0714,-0.1124,0.3509,0.0000,0.0000,0.0000,0.0000,0.6419,1,0,0,0,0,3.2099
71.5707,178.9795,0.0864,102.9894,0.0001,0.0002,0.0000,0.0001,0.0000,272.0150,0.0035,-0.0714,-0.1124,0.3509,0.0000,0.0000,0.0000,0.0000,0.6419,1,0,0,0,0,3.2098
71.6253,178.9795,0.0864,102.9894,0.0001,0.0002,0.0000,0.0001,0.0000,272.0152,0.0039,-0.0714,-0.1124,0.3509,0.0000,0.0000,0.0000,0.0000,0.6419,1,0,0,0,0,3.2099
71.6868,178.9795,0.0864,102.9894,0.0001,0.0002,0.0000,0.0001,0.0000,272.0155,0.0050,-0.0714,-0.1124,0.3509,0.0000,0.0000,0.0000,0.0000,0.6419,1,0,0,0,0,3.2099
71.7434,178.9795,0.0864,102.9894,0.0001,0.0002,0.0000,0.0001,0.0000,272.0158,0.0048,-0.0714,-0.1124,0.3509,0.0000,0.0000,0.0000,0.0000,0.6419,1,0,0,0,0,3.2099
71.7991,178.9795,0.0864,102.9894,0.0001,0.0002,0.0000,0.0001,0.0000,272.0160,0.0044,-0.0714,-0.1124,0.3509,0.0000,0.0000,0.0000,0.0000,0.6419,1,0,0,0,0,3.2099
71.8526,178.9795,0.0864,102.9894,0.0001,0.0002,0.0000,0.0001,0.0000,272.0163,0.0051,-0.0714,-0.1124,0.3509,0.0000,0.0000,0.0000,0.0000,0.6419,1,0,0,0,0,3.2099
71.9045,178.9795,0.0864,102.9894,0.0001,0.0002,0.0000,0.0001,0.0000,272.0165,0.0041,-0.0714,-0.1124,0.3509,0.0000,0.0000,0.0000,0.0000,0.6419,1,0,0,0,0,3.2099
71.9546,178.9795,0.0864,102.9894,0.0001,0.0002,0.0000,0.0001,0.0000,272.0168,0.0049,-0.0714,-0.1124,0.3509,0.0000,0.0000,0.0000,0.0000,0.6419,1,0,0,0,0,3.2099
72.0127,178.9795,0.0864,102.9894,0.0001,0.0002,0.0000,0.0001,0.0000,272.0170,0.0042,-0.0714,-0.1124,0.3509,0.0000,0.0000,0.0000,0.0000,0.6419,1,0,0,0,0,3.2099
72.0680,178.9795,0.0864,102.9894,0.0001,0.0002,0.0000,0.0001,0.0000,272.0172,0.0044,-0.0714,-0.1124,0.3509,0.0000,0.0000,0.0000,0.0000,0.6419,1,0,0,0,0,3.2099
72.1226,178.9795,0.0864,102.9894,0.0001,0.0002,0.0000,0.0001,0.0000,272.0175,0.0050,-0.0714,-0.1124,0.3509,0.0000,0.0000,0.0000,0.0000,0.6419,1,0,0,0,0,3.2099
72.1811,178.9795,0.0864,102.9893,0.0001,0.0002,0.0000,0.0001,0.0000,272.0178,0.0052,-0.0714,-0.1124,0.3509,0.0000,0.0000,0.0000,0.0000,0.6419,1,0,0,0,0,3.2099
72.2401,178.9795,0.0864,102.9893,0.0001,0.0002,0.0000,0.0001,0.0000,272.0183,0.0083,-0.0714,-0.1124,0.3509,0.0000,0.0000,0.0000,0.0000,0.6419,1,0,0,0,0,3.2101
72.2909,178.9795,0.0864,102.9894,0.0001,0.0002,0.0000,0.0001,0.0000,272.0186,0.0048,-0.0714,-0.1124,0.3509,0.0000,0.0000,0.0000,0.0000,0.6419,1,0,0,0,0,3.2099
72.3528,178.9795,0.0864,102.9894,0.0001,0.0002,0.0000,0.0001,0.0000,272.0189,0.0059,-0.0714,-0.1124,0.3509,0.0000,0.0000,0.0000,0.0000,0.6419,1,0,0,0,0,3.2100
72.4044,178.9795,0.0864,102.9894,0.0001,0.0002,0.0000,0.0001,0.0000,272.0192,0.0053,-0.0714,-0.1124,0.3509,0.0000,0.0000,0.0000,0.0000,0.6419,1,0,0,0,0,3.2099
72.4661,178.9795,0.0864,102.9894,0.0001,0.0002,0.0000,0.0001,0.0000,272.0196,0.0064,-0.0714,-0.1124,0.3509,0.0000,0.0000,0.0000,0.0000,0.6419,1,0,0,0,0,3.2100
72.5161,178.9795,0.0864,102.9894,0.0001,0.0002,0.0000,0.0001,0.0000,272.0198,0.0049,-0.0714,-0.1124,0.3509,0.0000,0.0000,0.0000,0.0000,0.6419,1,0,0,0,0,3.2099
72.5700,178.9795,0.0864,102.9894,0.0001,0.0002,0.0000,0.0001,0.0000,272.0201,0.0057,-0.0714,-0.1124,0.3509,0.0000,0.0000,0.0000,0.0000,0.6419,1,0,0,0,0,3.2099
72.6361,178.9795,0.0864,102.9894,0.0001,0.0002,0.0000,0.0001,0.0000,272.0206,0.0065,-0.0714,-0.1124,0.3509,0.0000,0.0000,0.0000,0.0000,0.6419,1,0,0,0,0,3.2100
72.6930,178.9795,0.0864,102.9894,0.0001,0.0002,0.0000,0.0001,0.0000,272.0209,0.0054,-0.0714,-0.1124,0.3509,0.0000,0.0000,0.0000,0.0000,0.6419,1,0,0,0,0,3.2099
72.7437,178.9795,0.0864,102.9894,0.0001,0.0002,0.0000,0.0001,0.0000,272.0212,0.0060,-0.0714,-0.1124,0.3509,0.0000,0.0000,0.0000,0.0000,0.6419,1,0,0,0,0,3.2100
72.7998,178.9795,0.0864,102.9894,0.0001,0.0002,0.0000,0.0001,0.0000,272.0215,0.0054,-0.0714,-0.1124,0.3509,0.0000,0.0000,0.0000,0.0000,0.6419,1,0,0,0,0,3.2099
72.8596,178.9795,0.0864,102.9894,0.0001,0.0002,0.0000,0.0001,0.0000,272.0218,0.0051,-0.0714,-0.1124,0.3509,0.0000,0.0000,0.0000,0.0000,0.6419,1,0,0,0,0,3.2099
72.9110,178.9795,0.0864,102.9894,0.0001,0.0002,0.0000,0.0001,0.0000,272.0221,0.0065,-0.0714,-0.1124,0.3509,0.0000,0.0000,0.0000,0.0000,0.6419,1,0,0,0,0,3.2100
72.9628,178.9795,0.0864,102.9893,0.0001,0.0002,0.0000,0.0001,0.0000,272.0225,0.0065,-0.0714,-0.1124,0.3509,0.0000,0.0000,0.0000,0.0000,0.6419,1,0,0,0,0,3.2100
73.0204,178.9795,0.0864,102.9894,0.0001,0.0002,0.0000,0.0001,0.0000,272.0228,0.0053,-0.0714,-0.1124,0.3509,0.0000,0.0000,0.0000,0.0000,0.6419,1,0,0,0,0,3.2099
73.0724,178.9795,0.0864,102.9894,0.0001,0.0002,0.0000,0.0001,0.0000,272.0231,0.0065,-0.0714,-0.1124,0.3509,0.0000,0.0000,0.0000,0.0000,0.6419,1,0,0,0,0,3.2100
73.1261,178.9795,0.0864,102.9894,0.0001,0.0002,0.0000,0.0001,0.0000,272.0235,0.0068,-0.0714,-0.1124,0.3509,0.0000,0.0000,0.0000,0.0000,0.6419,1,0,0,0,0,3.2100
73.1820,178.9795,0.0864,102.9894,0.0001,0.0002,0.0000,0.0001,0.0000,272.0240,0.0087,-0.0714,-0.1124,0.3509,0.0000,0.0000,0.0000,0.0000,0.6419,1,0,0,0,0,3.2101
73.2392,178.9795,0.0864,102.9894,0.0001,0.0002,0.0000,0.0001,0.0000,272.0244,0.0085,-0.0714,-0.1124,0.3509,0.0000,0.0000,0.0000,0.0000,0.6419,1,0,0,0,0,3.2101
73.2931,178.9795,0.0864,102.9894,0.0001,0.0002,0.0000,0.0001,0.0000,272.0248,0.0062,-0.0714,-0.1124,0.3509,0.0000,0.0000,0.0000,0.0000,0.6419,1,0,0,0,0,3.2100
73.3432,178.9795,0.0864,102.9894,0.0001,0.0002,0.0000,0.0001,0.0000,272.0251,0.0055,-0.0714,-0.1124,0.3509,0.0000,0.0000,0.0000,0.0000,0.6419,1,0,0,0,0,3.2099
73.3939,178.9795,0.0864,102.9894,0.0001,0.0002,0.0000,0.0001,0.0000,272.0253,0.0042,-0.0714,-0.1124,0.3509,0.0000,0.0000,0.0000,0.0000,0.6419,1,0,0,0,0,3.2099
73.4487,178.9795,0.0864,102.9894,0.0001,0.0002,0.0000,0.0001,0.0000,272.0256,0.0056,-0.0714,-0.1124,0.3509,0.0000,0.0000,0.0000,0.0000,0.6419,1,0,0,0,0,3.2099
73.5076,178.9795,0.0864,102.9894,0.0001,0.0002,0.0000,0.0001,0.0000,272.0258,0.0047,-0.0714,-0.1124,0.3509,0.0000,0.0000,0.0000,0.0000,0.6419,1,0,0,0,0,3.2099
73.5691,178.9795,0.0864,102.9894,0.0001,0.0002,0.0000,0.0001,0.0000,272.0261,0.0040,-0.0714,-0.1124,0.3509,0.0000,0.0000,0.0000,0.0000,0.6419,1,0,0,0,0,3.2099
73.6281,178.9795,0.0864,102.9894,0.0001,0.0002,0.0000,0.0001,0.0000,272.0264,0.0047,-0.0714,-0.1124,0.3509,0.0000,0.0000,0.0000,0.0000,0.6419,1,0,0,0,0,3.2099
73.6852,178.9795,0.0864,102.9893,0.0001,0.0002,0.0000,0.0001,0.0000,272.0266,0.0043,-0.0714,-0.1124,0.3509,0.0000,0.0000,0.0000,0.0000,0.6419,1,0,0,0,0,3.2099
73.7439,178.9795,0.0864,102.9894,0.0001,0.0002,0.0000,0.0001,0.0000,272.0269,0.0042,-0.0714,-0.1124,0.3509,0.0000,0.0000,0.0000,0.0000,0.6419,1,0,0,0,0,3.2099
73.7996,178.9795,0.0864,102.9894,0.0001,0.0002,0.0000,0.0001,0.0000,272.0271,0.0044,-0.0714,-0.1124,0.3509,0.0000,0.0000,0.0000,0.0000,0.6419,1,0,0,0,0,3.2099
73.8589,178.9795,0.0864,102.9894,0.0001,0.0002,0.0000,0.0001,0.0000,272.0274,0.0052,-0.0714,-0.1124,0.3509,0.0000,0.0000,0.0000,0.0000,0.6419,1,0,0,0,0,3.2099
73.9119,178.9795,0.0864,102.9894,0.0001,0.0002,0.0000,0.0001,0.0000,272.0277,0.0058,-0.0714,-0.1124,0.3509,0.0000,0.0000,0.0000,0.0000,0.6419,1,0,0,0,0,3.2100
73.9702,178.9795,0.0864,102.9894,0.0001,0.0002,0.0000,0.0001,0.0000,272.0280,0.0042,-0.0714,-0.1124,0.3509,0.0000,0.0000,0.0000,0.0000,0.6419,1,0,0,0,0,3.2099
74.0222,178.9795,0.0864,102.9894,0.0001,0.0002,0.0000,0.0001,0.0000,272.0282,0.0047,-0.0714,-0.1124,0.3509,0.0000,0.0000,0.0000,0.0000,0.6419,1,0,0,0,0,3.2099
74.0730,178.9795,0.0864,102.9894,0.0001,0.0002,0.0000,0.0001,0.0000,272.0284,0.0048,-0.0714,-0.1124,0.3509,0.0000,0.0000,0.0000,0.0000,0.6419,1,0,0,0,0,3.2099
74.1331,178.9795,0.0864,102.9894,0.0001,0.0002,0.0000,0.0001,0.0000,272.0287,0.0051,-0.0714,-0.1124,0.3509,0.0000,0.0000,0.0000,0.0000,0.6419,1,0,0,0,0,3.2099
74.1905,178.9795,0.0864,102.9894,0.0001,0.0002,0.0000,0.0001,0.0000,272.0291,0.0069,-0.0714,-0.1124,0.3509,0.0000,0.0000,0.0000,0.0000,0.6419,1,0,0,0,0,3.2100
74.2434,178.9795,0.0864,102.9894,0.0001,0.0002,0.0000,0.0001,0.0000,272.0295,0.0069,-0.0714,-0.1124,0.3509,0.0000,0.0000,0.0000,0.0000,0.6419,1,0,0,0,0,3.2100
74.2943,178.9795,0.0864,102.9894,0.0001,0.0002,0.0000,0.0001,0.0000,272.0298,0.0066,-0.0714,-0.1124,0.3509,0.0000,0.0000,0.0000,0.0000,0.6419,1,0,0,0,0,3.2100
74.3478,178.9795,0.0864,102.9894,0.0001,0.0002,0.0000,0.0001,0.0000,272.0302,0.0057,-0.0714,-0.1124,0.3509,0.0000,0.0000,0.0000,0.0000,0.6419,1,0,0,0,0,3.2100
74.3979,178.9795,0.0864,102.9894,0.0001,0.0002,0.0000,0.0001,0.0000,272.0304,0.0049,-0.0714,-0.1124,0.3509,0.0000,0.0000,0.0000,0.0000,0.6419,1,0,0,0,0,3.2099
74.4487,178.9795,0.0864,102.9894,0.0001,0.0002,0.0000,0.0001,0.0000,272.0307,0.0060,-0.0714,-0.1124,0.3509,0.0000,0.0000,0.0000,0.0000,0.6419,1,0,0,0,0,3.2100
74.4999,178.9795,0.0864,102.9894,0.0001,0.0002,0.0000,0.0001,0.0000,272.0309,0.0048,-0.0714,-0.1124,0.3509,0.0000,0.0000,0.0000,0.0000,0.6419,1,0,0,0,0,3.2099
74.5534,178.9795,0.0864,102.9894,0.0001,0.0002,0.0000,0.0001,0.0000,272.0313,0.0057,-0.0714,-0.1124,0.3509,0.0000,0.0000,0.0000,0.0000,0.6419,1,0,0,0,0,3.2100
74.6035,178.9795,0.0864,102.9894,0.0001,0.0002,0.0000,0.0001,0.0000,272.0316,0.0061,-0.0714,-0.1124,0.3509,0.0000,0.0000,0.0000,0.0000,0.6419,1,0,0,0,0,3.2100
74.6632,178.9795,0.0864,102.9894,0.0001,0.0002,0.0000,0.0001,0.0000,272.0319,0.0051,-0.0714,-0.1124,0.3509,0.0000,0.0000,0.0000,0.0000,0.6419,1,0,0,0,0,3.2099
74.7214,178.9795,0.0864,102.9894,0.0001,0.0002,0.0000,0.0001,0.0000,272.0322,0.0053,-0.0714,-0.1124,0.3509,0.0000,0.0000,0.0000,0.0000,0.6419,1,0,0,0,0,3.2099
74.7718,178.9795,0.0864,102.9894,0.0001,0.0002,0.0000,0.0001,0.0000,272.0325,0.0061,-0.0714,-0.1124,0.3509,0.0000,0.0000,0.0000,0.0000,0.6419,1,0,0,0,0,3.2100
74.8237,178.9795,0.0864,102.9894,0.0001,0.0002,0.0000,0.0001,0.0000,272.0327,0.0047,-0.0714,-0.1124,0.3509,0.0000,0.0000,0.0000,0.0000,0.6419,1,0,0,0,0,3.2099
74.8761,178.9795,0.0864,102.9894,0.0001,0.0002,0.0000,0.0001,0.0000,272.0330,0.0058,-0.0714,-0.1124,0.3509,0.0000,0.0000,0.0000,0.0000,0.6419,1,0,0,0,0,3.2100
74.9265,178.9795,0.0864,102.9894,0.0001,0.0002,0.0000,0.0001,0.0000,272.0333,0.0061,-0.0714,-0.1124,0.3509,0.0000,0.0000,0.0000,0.0000,0.6419,1,0,0,0,0,3.2100
74.9868,178.9795,0.0864,102.9894,0.0001,0.0002,0.0000,0.0001,0.0000,272.0336,0.0051,-0.0714,-0.1124,0.3509,0.0000,0.0000,0.0000,0.0000,0.6419,1,0,0,0,0,3.2099
75.0481,178.9795,0.0864,102.9894,0.0001,0.0002,0.0000,0.0001,0.0000,272.0340,0.0060,-0.0714,-0.1124,0.3509,0.0000,0.0000,0.0000,0.0000,0.6419,1,0,0,0,0,3.2100
75.1074,178.9795,0.0864,102.9894,0.0001,0.0002,0.0000,0.0001,0.0000,272.0345,0.0077,-0.0714,-0.1124,0.3509,0.0000,0.0000,0.0000,0.0000,0.6419,1,0,0,0,0,3.2101
75.1638,178.9795,0.0864,102.9894,0.0001,0.0002,0.0000,0.0001,0.0000,272.0349,0.0076,-0.0714,-0.1124,0.3509,0.0000,0.0000,0.0000,0.0000,0.6419,1,0,0,0,0,3.2101
75.2143,178.9795,0.0864,102.9894,0.0001,0.0002,0.0000,0.0001,0.0000,272.0353,0.0079,-0.0714,-0.1124,0.3509,0.0000,0.0000,0.0000,0.0000,0.6419,1,0,0,0,0,3.2101
75.2648,178.9795,0.0864,102.9894,0.0001,0.0002,0.0000,0.0001,0.0000,272.0356,0.0066,-0.0714,-0.1124,0.3509,0.0000,0.0000,0.0000,0.0000,0.6419,1,0,0,0,0,3.2100
75.3230,178.9795,0.0864,102.9894,0.0001,0.0002,0.0000,0.0001,0.0000,272.0359,0.0058,-0.0714,-0.1124,0.3509,0.0000,0.0000,0.0000,0.0000,0.6419,1,0,0,0,0,3.2100
75.3754,178.9795,0.0864,102.9894,0.0001,0.0002,0.0000,0.0001,0.0000,272.0363,0.0058,-0.0714,-0.1124,0.3509,0.0000,0.0000,0.0000,0.0000,0.6419,1,0,0,0,0,3.2100
75.4276,178.9795,0.0864,102.9894,0.0001,0.0002,0.0000,0.0001,0.0000,272.0365,0.0047,-0.0714,-0.1124,0.3509,0.0000,0.0000,0.0000,0.0000,0.6419,1,0,0,0,0,3.2099
75.4850,178.9795,0.0864,102.9893,0.0001,0.0002,0.0000,0.0001,0.0000,272.0367,0.0032,-0.0714,-0.1124,0.3509,0.0000,0.0000,0.0000,0.0000,0.6419,1,0,0,0,0,3.2098
75.5354,178.9795,0.0864,102.9894,0.0001,0.0002,0.0000,0.0001,0.0000,272.0369,0.0042,-0.0714,-0.1124,0.3509,0.0000,0.0000,0.0000,0.0000,0.6419,1,0,0,0,0,3.2099
75.5856,178.9795,0.0864,102.9894,0.0001,0.0002,0.0000,0.0001,0.0000,272.0371,0.0042,-0.0714,-0.1124,0.3509,0.0000,0.0000,0.0000,0.0000,0.6419,1,0,0,0,0,3.2099
75.6468,178.9795,0.0864,102.9894,0.0001,0.0002,0.0000,0.0001,0.0000,272.0374,0.0050,-0.0714,-0.1124,0.3509,0.0000,0.0000,0.0000,0.0000,0.6419,1,0,0,0,0,3.2099
75.7131,178.9795,0.0864,102.9894,0.0001,0.0002,0.0000,0.0001,0.0000,272.0377,0.0041,-0.0714,-0.1124,0.3509,0.0000,0.0000,0.0000,0.0000,0.6419,1,0,0,0,0,3.2099
75.7693,178.9795,0.0864,102.9894,0.0001,0.0002,0.0000,0.0001,0.0000,272.0379,0.0033,-0.0714,-0.1124,0.3509,0.0000,0.0000,0.0000,0.0000,0.6419,1,0,0,0,0,3.2098
75.8201,178.9795,0.0864,102.9893,0.0001,0.0002,0.0000,0.0001,0.0000,272.0381,0.0042,-0.0714,-0.1124,0.3509,0.0000,0.0000,0.0000,0.0000,0.6419,1,0,0,0,0,3.2099
75.8715,178.9795,0.0864,102.9894,0.0001,0.0002,0.0000,0.0001,0.0000,272.0383,0.0047,-0.0714,-0.1124,0.3509,0.0000,0.0000,0.0000,0.0000,0.6419,1,0,0,0,0,3.2099
75.9223,178.9795,0.0864,102.9894,0.0001,0.0002,0.0000,0.0001,0.0000,272.0385,0.0036,-0.0714,-0.1124,0.3509,0.0000,0.0000,0.0000,0.0000,0.6419,1,0,0,0,0,3.2098
75.9828,178.9795,0.0864,102.9893,0.0001,0.0002,0.0000,0.0001,0.0000,272.0388,0.0050,-0.0714,-0.1124,0.3509,0.0000,0.0000,0.0000,0.0000,0.6419,1,0,0,0,0,3.2099
76.0430,178.9795,0.0864,102.9894,0.0001,0.0002,0.0000,0.0001,0.0000,272.0391,0.0046,-0.0714,-0.1124,0.3509,0.0000,0.0000,0.0000,0.0000,0.6419,1,0,0,0,0,3.2099
76.1026,178.9795,0.0864,102.9894,0.0001,0.0002,0.0000,0.0001,0.0000,272.0394,0.0056,-0.0714,-0.1124,0.3509,0.0000,0.0000,0.0000,0.0000,0.6419,1,0,0,0,0,3.2099
76.1595,178.9795,0.0864,102.9894,0.0001,0.0002,0.0000,0.0001,0.0000,272.0397,0.0054,-0.0714,-0.1124,0.3509,0.0000,0.0000,0.0000,0.0000,0.6419,1,0,0,0,0,3.2099
76.2276,178.9795,0.0864,102.9894,0.0001,0.0002,0.0000,0.0001,0.0000,272.0402,0.0072,-0.0714,-0.1124,0.3509,0.0000,0.0000,0.0000,0.0000,0.6419,1,0,0,0,0,3.2100
76.2777,178.9795,0.0864,102.9894,0.0001,0.0002,0.0000,0.0001,0.0000,272.0405,0.0061,-0.0714,-0.1124,0.3509,0.0000,0.0000,0.0000,0.0000,0.6419,1,0,0,0,0,3.2100
76.3298,178.9795,0.0864,102.9894,0.0001,0.0002,0.0000,0.0001,0.0000,272.0408,0.0059,-0.0714,-0.1124,0.3509,0.0000,0.0000,0.0000,0.0000,0.6419,1,0,0,0,0,3.2100
76.3802,178.9795,0.0864,102.9894,0.0001,0.0002,0.0000,0.0001,0.0000,272.0412,0.0067,-0.0714,-0.1124,0.3509,0.0000,0.0000,0.0000,0.0000,0.6419,1,0,0,0,0,3.2100
76.4325,178.9795,0.0864,102.9894,0.0001,0.0002,0.0000,0.0001,0.0000,272.0414,0.0053,-0.0714,-0.1124,0.3509,0.0000,0.0000,0.0000,0.0000,0.6419,1,0,0,0,0,3.2099
76.4843,178.9795,0.0864,102.9894,0.0001,0.0002,0.0000,0.0001,0.0000,272.0417,0.0059,-0.0714,-0.1124,0.3509,0.0000,0.0000,0.0000,0.0000,0.6419,1,0,0,0,0,3.2100
76.5352,178.9795,0.0864,102.9894,0.0001,0.0002,0.0000,0.0001,0.0000,272.0421,0.0060,-0.0714,-0.1124,0.3509,0.0000,0.0000,0.0000,0.0000,0.6419,1,0,0,0,0,3.2100
76.5947,178.9795,0.0864,102.9894,0.0001,0.0002,0.0000,0.0001,0.0000,272.0424,0.0051,-0.0714,-0.1124,0.3509,0.0000,0.0000,0.0000,0.0000,0.6419,1,0,0,0,0,3.2099
76.6457,178.9795,0.0864,102.9894,0.0001,0.0002,0.0000,0.0001,0.0000,272.0427,0.0060,-0.0714,-0.1124,0.3509,0.0000,0.0000,0.0000,0.0000,0.6419,1,0,0,0,0,3.2100
76.6967,178.9795,0.0864,102.9894,0.0001,0.0002,0.0000,0.0001,0.0000,272.0429,0.0048,-0.0714,-0.1124,0.3509,0.0000,0.0000,0.0000,0.0000,0.6419,1,0,0,0,0,3.2099
76.7490,178.9795,0.0864,102.9894,0.0001,0.0002,0.0000,0.0001,0.0000,272.0432,0.0064,-0.0714,-0.1124,0.3509,0.0000,0.0000,0.0000,0.0000,0.6419,1,0,0,0,0,3.2100
76.8001,178.9795,0.0864,102.9894,0.0001,0.0002,0.0000,0.0001,0.0000,272.0435,0.0054,-0.0714,-0.1124,0.3509,0.0000,0.0000,0.0000,0.0000,0.6419,1,0,0,0,0,3.2099
76.8575,178.9795,0.0864,102.9894,0.0001,0.0002,0.0000,0.0001,0.0000,272.0439,0.0064,-0.0714,-0.1124,0.3509,0.0000,0.0000,0.0000,0.0000,0.6419,1,0,0,0,0,3.2100
76.9088,178.9795,0.0864,102.9894,0.0001,0.0002,0.0000,0.0001,0.0000,272.0441,0.0048,-0.0714,-0.1124,0.3509,0.0000,0.0000,0.0000,0.0000,0.6419,1,0,0,0,0,3.2099
76.9651,178.9795,0.0864,102.9893,0.0001,0.0002,0.0000,0.0001,0.0000,272.0444,0.0054,-0.0714,-0.1124,0.3509,0.0000,0.0000,0.0000,0.0000,0.6419,1,0,0,0,0,3.2099
77.0160,178.9795,0.0864,102.9894,0.0001,0.0002,0.0000,0.0001,0.0000,272.0448,0.0066,-0.0714,-0.1124,0.3509,0.0000,0.0000,0.0000,0.0000,0.6419,1,0,0,0,0,3.2100
77.0682,178.9795,0.0864,102.9894,0.0001,0.0002,0.0000,0.0001,0.0000,272.0452,0.0076,-0.0714,-0.1124,0.3509,0.0000,0.0000,0.0000,0.0000,0.6419,1,0,0,0,0,3.2101
77.1343,178.9795,0.0864,102.9894,0.0001,0.0002,0.0000,0.0001,0.0000,272.0457,0.0074,-0.0714,-0.1124,0.3509,0.0000,0.0000,0.0000,0.0000,0.6419,1,0,0,0,0,3.2100
77.1857,178.9795,0.0864,102.9894,0.0001,0.0002,0.0000,0.0001,0.0000,272.0460,0.0059,-0.0714,-0.1124,0.3509,0.0000,0.0000,0.0000,0.0000,0.6419,1,0,0,0,0,3.2100
77.2593,178.9795,0.0864,102.9894,0.0001,0.0002,0.0000,0.0001,0.0000,272.0465,0.0070,-0.0714,-0.1124,0.3509,0.0000,0.0000,0.0000,0.0000,0.6419,1,0,0,0,0,3.2100
77.3151,178.9795,0.0864,102.9894,0.0001,0.0002,0.0000,0.0001,0.0000,272.0468,0.0060,-0.0714,-0.1124,0.3509,0.0000,0.0000,0.0000,0.0000,0.6419,1,0,0,0,0,3.2100
77.3671,178.9795,0.0864,102.9894,0.0001,0.0002,0.0000,0.0001,0.0000,272.0471,0.0059,-0.0714,-0.1124,0.3509,0.0000,0.0000,0.0000,0.0000,0.6419,1,0,0,0,0,3.2100
77.4176,178.9795,0.0864,102.9894,0.0001,0.0002,0.0000,0.0001,0.0000,272.0473,0.0042,-0.0714,-0.1124,0.3509,0.0000,0.0000,0.0000,0.0000,0.6419,1,0,0,0,0,3.2099
77.4689,178.9795,0.0864,102.9893,0.0001,0.0002,0.0000,0.0001,0.0000,272.0475,0.0042,-0.0714,-0.1124,0.3509,0.0000,0.0000,0.0000,0.0000,0.6419,1,0,0,0,0,3.2099
77.5197,178.9795,0.0864,102.9894,0.0001,0.0002,0.0000,0.0001,0.0000,272.0478,0.0042,-0.0714,-0.1124,0.3509,0.0000,0.0000,0.0000,0.0000,0.6419,1,0,0,0,0,3.2099
77.5803,178.9795,0.0864,102.9893,0.0001,0.0002,0.0000,0.0001,0.0000,272.0480,0.0045,-0.0714,-0.1124,0.3509,0.0000,0.0000,0.0000,0.0000,0.6419,1,0,0,0,0,3.2099
77.6417,178.9795,0.0864,102.9893,0.0001,0.0002,0.0000,0.0001,0.0000,272.0483,0.0040,-0.0714,-0.1124,0.3509,0.0000,0.0000,0.0000,0.0000,0.6419,1,0,0,0,0,3.2099
77.6986,178.9795,0.0864,102.9893,0.0001,0.0002,0.0000,0.0001,0.0000,272.0485,0.0043,-0.0714,-0.1124,0.3509,0.0000,0.0000,0.0000,0.0000,0.6419,1,0,0,0,0,3.2099
77.7526,178.9795,0.0864,102.9894,0.0001,0.0002,0.0000,0.0001,0.0000,272.0488,0.0045,-0.0714,-0.1124,0.3509,0.0000,0.0000,0.0000,0.0000,0.6419,1,0,0,0,0,3.2099
77.8090,178.9795,0.0864,102.9894,0.0001,0.0002,0.0000,0.0001,0.0000,272.0490,0.0043,-0.0714,-0.1124,0.3509,0.0000,0.0000,0.0000,0.0000,0.6419,1,0,0,0,0,3.2099
77.8692,178.9795,0.0864,102.9893,0.0001,0.0002,0.0000,0.0001,0.0000,272.0493,0.0051,-0.0714,-0.1124,0.3509,0.0000,0.0000,0.0000,0.0000,0.6419,1,0,0,0,0,3.2099
77.9268,178.9795,0.0864,102.9894,0.0001,0.0002,0.0000,0.0001,0.0000,272.0496,0.0042,-0.0714,-0.1124,0.3509,0.0000,0.0000,0.0000,0.0000,0.6419,1,0,0,0,0,3.2099
77.9815,178.9795,0.0864,102.9893,0.0001,0.0002,0.0000,0.0001,0.0000,272.0498,0.0045,-0.0714,-0.1124,0.3509,0.0000,0.0000,0.0000,0.0000,0.6419,1,0,0,0,0,3.2099
78.0433,178.9795,0.0864,102.9894,0.0001,0.0002,0.0000,0.0001,0.0000,272.0500,0.0039,-0.0714,-0.1124,0.3509,0.0000,0.0000,0.0000,0.0000,0.6419,1,0,0,0,0,3.2099
78.0947,178.9795,0.0864,102.9894,0.0001,0.0002,0.0000,0.0001,0.0000,272.0504,0.0059,-0.0714,-0.1124,0.3509,0.0000,0.0000,0.0000,0.0000,0.6419,1,0,0,0,0,3.2100
78.1553,178.9795,0.0864,102.9894,0.0001,0.0002,0.0000,0.0001,0.0000,272.0507,0.0060,-0.0714,-0.1124,0.3509,0.0000,0.0000,0.0000,0.0000,0.6419,1,0,0,0,0,3.2100
78.2114,178.9795,0.0864,102.9894,0.0001,0.0002,0.0000,0.0001,0.0000,272.0511,0.0060,-0.0714,-0.1124,0.3509,0.0000,0.0000,0.0000,0.0000,0.6419,1,0,0,0,0,3.2100
78.2654,178.9795,0.0864,102.9894,0.0001,0.0002,0.0000,0.0001,0.0000,272.0514,0.0062,-0.0714,-0.1124,0.3509,0.0000,0.0000,0.0000,0.0000,0.6419,1,0,0,0,0,3.2100
78.3200,178.9795,0.0864,102.9894,0.0001,0.0002,0.0000,0.0001,0.0000,272.0518,0.0067,-0.0714,-0.1124,0.3509,0.0000,0.0000,0.0000,0.0000,0.6419,1,0,0,0,0,3.2100
78.3773,178.9795,0.0864,102.9894,0.0001,0.0002,0.0000,0.0001,0.0000,272.0521,0.0064,-0.0714,-0.1124,0.3509,0.0000,0.0000,0.0000,0.0000,0.6419,1,0,0,0,0,3.2100
78.4299,178.9795,0.0864,102.9893,0.0001,0.0002,0.0000,0.0001,0.0000,272.0524,0.0046,-0.0714,-0.1124,0.3509,0.0000,0.0000,0.0000,0.0000,0.6419,1,0,0,0,0,3.2099
78.4817,178.9795,0.0864,102.9894,0.0001,0.0002,0.0000,0.0001,0.0000,272.0527,0.0059,-0.0714,-0.1124,0.3509,0.0000,0.0000,0.0000,0.0000,0.6419,1,0,0,0,0,3.2100
78.5397,178.9795,0.0864,102.9894,0.0001,0.0002,0.0000,0.0001,0.0000,272.0530,0.0053,-0.0714,-0.1124,0.3509,0.0000,0.0000,0.0000,0.0000,0.6419,1,0,0,0,0,3.2099
78.5912,178.9795,0.0864,102.9894,0.0001,0.0002,0.0000,0.0001,0.0000,272.0533,0.0059,-0.0714,-0.1124,0.3509,0.0000,0.0000,0.0000,0.0000,0.6419,1,0,0,0,0,3.2100
78.6431,178.9795,0.0864,102.9894,0.0001,0.0002,0.0000,0.0001,0.0000,272.0535,0.0047,-0.0714,-0.1124,0.3509,0.0000,0.0000,0.0000,0.0000,0.6419,1,0,0,0,0,3.2099
78.6951,178.9795,0.0864,102.9893,0.0001,0.0002,0.0000,0.0001,0.0000,272.0538,0.0059,-0.0714,-0.1124,0.3509,0.0000,0.0000,0.0000,0.0000,0.6419,1,0,0,0,0,3.2100
78.7540,178.9795,0.0864,102.9894,0.0001,0.0002,0.0000,0.0001,0.0000,272.0541,0.0052,-0.0714,-0.1124,0.3509,0.0000,0.0000,0.0000,0.0000,0.6419,1,0,0,0,0,3.2099
78.8056,178.9795,0.0864,102.9894,0.0001,0.0002,0.0000,0.0001,0.0000,272.0544,0.0059,-0.0714,-0.1124,0.3509,0.0000,0.0000,0.0000,0.0000,0.6419,1,0,0,0,0,3.2100
78.8580,178.9795,0.0864,102.9894,0.0001,0.0002,0.0000,0.0001,0.0000,272.0547,0.0058,-0.0714,-0.1124,0.3509,0.0000,0.0000,0.0000,0.0000,0.6419,1,0,0,0,0,3.2100
78.9139,178.9795,0.0864,102.9894,0.0001,0.0002,0.0000,0.0001,0.0000,272.0551,0.0055,-0.0714,-0.1124,0.3509,0.0000,0.0000,0.0000,0.0000,0.6419,1,0,0,0,0,3.2099
78.9654,178.9795,0.0864,102.9894,0.0001,0.0002,0.0000,0.0001,0.0000,272.0554,0.0059,-0.0714,-0.1124,0.3509,0.0000,0.0000,0.0000,0.0000,0.6419,1,0,0,0,0,3.2100
79.0206,178.9795,0.0864,102.9894,0.0001,0.0002,0.0000,0.0001,0.0000,272.0556,0.0044,-0.0714,-0.1124,0.3509,0.0000,0.0000,0.0000,0.0000,0.6419,1,0,0,0,0,3.2099
79.0775,178.9795,0.0864,102.9894,0.0001,0.0002,0.0000,0.0001,0.0000,272.0561,0.0086,-0.0714,-0.1124,0.3509,0.0000,0.0000,0.0000,0.0000,0.6419,1,0,0,0,0,3.2101
79.1287,178.9795,0.0864,102.9893,0.0001,0.0002,0.0000,0.0001,0.0000,272.0564,0.0054,-0.0714,-0.1124,0.3509,0.0000,0.0000,0.0000,0.0000,0.6419,1,0,0,0,0,3.2099
79.1788,178.9795,0.0864,102.9894,0.0001,0.0002,0.0000,0.0001,0.0000,272.0568,0.0079,-0.0714,-0.1124,0.3509,0.0000,0.0000,0.0000,0.0000,0.6419,1,0,0,0,0,3.2101
79.2319,178.9795,0.0864,102.9894,0.0001,0.0002,0.0000,0.0001,0.0000,272.0572,0.0075,-0.0714,-0.1124,0.3509,0.0000,0.0000,0.0000,0.0000,0.6419,1,0,0,0,0,3.2100
79.2895,178.9795,0.0864,102.9894,0.0001,0.0002,0.0000,0.0001,0.0000,272.0575,0.0058,-0.0714,-0.1124,0.3509,0.0000,0.0000,0.0000,0.0000,0.6419,1,0,0,0,0,3.2100
79.3485,178.9795,0.0864,102.9894,0.0001,0.0002,0.0000,0.0001,0.0000,272.0578,0.0052,-0.0714,-0.1124,0.3509,0.0000,0.0000,0.0000,0.0000,0.6419,1,0,0,0,0,3.2099
79.4000,178.9795,0.0864,102.9894,0.0001,0.0002,0.0000,0.0001,0.0000,272.0581,0.0059,-0.0714,-0.1124,0.3509,0.0000,0.0000,0.0000,0.0000,0.6419,1,0,0,0,0,3.2100
79.4611,178.9795,0.0864,102.9894,0.0001,0.0002,0.0000,0.0001,0.0000,272.0584,0.0050,-0.0714,-0.1124,0.3509,0.0000,0.0000,0.0000,0.0000,0.6419,1,0,0,0,0,3.2099
79.5145,178.9795,0.0864,102.9894,0.0001,0.0002,0.0000,0.0001,0.0000,272.0587,0.0046,-0.0714,-0.1124,0.3509,0.0000,0.0000,0.0000,0.0000,0.6419,1,0,0,0,0,3.2099
79.5653,178.9795,0.0864,102.9894,0.0001,0.0002,0.0000,0.0001,0.0000,272.0589,0.0048,-0.0714,-0.1124,0.3509,0.0000,0.0000,0.0000,0.0000,0.6419,1,0,0,0,0,3.2099
79.6193,178.9795,0.0864,102.9894,0.0001,0.0002,0.0000,0.0001,0.0000,272.0590,0.0023,-0.0714,-0.1124,0.3509,0.0000,0.0000,0.0000,0.0000,0.6419,1,0,0,0,0,3.2098
79.6779,178.9795,0.0864,102.9893,0.0001,0.0002,0.0000,0.0001,0.0000,272.0593,0.0042,-0.0714,-0.1124,0.3509,0.0000,0.0000,0.0000,0.0000,0.6419,1,0,0,0,0,3.2099
79.7290,178.9795,0.0864,102.9894,0.0001,0.0002,0.0000,0.0001,0.0000,272.0595,0.0042,-0.0714,-0.1124,0.3509,0.0000,0.0000,0.0000,0.0000,0.6419,1,0,0,0,0,3.2099
79.7797,178.9795,0.0864,102.9894,0.0001,0.0002,0.0000,0.0001,0.0000,272.0597,0.0042,-0.0714,-0.1124,0.3509,0.0000,0.0000,0.0000,0.0000,0.6419,1,0,0,0,0,3.2099
79.8361,178.9795,0.0864,102.9894,0.0001,0.0002,0.0000,0.0001,0.0000,272.0599,0.0043,-0.0714,-0.1124,0.3509,0.0000,0.0000,0.0000,0.0000,0.6419,1,0,0,0,0,3.2099
79.8889,178.9795,0.0864,102.9894,0.0001,0.0002,0.0000,0.0001,0.0000,272.0602,0.0046,-0.0714,-0.1124,0.3509,0.0000,0.0000,0.0000,0.0000,0.6419,1,0,0,0,0,3.2099
79.9424,178.9795,0.0864,102.9893,0.0001,0.0002,0.0000,0.0001,0.0000,272.0604,0.0046,-0.0714,-0.1124,0.3509,0.0000,0.0000,0.0000,0.0000,0.6419,1,0,0,0,0,3.2099
79.9928,178.9795,0.0864,102.9894,0.0001,0.0002,0.0000,0.0001,0.0000,272.0606,0.0042,-0.0714,-0.1124,0.3509,0.0000,0.0000,0.0000,0.0000,0.6419,1,0,0,0,0,3.2099
80.0445,178.9795,0.0864,102.9894,0.0001,0.0002,0.0000,0.0001,0.0000,272.0609,0.0053,-0.0714,-0.1124,0.3509,0.0000,0.0000,0.0000,0.0000,0.6419,1,0,0,0,0,3.2099
80.1002,178.9795,0.0864,102.9894,0.0001,0.0002,0.0000,0.0001,0.0000,272.0612,0.0055,-0.0714,-0.1124,0.3509,0.0000,0.0000,0.0000,0.0000,0.6419,1,0,0,0,0,3.2099
80.1524,178.9795,0.0864,102.9894,0.0001,0.0002,0.0000,0.0001,0.0000,272.0615,0.0058,-0.0714,-0.1124,0.3509,0.0000,0.0000,0.0000,0.0000,0.6419,1,0,0,0,0,3.2100
80.2038,178.9795,0.0864,102.9894,0.0001,0.0002,0.0000,0.0001,0.0000,272.0618,0.0059,-0.0714,-0.1124,0.3509,0.0000,0.0000,0.0000,0.0000,0.6419,1,0,0,0,0,3.2100
80.2660,178.9795,0.0864,102.9894,0.0001,0.0002,0.0000,0.0001,0.0000,272.0623,0.0069,-0.0714,-0.1124,0.3509,0.0000,0.0000,0.0000,0.0000,0.6419,1,0,0,0,0,3.2100
80.3248,178.9795,0.0864,102.9894,0.0001,0.0002,0.0000,0.0001,0.0000,272.0626,0.0062,-0.0714,-0.1124,0.3509,0.0000,0.0000,0.0000,0.0000,0.6419,1,0,0,0,0,3.2100
80.3840,178.9795,0.0864,102.9894,0.0001,0.0002,0.0000,0.0001,0.0000,272.0630,0.0062,-0.0714,-0.1124,0.3509,0.0000,0.0000,0.0000,0.0000,0.6419,1,0,0,0,0,3.2100
80.4412,178.9795,0.0864,102.9894,0.0001,0.0002,0.0000,0.0001,0.0000,272.0633,0.0053,-0.0714,-0.1124,0.3509,0.0000,0.0000,0.0000,0.0000,0.6419,1,0,0,0,0,3.2099
80.5011,178.9795,0.0864,102.9894,0.0001,0.0002,0.0000,0.0001,0.0000,272.0637,0.0061,-0.0714,-0.1124,0.3509,0.0000,0.0000,0.0000,0.0000,0.6419,1,0,0,0,0,3.2100
80.5512,178.9795,0.0864,102.9894,0.0001,0.0002,0.0000,0.0001,0.0000,272.0639,0.0049,-0.0714,-0.1124,0.3509,0.0000,0.0000,0.0000,0.0000,0.6419,1,0,0,0,0,3.2099
80.6100,178.9795,0.0864,102.9894,0.0001,0.0002,0.0000,0.0001,0.0000,272.0643,0.0062,-0.0714,-0.1124,0.3509,0.0000,0.0000,0.0000,0.0000,0.6419,1,0,0,0,0,3.2100
80.6707,178.9795,0.0864,102.9894,0.0001,0.0002,0.0000,0.0001,0.0000,272.0646,0.0050,-0.0714,-0.1124,0.3509,0.0000,0.0000,0.0000,0.0000,0.6419,1,0,0,0,0,3.2099
80.7210,178.9795,0.0864,102.9894,0.0001,0.0002,0.0000,0.0001,0.0000,272.0649,0.0061,-0.0714,-0.1124,0.3509,0.0000,0.0000,0.0000,0.0000,0.6419,1,0,0,0,0,3.2100
80.7719,178.9795,0.0864,102.9894,0.0001,0.0002,0.0000,0.0001,0.0000,272.0651,0.0048,-0.0714,-0.1124,0.3509,0.0000,0.0000,0.0000,0.0000,0.6419,1,0,0,0,0,3.2099
80.8231,178.9795,0.0864,102.9893,0.0001,0.0002,0.0000,0.0001,0.0000,272.0654,0.0060,-0.0714,-0.1124,0.3509,0.0000,0.0000,0.0000,0.0000,0.6419,1,0,0,0,0,3.2100
80.8786,178.9795,0.0864,102.9894,0.0001,0.0002,0.0000,0.0001,0.0000,272.0657,0.0055,-0.0714,-0.1124,0.3509,0.0000,0.0000,0.0000,0.0000,0.6419,1,0,0,0,0,3.2099
80.9306,178.9795,0.0864,102.9894,0.0001,0.0002,0.0000,0.0001,0.0000,272.0660,0.0059,-0.0714,-0.1124,0.3509,0.0000,0.0000,0.0000,0.0000,0.6419,1,0,0,0,0,3.2100
80.9871,178.9795,0.0864,102.9894,0.0001,0.0002,0.0000,0.0001,0.0000,272.0664,0.0065,-0.0714,-0.1124,0.3509,0.0000,0.0000,0.0000,0.0000,0.6419,1,0,0,0,0,3.2100
81.0378,178.9795,0.0864,102.9894,0.0001,0.0002,0.0000,0.0001,0.0000,272.0667,0.0066,-0.0714,-0.1124,0.3509,0.0000,0.0000,0.0000,0.0000,0.6419,1,0,0,0,0,3.2100
81.0900,178.9795,0.0864,102.9894,0.0001,0.0002,0.0000,0.0001,0.0000,272.0671,0.0064,-0.0714,-0.1124,0.3509,0.0000,0.0000,0.0000,0.0000,0.6419,1,0,0,0,0,3.2100
81.1411,178.9795,0.0864,102.9894,0.0001,0.0002,0.0000,0.0001,0.0000,272.0674,0.0060,-0.0714,-0.1124,0.3509,0.0000,0.0000,0.0000,0.0000,0.6419,1,0,0,0,0,3.2100
81.1968,178.9795,0.0864,102.9894,0.0001,0.0002,0.0000,0.0001,0.0000,272.0677,0.0060,-0.0714,-0.1124,0.3509,0.0000,0.0000,0.0000,0.0000,0.6419,1,0,0,0,0,3.2100
81.2486,178.9795,0.0864,102.9894,0.0001,0.0002,0.0000,0.0001,0.0000,272.0680,0.0059,-0.0714,-0.1124,0.3509,0.0000,0.0000,0.0000,0.0000,0.6419,1,0,0,0,0,3.2100
81.3090,178.9795,0.0864,102.9894,0.0001,0.0002,0.0000,0.0001,0.0000,272.0684,0.0066,-0.0714,-0.1124,0.3509,0.0000,0.0000,0.0000,0.0000,0.6419,1,0,0,0,0,3.2100
81.3609,178.9795,0.0864,102.9893,0.0001,0.0002,0.0000,0.0001,0.0000,272.0687,0.0047,-0.0714,-0.1124,0.3509,0.0000,0.0000,0.0000,0.0000,0.6419,1,0,0,0,0,3.2099
81.4175,178.9795,0.0864,102.9894,0.0001,0.0002,0.0000,0.0001,0.0000,272.0690,0.0054,-0.0714,-0.1124,0.3509,0.0000,0.0000,0.0000,0.0000,0.6419,1,0,0,0,0,3.2099
81.4778,178.9795,0.0864,102.9893,0.0001,0.0002,0.0000,0.0001,0.0000,272.0693,0.0061,-0.0714,-0.1124,0.3509,0.0000,0.0000,0.0000,0.0000,0.6419,1,0,0,0,0,3.2100
81.5299,178.9795,0.0864,102.9894,0.0001,0.0002,0.0000,0.0001,0.0000,272.0696,0.0059,-0.0714,-0.1124,0.3509,0.0000,0.0000,0.0000,0.0000,0.6419,1,0,0,0,0,3.2100
81.5809,178.9795,0.0864,102.9893,0.0001,0.0002,0.0000,0.0001,0.0000,272.0698,0.0036,-0.0714,-0.1124,0.3509,0.0000,0.0000,0.0000,0.0000,0.6419,1,0,0,0,0,3.2098
81.6323,178.9795,0.0864,102.9893,0.0001,0.0002,0.0000,0.0001,0.0000,272.0701,0.0047,-0.0714,-0.1124,0.3509,0.0000,0.0000,0.0000,0.0000,0.6419,1,0,0,0,0,3.2099
81.6826,178.9795,0.0864,102.9894,0.0001,0.0002,0.0000,0.0001,0.0000,272.0703,0.0043,-0.0714,-0.1124,0.3509,0.0000,0.0000,0.0000,0.0000,0.6419,1,0,0,0,0,3.2099
81.7383,178.9795,0.0864,102.9894,0.0001,0.0002,0.0000,0.0001,0.0000,272.0705,0.0038,-0.0714,-0.1124,0.3509,0.0000,0.0000,0.0000,0.0000,0.6419,1,0,0,0,0,3.2098
81.7932,178.9795,0.0864,102.9894,0.0001,0.0002,0.0000,0.0001,0.0000,272.0707,0.0044,-0.0714,-0.1124,0.3509,0.0000,0.0000,0.0000,0.0000,0.6419,1,0,0,0,0,3.2099
81.8541,178.9795,0.0864,102.9894,0.0001,0.0002,0.0000,0.0001,0.0000,272.0710,0.0045,-0.0714,-0.1124,0.3509,0.0000,0.0000,0.0000,0.0000,0.6419,1,0,0,0,0,3.2099
81.9063,178.9795,0.0864,102.9894,0.0001,0.0002,0.0000,0.0001,0.0000,272.0712,0.0041,-0.0714,-0.1124,0.3509,0.0000,0.0000,0.0000,0.0000,0.6419,1,0,0,0,0,3.2099
81.9564,178.9795,0.0864,102.9894,0.0001,0.0002,0.0000,0.0001,0.0000,272.0715,0.0049,-0.0714,-0.1124,0.3509,0.0000,0.0000,0.0000,0.0000,0.6419,1,0,0,0,0,3.2099
82.0067,178.9795,0.0864,102.9894,0.0001,0.0002,0.0000,0.0001,0.0000,272.0717,0.0049,-0.0714,-0.1124,0.3509,0.0000,0.0000,0.0000,0.0000,0.6419,1,0,0,0,0,3.2099
82.0652,178.9795,0.0864,102.9894,0.0001,0.0002,0.0000,0.0001,0.0000,272.0721,0.0063,-0.0714,-0.1124,0.3509,0.0000,0.0000,0.0000,0.0000,0.6419,1,0,0,0,0,3.2100
82.1230,178.9795,0.0864,102.9894,0.0001,0.0002,0.0000,0.0001,0.0000,272.0724,0.0053,-0.0714,-0.1124,0.3509,0.0000,0.0000,0.0000,0.0000,0.6419,1,0,0,0,0,3.2099
82.1750,178.9795,0.0864,102.9894,0.0001,0.0002,0.0000,0.0001,0.0000,272.0727,0.0065,-0.0714,-0.1124,0.3509,0.0000,0.0000,0.0000,0.0000,0.6419,1,0,0,0,0,3.2100
82.2349,178.9795,0.0864,102.9894,0.0001,0.0002,0.0000,0.0001,0.0000,272.0731,0.0056,-0.0714,-0.1124,0.3509,0.0000,0.0000,0.0000,0.0000,0.6419,1,0,0,0,0,3.2099
82.2976,178.9795,0.0864,102.9894,0.0001,0.0002,0.0000,0.0001,0.0000,272.0735,0.0063,-0.0714,-0.1124,0.3509,0.0000,0.0000,0.0000,0.0000,0.6419,1,0,0,0,0,3.2100
82.3552,178.9795,0.0864,102.9894,0.0001,0.0002,0.0000,0.0001,0.0000,272.0739,0.0069,-0.0714,-0.1124,0.3509,0.0000,0.0000,0.0000,0.0000,0.6419,1,0,0,0,0,3.2100
82.4141,178.9795,0.0864,102.9894,0.0001,0.0002,0.0000,0.0001,0.0000,272.0742,0.0062,-0.0714,-0.1124,0.3509,0.0000,0.0000,0.0000,0.0000,0.6419,1,0,0,0,0,3.2100
82.4716,178.9795,0.0864,102.9894,0.0001,0.0002,0.0000,0.0001,0.0000,272.0746,0.0058,-0.0714,-0.1124,0.3509,0.0000,0.0000,0.0000,0.0000,0.6419,1,0,0,0,0,3.2100
82.5238,178.9795,0.0864,102.9894,0.0001,0.0002,0.0000,0.0001,0.0000,272.0749,0.0059,-0.0714,-0.1124,0.3509,0.0000,0.0000,0.0000,0.0000,0.6419,1,0,0,0,0,3.2100
82.5739,178.9795,0.0864,102.9894,0.0001,0.0002,0.0000,0.0001,0.0000,272.0752,0.0067,-0.0714,-0.1124,0.3509,0.0000,0.0000,0.0000,0.0000,0.6419,1,0,0,0,0,3.2100
82.6337,178.9795,0.0864,102.9893,0.0001,0.0002,0.0000,0.0001,0.0000,272.0755,0.0051,-0.0714,-0.1124,0.3509,0.0000,0.0000,0.0000,0.0000,0.6419,1,0,0,0,0,3.2099
82.6845,178.9795,0.0864,102.9894,0.0001,0.0002,0.0000,0.0001,0.0000,272.0758,0.0060,-0.0714,-0.1124,0.3509,0.0000,0.0000,0.0000,0.0000,0.6419,1,0,0,0,0,3.2100
82.7468,178.9795,0.0864,102.9894,0.0001,0.0002,0.0000,0.0001,0.0000,272.0761,0.0049,-0.0714,-0.1124,0.3509,0.0000,0.0000,0.0000,0.0000,0.6419,1,0,0,0,0,3.2099
82.8048,178.9795,0.0864,102.9894,0.0001,0.0002,0.0000,0.0001,0.0000,272.0764,0.0053,-0.0714,-0.1124,0.3509,0.0000,0.0000,0.0000,0.0000,0.6419,1,0,0,0,0,3.2099
82.8589,178.9795,0.0864,102.9893,0.0001,0.0002,0.0000,0.0001,0.0000,272.0768,0.0062,-0.0714,-0.1124,0.3509,0.0000,0.0000,0.0000,0.0000,0.6419,1,0,0,0,0,3.2100
82.9308,178.9795,0.0864,102.9894,0.0001,0.0002,0.0000,0.0001,0.0000,272.0773,0.0072,-0.0714,-0.1124,0.3509,0.0000,0.0000,0.0000,0.0000,0.6419,1,0,0,0,0,3.2100
82.9916,178.9795,0.0864,102.9894,0.0001,0.0002,0.0000,0.0001,0.0000,272.0777,0.0070,-0.0714,-0.1124,0.3509,0.0000,0.0000,0.0000,0.0000,0.6419,1,0,0,0,0,3.2100
83.0496,178.9795,0.0864,102.9894,0.0001,0.0002,0.0000,0.0001,0.0000,272.0780,0.0053,-0.0714,-0.1124,0.3509,0.0000,0.0000,0.0000,0.0000,0.6419,1,0,0,0,0,3.2099
83.1101,178.9795,0.0864,102.9894,0.0001,0.0002,0.0000,0.0001,0.0000,272.0784,0.0061,-0.0714,-0.1124,0.3509,0.0000,0.0000,0.0000,0.0000,0.6419,1,0,0,0,0,3.2100
83.1637,178.9795,0.0864,102.9894,0.0001,0.0002,0.0000,0.0001,0.0000,272.0786,0.0051,-0.0714,-0.1124,0.3509,0.0000,0.0000,0.0000,0.0000,0.6419,1,0,0,0,0,3.2099
83.2171,178.9795,0.0864,102.9894,0.0001,0.0002,0.0000,0.0001,0.0000,272.0790,0.0063,-0.0714,-0.1124,0.3509,0.0000,0.0000,0.0000,0.0000,0.6419,1,0,0,0,0,3.2100
83.2684,178.9795,0.0864,102.9894,0.0001,0.0002,0.0000,0.0001,0.0000,272.0792,0.0048,-0.0714,-0.1124,0.3509,0.0000,0.0000,0.0000,0.0000,0.6419,1,0,0,0,0,3.2099
83.3206,178.9795,0.0864,102.9893,0.0001,0.0002,0.0000,0.0001,0.0000,272.0795,0.0058,-0.0714,-0.1124,0.3509,0.0000,0.0000,0.0000,0.0000,0.6419,1,0,0,0,0,3.2100
83.3712,178.9795,0.0864,102.9894,0.0001,0.0002,0.0000,0.0001,0.0000,272.0798,0.0048,-0.0714,-0.1124,0.3509,0.0000,0.0000,0.0000,0.0000,0.6419,1,0,0,0,0,3.2099
83.4225,178.9795,0.0864,102.9894,0.0001,0.0002,0.0000,0.0001,0.0000,272.0801,0.0060,-0.0714,-0.1124,0.3509,0.0000,0.0000,0.0000,0.0000,0.6419,1,0,0,0,0,3.2100
83.4813,178.9795,0.0864,102.9893,0.0001,0.0002,0.0000,0.0001,0.0000,272.0804,0.0052,-0.0714,-0.1124,0.3509,0.0000,0.0000,0.0000,0.0000,0.6419,1,0,0,0,0,3.2099
83.5328,178.9795,0.0864,102.9893,0.0001,0.0002,0.0000,0.0001,0.0000,272.0807,0.0059,-0.0714,-0.1124,0.3509,0.0000,0.0000,0.0000,0.0000,0.6419,1,0,0,0,0,3.2100
83.5851,178.9795,0.0864,102.9894,0.0001,0.0002,0.0000,0.0001,0.0000,272.0810,0.0053,-0.0714,-0.1124,0.3509,0.0000,0.0000,0.0000,0.0000,0.6419,1,0,0,0,0,3.2099
83.6398,178.9795,0.0864,102.9894,0.0001,0.0002,0.0000,0.0001,0.0000,272.0812,0.0039,-0.0714,-0.1124,0.3509,0.0000,0.0000,0.0000,0.0000,0.6419,1,0,0,0,0,3.2099
83.6968,178.9795,0.0864,102.9893,0.0001,0.0002,0.0000,0.0001,0.0000,272.0814,0.0043,-0.0714,-0.1124,0.3509,0.0000,0.0000,0.0000,0.0000,0.6419,1,0,0,0,0,3.2099
83.7546,178.9795,0.0864,102.9894,0.0001,0.0002,0.0000,0.0001,0.0000,272.0817,0.0042,-0.0714,-0.1124,0.3509,0.0000,0.0000,0.0000,0.0000,0.6419,1,0,0,0,0,3.2099
83.8051,178.9795,0.0864,102.9894,0.0001,0.0002,0.0000,0.0001,0.0000,272.0819,0.0048,-0.0714,-0.1124,0.3509,0.0000,0.0000,0.0000,0.0000,0.6419,1,0,0,0,0,3.2099
83.8553,178.9795,0.0864,102.9894,0.0001,0.0002,0.0000,0.0001,0.0000,272.0821,0.0036,-0.0714,-0.1124,0.3509,0.0000,0.0000,0.0000,0.0000,0.6419,1,0,0,0,0,3.2098
83.9166,178.9795,0.0864,102.9894,0.0001,0.0002,0.0000,0.0001,0.0000,272.0824,0.0050,-0.0714,-0.1124,0.3509,0.0000,0.0000,0.0000,0.0000,0.6419,1,0,0,0,0,3.2099
83.9680,178.9795,0.0864,102.9894,0.0001,0.0002,0.0000,0.0001,0.0000,272.0826,0.0047,-0.0714,-0.1124,0.3509,0.0000,0.0000,0.0000,0.0000,0.6419,1,0,0,0,0,3.2099
84.0208,178.9795,0.0864,102.9894,0.0001,0.0002,0.0000,0.0001,0.0000,272.0829,0.0058,-0.0714,-0.1124,0.3509,0.0000,0.0000,0.0000,0.0000,0.6419,1,0,0,0,0,3.2100
84.0729,178.9795,0.0864,102.9894,0.0001,0.0002,0.0000,0.0001,0.0000,272.0833,0.0065,-0.0714,-0.1124,0.3509,0.0000,0.0000,0.0000,0.0000,0.6419,1,0,0,0,0,3.2100
84.1318,178.9795,0.0864,102.9894,0.0001,0.0002,0.0000,0.0001,0.0000,272.0836,0.0057,-0.0714,-0.1124,0.3509,0.0000,0.0000,0.0000,0.0000,0.6419,1,0,0,0,0,3.2100
84.1886,178.9795,0.0864,102.9894,0.0001,0.0002,0.0000,0.0001,0.0000,272.0839,0.0054,-0.0714,-0.1124,0.3509,0.0000,0.0000,0.0000,0.0000,0.6419,1,0,0,0,0,3.2099
84.2510,178.9795,0.0864,102.9893,0.0001,0.0002,0.0000,0.0001,0.0000,272.0843,0.0059,-0.0714,-0.1124,0.3509,0.0000,0.0000,0.0000,0.0000,0.6419,1,0,0,0,0,3.2100
84.3069,178.9795,0.0864,102.9894,0.0001,0.0002,0.0000,0.0001,0.0000,272.0847,0.0071,-0.0714,-0.1124,0.3509,0.0000,0.0000,0.0000,0.0000,0.6419,1,0,0,0,0,3.2100
84.3595,178.9795,0.0864,102.9894,0.0001,0.0002,0.0000,0.0001,0.0000,272.0850,0.0064,-0.0714,-0.1124,0.3509,0.0000,0.0000,0.0000,0.0000,0.6419,1,0,0,0,0,3.2100
84.4109,178.9795,0.0864,102.9894,0.0001,0.0002,0.0000,0.0001,0.0000,272.0854,0.0065,-0.0714,-0.1124,0.3509,0.0000,0.0000,0.0000,0.0000,0.6419,1,0,0,0,0,3.2100
84.4855,178.9795,0.0864,102.9894,0.0001,0.0002,0.0000,0.0001,0.0000,272.0858,0.0061,-0.0714,-0.1124,0.3509,0.0000,0.0000,0.0000,0.0000,0.6419,1,0,0,0,0,3.2100
84.5367,178.9795,0.0864,102.9894,0.0001,0.0002,0.0000,0.0001,0.0000,272.0861,0.0054,-0.0714,-0.1124,0.3509,0.0000,0.0000,0.0000,0.0000,0.6419,1,0,0,0,0,3.2099
84.5903,178.9795,0.0864,102.9894,0.0001,0.0002,0.0000,0.0001,0.0000,272.0864,0.0063,-0.0714,-0.1124,0.3509,0.0000,0.0000,0.0000,0.0000,0.6419,1,0,0,0,0,3.2100
84.6443,178.9795,0.0864,102.9894,0.0001,0.0002,0.0000,0.0001,0.0000,272.0867,0.0057,-0.0714,-0.1124,0.3509,0.0000,0.0000,0.0000,0.0000,0.6419,1,0,0,0,0,3.2099
84.7007,178.9795,0.0864,102.9894,0.0001,0.0002,0.0000,0.0001,0.0000,272.0870,0.0054,-0.0714,-0.1124,0.3509,0.0000,0.0000,0.0000,0.0000,0.6419,1,0,0,0,0,3.2099
84.7525,178.9795,0.0864,102.9894,0.0001,0.0002,0.0000,0.0001,0.0000,272.0873,0.0059,-0.0714,-0.1124,0.3509,0.0000,0.0000,0.0000,0.0000,0.6419,1,0,0,0,0,3.2100
84.8037,178.9795,0.0864,102.9894,0.0001,0.0002,0.0000,0.0001,0.0000,272.0876,0.0048,-0.0714,-0.1124,0.3509,0.0000,0.0000,0.0000,0.0000,0.6419,1,0,0,0,0,3.2099
84.8676,178.9795,0.0864,102.9894,0.0001,0.0002,0.0000,0.0001,0.0000,272.0880,0.0072,-0.0714,-0.1124,0.3509,0.0000,0.0000,0.0000,0.0000,0.6419,1,0,0,0,0,3.2100
84.9224,178.9795,0.0864,102.9893,0.0001,0.0002,0.0000,0.0001,0.0000,272.0884,0.0072,-0.0714,-0.1124,0.3509,0.0000,0.0000,0.0000,0.0000,0.6419,1,0,0,0,0,3.2100
84.9730,178.9795,0.0864,102.9894,0.0001,0.0002,0.0000,0.0001,0.0000,272.0887,0.0060,-0.0714,-0.1124,0.3509,0.0000,0.0000,0.0000,0.0000,0.6419,1,0,0,0,0,3.2100
85.0304,178.9795,0.0864,102.9893,0.0001,0.0002,0.0000,0.0001,0.0000,272.0891,0.0053,-0.0714,-0.1124,0.3509,0.0000,0.0000,0.0000,0.0000,0.6419,1,0,0,0,0,3.2099
85.0837,178.9795,0.0864,102.9894,0.0001,0.0002,0.0000,0.0001,0.0000,272.0894,0.0057,-0.0714,-0.1124,0.3509,0.0000,0.0000,0.0000,0.0000,0.6419,1,0,0,0,0,3.2100
85.1344,178.9795,0.0864,102.9894,0.0001,0.0002,0.0000,0.0001,0.0000,272.0896,0.0042,-0.0714,-0.1124,0.3509,0.0000,0.0000,0.0000,0.0000,0.6419,1,0,0,0,0,3.2099
85.1859,178.9795,0.0864,102.9893,0.0001,0.0002,0.0000,0.0001,0.0000,272.0898,0.0041,-0.0714,-0.1124,0.3509,0.0000,0.0000,0.0000,0.0000,0.6419,1,0,0,0,0,3.2099
85.2387,178.9795,0.0864,102.9893,0.0001,0.0002,0.0000,0.0001,0.0000,272.0901,0.0058,-0.0714,-0.1124,0.3509,0.0000,0.0000,0.0000,0.0000,0.6419,1,0,0,0,0,3.2100
85.2895,178.9795,0.0864,102.9893,0.0001,0.0002,0.0000,0.0001,0.0000,272.0903,0.0048,-0.0714,-0.1124,0.3509,0.0000,0.0000,0.0000,0.0000,0.6419,1,0,0,0,0,3.2099
85.3406,178.9795,0.0864,102.9894,0.0001,0.0002,0.0000,0.0001,0.0000,272.0906,0.0060,-0.0714,-0.1124,0.3509,0.0000,0.0000,0.0000,0.0000,0.6419,1,0,0,0,0,3.2100
85.3979,178.9795,0.0864,102.9894,0.0001,0.0002,0.0000,0.0001,0.0000,272.0909,0.0053,-0.0714,-0.1124,0.3509,0.0000,0.0000,0.0000,0.0000,0.6419,1,0,0,0,0,3.2099
85.4591,178.9795,0.0864,102.9894,0.0001,0.0002,0.0000,0.0001,0.0000,272.0913,0.0060,-0.0714,-0.1124,0.3509,0.0000,0.0000,0.0000,0.0000,0.6419,1,0,0,0,0,3.2100
85.5166,178.9795,0.0864,102.9894,0.0001,0.0002,0.0000,0.0001,0.0000,272.0916,0.0053,-0.0714,-0.1124,0.3509,0.0000,0.0000,0.0000,0.0000,0.6419,1,0,0,0,0,3.2099
85.5697,178.9795,0.0864,102.9894,0.0001,0.0002,0.0000,0.0001,0.0000,272.0918,0.0040,-0.0714,-0.1124,0.3509,0.0000,0.0000,0.0000,0.0000,0.6419,1,0,0,0,0,3.2099
85.6270,178.9795,0.0864,102.9894,0.0001,0.0002,0.0000,0.0001,0.0000,272.0922,0.0059,-0.0714,-0.1124,0.3509,0.0000,0.0000,0.0000,0.0000,0.6419,1,0,0,0,0,3.2100
85.6778,178.9795,0.0864,102.9894,0.0001,0.0002,0.0000,0.0001,0.0000,272.0924,0.0048,-0.0714,-0.1124,0.3509,0.0000,0.0000,0.0000,0.0000,0.6419,1,0,0,0,0,3.2099
85.7375,178.9795,0.0864,102.9894,0.0001,0.0002,0.0000,0.0001,0.0000,272.0928,0.0061,-0.0714,-0.1124,0.3509,0.0000,0.0000,0.0000,0.0000,0.6419,1,0,0,0,0,3.2100
85.7985,178.9795,0.0864,102.9894,0.0001,0.0002,0.0000,0.0001,0.0000,272.0930,0.0035,-0.0714,-0.1124,0.3509,0.0000,0.0000,0.0000,0.0000,0.6419,1,0,0,0,0,3.2098
85.8495,178.9795,0.0864,102.9894,0.0001,0.0002,0.0000,0.0001,0.0000,272.0933,0.0054,-0.0714,-0.1124,0.3509,0.0000,0.0000,0.0000,0.0000,0.6419,1,0,0,0,0,3.2099
85.9112,178.9795,0.0864,102.9894,0.0001,0.0002,0.0000,0.0001,0.0000,272.0936,0.0049,-0.0714,-0.1124,0.3509,0.0000,0.0000,0.0000,0.0000,0.6419,1,0,0,0,0,3.2099
85.9628,178.9795,0.0864,102.9894,0.0001,0.0002,0.0000,0.0001,0.0000,272.0939,0.0065,-0.0714,-0.1124,0.3509,0.0000,0.0000,0.0000,0.0000,0.6419,1,0,0,0,0,3.2100
86.0271,178.9795,0.0864,102.9894,0.0001,0.0002,0.0000,0.0001,0.0000,272.0943,0.0062,-0.0714,-0.1124,0.3509,0.0000,0.0000,0.0000,0.0000,0.6419,1,0,0,0,0,3.2100
86.0845,178.9795,0.0864,102.9894,0.0001,0.0002,0.0000,0.0001,0.0000,272.0946,0.0053,-0.0714,-0.1124,0.3509,0.0000,0.0000,0.0000,0.0000,0.6419,1,0,0,0,0,3.2099
86.1347,178.9795,0.0864,102.9894,0.0001,0.0002,0.0000,0.0001,0.0000,272.0948,0.0049,-0.0714,-0.1124,0.3509,0.0000,0.0000,0.0000,0.0000,0.6419,1,0,0,0,0,3.2099
86.1909,178.9795,0.0864,102.9894,0.0001,0.0002,0.0000,0.0001,0.0000,272.0952,0.0054,-0.0714,-0.1124,0.3509,0.0000,0.0000,0.0000,0.0000,0.6419,1,0,0,0,0,3.2099
86.2413,178.9795,0.0864,102.9894,0.0001,0.0002,0.0000,0.0001,0.0000,272.0955,0.0061,-0.0714,-0.1124,0.3509,0.0000,0.0000,0.0000,0.0000,0.6419,1,0,0,0,0,3.2100
86.2941,178.9795,0.0864,102.9894,0.0001,0.0002,0.0000,0.0001,0.0000,272.0958,0.0069,-0.0714,-0.1124,0.3509,0.0000,0.0000,0.0000,0.0000,0.6419,1,0,0,0,0,3.2100
86.3469,178.9795,0.0864,102.9894,0.0001,0.0002,0.0000,0.0001,0.0000,272.0963,0.0081,-0.0714,-0.1124,0.3509,0.0000,0.0000,0.0000,0.0000,0.6419,1,0,0,0,0,3.2101
86.4027,178.9795,0.0864,102.9893,0.0001,0.0002,0.0000,0.0001,0.0000,272.0966,0.0055,-0.0714,-0.1124,0.3509,0.0000,0.0000,0.0000,0.0000,0.6419,1,0,0,0,0,3.2099
86.4568,178.9795,0.0864,102.9894,0.0001,0.0002,0.0000,0.0001,0.0000,272.0968,0.0045,-0.0714,-0.1124,0.3509,0.0000,0.0000,0.0000,0.0000,0.6419,1,0,0,0,0,3.2099
86.5081,178.9795,0.0864,102.9894,0.0001,0.0002,0.0000,0.0001,0.0000,272.0971,0.0059,-0.0714,-0.1124,0.3509,0.0000,0.0000,0.0000,0.0000,0.6419,1,0,0,0,0,3.2100
86.5607,178.9795,0.0864,102.9894,0.0001,0.0002,0.0000,0.0001,0.0000,272.0974,0.0058,-0.0714,-0.1124,0.3509,0.0000,0.0000,0.0000,0.0000,0.6419,1,0,0,0,0,3.2100
86.6200,178.9795,0.0864,102.9894,0.0001,0.0002,0.0000,0.0001,0.0000,272.0977,0.0051,-0.0714,-0.1124,0.3509,0.0000,0.0000,0.0000,0.0000,0.6419,1,0,0,0,0,3.2099
86.6712,178.9795,0.0864,102.9894,0.0001,0.0002,0.0000,0.0001,0.0000,272.0980,0.0060,-0.0714,-0.1124,0.3509,0.0000,0.0000,0.0000,0.0000,0.6419,1,0,0,0,0,3.2100
86.7305,178.9795,0.0864,102.9894,0.0001,0.0002,0.0000,0.0001,0.0000,272.0983,0.0051,-0.0714,-0.1124,0.3509,0.0000,0.0000,0.0000,0.0000,0.6419,1,0,0,0,0,3.2099
86.7820,178.9795,0.0864,102.9894,0.0001,0.0002,0.0000,0.0001,0.0000,272.0987,0.0065,-0.0714,-0.1124,0.3509,0.0000,0.0000,0.0000,0.0000,0.6419,1,0,0,0,0,3.2100
86.8398,178.9795,0.0864,102.9894,0.0001,0.0002,0.0000,0.0001,0.0000,272.0990,0.0063,-0.0714,-0.1124,0.3509,0.0000,0.0000,0.0000,0.0000,0.6419,1,0,0,0,0,3.2100
86.8950,178.9795,0.0864,102.9894,0.0001,0.0002,0.0000,0.0001,0.0000,272.0994,0.0066,-0.0714,-0.1124,0.3509,0.0000,0.0000,0.0000,0.0000,0.6419,1,0,0,0,0,3.2100
86.9556,178.9795,0.0864,102.9894,0.0001,0.0002,0.0000,0.0001,0.0000,272.0997,0.0055,-0.0714,-0.1124,0.3509,0.0000,0.0000,0.0000,0.0000,0.6419,1,0,0,0,0,3.2099
87.0122,178.9795,0.0864,102.9894,0.0001,0.0002,0.0000,0.0001,0.0000,272.1000,0.0054,-0.0714,-0.1124,0.3509,0.0000,0.0000,0.0000,0.0000,0.6419,1,0,0,0,0,3.2099
87.0704,178.9795,0.0864,102.9894,0.0001,0.0002,0.0000,0.0001,0.0000,272.1003,0.0042,-0.0714,-0.1124,0.3509,0.0000,0.0000,0.0000,0.0000,0.6419,1,0,0,0,0,3.2099
87.1265,178.9795,0.0864,102.9893,0.0001,0.0002,0.0000,0.0001,0.0000,272.1005,0.0033,-0.0714,-0.1124,0.3509,0.0000,0.0000,0.0000,0.0000,0.6419,1,0,0,0,0,3.2098
87.1884,178.9795,0.0864,102.9893,0.0001,0.0002,0.0000,0.0001,0.0000,272.1008,0.0049,-0.0714,-0.1124,0.3509,0.0000,0.0000,0.0000,0.0000,0.6419,1,0,0,0,0,3.2099
87.2463,178.9795,0.0864,102.9894,0.0001,0.0002,0.0000,0.0001,0.0000,272.1011,0.0063,-0.0714,-0.1124,0.3509,0.0000,0.0000,0.0000,0.0000,0.6419,1,0,0,0,0,3.2100
87.3020,178.9795,0.0864,102.9894,0.0001,0.0002,0.0000,0.0001,0.0000,272.1015,0.0060,-0.0714,-0.1124,0.3509,0.0000,0.0000,0.0000,0.0000,0.6419,1,0,0,0,0,3.2100
87.3574,178.9795,0.0864,102.9894,0.0001,0.0002,0.0000,0.0001,0.0000,272.1018,0.0061,-0.0714,-0.1124,0.3509,0.0000,0.0000,0.0000,0.0000,0.6419,1,0,0,0,0,3.2100
87.4140,178.9795,0.0864,102.9893,0.0001,0.0002,0.0000,0.0001,0.0000,272.1021,0.0054,-0.0714,-0.1124,0.3509,0.0000,0.0000,0.0000,0.0000,0.6419,1,0,0,0,0,3.2099
87.4651,178.9795,0.0864,102.9894,0.0001,0.0002,0.0000,0.0001,0.0000,272.1024,0.0048,-0.0714,-0.1124,0.3509,0.0000,0.0000,0.0000,0.0000,0.6419,1,0,0,0,0,3.2099
87.5167,178.9795,0.0864,102.9894,0.0001,0.0002,0.0000,0.0001,0.0000,272.1027,0.0059,-0.0714,-0.1124,0.3509,0.0000,0.0000,0.0000,0.0000,0.6419,1,0,0,0,0,3.2100
87.5803,178.9795,0.0864,102.9894,0.0001,0.0002,0.0000,0.0001,0.0000,272.1030,0.0058,-0.0714,-0.1124,0.3509,0.0000,0.0000,0.0000,0.0000,0.6419,1,0,0,0,0,3.2100
87.6337,178.9795,0.0864,102.9894,0.0001,0.0002,0.0000,0.0001,0.0000,272.1032,0.0034,-0.0714,-0.1124,0.3509,0.0000,0.0000,0.0000,0.0000,0.6419,1,0,0,0,0,3.2098
87.6906,178.9795,0.0864,102.9893,0.0001,0.0002,0.0000,0.0001,0.0000,272.1035,0.0054,-0.0714,-0.1124,0.3509,0.0000,0.0000,0.0000,0.0000,0.6419,1,0,0,0,0,3.2099
87.7514,178.9795,0.0864,102.9894,0.0001,0.0002,0.0000,0.0001,0.0000,272.1038,0.0040,-0.0714,-0.1124,0.3509,0.0000,0.0000,0.0000,0.0000,0.6419,1,0,0,0,0,3.2099
87.8023,178.9795,0.0864,102.9894,0.0001,0.0002,0.0000,0.0001,0.0000,272.1040,0.0048,-0.0714,-0.1124,0.3509,0.0000,0.0000,0.0000,0.0000,0.6419,1,0,0,0,0,3.2099
87.8531,178.9795,0.0864,102.9894,0.0001,0.0002,0.0000,0.0001,0.0000,272.1042,0.0048,-0.0714,-0.1124,0.3509,0.0000,0.0000,0.0000,0.0000,0.6419,1,0,0,0,0,3.2099
87.9128,178.9795,0.0864,102.9894,0.0001,0.0002,0.0000,0.0001,0.0000,272.1046,0.0061,-0.0714,-0.1124,0.3509,0.0000,0.0000,0.0000,0.0000,0.6419,1,0,0,0,0,3.2100
87.9632,178.9795,0.0864,102.9894,0.0001,0.0002,0.0000,0.0001,0.0000,272.1049,0.0048,-0.0714,-0.1124,0.3509,0.0000,0.0000,0.0000,0.0000,0.6419,1,0,0,0,0,3.2099
88.0239,178.9795,0.0864,102.9894,0.0001,0.0002,0.0000,0.0001,0.0000,272.1052,0.0060,-0.0714,-0.1124,0.3509,0.0000,0.0000,0.0000,0.0000,0.6419,1,0,0,0,0,3.2100
88.0757,178.9795,0.0864,102.9894,0.0001,0.0002,0.0000,0.0001,0.0000,272.1055,0.0047,-0.0714,-0.1124,0.3509,0.0000,0.0000,0.0000,0.0000,0.6419,1,0,0,0,0,3.2099
88.1314,178.9795,0.0864,102.9894,0.0001,0.0002,0.0000,0.0001,0.0000,272.1058,0.0055,-0.0714,-0.1124,0.3509,0.0000,0.0000,0.0000,0.0000,0.6419,1,0,0,0,0,3.2099
88.1873,178.9795,0.0864,102.9894,0.0001,0.0002,0.0000,0.0001,0.0000,272.1061,0.0055,-0.0714,-0.1124,0.3509,0.0000,0.0000,0.0000,0.0000,0.6419,1,0,0,0,0,3.2099
88.2398,178.9795,0.0864,102.9894,0.0001,0.0002,0.0000,0.0001,0.0000,272.1064,0.0064,-0.0714,-0.1124,0.3509,0.0000,0.0000,0.0000,0.0000,0.6419,1,0,0,0,0,3.2100
88.2916,178.9795,0.0864,102.9894,0.0001,0.0002,0.0000,0.0001,0.0000,272.1068,0.0065,-0.0714,-0.1124,0.3509,0.0000,0.0000,0.0000,0.0000,0.6419,1,0,0,0,0,3.2100
88.3433,178.9795,0.0864,102.9894,0.0001,0.0002,0.0000,0.0001,0.0000,272.1071,0.0065,-0.0714,-0.1124,0.3509,0.0000,0.0000,0.0000,0.0000,0.6419,1,0,0,0,0,3.2100
88.3946,178.9795,0.0864,102.9894,0.0001,0.0002,0.0000,0.0001,0.0000,272.1075,0.0077,-0.0714,-0.1124,0.3509,0.0000,0.0000,0.0000,0.0000,0.6419,1,0,0,0,0,3.2101
88.4451,178.9795,0.0864,102.9894,0.0001,0.0002,0.0000,0.0001,0.0000,272.1078,0.0060,-0.0714,-0.1124,0.3509,0.0000,0.0000,0.0000,0.0000,0.6419,1,0,0,0,0,3.2100
88.4966,178.9795,0.0864,102.9893,0.0001,0.0002,0.0000,0.0001,0.0000,272.1080,0.0047,-0.0714,-0.1124,0.3509,0.0000,0.0000,0.0000,0.0000,0.6419,1,0,0,0,0,3.2099
88.5561,178.9795,0.0864,102.9894,0.0001,0.0002,0.0000,0.0001,0.0000,272.1084,0.0062,-0.0714,-0.1124,0.3509,0.0000,0.0000,0.0000,0.0000,0.6419,1,0,0,0,0,3.2100
88.6121,178.9795,0.0864,102.9894,0.0001,0.0002,0.0000,0.0001,0.0000,272.1087,0.0054,-0.0714,-0.1124,0.3509,0.0000,0.0000,0.0000,0.0000,0.6419,1,0,0,0,0,3.2099
88.6625,178.9795,0.0864,102.9894,0.0001,0.0002,0.0000,0.0001,0.0000,272.1090,0.0055,-0.0714,-0.1124,0.3509,0.0000,0.0000,0.0000,0.0000,0.6419,1,0,0,0,0,3.2099
88.7126,178.9795,0.0864,102.9893,0.0001,0.0002,0.0000,0.0001,0.0000,272.1093,0.0067,-0.0714,-0.1124,0.3509,0.0000,0.0000,0.0000,0.0000,0.6419,1,0,0,0,0,3.2100
88.7631,178.9795,0.0864,102.9894,0.0001,0.0002,0.0000,0.0001,0.0000,272.1096,0.0060,-0.0714,-0.1124,0.3509,0.0000,0.0000,0.0000,0.0000,0.6419,1,0,0,0,0,3.2100
88.8229,178.9795,0.0864,102.9894,0.0001,0.0002,0.0000,0.0001,0.0000,272.1101,0.0082,-0.0714,-0.1124,0.3509,0.0000,0.0000,0.0000,0.0000,0.6419,1,0,0,0,0,3.2101
88.8800,178.9795,0.0864,102.9894,0.0001,0.0002,0.0000,0.0001,0.0000,272.1104,0.0053,-0.0714,-0.1124,0.3509,0.0000,0.0000,0.0000,0.0000,0.6419,1,0,0,0,0,3.2099
88.9329,178.9795,0.0864,102.9894,0.0001,0.0002,0.0000,0.0001,0.0000,272.1107,0.0046,-0.0714,-0.1124,0.3509,0.0000,0.0000,0.0000,0.0000,0.6419,1,0,0,0,0,3.2099
88.9941,178.9795,0.0864,102.9893,0.0001,0.0002,0.0000,0.0001,0.0000,272.1110,0.0050,-0.0714,-0.1124,0.3509,0.0000,0.0000,0.0000,0.0000,0.6419,1,0,0,0,0,3.2099
89.0455,178.9795,0.0864,102.9893,0.0001,0.0002,0.0000,0.0001,0.0000,272.1112,0.0053,-0.0714,-0.1124,0.3509,0.0000,0.0000,0.0000,0.0000,0.6419,1,0,0,0,0,3.2099
89.1011,178.9795,0.0864,102.9894,0.0001,0.0002,0.0000,0.0001,0.0000,272.1115,0.0049,-0.0714,-0.1124,0.3509,0.0000,0.0000,0.0000,0.0000,0.6419,1,0,0,0,0,3.2099
89.1587,178.9795,0.0864,102.9893,0.0001,0.0002,0.0000,0.0001,0.0000,272.1118,0.0053,-0.0714,-0.1124,0.3509,0.0000,0.0000,0.0000,0.0000,0.6419,1,0,0,0,0,3.2099
89.2092,178.9795,0.0864,102.9894,0.0001,0.0002,0.0000,0.0001,0.0000,272.1121,0.0048,-0.0714,-0.1124,0.3509,0.0000,0.0000,0.0000,0.0000,0.6419,1,0,0,0,0,3.2099
89.2642,178.9795,0.0864,102.9894,0.0001,0.0002,0.0000,0.0001,0.0000,272.1124,0.0055,-0.0714,-0.1124,0.3509,0.0000,0.0000,0.0000,0.0000,0.6419,1,0,0,0,0,3.2099
89.3251,178.9795,0.0864,102.9894,0.0001,0.0002,0.0000,0.0001,0.0000,272.1127,0.0060,-0.0714,-0.1124,0.3509,0.0000,0.0000,0.0000,0.0000,0.6419,1,0,0,0,0,3.2100
89.3854,178.9795,0.0864,102.9894,0.0001,0.0002,0.0000,0.0001,0.0000,272.1131,0.0061,-0.0714,-0.1124,0.3509,0.0000,0.0000,0.0000,0.0000,0.6419,1,0,0,0,0,3.2100
89.4423,178.9795,0.0864,102.9894,0.0001,0.0002,0.0000,0.0001,0.0000,272.1134,0.0054,-0.0714,-0.1124,0.3509,0.0000,0.0000,0.0000,0.0000,0.6419,1,0,0,0,0,3.2099
89.4977,178.9795,0.0864,102.9894,0.0001,0.0002,0.0000,0.0001,0.0000,272.1137,0.0055,-0.0714,-0.1124,0.3509,0.0000,0.0000,0.0000,0.0000,0.6419,1,0,0,0,0,3.2099
89.5559,178.9795,0.0864,102.9894,0.0001,0.0002,0.0000,0.0001,0.0000,272.1141,0.0063,-0.0714,-0.1124,0.3509,0.0000,0.0000,0.0000,0.0000,0.6419,1,0,0,0,0,3.2100
89.6071,178.9795,0.0864,102.9893,0.0001,0.0002,0.0000,0.0001,0.0000,272.1143,0.0042,-0.0714,-0.1124,0.3509,0.0000,0.0000,0.0000,0.0000,0.6419,1,0,0,0,0,3.2099
89.6649,178.9795,0.0864,102.9894,0.0001,0.0002,0.0000,0.0001,0.0000,272.1145,0.0042,-0.0714,-0.1124,0.3509,0.0000,0.0000,0.0000,0.0000,0.6419,1,0,0,0,0,3.2099
89.7233,178.9795,0.0864,102.9894,0.0001,0.0002,0.0000,0.0001,0.0000,272.1149,0.0063,-0.0714,-0.1124,0.3509,0.0000,0.0000,0.0000,0.0000,0.6419,1,0,0,0,0,3.2100
89.7796,178.9795,0.0864,102.9894,0.0001,0.0002,0.0000,0.0001,0.0000,272.1152,0.0060,-0.0714,-0.1124,0.3509,0.0000,0.0000,0.0000,0.0000,0.6419,1,0,0,0,0,3.2100
89.8325,178.9795,0.0864,102.9893,0.0001,0.0002,0.0000,0.0001,0.0000,272.1155,0.0058,-0.0714,-0.1124,0.3509,0.0000,0.0000,0.0000,0.0000,0.6419,1,0,0,0,0,3.2100
89.8865,178.9795,0.0864,102.9894,0.0001,0.0002,0.0000,0.0001,0.0000,272.1158,0.0045,-0.0714,-0.1124,0.3509,0.0000,0.0000,0.0000,0.0000,0.6419,1,0,0,0,0,3.2099
89.9376,178.9795,0.0864,102.9894,0.0001,0.0002,0.0000,0.0001,0.0000,272.1161,0.0060,-0.0714,-0.1124,0.3509,0.0000,0.0000,0.0000,0.0000,0.6419,1,0,0,0,0,3.2100
89.9880,178.9795,0.0864,102.9894,0.0001,0.0002,0.0000,0.0001,0.0000,272.1164,0.0061,-0.0714,-0.1124,0.3509,0.0000,0.0000,0.0000,0.0000,0.6419,1,0,0,0,0,3.2100
90.0461,178.9795,0.0864,102.9894,0.0001,0.0002,0.0000,0.0001,0.0000,272.1167,0.0058,-0.0714,-0.1124,0.3509,0.0000,0.0000,0.0000,0.0000,0.6419,1,0,0,0,0,3.2100
90.1005,178.9795,0.0864,102.9894,0.0001,0.0002,0.0000,0.0001,0.0000,272.1171,0.0062,-0.0714,-0.1124,0.3509,0.0000,0.0000,0.0000,0.0000,0.6419,1,0,0,0,0,3.2100
90.1581,178.9795,0.0864,102.9894,0.0001,0.0002,0.0000,0.0001,0.0000,272.1174,0.0053,-0.0714,-0.1124,0.3509,0.0000,0.0000,0.0000,0.0000,0.6419,1,0,0,0,0,3.2099
90.2103,178.9795,0.0864,102.9894,0.0001,0.0002,0.0000,0.0001,0.0000,272.1177,0.0058,-0.0714,-0.1124,0.3509,0.0000,0.0000,0.0000,0.0000,0.6419,1,0,0,0,0,3.2100
90.2671,178.9795,0.0864,102.9894,0.0001,0.0002,0.0000,0.0001,0.0000,272.1180,0.0054,-0.0714,-0.1124,0.3509,0.0000,0.0000,0.0000,0.0000,0.6419,1,0,0,0,0,3.2099
90.3248,178.9795,0.0864,102.9894,0.0001,0.0002,0.0000,0.0001,0.0000,272.1184,0.0074,-0.0714,-0.1124,0.3509,0.0000,0.0000,0.0000,0.0000,0.6419,1,0,0,0,0,3.2100
90.3760,178.9795,0.0864,102.9894,0.0001,0.0002,0.0000,0.0001,0.0000,272.1187,0.0060,-0.0714,-0.1124,0.3509,0.0000,0.0000,0.0000,0.0000,0.6419,1,0,0,0,0,3.2100
90.4351,178.9795,0.0864,102.9894,0.0001,0.0002,0.0000,0.0001,0.0000,272.1191,0.0062,-0.0714,-0.1124,0.3509,0.0000,0.0000,0.0000,0.0000,0.6419,1,0,0,0,0,3.2100
90.4872,178.9795,0.0864,102.9893,0.0001,0.0002,0.0000,0.0001,0.0000,272.1194,0.0059,-0.0714,-0.1124,0.3509,0.0000,0.0000,0.0000,0.0000,0.6419,1,0,0,0,0,3.2100
90.5477,178.9795,0.0864,102.9894,0.0001,0.0002,0.0000,0.0001,0.0000,272.1197,0.0050,-0.0714,-0.1124,0.3509,0.0000,0.0000,0.0000,0.0000,0.6419,1,0,0,0,0,3.2099
90.5982,178.9795,0.0864,102.9894,0.0001,0.0002,0.0000,0.0001,0.0000,272.1200,0.0060,-0.0714,-0.1124,0.3509,0.0000,0.0000,0.0000,0.0000,0.6419,1,0,0,0,0,3.2100
90.6656,178.9795,0.0864,102.9894,0.0001,0.0002,0.0000,0.0001,0.0000,272.1205,0.0072,-0.0714,-0.1124,0.3509,0.0000,0.0000,0.0000,0.0000,0.6419,1,0,0,0,0,3.2100
90.7228,178.9795,0.0864,102.9893,0.0001,0.0002,0.0000,0.0001,0.0000,272.1208,0.0064,-0.0714,-0.1124,0.3509,0.0000,0.0000,0.0000,0.0000,0.6419,1,0,0,0,0,3.2100
90.7802,178.9795,0.0864,102.9893,0.0001,0.0002,0.0000,0.0001,0.0000,272.1212,0.0053,-0.0714,-0.1124,0.3509,0.0000,0.0000,0.0000,0.0000,0.6419,1,0,0,0,0,3.2099
90.8386,178.9795,0.0864,102.9894,0.0001,0.0002,0.0000,0.0001,0.0000,272.1215,0.0052,-0.0714,-0.1124,0.3509,0.0000,0.0000,0.0000,0.0000,0.6419,1,0,0,0,0,3.2099
90.8968,178.9795,0.0864,102.9894,0.0001,0.0002,0.0000,0.0001,0.0000,272.1217,0.0047,-0.0714,-0.1124,0.3509,0.0000,0.0000,0.0000,0.0000,0.6419,1,0,0,0,0,3.2099
90.9497,178.9795,0.0864,102.9894,0.0001,0.0002,0.0000,0.0001,0.0000,272.1220,0.0046,-0.0714,-0.1124,0.3509,0.0000,0.0000,0.0000,0.0000,0.6419,1,0,0,0,0,3.2099
91.0080,178.9795,0.0864,102.9894,0.0001,0.0002,0.0000,0.0001,0.0000,272.1222,0.0037,-0.0714,-0.1124,0.3509,0.0000,0.0000,0.0000,0.0000,0.6419,1,0,0,0,0,3.2098
91.0604,178.9795,0.0864,102.9894,0.0001,0.0002,0.0000,0.0001,0.0000,272.1224,0.0047,-0.0714,-0.1124,0.3509,0.0000,0.0000,0.0000,0.0000,0.6419,1,0,0,0,0,3.2099
91.1134,178.9795,0.0864,102.9894,0.0001,0.0002,0.0000,0.0001,0.0000,272.1227,0.0058,-0.0714,-0.1124,0.3509,0.0000,0.0000,0.0000,0.0000,0.6419,1,0,0,0,0,3.2100
91.1772,178.9795,0.0864,102.9894,0.0001,0.0002,0.0000,0.0001,0.0000,272.1231,0.0057,-0.0714,-0.1124,0.3509,0.0000,0.0000,0.0000,0.0000,0.6419,1,0,0,0,0,3.2100
91.2330,178.9795,0.0864,102.9893,0.0001,0.0002,0.0000,0.0001,0.0000,272.1234,0.0044,-0.0714,-0.1124,0.3509,0.0000,0.0000,0.0000,0.0000,0.6419,1,0,0,0,0,3.2099
91.2857,178.9795,0.0864,102.9894,0.0001,0.0002,0.0000,0.0001,0.0000,272.1236,0.0046,-0.0714,-0.1124,0.3509,0.0000,0.0000,0.0000,0.0000,0.6419,1,0,0,0,0,3.2099
91.3454,178.9795,0.0864,102.9894,0.0001,0.0002,0.0000,0.0001,0.0000,272.1240,0.0061,-0.0714,-0.1124,0.3509,0.0000,0.0000,0.0000,0.0000,0.6419,1,0,0,0,0,3.2100
91.4073,178.9795,0.0864,102.9894,0.0001,0.0002,0.0000,0.0001,0.0000,272.1243,0.0054,-0.0714,-0.1124,0.3509,0.0000,0.0000,0.0000,0.0000,0.6419,1,0,0,0,0,3.2099
91.4674,178.9795,0.0864,102.9894,0.0001,0.0002,0.0000,0.0001,0.0000,272.1247,0.0066,-0.0714,-0.1124,0.3509,0.0000,0.0000,0.0000,0.0000,0.6419,1,0,0,0,0,3.2100
91.5252,178.9795,0.0864,102.9894,0.0001,0.0002,0.0000,0.0001,0.0000,272.1250,0.0053,-0.0714,-0.1124,0.3509,0.0000,0.0000,0.0000,0.0000,0.6419,1,0,0,0,0,3.2099
91.5764,178.9795,0.0864,102.9894,0.0001,0.0002,0.0000,0.0001,0.0000,272.1253,0.0060,-0.0714,-0.1124,0.3509,0.0000,0.0000,0.0000,0.0000,0.6419,1,0,0,0,0,3.2100
91.6388,178.9795,0.0864,102.9894,0.0001,0.0002,0.0000,0.0001,0.0000,272.1256,0.0049,-0.0714,-0.1124,0.3509,0.0000,0.0000,0.0000,0.0000,0.6419,1,0,0,0,0,3.2099
91.6932,178.9795,0.0864,102.9893,0.0001,0.0002,0.0000,0.0001,0.0000,272.1259,0.0056,-0.0714,-0.1124,0.3509,0.0000,0.0000,0.0000,0.0000,0.6419,1,0,0,0,0,3.2099
91.7451,178.9795,0.0864,102.9894,0.0001,0.0002,0.0000,0.0001,0.0000,272.1263,0.0065,-0.0714,-0.1124,0.3509,0.0000,0.0000,0.0000,0.0000,0.6419,1,0,0,0,0,3.2100
91.8049,178.9795,0.0864,102.9894,0.0001,0.0002,0.0000,0.0001,0.0000,272.1266,0.0051,-0.0714,-0.1124,0.3509,0.0000,0.0000,0.0000,0.0000,0.6419,1,0,0,0,0,3.2099
91.8622,178.9795,0.0864,102.9894,0.0001,0.0002,0.0000,0.0001,0.0000,272.1269,0.0059,-0.0714,-0.1124,0.3509,0.0000,0.0000,0.0000,0.0000,0.6419,1,0,0,0,0,3.2100
91.9142,178.9795,0.0864,102.9894,0.0001,0.0002,0.0000,0.0001,0.0000,272.1272,0.0065,-0.0714,-0.1124,0.3509,0.0000,0.0000,0.0000,0.0000,0.6419,1,0,0,0,0,3.2100
91.9771,178.9795,0.0864,102.9894,0.0001,0.0002,0.0000,0.0001,0.0000,272.1276,0.0063,-0.0714,-0.1124,0.3509,0.0000,0.0000,0.0000,0.0000,0.6419,1,0,0,0,0,3.2100
92.0351,178.9795,0.0864,102.9894,0.0001,0.0002,0.0000,0.0001,0.0000,272.1279,0.0053,-0.0714,-0.1124,0.3509,0.0000,0.0000,0.0000,0.0000,0.6419,1,0,0,0,0,3.2099
92.0950,178.9795,0.0864,102.9894,0.0001,0.0002,0.0000,0.0001,0.0000,272.1282,0.0051,-0.0714,-0.1124,0.3509,0.0000,0.0000,0.0000,0.0000,0.6419,1,0,0,0,0,3.2099
92.1453,178.9795,0.0864,102.9894,0.0001,0.0002,0.0000,0.0001,0.0000,272.1285,0.0061,-0.0714,-0.1124,0.3509,0.0000,0.0000,0.0000,0.0000,0.6419,1,0,0,0,0,3.2100
92.2140,178.9795,0.0864,102.9894,0.0001,0.0002,0.0000,0.0001,0.0000,272.1289,0.0053,-0.0714,-0.1124,0.3509,0.0000,0.0000,0.0000,0.0000,0.6419,1,0,0,0,0,3.2099
92.2727,178.9795,0.0864,102.9894,0.0001,0.0002,0.0000,0.0001,0.0000,272.1293,0.0073,-0.0714,-0.1124,0.3509,0.0000,0.0000,0.0000,0.0000,0.6419,1,0,0,0,0,3.2100
92.3357,178.9795,0.0864,102.9894,0.0001,0.0002,0.0000,0.0001,0.0000,272.1298,0.0073,-0.0714,-0.1124,0.3509,0.0000,0.0000,0.0000,0.0000,0.6419,1,0,0,0,0,3.2100
92.3966,178.9795,0.0864,102.9894,0.0001,0.0002,0.0000,0.0001,0.0000,272.1302,0.0060,-0.0714,-0.1124,0.3509,0.0000,0.0000,0.0000,0.0000,0.6419,1,0,0,0,0,3.2100
92.4549,178.9795,0.0864,102.9894,0.0001,0.0002,0.0000,0.0001,0.0000,272.1305,0.0058,-0.0714,-0.1124,0.3509,0.0000,0.0000,0.0000,0.0000,0.6419,1,0,0,0,0,3.2100
92.5172,178.9795,0.0864,102.9894,0.0001,0.0002,0.0000,0.0001,0.0000,272.1308,0.0054,-0.0714,-0.1124,0.3509,0.0000,0.0000,0.0000,0.0000,0.6419,1,0,0,0,0,3.2099
92.5761,178.9795,0.0864,102.9894,0.0001,0.0002,0.0000,0.0001,0.0000,272.1313,0.0078,-0.0714,-0.1124,0.3509,0.0000,0.0000,0.0000,0.0000,0.6419,1,0,0,0,0,3.2101
92.6265,178.9795,0.0864,102.9894,0.0001,0.0002,0.0000,0.0001,0.0000,272.1316,0.0061,-0.0714,-0.1124,0.3509,0.0000,0.0000,0.0000,0.0000,0.6419,1,0,0,0,0,3.2100
92.6849,178.9795,0.0864,102.9894,0.0001,0.0002,0.0000,0.0001,0.0000,272.1319,0.0052,-0.0714,-0.1124,0.3509,0.0000,0.0000,0.0000,0.0000,0.6419,1,0,0,0,0,3.2099
92.7407,178.9795,0.0864,102.9894,0.0001,0.0002,0.0000,0.0001,0.0000,272.1323,0.0066,-0.0714,-0.1124,0.3509,0.0000,0.0000,0.0000,0.0000,0.6419,1,0,0,0,0,3.2100
92.7924,178.9795,0.0864,102.9894,0.0001,0.0002,0.0000,0.0001,0.0000,272.1325,0.0047,-0.0714,-0.1124,0.3509,0.0000,0.0000,0.0000,0.0000,0.6419,1,0,0,0,0,3.2099
92.8512,178.9795,0.0864,102.9894,0.0001,0.0002,0.0000,0.0001,0.0000,272.1328,0.0042,-0.0714,-0.1124,0.3509,0.0000,0.0000,0.0000,0.0000,0.6419,1,0,0,0,0,3.2099
92.9041,178.9795,0.0864,102.9894,0.0001,0.0002,0.0000,0.0001,0.0000,272.1330,0.0046,-0.0714,-0.1124,0.3509,0.0000,0.0000,0.0000,0.0000,0.6419,1,0,0,0,0,3.2099
92.9612,178.9795,0.0864,102.9894,0.0001,0.0002,0.0000,0.0001,0.0000,272.1332,0.0037,-0.0714,-0.1124,0.3509,0.0000,0.0000,0.0000,0.0000,0.6419,1,0,0,0,0,3.2098
93.0202,178.9795,0.0864,102.9893,0.0001,0.0002,0.0000,0.0001,0.0000,272.1335,0.0057,-0.0714,-0.1124,0.3509,0.0000,0.0000,0.0000,0.0000,0.6419,1,0,0,0,0,3.2099
93.0740,178.9795,0.0864,102.9894,0.0001,0.0002,0.0000,0.0001,0.0000,272.1339,0.0057,-0.0714,-0.1124,0.3509,0.0000,0.0000,0.0000,0.0000,0.6419,1,0,0,0,0,3.2099
93.1251,178.9795,0.0864,102.9893,0.0001,0.0002,0.0000,0.0001,0.0000,272.1341,0.0048,-0.0714,-0.1124,0.3509,0.0000,0.0000,0.0000,0.0000,0.6419,1,0,0,0,0,3.2099
93.1756,178.9795,0.0864,102.9894,0.0001,0.0002,0.0000,0.0001,0.0000,272.1343,0.0048,-0.0714,-0.1124,0.3509,0.0000,0.0000,0.0000,0.0000,0.6419,1,0,0,0,0,3.2099
93.2444,178.9795,0.0864,102.9894,0.0001,0.0002,0.0000,0.0001,0.0000,272.1346,0.0044,-0.0714,-0.1124,0.3509,0.0000,0.0000,0.0000,0.0000,0.6419,1,0,0,0,0,3.2099
93.3034,178.9795,0.0864,102.9894,0.0001,0.0002,0.0000,0.0001,0.0000,272.1349,0.0052,-0.0714,-0.1124,0.3509,0.0000,0.0000,0.0000,0.0000,0.6419,1,0,0,0,0,3.2099
93.3668,178.9795,0.0864,102.9894,0.0001,0.0002,0.0000,0.0001,0.0000,272.1353,0.0058,-0.0714,-0.1124,0.3509,0.0000,0.0000,0.0000,0.0000,0.6419,1,0,0,0,0,3.2100
93.4211,178.9795,0.0864,102.9894,0.0001,0.0002,0.0000,0.0001,0.0000,272.1356,0.0056,-0.0714,-0.1124,0.3509,0.0000,0.0000,0.0000,0.0000,0.6419,1,0,0,0,0,3.2099
93.4744,178.9795,0.0864,102.9894,0.0001,0.0002,0.0000,0.0001,0.0000,272.1359,0.0057,-0.0714,-0.1124,0.3509,0.0000,0.0000,0.0000,0.0000,0.6419,1,0,0,0,0,3.2100
93.5254,178.9795,0.0864,102.9894,0.0001,0.0002,0.0000,0.0001,0.0000,272.1362,0.0048,-0.0714,-0.1124,0.3509,0.0000,0.0000,0.0000,0.0000,0.6419,1,0,0,0,0,3.2099
93.5774,178.9795,0.0864,102.9893,0.0001,0.0002,0.0000,0.0001,0.0000,272.1365,0.0059,-0.0714,-0.1124,0.3509,0.0000,0.0000,0.0000,0.0000,0.6419,1,0,0,0,0,3.2100
93.6374,178.9795,0.0864,102.9893,0.0001,0.0002,0.0000,0.0001,0.0000,272.1368,0.0061,-0.0714,-0.1124,0.3509,0.0000,0.0000,0.0000,0.0000,0.6419,1,0,0,0,0,3.2100
93.6955,178.9795,0.0864,102.9893,0.0001,0.0002,0.0000,0.0001,0.0000,272.1372,0.0063,-0.0714,-0.1124,0.3509,0.0000,0.0000,0.0000,0.0000,0.6419,1,0,0,0,0,3.2100
93.7627,178.9795,0.0864,102.9894,0.0001,0.0002,0.0000,0.0001,0.0000,272.1376,0.0054,-0.0714,-0.1124,0.3509,0.0000,0.0000,0.0000,0.0000,0.6419,1,0,0,0,0,3.2099
93.8132,178.9795,0.0864,102.9893,0.0001,0.0002,0.0000,0.0001,0.0000,272.1378,0.0048,-0.0714,-0.1124,0.3509,0.0000,0.0000,0.0000,0.0000,0.6419,1,0,0,0,0,3.2099
93.8694,178.9795,0.0864,102.9894,0.0001,0.0002,0.0000,0.0001,0.0000,272.1381,0.0054,-0.0714,-0.1124,0.3509,0.0000,0.0000,0.0000,0.0000,0.6419,1,0,0,0,0,3.2099
93.9224,178.9795,0.0864,102.9894,0.0001,0.0002,0.0000,0.0001,0.0000,272.1384,0.0058,-0.0714,-0.1124,0.3509,0.0000,0.0000,0.0000,0.0000,0.6419,1,0,0,0,0,3.2100
93.9760,178.9795,0.0864,102.9894,0.0001,0.0002,0.0000,0.0001,0.0000,272.1388,0.0063,-0.0714,-0.1124,0.3509,0.0000,0.0000,0.0000,0.0000,0.6419,1,0,0,0,0,3.2100
94.0310,178.9795,0.0864,102.9894,0.0001,0.0002,0.0000,0.0001,0.0000,272.1391,0.0061,-0.0714,-0.1124,0.3509,0.0000,0.0000,0.0000,0.0000,0.6419,1,0,0,0,0,3.2100
94.0813,178.9795,0.0864,102.9894,0.0001,0.0002,0.0000,0.0001,0.0000,272.1393,0.0049,-0.0714,-0.1124,0.3509,0.0000,0.0000,0.0000,0.0000,0.6419,1,0,0,0,0,3.2099
94.1344,178.9795,0.0864,102.9894,0.0001,0.0002,0.0000,0.0001,0.0000,272.1396,0.0057,-0.0714,-0.1124,0.3509,0.0000,0.0000,0.0000,0.0000,0.6419,1,0,0,0,0,3.2100
94.1936,178.9795,0.0864,102.9894,0.0001,0.0002,0.0000,0.0001,0.0000,272.1400,0.0052,-0.0714,-0.1124,0.3509,0.0000,0.0000,0.0000,0.0000,0.6419,1,0,0,0,0,3.2099
94.2439,178.9795,0.0864,102.9894,0.0001,0.0002,0.0000,0.0001,0.0000,272.1403,0.0073,-0.0714,-0.1124,0.3509,0.0000,0.0000,0.0000,0.0000,0.6419,1,0,0,0,0,3.2100
94.3125,178.9795,0.0864,102.9894,0.0001,0.0002,0.0000,0.0001,0.0000,272.1408,0.0067,-0.0714,-0.1124,0.3509,0.0000,0.0000,0.0000,0.0000,0.6419,1,0,0,0,0,3.2100
94.3710,178.9795,0.0864,102.9894,0.0001,0.0002,0.0000,0.0001,0.0000,272.1411,0.0057,-0.0714,-0.1124,0.3509,0.0000,0.0000,0.0000,0.0000,0.6419,1,0,0,0,0,3.2100
94.4242,178.9795,0.0864,102.9894,0.0001,0.0002,0.0000,0.0001,0.0000,272.1414,0.0057,-0.0714,-0.1124,0.3509,0.0000,0.0000,0.0000,0.0000,0.6419,1,0,0,0,0,3.2100
94.4761,178.9795,0.0864,102.9893,0.0001,0.0002,0.0000,0.0001,0.0000,272.1418,0.0077,-0.0714,-0.1124,0.3509,0.0000,0.0000,0.0000,0.0000,0.6419,1,0,0,0,0,3.2101
94.5359,178.9795,0.0864,102.9893,0.0001,0.0002,0.0000,0.0001,0.0000,272.1422,0.0066,-0.0714,-0.1124,0.3509,0.0000,0.0000,0.0000,0.0000,0.6419,1,0,0,0,0,3.2100
94.5972,178.9795,0.0864,102.9894,0.0001,0.0002,0.0000,0.0001,0.0000,272.1426,0.0065,-0.0714,-0.1124,0.3509,0.0000,0.0000,0.0000,0.0000,0.6419,1,0,0,0,0,3.2100
94.6542,178.9795,0.0864,102.9894,0.0001,0.0002,0.0000,0.0001,0.0000,272.1429,0.0059,-0.0714,-0.1124,0.3509,0.0000,0.0000,0.0000,0.0000,0.6419,1,0,0,0,0,3.2100
94.7143,178.9795,0.0864,102.9894,0.0001,0.0002,0.0000,0.0001,0.0000,272.1432,0.0051,-0.0714,-0.1124,0.3509,0.0000,0.0000,0.0000,0.0000,0.6419,1,0,0,0,0,3.2099
94.7895,178.9795,0.0864,102.9894,0.0001,0.0002,0.0000,0.0001,0.0000,272.1436,0.0045,-0.0714,-0.1124,0.3509,0.0000,0.0000,0.0000,0.0000,0.6419,1,0,0,0,0,3.2099
94.8494,178.9795,0.0864,102.9894,0.0001,0.0002,0.0000,0.0001,0.0000,272.1438,0.0041,-0.0714,-0.1124,0.3509,0.0000,0.0000,0.0000,0.0000,0.6419,1,0,0,0,0,3.2099
94.9110,178.9795,0.0864,102.9894,0.0001,0.0002,0.0000,0.0001,0.0000,272.1441,0.0045,-0.0714,-0.1124,0.3509,0.0000,0.0000,0.0000,0.0000,0.6419,1,0,0,0,0,3.2099
94.9674,178.9795,0.0864,102.9893,0.0001,0.0002,0.0000,0.0001,0.0000,272.1443,0.0043,-0.0714,-0.1124,0.3509,0.0000,0.0000,0.0000,0.0000,0.6419,1,0,0,0,0,3.2099
95.0181,178.9795,0.0864,102.9894,0.0001,0.0002,0.0000,0.0001,0.0000,272.1446,0.0042,-0.0714,-0.1124,0.3509,0.0000,0.0000,0.0000,0.0000,0.6419,1,0,0,0,0,3.2099
95.0753,178.9795,0.0864,102.9893,0.0001,0.0002,0.0000,0.0001,0.0000,272.1448,0.0043,-0.0714,-0.1124,0.3509,0.0000,0.0000,0.0000,0.0000,0.6419,1,0,0,0,0,3.2099
95.1393,178.9795,0.0864,102.9894,0.0001,0.0002,0.0000,0.0001,0.0000,272.1451,0.0043,-0.0714,-0.1124,0.3509,0.0000,0.0000,0.0000,0.0000,0.6419,1,0,0,0,0,3.2099
95.1963,178.9795,0.0864,102.9894,0.0001,0.0002,0.0000,0.0001,0.0000,272.1453,0.0043,-0.0714,-0.1124,0.3509,0.0000,0.0000,0.0000,0.0000,0.6419,1,0,0,0,0,3.2099
95.2530,178.9795,0.0864,102.9894,0.0001,0.0002,0.0000,0.0001,0.0000,272.1456,0.0048,-0.0714,-0.1124,0.3509,0.0000,0.0000,0.0000,0.0000,0.6419,1,0,0,0,0,3.2099
95.3070,178.9795,0.0864,102.9894,0.0001,0.0002,0.0000,0.0001,0.0000,272.1459,0.0062,-0.0714,-0.1124,0.3509,0.0000,0.0000,0.0000,0.0000,0.6419,1,0,0,0,0,3.2100
95.3735,178.9795,0.0864,102.9894,0.0001,0.0002,0.0000,0.0001,0.0000,272.1463,0.0055,-0.0714,-0.1124,0.3509,0.0000,0.0000,0.0000,0.0000,0.6419,1,0,0,0,0,3.2099
95.4295,178.9795,0.0864,102.9894,0.0001,0.0002,0.0000,0.0001,0.0000,272.1466,0.0054,-0.0714,-0.1124,0.3509,0.0000,0.0000,0.0000,0.0000,0.6419,1,0,0,0,0,3.2099
95.4885,178.9795,0.0864,102.9894,0.0001,0.0002,0.0000,0.0001,0.0000,272.1469,0.0052,-0.0714,-0.1124,0.3509,0.0000,0.0000,0.0000,0.0000,0.6419,1,0,0,0,0,3.2099
95.5429,178.9795,0.0864,102.9893,0.0001,0.0002,0.0000,0.0001,0.0000,272.1473,0.0078,-0.0714,-0.1124,0.3509,0.0000,0.0000,0.0000,0.0000,0.6419,1,0,0,0,0,3.2101
95.6008,178.9795,0.0864,102.9894,0.0001,0.0002,0.0000,0.0001,0.0000,272.1477,0.0058,-0.0714,-0.1124,0.3509,0.0000,0.0000,0.0000,0.0000,0.6419,1,0,0,0,0,3.2100
95.6525,178.9795,0.0864,102.9894,0.0001,0.0002,0.0000,0.0001,0.0000,272.1480,0.0065,-0.0714,-0.1124,0.3509,0.0000,0.0000,0.0000,0.0000,0.6419,1,0,0,0,0,3.2100
95.7138,178.9795,0.0864,102.9894,0.0001,0.0002,0.0000,0.0001,0.0000,272.1483,0.0050,-0.0714,-0.1124,0.3509,0.0000,0.0000,0.0000,0.0000,0.6419,1,0,0,0,0,3.2099
95.7739,178.9795,0.0864,102.9894,0.0001,0.0002,0.0000,0.0001,0.0000,272.1487,0.0061,-0.0714,-0.1124,0.3509,0.0000,0.0000,0.0000,0.0000,0.6419,1,0,0,0,0,3.2100
95.8245,178.9795,0.0864,102.9894,0.0001,0.0002,0.0000,0.0001,0.0000,272.1489,0.0048,-0.0714,-0.1124,0.3509,0.0000,0.0000,0.0000,0.0000,0.6419,1,0,0,0,0,3.2099
95.8864,178.9795,0.0864,102.9894,0.0001,0.0002,0.0000,0.0001,0.0000,272.1493,0.0059,-0.0714,-0.1124,0.3509,0.0000,0.0000,0.0000,0.0000,0.6419,1,0,0,0,0,3.2100
95.9449,178.9795,0.0864,102.9894,0.0001,0.0002,0.0000,0.0001,0.0000,272.1496,0.0052,-0.0714,-0.1124,0.3509,0.0000,0.0000,0.0000,0.0000,0.6419,1,0,0,0,0,3.2099
95.9952,178.9795,0.0864,102.9894,0.0001,0.0002,0.0000,0.0001,0.0000,272.1499,0.0061,-0.0714,-0.1124,0.3509,0.0000,0.0000,0.0000,0.0000,0.6419,1,0,0,0,0,3.2100
96.0480,178.9795,0.0864,102.9894,0.0001,0.0002,0.0000,0.0001,0.0000,272.1501,0.0046,-0.0714,-0.1124,0.3509,0.0000,0.0000,0.0000,0.0000,0.6419,1,0,0,0,0,3.2099
96.1085,178.9795,0.0864,102.9894,0.0001,0.0002,0.0000,0.0001,0.0000,272.1505,0.0061,-0.0714,-0.1124,0.3509,0.0000,0.0000,0.0000,0.0000,0.6419,1,0,0,0,0,3.2100
96.1648,178.9795,0.0864,102.9894,0.0001,0.0002,0.0000,0.0001,0.0000,272.1508,0.0054,-0.0714,-0.1124,0.3509,0.0000,0.0000,0.0000,0.0000,0.6419,1,0,0,0,0,3.2099
96.2268,178.9795,0.0864,102.9894,0.0001,0.0002,0.0000,0.0001,0.0000,272.1512,0.0064,-0.0714,-0.1124,0.3509,0.0000,0.0000,0.0000,0.0000,0.6419,1,0,0,0,0,3.2100
96.2897,178.9795,0.0864,102.9894,0.0001,0.0002,0.0000,0.0001,0.0000,272.1516,0.0058,-0.0714,-0.1124,0.3509,0.0000,0.0000,0.0000,0.0000,0.6419,1,0,0,0,0,3.2100
96.3417,178.9795,0.0864,102.9894,0.0001,0.0002,0.0000,0.0001,0.0000,272.1520,0.0076,-0.0714,-0.1124,0.3509,0.0000,0.0000,0.0000,0.0000,0.6419,1,0,0,0,0,3.2101
96.3923,178.9795,0.0864,102.9894,0.0001,0.0002,0.0000,0.0001,0.0000,272.1522,0.0048,-0.0714,-0.1124,0.3509,0.0000,0.0000,0.0000,0.0000,0.6419,1,0,0,0,0,3.2099
96.4563,178.9795,0.0864,102.9894,0.0001,0.0002,0.0000,0.0001,0.0000,272.1526,0.0067,-0.0714,-0.1124,0.3509,0.0000,0.0000,0.0000,0.0000,0.6419,1,0,0,0,0,3.2100
96.5103,178.9795,0.0864,102.9894,0.0001,0.0002,0.0000,0.0001,0.0000,272.1531,0.0079,-0.0714,-0.1124,0.3509,0.0000,0.0000,0.0000,0.0000,0.6419,1,0,0,0,0,3.2101
96.5706,178.9795,0.0864,102.9894,0.0001,0.0002,0.0000,0.0001,0.0000,272.1534,0.0061,-0.0714,-0.1124,0.3509,0.0000,0.0000,0.0000,0.0000,0.6419,1,0,0,0,0,3.2100
96.6326,178.9795,0.0864,102.9894,0.0001,0.0002,0.0000,0.0001,0.0000,272.1538,0.0054,-0.0714,-0.1124,0.3509,0.0000,0.0000,0.0000,0.0000,0.6419,1,0,0,0,0,3.2099
96.6917,178.9795,0.0864,102.9894,0.0001,0.0002,0.0000,0.0001,0.0000,272.1540,0.0036,-0.0714,-0.1124,0.3509,0.0000,0.0000,0.0000,0.0000,0.6419,1,0,0,0,0,3.2098
96.7526,178.9795,0.0864,102.9894,0.0001,0.0002,0.0000,0.0001,0.0000,272.1543,0.0055,-0.0714,-0.1124,0.3509,0.0000,0.0000,0.0000,0.0000,0.6419,1,0,0,0,0,3.2099
96.8031,178.9795,0.0864,102.9894,0.0001,0.0002,0.0000,0.0001,0.0000,272.1546,0.0048,-0.0714,-0.1124,0.3509,0.0000,0.0000,0.0000,0.0000,0.6419,1,0,0,0,0,3.2099
96.8592,178.9795,0.0864,102.9893,0.0001,0.0002,0.0000,0.0001,0.0000,272.1548,0.0038,-0.0714,-0.1124,0.3509,0.0000,0.0000,0.0000,0.0000,0.6419,1,0,0,0,0,3.2098
96.9227,178.9795,0.0864,102.9893,0.0001,0.0002,0.0000,0.0001,0.0000,272.1550,0.0034,-0.0714,-0.1124,0.3509,0.0000,0.0000,0.0000,0.0000,0.6419,1,0,0,0,0,3.2098
96.9793,178.9795,0.0864,102.9894,0.0001,0.0002,0.0000,0.0001,0.0000,272.1552,0.0043,-0.0714,-0.1124,0.3509,0.0000,0.0000,0.0000,0.0000,0.6419,1,0,0,0,0,3.2099
97.0381,178.9795,0.0864,102.9893,0.0001,0.0002,0.0000,0.0001,0.0000,272.1555,0.0047,-0.0714,-0.1124,0.3509,0.0000,0.0000,0.0000,0.0000,0.6419,1,0,0,0,0,3.2099
97.0915,178.9795,0.0864,102.9894,0.0001,0.0002,0.0000,0.0001,0.0000,272.1557,0.0040,-0.0714,-0.1124,0.3509,0.0000,0.0000,0.0000,0.0000,0.6419,1,0,0,0,0,3.2099
97.1466,178.9795,0.0864,102.9894,0.0001,0.0002,0.0000,0.0001,0.0000,272.1560,0.0044,-0.0714,-0.1124,0.3509,0.0000,0.0000,0.0000,0.0000,0.6419,1,0,0,0,0,3.2099
97.1970,178.9795,0.0864,102.9894,0.0001,0.0002,0.0000,0.0001,0.0000,272.1562,0.0049,-0.0714,-0.1124,0.3509,0.0000,0.0000,0.0000,0.0000,0.6419,1,0,0,0,0,3.2099
97.2491,178.9795,0.0864,102.9893,0.0001,0.0002,0.0000,0.0001,0.0000,272.1565,0.0047,-0.0714,-0.1124,0.3509,0.0000,0.0000,0.0000,0.0000,0.6419,1,0,0,0,0,3.2099
97.3008,178.9795,0.0864,102.9894,0.0001,0.0002,0.0000,0.0001,0.0000,272.1566,0.0030,-0.0714,-0.1124,0.3509,0.0000,0.0000,0.0000,0.0000,0.6419,1,0,0,0,0,3.2098
97.3650,178.9795,0.0864,102.9894,0.0001,0.0002,0.0000,0.0001,0.0000,272.1569,0.0048,-0.0714,-0.1124,0.3509,0.0000,0.0000,0.0000,0.0000,0.6419,1,0,0,0,0,3.2099
97.4245,178.9795,0.0864,102.9894,0.0001,0.0002,0.0000,0.0001,0.0000,272.1572,0.0051,-0.0714,-0.1124,0.3509,0.0000,0.0000,0.0000,0.0000,0.6419,1,0,0,0,0,3.2099
97.4841,178.9795,0.0864,102.9894,0.0001,0.0002,0.0000,0.0001,0.0000,272.1576,0.0061,-0.0714,-0.1124,0.3509,0.0000,0.0000,0.0000,0.0000,0.6419,1,0,0,0,0,3.2100
97.5380,178.9795,0.0864,102.9894,0.0001,0.0002,0.0000,0.0001,0.0000,272.1580,0.0074,-0.0714,-0.1124,0.3509,0.0000,0.0000,0.0000,0.0000,0.6419,1,0,0,0,0,3.2100
97.5937,178.9795,0.0864,102.9894,0.0001,0.0002,0.0000,0.0001,0.0000,272.1584,0.0071,-0.0714,-0.1124,0.3509,0.0000,0.0000,0.0000,0.0000,0.6419,1,0,0,0,0,3.2100
97.6447,178.9795,0.0864,102.9894,0.0001,0.0002,0.0000,0.0001,0.0000,272.1587,0.0066,-0.0714,-0.1124,0.3509,0.0000,0.0000,0.0000,0.0000,0.6419,1,0,0,0,0,3.2100
97.6954,178.9795,0.0864,102.9894,0.0001,0.0002,0.0000,0.0001,0.0000,272.1591,0.0066,-0.0714,-0.1124,0.3509,0.0000,0.0000,0.0000,0.0000,0.6419,1,0,0,0,0,3.2100
97.7455,178.9795,0.0864,102.9894,0.0001,0.0002,0.0000,0.0001,0.0000,272.1593,0.0049,-0.0714,-0.1124,0.3509,0.0000,0.0000,0.0000,0.0000,0.6419,1,0,0,0,0,3.2099
97.8049,178.9795,0.0864,102.9894,0.0001,0.0002,0.0000,0.0001,0.0000,272.1597,0.0067,-0.0714,-0.1124,0.3509,0.0000,0.0000,0.0000,0.0000,0.6419,1,0,0,0,0,3.2100
97.8574,178.9795,0.0864,102.9894,0.0001,0.0002,0.0000,0.0001,0.0000,272.1599,0.0047,-0.0714,-0.1124,0.3509,0.0000,0.0000,0.0000,0.0000,0.6419,1,0,0,0,0,3.2099
97.9082,178.9795,0.0864,102.9894,0.0001,0.0002,0.0000,0.0001,0.0000,272.1603,0.0066,-0.0714,-0.1124,0.3509,0.0000,0.0000,0.0000,0.0000,0.6419,1,0,0,0,0,3.2100
97.9600,178.9795,0.0864,102.9894,0.0001,0.0002,0.0000,0.0001,0.0000,272.1606,0.0059,-0.0714,-0.1124,0.3509,0.0000,0.0000,0.0000,0.0000,0.6419,1,0,0,0,0,3.2100
98.0175,178.9795,0.0864,102.9893,0.0001,0.0002,0.0000,0.0001,0.0000,272.1609,0.0053,-0.0714,-0.1124,0.3509,0.0000,0.0000,0.0000,0.0000,0.6419,1,0,0,0,0,3.2099
98.0730,178.9795,0.0864,102.9894,0.0001,0.0002,0.0000,0.0001,0.0000,272.1612,0.0055,-0.0714,-0.1124,0.3509,0.0000,0.0000,0.0000,0.0000,0.6419,1,0,0,0,0,3.2099
98.1240,178.9795,0.0864,102.9894,0.0001,0.0002,0.0000,0.0001,0.0000,272.1615,0.0060,-0.0714,-0.1124,0.3509,0.0000,0.0000,0.0000,0.0000,0.6419,1,0,0,0,0,3.2100
98.1740,178.9795,0.0864,102.9894,0.0001,0.0002,0.0000,0.0001,0.0000,272.1617,0.0049,-0.0714,-0.1124,0.3509,0.0000,0.0000,0.0000,0.0000,0.6419,1,0,0,0,0,3.2099
98.2340,178.9795,0.0864,102.9894,0.0001,0.0002,0.0000,0.0001,0.0000,272.1620,0.0051,-0.0714,-0.1124,0.3509,0.0000,0.0000,0.0000,0.0000,0.6419,1,0,0,0,0,3.2099
98.2849,178.9795,0.0864,102.9894,0.0001,0.0002,0.0000,0.0001,0.0000,272.1624,0.0060,-0.0714,-0.1124,0.3509,0.0000,0.0000,0.0000,0.0000,0.6419,1,0,0,0,0,3.2100
98.3357,178.9795,0.0864,102.9894,0.0001,0.0002,0.0000,0.0001,0.0000,272.1627,0.0072,-0.0714,-0.1124,0.3509,0.0000,0.0000,0.0000,0.0000,0.6419,1,0,0,0,0,3.2100
98.4001,178.9795,0.0864,102.9894,0.0001,0.0002,0.0000,0.0001,0.0000,272.1631,0.0057,-0.0714,-0.1124,0.3509,0.0000,0.0000,0.0000,0.0000,0.6419,1,0,0,0,0,3.2099
98.4624,178.9795,0.0864,102.9894,0.0001,0.0002,0.0000,0.0001,0.0000,272.1636,0.0078,-0.0714,-0.1124,0.3509,0.0000,0.0000,0.0000,0.0000,0.6419,1,0,0,0,0,3.2101
98.5191,178.9795,0.0864,102.9894,0.0001,0.0002,0.0000,0.0001,0.0000,272.1639,0.0065,-0.0714,-0.1124,0.3509,0.0000,0.0000,0.0000,0.0000,0.6419,1,0,0,0,0,3.2100
98.5758,178.9795,0.0864,102.9894,0.0001,0.0002,0.0000,0.0001,0.0000,272.1642,0.0054,-0.0714,-0.1124,0.3509,0.0000,0.0000,0.0000,0.0000,0.6419,1,0,0,0,0,3.2099
98.6307,178.9795,0.0864,102.9894,0.0001,0.0002,0.0000,0.0001,0.0000,272.1646,0.0056,-0.0714,-0.1124,0.3509,0.0000,0.0000,0.0000,0.0000,0.6419,1,0,0,0,0,3.2099
98.6921,178.9795,0.0864,102.9893,0.0001,0.0002,0.0000,0.0001,0.0000,272.1649,0.0050,-0.0714,-0.1124,0.3509,0.0000,0.0000,0.0000,0.0000,0.6419,1,0,0,0,0,3.2099
98.7479,178.9795,0.0864,102.9894,0.0001,0.0002,0.0000,0.0001,0.0000,272.1651,0.0044,-0.0714,-0.1124,0.3509,0.0000,0.0000,0.0000,0.0000,0.6419,1,0,0,0,0,3.2099
98.8062,178.9795,0.0864,102.9893,0.0001,0.0002,0.0000,0.0001,0.0000,272.1653,0.0042,-0.0714,-0.1124,0.3509,0.0000,0.0000,0.0000,0.0000,0.6419,1,0,0,0,0,3.2099
98.8646,178.9795,0.0864,102.9894,0.0001,0.0002,0.0000,0.0001,0.0000,272.1656,0.0042,-0.0714,-0.1124,0.3509,0.0000,0.0000,0.0000,0.0000,0.6419,1,0,0,0,0,3.2099
98.9171,178.9795,0.0864,102.9893,0.0001,0.0002,0.0000,0.0001,0.0000,272.1658,0.0046,-0.0714,-0.1124,0.3509,0.0000,0.0000,0.0000,0.0000,0.6419,1,0,0,0,0,3.2099
98.9712,178.9795,0.0864,102.9894,0.0001,0.0002,0.0000,0.0001,0.0000,272.1661,0.0045,-0.0714,-0.1124,0.3509,0.0000,0.0000,0.0000,0.0000,0.6419,1,0,0,0,0,3.2099
99.0279,178.9795,0.0864,102.9894,0.0001,0.0002,0.0000,0.0001,0.0000,272.1663,0.0043,-0.0714,-0.1124,0.3509,0.0000,0.0000,0.0000,0.0000,0.6419,1,0,0,0,0,3.2099
99.0823,178.9795,0.0864,102.9893,0.0001,0.0002,0.0000,0.0001,0.0000,272.1665,0.0039,-0.0714,-0.1124,0.3509,0.0000,0.0000,0.0000,0.0000,0.6419,1,0,0,0,0,3.2099
99.1366,178.9795,0.0864,102.9894,0.0001,0.0002,0.0000,0.0001,0.0000,272.1668,0.0045,-0.0714,-0.1124,0.3509,0.0000,0.0000,0.0000,0.0000,0.6419,1,0,0,0,0,3.2099
99.1889,178.9795,0.0864,102.9894,0.0001,0.0002,0.0000,0.0001,0.0000,272.1670,0.0035,-0.0714,-0.1124,0.3509,0.0000,0.0000,0.0000,0.0000,0.6419,1,0,0,0,0,3.2098
99.2476,178.9795,0.0864,102.9894,0.0001,0.0002,0.0000,0.0001,0.0000,272.1672,0.0047,-0.0714,-0.1124,0.3509,0.0000,0.0000,0.0000,0.0000,0.6419,1,0,0,0,0,3.2099
99.3004,178.9795,0.0864,102.9894,0.0001,0.0002,0.0000,0.0001,0.0000,272.1674,0.0040,-0.0714,-0.1124,0.3509,0.0000,0.0000,0.0000,0.0000,0.6419,1,0,0,0,0,3.2099
99.3606,178.9795,0.0864,102.9894,0.0001,0.0002,0.0000,0.0001,0.0000,272.1677,0.0046,-0.0714,-0.1124,0.3509,0.0000,0.0000,0.0000,0.0000,0.6419,1,0,0,0,0,3.2099
99.4112,178.9795,0.0864,102.9894,0.0001,0.0002,0.0000,0.0001,0.0000,272.1679,0.0036,-0.0714,-0.1124,0.3509,0.0000,0.0000,0.0000,0.0000,0.6419,1,0,0,0,0,3.2098
99.4662,178.9795,0.0864,102.9894,0.0001,0.0002,0.0000,0.0001,0.0000,272.1682,0.0044,-0.0714,-0.1124,0.3509,0.0000,0.0000,0.0000,0.0000,0.6419,1,0,0,0,0,3.2099
99.5164,178.9795,0.0864,102.9894,0.0001,0.0002,0.0000,0.0001,0.0000,272.1685,0.0073,-0.0714,-0.1124,0.3509,0.0000,0.0000,0.0000,0.0000,0.6419,1,0,0,0,0,3.2100
99.5740,178.9795,0.0864,102.9894,0.0001,0.0002,0.0000,0.0001,0.0000,272.1689,0.0069,-0.0714,-0.1124,0.3509,0.0000,0.0000,0.0000,0.0000,0.6419,1,0,0,0,0,3.2100
99.6328,178.9795,0.0864,102.9894,0.0001,0.0002,0.0000,0.0001,0.0000,272.1693,0.0067,-0.0714,-0.1124,0.3509,0.0000,0.0000,0.0000,0.0000,0.6419,1,0,0,0,0,3.2100
99.6831,178.9795,0.0864,102.9893,0.0001,0.0002,0.0000,0.0001,0.0000,272.1697,0.0079,-0.0714,-0.1124,0.3509,0.0000,0.0000,0.0000,0.0000,0.6419,1,0,0,0,0,3.2101
99.7450,178.9795,0.0864,102.9894,0.0001,0.0002,0.0000,0.0001,0.0000,272.1701,0.0064,-0.0714,-0.1124,0.3509,0.0000,0.0000,0.0000,0.0000,0.6419,1,0,0,0,0,3.2100
99.7955,178.9795,0.0864,102.9894,0.0001,0.0002,0.0000,0.0001,0.0000,272.1703,0.0048,-0.0714,-0.1124,0.3509,0.0000,0.0000,0.0000,0.0000,0.6419,1,0,0,0,0,3.2099
99.8542,178.9795,0.0864,102.9894,0.0001,0.0002,0.0000,0.0001,0.0000,272.1707,0.0052,-0.0714,-0.1124,0.3509,0.0000,0.0000,0.0000,0.0000,0.6419,1,0,0,0,0,3.2099
99.9051,178.9795,0.0864,102.9893,0.0001,0.0002,0.0000,0.0001,0.0000,272.1710,0.0060,-0.0714,-0.1124,0.3509,0.0000,0.0000,0.0000,0.0000,0.6419,1,0,0,0,0,3.2100
99.9615,178.9795,0.0864,102.9894,0.0001,0.0002,0.0000,0.0001,0.0000,272.1713,0.0054,-0.0714,-0.1124,0.3509,0.0000,0.0000,0.0000,0.0000,0.6419,1,0,0,0,0,3.2099
100.0226,178.9795,0.0864,102.9894,0.0001,0.0002,0.0000,0.0001,0.0000,272.1716,0.0060,-0.0714,-0.1124,0.3509,0.0000,0.0000,0.0000,0.0000,0.6419,1,0,0,0,0,3.2100
100.0761,178.9795,0.0864,102.9893,0.0001,0.0002,0.0000,0.0001,0.0000,272.1719,0.0046,-0.0714,-0.1124,0.3509,0.0000,0.0000,0.0000,0.0000,0.6419,1,0,0,0,0,3.2099
100.1335,178.9795,0.0864,102.9894,0.0001,0.0002,0.0000,0.0001,0.0000,272.1723,0.0074,-0.0714,-0.1124,0.3509,0.0000,0.0000,0.0000,0.0000,0.6419,1,0,0,0,0,3.2100
100.1868,178.9795,0.0864,102.9893,0.0001,0.0002,0.0000,0.0001,0.0000,272.1725,0.0046,-0.0714,-0.1124,0.3509,0.0000,0.0000,0.0000,0.0000,0.6419,1,0,0,0,0,3.2099
100.2371,178.9795,0.0864,102.9894,0.0001,0.0002,0.0000,0.0001,0.0000,272.1729,0.0061,-0.0714,-0.1124,0.3509,0.0000,0.0000,0.0000,0.0000,0.6419,1,0,0,0,0,3.2100
100.2874,178.9795,0.0864,102.9894,0.0001,0.0002,0.0000,0.0001,0.0000,272.1731,0.0049,-0.0714,-0.1124,0.3509,0.0000,0.0000,0.0000,0.0000,0.6419,1,0,0,0,0,3.2099
100.3492,178.9795,0.0864,102.9894,0.0001,0.0002,0.0000,0.0001,0.0000,272.1735,0.0059,-0.0714,-0.1124,0.3509,0.0000,0.0000,0.0000,0.0000,0.6419,1,0,0,0,0,3.2100
100.4001,178.9795,0.0864,102.9894,0.0001,0.0002,0.0000,0.0001,0.0000,272.1738,0.0060,-0.0714,-0.1124,0.3509,0.0000,0.0000,0.0000,0.0000,0.6419,1,0,0,0,0,3.2100
100.4642,178.9795,0.0864,102.9894,0.0001,0.0002,0.0000,0.0001,0.0000,272.1743,0.0081,-0.0714,-0.1124,0.3509,0.0000,0.0000,0.0000,0.0000,0.6419,1,0,0,0,0,3.2101
100.5158,178.9795,0.0864,102.9894,0.0001,0.0002,0.0000,0.0001,0.0000,272.1747,0.0071,-0.0714,-0.1124,0.3509,0.0000,0.0000,0.0000,0.0000,0.6419,1,0,0,0,0,3.2100
100.5765,178.9795,0.0864,102.9894,0.0001,0.0002,0.0000,0.0001,0.0000,272.1750,0.0050,-0.0714,-0.1124,0.3509,0.0000,0.0000,0.0000,0.0000,0.6419,1,0,0,0,0,3.2099
100.6266,178.9795,0.0864,102.9894,0.0001,0.0002,0.0000,0.0001,0.0000,272.1753,0.0067,-0.0714,-0.1124,0.3509,0.0000,0.0000,0.0000,0.0000,0.6419,1,0,0,0,0,3.2100
100.6769,178.9795,0.0864,102.9894,0.0001,0.0002,0.0000,0.0001,0.0000,272.1756,0.0061,-0.0714,-0.1124,0.3509,0.0000,0.0000,0.0000,0.0000,0.6419,1,0,0,0,0,3.2100
100.7353,178.9795,0.0864,102.9894,0.0001,0.0002,0.0000,0.0001,0.0000,272.1759,0.0052,-0.0714,-0.1124,0.3509,0.0000,0.0000,0.0000,0.0000,0.6419,1,0,0,0,0,3.2099
100.7967,178.9795,0.0864,102.9893,0.0001,0.0002,0.0000,0.0001,0.0000,272.1762,0.0045,-0.0714,-0.1124,0.3509,0.0000,0.0000,0.0000,0.0000,0.6419,1,0,0,0,0,3.2099
100.8568,178.9795,0.0864,102.9893,0.0001,0.0002,0.0000,0.0001,0.0000,272.1765,0.0051,-0.0714,-0.1124,0.3509,0.0000,0.0000,0.0000,0.0000,0.6419,1,0,0,0,0,3.2099
100.9220,178.9795,0.0864,102.9894,0.0001,0.0002,0.0000,0.0001,0.0000,272.1768,0.0042,-0.0714,-0.1124,0.3509,0.0000,0.0000,0.0000,0.0000,0.6419,1,0,0,0,0,3.2099
100.9760,178.9795,0.0864,102.9894,0.0001,0.0002,0.0000,0.0001,0.0000,272.1769,0.0034,-0.0714,-0.1124,0.3509,0.0000,0.0000,0.0000,0.0000,0.6419,1,0,0,0,0,3.2098
101.0318,178.9795,0.0864,102.9894,0.0001,0.0002,0.0000,0.0001,0.0000,272.1772,0.0049,-0.0714,-0.1124,0.3509,0.0000,0.0000,0.0000,0.0000,0.6419,1,0,0,0,0,3.2099
101.0889,178.9795,0.0864,102.9893,0.0001,0.0002,0.0000,0.0001,0.0000,272.1775,0.0048,-0.0714,-0.1124,0.3509,0.0000,0.0000,0.0000,0.0000,0.6419,1,0,0,0,0,3.2099
101.1441,178.9795,0.0864,102.9893,0.0001,0.0002,0.0000,0.0001,0.0000,272.1777,0.0044,-0.0714,-0.1124,0.3509,0.0000,0.0000,0.0000,0.0000,0.6419,1,0,0,0,0,3.2099
101.2036,178.9795,0.0864,102.9894,0.0001,0.0002,0.0000,0.0001,0.0000,272.1779,0.0036,-0.0714,-0.1124,0.3509,0.0000,0.0000,0.0000,0.0000,0.6419,1,0,0,0,0,3.2098
101.2542,178.9795,0.0864,102.9894,0.0001,0.0002,0.0000,0.0001,0.0000,272.1782,0.0048,-0.0714,-0.1124,0.3509,0.0000,0.0000,0.0000,0.0000,0.6419,1,0,0,0,0,3.2099
101.3055,178.9795,0.0864,102.9894,0.0001,0.0002,0.0000,0.0001,0.0000,272.1784,0.0042,-0.0714,-0.1124,0.3509,0.0000,0.0000,0.0000,0.0000,0.6419,1,0,0,0,0,3.2099
101.3568,178.9795,0.0864,102.9894,0.0001,0.0002,0.0000,0.0001,0.0000,272.1786,0.0048,-0.0714,-0.1124,0.3509,0.0000,0.0000,0.0000,0.0000,0.6419,1,0,0,0,0,3.2099
101.4154,178.9795,0.0864,102.9894,0.0001,0.0002,0.0000,0.0001,0.0000,272.1790,0.0052,-0.0714,-0.1124,0.3509,0.0000,0.0000,0.0000,0.0000,0.6419,1,0,0,0,0,3.2099
101.4665,178.9795,0.0864,102.9894,0.0001,0.0002,0.0000,0.0001,0.0000,272.1792,0.0054,-0.0714,-0.1124,0.3509,0.0000,0.0000,0.0000,0.0000,0.6419,1,0,0,0,0,3.2099
101.5235,178.9795,0.0864,102.9894,0.0001,0.0002,0.0000,0.0001,0.0000,272.1797,0.0080,-0.0714,-0.1124,0.3509,0.0000,0.0000,0.0000,0.0000,0.6419,1,0,0,0,0,3.2101
101.5829,178.9795,0.0864,102.9894,0.0001,0.0002,0.0000,0.0001,0.0000,272.1801,0.0062,-0.0714,-0.1124,0.3509,0.0000,0.0000,0.0000,0.0000,0.6419,1,0,0,0,0,3.2100
101.6425,178.9795,0.0864,102.9894,0.0001,0.0002,0.0000,0.0001,0.0000,272.1805,0.0072,-0.0714,-0.1124,0.3509,0.0000,0.0000,0.0000,0.0000,0.6419,1,0,0,0,0,3.2100
101.6927,178.9795,0.0864,102.9894,0.0001,0.0002,0.0000,0.0001,0.0000,272.1808,0.0073,-0.0714,-0.1124,0.3509,0.0000,0.0000,0.0000,0.0000,0.6419,1,0,0,0,0,3.2100
101.7439,178.9795,0.0864,102.9894,0.0001,0.0002,0.0000,0.0001,0.0000,272.1812,0.0072,-0.0714,-0.1124,0.3509,0.0000,0.0000,0.0000,0.0000,0.6419,1,0,0,0,0,3.2100
101.7939,178.9795,0.0864,102.9894,0.0001,0.0002,0.0000,0.0001,0.0000,272.1815,0.0049,-0.0714,-0.1124,0.3509,0.0000,0.0000,0.0000,0.0000,0.6419,1,0,0,0,0,3.2099
101.8444,178.9795,0.0864,102.9894,0.0001,0.0002,0.0000,0.0001,0.0000,272.1818,0.0066,-0.0714,-0.1124,0.3509,0.0000,0.0000,0.0000,0.0000,0.6419,1,0,0,0,0,3.2100
101.9004,178.9795,0.0864,102.9894,0.0001,0.0002,0.0000,0.0001,0.0000,272.1821,0.0060,-0.0714,-0.1124,0.3509,0.0000,0.0000,0.0000,0.0000,0.6419,1,0,0,0,0,3.2100
101.9513,178.9795,0.0864,102.9894,0.0001,0.0002,0.0000,0.0001,0.0000,272.1824,0.0048,-0.0714,-0.1124,0.3509,0.0000,0.0000,0.0000,0.0000,0.6419,1,0,0,0,0,3.2099
102.0098,178.9795,0.0864,102.9893,0.0001,0.0002,0.0000,0.0001,0.0000,272.1827,0.0063,-0.0714,-0.1124,0.3509,0.0000,0.0000,0.0000,0.0000,0.6419,1,0,0,0,0,3.2100
102.0654,178.9795,0.0864,102.9893,0.0001,0.0002,0.0000,0.0001,0.0000,272.1830,0.0055,-0.0714,-0.1124,0.3509,0.0000,0.0000,0.0000,0.0000,0.6419,1,0,0,0,0,3.2099
102.1184,178.9795,0.0864,102.9894,0.0001,0.0002,0.0000,0.0001,0.0000,272.1833,0.0046,-0.0714,-0.1124,0.3509,0.0000,0.0000,0.0000,0.0000,0.6419,1,0,0,0,0,3.2099
102.1750,178.9795,0.0864,102.9894,0.0001,0.0002,0.0000,0.0001,0.0000,272.1836,0.0054,-0.0714,-0.1124,0.3509,0.0000,0.0000,0.0000,0.0000,0.6419,1,0,0,0,0,3.2099
102.2266,178.9795,0.0864,102.9894,0.0001,0.0002,0.0000,0.0001,0.0000,272.1839,0.0059,-0.0714,-0.1124,0.3509,0.0000,0.0000,0.0000,0.0000,0.6419,1,0,0,0,0,3.2100
102.2780,178.9795,0.0864,102.9894,0.0001,0.0002,0.0000,0.0001,0.0000,272.1842,0.0059,-0.0714,-0.1124,0.3509,0.0000,0.0000,0.0000,0.0000,0.6419,1,0,0,0,0,3.2100
102.3350,178.9795,0.0864,102.9894,0.0001,0.0002,0.0000,0.0001,0.0000,272.1845,0.0059,-0.0714,-0.1124,0.3509,0.0000,0.0000,0.0000,0.0000,0.6419,1,0,0,0,0,3.2100
102.4027,178.9795,0.0864,102.9893,0.0001,0.0002,0.0000,0.0001,0.0000,272.1851,0.0077,-0.0714,-0.1124,0.3509,0.0000,0.0000,0.0000,0.0000,0.6419,1,0,0,0,0,3.2101
102.4575,178.9795,0.0864,102.9894,0.0001,0.0002,0.0000,0.0001,0.0000,272.1855,0.0078,-0.0714,-0.1124,0.3509,0.0000,0.0000,0.0000,0.0000,0.6419,1,0,0,0,0,3.2101
102.5215,178.9795,0.0864,102.9894,0.0001,0.0002,0.0000,0.0001,0.0000,272.1859,0.0067,-0.0714,-0.1124,0.3509,0.0000,0.0000,0.0000,0.0000,0.6419,1,0,0,0,0,3.2100
102.5834,178.9795,0.0864,102.9894,0.0001,0.0002,0.0000,0.0001,0.0000,272.1862,0.0049,-0.0714,-0.1124,0.3509,0.0000,0.0000,0.0000,0.0000,0.6419,1,0,0,0,0,3.2099
102.6367,178.9795,0.0864,102.9894,0.0001,0.0002,0.0000,0.0001,0.0000,272.1865,0.0046,-0.0714,-0.1124,0.3509,0.0000,0.0000,0.0000,0.0000,0.6419,1,0,0,0,0,3.2099
102.6913,178.9795,0.0864,102.9893,0.0001,0.0002,0.0000,0.0001,0.0000,272.1867,0.0039,-0.0714,-0.1124,0.3509,0.0000,0.0000,0.0000,0.0000,0.6419,1,0,0,0,0,3.2099
102.7436,178.9795,0.0864,102.9894,0.0001,0.0002,0.0000,0.0001,0.0000,272.1869,0.0047,-0.0714,-0.1124,0.3509,0.0000,0.0000,0.0000,0.0000,0.6419,1,0,0,0,0,3.2099
102.7953,178.9795,0.0864,102.9894,0.0001,0.0002,0.0000,0.0001,0.0000,272.1871,0.0029,-0.0714,-0.1124,0.3509,0.0000,0.0000,0.0000,0.0000,0.6419,1,0,0,0,0,3.2098
102.8541,178.9795,0.0864,102.9894,0.0001,0.0002,0.0000,0.0001,0.0000,272.1874,0.0052,-0.0714,-0.1124,0.3509,0.0000,0.0000,0.0000,0.0000,0.6419,1,0,0,0,0,3.2099
102.9148,178.9795,0.0864,102.9894,0.0001,0.0002,0.0000,0.0001,0.0000,272.1877,0.0045,-0.0714,-0.1124,0.3509,0.0000,0.0000,0.0000,0.0000,0.6419,1,0,0,0,0,3.2099
102.9667,178.9795,0.0864,102.9894,0.0001,0.0002,0.0000,0.0001,0.0000,272.1879,0.0047,-0.0714,-0.1124,0.3509,0.0000,0.0000,0.0000,0.0000,0.6419,1,0,0,0,0,3.2099
103.0412,178.9795,0.0864,102.9894,0.0001,0.0002,0.0000,0.0001,0.0000,272.1882,0.0037,-0.0714,-0.1124,0.3509,0.0000,0.0000,0.0000,0.0000,0.6419,1,0,0,0,0,3.2098
103.0914,178.9795,0.0864,102.9894,0.0001,0.0002,0.0000,0.0001,0.0000,272.1884,0.0049,-0.0714,-0.1124,0.3509,0.0000,0.0000,0.0000,0.0000,0.6419,1,0,0,0,0,3.2099
103.1428,178.9795,0.0864,102.9894,0.0001,0.0002,0.0000,0.0001,0.0000,272.1887,0.0059,-0.0714,-0.1124,0.3509,0.0000,0.0000,0.0000,0.0000,0.6419,1,0,0,0,0,3.2100
103.2028,178.9795,0.0864,102.9894,0.0001,0.0002,0.0000,0.0001,0.0000,272.1890,0.0041,-0.0714,-0.1124,0.3509,0.0000,0.0000,0.0000,0.0000,0.6419,1,0,0,0,0,3.2099
103.2557,178.9795,0.0864,102.9894,0.0001,0.0002,0.0000,0.0001,0.0000,272.1892,0.0046,-0.0714,-0.1124,0.3509,0.0000,0.0000,0.0000,0.0000,0.6419,1,0,0,0,0,3.2099
103.3158,178.9795,0.0864,102.9894,0.0001,0.0002,0.0000,0.0001,0.0000,272.1894,0.0036,-0.0714,-0.1124,0.3509,0.0000,0.0000,0.0000,0.0000,0.6419,1,0,0,0,0,3.2098
103.3722,178.9795,0.0864,102.9894,0.0001,0.0002,0.0000,0.0001,0.0000,272.1897,0.0043,-0.0714,-0.1124,0.3509,0.0000,0.0000,0.0000,0.0000,0.6419,1,0,0,0,0,3.2099
103.4259,178.9795,0.0864,102.9894,0.0001,0.0002,0.0000,0.0001,0.0000,272.1899,0.0051,-0.0714,-0.1124,0.3509,0.0000,0.0000,0.0000,0.0000,0.6419,1,0,0,0,0,3.2099
103.4836,178.9795,0.0864,102.9894,0.0001,0.0002,0.0000,0.0001,0.0000,272.1903,0.0058,-0.0714,-0.1124,0.3509,0.0000,0.0000,0.0000,0.0000,0.6419,1,0,0,0,0,3.2100
103.5569,178.9795,0.0864,102.9894,0.0001,0.0002,0.0000,0.0001,0.0000,272.1908,0.0075,-0.0714,-0.1124,0.3509,0.0000,0.0000,0.0000,0.0000,0.6419,1,0,0,0,0,3.2101
103.6138,178.9795,0.0864,102.9894,0.0001,0.0002,0.0000,0.0001,0.0000,272.1912,0.0070,-0.0714,-0.1124,0.3509,0.0000,0.0000,0.0000,0.0000,0.6419,1,0,0,0,0,3.2100
103.6748,178.9795,0.0864,102.9894,0.0001,0.0002,0.0000,0.0001,0.0000,272.1917,0.0080,-0.0714,-0.1124,0.3509,0.0000,0.0000,0.0000,0.0000,0.6419,1,0,0,0,0,3.2101
103.7330,178.9795,0.0864,102.9894,0.0001,0.0002,0.0000,0.0001,0.0000,272.1921,0.0068,-0.0714,-0.1124,0.3509,0.0000,0.0000,0.0000,0.0000,0.6419,1,0,0,0,0,3.2100
103.7954,178.9795,0.0864,102.9894,0.0001,0.0002,0.0000,0.0001,0.0000,272.1924,0.0054,-0.0714,-0.1124,0.3509,0.0000,0.0000,0.0000,0.0000,0.6419,1,0,0,0,0,3.2099
103.8573,178.9795,0.0864,102.9894,0.0001,0.0002,0.0000,0.0001,0.0000,272.1928,0.0059,-0.0714,-0.1124,0.3509,0.0000,0.0000,0.0000,0.0000,0.6419,1,0,0,0,0,3.2100
103.9183,178.9795,0.0864,102.9894,0.0001,0.0002,0.0000,0.0001,0.0000,272.1932,0.0060,-0.0714,-0.1124,0.3509,0.0000,0.0000,0.0000,0.0000,0.6419,1,0,0,0,0,3.2100
103.9757,178.9795,0.0864,102.9894,0.0001,0.0002,0.0000,0.0001,0.0000,272.1935,0.0053,-0.0714,-0.1124,0.3509,0.0000,0.0000,0.0000,0.0000,0.6419,1,0,0,0,0,3.2099
104.0331,178.9795,0.0864,102.9894,0.0001,0.0002,0.0000,0.0001,0.0000,272.1938,0.0053,-0.0714,-0.1124,0.3509,0.0000,0.0000,0.0000,0.0000,0.6419,1,0,0,0,0,3.2099
104.0847,178.9795,0.0864,102.9894,0.0001,0.0002,0.0000,0.0001,0.0000,272.1941,0.0065,-0.0714,-0.1124,0.3509,0.0000,0.0000,0.0000,0.0000,0.6419,1,0,0,0,0,3.2100
104.1411,178.9795,0.0864,102.9894,0.0001,0.0002,0.0000,0.0001,0.0000,272.1945,0.0059,-0.0714,-0.1124,0.3509,0.0000,0.0000,0.0000,0.0000,0.6419,1,0,0,0,0,3.2100
104.2053,178.9795,0.0864,102.9894,0.0001,0.0002,0.0000,0.0001,0.0000,272.1948,0.0048,-0.0714,-0.1124,0.3509,0.0000,0.0000,0.0000,0.0000,0.6419,1,0,0,0,0,3.2099
104.2577,178.9795,0.0864,102.9894,0.0001,0.0002,0.0000,0.0001,0.0000,272.1951,0.0058,-0.0714,-0.1124,0.3509,0.0000,0.0000,0.0000,0.0000,0.6419,1,0,0,0,0,3.2100
104.3180,178.9795,0.0864,102.9894,0.0001,0.0002,0.0000,0.0001,0.0000,272.1954,0.0061,-0.0714,-0.1124,0.3509,0.0000,0.0000,0.0000,0.0000,0.6419,1,0,0,0,0,3.2100
104.3686,178.9795,0.0864,102.9894,0.0001,0.0002,0.0000,0.0001,0.0000,272.1958,0.0066,-0.0714,-0.1124,0.3509,0.0000,0.0000,0.0000,0.0000,0.6419,1,0,0,0,0,3.2100
104.4301,178.9795,0.0864,102.9893,0.0001,0.0002,0.0000,0.0001,0.0000,272.1963,0.0084,-0.0714,-0.1124,0.3509,0.0000,0.0000,0.0000,0.0000,0.6419,1,0,0,0,0,3.2101
104.4915,178.9795,0.0864,102.9893,0.0001,0.0002,0.0000,0.0001,0.0000,272.1967,0.0060,-0.0714,-0.1124,0.3509,0.0000,0.0000,0.0000,0.0000,0.6419,1,0,0,0,0,3.2100
104.5489,178.9795,0.0864,102.9894,0.0001,0.0002,0.0000,0.0001,0.0000,272.1969,0.0048,-0.0714,-0.1124,0.3509,0.0000,0.0000,0.0000,0.0000,0.6419,1,0,0,0,0,3.2099
104.6074,178.9795,0.0864,102.9893,0.0001,0.0002,0.0000,0.0001,0.0000,272.1972,0.0047,-0.0714,-0.1124,0.3509,0.0000,0.0000,0.0000,0.0000,0.6419,1,0,0,0,0,3.2099
104.6693,178.9795,0.0864,102.9893,0.0001,0.0002,0.0000,0.0001,0.0000,272.1974,0.0039,-0.0714,-0.1124,0.3509,0.0000,0.0000,0.0000,0.0000,0.6419,1,0,0,0,0,3.2099
104.7238,178.9795,0.0864,102.9894,0.0001,0.0002,0.0000,0.0001,0.0000,272.1977,0.0045,-0.0714,-0.1124,0.3509,0.0000,0.0000,0.0000,0.0000,0.6419,1,0,0,0,0,3.2099
104.7801,178.9795,0.0864,102.9894,0.0001,0.0002,0.0000,0.0001,0.0000,272.1979,0.0043,-0.0714,-0.1124,0.3509,0.0000,0.0000,0.0000,0.0000,0.6419,1,0,0,0,0,3.2099
104.8328,178.9795,0.0864,102.9893,0.0001,0.0002,0.0000,0.0001,0.0000,272.1982,0.0041,-0.0714,-0.1124,0.3509,0.0000,0.0000,0.0000,0.0000,0.6419,1,0,0,0,0,3.2099
104.8937,178.9795,0.0864,102.9894,0.0001,0.0002,0.0000,0.0001,0.0000,272.1984,0.0040,-0.0714,-0.1124,0.3509,0.0000,0.0000,0.0000,0.0000,0.6419,1,0,0,0,0,3.2099
104.9555,178.9795,0.0864,102.9894,0.0001,0.0002,0.0000,0.0001,0.0000,272.1987,0.0054,-0.0714,-0.1124,0.3509,0.0000,0.0000,0.0000,0.0000,0.6419,1,0,0,0,0,3.2099
105.0119,178.9795,0.0864,102.9894,0.0001,0.0002,0.0000,0.0001,0.0000,272.1990,0.0054,-0.0714,-0.1124,0.3509,0.0000,0.0000,0.0000,0.0000,0.6419,1,0,0,0,0,3.2099
105.0653,178.9795,0.0864,102.9893,0.0001,0.0002,0.0000,0.0001,0.0000,272.1993,0.0046,-0.0714,-0.1124,0.3509,0.0000,0.0000,0.0000,0.0000,0.6419,1,0,0,0,0,3.2099
105.1292,178.9795,0.0864,102.9894,0.0001,0.0002,0.0000,0.0001,0.0000,272.1996,0.0043,-0.0714,-0.1124,0.3509,0.0000,0.0000,0.0000,0.0000,0.6419,1,0,0,0,0,3.2099
105.1807,178.9795,0.0864,102.9894,0.0001,0.0002,0.0000,0.0001,0.0000,272.1998,0.0041,-0.0714,-0.1124,0.3509,0.0000,0.0000,0.0000,0.0000,0.6419,1,0,0,0,0,3.2099
105.2378,178.9795,0.0864,102.9894,0.0001,0.0002,0.0000,0.0001,0.0000,272.2000,0.0037,-0.0714,-0.1124,0.3509,0.0000,0.0000,0.0000,0.0000,0.6419,1,0,0,0,0,3.2098
105.2938,178.9795,0.0864,102.9893,0.0001,0.0002,0.0000,0.0001,0.0000,272.2002,0.0044,-0.0714,-0.1124,0.3509,0.0000,0.0000,0.0000,0.0000,0.6419,1,0,0,0,0,3.2099
105.3536,178.9795,0.0864,102.9893,0.0001,0.0002,0.0000,0.0001,0.0000,272.2006,0.0056,-0.0714,-0.1124,0.3509,0.0000,0.0000,0.0000,0.0000,0.6419,1,0,0,0,0,3.2099
105.4132,178.9795,0.0864,102.9894,0.0001,0.0002,0.0000,0.0001,0.0000,272.2009,0.0056,-0.0714,-0.1124,0.3509,0.0000,0.0000,0.0000,0.0000,0.6419,1,0,0,0,0,3.2099
105.4658,178.9795,0.0864,102.9894,0.0001,0.0002,0.0000,0.0001,0.0000,272.2012,0.0064,-0.0714,-0.1124,0.3509,0.0000,0.0000,0.0000,0.0000,0.6419,1,0,0,0,0,3.2100
105.5170,178.9795,0.0864,102.9894,0.0001,0.0002,0.0000,0.0001,0.0000,272.2016,0.0066,-0.0714,-0.1124,0.3509,0.0000,0.0000,0.0000,0.0000,0.6419,1,0,0,0,0,3.2100
105.5680,178.9795,0.0864,102.9894,0.0001,0.0002,0.0000,0.0001,0.0000,272.2018,0.0054,-0.0714,-0.1124,0.3509,0.0000,0.0000,0.0000,0.0000,0.6419,1,0,0,0,0,3.2099
105.6225,178.9795,0.0864,102.9894,0.0001,0.0002,0.0000,0.0001,0.0000,272.2022,0.0067,-0.0694,-0.1124,0.3509,0.0240,0.4715,8.6483,0.0000,0.6419,1,0,0,0,0,3.6905
105.6733,178.9795,0.0864,102.9894,0.0001,0.0002,0.0000,0.0001,0.0000,272.2027,0.0090,-0.0636,-0.1124,0.3509,0.0387,1.1406,13.1693,0.0000,0.6419,1,0,0,0,0,3.9418
105.7286,178.9795,0.0864,102.9894,0.0001,0.0002,0.0000,0.0001,0.0000,272.2031,0.0072,-0.0557,-0.1124,0.3509,0.0547,1.8433,12.7282,0.0000,0.6419,1,0,0,0,0,3.9172
105.7829,178.9795,0.0864,102.9894,0.0001,0.0002,0.0000,0.0001,0.0000,272.2033,0.0051,-0.0499,-0.1124,0.3509,0.0659,2.8134,17.8637,0.0000,0.6419,1,0,0,0,0,4.2023
105.8350,178.9795,0.0864,102.9894,0.0001,0.0002,0.0000,0.0001,0.0000,272.2036,0.0053,-0.0440,-0.1124,0.3509,0.0800,3.5791,14.6911,0.0000,0.6419,1,0,0,0,0,4.0261
105.8884,178.9795,0.0864,102.9894,0.0001,0.0002,0.0000,0.0001,0.0000,272.2039,0.0057,-0.0362,-0.1124,0.3509,0.0952,4.4221,15.7896,0.0000,0.6419,1,0,0,0,0,4.0872
105.9473,178.9795,0.0864,102.9894,0.0001,0.0002,0.0000,0.0001,0.0000,272.2042,0.0052,-0.0245,-0.1124,0.3509,0.1123,5.3592,15.9044,0.0000,0.6419,1,0,0,0,0,4.0935
105.9973,178.9795,0.0864,102.9894,0.0001,0.0002,0.0000,0.0001,0.0000,272.2046,0.0067,-0.0108,-0.1124,0.3509,0.1350,6.3067,18.9334,0.0000,0.6419,1,0,0,0,0,4.2619
106.0487,178.9795,0.0864,102.9894,0.0001,0.0002,0.0000,0.0001,0.0000,272.2048,0.0053,-0.0010,-0.1124,0.3509,0.1532,7.3078,19.4824,0.0000,0.6419,1,0,0,0,0,4.2923
106.1040,178.9795,0.0864,102.9894,0.0001,0.0002,0.0000,0.0001,0.0000,272.2051,0.0055,0.0107,-0.1124,0.3509,0.1793,8.7096,25.3619,0.0000,0.6419,1,0,0,0,0,4.6189
106.1598,178.9795,0.0864,102.9894,0.0001,0.0002,0.0000,0.0001,0.0000,272.2054,0.0055,0.0244,-0.1124,0.3509,0.2035,10.2251,27.1506,0.0000,0.6419,1,0,0,0,0,4.7183
106.2163,178.9795,0.0864,102.9894,0.0001,0.0002,0.0000,0.0001,0.0000,272.2058,0.0065,0.0401,-0.1124,0.3509,0.2367,11.7945,27.7639,0.0000,0.6419,1,0,0,0,0,4.7524
106.2686,178.9795,0.0864,102.9894,0.0001,0.0002,0.0000,0.0001,0.0000,272.2061,0.0047,0.0518,-0.1124,0.3509,0.2601,13.1304,25.5658,0.0000,0.6419,1,0,0,0,0,4.6302
106.3259,178.9795,0.0864,102.9894,0.0001,0.0002,0.0000,0.0001,0.0000,272.2065,0.0069,0.0635,-0.1124,0.3509,0.2866,14.9881,32.3929,0.0000,0.6419,1,0,0,0,0,5.0096
106.3770,178.9795,0.0864,102.9894,0.0001,0.0002,0.0000,0.0001,0.0000,272.2068,0.0078,0.0752,-0.1124,0.3509,0.3108,16.4749,29.1294,0.0000,0.6419,1,0,0,0,0,4.8284
106.4377,178.9795,0.0864,102.9894,0.0001,0.0002,0.0000,0.0001,0.0000,272.2072,0.0050,0.0831,-0.1124,0.3509,0.3312,17.9386,24.0981,0.0000,0.6419,1,0,0,0,0,4.5487
106.5007,178.9795,0.0864,102.9893,0.0001,0.0002,0.0000,0.0001,0.0000,272.2076,0.0073,0.0909,-0.1124,0.3509,0.3528,19.3155,21.8491,0.0000,0.6419,1,0,0,0,0,4.4239
106.5527,178.9795,0.0864,102.9894,0.0001,0.0002,0.0000,0.0001,0.0000,272.2079,0.0053,0.0968,-0.1124,0.3509,0.3670,20.4273,21.3986,0.0000,0.6419,1,0,0,0,0,4.3987
106.6092,178.9795,0.0864,102.9894,0.0001,0.0002,0.0000,0.0001,0.0000,272.2082,0.0049,0.0968,-0.1124,0.3509,0.3751,21.4185,17.5507,0.0000,0.6419,1,0,0,0,0,4.1849
106.6645,178.9795,0.0864,102.9893,0.0001,0.0002,0.0000,0.0001,0.0000,272.2082,0.0000,0.0968,-0.1124,0.3509,0.3785,22.0103,10.7004,0.0000,0.6419,1,0,0,0,0,3.8041
106.7176,178.9795,0.0864,102.9894,0.0001,0.0002,0.0000,0.0001,0.0000,272.2082,0.0000,0.0889,-0.1124,0.3509,0.3752,22.3762,6.8837,0.0000,0.6419,1,0,0,0,0,3.5921
106.7770,178.9795,0.0864,102.9894,0.0001,0.0002,0.0000,0.0001,0.0000,272.2082,0.0000,0.0713,-0.1124,0.3509,0.3555,22.2242,2.5614,0.0000,0.6419,1,0,0,0,0,3.3519
106.8282,178.9795,0.0864,102.9894,0.0001,0.0002,0.0000,0.0001,0.0000,272.2082,0.0000,0.0479,-0.1124,0.3509,0.3239,21.4046,15.9962,0.0000,0.6419,1,0,0,0,0,4.0983
106.8790,178.9795,0.0864,102.9894,0.0001,0.0002,0.0000,0.0001,0.0000,272.2082,0.0000,0.0205,-0.1124,0.3509,0.2846,19.9951,27.7730,0.0000,0.6419,1,0,0,0,0,4.7526
106.9398,178.9795,0.0864,102.9894,0.0001,0.0002,0.0000,0.0001,0.0000,272.2082,0.0000,-0.0147,-0.1124,0.3509,0.2165,17.4881,41.2185,0.0000,0.6419,1,0,0,0,0,5.4995
106.9916,178.9795,0.0864,102.9894,0.0001,0.0002,0.0000,0.0001,0.0000,272.2082,0.0000,-0.0381,-0.1124,0.3509,0.1669,14.4552,58.5541,0.0000,0.6419,1,0,0,0,0,6.4626
107.0520,178.9795,0.0864,102.9894,0.0001,0.0002,0.0000,0.0001,0.0000,272.2082,0.0000,-0.0831,-0.1124,0.3509,0.0767,10.8917,58.9901,0.0000,0.6419,1,0,0,0,0,6.4869
107.1083,178.9795,0.0864,102.9894,0.0001,0.0002,0.0000,0.0001,0.0000,272.2082,0.0000,-0.1222,-0.1124,0.3509,0.0048,6.7703,73.1467,0.0000,0.6419,1,0,0,0,0,7.2733
107.1695,178.9795,0.0864,102.9894,0.0001,0.0002,0.0000,0.0001,0.0000,272.2082,0.0000,-0.1535,-0.1124,0.3509,-0.0989,2.9952,61.6821,0.0000,0.6419,1,0,0,0,0,6.6364
107.2264,178.9795,0.0864,102.9894,0.0001,0.0002,0.0000,0.0001,0.0000,272.2082,0.0000,-0.1965,-0.1124,0.3509,-0.2294,-4.5600,132.9411,0.0000,0.6419,1,0,0,0,0,10.5953
107.2878,178.9795,0.0864,102.9894,0.0001,0.0002,0.0000,0.0001,0.0000,272.2082,0.0000,-0.2278,-0.1124,0.3509,-0.3315,-10.8226,102.0192,0.0000,0.6419,1,0,0,0,0,8.8774
107.3473,178.9795,0.0864,102.9894,0.0001,0.0002,0.0000,0.0001,0.0000,272.2082,0.0000,-0.2630,-0.1124,0.3509,-0.4388,-17.4721,111.7102,0.0000,0.6419,1,0,0,0,0,9.4158
107.4082,178.9795,0.0864,102.9894,0.0001,0.0002,0.0000,0.0001,0.0000,272.2082,0.0000,-0.2923,-0.1124,0.3509,-0.5563,-24.0043,107.1848,0.0000,0.6419,1,0,0,0,0,9.1643
107.4589,178.9795,0.0864,102.9894,0.0001,0.0002,0.0000,0.0001,0.0000,272.2082,0.0000,-0.3079,-0.1124,0.3509,-0.6219,-29.9002,116.3477,0.0000,0.6419,1,0,0,0,0,9.6734
107.5147,178.9795,0.0864,102.9894,0.0001,0.0002,0.0000,0.0001,0.0000,272.2082,0.0000,-0.3255,-0.1124,0.3509,-0.7017,-34.1289,75.7822,0.0000,0.6419,1,0,0,0,0,7.4198
107.5704,178.9795,0.0864,102.9893,0.0001,0.0002,0.0000,0.0001,0.0000,272.2082,0.0000,-0.3333,-0.1124,0.3509,-0.7474,-39.0290,87.9943,0.0000,0.6419,1,0,0,0,0,8.0982
107.6225,178.9795,0.0864,102.9894,0.0001,0.0002,0.0000,0.0001,0.0000,272.2082,0.0000,-0.3333,-0.1124,0.3509,-0.7658,-42.2623,62.0746,0.0000,0.6419,1,0,0,0,0,6.6582
107.6887,178.9795,0.0864,102.9893,0.0001,0.0002,0.0000,0.0001,0.0000,272.2082,0.0000,-0.3216,-0.1124,0.3509,-0.7621,-44.0626,27.1951,0.0000,0.6419,1,0,0,0,0,4.7205
107.7453,178.9795,0.0864,102.9894,0.0001,0.0002,0.0000,0.0001,0.0000,272.2082,0.0000,-0.2942,-0.1124,0.3509,-0.7226,-44.5513,8.6257,0.0000,0.6419,1,0,0,0,0,3.6888
107.8013,178.9795,0.0864,102.9894,0.0001,0.0002,0.0000,0.0001,0.0000,272.2082,0.0000,-0.2688,-0.1124,0.3509,-0.6520,-42.7245,32.6265,0.0000,0.6419,1,0,0,0,0,5.0222
107.8519,178.9795,0.0864,102.9894,0.0001,0.0002,0.0000,0.0001,0.0000,272.2082,0.0000,-0.2336,-0.1124,0.3509,-0.5626,-39.8026,57.7995,0.0000,0.6419,1,0,0,0,0,6.4207
107.9034,178.9795,0.0864,102.9894,0.0001,0.0002,0.0000,0.0001,0.0000,272.2082,0.0000,-0.2023,-0.1124,0.3509,-0.4664,-35.5856,81.9467,0.0000,0.6419,1,0,0,0,0,7.7622
107.9599,178.9795,0.0864,102.9894,0.0001,0.0002,0.0000,0.0001,0.0000,272.2082,0.0000,-0.1652,-0.1124,0.3509,-0.3570,-30.2483,94.3841,0.0000,0.6419,1,0,0,0,0,8.4532
108.0114,178.9795,0.0864,102.9894,0.0001,0.0002,0.0000,0.0001,0.0000,272.2082,0.0000,-0.1320,-0.1124,0.3509,-0.2647,-24.8692,104.5130,0.0000,0.6419,1,0,0,0,0,9.0159
108.0671,178.9795,0.0864,102.9894,0.0001,0.0002,0.0000,0.0001,0.0000,272.2082,0.0000,-0.1046,-0.1124,0.3509,-0.1421,-18.3673,116.7584,0.0000,0.6419,1,0,0,0,0,9.6962
108.1194,178.9795,0.0864,102.9893,0.0001,0.0002,0.0000,0.0001,0.0000,272.2082,0.0000,-0.0870,-0.1124,0.3509,-0.0611,-12.2884,116.0623,0.0000,0.6419,1,0,0,0,0,9.6575
108.1800,178.9795,0.0864,102.9894,0.0001,0.0002,0.0000,0.0001,0.0000,272.2082,0.0000,-0.0733,-0.1124,0.3509,-0.0262,-7.1652,84.5512,0.0000,0.6419,1,0,0,0,0,7.9069
108.2367,178.9795,0.0864,102.9893,0.0001,0.0002,0.0000,0.0001,0.0000,272.2082,0.0000,-0.0694,-0.1124,0.3509,0.0072,-3.5642,63.5523,0.0000,0.6419,1,0,0,0,0,6.7403
108.2887,178.9795,0.0864,102.9894,0.0001,0.0002,0.0000,0.0001,0.0000,272.2082,0.0000,-0.0636,-0.1124,0.3509,0.0280,-1.3258,43.0123,0.0000,0.6419,1,0,0,0,0,5.5992
108.3521,178.9795,0.0864,102.9893,0.0001,0.0002,0.0000,0.0001,0.0000,272.2082,0.0000,-0.0577,-0.1124,0.3509,0.0490,0.5795,30.0765,0.0000,0.6419,1,0,0,0,0,4.8806
108.4064,178.9795,0.0864,102.9894,0.0001,0.0002,0.0000,0.0001,0.0000,272.2082,0.0000,-0.0538,-0.1124,0.3509,0.0622,2.0511,27.0944,0.0000,0.6419,1,0,0,0,0,4.7149
108.4583,178.9795,0.0864,102.9894,0.0001,0.0002,0.0000,0.0001,0.0000,272.2082,0.0000,-0.0499,-0.1124,0.3509,0.0720,2.9297,16.9284,0.0000,0.6419,1,0,0,0,0,4.1501
108.5090,178.9795,0.0864,102.9894,0.0001,0.0002,0.0000,0.0001,0.0000,272.2082,0.0000,-0.0459,-0.1124,0.3509,0.0800,3.7149,15.4699,0.0000,0.6419,1,0,0,0,0,4.0691
108.5597,178.9795,0.0864,102.9894,0.0001,0.0002,0.0000,0.0001,0.0000,272.2082,0.0000,-0.0459,-0.1124,0.3509,0.0856,4.3240,12.0366,0.0000,0.6419,1,0,0,0,0,3.8783
108.6112,178.9795,0.0864,102.9894,0.0001,0.0002,0.0000,0.0001,0.0000,272.2082,0.0000,-0.0459,-0.1124,0.3509,0.0877,4.7172,7.6325,0.0000,0.6419,1,0,0,0,0,3.6337
108.6623,178.9795,0.0864,102.9894,0.0001,0.0002,0.0000,0.0001,0.0000,272.2082,0.0000,-0.0459,-0.1124,0.3509,0.0890,5.0184,5.8844,0.0000,0.6419,1,0,0,0,0,3.5365
108.7261,178.9795,0.0864,102.9894,0.0001,0.0002,0.0000,0.0001,0.0000,272.2082,0.0000,-0.0459,-0.1124,0.3509,0.0896,5.1693,2.3680,0.0000,0.6419,1,0,0,0,0,3.3412
108.7849,178.9795,0.0864,102.9894,0.0001,0.0002,0.0000,0.0001,0.0000,272.2082,0.0000,-0.0459,-0.1124,0.3509,0.0898,5.3021,2.2564,0.0000,0.6419,1,0,0,0,0,3.3350
108.8350,178.9795,0.0864,102.9894,0.0001,0.0002,0.0000,0.0001,0.0000,272.2082,0.0000,-0.0459,-0.1124,0.3509,0.0898,5.3412,0.7818,0.0000,0.6419,1,0,0,0,0,3.2531
108.8907,178.9795,0.0864,102.9894,0.0001,0.0002,0.0000,0.0001,0.0000,272.2082,0.0000,-0.0459,-0.1124,0.3509,0.0899,5.3668,0.4603,0.0000,0.6419,1,0,0,0,0,3.2352
108.9479,178.9795,0.0864,102.9894,0.0001,0.0002,0.0000,0.0001,0.0000,272.2082,0.0000,-0.0459,-0.1124,0.3509,0.0899,5.3811,0.2488,0.0000,0.6419,1,0,0,0,0,3.2235
108.9983,178.9795,0.0864,102.9894,0.0001,0.0002,0.0000,0.0001,0.0000,272.2082,0.0000,-0.0459,-0.1124,0.3509,0.0899,5.3873,0.1237,0.0000,0.6419,1,0,0,0,0,3.2165
109.0502,178.9795,0.0864,102.9893,0.0001,0.0002,0.0000,0.0001,0.0000,272.2082,0.0000,-0.0459,-0.1124,0.3509,0.0899,5.3907,0.0644,0.0000,0.6419,1,0,0,0,0,3.2132
109.1080,178.9795,0.0864,102.9894,0.0001,0.0002,0.0000,0.0001,0.0000,272.2082,0.0000,-0.0459,-0.1124,0.3509,0.0899,5.3926,0.0340,0.0000,0.6419,1,0,0,0,0,3.2115
109.1680,178.9795,0.0864,102.9894,0.0001,0.0002,0.0000,0.0001,0.0000,272.2082,0.0000,-0.0459,-0.1065,0.3509,0.0899,5.3936,0.0158,0.0000,0.6419,1,0,0,0,0,3.2105
109.2423,178.9795,0.0864,102.9894,0.0001,0.0002,0.0000,0.0001,0.0000,272.2082,0.0000,-0.0459,-0.0772,0.3509,0.0899,5.3941,0.0067,0.0000,0.6419,1,0,0,0,0,3.2100
109.3007,178.9795,0.0864,102.9894,0.0001,0.0002,0.0000,0.0001,0.0000,272.2082,0.0000,-0.0459,-0.0342,0.3509,0.0899,5.3943,0.0046,0.0000,0.6419,1,0,0,0,0,3.2099
109.3523,178.9795,0.0864,102.9894,0.0002,0.0007,0.0000,0.0002,0.0027,272.2087,0.0101,-0.0459,0.0538,0.3509,0.0899,5.3944,0.0015,0.0106,0.6419,1,0,0,0,0,3.2103
109.4182,178.9795,0.0864,102.9893,0.0008,0.0031,-0.0001,0.0008,0.0097,272.2109,0.0342,-0.0459,0.1984,0.3509,0.0899,5.3945,0.0007,0.1222,0.6419,1,0,0,0,0,3.2116
109.4717,178.9780,0.0864,102.9892,0.1297,0.4670,0.1297,0.0018,2.4094,272.2158,0.0901,-0.0459,0.2825,0.3509,0.0899,5.3945,0.0004,0.2534,0.6419,1,0,0,0,0,3.2147
109.5245,178.9608,0.0864,102.9897,0.6253,2.2511,0.6253,0.0031,9.3884,272.2316,0.2995,-0.0459,0.2923,0.3509,0.0899,5.3945,0.0002,0.3478,0.6419,1,0,0,0,0,3.3009
109.5829,178.9086,0.0864,102.9914,1.2296,4.4265,1.2296,0.0043,10.3438,272.2549,0.3996,-0.0518,0.2923,0.3509,0.0845,5.3389,0.9521,0.4019,0.6419,1,0,0,0,0,3.3374
109.6352,178.8311,0.0864,102.9942,1.7930,6.4549,1.7930,0.0053,10.7668,272.2820,0.5184,-0.0557,0.2923,0.3509,0.0765,5.1115,4.3441,0.4319,0.6419,1,0,0,0,0,3.5239
109.6970,178.7064,0.0864,102.9987,2.2634,8.1482,2.2634,0.0060,7.6170,272.3116,0.4794,-0.0557,0.2923,0.3509,0.0727,4.7735,5.4734,0.4486,0.6419,1,0,0,0,0,3.5801
109.7624,178.5433,0.0864,103.0049,2.6962,9.7062,2.6962,0.0067,6.6185,272.3501,0.5880,-0.0557,0.2923,0.3509,0.0709,4.5512,3.4006,0.4592,0.6419,1,0,0,0,0,3.4684
109.8240,178.3681,0.0864,103.0116,3.0049,10.8177,3.0049,0.0072,5.0140,272.3909,0.6631,-0.0577,0.2923,0.3509,0.0691,4.3523,3.2290,0.4644,0.6419,1,0,0,0,0,3.4619
109.8821,178.1886,0.0864,103.0187,3.1883,11.4778,3.1883,0.0075,3.1540,272.4254,0.5927,-0.0577,0.2923,0.3509,0.0673,4.2132,2.3926,0.4666,0.6419,1,0,0,0,0,3.4108
109.9333,178.0224,0.0864,103.0253,3.2979,11.8724,3.2979,0.0076,2.1395,272.4532,0.5439,-0.0577,0.2923,0.3509,0.0666,4.1246,1.7300,0.4677,0.6419,1,0,0,0,0,3.3707
109.9911,177.8282,0.0864,103.0331,3.4161,12.2980,3.4161,0.0078,2.0451,272.4946,0.7158,-0.0596,0.2923,0.3509,0.0639,4.0144,1.9069,0.4686,0.6419,1,0,0,0,0,3.3898
110.0502,177.6246,0.0864,103.0415,3.4837,12.5415,3.4837,0.0079,1.1450,272.5286,0.5745,-0.0596,0.2923,0.3509,0.0628,3.9086,1.7912,0.4690,0.6419,1,0,0,0,0,3.3751
110.1042,177.4353,0.0864,103.0494,3.5324,12.7168,3.5324,0.0079,0.9015,272.5617,0.6135,-0.0616,0.2942,0.3509,0.0603,3.8094,1.8367,0.4699,0.6419,1,0,0,0,0,3.3794
110.1615,177.2321,0.0864,103.0580,3.5743,12.8674,3.5743,0.0079,0.7308,272.5939,0.5630,-0.0616,0.2962,0.3509,0.0590,3.6875,2.1292,0.4724,0.6419,1,0,0,0,0,3.3925
110.2131,177.0468,0.0864,103.0660,3.6113,13.0006,3.6113,0.0080,0.7164,272.6259,0.6191,-0.0616,0.2962,0.3509,0.0584,3.6052,1.5932,0.4741,0.6419,1,0,0,0,0,3.3656
110.2837,176.7910,0.0864,103.0772,3.6464,13.1272,3.6464,0.0080,0.4982,272.6643,0.5441,-0.0616,0.2962,0.3509,0.0581,3.5524,0.7476,0.4751,0.6419,1,0,0,0,0,3.3142
110.3407,176.5825,0.0864,103.0864,3.6684,13.2064,3.6684,0.0080,0.3856,272.6964,0.5623,-0.0616,0.2962,0.3509,0.0580,3.5087,0.7658,0.4756,0.6419,1,0,0,0,0,3.3161
110.4010,176.3612,0.0864,103.0963,3.6876,13.2752,3.6875,0.0081,0.3174,272.7350,0.6411,-0.0616,0.2962,0.3509,0.0580,3.4941,0.2432,0.4759,0.6419,1,0,0,0,0,3.2915
110.4559,176.1586,0.0864,103.1055,3.6969,13.3087,3.6969,0.0080,0.1695,272.7608,0.4701,-0.0616,0.2962,0.3509,0.0580,3.4860,0.1473,0.4760,0.6419,1,0,0,0,0,3.2764
110.5146,175.9415,0.0864,103.1155,3.7069,13.3450,3.7069,0.0081,0.1717,272.7995,0.6593,-0.0616,0.2962,0.3509,0.0580,3.4819,0.0701,0.4761,0.6419,1,0,0,0,0,3.2828
110.5666,175.7488,0.0864,103.1245,3.7117,13.3621,3.7117,0.0080,0.0916,272.8254,0.4980,-0.0616,0.2962,0.3509,0.0580,3.4798,0.0407,0.4761,0.6419,1,0,0,0,0,3.2720
110.6280,175.5211,0.0864,103.1352,3.7168,13.3806,3.7168,0.0081,0.0837,272.8643,0.6340,-0.0616,0.2962,0.3509,0.0580,3.4786,0.0188,0.4761,0.6419,1,0,0,0,0,3.2785
110.6795,175.3297,0.0864,103.1444,3.7198,13.3912,3.7198,0.0081,0.0569,272.8967,0.6280,-0.0616,0.2962,0.3509,0.0580,3.4781,0.0103,0.4762,0.6419,1,0,0,0,0,3.2778
110.7387,175.1095,0.0864,103.1550,3.7219,13.3987,3.7218,0.0081,0.0350,272.9290,0.5458,-0.0616,0.2962,0.3509,0.0580,3.4778,0.0053,0.4762,0.6419,1,0,0,0,0,3.2728
110.7918,174.9124,0.0864,103.1646,3.7233,13.4039,3.7233,0.0081,0.0272,272.9614,0.6102,-0.0616,0.2962,0.3509,0.0580,3.4776,0.0022,0.4762,0.6419,1,0,0,0,0,3.2763
110.8544,174.6796,0.0864,103.1762,3.7242,13.4072,3.7242,0.0081,0.0150,272.9938,0.5178,-0.0616,0.2962,0.3509,0.0580,3.4775,0.0018,0.4762,0.6419,1,0,0,0,0,3.2710
110.9114,174.4673,0.0864,103.1868,3.7268,13.4164,3.7268,0.0081,0.0444,273.0327,0.6814,-0.0616,0.2981,0.3509,0.0580,3.4775,0.0006,0.4772,0.6419,1,0,0,0,0,3.2802
110.9638,174.2723,0.0864,103.1967,3.7318,13.4344,3.7318,0.0081,0.0959,273.0588,0.4989,-0.0616,0.2981,0.3509,0.0580,3.4775,0.0003,0.4781,0.6419,1,0,0,0,0,3.2699
111.0165,174.0756,0.0864,103.2067,3.7392,13.4610,3.7392,0.0081,0.1399,273.0913,0.6174,-0.0616,0.2981,0.3509,0.0580,3.4775,0.0001,0.4787,0.6419,1,0,0,0,0,3.2765
111.0770,173.8494,0.0864,103.2185,3.7460,13.4856,3.7460,0.0081,0.1128,273.1246,0.5498,-0.0596,0.2981,0.3509,0.0599,3.5082,0.5074,0.4791,0.6419,1,0,0,0,0,3.3009
111.1284,173.6570,0.0864,103.2285,3.7517,13.5062,3.7517,0.0082,0.1116,273.1590,0.6698,-0.0596,0.2981,0.3509,0.0611,3.5646,1.0980,0.4793,0.6419,1,0,0,0,0,3.3407
111.1853,173.4436,0.0864,103.2398,3.7562,13.5225,3.7562,0.0083,0.0792,273.1940,0.6148,-0.0596,0.2981,0.3509,0.0616,3.6273,1.1004,0.4794,0.6419,1,0,0,0,0,3.3379
111.2479,173.2086,0.0864,103.2524,3.7606,13.5380,3.7605,0.0083,0.0689,273.2363,0.6757,-0.0577,0.3001,0.3509,0.0624,3.6673,0.6391,0.4798,0.6419,1,0,0,0,0,3.3158
111.3129,172.9644,0.0864,103.2657,3.7694,13.5698,3.7694,0.0084,0.1358,273.2803,0.6772,-0.0577,0.3001,0.3509,0.0647,3.7261,0.9057,0.4814,0.6419,1,0,0,0,0,3.3311
111.3681,172.7566,0.0864,103.2771,3.7779,13.6006,3.7779,0.0085,0.1551,273.3180,0.6826,-0.0577,0.3001,0.3509,0.0654,3.8281,1.8487,0.4821,0.6419,1,0,0,0,0,3.3840
111.4310,172.5190,0.0864,103.2904,3.7858,13.6288,3.7858,0.0085,0.1245,273.3562,0.6069,-0.0557,0.3001,0.3509,0.0668,3.8898,0.9813,0.4824,0.6419,1,0,0,0,0,3.3315
111.4836,172.3200,0.0864,103.3016,3.7990,13.6764,3.7990,0.0086,0.2517,273.3962,0.7619,-0.0538,0.3118,0.3509,0.0702,3.9946,1.9920,0.4871,0.6419,1,0,0,0,0,3.3967
111.5446,172.0867,0.0864,103.3149,3.8862,13.9904,3.8862,0.0089,1.4290,273.4480,0.8480,-0.0538,0.3431,0.3509,0.0725,4.1471,2.4993,0.5135,0.6419,1,0,0,0,0,3.4300
111.5958,171.8851,0.0864,103.3266,4.0277,14.4998,4.0277,0.0091,2.7670,273.4851,0.7256,-0.0518,0.3744,0.3509,0.0738,4.2632,2.2692,0.5443,0.6419,1,0,0,0,0,3.4101
111.6463,171.6758,0.0864,103.3389,4.2842,15.4232,4.2842,0.0097,5.0732,273.5359,1.0044,-0.0518,0.3842,0.3509,0.0761,4.3622,1.9576,0.5791,0.6419,1,0,0,0,0,3.4082
111.7041,171.4207,0.0864,103.3541,4.5870,16.5131,4.5870,0.0108,5.2426,273.5981,1.0770,-0.0499,0.4037,0.3509,0.0778,4.4936,2.2766,0.6113,0.6419,1,0,0,0,0,3.4311
111.7567,171.1722,0.0864,103.3692,4.9089,17.6721,4.9089,0.0120,6.1219,273.6703,1.3736,-0.0499,0.4096,0.3509,0.0801,4.6178,2.3619,0.6377,0.6419,1,0,0,0,0,3.4537
111.8217,170.8432,0.0864,103.3896,5.2582,18.9295,5.2582,0.0132,5.3671,273.7629,1.4227,-0.0499,0.4096,0.3509,0.0812,4.7149,1.4912,0.6549,0.6419,1,0,0,0,0,3.4091
111.8881,170.4865,0.0864,103.4123,5.5381,19.9371,5.5381,0.0143,4.2148,273.8617,1.4876,-0.0479,0.4116,0.3509,0.0842,4.8549,2.1086,0.6651,0.6419,1,0,0,0,0,3.4481
111.9382,170.2067,0.0864,103.4306,5.6852,20.4669,5.6852,0.0151,2.9416,273.9313,1.3921,-0.0459,0.4116,0.3509,0.0870,5.0059,3.0182,0.6688,0.6419,1,0,0,0,0,3.4944
111.9979,169.8631,0.0864,103.4535,5.8291,20.9849,5.8291,0.0159,2.4094,274.0216,1.5120,-0.0440,0.4116,0.3509,0.0893,5.1456,2.3390,0.6716,0.6419,1,0,0,0,0,3.4645
112.0505,169.5540,0.0864,103.4745,5.9361,21.3698,5.9360,0.0158,2.0333,274.1053,1.5903,-0.0420,0.4116,0.3509,0.0931,5.3036,3.0059,0.6731,0.6419,1,0,0,0,0,3.5050
112.1108,169.1941,0.0864,103.4996,6.0268,21.6965,6.0268,0.0166,1.5048,274.2135,1.7953,-0.0381,0.4116,0.3509,0.1003,5.5502,4.0888,0.6741,0.6419,1,0,0,0,0,3.5777
112.1681,168.8482,0.0864,103.5243,6.0793,21.8856,6.0793,0.0174,0.9167,274.3116,1.7112,-0.0342,0.4116,0.3509,0.1073,5.8878,5.8897,0.6745,0.6419,1,0,0,0,0,3.6747
112.2207,168.5282,0.0864,103.5477,6.1103,21.9971,6.1103,0.0180,0.5886,274.3957,1.5976,-0.0303,0.4116,0.3509,0.1136,6.2629,7.1290,0.6747,0.6419,1,0,0,0,0,3.7387
112.2723,168.2131,0.0864,103.5712,6.1387,22.0994,6.1387,0.0191,0.5505,274.5089,2.1944,-0.0245,0.4116,0.3509,0.1228,6.6641,7.7775,0.6749,0.6419,1,0,0,0,0,3.8104
112.3390,167.8042,0.0864,103.6026,6.1620,22.1831,6.1619,0.0204,0.3490,274.6565,2.2147,-0.0206,0.4116,0.3509,0.1329,7.1016,6.5618,0.6750,0.6419,1,0,0,0,0,3.7470
112.3959,167.4539,0.0864,103.6303,6.1751,22.2303,6.1751,0.0215,0.2303,274.7893,2.3325,-0.0166,0.4116,0.3509,0.1413,7.8127,12.4855,0.6750,0.6419,1,0,0,0,0,4.0851
112.4477,167.1347,0.0864,103.6562,6.1842,22.2632,6.1842,0.0225,0.1761,274.9290,2.6949,-0.0147,0.4116,0.3509,0.1473,8.2160,7.7843,0.6750,0.6419,1,0,0,0,0,3.8463
112.5078,166.7646,0.0864,103.6872,6.1906,22.2863,6.1906,0.0231,0.1067,275.0736,2.4087,-0.0147,0.4116,0.3509,0.1510,8.6089,6.5452,0.6750,0.6419,1,0,0,0,0,3.7631
112.5603,166.4404,0.0864,103.7151,6.1950,22.3021,6.1950,0.0236,0.0840,275.2206,2.7977,-0.0147,0.4116,0.3509,0.1525,8.8457,4.5058,0.6751,0.6419,1,0,0,0,0,3.6725
112.6173,166.0888,0.0864,103.7463,6.1981,22.3133,6.1981,0.0238,0.0545,275.3686,2.5983,-0.0147,0.4116,0.3509,0.1532,9.0271,3.1845,0.6751,0.6419,1,0,0,0,0,3.5885
112.6689,165.7700,0.0864,103.7754,6.2003,22.3209,6.2002,0.0240,0.0409,275.5172,2.8772,-0.0147,0.4116,0.3509,0.1535,9.1119,1.6421,0.6751,0.6419,1,0,0,0,0,3.5187
112.7213,165.4462,0.0864,103.8057,6.2017,22.3262,6.2017,0.0241,0.0280,275.6659,2.8360,-0.0147,0.4116,0.3509,0.1537,9.1627,0.9698,0.6751,0.6419,1,0,0,0,0,3.4793
112.7789,165.0911,0.0864,103.8398,6.2028,22.3299,6.2027,0.0241,0.0180,275.8146,2.5855,-0.0147,0.4116,0.3509,0.1537,9.1928,0.5232,0.6751,0.6419,1,0,0,0,0,3.4406
112.8488,164.6592,0.0864,103.8827,6.2036,22.3330,6.2036,0.0241,0.0124,275.9930,2.5504,-0.0147,0.4116,0.3509,0.1537,9.2076,0.2117,0.6751,0.6419,1,0,0,0,0,3.4213
112.9011,164.3367,0.0864,103.9156,6.2041,22.3347,6.2040,0.0241,0.0090,276.1420,2.8496,-0.0147,0.4116,0.3509,0.1537,9.2174,0.1872,0.6751,0.6419,1,0,0,0,0,3.4366
112.9664,163.9339,0.0864,103.9579,6.2045,22.3362,6.2044,0.0241,0.0061,276.3200,2.7270,-0.0166,0.4116,0.3509,0.1521,9.2177,0.0039,0.6751,0.6419,1,0,0,0,0,3.4195
113.0245,163.5755,0.0864,103.9965,6.2046,22.3367,6.2046,0.0239,0.0024,276.4662,2.5169,-0.0186,0.4116,0.3509,0.1501,9.1417,1.3077,0.6751,0.6419,1,0,0,0,0,3.4798
113.0754,163.2614,0.0864,104.0312,6.2048,22.3371,6.2047,0.0236,0.0026,276.5811,2.2555,-0.0206,0.4116,0.3509,0.1473,9.0487,1.8248,0.6751,0.6419,1,0,0,0,0,3.4933
113.1264,162.9469,0.0864,104.0666,6.2049,22.3375,6.2048,0.0231,0.0022,276.7191,2.7056,-0.0264,0.4116,0.3509,0.1397,8.8559,3.7814,0.6751,0.6419,1,0,0,0,0,3.6257
113.1872,162.5721,0.0864,104.1098,6.2049,22.3378,6.2049,0.0220,0.0013,276.8729,2.5289,-0.0342,0.4116,0.3509,0.1272,8.4553,6.5867,0.6751,0.6419,1,0,0,0,0,3.7693
113.2449,162.2168,0.0864,104.1517,6.2050,22.3379,6.2049,0.0182,0.0004,276.9869,1.9780,-0.0459,0.4116,0.3509,0.1097,7.7728,11.8371,0.6751,0.6419,1,0,0,0,0,4.0211
113.2974,161.8935,0.0864,104.1908,6.2050,22.3381,6.2050,0.0115,0.0010,277.0706,1.5956,-0.0577,0.4116,0.3509,0.0925,6.9155,16.3348,0.6751,0.6419,1,0,0,0,0,4.2336
113.3620,161.4952,0.0864,104.2402,6.2051,22.3384,6.2051,0.0055,0.0015,277.1673,1.4937,-0.0694,0.4116,0.3509,0.0638,5.9680,14.6497,0.6751,0.6419,1,0,0,0,0,4.1198
113.4137,161.1772,0.0864,104.2799,6.2051,22.3383,6.2051,0.0093,-0.0010,277.2128,0.8811,-0.0870,0.4116,0.3509,0.0274,4.0860,36.4405,0.6751,0.6419,1,0,0,0,0,5.3054
113.4698,160.8318,0.0864,104.3231,6.2052,22.3386,6.2052,0.0091,0.0015,277.2356,0.4070,-0.1007,0.4116,0.3509,0.0118,2.5825,26.8061,0.6751,0.6419,1,0,0,0,0,4.7434
113.5222,160.5093,0.0864,104.3637,6.2052,22.3388,6.2052,0.0014,0.0009,277.2374,0.0350,-0.1144,0.4116,0.3509,-0.0158,1.4468,21.6802,0.6751,0.6419,1,0,0,0,0,4.4194
113.5739,160.1909,0.0864,104.4042,6.2052,22.3388,6.2052,0.0066,0.0000,277.1993,-0.7363,-0.1222,0.4116,0.3509,-0.0552,-0.3269,34.2899,0.6751,0.6419,1,0,0,0,0,5.1715
113.6300,159.8458,0.0864,104.4478,6.2052,22.3387,6.2052,0.0051,-0.0004,277.1225,-1.3702,-0.1339,0.4116,0.3509,-0.0980,-2.7169,42.6316,0.6751,0.6419,1,0,0,0,0,5.6664
113.6809,159.5323,0.0864,104.4869,6.2052,22.3386,6.2052,0.0075,-0.0005,276.9969,-2.4675,-0.1417,0.4116,0.3509,-0.1339,-4.7307,39.5490,0.6751,0.6419,1,0,0,0,0,5.5620
113.7435,159.1465,0.0864,104.5342,6.2052,22.3386,6.2052,0.0113,0.0002,276.8057,-3.0524,-0.1496,0.4116,0.3509,-0.1669,-6.9499,35.4295,0.6751,0.6419,1,0,0,0,0,5.3748
113.8012,158.7907,0.0864,104.5768,6.2052,22.3388,6.2052,0.0142,0.0007,276.6203,-3.2114,-0.1535,0.4116,0.3509,-0.1874,-8.8577,33.0423,0.6751,0.6419,1,0,0,0,0,5.2581
113.8744,158.3399,0.0864,104.6291,6.2052,22.3386,6.2051,0.0170,-0.0007,276.3759,-3.3404,-0.1594,0.4116,0.3509,-0.2064,-10.4133,21.2669,0.6751,0.6419,1,0,0,0,0,4.6178
113.9337,157.9740,0.0864,104.6701,6.2052,22.3387,6.2052,0.0193,0.0005,276.1084,-4.5092,-0.1652,0.4116,0.3509,-0.2249,-11.9181,25.3613,0.6751,0.6419,1,0,0,0,0,4.9159
113.9922,157.6130,0.0864,104.7091,6.2051,22.3385,6.2051,0.0212,-0.0008,275.8689,-4.0918,-0.1691,0.4116,0.3509,-0.2399,-13.0025,18.5297,0.6751,0.6419,1,0,0,0,0,4.5177
114.0474,157.2727,0.0864,104.7445,6.2052,22.3387,6.2052,0.0228,0.0011,275.6176,-4.5585,-0.1691,0.4116,0.3509,-0.2486,-13.7647,13.8255,0.6751,0.6419,1,0,0,0,0,4.2860
114.1026,156.9320,0.0864,104.7784,6.2051,22.3384,6.2051,0.0237,-0.0016,275.3608,-4.6538,-0.1691,0.4116,0.3509,-0.2524,-14.4292,12.0440,0.6751,0.6419,1,0,0,0,0,4.1946
114.1648,156.5476,0.0864,104.8150,6.2051,22.3385,6.2051,0.0242,0.0001,275.0499,-4.9963,-0.1691,0.4116,0.3509,-0.2542,-14.8423,6.6372,0.6751,0.6419,1,0,0,0,0,3.9145
114.2231,156.1872,0.0864,104.8474,6.2051,22.3384,6.2051,0.0245,-0.0005,274.7898,-4.4606,-0.1691,0.4116,0.3509,-0.2548,-15.0799,4.0750,0.6751,0.6419,1,0,0,0,0,3.7430
114.2740,155.8726,0.0864,104.8743,6.2051,22.3385,6.2051,0.0247,0.0008,274.5804,-4.1139,-0.1711,0.4116,0.3509,-0.2575,-15.2156,2.6655,0.6751,0.6419,1,0,0,0,0,3.6461
114.3322,155.5127,0.0864,104.9035,6.2051,22.3385,6.2051,0.0250,0.0000,274.2627,-5.4608,-0.1711,0.4116,0.3509,-0.2601,-15.3831,2.8790,0.6751,0.6419,1,0,0,0,0,3.7334
114.3919,155.1431,0.0864,104.9317,6.2050,22.3382,6.2050,0.0253,-0.0016,273.9965,-4.4562,-0.1711,0.4116,0.3509,-0.2609,-15.4856,1.7154,0.6751,0.6419,1,0,0,0,0,3.6135
114.4435,154.8240,0.0864,104.9545,6.2051,22.3384,6.2051,0.0253,0.0015,273.7298,-5.1733,-0.1711,0.4116,0.3509,-0.2612,-15.5883,1.9931,0.6751,0.6419,1,0,0,0,0,3.6690
114.5009,154.4687,0.0864,104.9783,6.2051,22.3383,6.2050,0.0254,-0.0006,273.4628,-4.6513,-0.1711,0.4116,0.3509,-0.2614,-15.6370,0.8475,0.6751,0.6419,1,0,0,0,0,3.5765
114.5521,154.1515,0.0864,104.9980,6.2051,22.3383,6.2050,0.0254,0.0001,273.1958,-5.2132,-0.1711,0.4116,0.3509,-0.2615,-15.6609,0.4659,0.6751,0.6419,1,0,0,0,0,3.5865
114.6030,153.8362,0.0864,105.0163,6.2057,22.3407,6.2057,0.0255,0.0128,272.9822,-4.1979,-0.1711,0.4155,0.3509,-0.2615,-15.6733,0.2448,0.6758,0.6419,1,0,0,0,0,3.5180
114.6647,153.4533,0.0864,105.0368,6.2479,22.4923,6.2478,0.0257,0.6829,272.6595,-5.2304,-0.1711,0.4448,0.3509,-0.2615,-15.6824,0.1472,0.6937,0.6419,1,0,0,0,0,3.5701
114.7222,153.0912,0.0864,105.0542,6.3929,23.0146,6.3929,0.0268,2.5226,272.3834,-4.8023,-0.1711,0.4780,0.3509,-0.2615,-15.6867,0.0744,0.7301,0.6419,1,0,0,0,0,3.5434
114.7840,152.6887,0.0864,105.0715,6.6407,23.9065,6.6406,0.0289,4.0069,272.0962,-4.6446,-0.1711,0.5073,0.3509,-0.2615,-15.6888,0.0338,0.7697,0.6419,1,0,0,0,0,3.5348
114.8473,152.2552,0.0864,105.0878,7.0380,25.3368,7.0379,0.0326,6.2758,271.7336,-5.7267,-0.1711,0.5269,0.3509,-0.2615,-15.6898,0.0167,0.8161,0.6419,1,0,0,0,0,3.5983
114.9083,151.8130,0.0864,105.1018,7.4980,26.9926,7.4979,0.0370,7.5378,271.3539,-6.2241,-0.1672,0.5503,0.3509,-0.2554,-15.6629,0.4412,0.8618,0.6419,1,0,0,0,0,3.6540
114.9689,151.3474,0.0864,105.1138,7.9229,28.5224,7.9228,0.0403,7.0202,271.0350,-5.2680,-0.1594,0.5816,0.3509,-0.2402,-15.2965,6.0534,0.9048,0.6419,1,0,0,0,0,3.9148
115.0211,150.9222,0.0864,105.1225,8.3828,30.1780,8.3827,0.0422,8.8049,270.7256,-5.9223,-0.1515,0.6208,0.3509,-0.2187,-14.5294,14.6854,0.9463,0.6419,1,0,0,0,0,4.4301
115.0754,150.4566,0.0864,105.1296,8.8165,31.7395,8.8164,0.0429,7.9913,270.4336,-5.3809,-0.1437,0.6481,0.3509,-0.1956,-13.5351,18.3197,0.9702,0.6419,1,0,0,0,0,4.5993
115.1308,149.9585,0.0864,105.1346,9.1805,33.0499,9.1804,0.0422,6.5617,270.1630,-4.8775,-0.1378,0.6677,0.3509,-0.1749,-12.4506,19.5508,0.9835,0.6419,1,0,0,0,0,4.6357
115.1849,149.4549,0.0864,105.1373,9.4677,34.0838,9.4676,0.0403,5.3078,269.9155,-4.5742,-0.1320,0.6833,0.3509,-0.1553,-11.1228,24.5406,0.9908,0.6419,1,0,0,0,0,4.8910
115.2455,148.8750,0.0864,105.1377,9.6861,34.8699,9.6860,0.0375,3.6038,269.6931,-3.6706,-0.1261,0.6833,0.3509,-0.1360,-9.9634,19.1331,0.9949,0.6419,1,0,0,0,0,4.5346
115.2978,148.3650,0.0864,105.1359,9.8480,35.4527,9.8479,0.0335,3.1003,269.4980,-3.7365,-0.1203,0.6853,0.3509,-0.1164,-8.7409,23.4105,0.9972,0.6419,1,0,0,0,0,4.7689
115.3562,147.7864,0.0864,105.1318,9.9660,35.8775,9.9659,0.0290,2.0201,269.3310,-2.8584,-0.1144,0.6853,0.3509,-0.0972,-7.6221,19.1537,0.9984,0.6419,1,0,0,0,0,4.4761
115.4195,147.1523,0.0864,105.1251,10.0648,36.2334,10.0648,0.0238,1.5610,269.1606,-2.6920,-0.1124,0.6853,0.3509,-0.0823,-6.5969,16.1896,0.9992,0.6419,1,0,0,0,0,4.2941
115.4805,146.5362,0.0864,105.1167,10.1214,36.4370,10.1214,0.0204,0.9269,269.0363,-2.0352,-0.1105,0.6853,0.3509,-0.0730,-5.4031,19.5559,0.9996,0.6419,1,0,0,0,0,4.4394
115.5400,145.9328,0.0864,105.1069,10.1679,36.6043,10.1679,0.0177,0.7812,268.8983,-2.3212,-0.1105,0.6853,0.3509,-0.0685,-4.7755,10.5525,0.9998,0.6419,1,0,0,0,0,3.9510
115.5990,145.3324,0.0864,105.0958,10.1942,36.6989,10.1941,0.0167,0.4455,268.7868,-1.8890,-0.1105,0.6853,0.3509,-0.0671,-4.4052,6.2765,0.9999,0.6419,1,0,0,0,0,3.6879
115.6506,144.8064,0.0864,105.0850,10.2093,36.7536,10.2093,0.0164,0.2947,268.6986,-1.7106,-0.1105,0.6853,0.3509,-0.0666,-4.2038,3.9061,0.9999,0.6419,1,0,0,0,0,3.5457
115.7025,144.2761,0.0864,105.0731,10.2232,36.8036,10.2232,0.0160,0.2676,268.5888,-2.1149,-0.1105,0.6853,0.3509,-0.0662,-4.1039,1.9241,1.0000,0.6419,1,0,0,0,0,3.4575
115.7533,143.7562,0.0864,105.0606,10.2328,36.8382,10.2328,0.0158,0.1888,268.4794,-2.1525,-0.1105,0.6853,0.3509,-0.0661,-4.0394,1.2684,1.0000,0.6419,1,0,0,0,0,3.4228
115.8118,143.1582,0.0864,105.0450,10.2395,36.8623,10.2395,0.0158,0.1144,268.3700,-1.8710,-0.1105,0.6853,0.3509,-0.0660,-3.9977,0.7130,1.0000,0.6419,1,0,0,0,0,3.3763
115.8757,142.5042,0.0864,105.0266,10.2450,36.8818,10.2450,0.0102,0.0851,268.2784,-1.4344,-0.1085,0.6853,0.3509,-0.0284,-3.5059,7.6986,1.0000,0.6419,1,0,0,0,0,3.7320
115.9409,141.8362,0.0864,105.0066,10.2485,36.8944,10.2485,0.0027,0.0536,268.2412,-0.5699,-0.1085,0.6853,0.3509,-0.0103,-2.4443,16.2760,1.0000,0.6419,1,0,0,0,0,4.1494
115.9917,141.3160,0.0864,104.9906,10.2501,36.9002,10.2501,0.0006,0.0314,268.2285,-0.2494,-0.1085,0.6853,0.3509,-0.0052,-1.2627,23.2715,1.0000,0.6419,1,0,0,0,0,4.5172
116.0422,140.7984,0.0864,104.9744,10.2515,36.9053,10.2515,0.0031,0.0280,268.2182,-0.2048,-0.1085,0.6853,0.3509,-0.0023,-0.7679,9.7967,1.0000,0.6419,1,0,0,0,0,3.7699
116.1020,140.1851,0.0864,104.9550,10.2526,36.9092,10.2526,0.0044,0.0184,268.2109,-0.1224,-0.1085,0.6853,0.3509,-0.0010,-0.4183,5.8397,1.0000,0.6419,1,0,0,0,0,3.5472
116.1595,139.5957,0.0864,104.9362,10.2532,36.9114,10.2532,0.0050,0.0104,268.2048,-0.1051,-0.1085,0.6853,0.3509,-0.0004,-0.2106,3.6114,1.0000,0.6419,1,0,0,0,0,3.4234
116.2146,139.0314,0.0864,104.9181,10.2537,36.9132,10.2537,0.0012,0.0091,268.1715,-0.6047,-0.1105,0.6853,0.3509,-0.0326,-0.4944,5.1538,1.0000,0.6419,1,0,0,0,0,3.5313
116.2714,138.4492,0.0864,104.8991,10.2540,36.9145,10.2540,0.0058,0.0066,268.0922,-1.3960,-0.1124,0.6853,0.3509,-0.0548,-1.7217,21.6019,1.0000,0.6419,1,0,0,0,0,4.4958
116.3224,137.9262,0.0864,104.8816,10.2542,36.9152,10.2542,0.0117,0.0039,267.9861,-2.0795,-0.1144,0.6853,0.3509,-0.0684,-2.6734,18.6516,1.0000,0.6419,1,0,0,0,0,4.3785
116.3739,137.3994,0.0864,104.8632,10.2543,36.9155,10.2543,0.0164,0.0016,267.8604,-2.4461,-0.1183,0.6853,0.3509,-0.0810,-3.5590,17.2243,1.0000,0.6419,1,0,0,0,0,4.3265
116.4242,136.8832,0.0864,104.8443,10.2545,36.9161,10.2544,0.0194,0.0029,267.7496,-2.1997,-0.1183,0.6853,0.3509,-0.0860,-4.2521,13.7621,1.0000,0.6419,1,0,0,0,0,4.1248
116.4819,136.2922,0.0864,104.8213,10.2545,36.9162,10.2545,0.0217,0.0005,267.6053,-2.5011,-0.1183,0.6853,0.3509,-0.0890,-4.8011,9.5183,1.0000,0.6419,1,0,0,0,0,3.9091
116.5398,135.6994,0.0864,104.7969,10.2546,36.9166,10.2546,0.0229,0.0020,267.4285,-3.0564,-0.1183,0.6853,0.3509,-0.0905,-5.0911,5.0120,1.0000,0.6419,1,0,0,0,0,3.6914
116.6001,135.0811,0.0864,104.7697,10.2546,36.9167,10.2546,0.0237,0.0007,267.2790,-2.4769,-0.1203,0.6853,0.3509,-0.0928,-5.2899,3.2953,1.0000,0.6419,1,0,0,0,0,3.5650
116.6611,134.4565,0.0864,104.7405,10.2547,36.9168,10.2546,0.0259,0.0002,267.0844,-3.1913,-0.1281,0.6853,0.3509,-0.1060,-5.5674,4.5497,1.0000,0.6419,1,0,0,0,0,3.6776
116.7214,133.8392,0.0864,104.7097,10.2547,36.9168,10.2546,0.0306,0.0000,266.8914,-3.2010,-0.1378,0.6853,0.3509,-0.1281,-6.2460,11.2593,1.0000,0.6419,1,0,0,0,0,4.0578
116.7723,133.3179,0.0864,104.6822,10.2546,36.9166,10.2545,0.0372,-0.0009,266.6607,-4.5330,-0.1457,0.6853,0.3509,-0.1527,-7.2861,20.4324,1.0000,0.6419,1,0,0,0,0,4.6510
116.8290,132.7373,0.0864,104.6494,10.2546,36.9166,10.2545,0.0440,-0.0001,266.3956,-4.6754,-0.1476,0.6853,0.3509,-0.1711,-8.4963,21.3414,1.0000,0.6419,1,0,0,0,0,4.7193
116.8830,132.1842,0.0864,104.6159,10.2545,36.9162,10.2544,0.0492,-0.0020,266.1086,-5.3107,-0.1496,0.6853,0.3509,-0.1826,-9.5499,19.4958,1.0000,0.6419,1,0,0,0,0,4.6598
116.9349,131.6530,0.0864,104.5813,10.2545,36.9163,10.2544,0.0523,0.0005,265.8696,-4.6032,-0.1496,0.6853,0.3509,-0.1873,-10.2488,13.4637,1.0000,0.6419,1,0,0,0,0,4.2899
116.9941,131.0473,0.0864,104.5388,10.2544,36.9160,10.2543,0.0547,-0.0014,265.5045,-6.1672,-0.1496,0.6853,0.3509,-0.1904,-10.8420,10.0189,1.0000,0.6419,1,0,0,0,0,4.1889
117.0509,130.4668,0.0864,104.4949,10.2544,36.9159,10.2543,0.0554,-0.0002,265.1999,-5.3643,-0.1457,0.6853,0.3509,-0.1871,-11.1474,5.3783,1.0000,0.6419,1,0,0,0,0,3.8874
117.1096,129.8668,0.0864,104.4463,10.2544,36.9159,10.2543,0.0558,-0.0002,264.9113,-4.9170,-0.1378,0.6853,0.3509,-0.1733,-11.0117,2.3110,1.0000,0.6419,1,0,0,0,0,3.6929
117.1615,129.3362,0.0864,104.4010,10.2544,36.9157,10.2542,0.0588,-0.0009,264.6462,-5.1045,-0.1339,0.6853,0.3509,-0.1576,-10.5648,8.6076,1.0000,0.6419,1,0,0,0,0,4.0574
117.2153,128.7869,0.0864,104.3518,10.2544,36.9159,10.2543,0.0573,0.0008,264.4536,-3.5824,-0.1281,0.6853,0.3509,-0.1432,-9.7667,14.8379,1.0000,0.6419,1,0,0,0,0,4.3169
117.2724,128.2047,0.0864,104.2972,10.2544,36.9158,10.2543,0.0493,-0.0002,264.2016,-4.4185,-0.1203,0.6853,0.3509,-0.1188,-8.8051,16.8607,1.0000,0.6419,1,0,0,0,0,4.4639
117.3270,127.6474,0.0864,104.2423,10.2544,36.9158,10.2543,0.0417,-0.0003,264.0340,-3.0683,-0.1144,0.6853,0.3509,-0.0988,-7.6816,20.5756,1.0000,0.6419,1,0,0,0,0,4.5841
117.3850,127.0555,0.0864,104.1818,10.2545,36.9161,10.2544,0.0278,0.0013,263.9053,-2.2188,-0.1085,0.6853,0.3509,-0.0703,-6.4880,20.5701,1.0000,0.6419,1,0,0,0,0,4.5164
117.4492,126.4008,0.0864,104.1127,10.2545,36.9163,10.2545,0.0137,0.0012,263.8350,-1.0952,-0.1066,0.7009,0.3509,-0.0255,-4.7179,27.5701,1.0000,0.6419,1,0,0,0,0,4.8222
117.5046,125.8360,0.0864,104.0523,10.2546,36.9165,10.2546,0.0065,0.0007,263.8105,-0.4413,-0.1026,0.7439,0.3509,-0.0110,-2.6287,37.7185,1.0000,0.6419,1,0,0,0,0,5.3391
117.5617,125.2536,0.0864,103.9892,10.2547,36.9169,10.2547,0.0003,0.0019,263.7948,-0.2756,-0.0987,0.7752,0.3509,-0.0047,-1.5172,19.4571,1.0000,0.6419,1,0,0,0,0,4.3063
117.6217,124.6423,0.0864,103.9225,10.2547,36.9170,10.2547,0.0028,0.0005,263.7850,-0.1624,-0.0948,0.8045,0.3509,-0.0020,-0.8605,10.9523,1.0000,0.6419,1,0,0,0,0,3.8312
117.6820,124.0268,0.0864,103.8551,10.2547,36.9167,10.2547,0.0042,-0.0011,263.7779,-0.1188,-0.0851,0.8377,0.3509,-0.0009,-0.4251,7.2111,1.0000,0.6419,1,0,0,0,0,3.6230
117.7406,123.4300,0.0864,103.7897,10.2547,36.9170,10.2547,0.0052,0.0012,263.7708,-0.1204,-0.0772,0.8593,0.3509,-0.0003,-0.2226,3.4582,1.0000,0.6419,1,0,0,0,0,3.4160
117.7935,122.8912,0.0864,103.7305,10.2548,36.9172,10.2548,0.0055,0.0011,263.7654,-0.1028,-0.0714,0.8808,0.3509,-0.0001,-0.1195,1.9506,1.0000,0.6419,1,0,0,0,0,3.3317
117.8440,122.3755,0.0864,103.6738,10.2547,36.9169,10.2547,0.0059,-0.0016,263.7633,-0.0416,-0.0694,0.8925,0.3509,0.0065,-0.0627,1.1222,1.0000,0.6419,1,0,0,0,0,3.2829
117.9076,121.7275,0.0864,103.6025,10.2548,36.9171,10.2548,0.0109,0.0011,263.7979,0.5453,-0.0694,0.9199,0.3509,0.0291,0.5393,9.4689,1.0000,0.6419,1,0,0,0,0,3.7820
117.9658,121.1349,0.0864,103.5375,10.2548,36.9172,10.2548,0.0147,0.0000,263.8476,0.8546,-0.0675,0.9335,0.3509,0.0381,1.3653,14.2082,1.0000,0.6419,1,0,0,0,0,4.0680
118.0200,120.5823,0.0864,103.4774,10.2548,36.9171,10.2548,0.0160,-0.0001,263.9116,1.1807,-0.0675,0.9433,0.3509,0.0426,1.9200,10.2341,1.0000,0.6419,1,0,0,0,0,3.8672
118.0777,119.9941,0.0864,103.4139,10.2548,36.9171,10.2547,0.0198,-0.0001,263.9867,1.3018,-0.0675,0.9433,0.3509,0.0445,2.2815,6.2655,1.0000,0.6419,1,0,0,0,0,3.6590
118.1365,119.3940,0.0864,103.3498,10.2547,36.9170,10.2547,0.0215,-0.0004,264.0638,1.3098,-0.0675,0.9433,0.3509,0.0454,2.5114,3.9063,1.0000,0.6419,1,0,0,0,0,3.5309
118.1954,118.7935,0.0864,103.2865,10.2547,36.9169,10.2547,0.0215,-0.0006,264.1508,1.4765,-0.0675,0.9433,0.3509,0.0458,2.6307,2.0265,1.0000,0.6419,1,0,0,0,0,3.4357
118.2540,118.1953,0.0864,103.2242,10.2547,36.9169,10.2547,0.0209,0.0000,264.2180,1.1469,-0.0675,0.9433,0.3509,0.0459,2.6931,1.0637,1.0000,0.6419,1,0,0,0,0,3.3630
118.3061,117.6642,0.0864,103.1696,10.2547,36.9170,10.2547,0.0207,0.0003,264.2854,1.2937,-0.0694,0.9433,0.3509,0.0453,2.7239,0.5928,1.0000,0.6419,1,0,0,0,0,3.3447
118.3653,117.0603,0.0864,103.1082,10.2547,36.9170,10.2547,0.0202,0.0001,264.3499,1.0892,-0.0694,0.9433,0.3509,0.0434,2.6917,0.5451,1.0000,0.6419,1,0,0,0,0,3.3300
118.4185,116.5175,0.0864,103.0536,10.2547,36.9170,10.2547,0.0198,-0.0002,264.4125,1.1771,-0.0694,0.9433,0.3509,0.0426,2.6362,1.0434,1.0000,0.6419,1,0,0,0,0,3.3620
118.4708,115.9842,0.0864,103.0006,10.2548,36.9171,10.2547,0.0186,0.0007,264.4684,1.0711,-0.0714,0.9433,0.3509,0.0302,2.5950,0.7885,1.0000,0.6419,1,0,0,0,0,3.3402
118.5246,115.4351,0.0864,102.9466,10.2547,36.9169,10.2547,0.0149,-0.0012,264.4898,0.3976,-0.0753,0.9433,0.3509,0.0154,1.9374,12.2200,1.0000,0.6419,1,0,0,0,0,3.9325
118.5764,114.9066,0.0864,102.8949,10.2547,36.9170,10.2547,0.0110,0.0008,264.4998,0.1915,-0.0792,0.9433,0.3509,0.0066,1.3193,11.9351,1.0000,0.6419,1,0,0,0,0,3.8994
118.6366,114.2921,0.0864,102.8351,10.2547,36.9170,10.2547,0.0084,0.0001,264.5010,0.0213,-0.0870,0.9433,0.3509,0.0028,0.7418,9.5920,1.0000,0.6419,1,0,0,0,0,3.7560
118.6879,113.7676,0.0864,102.7841,10.2548,36.9171,10.2547,0.0070,0.0003,264.4987,-0.0463,-0.0909,0.9433,0.3509,0.0012,0.4454,5.7679,1.0000,0.6419,1,0,0,0,0,3.5429
118.7390,113.2464,0.0864,102.7335,10.2547,36.9171,10.2547,0.0064,-0.0002,264.4947,-0.0777,-0.0929,0.9433,0.3509,0.0005,0.2577,3.6760,1.0000,0.6419,1,0,0,0,0,3.4275
118.7985,112.6395,0.0864,102.6746,10.2547,36.9171,10.2547,0.0059,0.0001,264.4901,-0.0780,-0.0948,0.9433,0.3509,0.0002,0.1326,2.1041,1.0000,0.6419,1,0,0,0,0,3.3395
118.8486,112.1274,0.0864,102.6248,10.2548,36.9172,10.2548,0.0058,0.0009,264.4850,-0.0998,-0.0987,0.9433,0.3509,0.0001,0.0702,1.2447,1.0000,0.6419,1,0,0,0,0,3.2929
118.9001,111.6024,0.0864,102.5737,10.2548,36.9171,10.2548,0.0056,-0.0006,264.4809,-0.0807,-0.1026,0.9433,0.3509,0.0000,0.0389,0.6076,1.0000,0.6419,1,0,0,0,0,3.2561
118.9506,111.0868,0.0864,102.5235,10.2547,36.9170,10.2547,0.0057,-0.0005,264.4757,-0.1021,-0.1066,0.9433,0.3509,0.0000,0.0223,0.3297,1.0000,0.6419,1,0,0,0,0,3.2419
119.0046,110.5355,0.0864,102.4698,10.2548,36.9172,10.2548,0.0028,0.0008,264.4523,-0.4338,-0.1124,0.9433,0.3509,-0.0281,-0.0709,1.7251,1.0000,0.6419,1,0,0,0,0,3.3337
119.0576,109.9950,0.0864,102.4170,10.2548,36.9172,10.2548,0.0040,-0.0002,264.3903,-1.1716,-0.1183,0.9433,0.3509,-0.0557,-1.4448,25.9430,1.0000,0.6419,1,0,0,0,0,4.7219
119.1088,109.4717,0.0864,102.3654,10.2547,36.9170,10.2547,0.0130,-0.0007,264.2700,-2.3461,-0.1242,0.9433,0.3509,-0.0831,-2.7905,26.2443,1.0000,0.6419,1,0,0,0,0,4.8171
119.1676,108.8720,0.0864,102.3053,10.2547,36.9169,10.2547,0.0211,-0.0005,264.1134,-2.6636,-0.1300,0.9433,0.3509,-0.1044,-4.2000,23.9809,1.0000,0.6419,1,0,0,0,0,4.7207
119.2297,108.2386,0.0864,102.2402,10.2547,36.9171,10.2547,0.0288,0.0008,263.8878,-3.6328,-0.1320,0.9433,0.3509,-0.1227,-5.6444,23.2637,1.0000,0.6419,1,0,0,0,0,4.7461
119.2906,107.6179,0.0864,102.1744,10.2547,36.9168,10.2546,0.0340,-0.0012,263.6765,-3.4716,-0.1359,0.9433,0.3509,-0.1353,-6.7483,18.1338,1.0000,0.6419,1,0,0,0,0,4.4597
119.3514,106.9979,0.0864,102.1063,10.2547,36.9169,10.2546,0.0383,0.0001,263.4033,-4.4917,-0.1378,0.9433,0.3509,-0.1444,-7.6456,14.7530,1.0000,0.6419,1,0,0,0,0,4.3348
119.4115,106.3861,0.0864,102.0365,10.2546,36.9166,10.2545,0.0410,-0.0012,263.1641,-3.9837,-0.1378,0.9433,0.3509,-0.1500,-8.3005,10.9071,1.0000,0.6419,1,0,0,0,0,4.0969
119.4702,105.7884,0.0864,101.9658,10.2546,36.9165,10.2545,0.0397,-0.0006,262.8920,-4.6358,-0.1203,0.9433,0.3509,-0.1284,-8.4485,2.5206,1.0000,0.6419,1,0,0,0,0,3.6653
119.5213,105.2675,0.0864,101.9020,10.2546,36.9166,10.2545,0.0342,0.0005,262.7487,-2.7990,-0.1066,0.9433,0.3509,-0.0920,-7.7635,13.3846,1.0000,0.6419,1,0,0,0,0,4.1588
119.5778,104.6925,0.0864,101.8297,10.2547,36.9167,10.2546,0.0204,0.0008,262.6534,-1.6878,-0.0909,0.9433,0.3509,-0.0395,-5.7421,35.7741,1.0000,0.6419,1,0,0,0,0,5.3208
119.6328,104.1336,0.0864,101.7581,10.2547,36.9167,10.2546,0.0090,0.0000,262.6095,-0.7987,-0.0733,0.9433,0.3509,-0.0170,-3.5338,40.1895,1.0000,0.6419,1,0,0,0,0,5.4999
119.6847,103.6053,0.0864,101.6897,10.2547,36.9168,10.2547,0.0024,0.0002,262.6183,0.1698,-0.0577,0.9433,0.3509,0.0245,-1.7007,35.2834,1.0000,0.6419,1,0,0,0,0,5.1828
119.7363,103.0814,0.0864,101.6215,10.2548,36.9171,10.2548,0.0146,0.0019,262.6890,1.3712,-0.0420,0.9433,0.3509,0.0624,0.1776,36.4550,1.0000,0.6419,1,0,0,0,0,5.3325
119.7949,102.4846,0.0864,101.5443,10.2547,36.9169,10.2547,0.0265,-0.0012,262.8174,2.1877,-0.0225,0.9433,0.3509,0.0989,2.6065,41.3901,1.0000,0.6419,1,0,0,0,0,5.6694
119.8455,101.9701,0.0864,101.4784,10.2547,36.9168,10.2546,0.0355,-0.0003,262.9587,2.7956,-0.0127,0.9433,0.3509,0.1244,4.5960,39.3365,1.0000,0.6419,1,0,0,0,0,5.6023
119.9028,101.3876,0.0864,101.4053,10.2546,36.9167,10.2545,0.0474,-0.0006,263.2232,4.6189,-0.0049,0.9433,0.3509,0.1534,6.4750,32.8200,1.0000,0.6419,1,0,0,0,0,5.3589
119.9595,100.8098,0.0864,101.3348,10.2546,36.9164,10.2544,0.0552,-0.0012,263.4803,4.5295,0.0049,0.9433,0.3509,0.1737,8.1816,30.0618,1.0000,0.6419,1,0,0,0,0,5.2122
120.0136,100.2596,0.0864,101.2698,10.2545,36.9162,10.2543,0.0614,-0.0014,263.7627,5.2264,0.0068,0.9433,0.3509,0.1866,9.4311,23.1285,1.0000,0.6419,1,0,0,0,0,4.8747
120.0668,99.7174,0.0864,101.2082,10.2544,36.9158,10.2542,0.0649,-0.0017,264.0009,4.4765,0.0107,0.9433,0.3509,0.1946,10.4523,19.1884,1.0000,0.6419,1,0,0,0,0,4.6192
120.1229,99.1453,0.0864,101.1460,10.2543,36.9156,10.2541,0.0682,-0.0010,264.3097,5.5032,0.0107,0.9433,0.3509,0.2008,11.1804,12.9753,1.0000,0.6419,1,0,0,0,0,4.3360
120.1826,98.5363,0.0864,101.0832,10.2543,36.9153,10.2540,0.0706,-0.0015,264.6880,6.3363,0.0107,0.9433,0.3509,0.2039,11.6947,8.6130,1.0000,0.6419,1,0,0,0,0,4.1434
120.2331,98.0209,0.0864,101.0327,10.2542,36.9150,10.2539,0.0713,-0.0016,264.9423,5.0352,0.0107,0.9433,0.3509,0.2047,11.9650,5.3527,1.0000,0.6419,1,0,0,0,0,3.8910
120.2849,97.4917,0.0864,100.9837,10.2543,36.9154,10.2540,0.0720,0.0020,265.2617,6.1607,0.0127,0.9414,0.3509,0.2063,12.1286,3.1570,1.0000,0.6419,1,0,0,0,0,3.8326
120.3352,96.9785,0.0864,100.9387,10.2541,36.9149,10.2539,0.0728,-0.0028,265.5843,6.4235,0.0127,0.9081,0.3509,0.2082,12.2745,2.9038,1.0000,0.6419,1,0,0,0,0,3.8343
120.3938,96.3795,0.0864,100.8896,10.2541,36.9148,10.2539,0.0727,-0.0002,265.9061,5.4897,0.0049,0.8377,0.3509,0.2040,12.3729,1.6787,1.0000,0.6419,1,0,0,0,0,3.7143
120.4455,95.8505,0.0864,100.8491,10.2541,36.9147,10.2538,0.0710,-0.0010,266.1518,4.7490,-0.0049,0.7908,0.3509,0.1930,12.1757,3.8106,1.0000,0.6419,1,0,0,0,0,3.7890
120.4965,95.3295,0.0864,100.8120,10.2541,36.9148,10.2539,0.0668,0.0008,266.4332,5.5240,-0.0166,0.7556,0.3509,0.1735,11.6664,9.9986,1.0000,0.6419,1,0,0,0,0,4.1697
120.5469,94.8140,0.0864,100.7776,10.2542,36.9149,10.2540,0.0609,0.0007,266.6812,4.9219,-0.0303,0.7224,0.3509,0.1506,10.7168,18.8463,1.0000,0.6419,1,0,0,0,0,4.6192
120.6039,94.2307,0.0864,100.7413,10.2542,36.9152,10.2541,0.0537,0.0015,266.8907,3.6766,-0.0440,0.7165,0.3509,0.1244,9.5815,19.9189,1.0000,0.6419,1,0,0,0,0,4.5990
120.6629,93.6257,0.0864,100.7063,10.2543,36.9154,10.2542,0.0450,0.0009,267.0546,2.7734,-0.0596,0.7165,0.3509,0.0947,8.0892,25.2541,1.0000,0.6419,1,0,0,0,0,4.8326
120.7186,93.0562,0.0864,100.6753,10.2543,36.9156,10.2543,0.0349,0.0010,267.1661,2.0044,-0.0714,0.7165,0.3509,0.0551,6.4077,30.2328,1.0000,0.6419,1,0,0,0,0,5.0516
120.7754,92.4745,0.0864,100.6451,10.2545,36.9160,10.2544,0.0233,0.0020,267.2150,0.8606,-0.0831,0.7165,0.3509,0.0237,4.1182,40.3015,1.0000,0.6419,1,0,0,0,0,5.5304
120.8267,91.9493,0.0864,100.6186,10.2545,36.9163,10.2545,0.0152,0.0011,267.2330,0.3517,-0.0831,0.7165,0.3509,0.0102,2.6296,29.0264,1.0000,0.6419,1,0,0,0,0,4.8640
120.8771,91.4322,0.0864,100.5929,10.2545,36.9163,10.2545,0.0111,0.0003,267.2375,0.0895,-0.0831,0.7165,0.3509,0.0052,1.5774,20.8406,1.0000,0.6419,1,0,0,0,0,4.3887
120.9395,90.7932,0.0864,100.5614,10.2546,36.9166,10.2546,0.0080,0.0013,267.2370,-0.0088,-0.0851,0.7165,0.3509,0.0019,0.8516,11.6331,1.0000,0.6419,1,0,0,0,0,3.8681
120.9987,90.1873,0.0864,100.5317,10.2547,36.9170,10.2547,0.0067,0.0018,267.2337,-0.0557,-0.0851,0.7146,0.3509,0.0008,0.4312,7.1052,1.0000,0.6419,1,0,0,0,0,3.6173
121.0496,89.6663,0.0864,100.5061,10.2547,36.9169,10.2547,0.0062,-0.0005,267.2294,-0.0846,-0.0851,0.6931,0.3509,0.0003,0.2453,3.6554,1.0000,0.6419,1,0,0,0,0,3.4265
121.1044,89.1050,0.0864,100.4785,10.2547,36.9168,10.2547,0.0059,-0.0006,267.2246,-0.0874,-0.0851,0.6716,0.3509,0.0001,0.1258,2.1816,1.0000,0.6419,1,0,0,0,0,3.3443
121.1584,88.5513,0.0864,100.4513,10.2547,36.9170,10.2547,0.0058,0.0010,267.2196,-0.0926,-0.0851,0.6696,0.3509,0.0001,0.0652,1.1192,1.0000,0.6419,1,0,0,0,0,3.2854
121.2174,87.9474,0.0864,100.4215,10.2547,36.9171,10.2547,0.0057,0.0004,267.2144,-0.0880,-0.0851,0.6696,0.3509,0.0000,0.0325,0.5550,1.0000,0.6419,1,0,0,0,0,3.2536
121.2746,87.3616,0.0864,100.3926,10.2547,36.9171,10.2547,0.0056,0.0000,267.2094,-0.0880,-0.0851,0.6696,0.3509,0.0000,0.0153,0.3004,1.0000,0.6419,1,0,0,0,0,3.2394
121.3275,86.8199,0.0864,100.3658,10.2547,36.9171,10.2547,0.0057,0.0001,267.2042,-0.0975,-0.0772,0.6696,0.3509,0.0000,0.0081,0.1370,1.0000,0.6419,1,0,0,0,0,3.2309
121.3791,86.2907,0.0864,100.3395,10.2548,36.9172,10.2548,0.0067,0.0007,267.2050,0.0142,-0.0694,0.6696,0.3509,0.0120,0.0044,0.0707,1.0000,0.6419,1,0,0,0,0,3.2241
121.4370,85.6977,0.0864,100.3102,10.2548,36.9171,10.2547,0.0121,-0.0005,267.2447,0.6863,-0.0577,0.6696,0.3509,0.0385,0.7543,12.9523,1.0000,0.6419,1,0,0,0,0,3.9851
121.4885,85.1704,0.0864,100.2842,10.2548,36.9171,10.2547,0.0174,0.0000,267.3040,1.1510,-0.0499,0.6696,0.3509,0.0568,1.8127,20.5556,1.0000,0.6419,1,0,0,0,0,4.4411
121.5466,84.5753,0.0864,100.2555,10.2548,36.9171,10.2547,0.0258,-0.0001,267.4336,2.2319,-0.0401,0.6696,0.3509,0.0813,3.0374,21.0802,1.0000,0.6419,1,0,0,0,0,4.5425
121.6037,83.9909,0.0864,100.2282,10.2548,36.9171,10.2547,0.0322,-0.0001,267.5747,2.4729,-0.0342,0.6696,0.3509,0.0987,3.9331,15.6997,1.0000,0.6419,1,0,0,0,0,4.2663
121.6582,83.4327,0.0864,100.2033,10.2547,36.9169,10.2546,0.0377,-0.0009,267.7403,3.0389,-0.0264,0.6696,0.3509,0.1143,5.3739,26.4424,1.0000,0.6419,1,0,0,0,0,4.9027
121.7084,82.9175,0.0864,100.1816,10.2546,36.9167,10.2546,0.0418,-0.0013,267.8901,2.9803,-0.0186,0.6696,0.3509,0.1268,6.2284,16.9938,1.0000,0.6419,1,0,0,0,0,4.3804
121.7595,82.3943,0.0864,100.1609,10.2546,36.9165,10.2545,0.0471,-0.0012,268.1005,4.1195,-0.0108,0.6696,0.3509,0.1427,7.0520,16.1269,1.0000,0.6419,1,0,0,0,0,4.4033
121.8127,81.8497,0.0864,100.1411,10.2545,36.9162,10.2544,0.0523,-0.0015,268.3353,4.4180,-0.0029,0.6696,0.3509,0.1583,8.0332,18.4619,1.0000,0.6419,1,0,0,0,0,4.5572
121.8722,81.2392,0.0864,100.1213,10.2545,36.9161,10.2543,0.0578,-0.0003,268.5988,4.4233,0.0049,0.6696,0.3509,0.1771,9.0261,16.6725,1.0000,0.6419,1,0,0,0,0,4.4662
121.9323,80.6236,0.0864,100.1042,10.2544,36.9159,10.2542,0.0636,-0.0009,268.8912,4.8693,0.0166,0.6696,0.3509,0.1959,10.2229,19.9248,1.0000,0.6419,1,0,0,0,0,4.6801
121.9916,80.0157,0.0864,100.0904,10.2544,36.9157,10.2541,0.0705,-0.0010,269.2787,6.5346,0.0244,0.6696,0.3509,0.2157,11.3058,18.2643,1.0000,0.6419,1,0,0,0,0,4.6905
122.0543,79.3722,0.0864,100.0796,10.2543,36.9154,10.2540,0.0755,-0.0012,269.6276,5.5597,0.0303,0.6696,0.3509,0.2302,12.3943,17.3427,1.0000,0.6419,1,0,0,0,0,4.5925
122.1206,78.6931,0.0864,100.0729,10.2541,36.9148,10.2538,0.0810,-0.0025,270.0743,6.7439,0.0342,0.6696,0.3509,0.2441,13.2881,13.4949,1.0000,0.6419,1,0,0,0,0,4.4525
122.1764,78.1207,0.0864,100.0711,10.2540,36.9145,10.2537,0.0842,-0.0016,270.4603,6.9149,0.0342,0.6696,0.3509,0.2494,14.2316,16.9017,1.0000,0.6419,1,0,0,0,0,4.6559
122.2314,77.5569,0.0864,100.0731,10.2540,36.9144,10.2537,0.0840,-0.0004,270.8537,7.1557,0.0342,0.6696,0.3509,0.2517,14.6293,7.2330,1.0000,0.6419,1,0,0,0,0,4.1319
122.2825,77.0328,0.0864,100.0788,10.2540,36.9142,10.2536,0.0793,-0.0012,271.2575,7.8985,0.0342,0.6696,0.3509,0.2527,14.8654,4.6187,1.0000,0.6419,1,0,0,0,0,4.0210
122.3406,76.4371,0.0864,100.0896,10.2539,36.9141,10.2536,0.0773,-0.0005,271.6600,6.9275,0.0283,0.6696,0.3509,0.2494,15.0016,2.3440,1.0000,0.6419,1,0,0,0,0,3.8378
122.3940,75.8898,0.0864,100.1034,10.2540,36.9142,10.2537,0.0750,0.0006,272.0506,7.3152,0.0225,0.6696,0.3509,0.2404,14.8777,2.3210,1.0000,0.6419,1,0,0,0,0,3.8547
122.4494,75.3218,0.0864,100.1216,10.2540,36.9145,10.2538,0.0699,0.0011,272.4124,6.5301,0.0127,0.6696,0.3509,0.2253,14.4209,8.2430,1.0000,0.6419,1,0,0,0,0,4.1327
122.5002,74.8015,0.0864,100.1415,10.2541,36.9147,10.2539,0.0686,0.0013,272.7509,6.6643,0.0010,0.6696,0.3509,0.2081,13.7725,12.7659,1.0000,0.6419,1,0,0,0,0,4.3895
122.5554,74.2356,0.0864,100.1661,10.2541,36.9146,10.2538,0.0698,-0.0003,273.0689,5.7575,-0.0069,0.6696,0.3509,0.1909,12.9009,15.7792,1.0000,0.6419,1,0,0,0,0,4.5082
122.6114,73.6621,0.0864,100.1941,10.2540,36.9146,10.2538,0.0660,-0.0003,273.3477,4.9787,-0.0186,0.6696,0.3509,0.1698,11.8655,18.4900,1.0000,0.6419,1,0,0,0,0,4.6100
122.6653,73.1101,0.0864,100.2238,10.2541,36.9149,10.2540,0.0613,0.0018,273.5463,3.6830,-0.0245,0.6696,0.3509,0.1545,10.8033,19.7036,1.0000,0.6419,1,0,0,0,0,4.5986
122.7199,72.5511,0.0864,100.2565,10.2542,36.9150,10.2540,0.0555,0.0006,273.7682,4.0626,-0.0303,0.6696,0.3509,0.1373,9.6983,20.2336,1.0000,0.6419,1,0,0,0,0,4.6406
122.7705,72.0340,0.0864,100.2888,10.2543,36.9154,10.2541,0.0505,0.0017,273.9669,3.9354,-0.0362,0.6696,0.3509,0.1240,8.8053,17.6791,1.0000,0.6419,1,0,0,0,0,4.4843
122.8331,71.3934,0.0864,100.3313,10.2543,36.9155,10.2542,0.0460,0.0007,274.1845,3.4746,-0.0362,0.6696,0.3509,0.1150,7.9406,13.8093,1.0000,0.6419,1,0,0,0,0,4.2371
122.8877,70.8347,0.0864,100.3703,10.2543,36.9156,10.2542,0.0439,0.0005,274.3236,2.5462,-0.0362,0.6696,0.3509,0.1125,7.3583,10.6616,1.0000,0.6419,1,0,0,0,0,4.0076
122.9381,70.3189,0.0864,100.4079,10.2545,36.9160,10.2544,0.0426,0.0023,274.4944,3.3865,-0.0362,0.6696,0.3509,0.1110,7.0517,6.0785,1.0000,0.6419,1,0,0,0,0,3.7978
122.9959,69.7280,0.0864,100.4527,10.2545,36.9162,10.2544,0.0418,0.0007,274.6633,2.9232,-0.0381,0.6696,0.3509,0.1092,6.8196,4.0167,1.0000,0.6419,1,0,0,0,0,3.6564
123.0467,69.2084,0.0864,100.4937,10.2545,36.9162,10.2544,0.0408,-0.0001,274.8264,3.2080,-0.0420,0.6696,0.3509,0.1042,6.6433,3.4687,1.0000,0.6419,1,0,0,0,0,3.6403
123.0975,68.6893,0.0864,100.5360,10.2545,36.9163,10.2544,0.0393,0.0006,274.9489,2.4137,-0.0459,0.6696,0.3509,0.0980,6.3452,5.8694,1.0000,0.6419,1,0,0,0,0,3.7272
123.1503,68.1505,0.0864,100.5813,10.2545,36.9163,10.2545,0.0367,0.0001,275.0886,2.6487,-0.0518,0.6696,0.3509,0.0875,6.0940,4.7636,1.0000,0.6419,1,0,0,0,0,3.6752
123.2084,67.5567,0.0864,100.6328,10.2546,36.9164,10.2545,0.0334,0.0006,275.2100,2.0874,-0.0596,0.6696,0.3509,0.0753,5.3818,12.2513,1.0000,0.6419,1,0,0,0,0,4.0550
123.2662,66.9658,0.0864,100.6854,10.2545,36.9163,10.2545,0.0291,-0.0003,275.3304,2.0826,-0.0655,0.6696,0.3509,0.0611,4.6768,12.1894,1.0000,0.6419,1,0,0,0,0,4.0451
123.3217,66.3993,0.0864,100.7370,10.2546,36.9165,10.2546,0.0236,0.0007,275.3992,1.2405,-0.0714,0.6696,0.3509,0.0335,4.0615,11.0918,1.0000,0.6419,1,0,0,0,0,3.9292
123.3767,65.8381,0.0864,100.7889,10.2546,36.9167,10.2546,0.0165,0.0009,275.4270,0.5052,-0.0812,0.6696,0.3509,0.0144,2.6523,25.6361,1.0000,0.6419,1,0,0,0,0,4.6860
123.4393,65.1991,0.0864,100.8488,10.2546,36.9167,10.2546,0.0114,0.0001,275.4359,0.1414,-0.0890,0.6696,0.3509,0.0062,1.6071,16.7017,1.0000,0.6419,1,0,0,0,0,4.1620
123.4996,64.5829,0.0864,100.9067,10.2547,36.9169,10.2547,0.0083,0.0009,275.4365,0.0101,-0.0929,0.6696,0.3509,0.0022,0.8495,12.5524,1.0000,0.6419,1,0,0,0,0,3.9196
123.5510,64.0584,0.0864,100.9562,10.2547,36.9170,10.2547,0.0070,0.0004,275.4343,-0.0428,-0.0948,0.6696,0.3509,0.0011,0.5028,6.7487,1.0000,0.6419,1,0,0,0,0,3.5972
123.6117,63.4388,0.0864,101.0146,10.2548,36.9171,10.2548,0.0063,0.0007,275.4293,-0.0825,-0.0987,0.6696,0.3509,0.0004,0.2601,3.9999,1.0000,0.6419,1,0,0,0,0,3.4456
123.6684,62.8593,0.0864,101.0693,10.2547,36.9169,10.2547,0.0059,-0.0008,275.4246,-0.0828,-0.1007,0.6696,0.3509,0.0002,0.1493,1.9510,1.0000,0.6419,1,0,0,0,0,3.3313
123.7290,62.2410,0.0864,101.1275,10.2547,36.9170,10.2547,0.0057,0.0003,275.4195,-0.0842,-0.1007,0.6696,0.3509,0.0001,0.0632,1.4213,1.0000,0.6419,1,0,0,0,0,3.3016
123.7925,61.5932,0.0864,101.1885,10.2548,36.9171,10.2548,0.0057,0.0004,275.4133,-0.0976,-0.1007,0.6696,0.3509,0.0000,0.0299,0.5250,1.0000,0.6419,1,0,0,0,0,3.2525
123.8465,61.0416,0.0864,101.2404,10.2547,36.9170,10.2547,0.0057,-0.0005,275.4081,-0.0955,-0.1026,0.6696,0.3509,0.0000,0.0152,0.2731,1.0000,0.6419,1,0,0,0,0,3.2384
123.8991,60.5045,0.0864,101.2908,10.2547,36.9171,10.2547,0.0057,0.0003,275.4030,-0.0980,-0.1026,0.6696,0.3509,0.0000,0.0079,0.1385,1.0000,0.6419,1,0,0,0,0,3.2311
123.9499,59.9859,0.0864,101.3395,10.2547,36.9170,10.2547,0.0056,-0.0001,275.3988,-0.0811,-0.1026,0.6696,0.3509,0.0000,0.0043,0.0708,1.0000,0.6419,1,0,0,0,0,3.2263
124.0022,59.4519,0.0864,101.3896,10.2547,36.9171,10.2547,0.0056,0.0002,275.3937,-0.0986,-0.1026,0.6696,0.3509,0.0000,0.0023,0.0382,1.0000,0.6419,1,0,0,0,0,3.2255
124.0577,58.8855,0.0864,101.4426,10.2548,36.9172,10.2548,0.0056,0.0005,275.3885,-0.0935,-0.1026,0.6696,0.3509,0.0000,0.0010,0.0224,1.0000,0.6419,1,0,0,0,0,3.2243
124.1095,58.3559,0.0864,101.4922,10.2428,36.8740,10.2428,0.0057,-0.2311,275.3834,-0.0976,-0.1026,0.6677,0.3411,0.0000,0.0006,0.0090,1.0000,0.6464,1,0,0,0,0,3.2465
124.1640,57.8193,0.0864,101.5424,9.3954,33.8235,9.3954,0.0055,-15.5467,275.3793,-0.0761,-0.1026,-0.7732,0.3313,0.0000,0.0003,0.0054,0.6246,0.6524,1,0,0,0,0,3.2754
124.2202,57.3577,0.0864,101.5854,6.9880,25.1569,6.9880,0.0057,-42.8723,275.3730,-0.1109,-0.1026,-0.9667,0.3079,0.0000,0.0001,0.0028,0.3083,0.6685,1,0,0,0,0,3.3613
124.2771,57.0129,0.0864,101.6174,4.9016,17.6458,4.9016,0.0056,-36.6976,275.3679,-0.0913,-0.1026,0.2102,0.2923,0.0000,0.0001,0.0011,0.2076,0.6856,1,0,0,0,0,3.4505
124.3272,56.7918,0.0864,101.6379,4.0688,14.6476,4.0688,0.0055,-16.6079,275.3637,-0.0828,-0.1026,0.5777,0.2844,0.0000,0.0000,0.0005,0.4243,0.6959,1,0,0,0,0,3.5044
124.3907,56.5296,0.0864,101.6620,4.4444,15.9998,4.4444,0.0055,5.9180,275.3575,-0.0971,-0.1026,0.8573,0.2747,0.0000,0.0000,0.0003,0.7155,0.7097,1,0,0,0,0,3.5723
124.4411,56.2886,0.0864,101.6843,5.1182,18.4257,5.1182,0.0055,13.3502,275.3535,-0.0810,-0.1026,0.7635,0.2649,0.0000,0.0000,0.0002,0.8223,0.7190,1,0,0,0,0,3.6153
124.4931,55.9980,0.0864,101.7111,6.0096,21.6345,6.0096,0.0055,17.1606,275.3482,-0.1005,-0.1026,0.6892,0.2629,0.0000,0.0000,0.0001,0.9013,0.7260,1,0,0,0,0,3.6493
124.5446,55.6695,0.0864,101.7415,6.7907,24.4464,6.7907,0.0055,15.1538,275.3431,-0.1001,-0.1026,0.6794,0.2629,0.0000,0.0000,0.0000,0.9452,0.7294,1,0,0,0,0,3.6648
124.5964,55.3057,0.0864,101.7752,7.3001,26.2803,7.3001,0.0054,9.8423,275.3389,-0.0802,-0.1026,0.6774,0.2610,0.0000,0.0000,0.0000,0.9658,0.7312,1,0,0,0,0,3.6717
124.6573,54.8435,0.0864,101.8179,7.8753,28.3512,7.8753,0.0055,9.4474,275.3328,-0.1007,-0.1026,0.6774,0.2610,0.0000,0.0000,0.0000,0.9831,0.7329,1,0,0,0,0,3.6804
124.7134,54.3939,0.0864,101.8595,8.2122,29.5640,8.2122,0.0055,6.0044,275.3276,-0.0919,-0.1026,0.6774,0.2610,0.0000,0.0000,0.0000,0.9906,0.7334,1,0,0,0,0,3.6819
124.7705,53.9193,0.0864,101.9034,8.4512,30.4243,8.4512,0.0054,4.1806,275.3225,-0.0897,-0.1026,0.6774,0.2610,0.0000,0.0000,0.0000,0.9948,0.7336,1,0,0,0,0,3.6825
124.8268,53.4405,0.0864,101.9476,8.6181,31.0250,8.6181,0.0054,2.9650,275.3174,-0.0911,-0.1026,0.6774,0.2610,0.0000,0.0000,0.0000,0.9971,0.7336,1,0,0,0,0,3.6827
124.8824,52.9598,0.0864,101.9919,8.7330,31.4390,8.7330,0.0054,2.0686,275.3122,-0.0928,-0.1026,0.6774,0.2610,0.0000,0.0000,0.0000,0.9984,0.7337,1,0,0,0,0,3.6828
124.9386,52.4687,0.0864,102.0372,8.7983,31.6740,8.7983,0.0054,1.1612,275.3071,-0.0917,-0.1026,0.6774,0.2453,0.0000,0.0000,0.0000,0.9991,0.7399,1,0,0,0,0,3.7137
124.9973,51.9633,0.0864,102.0837,8.3448,30.0413,8.3448,0.0053,-7.7311,275.3008,-0.1061,-0.1026,0.6794,-0.5934,0.0000,0.0000,0.0000,0.9996,0.9019,1,1,0,0,0,24.5248
125.0602,51.4583,0.0864,102.1301,7.7633,27.9480,7.7633,0.0050,-9.2473,275.2957,-0.0825,-0.1026,0.6794,-0.8710,0.0000,0.0000,0.0000,0.9998,0.9605,1,1,0,0,0,24.8169
125.1207,51.0069,0.0864,102.1716,7.2435,26.0767,7.2435,0.0049,-8.5895,275.2895,-0.1019,-0.1026,0.6794,-0.9687,0.0000,0.0000,0.0000,0.9999,0.9868,1,1,0,0,0,24.9497
125.1809,50.5808,0.0864,102.2106,6.9734,25.1043,6.9734,0.0048,-4.4853,275.2843,-0.0862,-0.1026,0.6794,-1.0000,0.0000,0.0000,0.0000,0.9999,0.9947,1,1,0,0,0,24.9886
125.2382,50.1885,0.0864,102.2465,6.8089,24.5122,6.8089,0.0048,-2.8729,275.2791,-0.0901,-0.1026,0.6813,-1.0000,0.0000,0.0000,0.0000,1.0000,0.9979,1,1,0,0,0,25.0049
125.2948,49.8075,0.0864,102.2814,6.7120,24.1632,6.7120,0.0048,-1.7104,275.2740,-0.0915,-0.1026,0.6813,-1.0000,0.0000,0.0000,0.0000,1.0000,0.9991,1,1,0,0,0,25.0115
125.3558,49.4022,0.0864,102.3184,6.6480,23.9329,6.6480,0.0048,-1.0490,275.2677,-0.1026,-0.1026,0.6813,-1.0000,0.0000,0.0000,0.0000,1.0000,0.9997,1,1,0,0,0,25.0152
125.4148,49.0123,0.0864,102.3540,6.6195,23.8301,6.6195,0.0048,-0.4838,275.2625,-0.0879,-0.1026,0.6833,-1.0000,0.0000,0.0000,0.0000,1.0000,0.9999,1,1,0,0,0,25.0152
125.4681,48.6617,0.0864,102.3859,6.6034,23.7722,6.6034,0.0048,-0.3020,275.2574,-0.0957,-0.1026,0.6833,-1.0000,0.0000,0.0000,0.0000,1.0000,1.0000,1,1,0,0,0,25.0161
125.5194,48.3247,0.0864,102.4166,6.5943,23.7395,6.5943,0.0049,-0.1772,275.2523,-0.1006,-0.1026,0.6833,-1.0000,0.0000,0.0000,0.0000,1.0000,1.0000,1,1,0,0,0,25.0166
125.5784,47.9375,0.0864,102.4518,6.5893,23.7214,6.5893,0.0048,-0.0853,275.2471,-0.0880,-0.1026,0.9218,-0.9062,0.0000,0.0000,0.0000,1.0000,1.0000,1,1,0,0,0,25.0159
125.6340,47.5724,0.0864,102.4850,6.5864,23.7110,6.5864,0.0048,-0.0519,275.2419,-0.0932,-0.1026,0.9902,-0.8143,0.0000,0.0000,0.0000,1.0000,1.0000,1,1,0,0,0,25.0162
125.6949,47.1732,0.0864,102.5212,6.5848,23.7053,6.5848,0.0048,-0.0261,275.2367,-0.0852,-0.1026,1.0000,-0.7028,0.0000,0.0000,0.0000,1.0000,1.0000,1,1,0,0,0,25.0156
125.7482,46.8234,0.0864,102.5529,6.5839,23.7021,6.5839,0.0048,-0.0165,275.2315,-0.0967,-0.1026,0.9375,-0.5015,0.0000,0.0000,0.0000,1.0000,1.0000,1,1,0,0,0,25.0163
125.8015,46.4744,0.0864,102.5845,6.5834,23.7002,6.5834,0.0048,-0.0096,275.2264,-0.0957,-0.1026,0.7263,-0.4018,0.0000,0.0000,0.0000,1.0000,1.0000,1,1,0,0,0,25.0163
125.8616,46.0798,0.0864,102.6202,6.5832,23.6994,6.5832,0.0048,-0.0037,275.2212,-0.0867,-0.1026,0.6892,-0.3666,0.0000,0.0000,0.0000,1.0000,1.0000,1,1,0,0,0,25.0157
125.9226,45.6801,0.0864,102.6563,6.5830,23.6987,6.5830,0.0048,-0.0034,275.2150,-0.1016,-0.1026,0.6872,-0.3529,0.0000,0.0000,0.0000,1.0000,1.0000,1,1,0,0,0,25.0167
125.9758,45.3313,0.0864,102.6878,6.5829,23.6985,6.5829,0.0049,-0.0009,275.2098,-0.0975,-0.1026,0.6872,-0.3509,0.0000,0.0000,0.0000,1.0000,1.0000,1,1,0,0,0,25.0165
126.0264,44.9998,0.0864,102.7177,6.5829,23.6983,6.5829,0.0048,-0.0014,275.2057,-0.0809,-0.1026,0.6853,-0.3509,0.0000,0.0000,0.0000,1.0000,1.0000,1,1,0,0,0,25.0154
126.0765,44.6713,0.0864,102.7473,6.5829,23.6983,6.5829,0.0049,0.0003,275.2006,-0.1035,-0.1026,0.6853,-0.3470,0.0000,0.0000,0.0000,1.0000,1.0000,1,1,0,0,0,25.0168
126.1289,44.3274,0.0864,102.7783,6.5828,23.6982,6.5828,0.0048,-0.0005,275.1964,-0.0785,-0.1026,0.6853,-0.3451,0.0000,0.0000,0.0000,1.0000,1.0000,1,1,0,0,0,25.0152
126.1856,43.9560,0.0864,102.8117,6.5828,23.6982,6.5828,0.0049,-0.0003,275.1902,-0.1105,-0.1026,0.6853,-0.3451,0.0000,0.0000,0.0000,1.0000,1.0000,1,1,0,0,0,25.0172
126.2410,43.5925,0.0864,102.8444,6.5828,23.6981,6.5828,0.0049,-0.0002,275.1851,-0.0925,-0.1026,0.6853,-0.3451,0.0000,0.0000,0.0000,1.0000,1.0000,1,1,0,0,0,25.0163
126.2995,43.2088,0.0864,102.8788,6.5828,23.6981,6.5828,0.0048,0.0000,275.1799,-0.0881,-0.1026,0.6853,-0.3451,0.0000,0.0000,0.0000,1.0000,1.0000,1,1,0,0,0,25.0159
126.3554,42.8428,0.0864,102.9116,6.5828,23.6981,6.5828,0.0048,-0.0001,275.1748,-0.0913,-0.1026,0.6853,-0.3451,0.0000,0.0000,0.0000,1.0000,1.0000,1,1,0,0,0,25.0161
126.4090,42.4909,0.0864,102.9432,6.5828,23.6981,6.5828,0.0049,0.0001,275.1696,-0.0972,-0.1026,0.6853,-0.3451,0.0000,0.0000,0.0000,1.0000,1.0000,1,1,0,0,0,25.0165
126.4619,42.1443,0.0864,102.9742,6.5828,23.6980,6.5828,0.0048,-0.0008,275.1655,-0.0779,-0.1026,0.6853,-0.3451,0.0000,0.0000,0.0000,1.0000,1.0000,1,1,0,0,0,25.0152
126.5179,41.7771,0.0864,103.0070,6.5828,23.6980,6.5828,0.0049,0.0003,275.1592,-0.1117,-0.1026,0.6853,-0.3333,0.0000,0.0000,0.0000,1.0000,1.0000,1,1,0,0,0,25.0173
126.5680,41.4485,0.0864,103.0364,6.5828,23.6981,6.5828,0.0048,0.0002,275.1550,-0.0834,-0.1026,0.6853,-0.3197,0.0000,0.0000,0.0000,1.0000,1.0000,1,1,0,0,0,25.0156
126.6240,41.0813,0.0864,103.0691,6.5828,23.6981,6.5828,0.0048,0.0002,275.1498,-0.0926,-0.1026,0.6853,-0.2962,0.0000,0.0000,0.0000,1.0000,1.0000,1,1,0,0,0,25.0161
126.6744,40.7509,0.0864,103.0986,6.5828,23.6981,6.5828,0.0049,-0.0003,275.1447,-0.1017,-0.1026,0.6853,-0.2884,0.0000,0.0000,0.0000,1.0000,1.0000,1,1,0,0,0,25.0168
126.7385,40.3309,0.0864,103.1360,6.5828,23.6982,6.5828,0.0048,0.0004,275.1396,-0.0800,-0.1026,0.6853,-0.2884,0.0000,0.0000,0.0000,1.0000,1.0000,1,1,0,0,0,25.0154
126.7923,39.9779,0.0864,103.1674,6.5828,23.6979,6.5828,0.0048,-0.0013,275.1344,-0.0964,-0.1026,0.6853,-0.7302,0.0000,0.0000,0.0000,1.0000,1.0000,1,1,0,0,0,25.0163
126.8549,39.5676,0.0864,103.2038,6.5828,23.6980,6.5828,0.0048,0.0002,275.1282,-0.0995,-0.1026,0.6853,-0.9316,0.0000,0.0000,0.0000,1.0000,1.0000,1,1,0,0,0,25.0166
126.9151,39.1726,0.0864,103.2389,6.5828,23.6980,6.5828,0.0048,0.0000,275.1230,-0.0861,-0.1026,0.6853,-0.9941,0.0000,0.0000,0.0000,1.0000,1.0000,1,1,0,0,0,25.0157
126.9748,38.7812,0.0864,103.2736,6.5828,23.6980,6.5828,0.0049,0.0004,275.1169,-0.1028,-0.1026,0.6872,-1.0000,0.0000,0.0000,0.0000,1.0000,1.0000,1,1,0,0,0,25.0168
127.0327,38.4019,0.0864,103.3072,6.5828,23.6980,6.5828,0.0048,0.0000,275.1117,-0.0886,-0.1026,0.6892,-1.0000,0.0000,0.0000,0.0000,1.0000,1.0000,1,1,0,0,0,25.0160
127.0951,37.9924,0.0864,103.3434,6.5828,23.6982,6.5828,0.0049,0.0007,275.1055,-0.1002,-0.1026,0.6892,-1.0000,0.0000,0.0000,0.0000,1.0000,1.0000,1,1,0,0,0,25.0167
127.1460,37.6586,0.0864,103.3729,6.5828,23.6980,6.5828,0.0048,-0.0010,275.1013,-0.0815,-0.1026,0.6892,-1.0000,0.0000,0.0000,0.0000,1.0000,1.0000,1,1,0,0,0,25.0155
127.2090,37.2457,0.0864,103.4094,6.5828,23.6981,6.5828,0.0048,0.0006,275.0951,-0.0993,-0.1026,0.6892,-1.0000,0.0000,0.0000,0.0000,1.0000,1.0000,1,1,0,0,0,25.0166
127.2643,36.8832,0.0864,103.4413,6.5828,23.6981,6.5828,0.0049,-0.0004,275.0900,-0.0922,-0.1026,0.6892,-1.0000,0.0000,0.0000,0.0000,1.0000,1.0000,1,1,0,0,0,25.0162
127.3196,36.5207,0.0864,103.4732,6.5829,23.6983,6.5829,0.0049,0.0013,275.0848,-0.0938,-0.1026,0.6892,-0.9824,0.0000,0.0000,0.0000,1.0000,1.0000,1,1,0,0,0,25.0163
127.3698,36.1916,0.0864,103.5022,6.5828,23.6980,6.5828,0.0048,-0.0019,275.0807,-0.0815,-0.1026,0.6892,-0.6911,0.0000,0.0000,0.0000,1.0000,1.0000,1,1,0,0,0,25.0155
127.4223,35.8473,0.0864,103.5325,6.5828,23.6981,6.5828,0.0048,0.0008,275.0755,-0.0988,-0.1026,0.6892,-0.4057,0.0000,0.0000,0.0000,1.0000,1.0000,1,1,0,0,0,25.0165
127.4731,35.5136,0.0864,103.5618,6.5828,23.6980,6.5828,0.0049,-0.0009,275.0703,-0.1013,-0.1026,0.6892,-0.1398,0.0000,0.0000,0.0000,1.0000,1.0000,1,1,0,0,0,25.0167
127.5249,35.1745,0.0864,103.5915,6.5828,23.6980,6.5828,0.0048,0.0003,275.0663,-0.0791,-0.1026,0.6892,-0.0206,0.0000,0.0000,0.0000,1.0000,1.0000,1,1,0,0,0,25.0153
127.5827,34.7951,0.0864,103.6248,6.5828,23.6980,6.5828,0.0048,0.0000,275.0611,-0.0891,-0.1026,0.6892,-0.0049,0.0000,0.0000,0.0000,1.0000,1.0000,1,1,0,0,0,25.0158
127.6344,34.4564,0.0864,103.6544,6.5834,23.7001,6.5834,0.0048,0.0115,275.0559,-0.1004,-0.1026,0.6892,0.0029,0.0000,0.0000,0.0000,1.0000,0.9994,1,1,0,0,0,25.0134
127.6960,34.0516,0.0864,103.6898,6.5989,23.7562,6.5989,0.0049,0.2524,275.0497,-0.1014,-0.1026,0.6892,0.0146,0.0000,0.0000,0.0000,1.0000,0.9922,1,1,0,0,0,24.9778
127.7540,33.6700,0.0864,103.7232,6.6308,23.8708,6.6308,0.0049,0.5496,275.0445,-0.0890,-0.1026,0.6892,0.0244,0.0000,0.0000,0.0000,1.0000,0.9838,1,1,0,0,0,24.9348
127.8092,33.3040,0.0864,103.7551,6.6720,24.0192,6.6720,0.0049,0.7459,275.0394,-0.0922,-0.1026,0.6892,0.0322,0.0000,0.0000,0.0000,1.0000,0.9760,1,1,0,0,0,24.8963
127.8629,32.9458,0.0864,103.7864,6.7227,24.2019,6.7227,0.0049,0.9447,275.0342,-0.0960,-0.1026,0.6892,0.0420,0.0000,0.0000,0.0000,1.0000,0.9663,1,1,0,0,0,24.8477
127.9143,32.6004,0.0864,103.8165,6.7689,24.3682,6.7689,0.0049,0.8989,275.0301,-0.0807,-0.1026,0.6892,0.0518,0.0000,0.0000,0.0000,1.0000,0.9582,1,1,0,0,0,24.8061
127.9745,32.1926,0.0864,103.8520,6.8451,24.6425,6.8451,0.0050,1.2669,275.0239,-0.1035,-0.1026,0.6892,0.0616,0.0000,0.0000,0.0000,1.0000,0.9465,1,1,0,0,0,24.7493
128.0268,31.8343,0.0864,103.8831,6.8984,24.8343,6.8984,0.0049,1.0187,275.0197,-0.0788,-0.1026,0.6892,0.0674,0.0000,0.0000,0.0000,1.0000,0.9388,1,1,0,0,0,24.7090
128.0840,31.4388,0.0864,103.9175,6.9763,25.1147,6.9763,0.0026,1.3605,275.0135,-0.1088,-0.1026,0.6892,0.0772,0.0000,0.0000,0.0000,1.0000,0.9288,1,1,0,0,0,24.6558
128.1386,31.0581,0.0864,103.9510,7.0431,25.3552,7.0431,0.0034,1.2246,275.0077,-0.1068,-0.1026,0.6892,0.0889,0.0000,0.0000,0.0000,1.0000,0.9188,1,1,0,0,0,24.6070
128.1956,30.6559,0.0864,103.9866,7.1184,25.6261,7.1184,0.0054,1.3187,275.0018,-0.1032,-0.1026,0.6892,0.1026,0.0000,0.0000,0.0000,1.0000,0.9068,1,1,0,0,0,24.5513
128.2458,30.2991,0.0864,104.0181,7.1846,25.8645,7.1846,0.0060,1.3216,274.9971,-0.0932,-0.1026,0.6892,0.1144,0.0000,0.0000,0.0000,1.0000,0.8969,1,1,0,0,0,24.5023
128.3118,29.8231,0.0864,104.0602,7.2889,26.2399,7.2889,0.0040,1.5799,274.9902,-0.1054,-0.1026,0.6892,0.1222,0.0000,0.0000,0.0000,1.0000,0.8840,1,1,0,0,0,24.4341
128.3622,29.4547,0.0864,104.0923,7.3763,26.5545,7.3763,0.0022,1.7320,274.9850,-0.1028,-0.1026,0.6892,0.1398,0.0000,0.0000,0.0000,1.0000,0.8724,1,1,0,0,0,24.3722
128.4170,29.0496,0.0864,104.1274,7.4947,26.9808,7.4947,0.0042,2.1608,274.9798,-0.0947,-0.1026,0.6892,0.1730,0.0000,0.0000,0.0000,1.0000,0.8482,1,1,0,0,0,24.2545
128.4692,28.6561,0.0864,104.1613,7.6400,27.5041,7.6400,0.0047,2.7841,274.9757,-0.0783,-0.1026,0.6892,0.2277,0.0000,0.0000,0.0000,1.0000,0.8157,1,1,0,0,0,24.0919
128.5280,28.1998,0.0864,104.2007,7.9734,28.7043,7.9734,0.0052,5.6723,274.9695,-0.1049,-0.1026,0.6892,0.2747,0.0000,0.0000,0.0000,1.0000,0.7605,1,1,0,0,0,23.8181
128.5883,27.7117,0.0864,104.2427,8.2924,29.8528,8.2924,0.0053,5.2902,274.9644,-0.0850,-0.1026,0.6892,0.2825,0.0000,0.0000,0.0000,1.0000,0.7318,1,0,0,0,0,3.6736
128.6387,27.2885,0.0864,104.2791,8.5686,30.8471,8.5686,0.0055,5.4769,274.9593,-0.1011,-0.1026,0.6892,0.2825,0.0000,0.0000,0.0000,1.0000,0.7198,1,0,0,0,0,3.6144
128.6893,26.8525,0.0864,104.3166,8.7420,31.4711,8.7420,0.0054,3.4276,274.9553,-0.0803,-0.1026,0.6892,0.2825,0.0000,0.0000,0.0000,1.0000,0.7156,1,0,0,0,0,3.5920
128.7453,26.3598,0.0864,104.3589,8.9035,32.0525,8.9035,0.0054,2.8851,274.9501,-0.0927,-0.1026,0.6892,0.2825,0.0000,0.0000,0.0000,1.0000,0.7133,1,0,0,0,0,3.5809
128.8076,25.8029,0.0864,104.4067,9.0340,32.5223,9.0340,0.0055,2.0949,274.9440,-0.0980,-0.1026,0.6892,0.2825,0.0000,0.0000,0.0000,1.0000,0.7123,1,0,0,0,0,3.5760
128.8595,25.3342,0.0864,104.4468,9.0930,32.7348,9.0930,0.0054,1.1377,274.9398,-0.0800,-0.1026,0.6892,0.2825,0.0000,0.0000,0.0000,1.0000,0.7120,1,0,0,0,0,3.5733
128.9109,24.8671,0.0864,104.4868,9.1449,32.9218,9.1449,0.0055,1.0104,274.9346,-0.1010,-0.1026,0.6892,0.2825,0.0000,0.0000,0.0000,1.0000,0.7118,1,0,0,0,0,3.5738
128.9623,24.3972,0.0864,104.5270,9.1814,33.0532,9.1814,0.0055,0.7095,274.9294,-0.1008,-0.1026,0.6892,0.2844,0.0000,0.0000,0.0000,1.0000,0.7109,1,0,0,0,0,3.5693
129.0133,23.9297,0.0864,104.5670,9.2092,33.1531,9.2092,0.0054,0.5440,274.9253,-0.0813,-0.1026,0.6892,0.2883,0.0000,0.0000,0.0000,1.0000,0.7085,1,0,0,0,0,3.5556
129.0655,23.4500,0.0864,104.6080,9.2455,33.2838,9.2455,0.0055,0.6960,274.9202,-0.0971,-0.1026,0.6892,0.2903,0.0000,0.0000,0.0000,1.0000,0.7057,1,0,0,0,0,3.5426
129.1171,22.9753,0.0864,104.6488,9.1760,33.0337,9.1760,0.0016,-1.3471,274.9254,0.0994,-0.1026,0.6892,0.1613,0.0000,0.0000,0.0000,1.0000,0.7533,1,1,0,0,0,23.7744
129.1703,22.4962,0.0864,104.6903,8.8853,31.9872,8.8853,0.0012,-5.4633,274.9296,0.0792,-0.1026,0.6892,0.1007,0.0000,0.0000,0.0000,1.0000,0.8213,1,1,0,0,0,24.1128
129.2247,22.0294,0.0864,104.7304,8.4169,30.3007,8.4169,0.0041,-8.6072,274.9354,0.1071,-0.1026,0.6892,0.0929,0.0000,0.0000,0.0000,1.0000,0.8708,1,1,0,0,0,24.3670
129.2767,21.6051,0.0864,104.7669,8.0207,28.8745,8.0207,0.0005,-7.6185,274.9362,0.0147,-0.1026,0.6892,0.0929,0.0000,0.0000,0.0000,1.0000,0.8914,1,1,0,0,0,24.4587
129.3279,21.2030,0.0864,104.8018,7.7407,27.8665,7.7407,0.0009,-5.4677,274.9340,-0.0429,-0.1026,0.6892,0.0909,0.0000,0.0000,0.0000,1.0000,0.9003,1,1,0,0,0,24.5056
129.3817,20.7933,0.0864,104.8370,7.5419,27.1510,7.5419,0.0035,-3.6983,274.9351,0.0210,-0.1026,0.6892,0.0752,0.0000,0.0000,0.0000,1.0000,0.9114,1,1,0,0,0,24.5653
129.4397,20.3611,0.0864,104.8740,7.3768,26.5566,7.3768,0.0045,-2.8437,274.9299,-0.0888,-0.1026,0.6892,0.0596,0.0000,0.0000,0.0000,1.0000,0.9264,1,1,0,0,0,24.6461
129.4984,19.9338,0.0864,104.9105,7.2411,26.0678,7.2411,0.0048,-2.3134,274.9248,-0.0874,-0.1026,0.6911,0.0538,0.0000,0.0000,0.0000,1.0000,0.9364,1,1,0,0,0,24.6968
129.5545,19.5321,0.0864,104.9447,7.1372,25.6938,7.1372,0.0049,-1.8524,274.9197,-0.0903,-0.1026,0.7283,0.0440,0.0000,0.0000,0.0000,1.0000,0.9441,1,1,0,0,0,24.7359
129.6155,19.1017,0.0864,104.9814,7.0265,25.2956,7.0265,0.0050,-1.8137,274.9136,-0.1011,-0.1026,0.6931,0.0361,0.0000,0.0000,0.0000,1.0000,0.9563,1,1,0,0,0,24.7978
129.6671,18.7417,0.0864,105.0120,6.9682,25.0855,6.9682,0.0049,-1.1307,274.9095,-0.0792,-0.1026,0.6892,0.0361,0.0000,0.0000,0.0000,1.0000,0.9598,1,1,0,0,0,24.8141
129.7247,18.3434,0.0864,105.0458,6.9165,24.8994,6.9165,0.0049,-0.8967,274.9043,-0.0900,-0.1026,0.6892,0.0361,0.0000,0.0000,0.0000,1.0000,0.9618,1,1,0,0,0,24.8245
129.7851,17.9285,0.0864,105.0810,6.8720,24.7393,6.8720,0.0049,-0.7366,274.8981,-0.1021,-0.1026,0.6892,0.0244,0.0000,0.0000,0.0000,1.0000,0.9671,1,1,0,0,0,24.8520
129.8357,17.5830,0.0864,105.1103,6.8405,24.6259,6.8405,0.0048,-0.6225,274.8940,-0.0821,-0.1026,0.6892,0.0244,0.0000,0.0000,0.0000,1.0000,0.9712,1,1,0,0,0,24.8714
129.8872,17.2326,0.0864,105.1399,6.8297,24.5869,6.8297,0.0049,-0.2103,274.8888,-0.1001,-0.1026,0.6892,0.1104,0.0000,0.0000,0.0000,1.0000,0.9536,1,1,0,0,0,24.7844
129.9492,16.8033,0.0864,105.1763,7.1818,25.8545,7.1818,0.0051,5.6863,274.8827,-0.0991,-0.1026,0.6892,0.2727,0.0000,0.0000,0.0000,1.0000,0.8179,1,1,0,0,0,24.1057
130.0033,16.4050,0.0864,105.2099,7.6773,27.6384,7.6773,0.0053,9.1507,274.8775,-0.0958,-0.1026,0.6892,0.2962,0.0000,0.0000,0.0000,1.0000,0.7480,1,0,0,0,0,3.7557
130.0603,15.9577,0.0864,105.2477,8.1511,29.3439,8.1511,0.0055,8.3168,274.8723,-0.0911,-0.1026,0.6892,0.2962,0.0000,0.0000,0.0000,1.0000,0.7180,1,0,0,0,0,3.6050
130.1164,15.4923,0.0864,105.2869,8.5304,30.7093,8.5304,0.0055,6.7618,274.8671,-0.0925,-0.1026,0.6892,0.2962,0.0000,0.0000,0.0000,1.0000,0.7059,1,0,0,0,0,3.5444
130.1714,15.0173,0.0864,105.3270,8.8106,31.7183,8.8106,0.0056,5.0910,274.8620,-0.0926,-0.1026,0.6892,0.2962,0.0000,0.0000,0.0000,1.0000,0.7011,1,0,0,0,0,3.5199
130.2308,14.4902,0.0864,105.3714,8.9763,32.3148,8.9763,0.0055,2.7895,274.8569,-0.0863,-0.1026,0.6892,0.1906,0.0000,0.0000,0.0000,1.0000,0.7234,1,0,0,0,0,3.6308
130.2823,14.0355,0.0864,105.4097,8.6002,30.9608,8.6002,0.0053,-7.3013,274.8517,-0.1001,-0.1026,0.6892,-0.2669,0.0000,0.0000,0.0000,1.0000,0.8778,1,1,0,0,0,24.4039
130.3344,13.6026,0.0864,105.4461,8.0863,29.1108,8.0863,0.0050,-9.8705,274.8477,-0.0785,-0.1026,0.6892,-0.6638,0.0000,0.0000,0.0000,1.0000,0.9410,1,1,0,0,0,24.7188
130.3878,13.1888,0.0864,105.4808,7.5360,27.1297,7.5360,0.0049,-10.2952,274.8425,-0.0959,-0.1026,0.6892,-0.9218,0.0000,0.0000,0.0000,1.0000,0.9763,1,1,0,0,0,24.8965
130.4450,12.7722,0.0864,105.5157,7.1568,25.7643,7.1568,0.0048,-6.6372,274.8374,-0.0897,-0.1026,0.6892,-0.9883,0.0000,0.0000,0.0000,1.0000,0.9905,1,1,0,0,0,24.9674
130.4957,12.4176,0.0864,105.5454,6.9187,24.9073,6.9187,0.0049,-4.6965,274.8323,-0.1011,-0.1026,0.6892,-1.0000,0.0000,0.0000,0.0000,1.0000,0.9962,1,1,0,0,0,24.9970
130.5546,12.0161,0.0864,105.5790,6.7760,24.3937,6.7760,0.0048,-2.4223,274.8271,-0.0870,-0.1026,0.6892,-1.0000,0.0000,0.0000,0.0000,1.0000,0.9985,1,1,0,0,0,25.0078
130.6130,11.6243,0.0864,105.6117,6.6928,24.0940,6.6928,0.0048,-1.4242,274.8220,-0.0887,-0.1026,0.6892,-1.0000,0.0000,0.0000,0.0000,1.0000,0.9994,1,1,0,0,0,25.0125
130.6693,11.2509,0.0864,105.6428,6.6382,23.8975,6.6382,0.0049,-0.9702,274.8158,-0.1096,-0.1026,0.6892,-1.0000,0.0000,0.0000,0.0000,1.0000,0.9998,1,1,0,0,0,25.0161
130.7225,10.8996,0.0864,105.6721,6.6177,23.8238,6.6177,0.0048,-0.3849,274.8117,-0.0775,-0.1026,0.6892,-1.0000,0.0000,0.0000,0.0000,1.0000,0.9999,1,1,0,0,0,25.0147
130.7730,10.5666,0.0864,105.6998,6.6023,23.7684,6.6023,0.0049,-0.3044,274.8066,-0.1008,-0.1026,0.6892,-1.0000,0.0000,0.0000,0.0000,1.0000,1.0000,1,1,0,0,0,25.0164
130.8252,10.2235,0.0864,105.7283,6.5937,23.7374,6.5937,0.0049,-0.1651,274.8014,-0.0994,-0.1026,0.6892,-1.0000,0.0000,0.0000,0.0000,1.0000,1.0000,1,1,0,0,0,25.0165
130.8846,9.8333,0.0864,105.7607,6.5888,23.7198,6.5888,0.0048,-0.0823,274.7962,-0.0868,-0.1026,0.6892,-1.0000,0.0000,0.0000,0.0000,1.0000,1.0000,1,1,0,0,0,25.0158
130.9388,9.4776,0.0864,105.7902,6.5862,23.7104,6.5862,0.0049,-0.0485,274.7911,-0.0941,-0.1026,0.6892,-1.0000,0.0000,0.0000,0.0000,1.0000,1.0000,1,1,0,0,0,25.0163
130.9920,9.1286,0.0864,105.8191,6.5847,23.7049,6.5847,0.0049,-0.0287,274.7860,-0.0964,-0.1026,0.6892,-1.0000,0.0000,0.0000,0.0000,1.0000,1.0000,1,1,0,0,0,25.0165
131.0496,8.7506,0.0864,105.8504,6.5839,23.7019,6.5839,0.0049,-0.0144,274.7809,-0.0895,-0.1026,0.6892,-1.0000,0.0000,0.0000,0.0000,1.0000,1.0000,1,1,0,0,0,25.0160
131.1046,8.3894,0.0864,105.8802,6.5834,23.7001,6.5834,0.0049,-0.0087,274.7758,-0.0926,-0.1026,0.6892,-1.0000,0.0000,0.0000,0.0000,1.0000,1.0000,1,1,0,0,0,25.0162
131.1549,8.0595,0.0864,105.9075,6.5832,23.6995,6.5832,0.0048,-0.0038,274.7716,-0.0825,-0.1026,0.6892,-1.0000,0.0000,0.0000,0.0000,1.0000,1.0000,1,1,0,0,0,25.0155
131.2056,7.7267,0.0864,105.9349,6.5830,23.6986,6.5830,0.0048,-0.0045,274.7664,-0.1023,-0.1026,0.6892,-1.0000,0.0000,0.0000,0.0000,1.0000,1.0000,1,1,0,0,0,25.0167
131.2570,7.3898,0.0864,105.9627,6.5829,23.6986,6.5829,0.0048,-0.0002,274.7623,-0.0808,-0.1026,0.6892,-1.0000,0.0000,0.0000,0.0000,1.0000,1.0000,1,1,0,0,0,25.0154
131.3167,6.9977,0.0864,105.9949,6.5828,23.6982,6.5828,0.0048,-0.0020,274.7561,-0.1031,-0.1026,0.6892,-1.0000,0.0000,0.0000,0.0000,1.0000,1.0000,1,1,0,0,0,25.0168
131.3677,6.6632,0.0864,106.0225,6.5828,23.6981,6.5828,0.0048,-0.0001,274.7520,-0.0802,-0.1026,0.6892,-1.0000,0.0000,0.0000,0.0000,1.0000,1.0000,1,1,0,0,0,25.0154
131.4301,6.2542,0.0864,106.0560,6.5828,23.6981,6.5828,0.0048,-0.0003,274.7458,-0.0999,-0.1026,0.6892,-1.0000,0.0000,0.0000,0.0000,1.0000,1.0000,1,1,0,0,0,25.0165
131.4815,5.9169,0.0864,106.0837,6.5828,23.6982,6.5828,0.0049,0.0004,274.7406,-0.1009,-0.1026,0.6892,-1.0000,0.0000,0.0000,0.0000,1.0000,1.0000,1,1,0,0,0,25.0167
131.5350,5.5659,0.0864,106.1125,6.5828,23.6979,6.5828,0.0049,-0.0012,274.7355,-0.0958,-0.1026,0.6892,-1.0000,0.0000,0.0000,0.0000,1.0000,1.0000,1,1,0,0,0,25.0165
131.5939,5.1792,0.0864,106.1441,6.5828,23.6981,6.5828,0.0049,0.0009,274.7304,-0.0865,-0.1026,0.6892,-1.0000,0.0000,0.0000,0.0000,1.0000,1.0000,1,1,0,0,0,25.0159
131.6577,4.7608,0.0864,106.1783,6.5828,23.6980,6.5828,0.0049,-0.0005,274.7242,-0.0972,-0.1026,0.6892,-1.0000,0.0000,0.0000,0.0000,1.0000,1.0000,1,1,0,0,0,25.0165
131.7179,4.3656,0.0864,106.2106,6.5828,23.6980,6.5828,0.0048,0.0003,274.7190,-0.0861,-0.1026,0.6892,-1.0000,0.0000,0.0000,0.0000,1.0000,1.0000,1,1,0,0,0,25.0158
131.7750,3.9914,0.0864,106.2411,6.5828,23.6980,6.5828,0.0048,-0.0003,274.7139,-0.0899,-0.1026,0.6892,-1.0000,0.0000,0.0000,0.0000,1.0000,1.0000,1,1,0,0,0,25.0160
131.8272,3.6484,0.0864,106.2691,6.5828,23.6981,6.5828,0.0049,0.0006,274.7087,-0.0981,-0.1026,0.6892,-1.0000,0.0000,0.0000,0.0000,1.0000,1.0000,1,1,0,0,0,25.0165
131.8797,3.3042,0.0864,106.2971,6.5828,23.6979,6.5828,0.0049,-0.0011,274.7036,-0.0977,-0.1026,0.6892,-1.0000,0.0000,0.0000,0.0000,1.0000,1.0000,1,1,0,0,0,25.0166
131.9406,2.9049,0.0864,106.3296,6.5828,23.6980,6.5828,0.0048,0.0002,274.6985,-0.0842,-0.1026,0.6892,-1.0000,0.0000,0.0000,0.0000,1.0000,1.0000,1,1,0,0,0,25.0157
131.9986,2.5243,0.0864,106.3604,6.5828,23.6980,6.5828,0.0048,0.0000,274.6933,-0.0889,-0.1026,0.6892,-1.0000,0.0000,0.0000,0.0000,1.0000,1.0000,1,1,0,0,0,25.0159
132.0543,2.1584,0.0864,106.3901,6.5828,23.6980,6.5828,0.0048,0.0000,274.6882,-0.0925,-0.1026,0.6892,-1.0000,0.0000,0.0000,0.0000,1.0000,1.0000,1,1,0,0,0,25.0161
132.1204,1.7251,0.0864,106.4252,6.5828,23.6980,6.5828,0.0048,0.0001,274.6820,-0.0938,-0.1026,0.6892,-1.0000,0.0000,0.0000,0.0000,1.0000,1.0000,1,1,0,0,0,25.0162
132.1802,1.3324,0.0864,106.4570,6.5828,23.6981,6.5828,0.0049,0.0005,274.6758,-0.1025,-0.1066,0.6892,-1.0000,0.0000,0.0000,0.0000,1.0000,1.0000,1,1,0,0,0,25.0168
132.2384,0.9506,0.0864,106.4879,6.5828,23.6980,6.5828,0.0035,-0.0005,274.6566,-0.3304,-0.1124,0.6892,-1.0000,-0.0272,-0.2041,3.5077,1.0000,1.0000,1,1,0,0,0,25.2211
132.2929,0.5929,0.0864,106.5166,6.5828,23.6981,6.5828,0.0002,0.0006,274.5924,-1.1781,-0.1164,0.6892,-1.0000,-0.0584,-1.3469,20.9669,1.0000,1.0000,1,1,0,0,0,26.2308
132.3495,0.2215,0.0864,106.5462,6.5828,23.6981,6.5828,0.0036,0.0001,274.4974,-1.6787,-0.1203,0.6892,-1.0000,-0.0797,-2.8377,26.3336,1.0000,1.0000,1,1,0,0,0,26.5644
132.4029,-0.1287,0.0864,106.5736,6.5828,23.6980,6.5828,0.0061,-0.0005,274.3813,-2.1750,-0.1222,0.6892,-1.0000,-0.0935,-3.9688,21.1979,1.0000,1.0000,1,1,0,0,0,26.3123
132.4574,-0.4867,0.0864,106.6010,6.5828,23.6980,6.5828,0.0079,0.0000,274.2502,-2.4040,-0.1261,0.6892,-1.0000,-0.1055,-4.7141,13.6672,1.0000,1.0000,1,1,0,0,0,25.9109
132.5077,-0.8168,0.0864,106.6256,6.5828,23.6981,6.5828,0.0093,0.0006,274.1349,-2.2931,-0.1281,0.6892,-1.0000,-0.1140,-5.7609,20.8127,1.0000,1.0000,1,1,0,0,0,26.3048
132.5655,-1.1963,0.0864,106.6530,6.5828,23.6981,6.5828,0.0107,-0.0001,273.9799,-2.6822,-0.1320,0.6892,-1.0000,-0.1236,-6.4982,12.7573,1.0000,1.0000,1,1,0,0,0,25.8821
132.6228,-1.5722,0.0864,106.6791,6.5828,23.6980,6.5828,0.0121,-0.0004,273.7786,-3.5160,-0.1359,0.6892,-1.0000,-0.1352,-7.1591,11.5426,1.0000,1.0000,1,1,0,0,0,25.8643
132.6740,-1.9397,0.0864,106.7036,8.2978,29.8719,8.2977,0.0185,33.4801,273.6303,-2.8937,-0.1378,0.6892,-1.0000,-0.1425,-7.7247,11.0431,1.0000,1.0000,1,1,0,0,0,25.8078
132.7362,-2.5508,0.0864,106.7426,11.3999,41.0398,11.3999,0.0406,49.8660,273.3499,-4.5087,-0.1417,0.6892,-1.0000,-0.1554,-8.3153,9.4935,1.0000,1.0000,1,1,0,0,0,25.8313
132.7957,-3.2769,0.0864,106.7863,11.0373,39.7344,11.0372,0.0529,-6.0978,273.0622,-4.8371,-0.1417,0.6892,-1.0000,-0.1620,-8.9487,10.6523,1.0000,1.0000,1,1,0,0,0,25.9325
132.8472,-3.6783,0.0864,106.8087,5.4992,19.7971,5.4992,0.0188,-107.4443,272.8276,-4.5518,-0.1417,0.6892,-1.0000,-0.1648,-9.3760,8.2890,1.0000,1.0000,1,1,0,0,0,25.7648
132.8981,-3.9173,0.0864,106.8208,4.1002,14.7607,4.1002,0.0081,-27.4753,272.6786,-2.9254,-0.1417,0.6892,-1.0000,-0.1658,-9.6374,5.1339,1.0000,1.0000,1,1,0,0,0,25.4773
132.9691,-4.1771,0.0864,106.8327,3.4309,12.3514,3.4309,0.0031,-9.4304,272.4408,-3.3515,-0.1417,0.6892,-1.0000,-0.1666,-9.8159,2.5147,1.0000,1.0000,1,1,0,0,0,25.3395
133.0213,-4.3532,0.0864,106.8401,3.3425,12.0331,3.3425,0.0026,-1.6952,272.3086,-2.5354,-0.1417,0.6892,-1.0000,-0.1667,-9.9189,1.9756,1.0000,1.0000,1,1,0,0,0,25.2621
133.0790,-4.5447,0.0864,106.8475,3.3028,11.8899,3.3028,0.0023,-0.6884,272.1113,-3.4152,-0.1417,0.6892,-1.0000,-0.1668,-9.9646,0.7915,1.0000,1.0000,1,1,0,0,0,25.2440
133.1356,-4.7312,0.0864,106.8542,3.2946,11.8607,3.2946,0.0022,-0.1434,271.9472,-2.8994,-0.1417,0.6892,-1.0000,-0.1669,-9.9907,0.4599,1.0000,1.0000,1,1,0,0,0,25.1967
133.1999,-4.9427,0.0864,106.8612,3.2923,11.8524,3.2923,0.0023,-0.0360,271.7831,-2.5539,-0.1417,0.6892,-1.0000,-0.1669,-10.0025,0.1837,1.0000,1.0000,1,1,0,0,0,25.1623
133.2552,-5.1247,0.0864,106.8666,3.2917,11.8500,3.2917,0.0023,-0.0121,271.6190,-2.9685,-0.1417,0.6892,-1.0000,-0.1669,-10.0088,0.1141,1.0000,1.0000,1,1,0,0,0,25.1815
133.3059,-5.2917,0.0864,106.8711,3.2915,11.8493,3.2915,0.0022,-0.0038,271.4547,-3.2338,-0.1417,0.6892,-1.0000,-0.1669,-10.0114,0.0510,1.0000,1.0000,1,1,0,0,0,25.1926
133.3577,-5.4621,0.0864,106.8752,3.2914,11.8489,3.2914,0.0022,-0.0020,271.2906,-3.1697,-0.1417,0.6892,-1.0000,-0.1669,-10.0127,0.0266,1.0000,1.0000,1,1,0,0,0,25.1876
133.4101,-5.6345,0.0864,106.8789,3.2914,11.8491,3.2914,0.0022,0.0011,271.1593,-2.5070,-0.1417,0.6892,-1.0000,-0.1669,-10.0135,0.0148,1.0000,1.0000,1,1,0,0,0,25.1503
133.4788,-5.8607,0.0864,106.8831,3.2914,11.8491,3.2914,0.0022,0.0001,270.9297,-3.3407,-0.1417,0.6892,-1.0000,-0.1669,-10.0140,0.0068,1.0000,1.0000,1,1,0,0,0,25.1960
133.5388,-6.0580,0.0864,106.8861,3.2914,11.8489,3.2914,0.0022,-0.0010,270.7656,-2.7371,-0.1417,0.6892,-1.0000,-0.1669,-10.0142,0.0043,1.0000,1.0000,1,1,0,0,0,25.1624
133.6006,-6.2612,0.0864,106.8885,3.2914,11.8491,3.2914,0.0022,0.0005,270.5685,-3.1897,-0.1417,0.6892,-1.0000,-0.1669,-10.0143,0.0014,1.0000,1.0000,1,1,0,0,0,25.1873
133.6616,-6.4622,0.0864,106.8903,3.2914,11.8491,3.2914,0.0022,0.0004,270.4044,-2.6893,-0.1417,0.6892,-0.9824,-0.1669,-10.0144,0.0007,1.0000,1.0000,1,1,0,0,0,25.1596
133.7116,-6.6268,0.0864,106.8913,3.2914,11.8490,3.2914,0.0022,-0.0006,270.2402,-3.2825,-0.1417,0.6892,-0.9394,-0.1669,-10.0144,0.0003,1.0000,1.0000,1,1,0,0,0,25.1924
133.7686,-6.8144,0.0864,106.8919,3.2914,11.8490,3.2914,0.0022,-0.0003,270.0761,-2.8793,-0.1417,0.6892,-0.7576,-0.1669,-10.0144,0.0002,1.0000,1.0000,1,1,0,0,0,25.1700
133.8212,-6.9873,0.0864,106.8920,3.2914,11.8491,3.2914,0.0022,0.0008,269.9448,-2.4984,-0.1417,0.6892,-0.6774,-0.1669,-10.0144,0.0001,1.0000,1.0000,1,1,0,0,0,25.1490
133.8782,-7.1749,0.0864,106.8915,3.2914,11.8491,3.2914,0.0022,-0.0001,269.7479,-3.4540,-0.1417,0.6892,-0.5073,-0.1669,-10.0144,0.0000,1.0000,1.0000,1,1,0,0,0,25.2019
133.9298,-7.3448,0.0864,106.8906,3.2914,11.8492,3.2914,0.0022,0.0003,269.6167,-2.5427,-0.1417,0.6892,-0.4643,-0.1669,-10.0144,0.0000,1.0000,1.0000,1,1,0,0,0,25.1514
133.9957,-7.5618,0.0864,106.8888,3.2914,11.8491,3.2914,0.0022,-0.0004,269.4197,-2.9868,-0.1417,0.6892,-0.4448,-0.1669,-10.0144,0.0000,1.0000,1.0000,1,1,0,0,0,25.1761
134.0510,-7.7437,0.0864,106.8868,3.2914,11.8491,3.2914,0.0022,0.0001,269.2556,-2.9710,-0.1417,0.6892,-0.4233,-0.1669,-10.0144,0.0000,1.0000,1.0000,1,1,0,0,0,25.1752
134.1030,-7.9147,0.0864,106.8843,3.2914,11.8491,3.2914,0.0022,-0.0003,269.0915,-3.1564,-0.1417,0.6892,-0.4096,-0.1669,-10.0144,0.0000,1.0000,1.0000,1,1,0,0,0,25.1854
134.1611,-8.1062,0.0864,106.8811,3.2914,11.8489,3.2914,0.0022,-0.0006,268.9273,-2.8214,-0.1417,0.6892,-0.4018,-0.1669,-10.0144,0.0000,1.0000,1.0000,1,1,0,0,0,25.1669
134.2193,-8.2976,0.0864,106.8773,3.2914,11.8491,3.2914,0.0022,0.0006,268.7631,-2.8239,-0.1417,0.6892,-0.3959,-0.1669,-10.0144,0.0000,1.0000,1.0000,1,1,0,0,0,25.1671
134.2695,-8.4628,0.0864,106.8735,3.2914,11.8492,3.2914,0.0022,0.0007,268.5990,-3.2687,-0.1417,0.6892,-0.3842,-0.1669,-10.0144,0.0000,1.0000,1.0000,1,1,0,0,0,25.1917
134.3214,-8.6336,0.0864,106.8691,3.2914,11.8490,3.2914,0.0022,-0.0013,268.4349,-3.1607,-0.1417,0.6892,-0.3783,-0.1669,-10.0144,0.0000,1.0000,1.0000,1,1,0,0,0,25.1856
134.3835,-8.8378,0.0864,106.8633,3.2913,11.8488,3.2913,0.0022,-0.0007,268.2708,-2.6447,-0.1417,0.6892,-0.3705,-0.1669,-10.0144,0.0000,1.0000,1.0000,1,1,0,0,0,25.1571
134.4363,-9.0115,0.0864,106.8579,3.2914,11.8490,3.2914,0.0022,0.0013,268.1066,-3.1092,-0.1417,0.6892,-0.3646,-0.1669,-10.0144,0.0000,1.0000,1.0000,1,1,0,0,0,25.1828
134.4924,-9.1961,0.0864,106.8516,3.2914,11.8489,3.2914,0.0022,-0.0007,267.9423,-2.9269,-0.1417,0.6892,-0.3588,-0.1669,-10.0144,0.0000,1.0000,1.0000,1,1,0,0,0,25.1727
134.5437,-9.3647,0.0864,106.8454,3.2914,11.8490,3.2914,0.0022,0.0004,267.7783,-3.2010,-0.1417,0.6892,-0.3529,-0.1669,-10.0144,0.0000,1.0000,1.0000,1,1,0,0,0,25.1878
134.5967,-9.5391,0.0864,106.8384,3.2914,11.8490,3.2914,0.0022,0.0001,267.6470,-2.4753,-0.1417,0.6892,-0.3490,-0.1669,-10.0144,0.0000,1.0000,1.0000,1,1,0,0,0,25.1477
134.6479,-9.7074,0.0864,106.8313,3.2914,11.8490,3.2914,0.0022,0.0004,267.4828,-3.2091,-0.1417,0.6892,-0.3353,-0.1669,-10.0144,0.0000,1.0000,1.0000,1,1,0,0,0,25.1884
134.6995,-9.8771,0.0864,106.8237,3.2914,11.8491,3.2914,0.0022,0.0003,267.3187,-3.1773,-0.1417,0.6892,-0.2923,-0.1669,-10.0144,0.0000,1.0000,1.0000,1,1,0,0,0,25.1865
134.7519,-10.0496,0.0864,106.8155,3.2914,11.8491,3.2914,0.0022,0.0001,267.1875,-2.5028,-0.1417,0.6892,-0.2200,-0.1669,-10.0144,0.0000,1.0000,1.0000,1,1,0,0,0,25.1492
134.8023,-10.2152,0.0864,106.8072,3.2913,11.8488,3.2913,0.0024,-0.0017,267.0341,-3.0427,-0.1417,0.6892,-0.1770,-0.1669,-10.0144,0.0000,1.0000,1.0000,1,1,0,0,0,25.1799
134.8662,-10.4253,0.0864,106.7961,3.3407,12.0266,3.3407,0.0020,0.7733,266.8503,-2.8800,-0.1417,0.6892,0.1515,-0.1669,-10.0144,0.0000,1.0000,0.9528,1,1,0,0,0,24.9329
134.9226,-10.6209,0.0864,106.7851,3.6884,13.2783,3.6884,0.0026,6.1668,266.6944,-2.7643,-0.1417,0.6892,0.3021,-0.1669,-10.0144,0.0000,1.0000,0.8082,1,1,0,0,0,24.2050
134.9734,-10.8167,0.0864,106.7737,4.0278,14.5002,4.0278,0.0035,6.6741,266.5655,-2.5347,-0.1417,0.6892,0.3216,-0.1669,-10.0144,0.0000,1.0000,0.7400,1,0,0,0,0,3.8540
135.0279,-11.0468,0.0864,106.7596,4.3780,15.7610,4.3780,0.0047,6.4271,266.3990,-3.0563,-0.1417,0.6892,0.3216,-0.1669,-10.0144,0.0000,1.0000,0.6993,1,0,0,0,0,3.6824
135.0831,-11.2952,0.0864,106.7438,4.6127,16.6058,4.6127,0.0058,4.2532,266.2278,-3.1023,-0.1417,0.6892,0.3235,-0.1669,-10.0144,0.0000,1.0000,0.6817,1,0,0,0,0,3.5995
135.1345,-11.5358,0.0864,106.7278,4.7533,17.1117,4.7533,0.0065,2.7331,266.0538,-3.3840,-0.1417,0.6892,0.3235,-0.1669,-10.0144,0.0000,1.0000,0.6746,1,0,0,0,0,3.5816
135.1855,-11.7796,0.0864,106.7110,4.8193,17.3496,4.8193,0.0068,1.2951,265.9133,-2.7536,-0.1417,0.6892,0.3235,-0.1669,-10.0144,0.0000,1.0000,0.6722,1,0,0,0,0,3.5350
135.2436,-12.0605,0.0864,106.6907,4.8725,17.5409,4.8725,0.0077,0.9148,265.6883,-3.8734,-0.1417,0.6892,0.3235,-0.1669,-10.0144,0.0000,1.0000,0.6706,1,0,0,0,0,3.5920
135.2963,-12.3172,0.0864,106.6713,4.8903,17.6049,4.8903,0.0080,0.3374,265.5380,-2.8507,-0.1417,0.6892,0.3235,-0.1669,-10.0144,0.0000,1.0000,0.6702,1,0,0,0,0,3.5340
135.3565,-12.6110,0.0864,106.6482,4.9039,17.6540,4.9039,0.0081,0.2264,265.3121,-3.7550,-0.1417,0.6892,0.3235,-0.1669,-10.0144,0.0000,1.0000,0.6700,1,0,0,0,0,3.5832
135.4084,-12.8645,0.0864,106.6274,4.9082,17.6695,4.9082,0.0081,0.0831,265.1614,-2.9058,-0.1417,0.6892,0.3235,-0.1669,-10.0144,0.0000,1.0000,0.6699,1,0,0,0,0,3.5359
135.4591,-13.1128,0.0864,106.6063,4.9111,17.6798,4.9110,0.0081,0.0563,264.9731,-3.7108,-0.1417,0.6892,0.3235,-0.1669,-10.0144,0.0000,1.0000,0.6699,1,0,0,0,0,3.5804
135.5125,-13.3530,0.0864,106.5822,0.7045,2.5360,-0.0386,0.7034,-78.7667,265.4198,8.3640,-0.1417,0.6892,0.3235,-0.1669,-10.0144,0.0000,1.0000,0.6699,1,0,0,0,0,18.7915
135.5692,-13.3495,0.0865,106.5582,0.2937,1.0575,0.0693,0.2855,-7.2492,266.8516,25.2718,-0.1417,0.6892,0.3235,-0.1669,-10.0144,0.0000,1.0000,0.6699,1,0,0,0,0,4.7533
135.6200,-13.3514,0.0864,106.5487,0.1198,0.4312,0.0289,0.1162,-3.4250,267.4372,11.5284,-0.1398,0.6892,0.3235,-0.1659,-10.0144,0.0000,1.0000,0.6699,1,0,0,0,0,3.9898
135.6797,-13.3521,0.0864,106.5446,0.0346,0.1247,0.0088,0.0335,-1.4252,267.5867,2.5037,-0.1281,0.6892,0.3235,-0.1460,-9.7676,4.1319,1.0000,0.6699,1,0,0,0,0,3.7180
135.7307,-13.3520,0.0864,106.5437,0.0053,0.0189,-0.0010,0.0052,-0.5761,267.5231,-1.2472,-0.1203,0.6892,0.3235,-0.1241,-8.8879,17.2509,1.0000,0.6699,1,0,0,0,0,4.3770
135.7900,-13.3518,0.0864,106.5429,0.0052,0.0186,-0.0010,0.0051,-0.0016,267.4173,-1.7835,-0.1105,0.6892,0.3235,-0.0907,-7.6123,21.4947,1.0000,0.6699,1,0,0,0,0,4.6425
135.8484,-13.3515,0.0864,106.5422,0.0051,0.0184,-0.0010,0.0050,-0.0008,267.3603,-0.9772,-0.1046,0.6892,0.3235,-0.0390,-5.4963,36.2735,1.0000,0.6699,1,0,0,0,0,5.4188
135.9112,-13.3514,0.0864,106.5414,0.0047,0.0170,-0.0004,0.0047,-0.0062,267.3185,-0.6646,-0.1026,0.6892,0.3235,-0.0141,-3.4075,33.2505,1.0000,0.6699,1,0,0,0,0,5.2335
135.9700,-13.3512,0.0864,106.5406,0.0049,0.0177,0.0028,0.0041,0.0035,267.2929,-0.4356,-0.1026,0.6892,0.3235,-0.0061,-1.9048,25.5329,1.0000,0.6699,1,0,0,0,0,4.7920
136.0202,-13.3511,0.0864,106.5400,0.0079,0.0286,0.0072,0.0034,0.0603,267.2707,-0.4426,-0.1026,0.6892,0.3235,-0.0026,-1.0875,16.3068,1.0000,0.6699,1,0,0,0,0,4.2798
136.0806,-13.3511,0.0864,106.5393,0.0083,0.0299,0.0076,0.0034,0.0059,267.2508,-0.3296,-0.1026,0.6892,0.3235,-0.0011,-0.5672,8.6048,1.0000,0.6699,1,0,0,0,0,3.8457
136.1326,-13.3511,0.0864,106.5386,0.0083,0.0297,0.0075,0.0034,-0.0009,267.2318,-0.3649,-0.1026,0.6892,0.3235,-0.0005,-0.3071,5.0015,1.0000,0.6699,1,0,0,0,0,3.6474
136.1919,-13.3511,0.0864,106.5379,0.0083,0.0299,0.0076,0.0034,0.0007,267.2133,-0.3124,-0.1026,0.6892,0.3235,-0.0002,-0.1569,2.5326,1.0000,0.6699,1,0,0,0,0,3.5074
136.2547,-13.3510,0.0864,106.5371,0.0082,0.0295,0.0074,0.0034,-0.0017,267.1910,-0.3551,-0.1026,0.6892,0.3235,-0.0001,-0.0750,1.3060,1.0000,0.6699,1,0,0,0,0,3.4416
136.3164,-13.3510,0.0864,106.5363,0.0082,0.0295,0.0074,0.0034,0.0001,267.1725,-0.3002,-0.1026,0.6892,0.3235,0.0000,-0.0349,0.6493,1.0000,0.6699,1,0,0,0,0,3.4021
136.3712,-13.3510,0.0864,106.5357,0.0082,0.0294,0.0074,0.0034,-0.0006,267.1540,-0.3378,-0.1026,0.6892,0.3235,0.0000,-0.0178,0.3126,1.0000,0.6699,1,0,0,0,0,3.3854
136.4322,-13.3510,0.0864,106.5349,0.0081,0.0293,0.0074,0.0034,-0.0004,267.1317,-0.3650,-0.1026,0.6892,0.3235,0.0000,-0.0084,0.1533,1.0000,0.6699,1,0,0,0,0,3.3781
136.4832,-13.3509,0.0864,106.5343,0.0081,0.0293,0.0074,0.0034,-0.0001,267.1168,-0.2928,-0.1026,0.6892,0.3235,0.0000,-0.0043,0.0814,1.0000,0.6699,1,0,0,0,0,3.3701
136.5340,-13.3509,0.0864,106.5336,0.0082,0.0296,0.0075,0.0034,0.0019,267.0982,-0.3658,-0.1026,0.6892,0.3235,0.0000,-0.0024,0.0363,1.0000,0.6699,1,0,0,0,0,3.3716
136.5972,-13.3509,0.0864,106.5329,0.0082,0.0295,0.0075,0.0034,-0.0007,267.0761,-0.3491,-0.1026,0.6892,0.3235,0.0000,-0.0011,0.0211,1.0000,0.6699,1,0,0,0,0,3.3699
136.6519,-13.3509,0.0864,106.5322,0.0082,0.0293,0.0074,0.0034,-0.0007,267.0613,-0.2706,-0.1026,0.6892,0.3235,0.0000,-0.0005,0.0109,1.0000,0.6699,1,0,0,0,0,3.3649
136.7134,-13.3509,0.0864,106.5314,0.0082,0.0297,0.0075,0.0034,0.0015,267.0393,-0.3583,-0.1026,0.6892,0.3235,0.0000,-0.0003,0.0041,1.0000,0.6699,1,0,0,0,0,3.3694
136.7705,-13.3508,0.0864,106.5307,0.0082,0.0294,0.0074,0.0034,-0.0012,267.0209,-0.3214,-0.1026,0.6892,0.3235,0.0000,-0.0001,0.0024,1.0000,0.6699,1,0,0,0,0,3.3673
136.8239,-13.3508,0.0864,106.5301,0.0080,0.0289,0.0073,0.0034,-0.0026,267.0024,-0.3465,-0.1026,0.6892,0.3235,0.0000,-0.0001,0.0010,1.0000,0.6699,1,0,0,0,0,3.3686
136.8840,-13.3508,0.0864,106.5293,0.0081,0.0291,0.0073,0.0034,0.0009,266.9839,-0.3088,-0.1026,0.6892,0.3235,0.0000,0.0000,0.0006,1.0000,0.6699,1,0,0,0,0,3.3665
136.9464,-13.3508,0.0864,106.5285,0.0081,0.0293,0.0074,0.0034,0.0008,266.9619,-0.3521,-0.1026,0.6892,0.3235,0.0000,0.0000,0.0002,1.0000,0.6699,1,0,0,0,0,3.3689
137.0029,-13.3508,0.0864,106.5278,0.0081,0.0290,0.0073,0.0034,-0.0013,266.9435,-0.3257,-0.1026,0.6892,0.3235,0.0000,0.0000,0.0001,1.0000,0.6699,1,0,0,0,0,3.3674
137.0587,-13.3507,0.0864,106.5272,0.0081,0.0291,0.0073,0.0034,0.0002,266.9252,-0.3278,-0.1026,0.6892,0.3235,0.0000,0.0000,0.0000,1.0000,0.6699,1,0,0,0,0,3.3675
137.1099,-13.3507,0.0864,106.5265,0.0081,0.0290,0.0073,0.0034,-0.0004,266.9068,-0.3597,-0.1026,0.6892,0.3235,0.0000,0.0000,0.0000,1.0000,0.6699,1,0,0,0,0,3.3693
137.1613,-13.3507,0.0864,106.5259,0.0081,0.0293,0.0074,0.0034,0.0014,266.8922,-0.2852,-0.1026,0.6892,0.3235,0.0000,0.0000,0.0000,1.0000,0.6699,1,0,0,0,0,3.3651
137.2150,-13.3507,0.0864,106.5252,0.0081,0.0291,0.0073,0.0034,-0.0007,266.8738,-0.3419,-0.1026,0.6892,0.3235,0.0000,0.0000,0.0000,1.0000,0.6699,1,0,0,0,0,3.3683
137.2725,-13.3507,0.0864,106.5245,0.0081,0.0292,0.0073,0.0034,0.0004,266.8554,-0.3200,-0.1026,0.6892,0.3235,0.0000,0.0000,0.0000,1.0000,0.6699,1,0,0,0,0,3.3671
137.3233,-13.3506,0.0864,106.5239,0.0080,0.0289,0.0073,0.0034,-0.0014,266.8370,-0.3613,-0.1026,0.6892,0.3235,0.0000,0.0000,0.0000,1.0000,0.6699,1,0,0,0,0,3.3694
137.3747,-13.3506,0.0864,106.5232,0.0081,0.0292,0.0074,0.0034,0.0015,266.8186,-0.3576,-0.1026,0.6892,0.3235,0.0000,0.0000,0.0000,1.0000,0.6699,1,0,0,0,0,3.3692
137.4256,-13.3506,0.0864,106.5226,0.0080,0.0287,0.0072,0.0035,-0.0028,266.8041,-0.2858,-0.1026,0.6892,0.3235,0.0000,0.0000,0.0000,1.0000,0.6699,1,0,0,0,0,3.3652
137.4761,-13.3506,0.0864,106.5220,0.0079,0.0286,0.0071,0.0035,-0.0005,266.7858,-0.3628,-0.1026,0.6892,0.3235,0.0000,0.0000,0.0000,1.0000,0.6699,1,0,0,0,0,3.3695
137.5263,-13.3506,0.0864,106.5214,0.0079,0.0285,0.0071,0.0035,-0.0006,266.7711,-0.2921,-0.1026,0.6892,0.3235,0.0000,0.0000,0.0000,1.0000,0.6699,1,0,0,0,0,3.3655
137.5861,-13.3506,0.0864,106.5206,0.0079,0.0285,0.0071,0.0035,-0.0002,266.7492,-0.3667,-0.1026,0.6892,0.3235,0.0000,0.0000,0.0000,1.0000,0.6699,1,0,0,0,0,3.3697
137.6378,-13.3505,0.0864,106.5200,0.0079,0.0285,0.0071,0.0035,0.0002,266.7346,-0.2820,-0.1026,0.6892,0.3235,0.0000,0.0000,0.0000,1.0000,0.6699,1,0,0,0,0,3.3650
137.6909,-13.3505,0.0864,106.5193,0.0080,0.0289,0.0073,0.0034,0.0021,266.7160,-0.3496,-0.1026,0.6892,0.3235,0.0000,0.0000,0.0000,1.0000,0.6699,1,0,0,0,0,3.3687
137.7432,-13.3505,0.0864,106.5187,0.0082,0.0293,0.0074,0.0034,0.0024,266.6977,-0.3513,-0.1026,0.6892,0.3235,0.0000,0.0000,0.0000,1.0000,0.6699,1,0,0,0,0,3.3688
137.8030,-13.3505,0.0864,106.5179,0.0082,0.0294,0.0074,0.0034,0.0002,266.6794,-0.3050,-0.1026,0.6892,0.3235,0.0000,0.0000,0.0000,1.0000,0.6699,1,0,0,0,0,3.3662
137.8624,-13.3504,0.0864,106.5172,0.0082,0.0294,0.0074,0.0034,-0.0002,266.6576,-0.3678,-0.1026,0.6892,0.3235,0.0000,0.0000,0.0000,1.0000,0.6699,1,0,0,0,0,3.3697
137.9131,-13.3504,0.0864,106.5166,0.0082,0.0294,0.0074,0.0034,0.0002,266.6430,-0.2876,-0.1026,0.6892,0.3235,0.0000,0.0000,0.0000,1.0000,0.6699,1,0,0,0,0,3.3653
137.9717,-13.3504,0.0864,106.5159,0.0081,0.0292,0.0074,0.0034,-0.0012,266.6247,-0.3122,-0.1026,0.6892,0.3235,0.0000,0.0000,0.0000,1.0000,0.6699,1,0,0,0,0,3.3666
138.0342,-13.3504,0.0864,106.5151,0.0081,0.0291,0.0074,0.0034,-0.0001,266.6028,-0.3504,-0.1026,0.6892,0.3235,0.0000,0.0000,0.0000,1.0000,0.6699,1,0,0,0,0,3.3688
138.0913,-13.3504,0.0864,106.5144,0.0081,0.0293,0.0074,0.0034,0.0006,266.5846,-0.3189,-0.1026,0.6892,0.3235,0.0000,0.0000,0.0000,1.0000,0.6699,1,0,0,0,0,3.3670
138.1537,-13.3503,0.0864,106.5136,0.0081,0.0293,0.0074,0.0034,0.0003,266.5629,-0.3473,-0.1026,0.6892,0.3235,0.0000,0.0000,0.0000,1.0000,0.6699,1,0,0,0,0,3.3686
138.2049,-13.3503,0.0864,106.5130,0.0081,0.0291,0.0073,0.0034,-0.0010,266.5483,-0.2845,-0.1026,0.6892,0.3235,0.0000,0.0000,0.0000,1.0000,0.6699,1,0,0,0,0,3.3651
138.2644,-13.3503,0.0864,106.5122,0.0081,0.0291,0.0073,0.0034,-0.0002,266.5266,-0.3645,-0.1026,0.6892,0.3235,0.0000,0.0000,0.0000,1.0000,0.6699,1,0,0,0,0,3.3696
138.3186,-13.3503,0.0864,106.5116,0.0081,0.0292,0.0074,0.0034,0.0003,266.5085,-0.3347,-0.1026,0.6892,0.3235,0.0000,0.0000,0.0000,1.0000,0.6699,1,0,0,0,0,3.3679
138.3797,-13.3503,0.0864,106.5108,0.0081,0.0290,0.0073,0.0034,-0.0006,266.4904,-0.2956,-0.1026,0.6892,0.3235,0.0000,0.0000,0.0000,1.0000,0.6699,1,0,0,0,0,3.3657
138.4397,-13.3503,0.0864,106.5101,0.0081,0.0292,0.0074,0.0034,0.0007,266.4688,-0.3618,-0.1026,0.6892,0.3235,0.0000,0.0000,0.0000,1.0000,0.6699,1,0,0,0,0,3.3694
138.4983,-13.3502,0.0864,106.5093,0.0081,0.0290,0.0073,0.0034,-0.0008,266.4506,-0.3103,-0.1026,0.6892,0.3235,0.0000,0.0000,0.0000,1.0000,0.6699,1,0,0,0,0,3.3665
138.5488,-13.3502,0.0864,106.5087,0.0081,0.0291,0.0073,0.0034,0.0003,266.4361,-0.2861,-0.1007,0.6892,0.3235,0.0000,0.0000,0.0000,1.0000,0.6699,1,0,0,0,0,3.3652
138.5989,-13.3502,0.0864,106.5081,0.0080,0.0288,0.0072,0.0034,-0.0015,266.4181,-0.3601,-0.1007,0.6892,0.3235,0.0000,0.0000,0.0000,1.0000,0.6699,1,0,0,0,0,3.3693
138.6527,-13.3502,0.0864,106.5074,0.0080,0.0289,0.0073,0.0034,0.0006,266.4000,-0.3366,-0.1007,0.6892,0.3235,0.0000,0.0000,0.0000,1.0000,0.6699,1,0,0,0,0,3.3680
138.7195,-13.3502,0.0864,106.5066,0.0080,0.0289,0.0073,0.0034,-0.0002,266.3784,-0.3234,-0.1007,0.6892,0.3235,0.0000,0.0000,0.0000,1.0000,0.6699,1,0,0,0,0,3.3673
138.7715,-13.3502,0.0864,106.5060,0.0080,0.0287,0.0072,0.0034,-0.0010,266.3639,-0.2783,-0.1007,0.6892,0.3235,0.0000,0.0000,0.0000,1.0000,0.6699,1,0,0,0,0,3.3648
138.8257,-13.3501,0.0864,106.5053,0.0080,0.0288,0.0072,0.0034,0.0004,266.3459,-0.3318,-0.1007,0.6892,0.3235,0.0000,0.0000,0.0000,1.0000,0.6699,1,0,0,0,0,3.3677
138.8815,-13.3501,0.0864,106.5046,0.0079,0.0286,0.0072,0.0034,-0.0009,266.3279,-0.3227,-0.1007,0.6892,0.3235,0.0000,0.0000,0.0000,1.0000,0.6699,1,0,0,0,0,3.3672
138.9321,-13.3501,0.0864,106.5040,0.0080,0.0287,0.0072,0.0034,0.0005,266.3099,-0.3563,-0.1007,0.6892,0.3235,0.0000,0.0000,0.0000,1.0000,0.6699,1,0,0,0,0,3.3691
138.9923,-13.3501,0.0864,106.5032,0.0080,0.0287,0.0072,0.0034,0.0002,266.2919,-0.2979,-0.1007,0.6892,0.3235,0.0000,0.0000,0.0000,1.0000,0.6699,1,0,0,0,0,3.3659
139.0453,-13.3501,0.0864,106.5026,0.0079,0.0286,0.0072,0.0034,-0.0010,266.2738,-0.3418,-0.1007,0.6892,0.3235,0.0000,0.0000,0.0000,1.0000,0.6699,1,0,0,0,0,3.3683
139.1050,-13.3501,0.0864,106.5018,0.0079,0.0286,0.0072,0.0034,0.0001,266.2558,-0.3019,-0.1007,0.6892,0.3235,0.0000,0.0000,0.0000,1.0000,0.6699,1,0,0,0,0,3.3661
139.1693,-13.3500,0.0864,106.5010,0.0079,0.0286,0.0072,0.0034,-0.0001,266.2343,-0.3349,-0.1007,0.6892,0.3235,0.0000,0.0000,0.0000,1.0000,0.6699,1,0,0,0,0,3.3679
139.2307,-13.3500,0.0864,106.5003,0.0079,0.0286,0.0072,0.0034,0.0001,266.2127,-0.3516,-0.1007,0.6892,0.3235,0.0000,0.0000,0.0000,1.0000,0.6699,1,0,0,0,0,3.3688
139.2871,-13.3500,0.0864,106.4996,0.0079,0.0284,0.0071,0.0034,-0.0009,266.1947,-0.3179,-0.1007,0.6892,0.3235,0.0000,0.0000,0.0000,1.0000,0.6699,1,0,0,0,0,3.3670
139.3377,-13.3500,0.0864,106.4989,0.0079,0.0284,0.0071,0.0034,0.0002,266.1804,-0.2845,-0.1007,0.6892,0.3235,0.0000,0.0000,0.0000,1.0000,0.6699,1,0,0,0,0,3.3651
139.3896,-13.3500,0.0864,106.4983,0.0079,0.0283,0.0071,0.0034,-0.0006,266.1624,-0.3456,-0.1007,0.6892,0.3235,0.0000,0.0000,0.0000,1.0000,0.6699,1,0,0,0,0,3.3685
139.4424,-13.3500,0.0864,106.4977,0.0079,0.0285,0.0071,0.0034,0.0011,266.1446,-0.3381,-0.1007,0.6892,0.3235,0.0000,0.0000,0.0000,1.0000,0.6699,1,0,0,0,0,3.3681
139.5013,-13.3500,0.0864,106.4969,0.0081,0.0290,0.0073,0.0034,0.0021,266.1268,-0.3016,-0.1007,0.6892,0.3235,0.0000,0.0000,0.0000,1.0000,0.6699,1,0,0,0,0,3.3661
139.5530,-13.3500,0.0864,106.4963,0.0080,0.0288,0.0072,0.0034,-0.0012,266.1093,-0.3385,-0.1007,0.6892,0.3235,0.0000,0.0000,0.0000,1.0000,0.6699,1,0,0,0,0,3.3681
139.6031,-13.3500,0.0864,106.4957,0.0080,0.0289,0.0072,0.0034,0.0006,266.0953,-0.2797,-0.1007,0.6892,0.3235,0.0000,0.0000,0.0000,1.0000,0.6699,1,0,0,0,0,3.3648
139.6605,-13.3500,0.0864,106.4950,0.0080,0.0288,0.0072,0.0034,-0.0005,266.0742,-0.3662,-0.1007,0.6892,0.3235,0.0000,0.0000,0.0000,1.0000,0.6699,1,0,0,0,0,3.3696
139.7161,-13.3500,0.0864,106.4943,0.0080,0.0286,0.0072,0.0035,-0.0005,266.0566,-0.3170,-0.1007,0.6892,0.3235,0.0000,0.0000,0.0000,1.0000,0.6699,1,0,0,0,0,3.3669
139.7675,-13.3500,0.0864,106.4936,0.0080,0.0287,0.0072,0.0035,0.0002,266.0427,-0.2710,-0.1007,0.6892,0.3235,0.0000,0.0000,0.0000,1.0000,0.6699,1,0,0,0,0,3.3644
139.8198,-13.3500,0.0864,106.4930,0.0079,0.0286,0.0071,0.0035,-0.0007,266.0252,-0.3337,-0.1007,0.6892,0.3235,0.0000,0.0000,0.0000,1.0000,0.6699,1,0,0,0,0,3.3678
139.8701,-13.3500,0.0864,106.4924,0.0079,0.0285,0.0071,0.0035,0.0000,266.0112,-0.2796,-0.1007,0.6892,0.3235,0.0000,0.0000,0.0000,1.0000,0.6699,1,0,0,0,0,3.3648
139.9227,-13.3500,0.0864,106.4917,0.0079,0.0286,0.0072,0.0035,0.0004,265.9938,-0.3302,-0.1007,0.6892,0.3235,0.0000,0.0000,0.0000,1.0000,0.6699,1,0,0,0,0,3.3676
139.9829,-13.3500,0.0864,106.4910,0.0078,0.0282,0.0070,0.0035,-0.0018,265.9726,-0.3523,-0.1007,0.6892,0.3235,0.0000,0.0000,0.0000,1.0000,0.6699,1,0,0,0,0,3.3689
140.0437,-13.3500,0.0864,106.4902,0.0078,0.0280,0.0070,0.0035,-0.0009,265.9549,-0.2918,-0.1007,0.6892,0.3235,0.0000,0.0000,0.0000,1.0000,0.6699,1,0,0,0,0,3.3655
140.1015,-13.3500,0.0864,106.4895,0.0078,0.0281,0.0070,0.0035,0.0002,265.9370,-0.3081,-0.1007,0.6892,0.3235,0.0000,0.0000,0.0000,1.0000,0.6699,1,0,0,0,0,3.3664
140.1554,-13.3500,0.0864,106.4888,0.0078,0.0281,0.0069,0.0036,0.0003,265.9193,-0.3304,-0.1007,0.6892,0.3235,0.0000,0.0000,0.0000,1.0000,0.6699,1,0,0,0,0,3.3677
140.2077,-13.3499,0.0864,106.4882,0.0078,0.0280,0.0069,0.0036,-0.0009,265.9015,-0.3394,-0.1007,0.6892,0.3235,0.0000,0.0000,0.0000,1.0000,0.6699,1,0,0,0,0,3.3682
140.2667,-13.3499,0.0864,106.4875,0.0079,0.0284,0.0068,0.0040,0.0019,265.8838,-0.3009,-0.1007,0.6892,0.3235,0.0000,0.0000,0.0000,1.0000,0.6699,1,0,0,0,0,3.3660
140.3276,-13.3499,0.0864,106.4867,0.0079,0.0284,0.0068,0.0041,0.0001,265.8624,-0.3503,-0.1007,0.6892,0.3235,0.0000,0.0000,0.0000,1.0000,0.6699,1,0,0,0,0,3.3688
140.3813,-13.3499,0.0864,106.4860,0.0080,0.0287,0.0067,0.0043,0.0017,265.8482,-0.2647,-0.1007,0.6892,0.3235,0.0000,0.0000,0.0000,1.0000,0.6699,1,0,0,0,0,3.3640
140.4327,-13.3499,0.0864,106.4854,0.0079,0.0285,0.0067,0.0042,-0.0014,265.8304,-0.3455,-0.1007,0.6892,0.3235,0.0000,0.0000,0.0000,1.0000,0.6699,1,0,0,0,0,3.3685
140.4916,-13.3499,0.0864,106.4847,0.0081,0.0290,0.0067,0.0044,0.0025,265.8126,-0.3027,-0.1007,0.6892,0.3235,0.0000,0.0000,0.0000,1.0000,0.6699,1,0,0,0,0,3.3661
140.5522,-13.3499,0.0864,106.4839,0.0080,0.0289,0.0066,0.0046,-0.0005,265.7913,-0.3514,-0.1007,0.6892,0.3235,0.0000,0.0000,0.0000,1.0000,0.6699,1,0,0,0,0,3.3688
140.6128,-13.3498,0.0864,106.4832,0.0080,0.0290,0.0065,0.0047,0.0003,265.7735,-0.2942,-0.1007,0.6892,0.3235,0.0000,0.0000,0.0000,1.0000,0.6699,1,0,0,0,0,3.3656
140.6738,-13.3498,0.0864,106.4824,0.0082,0.0295,0.0065,0.0050,0.0027,265.7521,-0.3503,-0.1007,0.6892,0.3235,0.0000,0.0000,0.0000,1.0000,0.6699,1,0,0,0,0,3.3688
140.7370,-13.3498,0.0864,106.4816,0.0083,0.0299,0.0065,0.0052,0.0018,265.7308,-0.3378,-0.1007,0.6892,0.3235,0.0000,0.0000,0.0000,1.0000,0.6699,1,0,0,0,0,3.3681
140.7883,-13.3498,0.0864,106.4810,0.0083,0.0298,0.0064,0.0052,-0.0011,265.7165,-0.2782,-0.1007,0.6892,0.3235,0.0000,0.0000,0.0000,1.0000,0.6699,1,0,0,0,0,3.3648
140.8486,-13.3498,0.0864,106.4803,0.0083,0.0301,0.0064,0.0054,0.0014,265.6951,-0.3548,-0.1007,0.6892,0.3235,0.0000,0.0000,0.0000,1.0000,0.6699,1,0,0,0,0,3.3690
140.9122,-13.3498,0.0864,106.4795,0.0085,0.0306,0.0063,0.0056,0.0022,265.6773,-0.2802,-0.1007,0.6892,0.3235,0.0000,0.0000,0.0000,1.0000,0.6699,1,0,0,0,0,3.3649
140.9689,-13.3497,0.0864,106.4788,0.0086,0.0309,0.0064,0.0057,0.0015,265.6595,-0.3134,-0.1007,0.6892,0.3235,0.0000,0.0000,0.0000,1.0000,0.6699,1,0,0,0,0,3.3667
141.0265,-13.3497,0.0864,106.4781,0.0086,0.0309,0.0062,0.0059,0.0001,265.6381,-0.3713,-0.1007,0.6892,0.3235,0.0000,0.0000,0.0000,1.0000,0.6699,1,0,0,0,0,3.3699
141.0812,-13.3497,0.0864,106.4774,0.0086,0.0311,0.0062,0.0060,0.0011,265.6203,-0.3262,-0.1007,0.6892,0.3235,0.0000,0.0000,0.0000,1.0000,0.6699,1,0,0,0,0,3.3674
141.1369,-13.3497,0.0864,106.4767,0.0087,0.0312,0.0061,0.0061,0.0007,265.6024,-0.3210,-0.1007,0.6892,0.3235,0.0000,0.0000,0.0000,1.0000,0.6699,1,0,0,0,0,3.3671
141.1880,-13.3497,0.0864,106.4766,0.0000,0.0000,0.0000,0.0000,-0.1693,265.6022,-0.0042,-0.1007,0.6892,0.3235,0.0000,0.0000,0.0000,1.0000,0.6699,1,0,0,0,0,3.3495
141.2430,-13.3497,0.0864,106.4766,0.0000,0.0001,0.0000,0.0000,0.0004,265.6021,-0.0011,-0.1007,0.6892,0.3235,0.0000,0.0000,0.0000,1.0000,0.6699,1,0,0,0,0,3.3494
141.2955,-13.3497,0.0864,106.4765,0.0001,0.0002,0.0000,0.0001,0.0004,265.6019,-0.0052,-0.1007,0.6892,0.3235,0.0000,0.0000,0.0000,1.0000,0.6699,1,0,0,0,0,3.3496
141.3560,-13.3497,0.0864,106.4765,0.0006,0.0022,0.0005,0.0003,0.0091,265.5993,-0.0429,-0.1007,0.6892,0.3235,0.0000,0.0000,0.0000,1.0000,0.6699,1,0,0,0,0,3.3517
141.4134,-13.3497,0.0864,106.4764,0.0005,0.0020,0.0003,0.0005,-0.0010,265.5967,-0.0452,-0.1007,0.6892,0.3235,0.0000,0.0000,0.0000,1.0000,0.6699,1,0,0,0,0,3.3518
141.4658,-13.3498,0.0864,106.4759,0.0682,0.2456,0.0174,0.0660,1.2908,265.6478,0.9756,-0.1007,0.6892,0.3235,0.0000,0.0000,0.0000,1.0000,0.6699,1,0,0,0,0,3.4035
141.5177,-13.3513,0.0864,106.4684,0.2154,0.7754,0.0528,0.2088,2.8383,266.3128,12.8252,-0.1007,0.6892,0.3235,0.0000,0.0000,0.0000,1.0000,0.6699,1,0,0,0,0,4.0618
141.5706,-13.3536,0.0864,106.4572,0.2491,0.8966,0.0612,0.2414,0.6363,267.2358,17.4468,-0.1007,0.6892,0.3235,0.0000,0.0000,0.0000,1.0000,0.6699,1,0,0,0,0,4.3186
141.6310,-13.3566,0.0864,106.4438,0.2410,0.8675,0.0589,0.2337,-0.1339,268.1841,15.7053,-0.1007,0.6892,0.3235,0.0000,0.0000,0.0000,1.0000,0.6699,1,0,0,0,0,4.2218
141.6842,-13.3593,0.0864,106.4329,0.2084,0.7501,0.0509,0.2021,-0.6127,269.0392,16.0671,-0.1007,0.6892,0.3235,0.0000,0.0000,0.0000,1.0000,0.6699,1,0,0,0,0,4.2419
141.7422,-13.3616,0.0864,106.4234,0.1533,0.5517,0.0364,0.1489,-0.9495,269.6988,11.3673,-0.1007,0.6892,0.3235,0.0000,0.0000,0.0000,1.0000,0.6699,1,0,0,0,0,3.9808
141.7926,-13.3632,0.0864,106.4173,0.1104,0.3976,0.0260,0.1073,-0.8496,270.1790,9.5306,-0.1007,0.6892,0.3235,0.0000,0.0000,0.0000,1.0000,0.6699,1,0,0,0,0,3.8788
141.8445,-13.3645,0.0864,106.4126,0.0884,0.3184,0.0207,0.0860,-0.4239,270.4714,5.6332,-0.1007,0.6892,0.3235,0.0000,0.0000,0.0000,1.0000,0.6699,1,0,0,0,0,3.6623
141.9048,-13.3656,0.0864,106.4084,0.0653,0.2350,0.0160,0.0633,-0.3841,270.8171,5.7299,-0.1007,0.6892,0.3235,0.0000,0.0000,0.0000,1.0000,0.6699,1,0,0,0,0,3.6676
141.9550,-13.3664,0.0864,106.4056,0.0597,0.2150,0.0152,0.0578,-0.1104,271.0141,3.9252,-0.1007,0.6892,0.3235,0.0000,0.0000,0.0000,1.0000,0.6699,1,0,0,0,0,3.5674
142.0058,-13.3672,0.0864,106.4029,0.0622,0.2238,0.0161,0.0600,0.0481,271.2569,4.7847,-0.1007,0.6892,0.3235,0.0000,0.0000,0.0000,1.0000,0.6699,1,0,0,0,0,3.6151
142.0661,-13.3683,0.0864,106.3991,0.0735,0.2646,0.0182,0.0712,0.1880,271.5150,4.2782,-0.1007,0.6892,0.3235,0.0000,0.0000,0.0000,1.0000,0.6699,1,0,0,0,0,3.5870
142.1259,-13.3690,0.0864,106.3955,0.0755,0.2720,0.0181,0.0734,0.0340,271.5448,0.4982,-0.1007,0.6892,0.3235,0.0000,0.0000,0.0000,1.0000,0.6699,1,0,0,0,0,3.3770
142.1779,-13.3691,0.0864,106.3925,0.0768,0.2763,0.0184,0.0745,0.0233,271.5461,0.0235,-0.1007,0.6892,0.3235,0.0000,0.0000,0.0000,1.0000,0.6699,1,0,0,0,0,3.3506
142.2347,-13.3692,0.0864,106.3891,0.0763,0.2747,0.0184,0.0740,-0.0083,271.5479,0.0328,-0.1007,0.6892,0.3235,0.0000,0.0000,0.0000,1.0000,0.6699,1,0,0,0,0,3.3511
142.2915,-13.3693,0.0864,106.3859,0.0760,0.2734,0.0184,0.0737,-0.0060,271.5487,0.0145,-0.1007,0.6892,0.3235,0.0000,0.0000,0.0000,1.0000,0.6699,1,0,0,0,0,3.3501
142.3444,-13.3694,0.0864,106.3828,0.0760,0.2737,0.0184,0.0738,0.0015,271.5497,0.0179,-0.1007,0.6892,0.3235,0.0000,0.0000,0.0000,1.0000,0.6699,1,0,0,0,0,3.3503
142.4061,-13.3695,0.0864,106.3792,0.0759,0.2732,0.0183,0.0737,-0.0021,271.5490,-0.0119,-0.1007,0.6892,0.3235,0.0000,0.0000,0.0000,1.0000,0.6699,1,0,0,0,0,3.3500
142.4681,-13.3696,0.0864,106.3756,0.0759,0.2732,0.0183,0.0737,-0.0002,271.5480,-0.0153,-0.1007,0.6892,0.3235,0.0000,0.0000,0.0000,1.0000,0.6699,1,0,0,0,0,3.3502
142.5248,-13.3697,0.0864,106.3724,0.0762,0.2742,0.0183,0.0739,0.0047,271.5477,-0.0059,-0.1007,0.6892,0.3235,0.0000,0.0000,0.0000,1.0000,0.6699,1,0,0,0,0,3.3496
142.5823,-13.3698,0.0864,106.3690,0.0761,0.2739,0.0182,0.0739,-0.0013,271.5467,-0.0175,-0.1007,0.6892,0.3235,0.0000,0.0000,0.0000,1.0000,0.6699,1,0,0,0,0,3.3503
142.6357,-13.3699,0.0864,106.3659,0.0762,0.2744,0.0183,0.0740,0.0025,271.5460,-0.0132,-0.1007,0.6892,0.3235,0.0000,0.0000,0.0000,1.0000,0.6699,1,0,0,0,0,3.3500
142.6864,-13.3700,0.0864,106.3629,0.0761,0.2740,0.0183,0.0739,-0.0023,271.5471,0.0235,-0.1007,0.6892,0.3235,0.0000,0.0000,0.0000,1.0000,0.6699,1,0,0,0,0,3.3506
142.7479,-13.3701,0.0864,106.3593,0.0764,0.2750,0.0183,0.0742,0.0047,271.5479,0.0114,-0.1026,0.6892,0.3235,0.0000,0.0000,0.0000,1.0000,0.6699,1,0,0,0,0,3.3499
142.8048,-13.3702,0.0864,106.3560,0.0760,0.2737,0.0183,0.0738,-0.0063,271.5468,-0.0183,-0.1046,0.6892,0.3235,0.0000,0.0000,0.0000,1.0000,0.6699,1,0,0,0,0,3.3503
142.8578,-13.3703,0.0864,106.3529,0.0764,0.2752,0.0184,0.0742,0.0077,271.5468,-0.0012,-0.1105,0.6892,0.3235,-0.0103,0.0000,0.0000,1.0000,0.6699,1,0,0,0,0,3.3494
142.9110,-13.3705,0.0864,106.3497,0.0780,0.2810,0.0186,0.0758,0.0302,271.5427,-0.0757,-0.1144,0.6892,0.3235,-0.0413,-0.8736,16.4150,1.0000,0.6699,1,0,0,0,0,4.2655
142.9640,-13.3706,0.0864,106.3464,0.0773,0.2784,0.0181,0.0752,-0.0134,271.5354,-0.1376,-0.1203,0.6892,0.3235,-0.0711,-2.1180,23.4815,1.0000,0.6699,1,0,0,0,0,4.6615
143.0149,-13.3707,0.0864,106.3431,0.0767,0.2761,0.0178,0.0746,-0.0125,271.5302,-0.1032,-0.1203,0.6892,0.3235,-0.0862,-3.2615,22.4763,1.0000,0.6699,1,0,0,0,0,4.6037
143.0660,-13.3708,0.0864,106.3396,0.0765,0.2754,0.0176,0.0744,-0.0040,271.5280,-0.0436,-0.1203,0.6892,0.3235,-0.0918,-4.3562,21.4352,1.0000,0.6699,1,0,0,0,0,4.5426
143.1231,-13.3709,0.0864,106.3358,0.0762,0.2742,0.0174,0.0741,-0.0059,271.5266,-0.0240,-0.1203,0.6892,0.3235,-0.0951,-5.0244,11.6882,1.0000,0.6699,1,0,0,0,0,4.0000
143.1848,-13.3710,0.0864,106.3315,0.0761,0.2740,0.0174,0.0741,-0.0007,271.5261,-0.0079,-0.1203,0.6892,0.3235,-0.0967,-5.4000,6.0910,1.0000,0.6699,1,0,0,0,0,3.6881
143.2448,-13.3712,0.0864,106.3274,0.0757,0.2725,0.0172,0.0737,-0.0068,271.5247,-0.0234,-0.1203,0.6892,0.3235,-0.0972,-5.6312,3.8519,1.0000,0.6699,1,0,0,0,0,3.5646
143.3031,-13.3713,0.0864,106.3234,0.0754,0.2714,0.0171,0.0734,-0.0056,271.5237,-0.0162,-0.1203,0.6892,0.3235,-0.0975,-5.7480,2.0035,1.0000,0.6699,1,0,0,0,0,3.4615
143.3618,-13.3714,0.0864,106.3194,0.0752,0.2706,0.0171,0.0732,-0.0037,271.5231,-0.0104,-0.1203,0.6892,0.3235,-0.0975,-5.8009,0.9026,1.0000,0.6699,1,0,0,0,0,3.4000
143.4188,-13.3715,0.0864,106.3155,0.0751,0.2704,0.0170,0.0731,-0.0011,271.5230,-0.0021,-0.1203,0.6892,0.3235,-0.0976,-5.8292,0.4948,1.0000,0.6699,1,0,0,0,0,3.3769
143.4704,-13.3717,0.0864,106.3119,0.0751,0.2702,0.0170,0.0731,-0.0010,271.5230,0.0000,-0.1203,0.6892,0.3235,-0.0976,-5.8411,0.2301,1.0000,0.6699,1,0,0,0,0,3.3621
143.5321,-13.3718,0.0864,106.3077,0.0753,0.2710,0.0171,0.0733,0.0037,271.5234,0.0064,-0.1203,0.6892,0.3235,-0.0976,-5.8488,0.1256,1.0000,0.6699,1,0,0,0,0,3.3566
143.5884,-13.3719,0.0864,106.3038,0.0753,0.2711,0.0171,0.0733,0.0004,271.5234,0.0005,-0.1203,0.6892,0.3235,-0.0976,-5.8527,0.0689,1.0000,0.6699,1,0,0,0,0,3.3532
143.6421,-13.3721,0.0864,106.3001,0.0752,0.2708,0.0171,0.0733,-0.0014,271.5234,-0.0011,-0.1203,0.6892,0.3235,-0.0976,-5.8542,0.0278,1.0000,0.6699,1,0,0,0,0,3.3509
143.6991,-13.3722,0.0864,106.2962,0.0752,0.2708,0.0170,0.0733,-0.0002,271.5230,-0.0059,-0.1222,0.6892,0.3235,-0.1001,-5.8902,0.6308,1.0000,0.6699,1,0,0,0,0,3.3847
143.7513,-13.3723,0.0864,106.2926,0.0750,0.2699,0.0169,0.0730,-0.0044,271.5215,-0.0299,-0.1261,0.6892,0.3235,-0.1077,-6.0404,2.8805,1.0000,0.6699,1,0,0,0,0,3.5110
143.8026,-13.3724,0.0864,106.2890,0.0746,0.2686,0.0167,0.0727,-0.0074,271.5189,-0.0499,-0.1300,0.6892,0.3235,-0.1188,-6.2995,5.0488,1.0000,0.6699,1,0,0,0,0,3.6326
143.8556,-13.3725,0.0864,106.2852,0.0743,0.2674,0.0165,0.0724,-0.0064,271.5159,-0.0570,-0.1378,0.6892,0.3235,-0.1322,-7.0146,13.5008,1.0000,0.6699,1,0,0,0,0,4.1025
143.9058,-13.3727,0.0864,106.2816,0.0737,0.2653,0.0162,0.0719,-0.0112,271.5102,-0.1135,-0.1496,0.6892,0.3235,-0.1598,-7.8339,16.2952,1.0000,0.6699,1,0,0,0,0,4.2609
143.9571,-13.3728,0.0864,106.2777,0.0727,0.2616,0.0156,0.0710,-0.0202,271.5023,-0.1543,-0.1613,0.6892,0.3235,-0.1921,-9.0239,23.2255,1.0000,0.6699,1,0,0,0,0,4.6482
144.0077,-13.3729,0.0864,106.2737,0.0723,0.2603,0.0152,0.0707,-0.0070,271.4958,-0.1283,-0.1730,0.6892,0.3235,-0.2226,-10.6504,32.1064,1.0000,0.6699,1,0,0,0,0,5.1401
144.0677,-13.3730,0.0864,106.2689,0.0708,0.2549,0.0150,0.0692,-0.0253,271.4786,-0.2858,-0.1848,0.6892,0.3235,-0.2678,-12.6175,32.7779,1.0000,0.6699,1,0,0,0,0,5.1862
144.1318,-13.3733,0.0864,106.2637,0.1030,0.3709,0.0223,0.1006,0.5033,271.5187,0.6255,-0.1984,0.6892,0.3235,-0.3067,-15.0386,37.8237,1.0000,0.6699,1,0,0,0,0,5.4854
144.1948,-13.3737,0.0864,106.2581,0.0768,0.2764,0.0178,0.0747,-0.4161,271.5796,0.9661,-0.2141,0.6892,0.3235,-0.3578,-17.6931,42.1014,1.0000,0.6699,1,0,0,0,0,5.7419
144.2536,-13.3740,0.0864,106.2532,0.1057,0.3806,0.0246,0.1028,0.4921,271.5936,0.2388,-0.2239,0.6892,0.3235,-0.3949,-20.4744,47.3078,1.0000,0.6699,1,0,0,0,0,5.9908
144.3161,-13.3742,0.0864,106.2480,0.1024,0.3685,0.0238,0.0996,-0.0536,271.5825,-0.1788,-0.2356,0.6892,0.3235,-0.4396,-22.4825,32.1453,1.0000,0.6699,1,0,0,0,0,5.1451
144.3697,-13.3743,0.0864,106.2434,0.1064,0.3831,0.0247,0.1035,0.0758,271.5662,-0.3027,-0.2512,0.6892,0.3235,-0.4790,-25.4161,54.6960,1.0000,0.6699,1,0,0,0,0,6.4048
144.4263,-13.3745,0.0864,106.2381,0.1204,0.4335,0.0279,0.1172,0.2473,271.5563,-0.1757,-0.2610,0.6892,0.3235,-0.5155,-27.5081,36.9540,1.0000,0.6699,1,0,0,0,0,5.4121
144.4803,-13.3747,0.0864,106.2325,0.1230,0.4428,0.0284,0.1197,0.0475,271.5531,-0.0582,-0.2708,0.6892,0.3235,-0.5494,-29.7803,42.0905,1.0000,0.6699,1,0,0,0,0,5.6909
144.5343,-13.3743,0.0864,106.2280,0.0580,0.2087,0.0082,0.0574,-1.2032,271.3783,-3.2352,-0.2806,0.6892,0.3235,-0.5807,-31.8168,37.6894,1.0000,0.6699,1,0,0,0,0,5.6229
144.5945,-13.3737,0.0864,106.2246,0.0502,0.1806,0.0088,0.0494,-0.1298,271.1850,-3.2112,-0.2903,0.6892,0.3235,-0.6106,-33.7917,32.8084,1.0000,0.6699,1,0,0,0,0,5.3504
144.6481,-13.3731,0.0864,106.2220,0.0452,0.1629,-0.0037,0.0451,-0.0921,270.9476,-4.4350,-0.2942,0.6892,0.3235,-0.6365,-35.5013,31.9396,1.0000,0.6699,1,0,0,0,0,5.3701
144.7049,-13.3724,0.0864,106.2194,0.0459,0.1654,-0.0054,0.0456,0.0125,270.6956,-4.4297,-0.3021,0.6892,0.3235,-0.6594,-37.2975,31.5754,1.0000,0.6699,1,0,0,0,0,5.3496
144.7569,-13.3718,0.0864,106.2170,0.0454,0.1635,-0.0052,0.0451,-0.0102,270.4398,-4.9295,-0.3079,0.6813,0.3235,-0.6814,-38.7196,27.3944,1.0000,0.6699,1,0,0,0,0,5.1451
144.8261,-13.3708,0.0864,106.2138,0.0449,0.1616,-0.0051,0.0446,-0.0079,270.1162,-4.6709,-0.3177,0.6598,0.3235,-0.7097,-40.1120,20.1002,1.0000,0.6699,1,0,0,0,0,4.7255
144.8792,-13.3700,0.0864,106.2114,0.0457,0.1646,-0.0051,0.0454,0.0160,269.8324,-5.3473,-0.3275,0.6520,0.3235,-0.7385,-41.7879,31.5784,1.0000,0.6699,1,0,0,0,0,5.4007
144.9406,-13.3691,0.0864,106.2086,0.0476,0.1712,-0.0053,0.0473,0.0298,269.5356,-4.8354,-0.3392,0.6481,0.3235,-0.7674,-43.5645,28.9497,1.0000,0.6699,1,0,0,0,0,5.2263
144.9907,-13.3683,0.0864,106.2061,0.0498,0.1794,-0.0056,0.0495,0.0454,269.2238,-6.2241,-0.3451,0.6461,0.3235,-0.7961,-45.0661,29.9654,1.0000,0.6699,1,0,0,0,0,5.3598
145.0482,-13.3674,0.0864,106.2032,0.0529,0.1905,-0.0060,0.0526,0.0539,268.8996,-5.6390,-0.3548,0.6403,0.3235,-0.8245,-46.8119,30.3725,1.0000,0.6699,1,0,0,0,0,5.3499
145.0983,-13.3666,0.0864,106.2003,0.0586,0.2111,0.0048,0.0584,0.1136,268.6396,-5.1831,-0.3627,0.6305,0.3235,-0.8482,-48.4220,32.0916,1.0000,0.6699,1,0,0,0,0,5.4201
145.1561,-13.3658,0.0864,106.1967,0.0667,0.2402,0.0135,0.0654,0.1403,268.2379,-6.9543,-0.3686,0.6051,0.3235,-0.8763,-50.2650,31.9122,1.0000,0.6699,1,0,0,0,0,5.5085
145.2108,-13.3650,0.0864,106.1929,0.0719,0.2589,0.0153,0.0703,0.0949,267.9195,-5.8225,-0.3725,0.5875,0.3235,-0.8939,-51.5339,23.2021,0.9936,0.6699,1,0,0,0,0,4.9618
145.2655,-13.3644,0.0864,106.1891,0.0733,0.2638,0.0164,0.0714,0.0250,267.6717,-4.5318,-0.3783,0.5719,0.3235,-0.9089,-52.9030,25.0354,0.9804,0.6699,1,0,0,0,0,4.9919
145.3163,-13.3637,0.0864,106.1854,0.0730,0.2629,0.0153,0.0714,-0.0050,267.3632,-6.0636,-0.3842,0.5640,0.3235,-0.9274,-53.9724,21.0210,0.9638,0.6699,1,0,0,0,0,4.8540
145.3742,-13.3631,0.0864,106.1813,0.0743,0.2675,0.0164,0.0725,0.0219,267.0517,-5.3792,-0.3920,0.5640,0.3235,-0.9475,-55.1259,19.9200,0.9523,0.6699,1,0,0,0,0,4.7548
145.4352,-13.3624,0.0864,106.1769,0.0774,0.2786,0.0172,0.0755,0.0507,266.6780,-6.1271,-0.3998,0.5640,0.3235,-0.9751,-56.4909,22.3802,0.9451,0.6699,1,0,0,0,0,4.9330
145.4856,-13.3619,0.0864,106.1731,0.0801,0.2884,0.0178,0.0781,0.0539,266.4305,-4.9158,-0.4037,0.5640,0.3235,-0.9873,-57.6441,22.9026,0.9424,0.6699,1,0,0,0,0,4.8948
145.5438,-13.3613,0.0864,106.1685,0.0842,0.3032,0.0189,0.0821,0.0706,266.0682,-6.2271,-0.4096,0.5640,0.3235,-0.9954,-58.6532,17.3430,0.9402,0.6699,1,0,0,0,0,4.6588
145.5942,-13.3609,0.0864,106.1644,0.0868,0.3124,0.0195,0.0845,0.0505,265.8343,-4.6336,-0.4116,0.5640,0.3235,-0.9977,-59.2027,10.8876,0.9394,0.6699,1,0,0,0,0,4.2116
145.6448,-13.3604,0.0864,106.1602,0.0898,0.3232,0.0203,0.0874,0.0594,265.5516,-5.5902,-0.4135,0.5640,0.3235,-0.9990,-59.5175,6.2244,0.9387,0.6699,1,0,0,0,0,4.0057
145.7063,-13.3600,0.0864,106.1548,0.0922,0.3320,0.0209,0.0898,0.0397,265.2780,-4.4502,-0.4174,0.5640,0.3235,-0.9996,-59.7508,3.7954,0.9384,0.6699,1,0,0,0,0,3.8074
145.7639,-13.3596,0.0864,106.1497,0.0946,0.3405,0.0215,0.0921,0.0411,265.0123,-4.6135,-0.4213,0.5640,0.3235,-0.9998,-59.8800,2.2431,0.9382,0.6699,1,0,0,0,0,3.7302
145.8169,-13.3593,0.0864,106.1449,0.0964,0.3471,0.0220,0.0939,0.0347,264.7542,-4.8640,-0.4252,0.5640,0.3235,-0.9999,-59.9312,0.9650,0.9381,0.6699,1,0,0,0,0,3.6731
145.8680,-13.3590,0.0864,106.1402,0.0979,0.3526,0.0225,0.0953,0.0300,264.5017,-4.9462,-0.4311,0.5640,0.3235,-1.0000,-59.9659,0.6792,0.9381,0.6699,1,0,0,0,0,3.6618
145.9206,-13.3588,0.0864,106.1353,0.0993,0.3576,0.0229,0.0967,0.0265,264.2547,-4.6996,-0.4331,0.5640,0.3235,-1.0000,-59.9819,0.3046,0.9380,0.6699,1,0,0,0,0,3.6273
145.9712,-13.3585,0.0864,106.1306,0.1005,0.3617,0.0231,0.0978,0.0222,264.0603,-3.8396,-0.4350,0.5640,0.3235,-1.0000,-59.9901,0.1612,0.9380,0.6699,1,0,0,0,0,3.5716
146.0248,-13.3583,0.0864,106.1255,0.1017,0.3660,0.0234,0.0989,0.0222,263.8209,-4.4612,-0.4350,0.5640,0.3235,-1.0000,-59.9946,0.0854,0.9380,0.6699,1,0,0,0,0,3.6019
146.0842,-13.3581,0.0864,106.1198,0.1028,0.3700,0.0237,0.1000,0.0187,263.5862,-3.9548,-0.4370,0.5640,0.3235,-1.0000,-59.9975,0.0487,0.9380,0.6699,1,0,0,0,0,3.5717
146.1357,-13.3579,0.0864,106.1147,0.1035,0.3726,0.0239,0.1007,0.0144,263.3536,-4.5142,-0.4389,0.5640,0.3235,-1.0000,-59.9987,0.0233,0.9380,0.6699,1,0,0,0,0,3.6014
146.1875,-13.3578,0.0864,106.1097,0.1045,0.3762,0.0242,0.1016,0.0191,263.1248,-4.4145,-0.4389,0.5640,0.3235,-1.0000,-59.9993,0.0116,0.9380,0.6699,1,0,0,0,0,3.5952
146.2484,-13.3576,0.0864,106.1037,0.1043,0.3756,0.0241,0.1015,-0.0027,262.8959,-3.7599,-0.4389,0.5640,0.3235,-1.0000,-59.9997,0.0055,0.9380,0.6699,1,0,0,0,0,3.5585
146.3100,-13.3575,0.0864,106.0977,0.1047,0.3769,0.0243,0.1018,0.0059,262.6229,-4.4358,-0.4389,0.5640,0.3235,-1.0000,-59.9998,0.0028,0.9380,0.6699,1,0,0,0,0,3.5959
146.3686,-13.3573,0.0864,106.0919,0.1052,0.3789,0.0244,0.1024,0.0093,262.3959,-3.8729,-0.4389,0.5640,0.3235,-1.0000,-59.9999,0.0014,0.9380,0.6699,1,0,0,0,0,3.5645
146.4242,-13.3572,0.0864,106.0864,0.1059,0.3812,0.0246,0.1030,0.0115,262.1714,-4.0345,-0.4389,0.5640,0.3235,-1.0000,-60.0000,0.0005,0.9380,0.6699,1,0,0,0,0,3.5735
146.4847,-13.3571,0.0864,106.0803,0.1063,0.3827,0.0246,0.1034,0.0072,261.9471,-3.7083,-0.4389,0.5640,0.3235,-1.0000,-60.0000,0.0003,0.9380,0.6699,1,0,0,0,0,3.5553
146.5424,-13.3571,0.0864,106.0746,0.1071,0.3856,0.0251,0.1041,0.0139,261.6812,-4.6081,-0.4389,0.5640,0.3235,-1.0000,-60.0000,0.0001,0.9380,0.6699,1,0,0,0,0,3.6053
146.6030,-13.3570,0.0864,106.0685,0.1071,0.3857,0.0253,0.1041,0.0002,261.4604,-3.6443,-0.4389,0.5640,0.3235,-1.0000,-60.0000,0.0000,0.9380,0.6699,1,0,0,0,0,3.5518
146.6537,-13.3569,0.0864,106.0634,0.1075,0.3868,0.0255,0.1044,0.0064,261.2402,-4.3437,-0.4389,0.5640,0.3235,-1.0000,-60.0000,0.0001,0.9380,0.6699,1,0,0,0,0,3.5906
146.7061,-13.3569,0.0864,106.0581,0.1075,0.3869,0.0254,0.1044,0.0003,261.0643,-3.3549,-0.4389,0.5640,0.3235,-1.0000,-60.0000,0.0000,0.9380,0.6699,1,0,0,0,0,3.5357
146.7670,-13.3568,0.0864,106.0519,0.1075,0.3871,0.0255,0.1045,0.0008,260.8021,-4.3100,-0.4389,0.5640,0.3235,-1.0000,-60.0000,0.0000,0.9380,0.6699,1,0,0,0,0,3.5887
146.8269,-13.3568,0.0864,106.0459,0.1081,0.3890,0.0255,0.1050,0.0091,260.5853,-3.6176,-0.4389,0.5640,0.3235,-1.0000,-60.0000,0.0000,0.9380,0.6699,1,0,0,0,0,3.5503
146.8794,-13.3568,0.0864,106.0406,0.1080,0.3888,0.0255,0.1049,-0.0015,260.3690,-4.1215,-0.4389,0.5640,0.3235,-1.0000,-60.0000,0.0000,0.9380,0.6699,1,0,0,0,0,3.5783
146.9340,-13.3568,0.0864,106.0350,0.1084,0.3903,0.0257,0.1053,0.0077,260.1540,-3.9324,-0.4409,0.5640,0.3235,-1.0000,-60.0000,0.0001,0.9380,0.6699,1,0,0,0,0,3.5678
146.9857,-13.3568,0.0864,106.0298,0.1086,0.3910,0.0256,0.1055,0.0039,259.9831,-3.3099,-0.4467,0.5640,0.3235,-1.0000,-60.0000,0.0000,0.9380,0.6699,1,0,0,0,0,3.5332
147.0435,-13.3569,0.0864,106.0239,0.1088,0.3917,0.0258,0.1057,0.0035,259.7284,-4.4089,-0.4526,0.5640,0.3235,-1.0000,-60.0000,0.0000,0.9380,0.6699,1,0,0,0,0,3.5942
147.0997,-13.3569,0.0864,106.0182,0.1090,0.3924,0.0258,0.1059,0.0032,259.5166,-3.7666,-0.4546,0.5640,0.3235,-1.0000,-60.0000,0.0000,0.9380,0.6699,1,0,0,0,0,3.5586
147.1616,-13.3571,0.0864,106.0123,0.0985,0.3547,0.0256,0.0952,-0.1689,259.2751,-3.9014,-0.4585,0.5640,0.3235,-1.0000,-60.0000,0.0000,0.9380,0.6699,1,0,0,0,0,3.5660
147.2179,-13.3581,0.0864,106.0076,0.0926,0.3332,0.0682,0.0626,-0.1060,258.9693,-5.4294,-0.4604,0.5640,0.3235,-1.0000,-60.0000,0.0000,0.9380,0.6699,1,0,0,0,0,3.6509
147.2707,-13.3615,0.0864,106.0051,0.0925,0.3330,0.0924,0.0029,-0.0014,258.4319,-10.1839,-0.4624,0.5640,0.3235,-1.0000,-60.0000,0.0000,0.9380,0.6699,1,0,0,0,0,3.9151
147.3305,-13.3702,0.0864,106.0028,0.2162,0.7785,0.2162,0.0022,2.0674,257.6729,-12.6791,-0.4643,0.5640,0.3235,-1.0000,-60.0000,0.0000,0.9380,0.6699,1,0,0,0,0,4.0537
147.3937,-13.3875,0.0864,105.9987,0.3548,1.2772,0.3547,0.0067,2.1931,257.0418,-9.9903,-0.4643,0.5640,0.3235,-1.0000,-60.0000,0.0000,0.9380,0.6699,1,0,0,0,0,3.9043
147.4547,-13.4147,0.0864,105.9925,0.5610,2.0197,0.5606,0.0228,3.3840,256.2896,-12.3440,-0.4663,0.5640,0.3235,-1.0000,-60.0000,0.0000,0.9380,0.6699,1,0,0,0,0,4.6454
147.5172,-13.4549,0.0864,105.9844,0.7377,2.6559,0.7335,0.0793,2.8269,255.7381,-8.8211,-0.4663,0.5640,0.3235,-1.0000,-60.0000,0.0000,0.9380,0.6699,1,0,0,0,0,5.4519
147.5685,-13.4974,0.0864,105.9782,0.9101,3.2764,0.9018,0.1227,3.3609,255.3841,-6.9021,-0.4663,0.5640,0.3235,-1.0000,-60.0000,0.0000,0.9380,0.6699,1,0,0,0,0,5.7547
147.6190,-13.5473,0.0864,105.9718,1.0902,3.9247,1.0794,0.1533,3.5647,255.1204,-5.2196,-0.4683,0.5640,0.3235,-1.0000,-60.0000,0.0000,0.9380,0.6699,1,0,0,0,0,5.7482
147.6801,-13.6190,0.0864,105.9613,1.2917,4.6500,1.2914,0.0247,3.2978,254.7561,-5.9630,-0.4683,0.5640,0.3235,-1.0000,-60.0000,0.0000,0.9380,0.6699,1,0,0,0,0,3.9676
147.7312,-13.6885,0.0864,105.9422,1.4653,5.2749,1.4652,0.0056,3.3956,253.9741,-15.2991,-0.4702,0.5640,0.3235,-1.0000,-60.0000,0.0000,0.9380,0.6699,1,0,0,0,0,4.2567
147.7930,-13.7755,0.0864,105.9168,1.4686,5.2869,1.4686,0.0034,0.0540,253.2204,-12.1895,-0.4702,0.5640,0.3235,-1.0000,-60.0000,0.0000,0.9380,0.6699,1,0,0,0,0,4.0616
147.8430,-13.8457,0.0864,105.8952,1.4688,5.2878,1.4688,0.0034,0.0048,252.4680,-15.0433,-0.4702,0.5640,0.3235,-1.0000,-60.0000,0.0000,0.9380,0.6699,1,0,0,0,0,4.2200
147.9141,-13.9450,0.0864,105.8632,1.4688,5.2877,1.4688,0.0034,-0.0002,251.5650,-12.7092,-0.4722,0.5640,0.3235,-1.0000,-60.0000,0.0000,0.9380,0.6699,1,0,0,0,0,4.0904
147.9693,-14.0218,0.0864,105.8371,1.4687,5.2874,1.4687,0.0034,-0.0015,250.8126,-13.6334,-0.4722,0.5640,0.3235,-1.0000,-60.0000,0.0000,0.9380,0.6699,1,0,0,0,0,4.1417
148.0291,-14.1047,0.0864,105.8078,1.4687,5.2874,1.4687,0.0034,-0.0001,250.0602,-12.5700,-0.4722,0.5640,0.3235,-1.0000,-60.0000,0.0000,0.9380,0.6699,1,0,0,0,0,4.0828
148.0862,-14.1833,0.0864,105.7787,1.4688,5.2876,1.4688,0.0034,0.0007,249.1572,-15.8230,-0.4722,0.5640,0.3235,-1.0000,-60.0000,0.0000,0.9380,0.6699,1,0,0,0,0,4.2633
148.1434,-14.2617,0.0864,105.7484,1.4688,5.2875,1.4688,0.0034,0.0000,248.4047,-13.1464,-0.4722,0.5640,0.3235,-1.0000,-60.0000,0.0000,0.9380,0.6699,1,0,0,0,0,4.1146
148.1983,-14.3365,0.0864,105.7184,1.4688,5.2876,1.4688,0.0034,0.0001,247.6523,-13.7016,-0.4722,0.5640,0.3235,-1.0000,-60.0000,0.0000,0.9380,0.6699,1,0,0,0,0,4.1454
148.2499,-14.4065,0.0864,105.6893,1.4688,5.2876,1.4688,0.0034,0.0000,247.0503,-11.6745,-0.4722,0.5640,0.3235,-1.0000,-60.0000,0.0000,0.9380,0.6699,1,0,0,0,0,4.0330
148.3116,-14.4897,0.0864,105.6534,1.4687,5.2874,1.4687,0.0034,-0.0006,246.1474,-14.6321,-0.4702,0.5640,0.3235,-1.0000,-60.0000,0.0000,0.9380,0.6699,1,0,0,0,0,4.1972
148.3688,-14.5664,0.0864,105.6191,1.4688,5.2876,1.4688,0.0034,0.0006,245.3950,-13.1528,-0.4546,0.5640,0.3235,-1.0000,-60.0000,0.0000,0.9380,0.6699,1,0,0,0,0,4.1151
148.4360,-14.6558,0.0864,105.5774,1.4688,5.2877,1.4688,0.0034,0.0007,244.4921,-13.4460,-0.4350,0.5640,0.3235,-1.0000,-60.0000,0.0000,0.9380,0.6699,1,0,0,0,0,4.1314
148.4882,-14.7247,0.0864,105.5441,1.4687,5.2875,1.4687,0.0034,-0.0015,243.7397,-14.4175,-0.4018,0.5640,0.3235,-1.0000,-60.0000,0.0000,0.9380,0.6699,1,0,0,0,0,4.1852
148.5382,-14.7905,0.0864,105.5113,1.4688,5.2876,1.4688,0.0034,0.0006,243.1436,-11.9170,-0.3803,0.5640,0.3235,-0.9801,-59.8092,3.8145,0.9380,0.6699,1,0,0,0,0,4.2575
148.5948,-14.8644,0.0864,105.4733,1.4687,5.2875,1.4687,0.0031,-0.0003,242.4320,-12.5727,-0.3509,0.5640,0.3235,-0.9186,-58.4558,23.9139,0.9380,0.6699,1,0,0,0,0,5.4076
148.6552,-14.9428,0.0864,105.4317,1.4688,5.2878,1.4688,0.0026,0.0015,241.6476,-12.9828,-0.3236,0.5640,0.3235,-0.8317,-55.4081,50.4379,0.9380,0.6699,1,0,0,0,0,6.8995
148.7120,-15.0161,0.0864,105.3918,1.4715,5.2972,1.4715,0.0023,0.0461,241.0552,-10.4327,-0.2962,0.5699,0.3235,-0.7525,-51.3465,71.5347,0.9398,0.6699,1,0,0,0,0,7.9261
148.7678,-15.0882,0.0864,105.3515,1.4891,5.3609,1.4891,0.0020,0.3168,240.5186,-9.6114,-0.2708,0.5836,0.3235,-0.6744,-47.3410,71.7416,0.9503,0.6699,1,0,0,0,0,7.8886
148.8183,-15.1540,0.0864,105.3140,1.5142,5.4512,1.5142,0.0016,0.4962,240.0355,-9.5615,-0.2512,0.5914,0.3235,-0.5955,-43.1163,83.6210,0.9643,0.6699,1,0,0,0,0,8.5424
148.8684,-15.2200,0.0864,105.2757,1.5341,5.5227,1.5341,0.0014,0.3968,239.6875,-6.9515,-0.2297,0.5992,0.3235,-0.5324,-39.0620,80.9830,0.9754,0.6699,1,0,0,0,0,8.2482
148.9265,-15.2973,0.0864,105.2301,1.5539,5.5941,1.5539,0.0011,0.3413,239.3021,-6.6324,-0.2023,0.6031,0.3235,-0.4539,-33.9274,88.3661,0.9861,0.6699,1,0,0,0,0,8.6372
148.9842,-15.3746,0.0864,105.1838,1.5671,5.6415,1.5671,0.0006,0.2283,238.9139,-6.7248,-0.1828,0.6051,0.3235,-0.3686,-29.0175,85.0590,0.9932,0.6699,1,0,0,0,0,8.4542
149.0445,-15.4556,0.0864,105.1347,1.5728,5.6621,1.5728,0.0003,0.0946,238.6478,-4.4130,-0.1633,0.6051,0.3235,-0.3034,-24.6058,73.1591,0.9962,0.6699,1,0,0,0,0,7.6614
149.0957,-15.5243,0.0864,105.0926,1.5759,5.6733,1.5759,0.0001,0.0607,238.4301,-4.2528,-0.1476,0.6149,0.3235,-0.2437,-20.7968,74.4046,0.9979,0.6699,1,0,0,0,0,7.7198
149.1457,-15.5914,0.0864,105.0512,1.5773,5.6784,1.5773,0.0003,0.0285,238.2894,-2.8127,-0.1320,0.6286,0.3235,-0.1972,-17.1920,72.0687,0.9987,0.6699,1,0,0,0,0,7.5124
149.2054,-15.6714,0.0864,105.0014,1.5785,5.6824,1.5785,0.0006,0.0187,238.1525,-2.2924,-0.1144,0.6344,0.3235,-0.1443,-13.2231,66.4730,0.9993,0.6699,1,0,0,0,0,7.1753
149.2639,-15.7496,0.0864,104.9526,1.5791,5.6849,1.5791,0.0011,0.0117,238.0600,-1.5847,-0.0968,0.6500,0.3235,-0.0568,-9.3512,66.2695,0.9996,0.6699,1,0,0,0,0,7.1295
149.3202,-15.8250,0.0864,104.9054,1.5794,5.6859,1.5794,0.0013,0.0052,238.0267,-0.5906,-0.0792,0.6657,0.3235,-0.0244,-5.8107,62.8648,0.9998,0.6699,1,0,0,0,0,6.8869
149.3807,-15.9060,0.0864,104.8546,1.5797,5.6869,1.5797,0.0014,0.0043,238.0128,-0.2295,-0.0655,0.6950,0.3235,0.0033,-3.2783,41.8457,0.9999,0.6699,1,0,0,0,0,5.7004
149.4429,-15.9892,0.0864,104.8024,1.5798,5.6874,1.5798,0.0017,0.0025,238.0365,0.3815,-0.0479,0.7185,0.3235,0.0496,-0.6751,41.8566,0.9999,0.6699,1,0,0,0,0,5.7120
149.5068,-16.0748,0.0864,104.7489,1.5798,5.6875,1.5798,0.0019,0.0001,238.0980,0.9623,-0.0323,0.7498,0.3235,0.0861,1.8970,40.2584,1.0000,0.6699,1,0,0,0,0,5.6575
149.5598,-16.1457,0.0864,104.7045,1.5799,5.6875,1.5799,0.0020,0.0002,238.1579,1.1311,-0.0225,0.7537,0.3235,0.1086,4.0249,40.1764,1.0000,0.6699,1,0,0,0,0,5.6634
149.6100,-16.2131,0.0864,104.6626,1.5798,5.6873,1.5798,0.0022,-0.0010,238.2536,1.9041,-0.0088,0.7654,0.3235,0.1374,5.6250,31.8357,1.0000,0.6699,1,0,0,0,0,5.2446
149.6683,-16.2913,0.0864,104.6140,1.5799,5.6877,1.5799,0.0023,0.0019,238.3704,2.0050,0.0049,0.7713,0.3235,0.1638,7.4041,30.5389,1.0000,0.6699,1,0,0,0,0,5.1795
149.7205,-16.3615,0.0864,104.5707,1.5799,5.6875,1.5799,0.0025,-0.0012,238.5092,2.6580,0.0166,0.7811,0.3235,0.1907,8.9291,29.2142,1.0000,0.6699,1,0,0,0,0,5.1437
149.7722,-16.4312,0.0864,104.5279,1.5798,5.6872,1.5798,0.0026,-0.0017,238.6680,3.0669,0.0303,0.7850,0.3235,0.2158,10.4952,30.2483,1.0000,0.6699,1,0,0,0,0,5.2253
149.8327,-16.5128,0.0864,104.4781,1.5798,5.6874,1.5798,0.0028,0.0009,238.8482,2.9786,0.0401,0.7850,0.3235,0.2420,12.0889,26.3418,1.0000,0.6699,1,0,0,0,0,5.0046
149.8870,-16.5861,0.0864,104.4337,1.5799,5.6876,1.5799,0.0029,0.0012,239.0474,3.6695,0.0538,0.7928,0.3235,0.2660,13.6172,28.1505,1.0000,0.6699,1,0,0,0,0,5.1448
149.9471,-16.6674,0.0864,104.3848,1.5799,5.6876,1.5799,0.0030,0.0001,239.2651,3.6283,0.0635,0.7967,0.3235,0.2884,15.2473,27.1630,1.0000,0.6699,1,0,0,0,0,5.0887
150.0047,-16.7456,0.0864,104.3382,1.5799,5.6875,1.5799,0.0031,-0.0007,239.4999,4.0731,0.0733,0.8104,0.3235,0.3089,16.6211,23.8371,1.0000,0.6699,1,0,0,0,0,4.9297
150.0553,-16.8145,0.0864,104.2976,1.5799,5.6876,1.5799,0.0033,0.0008,239.7510,4.9584,0.0791,0.8221,0.3235,0.3282,17.8037,23.3514,1.0000,0.6699,1,0,0,0,0,4.9530
150.1064,-16.8842,0.0864,104.2569,1.5799,5.6875,1.5799,0.0034,-0.0008,240.0149,5.1710,0.0850,0.8358,0.3235,0.3429,18.9136,21.7439,1.0000,0.6699,1,0,0,0,0,4.8765
150.1673,-16.9675,0.0864,104.2088,1.5799,5.6877,1.5799,0.0034,0.0008,240.2905,4.5240,0.0929,0.8436,0.3235,0.3575,19.9963,17.7756,1.0000,0.6699,1,0,0,0,0,4.6207
150.2255,-17.0473,0.0864,104.1632,1.5799,5.6876,1.5799,0.0035,-0.0001,240.5764,4.9137,0.0968,0.8593,0.3235,0.3690,21.0137,17.4864,1.0000,0.6699,1,0,0,0,0,4.6268
150.2844,-17.1284,0.0864,104.1174,1.5800,5.6878,1.5800,0.0035,0.0010,240.9285,5.9726,0.0968,0.9668,0.3235,0.3767,21.7458,12.4171,1.0000,0.6699,1,0,0,0,0,4.4046
150.3386,-17.2032,0.0864,104.0758,1.5799,5.6876,1.5799,0.0036,-0.0013,241.2256,5.4839,0.0987,0.9961,0.3235,0.3804,22.1937,8.2683,1.0000,0.6699,1,0,0,0,0,4.1472
150.3940,-17.2799,0.0864,104.0336,1.5798,5.6871,1.5798,0.0036,-0.0024,241.5253,5.4086,0.0987,1.0000,0.3235,0.3831,22.5636,6.6744,1.0000,0.6699,1,0,0,0,0,4.0546
150.4469,-17.3532,0.0864,103.9937,1.5799,5.6876,1.5799,0.0036,0.0026,241.7662,4.5558,0.0987,1.0000,0.3235,0.3841,22.7736,3.9716,1.0000,0.6699,1,0,0,0,0,3.8570
150.4986,-17.4252,0.0864,103.9550,1.5798,5.6872,1.5798,0.0036,-0.0025,242.0677,5.8289,0.0948,1.0000,0.3235,0.3834,22.9255,2.9369,1.0000,0.6699,1,0,0,0,0,3.8703
150.5488,-17.4953,0.0864,103.9177,1.5799,5.6878,1.5799,0.0035,0.0035,242.3065,4.7546,0.0929,1.0000,0.3235,0.3788,22.8847,0.8123,1.0000,0.6699,1,0,0,0,0,3.6922
150.6001,-17.5670,0.0864,103.8801,1.5799,5.6875,1.5799,0.0035,-0.0015,242.5986,5.7004,0.0831,1.0000,0.3235,0.3677,22.6495,4.5898,1.0000,0.6699,1,0,0,0,0,3.9541
150.6589,-17.6494,0.0864,103.8373,1.5799,5.6876,1.5799,0.0034,0.0004,242.8823,4.8230,0.0811,1.0000,0.3235,0.3583,22.1612,8.3040,1.0000,0.6699,1,0,0,0,0,4.1111
150.7196,-17.7348,0.0864,103.7936,1.5798,5.6873,1.5798,0.0034,-0.0012,243.2140,5.4623,0.0791,1.0000,0.3235,0.3500,21.6674,8.1309,1.0000,0.6699,1,0,0,0,0,4.1367
150.7717,-17.8082,0.0864,103.7565,1.5799,5.6875,1.5799,0.0034,0.0011,243.4866,5.2368,0.0772,1.0000,0.3235,0.3466,21.2869,7.3091,1.0000,0.6699,1,0,0,0,0,4.0784
150.8286,-17.8887,0.0864,103.7162,1.5799,5.6876,1.5799,0.0033,0.0002,243.7547,4.7092,0.0733,1.0000,0.3235,0.3397,20.9614,5.7167,1.0000,0.6699,1,0,0,0,0,3.9603
150.8893,-17.9747,0.0864,103.6737,1.5799,5.6875,1.5799,0.0033,-0.0002,244.0164,4.3080,0.0674,1.0000,0.3235,0.3306,20.5361,7.0040,1.0000,0.6699,1,0,0,0,0,4.0089
150.9499,-18.0607,0.0864,103.6318,1.5798,5.6874,1.5798,0.0032,-0.0008,244.3206,5.0204,0.0635,1.0000,0.3235,0.3202,19.9818,9.1466,1.0000,0.6699,1,0,0,0,0,4.1671
151.0004,-18.1326,0.0864,103.5971,1.5800,5.6878,1.5800,0.0032,0.0026,244.5188,3.9269,0.0616,1.0000,0.3235,0.3152,19.6543,6.4875,1.0000,0.6699,1,0,0,0,0,3.9582
151.0512,-18.2050,0.0864,103.5625,1.5799,5.6878,1.5799,0.0032,-0.0005,244.7635,4.8150,0.0616,1.0000,0.3235,0.3119,19.1707,9.5166,1.0000,0.6699,1,0,0,0,0,4.1757
151.1021,-18.2777,0.0864,103.5281,1.5798,5.6872,1.5798,0.0032,-0.0028,244.9587,3.8351,0.0694,1.0000,0.3235,0.3141,18.9632,4.0764,1.0000,0.6699,1,0,0,0,0,3.8190
151.1592,-18.3593,0.0864,103.4900,1.5798,5.6874,1.5798,0.0032,0.0007,245.2108,4.4178,0.0791,1.0000,0.3235,0.3279,19.1597,3.4432,1.0000,0.6699,1,0,0,0,0,3.8169
151.2119,-18.4350,0.0864,103.4550,1.5799,5.6875,1.5798,0.0034,0.0004,245.4763,5.0338,0.0909,1.0000,0.3235,0.3473,19.6663,9.6055,1.0000,0.6699,1,0,0,0,0,4.1945
151.2721,-18.5215,0.0864,103.4155,1.5798,5.6874,1.5798,0.0035,-0.0004,245.8175,5.6694,0.1065,1.0000,0.3235,0.3743,20.6725,16.7182,1.0000,0.6699,1,0,0,0,0,4.6266
151.3321,-18.6079,0.0864,103.3766,1.5799,5.6875,1.5799,0.0037,0.0005,246.1223,5.0806,0.1183,1.0000,0.3235,0.3984,21.9170,20.7437,1.0000,0.6699,1,0,0,0,0,4.8187
151.3832,-18.6817,0.0864,103.3439,1.5799,5.6875,1.5799,0.0038,0.0001,246.4436,6.2851,0.1222,1.0000,0.3235,0.4154,23.1875,24.8546,1.0000,0.6699,1,0,0,0,0,5.1150
151.4450,-18.7712,0.0864,103.3049,1.5799,5.6875,1.5799,0.0038,0.0003,246.7769,5.3959,0.1261,1.0000,0.3235,0.4293,24.2820,17.7145,1.0000,0.6699,1,0,0,0,0,4.6695
151.5157,-18.8738,0.0864,103.2609,1.5799,5.6875,1.5798,0.0039,-0.0003,247.2574,6.7971,0.1300,1.0000,0.3235,0.4411,25.2529,13.7366,1.0000,0.6699,1,0,0,0,0,4.5272
151.5718,-18.9556,0.0864,103.2266,1.5799,5.6875,1.5799,0.0039,0.0004,247.6070,6.2278,0.1319,1.0000,0.3235,0.4467,26.0640,14.4487,1.0000,0.6699,1,0,0,0,0,4.5354
151.6236,-19.0312,0.0864,103.1953,1.5800,5.6878,1.5800,0.0040,0.0017,247.8902,5.4717,0.1359,1.0000,0.3235,0.4525,26.4558,7.5702,1.0000,0.6699,1,0,0,0,0,4.1114
151.6835,-19.1189,0.0864,103.1597,1.5799,5.6877,1.5799,0.0040,-0.0008,248.3221,7.2088,0.1398,1.0000,0.3235,0.4613,26.9655,8.5072,1.0000,0.6699,1,0,0,0,0,4.2606
151.7442,-19.2079,0.0864,103.1243,1.5799,5.6876,1.5799,0.0041,-0.0006,248.6891,6.0511,0.1437,1.0000,0.3235,0.4695,27.4639,8.2172,1.0000,0.6699,1,0,0,0,0,4.1805
151.8045,-19.2967,0.0864,103.0897,1.5797,5.6871,1.5797,0.0041,-0.0022,249.1368,7.4241,0.1456,1.0000,0.3235,0.4765,27.9596,8.2193,1.0000,0.6699,1,0,0,0,0,4.2574
151.8552,-19.3715,0.0864,103.0611,1.5798,5.6874,1.5798,0.0041,0.0017,249.4380,5.9404,0.1456,1.0000,0.3235,0.4787,28.2842,6.4045,1.0000,0.6699,1,0,0,0,0,4.0741
151.9152,-19.4603,0.0864,103.0278,1.5798,5.6874,1.5798,0.0041,-0.0002,249.8911,7.5428,0.1456,1.0000,0.3235,0.4801,28.5442,4.3279,1.0000,0.6699,1,0,0,0,0,4.0480
151.9760,-19.5504,0.0864,102.9948,1.5799,5.6876,1.5799,0.0041,0.0012,250.2693,6.2281,0.1456,1.0000,0.3235,0.4806,28.6917,2.4277,1.0000,0.6699,1,0,0,0,0,3.8693
152.0293,-19.6298,0.0864,102.9663,1.5799,5.6877,1.5799,0.0041,0.0003,250.6478,7.0935,0.1456,1.0000,0.3235,0.4808,28.7545,1.1777,1.0000,0.6699,1,0,0,0,0,3.8480
152.0858,-19.7140,0.0864,102.9367,1.5798,5.6874,1.5798,0.0041,-0.0012,251.0264,6.7000,0.1456,1.0000,0.3235,0.4808,28.8111,1.0012,1.0000,0.6699,1,0,0,0,0,3.8163
152.1410,-19.7963,0.0864,102.9084,1.5798,5.6872,1.5798,0.0041,-0.0010,251.4049,6.8644,0.1456,1.0000,0.3235,0.4809,28.8304,0.3505,1.0000,0.6699,1,0,0,0,0,3.7893
152.1929,-19.8741,0.0864,102.8822,1.5798,5.6874,1.5798,0.0041,0.0009,251.7836,7.2924,0.1456,1.0000,0.3235,0.4809,28.8425,0.2329,1.0000,0.6699,1,0,0,0,0,3.8066
152.2442,-19.9510,0.0864,102.8567,1.5799,5.6876,1.5799,0.0041,0.0009,252.0865,5.9031,0.1456,1.0000,0.3235,0.4809,28.8482,0.1115,1.0000,0.6699,1,0,0,0,0,3.7225
152.2950,-20.0273,0.0864,102.8321,1.5798,5.6871,1.5798,0.0041,-0.0024,252.4652,7.4641,0.1456,1.0000,0.3235,0.4809,28.8511,0.0565,1.0000,0.6699,1,0,0,0,0,3.8063
152.3458,-20.1039,0.0864,102.8078,1.5799,5.6876,1.5799,0.0041,0.0024,252.7689,5.9682,0.1476,1.0000,0.3235,0.4829,28.8891,0.7460,1.0000,0.6699,1,0,0,0,0,3.7614
152.4090,-20.1992,0.0864,102.7783,1.5798,5.6874,1.5798,0.0041,-0.0008,253.2266,7.2519,0.1496,1.0000,0.3235,0.4857,28.9636,1.1809,1.0000,0.6699,1,0,0,0,0,3.8572
152.4631,-20.2810,0.0864,102.7536,1.5798,5.6874,1.5798,0.0042,0.0001,253.6107,7.0981,0.1515,1.0000,0.3235,0.4891,29.0988,2.4987,1.0000,0.6699,1,0,0,0,0,3.9221
152.5132,-20.3571,0.0864,102.7312,1.5798,5.6871,1.5797,0.0042,-0.0017,253.9201,6.1679,0.1535,1.0000,0.3235,0.4925,29.2605,3.2240,1.0000,0.6699,1,0,0,0,0,3.9107
152.5655,-20.4364,0.0864,102.7084,1.5799,5.6875,1.5799,0.0042,0.0021,254.3108,7.4740,0.1574,1.0000,0.3235,0.4984,29.5045,4.6679,1.0000,0.6699,1,0,0,0,0,4.0639
152.6239,-20.5252,0.0864,102.6835,1.5799,5.6875,1.5798,0.0042,-0.0002,254.7060,6.7728,0.1613,1.0000,0.3235,0.5043,29.7884,4.8644,1.0000,0.6699,1,0,0,0,0,4.0361
152.6800,-20.6107,0.0864,102.6602,1.5799,5.6875,1.5799,0.0043,0.0002,255.1065,7.1365,0.1652,1.0000,0.3235,0.5113,30.1762,6.9101,1.0000,0.6699,1,0,0,0,0,4.1703
152.7353,-20.6951,0.0864,102.6378,1.5799,5.6875,1.5798,0.0043,-0.0003,255.5128,7.3480,0.1671,1.0000,0.3235,0.5183,30.5605,6.9495,1.0000,0.6699,1,0,0,0,0,4.1846
152.7974,-20.7902,0.0864,102.6133,1.5799,5.6875,1.5799,0.0044,0.0004,256.0081,7.9696,0.1730,1.0000,0.3235,0.5275,30.9825,6.7910,1.0000,0.6699,1,0,0,0,0,4.2109
152.8581,-20.8832,0.0864,102.5902,1.5799,5.6875,1.5799,0.0044,0.0000,256.5124,8.3140,0.1769,1.0000,0.3235,0.5368,31.4726,8.0800,1.0000,0.6699,1,0,0,0,0,4.3023
152.9086,-20.9608,0.0864,102.5715,1.5799,5.6876,1.5799,0.0045,0.0003,256.8528,6.7422,0.1789,1.0000,0.3235,0.5413,31.8971,8.4073,1.0000,0.6699,1,0,0,0,0,4.2333
152.9679,-21.0520,0.0864,102.5502,1.5799,5.6875,1.5798,0.0045,-0.0006,257.2821,7.2393,0.1808,1.0000,0.3235,0.5462,32.2697,6.2842,1.0000,0.6699,1,0,0,0,0,4.1431
153.0283,-21.1451,0.0864,102.5293,1.5798,5.6873,1.5798,0.0045,-0.0006,257.8015,8.6003,0.1808,1.0000,0.3235,0.5503,32.6171,5.7516,1.0000,0.6699,1,0,0,0,0,4.1895
153.0853,-21.2332,0.0864,102.5102,1.5798,5.6874,1.5798,0.0045,0.0001,258.2364,7.6177,0.1808,1.0000,0.3235,0.5517,32.8492,4.0666,1.0000,0.6699,1,0,0,0,0,4.0413
153.1376,-21.3141,0.0864,102.4934,1.5797,5.6870,1.5797,0.0045,-0.0017,258.6718,8.3244,0.1808,1.0000,0.3235,0.5523,32.9850,2.5947,1.0000,0.6699,1,0,0,0,0,3.9989
153.1968,-21.4058,0.0864,102.4750,1.5800,5.6879,1.5800,0.0045,0.0041,259.1088,7.3839,0.1828,1.0000,0.3235,0.5548,33.1032,1.9980,1.0000,0.6699,1,0,0,0,0,3.9136
153.2572,-21.4995,0.0864,102.4570,1.5799,5.6877,1.5799,0.0045,-0.0011,259.5471,7.2580,0.1828,1.0000,0.3235,0.5559,33.2207,1.9464,1.0000,0.6699,1,0,0,0,0,3.9036
153.3168,-21.5921,0.0864,102.4400,1.5798,5.6874,1.5798,0.0045,-0.0015,260.0736,8.8296,0.1828,1.0000,0.3235,0.5564,33.3018,1.3592,1.0000,0.6699,1,0,0,0,0,3.9585
153.3760,-21.6842,0.0864,102.4239,1.5798,5.6872,1.5798,0.0045,-0.0007,260.5126,7.4226,0.1828,1.0000,0.3235,0.5566,33.3485,0.7898,1.0000,0.6699,1,0,0,0,0,3.8487
153.4285,-21.7661,0.0864,102.4103,1.5799,5.6876,1.5799,0.0046,0.0018,260.9603,8.5203,0.1828,1.0000,0.3235,0.5567,33.3723,0.4521,1.0000,0.6699,1,0,0,0,0,3.8916
153.4792,-21.8451,0.0864,102.3977,1.5798,5.6873,1.5798,0.0046,-0.0011,261.3205,7.1032,0.1828,1.0000,0.3235,0.5567,33.3864,0.2779,1.0000,0.6699,1,0,0,0,0,3.8033
153.5365,-21.9345,0.0864,102.3841,1.5799,5.6875,1.5798,0.0046,0.0006,261.8607,9.4380,0.1828,1.0000,0.3235,0.5567,33.3943,0.1397,1.0000,0.6699,1,0,0,0,0,3.9251
153.5887,-22.0162,0.0864,102.3723,1.5798,5.6873,1.5798,0.0046,-0.0009,262.2208,6.8945,0.1828,1.0000,0.3235,0.5567,33.3983,0.0749,1.0000,0.6699,1,0,0,0,0,3.7804
153.6419,-22.0996,0.0864,102.3610,1.5799,5.6875,1.5799,0.0044,0.0011,262.6646,8.3383,0.1828,1.0000,0.3235,0.5567,33.4002,0.0365,1.0000,0.6699,1,0,0,0,0,3.8566
153.6979,-22.1872,0.0864,102.3498,1.5799,5.6876,1.5799,0.0041,0.0004,263.1047,7.8637,0.1828,1.0000,0.3235,0.5567,33.4015,0.0224,1.0000,0.6699,1,0,0,0,0,3.8265
153.7548,-22.2764,0.0864,102.3392,1.5798,5.6874,1.5798,0.0017,-0.0007,263.5446,7.7360,0.1828,1.0000,0.3235,0.5567,33.4020,0.0097,1.0000,0.6699,1,0,0,0,0,3.7958
153.8158,-22.3724,0.0864,102.3288,1.5799,5.6875,1.5799,0.0016,0.0002,264.0709,8.6172,0.1828,1.0000,0.3235,0.5567,33.4023,0.0049,1.0000,0.6699,1,0,0,0,0,3.8437
153.8773,-22.4690,0.0864,102.3191,1.5798,5.6874,1.5798,0.0016,-0.0004,264.5067,7.0909,0.1730,1.0000,0.3235,0.5495,33.3379,1.0472,1.0000,0.6699,1,0,0,0,0,3.8162
153.9361,-22.5614,0.0864,102.3106,1.5798,5.6874,1.5798,0.0015,-0.0001,265.0153,8.6526,0.1574,1.0000,0.3235,0.5287,32.8314,8.6183,1.0000,0.6699,1,0,0,0,0,4.3228
153.9869,-22.6414,0.0864,102.3038,1.5798,5.6874,1.5798,0.0013,0.0000,265.3403,6.3976,0.1437,1.0000,0.3235,0.5084,32.0495,15.3875,1.0000,0.6699,1,0,0,0,0,4.5723
154.0440,-22.7314,0.0864,102.2969,1.5798,5.6874,1.5798,0.0012,0.0001,265.7260,6.7487,0.1300,1.0000,0.3235,0.4790,30.6709,24.1261,1.0000,0.6699,1,0,0,0,0,5.0757
154.0991,-22.8182,0.0864,102.2907,1.5799,5.6875,1.5799,0.0010,0.0005,266.0871,6.5551,0.1104,1.0000,0.3235,0.4471,29.2683,25.4616,1.0000,0.6699,1,0,0,0,0,5.1375
154.1560,-22.9079,0.0864,102.2849,1.5799,5.6876,1.5799,0.0008,0.0003,266.4221,5.8921,0.0929,1.0000,0.3235,0.4137,27.4863,31.3431,1.0000,0.6699,1,0,0,0,0,5.4256
154.2102,-22.9933,0.0864,102.2799,1.5799,5.6875,1.5799,0.0006,-0.0003,266.7278,5.6418,0.0733,1.0000,0.3235,0.3744,25.4019,38.4703,1.0000,0.6699,1,0,0,0,0,5.8056
154.2626,-23.0760,0.0864,102.2754,1.5799,5.6875,1.5799,0.0004,-0.0001,266.9991,5.1794,0.0499,1.0000,0.3235,0.3299,23.5133,36.0424,1.0000,0.6699,1,0,0,0,0,5.6427
154.3129,-23.1554,0.0864,102.2715,1.5798,5.6874,1.5798,0.0001,-0.0005,267.2353,4.6883,0.0283,1.0000,0.3235,0.2856,21.3184,43.5751,1.0000,0.6699,1,0,0,0,0,6.0317
154.3712,-23.2474,0.0864,102.2672,1.5799,5.6875,1.5799,0.0001,0.0007,267.4373,3.4649,0.0088,1.0000,0.3235,0.2441,18.5510,47.4789,1.0000,0.6699,1,0,0,0,0,6.1807
154.4323,-23.3438,0.0864,102.2632,1.5799,5.6877,1.5799,0.0003,0.0009,267.6085,2.8046,-0.0108,0.9863,0.3235,0.2070,15.8607,44.0552,1.0000,0.6699,1,0,0,0,0,5.9559
154.4831,-23.4240,0.0864,102.2598,1.5799,5.6876,1.5799,0.0024,-0.0008,267.7504,2.7916,-0.0245,0.9472,0.3235,0.1702,13.7529,41.4824,1.0000,0.6699,1,0,0,0,0,5.8317
154.5427,-23.5181,0.0864,102.2559,1.5798,5.6873,1.5798,0.0022,-0.0012,267.8648,1.9206,-0.0420,0.9140,0.3235,0.1363,11.2424,42.1224,1.0000,0.6699,1,0,0,0,0,5.8170
154.6022,-23.6120,0.0864,102.2523,1.5799,5.6875,1.5799,0.0020,0.0011,267.9678,1.7316,-0.0538,0.9101,0.3235,0.1001,9.4737,29.7431,1.0000,0.6699,1,0,0,0,0,5.1170
154.6534,-23.6928,0.0864,102.2493,1.5799,5.6876,1.5799,0.0019,0.0006,268.0206,1.0313,-0.0577,0.9101,0.3235,0.0837,7.2660,43.1006,1.0000,0.6699,1,0,0,0,0,5.8191
154.7037,-23.7723,0.0864,102.2464,1.5799,5.6876,1.5799,0.0019,-0.0004,268.0768,1.1167,-0.0577,0.9101,0.3235,0.0736,6.0932,23.2981,1.0000,0.6699,1,0,0,0,0,4.7233
154.7635,-23.8668,0.0864,102.2431,1.5798,5.6874,1.5798,0.0018,-0.0007,268.1253,0.8100,-0.0636,0.9101,0.3235,0.0635,5.0325,17.7277,1.0000,0.6699,1,0,0,0,0,4.3961
154.8253,-23.9643,0.0864,102.2398,1.5798,5.6873,1.5798,0.0018,-0.0003,268.1760,0.8213,-0.0636,0.9101,0.3235,0.0574,4.2906,12.0149,1.0000,0.6699,1,0,0,0,0,4.0792
154.8841,-24.0571,0.0864,102.2367,1.5798,5.6873,1.5798,0.0017,-0.0001,268.2157,0.6750,-0.0636,0.9101,0.3235,0.0555,3.7940,8.4412,1.0000,0.6699,1,0,0,0,0,3.8723
154.9361,-24.1391,0.0864,102.2340,1.5798,5.6874,1.5798,0.0017,0.0004,268.2542,0.7397,-0.0655,0.9101,0.3235,0.0535,3.5661,4.3894,1.0000,0.6699,1,0,0,0,0,3.6508
154.9950,-24.2323,0.0864,102.2310,1.5798,5.6873,1.5798,0.0017,-0.0004,268.2906,0.6179,-0.0655,0.9101,0.3235,0.0515,3.3460,3.7321,1.0000,0.6699,1,0,0,0,0,3.6073
155.0551,-24.3271,0.0864,102.2280,1.5798,5.6874,1.5798,0.0017,0.0004,268.3256,0.5830,-0.0675,0.9101,0.3235,0.0490,3.1729,2.8822,1.0000,0.6699,1,0,0,0,0,3.5579
155.1175,-24.4256,0.0864,102.2250,1.5799,5.6875,1.5799,0.0017,0.0005,268.3652,0.6354,-0.0675,0.9101,0.3235,0.0471,3.0370,2.1787,1.0000,0.6699,1,0,0,0,0,3.5217
155.1789,-24.5226,0.0864,102.2220,1.5798,5.6874,1.5798,0.0017,-0.0005,268.4038,0.6281,-0.0675,0.9101,0.3235,0.0464,2.8965,2.2871,1.0000,0.6699,1,0,0,0,0,3.5274
155.2312,-24.6052,0.0864,102.2196,1.5799,5.6875,1.5799,0.0017,0.0004,268.4292,0.4856,-0.0675,0.9101,0.3235,0.0462,2.8395,1.0904,1.0000,0.6699,1,0,0,0,0,3.4528
155.2836,-24.6879,0.0864,102.2172,1.5798,5.6873,1.5798,0.0017,-0.0011,268.4609,0.6051,-0.0675,0.9101,0.3235,0.0461,2.8037,0.6829,1.0000,0.6699,1,0,0,0,0,3.4369
155.3443,-24.7837,0.0864,102.2145,1.5798,5.6872,1.5798,0.0017,-0.0003,268.4926,0.5221,-0.0675,0.9101,0.3235,0.0460,2.7823,0.3525,1.0000,0.6699,1,0,0,0,0,3.4138
155.4049,-24.8794,0.0864,102.2118,1.5798,5.6874,1.5798,0.0017,0.0010,268.5305,0.6264,-0.0675,0.9101,0.3235,0.0460,2.7711,0.1853,1.0000,0.6699,1,0,0,0,0,3.4105
155.4644,-24.9734,0.0864,102.2092,1.5798,5.6874,1.5798,0.0017,-0.0002,268.5622,0.5322,-0.0675,0.9101,0.3235,0.0460,2.7655,0.0942,1.0000,0.6699,1,0,0,0,0,3.4001
155.5239,-25.0674,0.0864,102.2067,1.5798,5.6874,1.5798,0.0017,0.0003,268.6002,0.6381,-0.0675,0.9101,0.3235,0.0460,2.7626,0.0482,1.0000,0.6699,1,0,0,0,0,3.4036
155.5862,-25.1658,0.0864,102.2042,1.5799,5.6875,1.5799,0.0017,0.0001,268.6315,0.5028,-0.0694,0.9101,0.3235,0.0449,2.7576,0.0804,1.0000,0.6699,1,0,0,0,0,3.3976
155.6370,-25.2461,0.0864,102.2021,1.5798,5.6872,1.5798,0.0017,-0.0013,268.6613,0.5858,-0.0694,0.9101,0.3235,0.0432,2.7142,0.8537,1.0000,0.6699,1,0,0,0,0,3.4452
155.6915,-25.3321,0.0864,102.2000,1.5799,5.6876,1.5799,0.0017,0.0016,268.6903,0.5315,-0.0694,0.9101,0.3235,0.0425,2.6364,1.4271,1.0000,0.6699,1,0,0,0,0,3.4740
155.7445,-25.4157,0.0864,102.1979,1.5798,5.6874,1.5798,0.0017,-0.0008,268.7189,0.5408,-0.0694,0.9101,0.3235,0.0422,2.5909,0.8593,1.0000,0.6699,1,0,0,0,0,3.4431
155.8011,-25.5053,0.0864,102.1957,1.5798,5.6874,1.5798,0.0017,-0.0003,268.7474,0.5028,-0.0694,0.9101,0.3235,0.0421,2.5575,0.5905,1.0000,0.6699,1,0,0,0,0,3.4260
155.8528,-25.5868,0.0864,102.1938,1.5798,5.6874,1.5798,0.0017,0.0000,268.7702,0.4423,-0.0694,0.9101,0.3235,0.0421,2.5425,0.2904,1.0000,0.6699,1,0,0,0,0,3.4058
155.9043,-25.6682,0.0864,102.1919,1.5799,5.6875,1.5799,0.0017,0.0009,268.7986,0.5507,-0.0694,0.9101,0.3235,0.0420,2.5334,0.1768,1.0000,0.6699,1,0,0,0,0,3.4056
155.9626,-25.7603,0.0864,102.1898,1.5798,5.6873,1.5798,0.0017,-0.0011,268.8271,0.4882,-0.0694,0.9101,0.3235,0.0420,2.5270,0.1089,1.0000,0.6699,1,0,0,0,0,3.3983
156.0233,-25.8561,0.0864,102.1877,1.5798,5.6874,1.5798,0.0017,0.0007,268.8612,0.5625,-0.0694,0.9101,0.3235,0.0420,2.5239,0.0517,1.0000,0.6699,1,0,0,0,0,3.3994
156.0843,-25.9525,0.0864,102.1857,1.5798,5.6875,1.5798,0.0017,0.0000,268.8897,0.4663,-0.0694,0.9101,0.3235,0.0420,2.5223,0.0255,1.0000,0.6699,1,0,0,0,0,3.3924
156.1508,-26.0575,0.0864,102.1834,1.5798,5.6874,1.5798,0.0017,-0.0004,268.9237,0.5116,-0.0694,0.9101,0.3235,0.0420,2.5216,0.0108,1.0000,0.6699,1,0,0,0,0,3.3941
156.2055,-26.1439,0.0864,102.1817,1.5799,5.6876,1.5799,0.0017,0.0011,268.9521,0.5199,-0.0694,0.9101,0.3235,0.0420,2.5211,0.0086,1.0000,0.6699,1,0,0,0,0,3.3945
156.2625,-26.2338,0.0864,102.1799,1.5798,5.6874,1.5798,0.0017,-0.0010,268.9806,0.4996,-0.0694,0.9101,0.3235,0.0420,2.5210,0.0030,1.0000,0.6699,1,0,0,0,0,3.3930
156.3203,-26.3253,0.0864,102.1781,1.5799,5.6876,1.5799,0.0017,0.0011,269.0090,0.4913,-0.0694,0.9101,0.3235,0.0420,2.5209,0.0014,1.0000,0.6699,1,0,0,0,0,3.3924
156.3753,-26.4121,0.0864,102.1765,1.5798,5.6874,1.5798,0.0017,-0.0011,269.0374,0.5164,-0.0694,0.9101,0.3235,0.0420,2.5209,0.0007,1.0000,0.6699,1,0,0,0,0,3.3938
156.4388,-26.5123,0.0864,102.1746,1.5799,5.6875,1.5799,0.0017,0.0006,269.0716,0.5387,-0.0694,0.9101,0.3235,0.0420,2.5208,0.0003,1.0000,0.6699,1,0,0,0,0,3.3951
156.4904,-26.5940,0.0864,102.1732,1.5798,5.6874,1.5798,0.0017,-0.0007,269.1000,0.5490,-0.0694,0.9101,0.3235,0.0420,2.5208,0.0002,1.0000,0.6699,1,0,0,0,0,3.3957
156.5503,-26.6885,0.0864,102.1715,1.5798,5.6875,1.5798,0.0017,0.0003,269.1284,0.4742,-0.0694,0.9101,0.3235,0.0420,2.5208,0.0001,1.0000,0.6699,1,0,0,0,0,3.3915
156.6078,-26.7793,0.0864,102.1700,1.5799,5.6875,1.5799,0.0017,0.0004,269.1568,0.4944,-0.0694,0.9101,0.3235,0.0420,2.5208,0.0000,1.0000,0.6699,1,0,0,0,0,3.3925
156.6608,-26.8631,0.0864,102.1686,1.5799,5.6875,1.5799,0.0017,-0.0003,269.1852,0.5364,-0.0694,0.9101,0.3235,0.0420,2.5208,0.0000,1.0000,0.6699,1,0,0,0,0,3.3949
156.7212,-26.9585,0.0864,102.1671,1.5799,5.6876,1.5799,0.0017,0.0007,269.2194,0.5654,-0.0694,0.9101,0.3235,0.0420,2.5208,0.0000,1.0000,0.6699,1,0,0,0,0,3.3967
156.7741,-27.0420,0.0864,102.1658,1.5798,5.6874,1.5798,0.0017,-0.0010,269.2421,0.4306,-0.0694,0.9101,0.3235,0.0420,2.5208,0.0000,1.0000,0.6699,1,0,0,0,0,3.3890
156.8264,-27.1247,0.0864,102.1646,1.5798,5.6874,1.5798,0.0017,0.0000,269.2705,0.5420,-0.0694,0.9101,0.3235,0.0420,2.5208,0.0000,1.0000,0.6699,1,0,0,0,0,3.3952
156.8849,-27.2171,0.0864,102.1633,1.5798,5.6873,1.5798,0.0017,-0.0004,269.2989,0.4853,-0.0694,0.9101,0.3235,0.0420,2.5208,0.0000,1.0000,0.6699,1,0,0,0,0,3.3920
156.9458,-27.3132,0.0864,102.1619,1.5798,5.6875,1.5798,0.0017,0.0005,269.3330,0.5607,-0.0694,0.9101,0.3235,0.0420,2.5208,0.0000,1.0000,0.6699,1,0,0,0,0,3.3964
157.0052,-27.4071,0.0864,102.1607,1.5775,5.6789,1.5775,0.0017,-0.0398,269.3615,0.4796,-0.0694,0.9101,0.3177,0.0420,2.5208,0.0000,1.0000,0.6711,1,0,0,0,0,3.3981
157.0664,-27.4946,0.0864,102.1595,1.2365,4.4514,1.2365,0.0013,-5.5726,269.3950,0.5466,-0.0694,0.9120,-0.2981,0.0420,2.5208,0.0000,1.0000,0.8575,1,1,0,0,0,24.3339
157.1267,-27.5663,0.0864,102.1586,1.1747,4.2289,1.1747,0.0013,-1.0258,269.4220,0.4481,-0.0694,0.9120,-0.5699,0.0420,2.5208,0.0000,1.0000,0.9427,1,1,0,0,0,24.7544
157.1825,-27.5720,0.0864,102.1586,0.0001,0.0004,0.0000,0.0001,-21.0205,269.4501,0.5030,-0.0694,0.9120,-0.6070,0.0420,2.5208,0.0000,1.0000,0.9769,1,0,0,0,0,4.9126
157.2355,-27.5720,0.0864,102.1586,0.0001,0.0004,0.0000,0.0001,0.0000,269.4773,0.5132,-0.0694,0.9120,-0.6129,0.0420,2.5208,0.0000,1.0000,0.9907,1,0,0,0,0,4.9821
157.2947,-27.5720,0.0864,102.1586,0.0001,0.0004,0.0000,0.0001,0.0000,269.5044,0.4584,-0.0694,0.9120,-0.6149,0.0420,2.5208,0.0000,1.0000,0.9963,1,0,0,0,0,5.0068
157.3567,-27.5729,0.0864,102.1585,0.0648,0.2333,0.0648,0.0012,1.0440,269.5352,0.4973,-0.0694,0.9140,-0.6168,0.0420,2.5208,0.0000,1.0000,0.9987,1,0,0,0,0,5.0214
157.4101,-27.5764,0.0864,102.1584,0.0647,0.2328,0.0647,0.0012,-0.0024,269.5579,0.4238,-0.0694,0.9218,-0.8045,0.0420,2.5208,0.0000,1.0000,0.9995,1,0,0,0,0,5.0210
157.4610,-27.5797,0.0864,102.1582,0.0647,0.2328,0.0646,0.0012,-0.0004,269.5760,0.3566,-0.0694,0.9218,-0.9140,0.0420,2.5208,0.0000,1.0000,0.9998,1,0,0,0,0,5.0186
157.5141,-27.6600,0.0864,102.1575,2.0627,7.4256,2.0627,0.0014,37.6591,269.6033,0.5137,-0.0694,0.9218,-0.9453,0.0420,2.5208,0.0000,1.0000,0.9999,1,1,0,0,0,25.0381
157.5649,-27.7649,0.0864,102.1567,2.0627,7.4256,2.0627,0.0014,0.0003,269.6335,0.5948,-0.0694,0.9218,-0.9394,0.0420,2.5208,0.0000,1.0000,1.0000,1,1,0,0,0,25.0431
157.6259,-27.8905,0.0864,102.1558,2.0627,7.4257,2.0627,0.0014,0.0004,269.6638,0.4979,-0.0694,0.9218,-0.6364,0.0420,2.5208,0.0000,1.0000,1.0000,1,1,0,0,0,25.0377
157.6777,-27.9975,0.0864,102.1550,2.0627,7.4257,2.0627,0.0014,0.0002,269.6942,0.5845,-0.0694,0.9218,-0.4643,0.0420,2.5208,0.0000,1.0000,1.0000,1,1,0,0,0,25.0426
157.7330,-28.1115,0.0864,102.1543,2.0627,7.4257,2.0627,0.0014,-0.0003,269.7244,0.5476,-0.0694,0.9218,-0.4096,0.0420,2.5208,0.0000,1.0000,1.0000,1,1,0,0,0,25.0406
157.7864,-28.2216,0.0864,102.1536,2.0627,7.4257,2.0627,0.0014,0.0000,269.7487,0.4538,-0.0694,0.9218,-0.3861,0.0420,2.5208,0.0000,1.0000,1.0000,1,1,0,0,0,25.0352
157.8430,-28.3384,0.0864,102.1530,2.0626,7.4255,2.0626,0.0014,-0.0010,269.7850,0.6413,-0.0694,0.9218,-0.3686,0.0420,2.5208,0.0000,1.0000,1.0000,1,1,0,0,0,25.0458
157.9010,-28.4580,0.0864,102.1524,2.0627,7.4255,2.0627,0.0013,0.0004,269.8153,0.5232,-0.0694,0.9218,-0.3509,0.0420,2.5208,0.0000,1.0000,1.0000,1,1,0,0,0,25.0387
157.9514,-28.5620,0.0864,102.1521,2.0626,7.4255,2.0626,0.0009,-0.0005,269.8392,0.4734,-0.0694,0.9218,-0.3412,0.0420,2.5208,0.0000,1.0000,1.0000,1,1,0,0,0,25.0332
158.0033,-28.6691,0.0864,102.1520,2.0627,7.4258,2.0627,0.0009,0.0016,269.8687,0.5691,-0.0694,0.9218,-0.3294,0.0420,2.5208,0.0000,1.0000,1.0000,1,1,0,0,0,25.0384
158.0637,-28.7936,0.0864,102.1519,2.0627,7.4256,2.0627,0.0010,-0.0007,269.8983,0.4909,-0.0694,0.9218,-0.2258,0.0420,2.5208,0.0000,1.0000,1.0000,1,1,0,0,0,25.0342
158.1275,-28.9252,0.0864,102.1518,2.0627,7.4258,2.0627,0.0009,0.0007,269.9338,0.5561,-0.0694,0.9218,0.0987,0.0420,2.5208,0.0000,1.0000,0.9770,1,1,0,0,0,24.9228
158.1819,-29.0401,0.0864,102.1519,2.2317,8.0341,2.2317,0.0010,3.1073,269.9635,0.5460,-0.0694,0.9218,0.2981,0.0420,2.5208,0.0000,1.0000,0.8305,1,1,0,0,0,24.1896
158.2348,-29.1659,0.0864,102.1519,2.4973,8.9903,2.4973,0.0010,5.0166,269.9941,0.5769,-0.0694,0.9218,0.3177,0.0420,2.5208,0.0000,1.0000,0.7413,1,0,0,0,0,3.7448
158.2949,-29.3209,0.0864,102.1521,2.6406,9.5062,2.6406,0.0011,2.3848,270.0255,0.5231,-0.0694,0.9218,0.3177,0.0420,2.5208,0.0000,1.0000,0.7022,1,0,0,0,0,3.5460
158.3481,-29.4634,0.0864,102.1524,2.7044,9.7357,2.7044,0.0011,1.1987,270.0573,0.5978,-0.0694,0.9218,0.3177,0.0420,2.5208,0.0000,1.0000,0.6864,1,0,0,0,0,3.4713
158.3987,-29.6009,0.0864,102.1526,2.7312,9.8322,2.7312,0.0010,0.5297,270.0893,0.6331,-0.0694,0.9218,0.3177,0.0420,2.5208,0.0000,1.0000,0.6801,1,0,0,0,0,3.4414
158.4591,-29.7663,0.0864,102.1531,2.7422,9.8718,2.7422,0.0011,0.1822,270.1214,0.5302,-0.0694,0.9218,0.3177,0.0420,2.5208,0.0000,1.0000,0.6776,1,0,0,0,0,3.4231
158.5195,-29.9321,0.0864,102.1537,2.7471,9.8896,2.7471,0.0010,0.0820,270.1599,0.6370,-0.0694,0.9218,0.3177,0.0420,2.5208,0.0000,1.0000,0.6764,1,0,0,0,0,3.4231
158.5790,-30.0954,0.0864,102.1543,2.7486,9.8948,2.7486,0.0011,0.0242,270.1920,0.5413,-0.0694,0.9218,0.3177,0.0420,2.5208,0.0000,1.0000,0.6761,1,0,0,0,0,3.4162
158.6303,-30.2365,0.0864,102.1547,2.7492,9.8971,2.7492,0.0019,0.0122,270.2249,0.6409,-0.0694,0.9218,0.3177,0.0420,2.5208,0.0000,1.0000,0.6759,1,0,0,0,0,3.4257
158.6902,-30.4012,0.0864,102.1552,2.7494,9.8978,2.7494,0.0017,0.0033,270.2514,0.4417,-0.0733,0.9218,0.3177,0.0253,2.3948,2.1031,1.0000,0.6759,1,0,0,0,0,3.5301
158.7421,-30.5438,0.0864,102.1557,2.7495,9.8983,2.7495,0.0016,0.0030,270.2604,0.1742,-0.0831,0.9218,0.3177,0.0109,1.6834,13.7203,1.0000,0.6759,1,0,0,0,0,4.1597
158.7974,-30.6959,0.0864,102.1562,2.7496,9.8984,2.7496,0.0015,0.0005,270.2614,0.0171,-0.0870,0.9218,0.3177,0.0047,1.0633,11.2048,1.0000,0.6758,1,0,0,0,0,4.0108
158.8522,-30.8466,0.0864,102.1567,2.7496,9.8985,2.7496,0.0015,0.0004,270.2588,-0.0468,-0.0870,0.9218,0.3177,0.0020,0.6343,7.8269,1.0000,0.6758,1,0,0,0,0,3.8246
158.9069,-30.9970,0.0864,102.1573,2.7496,9.8985,2.7496,0.0014,-0.0003,270.2556,-0.0580,-0.0870,0.9218,0.3177,0.0010,0.3494,5.2079,1.0000,0.6758,1,0,0,0,0,3.6795
158.9622,-31.1492,0.0864,102.1578,2.7496,9.8985,2.7496,0.0014,0.0002,270.2511,-0.0811,-0.0870,0.9218,0.3177,0.0004,0.1906,2.8712,1.0000,0.6758,1,0,0,0,0,3.5509
159.0243,-31.3197,0.0864,102.1583,2.7496,9.8986,2.7496,0.0014,0.0003,270.2451,-0.0974,-0.0909,0.9120,0.3177,0.0002,0.1002,1.4559,1.0000,0.6758,1,0,0,0,0,3.4732
159.0824,-31.4796,0.0864,102.1589,2.7496,9.8986,2.7496,0.0014,-0.0001,270.2401,-0.0866,-0.0909,0.8495,0.3177,0.0001,0.0494,0.8748,1.0000,0.6758,1,0,0,0,0,3.4403
159.1324,-31.6171,0.0864,102.1593,2.7495,9.8984,2.7495,0.0014,-0.0010,270.2349,-0.1038,-0.0929,0.7889,0.3177,0.0000,0.0278,0.4316,1.0000,0.6758,1,0,0,0,0,3.4168
159.1921,-31.7811,0.0864,102.1598,2.7496,9.8986,2.7496,0.0014,0.0009,270.2298,-0.0849,-0.0948,0.7205,0.3177,0.0000,0.0135,0.2393,1.0000,0.6758,1,0,0,0,0,3.4049
159.2444,-31.9251,0.0864,102.1602,2.7496,9.8985,2.7496,0.0014,-0.0004,270.2246,-0.0991,-0.0968,0.6853,0.3177,0.0000,0.0083,0.0998,1.0000,0.6758,1,0,0,0,0,3.3980
159.2963,-32.0677,0.0864,102.1606,2.7496,9.8985,2.7496,0.0014,0.0001,270.2195,-0.0988,-0.0987,0.6403,0.3177,0.0000,0.0038,0.0871,1.0000,0.6758,1,0,0,0,0,3.3974
159.3632,-32.2515,0.0864,102.1611,2.7495,9.8983,2.7495,0.0014,-0.0009,270.2133,-0.0922,-0.1026,0.6227,0.3177,0.0000,0.0018,0.0293,1.0000,0.6758,1,0,0,0,0,3.3938
159.4208,-32.4100,0.0864,102.1616,2.7496,9.8985,2.7496,0.0014,0.0008,270.2082,-0.0889,-0.1046,0.6227,0.3177,0.0000,0.0008,0.0173,1.0000,0.6758,1,0,0,0,0,3.3929
159.4790,-32.5700,0.0864,102.1620,2.7496,9.8985,2.7496,0.0014,0.0000,270.2030,-0.0891,-0.1085,0.6227,0.3177,0.0000,0.0004,0.0075,1.0000,0.6758,1,0,0,0,0,3.3923
159.5312,-32.7136,0.0864,102.1623,2.7496,9.8987,2.7496,0.0011,0.0012,270.1820,-0.4021,-0.1105,0.6227,0.3177,-0.0324,-0.3660,7.0171,1.0000,0.6758,1,0,0,0,0,3.7974
159.5900,-32.8751,0.0864,102.1627,2.7496,9.8986,2.7496,0.0009,-0.0007,270.1361,-0.7816,-0.1105,0.6227,0.3177,-0.0516,-1.5238,19.7030,1.0000,0.6758,1,0,0,0,0,4.5219
159.6406,-33.0143,0.0864,102.1628,2.7496,9.8987,2.7496,0.0008,0.0007,270.0794,-1.1197,-0.1105,0.6227,0.3177,-0.0598,-2.3647,16.6147,1.0000,0.6758,1,0,0,0,0,4.3687
159.6999,-33.1774,0.0864,102.1628,2.7496,9.8984,2.7496,0.0007,-0.0011,270.0181,-1.0335,-0.1105,0.6227,0.3177,-0.0633,-3.0959,12.3305,1.0000,0.6758,1,0,0,0,0,4.1256
159.7625,-33.3496,0.0864,102.1627,2.7496,9.8987,2.7496,0.0007,0.0011,269.9420,-1.2146,-0.1105,0.6227,0.3177,-0.0650,-3.4532,5.7052,1.0000,0.6758,1,0,0,0,0,3.7676
159.8234,-33.5171,0.0864,102.1623,2.7496,9.8986,2.7496,0.0007,-0.0004,269.8778,-1.0546,-0.1105,0.6227,0.3177,-0.0656,-3.7320,4.5770,1.0000,0.6758,1,0,0,0,0,3.6959
159.8755,-33.6604,0.0864,102.1618,2.7496,9.8984,2.7496,0.0007,-0.0010,269.8133,-1.2387,-0.1105,0.6227,0.3177,-0.0658,-3.8419,2.1080,1.0000,0.6758,1,0,0,0,0,3.5690
159.9285,-33.8060,0.0864,102.1611,2.7496,9.8987,2.7496,0.0007,0.0014,269.7616,-0.9749,-0.1105,0.6227,0.3177,-0.0659,-3.8921,0.9477,1.0000,0.6758,1,0,0,0,0,3.4897
159.9880,-33.9694,0.0864,102.1602,2.7496,9.8985,2.7496,0.0007,-0.0008,269.6837,-1.3107,-0.1124,0.6227,0.3177,-0.0670,-3.9273,0.5921,1.0000,0.6758,1,0,0,0,0,3.4887
160.0396,-34.1113,0.0864,102.1592,2.7497,9.8987,2.7497,0.0006,0.0013,269.6299,-1.0435,-0.1124,0.6227,0.3177,-0.0696,-4.0097,1.5965,1.0000,0.6758,1,0,0,0,0,3.5293
160.0956,-34.2654,0.0864,102.1580,2.7496,9.8986,2.7496,0.0007,-0.0009,269.5469,-1.4801,-0.1124,0.6227,0.3177,-0.0714,-4.1349,2.2348,1.0000,0.6758,1,0,0,0,0,3.5892
160.1459,-34.4036,0.0864,102.1568,2.7496,9.8985,2.7496,0.0006,-0.0001,269.4910,-1.1129,-0.1124,0.6227,0.3177,-0.0719,-4.2126,1.5448,1.0000,0.6758,1,0,0,0,0,3.5303
160.1988,-34.5492,0.0864,102.1553,2.7496,9.8985,2.7496,0.0006,-0.0003,269.4206,-1.3281,-0.1124,0.6227,0.3177,-0.0722,-4.2627,0.9470,1.0000,0.6758,1,0,0,0,0,3.5090
160.2585,-34.7131,0.0864,102.1534,2.7495,9.8983,2.7495,0.0006,-0.0010,269.3501,-1.1830,-0.1124,0.6227,0.3177,-0.0723,-4.3015,0.6503,1.0000,0.6758,1,0,0,0,0,3.4844
160.3163,-34.8723,0.0864,102.1514,2.7496,9.8985,2.7496,0.0006,0.0009,269.2792,-1.2251,-0.1144,0.6481,0.3177,-0.0742,-4.3405,0.6726,1.0000,0.6758,1,0,0,0,0,3.4878
160.3672,-35.0121,0.0864,102.1495,2.7496,9.8986,2.7496,0.0006,0.0007,269.2054,-1.4501,-0.1144,0.7283,0.3177,-0.0768,-4.4346,1.8494,1.0000,0.6758,1,0,0,0,0,3.5656
160.4289,-35.1816,0.0864,102.1469,2.7495,9.8983,2.7495,0.0006,-0.0013,269.1152,-1.4637,-0.1144,0.8690,0.3177,-0.0780,-4.5424,1.7496,1.0000,0.6758,1,0,0,0,0,3.5609
160.4891,-35.3472,0.0864,102.1441,2.7496,9.8984,2.7496,0.0006,0.0006,269.0393,-1.2594,-0.1144,0.9902,0.3177,-0.0784,-4.6244,1.3615,1.0000,0.6758,1,0,0,0,0,3.5278
160.5400,-35.4872,0.0864,102.1416,2.7543,9.9153,2.7543,0.0006,0.0922,268.9632,-1.4951,-0.1144,1.0000,0.3196,-0.0786,-4.6635,0.7677,1.0000,0.6746,1,0,0,0,0,3.5021
160.6006,-35.6542,0.0864,102.1383,2.7563,9.9226,2.7563,0.0005,0.0335,268.8870,-1.2583,-0.1144,1.0000,0.3196,-0.0786,-4.6916,0.4647,1.0000,0.6742,1,0,0,0,0,3.4696
160.6566,-35.8087,0.0864,102.1351,2.7571,9.9257,2.7571,0.0005,0.0154,268.8102,-1.3695,-0.1164,1.0000,0.3196,-0.0805,-4.7144,0.4067,1.0000,0.6740,1,0,0,0,0,3.4714
160.7118,-35.9607,0.0864,102.1317,2.7575,9.9270,2.7575,0.0005,0.0063,268.7302,-1.4506,-0.1183,1.0000,0.3196,-0.0849,-4.8136,1.7977,1.0000,0.6739,1,0,0,0,0,3.5526
160.7675,-36.1143,0.0864,102.1281,2.7577,9.9275,2.7577,0.0004,0.0028,268.6461,-1.5092,-0.1183,1.0000,0.3196,-0.0885,-5.0396,4.0574,1.0000,0.6739,1,0,0,0,0,3.6810
160.8194,-36.2574,0.0864,102.1245,2.7577,9.9277,2.7577,0.0004,0.0007,268.5600,-1.6579,-0.1183,1.0000,0.3196,-0.0901,-5.1948,2.9875,1.0000,0.6739,1,0,0,0,0,3.6297
160.8806,-36.4260,0.0864,102.1201,2.7577,9.9278,2.7577,0.0004,0.0005,268.4730,-1.4240,-0.1183,1.0000,0.3196,-0.0908,-5.3214,2.0708,1.0000,0.6738,1,0,0,0,0,3.5656
160.9308,-36.5644,0.0864,102.1162,2.7577,9.9277,2.7577,0.0004,-0.0006,268.3856,-1.7394,-0.1183,1.0000,0.3196,-0.0911,-5.3821,1.2092,1.0000,0.6738,1,0,0,0,0,3.5354
160.9814,-36.7040,0.0864,102.1121,2.7577,9.9278,2.7577,0.0004,0.0004,268.3157,-1.3814,-0.1183,1.0000,0.3196,-0.0912,-5.4253,0.8523,1.0000,0.6738,1,0,0,0,0,3.4955
161.0332,-36.8468,0.0864,102.1077,2.7577,9.9278,2.7577,0.0004,0.0003,268.2280,-1.6920,-0.1183,1.0000,0.3196,-0.0913,-5.4477,0.4323,1.0000,0.6738,1,0,0,0,0,3.4895
161.0924,-37.0099,0.0864,102.1024,2.7577,9.9277,2.7577,0.0004,-0.0006,268.1404,-1.4807,-0.1183,1.0000,0.3196,-0.0913,-5.4634,0.2670,1.0000,0.6738,1,0,0,0,0,3.4685
161.1541,-37.1800,0.0864,102.0966,2.7577,9.9278,2.7577,0.0004,0.0004,268.0352,-1.7043,-0.1183,1.0000,0.3196,-0.0913,-5.4709,0.1203,1.0000,0.6738,1,0,0,0,0,3.4729
161.2153,-37.3484,0.0864,102.0906,2.7577,9.9277,2.7577,0.0004,-0.0003,267.9475,-1.4343,-0.1183,1.0000,0.3196,-0.0913,-5.4746,0.0609,1.0000,0.6738,1,0,0,0,0,3.4544
161.2722,-37.5054,0.0864,102.0847,2.7577,9.9278,2.7577,0.0004,0.0006,267.8423,-1.8473,-0.1183,1.0000,0.3196,-0.0913,-5.4764,0.0322,1.0000,0.6738,1,0,0,0,0,3.4760
161.3248,-37.6502,0.0864,102.0791,2.7577,9.9278,2.7577,0.0004,0.0000,267.7722,-1.3351,-0.1183,1.0000,0.3196,-0.0913,-5.4772,0.0138,1.0000,0.6738,1,0,0,0,0,3.4463
161.3765,-37.7928,0.0864,102.0733,2.7577,9.9278,2.7577,0.0004,-0.0004,267.6845,-1.6929,-0.1183,1.0000,0.3196,-0.0913,-5.4776,0.0080,1.0000,0.6738,1,0,0,0,0,3.4660
161.4307,-37.9420,0.0864,102.0671,2.7578,9.9279,2.7578,0.0004,0.0009,267.5969,-1.6185,-0.1183,1.0000,0.3196,-0.0913,-5.4778,0.0043,1.0000,0.6738,1,0,0,0,0,3.4617
161.4906,-38.1071,0.0864,102.0599,2.7577,9.9279,2.7577,0.0004,-0.0002,267.5092,-1.4626,-0.1183,1.0000,0.3196,-0.0913,-5.4779,0.0021,1.0000,0.6738,1,0,0,0,0,3.4528
161.5414,-38.2471,0.0864,102.0536,2.7577,9.9278,2.7577,0.0004,-0.0002,267.4216,-1.7250,-0.1183,1.0000,0.3196,-0.0913,-5.4780,0.0010,1.0000,0.6738,1,0,0,0,0,3.4674
161.6021,-38.4142,0.0864,102.0459,2.7577,9.9278,2.7577,0.0004,-0.0001,267.3339,-1.4457,-0.1183,1.0000,0.3196,-0.0913,-5.4780,0.0005,1.0000,0.6738,1,0,0,0,0,3.4517
161.6535,-38.8285,0.0864,102.0262,13.0712,47.0563,13.0712,0.0126,200.7432,267.2122,-2.3671,-0.1183,1.0000,0.3196,-0.0913,-5.4780,0.0003,1.0000,0.6738,1,0,0,0,0,3.5152
161.7042,-39.7163,0.0864,101.9831,21.3219,76.7588,21.3218,0.0490,162.5242,267.0538,-3.1217,-0.1183,1.0000,0.3196,-0.0913,-5.4780,0.0001,1.0000,0.6738,1,0,0,0,0,3.5772
161.7606,-41.2615,0.0864,101.9044,29.8427,107.4335,29.8423,0.1462,151.2914,266.7170,-5.9800,-0.1183,1.0000,0.3196,-0.0913,-5.4780,0.0001,1.0000,0.6738,1,0,0,0,0,3.7750
161.8246,-43.2337,0.0864,101.7973,31.9052,114.8587,31.9046,0.2033,32.2145,266.4059,-4.8584,-0.1183,1.0000,0.3196,-0.0913,-5.4780,0.0000,1.0000,0.6738,1,0,0,0,0,3.7347
161.8814,-44.9764,0.0864,101.6946,29.8427,107.4336,29.8418,0.2228,-36.2971,266.0967,-5.4420,-0.1183,1.0000,0.3196,-0.0913,-5.4780,0.0000,1.0000,0.6738,1,0,0,0,0,3.7836
161.9381,-46.7324,0.0864,101.5828,29.8427,107.4337,29.8417,0.2408,0.0002,265.7305,-6.4632,-0.1183,1.0000,0.3196,-0.0913,-5.4780,0.0000,1.0000,0.6738,1,0,0,0,0,3.8493
161.9909,-48.3520,0.0864,101.4715,29.8427,107.4337,29.8417,0.2422,0.0004,265.4836,-4.6701,-0.1183,1.0000,0.3196,-0.0913,-5.4780,0.0000,1.0000,0.6738,1,0,0,0,0,3.7504
162.0510,-50.2094,0.0864,101.3336,29.8427,107.4338,29.8417,0.2444,0.0002,265.1101,-6.2133,-0.1183,0.9941,0.3196,-0.0913,-5.4780,0.0000,1.0000,0.6738,1,0,0,0,0,3.8372
162.1110,-52.0528,0.0864,101.1859,31.9052,114.8586,31.9042,0.2538,34.3932,264.7990,-5.1883,-0.1183,0.9590,0.3196,-0.0913,-5.4780,0.0000,1.0000,0.6738,1,0,0,0,0,3.7768
162.1627,-53.6442,0.0864,101.0497,29.8427,107.4335,29.8416,0.2457,-39.9083,264.4878,-6.0218,-0.1183,0.9218,0.3196,-0.0913,-5.4780,0.0000,1.0000,0.6738,1,0,0,0,0,3.8273
162.2168,-55.3000,0.0864,100.8995,31.9052,114.8586,31.9042,0.2543,38.1403,264.1766,-5.7540,-0.1183,0.9120,0.3196,-0.0913,-5.4780,0.0000,1.0000,0.6738,1,0,0,0,0,3.8084
162.2751,-57.0992,0.0864,100.7261,29.8427,107.4336,29.8417,0.2462,-35.3380,263.8653,-5.3344,-0.1183,0.9120,0.3196,-0.0913,-5.4780,0.0000,1.0000,0.6738,1,0,0,0,0,3.7893
162.3348,-58.9331,0.0864,100.5388,31.9052,114.8586,31.9042,0.2548,34.5698,263.5542,-5.2138,-0.1183,0.9120,0.3196,-0.0913,-5.4780,0.0000,1.0000,0.6738,1,0,0,0,0,3.7787
162.3959,-60.8021,0.0864,100.3367,31.9052,114.8588,31.9042,0.2545,0.0006,263.1809,-6.1139,-0.1183,0.9120,0.3196,-0.0913,-5.4780,0.0000,1.0000,0.6738,1,0,0,0,0,3.8286
162.4492,-62.4445,0.0864,100.1499,29.8426,107.4335,29.8416,0.2461,-38.6983,262.8696,-5.8397,-0.1183,0.9120,0.3196,-0.0913,-5.4780,0.0000,1.0000,0.6738,1,0,0,0,0,3.8174
162.5049,-64.1432,0.0864,99.9474,31.9052,114.8588,31.9042,0.2545,37.0135,262.5584,-5.5843,-0.1183,0.9120,0.3196,-0.0913,-5.4780,0.0000,1.0000,0.6738,1,0,0,0,0,3.7991
162.5632,-65.9357,0.0864,99.7236,29.8427,107.4337,29.8417,0.2463,-35.3845,262.2472,-5.3403,-0.1183,0.9120,0.3196,-0.0913,-5.4780,0.0000,1.0000,0.6738,1,0,0,0,0,3.7897
162.6136,-67.4722,0.0864,99.5235,29.8428,107.4339,29.8418,0.2466,0.0011,261.9981,-4.9425,-0.1183,0.9120,0.3196,-0.0913,-5.4780,0.0000,1.0000,0.6738,1,0,0,0,0,3.7678
162.6746,-69.3442,0.0864,99.2693,29.8428,107.4339,29.8417,0.2463,-0.0002,261.6248,-6.1201,-0.1183,0.9120,0.3196,-0.0913,-5.4780,0.0000,1.0000,0.6738,1,0,0,0,0,3.8330
162.7309,-71.0658,0.0864,99.0256,31.9051,114.8585,31.9041,0.2611,36.5794,261.3130,-5.5291,-0.1183,0.9120,0.3196,-0.0913,-5.4780,0.0000,1.0000,0.6738,1,0,0,0,0,3.7991
162.7937,-72.9801,0.0864,98.7436,31.9052,114.8589,31.9042,0.2599,0.0015,260.9392,-5.9524,-0.1183,0.9120,0.3196,-0.0913,-5.4780,0.0000,1.0000,0.6738,1,0,0,0,0,3.8221
162.8655,-75.1759,0.0864,98.4049,31.9052,114.8588,31.9042,0.2571,-0.0003,260.5658,-5.2013,-0.1183,0.9120,0.3196,-0.0913,-5.4780,0.0000,1.0000,0.6738,1,0,0,0,0,3.7791
162.9269,-77.0424,0.0864,98.1045,31.9052,114.8588,31.9042,0.2555,0.0001,260.1924,-6.0815,-0.1183,0.9120,0.3196,-0.0913,-5.4780,0.0000,1.0000,0.6738,1,0,0,0,0,3.8272
162.9829,-78.7558,0.0864,97.8184,29.8427,107.4337,29.8417,0.2467,-36.8310,259.8811,-5.5586,-0.1183,0.8983,0.3196,-0.0913,-5.4780,0.0000,1.0000,0.6738,1,0,0,0,0,3.8020
163.0341,-80.3042,0.0864,97.5516,29.8427,107.4339,29.8417,0.2468,0.0010,259.6322,-4.8699,-0.1183,0.8905,0.3196,-0.0913,-5.4780,0.0000,1.0000,0.6738,1,0,0,0,0,3.7638
163.0910,-82.0429,0.0864,97.2425,31.9052,114.8588,31.9042,0.2550,36.2185,259.3211,-5.4620,-0.1183,0.8671,0.3196,-0.0913,-5.4780,0.0000,1.0000,0.6738,1,0,0,0,0,3.7926
163.1417,-83.5793,0.0864,96.9610,29.8427,107.4336,29.8417,0.2464,-40.6532,259.0098,-6.1365,-0.1183,0.8514,0.3196,-0.0913,-5.4780,0.0000,1.0000,0.6738,1,0,0,0,0,3.8340
163.1994,-85.3290,0.0864,96.6308,31.9051,114.8585,31.9041,0.2555,35.7865,258.7029,-5.3254,-0.1183,0.8182,0.3196,-0.0913,-5.4780,0.0000,1.0000,0.6738,1,0,0,0,0,3.7852
163.2522,-86.9290,0.0864,96.3203,29.8427,107.4337,29.8417,0.2481,-39.0537,258.3913,-5.8995,-0.1183,0.8045,0.3196,-0.0913,-5.4780,0.0000,1.0000,0.6738,1,0,0,0,0,3.8217
163.3113,-88.7196,0.0864,95.9623,31.9053,114.8589,31.9043,0.2530,34.9103,258.0857,-5.1736,-0.1144,0.7908,0.3196,-0.0870,-5.4507,0.4629,1.0000,0.6738,1,0,0,0,0,3.8013
163.3861,-90.9805,0.0864,95.4953,29.8428,107.4339,29.8422,0.1842,-27.5516,257.7968,-3.8589,-0.1026,0.7889,0.3196,-0.0352,-4.7433,9.4496,1.0000,0.6738,1,0,0,0,0,4.2012
163.4364,-92.4936,0.0864,95.1750,31.9054,114.8595,31.9052,0.1220,41.0127,257.7186,-1.5546,-0.0870,0.7889,0.3196,-0.0151,-2.8682,37.2837,1.0000,0.6738,1,0,0,0,0,5.5843
163.4953,-94.2790,0.0864,94.7915,29.8427,107.4337,29.8426,0.0691,-35.0303,257.6821,-0.6193,-0.0714,0.7771,0.3196,-0.0065,-1.7547,18.9092,1.0000,0.6738,1,0,0,0,0,4.4889
163.5485,-95.8777,0.0864,94.4451,31.9054,114.8594,31.9054,0.0116,38.7671,257.7221,0.7508,-0.0636,0.7517,0.3196,0.0250,-0.5600,22.4547,1.0000,0.6738,1,0,0,0,0,4.6639
163.6071,-97.6509,0.0864,94.0598,29.8427,107.4337,29.8427,0.0527,-35.2124,257.8497,2.1787,-0.0557,0.7341,0.3196,0.0485,0.7605,22.5423,1.0000,0.6738,1,0,0,0,0,4.7691
163.6690,-99.5230,0.0864,93.6546,31.9053,114.8591,31.9051,0.1145,33.3109,258.0422,3.1084,-0.0499,0.6853,0.3196,0.0652,2.2316,23.7579,1.0000,0.6738,1,0,0,0,0,4.9156
163.7240,-101.1728,0.0864,93.3013,29.8427,107.4339,29.8423,0.1606,-37.5168,258.2860,4.4346,-0.0440,0.6266,0.3196,0.0796,3.3965,21.1879,1.0000,0.6738,1,0,0,0,0,4.8735
163.7860,-103.0518,0.0864,92.9057,29.8427,107.4337,29.8420,0.2131,-0.0005,258.6390,5.6896,-0.0362,0.5660,0.3196,0.0963,4.3543,15.4386,0.9848,0.6738,1,0,0,0,0,4.6502
163.8420,-104.7432,0.0864,92.5574,31.7757,114.3924,31.7746,0.2616,34.5267,258.9814,6.1172,-0.0264,0.5191,0.3196,0.1107,5.2877,16.6726,0.9416,0.6738,1,0,0,0,0,4.7588
163.8936,-106.2602,0.0890,92.2886,29.4497,106.0188,29.4486,0.2532,-45.1130,265.2604,121.7816,-0.0206,0.4956,0.3196,0.1266,5.9976,13.7687,0.8916,0.6738,1,0,0,0,1,31.0288
163.9544,-108.1008,0.0860,92.2263,29.7912,107.2484,29.7906,0.1943,5.6157,271.1226,96.3823,-0.0069,0.4526,0.3196,0.1470,7.2293,20.2504,0.8352,0.6738,1,0,0,0,1,29.9466
164.0116,-109.8585,0.0864,92.2537,31.4219,113.1187,31.4202,0.3221,28.4975,271.6264,8.8059,0.0029,0.4252,0.3196,0.1657,8.4578,21.4695,0.7823,0.6738,1,0,0,0,0,5.2050
164.0683,-111.5848,0.0864,92.2912,29.8427,107.4339,29.8401,0.4014,-27.8797,272.1866,9.8895,0.0088,0.4018,0.3196,0.1838,9.5718,19.6679,0.7335,0.6738,1,0,0,0,0,5.2131
164.1327,-113.5542,0.0864,92.3510,29.8427,107.4337,29.8388,0.4815,-0.0006,272.9214,11.4001,0.0166,0.3666,0.3196,0.2035,10.6397,16.5685,0.6742,0.6738,1,0,0,0,0,5.1651
164.1934,-115.4056,0.0864,92.4264,29.8427,107.4336,29.8377,0.5427,-0.0005,273.7089,12.9804,0.0205,0.3568,0.3196,0.2170,11.7233,17.8615,0.6277,0.6738,1,0,0,0,0,5.3554
164.2496,-117.1133,0.0864,92.5142,31.0315,111.7135,31.0259,0.5886,21.1258,274.3860,12.0336,0.0205,0.3568,0.3196,0.2219,12.5109,13.9956,0.6068,0.6738,1,0,0,0,0,5.0998
164.3072,-118.8631,0.0864,92.6240,29.8427,107.4338,29.8368,0.5944,-20.6546,275.0711,11.9019,0.0205,0.3568,0.3196,0.2240,12.9719,8.0103,0.5952,0.6738,1,0,0,0,0,4.7742
164.3581,-120.4030,0.0864,92.7382,30.9913,111.5686,30.9853,0.6110,22.5841,275.7676,13.6952,0.0205,0.3568,0.3196,0.2249,13.1877,4.2426,0.5887,0.6738,1,0,0,0,0,4.6615
164.4149,-122.1298,0.0864,92.8870,29.8427,107.4337,29.8368,0.5952,-20.2134,276.4589,12.1654,0.0205,0.3568,0.3196,0.2253,13.3633,3.0906,0.5851,0.6738,1,0,0,0,0,4.5160
164.4658,-123.6659,0.0864,93.0373,29.8427,107.4336,29.8367,0.5950,-0.0004,277.0099,10.8326,0.0205,0.3568,0.3196,0.2254,13.4398,1.5038,0.5835,0.6738,1,0,0,0,0,4.3536
164.5258,-125.4831,0.0864,93.2373,29.8427,107.4336,29.8367,0.5954,0.0000,277.8367,13.7803,0.0205,0.3568,0.3196,0.2255,13.4859,0.7675,0.5820,0.6738,1,0,0,0,0,4.4767
164.5838,-127.2326,0.0864,93.4525,30.9752,111.5107,30.9692,0.6102,19.5064,278.5256,11.8644,0.0205,0.3568,0.3196,0.2255,13.5095,0.4074,0.5814,0.6738,1,0,0,0,0,4.3465
164.6394,-128.9096,0.0864,93.6797,29.8427,107.4337,29.8368,0.5930,-20.3677,279.2173,12.4402,0.0205,0.3568,0.3196,0.2255,13.5215,0.2144,0.5811,0.6738,1,0,0,0,0,4.3703
