time,position_x,position_y,position_z,speed_ms,speed_kmh,forward_speed,sideways_speed,acceleration_ms2,yaw,yaw_rate,raw_steer_x,raw_throttle_y,raw_brake_z,steer_input,handlebar_angle,steer_rate,throttle,brake,is_grounded,harsh_brake,harsh_steer,high_side_slip,high_yaw_rate,risk_score
0.1225,185.2043,0.1509,102.8923,0.0000,0.0000,0.0000,0.0000,0.0000,270.0000,0.0000,-0.1026,-0.1026,0.3666,-0.2092,0.0000,0.0000,0.0000,0.0000,1,0,0,0,0,0.0000
0.1794,185.2042,0.0870,102.8923,0.0002,0.0007,0.0000,0.0002,0.0032,270.0009,0.0161,-0.1026,-0.1026,0.3666,-0.2362,-13.1053,230.3135,0.0000,0.0000,1,0,0,0,0,10.0009
0.2313,185.2042,0.0864,102.8924,0.0001,0.0002,0.0000,0.0001,-0.0024,270.0012,0.0047,-0.1026,-0.1026,0.3666,-0.2463,-13.8387,14.1483,0.0000,0.0000,1,0,0,0,0,0.7863
0.2876,185.2042,0.0864,102.8924,0.0001,0.0002,0.0000,0.0001,0.0000,270.0015,0.0054,-0.1026,-0.1026,0.3666,-0.2522,-14.4328,10.5495,0.0000,0.0000,1,0,0,0,0,0.5864
0.3434,185.2042,0.0864,102.8924,0.0001,0.0002,0.0000,0.0001,0.0000,270.0018,0.0066,-0.1026,-0.1026,0.3666,-0.2547,-14.8403,7.2949,0.0000,0.0000,1,0,0,0,0,0.4056
0.3988,185.2042,0.0864,102.8924,0.0001,0.0002,0.0000,0.0001,0.0000,270.0021,0.0055,-0.1026,-0.1026,0.3666,-0.2558,-15.0887,4.4890,0.0000,0.0000,1,0,0,0,0,0.2497
0.4541,185.2042,0.0864,102.8924,0.0001,0.0002,0.0000,0.0001,0.0000,270.0025,0.0061,-0.1026,-0.1026,0.3666,-0.2563,-15.2316,2.5824,0.0000,0.0000,1,0,0,0,0,0.1438
0.5525,185.2042,0.0864,102.8924,0.0001,0.0002,0.0000,0.0001,0.0000,270.0031,0.0059,-0.1026,-0.1026,0.3666,-0.2565,-15.3099,0.7960,0.0000,0.0000,1,0,0,0,0,0.0446
0.6079,185.2042,0.0864,102.8923,0.0001,0.0002,0.0000,0.0001,0.0000,270.0034,0.0061,-0.1026,-0.1026,0.3666,-0.2566,-15.3774,1.2184,0.0000,0.0000,1,0,0,0,0,0.0680
0.6633,185.2042,0.0864,102.8924,0.0001,0.0002,0.0000,0.0001,0.0000,270.0037,0.0061,-0.1026,-0.1026,0.3666,-0.2566,-15.3869,0.1704,0.0000,0.0000,1,0,0,0,0,0.0098
0.7190,185.2043,0.0864,102.8924,0.0001,0.0002,0.0000,0.0001,0.0000,270.0040,0.0055,-0.1026,-0.1026,0.3666,-0.2566,-15.3919,0.0908,0.0000,0.0000,1,0,0,0,0,0.0053
0.7750,185.2042,0.0864,102.8924,0.0001,0.0002,0.0000,0.0001,0.0000,270.0043,0.0049,-0.1026,-0.1026,0.3666,-0.2566,-15.3945,0.0458,0.0000,0.0000,1,0,0,0,0,0.0028
1.0467,185.2042,0.0864,102.8924,0.0001,0.0002,0.0000,0.0001,0.0000,270.0057,0.0053,-0.1026,-0.1026,0.3666,-0.2566,-15.3959,0.0052,0.0000,0.0000,1,0,0,0,0,0.0006
1.1011,185.2042,0.0864,102.8924,0.0001,0.0002,0.0000,0.0001,0.0000,270.0060,0.0056,-0.1026,-0.1026,0.3666,-0.2566,-15.3971,0.0223,0.0000,0.0000,1,0,0,0,0,0.0016
1.1540,185.2042,0.0864,102.8924,0.0001,0.0002,0.0000,0.0001,0.0000,270.0063,0.0046,-0.1026,-0.1026,0.3666,-0.2566,-15.3971,0.0000,0.0000,0.0000,1,0,0,0,0,0.0003
1.2045,185.2042,0.0864,102.8924,0.0001,0.0002,0.0000,0.0001,0.0000,270.0065,0.0048,-0.1026,-0.1026,0.3666,-0.2566,-15.3971,0.0000,0.0000,0.0000,1,0,0,0,0,0.0003
1.2638,185.2042,0.0864,102.8924,0.0001,0.0002,0.0000,0.0001,0.0000,270.0068,0.0046,-0.1026,-0.1026,0.3666,-0.2566,-15.3971,0.0000,0.0000,0.0000,1,0,0,0,0,0.0003
1.3141,185.2042,0.0864,102.8923,0.0001,0.0002,0.0000,0.0001,0.0000,270.0070,0.0043,-0.1026,-0.1026,0.3666,-0.2566,-15.3971,0.0000,0.0000,0.0000,1,0,0,0,0,0.0002
1.3692,185.2042,0.0864,102.8924,0.0001,0.0002,0.0000,0.0001,0.0000,270.0072,0.0033,-0.1026,-0.1026,0.3666,-0.2566,-15.3971,0.0000,0.0000,0.0000,1,0,0,0,0,0.0002
1.4254,185.2042,0.0864,102.8924,0.0001,0.0002,0.0000,0.0001,0.0000,270.0074,0.0043,-0.1026,-0.1026,0.3666,-0.2566,-15.3971,0.0000,0.0000,0.0000,1,0,0,0,0,0.0002
1.4819,185.2042,0.0864,102.8924,0.0001,0.0002,0.0000,0.0001,0.0000,270.0077,0.0038,-0.1026,-0.1026,0.3666,-0.2566,-15.3971,0.0000,0.0000,0.0000,1,0,0,0,0,0.0002
1.5359,185.2042,0.0864,102.8924,0.0001,0.0002,0.0000,0.0001,0.0000,270.0079,0.0040,-0.1026,-0.1026,0.3666,-0.2566,-15.3971,0.0000,0.0000,0.0000,1,0,0,0,0,0.0002
1.5925,185.2042,0.0864,102.8924,0.0001,0.0002,0.0000,0.0001,0.0000,270.0081,0.0032,-0.1026,-0.1026,0.3666,-0.2566,-15.3971,0.0000,0.0000,0.0000,1,0,0,0,0,0.0002
1.6477,185.2043,0.0864,102.8924,0.0001,0.0002,0.0000,0.0001,0.0000,270.0082,0.0033,-0.1026,-0.1026,0.3666,-0.2566,-15.3971,0.0000,0.0000,0.0000,1,0,0,0,0,0.0002
1.7041,185.2042,0.0864,102.8924,0.0001,0.0002,0.0000,0.0001,0.0000,270.0085,0.0038,-0.1026,-0.1026,0.3666,-0.2566,-15.3971,0.0000,0.0000,0.0000,1,0,0,0,0,0.0002
1.7597,185.2042,0.0864,102.8924,0.0001,0.0002,0.0000,0.0001,0.0000,270.0087,0.0038,-0.1026,-0.1026,0.3666,-0.2566,-15.3971,0.0000,0.0000,0.0000,1,0,0,0,0,0.0002
1.8149,185.2042,0.0864,102.8924,0.0001,0.0002,0.0000,0.0001,0.0000,270.0089,0.0033,-0.1026,-0.1026,0.3666,-0.2566,-15.3971,0.0000,0.0000,0.0000,1,0,0,0,0,0.0002
1.8726,185.2042,0.0864,102.8924,0.0001,0.0002,0.0000,0.0001,0.0000,270.0090,0.0032,-0.1026,-0.1026,0.3666,-0.2566,-15.3971,0.0000,0.0000,0.0000,1,0,0,0,0,0.0002
1.9280,185.2042,0.0864,102.8924,0.0001,0.0002,0.0000,0.0001,0.0000,270.0092,0.0039,-0.1026,-0.1026,0.3666,-0.2566,-15.3971,0.0000,0.0000,0.0000,1,0,0,0,0,0.0002
1.9837,185.2042,0.0864,102.8924,0.0001,0.0002,0.0000,0.0001,0.0000,270.0095,0.0038,-0.1026,-0.1026,0.3666,-0.2566,-15.3971,0.0000,0.0000,0.0000,1,0,0,0,0,0.0002
2.0408,185.2043,0.0864,102.8924,0.0001,0.0002,0.0000,0.0001,0.0000,270.0096,0.0032,-0.1026,-0.1026,0.3666,-0.2566,-15.3971,0.0000,0.0000,0.0000,1,0,0,0,0,0.0002
2.0954,185.2042,0.0864,102.8924,0.0001,0.0002,0.0000,0.0001,0.0000,270.0098,0.0034,-0.1026,-0.1026,0.3666,-0.2566,-15.3971,0.0000,0.0000,0.0000,1,0,0,0,0,0.0002
2.1513,185.2042,0.0864,102.8924,0.0001,0.0002,0.0000,0.0001,0.0000,270.0101,0.0055,-0.1026,-0.1026,0.3666,-0.2566,-15.3971,0.0000,0.0000,0.0000,1,0,0,0,0,0.0003
2.2158,185.2042,0.0864,102.8924,0.0001,0.0002,0.0000,0.0001,0.0000,270.0105,0.0057,-0.1026,-0.1026,0.3666,-0.2566,-15.3971,0.0000,0.0000,0.0000,1,0,0,0,0,0.0003
2.2919,185.2042,0.0864,102.8924,0.0001,0.0002,0.0000,0.0001,0.0000,270.0109,0.0056,-0.1026,-0.1026,0.3666,-0.2566,-15.3971,0.0000,0.0000,0.0000,1,0,0,0,0,0.0003
2.3471,185.2042,0.0864,102.8924,0.0001,0.0002,0.0000,0.0001,0.0000,270.0112,0.0050,-0.1026,-0.1026,0.3666,-0.2566,-15.3971,0.0000,0.0000,0.0000,1,0,0,0,0,0.0003
2.4021,185.2042,0.0864,102.8924,0.0001,0.0002,0.0000,0.0001,0.0000,270.0115,0.0050,-0.1026,-0.1026,0.3666,-0.2566,-15.3971,0.0000,0.0000,0.0000,1,0,0,0,0,0.0003
2.4581,185.2042,0.0864,102.8924,0.0001,0.0002,0.0000,0.0001,0.0000,270.0118,0.0055,-0.1026,-0.1026,0.3666,-0.2566,-15.3971,0.0000,0.0000,0.0000,1,0,0,0,0,0.0003
2.5129,185.2042,0.0864,102.8923,0.0001,0.0002,0.0000,0.0001,0.0000,270.0121,0.0056,-0.1026,-0.1026,0.3666,-0.2566,-15.3971,0.0000,0.0000,0.0000,1,0,0,0,0,0.0003
2.5679,185.2042,0.0864,102.8924,0.0001,0.0002,0.0000,0.0001,0.0000,270.0124,0.0056,-0.1026,-0.1026,0.3666,-0.2566,-15.3971,0.0000,0.0000,0.0000,1,0,0,0,0,0.0003
2.6248,185.2043,0.0864,102.8924,0.0001,0.0002,0.0000,0.0001,0.0000,270.0127,0.0054,-0.1026,-0.1026,0.3666,-0.2566,-15.3971,0.0000,0.0000,0.0000,1,0,0,0,0,0.0003
2.6783,185.2043,0.0864,102.8924,0.0001,0.0002,0.0000,0.0001,0.0000,270.0131,0.0080,-0.1026,-0.1026,0.3666,-0.2566,-15.3971,0.0000,0.0000,0.0000,1,0,0,0,0,0.0004
2.7356,185.2042,0.0864,102.8924,0.0001,0.0002,0.0000,0.0001,0.0000,270.0134,0.0053,-0.1026,-0.1026,0.3666,-0.2566,-15.3971,0.0000,0.0000,0.0000,1,0,0,0,0,0.0003
2.7923,185.2042,0.0864,102.8924,0.0001,0.0002,0.0000,0.0001,0.0000,270.0137,0.0054,-0.1026,-0.1026,0.3666,-0.2566,-15.3971,0.0000,0.0000,0.0000,1,0,0,0,0,0.0003
2.8477,185.2042,0.0864,102.8924,0.0001,0.0002,0.0000,0.0001,0.0000,270.0141,0.0066,-0.1026,-0.1026,0.3666,-0.2566,-15.3971,0.0000,0.0000,0.0000,1,0,0,0,0,0.0004
2.9040,185.2042,0.0864,102.8923,0.0001,0.0002,0.0000,0.0001,0.0000,270.0144,0.0054,-0.1026,-0.1026,0.3666,-0.2566,-15.3971,0.0000,0.0000,0.0000,1,0,0,0,0,0.0003
2.9596,185.2042,0.0864,102.8924,0.0001,0.0002,0.0000,0.0001,0.0000,270.0147,0.0060,-0.1026,-0.1026,0.3666,-0.2566,-15.3971,0.0000,0.0000,0.0000,1,0,0,0,0,0.0003
3.0150,185.2042,0.0864,102.8924,0.0001,0.0002,0.0000,0.0001,0.0000,270.0151,0.0061,-0.1026,-0.1026,0.3666,-0.2566,-15.3971,0.0000,0.0000,0.0000,1,0,0,0,0,0.0003
3.0713,185.2042,0.0864,102.8924,0.0001,0.0002,0.0000,0.0001,0.0000,270.0153,0.0038,-0.1026,-0.1026,0.3666,-0.2566,-15.3971,0.0000,0.0000,0.0000,1,0,0,0,0,0.0002
3.1268,185.2042,0.0864,102.8924,0.0001,0.0002,0.0000,0.0001,0.0000,270.0156,0.0049,-0.1026,-0.1026,0.3666,-0.2566,-15.3971,0.0000,0.0000,0.0000,1,0,0,0,0,0.0003
3.1825,185.2043,0.0864,102.8924,0.0001,0.0002,0.0000,0.0001,0.0000,270.0159,0.0055,-0.1026,-0.1026,0.3666,-0.2566,-15.3971,0.0000,0.0000,0.0000,1,0,0,0,0,0.0003
3.2385,185.2042,0.0864,102.8924,0.0001,0.0002,0.0000,0.0001,0.0000,270.0161,0.0049,-0.1026,-0.1026,0.3666,-0.2566,-15.3971,0.0000,0.0000,0.0000,1,0,0,0,0,0.0003
3.2982,185.2042,0.0864,102.8923,0.0001,0.0002,0.0000,0.0001,0.0000,270.0165,0.0056,-0.1026,-0.1026,0.3666,-0.2566,-15.3971,0.0000,0.0000,0.0000,1,0,0,0,0,0.0003
3.3510,185.2042,0.0864,102.8924,0.0001,0.0002,0.0000,0.0001,0.0000,270.0167,0.0046,-0.1026,-0.1026,0.3666,-0.2566,-15.3971,0.0000,0.0000,0.0000,1,0,0,0,0,0.0003
3.4069,185.2042,0.0864,102.8924,0.0001,0.0002,0.0000,0.0001,0.0000,270.0170,0.0049,-0.1026,-0.1026,0.3666,-0.2566,-15.3971,0.0000,0.0000,0.0000,1,0,0,0,0,0.0003
3.4622,185.2042,0.0864,102.8924,0.0001,0.0002,0.0000,0.0001,0.0000,270.0173,0.0050,-0.1026,-0.1026,0.3666,-0.2566,-15.3971,0.0000,0.0000,0.0000,1,0,0,0,0,0.0003
3.5176,185.2042,0.0864,102.8924,0.0001,0.0002,0.0000,0.0001,0.0000,270.0175,0.0044,-0.1026,-0.1026,0.3666,-0.2566,-15.3971,0.0000,0.0000,0.0000,1,0,0,0,0,0.0002
3.5752,185.2042,0.0864,102.8924,0.0001,0.0002,0.0000,0.0001,0.0000,270.0179,0.0058,-0.1026,-0.1026,0.3666,-0.2566,-15.3971,0.0000,0.0000,0.0000,1,0,0,0,0,0.0003
3.6295,185.2042,0.0864,102.8924,0.0001,0.0002,0.0000,0.0001,0.0000,270.0180,0.0028,-0.1026,-0.1026,0.3666,-0.2566,-15.3971,0.0000,0.0000,0.0000,1,0,0,0,0,0.0002
3.6846,185.2042,0.0864,102.8924,0.0001,0.0002,0.0000,0.0001,0.0000,270.0183,0.0050,-0.1026,-0.1026,0.3666,-0.2566,-15.3971,0.0000,0.0000,0.0000,1,0,0,0,0,0.0003
3.7404,185.2042,0.0864,102.8924,0.0001,0.0002,0.0000,0.0001,0.0000,270.0184,0.0027,-0.1026,-0.1026,0.3666,-0.2566,-15.3971,0.0000,0.0000,0.0000,1,0,0,0,0,0.0002
3.7956,185.2042,0.0864,102.8924,0.0001,0.0002,0.0000,0.0001,0.0000,270.0186,0.0039,-0.1026,-0.1026,0.3666,-0.2566,-15.3971,0.0000,0.0000,0.0000,1,0,0,0,0,0.0002
3.8526,185.2042,0.0864,102.8924,0.0001,0.0002,0.0000,0.0001,0.0000,270.0190,0.0054,-0.1026,-0.1026,0.3666,-0.2566,-15.3971,0.0000,0.0000,0.0000,1,0,0,0,0,0.0003
3.9083,185.2042,0.0864,102.8924,0.0001,0.0002,0.0000,0.0001,0.0000,270.0192,0.0038,-0.1026,-0.1026,0.3666,-0.2566,-15.3971,0.0000,0.0000,0.0000,1,0,0,0,0,0.0002
3.9636,185.2042,0.0864,102.8924,0.0001,0.0002,0.0000,0.0001,0.0000,270.0194,0.0044,-0.1026,-0.1026,0.3666,-0.2566,-15.3971,0.0000,0.0000,0.0000,1,0,0,0,0,0.0002
4.0205,185.2042,0.0864,102.8923,0.0001,0.0002,0.0000,0.0001,0.0000,270.0196,0.0032,-0.1026,-0.1026,0.3666,-0.2566,-15.3971,0.0000,0.0000,0.0000,1,0,0,0,0,0.0002
4.0773,185.2042,0.0864,102.8923,0.0001,0.0002,0.0000,0.0001,0.0000,270.0197,0.0027,-0.1026,-0.1026,0.3666,-0.2566,-15.3971,0.0000,0.0000,0.0000,1,0,0,0,0,0.0001
4.1342,185.2042,0.0864,102.8924,0.0001,0.0002,0.0000,0.0001,0.0000,270.0200,0.0038,-0.1026,-0.1026,0.3666,-0.2566,-15.3971,0.0000,0.0000,0.0000,1,0,0,0,0,0.0002
4.1918,185.2042,0.0864,102.8924,0.0001,0.0002,0.0000,0.0001,0.0000,270.0202,0.0042,-0.1026,-0.1026,0.3666,-0.2566,-15.3971,0.0000,0.0000,0.0000,1,0,0,0,0,0.0002
4.2470,185.2042,0.0864,102.8924,0.0001,0.0002,0.0000,0.0001,0.0000,270.0204,0.0033,-0.1026,-0.1026,0.3666,-0.2566,-15.3971,0.0000,0.0000,0.0000,1,0,0,0,0,0.0002
4.3031,185.2042,0.0864,102.8923,0.0001,0.0002,0.0000,0.0001,0.0000,270.0206,0.0033,-0.1026,-0.1026,0.3666,-0.2566,-15.3971,0.0000,0.0000,0.0000,1,0,0,0,0,0.0002
4.3597,185.2042,0.0864,102.8923,0.0001,0.0002,0.0000,0.0001,0.0000,270.0208,0.0032,-0.1026,-0.1026,0.3666,-0.2566,-15.3971,0.0000,0.0000,0.0000,1,0,0,0,0,0.0002
4.4152,185.2042,0.0864,102.8923,0.0001,0.0002,0.0000,0.0001,0.0000,270.0210,0.0050,-0.1026,-0.1026,0.3666,-0.2566,-15.3971,0.0000,0.0000,0.0000,1,0,0,0,0,0.0003
4.4701,185.2042,0.0864,102.8924,0.0001,0.0002,0.0000,0.0001,0.0000,270.0213,0.0050,-0.1026,-0.1026,0.3666,-0.2566,-15.3971,0.0000,0.0000,0.0000,1,0,0,0,0,0.0003
4.5261,185.2042,0.0864,102.8923,0.0001,0.0002,0.0000,0.0001,0.0000,270.0216,0.0055,-0.1026,-0.1026,0.3666,-0.2566,-15.3971,0.0000,0.0000,0.0000,1,0,0,0,0,0.0003
4.5815,185.2042,0.0864,102.8924,0.0001,0.0002,0.0000,0.0001,0.0000,270.0219,0.0050,-0.1026,-0.1026,0.3666,-0.2566,-15.3971,0.0000,0.0000,0.0000,1,0,0,0,0,0.0003
4.6372,185.2042,0.0864,102.8924,0.0001,0.0002,0.0000,0.0001,0.0000,270.0222,0.0049,-0.1026,-0.1026,0.3666,-0.2566,-15.3971,0.0000,0.0000,0.0000,1,0,0,0,0,0.0003
4.6934,185.2042,0.0864,102.8924,0.0001,0.0002,0.0000,0.0001,0.0000,270.0224,0.0043,-0.1026,-0.1026,0.3666,-0.2566,-15.3971,0.0000,0.0000,0.0000,1,0,0,0,0,0.0002
4.7615,185.2042,0.0864,102.8924,0.0001,0.0002,0.0000,0.0001,0.0000,270.0227,0.0049,-0.1026,-0.1026,0.3666,-0.2566,-15.3971,0.0000,0.0000,0.0000,1,0,0,0,0,0.0003
4.8176,185.2043,0.0864,102.8924,0.0001,0.0002,0.0000,0.0001,0.0000,270.0231,0.0060,-0.1026,-0.1026,0.3666,-0.2566,-15.3971,0.0000,0.0000,0.0000,1,0,0,0,0,0.0003
4.8737,185.2042,0.0864,102.8923,0.0001,0.0002,0.0000,0.0001,0.0000,270.0233,0.0044,-0.1026,-0.1026,0.3666,-0.2566,-15.3971,0.0000,0.0000,0.0000,1,0,0,0,0,0.0002
4.9292,185.2042,0.0864,102.8924,0.0001,0.0002,0.0000,0.0001,0.0000,270.0237,0.0066,-0.1026,-0.1026,0.3666,-0.2566,-15.3971,0.0000,0.0000,0.0000,1,0,0,0,0,0.0004
4.9850,185.2043,0.0864,102.8924,0.0001,0.0002,0.0000,0.0001,0.0000,270.0240,0.0055,-0.1026,-0.1026,0.3666,-0.2566,-15.3971,0.0000,0.0000,0.0000,1,0,0,0,0,0.0003
5.0413,185.2042,0.0864,102.8924,0.0001,0.0002,0.0000,0.0001,0.0000,270.0244,0.0065,-0.1026,-0.1026,0.3666,-0.2566,-15.3971,0.0000,0.0000,0.0000,1,0,0,0,0,0.0004
5.0964,185.2042,0.0864,102.8924,0.0001,0.0002,0.0000,0.0001,0.0000,270.0247,0.0066,-0.1026,-0.1026,0.3666,-0.2566,-15.3971,0.0000,0.0000,0.0000,1,0,0,0,0,0.0004
5.1527,185.2042,0.0864,102.8924,0.0001,0.0002,0.0000,0.0001,0.0000,270.0250,0.0054,-0.1026,-0.1026,0.3666,-0.2566,-15.3971,0.0000,0.0000,0.0000,1,0,0,0,0,0.0003
5.2086,185.2043,0.0864,102.8924,0.0001,0.0002,0.0000,0.0001,0.0000,270.0254,0.0060,-0.1026,-0.1026,0.3666,-0.2566,-15.3971,0.0000,0.0000,0.0000,1,0,0,0,0,0.0003
5.2641,185.2042,0.0864,102.8924,0.0001,0.0002,0.0000,0.0001,0.0000,270.0257,0.0061,-0.1026,-0.1026,0.3666,-0.2566,-15.3971,0.0000,0.0000,0.0000,1,0,0,0,0,0.0003
5.3194,185.2042,0.0864,102.8923,0.0001,0.0002,0.0000,0.0001,0.0000,270.0260,0.0055,-0.1026,-0.1026,0.3666,-0.2566,-15.3971,0.0000,0.0000,0.0000,1,0,0,0,0,0.0003
5.3895,185.2042,0.0864,102.8924,0.0001,0.0002,0.0000,0.0001,0.0000,270.0263,0.0044,-0.1026,-0.1026,0.3666,-0.2566,-15.3971,0.0000,0.0000,0.0000,1,0,0,0,0,0.0002
5.4445,185.2042,0.0864,102.8924,0.0001,0.0002,0.0000,0.0001,0.0000,270.0266,0.0055,-0.1026,-0.1026,0.3666,-0.2566,-15.3971,0.0000,0.0000,0.0000,1,0,0,0,0,0.0003
5.5002,185.2042,0.0864,102.8924,0.0001,0.0002,0.0000,0.0001,0.0000,270.0269,0.0049,-0.1026,-0.1026,0.3666,-0.2566,-15.3971,0.0000,0.0000,0.0000,1,0,0,0,0,0.0003
5.5566,185.2042,0.0864,102.8924,0.0001,0.0002,0.0000,0.0001,0.0000,270.0272,0.0049,-0.1026,-0.1026,0.3666,-0.2566,-15.3971,0.0000,0.0000,0.0000,1,0,0,0,0,0.0003
5.6137,185.2042,0.0864,102.8924,0.0001,0.0002,0.0000,0.0001,0.0000,270.0275,0.0053,-0.1026,-0.1026,0.3666,-0.2566,-15.3971,0.0000,0.0000,0.0000,1,0,0,0,0,0.0003
5.6699,185.2042,0.0864,102.8924,0.0001,0.0002,0.0000,0.0001,0.0000,270.0277,0.0043,-0.1026,-0.1026,0.3666,-0.2566,-15.3971,0.0000,0.0000,0.0000,1,0,0,0,0,0.0002
5.7224,185.2042,0.0864,102.8924,0.0001,0.0002,0.0000,0.0001,0.0000,270.0280,0.0058,-0.1026,-0.1026,0.3666,-0.2566,-15.3971,0.0000,0.0000,0.0000,1,0,0,0,0,0.0003
5.7783,185.2042,0.0864,102.8924,0.0001,0.0002,0.0000,0.0001,0.0000,270.0283,0.0055,-0.1026,-0.1026,0.3666,-0.2566,-15.3971,0.0000,0.0000,0.0000,1,0,0,0,0,0.0003
5.8352,185.2042,0.0864,102.8924,0.0001,0.0002,0.0000,0.0001,0.0000,270.0286,0.0043,-0.1026,-0.1026,0.3666,-0.2566,-15.3971,0.0000,0.0000,0.0000,1,0,0,0,0,0.0002
5.9041,185.2042,0.0864,102.8924,0.0001,0.0002,0.0000,0.0001,0.0000,270.0288,0.0040,-0.1026,-0.1026,0.3666,-0.2566,-15.3971,0.0000,0.0000,0.0000,1,0,0,0,0,0.0002
5.9599,185.2042,0.0864,102.8924,0.0001,0.0002,0.0000,0.0001,0.0000,270.0291,0.0038,-0.1026,-0.1026,0.3666,-0.2566,-15.3971,0.0000,0.0000,0.0000,1,0,0,0,0,0.0002
6.0149,185.2042,0.0864,102.8924,0.0001,0.0002,0.0000,0.0001,0.0000,270.0293,0.0039,-0.1026,-0.1026,0.3666,-0.2566,-15.3971,0.0000,0.0000,0.0000,1,0,0,0,0,0.0002
6.0708,185.2042,0.0864,102.8924,0.0001,0.0002,0.0000,0.0001,0.0000,270.0294,0.0033,-0.1026,-0.1026,0.3666,-0.2566,-15.3971,0.0000,0.0000,0.0000,1,0,0,0,0,0.0002
6.1262,185.2042,0.0864,102.8924,0.0001,0.0002,0.0000,0.0001,0.0000,270.0296,0.0033,-0.1026,-0.1026,0.3666,-0.2566,-15.3971,0.0000,0.0000,0.0000,1,0,0,0,0,0.0002
6.1819,185.2042,0.0864,102.8924,0.0001,0.0002,0.0000,0.0001,0.0000,270.0298,0.0038,-0.1026,-0.1026,0.3666,-0.2566,-15.3971,0.0000,0.0000,0.0000,1,0,0,0,0,0.0002
6.2383,185.2042,0.0864,102.8923,0.0001,0.0002,0.0000,0.0001,0.0000,270.0301,0.0043,-0.1026,-0.1026,0.3666,-0.2566,-15.3971,0.0000,0.0000,0.0000,1,0,0,0,0,0.0002
6.2938,185.2042,0.0864,102.8924,0.0001,0.0002,0.0000,0.0001,0.0000,270.0303,0.0033,-0.1026,-0.1026,0.3666,-0.2566,-15.3971,0.0000,0.0000,0.0000,1,0,0,0,0,0.0002
6.3634,185.2042,0.0864,102.8923,0.0001,0.0002,0.0000,0.0001,0.0000,270.0305,0.0035,-0.1026,-0.1026,0.3666,-0.2566,-15.3971,0.0000,0.0000,0.0000,1,0,0,0,0,0.0002
6.4185,185.2042,0.0864,102.8924,0.0001,0.0002,0.0000,0.0001,0.0000,270.0307,0.0033,-0.1026,-0.1026,0.3666,-0.2566,-15.3971,0.0000,0.0000,0.0000,1,0,0,0,0,0.0002
6.4749,185.2042,0.0864,102.8923,0.0001,0.0002,0.0000,0.0001,0.0000,270.0309,0.0038,-0.1026,-0.1026,0.3666,-0.2566,-15.3971,0.0000,0.0000,0.0000,1,0,0,0,0,0.0002
6.5304,185.2042,0.0864,102.8924,0.0001,0.0002,0.0000,0.0001,0.0000,270.0311,0.0038,-0.1026,-0.1026,0.3666,-0.2566,-15.3971,0.0000,0.0000,0.0000,1,0,0,0,0,0.0002
6.5862,185.2043,0.0864,102.8924,0.0001,0.0002,0.0000,0.0001,0.0000,270.0313,0.0033,-0.1026,-0.1026,0.3666,-0.2566,-15.3971,0.0000,0.0000,0.0000,1,0,0,0,0,0.0002
6.6428,185.2043,0.0864,102.8924,0.0001,0.0002,0.0000,0.0001,0.0000,270.0315,0.0038,-0.1026,-0.1026,0.3666,-0.2566,-15.3971,0.0000,0.0000,0.0000,1,0,0,0,0,0.0002
6.6988,185.2042,0.0864,102.8924,0.0001,0.0002,0.0000,0.0001,0.0000,270.0317,0.0033,-0.1026,-0.1026,0.3666,-0.2566,-15.3971,0.0000,0.0000,0.0000,1,0,0,0,0,0.0002
6.7537,185.2042,0.0864,102.8924,0.0001,0.0002,0.0000,0.0001,0.0000,270.0320,0.0050,-0.1026,-0.1026,0.3666,-0.2566,-15.3971,0.0000,0.0000,0.0000,1,0,0,0,0,0.0003
6.8087,185.2042,0.0864,102.8924,0.0001,0.0002,0.0000,0.0001,0.0000,270.0323,0.0055,-0.1026,-0.1026,0.3666,-0.2566,-15.3971,0.0000,0.0000,0.0000,1,0,0,0,0,0.0003
6.8643,185.2042,0.0864,102.8924,0.0001,0.0002,0.0000,0.0001,0.0000,270.0326,0.0055,-0.1026,-0.1026,0.3666,-0.2566,-15.3971,0.0000,0.0000,0.0000,1,0,0,0,0,0.0003
6.9219,185.2042,0.0864,102.8924,0.0001,0.0002,0.0000,0.0001,0.0000,270.0329,0.0053,-0.1026,-0.1026,0.3666,-0.2566,-15.3971,0.0000,0.0000,0.0000,1,0,0,0,0,0.0003
6.9763,185.2042,0.0864,102.8924,0.0001,0.0002,0.0000,0.0001,0.0000,270.0332,0.0056,-0.1026,-0.1026,0.3666,-0.2566,-15.3971,0.0000,0.0000,0.0000,1,0,0,0,0,0.0003
7.0323,185.2042,0.0864,102.8924,0.0001,0.0002,0.0000,0.0001,0.0000,270.0335,0.0054,-0.1026,-0.1026,0.3666,-0.2566,-15.3971,0.0000,0.0000,0.0000,1,0,0,0,0,0.0003
7.0876,185.2042,0.0864,102.8924,0.0001,0.0002,0.0000,0.0001,0.0000,270.0338,0.0055,-0.1026,-0.1026,0.3666,-0.2566,-15.3971,0.0000,0.0000,0.0000,1,0,0,0,0,0.0003
7.1433,185.2042,0.0864,102.8924,0.0001,0.0002,0.0000,0.0001,0.0000,270.0341,0.0055,-0.1026,-0.1026,0.3666,-0.2566,-15.3971,0.0000,0.0000,0.0000,1,0,0,0,0,0.0003
7.1986,185.2042,0.0864,102.8924,0.0001,0.0002,0.0000,0.0001,0.0000,270.0345,0.0061,-0.1026,-0.1026,0.3666,-0.2566,-15.3971,0.0000,0.0000,0.0000,1,0,0,0,0,0.0003
7.2546,185.2042,0.0864,102.8924,0.0001,0.0002,0.0000,0.0001,0.0000,270.0348,0.0060,-0.1026,-0.1026,0.3666,-0.2566,-15.3971,0.0000,0.0000,0.0000,1,0,0,0,0,0.0003
7.3099,185.2042,0.0864,102.8924,0.0001,0.0002,0.0000,0.0001,0.0000,270.0352,0.0066,-0.1026,-0.1026,0.3666,-0.2566,-15.3971,0.0000,0.0000,0.0000,1,0,0,0,0,0.0004
7.3661,185.2042,0.0864,102.8924,0.0001,0.0002,0.0000,0.0001,0.0000,270.0355,0.0065,-0.1026,-0.1026,0.3666,-0.2566,-15.3971,0.0000,0.0000,0.0000,1,0,0,0,0,0.0004
7.4511,185.2042,0.0864,102.8924,0.0001,0.0002,0.0000,0.0001,0.0000,270.0361,0.0065,-0.1026,-0.1026,0.3666,-0.2566,-15.3971,0.0000,0.0000,0.0000,1,0,0,0,0,0.0004
7.5054,185.2042,0.0864,102.8923,0.0001,0.0002,0.0000,0.0001,0.0000,270.0364,0.0056,-0.1026,-0.1026,0.3666,-0.2566,-15.3971,0.0000,0.0000,0.0000,1,0,0,0,0,0.0003
7.5602,185.2042,0.0864,102.8924,0.0001,0.0002,0.0000,0.0001,0.0000,270.0367,0.0061,-0.1026,-0.1026,0.3666,-0.2566,-15.3971,0.0000,0.0000,0.0000,1,0,0,0,0,0.0003
7.6155,185.2042,0.0864,102.8924,0.0001,0.0002,0.0000,0.0001,0.0000,270.0370,0.0061,-0.1026,-0.1026,0.3666,-0.2566,-15.3971,0.0000,0.0000,0.0000,1,0,0,0,0,0.0003
7.6714,185.2042,0.0864,102.8924,0.0001,0.0002,0.0000,0.0001,0.0000,270.0373,0.0044,-0.1026,-0.1026,0.3666,-0.2566,-15.3971,0.0000,0.0000,0.0000,1,0,0,0,0,0.0002
7.7272,185.2043,0.0864,102.8924,0.0001,0.0002,0.0000,0.0001,0.0000,270.0376,0.0055,-0.1026,-0.1026,0.3666,-0.2566,-15.3971,0.0000,0.0000,0.0000,1,0,0,0,0,0.0003
7.7841,185.2042,0.0864,102.8924,0.0001,0.0002,0.0000,0.0001,0.0000,270.0379,0.0054,-0.1026,-0.1026,0.3666,-0.2566,-15.3971,0.0000,0.0000,0.0000,1,0,0,0,0,0.0003
7.8393,185.2043,0.0864,102.8924,0.0001,0.0002,0.0000,0.0001,0.0000,270.0382,0.0055,-0.1026,-0.1026,0.3666,-0.2566,-15.3971,0.0000,0.0000,0.0000,1,0,0,0,0,0.0003
7.8936,185.2042,0.0864,102.8924,0.0001,0.0002,0.0000,0.0001,0.0000,270.0385,0.0056,-0.1026,-0.1026,0.3666,-0.2566,-15.3971,0.0000,0.0000,0.0000,1,0,0,0,0,0.0003
7.9636,185.2042,0.0864,102.8923,0.0001,0.0002,0.0000,0.0001,0.0000,270.0389,0.0052,-0.1026,-0.1026,0.3666,-0.2566,-15.3971,0.0000,0.0000,0.0000,1,0,0,0,0,0.0003
8.0192,185.2042,0.0864,102.8923,0.0001,0.0002,0.0000,0.0001,0.0000,270.0392,0.0055,-0.1026,-0.1026,0.3666,-0.2566,-15.3971,0.0000,0.0000,0.0000,1,0,0,0,0,0.0003
8.0751,185.2042,0.0864,102.8924,0.0001,0.0002,0.0000,0.0001,0.0000,270.0395,0.0055,-0.1026,-0.1026,0.3666,-0.2566,-15.3971,0.0000,0.0000,0.0000,1,0,0,0,0,0.0003
8.1310,185.2042,0.0864,102.8924,0.0001,0.0002,0.0000,0.0001,0.0000,270.0398,0.0049,-0.1026,-0.1026,0.3666,-0.2566,-15.3971,0.0000,0.0000,0.0000,1,0,0,0,0,0.0003
8.1864,185.2042,0.0864,102.8924,0.0001,0.0002,0.0000,0.0001,0.0000,270.0400,0.0039,-0.1026,-0.1026,0.3666,-0.2566,-15.3971,0.0000,0.0000,0.0000,1,0,0,0,0,0.0002
8.2425,185.2042,0.0864,102.8924,0.0001,0.0002,0.0000,0.0001,0.0000,270.0402,0.0043,-0.1026,-0.1026,0.3666,-0.2566,-15.3971,0.0000,0.0000,0.0000,1,0,0,0,0,0.0002
8.2981,185.2042,0.0864,102.8924,0.0001,0.0002,0.0000,0.0001,0.0000,270.0404,0.0033,-0.1026,-0.1026,0.3666,-0.2566,-15.3971,0.0000,0.0000,0.0000,1,0,0,0,0,0.0002
8.3541,185.2042,0.0864,102.8924,0.0001,0.0002,0.0000,0.0001,0.0000,270.0406,0.0033,-0.1026,-0.1026,0.3666,-0.2566,-15.3971,0.0000,0.0000,0.0000,1,0,0,0,0,0.0002
8.4098,185.2042,0.0864,102.8923,0.0001,0.0002,0.0000,0.0001,0.0000,270.0408,0.0044,-0.1026,-0.1026,0.3666,-0.2566,-15.3971,0.0000,0.0000,0.0000,1,0,0,0,0,0.0002
8.4808,185.2042,0.0864,102.8924,0.0001,0.0002,0.0000,0.0001,0.0000,270.0411,0.0034,-0.1026,-0.1026,0.3666,-0.2566,-15.3971,0.0000,0.0000,0.0000,1,0,0,0,0,0.0002
8.5350,185.2042,0.0864,102.8924,0.0001,0.0002,0.0000,0.0001,0.0000,270.0413,0.0034,-0.1026,-0.1026,0.3666,-0.2566,-15.3971,0.0000,0.0000,0.0000,1,0,0,0,0,0.0002
8.5908,185.2042,0.0864,102.8924,0.0001,0.0002,0.0000,0.0001,0.0000,270.0414,0.0033,-0.1026,-0.1026,0.3666,-0.2566,-15.3971,0.0000,0.0000,0.0000,1,0,0,0,0,0.0002
8.6462,185.2042,0.0864,102.8924,0.0001,0.0002,0.0000,0.0001,0.0000,270.0416,0.0028,-0.1026,-0.1026,0.3666,-0.2566,-15.3971,0.0000,0.0000,0.0000,1,0,0,0,0,0.0002
8.7025,185.2042,0.0864,102.8923,0.0001,0.0002,0.0000,0.0001,0.0000,270.0418,0.0043,-0.1026,-0.1026,0.3666,-0.2566,-15.3971,0.0000,0.0000,0.0000,1,0,0,0,0,0.0002
8.7581,185.2043,0.0864,102.8924,0.0001,0.0002,0.0000,0.0001,0.0000,270.0421,0.0038,-0.1026,-0.1026,0.3666,-0.2566,-15.3971,0.0000,0.0000,0.0000,1,0,0,0,0,0.0002
8.8138,185.2042,0.0864,102.8924,0.0001,0.0002,0.0000,0.0001,0.0000,270.0422,0.0033,-0.1026,-0.1026,0.3666,-0.2566,-15.3971,0.0000,0.0000,0.0000,1,0,0,0,0,0.0002
8.8695,185.2042,0.0864,102.8924,0.0001,0.0002,0.0000,0.0001,0.0000,270.0424,0.0027,-0.1026,-0.1026,0.3666,-0.2566,-15.3971,0.0000,0.0000,0.0000,1,0,0,0,0,0.0002
8.9256,185.2043,0.0864,102.8924,0.0001,0.0002,0.0000,0.0001,0.0000,270.0426,0.0038,-0.1026,-0.1026,0.3666,-0.2566,-15.3971,0.0000,0.0000,0.0000,1,0,0,0,0,0.0002
8.9953,185.2042,0.0864,102.8924,0.0001,0.0002,0.0000,0.0001,0.0000,270.0429,0.0044,-0.1026,-0.1026,0.3666,-0.2566,-15.3971,0.0000,0.0000,0.0000,1,0,0,0,0,0.0002
9.0506,185.2042,0.0864,102.8924,0.0001,0.0002,0.0000,0.0001,0.0000,270.0432,0.0044,-0.1026,-0.1026,0.3666,-0.2566,-15.3971,0.0000,0.0000,0.0000,1,0,0,0,0,0.0002
9.1065,185.2042,0.0864,102.8924,0.0001,0.0002,0.0000,0.0001,0.0000,270.0435,0.0055,-0.1026,-0.1026,0.3666,-0.2566,-15.3971,0.0000,0.0000,0.0000,1,0,0,0,0,0.0003
9.1624,185.2042,0.0864,102.8924,0.0001,0.0002,0.0000,0.0001,0.0000,270.0437,0.0049,-0.1026,-0.1026,0.3666,-0.2566,-15.3971,0.0000,0.0000,0.0000,1,0,0,0,0,0.0003
9.2180,185.2042,0.0864,102.8923,0.0001,0.0002,0.0000,0.0001,0.0000,270.0440,0.0049,-0.1026,-0.1026,0.3666,-0.2566,-15.3971,0.0000,0.0000,0.0000,1,0,0,0,0,0.0003
9.2741,185.2042,0.0864,102.8924,0.0001,0.0002,0.0000,0.0001,0.0000,270.0443,0.0054,-0.1026,-0.1026,0.3666,-0.2566,-15.3971,0.0000,0.0000,0.0000,1,0,0,0,0,0.0003
9.3292,185.2042,0.0864,102.8924,0.0001,0.0002,0.0000,0.0001,0.0000,270.0446,0.0055,-0.1026,-0.1026,0.3666,-0.2566,-15.3971,0.0000,0.0000,0.0000,1,0,0,0,0,0.0003
9.3846,185.2042,0.0864,102.8923,0.0001,0.0002,0.0000,0.0001,0.0000,270.0449,0.0055,-0.1026,-0.1026,0.3666,-0.2566,-15.3971,0.0000,0.0000,0.0000,1,0,0,0,0,0.0003
9.4404,185.2042,0.0864,102.8924,0.0001,0.0002,0.0000,0.0001,0.0000,270.0452,0.0055,-0.1026,-0.1026,0.3666,-0.2566,-15.3971,0.0000,0.0000,0.0000,1,0,0,0,0,0.0003
9.5102,185.2042,0.0864,102.8924,0.0001,0.0002,0.0000,0.0001,0.0000,270.0457,0.0061,-0.1026,-0.1026,0.3666,-0.2566,-15.3971,0.0000,0.0000,0.0000,1,0,0,0,0,0.0003
9.5657,185.2042,0.0864,102.8924,0.0001,0.0002,0.0000,0.0001,0.0000,270.0460,0.0055,-0.1026,-0.1026,0.3666,-0.2566,-15.3971,0.0000,0.0000,0.0000,1,0,0,0,0,0.0003
9.6214,185.2043,0.0864,102.8924,0.0001,0.0002,0.0000,0.0001,0.0000,270.0463,0.0060,-0.1026,-0.1026,0.3666,-0.2566,-15.3971,0.0000,0.0000,0.0000,1,0,0,0,0,0.0003
9.6772,185.2042,0.0864,102.8924,0.0001,0.0002,0.0000,0.0001,0.0000,270.0466,0.0060,-0.1026,-0.1026,0.3666,-0.2566,-15.3971,0.0000,0.0000,0.0000,1,0,0,0,0,0.0003
9.7325,185.2042,0.0864,102.8923,0.0001,0.0002,0.0000,0.0001,0.0000,270.0469,0.0055,-0.1026,-0.1026,0.3666,-0.2566,-15.3971,0.0000,0.0000,0.0000,1,0,0,0,0,0.0003
9.7889,185.2042,0.0864,102.8924,0.0001,0.0002,0.0000,0.0001,0.0000,270.0473,0.0060,-0.1026,-0.1026,0.3666,-0.2566,-15.3971,0.0000,0.0000,0.0000,1,0,0,0,0,0.0003
9.8445,185.2042,0.0864,102.8924,0.0001,0.0002,0.0000,0.0001,0.0000,270.0476,0.0060,-0.1026,-0.1026,0.3666,-0.2566,-15.3971,0.0000,0.0000,0.0000,1,0,0,0,0,0.0003
9.9002,185.2042,0.0864,102.8924,0.0001,0.0002,0.0000,0.0001,0.0000,270.0479,0.0055,-0.1026,-0.1026,0.3666,-0.2566,-15.3971,0.0000,0.0000,0.0000,1,0,0,0,0,0.0003
9.9565,185.2042,0.0864,102.8924,0.0001,0.0002,0.0000,0.0001,0.0000,270.0481,0.0038,-0.1026,-0.1026,0.3666,-0.2566,-15.3971,0.0000,0.0000,0.0000,1,0,0,0,0,0.0002
10.0258,185.2042,0.0864,102.8924,0.0001,0.0002,0.0000,0.0001,0.0000,270.0485,0.0053,-0.1026,-0.1026,0.3666,-0.2566,-15.3971,0.0000,0.0000,0.0000,1,0,0,0,0,0.0003
10.0812,185.2042,0.0864,102.8924,0.0001,0.0002,0.0000,0.0001,0.0000,270.0488,0.0050,-0.1026,-0.1026,0.3666,-0.2566,-15.3971,0.0000,0.0000,0.0000,1,0,0,0,0,0.0003
10.1368,185.2042,0.0864,102.8923,0.0001,0.0002,0.0000,0.0001,0.0000,270.0491,0.0055,-0.1026,-0.1026,0.3666,-0.2566,-15.3971,0.0000,0.0000,0.0000,1,0,0,0,0,0.0003
10.1927,185.2042,0.0864,102.8924,0.0001,0.0002,0.0000,0.0001,0.0000,270.0494,0.0055,-0.1026,-0.1026,0.3666,-0.2566,-15.3971,0.0000,0.0000,0.0000,1,0,0,0,0,0.0003
10.2484,185.2043,0.0864,102.8924,0.0001,0.0002,0.0000,0.0001,0.0000,270.0497,0.0055,-0.1026,-0.1026,0.3666,-0.2566,-15.3971,0.0000,0.0000,0.0000,1,0,0,0,0,0.0003
10.3045,185.2042,0.0864,102.8924,0.0001,0.0002,0.0000,0.0001,0.0000,270.0500,0.0054,-0.1026,-0.1026,0.3666,-0.2566,-15.3971,0.0000,0.0000,0.0000,1,0,0,0,0,0.0003
10.3600,185.2042,0.0864,102.8924,0.0001,0.0002,0.0000,0.0001,0.0000,270.0503,0.0049,-0.1026,-0.1026,0.3666,-0.2566,-15.3971,0.0000,0.0000,0.0000,1,0,0,0,0,0.0003
10.4157,185.2042,0.0864,102.8923,0.0001,0.0002,0.0000,0.0001,0.0000,270.0505,0.0044,-0.1026,-0.1026,0.3666,-0.2566,-15.3971,0.0000,0.0000,0.0000,1,0,0,0,0,0.0002
10.4721,185.2042,0.0864,102.8924,0.0001,0.0002,0.0000,0.0001,0.0000,270.0508,0.0043,-0.1026,-0.1026,0.3666,-0.2566,-15.3971,0.0000,0.0000,0.0000,1,0,0,0,0,0.0002
10.5413,185.2042,0.0864,102.8924,0.0001,0.0002,0.0000,0.0001,0.0000,270.0510,0.0035,-0.1026,-0.1026,0.3666,-0.2566,-15.3971,0.0000,0.0000,0.0000,1,0,0,0,0,0.0002
10.5970,185.2042,0.0864,102.8924,0.0001,0.0002,0.0000,0.0001,0.0000,270.0512,0.0038,-0.1026,-0.1026,0.3666,-0.2566,-15.3971,0.0000,0.0000,0.0000,1,0,0,0,0,0.0002
10.6524,185.2042,0.0864,102.8924,0.0001,0.0002,0.0000,0.0001,0.0000,270.0514,0.0033,-0.1026,-0.1026,0.3666,-0.2566,-15.3971,0.0000,0.0000,0.0000,1,0,0,0,0,0.0002
10.7084,185.2042,0.0864,102.8924,0.0001,0.0002,0.0000,0.0001,0.0000,270.0516,0.0038,-0.1026,-0.1026,0.3666,-0.2566,-15.3971,0.0000,0.0000,0.0000,1,0,0,0,0,0.0002
10.7644,185.2042,0.0864,102.8924,0.0001,0.0002,0.0000,0.0001,0.0000,270.0518,0.0033,-0.1026,-0.1026,0.3666,-0.2566,-15.3971,0.0000,0.0000,0.0000,1,0,0,0,0,0.0002
10.8222,185.2042,0.0864,102.8924,0.0001,0.0002,0.0000,0.0001,0.0000,270.0520,0.0037,-0.1026,-0.1026,0.3666,-0.2566,-15.3971,0.0000,0.0000,0.0000,1,0,0,0,0,0.0002
10.8759,185.2042,0.0864,102.8924,0.0001,0.0002,0.0000,0.0001,0.0000,270.0522,0.0040,-0.1026,-0.1026,0.3666,-0.2566,-15.3971,0.0000,0.0000,0.0000,1,0,0,0,0,0.0002
10.9305,185.2042,0.0864,102.8924,0.0001,0.0002,0.0000,0.0001,0.0000,270.0524,0.0028,-0.1026,-0.1026,0.3666,-0.2566,-15.3971,0.0000,0.0000,0.0000,1,0,0,0,0,0.0002
10.9859,185.2042,0.0864,102.8924,0.0001,0.0002,0.0000,0.0001,0.0000,270.0526,0.0039,-0.1026,-0.1026,0.3666,-0.2566,-15.3971,0.0000,0.0000,0.0000,1,0,0,0,0,0.0002
11.0556,185.2042,0.0864,102.8924,0.0001,0.0002,0.0000,0.0001,0.0000,270.0528,0.0035,-0.1026,-0.1026,0.3666,-0.2566,-15.3971,0.0000,0.0000,0.0000,1,0,0,0,0,0.0002
11.1096,185.2042,0.0864,102.8924,0.0001,0.0002,0.0000,0.0001,0.0000,270.0530,0.0040,-0.1026,-0.1026,0.3666,-0.2566,-15.3971,0.0000,0.0000,0.0000,1,0,0,0,0,0.0002
11.1649,185.2042,0.0864,102.8923,0.0001,0.0002,0.0000,0.0001,0.0000,270.0532,0.0033,-0.1026,-0.1026,0.3666,-0.2566,-15.3971,0.0000,0.0000,0.0000,1,0,0,0,0,0.0002
11.2207,185.2042,0.0864,102.8924,0.0001,0.0002,0.0000,0.0001,0.0000,270.0534,0.0038,-0.1026,-0.1026,0.3666,-0.2566,-15.3971,0.0000,0.0000,0.0000,1,0,0,0,0,0.0002
11.2760,185.2042,0.0864,102.8924,0.0001,0.0002,0.0000,0.0001,0.0000,270.0536,0.0028,-0.1026,-0.1026,0.3666,-0.2566,-15.3971,0.0000,0.0000,0.0000,1,0,0,0,0,0.0002
11.3320,185.2042,0.0864,102.8924,0.0001,0.0002,0.0000,0.0001,0.0000,270.0539,0.0055,-0.1026,-0.1026,0.3666,-0.2566,-15.3971,0.0000,0.0000,0.0000,1,0,0,0,0,0.0003
11.3871,185.2042,0.0864,102.8924,0.0001,0.0002,0.0000,0.0001,0.0000,270.0542,0.0050,-0.1026,-0.1026,0.3666,-0.2566,-15.3971,0.0000,0.0000,0.0000,1,0,0,0,0,0.0003
11.4433,185.2042,0.0864,102.8924,0.0001,0.0002,0.0000,0.0001,0.0000,270.0544,0.0049,-0.1026,-0.1026,0.3666,-0.2566,-15.3971,0.0000,0.0000,0.0000,1,0,0,0,0,0.0003
11.4996,185.2042,0.0864,102.8924,0.0001,0.0002,0.0000,0.0001,0.0000,270.0548,0.0065,-0.1026,-0.1026,0.3666,-0.2566,-15.3971,0.0000,0.0000,0.0000,1,0,0,0,0,0.0004
11.5818,185.2042,0.0864,102.8924,0.0001,0.0002,0.0000,0.0001,0.0000,270.0552,0.0052,-0.1026,-0.1026,0.3666,-0.2566,-15.3971,0.0000,0.0000,0.0000,1,0,0,0,0,0.0003
11.6379,185.2042,0.0864,102.8924,0.0001,0.0002,0.0000,0.0001,0.0000,270.0555,0.0054,-0.1026,-0.1026,0.3666,-0.2566,-15.3971,0.0000,0.0000,0.0000,1,0,0,0,0,0.0003
11.6923,185.2042,0.0864,102.8923,0.0001,0.0002,0.0000,0.0001,0.0000,270.0558,0.0056,-0.1026,-0.1026,0.3666,-0.2566,-15.3971,0.0000,0.0000,0.0000,1,0,0,0,0,0.0003
11.7487,185.2042,0.0864,102.8924,0.0001,0.0002,0.0000,0.0001,0.0000,270.0562,0.0054,-0.1026,-0.1026,0.3666,-0.2566,-15.3971,0.0000,0.0000,0.0000,1,0,0,0,0,0.0003
11.8043,185.2042,0.0864,102.8924,0.0001,0.0002,0.0000,0.0001,0.0000,270.0565,0.0055,-0.1026,-0.1026,0.3666,-0.2566,-15.3971,0.0000,0.0000,0.0000,1,0,0,0,0,0.0003
11.8602,185.2042,0.0864,102.8924,0.0001,0.0002,0.0000,0.0001,0.0000,270.0568,0.0055,-0.1026,-0.1026,0.3666,-0.2566,-15.3971,0.0000,0.0000,0.0000,1,0,0,0,0,0.0003
11.9155,185.2042,0.0864,102.8924,0.0001,0.0002,0.0000,0.0001,0.0000,270.0571,0.0066,-0.1026,-0.1026,0.3666,-0.2566,-15.3971,0.0000,0.0000,0.0000,1,0,0,0,0,0.0004
11.9708,185.2042,0.0864,102.8924,0.0001,0.0002,0.0000,0.0001,0.0000,270.0574,0.0055,-0.1026,-0.1026,0.3666,-0.2566,-15.3971,0.0000,0.0000,0.0000,1,0,0,0,0,0.0003
12.0270,185.2042,0.0864,102.8924,0.0001,0.0002,0.0000,0.0001,0.0000,270.0578,0.0060,-0.1026,-0.1026,0.3666,-0.2566,-15.3971,0.0000,0.0000,0.0000,1,0,0,0,0,0.0003
12.0836,185.2042,0.0864,102.8924,0.0001,0.0002,0.0000,0.0001,0.0000,270.0581,0.0059,-0.1026,-0.1026,0.3666,-0.2566,-15.3971,0.0000,0.0000,0.0000,1,0,0,0,0,0.0003
12.1379,185.2042,0.0864,102.8924,0.0001,0.0002,0.0000,0.0001,0.0000,270.0584,0.0056,-0.1026,-0.1026,0.3666,-0.2566,-15.3971,0.0000,0.0000,0.0000,1,0,0,0,0,0.0003
12.1946,185.2042,0.0864,102.8924,0.0001,0.0002,0.0000,0.0001,0.0000,270.0587,0.0059,-0.1026,-0.1026,0.3666,-0.2566,-15.3971,0.0000,0.0000,0.0000,1,0,0,0,0,0.0003
12.2500,185.2042,0.0864,102.8924,0.0001,0.0002,0.0000,0.0001,0.0000,270.0590,0.0044,-0.1026,-0.1026,0.3666,-0.2566,-15.3971,0.0000,0.0000,0.0000,1,0,0,0,0,0.0002
12.3058,185.2042,0.0864,102.8924,0.0001,0.0002,0.0000,0.0001,0.0000,270.0592,0.0033,-0.1026,-0.1026,0.3666,-0.2566,-15.3971,0.0000,0.0000,0.0000,1,0,0,0,0,0.0002
12.3612,185.2042,0.0864,102.8924,0.0001,0.0002,0.0000,0.0001,0.0000,270.0594,0.0050,-0.1026,-0.1026,0.3666,-0.2566,-15.3971,0.0000,0.0000,0.0000,1,0,0,0,0,0.0003
12.4167,185.2042,0.0864,102.8924,0.0001,0.0002,0.0000,0.0001,0.0000,270.0598,0.0055,-0.1026,-0.1026,0.3666,-0.2566,-15.3971,0.0000,0.0000,0.0000,1,0,0,0,0,0.0003
12.4730,185.2042,0.0864,102.8924,0.0001,0.0002,0.0000,0.0001,0.0000,270.0601,0.0054,-0.1026,-0.1026,0.3666,-0.2566,-15.3971,0.0000,0.0000,0.0000,1,0,0,0,0,0.0003
12.5287,185.2042,0.0864,102.8924,0.0001,0.0002,0.0000,0.0001,0.0000,270.0604,0.0055,-0.1026,-0.1026,0.3666,-0.2566,-15.3971,0.0000,0.0000,0.0000,1,0,0,0,0,0.0003
12.5992,185.2042,0.0864,102.8924,0.0001,0.0002,0.0000,0.0001,0.0000,270.0608,0.0061,-0.1026,-0.1026,0.3666,-0.2566,-15.3971,0.0000,0.0000,0.0000,1,0,0,0,0,0.0003
12.6544,185.2042,0.0864,102.8924,0.0001,0.0002,0.0000,0.0001,0.0000,270.0611,0.0055,-0.1026,-0.1026,0.3666,-0.2566,-15.3971,0.0000,0.0000,0.0000,1,0,0,0,0,0.0003
12.7103,185.2043,0.0864,102.8924,0.0001,0.0002,0.0000,0.0001,0.0000,270.0614,0.0055,-0.1026,-0.1026,0.3666,-0.2566,-15.3971,0.0000,0.0000,0.0000,1,0,0,0,0,0.0003
12.7665,185.2042,0.0864,102.8923,0.0001,0.0002,0.0000,0.0001,0.0000,270.0617,0.0049,-0.1026,-0.1026,0.3666,-0.2566,-15.3971,0.0000,0.0000,0.0000,1,0,0,0,0,0.0003
12.8209,185.2042,0.0864,102.8924,0.0001,0.0002,0.0000,0.0001,0.0000,270.0619,0.0039,-0.1026,-0.1026,0.3666,-0.2566,-15.3971,0.0000,0.0000,0.0000,1,0,0,0,0,0.0002
12.8782,185.2042,0.0864,102.8924,0.0001,0.0002,0.0000,0.0001,0.0000,270.0621,0.0032,-0.1026,-0.1026,0.3666,-0.2566,-15.3971,0.0000,0.0000,0.0000,1,0,0,0,0,0.0002
12.9337,185.2042,0.0864,102.8924,0.0001,0.0002,0.0000,0.0001,0.0000,270.0623,0.0033,-0.1026,-0.1065,0.3666,-0.2566,-15.3971,0.0000,0.0000,0.0000,1,0,0,0,0,0.0002
12.9897,185.2042,0.0864,102.8924,0.0001,0.0002,0.0000,0.0001,0.0000,270.0625,0.0038,-0.1026,-0.1183,0.3666,-0.2566,-15.3971,0.0000,0.0000,0.0000,1,0,0,0,0,0.0002
13.0468,185.2043,0.0864,102.8924,0.0001,0.0002,0.0000,0.0001,0.0000,270.0627,0.0037,-0.1026,-0.1417,0.3666,-0.2566,-15.3971,0.0000,0.0000,0.0000,1,0,0,0,0,0.0002
13.1000,185.2042,0.0864,102.8923,0.0001,0.0002,0.0000,0.0001,0.0000,270.0629,0.0034,-0.1026,-0.1574,0.3666,-0.2566,-15.3971,0.0000,0.0000,0.0000,1,0,0,0,0,0.0002
13.1688,185.2042,0.0864,102.8924,0.0001,0.0002,0.0000,0.0001,0.0000,270.0631,0.0036,-0.1026,-0.2023,0.3666,-0.2566,-15.3971,0.0000,0.0000,0.0000,1,0,0,0,0,0.0002
13.2294,185.2042,0.0864,102.8924,0.0001,0.0002,0.0000,0.0001,0.0000,270.0633,0.0030,-0.1026,-0.2199,0.3666,-0.2566,-15.3971,0.0000,0.0000,0.0000,1,0,0,0,0,0.0002
13.2841,185.2042,0.0864,102.8924,0.0001,0.0002,0.0000,0.0001,0.0000,270.0635,0.0039,-0.1026,-0.2199,0.3666,-0.2566,-15.3971,0.0000,0.0000,0.0000,1,0,0,0,0,0.0002
13.3357,185.2042,0.0864,102.8924,0.0001,0.0002,0.0000,0.0001,0.0000,270.0637,0.0041,-0.1026,-0.2199,0.3666,-0.2566,-15.3971,0.0000,0.0000,0.0000,1,0,0,0,0,0.0002
13.3933,185.2042,0.0864,102.8924,0.0001,0.0002,0.0000,0.0001,0.0000,270.0639,0.0032,-0.1026,-0.2199,0.3666,-0.2566,-15.3971,0.0000,0.0000,0.0000,1,0,0,0,0,0.0002
13.4472,185.2042,0.0864,102.8924,0.0001,0.0002,0.0000,0.0001,0.0000,270.0641,0.0028,-0.1026,-0.2199,0.3666,-0.2566,-15.3971,0.0000,0.0000,0.0000,1,0,0,0,0,0.0002
13.5028,185.2042,0.0864,102.8924,0.0001,0.0002,0.0000,0.0001,0.0000,270.0643,0.0038,-0.1026,-0.2199,0.3666,-0.2566,-15.3971,0.0000,0.0000,0.0000,1,0,0,0,0,0.0002
13.5589,185.2042,0.0864,102.8924,0.0001,0.0002,0.0000,0.0001,0.0000,270.0645,0.0038,-0.1026,-0.2199,0.3666,-0.2566,-15.3971,0.0000,0.0000,0.0000,1,0,0,0,0,0.0002
13.6147,185.2042,0.0864,102.8924,0.0001,0.0002,0.0000,0.0001,0.0000,270.0647,0.0033,-0.1026,-0.2199,0.3666,-0.2566,-15.3971,0.0000,0.0000,0.0000,1,0,0,0,0,0.0002
13.6701,185.2042,0.0864,102.8924,0.0001,0.0002,0.0000,0.0001,0.0000,270.0649,0.0050,-0.1026,-0.2199,0.3666,-0.2566,-15.3971,0.0000,0.0000,0.0000,1,0,0,0,0,0.0003
13.7263,185.2042,0.0864,102.8924,0.0001,0.0002,0.0000,0.0001,0.0000,270.0652,0.0054,-0.1026,-0.2199,0.3666,-0.2566,-15.3971,0.0000,0.0000,0.0000,1,0,0,0,0,0.0003
13.7822,185.2042,0.0864,102.8924,0.0001,0.0002,0.0000,0.0001,0.0000,270.0656,0.0055,-0.1026,-0.2199,0.3666,-0.2566,-15.3971,0.0000,0.0000,0.0000,1,0,0,0,0,0.0003
13.8377,185.2042,0.0864,102.8923,0.0001,0.0002,0.0000,0.0001,0.0000,270.0659,0.0055,-0.1026,-0.2199,0.3666,-0.2566,-15.3971,0.0000,0.0000,0.0000,1,0,0,0,0,0.0003
13.8940,185.2042,0.0864,102.8924,0.0001,0.0002,0.0000,0.0001,0.0000,270.0662,0.0054,-0.1026,-0.2199,0.3666,-0.2566,-15.3971,0.0000,0.0000,0.0000,1,0,0,0,0,0.0003
13.9487,185.2042,0.0864,102.8923,0.0001,0.0002,0.0000,0.0001,0.0000,270.0665,0.0056,-0.1026,-0.2199,0.3666,-0.2566,-15.3971,0.0000,0.0000,0.0000,1,0,0,0,0,0.0003
14.0044,185.2042,0.0864,102.8924,0.0001,0.0002,0.0000,0.0001,0.0000,270.0668,0.0055,-0.1026,-0.2199,0.3666,-0.2566,-15.3971,0.0000,0.0000,0.0000,1,0,0,0,0,0.0003
14.0606,185.2042,0.0864,102.8924,0.0001,0.0002,0.0000,0.0001,0.0000,270.0671,0.0054,-0.1026,-0.2199,0.3666,-0.2566,-15.3971,0.0000,0.0000,0.0000,1,0,0,0,0,0.0003
14.1159,185.2043,0.0864,102.8923,0.0001,0.0002,0.0000,0.0001,0.0000,270.0674,0.0061,-0.1026,-0.2141,0.3666,-0.2566,-15.3971,0.0000,0.0000,0.0000,1,0,0,0,0,0.0003
14.1707,185.2042,0.0864,102.8924,0.0001,0.0002,0.0000,0.0001,0.0000,270.0677,0.0061,-0.1026,-0.2102,0.3666,-0.2566,-15.3971,0.0000,0.0000,0.0000,1,0,0,0,0,0.0003
14.2268,185.2042,0.0864,102.8923,0.0001,0.0002,0.0000,0.0001,0.0000,270.0681,0.0054,-0.1026,-0.2062,0.3666,-0.2566,-15.3971,0.0000,0.0000,0.0000,1,0,0,0,0,0.0003
14.2837,185.2042,0.0864,102.8924,0.0001,0.0002,0.0000,0.0001,0.0000,270.0684,0.0064,-0.1026,-0.1965,0.3666,-0.2566,-15.3971,0.0000,0.0000,0.0000,1,0,0,0,0,0.0004
14.3374,185.2042,0.0864,102.8924,0.0001,0.0002,0.0000,0.0001,0.0000,270.0687,0.0057,-0.1026,-0.2023,0.3666,-0.2566,-15.3971,0.0000,0.0000,0.0000,1,0,0,0,0,0.0003
14.3939,185.2042,0.0864,102.8923,0.0001,0.0002,0.0000,0.0001,0.0000,270.0690,0.0054,-0.1026,-0.1886,0.3666,-0.2566,-15.3971,0.0000,0.0000,0.0000,1,0,0,0,0,0.0003
14.4631,185.2042,0.0864,102.8924,0.0001,0.0002,0.0000,0.0001,0.0000,270.0695,0.0062,-0.1026,-0.2688,0.3666,-0.2566,-15.3971,0.0000,0.0000,0.0000,1,0,0,0,0,0.0003
14.5181,185.2042,0.0864,102.8924,0.0001,0.0002,0.0000,0.0001,0.0000,270.0698,0.0056,-0.1026,-0.1007,0.3666,-0.2566,-15.3971,0.0000,0.0000,0.0000,1,0,0,0,0,0.0003
14.5733,185.2042,0.0864,102.8924,0.0001,0.0002,0.0000,0.0001,0.0000,270.0700,0.0044,-0.1026,-0.0655,0.3666,-0.2566,-15.3971,0.0000,0.0000,0.0000,1,0,0,0,0,0.0002
14.6291,185.2042,0.0864,102.8924,0.0001,0.0002,0.0000,0.0001,0.0000,270.0703,0.0044,-0.1026,-0.0616,0.3666,-0.2566,-15.3971,0.0000,0.0000,0.0000,1,0,0,0,0,0.0002
14.6993,185.2043,0.0864,102.8924,0.0001,0.0002,0.0000,0.0001,0.0000,270.0706,0.0052,-0.1026,-0.0616,0.3666,-0.2566,-15.3971,0.0000,0.0000,0.0000,1,0,0,0,0,0.0003
14.7551,185.2042,0.0864,102.8924,0.0001,0.0002,0.0000,0.0001,0.0000,270.0709,0.0055,-0.1026,-0.0616,0.3666,-0.2566,-15.3971,0.0000,0.0000,0.0000,1,0,0,0,0,0.0003
14.8114,185.2042,0.0864,102.8923,0.0001,0.0002,0.0000,0.0001,0.0000,270.0712,0.0054,-0.1026,-0.0616,0.3666,-0.2566,-15.3971,0.0000,0.0000,0.0000,1,0,0,0,0,0.0003
14.8673,185.2042,0.0864,102.8923,0.0001,0.0002,0.0000,0.0001,0.0000,270.0715,0.0044,-0.1026,-0.0616,0.3666,-0.2566,-15.3971,0.0000,0.0000,0.0000,1,0,0,0,0,0.0002
14.9381,185.2042,0.0864,102.8924,0.0001,0.0002,0.0000,0.0001,0.0000,270.0718,0.0052,-0.1026,-0.0616,0.3666,-0.2566,-15.3971,0.0000,0.0000,0.0000,1,0,0,0,0,0.0003
14.9933,185.2043,0.0864,102.8924,0.0001,0.0002,0.0000,0.0001,0.0000,270.0721,0.0055,-0.1026,-0.0616,0.3666,-0.2566,-15.3971,0.0000,0.0000,0.0000,1,0,0,0,0,0.0003
15.0484,185.2042,0.0864,102.8924,0.0001,0.0002,0.0000,0.0001,0.0000,270.0724,0.0055,-0.1026,-0.0616,0.3666,-0.2566,-15.3971,0.0000,0.0000,0.0000,1,0,0,0,0,0.0003
15.1021,185.2042,0.0864,102.8924,0.0001,0.0002,0.0000,0.0001,0.0000,270.0727,0.0040,-0.1026,-0.0616,0.3666,-0.2566,-15.3971,0.0000,0.0000,0.0000,1,0,0,0,0,0.0002
15.1583,185.2042,0.0864,102.8924,0.0001,0.0002,0.0000,0.0001,0.0000,270.0728,0.0033,-0.1026,-0.0616,0.3666,-0.2566,-15.3971,0.0000,0.0000,0.0000,1,0,0,0,0,0.0002
15.2139,185.2042,0.0864,102.8924,0.0001,0.0002,0.0000,0.0001,0.0000,270.0731,0.0038,-0.1026,-0.0616,0.3666,-0.2566,-15.3971,0.0000,0.0000,0.0000,1,0,0,0,0,0.0002
15.2698,185.2042,0.0864,102.8924,0.0001,0.0002,0.0000,0.0001,0.0000,270.0732,0.0027,-0.1026,-0.0616,0.3666,-0.2566,-15.3971,0.0000,0.0000,0.0000,1,0,0,0,0,0.0002
15.3259,185.2042,0.0864,102.8924,0.0001,0.0002,0.0000,0.0001,0.0000,270.0734,0.0038,-0.1026,-0.0616,0.3666,-0.2566,-15.3971,0.0000,0.0000,0.0000,1,0,0,0,0,0.0002
15.3817,185.2042,0.0864,102.8924,0.0001,0.0002,0.0000,0.0001,0.0000,270.0736,0.0033,-0.1026,-0.0616,0.3666,-0.2566,-15.3971,0.0000,0.0000,0.0000,1,0,0,0,0,0.0002
15.4378,185.2042,0.0864,102.8924,0.0001,0.0002,0.0000,0.0001,0.0000,270.0738,0.0033,-0.1026,-0.0616,0.3666,-0.2566,-15.3971,0.0000,0.0000,0.0000,1,0,0,0,0,0.0002
15.4933,185.2042,0.0864,102.8924,0.0001,0.0002,0.0000,0.0001,0.0000,270.0740,0.0033,-0.1026,-0.0616,0.3666,-0.2566,-15.3971,0.0000,0.0000,0.0000,1,0,0,0,0,0.0002
15.5489,185.2042,0.0864,102.8923,0.0001,0.0002,0.0000,0.0001,0.0000,270.0742,0.0033,-0.1026,-0.0616,0.3666,-0.2566,-15.3971,0.0000,0.0000,0.0000,1,0,0,0,0,0.0002
15.6049,185.2042,0.0864,102.8924,0.0001,0.0002,0.0000,0.0001,0.0000,270.0743,0.0033,-0.1026,-0.0616,0.3666,-0.2566,-15.3971,0.0000,0.0000,0.0000,1,0,0,0,0,0.0002
15.6606,185.2042,0.0864,102.8924,0.0001,0.0002,0.0000,0.0001,0.0000,270.0745,0.0027,-0.1026,-0.0616,0.3666,-0.2566,-15.3971,0.0000,0.0000,0.0000,1,0,0,0,0,0.0002
15.7166,185.2042,0.0864,102.8924,0.0001,0.0002,0.0000,0.0001,0.0000,270.0747,0.0038,-0.1026,-0.0616,0.3666,-0.2566,-15.3971,0.0000,0.0000,0.0000,1,0,0,0,0,0.0002
15.7724,185.2042,0.0864,102.8924,0.0001,0.0002,0.0000,0.0001,0.0000,270.0749,0.0033,-0.1026,-0.0616,0.3666,-0.2566,-15.3971,0.0000,0.0000,0.0000,1,0,0,0,0,0.0002
15.8281,185.2042,0.0864,102.8924,0.0001,0.0002,0.0000,0.0001,0.0000,270.0751,0.0033,-0.1026,-0.0616,0.3666,-0.2566,-15.3971,0.0000,0.0000,0.0000,1,0,0,0,0,0.0002
15.8839,185.2042,0.0864,102.8924,0.0001,0.0002,0.0000,0.0001,0.0000,270.0753,0.0038,-0.1026,-0.0616,0.3666,-0.2566,-15.3971,0.0000,0.0000,0.0000,1,0,0,0,0,0.0002
15.9400,185.2042,0.0864,102.8924,0.0001,0.0002,0.0000,0.0001,0.0000,270.0756,0.0049,-0.1026,-0.0616,0.3666,-0.2566,-15.3971,0.0000,0.0000,0.0000,1,0,0,0,0,0.0003
15.9961,185.2042,0.0864,102.8924,0.0001,0.0002,0.0000,0.0001,0.0000,270.0759,0.0054,-0.1026,-0.0616,0.3666,-0.2566,-15.3971,0.0000,0.0000,0.0000,1,0,0,0,0,0.0003
16.0513,185.2042,0.0864,102.8924,0.0001,0.0002,0.0000,0.0001,0.0000,270.0761,0.0050,-0.1026,-0.0616,0.3666,-0.2566,-15.3971,0.0000,0.0000,0.0000,1,0,0,0,0,0.0003
16.1066,185.2042,0.0864,102.8924,0.0001,0.0002,0.0000,0.0001,0.0000,270.0764,0.0050,-0.1026,-0.0616,0.3666,-0.2566,-15.3971,0.0000,0.0000,0.0000,1,0,0,0,0,0.0003
16.1626,185.2042,0.0864,102.8923,0.0001,0.0002,0.0000,0.0001,0.0000,270.0767,0.0054,-0.1026,-0.0616,0.3666,-0.2566,-15.3971,0.0000,0.0000,0.0000,1,0,0,0,0,0.0003
16.2323,185.2042,0.0864,102.8923,0.0001,0.0002,0.0000,0.0001,0.0000,270.0770,0.0044,-0.1026,-0.0616,0.3666,-0.2566,-15.3971,0.0000,0.0000,0.0000,1,0,0,0,0,0.0002
16.2885,185.2042,0.0864,102.8924,0.0001,0.0002,0.0000,0.0001,0.0000,270.0773,0.0054,-0.1026,-0.0616,0.3666,-0.2566,-15.3971,0.0000,0.0000,0.0000,1,0,0,0,0,0.0003
16.3440,185.2042,0.0864,102.8924,0.0001,0.0002,0.0000,0.0001,0.0000,270.0776,0.0050,-0.1026,-0.0616,0.3666,-0.2566,-15.3971,0.0000,0.0000,0.0000,1,0,0,0,0,0.0003
16.3996,185.2043,0.0864,102.8924,0.0001,0.0002,0.0000,0.0001,0.0000,270.0779,0.0049,-0.1026,-0.0616,0.3666,-0.2566,-15.3971,0.0000,0.0000,0.0000,1,0,0,0,0,0.0003
16.4552,185.2042,0.0864,102.8924,0.0001,0.0002,0.0000,0.0001,0.0000,270.0782,0.0055,-0.1026,-0.0616,0.3666,-0.2566,-15.3971,0.0000,0.0000,0.0000,1,0,0,0,0,0.0003
16.5111,185.2042,0.0864,102.8924,0.0001,0.0002,0.0000,0.0001,0.0000,270.0785,0.0055,-0.1026,-0.0616,0.3666,-0.2566,-15.3971,0.0000,0.0000,0.0000,1,0,0,0,0,0.0003
16.5666,185.2042,0.0864,102.8924,0.0001,0.0002,0.0000,0.0001,0.0000,270.0788,0.0060,-0.1026,-0.0616,0.3666,-0.2566,-15.3971,0.0000,0.0000,0.0000,1,0,0,0,0,0.0003
16.6228,185.2042,0.0864,102.8924,0.0001,0.0002,0.0000,0.0001,0.0000,270.0792,0.0060,-0.1026,-0.0616,0.3666,-0.2566,-15.3971,0.0000,0.0000,0.0000,1,0,0,0,0,0.0003
16.6785,185.2042,0.0864,102.8924,0.0001,0.0002,0.0000,0.0001,0.0000,270.0795,0.0055,-0.1026,-0.0616,0.3666,-0.2566,-15.3971,0.0000,0.0000,0.0000,1,0,0,0,0,0.0003
16.7487,185.2042,0.0864,102.8924,0.0001,0.0002,0.0000,0.0001,0.0000,270.0799,0.0057,-0.1026,-0.0616,0.3666,-0.2566,-15.3971,0.0000,0.0000,0.0000,1,0,0,0,0,0.0003
16.8048,185.2042,0.0864,102.8924,0.0001,0.0002,0.0000,0.0001,0.0000,270.0802,0.0060,-0.1026,-0.0616,0.3666,-0.2566,-15.3971,0.0000,0.0000,0.0000,1,0,0,0,0,0.0003
16.8600,185.2042,0.0864,102.8924,0.0001,0.0002,0.0000,0.0001,0.0000,270.0805,0.0055,-0.1026,-0.0616,0.3666,-0.2566,-15.3971,0.0000,0.0000,0.0000,1,0,0,0,0,0.0003
16.9153,185.2042,0.0864,102.8924,0.0001,0.0002,0.0000,0.0001,0.0000,270.0808,0.0055,-0.1026,-0.0616,0.3666,-0.2566,-15.3971,0.0000,0.0000,0.0000,1,0,0,0,0,0.0003
16.9709,185.2042,0.0864,102.8924,0.0001,0.0002,0.0000,0.0001,0.0000,270.0811,0.0044,-0.1026,-0.0616,0.3666,-0.2566,-15.3971,0.0000,0.0000,0.0000,1,0,0,0,0,0.0002
17.0270,185.2042,0.0864,102.8924,0.0001,0.0002,0.0000,0.0001,0.0000,270.0814,0.0054,-0.1026,-0.0616,0.3666,-0.2566,-15.3971,0.0000,0.0000,0.0000,1,0,0,0,0,0.0003
17.0826,185.2042,0.0864,102.8924,0.0001,0.0002,0.0000,0.0001,0.0000,270.0817,0.0055,-0.1026,-0.0616,0.3666,-0.2566,-15.3971,0.0000,0.0000,0.0000,1,0,0,0,0,0.0003
17.1387,185.2042,0.0864,102.8924,0.0001,0.0002,0.0000,0.0001,0.0000,270.0820,0.0060,-0.1026,-0.0616,0.3666,-0.2566,-15.3971,0.0000,0.0000,0.0000,1,0,0,0,0,0.0003
17.1945,185.2043,0.0864,102.8924,0.0001,0.0002,0.0000,0.0001,0.0000,270.0823,0.0049,-0.1026,-0.0616,0.3666,-0.2566,-15.3971,0.0000,0.0000,0.0000,1,0,0,0,0,0.0003
17.2657,185.2043,0.0864,102.8924,0.0001,0.0002,0.0000,0.0001,0.0000,270.0826,0.0051,-0.1026,-0.0616,0.3666,-0.2566,-15.3971,0.0000,0.0000,0.0000,1,0,0,0,0,0.0003
17.3187,185.2043,0.0864,102.8924,0.0001,0.0002,0.0000,0.0001,0.0000,270.0829,0.0058,-0.1026,-0.0616,0.3666,-0.2566,-15.3971,0.0000,0.0000,0.0000,1,0,0,0,0,0.0003
17.3874,185.2042,0.0864,102.8923,0.0001,0.0002,0.0000,0.0001,0.0000,270.0833,0.0053,-0.1026,-0.0616,0.3666,-0.2566,-15.3971,0.0000,0.0000,0.0000,1,0,0,0,0,0.0003
17.4424,185.2042,0.0864,102.8924,0.0001,0.0002,0.0000,0.0001,0.0000,270.0836,0.0044,-0.1026,-0.0616,0.3666,-0.2566,-15.3971,0.0000,0.0000,0.0000,1,0,0,0,0,0.0002
17.4972,185.2042,0.0864,102.8924,0.0001,0.0002,0.0000,0.0001,0.0000,270.0838,0.0045,-0.1026,-0.0616,0.3666,-0.2566,-15.3971,0.0000,0.0000,0.0000,1,0,0,0,0,0.0002
17.5533,185.2042,0.0864,102.8924,0.0001,0.0002,0.0000,0.0001,0.0000,270.0840,0.0033,-0.1026,-0.0616,0.3666,-0.2566,-15.3971,0.0000,0.0000,0.0000,1,0,0,0,0,0.0002
17.6090,185.2042,0.0864,102.8923,0.0001,0.0002,0.0000,0.0001,0.0000,270.0842,0.0033,-0.1026,-0.0616,0.3666,-0.2566,-15.3971,0.0000,0.0000,0.0000,1,0,0,0,0,0.0002
17.6649,185.2043,0.0864,102.8924,0.0001,0.0002,0.0000,0.0001,0.0000,270.0844,0.0038,-0.1026,-0.0616,0.3666,-0.2566,-15.3971,0.0000,0.0000,0.0000,1,0,0,0,0,0.0002
17.7212,185.2042,0.0864,102.8924,0.0001,0.0002,0.0000,0.0001,0.0000,270.0846,0.0038,-0.1026,-0.0616,0.3666,-0.2566,-15.3971,0.0000,0.0000,0.0000,1,0,0,0,0,0.0002
17.8035,185.2042,0.0864,102.8924,0.0001,0.0002,0.0000,0.0001,0.0000,270.0849,0.0033,-0.1026,-0.0616,0.3666,-0.2566,-15.3971,0.0000,0.0000,0.0000,1,0,0,0,0,0.0002
17.8606,185.2042,0.0864,102.8924,0.0001,0.0002,0.0000,0.0001,0.0000,270.0851,0.0043,-0.1026,-0.0616,0.3666,-0.2566,-15.3971,0.0000,0.0000,0.0000,1,0,0,0,0,0.0002
17.9166,185.2042,0.0864,102.8924,0.0001,0.0002,0.0000,0.0001,0.0000,270.0853,0.0038,-0.1026,-0.0616,0.3666,-0.2566,-15.3971,0.0000,0.0000,0.0000,1,0,0,0,0,0.0002
17.9728,185.2042,0.0864,102.8924,0.0001,0.0002,0.0000,0.0001,0.0000,270.0855,0.0033,-0.1026,-0.0616,0.3666,-0.2566,-15.3971,0.0000,0.0000,0.0000,1,0,0,0,0,0.0002
18.0276,185.2042,0.0864,102.8924,0.0001,0.0002,0.0000,0.0001,0.0000,270.0857,0.0033,-0.1026,-0.0616,0.3666,-0.2566,-15.3971,0.0000,0.0000,0.0000,1,0,0,0,0,0.0002
18.0819,185.2042,0.0864,102.8924,0.0001,0.0002,0.0000,0.0001,0.0000,270.0859,0.0034,-0.1026,-0.0616,0.3666,-0.2566,-15.3971,0.0000,0.0000,0.0000,1,0,0,0,0,0.0002
18.1381,185.2042,0.0864,102.8924,0.0001,0.0002,0.0000,0.0001,0.0000,270.0861,0.0043,-0.1026,-0.0616,0.3666,-0.2566,-15.3971,0.0000,0.0000,0.0000,1,0,0,0,0,0.0002
18.1937,185.2042,0.0864,102.8924,0.0001,0.0002,0.0000,0.0001,0.0000,270.0863,0.0033,-0.1026,-0.0616,0.3666,-0.2566,-15.3971,0.0000,0.0000,0.0000,1,0,0,0,0,0.0002
18.2492,185.2042,0.0864,102.8924,0.0001,0.0002,0.0000,0.0001,0.0000,270.0865,0.0044,-0.1026,-0.0596,0.3666,-0.2566,-15.3971,0.0000,0.0000,0.0000,1,0,0,0,0,0.0002
18.3182,185.2042,0.0864,102.8924,0.0001,0.0002,0.0000,0.0001,0.0000,270.0869,0.0053,-0.1026,-0.0538,0.3666,-0.2566,-15.3971,0.0000,0.0000,0.0000,1,0,0,0,0,0.0003
18.3749,185.2042,0.0864,102.8924,0.0001,0.0002,0.0000,0.0001,0.0000,270.0872,0.0054,-0.1026,-0.0303,0.3666,-0.2566,-15.3971,0.0000,0.0000,0.0000,1,0,0,0,0,0.0003
18.4303,185.2042,0.0864,102.8924,0.0001,0.0002,0.0000,0.0001,0.0000,270.0875,0.0055,-0.1026,-0.0088,0.3666,-0.2566,-15.3971,0.0000,0.0000,0.0000,1,0,0,0,0,0.0003
18.4852,185.2042,0.0864,102.8924,0.0001,0.0002,0.0000,0.0001,0.0002,270.0874,-0.0028,-0.1026,0.0088,0.3666,-0.2566,-15.3971,0.0000,0.0056,0.0000,1,0,0,0,0,0.0002
18.5412,185.2042,0.0864,102.8924,0.0001,0.0004,0.0000,0.0001,0.0007,270.0843,-0.0556,-0.1026,0.0225,0.3666,-0.2566,-15.3971,0.0000,0.0273,0.0000,1,0,0,0,0,0.0031
18.5966,185.2042,0.0864,102.8924,0.0002,0.0005,0.0000,0.0002,0.0008,270.0767,-0.1371,-0.1026,0.0362,0.3666,-0.2566,-15.3971,0.0000,0.0539,0.0000,1,0,0,0,0,0.0076
18.6529,185.2042,0.0864,102.8924,0.0000,0.0001,0.0000,0.0000,-0.0023,270.0642,-0.2219,-0.1026,0.0381,0.3666,-0.2566,-15.3971,0.0000,0.0750,0.0000,1,0,0,0,0,0.0123
18.7092,185.2042,0.0864,102.8924,0.0000,0.0001,0.0000,0.0000,0.0002,270.0484,-0.2797,-0.1026,0.0381,0.3666,-0.2566,-15.3971,0.0000,0.0854,0.0000,1,0,0,0,0,0.0155
18.7640,185.2042,0.0864,102.8924,0.0000,0.0001,0.0000,0.0000,-0.0001,270.0328,-0.2849,-0.1026,0.0342,0.3666,-0.2566,-15.3971,0.0000,0.0798,0.0000,1,0,0,0,0,0.0158
18.8332,185.2042,0.0864,102.8924,0.0000,0.0002,0.0000,0.0000,0.0002,270.0126,-0.2919,-0.1026,0.0401,0.3666,-0.2566,-15.3971,0.0000,0.0912,0.0000,1,0,0,0,0,0.0162
18.8891,185.2042,0.0864,102.8924,0.0000,0.0002,0.0000,0.0000,0.0000,269.9952,-0.3117,-0.1026,0.0381,0.3666,-0.2566,-15.3971,0.0000,0.0907,0.0000,1,0,0,0,0,0.0173
18.9446,185.2042,0.0864,102.8924,0.0000,0.0002,0.0000,0.0000,0.0001,269.9773,-0.3224,-0.1026,0.0401,0.3666,-0.2566,-15.3971,0.0000,0.0943,0.0000,1,0,0,0,0,0.0179
19.0017,185.2042,0.0864,102.8924,0.0001,0.0002,0.0000,0.0000,0.0001,269.9588,-0.3244,-0.1026,0.0401,0.3666,-0.2566,-15.3971,0.0000,0.0973,0.0000,1,0,0,0,0,0.0180
19.0577,185.2043,0.0864,102.8924,0.0001,0.0002,0.0000,0.0001,0.0000,269.9399,-0.3375,-0.1026,0.0401,0.3666,-0.2566,-15.3971,0.0000,0.0988,0.0000,1,0,0,0,0,0.0188
19.1131,185.2042,0.0864,102.8924,0.0001,0.0002,0.0000,0.0001,0.0000,269.9207,-0.3467,-0.1026,0.0401,0.3666,-0.2566,-15.3971,0.0000,0.0995,0.0000,1,0,0,0,0,0.0193
19.1689,185.2042,0.0864,102.8924,0.0001,0.0002,0.0000,0.0001,0.0000,269.9012,-0.3481,-0.1026,0.0401,0.3666,-0.2566,-15.3971,0.0000,0.0998,0.0000,1,0,0,0,0,0.0193
19.2244,185.2042,0.0864,102.8924,0.0001,0.0002,0.0000,0.0001,0.0000,269.8819,-0.3476,-0.1026,0.0401,0.3666,-0.2566,-15.3971,0.0000,0.1000,0.0000,1,0,0,0,0,0.0193
19.2806,185.2042,0.0864,102.8924,0.0001,0.0002,0.0000,0.0001,0.0000,269.8625,-0.3453,-0.1026,0.0401,0.3666,-0.2566,-15.3971,0.0000,0.1001,0.0000,1,0,0,0,0,0.0192
19.3649,185.2042,0.0864,102.8924,0.0001,0.0002,0.0000,0.0001,0.0000,269.8315,-0.3676,-0.1026,0.0401,0.3666,-0.2566,-15.3971,0.0000,0.1001,0.0000,1,0,0,0,0,0.0204
19.4347,185.2042,0.0864,102.8924,0.0001,0.0002,0.0000,0.0001,0.0000,269.8083,-0.3323,-0.1026,0.0401,0.3666,-0.2566,-15.3971,0.0000,0.1002,0.0000,1,0,0,0,0,0.0185
19.4885,185.2042,0.0864,102.8924,0.0001,0.0002,0.0000,0.0001,0.0000,269.7891,-0.3588,-0.1026,0.0381,0.3666,-0.2566,-15.3971,0.0000,0.0990,0.0000,1,0,0,0,0,0.0199
19.5449,185.2042,0.0864,102.8924,0.0001,0.0002,0.0000,0.0000,0.0000,269.7702,-0.3343,-0.1026,0.0401,0.3666,-0.2566,-15.3971,0.0000,0.0977,0.0000,1,0,0,0,0,0.0186
19.6001,185.2042,0.0864,102.8924,0.0001,0.0002,0.0000,0.0001,0.0000,269.7511,-0.3451,-0.1026,0.0401,0.3666,-0.2566,-15.3971,0.0000,0.0990,0.0000,1,0,0,0,0,0.0192
19.6671,185.2043,0.0864,102.8924,0.0001,0.0002,0.0000,0.0001,0.0000,269.7280,-0.3447,-0.1026,0.0401,0.3666,-0.2566,-15.3971,0.0000,0.0997,0.0000,1,0,0,0,0,0.0192
19.7230,185.2042,0.0864,102.8924,0.0001,0.0002,0.0000,0.0001,0.0000,269.7086,-0.3472,-0.1026,0.0401,0.3666,-0.2566,-15.3971,0.0000,0.0999,0.0000,1,0,0,0,0,0.0193
19.7805,185.2042,0.0864,102.8924,0.0001,0.0002,0.0000,0.0000,0.0000,269.6854,-0.4042,-0.1026,0.0362,0.3666,-0.2566,-15.3971,0.0000,0.0978,0.0000,1,0,0,0,0,0.0225
19.8375,185.2042,0.0864,102.8924,0.0001,0.0003,0.0000,0.0001,0.0005,269.6640,-0.3746,-0.1026,0.0616,0.3666,-0.2566,-15.3971,0.0000,0.1207,0.0000,1,0,0,0,0,0.0208
19.9035,185.2042,0.0864,102.8924,0.0001,0.0004,0.0000,0.0001,0.0006,269.6312,-0.4973,-0.1026,0.0753,0.3666,-0.2566,-15.3971,0.0000,0.1551,0.0000,1,0,0,0,0,0.0276
19.9632,185.2042,0.0864,102.8924,0.0002,0.0006,0.0000,0.0002,0.0006,269.5970,-0.5727,-0.1026,0.0890,0.3666,-0.2566,-15.3971,0.0000,0.1875,0.0000,1,0,0,0,0,0.0318
20.0140,185.2042,0.0864,102.8923,0.0002,0.0006,0.0000,0.0002,0.0004,269.5585,-0.7581,-0.1026,0.0870,0.3666,-0.2566,-15.3971,0.0000,0.2036,0.0000,1,0,0,0,0,0.0421
20.0727,185.2042,0.0864,102.8923,0.0002,0.0006,0.0000,0.0002,0.0000,269.5203,-0.6512,-0.1026,0.0948,0.3666,-0.2566,-15.3971,0.0000,0.2026,0.0000,1,0,0,0,0,0.0362
20.1278,185.2042,0.0864,102.8923,0.0002,0.0008,-0.0001,0.0002,0.0009,269.4756,-0.8114,-0.1026,0.1046,0.3666,-0.2566,-15.3971,0.0000,0.2423,0.0000,1,0,0,0,0,0.0451
20.1830,185.2042,0.0864,102.8922,0.0003,0.0010,-0.0001,0.0003,0.0010,269.4236,-0.9404,-0.1026,0.1398,0.3666,-0.2566,-15.3971,0.0000,0.2869,0.0000,1,0,0,0,0,0.0522
20.2409,185.2042,0.0864,102.8922,0.0003,0.0012,-0.0001,0.0003,0.0011,269.3616,-1.0711,-0.1026,0.1770,0.3666,-0.2566,-15.3971,0.0000,0.3431,0.0000,1,0,0,0,0,0.0595
20.2950,185.2042,0.0864,102.8922,0.0004,0.0014,-0.0001,0.0004,0.0009,269.2874,-1.3723,-0.1026,0.1183,0.3666,-0.2566,-15.3971,0.0000,0.3828,0.0000,1,0,0,0,0,0.0762
20.3652,185.2042,0.0864,102.8921,0.0004,0.0013,-0.0001,0.0003,-0.0005,269.2037,-1.1926,-0.1026,0.1476,0.3666,-0.2566,-15.3971,0.0000,0.3541,0.0000,1,0,0,0,0,0.0663
20.4222,185.2042,0.0864,102.8921,0.0005,0.0017,-0.0001,0.0005,0.0023,269.1212,-1.4483,-0.1026,0.2434,0.3666,-0.2566,-15.3971,0.0000,0.4637,0.0000,1,0,0,0,0,0.0805
20.4774,185.2042,0.0864,102.8920,0.0006,0.0021,-0.0001,0.0006,0.0017,269.0212,-1.8114,-0.1026,0.2669,0.3666,-0.2566,-15.3971,0.0000,0.5434,0.0000,1,0,0,0,0,0.1006
20.5331,185.2042,0.0864,102.8919,0.0010,0.0036,0.0001,0.0010,0.0075,268.8921,-2.3166,-0.1026,0.3861,0.3666,-0.2566,-15.3971,0.0000,0.7276,0.0000,1,0,0,0,0,0.1287
20.5882,185.2042,0.0864,102.8918,0.0014,0.0049,0.0003,0.0013,0.0066,268.7297,-2.9479,-0.1026,0.3979,0.3666,-0.2566,-15.3971,0.0000,0.8555,0.0000,1,0,0,0,0,0.1638
20.6444,185.2041,0.0864,102.8916,0.0033,0.0119,0.0030,0.0013,0.0345,268.5477,-3.2363,-0.1026,0.4194,0.3666,-0.2566,-15.3971,0.0000,0.9293,0.0000,1,0,0,0,0,0.1798
20.7007,185.2031,0.0864,102.8914,0.0306,0.1101,0.0306,0.0012,0.4852,268.3603,-3.3318,-0.1026,0.3998,0.3666,-0.2566,-15.3971,0.0000,0.9653,0.0000,1,0,0,0,0,0.1851
20.7564,185.2002,0.0864,102.8912,0.0609,0.2193,0.0609,0.0013,0.5436,268.1716,-3.3824,-0.1026,0.3099,0.3666,-0.2566,-15.3971,0.0000,0.9253,0.0000,1,0,0,0,0,0.1879
20.8125,185.1971,0.0864,102.8910,0.0536,0.1931,0.0536,0.0013,-0.1299,267.9925,-3.1970,-0.1026,0.3979,0.3666,-0.2566,-15.3971,0.0000,0.9163,0.0000,1,0,0,0,0,0.1776
20.8660,185.1937,0.0864,102.8907,0.0749,0.2696,0.0749,0.0014,0.3971,267.8056,-3.4896,-0.1026,0.4213,0.3666,-0.2566,-15.3971,0.0000,0.9590,0.0000,1,0,0,0,0,0.1939
20.9222,185.1882,0.0864,102.8903,0.1167,0.4202,0.1167,0.0016,0.7446,267.6122,-3.4418,-0.1026,0.4311,0.3666,-0.2566,-15.3971,0.0000,0.9800,0.0000,1,0,0,0,0,0.1912
20.9940,185.1772,0.0864,102.8896,0.1909,0.6873,0.1909,0.0018,1.0336,267.3342,-3.8738,-0.1026,0.4292,0.3666,-0.2566,-15.3971,0.0000,0.9926,0.0000,1,0,0,0,0,0.2152
21.0477,185.1655,0.0864,102.8889,0.2489,0.8959,0.2489,0.0019,1.0786,267.1316,-3.7719,-0.1026,0.4252,0.3666,-0.2566,-15.3971,0.0000,0.9964,0.0000,1,0,0,0,0,0.2095
21.1032,185.1503,0.0864,102.8880,0.3086,1.1111,0.3086,0.0020,1.0775,266.9263,-3.6995,-0.1026,0.4057,0.3666,-0.2566,-15.3971,0.0000,0.9982,0.0000,1,0,0,0,0,0.2055
21.1592,185.1315,0.0864,102.8868,0.3693,1.3294,0.3693,0.0021,1.0826,266.7184,-3.7115,-0.1026,0.4037,0.3666,-0.2566,-15.3971,0.0000,0.9991,0.0000,1,0,0,0,0,0.2062
21.2278,185.1064,0.0864,102.8850,0.2982,1.0734,0.2982,0.0022,-1.0368,266.5051,-3.1095,-0.1026,-0.3216,0.3666,-0.2566,-15.3971,0.0000,0.6096,0.0000,1,0,0,0,0,0.1728
21.2847,185.0985,0.0864,102.8844,0.0005,0.0017,-0.0001,0.0005,-5.2325,266.4171,-1.5454,-0.1026,-0.9218,0.3666,-0.2566,-15.3971,0.0000,0.2983,0.0000,1,0,0,0,0,0.0859
21.3419,185.0985,0.0864,102.8844,0.0001,0.0004,0.0000,0.0001,-0.0063,266.3786,-0.6736,-0.1026,-0.9824,0.3666,-0.2566,-15.3971,0.0000,0.1460,0.0000,1,0,0,0,0,0.0374
21.3963,185.0985,0.0864,102.8844,0.0000,0.0001,0.0000,0.0000,-0.0016,266.3599,-0.3447,-0.1026,-0.9902,0.3666,-0.2566,-15.3971,0.0000,0.0714,0.0000,1,0,0,0,0,0.0191
21.4636,185.0985,0.0864,102.8844,0.0001,0.0003,0.0000,0.0001,0.0010,266.3501,-0.1448,-0.1026,-0.9902,0.3666,-0.2566,-15.3971,0.0000,0.0303,0.0000,1,0,0,0,0,0.0080
21.5211,185.0985,0.0864,102.8844,0.0001,0.0003,0.0000,0.0001,-0.0002,266.3467,-0.0600,-0.1026,-0.9902,0.3666,-0.2566,-15.3971,0.0000,0.0148,0.0000,1,0,0,0,0,0.0033
21.5770,185.0985,0.0864,102.8844,0.0001,0.0003,0.0000,0.0001,-0.0001,266.3451,-0.0278,-0.1026,-0.9902,0.3666,-0.2566,-15.3971,0.0000,0.0073,0.0000,1,0,0,0,0,0.0015
21.6321,185.0985,0.0864,102.8844,0.0001,0.0002,0.0000,0.0001,-0.0001,266.3445,-0.0122,-0.1026,-0.9902,0.3666,-0.2566,-15.3971,0.0000,0.0035,0.0000,1,0,0,0,0,0.0007
21.6886,185.0985,0.0864,102.8844,0.0001,0.0002,0.0000,0.0001,0.0000,266.3443,-0.0032,-0.1026,-0.9902,0.3666,-0.2566,-15.3971,0.0000,0.0017,0.0000,1,0,0,0,0,0.0002
21.7431,185.0985,0.0864,102.8844,0.0001,0.0002,0.0000,0.0001,0.0000,266.3444,0.0017,-0.1026,-0.9902,0.3666,-0.2566,-15.3971,0.0000,0.0008,0.0000,1,0,0,0,0,0.0001
21.7983,185.0985,0.0864,102.8844,0.0001,0.0002,0.0000,0.0001,0.0000,266.3444,0.0000,-0.1026,-0.9902,0.3666,-0.2566,-15.3971,0.0000,0.0004,0.0000,1,0,0,0,0,0.0000
21.8553,185.0985,0.0864,102.8844,0.0001,0.0002,0.0000,0.0001,0.0000,266.3447,0.0054,-0.1026,-0.9902,0.3666,-0.2566,-15.3971,0.0000,0.0002,0.0000,1,0,0,0,0,0.0003
21.9121,185.0985,0.0864,102.8844,0.0001,0.0002,0.0000,0.0001,0.0000,266.3450,0.0064,-0.1026,-0.9902,0.3666,-0.2566,-15.3971,0.0000,0.0001,0.0000,1,0,0,0,0,0.0004
21.9672,185.0985,0.0864,102.8844,0.0001,0.0002,0.0000,0.0001,0.0000,266.3453,0.0055,-0.1026,-0.9902,0.3666,-0.2566,-15.3971,0.0000,0.0000,0.0000,1,0,0,0,0,0.0003
22.0232,185.0985,0.0864,102.8844,0.0001,0.0002,0.0000,0.0001,0.0000,266.3456,0.0055,-0.1026,-0.9902,0.3666,-0.2566,-15.3971,0.0000,0.0000,0.0000,1,0,0,0,0,0.0003
22.0930,185.0985,0.0864,102.8844,0.0001,0.0002,0.0000,0.0001,0.0000,266.3460,0.0052,-0.1026,-0.9902,0.3666,-0.2566,-15.3971,0.0000,0.0000,0.0000,1,0,0,0,0,0.0003
22.1612,185.0985,0.0864,102.8844,0.0001,0.0002,0.0000,0.0001,0.0000,266.3464,0.0054,-0.1026,-0.9902,0.3666,-0.2566,-15.3971,0.0000,0.0000,0.0000,1,0,0,0,0,0.0003
22.2168,185.0985,0.0864,102.8844,0.0001,0.0004,0.0000,0.0001,0.0007,266.3436,-0.0494,-0.1026,0.0851,0.3666,-0.2566,-15.3971,0.0000,0.0529,0.0000,1,0,0,0,0,0.0027
22.2717,185.0985,0.0864,102.8843,0.0006,0.0020,-0.0001,0.0005,0.0084,266.2715,-1.3126,-0.1026,0.5973,0.3666,-0.2566,-15.3971,0.0000,0.5358,0.0000,1,0,0,0,0,0.0729
22.3283,185.0985,0.0864,102.8842,0.0011,0.0040,0.0002,0.0011,0.0098,266.1345,-2.4208,-0.1026,0.6500,0.3666,-0.2566,-15.3971,0.0000,0.7728,0.0000,1,0,0,0,0,0.1345
22.3842,185.0984,0.0864,102.8841,0.0015,0.0052,0.0004,0.0014,0.0060,265.9639,-3.0565,-0.1026,0.6638,0.3666,-0.2566,-15.3971,0.0000,0.8888,0.0000,1,0,0,0,0,0.1698
22.4843,185.0972,0.0864,102.8837,0.0371,0.1335,0.0371,0.0012,0.3557,265.6277,-3.3562,-0.1026,0.6677,0.3666,-0.2566,-15.3971,0.0000,0.9693,0.0000,1,0,0,0,0,0.1865
22.5383,185.0940,0.0864,102.8833,0.0838,0.3018,0.0838,0.0014,0.8661,265.4343,-3.5818,-0.1026,0.6696,0.3666,-0.2566,-15.3971,0.0000,0.9850,0.0000,1,0,0,0,0,0.1990
22.6067,185.0860,0.0864,102.8825,0.1495,0.5381,0.1495,0.0016,0.9598,265.1971,-3.4692,-0.1026,0.6520,0.3666,-0.2566,-15.3971,0.0000,0.9936,0.0000,1,0,0,0,0,0.1927
22.6634,185.0759,0.0864,102.8814,0.2079,0.7485,0.2079,0.0018,1.0303,264.9961,-3.5429,-0.1026,0.6266,0.3666,-0.2566,-15.3971,0.0000,0.9969,0.0000,1,0,0,0,0,0.1968
22.7182,185.0628,0.0864,102.8801,0.2679,0.9644,0.2679,0.0019,1.0945,264.7923,-3.7194,-0.1026,0.5582,0.3666,-0.2566,-15.3971,0.0000,0.9985,0.0000,1,0,0,0,0,0.2066
22.7748,185.0458,0.0864,102.8783,0.3287,1.1831,0.3286,0.0020,1.0739,264.5860,-3.6471,-0.1026,0.4897,0.3666,-0.2566,-15.3971,0.0000,0.9993,0.0000,1,0,0,0,0,0.2026
22.8304,185.0258,0.0864,102.8762,0.3897,1.4029,0.3897,0.0021,1.0971,264.3772,-3.7520,-0.1026,0.3979,0.3666,-0.2566,-15.3971,0.0000,0.9989,0.0000,1,0,0,0,0,0.2084
22.8870,185.0024,0.0864,102.8737,0.4276,1.5393,0.4276,0.0021,0.6698,264.1723,-3.6238,-0.1026,0.3177,0.3666,-0.2566,-15.3971,0.0000,0.9336,0.0000,1,0,0,0,0,0.2013
22.9444,184.9790,0.0864,102.8710,0.3674,1.3226,0.3674,0.0022,-1.0474,263.9542,-3.7969,-0.1026,0.2395,0.3666,-0.2566,-15.3971,0.0000,0.7769,0.0000,1,0,0,0,0,0.2109
23.0124,184.9595,0.0864,102.8687,0.1642,0.5913,0.1642,0.0019,-2.9872,263.7793,-2.5714,-0.1026,0.1945,0.3666,-0.2566,-15.3971,0.0000,0.6192,0.0000,1,0,0,0,0,0.1429
23.0803,184.9559,0.0864,102.8682,0.0005,0.0018,-0.0001,0.0005,-2.4124,263.6508,-1.8928,-0.1026,0.1378,0.3666,-0.2566,-15.3971,0.0000,0.4736,0.0000,1,0,0,0,0,0.1052
23.1355,184.9559,0.0864,102.8681,0.0004,0.0014,-0.0001,0.0004,-0.0018,263.5687,-1.4869,-0.1026,0.1203,0.3666,-0.2566,-15.3971,0.0000,0.3909,0.0000,1,0,0,0,0,0.0826
23.1923,184.9559,0.0864,102.8681,0.0003,0.0012,-0.0001,0.0003,-0.0013,263.4998,-1.2132,-0.1026,0.1026,0.3666,-0.2566,-15.3971,0.0000,0.3302,0.0000,1,0,0,0,0,0.0674
23.2476,184.9559,0.0864,102.8681,0.0003,0.0009,-0.0001,0.0003,-0.0011,263.4417,-1.0529,-0.1026,0.0812,0.3666,-0.2566,-15.3971,0.0000,0.2775,0.0000,1,0,0,0,0,0.0585
23.3029,184.9559,0.0864,102.8680,0.0002,0.0007,0.0000,0.0002,-0.0011,263.3941,-0.8584,-0.1026,0.0655,0.3666,-0.2566,-15.3971,0.0000,0.2245,0.0000,1,0,0,0,0,0.0477
23.3591,184.9559,0.0864,102.8680,0.0001,0.0005,0.0000,0.0001,-0.0009,263.3558,-0.6814,-0.1026,0.0499,0.3666,-0.2566,-15.3971,0.0000,0.1795,0.0000,1,0,0,0,0,0.0379
23.4295,184.9559,0.0864,102.8680,0.0001,0.0003,0.0000,0.0001,-0.0008,263.3208,-0.4980,-0.1026,0.0401,0.3666,-0.2566,-15.3971,0.0000,0.1345,0.0000,1,0,0,0,0,0.0277
23.4843,184.9559,0.0864,102.8680,0.0001,0.0002,0.0000,0.0001,-0.0007,263.2985,-0.4059,-0.1026,0.0186,0.3666,-0.2566,-15.3971,0.0000,0.1005,0.0000,1,0,0,0,0,0.0226
23.5400,184.9559,0.0864,102.8680,0.0001,0.0002,0.0000,0.0001,0.0002,263.2839,-0.2631,-0.1026,0.0108,0.3666,-0.2566,-15.3971,0.0000,0.0636,0.0000,1,0,0,0,0,0.0146
23.6091,184.9559,0.0864,102.8680,0.0001,0.0002,0.0000,0.0001,0.0000,263.2731,-0.1563,-0.1026,0.0088,0.3666,-0.2566,-15.3971,0.0000,0.0396,0.0000,1,0,0,0,0,0.0087
23.6658,184.9559,0.0864,102.8680,0.0001,0.0002,0.0000,0.0001,0.0000,263.2657,-0.1292,-0.1026,0.0088,0.3666,-0.2566,-15.3971,0.0000,0.0295,0.0000,1,0,0,0,0,0.0072
23.7216,184.9559,0.0864,102.8680,0.0001,0.0002,0.0000,0.0001,0.0000,263.2610,-0.0854,-0.1026,0.0069,0.3666,-0.2566,-15.3971,0.0000,0.0235,0.0000,1,0,0,0,0,0.0047
23.7781,184.9559,0.0864,102.8680,0.0001,0.0002,0.0000,0.0001,0.0000,263.2559,-0.0908,-0.1026,0.0245,0.3666,-0.2566,-15.3971,0.0000,0.0353,0.0000,1,0,0,0,0,0.0050
23.8452,184.9559,0.0864,102.8680,0.0000,0.0002,0.0000,0.0000,-0.0004,263.2407,-0.2256,-0.1026,0.0596,0.3666,-0.2566,-15.3971,0.0000,0.0909,0.0000,1,0,0,0,0,0.0125
23.9003,184.9559,0.0864,102.8680,0.0001,0.0004,0.0000,0.0001,0.0014,263.2152,-0.4628,-0.1026,0.0929,0.3666,-0.2566,-15.3971,0.0000,0.1576,0.0000,1,0,0,0,0,0.0257
23.9552,184.9559,0.0864,102.8680,0.0002,0.0008,-0.0001,0.0002,0.0018,263.1743,-0.7444,-0.1026,0.1339,0.3666,-0.2566,-15.3971,0.0000,0.2427,0.0000,1,0,0,0,0,0.0414
24.0126,184.9559,0.0864,102.8679,0.0003,0.0012,-0.0001,0.0003,0.0020,263.1157,-1.0218,-0.1026,0.1867,0.3666,-0.2566,-15.3971,0.0000,0.3399,0.0000,1,0,0,0,0,0.0568
24.0826,184.9559,0.0864,102.8679,0.0004,0.0016,-0.0001,0.0004,0.0015,263.0228,-1.3269,-0.1026,0.2063,0.3666,-0.2566,-15.3971,0.0000,0.4315,0.0000,1,0,0,0,0,0.0737
24.1386,184.9559,0.0864,102.8678,0.0005,0.0019,-0.0001,0.0005,0.0015,262.9304,-1.6485,-0.1026,0.2395,0.3666,-0.2566,-15.3971,0.0000,0.5020,0.0000,1,0,0,0,0,0.0916
24.1944,184.9559,0.0864,102.8678,0.0006,0.0023,-0.0002,0.0006,0.0018,262.8226,-1.9340,-0.1026,0.2825,0.3666,-0.2566,-15.3971,0.0000,0.5872,0.0000,1,0,0,0,0,0.1074
24.2503,184.9559,0.0864,102.8677,0.0009,0.0031,0.0001,0.0009,0.0042,262.6959,-2.2666,-0.1026,0.3197,0.3666,-0.2566,-15.3971,0.0000,0.6794,0.0000,1,0,0,0,0,0.1259
24.3059,184.9559,0.0864,102.8675,0.0012,0.0042,0.0002,0.0011,0.0052,262.5477,-2.6632,-0.1026,0.3686,0.3666,-0.2566,-15.3971,0.0000,0.7846,0.0000,1,0,0,0,0,0.1480
24.3616,184.9558,0.0864,102.8674,0.0014,0.0052,0.0004,0.0014,0.0050,262.3781,-3.0464,-0.1026,0.4096,0.3666,-0.2566,-15.3971,0.0000,0.8816,0.0000,1,0,0,0,0,0.1692
24.4173,184.9556,0.0864,102.8672,0.0082,0.0297,0.0082,0.0012,0.1223,262.1935,-3.3137,-0.1026,0.4448,0.3666,-0.2566,-15.3971,0.0000,0.9420,0.0000,1,0,0,0,0,0.1841
24.4760,184.9541,0.0864,102.8668,0.0505,0.1820,0.0505,0.0013,0.7210,261.9662,-3.8745,-0.1026,0.4800,0.3666,-0.2566,-15.3971,0.0000,0.9754,0.0000,1,0,0,0,0,0.2153
24.5297,184.9504,0.0864,102.8662,0.0897,0.3230,0.0897,0.0015,0.7294,261.8108,-2.8932,-0.1026,0.4995,0.3666,-0.2566,-15.3971,0.0000,0.9861,0.0000,1,0,0,0,0,0.1607
24.5986,184.9417,0.0864,102.8647,0.1676,0.6033,0.1676,0.0017,1.1293,261.5331,-4.0273,-0.1026,0.5171,0.3666,-0.2566,-15.3971,0.0000,0.9949,0.0000,1,0,0,0,0,0.2237
24.6545,184.9311,0.0864,102.8630,0.2266,0.8158,0.2266,0.0019,1.0567,261.3313,-3.6124,-0.1026,0.5386,0.3666,-0.2566,-15.3971,0.0000,0.9975,0.0000,1,0,0,0,0,0.2007
24.7089,184.9179,0.0864,102.8607,0.2318,0.8346,0.2318,0.0020,0.0958,261.1415,-3.4919,-0.1026,-0.0264,0.3666,-0.2566,-15.3971,0.0000,0.7501,0.0000,1,0,0,0,0,0.1940
24.7644,184.9107,0.0864,102.8595,0.0005,0.0017,-0.0001,0.0005,-4.1619,261.0371,-1.8781,-0.1026,-0.8299,0.3666,-0.2566,-15.3971,0.0000,0.3671,0.0000,1,0,0,0,0,0.1043
24.8202,184.9108,0.0864,102.8594,0.0002,0.0007,0.0000,0.0002,-0.0051,260.9875,-0.8889,-0.1026,0.0557,0.3666,-0.2566,-15.3971,0.0000,0.2142,0.0000,1,0,0,0,0,0.0494
24.8774,184.9107,0.0864,102.8594,0.0006,0.0022,-0.0001,0.0006,0.0075,260.9037,-1.4661,-0.1026,0.5132,0.3666,-0.2566,-15.3971,0.0000,0.5776,0.0000,1,0,0,0,0,0.0814
24.9339,184.9107,0.0864,102.8593,0.0012,0.0042,0.0002,0.0012,0.0100,260.7607,-2.5321,-0.1026,0.5973,0.3666,-0.2566,-15.3971,0.0000,0.7933,0.0000,1,0,0,0,0,0.1407
24.9872,184.9107,0.0864,102.8591,0.0015,0.0053,0.0004,0.0014,0.0057,260.5871,-3.2527,-0.1026,0.6247,0.3666,-0.2566,-15.3971,0.0000,0.8989,0.0000,1,0,0,0,0,0.1807
25.0442,184.9104,0.0864,102.8589,0.0138,0.0497,0.0138,0.0012,0.2164,260.4012,-3.2659,-0.1026,0.6325,0.3666,-0.2566,-15.3971,0.0000,0.9505,0.0000,1,0,0,0,0,0.1814
25.1000,184.9089,0.0864,102.8585,0.0514,0.1852,0.0514,0.0013,0.6742,260.2112,-3.4025,-0.1026,0.6325,0.3666,-0.2566,-15.3971,0.0000,0.9758,0.0000,1,0,0,0,0,0.1890
25.1547,184.9050,0.0864,102.8577,0.1013,0.3648,0.1013,0.0015,0.9111,260.0165,-3.5565,-0.1026,0.6344,0.3666,-0.2566,-15.3971,0.0000,0.9882,0.0000,1,0,0,0,0,0.1976
25.2118,184.8979,0.0864,102.8563,0.1571,0.5656,0.1571,0.0017,0.9786,259.8181,-3.4792,-0.1026,0.6422,0.3666,-0.2566,-15.3971,0.0000,0.9942,0.0000,1,0,0,0,0,0.1933
25.2672,184.8879,0.0864,102.8543,0.2158,0.7769,0.2158,0.0018,1.0581,259.6168,-3.6291,-0.1026,0.6559,0.3666,-0.2566,-15.3971,0.0000,0.9972,0.0000,1,0,0,0,0,0.2016
25.3223,184.8747,0.0864,102.8517,0.2759,0.9934,0.2759,0.0020,1.0914,259.4127,-3.7058,-0.1026,0.6657,0.3666,-0.2566,-15.3971,0.0000,0.9986,0.0000,1,0,0,0,0,0.2059
25.3772,184.8584,0.0864,102.8484,0.3368,1.2126,0.3368,0.0021,1.1099,259.2060,-3.7667,-0.1026,0.6677,0.3666,-0.2566,-15.3971,0.0000,0.9993,0.0000,1,0,0,0,0,0.2093
25.4334,184.8383,0.0864,102.8444,0.3980,1.4327,0.3980,0.0021,1.0879,258.9969,-3.7218,-0.1026,0.6853,0.3666,-0.2566,-15.3971,0.0000,0.9997,0.0000,1,0,0,0,0,0.2068
25.4888,184.8152,0.0864,102.8397,0.4593,1.6535,0.4593,0.0021,1.1071,258.7853,-3.8193,-0.1026,0.6950,0.3666,-0.2566,-15.3971,0.0000,0.9998,0.0000,1,0,0,0,0,0.2122
25.5446,184.7885,0.0864,102.8341,0.5206,1.8743,0.5206,0.0021,1.0987,258.5713,-3.8322,-0.1026,0.7009,0.3666,-0.2566,-15.3971,0.0000,0.9999,0.0000,1,0,0,0,0,0.2732
25.6155,184.7498,0.0864,102.8260,0.5943,2.1396,0.5943,0.0020,1.0397,258.3112,-3.6692,-0.1026,0.7048,0.3666,-0.2566,-15.3971,0.0000,1.0000,0.0000,1,0,0,0,0,0.2549
25.6694,184.7168,0.0864,102.8189,0.6559,2.3613,0.6559,0.0019,1.1419,258.0919,-4.0679,-0.1026,0.7087,0.3666,-0.2566,-15.3971,0.0000,1.0000,0.0000,1,0,0,0,0,0.2702
25.7248,184.6796,0.0864,102.8108,0.7174,2.5827,0.7174,0.0018,1.1107,257.8702,-4.0028,-0.1026,0.7028,0.3666,-0.2566,-15.3971,0.0000,1.0000,0.0000,1,0,0,0,0,0.2603
25.7811,184.6384,0.0864,102.8017,0.7789,2.8039,0.7789,0.0017,1.0908,257.6459,-3.9821,-0.1026,0.7028,0.3666,-0.2566,-15.3971,0.0000,1.0000,0.0000,1,0,0,0,0,0.2533
25.8366,184.5945,0.0864,102.7918,0.8404,3.0255,0.8404,0.0015,1.1097,257.4193,-4.0850,-0.1026,0.7028,0.3666,-0.2566,-15.3971,0.0000,1.0000,0.0000,1,0,0,0,0,0.2535
25.8960,184.5439,0.0864,102.7802,0.9019,3.2467,0.9019,0.0013,1.0341,257.1903,-3.8544,-0.1026,0.7009,0.3666,-0.2566,-15.3971,0.0000,1.0000,0.0000,1,0,0,0,0,0.2355
25.9516,184.4930,0.0864,102.7684,0.9634,3.4682,0.9634,0.0011,1.1068,256.9589,-4.1636,-0.1026,0.6931,0.3666,-0.2566,-15.3971,0.0000,1.0000,0.0000,1,0,0,0,0,0.2479
26.0068,184.4393,0.0864,102.7557,1.0249,3.6897,1.0249,0.0008,1.1148,256.7250,-4.2375,-0.1026,0.6931,0.3666,-0.2566,-15.3971,0.0000,1.0000,0.0000,1,0,0,0,0,0.2474
26.0666,184.3775,0.0864,102.7409,1.0987,3.9553,1.0987,0.0005,1.2339,256.4412,-4.7456,-0.1026,0.7028,0.3666,-0.2566,-15.3971,0.0000,1.0000,0.0000,1,0,0,0,0,0.2705
26.1186,184.3206,0.0864,102.7270,1.1602,4.1766,1.1602,0.0002,1.1809,256.2020,-4.5945,-0.1026,0.7165,0.3666,-0.2566,-15.3971,0.0000,1.0000,0.0000,1,0,0,0,0,0.2580
26.1749,184.2559,0.0864,102.7109,1.2216,4.3979,1.2216,0.0001,1.0926,255.9604,-4.2963,-0.1026,0.7283,0.3666,-0.2566,-15.3971,0.0000,1.0000,0.0000,1,0,0,0,0,0.2399
26.2274,184.1925,0.0864,102.6949,1.2708,4.5750,1.2708,0.0004,0.9374,255.7666,-3.6916,-0.1007,0.7283,0.3666,-0.2542,-15.3632,0.6465,1.0000,0.0000,1,0,0,0,0,0.2452
26.2824,184.1229,0.0864,102.6770,1.3323,4.7964,1.3323,0.0007,1.1170,255.5239,-4.4096,-0.1007,0.7283,0.3666,-0.2528,-15.2819,1.4764,1.0000,0.0000,1,0,0,0,0,0.3345
26.3401,184.0466,0.0864,102.6571,1.3939,5.0179,1.3938,0.0010,1.0667,255.2795,-4.2372,-0.1007,0.7283,0.3666,-0.2522,-15.2102,1.2434,1.0000,0.0000,1,0,0,0,0,0.3153
26.3950,183.9707,0.0864,102.6369,1.4553,5.2391,1.4553,0.0014,1.1193,255.0332,-4.4839,-0.0987,0.7283,0.3666,-0.2512,-15.1653,0.8176,1.0000,0.0000,1,0,0,0,0,0.3086
26.4497,183.8919,0.0864,102.6157,1.5168,5.4605,1.5168,0.0017,1.1238,254.7870,-4.5018,-0.0987,0.7302,0.3666,-0.2487,-15.0739,1.6701,1.0000,0.0000,1,0,0,0,0,0.3597
26.5055,183.8084,0.0864,102.5928,1.5783,5.6819,1.5783,0.0021,1.1033,254.5398,-4.4335,-0.0987,0.7302,0.3666,-0.2477,-14.9758,1.7597,1.0000,0.0000,1,0,0,0,0,0.3637
26.5611,183.7219,0.0864,102.5687,1.6398,5.9034,1.6398,0.0025,1.1050,254.2910,-4.4688,-0.0987,0.7302,0.3666,-0.2472,-14.9080,1.2185,1.0000,0.0000,1,0,0,0,0,0.3384
26.6159,183.6337,0.0864,102.5437,1.7013,6.1248,1.7013,0.0029,1.1235,254.0401,-4.5827,-0.0987,0.7302,0.3666,-0.2470,-14.8653,0.7785,1.0000,0.0000,1,0,0,0,0,0.3232
26.6858,183.5166,0.0864,102.5100,1.7873,6.4344,1.7873,0.0035,1.2308,253.6852,-5.0789,-0.0987,0.7302,0.3666,-0.2469,-14.8451,0.2892,1.0000,0.0000,1,0,0,0,0,0.3274
26.7429,183.4170,0.0864,102.4808,1.8489,6.6561,1.8489,0.0039,1.0771,253.4309,-4.4485,-0.0968,0.7302,0.3666,-0.2441,-14.7858,1.0383,1.0000,0.0000,1,0,0,0,0,0.3365
26.7981,183.3179,0.0864,102.4513,1.9104,6.8775,1.9104,0.0043,1.1152,253.1759,-4.6227,-0.0968,0.7302,0.3666,-0.2429,-14.6923,1.6959,1.0000,0.0000,1,0,0,0,0,0.3850
26.8521,183.2178,0.0864,102.4210,1.9718,7.0986,1.9718,0.0048,1.1380,252.9195,-4.7499,-0.0968,0.7302,0.3666,-0.2424,-14.6229,1.2854,1.0000,0.0000,1,0,0,0,0,0.3715
26.9076,183.1118,0.0864,102.3884,2.0334,7.3201,2.0334,0.0052,1.1088,252.6611,-4.6572,-0.0968,0.7302,0.3666,-0.2421,-14.5778,0.8132,1.0000,0.0000,1,0,0,0,0,0.3426
26.9636,183.0016,0.0864,102.3540,2.0948,7.5413,2.0948,0.0057,1.0955,252.4007,-4.6440,-0.0968,0.7302,0.3666,-0.2420,-14.5506,0.4845,1.0000,0.0000,1,0,0,0,0,0.3261
27.0187,182.8901,0.0864,102.3187,2.1563,7.7626,2.1563,0.0063,1.1154,252.1380,-4.7669,-0.0968,0.7302,0.3666,-0.2420,-14.5356,0.2723,1.0000,0.0000,1,0,0,0,0,0.3236
27.0753,182.7727,0.0864,102.2809,2.2179,7.9843,2.2178,0.0068,1.0894,251.8730,-4.6874,-0.0968,0.7302,0.3666,-0.2420,-14.5272,0.1487,1.0000,0.0000,1,0,0,0,0,0.3148
27.1311,182.6536,0.0864,102.2420,2.2793,8.2054,2.2793,0.0074,1.1010,251.6058,-4.7886,-0.0968,0.7302,0.3666,-0.2420,-14.5229,0.0772,1.0000,0.0000,1,0,0,0,0,0.3188
27.2019,182.4980,0.0864,102.1903,2.3531,8.4711,2.3531,0.0081,1.0421,251.2822,-4.5712,-0.0968,0.7283,0.3666,-0.2420,-14.5210,0.0266,1.0000,0.0000,1,0,0,0,0,0.3069
27.2695,182.3447,0.0864,102.1384,2.4269,8.7367,2.4268,0.0088,1.0908,250.9552,-4.8343,-0.0968,0.7244,0.3666,-0.2420,-14.5190,0.0291,1.0000,0.0000,1,0,0,0,0,0.3245
27.3258,182.2139,0.0864,102.0933,2.4883,8.9580,2.4883,0.0094,1.0933,250.6802,-4.8891,-0.0968,0.7185,0.3666,-0.2420,-14.5185,0.0084,1.0000,0.0000,1,0,0,0,0,0.3287
27.3816,182.0809,0.0864,102.0468,2.5499,9.1795,2.5498,0.0100,1.1015,250.4029,-4.9645,-0.0968,0.7068,0.3666,-0.2420,-14.5184,0.0031,1.0000,0.0000,1,0,0,0,0,0.3348
27.4388,181.9417,0.0864,101.9973,2.6113,9.4006,2.6113,0.0106,1.0748,250.1234,-4.8908,-0.0968,0.7068,0.3666,-0.2420,-14.5183,0.0016,1.0000,0.0000,1,0,0,0,0,0.3329
27.5059,181.7741,0.0864,101.9368,2.6974,9.7106,2.6974,0.0115,1.2823,249.7282,-5.8868,-0.0968,0.7126,0.3666,-0.2420,-14.5182,0.0006,1.0000,0.0000,1,0,0,0,0,0.3911
27.5631,181.6279,0.0864,101.8831,2.7588,9.9318,2.7588,0.0122,1.0745,249.4431,-4.9830,-0.0968,0.7165,0.3666,-0.2420,-14.5182,0.0004,1.0000,0.0000,1,0,0,0,0,0.3430
27.6182,181.4841,0.0864,101.8295,2.8203,10.1532,2.8203,0.0128,1.1160,249.1559,-5.2137,-0.0968,0.7205,0.3666,-0.2420,-14.5182,0.0002,1.0000,0.0000,1,0,0,0,0,0.3579
27.6880,181.2979,0.0864,101.7589,2.8941,10.4186,2.8940,0.0137,1.0565,248.8082,-4.9828,-0.0968,0.7205,0.3666,-0.2420,-14.5182,0.0001,1.0000,0.0000,1,0,0,0,0,0.3477
27.7572,181.1086,0.0864,101.6858,2.9678,10.6842,2.9678,0.0145,1.0659,248.4572,-5.0710,-0.0968,0.7244,0.3666,-0.2420,-14.5182,0.0000,1.0000,0.0000,1,0,0,0,0,0.3551
27.8127,180.9535,0.0864,101.6249,3.0293,10.9054,3.0292,0.0152,1.1064,248.1621,-5.3137,-0.0968,0.7244,0.3666,-0.2420,-14.5182,0.0000,1.0000,0.0000,1,0,0,0,0,0.3706
27.8680,180.7962,0.0864,101.5623,3.0907,11.1267,3.0907,0.0160,1.1120,247.8648,-5.3777,-0.0968,0.7244,0.3666,-0.2420,-14.5182,0.0000,1.0000,0.0000,1,0,0,0,0,0.3762
27.9238,180.6346,0.0864,101.4969,3.1522,11.3479,3.1522,0.0167,1.1013,247.5653,-5.3672,-0.0968,0.7244,0.3666,-0.2420,-14.5182,0.0000,1.0000,0.0000,1,0,0,0,0,0.3776
27.9803,180.4680,0.0864,101.4286,3.2137,11.5693,3.2136,0.0174,1.0875,247.2635,-5.3386,-0.0968,0.7263,0.3666,-0.2420,-14.5182,0.0000,1.0000,0.0000,1,0,0,0,0,0.3780
28.0355,180.3028,0.0864,101.3598,3.2751,11.7903,3.2750,0.0182,1.1136,246.9594,-5.5160,-0.0968,0.7263,0.3666,-0.2420,-14.5182,0.0000,1.0000,0.0000,1,0,0,0,0,0.3898
28.0920,180.1304,0.0864,101.2869,3.3365,12.0116,3.3365,0.0190,1.0868,246.6530,-5.4173,-0.0968,0.7263,0.3666,-0.2420,-14.5182,0.0000,1.0000,0.0000,1,0,0,0,0,0.3863
28.1470,179.9601,0.0864,101.2139,3.3980,12.2328,3.3979,0.0198,1.1181,246.3443,-5.6171,-0.0968,0.7263,0.3666,-0.2420,-14.5182,0.0000,1.0000,0.0000,1,0,0,0,0,0.3993
28.2027,179.7849,0.0864,101.1376,3.4595,12.4541,3.4594,0.0205,1.1039,246.0334,-5.5826,-0.0968,0.7244,0.3666,-0.2420,-14.5182,0.0000,1.0000,0.0000,1,0,0,0,0,0.3992
28.2602,179.6009,0.0864,101.0564,3.5209,12.6752,3.5208,0.0214,1.0675,245.7203,-5.4412,-0.0948,0.7028,0.3666,-0.2412,-14.5182,0.0000,1.0000,0.0000,1,0,0,0,0,0.3933
28.3154,179.4217,0.0864,100.9762,3.5823,12.8964,3.5823,0.0217,1.1133,245.4128,-5.5726,-0.0831,0.7068,0.3666,-0.2298,-14.3658,2.7622,1.0000,0.0000,1,0,0,0,0,0.5541
28.3701,179.2417,0.0864,100.8944,3.6438,13.1177,3.6437,0.0211,1.1244,245.1270,-5.2282,-0.0714,0.6911,0.3666,-0.2076,-13.7586,11.1089,1.0000,0.0000,1,0,0,0,0,0.9946
28.4266,179.0527,0.0864,100.8074,3.7052,13.3388,3.7052,0.0195,1.0867,244.8727,-4.4985,-0.0596,0.7107,0.3666,-0.1811,-12.6623,19.3913,1.0000,0.0000,1,0,0,0,0,1.4063
28.4827,178.8623,0.0864,100.7186,3.7789,13.6041,3.7789,0.0164,1.3123,244.6163,-4.5669,-0.0440,0.7205,0.3666,-0.1430,-11.2502,25.1502,1.0000,0.0000,1,0,0,0,0,1.7162
28.5388,178.6693,0.0864,100.6276,3.8405,13.8256,3.8404,0.0130,1.0972,244.4508,-2.9508,-0.0303,0.7224,0.3666,-0.1080,-9.8586,24.8090,1.0000,0.0000,1,0,0,0,0,1.5931
28.5963,178.4687,0.0864,100.5321,3.9018,14.0466,3.9018,0.0087,1.0682,244.3357,-2.0028,-0.0127,0.7224,0.3666,-0.0618,-7.2424,45.5291,1.0000,0.0000,1,0,0,0,0,2.6743
28.6519,178.2719,0.0864,100.4377,3.9634,14.2684,3.9634,0.0035,1.1089,244.2800,-1.0020,0.0010,0.7205,0.3666,-0.0265,-4.8124,43.7412,1.0000,0.0000,1,0,0,0,0,2.4992
28.7068,178.0745,0.0864,100.3426,4.0249,14.4898,4.0249,0.0006,1.1204,244.2535,-0.4836,0.0186,0.7185,0.3666,-0.0114,-2.9492,33.9377,1.0000,0.0000,1,0,0,0,0,1.9144
28.7741,177.8283,0.0864,100.2236,4.0987,14.7552,4.0987,0.0064,1.0943,244.2837,0.4482,0.0303,0.7224,0.3666,0.0412,-1.6448,19.3603,1.0000,0.0000,1,0,0,0,0,1.1239
28.8293,177.6232,0.0864,100.1244,4.1601,14.9763,4.1601,0.0125,1.1124,244.3765,1.6807,0.0538,0.7224,0.3666,0.0891,1.8099,62.5672,1.0000,0.0000,1,0,0,0,0,3.6144
28.8863,177.4084,0.0864,100.0206,4.2216,15.1979,4.2216,0.0191,1.0806,244.5291,2.6803,0.0655,0.7224,0.3666,0.1282,4.0695,39.6762,1.0000,0.0000,1,0,0,0,0,2.4211
28.9424,177.1935,0.0864,99.9172,4.2831,15.4191,4.2830,0.0255,1.0953,244.7311,3.6008,0.0772,0.7224,0.3666,0.1606,6.5690,44.5626,1.0000,0.0000,1,0,0,0,0,2.7652
28.9969,176.9814,0.0864,99.8158,4.3445,15.6401,4.3444,0.0313,1.1261,244.9721,4.4205,0.0811,0.7224,0.3666,0.1826,8.5141,35.6734,1.0000,0.0000,1,0,0,0,0,2.3356
29.0638,176.7165,0.0864,99.6904,4.4181,15.9052,4.4180,0.0368,1.1005,245.2930,4.7951,0.0831,0.7224,0.3666,0.1979,9.9636,21.6624,1.0000,0.0000,1,0,0,0,0,1.5948
29.1199,176.4908,0.0864,99.5848,4.4796,16.1265,4.4794,0.0404,1.0973,245.5795,5.1130,0.0870,0.7009,0.3666,0.2082,11.2491,22.9427,1.0000,0.0000,1,0,0,0,0,1.6940
29.1768,176.2579,0.0864,99.4771,4.5409,16.3474,4.5407,0.0434,1.0782,245.8786,5.2574,0.0870,0.7146,0.3666,0.2135,11.9892,13.0087,1.0000,0.0000,1,0,0,0,0,1.1580
29.2320,176.0281,0.0864,99.3722,4.6022,16.5679,4.6020,0.0458,1.1086,246.1873,5.5858,0.0909,0.7205,0.3666,0.2193,12.4944,9.1422,1.0000,0.0000,1,0,0,0,0,0.9675
29.3026,175.7293,0.0864,99.2378,4.6758,16.8328,4.6755,0.0485,1.0422,246.5715,5.4431,0.0929,0.7205,0.3666,0.2263,12.8240,4.6683,1.0000,0.0000,1,0,0,0,0,0.7172
29.3595,175.4842,0.0864,99.1294,4.7370,17.0533,4.7368,0.0509,1.0772,246.9072,5.9036,0.0987,0.7205,0.3666,0.2360,13.5159,12.1690,1.0000,0.0000,1,0,0,0,0,1.1652
29.4163,175.2354,0.0864,99.0211,4.8106,17.3181,4.8103,0.0540,1.2942,247.3284,7.4110,0.1007,0.7205,0.3666,0.2448,13.9166,7.0497,1.0000,0.0000,1,0,0,0,0,0.9718
29.4701,174.9965,0.0864,98.9188,4.8596,17.4945,4.8592,0.0561,0.9113,247.6206,5.4361,0.1046,0.7205,0.3666,0.2520,14.3909,8.8229,1.0000,0.0000,1,0,0,0,0,0.9652
29.5272,174.7384,0.0864,98.8101,4.9330,17.7589,4.9327,0.0595,1.2845,248.0781,8.0000,0.1085,0.7205,0.3666,0.2625,15.0100,10.8264,1.0000,0.0000,1,0,0,0,0,1.2269
29.5826,174.4849,0.0864,98.7052,4.9942,17.9793,4.9939,0.0623,1.1064,248.4744,7.1611,0.1104,0.7205,0.3666,0.2694,15.4966,8.7946,1.0000,0.0000,1,0,0,0,0,1.0736
29.6388,174.2232,0.0864,98.5990,5.0555,18.1996,5.0550,0.0653,1.0879,248.8859,7.3141,0.1163,0.6970,0.3666,0.2794,15.9692,8.4001,1.0000,0.0000,1,0,0,0,0,1.0667
29.7059,173.9062,0.0864,98.4731,5.1289,18.4639,5.1284,0.0690,1.0952,249.4018,7.6963,0.1183,0.6989,0.3666,0.2890,16.4932,7.8179,1.0000,0.0000,1,0,0,0,0,1.0638
29.7634,173.6294,0.0864,98.3659,5.1899,18.6837,5.1894,0.0720,1.0607,249.8463,7.7224,0.1202,0.7146,0.3666,0.2952,17.0984,10.5140,1.0000,0.0000,1,0,0,0,0,1.2214
29.8173,173.3666,0.0864,98.2662,5.2510,18.9034,5.2504,0.0748,1.1331,250.3002,8.4286,0.1202,0.7165,0.3666,0.2983,17.2941,3.6326,1.0000,0.0000,1,0,0,0,0,0.8836
29.8727,173.0922,0.0864,98.1646,5.3121,19.1235,5.3115,0.0771,1.1029,250.7599,8.2923,0.1202,0.7205,0.3666,0.2996,17.7335,7.9271,1.0000,0.0000,1,0,0,0,0,1.1187
29.9285,172.8120,0.0864,98.0633,5.3732,19.3434,5.3726,0.0790,1.0947,251.2236,8.3106,0.1202,0.7146,0.3666,0.3001,17.8674,2.4000,1.0000,0.0000,1,0,0,0,0,0.8157
29.9860,172.5193,0.0864,97.9601,5.4342,19.5632,5.4336,0.0808,1.0625,251.6907,8.1304,0.1202,0.7146,0.3666,0.3004,17.9450,1.3510,1.0000,0.0000,1,0,0,0,0,0.7497
30.0539,172.1678,0.0864,97.8398,5.5074,19.8267,5.5068,0.0827,1.0777,252.2553,8.3123,0.1202,0.7009,0.3666,0.3005,17.9882,0.6351,1.0000,0.0000,1,0,0,0,0,0.7224
30.1104,171.8705,0.0864,97.7410,5.5685,20.0467,5.5679,0.0843,1.0805,252.7289,8.3748,0.1202,0.7205,0.3666,0.3005,18.0107,0.3975,1.0000,0.0000,1,0,0,0,0,0.7144
30.1671,171.5685,0.0864,97.6435,5.6295,20.2660,5.6288,0.0858,1.0753,253.2054,8.4079,0.1202,0.7205,0.3666,0.3006,18.0243,0.2407,1.0000,0.0000,1,0,0,0,0,0.7091
30.2217,171.2736,0.0864,97.5512,5.6905,20.4857,5.6898,0.0855,1.1183,253.6940,8.9548,0.1202,0.7205,0.3666,0.3006,18.0291,0.0886,1.0000,0.0000,1,0,0,0,0,0.7278
30.2782,170.9639,0.0864,97.4569,5.7515,20.7053,5.7508,0.0887,1.0786,254.1858,8.6949,0.1202,0.7205,0.3666,0.3006,18.0315,0.0415,1.0000,0.0000,1,0,0,0,0,0.7166
30.3364,170.6413,0.0864,97.3618,5.8246,20.9684,5.8238,0.0914,1.2574,254.7796,10.2182,0.1202,0.7224,0.3666,0.3006,18.0322,0.0119,1.0000,0.0000,1,0,0,0,0,0.8037
30.3882,170.3501,0.0864,97.2785,5.8733,21.1439,5.8726,0.0931,0.9412,255.1785,7.7004,0.1222,0.7224,0.3666,0.3020,18.0406,0.1632,1.0000,0.0000,1,0,0,0,0,0.6747
30.4458,170.0219,0.0864,97.1877,5.9342,21.3632,5.9335,0.0955,1.0563,255.6854,8.7899,0.1241,0.7224,0.3666,0.3063,18.1473,1.8502,1.0000,0.0000,1,0,0,0,0,0.8324
30.5023,169.6959,0.0864,97.1008,5.9951,21.5825,5.9944,0.0951,1.0779,256.1978,9.0671,0.1280,0.7224,0.3666,0.3122,18.3749,4.0269,1.0000,0.0000,1,0,0,0,0,0.9654
30.5543,169.3924,0.0864,97.0226,6.0561,21.8019,6.0553,0.0986,1.1725,256.7182,10.0134,0.1280,0.7224,0.3666,0.3167,18.6490,5.2734,1.0000,0.0000,1,0,0,0,0,1.0936
30.6100,169.0632,0.0864,96.9408,6.1169,22.0209,6.1161,0.1017,1.0920,257.2463,9.4765,0.1280,0.7224,0.3666,0.3186,18.8617,3.8182,1.0000,0.0000,1,0,0,0,0,0.9879
30.6666,168.7247,0.0864,96.8599,6.1778,22.2400,6.1769,0.1042,1.0756,257.7794,9.4214,0.1280,0.7224,0.3666,0.3195,19.0091,2.6037,1.0000,0.0000,1,0,0,0,0,0.9211
30.7213,168.3937,0.0864,96.7841,6.2386,22.4589,6.2377,0.1068,1.1120,258.3195,9.8775,0.1300,0.7224,0.3666,0.3226,19.1458,2.5010,1.0000,0.0000,1,0,0,0,0,0.9444
30.7776,168.0488,0.0864,96.7083,6.2994,22.6777,6.2984,0.1093,1.0793,258.8667,9.7194,0.1319,0.7224,0.3666,0.3254,19.2851,2.4734,1.0000,0.0000,1,0,0,0,0,0.9376
30.8473,167.6161,0.0864,96.6182,6.3844,22.9839,6.3834,0.1130,1.2200,259.6462,11.1814,0.1319,0.7224,0.3666,0.3285,19.4131,1.8369,1.0000,0.0000,1,0,0,0,0,0.9887
30.9047,167.2554,0.0864,96.5471,6.4451,23.2024,6.4441,0.1154,1.0585,260.2094,9.8200,0.1319,0.7224,0.3666,0.3293,19.6358,3.8827,1.0000,0.0000,1,0,0,0,0,1.0297
30.9604,166.9011,0.0864,96.4810,6.5058,23.4209,6.5047,0.1175,1.0898,260.7764,10.1824,0.1319,0.7224,0.3666,0.3296,19.7032,1.2097,1.0000,0.0000,1,0,0,0,0,0.9039
31.0164,166.5404,0.0864,96.4173,6.5665,23.6393,6.5654,0.1198,1.0821,261.3492,10.2144,0.1339,0.7224,0.3666,0.3322,19.7701,1.1933,1.0000,0.0000,1,0,0,0,0,0.9075
31.0855,166.0906,0.0864,96.3430,6.6393,23.9014,6.6381,0.1229,1.0544,262.0475,10.1144,0.1359,0.7224,0.3666,0.3362,19.8931,1.7819,1.0000,0.0000,1,0,0,0,0,0.9386
31.1412,165.7233,0.0864,96.2866,6.6999,24.1195,6.6987,0.1260,1.0873,262.6418,10.6641,0.1378,0.7224,0.3666,0.3409,20.1381,4.3967,1.0000,0.0000,1,0,0,0,0,1.1187
31.1973,165.3493,0.0864,96.2330,6.7605,24.3378,6.7593,0.1292,1.0802,263.2468,10.7780,0.1398,0.7224,0.3666,0.3454,20.3725,4.1764,1.0000,0.0000,1,0,0,0,0,1.1175
31.2511,164.9871,0.0864,96.1849,6.8210,24.5556,6.8197,0.1324,1.1246,263.8608,11.4124,0.1398,0.7224,0.3666,0.3477,20.5789,3.8362,1.0000,0.0000,1,0,0,0,0,1.1383
31.3069,164.6078,0.0864,96.1386,6.8815,24.7734,6.8802,0.1353,1.0846,264.4805,11.1098,0.1398,0.7224,0.3666,0.3487,20.7401,2.8892,1.0000,0.0000,1,0,0,0,0,1.0726
31.3637,164.2180,0.0864,96.0952,6.9420,24.9910,6.9406,0.1381,1.0653,265.1069,11.0385,0.1417,0.7224,0.3666,0.3515,20.7960,0.9848,1.0000,0.0000,1,0,0,0,0,0.9663
31.4185,163.8379,0.0864,96.0571,7.0024,25.2088,7.0010,0.1409,1.1036,265.7406,11.5645,0.1417,0.7224,0.3666,0.3531,21.0301,4.2721,1.0000,0.0000,1,0,0,0,0,1.1817
31.4748,163.4431,0.0864,96.0218,7.0628,25.4262,7.0614,0.1436,1.0720,266.3796,11.3388,0.1417,0.7224,0.3666,0.3538,21.1230,1.6487,1.0000,0.0000,1,0,0,0,0,1.0265
31.5318,163.0400,0.0864,95.9904,7.1232,25.6435,7.1217,0.1460,1.0590,267.0225,11.2805,0.1417,0.7224,0.3666,0.3541,21.1689,0.8056,1.0000,0.0000,1,0,0,0,0,0.9790
31.5860,162.6529,0.0864,95.9645,7.1836,25.8609,7.1820,0.1484,1.1136,267.6690,11.9230,0.1417,0.7224,0.3666,0.3542,21.2171,0.8892,1.0000,0.0000,1,0,0,0,0,1.0216
31.6422,162.2485,0.0864,95.9420,7.2439,26.0781,7.2423,0.1506,1.0748,268.3188,11.5759,0.1398,0.7224,0.3666,0.3535,21.2351,0.3201,1.0000,0.0000,1,0,0,0,0,0.9727
31.7036,161.8018,0.0864,95.9224,7.3163,26.3385,7.3147,0.1516,1.1777,269.0875,12.5137,0.1300,0.7224,0.3666,0.3406,21.1040,2.1342,1.0000,0.0000,1,0,0,0,0,1.1246
31.7700,161.3141,0.0864,95.9074,7.3887,26.5993,7.3872,0.1486,1.0906,269.8145,10.9481,0.1144,0.7205,0.3666,0.3137,20.3917,10.7267,1.0000,0.0000,1,0,0,0,0,1.5059
31.8233,160.9191,0.0864,95.8998,7.4370,26.7732,7.4356,0.1437,0.9067,270.2597,8.3554,0.1007,0.7126,0.3666,0.2889,19.2573,21.2911,1.0000,0.0000,1,0,0,0,0,1.9370
31.9056,160.3024,0.0864,95.8958,7.5339,27.1220,7.5328,0.1311,1.1765,271.0553,9.6581,0.0968,0.7165,0.3666,0.2541,18.9443,3.7995,1.0000,0.0000,1,0,0,0,0,1.0087
31.9775,159.7586,0.0864,95.8993,7.6067,27.3842,7.6058,0.1182,1.0137,271.5568,6.9820,0.0713,0.6950,0.3666,0.2058,15.2872,50.9148,1.0000,0.0000,1,0,0,0,0,3.4495
32.0473,159.2242,0.0864,95.9084,7.6920,27.6913,7.6914,0.0948,1.2210,271.9705,5.9215,0.0303,0.6970,0.3666,0.1257,11.2086,58.3767,1.0000,0.0000,1,0,0,0,0,3.7569
32.1015,158.8065,0.0864,95.9186,7.7531,27.9111,7.7527,0.0725,1.1276,272.1284,2.9167,0.0088,0.6872,0.3666,0.0585,8.4241,51.4259,1.0000,0.0000,1,0,0,0,0,3.1593
32.1565,158.3791,0.0864,95.9311,7.8022,28.0878,7.8020,0.0546,0.8930,272.1852,1.0337,-0.0069,0.7185,0.3666,0.0298,5.4278,54.5076,1.0000,0.0000,1,0,0,0,0,3.1906
32.2131,157.9352,0.0864,95.9457,7.8759,28.3531,7.8758,0.0346,1.3003,272.2200,0.6129,-0.0186,0.7205,0.3666,0.0108,3.2427,38.5595,1.0000,0.0000,1,0,0,0,0,2.2422
32.2686,157.4970,0.0864,95.9610,7.9373,28.5742,7.9372,0.0191,1.1070,272.1879,-0.5776,-0.0245,0.7205,0.3666,-0.0280,1.4333,32.6160,1.0000,0.0000,1,0,0,0,0,1.8802
32.3235,157.0604,0.0864,95.9767,7.9988,28.7955,7.9988,0.0046,1.1206,272.1013,-1.5783,-0.0264,0.7205,0.3666,-0.0493,-0.4760,34.7939,1.0000,0.0000,1,0,0,0,0,2.0293
32.3944,156.4912,0.0864,95.9970,8.0725,29.0611,8.0725,0.0088,1.0403,271.9577,-2.0259,-0.0284,0.7205,0.3666,-0.0631,-1.5835,15.6193,1.0000,0.0000,1,0,0,0,0,0.9967
32.4629,155.9356,0.0864,96.0160,8.1463,29.3266,8.1463,0.0176,1.0760,271.7945,-2.3798,-0.0284,0.7205,0.3666,-0.0681,-3.0807,21.8400,1.0000,0.0000,1,0,0,0,0,1.3779
32.5186,155.4808,0.0864,96.0308,8.2078,29.5481,8.2078,0.0225,1.1058,271.6497,-2.6032,-0.0303,0.7205,0.3666,-0.0721,-3.8436,13.7116,1.0000,0.0000,1,0,0,0,0,0.9475
32.5734,155.0290,0.0864,96.0444,8.2693,29.7695,8.2693,0.0261,1.1211,271.4981,-2.7633,-0.0303,0.7205,0.3666,-0.0742,-4.1259,5.1465,1.0000,0.0000,1,0,0,0,0,0.4868
32.6293,154.5654,0.0864,96.0574,8.3307,29.9906,8.3307,0.0286,1.0992,271.3432,-2.7728,-0.0303,0.7205,0.3666,-0.0751,-4.3139,3.3646,1.0000,0.0000,1,0,0,0,0,0.3925
32.6848,154.1011,0.0864,96.0692,8.3922,30.2120,8.3922,0.0299,1.1071,271.1901,-2.7564,-0.0245,0.7205,0.3666,-0.0709,-4.3784,1.1614,1.0000,0.0000,1,0,0,0,0,0.2710
32.7404,153.6332,0.0864,96.0799,8.4537,30.4332,8.4536,0.0273,1.1059,271.0638,-2.2734,-0.0166,0.7205,0.3666,-0.0458,-4.0855,5.2711,1.0000,0.0000,1,0,0,0,0,0.4675
32.7958,153.1629,0.0864,96.0896,8.5151,30.6545,8.5151,0.0184,1.1090,271.0015,-1.1241,-0.0069,0.7205,0.3666,-0.0197,-2.9630,20.2490,1.0000,0.0000,1,0,0,0,0,1.2198
32.8521,152.6819,0.0864,96.0985,8.5766,30.8757,8.5766,0.0098,1.0918,270.9721,-0.5221,-0.0010,0.7205,0.3666,-0.0085,-1.8535,19.7125,1.0000,0.0000,1,0,0,0,0,1.1412
32.9068,152.2113,0.0864,96.1067,8.6381,31.0971,8.6381,0.0033,1.1250,270.9571,-0.2741,0.0068,0.7205,0.3666,-0.0036,-1.0835,14.0835,1.0000,0.0000,1,0,0,0,0,0.8034
32.9903,151.4860,0.0864,96.1187,8.7365,31.4514,8.7365,0.0028,1.1782,270.9441,-0.1560,0.0107,0.7205,0.3666,-0.0009,-0.6000,5.7886,1.0000,0.0000,1,0,0,0,0,0.3351
33.0451,151.0060,0.0864,96.1263,8.7980,31.6727,8.7980,0.0048,1.1219,270.9385,-0.1008,0.0186,0.7205,0.3666,-0.0004,-0.2074,7.1649,1.0000,0.0000,1,0,0,0,0,0.4119
33.1021,150.5031,0.0864,96.1342,8.8595,31.8942,8.8595,0.0116,1.0793,270.9764,0.6639,0.0225,0.7205,0.3666,0.0310,0.2879,8.6899,1.0000,0.0000,1,0,0,0,0,0.5393
33.1586,150.0014,0.0864,96.1421,8.9209,32.1153,8.9209,0.0216,1.0883,271.0641,1.5530,0.0283,0.7205,0.3666,0.0515,1.3358,18.5598,1.0000,0.0000,1,0,0,0,0,1.1536
33.2154,149.4930,0.0864,96.1504,8.9824,32.3366,8.9823,0.0318,1.0818,271.1886,2.1919,0.0322,0.7205,0.3666,0.0669,2.4578,19.7467,1.0000,0.0000,1,0,0,0,0,1.2718
33.2704,148.9977,0.0864,96.1593,9.0439,32.5579,9.0438,0.0411,1.1185,271.3416,2.7838,0.0361,0.7205,0.3666,0.0782,3.4202,17.5097,1.0000,0.0000,1,0,0,0,0,1.1956
33.3261,148.4919,0.0864,96.1692,9.1053,32.7791,9.1052,0.0492,1.1018,271.5158,3.1240,0.0381,0.7205,0.3666,0.0871,4.2044,14.0644,1.0000,0.0000,1,0,0,0,0,1.0359
33.3815,147.9862,0.0864,96.1804,9.1667,32.9999,9.1665,0.0557,1.1076,271.7048,3.4118,0.0381,0.7205,0.3666,0.0917,4.8022,10.7935,1.0000,0.0000,1,0,0,0,0,0.8803
33.4364,147.4816,0.0864,96.1930,9.2280,33.2209,9.2278,0.0603,1.1184,271.9008,3.5705,0.0381,0.7205,0.3666,0.0937,5.1924,7.1085,1.0000,0.0000,1,0,0,0,0,0.6914
33.4936,146.9521,0.0864,96.2078,9.2894,33.4418,9.2892,0.0636,1.0723,272.1002,3.4846,0.0381,0.7205,0.3666,0.0946,5.3808,3.2924,1.0000,0.0000,1,0,0,0,0,0.4791
33.5479,146.4461,0.0864,96.2237,9.3507,33.6626,9.3505,0.0659,1.1288,272.3018,3.7112,0.0381,0.7205,0.3666,0.0950,5.5699,3.4802,1.0000,0.0000,1,0,0,0,0,0.5052
33.6050,145.9111,0.0864,96.2422,9.4120,33.8832,9.4118,0.0675,1.0738,272.5047,3.5557,0.0381,0.7205,0.3666,0.0951,5.6386,1.2044,1.0000,0.0000,1,0,0,0,0,0.3720
33.6603,145.3896,0.0864,96.2621,9.4733,34.1039,9.4731,0.0687,1.1093,272.7087,3.6911,0.0381,0.7205,0.3666,0.0952,5.6759,0.6745,1.0000,0.0000,1,0,0,0,0,0.3514
33.7165,144.8561,0.0864,96.2844,9.5347,34.3248,9.5344,0.0698,1.0919,272.9137,3.6480,0.0381,0.7205,0.3666,0.0952,5.6955,0.3494,1.0000,0.0000,1,0,0,0,0,0.3318
33.7727,144.3184,0.0864,96.3087,9.5959,34.5454,9.5957,0.0707,1.0891,273.1196,3.6596,0.0381,0.7205,0.3666,0.0952,5.7052,0.1722,1.0000,0.0000,1,0,0,0,0,0.3233
33.8266,143.8002,0.0864,96.3340,9.6573,34.7661,9.6570,0.0715,1.1376,273.3265,3.8389,0.0381,0.7205,0.3666,0.0953,5.7102,0.0926,1.0000,0.0000,1,0,0,0,0,0.3295
33.8835,143.2499,0.0864,96.3628,9.7185,34.9867,9.7183,0.0723,1.0772,273.5342,3.6515,0.0381,0.7205,0.3666,0.0953,5.7127,0.0444,1.0000,0.0000,1,0,0,0,0,0.3169
33.9397,142.7028,0.0864,96.3935,9.7798,35.2073,9.7795,0.0730,1.0906,273.7428,3.7130,0.0381,0.7205,0.3666,0.0953,5.7140,0.0227,1.0000,0.0000,1,0,0,0,0,0.3195
34.0239,141.8772,0.0864,96.4437,9.8779,35.5605,9.8777,0.0710,1.1658,274.0820,4.0301,0.0381,0.7205,0.3666,0.0953,5.7147,0.0075,1.0000,0.0000,1,0,0,0,0,0.3321
34.0784,141.3386,0.0864,96.4793,9.9392,35.7812,9.9390,0.0665,1.1246,274.3016,4.0283,0.0381,0.7205,0.3666,0.0953,5.7151,0.0080,1.0000,0.0000,1,0,0,0,0,0.3246
34.1336,140.7890,0.0864,96.5176,10.0005,36.0020,10.0003,0.0723,1.1093,274.5229,4.0041,0.0381,0.7205,0.3666,0.0953,5.7152,0.0017,1.0000,0.0000,1,0,0,0,0,0.3309
34.1881,140.2447,0.0864,96.5576,10.0618,36.2225,10.0616,0.0687,1.1253,274.7318,3.8369,0.0322,0.7205,0.3666,0.0881,5.6514,1.1714,1.0000,0.0000,1,0,0,0,0,0.3807
34.2436,139.6861,0.0864,96.6009,10.1232,36.4436,10.1230,0.0652,1.1054,274.9172,3.3380,0.0244,0.7205,0.3666,0.0753,5.3455,5.5068,1.0000,0.0000,1,0,0,0,0,0.5880
34.2996,139.1203,0.0864,96.6465,10.1845,36.6643,10.1844,0.0587,1.0963,275.0470,2.3195,0.0146,0.7205,0.3666,0.0412,4.6405,12.6044,1.0000,0.0000,1,0,0,0,0,0.9155
34.3559,138.5469,0.0864,96.6944,10.2459,36.8853,10.2458,0.0445,1.0894,275.1016,0.9698,0.0068,0.7224,0.3666,0.0177,3.2182,25.2376,1.0000,0.0000,1,0,0,0,0,1.5211
34.4130,137.9632,0.0864,96.7444,10.3074,37.1065,10.3073,0.0318,1.0770,275.1226,0.3677,-0.0010,0.7224,0.3666,0.0076,1.9664,21.9516,1.0000,0.0000,1,0,0,0,0,1.2863
34.4677,137.3995,0.0864,96.7933,10.3688,37.3278,10.3688,0.0228,1.1233,275.1292,0.1210,-0.0049,0.7224,0.3666,0.0033,1.1205,15.4492,1.0000,0.0000,1,0,0,0,0,0.8979
34.5375,136.6761,0.0864,96.8569,10.4426,37.5935,10.4426,0.0158,1.0572,275.1292,0.0004,-0.0069,0.7224,0.3666,0.0012,0.7186,5.7582,1.0000,0.0000,1,0,0,0,0,0.3427
34.5929,136.0983,0.0864,96.9079,10.5041,37.8147,10.5041,0.0124,1.1097,275.1266,-0.0479,-0.0088,0.7224,0.3666,0.0005,0.2479,8.4989,1.0000,0.0000,1,0,0,0,0,0.4926
34.7255,134.7011,0.0864,97.0316,10.6517,38.3460,10.6517,0.0088,1.1129,275.1172,-0.0704,-0.0088,0.7224,0.3666,0.0001,0.1795,0.5162,1.0000,0.0000,1,0,0,0,0,0.0450
34.8157,133.7393,0.0864,97.1168,10.7501,38.7002,10.7501,0.0080,1.0903,275.1104,-0.0764,-0.0088,0.6266,0.3666,0.0000,0.0040,1.9442,1.0000,0.0000,1,0,0,0,0,0.1234
34.8722,133.1330,0.0864,97.1705,10.8116,38.9216,10.8116,0.0078,1.0893,275.1060,-0.0768,-0.0088,0.5152,0.3666,0.0000,0.0008,0.0577,1.0000,0.0000,1,0,0,0,0,0.0182
34.9275,132.5356,0.0864,97.2234,10.8730,39.1429,10.8730,0.0076,1.1118,275.1017,-0.0778,-0.0088,0.4194,0.3666,0.0000,0.0005,0.0043,1.0000,0.0000,1,0,0,0,0,0.0151
34.9831,131.9315,0.0864,97.2768,10.9292,39.3452,10.9292,0.0076,1.0101,275.0974,-0.0779,-0.0088,0.3607,0.3666,0.0000,0.0003,0.0038,0.9776,0.0000,1,0,0,0,0,0.0149
35.0530,131.1693,0.0864,97.3441,10.9404,39.3855,10.9404,0.0075,0.1603,275.0922,-0.0738,-0.0088,0.3236,0.3666,0.0000,0.0002,0.0016,0.8920,0.0000,1,0,0,0,0,0.0144
35.1146,130.5005,0.0864,97.4031,10.8806,39.1700,10.8806,0.0075,-0.9730,275.0870,-0.0853,-0.0088,0.3060,0.3666,0.0000,0.0001,0.0023,0.8229,0.0000,1,0,0,0,0,0.0152
35.1787,129.8088,0.0864,97.4642,10.7717,38.7780,10.7717,0.0059,-1.6987,275.0835,-0.0543,-0.0088,0.2806,0.3666,0.0000,0.0000,0.0007,0.7631,0.0000,1,0,0,0,0,0.0113
35.2342,129.2159,0.0864,97.5168,10.6340,38.2822,10.6340,0.0013,-2.4791,275.0786,-0.0879,-0.0088,0.2434,0.3666,0.0000,0.0000,0.0003,0.6962,0.0000,1,0,0,0,0,0.0067
35.2887,128.6428,0.0864,97.5680,10.4607,37.6583,10.4607,0.0053,-3.1804,275.0737,-0.0907,-0.0088,0.2532,0.3666,0.0000,0.0000,0.0001,0.6635,0.0000,1,0,0,0,0,0.0127
35.3441,128.0700,0.0864,97.6192,10.2560,36.9214,10.2560,0.0039,-3.6931,275.0690,-0.0837,-0.0088,0.2200,0.3666,0.0000,0.0000,0.0001,0.6101,0.0000,1,0,0,0,0,0.0103
35.4001,127.5038,0.0864,97.6694,10.0193,36.0695,10.0193,0.0011,-4.2277,275.0647,-0.0780,-0.0088,0.2082,0.3666,0.0000,0.0000,0.0000,0.5705,0.0000,1,0,0,0,0,0.0060
35.4566,126.9462,0.0864,97.7186,9.7594,35.1338,9.7594,0.0039,-4.5982,275.0604,-0.0750,-0.0088,0.2161,0.3666,0.0000,0.0000,0.0000,0.5489,0.0000,1,0,0,0,0,0.0102
35.5111,126.4230,0.0864,97.7646,9.4912,34.1682,9.4912,0.0056,-4.9228,275.0562,-0.0784,-0.0088,0.2082,0.3666,0.0000,0.0000,0.0000,0.5377,0.0000,1,0,0,0,0,0.0132
35.5819,125.7650,0.0864,97.8223,9.1591,32.9728,9.1591,0.0065,-4.6915,275.0509,-0.0742,-0.0088,0.2082,0.3666,0.0000,0.0000,0.0000,0.5278,0.0000,1,0,0,0,0,0.0148
35.6384,125.2578,0.0864,97.8666,8.8781,31.9612,8.8781,0.0070,-4.9735,275.0466,-0.0756,-0.0088,0.2082,0.3666,0.0000,0.0000,0.0000,0.5241,0.0000,1,0,0,0,0,0.0160
35.6933,124.7804,0.0864,97.9083,8.5954,30.9435,8.5954,0.0072,-5.1486,275.0423,-0.0795,-0.0088,0.2082,0.3666,0.0000,0.0000,0.0000,0.5223,0.0000,1,0,0,0,0,0.0171
35.7491,124.3111,0.0864,97.9492,8.3118,29.9226,8.3118,0.0074,-5.0847,275.0380,-0.0766,-0.0088,0.2082,0.3666,0.0000,0.0000,0.0000,0.5214,0.0000,1,0,0,0,0,0.0176
35.8046,123.8600,0.0864,97.9887,8.0278,28.9003,8.0278,0.0059,-5.1183,275.0427,0.0842,-0.0088,0.2082,0.3666,0.0000,0.0000,0.0000,0.5210,0.0000,1,0,0,0,0,0.0157
35.8620,123.4096,0.0864,98.0280,7.7424,27.8726,7.7424,0.0077,-4.9706,275.0475,0.0845,-0.0088,0.2023,0.3666,0.0000,0.0000,0.0000,0.5167,0.0000,1,0,0,0,0,0.0196
35.9157,123.0040,0.0864,98.0633,7.4372,26.7739,7.4372,0.0086,-5.6804,275.0525,0.0926,-0.0088,0.1691,0.3666,0.0000,0.0000,0.0000,0.4750,0.0000,1,0,0,0,0,0.0226
35.9712,122.6028,0.0864,98.0984,7.1073,25.5861,7.1073,0.0044,-5.9510,275.0569,0.0804,-0.0088,0.1691,0.3666,0.0000,0.0000,0.0000,0.4483,0.0000,1,0,0,0,0,0.0137
36.0271,122.2171,0.0864,98.1323,6.7644,24.3520,6.7644,0.0046,-6.1313,275.0540,-0.0529,-0.0088,0.1750,0.3666,0.0000,0.0000,0.0000,0.4369,0.0000,1,0,0,0,0,0.0132
36.0964,121.7652,0.0864,98.1718,6.3562,22.8823,6.3562,0.0061,-5.8857,275.0488,-0.0744,-0.0088,0.1848,0.3666,0.0000,0.0000,0.0000,0.4488,0.0000,1,0,0,0,0,0.0186
36.1528,121.4195,0.0864,98.2019,5.9528,21.4299,5.9528,0.0069,-7.1559,275.0436,-0.0920,-0.0088,0.1867,0.3666,0.0000,0.0000,0.0000,0.4526,0.0000,1,0,0,0,0,0.0226
36.2086,121.0962,0.0864,98.2299,5.6259,20.2534,5.6259,0.0072,-5.8614,275.0393,-0.0777,-0.0088,0.1926,0.3666,0.0000,0.0000,0.0000,0.4670,0.0000,1,0,0,0,0,0.0236
36.2646,120.7897,0.0864,98.2565,5.3093,19.1135,5.3093,0.0074,-5.6556,275.0350,-0.0774,-0.0088,0.2023,0.3666,0.0000,0.0000,0.0000,0.4832,0.0000,1,0,0,0,0,0.0251
36.3198,120.5047,0.0864,98.2811,5.0087,18.0314,5.0087,0.0080,-5.4450,275.0399,0.0890,-0.0088,0.2180,0.3666,0.0000,0.0000,0.0000,0.5094,0.0000,1,0,0,0,0,0.0288
36.3775,120.2238,0.0864,98.3054,4.7278,17.0201,4.7278,0.0083,-4.8685,275.0447,0.0841,-0.0088,0.2219,0.3666,0.0000,0.0000,0.0000,0.5334,0.0000,1,0,0,0,0,0.0311
36.4304,119.9807,0.0864,98.3263,4.4611,16.0600,4.4611,0.0084,-5.0426,275.0497,0.0935,-0.0088,0.2375,0.3666,0.0000,0.0000,0.0000,0.5566,0.0000,1,0,0,0,0,0.0336
36.4869,119.7351,0.0864,98.3475,4.2170,15.1814,4.2170,0.0085,-4.3146,275.0546,0.0863,-0.0088,0.2454,0.3666,0.0000,0.0000,0.0000,0.5871,0.0000,1,0,0,0,0,0.0349
36.5430,119.5051,0.0864,98.3673,3.9811,14.3320,3.9811,0.0084,-4.2066,275.0594,0.0871,-0.0088,0.2336,0.3666,0.0000,0.0000,0.0000,0.5873,0.0000,1,0,0,0,0,0.0365
36.5999,119.2856,0.0864,98.3862,3.7444,13.4798,3.7444,0.0083,-4.1640,275.0644,0.0870,-0.0088,0.2395,0.3666,0.0000,0.0000,0.0000,0.5891,0.0000,1,0,0,0,0,0.0381
36.6539,119.0893,0.0864,98.4031,3.5301,12.7085,3.5301,0.0081,-3.9637,275.0674,0.0559,-0.0088,0.2942,0.3666,0.0000,0.0000,0.0000,0.6450,0.0000,1,0,0,0,0,0.0377
36.7092,118.8989,0.0864,98.4194,3.3718,12.1385,3.3718,0.0076,-2.8652,275.0630,-0.0790,-0.0088,0.3236,0.3666,0.0000,0.0000,0.0000,0.7255,0.0000,1,0,0,0,0,0.0382
36.7650,118.7140,0.0864,98.4353,3.2667,11.7600,3.2667,0.0073,-1.8824,275.0588,-0.0765,-0.0088,0.3548,0.3666,0.0000,0.0000,0.0000,0.7981,0.0000,1,0,0,0,0,0.0377
36.8214,118.5323,0.0864,98.4509,3.2102,11.5567,3.2102,0.0071,-1.0026,275.0544,-0.0769,-0.0088,0.3705,0.3666,0.0000,0.0000,0.0000,0.8588,0.0000,1,0,0,0,0,0.0376
36.8773,118.3539,0.0864,98.4663,3.1986,11.5148,3.1985,0.0070,-0.2081,275.0502,-0.0764,-0.0088,0.4018,0.3666,0.0000,0.0000,0.0000,0.9244,0.0000,1,0,0,0,0,0.0373
36.9329,118.1763,0.0864,98.4815,3.2206,11.5942,3.2206,0.0070,0.3970,275.0458,-0.0780,-0.0088,0.3959,0.3666,0.0000,0.0000,0.0000,0.9556,0.0000,1,0,0,0,0,0.0369
36.9896,117.9933,0.0864,98.4972,3.2608,11.7388,3.2608,0.0070,0.7079,275.0415,-0.0764,-0.0088,0.4155,0.3666,0.0000,0.0000,0.0000,0.9782,0.0000,1,0,0,0,0,0.0363
37.0452,117.8114,0.0864,98.5128,3.3118,11.9226,3.3118,0.0070,0.9185,275.0372,-0.0774,-0.0088,0.4272,0.3666,0.0000,0.0000,0.0000,0.9893,0.0000,1,0,0,0,0,0.0359
37.1266,117.5394,0.0864,98.5361,3.3916,12.2097,3.3916,0.0070,0.9793,275.0311,-0.0746,-0.0088,0.4213,0.3666,0.0000,0.0000,0.0000,0.9961,0.0000,1,0,0,0,0,0.0350
37.1819,117.3513,0.0864,98.5522,3.4305,12.3498,3.4305,0.0070,0.7044,275.0268,-0.0779,-0.0088,0.3294,0.3666,0.0000,0.0000,0.0000,0.9409,0.0000,1,0,0,0,0,0.0350
37.2390,117.1565,0.0864,98.5688,3.4035,12.2525,3.4035,0.0070,-0.4730,275.0225,-0.0753,-0.0088,0.2473,0.3666,0.0000,0.0000,0.0000,0.8229,0.0000,1,0,0,0,0,0.0351
37.2948,116.9714,0.0864,98.5846,3.2594,11.7338,3.2594,0.0070,-2.5842,275.0182,-0.0777,-0.0088,0.1457,0.3666,0.0000,0.0000,0.0000,0.6367,0.0000,1,0,0,0,0,0.0365
37.3531,116.7917,0.0864,98.5999,2.8958,10.4247,2.8957,0.0069,-6.2387,275.0130,-0.0895,-0.0088,0.0851,0.3666,0.0000,0.0000,0.0000,0.4089,0.0000,1,0,0,0,0,0.0409
37.4065,116.6463,0.0864,98.6122,2.5646,9.2324,2.5645,0.0068,-6.1972,275.0095,-0.0651,-0.0088,0.0479,0.3666,0.0000,0.0000,0.0000,0.3006,0.0000,1,0,0,0,0,0.0433
37.4623,116.5198,0.0864,98.6229,2.0654,7.4355,2.0654,0.0065,-8.9430,275.0052,-0.0771,-0.0088,0.0069,0.3666,0.0000,0.0000,0.0000,0.1740,0.0000,1,0,0,0,0,0.0518
37.5176,116.4247,0.0864,98.6308,1.4899,5.3638,1.4899,0.0061,-10.4176,275.0008,-0.0790,-0.0088,-0.0010,0.3666,0.0000,0.0000,0.0000,0.0866,0.0000,1,0,0,0,0,0.0659
37.5714,116.3638,0.0864,98.6358,0.8714,3.1371,0.8714,0.0053,-11.4914,274.9964,-0.0816,-0.0088,-0.0010,0.3666,0.0000,0.0000,0.0000,0.0424,0.0000,1,0,0,0,0,0.0952
37.6557,116.3338,0.0864,98.6380,0.0001,0.0002,0.0000,0.0001,-10.3312,274.9898,-0.0782,-0.0088,-0.0010,0.3666,0.0000,0.0000,0.0000,0.0135,0.0000,1,0,0,0,0,0.0043
37.7115,116.3338,0.0864,98.6380,0.0001,0.0002,0.0000,0.0001,0.0002,274.9903,0.0077,-0.0088,-0.0010,0.3666,0.0000,0.0000,0.0000,0.0066,0.0000,1,0,0,0,0,0.0004
37.7680,116.3338,0.0864,98.6380,0.0001,0.0002,0.0000,0.0001,-0.0002,274.9906,0.0065,-0.0088,-0.0010,0.3666,0.0000,0.0000,0.0000,0.0032,0.0000,1,0,0,0,0,0.0004
37.8236,116.3338,0.0864,98.6380,0.0001,0.0002,0.0000,0.0001,-0.0001,274.9910,0.0060,-0.0088,-0.0010,0.3666,0.0000,0.0000,0.0000,0.0016,0.0000,1,0,0,0,0,0.0003
37.8795,116.3338,0.0864,98.6380,0.0001,0.0002,0.0000,0.0001,0.0000,274.9912,0.0049,-0.0088,-0.0010,0.3666,0.0000,0.0000,0.0000,0.0008,0.0000,1,0,0,0,0,0.0003
37.9363,116.3338,0.0864,98.6380,0.0001,0.0002,0.0000,0.0000,0.0000,274.9915,0.0038,-0.0088,-0.0264,0.3666,0.0000,0.0000,0.0000,0.0004,0.0000,1,0,0,0,0,0.0002
37.9918,116.3338,0.0864,98.6380,0.0000,0.0002,0.0000,0.0000,0.0000,274.9917,0.0039,-0.0088,-0.0518,0.3666,0.0000,0.0000,0.0000,0.0002,0.0000,1,0,0,0,0,0.0002
38.0502,116.3338,0.0864,98.6380,0.0000,0.0002,0.0000,0.0000,0.0000,274.9918,0.0026,-0.0088,-0.0655,0.3666,0.0000,0.0000,0.0000,0.0001,0.0000,1,0,0,0,0,0.0001
38.1024,116.3338,0.0864,98.6380,0.0000,0.0002,0.0000,0.0000,0.0000,274.9920,0.0035,-0.0088,-0.0811,0.3666,0.0000,0.0000,0.0000,0.0000,0.0000,1,0,0,0,0,0.0002
38.1603,116.3338,0.0864,98.6380,0.0000,0.0002,0.0000,0.0000,0.0000,274.9922,0.0037,-0.0088,-0.0889,0.3666,0.0000,0.0000,0.0000,0.0000,0.0000,1,0,0,0,0,0.0002
38.2138,116.3338,0.0864,98.6380,0.0000,0.0002,0.0000,0.0000,0.0000,274.9924,0.0029,-0.0088,-0.0909,0.3666,0.0000,0.0000,0.0000,0.0000,0.0000,1,0,0,0,0,0.0002
38.2698,116.3338,0.0864,98.6380,0.0000,0.0002,0.0000,0.0000,0.0000,274.9926,0.0033,-0.0088,-0.0929,0.3666,0.0000,0.0000,0.0000,0.0000,0.0000,1,0,0,0,0,0.0002
38.3259,116.3338,0.0864,98.6380,0.0000,0.0002,0.0000,0.0000,0.0000,274.9928,0.0038,-0.0088,-0.0929,0.3666,0.0000,0.0000,0.0000,0.0000,0.0000,1,0,0,0,0,0.0002
38.3808,116.3338,0.0864,98.6380,0.0000,0.0002,0.0000,0.0000,0.0000,274.9930,0.0033,-0.0088,-0.0929,0.3666,0.0000,0.0000,0.0000,0.0000,0.0000,1,0,0,0,0,0.0002
38.4372,116.3338,0.0864,98.6380,0.0000,0.0002,0.0000,0.0000,0.0000,274.9931,0.0027,-0.0088,-0.0929,0.3666,0.0000,0.0000,0.0000,0.0000,0.0000,1,0,0,0,0,0.0002
38.4925,116.3338,0.0864,98.6380,0.0000,0.0002,0.0000,0.0000,0.0000,274.9933,0.0033,-0.0088,-0.0929,0.3666,0.0000,0.0000,0.0000,0.0000,0.0000,1,0,0,0,0,0.0002
38.5489,116.3338,0.0864,98.6380,0.0000,0.0002,0.0000,0.0000,0.0000,274.9935,0.0032,-0.0088,-0.0929,0.3666,0.0000,0.0000,0.0000,0.0000,0.0000,1,0,0,0,0,0.0002
38.6044,116.3338,0.0864,98.6380,0.0000,0.0002,0.0000,0.0000,0.0000,274.9936,0.0027,-0.0088,-0.0929,0.3666,0.0000,0.0000,0.0000,0.0000,0.0000,1,0,0,0,0,0.0002
38.6751,116.3338,0.0864,98.6380,0.0000,0.0002,0.0000,0.0000,0.0000,274.9939,0.0035,-0.0088,-0.0929,0.3666,0.0000,0.0000,0.0000,0.0000,0.0000,1,0,0,0,0,0.0002
38.7296,116.3338,0.0864,98.6380,0.0000,0.0002,0.0000,0.0000,0.0000,274.9940,0.0028,-0.0088,-0.0929,0.3666,0.0000,0.0000,0.0000,0.0000,0.0000,1,0,0,0,0,0.0002
38.7857,116.3338,0.0864,98.6380,0.0000,0.0002,0.0000,0.0000,0.0000,274.9942,0.0038,-0.0088,-0.0929,0.3666,0.0000,0.0000,0.0000,0.0000,0.0000,1,0,0,0,0,0.0002
38.8414,116.3338,0.0864,98.6380,0.0000,0.0002,0.0000,0.0000,0.0000,274.9945,0.0044,-0.0088,-0.0929,0.3666,0.0000,0.0000,0.0000,0.0000,0.0000,1,0,0,0,0,0.0002
38.8966,116.3338,0.0864,98.6380,0.0000,0.0002,0.0000,0.0000,0.0000,274.9947,0.0039,-0.0088,-0.0929,0.3666,0.0000,0.0000,0.0000,0.0000,0.0000,1,0,0,0,0,0.0002
38.9527,116.3338,0.0864,98.6380,0.0000,0.0002,0.0000,0.0000,0.0000,274.9949,0.0044,-0.0088,-0.0929,0.3666,0.0000,0.0000,0.0000,0.0000,0.0000,1,0,0,0,0,0.0002
39.0089,116.3338,0.0864,98.6380,0.0000,0.0002,0.0000,0.0000,0.0000,274.9952,0.0054,-0.0088,-0.0929,0.3666,0.0000,0.0000,0.0000,0.0000,0.0000,1,0,0,0,0,0.0003
39.0641,116.3338,0.0864,98.6380,0.0000,0.0002,0.0000,0.0000,0.0000,274.9955,0.0055,-0.0088,-0.0929,0.3666,0.0000,0.0000,0.0000,0.0000,0.0000,1,0,0,0,0,0.0003
39.1194,116.3338,0.0864,98.6380,0.0000,0.0002,0.0000,0.0000,0.0000,274.9959,0.0061,-0.0088,-0.0929,0.3666,0.0000,0.0000,0.0000,0.0000,0.0000,1,0,0,0,0,0.0003
39.1896,116.3338,0.0864,98.6380,0.0000,0.0002,0.0000,0.0000,0.0000,274.9962,0.0039,-0.0088,-0.0929,0.3666,0.0000,0.0000,0.0000,0.0000,0.0000,1,0,0,0,0,0.0002
39.2446,116.3338,0.0864,98.6380,0.0000,0.0002,0.0000,0.0000,0.0000,274.9964,0.0044,-0.0088,-0.0929,0.3666,0.0000,0.0000,0.0000,0.0000,0.0000,1,0,0,0,0,0.0002
39.3003,116.3338,0.0864,98.6380,0.0000,0.0002,0.0000,0.0000,0.0000,274.9966,0.0044,-0.0088,-0.0929,0.3666,0.0000,0.0000,0.0000,0.0000,0.0000,1,0,0,0,0,0.0002
39.3558,116.3338,0.0864,98.6380,0.0000,0.0002,0.0000,0.0000,0.0000,274.9969,0.0044,-0.0088,-0.0929,0.3666,0.0000,0.0000,0.0000,0.0000,0.0000,1,0,0,0,0,0.0002
39.4112,116.3338,0.0864,98.6380,0.0000,0.0002,0.0000,0.0000,0.0000,274.9972,0.0050,-0.0088,-0.0929,0.3666,0.0000,0.0000,0.0000,0.0000,0.0000,1,0,0,0,0,0.0003
39.4678,116.3338,0.0864,98.6380,0.0000,0.0002,0.0000,0.0000,0.0000,274.9974,0.0043,-0.0088,-0.0929,0.3666,0.0000,0.0000,0.0000,0.0000,0.0000,1,0,0,0,0,0.0002
39.5231,116.3338,0.0864,98.6380,0.0000,0.0002,0.0000,0.0000,0.0000,274.9976,0.0039,-0.0088,-0.0929,0.3666,0.0000,0.0000,0.0000,0.0000,0.0000,1,0,0,0,0,0.0002
39.5790,116.3338,0.0864,98.6380,0.0000,0.0002,0.0000,0.0000,0.0000,274.9979,0.0044,-0.0088,-0.0929,0.3666,0.0000,0.0000,0.0000,0.0000,0.0000,1,0,0,0,0,0.0002
39.6371,116.3338,0.0864,98.6380,0.0000,0.0002,0.0000,0.0000,0.0000,274.9982,0.0052,-0.0088,-0.0929,0.3666,0.0000,0.0000,0.0000,0.0000,0.0000,1,0,0,0,0,0.0003
39.7053,116.3338,0.0864,98.6380,0.0000,0.0002,0.0000,0.0000,0.0000,274.9985,0.0045,-0.0088,-0.0929,0.3666,0.0000,0.0000,0.0000,0.0000,0.0000,1,0,0,0,0,0.0002
39.7615,116.3338,0.0864,98.6380,0.0000,0.0002,0.0000,0.0000,0.0000,274.9987,0.0044,-0.0088,-0.0929,0.3666,0.0000,0.0000,0.0000,0.0000,0.0000,1,0,0,0,0,0.0002
39.8158,116.3338,0.0864,98.6380,0.0000,0.0002,0.0000,0.0000,0.0000,274.9989,0.0039,-0.0088,-0.0929,0.3666,0.0000,0.0000,0.0000,0.0000,0.0000,1,0,0,0,0,0.0002
39.8710,116.3338,0.0864,98.6380,0.0000,0.0002,0.0000,0.0000,0.0000,274.9991,0.0033,-0.0088,-0.0929,0.3666,0.0000,0.0000,0.0000,0.0000,0.0000,1,0,0,0,0,0.0002
39.9263,116.3338,0.0864,98.6380,0.0000,0.0002,0.0000,0.0000,0.0000,274.9994,0.0050,-0.0088,-0.0929,0.3666,0.0000,0.0000,0.0000,0.0000,0.0000,1,0,0,0,0,0.0003
39.9820,116.3338,0.0864,98.6380,0.0000,0.0002,0.0000,0.0000,0.0000,274.9997,0.0055,-0.0088,-0.0929,0.3666,0.0000,0.0000,0.0000,0.0000,0.0000,1,0,0,0,0,0.0003
40.0377,116.3338,0.0864,98.6380,0.0000,0.0002,0.0000,0.0000,0.0000,275.0000,0.0049,-0.0088,-0.0929,0.3666,0.0000,0.0000,0.0000,0.0000,0.0000,1,0,0,0,0,0.0003
40.0927,116.3338,0.0864,98.6380,0.0000,0.0002,0.0000,0.0000,0.0000,275.0002,0.0050,-0.0088,-0.0929,0.3666,0.0000,0.0000,0.0000,0.0000,0.0000,1,0,0,0,0,0.0003
40.1485,116.3338,0.0864,98.6380,0.0000,0.0002,0.0000,0.0000,0.0000,275.0005,0.0044,-0.0088,-0.0929,0.3666,0.0000,0.0000,0.0000,0.0000,0.0000,1,0,0,0,0,0.0002
40.2045,116.3338,0.0864,98.6380,0.0000,0.0002,0.0000,0.0000,0.0000,275.0009,0.0065,-0.0088,-0.0929,0.3666,0.0000,0.0000,0.0000,0.0000,0.0000,1,0,0,0,0,0.0004
40.2599,116.3338,0.0864,98.6380,0.0000,0.0002,0.0000,0.0000,0.0000,275.0012,0.0055,-0.0088,-0.0929,0.3666,0.0000,0.0000,0.0000,0.0000,0.0000,1,0,0,0,0,0.0003
40.3159,116.3338,0.0864,98.6380,0.0000,0.0002,0.0000,0.0000,0.0000,275.0015,0.0054,-0.0088,-0.0929,0.3666,0.0000,0.0000,0.0000,0.0000,0.0000,1,0,0,0,0,0.0003
40.3851,116.3338,0.0864,98.6380,0.0000,0.0002,0.0000,0.0000,0.0000,275.0017,0.0040,-0.0088,-0.0929,0.3666,0.0000,0.0000,0.0000,0.0000,0.0000,1,0,0,0,0,0.0002
40.4397,116.3338,0.0864,98.6380,0.0000,0.0002,0.0000,0.0000,0.0000,275.0020,0.0045,-0.0088,-0.0929,0.3666,0.0000,0.0000,0.0000,0.0000,0.0000,1,0,0,0,0,0.0002
40.4955,116.3338,0.0864,98.6380,0.0000,0.0002,0.0000,0.0000,0.0000,275.0022,0.0044,-0.0088,-0.0929,0.3666,0.0000,0.0000,0.0000,0.0000,0.0000,1,0,0,0,0,0.0002
40.5519,116.3338,0.0864,98.6380,0.0000,0.0002,0.0000,0.0000,0.0000,275.0025,0.0049,-0.0088,-0.0929,0.3666,0.0000,0.0000,0.0000,0.0000,0.0000,1,0,0,0,0,0.0003
40.6075,116.3338,0.0864,98.6380,0.0000,0.0002,0.0000,0.0000,0.0000,275.0028,0.0049,-0.0088,-0.0929,0.3666,0.0000,0.0000,0.0000,0.0000,0.0000,1,0,0,0,0,0.0003
40.6618,116.3338,0.0864,98.6380,0.0000,0.0002,0.0000,0.0000,0.0000,275.0031,0.0051,-0.0088,-0.0870,0.3666,0.0000,0.0000,0.0000,0.0000,0.0000,1,0,0,0,0,0.0003
40.7188,116.3338,0.0864,98.6380,0.0000,0.0002,0.0000,0.0000,0.0000,275.0032,0.0032,-0.0088,-0.0713,0.3666,0.0000,0.0000,0.0000,0.0000,0.0000,1,0,0,0,0,0.0002
40.7760,116.3338,0.0864,98.6380,0.0000,0.0002,0.0000,0.0000,0.0000,275.0034,0.0032,-0.0088,-0.0518,0.3666,0.0000,0.0000,0.0000,0.0000,0.0000,1,0,0,0,0,0.0002
40.8286,116.3338,0.0864,98.6380,0.0000,0.0002,0.0000,0.0000,0.0000,275.0036,0.0035,-0.0088,-0.0342,0.3666,0.0000,0.0000,0.0000,0.0000,0.0000,1,0,0,0,0,0.0002
40.8859,116.3338,0.0864,98.6380,0.0001,0.0003,0.0000,0.0001,0.0004,275.0038,0.0032,-0.0088,0.0166,0.3666,0.0000,0.0000,0.0000,0.0082,0.0000,1,0,0,0,0,0.0002
40.9411,116.3338,0.0864,98.6380,0.0002,0.0009,0.0000,0.0002,0.0030,275.0045,0.0127,-0.0088,0.0655,0.3666,0.0000,0.0000,0.0000,0.0677,0.0000,1,0,0,0,0,0.0007
40.9965,116.3338,0.0864,98.6380,0.0001,0.0004,0.0000,0.0001,-0.0020,275.0041,-0.0066,-0.0088,0.1183,0.3666,0.0000,0.0000,0.0000,0.1606,0.0000,1,0,0,0,0,0.0004
41.0519,116.3338,0.0864,98.6380,0.0002,0.0009,-0.0001,0.0002,0.0021,275.0032,-0.0165,-0.0088,0.1496,0.3666,0.0000,0.0000,0.0000,0.2575,0.0000,1,0,0,0,0,0.0009
41.1081,116.3338,0.0864,98.6380,0.0003,0.0012,-0.0001,0.0003,0.0018,275.0019,-0.0233,-0.0088,0.1789,0.3666,0.0000,0.0000,0.0000,0.3421,0.0000,1,0,0,0,0,0.0013
41.1667,116.3338,0.0864,98.6379,0.0004,0.0016,-0.0001,0.0004,0.0017,275.0003,-0.0276,-0.0088,0.2200,0.3666,0.0000,0.0000,0.0000,0.4242,0.0000,1,0,0,0,0,0.0015
41.2199,116.3338,0.0864,98.6379,0.0006,0.0020,-0.0001,0.0005,0.0024,274.9981,-0.0402,-0.0088,0.2747,0.3666,0.0000,0.0000,0.0000,0.5332,0.0000,1,0,0,0,0,0.0022
41.2751,116.3338,0.0864,98.6378,0.0007,0.0025,-0.0001,0.0007,0.0026,274.9953,-0.0519,-0.0088,0.2884,0.3666,0.0000,0.0000,0.0000,0.6280,0.0000,1,0,0,0,0,0.0029
41.3304,116.3338,0.0864,98.6377,0.0010,0.0037,0.0001,0.0010,0.0056,274.9899,-0.0966,-0.0088,0.3451,0.3666,0.0000,0.0000,0.0000,0.7335,0.0000,1,0,0,0,0,0.0054
41.3869,116.3337,0.0864,98.6375,0.0013,0.0046,0.0003,0.0012,0.0045,274.9825,-0.1323,-0.0088,0.3705,0.3666,0.0000,0.0000,0.0000,0.8225,0.0000,1,0,0,0,0,0.0074
41.4413,116.3337,0.0864,98.6374,0.0015,0.0053,0.0004,0.0014,0.0038,274.9733,-0.1688,-0.0088,0.3920,0.3666,0.0000,0.0000,0.0000,0.8941,0.0000,1,0,0,0,0,0.0094
41.4982,116.3334,0.0864,98.6373,0.0118,0.0426,0.0118,0.0012,0.1823,274.9651,-0.1427,-0.0088,0.4096,0.3666,0.0000,0.0000,0.0000,0.9478,0.0000,1,0,0,0,0,0.0079
41.5530,116.3318,0.0864,98.6373,0.0482,0.1734,0.0481,0.0013,0.6629,274.9605,-0.0847,-0.0088,0.4155,0.3666,0.0000,0.0000,0.0000,0.9744,0.0000,1,0,0,0,0,0.0047
41.6090,116.3278,0.0864,98.6375,0.0974,0.3505,0.0973,0.0016,0.8778,274.9561,-0.0784,-0.0088,0.4174,0.3666,0.0000,0.0000,0.0000,0.9875,0.0000,1,0,0,0,0,0.0044
41.6652,116.3207,0.0864,98.6379,0.1529,0.5503,0.1528,0.0018,0.9880,274.9517,-0.0782,-0.0088,0.4213,0.3666,0.0000,0.0000,0.0000,0.9939,0.0000,1,0,0,0,0,0.0043
41.7207,116.3106,0.0864,98.6386,0.2114,0.7611,0.2114,0.0021,1.0557,274.9473,-0.0792,-0.0088,0.4213,0.3666,0.0000,0.0000,0.0000,0.9970,0.0000,1,0,0,0,0,0.0044
41.7905,116.2932,0.0864,98.6399,0.2835,1.0208,0.2835,0.0025,1.0337,274.9421,-0.0748,-0.0088,0.4213,0.3666,0.0000,0.0000,0.0000,0.9987,0.0000,1,0,0,0,0,0.0042
41.8473,116.2750,0.0864,98.6412,0.3567,1.2841,0.3567,0.0028,1.2870,274.9368,-0.0929,-0.0088,0.4213,0.3666,0.0000,0.0000,0.0000,0.9995,0.0000,1,0,0,0,0,0.0052
41.9026,116.2540,0.0864,98.6428,0.4179,1.5043,0.4178,0.0030,1.1061,274.9325,-0.0789,-0.0088,0.4213,0.3666,0.0000,0.0000,0.0000,0.9997,0.0000,1,0,0,0,0,0.0044
41.9566,116.2302,0.0864,98.6446,0.4669,1.6809,0.4669,0.0032,0.9088,274.9290,-0.0650,-0.0088,0.4213,0.3666,0.0000,0.0000,0.0000,0.9999,0.0000,1,0,0,0,0,0.0036
42.0122,116.2024,0.0864,98.6468,0.5283,1.9019,0.5283,0.0034,1.1027,274.9246,-0.0779,-0.0088,0.4213,0.3666,0.0000,0.0000,0.0000,0.9999,0.0000,1,0,0,0,0,0.1005
42.0689,116.1705,0.0864,98.6493,0.5898,2.1233,0.5898,0.0036,1.0861,274.9203,-0.0765,-0.0088,0.4213,0.3666,0.0000,0.0000,0.0000,1.0000,0.0000,1,0,0,0,0,0.0954
42.1263,116.1346,0.0864,98.6521,0.6635,2.3888,0.6635,0.0038,1.2849,274.9150,-0.0915,-0.0088,0.4213,0.3666,0.0000,0.0000,0.0000,1.0000,0.0000,1,0,0,0,0,0.0913
42.1810,116.0970,0.0864,98.6550,0.7250,2.6101,0.7250,0.0040,1.1236,274.9107,-0.0792,-0.0088,0.4213,0.3666,0.0000,0.0000,0.0000,1.0000,0.0000,1,0,0,0,0,0.0869
42.2355,116.0562,0.0864,98.6582,0.7865,2.8315,0.7865,0.0042,1.1275,274.9063,-0.0811,-0.0088,0.4213,0.3666,0.0000,0.0000,0.0000,1.0000,0.0000,1,0,0,0,0,0.0837
42.3050,115.9994,0.0864,98.6627,0.8603,3.0970,0.8603,0.0043,1.0610,274.9010,-0.0755,-0.0088,0.4213,0.3666,0.0000,0.0000,0.0000,1.0000,0.0000,1,0,0,0,0,0.0797
42.3609,115.9500,0.0864,98.6667,0.9218,3.3184,0.9218,0.0045,1.1020,274.8966,-0.0787,-0.0088,0.4213,0.3666,0.0000,0.0000,0.0000,1.0000,0.0000,1,0,0,0,0,0.0772
42.4168,115.8970,0.0864,98.6709,0.9832,3.5395,0.9832,0.0046,1.0986,274.8922,-0.0792,-0.0088,0.4213,0.3666,0.0000,0.0000,0.0000,1.0000,0.0000,1,0,0,0,0,0.0747
42.4738,115.8395,0.0864,98.6755,1.0447,3.7610,1.0447,0.0047,1.0789,274.8878,-0.0765,-0.0088,0.4213,0.3666,0.0000,0.0000,0.0000,1.0000,0.0000,1,0,0,0,0,0.0722
42.5291,115.7802,0.0864,98.6802,1.1062,3.9825,1.1062,0.0049,1.1123,274.8835,-0.0795,-0.0088,0.4213,0.3666,0.0000,0.0000,0.0000,1.0000,0.0000,1,0,0,0,0,0.0703
42.5841,115.7179,0.0864,98.6852,1.1677,4.2038,1.1677,0.0050,1.1165,274.8791,-0.0793,-0.0088,0.4213,0.3666,0.0000,0.0000,0.0000,1.0000,0.0000,1,0,0,0,0,0.0683
42.6398,115.6515,0.0864,98.6905,1.2292,4.4250,1.2292,0.0051,1.1049,274.8747,-0.0785,-0.0088,0.4213,0.3666,0.0000,0.0000,0.0000,1.0000,0.0000,1,0,0,0,0,0.0664
42.6952,115.5820,0.0864,98.6961,1.2907,4.6464,1.2907,0.0052,1.1100,274.8704,-0.0782,-0.0088,0.4213,0.3666,0.0000,0.0000,0.0000,1.0000,0.0000,1,0,0,0,0,0.0647
42.7510,115.5084,0.0864,98.7020,1.3521,4.8677,1.3521,0.0053,1.1002,274.8660,-0.0786,-0.0088,0.4213,0.3666,0.0000,0.0000,0.0000,1.0000,0.0000,1,0,0,0,0,0.0630
42.8217,115.4105,0.0864,98.7099,1.4259,5.1333,1.4259,0.0054,1.0444,274.8608,-0.0739,-0.0088,0.4213,0.3666,0.0000,0.0000,0.0000,1.0000,0.0000,1,0,0,0,0,0.0608
42.8762,115.3311,0.0864,98.7163,1.4874,5.3548,1.4874,0.0055,1.1279,274.8564,-0.0800,-0.0088,0.4252,0.3666,0.0000,0.0000,0.0000,1.0000,0.0000,1,0,0,0,0,0.0597
42.9322,115.2462,0.0864,98.7231,1.5489,5.5761,1.5489,0.0056,1.0974,274.8521,-0.0779,-0.0088,0.4350,0.3666,0.0000,0.0000,0.0000,1.0000,0.0000,1,0,0,0,0,0.0582
42.9880,115.1582,0.0864,98.7302,1.6104,5.7974,1.6104,0.0056,1.1024,274.8477,-0.0783,-0.0088,0.4506,0.3666,0.0000,0.0000,0.0000,1.0000,0.0000,1,0,0,0,0,0.0569
43.0445,115.0656,0.0864,98.7376,1.6719,6.0187,1.6718,0.0057,1.0882,274.8434,-0.0767,-0.0088,0.4624,0.3666,0.0000,0.0000,0.0000,1.0000,0.0000,1,0,0,0,0,0.0556
43.1019,114.9678,0.0864,98.7455,1.7456,6.2843,1.7456,0.0058,1.2844,274.8382,-0.0903,-0.0088,0.4780,0.3666,0.0000,0.0000,0.0000,1.0000,0.0000,1,0,0,0,0,0.0551
43.1556,114.8731,0.0864,98.7532,1.7948,6.4614,1.7948,0.0059,0.9167,274.8347,-0.0654,-0.0088,0.4937,0.3666,0.0000,0.0000,0.0000,1.0000,0.0000,1,0,0,0,0,0.0526
43.2236,114.7486,0.0864,98.7632,1.8809,6.7712,1.8809,0.0060,1.2656,274.8286,-0.0889,-0.0088,0.5034,0.3666,0.0000,0.0000,0.0000,1.0000,0.0000,1,0,0,0,0,0.0527
43.2800,114.6414,0.0864,98.7718,1.9424,6.9928,1.9424,0.0060,1.0911,274.8242,-0.0773,-0.0088,0.5132,0.3666,0.0000,0.0000,0.0000,1.0000,0.0000,1,0,0,0,0,0.0510
43.3360,114.5315,0.0864,98.7807,2.0039,7.2140,2.0039,0.0061,1.0978,274.8199,-0.0780,-0.0088,0.5191,0.3666,0.0000,0.0000,0.0000,1.0000,0.0000,1,0,0,0,0,0.0500
43.3918,114.4187,0.0864,98.7898,2.0654,7.4355,2.0654,0.0062,1.1032,274.8156,-0.0772,-0.0088,0.5367,0.3666,0.0000,0.0000,0.0000,1.0000,0.0000,1,0,0,0,0,0.0491
43.4500,114.2971,0.0864,98.7996,2.1269,7.6569,2.1269,0.0062,1.0557,274.8112,-0.0749,-0.0088,0.5464,0.3666,0.0000,0.0000,0.0000,1.0000,0.0000,1,0,0,0,0,0.0480
43.5042,114.1807,0.0864,98.8090,2.1883,7.8780,2.1883,0.0063,1.1338,274.8069,-0.0794,-0.0088,0.5503,0.3666,0.0000,0.0000,0.0000,1.0000,0.0000,1,0,0,0,0,0.0474
43.5597,114.0581,0.0864,98.8189,2.2498,8.0994,2.2498,0.0063,1.1083,274.8026,-0.0786,-0.0108,0.5543,0.3666,0.0000,0.0000,0.0000,1.0000,0.0000,1,0,0,0,0,0.0465
43.6148,113.9329,0.0864,98.8290,2.3113,8.3208,2.3113,0.0064,1.1154,274.7982,-0.0786,-0.0108,0.5543,0.3666,0.0000,0.0000,0.0000,1.0000,0.0000,1,0,0,0,0,0.0457
43.6702,113.8037,0.0864,98.8394,2.3728,8.5421,2.3728,0.0064,1.1092,274.7939,-0.0782,-0.0127,0.5562,0.3666,0.0000,0.0000,0.0000,1.0000,0.0000,1,0,0,0,0,0.0449
43.7268,113.6683,0.0864,98.8503,2.4343,8.7636,2.4343,0.0065,1.0875,274.7895,-0.0777,-0.0127,0.5562,0.3666,0.0000,0.0000,0.0000,1.0000,0.0000,1,0,0,0,0,0.0441
43.7820,113.5328,0.0864,98.8613,2.4958,8.9850,2.4958,0.0065,1.1147,274.7852,-0.0780,-0.0127,0.5562,0.3666,0.0000,0.0000,0.0000,1.0000,0.0000,1,0,0,0,0,0.0434
43.8513,113.3578,0.0864,98.8754,2.5696,9.2506,2.5696,0.0065,1.0638,274.7800,-0.0752,-0.0127,0.5562,0.3666,0.0000,0.0000,0.0000,1.0000,0.0000,1,0,0,0,0,0.0424
43.9080,113.2109,0.0864,98.8872,2.6311,9.4719,2.6311,0.0066,1.0848,274.7757,-0.0759,-0.0127,0.5562,0.3666,0.0000,0.0000,0.0000,1.0000,0.0000,1,0,0,0,0,0.0418
43.9621,113.0673,0.0864,98.8988,2.6926,9.6933,2.6926,0.0066,1.1375,274.7714,-0.0796,-0.0127,0.5562,0.3666,0.0000,0.0000,0.0000,1.0000,0.0000,1,0,0,0,0,0.0414
44.0179,112.9156,0.0864,98.9110,2.7540,9.9145,2.7540,0.0067,1.0998,274.7670,-0.0776,-0.0127,0.5562,0.3666,0.0000,0.0000,0.0000,1.0000,0.0000,1,0,0,0,0,0.0406
44.0734,112.7615,0.0864,98.9234,2.8155,10.1360,2.8155,0.0067,1.1086,274.7628,-0.0770,-0.0127,0.5562,0.3666,0.0000,0.0000,0.0000,1.0000,0.0000,1,0,0,0,0,0.0400
44.1290,112.6038,0.0864,98.9361,2.8771,10.3574,2.8770,0.0067,1.1065,274.7585,-0.0774,-0.0127,0.5562,0.3666,0.0000,0.0000,0.0000,1.0000,0.0000,1,0,0,0,0,0.0394
44.1846,112.4425,0.0864,98.9491,2.9386,10.5788,2.9386,0.0068,1.1060,274.7542,-0.0774,-0.0127,0.5562,0.3666,0.0000,0.0000,0.0000,1.0000,0.0000,1,0,0,0,0,0.0389
44.2407,112.2766,0.0864,98.9624,3.0000,10.8000,3.0000,0.0068,1.0964,274.7498,-0.0773,-0.0127,0.5562,0.3666,0.0000,0.0000,0.0000,1.0000,0.0000,1,0,0,0,0,0.0383
44.2965,112.1079,0.0864,98.9760,3.0615,11.0213,3.0615,0.0068,1.1015,274.7455,-0.0766,-0.0127,0.5543,0.3666,0.0000,0.0000,0.0000,1.0000,0.0000,1,0,0,0,0,0.0377
44.3656,111.8941,0.0864,98.9932,3.1353,11.2870,3.1353,0.0069,1.0672,274.7404,-0.0750,-0.0127,0.5445,0.3666,0.0000,0.0000,0.0000,1.0000,0.0000,1,0,0,0,0,0.0370
44.4212,111.7183,0.0864,99.0073,3.1967,11.5082,3.1967,0.0069,1.1052,274.7360,-0.0780,-0.0127,0.4194,0.3666,0.0000,0.0000,0.0000,1.0000,0.0000,1,0,0,0,0,0.0366
44.4776,111.5368,0.0864,99.0219,3.2470,11.6891,3.2470,0.0069,0.8908,274.7317,-0.0763,-0.0127,0.3490,0.3666,0.0000,0.0000,0.0000,0.9651,0.0000,1,0,0,0,0,0.0361
44.5330,111.3566,0.0864,99.0363,3.2736,11.7851,3.2736,0.0069,0.4813,274.7274,-0.0788,-0.0127,0.3881,0.3666,0.0000,0.0000,0.0000,0.9514,0.0000,1,0,0,0,0,0.0361
44.5898,111.1704,0.0864,99.0513,3.3125,11.9249,3.3125,0.0070,0.6844,274.7222,-0.0915,-0.0127,0.3842,0.3666,0.0000,0.0000,0.0000,0.9604,0.0000,1,0,0,0,0,0.0367
44.6453,110.9863,0.0864,99.0660,3.3475,12.0509,3.3475,0.0070,0.6306,274.7179,-0.0775,-0.0127,0.3920,0.3666,0.0000,0.0000,0.0000,0.9664,0.0000,1,0,0,0,0,0.0357
44.7018,110.7965,0.0864,99.0812,3.3929,12.2144,3.3929,0.0070,0.8030,274.7136,-0.0761,-0.0127,0.4194,0.3666,0.0000,0.0000,0.0000,0.9836,0.0000,1,0,0,0,0,0.0352
44.7704,110.5625,0.0864,99.0999,3.4565,12.4432,3.4564,0.0070,0.9265,274.7083,-0.0765,-0.0127,0.4076,0.3666,0.0000,0.0000,0.0000,0.9913,0.0000,1,0,0,0,0,0.0347
44.8263,110.3684,0.0864,99.1155,3.5137,12.6494,3.5137,0.0070,1.0245,274.7040,-0.0775,-0.0127,0.4057,0.3666,0.0000,0.0000,0.0000,0.9957,0.0000,1,0,0,0,0,0.0344
44.8815,110.1738,0.0864,99.1310,3.5681,12.8453,3.5681,0.0071,0.9873,274.6996,-0.0786,-0.0127,0.3900,0.3666,0.0000,0.0000,0.0000,0.9863,0.0000,1,0,0,0,0,0.0341
44.9393,109.9669,0.0864,99.1475,3.6138,13.0098,3.6138,0.0071,0.7901,274.6953,-0.0749,-0.0127,0.4116,0.3666,0.0000,0.0000,0.0000,0.9818,0.0000,1,0,0,0,0,0.0335
44.9925,109.7739,0.0864,99.1629,3.6666,13.1999,3.6666,0.0071,0.9930,274.6910,-0.0803,-0.0127,0.4350,0.3666,0.0000,0.0000,0.0000,0.9911,0.0000,1,0,0,0,0,0.0335
45.0475,109.5713,0.0864,99.1791,3.7238,13.4058,3.7238,0.0071,1.0390,274.6867,-0.0793,-0.0127,0.4448,0.3666,0.0000,0.0000,0.0000,0.9956,0.0000,1,0,0,0,0,0.0331
45.1042,109.3594,0.0864,99.1960,3.7832,13.6196,3.7832,0.0071,1.0488,274.6824,-0.0760,-0.0127,0.4409,0.3666,0.0000,0.0000,0.0000,0.9979,0.0000,1,0,0,0,0,0.0325
45.1600,109.1473,0.0864,99.2129,3.8437,13.8374,3.8437,0.0072,1.0836,274.6781,-0.0765,-0.0127,0.4116,0.3666,0.0000,0.0000,0.0000,0.9990,0.0000,1,0,0,0,0,0.0322
45.2153,108.9339,0.0864,99.2299,3.8917,14.0101,3.8917,0.0072,0.8672,274.6737,-0.0789,-0.0127,0.3764,0.3666,0.0000,0.0000,0.0000,0.9702,0.0000,1,0,0,0,0,0.0320
45.2717,108.7139,0.0864,99.2474,3.9374,14.1745,3.9374,0.0072,0.8101,274.6694,-0.0763,-0.0127,0.4037,0.3666,0.0000,0.0000,0.0000,0.9839,0.0000,1,0,0,0,0,0.0316
45.3272,108.4945,0.0864,99.2648,3.9911,14.3680,3.9911,0.0072,0.9680,274.6651,-0.0780,-0.0127,0.4116,0.3666,0.0000,0.0000,0.0000,0.9921,0.0000,1,0,0,0,0,0.0314
45.3972,108.2136,0.0864,99.2871,4.0606,14.6183,4.0606,0.0072,0.9934,274.6599,-0.0737,-0.0127,0.4116,0.3666,0.0000,0.0000,0.0000,0.9966,0.0000,1,0,0,0,0,0.0307
45.4530,107.9860,0.0864,99.3052,4.1191,14.8288,4.1191,0.0072,1.0487,274.6556,-0.0777,-0.0127,0.4467,0.3666,0.0000,0.0000,0.0000,0.9967,0.0000,1,0,0,0,0,0.0306
45.5084,107.7565,0.0864,99.3234,4.1790,15.0445,4.1790,0.0072,1.0809,274.6513,-0.0776,-0.0127,0.4839,0.3666,0.0000,0.0000,0.0000,0.9984,0.0000,1,0,0,0,0,0.0303
45.5637,107.5240,0.0864,99.3419,4.2397,15.2628,4.2397,0.0072,1.0954,274.6470,-0.0777,-0.0147,0.4194,0.3666,0.0000,0.0000,0.0000,0.9992,0.0000,1,0,0,0,0,0.0299
45.6190,107.2885,0.0864,99.3605,4.3008,15.4830,4.3008,0.0073,1.1067,274.6426,-0.0795,-0.0166,0.4663,0.3666,0.0000,0.0000,0.0000,0.9996,0.0000,1,0,0,0,0,0.0297
45.6757,107.0434,0.0864,99.3800,4.3621,15.7037,4.3621,0.0073,1.0813,274.6384,-0.0748,-0.0186,0.4995,0.3666,0.0000,0.0000,0.0000,0.9998,0.0000,1,0,0,0,0,0.0291
45.7306,106.8030,0.0864,99.3990,4.4235,15.9247,4.4235,0.0055,1.1194,274.6058,-0.5930,-0.0225,0.4897,0.3666,-0.0307,-0.5279,9.6234,0.9999,0.0000,1,0,0,0,0,0.5861
45.7867,106.5533,0.0864,99.4187,4.4850,16.1459,4.4850,0.0025,1.0941,274.5407,-1.1598,-0.0264,0.4761,0.3666,-0.0495,-1.5344,17.9240,1.0000,0.0000,1,0,0,0,0,1.0687
45.8433,106.2982,0.0864,99.4386,4.5587,16.4114,4.5587,0.0010,1.3034,274.4323,-1.9151,-0.0323,0.4741,0.3666,-0.0669,-2.5330,17.6474,1.0000,0.0000,1,0,0,0,0,1.0899
45.9121,105.9832,0.0864,99.4628,4.6326,16.6773,4.6326,0.0042,1.0730,274.2982,-1.9489,-0.0342,0.4839,0.3666,-0.0785,-3.2133,9.8851,1.0000,0.0000,1,0,0,0,0,0.6711
45.9686,105.7208,0.0864,99.4825,4.6940,16.8985,4.6940,0.0066,1.0884,274.1708,-2.2566,-0.0401,0.4995,0.3666,-0.0885,-4.3981,20.9852,1.0000,0.0000,1,0,0,0,0,1.3123
46.0243,105.4585,0.0864,99.5017,4.7555,17.1196,4.7554,0.0091,1.1030,274.0263,-2.5947,-0.0440,0.5034,0.3666,-0.0999,-5.0229,11.2193,1.0000,0.0000,1,0,0,0,0,0.7961
46.0789,105.1978,0.0864,99.5202,4.8170,17.3412,4.8170,0.0115,1.1266,273.8664,-2.9276,-0.0479,0.4995,0.3666,-0.1095,-5.6136,10.8135,1.0000,0.0000,1,0,0,0,0,0.7993
46.1348,104.9276,0.0864,99.5387,4.8785,17.5627,4.8785,0.0140,1.1005,273.6912,-3.1345,-0.0518,0.4878,0.3666,-0.1192,-6.2023,10.5309,1.0000,0.0000,1,0,0,0,0,0.8022
46.1906,104.6546,0.0864,99.5567,4.9400,17.7840,4.9400,0.0165,1.1025,273.5006,-3.4169,-0.0557,0.4839,0.3666,-0.1283,-6.8094,10.8849,1.0000,0.0000,1,0,0,0,0,0.8446
46.2459,104.3802,0.0864,99.5739,5.0014,18.0051,5.0014,0.0188,1.1100,273.2971,-3.6779,-0.0557,0.4858,0.3666,-0.1346,-7.3701,10.1335,1.0000,0.0000,1,0,0,0,0,0.8238
46.3019,104.0990,0.0864,99.5907,5.0629,18.2263,5.0628,0.0208,1.0970,273.0863,-3.7630,-0.0557,0.4858,0.3666,-0.1373,-7.7744,7.2186,1.0000,0.0000,1,0,0,0,0,0.6716
46.3577,103.8153,0.0864,99.6066,5.1243,18.4475,5.1243,0.0225,1.1012,272.8688,-3.8980,-0.0577,0.4976,0.3666,-0.1413,-8.0751,5.3886,1.0000,0.0000,1,0,0,0,0,0.5817
46.4289,103.4483,0.0864,99.6258,5.1981,18.7130,5.1980,0.0242,1.0360,272.6015,-3.7546,-0.0577,0.4995,0.3666,-0.1432,-8.2527,2.4953,1.0000,0.0000,1,0,0,0,0,0.4170
46.4838,103.1613,0.0864,99.6395,5.2595,18.9343,5.2595,0.0253,1.1192,272.3756,-4.1142,-0.0577,0.4995,0.3666,-0.1438,-8.5075,4.6401,1.0000,0.0000,1,0,0,0,0,0.5586
46.5393,102.8682,0.0864,99.6524,5.3210,19.1555,5.3209,0.0263,1.1083,272.1477,-4.1104,-0.0577,0.4976,0.3666,-0.1440,-8.5599,0.9451,1.0000,0.0000,1,0,0,0,0,0.3550
46.5935,102.5778,0.0864,99.6640,5.3824,19.3767,5.3824,0.0271,1.1325,271.9182,-4.2280,-0.0577,0.4878,0.3666,-0.1442,-8.6118,0.9555,1.0000,0.0000,1,0,0,0,0,0.3636
46.6497,102.2740,0.0864,99.6750,5.4439,19.5979,5.4438,0.0279,1.0941,271.6875,-4.1101,-0.0577,0.4800,0.3666,-0.1442,-8.6320,0.3602,1.0000,0.0000,1,0,0,0,0,0.3252
46.7054,101.9691,0.0864,99.6848,5.5053,19.8192,5.5053,0.0287,1.1036,271.4551,-4.1715,-0.0577,0.4800,0.3666,-0.1442,-8.6427,0.1923,1.0000,0.0000,1,0,0,0,0,0.3205
46.7610,101.6610,0.0864,99.6936,5.5667,20.0402,5.5666,0.0294,1.1033,271.2215,-4.1980,-0.0577,0.4937,0.3666,-0.1442,-8.6483,0.0995,1.0000,0.0000,1,0,0,0,0,0.3179
46.8172,101.3462,0.0864,99.7012,5.6281,20.2613,5.6281,0.0301,1.0923,270.9865,-4.1799,-0.0577,0.5054,0.3666,-0.1442,-8.6512,0.0530,1.0000,0.0000,1,0,0,0,0,0.3154
46.8729,101.0310,0.0864,99.7075,5.6896,20.4825,5.6895,0.0308,1.1032,270.7501,-4.2447,-0.0577,0.4546,0.3666,-0.1442,-8.6527,0.0261,1.0000,0.0000,1,0,0,0,0,0.3185
46.9426,100.6320,0.0864,99.7137,5.7756,20.7921,5.7755,0.0318,1.2355,270.4169,-4.7859,-0.0577,0.4096,0.3666,-0.1442,-8.6533,0.0083,1.0000,0.0000,1,0,0,0,0,0.3488
46.9976,100.3129,0.0864,99.7172,5.8370,21.0134,5.8370,0.0325,1.1171,270.1773,-4.3562,-0.0577,0.5034,0.3666,-0.1442,-8.6539,0.0114,1.0000,0.0000,1,0,0,0,0,0.3261
47.0536,99.9843,0.0864,99.7194,5.8985,21.2345,5.8984,0.0332,1.0955,269.9363,-4.2992,-0.0577,0.5113,0.3666,-0.1442,-8.6540,0.0024,1.0000,0.0000,1,0,0,0,0,0.3234
47.1091,99.6557,0.0864,99.7203,5.9598,21.4554,5.9597,0.0339,1.1065,269.6939,-4.3683,-0.0577,0.5152,0.3666,-0.1442,-8.6541,0.0012,1.0000,0.0000,1,0,0,0,0,0.3282
47.1650,99.3211,0.0864,99.7198,6.0213,21.6767,6.0212,0.0347,1.0991,269.4502,-4.3606,-0.0577,0.5113,0.3666,-0.1442,-8.6541,0.0006,1.0000,0.0000,1,0,0,0,0,0.3287
47.2206,98.9848,0.0864,99.7178,6.0827,21.8978,6.0826,0.0354,1.1045,269.2051,-4.4066,-0.0577,0.5523,0.3666,-0.1442,-8.6541,0.0003,1.0000,0.0000,1,0,0,0,0,0.3322
47.2763,98.6444,0.0864,99.7144,6.1441,22.1187,6.1440,0.0362,1.1013,268.9587,-4.4223,-0.0577,0.4819,0.3666,-0.1442,-8.6541,0.0001,1.0000,0.0000,1,0,0,0,0,0.3340
47.3323,98.2991,0.0864,99.7095,6.2055,22.3397,6.2054,0.0369,1.0968,268.7109,-4.4261,-0.0577,0.5289,0.3666,-0.1442,-8.6542,0.0001,1.0000,0.0000,1,0,0,0,0,0.3352
47.3872,97.9570,0.0864,99.7031,6.2669,22.5609,6.2668,0.0377,1.1190,268.4618,-4.5381,-0.0577,0.5621,0.3666,-0.1442,-8.6542,0.0000,1.0000,0.0000,1,0,0,0,0,0.3423
47.4451,97.5926,0.0864,99.6948,6.3283,22.7820,6.3282,0.0385,1.0610,268.2114,-4.3252,-0.0577,0.5816,0.3666,-0.1442,-8.6542,0.0000,1.0000,0.0000,1,0,0,0,0,0.3315
47.4975,97.2600,0.0864,99.6857,6.3897,23.0029,6.3896,0.0392,1.1718,267.9594,-4.8106,-0.0577,0.5895,0.3666,-0.1442,-8.6542,0.0000,1.0000,0.0000,1,0,0,0,0,0.3594
47.5558,96.8861,0.0864,99.6739,6.4511,23.2240,6.4510,0.0400,1.0532,267.7062,-4.3442,-0.0577,0.6070,0.3646,-0.1442,-8.6542,0.0000,1.0000,0.0000,1,0,0,0,0,0.3345
47.6097,96.5373,0.0864,99.6614,6.5126,23.4453,6.5125,0.0408,1.1411,267.4516,-4.7253,-0.0577,0.6070,0.2414,-0.1442,-8.6542,0.0000,1.0000,0.0000,1,0,0,0,0,0.3565
47.6653,96.1739,0.0864,99.6467,6.5739,23.6661,6.5738,0.0416,1.1027,267.1957,-4.6020,-0.0577,0.6070,0.0088,-0.1442,-8.6542,0.0000,1.0000,0.0000,1,0,0,0,0,0.3506
47.7215,95.8060,0.0864,99.6303,6.4138,23.0897,6.4137,0.0408,-2.8452,266.9394,-4.5545,-0.0577,0.6070,-0.2728,-0.1442,-8.6542,0.0000,1.0000,0.1219,1,0,0,0,0,0.9581
47.7771,95.4673,0.0864,99.6136,5.5824,20.0965,5.5823,0.0342,-14.9592,266.6922,-4.4475,-0.0577,0.6070,-0.6266,-0.1442,-8.6542,0.0000,1.0000,0.3704,1,0,0,0,0,2.1912
47.8324,95.1928,0.0864,99.5988,4.1529,14.9505,4.1529,0.0223,-25.8463,266.4694,-4.0292,-0.0577,0.6070,-0.8749,-0.1442,-8.6542,0.0000,1.0000,0.6443,1,0,0,0,0,3.5258
47.8892,94.9968,0.0864,99.5873,2.6882,9.6774,2.6881,0.0104,-25.7912,266.2856,-3.2354,-0.0577,0.5269,-0.9687,-0.1442,-8.6542,0.0000,0.9555,0.8260,1,1,0,0,0,24.3676
47.9728,94.8366,0.0864,99.5770,1.3241,4.7668,1.3241,0.0011,-16.3298,266.0706,-2.5739,-0.0577,0.5973,-1.0000,-0.1442,-8.6542,0.0000,0.9836,0.9490,1,1,0,0,0,24.9012
48.0274,94.7821,0.0864,99.5731,0.7928,2.8541,0.7928,0.0013,-9.7183,265.9362,-2.4577,-0.0577,0.6070,-1.0000,-0.1442,-8.6542,0.0000,0.9920,0.9795,1,0,0,0,0,5.0582
48.0832,94.7482,0.0864,99.5705,0.4900,1.7639,0.4900,0.0020,-5.4315,265.8109,-2.2490,-0.0577,0.6070,-1.0000,-0.1442,-8.6542,0.0000,0.9961,0.9918,1,0,0,0,0,5.0837
48.1395,94.7266,0.0864,99.5687,0.3208,1.1549,0.3208,0.0020,-3.0038,265.6905,-2.1367,-0.0577,0.6070,-1.0000,-0.1442,-8.6542,0.0000,0.9981,0.9967,1,0,0,0,0,5.1021
48.1953,94.7120,0.0864,99.5674,0.2269,0.8169,0.2269,0.0018,-1.6826,265.5729,-2.1079,-0.0577,0.6070,-1.0000,-0.1442,-8.6542,0.0000,0.9991,0.9987,1,0,0,0,0,5.1104
48.2518,94.7011,0.0864,99.5664,0.1678,0.6041,0.1678,0.0017,-1.0450,265.4339,-2.4586,-0.0577,0.6070,-1.0000,-0.1442,-8.6542,0.0000,0.9996,0.9996,1,0,0,0,0,5.1343
48.3066,94.6926,0.0864,99.5656,0.1463,0.5267,0.1463,0.0016,-0.3931,265.3418,-1.6813,-0.0577,0.6070,-1.0000,-0.1442,-8.6542,0.0000,0.9998,0.9998,1,0,0,0,0,5.0923
48.3593,94.6855,0.0864,99.5648,0.1304,0.4696,0.1304,0.0015,-0.3010,265.2272,-2.1750,-0.0577,0.6070,-1.0000,-0.1442,-8.6542,0.0000,0.9999,0.9999,1,0,0,0,0,5.1204
48.4159,94.6784,0.0864,99.5641,0.1217,0.4380,0.1217,0.0015,-0.1552,265.1128,-2.0223,-0.0577,0.6070,-1.0000,-0.1442,-8.6542,0.0000,0.9999,1.0000,1,0,0,0,0,5.1122
48.4996,94.6686,0.0864,99.5630,0.1150,0.4141,0.1150,0.0015,-0.0792,264.9301,-2.1816,-0.0577,0.6070,-1.0000,-0.1442,-8.6542,0.0000,1.0000,1.0000,1,0,0,0,0,5.1212
48.5555,94.6623,0.0864,99.5623,0.1131,0.4073,0.1131,0.0015,-0.0340,264.8160,-2.0410,-0.0577,0.6070,-1.0000,-0.1442,-8.6542,0.0000,1.0000,1.0000,1,0,0,0,0,5.1134
48.6124,94.6559,0.0864,99.5615,0.1121,0.4035,0.1121,0.0015,-0.0185,264.7019,-2.0071,-0.0577,0.6070,-1.0000,-0.1442,-8.6542,0.0000,1.0000,1.0000,1,0,0,0,0,5.1115
48.6664,94.6499,0.0864,99.5608,0.1115,0.4016,0.1115,0.0015,-0.0098,264.5878,-2.1113,-0.0577,0.6070,-1.0000,-0.1442,-8.6542,0.0000,1.0000,1.0000,1,0,0,0,0,5.1173
48.7233,94.6437,0.0864,99.5601,0.1112,0.4003,0.1112,0.0015,-0.0061,264.4739,-2.0032,-0.0577,0.6070,-1.0000,-0.1442,-8.6542,0.0000,1.0000,1.0000,1,0,0,0,0,5.1113
48.7796,94.6375,0.0864,99.5593,0.1111,0.3999,0.1111,0.0015,-0.0022,264.3599,-2.0247,-0.0577,0.6070,-1.0000,-0.1442,-8.6542,0.0000,1.0000,1.0000,1,0,0,0,0,5.1125
48.8347,94.6314,0.0864,99.5585,0.1109,0.3993,0.1109,0.0015,-0.0032,264.2460,-2.0677,-0.0577,0.6070,-1.0000,-0.1442,-8.6542,0.0000,1.0000,1.0000,1,0,0,0,0,5.1149
48.9047,94.6237,0.0864,99.5576,0.1108,0.3990,0.1108,0.0015,-0.0010,264.1092,-1.9529,-0.0577,0.6070,-1.0000,-0.1442,-8.6542,0.0000,1.0000,1.0000,1,0,0,0,0,5.1085
48.9607,94.6175,0.0864,99.5568,0.1109,0.3991,0.1109,0.0015,0.0005,263.9952,-2.0367,-0.0577,0.6070,-1.0000,-0.1442,-8.6542,0.0000,1.0000,1.0000,1,0,0,0,0,5.1131
49.0149,94.6116,0.0864,99.5560,0.1108,0.3990,0.1108,0.0015,-0.0006,263.8813,-2.1025,-0.0577,0.6070,-1.0000,-0.1442,-8.6542,0.0000,1.0000,1.0000,1,0,0,0,0,5.1168
49.0707,94.6054,0.0864,99.5552,0.1108,0.3989,0.1108,0.0015,-0.0006,263.7673,-2.0424,-0.0577,0.6070,-1.0000,-0.1442,-8.6542,0.0000,1.0000,1.0000,1,0,0,0,0,5.1135
49.1284,94.5991,0.0864,99.5543,0.1108,0.3989,0.1108,0.0015,0.0002,263.6534,-1.9750,-0.0577,0.6070,-1.0000,-0.1442,-8.6542,0.0000,1.0000,1.0000,1,0,0,0,0,5.1097
49.1828,94.5931,0.0864,99.5535,0.1107,0.3987,0.1107,0.0015,-0.0013,263.5395,-2.0915,-0.0577,0.6070,-1.0000,-0.1442,-8.6542,0.0000,1.0000,1.0000,1,0,0,0,0,5.1162
49.2380,94.5870,0.0864,99.5527,0.1108,0.3989,0.1108,0.0015,0.0014,263.4256,-2.0630,-0.0577,0.6070,-1.0000,-0.1442,-8.6542,0.0000,1.0000,1.0000,1,0,0,0,0,5.1146
49.2942,94.5809,0.0864,99.5518,0.1108,0.3988,0.1108,0.0015,-0.0006,263.3115,-2.0308,-0.0577,0.6070,-1.0000,-0.1442,-8.6542,0.0000,1.0000,1.0000,1,0,0,0,0,5.1128
49.3487,94.5749,0.0864,99.5510,0.1108,0.3989,0.1108,0.0015,0.0002,263.1976,-2.0919,-0.0577,0.8006,-0.9922,-0.1442,-8.6542,0.0000,1.0000,0.9984,1,0,0,0,0,5.1084
49.4060,94.5686,0.0864,99.5500,0.1116,0.4017,0.1116,0.0015,0.0140,263.0837,-1.9848,-0.0577,0.6481,-0.8573,-0.1442,-8.6542,0.0000,1.0000,0.9627,1,0,0,0,0,4.9236
49.4614,94.5622,0.0864,99.5491,0.1188,0.4278,0.1188,0.0015,0.1306,262.9696,-2.0598,-0.0577,0.6208,-0.5367,-0.1442,-8.6542,0.0000,1.0000,0.7738,1,0,0,0,0,3.9834
49.5432,94.5511,0.0864,99.5475,0.1638,0.5899,0.1638,0.0017,0.5505,262.7862,-2.2423,-0.0577,0.6149,0.0929,-0.1442,-8.6542,0.0000,1.0000,0.2376,1,0,0,0,0,1.3126
49.6144,94.5375,0.0864,99.5455,0.2217,0.7981,0.2217,0.0020,0.8132,262.6474,-1.9507,-0.0577,0.6149,0.3118,-0.1442,-8.6542,0.0000,1.0000,0.0797,1,0,0,0,0,0.5067
49.6836,94.5198,0.0864,99.5430,0.2883,1.0378,0.2883,0.0022,0.9620,262.5069,-2.0309,-0.0577,0.6149,0.3196,-0.1442,-8.6542,0.0000,1.0000,0.0267,1,0,0,0,0,0.2464
49.7404,94.5016,0.0864,99.5404,0.3590,1.2925,0.3590,0.0024,1.2447,262.3646,-2.5027,-0.0577,0.6149,0.3196,-0.1442,-8.6542,0.0000,1.0000,0.0090,1,0,0,0,0,0.1838
49.7947,94.4810,0.0864,99.5374,0.4194,1.5100,0.4194,0.0025,1.1123,262.2446,-2.2090,-0.0577,0.6149,0.3196,-0.1442,-8.6542,0.0000,1.0000,0.0036,1,0,0,0,0,0.1407
49.8486,94.4574,0.0864,99.5339,0.4681,1.6851,0.4681,0.0026,0.9033,262.1476,-1.8011,-0.0577,0.6149,0.3196,-0.1442,-8.6542,0.0000,1.0000,0.0017,1,0,0,0,0,0.1088
49.9048,94.4294,0.0864,99.5298,0.5293,1.9055,0.5293,0.0027,1.0891,262.0253,-2.1773,-0.0577,0.6149,0.3196,-0.1442,-8.6542,0.0000,1.0000,0.0007,1,0,0,0,0,0.1997
49.9604,94.3983,0.0864,99.5252,0.5907,2.1265,0.5907,0.0027,1.1038,261.9015,-2.2265,-0.0577,0.6149,0.3196,-0.1442,-8.6542,0.0000,1.0000,0.0003,1,0,0,0,0,0.1939
50.0172,94.3630,0.0864,99.5199,0.6644,2.3917,0.6644,0.0028,1.2965,261.7511,-2.6454,-0.0577,0.6149,0.3196,-0.1442,-8.6542,0.0000,1.0000,0.0001,1,0,0,0,0,0.2096
50.0721,94.3256,0.0864,99.5143,0.7136,2.5688,0.7135,0.0027,0.8967,261.6498,-1.8474,-0.0577,0.6149,0.3196,-0.1442,-8.6542,0.0000,1.0000,0.0000,1,0,0,0,0,0.1606
50.1276,94.2845,0.0864,99.5080,0.7750,2.7901,0.7750,0.0028,1.1075,261.5239,-2.2676,-0.0538,0.6149,0.3196,-0.1401,-8.6199,0.6173,1.0000,0.0000,1,0,0,0,0,0.2138
50.1857,94.2377,0.0864,99.5007,0.8488,3.0557,0.8488,0.0028,1.2687,261.3788,-2.4958,-0.0479,0.6149,0.3196,-0.1300,-8.3712,4.2759,1.0000,0.0000,1,0,0,0,0,0.4259
50.2388,94.1918,0.0864,99.4935,0.9103,3.2771,0.9103,0.0029,1.1582,261.2672,-2.1004,-0.0401,0.6149,0.3196,-0.1161,-7.9296,8.3162,1.0000,0.0000,1,0,0,0,0,0.6266
50.2948,94.1401,0.0864,99.4853,0.9718,3.4984,0.9718,0.0031,1.0982,261.1696,-1.7439,-0.0303,0.6149,0.3196,-0.0971,-7.2454,12.2221,1.0000,0.0000,1,0,0,0,0,0.8234
50.3515,94.0842,0.0864,99.4763,1.0333,3.7198,1.0333,0.0033,1.0851,261.0890,-1.4224,-0.0225,0.6149,0.3196,-0.0768,-6.2888,16.8760,1.0000,0.0000,1,0,0,0,0,1.0649
50.4069,94.0263,0.0864,99.4669,1.0948,3.9412,1.0948,0.0039,1.1096,261.0416,-0.8554,-0.0127,0.6149,0.3196,-0.0330,-4.8399,26.1493,1.0000,0.0000,1,0,0,0,0,1.5531
50.4624,93.9649,0.0864,99.4569,1.1562,4.1625,1.1562,0.0044,1.1079,261.0186,-0.4152,-0.0029,0.6149,0.3196,-0.0142,-3.1257,30.8940,1.0000,0.0000,1,0,0,0,0,1.7962
50.5187,93.8991,0.0864,99.4462,1.2177,4.3838,1.2177,0.0047,1.0922,261.0061,-0.2217,0.0049,0.6149,0.3196,-0.0061,-1.8287,23.0380,1.0000,0.0000,1,0,0,0,0,1.3507
50.5759,93.8287,0.0864,99.4347,1.2793,4.6053,1.2793,0.0050,1.0750,260.9982,-0.1370,0.0127,0.6149,0.3196,-0.0026,-1.1889,11.1770,1.0000,0.0000,1,0,0,0,0,0.6872
50.6295,93.7595,0.0864,99.4234,1.3407,4.8267,1.3407,0.0055,1.1465,261.0068,0.1605,0.0244,0.6149,0.3196,0.0279,-0.3373,15.8810,1.0000,0.0000,1,0,0,0,0,0.9524
50.6853,93.6842,0.0864,99.4111,1.4022,5.0479,1.4022,0.0063,1.1024,261.0486,0.7494,0.0381,0.6149,0.3196,0.0619,1.1701,27.0406,1.0000,0.0000,1,0,0,0,0,1.6110
50.7425,93.6035,0.0864,99.3980,1.4637,5.2694,1.4637,0.0072,1.0753,261.1214,1.2723,0.0499,0.6149,0.3196,0.0920,2.9076,30.3702,1.0000,0.0000,1,0,0,0,0,1.8321
50.7977,93.5221,0.0864,99.3849,1.5252,5.4907,1.5252,0.0083,1.1143,261.2244,1.8666,0.0616,0.6149,0.3196,0.1220,4.6318,31.2475,1.0000,0.0000,1,0,0,0,0,1.9215
50.8518,93.4392,0.0864,99.3716,1.5867,5.7122,1.5867,0.0095,1.1378,261.3571,2.4548,0.0733,0.6149,0.3196,0.1521,6.2770,30.4294,1.0000,0.0000,1,0,0,0,0,1.9167
50.9076,93.3501,0.0864,99.3575,1.6481,5.9332,1.6481,0.0108,1.0984,261.5217,2.9449,0.0850,0.6149,0.3196,0.1825,8.1853,34.1402,1.0000,0.0000,1,0,0,0,0,2.1587
50.9639,93.2568,0.0864,99.3431,1.7095,6.1542,1.7095,0.0123,1.0909,261.7181,3.4889,0.0987,0.6149,0.3196,0.2130,10.0132,32.4799,1.0000,0.0000,1,0,0,0,0,2.1058
51.0209,93.1589,0.0864,99.3282,1.7709,6.3754,1.7709,0.0139,1.0784,261.9480,4.0362,0.1124,0.6149,0.3196,0.2453,11.9033,33.1802,1.0000,0.0000,1,0,0,0,0,2.1849
51.1033,93.0109,0.0864,99.3064,1.8570,6.6853,1.8570,0.0164,1.0449,262.3298,4.6347,0.1241,0.6149,0.3196,0.2878,13.8389,23.4938,1.0000,0.0000,1,0,0,0,0,1.6949
51.1595,92.9055,0.0864,99.2915,1.9184,6.9062,1.9183,0.0183,1.0915,262.6420,5.5522,0.1398,0.6149,0.3196,0.3187,16.7716,52.1567,1.0000,0.0000,1,0,0,0,0,3.3489
51.2146,92.7987,0.0864,99.2769,1.9799,7.1275,1.9798,0.0202,1.1152,262.9848,6.2207,0.1476,0.6149,0.3196,0.3431,18.3776,29.1435,1.0000,0.0000,1,0,0,0,0,2.1179
51.2707,92.6867,0.0864,99.2623,2.0412,7.3484,2.0411,0.0222,1.0946,263.3540,6.5843,0.1535,0.6149,0.3196,0.3634,19.8668,26.5602,1.0000,0.0000,1,0,0,0,0,2.0041
51.3266,92.5713,0.0864,99.2480,2.1148,7.6134,2.1147,0.0244,1.3157,263.8256,8.4282,0.1574,0.6149,0.3196,0.3813,21.1359,22.6828,1.0000,0.0000,1,0,0,0,0,1.9014
51.3820,92.4536,0.0864,99.2341,2.1762,7.8345,2.1761,0.0261,1.1085,264.2358,7.4061,0.1593,0.6149,0.3196,0.3906,22.1443,18.2058,1.0000,0.0000,1,0,0,0,0,1.6026
51.4390,92.3290,0.0864,99.2203,2.2375,8.0551,2.2374,0.0276,1.0766,264.6569,7.3970,0.1613,0.6149,0.3196,0.3964,22.8838,12.9880,1.0000,0.0000,1,0,0,0,0,1.3174
51.4950,92.2029,0.0864,99.2073,2.2989,8.2761,2.2987,0.0290,1.0959,265.0871,7.6817,0.1613,0.6149,0.3196,0.4003,23.4037,9.2845,1.0000,0.0000,1,0,0,0,0,1.1318
51.5494,92.0768,0.0864,99.1952,2.3603,8.4969,2.3601,0.0303,1.1264,265.5237,8.0174,0.1613,0.6149,0.3196,0.4019,23.7403,6.1810,1.0000,0.0000,1,0,0,0,0,0.9815
51.6183,91.9125,0.0864,99.1808,2.4338,8.7618,2.4336,0.0318,1.0677,266.0543,7.6989,0.1613,0.6149,0.3196,0.4027,23.8994,2.3086,1.0000,0.0000,1,0,0,0,0,0.7520
51.6738,91.7764,0.0864,99.1700,2.4952,8.9826,2.4950,0.0327,1.1061,266.4941,7.9312,0.1496,0.6149,0.3196,0.3915,23.9825,1.4990,1.0000,0.0000,1,0,0,0,0,0.7207
51.7302,91.6344,0.0864,99.1599,2.5564,9.2030,2.5562,0.0330,1.0855,266.9147,7.4573,0.1319,0.6149,0.3196,0.3649,23.4151,10.0599,1.0000,0.0000,1,0,0,0,0,1.1667
51.7852,91.4925,0.0864,99.1508,2.6177,9.4237,2.6175,0.0324,1.1142,267.3011,7.0247,0.1163,0.6149,0.3196,0.3292,22.1862,22.3411,1.0000,0.0000,1,0,0,0,0,1.8168
51.8420,91.3422,0.0864,99.1423,2.6791,9.6446,2.6789,0.0310,1.0796,267.6455,6.0578,0.0929,0.6149,0.3196,0.2856,20.3748,31.8629,1.0000,0.0000,1,0,0,0,0,2.2802
51.8971,91.1932,0.0864,99.1349,2.7404,9.8656,2.7403,0.0285,1.1145,267.9302,5.1684,0.0635,0.6149,0.3196,0.2252,17.9749,43.5756,1.0000,0.0000,1,0,0,0,0,2.8641
51.9533,91.0377,0.0864,99.1280,2.8018,10.0863,2.8016,0.0249,1.0909,268.1411,3.7529,0.0322,0.6149,0.3196,0.1574,14.7571,57.2585,1.0000,0.0000,1,0,0,0,0,3.5230
52.0088,90.8807,0.0864,99.1217,2.8632,10.3074,2.8631,0.0202,1.1068,268.2673,2.2753,0.0068,0.6149,0.3196,0.0785,11.0054,67.6131,1.0000,0.0000,1,0,0,0,0,3.9885
52.0642,90.7205,0.0864,99.1159,2.9247,10.5288,2.9246,0.0154,1.1105,268.3206,0.9627,-0.0166,0.6149,0.3196,0.0338,7.1040,70.4449,1.0000,0.0000,1,0,0,0,0,4.0460
52.1341,90.5134,0.0864,99.1089,2.9984,10.7943,2.9984,0.0095,1.0545,268.2994,-0.3033,-0.0342,0.6149,0.3196,-0.0378,4.4258,38.2930,1.0000,0.0000,1,0,0,0,0,2.1920
52.1903,90.3432,0.0864,99.1033,3.0599,11.0157,3.0599,0.0040,1.0953,268.1981,-1.8043,-0.0733,0.6149,0.3196,-0.1073,-1.4430,104.5169,1.0000,0.0000,1,0,0,0,0,5.9265
52.2456,90.1720,0.0864,99.0975,3.1214,11.2370,3.1214,0.0021,1.1110,268.0166,-3.2808,-0.0968,0.6149,0.3196,-0.1707,-5.0741,65.6186,1.0000,0.0000,1,0,0,0,0,3.8376
52.3142,89.9554,0.0864,99.0897,3.1952,11.5026,3.1952,0.0096,1.0764,267.7009,-4.6058,-0.1164,0.6149,0.3196,-0.2382,-8.7485,53.6110,1.0000,0.0000,1,0,0,0,0,3.2794
52.3705,89.7735,0.0864,99.0824,3.2689,11.7682,3.2689,0.0172,1.3097,267.2847,-7.3884,-0.1437,0.6149,0.3196,-0.3041,-12.9309,74.2450,1.0000,0.0000,1,0,0,0,0,4.6143
52.4257,89.5917,0.0864,99.0743,3.3304,11.9893,3.3303,0.0238,1.1121,266.8619,-7.6563,-0.1633,0.6149,0.3196,-0.3557,-16.3640,62.1665,1.0000,0.0000,1,0,0,0,0,3.9862
52.4810,89.4063,0.0864,99.0650,3.3918,12.2104,3.3916,0.0304,1.1097,266.3742,-8.8123,-0.1789,0.6149,0.3196,-0.4027,-19.4337,55.4684,1.0000,0.0000,1,0,0,0,0,3.7055
52.5379,89.2125,0.0864,99.0537,3.4532,12.4313,3.4530,0.0369,1.0805,265.8262,-9.6465,-0.1965,0.6149,0.3196,-0.4471,-22.3779,51.8273,1.0000,0.0000,1,0,0,0,0,3.5756
52.5936,89.0188,0.0864,99.0409,3.5145,12.6521,3.5142,0.0434,1.0993,265.2203,-10.8605,-0.2082,0.6149,0.3196,-0.4860,-25.1305,49.3432,1.0000,0.0000,1,0,0,0,0,3.5300
52.6493,88.8221,0.0864,99.0260,3.5757,12.8724,3.5753,0.0492,1.0987,264.5720,-11.6406,-0.2102,0.6149,0.3196,-0.5085,-26.4586,23.8446,1.0000,0.0000,1,0,0,0,0,2.1780
52.7043,88.6248,0.0864,99.0090,3.6369,13.0928,3.6365,0.0543,1.1137,263.8928,-12.3547,-0.2180,0.6149,0.3196,-0.5285,-29.6649,58.3218,1.0000,0.0000,1,0,0,0,0,4.1505
52.7606,88.4196,0.0864,98.9891,3.6980,13.3129,3.6976,0.0586,1.0860,263.1911,-12.4666,-0.2180,0.6149,0.3196,-0.5379,-30.8485,21.0268,1.0000,0.0000,1,0,0,0,0,2.0985
52.8164,88.2131,0.0864,98.9666,3.7591,13.5329,3.7586,0.0621,1.0962,262.4769,-12.8107,-0.2180,0.6149,0.3196,-0.5420,-31.6432,14.2565,1.0000,0.0000,1,0,0,0,0,1.7515
52.8714,88.0063,0.0864,98.9416,3.8202,13.7527,3.8196,0.0649,1.1095,261.7549,-13.1189,-0.2161,0.6149,0.3196,-0.5423,-32.1134,8.5432,1.0000,0.0000,1,0,0,0,0,1.4585
52.9276,87.7918,0.0864,98.9129,3.8812,13.9723,3.8806,0.0666,1.0845,261.0411,-12.6899,-0.2004,0.6149,0.3196,-0.5240,-32.1894,1.3498,1.0000,0.0000,1,0,0,0,0,1.0374
52.9830,87.5775,0.0864,98.8816,3.9423,14.1921,3.9417,0.0665,1.1020,260.3581,-12.3286,-0.1848,0.6149,0.3196,-0.4933,-31.5024,12.3994,1.0000,0.0000,1,0,0,0,0,1.6266
53.0382,87.3614,0.0864,98.8474,4.0033,14.4119,4.0028,0.0645,1.1073,259.7216,-11.5469,-0.1594,0.6149,0.3216,-0.4489,-30.0932,25.5636,1.0000,0.0000,1,0,0,0,0,2.3033
53.0945,87.1375,0.0864,98.8093,4.0644,14.6317,4.0639,0.0604,1.0839,259.1512,-10.1238,-0.1320,0.6149,0.3216,-0.3937,-27.7450,41.6763,1.0000,0.0000,1,0,0,0,0,3.1008
53.1651,86.8528,0.0864,98.7572,4.1377,14.8959,4.1374,0.0531,1.0396,258.5715,-8.2127,-0.1105,0.6149,0.3216,-0.3227,-25.5845,30.6091,1.0000,0.0000,1,0,0,0,0,2.3494
53.2210,86.6239,0.0864,98.7128,4.1990,15.1166,4.1988,0.0455,1.0966,258.1820,-6.9672,-0.0655,0.6149,0.3216,-0.2499,-19.8249,103.0266,1.0000,0.0000,1,0,0,0,0,6.2732
53.2762,86.3949,0.0864,98.6664,4.2604,15.3373,4.2602,0.0360,1.1103,257.8942,-5.2123,-0.0362,0.6149,0.3216,-0.1742,-16.2550,64.6516,1.0000,0.0000,1,0,0,0,0,4.0081
53.3308,86.1654,0.0864,98.6184,4.3217,15.5582,4.3217,0.0251,1.1237,257.7128,-3.3214,-0.0108,0.6149,0.3235,-0.0924,-12.1606,74.9685,1.0000,0.0000,1,0,0,0,0,4.4366
53.3859,85.9311,0.0864,98.5682,4.3832,15.7796,4.3832,0.0141,1.1171,257.6278,-1.5425,0.0166,0.6149,0.3235,-0.0397,-7.8615,78.0779,1.0000,0.0000,1,0,0,0,0,4.4715
53.4425,85.6870,0.0864,98.5150,4.4447,16.0008,4.4447,0.0032,1.0858,257.6289,0.0189,0.0420,0.6149,0.3235,0.0310,-4.0153,67.9695,1.0000,0.0000,1,0,0,0,0,3.7878
53.4977,85.4454,0.0864,98.4620,4.5062,16.2223,4.5062,0.0084,1.1138,257.7261,1.7589,0.0694,0.6149,0.3235,0.0975,-0.0168,72.3780,1.0000,0.0000,1,0,0,0,0,4.1467
53.5548,85.1922,0.0864,98.4064,4.5677,16.4436,4.5676,0.0205,1.0764,257.9196,3.3892,0.0929,0.6149,0.3235,0.1629,3.9884,70.1357,1.0000,0.0000,1,0,0,0,0,4.1521
53.6094,84.9466,0.0864,98.3529,4.6291,16.6648,4.6290,0.0325,1.1251,258.2007,5.1469,0.1124,0.6149,0.3235,0.2192,7.8306,70.3506,1.0000,0.0000,1,0,0,0,0,4.2996
53.6793,84.6275,0.0864,98.2847,4.7027,16.9298,4.7025,0.0462,1.0531,258.6399,6.2835,0.1261,0.6149,0.3235,0.2759,10.5863,39.4306,1.0000,0.0000,1,0,0,0,0,2.6869
53.7347,84.3704,0.0864,98.2312,4.7640,17.1503,4.7636,0.0570,1.1056,259.0828,7.9939,0.1496,0.6149,0.3235,0.3232,15.5368,89.3515,1.0000,0.0000,1,0,0,0,0,5.5876
53.7903,84.1090,0.0864,98.1786,4.8252,17.3708,4.8247,0.0673,1.1024,259.5889,9.1126,0.1574,0.6149,0.3235,0.3590,18.1473,46.9964,1.0000,0.0000,1,0,0,0,0,3.3262
53.8465,83.8406,0.0864,98.1266,4.8985,17.6345,4.8978,0.0777,1.3026,260.2540,11.8266,0.1593,0.6149,0.3235,0.3840,20.3214,38.6633,1.0000,0.0000,1,0,0,0,0,3.0428
53.9013,83.5753,0.0864,98.0776,4.9473,17.8102,4.9466,0.0831,0.8907,260.7190,8.4844,0.1632,0.6149,0.3235,0.3954,21.2861,17.5996,1.0000,0.0000,1,0,0,0,0,1.7010
53.9604,83.2852,0.0864,98.0269,5.0204,18.0733,5.0196,0.0899,1.2374,261.4422,12.2455,0.1671,0.6149,0.3235,0.4080,23.1934,32.2937,1.0000,0.0000,1,0,0,0,0,2.7431
54.0264,82.9560,0.0864,97.9731,5.0933,18.3361,5.0925,0.0954,1.1057,262.1892,11.3162,0.1691,0.6149,0.3235,0.4166,23.9857,12.0040,1.0000,0.0000,1,0,0,0,0,1.5766
54.0828,82.6704,0.0864,97.9299,5.1541,18.5549,5.1532,0.0996,1.0777,262.8297,11.3571,0.1750,0.6149,0.3235,0.4261,24.7137,12.9089,1.0000,0.0000,1,0,0,0,0,1.6380
54.1372,82.3912,0.0864,97.8906,5.2148,18.7734,5.2138,0.1040,1.1156,263.4913,12.1567,0.1808,0.6149,0.3235,0.4387,25.2734,10.2834,1.0000,0.0000,1,0,0,0,0,1.5459
54.2078,82.0238,0.0864,97.8436,5.2876,19.0355,5.2865,0.1100,1.0318,264.3215,11.7690,0.1886,0.6149,0.3235,0.4579,25.8043,7.5257,1.0000,0.0000,1,0,0,0,0,1.3840
54.2637,81.7281,0.0864,97.8097,5.3482,19.2535,5.3469,0.1157,1.0823,265.0478,12.9810,0.1984,0.6149,0.3235,0.4762,27.2648,26.1031,1.0000,0.0000,1,0,0,0,0,2.4959
54.3194,81.4301,0.0864,97.7793,5.4087,19.4712,5.4073,0.1219,1.0863,265.8069,13.6333,0.2062,0.6149,0.3235,0.4949,28.2295,17.3270,1.0000,0.0000,1,0,0,0,0,2.0581
54.3753,81.1270,0.0864,97.7522,5.4691,19.6886,5.4676,0.1283,1.0798,266.5975,14.1350,0.2121,0.6149,0.3235,0.5113,29.2294,17.8776,1.0000,0.0000,1,0,0,0,0,2.1304
54.4317,80.8179,0.0864,97.7287,5.5293,19.9056,5.5277,0.1345,1.0696,267.4149,14.5058,0.2121,0.6149,0.3235,0.5221,30.1621,16.5503,1.0000,0.0000,1,0,0,0,0,2.0901
54.4875,80.5081,0.0864,97.7095,5.5895,20.1224,5.5878,0.1397,1.0790,268.2477,14.9237,0.2121,0.6149,0.3235,0.5268,30.8507,12.3408,1.0000,0.0000,1,0,0,0,0,1.8896
54.5433,80.1946,0.0864,97.6945,5.6496,20.3387,5.6478,0.1440,1.0763,269.0899,15.0886,0.2121,0.6149,0.3235,0.5288,31.2891,7.8547,1.0000,0.0000,1,0,0,0,0,1.6570
54.5990,79.8781,0.0864,97.6839,5.7097,20.5550,5.7078,0.1474,1.0785,269.9358,15.1812,0.2023,0.6149,0.3235,0.5234,31.5013,3.8080,1.0000,0.0000,1,0,0,0,0,1.4422
54.6542,79.5612,0.0864,97.6779,5.7697,20.7710,5.7678,0.1481,1.0873,270.7585,14.9084,0.1867,0.6149,0.3235,0.4996,31.1155,6.9908,1.0000,0.0000,1,0,0,0,0,1.6015
54.7235,79.1585,0.0864,97.6767,5.8538,21.0738,5.8521,0.1434,1.2138,271.8273,15.4227,0.1652,0.6149,0.3235,0.4473,30.3364,11.2431,1.0000,0.0000,1,0,0,0,0,1.8489
54.7803,78.8247,0.0864,97.6810,5.9140,21.2904,5.9125,0.1344,1.0600,272.4893,11.6611,0.1202,0.6149,0.3235,0.3759,27.0097,58.5958,1.0000,0.0000,1,0,0,0,0,4.2441
54.8371,78.4873,0.0864,97.6898,5.9744,21.5079,5.9732,0.1200,1.0634,273.0280,9.4798,0.0850,0.6149,0.3235,0.2962,23.5690,60.5587,1.0000,0.0000,1,0,0,0,0,4.1923
54.8905,78.1668,0.0864,97.7017,6.0351,21.7263,6.0342,0.1016,1.1348,273.4321,7.5615,0.0577,0.6149,0.3235,0.2152,20.6197,55.1760,1.0000,0.0000,1,0,0,0,0,3.7380
54.9452,77.8360,0.0864,97.7171,6.0960,21.9458,6.0955,0.0796,1.1155,273.6895,4.7098,0.0146,0.6149,0.3235,0.1137,15.0279,102.3219,1.0000,0.0000,1,0,0,0,0,6.1421
55.0012,77.4938,0.0864,97.7355,6.1573,22.1661,6.1570,0.0561,1.0934,273.8035,2.0365,-0.0166,0.6149,0.3235,0.0489,10.0185,89.4783,1.0000,0.0000,1,0,0,0,0,5.2209
55.0567,77.1513,0.0864,97.7557,6.2186,22.3870,6.2185,0.0321,1.1056,273.7874,-0.2898,-0.0518,0.6149,0.3235,-0.0424,5.2979,85.0675,1.0000,0.0000,1,0,0,0,0,4.8196
55.1127,76.8018,0.0864,97.7772,6.2801,22.6083,6.2801,0.0077,1.0960,273.6367,-2.6881,-0.0714,0.6149,0.3235,-0.1130,0.4161,87.0444,1.0000,0.0000,1,0,0,0,0,5.0034
55.1682,76.4527,0.0864,97.7988,6.3415,22.8295,6.3415,0.0150,1.1079,273.3792,-4.6418,-0.0890,0.6149,0.3235,-0.1697,-3.9869,79.3769,1.0000,0.0000,1,0,0,0,0,4.7031
55.2388,76.0035,0.0864,97.8257,6.4153,23.0949,6.4151,0.0385,1.0447,272.9606,-5.9317,-0.0987,0.6149,0.3235,-0.2175,-6.8489,40.5540,1.0000,0.0000,1,0,0,0,0,2.6724
55.2942,75.6472,0.0864,97.8454,6.4767,23.3160,6.4764,0.0533,1.1089,272.5574,-7.2813,-0.1007,0.6149,0.3235,-0.2370,-11.5619,85.1177,1.0000,0.0000,1,0,0,0,0,5.2567
55.3510,75.2780,0.0864,97.8638,6.5379,23.5364,6.5376,0.0637,1.0782,272.1312,-7.5041,-0.1007,0.6149,0.3235,-0.2454,-13.1168,27.3770,1.0000,0.0000,1,0,0,0,0,2.0841
55.4052,74.9219,0.0864,97.8793,6.5992,23.7571,6.5988,0.0701,1.1293,271.7003,-7.9415,-0.0909,0.6149,0.3235,-0.2408,-13.9162,14.7311,1.0000,0.0000,1,0,0,0,0,1.4190
55.4611,74.5518,0.0864,97.8928,6.6604,23.9773,6.6600,0.0714,1.0954,271.2962,-7.2330,-0.0753,0.6149,0.3235,-0.2173,-13.9200,0.0683,1.0000,0.0000,1,0,0,0,0,0.5664
55.5165,74.1811,0.0864,97.9039,6.7216,24.1978,6.7213,0.0679,1.1046,270.9408,-6.4117,-0.0596,0.6149,0.3235,-0.1860,-13.0243,16.1601,1.0000,0.0000,1,0,0,0,0,1.4055
55.5730,73.8000,0.0864,97.9127,6.7829,24.4183,6.7826,0.0606,1.0851,270.6455,-5.2306,-0.0420,0.6149,0.3235,-0.1482,-11.5144,26.7456,1.0000,0.0000,1,0,0,0,0,1.9105
55.6287,73.4203,0.0864,97.9192,6.8442,24.6390,6.8440,0.0496,1.1002,270.4266,-3.9293,-0.0206,0.6149,0.3235,-0.1020,-9.4869,36.3876,1.0000,0.0000,1,0,0,0,0,2.3486
55.6839,73.0409,0.0864,97.9238,6.9056,24.8602,6.9055,0.0341,1.1134,270.3088,-2.1333,-0.0029,0.6149,0.3235,-0.0438,-6.7426,49.7247,1.0000,0.0000,1,0,0,0,0,2.9550
55.7546,72.5496,0.0864,97.9278,6.9793,25.1255,6.9793,0.0173,1.0419,270.2490,-0.8460,0.0127,0.6149,0.3235,-0.0159,-4.8049,27.3920,1.0000,0.0000,1,0,0,0,0,1.6061
55.8092,72.1666,0.0864,97.9299,7.0408,25.3469,7.0408,0.0024,1.1262,270.2775,0.5215,0.0381,0.6149,0.3235,0.0390,-1.1761,66.4671,1.0000,0.0000,1,0,0,0,0,3.7267
55.8668,71.7591,0.0864,97.9319,7.1146,25.6125,7.1146,0.0183,1.2812,270.4307,2.6612,0.0557,0.6149,0.3235,0.0950,1.4645,45.8508,1.0000,0.0000,1,0,0,0,0,2.7337
55.9210,71.3719,0.0864,97.9339,7.1637,25.7895,7.1637,0.0317,0.9064,270.5932,2.9956,0.0616,0.6149,0.3235,0.1225,3.4920,37.3822,1.0000,0.0000,1,0,0,0,0,2.3097
55.9898,70.8762,0.0864,97.9376,7.2497,26.0990,7.2495,0.0516,1.2500,270.9529,5.2307,0.0655,0.6149,0.3235,0.1511,6.2910,40.6977,1.0000,0.0000,1,0,0,0,0,2.6583
56.0459,70.4682,0.0864,97.9420,7.3110,26.3196,7.3107,0.0616,1.0925,271.2415,5.1451,0.0674,0.6149,0.3235,0.1610,8.0738,31.7852,1.0000,0.0000,1,0,0,0,0,2.1781
56.1021,70.0561,0.0864,97.9482,7.3723,26.5405,7.3720,0.0687,1.0927,271.5432,5.3723,0.0674,0.6149,0.3235,0.1653,8.9726,16.0074,1.0000,0.0000,1,0,0,0,0,1.3274
56.1575,69.6460,0.0864,97.9562,7.4336,26.7609,7.4332,0.0735,1.1046,271.8514,5.5607,0.0674,0.6149,0.2805,0.1672,9.4839,9.2223,1.0000,0.0000,1,0,0,0,0,0.9696
56.2131,69.2323,0.0864,97.9664,7.3948,26.6212,7.3944,0.0758,-0.6984,272.1631,5.6092,0.0674,0.6149,-0.2258,0.1680,9.7764,5.2639,1.0000,0.0729,1,0,0,0,0,1.1222
56.2683,68.8429,0.0864,97.9779,6.4440,23.1983,6.4436,0.0664,-17.2166,272.4666,5.4956,0.0674,0.6149,-0.5895,0.1683,9.8694,1.6844,1.0000,0.3678,1,0,0,0,0,2.3925
56.3244,68.5252,0.0864,97.9890,4.6257,16.6525,4.6255,0.0453,-32.3836,272.7358,4.7949,0.0674,0.6149,-0.9766,0.1685,10.0353,2.9547,1.0000,0.7178,1,0,0,0,0,4.1664
56.3799,68.3144,0.0864,97.9973,2.9068,10.4643,2.9066,0.0256,-31.0101,272.9573,3.9948,0.0674,0.6149,-1.0000,0.1685,10.0737,0.6938,1.0000,0.8836,1,1,0,0,0,24.8108
56.4352,68.1855,0.0864,98.0030,1.7353,6.2470,1.7352,0.0136,-21.1834,273.1399,3.3022,0.0674,0.6149,-1.0000,0.1686,10.0936,0.3588,1.0000,0.9532,1,1,0,0,0,25.0868
56.4921,68.1072,0.0864,98.0068,1.0300,3.7081,1.0300,0.0075,-12.3972,273.2974,2.7686,0.0674,0.6149,-1.0000,0.1686,10.1039,0.1823,1.0000,0.9812,1,1,0,0,0,25.1792
56.5467,68.0623,0.0864,98.0090,0.6253,2.2511,0.6253,0.0046,-7.4002,273.4402,2.6114,0.0674,0.6149,-1.0000,0.1686,10.1092,0.0959,1.0000,0.9924,1,0,0,0,0,5.2239
56.6012,68.0344,0.0864,98.0104,0.3975,1.4311,0.3975,0.0033,-4.1806,273.5746,2.4667,0.0674,0.6149,-1.0000,0.1686,10.1118,0.0483,1.0000,0.9970,1,0,0,0,0,5.1245
56.6571,68.0157,0.0864,98.0114,0.2703,0.9732,0.2703,0.0025,-2.2751,273.7043,2.3206,0.0674,0.6149,-1.0000,0.1686,10.1132,0.0238,1.0000,0.9988,1,0,0,0,0,5.1241
56.7130,68.0026,0.0864,98.0120,0.1994,0.7179,0.1994,0.0021,-1.2683,273.8315,2.2733,0.0674,0.6149,-1.0000,0.1686,10.1138,0.0118,1.0000,0.9995,1,0,0,0,0,5.1245
56.7833,67.9904,0.0864,98.0127,0.1545,0.5562,0.1545,0.0019,-0.6392,273.9820,2.1422,0.0674,0.6149,-1.0000,0.1686,10.1141,0.0039,1.0000,0.9998,1,0,0,0,0,5.1184
56.8406,67.9822,0.0864,98.0131,0.1351,0.4864,0.1351,0.0018,-0.3386,274.1066,2.1760,0.0674,0.6149,-1.0000,0.1686,10.1143,0.0045,1.0000,0.9999,1,0,0,0,0,5.1208
56.8937,67.9753,0.0864,98.0134,0.1243,0.4474,0.1243,0.0017,-0.2038,274.2308,2.3406,0.0674,0.6149,-1.0000,0.1686,10.1144,0.0009,1.0000,1.0000,1,0,0,0,0,5.1299
56.9480,67.9688,0.0864,98.0137,0.1183,0.4257,0.1183,0.0017,-0.1108,274.3547,2.2782,0.0674,0.6149,-1.0000,0.1686,10.1144,0.0006,1.0000,1.0000,1,0,0,0,0,5.1265
57.0043,67.9622,0.0864,98.0141,0.1149,0.4138,0.1149,0.0017,-0.0589,274.4785,2.2010,0.0674,0.6149,-1.0000,0.1686,10.1144,0.0003,1.0000,1.0000,1,0,0,0,0,5.1223
57.0607,67.9558,0.0864,98.0144,0.1131,0.4071,0.1131,0.0016,-0.0329,274.6024,2.1943,0.0674,0.6149,-1.0000,0.1686,10.1144,0.0001,1.0000,1.0000,1,0,0,0,0,5.1219
57.1163,67.9496,0.0864,98.0148,0.1121,0.4036,0.1121,0.0016,-0.0174,274.7261,2.2257,0.0674,0.6149,-1.0000,0.1686,10.1144,0.0001,1.0000,1.0000,1,0,0,0,0,5.1236
57.1721,67.9434,0.0864,98.0151,0.1115,0.4013,0.1115,0.0016,-0.0115,274.8499,2.2207,0.0674,0.6149,-1.0000,0.1686,10.1144,0.0000,1.0000,1.0000,1,0,0,0,0,5.1234
57.2279,67.9372,0.0864,98.0155,0.1112,0.4003,0.1112,0.0016,-0.0052,274.9738,2.2199,0.0674,0.6149,-1.0000,0.1686,10.1144,0.0000,1.0000,1.0000,1,0,0,0,0,5.1233
57.2998,67.9292,0.0864,98.0160,0.1110,0.3994,0.1109,0.0016,-0.0033,275.1472,2.4104,0.0674,0.6149,-1.0000,0.1686,10.1144,0.0000,1.0000,1.0000,1,0,0,0,0,5.1339
57.3523,67.9234,0.0864,98.0164,0.1109,0.3992,0.1109,0.0016,-0.0010,275.2463,1.8894,0.0674,0.6149,-0.9941,0.1686,10.1145,0.0000,1.0000,0.9990,1,0,0,0,0,5.1001
57.4094,67.9171,0.0864,98.0168,0.1141,0.4107,0.1141,0.0017,0.0556,275.3949,2.6032,0.0674,0.6149,-0.6716,0.1686,10.1145,0.0000,1.0000,0.8707,1,0,0,0,0,4.4983
57.4647,67.9104,0.0864,98.0173,0.1346,0.4845,0.1346,0.0018,0.3704,275.5189,2.2392,0.0674,0.6149,0.0948,0.1686,10.1145,0.0000,1.0000,0.4343,1,0,0,0,0,2.2957
57.5208,67.9020,0.0864,98.0179,0.1749,0.6295,0.1749,0.0021,0.7181,275.6418,2.1912,0.0635,0.6149,0.2981,0.1644,10.0777,0.6554,1.0000,0.1747,1,0,0,0,0,1.0316
57.5766,67.8912,0.0864,98.0188,0.2253,0.8110,0.2253,0.0024,0.9044,275.7625,2.1652,0.0616,0.6149,0.3333,0.1598,9.9255,2.7293,1.0000,0.0703,1,0,0,0,0,0.6233
57.6324,67.8774,0.0864,98.0200,0.2811,1.0119,0.2811,0.0027,1.0000,275.8784,2.0771,0.0557,0.6149,0.3372,0.1497,9.6568,4.8155,1.0000,0.0283,1,0,0,0,0,0.5243
57.6885,67.8603,0.0864,98.0216,0.3397,1.2230,0.3397,0.0030,1.0437,275.9873,1.9383,0.0518,0.6149,0.3372,0.1396,9.1850,8.3984,1.0000,0.0114,1,0,0,0,0,0.6311
57.7445,67.8399,0.0864,98.0235,0.3998,1.4394,0.3998,0.0034,1.0746,276.0898,1.8327,0.0479,0.6149,0.3372,0.1300,8.6748,9.1201,1.0000,0.0046,1,0,0,0,0,0.6314
57.8272,67.8035,0.0864,98.0270,0.4851,1.7465,0.4851,0.0038,1.0319,276.2242,1.6253,0.0459,0.6149,0.3372,0.1201,8.1120,6.8086,1.0000,0.0013,1,0,0,0,0,0.4749
57.8840,67.7742,0.0864,98.0299,0.5463,1.9668,0.5463,0.0041,1.0764,276.3136,1.5730,0.0401,0.6149,0.3372,0.1107,7.3057,14.1794,1.0000,0.0005,1,0,0,0,0,0.9892
57.9388,67.7426,0.0864,98.0332,0.6077,2.1878,0.6077,0.0043,1.1216,276.3961,1.5077,0.0361,0.6149,0.3372,0.1011,6.7821,9.5661,1.0000,0.0002,1,0,0,0,0,0.7228
57.9935,67.7077,0.0864,98.0368,0.6692,2.4091,0.6692,0.0046,1.1220,276.4733,1.4085,0.0361,0.6149,0.3372,0.0950,6.4102,6.7900,1.0000,0.0001,1,0,0,0,0,0.5581
58.0500,67.6683,0.0864,98.0410,0.7306,2.6303,0.7306,0.0048,1.0891,276.5479,1.3228,0.0342,0.6149,0.3372,0.0916,5.9356,8.4092,1.0000,0.0000,1,0,0,0,0,0.6395
58.1064,67.6254,0.0864,98.0456,0.7921,2.8516,0.7921,0.0050,1.0889,276.6203,1.2816,0.0342,0.6149,0.3372,0.0881,5.6490,5.0774,1.0000,0.0000,1,0,0,0,0,0.4489
58.1761,67.5676,0.0864,98.0519,0.8781,3.1613,0.8781,0.0054,1.2350,276.7189,1.4160,0.0322,0.6149,0.3372,0.0839,5.4197,3.2911,1.0000,0.0000,1,0,0,0,0,0.3535
58.2321,67.5173,0.0864,98.0574,0.9397,3.3827,0.9396,0.0056,1.0985,276.7857,1.1926,0.0303,0.6149,0.3372,0.0792,5.1256,5.2541,1.0000,0.0000,1,0,0,0,0,0.4474
58.2859,67.4657,0.0864,98.0632,0.9889,3.5599,0.9889,0.0057,0.9145,276.8376,0.9651,0.0283,0.6149,0.3372,0.0768,4.9029,4.1365,1.0000,0.0000,1,0,0,0,0,0.3705
58.3440,67.4064,0.0864,98.0700,1.0626,3.8253,1.0626,0.0060,1.2678,276.9107,1.2559,0.0244,0.6168,0.3372,0.0686,4.7320,2.9397,1.0000,0.0000,1,0,0,0,0,0.3171
58.3972,67.3489,0.0864,98.0766,1.1240,4.0466,1.1240,0.0061,1.1561,276.9640,1.0035,0.0205,0.6286,0.3372,0.0601,4.2630,8.8229,1.0000,0.0000,1,0,0,0,0,0.6268
58.4534,67.2847,0.0864,98.0841,1.1856,4.2681,1.1856,0.0059,1.0936,276.9939,0.5311,0.0186,0.6481,0.3372,0.0258,3.4671,14.1458,1.0000,0.0000,1,0,0,0,0,0.8897
58.5096,67.2171,0.0864,98.0920,1.2470,4.4893,1.2470,0.0056,1.0944,277.0044,0.1864,0.0146,0.6638,0.3372,0.0111,2.2739,21.2467,1.0000,0.0000,1,0,0,0,0,1.2586
58.5655,67.1464,0.0864,98.1003,1.3085,4.7107,1.3085,0.0036,1.1003,277.0081,0.0672,0.0127,0.6853,0.3372,0.0048,1.3612,16.3311,1.0000,0.0000,1,0,0,0,0,0.9520
58.6238,67.0691,0.0864,98.1098,1.3700,4.9320,1.3700,0.0019,1.0538,277.0151,0.1204,0.0068,0.7009,0.3372,0.0021,0.8862,8.1452,1.0000,0.0000,1,0,0,0,0,0.4805
58.6774,66.9948,0.0864,98.1192,1.4315,5.1536,1.4315,0.0041,1.1498,277.0208,0.1049,0.0010,0.7244,0.3372,0.0009,0.3921,9.2287,1.0000,0.0000,1,0,0,0,0,0.5615
58.7324,66.9151,0.0864,98.1293,1.4930,5.3747,1.4930,0.0050,1.1152,277.0255,0.0864,-0.0049,0.8769,0.3392,0.0004,0.2121,3.2682,1.0000,0.0000,1,0,0,0,0,0.2364
58.7880,66.8313,0.0864,98.1400,1.5545,5.5961,1.5545,0.0054,1.1075,277.0301,0.0819,-0.0088,0.9824,0.3392,0.0002,0.1114,1.8132,1.0000,0.0000,1,0,0,0,0,0.1571
58.8576,66.7215,0.0864,98.1540,1.6283,5.8617,1.6283,0.0056,1.0598,277.0353,0.0750,-0.0108,1.0000,0.3392,0.0001,0.0583,0.7630,1.0000,0.0000,1,0,0,0,0,0.0982
58.9112,66.6333,0.0864,98.1653,1.6897,6.0830,1.6897,0.0057,1.1454,277.0396,0.0802,-0.0127,1.0000,0.3392,0.0000,0.0241,0.6363,1.0000,0.0000,1,0,0,0,0,0.0907
58.9702,66.5327,0.0864,98.1781,1.7512,6.3043,1.7512,0.0058,1.0431,277.0439,0.0740,-0.0147,1.0000,0.3392,0.0000,0.0133,0.1839,1.0000,0.0000,1,0,0,0,0,0.0641
59.0273,66.4317,0.0864,98.1910,1.8127,6.5257,1.8127,0.0059,1.0771,277.0482,0.0754,-0.0147,1.0000,0.3392,0.0000,0.0065,0.1196,1.0000,0.0000,1,0,0,0,0,0.0595
59.0826,66.3303,0.0864,98.2039,1.8742,6.7472,1.8742,0.0060,1.1120,277.0526,0.0783,-0.0147,1.0000,0.3392,0.0000,0.0030,0.0636,1.0000,0.0000,1,0,0,0,0,0.0555
59.1481,66.2060,0.0864,98.2198,1.9479,7.0126,1.9479,0.0060,1.1253,277.0577,0.0787,-0.0147,1.0000,0.3392,0.0000,0.0014,0.0245,1.0000,0.0000,1,0,0,0,0,0.0522
59.2058,66.0925,0.0864,98.2343,2.0095,7.2341,2.0095,0.0061,1.0659,277.0621,0.0756,-0.0147,1.0000,0.3392,0.0000,0.0004,0.0156,1.0000,0.0000,1,0,0,0,0,0.0505
59.2607,65.9813,0.0864,98.2485,2.0710,7.4555,2.0710,0.0061,1.1215,277.0664,0.0785,-0.0147,1.0000,0.3392,0.0000,0.0002,0.0041,1.0000,0.0000,1,0,0,0,0,0.0491
59.3158,65.8661,0.0864,98.2631,2.1324,7.6766,2.1324,0.0043,1.1138,277.0709,0.0808,-0.0166,1.0000,0.3392,0.0000,0.0001,0.0020,1.0000,0.0000,1,0,0,0,0,0.0346
59.3736,65.7418,0.0864,98.2785,2.1940,7.8983,2.1940,0.0019,1.0653,277.0757,0.0845,-0.0166,1.0000,0.3392,0.0000,0.0001,0.0008,1.0000,0.0000,1,0,0,0,0,0.0176
59.4274,65.6228,0.0864,98.2930,2.2554,8.1194,2.2554,0.0046,1.1423,277.0807,0.0913,-0.0166,1.0000,0.3392,0.0000,0.0000,0.0008,1.0000,0.0000,1,0,0,0,0,0.0360
59.4822,65.4983,0.0864,98.3083,2.3169,8.3408,2.3169,0.0011,1.1229,277.0852,0.0830,-0.0186,1.0000,0.3392,0.0000,0.0000,0.0002,1.0000,0.0000,1,0,0,0,0,0.0115
59.5385,65.3668,0.0864,98.3248,2.3785,8.5624,2.3785,0.0040,1.0926,277.0748,-0.1852,-0.0206,1.0000,0.3392,-0.0147,-0.0805,1.4295,1.0000,0.0000,1,0,0,0,0,0.1146
59.5947,65.2323,0.0864,98.3419,2.4399,8.7836,2.4399,0.0072,1.0936,277.0346,-0.7148,-0.0264,1.0000,0.3392,-0.0406,-0.9293,15.1058,1.0000,0.0000,1,0,0,0,0,0.9235
59.6496,65.0975,0.0864,98.3590,2.5014,9.0050,2.5014,0.0096,1.1195,276.9712,-1.1545,-0.0323,1.0000,0.3392,-0.0592,-2.0006,19.5033,1.0000,0.0000,1,0,0,0,0,1.2051
59.7060,64.9555,0.0864,98.3769,2.5629,9.2264,2.5629,0.0115,1.0903,276.8863,-1.5049,-0.0381,1.0000,0.3392,-0.0769,-3.1022,19.5272,1.0000,0.0000,1,0,0,0,0,1.2356
59.7616,64.8123,0.0864,98.3947,2.6243,9.4476,2.6243,0.0098,1.1061,276.7857,-1.8112,-0.0440,1.0000,0.3392,-0.0924,-4.1292,18.4928,1.0000,0.0000,1,0,0,0,0,1.1842
59.8173,64.6651,0.0864,98.4124,2.6858,9.6688,2.6858,0.0061,1.1032,276.6718,-2.0451,-0.0518,1.0000,0.3392,-0.1087,-5.1768,18.8058,1.0000,0.0000,1,0,0,0,0,1.1927
59.8885,64.4720,0.0864,98.4350,2.7719,9.9789,2.7719,0.0047,1.2096,276.4803,-2.6890,-0.0577,1.0000,0.3392,-0.1303,-6.1242,13.3083,1.0000,0.0000,1,0,0,0,0,0.9142
59.9426,64.3214,0.0864,98.4521,2.8334,10.2002,2.8334,0.0048,1.1361,276.3222,-2.9211,-0.0616,1.0000,0.3392,-0.1434,-7.3527,22.6967,1.0000,0.0000,1,0,0,0,0,1.4485
59.9981,64.1637,0.0864,98.4696,2.8949,10.4217,2.8949,0.0054,1.1087,276.1447,-3.2012,-0.0655,1.0000,0.3392,-0.1536,-8.1150,13.7405,1.0000,0.0000,1,0,0,0,0,0.9693
60.0546,63.9995,0.0864,98.4873,2.9564,10.6430,2.9564,0.0065,1.0882,275.9514,-3.4197,-0.0675,1.0000,0.3392,-0.1618,-8.7995,12.1137,1.0000,0.0000,1,0,0,0,0,0.8961
60.1100,63.8349,0.0864,98.5045,3.0179,10.8644,3.0179,0.0076,1.1095,275.7498,-3.6380,-0.0675,1.0000,0.3392,-0.1657,-9.3311,9.5923,1.0000,0.0000,1,0,0,0,0,0.7726
60.1660,63.6653,0.0864,98.5217,3.0794,11.0857,3.0794,0.0084,1.0985,275.5438,-3.6815,-0.0675,1.0000,0.3392,-0.1674,-9.6711,6.0748,1.0000,0.0000,1,0,0,0,0,0.5830
60.2248,63.4834,0.0864,98.5394,3.1409,11.3071,3.1408,0.0092,1.0460,275.3349,-3.5525,-0.0675,1.0000,0.3392,-0.1681,-9.8808,3.5674,1.0000,0.0000,1,0,0,0,0,0.4393
60.2790,63.3120,0.0864,98.5556,3.2023,11.5283,3.2023,0.0098,1.1325,275.1241,-3.8864,-0.0675,1.0000,0.3392,-0.1684,-9.9941,2.0877,1.0000,0.0000,1,0,0,0,0,0.3778
60.3330,63.1381,0.0864,98.5713,3.2638,11.7496,3.2638,0.0104,1.1383,274.9113,-3.9384,-0.0675,1.0000,0.3392,-0.1686,-10.0539,1.1074,1.0000,0.0000,1,0,0,0,0,0.3280
60.4152,62.8672,0.0864,98.5946,3.3499,12.0596,3.3499,0.0112,1.0476,274.6105,-3.6602,-0.0675,1.0000,0.3392,-0.1686,-10.0855,0.3845,1.0000,0.0000,1,0,0,0,0,0.2748
60.4713,62.6779,0.0864,98.6101,3.4113,12.2808,3.4113,0.0118,1.0951,274.3937,-3.8635,-0.0675,1.0000,0.3392,-0.1686,-10.1084,0.4084,1.0000,0.0000,1,0,0,0,0,0.2890
60.5272,62.4857,0.0864,98.6250,3.4728,12.5022,3.4728,0.0123,1.0996,274.1754,-3.9045,-0.0675,1.0000,0.3392,-0.1686,-10.1136,0.0934,1.0000,0.0000,1,0,0,0,0,0.2753
60.5834,62.2894,0.0864,98.6396,3.5343,12.7236,3.5343,0.0129,1.0962,273.9554,-3.9206,-0.0675,1.0000,0.3392,-0.1686,-10.1164,0.0487,1.0000,0.0000,1,0,0,0,0,0.2752
60.6392,62.0906,0.0864,98.6535,3.5958,12.9448,3.5957,0.0134,1.1009,273.7339,-3.9691,-0.0675,1.0000,0.3392,-0.1686,-10.1177,0.0239,1.0000,0.0000,1,0,0,0,0,0.2779
60.6945,61.8899,0.0864,98.6669,3.6573,13.1662,3.6572,0.0140,1.1109,273.5107,-4.0303,-0.0675,1.0000,0.3392,-0.1686,-10.1184,0.0121,1.0000,0.0000,1,0,0,0,0,0.2821
60.7496,61.6870,0.0864,98.6796,3.7187,13.3873,3.7187,0.0146,1.1159,273.2860,-4.0832,-0.0675,1.0000,0.3392,-0.1687,-10.1187,0.0060,1.0000,0.0000,1,0,0,0,0,0.2861
60.8057,61.4765,0.0864,98.6919,3.7802,13.6086,3.7801,0.0152,1.0950,273.0596,-4.0323,-0.0675,1.0000,0.3392,-0.1687,-10.1189,0.0030,1.0000,0.0000,1,0,0,0,0,0.2845
60.8610,61.2659,0.0864,98.7035,3.8416,13.8299,3.8416,0.0158,1.1124,272.8317,-4.1243,-0.0675,1.0000,0.3392,-0.1687,-10.1189,0.0015,1.0000,0.0000,1,0,0,0,0,0.2909
60.9178,61.0458,0.0864,98.7147,3.9154,14.0956,3.9154,0.0165,1.2989,272.5561,-4.8505,-0.0675,1.0000,0.3392,-0.1687,-10.1190,0.0006,1.0000,0.0000,1,0,0,0,0,0.3326
60.9727,60.8297,0.0864,98.7248,3.9769,14.3169,3.9769,0.0171,1.1196,272.3235,-4.2357,-0.0694,1.0000,0.3392,-0.1706,-10.1268,0.1417,1.0000,0.0000,1,0,0,0,0,0.3079
61.0282,60.6078,0.0864,98.7344,4.0383,14.5380,4.0383,0.0180,1.1066,272.0863,-4.2740,-0.0694,1.0000,0.3392,-0.1723,-10.2042,1.3956,1.0000,0.0000,1,0,0,0,0,0.3817
61.0844,60.3795,0.0864,98.7432,4.0998,14.7591,4.0997,0.0188,1.0924,271.8461,-4.2714,-0.0694,1.0000,0.3392,-0.1730,-10.2833,1.4064,1.0000,0.0000,1,0,0,0,0,0.3841
61.1402,60.1495,0.0864,98.7513,4.1612,14.9803,4.1612,0.0195,1.1019,271.6037,-4.3475,-0.0694,1.0000,0.3392,-0.1733,-10.3372,0.9674,1.0000,0.0000,1,0,0,0,0,0.3657
61.2126,59.8458,0.0864,98.7604,4.2350,15.2462,4.2350,0.0205,1.0199,271.3103,-4.0523,-0.0694,1.0000,0.3392,-0.1734,-10.3758,0.5322,1.0000,0.0000,1,0,0,0,0,0.3272
61.2665,59.6161,0.0864,98.7662,4.2964,15.4672,4.2964,0.0212,1.1402,271.0640,-4.5743,-0.0694,1.0000,0.3392,-0.1735,-10.3949,0.3543,1.0000,0.0000,1,0,0,0,0,0.3477
61.3214,59.3783,0.0864,98.7712,4.3579,15.6885,4.3579,0.0219,1.1179,270.8159,-4.5106,-0.0694,1.0000,0.3392,-0.1735,-10.4028,0.1440,1.0000,0.0000,1,0,0,0,0,0.3338
61.3904,59.0750,0.0864,98.7762,4.4316,15.9539,4.4316,0.0227,1.0681,270.5161,-4.3451,-0.0694,1.0000,0.3392,-0.1735,-10.4073,0.0658,1.0000,0.0000,1,0,0,0,0,0.3220
61.4446,58.8335,0.0864,98.7790,4.4931,16.1752,4.4930,0.0234,1.1361,270.2643,-4.6537,-0.0694,1.0000,0.3392,-0.1735,-10.4092,0.0351,1.0000,0.0000,1,0,0,0,0,0.3387
61.5134,58.5217,0.0864,98.7811,4.5668,16.4405,4.5667,0.0243,1.0710,269.9601,-4.4211,-0.0694,1.0000,0.3392,-0.1735,-10.4111,0.0271,1.0000,0.0000,1,0,0,0,0,0.3269
61.5699,58.2617,0.0864,98.7816,4.6283,16.6618,4.6282,0.0250,1.0881,269.7047,-4.5196,-0.0694,1.0000,0.3392,-0.1735,-10.4116,0.0092,1.0000,0.0000,1,0,0,0,0,0.3327
61.6250,58.0047,0.0864,98.7810,4.6897,16.8830,4.6897,0.0257,1.1150,269.4478,-4.6619,-0.0694,1.0000,0.3392,-0.1735,-10.4118,0.0035,1.0000,0.0000,1,0,0,0,0,0.3415
61.6808,57.7408,0.0864,98.7792,4.7512,17.1041,4.7511,0.0265,1.0995,269.1891,-4.6297,-0.0694,1.0000,0.3392,-0.1735,-10.4119,0.0018,1.0000,0.0000,1,0,0,0,0,0.3409
61.7376,57.4690,0.0864,98.7761,4.8126,17.3254,4.8125,0.0272,1.0823,268.9289,-4.5831,-0.0694,1.0000,0.3392,-0.1735,-10.4120,0.0009,1.0000,0.0000,1,0,0,0,0,0.3395
61.7931,57.1999,0.0864,98.7718,4.8740,17.5465,4.8739,0.0280,1.1064,268.6671,-4.7169,-0.0694,1.0000,0.3392,-0.1735,-10.4120,0.0004,1.0000,0.0000,1,0,0,0,0,0.3482
61.8476,56.9324,0.0864,98.7663,4.9355,17.7677,4.9354,0.0287,1.1274,268.4036,-4.8342,-0.0694,1.0000,0.3392,-0.1735,-10.4120,0.0002,1.0000,0.0000,1,0,0,0,0,0.3558
61.9042,56.6512,0.0864,98.7593,4.9968,17.9886,4.9967,0.0295,1.0844,268.1384,-4.6865,-0.0694,1.0000,0.3392,-0.1735,-10.4120,0.0001,1.0000,0.0000,1,0,0,0,0,0.3489
61.9613,56.3638,0.0864,98.7508,5.0706,18.2541,5.0705,0.0304,1.2911,267.8181,-5.6076,-0.0694,1.0000,0.3392,-0.1735,-10.4120,0.0000,1.0000,0.0000,1,0,0,0,0,0.4013
62.0146,56.0923,0.0864,98.7415,5.1197,18.4310,5.1196,0.0310,0.9224,267.6033,-4.0303,-0.0694,1.0000,0.3392,-0.1735,-10.4120,0.0000,1.0000,0.0000,1,0,0,0,0,0.3148
62.0711,55.8014,0.0864,98.7303,5.1811,18.6519,5.1810,0.0318,1.0867,267.3332,-4.7837,-0.0694,1.0000,0.3392,-0.1735,-10.4120,0.0000,1.0000,0.0000,1,0,0,0,0,0.3579
62.1269,55.5105,0.0864,98.7176,5.2548,18.9174,5.2547,0.0327,1.3211,267.0071,-5.8414,-0.0694,1.0000,0.3392,-0.1735,-10.4120,0.0000,1.0000,0.0000,1,0,0,0,0,0.4179
62.1817,55.2215,0.0864,98.7037,5.3040,19.0943,5.3039,0.0331,0.8968,266.7925,-3.9167,-0.0616,1.0000,0.3392,-0.1670,-10.3511,1.1121,1.0000,0.0000,1,0,0,0,0,0.3729
62.2385,54.9186,0.0864,98.6877,5.3776,19.3594,5.3775,0.0319,1.2965,266.4928,-5.2778,-0.0538,1.0000,0.3392,-0.1499,-9.9626,6.8400,1.0000,0.0000,1,0,0,0,0,0.7622
62.2945,54.6165,0.0864,98.6704,5.4391,19.5808,5.4390,0.0295,1.0979,266.2722,-3.9382,-0.0440,1.0000,0.3392,-0.1298,-9.2482,12.7540,1.0000,0.0000,1,0,0,0,0,1.0087
62.3502,54.3128,0.0864,98.6517,5.5005,19.8019,5.5005,0.0259,1.1036,266.0854,-3.3556,-0.0323,1.0000,0.3392,-0.1058,-8.2296,18.2987,1.0000,0.0000,1,0,0,0,0,1.2736
62.4060,54.0048,0.0864,98.6315,5.5619,20.0230,5.5619,0.0212,1.0998,265.9373,-2.6521,-0.0225,1.0000,0.3392,-0.0805,-6.9819,22.3426,1.0000,0.0000,1,0,0,0,0,1.4456
62.4763,53.6123,0.0864,98.6044,5.6357,20.2885,5.6357,0.0122,1.0491,265.8430,-1.3422,-0.0127,1.0000,0.3392,-0.0292,-5.2791,24.2198,1.0000,0.0000,1,0,0,0,0,1.4525
62.5317,53.2996,0.0864,98.5820,5.6972,20.5101,5.6972,0.0052,1.1121,265.8094,-0.6056,-0.0029,1.0000,0.3392,-0.0126,-2.8424,44.0379,1.0000,0.0000,1,0,0,0,0,2.4939
62.5873,52.9819,0.0864,98.5587,5.7587,20.7314,5.7587,0.0003,1.1056,265.7926,-0.3029,0.0049,1.0000,0.3392,-0.0054,-1.6548,21.3564,1.0000,0.0000,1,0,0,0,0,1.2040
62.6559,52.5849,0.0864,98.5293,5.8325,20.9970,5.8325,0.0034,1.0746,265.7813,-0.1644,0.0146,1.0000,0.3392,-0.0020,-0.8969,11.0363,1.0000,0.0000,1,0,0,0,0,0.6310
62.7115,52.2602,0.0864,98.5050,5.8940,21.2184,5.8940,0.0073,1.1078,265.7983,0.3068,0.0244,1.0000,0.3392,0.0265,-0.0750,14.8066,1.0000,0.0000,1,0,0,0,0,0.8581
62.7683,51.9241,0.0864,98.4799,5.9555,21.4399,5.9555,0.0132,1.0817,265.8625,1.1281,0.0303,1.0000,0.3392,0.0508,1.1520,21.5790,1.0000,0.0000,1,0,0,0,0,1.2946
62.8245,51.5887,0.0864,98.4549,6.0170,21.6612,6.0170,0.0191,1.0949,265.9594,1.7269,0.0322,1.0000,0.3392,0.0669,2.4099,22.4039,1.0000,0.0000,1,0,0,0,0,1.3881
62.8797,51.2555,0.0864,98.4305,6.0785,21.8824,6.0784,0.0243,1.1134,266.0793,2.1719,0.0361,1.0000,0.3392,0.0789,3.4460,18.7678,1.0000,0.0000,1,0,0,0,0,1.2232
62.9350,50.9184,0.0864,98.4062,6.1399,22.1036,6.1398,0.0284,1.1112,266.2147,2.4485,0.0361,1.0000,0.3392,0.0854,4.2297,14.1749,1.0000,0.0000,1,0,0,0,0,0.9930
63.0056,50.4828,0.0864,98.3760,6.2259,22.4133,6.2258,0.0327,1.2182,266.4185,2.8855,0.0381,1.0000,0.3392,0.0913,4.6410,5.8241,1.0000,0.0000,1,0,0,0,0,0.5626
63.0746,50.0515,0.0864,98.3472,6.2996,22.6786,6.2995,0.0352,1.0673,266.6031,2.6737,0.0381,1.0000,0.3392,0.0938,5.2758,9.1945,1.0000,0.0000,1,0,0,0,0,0.7433
63.1284,49.7117,0.0864,98.3254,6.3610,22.8997,6.3609,0.0368,1.1417,266.7603,2.9210,0.0381,1.0000,0.3392,0.0946,5.4727,3.6590,1.0000,0.0000,1,0,0,0,0,0.4523
63.1987,49.2630,0.0864,98.2980,6.4347,23.1650,6.4346,0.0383,1.0486,266.9533,2.7471,0.0401,1.0000,0.3392,0.0974,5.6154,2.0307,1.0000,0.0000,1,0,0,0,0,0.3548
63.2545,48.9029,0.0864,98.2772,6.4962,23.3862,6.4960,0.0399,1.1015,267.1221,3.0250,0.0440,1.0000,0.3392,0.1021,5.8136,3.5530,1.0000,0.0000,1,0,0,0,0,0.4575
63.3106,48.5369,0.0864,98.2570,6.5575,23.6070,6.5574,0.0418,1.0925,267.3008,3.1840,0.0440,1.0000,0.3392,0.1066,6.0461,4.1418,1.0000,0.0000,1,0,0,0,0,0.5025
63.3659,48.1731,0.0864,98.2381,6.6189,23.8281,6.6188,0.0438,1.1111,267.4885,3.3955,0.0459,1.0000,0.3392,0.1113,6.3094,4.7622,1.0000,0.0000,1,0,0,0,0,0.5525
63.4217,47.8024,0.0864,98.2199,6.6803,24.0490,6.6801,0.0456,1.0995,267.6824,3.4742,0.0459,1.0000,0.3392,0.1133,6.5293,3.9403,1.0000,0.0000,1,0,0,0,0,0.5144
63.4776,47.4273,0.0864,98.2028,6.7416,24.2699,6.7415,0.0471,1.0969,267.8795,3.5240,0.0459,1.0000,0.3392,0.1141,6.6832,2.7524,1.0000,0.0000,1,0,0,0,0,0.4536
63.5341,47.0453,0.0864,98.1866,6.8031,24.4910,6.8029,0.0483,1.0886,268.0788,3.5316,0.0459,1.0000,0.3392,0.1145,6.7892,1.8781,1.0000,0.0000,1,0,0,0,0,0.4071
63.5895,46.6668,0.0864,98.1718,6.8644,24.7119,6.8642,0.0493,1.1076,268.2795,3.6240,0.0459,1.0000,0.3392,0.1147,6.8343,0.8143,1.0000,0.0000,1,0,0,0,0,0.3544
63.6581,46.1931,0.0864,98.1552,6.9381,24.9770,6.9379,0.0503,1.0729,268.5221,3.5337,0.0459,1.0000,0.3392,0.1147,6.8595,0.3673,1.0000,0.0000,1,0,0,0,0,0.3256
63.7158,45.7910,0.0864,98.1427,7.0117,25.2421,7.0115,0.0513,1.2766,268.7662,4.2331,0.0459,1.0000,0.3392,0.1148,6.8753,0.2733,1.0000,0.0000,1,0,0,0,0,0.3602
63.7715,45.3991,0.0864,98.1320,7.0730,25.4630,7.0729,0.0524,1.1017,268.9744,3.7376,0.0479,0.9296,0.3392,0.1176,6.9246,0.8854,1.0000,0.0000,1,0,0,0,0,0.3680
63.8392,44.9182,0.0864,98.1207,7.1466,25.7279,7.1464,0.0539,1.0873,269.2296,3.7692,0.0479,0.9160,0.3392,0.1190,7.0137,1.3164,1.0000,0.0000,1,0,0,0,0,0.3956
63.8944,44.5223,0.0864,98.1130,7.2080,25.9487,7.2077,0.0550,1.1109,269.4449,3.9016,0.0479,0.9062,0.3392,0.1194,7.0954,1.4794,1.0000,0.0000,1,0,0,0,0,0.4133
63.9511,44.1118,0.0864,98.1065,7.2693,26.1695,7.2691,0.0559,1.0813,269.6620,3.8257,0.0479,0.9062,0.3392,0.1196,7.1351,0.6998,1.0000,0.0000,1,0,0,0,0,0.3668
64.0351,43.4976,0.0864,98.0997,7.3552,26.4786,7.3549,0.0571,1.0224,269.9679,3.6430,0.0479,0.8944,0.3392,0.1197,7.1577,0.2690,1.0000,0.0000,1,0,0,0,0,0.3338
64.0910,43.0843,0.0864,98.0971,7.4165,26.6994,7.4163,0.0579,1.0967,270.1879,3.9345,0.0479,0.8788,0.3392,0.1197,7.1756,0.3198,1.0000,0.0000,1,0,0,0,0,0.3535
64.1494,42.6492,0.0864,98.0961,7.4901,26.9642,7.4898,0.0589,1.2605,270.4535,4.5501,0.0479,0.8612,0.3392,0.1197,7.1800,0.0770,1.0000,0.0000,1,0,0,0,0,0.3751
64.2031,42.2451,0.0864,98.0968,7.5514,27.1851,7.5512,0.0597,1.1409,270.6759,4.1368,0.0479,0.8456,0.3392,0.1197,7.1823,0.0429,1.0000,0.0000,1,0,0,0,0,0.3508
64.2718,41.7245,0.0864,98.0998,7.6250,27.4501,7.6248,0.0606,1.0723,270.9443,3.9106,0.0479,0.8397,0.3392,0.1197,7.1835,0.0169,1.0000,0.0000,1,0,0,0,0,0.3374
64.3273,41.2996,0.0864,98.1041,7.6863,27.6706,7.6860,0.0614,1.1034,271.1693,4.0522,0.0479,0.8241,0.3392,0.1197,7.1842,0.0125,1.0000,0.0000,1,0,0,0,0,0.3455
64.3819,40.8787,0.0864,98.1100,7.7476,27.8912,7.7473,0.0621,1.1229,271.3954,4.1432,0.0479,0.8163,0.3392,0.1197,7.1845,0.0045,1.0000,0.0000,1,0,0,0,0,0.3507
64.4394,40.4319,0.0864,98.1180,7.8089,28.1122,7.8087,0.0629,1.0679,271.6227,3.9538,0.0479,0.8104,0.3392,0.1197,7.1846,0.0023,1.0000,0.0000,1,0,0,0,0,0.3405
64.4945,39.9998,0.0864,98.1275,7.8702,28.3328,7.8700,0.0636,1.1113,271.8511,4.1411,0.0479,0.8104,0.3392,0.1197,7.1846,0.0012,1.0000,0.0000,1,0,0,0,0,0.3514
64.5513,39.5513,0.0864,98.1392,7.9315,28.5534,7.9312,0.0644,1.0788,272.0805,4.0392,0.0479,0.8104,0.3392,0.1197,7.1847,0.0003,1.0000,0.0000,1,0,0,0,0,0.3462
64.6066,39.1114,0.0864,98.1524,7.9928,28.7742,7.9926,0.0652,1.1100,272.3112,4.1739,0.0479,0.8104,0.3392,0.1197,7.1847,0.0006,1.0000,0.0000,1,0,0,0,0,0.3542
64.6618,38.6688,0.0864,98.1674,8.0541,28.9947,8.0538,0.0660,1.1094,272.5429,4.1968,0.0479,0.8104,0.3392,0.1197,7.1847,0.0001,1.0000,0.0000,1,0,0,0,0,0.3560
64.7194,38.2035,0.0864,98.1851,8.1154,29.2155,8.1151,0.0667,1.0646,272.7757,4.0424,0.0479,0.8104,0.3392,0.1197,7.1847,0.0001,1.0000,0.0000,1,0,0,0,0,0.3479
64.7740,37.7590,0.0864,98.2038,8.1767,29.4360,8.1764,0.0675,1.1215,273.0097,4.2844,0.0479,0.8104,0.3392,0.1197,7.1847,0.0000,1.0000,0.0000,1,0,0,0,0,0.3619
64.8295,37.3039,0.0864,98.2249,8.2380,29.6567,8.2377,0.0683,1.1045,273.2448,4.2342,0.0479,0.8104,0.3392,0.1197,7.1847,0.0000,1.0000,0.0000,1,0,0,0,0,0.3596
64.8978,36.7398,0.0864,98.2535,8.3115,29.9215,8.3112,0.0687,1.0775,273.5233,4.0805,0.0459,0.8104,0.3392,0.1166,7.1371,0.6976,1.0000,0.0000,1,0,0,0,0,0.3894
64.9558,36.2558,0.0864,98.2803,8.3728,30.1421,8.3725,0.0683,1.0549,273.7490,3.8870,0.0420,0.8104,0.3392,0.1120,6.9866,2.5915,1.0000,0.0000,1,0,0,0,0,0.4822
65.0094,35.8067,0.0864,98.3070,8.4341,30.3628,8.4338,0.0673,1.1459,273.9663,4.0610,0.0401,0.8104,0.3392,0.1073,6.7840,3.7859,1.0000,0.0000,1,0,0,0,0,0.5557
65.0647,35.3387,0.0864,98.3366,8.4954,30.5833,8.4951,0.0658,1.1056,274.1735,3.7399,0.0381,0.8104,0.3392,0.1013,6.6528,2.3691,1.0000,0.0000,1,0,0,0,0,0.4555
65.1219,34.8520,0.0864,98.3693,8.5567,30.8042,8.5565,0.0631,1.0730,274.3639,3.3297,0.0322,0.8104,0.3392,0.0915,6.0966,9.7261,1.0000,0.0000,1,0,0,0,0,0.8359
65.1768,34.3817,0.0864,98.4025,8.6180,31.0249,8.6178,0.0595,1.1174,274.5352,3.1208,0.0283,0.8104,0.3392,0.0817,5.6323,8.4612,1.0000,0.0000,1,0,0,0,0,0.7469
65.2328,33.8985,0.0864,98.4384,8.6794,31.2457,8.6792,0.0551,1.0950,274.6861,2.6955,0.0225,0.8104,0.3392,0.0706,5.0825,9.8163,1.0000,0.0000,1,0,0,0,0,0.7904
65.2889,33.4115,0.0864,98.4759,8.7408,31.4667,8.7406,0.0488,1.0954,274.8059,2.1367,0.0186,0.8104,0.3392,0.0457,4.3880,12.3919,1.0000,0.0000,1,0,0,0,0,0.8909
65.3447,32.9231,0.0864,98.5148,8.8022,31.6878,8.8021,0.0375,1.1002,274.8606,0.9807,0.0146,0.8104,0.3392,0.0197,3.0857,23.3282,1.0000,0.0000,1,0,0,0,0,1.4144
65.3999,32.4370,0.0864,98.5545,8.8636,31.9089,8.8635,0.0273,1.1127,274.8817,0.3827,0.0146,0.8104,0.3392,0.0084,1.8857,21.7446,1.0000,0.0000,1,0,0,0,0,1.2754
65.4547,31.9506,0.0864,98.5947,8.9251,32.1305,8.9251,0.0199,1.1223,274.8884,0.1207,0.0146,0.8104,0.3392,0.0036,1.0882,14.5410,1.0000,0.0000,1,0,0,0,0,0.8479
65.5104,31.4531,0.0864,98.6363,8.9866,32.3518,8.9866,0.0149,1.1033,274.8888,0.0082,0.0146,0.8104,0.3392,0.0016,0.6000,8.7617,1.0000,0.0000,1,0,0,0,0,0.5122
65.5687,30.9295,0.0864,98.6807,9.0604,32.6174,9.0604,0.0026,1.2668,274.8851,-0.0634,0.0146,0.8104,0.3392,0.0006,0.3752,3.8604,1.0000,0.0000,1,0,0,0,0,0.2223
65.6221,30.4459,0.0864,98.7220,9.1096,32.7944,9.1096,0.0022,0.9204,274.8819,-0.0611,0.0146,0.8104,0.3392,0.0003,0.1611,4.0073,1.0000,0.0000,1,0,0,0,0,0.2296
65.6783,29.9337,0.0864,98.7661,9.1711,33.0159,9.1711,0.0058,1.0943,274.8773,-0.0820,0.0146,0.8104,0.3392,0.0001,0.0827,1.3937,1.0000,0.0000,1,0,0,0,0,0.0914
65.7347,29.4162,0.0864,98.8104,9.2448,33.2813,9.2448,0.0001,1.3072,274.8719,-0.0942,0.0146,0.8104,0.3392,0.0000,0.0424,0.7161,1.0000,0.0000,1,0,0,0,0,0.0451
65.7903,28.9028,0.0864,98.8540,9.3063,33.5028,9.3063,0.0033,1.1071,274.8677,-0.0769,0.0166,0.8104,0.3392,0.0000,0.0215,0.3758,1.0000,0.0000,1,0,0,0,0,0.0305
65.8458,28.3867,0.0864,98.8976,9.3678,33.7242,9.3678,0.0052,1.1079,274.8634,-0.0775,0.0166,0.8104,0.3392,0.0000,0.0108,0.1929,1.0000,0.0000,1,0,0,0,0,0.0234
65.9025,27.8559,0.0864,98.9424,9.4293,33.9454,9.4293,0.0063,1.0839,274.8591,-0.0759,0.0166,0.8104,0.3392,0.0000,0.0054,0.0943,1.0000,0.0000,1,0,0,0,0,0.0194
65.9570,27.3423,0.0864,98.9856,9.4908,34.1669,9.4908,0.0069,1.1281,274.8548,-0.0789,0.0186,0.8104,0.3392,0.0000,0.0027,0.0497,1.0000,0.0000,1,0,0,0,0,0.0180
66.0130,26.8116,0.0864,99.0302,9.5523,34.3883,9.5523,0.0072,1.0993,274.8505,-0.0758,0.0186,0.8104,0.3392,0.0000,0.0013,0.0247,1.0000,0.0000,1,0,0,0,0,0.0169
66.0967,26.0109,0.0864,99.0974,9.6384,34.6982,9.6384,0.0074,1.0277,274.8445,-0.0721,0.0186,0.8104,0.3392,0.0000,0.0006,0.0081,1.0000,0.0000,1,0,0,0,0,0.0159
66.1528,25.4710,0.0864,99.1427,9.6999,34.9195,9.6999,0.0074,1.0974,274.8402,-0.0757,0.0186,0.8104,0.3392,0.0000,0.0002,0.0081,1.0000,0.0000,1,0,0,0,0,0.0162
66.2075,24.9397,0.0864,99.1872,9.7613,35.1408,9.7613,0.0075,1.1220,274.8359,-0.0797,0.0186,0.8104,0.3392,0.0000,0.0001,0.0017,1.0000,0.0000,1,0,0,0,0,0.0160
66.2623,24.4055,0.0864,99.2319,9.8229,35.3623,9.8229,0.0075,1.1244,274.8315,-0.0792,0.0186,0.8104,0.3392,0.0000,0.0000,0.0009,1.0000,0.0000,1,0,0,0,0,0.0159
66.3201,23.8376,0.0864,99.2794,9.8844,35.5837,9.8844,0.0075,1.0634,274.8273,-0.0728,0.0186,0.8104,0.3392,0.0000,0.0000,0.0004,1.0000,0.0000,1,0,0,0,0,0.0155
66.3747,23.2980,0.0864,99.3244,9.9459,35.8052,9.9459,0.0075,1.1271,274.8230,-0.0794,0.0186,0.8104,0.3392,0.0000,0.0000,0.0002,1.0000,0.0000,1,0,0,0,0,0.0157
66.4314,22.7341,0.0864,99.3715,10.0073,36.0263,10.0073,0.0075,1.0831,274.8187,-0.0753,0.0186,0.8104,0.3392,0.0000,0.0000,0.0001,1.0000,0.0000,1,0,0,0,0,0.0154
66.4850,22.1976,0.0864,99.4162,10.0688,36.2478,10.0688,0.0075,1.1477,274.8145,-0.0797,0.0186,0.8104,0.3392,0.0000,0.0000,0.0000,1.0000,0.0000,1,0,0,0,0,0.0156
66.5419,21.6245,0.0864,99.4640,10.1303,36.4691,10.1303,0.0075,1.0801,274.8102,-0.0751,0.0146,0.8104,0.3392,0.0000,0.0000,0.0000,1.0000,0.0000,1,0,0,0,0,0.0153
66.6254,20.7776,0.0864,99.5345,10.2287,36.8234,10.2287,0.0076,1.1786,274.8033,-0.0826,0.0146,0.8104,0.3392,0.0000,0.0000,0.0000,1.0000,0.0000,1,0,0,0,0,0.0157
66.6807,20.2125,0.0864,99.5815,10.2902,37.0445,10.2902,0.0076,1.1114,274.7990,-0.0767,0.0088,0.8104,0.3392,0.0000,0.0000,0.0000,1.0000,0.0000,1,0,0,0,0,0.0153
66.7378,19.6254,0.0864,99.6303,10.3517,37.2660,10.3517,0.0075,1.0775,274.7947,-0.0754,0.0068,0.8104,0.3392,0.0000,0.0000,0.0000,1.0000,0.0000,1,0,0,0,0,0.0151
66.7928,19.0567,0.0864,99.6775,10.4132,37.4875,10.4132,0.0075,1.1193,274.7904,-0.0788,0.0049,0.8104,0.3392,0.0000,0.0000,0.0000,1.0000,0.0000,1,0,0,0,0,0.0152
66.8483,18.4785,0.0864,99.7254,10.4747,37.7089,10.4747,0.0075,1.1068,274.7861,-0.0769,0.0049,0.8104,0.3392,0.0000,0.0000,0.0000,1.0000,0.0000,1,0,0,0,0,0.0151
66.9044,17.8913,0.0864,99.7741,10.5362,37.9302,10.5362,0.0075,1.0962,274.7819,-0.0762,0.0029,0.8104,0.3392,0.0000,0.0000,0.0000,1.0000,0.0000,1,0,0,0,0,0.0150
66.9602,17.3037,0.0864,99.8227,10.5976,38.1515,10.5976,0.0075,1.1011,274.7775,-0.0777,0.0029,0.8104,0.3392,0.0000,0.0000,0.0000,1.0000,0.0000,1,0,0,0,0,0.0150
67.0156,16.7168,0.0864,99.8713,10.6591,38.3729,10.6591,0.0075,1.1099,274.7732,-0.0782,0.0010,0.8104,0.3392,0.0000,0.0000,0.0000,1.0000,0.0000,1,0,0,0,0,0.0149
67.0716,16.1210,0.0864,99.9205,10.7207,38.5943,10.7207,0.0075,1.1000,274.7689,-0.0775,0.0010,0.8104,0.3392,0.0000,0.0000,0.0000,1.0000,0.0000,1,0,0,0,0,0.0148
67.1293,15.5021,0.0864,99.9716,10.7822,38.8158,10.7822,0.0075,1.0649,274.7646,-0.0740,0.0010,0.8104,0.3392,0.0000,0.0000,0.0000,1.0000,0.0000,1,0,0,0,0,0.0145
67.1838,14.9146,0.0864,100.0201,10.8437,39.0372,10.8437,0.0075,1.1285,274.7603,-0.0795,-0.0010,0.8104,0.3392,0.0000,0.0000,0.0000,1.0000,0.0000,1,0,0,0,0,0.0148
67.2395,14.3116,0.0864,100.0698,10.9051,39.2583,10.9051,0.0075,1.1038,274.7559,-0.0779,-0.0029,0.8104,0.3392,0.0000,0.0000,0.0000,1.0000,0.0000,1,0,0,0,0,0.0146
67.2948,13.7089,0.0864,100.1195,10.9666,39.4798,10.9666,0.0075,1.1129,274.7516,-0.0778,-0.0049,0.8104,0.3392,0.0000,0.0000,0.0000,1.0000,0.0000,1,0,0,0,0,0.0145
67.3495,13.1091,0.0864,100.1688,11.0281,39.7011,11.0281,0.0075,1.1234,274.7473,-0.0786,-0.0069,0.8104,0.3392,0.0000,0.0000,0.0000,1.0000,0.0000,1,0,0,0,0,0.0145
67.4062,12.4836,0.0864,100.2203,11.0896,39.9227,11.0896,0.0075,1.0845,274.7430,-0.0753,-0.0088,0.8104,0.3392,0.0000,0.0000,0.0000,1.0000,0.0000,1,0,0,0,0,0.0143
67.4605,11.8822,0.0864,100.2698,11.1510,40.1437,11.1510,0.0043,1.1319,274.7421,-0.0169,-0.0127,0.8104,0.3392,0.0000,0.0000,0.0000,1.0000,0.0000,1,0,0,0,0,0.0067
67.5164,11.2588,0.0864,100.3215,11.2126,40.3652,11.2126,0.0008,1.0996,274.7464,0.0758,-0.0147,0.8104,0.3392,0.0000,0.0000,0.0000,1.0000,0.0000,1,0,0,0,0,0.0053
67.5731,10.6241,0.0864,100.3740,11.2741,40.5867,11.2741,0.0042,1.0860,274.7512,0.0857,-0.0147,0.8104,0.3392,0.0000,0.0000,0.0000,1.0000,0.0000,1,0,0,0,0,0.0104
67.6438,9.8269,0.0864,100.4402,11.3602,40.8967,11.3602,0.0008,1.2181,274.7512,0.0000,-0.0147,0.8104,0.3392,0.0000,0.0000,0.0000,1.0000,0.0000,1,0,0,0,0,0.0010
67.6974,9.2178,0.0864,100.4906,11.4094,41.0737,11.4094,0.0035,0.9159,274.7495,-0.0324,-0.0147,0.8104,0.3392,0.0000,0.0000,0.0000,1.0000,0.0000,1,0,0,0,0,0.0064
67.7533,8.5806,0.0864,100.5432,11.4709,41.2950,11.4709,0.0052,1.1007,274.7452,-0.0759,-0.0147,0.8104,0.3392,0.0000,0.0000,0.0000,1.0000,0.0000,1,0,0,0,0,0.0110
67.8090,7.9414,0.0864,100.5959,11.5324,41.5165,11.5324,0.0061,1.1038,274.7410,-0.0766,-0.0147,0.8104,0.3392,0.0000,0.0000,0.0000,1.0000,0.0000,1,0,0,0,0,0.0122
67.8655,7.2910,0.0864,100.6493,11.6061,41.7819,11.6061,0.0069,1.3069,274.7358,-0.0909,-0.0147,0.8104,0.3392,0.0000,0.0000,0.0000,1.0000,0.0000,1,0,0,0,0,0.0140
67.9209,6.6484,0.0864,100.7021,11.6676,42.0035,11.6676,0.0072,1.1100,274.7316,-0.0771,-0.0147,0.8104,0.3392,0.0000,0.0000,0.0000,1.0000,0.0000,1,0,0,0,0,0.0135
67.9770,5.9940,0.0864,100.7558,11.7291,42.2249,11.7291,0.0073,1.0951,274.7272,-0.0772,-0.0147,0.8104,0.3392,0.0000,0.0000,0.0000,1.0000,0.0000,1,0,0,0,0,0.0136
68.0320,5.3504,0.0864,100.8085,11.7906,42.4461,11.7906,0.0074,1.1188,274.7230,-0.0778,-0.0147,0.8104,0.3392,0.0000,0.0000,0.0000,1.0000,0.0000,1,0,0,0,0,0.0137
68.0880,4.6902,0.0864,100.8626,11.8521,42.6676,11.8521,0.0074,1.0974,274.7187,-0.0762,-0.0147,0.8104,0.3392,0.0000,0.0000,0.0000,1.0000,0.0000,1,0,0,0,0,0.0137
68.1594,3.8450,0.0864,100.9317,11.9259,42.9331,11.9259,0.0074,1.0339,274.7135,-0.0723,-0.0147,0.8104,0.3392,0.0000,0.0000,0.0000,1.0000,0.0000,1,0,0,0,0,0.0133
68.2282,3.0246,0.0864,100.9987,11.9997,43.1989,11.9997,0.0074,1.0731,274.7084,-0.0750,-0.0166,0.8104,0.3392,0.0000,0.0000,0.0000,1.0000,0.0000,1,0,0,0,0,0.0134
68.2841,2.3539,0.0864,101.0535,12.0611,43.4201,12.0611,0.0074,1.0986,274.7041,-0.0759,-0.0166,0.8104,0.3392,0.0000,0.0000,0.0000,1.0000,0.0000,1,0,0,0,0,0.0134
68.3385,1.6983,0.0864,101.1069,12.1227,43.6416,12.1227,0.0074,1.1314,274.6999,-0.0780,-0.0166,0.8104,0.3392,0.0000,0.0000,0.0000,1.0000,0.0000,1,0,0,0,0,0.0135
68.3930,1.0376,0.0864,101.1608,12.1842,43.8630,12.1842,0.0074,1.1277,274.6956,-0.0795,-0.0166,0.8104,0.3392,0.0000,0.0000,0.0000,1.0000,0.0000,1,0,0,0,0,0.0135
68.4474,0.3754,0.0864,101.2146,12.2457,44.0844,12.2457,0.0074,1.1305,274.6913,-0.0785,-0.0166,0.8104,0.3392,0.0000,0.0000,0.0000,1.0000,0.0000,1,0,0,0,0,0.0134
68.5037,-0.3128,0.0864,101.2706,12.3071,44.3056,12.3071,0.0074,1.0924,274.6870,-0.0771,-0.0166,0.8104,0.3392,0.0000,0.0000,0.0000,1.0000,0.0000,1,0,0,0,0,0.0133
68.5597,-1.0016,0.0864,101.3266,12.3686,44.5270,12.3686,0.0074,1.0983,274.6827,-0.0763,-0.0166,0.8104,0.3392,0.0000,0.0000,0.0000,1.0000,0.0000,1,0,0,0,0,0.0132
68.6153,-1.6892,0.0864,101.3824,12.4301,44.7484,12.4301,0.0074,1.1055,274.6784,-0.0768,-0.0166,0.8104,0.3392,0.0000,0.0000,0.0000,1.0000,0.0000,1,0,0,0,0,0.0132
68.6858,-2.5657,0.0864,101.4535,12.5039,45.0142,12.5039,0.0073,1.0467,274.6732,-0.0731,-0.0166,0.8104,0.3392,0.0000,0.0000,0.0000,1.0000,0.0000,1,0,0,0,0,0.0128
68.7413,-3.2592,0.0864,101.5097,12.5654,45.2353,12.5654,0.0073,1.1071,274.6690,-0.0765,-0.0166,0.8104,0.3392,0.0000,0.0000,0.0000,1.0000,0.0000,1,0,0,0,0,0.0130
68.7961,-3.9470,0.0864,101.5654,12.6269,45.4569,12.6269,0.0073,1.1239,274.6646,-0.0797,-0.0166,0.8104,0.3392,0.0000,0.0000,0.0000,1.0000,0.0000,1,0,0,0,0,0.0131
68.8527,-4.6610,0.0864,101.6231,12.6884,45.6782,12.6884,0.0073,1.0867,274.6604,-0.0744,-0.0166,0.8104,0.3392,0.0000,0.0000,0.0000,1.0000,0.0000,1,0,0,0,0,0.0128
68.9083,-5.3663,0.0864,101.6801,12.7499,45.8997,12.7499,0.0073,1.1060,274.6562,-0.0768,-0.0166,0.8104,0.3392,0.0000,0.0000,0.0000,1.0000,0.0000,1,0,0,0,0,0.0128
68.9780,-6.2558,0.0864,101.7519,12.8359,46.2094,12.8359,0.0074,1.2334,274.6501,-0.0866,-0.0186,0.8104,0.3392,0.0000,0.0000,0.0000,1.0000,0.0000,1,0,0,0,0,0.0135
69.0335,-6.9677,0.0864,101.8093,12.8975,46.4308,12.8974,0.0074,1.1080,274.6458,-0.0775,-0.0186,0.8104,0.3392,0.0000,0.0000,0.0000,1.0000,0.0000,1,0,0,0,0,0.0129
69.0905,-7.7015,0.0864,101.8684,12.9590,46.6523,12.9590,0.0074,1.0802,274.6415,-0.0756,-0.0186,0.8104,0.3392,0.0000,0.0000,0.0000,1.0000,0.0000,1,0,0,0,0,0.0127
69.1452,-8.4101,0.0864,101.9255,13.0205,46.8737,13.0205,0.0074,1.1235,274.6372,-0.0786,-0.0186,0.8104,0.3392,0.0000,0.0000,0.0000,1.0000,0.0000,1,0,0,0,0,0.0129
69.2006,-9.1297,0.0864,101.9833,13.0820,47.0952,13.0820,0.0031,1.1119,274.5793,-1.0474,-0.0206,0.8104,0.3392,-0.0293,-0.5649,10.2103,1.0000,0.0000,1,0,0,0,0,0.6290
69.2572,-9.8695,0.0864,102.0425,13.1434,47.3163,13.1434,0.0182,1.0850,274.4710,-1.9124,-0.0206,0.8104,0.3392,-0.0419,-1.3716,14.2511,1.0000,0.0000,1,0,0,0,0,0.9187
69.3131,-10.6042,0.0864,102.1005,13.2049,47.5376,13.2049,0.0295,1.0993,274.3483,-2.1931,-0.0206,0.8104,0.3392,-0.0473,-2.0428,11.9998,1.0000,0.0000,1,0,0,0,0,0.8220
69.3677,-11.3251,0.0864,102.1563,13.2664,47.7590,13.2663,0.0374,1.1252,274.2177,-2.3898,-0.0206,0.8104,0.3392,-0.0496,-2.4895,8.1747,1.0000,0.0000,1,0,0,0,0,0.6292
69.4243,-12.0750,0.0864,102.2129,13.3278,47.9801,13.3277,0.0438,1.0859,274.0771,-2.4856,-0.0206,0.8104,0.3392,-0.0506,-2.7565,4.7198,1.0000,0.0000,1,0,0,0,0,0.4496
69.4791,-12.8052,0.0864,102.2666,13.3892,48.2012,13.3891,0.0487,1.1205,273.9309,-2.6687,-0.0206,0.8104,0.3392,-0.0511,-2.9077,2.7591,1.0000,0.0000,1,0,0,0,0,0.3561
69.5347,-13.5487,0.0864,102.3195,13.4507,48.4225,13.4506,0.0519,1.1063,273.7830,-2.6614,-0.0225,0.8104,0.3392,-0.0520,-2.9917,1.5123,1.0000,0.0000,1,0,0,0,0,0.2898
69.5909,-14.3044,0.0864,102.3714,13.5121,48.6436,13.5120,0.0558,1.0933,273.6259,-2.7958,-0.0245,0.8104,0.3392,-0.0564,-3.1074,2.0588,1.0000,0.0000,1,0,0,0,0,0.3316
69.6462,-15.0521,0.0864,102.4209,13.5735,48.8646,13.5734,0.0618,1.1097,273.4502,-3.1761,-0.0284,0.8104,0.3392,-0.0638,-3.3451,4.2967,1.0000,0.0000,1,0,0,0,0,0.4834
69.7021,-15.8107,0.0864,102.4690,13.6349,49.0858,13.6348,0.0700,1.0992,273.2502,-3.5795,-0.0323,0.8104,0.3392,-0.0726,-3.5992,4.5464,1.0000,0.0000,1,0,0,0,0,0.5285
69.7582,-16.5769,0.0864,102.5152,13.6963,49.3065,13.6960,0.0796,1.0916,273.0261,-3.9902,-0.0342,0.8104,0.3392,-0.0800,-4.1771,10.2899,1.0000,0.0000,1,0,0,0,0,0.8805
69.8140,-17.3412,0.0864,102.5586,13.7575,49.5271,13.7573,0.0886,1.0989,272.7845,-4.3321,-0.0362,0.8104,0.3392,-0.0856,-4.5879,7.3643,1.0000,0.0000,1,0,0,0,0,0.7464
69.8692,-18.1007,0.0864,102.5988,13.8188,49.7478,13.8185,0.0974,1.1114,272.5254,-4.6971,-0.0381,0.8104,0.3392,-0.0911,-4.9578,6.7069,1.0000,0.0000,1,0,0,0,0,0.7393
69.9249,-18.8716,0.0864,102.6366,13.8801,49.9682,13.8797,0.1058,1.0988,272.2502,-4.9376,-0.0401,0.8104,0.3392,-0.0963,-5.3062,6.2512,1.0000,0.0000,1,0,0,0,0,0.7359
69.9812,-19.6540,0.0864,102.6714,13.9412,50.1884,13.9408,0.1140,1.0863,271.9592,-5.1693,-0.0440,0.8104,0.3392,-0.1021,-5.6292,5.7384,1.0000,0.0000,1,0,0,0,0,0.7286
70.0359,-20.4174,0.0864,102.7019,14.0024,50.4085,14.0018,0.1221,1.1182,271.6520,-5.6185,-0.0440,0.8104,0.3392,-0.1066,-5.9606,6.0606,1.0000,0.0000,1,0,0,0,0,0.7797
70.0923,-21.2087,0.0864,102.7295,14.0635,50.6284,14.0629,0.1299,1.0829,271.3304,-5.7014,-0.0459,0.8104,0.3392,-0.1113,-6.2638,5.3745,1.0000,0.0000,1,0,0,0,0,0.7539
70.1470,-21.9793,0.0864,102.7523,14.1245,50.8482,14.1238,0.1377,1.1160,270.9936,-6.1562,-0.0479,0.8104,0.3392,-0.1162,-6.5546,5.3154,1.0000,0.0000,1,0,0,0,0,0.7835
70.2190,-22.9985,0.0864,102.7762,14.2099,51.1555,14.2091,0.1502,1.1861,270.5080,-6.7470,-0.0499,0.8104,0.3392,-0.1211,-6.8146,3.6138,1.0000,0.0000,1,0,0,0,0,0.7341
70.2730,-23.7681,0.0864,102.7895,14.2586,51.3311,14.2577,0.1611,0.9018,270.2178,-5.3663,-0.0499,0.8104,0.3392,-0.1229,-7.1194,5.6356,1.0000,0.0000,1,0,0,0,0,0.7807
70.3280,-24.5532,0.0864,102.7986,14.3194,51.5498,14.3185,0.1638,1.1059,269.8512,-6.6739,-0.0499,0.8104,0.3392,-0.1239,-7.2676,2.6971,1.0000,0.0000,1,0,0,0,0,0.6922
70.3837,-25.3530,0.0864,102.8027,14.3803,51.7689,14.3793,0.1653,1.0924,269.4804,-6.6559,-0.0518,0.8104,0.3392,-0.1258,-7.3707,1.8517,1.0000,0.0000,1,0,0,0,0,0.6451
70.4394,-26.1555,0.0864,102.8015,14.4411,51.9878,14.4401,0.1683,1.0925,269.1008,-6.8181,-0.0518,0.8104,0.3392,-0.1279,-7.5011,2.3416,1.0000,0.0000,1,0,0,0,0,0.6837
70.4953,-26.9649,0.0864,102.7951,14.5019,52.2067,14.5009,0.1717,1.0873,268.7149,-6.9019,-0.0538,0.8104,0.3392,-0.1303,-7.6167,2.0682,1.0000,0.0000,1,0,0,0,0,0.6759
70.5510,-27.7751,0.0864,102.7833,14.5626,52.4255,14.5616,0.1760,1.0902,268.3191,-7.1014,-0.0538,0.8104,0.3392,-0.1327,-7.7645,2.6512,1.0000,0.0000,1,0,0,0,0,0.7231
70.6075,-28.5999,0.0864,102.7657,14.6355,52.6877,14.6343,0.1824,1.2891,267.8367,-8.5357,-0.0538,0.8104,0.3392,-0.1338,-7.8843,2.1196,1.0000,0.0000,1,0,0,0,0,0.7789
70.6616,-29.3927,0.0864,102.7437,14.6840,52.8624,14.6828,0.1913,0.8967,267.5121,-6.0000,-0.0538,0.8104,0.3392,-0.1341,-7.9638,1.4702,1.0000,0.0000,1,0,0,0,0,0.6104
70.7317,-30.4244,0.0864,102.7074,14.7688,53.1677,14.7675,0.1968,1.2102,266.9413,-8.1432,-0.0538,0.8104,0.3392,-0.1344,-8.0111,0.6739,1.0000,0.0000,1,0,0,0,0,0.6898
70.7876,-31.2509,0.0864,102.6715,14.8293,53.3855,14.8280,0.1960,1.0818,266.5265,-7.4187,-0.0577,0.8104,0.3392,-0.1380,-8.0848,1.3188,1.0000,0.0000,1,0,0,0,0,0.6836
70.8438,-32.0836,0.0864,102.6292,14.8899,53.6037,14.8886,0.1986,1.0800,266.0984,-7.6270,-0.0577,0.8104,0.3392,-0.1415,-8.2375,2.7213,1.0000,0.0000,1,0,0,0,0,0.7750
70.8997,-32.9168,0.0864,102.5805,14.9505,53.8217,14.9491,0.2034,1.0824,265.6569,-7.8931,-0.0596,0.8104,0.3392,-0.1459,-8.4354,3.5361,1.0000,0.0000,1,0,0,0,0,0.8391
70.9557,-33.7539,0.0864,102.5253,15.0110,54.0394,15.0095,0.2095,1.0799,265.2018,-8.1248,-0.0616,0.8104,0.3392,-0.1501,-8.6523,3.8741,1.0000,0.0000,1,0,0,0,0,0.8759
71.0139,-34.6265,0.0864,102.4608,15.0714,54.2569,15.0698,0.2163,1.0386,264.7332,-8.0572,-0.0636,0.8104,0.3392,-0.1543,-8.8846,3.9928,1.0000,0.0000,1,0,0,0,0,0.8847
71.0656,-35.4045,0.0864,102.3972,15.1318,54.4743,15.1301,0.2248,1.1683,264.2450,-9.4441,-0.0675,0.8104,0.3392,-0.1611,-9.1697,5.5154,1.0000,0.0000,1,0,0,0,0,1.0539
71.1217,-36.2522,0.0864,102.3211,15.1919,54.6910,15.1901,0.2355,1.0719,263.7321,-9.1360,-0.0714,0.8104,0.3392,-0.1689,-9.5289,6.3987,1.0000,0.0000,1,0,0,0,0,1.0956
71.1772,-37.0920,0.0864,102.2385,15.2522,54.9078,15.2502,0.2477,1.0863,263.1932,-9.7196,-0.0733,0.8104,0.3392,-0.1767,-9.9453,7.5102,1.0000,0.0000,1,0,0,0,0,1.2008
71.2494,-38.1909,0.0864,102.1191,15.3241,55.1669,15.3219,0.2628,0.9954,262.5158,-9.3694,-0.0753,0.8104,0.3392,-0.1840,-10.3777,5.9813,1.0000,0.0000,1,0,0,0,0,1.1100
71.3033,-39.0127,0.0864,102.0210,15.3839,55.3821,15.3815,0.2730,1.1097,261.9371,-10.7399,-0.0753,0.8104,0.3392,-0.1864,-10.8337,8.4611,1.0000,0.0000,1,0,0,0,0,1.3329
71.3588,-39.8610,0.0864,101.9115,15.4437,55.5973,15.4411,0.2807,1.0770,261.3521,-10.5420,-0.0753,0.8104,0.3392,-0.1874,-11.0321,3.5765,1.0000,0.0000,1,0,0,0,0,1.0570
71.4135,-40.6992,0.0864,101.7949,15.5034,55.8121,15.5007,0.2864,1.0913,260.7636,-10.7627,-0.0753,0.8104,0.3392,-0.1879,-11.1494,2.1441,1.0000,0.0000,1,0,0,0,0,0.9941
71.4693,-41.5570,0.0864,101.6669,15.5629,56.0266,15.5602,0.2901,1.0670,260.1752,-10.5384,-0.0714,0.8104,0.3392,-0.1852,-11.2005,0.9152,1.0000,0.0000,1,0,0,0,0,0.9159
71.5253,-42.4196,0.0864,101.5291,15.6225,56.2411,15.6199,0.2882,1.0641,259.6067,-10.1498,-0.0655,0.8104,0.3392,-0.1764,-11.0403,2.8596,1.0000,0.0000,1,0,0,0,0,0.9994
71.5811,-43.2793,0.0864,101.3829,15.6822,56.4558,15.6797,0.2795,1.0708,259.0737,-9.5680,-0.0577,0.8104,0.3392,-0.1623,-10.5802,8.2592,1.0000,0.0000,1,0,0,0,0,1.2578
71.6368,-44.1420,0.0864,101.2275,15.7420,56.6711,15.7398,0.2622,1.0717,258.5972,-8.5438,-0.0459,0.8104,0.3392,-0.1409,-9.8554,12.9938,1.0000,0.0000,1,0,0,0,0,1.4464
71.6921,-44.9980,0.0864,101.0652,15.8021,56.8874,15.8003,0.2356,1.0881,258.1968,-7.2491,-0.0342,0.8104,0.3392,-0.1150,-8.7309,20.3606,1.0000,0.0000,1,0,0,0,0,1.7575
71.7624,-46.0911,0.0864,100.8477,15.8866,57.1919,15.8856,0.1857,1.2024,257.7823,-5.8922,-0.0206,0.8104,0.3392,-0.0760,-7.3667,19.3926,1.0000,0.0000,1,0,0,0,0,1.5800
71.8173,-46.9471,0.0864,100.6704,15.9475,57.4109,15.9469,0.1363,1.1074,257.6282,-2.8041,-0.0049,0.8104,0.3392,-0.0327,-5.0722,41.7645,1.0000,0.0000,1,0,0,0,0,2.6043
71.8736,-47.8263,0.0864,100.4837,16.0087,57.6313,16.0084,0.0895,1.0877,257.5594,-1.2234,0.0068,0.8104,0.3392,-0.0140,-3.2205,32.9038,1.0000,0.0000,1,0,0,0,0,1.9798
71.9288,-48.6916,0.0864,100.2970,16.0700,57.8521,16.0699,0.0609,1.1115,257.5359,-0.4257,0.0186,0.8104,0.3392,-0.0060,-1.8863,24.1706,1.0000,0.0000,1,0,0,0,0,1.4233
71.9849,-49.5741,0.0864,100.1049,16.1315,58.0733,16.1315,0.0206,1.0948,257.6087,1.2982,0.0322,0.8104,0.3392,0.0385,-0.5857,23.1785,1.0000,0.0000,1,0,0,0,0,1.3790
72.0408,-50.4552,0.0864,99.9126,16.1930,58.2949,16.1930,0.0320,1.1025,257.8104,3.6129,0.0459,0.8104,0.3392,0.0759,1.4576,36.6075,1.0000,0.0000,1,0,0,0,0,2.2641
72.0961,-51.3327,0.0864,99.7218,16.2544,58.5159,16.2542,0.0926,1.1089,258.1259,5.6993,0.0577,0.8104,0.3392,0.1114,3.4241,35.5180,1.0000,0.0000,1,0,0,0,0,2.3753
72.1522,-52.2250,0.0864,99.5301,16.3156,58.7360,16.3148,0.1546,1.0908,258.5441,7.4589,0.0655,0.8104,0.3392,0.1386,5.4258,35.7052,1.0000,0.0000,1,0,0,0,0,2.5402
72.2088,-53.1299,0.0864,99.3399,16.3764,58.9551,16.3751,0.2076,1.0759,259.0351,8.6797,0.0733,0.8104,0.3392,0.1614,7.1789,30.9895,1.0000,0.0000,1,0,0,0,0,2.3940
72.2774,-54.2334,0.0864,99.1160,16.4488,59.2157,16.4467,0.2617,1.0548,259.7092,9.8241,0.0772,0.8104,0.3392,0.1808,8.6737,21.7857,1.0000,0.0000,1,0,0,0,0,1.9948
72.3332,-55.1362,0.0864,98.9411,16.5087,59.4313,16.5060,0.2970,1.0732,260.3169,10.8889,0.0791,0.8104,0.3392,0.1905,10.1534,26.5146,1.0000,0.0000,1,0,0,0,0,2.3479
72.3891,-56.0459,0.0864,98.7733,16.5681,59.6453,16.5650,0.3243,1.0627,260.9520,11.3562,0.0811,0.8104,0.3392,0.1975,10.9371,14.0110,1.0000,0.0000,1,0,0,0,0,1.7029
72.4446,-56.9532,0.0864,98.6153,16.6273,59.8582,16.6237,0.3442,1.0659,261.6033,11.7387,0.0811,0.8104,0.3392,0.2006,11.4608,9.4405,1.0000,0.0000,1,0,0,0,0,1.4871
72.4997,-57.8599,0.0864,98.4672,16.6861,60.0700,16.6823,0.3581,1.0668,262.2625,11.9513,0.0811,0.8104,0.3392,0.2019,11.7749,5.6927,1.0000,0.0000,1,0,0,0,0,1.3021
72.5563,-58.7952,0.0864,98.3250,16.7449,60.2815,16.7408,0.3677,1.0380,262.9261,11.7255,0.0811,0.8104,0.3392,0.2024,11.9597,3.2664,1.0000,0.0000,1,0,0,0,0,1.1622
72.6114,-59.7107,0.0864,98.1963,16.8035,60.4924,16.7993,0.3745,1.0632,263.5927,12.0964,0.0811,0.8104,0.3392,0.2027,12.0591,1.8040,1.0000,0.0000,1,0,0,0,0,1.1066
72.6668,-60.6355,0.0864,98.0770,16.8620,60.7032,16.8577,0.3796,1.0571,264.2617,12.0760,0.0811,0.8104,0.3392,0.2028,12.1129,0.9699,1.0000,0.0000,1,0,0,0,0,1.0624
72.7235,-61.5861,0.0864,97.9656,16.9204,60.9135,16.9161,0.3835,1.0309,264.9326,11.8416,0.0811,0.8104,0.3392,0.2028,12.1406,0.4889,1.0000,0.0000,1,0,0,0,0,1.0250
72.7928,-62.7547,0.0864,97.8442,16.9905,61.1658,16.9861,0.3874,1.0114,265.7402,11.6569,0.0811,0.8104,0.3392,0.2028,12.1551,0.2105,1.0000,0.0000,1,0,0,0,0,1.0014
72.8487,-63.7029,0.0864,97.7582,17.0489,61.3759,17.0444,0.3904,1.0437,266.4153,12.0715,0.0811,0.8104,0.3392,0.2028,12.1639,0.1561,1.0000,0.0000,1,0,0,0,0,1.0228
72.9043,-64.6492,0.0864,97.6837,17.1072,61.5860,17.1027,0.3931,1.0503,267.0923,12.1834,0.0811,0.8104,0.3392,0.2028,12.1669,0.0538,1.0000,0.0000,1,0,0,0,0,1.0245
72.9601,-65.6047,0.0864,97.6197,17.1655,61.7956,17.1609,0.3957,1.0423,267.7711,12.1491,0.0811,0.8104,0.3392,0.2028,12.1683,0.0267,1.0000,0.0000,1,0,0,0,0,1.0222
73.0162,-66.5672,0.0864,97.5669,17.2354,62.0473,17.2307,0.3990,1.2477,268.5879,14.5770,0.0811,0.8104,0.3392,0.2028,12.1691,0.0134,1.0000,0.0000,1,0,0,0,0,1.1578
73.0715,-67.5216,0.0864,97.5257,17.2936,62.2569,17.2889,0.4015,1.0518,269.2706,12.3324,0.0811,0.8104,0.3392,0.2028,12.1695,0.0067,1.0000,0.0000,1,0,0,0,0,1.0338
73.1272,-68.4846,0.0864,97.4957,17.3518,62.4666,17.3471,0.4040,1.0469,269.9551,12.3039,0.0811,0.8104,0.3392,0.2028,12.1697,0.0033,1.0000,0.0000,1,0,0,0,0,1.0330
73.1824,-69.4446,0.0864,97.4772,17.4100,62.6758,17.4052,0.4065,1.0517,270.6414,12.4192,0.0811,0.8104,0.3392,0.2028,12.1697,0.0016,1.0000,0.0000,1,0,0,0,0,1.0402
73.2522,-70.6620,0.0864,97.4703,17.4797,62.9269,17.4750,0.4033,0.9991,271.4646,11.7936,0.0791,0.8104,0.3392,0.2009,12.1698,0.0006,1.0000,0.0000,1,0,0,0,0,1.0014
73.3089,-71.6543,0.0864,97.4785,17.5380,63.1367,17.5336,0.3925,1.0284,272.1245,11.6425,0.0713,0.8104,0.3392,0.1892,12.0442,2.2164,1.0000,0.0000,1,0,0,0,0,1.1056
73.3643,-72.6267,0.0864,97.4981,17.5964,63.3471,17.5923,0.3810,1.0553,272.7306,10.9457,0.0577,0.8104,0.3392,0.1700,11.3840,11.9224,1.0000,0.0000,1,0,0,0,0,1.5953
73.4197,-73.6024,0.0864,97.5285,17.6551,63.5585,17.6515,0.3563,1.0604,273.2629,9.6118,0.0479,0.8104,0.3392,0.1466,10.4617,16.6528,1.0000,0.0000,1,0,0,0,0,1.7619
73.4762,-74.6008,0.0864,97.5701,17.7143,63.7715,17.7114,0.3222,1.0472,273.7144,7.9892,0.0381,0.8104,0.3392,0.1226,9.2978,20.5966,1.0000,0.0000,1,0,0,0,0,1.8609
73.5319,-75.5878,0.0864,97.6205,17.7739,63.9860,17.7717,0.2798,1.0698,274.0748,6.4707,0.0264,0.8104,0.3392,0.0944,7.8862,25.3447,1.0000,0.0000,1,0,0,0,0,2.0036
73.5870,-76.5668,0.0864,97.6784,17.8341,64.2027,17.8326,0.2321,1.0923,274.3425,4.8586,0.0186,0.8104,0.3392,0.0636,6.4053,26.8806,1.0000,0.0000,1,0,0,0,0,1.9585
73.6435,-77.5746,0.0864,97.7448,17.8947,64.4209,17.8939,0.1705,1.0723,274.4753,2.3503,0.0088,0.8104,0.3392,0.0273,4.4762,34.1236,1.0000,0.0000,1,0,0,0,0,2.1692
73.6980,-78.5484,0.0864,97.8137,17.9557,64.6407,17.9554,0.1159,1.1210,274.5301,1.0059,-0.0010,0.8104,0.3392,0.0118,2.7823,31.1041,1.0000,0.0000,1,0,0,0,0,1.8807
73.7537,-79.5489,0.0864,97.8878,18.0170,64.8613,18.0169,0.0761,1.0990,274.5512,0.3781,-0.0108,0.8104,0.3392,0.0051,1.6004,21.1896,1.0000,0.0000,1,0,0,0,0,1.2616
73.8238,-80.8093,0.0864,97.9841,18.0908,65.1267,18.0907,0.0455,1.0528,274.5583,0.1011,-0.0186,0.8104,0.3392,0.0018,0.8885,10.1669,1.0000,0.0000,1,0,0,0,0,0.6081
73.8786,-81.8007,0.0864,98.0610,18.1523,65.3481,18.1523,0.0086,1.1212,274.4793,-1.4401,-0.0264,0.8104,0.3392,-0.0340,-0.2033,19.9012,1.0000,0.0000,1,0,0,0,0,1.1927
73.9345,-82.8137,0.0864,98.1396,18.2137,65.5694,18.2137,0.0374,1.1003,274.3034,-3.1479,-0.0323,0.8104,0.3392,-0.0572,-1.5384,23.8962,1.0000,0.0000,1,0,0,0,0,1.5332
73.9909,-83.8410,0.0864,98.2180,18.2752,65.7906,18.2750,0.0808,1.0882,274.0621,-4.2735,-0.0342,0.8104,0.3392,-0.0725,-2.7880,22.1332,1.0000,0.0000,1,0,0,0,0,1.5334
74.0461,-84.8486,0.0864,98.2923,18.3365,66.0113,18.3361,0.1158,1.1108,273.7824,-5.0691,-0.0362,0.8104,0.3392,-0.0807,-3.7245,16.9735,1.0000,0.0000,1,0,0,0,0,1.3193
74.1020,-85.8735,0.0864,98.3643,18.3976,66.2314,18.3971,0.1427,1.0934,273.4778,-5.4459,-0.0362,0.8104,0.3392,-0.0863,-4.4076,12.2136,1.0000,0.0000,1,0,0,0,0,1.0974
74.1575,-86.8927,0.0864,98.4315,18.4587,66.4514,18.4580,0.1618,1.1030,273.1602,-5.7321,-0.0362,0.8104,0.3392,-0.0887,-4.8479,7.9444,1.0000,0.0000,1,0,0,0,0,0.8913
74.2135,-87.9272,0.0864,98.4947,18.5197,66.6708,18.5188,0.1747,1.0873,272.8365,-5.7764,-0.0362,0.8104,0.3392,-0.0897,-5.1115,4.7057,1.0000,0.0000,1,0,0,0,0,0.7239
74.2688,-88.9525,0.0864,98.5521,18.5805,66.8899,18.5796,0.1833,1.0997,272.5097,-5.9043,-0.0362,0.8104,0.3392,-0.0901,-5.2600,2.6827,1.0000,0.0000,1,0,0,0,0,0.6250
74.3390,-90.2576,0.0864,98.6170,18.6657,67.1966,18.6648,0.1894,1.2141,272.0546,-6.4872,-0.0362,0.8104,0.3392,-0.0903,-5.3397,1.1356,1.0000,0.0000,1,0,0,0,0,0.5757
74.3942,-91.2889,0.0864,98.6619,18.7266,67.4156,18.7256,0.1913,1.1015,271.7314,-5.8522,-0.0362,0.8104,0.3392,-0.0904,-5.3898,0.9068,1.0000,0.0000,1,0,0,0,0,0.5288
74.4499,-92.3317,0.0864,98.7016,18.7873,67.6344,18.7863,0.1963,1.0923,271.3999,-5.9564,-0.0362,0.8104,0.3392,-0.0904,-5.4082,0.3313,1.0000,0.0000,1,0,0,0,0,0.5060
74.5062,-93.3902,0.0864,98.7357,18.8481,67.8531,18.8470,0.1984,1.0793,271.0678,-5.8997,-0.0362,0.8104,0.3392,-0.0904,-5.4174,0.1626,1.0000,0.0000,1,0,0,0,0,0.4947
74.5623,-94.4489,0.0864,98.7637,18.9088,68.0717,18.9078,0.2002,1.0821,270.7348,-5.9356,-0.0362,0.8104,0.3392,-0.0904,-5.4222,0.0855,1.0000,0.0000,1,0,0,0,0,0.4933
74.6172,-95.4890,0.0864,98.7853,18.9696,68.2906,18.9685,0.2017,1.1067,270.4009,-6.0783,-0.0362,0.8104,0.3392,-0.0904,-5.4245,0.0424,1.0000,0.0000,1,0,0,0,0,0.4996
74.6733,-96.5550,0.0864,98.8012,19.0303,68.5091,19.0292,0.2032,1.0818,270.0662,-5.9641,-0.0362,0.8104,0.3392,-0.0904,-5.4257,0.0212,1.0000,0.0000,1,0,0,0,0,0.4927
74.7278,-97.5930,0.0864,98.8107,19.0910,68.7276,19.0899,0.2045,1.1143,269.7306,-6.1625,-0.0362,0.8104,0.2786,-0.0904,-5.4263,0.0108,1.0000,0.0000,1,0,0,0,0,0.5037
74.7835,-98.6572,0.0864,98.8142,19.0020,68.4070,19.0009,0.2041,-1.5978,269.3944,-6.0309,-0.0362,0.8104,-0.1984,-0.0904,-5.4266,0.0053,1.0000,0.0462,1,0,0,0,0,0.7276
74.8529,-99.8951,0.0864,98.8103,15.8348,57.0051,15.8339,0.1653,-45.6238,269.0084,-5.5615,-0.0362,0.8104,-0.7556,-0.0904,-5.4267,0.0021,1.0000,0.4475,1,0,0,0,0,2.7029
74.9101,-100.6595,0.0864,98.8028,10.9929,39.5745,10.9925,0.1021,-84.6622,268.7441,-4.6206,-0.0342,0.8299,-0.9824,-0.0897,-5.4268,0.0015,1.0000,0.7479,1,0,0,0,0,4.1354
74.9640,-101.1271,0.0864,98.7957,6.7611,24.3399,6.7609,0.0488,-78.5886,268.5537,-3.5364,-0.0303,0.8397,-1.0000,-0.0835,-5.3269,1.8553,1.0000,0.8963,1,1,0,0,0,24.8892
75.0201,-101.4201,0.0864,98.7896,3.9517,14.2263,3.9517,0.0184,-50.0848,268.4261,-2.2748,-0.0245,0.8417,-1.0000,-0.0732,-5.0126,5.6035,1.0000,0.9583,1,1,0,0,0,25.2988
75.0789,-101.5952,0.0864,98.7852,2.2782,8.2015,2.2782,0.0045,-28.4544,268.3370,-1.5146,-0.0245,0.8417,-1.0000,-0.0663,-4.5754,7.4335,1.0000,0.9832,1,1,0,0,0,25.4431
75.1310,-101.6843,0.0864,98.7826,1.3224,4.7605,1.3224,0.0007,-18.3270,268.2666,-1.3505,-0.0245,0.8417,-1.0000,-0.0634,-4.2264,6.6915,1.0000,0.9932,1,1,0,0,0,25.4211
75.1869,-101.7413,0.0864,98.7807,0.7854,2.8274,0.7854,0.0023,-9.6152,268.2054,-1.0962,-0.0245,0.8417,-1.0000,-0.0621,-3.9836,4.3478,1.0000,0.9973,1,0,0,0,0,5.3319
75.2428,-101.7756,0.0864,98.7794,0.4859,1.7491,0.4858,0.0024,-5.3539,268.1489,-1.0086,-0.0245,0.8417,-1.0000,-0.0616,-3.8415,2.5405,1.0000,0.9989,1,0,0,0,0,5.1917
75.2986,-101.7973,0.0864,98.7785,0.3192,1.1491,0.3192,0.0022,-2.9909,268.0950,-0.9682,-0.0245,0.8417,-1.0000,-0.0613,-3.7610,1.4447,1.0000,0.9996,1,0,0,0,0,5.1319
75.3682,-101.8151,0.0864,98.7776,0.2137,0.7693,0.2137,0.0019,-1.5141,268.0321,-0.9027,-0.0245,0.8417,-1.0000,-0.0612,-3.7167,0.6358,1.0000,0.9999,1,0,0,0,0,5.0847
75.4243,-101.8255,0.0864,98.7771,0.1680,0.6047,0.1680,0.0017,-0.8158,267.9803,-0.9232,-0.0245,0.8417,-1.0000,-0.0612,-3.6892,0.4908,1.0000,0.9999,1,0,0,0,0,5.0783
75.4794,-101.8338,0.0864,98.7766,0.1425,0.5131,0.1425,0.0016,-0.4616,267.9291,-0.9295,-0.0245,0.8417,-1.0000,-0.0612,-3.6793,0.1782,1.0000,1.0000,1,0,0,0,0,5.0614
75.5355,-101.8413,0.0864,98.7762,0.1265,0.4553,0.1265,0.0016,-0.2862,267.8679,-1.0919,-0.0245,0.8417,-1.0000,-0.0612,-3.6742,0.0914,1.0000,1.0000,1,0,0,0,0,5.0657
75.5909,-101.8481,0.0864,98.7758,0.1205,0.4339,0.1205,0.0016,-0.1074,267.8271,-0.7359,-0.0245,0.8417,-1.0000,-0.0612,-3.6716,0.0464,1.0000,1.0000,1,0,0,0,0,5.0434
75.6470,-101.8547,0.0864,98.7754,0.1156,0.4163,0.1156,0.0015,-0.0871,267.7659,-1.0900,-0.0245,0.8417,-1.0000,-0.0612,-3.6703,0.0235,1.0000,1.0000,1,0,0,0,0,5.0619
75.7018,-101.8609,0.0864,98.7750,0.1138,0.4096,0.1138,0.0015,-0.0339,267.7252,-0.7440,-0.0245,0.8417,-1.0000,-0.0612,-3.6697,0.0119,1.0000,1.0000,1,0,0,0,0,5.0420
75.7575,-101.8672,0.0864,98.7746,0.1123,0.4043,0.1123,0.0015,-0.0266,267.6641,-1.0965,-0.0245,0.8417,-1.0000,-0.0612,-3.6694,0.0058,1.0000,1.0000,1,0,0,0,0,5.0612
75.8131,-101.8734,0.0864,98.7741,0.1116,0.4017,0.1116,0.0015,-0.0129,267.6131,-0.9180,-0.0245,0.8417,-1.0000,-0.0612,-3.6692,0.0029,1.0000,1.0000,1,0,0,0,0,5.0512
75.8821,-101.8811,0.0864,98.7736,0.1112,0.4003,0.1112,0.0015,-0.0054,267.5520,-0.8854,-0.0245,0.8417,-1.0000,-0.0612,-3.6691,0.0012,1.0000,1.0000,1,0,0,0,0,5.0493
75.9382,-101.8873,0.0864,98.7732,0.1111,0.3998,0.1110,0.0015,-0.0027,267.5011,-0.9049,-0.0245,0.8417,-1.0000,-0.0612,-3.6691,0.0008,1.0000,1.0000,1,0,0,0,0,5.0503
75.9936,-101.8934,0.0864,98.7728,0.1109,0.3993,0.1109,0.0015,-0.0022,267.4502,-0.9191,-0.0245,0.8417,-1.0000,-0.0612,-3.6690,0.0003,1.0000,1.0000,1,0,0,0,0,5.0511
76.0490,-101.8996,0.0864,98.7724,0.1109,0.3991,0.1109,0.0015,-0.0012,267.3993,-0.9206,-0.0245,0.8417,-1.0000,-0.0612,-3.6690,0.0001,1.0000,1.0000,1,0,0,0,0,5.0512
76.1068,-101.9060,0.0864,98.7719,0.1108,0.3989,0.1108,0.0015,-0.0009,267.3483,-0.8817,-0.0245,0.8417,-1.0000,-0.0612,-3.6690,0.0001,1.0000,1.0000,1,0,0,0,0,5.0490
76.1611,-101.9120,0.0864,98.7715,0.1108,0.3988,0.1108,0.0015,-0.0006,267.2974,-0.9368,-0.0245,0.8436,-1.0000,-0.0612,-3.6690,0.0000,1.0000,1.0000,1,0,0,0,0,5.0520
76.2167,-101.9181,0.0864,98.7710,0.1107,0.3987,0.1107,0.0015,-0.0007,267.2465,-0.9160,-0.0245,0.8436,-1.0000,-0.0612,-3.6690,0.0000,1.0000,1.0000,1,0,0,0,0,5.0509
76.2726,-101.9243,0.0864,98.7706,0.1108,0.3989,0.1108,0.0015,0.0009,267.1956,-0.9105,-0.0245,0.8436,-1.0000,-0.0612,-3.6690,0.0000,1.0000,1.0000,1,0,0,0,0,5.0506
76.3281,-101.9305,0.0864,98.7701,0.1108,0.3988,0.1108,0.0015,-0.0002,267.1446,-0.9181,-0.0245,0.8436,-1.0000,-0.0612,-3.6690,0.0000,1.0000,1.0000,1,0,0,0,0,5.0510
76.3974,-101.9381,0.0864,98.7696,0.1108,0.3989,0.1108,0.0015,0.0005,267.0835,-0.8818,-0.0245,0.8436,-1.0000,-0.0612,-3.6690,0.0000,1.0000,1.0000,1,0,0,0,0,5.0490
76.4534,-101.9443,0.0864,98.7691,0.1108,0.3987,0.1107,0.0015,-0.0012,267.0326,-0.9094,-0.0245,0.8436,-1.0000,-0.0612,-3.6690,0.0000,1.0000,1.0000,1,0,0,0,0,5.0505
76.5093,-101.9505,0.0864,98.7686,0.1108,0.3989,0.1108,0.0015,0.0011,266.9816,-0.9119,-0.0245,0.8436,-1.0000,-0.0612,-3.6690,0.0000,1.0000,1.0000,1,0,0,0,0,5.0507
76.5652,-101.9567,0.0864,98.7682,0.1108,0.3988,0.1108,0.0015,-0.0009,266.9307,-0.9121,-0.0245,0.8436,-1.0000,-0.0612,-3.6690,0.0000,1.0000,1.0000,1,0,0,0,0,5.0507
76.6211,-101.9629,0.0864,98.7677,0.1108,0.3989,0.1108,0.0015,0.0006,266.8798,-0.9091,-0.0245,0.9218,-1.0000,-0.0612,-3.6690,0.0000,1.0000,1.0000,1,0,0,0,0,5.0505
76.6772,-101.9691,0.0864,98.7672,0.1108,0.3987,0.1107,0.0015,-0.0009,266.8289,-0.9075,-0.0245,0.9902,-1.0000,-0.0612,-3.6690,0.0000,1.0000,1.0000,1,0,0,0,0,5.0504
76.7323,-101.9752,0.0864,98.7667,0.1117,0.4021,0.1117,0.0015,0.0171,266.7779,-0.9258,-0.0245,1.0000,-0.7752,-0.0612,-3.6690,0.0000,1.0000,0.9486,1,0,0,0,0,4.7942
76.7874,-101.9816,0.0864,98.7662,0.1231,0.4430,0.1230,0.0016,0.2061,266.7270,-0.9243,-0.0245,1.0000,-0.2591,-0.0612,-3.6690,0.0000,1.0000,0.6524,1,0,0,0,0,3.3135
76.8436,-101.9894,0.0864,98.7655,0.1544,0.5558,0.1544,0.0018,0.5573,266.6758,-0.9090,-0.0245,1.0000,0.2277,-0.0612,-3.6690,0.0000,1.0000,0.2792,1,0,0,0,0,1.4466
76.9130,-102.0023,0.0864,98.7646,0.2209,0.7953,0.2209,0.0021,0.9593,266.6037,-1.0398,-0.0245,1.0000,0.3216,-0.0612,-3.6690,0.0000,1.0000,0.0780,1,0,0,0,0,0.4479
76.9688,-102.0158,0.0864,98.7636,0.2762,0.9944,0.2762,0.0023,0.9908,266.5517,-0.9321,-0.0245,0.8925,0.3353,-0.0612,-3.6690,0.0000,1.0000,0.0314,1,0,0,0,0,0.2087
77.0244,-102.0325,0.0864,98.7624,0.3345,1.2044,0.3345,0.0025,1.0488,266.4991,-0.9450,-0.0245,0.8534,0.3353,-0.0612,-3.6690,0.0000,1.0000,0.0126,1,0,0,0,0,0.1156
77.0802,-102.0526,0.0864,98.7609,0.3946,1.4207,0.3946,0.0027,1.0775,266.4460,-0.9538,-0.0245,0.8495,0.3353,-0.0612,-3.6690,0.0000,1.0000,0.0051,1,0,0,0,0,0.0784
77.1362,-102.0761,0.0864,98.7592,0.4554,1.6395,0.4554,0.0029,1.0863,266.3922,-0.9606,-0.0245,0.8495,0.3353,-0.0612,-3.6690,0.0000,1.0000,0.0020,1,0,0,0,0,0.0636
77.1918,-102.1028,0.0864,98.7573,0.5165,1.8595,0.5165,0.0031,1.0987,266.3380,-0.9756,-0.0245,0.8495,0.3353,-0.0612,-3.6690,0.0000,1.0000,0.0008,1,0,0,0,0,0.1470
77.2478,-102.1332,0.0864,98.7551,0.5779,2.0804,0.5779,0.0032,1.0961,266.2831,-0.9806,-0.0245,0.8495,0.3353,-0.0612,-3.6690,0.0000,1.0000,0.0003,1,0,0,0,0,0.1390
77.3030,-102.1666,0.0864,98.7527,0.6393,2.3015,0.6393,0.0033,1.1114,266.2276,-1.0041,-0.0245,0.8534,0.3353,-0.0612,-3.6690,0.0000,1.0000,0.0001,1,0,0,0,0,0.1343
77.3592,-102.2039,0.0864,98.7499,0.7007,2.5227,0.7007,0.0034,1.0938,266.1714,-0.9990,-0.0245,0.8593,0.3353,-0.0612,-3.6690,0.0000,1.0000,0.0001,1,0,0,0,0,0.1291
77.4285,-102.2549,0.0864,98.7462,0.7746,2.7884,0.7745,0.0035,1.0653,266.1035,-0.9814,-0.0245,0.8593,0.3353,-0.0612,-3.6690,0.0000,1.0000,0.0000,1,0,0,0,0,0.1230
77.4841,-102.2995,0.0864,98.7428,0.8360,3.0097,0.8360,0.0036,1.1052,266.0460,-1.0328,-0.0245,0.8495,0.3353,-0.0612,-3.6690,0.0000,1.0000,0.0000,1,0,0,0,0,0.1222
77.5397,-102.3476,0.0864,98.7392,0.8975,3.2310,0.8975,0.0037,1.1056,265.9882,-1.0394,-0.0245,0.8495,0.3353,-0.0612,-3.6690,0.0000,1.0000,0.0000,1,0,0,0,0,0.1192
77.5954,-102.3993,0.0864,98.7353,0.9590,3.4524,0.9590,0.0037,1.1029,265.9298,-1.0480,-0.0245,0.8495,0.3353,-0.0612,-3.6690,0.0000,1.0000,0.0000,1,0,0,0,0,0.1165
77.6518,-102.4550,0.0864,98.7310,1.0205,3.6738,1.0205,0.0038,1.0918,265.8708,-1.0473,-0.0245,0.8495,0.3353,-0.0612,-3.6690,0.0000,1.0000,0.0000,1,0,0,0,0,0.1136
77.7073,-102.5133,0.0864,98.7265,1.0819,3.8949,1.0819,0.0038,1.1056,265.8112,-1.0722,-0.0245,0.8495,0.3353,-0.0612,-3.6690,0.0000,1.0000,0.0000,1,0,0,0,0,0.1122
77.7629,-102.5750,0.0864,98.7217,1.1434,4.1164,1.1434,0.0038,1.1076,265.7511,-1.0826,-0.0245,0.8475,0.3353,-0.0612,-3.6690,0.0000,1.0000,0.0000,1,0,0,0,0,0.1103
77.8192,-102.6411,0.0864,98.7165,1.2050,4.3379,1.2050,0.0038,1.0916,265.6903,-1.0780,-0.0245,0.8475,0.3353,-0.0612,-3.6690,0.0000,1.0000,0.0000,1,0,0,0,0,0.1076
77.8746,-102.7094,0.0864,98.7110,1.2664,4.5592,1.2664,0.0038,1.1113,265.6290,-1.1094,-0.0245,0.8475,0.3353,-0.0612,-3.6690,0.0000,1.0000,0.0000,1,0,0,0,0,0.1070
77.9437,-102.7995,0.0864,98.7037,1.3402,4.8248,1.3402,0.0038,1.0674,265.5546,-1.0756,-0.0245,0.8475,0.3353,-0.0612,-3.6690,0.0000,1.0000,0.0000,1,0,0,0,0,0.1025
77.9992,-102.8757,0.0864,98.6974,1.4018,5.0463,1.4017,0.0038,1.1081,265.4921,-1.1265,-0.0245,0.8475,0.3353,-0.0612,-3.6690,0.0000,1.0000,0.0000,1,0,0,0,0,0.1033
78.0556,-102.9565,0.0864,98.6907,1.4755,5.3118,1.4755,0.0038,1.3089,265.4161,-1.3474,-0.0245,0.8475,0.3353,-0.0612,-3.6690,0.0000,1.0000,0.0000,1,0,0,0,0,0.1134
78.1110,-103.0394,0.0864,98.6838,1.5370,5.5332,1.5370,0.0038,1.1090,265.3523,-1.1511,-0.0245,0.8475,0.3353,-0.0612,-3.6690,0.0000,1.0000,0.0000,1,0,0,0,0,0.1007
78.1664,-103.1256,0.0864,98.6765,1.5985,5.7544,1.5985,0.0037,1.1091,265.2880,-1.1613,-0.0245,0.8456,0.3353,-0.0612,-3.6690,0.0000,1.0000,0.0000,1,0,0,0,0,0.0995
78.2224,-103.2162,0.0864,98.6687,1.6600,5.9760,1.6600,0.0037,1.0992,265.2230,-1.1602,-0.0245,0.8456,0.3353,-0.0612,-3.6690,0.0000,1.0000,0.0000,1,0,0,0,0,0.0977
78.2784,-103.3101,0.0864,98.6605,1.7215,6.1972,1.7214,0.0036,1.0982,265.1574,-1.1722,-0.0245,0.8456,0.3353,-0.0612,-3.6690,0.0000,1.0000,0.0000,1,0,0,0,0,0.0967
78.3336,-103.4062,0.0864,98.6521,1.7830,6.4187,1.7830,0.0036,1.1145,265.0913,-1.1973,-0.0245,0.8456,0.3353,-0.0612,-3.6690,0.0000,1.0000,0.0000,1,0,0,0,0,0.0965
78.3895,-103.5070,0.0864,98.6431,1.8444,6.6399,1.8444,0.0035,1.0984,265.0246,-1.1933,-0.0245,0.8456,0.3353,-0.0612,-3.6690,0.0000,1.0000,0.0000,1,0,0,0,0,0.0948
78.4599,-103.6388,0.0864,98.6312,1.9182,6.9056,1.9182,0.0034,1.0475,264.9437,-1.1475,-0.0245,0.8456,0.3353,-0.0612,-3.6690,0.0000,1.0000,0.0000,1,0,0,0,0,0.0904
78.5149,-103.7454,0.0864,98.6215,1.9796,7.1267,1.9796,0.0033,1.1183,264.8757,-1.2385,-0.0245,0.8456,0.3353,-0.0612,-3.6690,0.0000,1.0000,0.0000,1,0,0,0,0,0.0940
78.5704,-103.8566,0.0864,98.6112,2.0412,7.3484,2.0412,0.0032,1.1086,264.8072,-1.2332,-0.0245,0.8456,0.3353,-0.0612,-3.6690,0.0000,1.0000,0.0000,1,0,0,0,0,0.0924
78.6263,-103.9717,0.0864,98.6004,2.1027,7.5697,2.1027,0.0032,1.1006,264.7381,-1.2377,-0.0245,0.8456,0.3353,-0.0612,-3.6690,0.0000,1.0000,0.0000,1,0,0,0,0,0.0913
78.6819,-104.0897,0.0864,98.5893,2.1642,7.7910,2.1642,0.0031,1.1062,264.6684,-1.2535,-0.0245,0.8358,0.3353,-0.0612,-3.6690,0.0000,1.0000,0.0000,1,0,0,0,0,0.0909
78.7377,-104.2117,0.0864,98.5776,2.2257,8.0127,2.2257,0.0030,1.1024,264.5981,-1.2579,-0.0245,0.7732,0.3353,-0.0612,-3.6690,0.0000,1.0000,0.0000,1,0,0,0,0,0.0899
78.7933,-104.3367,0.0864,98.5654,2.2872,8.2339,2.2872,0.0029,1.1043,264.5273,-1.2741,-0.0245,0.7087,0.3353,-0.0612,-3.6690,0.0000,1.0000,0.0000,1,0,0,0,0,0.0895
78.8493,-104.4657,0.0864,98.5528,2.3487,8.4552,2.3487,0.0027,1.0992,264.4559,-1.2762,-0.0245,0.6070,0.3353,-0.0612,-3.6690,0.0000,1.0000,0.0000,1,0,0,0,0,0.0885
78.9042,-104.5957,0.0864,98.5399,2.4102,8.6766,2.4102,0.0026,1.1204,264.3839,-1.3107,-0.0245,0.4663,0.3353,-0.0612,-3.6690,0.0000,1.0000,0.0000,1,0,0,0,0,0.0892
78.9751,-104.7686,0.0864,98.5225,2.4834,8.9403,2.4834,0.0025,1.0321,264.2963,-1.2344,-0.0264,0.3959,0.3353,-0.0626,-3.6690,0.0000,0.9974,0.0000,1,0,0,0,0,0.0835
79.0295,-104.9043,0.0864,98.5086,2.5234,9.0843,2.5234,0.0023,0.7362,264.2215,-1.3771,-0.0264,0.3568,0.3353,-0.0645,-3.7570,1.6190,0.9456,0.0000,1,0,0,0,0,0.1802
79.0851,-105.0446,0.0864,98.4941,2.5390,9.1404,2.5390,0.0022,0.2798,264.1466,-1.3443,-0.0264,0.3725,0.3353,-0.0654,-3.8319,1.3455,0.9340,0.0000,1,0,0,0,0,0.1625
79.1414,-105.1871,0.0864,98.4792,2.5521,9.1877,2.5521,0.0021,0.2336,264.0712,-1.3402,-0.0264,0.3725,0.3353,-0.0658,-3.8858,0.9579,0.9325,0.0000,1,0,0,0,0,0.1403
79.1972,-105.3291,0.0864,98.4642,2.5647,9.2328,2.5647,0.0021,0.2245,263.9955,-1.3570,-0.0264,0.3725,0.3353,-0.0659,-3.9199,0.6110,0.9318,0.0000,1,0,0,0,0,0.1215
79.2525,-105.4706,0.0864,98.4490,2.5767,9.2763,2.5767,0.0020,0.2184,263.9195,-1.3738,-0.0264,0.3725,0.3353,-0.0660,-3.9391,0.3462,0.9314,0.0000,1,0,0,0,0,0.1074
79.3079,-105.6128,0.0864,98.4336,2.5886,9.3191,2.5886,0.0020,0.2148,263.8434,-1.3750,-0.0264,0.3705,0.3353,-0.0660,-3.9499,0.1960,0.9306,0.0000,1,0,0,0,0,0.0989
79.3639,-105.7570,0.0864,98.4177,2.5930,9.3350,2.5930,0.0020,0.0787,263.7677,-1.3517,-0.0264,0.3431,0.3353,-0.0660,-3.9557,0.1032,0.9091,0.0000,1,0,0,0,0,0.0924
79.4203,-105.9018,0.0864,98.4016,2.5648,9.2332,2.5648,0.0021,-0.5008,263.6942,-1.3025,-0.0264,0.2981,0.3353,-0.0660,-3.9588,0.0546,0.8482,0.0000,1,0,0,0,0,0.0876
79.4898,-106.0744,0.0864,98.3822,2.4171,8.7017,2.4171,0.0025,-2.1266,263.5997,-1.3613,-0.0264,0.2258,0.3353,-0.0660,-3.9604,0.0227,0.7007,0.0000,1,0,0,0,0,0.0925
79.5450,-106.2021,0.0864,98.3676,2.1968,7.9084,2.1968,0.0031,-3.9917,263.5418,-1.0486,-0.0264,0.1457,0.3353,-0.0660,-3.9613,0.0175,0.5483,0.0000,1,0,0,0,0,0.0801
79.6008,-106.3162,0.0864,98.3544,1.8685,6.7266,1.8685,0.0037,-5.8791,263.4939,-0.8575,-0.0264,0.0968,0.3353,-0.0660,-3.9617,0.0060,0.4043,0.0000,1,0,0,0,0,0.0776
79.6565,-106.4095,0.0864,98.3434,1.4462,5.2062,1.4462,0.0042,-7.5786,263.4560,-0.6796,-0.0264,0.0557,0.3353,-0.0660,-3.9618,0.0030,0.2829,0.0000,1,0,0,0,0,0.0817
79.7120,-106.4770,0.0864,98.3353,0.9474,3.4107,0.9474,0.0044,-8.9918,263.4279,-0.5073,-0.0264,0.0342,0.3353,-0.0660,-3.9619,0.0015,0.1889,0.0000,1,0,0,0,0,0.0976
79.7677,-106.5155,0.0864,98.3306,0.3883,1.3979,0.3883,0.0036,-10.0433,263.4092,-0.3349,-0.0264,0.0029,0.3353,-0.0660,-3.9620,0.0008,0.1082,0.0000,1,0,0,0,0,0.0186
79.8237,-106.5235,0.0864,98.3295,0.0001,0.0002,0.0000,0.0001,-6.9321,263.4011,-0.1455,-0.0264,-0.0264,0.3353,-0.0660,-3.9620,0.0004,0.0529,0.0000,1,0,0,0,0,0.0081
79.8796,-106.5235,0.0864,98.3295,0.0001,0.0002,0.0000,0.0001,0.0003,263.3997,-0.0257,-0.0264,-0.0635,0.3353,-0.0660,-3.9620,0.0002,0.0259,0.0000,1,0,0,0,0,0.0014
79.9435,-106.5235,0.0864,98.3295,0.0001,0.0002,0.0000,0.0001,0.0000,263.3991,-0.0091,-0.0264,-0.0772,0.3353,-0.0660,-3.9620,0.0001,0.0110,0.0000,1,0,0,0,0,0.0005
80.0082,-106.5235,0.0864,98.3295,0.0001,0.0002,0.0000,0.0001,0.0000,263.3990,-0.0014,-0.0264,-0.0909,0.3353,-0.0660,-3.9620,0.0000,0.0054,0.0000,1,0,0,0,0,0.0001
80.0674,-106.5235,0.0864,98.3295,0.0001,0.0002,0.0000,0.0001,0.0000,263.3990,0.0005,-0.0264,-0.0948,0.3353,-0.0660,-3.9620,0.0000,0.0023,0.0000,1,0,0,0,0,0.0000
80.1263,-106.5235,0.0864,98.3295,0.0001,0.0002,0.0000,0.0001,0.0000,263.3992,0.0026,-0.0264,-0.0968,0.3353,-0.0660,-3.9620,0.0000,0.0011,0.0000,1,0,0,0,0,0.0001
80.1829,-106.5235,0.0864,98.3295,0.0001,0.0002,0.0000,0.0001,0.0000,263.3995,0.0054,-0.0264,-0.1007,0.3353,-0.0660,-3.9620,0.0000,0.0005,0.0000,1,0,0,0,0,0.0003
80.2394,-106.5235,0.0864,98.3295,0.0001,0.0002,0.0000,0.0001,0.0000,263.3998,0.0054,-0.0264,-0.1026,0.3353,-0.0660,-3.9620,0.0000,0.0003,0.0000,1,0,0,0,0,0.0003
80.2956,-106.5235,0.0864,98.3295,0.0001,0.0002,0.0000,0.0001,0.0000,263.4001,0.0054,-0.0284,-0.1593,0.3353,-0.0680,-3.9830,0.3733,0.0001,0.0000,1,0,0,0,0,0.0210
80.3516,-106.5235,0.0864,98.3295,0.0001,0.0002,0.0000,0.0001,0.0000,263.4004,0.0054,-0.0284,-0.1632,0.3353,-0.0697,-4.0637,1.4403,0.0001,0.0000,1,0,0,0,0,0.0803
80.4079,-106.5235,0.0864,98.3295,0.0001,0.0002,0.0000,0.0001,0.0000,263.4007,0.0060,-0.0284,-0.1769,0.3353,-0.0704,-4.1363,1.2892,0.0000,0.0000,1,0,0,0,0,0.0720
80.4636,-106.5235,0.0864,98.3295,0.0001,0.0002,0.0000,0.0001,0.0000,263.4011,0.0060,-0.0284,-0.1750,0.3353,-0.0707,-4.1863,0.8976,0.0000,0.0000,1,0,0,0,0,0.0502
80.5330,-106.5235,0.0864,98.3295,0.0001,0.0002,0.0000,0.0001,0.0000,263.4014,0.0048,-0.0284,-0.1710,0.3353,-0.0708,-4.2170,0.4425,0.0000,0.0000,1,0,0,0,0,0.0249
80.5884,-106.5235,0.0864,98.3295,0.0001,0.0002,0.0000,0.0001,0.0000,263.4014,0.0000,-0.0284,-0.1652,0.3353,-0.0709,-4.2383,0.3854,0.0000,0.0000,1,0,0,0,0,0.0214
80.6444,-106.5235,0.0864,98.3295,0.0001,0.0002,0.0000,0.0001,0.0000,263.4014,0.0000,-0.0284,-0.1339,0.3353,-0.0709,-4.2462,0.1410,0.0000,0.0000,1,0,0,0,0,0.0078
80.7008,-106.5235,0.0864,98.3295,0.0001,0.0002,0.0000,0.0001,0.0000,263.4014,0.0000,-0.0284,-0.1144,0.3353,-0.0709,-4.2505,0.0753,0.0000,0.0000,1,0,0,0,0,0.0042
80.7558,-106.5235,0.0864,98.3295,0.0001,0.0002,0.0000,0.0001,0.0000,263.4014,0.0000,-0.0284,-0.1104,0.3353,-0.0709,-4.2527,0.0400,0.0000,0.0000,1,0,0,0,0,0.0022
80.8120,-106.5235,0.0864,98.3295,0.0001,0.0002,0.0000,0.0001,0.0000,263.4014,0.0000,-0.0284,-0.1104,0.3353,-0.0709,-4.2538,0.0203,0.0000,0.0000,1,0,0,0,0,0.0011
80.8682,-106.5235,0.0864,98.3295,0.0001,0.0002,0.0000,0.0001,0.0000,263.4014,0.0000,-0.0284,-0.1104,0.3353,-0.0709,-4.2544,0.0102,0.0000,0.0000,1,0,0,0,0,0.0006
80.9230,-106.5235,0.0864,98.3295,0.0001,0.0002,0.0000,0.0001,0.0000,263.4014,0.0000,-0.0284,-0.1104,0.3353,-0.0709,-4.2547,0.0053,0.0000,0.0000,1,0,0,0,0,0.0003
80.9790,-106.5235,0.0864,98.3295,0.0001,0.0002,0.0000,0.0001,0.0000,263.4014,0.0000,-0.0284,-0.1104,0.3353,-0.0709,-4.2548,0.0026,0.0000,0.0000,1,0,0,0,0,0.0001
81.0480,-106.5235,0.0864,98.3295,0.0001,0.0002,0.0000,0.0001,0.0000,263.4014,0.0000,-0.0284,-0.1104,0.3353,-0.0709,-4.2549,0.0011,0.0000,0.0000,1,0,0,0,0,0.0001
81.1038,-106.5235,0.0864,98.3295,0.0001,0.0002,0.0000,0.0001,0.0000,263.4014,0.0000,-0.0284,-0.1104,0.3353,-0.0709,-4.2549,0.0008,0.0000,0.0000,1,0,0,0,0,0.0000
81.1604,-106.5235,0.0864,98.3295,0.0001,0.0002,0.0000,0.0001,0.0000,263.4014,0.0000,-0.0284,-0.1104,0.3353,-0.0709,-4.2550,0.0002,0.0000,0.0000,1,0,0,0,0,0.0000
81.2157,-106.5235,0.0864,98.3295,0.0001,0.0002,0.0000,0.0001,0.0000,263.4014,0.0000,-0.0284,-0.1104,0.3353,-0.0709,-4.2550,0.0001,0.0000,0.0000,1,0,0,0,0,0.0000
81.2712,-106.5235,0.0864,98.3295,0.0001,0.0002,0.0000,0.0001,0.0000,263.4014,0.0000,-0.0284,-0.1104,0.3353,-0.0709,-4.2550,0.0001,0.0000,0.0000,1,0,0,0,0,0.0000
81.3267,-106.5235,0.0864,98.3295,0.0001,0.0002,0.0000,0.0001,0.0000,263.4014,0.0000,-0.0284,-0.1104,0.3353,-0.0709,-4.2550,0.0000,0.0000,0.0000,1,0,0,0,0,0.0000
81.3822,-106.5235,0.0864,98.3295,0.0001,0.0002,0.0000,0.0001,0.0000,263.4014,0.0000,-0.0284,-0.1104,0.3353,-0.0709,-4.2550,0.0000,0.0000,0.0000,1,0,0,0,0,0.0000
81.4384,-106.5235,0.0864,98.3295,0.0001,0.0002,0.0000,0.0001,0.0000,263.4014,0.0000,-0.0284,-0.1104,0.3353,-0.0709,-4.2550,0.0000,0.0000,0.0000,1,0,0,0,0,0.0000
81.4943,-106.5235,0.0864,98.3295,0.0001,0.0002,0.0000,0.0001,0.0000,263.4014,0.0000,-0.0284,-0.1104,0.3353,-0.0709,-4.2550,0.0000,0.0000,0.0000,1,0,0,0,0,0.0000
81.5634,-106.5235,0.0864,98.3295,0.0001,0.0002,0.0000,0.0001,0.0000,263.4014,0.0000,-0.0284,-0.1104,0.3353,-0.0709,-4.2550,0.0000,0.0000,0.0000,1,0,0,0,0,0.0000
81.6192,-106.5235,0.0864,98.3295,0.0001,0.0002,0.0000,0.0001,0.0000,263.4014,0.0000,-0.0284,-0.1104,0.3353,-0.0709,-4.2550,0.0000,0.0000,0.0000,1,0,0,0,0,0.0000
81.6745,-106.5235,0.0864,98.3295,0.0001,0.0002,0.0000,0.0001,0.0000,263.4014,0.0000,-0.0284,-0.1104,0.3353,-0.0709,-4.2550,0.0000,0.0000,0.0000,1,0,0,0,0,0.0000
81.7306,-106.5235,0.0864,98.3295,0.0001,0.0002,0.0000,0.0001,0.0000,263.4014,0.0000,-0.0284,-0.1104,0.3353,-0.0709,-4.2550,0.0000,0.0000,0.0000,1,0,0,0,0,0.0000
81.7888,-106.5235,0.0864,98.3295,0.0001,0.0002,0.0000,0.0001,0.0000,263.4014,0.0000,-0.0284,-0.1104,0.3353,-0.0709,-4.2550,0.0000,0.0000,0.0000,1,0,0,0,0,0.0000
81.8432,-106.5235,0.0864,98.3295,0.0001,0.0002,0.0000,0.0001,0.0000,263.4014,0.0000,-0.0284,-0.1104,0.3353,-0.0709,-4.2550,0.0000,0.0000,0.0000,1,0,0,0,0,0.0000
81.8982,-106.5235,0.0864,98.3295,0.0001,0.0002,0.0000,0.0001,0.0000,263.4014,0.0000,-0.0284,-0.1104,0.3353,-0.0709,-4.2550,0.0000,0.0000,0.0000,1,0,0,0,0,0.0000
81.9534,-106.5235,0.0864,98.3295,0.0001,0.0002,0.0000,0.0001,0.0000,263.4014,0.0000,-0.0284,-0.1104,0.3353,-0.0709,-4.2550,0.0000,0.0000,0.0000,1,0,0,0,0,0.0000
82.0093,-106.5235,0.0864,98.3295,0.0001,0.0002,0.0000,0.0001,0.0000,263.4014,0.0000,-0.0284,-0.1104,0.3353,-0.0709,-4.2550,0.0000,0.0000,0.0000,1,0,0,0,0,0.0000
82.0786,-106.5235,0.0864,98.3295,0.0001,0.0002,0.0000,0.0001,0.0000,263.4014,0.0000,-0.0303,-0.1104,0.3353,-0.0733,-4.2625,0.1092,0.0000,0.0000,1,0,0,0,0,0.0061
82.1336,-106.5235,0.0864,98.3295,0.0001,0.0002,0.0000,0.0001,0.0000,263.4014,0.0000,-0.0362,-0.1104,0.3353,-0.0807,-4.4360,3.1535,0.0000,0.0000,1,0,0,0,0,0.1752
82.1897,-106.5235,0.0864,98.3295,0.0001,0.0002,0.0000,0.0001,0.0000,263.4014,0.0000,-0.0420,-0.1104,0.3353,-0.0913,-4.7692,5.9409,0.0000,0.0000,1,0,0,0,0,0.3300
82.2450,-106.5235,0.0864,98.3295,0.0001,0.0002,0.0000,0.0001,0.0000,263.4014,0.0000,-0.0459,-0.1104,0.3353,-0.1027,-5.2970,9.5415,0.0000,0.0000,1,0,0,0,0,0.5301
82.3010,-106.5235,0.0864,98.3295,0.0001,0.0002,0.0000,0.0001,0.0000,263.4014,0.0000,-0.0499,-0.1104,0.3353,-0.1139,-5.9116,10.9791,0.0000,0.0000,1,0,0,0,0,0.6100
82.3565,-106.5235,0.0864,98.3295,0.0001,0.0002,0.0000,0.0001,0.0000,263.4014,0.0000,-0.0499,-0.1104,0.3353,-0.1201,-6.4870,10.3586,0.0000,0.0000,1,0,0,0,0,0.5755
82.4127,-106.5235,0.0864,98.3295,0.0001,0.0002,0.0000,0.0001,0.0000,263.4014,0.0000,-0.0518,-0.1104,0.3353,-0.1235,-6.9001,7.3567,0.0000,0.0000,1,0,0,0,0,0.4087
82.4677,-106.5235,0.0864,98.3295,0.0001,0.0002,0.0000,0.0001,0.0000,263.4014,0.0000,-0.0596,-0.1104,0.3353,-0.1343,-7.3008,7.2737,0.0000,0.0000,1,0,0,0,0,0.4041
82.5239,-106.5235,0.0864,98.3295,0.0001,0.0002,0.0000,0.0001,0.0000,263.4014,0.0000,-0.0616,-0.1104,0.3353,-0.1451,-7.8663,10.0710,0.0000,0.0000,1,0,0,0,0,0.5595
82.5940,-106.5235,0.0864,98.3295,0.0001,0.0002,0.0000,0.0001,0.0000,263.4014,0.0000,-0.0636,-0.1104,0.3353,-0.1539,-8.4302,8.0422,0.0000,0.0000,1,0,0,0,0,0.4468
82.6490,-106.5235,0.0864,98.3295,0.0001,0.0002,0.0000,0.0001,0.0000,263.4014,0.0000,-0.0636,-0.1104,0.3353,-0.1567,-8.9756,9.9271,0.0000,0.0000,1,0,0,0,0,0.5515
82.7053,-106.5235,0.0864,98.3295,0.0001,0.0002,0.0000,0.0001,0.0000,263.4014,0.0000,-0.0636,-0.1104,0.3353,-0.1580,-9.2203,4.3444,0.0000,0.0000,1,0,0,0,0,0.2414
82.7607,-106.5235,0.0864,98.3295,0.0001,0.0002,0.0000,0.0001,0.0000,263.4014,0.0000,-0.0636,-0.1104,0.3353,-0.1585,-9.3638,2.5893,0.0000,0.0000,1,0,0,0,0,0.1438
82.8213,-106.5235,0.0864,98.3295,0.0001,0.0002,0.0000,0.0001,0.0000,263.4014,0.0000,-0.0636,-0.1104,0.3353,-0.1587,-9.4079,0.7280,0.0000,0.0000,1,0,0,0,0,0.0404
82.8792,-106.5235,0.0864,98.3295,0.0001,0.0002,0.0000,0.0001,0.0000,263.4014,0.0000,-0.0655,-0.1104,0.3353,-0.1596,-9.4990,1.5704,0.0000,0.0000,1,0,0,0,0,0.0872
82.9369,-106.5235,0.0864,98.3295,0.0001,0.0002,0.0000,0.0001,0.0000,263.4014,0.0000,-0.0675,-0.1104,0.3353,-0.1648,-9.6259,2.2029,0.0000,0.0000,1,0,0,0,0,0.1224
82.9936,-106.5235,0.0864,98.3295,0.0001,0.0002,0.0000,0.0001,0.0000,263.4014,0.0000,-0.0694,-0.1104,0.3353,-0.1689,-9.8228,3.4744,0.0000,0.0000,1,0,0,0,0,0.1930
83.0504,-106.5235,0.0864,98.3295,0.0001,0.0002,0.0000,0.0001,0.0000,263.4014,0.0000,-0.0694,-0.1104,0.3353,-0.1719,-10.0341,3.7194,0.0000,0.0000,1,0,0,0,0,0.2066
83.1196,-106.5235,0.0864,98.3295,0.0001,0.0002,0.0000,0.0001,0.0000,263.4014,0.0000,-0.0694,-0.1104,0.3353,-0.1729,-10.1892,2.2385,0.0000,0.0000,1,0,0,0,0,0.1244
83.1744,-106.5235,0.0864,98.3295,0.0001,0.0002,0.0000,0.0001,0.0000,263.4014,0.0000,-0.0694,-0.1104,0.3353,-0.1733,-10.2927,1.8902,0.0000,0.0000,1,0,0,0,0,0.1050
83.2303,-106.5235,0.0864,98.3295,0.0001,0.0002,0.0000,0.0001,0.0000,263.4014,0.0000,-0.0694,-0.1104,0.3353,-0.1734,-10.3593,1.1906,0.0000,0.0000,1,0,0,0,0,0.0661
83.2869,-106.5235,0.0864,98.3295,0.0001,0.0002,0.0000,0.0001,0.0000,263.4014,0.0000,-0.0694,-0.1104,0.3353,-0.1735,-10.3835,0.4287,0.0000,0.0000,1,0,0,0,0,0.0238
83.3428,-106.5235,0.0864,98.3295,0.0001,0.0002,0.0000,0.0001,0.0000,263.4014,0.0000,-0.0694,-0.1104,0.3353,-0.1735,-10.3971,0.2430,0.0000,0.0000,1,0,0,0,0,0.0135
83.3981,-106.5235,0.0864,98.3295,0.0001,0.0002,0.0000,0.0001,0.0000,263.4014,0.0000,-0.0694,-0.1104,0.3353,-0.1735,-10.4044,0.1325,0.0000,0.0000,1,0,0,0,0,0.0074
83.4540,-106.5235,0.0864,98.3295,0.0001,0.0002,0.0000,0.0001,0.0000,263.4014,0.0000,-0.0694,-0.1104,0.3353,-0.1735,-10.4082,0.0663,0.0000,0.0000,1,0,0,0,0,0.0037
83.5093,-106.5235,0.0864,98.3295,0.0001,0.0002,0.0000,0.0001,0.0000,263.4014,0.0000,-0.0694,-0.1104,0.3353,-0.1735,-10.4101,0.0345,0.0000,0.0000,1,0,0,0,0,0.0019
83.5650,-106.5235,0.0864,98.3295,0.0001,0.0002,0.0000,0.0001,0.0000,263.4014,0.0000,-0.0694,-0.1104,0.3353,-0.1735,-10.4110,0.0176,0.0000,0.0000,1,0,0,0,0,0.0010
83.6379,-106.5235,0.0864,98.3295,0.0001,0.0002,0.0000,0.0001,0.0000,263.4014,0.0000,-0.0694,-0.1104,0.3353,-0.1735,-10.4115,0.0066,0.0000,0.0000,1,0,0,0,0,0.0004
83.6900,-106.5235,0.0864,98.3295,0.0001,0.0002,0.0000,0.0001,0.0000,263.4014,0.0000,-0.0694,-0.1104,0.3353,-0.1735,-10.4118,0.0056,0.0000,0.0000,1,0,0,0,0,0.0003
83.7455,-106.5235,0.0864,98.3295,0.0001,0.0002,0.0000,0.0001,0.0000,263.4014,0.0000,-0.0694,-0.1104,0.3353,-0.1735,-10.4119,0.0017,0.0000,0.0000,1,0,0,0,0,0.0001
83.8019,-106.5235,0.0864,98.3295,0.0001,0.0002,0.0000,0.0001,0.0000,263.4014,0.0000,-0.0694,-0.1104,0.3353,-0.1735,-10.4120,0.0008,0.0000,0.0000,1,0,0,0,0,0.0000
83.8577,-106.5235,0.0864,98.3295,0.0001,0.0002,0.0000,0.0001,0.0000,263.4014,0.0000,-0.0694,-0.1104,0.3353,-0.1735,-10.4120,0.0004,0.0000,0.0000,1,0,0,0,0,0.0000
83.9135,-106.5235,0.0864,98.3295,0.0001,0.0002,0.0000,0.0001,0.0000,263.4014,0.0000,-0.0694,-0.1104,0.3353,-0.1735,-10.4120,0.0002,0.0000,0.0000,1,0,0,0,0,0.0000
83.9697,-106.5235,0.0864,98.3295,0.0001,0.0002,0.0000,0.0001,0.0000,263.4014,0.0000,-0.0694,-0.1104,0.3353,-0.1735,-10.4120,0.0001,0.0000,0.0000,1,0,0,0,0,0.0000
84.0248,-106.5235,0.0864,98.3295,0.0001,0.0002,0.0000,0.0001,0.0000,263.4014,0.0000,-0.0694,-0.1104,0.3353,-0.1735,-10.4120,0.0001,0.0000,0.0000,1,0,0,0,0,0.0000
84.0803,-106.5235,0.0864,98.3295,0.0001,0.0002,0.0000,0.0001,0.0000,263.4014,0.0000,-0.0694,-0.1104,0.3353,-0.1735,-10.4120,0.0000,0.0000,0.0000,1,0,0,0,0,0.0000
84.1510,-106.5235,0.0864,98.3295,0.0001,0.0002,0.0000,0.0001,0.0000,263.4014,0.0000,-0.0694,-0.1104,0.3353,-0.1735,-10.4120,0.0000,0.0000,0.0000,1,0,0,0,0,0.0000
84.2063,-106.5235,0.0864,98.3295,0.0001,0.0002,0.0000,0.0001,0.0000,263.4014,0.0000,-0.0694,-0.1104,0.3353,-0.1735,-10.4120,0.0000,0.0000,0.0000,1,0,0,0,0,0.0000
84.2625,-106.5235,0.0864,98.3295,0.0001,0.0002,0.0000,0.0001,0.0000,263.4014,0.0000,-0.0694,-0.1104,0.3353,-0.1735,-10.4120,0.0000,0.0000,0.0000,1,0,0,0,0,0.0000
84.3186,-106.5235,0.0864,98.3295,0.0001,0.0002,0.0000,0.0001,0.0000,263.4014,0.0000,-0.0694,-0.1104,0.3353,-0.1735,-10.4120,0.0000,0.0000,0.0000,1,0,0,0,0,0.0000
84.3735,-106.5235,0.0864,98.3295,0.0001,0.0002,0.0000,0.0001,0.0000,263.4014,0.0000,-0.0694,-0.1104,0.3353,-0.1735,-10.4120,0.0000,0.0000,0.0000,1,0,0,0,0,0.0000
84.4293,-106.5235,0.0864,98.3295,0.0001,0.0002,0.0000,0.0001,0.0000,263.4014,0.0000,-0.0694,-0.1104,0.3353,-0.1735,-10.4120,0.0000,0.0000,0.0000,1,0,0,0,0,0.0000
84.4852,-106.5235,0.0864,98.3295,0.0001,0.0002,0.0000,0.0001,0.0000,263.4014,0.0000,-0.0694,-0.1104,0.3353,-0.1735,-10.4120,0.0000,0.0000,0.0000,1,0,0,0,0,0.0000
84.5404,-106.5235,0.0864,98.3295,0.0001,0.0002,0.0000,0.0001,0.0000,263.4014,0.0000,-0.0694,-0.1104,0.3353,-0.1735,-10.4120,0.0000,0.0000,0.0000,1,0,0,0,0,0.0000
84.5962,-106.5235,0.0864,98.3295,0.0001,0.0002,0.0000,0.0001,0.0000,263.4014,0.0000,-0.0694,-0.1104,0.3353,-0.1735,-10.4120,0.0000,0.0000,0.0000,1,0,0,0,0,0.0000
84.6796,-106.5235,0.0864,98.3295,0.0001,0.0002,0.0000,0.0001,0.0000,263.4014,0.0000,-0.0694,-0.1104,0.3353,-0.1735,-10.4120,0.0000,0.0000,0.0000,1,0,0,0,0,0.0000
84.7354,-106.5235,0.0864,98.3295,0.0001,0.0002,0.0000,0.0001,0.0000,263.4014,0.0000,-0.0694,-0.1104,0.3353,-0.1735,-10.4120,0.0000,0.0000,0.0000,1,0,0,0,0,0.0000
84.7911,-106.5235,0.0864,98.3295,0.0001,0.0002,0.0000,0.0001,0.0000,263.4014,0.0000,-0.0694,-0.1104,0.3353,-0.1735,-10.4120,0.0000,0.0000,0.0000,1,0,0,0,0,0.0000
84.8479,-106.5235,0.0864,98.3295,0.0001,0.0002,0.0000,0.0001,0.0000,263.4014,0.0000,-0.0694,-0.1104,0.3353,-0.1735,-10.4120,0.0000,0.0000,0.0000,1,0,0,0,0,0.0000
84.9035,-106.5235,0.0864,98.3295,0.0001,0.0002,0.0000,0.0001,0.0000,263.4014,0.0000,-0.0694,-0.1104,0.3353,-0.1735,-10.4120,0.0000,0.0000,0.0000,1,0,0,0,0,0.0000
84.9585,-106.5235,0.0864,98.3295,0.0001,0.0002,0.0000,0.0001,0.0000,263.4014,0.0000,-0.0694,-0.1104,0.3353,-0.1735,-10.4120,0.0000,0.0000,0.0000,1,0,0,0,0,0.0000
85.0138,-106.5235,0.0864,98.3295,0.0001,0.0002,0.0000,0.0001,0.0000,263.4014,0.0000,-0.0694,-0.1104,0.3353,-0.1735,-10.4120,0.0000,0.0000,0.0000,1,0,0,0,0,0.0000
85.0698,-106.5235,0.0864,98.3295,0.0001,0.0002,0.0000,0.0001,0.0000,263.4014,0.0000,-0.0694,-0.1104,0.3353,-0.1735,-10.4120,0.0000,0.0000,0.0000,1,0,0,0,0,0.0000
85.1254,-106.5235,0.0864,98.3295,0.0001,0.0002,0.0000,0.0001,0.0000,263.4014,0.0000,-0.0694,-0.1104,0.3353,-0.1735,-10.4120,0.0000,0.0000,0.0000,1,0,0,0,0,0.0000
85.1836,-106.5235,0.0864,98.3295,0.0001,0.0002,0.0000,0.0001,0.0000,263.4014,0.0000,-0.0694,-0.1104,0.3353,-0.1735,-10.4120,0.0000,0.0000,0.0000,1,0,0,0,0,0.0000
85.2368,-106.5235,0.0864,98.3295,0.0001,0.0002,0.0000,0.0001,0.0000,263.4014,0.0000,-0.0694,-0.1104,0.3353,-0.1735,-10.4120,0.0000,0.0000,0.0000,1,0,0,0,0,0.0000
85.2918,-106.5235,0.0864,98.3295,0.0001,0.0002,0.0000,0.0001,0.0000,263.4014,0.0000,-0.0694,-0.1104,0.3353,-0.1735,-10.4120,0.0000,0.0000,0.0000,1,0,0,0,0,0.0000
85.3479,-106.5235,0.0864,98.3295,0.0001,0.0002,0.0000,0.0001,0.0000,263.4014,0.0000,-0.0694,-0.1104,0.3353,-0.1735,-10.4120,0.0000,0.0000,0.0000,1,0,0,0,0,0.0000
85.4045,-106.5235,0.0864,98.3295,0.0001,0.0002,0.0000,0.0001,0.0000,263.4014,0.0000,-0.0694,-0.1104,0.3353,-0.1735,-10.4120,0.0000,0.0000,0.0000,1,0,0,0,0,0.0000
85.4597,-106.5235,0.0864,98.3295,0.0001,0.0002,0.0000,0.0001,0.0000,263.4014,0.0000,-0.0694,-0.1104,0.3353,-0.1735,-10.4120,0.0000,0.0000,0.0000,1,0,0,0,0,0.0000
85.5150,-106.5235,0.0864,98.3295,0.0001,0.0002,0.0000,0.0001,0.0000,263.4014,0.0000,-0.0694,-0.1104,0.3353,-0.1735,-10.4120,0.0000,0.0000,0.0000,1,0,0,0,0,0.0000
85.5709,-106.5235,0.0864,98.3295,0.0001,0.0002,0.0000,0.0001,0.0000,263.4014,0.0000,-0.0694,-0.1104,0.3353,-0.1735,-10.4120,0.0000,0.0000,0.0000,1,0,0,0,0,0.0000
85.6265,-106.5235,0.0864,98.3295,0.0001,0.0002,0.0000,0.0001,0.0000,263.4014,0.0000,-0.0694,-0.1104,0.3353,-0.1735,-10.4120,0.0000,0.0000,0.0000,1,0,0,0,0,0.0000
85.6959,-106.5235,0.0864,98.3295,0.0001,0.0002,0.0000,0.0001,0.0000,263.4014,0.0000,-0.0694,-0.1104,0.3353,-0.1735,-10.4120,0.0000,0.0000,0.0000,1,0,0,0,0,0.0000
85.7523,-106.5235,0.0864,98.3295,0.0001,0.0002,0.0000,0.0001,0.0000,263.4014,0.0000,-0.0694,-0.1104,0.3353,-0.1735,-10.4120,0.0000,0.0000,0.0000,1,0,0,0,0,0.0000
85.8082,-106.5235,0.0864,98.3295,0.0001,0.0002,0.0000,0.0001,0.0000,263.4014,0.0000,-0.0694,-0.1104,0.3353,-0.1735,-10.4120,0.0000,0.0000,0.0000,1,0,0,0,0,0.0000
85.8635,-106.5235,0.0864,98.3295,0.0001,0.0002,0.0000,0.0001,0.0000,263.4014,0.0000,-0.0694,-0.1104,0.3353,-0.1735,-10.4120,0.0000,0.0000,0.0000,1,0,0,0,0,0.0000
85.9195,-106.5235,0.0864,98.3295,0.0001,0.0002,0.0000,0.0001,0.0000,263.4014,0.0000,-0.0694,-0.1104,0.3353,-0.1735,-10.4120,0.0000,0.0000,0.0000,1,0,0,0,0,0.0000
85.9751,-106.5235,0.0864,98.3295,0.0001,0.0002,0.0000,0.0001,0.0000,263.4014,0.0000,-0.0694,-0.1104,0.3353,-0.1735,-10.4120,0.0000,0.0000,0.0000,1,0,0,0,0,0.0000
86.0308,-106.5235,0.0864,98.3295,0.0001,0.0002,0.0000,0.0001,0.0000,263.4014,0.0000,-0.0694,-0.1104,0.3353,-0.1735,-10.4120,0.0000,0.0000,0.0000,1,0,0,0,0,0.0000
86.0868,-106.5235,0.0864,98.3295,0.0001,0.0002,0.0000,0.0001,0.0000,263.4014,0.0000,-0.0694,-0.1104,0.3353,-0.1735,-10.4120,0.0000,0.0000,0.0000,1,0,0,0,0,0.0000
86.1425,-106.5235,0.0864,98.3295,0.0001,0.0002,0.0000,0.0001,0.0000,263.4014,0.0000,-0.0694,-0.1104,0.3353,-0.1735,-10.4120,0.0000,0.0000,0.0000,1,0,0,0,0,0.0000
86.2117,-106.5235,0.0864,98.3295,0.0001,0.0002,0.0000,0.0001,0.0000,263.4014,0.0000,-0.0694,-0.1104,0.3353,-0.1735,-10.4120,0.0000,0.0000,0.0000,1,0,0,0,0,0.0000
86.2679,-106.5235,0.0864,98.3295,0.0001,0.0002,0.0000,0.0001,0.0000,263.4014,0.0000,-0.0694,-0.1104,0.3353,-0.1735,-10.4120,0.0000,0.0000,0.0000,1,0,0,0,0,0.0000
86.3243,-106.5235,0.0864,98.3295,0.0001,0.0002,0.0000,0.0001,0.0000,263.4014,0.0000,-0.0694,-0.1104,0.3353,-0.1735,-10.4120,0.0000,0.0000,0.0000,1,0,0,0,0,0.0000
86.3787,-106.5235,0.0864,98.3295,0.0001,0.0002,0.0000,0.0001,0.0000,263.4014,0.0000,-0.0694,-0.1104,0.3353,-0.1735,-10.4120,0.0000,0.0000,0.0000,1,0,0,0,0,0.0000
86.4356,-106.5235,0.0864,98.3295,0.0001,0.0002,0.0000,0.0001,0.0000,263.4014,0.0000,-0.0694,-0.1104,0.3353,-0.1735,-10.4120,0.0000,0.0000,0.0000,1,0,0,0,0,0.0000
86.4909,-106.5235,0.0864,98.3295,0.0001,0.0002,0.0000,0.0001,0.0000,263.4014,0.0000,-0.0694,-0.1104,0.3353,-0.1735,-10.4120,0.0000,0.0000,0.0000,1,0,0,0,0,0.0000
86.5464,-106.5235,0.0864,98.3295,0.0001,0.0002,0.0000,0.0001,0.0000,263.4014,0.0000,-0.0694,-0.1104,0.3353,-0.1735,-10.4120,0.0000,0.0000,0.0000,1,0,0,0,0,0.0000
86.6030,-106.5235,0.0864,98.3295,0.0001,0.0002,0.0000,0.0001,0.0000,263.4014,0.0000,-0.0694,-0.1104,0.3353,-0.1735,-10.4120,0.0000,0.0000,0.0000,1,0,0,0,0,0.0000
86.6577,-106.5235,0.0864,98.3295,0.0001,0.0002,0.0000,0.0001,0.0000,263.4014,0.0000,-0.0694,-0.1104,0.3353,-0.1735,-10.4120,0.0000,0.0000,0.0000,1,0,0,0,0,0.0000
86.7268,-106.5235,0.0864,98.3295,0.0001,0.0002,0.0000,0.0001,0.0000,263.4014,0.0000,-0.0694,-0.1104,0.3353,-0.1735,-10.4120,0.0000,0.0000,0.0000,1,0,0,0,0,0.0000
86.7828,-106.5235,0.0864,98.3295,0.0001,0.0002,0.0000,0.0001,0.0000,263.4014,0.0000,-0.0694,-0.1104,0.3353,-0.1735,-10.4120,0.0000,0.0000,0.0000,1,0,0,0,0,0.0000
86.8384,-106.5235,0.0864,98.3295,0.0001,0.0002,0.0000,0.0001,0.0000,263.4014,0.0000,-0.0694,-0.1104,0.3353,-0.1735,-10.4120,0.0000,0.0000,0.0000,1,0,0,0,0,0.0000
86.8942,-106.5235,0.0864,98.3295,0.0001,0.0002,0.0000,0.0001,0.0000,263.4014,0.0000,-0.0694,-0.1104,0.3353,-0.1735,-10.4120,0.0000,0.0000,0.0000,1,0,0,0,0,0.0000
86.9497,-106.5235,0.0864,98.3295,0.0001,0.0002,0.0000,0.0001,0.0000,263.4014,0.0000,-0.0694,-0.1104,0.3353,-0.1735,-10.4120,0.0000,0.0000,0.0000,1,0,0,0,0,0.0000
87.0058,-106.5235,0.0864,98.3295,0.0001,0.0002,0.0000,0.0001,0.0000,263.4014,0.0000,-0.0694,-0.1104,0.3353,-0.1735,-10.4120,0.0000,0.0000,0.0000,1,0,0,0,0,0.0000
87.0607,-106.5235,0.0864,98.3295,0.0001,0.0002,0.0000,0.0001,0.0000,263.4014,0.0000,-0.0694,-0.1104,0.3353,-0.1735,-10.4120,0.0000,0.0000,0.0000,1,0,0,0,0,0.0000
87.1172,-106.5235,0.0864,98.3295,0.0001,0.0002,0.0000,0.0001,0.0000,263.4014,0.0000,-0.0694,-0.1104,0.3353,-0.1735,-10.4120,0.0000,0.0000,0.0000,1,0,0,0,0,0.0000
87.1722,-106.5235,0.0864,98.3295,0.0001,0.0002,0.0000,0.0001,0.0000,263.4014,0.0000,-0.0694,-0.1104,0.3353,-0.1735,-10.4120,0.0000,0.0000,0.0000,1,0,0,0,0,0.0000
87.2428,-106.5235,0.0864,98.3295,0.0001,0.0002,0.0000,0.0001,0.0000,263.4014,0.0000,-0.0694,-0.1104,0.3353,-0.1735,-10.4120,0.0000,0.0000,0.0000,1,0,0,0,0,0.0000
87.2970,-106.5235,0.0864,98.3295,0.0001,0.0002,0.0000,0.0001,0.0000,263.4014,0.0000,-0.0694,-0.1104,0.3353,-0.1735,-10.4120,0.0000,0.0000,0.0000,1,0,0,0,0,0.0000
87.3532,-106.5235,0.0864,98.3295,0.0001,0.0002,0.0000,0.0001,0.0000,263.4014,0.0000,-0.0694,-0.1104,0.3353,-0.1735,-10.4120,0.0000,0.0000,0.0000,1,0,0,0,0,0.0000
87.4089,-106.5235,0.0864,98.3295,0.0001,0.0002,0.0000,0.0001,0.0000,263.4014,0.0000,-0.0694,-0.1104,0.3353,-0.1735,-10.4120,0.0000,0.0000,0.0000,1,0,0,0,0,0.0000
87.4647,-106.5235,0.0864,98.3295,0.0001,0.0002,0.0000,0.0001,0.0000,263.4014,0.0000,-0.0694,-0.1104,0.3353,-0.1735,-10.4120,0.0000,0.0000,0.0000,1,0,0,0,0,0.0000
87.5205,-106.5235,0.0864,98.3295,0.0001,0.0002,0.0000,0.0001,0.0000,263.4014,0.0000,-0.0694,-0.1104,0.3353,-0.1735,-10.4120,0.0000,0.0000,0.0000,1,0,0,0,0,0.0000
87.5758,-106.5235,0.0864,98.3295,0.0001,0.0002,0.0000,0.0001,0.0000,263.4014,0.0000,-0.0694,-0.1104,0.3353,-0.1735,-10.4120,0.0000,0.0000,0.0000,1,0,0,0,0,0.0000
87.6317,-106.5235,0.0864,98.3295,0.0001,0.0002,0.0000,0.0001,0.0000,263.4014,0.0000,-0.0694,-0.1104,0.3353,-0.1735,-10.4120,0.0000,0.0000,0.0000,1,0,0,0,0,0.0000
87.6878,-106.5235,0.0864,98.3295,0.0001,0.0002,0.0000,0.0001,0.0000,263.4014,0.0000,-0.0694,-0.1104,0.3353,-0.1735,-10.4120,0.0000,0.0000,0.0000,1,0,0,0,0,0.0000
87.7574,-106.5235,0.0864,98.3295,0.0001,0.0002,0.0000,0.0001,0.0000,263.4014,0.0000,-0.0694,-0.1104,0.3353,-0.1735,-10.4120,0.0000,0.0000,0.0000,1,0,0,0,0,0.0000
87.8128,-106.5235,0.0864,98.3295,0.0001,0.0002,0.0000,0.0001,0.0000,263.4014,0.0000,-0.0694,-0.1104,0.3353,-0.1735,-10.4120,0.0000,0.0000,0.0000,1,0,0,0,0,0.0000
87.8695,-106.5235,0.0864,98.3295,0.0001,0.0002,0.0000,0.0001,0.0000,263.4014,0.0000,-0.0694,-0.1104,0.3353,-0.1735,-10.4120,0.0000,0.0000,0.0000,1,0,0,0,0,0.0000
87.9250,-106.5235,0.0864,98.3295,0.0001,0.0002,0.0000,0.0001,0.0000,263.4014,0.0000,-0.0694,-0.1104,0.3353,-0.1735,-10.4120,0.0000,0.0000,0.0000,1,0,0,0,0,0.0000
87.9810,-106.5235,0.0864,98.3295,0.0001,0.0002,0.0000,0.0001,0.0000,263.4014,0.0000,-0.0694,-0.1104,0.3353,-0.1735,-10.4120,0.0000,0.0000,0.0000,1,0,0,0,0,0.0000
88.0364,-106.5235,0.0864,98.3295,0.0001,0.0002,0.0000,0.0001,0.0000,263.4014,0.0000,-0.0694,-0.1104,0.3353,-0.1735,-10.4120,0.0000,0.0000,0.0000,1,0,0,0,0,0.0000
88.0913,-106.5235,0.0864,98.3295,0.0001,0.0002,0.0000,0.0001,0.0000,263.4014,0.0000,-0.0694,-0.1104,0.3353,-0.1735,-10.4120,0.0000,0.0000,0.0000,1,0,0,0,0,0.0000
88.1474,-106.5235,0.0864,98.3295,0.0001,0.0002,0.0000,0.0001,0.0000,263.4014,0.0000,-0.0694,-0.1104,0.3353,-0.1735,-10.4120,0.0000,0.0000,0.0000,1,0,0,0,0,0.0000
88.2033,-106.5235,0.0864,98.3295,0.0001,0.0002,0.0000,0.0001,0.0000,263.4014,0.0000,-0.0694,-0.1104,0.3353,-0.1735,-10.4120,0.0000,0.0000,0.0000,1,0,0,0,0,0.0000
88.2723,-106.5235,0.0864,98.3295,0.0001,0.0002,0.0000,0.0001,0.0000,263.4014,0.0000,-0.0694,-0.1104,0.3353,-0.1735,-10.4120,0.0000,0.0000,0.0000,1,0,0,0,0,0.0000
88.3280,-106.5235,0.0864,98.3295,0.0001,0.0002,0.0000,0.0001,0.0000,263.4014,0.0000,-0.0694,-0.1104,0.3353,-0.1735,-10.4120,0.0000,0.0000,0.0000,1,0,0,0,0,0.0000
88.3838,-106.5235,0.0864,98.3295,0.0001,0.0002,0.0000,0.0001,0.0000,263.4014,0.0000,-0.0694,-0.1104,0.3353,-0.1735,-10.4120,0.0000,0.0000,0.0000,1,0,0,0,0,0.0000
88.4397,-106.5235,0.0864,98.3295,0.0001,0.0002,0.0000,0.0001,0.0000,263.4014,0.0000,-0.0694,-0.1104,0.3353,-0.1735,-10.4120,0.0000,0.0000,0.0000,1,0,0,0,0,0.0000
88.4950,-106.5235,0.0864,98.3295,0.0001,0.0002,0.0000,0.0001,0.0000,263.4014,0.0000,-0.0694,-0.1104,0.3353,-0.1735,-10.4120,0.0000,0.0000,0.0000,1,0,0,0,0,0.0000
88.5508,-106.5235,0.0864,98.3295,0.0001,0.0002,0.0000,0.0001,0.0000,263.4014,0.0000,-0.0694,-0.1104,0.3353,-0.1735,-10.4120,0.0000,0.0000,0.0000,1,0,0,0,0,0.0000
88.6068,-106.5235,0.0864,98.3295,0.0001,0.0002,0.0000,0.0001,0.0000,263.4014,0.0000,-0.0694,-0.1104,0.3353,-0.1735,-10.4120,0.0000,0.0000,0.0000,1,0,0,0,0,0.0000
88.6627,-106.5235,0.0864,98.3295,0.0001,0.0002,0.0000,0.0001,0.0000,263.4014,0.0000,-0.0694,-0.1104,0.3353,-0.1735,-10.4120,0.0000,0.0000,0.0000,1,0,0,0,0,0.0000
88.7181,-106.5235,0.0864,98.3295,0.0001,0.0002,0.0000,0.0001,0.0000,263.4014,0.0000,-0.0694,-0.1104,0.3353,-0.1735,-10.4120,0.0000,0.0000,0.0000,1,0,0,0,0,0.0000
88.7881,-106.5235,0.0864,98.3295,0.0001,0.0002,0.0000,0.0001,0.0000,263.4014,0.0000,-0.0694,-0.1104,0.3353,-0.1735,-10.4120,0.0000,0.0000,0.0000,1,0,0,0,0,0.0000
88.8436,-106.5235,0.0864,98.3295,0.0001,0.0002,0.0000,0.0001,0.0000,263.4014,0.0000,-0.0694,-0.1104,0.3353,-0.1735,-10.4120,0.0000,0.0000,0.0000,1,0,0,0,0,0.0000
88.8990,-106.5235,0.0864,98.3295,0.0001,0.0002,0.0000,0.0001,0.0000,263.4014,0.0000,-0.0694,-0.1104,0.3353,-0.1735,-10.4120,0.0000,0.0000,0.0000,1,0,0,0,0,0.0000
88.9549,-106.5235,0.0864,98.3295,0.0001,0.0002,0.0000,0.0001,0.0000,263.4014,0.0000,-0.0694,-0.1104,0.3353,-0.1735,-10.4120,0.0000,0.0000,0.0000,1,0,0,0,0,0.0000
89.0105,-106.5235,0.0864,98.3295,0.0001,0.0002,0.0000,0.0001,0.0000,263.4014,0.0000,-0.0694,-0.1104,0.3353,-0.1735,-10.4120,0.0000,0.0000,0.0000,1,0,0,0,0,0.0000
89.0668,-106.5235,0.0864,98.3295,0.0001,0.0002,0.0000,0.0001,0.0000,263.4014,0.0000,-0.0694,-0.1104,0.3353,-0.1735,-10.4120,0.0000,0.0000,0.0000,1,0,0,0,0,0.0000
89.1223,-106.5235,0.0864,98.3295,0.0001,0.0002,0.0000,0.0001,0.0000,263.4014,0.0000,-0.0694,-0.1104,0.3353,-0.1735,-10.4120,0.0000,0.0000,0.0000,1,0,0,0,0,0.0000
89.1779,-106.5235,0.0864,98.3295,0.0001,0.0002,0.0000,0.0001,0.0000,263.4014,0.0000,-0.0694,-0.1104,0.3353,-0.1735,-10.4120,0.0000,0.0000,0.0000,1,0,0,0,0,0.0000
89.2332,-106.5235,0.0864,98.3295,0.0001,0.0002,0.0000,0.0001,0.0000,263.4014,0.0000,-0.0694,-0.1104,0.3353,-0.1735,-10.4120,0.0000,0.0000,0.0000,1,0,0,0,0,0.0000
89.3039,-106.5235,0.0864,98.3295,0.0001,0.0002,0.0000,0.0001,0.0000,263.4014,0.0000,-0.0694,-0.1104,0.3353,-0.1735,-10.4120,0.0000,0.0000,0.0000,1,0,0,0,0,0.0000
89.3594,-106.5235,0.0864,98.3295,0.0001,0.0002,0.0000,0.0001,0.0000,263.4014,0.0000,-0.0694,-0.1104,0.3353,-0.1735,-10.4120,0.0000,0.0000,0.0000,1,0,0,0,0,0.0000
89.4143,-106.5235,0.0864,98.3295,0.0001,0.0002,0.0000,0.0001,0.0000,263.4014,0.0000,-0.0694,-0.1104,0.3353,-0.1735,-10.4120,0.0000,0.0000,0.0000,1,0,0,0,0,0.0000
89.4706,-106.5235,0.0864,98.3295,0.0001,0.0002,0.0000,0.0001,0.0000,263.4014,0.0000,-0.0694,-0.1104,0.3353,-0.1735,-10.4120,0.0000,0.0000,0.0000,1,0,0,0,0,0.0000
89.5255,-106.5235,0.0864,98.3295,0.0001,0.0002,0.0000,0.0001,0.0000,263.4014,0.0000,-0.0694,-0.1104,0.3353,-0.1735,-10.4120,0.0000,0.0000,0.0000,1,0,0,0,0,0.0000
89.5825,-106.5235,0.0864,98.3295,0.0001,0.0002,0.0000,0.0001,0.0000,263.4014,0.0000,-0.0694,-0.1104,0.3353,-0.1735,-10.4120,0.0000,0.0000,0.0000,1,0,0,0,0,0.0000
89.6375,-106.5235,0.0864,98.3295,0.0001,0.0002,0.0000,0.0001,0.0000,263.4014,0.0000,-0.0694,-0.1104,0.3353,-0.1735,-10.4120,0.0000,0.0000,0.0000,1,0,0,0,0,0.0000
89.6938,-106.5235,0.0864,98.3295,0.0001,0.0002,0.0000,0.0001,0.0000,263.4014,0.0000,-0.0694,-0.1104,0.3353,-0.1735,-10.4120,0.0000,0.0000,0.0000,1,0,0,0,0,0.0000
89.7503,-106.5235,0.0864,98.3295,0.0001,0.0002,0.0000,0.0001,0.0000,263.4014,0.0000,-0.0694,-0.1104,0.3353,-0.1735,-10.4120,0.0000,0.0000,0.0000,1,0,0,0,0,0.0000
89.8051,-106.5235,0.0864,98.3295,0.0001,0.0002,0.0000,0.0001,0.0000,263.4014,0.0000,-0.0694,-0.1104,0.3353,-0.1735,-10.4120,0.0000,0.0000,0.0000,1,0,0,0,0,0.0000
89.8604,-106.5235,0.0864,98.3295,0.0001,0.0002,0.0000,0.0001,0.0000,263.4014,0.0000,-0.0694,-0.1104,0.3353,-0.1735,-10.4120,0.0000,0.0000,0.0000,1,0,0,0,0,0.0000
89.9174,-106.5235,0.0864,98.3295,0.0001,0.0002,0.0000,0.0001,0.0000,263.4014,0.0000,-0.0694,-0.1104,0.3353,-0.1735,-10.4120,0.0000,0.0000,0.0000,1,0,0,0,0,0.0000
89.9732,-106.5235,0.0864,98.3295,0.0001,0.0002,0.0000,0.0001,0.0000,263.4014,0.0000,-0.0694,-0.1104,0.3353,-0.1735,-10.4120,0.0000,0.0000,0.0000,1,0,0,0,0,0.0000
90.0287,-106.5235,0.0864,98.3295,0.0001,0.0002,0.0000,0.0001,0.0000,263.4014,0.0000,-0.0694,-0.1104,0.3353,-0.1735,-10.4120,0.0000,0.0000,0.0000,1,0,0,0,0,0.0000
90.0837,-106.5235,0.0864,98.3295,0.0001,0.0002,0.0000,0.0001,0.0000,263.4014,0.0000,-0.0694,-0.1104,0.3353,-0.1735,-10.4120,0.0000,0.0000,0.0000,1,0,0,0,0,0.0000
90.1388,-106.5235,0.0864,98.3295,0.0001,0.0002,0.0000,0.0001,0.0000,263.4014,0.0000,-0.0694,-0.1104,0.3353,-0.1735,-10.4120,0.0000,0.0000,0.0000,1,0,0,0,0,0.0000
90.1939,-106.5235,0.0864,98.3295,0.0001,0.0002,0.0000,0.0001,0.0000,263.4014,0.0000,-0.0694,-0.1104,0.3353,-0.1735,-10.4120,0.0000,0.0000,0.0000,1,0,0,0,0,0.0000
90.2503,-106.5235,0.0864,98.3295,0.0001,0.0002,0.0000,0.0001,0.0000,263.4014,0.0000,-0.0694,-0.1104,0.3353,-0.1735,-10.4120,0.0000,0.0000,0.0000,1,0,0,0,0,0.0000
90.3055,-106.5235,0.0864,98.3295,0.0001,0.0002,0.0000,0.0001,0.0000,263.4014,0.0000,-0.0694,-0.1104,0.3353,-0.1735,-10.4120,0.0000,0.0000,0.0000,1,0,0,0,0,0.0000
90.3616,-106.5235,0.0864,98.3295,0.0001,0.0002,0.0000,0.0001,0.0000,263.4014,0.0000,-0.0694,-0.1104,0.3353,-0.1735,-10.4120,0.0000,0.0000,0.0000,1,0,0,0,0,0.0000
90.4171,-106.5235,0.0864,98.3295,0.0001,0.0002,0.0000,0.0001,0.0000,263.4014,0.0000,-0.0694,-0.1104,0.3353,-0.1735,-10.4120,0.0000,0.0000,0.0000,1,0,0,0,0,0.0000
90.4720,-106.5235,0.0864,98.3295,0.0001,0.0002,0.0000,0.0001,0.0000,263.4014,0.0000,-0.0694,-0.1104,0.3353,-0.1735,-10.4120,0.0000,0.0000,0.0000,1,0,0,0,0,0.0000
90.5280,-106.5235,0.0864,98.3295,0.0001,0.0002,0.0000,0.0001,0.0000,263.4014,0.0000,-0.0694,-0.1104,0.3353,-0.1735,-10.4120,0.0000,0.0000,0.0000,1,0,0,0,0,0.0000
90.5833,-106.5235,0.0864,98.3295,0.0001,0.0002,0.0000,0.0001,0.0000,263.4014,0.0000,-0.0694,-0.1104,0.3353,-0.1735,-10.4120,0.0000,0.0000,0.0000,1,0,0,0,0,0.0000
90.6389,-106.5235,0.0864,98.3295,0.0001,0.0002,0.0000,0.0001,0.0000,263.4014,0.0000,-0.0694,-0.1104,0.3353,-0.1735,-10.4120,0.0000,0.0000,0.0000,1,0,0,0,0,0.0000
90.6947,-106.5235,0.0864,98.3295,0.0001,0.0002,0.0000,0.0001,0.0000,263.4014,0.0000,-0.0694,-0.1104,0.3353,-0.1735,-10.4120,0.0000,0.0000,0.0000,1,0,0,0,0,0.0000
90.7508,-106.5235,0.0864,98.3295,0.0001,0.0002,0.0000,0.0001,0.0000,263.4014,0.0000,-0.0694,-0.1104,0.3353,-0.1735,-10.4120,0.0000,0.0000,0.0000,1,0,0,0,0,0.0000
90.8060,-106.5235,0.0864,98.3295,0.0001,0.0002,0.0000,0.0001,0.0000,263.4014,0.0000,-0.0694,-0.1104,0.3353,-0.1735,-10.4120,0.0000,0.0000,0.0000,1,0,0,0,0,0.0000
90.8618,-106.5235,0.0864,98.3295,0.0001,0.0002,0.0000,0.0001,0.0000,263.4014,0.0000,-0.0694,-0.1104,0.3353,-0.1735,-10.4120,0.0000,0.0000,0.0000,1,0,0,0,0,0.0000
90.9174,-106.5235,0.0864,98.3295,0.0001,0.0002,0.0000,0.0001,0.0000,263.4014,0.0000,-0.0694,-0.1104,0.3353,-0.1735,-10.4120,0.0000,0.0000,0.0000,1,0,0,0,0,0.0000
90.9729,-106.5235,0.0864,98.3295,0.0001,0.0002,0.0000,0.0001,0.0000,263.4014,0.0000,-0.0694,-0.1104,0.3353,-0.1735,-10.4120,0.0000,0.0000,0.0000,1,0,0,0,0,0.0000
91.0285,-106.5235,0.0864,98.3295,0.0001,0.0002,0.0000,0.0001,0.0000,263.4014,0.0000,-0.0694,-0.1104,0.3353,-0.1735,-10.4120,0.0000,0.0000,0.0000,1,0,0,0,0,0.0000
91.0839,-106.5235,0.0864,98.3295,0.0001,0.0002,0.0000,0.0001,0.0000,263.4014,0.0000,-0.0694,-0.1104,0.3353,-0.1735,-10.4120,0.0000,0.0000,0.0000,1,0,0,0,0,0.0000
91.1500,-106.5235,0.0864,98.3295,0.0001,0.0002,0.0000,0.0001,0.0000,263.4014,0.0000,-0.0694,-0.1104,0.3353,-0.1735,-10.4120,0.0000,0.0000,0.0000,1,0,0,0,0,0.0000
91.2091,-106.5235,0.0864,98.3295,0.0001,0.0002,0.0000,0.0001,0.0000,263.4014,0.0000,-0.0694,-0.1104,0.3353,-0.1735,-10.4120,0.0000,0.0000,0.0000,1,0,0,0,0,0.0000
91.2641,-106.5235,0.0864,98.3295,0.0001,0.0002,0.0000,0.0001,0.0000,263.4014,0.0000,-0.0694,-0.1104,0.3353,-0.1735,-10.4120,0.0000,0.0000,0.0000,1,0,0,0,0,0.0000
91.3211,-106.5235,0.0864,98.3295,0.0001,0.0002,0.0000,0.0001,0.0000,263.4014,0.0000,-0.0694,-0.1104,0.3353,-0.1735,-10.4120,0.0000,0.0000,0.0000,1,0,0,0,0,0.0000
91.4044,-106.5235,0.0864,98.3295,0.0001,0.0002,0.0000,0.0001,0.0000,263.4014,0.0000,0.0000,0.0000,0.0000,-0.0630,-10.4120,0.0000,0.0000,0.0000,1,0,0,0,0,0.0000
