time,position_x,position_y,position_z,speed_ms,speed_kmh,forward_speed,sideways_speed,acceleration_ms2,yaw,yaw_rate,raw_steer_x,raw_throttle_y,raw_brake_z,steer_input,handlebar_angle,steer_rate,throttle,brake,is_grounded,harsh_brake,harsh_steer,high_side_slip,high_yaw_rate,risk_score
0.1468,185.2043,0.1182,102.8923,0.0000,0.0000,0.0000,0.0000,0.0000,270.0002,0.0008,0.0000,0.0000,0.0000,0.0000,0.0000,0.0000,0.0000,0.0000,1,0,0,0,0,0.0000
0.4249,185.2042,0.0864,102.8924,0.0000,0.0000,0.0000,0.0000,0.0000,270.0029,0.0100,0.0000,0.0000,0.0000,0.0000,0.0000,0.0000,0.0000,0.0000,1,0,0,0,0,0.0006
0.4856,185.2042,0.0864,102.8924,0.0000,0.0000,0.0000,0.0000,0.0000,270.0029,0.0000,0.0000,0.0000,0.0000,0.0000,0.0000,0.0000,0.0000,0.0000,1,0,0,0,0,0.0000
0.5636,185.2042,0.0864,102.8924,0.0000,0.0000,0.0000,0.0000,0.0000,270.0029,0.0000,0.0000,0.0000,0.0000,0.0000,0.0000,0.0000,0.0000,0.0000,1,0,0,0,0,0.0000
0.6342,185.2042,0.0864,102.8924,0.0000,0.0000,0.0000,0.0000,0.0000,270.0029,0.0000,0.0000,0.0000,0.0000,0.0000,0.0000,0.0000,0.0000,0.0000,1,0,0,0,0,0.0000
0.6880,185.2042,0.0864,102.8924,0.0000,0.0000,0.0000,0.0000,0.0000,270.0029,0.0000,0.0000,0.0000,0.0000,0.0000,0.0000,0.0000,0.0000,0.0000,1,0,0,0,0,0.0000
0.7451,185.2042,0.0864,102.8924,0.0000,0.0000,0.0000,0.0000,0.0000,270.0029,0.0000,0.0000,0.0000,0.0000,0.0000,0.0000,0.0000,0.0000,0.0000,1,0,0,0,0,0.0000
0.7995,185.2042,0.0864,102.8924,0.0000,0.0000,0.0000,0.0000,0.0000,270.0029,0.0000,0.0000,0.0000,0.0000,0.0000,0.0000,0.0000,0.0000,0.0000,1,0,0,0,0,0.0000
0.8550,185.2042,0.0864,102.8924,0.0000,0.0000,0.0000,0.0000,0.0000,270.0029,0.0000,0.0000,0.0000,0.0000,0.0000,0.0000,0.0000,0.0000,0.0000,1,0,0,0,0,0.0000
0.9235,185.2042,0.0864,102.8924,0.0000,0.0000,0.0000,0.0000,0.0000,270.0029,0.0000,0.0000,0.0000,0.0000,0.0000,0.0000,0.0000,0.0000,0.0000,1,0,0,0,0,0.0000
0.9792,185.2042,0.0864,102.8924,0.0000,0.0000,0.0000,0.0000,0.0000,270.0029,0.0000,0.0000,0.0000,0.0000,0.0000,0.0000,0.0000,0.0000,0.0000,1,0,0,0,0,0.0000
1.0350,185.2042,0.0864,102.8924,0.0000,0.0000,0.0000,0.0000,0.0000,270.0029,0.0000,0.0000,0.0000,0.0000,0.0000,0.0000,0.0000,0.0000,0.0000,1,0,0,0,0,0.0000
1.0900,185.2042,0.0864,102.8924,0.0000,0.0000,0.0000,0.0000,0.0000,270.0029,0.0000,0.0000,0.0000,0.0000,0.0000,0.0000,0.0000,0.0000,0.0000,1,0,0,0,0,0.0000
1.1462,185.2042,0.0864,102.8924,0.0000,0.0000,0.0000,0.0000,0.0000,270.0029,0.0000,0.0000,0.0000,0.0000,0.0000,0.0000,0.0000,0.0000,0.0000,1,0,0,0,0,0.0000
1.2010,185.2042,0.0864,102.8924,0.0000,0.0000,0.0000,0.0000,0.0000,270.0029,0.0000,0.0000,0.0000,0.0000,0.0000,0.0000,0.0000,0.0000,0.0000,1,0,0,0,0,0.0000
1.2584,185.2042,0.0864,102.8924,0.0000,0.0000,0.0000,0.0000,0.0000,270.0029,0.0000,0.0000,0.0000,0.0000,0.0000,0.0000,0.0000,0.0000,0.0000,1,0,0,0,0,0.0000
1.3143,185.2042,0.0864,102.8924,0.0000,0.0000,0.0000,0.0000,0.0000,270.0029,0.0000,0.0000,0.0000,0.0000,0.0000,0.0000,0.0000,0.0000,0.0000,1,0,0,0,0,0.0000
1.3687,185.2042,0.0864,102.8924,0.0000,0.0000,0.0000,0.0000,0.0000,270.0029,0.0000,0.0000,0.0000,0.0000,0.0000,0.0000,0.0000,0.0000,0.0000,1,0,0,0,0,0.0000
1.4241,185.2042,0.0864,102.8924,0.0000,0.0000,0.0000,0.0000,0.0000,270.0029,0.0000,0.0000,0.0000,0.0000,0.0000,0.0000,0.0000,0.0000,0.0000,1,0,0,0,0,0.0000
1.4780,185.2042,0.0864,102.8924,0.0000,0.0000,0.0000,0.0000,0.0000,270.0029,0.0000,0.0000,0.0000,0.0000,0.0000,0.0000,0.0000,0.0000,0.0000,1,0,0,0,0,0.0000
1.5494,185.2042,0.0864,102.8924,0.0000,0.0000,0.0000,0.0000,0.0000,270.0029,0.0000,0.0000,0.0000,0.0000,0.0000,0.0000,0.0000,0.0000,0.0000,1,0,0,0,0,0.0000
1.6049,185.2042,0.0864,102.8924,0.0000,0.0000,0.0000,0.0000,0.0000,270.0029,0.0000,0.0000,0.0000,0.0000,0.0000,0.0000,0.0000,0.0000,0.0000,1,0,0,0,0,0.0000
1.6595,185.2042,0.0864,102.8924,0.0000,0.0000,0.0000,0.0000,0.0000,270.0029,0.0000,0.0000,0.0000,0.0000,0.0000,0.0000,0.0000,0.0000,0.0000,1,0,0,0,0,0.0000
1.7157,185.2042,0.0864,102.8924,0.0000,0.0000,0.0000,0.0000,0.0000,270.0029,0.0000,0.0000,0.0000,0.0000,0.0000,0.0000,0.0000,0.0000,0.0000,1,0,0,0,0,0.0000
1.7706,185.2042,0.0864,102.8924,0.0000,0.0000,0.0000,0.0000,0.0000,270.0029,0.0000,0.0000,0.0000,0.0000,0.0000,0.0000,0.0000,0.0000,0.0000,1,0,0,0,0,0.0000
1.8256,185.2042,0.0864,102.8924,0.0000,0.0000,0.0000,0.0000,0.0000,270.0029,0.0000,0.0000,0.0000,0.0000,0.0000,0.0000,0.0000,0.0000,0.0000,1,0,0,0,0,0.0000
1.8967,185.2042,0.0864,102.8924,0.0000,0.0000,0.0000,0.0000,0.0000,270.0029,0.0000,0.0000,0.0000,0.0000,0.0000,0.0000,0.0000,0.0000,0.0000,1,0,0,0,0,0.0000
1.9524,185.2042,0.0864,102.8924,0.0000,0.0000,0.0000,0.0000,0.0000,270.0029,0.0000,0.0000,0.0000,0.0000,0.0000,0.0000,0.0000,0.0000,0.0000,1,0,0,0,0,0.0000
2.0072,185.2042,0.0864,102.8924,0.0000,0.0000,0.0000,0.0000,0.0000,270.0029,0.0000,0.0000,0.0000,0.0000,0.0000,0.0000,0.0000,0.0000,0.0000,1,0,0,0,0,0.0000
2.0639,185.2042,0.0864,102.8924,0.0000,0.0000,0.0000,0.0000,0.0000,270.0029,0.0000,0.0000,0.0000,0.0000,0.0000,0.0000,0.0000,0.0000,0.0000,1,0,0,0,0,0.0000
2.1183,185.2042,0.0864,102.8924,0.0000,0.0000,0.0000,0.0000,0.0000,270.0029,0.0000,0.0000,0.0000,0.0000,0.0000,0.0000,0.0000,0.0000,0.0000,1,0,0,0,0,0.0000
2.1735,185.2042,0.0864,102.8924,0.0000,0.0000,0.0000,0.0000,0.0000,270.0029,0.0000,0.0000,0.0000,0.0000,0.0000,0.0000,0.0000,0.0000,0.0000,1,0,0,0,0,0.0000
2.2300,185.2042,0.0864,102.8924,0.0000,0.0000,0.0000,0.0000,0.0000,270.0029,0.0000,0.0000,0.0000,0.0000,0.0000,0.0000,0.0000,0.0000,0.0000,1,0,0,0,0,0.0000
2.2843,185.2042,0.0864,102.8924,0.0000,0.0000,0.0000,0.0000,0.0000,270.0029,0.0000,0.0000,0.0000,0.0000,0.0000,0.0000,0.0000,0.0000,0.0000,1,0,0,0,0,0.0000
2.3401,185.2042,0.0864,102.8924,0.0000,0.0000,0.0000,0.0000,0.0000,270.0029,0.0000,0.0000,0.0000,0.0000,0.0000,0.0000,0.0000,0.0000,0.0000,1,0,0,0,0,0.0000
2.3973,185.2042,0.0864,102.8924,0.0000,0.0000,0.0000,0.0000,0.0000,270.0029,0.0000,0.0000,0.0000,0.0000,0.0000,0.0000,0.0000,0.0000,0.0000,1,0,0,0,0,0.0000
2.4524,185.2042,0.0864,102.8924,0.0000,0.0000,0.0000,0.0000,0.0000,270.0029,0.0000,0.0000,0.0000,0.0000,0.0000,0.0000,0.0000,0.0000,0.0000,1,0,0,0,0,0.0000
2.5079,185.2042,0.0864,102.8924,0.0000,0.0000,0.0000,0.0000,0.0000,270.0029,0.0000,0.0000,0.0000,0.0000,0.0000,0.0000,0.0000,0.0000,0.0000,1,0,0,0,0,0.0000
2.5640,185.2042,0.0864,102.8924,0.0000,0.0000,0.0000,0.0000,0.0000,270.0029,0.0000,0.0000,0.0000,0.0000,0.0000,0.0000,0.0000,0.0000,0.0000,1,0,0,0,0,0.0000
2.6182,185.2042,0.0864,102.8924,0.0000,0.0000,0.0000,0.0000,0.0000,270.0029,0.0000,0.0000,0.0000,0.0000,0.0000,0.0000,0.0000,0.0000,0.0000,1,0,0,0,0,0.0000
2.6731,185.2042,0.0864,102.8924,0.0000,0.0000,0.0000,0.0000,0.0000,270.0029,0.0000,0.0000,0.0000,0.0000,0.0000,0.0000,0.0000,0.0000,0.0000,1,0,0,0,0,0.0000
2.7296,185.2042,0.0864,102.8924,0.0000,0.0000,0.0000,0.0000,0.0000,270.0029,0.0000,0.0000,0.0000,0.0000,0.0000,0.0000,0.0000,0.0000,0.0000,1,0,0,0,0,0.0000
2.7847,185.2042,0.0864,102.8924,0.0000,0.0000,0.0000,0.0000,0.0000,270.0029,0.0000,0.0000,0.0000,0.0000,0.0000,0.0000,0.0000,0.0000,0.0000,1,0,0,0,0,0.0000
2.8404,185.2042,0.0864,102.8924,0.0000,0.0000,0.0000,0.0000,0.0000,270.0029,0.0000,0.0000,0.0000,0.0000,0.0000,0.0000,0.0000,0.0000,0.0000,1,0,0,0,0,0.0000
2.8976,185.2042,0.0864,102.8924,0.0000,0.0000,0.0000,0.0000,0.0000,270.0029,0.0000,0.0000,0.0000,0.0000,0.0000,0.0000,0.0000,0.0000,0.0000,1,0,0,0,0,0.0000
2.9522,185.2042,0.0864,102.8924,0.0000,0.0000,0.0000,0.0000,0.0000,270.0029,0.0000,0.0000,0.0000,0.0000,0.0000,0.0000,0.0000,0.0000,0.0000,1,0,0,0,0,0.0000
3.0225,185.2042,0.0864,102.8924,0.0000,0.0000,0.0000,0.0000,0.0000,270.0029,0.0000,0.0000,0.0000,0.0000,0.0000,0.0000,0.0000,0.0000,0.0000,1,0,0,0,0,0.0000
3.0755,185.2042,0.0864,102.8924,0.0000,0.0000,0.0000,0.0000,0.0000,270.0029,0.0000,0.0000,0.0000,0.0000,0.0000,0.0000,0.0000,0.0000,0.0000,1,0,0,0,0,0.0000
3.1453,185.2042,0.0864,102.8924,0.0000,0.0000,0.0000,0.0000,0.0000,270.0029,0.0000,0.0000,0.0000,0.0000,0.0000,0.0000,0.0000,0.0000,0.0000,1,0,0,0,0,0.0000
3.2582,185.2042,0.0864,102.8924,0.0000,0.0000,0.0000,0.0000,0.0000,270.0029,0.0000,0.0000,0.0000,0.0000,0.0000,0.0000,0.0000,0.0000,0.0000,1,0,0,0,0,0.0000
3.3275,185.2042,0.0864,102.8924,0.0000,0.0000,0.0000,0.0000,0.0000,270.0029,0.0000,0.0000,0.0000,0.0000,0.0000,0.0000,0.0000,0.0000,0.0000,1,0,0,0,0,0.0000
3.3934,185.2042,0.0864,102.8924,0.0000,0.0000,0.0000,0.0000,0.0000,270.0029,0.0000,0.0000,0.0000,0.0000,0.0000,0.0000,0.0000,0.0000,0.0000,1,0,0,0,0,0.0000
3.4651,185.2042,0.0864,102.8924,0.0000,0.0000,0.0000,0.0000,0.0000,270.0029,0.0000,0.0000,0.0000,0.0000,0.0000,0.0000,0.0000,0.0000,0.0000,1,0,0,0,0,0.0000
3.5205,185.2042,0.0864,102.8924,0.0000,0.0000,0.0000,0.0000,0.0000,270.0029,0.0000,0.0000,0.0000,0.0000,0.0000,0.0000,0.0000,0.0000,0.0000,1,0,0,0,0,0.0000
3.5767,185.2042,0.0864,102.8924,0.0000,0.0000,0.0000,0.0000,0.0000,270.0029,0.0000,0.0000,0.0000,0.0000,0.0000,0.0000,0.0000,0.0000,0.0000,1,0,0,0,0,0.0000
3.6326,185.2042,0.0864,102.8924,0.0000,0.0000,0.0000,0.0000,0.0000,270.0029,0.0000,0.0000,0.0000,0.0000,0.0000,0.0000,0.0000,0.0000,0.0000,1,0,0,0,0,0.0000
3.6869,185.2042,0.0864,102.8924,0.0000,0.0000,0.0000,0.0000,0.0000,270.0029,0.0000,0.0000,0.0000,0.0000,0.0000,0.0000,0.0000,0.0000,0.0000,1,0,0,0,0,0.0000
3.7423,185.2042,0.0864,102.8924,0.0000,0.0000,0.0000,0.0000,0.0000,270.0029,0.0000,0.0000,0.0000,0.0000,0.0000,0.0000,0.0000,0.0000,0.0000,1,0,0,0,0,0.0000
3.7981,185.2042,0.0864,102.8924,0.0000,0.0000,0.0000,0.0000,0.0000,270.0029,0.0000,0.0000,0.0000,0.0000,0.0000,0.0000,0.0000,0.0000,0.0000,1,0,0,0,0,0.0000
3.8533,185.2042,0.0864,102.8924,0.0000,0.0000,0.0000,0.0000,0.0000,270.0029,0.0000,0.0000,0.0000,0.0000,0.0000,0.0000,0.0000,0.0000,0.0000,1,0,0,0,0,0.0000
3.9253,185.2042,0.0864,102.8924,0.0000,0.0000,0.0000,0.0000,0.0000,270.0029,0.0000,0.0000,0.0000,0.0000,0.0000,0.0000,0.0000,0.0000,0.0000,1,0,0,0,0,0.0000
3.9822,185.2042,0.0864,102.8924,0.0000,0.0000,0.0000,0.0000,0.0000,270.0029,0.0000,0.0000,0.0000,0.0000,0.0000,0.0000,0.0000,0.0000,0.0000,1,0,0,0,0,0.0000
4.0366,185.2042,0.0864,102.8924,0.0000,0.0000,0.0000,0.0000,0.0000,270.0029,0.0000,0.0000,0.0000,0.0000,0.0000,0.0000,0.0000,0.0000,0.0000,1,0,0,0,0,0.0000
4.0899,185.2042,0.0864,102.8924,0.0000,0.0000,0.0000,0.0000,0.0000,270.0029,0.0000,0.0000,0.0000,0.0000,0.0000,0.0000,0.0000,0.0000,0.0000,1,0,0,0,0,0.0000
4.1450,185.2042,0.0864,102.8924,0.0000,0.0000,0.0000,0.0000,0.0000,270.0029,0.0000,0.0000,0.0000,0.0000,0.0000,0.0000,0.0000,0.0000,0.0000,1,0,0,0,0,0.0000
4.2167,185.2042,0.0864,102.8924,0.0000,0.0000,0.0000,0.0000,0.0000,270.0029,0.0000,0.0000,0.0000,0.0000,0.0000,0.0000,0.0000,0.0000,0.0000,1,0,0,0,0,0.0000
4.2704,185.2042,0.0864,102.8924,0.0000,0.0000,0.0000,0.0000,0.0000,270.0029,0.0000,0.0000,0.0000,0.0000,0.0000,0.0000,0.0000,0.0000,0.0000,1,0,0,0,0,0.0000
4.3264,185.2042,0.0864,102.8924,0.0000,0.0000,0.0000,0.0000,0.0000,270.0029,0.0000,0.0000,0.0000,0.0000,0.0000,0.0000,0.0000,0.0000,0.0000,1,0,0,0,0,0.0000
4.3847,185.2042,0.0864,102.8924,0.0000,0.0000,0.0000,0.0000,0.0000,270.0029,0.0000,0.0000,0.0000,0.0000,0.0000,0.0000,0.0000,0.0000,0.0000,1,0,0,0,0,0.0000
4.4514,185.2042,0.0864,102.8924,0.0000,0.0000,0.0000,0.0000,0.0000,270.0029,0.0000,0.0000,0.0000,0.0000,0.0000,0.0000,0.0000,0.0000,0.0000,1,0,0,0,0,0.0000
4.5084,185.2042,0.0864,102.8924,0.0000,0.0000,0.0000,0.0000,0.0000,270.0029,0.0000,0.0000,0.0000,0.0000,0.0000,0.0000,0.0000,0.0000,0.0000,1,0,0,0,0,0.0000
4.5633,185.2042,0.0864,102.8924,0.0000,0.0000,0.0000,0.0000,0.0000,270.0029,0.0000,0.0000,0.0000,0.0000,0.0000,0.0000,0.0000,0.0000,0.0000,1,0,0,0,0,0.0000
4.6214,185.2042,0.0864,102.8924,0.0000,0.0000,0.0000,0.0000,0.0000,270.0029,0.0000,0.0000,0.0000,0.0000,0.0000,0.0000,0.0000,0.0000,0.0000,1,0,0,0,0,0.0000
4.6743,185.2042,0.0864,102.8924,0.0000,0.0000,0.0000,0.0000,0.0000,270.0029,0.0000,0.0000,0.0000,0.0000,0.0000,0.0000,0.0000,0.0000,0.0000,1,0,0,0,0,0.0000
4.7429,185.2042,0.0864,102.8924,0.0000,0.0000,0.0000,0.0000,0.0000,270.0029,0.0000,0.0000,0.0000,0.0000,0.0000,0.0000,0.0000,0.0000,0.0000,1,0,0,0,0,0.0000
4.7990,185.2042,0.0864,102.8924,0.0000,0.0000,0.0000,0.0000,0.0000,270.0029,0.0000,0.0000,0.0000,0.0000,0.0000,0.0000,0.0000,0.0000,0.0000,1,0,0,0,0,0.0000
4.8534,185.2042,0.0864,102.8924,0.0000,0.0000,0.0000,0.0000,0.0000,270.0029,0.0000,0.0000,0.0000,0.0000,0.0000,0.0000,0.0000,0.0000,0.0000,1,0,0,0,0,0.0000
4.9095,185.2042,0.0864,102.8924,0.0000,0.0000,0.0000,0.0000,0.0000,270.0029,0.0000,0.0000,0.0000,0.0000,0.0000,0.0000,0.0000,0.0000,0.0000,1,0,0,0,0,0.0000
4.9654,185.2042,0.0864,102.8924,0.0000,0.0000,0.0000,0.0000,0.0000,270.0029,0.0000,0.0000,0.0000,0.0000,0.0000,0.0000,0.0000,0.0000,0.0000,1,0,0,0,0,0.0000
5.0218,185.2042,0.0864,102.8924,0.0000,0.0000,0.0000,0.0000,0.0000,270.0029,0.0000,0.0000,0.0000,0.0000,0.0000,0.0000,0.0000,0.0000,0.0000,1,0,0,0,0,0.0000
5.0771,185.2042,0.0864,102.8924,0.0000,0.0000,0.0000,0.0000,0.0000,270.0029,0.0000,0.0000,0.0000,0.0000,0.0000,0.0000,0.0000,0.0000,0.0000,1,0,0,0,0,0.0000
5.1338,185.2042,0.0864,102.8924,0.0000,0.0000,0.0000,0.0000,0.0000,270.0029,0.0000,0.0000,0.0000,0.0000,0.0000,0.0000,0.0000,0.0000,0.0000,1,0,0,0,0,0.0000
5.1870,185.2042,0.0864,102.8924,0.0000,0.0000,0.0000,0.0000,0.0000,270.0029,0.0000,0.0000,0.0000,0.0000,0.0000,0.0000,0.0000,0.0000,0.0000,1,0,0,0,0,0.0000
5.2429,185.2042,0.0864,102.8924,0.0000,0.0000,0.0000,0.0000,0.0000,270.0029,0.0000,0.0000,0.0000,0.0000,0.0000,0.0000,0.0000,0.0000,0.0000,1,0,0,0,0,0.0000
5.2985,185.2042,0.0864,102.8924,0.0000,0.0000,0.0000,0.0000,0.0000,270.0029,0.0000,0.0000,0.0000,0.0000,0.0000,0.0000,0.0000,0.0000,0.0000,1,0,0,0,0,0.0000
5.3578,185.2042,0.0864,102.8924,0.0000,0.0000,0.0000,0.0000,0.0000,270.0029,0.0000,0.0000,0.0000,0.0000,0.0000,0.0000,0.0000,0.0000,0.0000,1,0,0,0,0,0.0000
5.4098,185.2042,0.0864,102.8924,0.0000,0.0000,0.0000,0.0000,0.0000,270.0029,0.0000,0.0000,0.0000,0.0000,0.0000,0.0000,0.0000,0.0000,0.0000,1,0,0,0,0,0.0000
5.4657,185.2042,0.0864,102.8924,0.0000,0.0000,0.0000,0.0000,0.0000,270.0029,0.0000,0.0000,0.0000,0.0000,0.0000,0.0000,0.0000,0.0000,0.0000,1,0,0,0,0,0.0000
5.5226,185.2042,0.0864,102.8924,0.0000,0.0000,0.0000,0.0000,0.0000,270.0029,0.0000,0.0000,0.0000,0.0000,0.0000,0.0000,0.0000,0.0000,0.0000,1,0,0,0,0,0.0000
5.5754,185.2042,0.0864,102.8924,0.0000,0.0000,0.0000,0.0000,0.0000,270.0029,0.0000,0.0000,0.0000,0.0000,0.0000,0.0000,0.0000,0.0000,0.0000,1,0,0,0,0,0.0000
5.6331,185.2042,0.0864,102.8924,0.0000,0.0000,0.0000,0.0000,0.0000,270.0029,0.0000,0.0000,0.0000,0.0000,0.0000,0.0000,0.0000,0.0000,0.0000,1,0,0,0,0,0.0000
5.6877,185.2042,0.0864,102.8924,0.0000,0.0000,0.0000,0.0000,0.0000,270.0029,0.0000,0.0000,0.0000,0.0000,0.0000,0.0000,0.0000,0.0000,0.0000,1,0,0,0,0,0.0000
5.7426,185.2042,0.0864,102.8924,0.0000,0.0000,0.0000,0.0000,0.0000,270.0029,0.0000,0.0000,0.0000,0.0000,0.0000,0.0000,0.0000,0.0000,0.0000,1,0,0,0,0,0.0000
5.7997,185.2042,0.0864,102.8924,0.0000,0.0000,0.0000,0.0000,0.0000,270.0029,0.0000,0.0000,0.0000,0.0000,0.0000,0.0000,0.0000,0.0000,0.0000,1,0,0,0,0,0.0000
5.8559,185.2042,0.0864,102.8924,0.0000,0.0000,0.0000,0.0000,0.0000,270.0029,0.0000,0.0000,0.0000,0.0000,0.0000,0.0000,0.0000,0.0000,0.0000,1,0,0,0,0,0.0000
5.9100,185.2042,0.0864,102.8924,0.0000,0.0000,0.0000,0.0000,0.0000,270.0029,0.0000,0.0000,0.0000,0.0000,0.0000,0.0000,0.0000,0.0000,0.0000,1,0,0,0,0,0.0000
5.9648,185.2042,0.0864,102.8924,0.0000,0.0000,0.0000,0.0000,0.0000,270.0029,0.0000,0.0000,0.0000,0.0000,0.0000,0.0000,0.0000,0.0000,0.0000,1,0,0,0,0,0.0000
6.0353,185.2042,0.0864,102.8924,0.0000,0.0000,0.0000,0.0000,0.0000,270.0029,0.0000,0.0000,0.0000,0.0000,0.0000,0.0000,0.0000,0.0000,0.0000,1,0,0,0,0,0.0000
6.0904,185.2042,0.0864,102.8924,0.0000,0.0000,0.0000,0.0000,0.0000,270.0029,0.0000,0.0000,0.0000,0.0000,0.0000,0.0000,0.0000,0.0000,0.0000,1,0,0,0,0,0.0000
6.1470,185.2042,0.0864,102.8924,0.0000,0.0000,0.0000,0.0000,0.0000,270.0029,0.0000,0.0000,0.0000,0.0000,0.0000,0.0000,0.0000,0.0000,0.0000,1,0,0,0,0,0.0000
6.2007,185.2042,0.0864,102.8924,0.0000,0.0000,0.0000,0.0000,0.0000,270.0029,0.0000,0.0000,0.0000,0.0000,0.0000,0.0000,0.0000,0.0000,0.0000,1,0,0,0,0,0.0000
6.2575,185.2042,0.0864,102.8924,0.0000,0.0000,0.0000,0.0000,0.0000,270.0029,0.0000,0.0000,0.0000,0.0000,0.0000,0.0000,0.0000,0.0000,0.0000,1,0,0,0,0,0.0000
6.3124,185.2042,0.0864,102.8924,0.0000,0.0000,0.0000,0.0000,0.0000,270.0029,0.0000,0.0000,0.0000,0.0000,0.0000,0.0000,0.0000,0.0000,0.0000,1,0,0,0,0,0.0000
6.3679,185.2042,0.0864,102.8924,0.0000,0.0000,0.0000,0.0000,0.0000,270.0029,0.0000,0.0000,0.0000,0.0000,0.0000,0.0000,0.0000,0.0000,0.0000,1,0,0,0,0,0.0000
6.4376,185.2042,0.0864,102.8924,0.0000,0.0000,0.0000,0.0000,0.0000,270.0029,0.0000,0.0000,0.0000,0.0000,0.0000,0.0000,0.0000,0.0000,0.0000,1,0,0,0,0,0.0000
6.4927,185.2042,0.0864,102.8924,0.0000,0.0000,0.0000,0.0000,0.0000,270.0029,0.0000,0.0000,0.0000,0.0000,0.0000,0.0000,0.0000,0.0000,0.0000,1,0,0,0,0,0.0000
6.5496,185.2042,0.0864,102.8924,0.0000,0.0000,0.0000,0.0000,0.0000,270.0029,0.0000,0.0000,0.0000,0.0000,0.0000,0.0000,0.0000,0.0000,0.0000,1,0,0,0,0,0.0000
6.6040,185.2042,0.0864,102.8924,0.0000,0.0000,0.0000,0.0000,0.0000,270.0029,0.0000,0.0000,0.0000,0.0000,0.0000,0.0000,0.0000,0.0000,0.0000,1,0,0,0,0,0.0000
6.6613,185.2042,0.0864,102.8924,0.0000,0.0000,0.0000,0.0000,0.0000,270.0029,0.0000,0.0000,0.0000,0.0000,0.0000,0.0000,0.0000,0.0000,0.0000,1,0,0,0,0,0.0000
6.7145,185.2042,0.0864,102.8924,0.0000,0.0000,0.0000,0.0000,0.0000,270.0029,0.0000,0.0000,0.0000,0.0000,0.0000,0.0000,0.0000,0.0000,0.0000,1,0,0,0,0,0.0000
6.7706,185.2042,0.0864,102.8924,0.0000,0.0000,0.0000,0.0000,0.0000,270.0029,0.0000,0.0000,0.0000,0.0000,0.0000,0.0000,0.0000,0.0000,0.0000,1,0,0,0,0,0.0000
6.8413,185.2042,0.0864,102.8924,0.0000,0.0000,0.0000,0.0000,0.0000,270.0029,0.0000,0.0000,0.0000,0.0000,0.0000,0.0000,0.0000,0.0000,0.0000,1,0,0,0,0,0.0000
6.8953,185.2042,0.0864,102.8924,0.0000,0.0000,0.0000,0.0000,0.0000,270.0029,0.0000,0.0000,0.0000,0.0000,0.0000,0.0000,0.0000,0.0000,0.0000,1,0,0,0,0,0.0000
6.9533,185.2042,0.0864,102.8924,0.0000,0.0000,0.0000,0.0000,0.0000,270.0029,0.0000,0.0000,0.0000,0.0000,0.0000,0.0000,0.0000,0.0000,0.0000,1,0,0,0,0,0.0000
7.0098,185.2042,0.0864,102.8924,0.0000,0.0000,0.0000,0.0000,0.0000,270.0029,0.0000,0.0000,0.0000,0.0000,0.0000,0.0000,0.0000,0.0000,0.0000,1,0,0,0,0,0.0000
7.0627,185.2042,0.0864,102.8924,0.0000,0.0000,0.0000,0.0000,0.0000,270.0029,0.0000,0.0000,0.0000,0.0000,0.0000,0.0000,0.0000,0.0000,0.0000,1,0,0,0,0,0.0000
7.1183,185.2042,0.0864,102.8924,0.0000,0.0000,0.0000,0.0000,0.0000,270.0029,0.0000,0.0000,0.0000,0.0000,0.0000,0.0000,0.0000,0.0000,0.0000,1,0,0,0,0,0.0000
7.1732,185.2042,0.0864,102.8924,0.0000,0.0000,0.0000,0.0000,0.0000,270.0029,0.0000,0.0000,0.0000,0.0000,0.0000,0.0000,0.0000,0.0000,0.0000,1,0,0,0,0,0.0000
7.2297,185.2042,0.0864,102.8924,0.0000,0.0000,0.0000,0.0000,0.0000,270.0029,0.0000,0.0000,0.0000,0.0000,0.0000,0.0000,0.0000,0.0000,0.0000,1,0,0,0,0,0.0000
7.2866,185.2042,0.0864,102.8924,0.0000,0.0000,0.0000,0.0000,0.0000,270.0029,0.0000,0.0000,0.0000,0.0000,0.0000,0.0000,0.0000,0.0000,0.0000,1,0,0,0,0,0.0000
7.3414,185.2042,0.0864,102.8924,0.0000,0.0000,0.0000,0.0000,0.0000,270.0029,0.0000,0.0000,0.0000,0.0000,0.0000,0.0000,0.0000,0.0000,0.0000,1,0,0,0,0,0.0000
7.3959,185.2042,0.0864,102.8924,0.0000,0.0000,0.0000,0.0000,0.0000,270.0029,0.0000,0.0000,0.0000,0.0000,0.0000,0.0000,0.0000,0.0000,0.0000,1,0,0,0,0,0.0000
7.4513,185.2042,0.0864,102.8924,0.0000,0.0000,0.0000,0.0000,0.0000,270.0029,0.0000,0.0000,0.0000,0.0000,0.0000,0.0000,0.0000,0.0000,0.0000,1,0,0,0,0,0.0000
7.5088,185.2042,0.0864,102.8924,0.0000,0.0000,0.0000,0.0000,0.0000,270.0029,0.0000,0.0000,0.0000,0.0000,0.0000,0.0000,0.0000,0.0000,0.0000,1,0,0,0,0,0.0000
7.5622,185.2042,0.0864,102.8924,0.0000,0.0000,0.0000,0.0000,0.0000,270.0029,0.0000,0.0000,0.0000,0.0000,0.0000,0.0000,0.0000,0.0000,0.0000,1,0,0,0,0,0.0000
7.6171,185.2042,0.0864,102.8924,0.0000,0.0000,0.0000,0.0000,0.0000,270.0029,0.0000,0.0000,0.0000,0.0000,0.0000,0.0000,0.0000,0.0000,0.0000,1,0,0,0,0,0.0000
7.6730,185.2042,0.0864,102.8924,0.0000,0.0000,0.0000,0.0000,0.0000,270.0029,0.0000,0.0000,0.0000,0.0000,0.0000,0.0000,0.0000,0.0000,0.0000,1,0,0,0,0,0.0000
7.7297,185.2042,0.0864,102.8924,0.0000,0.0000,0.0000,0.0000,0.0000,270.0029,0.0000,0.0000,0.0000,0.0000,0.0000,0.0000,0.0000,0.0000,0.0000,1,0,0,0,0,0.0000
7.7857,185.2042,0.0864,102.8924,0.0000,0.0000,0.0000,0.0000,0.0000,270.0029,0.0000,0.0000,0.0000,0.0000,0.0000,0.0000,0.0000,0.0000,0.0000,1,0,0,0,0,0.0000
7.8396,185.2042,0.0864,102.8924,0.0000,0.0000,0.0000,0.0000,0.0000,270.0029,0.0000,0.0000,0.0000,0.0000,0.0000,0.0000,0.0000,0.0000,0.0000,1,0,0,0,0,0.0000
7.9901,185.2042,0.0864,102.8924,0.0000,0.0000,0.0000,0.0000,0.0000,270.0029,0.0000,0.0000,0.0000,0.0000,0.0000,0.0000,0.0000,0.0000,0.0000,1,0,0,0,0,0.0000
8.0483,185.2042,0.0864,102.8924,0.0000,0.0000,0.0000,0.0000,0.0000,270.0029,0.0000,0.0000,0.0000,0.0000,0.0000,0.0000,0.0000,0.0000,0.0000,1,0,0,0,0,0.0000
8.1091,185.2042,0.0864,102.8924,0.0000,0.0000,0.0000,0.0000,0.0000,270.0029,0.0000,0.0000,0.0000,0.0000,0.0000,0.0000,0.0000,0.0000,0.0000,1,0,0,0,0,0.0000
8.1606,185.2042,0.0864,102.8924,0.0000,0.0000,0.0000,0.0000,0.0000,270.0029,0.0000,0.0000,0.0000,0.0000,0.0000,0.0000,0.0000,0.0000,0.0000,1,0,0,0,0,0.0000
8.2159,185.2042,0.0864,102.8924,0.0000,0.0000,0.0000,0.0000,0.0000,270.0029,0.0000,0.0000,0.0000,0.0000,0.0000,0.0000,0.0000,0.0000,0.0000,1,0,0,0,0,0.0000
8.2705,185.2042,0.0864,102.8924,0.0000,0.0000,0.0000,0.0000,0.0000,270.0029,0.0000,0.0000,0.0000,0.0000,0.0000,0.0000,0.0000,0.0000,0.0000,1,0,0,0,0,0.0000
8.3267,185.2042,0.0864,102.8924,0.0000,0.0000,0.0000,0.0000,0.0000,270.0029,0.0000,0.0000,0.0000,0.0000,0.0000,0.0000,0.0000,0.0000,0.0000,1,0,0,0,0,0.0000
8.3818,185.2042,0.0864,102.8924,0.0000,0.0000,0.0000,0.0000,0.0000,270.0029,0.0000,0.0000,0.0000,0.0000,0.0000,0.0000,0.0000,0.0000,0.0000,1,0,0,0,0,0.0000
8.4390,185.2042,0.0864,102.8924,0.0000,0.0000,0.0000,0.0000,0.0000,270.0029,0.0000,0.0000,0.0000,0.0000,0.0000,0.0000,0.0000,0.0000,0.0000,1,0,0,0,0,0.0000
8.5084,185.2042,0.0864,102.8924,0.0000,0.0000,0.0000,0.0000,0.0000,270.0029,0.0000,0.0000,0.0000,0.0000,0.0000,0.0000,0.0000,0.0000,0.0000,1,0,0,0,0,0.0000
8.5637,185.2042,0.0864,102.8924,0.0000,0.0000,0.0000,0.0000,0.0000,270.0029,0.0000,0.0000,0.0000,0.0000,0.0000,0.0000,0.0000,0.0000,0.0000,1,0,0,0,0,0.0000
8.6183,185.2042,0.0864,102.8924,0.0000,0.0000,0.0000,0.0000,0.0000,270.0029,0.0000,0.0000,0.0000,0.0000,0.0000,0.0000,0.0000,0.0000,0.0000,1,0,0,0,0,0.0000
8.6732,185.2042,0.0864,102.8924,0.0000,0.0000,0.0000,0.0000,0.0000,270.0029,0.0000,0.0000,0.0000,0.0000,0.0000,0.0000,0.0000,0.0000,0.0000,1,0,0,0,0,0.0000
8.7441,185.2042,0.0864,102.8924,0.0000,0.0000,0.0000,0.0000,0.0000,270.0029,0.0000,0.0000,0.0000,0.0000,0.0000,0.0000,0.0000,0.0000,0.0000,1,0,0,0,0,0.0000
8.7982,185.2042,0.0864,102.8924,0.0000,0.0000,0.0000,0.0000,0.0000,270.0029,0.0000,0.0000,0.0000,0.0000,0.0000,0.0000,0.0000,0.0000,0.0000,1,0,0,0,0,0.0000
8.8563,185.2042,0.0864,102.8924,0.0000,0.0000,0.0000,0.0000,0.0000,270.0029,0.0000,0.0000,0.0000,0.0000,0.0000,0.0000,0.0000,0.0000,0.0000,1,0,0,0,0,0.0000
8.9095,185.2042,0.0864,102.8924,0.0000,0.0000,0.0000,0.0000,0.0000,270.0029,0.0000,0.0000,0.0000,0.0000,0.0000,0.0000,0.0000,0.0000,0.0000,1,0,0,0,0,0.0000
9.2752,185.2042,0.0864,102.8924,0.0000,0.0000,0.0000,0.0000,0.0000,270.0029,0.0000,0.0000,0.0000,0.0000,0.0000,0.0000,0.0000,0.0000,0.0000,1,0,0,0,0,0.0000
9.3430,185.2042,0.0864,102.8924,0.0000,0.0000,0.0000,0.0000,0.0000,270.0029,0.0000,0.0000,0.0000,0.0000,0.0000,0.0000,0.0000,0.0000,0.0000,1,0,0,0,0,0.0000
9.3979,185.2042,0.0864,102.8924,0.0000,0.0000,0.0000,0.0000,0.0000,270.0029,0.0000,0.0000,0.0000,0.0000,0.0000,0.0000,0.0000,0.0000,0.0000,1,0,0,0,0,0.0000
9.4531,185.2042,0.0864,102.8924,0.0000,0.0000,0.0000,0.0000,0.0000,270.0029,0.0000,0.0000,0.0000,0.0000,0.0000,0.0000,0.0000,0.0000,0.0000,1,0,0,0,0,0.0000
9.5087,185.2042,0.0864,102.8924,0.0000,0.0000,0.0000,0.0000,0.0000,270.0029,0.0000,0.0000,0.0000,0.0000,0.0000,0.0000,0.0000,0.0000,0.0000,1,0,0,0,0,0.0000
9.5793,185.2042,0.0864,102.8924,0.0000,0.0000,0.0000,0.0000,0.0000,270.0029,0.0000,0.0000,0.0000,0.0000,0.0000,0.0000,0.0000,0.0000,0.0000,1,0,0,0,0,0.0000
9.6351,185.2042,0.0864,102.8924,0.0000,0.0000,0.0000,0.0000,0.0000,270.0029,0.0000,0.0000,0.0000,0.0000,0.0000,0.0000,0.0000,0.0000,0.0000,1,0,0,0,0,0.0000
9.6904,185.2042,0.0864,102.8924,0.0000,0.0000,0.0000,0.0000,0.0000,270.0029,0.0000,0.0000,0.0000,0.0000,0.0000,0.0000,0.0000,0.0000,0.0000,1,0,0,0,0,0.0000
9.7593,185.2042,0.0864,102.8924,0.0000,0.0000,0.0000,0.0000,0.0000,270.0029,0.0000,0.0000,0.0000,0.0000,0.0000,0.0000,0.0000,0.0000,0.0000,1,0,0,0,0,0.0000
9.8149,185.2042,0.0864,102.8924,0.0000,0.0000,0.0000,0.0000,0.0000,270.0029,0.0000,0.0000,0.0000,0.0000,0.0000,0.0000,0.0000,0.0000,0.0000,1,0,0,0,0,0.0000
9.8856,185.2042,0.0864,102.8924,0.0000,0.0000,0.0000,0.0000,0.0000,270.0029,0.0000,0.0000,0.0000,0.0000,0.0000,0.0000,0.0000,0.0000,0.0000,1,0,0,0,0,0.0000
9.9399,185.2042,0.0864,102.8924,0.0000,0.0000,0.0000,0.0000,0.0000,270.0029,0.0000,0.0000,0.0000,0.0000,0.0000,0.0000,0.0000,0.0000,0.0000,1,0,0,0,0,0.0000
10.0091,185.2042,0.0864,102.8924,0.0000,0.0000,0.0000,0.0000,0.0000,270.0029,0.0000,0.0000,0.0000,0.0000,0.0000,0.0000,0.0000,0.0000,0.0000,1,0,0,0,0,0.0000
10.0648,185.2042,0.0864,102.8924,0.0000,0.0000,0.0000,0.0000,0.0000,270.0029,0.0000,0.0000,0.0000,0.0000,0.0000,0.0000,0.0000,0.0000,0.0000,1,0,0,0,0,0.0000
10.4158,185.2042,0.0864,102.8924,0.0000,0.0000,0.0000,0.0000,0.0000,270.0029,0.0000,0.0000,0.0000,0.0000,0.0000,0.0000,0.0000,0.0000,0.0000,1,0,0,0,0,0.0000
10.4973,185.2042,0.0864,102.8924,0.0000,0.0000,0.0000,0.0000,0.0000,270.0029,0.0000,0.0000,0.0000,0.0000,0.0000,0.0000,0.0000,0.0000,0.0000,1,0,0,0,0,0.0000
10.5535,185.2042,0.0864,102.8924,0.0000,0.0000,0.0000,0.0000,0.0000,270.0029,0.0000,0.0000,0.0000,0.0000,0.0000,0.0000,0.0000,0.0000,0.0000,1,0,0,0,0,0.0000
10.6101,185.2042,0.0864,102.8924,0.0000,0.0000,0.0000,0.0000,0.0000,270.0029,0.0000,0.0000,0.0000,0.0000,0.0000,0.0000,0.0000,0.0000,0.0000,1,0,0,0,0,0.0000
10.6668,185.2042,0.0864,102.8924,0.0000,0.0000,0.0000,0.0000,0.0000,270.0029,0.0000,0.0000,0.0000,0.0000,0.0000,0.0000,0.0000,0.0000,0.0000,1,0,0,0,0,0.0000
10.7214,185.2042,0.0864,102.8924,0.0000,0.0000,0.0000,0.0000,0.0000,270.0029,0.0000,0.0000,0.0000,0.0000,0.0000,0.0000,0.0000,0.0000,0.0000,1,0,0,0,0,0.0000
10.7778,185.2042,0.0864,102.8924,0.0000,0.0000,0.0000,0.0000,0.0000,270.0029,0.0000,0.0000,0.0000,0.0000,0.0000,0.0000,0.0000,0.0000,0.0000,1,0,0,0,0,0.0000
10.8320,185.2042,0.0864,102.8924,0.0000,0.0000,0.0000,0.0000,0.0000,270.0029,0.0000,0.0000,0.0000,0.0000,0.0000,0.0000,0.0000,0.0000,0.0000,1,0,0,0,0,0.0000
10.8886,185.2042,0.0864,102.8924,0.0000,0.0000,0.0000,0.0000,0.0000,270.0029,0.0000,0.0000,0.0000,0.0000,0.0000,0.0000,0.0000,0.0000,0.0000,1,0,0,0,0,0.0000
10.9564,185.2042,0.0864,102.8924,0.0000,0.0000,0.0000,0.0000,0.0000,270.0029,0.0000,0.0000,0.0000,0.0000,0.0000,0.0000,0.0000,0.0000,0.0000,1,0,0,0,0,0.0000
11.0123,185.2042,0.0864,102.8924,0.0000,0.0000,0.0000,0.0000,0.0000,270.0029,0.0000,0.0000,0.0000,0.0000,0.0000,0.0000,0.0000,0.0000,0.0000,1,0,0,0,0,0.0000
11.0682,185.2042,0.0864,102.8924,0.0000,0.0000,0.0000,0.0000,0.0000,270.0029,0.0000,0.0000,0.0000,0.0000,0.0000,0.0000,0.0000,0.0000,0.0000,1,0,0,0,0,0.0000
11.1250,185.2042,0.0864,102.8924,0.0000,0.0000,0.0000,0.0000,0.0000,270.0029,0.0000,0.0000,0.0000,0.0000,0.0000,0.0000,0.0000,0.0000,0.0000,1,0,0,0,0,0.0000
11.1796,185.2042,0.0864,102.8924,0.0000,0.0000,0.0000,0.0000,0.0000,270.0029,0.0000,0.0000,0.0000,0.0000,0.0000,0.0000,0.0000,0.0000,0.0000,1,0,0,0,0,0.0000
11.2492,185.2042,0.0864,102.8924,0.0000,0.0000,0.0000,0.0000,0.0000,270.0029,0.0000,0.0000,0.0000,0.0000,0.0000,0.0000,0.0000,0.0000,0.0000,1,0,0,0,0,0.0000
11.3046,185.2042,0.0864,102.8924,0.0000,0.0000,0.0000,0.0000,0.0000,270.0029,0.0000,0.0000,0.0000,0.0000,0.0000,0.0000,0.0000,0.0000,0.0000,1,0,0,0,0,0.0000
11.3619,185.2042,0.0864,102.8924,0.0000,0.0000,0.0000,0.0000,0.0000,270.0029,0.0000,0.0000,0.0000,0.0000,0.0000,0.0000,0.0000,0.0000,0.0000,1,0,0,0,0,0.0000
11.4173,185.2042,0.0864,102.8924,0.0000,0.0000,0.0000,0.0000,0.0000,270.0029,0.0000,0.0000,0.0000,0.0000,0.0000,0.0000,0.0000,0.0000,0.0000,1,0,0,0,0,0.0000
11.4702,185.2042,0.0864,102.8924,0.0000,0.0000,0.0000,0.0000,0.0000,270.0029,0.0000,0.0000,0.0000,0.0000,0.0000,0.0000,0.0000,0.0000,0.0000,1,0,0,0,0,0.0000
11.5279,185.2042,0.0864,102.8924,0.0000,0.0000,0.0000,0.0000,0.0000,270.0029,0.0000,0.0000,0.0000,0.0000,0.0000,0.0000,0.0000,0.0000,0.0000,1,0,0,0,0,0.0000
11.5838,185.2042,0.0864,102.8924,0.0000,0.0000,0.0000,0.0000,0.0000,270.0029,0.0000,0.0000,0.0000,0.0000,0.0000,0.0000,0.0000,0.0000,0.0000,1,0,0,0,0,0.0000
11.6521,185.2042,0.0864,102.8924,0.0000,0.0000,0.0000,0.0000,0.0000,270.0029,0.0000,0.0000,0.0000,0.0000,0.0000,0.0000,0.0000,0.0000,0.0000,1,0,0,0,0,0.0000
11.7070,185.2042,0.0864,102.8924,0.0000,0.0000,0.0000,0.0000,0.0000,270.0029,0.0000,0.0000,0.0000,0.0000,0.0000,0.0000,0.0000,0.0000,0.0000,1,0,0,0,0,0.0000
11.7639,185.2042,0.0864,102.8924,0.0000,0.0000,0.0000,0.0000,0.0000,270.0029,0.0000,0.0000,0.0000,0.0000,0.0000,0.0000,0.0000,0.0000,0.0000,1,0,0,0,0,0.0000
11.8189,185.2042,0.0864,102.8924,0.0000,0.0000,0.0000,0.0000,0.0000,270.0029,0.0000,0.0000,0.0000,0.0000,0.0000,0.0000,0.0000,0.0000,0.0000,1,0,0,0,0,0.0000
11.8744,185.2042,0.0864,102.8924,0.0000,0.0000,0.0000,0.0000,0.0000,270.0029,0.0000,0.0000,0.0000,0.0000,0.0000,0.0000,0.0000,0.0000,0.0000,1,0,0,0,0,0.0000
11.9299,185.2042,0.0864,102.8924,0.0000,0.0000,0.0000,0.0000,0.0000,270.0029,0.0000,0.0000,0.0000,0.0000,0.0000,0.0000,0.0000,0.0000,0.0000,1,0,0,0,0,0.0000
11.9847,185.2042,0.0864,102.8924,0.0000,0.0000,0.0000,0.0000,0.0000,270.0029,0.0000,0.0000,0.0000,0.0000,0.0000,0.0000,0.0000,0.0000,0.0000,1,0,0,0,0,0.0000
12.0402,185.2042,0.0864,102.8924,0.0000,0.0000,0.0000,0.0000,0.0000,270.0029,0.0000,0.0000,0.0000,0.0000,0.0000,0.0000,0.0000,0.0000,0.0000,1,0,0,0,0,0.0000
12.0984,185.2042,0.0864,102.8924,0.0000,0.0000,0.0000,0.0000,0.0000,270.0029,0.0000,0.0000,0.0000,0.0000,0.0000,0.0000,0.0000,0.0000,0.0000,1,0,0,0,0,0.0000
12.1534,185.2042,0.0864,102.8924,0.0000,0.0000,0.0000,0.0000,0.0000,270.0029,0.0000,0.0000,0.0000,0.0000,0.0000,0.0000,0.0000,0.0000,0.0000,1,0,0,0,0,0.0000
12.2075,185.2042,0.0864,102.8924,0.0000,0.0000,0.0000,0.0000,0.0000,270.0029,0.0000,0.0000,0.0000,0.0000,0.0000,0.0000,0.0000,0.0000,0.0000,1,0,0,0,0,0.0000
12.2629,185.2042,0.0864,102.8924,0.0000,0.0000,0.0000,0.0000,0.0000,270.0029,0.0000,0.0000,0.0000,0.0000,0.0000,0.0000,0.0000,0.0000,0.0000,1,0,0,0,0,0.0000
12.3173,185.2042,0.0864,102.8924,0.0000,0.0000,0.0000,0.0000,0.0000,270.0029,0.0000,0.0000,0.0000,0.0000,0.0000,0.0000,0.0000,0.0000,0.0000,1,0,0,0,0,0.0000
12.3872,185.2042,0.0864,102.8924,0.0000,0.0000,0.0000,0.0000,0.0000,270.0029,0.0000,0.0000,0.0000,0.0000,0.0000,0.0000,0.0000,0.0000,0.0000,1,0,0,0,0,0.0000
12.4439,185.2042,0.0864,102.8924,0.0000,0.0000,0.0000,0.0000,0.0000,270.0029,0.0000,0.0000,0.0000,0.0000,0.0000,0.0000,0.0000,0.0000,0.0000,1,0,0,0,0,0.0000
12.5001,185.2042,0.0864,102.8924,0.0000,0.0000,0.0000,0.0000,0.0000,270.0029,0.0000,0.0000,0.0000,0.0000,0.0000,0.0000,0.0000,0.0000,0.0000,1,0,0,0,0,0.0000
12.5555,185.2042,0.0864,102.8924,0.0000,0.0000,0.0000,0.0000,0.0000,270.0029,0.0000,0.0000,0.0000,0.0000,0.0000,0.0000,0.0000,0.0000,0.0000,1,0,0,0,0,0.0000
12.6105,185.2042,0.0864,102.8924,0.0000,0.0000,0.0000,0.0000,0.0000,270.0029,0.0000,0.0000,0.0000,0.0000,0.0000,0.0000,0.0000,0.0000,0.0000,1,0,0,0,0,0.0000
12.6668,185.2042,0.0864,102.8924,0.0000,0.0000,0.0000,0.0000,0.0000,270.0029,0.0000,0.0000,0.0000,0.0000,0.0000,0.0000,0.0000,0.0000,0.0000,1,0,0,0,0,0.0000
12.7204,185.2042,0.0864,102.8924,0.0000,0.0000,0.0000,0.0000,0.0000,270.0029,0.0000,0.0000,0.0000,0.0000,0.0000,0.0000,0.0000,0.0000,0.0000,1,0,0,0,0,0.0000
12.7776,185.2042,0.0864,102.8924,0.0000,0.0000,0.0000,0.0000,0.0000,270.0029,0.0000,0.0000,0.0000,0.0000,0.0000,0.0000,0.0000,0.0000,0.0000,1,0,0,0,0,0.0000
12.8479,185.2042,0.0864,102.8924,0.0000,0.0000,0.0000,0.0000,0.0000,270.0029,0.0000,0.0000,0.0000,0.0000,0.0000,0.0000,0.0000,0.0000,0.0000,1,0,0,0,0,0.0000
12.9016,185.2042,0.0864,102.8924,0.0000,0.0000,0.0000,0.0000,0.0000,270.0029,0.0000,0.0000,0.0000,0.0000,0.0000,0.0000,0.0000,0.0000,0.0000,1,0,0,0,0,0.0000
12.9572,185.2042,0.0864,102.8924,0.0000,0.0000,0.0000,0.0000,0.0000,270.0029,0.0000,0.0000,0.0000,0.0000,0.0000,0.0000,0.0000,0.0000,0.0000,1,0,0,0,0,0.0000
13.0132,185.2042,0.0864,102.8924,0.0000,0.0000,0.0000,0.0000,0.0000,270.0029,0.0000,0.0000,0.0000,0.0000,0.0000,0.0000,0.0000,0.0000,0.0000,1,0,0,0,0,0.0000
13.0678,185.2042,0.0864,102.8924,0.0000,0.0000,0.0000,0.0000,0.0000,270.0029,0.0000,0.0000,0.0000,0.0000,0.0000,0.0000,0.0000,0.0000,0.0000,1,0,0,0,0,0.0000
13.1379,185.2042,0.0864,102.8924,0.0000,0.0000,0.0000,0.0000,0.0000,270.0029,0.0000,0.0000,0.0000,0.0000,0.0000,0.0000,0.0000,0.0000,0.0000,1,0,0,0,0,0.0000
13.1954,185.2042,0.0864,102.8924,0.0000,0.0000,0.0000,0.0000,0.0000,270.0029,0.0000,0.0000,0.0000,0.0000,0.0000,0.0000,0.0000,0.0000,0.0000,1,0,0,0,0,0.0000
13.2487,185.2042,0.0864,102.8924,0.0000,0.0000,0.0000,0.0000,0.0000,270.0029,0.0000,0.0000,0.0000,0.0000,0.0000,0.0000,0.0000,0.0000,0.0000,1,0,0,0,0,0.0000
13.3034,185.2042,0.0864,102.8924,0.0000,0.0000,0.0000,0.0000,0.0000,270.0029,0.0000,0.0000,0.0000,0.0000,0.0000,0.0000,0.0000,0.0000,0.0000,1,0,0,0,0,0.0000
13.3599,185.2042,0.0864,102.8924,0.0000,0.0000,0.0000,0.0000,0.0000,270.0029,0.0000,0.0000,0.0000,0.0000,0.0000,0.0000,0.0000,0.0000,0.0000,1,0,0,0,0,0.0000
13.4159,185.2042,0.0864,102.8924,0.0000,0.0000,0.0000,0.0000,0.0000,270.0029,0.0000,0.0000,0.0000,0.0000,0.0000,0.0000,0.0000,0.0000,0.0000,1,0,0,0,0,0.0000
13.4727,185.2042,0.0864,102.8924,0.0000,0.0000,0.0000,0.0000,0.0000,270.0029,0.0000,0.0000,0.0000,0.0000,0.0000,0.0000,0.0000,0.0000,0.0000,1,0,0,0,0,0.0000
13.5268,185.2042,0.0864,102.8924,0.0000,0.0000,0.0000,0.0000,0.0000,270.0029,0.0000,0.0000,0.0000,0.0000,0.0000,0.0000,0.0000,0.0000,0.0000,1,0,0,0,0,0.0000
13.5817,185.2042,0.0864,102.8924,0.0000,0.0000,0.0000,0.0000,0.0000,270.0029,0.0000,0.0000,0.0000,0.0000,0.0000,0.0000,0.0000,0.0000,0.0000,1,0,0,0,0,0.0000
13.6374,185.2042,0.0864,102.8924,0.0000,0.0000,0.0000,0.0000,0.0000,270.0029,0.0000,0.0000,0.0000,0.0000,0.0000,0.0000,0.0000,0.0000,0.0000,1,0,0,0,0,0.0000
13.6933,185.2042,0.0864,102.8924,0.0000,0.0000,0.0000,0.0000,0.0000,270.0029,0.0000,0.0000,0.0000,0.0000,0.0000,0.0000,0.0000,0.0000,0.0000,1,0,0,0,0,0.0000
13.7480,185.2042,0.0864,102.8924,0.0000,0.0000,0.0000,0.0000,0.0000,270.0029,0.0000,0.0000,0.0000,0.0000,0.0000,0.0000,0.0000,0.0000,0.0000,1,0,0,0,0,0.0000
13.8184,185.2042,0.0864,102.8924,0.0000,0.0000,0.0000,0.0000,0.0000,270.0029,0.0000,0.0000,0.0000,0.0000,0.0000,0.0000,0.0000,0.0000,0.0000,1,0,0,0,0,0.0000
13.8731,185.2042,0.0864,102.8924,0.0000,0.0000,0.0000,0.0000,0.0000,270.0029,0.0000,0.0000,0.0000,0.0000,0.0000,0.0000,0.0000,0.0000,0.0000,1,0,0,0,0,0.0000
13.9461,185.2042,0.0864,102.8924,0.0000,0.0000,0.0000,0.0000,0.0000,270.0029,0.0000,0.0000,0.0000,0.0000,0.0000,0.0000,0.0000,0.0000,0.0000,1,0,0,0,0,0.0000
13.9987,185.2042,0.0864,102.8924,0.0000,0.0000,0.0000,0.0000,0.0000,270.0029,0.0000,0.0000,0.0000,0.0000,0.0000,0.0000,0.0000,0.0000,0.0000,1,0,0,0,0,0.0000
14.0556,185.2042,0.0864,102.8924,0.0000,0.0000,0.0000,0.0000,0.0000,270.0029,0.0000,0.0000,0.0000,0.0000,0.0000,0.0000,0.0000,0.0000,0.0000,1,0,0,0,0,0.0000
14.1094,185.2042,0.0864,102.8924,0.0000,0.0000,0.0000,0.0000,0.0000,270.0029,0.0000,0.0000,0.0000,0.0000,0.0000,0.0000,0.0000,0.0000,0.0000,1,0,0,0,0,0.0000
14.1645,185.2042,0.0864,102.8924,0.0000,0.0000,0.0000,0.0000,0.0000,270.0029,0.0000,0.0000,0.0000,0.0000,0.0000,0.0000,0.0000,0.0000,0.0000,1,0,0,0,0,0.0000
14.2343,185.2042,0.0864,102.8924,0.0000,0.0000,0.0000,0.0000,0.0000,270.0029,0.0000,0.0000,0.0000,0.0000,0.0000,0.0000,0.0000,0.0000,0.0000,1,0,0,0,0,0.0000
14.2901,185.2042,0.0864,102.8924,0.0000,0.0000,0.0000,0.0000,0.0000,270.0029,0.0000,0.0000,0.0000,0.0000,0.0000,0.0000,0.0000,0.0000,0.0000,1,0,0,0,0,0.0000
14.3598,185.2042,0.0864,102.8924,0.0000,0.0000,0.0000,0.0000,0.0000,270.0029,0.0000,0.0000,0.0000,0.0000,0.0000,0.0000,0.0000,0.0000,0.0000,1,0,0,0,0,0.0000
14.4160,185.2042,0.0864,102.8924,0.0000,0.0000,0.0000,0.0000,0.0000,270.0029,0.0000,0.0000,0.0000,0.0000,0.0000,0.0000,0.0000,0.0000,0.0000,1,0,0,0,0,0.0000
14.4703,185.2042,0.0864,102.8924,0.0000,0.0000,0.0000,0.0000,0.0000,270.0029,0.0000,0.0000,0.0000,0.0000,0.0000,0.0000,0.0000,0.0000,0.0000,1,0,0,0,0,0.0000
14.5277,185.2042,0.0864,102.8924,0.0000,0.0000,0.0000,0.0000,0.0000,270.0029,0.0000,0.0000,0.0000,0.0000,0.0000,0.0000,0.0000,0.0000,0.0000,1,0,0,0,0,0.0000
14.5833,185.2042,0.0864,102.8924,0.0000,0.0000,0.0000,0.0000,0.0000,270.0029,0.0000,0.0000,0.0000,0.0000,0.0000,0.0000,0.0000,0.0000,0.0000,1,0,0,0,0,0.0000
14.6379,185.2042,0.0864,102.8924,0.0000,0.0000,0.0000,0.0000,0.0000,270.0029,0.0000,0.0000,0.0000,0.0000,0.0000,0.0000,0.0000,0.0000,0.0000,1,0,0,0,0,0.0000
14.6943,185.2042,0.0864,102.8924,0.0000,0.0000,0.0000,0.0000,0.0000,270.0029,0.0000,0.0000,0.0000,0.0000,0.0000,0.0000,0.0000,0.0000,0.0000,1,0,0,0,0,0.0000
14.7481,185.2042,0.0864,102.8924,0.0000,0.0000,0.0000,0.0000,0.0000,270.0029,0.0000,0.0000,0.0000,0.0000,0.0000,0.0000,0.0000,0.0000,0.0000,1,0,0,0,0,0.0000
14.8196,185.2042,0.0864,102.8924,0.0000,0.0000,0.0000,0.0000,0.0000,270.0029,0.0000,0.0000,0.0000,0.0000,0.0000,0.0000,0.0000,0.0000,0.0000,1,0,0,0,0,0.0000
14.8729,185.2042,0.0864,102.8924,0.0000,0.0000,0.0000,0.0000,0.0000,270.0029,0.0000,0.0000,0.0000,0.0000,0.0000,0.0000,0.0000,0.0000,0.0000,1,0,0,0,0,0.0000
14.9286,185.2042,0.0864,102.8924,0.0000,0.0000,0.0000,0.0000,0.0000,270.0029,0.0000,0.0000,0.0000,0.0000,0.0000,0.0000,0.0000,0.0000,0.0000,1,0,0,0,0,0.0000
14.9841,185.2042,0.0864,102.8924,0.0000,0.0000,0.0000,0.0000,0.0000,270.0029,0.0000,0.0000,0.0000,0.0000,0.0000,0.0000,0.0000,0.0000,0.0000,1,0,0,0,0,0.0000
15.0399,185.2042,0.0864,102.8924,0.0000,0.0000,0.0000,0.0000,0.0000,270.0029,0.0000,0.0000,0.0000,0.0000,0.0000,0.0000,0.0000,0.0000,0.0000,1,0,0,0,0,0.0000
15.0960,185.2042,0.0864,102.8924,0.0000,0.0000,0.0000,0.0000,0.0000,270.0029,0.0000,0.0000,0.0000,0.0000,0.0000,0.0000,0.0000,0.0000,0.0000,1,0,0,0,0,0.0000
15.1510,185.2042,0.0864,102.8924,0.0000,0.0000,0.0000,0.0000,0.0000,270.0029,0.0000,0.0000,0.0000,0.0000,0.0000,0.0000,0.0000,0.0000,0.0000,1,0,0,0,0,0.0000
15.2214,185.2042,0.0864,102.8924,0.0000,0.0000,0.0000,0.0000,0.0000,270.0029,0.0000,0.0000,0.0000,0.0000,0.0000,0.0000,0.0000,0.0000,0.0000,1,0,0,0,0,0.0000
15.2763,185.2042,0.0864,102.8924,0.0000,0.0000,0.0000,0.0000,0.0000,270.0029,0.0000,0.0000,0.0000,0.0000,0.0000,0.0000,0.0000,0.0000,0.0000,1,0,0,0,0,0.0000
15.3348,185.2042,0.0864,102.8924,0.0000,0.0000,0.0000,0.0000,0.0000,270.0029,0.0000,0.0000,0.0000,0.0000,0.0000,0.0000,0.0000,0.0000,0.0000,1,0,0,0,0,0.0000
15.3869,185.2042,0.0864,102.8924,0.0000,0.0000,0.0000,0.0000,0.0000,270.0029,0.0000,0.0000,0.0000,0.0000,0.0000,0.0000,0.0000,0.0000,0.0000,1,0,0,0,0,0.0000
15.4425,185.2042,0.0864,102.8924,0.0000,0.0000,0.0000,0.0000,0.0000,270.0029,0.0000,0.0000,0.0000,0.0000,0.0000,0.0000,0.0000,0.0000,0.0000,1,0,0,0,0,0.0000
15.4985,185.2042,0.0864,102.8924,0.0000,0.0000,0.0000,0.0000,0.0000,270.0029,0.0000,0.0000,0.0000,0.0000,0.0000,0.0000,0.0000,0.0000,0.0000,1,0,0,0,0,0.0000
15.5546,185.2042,0.0864,102.8924,0.0000,0.0000,0.0000,0.0000,0.0000,270.0029,0.0000,0.0000,0.0000,0.0000,0.0000,0.0000,0.0000,0.0000,0.0000,1,0,0,0,0,0.0000
15.6103,185.2042,0.0864,102.8924,0.0000,0.0000,0.0000,0.0000,0.0000,270.0029,0.0000,0.0000,0.0000,0.0000,0.0000,0.0000,0.0000,0.0000,0.0000,1,0,0,0,0,0.0000
15.6658,185.2042,0.0864,102.8924,0.0000,0.0000,0.0000,0.0000,0.0000,270.0029,0.0000,0.0000,0.0000,0.0000,0.0000,0.0000,0.0000,0.0000,0.0000,1,0,0,0,0,0.0000
15.7236,185.2042,0.0864,102.8924,0.0000,0.0000,0.0000,0.0000,0.0000,270.0029,0.0000,0.0000,0.0000,0.0000,0.0000,0.0000,0.0000,0.0000,0.0000,1,0,0,0,0,0.0000
15.7764,185.2042,0.0864,102.8924,0.0000,0.0000,0.0000,0.0000,0.0000,270.0029,0.0000,0.0000,0.0000,0.0000,0.0000,0.0000,0.0000,0.0000,0.0000,1,0,0,0,0,0.0000
15.8314,185.2042,0.0864,102.8924,0.0000,0.0000,0.0000,0.0000,0.0000,270.0029,0.0000,0.0000,0.0000,0.0000,0.0000,0.0000,0.0000,0.0000,0.0000,1,0,0,0,0,0.0000
15.8893,185.2042,0.0864,102.8924,0.0000,0.0000,0.0000,0.0000,0.0000,270.0029,0.0000,0.0000,0.0000,0.0000,0.0000,0.0000,0.0000,0.0000,0.0000,1,0,0,0,0,0.0000
15.9424,185.2042,0.0864,102.8924,0.0000,0.0000,0.0000,0.0000,0.0000,270.0029,0.0000,0.0000,0.0000,0.0000,0.0000,0.0000,0.0000,0.0000,0.0000,1,0,0,0,0,0.0000
16.1035,185.2042,0.0864,102.8924,0.0000,0.0000,0.0000,0.0000,0.0000,270.0029,0.0000,0.0000,0.0000,0.0000,0.0000,0.0000,0.0000,0.0000,0.0000,1,0,0,0,0,0.0000
16.1596,185.2042,0.0864,102.8924,0.0000,0.0000,0.0000,0.0000,0.0000,270.0029,0.0000,0.0000,0.0000,0.0000,0.0000,0.0000,0.0000,0.0000,0.0000,1,0,0,0,0,0.0000
16.2263,185.2042,0.0864,102.8924,0.0000,0.0000,0.0000,0.0000,0.0000,270.0029,0.0000,0.0000,0.0000,0.0000,0.0000,0.0000,0.0000,0.0000,0.0000,1,0,0,0,0,0.0000
16.2789,185.2042,0.0864,102.8924,0.0000,0.0000,0.0000,0.0000,0.0000,270.0029,0.0000,0.0000,0.0000,0.0000,0.0000,0.0000,0.0000,0.0000,0.0000,1,0,0,0,0,0.0000
16.3329,185.2042,0.0864,102.8924,0.0000,0.0000,0.0000,0.0000,0.0000,270.0029,0.0000,0.0000,0.0000,0.0000,0.0000,0.0000,0.0000,0.0000,0.0000,1,0,0,0,0,0.0000
16.3879,185.2042,0.0864,102.8924,0.0000,0.0000,0.0000,0.0000,0.0000,270.0029,0.0000,0.0000,0.0000,0.0000,0.0000,0.0000,0.0000,0.0000,0.0000,1,0,0,0,0,0.0000
16.4454,185.2042,0.0864,102.8924,0.0000,0.0000,0.0000,0.0000,0.0000,270.0029,0.0000,0.0000,0.0000,0.0000,0.0000,0.0000,0.0000,0.0000,0.0000,1,0,0,0,0,0.0000
16.5017,185.2042,0.0864,102.8924,0.0000,0.0000,0.0000,0.0000,0.0000,270.0029,0.0000,0.0000,0.0000,0.0000,0.0000,0.0000,0.0000,0.0000,0.0000,1,0,0,0,0,0.0000
16.5557,185.2042,0.0864,102.8924,0.0000,0.0000,0.0000,0.0000,0.0000,270.0029,0.0000,0.0000,0.0000,0.0000,0.0000,0.0000,0.0000,0.0000,0.0000,1,0,0,0,0,0.0000
16.6108,185.2042,0.0864,102.8924,0.0000,0.0000,0.0000,0.0000,0.0000,270.0029,0.0000,0.0000,0.0000,0.0000,0.0000,0.0000,0.0000,0.0000,0.0000,1,0,0,0,0,0.0000
16.6667,185.2042,0.0864,102.8924,0.0000,0.0000,0.0000,0.0000,0.0000,270.0029,0.0000,0.0000,0.0000,0.0000,0.0000,0.0000,0.0000,0.0000,0.0000,1,0,0,0,0,0.0000
16.7236,185.2042,0.0864,102.8924,0.0000,0.0000,0.0000,0.0000,0.0000,270.0029,0.0000,0.0000,0.0000,0.0000,0.0000,0.0000,0.0000,0.0000,0.0000,1,0,0,0,0,0.0000
16.7939,185.2042,0.0864,102.8924,0.0000,0.0000,0.0000,0.0000,0.0000,270.0029,0.0000,0.0000,0.0000,0.0000,0.0000,0.0000,0.0000,0.0000,0.0000,1,0,0,0,0,0.0000
16.8472,185.2042,0.0864,102.8924,0.0000,0.0000,0.0000,0.0000,0.0000,270.0029,0.0000,0.0000,0.0000,0.0000,0.0000,0.0000,0.0000,0.0000,0.0000,1,0,0,0,0,0.0000
16.9037,185.2042,0.0864,102.8924,0.0000,0.0000,0.0000,0.0000,0.0000,270.0029,0.0000,0.0000,0.0000,0.0000,0.0000,0.0000,0.0000,0.0000,0.0000,1,0,0,0,0,0.0000
16.9576,185.2042,0.0864,102.8924,0.0000,0.0000,0.0000,0.0000,0.0000,270.0029,0.0000,0.0000,0.0000,0.0000,0.0000,0.0000,0.0000,0.0000,0.0000,1,0,0,0,0,0.0000
17.0143,185.2042,0.0864,102.8924,0.0000,0.0000,0.0000,0.0000,0.0000,270.0029,0.0000,0.0000,0.0000,0.0000,0.0000,0.0000,0.0000,0.0000,0.0000,1,0,0,0,0,0.0000
17.0702,185.2042,0.0864,102.8924,0.0000,0.0000,0.0000,0.0000,0.0000,270.0029,0.0000,0.0000,0.0000,0.0000,0.0000,0.0000,0.0000,0.0000,0.0000,1,0,0,0,0,0.0000
17.1277,185.2042,0.0864,102.8924,0.0000,0.0000,0.0000,0.0000,0.0000,270.0029,0.0000,0.0000,0.0000,0.0000,0.0000,0.0000,0.0000,0.0000,0.0000,1,0,0,0,0,0.0000
17.1947,185.2042,0.0864,102.8924,0.0000,0.0000,0.0000,0.0000,0.0000,270.0029,0.0000,0.0000,0.0000,0.0000,0.0000,0.0000,0.0000,0.0000,0.0000,1,0,0,0,0,0.0000
17.2502,185.2042,0.0864,102.8924,0.0000,0.0000,0.0000,0.0000,0.0000,270.0029,0.0000,0.0000,0.0000,0.0000,0.0000,0.0000,0.0000,0.0000,0.0000,1,0,0,0,0,0.0000
17.3219,185.2042,0.0864,102.8924,0.0000,0.0000,0.0000,0.0000,0.0000,270.0029,0.0000,0.0000,0.0000,0.0000,0.0000,0.0000,0.0000,0.0000,0.0000,1,0,0,0,0,0.0000
17.3772,185.2042,0.0864,102.8924,0.0000,0.0000,0.0000,0.0000,0.0000,270.0029,0.0000,0.0000,0.0000,0.0000,0.0000,0.0000,0.0000,0.0000,0.0000,1,0,0,0,0,0.0000
17.4324,185.2042,0.0864,102.8924,0.0000,0.0000,0.0000,0.0000,0.0000,270.0029,0.0000,0.0000,0.0000,0.0000,0.0000,0.0000,0.0000,0.0000,0.0000,1,0,0,0,0,0.0000
17.4846,185.2042,0.0864,102.8924,0.0000,0.0000,0.0000,0.0000,0.0000,270.0029,0.0000,0.0000,0.0000,0.0000,0.0000,0.0000,0.0000,0.0000,0.0000,1,0,0,0,0,0.0000
17.5410,185.2042,0.0864,102.8924,0.0000,0.0000,0.0000,0.0000,0.0000,270.0029,0.0000,0.0000,0.0000,0.0000,0.0000,0.0000,0.0000,0.0000,0.0000,1,0,0,0,0,0.0000
17.5992,185.2042,0.0864,102.8924,0.0000,0.0000,0.0000,0.0000,0.0000,270.0029,0.0000,0.0000,0.0000,0.0000,0.0000,0.0000,0.0000,0.0000,0.0000,1,0,0,0,0,0.0000
17.6519,185.2042,0.0864,102.8924,0.0000,0.0000,0.0000,0.0000,0.0000,270.0029,0.0000,0.0000,0.0000,0.0000,0.0000,0.0000,0.0000,0.0000,0.0000,1,0,0,0,0,0.0000
17.7077,185.2042,0.0864,102.8924,0.0000,0.0000,0.0000,0.0000,0.0000,270.0029,0.0000,0.0000,0.0000,0.0000,0.0000,0.0000,0.0000,0.0000,0.0000,1,0,0,0,0,0.0000
17.7637,185.2042,0.0864,102.8924,0.0000,0.0000,0.0000,0.0000,0.0000,270.0029,0.0000,0.0000,0.0000,0.0000,0.0000,0.0000,0.0000,0.0000,0.0000,1,0,0,0,0,0.0000
17.8192,185.2042,0.0864,102.8924,0.0000,0.0000,0.0000,0.0000,0.0000,270.0029,0.0000,0.0000,0.0000,0.0000,0.0000,0.0000,0.0000,0.0000,0.0000,1,0,0,0,0,0.0000
17.8754,185.2042,0.0864,102.8924,0.0000,0.0000,0.0000,0.0000,0.0000,270.0029,0.0000,0.0000,0.0000,0.0000,0.0000,0.0000,0.0000,0.0000,0.0000,1,0,0,0,0,0.0000
17.9445,185.2042,0.0864,102.8924,0.0000,0.0000,0.0000,0.0000,0.0000,270.0029,0.0000,0.0000,0.0000,0.0000,0.0000,0.0000,0.0000,0.0000,0.0000,1,0,0,0,0,0.0000
18.0124,185.2042,0.0864,102.8924,0.0001,0.0003,0.0000,0.0001,0.0012,270.0034,0.0067,0.0000,0.0000,0.0000,0.0000,0.0000,0.0000,0.0000,0.0000,1,0,0,0,0,0.0004
18.0689,185.2042,0.0864,102.8924,0.0001,0.0003,0.0000,0.0001,0.0000,270.0038,0.0070,0.0000,0.0000,0.0000,0.0000,0.0000,0.0000,0.0000,0.0000,1,0,0,0,0,0.0004
18.1243,185.2042,0.0864,102.8924,0.0001,0.0003,0.0000,0.0001,0.0000,270.0042,0.0072,0.0000,0.0000,0.0000,0.0000,0.0000,0.0000,0.0000,0.0000,1,0,0,0,0,0.0004
18.1874,185.2042,0.0864,102.8924,0.0001,0.0003,0.0000,0.0001,0.0000,270.0047,0.0087,0.0000,0.0000,0.0000,0.0000,0.0000,0.0000,0.0000,0.0000,1,0,0,0,0,0.0005
18.2555,185.2042,0.0864,102.8924,0.0001,0.0003,0.0000,0.0001,0.0000,270.0052,0.0076,0.0000,0.0000,0.0000,0.0000,0.0000,0.0000,0.0000,0.0000,1,0,0,0,0,0.0004
18.3073,185.2043,0.0864,102.8924,0.0001,0.0003,0.0000,0.0001,0.0000,270.0057,0.0083,0.0000,0.0000,0.0000,0.0000,0.0000,0.0000,0.0000,0.0000,1,0,0,0,0,0.0005
18.3598,185.2042,0.0864,102.8924,0.0001,0.0003,0.0000,0.0001,0.0000,270.0061,0.0087,0.0000,0.0000,0.0000,0.0000,0.0000,0.0000,0.0000,0.0000,1,0,0,0,0,0.0005
18.4176,185.2042,0.0864,102.8924,0.0001,0.0003,0.0000,0.0001,0.0000,270.0067,0.0090,0.0000,0.0000,0.0000,0.0000,0.0000,0.0000,0.0000,0.0000,1,0,0,0,0,0.0005
18.4890,185.2042,0.0864,102.8924,0.0001,0.0003,0.0000,0.0001,0.0000,270.0072,0.0081,-1.0000,0.0000,0.0000,-0.2974,0.0000,0.0000,0.0000,0.0000,1,0,0,0,0,0.0005
18.5400,185.2042,0.0864,102.8924,0.0002,0.0007,0.0000,0.0002,0.0023,269.9791,-0.5521,-1.0000,1.0000,0.0000,-0.6099,-14.0714,275.7830,0.2097,0.0000,1,0,0,0,0,10.0307
18.6096,185.2042,0.0864,102.8923,0.0008,0.0027,-0.0002,0.0007,0.0080,269.6655,-4.5081,-1.0000,1.0000,0.0000,-0.8074,-31.0142,243.5602,0.6099,0.0000,1,0,0,0,0,10.2505
18.6804,185.2042,0.0864,102.8921,0.0014,0.0050,0.0003,0.0014,0.0089,269.0845,-8.2038,-1.0000,1.0000,0.0000,-0.9049,-43.8909,181.8241,0.8074,0.0000,1,0,0,0,0,10.4558
18.7365,185.2041,0.0864,102.8920,0.0017,0.0060,0.0004,0.0016,0.0049,268.4765,-10.8377,-1.0000,1.0000,0.0000,-0.9472,-50.0993,110.6752,0.8931,0.0000,1,0,0,0,0,6.7507
18.7901,185.2039,0.0864,102.8918,0.0085,0.0306,0.0084,0.0014,0.1274,267.8058,-12.5143,-1.0000,1.0000,0.0000,-0.9707,-54.1139,74.9025,0.9406,0.0000,1,0,0,0,0,4.8565
18.8466,185.2026,0.0864,102.8916,0.0393,0.1415,0.0393,0.0013,0.5455,267.1008,-12.4802,-1.0000,1.0000,0.0000,-0.9837,-56.6316,44.5720,0.9670,0.0000,1,0,0,0,0,3.1696
18.9016,185.1991,0.0864,102.8912,0.0837,0.3014,0.0837,0.0016,0.8075,266.5818,-9.4324,0.0000,1.0000,0.0000,-0.5462,-52.1494,81.4632,0.9817,0.0000,1,0,0,0,0,5.0498
18.9567,185.1929,0.0864,102.8907,0.1359,0.4891,0.1358,0.0018,0.9461,266.2856,-5.3754,0.0000,1.0000,0.0000,-0.3033,-38.1796,253.5196,0.9898,0.0000,1,0,0,0,0,10.2986
19.0126,185.1836,0.0864,102.8898,0.1922,0.6918,0.1922,0.0022,1.0067,266.1161,-3.0312,0.0000,1.0000,0.0000,-0.1684,-25.2284,231.5734,0.9944,0.0000,1,0,0,0,0,10.1684
19.0705,185.1705,0.0864,102.8887,0.2626,0.9455,0.2626,0.0026,1.2164,266.0044,-1.9284,0.0000,1.0000,0.0000,-0.0831,-15.8357,162.1227,0.9972,0.0000,1,0,0,0,0,9.1140
19.1237,185.1553,0.0864,102.8875,0.3106,1.1181,0.3106,0.0028,0.9017,265.9612,-0.8122,0.0000,1.0000,0.0000,-0.0519,-9.4567,119.9789,0.9983,0.0000,1,0,0,0,0,6.7106
19.1947,185.1303,0.0864,102.8854,0.3955,1.4238,0.3955,0.0033,1.1969,265.9171,-0.6216,0.0000,1.0000,0.0000,-0.0228,-4.5552,69.0924,0.9992,0.0000,1,0,0,0,0,3.8730
19.2505,185.1068,0.0864,102.8834,0.4566,1.6437,0.4566,0.0036,1.0949,265.8990,-0.3238,0.0000,1.0000,0.0000,-0.0127,-2.7284,32.7423,0.9996,0.0000,1,0,0,0,0,1.8370
19.3057,185.0801,0.0864,102.8812,0.5178,1.8642,0.5178,0.0024,1.1081,265.6516,-4.4763,-1.0000,1.0000,0.0000,-0.4518,-8.6271,106.6868,0.9998,0.0000,1,0,0,0,0,6.2458
19.3601,185.0506,0.0864,102.8787,0.5793,2.0854,0.5793,0.0007,1.1298,265.1431,-9.3521,-1.0000,1.0000,0.0000,-0.6956,-20.0195,209.5307,0.9999,0.0000,1,0,0,0,0,10.5379
19.4154,185.0172,0.0864,102.8756,0.6407,2.3064,0.6407,0.0009,1.1100,264.4838,-11.9201,-1.0000,1.0000,0.0000,-0.8310,-33.3178,240.4433,0.9999,0.0000,1,0,0,0,0,10.6838
19.4708,184.9805,0.0864,102.8719,0.7021,2.5275,0.7021,0.0024,1.1086,263.7358,-13.5000,-1.0000,1.0000,0.0000,-0.9061,-44.8175,207.5448,1.0000,0.0000,1,0,0,0,0,10.8016
19.5289,184.9384,0.0864,102.8671,0.7636,2.7489,0.7636,0.0038,1.0595,262.9337,-13.8217,-1.0000,1.0000,0.0000,-0.9479,-49.4948,80.6049,1.0000,0.0000,1,0,0,0,0,5.3209
19.5958,184.8854,0.0864,102.8603,0.8374,3.0146,0.8374,0.0054,1.1023,261.9270,-15.0352,-1.0000,1.0000,0.0000,-0.9743,-54.4736,74.3565,1.0000,0.0000,1,0,0,0,0,5.0635
19.6512,184.8378,0.0864,102.8535,0.8988,3.2358,0.8988,0.0068,1.1085,261.0633,-15.5826,-1.0000,1.0000,0.0000,-0.9857,-56.7776,41.5681,1.0000,0.0000,1,0,0,0,0,3.2880
19.7220,184.7724,0.0864,102.8430,0.9726,3.5012,0.9725,0.0084,1.0416,260.0054,-14.9466,-1.0000,1.0000,0.0000,-0.9929,-58.3844,22.7016,1.0000,0.0000,1,0,0,0,0,2.2211
19.7786,184.7163,0.0864,102.8331,1.0341,3.7226,1.0340,0.0098,1.0878,259.1095,-15.8462,-1.0000,1.0000,0.0000,-0.9961,-59.1546,13.6226,1.0000,0.0000,1,0,0,0,0,1.7791
19.8332,184.6590,0.0864,102.8221,1.0954,3.9436,1.0954,0.0112,1.1235,258.2020,-16.6100,-1.0000,1.0000,0.0000,-0.9978,-59.4960,6.2490,1.0000,0.0000,1,0,0,0,0,1.4236
19.8898,184.5964,0.0864,102.8090,1.1569,4.1648,1.1568,0.0127,1.0858,257.2840,-16.2211,-1.0000,1.0000,0.0000,-0.9988,-59.7110,3.8001,1.0000,0.0000,1,0,0,0,0,1.2771
19.9435,184.5340,0.0864,102.7950,1.2183,4.3859,1.2183,0.0099,1.1436,256.6221,-12.3239,0.0000,1.0000,0.0000,-0.5546,-53.8076,109.9105,1.0000,0.0000,1,0,0,0,0,6.9127
19.9994,184.4659,0.0864,102.7789,1.2798,4.6073,1.2798,0.0053,1.1001,256.2487,-6.6795,0.0000,1.0000,0.0000,-0.3080,-39.4156,257.4396,1.0000,0.0000,1,0,1,0,0,30.4326
20.0546,184.3955,0.0864,102.7616,1.3412,4.8284,1.3412,0.0013,1.1134,256.0371,-3.8358,0.0000,1.0000,0.0000,-0.1710,-26.1065,241.3221,1.0000,0.0000,1,0,1,0,0,30.2281
20.1129,184.3177,0.0864,102.7421,1.4027,5.0498,1.4027,0.0014,1.0541,255.9163,-2.0701,0.0000,1.0000,0.0000,-0.0950,-16.3020,168.0301,1.0000,0.0000,1,0,1,0,0,29.4655
20.1652,184.2448,0.0864,102.7235,1.4642,5.2712,1.4642,0.0048,1.1768,255.9083,-0.1535,1.0000,1.0000,0.0000,0.1570,-9.7978,124.4330,1.0000,0.0000,1,0,1,0,0,26.9709
20.2213,184.1634,0.0864,102.7028,1.5257,5.4925,1.5256,0.0136,1.0952,256.2916,6.8291,1.0000,1.0000,0.0000,0.5319,5.8147,278.1609,1.0000,0.0000,1,0,1,0,0,30.5135
20.2774,184.0785,0.0864,102.6814,1.5871,5.7135,1.5869,0.0226,1.0939,256.9402,11.5612,1.0000,1.0000,0.0000,0.7401,23.0550,307.3078,1.0000,0.0000,1,0,1,0,0,30.8560
20.3322,183.9922,0.0864,102.6605,1.6484,5.9342,1.6481,0.0300,1.1184,257.7419,14.6229,1.0000,1.0000,0.0000,0.8557,36.3248,242.0413,1.0000,0.0000,1,0,1,0,0,31.0853
20.3899,183.8976,0.0864,102.6388,1.7096,6.1546,1.7092,0.0357,1.0621,258.6334,15.4638,1.0000,1.0000,0.0000,0.9199,45.5387,159.8261,1.0000,0.0000,1,0,1,0,0,30.0520
20.4438,183.8056,0.0864,102.6190,1.7707,6.3746,1.7703,0.0403,1.1322,259.5794,17.5297,1.0000,1.0000,0.0000,0.9555,51.3867,108.3624,1.0000,0.0000,1,0,0,0,0,7.3353
20.4988,183.7083,0.0864,102.5996,1.8317,6.5941,1.8312,0.0440,1.1091,260.5600,17.8368,1.0000,1.0000,0.0000,0.9753,54.9489,64.7949,1.0000,0.0000,1,0,0,0,0,4.9510
20.5541,183.6069,0.0864,102.5811,1.8927,6.8138,1.8921,0.0472,1.1044,261.5641,18.1765,1.0000,1.0000,0.0000,0.9863,57.0646,38.2971,1.0000,0.0000,1,0,0,0,0,3.5115
20.6097,183.5011,0.0864,102.5637,1.9536,7.0329,1.9529,0.0501,1.0935,262.5856,18.3496,1.0000,1.0000,0.0000,0.9924,58.3175,22.5052,1.0000,0.0000,1,0,0,0,0,2.6543
20.6654,183.3916,0.0864,102.5475,2.0144,7.2518,2.0137,0.0528,1.0915,263.6208,18.5818,1.0000,1.0000,0.0000,0.9958,59.0505,13.1579,1.0000,0.0000,1,0,0,0,0,2.1564
20.7219,183.2770,0.0864,102.5328,2.0753,7.4711,2.0746,0.0554,1.0794,264.6678,18.5569,1.0000,1.0000,0.0000,0.9977,59.4644,7.3357,1.0000,0.0000,1,0,0,0,0,1.8389
20.7798,183.1555,0.0864,102.5194,2.1482,7.7337,2.1475,0.0585,1.2590,265.9384,21.9256,1.0000,1.0000,0.0000,0.9988,59.7114,4.2640,1.0000,0.0000,1,0,0,0,0,1.8636
20.8326,183.0412,0.0864,102.5089,2.1968,7.9085,2.1960,0.0605,0.9194,266.7934,16.1878,1.0000,1.0000,0.0000,0.9993,59.8315,2.2724,1.0000,0.0000,1,0,0,0,0,1.4390
20.8874,182.9193,0.0864,102.4998,2.2575,8.1270,2.2567,0.0605,1.1076,267.8014,18.3935,0.0000,1.0000,0.0000,0.7899,59.9051,1.3433,1.0000,0.0000,1,0,0,0,0,1.4986
20.9438,182.7904,0.0864,102.4926,2.3184,8.3462,2.3179,0.0495,1.0803,268.4106,10.8113,0.0000,1.0000,0.0000,0.4386,48.3616,204.8517,1.0000,0.0000,1,0,1,0,0,30.9206
21.0007,182.6565,0.0864,102.4869,2.3795,8.5662,2.3792,0.0370,1.0734,268.7497,5.9554,0.0000,1.0000,0.0000,0.2436,33.6089,259.1082,1.0000,0.0000,1,0,1,0,0,30.5643
21.0551,182.5252,0.0864,102.4825,2.4408,8.7867,2.4406,0.0271,1.1263,268.9374,3.4516,0.0000,1.0000,0.0000,0.1352,21.5195,222.2576,1.0000,0.0000,1,0,1,0,0,30.3583
21.1106,182.3878,0.0864,102.4788,2.5022,9.0078,2.5021,0.0201,1.1065,269.0403,1.8541,0.0000,1.0000,0.0000,0.0751,13.4213,145.9137,1.0000,0.0000,1,0,1,0,0,28.3296
21.1648,182.2504,0.0864,102.4756,2.5636,9.2291,2.5636,0.0154,1.1340,269.0958,1.0241,0.0000,1.0000,0.0000,0.0417,7.8595,102.6052,1.0000,0.0000,1,0,0,0,0,5.8474
21.2209,182.1048,0.0864,102.4725,2.6251,9.4502,2.6250,0.0124,1.0956,269.1247,0.5156,0.0000,1.0000,0.0000,0.0232,4.7267,55.8906,1.0000,0.0000,1,0,0,0,0,3.2048
21.2760,181.9583,0.0864,102.4696,2.6865,9.6716,2.6865,0.0106,1.1156,269.1387,0.2541,0.0000,1.0000,0.0000,0.0129,2.7351,36.1292,1.0000,0.0000,1,0,0,0,0,2.0805
21.3319,181.8063,0.0864,102.4667,2.7480,9.8928,2.7480,0.0082,1.1002,269.1186,-0.3606,-1.0000,1.0000,0.0000,-0.1039,1.3798,24.2625,1.0000,0.0000,1,0,0,0,0,1.4129
21.4011,181.6131,0.0864,102.4629,2.8341,10.2027,2.8340,0.0171,1.2427,268.4156,-10.1498,-1.0000,1.0000,0.0000,-0.6067,-10.3943,169.9992,1.0000,0.0000,1,0,1,0,0,30.0986
21.4567,181.4543,0.0864,102.4589,2.8954,10.4236,2.8952,0.0372,1.1039,267.5605,-15.3829,-1.0000,1.0000,0.0000,-0.7816,-25.5757,273.1175,1.0000,0.0000,1,0,1,0,0,31.0472
21.5120,181.2928,0.0864,102.4533,2.9567,10.6440,2.9562,0.0536,1.1067,266.5504,-18.2609,-1.0000,1.0000,0.0000,-0.8787,-40.3749,267.5434,1.0000,0.0000,1,0,1,0,0,31.2863
21.5683,181.1252,0.0864,102.4451,3.0176,10.8634,3.0169,0.0660,1.0834,265.4496,-19.5616,-1.0000,1.0000,0.0000,-0.9327,-47.8774,133.3104,1.0000,0.0000,1,0,1,0,0,28.8212
21.6236,180.9573,0.0864,102.4342,3.0785,11.0824,3.0775,0.0754,1.0997,264.2937,-20.8966,-1.0000,1.0000,0.0000,-0.9626,-52.6464,86.2188,1.0000,0.0000,1,0,0,0,0,6.3181
21.6806,180.7811,0.0864,102.4194,3.1391,11.3008,3.1380,0.0825,1.0651,263.1031,-20.9071,-1.0000,1.0000,0.0000,-0.9792,-54.9349,40.1870,1.0000,0.0000,1,0,0,0,0,3.7882
21.7356,180.6079,0.0864,102.4015,3.1996,11.5186,3.1984,0.0881,1.0998,261.8889,-22.0689,-1.0000,1.0000,0.0000,-0.9885,-57.1153,39.6300,1.0000,0.0000,1,0,0,0,0,3.8408
21.7938,180.4214,0.0864,102.3783,3.2601,11.7362,3.2587,0.0929,1.0379,260.6574,-21.1438,-1.0000,1.0000,0.0000,-0.9936,-58.4519,22.9491,1.0000,0.0000,1,0,0,0,0,2.8768
21.8496,180.2397,0.0864,102.3517,3.3205,11.9537,3.3191,0.0970,1.0823,259.4123,-22.3109,-1.0000,1.0000,0.0000,-0.9964,-59.1046,11.6952,1.0000,0.0000,1,0,0,0,0,2.3274
21.9047,180.0578,0.0864,102.3212,3.3807,12.1705,3.3792,0.1008,1.0935,258.1555,-22.8214,-1.0000,1.0000,0.0000,-0.9980,-59.5120,7.3969,1.0000,0.0000,1,0,0,0,0,2.1261
21.9578,179.8800,0.0864,102.2876,3.4410,12.3875,3.4399,0.0863,1.1357,257.2520,-17.0175,0.0000,1.0000,0.0000,-0.5542,-55.8617,68.7591,1.0000,0.0000,1,0,0,0,0,5.1414
22.0127,179.6937,0.0864,102.2489,3.5019,12.6069,3.5016,0.0432,1.1096,257.1116,-2.5586,1.0000,1.0000,0.0000,0.1370,-37.1229,341.3087,1.0000,0.0000,1,0,1,0,0,30.3273
22.0679,179.5034,0.0864,102.2071,3.5633,12.8278,3.5633,0.0074,1.1112,257.6016,8.8727,1.0000,1.0000,0.0000,0.5208,-3.0347,617.1909,1.0000,0.0000,1,0,1,0,0,30.5239
22.1237,179.3080,0.0864,102.1638,3.6247,13.0489,3.6244,0.0500,1.1016,258.4484,15.1856,1.0000,1.0000,0.0000,0.7339,17.4438,367.2538,1.0000,0.0000,1,0,1,0,0,31.0507
22.1935,179.0580,0.0864,102.1104,3.6979,13.3123,3.6968,0.0873,1.0475,259.7250,18.2772,1.0000,1.0000,0.0000,0.8686,33.4361,228.9611,1.0000,0.0000,1,0,1,0,0,31.3697
22.2481,178.8586,0.0864,102.0707,3.7583,13.5300,3.7568,0.1088,1.1080,260.9104,21.7188,1.0000,1.0000,0.0000,0.9271,46.1028,232.0731,1.0000,0.0000,1,0,1,0,0,31.6409
22.3186,178.5953,0.0864,102.0236,3.8304,13.7894,3.8283,0.1264,1.0222,262.4143,21.3348,1.0000,1.0000,0.0000,0.9640,51.5527,77.3160,1.0000,0.0000,1,0,0,0,0,5.9758
22.3736,178.3855,0.0864,101.9908,3.8901,14.0042,3.8876,0.1367,1.0852,263.7085,23.5396,1.0000,1.0000,0.0000,0.9800,55.2236,66.7700,1.0000,0.0000,1,0,0,0,0,5.5445
22.4289,178.1706,0.0864,101.9619,3.9495,14.2183,3.9469,0.1445,1.0753,265.0269,23.8359,1.0000,1.0000,0.0000,0.9889,57.3197,37.8952,1.0000,0.0000,1,0,0,0,0,3.9783
22.4848,177.9495,0.0864,101.9370,4.0088,14.4317,4.0060,0.1507,1.0602,266.3629,23.9012,1.0000,1.0000,0.0000,0.9938,58.4665,20.5179,1.0000,0.0000,1,0,0,0,0,3.0316
22.5412,177.7226,0.0864,101.9167,4.0679,14.6444,4.0649,0.1559,1.0481,267.7125,23.9378,1.0000,1.0000,0.0000,0.9966,59.1470,12.0684,1.0000,0.0000,1,0,0,0,0,2.5753
22.5964,177.4967,0.0864,101.9018,4.1269,14.8570,4.1238,0.1606,1.0696,269.0739,24.6586,1.0000,1.0000,0.0000,0.9981,59.5272,6.8870,1.0000,0.0000,1,0,0,0,0,2.3361
22.6701,177.1896,0.0864,101.8899,4.2094,15.1537,4.2061,0.1666,1.1178,270.9973,26.0829,1.0000,1.0000,0.0000,0.9992,59.7697,3.2881,1.0000,0.0000,1,0,0,0,0,2.2253
22.7359,176.9106,0.0864,101.8873,4.2799,15.4076,4.2765,0.1714,1.0723,272.6609,25.2953,1.0000,1.0000,0.0000,0.9996,59.8879,1.7972,1.0000,0.0000,1,0,0,0,0,2.1060
22.7914,176.6713,0.0864,101.8914,4.3387,15.6192,4.3351,0.1754,1.0577,274.0576,25.1375,1.0000,1.0000,0.0000,0.9998,59.9387,0.9147,1.0000,0.0000,1,0,0,0,0,2.0538
22.8460,176.4332,0.0864,101.9011,4.3973,15.8301,4.3939,0.1727,1.0731,275.3728,24.0872,0.0000,1.0000,0.0000,0.7902,59.9679,0.5345,1.0000,0.0000,1,0,0,0,0,1.9571
22.9026,176.1836,0.0864,101.9172,4.4566,16.0437,4.4551,0.1141,1.0496,275.7579,6.8116,-1.0000,1.0000,0.0000,-0.0059,46.0249,246.6225,1.0000,0.0000,1,0,1,0,0,30.7623
22.9615,175.9200,0.0864,101.9384,4.5175,16.2629,4.5173,0.0358,1.0326,275.3351,-7.1707,-1.0000,1.0000,0.0000,-0.4480,15.9553,510.0663,1.0000,0.0000,1,0,1,0,0,30.5172
23.0274,175.6212,0.0864,101.9640,4.5912,16.5282,4.5910,0.0447,1.1195,274.2456,-16.5512,-1.0000,1.0000,0.0000,-0.7275,-16.8162,497.8333,1.0000,0.0000,1,0,1,0,0,31.0655
23.0827,175.3664,0.0864,101.9842,4.6522,16.7479,4.6512,0.0940,1.1033,273.0718,-21.2215,-1.0000,1.0000,0.0000,-0.8487,-33.9142,309.1130,1.0000,0.0000,1,0,1,0,0,31.4822
23.1404,175.0966,0.0864,102.0019,4.7127,16.9657,4.7109,0.1293,1.0480,271.7646,-22.6460,-1.0000,1.0000,0.0000,-0.9160,-43.6122,168.0161,1.0000,0.0000,1,0,1,0,0,31.0038
23.1926,174.8491,0.0864,102.0139,4.7726,17.1813,4.7701,0.1539,1.1467,270.3792,-26.5216,-1.0000,1.0000,0.0000,-0.9533,-50.2064,126.2290,1.0000,0.0000,1,0,1,0,0,28.9699
23.2498,174.5745,0.0864,102.0215,4.8319,17.3948,4.8289,0.1713,1.0368,268.9457,-25.0582,-1.0000,1.0000,0.0000,-0.9741,-54.2945,71.4667,1.0000,0.0000,1,0,0,0,0,5.8941
23.3042,174.3101,0.0864,102.0229,4.8909,17.6072,4.8874,0.1837,1.0851,267.4816,-26.9254,-1.0000,1.0000,0.0000,-0.9856,-56.8067,46.1989,1.0000,0.0000,1,0,0,0,0,4.6259
23.3678,173.9970,0.0864,102.0165,4.9612,17.8604,4.9574,0.1946,1.1054,265.6973,-28.0515,-1.0000,1.0000,0.0000,-0.9929,-58.2196,22.2122,1.0000,0.0000,1,0,0,0,0,3.3809
23.4470,173.6015,0.0864,101.9956,5.0429,18.1545,5.0388,0.2042,1.0316,263.5885,-26.6234,-1.0000,1.0000,0.0000,-0.9969,-59.2408,12.8930,1.0000,0.0000,1,0,0,0,0,2.8028
23.5041,173.3131,0.0864,101.9713,5.1011,18.3641,5.0968,0.2099,1.0195,262.0682,-26.6326,-1.0000,1.0000,0.0000,-0.9983,-59.5769,5.8871,1.0000,0.0000,1,0,0,0,0,2.4239
23.5584,173.0363,0.0864,101.9407,5.1592,18.5732,5.1547,0.2151,1.0699,260.5375,-28.1931,-1.0000,1.0000,0.0000,-0.9990,-59.7574,3.3254,1.0000,0.0000,1,0,0,0,0,2.3763
23.6094,172.7745,0.0864,101.9052,5.2057,18.7407,5.2024,0.1860,0.9130,259.7100,-16.2384,1.0000,1.0000,0.0000,-0.4143,-56.1058,71.6592,1.0000,0.0000,1,0,0,0,0,5.4191
23.6798,172.4096,0.0864,101.8470,5.2899,19.0436,5.2896,0.0511,1.1955,259.9041,2.7579,1.0000,1.0000,0.0000,0.3793,-23.0596,469.4926,1.0000,0.0000,1,0,1,0,0,30.2980
23.7345,172.1224,0.0864,101.7981,5.3513,19.2648,5.3512,0.0423,1.1215,260.7685,15.7766,1.0000,1.0000,0.0000,0.6554,4.0273,494.3898,1.0000,0.0000,1,0,1,0,0,30.9951
23.7937,171.8088,0.0864,101.7454,5.4124,19.4845,5.4111,0.1153,1.0324,261.9459,19.9198,1.0000,1.0000,0.0000,0.8086,27.0262,389.1076,1.0000,0.0000,1,0,1,0,0,31.4263
23.8520,171.4951,0.0864,101.6965,5.4724,19.7008,5.4699,0.1663,1.0305,263.3041,23.2924,1.0000,1.0000,0.0000,0.8937,40.0936,224.0965,1.0000,0.0000,1,0,1,0,0,31.7499
23.9063,171.1985,0.0864,101.6555,5.5317,19.9141,5.5279,0.2054,1.0896,264.7758,27.0629,1.0000,1.0000,0.0000,0.9410,48.1813,148.7195,1.0000,0.0000,1,0,1,0,0,30.3228
23.9600,170.9024,0.0864,101.6207,5.5898,20.1233,5.5850,0.2323,1.0841,266.3098,28.6140,1.0000,1.0000,0.0000,0.9672,53.3520,96.4539,1.0000,0.0000,1,0,0,0,0,7.5716
24.0262,170.5313,0.0864,101.5867,5.6588,20.3716,5.6531,0.2540,1.0408,268.1999,28.5272,1.0000,1.0000,0.0000,0.9838,56.8712,53.1141,1.0000,0.0000,1,0,0,0,0,5.2089
24.0833,170.2073,0.0864,101.5662,5.7157,20.5766,5.7095,0.2666,0.9979,269.8018,28.0686,1.0000,1.0000,0.0000,0.9910,58.0038,19.8451,1.0000,0.0000,1,0,0,0,0,3.3615
24.1380,169.8929,0.0864,101.5549,5.7722,20.7800,5.7656,0.2761,1.0320,271.4206,29.5633,1.0000,1.0000,0.0000,0.9950,58.8590,15.6192,1.0000,0.0000,1,0,0,0,0,3.2276
24.1929,169.5745,0.0864,101.5518,5.8290,20.9843,5.8239,0.2424,1.0334,272.5709,20.9520,0.0000,1.0000,0.0000,0.5525,52.8908,108.7045,1.0000,0.0000,1,0,0,0,0,7.8269
24.2487,169.2477,0.0864,101.5566,5.8873,21.1942,5.8844,0.1851,1.0457,273.2108,11.4732,0.0000,1.0000,0.0000,0.3068,39.0621,247.9472,1.0000,0.0000,1,0,1,0,0,31.1091
24.3038,168.9219,0.0864,101.5672,5.9470,21.4090,5.9455,0.1323,1.0831,273.5658,6.4440,0.0000,1.0000,0.0000,0.1704,25.8071,240.5987,1.0000,0.0000,1,0,1,0,0,30.6918
24.3608,168.5815,0.0864,101.5827,6.0076,21.6275,6.0070,0.0915,1.0648,273.7618,3.4384,0.0000,1.0000,0.0000,0.0946,16.0122,171.8419,1.0000,0.0000,1,0,1,0,0,29.9662
24.4146,168.2568,0.0864,101.6003,6.0687,21.8474,6.0684,0.0625,1.1341,273.8690,1.9906,0.0000,1.0000,0.0000,0.0525,9.6095,118.9163,1.0000,0.0000,1,0,0,0,0,6.8715
24.4844,167.8317,0.0864,101.6257,6.1423,22.1123,6.1422,0.0399,1.0556,273.9344,0.9384,0.0000,1.0000,0.0000,0.0259,5.2102,63.0934,1.0000,0.0000,1,0,0,0,0,3.6547
24.5397,167.4908,0.0864,101.6474,6.2038,22.3336,6.2037,0.0282,1.1114,273.9607,0.4757,0.0000,1.0000,0.0000,0.0144,2.6822,45.7128,1.0000,0.0000,1,0,0,0,0,2.6341
24.5957,167.1422,0.0864,101.6702,6.2652,22.5546,6.2651,0.0207,1.0962,273.9732,0.2234,0.0000,1.0000,0.0000,0.0080,1.7788,16.1284,1.0000,0.0000,1,0,0,0,0,0.9580
24.6528,166.7828,0.0864,101.6941,6.3267,22.7760,6.3266,0.0160,1.0758,273.9780,0.0838,0.0000,1.0000,0.0000,0.0044,1.0142,13.3763,1.0000,0.0000,1,0,0,0,0,0.7858
24.7063,166.4433,0.0864,101.7167,6.3881,22.9973,6.3880,0.0336,1.1493,273.4845,-9.2283,-1.0000,1.0000,0.0000,-0.4423,-5.0798,113.9495,1.0000,0.0000,1,0,0,0,0,6.9221
24.7636,166.0759,0.0864,101.7397,6.4493,23.2176,6.4484,0.1089,1.0677,272.4394,-18.2335,-1.0000,1.0000,0.0000,-0.6903,-20.2680,264.9825,1.0000,0.0000,1,0,1,0,0,31.2662
24.8178,165.7255,0.0864,101.7580,6.5098,23.4352,6.5077,0.1658,1.1173,271.1937,-23.0226,0.0000,1.0000,0.0000,-0.6184,-34.1865,257.2355,1.0000,0.0000,1,0,1,0,0,31.6611
24.8746,165.3539,0.0864,101.7718,6.5696,23.6507,6.5678,0.1540,1.0536,270.4210,-13.5996,0.0000,1.0000,0.0000,-0.3434,-32.0535,37.5416,1.0000,0.0000,1,0,0,0,0,3.1929
24.9315,164.9779,0.0864,101.7802,6.6421,23.9116,6.6412,0.1104,1.2730,269.9271,-8.6734,0.0000,1.0000,0.0000,-0.1695,-23.1851,155.7493,1.0000,0.0000,1,0,1,0,0,29.3839
24.9845,164.6246,0.0864,101.7842,6.6909,24.0872,6.6904,0.0819,0.9198,269.7437,-3.4609,0.0000,1.0000,0.0000,-0.1059,-15.3372,148.0653,1.0000,0.0000,1,0,1,0,0,28.6016
25.0398,164.2530,0.0864,101.7855,6.7521,24.3076,6.7519,0.0528,1.1083,269.6055,-2.5013,0.0000,1.0000,0.0000,-0.0588,-8.9880,114.9003,1.0000,0.0000,1,0,0,0,0,6.6395
25.1102,163.7746,0.0864,101.7843,6.8381,24.6171,6.8380,0.0251,1.2212,269.5046,-1.4333,0.0000,1.0000,0.0000,-0.0258,-5.6551,47.3474,1.0000,0.0000,1,0,0,0,0,2.7650
25.1647,163.4000,0.0864,101.7819,6.8994,24.8379,6.8991,0.0657,1.1240,268.9502,-10.1585,-1.0000,1.0000,0.0000,-0.4590,-9.3035,66.8541,1.0000,0.0000,1,0,0,0,0,4.4212
25.2210,163.0104,0.0864,101.7771,6.9605,25.0577,6.9590,0.1409,1.0849,267.8363,-19.7986,-1.0000,1.0000,0.0000,-0.6996,-22.7750,239.4455,1.0000,0.0000,1,0,1,0,0,31.4036
25.2790,162.6055,0.0864,101.7674,7.0205,25.2736,7.0179,0.1877,1.0351,266.6306,-20.8038,0.0000,1.0000,0.0000,-0.5358,-32.5711,169.0239,1.0000,0.0000,1,0,1,0,0,30.9470
25.3471,162.1250,0.0864,101.7474,7.0921,25.5314,7.0903,0.1574,1.0503,265.8330,-11.6989,0.0000,1.0000,0.0000,-0.2645,-29.0688,51.3700,1.0000,0.0000,1,0,0,0,0,3.8368
25.4020,161.7348,0.0864,101.7251,7.1526,25.7493,7.1517,0.1156,1.1031,265.4829,-6.3800,0.0000,1.0000,0.0000,-0.1469,-20.6783,152.9028,1.0000,0.0000,1,0,1,0,0,29.0915
25.4609,161.3126,0.0864,101.6965,7.2136,25.9690,7.2132,0.0782,1.0360,265.2855,-3.3510,0.0000,1.0000,0.0000,-0.0816,-12.9460,131.2889,1.0000,0.0000,1,0,1,0,0,27.6426
25.5158,160.9160,0.0864,101.6667,7.2748,26.1891,7.2746,0.0495,1.1142,265.1733,-2.0451,0.0000,1.0000,0.0000,-0.0453,-8.3046,84.5689,1.0000,0.0000,1,0,0,0,0,4.9139
25.5688,160.5297,0.0864,101.6358,7.3363,26.4106,7.3362,0.0291,1.1599,265.1085,-1.2222,0.0000,1.0000,0.0000,-0.0251,-4.9896,62.5044,1.0000,0.0000,1,0,0,0,0,3.5999
25.6231,160.1311,0.0864,101.6027,7.3976,26.6315,7.3976,0.0154,1.1301,265.0701,-0.7065,0.0000,1.0000,0.0000,-0.0140,-2.9674,37.2422,1.0000,0.0000,1,0,0,0,0,2.1394
25.6803,159.7081,0.0864,101.5666,7.4592,26.8531,7.4592,0.0064,1.0770,265.0465,-0.4127,0.0000,1.0000,0.0000,-0.0078,-1.6611,22.8554,1.0000,0.0000,1,0,0,0,0,1.3055
25.7343,159.3051,0.0864,101.5319,7.5206,27.0742,7.5204,0.0603,1.1375,265.5752,9.7919,1.0000,1.0000,0.0000,0.4404,3.0128,86.5620,1.0000,0.0000,1,0,0,0,0,5.4732
25.8049,158.7732,0.0864,101.4884,7.5937,27.3373,7.5916,0.1794,1.0349,266.9875,19.9987,1.0000,1.0000,0.0000,0.7238,22.2621,272.5845,1.0000,0.0000,1,0,1,0,0,31.4655
25.8595,158.3580,0.0864,101.4599,7.6528,27.5502,7.6482,0.2674,1.0838,268.5170,28.0278,1.0000,1.0000,0.0000,0.8466,35.2242,237.5269,1.0000,0.0000,1,0,1,0,0,32.0811
25.9177,157.9107,0.0864,101.4377,7.7101,27.7562,7.7034,0.3194,0.9820,270.0981,27.1288,0.0000,1.0000,0.0000,0.7052,44.7115,162.7796,1.0000,0.0000,1,0,1,0,0,31.1719
25.9733,157.4807,0.0864,101.4262,7.7670,27.9610,7.7618,0.2819,1.0241,271.0611,17.3350,0.0000,1.0000,0.0000,0.3916,39.5142,93.5616,1.0000,0.0000,1,0,0,0,0,6.7053
26.0265,157.0661,0.0864,101.4231,7.8253,28.1709,7.8223,0.2167,1.0966,271.5959,10.0590,0.0000,1.0000,0.0000,0.2174,27.9030,218.3978,1.0000,0.0000,1,0,1,0,0,30.9743
26.0815,156.6335,0.0864,101.4264,7.8850,28.3860,7.8835,0.1558,1.0855,271.8920,5.3786,0.0000,1.0000,0.0000,0.1207,18.7966,165.4255,1.0000,0.0000,1,0,1,0,0,29.7855
26.1372,156.1924,0.0864,101.4343,7.9457,28.6044,7.9454,0.0603,1.0886,271.6660,-4.0541,-1.0000,1.0000,0.0000,-0.3084,6.3331,223.6529,1.0000,0.0000,1,0,1,0,0,30.3390
26.1933,155.7454,0.0864,101.4442,8.0071,28.8255,8.0067,0.0770,1.0962,270.6643,-17.8797,-1.0000,1.0000,0.0000,-0.6159,-11.5032,318.3446,1.0000,0.0000,1,0,1,0,0,31.1376
26.2489,155.2983,0.0864,101.4515,8.0678,29.0441,8.0653,0.2017,1.0914,269.2255,-25.8694,-1.0000,1.0000,0.0000,-0.7867,-24.9684,242.1010,1.0000,0.0000,1,0,1,0,0,31.8122
26.3063,154.8333,0.0864,101.4524,8.1265,29.2554,8.1209,0.3012,1.0229,267.5410,-29.3488,-1.0000,1.0000,0.0000,-0.8816,-38.5428,236.5114,1.0000,0.0000,1,0,1,0,0,32.1865
26.3591,154.4022,0.0864,101.4447,8.1829,29.4585,8.1741,0.3794,1.0675,265.7222,-34.4124,-1.0000,1.0000,0.0000,-0.9342,-47.1768,163.3599,1.0000,0.0000,1,0,1,0,0,31.6828
26.4297,153.8227,0.0864,101.4180,8.2584,29.7302,8.2478,0.4170,1.0691,263.2931,-34.4165,0.0000,1.0000,0.0000,-0.6737,-53.4428,88.7772,1.0000,0.0000,1,0,0,0,0,7.6015
26.4983,153.2559,0.0864,101.3723,8.3242,29.9672,8.3178,0.3277,0.9593,262.1900,-16.0747,0.0000,1.0000,0.0000,-0.3326,-41.1064,179.7774,1.0000,0.0000,1,0,1,0,0,31.4712
26.5539,152.7943,0.0864,101.3232,8.3818,30.1746,8.3785,0.2382,1.0365,261.7079,-8.6710,0.0000,1.0000,0.0000,-0.1847,-27.4467,245.6729,1.0000,0.0000,1,0,1,0,0,30.9081
26.6233,152.2148,0.0864,101.2505,8.4535,30.4327,8.4523,0.1456,1.0330,261.4083,-4.3175,0.0000,1.0000,0.0000,-0.0912,-15.9192,166.1086,1.0000,0.0000,1,0,1,0,0,29.7265
26.6796,151.7419,0.0864,101.1850,8.5144,30.6518,8.5139,0.0921,1.0815,261.2730,-2.4045,0.0000,1.0000,0.0000,-0.0506,-9.4218,115.4837,1.0000,0.0000,1,0,0,0,0,6.7115
26.7487,151.1570,0.0864,101.0993,8.5879,30.9163,8.5877,0.0503,1.0633,261.1831,-1.3000,0.0000,1.0000,0.0000,-0.0250,-4.9765,64.3209,1.0000,0.0000,1,0,0,0,0,3.7334
26.8042,150.6839,0.0864,101.0278,8.6493,31.1375,8.6493,0.0284,1.1071,261.1416,-0.7484,0.0000,1.0000,0.0000,-0.0139,-2.9567,36.3945,1.0000,0.0000,1,0,0,0,0,2.1127
26.8641,150.1699,0.0864,100.9486,8.7230,31.4028,8.7230,0.0240,1.2305,261.3691,3.8001,1.0000,1.0000,0.0000,0.2906,-1.6804,21.3159,1.0000,0.0000,1,0,0,0,0,1.4366
26.9156,149.7240,0.0864,100.8801,8.7721,31.5796,8.7713,0.1209,0.9526,262.1432,15.0111,1.0000,1.0000,0.0000,0.5569,11.5607,256.7834,1.0000,0.0000,1,0,1,0,0,31.0407
26.9724,149.2297,0.0864,100.8075,8.8323,31.7963,8.8288,0.2501,1.0612,263.5695,25.1412,1.0000,1.0000,0.0000,0.7539,26.0657,255.6845,1.0000,0.0000,1,0,1,0,0,31.8215
27.0263,148.7559,0.0864,100.7449,8.8907,32.0065,8.8863,0.2796,1.0832,264.6920,20.8251,0.0000,1.0000,0.0000,0.4186,32.5327,119.9680,1.0000,0.0000,1,0,0,0,0,8.2935
27.0830,148.2527,0.0864,100.6868,8.9493,32.2174,8.9462,0.2363,1.0321,265.3157,10.9877,0.0000,1.0000,0.0000,0.2325,25.9195,116.5165,1.0000,0.0000,1,0,0,0,0,7.4796
27.1379,147.7625,0.0864,100.6373,9.0089,32.4320,9.0071,0.1786,1.0870,265.6612,6.2986,0.0000,1.0000,0.0000,0.1291,17.9631,145.0539,1.0000,0.0000,1,0,1,0,0,28.7059
27.1929,147.2669,0.0864,100.5924,9.0694,32.6497,9.0685,0.1277,1.0988,265.8516,3.4600,0.0000,1.0000,0.0000,0.0717,11.2952,121.1719,1.0000,0.0000,1,0,1,0,0,27.1352
27.2508,146.7415,0.0864,100.5488,9.1426,32.9132,9.1422,0.0825,1.2640,265.9698,2.0412,0.0000,1.0000,0.0000,0.0354,7.0743,72.8921,1.0000,0.0000,1,0,0,0,0,4.2983
27.3049,146.2469,0.0864,100.5102,9.1916,33.0899,9.1914,0.0610,0.9067,266.0114,0.7696,0.0000,1.0000,0.0000,0.0221,4.2062,52.9885,1.0000,0.0000,1,0,0,0,0,3.0861
27.3598,145.7424,0.0864,100.4721,9.2530,33.3108,9.2529,0.0435,1.1194,265.4200,-10.7867,-1.0000,1.0000,0.0000,-0.4325,-3.3209,137.2900,1.0000,0.0000,1,0,1,0,0,28.2970
27.4154,145.2276,0.0864,100.4316,9.3141,33.5306,9.3121,0.1918,1.0982,264.1253,-23.2894,-1.0000,1.0000,0.0000,-0.6849,-19.1061,283.9387,1.0000,0.0000,1,0,1,0,0,31.6027
27.4728,144.6930,0.0864,100.3835,9.3854,33.7876,9.3825,0.2357,1.2431,262.9118,-21.1316,0.0000,1.0000,0.0000,-0.3381,-27.3548,143.6442,1.0000,0.0000,1,0,1,0,0,29.5309
27.5293,144.1645,0.0864,100.3280,9.4450,34.0020,9.4430,0.1957,1.0548,262.3812,-9.3966,0.0000,1.0000,0.0000,-0.1877,-21.9174,96.2957,1.0000,0.0000,1,0,0,0,0,6.1827
27.5834,143.6554,0.0864,100.2681,9.4932,34.1756,9.4920,0.1540,0.8908,262.1301,-4.6397,0.0000,1.0000,0.0000,-0.1173,-15.4772,118.9725,1.0000,0.0000,1,0,0,0,0,7.1107
27.6529,142.9983,0.0864,100.1839,9.5785,34.4825,9.5780,0.0901,1.2269,261.8914,-3.4354,0.0000,1.0000,0.0000,-0.0515,-9.4770,86.3736,1.0000,0.0000,1,0,0,0,0,5.1304
27.7069,142.4837,0.0864,100.1142,9.6397,34.7030,9.6395,0.0573,1.1332,261.8054,-1.5908,0.0000,1.0000,0.0000,-0.0286,-5.3861,75.6741,1.0000,0.0000,1,0,0,0,0,4.3816
27.7627,141.9496,0.0864,100.0397,9.7011,34.9238,9.7010,0.0342,1.0992,261.7553,-0.8975,0.0000,1.0000,0.0000,-0.0159,-3.1155,40.6917,1.0000,0.0000,1,0,0,0,0,2.3634
27.8183,141.4144,0.0864,99.9635,9.7626,35.1453,9.7626,0.0187,1.1072,261.7253,-0.5404,0.0000,1.0000,0.0000,-0.0088,-1.8988,21.8950,1.0000,0.0000,1,0,0,0,0,1.2751
27.8757,140.8580,0.0864,99.8832,9.8240,35.3665,9.8240,0.0085,1.0699,261.7064,-0.3295,0.0000,1.0000,0.0000,-0.0049,-1.0980,13.9438,1.0000,0.0000,1,0,0,0,0,0.8060
27.9291,140.3374,0.0864,99.8076,9.8855,35.5880,9.8851,0.0939,1.1523,262.3419,11.9030,1.0000,1.0000,0.0000,0.4420,3.2327,81.1111,1.0000,0.0000,1,0,0,0,0,5.3099
27.9857,139.7815,0.0864,99.7291,9.9460,35.8056,9.9429,0.2500,1.0674,263.6999,23.9766,1.0000,1.0000,0.0000,0.6902,19.4226,285.8455,1.0000,0.0000,1,0,1,0,0,31.7091
28.0405,139.2401,0.0864,99.6590,10.0042,36.0150,9.9981,0.3490,1.0624,265.1836,27.0979,0.0000,1.0000,0.0000,0.5305,32.4404,237.7584,1.0000,0.0000,1,0,1,0,0,32.0287
28.0955,138.6918,0.0864,99.5978,10.0613,36.2208,10.0563,0.3182,1.0392,266.0396,15.5601,0.0000,1.0000,0.0000,0.2946,29.9236,45.7488,1.0000,0.0000,1,0,0,0,0,3.8805
28.1542,138.1018,0.0864,99.5425,10.1198,36.4311,10.1167,0.2490,0.9944,266.5146,8.0860,0.0000,1.0000,0.0000,0.1636,21.7044,139.9311,1.0000,0.0000,1,0,1,0,0,28.5923
28.2204,137.4323,0.0864,99.4901,10.1907,36.6866,10.1863,0.3002,1.0730,267.7077,18.0395,1.0000,1.0000,0.0000,0.5871,20.1198,23.9592,1.0000,0.0000,1,0,0,0,0,2.7751
28.2757,136.8679,0.0864,99.4553,10.2480,36.8929,10.2398,0.4096,1.0353,269.3321,29.3500,1.0000,1.0000,0.0000,0.7707,32.2850,219.8040,1.0000,0.0000,1,0,1,0,0,32.2300
28.3331,136.2788,0.0864,99.4314,10.3021,37.0877,10.2892,0.5158,0.9431,271.2654,33.6929,1.0000,1.0000,0.0000,0.8727,40.2314,138.4868,1.0000,0.0000,1,0,1,0,0,30.3166
28.3875,135.7169,0.0864,99.4231,10.3541,37.2746,10.3420,0.4984,0.9541,272.7052,26.4595,0.0000,1.0000,0.0000,0.4846,41.8628,29.9800,1.0000,0.0000,1,0,0,0,0,3.8576
28.4568,134.9972,0.0864,99.4330,10.4192,37.5091,10.4124,0.3769,0.9400,273.6158,13.1395,0.0000,1.0000,0.0000,0.2392,30.2568,167.4655,1.0000,0.0000,1,0,1,0,0,30.5762
28.5269,134.2649,0.0864,99.4611,10.4885,37.7586,10.4854,0.2546,0.9891,274.0641,6.3962,0.0000,1.0000,0.0000,0.1181,18.1720,172.4442,1.0000,0.0000,1,0,1,0,0,30.2997
28.5966,133.5321,0.0864,99.5013,10.5723,38.0603,10.5699,0.2278,1.2026,274.7756,10.2122,1.0000,1.0000,0.0000,0.4272,10.9577,103.5355,1.0000,0.0000,1,0,0,0,0,6.6426
28.6656,132.8022,0.0864,99.5519,10.6427,38.3139,10.6362,0.3721,1.0209,276.5113,25.1574,1.0000,1.0000,0.0000,0.7172,26.7262,228.5596,1.0000,0.0000,1,0,1,0,0,31.9220
28.7200,132.2238,0.0864,99.6028,10.6990,38.5163,10.6918,0.3912,1.0333,277.7205,22.2240,0.0000,1.0000,0.0000,0.3983,31.4985,87.7085,1.0000,0.0000,1,0,0,0,0,6.6559
28.7906,131.4707,0.0864,99.6855,10.7675,38.7629,10.7631,0.3075,0.9707,278.4850,10.8295,0.0000,1.0000,0.0000,0.1966,23.7241,110.1338,1.0000,0.0000,1,0,0,0,0,7.1486
28.8453,130.8841,0.0864,99.7604,10.8265,38.9753,10.8241,0.2271,1.0773,278.8154,6.0339,0.0000,1.0000,0.0000,0.1092,16.1351,138.5859,1.0000,0.0000,1,0,1,0,0,28.3490
28.9009,130.2863,0.0864,99.8436,10.8866,39.1918,10.8854,0.1598,1.0817,278.9973,3.2724,0.0000,1.0000,0.0000,0.0606,10.1816,107.1119,1.0000,0.0000,1,0,0,0,0,6.3527
28.9563,129.6883,0.0864,99.9314,10.9475,39.4109,10.9470,0.1074,1.0999,279.0965,1.7935,0.0000,1.0000,0.0000,0.0337,6.1933,72.0540,1.0000,0.0000,1,0,0,0,0,4.2498
29.0185,129.0131,0.0864,100.0349,11.0210,39.6756,11.0210,0.0040,1.1818,278.8560,-3.8675,-1.0000,1.0000,0.0000,-0.2808,3.6387,41.0738,1.0000,0.0000,1,0,0,0,0,2.5021
29.0825,128.3131,0.0864,100.1432,11.0943,39.9394,11.0918,0.2349,1.1437,277.3458,-23.5695,-1.0000,1.0000,0.0000,-0.6450,-17.7228,333.3806,1.0000,0.0000,1,0,1,0,0,31.6270
29.1508,127.5610,0.0864,100.2509,11.1649,40.1937,11.1610,0.2977,1.0345,276.0601,-18.8248,0.0000,1.0000,0.0000,-0.3184,-24.8699,104.6452,1.0000,0.0000,1,0,0,0,0,7.2594
29.2071,126.9362,0.0864,100.3299,11.2239,40.4059,11.2211,0.2502,1.0474,275.4983,-9.9842,0.0000,1.0000,0.0000,-0.1768,-19.8915,88.4759,1.0000,0.0000,1,0,0,0,0,5.8044
29.2759,126.1669,0.0864,100.4160,11.2958,40.6649,11.2945,0.1734,1.0465,275.1390,-5.2250,0.0000,1.0000,0.0000,-0.0873,-12.6370,105.5018,1.0000,0.0000,1,0,0,0,0,6.3818
29.3312,125.5435,0.0864,100.4792,11.3566,40.8837,11.3559,0.1221,1.0982,274.9842,-2.7981,0.0000,1.0000,0.0000,-0.0485,-8.5245,74.3281,1.0000,0.0000,1,0,0,0,0,4.4460
29.4020,124.7400,0.0864,100.5551,11.4300,41.1478,11.4297,0.0699,1.0359,274.8926,-1.2927,0.0000,1.0000,0.0000,-0.0239,-4.6157,55.1889,1.0000,0.0000,1,0,0,0,0,3.2296
29.4566,124.1168,0.0864,100.6107,11.4912,41.3683,11.4900,0.1668,1.1220,274.1360,-13.8645,-1.0000,1.0000,0.0000,-0.4580,-8.5236,71.6068,1.0000,0.0000,1,0,0,0,0,4.9661
29.5124,123.4754,0.0864,100.6628,11.5508,41.5829,11.5456,0.3466,1.0679,272.5927,-27.6362,-1.0000,1.0000,0.0000,-0.6990,-22.5306,250.8340,1.0000,0.0000,1,0,1,0,0,31.9854
29.5686,122.8259,0.0864,100.7052,11.6078,41.7880,11.6012,0.3919,1.0135,271.3351,-22.3800,0.0000,1.0000,0.0000,-0.3882,-28.5675,107.4297,1.0000,0.0000,1,0,0,0,0,7.7181
29.6369,122.0320,0.0864,100.7407,11.6766,42.0357,11.6724,0.3135,1.0085,270.5346,-11.7300,0.0000,1.0000,0.0000,-0.1916,-22.3243,91.4902,1.0000,0.0000,1,0,0,0,0,6.1372
29.6940,121.3626,0.0864,100.7592,11.7476,42.2914,11.7457,0.2139,1.2423,270.1350,-6.9906,0.0000,1.0000,0.0000,-0.0946,-13.9373,146.7012,1.0000,0.0000,1,0,1,0,0,28.8116
29.7489,120.7169,0.0864,100.7698,11.8080,42.5088,11.8067,0.1777,1.1011,269.7971,-6.1590,-1.0000,1.0000,0.0000,-0.2622,-8.8433,92.8685,1.0000,0.0000,1,0,0,0,0,5.7273
29.8059,120.0429,0.0864,100.7747,11.8680,42.7247,11.8641,0.3042,1.0528,268.5887,-21.2171,-1.0000,1.0000,0.0000,-0.5903,-15.4961,116.8033,1.0000,0.0000,1,0,0,0,0,8.0522
29.8602,119.3972,0.0864,100.7708,11.9253,42.9309,11.9158,0.4758,1.0548,266.7758,-33.3871,-1.0000,1.0000,0.0000,-0.7725,-27.8652,227.7990,1.0000,0.0000,1,0,1,0,0,32.4533
29.9158,118.7324,0.0864,100.7535,11.9792,43.1250,11.9688,0.4982,0.9685,265.3586,-25.4626,0.0000,1.0000,0.0000,-0.4290,-34.8170,124.9019,1.0000,0.0000,1,0,1,0,0,28.9774
29.9709,118.0719,0.0864,100.7212,12.0341,43.3227,12.0271,0.4093,0.9967,264.5653,-14.3976,0.0000,1.0000,0.0000,-0.2382,-27.9734,124.2085,1.0000,0.0000,1,0,1,0,0,28.2105
30.0267,117.4007,0.0864,100.6753,12.0916,43.5296,12.0878,0.3016,1.0302,264.1215,-7.9543,0.0000,1.0000,0.0000,-0.1323,-17.8883,180.7396,1.0000,0.0000,1,0,1,0,0,30.8160
30.0819,116.7339,0.0864,100.6197,12.1509,43.7432,12.1491,0.2084,1.0746,263.8722,-4.5145,0.0000,1.0000,0.0000,-0.0734,-12.9039,90.2615,1.0000,0.0000,1,0,0,0,0,5.5225
30.1383,116.0507,0.0864,100.5555,12.2115,43.9614,12.2107,0.1375,1.0755,263.7312,-2.5022,0.0000,1.0000,0.0000,-0.0408,-7.8739,89.2491,1.0000,0.0000,1,0,0,0,0,5.2662
30.2071,115.2129,0.0864,100.4708,12.2850,44.2261,12.2846,0.1017,1.0692,264.6581,13.4805,1.0000,1.0000,0.0000,0.4862,8.6522,240.3324,1.0000,0.0000,1,0,1,0,0,30.8730
30.2639,114.5166,0.0864,100.4021,12.3451,44.4425,12.3400,0.3558,1.0578,266.3206,29.2592,1.0000,1.0000,0.0000,0.7147,21.8372,232.0496,1.0000,0.0000,1,0,1,0,0,32.0579
30.3181,113.8485,0.0864,100.3450,12.4019,44.6468,12.3943,0.4345,1.0472,267.6587,24.6895,0.0000,1.0000,0.0000,0.3969,29.3071,137.8372,1.0000,0.0000,1,0,1,0,0,29.5548
30.3734,113.1621,0.0864,100.2986,12.4583,44.8500,12.4526,0.3787,1.0196,268.4016,13.4191,0.0000,1.0000,0.0000,0.2204,24.7389,82.5177,1.0000,0.0000,1,0,0,0,0,5.7858
30.4423,112.3022,0.0864,100.2558,12.5282,45.1014,12.5252,0.2733,1.0134,268.8700,6.7971,0.0000,1.0000,0.0000,0.1088,15.9652,127.3052,1.0000,0.0000,1,0,1,0,0,27.7773
30.4982,111.6008,0.0864,100.2304,12.5880,45.3169,12.5859,0.2311,1.0710,269.2426,6.6681,1.0000,1.0000,0.0000,0.2701,10.2235,102.7419,1.0000,0.0000,1,0,0,0,0,6.3537
30.5539,110.8986,0.0864,100.2120,12.6472,45.5301,12.6418,0.3707,1.0638,270.5224,22.9883,1.0000,1.0000,0.0000,0.5947,17.7286,134.8149,1.0000,0.0000,1,0,1,0,0,29.2065
30.6379,109.8320,0.0864,100.2056,12.7347,45.8448,12.7223,0.5608,1.0402,273.2155,32.0421,0.0000,1.0000,0.0000,0.4665,32.3280,173.7053,1.0000,0.0000,1,0,1,0,0,32.0910
30.6927,109.1342,0.0864,100.2207,12.7880,46.0368,12.7790,0.4804,0.9750,274.1064,16.2845,0.0000,1.0000,0.0000,0.2590,27.5438,87.4402,1.0000,0.0000,1,0,0,0,0,6.3260
30.7487,108.4168,0.0864,100.2508,12.8442,46.2391,12.8390,0.3654,1.0024,274.6003,8.8124,0.0000,1.0000,0.0000,0.1438,19.7056,139.8543,1.0000,0.0000,1,0,1,0,0,28.6860
30.8050,107.6935,0.0864,100.2927,12.9028,46.4500,12.9001,0.2611,1.0406,274.8731,4.8456,0.0000,1.0000,0.0000,0.0799,12.7494,123.5621,1.0000,0.0000,1,0,1,0,0,27.4373
30.8594,106.9925,0.0864,100.3413,12.9623,46.6641,12.9580,0.3327,1.0945,275.8069,17.1808,1.0000,1.0000,0.0000,0.4891,12.1371,11.2660,1.0000,0.0000,1,0,0,0,0,1.9654
30.9151,106.2708,0.0864,100.4006,13.0191,46.8688,13.0088,0.5172,1.0195,277.5403,31.0855,1.0000,1.0000,0.0000,0.7163,23.8165,209.4538,1.0000,0.0000,1,0,1,0,0,32.3229
30.9702,105.5561,0.0864,100.4730,13.0724,47.0606,13.0608,0.5496,0.9671,278.9338,25.3005,0.0000,1.0000,0.0000,0.3977,31.6821,142.8124,1.0000,0.0000,1,0,1,0,0,29.9702
31.0267,104.8223,0.0864,100.5637,13.1266,47.2556,13.1186,0.4575,0.9594,279.7074,13.7009,0.0000,1.0000,0.0000,0.2209,25.9004,102.3949,1.0000,0.0000,1,0,0,0,0,6.9725
31.0814,104.1098,0.0864,100.6655,13.1834,47.4604,13.1790,0.3432,1.0395,280.1360,7.8305,0.0000,1.0000,0.0000,0.1226,17.9561,145.1457,1.0000,0.0000,1,0,1,0,0,28.8892
31.1365,103.3908,0.0864,100.7786,13.2425,47.6729,13.2402,0.2434,1.0711,280.3724,4.2901,0.0000,1.0000,0.0000,0.0681,11.5590,116.0963,1.0000,0.0000,1,0,0,0,0,6.9639
31.1920,102.6642,0.0864,100.9006,13.3025,47.8891,13.3004,0.2412,1.0816,280.8454,8.5168,1.0000,1.0000,0.0000,0.3352,7.4820,73.4113,1.0000,0.0000,1,0,0,0,0,4.8235
31.2648,101.7092,0.0864,101.0719,13.3730,48.1429,13.3673,0.3929,0.9692,282.3361,20.4911,0.0000,1.0000,0.0000,0.3744,18.8311,156.0051,1.0000,0.0000,1,0,1,0,0,30.2461
31.3176,101.0142,0.0864,101.2081,13.4305,48.3498,13.4255,0.3656,1.0871,283.0766,14.0129,0.0000,1.0000,0.0000,0.2079,19.4121,10.9937,1.0000,0.0000,1,0,0,0,0,1.7976
31.3731,100.2838,0.0864,101.3618,13.4890,48.5603,13.4867,0.2485,1.0543,283.3065,4.1461,-1.0000,1.0000,0.0000,-0.0942,14.1626,94.6507,1.0000,0.0000,1,0,0,0,0,5.7651
31.4295,99.5385,0.0864,101.5262,13.5498,48.7793,13.5497,0.0545,1.0779,282.3026,-17.7839,-1.0000,1.0000,0.0000,-0.4970,-2.8615,301.5578,1.0000,0.0000,1,0,1,0,0,31.0483
31.4843,98.8119,0.0864,101.6855,13.6100,48.9961,13.6047,0.3806,1.0991,280.4856,-33.1694,-1.0000,1.0000,0.0000,-0.7207,-22.8036,364.0583,1.0000,0.0000,1,0,1,0,0,32.2622
31.5540,97.8800,0.0864,101.8740,13.6759,49.2331,13.6635,0.5807,0.9447,278.2855,-31.5695,0.0000,1.0000,0.0000,-0.4867,-33.8315,158.2405,1.0000,0.0000,1,0,1,0,0,31.1819
31.6087,97.1414,0.0864,102.0045,13.7291,49.4248,13.7195,0.5142,0.9729,277.2958,-18.0820,0.0000,1.0000,0.0000,-0.2703,-28.4074,99.1005,1.0000,0.0000,1,0,0,0,0,7.0720
31.6644,96.3849,0.0864,102.1224,13.7849,49.6255,13.7792,0.3944,1.0020,276.7427,-9.9388,0.0000,1.0000,0.0000,-0.1501,-18.2997,181.6261,1.0000,0.0000,1,0,1,0,0,30.9813
31.7344,95.4263,0.0864,102.2545,13.8551,49.8783,13.8527,0.2599,1.0033,276.3893,-5.0499,0.0000,1.0000,0.0000,-0.0741,-12.0809,88.8432,1.0000,0.0000,1,0,0,0,0,5.4977
31.7912,94.6435,0.0864,102.3524,13.9274,50.1385,13.9253,0.2399,1.2721,275.8559,-9.3909,-1.0000,1.0000,0.0000,-0.3340,-7.3496,83.3050,1.0000,0.0000,1,0,0,0,0,5.4081
31.8457,93.8886,0.0864,102.4396,13.9747,50.3090,13.9692,0.3935,0.8700,274.7013,-21.1976,-1.0000,1.0000,0.0000,-0.5840,-17.1420,179.7753,1.0000,0.0000,1,0,1,0,0,31.5876
31.9010,93.1165,0.0864,102.5168,14.0301,50.5082,14.0160,0.6285,0.9985,272.6642,-36.7731,-1.0000,1.0000,0.0000,-0.7690,-29.4552,222.2808,1.0000,0.0000,1,0,1,0,0,32.7150
31.9563,92.3421,0.0864,102.5697,14.0716,50.6579,14.0562,0.6598,0.7529,270.2402,-43.8936,-1.0000,1.0000,0.0000,-0.8717,-40.0380,191.6280,1.0000,0.0000,1,0,1,0,0,33.1419
32.0293,91.3128,0.0864,102.5897,14.1310,50.8715,14.1178,0.6092,0.8129,267.3416,-39.7009,0.0000,1.0000,0.0000,-0.4990,-44.8908,66.4675,1.0000,0.0000,1,0,0,0,0,6.5449
32.0955,90.3749,0.0864,102.5737,14.1941,51.0987,14.1843,0.5268,0.9526,266.1693,-17.6968,0.0000,1.0000,0.0000,-0.2463,-31.8865,196.3147,1.0000,0.0000,1,0,1,0,0,31.5398
32.1509,89.5874,0.0864,102.5429,14.2498,51.2993,14.2441,0.4023,1.0055,265.6568,-9.2484,0.0000,1.0000,0.0000,-0.1368,-21.6572,184.5916,1.0000,0.0000,1,0,1,0,0,30.9372
32.2064,88.7974,0.0864,102.5000,14.3081,51.5092,14.3052,0.2871,1.0523,265.3731,-5.1189,0.0000,1.0000,0.0000,-0.0759,-13.6385,144.7194,1.0000,0.0000,1,0,1,0,0,28.6253
32.2758,87.8029,0.0864,102.4335,14.3802,51.7687,14.3791,0.1766,1.0374,265.1942,-2.5759,0.0000,1.0000,0.0000,-0.0375,-7.2890,91.3801,1.0000,0.0000,1,0,0,0,0,5.4040
32.3319,86.9970,0.0864,102.3729,14.4411,51.9879,14.4407,0.1117,1.0861,265.1200,-1.3226,0.0000,1.0000,0.0000,-0.0208,-4.4354,50.8954,1.0000,0.0000,1,0,0,0,0,3.0171
32.3867,86.2058,0.0864,102.3096,14.5024,52.2085,14.5022,0.0692,1.1175,265.0714,-0.8871,0.0000,1.0000,0.0000,-0.0116,-2.2349,40.1278,1.0000,0.0000,1,0,0,0,0,2.3501
32.4423,85.4004,0.0864,102.2428,14.5638,52.4296,14.5637,0.0410,1.1048,265.0421,-0.5270,0.0000,1.0000,0.0000,-0.0064,-1.3683,15.5866,1.0000,0.0000,1,0,0,0,0,0.9374
32.5138,84.3600,0.0864,102.1543,14.6499,52.7397,14.6497,0.0704,1.2046,265.3872,4.8275,1.0000,1.0000,0.0000,0.2946,-0.7593,8.5193,1.0000,0.0000,1,0,0,0,0,0.8135
32.5675,83.5753,0.0864,102.0884,14.7105,52.9577,14.7060,0.3616,1.1286,266.8712,27.6582,1.0000,1.0000,0.0000,0.6083,14.8996,291.8294,1.0000,0.0000,1,0,1,0,0,31.9053
32.6255,82.7221,0.0864,102.0262,14.7662,53.1582,14.7532,0.6190,0.9592,268.8374,33.8639,0.0000,1.0000,0.0000,0.5728,29.1769,245.9089,1.0000,0.0000,1,0,1,0,0,32.5101
32.6790,81.9321,0.0864,101.9857,14.8172,53.3419,14.8058,0.5816,0.9540,270.0598,22.8527,0.0000,1.0000,0.0000,0.3181,28.3237,15.9511,1.0000,0.0000,1,0,0,0,0,2.7446
32.7338,81.1205,0.0864,101.9611,14.8605,53.4977,14.8520,0.5010,0.7912,270.6324,10.4635,0.0000,1.0000,0.0000,0.1987,23.0332,96.6858,1.0000,0.0000,1,0,0,0,0,6.4584
32.8035,80.0812,0.0864,101.9495,14.9404,53.7853,14.9367,0.3327,1.1453,271.1651,7.6373,0.0000,1.0000,0.0000,0.0872,14.2240,126.2868,1.0000,0.0000,1,0,1,0,0,27.7743
32.8590,79.2507,0.0864,101.9518,14.9998,53.9993,14.9980,0.2334,1.0710,271.3485,3.3043,0.0000,1.0000,0.0000,0.0484,8.1715,109.0762,1.0000,0.0000,1,0,0,0,0,6.4768
32.9152,78.4069,0.0864,101.9612,15.0603,54.2172,15.0595,0.1593,1.0782,271.4484,1.7789,0.0000,1.0000,0.0000,0.0269,5.7145,43.7594,1.0000,0.0000,1,0,0,0,0,2.6885
32.9744,77.5125,0.0864,101.9764,15.1213,54.4368,15.1210,0.1070,1.0289,271.5018,0.9010,0.0000,1.0000,0.0000,0.0149,3.3990,39.0620,1.0000,0.0000,1,0,0,0,0,2.3264
33.0257,76.7363,0.0864,101.9928,15.1823,54.6563,15.1798,0.2733,1.1898,272.4112,17.7473,1.0000,1.0000,0.0000,0.4530,5.6966,44.8373,1.0000,0.0000,1,0,0,0,0,3.7469
33.0817,75.8842,0.0864,102.0178,15.2400,54.8641,15.2293,0.5713,1.0300,274.2824,33.3874,1.0000,1.0000,0.0000,0.6963,22.0484,291.7590,1.0000,0.0000,1,0,1,0,0,32.4172
33.1505,74.8357,0.0864,102.0716,15.3011,55.0839,15.2895,0.5946,0.8880,276.0167,25.2219,0.0000,1.0000,0.0000,0.3437,26.9399,71.1387,1.0000,0.0000,1,0,0,0,0,5.9363
33.2059,73.9883,0.0864,102.1361,15.3551,55.2785,15.3468,0.5051,0.9750,276.7681,13.5529,0.0000,1.0000,0.0000,0.1909,22.1463,86.4545,1.0000,0.0000,1,0,0,0,0,6.0493
33.2777,72.8891,0.0864,102.2411,15.4235,55.5245,15.4193,0.3594,0.9523,277.2417,6.6017,0.0000,1.0000,0.0000,0.0942,14.3177,109.1255,1.0000,0.0000,1,0,0,0,0,6.7788
33.3323,72.0502,0.0864,102.3327,15.4834,55.7400,15.4833,0.0459,1.0970,276.5501,-12.6689,-1.0000,1.0000,0.0000,-0.3924,3.4872,198.3887,1.0000,0.0000,1,0,1,0,0,30.7483
33.3865,71.2142,0.0864,102.4249,15.5441,55.9589,15.5398,0.3669,1.1214,274.7754,-32.7438,-1.0000,1.0000,0.0000,-0.6626,-15.0447,341.9226,1.0000,0.0000,1,0,1,0,0,32.1731
33.4561,70.1339,0.0864,102.5278,15.6189,56.2280,15.6071,0.6057,1.0734,272.2365,-36.4546,0.0000,1.0000,0.0000,-0.4072,-29.8408,212.4504,1.0000,0.0000,1,0,1,0,0,32.6069
33.5117,69.2664,0.0864,102.5877,15.6724,56.4207,15.6632,0.5379,0.9629,271.3214,-16.4589,0.0000,1.0000,0.0000,-0.2261,-25.6000,76.2738,1.0000,0.0000,1,0,0,0,0,5.6667
33.5811,68.1778,0.0864,102.6400,15.7399,56.6638,15.7351,0.3906,0.9730,270.7388,-8.3958,0.0000,1.0000,0.0000,-0.1116,-16.6737,128.6207,1.0000,0.0000,1,0,1,0,0,27.9843
33.6507,67.0805,0.0864,102.6734,15.8107,56.9187,15.8087,0.2558,1.0173,270.4471,-4.1903,0.0000,1.0000,0.0000,-0.0551,-9.8685,97.7821,1.0000,0.0000,1,0,0,0,0,5.9078
33.7061,66.2036,0.0864,102.6907,15.8710,57.1357,15.8701,0.1709,1.0890,270.3180,-2.3321,0.0000,1.0000,0.0000,-0.0306,-5.4702,79.4390,1.0000,0.0000,1,0,0,0,0,4.7043
33.7637,65.2876,0.0864,102.7029,15.9321,57.3557,15.9320,0.0554,1.0608,270.4482,2.2598,1.0000,1.0000,0.0000,0.1927,-3.6517,31.5728,1.0000,0.0000,1,0,0,0,0,1.9317
33.8185,64.4129,0.0864,102.7129,15.9933,57.5760,15.9907,0.2890,1.1170,271.7986,24.6455,1.0000,1.0000,0.0000,0.5517,9.2045,234.6264,1.0000,0.0000,1,0,1,0,0,31.6402
33.8724,63.5479,0.0864,102.7295,16.0516,57.7858,16.0454,0.4478,1.0792,273.0502,23.1821,0.0000,1.0000,0.0000,0.3064,19.5117,190.9115,1.0000,0.0000,1,0,1,0,0,31.7064
33.9392,62.4741,0.0864,102.7660,16.1203,58.0331,16.1153,0.4011,1.0287,273.8408,11.8362,0.0000,1.0000,0.0000,0.1512,16.1563,50.2370,1.0000,0.0000,1,0,0,0,0,3.8218
33.9979,61.5270,0.0864,102.8114,16.1797,58.2469,16.1795,0.0861,1.0115,273.2563,-9.9568,-1.0000,1.0000,0.0000,-0.3607,1.1118,256.2924,1.0000,0.0000,1,0,1,0,0,30.6329
34.0532,60.6320,0.0864,102.8568,16.2406,58.4662,16.2366,0.3597,1.1021,271.4937,-31.8901,-1.0000,1.0000,0.0000,-0.6450,-11.5064,228.2959,1.0000,0.0000,1,0,1,0,0,32.1039
34.1089,59.7271,0.0864,102.8914,16.2927,58.6537,16.2783,0.6843,0.9361,269.0714,-43.5259,-1.0000,1.0000,0.0000,-0.8029,-30.9646,349.6365,1.0000,0.0000,1,0,1,0,0,33.0481
34.1673,58.7729,0.0864,102.8893,16.3373,58.8144,16.3245,0.6483,0.7629,266.0938,-50.9072,0.0000,1.0000,0.0000,-0.6053,-39.2797,142.1609,1.0000,0.0000,1,0,1,0,0,31.3212
34.2199,57.9135,0.0864,102.8540,16.3756,58.9520,16.3643,0.6067,0.7270,264.9077,-22.5523,0.0000,1.0000,0.0000,-0.3781,-35.2595,76.4392,1.0000,0.0000,1,0,0,0,0,6.0553
34.2893,56.7780,0.0864,102.7793,16.4515,59.2256,16.4441,0.4943,1.0960,263.7947,-16.0528,0.0000,1.0000,0.0000,-0.1659,-23.9890,162.5574,1.0000,0.0000,1,0,1,0,0,30.3735
34.3451,55.8611,0.0864,102.7013,16.5088,59.4315,16.5046,0.3692,1.0245,263.4041,-6.9941,0.0000,1.0000,0.0000,-0.0921,-16.1031,141.1960,1.0000,0.0000,1,0,1,0,0,28.5682
34.4022,54.9223,0.0864,102.6092,16.5680,59.6449,16.5660,0.2584,1.0390,263.1845,-3.8478,0.0000,1.0000,0.0000,-0.0512,-9.8257,110.0354,1.0000,0.0000,1,0,0,0,0,6.5608
34.4562,54.0311,0.0864,102.5139,16.6289,59.8641,16.6288,0.0640,1.1269,264.0058,15.2050,1.0000,1.0000,0.0000,0.4163,1.0651,201.6354,1.0000,0.0000,1,0,1,0,0,30.9024
34.5149,53.0580,0.0864,102.4102,16.6889,60.0801,16.6830,0.4441,1.0217,265.7148,29.0901,0.0000,1.0000,0.0000,0.4662,17.7433,283.8837,1.0000,0.0000,1,0,1,0,0,32.0153
34.5815,51.9503,0.0864,102.3071,16.7565,60.3233,16.7489,0.5047,1.0152,266.9582,18.6885,0.0000,1.0000,0.0000,0.2301,20.3266,38.8308,1.0000,0.0000,1,0,0,0,0,3.6473
34.6368,51.0243,0.0864,102.2366,16.8132,60.5274,16.8079,0.4204,1.0248,267.4962,9.7241,0.0000,1.0000,0.0000,0.1278,15.7615,82.5042,1.0000,0.0000,1,0,0,0,0,5.4988
34.6938,50.0658,0.0864,102.1763,16.8717,60.7380,16.8687,0.3161,1.0257,267.7935,5.2135,0.0000,1.0000,0.0000,0.0710,10.7518,87.8493,1.0000,0.0000,1,0,0,0,0,5.4512
34.7477,49.1570,0.0864,102.1282,16.9316,60.9536,16.9301,0.2251,1.1123,267.9568,3.0330,0.0000,1.0000,0.0000,0.0394,6.6766,75.6903,1.0000,0.0000,1,0,0,0,0,4.5729
34.8170,47.9819,0.0864,102.0748,17.0044,61.2157,17.0038,0.1436,1.0505,268.0575,1.4518,0.0000,1.0000,0.0000,0.0195,3.6731,43.3252,1.0000,0.0000,1,0,0,0,0,2.6143
34.8867,46.7945,0.0864,102.0272,17.0778,61.4802,17.0776,0.0897,1.0538,268.1044,0.6736,0.0000,1.0000,0.0000,0.0096,1.8852,25.6430,1.0000,0.0000,1,0,0,0,0,1.5409
34.9639,45.4739,0.0864,101.9786,17.1638,61.7895,17.1637,0.0519,1.1134,268.1266,0.2879,0.0000,1.0000,0.0000,0.0042,0.9953,11.5339,1.0000,0.0000,1,0,0,0,0,0.7021
35.0255,44.4148,0.0864,101.9414,17.2376,62.0553,17.2376,0.0334,1.1985,268.1324,0.0936,0.0000,1.0000,0.0000,0.0021,0.4266,9.2306,1.0000,0.0000,1,0,0,0,0,0.5471
35.0949,43.2155,0.0864,101.9003,17.3114,62.3209,17.3114,0.0224,1.0620,268.1325,0.0013,0.0000,1.0000,0.0000,0.0010,0.2569,2.4430,1.0000,0.0000,1,0,0,0,0,0.1552
35.1643,42.0127,0.0864,101.8600,17.3850,62.5861,17.3839,0.1998,1.0621,268.8058,9.7086,1.0000,1.0000,0.0000,0.3759,4.1743,56.4825,1.0000,0.0000,1,0,0,0,0,3.8497
35.2199,41.0443,0.0864,101.8336,17.4437,62.7973,17.4335,0.5964,1.0549,270.6958,33.9855,1.0000,1.0000,0.0000,0.6535,20.2426,288.9430,1.0000,0.0000,1,0,1,0,0,32.4010
35.2765,40.0552,0.0864,101.8313,17.4963,62.9866,17.4848,0.6335,0.9286,273.1527,43.3912,0.0000,1.0000,0.0000,0.4535,29.7492,167.8979,1.0000,0.0000,1,0,1,0,0,32.2814
35.3314,39.0951,0.0864,101.8588,17.5479,63.1723,17.5380,0.5897,0.9409,274.2548,20.0991,0.0000,1.0000,0.0000,0.2518,26.5915,57.5884,1.0000,0.0000,1,0,0,0,0,4.8201
35.4011,37.8702,0.0864,101.9193,17.6145,63.4122,17.6083,0.4694,0.9552,274.9503,9.9686,0.0000,1.0000,0.0000,0.1243,17.8175,125.7479,1.0000,0.0000,1,0,1,0,0,27.9395
35.4562,36.9018,0.0864,101.9828,17.6724,63.6208,17.6690,0.3489,1.0529,275.2502,5.4506,0.0000,1.0000,0.0000,0.0690,10.4332,134.2215,1.0000,0.0000,1,0,1,0,0,28.0557
35.5253,35.6811,0.0864,102.0770,17.7441,63.8787,17.7426,0.2290,1.0363,275.4376,2.7101,0.0000,1.0000,0.0000,0.0341,6.5081,56.7692,1.0000,0.0000,1,0,0,0,0,3.4980
35.5830,34.6583,0.0864,102.1638,17.8050,64.0979,17.8049,0.0356,1.0542,274.8275,-10.5652,-1.0000,1.0000,0.0000,-0.3565,-0.3956,119.5505,1.0000,0.0000,1,0,0,0,0,7.2586
35.6508,33.4538,0.0864,102.2635,17.8764,64.3552,17.8664,0.5992,1.0551,272.4640,-34.8910,-1.0000,1.0000,0.0000,-0.6823,-16.7929,242.0711,1.0000,0.0000,1,0,1,0,0,32.4412
35.7087,32.4186,0.0864,102.3260,17.9343,64.5635,17.9239,0.6102,0.9989,270.5292,-33.4009,0.0000,1.0000,0.0000,-0.3368,-26.4242,166.2689,1.0000,0.0000,1,0,1,0,0,31.6031
35.7613,31.4755,0.0864,102.3600,17.9775,64.7190,17.9685,0.5690,0.8216,269.8181,-13.5290,0.0000,1.0000,0.0000,-0.2104,-21.0510,102.2247,1.0000,0.0000,1,0,0,0,0,6.9055
35.8167,30.4782,0.0864,102.3800,18.0334,64.9204,18.0274,0.4657,1.0103,269.2871,-9.5862,0.0000,1.0000,0.0000,-0.1168,-14.7188,114.3214,1.0000,0.0000,1,0,0,0,0,7.2711
35.8724,29.4715,0.0864,102.3867,18.0915,65.1294,18.0882,0.3439,1.0418,268.9896,-5.3397,0.0000,1.0000,0.0000,-0.0649,-9.5483,92.7797,1.0000,0.0000,1,0,0,0,0,5.7362
35.9302,28.4240,0.0864,102.3825,18.1512,65.3443,18.1500,0.2115,1.0330,268.9007,-1.5382,1.0000,1.0000,0.0000,0.0750,-5.9150,62.8674,1.0000,0.0000,1,0,0,0,0,3.7529
35.9838,27.4491,0.0864,102.3730,18.2124,65.5647,18.2113,0.2072,1.1421,270.0999,22.3696,1.0000,1.0000,0.0000,0.4864,3.7289,179.8961,1.0000,0.0000,1,0,1,0,0,31.4076
36.0393,26.4368,0.0864,102.3685,18.2699,65.7715,18.2574,0.6750,1.0348,272.2600,38.9319,0.0000,1.0000,0.0000,0.6038,24.5675,375.5747,1.0000,0.0000,1,0,1,0,0,32.7170
36.1086,25.1693,0.0864,102.3983,18.3373,66.0142,18.3275,0.5991,0.9733,274.1777,27.6793,0.0000,1.0000,0.0000,0.2650,25.7015,16.3671,1.0000,0.0000,1,0,0,0,0,2.9371
36.1643,24.1466,0.0864,102.4463,18.3924,66.2127,18.3851,0.5204,0.9890,274.8437,11.9436,0.0000,1.0000,0.0000,0.1471,17.8924,140.0394,1.0000,0.0000,1,0,1,0,0,28.8679
36.2195,23.1329,0.0864,102.5090,18.4496,66.4186,18.4453,0.3996,1.0366,275.2121,6.6792,0.0000,1.0000,0.0000,0.0817,12.3968,99.6442,1.0000,0.0000,1,0,0,0,0,6.2317
36.2751,22.1075,0.0864,102.5844,18.5087,66.6314,18.5065,0.2877,1.0622,275.4149,3.6444,0.0000,1.0000,0.0000,0.0454,7.8225,82.1828,1.0000,0.0000,1,0,0,0,0,5.0014
36.3309,21.0769,0.0864,102.6690,18.5690,66.8484,18.5679,0.1995,1.0804,275.5257,1.9850,0.0000,1.0000,0.0000,0.0252,5.5516,40.7009,1.0000,0.0000,1,0,0,0,0,2.5326
36.3875,20.0293,0.0864,102.7611,18.6299,67.0678,18.6295,0.1354,1.0775,275.5852,1.0532,0.0000,1.0000,0.0000,0.0140,2.9317,46.3209,1.0000,0.0000,1,0,0,0,0,2.7409
36.4418,19.0194,0.0864,102.8538,18.6912,67.2884,18.6910,0.0910,1.1276,275.6162,0.5699,0.0000,1.0000,0.0000,0.0078,1.7262,22.1777,1.0000,0.0000,1,0,0,0,0,1.3368
36.4973,17.9867,0.0864,102.9514,18.7526,67.5093,18.7525,0.0564,1.1071,275.6411,0.4493,0.0000,1.0000,0.0000,0.0043,1.0326,12.5140,1.0000,0.0000,1,0,0,0,0,0.7653
36.5528,16.9490,0.0864,103.0512,18.8140,67.7305,18.8140,0.0362,1.1065,275.6532,0.2177,0.0000,1.0000,0.0000,0.0024,0.6836,6.2853,1.0000,0.0000,1,0,0,0,0,0.3901
36.6089,15.8966,0.0864,103.1536,18.8755,67.9518,18.8752,0.1112,1.0957,275.2090,-7.9152,-1.0000,1.0000,0.0000,-0.2961,-0.7030,24.7068,1.0000,0.0000,1,0,0,0,0,1.9007
36.6639,14.8622,0.0864,103.2516,18.9352,68.1669,18.9269,0.5609,1.0864,273.3892,-33.1008,-1.0000,1.0000,0.0000,-0.6091,-13.3913,230.7910,1.0000,0.0000,1,0,1,0,0,32.2833
36.7339,13.5373,0.0864,103.3472,18.9887,68.3592,18.9778,0.6414,0.7626,270.8870,-35.7143,0.0000,1.0000,0.0000,-0.4317,-26.4936,187.0144,1.0000,0.0000,1,0,1,0,0,32.4908
36.7898,12.4771,0.0864,103.3871,19.0400,68.5441,19.0307,0.5952,0.9201,269.7583,-20.2253,0.0000,1.0000,0.0000,-0.2397,-23.4295,54.9037,1.0000,0.0000,1,0,0,0,0,4.6428
36.8461,11.4037,0.0864,103.4077,19.0956,68.7443,19.0889,0.5066,0.9876,269.1281,-11.1911,0.0000,1.0000,0.0000,-0.1331,-18.7091,83.8303,1.0000,0.0000,1,0,0,0,0,5.6769
36.9039,10.2965,0.0864,103.4126,19.1533,68.9517,19.1494,0.3823,0.9954,268.7754,-6.0932,0.0000,1.0000,0.0000,-0.0739,-12.2806,111.0516,1.0000,0.0000,1,0,0,0,0,6.8075
36.9561,9.2961,0.0864,103.4061,19.2127,69.1656,19.2108,0.2696,1.1395,268.5770,-3.8040,0.0000,1.0000,0.0000,-0.0410,-6.8601,103.9302,1.0000,0.0000,1,0,0,0,0,6.1957
37.0274,7.9239,0.0864,103.3855,19.2853,69.4271,19.2846,0.1672,1.0188,268.4485,-1.8017,0.0000,1.0000,0.0000,-0.0203,-4.0570,39.3183,1.0000,0.0000,1,0,0,0,0,2.4145
37.0810,6.8884,0.0864,103.3631,19.3457,69.6446,19.3412,0.4187,1.1268,267.3249,-20.9592,-1.0000,1.0000,0.0000,-0.4560,-8.8166,88.7783,1.0000,0.0000,1,0,0,0,0,6.4212
37.1373,5.7982,0.0864,103.3251,19.3954,69.8234,19.3823,0.7126,0.8822,265.0468,-40.4591,-1.0000,1.0000,0.0000,-0.6979,-21.7474,229.6578,1.0000,0.0000,1,0,1,0,0,32.7988
37.1968,4.6463,0.0864,103.2362,19.4373,69.9743,19.4255,0.6766,0.7045,261.9500,-52.0333,0.0000,1.0000,0.0000,-0.5535,-34.7924,219.1812,1.0000,0.0000,1,0,1,0,0,33.4129
37.2483,3.6527,0.0864,103.1183,19.4742,70.1071,19.4642,0.6247,0.7170,260.7070,-24.1673,0.0000,1.0000,0.0000,-0.3457,-31.6038,61.9959,1.0000,0.0000,1,0,0,0,0,5.2680
37.3029,2.5972,0.0864,102.9687,19.5278,70.2999,19.5192,0.5780,0.9796,259.7838,-16.8877,0.0000,1.0000,0.0000,-0.1920,-24.0362,138.4355,1.0000,0.0000,1,0,1,0,0,29.0730
37.3725,1.2528,0.0864,102.7540,19.5955,70.5437,19.5904,0.4451,0.9734,259.1963,-8.4434,0.0000,1.0000,0.0000,-0.0948,-15.4132,123.9157,1.0000,0.0000,1,0,1,0,0,27.6940
37.4298,0.1443,0.0864,102.5608,19.6661,70.7981,19.6638,0.3012,1.2325,258.9026,-5.1230,0.0000,1.0000,0.0000,-0.0468,-8.4688,121.1441,1.0000,0.0000,1,0,1,0,0,27.2446
37.4835,-0.8951,0.0864,102.3701,19.7142,70.9712,19.7137,0.1428,0.8963,259.0344,2.4561,1.0000,1.0000,0.0000,0.1805,-5.6713,52.1301,1.0000,0.0000,1,0,0,0,0,3.1412
37.5397,-1.9866,0.0864,102.1662,19.7754,71.1913,19.7718,0.3763,1.0871,260.5983,27.8176,1.0000,1.0000,0.0000,0.5449,7.6305,236.5967,1.0000,0.0000,1,0,1,0,0,31.8309
37.5959,-3.0837,0.0864,101.9761,19.8298,71.3872,19.8159,0.7421,0.9680,263.7317,55.7373,1.0000,1.0000,0.0000,0.7754,24.2988,296.4984,1.0000,0.0000,1,0,1,0,0,33.6578
37.6503,-4.1529,0.0864,101.8377,19.8593,71.4933,19.8481,0.6659,0.5425,265.4918,32.3915,0.0000,1.0000,0.0000,0.4843,33.0430,160.9282,1.0000,0.0000,1,0,1,0,0,31.2430
37.7197,-5.5282,0.0864,101.7087,19.9297,71.7469,19.9208,0.5953,1.0142,267.1346,23.6572,0.0000,1.0000,0.0000,0.2125,26.6133,92.5900,1.0000,0.0000,1,0,0,0,0,6.9062
37.7751,-6.6307,0.0864,101.6276,19.9856,71.9480,19.9791,0.5075,1.0084,267.7047,10.2904,0.0000,1.0000,0.0000,0.1180,16.6175,180.4268,1.0000,0.0000,1,0,1,0,0,30.9526
37.8336,-7.7949,0.0864,101.5577,19.8914,71.6089,19.8876,0.3855,-1.6104,268.0190,5.3744,0.0000,1.0000,0.0000,0.0655,12.0202,78.6054,1.0000,0.0000,1,0,0,0,0,4.9562
37.8885,-8.8870,0.0864,101.5027,19.9516,71.8257,19.9515,0.0530,1.0972,267.0989,-16.7623,-1.0000,1.0000,0.0000,-0.4083,3.7110,151.3786,1.0000,0.0000,1,0,1,0,0,29.3810
37.9418,-9.9507,0.0864,101.4492,20.0110,72.0396,20.0000,0.6642,1.1144,264.8928,-41.3836,-1.0000,1.0000,0.0000,-0.6715,-17.7614,402.7819,1.0000,0.0000,1,0,1,0,0,32.7969
38.0024,-11.1525,0.0864,101.3570,19.8940,71.6184,19.8798,0.7520,-1.9311,261.9911,-47.8998,-1.0000,1.0000,0.0000,-0.8176,-28.3094,174.1238,1.0000,0.0000,1,0,1,0,0,32.9016
38.0530,-12.1516,0.0864,101.2314,19.9310,71.7514,19.9201,0.6569,0.7304,259.7822,-43.6727,0.0000,1.0000,0.0000,-0.4540,-37.0654,173.1148,1.0000,0.0000,1,0,1,0,0,32.5382
38.1095,-13.2663,0.0864,101.0544,19.9809,71.9311,19.9717,0.6040,0.8821,258.5486,-21.8066,0.0000,1.0000,0.0000,-0.2521,-28.6655,148.4815,1.0000,0.0000,1,0,1,0,0,29.9139
38.1640,-14.3360,0.0864,100.8633,19.8905,71.6056,19.8833,0.5328,-1.6589,257.8616,-12.6062,0.0000,1.0000,0.0000,-0.1400,-19.8251,162.2306,1.0000,0.0000,1,0,1,0,0,30.1149
38.2355,-15.7343,0.0864,100.5903,19.9595,71.8541,19.9557,0.3854,0.9650,257.4253,-6.1017,0.0000,1.0000,0.0000,-0.0691,-12.4061,103.7529,1.0000,0.0000,1,0,0,0,0,6.3927
38.2892,-16.7836,0.0864,100.3720,19.8680,71.5247,19.8671,0.1901,-1.7053,257.4776,0.9755,1.0000,1.0000,0.0000,0.1713,-7.1887,97.2408,1.0000,0.0000,1,0,0,0,0,5.6000
38.3586,-18.1344,0.0864,100.0845,19.9410,71.7875,19.9354,0.4695,1.0522,259.4745,28.7792,1.0000,1.0000,0.0000,0.5909,9.3691,238.6346,1.0000,0.0000,1,0,1,0,0,31.9520
38.4139,-19.2176,0.0864,99.8722,19.9843,71.9435,19.9704,0.7447,0.7837,262.1665,48.6989,1.0000,1.0000,0.0000,0.7729,28.3303,343.0111,1.0000,0.0000,1,0,1,0,0,33.2644
38.4695,-20.3151,0.0864,99.7119,19.8689,71.5280,19.8541,0.7663,-2.0753,265.3505,57.2635,1.0000,1.0000,0.0000,0.8739,39.1598,194.7652,1.0000,0.0000,1,0,1,0,0,33.7598
38.5405,-21.7225,0.0864,99.5998,19.9031,71.6513,19.8875,0.7880,0.4820,270.2213,68.5842,1.0000,1.0000,0.0000,0.9446,47.6110,119.0005,1.0000,0.0000,1,0,0,0,0,11.0153
38.6089,-23.0851,0.0864,99.5975,19.9292,71.7450,19.9133,0.7960,0.3805,274.5995,63.9719,1.0000,1.0000,0.0000,0.9727,53.5556,86.8586,1.0000,0.0000,1,0,0,0,0,8.9786
38.6643,-24.1878,0.0864,99.6706,19.9598,71.8551,19.9481,0.6821,0.5518,277.2268,47.4053,0.0000,1.0000,0.0000,0.5401,53.2456,5.5930,1.0000,0.0000,1,0,0,0,0,3.4570
38.7203,-25.2987,0.0864,99.7893,20.0065,72.0233,19.9969,0.6188,0.8357,278.6855,26.0865,0.0000,1.0000,0.0000,0.2999,36.1502,305.7338,1.0000,0.0000,1,0,1,0,0,31.9132
38.7746,-26.3718,0.0864,99.9279,19.9119,71.6829,19.9038,0.5678,-1.7395,279.4910,14.8167,0.0000,1.0000,0.0000,0.1665,27.3543,161.7884,1.0000,0.0000,1,0,1,0,0,30.2391
38.8453,-27.7672,0.0864,100.1317,19.9800,71.9281,19.9754,0.4322,0.9634,279.9979,7.1683,0.0000,1.0000,0.0000,0.0822,15.6059,166.1602,1.0000,0.0000,1,0,1,0,0,29.9539
38.9023,-28.8882,0.0864,100.3096,19.8924,71.6125,19.8924,0.0152,-1.5397,279.1230,-15.3638,-1.0000,1.0000,0.0000,-0.3991,2.8979,223.1744,1.0000,0.0000,1,0,1,0,0,30.8650
38.9692,-30.2061,0.0864,100.5174,19.9619,71.8627,19.9487,0.7258,1.0384,276.4095,-40.5357,-1.0000,1.0000,0.0000,-0.7034,-17.8721,310.2754,1.0000,0.0000,1,0,1,0,0,32.7974
39.0259,-31.3309,0.0864,100.6536,19.9935,71.9766,19.9791,0.7591,0.5579,273.4041,-52.9906,-1.0000,1.0000,0.0000,-0.8353,-35.7844,315.8198,1.0000,0.0000,1,0,1,0,0,33.5134
39.0818,-32.4413,0.0864,100.7256,19.8758,71.5528,19.8606,0.7760,-2.1079,270.0452,-60.1407,-1.0000,1.0000,0.0000,-0.9085,-42.9784,128.8068,1.0000,0.0000,1,0,1,0,0,31.0827
39.1359,-33.5184,0.0864,100.7313,19.8995,71.6381,19.8839,0.7872,0.4374,266.4963,-65.5247,-1.0000,1.0000,0.0000,-0.9492,-50.8696,145.6983,1.0000,0.0000,1,0,1,0,0,32.3280
39.1928,-34.6485,0.0864,100.6664,19.9214,71.7171,19.9056,0.7937,0.3858,262.8342,-64.4025,-1.0000,1.0000,0.0000,-0.9718,-53.7849,51.2704,1.0000,0.0000,1,0,0,0,0,7.0239
39.2472,-35.7238,0.0864,100.5345,19.9423,71.7924,19.9264,0.7975,0.3850,259.1079,-68.5496,-1.0000,1.0000,0.0000,-0.9843,-56.8116,55.6797,1.0000,0.0000,1,0,0,0,0,7.5015
39.3034,-36.8264,0.0864,100.3262,19.9638,71.8696,19.9499,0.7443,0.3811,255.5884,-62.5709,0.0000,1.0000,0.0000,-0.7816,-57.9408,20.0761,1.0000,0.0000,1,0,0,0,0,5.1507
39.3585,-37.8964,0.0864,100.0647,20.0030,72.0109,19.9941,0.5969,0.7124,253.7095,-34.0908,1.0000,1.0000,0.0000,-0.2243,-46.7100,203.7718,1.0000,0.0000,1,0,1,0,0,32.3415
39.4278,-39.2279,0.0864,99.7058,19.9389,71.7799,19.9387,0.0712,-0.9260,254.8397,16.3074,1.0000,1.0000,0.0000,0.4627,-17.5105,421.3402,1.0000,0.0000,1,0,1,0,0,30.9596
39.4833,-40.2973,0.0864,99.4143,19.9978,71.9920,19.9848,0.7213,1.0609,257.1823,42.1949,1.0000,1.0000,0.0000,0.7017,8.7567,473.1199,1.0000,0.0000,1,0,1,0,0,32.8852
39.5530,-41.6467,0.0864,99.0936,19.8909,71.6073,19.8763,0.7635,-1.5340,260.8125,52.1161,1.0000,1.0000,0.0000,0.8527,31.8295,331.2363,1.0000,0.0000,1,0,1,0,0,33.4711
39.6082,-42.7288,0.0864,98.9055,19.9165,71.6994,19.9012,0.7813,0.4635,264.2031,61.4295,1.0000,1.0000,0.0000,0.9182,43.0815,203.8595,1.0000,0.0000,1,0,1,0,0,34.0012
39.6636,-43.8264,0.0864,98.7819,19.9394,71.7817,19.9237,0.7914,0.4126,267.7742,64.4145,1.0000,1.0000,0.0000,0.9546,51.2154,146.7184,1.0000,0.0000,1,0,1,0,0,32.3250
39.7337,-45.2234,0.0864,98.7247,19.9648,71.8733,19.9489,0.7980,0.3629,272.1894,62.9895,1.0000,1.0000,0.0000,0.9776,54.6697,49.2804,1.0000,0.0000,1,0,0,0,0,6.8368
39.7885,-46.3161,0.0864,98.7595,19.9851,71.9463,19.9690,0.8011,0.3702,275.9282,68.2999,1.0000,1.0000,0.0000,0.9876,57.2284,46.7428,1.0000,0.0000,1,0,0,0,0,6.9926
39.8456,-47.4523,0.0864,98.8708,19.8606,71.4983,19.8445,0.8011,-2.1769,279.6971,65.9354,1.0000,1.0000,0.0000,0.9931,58.2120,17.2074,1.0000,0.0000,1,0,0,0,0,5.2241
39.9019,-48.5543,0.0864,99.0540,19.8804,71.5696,19.8643,0.8008,0.3520,283.4620,66.9574,1.0000,1.0000,0.0000,0.9962,59.1478,16.6431,1.0000,0.0000,1,0,0,0,0,5.2487
39.9553,-49.5898,0.0864,99.2963,19.9003,71.6410,19.8841,0.8018,0.3708,287.2383,70.6139,1.0000,1.0000,0.0000,0.9979,59.4975,6.5386,1.0000,0.0000,1,0,0,0,0,4.8906
40.0123,-50.6741,0.0864,99.6264,19.9198,71.7113,19.9036,0.8031,0.3431,291.0309,66.6086,1.0000,1.0000,0.0000,0.9988,59.7026,3.6033,1.0000,0.0000,1,0,0,0,0,4.5054
40.0668,-51.6915,0.0864,100.0066,19.9493,71.8174,19.9386,0.6539,0.5409,293.6529,48.1204,-1.0000,1.0000,0.0000,0.4436,51.5164,150.2356,1.0000,0.0000,1,0,1,0,0,31.5115
40.1223,-52.7176,0.0864,100.4292,20.0033,72.0118,20.0003,0.3446,0.9720,293.7570,1.8743,-1.0000,1.0000,0.0000,-0.1984,28.8404,408.1839,1.0000,0.0000,1,0,1,0,0,30.3625
40.1954,-54.0582,0.0864,100.9952,19.9406,71.7862,19.9335,0.5320,-0.8572,291.1714,-35.3688,-1.0000,1.0000,0.0000,-0.6482,3.9683,340.2253,1.0000,0.0000,1,0,1,0,0,32.3651
40.2471,-55.0149,0.0864,101.3821,19.9743,71.9076,19.9605,0.7441,0.6524,288.9303,-43.3437,-1.0000,1.0000,0.0000,-0.7803,-25.6384,572.6153,1.0000,0.0000,1,0,1,0,0,32.9668
40.3019,-56.0476,0.0864,101.7440,20.0030,72.0108,19.9882,0.7706,0.5236,285.7148,-58.7360,-1.0000,1.0000,0.0000,-0.8780,-39.9795,261.9621,1.0000,0.0000,1,0,1,0,0,33.8410
40.3576,-57.1118,0.0864,102.0495,19.8836,71.5809,19.8682,0.7824,-2.1436,282.2470,-62.2482,-1.0000,1.0000,0.0000,-0.9323,-47.4868,134.7579,1.0000,0.0000,1,0,1,0,0,31.5350
40.4131,-58.1904,0.0864,102.2883,19.9063,71.6627,19.8906,0.7909,0.4093,278.6331,-65.0799,-1.0000,1.0000,0.0000,-0.9624,-52.5678,91.4996,1.0000,0.0000,1,0,0,0,0,9.2948
40.4828,-59.5634,0.0864,102.4901,19.9360,71.7696,19.9201,0.7969,0.4260,273.4401,-74.5275,-1.0000,1.0000,0.0000,-0.9835,-55.6081,43.6317,1.0000,0.0000,1,0,0,0,0,7.1640
40.5392,-60.6857,0.0864,102.5709,19.9564,71.8431,19.9404,0.7994,0.3615,269.6800,-66.6360,-1.0000,1.0000,0.0000,-0.9908,-57.5251,33.9742,1.0000,0.0000,1,0,0,0,0,6.1903
40.6129,-62.1573,0.0864,102.5632,19.9804,71.9295,19.9644,0.8014,0.3258,265.1384,-61.6009,-1.0000,1.0000,0.0000,-0.9955,-58.7970,17.2513,1.0000,0.0000,1,0,0,0,0,4.9823
40.6646,-63.1858,0.0864,102.4807,20.0002,72.0007,19.9841,0.8023,0.3831,261.3390,-73.6082,-1.0000,1.0000,0.0000,-0.9975,-59.3250,10.2292,1.0000,0.0000,1,0,0,0,0,5.2593
40.7194,-64.2646,0.0864,102.3250,19.8758,71.5529,19.8597,0.7995,-2.2681,257.5489,-69.1113,-1.0000,1.0000,0.0000,-0.9986,-59.6544,6.0062,1.0000,0.0000,1,0,0,0,0,4.7766
40.7777,-65.3972,0.0864,102.0828,19.8958,71.6248,19.8797,0.8003,0.3426,253.7571,-65.0897,-1.0000,1.0000,0.0000,-0.9992,-59.8022,2.5368,1.0000,0.0000,1,0,0,0,0,4.3604
40.8460,-66.7013,0.0864,101.6990,19.9195,71.7103,19.9034,0.8010,0.3479,249.2007,-66.7131,-1.0000,1.0000,0.0000,-0.9996,-59.9034,1.4817,1.0000,0.0000,1,0,0,0,0,4.3918
40.9007,-67.7228,0.0864,101.3147,19.9393,71.7814,19.9232,0.8015,0.3603,245.3994,-69.4035,-1.0000,1.0000,0.0000,-0.9998,-59.9459,0.7771,1.0000,0.0000,1,0,0,0,0,4.5019
40.9716,-69.0042,0.0864,100.7195,19.9669,71.8810,19.9508,0.8020,0.3905,240.0718,-75.2105,-1.0000,1.0000,0.0000,-0.9999,-59.9719,0.3660,1.0000,0.0000,1,0,0,0,0,4.8012
41.0303,-70.0268,0.0864,100.1438,19.9865,71.9514,19.9704,0.8026,0.3331,236.2625,-64.8263,-1.0000,1.0000,0.0000,-0.9999,-59.9868,0.2542,1.0000,0.0000,1,0,0,0,0,4.2179
41.0809,-70.8740,0.0864,99.5918,20.0019,72.0067,19.9856,0.8055,0.3036,233.2136,-60.2809,-1.0000,1.0000,0.0000,-1.0000,-59.9921,0.1047,1.0000,0.0000,1,0,0,0,0,3.9588
41.1373,-71.7718,0.0864,98.9209,19.8809,71.5711,19.8648,0.8000,-2.1449,228.6555,-80.7947,-1.0000,1.0000,0.0000,-1.0000,-59.9955,0.0609,1.0000,0.0000,1,0,0,0,0,5.0955
41.2059,-72.8003,0.0864,98.0262,19.9110,71.6797,19.9006,0.6439,0.4402,225.0373,-52.7847,1.0000,1.0000,0.0000,-0.4052,-59.9978,0.0336,1.0000,0.0000,1,0,0,0,0,3.4194
41.2615,-73.6028,0.0864,97.2615,19.9658,71.8770,19.9633,0.3162,0.9854,225.0295,-0.1405,1.0000,1.0000,0.0000,0.2197,-30.9080,523.1702,1.0000,0.0000,1,0,1,0,0,30.2454
41.3310,-74.5973,0.0864,96.2948,19.8922,71.6120,19.8873,0.4432,-1.0581,227.1787,30.9017,1.0000,1.0000,0.0000,0.6148,-0.4081,438.5339,1.0000,0.0000,1,0,1,0,0,32.0510
41.3876,-75.4155,0.0864,95.5213,19.9359,71.7692,19.9219,0.7467,0.7723,229.9278,48.6232,1.0000,1.0000,0.0000,0.7861,25.9135,465.5601,1.0000,0.0000,1,0,1,0,0,33.2631
41.4557,-76.4536,0.0864,94.6428,19.9692,71.8892,19.9541,0.7760,0.4888,233.8237,57.1551,1.0000,1.0000,0.0000,0.8944,38.7204,187.8804,1.0000,0.0000,1,0,1,0,0,33.7582
41.5118,-77.3552,0.0864,93.9760,19.9930,71.9746,19.9775,0.7868,0.4229,237.3435,62.7130,1.0000,1.0000,0.0000,0.9414,47.7049,160.0792,1.0000,0.0000,1,0,1,0,0,32.9676
41.5805,-78.5091,0.0864,93.2417,19.8752,71.5505,19.8593,0.7940,-1.7148,241.7155,63.6389,1.0000,1.0000,0.0000,0.9711,53.8017,88.7461,1.0000,0.0000,1,0,0,0,0,9.0651
41.6359,-79.4778,0.0864,92.7186,19.8959,71.6254,19.8799,0.7979,0.3754,245.4231,66.9657,1.0000,1.0000,0.0000,0.9839,56.3073,45.2547,1.0000,0.0000,1,0,0,0,0,6.8360
41.6916,-80.3054,0.0915,92.3945,10.1224,36.4405,10.1164,0.3474,-175.5694,254.1268,156.3498,1.0000,1.0000,0.0000,0.9911,58.1655,33.3813,1.0000,0.0000,1,0,0,0,1,31.0554
41.7476,-80.8751,0.0871,92.2887,10.2375,36.8551,10.2184,0.6253,2.0543,268.6565,259.1962,1.0000,1.0000,0.0000,0.9956,58.9404,13.8233,1.0000,0.0000,1,0,0,0,1,31.6842
41.8307,-81.7245,0.0864,92.2518,10.2496,36.8986,10.2310,0.6183,0.1456,273.0266,52.5859,1.0000,1.0000,0.0000,0.9981,59.4261,5.8442,1.0000,0.0000,1,0,0,0,0,4.1510
41.8864,-82.2042,0.0859,92.2694,7.5930,27.3347,7.5926,0.0705,-47.7101,274.1542,20.2513,1.0000,1.0000,0.0000,0.9989,59.7580,5.9605,1.0000,0.0000,1,0,0,0,0,1.5955
41.9424,-82.6166,0.0864,92.2994,7.3287,26.3833,7.3266,0.1733,-4.7173,275.9390,31.8584,1.0000,1.0000,0.0000,0.9994,59.8438,1.5319,1.0000,0.0000,1,0,0,0,0,2.2098
41.9973,-83.0188,0.0864,92.3348,7.3877,26.5957,7.3819,0.2911,1.0751,277.8029,33.9689,1.0000,1.0000,0.0000,0.9997,59.9224,1.4330,1.0000,0.0000,1,0,0,0,0,2.5578
42.0527,-83.4269,0.0864,92.3792,7.4439,26.7981,7.4353,0.3583,1.0157,279.6759,33.8364,1.0000,1.0000,0.0000,0.9998,59.9546,0.5811,1.0000,0.0000,1,0,0,0,0,2.6340
42.1245,-83.9590,0.0864,92.4534,7.5196,27.0707,7.5085,0.4087,1.0544,282.3124,36.7044,1.0000,1.0000,0.0000,0.9999,59.9734,0.2610,1.0000,0.0000,1,0,0,0,0,2.8689
42.1774,-84.3519,0.0864,92.5216,7.5620,27.2231,7.5500,0.4253,0.8004,283.8263,28.6249,1.0000,1.0000,0.0000,0.9999,59.9880,0.2770,1.0000,0.0000,1,0,0,0,0,2.4493
42.2332,-84.7671,0.0864,92.6069,7.6143,27.4114,7.6016,0.4398,0.9365,285.7259,34.0113,1.0000,1.0000,0.0000,1.0000,59.9928,0.0866,1.0000,0.0000,1,0,0,0,0,2.7607
42.3062,-85.3098,0.0864,92.7395,7.6868,27.6725,7.6734,0.4536,0.9933,288.3988,36.6101,1.0000,1.0000,0.0000,1.0000,59.9960,0.0435,1.0000,0.0000,1,0,0,0,0,2.9216
42.3716,-85.7940,0.0864,92.8789,7.7486,27.8951,7.7365,0.4328,0.9467,290.4638,31.6183,0.0000,1.0000,0.0000,0.7026,59.9981,0.0323,1.0000,0.0000,1,0,0,0,0,2.5963
42.4276,-86.2082,0.0864,93.0137,7.8023,28.0883,7.7947,0.3449,0.9579,291.4260,17.1709,0.0000,1.0000,0.0000,0.3901,48.0064,213.9937,1.0000,0.0000,1,0,1,0,0,31.6171
42.4859,-86.6383,0.0864,93.1661,7.8594,28.2938,7.8563,0.2213,0.9797,291.7199,5.0425,-1.0000,1.0000,0.0000,-0.0808,32.7375,261.9877,1.0000,0.0000,1,0,1,0,0,30.7026
42.5387,-87.0285,0.0864,93.3116,7.9197,28.5108,7.9195,0.0480,1.1417,291.0407,-12.8647,-1.0000,1.0000,0.0000,-0.4896,2.7150,568.6579,1.0000,0.0000,1,0,1,0,0,30.8056
42.5939,-87.4395,0.0864,93.4668,7.9811,28.7318,7.9803,0.1106,1.1105,289.7877,-22.6668,-1.0000,1.0000,0.0000,-0.7166,-18.6547,386.5791,1.0000,0.0000,1,0,1,0,0,31.4671
42.6499,-87.8598,0.0864,93.6221,8.0413,28.9486,8.0379,0.2347,1.0766,288.2106,-28.1961,-1.0000,1.0000,0.0000,-0.8426,-33.9682,273.7740,1.0000,0.0000,1,0,1,0,0,32.0043
42.7053,-88.2815,0.0864,93.7705,8.0994,29.1578,8.0941,0.2931,1.0484,286.6939,-27.3729,0.0000,1.0000,0.0000,-0.6152,-41.6576,138.7774,1.0000,0.0000,1,0,1,0,0,29.7734
42.7609,-88.7106,0.0864,93.9116,8.1572,29.3660,8.1532,0.2547,1.0405,285.8184,-15.7470,0.0000,1.0000,0.0000,-0.3416,-36.9514,84.6508,1.0000,0.0000,1,0,0,0,0,6.0461
42.8164,-89.1445,0.0864,94.0454,8.2163,29.5787,8.2141,0.1914,1.0650,285.3281,-8.8401,0.0000,1.0000,0.0000,-0.1897,-24.8083,218.9156,1.0000,0.0000,1,0,1,0,0,30.8405
42.8860,-89.6965,0.0864,94.2062,8.2886,29.8390,8.2877,0.1224,1.0379,285.0140,-4.5076,0.0000,1.0000,0.0000,-0.0936,-16.2005,123.5354,1.0000,0.0000,1,0,1,0,0,27.3349
42.9416,-90.1420,0.0864,94.3306,8.3497,30.0588,8.3493,0.0792,1.0980,284.8748,-2.5036,0.0000,1.0000,0.0000,-0.0520,-9.5699,119.2638,1.0000,0.0000,1,0,0,0,0,6.9071
42.9980,-90.5976,0.0864,94.4547,8.3647,30.1129,8.3646,0.0484,0.2666,284.7966,-1.3871,0.0000,0.0000,0.0000,-0.0289,-5.9368,64.4307,0.7903,0.0000,1,0,0,0,0,3.7433
43.0548,-91.0495,0.0864,94.5760,8.1108,29.1988,8.1107,0.0268,-4.4733,284.7567,-0.7016,0.0000,0.0000,0.0000,-0.0160,-3.4306,44.1524,0.4388,0.0000,1,0,0,0,0,2.5415
43.1084,-91.4578,0.0864,94.6844,7.6764,27.6351,7.6764,0.0126,-8.1071,284.7353,-0.3999,0.0000,0.0000,0.0000,-0.0089,-1.9531,27.5755,0.2437,0.0000,1,0,0,0,0,1.5788
43.1666,-91.8738,0.0864,94.7941,7.1416,25.7097,7.1416,0.0038,-9.1841,284.7223,-0.2238,0.0000,0.0000,0.0000,-0.0049,-1.1979,12.9694,0.1353,0.0000,1,0,0,0,0,0.7409
43.5242,-93.6323,0.0864,95.2531,2.9386,10.5791,2.9386,0.0080,-11.7540,284.6821,-0.1125,0.0000,0.0000,0.0000,-0.0001,-0.6443,1.5481,0.0028,0.0000,1,0,0,0,0,0.1333
